kuupäev;vooluhulk_m3s;veetase_cm;veetemp_c;valideeritud
1945-09-01;1,04;;;jah
1945-09-02;1,73;;;jah
1945-09-03;2,5;;;jah
1945-09-04;1,25;;;jah
1945-09-05;0,74;;;jah
1945-09-06;0,34;;;jah
1945-09-07;0,48;;;jah
1945-09-08;0,73;;;jah
1945-09-09;0,88;;;jah
1945-09-10;1,05;;;jah
1945-09-11;1,45;;;jah
1945-09-12;0,43;;;jah
1945-09-13;0,45;;;jah
1945-09-14;0,4;;;jah
1945-09-15;0,45;;;jah
1945-09-16;0,66;;;jah
1945-09-17;1,53;;;jah
1945-09-18;1,88;;;jah
1945-09-19;1,45;;;jah
1945-09-20;1,1;;;jah
1945-09-21;1,4;;;jah
1945-09-22;0,91;;;jah
1945-09-23;0,91;;;jah
1945-09-24;0,88;;;jah
1945-09-25;1,4;;;jah
1945-09-26;2,22;;;jah
1945-09-27;2,76;;;jah
1945-09-28;2,35;;;jah
1945-09-29;2,95;;;jah
1945-09-30;2,87;;;jah
1945-10-01;2,65;;;jah
1945-10-02;2,47;;;jah
1945-10-03;2,42;;;jah
1945-10-04;2,47;;;jah
1945-10-05;2,5;;;jah
1945-10-06;2,05;;;jah
1945-10-07;2,05;;;jah
1945-10-08;2,05;;;jah
1945-10-09;2,17;;;jah
1945-10-10;2,2;;;jah
1945-10-11;2,33;;;jah
1945-10-12;2,33;;;jah
1945-10-13;2,65;;;jah
1945-10-14;2,41;;;jah
1945-10-15;2,5;;;jah
1945-10-16;2,29;;;jah
1945-10-17;2,41;;;jah
1945-10-18;2,65;;;jah
1945-10-19;2,86;;;jah
1945-10-20;2,6;;;jah
1945-10-21;2,38;;;jah
1945-10-22;2,26;;;jah
1945-10-23;2,33;;;jah
1945-10-24;2,5;;;jah
1945-10-25;2,5;;;jah
1945-10-26;3,7;;;jah
1945-10-27;5,15;;;jah
1945-10-28;4,6;;;jah
1945-10-29;2,47;;;jah
1945-10-30;2,6;;;jah
1945-10-31;2,65;;;jah
1945-11-01;4,34;;;jah
1945-11-02;2,83;;;jah
1945-11-03;2,83;;;jah
1945-11-04;2,64;;;jah
1945-11-05;2,26;;;jah
1945-11-06;2,83;;;jah
1945-11-07;2,83;;;jah
1945-11-08;2,4;;;jah
1945-11-09;2,64;;;jah
1945-11-10;2,83;;;jah
1945-11-11;2,7;;;jah
1945-11-12;2,64;;;jah
1945-11-13;2,7;;;jah
1945-11-14;2,64;;;jah
1945-11-15;2,7;;;jah
1945-11-16;2,64;;;jah
1945-11-17;2,57;;;jah
1945-11-18;2,57;;;jah
1945-11-19;2,64;;;jah
1945-11-20;2,26;;;jah
1945-11-21;2,57;;;jah
1945-11-22;2,57;;;jah
1945-11-23;2,57;;;jah
1945-11-24;2,2;;;jah
1945-11-25;2,64;;;jah
1945-11-26;2,7;;;jah
1945-11-27;2,57;;;jah
1945-11-28;2,64;;;jah
1945-11-29;2,7;;;jah
1945-11-30;2,7;;;jah
1945-12-01;2,57;;;jah
1945-12-02;2,64;;;jah
1945-12-03;2,4;;;jah
1945-12-04;2,47;;;jah
1945-12-05;1,33;;;jah
1945-12-06;1,54;;;jah
1945-12-07;1,54;;;jah
1945-12-08;0,9;;;jah
1945-12-09;0,9;;;jah
1945-12-10;0,48;;;jah
1945-12-11;0,68;;;jah
1945-12-12;0,82;;;jah
1945-12-13;0,82;;;jah
1945-12-14;0,58;;;jah
1945-12-15;0,68;;;jah
1945-12-16;0,58;;;jah
1945-12-17;1,25;;;jah
1945-12-18;1,1;;;jah
1945-12-19;1,25;;;jah
1945-12-20;1,25;;;jah
1945-12-21;1,1;;;jah
1945-12-22;1,25;;;jah
1945-12-23;1,25;;;jah
1945-12-24;1,1;;;jah
1945-12-25;1,1;;;jah
1945-12-26;1,38;;;jah
1945-12-27;1,38;;;jah
1945-12-28;1,38;;;jah
1945-12-29;1,38;;;jah
1945-12-30;1,25;;;jah
1945-12-31;1,25;;;jah
1946-01-01;1,37;;;jah
1946-01-02;1,37;;;jah
1946-01-03;1,25;;;jah
1946-01-04;1,25;;;jah
1946-01-05;1,25;;;jah
1946-01-06;1,25;;;jah
1946-01-07;1,1;;;jah
1946-01-08;1,5;;;jah
1946-01-09;1,25;;;jah
1946-01-10;1,82;;;jah
1946-01-11;2,5;;;jah
1946-01-12;1,98;;;jah
1946-01-13;1,5;;;jah
1946-01-14;1,25;;;jah
1946-01-15;1,25;;;jah
1946-01-16;1,25;;;jah
1946-01-17;1,37;;;jah
1946-01-18;1,25;;;jah
1946-01-19;1,1;;;jah
1946-01-20;0,96;;;jah
1946-01-21;0,96;;;jah
1946-01-22;1,25;;;jah
1946-01-23;1,25;;;jah
1946-01-24;1,25;;;jah
1946-01-25;0,96;;;jah
1946-01-26;0,96;;;jah
1946-01-27;0,96;;;jah
1946-01-28;0,96;;;jah
1946-01-29;0,82;;;jah
1946-01-30;0,82;;;jah
1946-01-31;0,82;;;jah
1946-02-01;0,82;;;jah
1946-02-02;0,91;;;jah
1946-02-03;0,52;;;jah
1946-02-04;1,5;;;jah
1946-02-05;1,82;;;jah
1946-02-06;1,66;;;jah
1946-02-07;1,1;;;jah
1946-02-08;1,1;;;jah
1946-02-09;1,1;;;jah
1946-02-10;1,1;;;jah
1946-02-11;1,1;;;jah
1946-02-12;1,1;;;jah
1946-02-13;1,1;;;jah
1946-02-14;1,1;;;jah
1946-02-15;1,1;;;jah
1946-02-16;0,68;;;jah
1946-02-17;0,96;;;jah
1946-02-18;0,82;;;jah
1946-02-19;0,82;;;jah
1946-02-20;0,68;;;jah
1946-02-21;0,68;;;jah
1946-02-22;0,82;;;jah
1946-02-23;0,96;;;jah
1946-02-24;0,96;;;jah
1946-02-25;0,96;;;jah
1946-02-26;0,96;;;jah
1946-02-27;1,1;;;jah
1946-02-28;1,1;;;jah
1946-03-01;1,1;;;jah
1946-03-02;1,1;;;jah
1946-03-03;0,93;;;jah
1946-03-04;1,5;;;jah
1946-03-05;1,82;;;jah
1946-03-06;1,66;;;jah
1946-03-07;1,1;;;jah
1946-03-08;1,1;;;jah
1946-03-09;1,1;;;jah
1946-03-10;1,25;;;jah
1946-03-11;1,1;;;jah
1946-03-12;1,1;;;jah
1946-03-13;1,1;;;jah
1946-03-14;1,1;;;jah
1946-03-15;1,1;;;jah
1946-03-16;1,37;;;jah
1946-03-17;0,77;;;jah
1946-03-18;0,85;;;jah
1946-03-19;0,82;;;jah
1946-03-20;1,1;;;jah
1946-03-21;1,5;;;jah
1946-03-22;1,66;;;jah
1946-03-23;1,92;;;jah
1946-03-24;1,98;;;jah
1946-03-25;1,82;;;jah
1946-03-26;2,8;;;jah
1946-03-27;1,98;;;jah
1946-03-28;3,48;;;jah
1946-03-29;4,9;;;jah
1946-03-30;6,5;;;jah
1946-03-31;6,71;;;jah
1946-04-01;5,82;;;jah
1946-04-02;5,43;;;jah
1946-04-03;5,15;;;jah
1946-04-04;6,42;;;jah
1946-04-05;7,22;;;jah
1946-04-06;10,1;;;jah
1946-04-07;7,86;;;jah
1946-04-08;7,7;;;jah
1946-04-09;7,7;;;jah
1946-04-10;7,06;;;jah
1946-04-11;7,22;;;jah
1946-04-12;6,22;;;jah
1946-04-13;5,7;;;jah
1946-04-14;4,98;;;jah
1946-04-15;4,82;;;jah
1946-04-16;4,82;;;jah
1946-04-17;3,75;;;jah
1946-04-18;3,33;;;jah
1946-04-19;3,75;;;jah
1946-04-20;4,05;;;jah
1946-04-21;3,75;;;jah
1946-04-22;3,47;;;jah
1946-04-23;2,91;;;jah
1946-04-24;2,63;;;jah
1946-04-25;2,49;;;jah
1946-04-26;2,63;;;jah
1946-04-27;2,77;;;jah
1946-04-28;2,91;;;jah
1946-04-29;2,77;;;jah
1946-04-30;2,77;;;jah
1946-05-01;2,91;;;jah
1946-05-02;2,84;;;jah
1946-05-03;2,98;;;jah
1946-05-04;2,91;;;jah
1946-05-05;2,63;;;jah
1946-05-06;2,42;;;jah
1946-05-07;2,23;;;jah
1946-05-08;2,42;;;jah
1946-05-09;2,35;;;jah
1946-05-10;2,11;;;jah
1946-05-11;2,11;;;jah
1946-05-12;2,11;;;jah
1946-05-13;2;;;jah
1946-05-14;2,11;;;jah
1946-05-15;1,66;;;jah
1946-05-16;1,68;;;jah
1946-05-17;1,63;;;jah
1946-05-18;1,63;;;jah
1946-05-19;1,17;;;jah
1946-05-20;1,45;;;jah
1946-05-21;1,48;;;jah
1946-05-22;1,45;;;jah
1946-05-23;1,12;;;jah
1946-05-24;1,12;;;jah
1946-05-25;1,12;;;jah
1946-05-26;1;;;jah
1946-05-27;0,95;;;jah
1946-05-28;0,8;;;jah
1946-05-29;0,62;;;jah
1946-05-30;0,68;;;jah
1946-05-31;0,56;;;jah
1946-06-01;0,56;;;jah
1946-06-02;0,56;;;jah
1946-06-03;1,08;;;jah
1946-06-04;0,83;;;jah
1946-06-05;1,44;;;jah
1946-06-06;1,44;;;jah
1946-06-07;1,44;;;jah
1946-06-08;1,5;;;jah
1946-06-09;1,23;;;jah
1946-06-10;1,23;;;jah
1946-06-11;1,56;;;jah
1946-06-12;1,5;;;jah
1946-06-13;0,9;;;jah
1946-06-14;0,9;;;jah
1946-06-15;0,56;;;jah
1946-06-16;0,44;;;jah
1946-06-17;0,5;;;jah
1946-06-18;0,47;;;jah
1946-06-19;0,5;;;jah
1946-06-20;0,73;;;jah
1946-06-21;0,73;;;jah
1946-06-22;0,67;;;jah
1946-06-23;0,73;;;jah
1946-06-24;0,67;;;jah
1946-06-25;0,62;;;jah
1946-06-26;0,56;;;jah
1946-06-27;0,56;;;jah
1946-06-28;0,56;;;jah
1946-06-29;0,53;;;jah
1946-06-30;0,5;;;jah
1946-07-01;0,56;;;jah
1946-07-02;0,52;;;jah
1946-07-03;0,56;;;jah
1946-07-04;0,44;;;jah
1946-07-05;0,47;;;jah
1946-07-06;0,5;;;jah
1946-07-07;0,47;;;jah
1946-07-08;0,44;;;jah
1946-07-09;0,5;;;jah
1946-07-10;0,56;;;jah
1946-07-11;0,56;;;jah
1946-07-12;0,52;;;jah
1946-07-13;0,5;;;jah
1946-07-14;0,52;;;jah
1946-07-15;0,52;;;jah
1946-07-16;0,59;;;jah
1946-07-17;0,56;;;jah
1946-07-18;0,59;;;jah
1946-07-19;0,65;;;jah
1946-07-20;0,59;;;jah
1946-07-21;1,45;;;jah
1946-07-22;0,95;;;jah
1946-07-23;1,66;;;jah
1946-07-24;2,41;;;jah
1946-07-25;1,3;;;jah
1946-07-26;1,66;;;jah
1946-07-27;1,17;;;jah
1946-07-28;1,02;;;jah
1946-07-29;0,99;;;jah
1946-07-30;1,02;;;jah
1946-07-31;0,88;;;jah
1946-08-01;0,88;;;jah
1946-08-02;0,8;;;jah
1946-08-03;0,69;;;jah
1946-08-04;0,58;;;jah
1946-08-05;1;;;jah
1946-08-06;1,22;;;jah
1946-08-07;1,7;;;jah
1946-08-08;1,28;;;jah
1946-08-09;1,28;;;jah
1946-08-10;1,21;;;jah
1946-08-11;1;;;jah
1946-08-12;0,66;;;jah
1946-08-13;0,59;;;jah
1946-08-14;0,78;;;jah
1946-08-15;0,78;;;jah
1946-08-16;0,88;;;jah
1946-08-17;0,66;;;jah
1946-08-18;0,7;;;jah
1946-08-19;0,6;;;jah
1946-08-20;0,62;;;jah
1946-08-21;0,91;;;jah
1946-08-22;0,66;;;jah
1946-08-23;0,66;;;jah
1946-08-24;0,7;;;jah
1946-08-25;0,69;;;jah
1946-08-26;1,18;;;jah
1946-08-27;0,8;;;jah
1946-08-28;0,97;;;jah
1946-08-29;0,7;;;jah
1946-08-30;0,6;;;jah
1946-08-31;0,53;;;jah
1946-09-01;0,51;;;jah
1946-09-02;0,53;;;jah
1946-09-03;0,53;;;jah
1946-09-04;0,6;;;jah
1946-09-05;0,53;;;jah
1946-09-06;0,62;;;jah
1946-09-07;0,65;;;jah
1946-09-08;0,6;;;jah
1946-09-09;0,88;;;jah
1946-09-10;0,9;;;jah
1946-09-11;1;;;jah
1946-09-12;0,98;;;jah
1946-09-13;0,9;;;jah
1946-09-14;0,66;;;jah
1946-09-15;0,62;;;jah
1946-09-16;1,28;;;jah
1946-09-17;1,01;;;jah
1946-09-18;0,88;;;jah
1946-09-19;0,6;;;jah
1946-09-20;1,25;;;jah
1946-09-21;0,88;;;jah
1946-09-22;0,88;;;jah
1946-09-23;1,81;;;jah
1946-09-24;1,5;;;jah
1946-09-25;1,28;;;jah
1946-09-26;1,28;;;jah
1946-09-27;1,18;;;jah
1946-09-28;1,18;;;jah
1946-09-29;2,2;;;jah
1946-09-30;2,65;;;jah
1946-10-01;3,05;;;jah
1946-10-02;3,4;;;jah
1946-10-03;2,1;;;jah
1946-10-04;2,5;;;jah
1946-10-05;3,1;;;jah
1946-10-06;2,58;;;jah
1946-10-07;1,8;;;jah
1946-10-08;2,11;;;jah
1946-10-09;1,3;;;jah
1946-10-10;1,65;;;jah
1946-10-11;1,8;;;jah
1946-10-12;1,21;;;jah
1946-10-13;1,1;;;jah
1946-10-14;1,7;;;jah
1946-10-15;1,49;;;jah
1946-10-16;1,38;;;jah
1946-10-17;1,35;;;jah
1946-10-18;1,38;;;jah
1946-10-19;1,21;;;jah
1946-10-20;1,3;;;jah
1946-10-21;2,2;;;jah
1946-10-22;1,49;;;jah
1946-10-23;1,38;;;jah
1946-10-24;1,55;;;jah
1946-10-25;1,7;;;jah
1946-10-26;1,7;;;jah
1946-10-27;1,82;;;jah
1946-10-28;1,89;;;jah
1946-10-29;1,55;;;jah
1946-10-30;1,8;;;jah
1946-10-31;1,5;;;jah
1946-11-01;1,38;;;jah
1946-11-02;1,51;;;jah
1946-11-03;1,08;;;jah
1946-11-04;1,51;;;jah
1946-11-05;1,54;;;jah
1946-11-06;1,4;;;jah
1946-11-07;1,48;;;jah
1946-11-08;1,54;;;jah
1946-11-09;1,38;;;jah
1946-11-10;0,9;;;jah
1946-11-11;1,48;;;jah
1946-11-12;1,54;;;jah
1946-11-13;1,95;;;jah
1946-11-14;1,95;;;jah
1946-11-15;1,8;;;jah
1946-11-16;1,69;;;jah
1946-11-17;1,32;;;jah
1946-11-18;1,62;;;jah
1946-11-19;1,82;;;jah
1946-11-20;1,53;;;jah
1946-11-21;1,24;;;jah
1946-11-22;1,26;;;jah
1946-11-23;1,05;;;jah
1946-11-24;1,02;;;jah
1946-11-25;1,72;;;jah
1946-11-26;2,55;;;jah
1946-11-27;1,08;;;jah
1946-11-28;1,5;;;jah
1946-11-29;1,75;;;jah
1946-11-30;1,56;;;jah
1946-12-01;1,57;;;jah
1946-12-02;1,8;;;jah
1946-12-03;1,62;;;jah
1946-12-04;2,05;;;jah
1946-12-05;1,45;;;jah
1946-12-06;3,16;;;jah
1946-12-07;2,1;;;jah
1946-12-08;2,78;;;jah
1946-12-09;2,41;;;jah
1946-12-10;2,12;;;jah
1946-12-11;1,41;;;jah
1946-12-12;2,41;;;jah
1946-12-13;1,8;;;jah
1946-12-14;1,41;;;jah
1946-12-15;1,14;;;jah
1946-12-16;1,8;;;jah
1946-12-17;1,18;;;jah
1946-12-18;1,57;;;jah
1946-12-19;1,33;;;jah
1946-12-20;1,18;;;jah
1946-12-21;1,21;;;jah
1946-12-22;0,71;;;jah
1946-12-23;0,99;;;jah
1946-12-24;0,76;;;jah
1946-12-25;0,56;;;jah
1946-12-26;0,84;;;jah
1946-12-27;1,17;;;jah
1946-12-28;1,14;;;jah
1946-12-29;0,68;;;jah
1946-12-30;1,11;;;jah
1946-12-31;1,02;;;jah
1947-01-01;0,73;;;jah
1947-01-02;0,87;;;jah
1947-01-03;1,03;;;jah
1947-01-04;0,62;;;jah
1947-01-05;0,51;;;jah
1947-01-06;0,88;;;jah
1947-01-07;0,84;;;jah
1947-01-08;0,8;;;jah
1947-01-09;0,88;;;jah
1947-01-10;0,99;;;jah
1947-01-11;1,09;;;jah
1947-01-12;0,67;;;jah
1947-01-13;0,88;;;jah
1947-01-14;0,92;;;jah
1947-01-15;1,03;;;jah
1947-01-16;0,9;;;jah
1947-01-17;1,09;;;jah
1947-01-18;2,61;;;jah
1947-01-19;1,48;;;jah
1947-01-20;0,88;;;jah
1947-01-21;0,97;;;jah
1947-01-22;0,87;;;jah
1947-01-23;0,87;;;jah
1947-01-24;1,03;;;jah
1947-01-25;0,88;;;jah
1947-01-26;0,75;;;jah
1947-01-27;0,67;;;jah
1947-01-28;0,84;;;jah
1947-01-29;0,84;;;jah
1947-01-30;1,03;;;jah
1947-01-31;0,87;;;jah
1947-02-01;0,97;;;jah
1947-02-02;0,62;;;jah
1947-02-03;0,9;;;jah
1947-02-04;0,84;;;jah
1947-02-05;0,84;;;jah
1947-02-06;0,84;;;jah
1947-02-07;0,7;;;jah
1947-02-08;0,75;;;jah
1947-02-09;0,84;;;jah
1947-02-10;0,84;;;jah
1947-02-11;0,9;;;jah
1947-02-12;0,84;;;jah
1947-02-13;0,81;;;jah
1947-02-14;0,67;;;jah
1947-02-15;0,65;;;jah
1947-02-16;0,59;;;jah
1947-02-17;0,88;;;jah
1947-02-18;0,97;;;jah
1947-02-19;0,73;;;jah
1947-02-20;0,84;;;jah
1947-02-21;0,79;;;jah
1947-02-22;0,79;;;jah
1947-02-23;0,57;;;jah
1947-02-24;0,88;;;jah
1947-02-25;0,85;;;jah
1947-02-26;0,79;;;jah
1947-02-27;0,79;;;jah
1947-02-28;0,56;;;jah
1947-03-01;0,6;;;jah
1947-03-02;0,5;;;jah
1947-03-03;1,42;;;jah
1947-03-04;0,4;;;jah
1947-03-05;0,4;;;jah
1947-03-06;0,36;;;jah
1947-03-07;0,4;;;jah
1947-03-08;0,36;;;jah
1947-03-09;0,35;;;jah
1947-03-10;0,36;;;jah
1947-03-11;0,36;;;jah
1947-03-12;0,38;;;jah
1947-03-13;0,82;;;jah
1947-03-14;0,75;;;jah
1947-03-15;0,62;;;jah
1947-03-16;0,62;;;jah
1947-03-17;0,75;;;jah
1947-03-18;1,01;;;jah
1947-03-19;0,68;;;jah
1947-03-20;0,77;;;jah
1947-03-21;0,61;;;jah
1947-03-22;0,77;;;jah
1947-03-23;0,63;;;jah
1947-03-24;0,68;;;jah
1947-03-25;1,08;;;jah
1947-03-26;1,08;;;jah
1947-03-27;1,38;;;jah
1947-03-28;1,56;;;jah
1947-03-29;1,38;;;jah
1947-03-30;3,78;;;jah
1947-03-31;4,62;;;jah
1947-04-01;5,5;;;jah
1947-04-02;11,2;;;jah
1947-04-03;17,7;;;jah
1947-04-04;17,8;;;jah
1947-04-05;16,6;;;jah
1947-04-06;12,9;;;jah
1947-04-07;11,7;;;jah
1947-04-08;11,4;;;jah
1947-04-09;11,8;;;jah
1947-04-10;7,54;;;jah
1947-04-11;5,78;;;jah
1947-04-12;5,54;;;jah
1947-04-13;3,9;;;jah
1947-04-14;3,47;;;jah
1947-04-15;2,91;;;jah
1947-04-16;2,77;;;jah
1947-04-17;3,05;;;jah
1947-04-18;3,19;;;jah
1947-04-19;3,05;;;jah
1947-04-20;3,19;;;jah
1947-04-21;2,91;;;jah
1947-04-22;2,35;;;jah
1947-04-23;2,42;;;jah
1947-04-24;2,63;;;jah
1947-04-25;2,23;;;jah
1947-04-26;2,05;;;jah
1947-04-27;3,47;;;jah
1947-04-28;2,98;;;jah
1947-04-29;3,19;;;jah
1947-04-30;4,35;;;jah
1947-05-01;4,9;;;jah
1947-05-02;4,28;;;jah
1947-05-03;4,05;;;jah
1947-05-04;2,77;;;jah
1947-05-05;2,7;;;jah
1947-05-06;2,23;;;jah
1947-05-07;2,35;;;jah
1947-05-08;2,42;;;jah
1947-05-09;1,22;;;jah
1947-05-10;1,75;;;jah
1947-05-11;2,77;;;jah
1947-05-12;2,23;;;jah
1947-05-13;1,39;;;jah
1947-05-14;1,75;;;jah
1947-05-15;1,66;;;jah
1947-05-16;1,7;;;jah
1947-05-17;1,52;;;jah
1947-05-18;1,81;;;jah
1947-05-19;1,66;;;jah
1947-05-20;1,66;;;jah
1947-05-21;1,57;;;jah
1947-05-22;1,18;;;jah
1947-05-23;1,39;;;jah
1947-05-24;1,14;;;jah
1947-05-25;1,06;;;jah
1947-05-26;1,22;;;jah
1947-05-27;1,39;;;jah
1947-05-28;1,39;;;jah
1947-05-29;1,14;;;jah
1947-05-30;1,22;;;jah
1947-05-31;1,06;;;jah
1947-06-01;0,9;;;jah
1947-06-02;1,3;;;jah
1947-06-03;1,14;;;jah
1947-06-04;1,57;;;jah
1947-06-05;1,39;;;jah
1947-06-06;1,14;;;jah
1947-06-07;0,98;;;jah
1947-06-08;0,9;;;jah
1947-06-09;1,48;;;jah
1947-06-10;1,57;;;jah
1947-06-11;1,34;;;jah
1947-06-12;1,18;;;jah
1947-06-13;1,48;;;jah
1947-06-14;1,14;;;jah
1947-06-15;1,7;;;jah
1947-06-16;1,14;;;jah
1947-06-17;1,22;;;jah
1947-06-18;1,22;;;jah
1947-06-19;1,34;;;jah
1947-06-20;1,44;;;jah
1947-06-21;1,14;;;jah
1947-06-22;1,3;;;jah
1947-06-23;1,22;;;jah
1947-06-24;1,22;;;jah
1947-06-25;1,26;;;jah
1947-06-26;1,14;;;jah
1947-06-27;1,06;;;jah
1947-06-28;1,34;;;jah
1947-06-29;1,34;;;jah
1947-06-30;0,83;;;jah
1947-07-01;0,9;;;jah
1947-07-02;0,98;;;jah
1947-07-03;0,98;;;jah
1947-07-04;0,9;;;jah
1947-07-05;0,86;;;jah
1947-07-06;0,9;;;jah
1947-07-07;0,9;;;jah
1947-07-08;0,83;;;jah
1947-07-09;0,72;;;jah
1947-07-10;0,8;;;jah
1947-07-11;0,83;;;jah
1947-07-12;0,9;;;jah
1947-07-13;1,06;;;jah
1947-07-14;1,14;;;jah
1947-07-15;1,14;;;jah
1947-07-16;0,9;;;jah
1947-07-17;1,14;;;jah
1947-07-18;0,98;;;jah
1947-07-19;0,86;;;jah
1947-07-20;0,9;;;jah
1947-07-21;0,83;;;jah
1947-07-22;0,76;;;jah
1947-07-23;0,94;;;jah
1947-07-24;0,9;;;jah
1947-07-25;0,8;;;jah
1947-07-26;0,98;;;jah
1947-07-27;0,69;;;jah
1947-07-28;0,98;;;jah
1947-07-29;0,76;;;jah
1947-07-30;0,69;;;jah
1947-07-31;0,83;;;jah
1947-08-01;0,98;;;jah
1947-08-02;0,98;;;jah
1947-08-03;0,9;;;jah
1947-08-04;0,76;;;jah
1947-08-05;0,76;;;jah
1947-08-06;0,8;;;jah
1947-08-07;0,98;;;jah
1947-08-08;0,8;;;jah
1947-08-09;0,9;;;jah
1947-08-10;1,06;;;jah
1947-08-11;0,83;;;jah
1947-08-12;0,94;;;jah
1947-08-13;0,9;;;jah
1947-08-14;1,06;;;jah
1947-08-15;0,9;;;jah
1947-08-16;0,86;;;jah
1947-08-17;0,86;;;jah
1947-08-18;0,86;;;jah
1947-08-19;0,83;;;jah
1947-08-20;0,83;;;jah
1947-08-21;0,83;;;jah
1947-08-22;0,76;;;jah
1947-08-23;0,62;;;jah
1947-08-24;0,62;;;jah
1947-08-25;0,72;;;jah
1947-08-26;0,76;;;jah
1947-08-27;0,69;;;jah
1947-08-28;0,76;;;jah
1947-08-29;0,69;;;jah
1947-08-30;0,55;;;jah
1947-08-31;0,5;;;jah
1947-09-01;0,62;;;jah
1947-09-02;0,76;;;jah
1947-09-03;0,9;;;jah
1947-09-04;0,9;;;jah
1947-09-05;1,06;;;jah
1947-09-06;0,83;;;jah
1947-09-07;0,76;;;jah
1947-09-08;0,65;;;jah
1947-09-09;0,51;;;jah
1947-09-10;0,41;;;jah
1947-09-11;0,32;;;jah
1947-09-12;0,19;;;jah
1947-09-13;0,24;;;jah
1947-09-14;0,24;;;jah
1947-09-15;0,22;;;jah
1947-09-16;0,21;;;jah
1947-09-17;0,22;;;jah
1947-09-18;0,25;;;jah
1947-09-19;0,22;;;jah
1947-09-20;0,22;;;jah
1947-09-21;0,18;;;jah
1947-09-22;0,21;;;jah
1947-09-23;0,22;;;jah
1947-09-24;0,21;;;jah
1947-09-25;0,21;;;jah
1947-09-26;0,22;;;jah
1947-09-27;0,22;;;jah
1947-09-28;0,21;;;jah
1947-09-29;0,22;;;jah
1947-09-30;0,23;;;jah
1947-10-01;0,21;;;jah
1947-10-02;0,25;;;jah
1947-10-03;0,27;;;jah
1947-10-04;0,29;;;jah
1947-10-05;0,21;;;jah
1947-10-06;0,23;;;jah
1947-10-07;0,27;;;jah
1947-10-08;0,26;;;jah
1947-10-09;0,25;;;jah
1947-10-10;0,27;;;jah
1947-10-11;0,36;;;jah
1947-10-12;0,23;;;jah
1947-10-13;0,25;;;jah
1947-10-14;0,23;;;jah
1947-10-15;0,25;;;jah
1947-10-16;0,27;;;jah
1947-10-17;0,3;;;jah
1947-10-18;0,27;;;jah
1947-10-19;0,23;;;jah
1947-10-20;0,23;;;jah
1947-10-21;0,25;;;jah
1947-10-22;0,25;;;jah
1947-10-23;0,3;;;jah
1947-10-24;0,3;;;jah
1947-10-25;0,37;;;jah
1947-10-26;0,3;;;jah
1947-10-27;0,23;;;jah
1947-10-28;0,33;;;jah
1947-10-29;0,27;;;jah
1947-10-30;0,33;;;jah
1947-10-31;0,3;;;jah
1947-11-01;0,36;;;jah
1947-11-02;0,34;;;jah
1947-11-03;0,33;;;jah
1947-11-04;0,3;;;jah
1947-11-05;0,28;;;jah
1947-11-06;0,25;;;jah
1947-11-07;0,26;;;jah
1947-11-08;0,27;;;jah
1947-11-09;0,25;;;jah
1947-11-10;0,33;;;jah
1947-11-11;0,27;;;jah
1947-11-12;0,47;;;jah
1947-11-13;0,3;;;jah
1947-11-14;0,25;;;jah
1947-11-15;0,25;;;jah
1947-11-16;0,24;;;jah
1947-11-17;0,27;;;jah
1947-11-18;0,33;;;jah
1947-11-19;0,33;;;jah
1947-11-20;0,27;;;jah
1947-11-21;0,3;;;jah
1947-11-22;0,33;;;jah
1947-11-23;0,38;;;jah
1947-11-24;0,43;;;jah
1947-11-25;0,48;;;jah
1947-11-26;0,52;;;jah
1947-11-27;0,57;;;jah
1947-11-28;0,62;;;jah
1947-11-29;0,66;;;jah
1947-11-30;0,6;;;jah
1947-12-01;0,66;;;jah
1947-12-02;1,21;;;jah
1947-12-03;1,42;;;jah
1947-12-04;1,14;;;jah
1947-12-05;0,84;;;jah
1947-12-06;0,92;;;jah
1947-12-07;0,84;;;jah
1947-12-08;0,84;;;jah
1947-12-09;0,96;;;jah
1947-12-10;0,84;;;jah
1947-12-11;0,84;;;jah
1947-12-12;1,06;;;jah
1947-12-13;0,84;;;jah
1947-12-14;0,79;;;jah
1947-12-15;0,84;;;jah
1947-12-16;0,88;;;jah
1947-12-17;1;;;jah
1947-12-18;0,99;;;jah
1947-12-19;0,97;;;jah
1947-12-20;0,75;;;jah
1947-12-21;0,93;;;jah
1947-12-22;0,93;;;jah
1947-12-23;0,9;;;jah
1947-12-24;0,85;;;jah
1947-12-25;0,78;;;jah
1947-12-26;0,85;;;jah
1947-12-27;0,73;;;jah
1947-12-28;0,8;;;jah
1947-12-29;0,9;;;jah
1947-12-30;0,84;;;jah
1947-12-31;0,78;;;jah
1948-01-01;0,67;;;jah
1948-01-02;0,78;;;jah
1948-01-03;0,85;;;jah
1948-01-04;0,73;;;jah
1948-01-05;0,85;;;jah
1948-01-06;0,97;;;jah
1948-01-07;0,97;;;jah
1948-01-08;0,88;;;jah
1948-01-09;1,04;;;jah
1948-01-10;0,84;;;jah
1948-01-11;0,62;;;jah
1948-01-12;0,67;;;jah
1948-01-13;0,78;;;jah
1948-01-14;0,85;;;jah
1948-01-15;0,87;;;jah
1948-01-16;0,85;;;jah
1948-01-17;0,92;;;jah
1948-01-18;0,73;;;jah
1948-01-19;0,81;;;jah
1948-01-20;0,85;;;jah
1948-01-21;0,9;;;jah
1948-01-22;0,78;;;jah
1948-01-23;0,97;;;jah
1948-01-24;0,85;;;jah
1948-01-25;0,64;;;jah
1948-01-26;0,88;;;jah
1948-01-27;0,88;;;jah
1948-01-28;0,88;;;jah
1948-01-29;0,85;;;jah
1948-01-30;0,88;;;jah
1948-01-31;0,97;;;jah
1948-02-01;0,67;;;jah
1948-02-02;0,88;;;jah
1948-02-03;1,13;;;jah
1948-02-04;1,54;;;jah
1948-02-05;1,26;;;jah
1948-02-06;1,06;;;jah
1948-02-07;0,95;;;jah
1948-02-08;0,95;;;jah
1948-02-09;0,98;;;jah
1948-02-10;0,88;;;jah
1948-02-11;0,83;;;jah
1948-02-12;0,88;;;jah
1948-02-13;0,88;;;jah
1948-02-14;0,87;;;jah
1948-02-15;0,7;;;jah
1948-02-16;1,13;;;jah
1948-02-17;0,7;;;jah
1948-02-18;0,62;;;jah
1948-02-19;0,62;;;jah
1948-02-20;0,65;;;jah
1948-02-21;0,62;;;jah
1948-02-22;0,59;;;jah
1948-02-23;0,62;;;jah
1948-02-24;0,78;;;jah
1948-02-25;0,8;;;jah
1948-02-26;0,73;;;jah
1948-02-27;0,73;;;jah
1948-02-28;0,66;;;jah
1948-02-29;0,73;;;jah
1948-03-01;0,57;;;jah
1948-03-02;0,65;;;jah
1948-03-03;0,57;;;jah
1948-03-04;0,62;;;jah
1948-03-05;0,67;;;jah
1948-03-06;0,57;;;jah
1948-03-07;0,59;;;jah
1948-03-08;0,73;;;jah
1948-03-09;1,13;;;jah
1948-03-10;0,85;;;jah
1948-03-11;0,78;;;jah
1948-03-12;0,73;;;jah
1948-03-13;0,78;;;jah
1948-03-14;0,87;;;jah
1948-03-15;0,8;;;jah
1948-03-16;0,78;;;jah
1948-03-17;0,75;;;jah
1948-03-18;0,73;;;jah
1948-03-19;0,67;;;jah
1948-03-20;0,67;;;jah
1948-03-21;0,67;;;jah
1948-03-22;0,78;;;jah
1948-03-23;1,03;;;jah
1948-03-24;1,13;;;jah
1948-03-25;1,09;;;jah
1948-03-26;0,9;;;jah
1948-03-27;0,96;;;jah
1948-03-28;0,96;;;jah
1948-03-29;0,99;;;jah
1948-03-30;1,04;;;jah
1948-03-31;1,46;;;jah
1948-04-01;2,02;;;jah
1948-04-02;3,5;;;jah
1948-04-03;3,6;;;jah
1948-04-04;4,55;;;jah
1948-04-05;4,22;;;jah
1948-04-06;3,45;;;jah
1948-04-07;3,55;;;jah
1948-04-08;3,65;;;jah
1948-04-09;3,36;;;jah
1948-04-10;4,22;;;jah
1948-04-11;4,2;;;jah
1948-04-12;3,7;;;jah
1948-04-13;3,92;;;jah
1948-04-14;3,48;;;jah
1948-04-15;2,73;;;jah
1948-04-16;4,3;;;jah
1948-04-17;2,27;;;jah
1948-04-18;2,16;;;jah
1948-04-19;2,55;;;jah
1948-04-20;1,87;;;jah
1948-04-21;1,8;;;jah
1948-04-22;2,16;;;jah
1948-04-23;2,2;;;jah
1948-04-24;1,83;;;jah
1948-04-25;1,6;;;jah
1948-04-26;1,71;;;jah
1948-04-27;1,71;;;jah
1948-04-28;2,11;;;jah
1948-04-29;1,6;;;jah
1948-04-30;1,26;;;jah
1948-05-01;1,66;;;jah
1948-05-02;1,44;;;jah
1948-05-03;1,75;;;jah
1948-05-04;1,34;;;jah
1948-05-05;1,7;;;jah
1948-05-06;1,52;;;jah
1948-05-07;1,57;;;jah
1948-05-08;1,99;;;jah
1948-05-09;1,66;;;jah
1948-05-10;1,66;;;jah
1948-05-11;2,23;;;jah
1948-05-12;1,57;;;jah
1948-05-13;1,81;;;jah
1948-05-14;1,81;;;jah
1948-05-15;1,66;;;jah
1948-05-16;1,66;;;jah
1948-05-17;1,7;;;jah
1948-05-18;1,87;;;jah
1948-05-19;1,75;;;jah
1948-05-20;1,87;;;jah
1948-05-21;1,6;;;jah
1948-05-22;1,35;;;jah
1948-05-23;1,21;;;jah
1948-05-24;1,35;;;jah
1948-05-25;1,45;;;jah
1948-05-26;1,06;;;jah
1948-05-27;0,92;;;jah
1948-05-28;1;;;jah
1948-05-29;0,97;;;jah
1948-05-30;0,75;;;jah
1948-05-31;0,78;;;jah
1948-06-01;0,73;;;jah
1948-06-02;0,78;;;jah
1948-06-03;0,78;;;jah
1948-06-04;0,78;;;jah
1948-06-05;0,73;;;jah
1948-06-06;0,73;;;jah
1948-06-07;0,84;;;jah
1948-06-08;0,78;;;jah
1948-06-09;0,84;;;jah
1948-06-10;0,95;;;jah
1948-06-11;0,89;;;jah
1948-06-12;0,73;;;jah
1948-06-13;0,62;;;jah
1948-06-14;0,57;;;jah
1948-06-15;0,73;;;jah
1948-06-16;0,78;;;jah
1948-06-17;0,78;;;jah
1948-06-18;0,65;;;jah
1948-06-19;0,68;;;jah
1948-06-20;0,62;;;jah
1948-06-21;0,62;;;jah
1948-06-22;0,62;;;jah
1948-06-23;0,68;;;jah
1948-06-24;0,78;;;jah
1948-06-25;0,62;;;jah
1948-06-26;0,62;;;jah
1948-06-27;0,62;;;jah
1948-06-28;0,68;;;jah
1948-06-29;0,68;;;jah
1948-06-30;0,84;;;jah
1948-07-01;0,7;;;jah
1948-07-02;0,78;;;jah
1948-07-03;0,89;;;jah
1948-07-04;0,81;;;jah
1948-07-05;0,73;;;jah
1948-07-06;0,84;;;jah
1948-07-07;0,68;;;jah
1948-07-08;0,62;;;jah
1948-07-09;0,68;;;jah
1948-07-10;0,75;;;jah
1948-07-11;0,98;;;jah
1948-07-12;0,73;;;jah
1948-07-13;0,62;;;jah
1948-07-14;0,89;;;jah
1948-07-15;0,84;;;jah
1948-07-16;0,89;;;jah
1948-07-17;0,79;;;jah
1948-07-18;0,89;;;jah
1948-07-19;0,78;;;jah
1948-07-20;0,67;;;jah
1948-07-21;0,73;;;jah
1948-07-22;0,73;;;jah
1948-07-23;0,7;;;jah
1948-07-24;0,62;;;jah
1948-07-25;0,64;;;jah
1948-07-26;0,59;;;jah
1948-07-27;0,62;;;jah
1948-07-28;0,59;;;jah
1948-07-29;0,62;;;jah
1948-07-30;0,67;;;jah
1948-07-31;0,73;;;jah
1948-08-01;0,68;;;jah
1948-08-02;0,47;;;jah
1948-08-03;0,52;;;jah
1948-08-04;0,59;;;jah
1948-08-05;0,57;;;jah
1948-08-06;0,57;;;jah
1948-08-07;0,62;;;jah
1948-08-08;0,7;;;jah
1948-08-09;0,62;;;jah
1948-08-10;0,74;;;jah
1948-08-11;0,74;;;jah
1948-08-12;0,89;;;jah
1948-08-13;0,95;;;jah
1948-08-14;0,62;;;jah
1948-08-15;2;;;jah
1948-08-16;11,3;;;jah
1948-08-17;10,3;;;jah
1948-08-18;6,15;;;jah
1948-08-19;4;;;jah
1948-08-20;2,2;;;jah
1948-08-21;1,54;;;jah
1948-08-22;1,35;;;jah
1948-08-23;1,17;;;jah
1948-08-24;0,95;;;jah
1948-08-25;1,03;;;jah
1948-08-26;1,06;;;jah
1948-08-27;1,17;;;jah
1948-08-28;1,09;;;jah
1948-08-29;1,42;121;;jah
1948-08-30;1,47;122;;jah
1948-08-31;1,47;122;;jah
1948-09-01;0,8;108;;jah
1948-09-02;1,03;114;;jah
1948-09-03;1,15;117;;jah
1948-09-04;0,94;112;;jah
1948-09-05;0,68;104;;jah
1948-09-06;0,87;110;;jah
1948-09-07;0,8;108;;jah
1948-09-08;0,83;109;;jah
1948-09-09;0,56;100;;jah
1948-09-10;0,65;103;;jah
1948-09-11;0,7;105;;jah
1948-09-12;0,52;99;;jah
1948-09-13;0,82;112;;jah
1948-09-14;0,63;104;;jah
1948-09-15;0,67;106;;jah
1948-09-16;0,57;101;;jah
1948-09-17;0,7;107;;jah
1948-09-18;0,7;107;;jah
1948-09-19;0,63;104;;jah
1948-09-20;0,98;118;;jah
1948-09-21;1,06;120;;jah
1948-09-22;0,98;118;;jah
1948-09-23;1,22;124;;jah
1948-09-24;1,39;128;;jah
1948-09-25;1,09;121;;jah
1948-09-26;1,8;136;;jah
1948-09-27;1,32;126;;jah
1948-09-28;1,36;127;;jah
1948-09-29;1,39;128;;jah
1948-09-30;0,93;118;;jah
1948-10-01;0,98;118;;jah
1948-10-02;1,03;119;;jah
1948-10-03;1,31;126;;jah
1948-10-04;1,34;127;;jah
1948-10-05;1,51;131;;jah
1948-10-06;2,05;141;;jah
1948-10-07;1,31;126;;jah
1948-10-08;1,09;121;;jah
1948-10-09;0,96;117;;jah
1948-10-10;1,31;126;;jah
1948-10-11;1,13;122;;jah
1948-10-12;1,13;122;;jah
1948-10-13;0,93;116;;jah
1948-10-14;0,87;114;;jah
1948-10-15;0,82;112;;jah
1948-10-16;0,63;104;;jah
1948-10-17;0,68;106;;jah
1948-10-18;0,9;115;;jah
1948-10-19;0,63;104;;jah
1948-10-20;0,75;109;;jah
1948-10-21;0,89;114;;jah
1948-10-22;0,89;114;;jah
1948-10-23;0,97;118;;jah
1948-10-24;3,5;162;;jah
1948-10-25;6,1;197;;jah
1948-10-26;4,7;178;;jah
1948-10-27;3,15;158;;jah
1948-10-28;2,6;150;;jah
1948-10-29;1,9;138;;jah
1948-10-30;2;140;;jah
1948-10-31;1,9;138;;jah
1948-11-01;2,1;142;;jah
1948-11-02;1,13;122;;jah
1948-11-03;1,43;129;;jah
1948-11-04;1,32;126;;jah
1948-11-05;1,4;128;;jah
1948-11-06;3,96;169;;jah
1948-11-07;4,7;178;;jah
1948-11-08;5,85;193;;jah
1948-11-09;2,93;155;;jah
1948-11-10;2,93;155;;jah
1948-11-11;2,6;150;;jah
1948-11-12;1,66;134;;jah
1948-11-13;0,93;116;;jah
1948-11-14;1,79;136;;jah
1948-11-15;1,06;120;;jah
1948-11-16;1,13;122;;jah
1948-11-17;1,31;126;;jah
1948-11-18;3,3;155;;jah
1948-11-19;5,3;170;;jah
1948-11-20;5,46;172;;jah
1948-11-21;4,66;162;;jah
1948-11-22;3,75;150;;jah
1948-11-23;3,33;144;;jah
1948-11-24;3,61;148;;jah
1948-11-25;2,77;136;;jah
1948-11-26;2,35;130;;jah
1948-11-27;2,35;130;;jah
1948-11-28;2,77;136;;jah
1948-11-29;2,77;136;;jah
1948-11-30;2,91;138;;jah
1948-12-01;2,77;136;;jah
1948-12-02;2,77;136;;jah
1948-12-03;3,05;140;;jah
1948-12-04;3,19;142;;jah
1948-12-05;2,77;136;;jah
1948-12-06;2,98;139;;jah
1948-12-07;2,77;136;;jah
1948-12-08;2,77;136;;jah
1948-12-09;2,84;137;;jah
1948-12-10;2,56;133;;jah
1948-12-11;1,99;124;;jah
1948-12-12;2,63;134;;jah
1948-12-13;1,64;125;;jah
1948-12-14;1,5;123;;jah
1948-12-15;1,1;116;;jah
1948-12-16;1,33;120;;jah
1948-12-17;2,13;132;;jah
1948-12-18;1,7;126;;jah
1948-12-19;0,83;109;;jah
1948-12-20;1,99;130;;jah
1948-12-21;1,99;130;;jah
1948-12-22;1,7;126;;jah
1948-12-23;1,4;121;;jah
1948-12-24;1,07;115;;jah
1948-12-25;0,87;110;;jah
1948-12-26;0,87;110;;jah
1948-12-27;1,99;130;;jah
1948-12-28;2,16;133;;jah
1948-12-29;1,99;130;;jah
1948-12-30;1,7;126;;jah
1948-12-31;1,11;116;;jah
1949-01-01;1,42;122;;jah
1949-01-02;1,3;119;;jah
1949-01-03;1,95;133;;jah
1949-01-04;1,78;129;;jah
1949-01-05;1,62;126;;jah
1949-01-06;1,62;126;;jah
1949-01-07;1,56;124;;jah
1949-01-08;1,58;125;;jah
1949-01-09;2,63;144;;jah
1949-01-10;1,95;133;;jah
1949-01-11;1,88;131;;jah
1949-01-12;1,65;127;;jah
1949-01-13;1,8;130;;jah
1949-01-14;2,12;136;;jah
1949-01-15;1,65;127;;jah
1949-01-16;1,28;118;;jah
1949-01-17;1,63;126;;jah
1949-01-18;1,8;130;;jah
1949-01-19;1,65;127;;jah
1949-01-20;1,8;130;;jah
1949-01-21;1,8;130;;jah
1949-01-22;0,9;109;;jah
1949-01-23;1,62;126;;jah
1949-01-24;1,95;132;;jah
1949-01-25;1,8;130;;jah
1949-01-26;1,56;124;;jah
1949-01-27;1,35;120;;jah
1949-01-28;1,42;122;;jah
1949-01-29;1,72;128;;jah
1949-01-30;1,62;126;;jah
1949-01-31;1,65;127;;jah
1949-02-01;2,35;140;;jah
1949-02-02;1,89;132;;jah
1949-02-03;2,3;139;;jah
1949-02-04;1,89;132;;jah
1949-02-05;1,55;124;;jah
1949-02-06;1,42;122;;jah
1949-02-07;1,8;130;;jah
1949-02-08;1,89;132;;jah
1949-02-09;1,72;128;;jah
1949-02-10;1,62;126;;jah
1949-02-11;1,5;123;;jah
1949-02-12;1,18;116;;jah
1949-02-13;1,01;112;;jah
1949-02-14;1,3;119;;jah
1949-02-15;1,39;120;;jah
1949-02-16;1,55;124;;jah
1949-02-17;1,42;122;;jah
1949-02-18;5,37;182;;jah
1949-02-19;3,68;159;;jah
1949-02-20;3,25;153;;jah
1949-02-21;2,38;141;;jah
1949-02-22;3,75;160;;jah
1949-02-23;9,25;224;;jah
1949-02-24;10,5;237;;jah
1949-02-25;5,15;179;;jah
1949-02-26;3,6;158;;jah
1949-02-27;2,9;148;;jah
1949-02-28;2,75;146;;jah
1949-03-01;2,02;135;;jah
1949-03-02;1,75;130;;jah
1949-03-03;1,42;120;;jah
1949-03-04;1,61;126;;jah
1949-03-05;1,45;122;;jah
1949-03-06;1,43;123;;jah
1949-03-07;1,4;121;;jah
1949-03-08;1,35;120;;jah
1949-03-09;1,35;120;;jah
1949-03-10;1,35;118;;jah
1949-03-11;1,21;116;;jah
1949-03-12;1,21;116;;jah
1949-03-13;1,15;114;;jah
1949-03-14;1,05;112;;jah
1949-03-15;1,38;118;;jah
1949-03-16;1,38;118;;jah
1949-03-17;1,21;116;;jah
1949-03-18;1,23;117;;jah
1949-03-19;0,91;110;;jah
1949-03-20;0,93;111;;jah
1949-03-21;1,25;116;;jah
1949-03-22;1,12;114;;jah
1949-03-23;1,1;113;;jah
1949-03-24;1,02;112;;jah
1949-03-25;1,12;114;;jah
1949-03-26;2,75;139;;jah
1949-03-27;3,88;152;;jah
1949-03-28;4,66;162;;jah
1949-03-29;3,75;150;;jah
1949-03-30;6,74;188;;jah
1949-03-31;7,86;202;;jah
1949-04-01;8,84;214;;jah
1949-04-02;7,62;199;;jah
1949-04-03;6,1;180;;jah
1949-04-04;6,58;186;;jah
1949-04-05;8,02;204;;jah
1949-04-06;8,18;266;;jah
1949-04-07;16,9;299;;jah
1949-04-08;12;250;;jah
1949-04-09;17,8;307;;jah
1949-04-10;17,2;302;;jah
1949-04-11;13,2;263;;jah
1949-04-12;10,6;234;;jah
1949-04-13;8,58;210;;jah
1949-04-14;6,9;190;;jah
1949-04-15;6,74;188;;jah
1949-04-16;4,82;164;;jah
1949-04-17;4,66;162;;jah
1949-04-18;4,5;160;;jah
1949-04-19;4,82;164;;jah
1949-04-20;4,42;159;;jah
1949-04-21;4,35;158;;jah
1949-04-22;4,58;161;;jah
1949-04-23;4,2;156;;jah
1949-04-24;4,12;155;;jah
1949-04-25;4,2;156;;jah
1949-04-26;4,05;154;;jah
1949-04-27;3,19;142;;jah
1949-04-28;3,05;140;;jah
1949-04-29;2,77;136;;jah
1949-04-30;2,56;133;;jah
1949-05-01;2,49;132;;jah
1949-05-02;2,49;132;;jah
1949-05-03;1,66;118;;jah
1949-05-04;1,22;108;;jah
1949-05-05;1,62;117;;jah
1949-05-06;2,11;126;;jah
1949-05-07;1,57;116;;jah
1949-05-08;1,62;117;;jah
1949-05-09;1,39;112;;jah
1949-05-10;1,14;106;;jah
1949-05-11;1,48;114;;jah
1949-05-12;1,3;110;;jah
1949-05-13;1,34;111;;jah
1949-05-14;1,3;110;;jah
1949-05-15;1,48;114;;jah
1949-05-16;1,3;110;;jah
1949-05-17;1,39;112;;jah
1949-05-18;1,14;106;;jah
1949-05-19;1,99;124;;jah
1949-05-20;1,39;112;;jah
1949-05-21;1,18;107;;jah
1949-05-22;1,14;106;;jah
1949-05-23;1,22;108;;jah
1949-05-24;1,22;108;;jah
1949-05-25;1,22;108;;jah
1949-05-26;1,14;106;;jah
1949-05-27;1,1;105;;jah
1949-05-28;1,1;105;;jah
1949-05-29;1,1;105;;jah
1949-05-30;1,3;110;;jah
1949-05-31;0,98;102;;jah
1949-06-01;0,93;110;;jah
1949-06-02;0,8;108;;jah
1949-06-03;1,08;112;;jah
1949-06-04;0,69;104;;jah
1949-06-05;0,69;104;;jah
1949-06-06;0,76;106;;jah
1949-06-07;0,58;102;;jah
1949-06-08;0,58;102;;jah
1949-06-09;0,69;104;;jah
1949-06-10;0,62;103;;jah
1949-06-11;0,62;104;;jah
1949-06-12;0,74;105;;jah
1949-06-13;1,2;115;;jah
1949-06-14;1,02;112;;jah
1949-06-15;0,88;109;;jah
1949-06-16;0,98;110;;jah
1949-06-17;3,65;151;;jah
1949-06-18;7,9;202;;jah
1949-06-19;9,62;223;;jah
1949-06-20;10,6;234;;jah
1949-06-21;7,45;196;;jah
1949-06-22;6,95;190;;jah
1949-06-23;5;166;;jah
1949-06-24;3,2;143;;jah
1949-06-25;3;140;;jah
1949-06-26;2,55;134;;jah
1949-06-27;2,3;130;;jah
1949-06-28;1,75;125;;jah
1949-06-29;1,6;124;;jah
1949-06-30;2,31;132;;jah
1949-07-01;1,8;130;;jah
1949-07-02;1,45;120;;jah
1949-07-03;1,7;128;;jah
1949-07-04;1,42;120;;jah
1949-07-05;1,35;118;;jah
1949-07-06;1,25;116;;jah
1949-07-07;1,4;118;;jah
1949-07-08;2,9;153;;jah
1949-07-09;3,7;162;;jah
1949-07-10;2,17;138;;jah
1949-07-11;1,8;130;;jah
1949-07-12;1,6;124;;jah
1949-07-13;1,65;126;;jah
1949-07-14;1,45;122;;jah
1949-07-15;1,25;116;;jah
1949-07-16;1,15;114;;jah
1949-07-17;1,15;114;;jah
1949-07-18;0,89;109;;jah
1949-07-19;0,9;112;;jah
1949-07-20;0,65;106;;jah
1949-07-21;1,02;114;;jah
1949-07-22;0,8;110;;jah
1949-07-23;0,7;109;;jah
1949-07-24;1,02;114;;jah
1949-07-25;0,7;109;;jah
1949-07-26;0,69;108;;jah
1949-07-27;0,68;107;;jah
1949-07-28;0,8;110;;jah
1949-07-29;1,3;118;;jah
1949-07-30;1,3;118;;jah
1949-07-31;1,2;117;;jah
1949-08-01;0,9;112;;jah
1949-08-02;1,45;122;;jah
1949-08-03;1,65;126;;jah
1949-08-04;1,9;133;;jah
1949-08-05;2,9;149;;jah
1949-08-06;4,77;176;;jah
1949-08-07;3,53;158;;jah
1949-08-08;3,8;161;;jah
1949-08-09;2,69;145;;jah
1949-08-10;1,8;126;;jah
1949-08-11;1,95;134;;jah
1949-08-12;2,1;136;;jah
1949-08-13;1,85;131;;jah
1949-08-14;1,9;132;;jah
1949-08-15;1,6;124;;jah
1949-08-16;0,55;106;;jah
1949-08-17;0,52;105;;jah
1949-08-18;0,55;103;;jah
1949-08-19;0,82;114;;jah
1949-08-20;0,6;109;;jah
1949-08-21;0,9;117;;jah
1949-08-22;0,82;115;;jah
1949-08-23;2,1;136;;jah
1949-08-24;2,15;137;;jah
1949-08-25;2,45;142;;jah
1949-08-26;2,2;138;;jah
1949-08-27;1,55;124;;jah
1949-08-28;1,7;127;;jah
1949-08-29;1,55;124;;jah
1949-08-30;1,6;125;;jah
1949-08-31;0,8;119;;jah
1949-09-01;0,7;118;;jah
1949-09-02;0,82;120;;jah
1949-09-03;0,68;116;;jah
1949-09-04;0,69;117;;jah
1949-09-05;1,18;126;;jah
1949-09-06;0,48;109;;jah
1949-09-07;0,92;122;;jah
1949-09-08;0,51;112;;jah
1949-09-09;0,45;108;;jah
1949-09-10;0,4;106;;jah
1949-09-11;0,4;106;;jah
1949-09-12;0,5;111;;jah
1949-09-13;0,37;104;;jah
1949-09-14;0,45;108;;jah
1949-09-15;0,42;107;;jah
1949-09-16;0,4;106;;jah
1949-09-17;0,4;106;;jah
1949-09-18;0,5;110;;jah
1949-09-19;0,5;110;;jah
1949-09-20;0,5;110;;jah
1949-09-21;0,3;100;;jah
1949-09-22;0,3;102;;jah
1949-09-23;0,48;109;;jah
1949-09-24;0,3;100;;jah
1949-09-25;0,3;100;;jah
1949-09-26;0,65;104;;jah
1949-09-27;0,85;112;;jah
1949-09-28;1,02;117;;jah
1949-09-29;1;116;;jah
1949-09-30;0,8;111;;jah
1949-10-01;0,8;110;;jah
1949-10-02;0,65;104;;jah
1949-10-03;0,7;108;;jah
1949-10-04;1,15;120;;jah
1949-10-05;1;116;;jah
1949-10-06;1,42;126;;jah
1949-10-07;1,05;118;;jah
1949-10-08;0,55;113;;jah
1949-10-09;1,32;124;;jah
1949-10-10;1;116;;jah
1949-10-11;1,32;124;;jah
1949-10-12;1,22;122;;jah
1949-10-13;1,12;120;;jah
1949-10-14;1,32;124;;jah
1949-10-15;1,42;126;;jah
1949-10-16;0,72;108;;jah
1949-10-17;1,39;125;;jah
1949-10-18;1,29;123;;jah
1949-10-19;1,15;120;;jah
1949-10-20;0,9;114;;jah
1949-10-21;0,8;110;;jah
1949-10-22;0,9;114;;jah
1949-10-23;0,72;108;;jah
1949-10-24;1;116;;jah
1949-10-25;0,8;110;;jah
1949-10-26;1,29;123;;jah
1949-10-27;1,6;130;;jah
1949-10-28;2,1;137;;jah
1949-10-29;2,2;138;;jah
1949-10-30;1,35;116;;jah
1949-10-31;2,1;132;;jah
1949-11-01;1,55;122;;jah
1949-11-02;1,4;117;;jah
1949-11-03;1,3;115;;jah
1949-11-04;1,8;126;;jah
1949-11-05;1,26;114;;jah
1949-11-06;1,55;120;;jah
1949-11-07;1,1;122;;jah
1949-11-08;1,38;110;;jah
1949-11-09;1,35;116;;jah
1949-11-10;1,65;124;;jah
1949-11-11;1,5;120;;jah
1949-11-12;1;108;;jah
1949-11-13;1,35;116;;jah
1949-11-14;1,62;123;;jah
1949-11-15;1,75;126;;jah
1949-11-16;1,8;128;;jah
1949-11-17;1,78;127;;jah
1949-11-18;1,5;121;;jah
1949-11-19;1,65;124;;jah
1949-11-20;1,1;110;;jah
1949-11-21;1,65;124;;jah
1949-11-22;1,82;128;;jah
1949-11-23;1,78;126;;jah
1949-11-24;1,18;112;;jah
1949-11-25;1,4;118;;jah
1949-11-26;1,6;122;;jah
1949-11-27;1,15;112;;jah
1949-11-28;1,9;130;;jah
1949-11-29;1,85;129;;jah
1949-11-30;1,8;127;;jah
1949-12-01;2;130;;jah
1949-12-02;2;130;;jah
1949-12-03;1,5;120;;jah
1949-12-04;2,7;142;;jah
1949-12-05;2,01;131;;jah
1949-12-06;2,6;141;;jah
1949-12-07;2,55;140;;jah
1949-12-08;3,2;149;;jah
1949-12-09;3,32;151;;jah
1949-12-10;3,18;149;;jah
1949-12-11;4,7;168;;jah
1949-12-12;5,8;180;;jah
1949-12-13;5,58;177;;jah
1949-12-14;5,8;180;;jah
1949-12-15;5,4;175;;jah
1949-12-16;5,1;172;;jah
1949-12-17;3,55;154;;jah
1949-12-18;2,68;142;;jah
1949-12-19;3,1;148;;jah
1949-12-20;2,5;139;;jah
1949-12-21;2,6;141;;jah
1949-12-22;2,7;142;;jah
1949-12-23;2,7;142;;jah
1949-12-24;2,2;134;;jah
1949-12-25;2,2;134;;jah
1949-12-26;3,1;148;;jah
1949-12-27;2,3;136;;jah
1949-12-28;2,08;132;;jah
1949-12-29;2,08;132;;jah
1949-12-30;1,2;126;;jah
1949-12-31;0,35;110;;jah
1950-01-01;0,35;110;;jah
1950-01-02;0,5;119;;jah
1950-01-03;1,04;135;;jah
1950-01-04;0,7;126;;jah
1950-01-05;0,88;130;;jah
1950-01-06;0,62;124;;jah
1950-01-07;0,35;110;;jah
1950-01-08;0,4;114;;jah
1950-01-09;0,45;115;;jah
1950-01-10;0,6;123;;jah
1950-01-11;0,51;120;;jah
1950-01-12;0,58;122;;jah
1950-01-13;0,58;122;;jah
1950-01-14;0,62;124;;jah
1950-01-15;0,58;122;;jah
1950-01-16;0,7;126;;jah
1950-01-17;0,62;124;;jah
1950-01-18;0,8;129;;jah
1950-01-19;0,89;131;;jah
1950-01-20;0,88;130;;jah
1950-01-21;0,97;132;;jah
1950-01-22;0,99;133;;jah
1950-01-23;0,97;132;;jah
1950-01-24;0,75;128;;jah
1950-01-25;1,12;137;;jah
1950-01-26;0,75;128;;jah
1950-01-27;1,09;136;;jah
1950-01-28;0,99;133;;jah
1950-01-29;0,88;130;;jah
1950-01-30;0,89;131;;jah
1950-01-31;0,97;132;;jah
1950-02-01;1,07;136;;jah
1950-02-02;1,32;142;;jah
1950-02-03;1,25;140;;jah
1950-02-04;1,07;136;;jah
1950-02-05;1,11;137;;jah
1950-02-06;1,25;140;;jah
1950-02-07;1,15;138;;jah
1950-02-08;1,2;139;;jah
1950-02-09;1,15;138;;jah
1950-02-10;1,23;140;;jah
1950-02-11;1,15;138;;jah
1950-02-12;1;134;;jah
1950-02-13;1,07;136;;jah
1950-02-14;1,25;140;;jah
1950-02-15;0,88;130;;jah
1950-02-16;0,88;130;;jah
1950-02-17;0,88;130;;jah
1950-02-18;0,99;133;;jah
1950-02-19;0,97;132;;jah
1950-02-20;0,88;130;;jah
1950-02-21;1,22;140;;jah
1950-02-22;1,2;139;;jah
1950-02-23;1,11;137;;jah
1950-02-24;1,07;136;;jah
1950-02-25;0,75;128;;jah
1950-02-26;0,99;133;;jah
1950-02-27;1,07;136;;jah
1950-02-28;0,99;133;;jah
1950-03-01;0,78;128;;jah
1950-03-02;0,88;130;;jah
1950-03-03;0,88;130;;jah
1950-03-04;0,78;128;;jah
1950-03-05;0,62;124;;jah
1950-03-06;0,88;130;;jah
1950-03-07;0,78;128;;jah
1950-03-08;0,78;128;;jah
1950-03-09;0,7;126;;jah
1950-03-10;0,78;128;;jah
1950-03-11;0,78;128;;jah
1950-03-12;0,62;124;;jah
1950-03-13;0,78;128;;jah
1950-03-14;0,8;129;;jah
1950-03-15;0,7;126;;jah
1950-03-16;0,62;124;;jah
1950-03-17;0,58;122;;jah
1950-03-18;0,6;123;;jah
1950-03-19;0,58;122;;jah
1950-03-20;1,22;140;;jah
1950-03-21;2,6;171;;jah
1950-03-22;5,1;209;;jah
1950-03-23;4,68;204;;jah
1950-03-24;5,4;212;;jah
1950-03-25;5,6;214;;jah
1950-03-26;6,68;225;;jah
1950-03-27;5,1;209;;jah
1950-03-28;4;192;;jah
1950-03-29;3,41;166;;jah
1950-03-30;4,45;165;;jah
1950-03-31;4,5;160;;jah
1950-04-01;5,94;178;;jah
1950-04-02;6,58;186;;jah
1950-04-03;7,86;202;;jah
1950-04-04;8,58;211;;jah
1950-04-05;10,4;232;;jah
1950-04-06;5,94;178;;jah
1950-04-07;6,9;190;;jah
1950-04-08;3,19;142;;jah
1950-04-09;4,35;158;;jah
1950-04-10;3,19;142;;jah
1950-04-11;2,77;136;;jah
1950-04-12;3,68;149;;jah
1950-04-13;3,9;152;;jah
1950-04-14;2,35;130;;jah
1950-04-15;3,82;151;;jah
1950-04-16;3,05;140;;jah
1950-04-17;2,77;136;;jah
1950-04-18;2,84;137;;jah
1950-04-19;1,75;120;;jah
1950-04-20;3,05;140;;jah
1950-04-21;2,17;127;;jah
1950-04-22;1,99;124;;jah
1950-04-23;2,91;138;;jah
1950-04-24;4,82;164;;jah
1950-04-25;4,74;163;;jah
1950-04-26;5,86;177;;jah
1950-04-27;5,3;170;;jah
1950-04-28;6,58;186;;jah
1950-04-29;5,94;178;;jah
1950-04-30;9,01;216;;jah
1950-05-01;10,2;230;;jah
1950-05-02;9,6;223;;jah
1950-05-03;6,74;188;;jah
1950-05-04;3,9;152;;jah
1950-05-05;3,05;140;;jah
1950-05-06;3,9;152;;jah
1950-05-07;2,49;132;;jah
1950-05-08;1,99;124;;jah
1950-05-09;1,99;124;;jah
1950-05-10;1,34;111;;jah
1950-05-11;1,3;110;;jah
1950-05-12;1,39;112;;jah
1950-05-13;2,11;126;;jah
1950-05-14;1,99;124;;jah
1950-05-15;1,39;112;;jah
1950-05-16;1,48;114;;jah
1950-05-17;1,22;108;;jah
1950-05-18;1,22;108;;jah
1950-05-19;1,18;107;;jah
1950-05-20;1,3;110;;jah
1950-05-21;1,3;110;;jah
1950-05-22;1,3;110;;jah
1950-05-23;1,18;107;;jah
1950-05-24;1,14;106;;jah
1950-05-25;1,1;105;;jah
1950-05-26;1,14;106;;jah
1950-05-27;1,02;103;;jah
1950-05-28;1,02;103;;jah
1950-05-29;1,06;104;;jah
1950-05-30;1,18;107;;jah
1950-05-31;1,06;104;;jah
1950-06-01;1,06;104;;jah
1950-06-02;0,98;102;;jah
1950-06-03;1,02;103;;jah
1950-06-04;0,98;102;;jah
1950-06-05;1,2;112;;jah
1950-06-06;0,72;103;;jah
1950-06-07;0,65;102;;jah
1950-06-08;0,65;102;;jah
1950-06-09;0,65;102;;jah
1950-06-10;0,6;99;;jah
1950-06-11;0,55;100;;jah
1950-06-12;0,55;100;;jah
1950-06-13;0,58;101;;jah
1950-06-14;0,55;100;;jah
1950-06-15;0,58;101;;jah
1950-06-16;0,55;100;;jah
1950-06-17;0,58;101;;jah
1950-06-18;0,55;100;;jah
1950-06-19;0,55;100;;jah
1950-06-20;0,48;98;;jah
1950-06-21;0,48;98;;jah
1950-06-22;0,55;100;;jah
1950-06-23;0,5;98;;jah
1950-06-24;0,53;99;;jah
1950-06-25;0,55;100;;jah
1950-06-26;0,58;101;;jah
1950-06-27;0,65;102;;jah
1950-06-28;1,31;114;;jah
1950-06-29;0,75;104;;jah
1950-06-30;0,66;102;;jah
1950-07-01;0,42;101;;jah
1950-07-02;0,4;100;;jah
1950-07-03;0,42;101;;jah
1950-07-04;0,4;100;;jah
1950-07-05;0,5;104;;jah
1950-07-06;0,43;102;;jah
1950-07-07;0,45;103;;jah
1950-07-08;0,43;102;;jah
1950-07-09;0,4;100;;jah
1950-07-10;0,4;100;;jah
1950-07-11;0,42;101;;jah
1950-07-12;0,5;104;;jah
1950-07-13;0,5;104;;jah
1950-07-14;0,56;106;;jah
1950-07-15;0,5;104;;jah
1950-07-16;0,5;104;;jah
1950-07-17;0,4;100;;jah
1950-07-18;0,4;100;;jah
1950-07-19;0,43;102;;jah
1950-07-20;0,76;112;;jah
1950-07-21;0,82;114;;jah
1950-07-22;0,4;100;;jah
1950-07-23;0,4;100;;jah
1950-07-24;0,45;103;;jah
1950-07-25;0,43;102;;jah
1950-07-26;0,45;103;;jah
1950-07-27;0,43;102;;jah
1950-07-28;0,43;102;;jah
1950-07-29;0,4;100;;jah
1950-07-30;0,4;100;;jah
1950-07-31;0,4;100;;jah
1950-08-01;0,43;102;;jah
1950-08-02;0,4;100;;jah
1950-08-03;0,43;102;;jah
1950-08-04;0,62;108;;jah
1950-08-05;0,56;106;;jah
1950-08-06;0,5;104;;jah
1950-08-07;0,5;104;;jah
1950-08-08;0,56;106;;jah
1950-08-09;0,45;103;;jah
1950-08-10;0,48;104;;jah
1950-08-11;0,48;104;;jah
1950-08-12;0,56;106;;jah
1950-08-13;0,7;111;;jah
1950-08-14;0,48;104;;jah
1950-08-15;0,48;104;;jah
1950-08-16;0,48;104;;jah
1950-08-17;0,48;104;;jah
1950-08-18;0,48;104;;jah
1950-08-19;0,56;106;;jah
1950-08-20;0,59;107;;jah
1950-08-21;0,48;104;;jah
1950-08-22;0,48;104;;jah
1950-08-23;0,48;104;;jah
1950-08-24;0,62;108;;jah
1950-08-25;0,49;98;;jah
1950-08-26;0,5;99;;jah
1950-08-27;0,43;102;;jah
1950-08-28;0,45;103;;jah
1950-08-29;0,48;104;;jah
1950-08-30;0,45;103;;jah
1950-08-31;0,42;102;;jah
1950-09-01;0,43;102;;jah
1950-09-02;0,43;102;;jah
1950-09-03;0,42;101;;jah
1950-09-04;0,4;100;;jah
1950-09-05;0,48;104;;jah
1950-09-06;0,48;104;;jah
1950-09-07;0,42;101;;jah
1950-09-08;0,43;102;;jah
1950-09-09;0,43;102;;jah
1950-09-10;0,48;104;;jah
1950-09-11;0,5;105;;jah
1950-09-12;0,56;106;;jah
1950-09-13;0,62;108;;jah
1950-09-14;0,7;110;;jah
1950-09-15;0,73;111;;jah
1950-09-16;0,48;104;;jah
1950-09-17;0,4;100;;jah
1950-09-18;0,4;100;;jah
1950-09-19;0,7;110;;jah
1950-09-20;0,56;106;;jah
1950-09-21;0,62;108;;jah
1950-09-22;0,48;104;;jah
1950-09-23;0,8;113;;jah
1950-09-24;5,62;192;;jah
1950-09-25;6;198;;jah
1950-09-26;6;198;;jah
1950-09-27;5,75;194;;jah
1950-09-28;6,55;204;;jah
1950-09-29;7,42;214;;jah
1950-09-30;8;213;;jah
1950-10-01;6,82;184;;jah
1950-10-02;8,42;209;;jah
1950-10-03;6,34;183;;jah
1950-10-04;4,74;163;;jah
1950-10-05;4,05;154;;jah
1950-10-06;5,78;176;;jah
1950-10-07;5,46;172;;jah
1950-10-08;4,35;158;;jah
1950-10-09;4,58;161;;jah
1950-10-10;2,98;139;;jah
1950-10-11;2,91;138;;jah
1950-10-12;2,63;134;;jah
1950-10-13;3,98;153;;jah
1950-10-14;6,98;191;;jah
1950-10-15;3,05;140;;jah
1950-10-16;2,56;133;;jah
1950-10-17;2,91;138;;jah
1950-10-18;2,91;138;;jah
1950-10-19;2,63;134;;jah
1950-10-20;2,11;126;;jah
1950-10-21;2,35;130;;jah
1950-10-22;1,99;124;;jah
1950-10-23;1,87;122;;jah
1950-10-24;2,35;130;;jah
1950-10-25;2,17;127;;jah
1950-10-26;1,7;119;;jah
1950-10-27;2,35;130;;jah
1950-10-28;1,14;106;;jah
1950-10-29;2,23;128;;jah
1950-10-30;1,57;116;;jah
1950-10-31;1,48;114;;jah
1950-11-01;1,18;107;;jah
1950-11-02;1,1;105;;jah
1950-11-03;1,57;116;;jah
1950-11-04;1,31;115;;jah
1950-11-05;1,08;110;;jah
1950-11-06;0,79;104;;jah
1950-11-07;2;130;;jah
1950-11-08;1,42;117;;jah
1950-11-09;0,88;106;;jah
1950-11-10;0,88;106;;jah
1950-11-11;0,8;105;;jah
1950-11-12;2,7;138;;jah
1950-11-13;1,75;120;;jah
1950-11-14;11,1;240;;jah
1950-11-15;14,9;280;;jah
1950-11-16;12,6;257;;jah
1950-11-17;13,9;270;;jah
1950-11-18;10,4;232;;jah
1950-11-19;10;228;;jah
1950-11-20;6,18;181;;jah
1950-11-21;4,2;156;;jah
1950-11-22;4,5;160;;jah
1950-11-23;2,91;138;;jah
1950-11-24;3,61;148;;jah
1950-11-25;4,2;156;;jah
1950-11-26;2,91;138;;jah
1950-11-27;3,75;150;;jah
1950-11-28;3,9;152;;jah
1950-11-29;3,75;150;;jah
1950-11-30;5,46;172;;jah
1950-12-01;5,14;168;;jah
1950-12-02;6,42;184;;jah
1950-12-03;8,18;206;;jah
1950-12-04;9,01;216;;jah
1950-12-05;7,62;199;;jah
1950-12-06;7,22;194;;jah
1950-12-07;6,26;182;;jah
1950-12-08;5,86;177;;jah
1950-12-09;4,98;166;;jah
1950-12-10;4,5;160;;jah
1950-12-11;4,66;162;;jah
1950-12-12;4,74;163;;jah
1950-12-13;6,9;190;;jah
1950-12-14;6,34;183;;jah
1950-12-15;8,42;209;;jah
1950-12-16;4,42;159;;jah
1950-12-17;4,66;162;;jah
1950-12-18;4,66;162;;jah
1950-12-19;3,68;149;;jah
1950-12-20;3,75;150;;jah
1950-12-21;2,55;138;;jah
1950-12-22;2,72;139;;jah
1950-12-23;2;132;;jah
1950-12-24;1,55;126;;jah
1950-12-25;1,56;128;;jah
1950-12-26;1,61;130;;jah
1950-12-27;1,93;132;;jah
1950-12-28;1,61;130;;jah
1950-12-29;1,55;128;;jah
1950-12-30;1,62;130;;jah
1950-12-31;1,62;130;;jah
1951-01-01;1,52;130;;jah
1951-01-02;1,64;134;;jah
1951-01-03;1,42;126;;jah
1951-01-04;1,52;130;;jah
1951-01-05;1,7;136;;jah
1951-01-06;1,52;130;;jah
1951-01-07;1,47;128;;jah
1951-01-08;1,37;124;;jah
1951-01-09;1,42;126;;jah
1951-01-10;1,4;125;;jah
1951-01-11;1,34;124;;jah
1951-01-12;1,39;126;;jah
1951-01-13;1,3;122;;jah
1951-01-14;1,49;130;;jah
1951-01-15;1,6;134;;jah
1951-01-16;1,46;129;;jah
1951-01-17;1,49;130;;jah
1951-01-18;1,32;123;;jah
1951-01-19;1,25;120;;jah
1951-01-20;1,17;116;;jah
1951-01-21;1,16;118;;jah
1951-01-22;1,18;119;;jah
1951-01-23;1,18;119;;jah
1951-01-24;1,2;120;;jah
1951-01-25;1,2;120;;jah
1951-01-26;0,98;118;;jah
1951-01-27;0,76;118;;jah
1951-01-28;0,65;122;;jah
1951-01-29;0,55;118;;jah
1951-01-30;0,5;114;;jah
1951-01-31;0,54;122;;jah
1951-02-01;0,49;120;;jah
1951-02-02;0,49;120;;jah
1951-02-03;0,55;126;;jah
1951-02-04;0,52;123;;jah
1951-02-05;0,51;122;;jah
1951-02-06;0,54;122;;jah
1951-02-07;0,6;123;;jah
1951-02-08;0,72;128;;jah
1951-02-09;0,84;132;;jah
1951-02-10;0,85;131;;jah
1951-02-11;0,82;123;;jah
1951-02-12;1,04;136;;jah
1951-02-13;0,66;110;;jah
1951-02-14;0,76;118;;jah
1951-02-15;0,76;118;;jah
1951-02-16;0,86;118;;jah
1951-02-17;0,88;120;;jah
1951-02-18;0,92;122;;jah
1951-02-19;0,9;121;;jah
1951-02-20;0,86;118;;jah
1951-02-21;0,86;118;;jah
1951-02-22;0,86;118;;jah
1951-02-23;0,83;116;;jah
1951-02-24;0,86;118;;jah
1951-02-25;0,84;117;;jah
1951-02-26;0,86;118;;jah
1951-02-27;0,86;118;;jah
1951-02-28;0,94;123;;jah
1951-03-01;0,81;118;;jah
1951-03-02;0,79;117;;jah
1951-03-03;0,83;120;;jah
1951-03-04;0,82;119;;jah
1951-03-05;0,83;120;;jah
1951-03-06;0,67;117;;jah
1951-03-07;0,68;118;;jah
1951-03-08;0,68;118;;jah
1951-03-09;0,67;117;;jah
1951-03-10;0,7;120;;jah
1951-03-11;0,53;110;;jah
1951-03-12;0,57;114;;jah
1951-03-13;0,6;118;;jah
1951-03-14;0,65;122;;jah
1951-03-15;0,83;136;;jah
1951-03-16;0,71;127;;jah
1951-03-17;0,55;112;;jah
1951-03-18;0,67;124;;jah
1951-03-19;0,72;128;;jah
1951-03-20;0,72;128;;jah
1951-03-21;0,75;126;;jah
1951-03-22;0,71;118;;jah
1951-03-23;0,76;118;;jah
1951-03-24;0,73;114;;jah
1951-03-25;0,83;118;;jah
1951-03-26;0,88;118;;jah
1951-03-27;0,97;119;;jah
1951-03-28;1,17;125;;jah
1951-03-29;1,13;118;;jah
1951-03-30;1,15;115;;jah
1951-03-31;1,16;113;;jah
1951-04-01;1,6;126;;jah
1951-04-02;1,8;128;;jah
1951-04-03;1,95;128;;jah
1951-04-04;2,26;133;;jah
1951-04-05;3,18;151;;jah
1951-04-06;4,01;164;;jah
1951-04-07;4,5;208;;jah
1951-04-08;11,7;288;;jah
1951-04-09;26,7;395;;jah
1951-04-10;36,6;419;;jah
1951-04-11;29,3;382;;jah
1951-04-12;24,2;353;;jah
1951-04-13;18,3;312;;jah
1951-04-14;13,7;268;;jah
1951-04-15;12;250;;jah
1951-04-16;11,5;244;;jah
1951-04-17;9,18;218;;jah
1951-04-18;8,1;205;;jah
1951-04-19;6,82;189;;jah
1951-04-20;6,9;190;;jah
1951-04-21;7,38;196;;jah
1951-04-22;6,58;186;;jah
1951-04-23;4,2;156;;jah
1951-04-24;4,35;158;;jah
1951-04-25;3,75;150;;jah
1951-04-26;3,12;141;;jah
1951-04-27;3,9;152;;jah
1951-04-28;4,35;158;;jah
1951-04-29;3,47;146;;jah
1951-04-30;3,47;146;;jah
1951-05-01;2,77;136;;jah
1951-05-02;3,33;144;;jah
1951-05-03;4,82;164;;jah
1951-05-04;3,75;150;;jah
1951-05-05;4,05;154;;jah
1951-05-06;3,9;152;;jah
1951-05-07;1,57;116;;jah
1951-05-08;1,3;110;;jah
1951-05-09;1,34;111;;jah
1951-05-10;1,34;111;;jah
1951-05-11;1,22;108;;jah
1951-05-12;1,57;116;;jah
1951-05-13;2,29;129;;jah
1951-05-14;2,49;132;;jah
1951-05-15;1,66;118;;jah
1951-05-16;1,39;112;;jah
1951-05-17;1,57;116;;jah
1951-05-18;1,75;120;;jah
1951-05-19;2,23;128;;jah
1951-05-20;1,75;120;;jah
1951-05-21;1,48;114;;jah
1951-05-22;1,1;105;;jah
1951-05-23;1,3;110;;jah
1951-05-24;1,22;108;;jah
1951-05-25;1,14;106;;jah
1951-05-26;1,3;110;;jah
1951-05-27;1,44;113;;jah
1951-05-28;0,98;102;;jah
1951-05-29;1,18;107;;jah
1951-05-30;1,39;112;;jah
1951-05-31;1,18;107;;jah
1951-06-01;1,52;115;;jah
1951-06-02;1,48;114;;jah
1951-06-03;1,57;116;;jah
1951-06-04;1,22;108;;jah
1951-06-05;1,14;106;;jah
1951-06-06;1,3;110;;jah
1951-06-07;1,46;116;;jah
1951-06-08;1,62;122;;jah
1951-06-09;1,8;128;;jah
1951-06-10;1,74;126;;jah
1951-06-11;1,43;122;;jah
1951-06-12;1,38;120;;jah
1951-06-13;1,48;124;;jah
1951-06-14;1,43;122;;jah
1951-06-15;1,43;122;;jah
1951-06-16;1,24;117;;jah
1951-06-17;1,1;110;;jah
1951-06-18;1,06;108;;jah
1951-06-19;1,22;116;;jah
1951-06-20;1,1;110;;jah
1951-06-21;1,05;112;;jah
1951-06-22;0,98;108;;jah
1951-06-23;1,05;112;;jah
1951-06-24;0,95;106;;jah
1951-06-25;1,01;110;;jah
1951-06-26;1,12;116;;jah
1951-06-27;1,09;114;;jah
1951-06-28;0,98;108;;jah
1951-06-29;0,98;108;;jah
1951-06-30;0,95;106;;jah
1951-07-01;0,89;114;;jah
1951-07-02;1,01;119;;jah
1951-07-03;1,05;120;;jah
1951-07-04;1,09;121;;jah
1951-07-05;1,94;139;;jah
1951-07-06;1,31;126;;jah
1951-07-07;2,35;146;;jah
1951-07-08;2,66;151;;jah
1951-07-09;1,94;139;;jah
1951-07-10;1,48;130;;jah
1951-07-11;1,27;125;;jah
1951-07-12;2,61;150;;jah
1951-07-13;2,1;142;;jah
1951-07-14;1,72;135;;jah
1951-07-15;1,39;128;;jah
1951-07-16;1,12;122;;jah
1951-07-17;0,9;115;;jah
1951-07-18;1,06;120;;jah
1951-07-19;0,93;116;;jah
1951-07-20;1,13;122;;jah
1951-07-21;1,9;138;;jah
1951-07-22;1,9;138;;jah
1951-07-23;1,38;128;;jah
1951-07-24;1,58;132;;jah
1951-07-25;1,48;130;;jah
1951-07-26;1,78;110;;jah
1951-07-27;1,13;122;;jah
1951-07-28;1,13;122;;jah
1951-07-29;1,2;124;;jah
1951-07-30;0,85;113;;jah
1951-07-31;0,72;108;;jah
1951-08-01;0,92;116;;jah
1951-08-02;0,92;116;;jah
1951-08-03;0,74;109;;jah
1951-08-04;0,73;108;;jah
1951-08-05;0,79;111;;jah
1951-08-06;0,73;108;;jah
1951-08-07;0,59;102;;jah
1951-08-08;0,63;104;;jah
1951-08-09;0,73;108;;jah
1951-08-10;0,66;106;;jah
1951-08-11;0,66;106;;jah
1951-08-12;0,63;105;;jah
1951-08-13;0,66;106;;jah
1951-08-14;0,66;106;;jah
1951-08-15;0,66;106;;jah
1951-08-16;0,63;105;;jah
1951-08-17;0,73;108;;jah
1951-08-18;0,66;106;;jah
1951-08-19;0,66;106;;jah
1951-08-20;0,66;106;;jah
1951-08-21;0,63;104;;jah
1951-08-22;0,66;106;;jah
1951-08-23;0,73;108;;jah
1951-08-24;0,73;108;;jah
1951-08-25;0,73;108;;jah
1951-08-26;0,66;106;;jah
1951-08-27;0,73;108;;jah
1951-08-28;0,85;113;;jah
1951-08-29;0,66;106;;jah
1951-08-30;0,66;106;;jah
1951-08-31;0,6;103;;jah
1951-09-01;0,59;102;;jah
1951-09-02;0,54;106;;jah
1951-09-03;0,54;106;;jah
1951-09-04;0,5;107;;jah
1951-09-05;0,45;106;;jah
1951-09-06;0,37;104;;jah
1951-09-07;0,33;102;;jah
1951-09-08;0,36;104;;jah
1951-09-09;0,36;104;;jah
1951-09-10;0,39;106;;jah
1951-09-11;0,39;106;;jah
1951-09-12;0,39;106;;jah
1951-09-13;0,39;106;;jah
1951-09-14;0,39;106;;jah
1951-09-15;0,39;106;;jah
1951-09-16;0,41;107;;jah
1951-09-17;0,43;108;;jah
1951-09-18;0,41;107;;jah
1951-09-19;0,39;106;;jah
1951-09-20;0,41;107;;jah
1951-09-21;0,41;107;;jah
1951-09-22;0,39;106;;jah
1951-09-23;0,39;106;;jah
1951-09-24;0,39;106;;jah
1951-09-25;0,43;108;;jah
1951-09-26;0,43;108;;jah
1951-09-27;0,36;104;;jah
1951-09-28;0,39;106;;jah
1951-09-29;0,39;106;;jah
1951-09-30;0,39;106;;jah
1951-10-01;0,38;105;;jah
1951-10-02;0,4;106;;jah
1951-10-03;0,41;107;;jah
1951-10-04;0,4;106;;jah
1951-10-05;0,4;106;;jah
1951-10-06;0,4;106;;jah
1951-10-07;0,38;105;;jah
1951-10-08;0,36;104;;jah
1951-10-09;0,44;108;;jah
1951-10-10;0,44;108;;jah
1951-10-11;0,36;104;;jah
1951-10-12;0,4;106;;jah
1951-10-13;0,33;102;;jah
1951-10-14;0,33;102;;jah
1951-10-15;0,36;104;;jah
1951-10-16;0,31;101;;jah
1951-10-17;0,31;101;;jah
1951-10-18;0,33;102;;jah
1951-10-19;0,33;102;;jah
1951-10-20;0,33;102;;jah
1951-10-21;0,33;102;;jah
1951-10-22;0,36;104;;jah
1951-10-23;0,39;106;;jah
1951-10-24;0,39;106;;jah
1951-10-25;0,39;106;;jah
1951-10-26;0,36;104;;jah
1951-10-27;0,34;103;;jah
1951-10-28;0,38;105;;jah
1951-10-29;0,39;106;;jah
1951-10-30;0,38;105;;jah
1951-10-31;0,38;105;;jah
1951-11-01;0,31;101;;jah
1951-11-02;0,39;106;;jah
1951-11-03;0,36;104;;jah
1951-11-04;0,34;103;;jah
1951-11-05;0,33;102;;jah
1951-11-06;0,33;102;;jah
1951-11-07;0,33;102;;jah
1951-11-08;0,34;103;;jah
1951-11-09;0,36;104;;jah
1951-11-10;0,36;104;;jah
1951-11-11;0,32;103;;jah
1951-11-12;0,25;103;;jah
1951-11-13;0,18;102;;jah
1951-11-14;0,18;102;;jah
1951-11-15;0,25;102;;jah
1951-11-16;0,2;103;;jah
1951-11-17;0,2;103;;jah
1951-11-18;0,17;100;;jah
1951-11-19;0,18;102;;jah
1951-11-20;0,23;106;;jah
1951-11-21;0,3;106;;jah
1951-11-22;0,37;108;;jah
1951-11-23;0,36;104;;jah
1951-11-24;0,33;102;;jah
1951-11-25;0,35;103;;jah
1951-11-26;0,41;107;;jah
1951-11-27;0,57;114;;jah
1951-11-28;0,41;107;;jah
1951-11-29;1,02;127;;jah
1951-11-30;1,94;125;;jah
1951-12-01;1,81;121;;jah
1951-12-02;1,18;107;;jah
1951-12-03;1,57;116;;jah
1951-12-04;1,14;106;;jah
1951-12-05;1,02;103;;jah
1951-12-06;1,1;105;;jah
1951-12-07;1,22;108;;jah
1951-12-08;1,14;106;;jah
1951-12-09;1,18;107;;jah
1951-12-10;1,18;107;;jah
1951-12-11;3,05;140;;jah
1951-12-12;1,48;114;;jah
1951-12-13;1,22;108;;jah
1951-12-14;1,14;106;;jah
1951-12-15;1,18;107;;jah
1951-12-16;2,05;125;;jah
1951-12-17;2,35;130;;jah
1951-12-18;1,66;118;;jah
1951-12-19;1,14;106;;jah
1951-12-20;1,14;106;;jah
1951-12-21;1,39;112;;jah
1951-12-22;1,09;104;;jah
1951-12-23;1,09;104;;jah
1951-12-24;1,39;112;;jah
1951-12-25;1,62;117;;jah
1951-12-26;1,1;105;;jah
1951-12-27;1,26;109;;jah
1951-12-28;1,22;108;;jah
1951-12-29;1,22;108;;jah
1951-12-30;1,62;117;;jah
1951-12-31;1,57;116;;jah
1952-01-01;1,62;117;;jah
1952-01-02;1,22;108;;jah
1952-01-03;1,1;105;;jah
1952-01-04;1,06;104;;jah
1952-01-05;1,06;104;;jah
1952-01-06;1,39;112;;jah
1952-01-07;1,14;106;;jah
1952-01-08;1,39;112;;jah
1952-01-09;1,22;108;;jah
1952-01-10;2,63;134;;jah
1952-01-11;1,75;120;;jah
1952-01-12;1,87;122;;jah
1952-01-13;1,75;120;;jah
1952-01-14;1,39;112;;jah
1952-01-15;1,44;113;;jah
1952-01-16;1,3;110;;jah
1952-01-17;1,48;114;;jah
1952-01-18;1,48;114;;jah
1952-01-19;1,57;116;;jah
1952-01-20;1,75;120;;jah
1952-01-21;1,39;112;;jah
1952-01-22;1,39;112;;jah
1952-01-23;1,22;108;;jah
1952-01-24;1,18;107;;jah
1952-01-25;1,14;106;;jah
1952-01-26;1,1;105;;jah
1952-01-27;1,06;104;;jah
1952-01-28;1,06;104;;jah
1952-01-29;1,14;106;;jah
1952-01-30;1,06;104;;jah
1952-01-31;1,02;103;;jah
1952-02-01;0,98;104;;jah
1952-02-02;0,93;104;;jah
1952-02-03;0,88;104;;jah
1952-02-04;0,9;105;;jah
1952-02-05;0,92;106;;jah
1952-02-06;0,92;106;;jah
1952-02-07;0,9;105;;jah
1952-02-08;0,88;104;;jah
1952-02-09;0,9;105;;jah
1952-02-10;0,72;102;;jah
1952-02-11;0,75;103;;jah
1952-02-12;0,75;103;;jah
1952-02-13;0,88;104;;jah
1952-02-14;0,88;104;;jah
1952-02-15;0,9;105;;jah
1952-02-16;0,72;102;;jah
1952-02-17;0,72;102;;jah
1952-02-18;0,75;103;;jah
1952-02-19;0,75;103;;jah
1952-02-20;0,75;103;;jah
1952-02-21;0,72;102;;jah
1952-02-22;0,75;103;;jah
1952-02-23;0,72;102;;jah
1952-02-24;0,88;104;;jah
1952-02-25;0,88;104;;jah
1952-02-26;0,88;104;;jah
1952-02-27;0,92;106;;jah
1952-02-28;0,9;105;;jah
1952-02-29;0,83;105;;jah
1952-03-01;0,75;104;;jah
1952-03-02;0,75;104;;jah
1952-03-03;0,75;104;;jah
1952-03-04;0,75;104;;jah
1952-03-05;0,72;102;;jah
1952-03-06;0,73;103;;jah
1952-03-07;0,75;104;;jah
1952-03-08;0,73;103;;jah
1952-03-09;0,78;106;;jah
1952-03-10;0,88;110;;jah
1952-03-11;0,92;114;;jah
1952-03-12;0,98;116;;jah
1952-03-13;0,9;112;;jah
1952-03-14;0,82;108;;jah
1952-03-15;0,82;107;;jah
1952-03-16;0,89;112;;jah
1952-03-17;0,89;112;;jah
1952-03-18;0,88;110;;jah
1952-03-19;0,82;108;;jah
1952-03-20;0,78;106;;jah
1952-03-21;0,82;108;;jah
1952-03-22;0,83;107;;jah
1952-03-23;0,88;110;;jah
1952-03-24;0,89;112;;jah
1952-03-25;0,89;112;;jah
1952-03-26;1;117;;jah
1952-03-27;0,96;114;;jah
1952-03-28;0,98;115;;jah
1952-03-29;0,99;116;;jah
1952-03-30;0,99;116;;jah
1952-03-31;1,05;118;;jah
1952-04-01;1,08;120;;jah
1952-04-02;1,08;120;;jah
1952-04-03;1,21;124;;jah
1952-04-04;1,13;122;;jah
1952-04-05;1;117;;jah
1952-04-06;0,95;115;;jah
1952-04-07;1,21;124;;jah
1952-04-08;1,37;130;;jah
1952-04-09;2;146;;jah
1952-04-10;2,18;149;;jah
1952-04-11;4,7;185;;jah
1952-04-12;7,47;215;;jah
1952-04-13;8,75;228;;jah
1952-04-14;9,3;224;;jah
1952-04-15;8,4;206;;jah
1952-04-16;6,5;185;;jah
1952-04-17;4,9;165;;jah
1952-04-18;3,9;152;;jah
1952-04-19;3,61;148;;jah
1952-04-20;2,29;129;;jah
1952-04-21;2;133;;jah
1952-04-22;2,03;134;;jah
1952-04-23;1,82;130;;jah
1952-04-24;2;138;;jah
1952-04-25;2,08;134;;jah
1952-04-26;3,33;150;;jah
1952-04-27;3,68;155;;jah
1952-04-28;2,41;138;;jah
1952-04-29;1,7;128;;jah
1952-04-30;2,86;145;;jah
1952-05-01;1,34;129;;jah
1952-05-02;1,14;121;;jah
1952-05-03;1,86;152;;jah
1952-05-04;2,08;162;;jah
1952-05-05;2,35;174;;jah
1952-05-06;1,58;144;;jah
1952-05-07;1,2;128;;jah
1952-05-08;1,01;120;;jah
1952-05-09;1,04;123;;jah
1952-05-10;0,88;113;;jah
1952-05-11;0,84;110;;jah
1952-05-12;0,88;116;;jah
1952-05-13;0,74;106;;jah
1952-05-14;0,75;108;;jah
1952-05-15;0,73;109;;jah
1952-05-16;0,8;114;;jah
1952-05-17;0,81;116;;jah
1952-05-18;0,69;109;;jah
1952-05-19;0,76;114;;jah
1952-05-20;0,76;116;;jah
1952-05-21;0,73;114;;jah
1952-05-22;0,72;115;;jah
1952-05-23;0,71;114;;jah
1952-05-24;0,73;116;;jah
1952-05-25;0,87;126;;jah
1952-05-26;0,66;110;;jah
1952-05-27;0,72;115;;jah
1952-05-28;0,71;114;;jah
1952-05-29;0,66;110;;jah
1952-05-30;0,64;108;;jah
1952-05-31;0,76;118;;jah
1952-06-01;0,82;123;;jah
1952-06-02;0,78;120;;jah
1952-06-03;0,67;111;;jah
1952-06-04;0,66;110;;jah
1952-06-05;0,65;109;;jah
1952-06-06;0,68;112;;jah
1952-06-07;0,73;116;;jah
1952-06-08;0,69;109;;jah
1952-06-09;0,73;112;;jah
1952-06-10;0,72;111;;jah
1952-06-11;0,72;111;;jah
1952-06-12;0,68;108;;jah
1952-06-13;0,7;110;;jah
1952-06-14;0,72;111;;jah
1952-06-15;0,76;114;;jah
1952-06-16;0,7;110;;jah
1952-06-17;0,73;112;;jah
1952-06-18;0,76;114;;jah
1952-06-19;0,76;114;;jah
1952-06-20;0,7;110;;jah
1952-06-21;0,76;114;;jah
1952-06-22;0,77;113;;jah
1952-06-23;0,73;110;;jah
1952-06-24;0,78;114;;jah
1952-06-25;0,75;112;;jah
1952-06-26;0,71;109;;jah
1952-06-27;0,69;107;;jah
1952-06-28;0,7;108;;jah
1952-06-29;0,73;110;;jah
1952-06-30;0,75;112;;jah
1952-07-01;0,76;114;;jah
1952-07-02;0,81;118;;jah
1952-07-03;0,7;110;;jah
1952-07-04;0,76;114;;jah
1952-07-05;0,68;108;;jah
1952-07-06;0,67;107;;jah
1952-07-07;0,72;111;;jah
1952-07-08;0,68;108;;jah
1952-07-09;0,7;110;;jah
1952-07-10;0,7;110;;jah
1952-07-11;0,73;112;;jah
1952-07-12;0,93;126;;jah
1952-07-13;1,01;131;;jah
1952-07-14;0,78;116;;jah
1952-07-15;0,7;110;;jah
1952-07-16;0,73;112;;jah
1952-07-17;0,76;114;;jah
1952-07-18;0,73;116;;jah
1952-07-19;0,65;109;;jah
1952-07-20;0,64;108;;jah
1952-07-21;0,71;114;;jah
1952-07-22;0,72;115;;jah
1952-07-23;0,68;112;;jah
1952-07-24;0,71;114;;jah
1952-07-25;0,73;116;;jah
1952-07-26;0,68;112;;jah
1952-07-27;0,68;112;;jah
1952-07-28;0,87;126;;jah
1952-07-29;0,76;118;;jah
1952-07-30;0,68;112;;jah
1952-07-31;0,76;118;;jah
1952-08-01;0,71;114;;jah
1952-08-02;0,73;116;;jah
1952-08-03;0,7;113;;jah
1952-08-04;0,73;116;;jah
1952-08-05;0,73;116;;jah
1952-08-06;0,73;116;;jah
1952-08-07;0,73;116;;jah
1952-08-08;0,73;116;;jah
1952-08-09;0,73;116;;jah
1952-08-10;0,76;118;;jah
1952-08-11;0,73;120;;jah
1952-08-12;0,69;119;;jah
1952-08-13;0,64;117;;jah
1952-08-14;0,66;118;;jah
1952-08-15;0,64;117;;jah
1952-08-16;0,63;118;;jah
1952-08-17;0,58;115;;jah
1952-08-18;0,6;118;;jah
1952-08-19;0,65;122;;jah
1952-08-20;0,62;120;;jah
1952-08-21;0,59;116;;jah
1952-08-22;0,62;120;;jah
1952-08-23;0,6;118;;jah
1952-08-24;0,6;118;;jah
1952-08-25;0,61;116;;jah
1952-08-26;0,6;115;;jah
1952-08-27;0,65;120;;jah
1952-08-28;0,67;119;;jah
1952-08-29;0,64;117;;jah
1952-08-30;0,66;116;;jah
1952-08-31;0,64;114;;jah
1952-09-01;0,73;116;;jah
1952-09-02;0,78;118;;jah
1952-09-03;0,79;117;;jah
1952-09-04;0,92;122;;jah
1952-09-05;0,83;116;;jah
1952-09-06;0,85;114;;jah
1952-09-07;0,93;118;;jah
1952-09-08;0,99;120;;jah
1952-09-09;1,12;124;;jah
1952-09-10;1,13;122;;jah
1952-09-11;1,24;127;;jah
1952-09-12;1,34;129;;jah
1952-09-13;1,19;122;;jah
1952-09-14;1,24;122;;jah
1952-09-15;1,24;122;;jah
1952-09-16;1,39;126;;jah
1952-09-17;1,37;125;;jah
1952-09-18;1,42;125;;jah
1952-09-19;1,4;123;;jah
1952-09-20;1,4;122;;jah
1952-09-21;1,48;123;;jah
1952-09-22;1,41;119;;jah
1952-09-23;1,39;117;;jah
1952-09-24;1,44;118;;jah
1952-09-25;1,44;117;;jah
1952-09-26;1,56;120;;jah
1952-09-27;1,68;123;;jah
1952-09-28;2,63;149;;jah
1952-09-29;2,25;136;;jah
1952-09-30;3,3;162;;jah
1952-10-01;3,1;156;;jah
1952-10-02;4,38;182;;jah
1952-10-03;4,06;174;;jah
1952-10-04;2,76;144;;jah
1952-10-05;3,84;166;;jah
1952-10-06;3,05;148;;jah
1952-10-07;3,86;164;;jah
1952-10-08;4,2;170;;jah
1952-10-09;4,2;170;;jah
1952-10-10;4,41;174;;jah
1952-10-11;4,58;176;;jah
1952-10-12;4,53;174;;jah
1952-10-13;4,27;168;;jah
1952-10-14;4,17;166;;jah
1952-10-15;5,02;182;;jah
1952-10-16;5,6;190;;jah
1952-10-17;5,21;183;;jah
1952-10-18;3,15;144;;jah
1952-10-19;4,82;176;;jah
1952-10-20;3,2;145;;jah
1952-10-21;4,98;179;;jah
1952-10-22;4,54;171;;jah
1952-10-23;3,06;142;;jah
1952-10-24;4,59;172;;jah
1952-10-25;3,01;141;;jah
1952-10-26;3,86;158;;jah
1952-10-27;4,82;176;;jah
1952-10-28;4,98;179;;jah
1952-10-29;4,87;177;;jah
1952-10-30;5,84;194;;jah
1952-10-31;8,62;230;;jah
1952-11-01;9,7;231;;jah
1952-11-02;9,45;228;;jah
1952-11-03;6,7;197;;jah
1952-11-04;4,15;168;;jah
1952-11-05;3,51;153;;jah
1952-11-06;4,17;166;;jah
1952-11-07;5,12;185;;jah
1952-11-08;5,49;193;;jah
1952-11-09;5,21;188;;jah
1952-11-10;5,93;202;;jah
1952-11-11;5,25;190;;jah
1952-11-12;5,25;190;;jah
1952-11-13;5,09;187;;jah
1952-11-14;3,57;158;;jah
1952-11-15;5,13;189;;jah
1952-11-16;3,23;151;;jah
1952-11-17;4,05;168;;jah
1952-11-18;2,18;127;;jah
1952-11-19;2,92;144;;jah
1952-11-20;2,19;128;;jah
1952-11-21;2,66;140;;jah
1952-11-22;2,28;131;;jah
1952-11-23;2,88;145;;jah
1952-11-24;2,4;134;;jah
1952-11-25;2,05;125;;jah
1952-11-26;2,71;142;;jah
1952-11-27;2,13;128;;jah
1952-11-28;2,2;130;;jah
1952-11-29;2,59;140;;jah
1952-11-30;2,25;132;;jah
1952-12-01;2,14;129;;jah
1952-12-02;2,06;127;;jah
1952-12-03;2,03;126;;jah
1952-12-04;2,14;129;;jah
1952-12-05;2,03;126;;jah
1952-12-06;2,21;131;;jah
1952-12-07;2,1;128;;jah
1952-12-08;1,97;125;;jah
1952-12-09;1,87;123;;jah
1952-12-10;2,01;127;;jah
1952-12-11;1,91;125;;jah
1952-12-12;1,88;125;;jah
1952-12-13;1,98;128;;jah
1952-12-14;1,92;128;;jah
1952-12-15;2,33;139;;jah
1952-12-16;2,33;139;;jah
1952-12-17;2,22;137;;jah
1952-12-18;2,33;141;;jah
1952-12-19;2;133;;jah
1952-12-20;1,97;133;;jah
1952-12-21;1,77;127;;jah
1952-12-22;1,97;133;;jah
1952-12-23;1,9;132;;jah
1952-12-24;1,83;131;;jah
1952-12-25;1,77;129;;jah
1952-12-26;1,71;127;;jah
1952-12-27;1,71;129;;jah
1952-12-28;1,8;132;;jah
1952-12-29;1,74;130;;jah
1952-12-30;1,71;130;;jah
1952-12-31;1,6;126;;jah
1953-01-01;1,56;126;;jah
1953-01-02;1,67;133;;jah
1953-01-03;1,7;140;;jah
1953-01-04;1,54;141;;jah
1953-01-05;1,41;137;;jah
1953-01-06;1,62;146;;jah
1953-01-07;1,67;148;;jah
1953-01-08;1,53;139;;jah
1953-01-09;1,87;149;;jah
1953-01-10;1,97;150;;jah
1953-01-11;1,76;137;;jah
1953-01-12;2;140;;jah
1953-01-13;2;138;;jah
1953-01-14;1,97;135;;jah
1953-01-15;2,18;138;;jah
1953-01-16;2,07;133;;jah
1953-01-17;2,14;134;;jah
1953-01-18;1,92;128;;jah
1953-01-19;2,56;145;;jah
1953-01-20;2,75;150;;jah
1953-01-21;2,44;142;;jah
1953-01-22;2,33;139;;jah
1953-01-23;2,25;137;;jah
1953-01-24;1,95;129;;jah
1953-01-25;1,95;129;;jah
1953-01-26;2,33;139;;jah
1953-01-27;2,21;136;;jah
1953-01-28;2,14;134;;jah
1953-01-29;2,14;135;;jah
1953-01-30;2,11;135;;jah
1953-01-31;1,97;133;;jah
1953-02-01;1,97;136;;jah
1953-02-02;1,8;134;;jah
1953-02-03;1,74;134;;jah
1953-02-04;1,7;134;;jah
1953-02-05;1,58;132;;jah
1953-02-06;1,55;132;;jah
1953-02-07;1,72;138;;jah
1953-02-08;1,77;141;;jah
1953-02-09;1,77;141;;jah
1953-02-10;1,95;149;;jah
1953-02-11;1,91;149;;jah
1953-02-12;1,66;141;;jah
1953-02-13;1,72;145;;jah
1953-02-14;1,63;143;;jah
1953-02-15;1,48;137;;jah
1953-02-16;1,59;143;;jah
1953-02-17;1,38;136;;jah
1953-02-18;1,4;138;;jah
1953-02-19;1,43;141;;jah
1953-02-20;1,35;139;;jah
1953-02-21;1,4;143;;jah
1953-02-22;1,23;137;;jah
1953-02-23;1,2;137;;jah
1953-02-24;1,2;139;;jah
1953-02-25;1,32;147;;jah
1953-02-26;1,05;135;;jah
1953-02-27;1,46;159;;jah
1953-02-28;1,39;139;;jah
1953-03-01;1,02;135;;jah
1953-03-02;1,16;143;;jah
1953-03-03;1,11;140;;jah
1953-03-04;1,02;135;;jah
1953-03-05;0,98;133;;jah
1953-03-06;1,13;141;;jah
1953-03-07;1,08;138;;jah
1953-03-08;0,95;131;;jah
1953-03-09;1,02;135;;jah
1953-03-10;1;134;;jah
1953-03-11;1;132;;jah
1953-03-12;1,12;133;;jah
1953-03-13;1,23;131;;jah
1953-03-14;1,36;130;;jah
1953-03-15;1,45;131;;jah
1953-03-16;1,55;131;;jah
1953-03-17;1,55;130;;jah
1953-03-18;1,68;131;;jah
1953-03-19;1,7;130;;jah
1953-03-20;1,54;122;;jah
1953-03-21;1,62;123;;jah
1953-03-22;2,07;135;;jah
1953-03-23;1,76;124;;jah
1953-03-24;2,32;137;;jah
1953-03-25;2,27;134;;jah
1953-03-26;3,51;159;;jah
1953-03-27;6,08;215;;jah
1953-03-28;10;274;;jah
1953-03-29;11,2;271;;jah
1953-03-30;14,2;292;;jah
1953-03-31;20,9;348;;jah
1953-04-01;24,8;365;;jah
1953-04-02;17,1;301;;jah
1953-04-03;12,4;255;;jah
1953-04-04;11,4;243;;jah
1953-04-05;12,5;256;;jah
1953-04-06;14,4;275;;jah
1953-04-07;12,6;257;;jah
1953-04-08;11;239;;jah
1953-04-09;8,42;209;;jah
1953-04-10;8,18;206;;jah
1953-04-11;7,06;192;;jah
1953-04-12;6,18;181;;jah
1953-04-13;5,7;175;;jah
1953-04-14;4,28;157;;jah
1953-04-15;5,22;169;;jah
1953-04-16;4,12;155;;jah
1953-04-17;4,2;156;;jah
1953-04-18;3,82;151;;jah
1953-04-19;3,98;153;;jah
1953-04-20;3,98;153;;jah
1953-04-21;3,68;149;;jah
1953-04-22;2,98;139;;jah
1953-04-23;2,17;127;;jah
1953-04-24;2,84;137;;jah
1953-04-25;2,05;125;;jah
1953-04-26;3,75;150;;jah
1953-04-27;2,35;130;;jah
1953-04-28;2,17;127;;jah
1953-04-29;2,11;126;;jah
1953-04-30;2,42;131;;jah
1953-05-01;3,06;142;;jah
1953-05-02;2,25;131;;jah
1953-05-03;1,65;121;;jah
1953-05-04;1,63;121;;jah
1953-05-05;1,59;121;;jah
1953-05-06;1,56;121;;jah
1953-05-07;1,64;123;;jah
1953-05-08;1,5;121;;jah
1953-05-09;1,58;123;;jah
1953-05-10;1,56;123;;jah
1953-05-11;1,47;121;;jah
1953-05-12;1,22;115;;jah
1953-05-13;1,22;115;;jah
1953-05-14;1,22;115;;jah
1953-05-15;1,19;115;;jah
1953-05-16;1,22;116;;jah
1953-05-17;1,19;115;;jah
1953-05-18;1,19;115;;jah
1953-05-19;1,21;116;;jah
1953-05-20;1,25;117;;jah
1953-05-21;1,23;117;;jah
1953-05-22;1,16;115;;jah
1953-05-23;1,22;117;;jah
1953-05-24;1,22;117;;jah
1953-05-25;1,11;115;;jah
1953-05-26;1,04;113;;jah
1953-05-27;0,99;112;;jah
1953-05-28;0,85;108;;jah
1953-05-29;0,86;109;;jah
1953-05-30;0,83;109;;jah
1953-05-31;0,87;111;;jah
1953-06-01;0,93;114;;jah
1953-06-02;1,07;120;;jah
1953-06-03;0,82;112;;jah
1953-06-04;0,7;108;;jah
1953-06-05;0,78;112;;jah
1953-06-06;0,73;110;;jah
1953-06-07;1,26;129;;jah
1953-06-08;0,79;113;;jah
1953-06-09;0,64;107;;jah
1953-06-10;0,72;111;;jah
1953-06-11;0,71;111;;jah
1953-06-12;0,88;119;;jah
1953-06-13;0,68;111;;jah
1953-06-14;0,83;117;;jah
1953-06-15;1,02;125;;jah
1953-06-16;0,76;115;;jah
1953-06-17;0,76;115;;jah
1953-06-18;0,64;110;;jah
1953-06-19;0,62;109;;jah
1953-06-20;0,75;116;;jah
1953-06-21;0,71;114;;jah
1953-06-22;0,7;114;;jah
1953-06-23;0,59;109;;jah
1953-06-24;0,68;114;;jah
1953-06-25;0,68;114;;jah
1953-06-26;0,62;111;;jah
1953-06-27;0,48;104;;jah
1953-06-28;0,57;109;;jah
1953-06-29;0,57;109;;jah
1953-06-30;0,63;112;;jah
1953-07-01;0,41;101;;jah
1953-07-02;0,65;114;;jah
1953-07-03;0,75;119;;jah
1953-07-04;0,75;119;;jah
1953-07-05;0,69;116;;jah
1953-07-06;0,65;114;;jah
1953-07-07;0,67;115;;jah
1953-07-08;0,55;109;;jah
1953-07-09;0,54;108;;jah
1953-07-10;0,61;112;;jah
1953-07-11;0,82;122;;jah
1953-07-12;0,75;119;;jah
1953-07-13;0,75;119;;jah
1953-07-14;0,62;113;;jah
1953-07-15;0,64;115;;jah
1953-07-16;0,62;115;;jah
1953-07-17;0,5;109;;jah
1953-07-18;0,66;119;;jah
1953-07-19;0,58;115;;jah
1953-07-20;0,5;111;;jah
1953-07-21;0,48;111;;jah
1953-07-22;0,46;111;;jah
1953-07-23;0,44;111;;jah
1953-07-24;0,43;111;;jah
1953-07-25;0,54;121;;jah
1953-07-26;0,65;127;;jah
1953-07-27;0,44;116;;jah
1953-07-28;0,35;110;;jah
1953-07-29;0,42;117;;jah
1953-07-30;0,42;117;;jah
1953-07-31;0,5;123;;jah
1953-08-01;0,4;113;;jah
1953-08-02;0,44;115;;jah
1953-08-03;0,47;116;;jah
1953-08-04;0,39;109;;jah
1953-08-05;0,49;115;;jah
1953-08-06;0,52;115;;jah
1953-08-07;0,55;117;;jah
1953-08-08;0,58;117;;jah
1953-08-09;0,69;121;;jah
1953-08-10;0,71;121;;jah
1953-08-11;0,77;123;;jah
1953-08-12;0,79;122;;jah
1953-08-13;0,67;115;;jah
1953-08-14;0,78;119;;jah
1953-08-15;1,06;127;;jah
1953-08-16;0,78;115;;jah
1953-08-17;1,04;123;;jah
1953-08-18;1,94;145;;jah
1953-08-19;1,96;143;;jah
1953-08-20;1,35;127;;jah
1953-08-21;2;141;;jah
1953-08-22;1,76;137;;jah
1953-08-23;1,79;139;;jah
1953-08-24;1,12;124;;jah
1953-08-25;1,11;125;;jah
1953-08-26;1,38;135;;jah
1953-08-27;1,74;132;;jah
1953-08-28;1,08;130;;jah
1953-08-29;0,9;125;;jah
1953-08-30;1,16;134;;jah
1953-08-31;1,34;139;;jah
1953-09-01;1,7;147;;jah
1953-09-02;1,99;151;;jah
1953-09-03;2,06;151;;jah
1953-09-04;2,35;154;;jah
1953-09-05;3,09;167;;jah
1953-09-06;2,78;158;;jah
1953-09-07;2,12;141;;jah
1953-09-08;2,09;139;;jah
1953-09-09;1,82;132;;jah
1953-09-10;3,96;169;;jah
1953-09-11;3,16;154;;jah
1953-09-12;4,82;180;;jah
1953-09-13;4,31;171;;jah
1953-09-14;4,28;169;;jah
1953-09-15;3,66;161;;jah
1953-09-16;3,21;155;;jah
1953-09-17;2,41;143;;jah
1953-09-18;1,84;135;;jah
1953-09-19;1,81;138;;jah
1953-09-20;1;124;;jah
1953-09-21;1,5;130;;jah
1953-09-22;4,81;185;;jah
1953-09-23;5,56;195;;jah
1953-09-24;4,82;181;;jah
1953-09-25;5,07;183;;jah
1953-09-26;5,13;184;;jah
1953-09-27;5,34;187;;jah
1953-09-28;4,88;180;;jah
1953-09-29;5,01;182;;jah
1953-09-30;4,69;177;;jah
1953-10-01;3,12;153;;jah
1953-10-02;3,73;162;;jah
1953-10-03;3,67;161;;jah
1953-10-04;4,3;171;;jah
1953-10-05;4,3;171;;jah
1953-10-06;4,18;169;;jah
1953-10-07;3,92;165;;jah
1953-10-08;4,18;169;;jah
1953-10-09;3,73;162;;jah
1953-10-10;4,37;172;;jah
1953-10-11;4,69;177;;jah
1953-10-12;2,38;139;;jah
1953-10-13;2,38;139;;jah
1953-10-14;2,59;142;;jah
1953-10-15;2,33;136;;jah
1953-10-16;1,78;127;;jah
1953-10-17;2,27;136;;jah
1953-10-18;1,93;130;;jah
1953-10-19;1,98;131;;jah
1953-10-20;2,01;131;;jah
1953-10-21;2,24;135;;jah
1953-10-22;2,65;142;;jah
1953-10-23;2,59;141;;jah
1953-10-24;2,42;137;;jah
1953-10-25;2,47;138;;jah
1953-10-26;1,54;121;;jah
1953-10-27;1,64;123;;jah
1953-10-28;1,9;128;;jah
1953-10-29;1,74;125;;jah
1953-10-30;1,34;116;;jah
1953-10-31;1,95;129;;jah
1953-11-01;2,08;131;;jah
1953-11-02;1,66;123;;jah
1953-11-03;1,46;119;;jah
1953-11-04;1,38;117;;jah
1953-11-05;1,31;115;;jah
1953-11-06;1,27;114;;jah
1953-11-07;1,87;127;;jah
1953-11-08;1,35;116;;jah
1953-11-09;1,31;115;;jah
1953-11-10;1,56;121;;jah
1953-11-11;2,56;139;;jah
1953-11-12;2,92;145;;jah
1953-11-13;2,56;139;;jah
1953-11-14;2,8;143;;jah
1953-11-15;3,61;156;;jah
1953-11-16;2,68;141;;jah
1953-11-17;2,44;137;;jah
1953-11-18;2,68;142;;jah
1953-11-19;2,33;137;;jah
1953-11-20;2,39;138;;jah
1953-11-21;2,79;145;;jah
1953-11-22;2,79;145;;jah
1953-11-23;2,67;143;;jah
1953-11-24;3,63;159;;jah
1953-11-25;2,76;144;;jah
1953-11-26;1,82;127;;jah
1953-11-27;1,59;122;;jah
1953-11-28;1,84;127;;jah
1953-11-29;2,56;139;;jah
1953-11-30;3,08;147;;jah
1953-12-01;2,62;139;;jah
1953-12-02;2,5;137;;jah
1953-12-03;2,72;141;;jah
1953-12-04;2,68;141;;jah
1953-12-05;3,68;157;;jah
1953-12-06;3,87;160;;jah
1953-12-07;2,26;134;;jah
1953-12-08;2;128;;jah
1953-12-09;2,44;137;;jah
1953-12-10;1,87;127;;jah
1953-12-11;1,5;120;;jah
1953-12-12;1,46;119;;jah
1953-12-13;1,66;123;;jah
1953-12-14;1,61;122;;jah
1953-12-15;1,66;123;;jah
1953-12-16;1,76;125;;jah
1953-12-17;1,61;122;;jah
1953-12-18;1,76;125;;jah
1953-12-19;1,76;125;;jah
1953-12-20;1,66;123;;jah
1953-12-21;1,76;125;;jah
1953-12-22;1,76;125;;jah
1953-12-23;1,39;117;;jah
1953-12-24;1,39;117;;jah
1953-12-25;1,27;114;;jah
1953-12-26;1,31;115;;jah
1953-12-27;1,46;119;;jah
1953-12-28;1,66;123;;jah
1953-12-29;1,71;124;;jah
1953-12-30;1,64;123;;jah
1953-12-31;1,49;120;;jah
1954-01-01;1,38;117;;jah
1954-01-02;1,32;116;;jah
1954-01-03;1,26;115;;jah
1954-01-04;1,34;117;;jah
1954-01-05;1,36;118;;jah
1954-01-06;1,48;121;;jah
1954-01-07;1,39;119;;jah
1954-01-08;1,48;121;;jah
1954-01-09;1,33;117;;jah
1954-01-10;1,29;116;;jah
1954-01-11;1,19;115;;jah
1954-01-12;1,12;113;;jah
1954-01-13;1,19;115;;jah
1954-01-14;1,19;115;;jah
1954-01-15;1,19;115;;jah
1954-01-16;1,15;116;;jah
1954-01-17;1,3;121;;jah
1954-01-18;1,19;119;;jah
1954-01-19;1,03;115;;jah
1954-01-20;1,02;115;;jah
1954-01-21;0,99;115;;jah
1954-01-22;1,02;117;;jah
1954-01-23;0,93;115;;jah
1954-01-24;0,86;113;;jah
1954-01-25;0,86;114;;jah
1954-01-26;0,88;116;;jah
1954-01-27;0,92;119;;jah
1954-01-28;0,97;122;;jah
1954-01-29;0,95;122;;jah
1954-01-30;0,77;116;;jah
1954-01-31;0,71;115;;jah
1954-02-01;0,67;115;;jah
1954-02-02;0,63;113;;jah
1954-02-03;0,63;113;;jah
1954-02-04;0,71;117;;jah
1954-02-05;0,9;126;;jah
1954-02-06;0,82;125;;jah
1954-02-07;0,65;117;;jah
1954-02-08;0,65;117;;jah
1954-02-09;0,63;116;;jah
1954-02-10;0,7;120;;jah
1954-02-11;0,74;125;;jah
1954-02-12;0,69;123;;jah
1954-02-13;0,67;122;;jah
1954-02-14;0,65;121;;jah
1954-02-15;0,8;128;;jah
1954-02-16;0,72;127;;jah
1954-02-17;0,76;129;;jah
1954-02-18;0,49;114;;jah
1954-02-19;0,53;117;;jah
1954-02-20;0,6;121;;jah
1954-02-21;0,51;119;;jah
1954-02-22;0,69;129;;jah
1954-02-23;0,65;127;;jah
1954-02-24;0,65;127;;jah
1954-02-25;0,65;127;;jah
1954-02-26;0,85;137;;jah
1954-02-27;0,77;133;;jah
1954-02-28;0,81;135;;jah
1954-03-01;0,8;137;;jah
1954-03-02;1,2;157;;jah
1954-03-03;1,28;161;;jah
1954-03-04;0,95;145;;jah
1954-03-05;0,91;143;;jah
1954-03-06;1,46;169;;jah
1954-03-07;1,84;186;;jah
1954-03-08;1,64;177;;jah
1954-03-09;1,6;175;;jah
1954-03-10;1,44;168;;jah
1954-03-11;1,39;166;;jah
1954-03-12;1,3;162;;jah
1954-03-13;1,28;161;;jah
1954-03-14;1,28;161;;jah
1954-03-15;1,2;157;;jah
1954-03-16;1,24;157;;jah
1954-03-17;1,11;151;;jah
1954-03-18;0,91;140;;jah
1954-03-19;1,08;148;;jah
1954-03-20;1,18;151;;jah
1954-03-21;1,13;147;;jah
1954-03-22;1,11;143;;jah
1954-03-23;1,6;161;;jah
1954-03-24;2,4;185;;jah
1954-03-25;3,97;197;;jah
1954-03-26;3,77;198;;jah
1954-03-27;2,39;175;;jah
1954-03-28;1,85;159;;jah
1954-03-29;1,53;145;;jah
1954-03-30;1,9;154;;jah
1954-03-31;1,77;147;;jah
1954-04-01;1,84;147;;jah
1954-04-02;2,87;169;;jah
1954-04-03;2,05;146;;jah
1954-04-04;2,65;157;;jah
1954-04-05;3,6;172;;jah
1954-04-06;2,9;156;;jah
1954-04-07;2,48;145;;jah
1954-04-08;2,19;137;;jah
1954-04-09;2,16;135;;jah
1954-04-10;2,47;139;;jah
1954-04-11;2,02;130;;jah
1954-04-12;1,95;127;;jah
1954-04-13;1,85;125;;jah
1954-04-14;1,53;119;;jah
1954-04-15;1,39;112;;jah
1954-04-16;1,87;122;;jah
1954-04-17;2,05;125;;jah
1954-04-18;1,93;123;;jah
1954-04-19;2,35;130;;jah
1954-04-20;1,93;123;;jah
1954-04-21;1,53;119;;jah
1954-04-22;1,74;123;;jah
1954-04-23;1,68;122;;jah
1954-04-24;1,53;119;;jah
1954-04-25;1,53;119;;jah
1954-04-26;1,96;128;;jah
1954-04-27;1,41;117;;jah
1954-04-28;1,44;119;;jah
1954-04-29;1,34;117;;jah
1954-04-30;1,48;121;;jah
1954-05-01;1,33;117;;jah
1954-05-02;1,48;121;;jah
1954-05-03;1,44;120;;jah
1954-05-04;1,44;120;;jah
1954-05-05;1,68;125;;jah
1954-05-06;1,43;119;;jah
1954-05-07;1,67;124;;jah
1954-05-08;1,82;127;;jah
1954-05-09;1,82;127;;jah
1954-05-10;1,36;117;;jah
1954-05-11;1,64;123;;jah
1954-05-12;1,41;118;;jah
1954-05-13;1,22;113;;jah
1954-05-14;1,29;115;;jah
1954-05-15;1,64;123;;jah
1954-05-16;1,33;117;;jah
1954-05-17;1,18;113;;jah
1954-05-18;1,1;111;;jah
1954-05-19;1,18;113;;jah
1954-05-20;1,1;111;;jah
1954-05-21;0,97;109;;jah
1954-05-22;0,96;109;;jah
1954-05-23;1,26;119;;jah
1954-05-24;1,05;113;;jah
1954-05-25;1,04;113;;jah
1954-05-26;0,91;110;;jah
1954-05-27;0,91;110;;jah
1954-05-28;0,94;111;;jah
1954-05-29;1,44;125;;jah
1954-05-30;1,52;127;;jah
1954-05-31;0,94;111;;jah
1954-06-01;0,87;111;;jah
1954-06-02;1,08;118;;jah
1954-06-03;0,87;111;;jah
1954-06-04;0,87;111;;jah
1954-06-05;0,82;109;;jah
1954-06-06;0,89;113;;jah
1954-06-07;0,83;111;;jah
1954-06-08;0,78;109;;jah
1954-06-09;0,78;109;;jah
1954-06-10;0,76;108;;jah
1954-06-11;0,78;111;;jah
1954-06-12;0,78;111;;jah
1954-06-13;0,75;110;;jah
1954-06-14;0,75;110;;jah
1954-06-15;0,78;111;;jah
1954-06-16;0,86;114;;jah
1954-06-17;0,78;111;;jah
1954-06-18;0,78;111;;jah
1954-06-19;0,81;112;;jah
1954-06-20;0,75;110;;jah
1954-06-21;0,75;111;;jah
1954-06-22;0,75;111;;jah
1954-06-23;0,71;109;;jah
1954-06-24;0,66;107;;jah
1954-06-25;0,81;113;;jah
1954-06-26;0,75;111;;jah
1954-06-27;0,75;111;;jah
1954-06-28;0,81;113;;jah
1954-06-29;0,81;113;;jah
1954-06-30;0,88;116;;jah
1954-07-01;0,75;111;;jah
1954-07-02;0,78;112;;jah
1954-07-03;0,75;111;;jah
1954-07-04;0,83;114;;jah
1954-07-05;0,95;119;;jah
1954-07-06;1,19;125;;jah
1954-07-07;1,05;121;;jah
1954-07-08;0,84;113;;jah
1954-07-09;1,26;127;;jah
1954-07-10;1,12;123;;jah
1954-07-11;1,02;119;;jah
1954-07-12;1,73;135;;jah
1954-07-13;1,37;123;;jah
1954-07-14;3,2;154;;jah
1954-07-15;5,18;180;;jah
1954-07-16;7,05;205;;jah
1954-07-17;7,19;207;;jah
1954-07-18;6,55;199;;jah
1954-07-19;4,52;171;;jah
1954-07-20;4,41;171;;jah
1954-07-21;3,06;151;;jah
1954-07-22;2,54;143;;jah
1954-07-23;2,69;147;;jah
1954-07-24;2,53;144;;jah
1954-07-25;2,58;145;;jah
1954-07-26;2,48;143;;jah
1954-07-27;2,96;152;;jah
1954-07-28;2,74;148;;jah
1954-07-29;2,58;145;;jah
1954-07-30;2,64;146;;jah
1954-07-31;2,37;141;;jah
1954-08-01;2,18;138;;jah
1954-08-02;3,21;157;;jah
1954-08-03;4,94;186;;jah
1954-08-04;5,36;193;;jah
1954-08-05;5,12;189;;jah
1954-08-06;4,28;175;;jah
1954-08-07;3,44;161;;jah
1954-08-08;3,21;157;;jah
1954-08-09;2,92;152;;jah
1954-08-10;3,09;155;;jah
1954-08-11;2,78;150;;jah
1954-08-12;3;154;;jah
1954-08-13;3,51;163;;jah
1954-08-14;3,74;167;;jah
1954-08-15;3,33;160;;jah
1954-08-16;2,95;153;;jah
1954-08-17;3,05;155;;jah
1954-08-18;2,31;141;;jah
1954-08-19;2;135;;jah
1954-08-20;2,41;143;;jah
1954-08-21;2,76;149;;jah
1954-08-22;4,94;186;;jah
1954-08-23;3,56;163;;jah
1954-08-24;3,32;159;;jah
1954-08-25;3,44;161;;jah
1954-08-26;4,04;171;;jah
1954-08-27;4,46;178;;jah
1954-08-28;3,92;169;;jah
1954-08-29;3,62;164;;jah
1954-08-30;3,21;157;;jah
1954-08-31;3,32;159;;jah
1954-09-01;3,97;169;;jah
1954-09-02;4,7;181;;jah
1954-09-03;4,33;175;;jah
1954-09-04;4,09;171;;jah
1954-09-05;3,66;164;;jah
1954-09-06;3,36;159;;jah
1954-09-07;2,8;149;;jah
1954-09-08;2,58;145;;jah
1954-09-09;2,8;149;;jah
1954-09-10;2,42;142;;jah
1954-09-11;2,52;145;;jah
1954-09-12;2,52;145;;jah
1954-09-13;2,67;148;;jah
1954-09-14;2,52;145;;jah
1954-09-15;2,62;147;;jah
1954-09-16;2,52;145;;jah
1954-09-17;2,62;147;;jah
1954-09-18;2,62;147;;jah
1954-09-19;2,72;149;;jah
1954-09-20;2,67;148;;jah
1954-09-21;2,35;145;;jah
1954-09-22;2,18;145;;jah
1954-09-23;1,35;135;;jah
1954-09-24;0,66;116;;jah
1954-09-25;0,7;117;;jah
1954-09-26;1,46;135;;jah
1954-09-27;2,55;147;;jah
1954-09-28;2,38;143;;jah
1954-09-29;2,67;148;;jah
1954-09-30;2,83;151;;jah
1954-10-01;2,83;151;;jah
1954-10-02;3,05;155;;jah
1954-10-03;2,83;151;;jah
1954-10-04;2,95;153;;jah
1954-10-05;3;154;;jah
1954-10-06;2,83;151;;jah
1954-10-07;2,95;153;;jah
1954-10-08;2,51;147;;jah
1954-10-09;2,15;143;;jah
1954-10-10;1,9;141;;jah
1954-10-11;1,46;133;;jah
1954-10-12;1,36;131;;jah
1954-10-13;1,65;135;;jah
1954-10-14;2,24;145;;jah
1954-10-15;3,05;159;;jah
1954-10-16;3,53;165;;jah
1954-10-17;4,34;176;;jah
1954-10-18;4,82;182;;jah
1954-10-19;5,14;185;;jah
1954-10-20;5,91;195;;jah
1954-10-21;6,32;199;;jah
1954-10-22;5,93;193;;jah
1954-10-23;5,79;191;;jah
1954-10-24;5,46;186;;jah
1954-10-25;5,26;183;;jah
1954-10-26;5,04;177;;jah
1954-10-27;4,63;171;;jah
1954-10-28;3,94;161;;jah
1954-10-29;3,94;161;;jah
1954-10-30;4,01;162;;jah
1954-10-31;4,08;163;;jah
1954-11-01;4,1;162;;jah
1954-11-02;4,52;168;;jah
1954-11-03;4,66;170;;jah
1954-11-04;4,8;172;;jah
1954-11-05;4,66;170;;jah
1954-11-06;4,52;168;;jah
1954-11-07;4,66;170;;jah
1954-11-08;4,73;171;;jah
1954-11-09;5,44;181;;jah
1954-11-10;5,65;184;;jah
1954-11-11;5,92;186;;jah
1954-11-12;6,21;190;;jah
1954-11-13;5,78;184;;jah
1954-11-14;5,42;179;;jah
1954-11-15;5,42;179;;jah
1954-11-16;6,5;194;;jah
1954-11-17;5,85;185;;jah
1954-11-18;5,49;180;;jah
1954-11-19;5,2;176;;jah
1954-11-20;4,19;162;;jah
1954-11-21;3,78;156;;jah
1954-11-22;3,38;150;;jah
1954-11-23;3,12;146;;jah
1954-11-24;3,19;147;;jah
1954-11-25;2,74;140;;jah
1954-11-26;2,24;132;;jah
1954-11-27;2,18;131;;jah
1954-11-28;2,24;132;;jah
1954-11-29;2,24;132;;jah
1954-11-30;2,18;131;;jah
1954-12-01;2,01;128;;jah
1954-12-02;1,68;122;;jah
1954-12-03;1,84;125;;jah
1954-12-04;3,78;156;;jah
1954-12-05;6,21;190;;jah
1954-12-06;6,5;194;;jah
1954-12-07;5,78;184;;jah
1954-12-08;4,05;160;;jah
1954-12-09;3,31;149;;jah
1954-12-10;3,12;146;;jah
1954-12-11;2,96;144;;jah
1954-12-12;2,9;143;;jah
1954-12-13;2,96;144;;jah
1954-12-14;3,21;148;;jah
1954-12-15;2,9;143;;jah
1954-12-16;2,84;142;;jah
1954-12-17;2,9;143;;jah
1954-12-18;2,9;143;;jah
1954-12-19;3,6;154;;jah
1954-12-20;4,79;171;;jah
1954-12-21;5,44;181;;jah
1954-12-22;5,65;184;;jah
1954-12-23;5,79;186;;jah
1954-12-24;5,65;184;;jah
1954-12-25;5,65;184;;jah
1954-12-26;5,17;178;;jah
1954-12-27;4,54;169;;jah
1954-12-28;3,85;159;;jah
1954-12-29;3,26;150;;jah
1954-12-30;2,8;143;;jah
1954-12-31;2,74;142;;jah
1955-01-01;2,56;140;;jah
1955-01-02;2,55;142;;jah
1955-01-03;2,43;141;;jah
1955-01-04;2,32;140;;jah
1955-01-05;2,23;140;;jah
1955-01-06;1,92;135;;jah
1955-01-07;1,54;128;;jah
1955-01-08;1,6;130;;jah
1955-01-09;1,6;130;;jah
1955-01-10;1,62;131;;jah
1955-01-11;1,67;132;;jah
1955-01-12;1,53;129;;jah
1955-01-13;1,67;132;;jah
1955-01-14;1,67;132;;jah
1955-01-15;1,67;132;;jah
1955-01-16;1,76;134;;jah
1955-01-17;1,76;134;;jah
1955-01-18;1,67;132;;jah
1955-01-19;1,41;126;;jah
1955-01-20;1,41;126;;jah
1955-01-21;1,6;130;;jah
1955-01-22;1,6;130;;jah
1955-01-23;1,74;133;;jah
1955-01-24;1,79;134;;jah
1955-01-25;1,88;136;;jah
1955-01-26;1,81;134;;jah
1955-01-27;1,84;134;;jah
1955-01-28;1,94;136;;jah
1955-01-29;1,77;132;;jah
1955-01-30;2,1;138;;jah
1955-01-31;2,15;138;;jah
1955-02-01;2,44;143;;jah
1955-02-02;4,57;178;;jah
1955-02-03;4,45;175;;jah
1955-02-04;4,11;168;;jah
1955-02-05;3,71;161;;jah
1955-02-06;4,05;164;;jah
1955-02-07;5,06;179;;jah
1955-02-08;4,65;173;;jah
1955-02-09;4,59;172;;jah
1955-02-10;4,18;166;;jah
1955-02-11;3,94;161;;jah
1955-02-12;3,54;155;;jah
1955-02-13;2,92;145;;jah
1955-02-14;2,86;144;;jah
1955-02-15;2,92;145;;jah
1955-02-16;2,8;144;;jah
1955-02-17;1,93;130;;jah
1955-02-18;1,9;130;;jah
1955-02-19;1,83;129;;jah
1955-02-20;1,76;128;;jah
1955-02-21;1,97;133;;jah
1955-02-22;1,84;131;;jah
1955-02-23;1,79;131;;jah
1955-02-24;1,72;130;;jah
1955-02-25;1,69;130;;jah
1955-02-26;1,63;129;;jah
1955-02-27;1,6;129;;jah
1955-02-28;1,67;131;;jah
1955-03-01;1,67;132;;jah
1955-03-02;1,67;132;;jah
1955-03-03;1,76;134;;jah
1955-03-04;1,76;134;;jah
1955-03-05;1,49;128;;jah
1955-03-06;1,37;127;;jah
1955-03-07;1,4;128;;jah
1955-03-08;1,44;129;;jah
1955-03-09;1,4;128;;jah
1955-03-10;1,48;130;;jah
1955-03-11;1,46;130;;jah
1955-03-12;1,46;130;;jah
1955-03-13;1,42;129;;jah
1955-03-14;1,38;128;;jah
1955-03-15;1,42;129;;jah
1955-03-16;1,36;130;;jah
1955-03-17;1,44;132;;jah
1955-03-18;1,36;130;;jah
1955-03-19;1,4;131;;jah
1955-03-20;1,36;130;;jah
1955-03-21;1,36;131;;jah
1955-03-22;1,25;128;;jah
1955-03-23;1,18;126;;jah
1955-03-24;1,25;128;;jah
1955-03-25;1,25;128;;jah
1955-03-26;1,15;125;;jah
1955-03-27;1,11;124;;jah
1955-03-28;1,18;126;;jah
1955-03-29;1,18;126;;jah
1955-03-30;1,11;124;;jah
1955-03-31;1,08;123;;jah
1955-04-01;1,17;125;;jah
1955-04-02;1,22;126;;jah
1955-04-03;1,24;126;;jah
1955-04-04;1,34;128;;jah
1955-04-05;1,36;128;;jah
1955-04-06;1,23;124;;jah
1955-04-07;1,61;133;;jah
1955-04-08;1,37;126;;jah
1955-04-09;1,83;136;;jah
1955-04-10;1,41;126;;jah
1955-04-11;1,5;127;;jah
1955-04-12;1,35;122;;jah
1955-04-13;1,24;118;;jah
1955-04-14;1,17;115;;jah
1955-04-15;2,19;135;;jah
1955-04-16;2,91;146;;jah
1955-04-17;2,89;145;;jah
1955-04-18;2,44;137;;jah
1955-04-19;2,47;137;;jah
1955-04-20;2,93;144;;jah
1955-04-21;2,81;142;;jah
1955-04-22;3,6;154;;jah
1955-04-23;4,19;162;;jah
1955-04-24;4,91;172;;jah
1955-04-25;5,62;181;;jah
1955-04-26;6,27;189;;jah
1955-04-27;8,76;222;;jah
1955-04-28;9,27;226;;jah
1955-04-29;18,6;324;;jah
1955-04-30;21;341;;jah
1955-05-01;23,3;345;;jah
1955-05-02;21,5;338;;jah
1955-05-03;18,9;317;;jah
1955-05-04;15,6;287;;jah
1955-05-05;12,7;258;;jah
1955-05-06;10,2;230;;jah
1955-05-07;10,4;232;;jah
1955-05-08;11,5;244;;jah
1955-05-09;12,5;256;;jah
1955-05-10;12,9;260;;jah
1955-05-11;11,7;247;;jah
1955-05-12;9,6;223;;jah
1955-05-13;8,26;207;;jah
1955-05-14;6,66;187;;jah
1955-05-15;5,86;177;;jah
1955-05-16;5,3;170;;jah
1955-05-17;7,06;192;;jah
1955-05-18;7,06;192;;jah
1955-05-19;6,98;191;;jah
1955-05-20;8,5;210;;jah
1955-05-21;10;228;;jah
1955-05-22;10,6;234;;jah
1955-05-23;8,92;215;;jah
1955-05-24;7,38;196;;jah
1955-05-25;6,26;182;;jah
1955-05-26;5,14;168;;jah
1955-05-27;4,72;164;;jah
1955-05-28;4,49;161;;jah
1955-05-29;4,26;158;;jah
1955-05-30;4,19;157;;jah
1955-05-31;4,12;156;;jah
1955-06-01;4,32;160;;jah
1955-06-02;3,2;144;;jah
1955-06-03;3,13;143;;jah
1955-06-04;3,82;153;;jah
1955-06-05;3,13;143;;jah
1955-06-06;2,71;138;;jah
1955-06-07;2,45;134;;jah
1955-06-08;2,58;136;;jah
1955-06-09;2,84;140;;jah
1955-06-10;2,71;138;;jah
1955-06-11;2,01;128;;jah
1955-06-12;2,24;132;;jah
1955-06-13;1,68;122;;jah
1955-06-14;1,79;124;;jah
1955-06-15;1,74;123;;jah
1955-06-16;1,75;124;;jah
1955-06-17;1,75;124;;jah
1955-06-18;1,75;124;;jah
1955-06-19;1,75;124;;jah
1955-06-20;1,65;122;;jah
1955-06-21;1,64;123;;jah
1955-06-22;1,59;122;;jah
1955-06-23;1,69;124;;jah
1955-06-24;1,69;124;;jah
1955-06-25;1,64;123;;jah
1955-06-26;1,44;120;;jah
1955-06-27;1,36;118;;jah
1955-06-28;1,33;117;;jah
1955-06-29;1,73;126;;jah
1955-06-30;1,68;125;;jah
1955-07-01;1,45;121;;jah
1955-07-02;1,33;118;;jah
1955-07-03;1,59;124;;jah
1955-07-04;1,59;124;;jah
1955-07-05;1,5;122;;jah
1955-07-06;1,42;122;;jah
1955-07-07;1,33;120;;jah
1955-07-08;1,23;117;;jah
1955-07-09;1,19;116;;jah
1955-07-10;1,23;117;;jah
1955-07-11;1,18;118;;jah
1955-07-12;1,11;116;;jah
1955-07-13;1,18;118;;jah
1955-07-14;0,99;112;;jah
1955-07-15;1,18;118;;jah
1955-07-16;1,35;125;;jah
1955-07-17;0,98;114;;jah
1955-07-18;0,92;112;;jah
1955-07-19;0,81;108;;jah
1955-07-20;0,86;110;;jah
1955-07-21;0,78;110;;jah
1955-07-22;0,78;110;;jah
1955-07-23;0,78;110;;jah
1955-07-24;0,89;114;;jah
1955-07-25;1,02;119;;jah
1955-07-26;0,76;111;;jah
1955-07-27;0,76;112;;jah
1955-07-28;0,66;108;;jah
1955-07-29;0,67;109;;jah
1955-07-30;0,68;110;;jah
1955-07-31;0,62;108;;jah
1955-08-01;0,67;112;;jah
1955-08-02;0,75;116;;jah
1955-08-03;0,71;114;;jah
1955-08-04;0,59;108;;jah
1955-08-05;0,59;108;;jah
1955-08-06;0,6;111;;jah
1955-08-07;0,57;109;;jah
1955-08-08;0,6;111;;jah
1955-08-09;0,53;107;;jah
1955-08-10;0,55;108;;jah
1955-08-11;0,51;106;;jah
1955-08-12;0,6;111;;jah
1955-08-13;0,58;110;;jah
1955-08-14;0,58;110;;jah
1955-08-15;0,48;104;;jah
1955-08-16;0,57;109;;jah
1955-08-17;0,58;110;;jah
1955-08-18;0,48;104;;jah
1955-08-19;0,55;108;;jah
1955-08-20;0,6;111;;jah
1955-08-21;0,71;114;;jah
1955-08-22;0,57;107;;jah
1955-08-23;0,64;111;;jah
1955-08-24;0,84;120;;jah
1955-08-25;0,93;123;;jah
1955-08-26;0,8;118;;jah
1955-08-27;0,67;112;;jah
1955-08-28;0,62;110;;jah
1955-08-29;0,69;113;;jah
1955-08-30;0,8;118;;jah
1955-08-31;0,59;108;;jah
1955-09-01;0,63;108;;jah
1955-09-02;0,61;107;;jah
1955-09-03;0,63;108;;jah
1955-09-04;0,82;116;;jah
1955-09-05;0,77;114;;jah
1955-09-06;0,78;112;;jah
1955-09-07;0,83;114;;jah
1955-09-08;0,88;116;;jah
1955-09-09;0,91;117;;jah
1955-09-10;0,83;114;;jah
1955-09-11;0,8;111;;jah
1955-09-12;0,83;112;;jah
1955-09-13;0,8;111;;jah
1955-09-14;0,86;113;;jah
1955-09-15;0,83;112;;jah
1955-09-16;0,95;114;;jah
1955-09-17;0,89;112;;jah
1955-09-18;0,83;110;;jah
1955-09-19;0,83;110;;jah
1955-09-20;0,97;115;;jah
1955-09-21;1,13;118;;jah
1955-09-22;1,1;117;;jah
1955-09-23;1,04;115;;jah
1955-09-24;0,98;113;;jah
1955-09-25;1,01;114;;jah
1955-09-26;1,05;114;;jah
1955-09-27;1,18;118;;jah
1955-09-28;1,18;118;;jah
1955-09-29;1,11;116;;jah
1955-09-30;1,02;113;;jah
1955-10-01;1,1;114;;jah
1955-10-02;0,93;109;;jah
1955-10-03;0,9;108;;jah
1955-10-04;0,9;108;;jah
1955-10-05;0,96;110;;jah
1955-10-06;0,96;110;;jah
1955-10-07;0,96;110;;jah
1955-10-08;0,84;106;;jah
1955-10-09;0,99;111;;jah
1955-10-10;0,99;111;;jah
1955-10-11;0,99;110;;jah
1955-10-12;0,99;110;;jah
1955-10-13;0,87;106;;jah
1955-10-14;0,9;107;;jah
1955-10-15;0,99;110;;jah
1955-10-16;1,69;128;;jah
1955-10-17;1,6;126;;jah
1955-10-18;1,33;120;;jah
1955-10-19;1,79;130;;jah
1955-10-20;1,79;130;;jah
1955-10-21;1,46;122;;jah
1955-10-22;1,46;122;;jah
1955-10-23;1,65;126;;jah
1955-10-24;1,22;116;;jah
1955-10-25;1,01;110;;jah
1955-10-26;1,29;118;;jah
1955-10-27;1,15;114;;jah
1955-10-28;1,22;116;;jah
1955-10-29;1,51;123;;jah
1955-10-30;1,89;131;;jah
1955-10-31;1,94;132;;jah
1955-11-01;1,78;128;;jah
1955-11-02;1,69;126;;jah
1955-11-03;2,89;148;;jah
1955-11-04;1,88;130;;jah
1955-11-05;1,99;132;;jah
1955-11-06;1,88;130;;jah
1955-11-07;1,99;132;;jah
1955-11-08;2,05;133;;jah
1955-11-09;1,26;116;;jah
1955-11-10;1,4;120;;jah
1955-11-11;1,78;128;;jah
1955-11-12;1,99;132;;jah
1955-11-13;1,99;132;;jah
1955-11-14;1,33;118;;jah
1955-11-15;1,83;129;;jah
1955-11-16;1,4;120;;jah
1955-11-17;1,18;114;;jah
1955-11-18;1,22;115;;jah
1955-11-19;1,5;122;;jah
1955-11-20;1,36;119;;jah
1955-11-21;1,4;120;;jah
1955-11-22;1,33;118;;jah
1955-11-23;1,59;124;;jah
1955-11-24;2,22;136;;jah
1955-11-25;1,78;128;;jah
1955-11-26;1,82;127;;jah
1955-11-27;1,43;119;;jah
1955-11-28;1,39;118;;jah
1955-11-29;1,43;119;;jah
1955-11-30;1,28;115;;jah
1955-12-01;1,56;121;;jah
1955-12-02;1,66;123;;jah
1955-12-03;2,02;130;;jah
1955-12-04;2,02;130;;jah
1955-12-05;1,94;128;;jah
1955-12-06;1,71;124;;jah
1955-12-07;1,92;129;;jah
1955-12-08;1,89;132;;jah
1955-12-09;1,46;130;;jah
1955-12-10;1,49;132;;jah
1955-12-11;1,53;134;;jah
1955-12-12;1,48;132;;jah
1955-12-13;1,65;137;;jah
1955-12-14;1,8;140;;jah
1955-12-15;1,45;131;;jah
1955-12-16;1,23;124;;jah
1955-12-17;1,2;123;;jah
1955-12-18;1,27;125;;jah
1955-12-19;1,12;121;;jah
1955-12-20;1,23;124;;jah
1955-12-21;1,49;129;;jah
1955-12-22;1,25;123;;jah
1955-12-23;1,25;123;;jah
1955-12-24;1,25;123;;jah
1955-12-25;1,1;119;;jah
1955-12-26;1,31;123;;jah
1955-12-27;1,43;126;;jah
1955-12-28;1,48;127;;jah
1955-12-29;1,6;130;;jah
1955-12-30;1,98;138;;jah
1955-12-31;2,14;140;;jah
1956-01-01;1,92;135;;jah
1956-01-02;1,97;136;;jah
1956-01-03;1,61;128;;jah
1956-01-04;1,43;124;;jah
1956-01-05;1,37;122;;jah
1956-01-06;1,58;127;;jah
1956-01-07;1,84;132;;jah
1956-01-08;1,65;128;;jah
1956-01-09;1,76;130;;jah
1956-01-10;1,87;132;;jah
1956-01-11;1,79;130;;jah
1956-01-12;1,51;124;;jah
1956-01-13;1,67;127;;jah
1956-01-14;1,65;126;;jah
1956-01-15;1,55;124;;jah
1956-01-16;1,48;122;;jah
1956-01-17;1,4;120;;jah
1956-01-18;1,5;122;;jah
1956-01-19;1,83;129;;jah
1956-01-20;1,64;125;;jah
1956-01-21;1,88;130;;jah
1956-01-22;1,64;125;;jah
1956-01-23;1,55;124;;jah
1956-01-24;1,62;126;;jah
1956-01-25;1,3;120;;jah
1956-01-26;1,5;126;;jah
1956-01-27;1,47;128;;jah
1956-01-28;1,27;125;;jah
1956-01-29;1,14;123;;jah
1956-01-30;0,95;119;;jah
1956-01-31;0,82;116;;jah
1956-02-01;0,88;120;;jah
1956-02-02;0,9;122;;jah
1956-02-03;0,97;126;;jah
1956-02-04;0,85;123;;jah
1956-02-05;0,71;119;;jah
1956-02-06;0,62;115;;jah
1956-02-07;0,65;118;;jah
1956-02-08;0,56;114;;jah
1956-02-09;0,6;118;;jah
1956-02-10;0,58;118;;jah
1956-02-11;0,56;118;;jah
1956-02-12;0,49;114;;jah
1956-02-13;0,45;113;;jah
1956-02-14;0,43;113;;jah
1956-02-15;0,47;116;;jah
1956-02-16;0,48;118;;jah
1956-02-17;0,48;118;;jah
1956-02-18;0,41;114;;jah
1956-02-19;0,4;114;;jah
1956-02-20;0,45;118;;jah
1956-02-21;0,46;120;;jah
1956-02-22;0,36;112;;jah
1956-02-23;0,37;114;;jah
1956-02-24;0,39;116;;jah
1956-02-25;0,43;120;;jah
1956-02-26;0,49;125;;jah
1956-02-27;0,54;128;;jah
1956-02-28;0,48;124;;jah
1956-02-29;0,51;127;;jah
1956-03-01;0,6;133;;jah
1956-03-02;0,53;129;;jah
1956-03-03;0,46;124;;jah
1956-03-04;0,39;120;;jah
1956-03-05;0,42;122;;jah
1956-03-06;0,52;129;;jah
1956-03-07;0,55;132;;jah
1956-03-08;0,55;132;;jah
1956-03-09;0,5;129;;jah
1956-03-10;0,44;124;;jah
1956-03-11;0,46;126;;jah
1956-03-12;0,56;133;;jah
1956-03-13;0,61;136;;jah
1956-03-14;0,73;144;;jah
1956-03-15;0,55;132;;jah
1956-03-16;0,55;132;;jah
1956-03-17;0,53;131;;jah
1956-03-18;0,73;144;;jah
1956-03-19;0,58;134;;jah
1956-03-20;0,46;126;;jah
1956-03-21;0,62;137;;jah
1956-03-22;0,46;126;;jah
1956-03-23;0,52;129;;jah
1956-03-24;0,5;127;;jah
1956-03-25;0,51;128;;jah
1956-03-26;0,69;139;;jah
1956-03-27;0,54;130;;jah
1956-03-28;0,54;129;;jah
1956-03-29;0,66;136;;jah
1956-03-30;0,58;131;;jah
1956-03-31;0,55;128;;jah
1956-04-01;0,66;134;;jah
1956-04-02;0,53;125;;jah
1956-04-03;0,52;124;;jah
1956-04-04;0,67;132;;jah
1956-04-05;0,57;126;;jah
1956-04-06;0,74;134;;jah
1956-04-07;0,66;130;;jah
1956-04-08;0,61;126;;jah
1956-04-09;0,7;130;;jah
1956-04-10;0,75;132;;jah
1956-04-11;0,64;124;;jah
1956-04-12;0,82;132;;jah
1956-04-13;0,82;131;;jah
1956-04-14;0,82;130;;jah
1956-04-15;0,9;132;;jah
1956-04-16;0,76;124;;jah
1956-04-17;0,66;118;;jah
1956-04-18;1,06;130;;jah
1956-04-19;1,32;134;;jah
1956-04-20;1,69;138;;jah
1956-04-21;2,36;146;;jah
1956-04-22;3,1;153;;jah
1956-04-23;5,1;173;;jah
1956-04-24;8,58;212;;jah
1956-04-25;10,9;280;;jah
1956-04-26;15,2;321;;jah
1956-04-27;16,7;332;;jah
1956-04-28;22,6;365;;jah
1956-04-29;29,2;390;;jah
1956-04-30;34;408;;jah
1956-05-01;33,5;402;;jah
1956-05-02;30,3;383;;jah
1956-05-03;29,4;377;;jah
1956-05-04;29,1;376;;jah
1956-05-05;26,1;357;;jah
1956-05-06;19,5;311;;jah
1956-05-07;17,7;297;;jah
1956-05-08;18,6;302;;jah
1956-05-09;16,5;281;;jah
1956-05-10;10,9;228;;jah
1956-05-11;9,83;217;;jah
1956-05-12;7,91;197;;jah
1956-05-13;6,18;178;;jah
1956-05-14;7,2;192;;jah
1956-05-15;6,79;187;;jah
1956-05-16;6,42;184;;jah
1956-05-17;5,35;172;;jah
1956-05-18;4,58;164;;jah
1956-05-19;4,76;167;;jah
1956-05-20;4,82;170;;jah
1956-05-21;4,88;173;;jah
1956-05-22;3,61;156;;jah
1956-05-23;4,72;174;;jah
1956-05-24;3,82;162;;jah
1956-05-25;2,74;146;;jah
1956-05-26;2,35;140;;jah
1956-05-27;2,34;141;;jah
1956-05-28;2,23;140;;jah
1956-05-29;2,02;137;;jah
1956-05-30;1,6;129;;jah
1956-05-31;1,65;131;;jah
1956-06-01;1,55;130;;jah
1956-06-02;1,47;129;;jah
1956-06-03;1,64;133;;jah
1956-06-04;1,55;131;;jah
1956-06-05;2,04;138;;jah
1956-06-06;1,69;133;;jah
1956-06-07;1,29;126;;jah
1956-06-08;1,99;137;;jah
1956-06-09;3,48;158;;jah
1956-06-10;2,92;150;;jah
1956-06-11;1,43;128;;jah
1956-06-12;1,16;123;;jah
1956-06-13;1,1;123;;jah
1956-06-14;0,8;114;;jah
1956-06-15;0,88;118;;jah
1956-06-16;0,83;116;;jah
1956-06-17;0,78;113;;jah
1956-06-18;1,03;121;;jah
1956-06-19;1,67;132;;jah
1956-06-20;0,93;118;;jah
1956-06-21;0,63;109;;jah
1956-06-22;1,05;121;;jah
1956-06-23;1,19;124;;jah
1956-06-24;1,14;123;;jah
1956-06-25;0,83;114;;jah
1956-06-26;1,69;133;;jah
1956-06-27;1,11;118;;jah
1956-06-28;1,27;122;;jah
1956-06-29;1,19;120;;jah
1956-06-30;1,23;121;;jah
1956-07-01;2,07;138;;jah
1956-07-02;4,1;164;;jah
1956-07-03;3,82;160;;jah
1956-07-04;3,52;158;;jah
1956-07-05;2,66;147;;jah
1956-07-06;2,28;141;;jah
1956-07-07;2,3;142;;jah
1956-07-08;1,94;136;;jah
1956-07-09;4,64;172;;jah
1956-07-10;4,5;170;;jah
1956-07-11;4,9;175;;jah
1956-07-12;3,98;163;;jah
1956-07-13;3,44;158;;jah
1956-07-14;2,83;151;;jah
1956-07-15;2,51;147;;jah
1956-07-16;2,79;154;;jah
1956-07-17;2,42;148;;jah
1956-07-18;2,26;146;;jah
1956-07-19;1,7;135;;jah
1956-07-20;1,48;130;;jah
1956-07-21;1,54;132;;jah
1956-07-22;1,38;128;;jah
1956-07-23;1,46;130;;jah
1956-07-24;1,59;133;;jah
1956-07-25;1,98;142;;jah
1956-07-26;2,65;157;;jah
1956-07-27;1,63;134;;jah
1956-07-28;2,24;148;;jah
1956-07-29;2,11;145;;jah
1956-07-30;2,06;144;;jah
1956-07-31;2,15;146;;jah
1956-08-01;2,06;144;;jah
1956-08-02;2,28;149;;jah
1956-08-03;2,51;154;;jah
1956-08-04;2,42;152;;jah
1956-08-05;2,15;146;;jah
1956-08-06;2,06;144;;jah
1956-08-07;2,06;144;;jah
1956-08-08;2,6;156;;jah
1956-08-09;2,7;158;;jah
1956-08-10;2,32;150;;jah
1956-08-11;1,85;139;;jah
1956-08-12;2,32;150;;jah
1956-08-13;2,06;144;;jah
1956-08-14;1,85;139;;jah
1956-08-15;1,72;136;;jah
1956-08-16;1,89;140;;jah
1956-08-17;1,72;136;;jah
1956-08-18;2,06;144;;jah
1956-08-19;2,28;149;;jah
1956-08-20;2,99;164;;jah
1956-08-21;3,24;169;;jah
1956-08-22;3,63;177;;jah
1956-08-23;3,39;172;;jah
1956-08-24;3,19;168;;jah
1956-08-25;3,19;168;;jah
1956-08-26;3,14;167;;jah
1956-08-27;3,34;170;;jah
1956-08-28;3,8;178;;jah
1956-08-29;3,39;170;;jah
1956-08-30;3,03;162;;jah
1956-08-31;3,66;173;;jah
1956-09-01;3,71;173;;jah
1956-09-02;3,82;174;;jah
1956-09-03;3,49;166;;jah
1956-09-04;2,56;148;;jah
1956-09-05;3,18;159;;jah
1956-09-06;2,69;149;;jah
1956-09-07;3,45;162;;jah
1956-09-08;4,16;174;;jah
1956-09-09;3,34;161;;jah
1956-09-10;3,13;158;;jah
1956-09-11;2,54;149;;jah
1956-09-12;1,33;124;;jah
1956-09-13;1,77;136;;jah
1956-09-14;1,92;140;;jah
1956-09-15;1,41;130;;jah
1956-09-16;1,85;142;;jah
1956-09-17;1,42;132;;jah
1956-09-18;1,28;129;;jah
1956-09-19;1,45;134;;jah
1956-09-20;1,65;140;;jah
1956-09-21;1,24;129;;jah
1956-09-22;1,24;129;;jah
1956-09-23;1,32;132;;jah
1956-09-24;1,19;129;;jah
1956-09-25;1,16;128;;jah
1956-09-26;1,08;126;;jah
1956-09-27;1,08;126;;jah
1956-09-28;1,08;126;;jah
1956-09-29;1,19;129;;jah
1956-09-30;1,44;136;;jah
1956-10-01;0,94;121;;jah
1956-10-02;0,99;122;;jah
1956-10-03;2,19;154;;jah
1956-10-04;1,71;140;;jah
1956-10-05;1,32;128;;jah
1956-10-06;1,66;134;;jah
1956-10-07;2,23;144;;jah
1956-10-08;3,47;164;;jah
1956-10-09;3,36;162;;jah
1956-10-10;3,02;156;;jah
1956-10-11;3,54;166;;jah
1956-10-12;2,15;143;;jah
1956-10-13;3,09;158;;jah
1956-10-14;3,7;168;;jah
1956-10-15;2,97;155;;jah
1956-10-16;3,53;165;;jah
1956-10-17;3,18;159;;jah
1956-10-18;2,45;148;;jah
1956-10-19;1,89;138;;jah
1956-10-20;2,48;151;;jah
1956-10-21;1,85;137;;jah
1956-10-22;3,29;166;;jah
1956-10-23;3,02;161;;jah
1956-10-24;2,87;158;;jah
1956-10-25;1,87;137;;jah
1956-10-26;3,39;168;;jah
1956-10-27;2,97;160;;jah
1956-10-28;3,29;166;;jah
1956-10-29;2,23;144;;jah
1956-10-30;1,98;138;;jah
1956-10-31;1,65;131;;jah
1956-11-01;2,71;153;;jah
1956-11-02;1,74;133;;jah
1956-11-03;1,79;134;;jah
1956-11-04;2,36;146;;jah
1956-11-05;2,23;144;;jah
1956-11-06;4,03;180;;jah
1956-11-07;4,03;180;;jah
1956-11-08;3,55;172;;jah
1956-11-09;3,02;161;;jah
1956-11-10;2,24;145;;jah
1956-11-11;2,71;154;;jah
1956-11-12;2,51;150;;jah
1956-11-13;1,93;137;;jah
1956-11-14;1,98;138;;jah
1956-11-15;2,03;139;;jah
1956-11-16;2,03;139;;jah
1956-11-17;1,86;136;;jah
1956-11-18;2,37;147;;jah
1956-11-19;1,92;138;;jah
1956-11-20;1,76;135;;jah
1956-11-21;2,09;143;;jah
1956-11-22;1,52;131;;jah
1956-11-23;1,72;136;;jah
1956-11-24;1,46;130;;jah
1956-11-25;1,43;130;;jah
1956-11-26;1,58;134;;jah
1956-11-27;1,41;130;;jah
1956-11-28;1,39;130;;jah
1956-11-29;1,39;130;;jah
1956-11-30;1,37;129;;jah
1956-12-01;1,66;136;;jah
1956-12-02;1,58;134;;jah
1956-12-03;1,83;140;;jah
1956-12-04;1,56;133;;jah
1956-12-05;1,29;126;;jah
1956-12-06;1,52;132;;jah
1956-12-07;1,5;131;;jah
1956-12-08;1,63;134;;jah
1956-12-09;2,1;144;;jah
1956-12-10;1,5;130;;jah
1956-12-11;1,43;127;;jah
1956-12-12;1,76;134;;jah
1956-12-13;1,96;137;;jah
1956-12-14;2,04;138;;jah
1956-12-15;1,84;132;;jah
1956-12-16;3,9;164;;jah
1956-12-17;6,49;196;;jah
1956-12-18;10;237;;jah
1956-12-19;7,76;208;;jah
1956-12-20;6,13;187;;jah
1956-12-21;5,2;176;;jah
1956-12-22;4,11;168;;jah
1956-12-23;3,19;156;;jah
1956-12-24;2,95;153;;jah
1956-12-25;2,18;141;;jah
1956-12-26;2,15;141;;jah
1956-12-27;1,57;130;;jah
1956-12-28;1,83;136;;jah
1956-12-29;1,62;132;;jah
1956-12-30;1,35;126;;jah
1956-12-31;1,2;123;;jah
1957-01-01;1,23;124;;jah
1957-01-02;1,31;133;;jah
1957-01-03;1,4;140;;jah
1957-01-04;1,6;125;;jah
1957-01-05;1,88;139;;jah
1957-01-06;2,31;148;;jah
1957-01-07;2,22;146;;jah
1957-01-08;2,59;153;;jah
1957-01-09;3,71;174;;jah
1957-01-10;5;200;;jah
1957-01-11;3,6;174;;jah
1957-01-12;2,7;158;;jah
1957-01-13;2,03;144;;jah
1957-01-14;1,59;132;;jah
1957-01-15;1,47;144;;jah
1957-01-16;1,42;154;;jah
1957-01-17;1,42;154;;jah
1957-01-18;1,46;145;;jah
1957-01-19;1,54;132;;jah
1957-01-20;1,78;138;;jah
1957-01-21;2,12;143;;jah
1957-01-22;2,89;176;;jah
1957-01-23;2,97;178;;jah
1957-01-24;3,03;178;;jah
1957-01-25;2,76;170;;jah
1957-01-26;1,92;148;;jah
1957-01-27;1,87;146;;jah
1957-01-28;1,57;138;;jah
1957-01-29;1,33;131;;jah
1957-01-30;1,43;133;;jah
1957-01-31;1,34;130;;jah
1957-02-01;1,33;129;;jah
1957-02-02;3,36;162;;jah
1957-02-03;6,84;202;;jah
1957-02-04;6,07;190;;jah
1957-02-05;5,71;184;;jah
1957-02-06;5,86;186;;jah
1957-02-07;6,21;192;;jah
1957-02-08;5,53;187;;jah
1957-02-09;3,86;168;;jah
1957-02-10;2,55;147;;jah
1957-02-11;2,46;146;;jah
1957-02-12;2,46;146;;jah
1957-02-13;2,88;154;;jah
1957-02-14;2,46;146;;jah
1957-02-15;2,56;148;;jah
1957-02-16;4,42;172;;jah
1957-02-17;5,52;183;;jah
1957-02-18;5,25;180;;jah
1957-02-19;3,47;154;;jah
1957-02-20;3,82;160;;jah
1957-02-21;2,8;144;;jah
1957-02-22;2,68;142;;jah
1957-02-23;2,16;134;;jah
1957-02-24;1,88;129;;jah
1957-02-25;2,16;134;;jah
1957-02-26;2,39;138;;jah
1957-02-27;2,27;136;;jah
1957-02-28;2,27;136;;jah
1957-03-01;2,36;138;;jah
1957-03-02;2,13;134;;jah
1957-03-03;1,96;131;;jah
1957-03-04;2,1;134;;jah
1957-03-05;2,49;142;;jah
1957-03-06;1,97;133;;jah
1957-03-07;2;134;;jah
1957-03-08;2,31;141;;jah
1957-03-09;1,87;133;;jah
1957-03-10;1,69;130;;jah
1957-03-11;1,74;132;;jah
1957-03-12;1,77;133;;jah
1957-03-13;1,6;130;;jah
1957-03-14;1,62;131;;jah
1957-03-15;2,01;140;;jah
1957-03-16;1,55;131;;jah
1957-03-17;1,44;129;;jah
1957-03-18;1,46;130;;jah
1957-03-19;1,82;139;;jah
1957-03-20;1,52;132;;jah
1957-03-21;1,43;130;;jah
1957-03-22;1,52;132;;jah
1957-03-23;1,48;131;;jah
1957-03-24;1,29;126;;jah
1957-03-25;1,29;126;;jah
1957-03-26;1,14;122;;jah
1957-03-27;1,07;120;;jah
1957-03-28;1,12;122;;jah
1957-03-29;1,82;142;;jah
1957-03-30;5,68;216;;jah
1957-03-31;10,4;270;;jah
1957-04-01;11,9;282;;jah
1957-04-02;14;296;;jah
1957-04-03;16;292;;jah
1957-04-04;14,6;279;;jah
1957-04-05;13,2;266;;jah
1957-04-06;13,1;265;;jah
1957-04-07;12;253;;jah
1957-04-08;10,6;239;;jah
1957-04-09;8,17;219;;jah
1957-04-10;4,6;179;;jah
1957-04-11;4,6;179;;jah
1957-04-12;4,08;171;;jah
1957-04-13;4,77;182;;jah
1957-04-14;4,15;172;;jah
1957-04-15;4,16;174;;jah
1957-04-16;4,45;180;;jah
1957-04-17;4,69;184;;jah
1957-04-18;3,08;157;;jah
1957-04-19;3,99;173;;jah
1957-04-20;3,2;160;;jah
1957-04-21;3,37;164;;jah
1957-04-22;3,49;166;;jah
1957-04-23;3,49;167;;jah
1957-04-24;3,17;162;;jah
1957-04-25;3,5;168;;jah
1957-04-26;3,28;164;;jah
1957-04-27;3,23;164;;jah
1957-04-28;2,72;155;;jah
1957-04-29;2,68;155;;jah
1957-04-30;2,59;154;;jah
1957-05-01;3,6;168;;jah
1957-05-02;4,31;172;;jah
1957-05-03;5,97;184;;jah
1957-05-04;5,7;182;;jah
1957-05-05;5,37;180;;jah
1957-05-06;3,9;164;;jah
1957-05-07;3,31;162;;jah
1957-05-08;3,64;167;;jah
1957-05-09;4,45;179;;jah
1957-05-10;4,78;182;;jah
1957-05-11;4,38;182;;jah
1957-05-12;3,55;170;;jah
1957-05-13;3,65;174;;jah
1957-05-14;2,78;158;;jah
1957-05-15;2,78;158;;jah
1957-05-16;2,36;150;;jah
1957-05-17;2,84;160;;jah
1957-05-18;2,79;160;;jah
1957-05-19;2,32;150;;jah
1957-05-20;2,42;152;;jah
1957-05-21;1,72;136;;jah
1957-05-22;1,8;138;;jah
1957-05-23;1,63;134;;jah
1957-05-24;1,85;139;;jah
1957-05-25;1,59;133;;jah
1957-05-26;1,63;134;;jah
1957-05-27;1,54;132;;jah
1957-05-28;1,63;134;;jah
1957-05-29;1,72;136;;jah
1957-05-30;1,65;135;;jah
1957-05-31;1,73;137;;jah
1957-06-01;1,69;136;;jah
1957-06-02;1,66;136;;jah
1957-06-03;1,49;132;;jah
1957-06-04;1,34;128;;jah
1957-06-05;1,47;132;;jah
1957-06-06;1,77;140;;jah
1957-06-07;1,9;144;;jah
1957-06-08;1,7;139;;jah
1957-06-09;1,62;137;;jah
1957-06-10;1,58;136;;jah
1957-06-11;1,29;128;;jah
1957-06-12;1,29;128;;jah
1957-06-13;1,22;126;;jah
1957-06-14;1,44;132;;jah
1957-06-15;1,24;126;;jah
1957-06-16;1,03;120;;jah
1957-06-17;1,17;124;;jah
1957-06-18;1,1;122;;jah
1957-06-19;1,1;122;;jah
1957-06-20;1,24;126;;jah
1957-06-21;1,1;122;;jah
1957-06-22;1,22;126;;jah
1957-06-23;1,15;124;;jah
1957-06-24;1,15;124;;jah
1957-06-25;1,15;124;;jah
1957-06-26;1,08;122;;jah
1957-06-27;1,07;122;;jah
1957-06-28;1,11;124;;jah
1957-06-29;1,11;124;;jah
1957-06-30;1,37;132;;jah
1957-07-01;1,01;122;;jah
1957-07-02;1,12;126;;jah
1957-07-03;0,99;122;;jah
1957-07-04;0,97;122;;jah
1957-07-05;1,13;126;;jah
1957-07-06;1,16;128;;jah
1957-07-07;1,03;124;;jah
1957-07-08;1,05;125;;jah
1957-07-09;1,14;128;;jah
1957-07-10;0,92;121;;jah
1957-07-11;0,9;121;;jah
1957-07-12;1;124;;jah
1957-07-13;0,94;122;;jah
1957-07-14;0,88;120;;jah
1957-07-15;0,88;120;;jah
1957-07-16;0,88;120;;jah
1957-07-17;1,47;136;;jah
1957-07-18;1,52;136;;jah
1957-07-19;1,01;122;;jah
1957-07-20;1;124;;jah
1957-07-21;0,86;122;;jah
1957-07-22;0,86;122;;jah
1957-07-23;0,9;124;;jah
1957-07-24;0,9;125;;jah
1957-07-25;0,7;118;;jah
1957-07-26;0,89;123;;jah
1957-07-27;1,18;128;;jah
1957-07-28;1,19;127;;jah
1957-07-29;1,23;128;;jah
1957-07-30;1,19;127;;jah
1957-07-31;1,23;128;;jah
1957-08-01;1,23;128;;jah
1957-08-02;1,28;129;;jah
1957-08-03;1,25;128;;jah
1957-08-04;1,25;128;;jah
1957-08-05;1,29;130;;jah
1957-08-06;1,29;130;;jah
1957-08-07;1,29;130;;jah
1957-08-08;1,22;128;;jah
1957-08-09;1,14;126;;jah
1957-08-10;1,2;128;;jah
1957-08-11;1,27;130;;jah
1957-08-12;1,12;126;;jah
1957-08-13;1,15;127;;jah
1957-08-14;1,12;126;;jah
1957-08-15;1,12;126;;jah
1957-08-16;1,18;128;;jah
1957-08-17;1,2;128;;jah
1957-08-18;1,27;130;;jah
1957-08-19;1,23;128;;jah
1957-08-20;1,29;130;;jah
1957-08-21;1,32;130;;jah
1957-08-22;1,38;131;;jah
1957-08-23;1,4;131;;jah
1957-08-24;1,33;129;;jah
1957-08-25;1,72;138;;jah
1957-08-26;1,66;136;;jah
1957-08-27;1,78;138;;jah
1957-08-28;1,88;139;;jah
1957-08-29;1,95;140;;jah
1957-08-30;1,89;138;;jah
1957-08-31;1,92;138;;jah
1957-09-01;2;139;;jah
1957-09-02;2,07;140;;jah
1957-09-03;2,2;142;;jah
1957-09-04;2,56;148;;jah
1957-09-05;2,25;143;;jah
1957-09-06;2;139;;jah
1957-09-07;2,12;143;;jah
1957-09-08;2,01;142;;jah
1957-09-09;1,8;138;;jah
1957-09-10;1,69;136;;jah
1957-09-11;1,66;136;;jah
1957-09-12;1,41;130;;jah
1957-09-13;1,91;142;;jah
1957-09-14;1,52;132;;jah
1957-09-15;1,69;136;;jah
1957-09-16;1,67;135;;jah
1957-09-17;1,92;140;;jah
1957-09-18;2;141;;jah
1957-09-19;1,8;136;;jah
1957-09-20;2,11;142;;jah
1957-09-21;1,79;134;;jah
1957-09-22;2,43;146;;jah
1957-09-23;2,6;148;;jah
1957-09-24;2,94;151;;jah
1957-09-25;2,3;142;;jah
1957-09-26;1,73;144;;jah
1957-09-27;1,31;137;;jah
1957-09-28;1,4;142;;jah
1957-09-29;1,28;138;;jah
1957-09-30;1,34;140;;jah
1957-10-01;1,28;137;;jah
1957-10-02;1,6;146;;jah
1957-10-03;1,5;142;;jah
1957-10-04;1,8;150;;jah
1957-10-05;1,84;150;;jah
1957-10-06;1,91;150;;jah
1957-10-07;2,11;153;;jah
1957-10-08;2,39;158;;jah
1957-10-09;2,18;152;;jah
1957-10-10;2,13;149;;jah
1957-10-11;2,57;158;;jah
1957-10-12;2,94;165;;jah
1957-10-13;3,04;166;;jah
1957-10-14;3,24;168;;jah
1957-10-15;3,44;170;;jah
1957-10-16;4,3;180;;jah
1957-10-17;3,87;176;;jah
1957-10-18;3,09;166;;jah
1957-10-19;2,88;168;;jah
1957-10-20;2,3;161;;jah
1957-10-21;2,9;168;;jah
1957-10-22;2,79;166;;jah
1957-10-23;2,74;166;;jah
1957-10-24;2,88;168;;jah
1957-10-25;2,7;164;;jah
1957-10-26;2,88;168;;jah
1957-10-27;2,79;166;;jah
1957-10-28;2,79;166;;jah
1957-10-29;2,74;165;;jah
1957-10-30;2,74;165;;jah
1957-10-31;2,84;166;;jah
1957-11-01;3,72;180;;jah
1957-11-02;4,4;184;;jah
1957-11-03;3,66;172;;jah
1957-11-04;3,44;170;;jah
1957-11-05;3,34;170;;jah
1957-11-06;2,84;161;;jah
1957-11-07;2,38;152;;jah
1957-11-08;2,43;153;;jah
1957-11-09;2,58;156;;jah
1957-11-10;2,79;160;;jah
1957-11-11;2,46;152;;jah
1957-11-12;2,04;142;;jah
1957-11-13;2,13;144;;jah
1957-11-14;2,13;144;;jah
1957-11-15;2,22;146;;jah
1957-11-16;2,22;146;;jah
1957-11-17;2,23;147;;jah
1957-11-18;1,83;138;;jah
1957-11-19;1,59;133;;jah
1957-11-20;1,86;140;;jah
1957-11-21;2,04;145;;jah
1957-11-22;1,92;143;;jah
1957-11-23;1,69;138;;jah
1957-11-24;1,42;132;;jah
1957-11-25;1,42;132;;jah
1957-11-26;1,5;134;;jah
1957-11-27;1,66;138;;jah
1957-11-28;1,62;137;;jah
1957-11-29;1,38;131;;jah
1957-11-30;1,44;132;;jah
1957-12-01;1,19;125;;jah
1957-12-02;1,43;131;;jah
1957-12-03;1,58;134;;jah
1957-12-04;1,52;132;;jah
1957-12-05;1,42;129;;jah
1957-12-06;1,31;126;;jah
1957-12-07;1,66;134;;jah
1957-12-08;1,33;126;;jah
1957-12-09;1,4;128;;jah
1957-12-10;1,37;127;;jah
1957-12-11;1,31;126;;jah
1957-12-12;1,35;127;;jah
1957-12-13;1,27;125;;jah
1957-12-14;1,32;127;;jah
1957-12-15;1,19;124;;jah
1957-12-16;1,27;126;;jah
1957-12-17;1,12;122;;jah
1957-12-18;1,34;128;;jah
1957-12-19;1,41;130;;jah
1957-12-20;1,43;130;;jah
1957-12-21;2,36;150;;jah
1957-12-22;2,54;152;;jah
1957-12-23;2,32;146;;jah
1957-12-24;2,3;144;;jah
1957-12-25;2,46;146;;jah
1957-12-26;2,46;144;;jah
1957-12-27;3,06;153;;jah
1957-12-28;3,86;164;;jah
1957-12-29;4,45;170;;jah
1957-12-30;4,89;174;;jah
1957-12-31;4,56;170;;jah
1958-01-01;3,68;162;;jah
1958-01-02;3,45;162;;jah
1958-01-03;3,03;174;;jah
1958-01-04;2,74;159;;jah
1958-01-05;2,61;158;;jah
1958-01-06;2,39;155;;jah
1958-01-07;2,22;152;;jah
1958-01-08;1,87;145;;jah
1958-01-09;1,8;144;;jah
1958-01-10;1,84;146;;jah
1958-01-11;1,8;146;;jah
1958-01-12;1,77;146;;jah
1958-01-13;1,88;150;;jah
1958-01-14;2,14;157;;jah
1958-01-15;1,91;152;;jah
1958-01-16;1,87;152;;jah
1958-01-17;1,8;150;;jah
1958-01-18;1,73;148;;jah
1958-01-19;1,7;148;;jah
1958-01-20;1,76;150;;jah
1958-01-21;1,53;144;;jah
1958-01-22;1,27;136;;jah
1958-01-23;1,11;131;;jah
1958-01-24;1,11;131;;jah
1958-01-25;1,15;132;;jah
1958-01-26;0,87;123;;jah
1958-01-27;0,84;122;;jah
1958-01-28;0,84;122;;jah
1958-01-29;0,9;124;;jah
1958-01-30;1;128;;jah
1958-01-31;0,84;122;;jah
1958-02-01;0,87;123;;jah
1958-02-02;0,84;122;;jah
1958-02-03;0,84;122;;jah
1958-02-04;0,81;121;;jah
1958-02-05;0,9;124;;jah
1958-02-06;0,9;124;;jah
1958-02-07;0,81;121;;jah
1958-02-08;0,9;124;;jah
1958-02-09;0,84;122;;jah
1958-02-10;0,9;124;;jah
1958-02-11;0,81;121;;jah
1958-02-12;0,84;122;;jah
1958-02-13;0,9;124;;jah
1958-02-14;0,84;122;;jah
1958-02-15;0,9;124;;jah
1958-02-16;0,9;124;;jah
1958-02-17;0,92;125;;jah
1958-02-18;0,95;126;;jah
1958-02-19;0,9;124;;jah
1958-02-20;0,83;121;;jah
1958-02-21;0,97;126;;jah
1958-02-22;0,86;122;;jah
1958-02-23;0,86;122;;jah
1958-02-24;0,92;124;;jah
1958-02-25;0,92;124;;jah
1958-02-26;0,88;122;;jah
1958-02-27;0,94;124;;jah
1958-02-28;0,82;120;;jah
1958-03-01;0,9;122;;jah
1958-03-02;0,96;124;;jah
1958-03-03;1,1;129;;jah
1958-03-04;0,96;124;;jah
1958-03-05;0,95;123;;jah
1958-03-06;1,06;126;;jah
1958-03-07;1,12;128;;jah
1958-03-08;1,12;128;;jah
1958-03-09;0,94;122;;jah
1958-03-10;1,24;132;;jah
1958-03-11;1,01;124;;jah
1958-03-12;1,05;125;;jah
1958-03-13;1,01;124;;jah
1958-03-14;1,07;125;;jah
1958-03-15;1,03;124;;jah
1958-03-16;1,03;124;;jah
1958-03-17;1,03;124;;jah
1958-03-18;1,03;124;;jah
1958-03-19;1,16;128;;jah
1958-03-20;0,95;122;;jah
1958-03-21;0,98;123;;jah
1958-03-22;0,94;122;;jah
1958-03-23;1;124;;jah
1958-03-24;1,01;126;;jah
1958-03-25;1,05;132;;jah
1958-03-26;0,94;122;;jah
1958-03-27;0,94;122;;jah
1958-03-28;1;124;;jah
1958-03-29;0,9;121;;jah
1958-03-30;0,94;122;;jah
1958-03-31;1,06;126;;jah
1958-04-01;1;124;;jah
1958-04-02;1,06;126;;jah
1958-04-03;0,94;122;;jah
1958-04-04;0,96;123;;jah
1958-04-05;1,01;124;;jah
1958-04-06;1,05;125;;jah
1958-04-07;1,16;128;;jah
1958-04-08;0,99;122;;jah
1958-04-09;0,98;121;;jah
1958-04-10;1,25;128;;jah
1958-04-11;1,34;130;;jah
1958-04-12;1,21;125;;jah
1958-04-13;1,63;134;;jah
1958-04-14;1,64;132;;jah
1958-04-15;2,53;148;;jah
1958-04-16;4,64;181;;jah
1958-04-17;5,39;189;;jah
1958-04-18;9,44;248;;jah
1958-04-19;12,3;281;;jah
1958-04-20;12,5;276;;jah
1958-04-21;12,1;264;;jah
1958-04-22;11;246;;jah
1958-04-23;10,5;242;;jah
1958-04-24;10,2;240;;jah
1958-04-25;9,05;227;;jah
1958-04-26;8,76;222;;jah
1958-04-27;8,85;222;;jah
1958-04-28;8,87;221;;jah
1958-04-29;8,65;216;;jah
1958-04-30;8,5;212;;jah
1958-05-01;8,49;211;;jah
1958-05-02;8,5;210;;jah
1958-05-03;8,34;208;;jah
1958-05-04;7,54;199;;jah
1958-05-05;7,39;197;;jah
1958-05-06;6,61;188;;jah
1958-05-07;6,13;182;;jah
1958-05-08;6,23;184;;jah
1958-05-09;6,23;184;;jah
1958-05-10;6,38;186;;jah
1958-05-11;6,16;184;;jah
1958-05-12;6,16;184;;jah
1958-05-13;5,64;178;;jah
1958-05-14;5,64;178;;jah
1958-05-15;5,96;183;;jah
1958-05-16;5,88;182;;jah
1958-05-17;6,03;184;;jah
1958-05-18;5,88;182;;jah
1958-05-19;6,19;186;;jah
1958-05-20;6,03;184;;jah
1958-05-21;4,98;170;;jah
1958-05-22;4,98;170;;jah
1958-05-23;4,26;161;;jah
1958-05-24;3,86;156;;jah
1958-05-25;4,19;162;;jah
1958-05-26;3,43;152;;jah
1958-05-27;2,62;140;;jah
1958-05-28;2,5;140;;jah
1958-05-29;2,73;147;;jah
1958-05-30;1,99;136;;jah
1958-05-31;2,07;140;;jah
1958-06-01;1,98;140;;jah
1958-06-02;1,63;134;;jah
1958-06-03;1,49;132;;jah
1958-06-04;1,72;138;;jah
1958-06-05;1,69;138;;jah
1958-06-06;1,69;138;;jah
1958-06-07;1,61;136;;jah
1958-06-08;1,66;138;;jah
1958-06-09;1,42;132;;jah
1958-06-10;1,66;138;;jah
1958-06-11;1,25;128;;jah
1958-06-12;1,47;134;;jah
1958-06-13;1,32;130;;jah
1958-06-14;1,36;131;;jah
1958-06-15;1,29;130;;jah
1958-06-16;1,07;124;;jah
1958-06-17;0,99;122;;jah
1958-06-18;1,05;125;;jah
1958-06-19;1,07;128;;jah
1958-06-20;0,86;122;;jah
1958-06-21;0,98;129;;jah
1958-06-22;0,74;120;;jah
1958-06-23;0,93;126;;jah
1958-06-24;1,19;131;;jah
1958-06-25;2,02;149;;jah
1958-06-26;2,89;164;;jah
1958-06-27;2,74;160;;jah
1958-06-28;2,47;154;;jah
1958-06-29;2,2;148;;jah
1958-06-30;1,95;142;;jah
1958-07-01;1,75;138;;jah
1958-07-02;1,63;136;;jah
1958-07-03;1,63;136;;jah
1958-07-04;1,69;138;;jah
1958-07-05;1,77;140;;jah
1958-07-06;1,61;136;;jah
1958-07-07;1,66;138;;jah
1958-07-08;1,39;132;;jah
1958-07-09;1,63;138;;jah
1958-07-10;1,6;138;;jah
1958-07-11;1,53;137;;jah
1958-07-12;1,17;127;;jah
1958-07-13;1,07;124;;jah
1958-07-14;0,93;120;;jah
1958-07-15;1;123;;jah
1958-07-16;1,1;126;;jah
1958-07-17;0,95;122;;jah
1958-07-18;1,24;132;;jah
1958-07-19;1,02;125;;jah
1958-07-20;0,94;122;;jah
1958-07-21;0,94;122;;jah
1958-07-22;0,94;122;;jah
1958-07-23;1,01;124;;jah
1958-07-24;1,26;131;;jah
1958-07-25;1,22;130;;jah
1958-07-26;1,32;132;;jah
1958-07-27;1,11;125;;jah
1958-07-28;1,33;131;;jah
1958-07-29;1,47;134;;jah
1958-07-30;1,38;131;;jah
1958-07-31;1,61;136;;jah
1958-08-01;1,53;134;;jah
1958-08-02;1,36;130;;jah
1958-08-03;1,22;126;;jah
1958-08-04;1,36;130;;jah
1958-08-05;1,24;127;;jah
1958-08-06;1,19;127;;jah
1958-08-07;1,24;129;;jah
1958-08-08;1,16;128;;jah
1958-08-09;1,02;125;;jah
1958-08-10;1,06;126;;jah
1958-08-11;0,98;124;;jah
1958-08-12;1,03;126;;jah
1958-08-13;1,15;130;;jah
1958-08-14;1,29;134;;jah
1958-08-15;1,09;128;;jah
1958-08-16;1,18;130;;jah
1958-08-17;1,12;128;;jah
1958-08-18;1,52;140;;jah
1958-08-19;1,24;132;;jah
1958-08-20;1,32;134;;jah
1958-08-21;1,14;129;;jah
1958-08-22;1,18;130;;jah
1958-08-23;1,32;134;;jah
1958-08-24;1,12;128;;jah
1958-08-25;1,12;128;;jah
1958-08-26;1,52;140;;jah
1958-08-27;1,22;132;;jah
1958-08-28;1,07;128;;jah
1958-08-29;1,07;128;;jah
1958-08-30;1,2;133;;jah
1958-08-31;0,97;126;;jah
1958-09-01;0,92;125;;jah
1958-09-02;1,22;136;;jah
1958-09-03;0,78;121;;jah
1958-09-04;0,91;127;;jah
1958-09-05;0,87;126;;jah
1958-09-06;0,75;122;;jah
1958-09-07;0,85;127;;jah
1958-09-08;0,85;127;;jah
1958-09-09;0,85;128;;jah
1958-09-10;0,76;124;;jah
1958-09-11;0,85;128;;jah
1958-09-12;0,85;128;;jah
1958-09-13;0,78;125;;jah
1958-09-14;0,76;124;;jah
1958-09-15;0,76;124;;jah
1958-09-16;0,87;129;;jah
1958-09-17;0,71;122;;jah
1958-09-18;0,85;128;;jah
1958-09-19;0,8;126;;jah
1958-09-20;0,85;128;;jah
1958-09-21;0,87;128;;jah
1958-09-22;0,68;120;;jah
1958-09-23;0,87;128;;jah
1958-09-24;0,73;122;;jah
1958-09-25;0,66;118;;jah
1958-09-26;1,19;138;;jah
1958-09-27;1,13;134;;jah
1958-09-28;1,6;144;;jah
1958-09-29;1,21;134;;jah
1958-09-30;0,94;128;;jah
1958-10-01;0,71;122;;jah
1958-10-02;0,67;122;;jah
1958-10-03;0,68;124;;jah
1958-10-04;0,72;126;;jah
1958-10-05;0,75;130;;jah
1958-10-06;0,76;129;;jah
1958-10-07;0,7;126;;jah
1958-10-08;0,72;126;;jah
1958-10-09;0,8;129;;jah
1958-10-10;0,85;128;;jah
1958-10-11;0,96;130;;jah
1958-10-12;1,18;134;;jah
1958-10-13;1,2;133;;jah
1958-10-14;1,46;138;;jah
1958-10-15;1,91;148;;jah
1958-10-16;1,83;144;;jah
1958-10-17;1,32;132;;jah
1958-10-18;1,44;136;;jah
1958-10-19;1,59;140;;jah
1958-10-20;0,85;118;;jah
1958-10-21;1,34;134;;jah
1958-10-22;1,34;134;;jah
1958-10-23;1,2;130;;jah
1958-10-24;1,62;141;;jah
1958-10-25;1,37;134;;jah
1958-10-26;1,59;140;;jah
1958-10-27;1,44;136;;jah
1958-10-28;1,29;132;;jah
1958-10-29;1,39;134;;jah
1958-10-30;1,51;137;;jah
1958-10-31;1,18;128;;jah
1958-11-01;1,18;128;;jah
1958-11-02;1,47;136;;jah
1958-11-03;1,28;131;;jah
1958-11-04;1,12;126;;jah
1958-11-05;1,03;124;;jah
1958-11-06;1,16;128;;jah
1958-11-07;1,16;128;;jah
1958-11-08;1,1;126;;jah
1958-11-09;0,95;122;;jah
1958-11-10;1,05;125;;jah
1958-11-11;1,23;131;;jah
1958-11-12;1,27;132;;jah
1958-11-13;1,34;134;;jah
1958-11-14;1,27;132;;jah
1958-11-15;1,44;136;;jah
1958-11-16;1,33;133;;jah
1958-11-17;1,29;132;;jah
1958-11-18;1,29;132;;jah
1958-11-19;0,97;122;;jah
1958-11-20;0,99;122;;jah
1958-11-21;1,05;124;;jah
1958-11-22;1,25;130;;jah
1958-11-23;1,2;128;;jah
1958-11-24;1,17;127;;jah
1958-11-25;1,38;133;;jah
1958-11-26;1,29;130;;jah
1958-11-27;1,52;136;;jah
1958-11-28;1,51;135;;jah
1958-11-29;1,74;140;;jah
1958-11-30;1,93;144;;jah
1958-12-01;1,63;136;;jah
1958-12-02;2,21;149;;jah
1958-12-03;1,83;140;;jah
1958-12-04;1,86;140;;jah
1958-12-05;1,98;142;;jah
1958-12-06;2,19;146;;jah
1958-12-07;1,91;139;;jah
1958-12-08;1,77;136;;jah
1958-12-09;1,59;132;;jah
1958-12-10;1,5;130;;jah
1958-12-11;1,75;136;;jah
1958-12-12;1,44;129;;jah
1958-12-13;1,63;134;;jah
1958-12-14;1,36;128;;jah
1958-12-15;1,27;126;;jah
1958-12-16;1,55;134;;jah
1958-12-17;1,61;136;;jah
1958-12-18;1,5;134;;jah
1958-12-19;1,09;124;;jah
1958-12-20;1,31;131;;jah
1958-12-21;1,29;132;;jah
1958-12-22;1,13;127;;jah
1958-12-23;1,26;131;;jah
1958-12-24;1,16;128;;jah
1958-12-25;1,16;128;;jah
1958-12-26;1,29;132;;jah
1958-12-27;1,33;133;;jah
1958-12-28;1,19;129;;jah
1958-12-29;1,16;128;;jah
1958-12-30;1,16;128;;jah
1958-12-31;1,28;131;;jah
1959-01-01;1,18;126;;jah
1959-01-02;1,15;125;;jah
1959-01-03;1,32;130;;jah
1959-01-04;1,34;130;;jah
1959-01-05;1,25;128;;jah
1959-01-06;1,55;136;;jah
1959-01-07;1,28;129;;jah
1959-01-08;1,28;129;;jah
1959-01-09;1,29;130;;jah
1959-01-10;1,26;129;;jah
1959-01-11;1,27;130;;jah
1959-01-12;1,25;130;;jah
1959-01-13;1,22;130;;jah
1959-01-14;1,2;130;;jah
1959-01-15;1,28;133;;jah
1959-01-16;1,25;133;;jah
1959-01-17;1,26;134;;jah
1959-01-18;1,17;132;;jah
1959-01-19;1,16;133;;jah
1959-01-20;1,28;136;;jah
1959-01-21;1,24;135;;jah
1959-01-22;1,49;141;;jah
1959-01-23;2,21;158;;jah
1959-01-24;4;193;;jah
1959-01-25;3,83;184;;jah
1959-01-26;3,83;184;;jah
1959-01-27;3,67;180;;jah
1959-01-28;3,59;178;;jah
1959-01-29;3,42;174;;jah
1959-01-30;3,33;172;;jah
1959-01-31;3,25;170;;jah
1959-02-01;3,01;164;;jah
1959-02-02;2,89;161;;jah
1959-02-03;2,67;156;;jah
1959-02-04;2,84;160;;jah
1959-02-05;2,45;150;;jah
1959-02-06;2,75;158;;jah
1959-02-07;2,17;144;;jah
1959-02-08;2,59;154;;jah
1959-02-09;2,34;148;;jah
1959-02-10;2,38;149;;jah
1959-02-11;2,17;144;;jah
1959-02-12;2,17;144;;jah
1959-02-13;2,34;148;;jah
1959-02-14;2,09;142;;jah
1959-02-15;2,09;142;;jah
1959-02-16;2,05;141;;jah
1959-02-17;2,05;141;;jah
1959-02-18;1,75;133;;jah
1959-02-19;2,29;144;;jah
1959-02-20;2,29;144;;jah
1959-02-21;2,07;140;;jah
1959-02-22;2,13;141;;jah
1959-02-23;1,92;137;;jah
1959-02-24;2,35;145;;jah
1959-02-25;1,98;138;;jah
1959-02-26;2,07;140;;jah
1959-02-27;2,29;144;;jah
1959-02-28;2,04;139;;jah
1959-03-01;2,75;153;;jah
1959-03-02;3,46;168;;jah
1959-03-03;3,88;176;;jah
1959-03-04;4,19;182;;jah
1959-03-05;4,09;180;;jah
1959-03-06;4,03;179;;jah
1959-03-07;4,03;179;;jah
1959-03-08;4,28;184;;jah
1959-03-09;4,34;185;;jah
1959-03-10;4,49;188;;jah
1959-03-11;4,25;183;;jah
1959-03-12;3,92;176;;jah
1959-03-13;3,74;172;;jah
1959-03-14;3,16;160;;jah
1959-03-15;2,95;156;;jah
1959-03-16;2,7;150;;jah
1959-03-17;2,7;150;;jah
1959-03-18;2,59;148;;jah
1959-03-19;2,48;146;;jah
1959-03-20;2,7;150;;jah
1959-03-21;2,92;154;;jah
1959-03-22;3,15;158;;jah
1959-03-23;3,94;171;;jah
1959-03-24;5,7;196;;jah
1959-03-25;7,4;220;;jah
1959-03-26;8,62;236;;jah
1959-03-27;8,89;236;;jah
1959-03-28;8,99;238;;jah
1959-03-29;8,66;232;;jah
1959-03-30;7,95;218;;jah
1959-03-31;6,1;196;;jah
1959-04-01;5,72;191;;jah
1959-04-02;5,19;184;;jah
1959-04-03;5,8;192;;jah
1959-04-04;5,8;192;;jah
1959-04-05;5,65;190;;jah
1959-04-06;4,8;179;;jah
1959-04-07;5,8;190;;jah
1959-04-08;6,05;193;;jah
1959-04-09;7,28;208;;jah
1959-04-10;7,63;212;;jah
1959-04-11;8,5;222;;jah
1959-04-12;8,4;222;;jah
1959-04-13;8,19;220;;jah
1959-04-14;6,76;204;;jah
1959-04-15;5,49;188;;jah
1959-04-16;5,06;182;;jah
1959-04-17;4,89;180;;jah
1959-04-18;3,85;166;;jah
1959-04-19;4,97;183;;jah
1959-04-20;6,18;200;;jah
1959-04-21;6,94;210;;jah
1959-04-22;6,94;210;;jah
1959-04-23;5,48;193;;jah
1959-04-24;4,95;186;;jah
1959-04-25;4,53;180;;jah
1959-04-26;3,77;168;;jah
1959-04-27;3,27;160;;jah
1959-04-28;2,76;152;;jah
1959-04-29;3,02;156;;jah
1959-04-30;2,48;146;;jah
1959-05-01;2,35;143;;jah
1959-05-02;2,49;146;;jah
1959-05-03;2,35;143;;jah
1959-05-04;1,65;130;;jah
1959-05-05;2,14;140;;jah
1959-05-06;2,49;146;;jah
1959-05-07;1,92;137;;jah
1959-05-08;2,45;145;;jah
1959-05-09;1,85;136;;jah
1959-05-10;1,89;137;;jah
1959-05-11;1,65;130;;jah
1959-05-12;1,85;136;;jah
1959-05-13;1,65;130;;jah
1959-05-14;1,79;134;;jah
1959-05-15;1,83;135;;jah
1959-05-16;1,7;132;;jah
1959-05-17;1,66;131;;jah
1959-05-18;1,53;130;;jah
1959-05-19;1,5;130;;jah
1959-05-20;1,5;130;;jah
1959-05-21;1,57;132;;jah
1959-05-22;1,33;126;;jah
1959-05-23;1,31;126;;jah
1959-05-24;1,5;131;;jah
1959-05-25;1,6;134;;jah
1959-05-26;1,58;134;;jah
1959-05-27;1,41;130;;jah
1959-05-28;1,47;132;;jah
1959-05-29;1,59;135;;jah
1959-05-30;1,44;132;;jah
1959-05-31;1,42;132;;jah
1959-06-01;1,5;134;;jah
1959-06-02;1,34;130;;jah
1959-06-03;1,32;130;;jah
1959-06-04;1,36;131;;jah
1959-06-05;1,29;130;;jah
1959-06-06;1,29;130;;jah
1959-06-07;1,14;126;;jah
1959-06-08;1,53;137;;jah
1959-06-09;1,18;128;;jah
1959-06-10;1,29;132;;jah
1959-06-11;1,37;134;;jah
1959-06-12;1,14;128;;jah
1959-06-13;1,18;130;;jah
1959-06-14;1,12;128;;jah
1959-06-15;1,18;130;;jah
1959-06-16;1,09;128;;jah
1959-06-17;1,03;126;;jah
1959-06-18;1,07;128;;jah
1959-06-19;1,2;132;;jah
1959-06-20;0,99;126;;jah
1959-06-21;0,94;124;;jah
1959-06-22;1,08;130;;jah
1959-06-23;1,03;128;;jah
1959-06-24;1,03;128;;jah
1959-06-25;0,86;122;;jah
1959-06-26;1;128;;jah
1959-06-27;0,92;125;;jah
1959-06-28;0,77;120;;jah
1959-06-29;1,1;132;;jah
1959-06-30;1,1;132;;jah
1959-07-01;1,13;133;;jah
1959-07-02;1,06;131;;jah
1959-07-03;1,19;136;;jah
1959-07-04;1,08;133;;jah
1959-07-05;1,22;138;;jah
1959-07-06;1,08;133;;jah
1959-07-07;1,02;132;;jah
1959-07-08;1,28;142;;jah
1959-07-09;1,08;136;;jah
1959-07-10;0,89;129;;jah
1959-07-11;0,76;124;;jah
1959-07-12;0,78;126;;jah
1959-07-13;0,76;126;;jah
1959-07-14;0,87;131;;jah
1959-07-15;0,7;124;;jah
1959-07-16;0,74;127;;jah
1959-07-17;0,68;124;;jah
1959-07-18;0,66;123;;jah
1959-07-19;0,56;119;;jah
1959-07-20;0,77;131;;jah
1959-07-21;0,62;123;;jah
1959-07-22;0,69;128;;jah
1959-07-23;0,75;132;;jah
1959-07-24;0,56;122;;jah
1959-07-25;0,6;124;;jah
1959-07-26;0,58;124;;jah
1959-07-27;0,58;124;;jah
1959-07-28;0,7;132;;jah
1959-07-29;0,66;130;;jah
1959-07-30;0,59;126;;jah
1959-07-31;0,66;130;;jah
1959-08-01;0,62;129;;jah
1959-08-02;0,45;118;;jah
1959-08-03;0,65;131;;jah
1959-08-04;0,55;126;;jah
1959-08-05;0,6;129;;jah
1959-08-06;0,65;132;;jah
1959-08-07;0,64;133;;jah
1959-08-08;0,66;134;;jah
1959-08-09;0,54;127;;jah
1959-08-10;0,58;130;;jah
1959-08-11;0,55;128;;jah
1959-08-12;0,48;124;;jah
1959-08-13;0,55;129;;jah
1959-08-14;0,49;125;;jah
1959-08-15;0,48;124;;jah
1959-08-16;0,33;112;;jah
1959-08-17;0,4;119;;jah
1959-08-18;0,44;122;;jah
1959-08-19;0,45;123;;jah
1959-08-20;0,35;113;;jah
1959-08-21;0,4;118;;jah
1959-08-22;0,32;110;;jah
1959-08-23;0,34;111;;jah
1959-08-24;0,32;110;;jah
1959-08-25;0,44;120;;jah
1959-08-26;0,53;125;;jah
1959-08-27;0,58;128;;jah
1959-08-28;0,6;128;;jah
1959-08-29;0,69;133;;jah
1959-08-30;0,51;121;;jah
1959-08-31;0,76;135;;jah
1959-09-01;0,65;128;;jah
1959-09-02;0,65;127;;jah
1959-09-03;0,71;128;;jah
1959-09-04;0,7;125;;jah
1959-09-05;0,69;123;;jah
1959-09-06;0,6;117;;jah
1959-09-07;0,82;126;;jah
1959-09-08;0,75;122;;jah
1959-09-09;0,81;123;;jah
1959-09-10;0,91;126;;jah
1959-09-11;0,79;120;;jah
1959-09-12;0,64;112;;jah
1959-09-13;0,78;118;;jah
1959-09-14;0,84;120;;jah
1959-09-15;1,04;127;;jah
1959-09-16;0,8;118;;jah
1959-09-17;0,71;114;;jah
1959-09-18;0,9;122;;jah
1959-09-19;0,99;126;;jah
1959-09-20;0,8;119;;jah
1959-09-21;0,75;117;;jah
1959-09-22;1,05;129;;jah
1959-09-23;1,34;138;;jah
1959-09-24;1,15;132;;jah
1959-09-25;1,56;146;;jah
1959-09-26;1,34;140;;jah
1959-09-27;1,03;130;;jah
1959-09-28;1,07;132;;jah
1959-09-29;1,01;130;;jah
1959-09-30;0,99;130;;jah
1959-10-01;0,81;123;;jah
1959-10-02;0,82;124;;jah
1959-10-03;0,97;131;;jah
1959-10-04;0,68;119;;jah
1959-10-05;0,68;120;;jah
1959-10-06;0,76;124;;jah
1959-10-07;0,69;121;;jah
1959-10-08;0,85;128;;jah
1959-10-09;0,78;126;;jah
1959-10-10;0,58;116;;jah
1959-10-11;0,61;119;;jah
1959-10-12;0,6;118;;jah
1959-10-13;0,72;124;;jah
1959-10-14;0,72;124;;jah
1959-10-15;0,67;121;;jah
1959-10-16;0,76;124;;jah
1959-10-17;0,76;124;;jah
1959-10-18;0,61;116;;jah
1959-10-19;0,77;123;;jah
1959-10-20;0,72;120;;jah
1959-10-21;0,89;126;;jah
1959-10-22;0,78;121;;jah
1959-10-23;0,88;124;;jah
1959-10-24;1;128;;jah
1959-10-25;0,8;120;;jah
1959-10-26;0,78;119;;jah
1959-10-27;1,17;132;;jah
1959-10-28;0,99;126;;jah
1959-10-29;1,05;128;;jah
1959-10-30;1,26;134;;jah
1959-10-31;0,96;124;;jah
1959-11-01;0,96;124;;jah
1959-11-02;1,07;128;;jah
1959-11-03;0,96;124;;jah
1959-11-04;1,01;126;;jah
1959-11-05;1,01;126;;jah
1959-11-06;0,96;124;;jah
1959-11-07;0,87;121;;jah
1959-11-08;1,01;126;;jah
1959-11-09;1,13;130;;jah
1959-11-10;1,2;132;;jah
1959-11-11;1,2;132;;jah
1959-11-12;1,07;128;;jah
1959-11-13;1,01;126;;jah
1959-11-14;1,22;132;;jah
1959-11-15;0,95;123;;jah
1959-11-16;1;125;;jah
1959-11-17;1,25;133;;jah
1959-11-18;1,15;130;;jah
1959-11-19;1;125;;jah
1959-11-20;1,12;129;;jah
1959-11-21;0,98;124;;jah
1959-11-22;0,96;123;;jah
1959-11-23;1;124;;jah
1959-11-24;1,02;125;;jah
1959-11-25;1,42;137;;jah
1959-11-26;1,52;140;;jah
1959-11-27;1,77;147;;jah
1959-11-28;1,32;134;;jah
1959-11-29;1,02;125;;jah
1959-11-30;1,22;132;;jah
1959-12-01;1,13;130;;jah
1959-12-02;1,1;130;;jah
1959-12-03;0,88;124;;jah
1959-12-04;0,92;133;;jah
1959-12-05;0,58;128;;jah
1959-12-06;0,46;129;;jah
1959-12-07;0,39;128;;jah
1959-12-08;0,41;131;;jah
1959-12-09;0,32;116;;jah
1959-12-10;0,33;121;;jah
1959-12-11;0,41;126;;jah
1959-12-12;0,48;130;;jah
1959-12-13;0,51;130;;jah
1959-12-14;0,5;128;;jah
1959-12-15;0,48;125;;jah
1959-12-16;0,52;126;;jah
1959-12-17;0,53;125;;jah
1959-12-18;0,54;124;;jah
1959-12-19;0,56;124;;jah
1959-12-20;0,54;122;;jah
1959-12-21;0,54;121;;jah
1959-12-22;0,56;120;;jah
1959-12-23;0,64;122;;jah
1959-12-24;0,87;131;;jah
1959-12-25;0,9;131;;jah
1959-12-26;0,78;124;;jah
1959-12-27;0,8;124;;jah
1959-12-28;0,79;122;;jah
1959-12-29;0,75;120;;jah
1959-12-30;0,77;120;;jah
1959-12-31;0,95;126;;jah
1960-01-01;1,08;130;;jah
1960-01-02;1,05;129;;jah
1960-01-03;0,86;122;;jah
1960-01-04;0,72;116;;jah
1960-01-05;0,72;116;;jah
1960-01-06;0,92;124;;jah
1960-01-07;0,95;126;;jah
1960-01-08;0,85;123;;jah
1960-01-09;0,74;120;;jah
1960-01-10;0,66;117;;jah
1960-01-11;0,65;118;;jah
1960-01-12;0,63;118;;jah
1960-01-13;0,65;121;;jah
1960-01-14;0,7;124;;jah
1960-01-15;0,64;123;;jah
1960-01-16;0,66;125;;jah
1960-01-17;0,64;125;;jah
1960-01-18;0,62;125;;jah
1960-01-19;0,68;130;;jah
1960-01-20;0,61;127;;jah
1960-01-21;0,55;126;;jah
1960-01-22;0,53;126;;jah
1960-01-23;0,55;128;;jah
1960-01-24;0,51;127;;jah
1960-01-25;0,5;127;;jah
1960-01-26;0,48;126;;jah
1960-01-27;0,44;124;;jah
1960-01-28;0,44;124;;jah
1960-01-29;0,45;126;;jah
1960-01-30;0,44;126;;jah
1960-01-31;0,44;126;;jah
1960-02-01;0,47;128;;jah
1960-02-02;0,52;132;;jah
1960-02-03;0,49;130;;jah
1960-02-04;0,52;132;;jah
1960-02-05;0,52;132;;jah
1960-02-06;0,54;133;;jah
1960-02-07;0,54;133;;jah
1960-02-08;0,51;131;;jah
1960-02-09;0,49;130;;jah
1960-02-10;0,52;131;;jah
1960-02-11;0,52;130;;jah
1960-02-12;0,52;130;;jah
1960-02-13;0,56;132;;jah
1960-02-14;0,6;134;;jah
1960-02-15;0,63;135;;jah
1960-02-16;0,63;134;;jah
1960-02-17;0,61;132;;jah
1960-02-18;0,62;132;;jah
1960-02-19;0,62;132;;jah
1960-02-20;0,61;130;;jah
1960-02-21;0,6;129;;jah
1960-02-22;0,62;129;;jah
1960-02-23;0,64;129;;jah
1960-02-24;0,66;130;;jah
1960-02-25;0,68;130;;jah
1960-02-26;0,68;130;;jah
1960-02-27;0,75;132;;jah
1960-02-28;0,73;131;;jah
1960-02-29;0,75;132;;jah
1960-03-01;0,77;133;;jah
1960-03-02;0,72;132;;jah
1960-03-03;0,7;132;;jah
1960-03-04;0,68;134;;jah
1960-03-05;0,68;135;;jah
1960-03-06;0,64;136;;jah
1960-03-07;0,6;137;;jah
1960-03-08;0,47;130;;jah
1960-03-09;0,42;128;;jah
1960-03-10;0,4;128;;jah
1960-03-11;0,39;128;;jah
1960-03-12;0,39;129;;jah
1960-03-13;0,4;130;;jah
1960-03-14;0,82;143;;jah
1960-03-15;0,91;137;;jah
1960-03-16;0,84;135;;jah
1960-03-17;0,69;128;;jah
1960-03-18;0,75;131;;jah
1960-03-19;0,73;130;;jah
1960-03-20;0,73;130;;jah
1960-03-21;0,73;130;;jah
1960-03-22;0,71;128;;jah
1960-03-23;0,68;126;;jah
1960-03-24;0,68;126;;jah
1960-03-25;0,68;126;;jah
1960-03-26;0,7;126;;jah
1960-03-27;0,66;124;;jah
1960-03-28;0,68;124;;jah
1960-03-29;0,66;123;;jah
1960-03-30;0,65;122;;jah
1960-03-31;0,65;122;;jah
1960-04-01;0,65;121;;jah
1960-04-02;0,67;122;;jah
1960-04-03;0,58;116;;jah
1960-04-04;0,58;115;;jah
1960-04-05;0,63;117;;jah
1960-04-06;0,61;115;;jah
1960-04-07;0,64;116;;jah
1960-04-08;0,74;118;;jah
1960-04-09;0,63;113;;jah
1960-04-10;0,86;122;;jah
1960-04-11;1,07;128;;jah
1960-04-12;2,14;152;;jah
1960-04-13;8,4;244;;jah
1960-04-14;15,5;340;;jah
1960-04-15;26,7;387;;jah
1960-04-16;26,2;378;;jah
1960-04-17;20;331;;jah
1960-04-18;15,9;297;;jah
1960-04-19;13,4;274;;jah
1960-04-20;10,8;249;;jah
1960-04-21;7,74;213;;jah
1960-04-22;8,32;212;;jah
1960-04-23;7,58;201;;jah
1960-04-24;7,16;196;;jah
1960-04-25;5,83;180;;jah
1960-04-26;4,23;160;;jah
1960-04-27;5,45;176;;jah
1960-04-28;5,59;178;;jah
1960-04-29;5,28;178;;jah
1960-04-30;4,94;173;;jah
1960-05-01;4,24;166;;jah
1960-05-02;3,5;157;;jah
1960-05-03;3,26;154;;jah
1960-05-04;3,92;162;;jah
1960-05-05;4,42;168;;jah
1960-05-06;4,42;168;;jah
1960-05-07;3,92;162;;jah
1960-05-08;3,19;153;;jah
1960-05-09;2,82;148;;jah
1960-05-10;2,41;142;;jah
1960-05-11;2,41;142;;jah
1960-05-12;2,41;142;;jah
1960-05-13;2,29;140;;jah
1960-05-14;2,23;139;;jah
1960-05-15;2,12;137;;jah
1960-05-16;1,3;123;;jah
1960-05-17;1,24;122;;jah
1960-05-18;1,48;126;;jah
1960-05-19;1,48;126;;jah
1960-05-20;1,43;126;;jah
1960-05-21;1,87;133;;jah
1960-05-22;2,17;138;;jah
1960-05-23;1,48;126;;jah
1960-05-24;1,15;120;;jah
1960-05-25;1,24;122;;jah
1960-05-26;1,36;124;;jah
1960-05-27;1,48;126;;jah
1960-05-28;1,54;127;;jah
1960-05-29;1,48;126;;jah
1960-05-30;1,48;126;;jah
1960-05-31;1,36;124;;jah
1960-06-01;1,24;122;;jah
1960-06-02;1,3;123;;jah
1960-06-03;1,24;122;;jah
1960-06-04;1,24;122;;jah
1960-06-05;1,21;121;;jah
1960-06-06;0,82;113;;jah
1960-06-07;0,61;108;;jah
1960-06-08;0,59;110;;jah
1960-06-09;0,65;112;;jah
1960-06-10;0,81;118;;jah
1960-06-11;0,81;118;;jah
1960-06-12;1,02;124;;jah
1960-06-13;0,94;122;;jah
1960-06-14;0,64;112;;jah
1960-06-15;0,81;118;;jah
1960-06-16;0,81;118;;jah
1960-06-17;1,02;124;;jah
1960-06-18;1,11;126;;jah
1960-06-19;1,11;126;;jah
1960-06-20;1,02;124;;jah
1960-06-21;0,67;113;;jah
1960-06-22;0,84;119;;jah
1960-06-23;1,11;126;;jah
1960-06-24;0,88;120;;jah
1960-06-25;0,75;116;;jah
1960-06-26;0,75;116;;jah
1960-06-27;0,98;123;;jah
1960-06-28;1,17;128;;jah
1960-06-29;1,17;128;;jah
1960-06-30;1,39;133;;jah
1960-07-01;1,26;130;;jah
1960-07-02;1,52;136;;jah
1960-07-03;2,32;152;;jah
1960-07-04;3,03;165;;jah
1960-07-05;4,04;182;;jah
1960-07-06;3,39;173;;jah
1960-07-07;2,69;162;;jah
1960-07-08;1,78;147;;jah
1960-07-09;1,84;148;;jah
1960-07-10;1,02;132;;jah
1960-07-11;0,72;124;;jah
1960-07-12;1,34;140;;jah
1960-07-13;1,45;142;;jah
1960-07-14;1,45;142;;jah
1960-07-15;1,19;137;;jah
1960-07-16;1,05;134;;jah
1960-07-17;0,89;130;;jah
1960-07-18;0,84;129;;jah
1960-07-19;1,2;137;;jah
1960-07-20;1,06;134;;jah
1960-07-21;1,29;139;;jah
1960-07-22;1,34;140;;jah
1960-07-23;1,45;142;;jah
1960-07-24;2,37;158;;jah
1960-07-25;2,05;154;;jah
1960-07-26;2,19;156;;jah
1960-07-27;2,13;155;;jah
1960-07-28;1,8;150;;jah
1960-07-29;1,29;142;;jah
1960-07-30;1,13;139;;jah
1960-07-31;0,78;132;;jah
1960-08-01;0,47;125;;jah
1960-08-02;0,87;134;;jah
1960-08-03;1,08;138;;jah
1960-08-04;0,87;134;;jah
1960-08-05;0,78;132;;jah
1960-08-06;0,69;130;;jah
1960-08-07;0,46;124;;jah
1960-08-08;0,69;130;;jah
1960-08-09;1,01;134;;jah
1960-08-10;0,87;132;;jah
1960-08-11;0,74;130;;jah
1960-08-12;1,01;134;;jah
1960-08-13;1,52;140;;jah
1960-08-14;0,94;133;;jah
1960-08-15;1,71;142;;jah
1960-08-16;1,09;135;;jah
1960-08-17;0,63;128;;jah
1960-08-18;0,87;132;;jah
1960-08-19;0,69;129;;jah
1960-08-20;1,01;134;;jah
1960-08-21;1,09;135;;jah
1960-08-22;0,87;132;;jah
1960-08-23;1,52;140;;jah
1960-08-24;1,43;139;;jah
1960-08-25;0,87;132;;jah
1960-08-26;1,81;143;;jah
1960-08-27;1,01;134;;jah
1960-08-28;0,53;126;;jah
1960-08-29;1,01;134;;jah
1960-08-30;0,41;123;;jah
1960-08-31;0,45;124;;jah
1960-09-01;0,87;132;;jah
1960-09-02;0,69;129;;jah
1960-09-03;0,37;122;;jah
1960-09-04;0,21;116;;jah
1960-09-05;1,25;137;;jah
1960-09-06;0,74;130;;jah
1960-09-07;0,49;125;;jah
1960-09-08;0,37;122;;jah
1960-09-09;0,15;111;;jah
1960-09-10;0,16;112;;jah
1960-09-11;0,18;114;;jah
1960-09-12;0,26;118;;jah
1960-09-13;0,28;119;;jah
1960-09-14;0,34;121;;jah
1960-09-15;0,31;120;;jah
1960-09-16;0,28;119;;jah
1960-09-17;0,26;118;;jah
1960-09-18;0,31;120;;jah
1960-09-19;0,31;120;;jah
1960-09-20;0,23;117;;jah
1960-09-21;0,21;116;;jah
1960-09-22;0,26;118;;jah
1960-09-23;0,18;114;;jah
1960-09-24;0,14;110;;jah
1960-09-25;0,15;111;;jah
1960-09-26;0,15;111;;jah
1960-09-27;0,17;113;;jah
1960-09-28;0,21;116;;jah
1960-09-29;0,28;119;;jah
1960-09-30;0,16;112;;jah
1960-10-01;0,18;114;;jah
1960-10-02;0,31;120;;jah
1960-10-03;0,31;120;;jah
1960-10-04;0,21;116;;jah
1960-10-05;0,23;117;;jah
1960-10-06;0,18;114;;jah
1960-10-07;0,18;114;;jah
1960-10-08;0,26;118;;jah
1960-10-09;0,18;114;;jah
1960-10-10;0,21;116;;jah
1960-10-11;0,31;120;;jah
1960-10-12;0,26;118;;jah
1960-10-13;0,21;116;;jah
1960-10-14;0,37;122;;jah
1960-10-15;0,26;118;;jah
1960-10-16;0,26;118;;jah
1960-10-17;0,31;120;;jah
1960-10-18;0,69;129;;jah
1960-10-19;0,8;131;;jah
1960-10-20;0,37;122;;jah
1960-10-21;0,45;124;;jah
1960-10-22;1,25;137;;jah
1960-10-23;1,24;132;;jah
1960-10-24;0,69;119;;jah
1960-10-25;0,77;121;;jah
1960-10-26;1,1;129;;jah
1960-10-27;0,98;126;;jah
1960-10-28;0,98;126;;jah
1960-10-29;0,98;126;;jah
1960-10-30;0,89;124;;jah
1960-10-31;0,98;126;;jah
1960-11-01;0,81;122;;jah
1960-11-02;0,65;118;;jah
1960-11-03;0,69;119;;jah
1960-11-04;0,9;124;;jah
1960-11-05;1,08;128;;jah
1960-11-06;1,08;128;;jah
1960-11-07;1,28;132;;jah
1960-11-08;1,28;132;;jah
1960-11-09;2,84;158;;jah
1960-11-10;2,39;148;;jah
1960-11-11;2,1;142;;jah
1960-11-12;2,6;152;;jah
1960-11-13;2,82;156;;jah
1960-11-14;2,24;145;;jah
1960-11-15;1,34;126;;jah
1960-11-16;1,52;130;;jah
1960-11-17;2,06;141;;jah
1960-11-18;1,76;135;;jah
1960-11-19;2,77;155;;jah
1960-11-20;1,81;136;;jah
1960-11-21;0,58;116;;jah
1960-11-22;0,58;116;;jah
1960-11-23;1,31;123;;jah
1960-11-24;1,09;118;;jah
1960-11-25;1,09;118;;jah
1960-11-26;1,45;126;;jah
1960-11-27;2,06;138;;jah
1960-11-28;2,88;153;;jah
1960-11-29;4,69;182;;jah
1960-11-30;3,23;159;;jah
1960-12-01;2,78;151;;jah
1960-12-02;2,83;152;;jah
1960-12-03;3,06;156;;jah
1960-12-04;3,23;159;;jah
1960-12-05;3,89;170;;jah
1960-12-06;6,49;208;;jah
1960-12-07;6,7;211;;jah
1960-12-08;5,99;203;;jah
1960-12-09;5,33;194;;jah
1960-12-10;4,58;184;;jah
1960-12-11;4,32;180;;jah
1960-12-12;4,58;184;;jah
1960-12-13;4,05;176;;jah
1960-12-14;3,79;172;;jah
1960-12-15;3,54;169;;jah
1960-12-16;2,21;148;;jah
1960-12-17;2,84;158;;jah
1960-12-18;2,84;158;;jah
1960-12-19;2,59;154;;jah
1960-12-20;2,9;159;;jah
1960-12-21;3,1;162;;jah
1960-12-22;2,59;154;;jah
1960-12-23;2,46;152;;jah
1960-12-24;2,46;152;;jah
1960-12-25;2,77;157;;jah
1960-12-26;2,4;151;;jah
1960-12-27;1,62;138;;jah
1960-12-28;1,21;124;;jah
1960-12-29;2,02;145;;jah
1960-12-30;1,08;128;;jah
1960-12-31;1;126;;jah
1961-01-01;1,62;141;;jah
1961-01-02;1,66;142;;jah
1961-01-03;1,29;132;;jah
1961-01-04;1;123;;jah
1961-01-05;1,37;134;;jah
1961-01-06;1,66;142;;jah
1961-01-07;1,54;138;;jah
1961-01-08;1,5;136;;jah
1961-01-09;1,33;131;;jah
1961-01-10;1,34;130;;jah
1961-01-11;1,77;140;;jah
1961-01-12;1,83;140;;jah
1961-01-13;1,6;134;;jah
1961-01-14;1,66;134;;jah
1961-01-15;2,04;142;;jah
1961-01-16;1,71;134;;jah
1961-01-17;1,39;126;;jah
1961-01-18;1,43;127;;jah
1961-01-19;1,57;130;;jah
1961-01-20;1,49;128;;jah
1961-01-21;1,39;126;;jah
1961-01-22;1,36;137;;jah
1961-01-23;1,31;125;;jah
1961-01-24;1,27;124;;jah
1961-01-25;1,4;128;;jah
1961-01-26;1,27;126;;jah
1961-01-27;1,1;122;;jah
1961-01-28;1,03;120;;jah
1961-01-29;0,96;118;;jah
1961-01-30;1,36;130;;jah
1961-01-31;1,61;136;;jah
1961-02-01;3,03;169;;jah
1961-02-02;2,48;157;;jah
1961-02-03;2,18;150;;jah
1961-02-04;2,26;152;;jah
1961-02-05;2,09;148;;jah
1961-02-06;1,93;144;;jah
1961-02-07;1,77;140;;jah
1961-02-08;1,61;136;;jah
1961-02-09;1,4;131;;jah
1961-02-10;1,81;141;;jah
1961-02-11;1,59;135;;jah
1961-02-12;1,23;125;;jah
1961-02-13;1,4;128;;jah
1961-02-14;1,33;124;;jah
1961-02-15;1,88;136;;jah
1961-02-16;2,3;146;;jah
1961-02-17;2,24;145;;jah
1961-02-18;2,99;157;;jah
1961-02-19;3,2;160;;jah
1961-02-20;3,52;165;;jah
1961-02-21;3,32;162;;jah
1961-02-22;3,47;164;;jah
1961-02-23;3,47;164;;jah
1961-02-24;3,07;158;;jah
1961-02-25;2,68;152;;jah
1961-02-26;2,2;144;;jah
1961-02-27;1,9;138;;jah
1961-02-28;2,2;144;;jah
1961-03-01;2,68;152;;jah
1961-03-02;2,6;151;;jah
1961-03-03;2,57;150;;jah
1961-03-04;2,2;144;;jah
1961-03-05;2,2;144;;jah
1961-03-06;2,2;144;;jah
1961-03-07;2,93;156;;jah
1961-03-08;2,49;149;;jah
1961-03-09;2,3;146;;jah
1961-03-10;2,2;144;;jah
1961-03-11;2,1;142;;jah
1961-03-12;2,1;142;;jah
1961-03-13;2,03;141;;jah
1961-03-14;2,1;142;;jah
1961-03-15;2,24;145;;jah
1961-03-16;2,3;146;;jah
1961-03-17;2,6;151;;jah
1961-03-18;2,42;148;;jah
1961-03-19;2,3;146;;jah
1961-03-20;2,51;150;;jah
1961-03-21;2,3;146;;jah
1961-03-22;2,42;148;;jah
1961-03-23;2,18;143;;jah
1961-03-24;1,9;138;;jah
1961-03-25;1,96;139;;jah
1961-03-26;2,24;145;;jah
1961-03-27;3,32;162;;jah
1961-03-28;4,6;180;;jah
1961-03-29;4,6;180;;jah
1961-03-30;4;172;;jah
1961-03-31;4;172;;jah
1961-04-01;4,45;178;;jah
1961-04-02;4,38;177;;jah
1961-04-03;2,79;154;;jah
1961-04-04;3,12;159;;jah
1961-04-05;2,1;142;;jah
1961-04-06;2,49;149;;jah
1961-04-07;3,6;166;;jah
1961-04-08;3,47;164;;jah
1961-04-09;4,3;176;;jah
1961-04-10;4,6;180;;jah
1961-04-11;3,47;164;;jah
1961-04-12;3,47;164;;jah
1961-04-13;3,47;164;;jah
1961-04-14;3,72;168;;jah
1961-04-15;3,47;164;;jah
1961-04-16;3,72;168;;jah
1961-04-17;3,32;162;;jah
1961-04-18;2,91;156;;jah
1961-04-19;2,72;153;;jah
1961-04-20;2,3;146;;jah
1961-04-21;2,24;145;;jah
1961-04-22;1,61;132;;jah
1961-04-23;1,39;126;;jah
1961-04-24;1,9;138;;jah
1961-04-25;1,96;139;;jah
1961-04-26;1,61;132;;jah
1961-04-27;1,39;126;;jah
1961-04-28;1,47;128;;jah
1961-04-29;1,39;126;;jah
1961-04-30;1,35;125;;jah
1961-05-01;1,55;130;;jah
1961-05-02;1,55;130;;jah
1961-05-03;1,16;120;;jah
1961-05-04;1,27;123;;jah
1961-05-05;1,6;131;;jah
1961-05-06;1,43;127;;jah
1961-05-07;1,47;128;;jah
1961-05-08;1,47;128;;jah
1961-05-09;2,34;147;;jah
1961-05-10;2,06;141;;jah
1961-05-11;1,78;135;;jah
1961-05-12;1,83;136;;jah
1961-05-13;2,11;142;;jah
1961-05-14;2,11;142;;jah
1961-05-15;1,64;132;;jah
1961-05-16;1,74;134;;jah
1961-05-17;2,24;145;;jah
1961-05-18;2,11;142;;jah
1961-05-19;1,74;134;;jah
1961-05-20;1,74;134;;jah
1961-05-21;1,39;126;;jah
1961-05-22;1,22;122;;jah
1961-05-23;1,27;124;;jah
1961-05-24;1,48;130;;jah
1961-05-25;1,38;128;;jah
1961-05-26;1,3;127;;jah
1961-05-27;1,27;128;;jah
1961-05-28;1,04;123;;jah
1961-05-29;0,91;120;;jah
1961-05-30;0,83;118;;jah
1961-05-31;0,86;120;;jah
1961-06-01;0,9;122;;jah
1961-06-02;0,99;126;;jah
1961-06-03;1,15;132;;jah
1961-06-04;1,06;130;;jah
1961-06-05;0,82;122;;jah
1961-06-06;0,82;122;;jah
1961-06-07;0,82;122;;jah
1961-06-08;0,77;120;;jah
1961-06-09;0,81;121;;jah
1961-06-10;0,83;121;;jah
1961-06-11;0,86;122;;jah
1961-06-12;0,88;122;;jah
1961-06-13;0,9;122;;jah
1961-06-14;0,88;120;;jah
1961-06-15;1,13;127;;jah
1961-06-16;1,27;130;;jah
1961-06-17;1,25;128;;jah
1961-06-18;1,29;128;;jah
1961-06-19;1,27;126;;jah
1961-06-20;1,37;129;;jah
1961-06-21;1,36;128;;jah
1961-06-22;1,19;124;;jah
1961-06-23;1,23;125;;jah
1961-06-24;1,2;126;;jah
1961-06-25;1,07;124;;jah
1961-06-26;1,03;124;;jah
1961-06-27;1;125;;jah
1961-06-28;0,99;126;;jah
1961-06-29;1,03;128;;jah
1961-06-30;0,95;126;;jah
1961-07-01;0,95;127;;jah
1961-07-02;0,96;128;;jah
1961-07-03;1,19;136;;jah
1961-07-04;1,25;138;;jah
1961-07-05;1,13;134;;jah
1961-07-06;1,04;131;;jah
1961-07-07;0,98;128;;jah
1961-07-08;1,22;136;;jah
1961-07-09;1,28;138;;jah
1961-07-10;0,93;126;;jah
1961-07-11;0,9;125;;jah
1961-07-12;1,13;133;;jah
1961-07-13;0,98;127;;jah
1961-07-14;1,06;130;;jah
1961-07-15;1,09;131;;jah
1961-07-16;1,06;130;;jah
1961-07-17;1;128;;jah
1961-07-18;1,06;130;;jah
1961-07-19;1,25;137;;jah
1961-07-20;1,03;130;;jah
1961-07-21;1,31;140;;jah
1961-07-22;1,4;144;;jah
1961-07-23;1,16;136;;jah
1961-07-24;0,87;126;;jah
1961-07-25;1,11;136;;jah
1961-07-26;1,36;145;;jah
1961-07-27;1,44;148;;jah
1961-07-28;1,74;158;;jah
1961-07-29;2,06;168;;jah
1961-07-30;1,93;164;;jah
1961-07-31;1,9;163;;jah
1961-08-01;2,06;168;;jah
1961-08-02;1,44;148;;jah
1961-08-03;1,54;150;;jah
1961-08-04;1,57;151;;jah
1961-08-05;1,52;148;;jah
1961-08-06;1,46;146;;jah
1961-08-07;1,37;142;;jah
1961-08-08;1,28;139;;jah
1961-08-09;1,19;136;;jah
1961-08-10;1,31;140;;jah
1961-08-11;1,34;142;;jah
1961-08-12;1,13;135;;jah
1961-08-13;1,14;136;;jah
1961-08-14;1,11;136;;jah
1961-08-15;1,22;140;;jah
1961-08-16;1,13;138;;jah
1961-08-17;1,13;139;;jah
1961-08-18;1,1;139;;jah
1961-08-19;1;136;;jah
1961-08-20;1;136;;jah
1961-08-21;1,18;146;;jah
1961-08-22;1,18;146;;jah
1961-08-23;1,04;140;;jah
1961-08-24;1,01;139;;jah
1961-08-25;1,04;140;;jah
1961-08-26;1,13;144;;jah
1961-08-27;1,25;149;;jah
1961-08-28;1,29;149;;jah
1961-08-29;1,32;149;;jah
1961-08-30;1,28;146;;jah
1961-08-31;1,13;139;;jah
1961-09-01;1,13;138;;jah
1961-09-02;1,11;136;;jah
1961-09-03;1,22;140;;jah
1961-09-04;1,14;137;;jah
1961-09-05;1,11;135;;jah
1961-09-06;1,1;134;;jah
1961-09-07;1,1;134;;jah
1961-09-08;1,19;137;;jah
1961-09-09;1,22;138;;jah
1961-09-10;1,08;134;;jah
1961-09-11;1,05;134;;jah
1961-09-12;1,08;135;;jah
1961-09-13;1,16;138;;jah
1961-09-14;1,13;138;;jah
1961-09-15;1,37;148;;jah
1961-09-16;1,57;155;;jah
1961-09-17;1,6;156;;jah
1961-09-18;1,32;146;;jah
1961-09-19;1,11;138;;jah
1961-09-20;1,13;139;;jah
1961-09-21;1,18;142;;jah
1961-09-22;1,12;141;;jah
1961-09-23;1,19;140;;jah
1961-09-24;1,03;137;;jah
1961-09-25;1,11;138;;jah
1961-09-26;1,15;139;;jah
1961-09-27;1,11;138;;jah
1961-09-28;0,93;134;;jah
1961-09-29;0,79;131;;jah
1961-09-30;0,81;132;;jah
1961-10-01;0,79;131;;jah
1961-10-02;0,68;128;;jah
1961-10-03;0,43;122;;jah
1961-10-04;0,51;124;;jah
1961-10-05;0,49;123;;jah
1961-10-06;0,39;120;;jah
1961-10-07;0,41;121;;jah
1961-10-08;0,51;124;;jah
1961-10-09;0,63;127;;jah
1961-10-10;0,39;120;;jah
1961-10-11;0,39;120;;jah
1961-10-12;0,41;121;;jah
1961-10-13;0,41;121;;jah
1961-10-14;0,51;124;;jah
1961-10-15;0,6;126;;jah
1961-10-16;0,49;123;;jah
1961-10-17;0,43;122;;jah
1961-10-18;0,43;122;;jah
1961-10-19;0,43;122;;jah
1961-10-20;0,41;121;;jah
1961-10-21;0,43;122;;jah
1961-10-22;0,49;123;;jah
1961-10-23;0,49;123;;jah
1961-10-24;0,43;122;;jah
1961-10-25;0,39;120;;jah
1961-10-26;0,39;120;;jah
1961-10-27;0,25;116;;jah
1961-10-28;0,13;110;;jah
1961-10-29;0,4;118;;jah
1961-10-30;1,12;132;;jah
1961-10-31;0,7;125;;jah
1961-11-01;0,77;126;;jah
1961-11-02;0,77;126;;jah
1961-11-03;1,29;134;;jah
1961-11-04;1,06;131;;jah
1961-11-05;1,12;132;;jah
1961-11-06;1,12;132;;jah
1961-11-07;1,78;141;;jah
1961-11-08;2,03;144;;jah
1961-11-09;0,9;133;;jah
1961-11-10;0,68;130;;jah
1961-11-11;1,15;136;;jah
1961-11-12;0,9;133;;jah
1961-11-13;0,33;124;;jah
1961-11-14;0,28;122;;jah
1961-11-15;0,33;124;;jah
1961-11-16;0,9;133;;jah
1961-11-17;0,95;134;;jah
1961-11-18;0,33;124;;jah
1961-11-19;0,28;122;;jah
1961-11-20;0,28;122;;jah
1961-11-21;0,43;126;;jah
1961-11-22;0,68;130;;jah
1961-11-23;1,28;138;;jah
1961-11-24;1,78;144;;jah
1961-11-25;0,78;132;;jah
1961-11-26;0,57;128;;jah
1961-11-27;0,6;129;;jah
1961-11-28;0,68;130;;jah
1961-11-29;0,95;134;;jah
1961-11-30;1,2;137;;jah
1961-12-01;1,78;144;;jah
1961-12-02;1,43;140;;jah
1961-12-03;2,23;149;;jah
1961-12-04;3,43;162;;jah
1961-12-05;2,88;156;;jah
1961-12-06;4,38;172;;jah
1961-12-07;5,52;184;;jah
1961-12-08;4,9;182;;jah
1961-12-09;4,57;180;;jah
1961-12-10;4,05;177;;jah
1961-12-11;0,8;150;;jah
1961-12-12;0,8;150;;jah
1961-12-13;1,58;158;;jah
1961-12-14;1,05;153;;jah
1961-12-15;1,27;155;;jah
1961-12-16;0,88;147;;jah
1961-12-17;0,8;142;;jah
1961-12-18;0,91;146;;jah
1961-12-19;0,85;143;;jah
1961-12-20;0,83;140;;jah
1961-12-21;0,76;135;;jah
1961-12-22;0,71;131;;jah
1961-12-23;0,8;135;;jah
1961-12-24;0,79;134;;jah
1961-12-25;0,82;134;;jah
1961-12-26;0,87;135;;jah
1961-12-27;0,91;136;;jah
1961-12-28;0,88;134;;jah
1961-12-29;0,97;136;;jah
1961-12-30;0,91;133;;jah
1961-12-31;0,92;132;;jah
1962-01-01;1,05;135;;jah
1962-01-02;1,09;135;;jah
1962-01-03;1,08;133;;jah
1962-01-04;1,2;135;;jah
1962-01-05;1,34;138;;jah
1962-01-06;1,36;137;;jah
1962-01-07;1,37;136;;jah
1962-01-08;1,62;141;;jah
1962-01-09;1,65;140;;jah
1962-01-10;1,7;140;;jah
1962-01-11;1,96;145;;jah
1962-01-12;1,79;140;;jah
1962-01-13;1,85;140;;jah
1962-01-14;1,98;143;;jah
1962-01-15;2,11;146;;jah
1962-01-16;2,37;151;;jah
1962-01-17;2,36;151;;jah
1962-01-18;2,53;154;;jah
1962-01-19;3,4;172;;jah
1962-01-20;3,14;167;;jah
1962-01-21;3,77;180;;jah
1962-01-22;3,25;169;;jah
1962-01-23;2,79;160;;jah
1962-01-24;3,65;177;;jah
1962-01-25;4,28;190;;jah
1962-01-26;4,36;192;;jah
1962-01-27;4,11;188;;jah
1962-01-28;3,77;181;;jah
1962-01-29;3,42;175;;jah
1962-01-30;2,82;184;;jah
1962-01-31;2,65;191;;jah
1962-02-01;2,42;179;;jah
1962-02-02;2,2;169;;jah
1962-02-03;1,95;156;;jah
1962-02-04;1,89;150;;jah
1962-02-05;2,02;152;;jah
1962-02-06;1,91;147;;jah
1962-02-07;1,76;143;;jah
1962-02-08;1,64;140;;jah
1962-02-09;1,62;139;;jah
1962-02-10;1,65;140;;jah
1962-02-11;1,68;141;;jah
1962-02-12;1,67;140;;jah
1962-02-13;1,68;141;;jah
1962-02-14;1,66;140;;jah
1962-02-15;1,65;140;;jah
1962-02-16;1,77;143;;jah
1962-02-17;1,77;143;;jah
1962-02-18;1,77;143;;jah
1962-02-19;1,73;142;;jah
1962-02-20;1,68;141;;jah
1962-02-21;1,7;141;;jah
1962-02-22;1,6;139;;jah
1962-02-23;1,63;140;;jah
1962-02-24;1,58;139;;jah
1962-02-25;1,61;141;;jah
1962-02-26;1,59;141;;jah
1962-02-27;1,52;140;;jah
1962-02-28;1,49;140;;jah
1962-03-01;1,34;136;;jah
1962-03-02;1,38;139;;jah
1962-03-03;1,35;139;;jah
1962-03-04;1,28;138;;jah
1962-03-05;1,28;139;;jah
1962-03-06;1,34;143;;jah
1962-03-07;1,26;141;;jah
1962-03-08;1,2;142;;jah
1962-03-09;1,1;139;;jah
1962-03-10;1,17;143;;jah
1962-03-11;1,1;141;;jah
1962-03-12;1,17;144;;jah
1962-03-13;1,09;142;;jah
1962-03-14;1,24;149;;jah
1962-03-15;1,19;147;;jah
1962-03-16;1,2;147;;jah
1962-03-17;1,19;146;;jah
1962-03-18;1,07;142;;jah
1962-03-19;1,28;149;;jah
1962-03-20;1,23;147;;jah
1962-03-21;1,21;146;;jah
1962-03-22;1,2;145;;jah
1962-03-23;1,31;148;;jah
1962-03-24;1,13;141;;jah
1962-03-25;1,18;143;;jah
1962-03-26;1,25;146;;jah
1962-03-27;1,23;145;;jah
1962-03-28;1,3;147;;jah
1962-03-29;1,32;147;;jah
1962-03-30;1,24;144;;jah
1962-03-31;1,28;145;;jah
1962-04-01;1,18;141;;jah
1962-04-02;1,42;147;;jah
1962-04-03;1,63;149;;jah
1962-04-04;5,35;204;;jah
1962-04-05;8,2;253;;jah
1962-04-06;11,6;290;;jah
1962-04-07;13,6;307;;jah
1962-04-08;18,4;337;;jah
1962-04-09;20,8;347;;jah
1962-04-10;21,4;349;;jah
1962-04-11;19,7;324;;jah
1962-04-12;16,3;298;;jah
1962-04-13;14,2;280;;jah
1962-04-14;12,5;267;;jah
1962-04-15;10,1;243;;jah
1962-04-16;7,31;209;;jah
1962-04-17;7,3;211;;jah
1962-04-18;6,48;200;;jah
1962-04-19;5,67;190;;jah
1962-04-20;5,84;194;;jah
1962-04-21;5,58;191;;jah
1962-04-22;4,97;181;;jah
1962-04-23;3,95;166;;jah
1962-04-24;4,06;169;;jah
1962-04-25;3,79;164;;jah
1962-04-26;3,08;153;;jah
1962-04-27;2,97;152;;jah
1962-04-28;2,96;152;;jah
1962-04-29;3,3;158;;jah
1962-04-30;3,59;163;;jah
1962-05-01;3,57;162;;jah
1962-05-02;6,9;190;;jah
1962-05-03;8,9;215;;jah
1962-05-04;9,79;225;;jah
1962-05-05;10,5;233;;jah
1962-05-06;10,1;229;;jah
1962-05-07;9,41;221;;jah
1962-05-08;6,44;193;;jah
1962-05-09;4,85;180;;jah
1962-05-10;4,05;172;;jah
1962-05-11;3,17;162;;jah
1962-05-12;2,79;159;;jah
1962-05-13;2,46;156;;jah
1962-05-14;2,09;149;;jah
1962-05-15;1,83;143;;jah
1962-05-16;1,88;145;;jah
1962-05-17;1,77;143;;jah
1962-05-18;1,85;145;;jah
1962-05-19;1,74;143;;jah
1962-05-20;1,64;140;;jah
1962-05-21;1,72;142;;jah
1962-05-22;1,72;142;;jah
1962-05-23;1,88;144;;jah
1962-05-24;2,11;150;;jah
1962-05-25;2,07;147;;jah
1962-05-26;2,02;145;;jah
1962-05-27;2,15;147;;jah
1962-05-28;2,55;153;;jah
1962-05-29;3,09;163;;jah
1962-05-30;3,78;174;;jah
1962-05-31;3,07;160;;jah
1962-06-01;2,98;158;;jah
1962-06-02;3,33;163;;jah
1962-06-03;3,34;163;;jah
1962-06-04;3,63;168;;jah
1962-06-05;2,56;149;;jah
1962-06-06;2,32;144;;jah
1962-06-07;1,74;132;;jah
1962-06-08;1,92;136;;jah
1962-06-09;2,04;139;;jah
1962-06-10;1,59;130;;jah
1962-06-11;1,93;138;;jah
1962-06-12;1,82;136;;jah
1962-06-13;1,48;130;;jah
1962-06-14;1,75;136;;jah
1962-06-15;1,78;138;;jah
1962-06-16;1,39;129;;jah
1962-06-17;1,62;136;;jah
1962-06-18;1,56;135;;jah
1962-06-19;1,36;132;;jah
1962-06-20;1,35;134;;jah
1962-06-21;1,36;135;;jah
1962-06-22;1,3;134;;jah
1962-06-23;1,18;130;;jah
1962-06-24;1,3;134;;jah
1962-06-25;1,19;130;;jah
1962-06-26;1,3;134;;jah
1962-06-27;1,43;136;;jah
1962-06-28;1,29;132;;jah
1962-06-29;1,31;132;;jah
1962-06-30;1,7;142;;jah
1962-07-01;1,83;144;;jah
1962-07-02;1,67;139;;jah
1962-07-03;1,54;134;;jah
1962-07-04;1,65;136;;jah
1962-07-05;2,02;144;;jah
1962-07-06;2,09;144;;jah
1962-07-07;2;140;;jah
1962-07-08;1,88;138;;jah
1962-07-09;1,82;137;;jah
1962-07-10;2,42;150;;jah
1962-07-11;5,58;202;;jah
1962-07-12;8,6;244;;jah
1962-07-13;10,2;265;;jah
1962-07-14;8,43;242;;jah
1962-07-15;9,22;253;;jah
1962-07-16;15,7;328;;jah
1962-07-17;11,8;275;;jah
1962-07-18;10;247;;jah
1962-07-19;8;210;;jah
1962-07-20;5,9;188;;jah
1962-07-21;4,42;170;;jah
1962-07-22;3,58;158;;jah
1962-07-23;2,94;149;;jah
1962-07-24;3,25;154;;jah
1962-07-25;3,03;151;;jah
1962-07-26;2,62;145;;jah
1962-07-27;2,83;148;;jah
1962-07-28;2,25;139;;jah
1962-07-29;2,8;147;;jah
1962-07-30;2,22;139;;jah
1962-07-31;2,62;145;;jah
1962-08-01;2,4;141;;jah
1962-08-02;1,91;134;;jah
1962-08-03;1,8;131;;jah
1962-08-04;1,91;134;;jah
1962-08-05;1,8;131;;jah
1962-08-06;1,97;137;;jah
1962-08-07;2,03;139;;jah
1962-08-08;1,97;137;;jah
1962-08-09;2,42;147;;jah
1962-08-10;2,57;149;;jah
1962-08-11;2,38;145;;jah
1962-08-12;2,2;142;;jah
1962-08-13;2,65;152;;jah
1962-08-14;2,82;155;;jah
1962-08-15;2,3;144;;jah
1962-08-16;2,18;141;;jah
1962-08-17;2,2;143;;jah
1962-08-18;2,38;145;;jah
1962-08-19;8,38;252;;jah
1962-08-20;10,2;276;;jah
1962-08-21;9,81;264;;jah
1962-08-22;7,81;225;;jah
1962-08-23;6,59;195;;jah
1962-08-24;5,72;172;;jah
1962-08-25;5,72;172;;jah
1962-08-26;6,03;182;;jah
1962-08-27;6,72;199;;jah
1962-08-28;6,8;201;;jah
1962-08-29;8,39;236;;jah
1962-08-30;9,5;258;;jah
1962-08-31;9,95;266;;jah
1962-09-01;8,61;241;;jah
1962-09-02;7,6;219;;jah
1962-09-03;6,72;199;;jah
1962-09-04;6;179;;jah
1962-09-05;6,1;183;;jah
1962-09-06;6;180;;jah
1962-09-07;6;180;;jah
1962-09-08;6,08;182;;jah
1962-09-09;6,82;202;;jah
1962-09-10;7,22;211;;jah
1962-09-11;7,25;212;;jah
1962-09-12;7,29;213;;jah
1962-09-13;8,18;231;;jah
1962-09-14;9,02;249;;jah
1962-09-15;9,3;254;;jah
1962-09-16;7,42;229;;jah
1962-09-17;5,58;198;;jah
1962-09-18;4,65;182;;jah
1962-09-19;5,18;191;;jah
1962-09-20;5,18;191;;jah
1962-09-21;5,4;195;;jah
1962-09-22;5,85;203;;jah
1962-09-23;6,2;209;;jah
1962-09-24;5,5;197;;jah
1962-09-25;4,56;180;;jah
1962-09-26;4,56;180;;jah
1962-09-27;3,25;168;;jah
1962-09-28;3,25;168;;jah
1962-09-29;2,95;165;;jah
1962-09-30;2,8;163;;jah
1962-10-01;2,3;157;;jah
1962-10-02;2,08;152;;jah
1962-10-03;1,95;150;;jah
1962-10-04;1,9;149;;jah
1962-10-05;1,9;149;;jah
1962-10-06;1,58;142;;jah
1962-10-07;1,6;143;;jah
1962-10-08;1,75;146;;jah
1962-10-09;1,68;144;;jah
1962-10-10;1,68;144;;jah
1962-10-11;1,68;144;;jah
1962-10-12;1,68;144;;jah
1962-10-13;1,75;146;;jah
1962-10-14;1,58;142;;jah
1962-10-15;2;151;;jah
1962-10-16;1,6;143;;jah
1962-10-17;2,3;148;;jah
1962-10-18;2,4;149;;jah
1962-10-19;4,78;178;;jah
1962-10-20;8,08;220;;jah
1962-10-21;7,37;211;;jah
1962-10-22;5,92;193;;jah
1962-10-23;4,78;178;;jah
1962-10-24;4,05;169;;jah
1962-10-25;3,18;158;;jah
1962-10-26;3,42;161;;jah
1962-10-27;3,21;159;;jah
1962-10-28;3,34;160;;jah
1962-10-29;3,42;161;;jah
1962-10-30;3,1;157;;jah
1962-10-31;2,92;155;;jah
1962-11-01;2,55;151;;jah
1962-11-02;2,85;154;;jah
1962-11-03;2,85;154;;jah
1962-11-04;2,72;153;;jah
1962-11-05;2,85;154;;jah
1962-11-06;2,9;155;;jah
1962-11-07;2,72;153;;jah
1962-11-08;2,55;151;;jah
1962-11-09;2,72;153;;jah
1962-11-10;2,25;147;;jah
1962-11-11;1,8;142;;jah
1962-11-12;1,71;141;;jah
1962-11-13;1,71;141;;jah
1962-11-14;1,71;141;;jah
1962-11-15;1,54;139;;jah
1962-11-16;1,71;141;;jah
1962-11-17;1,8;142;;jah
1962-11-18;2,72;153;;jah
1962-11-19;2,72;153;;jah
1962-11-20;2,25;147;;jah
1962-11-21;3,97;168;;jah
1962-11-22;5,83;192;;jah
1962-11-23;7,86;217;;jah
1962-11-24;7,52;213;;jah
1962-11-25;6,8;204;;jah
1962-11-26;6,24;197;;jah
1962-11-27;5,68;190;;jah
1962-11-28;4,93;180;;jah
1962-11-29;4,7;177;;jah
1962-11-30;4,3;172;;jah
1962-12-01;3,9;167;;jah
1962-12-02;3,5;162;;jah
1962-12-03;3,42;161;;jah
1962-12-04;3,42;161;;jah
1962-12-05;3,42;161;;jah
1962-12-06;4,2;171;;jah
1962-12-07;3,97;168;;jah
1962-12-08;3,9;167;;jah
1962-12-09;3,6;164;;jah
1962-12-10;3,24;159;;jah
1962-12-11;3,41;163;;jah
1962-12-12;3,31;162;;jah
1962-12-13;3,68;169;;jah
1962-12-14;3,92;175;;jah
1962-12-15;3,98;177;;jah
1962-12-16;3,77;174;;jah
1962-12-17;3,58;172;;jah
1962-12-18;2,55;178;;jah
1962-12-19;2,28;175;;jah
1962-12-20;1,98;169;;jah
1962-12-21;1,91;162;;jah
1962-12-22;1,94;154;;jah
1962-12-23;2;144;;jah
1962-12-24;2;142;;jah
1962-12-25;2,16;146;;jah
1962-12-26;1,92;141;;jah
1962-12-27;1,96;143;;jah
1962-12-28;1,82;141;;jah
1962-12-29;1,75;140;;jah
1962-12-30;1,67;139;;jah
1962-12-31;1,6;138;;jah
1963-01-01;1,53;139;;jah
1963-01-02;1,52;140;;jah
1963-01-03;1,48;140;;jah
1963-01-04;1,38;138;;jah
1963-01-05;1,34;139;;jah
1963-01-06;1,21;137;;jah
1963-01-07;1,2;138;;jah
1963-01-08;1,06;136;;jah
1963-01-09;1,03;137;;jah
1963-01-10;1,04;140;;jah
1963-01-11;0,92;137;;jah
1963-01-12;0,96;139;;jah
1963-01-13;0,9;139;;jah
1963-01-14;0,99;144;;jah
1963-01-15;0,89;139;;jah
1963-01-16;0,84;139;;jah
1963-01-17;0,87;141;;jah
1963-01-18;0,83;139;;jah
1963-01-19;0,92;145;;jah
1963-01-20;0,86;143;;jah
1963-01-21;0,96;149;;jah
1963-01-22;0,98;150;;jah
1963-01-23;0,99;153;;jah
1963-01-24;0,89;152;;jah
1963-01-25;0,84;151;;jah
1963-01-26;0,81;149;;jah
1963-01-27;0,82;150;;jah
1963-01-28;0,86;155;;jah
1963-01-29;0,67;145;;jah
1963-01-30;0,78;176;;jah
1963-01-31;0,82;183;;jah
1963-02-01;0,81;182;;jah
1963-02-02;0,82;183;;jah
1963-02-03;0,83;184;;jah
1963-02-04;0,86;183;;jah
1963-02-05;0,8;178;;jah
1963-02-06;0,86;180;;jah
1963-02-07;0,8;175;;jah
1963-02-08;0,82;177;;jah
1963-02-09;0,74;170;;jah
1963-02-10;0,81;176;;jah
1963-02-11;0,81;176;;jah
1963-02-12;0,8;175;;jah
1963-02-13;0,82;177;;jah
1963-02-14;0,86;180;;jah
1963-02-15;0,89;180;;jah
1963-02-16;0,91;180;;jah
1963-02-17;0,89;178;;jah
1963-02-18;0,88;177;;jah
1963-02-19;0,93;181;;jah
1963-02-20;0,94;182;;jah
1963-02-21;0,94;182;;jah
1963-02-22;0,92;181;;jah
1963-02-23;0,88;177;;jah
1963-02-24;0,93;181;;jah
1963-02-25;0,89;178;;jah
1963-02-26;0,98;183;;jah
1963-02-27;1,03;184;;jah
1963-02-28;1,07;184;;jah
1963-03-01;1,1;182;;jah
1963-03-02;1,29;180;;jah
1963-03-03;1,35;174;;jah
1963-03-04;1,34;173;;jah
1963-03-05;1,2;166;;jah
1963-03-06;1,43;178;;jah
1963-03-07;1,47;180;;jah
1963-03-08;1,36;175;;jah
1963-03-09;1,18;165;;jah
1963-03-10;1,19;166;;jah
1963-03-11;1,34;174;;jah
1963-03-12;1,25;169;;jah
1963-03-13;1,29;171;;jah
1963-03-14;1,26;169;;jah
1963-03-15;1,12;162;;jah
1963-03-16;1,34;170;;jah
1963-03-17;1,1;158;;jah
1963-03-18;1,26;164;;jah
1963-03-19;1,36;169;;jah
1963-03-20;1,37;170;;jah
1963-03-21;1,45;174;;jah
1963-03-22;1,19;161;;jah
1963-03-23;1,15;159;;jah
1963-03-24;1,1;157;;jah
1963-03-25;1,03;153;;jah
1963-03-26;1,33;168;;jah
1963-03-27;1,33;164;;jah
1963-03-28;1,31;162;;jah
1963-03-29;1,34;162;;jah
1963-03-30;1,29;157;;jah
1963-03-31;1,46;161;;jah
1963-04-01;1,58;162;;jah
1963-04-02;1,72;162;;jah
1963-04-03;1,69;158;;jah
1963-04-04;1,87;162;;jah
1963-04-05;1,77;159;;jah
1963-04-06;1,54;151;;jah
1963-04-07;1,55;150;;jah
1963-04-08;1,91;160;;jah
1963-04-09;1,99;163;;jah
1963-04-10;2,27;170;;jah
1963-04-11;2,86;185;;jah
1963-04-12;5,47;249;;jah
1963-04-13;8,06;286;;jah
1963-04-14;10,3;290;;jah
1963-04-15;11,6;263;;jah
1963-04-16;10,4;238;;jah
1963-04-17;9,73;226;;jah
1963-04-18;8,38;225;;jah
1963-04-19;8,21;226;;jah
1963-04-20;7,33;218;;jah
1963-04-21;6,84;212;;jah
1963-04-22;5,82;197;;jah
1963-04-23;4,63;179;;jah
1963-04-24;4,7;181;;jah
1963-04-25;4,35;175;;jah
1963-04-26;4,1;172;;jah
1963-04-27;3,72;166;;jah
1963-04-28;3,62;164;;jah
1963-04-29;3,36;160;;jah
1963-04-30;3,03;155;;jah
1963-05-01;2,78;150;;jah
1963-05-02;3,39;160;;jah
1963-05-03;5,03;185;;jah
1963-05-04;5,33;190;;jah
1963-05-05;5,28;187;;jah
1963-05-06;5,03;183;;jah
1963-05-07;4,25;171;;jah
1963-05-08;4,41;174;;jah
1963-05-09;3,95;167;;jah
1963-05-10;3,73;164;;jah
1963-05-11;3,14;154;;jah
1963-05-12;2,93;150;;jah
1963-05-13;3,36;157;;jah
1963-05-14;3,21;155;;jah
1963-05-15;3,47;159;;jah
1963-05-16;3,12;153;;jah
1963-05-17;3,02;152;;jah
1963-05-18;2,64;145;;jah
1963-05-19;2,6;145;;jah
1963-05-20;2,84;150;;jah
1963-05-21;2,6;146;;jah
1963-05-22;2,31;142;;jah
1963-05-23;2,27;142;;jah
1963-05-24;1,95;137;;jah
1963-05-25;1,75;134;;jah
1963-05-26;1,7;133;;jah
1963-05-27;1,61;132;;jah
1963-05-28;1,54;131;;jah
1963-05-29;1,32;126;;jah
1963-05-30;1,24;125;;jah
1963-05-31;1,09;121;;jah
1963-06-01;1,13;123;;jah
1963-06-02;1,04;121;;jah
1963-06-03;1,05;122;;jah
1963-06-04;0,94;118;;jah
1963-06-05;0,93;119;;jah
1963-06-06;1,12;126;;jah
1963-06-07;1,2;128;;jah
1963-06-08;1,06;125;;jah
1963-06-09;0,98;123;;jah
1963-06-10;0,9;121;;jah
1963-06-11;0,88;121;;jah
1963-06-12;0,86;121;;jah
1963-06-13;0,93;123;;jah
1963-06-14;0,88;121;;jah
1963-06-15;0,86;121;;jah
1963-06-16;0,83;120;;jah
1963-06-17;0,67;112;;jah
1963-06-18;0,84;120;;jah
1963-06-19;0,92;123;;jah
1963-06-20;0,87;121;;jah
1963-06-21;0,8;118;;jah
1963-06-22;0,69;113;;jah
1963-06-23;0,72;114;;jah
1963-06-24;0,99;124;;jah
1963-06-25;1,08;127;;jah
1963-06-26;1;124;;jah
1963-06-27;0,96;123;;jah
1963-06-28;1,04;126;;jah
1963-06-29;1,14;128;;jah
1963-06-30;1,07;125;;jah
1963-07-01;1,04;124;;jah
1963-07-02;1,08;124;;jah
1963-07-03;1;122;;jah
1963-07-04;0,98;121;;jah
1963-07-05;0,89;118;;jah
1963-07-06;0,6;105;;jah
1963-07-07;0,82;115;;jah
1963-07-08;1;122;;jah
1963-07-09;1,02;122;;jah
1963-07-10;0,97;121;;jah
1963-07-11;0,97;121;;jah
1963-07-12;0,99;122;;jah
1963-07-13;0,9;119;;jah
1963-07-14;0,9;120;;jah
1963-07-15;0,8;115;;jah
1963-07-16;0,8;115;;jah
1963-07-17;1,02;124;;jah
1963-07-18;1,03;124;;jah
1963-07-19;0,96;122;;jah
1963-07-20;0,64;110;;jah
1963-07-21;0,74;114;;jah
1963-07-22;0,78;116;;jah
1963-07-23;0,82;117;;jah
1963-07-24;0,66;111;;jah
1963-07-25;0,59;107;;jah
1963-07-26;0,48;102;;jah
1963-07-27;0,63;110;;jah
1963-07-28;0,66;112;;jah
1963-07-29;0,84;120;;jah
1963-07-30;1,04;128;;jah
1963-07-31;0,86;122;;jah
1963-08-01;0,69;115;;jah
1963-08-02;0,91;125;;jah
1963-08-03;0,67;115;;jah
1963-08-04;0,67;115;;jah
1963-08-05;0,73;119;;jah
1963-08-06;0,72;119;;jah
1963-08-07;0,71;120;;jah
1963-08-08;0,59;114;;jah
1963-08-09;0,67;118;;jah
1963-08-10;0,65;118;;jah
1963-08-11;0,58;115;;jah
1963-08-12;0,8;126;;jah
1963-08-13;0,7;122;;jah
1963-08-14;0,52;113;;jah
1963-08-15;0,56;116;;jah
1963-08-16;0,9;122;;jah
1963-08-17;1,48;137;;jah
1963-08-18;1,48;137;;jah
1963-08-19;1,72;144;;jah
1963-08-20;1,78;145;;jah
1963-08-21;1,62;141;;jah
1963-08-22;1,35;134;;jah
1963-08-23;1,81;146;;jah
1963-08-24;3,13;170;;jah
1963-08-25;4,55;188;;jah
1963-08-26;4,47;187;;jah
1963-08-27;2,5;160;;jah
1963-08-28;1,58;140;;jah
1963-08-29;2,38;158;;jah
1963-08-30;2,68;163;;jah
1963-08-31;2,75;164;;jah
1963-09-01;2,38;158;;jah
1963-09-02;1,81;146;;jah
1963-09-03;1,4;135;;jah
1963-09-04;1,1;128;;jah
1963-09-05;1,53;139;;jah
1963-09-06;1,81;146;;jah
1963-09-07;1,48;137;;jah
1963-09-08;1,48;137;;jah
1963-09-09;1,53;139;;jah
1963-09-10;1,5;138;;jah
1963-09-11;1,28;132;;jah
1963-09-12;1,5;138;;jah
1963-09-13;1,72;144;;jah
1963-09-14;1,87;147;;jah
1963-09-15;1,99;150;;jah
1963-09-16;1,58;140;;jah
1963-09-17;1,72;144;;jah
1963-09-18;1,53;139;;jah
1963-09-19;1,3;133;;jah
1963-09-20;1,28;132;;jah
1963-09-21;1,28;132;;jah
1963-09-22;1,23;131;;jah
1963-09-23;1,23;131;;jah
1963-09-24;1,23;131;;jah
1963-09-25;1,2;130;;jah
1963-09-26;1,09;127;;jah
1963-09-27;1,09;127;;jah
1963-09-28;1,2;130;;jah
1963-09-29;1,48;137;;jah
1963-09-30;1,68;142;;jah
1963-10-01;1,69;143;;jah
1963-10-02;2,08;152;;jah
1963-10-03;2,02;151;;jah
1963-10-04;2,44;159;;jah
1963-10-05;3,08;169;;jah
1963-10-06;3,28;172;;jah
1963-10-07;2,53;161;;jah
1963-10-08;2,44;159;;jah
1963-10-09;2,28;156;;jah
1963-10-10;2,17;154;;jah
1963-10-11;2,22;155;;jah
1963-10-12;2,44;159;;jah
1963-10-13;4,28;185;;jah
1963-10-14;5,31;196;;jah
1963-10-15;6,12;204;;jah
1963-10-16;5,91;204;;jah
1963-10-17;5,31;196;;jah
1963-10-18;4,3;183;;jah
1963-10-19;3,53;172;;jah
1963-10-20;3,18;169;;jah
1963-10-21;2,77;163;;jah
1963-10-22;2,44;158;;jah
1963-10-23;2,27;156;;jah
1963-10-24;2,22;157;;jah
1963-10-25;1,94;152;;jah
1963-10-26;1,81;149;;jah
1963-10-27;1,6;145;;jah
1963-10-28;1,72;150;;jah
1963-10-29;1,48;144;;jah
1963-10-30;1,35;141;;jah
1963-10-31;1,34;143;;jah
1963-11-01;1,06;134;;jah
1963-11-02;1,12;136;;jah
1963-11-03;1,22;140;;jah
1963-11-04;1,36;143;;jah
1963-11-05;1,31;140;;jah
1963-11-06;1,38;141;;jah
1963-11-07;1,42;141;;jah
1963-11-08;1,45;141;;jah
1963-11-09;1,63;145;;jah
1963-11-10;1,99;149;;jah
1963-11-11;3,19;163;;jah
1963-11-12;4,18;172;;jah
1963-11-13;4,44;174;;jah
1963-11-14;4,25;171;;jah
1963-11-15;4,25;171;;jah
1963-11-16;4,51;175;;jah
1963-11-17;5,27;187;;jah
1963-11-18;6,49;206;;jah
1963-11-19;7,87;227;;jah
1963-11-20;9,4;249;;jah
1963-11-21;9,16;249;;jah
1963-11-22;8,06;234;;jah
1963-11-23;6,09;205;;jah
1963-11-24;4,57;181;;jah
1963-11-25;3,38;161;;jah
1963-11-26;3,07;156;;jah
1963-11-27;3,01;156;;jah
1963-11-28;2,57;147;;jah
1963-11-29;2,35;143;;jah
1963-11-30;2,26;142;;jah
1963-12-01;2,27;142;;jah
1963-12-02;2,3;143;;jah
1963-12-03;1,99;137;;jah
1963-12-04;1,96;137;;jah
1963-12-05;1,77;134;;jah
1963-12-06;1,89;137;;jah
1963-12-07;1,72;134;;jah
1963-12-08;1,61;132;;jah
1963-12-09;1,76;136;;jah
1963-12-10;1,64;141;;jah
1963-12-11;1,52;134;;jah
1963-12-12;1,47;135;;jah
1963-12-13;1,46;136;;jah
1963-12-14;1,48;138;;jah
1963-12-15;1,43;137;;jah
1963-12-16;1,41;138;;jah
1963-12-17;1,31;135;;jah
1963-12-18;1,36;138;;jah
1963-12-19;1,43;141;;jah
1963-12-20;1,4;140;;jah
1963-12-21;1,42;140;;jah
1963-12-22;1,4;141;;jah
1963-12-23;1,38;140;;jah
1963-12-24;1,36;140;;jah
1963-12-25;1,38;140;;jah
1963-12-26;1,43;142;;jah
1963-12-27;1,44;142;;jah
1963-12-28;1,35;138;;jah
1963-12-29;1,31;137;;jah
1963-12-30;1,28;136;;jah
1963-12-31;1,34;138;;jah
1964-01-01;1,67;147;;jah
1964-01-02;2,11;159;;jah
1964-01-03;1,86;152;;jah
1964-01-04;1,51;141;;jah
1964-01-05;1,6;142;;jah
1964-01-06;1,55;141;;jah
1964-01-07;1,36;134;;jah
1964-01-08;1,38;134;;jah
1964-01-09;1,5;136;;jah
1964-01-10;1,41;133;;jah
1964-01-11;1,37;131;;jah
1964-01-12;1,33;130;;jah
1964-01-13;1,41;132;;jah
1964-01-14;1,32;129;;jah
1964-01-15;1,22;126;;jah
1964-01-16;1,15;124;;jah
1964-01-17;1,16;124;;jah
1964-01-18;1,26;127;;jah
1964-01-19;1,25;127;;jah
1964-01-20;1,38;130;;jah
1964-01-21;1,26;127;;jah
1964-01-22;1,07;122;;jah
1964-01-23;1,35;130;;jah
1964-01-24;1,23;126;;jah
1964-01-25;1,21;126;;jah
1964-01-26;1,07;122;;jah
1964-01-27;1,15;124;;jah
1964-01-28;1,24;127;;jah
1964-01-29;1,1;123;;jah
1964-01-30;1,25;127;;jah
1964-01-31;1,32;130;;jah
1964-02-01;1,2;126;;jah
1964-02-02;1,24;128;;jah
1964-02-03;1,25;128;;jah
1964-02-04;1,23;128;;jah
1964-02-05;1,06;123;;jah
1964-02-06;1,17;127;;jah
1964-02-07;1,2;128;;jah
1964-02-08;1,1;126;;jah
1964-02-09;1,02;125;;jah
1964-02-10;1,28;133;;jah
1964-02-11;1,18;131;;jah
1964-02-12;1;126;;jah
1964-02-13;1,05;129;;jah
1964-02-14;1,11;133;;jah
1964-02-15;1,01;130;;jah
1964-02-16;1,02;131;;jah
1964-02-17;1,05;134;;jah
1964-02-18;1,19;140;;jah
1964-02-19;0,85;128;;jah
1964-02-20;1,15;140;;jah
1964-02-21;1,2;143;;jah
1964-02-22;0,96;135;;jah
1964-02-23;1,04;138;;jah
1964-02-24;1,14;143;;jah
1964-02-25;1,03;140;;jah
1964-02-26;1,01;139;;jah
1964-02-27;1,06;142;;jah
1964-02-28;0,96;138;;jah
1964-02-29;1,15;148;;jah
1964-03-01;1,03;142;;jah
1964-03-02;1,04;143;;jah
1964-03-03;1,07;144;;jah
1964-03-04;1,02;142;;jah
1964-03-05;0,99;140;;jah
1964-03-06;1,07;144;;jah
1964-03-07;0,92;138;;jah
1964-03-08;1;142;;jah
1964-03-09;1,09;147;;jah
1964-03-10;1,04;146;;jah
1964-03-11;1,02;145;;jah
1964-03-12;1,02;145;;jah
1964-03-13;0,93;141;;jah
1964-03-14;1;144;;jah
1964-03-15;0,99;143;;jah
1964-03-16;1,06;147;;jah
1964-03-17;1,12;150;;jah
1964-03-18;0,95;142;;jah
1964-03-19;1,06;147;;jah
1964-03-20;1,02;145;;jah
1964-03-21;1,06;145;;jah
1964-03-22;0,98;141;;jah
1964-03-23;1,12;147;;jah
1964-03-24;1,11;146;;jah
1964-03-25;1;141;;jah
1964-03-26;1;141;;jah
1964-03-27;1,08;144;;jah
1964-03-28;1,08;143;;jah
1964-03-29;1,11;143;;jah
1964-03-30;1,14;144;;jah
1964-03-31;1,04;139;;jah
1964-04-01;1,13;141;;jah
1964-04-02;1,17;142;;jah
1964-04-03;1,45;147;;jah
1964-04-04;1,9;155;;jah
1964-04-05;2,72;164;;jah
1964-04-06;2,84;164;;jah
1964-04-07;2,23;156;;jah
1964-04-08;1,65;148;;jah
1964-04-09;1,16;138;;jah
1964-04-10;0,86;134;;jah
1964-04-11;0,66;128;;jah
1964-04-12;1,92;150;;jah
1964-04-13;4,91;194;;jah
1964-04-14;7,7;232;;jah
1964-04-15;8,56;236;;jah
1964-04-16;6,41;202;;jah
1964-04-17;5,35;184;;jah
1964-04-18;5,4;185;;jah
1964-04-19;5,72;190;;jah
1964-04-20;5,08;181;;jah
1964-04-21;4,81;179;;jah
1964-04-22;4,42;175;;jah
1964-04-23;3,9;168;;jah
1964-04-24;3,5;163;;jah
1964-04-25;3,11;158;;jah
1964-04-26;2,63;151;;jah
1964-04-27;2,48;149;;jah
1964-04-28;1,9;137;;jah
1964-04-29;2,2;143;;jah
1964-04-30;2,28;144;;jah
1964-05-01;2,61;150;;jah
1964-05-02;2,4;145;;jah
1964-05-03;2,29;143;;jah
1964-05-04;2,46;145;;jah
1964-05-05;2,32;142;;jah
1964-05-06;2,15;139;;jah
1964-05-07;2,17;139;;jah
1964-05-08;1,74;132;;jah
1964-05-09;1,58;129;;jah
1964-05-10;1,85;134;;jah
1964-05-11;2,38;143;;jah
1964-05-12;1,58;129;;jah
1964-05-13;1,52;128;;jah
1964-05-14;1,8;133;;jah
1964-05-15;2,2;140;;jah
1964-05-16;2,56;146;;jah
1964-05-17;2,63;147;;jah
1964-05-18;2,9;151;;jah
1964-05-19;2,14;139;;jah
1964-05-20;1,85;134;;jah
1964-05-21;1,8;133;;jah
1964-05-22;1,63;130;;jah
1964-05-23;1,26;123;;jah
1964-05-24;1,21;122;;jah
1964-05-25;1,63;130;;jah
1964-05-26;1,47;127;;jah
1964-05-27;1,37;125;;jah
1964-05-28;1,16;121;;jah
1964-05-29;0,93;116;;jah
1964-05-30;1,07;119;;jah
1964-05-31;1,02;118;;jah
1964-06-01;1,37;125;;jah
1964-06-02;1,42;126;;jah
1964-06-03;1,21;122;;jah
1964-06-04;1,8;133;;jah
1964-06-05;2,25;141;;jah
1964-06-06;3,4;158;;jah
1964-06-07;2,25;141;;jah
1964-06-08;1,8;133;;jah
1964-06-09;0,51;112;;jah
1964-06-10;0,67;118;;jah
1964-06-11;0,8;122;;jah
1964-06-12;0,84;123;;jah
1964-06-13;0,76;121;;jah
1964-06-14;0,8;122;;jah
1964-06-15;0,8;122;;jah
1964-06-16;0,74;120;;jah
1964-06-17;0,56;114;;jah
1964-06-18;0,64;117;;jah
1964-06-19;0,74;120;;jah
1964-06-20;0,62;116;;jah
1964-06-21;0,8;122;;jah
1964-06-22;0,95;126;;jah
1964-06-23;0,91;125;;jah
1964-06-24;0,67;118;;jah
1964-06-25;0,7;119;;jah
1964-06-26;0,87;124;;jah
1964-06-27;0,84;123;;jah
1964-06-28;0,8;122;;jah
1964-06-29;0,91;125;;jah
1964-06-30;0,95;126;;jah
1964-07-01;0,84;123;;jah
1964-07-02;0,67;118;;jah
1964-07-03;0,62;116;;jah
1964-07-04;0,84;123;;jah
1964-07-05;0,51;112;;jah
1964-07-06;0,67;118;;jah
1964-07-07;1,05;128;;jah
1964-07-08;0,8;122;;jah
1964-07-09;0,62;116;;jah
1964-07-10;0,67;118;;jah
1964-07-11;0,58;115;;jah
1964-07-12;0,87;124;;jah
1964-07-13;1,05;128;;jah
1964-07-14;0,95;126;;jah
1964-07-15;0,87;124;;jah
1964-07-16;0,87;124;;jah
1964-07-17;0,95;126;;jah
1964-07-18;0,76;121;;jah
1964-07-19;0,64;117;;jah
1964-07-20;0,76;121;;jah
1964-07-21;0,84;123;;jah
1964-07-22;1,57;137;;jah
1964-07-23;1,09;129;;jah
1964-07-24;0,54;113;;jah
1964-07-25;0,62;116;;jah
1964-07-26;0,76;121;;jah
1964-07-27;0,91;125;;jah
1964-07-28;2,42;147;;jah
1964-07-29;1,25;132;;jah
1964-07-30;0,56;114;;jah
1964-07-31;1;127;;jah
1964-08-01;1,2;131;;jah
1964-08-02;0,58;115;;jah
1964-08-03;0,58;115;;jah
1964-08-04;0,36;105;;jah
1964-08-05;0,54;116;;jah
1964-08-06;0,73;123;;jah
1964-08-07;0,92;127;;jah
1964-08-08;1,1;130;;jah
1964-08-09;1,45;135;;jah
1964-08-10;1,38;134;;jah
1964-08-11;1,45;135;;jah
1964-08-12;1,24;132;;jah
1964-08-13;0,61;120;;jah
1964-08-14;0,58;119;;jah
1964-08-15;0,86;126;;jah
1964-08-16;0,82;125;;jah
1964-08-17;1,1;130;;jah
1964-08-18;0,76;124;;jah
1964-08-19;0,5;115;;jah
1964-08-20;0,64;121;;jah
1964-08-21;0,64;121;;jah
1964-08-22;0,61;120;;jah
1964-08-23;0,64;121;;jah
1964-08-24;0,76;124;;jah
1964-08-25;0,66;122;;jah
1964-08-26;0,73;123;;jah
1964-08-27;0,76;124;;jah
1964-08-28;0,64;121;;jah
1964-08-29;0,64;121;;jah
1964-08-30;0,66;122;;jah
1964-08-31;0,66;122;;jah
1964-09-01;0,92;127;;jah
1964-09-02;1,24;132;;jah
1964-09-03;0,98;128;;jah
1964-09-04;0,61;120;;jah
1964-09-05;0,56;118;;jah
1964-09-06;0,61;120;;jah
1964-09-07;0,86;126;;jah
1964-09-08;0,82;125;;jah
1964-09-09;0,76;124;;jah
1964-09-10;0,66;122;;jah
1964-09-11;0,56;118;;jah
1964-09-12;0,46;113;;jah
1964-09-13;0,43;111;;jah
1964-09-14;0,73;123;;jah
1964-09-15;0,86;126;;jah
1964-09-16;0,98;128;;jah
1964-09-17;0,92;127;;jah
1964-09-18;1,1;130;;jah
1964-09-19;0,86;126;;jah
1964-09-20;0,66;122;;jah
1964-09-21;0,66;122;;jah
1964-09-22;0,64;121;;jah
1964-09-23;0,54;116;;jah
1964-09-24;0,38;108;;jah
1964-09-25;0,54;117;;jah
1964-09-26;0,66;122;;jah
1964-09-27;1,1;130;;jah
1964-09-28;0,92;127;;jah
1964-09-29;0,76;124;;jah
1964-09-30;0,86;126;;jah
1964-10-01;0,86;126;;jah
1964-10-02;0,86;126;;jah
1964-10-03;0,61;120;;jah
1964-10-04;0,76;124;;jah
1964-10-05;1,17;131;;jah
1964-10-06;0,76;124;;jah
1964-10-07;0,82;125;;jah
1964-10-08;0,66;122;;jah
1964-10-09;0,58;119;;jah
1964-10-10;0,54;117;;jah
1964-10-11;0,48;114;;jah
1964-10-12;0,92;127;;jah
1964-10-13;0,73;123;;jah
1964-10-14;1,1;130;;jah
1964-10-15;1,05;129;;jah
1964-10-16;0,86;126;;jah
1964-10-17;1,86;143;;jah
1964-10-18;1,22;130;;jah
1964-10-19;1,12;128;;jah
1964-10-20;1,08;127;;jah
1964-10-21;0,94;122;;jah
1964-10-22;1,12;128;;jah
1964-10-23;1,05;126;;jah
1964-10-24;0,75;112;;jah
1964-10-25;0,67;107;;jah
1964-10-26;1,08;127;;jah
1964-10-27;1,3;132;;jah
1964-10-28;1,3;132;;jah
1964-10-29;1,16;129;;jah
1964-10-30;1,22;130;;jah
1964-10-31;1,22;130;;jah
1964-11-01;1,22;130;;jah
1964-11-02;1,25;131;;jah
1964-11-03;0,96;123;;jah
1964-11-04;1,05;126;;jah
1964-11-05;1,12;128;;jah
1964-11-06;1,05;126;;jah
1964-11-07;0,96;123;;jah
1964-11-08;0,77;114;;jah
1964-11-09;0,88;120;;jah
1964-11-10;0,99;124;;jah
1964-11-11;1,05;126;;jah
1964-11-12;0,91;121;;jah
1964-11-13;0,88;120;;jah
1964-11-14;1,05;126;;jah
1964-11-15;0,99;124;;jah
1964-11-16;1,22;130;;jah
1964-11-17;1,7;140;;jah
1964-11-18;1,82;142;;jah
1964-11-19;1,97;145;;jah
1964-11-20;2,08;147;;jah
1964-11-21;2,62;156;;jah
1964-11-22;2,09;150;;jah
1964-11-23;1,2;131;;jah
1964-11-24;0,94;124;;jah
1964-11-25;1,15;132;;jah
1964-11-26;1,25;135;;jah
1964-11-27;1,27;137;;jah
1964-11-28;1,26;136;;jah
1964-11-29;1,39;140;;jah
1964-11-30;1,22;135;;jah
1964-12-01;1,22;135;;jah
1964-12-02;1,1;131;;jah
1964-12-03;1,03;129;;jah
1964-12-04;1,01;128;;jah
1964-12-05;1,07;130;;jah
1964-12-06;1,09;131;;jah
1964-12-07;1,04;129;;jah
1964-12-08;1,02;128;;jah
1964-12-09;1,12;131;;jah
1964-12-10;1,51;138;;jah
1964-12-11;2,27;149;;jah
1964-12-12;3,28;166;;jah
1964-12-13;3,5;169;;jah
1964-12-14;3,11;162;;jah
1964-12-15;3,16;163;;jah
1964-12-16;3,43;168;;jah
1964-12-17;3,55;170;;jah
1964-12-18;3,43;169;;jah
1964-12-19;3,15;164;;jah
1964-12-20;2,86;160;;jah
1964-12-21;2,58;154;;jah
1964-12-22;1,89;139;;jah
1964-12-23;1,71;135;;jah
1964-12-24;2,16;145;;jah
1964-12-25;2,3;148;;jah
1964-12-26;2,53;153;;jah
1964-12-27;2,47;152;;jah
1964-12-28;2,39;151;;jah
1964-12-29;2,34;156;;jah
1964-12-30;2,17;150;;jah
1964-12-31;1,86;139;;jah
1965-01-01;1,9;139;;jah
1965-01-02;1,85;138;;jah
1965-01-03;1,82;137;;jah
1965-01-04;1,79;136;;jah
1965-01-05;1,92;139;;jah
1965-01-06;1,72;136;;jah
1965-01-07;1,68;145;;jah
1965-01-08;1,58;144;;jah
1965-01-09;1,5;135;;jah
1965-01-10;1,5;135;;jah
1965-01-11;1,45;133;;jah
1965-01-12;1,54;134;;jah
1965-01-13;1,47;133;;jah
1965-01-14;1,44;132;;jah
1965-01-15;1,35;130;;jah
1965-01-16;1,03;120;;jah
1965-01-17;1,18;125;;jah
1965-01-18;1,32;129;;jah
1965-01-19;1,47;133;;jah
1965-01-20;1,42;132;;jah
1965-01-21;1,3;128;;jah
1965-01-22;1,15;124;;jah
1965-01-23;1,21;126;;jah
1965-01-24;1,19;125;;jah
1965-01-25;1,33;129;;jah
1965-01-26;1,4;131;;jah
1965-01-27;1,17;124;;jah
1965-01-28;1,22;126;;jah
1965-01-29;1,23;127;;jah
1965-01-30;1,15;124;;jah
1965-01-31;1,12;124;;jah
1965-02-01;1,24;129;;jah
1965-02-02;1,28;132;;jah
1965-02-03;1,24;132;;jah
1965-02-04;1,03;126;;jah
1965-02-05;1,14;132;;jah
1965-02-06;0,95;127;;jah
1965-02-07;0,94;127;;jah
1965-02-08;1,12;136;;jah
1965-02-09;0,97;131;;jah
1965-02-10;0,92;131;;jah
1965-02-11;1,01;136;;jah
1965-02-12;1,13;141;;jah
1965-02-13;0,93;133;;jah
1965-02-14;0,62;120;;jah
1965-02-15;0,96;136;;jah
1965-02-16;0,86;130;;jah
1965-02-17;0,79;127;;jah
1965-02-18;0,78;127;;jah
1965-02-19;0,97;135;;jah
1965-02-20;0,93;132;;jah
1965-02-21;0,87;130;;jah
1965-02-22;0,98;134;;jah
1965-02-23;0,94;132;;jah
1965-02-24;1,01;135;;jah
1965-02-25;0,96;133;;jah
1965-02-26;0,87;129;;jah
1965-02-27;0,84;128;;jah
1965-02-28;0,97;132;;jah
1965-03-01;1,07;135;;jah
1965-03-02;1,1;136;;jah
1965-03-03;0,99;132;;jah
1965-03-04;1,01;132;;jah
1965-03-05;1,21;140;;jah
1965-03-06;1,09;135;;jah
1965-03-07;1,07;135;;jah
1965-03-08;1;132;;jah
1965-03-09;1,19;139;;jah
1965-03-10;1,24;141;;jah
1965-03-11;1,18;139;;jah
1965-03-12;1,22;140;;jah
1965-03-13;1,19;139;;jah
1965-03-14;1,19;139;;jah
1965-03-15;1,3;142;;jah
1965-03-16;1,1;125;;jah
1965-03-17;1,25;139;;jah
1965-03-18;1,28;140;;jah
1965-03-19;1,31;140;;jah
1965-03-20;1,19;136;;jah
1965-03-21;1,37;141;;jah
1965-03-22;1,47;144;;jah
1965-03-23;1,4;141;;jah
1965-03-24;1,34;138;;jah
1965-03-25;1,33;137;;jah
1965-03-26;1,4;138;;jah
1965-03-27;1,43;138;;jah
1965-03-28;1,45;137;;jah
1965-03-29;1,44;136;;jah
1965-03-30;2,37;160;;jah
1965-03-31;1,99;150;;jah
1965-04-01;2,09;152;;jah
1965-04-02;2,01;152;;jah
1965-04-03;1,87;157;;jah
1965-04-04;1,9;149;;jah
1965-04-05;2,14;147;;jah
1965-04-06;2,36;148;;jah
1965-04-07;3,05;157;;jah
1965-04-08;5,38;188;;jah
1965-04-09;4,88;183;;jah
1965-04-10;4,32;174;;jah
1965-04-11;3,95;167;;jah
1965-04-12;4,61;179;;jah
1965-04-13;4,61;179;;jah
1965-04-14;5,14;187;;jah
1965-04-15;5,65;194;;jah
1965-04-16;6,58;205;;jah
1965-04-17;6,3;202;;jah
1965-04-18;7,19;211;;jah
1965-04-19;8,46;221;;jah
1965-04-20;8,15;216;;jah
1965-04-21;7,59;211;;jah
1965-04-22;6,78;203;;jah
1965-04-23;5,81;192;;jah
1965-04-24;4,66;176;;jah
1965-04-25;4,23;170;;jah
1965-04-26;3,54;160;;jah
1965-04-27;4,15;166;;jah
1965-04-28;2,52;146;;jah
1965-04-29;2,32;143;;jah
1965-04-30;2,52;146;;jah
1965-05-01;2,45;145;;jah
1965-05-02;2,37;144;;jah
1965-05-03;2,06;139;;jah
1965-05-04;1,76;134;;jah
1965-05-05;1,48;129;;jah
1965-05-06;1,43;128;;jah
1965-05-07;1,43;128;;jah
1965-05-08;1,23;124;;jah
1965-05-09;1,27;125;;jah
1965-05-10;1,33;126;;jah
1965-05-11;1,43;128;;jah
1965-05-12;1,43;128;;jah
1965-05-13;1,43;128;;jah
1965-05-14;1,38;127;;jah
1965-05-15;1,65;132;;jah
1965-05-16;1,54;130;;jah
1965-05-17;1,17;123;;jah
1965-05-18;1,12;122;;jah
1965-05-19;2,25;142;;jah
1965-05-20;1,95;137;;jah
1965-05-21;1,54;130;;jah
1965-05-22;1,43;128;;jah
1965-05-23;1,48;129;;jah
1965-05-24;1,23;124;;jah
1965-05-25;1,38;127;;jah
1965-05-26;1,43;128;;jah
1965-05-27;1,17;123;;jah
1965-05-28;1,07;121;;jah
1965-05-29;1,03;120;;jah
1965-05-30;1,12;122;;jah
1965-05-31;1,17;123;;jah
1965-06-01;1,17;123;;jah
1965-06-02;0,78;115;;jah
1965-06-03;1,27;125;;jah
1965-06-04;1,07;121;;jah
1965-06-05;1,17;123;;jah
1965-06-06;1,03;120;;jah
1965-06-07;1,03;120;;jah
1965-06-08;1,07;121;;jah
1965-06-09;0,46;111;;jah
1965-06-10;0,73;120;;jah
1965-06-11;0,49;112;;jah
1965-06-12;0,46;111;;jah
1965-06-13;0,67;118;;jah
1965-06-14;0,73;120;;jah
1965-06-15;0,85;124;;jah
1965-06-16;0,78;122;;jah
1965-06-17;0,7;119;;jah
1965-06-18;0,28;104;;jah
1965-06-19;0,49;112;;jah
1965-06-20;0,91;126;;jah
1965-06-21;0,95;127;;jah
1965-06-22;0,97;128;;jah
1965-06-23;0,91;126;;jah
1965-06-24;0,91;126;;jah
1965-06-25;0,87;125;;jah
1965-06-26;0,85;124;;jah
1965-06-27;0,44;110;;jah
1965-06-28;0,73;120;;jah
1965-06-29;1,02;129;;jah
1965-06-30;0,95;127;;jah
1965-07-01;0,91;126;;jah
1965-07-02;0,73;120;;jah
1965-07-03;0,27;103;;jah
1965-07-04;0,49;112;;jah
1965-07-05;0,87;125;;jah
1965-07-06;1,07;131;;jah
1965-07-07;0,91;126;;jah
1965-07-08;0,91;126;;jah
1965-07-09;0,95;127;;jah
1965-07-10;0,91;126;;jah
1965-07-11;0,95;127;;jah
1965-07-12;0,75;121;;jah
1965-07-13;0,91;126;;jah
1965-07-14;1,07;131;;jah
1965-07-15;1,02;129;;jah
1965-07-16;0,97;128;;jah
1965-07-17;0,97;128;;jah
1965-07-18;0,46;111;;jah
1965-07-19;0,45;120;;jah
1965-07-20;0,75;129;;jah
1965-07-21;0,7;128;;jah
1965-07-22;0,34;116;;jah
1965-07-23;0,39;118;;jah
1965-07-24;0,67;127;;jah
1965-07-25;0,82;131;;jah
1965-07-26;0,67;127;;jah
1965-07-27;0,75;129;;jah
1965-07-28;0,95;134;;jah
1965-07-29;1,03;136;;jah
1965-07-30;1,64;148;;jah
1965-07-31;1,53;146;;jah
1965-08-01;1,27;141;;jah
1965-08-02;1,12;138;;jah
1965-08-03;1,23;140;;jah
1965-08-04;1,17;139;;jah
1965-08-05;1,26;141;;jah
1965-08-06;1,23;140;;jah
1965-08-07;1,23;140;;jah
1965-08-08;1,12;138;;jah
1965-08-09;0,9;133;;jah
1965-08-10;1,03;136;;jah
1965-08-11;0,78;130;;jah
1965-08-12;0,75;129;;jah
1965-08-13;0,78;130;;jah
1965-08-14;0,78;130;;jah
1965-08-15;0,75;129;;jah
1965-08-16;0,67;127;;jah
1965-08-17;0,57;124;;jah
1965-08-18;0,64;126;;jah
1965-08-19;0,9;133;;jah
1965-08-20;0,52;122;;jah
1965-08-21;0,64;126;;jah
1965-08-22;0,61;125;;jah
1965-08-23;0,86;132;;jah
1965-08-24;0,78;130;;jah
1965-08-25;0,67;127;;jah
1965-08-26;0,61;125;;jah
1965-08-27;0,27;114;;jah
1965-08-28;0,34;116;;jah
1965-08-29;0,27;114;;jah
1965-08-30;0,48;121;;jah
1965-08-31;0,7;128;;jah
1965-09-01;0,95;134;;jah
1965-09-02;1,12;138;;jah
1965-09-03;0,98;135;;jah
1965-09-04;0,9;133;;jah
1965-09-05;0,9;133;;jah
1965-09-06;0,78;130;;jah
1965-09-07;0,86;132;;jah
1965-09-08;1,05;136;;jah
1965-09-09;0,97;134;;jah
1965-09-10;0,7;126;;jah
1965-09-11;0,7;126;;jah
1965-09-12;0,84;130;;jah
1965-09-13;0,59;122;;jah
1965-09-14;0,62;123;;jah
1965-09-15;0,7;126;;jah
1965-09-16;0,74;127;;jah
1965-09-17;0,7;126;;jah
1965-09-18;0,9;132;;jah
1965-09-19;1,02;135;;jah
1965-09-20;0,87;131;;jah
1965-09-21;0,77;128;;jah
1965-09-22;0,8;129;;jah
1965-09-23;0,84;130;;jah
1965-09-24;0,87;131;;jah
1965-09-25;0,97;134;;jah
1965-09-26;1,02;135;;jah
1965-09-27;0,84;130;;jah
1965-09-28;0,68;125;;jah
1965-09-29;0,59;122;;jah
1965-09-30;0,65;124;;jah
1965-10-01;0,55;121;;jah
1965-10-02;0,59;122;;jah
1965-10-03;0,55;121;;jah
1965-10-04;0,8;129;;jah
1965-10-05;0,94;133;;jah
1965-10-06;0,74;127;;jah
1965-10-07;0,65;124;;jah
1965-10-08;0,68;125;;jah
1965-10-09;0,68;125;;jah
1965-10-10;0,62;123;;jah
1965-10-11;0,9;132;;jah
1965-10-12;0,84;130;;jah
1965-10-13;0,8;129;;jah
1965-10-14;0,74;127;;jah
1965-10-15;0,74;127;;jah
1965-10-16;0,74;127;;jah
1965-10-17;0,65;124;;jah
1965-10-18;0,8;129;;jah
1965-10-19;0,7;126;;jah
1965-10-20;0,59;122;;jah
1965-10-21;0,55;121;;jah
1965-10-22;0,65;124;;jah
1965-10-23;0,77;128;;jah
1965-10-24;0,72;124;;jah
1965-10-25;0,82;129;;jah
1965-10-26;0,84;129;;jah
1965-10-27;0,82;129;;jah
1965-10-28;0,83;129;;jah
1965-10-29;0,8;127;;jah
1965-10-30;0,8;126;;jah
1965-10-31;0,73;122;;jah
1965-11-01;0,95;130;;jah
1965-11-02;0,94;129;;jah
1965-11-03;0,98;129;;jah
1965-11-04;1,06;130;;jah
1965-11-05;1,03;128;;jah
1965-11-06;1,01;126;;jah
1965-11-07;1,14;131;;jah
1965-11-08;1,17;132;;jah
1965-11-09;1,2;133;;jah
1965-11-10;1,05;128;;jah
1965-11-11;1,33;138;;jah
1965-11-12;1,4;140;;jah
1965-11-13;0,96;127;;jah
1965-11-14;0,75;121;;jah
1965-11-15;0,68;122;;jah
1965-11-16;0,74;127;;jah
1965-11-17;0,6;120;;jah
1965-11-18;0,71;127;;jah
1965-11-19;0,71;128;;jah
1965-11-20;0,62;123;;jah
1965-11-21;0,53;118;;jah
1965-11-22;0,7;127;;jah
1965-11-23;0,55;120;;jah
1965-11-24;0,71;129;;jah
1965-11-25;0,65;126;;jah
1965-11-26;0,45;113;;jah
1965-11-27;0,52;117;;jah
1965-11-28;0,52;114;;jah
1965-11-29;0,89;130;;jah
1965-11-30;0,92;129;;jah
1965-12-01;0,89;128;;jah
1965-12-02;1;131;;jah
1965-12-03;0,89;126;;jah
1965-12-04;0,69;118;;jah
1965-12-05;0,5;107;;jah
1965-12-06;0,86;124;;jah
1965-12-07;0,88;124;;jah
1965-12-08;0,77;120;;jah
1965-12-09;0,93;126;;jah
1965-12-10;0,9;125;;jah
1965-12-11;0,81;122;;jah
1965-12-12;0,67;115;;jah
1965-12-13;0,8;121;;jah
1965-12-14;0,93;126;;jah
1965-12-15;0,87;124;;jah
1965-12-16;0,92;127;;jah
1965-12-17;0,71;120;;jah
1965-12-18;0,67;119;;jah
1965-12-19;0,68;121;;jah
1965-12-20;0,83;127;;jah
1965-12-21;0,7;121;;jah
1965-12-22;0,71;121;;jah
1965-12-23;0,84;126;;jah
1965-12-24;0,81;124;;jah
1965-12-25;0,65;117;;jah
1965-12-26;0,63;116;;jah
1965-12-27;0,81;125;;jah
1965-12-28;0,8;124;;jah
1965-12-29;0,72;121;;jah
1965-12-30;0,76;122;;jah
1965-12-31;0,72;121;;jah
1966-01-01;0,75;122;;jah
1966-01-02;0,77;123;;jah
1966-01-03;0,75;122;;jah
1966-01-04;0,81;126;;jah
1966-01-05;0,78;126;;jah
1966-01-06;0,79;128;;jah
1966-01-07;0,66;125;;jah
1966-01-08;0,75;132;;jah
1966-01-09;0,56;124;;jah
1966-01-10;0,62;129;;jah
1966-01-11;0,66;132;;jah
1966-01-12;0,69;135;;jah
1966-01-13;0,6;130;;jah
1966-01-14;0,47;122;;jah
1966-01-15;0,49;123;;jah
1966-01-16;0,56;128;;jah
1966-01-17;0,78;141;;jah
1966-01-18;0,72;139;;jah
1966-01-19;0,79;144;;jah
1966-01-20;0,65;135;;jah
1966-01-21;0,66;136;;jah
1966-01-22;0,85;145;;jah
1966-01-23;0,83;142;;jah
1966-01-24;0,8;137;;jah
1966-01-25;1,22;154;;jah
1966-01-26;1,01;143;;jah
1966-01-27;0,77;132;;jah
1966-01-28;0,99;143;;jah
1966-01-29;0,97;144;;jah
1966-01-30;0,95;145;;jah
1966-01-31;0,86;142;;jah
1966-02-01;0,86;146;;jah
1966-02-02;0,84;147;;jah
1966-02-03;0,64;138;;jah
1966-02-04;0,67;142;;jah
1966-02-05;0,82;152;;jah
1966-02-06;0,9;157;;jah
1966-02-07;0,75;147;;jah
1966-02-08;0,85;154;;jah
1966-02-09;0,78;149;;jah
1966-02-10;0,9;157;;jah
1966-02-11;0,85;154;;jah
1966-02-12;0,82;152;;jah
1966-02-13;0,82;152;;jah
1966-02-14;0,75;147;;jah
1966-02-15;1,01;164;;jah
1966-02-16;0,93;159;;jah
1966-02-17;0,91;158;;jah
1966-02-18;0,83;153;;jah
1966-02-19;0,79;150;;jah
1966-02-20;0,8;151;;jah
1966-02-21;0,96;161;;jah
1966-02-22;0,92;156;;jah
1966-02-23;0,84;151;;jah
1966-02-24;0,88;151;;jah
1966-02-25;0,88;149;;jah
1966-02-26;1;151;;jah
1966-02-27;0,95;145;;jah
1966-02-28;1,07;149;;jah
1966-03-01;1,13;148;;jah
1966-03-02;1,08;143;;jah
1966-03-03;1,17;144;;jah
1966-03-04;1,58;157;;jah
1966-03-05;1,37;147;;jah
1966-03-06;1,2;137;;jah
1966-03-07;1,34;138;;jah
1966-03-08;1,75;148;;jah
1966-03-09;1,81;147;;jah
1966-03-10;2,13;152;;jah
1966-03-11;2,19;151;;jah
1966-03-12;2,18;150;;jah
1966-03-13;2,05;146;;jah
1966-03-14;1,78;139;;jah
1966-03-15;1,69;137;;jah
1966-03-16;1,9;142;;jah
1966-03-17;1,78;138;;jah
1966-03-18;1,74;136;;jah
1966-03-19;1,72;136;;jah
1966-03-20;1,76;137;;jah
1966-03-21;1,61;133;;jah
1966-03-22;1,63;133;;jah
1966-03-23;1,4;128;;jah
1966-03-24;1,61;133;;jah
1966-03-25;1,66;134;;jah
1966-03-26;2,07;143;;jah
1966-03-27;2,05;143;;jah
1966-03-28;1,52;131;;jah
1966-03-29;1,76;136;;jah
1966-03-30;2,36;149;;jah
1966-03-31;2,73;156;;jah
1966-04-01;3,82;171;;jah
1966-04-02;4,58;179;;jah
1966-04-03;4,63;177;;jah
1966-04-04;6,65;205;;jah
1966-04-05;8,57;230;;jah
1966-04-06;8,79;229;;jah
1966-04-07;9,88;240;;jah
1966-04-08;8,71;223;;jah
1966-04-09;7,78;212;;jah
1966-04-10;7,41;209;;jah
1966-04-11;6,51;197;;jah
1966-04-12;6,11;192;;jah
1966-04-13;5,01;177;;jah
1966-04-14;4,18;166;;jah
1966-04-15;4,23;168;;jah
1966-04-16;3,69;161;;jah
1966-04-17;3,48;158;;jah
1966-04-18;2,73;146;;jah
1966-04-19;2,79;148;;jah
1966-04-20;3,24;153;;jah
1966-04-21;4,9;177;;jah
1966-04-22;5,95;190;;jah
1966-04-23;11;259;;jah
1966-04-24;13,5;273;;jah
1966-04-25;13,4;272;;jah
1966-04-26;12,1;259;;jah
1966-04-27;12,2;260;;jah
1966-04-28;12;254;;jah
1966-04-29;10,9;236;;jah
1966-04-30;9,37;221;;jah
1966-05-01;8,38;212;;jah
1966-05-02;7,78;206;;jah
1966-05-03;6,6;194;;jah
1966-05-04;5,48;182;;jah
1966-05-05;4,35;169;;jah
1966-05-06;4,13;166;;jah
1966-05-07;5,52;185;;jah
1966-05-08;6,07;190;;jah
1966-05-09;6,71;197;;jah
1966-05-10;6,43;194;;jah
1966-05-11;5,79;187;;jah
1966-05-12;5,56;185;;jah
1966-05-13;5,46;185;;jah
1966-05-14;4,24;169;;jah
1966-05-15;3,71;162;;jah
1966-05-16;3,15;153;;jah
1966-05-17;2,58;144;;jah
1966-05-18;2,6;145;;jah
1966-05-19;2,39;141;;jah
1966-05-20;2,01;135;;jah
1966-05-21;2,34;141;;jah
1966-05-22;2,39;142;;jah
1966-05-23;1,9;133;;jah
1966-05-24;1,87;132;;jah
1966-05-25;1,86;132;;jah
1966-05-26;1,61;127;;jah
1966-05-27;1,72;128;;jah
1966-05-28;3,29;153;;jah
1966-05-29;9,45;233;;jah
1966-05-30;12,4;243;;jah
1966-05-31;9,63;222;;jah
1966-06-01;7,31;202;;jah
1966-06-02;6,52;194;;jah
1966-06-03;5,06;177;;jah
1966-06-04;3,98;164;;jah
1966-06-05;3,3;154;;jah
1966-06-06;2,99;151;;jah
1966-06-07;2,67;146;;jah
1966-06-08;2,41;143;;jah
1966-06-09;2,22;141;;jah
1966-06-10;1,65;131;;jah
1966-06-11;1,55;131;;jah
1966-06-12;1,75;136;;jah
1966-06-13;1,47;130;;jah
1966-06-14;1,32;127;;jah
1966-06-15;1,19;124;;jah
1966-06-16;1,24;125;;jah
1966-06-17;1,39;130;;jah
1966-06-18;1,44;132;;jah
1966-06-19;1,42;132;;jah
1966-06-20;1,33;130;;jah
1966-06-21;1,33;130;;jah
1966-06-22;1,22;127;;jah
1966-06-23;1,16;126;;jah
1966-06-24;1,16;126;;jah
1966-06-25;1,02;122;;jah
1966-06-26;1,06;124;;jah
1966-06-27;1,21;130;;jah
1966-06-28;1,39;135;;jah
1966-06-29;1,17;129;;jah
1966-06-30;1,18;130;;jah
1966-07-01;1,27;133;;jah
1966-07-02;1,23;132;;jah
1966-07-03;1,06;128;;jah
1966-07-04;1,52;142;;jah
1966-07-05;1,01;126;;jah
1966-07-06;0,92;124;;jah
1966-07-07;1,18;133;;jah
1966-07-08;1,06;130;;jah
1966-07-09;1,25;137;;jah
1966-07-10;1,31;140;;jah
1966-07-11;1,34;142;;jah
1966-07-12;1,19;137;;jah
1966-07-13;0,99;131;;jah
1966-07-14;0,92;129;;jah
1966-07-15;1,03;134;;jah
1966-07-16;0,96;131;;jah
1966-07-17;0,92;131;;jah
1966-07-18;1,31;146;;jah
1966-07-19;1,08;138;;jah
1966-07-20;1;136;;jah
1966-07-21;0,98;135;;jah
1966-07-22;0,92;134;;jah
1966-07-23;1,11;142;;jah
1966-07-24;0,85;132;;jah
1966-07-25;0,65;122;;jah
1966-07-26;0,85;132;;jah
1966-07-27;0,87;134;;jah
1966-07-28;0,89;135;;jah
1966-07-29;0,89;135;;jah
1966-07-30;0,87;134;;jah
1966-07-31;0,85;132;;jah
1966-08-01;0,69;125;;jah
1966-08-02;0,79;130;;jah
1966-08-03;0,75;128;;jah
1966-08-04;0,55;117;;jah
1966-08-05;0,96;137;;jah
1966-08-06;0,89;133;;jah
1966-08-07;0,9;133;;jah
1966-08-08;1,15;142;;jah
1966-08-09;1,17;143;;jah
1966-08-10;0,63;128;;jah
1966-08-11;0,34;119;;jah
1966-08-12;0,37;121;;jah
1966-08-13;0,76;133;;jah
1966-08-14;1,09;140;;jah
1966-08-15;1,2;142;;jah
1966-08-16;1,04;138;;jah
1966-08-17;0,95;134;;jah
1966-08-18;0,76;127;;jah
1966-08-19;0,94;135;;jah
1966-08-20;0,94;136;;jah
1966-08-21;0,75;128;;jah
1966-08-22;0,67;124;;jah
1966-08-23;0,73;127;;jah
1966-08-24;0,84;132;;jah
1966-08-25;0,97;137;;jah
1966-08-26;0,98;138;;jah
1966-08-27;0,99;138;;jah
1966-08-28;0,94;136;;jah
1966-08-29;0,9;134;;jah
1966-08-30;0,78;129;;jah
1966-08-31;0,7;125;;jah
1966-09-01;0,89;134;;jah
1966-09-02;0,69;124;;jah
1966-09-03;0,84;132;;jah
1966-09-04;0,94;136;;jah
1966-09-05;0,93;136;;jah
1966-09-06;0,75;128;;jah
1966-09-07;0,85;128;;jah
1966-09-08;2,08;158;;jah
1966-09-09;1,84;151;;jah
1966-09-10;1,73;148;;jah
1966-09-11;1,72;148;;jah
1966-09-12;1,61;143;;jah
1966-09-13;1,78;146;;jah
1966-09-14;2,11;152;;jah
1966-09-15;2,22;152;;jah
1966-09-16;3,37;173;;jah
1966-09-17;3,04;166;;jah
1966-09-18;3,04;167;;jah
1966-09-19;3,08;168;;jah
1966-09-20;2,75;162;;jah
1966-09-21;2,22;152;;jah
1966-09-22;2,23;153;;jah
1966-09-23;2,12;151;;jah
1966-09-24;2,23;153;;jah
1966-09-25;2,27;153;;jah
1966-09-26;2,31;154;;jah
1966-09-27;2,35;154;;jah
1966-09-28;2,44;156;;jah
1966-09-29;2,56;159;;jah
1966-09-30;2,56;159;;jah
1966-10-01;2,42;156;;jah
1966-10-02;2,39;156;;jah
1966-10-03;2,27;153;;jah
1966-10-04;2;147;;jah
1966-10-05;2,21;152;;jah
1966-10-06;1,9;146;;jah
1966-10-07;1,77;142;;jah
1966-10-08;1,68;141;;jah
1966-10-09;2,06;151;;jah
1966-10-10;1,68;142;;jah
1966-10-11;1,47;137;;jah
1966-10-12;1,45;137;;jah
1966-10-13;1,36;134;;jah
1966-10-14;1,32;134;;jah
1966-10-15;1,32;135;;jah
1966-10-16;1,34;136;;jah
1966-10-17;1,47;141;;jah
1966-10-18;1,16;133;;jah
1966-10-19;0,87;122;;jah
1966-10-20;1,06;128;;jah
1966-10-21;1,41;137;;jah
1966-10-22;1,34;132;;jah
1966-10-23;2,56;156;;jah
1966-10-24;3,93;174;;jah
1966-10-25;4,94;187;;jah
1966-10-26;5,9;201;;jah
1966-10-27;5;189;;jah
1966-10-28;3,45;164;;jah
1966-10-29;3,38;165;;jah
1966-10-30;2,7;153;;jah
1966-10-31;1,98;139;;jah
1966-11-01;1,58;131;;jah
1966-11-02;1,64;134;;jah
1966-11-03;1,8;137;;jah
1966-11-04;1,85;139;;jah
1966-11-05;1,75;137;;jah
1966-11-06;1,67;135;;jah
1966-11-07;1,67;135;;jah
1966-11-08;1,65;134;;jah
1966-11-09;1,56;132;;jah
1966-11-10;1,67;135;;jah
1966-11-11;1,71;136;;jah
1966-11-12;1,57;133;;jah
1966-11-13;1,42;130;;jah
1966-11-14;1,48;131;;jah
1966-11-15;1,45;130;;jah
1966-11-16;1,49;131;;jah
1966-11-17;1,51;132;;jah
1966-11-18;1,46;130;;jah
1966-11-19;1,33;126;;jah
1966-11-20;1,31;124;;jah
1966-11-21;1,87;134;;jah
1966-11-22;3,37;161;;jah
1966-11-23;2,63;147;;jah
1966-11-24;3,06;155;;jah
1966-11-25;3,43;162;;jah
1966-11-26;3,45;162;;jah
1966-11-27;3,09;156;;jah
1966-11-28;3,11;156;;jah
1966-11-29;3,2;158;;jah
1966-11-30;3,08;156;;jah
1966-12-01;2,9;154;;jah
1966-12-02;2,78;152;;jah
1966-12-03;2,48;147;;jah
1966-12-04;2,49;148;;jah
1966-12-05;2,37;147;;jah
1966-12-06;1,8;137;;jah
1966-12-07;1,3;128;;jah
1966-12-08;1,34;131;;jah
1966-12-09;1,23;130;;jah
1966-12-10;1,27;131;;jah
1966-12-11;1,19;130;;jah
1966-12-12;1,06;126;;jah
1966-12-13;1,04;126;;jah
1966-12-14;1,11;128;;jah
1966-12-15;1,21;132;;jah
1966-12-16;1,04;126;;jah
1966-12-17;0,94;123;;jah
1966-12-18;1,05;126;;jah
1966-12-19;1,32;135;;jah
1966-12-20;1,11;129;;jah
1966-12-21;1,24;133;;jah
1966-12-22;1,21;132;;jah
1966-12-23;1,26;133;;jah
1966-12-24;0,97;123;;jah
1966-12-25;0,99;123;;jah
1966-12-26;1,27;131;;jah
1966-12-27;1,25;130;;jah
1966-12-28;1,18;127;;jah
1966-12-29;1,24;128;;jah
1966-12-30;1,32;130;;jah
1966-12-31;1,3;129;;jah
1967-01-01;1,29;128;;jah
1967-01-02;1,29;127;;jah
1967-01-03;1,39;130;;jah
1967-01-04;1,3;128;;jah
1967-01-05;1,19;125;;jah
1967-01-06;1,12;124;;jah
1967-01-07;1,08;124;;jah
1967-01-08;1,11;125;;jah
1967-01-09;1,19;128;;jah
1967-01-10;1,21;130;;jah
1967-01-11;1,07;126;;jah
1967-01-12;1;124;;jah
1967-01-13;1,01;125;;jah
1967-01-14;1,03;126;;jah
1967-01-15;1,14;130;;jah
1967-01-16;1,11;130;;jah
1967-01-17;1,08;130;;jah
1967-01-18;1,06;130;;jah
1967-01-19;1,01;129;;jah
1967-01-20;0,93;127;;jah
1967-01-21;0,93;128;;jah
1967-01-22;0,95;129;;jah
1967-01-23;0,99;132;;jah
1967-01-24;1,01;133;;jah
1967-01-25;1;134;;jah
1967-01-26;1;135;;jah
1967-01-27;0,97;135;;jah
1967-01-28;0,99;136;;jah
1967-01-29;0,96;136;;jah
1967-01-30;0,78;128;;jah
1967-01-31;0,86;132;;jah
1967-02-01;0,92;156;;jah
1967-02-02;0,96;151;;jah
1967-02-03;0,93;148;;jah
1967-02-04;0,93;147;;jah
1967-02-05;0,92;147;;jah
1967-02-06;0,94;148;;jah
1967-02-07;0,94;148;;jah
1967-02-08;0,9;141;;jah
1967-02-09;0,87;136;;jah
1967-02-10;0,99;138;;jah
1967-02-11;0,99;137;;jah
1967-02-12;0,98;135;;jah
1967-02-13;1,13;140;;jah
1967-02-14;1,27;144;;jah
1967-02-15;1,11;136;;jah
1967-02-16;1,11;135;;jah
1967-02-17;1,15;135;;jah
1967-02-18;1,17;134;;jah
1967-02-19;1,19;134;;jah
1967-02-20;1,26;136;;jah
1967-02-21;1,27;135;;jah
1967-02-22;1,26;133;;jah
1967-02-23;1,25;132;;jah
1967-02-24;1,47;138;;jah
1967-02-25;1,47;137;;jah
1967-02-26;1,22;129;;jah
1967-02-27;1,05;124;;jah
1967-02-28;1,13;126;;jah
1967-03-01;1,2;127;;jah
1967-03-02;1,27;129;;jah
1967-03-03;1,45;133;;jah
1967-03-04;1,55;135;;jah
1967-03-05;1,49;132;;jah
1967-03-06;1,55;132;;jah
1967-03-07;1,82;136;;jah
1967-03-08;2,42;147;;jah
1967-03-09;3,61;168;;jah
1967-03-10;3,44;164;;jah
1967-03-11;4,19;171;;jah
1967-03-12;9,16;231;;jah
1967-03-13;11,1;247;;jah
1967-03-14;12,1;256;;jah
1967-03-15;11,7;253;;jah
1967-03-16;11,9;254;;jah
1967-03-17;11,5;251;;jah
1967-03-18;10,2;238;;jah
1967-03-19;9;225;;jah
1967-03-20;7,25;205;;jah
1967-03-21;6,7;198;;jah
1967-03-22;6,52;196;;jah
1967-03-23;6,9;201;;jah
1967-03-24;6,84;200;;jah
1967-03-25;6,9;201;;jah
1967-03-26;5,87;188;;jah
1967-03-27;4,3;168;;jah
1967-03-28;4,55;172;;jah
1967-03-29;5,75;185;;jah
1967-03-30;6,7;198;;jah
1967-03-31;6,18;192;;jah
1967-04-01;6,1;191;;jah
1967-04-02;5,5;184;;jah
1967-04-03;5,17;180;;jah
1967-04-04;5,17;180;;jah
1967-04-05;4,6;173;;jah
1967-04-06;4,2;167;;jah
1967-04-07;4,05;165;;jah
1967-04-08;3,9;163;;jah
1967-04-09;3,9;163;;jah
1967-04-10;4,4;170;;jah
1967-04-11;4,68;174;;jah
1967-04-12;5,68;186;;jah
1967-04-13;5,5;184;;jah
1967-04-14;4,68;174;;jah
1967-04-15;3,35;155;;jah
1967-04-16;3,35;155;;jah
1967-04-17;3,43;156;;jah
1967-04-18;3,15;152;;jah
1967-04-19;3,1;151;;jah
1967-04-20;3,24;153;;jah
1967-04-21;3,43;156;;jah
1967-04-22;3,9;163;;jah
1967-04-23;4,55;172;;jah
1967-04-24;5,87;188;;jah
1967-04-25;4,4;170;;jah
1967-04-26;3,7;160;;jah
1967-04-27;3,05;150;;jah
1967-04-28;2,53;142;;jah
1967-04-29;2,25;137;;jah
1967-04-30;2,48;141;;jah
1967-05-01;2,35;139;;jah
1967-05-02;2,6;143;;jah
1967-05-03;3,6;154;;jah
1967-05-04;4,8;175;;jah
1967-05-05;7,25;205;;jah
1967-05-06;8,7;222;;jah
1967-05-07;10,1;237;;jah
1967-05-08;8,6;221;;jah
1967-05-09;7,1;203;;jah
1967-05-10;5,3;182;;jah
1967-05-11;4,1;166;;jah
1967-05-12;3,88;162;;jah
1967-05-13;3,36;155;;jah
1967-05-14;2,8;146;;jah
1967-05-15;2,9;150;;jah
1967-05-16;2,37;140;;jah
1967-05-17;2,03;135;;jah
1967-05-18;2,02;135;;jah
1967-05-19;2,21;139;;jah
1967-05-20;2,31;142;;jah
1967-05-21;2,01;136;;jah
1967-05-22;1,9;135;;jah
1967-05-23;1,41;124;;jah
1967-05-24;1,77;133;;jah
1967-05-25;1,67;132;;jah
1967-05-26;1,73;133;;jah
1967-05-27;1,73;134;;jah
1967-05-28;1,79;136;;jah
1967-05-29;1,5;130;;jah
1967-05-30;1,13;121;;jah
1967-05-31;1,1;120;;jah
1967-06-01;1,39;128;;jah
1967-06-02;1,5;131;;jah
1967-06-03;1,24;124;;jah
1967-06-04;1,1;120;;jah
1967-06-05;1,5;131;;jah
1967-06-06;1,45;130;;jah
1967-06-07;1,8;138;;jah
1967-06-08;1,84;138;;jah
1967-06-09;1,33;126;;jah
1967-06-10;1,34;126;;jah
1967-06-11;1,39;127;;jah
1967-06-12;1,31;124;;jah
1967-06-13;1,58;131;;jah
1967-06-14;2,11;143;;jah
1967-06-15;1,97;140;;jah
1967-06-16;1,66;134;;jah
1967-06-17;1,51;131;;jah
1967-06-18;1,51;132;;jah
1967-06-19;1,11;124;;jah
1967-06-20;0,78;117;;jah
1967-06-21;0,54;109;;jah
1967-06-22;1,09;138;;jah
1967-06-23;0,82;136;;jah
1967-06-24;0,46;116;;jah
1967-06-25;0,34;107;;jah
1967-06-26;0,63;126;;jah
1967-06-27;0,82;125;;jah
1967-06-28;1;124;;jah
1967-06-29;1,58;132;;jah
1967-06-30;1,74;136;;jah
1967-07-01;1,27;125;;jah
1967-07-02;1,09;121;;jah
1967-07-03;1,54;133;;jah
1967-07-04;1,36;129;;jah
1967-07-05;1,29;128;;jah
1967-07-06;0,92;118;;jah
1967-07-07;1,01;121;;jah
1967-07-08;1,15;126;;jah
1967-07-09;0,95;121;;jah
1967-07-10;1,05;125;;jah
1967-07-11;1,18;130;;jah
1967-07-12;1,06;127;;jah
1967-07-13;1,16;132;;jah
1967-07-14;1;127;;jah
1967-07-15;0,91;125;;jah
1967-07-16;0,8;121;;jah
1967-07-17;0,76;120;;jah
1967-07-18;0,81;123;;jah
1967-07-19;0,79;123;;jah
1967-07-20;0,74;122;;jah
1967-07-21;0,82;126;;jah
1967-07-22;0,74;123;;jah
1967-07-23;0,54;114;;jah
1967-07-24;0,75;126;;jah
1967-07-25;0,79;127;;jah
1967-07-26;0,72;126;;jah
1967-07-27;0,66;122;;jah
1967-07-28;0,89;133;;jah
1967-07-29;0,73;126;;jah
1967-07-30;0,6;119;;jah
1967-07-31;1,2;145;;jah
1967-08-01;0,65;122;;jah
1967-08-02;0,75;126;;jah
1967-08-03;0,59;117;;jah
1967-08-04;0,62;120;;jah
1967-08-05;0,81;128;;jah
1967-08-06;0,93;133;;jah
1967-08-07;1,12;138;;jah
1967-08-08;1,08;137;;jah
1967-08-09;0,96;132;;jah
1967-08-10;0,95;131;;jah
1967-08-11;0,98;132;;jah
1967-08-12;0,61;115;;jah
1967-08-13;0,92;128;;jah
1967-08-14;1,05;132;;jah
1967-08-15;1,03;132;;jah
1967-08-16;1,01;130;;jah
1967-08-17;1,09;133;;jah
1967-08-18;1,24;137;;jah
1967-08-19;0,77;120;;jah
1967-08-20;0,61;112;;jah
1967-08-21;0,95;126;;jah
1967-08-22;0,81;121;;jah
1967-08-23;0,9;124;;jah
1967-08-24;1,12;132;;jah
1967-08-25;1,02;130;;jah
1967-08-26;0,93;126;;jah
1967-08-27;0,92;126;;jah
1967-08-28;1,05;131;;jah
1967-08-29;1,12;135;;jah
1967-08-30;0,73;120;;jah
1967-08-31;0,72;121;;jah
1967-09-01;0,92;130;;jah
1967-09-02;0,84;129;;jah
1967-09-03;0,67;124;;jah
1967-09-04;0,98;137;;jah
1967-09-05;0,91;135;;jah
1967-09-06;0,88;134;;jah
1967-09-07;0,74;127;;jah
1967-09-08;0,87;133;;jah
1967-09-09;0,83;131;;jah
1967-09-10;0,56;118;;jah
1967-09-11;0,77;130;;jah
1967-09-12;0,67;124;;jah
1967-09-13;0,71;126;;jah
1967-09-14;0,71;128;;jah
1967-09-15;0,57;122;;jah
1967-09-16;0,2;104;;jah
1967-09-17;0,21;106;;jah
1967-09-18;0,74;129;;jah
1967-09-19;0,74;127;;jah
1967-09-20;0,67;122;;jah
1967-09-21;0,54;114;;jah
1967-09-22;0,69;121;;jah
1967-09-23;0,87;128;;jah
1967-09-24;0,88;128;;jah
1967-09-25;0,85;125;;jah
1967-09-26;0,78;122;;jah
1967-09-27;0,71;118;;jah
1967-09-28;0,77;120;;jah
1967-09-29;0,97;127;;jah
1967-09-30;1,03;127;;jah
1967-10-01;1,04;127;;jah
1967-10-02;0,95;123;;jah
1967-10-03;0,76;115;;jah
1967-10-04;0,83;117;;jah
1967-10-05;0,86;118;;jah
1967-10-06;1,13;126;;jah
1967-10-07;1,29;131;;jah
1967-10-08;1,29;130;;jah
1967-10-09;1,64;138;;jah
1967-10-10;1,46;134;;jah
1967-10-11;1,45;133;;jah
1967-10-12;1,3;129;;jah
1967-10-13;1,72;139;;jah
1967-10-14;1,35;130;;jah
1967-10-15;1,15;124;;jah
1967-10-16;1,19;124;;jah
1967-10-17;1,49;132;;jah
1967-10-18;1,79;138;;jah
1967-10-19;2,66;155;;jah
1967-10-20;2,89;157;;jah
1967-10-21;4;175;;jah
1967-10-22;4,72;186;;jah
1967-10-23;4,78;187;;jah
1967-10-24;4,57;184;;jah
1967-10-25;4,32;181;;jah
1967-10-26;4,08;178;;jah
1967-10-27;3,39;166;;jah
1967-10-28;3,29;164;;jah
1967-10-29;3,27;163;;jah
1967-10-30;2,86;155;;jah
1967-10-31;2,61;150;;jah
1967-11-01;2,47;146;;jah
1967-11-02;2,51;147;;jah
1967-11-03;2,61;149;;jah
1967-11-04;2,87;154;;jah
1967-11-05;2,56;148;;jah
1967-11-06;2,63;149;;jah
1967-11-07;3,12;160;;jah
1967-11-08;2,88;155;;jah
1967-11-09;2,74;153;;jah
1967-11-10;2,45;148;;jah
1967-11-11;2,51;150;;jah
1967-11-12;2,55;152;;jah
1967-11-13;2,45;150;;jah
1967-11-14;2,99;162;;jah
1967-11-15;3,01;163;;jah
1967-11-16;3,38;171;;jah
1967-11-17;3,6;175;;jah
1967-11-18;4,74;191;;jah
1967-11-19;5,31;197;;jah
1967-11-20;5,38;198;;jah
1967-11-21;4,36;180;;jah
1967-11-22;4,54;184;;jah
1967-11-23;3,83;171;;jah
1967-11-24;4,58;184;;jah
1967-11-25;4,29;179;;jah
1967-11-26;2,5;147;;jah
1967-11-27;3,47;168;;jah
1967-11-28;2,21;146;;jah
1967-11-29;1,35;128;;jah
1967-11-30;1,69;135;;jah
1967-12-01;2,2;145;;jah
1967-12-02;2,31;146;;jah
1967-12-03;2,54;151;;jah
1967-12-04;2;141;;jah
1967-12-05;1,12;121;;jah
1967-12-06;1,22;126;;jah
1967-12-07;1,87;145;;jah
1967-12-08;1,53;138;;jah
1967-12-09;0,96;123;;jah
1967-12-10;1,13;130;;jah
1967-12-11;1,33;138;;jah
1967-12-12;1,1;132;;jah
1967-12-13;0,9;126;;jah
1967-12-14;0,99;128;;jah
1967-12-15;1,24;133;;jah
1967-12-16;2,57;157;;jah
1967-12-17;2,91;161;;jah
1967-12-18;2,14;145;;jah
1967-12-19;2,33;150;;jah
1967-12-20;2,3;151;;jah
1967-12-21;1,93;145;;jah
1967-12-22;1,59;140;;jah
1967-12-23;1,26;135;;jah
1967-12-24;1,13;138;;jah
1967-12-25;0,96;138;;jah
1967-12-26;0,88;136;;jah
1967-12-27;0,9;135;;jah
1967-12-28;0,88;134;;jah
1967-12-29;0,89;134;;jah
1967-12-30;0,91;134;;jah
1967-12-31;1,14;139;;jah
1968-01-01;1,13;139;;jah
1968-01-02;0,99;133;;jah
1968-01-03;1,02;133;;jah
1968-01-04;1,02;132;;jah
1968-01-05;1,1;134;;jah
1968-01-06;1,09;134;;jah
1968-01-07;0,93;127;;jah
1968-01-08;1,04;131;;jah
1968-01-09;1,2;135;;jah
1968-01-10;1,18;135;;jah
1968-01-11;1,18;135;;jah
1968-01-12;1,17;135;;jah
1968-01-13;1,06;131;;jah
1968-01-14;1,31;139;;jah
1968-01-15;1,37;141;;jah
1968-01-16;1,17;134;;jah
1968-01-17;1,1;133;;jah
1968-01-18;1,16;136;;jah
1968-01-19;1,28;140;;jah
1968-01-20;1,33;142;;jah
1968-01-21;1,32;143;;jah
1968-01-22;1,32;142;;jah
1968-01-23;1,44;147;;jah
1968-01-24;1,29;141;;jah
1968-01-25;1,25;140;;jah
1968-01-26;1,21;139;;jah
1968-01-27;1,26;140;;jah
1968-01-28;1,14;136;;jah
1968-01-29;1,31;141;;jah
1968-01-30;1,24;138;;jah
1968-01-31;1,43;142;;jah
1968-02-01;1,44;140;;jah
1968-02-02;1,44;139;;jah
1968-02-03;1,34;135;;jah
1968-02-04;1,4;135;;jah
1968-02-05;1,5;136;;jah
1968-02-06;1,46;134;;jah
1968-02-07;1,31;129;;jah
1968-02-08;1,32;129;;jah
1968-02-09;1,3;128;;jah
1968-02-10;1,27;126;;jah
1968-02-11;1,3;127;;jah
1968-02-12;1,32;128;;jah
1968-02-13;1,26;127;;jah
1968-02-14;1,14;125;;jah
1968-02-15;1,2;128;;jah
1968-02-16;1,07;125;;jah
1968-02-17;0,95;122;;jah
1968-02-18;1;124;;jah
1968-02-19;1,05;126;;jah
1968-02-20;1,12;128;;jah
1968-02-21;1,08;127;;jah
1968-02-22;1,06;126;;jah
1968-02-23;1,04;125;;jah
1968-02-24;1,06;126;;jah
1968-02-25;1,02;125;;jah
1968-02-26;1,06;126;;jah
1968-02-27;1,17;130;;jah
1968-02-28;1,06;126;;jah
1968-02-29;1;124;;jah
1968-03-01;1,02;125;;jah
1968-03-02;0,96;123;;jah
1968-03-03;1,06;126;;jah
1968-03-04;1,17;129;;jah
1968-03-05;1,07;125;;jah
1968-03-06;0,89;118;;jah
1968-03-07;1,01;122;;jah
1968-03-08;1,01;121;;jah
1968-03-09;1;120;;jah
1968-03-10;1,02;120;;jah
1968-03-11;1,13;123;;jah
1968-03-12;1,23;125;;jah
1968-03-13;1,13;122;;jah
1968-03-14;1,12;121;;jah
1968-03-15;1,29;126;;jah
1968-03-16;1,15;121;;jah
1968-03-17;1,14;121;;jah
1968-03-18;1,2;122;;jah
1968-03-19;1,18;122;;jah
1968-03-20;1,09;118;;jah
1968-03-21;1,16;121;;jah
1968-03-22;1,55;130;;jah
1968-03-23;2,73;154;;jah
1968-03-24;3,6;170;;jah
1968-03-25;9,1;261;;jah
1968-03-26;15,6;315;;jah
1968-03-27;14,5;296;;jah
1968-03-28;14,6;290;;jah
1968-03-29;14,2;286;;jah
1968-03-30;14,6;290;;jah
1968-03-31;13;273;;jah
1968-04-01;10,8;248;;jah
1968-04-02;9,12;230;;jah
1968-04-03;7,26;208;;jah
1968-04-04;7,26;208;;jah
1968-04-05;7,66;213;;jah
1968-04-06;7,83;215;;jah
1968-04-07;7,5;211;;jah
1968-04-08;6,43;198;;jah
1968-04-09;5,42;185;;jah
1968-04-10;4,67;175;;jah
1968-04-11;4,16;168;;jah
1968-04-12;3,79;163;;jah
1968-04-13;4;166;;jah
1968-04-14;3,16;154;;jah
1968-04-15;3,51;159;;jah
1968-04-16;3,45;158;;jah
1968-04-17;3,23;155;;jah
1968-04-18;3,08;153;;jah
1968-04-19;2,88;150;;jah
1968-04-20;2,8;149;;jah
1968-04-21;2,58;146;;jah
1968-04-22;2,58;146;;jah
1968-04-23;2,45;144;;jah
1968-04-24;2,3;142;;jah
1968-04-25;2,37;143;;jah
1968-04-26;2,37;143;;jah
1968-04-27;1,72;134;;jah
1968-04-28;1,66;133;;jah
1968-04-29;2,37;143;;jah
1968-04-30;1,66;133;;jah
1968-05-01;0,89;118;;jah
1968-05-02;1,17;124;;jah
1968-05-03;1,5;130;;jah
1968-05-04;1,72;134;;jah
1968-05-05;1,66;133;;jah
1968-05-06;1,66;133;;jah
1968-05-07;0,99;115;;jah
1968-05-08;1,2;122;;jah
1968-05-09;1,35;125;;jah
1968-05-10;1,27;122;;jah
1968-05-11;1,51;127;;jah
1968-05-12;1,53;126;;jah
1968-05-13;2,56;146;;jah
1968-05-14;2,5;144;;jah
1968-05-15;1,97;134;;jah
1968-05-16;1,85;132;;jah
1968-05-17;1,71;128;;jah
1968-05-18;2,05;135;;jah
1968-05-19;4,5;177;;jah
1968-05-20;4,81;177;;jah
1968-05-21;6,31;193;;jah
1968-05-22;4,39;168;;jah
1968-05-23;3,38;159;;jah
1968-05-24;2,59;146;;jah
1968-05-25;1,83;133;;jah
1968-05-26;2,08;140;;jah
1968-05-27;1,57;130;;jah
1968-05-28;1,44;128;;jah
1968-05-29;1,98;141;;jah
1968-05-30;2,18;147;;jah
1968-05-31;1,46;131;;jah
1968-06-01;1,11;122;;jah
1968-06-02;1,1;122;;jah
1968-06-03;0,9;116;;jah
1968-06-04;0,86;114;;jah
1968-06-05;1,07;121;;jah
1968-06-06;1,16;123;;jah
1968-06-07;1,12;121;;jah
1968-06-08;1,27;123;;jah
1968-06-09;1,39;125;;jah
1968-06-10;2,22;141;;jah
1968-06-11;2,62;148;;jah
1968-06-12;1,69;131;;jah
1968-06-13;1,36;131;;jah
1968-06-14;1,2;130;;jah
1968-06-15;1,18;129;;jah
1968-06-16;1,03;124;;jah
1968-06-17;0,77;114;;jah
1968-06-18;0,79;115;;jah
1968-06-19;0,94;121;;jah
1968-06-20;1,26;130;;jah
1968-06-21;1,18;127;;jah
1968-06-22;1,29;129;;jah
1968-06-23;1,33;128;;jah
1968-06-24;1,13;122;;jah
1968-06-25;2,03;142;;jah
1968-06-26;1,56;132;;jah
1968-06-27;2,5;154;;jah
1968-06-28;2,09;145;;jah
1968-06-29;1,55;136;;jah
1968-06-30;1,52;138;;jah
1968-07-01;1,59;142;;jah
1968-07-02;1,47;139;;jah
1968-07-03;1,39;137;;jah
1968-07-04;1,23;133;;jah
1968-07-05;1,19;132;;jah
1968-07-06;1,11;129;;jah
1968-07-07;1,05;128;;jah
1968-07-08;1,32;137;;jah
1968-07-09;1,23;134;;jah
1968-07-10;1,24;135;;jah
1968-07-11;1,19;133;;jah
1968-07-12;1,25;136;;jah
1968-07-13;1,28;137;;jah
1968-07-14;1,54;145;;jah
1968-07-15;1,59;147;;jah
1968-07-16;1,12;133;;jah
1968-07-17;1,35;140;;jah
1968-07-18;1,23;137;;jah
1968-07-19;1,16;135;;jah
1968-07-20;1,28;140;;jah
1968-07-21;1,12;134;;jah
1968-07-22;1,21;139;;jah
1968-07-23;1,05;134;;jah
1968-07-24;0,97;131;;jah
1968-07-25;1,07;136;;jah
1968-07-26;1,13;138;;jah
1968-07-27;1,03;135;;jah
1968-07-28;0,8;127;;jah
1968-07-29;0,8;127;;jah
1968-07-30;0,89;132;;jah
1968-07-31;1,05;138;;jah
1968-08-01;0,93;135;;jah
1968-08-02;0,83;130;;jah
1968-08-03;0,66;123;;jah
1968-08-04;0,72;126;;jah
1968-08-05;0,62;122;;jah
1968-08-06;0,69;126;;jah
1968-08-07;0,79;132;;jah
1968-08-08;0,96;139;;jah
1968-08-09;0,81;133;;jah
1968-08-10;0,64;124;;jah
1968-08-11;0,45;112;;jah
1968-08-12;0,79;132;;jah
1968-08-13;0,87;134;;jah
1968-08-14;0,87;134;;jah
1968-08-15;0,83;132;;jah
1968-08-16;0,86;132;;jah
1968-08-17;1,03;137;;jah
1968-08-18;1,13;137;;jah
1968-08-19;1,5;142;;jah
1968-08-20;1,79;146;;jah
1968-08-21;3,25;179;;jah
1968-08-22;3,5;185;;jah
1968-08-23;2,88;172;;jah
1968-08-24;2,2;161;;jah
1968-08-25;1,79;153;;jah
1968-08-26;1,38;145;;jah
1968-08-27;1,17;142;;jah
1968-08-28;0,99;141;;jah
1968-08-29;0,88;138;;jah
1968-08-30;0,87;141;;jah
1968-08-31;0,89;142;;jah
1968-09-01;0,89;142;;jah
1968-09-02;0,95;145;;jah
1968-09-03;0,85;140;;jah
1968-09-04;0,78;136;;jah
1968-09-05;0,67;130;;jah
1968-09-06;0,7;130;;jah
1968-09-07;0,75;131;;jah
1968-09-08;0,84;134;;jah
1968-09-09;1,01;139;;jah
1968-09-10;0,88;132;;jah
1968-09-11;0,82;128;;jah
1968-09-12;0,94;131;;jah
1968-09-13;0,85;124;;jah
1968-09-14;0,95;128;;jah
1968-09-15;1,36;142;;jah
1968-09-16;1,46;144;;jah
1968-09-17;1,38;140;;jah
1968-09-18;0,99;127;;jah
1968-09-19;1,17;133;;jah
1968-09-20;1,14;132;;jah
1968-09-21;0,98;126;;jah
1968-09-22;1,13;131;;jah
1968-09-23;1,52;143;;jah
1968-09-24;1,45;140;;jah
1968-09-25;1,46;141;;jah
1968-09-26;1,64;146;;jah
1968-09-27;1,6;145;;jah
1968-09-28;1,45;140;;jah
1968-09-29;1,36;137;;jah
1968-09-30;1,44;139;;jah
1968-10-01;1,41;138;;jah
1968-10-02;1,22;132;;jah
1968-10-03;1,18;131;;jah
1968-10-04;1,09;128;;jah
1968-10-05;0,98;124;;jah
1968-10-06;1,04;126;;jah
1968-10-07;1,48;139;;jah
1968-10-08;1,49;139;;jah
1968-10-09;1,14;129;;jah
1968-10-10;1,34;134;;jah
1968-10-11;1,4;135;;jah
1968-10-12;1,47;136;;jah
1968-10-13;1,82;145;;jah
1968-10-14;2,64;163;;jah
1968-10-15;3,27;174;;jah
1968-10-16;4,12;191;;jah
1968-10-17;3,96;186;;jah
1968-10-18;3,57;177;;jah
1968-10-19;3,33;172;;jah
1968-10-20;3,17;168;;jah
1968-10-21;2,68;158;;jah
1968-10-22;3,11;165;;jah
1968-10-23;2,99;163;;jah
1968-10-24;3,04;164;;jah
1968-10-25;2,94;162;;jah
1968-10-26;2,7;157;;jah
1968-10-27;2,55;154;;jah
1968-10-28;2,65;156;;jah
1968-10-29;2,65;156;;jah
1968-10-30;3;162;;jah
1968-10-31;3,66;174;;jah
1968-11-01;4,62;189;;jah
1968-11-02;4,69;191;;jah
1968-11-03;4,29;185;;jah
1968-11-04;3,94;178;;jah
1968-11-05;3,46;170;;jah
1968-11-06;2,82;159;;jah
1968-11-07;2,78;158;;jah
1968-11-08;2,5;152;;jah
1968-11-09;2,36;149;;jah
1968-11-10;2,13;144;;jah
1968-11-11;2,1;143;;jah
1968-11-12;2,13;144;;jah
1968-11-13;2,22;146;;jah
1968-11-14;2,09;143;;jah
1968-11-15;1,86;138;;jah
1968-11-16;1,8;137;;jah
1968-11-17;1,56;132;;jah
1968-11-18;1,49;131;;jah
1968-11-19;1,71;138;;jah
1968-11-20;1,74;138;;jah
1968-11-21;1,7;136;;jah
1968-11-22;1,52;130;;jah
1968-11-23;1,57;131;;jah
1968-11-24;1,64;132;;jah
1968-11-25;1,86;136;;jah
1968-11-26;1,82;135;;jah
1968-11-27;1,72;132;;jah
1968-11-28;2,05;139;;jah
1968-11-29;2,78;153;;jah
1968-11-30;3,21;161;;jah
1968-12-01;2,92;156;;jah
1968-12-02;3,09;159;;jah
1968-12-03;2,8;153;;jah
1968-12-04;2,52;148;;jah
1968-12-05;2,33;144;;jah
1968-12-06;2,21;142;;jah
1968-12-07;1,98;138;;jah
1968-12-08;2,04;141;;jah
1968-12-09;2,06;142;;jah
1968-12-10;1,89;143;;jah
1968-12-11;1,62;136;;jah
1968-12-12;1,61;136;;jah
1968-12-13;1,15;124;;jah
1968-12-14;1,1;122;;jah
1968-12-15;1,53;134;;jah
1968-12-16;1,79;141;;jah
1968-12-17;1,53;134;;jah
1968-12-18;1,26;127;;jah
1968-12-19;1,07;122;;jah
1968-12-20;1,1;123;;jah
1968-12-21;1,07;122;;jah
1968-12-22;1,1;123;;jah
1968-12-23;1,15;124;;jah
1968-12-24;1,13;124;;jah
1968-12-25;1,1;123;;jah
1968-12-26;1,13;124;;jah
1968-12-27;1,1;124;;jah
1968-12-28;1,13;125;;jah
1968-12-29;1,12;126;;jah
1968-12-30;1,21;129;;jah
1968-12-31;1,23;130;;jah
1969-01-01;1,09;126;;jah
1969-01-02;1,06;126;;jah
1969-01-03;1,03;126;;jah
1969-01-04;0,98;125;;jah
1969-01-05;1;126;;jah
1969-01-06;1,03;129;;jah
1969-01-07;1,11;132;;jah
1969-01-08;1,01;130;;jah
1969-01-09;0,98;130;;jah
1969-01-10;1,02;131;;jah
1969-01-11;0,99;131;;jah
1969-01-12;0,97;131;;jah
1969-01-13;1,05;135;;jah
1969-01-14;1,07;136;;jah
1969-01-15;1,06;136;;jah
1969-01-16;0,93;131;;jah
1969-01-17;0,89;130;;jah
1969-01-18;0,7;122;;jah
1969-01-19;0,63;119;;jah
1969-01-20;0,98;134;;jah
1969-01-21;1,03;137;;jah
1969-01-22;1,02;137;;jah
1969-01-23;0,99;136;;jah
1969-01-24;0,79;129;;jah
1969-01-25;0,69;125;;jah
1969-01-26;0,88;135;;jah
1969-01-27;1,13;147;;jah
1969-01-28;1,07;144;;jah
1969-01-29;0,87;135;;jah
1969-01-30;0,83;133;;jah
1969-01-31;0,91;137;;jah
1969-02-01;0,85;134;;jah
1969-02-02;0,73;129;;jah
1969-02-03;1,08;145;;jah
1969-02-04;1;141;;jah
1969-02-05;0,95;139;;jah
1969-02-06;0,84;135;;jah
1969-02-07;0,7;128;;jah
1969-02-08;0,7;128;;jah
1969-02-09;0,77;133;;jah
1969-02-10;0,88;138;;jah
1969-02-11;0,86;137;;jah
1969-02-12;0,77;134;;jah
1969-02-13;0,77;134;;jah
1969-02-14;0,86;139;;jah
1969-02-15;0,65;130;;jah
1969-02-16;0,91;143;;jah
1969-02-17;1,01;148;;jah
1969-02-18;0,95;145;;jah
1969-02-19;0,8;137;;jah
1969-02-20;0,91;143;;jah
1969-02-21;0,81;138;;jah
1969-02-22;0,97;146;;jah
1969-02-23;0,98;146;;jah
1969-02-24;1,1;152;;jah
1969-02-25;0,79;137;;jah
1969-02-26;0,87;141;;jah
1969-02-27;0,88;141;;jah
1969-02-28;0,81;138;;jah
1969-03-01;0,99;147;;jah
1969-03-02;0,88;142;;jah
1969-03-03;1,03;149;;jah
1969-03-04;1,12;153;;jah
1969-03-05;0,84;139;;jah
1969-03-06;0,94;145;;jah
1969-03-07;1,04;149;;jah
1969-03-08;0,87;141;;jah
1969-03-09;0,83;139;;jah
1969-03-10;0,95;145;;jah
1969-03-11;0,93;144;;jah
1969-03-12;0,91;143;;jah
1969-03-13;0,9;142;;jah
1969-03-14;0,95;145;;jah
1969-03-15;0,87;141;;jah
1969-03-16;0,74;134;;jah
1969-03-17;0,99;147;;jah
1969-03-18;0,94;144;;jah
1969-03-19;0,96;146;;jah
1969-03-20;0,94;145;;jah
1969-03-21;1,04;150;;jah
1969-03-22;1,1;152;;jah
1969-03-23;0,78;136;;jah
1969-03-24;0,94;144;;jah
1969-03-25;0,85;140;;jah
1969-03-26;1;147;;jah
1969-03-27;1,09;152;;jah
1969-03-28;0,84;139;;jah
1969-03-29;0,88;142;;jah
1969-03-30;0,88;141;;jah
1969-03-31;1,03;149;;jah
1969-04-01;0,76;135;;jah
1969-04-02;0,92;142;;jah
1969-04-03;0,88;139;;jah
1969-04-04;0,9;136;;jah
1969-04-05;0,78;129;;jah
1969-04-06;0,99;134;;jah
1969-04-07;1,38;143;;jah
1969-04-08;1,9;152;;jah
1969-04-09;2,34;156;;jah
1969-04-10;4,12;187;;jah
1969-04-11;8,23;251;;jah
1969-04-12;11,2;286;;jah
1969-04-13;13;297;;jah
1969-04-14;15;304;;jah
1969-04-15;13,5;272;;jah
1969-04-16;10,6;243;;jah
1969-04-17;8,67;225;;jah
1969-04-18;8,05;218;;jah
1969-04-19;7,59;211;;jah
1969-04-20;7,22;208;;jah
1969-04-21;7,8;217;;jah
1969-04-22;8,05;220;;jah
1969-04-23;7,9;218;;jah
1969-04-24;6,63;202;;jah
1969-04-25;4,62;176;;jah
1969-04-26;5,02;180;;jah
1969-04-27;4,8;178;;jah
1969-04-28;4,87;179;;jah
1969-04-29;5,88;192;;jah
1969-04-30;8,03;220;;jah
1969-05-01;8,37;224;;jah
1969-05-02;8,12;221;;jah
1969-05-03;6,18;196;;jah
1969-05-04;5,08;182;;jah
1969-05-05;4,24;171;;jah
1969-05-06;3,43;163;;jah
1969-05-07;3,05;156;;jah
1969-05-08;3,18;159;;jah
1969-05-09;3,63;167;;jah
1969-05-10;3,16;159;;jah
1969-05-11;2,92;154;;jah
1969-05-12;2,83;152;;jah
1969-05-13;2,71;150;;jah
1969-05-14;2,61;148;;jah
1969-05-15;2,53;147;;jah
1969-05-16;2,72;150;;jah
1969-05-17;2,97;155;;jah
1969-05-18;3,49;164;;jah
1969-05-19;4,02;174;;jah
1969-05-20;5,27;193;;jah
1969-05-21;8,32;224;;jah
1969-05-22;9,03;233;;jah
1969-05-23;7,34;213;;jah
1969-05-24;5,59;190;;jah
1969-05-25;4,12;170;;jah
1969-05-26;3,51;162;;jah
1969-05-27;2,9;155;;jah
1969-05-28;2,5;150;;jah
1969-05-29;2,14;144;;jah
1969-05-30;1,46;131;;jah
1969-05-31;1,24;127;;jah
1969-06-01;1,48;132;;jah
1969-06-02;1,87;140;;jah
1969-06-03;1,82;138;;jah
1969-06-04;1,88;138;;jah
1969-06-05;1,76;135;;jah
1969-06-06;1,53;130;;jah
1969-06-07;1,64;132;;jah
1969-06-08;1,56;130;;jah
1969-06-09;1,72;133;;jah
1969-06-10;1,5;128;;jah
1969-06-11;1,64;131;;jah
1969-06-12;1,79;134;;jah
1969-06-13;1,82;135;;jah
1969-06-14;1,52;129;;jah
1969-06-15;1,41;126;;jah
1969-06-16;1,48;129;;jah
1969-06-17;1,25;124;;jah
1969-06-18;1,2;123;;jah
1969-06-19;1,08;120;;jah
1969-06-20;1,1;122;;jah
1969-06-21;1,03;121;;jah
1969-06-22;1,09;123;;jah
1969-06-23;1,24;129;;jah
1969-06-24;1,22;130;;jah
1969-06-25;0,93;121;;jah
1969-06-26;0,9;121;;jah
1969-06-27;0,96;123;;jah
1969-06-28;1,01;124;;jah
1969-06-29;0,85;119;;jah
1969-06-30;1;124;;jah
1969-07-01;0,84;119;;jah
1969-07-02;1;124;;jah
1969-07-03;1,31;134;;jah
1969-07-04;1,28;133;;jah
1969-07-05;1,05;126;;jah
1969-07-06;1,19;130;;jah
1969-07-07;1,3;133;;jah
1969-07-08;0,88;120;;jah
1969-07-09;1,1;128;;jah
1969-07-10;1,24;132;;jah
1969-07-11;1,15;129;;jah
1969-07-12;1,14;129;;jah
1969-07-13;1,38;136;;jah
1969-07-14;1,15;130;;jah
1969-07-15;0,92;122;;jah
1969-07-16;1,23;132;;jah
1969-07-17;0,96;124;;jah
1969-07-18;1;125;;jah
1969-07-19;1,53;141;;jah
1969-07-20;1,06;127;;jah
1969-07-21;1,18;131;;jah
1969-07-22;0,93;122;;jah
1969-07-23;1,31;135;;jah
1969-07-24;1,3;136;;jah
1969-07-25;1,06;129;;jah
1969-07-26;1,15;133;;jah
1969-07-27;1,07;131;;jah
1969-07-28;1,05;131;;jah
1969-07-29;0,92;128;;jah
1969-07-30;0,84;127;;jah
1969-07-31;0,8;126;;jah
1969-08-01;0,79;126;;jah
1969-08-02;0,74;126;;jah
1969-08-03;0,72;126;;jah
1969-08-04;0,68;125;;jah
1969-08-05;0,72;128;;jah
1969-08-06;0,65;125;;jah
1969-08-07;0,74;129;;jah
1969-08-08;0,83;134;;jah
1969-08-09;0,58;121;;jah
1969-08-10;0,65;124;;jah
1969-08-11;0,8;130;;jah
1969-08-12;0,63;121;;jah
1969-08-13;0,72;124;;jah
1969-08-14;0,78;126;;jah
1969-08-15;0,73;123;;jah
1969-08-16;0,78;124;;jah
1969-08-17;0,96;131;;jah
1969-08-18;0,76;122;;jah
1969-08-19;0,77;122;;jah
1969-08-20;0,85;125;;jah
1969-08-21;0,77;122;;jah
1969-08-22;0,9;127;;jah
1969-08-23;0,83;124;;jah
1969-08-24;0,72;121;;jah
1969-08-25;0,8;124;;jah
1969-08-26;0,87;128;;jah
1969-08-27;0,85;128;;jah
1969-08-28;0,76;124;;jah
1969-08-29;0,71;123;;jah
1969-08-30;0,72;124;;jah
1969-08-31;0,69;124;;jah
1969-09-01;0,89;133;;jah
1969-09-02;0,71;125;;jah
1969-09-03;0,89;133;;jah
1969-09-04;0,9;133;;jah
1969-09-05;0,57;117;;jah
1969-09-06;0,49;112;;jah
1969-09-07;0,68;123;;jah
1969-09-08;0,48;112;;jah
1969-09-09;0,56;117;;jah
1969-09-10;0,65;122;;jah
1969-09-11;0,69;124;;jah
1969-09-12;0,69;124;;jah
1969-09-13;0,66;122;;jah
1969-09-14;0,56;116;;jah
1969-09-15;0,69;124;;jah
1969-09-16;0,65;122;;jah
1969-09-17;0,58;118;;jah
1969-09-18;0,56;116;;jah
1969-09-19;0,66;122;;jah
1969-09-20;0,75;126;;jah
1969-09-21;0,66;121;;jah
1969-09-22;0,81;127;;jah
1969-09-23;0,83;126;;jah
1969-09-24;0,68;118;;jah
1969-09-25;0,7;116;;jah
1969-09-26;0,85;122;;jah
1969-09-27;1,04;128;;jah
1969-09-28;0,87;121;;jah
1969-09-29;1,2;131;;jah
1969-09-30;1,05;127;;jah
1969-10-01;1,12;128;;jah
1969-10-02;1,14;129;;jah
1969-10-03;1,24;132;;jah
1969-10-04;1,21;131;;jah
1969-10-05;1,18;130;;jah
1969-10-06;1,42;137;;jah
1969-10-07;1,03;125;;jah
1969-10-08;0,82;117;;jah
1969-10-09;1,14;129;;jah
1969-10-10;0,87;120;;jah
1969-10-11;0,7;112;;jah
1969-10-12;0,76;115;;jah
1969-10-13;1,26;132;;jah
1969-10-14;0,96;123;;jah
1969-10-15;0,75;114;;jah
1969-10-16;0,86;119;;jah
1969-10-17;0,8;117;;jah
1969-10-18;0,81;117;;jah
1969-10-19;0,82;117;;jah
1969-10-20;1,14;129;;jah
1969-10-21;0,86;119;;jah
1969-10-22;0,78;116;;jah
1969-10-23;0,75;114;;jah
1969-10-24;0,88;120;;jah
1969-10-25;0,76;115;;jah
1969-10-26;0,78;116;;jah
1969-10-27;1,07;123;;jah
1969-10-28;0,92;122;;jah
1969-10-29;0,81;117;;jah
1969-10-30;0,78;116;;jah
1969-10-31;0,9;121;;jah
1969-11-01;0,94;122;;jah
1969-11-02;1,08;127;;jah
1969-11-03;1,4;136;;jah
1969-11-04;1,28;132;;jah
1969-11-05;1,02;124;;jah
1969-11-06;1,07;124;;jah
1969-11-07;1,14;127;;jah
1969-11-08;1,14;126;;jah
1969-11-09;1,19;127;;jah
1969-11-10;1,43;133;;jah
1969-11-11;1,43;132;;jah
1969-11-12;1,61;135;;jah
1969-11-13;2;142;;jah
1969-11-14;2,49;150;;jah
1969-11-15;2,52;150;;jah
1969-11-16;1,92;137;;jah
1969-11-17;2,18;143;;jah
1969-11-18;1,94;138;;jah
1969-11-19;1,9;137;;jah
1969-11-20;1,82;135;;jah
1969-11-21;2,2;143;;jah
1969-11-22;2,42;148;;jah
1969-11-23;2,2;143;;jah
1969-11-24;2,64;152;;jah
1969-11-25;2,42;148;;jah
1969-11-26;2,36;148;;jah
1969-11-27;2,25;147;;jah
1969-11-28;2,09;145;;jah
1969-11-29;1,72;138;;jah
1969-11-30;1,71;138;;jah
1969-12-01;1,8;141;;jah
1969-12-02;1,57;135;;jah
1969-12-03;1,45;133;;jah
1969-12-04;1,48;133;;jah
1969-12-05;1,42;132;;jah
1969-12-06;1,32;130;;jah
1969-12-07;1,34;131;;jah
1969-12-08;1,63;138;;jah
1969-12-09;1,61;137;;jah
1969-12-10;1,02;121;;jah
1969-12-11;1,09;124;;jah
1969-12-12;1,26;129;;jah
1969-12-13;1,18;127;;jah
1969-12-14;1,12;125;;jah
1969-12-15;1,22;128;;jah
1969-12-16;1,23;129;;jah
1969-12-17;1,16;127;;jah
1969-12-18;1,24;131;;jah
1969-12-19;1,07;126;;jah
1969-12-20;0,96;124;;jah
1969-12-21;0,92;126;;jah
1969-12-22;1,01;132;;jah
1969-12-23;0,88;131;;jah
1969-12-24;0,78;129;;jah
1969-12-25;0,67;127;;jah
1969-12-26;0,5;123;;jah
1969-12-27;0,54;122;;jah
1969-12-28;0,67;126;;jah
1969-12-29;0,92;134;;jah
1969-12-30;0,97;135;;jah
1969-12-31;0,91;133;;jah
1970-01-01;0,93;132;;jah
1970-01-02;1;134;;jah
1970-01-03;1;134;;jah
1970-01-04;0,99;133;;jah
1970-01-05;1,06;135;;jah
1970-01-06;1,09;135;;jah
1970-01-07;0,98;132;;jah
1970-01-08;0,97;131;;jah
1970-01-09;1,01;132;;jah
1970-01-10;1,03;132;;jah
1970-01-11;1;132;;jah
1970-01-12;1;132;;jah
1970-01-13;1,11;136;;jah
1970-01-14;1,04;134;;jah
1970-01-15;1,01;133;;jah
1970-01-16;0,9;130;;jah
1970-01-17;0,85;129;;jah
1970-01-18;0,92;133;;jah
1970-01-19;0,99;137;;jah
1970-01-20;1,05;141;;jah
1970-01-21;0,95;136;;jah
1970-01-22;0,98;139;;jah
1970-01-23;0,99;139;;jah
1970-01-24;0,97;140;;jah
1970-01-25;0,82;133;;jah
1970-01-26;0,87;136;;jah
1970-01-27;0,8;135;;jah
1970-01-28;0,87;139;;jah
1970-01-29;0,95;145;;jah
1970-01-30;0,94;144;;jah
1970-01-31;0,82;140;;jah
1970-02-01;1;149;;jah
1970-02-02;1,09;156;;jah
1970-02-03;1,04;152;;jah
1970-02-04;1,07;151;;jah
1970-02-05;1,08;148;;jah
1970-02-06;1,07;146;;jah
1970-02-07;1,08;144;;jah
1970-02-08;0,74;146;;jah
1970-02-09;0,76;149;;jah
1970-02-10;0,85;144;;jah
1970-02-11;0,93;142;;jah
1970-02-12;0,91;143;;jah
1970-02-13;0,89;142;;jah
1970-02-14;0,88;143;;jah
1970-02-15;0,83;142;;jah
1970-02-16;0,89;145;;jah
1970-02-17;0,88;145;;jah
1970-02-18;0,74;138;;jah
1970-02-19;0,76;140;;jah
1970-02-20;0,85;143;;jah
1970-02-21;0,76;138;;jah
1970-02-22;0,72;136;;jah
1970-02-23;0,87;144;;jah
1970-02-24;0,9;146;;jah
1970-02-25;0,84;143;;jah
1970-02-26;0,8;141;;jah
1970-02-27;0,87;142;;jah
1970-02-28;0,86;142;;jah
1970-03-01;0,84;141;;jah
1970-03-02;0,96;147;;jah
1970-03-03;0,89;144;;jah
1970-03-04;0,87;141;;jah
1970-03-05;0,83;139;;jah
1970-03-06;0,88;140;;jah
1970-03-07;0,9;139;;jah
1970-03-08;0,86;137;;jah
1970-03-09;0,96;139;;jah
1970-03-10;0,91;136;;jah
1970-03-11;0,86;132;;jah
1970-03-12;0,82;129;;jah
1970-03-13;0,89;130;;jah
1970-03-14;1,04;135;;jah
1970-03-15;0,95;130;;jah
1970-03-16;1,05;132;;jah
1970-03-17;1,03;130;;jah
1970-03-18;0,93;125;;jah
1970-03-19;1,08;129;;jah
1970-03-20;1,1;129;;jah
1970-03-21;1,06;127;;jah
1970-03-22;1,04;126;;jah
1970-03-23;1,06;125;;jah
1970-03-24;1,11;126;;jah
1970-03-25;1,08;125;;jah
1970-03-26;1,06;124;;jah
1970-03-27;1,08;124;;jah
1970-03-28;1,11;124;;jah
1970-03-29;1,13;124;;jah
1970-03-30;1,11;123;;jah
1970-03-31;1,17;124;;jah
1970-04-01;1,08;121;;jah
1970-04-02;1,19;123;;jah
1970-04-03;1,31;126;;jah
1970-04-04;1,66;134;;jah
1970-04-05;1,71;135;;jah
1970-04-06;2,24;146;;jah
1970-04-07;2,93;158;;jah
1970-04-08;3,66;170;;jah
1970-04-09;5,35;187;;jah
1970-04-10;6,1;202;;jah
1970-04-11;8,2;240;;jah
1970-04-12;9,15;248;;jah
1970-04-13;9,05;239;;jah
1970-04-14;8,19;223;;jah
1970-04-15;8,19;223;;jah
1970-04-16;8,32;220;;jah
1970-04-17;8,17;218;;jah
1970-04-18;9,03;228;;jah
1970-04-19;8,69;224;;jah
1970-04-20;8,85;226;;jah
1970-04-21;8,95;227;;jah
1970-04-22;9,8;237;;jah
1970-04-23;9,62;235;;jah
1970-04-24;9,38;232;;jah
1970-04-25;9,29;231;;jah
1970-04-26;8,6;223;;jah
1970-04-27;8,09;217;;jah
1970-04-28;8,25;219;;jah
1970-04-29;7,82;214;;jah
1970-04-30;7,56;211;;jah
1970-05-01;7,23;207;;jah
1970-05-02;7,15;206;;jah
1970-05-03;6,46;198;;jah
1970-05-04;4,9;179;;jah
1970-05-05;4,99;180;;jah
1970-05-06;4,54;174;;jah
1970-05-07;3,86;164;;jah
1970-05-08;3,4;157;;jah
1970-05-09;3,21;154;;jah
1970-05-10;2,89;149;;jah
1970-05-11;2,26;139;;jah
1970-05-12;1,26;121;;jah
1970-05-13;1,57;127;;jah
1970-05-14;1,79;131;;jah
1970-05-15;1,84;132;;jah
1970-05-16;1,61;130;;jah
1970-05-17;1,52;128;;jah
1970-05-18;1,58;131;;jah
1970-05-19;1,56;131;;jah
1970-05-20;1,43;128;;jah
1970-05-21;1,39;127;;jah
1970-05-22;1,37;127;;jah
1970-05-23;1,34;127;;jah
1970-05-24;1,32;127;;jah
1970-05-25;1,42;130;;jah
1970-05-26;1,31;127;;jah
1970-05-27;1,23;126;;jah
1970-05-28;1,23;126;;jah
1970-05-29;1,12;123;;jah
1970-05-30;1,1;122;;jah
1970-05-31;1,17;124;;jah
1970-06-01;1,3;128;;jah
1970-06-02;1,38;130;;jah
1970-06-03;1,29;127;;jah
1970-06-04;1,17;124;;jah
1970-06-05;1,24;125;;jah
1970-06-06;1,31;127;;jah
1970-06-07;1,28;126;;jah
1970-06-08;1,42;130;;jah
1970-06-09;1,4;130;;jah
1970-06-10;1,27;126;;jah
1970-06-11;1,18;123;;jah
1970-06-12;1,11;121;;jah
1970-06-13;1,26;126;;jah
1970-06-14;1,34;128;;jah
1970-06-15;1,4;130;;jah
1970-06-16;1,45;131;;jah
1970-06-17;1,33;128;;jah
1970-06-18;1,3;128;;jah
1970-06-19;1,37;130;;jah
1970-06-20;1,28;128;;jah
1970-06-21;1,27;128;;jah
1970-06-22;1,23;127;;jah
1970-06-23;1,25;128;;jah
1970-06-24;1,16;126;;jah
1970-06-25;1,09;124;;jah
1970-06-26;0,98;121;;jah
1970-06-27;0,85;117;;jah
1970-06-28;0,52;103;;jah
1970-06-29;0,86;119;;jah
1970-06-30;1,08;128;;jah
1970-07-01;1,16;132;;jah
1970-07-02;1,01;127;;jah
1970-07-03;1,14;133;;jah
1970-07-04;0,86;124;;jah
1970-07-05;0,74;120;;jah
1970-07-06;0,81;124;;jah
1970-07-07;0,77;124;;jah
1970-07-08;0,72;122;;jah
1970-07-09;0,76;124;;jah
1970-07-10;0,51;111;;jah
1970-07-11;0,66;120;;jah
1970-07-12;0,83;127;;jah
1970-07-13;0,79;126;;jah
1970-07-14;1,09;137;;jah
1970-07-15;0,88;130;;jah
1970-07-16;0,93;131;;jah
1970-07-17;1;134;;jah
1970-07-18;0,93;131;;jah
1970-07-19;0,98;133;;jah
1970-07-20;1,28;145;;jah
1970-07-21;1,11;138;;jah
1970-07-22;1,04;136;;jah
1970-07-23;1,03;135;;jah
1970-07-24;1,03;135;;jah
1970-07-25;1,01;136;;jah
1970-07-26;1,06;137;;jah
1970-07-27;0,89;131;;jah
1970-07-28;0,77;126;;jah
1970-07-29;0,78;127;;jah
1970-07-30;0,63;120;;jah
1970-07-31;0,99;136;;jah
1970-08-01;0,96;134;;jah
1970-08-02;0,8;128;;jah
1970-08-03;0,8;129;;jah
1970-08-04;0,81;128;;jah
1970-08-05;0,77;126;;jah
1970-08-06;0,83;129;;jah
1970-08-07;0,76;125;;jah
1970-08-08;0,83;128;;jah
1970-08-09;0,89;130;;jah
1970-08-10;0,98;133;;jah
1970-08-11;1,07;136;;jah
1970-08-12;1;132;;jah
1970-08-13;1,04;134;;jah
1970-08-14;1,48;148;;jah
1970-08-15;1,17;136;;jah
1970-08-16;0,8;122;;jah
1970-08-17;1,18;135;;jah
1970-08-18;1,15;134;;jah
1970-08-19;0,78;121;;jah
1970-08-20;0,91;127;;jah
1970-08-21;0,91;128;;jah
1970-08-22;0,87;126;;jah
1970-08-23;0,74;122;;jah
1970-08-24;1,02;133;;jah
1970-08-25;0,9;130;;jah
1970-08-26;0,81;125;;jah
1970-08-27;0,73;123;;jah
1970-08-28;0,69;121;;jah
1970-08-29;0,72;122;;jah
1970-08-30;0,8;126;;jah
1970-08-31;0,89;130;;jah
1970-09-01;0,98;133;;jah
1970-09-02;0,99;134;;jah
1970-09-03;0,87;129;;jah
1970-09-04;0,68;121;;jah
1970-09-05;0,52;112;;jah
1970-09-06;0,66;120;;jah
1970-09-07;1;134;;jah
1970-09-08;1,04;136;;jah
1970-09-09;0,7;121;;jah
1970-09-10;0,55;113;;jah
1970-09-11;0,72;122;;jah
1970-09-12;0,74;123;;jah
1970-09-13;0,72;122;;jah
1970-09-14;0,95;130;;jah
1970-09-15;0,94;130;;jah
1970-09-16;0,82;125;;jah
1970-09-17;0,72;120;;jah
1970-09-18;0,63;115;;jah
1970-09-19;0,57;111;;jah
1970-09-20;0,67;116;;jah
1970-09-21;0,87;125;;jah
1970-09-22;1,06;132;;jah
1970-09-23;0,99;129;;jah
1970-09-24;0,99;128;;jah
1970-09-25;1,06;131;;jah
1970-09-26;1,01;129;;jah
1970-09-27;1,02;130;;jah
1970-09-28;1,03;131;;jah
1970-09-29;0,96;129;;jah
1970-09-30;0,9;126;;jah
1970-10-01;0,91;128;;jah
1970-10-02;0,88;128;;jah
1970-10-03;0,82;126;;jah
1970-10-04;0,82;126;;jah
1970-10-05;0,82;127;;jah
1970-10-06;0,92;131;;jah
1970-10-07;0,82;127;;jah
1970-10-08;0,78;125;;jah
1970-10-09;0,78;125;;jah
1970-10-10;0,75;124;;jah
1970-10-11;0,75;123;;jah
1970-10-12;0,83;126;;jah
1970-10-13;0,88;128;;jah
1970-10-14;0,84;124;;jah
1970-10-15;0,55;109;;jah
1970-10-16;0,66;114;;jah
1970-10-17;0,72;114;;jah
1970-10-18;0,76;115;;jah
1970-10-19;1,05;124;;jah
1970-10-20;1,14;126;;jah
1970-10-21;1,03;122;;jah
1970-10-22;1,12;124;;jah
1970-10-23;1,12;124;;jah
1970-10-24;1,19;126;;jah
1970-10-25;1,24;127;;jah
1970-10-26;1,28;128;;jah
1970-10-27;1,28;128;;jah
1970-10-28;1,27;128;;jah
1970-10-29;1,26;128;;jah
1970-10-30;1,29;128;;jah
1970-10-31;1,4;131;;jah
1970-11-01;1,31;131;;jah
1970-11-02;1,22;129;;jah
1970-11-03;1,2;130;;jah
1970-11-04;0,93;123;;jah
1970-11-05;0,89;122;;jah
1970-11-06;0,94;125;;jah
1970-11-07;0,96;124;;jah
1970-11-08;1;124;;jah
1970-11-09;1,11;126;;jah
1970-11-10;1,05;123;;jah
1970-11-11;1,12;122;;jah
1970-11-12;1,18;121;;jah
1970-11-13;2,27;144;;jah
1970-11-14;2,7;152;;jah
1970-11-15;2,52;149;;jah
1970-11-16;2,92;156;;jah
1970-11-17;3,22;161;;jah
1970-11-18;3,04;159;;jah
1970-11-19;2,66;151;;jah
1970-11-20;2,79;155;;jah
1970-11-21;2,77;155;;jah
1970-11-22;2,59;152;;jah
1970-11-23;2,26;146;;jah
1970-11-24;2,08;143;;jah
1970-11-25;2,06;142;;jah
1970-11-26;1,97;142;;jah
1970-11-27;1,92;141;;jah
1970-11-28;1,88;141;;jah
1970-11-29;1,81;140;;jah
1970-11-30;1,73;139;;jah
1970-12-01;1,55;135;;jah
1970-12-02;1,39;131;;jah
1970-12-03;1,56;136;;jah
1970-12-04;1,78;142;;jah
1970-12-05;1,83;142;;jah
1970-12-06;1,67;138;;jah
1970-12-07;1,94;144;;jah
1970-12-08;2,12;148;;jah
1970-12-09;2,08;146;;jah
1970-12-10;2,2;148;;jah
1970-12-11;2,41;152;;jah
1970-12-12;2,49;152;;jah
1970-12-13;2,39;150;;jah
1970-12-14;2,31;148;;jah
1970-12-15;2,22;151;;jah
1970-12-16;2,13;153;;jah
1970-12-17;2,04;157;;jah
1970-12-18;1,95;156;;jah
1970-12-19;1,86;152;;jah
1970-12-20;1,77;158;;jah
1970-12-21;1,68;145;;jah
1970-12-22;1,59;135;;jah
1970-12-23;1,5;134;;jah
1970-12-24;1,53;135;;jah
1970-12-25;1,38;132;;jah
1970-12-26;1,25;130;;jah
1970-12-27;1,55;139;;jah
1970-12-28;1,45;136;;jah
1970-12-29;1,34;134;;jah
1970-12-30;1,3;134;;jah
1970-12-31;1,29;133;;jah
1971-01-01;1,24;133;;jah
1971-01-02;1,27;134;;jah
1971-01-03;1,21;133;;jah
1971-01-04;1,21;133;;jah
1971-01-05;1,26;135;;jah
1971-01-06;1,22;134;;jah
1971-01-07;1,18;133;;jah
1971-01-08;1,2;134;;jah
1971-01-09;1,22;135;;jah
1971-01-10;1,14;133;;jah
1971-01-11;1,35;138;;jah
1971-01-12;1,45;141;;jah
1971-01-13;1,62;145;;jah
1971-01-14;1,63;144;;jah
1971-01-15;1,66;143;;jah
1971-01-16;1,6;141;;jah
1971-01-17;1,64;140;;jah
1971-01-18;1,6;138;;jah
1971-01-19;1,59;137;;jah
1971-01-20;1,6;136;;jah
1971-01-21;1,62;135;;jah
1971-01-22;1,56;133;;jah
1971-01-23;1,73;136;;jah
1971-01-24;1,71;136;;jah
1971-01-25;1,91;140;;jah
1971-01-26;2,3;147;;jah
1971-01-27;2,57;152;;jah
1971-01-28;2,73;155;;jah
1971-01-29;3,43;166;;jah
1971-01-30;3,54;169;;jah
1971-01-31;3,38;167;;jah
1971-02-01;2,89;161;;jah
1971-02-02;3,06;165;;jah
1971-02-03;2,98;165;;jah
1971-02-04;2,39;155;;jah
1971-02-05;2,32;155;;jah
1971-02-06;2,16;153;;jah
1971-02-07;2,2;155;;jah
1971-02-08;1,65;144;;jah
1971-02-09;1,92;151;;jah
1971-02-10;1,74;147;;jah
1971-02-11;1,43;140;;jah
1971-02-12;1,32;137;;jah
1971-02-13;1,3;136;;jah
1971-02-14;1,3;135;;jah
1971-02-15;1,29;134;;jah
1971-02-16;1,32;134;;jah
1971-02-17;1,31;133;;jah
1971-02-18;1,33;133;;jah
1971-02-19;1,69;142;;jah
1971-02-20;1,44;134;;jah
1971-02-21;1,38;132;;jah
1971-02-22;1,51;134;;jah
1971-02-23;1,39;131;;jah
1971-02-24;1,29;129;;jah
1971-02-25;1,28;129;;jah
1971-02-26;1,32;130;;jah
1971-02-27;1,3;130;;jah
1971-02-28;1,25;129;;jah
1971-03-01;1,33;131;;jah
1971-03-02;1,2;129;;jah
1971-03-03;1,19;129;;jah
1971-03-04;1,13;128;;jah
1971-03-05;1,3;132;;jah
1971-03-06;1,28;132;;jah
1971-03-07;1,31;133;;jah
1971-03-08;1,25;132;;jah
1971-03-09;1,28;133;;jah
1971-03-10;1,32;134;;jah
1971-03-11;1,32;134;;jah
1971-03-12;1,32;134;;jah
1971-03-13;1,37;135;;jah
1971-03-14;1,32;134;;jah
1971-03-15;1,37;135;;jah
1971-03-16;1,32;134;;jah
1971-03-17;1,39;135;;jah
1971-03-18;1,36;134;;jah
1971-03-19;1,33;133;;jah
1971-03-20;1,36;133;;jah
1971-03-21;1,46;134;;jah
1971-03-22;1,77;139;;jah
1971-03-23;2,48;150;;jah
1971-03-24;2,61;154;;jah
1971-03-25;2,3;149;;jah
1971-03-26;2,39;150;;jah
1971-03-27;3,24;163;;jah
1971-03-28;4,21;176;;jah
1971-03-29;6,37;206;;jah
1971-03-30;6,89;212;;jah
1971-03-31;7,21;216;;jah
1971-04-01;8,4;230;;jah
1971-04-02;9,57;244;;jah
1971-04-03;10,3;252;;jah
1971-04-04;11,3;262;;jah
1971-04-05;11,8;259;;jah
1971-04-06;10,9;249;;jah
1971-04-07;10;240;;jah
1971-04-08;9,3;232;;jah
1971-04-09;8,53;223;;jah
1971-04-10;7,84;215;;jah
1971-04-11;7,08;206;;jah
1971-04-12;5,8;190;;jah
1971-04-13;4,92;179;;jah
1971-04-14;4,05;168;;jah
1971-04-15;4,05;168;;jah
1971-04-16;3,52;161;;jah
1971-04-17;2,96;153;;jah
1971-04-18;2,68;149;;jah
1971-04-19;2,89;152;;jah
1971-04-20;2,89;152;;jah
1971-04-21;2,96;153;;jah
1971-04-22;2,82;151;;jah
1971-04-23;2,42;145;;jah
1971-04-24;2,04;139;;jah
1971-04-25;2,23;142;;jah
1971-04-26;1,45;129;;jah
1971-04-27;1,26;125;;jah
1971-04-28;1,31;126;;jah
1971-04-29;1,68;133;;jah
1971-04-30;1,74;134;;jah
1971-05-01;1,86;136;;jah
1971-05-02;1,74;134;;jah
1971-05-03;1,98;138;;jah
1971-05-04;1,98;138;;jah
1971-05-05;1,86;136;;jah
1971-05-06;1,26;125;;jah
1971-05-07;0,96;118;;jah
1971-05-08;1,4;128;;jah
1971-05-09;1,21;124;;jah
1971-05-10;1,31;126;;jah
1971-05-11;1,45;129;;jah
1971-05-12;1,4;128;;jah
1971-05-13;1,36;127;;jah
1971-05-14;1,12;122;;jah
1971-05-15;1,02;120;;jah
1971-05-16;1,02;120;;jah
1971-05-17;1,16;123;;jah
1971-05-18;1,07;121;;jah
1971-05-19;0,99;119;;jah
1971-05-20;0,89;116;;jah
1971-05-21;0,86;115;;jah
1971-05-22;1,02;120;;jah
1971-05-23;1,07;121;;jah
1971-05-24;1,26;125;;jah
1971-05-25;1,21;124;;jah
1971-05-26;1,21;124;;jah
1971-05-27;1,21;124;;jah
1971-05-28;1,15;123;;jah
1971-05-29;1,23;125;;jah
1971-05-30;1,28;126;;jah
1971-05-31;1,08;122;;jah
1971-06-01;1,08;122;;jah
1971-06-02;0,97;120;;jah
1971-06-03;1,01;121;;jah
1971-06-04;1,03;122;;jah
1971-06-05;1,03;122;;jah
1971-06-06;1,01;122;;jah
1971-06-07;1,04;123;;jah
1971-06-08;0,87;119;;jah
1971-06-09;0,86;119;;jah
1971-06-10;0,79;117;;jah
1971-06-11;0,99;123;;jah
1971-06-12;1,18;128;;jah
1971-06-13;1,24;130;;jah
1971-06-14;1,28;131;;jah
1971-06-15;1,09;127;;jah
1971-06-16;1,16;129;;jah
1971-06-17;1,33;133;;jah
1971-06-18;1,45;136;;jah
1971-06-19;1,48;137;;jah
1971-06-20;1,48;137;;jah
1971-06-21;1,46;137;;jah
1971-06-22;1,37;135;;jah
1971-06-23;1,4;136;;jah
1971-06-24;1,48;138;;jah
1971-06-25;1,15;131;;jah
1971-06-26;1,29;134;;jah
1971-06-27;1,18;132;;jah
1971-06-28;1,21;133;;jah
1971-06-29;1,21;133;;jah
1971-06-30;1,08;130;;jah
1971-07-01;1,11;131;;jah
1971-07-02;1,09;131;;jah
1971-07-03;1,13;132;;jah
1971-07-04;1,08;131;;jah
1971-07-05;1,06;131;;jah
1971-07-06;1,26;136;;jah
1971-07-07;1,17;134;;jah
1971-07-08;0,99;130;;jah
1971-07-09;0,92;128;;jah
1971-07-10;1,07;132;;jah
1971-07-11;0,88;127;;jah
1971-07-12;0,81;125;;jah
1971-07-13;0,83;126;;jah
1971-07-14;0,81;126;;jah
1971-07-15;0,9;129;;jah
1971-07-16;1,02;133;;jah
1971-07-17;1,26;140;;jah
1971-07-18;1,15;137;;jah
1971-07-19;1,06;135;;jah
1971-07-20;1,08;136;;jah
1971-07-21;0,99;134;;jah
1971-07-22;0,84;130;;jah
1971-07-23;1,11;138;;jah
1971-07-24;1,18;140;;jah
1971-07-25;1,02;136;;jah
1971-07-26;0,84;131;;jah
1971-07-27;0,84;131;;jah
1971-07-28;0,69;126;;jah
1971-07-29;0,64;124;;jah
1971-07-30;0,73;128;;jah
1971-07-31;0,94;135;;jah
1971-08-01;1,29;146;;jah
1971-08-02;1,2;144;;jah
1971-08-03;1,04;139;;jah
1971-08-04;0,92;135;;jah
1971-08-05;0,99;138;;jah
1971-08-06;1,02;139;;jah
1971-08-07;1,05;140;;jah
1971-08-08;1,05;140;;jah
1971-08-09;0,96;137;;jah
1971-08-10;1,05;140;;jah
1971-08-11;1,05;140;;jah
1971-08-12;1,02;139;;jah
1971-08-13;1,02;139;;jah
1971-08-14;1,08;141;;jah
1971-08-15;1,06;141;;jah
1971-08-16;0,94;137;;jah
1971-08-17;1,03;140;;jah
1971-08-18;1,04;141;;jah
1971-08-19;0,98;139;;jah
1971-08-20;1,01;140;;jah
1971-08-21;0,99;140;;jah
1971-08-22;0,96;139;;jah
1971-08-23;0,94;139;;jah
1971-08-24;0,99;141;;jah
1971-08-25;0,8;134;;jah
1971-08-26;0,72;131;;jah
1971-08-27;0,94;139;;jah
1971-08-28;0,88;137;;jah
1971-08-29;0,77;133;;jah
1971-08-30;0,83;135;;jah
1971-08-31;0,97;140;;jah
1971-09-01;0,92;139;;jah
1971-09-02;0,94;140;;jah
1971-09-03;0,94;140;;jah
1971-09-04;1;142;;jah
1971-09-05;0,89;138;;jah
1971-09-06;0,86;137;;jah
1971-09-07;1,04;143;;jah
1971-09-08;0,97;141;;jah
1971-09-09;0,99;141;;jah
1971-09-10;0,97;140;;jah
1971-09-11;1,02;141;;jah
1971-09-12;0,92;137;;jah
1971-09-13;0,97;138;;jah
1971-09-14;1,12;142;;jah
1971-09-15;1,14;142;;jah
1971-09-16;1;137;;jah
1971-09-17;0,9;134;;jah
1971-09-18;1,05;138;;jah
1971-09-19;1,04;137;;jah
1971-09-20;1,06;137;;jah
1971-09-21;1,11;138;;jah
1971-09-22;1,08;137;;jah
1971-09-23;1,06;136;;jah
1971-09-24;1,01;134;;jah
1971-09-25;0,97;133;;jah
1971-09-26;0,92;131;;jah
1971-09-27;1,03;134;;jah
1971-09-28;1,08;135;;jah
1971-09-29;0,67;122;;jah
1971-09-30;0,52;115;;jah
1971-10-01;0,68;122;;jah
1971-10-02;0,93;130;;jah
1971-10-03;1;132;;jah
1971-10-04;1,25;138;;jah
1971-10-05;1,27;138;;jah
1971-10-06;1,08;133;;jah
1971-10-07;1,17;135;;jah
1971-10-08;1,31;138;;jah
1971-10-09;1,43;141;;jah
1971-10-10;1,43;141;;jah
1971-10-11;1,58;144;;jah
1971-10-12;1,62;145;;jah
1971-10-13;1,65;145;;jah
1971-10-14;1,74;147;;jah
1971-10-15;1,69;146;;jah
1971-10-16;1,63;144;;jah
1971-10-17;1,45;140;;jah
1971-10-18;1,45;140;;jah
1971-10-19;1,52;142;;jah
1971-10-20;1,22;135;;jah
1971-10-21;1,18;134;;jah
1971-10-22;1,39;139;;jah
1971-10-23;2,12;156;;jah
1971-10-24;2,31;160;;jah
1971-10-25;2,26;159;;jah
1971-10-26;2,17;157;;jah
1971-10-27;1,98;153;;jah
1971-10-28;1,78;148;;jah
1971-10-29;1,74;147;;jah
1971-10-30;1,69;146;;jah
1971-10-31;1,65;145;;jah
1971-11-01;1,56;143;;jah
1971-11-02;1,63;144;;jah
1971-11-03;1,56;142;;jah
1971-11-04;1,65;144;;jah
1971-11-05;1,58;142;;jah
1971-11-06;1,66;143;;jah
1971-11-07;1,63;142;;jah
1971-11-08;1,75;144;;jah
1971-11-09;2,46;157;;jah
1971-11-10;3,14;167;;jah
1971-11-11;3,71;174;;jah
1971-11-12;5,47;197;;jah
1971-11-13;3,4;168;;jah
1971-11-14;3,24;166;;jah
1971-11-15;3,22;167;;jah
1971-11-16;2,73;160;;jah
1971-11-17;4,77;194;;jah
1971-11-18;5,27;202;;jah
1971-11-19;4,52;190;;jah
1971-11-20;4,27;185;;jah
1971-11-21;2,56;157;;jah
1971-11-22;2,1;148;;jah
1971-11-23;2,12;148;;jah
1971-11-24;2,01;145;;jah
1971-11-25;1,84;141;;jah
1971-11-26;1,72;138;;jah
1971-11-27;1,55;134;;jah
1971-11-28;1,42;131;;jah
1971-11-29;1,88;139;;jah
1971-11-30;1,82;138;;jah
1971-12-01;1,77;137;;jah
1971-12-02;1,75;137;;jah
1971-12-03;1,67;136;;jah
1971-12-04;1,66;136;;jah
1971-12-05;1,58;135;;jah
1971-12-06;1,77;139;;jah
1971-12-07;1,55;135;;jah
1971-12-08;1,68;138;;jah
1971-12-09;1,81;141;;jah
1971-12-10;1,62;138;;jah
1971-12-11;1,43;134;;jah
1971-12-12;1,51;136;;jah
1971-12-13;1,63;139;;jah
1971-12-14;1,39;134;;jah
1971-12-15;1,39;134;;jah
1971-12-16;1,56;137;;jah
1971-12-17;1,62;138;;jah
1971-12-18;1,69;139;;jah
1971-12-19;2,31;150;;jah
1971-12-20;2,64;155;;jah
1971-12-21;2,67;155;;jah
1971-12-22;5,6;198;;jah
1971-12-23;5,1;190;;jah
1971-12-24;4,54;182;;jah
1971-12-25;4,26;178;;jah
1971-12-26;3,77;171;;jah
1971-12-27;3,98;174;;jah
1971-12-28;4,35;183;;jah
1971-12-29;4,41;190;;jah
1971-12-30;4,12;189;;jah
1971-12-31;2,71;165;;jah
1972-01-01;2,13;154;;jah
1972-01-02;2,46;160;;jah
1972-01-03;2,61;160;;jah
1972-01-04;2,2;151;;jah
1972-01-05;2,1;148;;jah
1972-01-06;2,32;151;;jah
1972-01-07;1,84;141;;jah
1972-01-08;1,32;130;;jah
1972-01-09;1,44;133;;jah
1972-01-10;1,34;132;;jah
1972-01-11;1,46;135;;jah
1972-01-12;1,19;131;;jah
1972-01-13;1,09;130;;jah
1972-01-14;1,08;132;;jah
1972-01-15;1,02;132;;jah
1972-01-16;0,99;132;;jah
1972-01-17;0,9;131;;jah
1972-01-18;0,88;131;;jah
1972-01-19;1;135;;jah
1972-01-20;1,01;135;;jah
1972-01-21;0,93;133;;jah
1972-01-22;0,86;130;;jah
1972-01-23;0,93;133;;jah
1972-01-24;1,16;140;;jah
1972-01-25;1,05;137;;jah
1972-01-26;0,82;130;;jah
1972-01-27;0,8;130;;jah
1972-01-28;0,92;133;;jah
1972-01-29;0,98;135;;jah
1972-01-30;0,84;131;;jah
1972-01-31;0,9;133;;jah
1972-02-01;1,06;138;;jah
1972-02-02;0,98;135;;jah
1972-02-03;1,06;138;;jah
1972-02-04;1,05;138;;jah
1972-02-05;1,1;139;;jah
1972-02-06;0,95;134;;jah
1972-02-07;1,65;154;;jah
1972-02-08;1,04;136;;jah
1972-02-09;1,08;136;;jah
1972-02-10;1,13;137;;jah
1972-02-11;1,16;137;;jah
1972-02-12;1,07;134;;jah
1972-02-13;1,01;131;;jah
1972-02-14;1,1;133;;jah
1972-02-15;1,15;134;;jah
1972-02-16;0,91;126;;jah
1972-02-17;0,9;125;;jah
1972-02-18;0,9;125;;jah
1972-02-19;0,93;125;;jah
1972-02-20;0,81;121;;jah
1972-02-21;0,82;121;;jah
1972-02-22;0,85;122;;jah
1972-02-23;0,82;121;;jah
1972-02-24;0,81;120;;jah
1972-02-25;0,84;121;;jah
1972-02-26;0,83;120;;jah
1972-02-27;0,78;118;;jah
1972-02-28;0,73;115;;jah
1972-02-29;0,82;118;;jah
1972-03-01;0,86;119;;jah
1972-03-02;0,85;119;;jah
1972-03-03;0,88;119;;jah
1972-03-04;0,85;118;;jah
1972-03-05;0,79;115;;jah
1972-03-06;0,89;118;;jah
1972-03-07;0,99;121;;jah
1972-03-08;0,69;111;;jah
1972-03-09;0,75;112;;jah
1972-03-10;0,9;117;;jah
1972-03-11;0,93;118;;jah
1972-03-12;0,89;116;;jah
1972-03-13;0,95;118;;jah
1972-03-14;1,06;120;;jah
1972-03-15;0,93;116;;jah
1972-03-16;1,04;119;;jah
1972-03-17;1,11;121;;jah
1972-03-18;1,12;122;;jah
1972-03-19;1,21;124;;jah
1972-03-20;1,16;123;;jah
1972-03-21;1,12;122;;jah
1972-03-22;1,07;121;;jah
1972-03-23;1,12;122;;jah
1972-03-24;1,21;124;;jah
1972-03-25;1,21;124;;jah
1972-03-26;1,07;121;;jah
1972-03-27;1,02;120;;jah
1972-03-28;1,07;121;;jah
1972-03-29;1,21;124;;jah
1972-03-30;1,36;127;;jah
1972-03-31;1,8;135;;jah
1972-04-01;2,23;142;;jah
1972-04-02;2,1;140;;jah
1972-04-03;1,68;133;;jah
1972-04-04;1,5;130;;jah
1972-04-05;1,74;134;;jah
1972-04-06;3,38;159;;jah
1972-04-07;4,36;172;;jah
1972-04-08;4,12;169;;jah
1972-04-09;3,98;167;;jah
1972-04-10;3,82;165;;jah
1972-04-11;3,68;163;;jah
1972-04-12;3,45;160;;jah
1972-04-13;3,38;159;;jah
1972-04-14;3,9;166;;jah
1972-04-15;5,56;187;;jah
1972-04-16;5,64;188;;jah
1972-04-17;6,76;202;;jah
1972-04-18;8,87;227;;jah
1972-04-19;8,1;218;;jah
1972-04-20;6,84;203;;jah
1972-04-21;4,52;174;;jah
1972-04-22;3,45;160;;jah
1972-04-23;3,45;160;;jah
1972-04-24;3,38;159;;jah
1972-04-25;2,96;153;;jah
1972-04-26;2,75;150;;jah
1972-04-27;2,96;153;;jah
1972-04-28;3,24;157;;jah
1972-04-29;3,31;158;;jah
1972-04-30;3,31;158;;jah
1972-05-01;3,03;154;;jah
1972-05-02;2,82;151;;jah
1972-05-03;2,42;145;;jah
1972-05-04;2,23;142;;jah
1972-05-05;2,3;143;;jah
1972-05-06;2,35;145;;jah
1972-05-07;3,56;175;;jah
1972-05-08;7,26;220;;jah
1972-05-09;9,66;240;;jah
1972-05-10;11,2;250;;jah
1972-05-11;6,37;198;;jah
1972-05-12;4,84;181;;jah
1972-05-13;3,62;166;;jah
1972-05-14;2,73;155;;jah
1972-05-15;3,36;164;;jah
1972-05-16;3,97;173;;jah
1972-05-17;3,88;171;;jah
1972-05-18;3,89;170;;jah
1972-05-19;3,31;162;;jah
1972-05-20;2,93;155;;jah
1972-05-21;2,75;151;;jah
1972-05-22;2,79;151;;jah
1972-05-23;2,44;145;;jah
1972-05-24;1,94;137;;jah
1972-05-25;2,03;138;;jah
1972-05-26;2,02;138;;jah
1972-05-27;2,52;146;;jah
1972-05-28;2,94;155;;jah
1972-05-29;3,32;163;;jah
1972-05-30;3,64;168;;jah
1972-05-31;3,28;163;;jah
1972-06-01;3,2;162;;jah
1972-06-02;3,26;162;;jah
1972-06-03;3,05;159;;jah
1972-06-04;2,24;145;;jah
1972-06-05;2,14;143;;jah
1972-06-06;2,11;142;;jah
1972-06-07;1,83;138;;jah
1972-06-08;1,78;136;;jah
1972-06-09;1,71;135;;jah
1972-06-10;1,58;132;;jah
1972-06-11;1,48;130;;jah
1972-06-12;1,55;131;;jah
1972-06-13;1,15;123;;jah
1972-06-14;0,86;115;;jah
1972-06-15;1,07;121;;jah
1972-06-16;1,54;131;;jah
1972-06-17;1,47;130;;jah
1972-06-18;1,17;124;;jah
1972-06-19;1,12;123;;jah
1972-06-20;1,06;122;;jah
1972-06-21;1,27;127;;jah
1972-06-22;1,47;131;;jah
1972-06-23;1,38;130;;jah
1972-06-24;1,51;132;;jah
1972-06-25;1,47;132;;jah
1972-06-26;1,37;130;;jah
1972-06-27;1,54;133;;jah
1972-06-28;2,87;155;;jah
1972-06-29;2,12;144;;jah
1972-06-30;1,4;132;;jah
1972-07-01;1,35;131;;jah
1972-07-02;1,2;128;;jah
1972-07-03;1,32;131;;jah
1972-07-04;1,18;128;;jah
1972-07-05;1,14;127;;jah
1972-07-06;1,27;130;;jah
1972-07-07;1,26;131;;jah
1972-07-08;2,48;154;;jah
1972-07-09;2,34;152;;jah
1972-07-10;2,12;148;;jah
1972-07-11;2,09;147;;jah
1972-07-12;1,95;145;;jah
1972-07-13;1,73;140;;jah
1972-07-14;1,53;136;;jah
1972-07-15;1,56;137;;jah
1972-07-16;1,42;134;;jah
1972-07-17;1,51;136;;jah
1972-07-18;1,42;134;;jah
1972-07-19;1,28;131;;jah
1972-07-20;1,25;131;;jah
1972-07-21;1,22;130;;jah
1972-07-22;1,38;133;;jah
1972-07-23;0,99;124;;jah
1972-07-24;0,97;124;;jah
1972-07-25;1;125;;jah
1972-07-26;1,06;126;;jah
1972-07-27;1,09;127;;jah
1972-07-28;1,09;127;;jah
1972-07-29;1,29;132;;jah
1972-07-30;1,22;131;;jah
1972-07-31;0,81;120;;jah
1972-08-01;0,97;125;;jah
1972-08-02;0,94;124;;jah
1972-08-03;0,94;124;;jah
1972-08-04;1,06;127;;jah
1972-08-05;1,23;131;;jah
1972-08-06;1,07;128;;jah
1972-08-07;0,89;123;;jah
1972-08-08;0,82;121;;jah
1972-08-09;0,78;120;;jah
1972-08-10;0,6;113;;jah
1972-08-11;0,59;112;;jah
1972-08-12;0,65;115;;jah
1972-08-13;0,74;118;;jah
1972-08-14;0,97;126;;jah
1972-08-15;1,06;129;;jah
1972-08-16;0,87;123;;jah
1972-08-17;0,78;121;;jah
1972-08-18;0,68;117;;jah
1972-08-19;0,64;116;;jah
1972-08-20;0,73;119;;jah
1972-08-21;0,68;117;;jah
1972-08-22;0,72;119;;jah
1972-08-23;0,79;121;;jah
1972-08-24;1,5;139;;jah
1972-08-25;1,3;134;;jah
1972-08-26;1,1;130;;jah
1972-08-27;0,82;122;;jah
1972-08-28;0,76;119;;jah
1972-08-29;0,89;123;;jah
1972-08-30;1,06;127;;jah
1972-08-31;1;125;;jah
1972-09-01;0,97;124;;jah
1972-09-02;0,79;119;;jah
1972-09-03;0,85;121;;jah
1972-09-04;1,05;126;;jah
1972-09-05;1,03;126;;jah
1972-09-06;1,1;127;;jah
1972-09-07;1,04;126;;jah
1972-09-08;0,98;125;;jah
1972-09-09;0,88;122;;jah
1972-09-10;0,81;121;;jah
1972-09-11;0,61;113;;jah
1972-09-12;0,75;120;;jah
1972-09-13;0,61;114;;jah
1972-09-14;0,76;121;;jah
1972-09-15;0,89;125;;jah
1972-09-16;0,79;122;;jah
1972-09-17;0,6;115;;jah
1972-09-18;0,62;116;;jah
1972-09-19;0,79;122;;jah
1972-09-20;0,78;121;;jah
1972-09-21;0,87;123;;jah
1972-09-22;0,88;123;;jah
1972-09-23;0,9;123;;jah
1972-09-24;0,9;122;;jah
1972-09-25;1,02;125;;jah
1972-09-26;0,94;122;;jah
1972-09-27;0,95;122;;jah
1972-09-28;0,97;122;;jah
1972-09-29;0,95;121;;jah
1972-09-30;0,95;121;;jah
1972-10-01;0,87;118;;jah
1972-10-02;0,83;117;;jah
1972-10-03;1,09;124;;jah
1972-10-04;1,05;124;;jah
1972-10-05;0,84;118;;jah
1972-10-06;0,84;118;;jah
1972-10-07;0,85;119;;jah
1972-10-08;0,8;118;;jah
1972-10-09;0,92;121;;jah
1972-10-10;1,08;126;;jah
1972-10-11;0,9;121;;jah
1972-10-12;0,85;120;;jah
1972-10-13;0,84;120;;jah
1972-10-14;0,84;120;;jah
1972-10-15;0,91;122;;jah
1972-10-16;1,08;126;;jah
1972-10-17;1,19;129;;jah
1972-10-18;1;124;;jah
1972-10-19;0,92;122;;jah
1972-10-20;0,9;121;;jah
1972-10-21;0,91;121;;jah
1972-10-22;0,92;121;;jah
1972-10-23;1,08;125;;jah
1972-10-24;1,1;124;;jah
1972-10-25;0,9;120;;jah
1972-10-26;0,9;120;;jah
1972-10-27;0,92;120;;jah
1972-10-28;1,01;122;;jah
1972-10-29;1,02;122;;jah
1972-10-30;1,07;123;;jah
1972-10-31;1,08;124;;jah
1972-11-01;1;122;;jah
1972-11-02;1,01;122;;jah
1972-11-03;1,44;132;;jah
1972-11-04;2,48;151;;jah
1972-11-05;1,66;137;;jah
1972-11-06;1,51;134;;jah
1972-11-07;1,54;134;;jah
1972-11-08;1,59;136;;jah
1972-11-09;1,57;135;;jah
1972-11-10;1,52;134;;jah
1972-11-11;1,52;134;;jah
1972-11-12;1,74;138;;jah
1972-11-13;2,07;144;;jah
1972-11-14;2,04;144;;jah
1972-11-15;3,44;167;;jah
1972-11-16;2,33;149;;jah
1972-11-17;2,19;146;;jah
1972-11-18;2,02;143;;jah
1972-11-19;1,83;140;;jah
1972-11-20;1,92;141;;jah
1972-11-21;1,76;138;;jah
1972-11-22;1,67;135;;jah
1972-11-23;1,67;135;;jah
1972-11-24;1,7;134;;jah
1972-11-25;1,73;134;;jah
1972-11-26;1,62;132;;jah
1972-11-27;1,6;132;;jah
1972-11-28;1,46;129;;jah
1972-11-29;1,56;132;;jah
1972-11-30;2,27;144;;jah
1972-12-01;3,43;163;;jah
1972-12-02;5,01;192;;jah
1972-12-03;4,36;181;;jah
1972-12-04;3,87;173;;jah
1972-12-05;3,91;173;;jah
1972-12-06;3,29;163;;jah
1972-12-07;3,02;159;;jah
1972-12-08;2,82;155;;jah
1972-12-09;2,88;156;;jah
1972-12-10;2,65;152;;jah
1972-12-11;2,6;152;;jah
1972-12-12;2,62;151;;jah
1972-12-13;2,73;153;;jah
1972-12-14;2,96;157;;jah
1972-12-15;3,39;163;;jah
1972-12-16;3,23;160;;jah
1972-12-17;3,01;157;;jah
1972-12-18;2,89;155;;jah
1972-12-19;2,59;150;;jah
1972-12-20;2,13;143;;jah
1972-12-21;2,28;145;;jah
1972-12-22;2,69;151;;jah
1972-12-23;2,95;155;;jah
1972-12-24;2,69;151;;jah
1972-12-25;2,12;142;;jah
1972-12-26;1,74;135;;jah
1972-12-27;1,79;136;;jah
1972-12-28;1,61;133;;jah
1972-12-29;1,36;128;;jah
1972-12-30;1,21;125;;jah
1972-12-31;1,14;123;;jah
1973-01-01;1,15;123;;jah
1973-01-02;1,14;122;;jah
1973-01-03;1,09;121;;jah
1973-01-04;1,21;122;;jah
1973-01-05;1,25;123;;jah
1973-01-06;1,23;122;;jah
1973-01-07;1,23;122;;jah
1973-01-08;1,31;124;;jah
1973-01-09;1,19;121;;jah
1973-01-10;1,11;120;;jah
1973-01-11;1,2;122;;jah
1973-01-12;1,07;119;;jah
1973-01-13;1,06;119;;jah
1973-01-14;1,05;119;;jah
1973-01-15;1,09;121;;jah
1973-01-16;1,25;125;;jah
1973-01-17;1;120;;jah
1973-01-18;1;120;;jah
1973-01-19;0,99;120;;jah
1973-01-20;0,99;120;;jah
1973-01-21;0,99;120;;jah
1973-01-22;1,07;122;;jah
1973-01-23;1,07;122;;jah
1973-01-24;1,02;121;;jah
1973-01-25;0,99;120;;jah
1973-01-26;0,99;120;;jah
1973-01-27;0,96;119;;jah
1973-01-28;0,96;119;;jah
1973-01-29;0,96;119;;jah
1973-01-30;0,97;119;;jah
1973-01-31;0,95;119;;jah
1973-02-01;0,93;118;;jah
1973-02-02;0,93;118;;jah
1973-02-03;0,93;118;;jah
1973-02-04;0,93;118;;jah
1973-02-05;0,97;119;;jah
1973-02-06;1,17;124;;jah
1973-02-07;1,44;130;;jah
1973-02-08;1,84;137;;jah
1973-02-09;1,81;136;;jah
1973-02-10;1,4;129;;jah
1973-02-11;1,59;132;;jah
1973-02-12;1,2;125;;jah
1973-02-13;1,06;121;;jah
1973-02-14;1,1;122;;jah
1973-02-15;1,13;123;;jah
1973-02-16;1,09;122;;jah
1973-02-17;1,09;122;;jah
1973-02-18;1,2;125;;jah
1973-02-19;1,11;122;;jah
1973-02-20;0,98;120;;jah
1973-02-21;0,97;120;;jah
1973-02-22;1,09;123;;jah
1973-02-23;1,19;126;;jah
1973-02-24;1,3;129;;jah
1973-02-25;1,25;128;;jah
1973-02-26;0,99;122;;jah
1973-02-27;0,99;121;;jah
1973-02-28;0,98;121;;jah
1973-03-01;1,03;122;;jah
1973-03-02;1,04;122;;jah
1973-03-03;1,08;122;;jah
1973-03-04;1,08;121;;jah
1973-03-05;1,06;120;;jah
1973-03-06;1,1;121;;jah
1973-03-07;1,08;120;;jah
1973-03-08;1,07;120;;jah
1973-03-09;1,04;118;;jah
1973-03-10;1,02;118;;jah
1973-03-11;0,99;117;;jah
1973-03-12;0,96;117;;jah
1973-03-13;0,97;117;;jah
1973-03-14;1,13;122;;jah
1973-03-15;1,45;129;;jah
1973-03-16;1,84;136;;jah
1973-03-17;2,06;140;;jah
1973-03-18;1,92;138;;jah
1973-03-19;1,54;132;;jah
1973-03-20;1,22;127;;jah
1973-03-21;1,13;125;;jah
1973-03-22;1,13;125;;jah
1973-03-23;1,78;138;;jah
1973-03-24;4,4;177;;jah
1973-03-25;4,86;185;;jah
1973-03-26;5,07;188;;jah
1973-03-27;4,57;181;;jah
1973-03-28;4,07;174;;jah
1973-03-29;3,7;169;;jah
1973-03-30;3,51;166;;jah
1973-03-31;3,51;166;;jah
1973-04-01;3,15;161;;jah
1973-04-02;2,6;152;;jah
1973-04-03;2,73;154;;jah
1973-04-04;2,92;157;;jah
1973-04-05;2,79;155;;jah
1973-04-06;2,79;155;;jah
1973-04-07;2,79;155;;jah
1973-04-08;2,54;151;;jah
1973-04-09;2,54;151;;jah
1973-04-10;2,54;151;;jah
1973-04-11;2,66;153;;jah
1973-04-12;2,98;158;;jah
1973-04-13;3,31;163;;jah
1973-04-14;3,44;165;;jah
1973-04-15;3,31;163;;jah
1973-04-16;2,92;157;;jah
1973-04-17;2,3;147;;jah
1973-04-18;2,12;144;;jah
1973-04-19;2,3;147;;jah
1973-04-20;2,3;147;;jah
1973-04-21;2,3;147;;jah
1973-04-22;2,18;145;;jah
1973-04-23;2,18;145;;jah
1973-04-24;2,12;144;;jah
1973-04-25;2,01;142;;jah
1973-04-26;1,89;140;;jah
1973-04-27;1,78;138;;jah
1973-04-28;1,73;137;;jah
1973-04-29;1,73;137;;jah
1973-04-30;1,51;133;;jah
1973-05-01;1,51;133;;jah
1973-05-02;1,67;136;;jah
1973-05-03;1,78;138;;jah
1973-05-04;1,84;139;;jah
1973-05-05;1,73;137;;jah
1973-05-06;1,67;136;;jah
1973-05-07;1,84;139;;jah
1973-05-08;1,89;140;;jah
1973-05-09;1,89;140;;jah
1973-05-10;1,84;139;;jah
1973-05-11;1,78;138;;jah
1973-05-12;1,56;134;;jah
1973-05-13;1,62;135;;jah
1973-05-14;1,78;138;;jah
1973-05-15;2,07;143;;jah
1973-05-16;2,92;157;;jah
1973-05-17;6,66;210;;jah
1973-05-18;6,89;213;;jah
1973-05-19;8,56;227;;jah
1973-05-20;7,44;220;;jah
1973-05-21;6,44;207;;jah
1973-05-22;5,94;200;;jah
1973-05-23;4,86;185;;jah
1973-05-24;3,51;166;;jah
1973-05-25;4,57;181;;jah
1973-05-26;4,93;186;;jah
1973-05-27;4,22;176;;jah
1973-05-28;3,04;159;;jah
1973-05-29;2,48;150;;jah
1973-05-30;2,18;145;;jah
1973-05-31;1,62;135;;jah
1973-06-01;1,94;141;;jah
1973-06-02;1,4;131;;jah
1973-06-03;1,62;135;;jah
1973-06-04;1,67;136;;jah
1973-06-05;1,62;135;;jah
1973-06-06;1,46;132;;jah
1973-06-07;1,4;131;;jah
1973-06-08;1,56;134;;jah
1973-06-09;1,22;127;;jah
1973-06-10;1,67;136;;jah
1973-06-11;1,62;135;;jah
1973-06-12;1,35;130;;jah
1973-06-13;1,56;134;;jah
1973-06-14;1,4;131;;jah
1973-06-15;1,3;129;;jah
1973-06-16;1,61;133;;jah
1973-06-17;1,39;130;;jah
1973-06-18;1,53;132;;jah
1973-06-19;1,6;134;;jah
1973-06-20;1,6;134;;jah
1973-06-21;1,52;132;;jah
1973-06-22;1,47;132;;jah
1973-06-23;1,43;131;;jah
1973-06-24;1,34;130;;jah
1973-06-25;1,16;126;;jah
1973-06-26;1,08;124;;jah
1973-06-27;1,16;126;;jah
1973-06-28;1,07;124;;jah
1973-06-29;0,86;119;;jah
1973-06-30;0,73;114;;jah
1973-07-01;0,86;119;;jah
1973-07-02;1,06;124;;jah
1973-07-03;0,68;113;;jah
1973-07-04;0,9;121;;jah
1973-07-05;0,8;117;;jah
1973-07-06;0,85;119;;jah
1973-07-07;0,87;120;;jah
1973-07-08;0,87;120;;jah
1973-07-09;0,83;119;;jah
1973-07-10;0,72;115;;jah
1973-07-11;0,74;116;;jah
1973-07-12;0,95;122;;jah
1973-07-13;0,76;117;;jah
1973-07-14;0,83;119;;jah
1973-07-15;0,84;120;;jah
1973-07-16;1,56;136;;jah
1973-07-17;0,81;118;;jah
1973-07-18;1;124;;jah
1973-07-19;0,99;124;;jah
1973-07-20;1,02;125;;jah
1973-07-21;0,72;117;;jah
1973-07-22;0,98;125;;jah
1973-07-23;0,94;124;;jah
1973-07-24;0,93;124;;jah
1973-07-25;0,86;122;;jah
1973-07-26;0,95;126;;jah
1973-07-27;0,97;126;;jah
1973-07-28;0,97;127;;jah
1973-07-29;1;128;;jah
1973-07-30;0,99;128;;jah
1973-07-31;0,97;128;;jah
1973-08-01;0,82;124;;jah
1973-08-02;0,8;123;;jah
1973-08-03;0,86;125;;jah
1973-08-04;1,05;131;;jah
1973-08-05;0,97;128;;jah
1973-08-06;0,96;128;;jah
1973-08-07;0,86;125;;jah
1973-08-08;1,2;134;;jah
1973-08-09;1,41;139;;jah
1973-08-10;1,41;138;;jah
1973-08-11;1,32;136;;jah
1973-08-12;1,35;136;;jah
1973-08-13;1,32;136;;jah
1973-08-14;1,23;134;;jah
1973-08-15;1,07;129;;jah
1973-08-16;0,98;127;;jah
1973-08-17;0,96;126;;jah
1973-08-18;1;127;;jah
1973-08-19;1,01;127;;jah
1973-08-20;0,84;122;;jah
1973-08-21;0,94;125;;jah
1973-08-22;0,98;126;;jah
1973-08-23;0,8;121;;jah
1973-08-24;0,82;121;;jah
1973-08-25;0,88;123;;jah
1973-08-26;0,89;123;;jah
1973-08-27;0,93;124;;jah
1973-08-28;0,78;120;;jah
1973-08-29;0,78;120;;jah
1973-08-30;0,75;119;;jah
1973-08-31;0,79;120;;jah
1973-09-01;0,65;115;;jah
1973-09-02;0,74;118;;jah
1973-09-03;1,16;130;;jah
1973-09-04;1,19;131;;jah
1973-09-05;1,17;130;;jah
1973-09-06;1,05;127;;jah
1973-09-07;0,91;123;;jah
1973-09-08;0,61;113;;jah
1973-09-09;0,52;108;;jah
1973-09-10;0,99;125;;jah
1973-09-11;1,15;130;;jah
1973-09-12;1,16;130;;jah
1973-09-13;1,12;129;;jah
1973-09-14;1,13;129;;jah
1973-09-15;1,11;128;;jah
1973-09-16;1,07;127;;jah
1973-09-17;1,16;130;;jah
1973-09-18;1,11;128;;jah
1973-09-19;1,07;127;;jah
1973-09-20;1,08;127;;jah
1973-09-21;1,05;126;;jah
1973-09-22;1,05;126;;jah
1973-09-23;1,06;126;;jah
1973-09-24;1,06;126;;jah
1973-09-25;1;124;;jah
1973-09-26;0,94;123;;jah
1973-09-27;0,96;123;;jah
1973-09-28;1,01;124;;jah
1973-09-29;1,05;125;;jah
1973-09-30;0,95;122;;jah
1973-10-01;1,06;125;;jah
1973-10-02;1,16;128;;jah
1973-10-03;1,1;126;;jah
1973-10-04;1,26;130;;jah
1973-10-05;1,23;130;;jah
1973-10-06;1,35;132;;jah
1973-10-07;1,58;137;;jah
1973-10-08;1,49;135;;jah
1973-10-09;1,34;132;;jah
1973-10-10;1,43;133;;jah
1973-10-11;1,76;140;;jah
1973-10-12;1,74;139;;jah
1973-10-13;1,65;138;;jah
1973-10-14;1,44;134;;jah
1973-10-15;1,37;132;;jah
1973-10-16;1,36;132;;jah
1973-10-17;1,47;134;;jah
1973-10-18;1,58;137;;jah
1973-10-19;1,72;140;;jah
1973-10-20;1,75;140;;jah
1973-10-21;2,32;152;;jah
1973-10-22;2,07;147;;jah
1973-10-23;1,62;139;;jah
1973-10-24;1,37;134;;jah
1973-10-25;1,26;131;;jah
1973-10-26;1,42;134;;jah
1973-10-27;1,84;143;;jah
1973-10-28;2,18;150;;jah
1973-10-29;2,34;153;;jah
1973-10-30;2,15;148;;jah
1973-10-31;1,62;138;;jah
1973-11-01;1,81;142;;jah
1973-11-02;1,68;139;;jah
1973-11-03;1,62;138;;jah
1973-11-04;1,49;135;;jah
1973-11-05;1,63;138;;jah
1973-11-06;1,51;136;;jah
1973-11-07;1,51;136;;jah
1973-11-08;1,64;138;;jah
1973-11-09;1,78;141;;jah
1973-11-10;1,67;138;;jah
1973-11-11;1,19;128;;jah
1973-11-12;2,62;155;;jah
1973-11-13;2,6;154;;jah
1973-11-14;2,51;152;;jah
1973-11-15;2,58;152;;jah
1973-11-16;2,22;145;;jah
1973-11-17;2,04;141;;jah
1973-11-18;2,01;140;;jah
1973-11-19;1,78;136;;jah
1973-11-20;1,17;123;;jah
1973-11-21;1,55;131;;jah
1973-11-22;1,53;131;;jah
1973-11-23;3,55;169;;jah
1973-11-24;5,9;214;;jah
1973-11-25;7,03;221;;jah
1973-11-26;5,91;214;;jah
1973-11-27;4,44;200;;jah
1973-11-28;3,35;187;;jah
1973-11-29;2,93;168;;jah
1973-11-30;2,43;155;;jah
1973-12-01;2,69;162;;jah
1973-12-02;2,33;156;;jah
1973-12-03;2,61;160;;jah
1973-12-04;1,96;147;;jah
1973-12-05;2,04;148;;jah
1973-12-06;2,06;148;;jah
1973-12-07;1,8;143;;jah
1973-12-08;1,91;145;;jah
1973-12-09;1,91;145;;jah
1973-12-10;1,84;144;;jah
1973-12-11;1,82;144;;jah
1973-12-12;1,74;142;;jah
1973-12-13;1,79;143;;jah
1973-12-14;1,6;139;;jah
1973-12-15;1,7;141;;jah
1973-12-16;1,5;137;;jah
1973-12-17;1,68;141;;jah
1973-12-18;1,47;136;;jah
1973-12-19;1,48;137;;jah
1973-12-20;1,49;136;;jah
1973-12-21;1,48;136;;jah
1973-12-22;1,49;135;;jah
1973-12-23;1,47;134;;jah
1973-12-24;1,44;133;;jah
1973-12-25;1,53;134;;jah
1973-12-26;1,66;136;;jah
1973-12-27;1,64;135;;jah
1973-12-28;2,08;144;;jah
1973-12-29;2,72;155;;jah
1973-12-30;3,13;163;;jah
1973-12-31;4,15;179;;jah
1974-01-01;5,14;194;;jah
1974-01-02;4,94;191;;jah
1974-01-03;4,31;182;;jah
1974-01-04;4,1;179;;jah
1974-01-05;3,29;166;;jah
1974-01-06;2,88;159;;jah
1974-01-07;2,78;157;;jah
1974-01-08;2,56;153;;jah
1974-01-09;2,5;166;;jah
1974-01-10;2;157;;jah
1974-01-11;1,68;152;;jah
1974-01-12;1,55;149;;jah
1974-01-13;1,14;140;;jah
1974-01-14;1,07;138;;jah
1974-01-15;1,07;138;;jah
1974-01-16;0,9;134;;jah
1974-01-17;1;135;;jah
1974-01-18;1,7;139;;jah
1974-01-19;1,5;135;;jah
1974-01-20;1,5;135;;jah
1974-01-21;1,5;135;;jah
1974-01-22;1,55;136;;jah
1974-01-23;1,39;132;;jah
1974-01-24;1,39;132;;jah
1974-01-25;1,39;132;;jah
1974-01-26;1,36;131;;jah
1974-01-27;1,36;131;;jah
1974-01-28;1,34;130;;jah
1974-01-29;1,26;128;;jah
1974-01-30;1,17;125;;jah
1974-01-31;1,1;122;;jah
1974-02-01;1,06;119;;jah
1974-02-02;1,1;121;;jah
1974-02-03;1,19;124;;jah
1974-02-04;1,33;127;;jah
1974-02-05;1,38;128;;jah
1974-02-06;1,29;126;;jah
1974-02-07;1,38;128;;jah
1974-02-08;1,5;130;;jah
1974-02-09;1,55;131;;jah
1974-02-10;1,55;131;;jah
1974-02-11;1,38;128;;jah
1974-02-12;2,45;150;;jah
1974-02-13;2,42;149;;jah
1974-02-14;2,29;147;;jah
1974-02-15;2,35;148;;jah
1974-02-16;2,35;148;;jah
1974-02-17;2,29;147;;jah
1974-02-18;2,35;148;;jah
1974-02-19;2,45;150;;jah
1974-02-20;2,29;147;;jah
1974-02-21;2,14;144;;jah
1974-02-22;2,07;143;;jah
1974-02-23;2,02;142;;jah
1974-02-24;2,02;142;;jah
1974-02-25;1,93;140;;jah
1974-02-26;1,63;133;;jah
1974-02-27;1,3;126;;jah
1974-02-28;1,72;135;;jah
1974-03-01;1,58;132;;jah
1974-03-02;1,58;132;;jah
1974-03-03;1,58;132;;jah
1974-03-04;1,53;131;;jah
1974-03-05;1,43;129;;jah
1974-03-06;1,48;130;;jah
1974-03-07;1,63;133;;jah
1974-03-08;1,42;128;;jah
1974-03-09;1,25;125;;jah
1974-03-10;1,23;124;;jah
1974-03-11;1,23;124;;jah
1974-03-12;1,23;124;;jah
1974-03-13;1,2;122;;jah
1974-03-14;1,2;122;;jah
1974-03-15;1,2;122;;jah
1974-03-16;1,25;124;;jah
1974-03-17;1,27;125;;jah
1974-03-18;1,38;128;;jah
1974-03-19;1,63;133;;jah
1974-03-20;2,02;142;;jah
1974-03-21;2,2;145;;jah
1974-03-22;4,94;191;;jah
1974-03-23;4,15;178;;jah
1974-03-24;3,87;175;;jah
1974-03-25;3,87;175;;jah
1974-03-26;4,15;179;;jah
1974-03-27;4,36;182;;jah
1974-03-28;4,15;179;;jah
1974-03-29;4,15;179;;jah
1974-03-30;4,53;185;;jah
1974-03-31;4,57;186;;jah
1974-04-01;4,59;185;;jah
1974-04-02;4,65;186;;jah
1974-04-03;4,59;185;;jah
1974-04-04;4,59;185;;jah
1974-04-05;4,65;186;;jah
1974-04-06;4,59;185;;jah
1974-04-07;4,47;183;;jah
1974-04-08;4,23;179;;jah
1974-04-09;4,2;178;;jah
1974-04-10;4,47;183;;jah
1974-04-11;4,2;178;;jah
1974-04-12;3,32;162;;jah
1974-04-13;3,36;163;;jah
1974-04-14;2,83;154;;jah
1974-04-15;2,36;144;;jah
1974-04-16;2,56;147;;jah
1974-04-17;2,49;146;;jah
1974-04-18;2,36;144;;jah
1974-04-19;2,3;143;;jah
1974-04-20;2,1;140;;jah
1974-04-21;1,92;137;;jah
1974-04-22;1,92;137;;jah
1974-04-23;2,1;140;;jah
1974-04-24;2,1;140;;jah
1974-04-25;1,8;135;;jah
1974-04-26;1,56;131;;jah
1974-04-27;1,62;132;;jah
1974-04-28;1,62;132;;jah
1974-04-29;1,74;134;;jah
1974-04-30;1,74;134;;jah
1974-05-01;1,5;130;;jah
1974-05-02;1,45;129;;jah
1974-05-03;1,5;130;;jah
1974-05-04;1,5;130;;jah
1974-05-05;1,62;132;;jah
1974-05-06;1,8;135;;jah
1974-05-07;2,16;141;;jah
1974-05-08;2,62;148;;jah
1974-05-09;2,75;150;;jah
1974-05-10;2,82;151;;jah
1974-05-11;2,49;146;;jah
1974-05-12;2,42;145;;jah
1974-05-13;2,42;145;;jah
1974-05-14;2,23;142;;jah
1974-05-15;1,98;138;;jah
1974-05-16;1,86;136;;jah
1974-05-17;1,8;135;;jah
1974-05-18;1,68;133;;jah
1974-05-19;1,68;133;;jah
1974-05-20;1,45;129;;jah
1974-05-21;1,36;127;;jah
1974-05-22;1,02;120;;jah
1974-05-23;1,12;122;;jah
1974-05-24;1,31;126;;jah
1974-05-25;1,31;126;;jah
1974-05-26;1,26;125;;jah
1974-05-27;1,16;123;;jah
1974-05-28;1,26;125;;jah
1974-05-29;1,21;124;;jah
1974-05-30;1,26;125;;jah
1974-05-31;1,26;125;;jah
1974-06-01;1,31;126;;jah
1974-06-02;1,26;125;;jah
1974-06-03;1,26;125;;jah
1974-06-04;1,31;126;;jah
1974-06-05;1,26;125;;jah
1974-06-06;1,07;123;;jah
1974-06-07;0,98;121;;jah
1974-06-08;0,94;120;;jah
1974-06-09;0,9;119;;jah
1974-06-10;0,9;119;;jah
1974-06-11;0,93;120;;jah
1974-06-12;1,02;122;;jah
1974-06-13;1,1;124;;jah
1974-06-14;1,09;124;;jah
1974-06-15;1,09;124;;jah
1974-06-16;1,13;125;;jah
1974-06-17;1,13;125;;jah
1974-06-18;0,89;119;;jah
1974-06-19;0,86;118;;jah
1974-06-20;0,86;118;;jah
1974-06-21;0,86;118;;jah
1974-06-22;0,85;118;;jah
1974-06-23;0,85;118;;jah
1974-06-24;0,87;119;;jah
1974-06-25;0,94;121;;jah
1974-06-26;0,99;122;;jah
1974-06-27;1,02;123;;jah
1974-06-28;1,01;123;;jah
1974-06-29;1,14;126;;jah
1974-06-30;1,17;127;;jah
1974-07-01;1,2;128;;jah
1974-07-02;1,2;128;;jah
1974-07-03;1,96;143;;jah
1974-07-04;1,41;133;;jah
1974-07-05;1,1;126;;jah
1974-07-06;1;124;;jah
1974-07-07;0,88;121;;jah
1974-07-08;0,88;121;;jah
1974-07-09;0,94;123;;jah
1974-07-10;0,97;124;;jah
1974-07-11;1,12;128;;jah
1974-07-12;1,17;130;;jah
1974-07-13;1,31;133;;jah
1974-07-14;1,62;140;;jah
1974-07-15;1,99;148;;jah
1974-07-16;1,64;141;;jah
1974-07-17;1,17;131;;jah
1974-07-18;1,04;128;;jah
1974-07-19;1,31;135;;jah
1974-07-20;1,14;131;;jah
1974-07-21;0,98;127;;jah
1974-07-22;0,97;127;;jah
1974-07-23;1,26;135;;jah
1974-07-24;0,49;110;;jah
1974-07-25;0,69;119;;jah
1974-07-26;0,97;128;;jah
1974-07-27;0,95;128;;jah
1974-07-28;0,92;127;;jah
1974-07-29;0,89;126;;jah
1974-07-30;1,02;130;;jah
1974-07-31;1,17;134;;jah
1974-08-01;1,25;136;;jah
1974-08-02;1,09;132;;jah
1974-08-03;1,43;140;;jah
1974-08-04;1,59;143;;jah
1974-08-05;1,83;148;;jah
1974-08-06;2,32;158;;jah
1974-08-07;1,97;151;;jah
1974-08-08;1,97;151;;jah
1974-08-09;2,07;153;;jah
1974-08-10;2,12;154;;jah
1974-08-11;2,07;153;;jah
1974-08-12;1,85;149;;jah
1974-08-13;1,81;148;;jah
1974-08-14;1,76;148;;jah
1974-08-15;1,69;147;;jah
1974-08-16;1,59;146;;jah
1974-08-17;1,46;144;;jah
1974-08-18;1,3;141;;jah
1974-08-19;1,22;140;;jah
1974-08-20;1,14;139;;jah
1974-08-21;1,07;138;;jah
1974-08-22;0,99;136;;jah
1974-08-23;0,89;134;;jah
1974-08-24;0,8;131;;jah
1974-08-25;0,83;132;;jah
1974-08-26;0,8;131;;jah
1974-08-27;0,8;131;;jah
1974-08-28;0,83;132;;jah
1974-08-29;0,86;133;;jah
1974-08-30;0,83;132;;jah
1974-08-31;0,76;130;;jah
1974-09-01;0,71;128;;jah
1974-09-02;0,68;126;;jah
1974-09-03;0,68;126;;jah
1974-09-04;0,75;129;;jah
1974-09-05;0,78;130;;jah
1974-09-06;0,73;128;;jah
1974-09-07;0,68;126;;jah
1974-09-08;0,71;127;;jah
1974-09-09;0,68;126;;jah
1974-09-10;0,72;127;;jah
1974-09-11;0,74;128;;jah
1974-09-12;0,74;128;;jah
1974-09-13;0,78;129;;jah
1974-09-14;0,82;130;;jah
1974-09-15;0,81;129;;jah
1974-09-16;0,83;129;;jah
1974-09-17;0,81;128;;jah
1974-09-18;1,3;141;;jah
1974-09-19;1,32;141;;jah
1974-09-20;0,97;131;;jah
1974-09-21;1,04;132;;jah
1974-09-22;0,88;127;;jah
1974-09-23;0,71;121;;jah
1974-09-24;0,5;111;;jah
1974-09-25;0,52;112;;jah
1974-09-26;0,6;115;;jah
1974-09-27;0,82;123;;jah
1974-09-28;1,08;130;;jah
1974-09-29;1,56;141;;jah
1974-09-30;2,52;160;;jah
1974-10-01;2,66;162;;jah
1974-10-02;2,14;152;;jah
1974-10-03;2,17;152;;jah
1974-10-04;2,2;152;;jah
1974-10-05;2,36;155;;jah
1974-10-06;2,36;155;;jah
1974-10-07;2,57;159;;jah
1974-10-08;2,74;162;;jah
1974-10-09;2,62;160;;jah
1974-10-10;2,96;166;;jah
1974-10-11;2,96;166;;jah
1974-10-12;3,31;172;;jah
1974-10-13;3,37;173;;jah
1974-10-14;3,5;175;;jah
1974-10-15;3,19;170;;jah
1974-10-16;2,96;166;;jah
1974-10-17;2,74;162;;jah
1974-10-18;2,62;160;;jah
1974-10-19;2,36;155;;jah
1974-10-20;2,36;155;;jah
1974-10-21;2,04;149;;jah
1974-10-22;1,89;146;;jah
1974-10-23;1,95;147;;jah
1974-10-24;1,64;141;;jah
1974-10-25;1,95;147;;jah
1974-10-26;2,09;150;;jah
1974-10-27;2,04;149;;jah
1974-10-28;2,09;150;;jah
1974-10-29;2,09;150;;jah
1974-10-30;2,3;154;;jah
1974-10-31;2,46;157;;jah
1974-11-01;2,9;165;;jah
1974-11-02;3,37;173;;jah
1974-11-03;3,56;176;;jah
1974-11-04;3,25;171;;jah
1974-11-05;2,8;163;;jah
1974-11-06;2,62;160;;jah
1974-11-07;2,46;157;;jah
1974-11-08;2,14;151;;jah
1974-11-09;2,09;150;;jah
1974-11-10;1,84;145;;jah
1974-11-11;1,89;146;;jah
1974-11-12;2,36;155;;jah
1974-11-13;2,58;159;;jah
1974-11-14;3,37;173;;jah
1974-11-15;3,37;173;;jah
1974-11-16;3,13;169;;jah
1974-11-17;3,19;170;;jah
1974-11-18;2,96;166;;jah
1974-11-19;2,85;164;;jah
1974-11-20;2,68;161;;jah
1974-11-21;3,44;176;;jah
1974-11-22;4,85;200;;jah
1974-11-23;5,43;208;;jah
1974-11-24;5,43;208;;jah
1974-11-25;4,43;194;;jah
1974-11-26;3,57;179;;jah
1974-11-27;3,07;169;;jah
1974-11-28;2,86;165;;jah
1974-11-29;2,58;159;;jah
1974-11-30;2,11;151;;jah
1974-12-01;2,05;148;;jah
1974-12-02;2,15;151;;jah
1974-12-03;2,15;151;;jah
1974-12-04;2,05;148;;jah
1974-12-05;2,16;152;;jah
1974-12-06;2,85;163;;jah
1974-12-07;3,37;173;;jah
1974-12-08;4,23;182;;jah
1974-12-09;3,95;179;;jah
1974-12-10;3,29;170;;jah
1974-12-11;3,5;173;;jah
1974-12-12;4,05;180;;jah
1974-12-13;4,41;184;;jah
1974-12-14;4,23;182;;jah
1974-12-15;3,23;169;;jah
1974-12-16;2,81;163;;jah
1974-12-17;2,61;159;;jah
1974-12-18;2,42;155;;jah
1974-12-19;2,33;154;;jah
1974-12-20;2,2;152;;jah
1974-12-21;2,08;149;;jah
1974-12-22;2,25;153;;jah
1974-12-23;4,23;191;;jah
1974-12-24;7,67;234;;jah
1974-12-25;7,3;230;;jah
1974-12-26;6,25;218;;jah
1974-12-27;6,15;212;;jah
1974-12-28;6,13;209;;jah
1974-12-29;6,13;205;;jah
1974-12-30;5,4;198;;jah
1974-12-31;4;182;;jah
1975-01-01;4,14;175;;jah
1975-01-02;3,63;166;;jah
1975-01-03;3,56;165;;jah
1975-01-04;3,91;171;;jah
1975-01-05;4,38;179;;jah
1975-01-06;4,5;181;;jah
1975-01-07;4,95;188;;jah
1975-01-08;4,88;187;;jah
1975-01-09;4,5;181;;jah
1975-01-10;3,97;172;;jah
1975-01-11;3,45;163;;jah
1975-01-12;3,63;166;;jah
1975-01-13;3,4;162;;jah
1975-01-14;3,45;163;;jah
1975-01-15;4,14;175;;jah
1975-01-16;4,81;186;;jah
1975-01-17;4,95;188;;jah
1975-01-18;4,95;188;;jah
1975-01-19;4,64;183;;jah
1975-01-20;4,5;181;;jah
1975-01-21;4,38;179;;jah
1975-01-22;4,25;177;;jah
1975-01-23;4,38;179;;jah
1975-01-24;4,08;174;;jah
1975-01-25;3,97;172;;jah
1975-01-26;4,75;185;;jah
1975-01-27;5,55;197;;jah
1975-01-28;5,48;196;;jah
1975-01-29;4,81;186;;jah
1975-01-30;3,91;171;;jah
1975-01-31;3,28;160;;jah
1975-02-01;3,17;156;;jah
1975-02-02;2,96;153;;jah
1975-02-03;2,62;148;;jah
1975-02-04;2,49;146;;jah
1975-02-05;2,62;148;;jah
1975-02-06;2,56;147;;jah
1975-02-07;2,36;144;;jah
1975-02-08;2,36;144;;jah
1975-02-09;1,98;138;;jah
1975-02-10;2,16;141;;jah
1975-02-11;2,16;141;;jah
1975-02-12;2,3;143;;jah
1975-02-13;1,5;130;;jah
1975-02-14;1,86;136;;jah
1975-02-15;1,92;137;;jah
1975-02-16;1,8;135;;jah
1975-02-17;1,74;134;;jah
1975-02-18;1,8;135;;jah
1975-02-19;1,68;133;;jah
1975-02-20;1,68;133;;jah
1975-02-21;1,62;132;;jah
1975-02-22;1,56;131;;jah
1975-02-23;1,62;132;;jah
1975-02-24;1,56;131;;jah
1975-02-25;1,56;131;;jah
1975-02-26;1,5;130;;jah
1975-02-27;1,5;130;;jah
1975-02-28;1,5;130;;jah
1975-03-01;1,5;130;;jah
1975-03-02;1,45;129;;jah
1975-03-03;1,31;126;;jah
1975-03-04;1,36;127;;jah
1975-03-05;1,56;131;;jah
1975-03-06;1,62;132;;jah
1975-03-07;1,8;135;;jah
1975-03-08;2,96;153;;jah
1975-03-09;3,75;164;;jah
1975-03-10;4,52;174;;jah
1975-03-11;4,52;174;;jah
1975-03-12;4,28;171;;jah
1975-03-13;3,75;164;;jah
1975-03-14;3,03;154;;jah
1975-03-15;2,68;149;;jah
1975-03-16;2,75;150;;jah
1975-03-17;2,36;144;;jah
1975-03-18;2,36;144;;jah
1975-03-19;2,42;145;;jah
1975-03-20;2,49;146;;jah
1975-03-21;2,42;145;;jah
1975-03-22;2,36;144;;jah
1975-03-23;2,36;144;;jah
1975-03-24;2,16;141;;jah
1975-03-25;1,98;138;;jah
1975-03-26;2,16;141;;jah
1975-03-27;2,16;141;;jah
1975-03-28;1,98;138;;jah
1975-03-29;1,92;137;;jah
1975-03-30;2,04;139;;jah
1975-03-31;2,49;146;;jah
1975-04-01;2,49;146;;jah
1975-04-02;2,49;146;;jah
1975-04-03;2,49;146;;jah
1975-04-04;2,68;149;;jah
1975-04-05;2,62;148;;jah
1975-04-06;2,68;149;;jah
1975-04-07;2,62;148;;jah
1975-04-08;2,49;146;;jah
1975-04-09;2,68;149;;jah
1975-04-10;2,62;148;;jah
1975-04-11;2,42;145;;jah
1975-04-12;2,68;149;;jah
1975-04-13;2,97;158;;jah
1975-04-14;3,14;160;;jah
1975-04-15;3,75;167;;jah
1975-04-16;3,66;166;;jah
1975-04-17;3,23;161;;jah
1975-04-18;3,31;162;;jah
1975-04-19;3,57;165;;jah
1975-04-20;2,28;148;;jah
1975-04-21;2,22;147;;jah
1975-04-22;2,16;146;;jah
1975-04-23;2,28;148;;jah
1975-04-24;2,05;144;;jah
1975-04-25;2,16;146;;jah
1975-04-26;2,66;154;;jah
1975-04-27;3,48;164;;jah
1975-04-28;3,94;169;;jah
1975-04-29;3,57;165;;jah
1975-04-30;2,72;155;;jah
1975-05-01;2,16;146;;jah
1975-05-02;1,92;141;;jah
1975-05-03;1,87;140;;jah
1975-05-04;1,83;139;;jah
1975-05-05;1,7;136;;jah
1975-05-06;1,58;133;;jah
1975-05-07;1,45;130;;jah
1975-05-08;1,45;130;;jah
1975-05-09;1,31;126;;jah
1975-05-10;1,35;127;;jah
1975-05-11;1,42;129;;jah
1975-05-12;1,49;131;;jah
1975-05-13;1,42;129;;jah
1975-05-14;1,31;126;;jah
1975-05-15;1,35;127;;jah
1975-05-16;1,31;126;;jah
1975-05-17;1,53;132;;jah
1975-05-18;1,25;124;;jah
1975-05-19;1,21;123;;jah
1975-05-20;1,25;124;;jah
1975-05-21;1,21;123;;jah
1975-05-22;1,28;125;;jah
1975-05-23;1,28;125;;jah
1975-05-24;1,2;125;;jah
1975-05-25;1,24;126;;jah
1975-05-26;1,21;125;;jah
1975-05-27;1,16;124;;jah
1975-05-28;1,11;123;;jah
1975-05-29;1,26;126;;jah
1975-05-30;1,5;131;;jah
1975-05-31;1,39;129;;jah
1975-06-01;1,31;127;;jah
1975-06-02;1,31;127;;jah
1975-06-03;1,26;126;;jah
1975-06-04;1,26;126;;jah
1975-06-05;1,16;124;;jah
1975-06-06;1,16;124;;jah
1975-06-07;1,21;125;;jah
1975-06-08;1,11;123;;jah
1975-06-09;1,03;121;;jah
1975-06-10;1,02;121;;jah
1975-06-11;0,96;120;;jah
1975-06-12;0,86;117;;jah
1975-06-13;0,88;118;;jah
1975-06-14;0,9;119;;jah
1975-06-15;1,04;123;;jah
1975-06-16;0,85;118;;jah
1975-06-17;0,9;120;;jah
1975-06-18;0,89;120;;jah
1975-06-19;0,91;121;;jah
1975-06-20;0,9;121;;jah
1975-06-21;0,96;123;;jah
1975-06-22;0,88;121;;jah
1975-06-23;0,83;120;;jah
1975-06-24;0,9;122;;jah
1975-06-25;0,82;120;;jah
1975-06-26;0,81;120;;jah
1975-06-27;0,79;120;;jah
1975-06-28;0,88;123;;jah
1975-06-29;0,91;124;;jah
1975-06-30;0,75;120;;jah
1975-07-01;0,74;120;;jah
1975-07-02;0,74;120;;jah
1975-07-03;0,77;121;;jah
1975-07-04;0,8;122;;jah
1975-07-05;0,78;122;;jah
1975-07-06;0,78;122;;jah
1975-07-07;0,7;120;;jah
1975-07-08;0,73;121;;jah
1975-07-09;0,76;122;;jah
1975-07-10;0,72;121;;jah
1975-07-11;0,68;120;;jah
1975-07-12;0,67;120;;jah
1975-07-13;0,63;118;;jah
1975-07-14;0,47;111;;jah
1975-07-15;0,62;118;;jah
1975-07-16;0,84;126;;jah
1975-07-17;0,72;122;;jah
1975-07-18;0,62;119;;jah
1975-07-19;0,64;120;;jah
1975-07-20;0,63;123;;jah
1975-07-21;0,63;120;;jah
1975-07-22;0,62;120;;jah
1975-07-23;0,61;120;;jah
1975-07-24;0,82;127;;jah
1975-07-25;0,53;119;;jah
1975-07-26;0,34;109;;jah
1975-07-27;0,61;121;;jah
1975-07-28;0,57;120;;jah
1975-07-29;0,6;121;;jah
1975-07-30;0,62;122;;jah
1975-07-31;0,62;122;;jah
1975-08-01;0,6;122;;jah
1975-08-02;0,6;122;;jah
1975-08-03;0,59;122;;jah
1975-08-04;0,64;124;;jah
1975-08-05;0,67;125;;jah
1975-08-06;0,84;131;;jah
1975-08-07;0,81;130;;jah
1975-08-08;0,73;127;;jah
1975-08-09;0,71;126;;jah
1975-08-10;0,65;124;;jah
1975-08-11;0,65;124;;jah
1975-08-12;0,55;120;;jah
1975-08-13;0,55;120;;jah
1975-08-14;0,68;125;;jah
1975-08-15;0,63;123;;jah
1975-08-16;0,81;130;;jah
1975-08-17;0,59;121;;jah
1975-08-18;0,7;125;;jah
1975-08-19;0,62;122;;jah
1975-08-20;0,49;118;;jah
1975-08-21;0,64;123;;jah
1975-08-22;0,67;124;;jah
1975-08-23;0,74;126;;jah
1975-08-24;0,74;126;;jah
1975-08-25;0,67;124;;jah
1975-08-26;0,78;127;;jah
1975-08-27;0,85;129;;jah
1975-08-28;0,81;128;;jah
1975-08-29;0,67;124;;jah
1975-08-30;1,06;134;;jah
1975-08-31;0,78;121;;jah
1975-09-01;0,62;122;;jah
1975-09-02;0,97;132;;jah
1975-09-03;0,81;128;;jah
1975-09-04;0,49;118;;jah
1975-09-05;0,78;127;;jah
1975-09-06;0,64;123;;jah
1975-09-07;0,67;124;;jah
1975-09-08;1,02;133;;jah
1975-09-09;0,85;129;;jah
1975-09-10;0,51;119;;jah
1975-09-11;0,26;108;;jah
1975-09-12;0,43;116;;jah
1975-09-13;0,38;114;;jah
1975-09-14;0,51;119;;jah
1975-09-15;0,78;127;;jah
1975-09-16;0,38;114;;jah
1975-09-17;0,38;114;;jah
1975-09-18;0,4;115;;jah
1975-09-19;0,36;113;;jah
1975-09-20;0,56;120;;jah
1975-09-21;0,46;117;;jah
1975-09-22;0,46;117;;jah
1975-09-23;0,67;124;;jah
1975-09-24;0,24;107;;jah
1975-09-25;0,39;109;;jah
1975-09-26;0,56;117;;jah
1975-09-27;0,79;124;;jah
1975-09-28;0,82;124;;jah
1975-09-29;0,87;124;;jah
1975-09-30;0,75;119;;jah
1975-10-01;0,37;104;;jah
1975-10-02;0,62;113;;jah
1975-10-03;0,65;114;;jah
1975-10-04;0,72;117;;jah
1975-10-05;0,65;114;;jah
1975-10-06;0,67;115;;jah
1975-10-07;0,8;120;;jah
1975-10-08;0,9;123;;jah
1975-10-09;0,94;124;;jah
1975-10-10;0,94;124;;jah
1975-10-11;0,94;124;;jah
1975-10-12;0,9;123;;jah
1975-10-13;0,94;124;;jah
1975-10-14;1,09;128;;jah
1975-10-15;1,02;126;;jah
1975-10-16;0,75;118;;jah
1975-10-17;0,69;116;;jah
1975-10-18;0,72;117;;jah
1975-10-19;0,77;119;;jah
1975-10-20;0,8;120;;jah
1975-10-21;1,02;126;;jah
1975-10-22;0,9;123;;jah
1975-10-23;0,69;116;;jah
1975-10-24;0,65;114;;jah
1975-10-25;0,65;114;;jah
1975-10-26;0,67;115;;jah
1975-10-27;0,83;121;;jah
1975-10-28;0,75;118;;jah
1975-10-29;0,65;114;;jah
1975-10-30;0,69;116;;jah
1975-10-31;0,34;103;;jah
1975-11-01;0,37;104;;jah
1975-11-02;0,65;114;;jah
1975-11-03;0,75;118;;jah
1975-11-04;0,83;121;;jah
1975-11-05;0,54;109;;jah
1975-11-06;0,57;111;;jah
1975-11-07;0,62;113;;jah
1975-11-08;0,62;113;;jah
1975-11-09;0,59;112;;jah
1975-11-10;0,65;114;;jah
1975-11-11;0,77;119;;jah
1975-11-12;0,69;116;;jah
1975-11-13;0,65;114;;jah
1975-11-14;0,62;113;;jah
1975-11-15;0,59;112;;jah
1975-11-16;0,59;112;;jah
1975-11-17;0,59;112;;jah
1975-11-18;0,65;114;;jah
1975-11-19;0,56;111;;jah
1975-11-20;0,58;112;;jah
1975-11-21;0,59;113;;jah
1975-11-22;0,51;109;;jah
1975-11-23;0,48;108;;jah
1975-11-24;0,56;112;;jah
1975-11-25;0,72;118;;jah
1975-11-26;0,68;116;;jah
1975-11-27;0,71;116;;jah
1975-11-28;0,71;115;;jah
1975-11-29;0,73;115;;jah
1975-11-30;0,72;114;;jah
1975-12-01;0,85;118;;jah
1975-12-02;0,83;117;;jah
1975-12-03;0,81;116;;jah
1975-12-04;0,81;116;;jah
1975-12-05;0,9;119;;jah
1975-12-06;1,04;123;;jah
1975-12-07;1,12;125;;jah
1975-12-08;1,02;123;;jah
1975-12-09;1,1;125;;jah
1975-12-10;0,96;122;;jah
1975-12-11;1,08;125;;jah
1975-12-12;0,88;120;;jah
1975-12-13;0,92;121;;jah
1975-12-14;0,96;122;;jah
1975-12-15;0,88;120;;jah
1975-12-16;0,96;122;;jah
1975-12-17;1,2;128;;jah
1975-12-18;1,44;133;;jah
1975-12-19;1,62;136;;jah
1975-12-20;1,77;139;;jah
1975-12-21;1,57;135;;jah
1975-12-22;1,41;132;;jah
1975-12-23;1,53;134;;jah
1975-12-24;1,58;135;;jah
1975-12-25;1,8;139;;jah
1975-12-26;1,74;138;;jah
1975-12-27;1,91;148;;jah
1975-12-28;1,6;137;;jah
1975-12-29;2,78;168;;jah
1975-12-30;3,47;180;;jah
1975-12-31;3,86;186;;jah
1976-01-01;5,02;200;;jah
1976-01-02;5,41;206;;jah
1976-01-03;4,99;201;;jah
1976-01-04;3,1;184;;jah
1976-01-05;2,81;181;;jah
1976-01-06;1,78;164;;jah
1976-01-07;1,5;152;;jah
1976-01-08;1,32;145;;jah
1976-01-09;1,21;142;;jah
1976-01-10;1,08;133;;jah
1976-01-11;1,1;135;;jah
1976-01-12;1,11;136;;jah
1976-01-13;1,11;136;;jah
1976-01-14;1,1;135;;jah
1976-01-15;1,02;132;;jah
1976-01-16;1;132;;jah
1976-01-17;1;132;;jah
1976-01-18;0,97;131;;jah
1976-01-19;1,08;134;;jah
1976-01-20;1;132;;jah
1976-01-21;0,97;131;;jah
1976-01-22;0,96;130;;jah
1976-01-23;0,98;130;;jah
1976-01-24;0,96;129;;jah
1976-01-25;0,81;124;;jah
1976-01-26;0,89;126;;jah
1976-01-27;0,88;125;;jah
1976-01-28;0,86;124;;jah
1976-01-29;1,02;128;;jah
1976-01-30;0,95;125;;jah
1976-01-31;0,96;125;;jah
1976-02-01;0,94;124;;jah
1976-02-02;1,03;126;;jah
1976-02-03;1,09;127;;jah
1976-02-04;1,05;126;;jah
1976-02-05;1,05;126;;jah
1976-02-06;1,03;126;;jah
1976-02-07;1,07;127;;jah
1976-02-08;1,07;127;;jah
1976-02-09;1,06;127;;jah
1976-02-10;1,06;127;;jah
1976-02-11;1,02;126;;jah
1976-02-12;1,05;127;;jah
1976-02-13;1,05;127;;jah
1976-02-14;1,08;128;;jah
1976-02-15;1,06;128;;jah
1976-02-16;1,1;129;;jah
1976-02-17;1,1;129;;jah
1976-02-18;1,06;128;;jah
1976-02-19;1,02;127;;jah
1976-02-20;0,98;126;;jah
1976-02-21;1,02;127;;jah
1976-02-22;0,97;126;;jah
1976-02-23;0,93;125;;jah
1976-02-24;0,96;126;;jah
1976-02-25;0,96;126;;jah
1976-02-26;1,19;128;;jah
1976-02-27;2,08;150;;jah
1976-02-28;2,4;158;;jah
1976-02-29;1,99;148;;jah
1976-03-01;1,99;148;;jah
1976-03-02;2,53;161;;jah
1976-03-03;2,17;152;;jah
1976-03-04;1,84;144;;jah
1976-03-05;1,6;138;;jah
1976-03-06;1,43;133;;jah
1976-03-07;1,34;131;;jah
1976-03-08;1,28;129;;jah
1976-03-09;1,21;127;;jah
1976-03-10;1,18;126;;jah
1976-03-11;1,1;124;;jah
1976-03-12;1,11;124;;jah
1976-03-13;1,07;123;;jah
1976-03-14;1,04;122;;jah
1976-03-15;1,01;121;;jah
1976-03-16;0,96;120;;jah
1976-03-17;0,97;120;;jah
1976-03-18;0,98;120;;jah
1976-03-19;0,95;119;;jah
1976-03-20;0,95;119;;jah
1976-03-21;0,73;112;;jah
1976-03-22;0,85;116;;jah
1976-03-23;1,11;123;;jah
1976-03-24;0,85;116;;jah
1976-03-25;0,83;115;;jah
1976-03-26;0,88;117;;jah
1976-03-27;0,92;119;;jah
1976-03-28;0,96;121;;jah
1976-03-29;3,46;169;;jah
1976-03-30;8,84;254;;jah
1976-03-31;6,29;221;;jah
1976-04-01;6,4;211;;jah
1976-04-02;6,47;212;;jah
1976-04-03;6,47;218;;jah
1976-04-04;6,85;207;;jah
1976-04-05;6,14;226;;jah
1976-04-06;7,35;287;;jah
1976-04-07;11,2;256;;jah
1976-04-08;9,23;246;;jah
1976-04-09;8,61;221;;jah
1976-04-10;7,04;196;;jah
1976-04-11;5,43;185;;jah
1976-04-12;4,73;188;;jah
1976-04-13;4,93;192;;jah
1976-04-14;5,18;209;;jah
1976-04-15;6,27;217;;jah
1976-04-16;6,79;218;;jah
1976-04-17;6,85;211;;jah
1976-04-18;6,4;199;;jah
1976-04-19;5,62;191;;jah
1976-04-20;5,12;184;;jah
1976-04-21;4,66;168;;jah
1976-04-22;3,64;164;;jah
1976-04-23;3,37;164;;jah
1976-04-24;3,37;170;;jah
1976-04-25;3,77;175;;jah
1976-04-26;4,08;179;;jah
1976-04-27;4,34;176;;jah
1976-04-28;4,15;168;;jah
1976-04-29;3,64;160;;jah
1976-04-30;3,1;;;jah
1976-05-01;2,88;156;;jah
1976-05-02;2,65;152;;jah
1976-05-03;2,43;148;;jah
1976-05-04;2,48;149;;jah
1976-05-05;2,76;154;;jah
1976-05-06;2,99;158;;jah
1976-05-07;3,1;160;;jah
1976-05-08;3,1;160;;jah
1976-05-09;2,99;158;;jah
1976-05-10;2,43;148;;jah
1976-05-11;2,32;146;;jah
1976-05-12;2,15;143;;jah
1976-05-13;2,15;143;;jah
1976-05-14;2,15;143;;jah
1976-05-15;1,88;138;;jah
1976-05-16;1,79;136;;jah
1976-05-17;1,74;135;;jah
1976-05-18;1,6;132;;jah
1976-05-19;1,47;131;;jah
1976-05-20;1,41;130;;jah
1976-05-21;1,36;129;;jah
1976-05-22;1,28;127;;jah
1976-05-23;1,09;123;;jah
1976-05-24;1,28;127;;jah
1976-05-25;1,41;130;;jah
1976-05-26;0,96;120;;jah
1976-05-27;0,96;120;;jah
1976-05-28;1,09;123;;jah
1976-05-29;1,17;125;;jah
1976-05-30;1,22;126;;jah
1976-05-31;1,26;127;;jah
1976-06-01;1,11;124;;jah
1976-06-02;1,21;126;;jah
1976-06-03;1,33;129;;jah
1976-06-04;1,27;128;;jah
1976-06-05;1,24;127;;jah
1976-06-06;1,1;124;;jah
1976-06-07;1,01;122;;jah
1976-06-08;1,13;125;;jah
1976-06-09;1,13;125;;jah
1976-06-10;1,04;123;;jah
1976-06-11;0,79;116;;jah
1976-06-12;0,49;106;;jah
1976-06-13;0,64;111;;jah
1976-06-14;0,84;119;;jah
1976-06-15;1,06;125;;jah
1976-06-16;1,38;133;;jah
1976-06-17;2,1;148;;jah
1976-06-18;3,53;174;;jah
1976-06-19;4,46;188;;jah
1976-06-20;3,49;172;;jah
1976-06-21;3,47;171;;jah
1976-06-22;3,13;165;;jah
1976-06-23;3,75;174;;jah
1976-06-24;2,81;158;;jah
1976-06-25;2,03;144;;jah
1976-06-26;1,88;141;;jah
1976-06-27;1,23;128;;jah
1976-06-28;1,39;131;;jah
1976-06-29;1,46;132;;jah
1976-06-30;1,46;132;;jah
1976-07-01;1,46;132;;jah
1976-07-02;1,4;131;;jah
1976-07-03;1,35;130;;jah
1976-07-04;1,26;128;;jah
1976-07-05;1,18;126;;jah
1976-07-06;1,13;125;;jah
1976-07-07;1,13;125;;jah
1976-07-08;1,12;125;;jah
1976-07-09;1,15;126;;jah
1976-07-10;1,26;129;;jah
1976-07-11;1,25;129;;jah
1976-07-12;1,18;128;;jah
1976-07-13;1,19;129;;jah
1976-07-14;1,17;129;;jah
1976-07-15;1,49;136;;jah
1976-07-16;1,06;127;;jah
1976-07-17;1,03;127;;jah
1976-07-18;0,86;123;;jah
1976-07-19;1,02;128;;jah
1976-07-20;0,96;126;;jah
1976-07-21;0,86;124;;jah
1976-07-22;0,85;124;;jah
1976-07-23;0,57;114;;jah
1976-07-24;0,82;124;;jah
1976-07-25;0,81;124;;jah
1976-07-26;0,67;120;;jah
1976-07-27;0,83;125;;jah
1976-07-28;0,88;127;;jah
1976-07-29;0,75;123;;jah
1976-07-30;0,73;122;;jah
1976-07-31;0,93;129;;jah
1976-08-01;0,9;128;;jah
1976-08-02;0,77;124;;jah
1976-08-03;1,02;132;;jah
1976-08-04;1,38;142;;jah
1976-08-05;1,04;133;;jah
1976-08-06;0,8;126;;jah
1976-08-07;0,82;127;;jah
1976-08-08;1,12;136;;jah
1976-08-09;0,86;129;;jah
1976-08-10;0,8;127;;jah
1976-08-11;0,84;129;;jah
1976-08-12;0,83;129;;jah
1976-08-13;0,8;128;;jah
1976-08-14;0,94;133;;jah
1976-08-15;0,57;120;;jah
1976-08-16;0,67;124;;jah
1976-08-17;0,8;129;;jah
1976-08-18;0,58;121;;jah
1976-08-19;0,73;127;;jah
1976-08-20;0,77;129;;jah
1976-08-21;0,77;129;;jah
1976-08-22;0,75;129;;jah
1976-08-23;0,78;130;;jah
1976-08-24;0,81;131;;jah
1976-08-25;0,52;120;;jah
1976-08-26;0,4;113;;jah
1976-08-27;0,56;122;;jah
1976-08-28;0,75;130;;jah
1976-08-29;0,59;124;;jah
1976-08-30;0,59;124;;jah
1976-08-31;0,67;127;;jah
1976-09-01;0,76;131;;jah
1976-09-02;0,74;130;;jah
1976-09-03;0,73;129;;jah
1976-09-04;0,75;130;;jah
1976-09-05;0,51;120;;jah
1976-09-06;0,5;119;;jah
1976-09-07;0,68;127;;jah
1976-09-08;0,86;133;;jah
1976-09-09;0,77;130;;jah
1976-09-10;0,74;129;;jah
1976-09-11;0,75;129;;jah
1976-09-12;0,58;122;;jah
1976-09-13;0,6;123;;jah
1976-09-14;0,87;133;;jah
1976-09-15;0,73;128;;jah
1976-09-16;0,71;127;;jah
1976-09-17;0,72;127;;jah
1976-09-18;0,57;121;;jah
1976-09-19;0,53;119;;jah
1976-09-20;0,65;124;;jah
1976-09-21;0,76;128;;jah
1976-09-22;0,87;132;;jah
1976-09-23;0,77;128;;jah
1976-09-24;0,51;117;;jah
1976-09-25;0,44;113;;jah
1976-09-26;0,57;120;;jah
1976-09-27;0,76;127;;jah
1976-09-28;0,91;132;;jah
1976-09-29;0,87;131;;jah
1976-09-30;0,78;128;;jah
1976-10-01;0,78;128;;jah
1976-10-02;0,65;123;;jah
1976-10-03;0,31;106;;jah
1976-10-04;0,63;122;;jah
1976-10-05;0,63;122;;jah
1976-10-06;0,52;117;;jah
1976-10-07;0,63;122;;jah
1976-10-08;0,87;131;;jah
1976-10-09;0,84;130;;jah
1976-10-10;0,73;126;;jah
1976-10-11;1,11;138;;jah
1976-10-12;1,11;138;;jah
1976-10-13;1,06;136;;jah
1976-10-14;0,99;134;;jah
1976-10-15;0,89;131;;jah
1976-10-16;0,83;129;;jah
1976-10-17;0,64;122;;jah
1976-10-18;0,8;128;;jah
1976-10-19;0,86;130;;jah
1976-10-20;0,59;120;;jah
1976-10-21;0,48;114;;jah
1976-10-22;0,59;120;;jah
1976-10-23;0,66;122;;jah
1976-10-24;0,55;117;;jah
1976-10-25;0,79;126;;jah
1976-10-26;0,77;125;;jah
1976-10-27;0,52;115;;jah
1976-10-28;0,45;111;;jah
1976-10-29;0,61;119;;jah
1976-10-30;0,48;112;;jah
1976-10-31;0,58;117;;jah
1976-11-01;0,83;126;;jah
1976-11-02;0,86;127;;jah
1976-11-03;0,48;112;;jah
1976-11-04;0,47;111;;jah
1976-11-05;0,53;114;;jah
1976-11-06;0,59;117;;jah
1976-11-07;0,74;123;;jah
1976-11-08;0,81;125;;jah
1976-11-09;1,11;134;;jah
1976-11-10;1,11;134;;jah
1976-11-11;1,17;135;;jah
1976-11-12;0,88;127;;jah
1976-11-13;0,65;120;;jah
1976-11-14;0,49;112;;jah
1976-11-15;0,75;123;;jah
1976-11-16;0,8;124;;jah
1976-11-17;1,01;130;;jah
1976-11-18;1,13;133;;jah
1976-11-19;1,01;130;;jah
1976-11-20;1;129;;jah
1976-11-21;0,98;128;;jah
1976-11-22;1,05;130;;jah
1976-11-23;0,99;128;;jah
1976-11-24;0,77;121;;jah
1976-11-25;0,72;119;;jah
1976-11-26;0,67;117;;jah
1976-11-27;0,74;120;;jah
1976-11-28;0,65;116;;jah
1976-11-29;0,77;121;;jah
1976-11-30;0,89;125;;jah
1976-12-01;0,88;125;;jah
1976-12-02;0,95;128;;jah
1976-12-03;0,99;130;;jah
1976-12-04;1,25;137;;jah
1976-12-05;1,43;142;;jah
1976-12-06;1,69;149;;jah
1976-12-07;1,47;143;;jah
1976-12-08;1,17;135;;jah
1976-12-09;1,33;138;;jah
1976-12-10;1,31;137;;jah
1976-12-11;1,12;132;;jah
1976-12-12;1,22;134;;jah
1976-12-13;1,28;135;;jah
1976-12-14;1,25;134;;jah
1976-12-15;1,1;130;;jah
1976-12-16;1,01;127;;jah
1976-12-17;1,02;127;;jah
1976-12-18;1,22;132;;jah
1976-12-19;1;126;;jah
1976-12-20;1,06;128;;jah
1976-12-21;1;126;;jah
1976-12-22;0,92;124;;jah
1976-12-23;0,92;124;;jah
1976-12-24;0,87;123;;jah
1976-12-25;0,9;124;;jah
1976-12-26;0,92;125;;jah
1976-12-27;0,94;126;;jah
1976-12-28;1,03;129;;jah
1976-12-29;0,98;128;;jah
1976-12-30;0,92;126;;jah
1976-12-31;0,92;126;;jah
1977-01-01;0,88;125;;jah
1977-01-02;0,88;125;;jah
1977-01-03;0,88;125;;jah
1977-01-04;0,88;125;;jah
1977-01-05;0,85;124;;jah
1977-01-06;0,85;124;;jah
1977-01-07;0,8;123;;jah
1977-01-08;0,8;123;;jah
1977-01-09;0,76;122;;jah
1977-01-10;0,76;122;;jah
1977-01-11;0,73;121;;jah
1977-01-12;0,51;115;;jah
1977-01-13;0,62;118;;jah
1977-01-14;0,88;125;;jah
1977-01-15;0,57;117;;jah
1977-01-16;0,54;116;;jah
1977-01-17;0,66;119;;jah
1977-01-18;0,74;121;;jah
1977-01-19;0,86;124;;jah
1977-01-20;0,93;126;;jah
1977-01-21;0,86;124;;jah
1977-01-22;0,54;116;;jah
1977-01-23;0,47;114;;jah
1977-01-24;0,8;123;;jah
1977-01-25;0,78;122;;jah
1977-01-26;1,04;129;;jah
1977-01-27;0,9;125;;jah
1977-01-28;0,74;121;;jah
1977-01-29;0,74;121;;jah
1977-01-30;0,85;124;;jah
1977-01-31;0,9;125;;jah
1977-02-01;0,93;126;;jah
1977-02-02;0,76;122;;jah
1977-02-03;0,66;119;;jah
1977-02-04;0,66;119;;jah
1977-02-05;0,74;121;;jah
1977-02-06;0,69;120;;jah
1977-02-07;0,74;121;;jah
1977-02-08;0,77;122;;jah
1977-02-09;0,86;124;;jah
1977-02-10;0,76;122;;jah
1977-02-11;0,74;121;;jah
1977-02-12;0,51;115;;jah
1977-02-13;0,66;119;;jah
1977-02-14;0,86;124;;jah
1977-02-15;1,04;129;;jah
1977-02-16;1,1;131;;jah
1977-02-17;1,04;129;;jah
1977-02-18;1;128;;jah
1977-02-19;0,77;122;;jah
1977-02-20;0,74;121;;jah
1977-02-21;1,07;130;;jah
1977-02-22;1,16;132;;jah
1977-02-23;1,14;127;;jah
1977-02-24;1;122;;jah
1977-02-25;0,99;121;;jah
1977-02-26;1,06;124;;jah
1977-02-27;1,04;123;;jah
1977-02-28;1,12;126;;jah
1977-03-01;1,12;126;;jah
1977-03-02;1,04;123;;jah
1977-03-03;1,16;128;;jah
1977-03-04;1,04;123;;jah
1977-03-05;1,04;123;;jah
1977-03-06;1,22;130;;jah
1977-03-07;1,06;124;;jah
1977-03-08;1;121;;jah
1977-03-09;1,35;127;;jah
1977-03-10;1,31;124;;jah
1977-03-11;1,3;123;;jah
1977-03-12;1,26;122;;jah
1977-03-13;1,4;124;;jah
1977-03-14;1,26;122;;jah
1977-03-15;1,25;121;;jah
1977-03-16;1,4;124;;jah
1977-03-17;1,75;133;;jah
1977-03-18;2,12;141;;jah
1977-03-19;2,92;157;;jah
1977-03-20;3,53;170;;jah
1977-03-21;2,95;159;;jah
1977-03-22;2,85;157;;jah
1977-03-23;2,15;153;;jah
1977-03-24;2,45;149;;jah
1977-03-25;2,15;153;;jah
1977-03-26;3,1;162;;jah
1977-03-27;3,36;167;;jah
1977-03-28;3,28;165;;jah
1977-03-29;3,11;162;;jah
1977-03-30;3,38;167;;jah
1977-03-31;3,05;161;;jah
1977-04-01;2,7;154;;jah
1977-04-02;2,55;151;;jah
1977-04-03;2,45;149;;jah
1977-04-04;2,7;154;;jah
1977-04-05;3;160;;jah
1977-04-06;3,05;161;;jah
1977-04-07;3,26;165;;jah
1977-04-08;3,96;178;;jah
1977-04-09;3,75;174;;jah
1977-04-10;3,68;173;;jah
1977-04-11;3,75;174;;jah
1977-04-12;5,6;204;;jah
1977-04-13;6,7;220;;jah
1977-04-14;6,41;216;;jah
1977-04-15;6,91;223;;jah
1977-04-16;6,61;219;;jah
1977-04-17;6,15;212;;jah
1977-04-18;5,89;208;;jah
1977-04-19;6,3;214;;jah
1977-04-20;6,3;214;;jah
1977-04-21;6,3;214;;jah
1977-04-22;5,95;209;;jah
1977-04-23;6,1;211;;jah
1977-04-24;6,95;220;;jah
1977-04-25;8,15;231;;jah
1977-04-26;7,95;228;;jah
1977-04-27;7,89;227;;jah
1977-04-28;6,95;215;;jah
1977-04-29;5,9;201;;jah
1977-04-30;5,4;194;;jah
1977-05-01;5,45;195;;jah
1977-05-02;5,25;192;;jah
1977-05-03;5,4;194;;jah
1977-05-04;5,4;194;;jah
1977-05-05;4,61;183;;jah
1977-05-06;3,91;172;;jah
1977-05-07;3,19;161;;jah
1977-05-08;2,86;156;;jah
1977-05-09;2,65;152;;jah
1977-05-10;1,72;138;;jah
1977-05-11;1,75;139;;jah
1977-05-12;1,7;138;;jah
1977-05-13;1,6;136;;jah
1977-05-14;1,34;131;;jah
1977-05-15;1,2;128;;jah
1977-05-16;1,29;130;;jah
1977-05-17;1,34;131;;jah
1977-05-18;1,44;133;;jah
1977-05-19;1,65;137;;jah
1977-05-20;1,9;142;;jah
1977-05-21;1,73;139;;jah
1977-05-22;1,68;138;;jah
1977-05-23;1,56;136;;jah
1977-05-24;1,51;135;;jah
1977-05-25;1,56;136;;jah
1977-05-26;1,51;135;;jah
1977-05-27;1,46;134;;jah
1977-05-28;1,41;133;;jah
1977-05-29;1,39;133;;jah
1977-05-30;1,33;132;;jah
1977-05-31;1,33;132;;jah
1977-06-01;1,19;129;;jah
1977-06-02;1,23;130;;jah
1977-06-03;1,31;132;;jah
1977-06-04;1,3;132;;jah
1977-06-05;1,25;131;;jah
1977-06-06;1,3;132;;jah
1977-06-07;1,16;129;;jah
1977-06-08;1,07;127;;jah
1977-06-09;1,03;126;;jah
1977-06-10;1;125;;jah
1977-06-11;0,83;121;;jah
1977-06-12;0,72;117;;jah
1977-06-13;0,66;115;;jah
1977-06-14;0,79;120;;jah
1977-06-15;0,82;121;;jah
1977-06-16;0,7;117;;jah
1977-06-17;0,7;117;;jah
1977-06-18;0,73;118;;jah
1977-06-19;0,74;119;;jah
1977-06-20;0,76;120;;jah
1977-06-21;1,24;133;;jah
1977-06-22;1,11;130;;jah
1977-06-23;0,88;124;;jah
1977-06-24;0,78;121;;jah
1977-06-25;0,99;127;;jah
1977-06-26;1,01;128;;jah
1977-06-27;0,98;127;;jah
1977-06-28;0,87;124;;jah
1977-06-29;0,82;123;;jah
1977-06-30;0,81;123;;jah
1977-07-01;0,78;122;;jah
1977-07-02;0,74;121;;jah
1977-07-03;0,68;119;;jah
1977-07-04;0,73;121;;jah
1977-07-05;0,82;124;;jah
1977-07-06;0,86;125;;jah
1977-07-07;0,78;123;;jah
1977-07-08;0,74;122;;jah
1977-07-09;0,77;123;;jah
1977-07-10;0,79;124;;jah
1977-07-11;0,74;123;;jah
1977-07-12;0,81;125;;jah
1977-07-13;0,65;120;;jah
1977-07-14;0,6;118;;jah
1977-07-15;0,6;118;;jah
1977-07-16;0,61;119;;jah
1977-07-17;0,75;124;;jah
1977-07-18;0,8;126;;jah
1977-07-19;0,79;126;;jah
1977-07-20;0,73;124;;jah
1977-07-21;0,8;127;;jah
1977-07-22;0,96;132;;jah
1977-07-23;1,01;134;;jah
1977-07-24;0,97;133;;jah
1977-07-25;0,81;128;;jah
1977-07-26;0,87;130;;jah
1977-07-27;1,22;140;;jah
1977-07-28;1,29;142;;jah
1977-07-29;1,22;140;;jah
1977-07-30;1,29;142;;jah
1977-07-31;1,33;143;;jah
1977-08-01;1,22;140;;jah
1977-08-02;1,13;138;;jah
1977-08-03;1,2;140;;jah
1977-08-04;1,23;141;;jah
1977-08-05;1,18;140;;jah
1977-08-06;1,47;148;;jah
1977-08-07;1,43;147;;jah
1977-08-08;1,47;149;;jah
1977-08-09;1,55;151;;jah
1977-08-10;1,31;145;;jah
1977-08-11;1,41;148;;jah
1977-08-12;1,34;146;;jah
1977-08-13;1,34;146;;jah
1977-08-14;1,31;145;;jah
1977-08-15;1,25;144;;jah
1977-08-16;1,25;144;;jah
1977-08-17;1,46;150;;jah
1977-08-18;1,28;145;;jah
1977-08-19;1,18;142;;jah
1977-08-20;0,95;135;;jah
1977-08-21;0,76;128;;jah
1977-08-22;0,94;134;;jah
1977-08-23;1,07;138;;jah
1977-08-24;1,07;138;;jah
1977-08-25;1;136;;jah
1977-08-26;0,84;131;;jah
1977-08-27;0,87;132;;jah
1977-08-28;0,81;130;;jah
1977-08-29;0,91;133;;jah
1977-08-30;0,78;129;;jah
1977-08-31;0,91;133;;jah
1977-09-01;0,97;135;;jah
1977-09-02;0,87;132;;jah
1977-09-03;0,82;130;;jah
1977-09-04;0,91;132;;jah
1977-09-05;1,06;136;;jah
1977-09-06;1,11;137;;jah
1977-09-07;1,1;136;;jah
1977-09-08;1,01;133;;jah
1977-09-09;1,04;134;;jah
1977-09-10;0,99;132;;jah
1977-09-11;1;132;;jah
1977-09-12;1,38;142;;jah
1977-09-13;1,69;149;;jah
1977-09-14;1,85;152;;jah
1977-09-15;2,63;168;;jah
1977-09-16;2,99;175;;jah
1977-09-17;2,83;172;;jah
1977-09-18;2,73;170;;jah
1977-09-19;2,48;165;;jah
1977-09-20;2,15;158;;jah
1977-09-21;1,79;150;;jah
1977-09-22;1,7;148;;jah
1977-09-23;1,4;141;;jah
1977-09-24;1,57;145;;jah
1977-09-25;1,21;136;;jah
1977-09-26;1,27;138;;jah
1977-09-27;1,43;142;;jah
1977-09-28;1,17;136;;jah
1977-09-29;1,32;140;;jah
1977-09-30;1,15;136;;jah
1977-10-01;1,66;149;;jah
1977-10-02;2,95;178;;jah
1977-10-03;4,84;204;;jah
1977-10-04;5,58;214;;jah
1977-10-05;5,45;212;;jah
1977-10-06;4,87;202;;jah
1977-10-07;4,82;200;;jah
1977-10-08;4,65;196;;jah
1977-10-09;4,29;190;;jah
1977-10-10;4,05;185;;jah
1977-10-11;3,57;177;;jah
1977-10-12;3,31;172;;jah
1977-10-13;3,31;172;;jah
1977-10-14;3,12;168;;jah
1977-10-15;3,1;167;;jah
1977-10-16;3,04;166;;jah
1977-10-17;3,25;169;;jah
1977-10-18;3,36;170;;jah
1977-10-19;3,34;169;;jah
1977-10-20;3,22;167;;jah
1977-10-21;3,08;164;;jah
1977-10-22;2,86;160;;jah
1977-10-23;2,66;156;;jah
1977-10-24;2,6;155;;jah
1977-10-25;2,52;153;;jah
1977-10-26;2,75;157;;jah
1977-10-27;3,03;161;;jah
1977-10-28;3,29;165;;jah
1977-10-29;3,35;166;;jah
1977-10-30;3,22;164;;jah
1977-10-31;2,85;158;;jah
1977-11-01;2,79;157;;jah
1977-11-02;2,36;150;;jah
1977-11-03;1,88;141;;jah
1977-11-04;2,28;148;;jah
1977-11-05;2,64;154;;jah
1977-11-06;3,06;161;;jah
1977-11-07;2,39;150;;jah
1977-11-08;2,45;151;;jah
1977-11-09;2,88;158;;jah
1977-11-10;3,1;161;;jah
1977-11-11;2,97;159;;jah
1977-11-12;2,97;159;;jah
1977-11-13;3,7;170;;jah
1977-11-14;3,43;166;;jah
1977-11-15;3,56;168;;jah
1977-11-16;6,16;205;;jah
1977-11-17;8,44;234;;jah
1977-11-18;8,82;239;;jah
1977-11-19;9,18;242;;jah
1977-11-20;8,68;236;;jah
1977-11-21;12,3;279;;jah
1977-11-22;13;287;;jah
1977-11-23;13,8;295;;jah
1977-11-24;11,9;273;;jah
1977-11-25;9,99;251;;jah
1977-11-26;9;240;;jah
1977-11-27;8,53;234;;jah
1977-11-28;7,83;225;;jah
1977-11-29;6,44;207;;jah
1977-11-30;4,64;182;;jah
1977-12-01;3,78;170;;jah
1977-12-02;4,07;174;;jah
1977-12-03;3,64;168;;jah
1977-12-04;3,51;166;;jah
1977-12-05;3,47;166;;jah
1977-12-06;2,91;158;;jah
1977-12-07;2,97;160;;jah
1977-12-08;2,52;153;;jah
1977-12-09;2,37;151;;jah
1977-12-10;2,55;154;;jah
1977-12-11;2,31;150;;jah
1977-12-12;1,93;143;;jah
1977-12-13;2,01;144;;jah
1977-12-14;2,2;147;;jah
1977-12-15;2,05;144;;jah
1977-12-16;2,08;144;;jah
1977-12-17;2,12;144;;jah
1977-12-18;2,38;148;;jah
1977-12-19;2,69;152;;jah
1977-12-20;2,65;151;;jah
1977-12-21;2,37;146;;jah
1977-12-22;2,37;146;;jah
1977-12-23;3,01;156;;jah
1977-12-24;2,3;145;;jah
1977-12-25;2,24;144;;jah
1977-12-26;2,52;149;;jah
1977-12-27;2,1;142;;jah
1977-12-28;2,91;155;;jah
1977-12-29;2,72;152;;jah
1977-12-30;2,22;144;;jah
1977-12-31;2,19;144;;jah
1978-01-01;2,19;144;;jah
1978-01-02;2,25;145;;jah
1978-01-03;2,23;145;;jah
1978-01-04;2,36;144;;jah
1978-01-05;2,42;145;;jah
1978-01-06;2,75;150;;jah
1978-01-07;2,62;148;;jah
1978-01-08;2,36;144;;jah
1978-01-09;3,03;154;;jah
1978-01-10;2,75;150;;jah
1978-01-11;2,56;147;;jah
1978-01-12;2,36;144;;jah
1978-01-13;2,36;144;;jah
1978-01-14;2,42;145;;jah
1978-01-15;2,1;140;;jah
1978-01-16;2,16;141;;jah
1978-01-17;2,3;143;;jah
1978-01-18;2,1;140;;jah
1978-01-19;2,23;142;;jah
1978-01-20;1,98;138;;jah
1978-01-21;1,92;137;;jah
1978-01-22;1,86;136;;jah
1978-01-23;2,1;140;;jah
1978-01-24;1,74;134;;jah
1978-01-25;1,92;137;;jah
1978-01-26;2,04;139;;jah
1978-01-27;2,1;140;;jah
1978-01-28;2,16;141;;jah
1978-01-29;2,1;140;;jah
1978-01-30;1,74;134;;jah
1978-01-31;2,16;141;;jah
1978-02-01;1,5;137;;jah
1978-02-02;1,54;138;;jah
1978-02-03;1,57;139;;jah
1978-02-04;1,55;139;;jah
1978-02-05;1,51;139;;jah
1978-02-06;1,61;143;;jah
1978-02-07;1,49;144;;jah
1978-02-08;1,17;137;;jah
1978-02-09;1,22;140;;jah
1978-02-10;1,23;142;;jah
1978-02-11;1,14;141;;jah
1978-02-12;1,07;140;;jah
1978-02-13;1,15;143;;jah
1978-02-14;1,35;150;;jah
1978-02-15;1,01;140;;jah
1978-02-16;1,13;144;;jah
1978-02-17;1,16;145;;jah
1978-02-18;1,16;145;;jah
1978-02-19;1,16;145;;jah
1978-02-20;1,03;140;;jah
1978-02-21;1,38;150;;jah
1978-02-22;1,34;149;;jah
1978-02-23;1,21;145;;jah
1978-02-24;1,44;151;;jah
1978-02-25;1,26;145;;jah
1978-02-26;1,43;150;;jah
1978-02-27;1,61;154;;jah
1978-02-28;1,45;149;;jah
1978-03-01;1,51;150;;jah
1978-03-02;1,5;149;;jah
1978-03-03;1,65;152;;jah
1978-03-04;1,83;155;;jah
1978-03-05;2,02;158;;jah
1978-03-06;2,4;164;;jah
1978-03-07;2,41;162;;jah
1978-03-08;2,4;159;;jah
1978-03-09;2,38;156;;jah
1978-03-10;2,2;151;;jah
1978-03-11;2,15;148;;jah
1978-03-12;2,12;146;;jah
1978-03-13;1,9;141;;jah
1978-03-14;1,92;141;;jah
1978-03-15;1,92;141;;jah
1978-03-16;2,13;145;;jah
1978-03-17;4,14;177;;jah
1978-03-18;6,02;206;;jah
1978-03-19;5,27;195;;jah
1978-03-20;4,2;180;;jah
1978-03-21;3,3;167;;jah
1978-03-22;3,2;166;;jah
1978-03-23;2,88;162;;jah
1978-03-24;2,39;154;;jah
1978-03-25;2,2;151;;jah
1978-03-26;2,04;149;;jah
1978-03-27;2,59;160;;jah
1978-03-28;3,42;176;;jah
1978-03-29;5,3;209;;jah
1978-03-30;10,5;277;;jah
1978-03-31;13,2;303;;jah
1978-04-01;16,5;332;;jah
1978-04-02;17,8;343;;jah
1978-04-03;16,4;311;;jah
1978-04-04;12,5;273;;jah
1978-04-05;8,86;235;;jah
1978-04-06;6,92;214;;jah
1978-04-07;5,93;203;;jah
1978-04-08;5,68;200;;jah
1978-04-09;5,09;193;;jah
1978-04-10;5,18;194;;jah
1978-04-11;4,22;181;;jah
1978-04-12;6,1;206;;jah
1978-04-13;7,93;230;;jah
1978-04-14;8,45;237;;jah
1978-04-15;9,1;246;;jah
1978-04-16;10,9;270;;jah
1978-04-17;9,86;261;;jah
1978-04-18;9;251;;jah
1978-04-19;7,33;230;;jah
1978-04-20;6,8;223;;jah
1978-04-21;6,71;222;;jah
1978-04-22;6,62;221;;jah
1978-04-23;6,32;217;;jah
1978-04-24;5,71;209;;jah
1978-04-25;5,45;205;;jah
1978-04-26;5,8;210;;jah
1978-04-27;5,88;211;;jah
1978-04-28;5,35;204;;jah
1978-04-29;5,15;201;;jah
1978-04-30;4,81;196;;jah
1978-05-01;4,3;188;;jah
1978-05-02;4,18;186;;jah
1978-05-03;4,03;184;;jah
1978-05-04;4,1;185;;jah
1978-05-05;3,68;178;;jah
1978-05-06;4,1;185;;jah
1978-05-07;3,8;180;;jah
1978-05-08;3,56;176;;jah
1978-05-09;3,28;171;;jah
1978-05-10;2,81;162;;jah
1978-05-11;2,54;156;;jah
1978-05-12;2,54;156;;jah
1978-05-13;2,47;154;;jah
1978-05-14;2,81;162;;jah
1978-05-15;4,81;196;;jah
1978-05-16;7,96;238;;jah
1978-05-17;9,78;260;;jah
1978-05-18;9,44;256;;jah
1978-05-19;8,36;243;;jah
1978-05-20;6,85;224;;jah
1978-05-21;4,68;194;;jah
1978-05-22;3,38;173;;jah
1978-05-23;2,81;162;;jah
1978-05-24;2,65;158;;jah
1978-05-25;2,6;157;;jah
1978-05-26;2,32;151;;jah
1978-05-27;2,2;148;;jah
1978-05-28;2,11;146;;jah
1978-05-29;1,9;140;;jah
1978-05-30;1,95;142;;jah
1978-05-31;1,9;140;;jah
1978-06-01;1,68;134;;jah
1978-06-02;1,52;131;;jah
1978-06-03;1,68;134;;jah
1978-06-04;1,68;134;;jah
1978-06-05;1,6;133;;jah
1978-06-06;1,51;130;;jah
1978-06-07;1,51;130;;jah
1978-06-08;1,51;130;;jah
1978-06-09;1,51;130;;jah
1978-06-10;1,51;130;;jah
1978-06-11;1,45;129;;jah
1978-06-12;1,45;129;;jah
1978-06-13;1,16;123;;jah
1978-06-14;1,36;127;;jah
1978-06-15;1,14;127;;jah
1978-06-16;0,9;124;;jah
1978-06-17;0,9;124;;jah
1978-06-18;1;125;;jah
1978-06-19;1,14;127;;jah
1978-06-20;1,51;132;;jah
1978-06-21;1,36;130;;jah
1978-06-22;1,42;131;;jah
1978-06-23;1,42;131;;jah
1978-06-24;1,21;128;;jah
1978-06-25;1,3;129;;jah
1978-06-26;1,21;128;;jah
1978-06-27;1,21;128;;jah
1978-06-28;1,3;129;;jah
1978-06-29;1,51;132;;jah
1978-06-30;1,21;128;;jah
1978-07-01;1,08;126;;jah
1978-07-02;1,08;126;;jah
1978-07-03;1,08;126;;jah
1978-07-04;1;125;;jah
1978-07-05;1,08;126;;jah
1978-07-06;1;125;;jah
1978-07-07;1,98;138;;jah
1978-07-08;1,4;152;;jah
1978-07-09;10,3;323;;jah
1978-07-10;18,3;397;;jah
1978-07-11;32,8;421;;jah
1978-07-12;28;394;;jah
1978-07-13;23,9;370;;jah
1978-07-14;15,3;315;;jah
1978-07-15;12,5;293;;jah
1978-07-16;9,35;266;;jah
1978-07-17;5,81;227;;jah
1978-07-18;4,52;207;;jah
1978-07-19;4,19;199;;jah
1978-07-20;3,64;186;;jah
1978-07-21;3,32;178;;jah
1978-07-22;3,21;175;;jah
1978-07-23;3,1;172;;jah
1978-07-24;2,96;167;;jah
1978-07-25;2,75;163;;jah
1978-07-26;2,6;159;;jah
1978-07-27;2,46;154;;jah
1978-07-28;2,32;151;;jah
1978-07-29;2,3;150;;jah
1978-07-30;2,3;150;;jah
1978-07-31;2,3;150;;jah
1978-08-01;2,3;150;;jah
1978-08-02;2,3;150;;jah
1978-08-03;2,22;147;;jah
1978-08-04;2,25;148;;jah
1978-08-05;2,32;151;;jah
1978-08-06;2,65;160;;jah
1978-08-07;3;169;;jah
1978-08-08;2,81;183;;jah
1978-08-09;4,52;224;;jah
1978-08-10;20,3;381;;jah
1978-08-11;26,8;420;;jah
1978-08-12;21,8;391;;jah
1978-08-13;17,9;363;;jah
1978-08-14;11,9;310;;jah
1978-08-15;6,17;250;;jah
1978-08-16;4,3;219;;jah
1978-08-17;3,8;208;;jah
1978-08-18;3,11;191;;jah
1978-08-19;3,5;201;;jah
1978-08-20;3,58;203;;jah
1978-08-21;3,28;195;;jah
1978-08-22;2,96;187;;jah
1978-08-23;2,54;169;;jah
1978-08-24;2,56;170;;jah
1978-08-25;2,75;181;;jah
1978-08-26;3,11;191;;jah
1978-08-27;3,92;211;;jah
1978-08-28;5,62;243;;jah
1978-08-29;6,3;252;;jah
1978-08-30;7,11;262;;jah
1978-08-31;8,6;278;;jah
1978-09-01;9,19;284;;jah
1978-09-02;13,4;324;;jah
1978-09-03;15,2;340;;jah
1978-09-04;15,4;342;;jah
1978-09-05;12,2;303;;jah
1978-09-06;10,6;280;;jah
1978-09-07;9,08;256;;jah
1978-09-08;7,12;230;;jah
1978-09-09;6,04;214;;jah
1978-09-10;5,9;212;;jah
1978-09-11;6,32;218;;jah
1978-09-12;6,86;226;;jah
1978-09-13;7,96;242;;jah
1978-09-14;6,72;224;;jah
1978-09-15;7,57;238;;jah
1978-09-16;9,93;270;;jah
1978-09-17;12;300;;jah
1978-09-18;12;300;;jah
1978-09-19;12;300;;jah
1978-09-20;11,6;295;;jah
1978-09-21;10,3;277;;jah
1978-09-22;10;273;;jah
1978-09-23;9,73;269;;jah
1978-09-24;9,09;259;;jah
1978-09-25;8,24;247;;jah
1978-09-26;8,78;255;;jah
1978-09-27;8,47;250;;jah
1978-09-28;8,47;250;;jah
1978-09-29;7,95;246;;jah
1978-09-30;7,66;245;;jah
1978-10-01;7,27;241;;jah
1978-10-02;7,04;242;;jah
1978-10-03;6,2;233;;jah
1978-10-04;5,54;226;;jah
1978-10-05;4,34;208;;jah
1978-10-06;3,99;202;;jah
1978-10-07;4,01;204;;jah
1978-10-08;3,85;199;;jah
1978-10-09;4,49;211;;jah
1978-10-10;4,73;214;;jah
1978-10-11;4,26;202;;jah
1978-10-12;4,22;200;;jah
1978-10-13;4,25;198;;jah
1978-10-14;4,21;196;;jah
1978-10-15;4;190;;jah
1978-10-16;3,95;187;;jah
1978-10-17;3,77;183;;jah
1978-10-18;3,59;179;;jah
1978-10-19;3,63;178;;jah
1978-10-20;3,5;175;;jah
1978-10-21;3,71;177;;jah
1978-10-22;3,95;180;;jah
1978-10-23;4,31;184;;jah
1978-10-24;4,23;182;;jah
1978-10-25;6,08;208;;jah
1978-10-26;8;232;;jah
1978-10-27;8;232;;jah
1978-10-28;7,47;226;;jah
1978-10-29;6,95;220;;jah
1978-10-30;7,02;221;;jah
1978-10-31;6,72;218;;jah
1978-11-01;6,57;217;;jah
1978-11-02;6,06;212;;jah
1978-11-03;5,22;199;;jah
1978-11-04;5,21;200;;jah
1978-11-05;5,15;200;;jah
1978-11-06;5,02;199;;jah
1978-11-07;5,5;208;;jah
1978-11-08;5,75;212;;jah
1978-11-09;5,62;210;;jah
1978-11-10;5,25;205;;jah
1978-11-11;4,95;200;;jah
1978-11-12;4,89;199;;jah
1978-11-13;5,02;200;;jah
1978-11-14;4,83;197;;jah
1978-11-15;4,77;195;;jah
1978-11-16;6,04;214;;jah
1978-11-17;7,9;240;;jah
1978-11-18;10,9;278;;jah
1978-11-19;12,4;297;;jah
1978-11-20;13,6;312;;jah
1978-11-21;15,5;332;;jah
1978-11-22;15;326;;jah
1978-11-23;14,8;324;;jah
1978-11-24;14,2;318;;jah
1978-11-25;13,4;310;;jah
1978-11-26;12,8;302;;jah
1978-11-27;11,3;283;;jah
1978-11-28;9,76;263;;jah
1978-11-29;8,96;252;;jah
1978-11-30;7,86;238;;jah
1978-12-01;7,01;227;;jah
1978-12-02;6,32;218;;jah
1978-12-03;5,77;211;;jah
1978-12-04;5,5;208;;jah
1978-12-05;5,18;205;;jah
1978-12-06;4,75;200;;jah
1978-12-07;4,56;199;;jah
1978-12-08;4,22;195;;jah
1978-12-09;3,88;191;;jah
1978-12-10;3,71;190;;jah
1978-12-11;3,54;190;;jah
1978-12-12;3,37;189;;jah
1978-12-13;2,71;177;;jah
1978-12-14;2,35;171;;jah
1978-12-15;2,11;168;;jah
1978-12-16;2,02;168;;jah
1978-12-17;1,98;169;;jah
1978-12-18;1,95;178;;jah
1978-12-19;1,92;184;;jah
1978-12-20;1,89;184;;jah
1978-12-21;1,86;184;;jah
1978-12-22;1,84;184;;jah
1978-12-23;1,81;184;;jah
1978-12-24;1,78;183;;jah
1978-12-25;1,75;183;;jah
1978-12-26;1,72;183;;jah
1978-12-27;1,69;182;;jah
1978-12-28;1,66;181;;jah
1978-12-29;1,63;180;;jah
1978-12-30;1,6;170;;jah
1978-12-31;1,6;170;;jah
1979-01-01;1,6;175;;jah
1979-01-02;1,6;174;;jah
1979-01-03;1,6;172;;jah
1979-01-04;1,6;169;;jah
1979-01-05;1,6;168;;jah
1979-01-06;1,55;168;;jah
1979-01-07;1,55;167;;jah
1979-01-08;1,55;167;;jah
1979-01-09;1,56;166;;jah
1979-01-10;1,56;168;;jah
1979-01-11;1,56;168;;jah
1979-01-12;1,57;166;;jah
1979-01-13;1,57;168;;jah
1979-01-14;1,58;167;;jah
1979-01-15;1,58;162;;jah
1979-01-16;1,59;162;;jah
1979-01-17;1,59;162;;jah
1979-01-18;1,6;162;;jah
1979-01-19;1,6;162;;jah
1979-01-20;1,61;161;;jah
1979-01-21;1,61;161;;jah
1979-01-22;1,62;161;;jah
1979-01-23;1,62;160;;jah
1979-01-24;1,63;160;;jah
1979-01-25;1,63;160;;jah
1979-01-26;1,64;160;;jah
1979-01-27;1,65;159;;jah
1979-01-28;1,65;159;;jah
1979-01-29;1,66;158;;jah
1979-01-30;1,66;158;;jah
1979-01-31;1,67;158;;jah
1979-02-01;1,67;158;;jah
1979-02-02;1,68;158;;jah
1979-02-03;1,68;157;;jah
1979-02-04;1,69;157;;jah
1979-02-05;1,69;157;;jah
1979-02-06;1,7;156;;jah
1979-02-07;1,7;156;;jah
1979-02-08;1,71;156;;jah
1979-02-09;1,71;156;;jah
1979-02-10;1,72;155;;jah
1979-02-11;1,72;155;;jah
1979-02-12;1,73;155;;jah
1979-02-13;1,73;155;;jah
1979-02-14;1,6;154;;jah
1979-02-15;1,6;154;;jah
1979-02-16;1,58;154;;jah
1979-02-17;1,57;153;;jah
1979-02-18;1,55;153;;jah
1979-02-19;1,52;153;;jah
1979-02-20;1,5;153;;jah
1979-02-21;1,48;152;;jah
1979-02-22;1,39;152;;jah
1979-02-23;1,3;152;;jah
1979-02-24;1,3;151;;jah
1979-02-25;1,33;151;;jah
1979-02-26;1,38;151;;jah
1979-02-27;1,4;150;;jah
1979-02-28;1,41;150;;jah
1979-03-01;1,62;150;;jah
1979-03-02;1,68;150;;jah
1979-03-03;1,7;150;;jah
1979-03-04;1,73;150;;jah
1979-03-05;1,85;152;;jah
1979-03-06;1,94;154;;jah
1979-03-07;2;156;;jah
1979-03-08;2;156;;jah
1979-03-09;1,97;156;;jah
1979-03-10;1,97;156;;jah
1979-03-11;1,93;156;;jah
1979-03-12;1,69;151;;jah
1979-03-13;1,71;152;;jah
1979-03-14;1,68;152;;jah
1979-03-15;1,54;150;;jah
1979-03-16;1,47;149;;jah
1979-03-17;1,39;147;;jah
1979-03-18;1,4;150;;jah
1979-03-19;1,38;150;;jah
1979-03-20;1,38;150;;jah
1979-03-21;1,31;148;;jah
1979-03-22;1,44;151;;jah
1979-03-23;1,58;154;;jah
1979-03-24;1,68;156;;jah
1979-03-25;1,83;159;;jah
1979-03-26;1,93;160;;jah
1979-03-27;1,97;160;;jah
1979-03-28;2,07;160;;jah
1979-03-29;2,32;164;;jah
1979-03-30;2,5;166;;jah
1979-03-31;4,73;207;;jah
1979-04-01;6,45;245;;jah
1979-04-02;8,35;274;;jah
1979-04-03;10,2;295;;jah
1979-04-04;13,4;326;;jah
1979-04-05;16,3;350;;jah
1979-04-06;15;339;;jah
1979-04-07;12,2;314;;jah
1979-04-08;9,03;282;;jah
1979-04-09;8,2;272;;jah
1979-04-10;6,96;254;;jah
1979-04-11;7,02;248;;jah
1979-04-12;6,82;237;;jah
1979-04-13;6,83;234;;jah
1979-04-14;6,82;234;;jah
1979-04-15;6,76;233;;jah
1979-04-16;6,76;230;;jah
1979-04-17;6,14;210;;jah
1979-04-18;5,2;194;;jah
1979-04-19;4,77;186;;jah
1979-04-20;4,54;182;;jah
1979-04-21;4,26;178;;jah
1979-04-22;3,88;172;;jah
1979-04-23;3,78;170;;jah
1979-04-24;3,64;168;;jah
1979-04-25;4,36;178;;jah
1979-04-26;4,99;186;;jah
1979-04-27;5,79;197;;jah
1979-04-28;6,16;204;;jah
1979-04-29;5,9;212;;jah
1979-04-30;5,91;222;;jah
1979-05-01;6,33;229;;jah
1979-05-02;4,12;190;;jah
1979-05-03;4,06;188;;jah
1979-05-04;4,53;196;;jah
1979-05-05;5,42;209;;jah
1979-05-06;5,19;204;;jah
1979-05-07;4,83;198;;jah
1979-05-08;4,89;198;;jah
1979-05-09;4,84;196;;jah
1979-05-10;4,52;190;;jah
1979-05-11;4,33;186;;jah
1979-05-12;4,26;184;;jah
1979-05-13;4,13;182;;jah
1979-05-14;4,13;182;;jah
1979-05-15;3,87;178;;jah
1979-05-16;3,49;172;;jah
1979-05-17;3,2;168;;jah
1979-05-18;2,96;164;;jah
1979-05-19;2,81;162;;jah
1979-05-20;2,6;159;;jah
1979-05-21;2,41;156;;jah
1979-05-22;2,3;154;;jah
1979-05-23;2,27;154;;jah
1979-05-24;2,14;152;;jah
1979-05-25;2,14;152;;jah
1979-05-26;2,01;150;;jah
1979-05-27;1,93;149;;jah
1979-05-28;1,24;134;;jah
1979-05-29;1,45;139;;jah
1979-05-30;1,39;138;;jah
1979-05-31;1,45;140;;jah
1979-06-01;1,43;140;;jah
1979-06-02;1,35;138;;jah
1979-06-03;1,41;140;;jah
1979-06-04;1,56;144;;jah
1979-06-05;1,09;133;;jah
1979-06-06;1,21;136;;jah
1979-06-07;1,08;133;;jah
1979-06-08;1,1;134;;jah
1979-06-09;1,1;134;;jah
1979-06-10;1,08;134;;jah
1979-06-11;1,1;135;;jah
1979-06-12;1,01;133;;jah
1979-06-13;0,97;132;;jah
1979-06-14;1,03;134;;jah
1979-06-15;1,44;146;;jah
1979-06-16;1,08;136;;jah
1979-06-17;1,04;135;;jah
1979-06-18;1,01;134;;jah
1979-06-19;1,06;136;;jah
1979-06-20;0,99;134;;jah
1979-06-21;0,87;131;;jah
1979-06-22;0,87;131;;jah
1979-06-23;0,87;131;;jah
1979-06-24;0,84;130;;jah
1979-06-25;0,82;130;;jah
1979-06-26;0,8;129;;jah
1979-06-27;0,76;128;;jah
1979-06-28;0,73;127;;jah
1979-06-29;0,71;126;;jah
1979-06-30;0,76;128;;jah
1979-07-01;0,42;113;;jah
1979-07-02;1,03;138;;jah
1979-07-03;0,94;135;;jah
1979-07-04;0,87;133;;jah
1979-07-05;0,89;134;;jah
1979-07-06;0,89;134;;jah
1979-07-07;0,96;137;;jah
1979-07-08;0,99;138;;jah
1979-07-09;0,93;136;;jah
1979-07-10;0,91;136;;jah
1979-07-11;0,85;134;;jah
1979-07-12;0,84;134;;jah
1979-07-13;0,86;135;;jah
1979-07-14;0,82;134;;jah
1979-07-15;0,83;135;;jah
1979-07-16;0,83;135;;jah
1979-07-17;0,82;134;;jah
1979-07-18;0,92;137;;jah
1979-07-19;1,03;140;;jah
1979-07-20;1,05;140;;jah
1979-07-21;1,09;140;;jah
1979-07-22;1,14;141;;jah
1979-07-23;1,16;140;;jah
1979-07-24;0,97;134;;jah
1979-07-25;0,96;133;;jah
1979-07-26;1,03;134;;jah
1979-07-27;1,04;134;;jah
1979-07-28;1,15;136;;jah
1979-07-29;1,21;137;;jah
1979-07-30;1,27;138;;jah
1979-07-31;1,34;140;;jah
1979-08-01;1,34;140;;jah
1979-08-02;1,27;138;;jah
1979-08-03;1,19;136;;jah
1979-08-04;1,11;134;;jah
1979-08-05;1,1;134;;jah
1979-08-06;1,13;135;;jah
1979-08-07;1,08;134;;jah
1979-08-08;1;132;;jah
1979-08-09;0,97;131;;jah
1979-08-10;1;132;;jah
1979-08-11;1;132;;jah
1979-08-12;1,08;134;;jah
1979-08-13;1,17;137;;jah
1979-08-14;1,13;136;;jah
1979-08-15;0,9;130;;jah
1979-08-16;0,9;130;;jah
1979-08-17;0,87;129;;jah
1979-08-18;0,84;128;;jah
1979-08-19;0,82;127;;jah
1979-08-20;0,96;132;;jah
1979-08-21;0,88;130;;jah
1979-08-22;0,94;132;;jah
1979-08-23;0,92;132;;jah
1979-08-24;0,94;132;;jah
1979-08-25;1,18;139;;jah
1979-08-26;1,17;138;;jah
1979-08-27;1,26;140;;jah
1979-08-28;1,28;140;;jah
1979-08-29;1,15;136;;jah
1979-08-30;1,25;138;;jah
1979-08-31;1,31;139;;jah
1979-09-01;1,33;139;;jah
1979-09-02;1,23;136;;jah
1979-09-03;1,13;133;;jah
1979-09-04;0,95;128;;jah
1979-09-05;1,04;130;;jah
1979-09-06;1,13;132;;jah
1979-09-07;1,13;132;;jah
1979-09-08;1,28;135;;jah
1979-09-09;1,06;130;;jah
1979-09-10;0,99;128;;jah
1979-09-11;0,92;126;;jah
1979-09-12;0,83;124;;jah
1979-09-13;1;130;;jah
1979-09-14;1,15;134;;jah
1979-09-15;1,29;138;;jah
1979-09-16;1,29;139;;jah
1979-09-17;1,23;138;;jah
1979-09-18;1,12;136;;jah
1979-09-19;1,37;144;;jah
1979-09-20;1,35;144;;jah
1979-09-21;1,31;143;;jah
1979-09-22;1,49;148;;jah
1979-09-23;1,42;146;;jah
1979-09-24;1,25;142;;jah
1979-09-25;1,21;141;;jah
1979-09-26;1,32;144;;jah
1979-09-27;1,3;144;;jah
1979-09-28;1,41;147;;jah
1979-09-29;1,38;147;;jah
1979-09-30;1,17;141;;jah
1979-10-01;1,35;141;;jah
1979-10-02;1,52;141;;jah
1979-10-03;1,49;141;;jah
1979-10-04;1,46;140;;jah
1979-10-05;1,43;140;;jah
1979-10-06;1,39;140;;jah
1979-10-07;1,36;140;;jah
1979-10-08;1,33;140;;jah
1979-10-09;1,3;140;;jah
1979-10-10;1,27;139;;jah
1979-10-11;1,24;139;;jah
1979-10-12;1,2;139;;jah
1979-10-13;1,17;139;;jah
1979-10-14;1,14;139;;jah
1979-10-15;1,14;139;;jah
1979-10-16;1,15;139;;jah
1979-10-17;1,15;138;;jah
1979-10-18;1,15;138;;jah
1979-10-19;1,15;138;;jah
1979-10-20;1,16;138;;jah
1979-10-21;1,16;138;;jah
1979-10-22;1,16;138;;jah
1979-10-23;1,17;138;;jah
1979-10-24;1,17;137;;jah
1979-10-25;1,17;137;;jah
1979-10-26;1,17;137;;jah
1979-10-27;1,18;137;;jah
1979-10-28;1,18;137;;jah
1979-10-29;1,13;136;;jah
1979-10-30;1,1;135;;jah
1979-10-31;1,02;133;;jah
1979-11-01;0,99;132;;jah
1979-11-02;0,9;129;;jah
1979-11-03;0,87;128;;jah
1979-11-04;0,94;130;;jah
1979-11-05;1,05;132;;jah
1979-11-06;1,09;132;;jah
1979-11-07;1,12;132;;jah
1979-11-08;1,15;132;;jah
1979-11-09;1,18;132;;jah
1979-11-10;1,24;133;;jah
1979-11-11;1,41;136;;jah
1979-11-12;1,43;136;;jah
1979-11-13;1,45;136;;jah
1979-11-14;1,37;134;;jah
1979-11-15;1,39;134;;jah
1979-11-16;1,81;142;;jah
1979-11-17;2,43;153;;jah
1979-11-18;2,89;161;;jah
1979-11-19;3,17;165;;jah
1979-11-20;3,32;168;;jah
1979-11-21;3,08;164;;jah
1979-11-22;2,65;158;;jah
1979-11-23;2,23;152;;jah
1979-11-24;2,17;152;;jah
1979-11-25;3,01;169;;jah
1979-11-26;2,93;169;;jah
1979-11-27;3,01;172;;jah
1979-11-28;4,06;191;;jah
1979-11-29;4,92;208;;jah
1979-11-30;4,71;204;;jah
1979-12-01;3,45;180;;jah
1979-12-02;3,33;177;;jah
1979-12-03;3,32;176;;jah
1979-12-04;3,37;176;;jah
1979-12-05;3,48;178;;jah
1979-12-06;3,53;178;;jah
1979-12-07;3,46;176;;jah
1979-12-08;3,17;171;;jah
1979-12-09;2,55;160;;jah
1979-12-10;2,42;158;;jah
1979-12-11;2,69;163;;jah
1979-12-12;2,28;156;;jah
1979-12-13;1,77;146;;jah
1979-12-14;1,61;143;;jah
1979-12-15;1,49;141;;jah
1979-12-16;1,49;141;;jah
1979-12-17;1,43;140;;jah
1979-12-18;1,54;143;;jah
1979-12-19;1,62;146;;jah
1979-12-20;1,59;146;;jah
1979-12-21;1,5;145;;jah
1979-12-22;1,44;144;;jah
1979-12-23;1,39;144;;jah
1979-12-24;1,38;145;;jah
1979-12-25;1,3;144;;jah
1979-12-26;1,08;139;;jah
1979-12-27;1;139;;jah
1979-12-28;0,93;138;;jah
1979-12-29;0,86;137;;jah
1979-12-30;0,92;140;;jah
1979-12-31;1;142;;jah
1980-01-01;0,95;141;;jah
1980-01-02;0,97;140;;jah
1980-01-03;1,03;140;;jah
1980-01-04;1,09;140;;jah
1980-01-05;1,13;138;;jah
1980-01-06;1,24;139;;jah
1980-01-07;1,36;140;;jah
1980-01-08;1,23;136;;jah
1980-01-09;1,33;138;;jah
1980-01-10;1,25;136;;jah
1980-01-11;1,41;140;;jah
1980-01-12;1,27;137;;jah
1980-01-13;1,07;132;;jah
1980-01-14;0,96;129;;jah
1980-01-15;1,01;131;;jah
1980-01-16;0,9;128;;jah
1980-01-17;1,15;135;;jah
1980-01-18;1,08;133;;jah
1980-01-19;1,02;132;;jah
1980-01-20;1;132;;jah
1980-01-21;0,99;132;;jah
1980-01-22;0,92;131;;jah
1980-01-23;0,9;131;;jah
1980-01-24;0,91;132;;jah
1980-01-25;0,97;135;;jah
1980-01-26;0,9;134;;jah
1980-01-27;0,93;136;;jah
1980-01-28;0,89;136;;jah
1980-01-29;0,87;136;;jah
1980-01-30;0,92;139;;jah
1980-01-31;0,84;137;;jah
1980-02-01;0,84;137;;jah
1980-02-02;0,84;137;;jah
1980-02-03;0,85;138;;jah
1980-02-04;0,9;140;;jah
1980-02-05;0,9;140;;jah
1980-02-06;0,99;143;;jah
1980-02-07;0,96;142;;jah
1980-02-08;1,01;144;;jah
1980-02-09;1,01;144;;jah
1980-02-10;1,01;144;;jah
1980-02-11;1,04;145;;jah
1980-02-12;1,07;146;;jah
1980-02-13;1,1;147;;jah
1980-02-14;1,07;146;;jah
1980-02-15;1,1;146;;jah
1980-02-16;1,06;144;;jah
1980-02-17;1,08;143;;jah
1980-02-18;0,97;138;;jah
1980-02-19;1,01;138;;jah
1980-02-20;1,04;137;;jah
1980-02-21;1,06;137;;jah
1980-02-22;1,03;135;;jah
1980-02-23;1,17;138;;jah
1980-02-24;1,13;136;;jah
1980-02-25;1,15;136;;jah
1980-02-26;1,15;136;;jah
1980-02-27;1,17;136;;jah
1980-02-28;1,19;136;;jah
1980-02-29;1,21;136;;jah
1980-03-01;1,19;135;;jah
1980-03-02;1,17;134;;jah
1980-03-03;1,18;134;;jah
1980-03-04;1,22;134;;jah
1980-03-05;1,24;134;;jah
1980-03-06;1,25;134;;jah
1980-03-07;1,18;132;;jah
1980-03-08;1,22;132;;jah
1980-03-09;1,06;128;;jah
1980-03-10;0,93;124;;jah
1980-03-11;1,09;128;;jah
1980-03-12;1,03;126;;jah
1980-03-13;1,06;126;;jah
1980-03-14;0,99;124;;jah
1980-03-15;1,02;124;;jah
1980-03-16;1,02;124;;jah
1980-03-17;1,14;127;;jah
1980-03-18;1,02;124;;jah
1980-03-19;1,1;126;;jah
1980-03-20;1,14;127;;jah
1980-03-21;1,1;126;;jah
1980-03-22;1,1;126;;jah
1980-03-23;1,09;126;;jah
1980-03-24;1,09;126;;jah
1980-03-25;1,05;125;;jah
1980-03-26;1,12;127;;jah
1980-03-27;1,23;130;;jah
1980-03-28;1,15;128;;jah
1980-03-29;1,19;129;;jah
1980-03-30;1,13;128;;jah
1980-03-31;1,12;128;;jah
1980-04-01;1,45;138;;jah
1980-04-02;1,55;142;;jah
1980-04-03;1,64;145;;jah
1980-04-04;1,76;149;;jah
1980-04-05;1,88;152;;jah
1980-04-06;2,05;158;;jah
1980-04-07;2,99;184;;jah
1980-04-08;5,55;228;;jah
1980-04-09;7;245;;jah
1980-04-10;7,1;244;;jah
1980-04-11;5,9;226;;jah
1980-04-12;5,05;213;;jah
1980-04-13;5,12;214;;jah
1980-04-14;5,48;219;;jah
1980-04-15;5,48;219;;jah
1980-04-16;5,25;216;;jah
1980-04-17;4,8;209;;jah
1980-04-18;4,57;204;;jah
1980-04-19;4,33;200;;jah
1980-04-20;4,45;202;;jah
1980-04-21;4,57;204;;jah
1980-04-22;4,51;203;;jah
1980-04-23;4,33;200;;jah
1980-04-24;4,09;196;;jah
1980-04-25;3,98;194;;jah
1980-04-26;3,92;193;;jah
1980-04-27;3,66;188;;jah
1980-04-28;3,56;186;;jah
1980-04-29;3,39;182;;jah
1980-04-30;3,31;180;;jah
1980-05-01;3,01;173;;jah
1980-05-02;3,05;174;;jah
1980-05-03;2,87;170;;jah
1980-05-04;2,74;167;;jah
1980-05-05;2,74;167;;jah
1980-05-06;3,39;182;;jah
1980-05-07;3,31;180;;jah
1980-05-08;3,14;176;;jah
1980-05-09;2,92;171;;jah
1980-05-10;2,87;170;;jah
1980-05-11;2,69;166;;jah
1980-05-12;2,52;162;;jah
1980-05-13;2,31;157;;jah
1980-05-14;2,17;154;;jah
1980-05-15;1,87;146;;jah
1980-05-16;1,74;142;;jah
1980-05-17;1,81;144;;jah
1980-05-18;1,93;148;;jah
1980-05-19;1,66;145;;jah
1980-05-20;1,73;146;;jah
1980-05-21;1,6;144;;jah
1980-05-22;1,48;142;;jah
1980-05-23;1,42;141;;jah
1980-05-24;1,31;139;;jah
1980-05-25;2,05;151;;jah
1980-05-26;1,99;150;;jah
1980-05-27;2,11;152;;jah
1980-05-28;2,74;162;;jah
1980-05-29;2,68;161;;jah
1980-05-30;2,3;155;;jah
1980-05-31;2,36;156;;jah
1980-06-01;2,24;154;;jah
1980-06-02;2,18;153;;jah
1980-06-03;1,86;148;;jah
1980-06-04;1,31;139;;jah
1980-06-05;1,27;138;;jah
1980-06-06;1,27;138;;jah
1980-06-07;1,18;136;;jah
1980-06-08;0,95;131;;jah
1980-06-09;1,08;134;;jah
1980-06-10;1,04;133;;jah
1980-06-11;0,9;130;;jah
1980-06-12;0,9;130;;jah
1980-06-13;0,86;129;;jah
1980-06-14;0,86;129;;jah
1980-06-15;0,78;127;;jah
1980-06-16;0,82;128;;jah
1980-06-17;0,82;128;;jah
1980-06-18;0,74;126;;jah
1980-06-19;0,74;126;;jah
1980-06-20;0,78;127;;jah
1980-06-21;0,82;128;;jah
1980-06-22;0,68;124;;jah
1980-06-23;0,66;123;;jah
1980-06-24;0,68;124;;jah
1980-06-25;0,86;129;;jah
1980-06-26;1,18;136;;jah
1980-06-27;1,86;148;;jah
1980-06-28;1,92;149;;jah
1980-06-29;1,73;146;;jah
1980-06-30;1,48;142;;jah
1980-07-01;0,92;128;;jah
1980-07-02;1,49;142;;jah
1980-07-03;1;130;;jah
1980-07-04;1,02;130;;jah
1980-07-05;1,12;132;;jah
1980-07-06;0,87;125;;jah
1980-07-07;0,95;127;;jah
1980-07-08;0,63;116;;jah
1980-07-09;0,89;125;;jah
1980-07-10;0,91;125;;jah
1980-07-11;1,01;128;;jah
1980-07-12;1,08;130;;jah
1980-07-13;0,91;125;;jah
1980-07-14;1,01;128;;jah
1980-07-15;0,98;127;;jah
1980-07-16;1,01;128;;jah
1980-07-17;1,01;128;;jah
1980-07-18;1,3;135;;jah
1980-07-19;1,72;145;;jah
1980-07-20;1,22;134;;jah
1980-07-21;1,18;133;;jah
1980-07-22;1,08;131;;jah
1980-07-23;0,95;128;;jah
1980-07-24;0,95;128;;jah
1980-07-25;0,95;128;;jah
1980-07-26;1,02;130;;jah
1980-07-27;0,75;122;;jah
1980-07-28;0,92;128;;jah
1980-07-29;0,48;111;;jah
1980-07-30;0,47;111;;jah
1980-07-31;0,49;112;;jah
1980-08-01;0,44;112;;jah
1980-08-02;0,59;120;;jah
1980-08-03;1,27;138;;jah
1980-08-04;1,22;137;;jah
1980-08-05;1,08;134;;jah
1980-08-06;0,99;132;;jah
1980-08-07;0,82;128;;jah
1980-08-08;1,18;136;;jah
1980-08-09;1,22;137;;jah
1980-08-10;1,54;143;;jah
1980-08-11;1,22;137;;jah
1980-08-12;1,27;138;;jah
1980-08-13;1,66;145;;jah
1980-08-14;1,36;140;;jah
1980-08-15;1,27;138;;jah
1980-08-16;1,22;137;;jah
1980-08-17;1,08;134;;jah
1980-08-18;1,08;134;;jah
1980-08-19;0,9;130;;jah
1980-08-20;0,99;132;;jah
1980-08-21;0,9;130;;jah
1980-08-22;1,27;138;;jah
1980-08-23;1,31;139;;jah
1980-08-24;1,08;134;;jah
1980-08-25;1,18;136;;jah
1980-08-26;0,99;132;;jah
1980-08-27;1,08;134;;jah
1980-08-28;0,9;130;;jah
1980-08-29;0,78;127;;jah
1980-08-30;1,54;143;;jah
1980-08-31;1,6;144;;jah
1980-09-01;1,18;136;;jah
1980-09-02;1,13;135;;jah
1980-09-03;1,27;138;;jah
1980-09-04;1,48;142;;jah
1980-09-05;1,42;141;;jah
1980-09-06;1,6;144;;jah
1980-09-07;1,73;146;;jah
1980-09-08;1,27;138;;jah
1980-09-09;1,36;140;;jah
1980-09-10;1,36;140;;jah
1980-09-11;1,22;137;;jah
1980-09-12;1,27;138;;jah
1980-09-13;1,48;142;;jah
1980-09-14;1,42;141;;jah
1980-09-15;1,18;136;;jah
1980-09-16;1,31;139;;jah
1980-09-17;1,31;139;;jah
1980-09-18;1,27;138;;jah
1980-09-19;1,22;137;;jah
1980-09-20;1,18;136;;jah
1980-09-21;1,48;142;;jah
1980-09-22;1,27;138;;jah
1980-09-23;1,31;139;;jah
1980-09-24;1,27;138;;jah
1980-09-25;1,22;137;;jah
1980-09-26;0,99;132;;jah
1980-09-27;1,42;141;;jah
1980-09-28;1,08;134;;jah
1980-09-29;1,22;137;;jah
1980-09-30;1,22;137;;jah
1980-10-01;1,13;135;;jah
1980-10-02;1,42;141;;jah
1980-10-03;1,73;146;;jah
1980-10-04;1,6;144;;jah
1980-10-05;1,6;144;;jah
1980-10-06;2,11;152;;jah
1980-10-07;1,54;143;;jah
1980-10-08;1,66;145;;jah
1980-10-09;1,92;149;;jah
1980-10-10;2,26;160;;jah
1980-10-11;2,55;169;;jah
1980-10-12;2,87;177;;jah
1980-10-13;3,06;182;;jah
1980-10-14;2,87;177;;jah
1980-10-15;2,43;166;;jah
1980-10-16;2,26;160;;jah
1980-10-17;2,31;162;;jah
1980-10-18;2,2;158;;jah
1980-10-19;2,31;162;;jah
1980-10-20;2,55;169;;jah
1980-10-21;2,63;171;;jah
1980-10-22;2,79;175;;jah
1980-10-23;2,9;178;;jah
1980-10-24;2,98;180;;jah
1980-10-25;3,02;181;;jah
1980-10-26;2,87;177;;jah
1980-10-27;3,3;188;;jah
1980-10-28;3,18;185;;jah
1980-10-29;3,34;189;;jah
1980-10-30;4,34;208;;jah
1980-10-31;4,14;205;;jah
1980-11-01;3,66;196;;jah
1980-11-02;3,18;185;;jah
1980-11-03;2,79;175;;jah
1980-11-04;2,31;162;;jah
1980-11-05;2,34;163;;jah
1980-11-06;2,14;156;;jah
1980-11-07;2,17;157;;jah
1980-11-08;2,14;156;;jah
1980-11-09;1,96;149;;jah
1980-11-10;1,99;150;;jah
1980-11-11;2,04;152;;jah
1980-11-12;1,9;148;;jah
1980-11-13;2,06;153;;jah
1980-11-14;2,01;151;;jah
1980-11-15;2,04;152;;jah
1980-11-16;2,09;154;;jah
1980-11-17;2,2;158;;jah
1980-11-18;3,22;186;;jah
1980-11-19;5,51;231;;jah
1980-11-20;5,8;236;;jah
1980-11-21;5,07;223;;jah
1980-11-22;5,23;226;;jah
1980-11-23;6,06;240;;jah
1980-11-24;6,52;246;;jah
1980-11-25;5,51;242;;jah
1980-11-26;3,88;222;;jah
1980-11-27;2,29;189;;jah
1980-11-28;1,71;171;;jah
1980-11-29;1,62;168;;jah
1980-11-30;1,71;171;;jah
1980-12-01;1,63;167;;jah
1980-12-02;1,51;162;;jah
1980-12-03;1,36;156;;jah
1980-12-04;1,36;155;;jah
1980-12-05;1,36;154;;jah
1980-12-06;1,39;153;;jah
1980-12-07;1,26;148;;jah
1980-12-08;1,28;148;;jah
1980-12-09;1,34;148;;jah
1980-12-10;1,58;154;;jah
1980-12-11;1,56;152;;jah
1980-12-12;1,58;151;;jah
1980-12-13;1,68;152;;jah
1980-12-14;3,67;194;;jah
1980-12-15;5,91;228;;jah
1980-12-16;7,52;255;;jah
1980-12-17;7,46;253;;jah
1980-12-18;6,49;238;;jah
1980-12-19;5,74;225;;jah
1980-12-20;4,3;199;;jah
1980-12-21;3,3;180;;jah
1980-12-22;3,3;180;;jah
1980-12-23;3,14;177;;jah
1980-12-24;3,14;177;;jah
1980-12-25;3,35;181;;jah
1980-12-26;3,25;179;;jah
1980-12-27;3,25;180;;jah
1980-12-28;3,2;180;;jah
1980-12-29;3,1;179;;jah
1980-12-30;5,5;227;;jah
1980-12-31;5,7;234;;jah
1981-01-01;8;266;;jah
1981-01-02;14,5;350;;jah
1981-01-03;8,71;275;;jah
1981-01-04;6,62;245;;jah
1981-01-05;5,6;229;;jah
1981-01-06;4,8;220;;jah
1981-01-07;4,62;218;;jah
1981-01-08;3,61;198;;jah
1981-01-09;3,72;202;;jah
1981-01-10;3,45;196;;jah
1981-01-11;3,19;190;;jah
1981-01-12;2,84;181;;jah
1981-01-13;2,62;176;;jah
1981-01-14;2,58;174;;jah
1981-01-15;2,39;169;;jah
1981-01-16;2,35;168;;jah
1981-01-17;2,35;168;;jah
1981-01-18;2,3;166;;jah
1981-01-19;2,29;165;;jah
1981-01-20;2,11;161;;jah
1981-01-21;2,1;160;;jah
1981-01-22;2,14;160;;jah
1981-01-23;2,05;158;;jah
1981-01-24;2,01;157;;jah
1981-01-25;2;158;;jah
1981-01-26;2;158;;jah
1981-01-27;1,98;161;;jah
1981-01-28;1,98;155;;jah
1981-01-29;1,98;155;;jah
1981-01-30;2,03;156;;jah
1981-01-31;2,06;156;;jah
1981-02-01;2,06;156;;jah
1981-02-02;2,36;161;;jah
1981-02-03;2,96;172;;jah
1981-02-04;3,84;188;;jah
1981-02-05;3,78;187;;jah
1981-02-06;3,4;180;;jah
1981-02-07;3,13;175;;jah
1981-02-08;3,07;174;;jah
1981-02-09;2,75;168;;jah
1981-02-10;2,5;163;;jah
1981-02-11;2,41;162;;jah
1981-02-12;2,41;162;;jah
1981-02-13;2,23;159;;jah
1981-02-14;2,32;161;;jah
1981-02-15;2,2;159;;jah
1981-02-16;2,25;161;;jah
1981-02-17;2,17;160;;jah
1981-02-18;2,04;157;;jah
1981-02-19;1,88;154;;jah
1981-02-20;1,76;152;;jah
1981-02-21;1,73;152;;jah
1981-02-22;1,73;152;;jah
1981-02-23;1,69;151;;jah
1981-02-24;1,76;152;;jah
1981-02-25;1,78;151;;jah
1981-02-26;1,76;150;;jah
1981-02-27;1,7;148;;jah
1981-02-28;1,69;147;;jah
1981-03-01;1,69;147;;jah
1981-03-02;1,66;147;;jah
1981-03-03;1,64;147;;jah
1981-03-04;1,68;148;;jah
1981-03-05;1,65;148;;jah
1981-03-06;1,66;149;;jah
1981-03-07;1,6;148;;jah
1981-03-08;1,55;148;;jah
1981-03-09;1,57;150;;jah
1981-03-10;1,99;166;;jah
1981-03-11;2,02;168;;jah
1981-03-12;2,06;169;;jah
1981-03-13;2,1;170;;jah
1981-03-14;1,95;166;;jah
1981-03-15;1,84;163;;jah
1981-03-16;1,88;164;;jah
1981-03-17;1,76;160;;jah
1981-03-18;1,69;158;;jah
1981-03-19;1,79;160;;jah
1981-03-20;1,79;160;;jah
1981-03-21;1,83;160;;jah
1981-03-22;2,28;170;;jah
1981-03-23;5,1;229;;jah
1981-03-24;7,5;264;;jah
1981-03-25;9;283;;jah
1981-03-26;8,9;282;;jah
1981-03-27;8,81;271;;jah
1981-03-28;8,1;260;;jah
1981-03-29;7,22;246;;jah
1981-03-30;6,28;231;;jah
1981-03-31;5,54;219;;jah
1981-04-01;5,06;211;;jah
1981-04-02;5,96;226;;jah
1981-04-03;6,72;238;;jah
1981-04-04;6,85;240;;jah
1981-04-05;7,74;254;;jah
1981-04-06;8,24;262;;jah
1981-04-07;8,57;267;;jah
1981-04-08;8,75;270;;jah
1981-04-09;8,81;271;;jah
1981-04-10;8,24;262;;jah
1981-04-11;7,74;254;;jah
1981-04-12;7,61;252;;jah
1981-04-13;7,41;249;;jah
1981-04-14;7,35;248;;jah
1981-04-15;7,03;243;;jah
1981-04-16;6,59;236;;jah
1981-04-17;6,09;228;;jah
1981-04-18;5,17;213;;jah
1981-04-19;4,1;194;;jah
1981-04-20;3,67;186;;jah
1981-04-21;3,43;181;;jah
1981-04-22;3,22;177;;jah
1981-04-23;2,95;172;;jah
1981-04-24;2,81;169;;jah
1981-04-25;2,73;167;;jah
1981-04-26;2,6;164;;jah
1981-04-27;2,36;159;;jah
1981-04-28;2,55;163;;jah
1981-04-29;3,33;179;;jah
1981-04-30;3,78;188;;jah
1981-05-01;4,1;194;;jah
1981-05-02;4,15;195;;jah
1981-05-03;4,53;202;;jah
1981-05-04;4,72;205;;jah
1981-05-05;4,41;200;;jah
1981-05-06;4,1;194;;jah
1981-05-07;3,88;190;;jah
1981-05-08;3,78;188;;jah
1981-05-09;3,67;186;;jah
1981-05-10;3,01;173;;jah
1981-05-11;2,95;172;;jah
1981-05-12;3,03;174;;jah
1981-05-13;2,96;172;;jah
1981-05-14;2,75;168;;jah
1981-05-15;2,69;166;;jah
1981-05-16;2,48;162;;jah
1981-05-17;2,32;158;;jah
1981-05-18;2,17;155;;jah
1981-05-19;2,07;153;;jah
1981-05-20;1,92;150;;jah
1981-05-21;1,77;146;;jah
1981-05-22;1,9;149;;jah
1981-05-23;1,77;146;;jah
1981-05-24;1,72;145;;jah
1981-05-25;1,63;144;;jah
1981-05-26;1,6;144;;jah
1981-05-27;1,69;147;;jah
1981-05-28;1,57;145;;jah
1981-05-29;1,72;149;;jah
1981-05-30;2,44;165;;jah
1981-05-31;3,05;177;;jah
1981-06-01;2,94;175;;jah
1981-06-02;2,55;167;;jah
1981-06-03;1,98;155;;jah
1981-06-04;1,76;150;;jah
1981-06-05;1,68;148;;jah
1981-06-06;1,51;144;;jah
1981-06-07;1,34;140;;jah
1981-06-08;1,68;148;;jah
1981-06-09;1,59;146;;jah
1981-06-10;1,55;145;;jah
1981-06-11;2,03;156;;jah
1981-06-12;2,03;156;;jah
1981-06-13;2,03;156;;jah
1981-06-14;2,12;158;;jah
1981-06-15;2,12;158;;jah
1981-06-16;2,12;158;;jah
1981-06-17;2,39;163;;jah
1981-06-18;2,73;170;;jah
1981-06-19;3,15;178;;jah
1981-06-20;3,15;178;;jah
1981-06-21;3,15;178;;jah
1981-06-22;3,15;178;;jah
1981-06-23;3,09;177;;jah
1981-06-24;2,88;172;;jah
1981-06-25;2,57;166;;jah
1981-06-26;2,48;164;;jah
1981-06-27;2,18;158;;jah
1981-06-28;1,95;153;;jah
1981-06-29;1,73;148;;jah
1981-06-30;1,39;140;;jah
1981-07-01;1,77;149;;jah
1981-07-02;1,86;151;;jah
1981-07-03;1,52;143;;jah
1981-07-04;1,47;142;;jah
1981-07-05;1,47;142;;jah
1981-07-06;1,68;146;;jah
1981-07-07;1,58;144;;jah
1981-07-08;1,47;142;;jah
1981-07-09;1,43;141;;jah
1981-07-10;1,19;135;;jah
1981-07-11;1,11;133;;jah
1981-07-12;0,99;130;;jah
1981-07-13;1,15;134;;jah
1981-07-14;1,05;132;;jah
1981-07-15;1,33;139;;jah
1981-07-16;1,92;153;;jah
1981-07-17;1,97;154;;jah
1981-07-18;1,8;151;;jah
1981-07-19;1,68;148;;jah
1981-07-20;1,68;148;;jah
1981-07-21;1,51;144;;jah
1981-07-22;1,73;150;;jah
1981-07-23;2,05;158;;jah
1981-07-24;1,72;151;;jah
1981-07-25;1,49;146;;jah
1981-07-26;1,43;145;;jah
1981-07-27;1,68;152;;jah
1981-07-28;1,53;149;;jah
1981-07-29;1,29;143;;jah
1981-07-30;1,36;145;;jah
1981-07-31;1,7;154;;jah
1981-08-01;1,66;153;;jah
1981-08-02;1,66;153;;jah
1981-08-03;1,65;152;;jah
1981-08-04;1,53;149;;jah
1981-08-05;1,42;146;;jah
1981-08-06;1,33;143;;jah
1981-08-07;1,33;143;;jah
1981-08-08;1,11;137;;jah
1981-08-09;1,04;135;;jah
1981-08-10;1,24;140;;jah
1981-08-11;1,45;145;;jah
1981-08-12;1,42;144;;jah
1981-08-13;1,44;144;;jah
1981-08-14;1,46;144;;jah
1981-08-15;1,79;152;;jah
1981-08-16;2;156;;jah
1981-08-17;2;156;;jah
1981-08-18;1,84;153;;jah
1981-08-19;1,92;155;;jah
1981-08-20;2,15;161;;jah
1981-08-21;2,47;169;;jah
1981-08-22;2,71;174;;jah
1981-08-23;3;181;;jah
1981-08-24;2,71;176;;jah
1981-08-25;2,67;174;;jah
1981-08-26;2,53;171;;jah
1981-08-27;2,21;163;;jah
1981-08-28;2,16;162;;jah
1981-08-29;2,29;164;;jah
1981-08-30;2,32;164;;jah
1981-08-31;2,42;166;;jah
1981-09-01;2,51;168;;jah
1981-09-02;2,7;171;;jah
1981-09-03;2,79;172;;jah
1981-09-04;2,69;170;;jah
1981-09-05;2,89;174;;jah
1981-09-06;2,89;174;;jah
1981-09-07;2,69;170;;jah
1981-09-08;2,55;167;;jah
1981-09-09;2,3;162;;jah
1981-09-10;2,12;158;;jah
1981-09-11;2,03;156;;jah
1981-09-12;1,82;152;;jah
1981-09-13;1,73;150;;jah
1981-09-14;1,7;150;;jah
1981-09-15;1,52;146;;jah
1981-09-16;1,49;146;;jah
1981-09-17;1,45;145;;jah
1981-09-18;1,71;152;;jah
1981-09-19;1,76;154;;jah
1981-09-20;1,52;148;;jah
1981-09-21;1,6;150;;jah
1981-09-22;1,95;158;;jah
1981-09-23;2,66;173;;jah
1981-09-24;3,25;184;;jah
1981-09-25;3,24;185;;jah
1981-09-26;3,14;184;;jah
1981-09-27;2,99;182;;jah
1981-09-28;2,71;177;;jah
1981-09-29;2,18;166;;jah
1981-09-30;2,02;165;;jah
1981-10-01;2,03;166;;jah
1981-10-02;1,72;160;;jah
1981-10-03;1,52;154;;jah
1981-10-04;1,66;158;;jah
1981-10-05;1,79;160;;jah
1981-10-06;1,86;159;;jah
1981-10-07;2,31;168;;jah
1981-10-08;2,99;182;;jah
1981-10-09;3;181;;jah
1981-10-10;3,48;190;;jah
1981-10-11;4,6;213;;jah
1981-10-12;5,74;235;;jah
1981-10-13;6,65;249;;jah
1981-10-14;6,47;246;;jah
1981-10-15;5,89;236;;jah
1981-10-16;5,2;223;;jah
1981-10-17;4,99;219;;jah
1981-10-18;5,15;222;;jah
1981-10-19;5,25;224;;jah
1981-10-20;5,1;221;;jah
1981-10-21;5,1;222;;jah
1981-10-22;5,2;224;;jah
1981-10-23;7,85;267;;jah
1981-10-24;9,25;286;;jah
1981-10-25;8,05;270;;jah
1981-10-26;8,15;271;;jah
1981-10-27;7,78;266;;jah
1981-10-28;6,65;249;;jah
1981-10-29;6,52;248;;jah
1981-10-30;7,3;259;;jah
1981-10-31;7,65;264;;jah
1981-11-01;6,95;255;;jah
1981-11-02;6,16;241;;jah
1981-11-03;5,47;228;;jah
1981-11-04;4,69;212;;jah
1981-11-05;4,44;207;;jah
1981-11-06;4,49;208;;jah
1981-11-07;4,54;209;;jah
1981-11-08;4,65;211;;jah
1981-11-09;4,47;209;;jah
1981-11-10;4,15;204;;jah
1981-11-11;3,96;200;;jah
1981-11-12;3,82;197;;jah
1981-11-13;3,58;192;;jah
1981-11-14;3,67;194;;jah
1981-11-15;3,47;191;;jah
1981-11-16;3,42;190;;jah
1981-11-17;3,27;188;;jah
1981-11-18;2,99;182;;jah
1981-11-19;2,81;178;;jah
1981-11-20;2,67;176;;jah
1981-11-21;3,96;206;;jah
1981-11-22;7,45;274;;jah
1981-11-23;8,47;288;;jah
1981-11-24;10;299;;jah
1981-11-25;9,77;290;;jah
1981-11-26;9,57;287;;jah
1981-11-27;8,84;275;;jah
1981-11-28;8,38;268;;jah
1981-11-29;6,54;239;;jah
1981-11-30;5,29;217;;jah
1981-12-01;5,17;215;;jah
1981-12-02;4,73;207;;jah
1981-12-03;4,57;204;;jah
1981-12-04;4,51;203;;jah
1981-12-05;5;212;;jah
1981-12-06;5,29;217;;jah
1981-12-07;5,17;215;;jah
1981-12-08;4,83;209;;jah
1981-12-09;4,46;202;;jah
1981-12-10;4,25;198;;jah
1981-12-11;3,99;208;;jah
1981-12-12;3,63;217;;jah
1981-12-13;3,43;203;;jah
1981-12-14;3,39;196;;jah
1981-12-15;3,39;196;;jah
1981-12-16;3,03;189;;jah
1981-12-17;2,81;185;;jah
1981-12-18;2,68;182;;jah
1981-12-19;2,52;178;;jah
1981-12-20;2,52;178;;jah
1981-12-21;2,56;179;;jah
1981-12-22;2,52;178;;jah
1981-12-23;2,57;178;;jah
1981-12-24;2,61;178;;jah
1981-12-25;2,7;180;;jah
1981-12-26;2,75;180;;jah
1981-12-27;2,8;180;;jah
1981-12-28;2,85;180;;jah
1981-12-29;2,85;179;;jah
1981-12-30;2,9;180;;jah
1981-12-31;2,95;180;;jah
1982-01-01;2,86;178;;jah
1982-01-02;2,81;176;;jah
1982-01-03;2,76;183;;jah
1982-01-04;2,67;186;;jah
1982-01-05;2,62;182;;jah
1982-01-06;2,57;176;;jah
1982-01-07;2,44;174;;jah
1982-01-08;2,31;172;;jah
1982-01-09;2,22;171;;jah
1982-01-10;2,14;170;;jah
1982-01-11;2,18;170;;jah
1982-01-12;2,18;170;;jah
1982-01-13;2,23;170;;jah
1982-01-14;2,23;170;;jah
1982-01-15;2,19;168;;jah
1982-01-16;2,27;170;;jah
1982-01-17;2,19;168;;jah
1982-01-18;2,15;166;;jah
1982-01-19;2,15;166;;jah
1982-01-20;2,14;165;;jah
1982-01-21;2,1;164;;jah
1982-01-22;2,14;164;;jah
1982-01-23;2,14;164;;jah
1982-01-24;2,26;166;;jah
1982-01-25;2,22;165;;jah
1982-01-26;2,26;166;;jah
1982-01-27;2,35;167;;jah
1982-01-28;2,35;167;;jah
1982-01-29;2,3;166;;jah
1982-01-30;2,3;166;;jah
1982-01-31;2,39;167;;jah
1982-02-01;2,39;167;;jah
1982-02-02;2,39;167;;jah
1982-02-03;2,34;166;;jah
1982-02-04;2,34;166;;jah
1982-02-05;2,29;165;;jah
1982-02-06;2,34;166;;jah
1982-02-07;2,34;166;;jah
1982-02-08;2,29;165;;jah
1982-02-09;2,25;164;;jah
1982-02-10;2,29;165;;jah
1982-02-11;2,47;169;;jah
1982-02-12;2,62;172;;jah
1982-02-13;2,62;172;;jah
1982-02-14;2,52;170;;jah
1982-02-15;2,52;170;;jah
1982-02-16;2,43;168;;jah
1982-02-17;2,43;168;;jah
1982-02-18;2,38;166;;jah
1982-02-19;2,29;164;;jah
1982-02-20;2,28;163;;jah
1982-02-21;2,23;162;;jah
1982-02-22;2,23;162;;jah
1982-02-23;2,27;162;;jah
1982-02-24;2,25;161;;jah
1982-02-25;2,3;162;;jah
1982-02-26;2,34;162;;jah
1982-02-27;2,32;161;;jah
1982-02-28;2,23;159;;jah
1982-03-01;2,18;158;;jah
1982-03-02;2,24;160;;jah
1982-03-03;2,4;164;;jah
1982-03-04;2,65;170;;jah
1982-03-05;2,8;173;;jah
1982-03-06;2,9;176;;jah
1982-03-07;2,9;176;;jah
1982-03-08;3;179;;jah
1982-03-09;3,44;189;;jah
1982-03-10;3,53;191;;jah
1982-03-11;3,29;186;;jah
1982-03-12;3,19;184;;jah
1982-03-13;3,24;182;;jah
1982-03-14;3,1;182;;jah
1982-03-15;3;180;;jah
1982-03-16;2,81;176;;jah
1982-03-17;2,95;179;;jah
1982-03-18;3,91;199;;jah
1982-03-19;4,19;205;;jah
1982-03-20;4,19;205;;jah
1982-03-21;3,95;199;;jah
1982-03-22;3,77;195;;jah
1982-03-23;3,65;192;;jah
1982-03-24;3,73;194;;jah
1982-03-25;3,73;194;;jah
1982-03-26;4,76;218;;jah
1982-03-27;7,49;269;;jah
1982-03-28;10,4;309;;jah
1982-03-29;10,4;307;;jah
1982-03-30;9,89;298;;jah
1982-03-31;9,16;286;;jah
1982-04-01;8,22;271;;jah
1982-04-02;9,89;285;;jah
1982-04-03;11,6;302;;jah
1982-04-04;12,9;317;;jah
1982-04-05;13,6;331;;jah
1982-04-06;10,7;315;;jah
1982-04-07;8,39;290;;jah
1982-04-08;7,13;271;;jah
1982-04-09;9,98;296;;jah
1982-04-10;12,3;315;;jah
1982-04-11;13,9;326;;jah
1982-04-12;12,1;302;;jah
1982-04-13;11;289;;jah
1982-04-14;9,98;276;;jah
1982-04-15;8,7;260;;jah
1982-04-16;7,61;246;;jah
1982-04-17;7,2;241;;jah
1982-04-18;7,78;248;;jah
1982-04-19;8,07;252;;jah
1982-04-20;7,92;250;;jah
1982-04-21;7,12;240;;jah
1982-04-22;6,41;231;;jah
1982-04-23;5,81;223;;jah
1982-04-24;5,45;218;;jah
1982-04-25;5,24;215;;jah
1982-04-26;4,86;209;;jah
1982-04-27;5,05;212;;jah
1982-04-28;5,31;216;;jah
1982-04-29;5,31;216;;jah
1982-04-30;5,45;218;;jah
1982-05-01;5,05;212;;jah
1982-05-02;4,5;203;;jah
1982-05-03;3,77;190;;jah
1982-05-04;3,6;187;;jah
1982-05-05;3,43;184;;jah
1982-05-06;3,21;180;;jah
1982-05-07;2,99;176;;jah
1982-05-08;2,89;174;;jah
1982-05-09;2,58;168;;jah
1982-05-10;2,58;168;;jah
1982-05-11;2,47;166;;jah
1982-05-12;2,06;158;;jah
1982-05-13;2,16;160;;jah
1982-05-14;2,16;160;;jah
1982-05-15;2,11;159;;jah
1982-05-16;2,06;158;;jah
1982-05-17;1,85;154;;jah
1982-05-18;1,85;154;;jah
1982-05-19;1,85;154;;jah
1982-05-20;1,75;152;;jah
1982-05-21;1,75;152;;jah
1982-05-22;1,75;152;;jah
1982-05-23;1,78;153;;jah
1982-05-24;1,85;154;;jah
1982-05-25;1,8;153;;jah
1982-05-26;1,79;152;;jah
1982-05-27;1,75;151;;jah
1982-05-28;1,62;148;;jah
1982-05-29;1,36;141;;jah
1982-05-30;1,36;141;;jah
1982-05-31;1,51;144;;jah
1982-06-01;1,53;144;;jah
1982-06-02;1,29;138;;jah
1982-06-03;1,42;141;;jah
1982-06-04;1,39;140;;jah
1982-06-05;1,35;139;;jah
1982-06-06;1,41;140;;jah
1982-06-07;1,54;143;;jah
1982-06-08;1,49;142;;jah
1982-06-09;1,23;136;;jah
1982-06-10;1,17;135;;jah
1982-06-11;1,09;133;;jah
1982-06-12;1,64;147;;jah
1982-06-13;1,47;143;;jah
1982-06-14;1,4;142;;jah
1982-06-15;1,4;142;;jah
1982-06-16;2,6;170;;jah
1982-06-17;3,1;180;;jah
1982-06-18;3,05;179;;jah
1982-06-19;3,1;180;;jah
1982-06-20;2,55;169;;jah
1982-06-21;2,05;158;;jah
1982-06-22;1,96;156;;jah
1982-06-23;1,79;152;;jah
1982-06-24;1,84;153;;jah
1982-06-25;1,79;152;;jah
1982-06-26;1,5;145;;jah
1982-06-27;1,75;151;;jah
1982-06-28;1,66;149;;jah
1982-06-29;1,7;150;;jah
1982-06-30;1,85;154;;jah
1982-07-01;2,21;163;;jah
1982-07-02;2,86;177;;jah
1982-07-03;2,47;169;;jah
1982-07-04;2,39;166;;jah
1982-07-05;2,43;168;;jah
1982-07-06;1,9;156;;jah
1982-07-07;1,79;154;;jah
1982-07-08;1,71;152;;jah
1982-07-09;1,87;156;;jah
1982-07-10;1,87;156;;jah
1982-07-11;1,64;151;;jah
1982-07-12;1,52;148;;jah
1982-07-13;1,22;140;;jah
1982-07-14;1,18;139;;jah
1982-07-15;1,11;137;;jah
1982-07-16;1,15;138;;jah
1982-07-17;1,11;137;;jah
1982-07-18;1,11;137;;jah
1982-07-19;1,18;139;;jah
1982-07-20;1,25;141;;jah
1982-07-21;1,37;144;;jah
1982-07-22;1,29;142;;jah
1982-07-23;1,22;140;;jah
1982-07-24;1,22;140;;jah
1982-07-25;1,16;139;;jah
1982-07-26;1,13;138;;jah
1982-07-27;1,13;138;;jah
1982-07-28;1,13;138;;jah
1982-07-29;1,16;139;;jah
1982-07-30;1,13;138;;jah
1982-07-31;1,09;137;;jah
1982-08-01;1,04;136;;jah
1982-08-02;0,92;133;;jah
1982-08-03;0,99;135;;jah
1982-08-04;0,87;132;;jah
1982-08-05;0,87;132;;jah
1982-08-06;0,84;131;;jah
1982-08-07;0,87;132;;jah
1982-08-08;0,92;134;;jah
1982-08-09;0,95;135;;jah
1982-08-10;1,05;138;;jah
1982-08-11;1,05;138;;jah
1982-08-12;0,99;136;;jah
1982-08-13;0,92;134;;jah
1982-08-14;0,95;135;;jah
1982-08-15;1,08;139;;jah
1982-08-16;1,18;142;;jah
1982-08-17;1,18;142;;jah
1982-08-18;1,27;144;;jah
1982-08-19;1,34;146;;jah
1982-08-20;1,46;150;;jah
1982-08-21;1,32;146;;jah
1982-08-22;1,2;143;;jah
1982-08-23;1,16;142;;jah
1982-08-24;1,16;142;;jah
1982-08-25;1,12;141;;jah
1982-08-26;1,09;140;;jah
1982-08-27;1,09;140;;jah
1982-08-28;1,16;142;;jah
1982-08-29;1,09;140;;jah
1982-08-30;1,07;140;;jah
1982-08-31;1,07;140;;jah
1982-09-01;1,06;139;;jah
1982-09-02;1,09;140;;jah
1982-09-03;1,09;140;;jah
1982-09-04;1,36;148;;jah
1982-09-05;1,76;159;;jah
1982-09-06;1,91;162;;jah
1982-09-07;1,91;163;;jah
1982-09-08;1,88;162;;jah
1982-09-09;1,85;162;;jah
1982-09-10;1,66;158;;jah
1982-09-11;1,52;154;;jah
1982-09-12;1,52;155;;jah
1982-09-13;1,56;157;;jah
1982-09-14;1,35;151;;jah
1982-09-15;1,26;149;;jah
1982-09-16;1,21;148;;jah
1982-09-17;1,21;148;;jah
1982-09-18;1,09;144;;jah
1982-09-19;0,97;140;;jah
1982-09-20;1,03;142;;jah
1982-09-21;1,09;145;;jah
1982-09-22;1,06;144;;jah
1982-09-23;1,04;143;;jah
1982-09-24;1,06;144;;jah
1982-09-25;0,94;140;;jah
1982-09-26;0,97;141;;jah
1982-09-27;0,94;140;;jah
1982-09-28;0,84;136;;jah
1982-09-29;0,89;138;;jah
1982-09-30;1,03;142;;jah
1982-10-01;1,06;143;;jah
1982-10-02;1,06;143;;jah
1982-10-03;0,96;139;;jah
1982-10-04;0,96;139;;jah
1982-10-05;1,17;146;;jah
1982-10-06;1,08;143;;jah
1982-10-07;0,99;140;;jah
1982-10-08;0,95;138;;jah
1982-10-09;0,95;138;;jah
1982-10-10;0,98;139;;jah
1982-10-11;1,1;143;;jah
1982-10-12;0,92;137;;jah
1982-10-13;1,04;141;;jah
1982-10-14;1,42;153;;jah
1982-10-15;1,45;154;;jah
1982-10-16;1,59;158;;jah
1982-10-17;1,66;160;;jah
1982-10-18;1,45;154;;jah
1982-10-19;1,52;155;;jah
1982-10-20;1,35;150;;jah
1982-10-21;1,52;155;;jah
1982-10-22;1,48;153;;jah
1982-10-23;1,55;155;;jah
1982-10-24;1,8;162;;jah
1982-10-25;1,69;159;;jah
1982-10-26;1,58;156;;jah
1982-10-27;1,52;154;;jah
1982-10-28;1,44;152;;jah
1982-10-29;1,44;152;;jah
1982-10-30;1,38;150;;jah
1982-10-31;1,34;149;;jah
1982-11-01;1,31;148;;jah
1982-11-02;1,34;149;;jah
1982-11-03;1,34;149;;jah
1982-11-04;1,34;149;;jah
1982-11-05;1,41;151;;jah
1982-11-06;1,38;150;;jah
1982-11-07;1,28;147;;jah
1982-11-08;1,31;148;;jah
1982-11-09;1,24;146;;jah
1982-11-10;1,31;148;;jah
1982-11-11;1,31;148;;jah
1982-11-12;1,34;149;;jah
1982-11-13;1,38;150;;jah
1982-11-14;1,34;149;;jah
1982-11-15;1,37;149;;jah
1982-11-16;1,5;152;;jah
1982-11-17;1,32;146;;jah
1982-11-18;1,38;147;;jah
1982-11-19;1,44;148;;jah
1982-11-20;1,5;149;;jah
1982-11-21;1,6;150;;jah
1982-11-22;1,79;154;;jah
1982-11-23;2,16;162;;jah
1982-11-24;2,29;164;;jah
1982-11-25;2,6;170;;jah
1982-11-26;2,51;167;;jah
1982-11-27;2,4;164;;jah
1982-11-28;2,12;158;;jah
1982-11-29;1,97;154;;jah
1982-11-30;1,98;155;;jah
1982-12-01;1,91;154;;jah
1982-12-02;1,85;154;;jah
1982-12-03;1,68;152;;jah
1982-12-04;1,43;147;;jah
1982-12-05;1,34;146;;jah
1982-12-06;1,56;152;;jah
1982-12-07;1,52;151;;jah
1982-12-08;1,48;150;;jah
1982-12-09;1,24;143;;jah
1982-12-10;1,41;148;;jah
1982-12-11;1,48;150;;jah
1982-12-12;1,45;155;;jah
1982-12-13;1,48;165;;jah
1982-12-14;1,52;151;;jah
1982-12-15;1,52;151;;jah
1982-12-16;1,6;153;;jah
1982-12-17;1,9;161;;jah
1982-12-18;1,79;158;;jah
1982-12-19;1,79;158;;jah
1982-12-20;1,85;157;;jah
1982-12-21;2,18;161;;jah
1982-12-22;2,63;168;;jah
1982-12-23;2,73;170;;jah
1982-12-24;2,83;172;;jah
1982-12-25;2,79;172;;jah
1982-12-26;2,27;168;;jah
1982-12-27;2,31;170;;jah
1982-12-28;2,93;184;;jah
1982-12-29;2,88;183;;jah
1982-12-30;2,79;181;;jah
1982-12-31;2,62;177;;jah
1983-01-01;2,42;172;;jah
1983-01-02;2,24;168;;jah
1983-01-03;2,17;166;;jah
1983-01-04;2,08;164;;jah
1983-01-05;1,97;161;;jah
1983-01-06;1,94;160;;jah
1983-01-07;3,66;188;;jah
1983-01-08;5,4;223;;jah
1983-01-09;6,26;239;;jah
1983-01-10;6,88;249;;jah
1983-01-11;6,15;237;;jah
1983-01-12;5,55;226;;jah
1983-01-13;5,4;223;;jah
1983-01-14;6,2;238;;jah
1983-01-15;7,42;252;;jah
1983-01-16;6,85;244;;jah
1983-01-17;6,48;239;;jah
1983-01-18;5,29;223;;jah
1983-01-19;4,83;216;;jah
1983-01-20;3,9;200;;jah
1983-01-21;3,24;187;;jah
1983-01-22;2,95;182;;jah
1983-01-23;2,82;180;;jah
1983-01-24;2,82;187;;jah
1983-01-25;2,79;180;;jah
1983-01-26;2,94;183;;jah
1983-01-27;4,45;213;;jah
1983-01-28;7,62;262;;jah
1983-01-29;9,12;284;;jah
1983-01-30;8,61;275;;jah
1983-01-31;8,5;268;;jah
1983-02-01;6,85;243;;jah
1983-02-02;5,52;223;;jah
1983-02-03;5,3;219;;jah
1983-02-04;5,37;220;;jah
1983-02-05;4,83;211;;jah
1983-02-06;4,65;207;;jah
1983-02-07;4,3;201;;jah
1983-02-08;3,75;191;;jah
1983-02-09;3,42;185;;jah
1983-02-10;3,04;178;;jah
1983-02-11;2,93;176;;jah
1983-02-12;2,83;174;;jah
1983-02-13;2,72;172;;jah
1983-02-14;2,63;170;;jah
1983-02-15;2,5;168;;jah
1983-02-16;2,4;166;;jah
1983-02-17;2,28;164;;jah
1983-02-18;2,28;164;;jah
1983-02-19;2,15;162;;jah
1983-02-20;2,12;162;;jah
1983-02-21;2,08;161;;jah
1983-02-22;2,03;160;;jah
1983-02-23;1,94;158;;jah
1983-02-24;1,83;156;;jah
1983-02-25;1,9;157;;jah
1983-02-26;1,9;157;;jah
1983-02-27;1,85;156;;jah
1983-02-28;1,78;154;;jah
1983-03-01;1,58;150;;jah
1983-03-02;1,58;150;;jah
1983-03-03;1,5;148;;jah
1983-03-04;1,45;147;;jah
1983-03-05;1,55;149;;jah
1983-03-06;1,6;150;;jah
1983-03-07;1,62;150;;jah
1983-03-08;1,58;149;;jah
1983-03-09;1,54;148;;jah
1983-03-10;1,53;148;;jah
1983-03-11;1,57;149;;jah
1983-03-12;1,53;148;;jah
1983-03-13;1,53;148;;jah
1983-03-14;1,51;148;;jah
1983-03-15;1,51;148;;jah
1983-03-16;1,54;149;;jah
1983-03-17;1,57;150;;jah
1983-03-18;1,74;154;;jah
1983-03-19;2,1;162;;jah
1983-03-20;2,92;180;;jah
1983-03-21;3,16;186;;jah
1983-03-22;3,32;190;;jah
1983-03-23;3,02;184;;jah
1983-03-24;2,7;178;;jah
1983-03-25;3,58;196;;jah
1983-03-26;6,32;240;;jah
1983-03-27;6,94;250;;jah
1983-03-28;6,2;238;;jah
1983-03-29;5,55;226;;jah
1983-03-30;5,3;221;;jah
1983-03-31;5,76;230;;jah
1983-04-01;6,82;248;;jah
1983-04-02;8,72;277;;jah
1983-04-03;11,4;310;;jah
1983-04-04;13,8;338;;jah
1983-04-05;14,5;345;;jah
1983-04-06;13;329;;jah
1983-04-07;10,8;304;;jah
1983-04-08;9,01;281;;jah
1983-04-09;7,84;264;;jah
1983-04-10;7,07;252;;jah
1983-04-11;6,63;245;;jah
1983-04-12;5,98;234;;jah
1983-04-13;5,55;226;;jah
1983-04-14;5,15;218;;jah
1983-04-15;4,9;213;;jah
1983-04-16;4,86;212;;jah
1983-04-17;4,9;213;;jah
1983-04-18;5,35;222;;jah
1983-04-19;6,03;235;;jah
1983-04-20;6,44;242;;jah
1983-04-21;6,69;246;;jah
1983-04-22;6,51;243;;jah
1983-04-23;5,98;234;;jah
1983-04-24;5,2;219;;jah
1983-04-25;4,57;206;;jah
1983-04-26;4,14;197;;jah
1983-04-27;4,05;195;;jah
1983-04-28;3,88;192;;jah
1983-04-29;3,6;187;;jah
1983-04-30;3,32;182;;jah
1983-05-01;3,32;182;;jah
1983-05-02;3,66;188;;jah
1983-05-03;3,77;190;;jah
1983-05-04;3,55;186;;jah
1983-05-05;3,27;181;;jah
1983-05-06;2,93;176;;jah
1983-05-07;2,57;170;;jah
1983-05-08;2,39;167;;jah
1983-05-09;2,23;164;;jah
1983-05-10;2,01;160;;jah
1983-05-11;2,18;164;;jah
1983-05-12;2,5;172;;jah
1983-05-13;3,09;184;;jah
1983-05-14;3,3;189;;jah
1983-05-15;3,22;188;;jah
1983-05-16;2,79;180;;jah
1983-05-17;2,94;183;;jah
1983-05-18;2,95;184;;jah
1983-05-19;2,76;180;;jah
1983-05-20;2,35;171;;jah
1983-05-21;2,12;166;;jah
1983-05-22;1,86;160;;jah
1983-05-23;1,77;158;;jah
1983-05-24;1,5;152;;jah
1983-05-25;1,3;147;;jah
1983-05-26;1,38;149;;jah
1983-05-27;1,46;151;;jah
1983-05-28;1,42;150;;jah
1983-05-29;1,59;154;;jah
1983-05-30;1,72;157;;jah
1983-05-31;1,9;161;;jah
1983-06-01;2,12;166;;jah
1983-06-02;2,12;166;;jah
1983-06-03;1,9;161;;jah
1983-06-04;1,77;158;;jah
1983-06-05;1,68;156;;jah
1983-06-06;1,63;155;;jah
1983-06-07;1,34;148;;jah
1983-06-08;1,55;153;;jah
1983-06-09;1,05;140;;jah
1983-06-10;1,19;144;;jah
1983-06-11;1,26;146;;jah
1983-06-12;1,19;144;;jah
1983-06-13;1,19;144;;jah
1983-06-14;1,01;139;;jah
1983-06-15;0,98;138;;jah
1983-06-16;1,15;143;;jah
1983-06-17;1,38;149;;jah
1983-06-18;1,79;158;;jah
1983-06-19;2,45;172;;jah
1983-06-20;2,13;165;;jah
1983-06-21;1,9;160;;jah
1983-06-22;1,28;146;;jah
1983-06-23;1,2;144;;jah
1983-06-24;1,19;144;;jah
1983-06-25;1,19;144;;jah
1983-06-26;1,19;144;;jah
1983-06-27;1,15;143;;jah
1983-06-28;1,42;150;;jah
1983-06-29;1,28;147;;jah
1983-06-30;1,17;144;;jah
1983-07-01;1,04;140;;jah
1983-07-02;0,97;138;;jah
1983-07-03;0,9;136;;jah
1983-07-04;0,77;132;;jah
1983-07-05;0,92;137;;jah
1983-07-06;0,82;134;;jah
1983-07-07;0,85;135;;jah
1983-07-08;0,88;136;;jah
1983-07-09;0,88;136;;jah
1983-07-10;0,81;134;;jah
1983-07-11;0,78;133;;jah
1983-07-12;0,87;136;;jah
1983-07-13;0,75;132;;jah
1983-07-14;0,87;136;;jah
1983-07-15;0,8;134;;jah
1983-07-16;0,87;136;;jah
1983-07-17;0,87;136;;jah
1983-07-18;0,87;136;;jah
1983-07-19;0,87;136;;jah
1983-07-20;0,77;133;;jah
1983-07-21;0,8;134;;jah
1983-07-22;0,87;136;;jah
1983-07-23;0,87;136;;jah
1983-07-24;0,8;134;;jah
1983-07-25;0,87;136;;jah
1983-07-26;0,8;134;;jah
1983-07-27;0,66;129;;jah
1983-07-28;0,68;130;;jah
1983-07-29;0,75;132;;jah
1983-07-30;0,71;131;;jah
1983-07-31;0,75;132;;jah
1983-08-01;0,84;135;;jah
1983-08-02;0,8;134;;jah
1983-08-03;0,75;132;;jah
1983-08-04;0,75;132;;jah
1983-08-05;0,75;132;;jah
1983-08-06;0,77;133;;jah
1983-08-07;0,77;133;;jah
1983-08-08;0,77;133;;jah
1983-08-09;0,71;131;;jah
1983-08-10;0,68;130;;jah
1983-08-11;0,75;132;;jah
1983-08-12;0,75;132;;jah
1983-08-13;0,75;132;;jah
1983-08-14;0,71;131;;jah
1983-08-15;1;140;;jah
1983-08-16;0,9;137;;jah
1983-08-17;0,77;133;;jah
1983-08-18;0,8;134;;jah
1983-08-19;0,84;135;;jah
1983-08-20;0,75;132;;jah
1983-08-21;0,71;131;;jah
1983-08-22;0,84;135;;jah
1983-08-23;0,6;127;;jah
1983-08-24;0,6;127;;jah
1983-08-25;0,71;131;;jah
1983-08-26;0,77;133;;jah
1983-08-27;0,66;129;;jah
1983-08-28;0,68;130;;jah
1983-08-29;0,8;134;;jah
1983-08-30;0,63;128;;jah
1983-08-31;0,47;122;;jah
1983-09-01;0,63;128;;jah
1983-09-02;0,68;130;;jah
1983-09-03;0,68;130;;jah
1983-09-04;0,66;129;;jah
1983-09-05;0,75;132;;jah
1983-09-06;0,68;130;;jah
1983-09-07;0,66;129;;jah
1983-09-08;0,66;129;;jah
1983-09-09;0,75;132;;jah
1983-09-10;0,75;132;;jah
1983-09-11;0,75;132;;jah
1983-09-12;0,71;131;;jah
1983-09-13;0,66;129;;jah
1983-09-14;0,66;129;;jah
1983-09-15;0,68;130;;jah
1983-09-16;0,68;130;;jah
1983-09-17;0,77;133;;jah
1983-09-18;0,8;134;;jah
1983-09-19;0,84;135;;jah
1983-09-20;0,8;134;;jah
1983-09-21;0,8;134;;jah
1983-09-22;0,87;136;;jah
1983-09-23;0,93;138;;jah
1983-09-24;1;140;;jah
1983-09-25;1,03;141;;jah
1983-09-26;1,03;141;;jah
1983-09-27;0,97;139;;jah
1983-09-28;0,9;137;;jah
1983-09-29;0,8;134;;jah
1983-09-30;0,75;132;;jah
1983-10-01;0,75;132;;jah
1983-10-02;0,75;132;;jah
1983-10-03;0,84;135;;jah
1983-10-04;0,68;130;;jah
1983-10-05;0,66;129;;jah
1983-10-06;0,77;133;;jah
1983-10-07;0,93;138;;jah
1983-10-08;1,13;144;;jah
1983-10-09;1,21;146;;jah
1983-10-10;1,31;149;;jah
1983-10-11;1,24;147;;jah
1983-10-12;1,21;146;;jah
1983-10-13;1,48;153;;jah
1983-10-14;1,31;149;;jah
1983-10-15;1,35;150;;jah
1983-10-16;1,28;148;;jah
1983-10-17;1,39;151;;jah
1983-10-18;1,69;158;;jah
1983-10-19;1,48;153;;jah
1983-10-20;1,52;154;;jah
1983-10-21;1,6;156;;jah
1983-10-22;1,52;154;;jah
1983-10-23;1,52;154;;jah
1983-10-24;1,44;152;;jah
1983-10-25;1,3;149;;jah
1983-10-26;1,19;146;;jah
1983-10-27;1,19;146;;jah
1983-10-28;1,05;142;;jah
1983-10-29;1,22;147;;jah
1983-10-30;1,42;152;;jah
1983-10-31;1,3;149;;jah
1983-11-01;1,26;148;;jah
1983-11-02;1,46;153;;jah
1983-11-03;1,71;159;;jah
1983-11-04;1,79;161;;jah
1983-11-05;1,79;161;;jah
1983-11-06;1,67;158;;jah
1983-11-07;1,54;155;;jah
1983-11-08;1,42;152;;jah
1983-11-09;1,34;150;;jah
1983-11-10;1,26;148;;jah
1983-11-11;1,22;147;;jah
1983-11-12;1,21;146;;jah
1983-11-13;1,07;142;;jah
1983-11-14;0,97;139;;jah
1983-11-15;1,05;141;;jah
1983-11-16;0,99;139;;jah
1983-11-17;0,89;136;;jah
1983-11-18;0,9;136;;jah
1983-11-19;1,17;144;;jah
1983-11-20;1,55;153;;jah
1983-11-21;2,3;170;;jah
1983-11-22;2,29;169;;jah
1983-11-23;2,22;174;;jah
1983-11-24;2,2;166;;jah
1983-11-25;2,5;172;;jah
1983-11-26;3,02;182;;jah
1983-11-27;4,6;212;;jah
1983-11-28;5,48;225;;jah
1983-11-29;4,41;207;;jah
1983-11-30;4,29;204;;jah
1983-12-01;4,33;204;;jah
1983-12-02;3,83;194;;jah
1983-12-03;3,33;184;;jah
1983-12-04;2,9;176;;jah
1983-12-05;3,15;180;;jah
1983-12-06;5,53;220;;jah
1983-12-07;7,12;240;;jah
1983-12-08;7,37;243;;jah
1983-12-09;6,48;232;;jah
1983-12-10;5,02;214;;jah
1983-12-11;4,21;206;;jah
1983-12-12;3,64;200;;jah
1983-12-13;3,02;190;;jah
1983-12-14;2,76;185;;jah
1983-12-15;2,58;181;;jah
1983-12-16;2,45;178;;jah
1983-12-17;2,2;172;;jah
1983-12-18;2,18;171;;jah
1983-12-19;2,14;170;;jah
1983-12-20;2,06;168;;jah
1983-12-21;2,12;168;;jah
1983-12-22;2,34;172;;jah
1983-12-23;2,72;179;;jah
1983-12-24;3,17;187;;jah
1983-12-25;3,55;194;;jah
1983-12-26;3,84;198;;jah
1983-12-27;3,67;194;;jah
1983-12-28;3,62;193;;jah
1983-12-29;3,47;190;;jah
1983-12-30;3,27;186;;jah
1983-12-31;3,83;197;;jah
1984-01-01;4,46;208;;jah
1984-01-02;9,23;274;;jah
1984-01-03;9,87;283;;jah
1984-01-04;10,6;292;;jah
1984-01-05;10,1;283;;jah
1984-01-06;9;266;;jah
1984-01-07;7,7;248;;jah
1984-01-08;6,86;236;;jah
1984-01-09;6,3;228;;jah
1984-01-10;5,69;219;;jah
1984-01-11;5,39;214;;jah
1984-01-12;4,68;203;;jah
1984-01-13;4,55;200;;jah
1984-01-14;3,58;183;;jah
1984-01-15;4,29;195;;jah
1984-01-16;4,53;199;;jah
1984-01-17;4,06;191;;jah
1984-01-18;3,88;188;;jah
1984-01-19;3,88;188;;jah
1984-01-20;3,64;184;;jah
1984-01-21;3,23;177;;jah
1984-01-22;3,17;176;;jah
1984-01-23;3,06;174;;jah
1984-01-24;2,95;172;;jah
1984-01-25;3,12;175;;jah
1984-01-26;3,17;176;;jah
1984-01-27;2,84;170;;jah
1984-01-28;2,84;170;;jah
1984-01-29;2,73;168;;jah
1984-01-30;2,62;166;;jah
1984-01-31;2,51;164;;jah
1984-02-01;2,49;164;;jah
1984-02-02;2,37;162;;jah
1984-02-03;2,35;162;;jah
1984-02-04;2,33;162;;jah
1984-02-05;2,33;162;;jah
1984-02-06;2,31;162;;jah
1984-02-07;2,2;160;;jah
1984-02-08;2,16;160;;jah
1984-02-09;2,16;160;;jah
1984-02-10;2,16;160;;jah
1984-02-11;2,11;158;;jah
1984-02-12;2,11;159;;jah
1984-02-13;2,06;158;;jah
1984-02-14;1,95;156;;jah
1984-02-15;1,98;160;;jah
1984-02-16;1,86;161;;jah
1984-02-17;1,65;158;;jah
1984-02-18;1,61;158;;jah
1984-02-19;1,61;158;;jah
1984-02-20;1,63;158;;jah
1984-02-21;1,54;156;;jah
1984-02-22;1,52;155;;jah
1984-02-23;1,54;155;;jah
1984-02-24;1,52;154;;jah
1984-02-25;1,54;154;;jah
1984-02-26;1,57;154;;jah
1984-02-27;1,61;154;;jah
1984-02-28;1,65;154;;jah
1984-02-29;1,87;158;;jah
1984-03-01;2,03;160;;jah
1984-03-02;1,92;157;;jah
1984-03-03;2,12;160;;jah
1984-03-04;2,16;160;;jah
1984-03-05;1,99;156;;jah
1984-03-06;1,87;153;;jah
1984-03-07;2,07;156;;jah
1984-03-08;2;154;;jah
1984-03-09;1,89;152;;jah
1984-03-10;1,82;150;;jah
1984-03-11;1,82;150;;jah
1984-03-12;1,72;148;;jah
1984-03-13;1,72;148;;jah
1984-03-14;1,66;147;;jah
1984-03-15;1,66;147;;jah
1984-03-16;1,62;146;;jah
1984-03-17;1,66;147;;jah
1984-03-18;1,76;149;;jah
1984-03-19;1,62;146;;jah
1984-03-20;1,52;144;;jah
1984-03-21;1,56;145;;jah
1984-03-22;1,52;144;;jah
1984-03-23;1,52;144;;jah
1984-03-24;1,52;144;;jah
1984-03-25;1,39;141;;jah
1984-03-26;1,72;148;;jah
1984-03-27;1,82;150;;jah
1984-03-28;1,66;147;;jah
1984-03-29;1,66;147;;jah
1984-03-30;1,8;150;;jah
1984-03-31;1,84;151;;jah
1984-04-01;2,79;170;;jah
1984-04-02;4,32;207;;jah
1984-04-03;4,9;217;;jah
1984-04-04;7,4;256;;jah
1984-04-05;11,3;312;;jah
1984-04-06;14,8;342;;jah
1984-04-07;15,5;347;;jah
1984-04-08;15,1;344;;jah
1984-04-09;15,5;338;;jah
1984-04-10;13,1;313;;jah
1984-04-11;11,4;294;;jah
1984-04-12;9,98;276;;jah
1984-04-13;8,8;263;;jah
1984-04-14;7,3;249;;jah
1984-04-15;6,3;236;;jah
1984-04-16;5,1;220;;jah
1984-04-17;4,32;207;;jah
1984-04-18;3,96;199;;jah
1984-04-19;3,73;194;;jah
1984-04-20;3,6;191;;jah
1984-04-21;3,29;184;;jah
1984-04-22;3,1;179;;jah
1984-04-23;2,86;174;;jah
1984-04-24;2,74;171;;jah
1984-04-25;2,62;168;;jah
1984-04-26;2,66;169;;jah
1984-04-27;2,7;170;;jah
1984-04-28;2,62;168;;jah
1984-04-29;2,54;166;;jah
1984-04-30;2,42;163;;jah
1984-05-01;2,29;160;;jah
1984-05-02;2,19;158;;jah
1984-05-03;1,96;154;;jah
1984-05-04;1,91;152;;jah
1984-05-05;1,73;148;;jah
1984-05-06;2;154;;jah
1984-05-07;2,1;156;;jah
1984-05-08;1,96;153;;jah
1984-05-09;1,91;152;;jah
1984-05-10;1,82;150;;jah
1984-05-11;1,82;150;;jah
1984-05-12;1,82;150;;jah
1984-05-13;1,78;149;;jah
1984-05-14;1,82;150;;jah
1984-05-15;1,64;146;;jah
1984-05-16;1,54;144;;jah
1984-05-17;1,54;144;;jah
1984-05-18;1,42;142;;jah
1984-05-19;1,54;144;;jah
1984-05-20;1,42;142;;jah
1984-05-21;1,3;140;;jah
1984-05-22;1,3;140;;jah
1984-05-23;1,54;144;;jah
1984-05-24;1,6;145;;jah
1984-05-25;1,64;146;;jah
1984-05-26;1,42;142;;jah
1984-05-27;1,42;142;;jah
1984-05-28;1,6;145;;jah
1984-05-29;1,64;146;;jah
1984-05-30;1,54;144;;jah
1984-05-31;1,42;142;;jah
1984-06-01;1,27;142;;jah
1984-06-02;1,22;141;;jah
1984-06-03;1,02;136;;jah
1984-06-04;1,26;143;;jah
1984-06-05;0,91;134;;jah
1984-06-06;0,9;134;;jah
1984-06-07;1,05;138;;jah
1984-06-08;1,2;142;;jah
1984-06-09;1,27;144;;jah
1984-06-10;1,31;145;;jah
1984-06-11;1,61;152;;jah
1984-06-12;1,27;144;;jah
1984-06-13;1,16;141;;jah
1984-06-14;1,2;142;;jah
1984-06-15;1,12;140;;jah
1984-06-16;1,26;144;;jah
1984-06-17;1,22;143;;jah
1984-06-18;1,17;142;;jah
1984-06-19;1,13;141;;jah
1984-06-20;1,1;140;;jah
1984-06-21;1,1;140;;jah
1984-06-22;1,06;139;;jah
1984-06-23;1,03;138;;jah
1984-06-24;1,06;139;;jah
1984-06-25;1,03;138;;jah
1984-06-26;0,99;137;;jah
1984-06-27;0,99;137;;jah
1984-06-28;1,01;138;;jah
1984-06-29;1,09;140;;jah
1984-06-30;1,16;142;;jah
1984-07-01;1,11;141;;jah
1984-07-02;1,21;144;;jah
1984-07-03;1,21;144;;jah
1984-07-04;1,28;146;;jah
1984-07-05;1,15;143;;jah
1984-07-06;1,12;142;;jah
1984-07-07;1,08;141;;jah
1984-07-08;1,04;140;;jah
1984-07-09;0,99;139;;jah
1984-07-10;0,96;138;;jah
1984-07-11;0,88;136;;jah
1984-07-12;0,87;136;;jah
1984-07-13;0,9;137;;jah
1984-07-14;0,93;138;;jah
1984-07-15;0,99;140;;jah
1984-07-16;0,96;140;;jah
1984-07-17;1,01;142;;jah
1984-07-18;1,14;145;;jah
1984-07-19;1,7;161;;jah
1984-07-20;1,68;161;;jah
1984-07-21;2,23;175;;jah
1984-07-22;2,13;173;;jah
1984-07-23;1,86;167;;jah
1984-07-24;2,01;170;;jah
1984-07-25;2,05;171;;jah
1984-07-26;2,3;176;;jah
1984-07-27;2,86;189;;jah
1984-07-28;3,07;192;;jah
1984-07-29;3,51;201;;jah
1984-07-30;3,1;192;;jah
1984-07-31;2,93;188;;jah
1984-08-01;2,7;183;;jah
1984-08-02;2,53;179;;jah
1984-08-03;2,22;172;;jah
1984-08-04;1,94;165;;jah
1984-08-05;1,75;160;;jah
1984-08-06;1,54;155;;jah
1984-08-07;1,38;151;;jah
1984-08-08;1,42;152;;jah
1984-08-09;1,35;150;;jah
1984-08-10;1,28;148;;jah
1984-08-11;1,3;149;;jah
1984-08-12;1,25;148;;jah
1984-08-13;1,1;144;;jah
1984-08-14;1,14;145;;jah
1984-08-15;1,28;149;;jah
1984-08-16;1,09;144;;jah
1984-08-17;1,09;144;;jah
1984-08-18;1,03;142;;jah
1984-08-19;1;141;;jah
1984-08-20;1,16;146;;jah
1984-08-21;1,03;142;;jah
1984-08-22;1,06;143;;jah
1984-08-23;1,06;143;;jah
1984-08-24;0,9;138;;jah
1984-08-25;0,96;140;;jah
1984-08-26;0,87;137;;jah
1984-08-27;0,9;138;;jah
1984-08-28;0,83;136;;jah
1984-08-29;0,95;140;;jah
1984-08-30;1,01;142;;jah
1984-08-31;1,01;142;;jah
1984-09-01;1,05;143;;jah
1984-09-02;1,15;146;;jah
1984-09-03;1,36;152;;jah
1984-09-04;1,71;160;;jah
1984-09-05;1,83;162;;jah
1984-09-06;2,24;171;;jah
1984-09-07;2,22;170;;jah
1984-09-08;2,28;170;;jah
1984-09-09;2,22;168;;jah
1984-09-10;2,09;164;;jah
1984-09-11;2,01;162;;jah
1984-09-12;1,99;161;;jah
1984-09-13;1,87;158;;jah
1984-09-14;1,97;160;;jah
1984-09-15;1,99;161;;jah
1984-09-16;1,9;159;;jah
1984-09-17;1,74;156;;jah
1984-09-18;1,74;156;;jah
1984-09-19;1,99;162;;jah
1984-09-20;2,59;175;;jah
1984-09-21;3,26;189;;jah
1984-09-22;3,49;196;;jah
1984-09-23;3,74;203;;jah
1984-09-24;3,94;209;;jah
1984-09-25;3,89;210;;jah
1984-09-26;3,89;212;;jah
1984-09-27;4,58;226;;jah
1984-09-28;4,59;225;;jah
1984-09-29;4,31;218;;jah
1984-09-30;4,19;212;;jah
1984-10-01;3,78;202;;jah
1984-10-02;3,38;192;;jah
1984-10-03;2,95;182;;jah
1984-10-04;2,66;176;;jah
1984-10-05;2,39;170;;jah
1984-10-06;2,24;168;;jah
1984-10-07;2,26;169;;jah
1984-10-08;2,28;170;;jah
1984-10-09;2,17;168;;jah
1984-10-10;2,43;174;;jah
1984-10-11;2,51;176;;jah
1984-10-12;2,79;182;;jah
1984-10-13;3,07;188;;jah
1984-10-14;3,17;190;;jah
1984-10-15;3,49;197;;jah
1984-10-16;3,83;204;;jah
1984-10-17;3,78;202;;jah
1984-10-18;3,68;200;;jah
1984-10-19;3,92;204;;jah
1984-10-20;3,92;204;;jah
1984-10-21;3,87;203;;jah
1984-10-22;3,97;204;;jah
1984-10-23;3,97;204;;jah
1984-10-24;4,12;206;;jah
1984-10-25;4,92;220;;jah
1984-10-26;5,57;230;;jah
1984-10-27;5,64;231;;jah
1984-10-28;5,83;234;;jah
1984-10-29;5,54;230;;jah
1984-10-30;5,18;224;;jah
1984-10-31;4,56;214;;jah
1984-11-01;4,22;208;;jah
1984-11-02;3,96;203;;jah
1984-11-03;3,71;198;;jah
1984-11-04;3,41;192;;jah
1984-11-05;3,12;186;;jah
1984-11-06;2,92;182;;jah
1984-11-07;2,78;179;;jah
1984-11-08;2,63;176;;jah
1984-11-09;2,54;174;;jah
1984-11-10;2,45;172;;jah
1984-11-11;2,4;171;;jah
1984-11-12;2,27;168;;jah
1984-11-13;2,08;164;;jah
1984-11-14;1,94;163;;jah
1984-11-15;1,92;161;;jah
1984-11-16;1,97;162;;jah
1984-11-17;1,88;160;;jah
1984-11-18;1,97;162;;jah
1984-11-19;2,35;164;;jah
1984-11-20;2,24;168;;jah
1984-11-21;2,24;168;;jah
1984-11-22;2,29;169;;jah
1984-11-23;2,24;168;;jah
1984-11-24;2,19;167;;jah
1984-11-25;2,22;168;;jah
1984-11-26;2,08;165;;jah
1984-11-27;2,17;167;;jah
1984-11-28;1,81;159;;jah
1984-11-29;2,3;170;;jah
1984-11-30;1,81;159;;jah
1984-12-01;2,08;165;;jah
1984-12-02;2,04;164;;jah
1984-12-03;2,06;165;;jah
1984-12-04;2,28;170;;jah
1984-12-05;2,06;165;;jah
1984-12-06;1,92;162;;jah
1984-12-07;2,01;164;;jah
1984-12-08;2,69;179;;jah
1984-12-09;4,4;214;;jah
1984-12-10;5,7;231;;jah
1984-12-11;5,55;226;;jah
1984-12-12;4,62;210;;jah
1984-12-13;4,16;200;;jah
1984-12-14;4,03;196;;jah
1984-12-15;4,05;195;;jah
1984-12-16;3,66;188;;jah
1984-12-17;3,43;184;;jah
1984-12-18;3,43;184;;jah
1984-12-19;3,21;180;;jah
1984-12-20;2,99;176;;jah
1984-12-21;2,94;175;;jah
1984-12-22;2,52;167;;jah
1984-12-23;2,37;164;;jah
1984-12-24;2,24;162;;jah
1984-12-25;2,09;159;;jah
1984-12-26;2,21;162;;jah
1984-12-27;1,96;157;;jah
1984-12-28;1,79;154;;jah
1984-12-29;1,68;152;;jah
1984-12-30;1,66;152;;jah
1984-12-31;1,64;152;;jah
1985-01-01;1,61;152;;jah
1985-01-02;1,59;152;;jah
1985-01-03;1,58;152;;jah
1985-01-04;1,97;161;;jah
1985-01-05;1,67;155;;jah
1985-01-06;1,63;154;;jah
1985-01-07;1,61;154;;jah
1985-01-08;1,61;154;;jah
1985-01-09;1,59;154;;jah
1985-01-10;1,59;154;;jah
1985-01-11;1,57;154;;jah
1985-01-12;1,55;154;;jah
1985-01-13;1,51;153;;jah
1985-01-14;1,47;152;;jah
1985-01-15;1,45;152;;jah
1985-01-16;1,45;152;;jah
1985-01-17;1,48;153;;jah
1985-01-18;1,46;153;;jah
1985-01-19;1,42;152;;jah
1985-01-20;1,36;151;;jah
1985-01-21;1,3;150;;jah
1985-01-22;1,29;150;;jah
1985-01-23;1,36;152;;jah
1985-01-24;1,35;152;;jah
1985-01-25;1,41;154;;jah
1985-01-26;1,35;153;;jah
1985-01-27;1,37;154;;jah
1985-01-28;1,44;156;;jah
1985-01-29;1,44;156;;jah
1985-01-30;1,44;156;;jah
1985-01-31;1,44;156;;jah
1985-02-01;1,37;154;;jah
1985-02-02;1,37;154;;jah
1985-02-03;1,37;154;;jah
1985-02-04;1,37;154;;jah
1985-02-05;1,35;154;;jah
1985-02-06;1,31;153;;jah
1985-02-07;1,28;152;;jah
1985-02-08;1,35;154;;jah
1985-02-09;1,35;154;;jah
1985-02-10;1,28;152;;jah
1985-02-11;1,24;152;;jah
1985-02-12;1,14;152;;jah
1985-02-13;1,13;154;;jah
1985-02-14;1,03;153;;jah
1985-02-15;0,94;152;;jah
1985-02-16;0,94;152;;jah
1985-02-17;0,92;151;;jah
1985-02-18;0,94;152;;jah
1985-02-19;0,94;152;;jah
1985-02-20;0,94;152;;jah
1985-02-21;0,97;153;;jah
1985-02-22;0,94;152;;jah
1985-02-23;0,94;152;;jah
1985-02-24;0,89;150;;jah
1985-02-25;0,89;150;;jah
1985-02-26;0,94;152;;jah
1985-02-27;0,89;150;;jah
1985-02-28;0,91;150;;jah
1985-03-01;0,87;148;;jah
1985-03-02;0,84;146;;jah
1985-03-03;0,81;144;;jah
1985-03-04;0,84;144;;jah
1985-03-05;0,94;146;;jah
1985-03-06;0,97;146;;jah
1985-03-07;1,01;146;;jah
1985-03-08;1,01;145;;jah
1985-03-09;1,01;144;;jah
1985-03-10;1,05;144;;jah
1985-03-11;1,08;144;;jah
1985-03-12;1,03;142;;jah
1985-03-13;1,05;142;;jah
1985-03-14;1,07;142;;jah
1985-03-15;1,06;141;;jah
1985-03-16;1,04;140;;jah
1985-03-17;1,03;139;;jah
1985-03-18;1,07;140;;jah
1985-03-19;1,09;140;;jah
1985-03-20;1,1;140;;jah
1985-03-21;1,07;139;;jah
1985-03-22;1,12;140;;jah
1985-03-23;1,07;138;;jah
1985-03-24;1,08;138;;jah
1985-03-25;1,17;140;;jah
1985-03-26;1,18;140;;jah
1985-03-27;1,23;141;;jah
1985-03-28;1,73;152;;jah
1985-03-29;2,58;168;;jah
1985-03-30;2,71;173;;jah
1985-03-31;2,45;168;;jah
1985-04-01;2,4;167;;jah
1985-04-02;2,71;173;;jah
1985-04-03;6,71;262;;jah
1985-04-04;8,24;296;;jah
1985-04-05;9,3;288;;jah
1985-04-06;8,13;271;;jah
1985-04-07;7;254;;jah
1985-04-08;6,4;244;;jah
1985-04-09;6,8;250;;jah
1985-04-10;6,7;249;;jah
1985-04-11;5,87;236;;jah
1985-04-12;5,25;227;;jah
1985-04-13;5;223;;jah
1985-04-14;5,1;226;;jah
1985-04-15;5,2;228;;jah
1985-04-16;5,6;237;;jah
1985-04-17;6,12;248;;jah
1985-04-18;6,34;254;;jah
1985-04-19;6,69;262;;jah
1985-04-20;7,7;264;;jah
1985-04-21;7,55;262;;jah
1985-04-22;7,5;261;;jah
1985-04-23;7;254;;jah
1985-04-24;6,55;247;;jah
1985-04-25;6;238;;jah
1985-04-26;5,2;226;;jah
1985-04-27;4,65;215;;jah
1985-04-28;4,09;204;;jah
1985-04-29;3,68;194;;jah
1985-04-30;4;201;;jah
1985-05-01;4,35;210;;jah
1985-05-02;4,7;217;;jah
1985-05-03;5;224;;jah
1985-05-04;5,78;219;;jah
1985-05-05;4,84;220;;jah
1985-05-06;4,68;216;;jah
1985-05-07;4,35;210;;jah
1985-05-08;3,95;200;;jah
1985-05-09;3,5;190;;jah
1985-05-10;3,27;185;;jah
1985-05-11;5,35;244;;jah
1985-05-12;6,2;264;;jah
1985-05-13;6,95;252;;jah
1985-05-14;6,45;245;;jah
1985-05-15;7,05;255;;jah
1985-05-16;6,4;249;;jah
1985-05-17;5,7;234;;jah
1985-05-18;4,65;216;;jah
1985-05-19;3,95;200;;jah
1985-05-20;3,35;187;;jah
1985-05-21;2,95;178;;jah
1985-05-22;2,28;166;;jah
1985-05-23;2,2;164;;jah
1985-05-24;2,2;164;;jah
1985-05-25;2,15;162;;jah
1985-05-26;2,11;159;;jah
1985-05-27;1,95;156;;jah
1985-05-28;1,9;155;;jah
1985-05-29;1,75;152;;jah
1985-05-30;1,85;154;;jah
1985-05-31;1,47;146;;jah
1985-06-01;3,47;197;;jah
1985-06-02;5,45;247;;jah
1985-06-03;6,12;262;;jah
1985-06-04;6,72;248;;jah
1985-06-05;4,94;215;;jah
1985-06-06;4,05;198;;jah
1985-06-07;4,55;208;;jah
1985-06-08;4,75;212;;jah
1985-06-09;4,45;206;;jah
1985-06-10;3,91;196;;jah
1985-06-11;3,42;186;;jah
1985-06-12;3,05;180;;jah
1985-06-13;2,75;174;;jah
1985-06-14;2,6;171;;jah
1985-06-15;2,68;173;;jah
1985-06-16;2,85;176;;jah
1985-06-17;2,75;174;;jah
1985-06-18;2,55;170;;jah
1985-06-19;2,64;172;;jah
1985-06-20;2,64;172;;jah
1985-06-21;2,4;167;;jah
1985-06-22;2,28;164;;jah
1985-06-23;2,15;161;;jah
1985-06-24;1,95;156;;jah
1985-06-25;1,75;152;;jah
1985-06-26;1,6;149;;jah
1985-06-27;1,65;150;;jah
1985-06-28;1,75;152;;jah
1985-06-29;2,16;160;;jah
1985-06-30;2,45;168;;jah
1985-07-01;2,46;171;;jah
1985-07-02;2,2;166;;jah
1985-07-03;2,59;175;;jah
1985-07-04;2,51;174;;jah
1985-07-05;2,17;167;;jah
1985-07-06;1,88;161;;jah
1985-07-07;1,81;160;;jah
1985-07-08;1,54;154;;jah
1985-07-09;1,94;164;;jah
1985-07-10;2,33;173;;jah
1985-07-11;2,45;176;;jah
1985-07-12;2,28;172;;jah
1985-07-13;2,16;169;;jah
1985-07-14;2,03;166;;jah
1985-07-15;1,77;160;;jah
1985-07-16;1,39;151;;jah
1985-07-17;1,16;145;;jah
1985-07-18;1,1;143;;jah
1985-07-19;1;140;;jah
1985-07-20;1,13;144;;jah
1985-07-21;1,26;148;;jah
1985-07-22;1,19;146;;jah
1985-07-23;1,3;149;;jah
1985-07-24;1,22;147;;jah
1985-07-25;1,15;145;;jah
1985-07-26;1,15;145;;jah
1985-07-27;1,1;144;;jah
1985-07-28;1,1;144;;jah
1985-07-29;1,07;143;;jah
1985-07-30;1,07;143;;jah
1985-07-31;1,28;149;;jah
1985-08-01;1,77;161;;jah
1985-08-02;2,14;170;;jah
1985-08-03;2,22;172;;jah
1985-08-04;2,35;175;;jah
1985-08-05;2,57;180;;jah
1985-08-06;2,06;168;;jah
1985-08-07;1,69;159;;jah
1985-08-08;1,1;144;;jah
1985-08-09;1,21;147;;jah
1985-08-10;1,69;159;;jah
1985-08-11;1,71;160;;jah
1985-08-12;1,79;162;;jah
1985-08-13;1,71;160;;jah
1985-08-14;1,71;160;;jah
1985-08-15;1,75;161;;jah
1985-08-16;1,99;167;;jah
1985-08-17;2,2;172;;jah
1985-08-18;3,2;195;;jah
1985-08-19;2,93;189;;jah
1985-08-20;3,03;191;;jah
1985-08-21;2,33;176;;jah
1985-08-22;2,22;173;;jah
1985-08-23;2,01;168;;jah
1985-08-24;1,93;166;;jah
1985-08-25;1,93;166;;jah
1985-08-26;2,13;171;;jah
1985-08-27;4,25;218;;jah
1985-08-28;4,48;222;;jah
1985-08-29;4,25;218;;jah
1985-08-30;3,94;212;;jah
1985-08-31;3,24;197;;jah
1985-09-01;2,55;181;;jah
1985-09-02;2,19;173;;jah
1985-09-03;1,94;167;;jah
1985-09-04;1,74;162;;jah
1985-09-05;1,74;162;;jah
1985-09-06;1,66;160;;jah
1985-09-07;1,66;160;;jah
1985-09-08;1,94;167;;jah
1985-09-09;2,43;179;;jah
1985-09-10;2,77;187;;jah
1985-09-11;2,82;188;;jah
1985-09-12;2,7;186;;jah
1985-09-13;2,49;181;;jah
1985-09-14;2,32;177;;jah
1985-09-15;2,16;173;;jah
1985-09-16;2,07;171;;jah
1985-09-17;2;169;;jah
1985-09-18;2,57;183;;jah
1985-09-19;2,74;187;;jah
1985-09-20;2,99;193;;jah
1985-09-21;3,12;196;;jah
1985-09-22;3,38;202;;jah
1985-09-23;3,56;206;;jah
1985-09-24;3,51;205;;jah
1985-09-25;3,38;202;;jah
1985-09-26;3,12;196;;jah
1985-09-27;2,87;190;;jah
1985-09-28;2,87;190;;jah
1985-09-29;2,87;190;;jah
1985-09-30;2,78;188;;jah
1985-10-01;2,87;190;;jah
1985-10-02;3,56;206;;jah
1985-10-03;3,74;210;;jah
1985-10-04;3,84;212;;jah
1985-10-05;3,65;208;;jah
1985-10-06;3,29;200;;jah
1985-10-07;3,03;193;;jah
1985-10-08;2,9;190;;jah
1985-10-09;2,68;185;;jah
1985-10-10;2,56;182;;jah
1985-10-11;2,56;182;;jah
1985-10-12;2,86;189;;jah
1985-10-13;3,6;206;;jah
1985-10-14;3,65;207;;jah
1985-10-15;3,65;206;;jah
1985-10-16;3,51;203;;jah
1985-10-17;3,47;202;;jah
1985-10-18;3,38;200;;jah
1985-10-19;3,29;198;;jah
1985-10-20;3,11;194;;jah
1985-10-21;2,89;189;;jah
1985-10-22;2,72;185;;jah
1985-10-23;2,55;181;;jah
1985-10-24;2,42;178;;jah
1985-10-25;2,32;175;;jah
1985-10-26;2,12;170;;jah
1985-10-27;1,75;161;;jah
1985-10-28;1,83;163;;jah
1985-10-29;1,67;159;;jah
1985-10-30;1,95;166;;jah
1985-10-31;2,12;170;;jah
1985-11-01;2,35;175;;jah
1985-11-02;2,39;176;;jah
1985-11-03;2,74;184;;jah
1985-11-04;3,24;195;;jah
1985-11-05;3,46;200;;jah
1985-11-06;3,56;202;;jah
1985-11-07;3,56;202;;jah
1985-11-08;3,46;200;;jah
1985-11-09;3,38;198;;jah
1985-11-10;3,46;200;;jah
1985-11-11;3,94;210;;jah
1985-11-12;4,36;217;;jah
1985-11-13;4,47;218;;jah
1985-11-14;4,47;218;;jah
1985-11-15;4,14;212;;jah
1985-11-16;3,74;204;;jah
1985-11-17;3,27;194;;jah
1985-11-18;2,5;177;;jah
1985-11-19;2,27;171;;jah
1985-11-20;2,31;172;;jah
1985-11-21;2,03;165;;jah
1985-11-22;2,03;165;;jah
1985-11-23;1,97;163;;jah
1985-11-24;1,92;162;;jah
1985-11-25;1,94;162;;jah
1985-11-26;1,9;161;;jah
1985-11-27;1,88;160;;jah
1985-11-28;1,79;158;;jah
1985-11-29;1,94;161;;jah
1985-11-30;1,81;158;;jah
1985-12-01;1,74;156;;jah
1985-12-02;1,71;155;;jah
1985-12-03;1,8;157;;jah
1985-12-04;1,87;158;;jah
1985-12-05;2,16;164;;jah
1985-12-06;2,37;168;;jah
1985-12-07;2,37;168;;jah
1985-12-08;2,49;170;;jah
1985-12-09;2,34;167;;jah
1985-12-10;2,32;166;;jah
1985-12-11;2,3;165;;jah
1985-12-12;2,17;162;;jah
1985-12-13;2,07;160;;jah
1985-12-14;2,17;162;;jah
1985-12-15;2,4;166;;jah
1985-12-16;2,4;166;;jah
1985-12-17;2,3;164;;jah
1985-12-18;2,07;159;;jah
1985-12-19;2,04;158;;jah
1985-12-20;2,3;163;;jah
1985-12-21;2,26;162;;jah
1985-12-22;2,92;174;;jah
1985-12-23;5,58;219;;jah
1985-12-24;4,91;209;;jah
1985-12-25;5,29;215;;jah
1985-12-26;5,24;215;;jah
1985-12-27;4,68;206;;jah
1985-12-28;4,07;196;;jah
1985-12-29;4,07;196;;jah
1985-12-30;3,48;188;;jah
1985-12-31;2,95;180;;jah
1986-01-01;2,59;172;;jah
1986-01-02;2,25;166;;jah
1986-01-03;2,06;163;;jah
1986-01-04;1,99;162;;jah
1986-01-05;1,99;162;;jah
1986-01-06;1,9;160;;jah
1986-01-07;1,81;158;;jah
1986-01-08;1,79;158;;jah
1986-01-09;1,68;156;;jah
1986-01-10;1,68;156;;jah
1986-01-11;1,68;156;;jah
1986-01-12;1,68;156;;jah
1986-01-13;1,62;155;;jah
1986-01-14;1,62;155;;jah
1986-01-15;1,62;156;;jah
1986-01-16;1,58;156;;jah
1986-01-17;1,5;156;;jah
1986-01-18;1,42;156;;jah
1986-01-19;1,46;158;;jah
1986-01-20;1,38;157;;jah
1986-01-21;1,33;156;;jah
1986-01-22;1,36;157;;jah
1986-01-23;1,4;158;;jah
1986-01-24;1,61;164;;jah
1986-01-25;1,71;167;;jah
1986-01-26;1,75;168;;jah
1986-01-27;1,75;168;;jah
1986-01-28;1,82;170;;jah
1986-01-29;1,89;172;;jah
1986-01-30;1,81;169;;jah
1986-01-31;1,64;164;;jah
1986-02-01;1,56;162;;jah
1986-02-02;1,46;159;;jah
1986-02-03;1,44;158;;jah
1986-02-04;1,44;158;;jah
1986-02-05;1,35;156;;jah
1986-02-06;1,35;156;;jah
1986-02-07;1,33;156;;jah
1986-02-08;1,33;156;;jah
1986-02-09;1,33;156;;jah
1986-02-10;1,26;154;;jah
1986-02-11;1,26;154;;jah
1986-02-12;1,21;153;;jah
1986-02-13;1,17;152;;jah
1986-02-14;1,17;152;;jah
1986-02-15;1,07;150;;jah
1986-02-16;1,07;151;;jah
1986-02-17;1,02;151;;jah
1986-02-18;0,97;151;;jah
1986-02-19;0,89;150;;jah
1986-02-20;0,8;148;;jah
1986-02-21;0,78;148;;jah
1986-02-22;0,78;148;;jah
1986-02-23;0,8;149;;jah
1986-02-24;0,78;149;;jah
1986-02-25;0,76;148;;jah
1986-02-26;0,76;148;;jah
1986-02-27;0,82;150;;jah
1986-02-28;0,86;150;;jah
1986-03-01;0,86;148;;jah
1986-03-02;0,92;148;;jah
1986-03-03;0,95;148;;jah
1986-03-04;1;148;;jah
1986-03-05;1,05;148;;jah
1986-03-06;1,11;148;;jah
1986-03-07;1,28;152;;jah
1986-03-08;1,84;165;;jah
1986-03-09;2,05;169;;jah
1986-03-10;1,86;163;;jah
1986-03-11;1,67;158;;jah
1986-03-12;1,56;155;;jah
1986-03-13;1,45;152;;jah
1986-03-14;1,34;149;;jah
1986-03-15;1,55;154;;jah
1986-03-16;1,55;154;;jah
1986-03-17;1,27;147;;jah
1986-03-18;1,33;149;;jah
1986-03-19;1,41;151;;jah
1986-03-20;1,56;155;;jah
1986-03-21;2,09;168;;jah
1986-03-22;2,5;180;;jah
1986-03-23;2,82;188;;jah
1986-03-24;2,7;186;;jah
1986-03-25;2,5;183;;jah
1986-03-26;3,24;197;;jah
1986-03-27;4,88;226;;jah
1986-03-28;6,6;249;;jah
1986-03-29;9,74;292;;jah
1986-03-30;10;296;;jah
1986-03-31;10,2;299;;jah
1986-04-01;10,4;301;;jah
1986-04-02;9,6;290;;jah
1986-04-03;8,67;276;;jah
1986-04-04;8,02;266;;jah
1986-04-05;6,9;250;;jah
1986-04-06;6;237;;jah
1986-04-07;5,25;225;;jah
1986-04-08;4,96;220;;jah
1986-04-09;4,8;217;;jah
1986-04-10;4,74;216;;jah
1986-04-11;4,4;210;;jah
1986-04-12;3,91;200;;jah
1986-04-13;3,31;188;;jah
1986-04-14;3,01;182;;jah
1986-04-15;2,9;180;;jah
1986-04-16;2,85;179;;jah
1986-04-17;2,81;178;;jah
1986-04-18;2,81;178;;jah
1986-04-19;2,81;178;;jah
1986-04-20;3,6;194;;jah
1986-04-21;5,13;223;;jah
1986-04-22;5,86;235;;jah
1986-04-23;5,93;236;;jah
1986-04-24;5,69;232;;jah
1986-04-25;5,38;227;;jah
1986-04-26;5,19;224;;jah
1986-04-27;5,06;222;;jah
1986-04-28;4,8;217;;jah
1986-04-29;4,52;212;;jah
1986-04-30;4,22;206;;jah
1986-05-01;4,07;203;;jah
1986-05-02;3,86;199;;jah
1986-05-03;3,45;191;;jah
1986-05-04;2,81;178;;jah
1986-05-05;2,81;178;;jah
1986-05-06;2,81;178;;jah
1986-05-07;2,37;170;;jah
1986-05-08;2,28;168;;jah
1986-05-09;2,1;164;;jah
1986-05-10;2,01;162;;jah
1986-05-11;2,01;162;;jah
1986-05-12;2,01;162;;jah
1986-05-13;1,96;161;;jah
1986-05-14;1,91;160;;jah
1986-05-15;1,96;161;;jah
1986-05-16;2,24;167;;jah
1986-05-17;2,37;170;;jah
1986-05-18;2,37;170;;jah
1986-05-19;2,15;165;;jah
1986-05-20;2,01;162;;jah
1986-05-21;1,87;159;;jah
1986-05-22;1,78;157;;jah
1986-05-23;1,7;155;;jah
1986-05-24;1,66;154;;jah
1986-05-25;1,58;152;;jah
1986-05-26;1,58;152;;jah
1986-05-27;1,58;152;;jah
1986-05-28;1,58;152;;jah
1986-05-29;1,66;154;;jah
1986-05-30;1,58;152;;jah
1986-05-31;1,54;151;;jah
1986-06-01;1,42;148;;jah
1986-06-02;1,42;148;;jah
1986-06-03;1,5;150;;jah
1986-06-04;1,66;154;;jah
1986-06-05;1,96;161;;jah
1986-06-06;1,87;159;;jah
1986-06-07;1,7;155;;jah
1986-06-08;1,62;153;;jah
1986-06-09;1,58;152;;jah
1986-06-10;1,83;158;;jah
1986-06-11;1,58;152;;jah
1986-06-12;1,34;146;;jah
1986-06-13;1,26;144;;jah
1986-06-14;1,19;142;;jah
1986-06-15;1,16;141;;jah
1986-06-16;1,1;137;;jah
1986-06-17;1,09;136;;jah
1986-06-18;1,09;136;;jah
1986-06-19;1,09;136;;jah
1986-06-20;1,09;136;;jah
1986-06-21;1,09;136;;jah
1986-06-22;1,09;136;;jah
1986-06-23;1,09;136;;jah
1986-06-24;1,09;136;;jah
1986-06-25;0,98;134;;jah
1986-06-26;0,98;134;;jah
1986-06-27;0,91;132;;jah
1986-06-28;0,98;134;;jah
1986-06-29;0,91;132;;jah
1986-06-30;0,8;129;;jah
1986-07-01;0,8;129;;jah
1986-07-02;0,77;128;;jah
1986-07-03;0,8;129;;jah
1986-07-04;0,83;130;;jah
1986-07-05;0,94;133;;jah
1986-07-06;1,19;142;;jah
1986-07-07;1,44;146;;jah
1986-07-08;1,2;140;;jah
1986-07-09;0,99;135;;jah
1986-07-10;1,16;140;;jah
1986-07-11;1,32;145;;jah
1986-07-12;1,66;154;;jah
1986-07-13;2,33;170;;jah
1986-07-14;2,81;184;;jah
1986-07-15;3,07;193;;jah
1986-07-16;3,16;199;;jah
1986-07-17;2,96;196;;jah
1986-07-18;2,52;186;;jah
1986-07-19;2,04;173;;jah
1986-07-20;1,69;163;;jah
1986-07-21;1,48;157;;jah
1986-07-22;1,39;154;;jah
1986-07-23;1,29;151;;jah
1986-07-24;1,27;150;;jah
1986-07-25;1,24;148;;jah
1986-07-26;1,15;146;;jah
1986-07-27;1,15;146;;jah
1986-07-28;1,02;143;;jah
1986-07-29;0,86;139;;jah
1986-07-30;0,91;142;;jah
1986-07-31;0,84;141;;jah
1986-08-01;0,72;137;;jah
1986-08-02;0,66;136;;jah
1986-08-03;0,65;136;;jah
1986-08-04;0,64;136;;jah
1986-08-05;0,85;146;;jah
1986-08-06;0,76;141;;jah
1986-08-07;0,71;139;;jah
1986-08-08;0,67;137;;jah
1986-08-09;0,67;137;;jah
1986-08-10;0,74;140;;jah
1986-08-11;0,76;140;;jah
1986-08-12;0,76;140;;jah
1986-08-13;0,76;140;;jah
1986-08-14;0,76;140;;jah
1986-08-15;0,82;142;;jah
1986-08-16;0,82;142;;jah
1986-08-17;0,91;146;;jah
1986-08-18;1,06;150;;jah
1986-08-19;1;148;;jah
1986-08-20;0,94;146;;jah
1986-08-21;0,96;146;;jah
1986-08-22;0,9;144;;jah
1986-08-23;0,94;145;;jah
1986-08-24;1,06;149;;jah
1986-08-25;1,12;151;;jah
1986-08-26;0,94;145;;jah
1986-08-27;0,91;144;;jah
1986-08-28;1,01;147;;jah
1986-08-29;1,45;160;;jah
1986-08-30;1,48;161;;jah
1986-08-31;1,4;158;;jah
1986-09-01;1,36;157;;jah
1986-09-02;1,4;158;;jah
1986-09-03;1,33;156;;jah
1986-09-04;1,58;163;;jah
1986-09-05;1,92;172;;jah
1986-09-06;2,41;185;;jah
1986-09-07;3,23;205;;jah
1986-09-08;3,96;221;;jah
1986-09-09;5,54;250;;jah
1986-09-10;5,98;258;;jah
1986-09-11;5,4;246;;jah
1986-09-12;5,42;245;;jah
1986-09-13;4,72;233;;jah
1986-09-14;3,69;212;;jah
1986-09-15;3,08;198;;jah
1986-09-16;2,87;192;;jah
1986-09-17;2,66;187;;jah
1986-09-18;2,54;184;;jah
1986-09-19;2,34;179;;jah
1986-09-20;2,21;176;;jah
1986-09-21;2,24;176;;jah
1986-09-22;2,54;183;;jah
1986-09-23;3,21;198;;jah
1986-09-24;3,51;205;;jah
1986-09-25;3,74;210;;jah
1986-09-26;3,56;207;;jah
1986-09-27;3,16;200;;jah
1986-09-28;2,68;193;;jah
1986-09-29;2,41;190;;jah
1986-09-30;2,48;192;;jah
1986-10-01;2,41;190;;jah
1986-10-02;2,63;196;;jah
1986-10-03;2,55;194;;jah
1986-10-04;2,3;187;;jah
1986-10-05;2,13;181;;jah
1986-10-06;2,02;178;;jah
1986-10-07;1,98;177;;jah
1986-10-08;1,94;176;;jah
1986-10-09;1,98;177;;jah
1986-10-10;2,02;178;;jah
1986-10-11;2,09;179;;jah
1986-10-12;2,23;183;;jah
1986-10-13;2,42;188;;jah
1986-10-14;2,49;190;;jah
1986-10-15;2,38;187;;jah
1986-10-16;2,23;183;;jah
1986-10-17;2,09;179;;jah
1986-10-18;1,91;174;;jah
1986-10-19;1,86;172;;jah
1986-10-20;1,73;168;;jah
1986-10-21;1,64;167;;jah
1986-10-22;1,75;172;;jah
1986-10-23;2,03;181;;jah
1986-10-24;2,12;187;;jah
1986-10-25;2,25;192;;jah
1986-10-26;2,15;190;;jah
1986-10-27;1,96;184;;jah
1986-10-28;1,83;180;;jah
1986-10-29;1,77;177;;jah
1986-10-30;1,79;176;;jah
1986-10-31;1,82;174;;jah
1986-11-01;1,91;174;;jah
1986-11-02;2,12;176;;jah
1986-11-03;2,75;188;;jah
1986-11-04;3,16;196;;jah
1986-11-05;3,38;200;;jah
1986-11-06;3,52;202;;jah
1986-11-07;3,6;204;;jah
1986-11-08;3,52;202;;jah
1986-11-09;3,47;201;;jah
1986-11-10;3,47;202;;jah
1986-11-11;3,38;202;;jah
1986-11-12;3,28;204;;jah
1986-11-13;3,03;202;;jah
1986-11-14;2,7;198;;jah
1986-11-15;2,39;195;;jah
1986-11-16;2,19;190;;jah
1986-11-17;1,99;183;;jah
1986-11-18;1,89;180;;jah
1986-11-19;1,86;179;;jah
1986-11-20;1,86;178;;jah
1986-11-21;1,9;179;;jah
1986-11-22;1,93;180;;jah
1986-11-23;1,93;180;;jah
1986-11-24;1,93;180;;jah
1986-11-25;2,13;185;;jah
1986-11-26;2,47;195;;jah
1986-11-27;2,98;208;;jah
1986-11-28;3,32;214;;jah
1986-11-29;3,42;213;;jah
1986-11-30;3,28;206;;jah
1986-12-01;3,16;197;;jah
1986-12-02;3,18;192;;jah
1986-12-03;3,53;196;;jah
1986-12-04;4,79;217;;jah
1986-12-05;6,34;241;;jah
1986-12-06;7,11;257;;jah
1986-12-07;8,08;273;;jah
1986-12-08;6,66;254;;jah
1986-12-09;5,64;235;;jah
1986-12-10;4,91;219;;jah
1986-12-11;4,73;216;;jah
1986-12-12;3,9;200;;jah
1986-12-13;3,45;191;;jah
1986-12-14;3,24;187;;jah
1986-12-15;2,75;177;;jah
1986-12-16;2,68;175;;jah
1986-12-17;2,35;168;;jah
1986-12-18;2,37;168;;jah
1986-12-19;2,23;165;;jah
1986-12-20;2,23;165;;jah
1986-12-21;2,25;165;;jah
1986-12-22;2,27;165;;jah
1986-12-23;2,23;164;;jah
1986-12-24;2,18;163;;jah
1986-12-25;2,18;163;;jah
1986-12-26;2,15;162;;jah
1986-12-27;2,1;161;;jah
1986-12-28;2,12;161;;jah
1986-12-29;2,17;162;;jah
1986-12-30;2,15;162;;jah
1986-12-31;2,03;160;;jah
1987-01-01;1,84;160;;jah
1987-01-02;1,73;160;;jah
1987-01-03;1,61;158;;jah
1987-01-04;1,46;158;;jah
1987-01-05;1,36;157;;jah
1987-01-06;1,24;155;;jah
1987-01-07;1,18;155;;jah
1987-01-08;1,2;157;;jah
1987-01-09;1,19;158;;jah
1987-01-10;1,15;158;;jah
1987-01-11;1,18;165;;jah
1987-01-12;1,18;165;;jah
1987-01-13;1,21;165;;jah
1987-01-14;1,21;160;;jah
1987-01-15;1,19;160;;jah
1987-01-16;1,19;160;;jah
1987-01-17;1,19;161;;jah
1987-01-18;1,19;161;;jah
1987-01-19;1,17;160;;jah
1987-01-20;1,11;158;;jah
1987-01-21;1,11;158;;jah
1987-01-22;1,12;159;;jah
1987-01-23;1,09;158;;jah
1987-01-24;1,09;158;;jah
1987-01-25;1,06;157;;jah
1987-01-26;1,07;158;;jah
1987-01-27;1,07;158;;jah
1987-01-28;1,07;158;;jah
1987-01-29;1,05;158;;jah
1987-01-30;1,02;157;;jah
1987-01-31;1,05;158;;jah
1987-02-01;1,07;158;;jah
1987-02-02;1,09;158;;jah
1987-02-03;1,11;158;;jah
1987-02-04;1,1;157;;jah
1987-02-05;1,1;157;;jah
1987-02-06;1,11;156;;jah
1987-02-07;1,22;159;;jah
1987-02-08;1,27;160;;jah
1987-02-09;1,27;159;;jah
1987-02-10;1,26;158;;jah
1987-02-11;1,26;158;;jah
1987-02-12;1,26;158;;jah
1987-02-13;1,2;157;;jah
1987-02-14;1,15;156;;jah
1987-02-15;1,11;156;;jah
1987-02-16;1,09;156;;jah
1987-02-17;1,05;156;;jah
1987-02-18;1,01;156;;jah
1987-02-19;0,98;156;;jah
1987-02-20;0,98;156;;jah
1987-02-21;0,98;156;;jah
1987-02-22;0,98;156;;jah
1987-02-23;1;157;;jah
1987-02-24;1,07;158;;jah
1987-02-25;0,98;154;;jah
1987-02-26;1;154;;jah
1987-02-27;1,02;154;;jah
1987-02-28;1,04;154;;jah
1987-03-01;1,04;154;;jah
1987-03-02;1,04;154;;jah
1987-03-03;1,04;154;;jah
1987-03-04;1,04;154;;jah
1987-03-05;1,04;154;;jah
1987-03-06;1,04;154;;jah
1987-03-07;1,04;154;;jah
1987-03-08;1,06;155;;jah
1987-03-09;1,06;155;;jah
1987-03-10;1,06;155;;jah
1987-03-11;1,08;155;;jah
1987-03-12;1,08;155;;jah
1987-03-13;1,04;153;;jah
1987-03-14;1,02;152;;jah
1987-03-15;1,03;152;;jah
1987-03-16;0,97;150;;jah
1987-03-17;0,99;150;;jah
1987-03-18;0,99;150;;jah
1987-03-19;1,01;150;;jah
1987-03-20;1,01;150;;jah
1987-03-21;0,99;149;;jah
1987-03-22;0,97;148;;jah
1987-03-23;0,98;148;;jah
1987-03-24;1;148;;jah
1987-03-25;0,98;147;;jah
1987-03-26;0,98;146;;jah
1987-03-27;1,04;147;;jah
1987-03-28;1,07;147;;jah
1987-03-29;1,43;155;;jah
1987-03-30;2,77;183;;jah
1987-03-31;3,8;199;;jah
1987-04-01;4,38;210;;jah
1987-04-02;4,91;219;;jah
1987-04-03;4,79;217;;jah
1987-04-04;5,77;232;;jah
1987-04-05;6,04;236;;jah
1987-04-06;6,85;246;;jah
1987-04-07;7,07;249;;jah
1987-04-08;6,48;240;;jah
1987-04-09;5,7;229;;jah
1987-04-10;5,08;219;;jah
1987-04-11;4,7;213;;jah
1987-04-12;4,65;212;;jah
1987-04-13;4,95;217;;jah
1987-04-14;5,42;224;;jah
1987-04-15;5,42;224;;jah
1987-04-16;5,76;229;;jah
1987-04-17;6,04;233;;jah
1987-04-18;6,48;239;;jah
1987-04-19;6,17;235;;jah
1987-04-20;5,56;227;;jah
1987-04-21;4,83;216;;jah
1987-04-22;4,21;206;;jah
1987-04-23;3,76;198;;jah
1987-04-24;3,62;196;;jah
1987-04-25;3,82;201;;jah
1987-04-26;4,03;207;;jah
1987-04-27;4,13;210;;jah
1987-04-28;4,08;210;;jah
1987-04-29;3,89;207;;jah
1987-04-30;3,84;206;;jah
1987-05-01;3,88;206;;jah
1987-05-02;3,98;206;;jah
1987-05-03;4,02;205;;jah
1987-05-04;3,91;201;;jah
1987-05-05;4,04;201;;jah
1987-05-06;4,3;205;;jah
1987-05-07;4,73;211;;jah
1987-05-08;4,85;212;;jah
1987-05-09;4,67;209;;jah
1987-05-10;4,21;201;;jah
1987-05-11;4,27;202;;jah
1987-05-12;4,55;207;;jah
1987-05-13;4,72;210;;jah
1987-05-14;6,01;229;;jah
1987-05-15;6,6;237;;jah
1987-05-16;7,23;245;;jah
1987-05-17;7,08;243;;jah
1987-05-18;6,37;235;;jah
1987-05-19;5,18;218;;jah
1987-05-20;4,28;203;;jah
1987-05-21;3,85;195;;jah
1987-05-22;3,95;197;;jah
1987-05-23;4,23;202;;jah
1987-05-24;4,33;204;;jah
1987-05-25;4,23;202;;jah
1987-05-26;2,97;179;;jah
1987-05-27;2,47;170;;jah
1987-05-28;2,29;167;;jah
1987-05-29;2,13;164;;jah
1987-05-30;1,97;161;;jah
1987-05-31;1,79;158;;jah
1987-06-01;1,77;158;;jah
1987-06-02;1,68;157;;jah
1987-06-03;1,54;155;;jah
1987-06-04;1,44;154;;jah
1987-06-05;1,31;152;;jah
1987-06-06;1,2;150;;jah
1987-06-07;1,24;152;;jah
1987-06-08;1,21;152;;jah
1987-06-09;1,12;150;;jah
1987-06-10;1,14;151;;jah
1987-06-11;1,12;151;;jah
1987-06-12;1,09;150;;jah
1987-06-13;1,16;152;;jah
1987-06-14;1,12;151;;jah
1987-06-15;1,19;152;;jah
1987-06-16;1,3;153;;jah
1987-06-17;2,18;175;;jah
1987-06-18;3,25;201;;jah
1987-06-19;3,6;209;;jah
1987-06-20;3,25;202;;jah
1987-06-21;2,59;186;;jah
1987-06-22;2,04;173;;jah
1987-06-23;1,68;164;;jah
1987-06-24;1,42;157;;jah
1987-06-25;1,16;150;;jah
1987-06-26;1,09;148;;jah
1987-06-27;1,14;150;;jah
1987-06-28;1,14;150;;jah
1987-06-29;1,12;150;;jah
1987-06-30;1,09;149;;jah
1987-07-01;1;146;;jah
1987-07-02;0,92;144;;jah
1987-07-03;0,87;142;;jah
1987-07-04;0,82;140;;jah
1987-07-05;0,82;140;;jah
1987-07-06;0,75;138;;jah
1987-07-07;0,75;138;;jah
1987-07-08;0,73;137;;jah
1987-07-09;0,73;137;;jah
1987-07-10;0,7;136;;jah
1987-07-11;0,78;139;;jah
1987-07-12;0,86;142;;jah
1987-07-13;0,86;142;;jah
1987-07-14;0,97;146;;jah
1987-07-15;1,05;148;;jah
1987-07-16;1,05;148;;jah
1987-07-17;1;146;;jah
1987-07-18;0,94;144;;jah
1987-07-19;0,87;141;;jah
1987-07-20;0,81;139;;jah
1987-07-21;0,77;137;;jah
1987-07-22;0,77;137;;jah
1987-07-23;0,78;137;;jah
1987-07-24;0,78;137;;jah
1987-07-25;0,79;137;;jah
1987-07-26;0,79;137;;jah
1987-07-27;0,82;138;;jah
1987-07-28;0,92;141;;jah
1987-07-29;1,01;144;;jah
1987-07-30;1,14;148;;jah
1987-07-31;1,1;147;;jah
1987-08-01;1,07;146;;jah
1987-08-02;1,07;146;;jah
1987-08-03;1,07;146;;jah
1987-08-04;1,1;147;;jah
1987-08-05;1,1;147;;jah
1987-08-06;1,1;147;;jah
1987-08-07;1,04;145;;jah
1987-08-08;3,25;199;;jah
1987-08-09;5,3;236;;jah
1987-08-10;6,7;256;;jah
1987-08-11;8,63;281;;jah
1987-08-12;10,3;302;;jah
1987-08-13;8,32;281;;jah
1987-08-14;6,45;256;;jah
1987-08-15;4,97;235;;jah
1987-08-16;4,13;221;;jah
1987-08-17;3,69;212;;jah
1987-08-18;3,41;207;;jah
1987-08-19;3,33;205;;jah
1987-08-20;3,12;201;;jah
1987-08-21;2,83;194;;jah
1987-08-22;2,49;186;;jah
1987-08-23;2,17;178;;jah
1987-08-24;1,85;170;;jah
1987-08-25;1,64;164;;jah
1987-08-26;1,58;163;;jah
1987-08-27;1,58;163;;jah
1987-08-28;1,49;160;;jah
1987-08-29;1,75;166;;jah
1987-08-30;2,87;194;;jah
1987-08-31;3,16;201;;jah
1987-09-01;3,16;201;;jah
1987-09-02;3;197;;jah
1987-09-03;2,76;191;;jah
1987-09-04;2,71;189;;jah
1987-09-05;2,55;185;;jah
1987-09-06;2,39;181;;jah
1987-09-07;2,23;177;;jah
1987-09-08;2,47;183;;jah
1987-09-09;3,33;204;;jah
1987-09-10;3,78;214;;jah
1987-09-11;4,08;220;;jah
1987-09-12;4,4;226;;jah
1987-09-13;4,51;228;;jah
1987-09-14;4,57;229;;jah
1987-09-15;4,51;228;;jah
1987-09-16;4,3;223;;jah
1987-09-17;4,3;223;;jah
1987-09-18;4,14;220;;jah
1987-09-19;3,69;211;;jah
1987-09-20;3,37;204;;jah
1987-09-21;3,46;206;;jah
1987-09-22;3,6;209;;jah
1987-09-23;3,83;214;;jah
1987-09-24;4,57;228;;jah
1987-09-25;5,33;241;;jah
1987-09-26;6,1;250;;jah
1987-09-27;7,15;259;;jah
1987-09-28;7,41;259;;jah
1987-09-29;7,41;259;;jah
1987-09-30;7,21;256;;jah
1987-10-01;6,19;241;;jah
1987-10-02;4,81;220;;jah
1987-10-03;4,28;211;;jah
1987-10-04;3,97;205;;jah
1987-10-05;3,53;196;;jah
1987-10-06;3,06;187;;jah
1987-10-07;2,93;185;;jah
1987-10-08;2,95;186;;jah
1987-10-09;2,99;187;;jah
1987-10-10;3;188;;jah
1987-10-11;3;188;;jah
1987-10-12;3,65;203;;jah
1987-10-13;3,1;191;;jah
1987-10-14;2,74;184;;jah
1987-10-15;2,62;182;;jah
1987-10-16;2,59;182;;jah
1987-10-17;2,43;179;;jah
1987-10-18;2,23;175;;jah
1987-10-19;2,17;174;;jah
1987-10-20;2,14;174;;jah
1987-10-21;2,18;176;;jah
1987-10-22;2,23;178;;jah
1987-10-23;2,17;177;;jah
1987-10-24;1,91;171;;jah
1987-10-25;1,74;167;;jah
1987-10-26;1,7;166;;jah
1987-10-27;1,7;166;;jah
1987-10-28;1,74;167;;jah
1987-10-29;1,65;165;;jah
1987-10-30;1,54;162;;jah
1987-10-31;1,33;156;;jah
1987-11-01;1,29;155;;jah
1987-11-02;1,09;149;;jah
1987-11-03;1,26;154;;jah
1987-11-04;1,09;149;;jah
1987-11-05;2,03;176;;jah
1987-11-06;2,37;184;;jah
1987-11-07;2,14;178;;jah
1987-11-08;2,06;175;;jah
1987-11-09;2,05;174;;jah
1987-11-10;1,86;168;;jah
1987-11-11;1,98;170;;jah
1987-11-12;2,05;171;;jah
1987-11-13;2,11;172;;jah
1987-11-14;2,14;172;;jah
1987-11-15;2,28;174;;jah
1987-11-16;2,39;176;;jah
1987-11-17;2,25;172;;jah
1987-11-18;2,72;182;;jah
1987-11-19;2,68;181;;jah
1987-11-20;2,71;181;;jah
1987-11-21;2,95;186;;jah
1987-11-22;2,93;185;;jah
1987-11-23;2,79;182;;jah
1987-11-24;2,53;177;;jah
1987-11-25;2,44;175;;jah
1987-11-26;2,33;173;;jah
1987-11-27;2,47;177;;jah
1987-11-28;3,02;190;;jah
1987-11-29;3,46;200;;jah
1987-11-30;4,71;225;;jah
1987-12-01;4,83;227;;jah
1987-12-02;4,14;216;;jah
1987-12-03;3,88;211;;jah
1987-12-04;3,56;203;;jah
1987-12-05;3,33;196;;jah
1987-12-06;3,22;191;;jah
1987-12-07;3,13;187;;jah
1987-12-08;2,65;175;;jah
1987-12-09;2,78;176;;jah
1987-12-10;2,9;177;;jah
1987-12-11;2,7;172;;jah
1987-12-12;2,47;167;;jah
1987-12-13;2,55;168;;jah
1987-12-14;2,42;165;;jah
1987-12-15;2,42;165;;jah
1987-12-16;2,16;160;;jah
1987-12-17;2,16;160;;jah
1987-12-18;2,16;160;;jah
1987-12-19;2,16;160;;jah
1987-12-20;2,16;160;;jah
1987-12-21;2,16;160;;jah
1987-12-22;2,21;161;;jah
1987-12-23;2,06;158;;jah
1987-12-24;1,95;156;;jah
1987-12-25;2,06;158;;jah
1987-12-26;2,06;158;;jah
1987-12-27;2,26;162;;jah
1987-12-28;2,63;169;;jah
1987-12-29;2,68;170;;jah
1987-12-30;2,84;173;;jah
1987-12-31;2,94;187;;jah
1988-01-01;2,84;187;;jah
1988-01-02;2,64;183;;jah
1988-01-03;3,6;206;;jah
1988-01-04;5,84;247;;jah
1988-01-05;7,16;269;;jah
1988-01-06;7,4;273;;jah
1988-01-07;6,72;259;;jah
1988-01-08;5,9;241;;jah
1988-01-09;5,11;223;;jah
1988-01-10;4,53;210;;jah
1988-01-11;4,23;203;;jah
1988-01-12;4,01;199;;jah
1988-01-13;3,86;196;;jah
1988-01-14;3,86;196;;jah
1988-01-15;3,7;193;;jah
1988-01-16;3,61;192;;jah
1988-01-17;3,3;186;;jah
1988-01-18;2,85;178;;jah
1988-01-19;2,66;174;;jah
1988-01-20;2,66;174;;jah
1988-01-21;2,56;172;;jah
1988-01-22;2,13;163;;jah
1988-01-23;2,11;163;;jah
1988-01-24;2,06;162;;jah
1988-01-25;2,11;163;;jah
1988-01-26;1,97;160;;jah
1988-01-27;1,8;157;;jah
1988-01-28;1,67;154;;jah
1988-01-29;1,68;154;;jah
1988-01-30;1,64;153;;jah
1988-01-31;1,64;153;;jah
1988-02-01;1,77;155;;jah
1988-02-02;1,92;157;;jah
1988-02-03;1,72;152;;jah
1988-02-04;1,75;152;;jah
1988-02-05;1,8;152;;jah
1988-02-06;1,84;152;;jah
1988-02-07;2,03;155;;jah
1988-02-08;2,25;158;;jah
1988-02-09;2,11;155;;jah
1988-02-10;2,03;153;;jah
1988-02-11;2,01;152;;jah
1988-02-12;2,11;153;;jah
1988-02-13;1,96;150;;jah
1988-02-14;1,92;149;;jah
1988-02-15;1,81;147;;jah
1988-02-16;1,87;148;;jah
1988-02-17;1,87;148;;jah
1988-02-18;1,77;147;;jah
1988-02-19;1,85;150;;jah
1988-02-20;1,53;146;;jah
1988-02-21;1,53;148;;jah
1988-02-22;1,42;148;;jah
1988-02-23;1,31;148;;jah
1988-02-24;1,16;146;;jah
1988-02-25;1,08;145;;jah
1988-02-26;1,05;144;;jah
1988-02-27;1,05;144;;jah
1988-02-28;1,06;144;;jah
1988-02-29;1,08;144;;jah
1988-03-01;1,09;144;;jah
1988-03-02;1,1;143;;jah
1988-03-03;1,14;143;;jah
1988-03-04;1,17;143;;jah
1988-03-05;1,15;141;;jah
1988-03-06;1,24;142;;jah
1988-03-07;1,29;142;;jah
1988-03-08;1,37;143;;jah
1988-03-09;1,38;142;;jah
1988-03-10;1,4;142;;jah
1988-03-11;1,43;142;;jah
1988-03-12;1,44;142;;jah
1988-03-13;1,48;142;;jah
1988-03-14;1,51;142;;jah
1988-03-15;1,53;142;;jah
1988-03-16;1,31;137;;jah
1988-03-17;1,54;141;;jah
1988-03-18;1,49;140;;jah
1988-03-19;1,49;140;;jah
1988-03-20;1,49;140;;jah
1988-03-21;1,54;141;;jah
1988-03-22;1,46;140;;jah
1988-03-23;1,44;141;;jah
1988-03-24;1,5;142;;jah
1988-03-25;1,46;143;;jah
1988-03-26;1,6;147;;jah
1988-03-27;2,03;156;;jah
1988-03-28;2,67;167;;jah
1988-03-29;2,97;180;;jah
1988-03-30;3,49;194;;jah
1988-03-31;3,83;200;;jah
1988-04-01;6,45;245;;jah
1988-04-02;9,21;283;;jah
1988-04-03;10,1;294;;jah
1988-04-04;10,2;295;;jah
1988-04-05;9,56;290;;jah
1988-04-06;8,75;280;;jah
1988-04-07;7,78;269;;jah
1988-04-08;7,14;262;;jah
1988-04-09;6,72;257;;jah
1988-04-10;5,69;243;;jah
1988-04-11;5,01;232;;jah
1988-04-12;4,31;217;;jah
1988-04-13;3,89;208;;jah
1988-04-14;3,68;203;;jah
1988-04-15;3,41;197;;jah
1988-04-16;3,22;193;;jah
1988-04-17;3,07;189;;jah
1988-04-18;3,19;192;;jah
1988-04-19;3,35;196;;jah
1988-04-20;3,35;197;;jah
1988-04-21;3,26;194;;jah
1988-04-22;3,15;191;;jah
1988-04-23;3,07;189;;jah
1988-04-24;2,86;184;;jah
1988-04-25;2,66;179;;jah
1988-04-26;2,63;177;;jah
1988-04-27;2,63;177;;jah
1988-04-28;2,59;176;;jah
1988-04-29;2,52;175;;jah
1988-04-30;4,82;213;;jah
1988-05-01;7,52;252;;jah
1988-05-02;10,7;285;;jah
1988-05-03;8,68;264;;jah
1988-05-04;7,71;254;;jah
1988-05-05;6,64;242;;jah
1988-05-06;5,7;231;;jah
1988-05-07;5,24;224;;jah
1988-05-08;4,58;213;;jah
1988-05-09;4,06;204;;jah
1988-05-10;3,54;194;;jah
1988-05-11;2,95;182;;jah
1988-05-12;2,81;179;;jah
1988-05-13;2,63;175;;jah
1988-05-14;2,56;173;;jah
1988-05-15;2,41;169;;jah
1988-05-16;2,11;161;;jah
1988-05-17;1,98;158;;jah
1988-05-18;1,87;156;;jah
1988-05-19;1,92;157;;jah
1988-05-20;1,92;157;;jah
1988-05-21;1,87;157;;jah
1988-05-22;1,87;156;;jah
1988-05-23;1,87;156;;jah
1988-05-24;1,76;153;;jah
1988-05-25;1,76;153;;jah
1988-05-26;1,74;152;;jah
1988-05-27;1,56;148;;jah
1988-05-28;1,65;150;;jah
1988-05-29;1,47;146;;jah
1988-05-30;1,3;142;;jah
1988-05-31;1,22;140;;jah
1988-06-01;1,75;152;;jah
1988-06-02;2,21;161;;jah
1988-06-03;2,06;158;;jah
1988-06-04;1,3;142;;jah
1988-06-05;1,38;144;;jah
1988-06-06;2,32;163;;jah
1988-06-07;1,6;149;;jah
1988-06-08;1,22;140;;jah
1988-06-09;1,3;142;;jah
1988-06-10;1,34;143;;jah
1988-06-11;1,26;141;;jah
1988-06-12;1,26;141;;jah
1988-06-13;1,26;141;;jah
1988-06-14;1,14;138;;jah
1988-06-15;1,34;143;;jah
1988-06-16;1,02;135;;jah
1988-06-17;1,1;137;;jah
1988-06-18;1,38;144;;jah
1988-06-19;1,42;145;;jah
1988-06-20;1,38;144;;jah
1988-06-21;1,47;146;;jah
1988-06-22;1,56;148;;jah
1988-06-23;1,56;148;;jah
1988-06-24;1,56;148;;jah
1988-06-25;1,51;147;;jah
1988-06-26;1,47;146;;jah
1988-06-27;1,47;146;;jah
1988-06-28;1,38;144;;jah
1988-06-29;1,33;143;;jah
1988-06-30;1,32;144;;jah
1988-07-01;1,26;143;;jah
1988-07-02;1,18;142;;jah
1988-07-03;0,94;136;;jah
1988-07-04;0,99;138;;jah
1988-07-05;1,28;147;;jah
1988-07-06;1,08;142;;jah
1988-07-07;1,02;141;;jah
1988-07-08;1,03;142;;jah
1988-07-09;1,06;144;;jah
1988-07-10;1,01;143;;jah
1988-07-11;1,2;150;;jah
1988-07-12;1,01;145;;jah
1988-07-13;0,84;140;;jah
1988-07-14;0,76;138;;jah
1988-07-15;0,78;139;;jah
1988-07-16;0,86;142;;jah
1988-07-17;0,88;143;;jah
1988-07-18;0,91;144;;jah
1988-07-19;1;147;;jah
1988-07-20;0,97;146;;jah
1988-07-21;1,11;150;;jah
1988-07-22;0,84;141;;jah
1988-07-23;0,91;143;;jah
1988-07-24;0,86;141;;jah
1988-07-25;1,03;147;;jah
1988-07-26;1;146;;jah
1988-07-27;0,95;144;;jah
1988-07-28;0,9;142;;jah
1988-07-29;0,91;142;;jah
1988-07-30;0,99;145;;jah
1988-07-31;1,23;152;;jah
1988-08-01;1,3;154;;jah
1988-08-02;1,48;159;;jah
1988-08-03;1,52;161;;jah
1988-08-04;1,35;156;;jah
1988-08-05;1,17;151;;jah
1988-08-06;1,19;152;;jah
1988-08-07;1,33;156;;jah
1988-08-08;1,43;159;;jah
1988-08-09;1,47;160;;jah
1988-08-10;1,61;164;;jah
1988-08-11;1,61;164;;jah
1988-08-12;1,65;165;;jah
1988-08-13;1,68;166;;jah
1988-08-14;1,71;167;;jah
1988-08-15;1,75;168;;jah
1988-08-16;1,65;165;;jah
1988-08-17;1,68;166;;jah
1988-08-18;1,67;165;;jah
1988-08-19;1,81;168;;jah
1988-08-20;1,66;164;;jah
1988-08-21;1,53;160;;jah
1988-08-22;1,46;158;;jah
1988-08-23;1,52;159;;jah
1988-08-24;1,48;158;;jah
1988-08-25;1,61;161;;jah
1988-08-26;1,79;165;;jah
1988-08-27;1,95;169;;jah
1988-08-28;2,1;173;;jah
1988-08-29;2,29;178;;jah
1988-08-30;2,83;191;;jah
1988-08-31;3,55;209;;jah
1988-09-01;3,98;218;;jah
1988-09-02;6,15;258;;jah
1988-09-03;4,76;235;;jah
1988-09-04;4,07;223;;jah
1988-09-05;3,39;210;;jah
1988-09-06;3,14;205;;jah
1988-09-07;2,79;197;;jah
1988-09-08;2,67;195;;jah
1988-09-09;2,49;190;;jah
1988-09-10;2,16;182;;jah
1988-09-11;1,91;176;;jah
1988-09-12;1,82;173;;jah
1988-09-13;1,85;174;;jah
1988-09-14;1,88;175;;jah
1988-09-15;2,09;180;;jah
1988-09-16;2,38;188;;jah
1988-09-17;2,9;201;;jah
1988-09-18;3,09;206;;jah
1988-09-19;2,94;201;;jah
1988-09-20;2,6;192;;jah
1988-09-21;2,45;187;;jah
1988-09-22;2,68;193;;jah
1988-09-23;2,41;185;;jah
1988-09-24;2,14;178;;jah
1988-09-25;2,21;179;;jah
1988-09-26;2,42;182;;jah
1988-09-27;2,77;187;;jah
1988-09-28;2,94;190;;jah
1988-09-29;3,07;193;;jah
1988-09-30;3,03;192;;jah
1988-10-01;3,07;193;;jah
1988-10-02;3,11;194;;jah
1988-10-03;2,99;193;;jah
1988-10-04;2,75;188;;jah
1988-10-05;2,5;183;;jah
1988-10-06;2,28;179;;jah
1988-10-07;2,09;176;;jah
1988-10-08;2,06;175;;jah
1988-10-09;2,02;174;;jah
1988-10-10;2,24;179;;jah
1988-10-11;2,2;177;;jah
1988-10-12;2,18;176;;jah
1988-10-13;2,26;177;;jah
1988-10-14;2,27;176;;jah
1988-10-15;2,3;176;;jah
1988-10-16;2,36;176;;jah
1988-10-17;2,57;180;;jah
1988-10-18;2,44;177;;jah
1988-10-19;2,35;175;;jah
1988-10-20;2,27;173;;jah
1988-10-21;2,12;170;;jah
1988-10-22;2,17;172;;jah
1988-10-23;1,99;168;;jah
1988-10-24;1,94;168;;jah
1988-10-25;1,73;164;;jah
1988-10-26;1,59;161;;jah
1988-10-27;1,57;161;;jah
1988-10-28;1,55;161;;jah
1988-10-29;1,6;163;;jah
1988-10-30;1,58;163;;jah
1988-10-31;1,61;164;;jah
1988-11-01;1,58;163;;jah
1988-11-02;1,65;165;;jah
1988-11-03;1,58;163;;jah
1988-11-04;1,5;161;;jah
1988-11-05;1,58;163;;jah
1988-11-06;1,6;163;;jah
1988-11-07;1,6;165;;jah
1988-11-08;1,6;169;;jah
1988-11-09;1,6;167;;jah
1988-11-10;1,6;163;;jah
1988-11-11;1,42;158;;jah
1988-11-12;1,46;159;;jah
1988-11-13;1,52;161;;jah
1988-11-14;1,47;160;;jah
1988-11-15;1,5;161;;jah
1988-11-16;1,58;163;;jah
1988-11-17;1,65;165;;jah
1988-11-18;1,61;164;;jah
1988-11-19;1,65;165;;jah
1988-11-20;1,68;175;;jah
1988-11-21;1,65;165;;jah
1988-11-22;1,75;168;;jah
1988-11-23;1,75;168;;jah
1988-11-24;1,71;167;;jah
1988-11-25;1,68;166;;jah
1988-11-26;1,68;166;;jah
1988-11-27;1,68;166;;jah
1988-11-28;1,61;164;;jah
1988-11-29;1,68;166;;jah
1988-11-30;1,58;163;;jah
1988-12-01;1,54;162;;jah
1988-12-02;1,4;158;;jah
1988-12-03;1,47;160;;jah
1988-12-04;1,47;160;;jah
1988-12-05;1,52;161;;jah
1988-12-06;1,52;161;;jah
1988-12-07;1,52;161;;jah
1988-12-08;1,52;161;;jah
1988-12-09;1,55;161;;jah
1988-12-10;1,55;161;;jah
1988-12-11;1,55;161;;jah
1988-12-12;1,58;162;;jah
1988-12-13;1,51;160;;jah
1988-12-14;1,51;160;;jah
1988-12-15;1,51;160;;jah
1988-12-16;1,51;160;;jah
1988-12-17;1,51;160;;jah
1988-12-18;1,53;160;;jah
1988-12-19;1,52;161;;jah
1988-12-20;1,45;160;;jah
1988-12-21;1,36;160;;jah
1988-12-22;1,3;160;;jah
1988-12-23;1,25;160;;jah
1988-12-24;1,27;162;;jah
1988-12-25;1,3;164;;jah
1988-12-26;1,33;166;;jah
1988-12-27;1,36;167;;jah
1988-12-28;1,42;169;;jah
1988-12-29;1,36;167;;jah
1988-12-30;1,45;170;;jah
1988-12-31;1,74;178;;jah
1989-01-01;1,95;187;;jah
1989-01-02;2,3;195;;jah
1989-01-03;2,72;202;;jah
1989-01-04;2,94;204;;jah
1989-01-05;3,65;215;;jah
1989-01-06;3,83;215;;jah
1989-01-07;4,16;218;;jah
1989-01-08;4,15;216;;jah
1989-01-09;4,31;214;;jah
1989-01-10;4,48;217;;jah
1989-01-11;5,15;228;;jah
1989-01-12;5,21;229;;jah
1989-01-13;4,97;225;;jah
1989-01-14;5,08;227;;jah
1989-01-15;5,43;239;;jah
1989-01-16;9,8;307;;jah
1989-01-17;10,3;314;;jah
1989-01-18;10,8;320;;jah
1989-01-19;9,77;304;;jah
1989-01-20;9,37;294;;jah
1989-01-21;9,3;291;;jah
1989-01-22;9,36;288;;jah
1989-01-23;9,13;283;;jah
1989-01-24;8,42;272;;jah
1989-01-25;8,02;267;;jah
1989-01-26;8,02;267;;jah
1989-01-27;7,78;264;;jah
1989-01-28;7,57;261;;jah
1989-01-29;7,71;263;;jah
1989-01-30;7,78;264;;jah
1989-01-31;8,28;270;;jah
1989-02-01;7,78;264;;jah
1989-02-02;7,42;259;;jah
1989-02-03;7,12;255;;jah
1989-02-04;7,35;258;;jah
1989-02-05;7,64;262;;jah
1989-02-06;8,64;275;;jah
1989-02-07;8,64;275;;jah
1989-02-08;9,15;282;;jah
1989-02-09;8,33;273;;jah
1989-02-10;7,41;262;;jah
1989-02-11;5,93;242;;jah
1989-02-12;5,05;229;;jah
1989-02-13;4,24;216;;jah
1989-02-14;3,86;209;;jah
1989-02-15;3,51;203;;jah
1989-02-16;3,48;202;;jah
1989-02-17;3,17;195;;jah
1989-02-18;2,93;191;;jah
1989-02-19;2,59;182;;jah
1989-02-20;2,79;188;;jah
1989-02-21;2,97;193;;jah
1989-02-22;3,07;196;;jah
1989-02-23;3,07;196;;jah
1989-02-24;3,2;200;;jah
1989-02-25;3,51;207;;jah
1989-02-26;3,77;213;;jah
1989-02-27;4,79;232;;jah
1989-02-28;6,75;265;;jah
1989-03-01;8,02;283;;jah
1989-03-02;8,09;284;;jah
1989-03-03;7,84;277;;jah
1989-03-04;7,11;262;;jah
1989-03-05;6,19;246;;jah
1989-03-06;6,04;240;;jah
1989-03-07;5,97;238;;jah
1989-03-08;5,48;229;;jah
1989-03-09;5,05;224;;jah
1989-03-10;4,56;216;;jah
1989-03-11;4,15;209;;jah
1989-03-12;3,98;206;;jah
1989-03-13;3,82;203;;jah
1989-03-14;3,68;200;;jah
1989-03-15;3,82;203;;jah
1989-03-16;4,04;207;;jah
1989-03-17;4,67;218;;jah
1989-03-18;4,79;220;;jah
1989-03-19;4,67;218;;jah
1989-03-20;4,99;223;;jah
1989-03-21;4,99;223;;jah
1989-03-22;4,92;222;;jah
1989-03-23;4,99;223;;jah
1989-03-24;5,24;227;;jah
1989-03-25;5,43;230;;jah
1989-03-26;5,84;236;;jah
1989-03-27;6,1;240;;jah
1989-03-28;6,03;239;;jah
1989-03-29;5,7;234;;jah
1989-03-30;5,31;228;;jah
1989-03-31;4,67;218;;jah
1989-04-01;4,21;210;;jah
1989-04-02;3,82;203;;jah
1989-04-03;3,44;195;;jah
1989-04-04;3,06;186;;jah
1989-04-05;2,88;182;;jah
1989-04-06;2,83;181;;jah
1989-04-07;2,88;182;;jah
1989-04-08;2,88;182;;jah
1989-04-09;2,92;183;;jah
1989-04-10;2,97;184;;jah
1989-04-11;2,97;184;;jah
1989-04-12;2,92;183;;jah
1989-04-13;2,88;182;;jah
1989-04-14;2,66;177;;jah
1989-04-15;2,54;174;;jah
1989-04-16;2,47;172;;jah
1989-04-17;2,36;169;;jah
1989-04-18;2,36;169;;jah
1989-04-19;2,4;170;;jah
1989-04-20;2,66;177;;jah
1989-04-21;3,16;189;;jah
1989-04-22;3,54;197;;jah
1989-04-23;3,54;197;;jah
1989-04-24;3,3;192;;jah
1989-04-25;3,13;188;;jah
1989-04-26;3,09;187;;jah
1989-04-27;2,7;178;;jah
1989-04-28;2,58;175;;jah
1989-04-29;2,47;172;;jah
1989-04-30;2,47;172;;jah
1989-05-01;2,47;172;;jah
1989-05-02;2,36;169;;jah
1989-05-03;2,28;167;;jah
1989-05-04;2,2;165;;jah
1989-05-05;1,98;160;;jah
1989-05-06;1,39;145;;jah
1989-05-07;1,76;155;;jah
1989-05-08;2,16;165;;jah
1989-05-09;1,82;157;;jah
1989-05-10;1,75;155;;jah
1989-05-11;1,8;157;;jah
1989-05-12;1,7;154;;jah
1989-05-13;1,7;154;;jah
1989-05-14;1,62;152;;jah
1989-05-15;1,65;153;;jah
1989-05-16;1,69;155;;jah
1989-05-17;1,58;151;;jah
1989-05-18;1,53;150;;jah
1989-05-19;1,45;148;;jah
1989-05-20;1,35;146;;jah
1989-05-21;1,35;146;;jah
1989-05-22;1,46;149;;jah
1989-05-23;1,34;146;;jah
1989-05-24;1,13;141;;jah
1989-05-25;1,28;145;;jah
1989-05-26;1,16;142;;jah
1989-05-27;1,12;141;;jah
1989-05-28;1,23;144;;jah
1989-05-29;1,37;148;;jah
1989-05-30;1,21;144;;jah
1989-05-31;1,25;145;;jah
1989-06-01;1,34;147;;jah
1989-06-02;1,36;147;;jah
1989-06-03;1,94;164;;jah
1989-06-04;1,86;161;;jah
1989-06-05;1,99;164;;jah
1989-06-06;2,72;183;;jah
1989-06-07;2,76;184;;jah
1989-06-08;2,44;176;;jah
1989-06-09;2,23;170;;jah
1989-06-10;2,05;165;;jah
1989-06-11;2,16;168;;jah
1989-06-12;2,02;165;;jah
1989-06-13;2,31;173;;jah
1989-06-14;1,29;145;;jah
1989-06-15;1,62;155;;jah
1989-06-16;1,64;156;;jah
1989-06-17;1,97;166;;jah
1989-06-18;1,57;155;;jah
1989-06-19;1,6;156;;jah
1989-06-20;1,39;149;;jah
1989-06-21;1,22;145;;jah
1989-06-22;1,15;143;;jah
1989-06-23;1,22;145;;jah
1989-06-24;1,22;145;;jah
1989-06-25;1,17;144;;jah
1989-06-26;1,14;143;;jah
1989-06-27;1,11;142;;jah
1989-06-28;1,09;142;;jah
1989-06-29;1,02;140;;jah
1989-06-30;1,02;140;;jah
1989-07-01;1,08;142;;jah
1989-07-02;1,13;144;;jah
1989-07-03;1,05;142;;jah
1989-07-04;1,04;142;;jah
1989-07-05;1;141;;jah
1989-07-06;0,94;140;;jah
1989-07-07;0,87;138;;jah
1989-07-08;0,87;138;;jah
1989-07-09;0,83;137;;jah
1989-07-10;1,07;145;;jah
1989-07-11;0,92;140;;jah
1989-07-12;0,81;137;;jah
1989-07-13;0,93;141;;jah
1989-07-14;0,93;141;;jah
1989-07-15;0,96;142;;jah
1989-07-16;1,02;144;;jah
1989-07-17;1,07;146;;jah
1989-07-18;1,27;153;;jah
1989-07-19;1,07;146;;jah
1989-07-20;1,01;144;;jah
1989-07-21;0,94;142;;jah
1989-07-22;0,88;140;;jah
1989-07-23;0,87;140;;jah
1989-07-24;0,85;140;;jah
1989-07-25;0,64;132;;jah
1989-07-26;0,77;137;;jah
1989-07-27;0,79;138;;jah
1989-07-28;0,79;138;;jah
1989-07-29;0,88;142;;jah
1989-07-30;0,91;143;;jah
1989-07-31;0,9;142;;jah
1989-08-01;0,9;142;;jah
1989-08-02;0,94;143;;jah
1989-08-03;1,29;156;;jah
1989-08-04;1,36;158;;jah
1989-08-05;1,26;154;;jah
1989-08-06;1,28;155;;jah
1989-08-07;1,3;155;;jah
1989-08-08;1,31;155;;jah
1989-08-09;1,36;154;;jah
1989-08-10;2,51;186;;jah
1989-08-11;3,37;204;;jah
1989-08-12;2,83;191;;jah
1989-08-13;2,66;186;;jah
1989-08-14;2,17;176;;jah
1989-08-15;1,94;170;;jah
1989-08-16;1,74;165;;jah
1989-08-17;1,46;158;;jah
1989-08-18;1,35;155;;jah
1989-08-19;1,29;153;;jah
1989-08-20;1,21;152;;jah
1989-08-21;1,14;150;;jah
1989-08-22;1,14;150;;jah
1989-08-23;1,08;148;;jah
1989-08-24;1,14;150;;jah
1989-08-25;1,22;154;;jah
1989-08-26;1,32;157;;jah
1989-08-27;1,34;158;;jah
1989-08-28;1,32;157;;jah
1989-08-29;1,34;158;;jah
1989-08-30;1,37;159;;jah
1989-08-31;1,32;157;;jah
1989-09-01;1,29;156;;jah
1989-09-02;1,2;152;;jah
1989-09-03;1,2;152;;jah
1989-09-04;1,2;152;;jah
1989-09-05;1,17;150;;jah
1989-09-06;1,17;150;;jah
1989-09-07;1,14;149;;jah
1989-09-08;1,11;148;;jah
1989-09-09;1,09;147;;jah
1989-09-10;1,07;146;;jah
1989-09-11;1,09;146;;jah
1989-09-12;1,05;145;;jah
1989-09-13;1,07;145;;jah
1989-09-14;1,05;144;;jah
1989-09-15;1,06;144;;jah
1989-09-16;1,08;144;;jah
1989-09-17;1,09;144;;jah
1989-09-18;1,1;144;;jah
1989-09-19;1,12;144;;jah
1989-09-20;1,13;144;;jah
1989-09-21;1,13;144;;jah
1989-09-22;1,15;144;;jah
1989-09-23;1,16;144;;jah
1989-09-24;1,14;143;;jah
1989-09-25;1,14;143;;jah
1989-09-26;1,12;142;;jah
1989-09-27;1,1;141;;jah
1989-09-28;0,99;138;;jah
1989-09-29;1,18;143;;jah
1989-09-30;1,26;145;;jah
1989-10-01;1,47;150;;jah
1989-10-02;1,49;150;;jah
1989-10-03;1,5;150;;jah
1989-10-04;1,42;148;;jah
1989-10-05;1,47;149;;jah
1989-10-06;1,44;148;;jah
1989-10-07;1,4;147;;jah
1989-10-08;1,42;147;;jah
1989-10-09;1,42;147;;jah
1989-10-10;1,4;146;;jah
1989-10-11;1,36;145;;jah
1989-10-12;1,5;148;;jah
1989-10-13;1,55;149;;jah
1989-10-14;1,62;150;;jah
1989-10-15;1,69;152;;jah
1989-10-16;1,77;154;;jah
1989-10-17;2;160;;jah
1989-10-18;2,24;166;;jah
1989-10-19;2,2;165;;jah
1989-10-20;2,24;166;;jah
1989-10-21;2,16;164;;jah
1989-10-22;2,24;166;;jah
1989-10-23;2,32;168;;jah
1989-10-24;2,4;170;;jah
1989-10-25;3,25;191;;jah
1989-10-26;3,54;197;;jah
1989-10-27;4,33;212;;jah
1989-10-28;4,38;213;;jah
1989-10-29;4,04;207;;jah
1989-10-30;3,68;200;;jah
1989-10-31;3,58;198;;jah
1989-11-01;3,68;200;;jah
1989-11-02;3,78;202;;jah
1989-11-03;3,68;200;;jah
1989-11-04;3,44;195;;jah
1989-11-05;3,2;190;;jah
1989-11-06;3,13;188;;jah
1989-11-07;3,13;188;;jah
1989-11-08;3,13;188;;jah
1989-11-09;3,02;185;;jah
1989-11-10;2,78;180;;jah
1989-11-11;2,7;178;;jah
1989-11-12;2,58;175;;jah
1989-11-13;2,44;171;;jah
1989-11-14;2,51;173;;jah
1989-11-15;2,74;179;;jah
1989-11-16;3,06;186;;jah
1989-11-17;3,06;186;;jah
1989-11-18;2,92;183;;jah
1989-11-19;2,66;177;;jah
1989-11-20;2,51;173;;jah
1989-11-21;2,32;168;;jah
1989-11-22;2,16;164;;jah
1989-11-23;2,12;163;;jah
1989-11-24;1,6;160;;jah
1989-11-25;1,25;165;;jah
1989-11-26;1,13;157;;jah
1989-11-27;1,27;159;;jah
1989-11-28;1,32;158;;jah
1989-11-29;1,38;158;;jah
1989-11-30;1,4;158;;jah
1989-12-01;1,47;159;;jah
1989-12-02;1,5;160;;jah
1989-12-03;1,62;164;;jah
1989-12-04;1,65;173;;jah
1989-12-05;1,65;168;;jah
1989-12-06;1,65;167;;jah
1989-12-07;1,65;168;;jah
1989-12-08;1,67;177;;jah
1989-12-09;1,7;166;;jah
1989-12-10;1,61;163;;jah
1989-12-11;1,52;160;;jah
1989-12-12;1,55;161;;jah
1989-12-13;1,54;160;;jah
1989-12-14;1,54;160;;jah
1989-12-15;1,55;159;;jah
1989-12-16;1,57;159;;jah
1989-12-17;1,57;158;;jah
1989-12-18;1,65;159;;jah
1989-12-19;1,83;162;;jah
1989-12-20;2,31;174;;jah
1989-12-21;2,82;186;;jah
1989-12-22;3,2;195;;jah
1989-12-23;4,99;228;;jah
1989-12-24;5,04;228;;jah
1989-12-25;4,99;228;;jah
1989-12-26;4,76;225;;jah
1989-12-27;4,19;215;;jah
1989-12-28;3,6;204;;jah
1989-12-29;3,21;196;;jah
1989-12-30;2,94;190;;jah
1989-12-31;2,82;186;;jah
1990-01-01;2,37;175;;jah
1990-01-02;2,06;166;;jah
1990-01-03;1,88;161;;jah
1990-01-04;1,8;159;;jah
1990-01-05;1,91;162;;jah
1990-01-06;1,88;161;;jah
1990-01-07;1,8;159;;jah
1990-01-08;1,77;158;;jah
1990-01-09;1,77;158;;jah
1990-01-10;1,77;158;;jah
1990-01-11;1,88;161;;jah
1990-01-12;2,1;167;;jah
1990-01-13;2,1;167;;jah
1990-01-14;2,17;169;;jah
1990-01-15;2,01;164;;jah
1990-01-16;2,23;168;;jah
1990-01-17;2,3;167;;jah
1990-01-18;4,44;211;;jah
1990-01-19;7,05;249;;jah
1990-01-20;5,32;225;;jah
1990-01-21;5,43;230;;jah
1990-01-22;4,57;221;;jah
1990-01-23;3,78;209;;jah
1990-01-24;4,66;226;;jah
1990-01-25;8,62;286;;jah
1990-01-26;7,82;273;;jah
1990-01-27;9,22;285;;jah
1990-01-28;8,89;278;;jah
1990-01-29;7,5;260;;jah
1990-01-30;7,85;265;;jah
1990-01-31;7,57;261;;jah
1990-02-01;6,85;251;;jah
1990-02-02;7,27;257;;jah
1990-02-03;7,85;265;;jah
1990-02-04;8,35;271;;jah
1990-02-05;9,32;283;;jah
1990-02-06;8,72;276;;jah
1990-02-07;8,72;276;;jah
1990-02-08;8,98;279;;jah
1990-02-09;14,5;340;;jah
1990-02-10;16,1;356;;jah
1990-02-11;18,1;372;;jah
1990-02-12;12,4;314;;jah
1990-02-13;10,1;287;;jah
1990-02-14;8,45;265;;jah
1990-02-15;7,19;248;;jah
1990-02-16;6,3;235;;jah
1990-02-17;5,37;220;;jah
1990-02-18;4,9;212;;jah
1990-02-19;4,12;199;;jah
1990-02-20;5,05;207;;jah
1990-02-21;8,02;242;;jah
1990-02-22;10,1;271;;jah
1990-02-23;10,8;282;;jah
1990-02-24;10,3;274;;jah
1990-02-25;9,5;262;;jah
1990-02-26;9,38;260;;jah
1990-02-27;10,7;281;;jah
1990-02-28;11,2;292;;jah
1990-03-01;11,6;302;;jah
1990-03-02;11,7;305;;jah
1990-03-03;10,8;295;;jah
1990-03-04;9,28;276;;jah
1990-03-05;8,45;265;;jah
1990-03-06;10,4;290;;jah
1990-03-07;11,5;303;;jah
1990-03-08;11,8;306;;jah
1990-03-09;10,9;296;;jah
1990-03-10;10;286;;jah
1990-03-11;9,66;281;;jah
1990-03-12;8,97;269;;jah
1990-03-13;8,29;263;;jah
1990-03-14;7,06;246;;jah
1990-03-15;6,1;232;;jah
1990-03-16;5,61;224;;jah
1990-03-17;6,43;237;;jah
1990-03-18;6,7;241;;jah
1990-03-19;6,62;240;;jah
1990-03-20;6,3;235;;jah
1990-03-21;6,1;232;;jah
1990-03-22;6,1;232;;jah
1990-03-23;6,1;232;;jah
1990-03-24;6,17;233;;jah
1990-03-25;7,13;247;;jah
1990-03-26;7,84;257;;jah
1990-03-27;7,55;253;;jah
1990-03-28;6,7;241;;jah
1990-03-29;5,91;229;;jah
1990-03-30;4,62;217;;jah
1990-03-31;4,21;210;;jah
1990-04-01;3,59;198;;jah
1990-04-02;3,73;201;;jah
1990-04-03;3,63;199;;jah
1990-04-04;3,58;198;;jah
1990-04-05;3,54;197;;jah
1990-04-06;3,44;195;;jah
1990-04-07;3,34;193;;jah
1990-04-08;3,16;189;;jah
1990-04-09;2,92;183;;jah
1990-04-10;2,94;188;;jah
1990-04-11;2,94;188;;jah
1990-04-12;2,87;187;;jah
1990-04-13;2,55;179;;jah
1990-04-14;2,51;178;;jah
1990-04-15;2,47;177;;jah
1990-04-16;2,41;176;;jah
1990-04-17;2,37;175;;jah
1990-04-18;2,34;174;;jah
1990-04-19;2,31;173;;jah
1990-04-20;2,31;173;;jah
1990-04-21;2,27;172;;jah
1990-04-22;2,24;171;;jah
1990-04-23;2,13;168;;jah
1990-04-24;2,11;168;;jah
1990-04-25;2,04;166;;jah
1990-04-26;1,98;165;;jah
1990-04-27;1,94;164;;jah
1990-04-28;1,94;164;;jah
1990-04-29;1,87;162;;jah
1990-04-30;1,84;161;;jah
1990-05-01;1,8;160;;jah
1990-05-02;1,76;159;;jah
1990-05-03;1,73;158;;jah
1990-05-04;1,69;157;;jah
1990-05-05;1,59;154;;jah
1990-05-06;1,59;154;;jah
1990-05-07;1,59;154;;jah
1990-05-08;1,54;152;;jah
1990-05-09;1,54;152;;jah
1990-05-10;1,51;151;;jah
1990-05-11;1,49;150;;jah
1990-05-12;1,49;150;;jah
1990-05-13;1,49;150;;jah
1990-05-14;1,44;149;;jah
1990-05-15;1,49;150;;jah
1990-05-16;1,54;152;;jah
1990-05-17;1,57;153;;jah
1990-05-18;1,59;154;;jah
1990-05-19;1,57;153;;jah
1990-05-20;1,62;155;;jah
1990-05-21;1,54;151;;jah
1990-05-22;1,4;148;;jah
1990-05-23;1,32;146;;jah
1990-05-24;1,24;144;;jah
1990-05-25;1,24;144;;jah
1990-05-26;1,24;144;;jah
1990-05-27;1,24;144;;jah
1990-05-28;1,24;144;;jah
1990-05-29;1,32;146;;jah
1990-05-30;1,32;146;;jah
1990-05-31;1,32;146;;jah
1990-06-01;1,32;146;;jah
1990-06-02;1,24;144;;jah
1990-06-03;1,21;143;;jah
1990-06-04;1,17;142;;jah
1990-06-05;1,17;142;;jah
1990-06-06;1,13;141;;jah
1990-06-07;1,1;140;;jah
1990-06-08;1,1;140;;jah
1990-06-09;1,1;140;;jah
1990-06-10;1,1;140;;jah
1990-06-11;1,06;139;;jah
1990-06-12;1,03;138;;jah
1990-06-13;1,03;138;;jah
1990-06-14;1,03;138;;jah
1990-06-15;1,03;138;;jah
1990-06-16;1,06;139;;jah
1990-06-17;1,1;140;;jah
1990-06-18;1,1;140;;jah
1990-06-19;1,17;141;;jah
1990-06-20;1,17;141;;jah
1990-06-21;1,1;140;;jah
1990-06-22;1,03;138;;jah
1990-06-23;1,03;138;;jah
1990-06-24;0,95;136;;jah
1990-06-25;0,95;136;;jah
1990-06-26;0,95;136;;jah
1990-06-27;0,92;135;;jah
1990-06-28;0,88;134;;jah
1990-06-29;0,88;134;;jah
1990-06-30;0,88;134;;jah
1990-07-01;0,88;134;;jah
1990-07-02;0,88;134;;jah
1990-07-03;0,95;136;;jah
1990-07-04;0,95;136;;jah
1990-07-05;0,88;134;;jah
1990-07-06;0,88;134;;jah
1990-07-07;0,88;134;;jah
1990-07-08;0,88;134;;jah
1990-07-09;0,88;134;;jah
1990-07-10;0,88;134;;jah
1990-07-11;0,88;134;;jah
1990-07-12;0,88;134;;jah
1990-07-13;0,8;133;;jah
1990-07-14;0,9;135;;jah
1990-07-15;0,96;136;;jah
1990-07-16;1,43;144;;jah
1990-07-17;2,24;161;;jah
1990-07-18;2,34;164;;jah
1990-07-19;2,38;165;;jah
1990-07-20;2,24;161;;jah
1990-07-21;2,27;162;;jah
1990-07-22;2,49;168;;jah
1990-07-23;2,52;169;;jah
1990-07-24;2,38;165;;jah
1990-07-25;2,67;174;;jah
1990-07-26;2,9;184;;jah
1990-07-27;2,9;184;;jah
1990-07-28;2,33;173;;jah
1990-07-29;2,21;165;;jah
1990-07-30;2,2;162;;jah
1990-07-31;2,21;163;;jah
1990-08-01;2,31;172;;jah
1990-08-02;2,34;174;;jah
1990-08-03;2,33;173;;jah
1990-08-04;2,22;166;;jah
1990-08-05;1,94;160;;jah
1990-08-06;1,78;156;;jah
1990-08-07;1,69;153;;jah
1990-08-08;1,6;150;;jah
1990-08-09;1,51;148;;jah
1990-08-10;1,51;148;;jah
1990-08-11;1,46;147;;jah
1990-08-12;1,38;145;;jah
1990-08-13;1,43;146;;jah
1990-08-14;1,34;144;;jah
1990-08-15;1,34;144;;jah
1990-08-16;1,3;143;;jah
1990-08-17;1,26;142;;jah
1990-08-18;1,3;143;;jah
1990-08-19;1,34;144;;jah
1990-08-20;1,44;146;;jah
1990-08-21;1,39;145;;jah
1990-08-22;1,39;145;;jah
1990-08-23;1,44;146;;jah
1990-08-24;1,46;146;;jah
1990-08-25;1,46;146;;jah
1990-08-26;1,84;156;;jah
1990-08-27;2,33;167;;jah
1990-08-28;2,43;169;;jah
1990-08-29;2,47;170;;jah
1990-08-30;2,47;170;;jah
1990-08-31;2,74;177;;jah
1990-09-01;2,67;176;;jah
1990-09-02;2,49;172;;jah
1990-09-03;2,2;165;;jah
1990-09-04;1,94;159;;jah
1990-09-05;1,78;156;;jah
1990-09-06;1,92;160;;jah
1990-09-07;2,14;167;;jah
1990-09-08;2,24;171;;jah
1990-09-09;2,31;173;;jah
1990-09-10;2,17;169;;jah
1990-09-11;2,06;166;;jah
1990-09-12;2,02;165;;jah
1990-09-13;1,95;163;;jah
1990-09-14;1,88;161;;jah
1990-09-15;1,8;159;;jah
1990-09-16;1,73;157;;jah
1990-09-17;1,69;156;;jah
1990-09-18;1,63;154;;jah
1990-09-19;1,67;155;;jah
1990-09-20;1,65;154;;jah
1990-09-21;1,66;154;;jah
1990-09-22;1,79;157;;jah
1990-09-23;2;162;;jah
1990-09-24;2,17;166;;jah
1990-09-25;2,31;169;;jah
1990-09-26;2,45;172;;jah
1990-09-27;2,58;175;;jah
1990-09-28;2,69;177;;jah
1990-09-29;3,1;186;;jah
1990-09-30;3,68;198;;jah
1990-10-01;3,82;203;;jah
1990-10-02;4,44;214;;jah
1990-10-03;4,15;209;;jah
1990-10-04;4,21;210;;jah
1990-10-05;3,92;205;;jah
1990-10-06;3,92;205;;jah
1990-10-07;4,99;223;;jah
1990-10-08;5,77;235;;jah
1990-10-09;6,38;244;;jah
1990-10-10;6,65;248;;jah
1990-10-11;7,5;260;;jah
1990-10-12;7,5;260;;jah
1990-10-13;6,85;251;;jah
1990-10-14;5,84;236;;jah
1990-10-15;4,67;218;;jah
1990-10-16;3,82;203;;jah
1990-10-17;3,34;193;;jah
1990-10-18;3,09;187;;jah
1990-10-19;3,02;185;;jah
1990-10-20;2,97;184;;jah
1990-10-21;3,02;185;;jah
1990-10-22;3,06;186;;jah
1990-10-23;3,06;186;;jah
1990-10-24;2,97;184;;jah
1990-10-25;2,88;182;;jah
1990-10-26;2,78;180;;jah
1990-10-27;2,7;178;;jah
1990-10-28;2,62;176;;jah
1990-10-29;2,36;169;;jah
1990-10-30;2,32;168;;jah
1990-10-31;2,32;168;;jah
1990-11-01;2,62;176;;jah
1990-11-02;3,3;192;;jah
1990-11-03;3,87;204;;jah
1990-11-04;3,82;203;;jah
1990-11-05;3,49;196;;jah
1990-11-06;3,13;188;;jah
1990-11-07;2,92;183;;jah
1990-11-08;2,83;181;;jah
1990-11-09;2,7;178;;jah
1990-11-10;2,62;176;;jah
1990-11-11;2,58;175;;jah
1990-11-12;2,58;175;;jah
1990-11-13;2,54;174;;jah
1990-11-14;2,66;177;;jah
1990-11-15;3,34;193;;jah
1990-11-16;3,92;205;;jah
1990-11-17;6,24;242;;jah
1990-11-18;10,6;298;;jah
1990-11-19;10,3;294;;jah
1990-11-20;10;291;;jah
1990-11-21;8,57;274;;jah
1990-11-22;6,58;247;;jah
1990-11-23;4,92;222;;jah
1990-11-24;3,98;206;;jah
1990-11-25;3,58;198;;jah
1990-11-26;3,54;197;;jah
1990-11-27;3,68;200;;jah
1990-11-28;4,21;210;;jah
1990-11-29;4,44;214;;jah
1990-11-30;4,21;210;;jah
1990-12-01;3,36;194;;jah
1990-12-02;3,42;196;;jah
1990-12-03;3,43;197;;jah
1990-12-04;4,38;216;;jah
1990-12-05;4,67;222;;jah
1990-12-06;4,23;215;;jah
1990-12-07;3,64;204;;jah
1990-12-08;3,42;200;;jah
1990-12-09;3,38;199;;jah
1990-12-10;3,21;196;;jah
1990-12-11;3,07;193;;jah
1990-12-12;2,99;191;;jah
1990-12-13;2,94;190;;jah
1990-12-14;2,99;191;;jah
1990-12-15;2,88;188;;jah
1990-12-16;2,73;184;;jah
1990-12-17;2,6;181;;jah
1990-12-18;2,45;177;;jah
1990-12-19;2,31;173;;jah
1990-12-20;2,27;179;;jah
1990-12-21;2,24;177;;jah
1990-12-22;2,21;175;;jah
1990-12-23;2,21;174;;jah
1990-12-24;2,17;169;;jah
1990-12-25;2,17;182;;jah
1990-12-26;2,13;182;;jah
1990-12-27;2,33;180;;jah
1990-12-28;2,42;176;;jah
1990-12-29;2,49;166;;jah
1990-12-30;2,55;165;;jah
1990-12-31;2,57;163;;jah
1991-01-01;2,45;165;;jah
1991-01-02;2,36;165;;jah
1991-01-03;2,26;164;;jah
1991-01-04;2,21;164;;jah
1991-01-05;2,15;164;;jah
1991-01-06;2,35;169;;jah
1991-01-07;3,31;188;;jah
1991-01-08;5,53;227;;jah
1991-01-09;6,6;241;;jah
1991-01-10;8,66;270;;jah
1991-01-11;12;312;;jah
1991-01-12;12,3;310;;jah
1991-01-13;11,2;300;;jah
1991-01-14;10,4;290;;jah
1991-01-15;6,81;239;;jah
1991-01-16;5,23;214;;jah
1991-01-17;4,77;208;;jah
1991-01-18;3,94;194;;jah
1991-01-19;3,31;185;;jah
1991-01-20;3,22;184;;jah
1991-01-21;3,11;182;;jah
1991-01-22;3,01;180;;jah
1991-01-23;2,68;174;;jah
1991-01-24;2,73;175;;jah
1991-01-25;2,58;172;;jah
1991-01-26;2,63;173;;jah
1991-01-27;1,85;158;;jah
1991-01-28;1,95;160;;jah
1991-01-29;2,36;173;;jah
1991-01-30;2,37;179;;jah
1991-01-31;2,29;172;;jah
1991-02-01;2,15;167;;jah
1991-02-02;1,91;161;;jah
1991-02-03;1,81;158;;jah
1991-02-04;1,75;156;;jah
1991-02-05;1,72;155;;jah
1991-02-06;1,69;154;;jah
1991-02-07;1,62;152;;jah
1991-02-08;1,6;152;;jah
1991-02-09;1,61;152;;jah
1991-02-10;1,62;152;;jah
1991-02-11;1,64;151;;jah
1991-02-12;1,66;150;;jah
1991-02-13;1,7;150;;jah
1991-02-14;1,75;151;;jah
1991-02-15;1,79;152;;jah
1991-02-16;1,82;152;;jah
1991-02-17;1,86;151;;jah
1991-02-18;1,9;151;;jah
1991-02-19;1,93;150;;jah
1991-02-20;1,97;150;;jah
1991-02-21;2,04;151;;jah
1991-02-22;2,09;152;;jah
1991-02-23;2,09;152;;jah
1991-02-24;2,6;162;;jah
1991-02-25;7,28;250;;jah
1991-02-26;7,49;253;;jah
1991-02-27;5,89;225;;jah
1991-02-28;4,4;197;;jah
1991-03-01;3,43;178;;jah
1991-03-02;3,28;175;;jah
1991-03-03;2,49;160;;jah
1991-03-04;2,49;160;;jah
1991-03-05;2,49;160;;jah
1991-03-06;2,49;160;;jah
1991-03-07;2,39;158;;jah
1991-03-08;2,12;153;;jah
1991-03-09;2,24;155;;jah
1991-03-10;2,19;154;;jah
1991-03-11;2,12;153;;jah
1991-03-12;2,19;154;;jah
1991-03-13;2,9;168;;jah
1991-03-14;3,19;173;;jah
1991-03-15;5,73;222;;jah
1991-03-16;5,71;222;;jah
1991-03-17;4,62;205;;jah
1991-03-18;3,6;188;;jah
1991-03-19;3,24;182;;jah
1991-03-20;3,67;189;;jah
1991-03-21;4,75;207;;jah
1991-03-22;6,87;241;;jah
1991-03-23;13,6;332;;jah
1991-03-24;11;303;;jah
1991-03-25;11;303;;jah
1991-03-26;8,22;262;;jah
1991-03-27;6,26;231;;jah
1991-03-28;4,95;210;;jah
1991-03-29;4,27;199;;jah
1991-03-30;4,09;195;;jah
1991-03-31;4,18;197;;jah
1991-04-01;4,27;199;;jah
1991-04-02;4,37;201;;jah
1991-04-03;5,09;212;;jah
1991-04-04;5,95;226;;jah
1991-04-05;6,56;236;;jah
1991-04-06;6,68;238;;jah
1991-04-07;6,32;232;;jah
1991-04-08;5,83;224;;jah
1991-04-09;5,83;224;;jah
1991-04-10;6,08;228;;jah
1991-04-11;6,32;232;;jah
1991-04-12;6,01;227;;jah
1991-04-13;5,47;218;;jah
1991-04-14;4,82;208;;jah
1991-04-15;4,31;200;;jah
1991-04-16;4,18;197;;jah
1991-04-17;4,09;195;;jah
1991-04-18;4,31;200;;jah
1991-04-19;4,69;206;;jah
1991-04-20;4,75;207;;jah
1991-04-21;4,62;205;;jah
1991-04-22;4,43;202;;jah
1991-04-23;4,22;198;;jah
1991-04-24;4,09;195;;jah
1991-04-25;3,87;192;;jah
1991-04-26;3,67;189;;jah
1991-04-27;3,54;187;;jah
1991-04-28;3,35;184;;jah
1991-04-29;3,24;182;;jah
1991-04-30;3,24;182;;jah
1991-05-01;3,24;182;;jah
1991-05-02;3,95;193;;jah
1991-05-03;5,16;213;;jah
1991-05-04;5,71;222;;jah
1991-05-05;5,36;216;;jah
1991-05-06;4,43;202;;jah
1991-05-07;3,24;182;;jah
1991-05-08;2,96;177;;jah
1991-05-09;2,74;173;;jah
1991-05-10;2,53;169;;jah
1991-05-11;2,48;168;;jah
1991-05-12;2,42;167;;jah
1991-05-13;2,48;168;;jah
1991-05-14;2,48;168;;jah
1991-05-15;2,59;170;;jah
1991-05-16;2,59;170;;jah
1991-05-17;2,21;163;;jah
1991-05-18;2,1;161;;jah
1991-05-19;1,95;158;;jah
1991-05-20;1,86;156;;jah
1991-05-21;2,15;162;;jah
1991-05-22;2,37;166;;jah
1991-05-23;2,79;174;;jah
1991-05-24;3,35;184;;jah
1991-05-25;3,6;188;;jah
1991-05-26;3,18;182;;jah
1991-05-27;2,56;172;;jah
1991-05-28;2,43;170;;jah
1991-05-29;1,11;140;;jah
1991-05-30;1,7;155;;jah
1991-05-31;2,12;164;;jah
1991-06-01;1,88;159;;jah
1991-06-02;1,83;158;;jah
1991-06-03;1,81;157;;jah
1991-06-04;1,77;156;;jah
1991-06-05;1,67;154;;jah
1991-06-06;1,59;152;;jah
1991-06-07;1,6;152;;jah
1991-06-08;1,51;150;;jah
1991-06-09;1,51;150;;jah
1991-06-10;1,52;150;;jah
1991-06-11;1,51;149;;jah
1991-06-12;1,51;149;;jah
1991-06-13;1,54;150;;jah
1991-06-14;1,54;150;;jah
1991-06-15;2,96;177;;jah
1991-06-16;4,02;194;;jah
1991-06-17;4,18;197;;jah
1991-06-18;3,71;189;;jah
1991-06-19;3,61;187;;jah
1991-06-20;3,67;188;;jah
1991-06-21;3,47;186;;jah
1991-06-22;2,76;174;;jah
1991-06-23;2,3;166;;jah
1991-06-24;1,95;161;;jah
1991-06-25;2,23;168;;jah
1991-06-26;4,08;206;;jah
1991-06-27;4,48;212;;jah
1991-06-28;4,18;207;;jah
1991-06-29;4,59;213;;jah
1991-06-30;3,93;201;;jah
1991-07-01;3,19;187;;jah
1991-07-02;2,51;174;;jah
1991-07-03;2,08;165;;jah
1991-07-04;1,89;161;;jah
1991-07-05;1,67;156;;jah
1991-07-06;1,54;153;;jah
1991-07-07;1,46;151;;jah
1991-07-08;1,32;147;;jah
1991-07-09;1,29;146;;jah
1991-07-10;1,22;144;;jah
1991-07-11;1,22;144;;jah
1991-07-12;1,29;146;;jah
1991-07-13;1,29;146;;jah
1991-07-14;1,26;145;;jah
1991-07-15;1,22;144;;jah
1991-07-16;1,18;143;;jah
1991-07-17;1,18;143;;jah
1991-07-18;1,26;145;;jah
1991-07-19;1,26;145;;jah
1991-07-20;1,5;152;;jah
1991-07-21;1,72;157;;jah
1991-07-22;1,67;156;;jah
1991-07-23;1,72;157;;jah
1991-07-24;1,85;160;;jah
1991-07-25;1,67;156;;jah
1991-07-26;1,35;148;;jah
1991-07-27;1,29;146;;jah
1991-07-28;1,22;144;;jah
1991-07-29;1,14;142;;jah
1991-07-30;1,06;140;;jah
1991-07-31;1,05;140;;jah
1991-08-01;1,05;140;;jah
1991-08-02;1;139;;jah
1991-08-03;0,98;138;;jah
1991-08-04;0,97;138;;jah
1991-08-05;0,97;138;;jah
1991-08-06;0,97;138;;jah
1991-08-07;0,97;138;;jah
1991-08-08;0,95;138;;jah
1991-08-09;0,98;139;;jah
1991-08-10;1;140;;jah
1991-08-11;1,22;146;;jah
1991-08-12;1,31;149;;jah
1991-08-13;1,44;153;;jah
1991-08-14;1,45;153;;jah
1991-08-15;1,38;151;;jah
1991-08-16;1,29;148;;jah
1991-08-17;1,24;146;;jah
1991-08-18;1,31;148;;jah
1991-08-19;1,45;152;;jah
1991-08-20;1,57;155;;jah
1991-08-21;1,66;157;;jah
1991-08-22;1,47;153;;jah
1991-08-23;1,35;150;;jah
1991-08-24;1,26;147;;jah
1991-08-25;1,19;145;;jah
1991-08-26;1,19;145;;jah
1991-08-27;1,16;144;;jah
1991-08-28;1,16;144;;jah
1991-08-29;1,11;143;;jah
1991-08-30;1,1;143;;jah
1991-08-31;1,05;142;;jah
1991-09-01;1,05;142;;jah
1991-09-02;1,04;142;;jah
1991-09-03;1;141;;jah
1991-09-04;0,96;140;;jah
1991-09-05;0,96;140;;jah
1991-09-06;1,02;142;;jah
1991-09-07;1,03;143;;jah
1991-09-08;1,06;144;;jah
1991-09-09;1,05;144;;jah
1991-09-10;1,03;144;;jah
1991-09-11;1,02;144;;jah
1991-09-12;1,04;146;;jah
1991-09-13;1,03;146;;jah
1991-09-14;1,02;146;;jah
1991-09-15;0,98;145;;jah
1991-09-16;0,95;144;;jah
1991-09-17;0,95;144;;jah
1991-09-18;0,92;143;;jah
1991-09-19;0,95;144;;jah
1991-09-20;1,03;147;;jah
1991-09-21;1,13;151;;jah
1991-09-22;1,1;150;;jah
1991-09-23;1,08;149;;jah
1991-09-24;1,1;150;;jah
1991-09-25;1,13;151;;jah
1991-09-26;1,17;152;;jah
1991-09-27;1,17;152;;jah
1991-09-28;1,17;152;;jah
1991-09-29;1,13;151;;jah
1991-09-30;1,1;150;;jah
1991-10-01;1,3;157;;jah
1991-10-02;1,66;166;;jah
1991-10-03;1,69;167;;jah
1991-10-04;1,72;167;;jah
1991-10-05;1,6;164;;jah
1991-10-06;1,55;162;;jah
1991-10-07;1,44;159;;jah
1991-10-08;1,38;157;;jah
1991-10-09;1,32;155;;jah
1991-10-10;1,28;154;;jah
1991-10-11;1,24;152;;jah
1991-10-12;1,2;151;;jah
1991-10-13;1,18;150;;jah
1991-10-14;1,18;150;;jah
1991-10-15;1,19;150;;jah
1991-10-16;1,23;152;;jah
1991-10-17;1,34;154;;jah
1991-10-18;1,5;158;;jah
1991-10-19;1,6;160;;jah
1991-10-20;2,16;173;;jah
1991-10-21;2,68;184;;jah
1991-10-22;2,9;187;;jah
1991-10-23;3,1;190;;jah
1991-10-24;3,13;190;;jah
1991-10-25;3,08;189;;jah
1991-10-26;2,85;183;;jah
1991-10-27;2,6;178;;jah
1991-10-28;2,47;175;;jah
1991-10-29;2,41;173;;jah
1991-10-30;2,25;169;;jah
1991-10-31;2,21;168;;jah
1991-11-01;2,03;165;;jah
1991-11-02;1,99;164;;jah
1991-11-03;1,89;162;;jah
1991-11-04;1,92;163;;jah
1991-11-05;1,97;164;;jah
1991-11-06;2,04;166;;jah
1991-11-07;2,04;166;;jah
1991-11-08;2,13;168;;jah
1991-11-09;2,85;184;;jah
1991-11-10;3,36;193;;jah
1991-11-11;3,71;201;;jah
1991-11-12;3,77;202;;jah
1991-11-13;3,77;202;;jah
1991-11-14;3,81;202;;jah
1991-11-15;3,97;205;;jah
1991-11-16;5,23;228;;jah
1991-11-17;5,17;228;;jah
1991-11-18;5,45;233;;jah
1991-11-19;6,37;248;;jah
1991-11-20;6,05;241;;jah
1991-11-21;5,79;235;;jah
1991-11-22;5,25;224;;jah
1991-11-23;5,2;222;;jah
1991-11-24;5,04;217;;jah
1991-11-25;4,98;215;;jah
1991-11-26;4,7;210;;jah
1991-11-27;4,37;203;;jah
1991-11-28;4,18;199;;jah
1991-11-29;4,13;196;;jah
1991-11-30;4,06;194;;jah
1991-12-01;3,95;192;;jah
1991-12-02;3,71;188;;jah
1991-12-03;3,61;186;;jah
1991-12-04;3,43;183;;jah
1991-12-05;3,35;181;;jah
1991-12-06;2,96;174;;jah
1991-12-07;2,09;158;;jah
1991-12-08;2,21;159;;jah
1991-12-09;2,56;166;;jah
1991-12-10;2,58;166;;jah
1991-12-11;2,41;163;;jah
1991-12-12;2,43;163;;jah
1991-12-13;2,43;163;;jah
1991-12-14;2,78;169;;jah
1991-12-15;2,96;172;;jah
1991-12-16;3,07;174;;jah
1991-12-17;2,75;168;;jah
1991-12-18;2,93;171;;jah
1991-12-19;2,63;166;;jah
1991-12-20;2,51;164;;jah
1991-12-21;2,49;164;;jah
1991-12-22;2,46;164;;jah
1991-12-23;2,44;164;;jah
1991-12-24;3,07;176;;jah
1991-12-25;2,99;191;;jah
1991-12-26;2,93;186;;jah
1991-12-27;2,87;186;;jah
1991-12-28;2,83;178;;jah
1991-12-29;2,63;183;;jah
1991-12-30;2,55;187;;jah
1991-12-31;2,43;174;;jah
1992-01-01;2,01;165;;jah
1992-01-02;2,47;175;;jah
1992-01-03;3,19;189;;jah
1992-01-04;7,4;265;;jah
1992-01-05;11,2;319;;jah
1992-01-06;11;312;;jah
1992-01-07;12,1;317;;jah
1992-01-08;10;285;;jah
1992-01-09;10,2;281;;jah
1992-01-10;11;294;;jah
1992-01-11;9,72;278;;jah
1992-01-12;11,4;304;;jah
1992-01-13;10,8;299;;jah
1992-01-14;9,39;280;;jah
1992-01-15;8,24;265;;jah
1992-01-16;8,14;266;;jah
1992-01-17;7,17;253;;jah
1992-01-18;6,19;240;;jah
1992-01-19;5,69;232;;jah
1992-01-20;4,98;219;;jah
1992-01-21;5,01;208;;jah
1992-01-22;5,05;210;;jah
1992-01-23;5;210;;jah
1992-01-24;4,62;205;;jah
1992-01-25;4,27;199;;jah
1992-01-26;4,05;195;;jah
1992-01-27;3,79;192;;jah
1992-01-28;3,75;192;;jah
1992-01-29;4,01;196;;jah
1992-01-30;4,01;197;;jah
1992-01-31;3,96;196;;jah
1992-02-01;3,86;194;;jah
1992-02-02;3,4;187;;jah
1992-02-03;3,01;180;;jah
1992-02-04;3,08;182;;jah
1992-02-05;3,08;182;;jah
1992-02-06;2,98;180;;jah
1992-02-07;2,43;170;;jah
1992-02-08;2,76;176;;jah
1992-02-09;2,66;173;;jah
1992-02-10;2,79;174;;jah
1992-02-11;2,79;174;;jah
1992-02-12;3,08;179;;jah
1992-02-13;3,47;186;;jah
1992-02-14;4,22;198;;jah
1992-02-15;5,77;223;;jah
1992-02-16;6,9;246;;jah
1992-02-17;5,62;232;;jah
1992-02-18;5,24;226;;jah
1992-02-19;4,72;216;;jah
1992-02-20;4,01;204;;jah
1992-02-21;3,96;203;;jah
1992-02-22;3,72;197;;jah
1992-02-23;3,62;194;;jah
1992-02-24;3,76;197;;jah
1992-02-25;3,92;200;;jah
1992-02-26;4,37;207;;jah
1992-02-27;4,78;212;;jah
1992-02-28;4,68;209;;jah
1992-02-29;4,53;205;;jah
1992-03-01;5,16;213;;jah
1992-03-02;5,52;218;;jah
1992-03-03;6,32;228;;jah
1992-03-04;7,21;241;;jah
1992-03-05;8,15;254;;jah
1992-03-06;7,82;250;;jah
1992-03-07;7,01;239;;jah
1992-03-08;5,89;223;;jah
1992-03-09;5,21;213;;jah
1992-03-10;4,75;207;;jah
1992-03-11;4,46;203;;jah
1992-03-12;4,22;200;;jah
1992-03-13;4,25;202;;jah
1992-03-14;4,84;212;;jah
1992-03-15;5,25;220;;jah
1992-03-16;5,2;220;;jah
1992-03-17;4,62;211;;jah
1992-03-18;3,92;200;;jah
1992-03-19;3,72;196;;jah
1992-03-20;3,59;194;;jah
1992-03-21;3,59;194;;jah
1992-03-22;3,59;194;;jah
1992-03-23;3,59;194;;jah
1992-03-24;3,59;194;;jah
1992-03-25;3,59;194;;jah
1992-03-26;3,59;194;;jah
1992-03-27;3,92;200;;jah
1992-03-28;4,38;208;;jah
1992-03-29;5,74;231;;jah
1992-03-30;5,87;233;;jah
1992-03-31;5,45;227;;jah
1992-04-01;4,54;211;;jah
1992-04-02;3,98;201;;jah
1992-04-03;4,04;202;;jah
1992-04-04;3,81;198;;jah
1992-04-05;3,54;193;;jah
1992-04-06;3,59;194;;jah
1992-04-07;3,7;196;;jah
1992-04-08;3,86;199;;jah
1992-04-09;4,1;203;;jah
1992-04-10;4,16;204;;jah
1992-04-11;4,1;203;;jah
1992-04-12;3,75;197;;jah
1992-04-13;3,59;194;;jah
1992-04-14;3,54;193;;jah
1992-04-15;3,64;195;;jah
1992-04-16;3,7;196;;jah
1992-04-17;3,54;193;;jah
1992-04-18;3,36;189;;jah
1992-04-19;3,27;187;;jah
1992-04-20;3,59;194;;jah
1992-04-21;4,38;208;;jah
1992-04-22;4,81;216;;jah
1992-04-23;4,76;215;;jah
1992-04-24;4,38;208;;jah
1992-04-25;3,98;201;;jah
1992-04-26;3,7;196;;jah
1992-04-27;3,5;192;;jah
1992-04-28;3,27;187;;jah
1992-04-29;3,22;186;;jah
1992-04-30;3,27;187;;jah
1992-05-01;3,18;185;;jah
1992-05-02;3,01;182;;jah
1992-05-03;2,9;180;;jah
1992-05-04;3,01;182;;jah
1992-05-05;3,01;182;;jah
1992-05-06;2,85;179;;jah
1992-05-07;2,71;176;;jah
1992-05-08;2,61;174;;jah
1992-05-09;2,66;175;;jah
1992-05-10;2,76;177;;jah
1992-05-11;2,9;180;;jah
1992-05-12;2,76;177;;jah
1992-05-13;2,76;177;;jah
1992-05-14;3,01;182;;jah
1992-05-15;3,18;185;;jah
1992-05-16;2,9;180;;jah
1992-05-17;2,56;173;;jah
1992-05-18;2,38;169;;jah
1992-05-19;2,29;167;;jah
1992-05-20;2,16;164;;jah
1992-05-21;2,03;161;;jah
1992-05-22;1,73;154;;jah
1992-05-23;1,68;153;;jah
1992-05-24;1,68;153;;jah
1992-05-25;1,62;152;;jah
1992-05-26;1,49;151;;jah
1992-05-27;1,39;149;;jah
1992-05-28;1,32;148;;jah
1992-05-29;1,28;147;;jah
1992-05-30;1,23;146;;jah
1992-05-31;1,22;146;;jah
1992-06-01;1,19;145;;jah
1992-06-02;1,18;145;;jah
1992-06-03;1,14;144;;jah
1992-06-04;1,07;142;;jah
1992-06-05;1,05;142;;jah
1992-06-06;1,01;141;;jah
1992-06-07;0,98;140;;jah
1992-06-08;0,95;139;;jah
1992-06-09;0,92;138;;jah
1992-06-10;0,93;138;;jah
1992-06-11;0,93;138;;jah
1992-06-12;1,1;143;;jah
1992-06-13;1,2;146;;jah
1992-06-14;1,18;145;;jah
1992-06-15;1,2;146;;jah
1992-06-16;1,19;145;;jah
1992-06-17;1,22;146;;jah
1992-06-18;1,16;144;;jah
1992-06-19;1,11;143;;jah
1992-06-20;1,07;142;;jah
1992-06-21;1,02;141;;jah
1992-06-22;0,99;140;;jah
1992-06-23;0,98;140;;jah
1992-06-24;0,98;140;;jah
1992-06-25;0,93;139;;jah
1992-06-26;0,93;139;;jah
1992-06-27;0,92;139;;jah
1992-06-28;0,91;139;;jah
1992-06-29;0,89;138;;jah
1992-06-30;0,9;139;;jah
1992-07-01;0,9;139;;jah
1992-07-02;0,94;141;;jah
1992-07-03;0,82;137;;jah
1992-07-04;0,82;137;;jah
1992-07-05;0,88;139;;jah
1992-07-06;0,91;140;;jah
1992-07-07;0,91;140;;jah
1992-07-08;0,91;140;;jah
1992-07-09;0,88;140;;jah
1992-07-10;0,88;139;;jah
1992-07-11;0,85;139;;jah
1992-07-12;0,85;138;;jah
1992-07-13;0,85;138;;jah
1992-07-14;0,85;138;;jah
1992-07-15;0,82;137;;jah
1992-07-16;0,85;138;;jah
1992-07-17;0,88;139;;jah
1992-07-18;0,88;139;;jah
1992-07-19;1,01;143;;jah
1992-07-20;0,88;139;;jah
1992-07-21;0,85;138;;jah
1992-07-22;0,85;138;;jah
1992-07-23;0,85;138;;jah
1992-07-24;0,85;138;;jah
1992-07-25;0,81;136;;jah
1992-07-26;0,81;136;;jah
1992-07-27;0,81;136;;jah
1992-07-28;0,81;136;;jah
1992-07-29;0,83;137;;jah
1992-07-30;0,92;140;;jah
1992-07-31;0,92;140;;jah
1992-08-01;0,89;140;;jah
1992-08-02;0,83;139;;jah
1992-08-03;0,81;139;;jah
1992-08-04;0,74;138;;jah
1992-08-05;0,7;138;;jah
1992-08-06;0,65;137;;jah
1992-08-07;0,62;136;;jah
1992-08-08;0,62;136;;jah
1992-08-09;0,61;136;;jah
1992-08-10;0,61;136;;jah
1992-08-11;0,62;136;;jah
1992-08-12;0,62;136;;jah
1992-08-13;0,6;135;;jah
1992-08-14;0,59;134;;jah
1992-08-15;0,59;134;;jah
1992-08-16;0,6;134;;jah
1992-08-17;0,6;134;;jah
1992-08-18;0,64;136;;jah
1992-08-19;0,77;141;;jah
1992-08-20;0,77;141;;jah
1992-08-21;0,76;140;;jah
1992-08-22;0,76;140;;jah
1992-08-23;0,73;139;;jah
1992-08-24;0,71;138;;jah
1992-08-25;0,71;138;;jah
1992-08-26;0,72;139;;jah
1992-08-27;0,83;143;;jah
1992-08-28;0,93;147;;jah
1992-08-29;0,88;145;;jah
1992-08-30;0,86;144;;jah
1992-08-31;0,8;142;;jah
1992-09-01;0,72;139;;jah
1992-09-02;0,7;138;;jah
1992-09-03;0,72;139;;jah
1992-09-04;0,72;139;;jah
1992-09-05;0,72;139;;jah
1992-09-06;0,9;145;;jah
1992-09-07;1,16;155;;jah
1992-09-08;1,19;156;;jah
1992-09-09;1,09;153;;jah
1992-09-10;1;150;;jah
1992-09-11;0,94;147;;jah
1992-09-12;0,9;145;;jah
1992-09-13;0,88;144;;jah
1992-09-14;0,83;142;;jah
1992-09-15;0,84;142;;jah
1992-09-16;0,9;144;;jah
1992-09-17;0,91;144;;jah
1992-09-18;0,91;144;;jah
1992-09-19;0,92;144;;jah
1992-09-20;0,86;142;;jah
1992-09-21;0,84;141;;jah
1992-09-22;0,81;140;;jah
1992-09-23;0,81;140;;jah
1992-09-24;0,79;139;;jah
1992-09-25;0,77;138;;jah
1992-09-26;0,77;138;;jah
1992-09-27;0,77;138;;jah
1992-09-28;0,79;139;;jah
1992-09-29;0,74;141;;jah
1992-09-30;0,88;142;;jah
1992-10-01;0,89;143;;jah
1992-10-02;0,91;144;;jah
1992-10-03;0,91;144;;jah
1992-10-04;0,86;143;;jah
1992-10-05;0,83;142;;jah
1992-10-06;0,81;142;;jah
1992-10-07;0,8;142;;jah
1992-10-08;0,87;145;;jah
1992-10-09;0,96;150;;jah
1992-10-10;1,09;155;;jah
1992-10-11;1,2;159;;jah
1992-10-12;1,23;160;;jah
1992-10-13;1,17;158;;jah
1992-10-14;1,19;158;;jah
1992-10-15;1,25;160;;jah
1992-10-16;1,35;163;;jah
1992-10-17;1,48;167;;jah
1992-10-18;1,48;167;;jah
1992-10-19;1,47;166;;jah
1992-10-20;1,33;162;;jah
1992-10-21;1,27;160;;jah
1992-10-22;1,18;157;;jah
1992-10-23;1,18;157;;jah
1992-10-24;1,12;155;;jah
1992-10-25;1,09;154;;jah
1992-10-26;1,09;154;;jah
1992-10-27;0,97;150;;jah
1992-10-28;0,97;150;;jah
1992-10-29;0,96;150;;jah
1992-10-30;0,99;152;;jah
1992-10-31;0,77;142;;jah
1992-11-01;1;151;;jah
1992-11-02;1,13;154;;jah
1992-11-03;1,16;154;;jah
1992-11-04;1,46;162;;jah
1992-11-05;1,69;167;;jah
1992-11-06;1,89;170;;jah
1992-11-07;1,89;170;;jah
1992-11-08;1,87;169;;jah
1992-11-09;1,75;166;;jah
1992-11-10;1,46;158;;jah
1992-11-11;1,61;162;;jah
1992-11-12;1,52;159;;jah
1992-11-13;1,47;157;;jah
1992-11-14;1,43;156;;jah
1992-11-15;1,45;156;;jah
1992-11-16;1,41;155;;jah
1992-11-17;1,37;154;;jah
1992-11-18;1,39;154;;jah
1992-11-19;1,43;155;;jah
1992-11-20;1,58;159;;jah
1992-11-21;1,79;164;;jah
1992-11-22;1,82;166;;jah
1992-11-23;1,72;164;;jah
1992-11-24;1,32;154;;jah
1992-11-25;1,53;161;;jah
1992-11-26;1,55;162;;jah
1992-11-27;1,47;161;;jah
1992-11-28;1,38;159;;jah
1992-11-29;1,07;150;;jah
1992-11-30;1,14;153;;jah
1992-12-01;1,2;158;;jah
1992-12-02;1,28;156;;jah
1992-12-03;1,38;155;;jah
1992-12-04;1,72;162;;jah
1992-12-05;2,75;184;;jah
1992-12-06;3,78;203;;jah
1992-12-07;3,94;206;;jah
1992-12-08;3,88;204;;jah
1992-12-09;3,52;195;;jah
1992-12-10;2,84;183;;jah
1992-12-11;2,63;178;;jah
1992-12-12;2,58;177;;jah
1992-12-13;2,6;177;;jah
1992-12-14;2,5;175;;jah
1992-12-15;2,76;180;;jah
1992-12-16;3,15;187;;jah
1992-12-17;3,89;201;;jah
1992-12-18;4,13;206;;jah
1992-12-19;3,79;200;;jah
1992-12-20;3,28;190;;jah
1992-12-21;2,58;177;;jah
1992-12-22;2,01;165;;jah
1992-12-23;1,85;162;;jah
1992-12-24;1,85;162;;jah
1992-12-25;1,81;161;;jah
1992-12-26;1,79;161;;jah
1992-12-27;1,58;156;;jah
1992-12-28;1,42;152;;jah
1992-12-29;1,4;152;;jah
1992-12-30;1,34;151;;jah
1992-12-31;1,23;148;;jah
1993-01-01;1,33;150;;jah
1993-01-02;1,33;150;;jah
1993-01-03;1,28;148;;jah
1993-01-04;1,19;145;;jah
1993-01-05;1,08;142;;jah
1993-01-06;1,04;141;;jah
1993-01-07;1,05;141;;jah
1993-01-08;1,14;143;;jah
1993-01-09;1,2;144;;jah
1993-01-10;1,16;144;;jah
1993-01-11;1,28;149;;jah
1993-01-12;2,21;172;;jah
1993-01-13;2,26;174;;jah
1993-01-14;2,45;178;;jah
1993-01-15;2,78;186;;jah
1993-01-16;2,98;190;;jah
1993-01-17;3,8;207;;jah
1993-01-18;4,71;225;;jah
1993-01-19;5,2;235;;jah
1993-01-20;5;226;;jah
1993-01-21;5,08;223;;jah
1993-01-22;6,84;254;;jah
1993-01-23;11,7;325;;jah
1993-01-24;6,79;253;;jah
1993-01-25;7,95;281;;jah
1993-01-26;7,22;278;;jah
1993-01-27;5,84;257;;jah
1993-01-28;4,36;229;;jah
1993-01-29;3,79;217;;jah
1993-01-30;3,46;211;;jah
1993-01-31;3,42;208;;jah
1993-02-01;3,47;203;;jah
1993-02-02;3,63;201;;jah
1993-02-03;3,8;199;;jah
1993-02-04;3,76;196;;jah
1993-02-05;3,74;194;;jah
1993-02-06;3,57;191;;jah
1993-02-07;3,33;187;;jah
1993-02-08;3,1;183;;jah
1993-02-09;3;181;;jah
1993-02-10;3,09;176;;jah
1993-02-11;2,48;171;;jah
1993-02-12;2,33;168;;jah
1993-02-13;2,2;166;;jah
1993-02-14;2,1;164;;jah
1993-02-15;1,98;162;;jah
1993-02-16;1,89;160;;jah
1993-02-17;1,84;159;;jah
1993-02-18;1,93;161;;jah
1993-02-19;1,79;158;;jah
1993-02-20;1,82;159;;jah
1993-02-21;1,96;162;;jah
1993-02-22;1,96;162;;jah
1993-02-23;1,76;158;;jah
1993-02-24;1,8;159;;jah
1993-02-25;1,76;158;;jah
1993-02-26;1,63;155;;jah
1993-02-27;1,58;154;;jah
1993-02-28;1,63;155;;jah
1993-03-01;1,58;154;;jah
1993-03-02;1,57;154;;jah
1993-03-03;1,52;153;;jah
1993-03-04;1,49;152;;jah
1993-03-05;1,55;154;;jah
1993-03-06;1,5;153;;jah
1993-03-07;1,47;152;;jah
1993-03-08;1,38;150;;jah
1993-03-09;1,37;150;;jah
1993-03-10;1,37;150;;jah
1993-03-11;1,35;150;;jah
1993-03-12;1,33;150;;jah
1993-03-13;1,36;151;;jah
1993-03-14;1,34;151;;jah
1993-03-15;1,44;154;;jah
1993-03-16;3,49;200;;jah
1993-03-17;7,24;273;;jah
1993-03-18;6,81;265;;jah
1993-03-19;7,24;273;;jah
1993-03-20;7,06;268;;jah
1993-03-21;6,36;255;;jah
1993-03-22;5,81;243;;jah
1993-03-23;5,82;242;;jah
1993-03-24;6,28;249;;jah
1993-03-25;6,36;249;;jah
1993-03-26;6,2;245;;jah
1993-03-27;5,61;233;;jah
1993-03-28;5,03;221;;jah
1993-03-29;4,52;211;;jah
1993-03-30;4,1;203;;jah
1993-03-31;3,97;200;;jah
1993-04-01;3,89;197;;jah
1993-04-02;4,41;206;;jah
1993-04-03;4,47;207;;jah
1993-04-04;4,46;206;;jah
1993-04-05;4,44;205;;jah
1993-04-06;4,5;206;;jah
1993-04-07;4,61;207;;jah
1993-04-08;4,68;208;;jah
1993-04-09;5,25;216;;jah
1993-04-10;5,25;216;;jah
1993-04-11;4,97;211;;jah
1993-04-12;4,46;203;;jah
1993-04-13;4,02;194;;jah
1993-04-14;3,67;189;;jah
1993-04-15;3,41;185;;jah
1993-04-16;3,24;182;;jah
1993-04-17;2,59;170;;jah
1993-04-18;2,29;165;;jah
1993-04-19;3,13;181;;jah
1993-04-20;4,3;202;;jah
1993-04-21;4,68;209;;jah
1993-04-22;4,39;205;;jah
1993-04-23;3,84;196;;jah
1993-04-24;3,56;192;;jah
1993-04-25;3,31;188;;jah
1993-04-26;3,1;185;;jah
1993-04-27;2,66;177;;jah
1993-04-28;2,25;169;;jah
1993-04-29;2,06;165;;jah
1993-04-30;1,97;163;;jah
1993-05-01;2,01;163;;jah
1993-05-02;1,93;161;;jah
1993-05-03;1,81;158;;jah
1993-05-04;1,85;158;;jah
1993-05-05;1,79;156;;jah
1993-05-06;1,74;155;;jah
1993-05-07;1,64;153;;jah
1993-05-08;1,56;151;;jah
1993-05-09;1,51;150;;jah
1993-05-10;1,48;149;;jah
1993-05-11;1,43;148;;jah
1993-05-12;1,4;147;;jah
1993-05-13;1,4;147;;jah
1993-05-14;1,36;146;;jah
1993-05-15;1,34;146;;jah
1993-05-16;1,32;145;;jah
1993-05-17;1,28;144;;jah
1993-05-18;1,18;142;;jah
1993-05-19;1,13;141;;jah
1993-05-20;1,17;142;;jah
1993-05-21;1,12;141;;jah
1993-05-22;1,09;140;;jah
1993-05-23;1,04;139;;jah
1993-05-24;1,04;139;;jah
1993-05-25;1,03;139;;jah
1993-05-26;1,1;141;;jah
1993-05-27;1,13;142;;jah
1993-05-28;1,09;141;;jah
1993-05-29;1,07;141;;jah
1993-05-30;1;139;;jah
1993-05-31;0,97;138;;jah
1993-06-01;0,97;138;;jah
1993-06-02;0,99;139;;jah
1993-06-03;0,99;139;;jah
1993-06-04;0,93;137;;jah
1993-06-05;0,92;136;;jah
1993-06-06;0,92;136;;jah
1993-06-07;0,88;135;;jah
1993-06-08;0,88;135;;jah
1993-06-09;0,88;135;;jah
1993-06-10;0,9;136;;jah
1993-06-11;0,89;136;;jah
1993-06-12;0,88;136;;jah
1993-06-13;0,87;136;;jah
1993-06-14;0,82;135;;jah
1993-06-15;0,8;135;;jah
1993-06-16;0,79;135;;jah
1993-06-17;0,78;135;;jah
1993-06-18;0,82;137;;jah
1993-06-19;0,85;138;;jah
1993-06-20;0,91;140;;jah
1993-06-21;1,12;146;;jah
1993-06-22;1,13;147;;jah
1993-06-23;1,16;148;;jah
1993-06-24;1,12;146;;jah
1993-06-25;1,15;147;;jah
1993-06-26;1,2;149;;jah
1993-06-27;1,22;150;;jah
1993-06-28;1,17;148;;jah
1993-06-29;1,02;143;;jah
1993-06-30;0,95;141;;jah
1993-07-01;0,87;138;;jah
1993-07-02;0,83;137;;jah
1993-07-03;0,85;137;;jah
1993-07-04;0,85;137;;jah
1993-07-05;0,85;137;;jah
1993-07-06;0,82;136;;jah
1993-07-07;0,82;136;;jah
1993-07-08;0,79;135;;jah
1993-07-09;0,77;134;;jah
1993-07-10;0,79;135;;jah
1993-07-11;0,79;135;;jah
1993-07-12;0,79;135;;jah
1993-07-13;0,77;134;;jah
1993-07-14;0,79;135;;jah
1993-07-15;0,79;135;;jah
1993-07-16;0,88;138;;jah
1993-07-17;0,9;139;;jah
1993-07-18;0,9;139;;jah
1993-07-19;1;142;;jah
1993-07-20;1,24;150;;jah
1993-07-21;1,22;149;;jah
1993-07-22;1,32;152;;jah
1993-07-23;1,22;149;;jah
1993-07-24;1,51;157;;jah
1993-07-25;3;191;;jah
1993-07-26;4,08;213;;jah
1993-07-27;3,6;204;;jah
1993-07-28;3,23;195;;jah
1993-07-29;2,56;182;;jah
1993-07-30;2,2;174;;jah
1993-07-31;2,05;170;;jah
1993-08-01;1,68;162;;jah
1993-08-02;1,39;155;;jah
1993-08-03;1,25;153;;jah
1993-08-04;1,14;152;;jah
1993-08-05;1,09;153;;jah
1993-08-06;1,04;153;;jah
1993-08-07;0,97;153;;jah
1993-08-08;0,94;153;;jah
1993-08-09;0,9;152;;jah
1993-08-10;0,89;152;;jah
1993-08-11;0,83;150;;jah
1993-08-12;0,93;154;;jah
1993-08-13;0,98;155;;jah
1993-08-14;1,1;159;;jah
1993-08-15;1,12;159;;jah
1993-08-16;1,08;156;;jah
1993-08-17;1,09;155;;jah
1993-08-18;1,09;154;;jah
1993-08-19;1,22;157;;jah
1993-08-20;1,64;168;;jah
1993-08-21;1,9;174;;jah
1993-08-22;2,19;179;;jah
1993-08-23;2,46;185;;jah
1993-08-24;2,97;196;;jah
1993-08-25;3,23;202;;jah
1993-08-26;3,61;210;;jah
1993-08-27;3,77;212;;jah
1993-08-28;3,42;205;;jah
1993-08-29;3,03;195;;jah
1993-08-30;2,76;190;;jah
1993-08-31;2,57;186;;jah
1993-09-01;2,28;179;;jah
1993-09-02;2,06;174;;jah
1993-09-03;1,92;170;;jah
1993-09-04;1,81;168;;jah
1993-09-05;1,77;167;;jah
1993-09-06;1,66;165;;jah
1993-09-07;1,55;162;;jah
1993-09-08;1,53;162;;jah
1993-09-09;1,49;161;;jah
1993-09-10;1,42;159;;jah
1993-09-11;1,38;158;;jah
1993-09-12;1,32;156;;jah
1993-09-13;1,3;155;;jah
1993-09-14;1,23;154;;jah
1993-09-15;1,3;156;;jah
1993-09-16;1,66;166;;jah
1993-09-17;2,89;196;;jah
1993-09-18;3,91;220;;jah
1993-09-19;3,56;212;;jah
1993-09-20;3,1;202;;jah
1993-09-21;2,66;191;;jah
1993-09-22;2,31;183;;jah
1993-09-23;2,5;186;;jah
1993-09-24;4,28;222;;jah
1993-09-25;4,88;231;;jah
1993-09-26;4,85;229;;jah
1993-09-27;4,35;221;;jah
1993-09-28;3,42;205;;jah
1993-09-29;2,65;194;;jah
1993-09-30;1,84;187;;jah
1993-10-01;1,74;184;;jah
1993-10-02;1,66;181;;jah
1993-10-03;1,54;177;;jah
1993-10-04;1,45;174;;jah
1993-10-05;1,43;172;;jah
1993-10-06;1,51;172;;jah
1993-10-07;1,64;172;;jah
1993-10-08;1,84;174;;jah
1993-10-09;2,04;177;;jah
1993-10-10;2,19;179;;jah
1993-10-11;2,26;181;;jah
1993-10-12;2,3;182;;jah
1993-10-13;2,38;184;;jah
1993-10-14;2,55;187;;jah
1993-10-15;3,66;212;;jah
1993-10-16;5,25;246;;jah
1993-10-17;5,66;255;;jah
1993-10-18;5,57;253;;jah
1993-10-19;5,15;244;;jah
1993-10-20;4,51;231;;jah
1993-10-21;4,02;220;;jah
1993-10-22;3,47;208;;jah
1993-10-23;3,15;201;;jah
1993-10-24;2,94;195;;jah
1993-10-25;2,74;191;;jah
1993-10-26;2,64;189;;jah
1993-10-27;2,58;187;;jah
1993-10-28;2,52;185;;jah
1993-10-29;2,48;183;;jah
1993-10-30;2,42;181;;jah
1993-10-31;2,23;176;;jah
1993-11-01;2,06;171;;jah
1993-11-02;2,05;170;;jah
1993-11-03;2;169;;jah
1993-11-04;1,9;166;;jah
1993-11-05;1,77;163;;jah
1993-11-06;1,72;162;;jah
1993-11-07;1,72;162;;jah
1993-11-08;1,68;161;;jah
1993-11-09;1,64;161;;jah
1993-11-10;1,44;158;;jah
1993-11-11;1,38;158;;jah
1993-11-12;1,38;158;;jah
1993-11-13;1,29;155;;jah
1993-11-14;1,17;152;;jah
1993-11-15;1,1;150;;jah
1993-11-16;1,1;150;;jah
1993-11-17;1,08;149;;jah
1993-11-18;1;146;;jah
1993-11-19;1,03;147;;jah
1993-11-20;1,05;148;;jah
1993-11-21;1,08;149;;jah
1993-11-22;1,08;149;;jah
1993-11-23;1,08;149;;jah
1993-11-24;1,08;149;;jah
1993-11-25;1,11;150;;jah
1993-11-26;1,11;150;;jah
1993-11-27;1,11;150;;jah
1993-11-28;1,11;150;;jah
1993-11-29;1,11;150;;jah
1993-11-30;1,11;150;;jah
1993-12-01;1,15;150;;jah
1993-12-02;1,16;150;;jah
1993-12-03;1,18;150;;jah
1993-12-04;1,19;150;;jah
1993-12-05;1,36;154;;jah
1993-12-06;2,14;174;;jah
1993-12-07;2;169;;jah
1993-12-08;1,98;168;;jah
1993-12-09;1,92;162;;jah
1993-12-10;1,82;159;;jah
1993-12-11;1,7;156;;jah
1993-12-12;1,65;153;;jah
1993-12-13;1,65;153;;jah
1993-12-14;1,56;151;;jah
1993-12-15;1,65;153;;jah
1993-12-16;1,58;152;;jah
1993-12-17;1,58;152;;jah
1993-12-18;1,58;152;;jah
1993-12-19;1,56;151;;jah
1993-12-20;3,89;208;;jah
1993-12-21;5,19;232;;jah
1993-12-22;4,32;213;;jah
1993-12-23;4,03;207;;jah
1993-12-24;3,52;195;;jah
1993-12-25;3,16;185;;jah
1993-12-26;2,89;177;;jah
1993-12-27;2,72;172;;jah
1993-12-28;2,62;170;;jah
1993-12-29;2,59;170;;jah
1993-12-30;2,53;169;;jah
1993-12-31;2,46;168;;jah
1994-01-01;2,37;167;;jah
1994-01-02;2,37;167;;jah
1994-01-03;2,37;167;;jah
1994-01-04;2,3;166;;jah
1994-01-05;2,04;161;;jah
1994-01-06;2,28;166;;jah
1994-01-07;2,17;164;;jah
1994-01-08;2,06;162;;jah
1994-01-09;2,04;162;;jah
1994-01-10;1,65;154;;jah
1994-01-11;1,95;161;;jah
1994-01-12;2,06;164;;jah
1994-01-13;1,97;163;;jah
1994-01-14;3;185;;jah
1994-01-15;5,76;237;;jah
1994-01-16;6,32;247;;jah
1994-01-17;5,81;238;;jah
1994-01-18;5,51;231;;jah
1994-01-19;5,18;225;;jah
1994-01-20;5,18;225;;jah
1994-01-21;4,6;214;;jah
1994-01-22;5,89;237;;jah
1994-01-23;6;239;;jah
1994-01-24;5,08;223;;jah
1994-01-25;4,6;214;;jah
1994-01-26;4,02;205;;jah
1994-01-27;3,71;199;;jah
1994-01-28;3,52;195;;jah
1994-01-29;3,1;188;;jah
1994-01-30;3,01;195;;jah
1994-01-31;2,91;201;;jah
1994-02-01;2,83;198;;jah
1994-02-02;2,71;195;;jah
1994-02-03;2,59;187;;jah
1994-02-04;2,52;181;;jah
1994-02-05;2,28;177;;jah
1994-02-06;2,16;175;;jah
1994-02-07;2,06;173;;jah
1994-02-08;1,93;171;;jah
1994-02-09;1,9;171;;jah
1994-02-10;1,84;170;;jah
1994-02-11;1,77;169;;jah
1994-02-12;1,75;169;;jah
1994-02-13;1,65;167;;jah
1994-02-14;1,59;166;;jah
1994-02-15;1,59;166;;jah
1994-02-16;1,56;166;;jah
1994-02-17;1,5;165;;jah
1994-02-18;1,47;164;;jah
1994-02-19;1,45;164;;jah
1994-02-20;1,35;162;;jah
1994-02-21;1,35;162;;jah
1994-02-22;1,35;162;;jah
1994-02-23;1,34;161;;jah
1994-02-24;1,41;163;;jah
1994-02-25;1,41;163;;jah
1994-02-26;1,38;162;;jah
1994-02-27;1,38;161;;jah
1994-02-28;1,38;161;;jah
1994-03-01;1,28;159;;jah
1994-03-02;1,3;159;;jah
1994-03-03;1,27;158;;jah
1994-03-04;1,27;158;;jah
1994-03-05;1,29;158;;jah
1994-03-06;1,29;158;;jah
1994-03-07;1,34;159;;jah
1994-03-08;1,39;160;;jah
1994-03-09;2,48;188;;jah
1994-03-10;5,47;256;;jah
1994-03-11;5,18;246;;jah
1994-03-12;6,13;258;;jah
1994-03-13;6,83;267;;jah
1994-03-14;6,88;263;;jah
1994-03-15;6,71;257;;jah
1994-03-16;5,71;236;;jah
1994-03-17;4,87;219;;jah
1994-03-18;4,23;207;;jah
1994-03-19;3,8;198;;jah
1994-03-20;3,39;190;;jah
1994-03-21;2,86;180;;jah
1994-03-22;2,58;175;;jah
1994-03-23;2,47;172;;jah
1994-03-24;4,2;204;;jah
1994-03-25;5,76;231;;jah
1994-03-26;4,75;213;;jah
1994-03-27;4,3;205;;jah
1994-03-28;3,8;195;;jah
1994-03-29;3,57;191;;jah
1994-03-30;3,88;196;;jah
1994-03-31;4,97;214;;jah
1994-04-01;5,6;225;;jah
1994-04-02;7,64;258;;jah
1994-04-03;11,3;311;;jah
1994-04-04;15,2;352;;jah
1994-04-05;16,5;364;;jah
1994-04-06;16,3;361;;jah
1994-04-07;15,3;350;;jah
1994-04-08;16;355;;jah
1994-04-09;16,7;362;;jah
1994-04-10;15,5;350;;jah
1994-04-11;12,8;324;;jah
1994-04-12;10,8;300;;jah
1994-04-13;9,89;287;;jah
1994-04-14;9,82;286;;jah
1994-04-15;10,7;299;;jah
1994-04-16;11,4;307;;jah
1994-04-17;10,4;294;;jah
1994-04-18;8,68;269;;jah
1994-04-19;7,63;253;;jah
1994-04-20;6,68;238;;jah
1994-04-21;5,77;223;;jah
1994-04-22;5,23;214;;jah
1994-04-23;5,09;212;;jah
1994-04-24;4,88;209;;jah
1994-04-25;4,56;204;;jah
1994-04-26;4,56;204;;jah
1994-04-27;4,56;204;;jah
1994-04-28;4,43;202;;jah
1994-04-29;4,27;199;;jah
1994-04-30;4,22;198;;jah
1994-05-01;4,43;202;;jah
1994-05-02;4,62;205;;jah
1994-05-03;4,82;208;;jah
1994-05-04;4,62;205;;jah
1994-05-05;4,09;195;;jah
1994-05-06;3,41;185;;jah
1994-05-07;3,19;181;;jah
1994-05-08;2,96;177;;jah
1994-05-09;2,79;174;;jah
1994-05-10;2,69;172;;jah
1994-05-11;2,64;171;;jah
1994-05-12;2,45;168;;jah
1994-05-13;2,26;165;;jah
1994-05-14;2,19;164;;jah
1994-05-15;2,06;162;;jah
1994-05-16;1,72;155;;jah
1994-05-17;1,33;145;;jah
1994-05-18;1,34;146;;jah
1994-05-19;2,06;163;;jah
1994-05-20;2,83;179;;jah
1994-05-21;2,69;177;;jah
1994-05-22;3,34;189;;jah
1994-05-23;3,84;198;;jah
1994-05-24;3,72;195;;jah
1994-05-25;3,07;185;;jah
1994-05-26;2,66;177;;jah
1994-05-27;2,56;175;;jah
1994-05-28;2,61;176;;jah
1994-05-29;2,61;176;;jah
1994-05-30;2,51;174;;jah
1994-05-31;2,33;170;;jah
1994-06-01;2,23;168;;jah
1994-06-02;2,18;167;;jah
1994-06-03;2,13;166;;jah
1994-06-04;2,28;169;;jah
1994-06-05;2,58;175;;jah
1994-06-06;2,75;178;;jah
1994-06-07;2,64;176;;jah
1994-06-08;2,43;171;;jah
1994-06-09;2,13;165;;jah
1994-06-10;1,93;161;;jah
1994-06-11;1,79;158;;jah
1994-06-12;1,71;156;;jah
1994-06-13;1,47;151;;jah
1994-06-14;1,37;148;;jah
1994-06-15;1,37;148;;jah
1994-06-16;1,32;147;;jah
1994-06-17;1,29;146;;jah
1994-06-18;1,25;145;;jah
1994-06-19;1,25;145;;jah
1994-06-20;1,37;149;;jah
1994-06-21;1,38;150;;jah
1994-06-22;1,38;150;;jah
1994-06-23;1,76;159;;jah
1994-06-24;2,78;181;;jah
1994-06-25;3,44;193;;jah
1994-06-26;3,5;194;;jah
1994-06-27;2,97;185;;jah
1994-06-28;2,43;174;;jah
1994-06-29;2,06;166;;jah
1994-06-30;1,83;161;;jah
1994-07-01;1,74;159;;jah
1994-07-02;1,57;155;;jah
1994-07-03;1,49;153;;jah
1994-07-04;1,41;151;;jah
1994-07-05;1,34;149;;jah
1994-07-06;1,31;148;;jah
1994-07-07;1,24;146;;jah
1994-07-08;1,22;145;;jah
1994-07-09;1,18;144;;jah
1994-07-10;1,14;143;;jah
1994-07-11;1,1;142;;jah
1994-07-12;1,06;141;;jah
1994-07-13;1,04;140;;jah
1994-07-14;1,01;139;;jah
1994-07-15;1,03;139;;jah
1994-07-16;1,01;138;;jah
1994-07-17;1,02;138;;jah
1994-07-18;1,03;138;;jah
1994-07-19;1,03;138;;jah
1994-07-20;1,01;137;;jah
1994-07-21;1,01;137;;jah
1994-07-22;1,02;137;;jah
1994-07-23;1,01;137;;jah
1994-07-24;0,98;137;;jah
1994-07-25;0,96;137;;jah
1994-07-26;0,95;137;;jah
1994-07-27;0,93;136;;jah
1994-07-28;0,92;136;;jah
1994-07-29;0,9;136;;jah
1994-07-30;0,9;136;;jah
1994-07-31;0,89;136;;jah
1994-08-01;0,89;136;;jah
1994-08-02;0,88;136;;jah
1994-08-03;0,94;138;;jah
1994-08-04;0,96;139;;jah
1994-08-05;0,95;139;;jah
1994-08-06;0,92;138;;jah
1994-08-07;0,91;138;;jah
1994-08-08;0,9;138;;jah
1994-08-09;0,9;138;;jah
1994-08-10;0,98;141;;jah
1994-08-11;1,14;146;;jah
1994-08-12;1,16;147;;jah
1994-08-13;1,15;147;;jah
1994-08-14;1,12;146;;jah
1994-08-15;1,17;148;;jah
1994-08-16;1,15;147;;jah
1994-08-17;1,1;146;;jah
1994-08-18;1,04;144;;jah
1994-08-19;1;143;;jah
1994-08-20;0,95;142;;jah
1994-08-21;1,01;144;;jah
1994-08-22;1,06;146;;jah
1994-08-23;1,04;146;;jah
1994-08-24;0,99;144;;jah
1994-08-25;0,99;144;;jah
1994-08-26;0,94;143;;jah
1994-08-27;0,91;142;;jah
1994-08-28;0,91;142;;jah
1994-08-29;0,91;142;;jah
1994-08-30;0,91;142;;jah
1994-08-31;0,91;142;;jah
1994-09-01;0,91;142;;jah
1994-09-02;0,91;142;;jah
1994-09-03;0,87;141;;jah
1994-09-04;0,87;141;;jah
1994-09-05;0,87;141;;jah
1994-09-06;0,9;142;;jah
1994-09-07;0,89;142;;jah
1994-09-08;0,95;144;;jah
1994-09-09;0,95;144;;jah
1994-09-10;0,95;144;;jah
1994-09-11;1;146;;jah
1994-09-12;1,05;148;;jah
1994-09-13;1,13;151;;jah
1994-09-14;1,2;153;;jah
1994-09-15;1,27;155;;jah
1994-09-16;1,28;156;;jah
1994-09-17;1,28;156;;jah
1994-09-18;1,21;154;;jah
1994-09-19;1,28;156;;jah
1994-09-20;1,28;156;;jah
1994-09-21;1,32;157;;jah
1994-09-22;1,38;159;;jah
1994-09-23;1,75;169;;jah
1994-09-24;1,75;169;;jah
1994-09-25;1,66;166;;jah
1994-09-26;1,47;161;;jah
1994-09-27;1,38;158;;jah
1994-09-28;1,29;155;;jah
1994-09-29;1,42;159;;jah
1994-09-30;1,49;161;;jah
1994-10-01;1,73;166;;jah
1994-10-02;2,07;175;;jah
1994-10-03;2,19;177;;jah
1994-10-04;2,23;178;;jah
1994-10-05;2,27;178;;jah
1994-10-06;2,16;175;;jah
1994-10-07;2,04;172;;jah
1994-10-08;1,99;170;;jah
1994-10-09;1,89;167;;jah
1994-10-10;1,72;164;;jah
1994-10-11;1,61;162;;jah
1994-10-12;1,59;162;;jah
1994-10-13;1,57;162;;jah
1994-10-14;1,57;162;;jah
1994-10-15;1,51;161;;jah
1994-10-16;1,51;161;;jah
1994-10-17;1,46;160;;jah
1994-10-18;1,42;159;;jah
1994-10-19;1,37;158;;jah
1994-10-20;1,3;156;;jah
1994-10-21;1,29;155;;jah
1994-10-22;1,3;155;;jah
1994-10-23;1,3;155;;jah
1994-10-24;1,23;153;;jah
1994-10-25;1,23;153;;jah
1994-10-26;1,27;154;;jah
1994-10-27;1,38;156;;jah
1994-10-28;1,52;159;;jah
1994-10-29;1,66;162;;jah
1994-10-30;1,79;164;;jah
1994-10-31;1,89;165;;jah
1994-11-01;2,06;168;;jah
1994-11-02;3,88;204;;jah
1994-11-03;5,71;236;;jah
1994-11-04;5,95;238;;jah
1994-11-05;6,16;237;;jah
1994-11-06;5,83;228;;jah
1994-11-07;4,68;209;;jah
1994-11-08;4,01;195;;jah
1994-11-09;3,3;186;;jah
1994-11-10;2,93;181;;jah
1994-11-11;2,63;177;;jah
1994-11-12;2,23;170;;jah
1994-11-13;1,97;166;;jah
1994-11-14;2,01;167;;jah
1994-11-15;2,01;167;;jah
1994-11-16;3,5;198;;jah
1994-11-17;3,99;207;;jah
1994-11-18;4,45;214;;jah
1994-11-19;4,7;219;;jah
1994-11-20;4,26;210;;jah
1994-11-21;3,8;201;;jah
1994-11-22;3,85;202;;jah
1994-11-23;4,42;211;;jah
1994-11-24;5,41;228;;jah
1994-11-25;6,05;240;;jah
1994-11-26;5,73;234;;jah
1994-11-27;5,3;225;;jah
1994-11-28;4,57;211;;jah
1994-11-29;4,15;204;;jah
1994-11-30;3,93;199;;jah
1994-12-01;3,74;194;;jah
1994-12-02;3,35;188;;jah
1994-12-03;3,01;182;;jah
1994-12-04;2,95;180;;jah
1994-12-05;2,78;177;;jah
1994-12-06;2,78;177;;jah
1994-12-07;2,73;176;;jah
1994-12-08;2,78;177;;jah
1994-12-09;2,73;176;;jah
1994-12-10;2,67;175;;jah
1994-12-11;2,73;176;;jah
1994-12-12;3,33;187;;jah
1994-12-13;3,93;197;;jah
1994-12-14;4,05;200;;jah
1994-12-15;3,48;193;;jah
1994-12-16;2,91;186;;jah
1994-12-17;2,3;175;;jah
1994-12-18;2,14;179;;jah
1994-12-19;1,97;175;;jah
1994-12-20;1,84;167;;jah
1994-12-21;1,72;164;;jah
1994-12-22;1,66;162;;jah
1994-12-23;1,68;162;;jah
1994-12-24;1,68;161;;jah
1994-12-25;1,64;159;;jah
1994-12-26;1,72;159;;jah
1994-12-27;1,79;158;;jah
1994-12-28;1,86;156;;jah
1994-12-29;1,95;157;;jah
1994-12-30;3,34;191;;jah
1994-12-31;6,79;243;;jah
1995-01-01;7,36;255;;jah
1995-01-02;8,24;265;;jah
1995-01-03;8,02;260;;jah
1995-01-04;5,75;248;;jah
1995-01-05;2,94;237;;jah
1995-01-06;2,78;232;;jah
1995-01-07;2,7;229;;jah
1995-01-08;2,63;218;;jah
1995-01-09;2,45;198;;jah
1995-01-10;2,22;185;;jah
1995-01-11;1,99;175;;jah
1995-01-12;1,94;172;;jah
1995-01-13;1,79;168;;jah
1995-01-14;1,79;168;;jah
1995-01-15;1,63;164;;jah
1995-01-16;1,59;163;;jah
1995-01-17;1,51;161;;jah
1995-01-18;1,4;158;;jah
1995-01-19;1,27;154;;jah
1995-01-20;1,3;157;;jah
1995-01-21;1,34;156;;jah
1995-01-22;1,34;156;;jah
1995-01-23;1,34;156;;jah
1995-01-24;1,39;157;;jah
1995-01-25;1,47;157;;jah
1995-01-26;1,53;157;;jah
1995-01-27;1,68;158;;jah
1995-01-28;1,76;160;;jah
1995-01-29;1,74;160;;jah
1995-01-30;1,74;161;;jah
1995-01-31;1,66;160;;jah
1995-02-01;1,56;159;;jah
1995-02-02;1,65;164;;jah
1995-02-03;1,84;170;;jah
1995-02-04;1,84;170;;jah
1995-02-05;1,98;174;;jah
1995-02-06;2,09;176;;jah
1995-02-07;3,23;202;;jah
1995-02-08;3,82;213;;jah
1995-02-09;3,38;203;;jah
1995-02-10;3,22;197;;jah
1995-02-11;3;191;;jah
1995-02-12;2,78;186;;jah
1995-02-13;2,8;185;;jah
1995-02-14;3,47;196;;jah
1995-02-15;3,97;205;;jah
1995-02-16;6,69;254;;jah
1995-02-17;10,2;300;;jah
1995-02-18;12,2;316;;jah
1995-02-19;13,9;320;;jah
1995-02-20;12,3;303;;jah
1995-02-21;11,6;295;;jah
1995-02-22;11,4;292;;jah
1995-02-23;12;310;;jah
1995-02-24;12,5;305;;jah
1995-02-25;11,8;297;;jah
1995-02-26;10,7;282;;jah
1995-02-27;9,21;263;;jah
1995-02-28;7,85;245;;jah
1995-03-01;6,91;232;;jah
1995-03-02;9,35;265;;jah
1995-03-03;10,7;282;;jah
1995-03-04;11,2;289;;jah
1995-03-05;11,1;287;;jah
1995-03-06;11;286;;jah
1995-03-07;9,59;268;;jah
1995-03-08;9,43;266;;jah
1995-03-09;9,14;262;;jah
1995-03-10;9,14;262;;jah
1995-03-11;8,92;259;;jah
1995-03-12;8,77;257;;jah
1995-03-13;7,78;244;;jah
1995-03-14;6,91;232;;jah
1995-03-15;5,81;217;;jah
1995-03-16;5,01;212;;jah
1995-03-17;4,51;199;;jah
1995-03-18;4,22;195;;jah
1995-03-19;4,15;194;;jah
1995-03-20;4,65;201;;jah
1995-03-21;5,88;218;;jah
1995-03-22;6,32;224;;jah
1995-03-23;6,46;226;;jah
1995-03-24;6,61;228;;jah
1995-03-25;7,36;238;;jah
1995-03-26;8,54;255;;jah
1995-03-27;9,28;264;;jah
1995-03-28;9,14;262;;jah
1995-03-29;8,17;249;;jah
1995-03-30;7,06;234;;jah
1995-03-31;6,11;221;;jah
1995-04-01;5,23;209;;jah
1995-04-02;4,87;204;;jah
1995-04-03;4,87;204;;jah
1995-04-04;4,8;203;;jah
1995-04-05;4,44;198;;jah
1995-04-06;4,08;193;;jah
1995-04-07;4,29;196;;jah
1995-04-08;4,29;196;;jah
1995-04-09;4,8;203;;jah
1995-04-10;5,16;208;;jah
1995-04-11;5,08;207;;jah
1995-04-12;4,87;204;;jah
1995-04-13;5,16;208;;jah
1995-04-14;5,81;217;;jah
1995-04-15;6,25;223;;jah
1995-04-16;6,39;225;;jah
1995-04-17;6,46;226;;jah
1995-04-18;6,91;232;;jah
1995-04-19;7,21;236;;jah
1995-04-20;7,14;235;;jah
1995-04-21;6,83;231;;jah
1995-04-22;6,25;223;;jah
1995-04-23;5,73;216;;jah
1995-04-24;5,16;208;;jah
1995-04-25;4,58;200;;jah
1995-04-26;4,22;195;;jah
1995-04-27;3,86;190;;jah
1995-04-28;3,52;185;;jah
1995-04-29;3,3;183;;jah
1995-04-30;3,24;182;;jah
1995-05-01;3,19;181;;jah
1995-05-02;3,08;179;;jah
1995-05-03;2,96;177;;jah
1995-05-04;2,79;174;;jah
1995-05-05;2,74;173;;jah
1995-05-06;2,69;172;;jah
1995-05-07;2,84;175;;jah
1995-05-08;3,3;183;;jah
1995-05-09;4,02;194;;jah
1995-05-10;2,9;185;;jah
1995-05-11;3,08;179;;jah
1995-05-12;2,79;174;;jah
1995-05-13;2,59;170;;jah
1995-05-14;7,13;245;;jah
1995-05-15;14;348;;jah
1995-05-16;15,8;364;;jah
1995-05-17;14,4;340;;jah
1995-05-18;10;289;;jah
1995-05-19;8,1;260;;jah
1995-05-20;6,87;241;;jah
1995-05-21;5,89;225;;jah
1995-05-22;5,09;212;;jah
1995-05-23;4,56;204;;jah
1995-05-24;3,95;193;;jah
1995-05-25;3,56;188;;jah
1995-05-26;3,31;185;;jah
1995-05-27;3,06;181;;jah
1995-05-28;2,81;177;;jah
1995-05-29;2,59;174;;jah
1995-05-30;2,41;170;;jah
1995-05-31;2,21;168;;jah
1995-06-01;3,24;182;;jah
1995-06-02;2,96;177;;jah
1995-06-03;2,64;171;;jah
1995-06-04;2,31;165;;jah
1995-06-05;2,26;164;;jah
1995-06-06;2,37;166;;jah
1995-06-07;2,37;166;;jah
1995-06-08;2,26;164;;jah
1995-06-09;2,15;162;;jah
1995-06-10;2,69;172;;jah
1995-06-11;3,08;179;;jah
1995-06-12;2,79;174;;jah
1995-06-13;2,42;167;;jah
1995-06-14;2,21;163;;jah
1995-06-15;2,15;162;;jah
1995-06-16;2,21;164;;jah
1995-06-17;2,17;163;;jah
1995-06-18;2,11;162;;jah
1995-06-19;2,16;164;;jah
1995-06-20;2,37;167;;jah
1995-06-21;2,48;169;;jah
1995-06-22;2,45;169;;jah
1995-06-23;2,35;167;;jah
1995-06-24;2,19;164;;jah
1995-06-25;2,09;162;;jah
1995-06-26;1,94;159;;jah
1995-06-27;1,79;156;;jah
1995-06-28;1,69;154;;jah
1995-06-29;1,67;154;;jah
1995-06-30;1,72;155;;jah
1995-07-01;1,64;154;;jah
1995-07-02;1,62;154;;jah
1995-07-03;1,52;152;;jah
1995-07-04;1,54;153;;jah
1995-07-05;1,49;152;;jah
1995-07-06;1,45;152;;jah
1995-07-07;1,39;151;;jah
1995-07-08;1,33;150;;jah
1995-07-09;1,3;150;;jah
1995-07-10;1,22;148;;jah
1995-07-11;1,2;148;;jah
1995-07-12;1,16;147;;jah
1995-07-13;1,12;146;;jah
1995-07-14;1,1;146;;jah
1995-07-15;1,08;145;;jah
1995-07-16;1,08;145;;jah
1995-07-17;1,08;145;;jah
1995-07-18;1,08;145;;jah
1995-07-19;1,16;147;;jah
1995-07-20;1,33;151;;jah
1995-07-21;1,36;151;;jah
1995-07-22;1,29;149;;jah
1995-07-23;1,29;149;;jah
1995-07-24;1,26;148;;jah
1995-07-25;1,29;149;;jah
1995-07-26;1,26;148;;jah
1995-07-27;1,22;147;;jah
1995-07-28;1,17;146;;jah
1995-07-29;1,16;146;;jah
1995-07-30;1,14;146;;jah
1995-07-31;1,07;144;;jah
1995-08-01;1,08;145;;jah
1995-08-02;1,06;145;;jah
1995-08-03;1,05;145;;jah
1995-08-04;1,04;145;;jah
1995-08-05;1,04;146;;jah
1995-08-06;1,02;146;;jah
1995-08-07;1,03;147;;jah
1995-08-08;1;147;;jah
1995-08-09;1,01;147;;jah
1995-08-10;0,99;148;;jah
1995-08-11;0,98;150;;jah
1995-08-12;0,96;148;;jah
1995-08-13;0,93;147;;jah
1995-08-14;0,91;147;;jah
1995-08-15;0,89;146;;jah
1995-08-16;0,85;145;;jah
1995-08-17;0,83;144;;jah
1995-08-18;0,83;144;;jah
1995-08-19;0,82;144;;jah
1995-08-20;0,79;143;;jah
1995-08-21;0,76;142;;jah
1995-08-22;0,79;142;;jah
1995-08-23;0,82;144;;jah
1995-08-24;0,76;142;;jah
1995-08-25;0,71;140;;jah
1995-08-26;0,71;140;;jah
1995-08-27;0,76;142;;jah
1995-08-28;0,76;142;;jah
1995-08-29;0,76;142;;jah
1995-08-30;0,79;143;;jah
1995-08-31;0,79;143;;jah
1995-09-01;0,8;143;;jah
1995-09-02;0,8;143;;jah
1995-09-03;0,77;142;;jah
1995-09-04;0,79;142;;jah
1995-09-05;0,76;141;;jah
1995-09-06;0,77;141;;jah
1995-09-07;0,77;140;;jah
1995-09-08;0,78;141;;jah
1995-09-09;0,79;141;;jah
1995-09-10;0,78;140;;jah
1995-09-11;0,79;140;;jah
1995-09-12;0,8;140;;jah
1995-09-13;0,79;139;;jah
1995-09-14;0,78;139;;jah
1995-09-15;0,8;138;;jah
1995-09-16;0,81;138;;jah
1995-09-17;0,8;137;;jah
1995-09-18;0,79;136;;jah
1995-09-19;0,83;137;;jah
1995-09-20;0,85;137;;jah
1995-09-21;0,88;138;;jah
1995-09-22;0,88;138;;jah
1995-09-23;0,85;137;;jah
1995-09-24;0,85;137;;jah
1995-09-25;0,88;138;;jah
1995-09-26;0,83;137;;jah
1995-09-27;0,87;138;;jah
1995-09-28;0,9;140;;jah
1995-09-29;0,95;142;;jah
1995-09-30;0,95;142;;jah
1995-10-01;1,09;147;;jah
1995-10-02;1,17;150;;jah
1995-10-03;1,17;150;;jah
1995-10-04;1,14;149;;jah
1995-10-05;1,11;148;;jah
1995-10-06;1,06;146;;jah
1995-10-07;1,01;144;;jah
1995-10-08;1,01;144;;jah
1995-10-09;1,02;144;;jah
1995-10-10;1,02;144;;jah
1995-10-11;1;143;;jah
1995-10-12;0,98;142;;jah
1995-10-13;0,98;142;;jah
1995-10-14;0,95;141;;jah
1995-10-15;0,98;141;;jah
1995-10-16;0,96;140;;jah
1995-10-17;0,96;140;;jah
1995-10-18;1;141;;jah
1995-10-19;1,07;143;;jah
1995-10-20;1,22;147;;jah
1995-10-21;1,28;149;;jah
1995-10-22;1,26;148;;jah
1995-10-23;1,22;146;;jah
1995-10-24;1,23;144;;jah
1995-10-25;1,14;143;;jah
1995-10-26;1,13;142;;jah
1995-10-27;1,1;141;;jah
1995-10-28;1,11;141;;jah
1995-10-29;1,11;141;;jah
1995-10-30;1,09;140;;jah
1995-10-31;1,12;141;;jah
1995-11-01;1,1;140;;jah
1995-11-02;1,1;140;;jah
1995-11-03;1,06;139;;jah
1995-11-04;1,11;140;;jah
1995-11-05;1,04;138;;jah
1995-11-06;1,07;139;;jah
1995-11-07;1,12;140;;jah
1995-11-08;1,12;140;;jah
1995-11-09;0,86;132;;jah
1995-11-10;1,07;138;;jah
1995-11-11;1,09;139;;jah
1995-11-12;1,07;138;;jah
1995-11-13;1,03;137;;jah
1995-11-14;1,02;137;;jah
1995-11-15;1,01;137;;jah
1995-11-16;1,02;138;;jah
1995-11-17;1,11;141;;jah
1995-11-18;1,13;142;;jah
1995-11-19;1,13;143;;jah
1995-11-20;0,95;138;;jah
1995-11-21;0,97;139;;jah
1995-11-22;1,15;143;;jah
1995-11-23;1,07;139;;jah
1995-11-24;1,05;138;;jah
1995-11-25;1,16;140;;jah
1995-11-26;1,24;142;;jah
1995-11-27;1,33;144;;jah
1995-11-28;1,32;144;;jah
1995-11-29;0,89;133;;jah
1995-11-30;1,24;143;;jah
1995-12-01;1,21;142;;jah
1995-12-02;1,11;140;;jah
1995-12-03;1;137;;jah
1995-12-04;0,78;131;;jah
1995-12-05;0,87;134;;jah
1995-12-06;0,94;137;;jah
1995-12-07;0,84;134;;jah
1995-12-08;0,79;133;;jah
1995-12-09;0,75;132;;jah
1995-12-10;0,8;134;;jah
1995-12-11;0,79;134;;jah
1995-12-12;0,78;134;;jah
1995-12-13;0,76;134;;jah
1995-12-14;0,75;134;;jah
1995-12-15;0,74;134;;jah
1995-12-16;0,73;134;;jah
1995-12-17;0,71;134;;jah
1995-12-18;0,7;134;;jah
1995-12-19;0,64;132;;jah
1995-12-20;0,74;136;;jah
1995-12-21;0,73;136;;jah
1995-12-22;0,72;136;;jah
1995-12-23;0,71;136;;jah
1995-12-24;0,71;136;;jah
1995-12-25;0,74;138;;jah
1995-12-26;0,74;138;;jah
1995-12-27;0,73;138;;jah
1995-12-28;0,72;138;;jah
1995-12-29;0,72;138;;jah
1995-12-30;0,71;138;;jah
1995-12-31;0,7;138;;jah
1996-01-01;0,71;139;;jah
1996-01-02;0,7;139;;jah
1996-01-03;0,72;140;;jah
1996-01-04;0,75;141;;jah
1996-01-05;0,73;140;;jah
1996-01-06;0,76;141;;jah
1996-01-07;0,8;142;;jah
1996-01-08;0,79;141;;jah
1996-01-09;0,81;142;;jah
1996-01-10;0,85;143;;jah
1996-01-11;0,86;143;;jah
1996-01-12;0,89;143;;jah
1996-01-13;0,9;143;;jah
1996-01-14;0,88;142;;jah
1996-01-15;0,87;142;;jah
1996-01-16;0,88;142;;jah
1996-01-17;0,86;141;;jah
1996-01-18;0,82;140;;jah
1996-01-19;0,82;140;;jah
1996-01-20;0,82;140;;jah
1996-01-21;0,82;140;;jah
1996-01-22;0,8;139;;jah
1996-01-23;0,77;138;;jah
1996-01-24;0,73;136;;jah
1996-01-25;0,79;139;;jah
1996-01-26;0,82;140;;jah
1996-01-27;0,82;140;;jah
1996-01-28;0,81;140;;jah
1996-01-29;0,82;140;;jah
1996-01-30;0,82;140;;jah
1996-01-31;0,82;140;;jah
1996-02-01;0,82;140;;jah
1996-02-02;0,82;140;;jah
1996-02-03;0,82;140;;jah
1996-02-04;0,82;140;;jah
1996-02-05;0,83;140;;jah
1996-02-06;0,83;140;;jah
1996-02-07;0,85;141;;jah
1996-02-08;0,82;140;;jah
1996-02-09;0,81;140;;jah
1996-02-10;0,8;140;;jah
1996-02-11;0,81;141;;jah
1996-02-12;0,78;141;;jah
1996-02-13;0,79;145;;jah
1996-02-14;0,76;146;;jah
1996-02-15;0,7;147;;jah
1996-02-16;0,7;149;;jah
1996-02-17;0,69;148;;jah
1996-02-18;0,69;148;;jah
1996-02-19;0,72;150;;jah
1996-02-20;0,72;150;;jah
1996-02-21;0,73;150;;jah
1996-02-22;0,73;150;;jah
1996-02-23;0,72;149;;jah
1996-02-24;0,75;149;;jah
1996-02-25;0,81;149;;jah
1996-02-26;0,86;148;;jah
1996-02-27;0,91;148;;jah
1996-02-28;0,99;149;;jah
1996-02-29;1,06;149;;jah
1996-03-01;1,06;148;;jah
1996-03-02;0,98;145;;jah
1996-03-03;0,99;146;;jah
1996-03-04;1,01;146;;jah
1996-03-05;0,99;145;;jah
1996-03-06;0,98;145;;jah
1996-03-07;1;146;;jah
1996-03-08;1,01;146;;jah
1996-03-09;0,96;144;;jah
1996-03-10;0,89;142;;jah
1996-03-11;0,92;143;;jah
1996-03-12;0,95;143;;jah
1996-03-13;0,92;141;;jah
1996-03-14;0,9;140;;jah
1996-03-15;0,92;140;;jah
1996-03-16;0,93;140;;jah
1996-03-17;0,92;140;;jah
1996-03-18;0,91;139;;jah
1996-03-19;0,88;137;;jah
1996-03-20;0,87;137;;jah
1996-03-21;0,87;137;;jah
1996-03-22;0,86;137;;jah
1996-03-23;0,84;136;;jah
1996-03-24;0,83;136;;jah
1996-03-25;0,84;136;;jah
1996-03-26;0,83;136;;jah
1996-03-27;0,84;136;;jah
1996-03-28;0,82;135;;jah
1996-03-29;0,83;136;;jah
1996-03-30;0,8;135;;jah
1996-03-31;0,79;134;;jah
1996-04-01;0,76;131;;jah
1996-04-02;0,85;135;;jah
1996-04-03;0,86;133;;jah
1996-04-04;0,99;143;;jah
1996-04-05;0,94;134;;jah
1996-04-06;1,03;136;;jah
1996-04-07;1,01;135;;jah
1996-04-08;1,12;136;;jah
1996-04-09;1,31;142;;jah
1996-04-10;1,61;148;;jah
1996-04-11;2,15;159;;jah
1996-04-12;2,02;157;;jah
1996-04-13;2,26;161;;jah
1996-04-14;3,03;175;;jah
1996-04-15;3,79;188;;jah
1996-04-16;4,52;202;;jah
1996-04-17;5,1;212;;jah
1996-04-18;5,36;216;;jah
1996-04-19;5,61;220;;jah
1996-04-20;5,58;221;;jah
1996-04-21;5,74;223;;jah
1996-04-22;5,76;223;;jah
1996-04-23;5,75;223;;jah
1996-04-24;5,61;221;;jah
1996-04-25;5,08;211;;jah
1996-04-26;4,58;202;;jah
1996-04-27;4,11;194;;jah
1996-04-28;3,72;187;;jah
1996-04-29;3,4;181;;jah
1996-04-30;3,18;177;;jah
1996-05-01;3;174;;jah
1996-05-02;2,72;169;;jah
1996-05-03;2,55;155;;jah
1996-05-04;2,46;164;;jah
1996-05-05;2,41;164;;jah
1996-05-06;2,31;162;;jah
1996-05-07;2,17;159;;jah
1996-05-08;1,73;151;;jah
1996-05-09;2,02;156;;jah
1996-05-10;2,11;159;;jah
1996-05-11;2,28;162;;jah
1996-05-12;2,4;164;;jah
1996-05-13;2,23;160;;jah
1996-05-14;2,01;156;;jah
1996-05-15;1,84;153;;jah
1996-05-16;1,7;151;;jah
1996-05-17;1,56;147;;jah
1996-05-18;1,49;146;;jah
1996-05-19;1,44;145;;jah
1996-05-20;1,35;143;;jah
1996-05-21;1,32;142;;jah
1996-05-22;1,26;141;;jah
1996-05-23;1,2;139;;jah
1996-05-24;1,18;138;;jah
1996-05-25;1,15;137;;jah
1996-05-26;1,21;139;;jah
1996-05-27;1,52;148;;jah
1996-05-28;1,58;148;;jah
1996-05-29;1,56;148;;jah
1996-05-30;1,48;146;;jah
1996-05-31;1,41;144;;jah
1996-06-01;1,35;143;;jah
1996-06-02;1,25;140;;jah
1996-06-03;1,2;139;;jah
1996-06-04;1,15;137;;jah
1996-06-05;1,13;137;;jah
1996-06-06;1,1;136;;jah
1996-06-07;1,06;134;;jah
1996-06-08;1,08;135;;jah
1996-06-09;1;132;;jah
1996-06-10;1,01;133;;jah
1996-06-11;1,07;135;;jah
1996-06-12;1,15;138;;jah
1996-06-13;1,24;140;;jah
1996-06-14;1,21;139;;jah
1996-06-15;1,12;136;;jah
1996-06-16;1,09;135;;jah
1996-06-17;1,07;135;;jah
1996-06-18;1,03;133;;jah
1996-06-19;1,16;138;;jah
1996-06-20;1,22;140;;jah
1996-06-21;1,33;143;;jah
1996-06-22;1,32;142;;jah
1996-06-23;1,27;142;;jah
1996-06-24;1,24;142;;jah
1996-06-25;1,19;141;;jah
1996-06-26;1,08;138;;jah
1996-06-27;1,08;139;;jah
1996-06-28;1,07;139;;jah
1996-06-29;1,09;141;;jah
1996-06-30;1,1;142;;jah
1996-07-01;1,1;142;;jah
1996-07-02;1,05;140;;jah
1996-07-03;1,04;140;;jah
1996-07-04;1,06;141;;jah
1996-07-05;1,04;140;;jah
1996-07-06;1,01;139;;jah
1996-07-07;1,01;139;;jah
1996-07-08;0,98;138;;jah
1996-07-09;1,02;140;;jah
1996-07-10;1,13;143;;jah
1996-07-11;1,24;146;;jah
1996-07-12;1,35;149;;jah
1996-07-13;1,28;147;;jah
1996-07-14;1,2;145;;jah
1996-07-15;1,15;143;;jah
1996-07-16;1,14;143;;jah
1996-07-17;1,18;144;;jah
1996-07-18;1,2;145;;jah
1996-07-19;1,22;145;;jah
1996-07-20;1,22;146;;jah
1996-07-21;1,22;146;;jah
1996-07-22;1,19;146;;jah
1996-07-23;1,12;144;;jah
1996-07-24;1,06;143;;jah
1996-07-25;1,01;142;;jah
1996-07-26;0,95;140;;jah
1996-07-27;0,89;139;;jah
1996-07-28;0,87;138;;jah
1996-07-29;0,89;139;;jah
1996-07-30;0,87;138;;jah
1996-07-31;0,86;138;;jah
1996-08-01;0,86;138;;jah
1996-08-02;0,85;138;;jah
1996-08-03;0,84;138;;jah
1996-08-04;0,82;137;;jah
1996-08-05;0,82;137;;jah
1996-08-06;0,84;138;;jah
1996-08-07;0,81;137;;jah
1996-08-08;0,78;136;;jah
1996-08-09;0,71;134;;jah
1996-08-10;0,67;132;;jah
1996-08-11;0,68;133;;jah
1996-08-12;0,67;133;;jah
1996-08-13;0,66;133;;jah
1996-08-14;0,65;133;;jah
1996-08-15;0,64;133;;jah
1996-08-16;0,65;134;;jah
1996-08-17;0,65;134;;jah
1996-08-18;0,62;133;;jah
1996-08-19;0,61;133;;jah
1996-08-20;0,64;135;;jah
1996-08-21;0,73;140;;jah
1996-08-22;0,74;139;;jah
1996-08-23;0,62;135;;jah
1996-08-24;0,57;133;;jah
1996-08-25;0,53;131;;jah
1996-08-26;0,46;127;;jah
1996-08-27;0,47;128;;jah
1996-08-28;0,48;128;;jah
1996-08-29;0,47;128;;jah
1996-08-30;0,46;127;;jah
1996-08-31;0,46;127;;jah
1996-09-01;0,45;126;;jah
1996-09-02;0,47;127;;jah
1996-09-03;0,47;127;;jah
1996-09-04;0,47;127;;jah
1996-09-05;0,48;128;;jah
1996-09-06;0,51;129;;jah
1996-09-07;0,55;131;;jah
1996-09-08;0,57;131;;jah
1996-09-09;0,56;130;;jah
1996-09-10;0,56;130;;jah
1996-09-11;0,57;131;;jah
1996-09-12;0,58;131;;jah
1996-09-13;0,58;131;;jah
1996-09-14;0,57;130;;jah
1996-09-15;0,57;130;;jah
1996-09-16;0,59;131;;jah
1996-09-17;0,59;131;;jah
1996-09-18;0,57;130;;jah
1996-09-19;0,58;130;;jah
1996-09-20;0,58;130;;jah
1996-09-21;0,58;130;;jah
1996-09-22;0,56;129;;jah
1996-09-23;0,56;129;;jah
1996-09-24;0,56;129;;jah
1996-09-25;0,56;129;;jah
1996-09-26;0,56;129;;jah
1996-09-27;0,56;129;;jah
1996-09-28;0,56;129;;jah
1996-09-29;0,56;129;;jah
1996-09-30;0,59;130;;jah
1996-10-01;0,68;131;;jah
1996-10-02;1,05;145;;jah
1996-10-03;1,04;143;;jah
1996-10-04;0,92;140;;jah
1996-10-05;0,86;138;;jah
1996-10-06;0,83;137;;jah
1996-10-07;0,79;136;;jah
1996-10-08;0,77;136;;jah
1996-10-09;0,74;135;;jah
1996-10-10;0,71;134;;jah
1996-10-11;0,69;134;;jah
1996-10-12;0,66;133;;jah
1996-10-13;0,66;133;;jah
1996-10-14;0,63;131;;jah
1996-10-15;0,66;132;;jah
1996-10-16;0,64;131;;jah
1996-10-17;0,65;131;;jah
1996-10-18;0,69;132;;jah
1996-10-19;0,78;135;;jah
1996-10-20;0,88;138;;jah
1996-10-21;0,96;141;;jah
1996-10-22;1,04;142;;jah
1996-10-23;1,05;142;;jah
1996-10-24;1,03;141;;jah
1996-10-25;0,98;139;;jah
1996-10-26;0,96;138;;jah
1996-10-27;1,02;139;;jah
1996-10-28;0,88;134;;jah
1996-10-29;0,86;133;;jah
1996-10-30;1,01;138;;jah
1996-10-31;1,3;145;;jah
1996-11-01;1,51;150;;jah
1996-11-02;1,6;152;;jah
1996-11-03;1,66;152;;jah
1996-11-04;1,69;153;;jah
1996-11-05;1,71;153;;jah
1996-11-06;1,63;151;;jah
1996-11-07;1,93;159;;jah
1996-11-08;2,01;160;;jah
1996-11-09;2,27;165;;jah
1996-11-10;2,34;166;;jah
1996-11-11;2,21;163;;jah
1996-11-12;2,14;162;;jah
1996-11-13;2,14;162;;jah
1996-11-14;2,38;167;;jah
1996-11-15;2,56;171;;jah
1996-11-16;2,51;169;;jah
1996-11-17;2,25;164;;jah
1996-11-18;2,03;160;;jah
1996-11-19;1,95;158;;jah
1996-11-20;1,95;158;;jah
1996-11-21;1,99;159;;jah
1996-11-22;2,17;163;;jah
1996-11-23;2,24;164;;jah
1996-11-24;2,13;162;;jah
1996-11-25;1,98;159;;jah
1996-11-26;1,86;156;;jah
1996-11-27;1,76;154;;jah
1996-11-28;1,78;155;;jah
1996-11-29;2,01;160;;jah
1996-11-30;2,28;165;;jah
1996-12-01;2,35;166;;jah
1996-12-02;2,53;170;;jah
1996-12-03;3,06;180;;jah
1996-12-04;3,29;183;;jah
1996-12-05;3,19;181;;jah
1996-12-06;2,96;177;;jah
1996-12-07;2,68;172;;jah
1996-12-08;2,42;167;;jah
1996-12-09;2,28;165;;jah
1996-12-10;2,27;165;;jah
1996-12-11;2,43;168;;jah
1996-12-12;2,66;173;;jah
1996-12-13;2,73;174;;jah
1996-12-14;2,5;169;;jah
1996-12-15;2,12;161;;jah
1996-12-16;1,98;159;;jah
1996-12-17;1,91;158;;jah
1996-12-18;1,83;167;;jah
1996-12-19;1,77;161;;jah
1996-12-20;1,7;155;;jah
1996-12-21;1,62;154;;jah
1996-12-22;1,5;152;;jah
1996-12-23;1,44;151;;jah
1996-12-24;1,39;150;;jah
1996-12-25;1,34;149;;jah
1996-12-26;1,29;149;;jah
1996-12-27;1,23;148;;jah
1996-12-28;1,2;148;;jah
1996-12-29;1,2;148;;jah
1996-12-30;1,09;148;;jah
1996-12-31;1,04;147;;jah
1997-01-01;1,1;147;;jah
1997-01-02;1,05;146;;jah
1997-01-03;1,02;146;;jah
1997-01-04;1,04;147;;jah
1997-01-05;1,04;147;;jah
1997-01-06;1,04;147;;jah
1997-01-07;1,06;148;;jah
1997-01-08;1,04;147;;jah
1997-01-09;1,04;147;;jah
1997-01-10;1,04;147;;jah
1997-01-11;1,06;146;;jah
1997-01-12;1,1;146;;jah
1997-01-13;1,12;145;;jah
1997-01-14;1,18;146;;jah
1997-01-15;1,36;150;;jah
1997-01-16;1,48;152;;jah
1997-01-17;1,49;152;;jah
1997-01-18;1,46;151;;jah
1997-01-19;1,43;150;;jah
1997-01-20;1,42;149;;jah
1997-01-21;1,42;149;;jah
1997-01-22;1,42;148;;jah
1997-01-23;1,43;148;;jah
1997-01-24;1,44;148;;jah
1997-01-25;1,37;146;;jah
1997-01-26;1,31;145;;jah
1997-01-27;1,51;149;;jah
1997-01-28;1,47;148;;jah
1997-01-29;1,42;147;;jah
1997-01-30;1,38;147;;jah
1997-01-31;1,33;145;;jah
1997-02-01;1,29;143;;jah
1997-02-02;1,24;142;;jah
1997-02-03;1,19;143;;jah
1997-02-04;1,15;141;;jah
1997-02-05;1,16;141;;jah
1997-02-06;1,14;140;;jah
1997-02-07;1,14;140;;jah
1997-02-08;1,33;145;;jah
1997-02-09;1,68;153;;jah
1997-02-10;1,81;155;;jah
1997-02-11;2,06;161;;jah
1997-02-12;2,64;173;;jah
1997-02-13;3,03;181;;jah
1997-02-14;2,9;180;;jah
1997-02-15;2,7;177;;jah
1997-02-16;2,64;188;;jah
1997-02-17;2,52;187;;jah
1997-02-18;2,41;179;;jah
1997-02-19;2,3;169;;jah
1997-02-20;2,13;165;;jah
1997-02-21;2,1;164;;jah
1997-02-22;2,47;171;;jah
1997-02-23;2,91;178;;jah
1997-02-24;4,31;200;;jah
1997-02-25;7,25;244;;jah
1997-02-26;11,8;308;;jah
1997-02-27;12,4;311;;jah
1997-02-28;12,6;296;;jah
1997-03-01;12,2;291;;jah
1997-03-02;10,3;269;;jah
1997-03-03;10,3;269;;jah
1997-03-04;10,9;276;;jah
1997-03-05;9,73;263;;jah
1997-03-06;9,19;257;;jah
1997-03-07;8,27;245;;jah
1997-03-08;6,46;224;;jah
1997-03-09;5,62;215;;jah
1997-03-10;5,15;210;;jah
1997-03-11;4,8;206;;jah
1997-03-12;4,48;202;;jah
1997-03-13;4,1;200;;jah
1997-03-14;3,54;197;;jah
1997-03-15;3,09;192;;jah
1997-03-16;2,84;187;;jah
1997-03-17;2,29;175;;jah
1997-03-18;1,98;168;;jah
1997-03-19;2,06;169;;jah
1997-03-20;2,04;169;;jah
1997-03-21;1,86;164;;jah
1997-03-22;1,81;163;;jah
1997-03-23;1,83;162;;jah
1997-03-24;1,48;152;;jah
1997-03-25;1,54;153;;jah
1997-03-26;1,37;147;;jah
1997-03-27;1,54;150;;jah
1997-03-28;1,47;148;;jah
1997-03-29;1,53;149;;jah
1997-03-30;1,58;151;;jah
1997-03-31;1,61;151;;jah
1997-04-01;1,71;153;;jah
1997-04-02;1,94;159;;jah
1997-04-03;2,2;164;;jah
1997-04-04;2,62;172;;jah
1997-04-05;3,05;180;;jah
1997-04-06;3,32;184;;jah
1997-04-07;3,02;178;;jah
1997-04-08;2,59;170;;jah
1997-04-09;2,3;165;;jah
1997-04-10;2,15;162;;jah
1997-04-11;2,43;167;;jah
1997-04-12;2,34;166;;jah
1997-04-13;2,62;172;;jah
1997-04-14;2,79;175;;jah
1997-04-15;3;179;;jah
1997-04-16;3,23;182;;jah
1997-04-17;3,37;184;;jah
1997-04-18;3,3;183;;jah
1997-04-19;3,25;182;;jah
1997-04-20;3,08;179;;jah
1997-04-21;2,86;176;;jah
1997-04-22;2,7;173;;jah
1997-04-23;2,61;171;;jah
1997-04-24;2,55;170;;jah
1997-04-25;2,89;177;;jah
1997-04-26;3,44;186;;jah
1997-04-27;3,71;190;;jah
1997-04-28;3,52;186;;jah
1997-04-29;3,49;186;;jah
1997-04-30;5,29;211;;jah
1997-05-01;7;237;;jah
1997-05-02;7,18;237;;jah
1997-05-03;7,01;235;;jah
1997-05-04;6,3;225;;jah
1997-05-05;5,42;213;;jah
1997-05-06;5,33;212;;jah
1997-05-07;5,36;212;;jah
1997-05-08;5,65;217;;jah
1997-05-09;5,54;215;;jah
1997-05-10;6,64;230;;jah
1997-05-11;7,35;239;;jah
1997-05-12;7,05;235;;jah
1997-05-13;6,45;227;;jah
1997-05-14;5,24;211;;jah
1997-05-15;4,29;197;;jah
1997-05-16;3,84;191;;jah
1997-05-17;3,36;183;;jah
1997-05-18;3;178;;jah
1997-05-19;2,75;174;;jah
1997-05-20;2,6;171;;jah
1997-05-21;2,4;167;;jah
1997-05-22;2,68;172;;jah
1997-05-23;3,02;179;;jah
1997-05-24;3,06;179;;jah
1997-05-25;2,79;174;;jah
1997-05-26;2,6;171;;jah
1997-05-27;2,45;168;;jah
1997-05-28;2,37;166;;jah
1997-05-29;2,35;166;;jah
1997-05-30;2,49;169;;jah
1997-05-31;2,37;166;;jah
1997-06-01;2,14;162;;jah
1997-06-02;2,25;164;;jah
1997-06-03;1,8;155;;jah
1997-06-04;1,05;138;;jah
1997-06-05;0,89;134;;jah
1997-06-06;1,31;143;;jah
1997-06-07;1,41;146;;jah
1997-06-08;1,4;146;;jah
1997-06-09;1,34;145;;jah
1997-06-10;1,46;148;;jah
1997-06-11;1,39;146;;jah
1997-06-12;1,29;144;;jah
1997-06-13;1,25;144;;jah
1997-06-14;1,18;142;;jah
1997-06-15;1,11;142;;jah
1997-06-16;1,38;151;;jah
1997-06-17;5,27;222;;jah
1997-06-18;8,27;262;;jah
1997-06-19;10,5;277;;jah
1997-06-20;10,4;277;;jah
1997-06-21;7,99;252;;jah
1997-06-22;5,88;222;;jah
1997-06-23;3,56;186;;jah
1997-06-24;3,56;186;;jah
1997-06-25;3,85;192;;jah
1997-06-26;3,85;192;;jah
1997-06-27;3,53;185;;jah
1997-06-28;3,06;177;;jah
1997-06-29;2,56;168;;jah
1997-06-30;2,08;160;;jah
1997-07-01;1,89;156;;jah
1997-07-02;1,77;153;;jah
1997-07-03;1,66;151;;jah
1997-07-04;1,76;154;;jah
1997-07-05;1,82;154;;jah
1997-07-06;1,73;153;;jah
1997-07-07;1,66;151;;jah
1997-07-08;1,54;149;;jah
1997-07-09;1,41;146;;jah
1997-07-10;1,4;146;;jah
1997-07-11;1,38;146;;jah
1997-07-12;1,31;144;;jah
1997-07-13;1,27;143;;jah
1997-07-14;1,25;143;;jah
1997-07-15;1,24;142;;jah
1997-07-16;1,42;147;;jah
1997-07-17;1,18;141;;jah
1997-07-18;1,15;140;;jah
1997-07-19;1,56;149;;jah
1997-07-20;1,27;143;;jah
1997-07-21;1,15;140;;jah
1997-07-22;1,11;139;;jah
1997-07-23;1,12;139;;jah
1997-07-24;1,09;139;;jah
1997-07-25;1,12;140;;jah
1997-07-26;1,12;140;;jah
1997-07-27;1,34;145;;jah
1997-07-28;1,65;153;;jah
1997-07-29;1,47;149;;jah
1997-07-30;1,34;147;;jah
1997-07-31;1,26;146;;jah
1997-08-01;1,15;144;;jah
1997-08-02;1,04;142;;jah
1997-08-03;0,97;141;;jah
1997-08-04;0,95;141;;jah
1997-08-05;0,92;140;;jah
1997-08-06;0,91;140;;jah
1997-08-07;0,91;140;;jah
1997-08-08;0,88;139;;jah
1997-08-09;0,87;139;;jah
1997-08-10;0,86;139;;jah
1997-08-11;0,86;139;;jah
1997-08-12;0,85;139;;jah
1997-08-13;0,85;139;;jah
1997-08-14;0,85;139;;jah
1997-08-15;0,56;128;;jah
1997-08-16;0,73;135;;jah
1997-08-17;0,75;136;;jah
1997-08-18;0,76;137;;jah
1997-08-19;0,73;136;;jah
1997-08-20;0,72;136;;jah
1997-08-21;0,72;136;;jah
1997-08-22;0,69;135;;jah
1997-08-23;0,68;135;;jah
1997-08-24;0,72;138;;jah
1997-08-25;0,65;134;;jah
1997-08-26;0,64;134;;jah
1997-08-27;0,64;134;;jah
1997-08-28;0,63;134;;jah
1997-08-29;0,63;134;;jah
1997-08-30;0,62;134;;jah
1997-08-31;0,69;138;;jah
1997-09-01;0,71;138;;jah
1997-09-02;0,65;136;;jah
1997-09-03;0,6;134;;jah
1997-09-04;0,56;132;;jah
1997-09-05;0,63;135;;jah
1997-09-06;0,63;134;;jah
1997-09-07;0,63;134;;jah
1997-09-08;0,72;138;;jah
1997-09-09;0,87;142;;jah
1997-09-10;0,68;135;;jah
1997-09-11;0,54;129;;jah
1997-09-12;0,64;134;;jah
1997-09-13;0,72;136;;jah
1997-09-14;0,74;136;;jah
1997-09-15;0,72;135;;jah
1997-09-16;0,74;136;;jah
1997-09-17;0,75;136;;jah
1997-09-18;0,75;136;;jah
1997-09-19;0,77;137;;jah
1997-09-20;0,79;138;;jah
1997-09-21;0,75;136;;jah
1997-09-22;0,74;136;;jah
1997-09-23;0,75;136;;jah
1997-09-24;0,76;136;;jah
1997-09-25;0,62;131;;jah
1997-09-26;0,59;130;;jah
1997-09-27;0,69;134;;jah
1997-09-28;0,71;134;;jah
1997-09-29;0,74;135;;jah
1997-09-30;0,75;135;;jah
1997-10-01;0,76;136;;jah
1997-10-02;0,78;136;;jah
1997-10-03;0,76;135;;jah
1997-10-04;0,76;135;;jah
1997-10-05;0,83;138;;jah
1997-10-06;0,89;139;;jah
1997-10-07;1,02;143;;jah
1997-10-08;1;141;;jah
1997-10-09;1,1;143;;jah
1997-10-10;1,51;152;;jah
1997-10-11;1,97;161;;jah
1997-10-12;2,61;173;;jah
1997-10-13;2,81;176;;jah
1997-10-14;2,85;177;;jah
1997-10-15;2,63;173;;jah
1997-10-16;2,29;165;;jah
1997-10-17;2,13;162;;jah
1997-10-18;2,04;160;;jah
1997-10-19;2,04;160;;jah
1997-10-20;2,1;161;;jah
1997-10-21;2,14;162;;jah
1997-10-22;2,05;160;;jah
1997-10-23;1,94;158;;jah
1997-10-24;1,93;158;;jah
1997-10-25;1,91;158;;jah
1997-10-26;1,76;155;;jah
1997-10-27;1,63;152;;jah
1997-10-28;1,51;150;;jah
1997-10-29;1,16;142;;jah
1997-10-30;1,35;146;;jah
1997-10-31;1,79;155;;jah
1997-11-01;1,19;143;;jah
1997-11-02;2,05;160;;jah
1997-11-03;1,9;157;;jah
1997-11-04;1,4;147;;jah
1997-11-05;1,57;151;;jah
1997-11-06;1,94;158;;jah
1997-11-07;1,58;151;;jah
1997-11-08;1,87;158;;jah
1997-11-09;2,66;171;;jah
1997-11-10;3,66;189;;jah
1997-11-11;4,07;194;;jah
1997-11-12;4,1;194;;jah
1997-11-13;3,74;189;;jah
1997-11-14;3,35;183;;jah
1997-11-15;3,18;181;;jah
1997-11-16;3,35;184;;jah
1997-11-17;3,52;186;;jah
1997-11-18;3,34;183;;jah
1997-11-19;3,02;178;;jah
1997-11-20;2,65;171;;jah
1997-11-21;2,38;166;;jah
1997-11-22;2,19;163;;jah
1997-11-23;2,02;160;;jah
1997-11-24;1,91;158;;jah
1997-11-25;1,88;157;;jah
1997-11-26;1,83;156;;jah
1997-11-27;1,78;155;;jah
1997-11-28;1,7;154;;jah
1997-11-29;1,64;153;;jah
1997-11-30;1,5;150;;jah
1997-12-01;1,51;150;;jah
1997-12-02;1,49;150;;jah
1997-12-03;1,5;150;;jah
1997-12-04;1,46;149;;jah
1997-12-05;1,52;149;;jah
1997-12-06;1,48;146;;jah
1997-12-07;1,56;150;;jah
1997-12-08;1,54;150;;jah
1997-12-09;1,47;150;;jah
1997-12-10;1,39;149;;jah
1997-12-11;1,31;148;;jah
1997-12-12;1,25;148;;jah
1997-12-13;1,14;146;;jah
1997-12-14;1,08;148;;jah
1997-12-15;1,03;154;;jah
1997-12-16;1,02;158;;jah
1997-12-17;1,05;152;;jah
1997-12-18;1,08;147;;jah
1997-12-19;1,11;147;;jah
1997-12-20;1,14;147;;jah
1997-12-21;1,13;146;;jah
1997-12-22;1,17;147;;jah
1997-12-23;1,2;147;;jah
1997-12-24;1,04;142;;jah
1997-12-25;1,2;146;;jah
1997-12-26;1,27;147;;jah
1997-12-27;1,74;158;;jah
1997-12-28;2,79;180;;jah
1997-12-29;3,06;185;;jah
1997-12-30;2,56;175;;jah
1997-12-31;2,67;177;;jah
1998-01-01;2,56;173;;jah
1998-01-02;2,3;166;;jah
1998-01-03;2,14;162;;jah
1998-01-04;2,03;159;;jah
1998-01-05;2,36;166;;jah
1998-01-06;2,1;159;;jah
1998-01-07;2,16;160;;jah
1998-01-08;2,37;164;;jah
1998-01-09;2,38;164;;jah
1998-01-10;2,3;161;;jah
1998-01-11;2,34;162;;jah
1998-01-12;2,96;173;;jah
1998-01-13;3,62;183;;jah
1998-01-14;4,18;192;;jah
1998-01-15;4,26;191;;jah
1998-01-16;4,58;196;;jah
1998-01-17;4,71;197;;jah
1998-01-18;5,37;207;;jah
1998-01-19;5,46;208;;jah
1998-01-20;5;201;;jah
1998-01-21;4,79;198;;jah
1998-01-22;4,75;198;;jah
1998-01-23;4,51;194;;jah
1998-01-24;4,15;188;;jah
1998-01-25;3,46;178;;jah
1998-01-26;2,88;168;;jah
1998-01-27;3,07;172;;jah
1998-01-28;2,89;171;;jah
1998-01-29;2,56;168;;jah
1998-01-30;2,23;176;;jah
1998-01-31;2,01;189;;jah
1998-02-01;1,94;197;;jah
1998-02-02;2;189;;jah
1998-02-03;2,05;179;;jah
1998-02-04;2,11;172;;jah
1998-02-05;2,14;167;;jah
1998-02-06;2,14;164;;jah
1998-02-07;2;160;;jah
1998-02-08;1,98;160;;jah
1998-02-09;1,96;159;;jah
1998-02-10;2,05;161;;jah
1998-02-11;2,4;169;;jah
1998-02-12;2,77;176;;jah
1998-02-13;2,93;177;;jah
1998-02-14;2,86;175;;jah
1998-02-15;2,72;171;;jah
1998-02-16;2,67;170;;jah
1998-02-17;2,59;167;;jah
1998-02-18;2,45;163;;jah
1998-02-19;2,62;166;;jah
1998-02-20;2,96;172;;jah
1998-02-21;3,59;180;;jah
1998-02-22;4,85;199;;jah
1998-02-23;5,92;214;;jah
1998-02-24;6,76;226;;jah
1998-02-25;6,07;217;;jah
1998-02-26;5,44;209;;jah
1998-02-27;5,53;211;;jah
1998-02-28;5,75;215;;jah
1998-03-01;6,61;229;;jah
1998-03-02;6,46;227;;jah
1998-03-03;5,41;212;;jah
1998-03-04;4,85;205;;jah
1998-03-05;5,2;211;;jah
1998-03-06;5,27;212;;jah
1998-03-07;5,15;211;;jah
1998-03-08;4,81;205;;jah
1998-03-09;3,88;190;;jah
1998-03-10;3,06;177;;jah
1998-03-11;3,09;178;;jah
1998-03-12;3,17;179;;jah
1998-03-13;2,78;173;;jah
1998-03-14;2,71;171;;jah
1998-03-15;2,58;169;;jah
1998-03-16;2,46;166;;jah
1998-03-17;2,15;158;;jah
1998-03-18;1,9;152;;jah
1998-03-19;1,94;152;;jah
1998-03-20;2,06;154;;jah
1998-03-21;1,98;152;;jah
1998-03-22;1,95;151;;jah
1998-03-23;1,91;150;;jah
1998-03-24;1,89;150;;jah
1998-03-25;1,76;147;;jah
1998-03-26;1,77;148;;jah
1998-03-27;1,77;147;;jah
1998-03-28;1,8;148;;jah
1998-03-29;1,73;147;;jah
1998-03-30;1,81;149;;jah
1998-03-31;1,95;151;;jah
1998-04-01;2,24;157;;jah
1998-04-02;2,28;161;;jah
1998-04-03;2,21;159;;jah
1998-04-04;2,15;154;;jah
1998-04-05;2,05;153;;jah
1998-04-06;2,01;152;;jah
1998-04-07;2,03;153;;jah
1998-04-08;2,11;154;;jah
1998-04-09;2,16;155;;jah
1998-04-10;2,17;155;;jah
1998-04-11;2,14;155;;jah
1998-04-12;2,14;155;;jah
1998-04-13;2,36;159;;jah
1998-04-14;3;172;;jah
1998-04-15;3,24;175;;jah
1998-04-16;3,22;174;;jah
1998-04-17;3,17;173;;jah
1998-04-18;3,59;181;;jah
1998-04-19;4,23;191;;jah
1998-04-20;4,44;193;;jah
1998-04-21;4,33;191;;jah
1998-04-22;3,97;185;;jah
1998-04-23;3,84;184;;jah
1998-04-24;4,13;188;;jah
1998-04-25;3,85;183;;jah
1998-04-26;3,47;178;;jah
1998-04-27;3,15;173;;jah
1998-04-28;2,93;169;;jah
1998-04-29;2,67;164;;jah
1998-04-30;2,52;162;;jah
1998-05-01;2,27;157;;jah
1998-05-02;2,17;155;;jah
1998-05-03;1,98;151;;jah
1998-05-04;1,93;151;;jah
1998-05-05;1,9;150;;jah
1998-05-06;2,39;159;;jah
1998-05-07;3,18;173;;jah
1998-05-08;3,62;181;;jah
1998-05-09;3,59;180;;jah
1998-05-10;3,16;173;;jah
1998-05-11;2,76;166;;jah
1998-05-12;2,48;161;;jah
1998-05-13;2,29;157;;jah
1998-05-14;2,15;155;;jah
1998-05-15;1,99;152;;jah
1998-05-16;1,88;150;;jah
1998-05-17;1,82;149;;jah
1998-05-18;1,68;146;;jah
1998-05-19;1,59;144;;jah
1998-05-20;1,52;143;;jah
1998-05-21;1,48;142;;jah
1998-05-22;1,48;142;;jah
1998-05-23;1,65;145;;jah
1998-05-24;2,64;164;;jah
1998-05-25;3,57;179;;jah
1998-05-26;4,53;194;;jah
1998-05-27;5,16;204;;jah
1998-05-28;5,18;204;;jah
1998-05-29;4,46;192;;jah
1998-05-30;3,49;177;;jah
1998-05-31;2,83;167;;jah
1998-06-01;2,58;163;;jah
1998-06-02;2,84;168;;jah
1998-06-03;3,46;178;;jah
1998-06-04;2,84;167;;jah
1998-06-05;2,57;162;;jah
1998-06-06;2,34;158;;jah
1998-06-07;2,18;155;;jah
1998-06-08;2,02;152;;jah
1998-06-09;2,12;155;;jah
1998-06-10;1,96;151;;jah
1998-06-11;1,97;152;;jah
1998-06-12;1,85;149;;jah
1998-06-13;3,96;185;;jah
1998-06-14;3,45;178;;jah
1998-06-15;3,77;183;;jah
1998-06-16;4,71;197;;jah
1998-06-17;4,82;199;;jah
1998-06-18;4,3;191;;jah
1998-06-19;3,41;177;;jah
1998-06-20;3,08;172;;jah
1998-06-21;4,11;188;;jah
1998-06-22;3,77;182;;jah
1998-06-23;3,47;178;;jah
1998-06-24;3,33;176;;jah
1998-06-25;3,12;172;;jah
1998-06-26;2,9;169;;jah
1998-06-27;2,62;163;;jah
1998-06-28;2,35;158;;jah
1998-06-29;2,29;158;;jah
1998-06-30;2,96;171;;jah
1998-07-01;2,78;166;;jah
1998-07-02;2,94;169;;jah
1998-07-03;3,67;181;;jah
1998-07-04;3,19;173;;jah
1998-07-05;2,81;167;;jah
1998-07-06;2,38;159;;jah
1998-07-07;2,17;156;;jah
1998-07-08;2,05;154;;jah
1998-07-09;1,89;151;;jah
1998-07-10;1,8;149;;jah
1998-07-11;1,81;150;;jah
1998-07-12;1,93;153;;jah
1998-07-13;2,16;158;;jah
1998-07-14;2,61;167;;jah
1998-07-15;2,67;168;;jah
1998-07-16;2,46;163;;jah
1998-07-17;2,31;161;;jah
1998-07-18;2,16;158;;jah
1998-07-19;1,99;155;;jah
1998-07-20;1,89;153;;jah
1998-07-21;1,83;152;;jah
1998-07-22;1,74;150;;jah
1998-07-23;1,56;146;;jah
1998-07-24;1,57;147;;jah
1998-07-25;1,39;143;;jah
1998-07-26;1,53;146;;jah
1998-07-27;1,53;146;;jah
1998-07-28;1,49;145;;jah
1998-07-29;2,1;157;;jah
1998-07-30;2,62;168;;jah
1998-07-31;3,4;181;;jah
1998-08-01;5,01;208;;jah
1998-08-02;4,67;200;;jah
1998-08-03;4,49;197;;jah
1998-08-04;4,15;191;;jah
1998-08-05;3,84;185;;jah
1998-08-06;3,61;181;;jah
1998-08-07;3,99;187;;jah
1998-08-08;6,27;220;;jah
1998-08-09;7,06;232;;jah
1998-08-10;6,82;229;;jah
1998-08-11;5,89;216;;jah
1998-08-12;4,7;199;;jah
1998-08-13;3,81;185;;jah
1998-08-14;3,27;177;;jah
1998-08-15;4,27;193;;jah
1998-08-16;5,49;213;;jah
1998-08-17;5,76;216;;jah
1998-08-18;5,63;214;;jah
1998-08-19;5,8;217;;jah
1998-08-20;5,78;216;;jah
1998-08-21;5,52;213;;jah
1998-08-22;5,26;209;;jah
1998-08-23;4,85;202;;jah
1998-08-24;5,49;212;;jah
1998-08-25;5,57;214;;jah
1998-08-26;6,72;230;;jah
1998-08-27;7,97;247;;jah
1998-08-28;6,56;227;;jah
1998-08-29;6,05;219;;jah
1998-08-30;5,39;210;;jah
1998-08-31;4,72;198;;jah
1998-09-01;4,38;193;;jah
1998-09-02;4,3;192;;jah
1998-09-03;3,93;185;;jah
1998-09-04;3,48;178;;jah
1998-09-05;3,15;173;;jah
1998-09-06;2,77;166;;jah
1998-09-07;2,62;164;;jah
1998-09-08;2,5;161;;jah
1998-09-09;2,32;158;;jah
1998-09-10;2,26;157;;jah
1998-09-11;2,22;156;;jah
1998-09-12;2,26;157;;jah
1998-09-13;2,71;165;;jah
1998-09-14;2,62;163;;jah
1998-09-15;2,47;161;;jah
1998-09-16;2,39;159;;jah
1998-09-17;2,32;158;;jah
1998-09-18;2,3;158;;jah
1998-09-19;2,22;156;;jah
1998-09-20;2,19;156;;jah
1998-09-21;2,15;155;;jah
1998-09-22;2,09;154;;jah
1998-09-23;2,01;152;;jah
1998-09-24;2;152;;jah
1998-09-25;1,96;151;;jah
1998-09-26;1,93;151;;jah
1998-09-27;1,9;150;;jah
1998-09-28;1,9;150;;jah
1998-09-29;1,83;149;;jah
1998-09-30;1,77;148;;jah
1998-10-01;1,72;147;;jah
1998-10-02;1,67;146;;jah
1998-10-03;1,62;145;;jah
1998-10-04;1,59;144;;jah
1998-10-05;1,59;144;;jah
1998-10-06;1,59;144;;jah
1998-10-07;1,54;143;;jah
1998-10-08;1,49;142;;jah
1998-10-09;1,48;142;;jah
1998-10-10;1,51;143;;jah
1998-10-11;1,61;145;;jah
1998-10-12;1,69;146;;jah
1998-10-13;1,74;147;;jah
1998-10-14;1,85;149;;jah
1998-10-15;1,94;151;;jah
1998-10-16;2,22;157;;jah
1998-10-17;2,59;164;;jah
1998-10-18;3,44;177;;jah
1998-10-19;4,22;190;;jah
1998-10-20;4,5;194;;jah
1998-10-21;4,31;191;;jah
1998-10-22;3,85;183;;jah
1998-10-23;3,36;176;;jah
1998-10-24;3,28;175;;jah
1998-10-25;3,61;181;;jah
1998-10-26;3,76;183;;jah
1998-10-27;3,74;182;;jah
1998-10-28;3,79;182;;jah
1998-10-29;5,12;196;;jah
1998-10-30;5,46;203;;jah
1998-10-31;6,97;217;;jah
1998-11-01;8,8;237;;jah
1998-11-02;8,6;232;;jah
1998-11-03;7,97;225;;jah
1998-11-04;7,02;214;;jah
1998-11-05;5,72;199;;jah
1998-11-06;5,13;192;;jah
1998-11-07;5,14;193;;jah
1998-11-08;5,1;192;;jah
1998-11-09;4,82;188;;jah
1998-11-10;3,62;173;;jah
1998-11-11;2,91;164;;jah
1998-11-12;2,98;166;;jah
1998-11-13;3,02;166;;jah
1998-11-14;2,67;161;;jah
1998-11-15;2,25;155;;jah
1998-11-16;2,14;154;;jah
1998-11-17;2,03;153;;jah
1998-11-18;1,9;151;;jah
1998-11-19;1,75;149;;jah
1998-11-20;1,68;149;;jah
1998-11-21;1,57;148;;jah
1998-11-22;1,53;147;;jah
1998-11-23;1,52;147;;jah
1998-11-24;1,38;144;;jah
1998-11-25;1,27;143;;jah
1998-11-26;1,31;144;;jah
1998-11-27;1,35;145;;jah
1998-11-28;1,31;144;;jah
1998-11-29;1,33;145;;jah
1998-11-30;1,3;145;;jah
1998-12-01;1,28;144;;jah
1998-12-02;1,33;146;;jah
1998-12-03;1,32;146;;jah
1998-12-04;1,33;147;;jah
1998-12-05;1,34;147;;jah
1998-12-06;1,37;148;;jah
1998-12-07;1,4;148;;jah
1998-12-08;1,43;148;;jah
1998-12-09;1,44;148;;jah
1998-12-10;1,42;147;;jah
1998-12-11;1,42;146;;jah
1998-12-12;1,48;147;;jah
1998-12-13;1,51;147;;jah
1998-12-14;1,55;147;;jah
1998-12-15;1,54;147;;jah
1998-12-16;1,54;146;;jah
1998-12-17;1,57;146;;jah
1998-12-18;1,85;152;;jah
1998-12-19;2,21;159;;jah
1998-12-20;2,29;159;;jah
1998-12-21;2,2;157;;jah
1998-12-22;1,72;147;;jah
1998-12-23;1,61;145;;jah
1998-12-24;1,77;147;;jah
1998-12-25;1,75;146;;jah
1998-12-26;1,88;148;;jah
1998-12-27;3,17;171;;jah
1998-12-28;5,29;204;;jah
1998-12-29;7,17;230;;jah
1998-12-30;8,21;244;;jah
1998-12-31;7,03;229;;jah
1999-01-01;6,39;214;;jah
1999-01-02;4,53;188;;jah
1999-01-03;3,68;174;;jah
1999-01-04;3,4;170;;jah
1999-01-05;4,41;186;;jah
1999-01-06;7,89;236;;jah
1999-01-07;6,64;220;;jah
1999-01-08;6,15;214;;jah
1999-01-09;4,85;196;;jah
1999-01-10;4,47;192;;jah
1999-01-11;4,35;203;;jah
1999-01-12;4,15;207;;jah
1999-01-13;3,95;207;;jah
1999-01-14;3,75;193;;jah
1999-01-15;3,46;178;;jah
1999-01-16;2,99;169;;jah
1999-01-17;2,94;168;;jah
1999-01-18;3,62;179;;jah
1999-01-19;4,24;189;;jah
1999-01-20;3,84;181;;jah
1999-01-21;5,8;211;;jah
1999-01-22;10,1;267;;jah
1999-01-23;9,81;263;;jah
1999-01-24;9,37;258;;jah
1999-01-25;8,66;248;;jah
1999-01-26;9,56;259;;jah
1999-01-27;8,35;253;;jah
1999-01-28;6,76;246;;jah
1999-01-29;5,9;248;;jah
1999-01-30;5,48;250;;jah
1999-01-31;5,13;259;;jah
1999-02-01;4,83;252;;jah
1999-02-02;4,54;235;;jah
1999-02-03;4,25;216;;jah
1999-02-04;3,86;205;;jah
1999-02-05;3,58;199;;jah
1999-02-06;3,14;189;;jah
1999-02-07;2,93;185;;jah
1999-02-08;2,69;179;;jah
1999-02-09;2,62;178;;jah
1999-02-10;2,59;177;;jah
1999-02-11;2,53;176;;jah
1999-02-12;2,55;174;;jah
1999-02-13;2,37;167;;jah
1999-02-14;2,28;166;;jah
1999-02-15;2,27;166;;jah
1999-02-16;2,24;166;;jah
1999-02-17;2,32;168;;jah
1999-02-18;2,19;165;;jah
1999-02-19;2,14;164;;jah
1999-02-20;2,07;163;;jah
1999-02-21;2,01;161;;jah
1999-02-22;1,98;160;;jah
1999-02-23;1,95;159;;jah
1999-02-24;2,02;161;;jah
1999-02-25;2,07;162;;jah
1999-02-26;2,03;160;;jah
1999-02-27;2,02;160;;jah
1999-02-28;1,99;158;;jah
1999-03-01;2,04;158;;jah
1999-03-02;2,12;159;;jah
1999-03-03;2,08;156;;jah
1999-03-04;2,05;154;;jah
1999-03-05;2,03;152;;jah
1999-03-06;2,14;153;;jah
1999-03-07;3,05;168;;jah
1999-03-08;4,14;189;;jah
1999-03-09;3,97;187;;jah
1999-03-10;3,59;183;;jah
1999-03-11;2,88;172;;jah
1999-03-12;2,5;166;;jah
1999-03-13;2,29;163;;jah
1999-03-14;2,28;164;;jah
1999-03-15;2,28;166;;jah
1999-03-16;2,32;166;;jah
1999-03-17;2,22;163;;jah
1999-03-18;2,08;159;;jah
1999-03-19;2,03;159;;jah
1999-03-20;1,97;157;;jah
1999-03-21;2,03;158;;jah
1999-03-22;1,99;156;;jah
1999-03-23;2,09;156;;jah
1999-03-24;2,11;155;;jah
1999-03-25;2,22;155;;jah
1999-03-26;2,64;161;;jah
1999-03-27;4,24;185;;jah
1999-03-28;6,85;217;;jah
1999-03-29;9,89;262;;jah
1999-03-30;9,83;263;;jah
1999-03-31;12,6;293;;jah
1999-04-01;14,6;316;;jah
1999-04-02;14,8;317;;jah
1999-04-03;16,2;334;;jah
1999-04-04;16,2;325;;jah
1999-04-05;15,4;296;;jah
1999-04-06;13,3;275;;jah
1999-04-07;10,9;253;;jah
1999-04-08;12;266;;jah
1999-04-09;12,7;275;;jah
1999-04-10;14,5;296;;jah
1999-04-11;16,3;314;;jah
1999-04-12;17,6;325;;jah
1999-04-13;14,9;310;;jah
1999-04-14;13,2;289;;jah
1999-04-15;12,4;279;;jah
1999-04-16;9,74;277;;jah
1999-04-17;11,1;272;;jah
1999-04-18;11,4;268;;jah
1999-04-19;10,6;258;;jah
1999-04-20;9,44;246;;jah
1999-04-21;8,51;236;;jah
1999-04-22;7,28;223;;jah
1999-04-23;6,31;212;;jah
1999-04-24;6,12;210;;jah
1999-04-25;6,02;209;;jah
1999-04-26;5,8;206;;jah
1999-04-27;5,62;203;;jah
1999-04-28;5,14;196;;jah
1999-04-29;4,7;190;;jah
1999-04-30;4,66;190;;jah
1999-05-01;4,93;195;;jah
1999-05-02;5,1;198;;jah
1999-05-03;4,84;194;;jah
1999-05-04;4,55;191;;jah
1999-05-05;4,22;186;;jah
1999-05-06;4;184;;jah
1999-05-07;3,81;181;;jah
1999-05-08;3,69;180;;jah
1999-05-09;3,41;175;;jah
1999-05-10;3,31;174;;jah
1999-05-11;3,7;182;;jah
1999-05-12;4,16;190;;jah
1999-05-13;4,48;195;;jah
1999-05-14;4,42;193;;jah
1999-05-15;4,1;188;;jah
1999-05-16;3,69;181;;jah
1999-05-17;3,37;175;;jah
1999-05-18;3,1;170;;jah
1999-05-19;2,95;168;;jah
1999-05-20;2,87;166;;jah
1999-05-21;2,72;163;;jah
1999-05-22;2,57;161;;jah
1999-05-23;2,47;159;;jah
1999-05-24;2,38;157;;jah
1999-05-25;2,33;156;;jah
1999-05-26;2,32;156;;jah
1999-05-27;2,32;156;;jah
1999-05-28;2,25;155;;jah
1999-05-29;2,23;155;;jah
1999-05-30;2,05;151;;jah
1999-05-31;2,13;153;;jah
1999-06-01;2;150;;jah
1999-06-02;1,97;150;;jah
1999-06-03;1,86;147;;jah
1999-06-04;1,85;147;;jah
1999-06-05;1,77;145;;jah
1999-06-06;1,73;145;;jah
1999-06-07;1,74;145;;jah
1999-06-08;1,73;145;;jah
1999-06-09;1,85;147;;jah
1999-06-10;2,04;152;;jah
1999-06-11;2,11;154;;jah
1999-06-12;2,08;153;;jah
1999-06-13;1,85;149;;jah
1999-06-14;1,68;146;;jah
1999-06-15;1,55;144;;jah
1999-06-16;1,42;141;;jah
1999-06-17;1,32;139;;jah
1999-06-18;1,3;139;;jah
1999-06-19;1,27;138;;jah
1999-06-20;1,26;138;;jah
1999-06-21;1,43;142;;jah
1999-06-22;1,73;149;;jah
1999-06-23;2,19;158;;jah
1999-06-24;2,4;161;;jah
1999-06-25;2,39;159;;jah
1999-06-26;2,63;163;;jah
1999-06-27;2,82;165;;jah
1999-06-28;3,02;167;;jah
1999-06-29;3,15;167;;jah
1999-06-30;4,4;186;;jah
1999-07-01;4,61;190;;jah
1999-07-02;4,08;182;;jah
1999-07-03;3,2;168;;jah
1999-07-04;2,55;158;;jah
1999-07-05;2,23;153;;jah
1999-07-06;1,98;149;;jah
1999-07-07;1,81;147;;jah
1999-07-08;1,68;145;;jah
1999-07-09;1,55;143;;jah
1999-07-10;1,46;141;;jah
1999-07-11;1,38;140;;jah
1999-07-12;1,32;139;;jah
1999-07-13;1,28;138;;jah
1999-07-14;1,26;138;;jah
1999-07-15;1,23;138;;jah
1999-07-16;1,23;138;;jah
1999-07-17;1,18;137;;jah
1999-07-18;1,2;138;;jah
1999-07-19;1,19;138;;jah
1999-07-20;1,16;138;;jah
1999-07-21;1,13;137;;jah
1999-07-22;1,15;138;;jah
1999-07-23;1,15;138;;jah
1999-07-24;1,14;138;;jah
1999-07-25;1,13;138;;jah
1999-07-26;1,12;138;;jah
1999-07-27;1,06;137;;jah
1999-07-28;1,03;136;;jah
1999-07-29;1,02;136;;jah
1999-07-30;0,98;135;;jah
1999-07-31;0,94;134;;jah
1999-08-01;0,93;134;;jah
1999-08-02;0,92;134;;jah
1999-08-03;0,92;134;;jah
1999-08-04;0,91;134;;jah
1999-08-05;0,94;135;;jah
1999-08-06;0,91;134;;jah
1999-08-07;0,87;133;;jah
1999-08-08;0,86;133;;jah
1999-08-09;0,84;133;;jah
1999-08-10;0,81;132;;jah
1999-08-11;0,81;132;;jah
1999-08-12;0,85;134;;jah
1999-08-13;0,88;134;;jah
1999-08-14;0,83;133;;jah
1999-08-15;0,86;134;;jah
1999-08-16;0,84;133;;jah
1999-08-17;0,83;133;;jah
1999-08-18;0,83;133;;jah
1999-08-19;0,81;133;;jah
1999-08-20;0,79;132;;jah
1999-08-21;0,79;132;;jah
1999-08-22;0,86;135;;jah
1999-08-23;0,88;135;;jah
1999-08-24;0,88;135;;jah
1999-08-25;0,93;137;;jah
1999-08-26;0,92;136;;jah
1999-08-27;0,85;134;;jah
1999-08-28;0,89;136;;jah
1999-08-29;0,92;136;;jah
1999-08-30;0,86;134;;jah
1999-08-31;0,85;134;;jah
1999-09-01;0,85;134;;jah
1999-09-02;0,85;134;;jah
1999-09-03;0,84;134;;jah
1999-09-04;0,8;132;;jah
1999-09-05;0,79;132;;jah
1999-09-06;0,75;131;;jah
1999-09-07;0,86;135;;jah
1999-09-08;0,93;136;;jah
1999-09-09;0,81;133;;jah
1999-09-10;0,71;129;;jah
1999-09-11;0,64;127;;jah
1999-09-12;0,66;128;;jah
1999-09-13;0,69;127;;jah
1999-09-14;0,71;130;;jah
1999-09-15;0,73;130;;jah
1999-09-16;0,73;130;;jah
1999-09-17;0,73;130;;jah
1999-09-18;0,74;130;;jah
1999-09-19;0,71;129;;jah
1999-09-20;0,71;129;;jah
1999-09-21;0,71;129;;jah
1999-09-22;0,72;129;;jah
1999-09-23;0,76;131;;jah
1999-09-24;0,79;131;;jah
1999-09-25;0,82;132;;jah
1999-09-26;0,83;132;;jah
1999-09-27;0,85;133;;jah
1999-09-28;0,92;135;;jah
1999-09-29;0,95;135;;jah
1999-09-30;0,95;135;;jah
1999-10-01;0,95;135;;jah
1999-10-02;1,03;137;;jah
1999-10-03;1,01;136;;jah
1999-10-04;1,01;136;;jah
1999-10-05;1,01;136;;jah
1999-10-06;1,08;138;;jah
1999-10-07;1,14;138;;jah
1999-10-08;1,18;138;;jah
1999-10-09;1,21;138;;jah
1999-10-10;1,27;139;;jah
1999-10-11;1,37;141;;jah
1999-10-12;1,55;146;;jah
1999-10-13;1,75;150;;jah
1999-10-14;1,73;150;;jah
1999-10-15;1,68;150;;jah
1999-10-16;1,56;147;;jah
1999-10-17;1,43;145;;jah
1999-10-18;1,33;143;;jah
1999-10-19;1,23;141;;jah
1999-10-20;1,17;140;;jah
1999-10-21;1,11;139;;jah
1999-10-22;1,06;138;;jah
1999-10-23;1,01;137;;jah
1999-10-24;0,99;136;;jah
1999-10-25;1,05;137;;jah
1999-10-26;1,19;140;;jah
1999-10-27;1,39;143;;jah
1999-10-28;1,62;147;;jah
1999-10-29;1,84;150;;jah
1999-10-30;2,04;154;;jah
1999-10-31;1,92;151;;jah
1999-11-01;1,69;146;;jah
1999-11-02;1,6;144;;jah
1999-11-03;1,58;144;;jah
1999-11-04;1,52;143;;jah
1999-11-05;1,47;142;;jah
1999-11-06;1,43;141;;jah
1999-11-07;1,32;139;;jah
1999-11-08;1,28;138;;jah
1999-11-09;1,23;137;;jah
1999-11-10;1,17;136;;jah
1999-11-11;1,16;136;;jah
1999-11-12;1,15;136;;jah
1999-11-13;1,16;137;;jah
1999-11-14;1,09;135;;jah
1999-11-15;1,08;135;;jah
1999-11-16;1,06;135;;jah
1999-11-17;1,01;134;;jah
1999-11-18;0,94;132;;jah
1999-11-19;0,83;129;;jah
1999-11-20;0,84;130;;jah
1999-11-21;0,84;129;;jah
1999-11-22;0,89;131;;jah
1999-11-23;0,94;132;;jah
1999-11-24;0,93;132;;jah
1999-11-25;0,95;132;;jah
1999-11-26;0,95;132;;jah
1999-11-27;0,97;132;;jah
1999-11-28;1,1;135;;jah
1999-11-29;1,29;139;;jah
1999-11-30;1,5;143;;jah
1999-12-01;1,78;148;;jah
1999-12-02;2,35;160;;jah
1999-12-03;2,62;164;;jah
1999-12-04;2,76;166;;jah
1999-12-05;2,67;164;;jah
1999-12-06;2,01;152;;jah
1999-12-07;2,27;157;;jah
1999-12-08;2,99;172;;jah
1999-12-09;3,92;189;;jah
1999-12-10;5,04;206;;jah
1999-12-11;5,8;217;;jah
1999-12-12;5,97;217;;jah
1999-12-13;6,6;225;;jah
1999-12-14;6,3;221;;jah
1999-12-15;5,67;212;;jah
1999-12-16;5,1;204;;jah
1999-12-17;4,4;193;;jah
1999-12-18;3,69;182;;jah
1999-12-19;3,14;172;;jah
1999-12-20;2,99;170;;jah
1999-12-21;2,86;168;;jah
1999-12-22;2,68;165;;jah
1999-12-23;2,58;165;;jah
1999-12-24;2,38;160;;jah
1999-12-25;2,24;158;;jah
1999-12-26;2,17;157;;jah
1999-12-27;2,08;156;;jah
1999-12-28;2,02;155;;jah
1999-12-29;1,94;154;;jah
1999-12-30;1,9;154;;jah
1999-12-31;1,78;152;;jah
2000-01-01;1,64;148;;jah
2000-01-02;1,67;148;;jah
2000-01-03;1,73;148;;jah
2000-01-04;1,78;148;;jah
2000-01-05;1,85;149;;jah
2000-01-06;1,96;150;;jah
2000-01-07;2,03;151;;jah
2000-01-08;2,05;151;;jah
2000-01-09;2,18;154;;jah
2000-01-10;2,64;163;;jah
2000-01-11;3,02;170;;jah
2000-01-12;3,29;174;;jah
2000-01-13;4,07;186;;jah
2000-01-14;4,62;195;;jah
2000-01-15;4,7;196;;jah
2000-01-16;4,44;192;;jah
2000-01-17;3,98;184;;jah
2000-01-18;3,53;179;;jah
2000-01-19;3,28;178;;jah
2000-01-20;3,12;181;;jah
2000-01-21;2,94;185;;jah
2000-01-22;2,76;186;;jah
2000-01-23;2,58;183;;jah
2000-01-24;2,45;178;;jah
2000-01-25;2,29;173;;jah
2000-01-26;2,12;168;;jah
2000-01-27;1,9;162;;jah
2000-01-28;1,79;159;;jah
2000-01-29;1,8;158;;jah
2000-01-30;1,85;158;;jah
2000-01-31;1,87;158;;jah
2000-02-01;1,83;156;;jah
2000-02-02;1,8;154;;jah
2000-02-03;1,8;153;;jah
2000-02-04;1,78;152;;jah
2000-02-05;1,83;152;;jah
2000-02-06;1,85;152;;jah
2000-02-07;1,99;153;;jah
2000-02-08;2,65;165;;jah
2000-02-09;4,24;192;;jah
2000-02-10;5,72;215;;jah
2000-02-11;5,93;216;;jah
2000-02-12;6,15;218;;jah
2000-02-13;6,41;221;;jah
2000-02-14;6,24;217;;jah
2000-02-15;5,72;210;;jah
2000-02-16;5;199;;jah
2000-02-17;4,52;192;;jah
2000-02-18;4,13;187;;jah
2000-02-19;3,69;180;;jah
2000-02-20;3,02;168;;jah
2000-02-21;3,06;169;;jah
2000-02-22;2,8;164;;jah
2000-02-23;2,52;159;;jah
2000-02-24;2,47;158;;jah
2000-02-25;2,35;156;;jah
2000-02-26;2,26;154;;jah
2000-02-27;2,14;151;;jah
2000-02-28;2,14;151;;jah
2000-02-29;2,34;155;;jah
2000-03-01;2,65;160;;jah
2000-03-02;3,06;168;;jah
2000-03-03;3,55;177;;jah
2000-03-04;3,92;183;;jah
2000-03-05;3,69;178;;jah
2000-03-06;3,58;178;;jah
2000-03-07;3,65;181;;jah
2000-03-08;4,7;199;;jah
2000-03-09;5,13;206;;jah
2000-03-10;4,87;201;;jah
2000-03-11;4,47;194;;jah
2000-03-12;4,19;189;;jah
2000-03-13;3,72;181;;jah
2000-03-14;3,65;178;;jah
2000-03-15;4;184;;jah
2000-03-16;4,53;190;;jah
2000-03-17;4,66;190;;jah
2000-03-18;4,51;187;;jah
2000-03-19;4,18;182;;jah
2000-03-20;3,94;179;;jah
2000-03-21;3,87;178;;jah
2000-03-22;3,87;178;;jah
2000-03-23;4,71;190;;jah
2000-03-24;5,48;202;;jah
2000-03-25;5,64;204;;jah
2000-03-26;5,51;202;;jah
2000-03-27;5,11;196;;jah
2000-03-28;4,64;189;;jah
2000-03-29;4,24;183;;jah
2000-03-30;3,9;178;;jah
2000-03-31;4;180;;jah
2000-04-01;4,24;184;;jah
2000-04-02;4,94;195;;jah
2000-04-03;5,39;201;;jah
2000-04-04;5,88;208;;jah
2000-04-05;6,5;216;;jah
2000-04-06;7,44;228;;jah
2000-04-07;8,97;249;;jah
2000-04-08;7,68;230;;jah
2000-04-09;7,24;225;;jah
2000-04-10;6,72;218;;jah
2000-04-11;6,46;215;;jah
2000-04-12;6,34;213;;jah
2000-04-13;6,27;212;;jah
2000-04-14;6,36;214;;jah
2000-04-15;6,26;212;;jah
2000-04-16;6,11;210;;jah
2000-04-17;5,88;207;;jah
2000-04-18;5,46;201;;jah
2000-04-19;4,95;193;;jah
2000-04-20;4,53;187;;jah
2000-04-21;4,12;181;;jah
2000-04-22;3,77;176;;jah
2000-04-23;3,43;170;;jah
2000-04-24;3,15;165;;jah
2000-04-25;3,09;165;;jah
2000-04-26;3,12;159;;jah
2000-04-27;2,74;155;;jah
2000-04-28;2,45;157;;jah
2000-04-29;2,48;153;;jah
2000-04-30;2,24;;;jah
2000-05-01;2,05;150;;jah
2000-05-02;1,93;148;;jah
2000-05-03;1,83;146;;jah
2000-05-04;1,75;145;;jah
2000-05-05;1,69;144;;jah
2000-05-06;1,64;144;;jah
2000-05-07;1,55;142;;jah
2000-05-08;1,51;142;;jah
2000-05-09;1,46;141;;jah
2000-05-10;1,42;140;;jah
2000-05-11;1,41;140;;jah
2000-05-12;1,37;139;;jah
2000-05-13;1,32;138;;jah
2000-05-14;1,32;139;;jah
2000-05-15;1,34;139;;jah
2000-05-16;1,28;138;;jah
2000-05-17;1,22;137;;jah
2000-05-18;1,18;136;;jah
2000-05-19;1,04;132;;jah
2000-05-20;0,96;130;;jah
2000-05-21;1,04;133;;jah
2000-05-22;1,07;133;;jah
2000-05-23;1,05;133;;jah
2000-05-24;1,05;133;;jah
2000-05-25;1,03;132;;jah
2000-05-26;1,02;132;;jah
2000-05-27;1,01;132;;jah
2000-05-28;1,04;133;;jah
2000-05-29;1,05;134;;jah
2000-05-30;1,15;137;;jah
2000-05-31;1,19;138;;jah
2000-06-01;1,12;136;;jah
2000-06-02;1,11;136;;jah
2000-06-03;1,08;136;;jah
2000-06-04;1,01;134;;jah
2000-06-05;1,04;136;;jah
2000-06-06;0,97;134;;jah
2000-06-07;0,96;134;;jah
2000-06-08;0,94;133;;jah
2000-06-09;0,89;132;;jah
2000-06-10;0,88;132;;jah
2000-06-11;0,88;132;;jah
2000-06-12;0,88;132;;jah
2000-06-13;0,87;132;;jah
2000-06-14;0,86;132;;jah
2000-06-15;0,86;132;;jah
2000-06-16;0,85;132;;jah
2000-06-17;0,85;132;;jah
2000-06-18;0,84;132;;jah
2000-06-19;0,84;133;;jah
2000-06-20;0,74;129;;jah
2000-06-21;0,66;127;;jah
2000-06-22;0,66;128;;jah
2000-06-23;0,67;128;;jah
2000-06-24;0,66;128;;jah
2000-06-25;0,7;130;;jah
2000-06-26;0,93;138;;jah
2000-06-27;0,76;132;;jah
2000-06-28;0,77;133;;jah
2000-06-29;0,82;134;;jah
2000-06-30;0,83;134;;jah
2000-07-01;0,95;138;;jah
2000-07-02;1,04;141;;jah
2000-07-03;1,26;148;;jah
2000-07-04;1,3;148;;jah
2000-07-05;1,25;147;;jah
2000-07-06;1,17;144;;jah
2000-07-07;1,14;143;;jah
2000-07-08;1,11;142;;jah
2000-07-09;1,11;142;;jah
2000-07-10;1,07;141;;jah
2000-07-11;1,03;140;;jah
2000-07-12;0,97;138;;jah
2000-07-13;1,05;141;;jah
2000-07-14;1,07;141;;jah
2000-07-15;1,06;141;;jah
2000-07-16;1,06;141;;jah
2000-07-17;1,11;142;;jah
2000-07-18;1,19;145;;jah
2000-07-19;1,31;148;;jah
2000-07-20;1,63;158;;jah
2000-07-21;1,32;147;;jah
2000-07-22;1,46;153;;jah
2000-07-23;1,54;154;;jah
2000-07-24;1,39;150;;jah
2000-07-25;1,68;159;;jah
2000-07-26;2,04;169;;jah
2000-07-27;2,42;179;;jah
2000-07-28;2,68;185;;jah
2000-07-29;2,45;178;;jah
2000-07-30;2,15;170;;jah
2000-07-31;1,95;165;;jah
2000-08-01;1,79;161;;jah
2000-08-02;1,62;156;;jah
2000-08-03;1,69;159;;jah
2000-08-04;1,98;167;;jah
2000-08-05;2,36;176;;jah
2000-08-06;2,12;168;;jah
2000-08-07;2,02;166;;jah
2000-08-08;1,99;164;;jah
2000-08-09;2,21;170;;jah
2000-08-10;2,65;181;;jah
2000-08-11;2,74;183;;jah
2000-08-12;2,59;180;;jah
2000-08-13;2,3;173;;jah
2000-08-14;2,15;170;;jah
2000-08-15;1,98;166;;jah
2000-08-16;1,82;162;;jah
2000-08-17;1,71;159;;jah
2000-08-18;1,6;157;;jah
2000-08-19;1,55;156;;jah
2000-08-20;1,51;155;;jah
2000-08-21;1,49;155;;jah
2000-08-22;1,41;153;;jah
2000-08-23;1,42;154;;jah
2000-08-24;1,48;156;;jah
2000-08-25;1,46;156;;jah
2000-08-26;1,45;156;;jah
2000-08-27;1,43;156;;jah
2000-08-28;1,38;155;;jah
2000-08-29;1,3;153;;jah
2000-08-30;1,23;151;;jah
2000-08-31;1,18;150;;jah
2000-09-01;1,16;149;;jah
2000-09-02;1,16;150;;jah
2000-09-03;1,05;146;;jah
2000-09-04;1,04;146;;jah
2000-09-05;1,03;146;;jah
2000-09-06;1,01;146;;jah
2000-09-07;0,96;144;;jah
2000-09-08;0,95;144;;jah
2000-09-09;0,92;143;;jah
2000-09-10;0,9;142;;jah
2000-09-11;0,87;141;;jah
2000-09-12;0,87;141;;jah
2000-09-13;0,86;141;;jah
2000-09-14;0,91;143;;jah
2000-09-15;0,9;143;;jah
2000-09-16;0,87;142;;jah
2000-09-17;0,83;140;;jah
2000-09-18;0,8;139;;jah
2000-09-19;0,83;140;;jah
2000-09-20;0,82;139;;jah
2000-09-21;0,81;138;;jah
2000-09-22;0,81;138;;jah
2000-09-23;0,82;138;;jah
2000-09-24;0,85;139;;jah
2000-09-25;0,88;140;;jah
2000-09-26;0,85;138;;jah
2000-09-27;0,86;138;;jah
2000-09-28;0,87;138;;jah
2000-09-29;0,89;138;;jah
2000-09-30;0,88;137;;jah
2000-10-01;0,88;137;;jah
2000-10-02;0,87;136;;jah
2000-10-03;0,9;137;;jah
2000-10-04;0,92;137;;jah
2000-10-05;0,91;136;;jah
2000-10-06;0,91;136;;jah
2000-10-07;0,94;136;;jah
2000-10-08;0,95;136;;jah
2000-10-09;1;137;;jah
2000-10-10;1,05;138;;jah
2000-10-11;1,14;140;;jah
2000-10-12;1,25;143;;jah
2000-10-13;1,09;138;;jah
2000-10-14;1,06;137;;jah
2000-10-15;1,09;138;;jah
2000-10-16;1,07;137;;jah
2000-10-17;1,08;137;;jah
2000-10-18;1,05;136;;jah
2000-10-19;1,05;136;;jah
2000-10-20;1,06;136;;jah
2000-10-21;1,01;134;;jah
2000-10-22;0,97;133;;jah
2000-10-23;0,95;132;;jah
2000-10-24;0,97;132;;jah
2000-10-25;1,29;141;;jah
2000-10-26;1,39;142;;jah
2000-10-27;1,51;144;;jah
2000-10-28;1,91;153;;jah
2000-10-29;1,93;152;;jah
2000-10-30;1,98;153;;jah
2000-10-31;2,02;153;;jah
2000-11-01;2,23;157;;jah
2000-11-02;2,25;157;;jah
2000-11-03;2,28;157;;jah
2000-11-04;2,35;158;;jah
2000-11-05;2,29;156;;jah
2000-11-06;2,34;157;;jah
2000-11-07;2,49;160;;jah
2000-11-08;2,69;164;;jah
2000-11-09;2,76;165;;jah
2000-11-10;2,95;168;;jah
2000-11-11;3,13;172;;jah
2000-11-12;3,14;172;;jah
2000-11-13;2,96;168;;jah
2000-11-14;2,78;165;;jah
2000-11-15;2,64;163;;jah
2000-11-16;2,76;166;;jah
2000-11-17;2,88;168;;jah
2000-11-18;2,88;168;;jah
2000-11-19;2,85;168;;jah
2000-11-20;2,66;164;;jah
2000-11-21;2,5;161;;jah
2000-11-22;2,27;156;;jah
2000-11-23;2,2;155;;jah
2000-11-24;2,28;157;;jah
2000-11-25;2,2;155;;jah
2000-11-26;2,14;154;;jah
2000-11-27;2;151;;jah
2000-11-28;1,9;149;;jah
2000-11-29;1,83;147;;jah
2000-11-30;1,82;147;;jah
2000-12-01;1,78;146;;jah
2000-12-02;1,75;146;;jah
2000-12-03;1,71;145;;jah
2000-12-04;1,68;144;;jah
2000-12-05;1,66;144;;jah
2000-12-06;1,55;141;;jah
2000-12-07;1,55;141;;jah
2000-12-08;1,51;141;;jah
2000-12-09;1,53;141;;jah
2000-12-10;1,55;141;;jah
2000-12-11;1,59;142;;jah
2000-12-12;1,67;143;;jah
2000-12-13;2,06;150;;jah
2000-12-14;2,79;163;;jah
2000-12-15;3,42;175;;jah
2000-12-16;3,51;176;;jah
2000-12-17;3,39;174;;jah
2000-12-18;3,15;169;;jah
2000-12-19;3,57;177;;jah
2000-12-20;2,85;164;;jah
2000-12-21;2,69;162;;jah
2000-12-22;2,15;151;;jah
2000-12-23;2,04;150;;jah
2000-12-24;2,04;151;;jah
2000-12-25;1,96;149;;jah
2000-12-26;1,78;145;;jah
2000-12-27;1,58;146;;jah
2000-12-28;1,59;146;;jah
2000-12-29;1,6;147;;jah
2000-12-30;1,61;145;;jah
2000-12-31;1,62;142;;jah
2001-01-01;1,6;142;;jah
2001-01-02;1,56;141;;jah
2001-01-03;1,56;141;;jah
2001-01-04;1,53;140;;jah
2001-01-05;1,57;141;;jah
2001-01-06;1,58;141;;jah
2001-01-07;1,88;146;;jah
2001-01-08;2,92;164;;jah
2001-01-09;3,92;179;;jah
2001-01-10;4,85;193;;jah
2001-01-11;4,8;193;;jah
2001-01-12;4,04;181;;jah
2001-01-13;3,4;170;;jah
2001-01-14;3,46;173;;jah
2001-01-15;3,36;169;;jah
2001-01-16;3,1;164;;jah
2001-01-17;2,9;161;;jah
2001-01-18;2,8;160;;jah
2001-01-19;2,66;158;;jah
2001-01-20;2,51;156;;jah
2001-01-21;2,4;154;;jah
2001-01-22;1,88;145;;jah
2001-01-23;1,69;150;;jah
2001-01-24;1,71;157;;jah
2001-01-25;1,72;153;;jah
2001-01-26;1,76;149;;jah
2001-01-27;1,73;146;;jah
2001-01-28;1,79;146;;jah
2001-01-29;1,69;143;;jah
2001-01-30;1,64;142;;jah
2001-01-31;1,58;142;;jah
2001-02-01;1,49;141;;jah
2001-02-02;1,47;142;;jah
2001-02-03;1,44;150;;jah
2001-02-04;1,43;150;;jah
2001-02-05;1,41;147;;jah
2001-02-06;1,29;144;;jah
2001-02-07;1,38;147;;jah
2001-02-08;1,88;158;;jah
2001-02-09;2,35;165;;jah
2001-02-10;2,6;168;;jah
2001-02-11;2,59;165;;jah
2001-02-12;2,5;161;;jah
2001-02-13;2,69;164;;jah
2001-02-14;2,73;163;;jah
2001-02-15;2,68;162;;jah
2001-02-16;2,52;159;;jah
2001-02-17;2,42;157;;jah
2001-02-18;2,35;155;;jah
2001-02-19;2,18;152;;jah
2001-02-20;2,11;150;;jah
2001-02-21;2,06;150;;jah
2001-02-22;2,03;150;;jah
2001-02-23;2,03;151;;jah
2001-02-24;1,91;153;;jah
2001-02-25;1,83;156;;jah
2001-02-26;1,76;153;;jah
2001-02-27;1,69;148;;jah
2001-02-28;1,64;148;;jah
2001-03-01;1,52;146;;jah
2001-03-02;1,46;146;;jah
2001-03-03;1,42;146;;jah
2001-03-04;1,37;145;;jah
2001-03-05;1,34;144;;jah
2001-03-06;1,27;142;;jah
2001-03-07;1,28;143;;jah
2001-03-08;1,24;142;;jah
2001-03-09;1,2;141;;jah
2001-03-10;1,27;141;;jah
2001-03-11;1,5;143;;jah
2001-03-12;2,79;165;;jah
2001-03-13;4,62;195;;jah
2001-03-14;4,57;195;;jah
2001-03-15;4,47;194;;jah
2001-03-16;4,15;189;;jah
2001-03-17;3,84;185;;jah
2001-03-18;3,13;175;;jah
2001-03-19;2,32;165;;jah
2001-03-20;2,16;164;;jah
2001-03-21;1,95;159;;jah
2001-03-22;1,84;156;;jah
2001-03-23;1,67;152;;jah
2001-03-24;1,44;146;;jah
2001-03-25;1,47;146;;jah
2001-03-26;1,44;145;;jah
2001-03-27;1,45;143;;jah
2001-03-28;1,58;142;;jah
2001-03-29;1,56;140;;jah
2001-03-30;1,55;139;;jah
2001-03-31;1,58;140;;jah
2001-04-01;1,63;143;;jah
2001-04-02;2,03;151;;jah
2001-04-03;2,42;158;;jah
2001-04-04;2,91;167;;jah
2001-04-05;3,09;169;;jah
2001-04-06;3,38;175;;jah
2001-04-07;3,48;176;;jah
2001-04-08;3,47;176;;jah
2001-04-09;3,39;174;;jah
2001-04-10;4,16;188;;jah
2001-04-11;4,44;193;;jah
2001-04-12;4,67;197;;jah
2001-04-13;5,74;213;;jah
2001-04-14;6,32;222;;jah
2001-04-15;6,8;229;;jah
2001-04-16;6,57;225;;jah
2001-04-17;6,38;223;;jah
2001-04-18;7,23;235;;jah
2001-04-19;8,31;249;;jah
2001-04-20;8,71;254;;jah
2001-04-21;8,77;255;;jah
2001-04-22;8,79;255;;jah
2001-04-23;8,67;253;;jah
2001-04-24;8,41;250;;jah
2001-04-25;7,83;242;;jah
2001-04-26;6,76;228;;jah
2001-04-27;5,88;216;;jah
2001-04-28;10,1;267;;jah
2001-04-29;17,1;340;;jah
2001-04-30;20,6;361;;jah
2001-05-01;15,4;317;;jah
2001-05-02;11,4;275;;jah
2001-05-03;8,82;245;;jah
2001-05-04;6,89;220;;jah
2001-05-05;5,9;207;;jah
2001-05-06;5,33;199;;jah
2001-05-07;4,79;191;;jah
2001-05-08;3,93;176;;jah
2001-05-09;3,48;172;;jah
2001-05-10;3,36;169;;jah
2001-05-11;3,11;165;;jah
2001-05-12;2,89;162;;jah
2001-05-13;2,74;160;;jah
2001-05-14;2,62;158;;jah
2001-05-15;2,5;156;;jah
2001-05-16;2,27;152;;jah
2001-05-17;2,24;152;;jah
2001-05-18;2,65;159;;jah
2001-05-19;3,55;176;;jah
2001-05-20;3,73;178;;jah
2001-05-21;3,55;175;;jah
2001-05-22;3,19;168;;jah
2001-05-23;2,86;163;;jah
2001-05-24;2,6;158;;jah
2001-05-25;2,42;155;;jah
2001-05-26;2,24;152;;jah
2001-05-27;2,15;151;;jah
2001-05-28;2,11;150;;jah
2001-05-29;2,01;148;;jah
2001-05-30;2,02;149;;jah
2001-05-31;1,93;147;;jah
2001-06-01;1,88;147;;jah
2001-06-02;1,81;146;;jah
2001-06-03;1,77;145;;jah
2001-06-04;1,78;146;;jah
2001-06-05;1,74;145;;jah
2001-06-06;1,7;145;;jah
2001-06-07;1,6;143;;jah
2001-06-08;1,56;142;;jah
2001-06-09;1,67;145;;jah
2001-06-10;1,87;149;;jah
2001-06-11;1,96;150;;jah
2001-06-12;2,24;156;;jah
2001-06-13;2,62;163;;jah
2001-06-14;2,76;165;;jah
2001-06-15;2,66;163;;jah
2001-06-16;2,36;157;;jah
2001-06-17;2,14;154;;jah
2001-06-18;1,97;151;;jah
2001-06-19;1,85;150;;jah
2001-06-20;1,79;150;;jah
2001-06-21;1,73;149;;jah
2001-06-22;1,66;148;;jah
2001-06-23;1,64;148;;jah
2001-06-24;1,71;151;;jah
2001-06-25;1,74;152;;jah
2001-06-26;1,65;150;;jah
2001-06-27;1,53;147;;jah
2001-06-28;1,43;145;;jah
2001-06-29;1,38;144;;jah
2001-06-30;1,32;143;;jah
2001-07-01;1,25;142;;jah
2001-07-02;1,18;141;;jah
2001-07-03;1,13;140;;jah
2001-07-04;1,11;140;;jah
2001-07-05;1,07;140;;jah
2001-07-06;1,07;141;;jah
2001-07-07;0,99;138;;jah
2001-07-08;0,97;139;;jah
2001-07-09;1;140;;jah
2001-07-10;0,98;140;;jah
2001-07-11;1,04;142;;jah
2001-07-12;0,95;139;;jah
2001-07-13;0,91;138;;jah
2001-07-14;0,92;138;;jah
2001-07-15;0,94;138;;jah
2001-07-16;1,32;149;;jah
2001-07-17;1,78;162;;jah
2001-07-18;1,7;160;;jah
2001-07-19;1,66;158;;jah
2001-07-20;1,7;159;;jah
2001-07-21;1,69;157;;jah
2001-07-22;2,1;168;;jah
2001-07-23;2,09;169;;jah
2001-07-24;1,64;158;;jah
2001-07-25;1,46;155;;jah
2001-07-26;1,26;151;;jah
2001-07-27;1,08;147;;jah
2001-07-28;1;146;;jah
2001-07-29;0,92;143;;jah
2001-07-30;0,89;142;;jah
2001-07-31;0,91;143;;jah
2001-08-01;0,92;144;;jah
2001-08-02;1,05;149;;jah
2001-08-03;1,02;148;;jah
2001-08-04;0,99;147;;jah
2001-08-05;0,98;147;;jah
2001-08-06;1,01;149;;jah
2001-08-07;1;148;;jah
2001-08-08;0,96;146;;jah
2001-08-09;0,94;145;;jah
2001-08-10;0,92;144;;jah
2001-08-11;0,93;144;;jah
2001-08-12;0,95;145;;jah
2001-08-13;1,04;148;;jah
2001-08-14;1,17;153;;jah
2001-08-15;1,23;154;;jah
2001-08-16;1,29;156;;jah
2001-08-17;1,29;156;;jah
2001-08-18;1,22;154;;jah
2001-08-19;1,12;151;;jah
2001-08-20;1,04;149;;jah
2001-08-21;1,05;150;;jah
2001-08-22;1,04;150;;jah
2001-08-23;1,02;150;;jah
2001-08-24;0,97;149;;jah
2001-08-25;0,93;148;;jah
2001-08-26;0,89;147;;jah
2001-08-27;0,88;146;;jah
2001-08-28;0,94;149;;jah
2001-08-29;0,98;150;;jah
2001-08-30;0,99;150;;jah
2001-08-31;0,98;149;;jah
2001-09-01;0,94;147;;jah
2001-09-02;0,91;146;;jah
2001-09-03;0,9;145;;jah
2001-09-04;0,89;145;;jah
2001-09-05;0,93;146;;jah
2001-09-06;0,94;146;;jah
2001-09-07;0,95;146;;jah
2001-09-08;1,13;153;;jah
2001-09-09;1,17;153;;jah
2001-09-10;1,19;152;;jah
2001-09-11;1,26;152;;jah
2001-09-12;1,39;152;;jah
2001-09-13;2,07;169;;jah
2001-09-14;2,52;176;;jah
2001-09-15;2,8;181;;jah
2001-09-16;2,94;184;;jah
2001-09-17;2,8;181;;jah
2001-09-18;2,57;177;;jah
2001-09-19;2,29;171;;jah
2001-09-20;2,01;164;;jah
2001-09-21;1,93;163;;jah
2001-09-22;1,7;157;;jah
2001-09-23;1,58;154;;jah
2001-09-24;1,55;153;;jah
2001-09-25;1,52;152;;jah
2001-09-26;1,47;151;;jah
2001-09-27;1,46;151;;jah
2001-09-28;1,45;150;;jah
2001-09-29;1,48;151;;jah
2001-09-30;1,49;151;;jah
2001-10-01;1,49;151;;jah
2001-10-02;1,54;153;;jah
2001-10-03;1,64;155;;jah
2001-10-04;1,72;157;;jah
2001-10-05;1,78;159;;jah
2001-10-06;1,84;160;;jah
2001-10-07;1,84;159;;jah
2001-10-08;1,82;158;;jah
2001-10-09;1,74;155;;jah
2001-10-10;1,75;155;;jah
2001-10-11;1,82;156;;jah
2001-10-12;1,97;159;;jah
2001-10-13;2,32;167;;jah
2001-10-14;2,6;172;;jah
2001-10-15;2,74;173;;jah
2001-10-16;2,68;172;;jah
2001-10-17;2,47;167;;jah
2001-10-18;2,34;165;;jah
2001-10-19;2,33;165;;jah
2001-10-20;2,3;165;;jah
2001-10-21;2,17;162;;jah
2001-10-22;2,05;159;;jah
2001-10-23;1,93;157;;jah
2001-10-24;1,83;155;;jah
2001-10-25;1,73;153;;jah
2001-10-26;1,66;151;;jah
2001-10-27;1,51;147;;jah
2001-10-28;1,54;147;;jah
2001-10-29;1,7;151;;jah
2001-10-30;1,93;155;;jah
2001-10-31;2,6;168;;jah
2001-11-01;3,28;182;;jah
2001-11-02;4,25;200;;jah
2001-11-03;4,23;196;;jah
2001-11-04;4,12;193;;jah
2001-11-05;3,86;187;;jah
2001-11-06;3,71;184;;jah
2001-11-07;3,78;184;;jah
2001-11-08;4,25;192;;jah
2001-11-09;4,64;197;;jah
2001-11-10;4,41;192;;jah
2001-11-11;5,21;204;;jah
2001-11-12;9,02;256;;jah
2001-11-13;9;255;;jah
2001-11-14;8,42;249;;jah
2001-11-15;7,58;238;;jah
2001-11-16;6,57;225;;jah
2001-11-17;5,34;208;;jah
2001-11-18;5,38;210;;jah
2001-11-19;5,18;207;;jah
2001-11-20;4,29;193;;jah
2001-11-21;3,77;184;;jah
2001-11-22;3,56;182;;jah
2001-11-23;3,57;182;;jah
2001-11-24;3,49;180;;jah
2001-11-25;3,32;177;;jah
2001-11-26;3,19;176;;jah
2001-11-27;3,06;174;;jah
2001-11-28;2,92;173;;jah
2001-11-29;2,82;172;;jah
2001-11-30;2,72;171;;jah
2001-12-01;2,35;164;;jah
2001-12-02;1,98;156;;jah
2001-12-03;1,93;163;;jah
2001-12-04;1,92;164;;jah
2001-12-05;1,9;162;;jah
2001-12-06;1,89;161;;jah
2001-12-07;1,87;157;;jah
2001-12-08;1,79;155;;jah
2001-12-09;1,74;154;;jah
2001-12-10;1,76;154;;jah
2001-12-11;1,78;155;;jah
2001-12-12;1,76;154;;jah
2001-12-13;1,71;153;;jah
2001-12-14;1,69;153;;jah
2001-12-15;1,7;153;;jah
2001-12-16;1,68;152;;jah
2001-12-17;1,68;152;;jah
2001-12-18;1,59;151;;jah
2001-12-19;1,41;148;;jah
2001-12-20;1,44;150;;jah
2001-12-21;1,38;149;;jah
2001-12-22;1,41;152;;jah
2001-12-23;1,36;152;;jah
2001-12-24;1,36;154;;jah
2001-12-25;1,37;155;;jah
2001-12-26;1,39;155;;jah
2001-12-27;1,42;155;;jah
2001-12-28;1,44;155;;jah
2001-12-29;1,51;157;;jah
2001-12-30;1,58;158;;jah
2001-12-31;1,6;158;;jah
2002-01-01;1,57;158;;jah
2002-01-02;1,55;158;;jah
2002-01-03;1,55;158;;jah
2002-01-04;1,53;157;;jah
2002-01-05;1,52;157;;jah
2002-01-06;1,54;157;;jah
2002-01-07;1,57;157;;jah
2002-01-08;1,63;156;;jah
2002-01-09;1,68;155;;jah
2002-01-10;1,76;155;;jah
2002-01-11;1,81;154;;jah
2002-01-12;1,87;154;;jah
2002-01-13;1,9;153;;jah
2002-01-14;1,94;154;;jah
2002-01-15;2,2;160;;jah
2002-01-16;2,52;166;;jah
2002-01-17;2,63;167;;jah
2002-01-18;2,66;167;;jah
2002-01-19;2,68;167;;jah
2002-01-20;2,71;167;;jah
2002-01-21;2,82;169;;jah
2002-01-22;2,96;171;;jah
2002-01-23;3,61;182;;jah
2002-01-24;5,91;220;;jah
2002-01-25;7,06;240;;jah
2002-01-26;7,49;250;;jah
2002-01-27;7,55;251;;jah
2002-01-28;7,61;246;;jah
2002-01-29;7,68;246;;jah
2002-01-30;7,74;251;;jah
2002-01-31;7,8;250;;jah
2002-02-01;7,87;251;;jah
2002-02-02;7,93;247;;jah
2002-02-03;8,41;249;;jah
2002-02-04;9,64;264;;jah
2002-02-05;9,22;258;;jah
2002-02-06;10,8;277;;jah
2002-02-07;13,3;300;;jah
2002-02-08;15,3;318;;jah
2002-02-09;16,7;330;;jah
2002-02-10;18,4;343;;jah
2002-02-11;21,5;368;;jah
2002-02-12;21,3;368;;jah
2002-02-13;18,1;320;;jah
2002-02-14;17,9;338;;jah
2002-02-15;9,51;253;;jah
2002-02-16;11,7;278;;jah
2002-02-17;10,7;268;;jah
2002-02-18;9,31;251;;jah
2002-02-19;8,46;240;;jah
2002-02-20;7;235;;jah
2002-02-21;4,02;219;;jah
2002-02-22;4,15;226;;jah
2002-02-23;4,25;230;;jah
2002-02-24;4,35;225;;jah
2002-02-25;4,45;222;;jah
2002-02-26;4,55;208;;jah
2002-02-27;4,84;204;;jah
2002-02-28;5,49;213;;jah
2002-03-01;6,11;220;;jah
2002-03-02;6,44;223;;jah
2002-03-03;6,53;222;;jah
2002-03-04;6,37;217;;jah
2002-03-05;6,57;218;;jah
2002-03-06;7,59;230;;jah
2002-03-07;11,6;281;;jah
2002-03-08;14,6;312;;jah
2002-03-09;12,3;289;;jah
2002-03-10;15;316;;jah
2002-03-11;14,2;308;;jah
2002-03-12;12,9;297;;jah
2002-03-13;13,3;300;;jah
2002-03-14;12,8;295;;jah
2002-03-15;11,6;283;;jah
2002-03-16;10,2;268;;jah
2002-03-17;8,76;251;;jah
2002-03-18;7,54;235;;jah
2002-03-19;7,06;228;;jah
2002-03-20;7,63;237;;jah
2002-03-21;7,87;240;;jah
2002-03-22;8,11;243;;jah
2002-03-23;8,06;242;;jah
2002-03-24;7,65;236;;jah
2002-03-25;7,09;229;;jah
2002-03-26;6,25;217;;jah
2002-03-27;5,65;210;;jah
2002-03-28;5,29;204;;jah
2002-03-29;5,34;205;;jah
2002-03-30;5,53;209;;jah
2002-03-31;5,67;211;;jah
2002-04-01;5,7;211;;jah
2002-04-02;5,59;209;;jah
2002-04-03;5,36;206;;jah
2002-04-04;4,77;195;;jah
2002-04-05;4,48;191;;jah
2002-04-06;4,31;189;;jah
2002-04-07;4,19;187;;jah
2002-04-08;4,09;185;;jah
2002-04-09;3,76;180;;jah
2002-04-10;3,44;175;;jah
2002-04-11;3,3;173;;jah
2002-04-12;3,39;174;;jah
2002-04-13;3,37;174;;jah
2002-04-14;3,37;174;;jah
2002-04-15;3,7;180;;jah
2002-04-16;4,01;184;;jah
2002-04-17;4,07;185;;jah
2002-04-18;3,95;183;;jah
2002-04-19;3,64;178;;jah
2002-04-20;3,36;173;;jah
2002-04-21;3,14;170;;jah
2002-04-22;3,05;168;;jah
2002-04-23;2,84;165;;jah
2002-04-24;2,76;164;;jah
2002-04-25;2,58;161;;jah
2002-04-26;1,78;144;;jah
2002-04-27;2,15;154;;jah
2002-04-28;2,16;153;;jah
2002-04-29;2,1;152;;jah
2002-04-30;2,11;152;;jah
2002-05-01;2,21;155;;jah
2002-05-02;2,31;156;;jah
2002-05-03;2,29;156;;jah
2002-05-04;2,18;153;;jah
2002-05-05;2,05;151;;jah
2002-05-06;1,93;149;;jah
2002-05-07;1,85;148;;jah
2002-05-08;1,76;146;;jah
2002-05-09;1,69;145;;jah
2002-05-10;1,61;144;;jah
2002-05-11;1,56;143;;jah
2002-05-12;1,5;142;;jah
2002-05-13;1,48;142;;jah
2002-05-14;1,58;145;;jah
2002-05-15;1,52;143;;jah
2002-05-16;1,49;143;;jah
2002-05-17;1,47;143;;jah
2002-05-18;1,48;143;;jah
2002-05-19;1,46;143;;jah
2002-05-20;1,43;142;;jah
2002-05-21;1,44;143;;jah
2002-05-22;1,4;142;;jah
2002-05-23;1,19;137;;jah
2002-05-24;1,11;136;;jah
2002-05-25;1,11;136;;jah
2002-05-26;1,07;135;;jah
2002-05-27;1,05;135;;jah
2002-05-28;1,06;136;;jah
2002-05-29;1,07;136;;jah
2002-05-30;1,02;135;;jah
2002-05-31;0,96;134;;jah
2002-06-01;0,93;134;;jah
2002-06-02;0,93;134;;jah
2002-06-03;0,92;134;;jah
2002-06-04;0,9;133;;jah
2002-06-05;0,9;133;;jah
2002-06-06;0,94;134;;jah
2002-06-07;0,95;134;;jah
2002-06-08;0,95;134;;jah
2002-06-09;0,9;133;;jah
2002-06-10;0,88;132;;jah
2002-06-11;0,97;134;;jah
2002-06-12;1,01;135;;jah
2002-06-13;0,95;134;;jah
2002-06-14;1,08;138;;jah
2002-06-15;1,07;138;;jah
2002-06-16;1,09;139;;jah
2002-06-17;1,14;140;;jah
2002-06-18;1,08;139;;jah
2002-06-19;1,03;138;;jah
2002-06-20;0,98;137;;jah
2002-06-21;0,94;136;;jah
2002-06-22;0,94;136;;jah
2002-06-23;0,93;136;;jah
2002-06-24;1;139;;jah
2002-06-25;1,01;139;;jah
2002-06-26;1,02;140;;jah
2002-06-27;1,02;140;;jah
2002-06-28;1,02;140;;jah
2002-06-29;1,04;141;;jah
2002-06-30;1,08;143;;jah
2002-07-01;1,13;145;;jah
2002-07-02;1,13;145;;jah
2002-07-03;1,13;145;;jah
2002-07-04;1,31;153;;jah
2002-07-05;1,15;146;;jah
2002-07-06;1,09;146;;jah
2002-07-07;1,07;146;;jah
2002-07-08;1,07;147;;jah
2002-07-09;1,06;148;;jah
2002-07-10;1,01;147;;jah
2002-07-11;0,95;145;;jah
2002-07-12;0,88;144;;jah
2002-07-13;0,83;143;;jah
2002-07-14;0,8;142;;jah
2002-07-15;0,79;142;;jah
2002-07-16;0,78;142;;jah
2002-07-17;0,77;142;;jah
2002-07-18;0,76;142;;jah
2002-07-19;0,75;142;;jah
2002-07-20;0,74;142;;jah
2002-07-21;0,74;142;;jah
2002-07-22;0,76;144;;jah
2002-07-23;0,56;136;;jah
2002-07-24;0,51;134;;jah
2002-07-25;0,58;139;;jah
2002-07-26;0,63;143;;jah
2002-07-27;0,68;146;;jah
2002-07-28;0,65;146;;jah
2002-07-29;0,62;146;;jah
2002-07-30;0,6;146;;jah
2002-07-31;0,59;146;;jah
2002-08-01;0,64;149;;jah
2002-08-02;0,6;147;;jah
2002-08-03;0,57;145;;jah
2002-08-04;0,56;144;;jah
2002-08-05;0,56;143;;jah
2002-08-06;0,58;144;;jah
2002-08-07;0,57;143;;jah
2002-08-08;0,57;142;;jah
2002-08-09;0,59;143;;jah
2002-08-10;0,59;142;;jah
2002-08-11;0,6;142;;jah
2002-08-12;0,66;145;;jah
2002-08-13;0,69;145;;jah
2002-08-14;0,65;143;;jah
2002-08-15;0,64;142;;jah
2002-08-16;0,64;142;;jah
2002-08-17;0,65;142;;jah
2002-08-18;0,64;142;;jah
2002-08-19;0,63;141;;jah
2002-08-20;0,62;140;;jah
2002-08-21;0,83;150;;jah
2002-08-22;0,74;145;;jah
2002-08-23;0,68;142;;jah
2002-08-24;0,66;141;;jah
2002-08-25;0,66;141;;jah
2002-08-26;0,65;140;;jah
2002-08-27;0,66;140;;jah
2002-08-28;0,66;140;;jah
2002-08-29;0,65;139;;jah
2002-08-30;0,66;139;;jah
2002-08-31;0,65;138;;jah
2002-09-01;0,63;137;;jah
2002-09-02;0,63;137;;jah
2002-09-03;0,62;136;;jah
2002-09-04;0,63;136;;jah
2002-09-05;0,64;136;;jah
2002-09-06;0,64;136;;jah
2002-09-07;0,64;136;;jah
2002-09-08;0,65;136;;jah
2002-09-09;0,65;136;;jah
2002-09-10;0,64;136;;jah
2002-09-11;0,62;135;;jah
2002-09-12;0,6;134;;jah
2002-09-13;0,48;128;;jah
2002-09-14;0,49;130;;jah
2002-09-15;0,58;133;;jah
2002-09-16;0,54;131;;jah
2002-09-17;0,39;125;;jah
2002-09-18;0,37;125;;jah
2002-09-19;0,36;124;;jah
2002-09-20;0,37;123;;jah
2002-09-21;0,57;130;;jah
2002-09-22;0,64;130;;jah
2002-09-23;0,68;130;;jah
2002-09-24;0,68;129;;jah
2002-09-25;0,74;130;;jah
2002-09-26;0,82;131;;jah
2002-09-27;1,24;144;;jah
2002-09-28;1,15;140;;jah
2002-09-29;0,91;133;;jah
2002-09-30;0,73;129;;jah
2002-10-01;0,62;126;;jah
2002-10-02;0,61;126;;jah
2002-10-03;0,89;134;;jah
2002-10-04;0,81;131;;jah
2002-10-05;0,7;128;;jah
2002-10-06;0,63;126;;jah
2002-10-07;0,63;126;;jah
2002-10-08;0,64;126;;jah
2002-10-09;0,65;126;;jah
2002-10-10;0,94;134;;jah
2002-10-11;0,97;134;;jah
2002-10-12;0,91;132;;jah
2002-10-13;0,86;131;;jah
2002-10-14;0,83;130;;jah
2002-10-15;0,76;128;;jah
2002-10-16;0,52;122;;jah
2002-10-17;0,62;125;;jah
2002-10-18;0,83;130;;jah
2002-10-19;0,85;130;;jah
2002-10-20;0,8;128;;jah
2002-10-21;0,8;128;;jah
2002-10-22;0,6;123;;jah
2002-10-23;0,8;128;;jah
2002-10-24;0,74;126;;jah
2002-10-25;0,77;127;;jah
2002-10-26;0,85;129;;jah
2002-10-27;0,98;132;;jah
2002-10-28;0,97;131;;jah
2002-10-29;0,93;130;;jah
2002-10-30;0,92;130;;jah
2002-10-31;0,92;130;;jah
2002-11-01;0,92;130;;jah
2002-11-02;0,9;130;;jah
2002-11-03;0,88;129;;jah
2002-11-04;0,84;128;;jah
2002-11-05;0,84;128;;jah
2002-11-06;0,84;128;;jah
2002-11-07;0,84;128;;jah
2002-11-08;0,82;127;;jah
2002-11-09;0,84;127;;jah
2002-11-10;0,83;127;;jah
2002-11-11;0,82;126;;jah
2002-11-12;0,69;123;;jah
2002-11-13;0,78;125;;jah
2002-11-14;0,95;128;;jah
2002-11-15;0,91;127;;jah
2002-11-16;1,09;131;;jah
2002-11-17;1,19;133;;jah
2002-11-18;1,56;140;;jah
2002-11-19;1,69;142;;jah
2002-11-20;2,47;156;;jah
2002-11-21;2,25;151;;jah
2002-11-22;2,05;148;;jah
2002-11-23;1,94;146;;jah
2002-11-24;1,84;144;;jah
2002-11-25;1,75;143;;jah
2002-11-26;1,52;138;;jah
2002-11-27;1,42;137;;jah
2002-11-28;1,41;138;;jah
2002-11-29;1,31;136;;jah
2002-11-30;0,81;126;;jah
2002-12-01;0,89;137;;jah
2002-12-02;0,99;138;;jah
2002-12-03;1,07;135;;jah
2002-12-04;1,05;133;;jah
2002-12-05;0,94;131;;jah
2002-12-06;0,91;131;;jah
2002-12-07;0,89;131;;jah
2002-12-08;0,82;130;;jah
2002-12-09;0,77;129;;jah
2002-12-10;0,76;129;;jah
2002-12-11;0,74;129;;jah
2002-12-12;0,72;129;;jah
2002-12-13;0,69;129;;jah
2002-12-14;0,64;128;;jah
2002-12-15;0,64;129;;jah
2002-12-16;0,7;130;;jah
2002-12-17;0,73;132;;jah
2002-12-18;0,75;132;;jah
2002-12-19;0,73;132;;jah
2002-12-20;0,71;132;;jah
2002-12-21;0,69;131;;jah
2002-12-22;0,65;130;;jah
2002-12-23;0,64;130;;jah
2002-12-24;0,63;130;;jah
2002-12-25;0,66;131;;jah
2002-12-26;0,67;132;;jah
2002-12-27;0,65;133;;jah
2002-12-28;0,64;133;;jah
2002-12-29;0,65;135;;jah
2002-12-30;0,67;137;;jah
2002-12-31;0,68;139;;jah
2003-01-01;0,69;138;;jah
2003-01-02;0,67;138;;jah
2003-01-03;0,68;139;;jah
2003-01-04;0,72;142;;jah
2003-01-05;0,71;142;;jah
2003-01-06;0,71;142;;jah
2003-01-07;0,75;145;;jah
2003-01-08;0,88;150;;jah
2003-01-09;0,77;144;;jah
2003-01-10;1,05;158;;jah
2003-01-11;1,04;157;;jah
2003-01-12;1,19;163;;jah
2003-01-13;1,12;160;;jah
2003-01-14;1,02;155;;jah
2003-01-15;1,16;162;;jah
2003-01-16;0,98;154;;jah
2003-01-17;0,89;150;;jah
2003-01-18;1,1;159;;jah
2003-01-19;1,11;159;;jah
2003-01-20;1,11;159;;jah
2003-01-21;1,04;156;;jah
2003-01-22;0,85;148;;jah
2003-01-23;0,93;151;;jah
2003-01-24;0,76;144;;jah
2003-01-25;0,95;152;;jah
2003-01-26;0,9;149;;jah
2003-01-27;0,95;152;;jah
2003-01-28;0,81;146;;jah
2003-01-29;0,76;145;;jah
2003-01-30;0,75;146;;jah
2003-01-31;0,81;150;;jah
2003-02-01;0,83;152;;jah
2003-02-02;0,98;160;;jah
2003-02-03;0,89;156;;jah
2003-02-04;1,09;166;;jah
2003-02-05;0,88;147;;jah
2003-02-06;0,96;164;;jah
2003-02-07;0,69;141;;jah
2003-02-08;0,81;154;;jah
2003-02-09;0,92;145;;jah
2003-02-10;0,91;153;;jah
2003-02-11;0,97;153;;jah
2003-02-12;0,98;150;;jah
2003-02-13;1,02;150;;jah
2003-02-14;1,03;149;;jah
2003-02-15;0,99;148;;jah
2003-02-16;1,1;151;;jah
2003-02-17;1,1;151;;jah
2003-02-18;1,09;150;;jah
2003-02-19;1;146;;jah
2003-02-20;1;146;;jah
2003-02-21;1,07;148;;jah
2003-02-22;1,02;148;;jah
2003-02-23;0,99;146;;jah
2003-02-24;0,97;146;;jah
2003-02-25;0,99;147;;jah
2003-02-26;0,95;145;;jah
2003-02-27;0,93;144;;jah
2003-02-28;0,87;143;;jah
2003-03-01;0,72;137;;jah
2003-03-02;0,76;139;;jah
2003-03-03;0,77;139;;jah
2003-03-04;0,8;142;;jah
2003-03-05;0,8;139;;jah
2003-03-06;0,75;140;;jah
2003-03-07;0,79;141;;jah
2003-03-08;0,81;139;;jah
2003-03-09;0,84;142;;jah
2003-03-10;0,91;141;;jah
2003-03-11;1,03;144;;jah
2003-03-12;2,84;194;;jah
2003-03-13;2,23;176;;jah
2003-03-14;1,88;165;;jah
2003-03-15;1,8;161;;jah
2003-03-16;2,32;173;;jah
2003-03-17;2,01;164;;jah
2003-03-18;2,03;164;;jah
2003-03-19;2,56;174;;jah
2003-03-20;2,73;176;;jah
2003-03-21;2,1;159;;jah
2003-03-22;1,77;151;;jah
2003-03-23;1,76;148;;jah
2003-03-24;2,31;159;;jah
2003-03-25;2,9;169;;jah
2003-03-26;2,79;165;;jah
2003-03-27;2,64;160;;jah
2003-03-28;3,01;166;;jah
2003-03-29;3,16;166;;jah
2003-03-30;3,2;167;;jah
2003-03-31;3,44;170;;jah
2003-04-01;3,41;170;;jah
2003-04-02;3,01;163;;jah
2003-04-03;2,9;162;;jah
2003-04-04;2,64;157;;jah
2003-04-05;2,5;155;;jah
2003-04-06;2,45;154;;jah
2003-04-07;2,06;146;;jah
2003-04-08;2,01;146;;jah
2003-04-09;2,01;146;;jah
2003-04-10;2,65;157;;jah
2003-04-11;3;163;;jah
2003-04-12;3,4;169;;jah
2003-04-13;3,84;176;;jah
2003-04-14;4,91;192;;jah
2003-04-15;4,88;192;;jah
2003-04-16;4,88;192;;jah
2003-04-17;5,22;197;;jah
2003-04-18;5,73;205;;jah
2003-04-19;6,04;209;;jah
2003-04-20;6,31;213;;jah
2003-04-21;6,39;214;;jah
2003-04-22;6,05;209;;jah
2003-04-23;5,56;202;;jah
2003-04-24;4,94;193;;jah
2003-04-25;4,53;187;;jah
2003-04-26;4,1;181;;jah
2003-04-27;3,93;178;;jah
2003-04-28;3,37;169;;jah
2003-04-29;2,56;155;;jah
2003-04-30;2,68;157;;jah
2003-05-01;4,01;179;;jah
2003-05-02;4,04;180;;jah
2003-05-03;4,23;183;;jah
2003-05-04;4,69;190;;jah
2003-05-05;6,65;217;;jah
2003-05-06;6,18;211;;jah
2003-05-07;5,78;205;;jah
2003-05-08;5,03;194;;jah
2003-05-09;3,67;173;;jah
2003-05-10;3,47;170;;jah
2003-05-11;2,66;157;;jah
2003-05-12;2,25;150;;jah
2003-05-13;2,56;156;;jah
2003-05-14;2,18;149;;jah
2003-05-15;2,09;147;;jah
2003-05-16;2,33;151;;jah
2003-05-17;3,21;167;;jah
2003-05-18;4,31;184;;jah
2003-05-19;4,48;187;;jah
2003-05-20;4,44;186;;jah
2003-05-21;4,05;180;;jah
2003-05-22;2,96;163;;jah
2003-05-23;2,98;163;;jah
2003-05-24;2,58;156;;jah
2003-05-25;2,18;149;;jah
2003-05-26;1,96;145;;jah
2003-05-27;2,6;156;;jah
2003-05-28;2,19;149;;jah
2003-05-29;2,24;149;;jah
2003-05-30;2,3;151;;jah
2003-05-31;2,27;151;;jah
2003-06-01;2,12;146;;jah
2003-06-02;1,99;146;;jah
2003-06-03;1,96;145;;jah
2003-06-04;1,96;145;;jah
2003-06-05;1,91;144;;jah
2003-06-06;1,82;142;;jah
2003-06-07;1,51;136;;jah
2003-06-08;1,23;130;;jah
2003-06-09;0,78;119;;jah
2003-06-10;0,51;114;;jah
2003-06-11;1,34;131;;jah
2003-06-12;1,07;126;;jah
2003-06-13;1,45;134;;jah
2003-06-14;1,76;141;;jah
2003-06-15;1,5;136;;jah
2003-06-16;1,28;133;;jah
2003-06-17;1,81;142;;jah
2003-06-18;1,52;137;;jah
2003-06-19;1,19;130;;jah
2003-06-20;1,42;135;;jah
2003-06-21;2,39;153;;jah
2003-06-22;2,29;151;;jah
2003-06-23;2,34;152;;jah
2003-06-24;3,21;166;;jah
2003-06-25;2,7;158;;jah
2003-06-26;2,21;149;;jah
2003-06-27;1,65;139;;jah
2003-06-28;1,74;141;;jah
2003-06-29;1,09;128;;jah
2003-06-30;0,63;120;;jah
2003-07-01;1,02;127;;jah
2003-07-02;1,17;130;;jah
2003-07-03;1,13;129;;jah
2003-07-04;1,04;128;;jah
2003-07-05;1,1;129;;jah
2003-07-06;1,33;134;;jah
2003-07-07;1,96;147;;jah
2003-07-08;1,51;139;;jah
2003-07-09;1,34;136;;jah
2003-07-10;1,42;137;;jah
2003-07-11;1,2;133;;jah
2003-07-12;1,09;131;;jah
2003-07-13;0,89;127;;jah
2003-07-14;1,04;131;;jah
2003-07-15;0,67;124;;jah
2003-07-16;0,86;128;;jah
2003-07-17;1,6;146;;jah
2003-07-18;1,32;140;;jah
2003-07-19;1;132;;jah
2003-07-20;0,49;120;;jah
2003-07-21;0,8;128;;jah
2003-07-22;0,53;122;;jah
2003-07-23;0,66;126;;jah
2003-07-24;0,71;127;;jah
2003-07-25;0,79;130;;jah
2003-07-26;0,82;132;;jah
2003-07-27;1,52;152;;jah
2003-07-28;0,9;135;;jah
2003-07-29;0,85;134;;jah
2003-07-30;0,49;124;;jah
2003-07-31;0,71;131;;jah
2003-08-01;0,49;125;;jah
2003-08-02;0,7;133;;jah
2003-08-03;0,47;125;;jah
2003-08-04;0,72;133;;jah
2003-08-05;0,53;127;;jah
2003-08-06;1,13;146;;jah
2003-08-07;0,89;139;;jah
2003-08-08;0,83;137;;jah
2003-08-09;0,85;138;;jah
2003-08-10;0,86;138;;jah
2003-08-11;0,83;137;;jah
2003-08-12;0,63;130;;jah
2003-08-13;0,64;130;;jah
2003-08-14;0,89;138;;jah
2003-08-15;0,67;131;;jah
2003-08-16;0,74;133;;jah
2003-08-17;0,74;132;;jah
2003-08-18;0,85;135;;jah
2003-08-19;0,93;137;;jah
2003-08-20;0,78;132;;jah
2003-08-21;1,02;139;;jah
2003-08-22;1,05;139;;jah
2003-08-23;1,15;141;;jah
2003-08-24;1,4;147;;jah
2003-08-25;1,38;146;;jah
2003-08-26;1,9;158;;jah
2003-08-27;1,65;151;;jah
2003-08-28;2,12;161;;jah
2003-08-29;2,15;161;;jah
2003-08-30;2,77;172;;jah
2003-08-31;4,64;206;;jah
2003-09-01;5,01;209;;jah
2003-09-02;4,74;204;;jah
2003-09-03;4,11;195;;jah
2003-09-04;3,07;178;;jah
2003-09-05;2,79;174;;jah
2003-09-06;2,32;165;;jah
2003-09-07;2,03;158;;jah
2003-09-08;1,66;150;;jah
2003-09-09;1,32;142;;jah
2003-09-10;1,34;142;;jah
2003-09-11;1,62;149;;jah
2003-09-12;1,42;144;;jah
2003-09-13;1,51;147;;jah
2003-09-14;1,29;141;;jah
2003-09-15;1,13;137;;jah
2003-09-16;1,49;146;;jah
2003-09-17;1,08;136;;jah
2003-09-18;1,76;154;;jah
2003-09-19;1,01;136;;jah
2003-09-20;0,74;129;;jah
2003-09-21;1,6;151;;jah
2003-09-22;0,84;131;;jah
2003-09-23;0,68;127;;jah
2003-09-24;0,92;133;;jah
2003-09-25;0,97;135;;jah
2003-09-26;1,06;137;;jah
2003-09-27;1,12;139;;jah
2003-09-28;1,07;138;;jah
2003-09-29;0,85;132;;jah
2003-09-30;0,61;125;;jah
2003-10-01;1,14;141;;jah
2003-10-02;0,98;135;;jah
2003-10-03;1,09;138;;jah
2003-10-04;1;135;;jah
2003-10-05;0,97;134;;jah
2003-10-06;0,94;133;;jah
2003-10-07;1,15;138;;jah
2003-10-08;1,38;144;;jah
2003-10-09;1,05;136;;jah
2003-10-10;1,5;146;;jah
2003-10-11;1,46;146;;jah
2003-10-12;1,47;146;;jah
2003-10-13;1,48;147;;jah
2003-10-14;1,64;151;;jah
2003-10-15;1,59;151;;jah
2003-10-16;1,54;150;;jah
2003-10-17;1,89;159;;jah
2003-10-18;1,69;153;;jah
2003-10-19;1,45;148;;jah
2003-10-20;0,69;127;;jah
2003-10-21;1,14;139;;jah
2003-10-22;1;136;;jah
2003-10-23;1,62;152;;jah
2003-10-24;1,23;142;;jah
2003-10-25;1,08;138;;jah
2003-10-26;0,93;134;;jah
2003-10-27;0,76;129;;jah
2003-10-28;1,15;136;;jah
2003-10-29;1,6;147;;jah
2003-10-30;1,87;151;;jah
2003-10-31;2,26;157;;jah
2003-11-01;1,82;145;;jah
2003-11-02;2,34;155;;jah
2003-11-03;2,84;165;;jah
2003-11-04;3,62;179;;jah
2003-11-05;3,48;176;;jah
2003-11-06;3,38;174;;jah
2003-11-07;3,34;173;;jah
2003-11-08;2,74;163;;jah
2003-11-09;2,68;162;;jah
2003-11-10;2,34;155;;jah
2003-11-11;2,14;151;;jah
2003-11-12;2,09;150;;jah
2003-11-13;1,83;145;;jah
2003-11-14;1,63;141;;jah
2003-11-15;1,75;144;;jah
2003-11-16;1,74;143;;jah
2003-11-17;1,29;134;;jah
2003-11-18;1,71;142;;jah
2003-11-19;1,79;145;;jah
2003-11-20;2,04;149;;jah
2003-11-21;2,24;153;;jah
2003-11-22;2,34;155;;jah
2003-11-23;3,88;183;;jah
2003-11-24;4,26;189;;jah
2003-11-25;4,88;199;;jah
2003-11-26;4,91;198;;jah
2003-11-27;6,24;216;;jah
2003-11-28;5,67;209;;jah
2003-11-29;4,8;198;;jah
2003-11-30;4,53;194;;jah
2003-12-01;4,37;191;;jah
2003-12-02;3,62;178;;jah
2003-12-03;3,52;176;;jah
2003-12-04;3,52;177;;jah
2003-12-05;3,95;183;;jah
2003-12-06;4,1;187;;jah
2003-12-07;4,17;187;;jah
2003-12-08;3,89;183;;jah
2003-12-09;3,13;169;;jah
2003-12-10;3,11;169;;jah
2003-12-11;2,81;164;;jah
2003-12-12;2,67;162;;jah
2003-12-13;2,41;157;;jah
2003-12-14;2,61;161;;jah
2003-12-15;2,41;156;;jah
2003-12-16;2,68;162;;jah
2003-12-17;2,68;162;;jah
2003-12-18;2,87;165;;jah
2003-12-19;2,91;166;;jah
2003-12-20;3,55;178;;jah
2003-12-21;4,11;187;;jah
2003-12-22;4,53;194;;jah
2003-12-23;4,63;197;;jah
2003-12-24;4,55;205;;jah
2003-12-25;4,47;193;;jah
2003-12-26;4,23;188;;jah
2003-12-27;4,49;193;;jah
2003-12-28;5,16;203;;jah
2003-12-29;5,62;209;;jah
2003-12-30;5,32;205;;jah
2003-12-31;4,93;200;;jah
2004-01-01;4,28;193;;jah
2004-01-02;2,6;183;;jah
2004-01-03;2,09;187;;jah
2004-01-04;2,3;192;;jah
2004-01-05;2,23;185;;jah
2004-01-06;1,91;170;;jah
2004-01-07;1,85;165;;jah
2004-01-08;1,78;160;;jah
2004-01-09;1,79;157;;jah
2004-01-10;1,79;154;;jah
2004-01-11;1,72;149;;jah
2004-01-12;1,73;149;;jah
2004-01-13;1,76;148;;jah
2004-01-14;1,78;148;;jah
2004-01-15;1,81;149;;jah
2004-01-16;1,65;146;;jah
2004-01-17;1,65;145;;jah
2004-01-18;1,66;144;;jah
2004-01-19;1,69;146;;jah
2004-01-20;1,63;144;;jah
2004-01-21;1,51;142;;jah
2004-01-22;1,69;146;;jah
2004-01-23;1,48;142;;jah
2004-01-24;1,43;142;;jah
2004-01-25;1,43;142;;jah
2004-01-26;1,58;145;;jah
2004-01-27;1,42;142;;jah
2004-01-28;1,43;142;;jah
2004-01-29;1,46;143;;jah
2004-01-30;1,38;142;;jah
2004-01-31;1,43;143;;jah
2004-02-01;1,15;136;;jah
2004-02-02;1,6;146;;jah
2004-02-03;1,56;146;;jah
2004-02-04;1,61;146;;jah
2004-02-05;2,14;158;;jah
2004-02-06;2,38;164;;jah
2004-02-07;2,5;166;;jah
2004-02-08;2,57;167;;jah
2004-02-09;2,2;159;;jah
2004-02-10;1,7;148;;jah
2004-02-11;2,29;149;;jah
2004-02-12;2,33;164;;jah
2004-02-13;2,26;161;;jah
2004-02-14;2,18;150;;jah
2004-02-15;1,66;147;;jah
2004-02-16;1,55;145;;jah
2004-02-17;1,45;142;;jah
2004-02-18;1,47;143;;jah
2004-02-19;1,52;144;;jah
2004-02-20;1,66;147;;jah
2004-02-21;1,6;145;;jah
2004-02-22;1,45;142;;jah
2004-02-23;1,49;143;;jah
2004-02-24;1,4;141;;jah
2004-02-25;1,29;138;;jah
2004-02-26;1,58;144;;jah
2004-02-27;1,49;143;;jah
2004-02-28;1,55;144;;jah
2004-02-29;1,36;140;;jah
2004-03-01;1,55;144;;jah
2004-03-02;1,36;140;;jah
2004-03-03;1,33;139;;jah
2004-03-04;1,26;137;;jah
2004-03-05;1,12;134;;jah
2004-03-06;1,25;137;;jah
2004-03-07;1,22;137;;jah
2004-03-08;1,43;141;;jah
2004-03-09;1,35;139;;jah
2004-03-10;1,19;136;;jah
2004-03-11;1,3;138;;jah
2004-03-12;1,35;139;;jah
2004-03-13;1,37;138;;jah
2004-03-14;1,27;135;;jah
2004-03-15;1,42;139;;jah
2004-03-16;2,47;158;;jah
2004-03-17;4,88;201;;jah
2004-03-18;6,03;218;;jah
2004-03-19;6,52;226;;jah
2004-03-20;7,43;238;;jah
2004-03-21;9,24;261;;jah
2004-03-22;11,3;275;;jah
2004-03-23;10,9;270;;jah
2004-03-24;10,1;261;;jah
2004-03-25;10;260;;jah
2004-03-26;10,9;270;;jah
2004-03-27;10,2;261;;jah
2004-03-28;9,58;255;;jah
2004-03-29;8,31;239;;jah
2004-03-30;7,33;226;;jah
2004-03-31;6,3;220;;jah
2004-04-01;6,42;216;;jah
2004-04-02;5,76;206;;jah
2004-04-03;5,31;200;;jah
2004-04-04;4,69;190;;jah
2004-04-05;4,46;187;;jah
2004-04-06;3,68;174;;jah
2004-04-07;3,81;176;;jah
2004-04-08;3,78;175;;jah
2004-04-09;3,92;178;;jah
2004-04-10;4,05;180;;jah
2004-04-11;3,7;174;;jah
2004-04-12;3,71;175;;jah
2004-04-13;3,61;173;;jah
2004-04-14;3,51;171;;jah
2004-04-15;3,33;168;;jah
2004-04-16;3,29;168;;jah
2004-04-17;3,23;167;;jah
2004-04-18;3,3;168;;jah
2004-04-19;2,92;161;;jah
2004-04-20;3,07;164;;jah
2004-04-21;2,56;156;;jah
2004-04-22;3,13;165;;jah
2004-04-23;2,65;157;;jah
2004-04-24;2,64;157;;jah
2004-04-25;2,62;157;;jah
2004-04-26;1,78;140;;jah
2004-04-27;2,21;149;;jah
2004-04-28;2,21;149;;jah
2004-04-29;2,21;149;;jah
2004-04-30;1,89;143;;jah
2004-05-01;1,7;138;;jah
2004-05-02;1,71;139;;jah
2004-05-03;1,81;141;;jah
2004-05-04;1,56;136;;jah
2004-05-05;1,68;138;;jah
2004-05-06;1,37;132;;jah
2004-05-07;2,1;147;;jah
2004-05-08;1,29;130;;jah
2004-05-09;1,7;139;;jah
2004-05-10;1,57;136;;jah
2004-05-11;1,28;130;;jah
2004-05-12;1,44;133;;jah
2004-05-13;1,48;135;;jah
2004-05-14;1,43;133;;jah
2004-05-15;1,06;126;;jah
2004-05-16;1,38;132;;jah
2004-05-17;1,46;134;;jah
2004-05-18;1,06;126;;jah
2004-05-19;1,43;133;;jah
2004-05-20;1,45;133;;jah
2004-05-21;1,12;127;;jah
2004-05-22;1,57;136;;jah
2004-05-23;1,43;133;;jah
2004-05-24;1,39;133;;jah
2004-05-25;2,07;146;;jah
2004-05-26;1;124;;jah
2004-05-27;1,8;141;;jah
2004-05-28;1,52;135;;jah
2004-05-29;2,14;147;;jah
2004-05-30;0,77;120;;jah
2004-05-31;1,25;130;;jah
2004-06-01;1,47;134;;jah
2004-06-02;1,61;137;;jah
2004-06-03;1,5;134;;jah
2004-06-04;1,13;127;;jah
2004-06-05;1,74;140;;jah
2004-06-06;0,98;124;;jah
2004-06-07;1,32;131;;jah
2004-06-08;1,61;137;;jah
2004-06-09;1,85;142;;jah
2004-06-10;2,44;153;;jah
2004-06-11;3,76;176;;jah
2004-06-12;2,41;153;;jah
2004-06-13;2,27;150;;jah
2004-06-14;1,97;143;;jah
2004-06-15;2,52;154;;jah
2004-06-16;2,44;153;;jah
2004-06-17;2,12;147;;jah
2004-06-18;2,26;150;;jah
2004-06-19;1,75;140;;jah
2004-06-20;1,78;140;;jah
2004-06-21;2;145;;jah
2004-06-22;3,58;172;;jah
2004-06-23;4,56;188;;jah
2004-06-24;4,94;194;;jah
2004-06-25;5,24;199;;jah
2004-06-26;4,29;184;;jah
2004-06-27;4,53;187;;jah
2004-06-28;4,99;195;;jah
2004-06-29;4,77;192;;jah
2004-06-30;4,16;181;;jah
2004-07-01;4,01;180;;jah
2004-07-02;3,23;167;;jah
2004-07-03;2,4;152;;jah
2004-07-04;2,7;158;;jah
2004-07-05;2,75;159;;jah
2004-07-06;1,65;137;;jah
2004-07-07;2,07;146;;jah
2004-07-08;2,19;148;;jah
2004-07-09;2,08;146;;jah
2004-07-10;2,25;149;;jah
2004-07-11;3,01;163;;jah
2004-07-12;2,23;149;;jah
2004-07-13;2,08;146;;jah
2004-07-14;2,05;145;;jah
2004-07-15;1,86;141;;jah
2004-07-16;1,57;136;;jah
2004-07-17;1,33;131;;jah
2004-07-18;1,8;140;;jah
2004-07-19;1,45;133;;jah
2004-07-20;1,52;135;;jah
2004-07-21;1,06;126;;jah
2004-07-22;1,08;126;;jah
2004-07-23;1,28;130;;jah
2004-07-24;1,34;132;;jah
2004-07-25;1,24;130;;jah
2004-07-26;1,13;130;;jah
2004-07-27;1,06;129;;jah
2004-07-28;1,27;133;;jah
2004-07-29;1,27;134;;jah
2004-07-30;1,23;133;;jah
2004-07-31;1,42;137;;jah
2004-08-01;1,64;142;;jah
2004-08-02;1,68;142;;jah
2004-08-03;1,22;134;;jah
2004-08-04;1,52;141;;jah
2004-08-05;1,13;133;;jah
2004-08-06;1,09;132;;jah
2004-08-07;0,94;129;;jah
2004-08-08;0,99;131;;jah
2004-08-09;1,2;136;;jah
2004-08-10;1;132;;jah
2004-08-11;0,85;129;;jah
2004-08-12;0,89;130;;jah
2004-08-13;1,29;139;;jah
2004-08-14;0,76;127;;jah
2004-08-15;1,04;134;;jah
2004-08-16;1,04;135;;jah
2004-08-17;0,78;128;;jah
2004-08-18;0,7;127;;jah
2004-08-19;1,06;136;;jah
2004-08-20;1,21;140;;jah
2004-08-21;1,07;137;;jah
2004-08-22;1,08;137;;jah
2004-08-23;1,01;136;;jah
2004-08-24;0,96;135;;jah
2004-08-25;0,96;135;;jah
2004-08-26;1,05;137;;jah
2004-08-27;0,97;135;;jah
2004-08-28;1,06;138;;jah
2004-08-29;1,41;148;;jah
2004-08-30;1,05;138;;jah
2004-08-31;1,17;142;;jah
2004-09-01;1,31;146;;jah
2004-09-02;1,1;140;;jah
2004-09-03;1,43;149;;jah
2004-09-04;1,27;145;;jah
2004-09-05;1,44;150;;jah
2004-09-06;1,11;140;;jah
2004-09-07;1,24;144;;jah
2004-09-08;1,22;143;;jah
2004-09-09;1,37;148;;jah
2004-09-10;1,12;140;;jah
2004-09-11;1,12;140;;jah
2004-09-12;1,4;148;;jah
2004-09-13;1,17;141;;jah
2004-09-14;1,06;138;;jah
2004-09-15;1,49;149;;jah
2004-09-16;1,06;137;;jah
2004-09-17;0,92;133;;jah
2004-09-18;1,09;137;;jah
2004-09-19;1,36;143;;jah
2004-09-20;1;134;;jah
2004-09-21;1,55;146;;jah
2004-09-22;1,79;151;;jah
2004-09-23;1,85;151;;jah
2004-09-24;2,54;163;;jah
2004-09-25;3,89;186;;jah
2004-09-26;4,4;194;;jah
2004-09-27;3,82;185;;jah
2004-09-28;3,83;187;;jah
2004-09-29;3,9;188;;jah
2004-09-30;3,67;185;;jah
2004-10-01;3,34;179;;jah
2004-10-02;2,99;173;;jah
2004-10-03;2,52;164;;jah
2004-10-04;2,44;163;;jah
2004-10-05;2,12;157;;jah
2004-10-06;2,05;156;;jah
2004-10-07;2,15;158;;jah
2004-10-08;2,08;156;;jah
2004-10-09;2,48;164;;jah
2004-10-10;2,38;162;;jah
2004-10-11;3,01;173;;jah
2004-10-12;2,69;167;;jah
2004-10-13;2,69;167;;jah
2004-10-14;2,55;164;;jah
2004-10-15;2,18;156;;jah
2004-10-16;2,63;165;;jah
2004-10-17;2,19;156;;jah
2004-10-18;2,19;156;;jah
2004-10-19;2,27;157;;jah
2004-10-20;2,47;161;;jah
2004-10-21;2,71;165;;jah
2004-10-22;2,62;163;;jah
2004-10-23;2,77;165;;jah
2004-10-24;3,68;181;;jah
2004-10-25;4,59;196;;jah
2004-10-26;4,89;200;;jah
2004-10-27;5,39;208;;jah
2004-10-28;4,99;200;;jah
2004-10-29;4,55;192;;jah
2004-10-30;4,65;193;;jah
2004-10-31;4,41;190;;jah
2004-11-01;4,84;197;;jah
2004-11-02;5,35;205;;jah
2004-11-03;5,41;205;;jah
2004-11-04;4,83;196;;jah
2004-11-05;4,72;194;;jah
2004-11-06;3,81;179;;jah
2004-11-07;3,68;178;;jah
2004-11-08;3,59;176;;jah
2004-11-09;3,53;176;;jah
2004-11-10;3,26;171;;jah
2004-11-11;3,27;172;;jah
2004-11-12;3,12;172;;jah
2004-11-13;3,1;173;;jah
2004-11-14;2,67;164;;jah
2004-11-15;3,28;173;;jah
2004-11-16;3,71;179;;jah
2004-11-17;4,86;197;;jah
2004-11-18;4,9;196;;jah
2004-11-19;5,22;199;;jah
2004-11-20;5,11;198;;jah
2004-11-21;3,96;180;;jah
2004-11-22;3,02;165;;jah
2004-11-23;3,7;182;;jah
2004-11-24;2,97;165;;jah
2004-11-25;2,78;162;;jah
2004-11-26;3,03;168;;jah
2004-11-27;2,73;162;;jah
2004-11-28;2,66;162;;jah
2004-11-29;2,08;152;;jah
2004-11-30;2;151;;jah
2004-12-01;2,32;158;;jah
2004-12-02;2,87;170;;jah
2004-12-03;3,3;179;;jah
2004-12-04;3,21;178;;jah
2004-12-05;3,25;181;;jah
2004-12-06;4,89;214;;jah
2004-12-07;7,14;255;;jah
2004-12-08;7,25;261;;jah
2004-12-09;7,75;267;;jah
2004-12-10;8,09;263;;jah
2004-12-11;7,67;248;;jah
2004-12-12;6,72;229;;jah
2004-12-13;5,68;215;;jah
2004-12-14;4,81;199;;jah
2004-12-15;4,31;191;;jah
2004-12-16;4,22;190;;jah
2004-12-17;3,56;177;;jah
2004-12-18;4,24;189;;jah
2004-12-19;3,57;175;;jah
2004-12-20;2,83;164;;jah
2004-12-21;2,82;163;;jah
2004-12-22;3,07;167;;jah
2004-12-23;2,86;164;;jah
2004-12-24;2,9;164;;jah
2004-12-25;3,46;172;;jah
2004-12-26;3,28;171;;jah
2004-12-27;2,75;160;;jah
2004-12-28;2,78;161;;jah
2004-12-29;3,22;168;;jah
2004-12-30;2,84;161;;jah
2004-12-31;4,17;186;;jah
2005-01-01;3,35;168;;jah
2005-01-02;4,47;189;;jah
2005-01-03;4,32;188;;jah
2005-01-04;4,71;192;;jah
2005-01-05;4,71;192;;jah
2005-01-06;5,18;197;;jah
2005-01-07;5,99;205;;jah
2005-01-08;12,9;273;;jah
2005-01-09;20,6;351;;jah
2005-01-10;25,4;398;;jah
2005-01-11;23,7;386;;jah
2005-01-12;19,9;358;;jah
2005-01-13;15,2;323;;jah
2005-01-14;12,4;297;;jah
2005-01-15;10,6;277;;jah
2005-01-16;8,89;258;;jah
2005-01-17;8,2;249;;jah
2005-01-18;7,29;237;;jah
2005-01-19;6,4;224;;jah
2005-01-20;5,88;217;;jah
2005-01-21;5,46;210;;jah
2005-01-22;5,18;206;;jah
2005-01-23;3,79;183;;jah
2005-01-24;4,3;193;;jah
2005-01-25;3,78;184;;jah
2005-01-26;3,46;185;;jah
2005-01-27;2,49;173;;jah
2005-01-28;2,19;179;;jah
2005-01-29;2,06;183;;jah
2005-01-30;2,04;185;;jah
2005-01-31;2,36;192;;jah
2005-02-01;2,36;186;;jah
2005-02-02;2,31;179;;jah
2005-02-03;2,4;176;;jah
2005-02-04;2,4;172;;jah
2005-02-05;2,33;167;;jah
2005-02-06;2,45;168;;jah
2005-02-07;2,24;164;;jah
2005-02-08;2,05;161;;jah
2005-02-09;2,23;166;;jah
2005-02-10;2,09;164;;jah
2005-02-11;2,14;166;;jah
2005-02-12;1,99;163;;jah
2005-02-13;2,18;168;;jah
2005-02-14;2,03;163;;jah
2005-02-15;2,13;166;;jah
2005-02-16;1,9;159;;jah
2005-02-17;2,01;161;;jah
2005-02-18;2,12;164;;jah
2005-02-19;2,09;161;;jah
2005-02-20;1,93;158;;jah
2005-02-21;1,96;159;;jah
2005-02-22;1,81;156;;jah
2005-02-23;1,88;158;;jah
2005-02-24;1,84;158;;jah
2005-02-25;1,84;158;;jah
2005-02-26;1,69;156;;jah
2005-02-27;1,71;157;;jah
2005-02-28;1,77;160;;jah
2005-03-01;1,62;157;;jah
2005-03-02;1,81;163;;jah
2005-03-03;1,79;163;;jah
2005-03-04;1,66;161;;jah
2005-03-05;1,6;160;;jah
2005-03-06;1,68;163;;jah
2005-03-07;1,73;165;;jah
2005-03-08;1,82;168;;jah
2005-03-09;1,62;162;;jah
2005-03-10;1,73;166;;jah
2005-03-11;1,75;166;;jah
2005-03-12;1,64;165;;jah
2005-03-13;1,74;167;;jah
2005-03-14;1,68;166;;jah
2005-03-15;1,7;167;;jah
2005-03-16;1,71;167;;jah
2005-03-17;1,68;166;;jah
2005-03-18;1,7;166;;jah
2005-03-19;1,75;168;;jah
2005-03-20;1,56;162;;jah
2005-03-21;1,69;165;;jah
2005-03-22;1,8;168;;jah
2005-03-23;1,62;162;;jah
2005-03-24;1,72;164;;jah
2005-03-25;1,76;164;;jah
2005-03-26;1,93;167;;jah
2005-03-27;1,84;163;;jah
2005-03-28;2,02;167;;jah
2005-03-29;1,77;158;;jah
2005-03-30;1,73;156;;jah
2005-03-31;1,79;156;;jah
2005-04-01;1,47;146;;jah
2005-04-02;1,85;153;;jah
2005-04-03;2,17;158;;jah
2005-04-04;3,05;173;;jah
2005-04-05;3,74;183;;jah
2005-04-06;4,6;195;;jah
2005-04-07;5,05;203;;jah
2005-04-08;6,05;218;;jah
2005-04-09;7,26;235;;jah
2005-04-10;8,41;250;;jah
2005-04-11;9,07;258;;jah
2005-04-12;8,61;252;;jah
2005-04-13;7,9;242;;jah
2005-04-14;6,9;228;;jah
2005-04-15;5,68;209;;jah
2005-04-16;5,15;201;;jah
2005-04-17;4,91;197;;jah
2005-04-18;4,65;192;;jah
2005-04-19;3,57;174;;jah
2005-04-20;3,62;174;;jah
2005-04-21;3,17;167;;jah
2005-04-22;3,18;167;;jah
2005-04-23;2,93;162;;jah
2005-04-24;3,22;167;;jah
2005-04-25;2,87;162;;jah
2005-04-26;2,86;162;;jah
2005-04-27;2,71;159;;jah
2005-04-28;2,38;153;;jah
2005-04-29;2,36;153;;jah
2005-04-30;2,33;152;;jah
2005-05-01;2,02;152;;jah
2005-05-02;2,03;146;;jah
2005-05-03;2,35;152;;jah
2005-05-04;2,42;154;;jah
2005-05-05;2,41;153;;jah
2005-05-06;2,38;153;;jah
2005-05-07;2,36;153;;jah
2005-05-08;2,58;157;;jah
2005-05-09;1,92;144;;jah
2005-05-10;2,23;150;;jah
2005-05-11;1,85;143;;jah
2005-05-12;1,86;143;;jah
2005-05-13;1,43;135;;jah
2005-05-14;4,01;183;;jah
2005-05-15;4,54;193;;jah
2005-05-16;4,61;195;;jah
2005-05-17;5,41;207;;jah
2005-05-18;7;230;;jah
2005-05-19;7,61;239;;jah
2005-05-20;7,14;232;;jah
2005-05-21;5,48;208;;jah
2005-05-22;4,72;196;;jah
2005-05-23;4,28;188;;jah
2005-05-24;3,59;176;;jah
2005-05-25;3,94;179;;jah
2005-05-26;3,88;178;;jah
2005-05-27;3,44;171;;jah
2005-05-28;3,01;164;;jah
2005-05-29;2,65;158;;jah
2005-05-30;2,29;152;;jah
2005-05-31;2,28;152;;jah
2005-06-01;1,78;138;;jah
2005-06-02;2,71;160;;jah
2005-06-03;2,6;158;;jah
2005-06-04;2,36;154;;jah
2005-06-05;2,4;155;;jah
2005-06-06;2,6;159;;jah
2005-06-07;2,17;151;;jah
2005-06-08;2,23;152;;jah
2005-06-09;1,89;146;;jah
2005-06-10;1,64;141;;jah
2005-06-11;1,62;141;;jah
2005-06-12;1,61;141;;jah
2005-06-13;2,32;155;;jah
2005-06-14;2,13;152;;jah
2005-06-15;2,03;150;;jah
2005-06-16;1,65;143;;jah
2005-06-17;1,48;139;;jah
2005-06-18;1,6;141;;jah
2005-06-19;1,15;133;;jah
2005-06-20;1,3;137;;jah
2005-06-21;1,23;135;;jah
2005-06-22;1,07;132;;jah
2005-06-23;1,04;132;;jah
2005-06-24;1,19;135;;jah
2005-06-25;1,12;134;;jah
2005-06-26;1,26;137;;jah
2005-06-27;1,06;133;;jah
2005-06-28;1,02;133;;jah
2005-06-29;1,13;136;;jah
2005-06-30;1,31;140;;jah
2005-07-01;1,05;135;;jah
2005-07-02;1,22;139;;jah
2005-07-03;1,14;138;;jah
2005-07-04;1,18;139;;jah
2005-07-05;1,13;139;;jah
2005-07-06;1,07;137;;jah
2005-07-07;1,01;137;;jah
2005-07-08;0,92;135;;jah
2005-07-09;0,81;133;;jah
2005-07-10;0,91;136;;jah
2005-07-11;0,87;136;;jah
2005-07-12;0,7;132;;jah
2005-07-13;0,9;138;;jah
2005-07-14;0,84;137;;jah
2005-07-15;0,74;134;;jah
2005-07-16;0,83;138;;jah
2005-07-17;0,63;132;;jah
2005-07-18;0,62;132;;jah
2005-07-19;0,68;135;;jah
2005-07-20;0,63;134;;jah
2005-07-21;0,76;139;;jah
2005-07-22;0,61;134;;jah
2005-07-23;0,65;137;;jah
2005-07-24;0,73;140;;jah
2005-07-25;0,81;144;;jah
2005-07-26;0,65;137;;jah
2005-07-27;0,82;145;;jah
2005-07-28;0,65;138;;jah
2005-07-29;0,78;143;;jah
2005-07-30;0,86;146;;jah
2005-07-31;0,74;141;;jah
2005-08-01;1,07;156;;jah
2005-08-02;0,75;141;;jah
2005-08-03;0,8;143;;jah
2005-08-04;0,73;140;;jah
2005-08-05;1;151;;jah
2005-08-06;0,95;148;;jah
2005-08-07;1,18;155;;jah
2005-08-08;1,75;172;;jah
2005-08-09;2,1;179;;jah
2005-08-10;2,51;185;;jah
2005-08-11;2,78;188;;jah
2005-08-12;3,28;195;;jah
2005-08-13;3,56;197;;jah
2005-08-14;3,55;198;;jah
2005-08-15;2,63;185;;jah
2005-08-16;2,14;181;;jah
2005-08-17;1,59;170;;jah
2005-08-18;1,08;158;;jah
2005-08-19;0,99;158;;jah
2005-08-20;0,99;158;;jah
2005-08-21;1;158;;jah
2005-08-22;0,77;147;;jah
2005-08-23;0,79;148;;jah
2005-08-24;0,89;152;;jah
2005-08-25;0,84;150;;jah
2005-08-26;0,81;148;;jah
2005-08-27;1,04;159;;jah
2005-08-28;0,88;151;;jah
2005-08-29;0,62;138;;jah
2005-08-30;0,94;153;;jah
2005-08-31;0,97;155;;jah
2005-09-01;0,66;138;;jah
2005-09-02;0,81;147;;jah
2005-09-03;0,82;147;;jah
2005-09-04;0,86;148;;jah
2005-09-05;0,8;146;;jah
2005-09-06;0,63;138;;jah
2005-09-07;0,78;144;;jah
2005-09-08;0,64;138;;jah
2005-09-09;0,98;153;;jah
2005-09-10;0,84;147;;jah
2005-09-11;0,64;137;;jah
2005-09-12;0,81;144;;jah
2005-09-13;0,7;139;;jah
2005-09-14;0,93;148;;jah
2005-09-15;0,87;145;;jah
2005-09-16;1,01;150;;jah
2005-09-17;0,97;148;;jah
2005-09-18;0,66;135;;jah
2005-09-19;1,05;150;;jah
2005-09-20;1,21;154;;jah
2005-09-21;1,25;156;;jah
2005-09-22;1,19;153;;jah
2005-09-23;0,8;138;;jah
2005-09-24;0,84;140;;jah
2005-09-25;0,83;133;;jah
2005-09-26;1,11;148;;jah
2005-09-27;0,83;139;;jah
2005-09-28;0,65;131;;jah
2005-09-29;0,67;132;;jah
2005-09-30;1,09;148;;jah
2005-10-01;1,12;146;;jah
2005-10-02;0,98;140;;jah
2005-10-03;1,07;140;;jah
2005-10-04;1,15;143;;jah
2005-10-05;1,06;139;;jah
2005-10-06;1,11;140;;jah
2005-10-07;1;136;;jah
2005-10-08;0,94;134;;jah
2005-10-09;0,95;135;;jah
2005-10-10;0,97;134;;jah
2005-10-11;0,99;135;;jah
2005-10-12;0,99;134;;jah
2005-10-13;0,81;129;;jah
2005-10-14;0,93;133;;jah
2005-10-15;1,08;136;;jah
2005-10-16;1,05;135;;jah
2005-10-17;1,08;135;;jah
2005-10-18;1,04;134;;jah
2005-10-19;0,99;133;;jah
2005-10-20;0,86;129;;jah
2005-10-21;1,05;133;;jah
2005-10-22;1,08;134;;jah
2005-10-23;1,15;135;;jah
2005-10-24;1,08;133;;jah
2005-10-25;1;131;;jah
2005-10-26;1,98;152;;jah
2005-10-27;2,88;169;;jah
2005-10-28;2,8;168;;jah
2005-10-29;3,03;172;;jah
2005-10-30;2,86;169;;jah
2005-10-31;2,98;172;;jah
2005-11-01;2,39;160;;jah
2005-11-02;1,86;149;;jah
2005-11-03;1,8;147;;jah
2005-11-04;1,45;140;;jah
2005-11-05;1,77;147;;jah
2005-11-06;1,73;146;;jah
2005-11-07;1,46;141;;jah
2005-11-08;1,45;140;;jah
2005-11-09;1,72;145;;jah
2005-11-10;1,27;136;;jah
2005-11-11;1,84;148;;jah
2005-11-12;1,36;138;;jah
2005-11-13;1,33;137;;jah
2005-11-14;1,69;144;;jah
2005-11-15;1,74;145;;jah
2005-11-16;2,2;155;;jah
2005-11-17;2,2;155;;jah
2005-11-18;2,35;158;;jah
2005-11-19;2,53;161;;jah
2005-11-20;2,31;156;;jah
2005-11-21;2,1;152;;jah
2005-11-22;1,82;146;;jah
2005-11-23;1,75;144;;jah
2005-11-24;1,76;145;;jah
2005-11-25;1,77;145;;jah
2005-11-26;1,4;138;;jah
2005-11-27;1,73;144;;jah
2005-11-28;1,79;145;;jah
2005-11-29;1,95;148;;jah
2005-11-30;2,22;154;;jah
2005-12-01;2,2;153;;jah
2005-12-02;1,94;153;;jah
2005-12-03;1,4;145;;jah
2005-12-04;1,2;138;;jah
2005-12-05;1,55;146;;jah
2005-12-06;1,67;147;;jah
2005-12-07;1,5;143;;jah
2005-12-08;1,42;139;;jah
2005-12-09;1,13;132;;jah
2005-12-10;1,26;136;;jah
2005-12-11;1,61;142;;jah
2005-12-12;1,8;145;;jah
2005-12-13;1,94;148;;jah
2005-12-14;1,98;149;;jah
2005-12-15;2,28;155;;jah
2005-12-16;2,7;163;;jah
2005-12-17;2,65;162;;jah
2005-12-18;2,61;162;;jah
2005-12-19;2,17;153;;jah
2005-12-20;2,24;154;;jah
2005-12-21;2,08;152;;jah
2005-12-22;1,83;148;;jah
2005-12-23;2,12;155;;jah
2005-12-24;2,14;156;;jah
2005-12-25;1,83;150;;jah
2005-12-26;1,54;144;;jah
2005-12-27;1,32;141;;jah
2005-12-28;1,45;144;;jah
2005-12-29;1,46;144;;jah
2005-12-30;1,42;143;;jah
2005-12-31;1,6;146;;jah
2006-01-01;1,9;151;;jah
2006-01-02;1,71;146;;jah
2006-01-03;1,7;146;;jah
2006-01-04;1,7;146;;jah
2006-01-05;1,55;142;;jah
2006-01-06;1,58;143;;jah
2006-01-07;1,57;142;;jah
2006-01-08;1,48;139;;jah
2006-01-09;1,54;140;;jah
2006-01-10;1,52;139;;jah
2006-01-11;1,16;130;;jah
2006-01-12;1,46;137;;jah
2006-01-13;1,76;142;;jah
2006-01-14;1,37;138;;jah
2006-01-15;1,79;142;;jah
2006-01-16;1,76;141;;jah
2006-01-17;1,41;138;;jah
2006-01-18;1,07;140;;jah
2006-01-19;1,07;150;;jah
2006-01-20;1,03;150;;jah
2006-01-21;0,99;150;;jah
2006-01-22;1;152;;jah
2006-01-23;1,02;154;;jah
2006-01-24;0,91;149;;jah
2006-01-25;1,04;156;;jah
2006-01-26;1,1;157;;jah
2006-01-27;1,13;157;;jah
2006-01-28;1,04;151;;jah
2006-01-29;1,54;150;;jah
2006-01-30;1,21;157;;jah
2006-01-31;1,18;154;;jah
2006-02-01;1,04;148;;jah
2006-02-02;1,17;154;;jah
2006-02-03;0,91;150;;jah
2006-02-04;1,17;155;;jah
2006-02-05;1,22;158;;jah
2006-02-06;1,14;156;;jah
2006-02-07;1,15;160;;jah
2006-02-08;1,09;160;;jah
2006-02-09;1,05;162;;jah
2006-02-10;1;163;;jah
2006-02-11;0,94;163;;jah
2006-02-12;1,01;160;;jah
2006-02-13;0,93;165;;jah
2006-02-14;0,92;164;;jah
2006-02-15;0,89;162;;jah
2006-02-16;0,88;162;;jah
2006-02-17;0,87;161;;jah
2006-02-18;0,91;164;;jah
2006-02-19;0,94;165;;jah
2006-02-20;1,02;170;;jah
2006-02-21;1;167;;jah
2006-02-22;0,97;164;;jah
2006-02-23;0,99;164;;jah
2006-02-24;1,01;163;;jah
2006-02-25;1,04;163;;jah
2006-02-26;1,06;163;;jah
2006-02-27;1;158;;jah
2006-02-28;1,05;160;;jah
2006-03-01;0,99;155;;jah
2006-03-02;1,12;161;;jah
2006-03-03;1,18;162;;jah
2006-03-04;1,2;162;;jah
2006-03-05;1,18;160;;jah
2006-03-06;1,19;160;;jah
2006-03-07;1,19;159;;jah
2006-03-08;1,25;161;;jah
2006-03-09;1,28;161;;jah
2006-03-10;1,23;158;;jah
2006-03-11;1,26;159;;jah
2006-03-12;1,24;157;;jah
2006-03-13;1,27;158;;jah
2006-03-14;1,32;159;;jah
2006-03-15;1,29;157;;jah
2006-03-16;1,33;158;;jah
2006-03-17;1,3;156;;jah
2006-03-18;1,24;153;;jah
2006-03-19;1,35;157;;jah
2006-03-20;1,35;156;;jah
2006-03-21;1,23;151;;jah
2006-03-22;1,21;150;;jah
2006-03-23;1,33;154;;jah
2006-03-24;1,36;154;;jah
2006-03-25;1,31;151;;jah
2006-03-26;1,36;152;;jah
2006-03-27;1,18;146;;jah
2006-03-28;1,31;149;;jah
2006-03-29;1,86;161;;jah
2006-03-30;2,8;180;;jah
2006-03-31;3,97;198;;jah
2006-04-01;4,03;198;;jah
2006-04-02;3,79;189;;jah
2006-04-03;3,71;185;;jah
2006-04-04;3,86;185;;jah
2006-04-05;4,24;189;;jah
2006-04-06;4,72;194;;jah
2006-04-07;4,71;191;;jah
2006-04-08;3,98;191;;jah
2006-04-09;5,06;195;;jah
2006-04-10;5,45;201;;jah
2006-04-11;5,74;205;;jah
2006-04-12;6,14;210;;jah
2006-04-13;6,09;209;;jah
2006-04-14;5,35;198;;jah
2006-04-15;4,84;191;;jah
2006-04-16;4,49;186;;jah
2006-04-17;4,32;184;;jah
2006-04-18;3,89;177;;jah
2006-04-19;3,42;169;;jah
2006-04-20;3,37;169;;jah
2006-04-21;3,36;169;;jah
2006-04-22;3,14;165;;jah
2006-04-23;3,01;163;;jah
2006-04-24;2,89;161;;jah
2006-04-25;2,92;162;;jah
2006-04-26;2,72;158;;jah
2006-04-27;2,5;154;;jah
2006-04-28;2,28;150;;jah
2006-04-29;2,26;150;;jah
2006-04-30;2,25;150;;jah
2006-05-01;1,96;144;;jah
2006-05-02;1,88;143;;jah
2006-05-03;1,87;143;;jah
2006-05-04;1,89;142;;jah
2006-05-05;1,82;141;;jah
2006-05-06;1,57;137;;jah
2006-05-07;1,69;140;;jah
2006-05-08;1,75;141;;jah
2006-05-09;1,51;136;;jah
2006-05-10;1,3;132;;jah
2006-05-11;1,55;138;;jah
2006-05-12;0,97;128;;jah
2006-05-13;1,05;130;;jah
2006-05-14;1,44;136;;jah
2006-05-15;1,15;129;;jah
2006-05-16;1,15;130;;jah
2006-05-17;1,06;128;;jah
2006-05-18;1,01;127;;jah
2006-05-19;1,14;130;;jah
2006-05-20;1,27;132;;jah
2006-05-21;1,71;141;;jah
2006-05-22;1,76;141;;jah
2006-05-23;1,76;137;;jah
2006-05-24;1,64;139;;jah
2006-05-25;1,69;140;;jah
2006-05-26;1,47;135;;jah
2006-05-27;1,54;137;;jah
2006-05-28;1,73;141;;jah
2006-05-29;1,43;134;;jah
2006-05-30;1,57;138;;jah
2006-05-31;1,71;136;;jah
2006-06-01;1,44;135;;jah
2006-06-02;1,52;137;;jah
2006-06-03;1,16;129;;jah
2006-06-04;1,35;134;;jah
2006-06-05;1,37;134;;jah
2006-06-06;1,05;130;;jah
2006-06-07;1,37;134;;jah
2006-06-08;1,11;128;;jah
2006-06-09;1,38;135;;jah
2006-06-10;1,09;128;;jah
2006-06-11;1,13;130;;jah
2006-06-12;1,26;133;;jah
2006-06-13;1,09;129;;jah
2006-06-14;0,97;127;;jah
2006-06-15;0,99;128;;jah
2006-06-16;0,99;128;;jah
2006-06-17;1,06;130;;jah
2006-06-18;0,97;128;;jah
2006-06-19;0,9;127;;jah
2006-06-20;0,74;123;;jah
2006-06-21;0,9;128;;jah
2006-06-22;0,77;124;;jah
2006-06-23;1,18;135;;jah
2006-06-24;1,01;130;;jah
2006-06-25;0,98;130;;jah
2006-06-26;0,96;130;;jah
2006-06-27;1,03;133;;jah
2006-06-28;0,86;128;;jah
2006-06-29;1,17;133;;jah
2006-06-30;1,15;133;;jah
2006-07-01;0,68;127;;jah
2006-07-02;0,89;134;;jah
2006-07-03;0,64;129;;jah
2006-07-04;0,79;134;;jah
2006-07-05;0,67;131;;jah
2006-07-06;0,66;131;;jah
2006-07-07;0,67;132;;jah
2006-07-08;0,6;130;;jah
2006-07-09;0,68;134;;jah
2006-07-10;0,66;134;;jah
2006-07-11;0,67;134;;jah
2006-07-12;0,66;135;;jah
2006-07-13;0,64;135;;jah
2006-07-14;0,66;136;;jah
2006-07-15;0,62;134;;jah
2006-07-16;0,63;135;;jah
2006-07-17;0,64;136;;jah
2006-07-18;0,63;136;;jah
2006-07-19;0,62;136;;jah
2006-07-20;0,61;136;;jah
2006-07-21;0,61;136;;jah
2006-07-22;0,61;137;;jah
2006-07-23;0,61;137;;jah
2006-07-24;0,65;140;;jah
2006-07-25;0,66;140;;jah
2006-07-26;0,68;141;;jah
2006-07-27;0,66;141;;jah
2006-07-28;0,64;140;;jah
2006-07-29;0,71;144;;jah
2006-07-30;0,75;146;;jah
2006-07-31;0,74;146;;jah
2006-08-01;0,7;144;;jah
2006-08-02;0,69;144;;jah
2006-08-03;0,7;146;;jah
2006-08-04;0,7;146;;jah
2006-08-05;0,68;146;;jah
2006-08-06;0,66;146;;jah
2006-08-07;0,64;146;;jah
2006-08-08;0,62;146;;jah
2006-08-09;0,6;146;;jah
2006-08-10;0,58;146;;jah
2006-08-11;0,55;145;;jah
2006-08-12;0,53;146;;jah
2006-08-13;0,51;145;;jah
2006-08-14;0,5;146;;jah
2006-08-15;0,51;146;;jah
2006-08-16;0,5;146;;jah
2006-08-17;0,51;147;;jah
2006-08-18;0,54;149;;jah
2006-08-19;0,52;148;;jah
2006-08-20;0,48;145;;jah
2006-08-21;0,44;142;;jah
2006-08-22;0,44;143;;jah
2006-08-23;0,48;145;;jah
2006-08-24;0,53;146;;jah
2006-08-25;0,59;148;;jah
2006-08-26;0,64;149;;jah
2006-08-27;0,66;148;;jah
2006-08-28;0,69;148;;jah
2006-08-29;0,68;145;;jah
2006-08-30;0,68;144;;jah
2006-08-31;0,71;144;;jah
2006-09-01;0,86;147;;jah
2006-09-02;0,91;151;;jah
2006-09-03;0,76;145;;jah
2006-09-04;0,75;144;;jah
2006-09-05;0,72;143;;jah
2006-09-06;0,71;142;;jah
2006-09-07;0,71;142;;jah
2006-09-08;0,71;142;;jah
2006-09-09;0,68;141;;jah
2006-09-10;0,65;139;;jah
2006-09-11;0,63;139;;jah
2006-09-12;0,63;138;;jah
2006-09-13;0,63;138;;jah
2006-09-14;0,65;139;;jah
2006-09-15;0,68;139;;jah
2006-09-16;0,69;139;;jah
2006-09-17;0,69;138;;jah
2006-09-18;0,68;137;;jah
2006-09-19;0,67;136;;jah
2006-09-20;0,68;136;;jah
2006-09-21;0,65;135;;jah
2006-09-22;0,67;135;;jah
2006-09-23;0,71;136;;jah
2006-09-24;0,7;135;;jah
2006-09-25;0,71;135;;jah
2006-09-26;0,75;136;;jah
2006-09-27;0,72;134;;jah
2006-09-28;0,72;134;;jah
2006-09-29;0,7;133;;jah
2006-09-30;0,7;132;;jah
2006-10-01;0,7;132;;jah
2006-10-02;0,67;130;;jah
2006-10-03;0,65;129;;jah
2006-10-04;0,66;129;;jah
2006-10-05;0,68;128;;jah
2006-10-06;1,03;137;;jah
2006-10-07;0,66;126;;jah
2006-10-08;0,68;126;;jah
2006-10-09;0,69;126;;jah
2006-10-10;0,99;132;;jah
2006-10-11;0,72;125;;jah
2006-10-12;0,7;124;;jah
2006-10-13;0,98;130;;jah
2006-10-14;0,78;124;;jah
2006-10-15;0,66;123;;jah
2006-10-16;0,63;122;;jah
2006-10-17;0,63;122;;jah
2006-10-18;1;130;;jah
2006-10-19;0,83;127;;jah
2006-10-20;0,6;121;;jah
2006-10-21;0,63;120;;jah
2006-10-22;1,65;144;;jah
2006-10-23;1,56;141;;jah
2006-10-24;1,27;136;;jah
2006-10-25;1,68;144;;jah
2006-10-26;1,91;150;;jah
2006-10-27;1,36;138;;jah
2006-10-28;1,61;143;;jah
2006-10-29;1,98;151;;jah
2006-10-30;1,78;146;;jah
2006-10-31;1,77;146;;jah
2006-11-01;2,12;154;;jah
2006-11-02;2,37;158;;jah
2006-11-03;2,59;163;;jah
2006-11-04;2,44;160;;jah
2006-11-05;1,73;146;;jah
2006-11-06;1,28;134;;jah
2006-11-07;1,84;148;;jah
2006-11-08;1,27;137;;jah
2006-11-09;1,46;139;;jah
2006-11-10;1,8;146;;jah
2006-11-11;1,75;146;;jah
2006-11-12;1,72;145;;jah
2006-11-13;1,76;146;;jah
2006-11-14;1,93;150;;jah
2006-11-15;2,23;155;;jah
2006-11-16;2,59;162;;jah
2006-11-17;2,57;162;;jah
2006-11-18;2,82;167;;jah
2006-11-19;3,21;173;;jah
2006-11-20;2,94;169;;jah
2006-11-21;2,99;170;;jah
2006-11-22;2,99;170;;jah
2006-11-23;2,93;169;;jah
2006-11-24;2,92;169;;jah
2006-11-25;2,86;168;;jah
2006-11-26;2,83;167;;jah
2006-11-27;2,83;167;;jah
2006-11-28;2,49;161;;jah
2006-11-29;2,38;158;;jah
2006-11-30;2,06;152;;jah
2006-12-01;1,67;144;;jah
2006-12-02;1,85;148;;jah
2006-12-03;1,83;148;;jah
2006-12-04;1,85;147;;jah
2006-12-05;1,87;148;;jah
2006-12-06;1,95;150;;jah
2006-12-07;2,24;156;;jah
2006-12-08;2,55;162;;jah
2006-12-09;2,67;164;;jah
2006-12-10;2,58;162;;jah
2006-12-11;2,43;160;;jah
2006-12-12;2,24;156;;jah
2006-12-13;2,26;156;;jah
2006-12-14;2,39;159;;jah
2006-12-15;3,29;174;;jah
2006-12-16;4,56;194;;jah
2006-12-17;4,85;199;;jah
2006-12-18;5,39;207;;jah
2006-12-19;5,56;209;;jah
2006-12-20;5,41;207;;jah
2006-12-21;4,89;199;;jah
2006-12-22;4,27;189;;jah
2006-12-23;4,03;186;;jah
2006-12-24;3,56;178;;jah
2006-12-25;3,66;180;;jah
2006-12-26;3,27;174;;jah
2006-12-27;3,04;170;;jah
2006-12-28;2,78;166;;jah
2006-12-29;2,73;165;;jah
2006-12-30;2,49;161;;jah
2006-12-31;2,24;156;;jah
2007-01-01;3,29;167;;jah
2007-01-02;4,3;186;;jah
2007-01-03;4,8;195;;jah
2007-01-04;5,44;207;;jah
2007-01-05;5,71;212;;jah
2007-01-06;5,73;213;;jah
2007-01-07;5,56;209;;jah
2007-01-08;5,35;205;;jah
2007-01-09;5,28;204;;jah
2007-01-10;5,31;204;;jah
2007-01-11;5,97;216;;jah
2007-01-12;8,13;250;;jah
2007-01-13;7,93;248;;jah
2007-01-14;8,37;254;;jah
2007-01-15;10,3;276;;jah
2007-01-16;11;282;;jah
2007-01-17;10,4;276;;jah
2007-01-18;11,2;278;;jah
2007-01-19;10,5;270;;jah
2007-01-20;9,21;254;;jah
2007-01-21;8,22;242;;jah
2007-01-22;7,4;241;;jah
2007-01-23;5;223;;jah
2007-01-24;4,45;227;;jah
2007-01-25;4,28;239;;jah
2007-01-26;3,97;224;;jah
2007-01-27;3,71;210;;jah
2007-01-28;3,19;192;;jah
2007-01-29;2,84;183;;jah
2007-01-30;2,76;179;;jah
2007-01-31;2,67;173;;jah
2007-02-01;3,05;174;;jah
2007-02-02;2,76;173;;jah
2007-02-03;2,61;170;;jah
2007-02-04;2,75;174;;jah
2007-02-05;2,48;169;;jah
2007-02-06;2,59;172;;jah
2007-02-07;2,23;164;;jah
2007-02-08;2,25;165;;jah
2007-02-09;2,11;162;;jah
2007-02-10;2,24;166;;jah
2007-02-11;2,05;162;;jah
2007-02-12;2,07;163;;jah
2007-02-13;2,23;169;;jah
2007-02-14;2,05;165;;jah
2007-02-15;2,06;166;;jah
2007-02-16;1,91;164;;jah
2007-02-17;1,96;165;;jah
2007-02-18;1,86;164;;jah
2007-02-19;1,94;167;;jah
2007-02-20;1,96;168;;jah
2007-02-21;1,88;165;;jah
2007-02-22;1,9;168;;jah
2007-02-23;1,95;171;;jah
2007-02-24;2;173;;jah
2007-02-25;2,06;175;;jah
2007-02-26;2,05;175;;jah
2007-02-27;1,99;174;;jah
2007-02-28;1,99;175;;jah
2007-03-01;2,08;177;;jah
2007-03-02;1,92;173;;jah
2007-03-03;1,85;171;;jah
2007-03-04;1,81;170;;jah
2007-03-05;1,87;171;;jah
2007-03-06;1,92;172;;jah
2007-03-07;1,85;168;;jah
2007-03-08;2,11;174;;jah
2007-03-09;2,65;185;;jah
2007-03-10;3,24;192;;jah
2007-03-11;3,76;197;;jah
2007-03-12;4,37;204;;jah
2007-03-13;4,71;204;;jah
2007-03-14;5,08;207;;jah
2007-03-15;5,41;211;;jah
2007-03-16;5,67;213;;jah
2007-03-17;5,7;212;;jah
2007-03-18;5,9;213;;jah
2007-03-19;6,9;226;;jah
2007-03-20;7,36;230;;jah
2007-03-21;7,33;228;;jah
2007-03-22;7,47;228;;jah
2007-03-23;6,68;218;;jah
2007-03-24;6,29;212;;jah
2007-03-25;5,64;203;;jah
2007-03-26;5,19;197;;jah
2007-03-27;4,8;192;;jah
2007-03-28;4,52;187;;jah
2007-03-29;3,61;172;;jah
2007-03-30;3,43;170;;jah
2007-03-31;3,01;161;;jah
2007-04-01;3,57;173;;jah
2007-04-02;3,13;165;;jah
2007-04-03;2,85;160;;jah
2007-04-04;2,85;160;;jah
2007-04-05;2,84;160;;jah
2007-04-06;2,78;159;;jah
2007-04-07;2,72;158;;jah
2007-04-08;2,37;151;;jah
2007-04-09;2,32;151;;jah
2007-04-10;1,91;144;;jah
2007-04-11;2,12;147;;jah
2007-04-12;2,15;148;;jah
2007-04-13;1,93;144;;jah
2007-04-14;1,89;144;;jah
2007-04-15;1,89;143;;jah
2007-04-16;1,91;143;;jah
2007-04-17;1,88;143;;jah
2007-04-18;1,7;139;;jah
2007-04-19;1,96;144;;jah
2007-04-20;2,13;148;;jah
2007-04-21;2,08;147;;jah
2007-04-22;2,56;155;;jah
2007-04-23;3;162;;jah
2007-04-24;3,18;165;;jah
2007-04-25;3,16;165;;jah
2007-04-26;3,01;163;;jah
2007-04-27;2,79;159;;jah
2007-04-28;2,73;158;;jah
2007-04-29;2,74;158;;jah
2007-04-30;2,56;155;;jah
2007-05-01;2,38;152;;jah
2007-05-02;2,05;146;;jah
2007-05-03;2,42;153;;jah
2007-05-04;2,09;147;;jah
2007-05-05;2,39;152;;jah
2007-05-06;2,06;146;;jah
2007-05-07;2;146;;jah
2007-05-08;2,34;151;;jah
2007-05-09;2,12;147;;jah
2007-05-10;2,03;146;;jah
2007-05-11;1,91;144;;jah
2007-05-12;1,81;141;;jah
2007-05-13;1,8;141;;jah
2007-05-14;1,58;137;;jah
2007-05-15;1,87;142;;jah
2007-05-16;1,94;144;;jah
2007-05-17;2,3;151;;jah
2007-05-18;2,29;150;;jah
2007-05-19;2,26;150;;jah
2007-05-20;1,83;142;;jah
2007-05-21;1,5;135;;jah
2007-05-22;1,65;139;;jah
2007-05-23;1,46;134;;jah
2007-05-24;1,13;128;;jah
2007-05-25;1,31;132;;jah
2007-05-26;1,5;136;;jah
2007-05-27;1,45;135;;jah
2007-05-28;1,93;144;;jah
2007-05-29;1,62;139;;jah
2007-05-30;1,59;138;;jah
2007-05-31;1,69;140;;jah
2007-06-01;1,57;139;;jah
2007-06-02;1,56;139;;jah
2007-06-03;1,44;137;;jah
2007-06-04;1,33;136;;jah
2007-06-05;0,68;123;;jah
2007-06-06;1,01;129;;jah
2007-06-07;1,22;135;;jah
2007-06-08;1;130;;jah
2007-06-09;0,75;126;;jah
2007-06-10;0,86;129;;jah
2007-06-11;0,91;129;;jah
2007-06-12;0,74;127;;jah
2007-06-13;0,93;131;;jah
2007-06-14;1,07;136;;jah
2007-06-15;0,92;133;;jah
2007-06-16;0,61;125;;jah
2007-06-17;0,66;127;;jah
2007-06-18;0,91;134;;jah
2007-06-19;0,7;129;;jah
2007-06-20;0,88;134;;jah
2007-06-21;0,64;128;;jah
2007-06-22;0,81;133;;jah
2007-06-23;0,61;128;;jah
2007-06-24;0,65;130;;jah
2007-06-25;0,67;131;;jah
2007-06-26;0,78;134;;jah
2007-06-27;0,83;136;;jah
2007-06-28;0,65;131;;jah
2007-06-29;0,86;138;;jah
2007-06-30;0,72;134;;jah
2007-07-01;0,66;133;;jah
2007-07-02;0,64;133;;jah
2007-07-03;0,65;134;;jah
2007-07-04;0,65;134;;jah
2007-07-05;0,65;135;;jah
2007-07-06;0,67;136;;jah
2007-07-07;0,67;136;;jah
2007-07-08;0,94;149;;jah
2007-07-09;0,67;138;;jah
2007-07-10;0,82;144;;jah
2007-07-11;0,82;145;;jah
2007-07-12;0,64;138;;jah
2007-07-13;0,64;139;;jah
2007-07-14;0,77;145;;jah
2007-07-15;0,7;142;;jah
2007-07-16;0,74;144;;jah
2007-07-17;0,59;139;;jah
2007-07-18;0,61;140;;jah
2007-07-19;0,6;140;;jah
2007-07-20;0,58;139;;jah
2007-07-21;0,58;139;;jah
2007-07-22;0,57;139;;jah
2007-07-23;0,57;139;;jah
2007-07-24;0,58;140;;jah
2007-07-25;0,61;142;;jah
2007-07-26;0,63;143;;jah
2007-07-27;0,68;146;;jah
2007-07-28;0,88;156;;jah
2007-07-29;0,84;154;;jah
2007-07-30;0,75;150;;jah
2007-07-31;0,87;156;;jah
2007-08-01;0,79;152;;jah
2007-08-02;0,82;154;;jah
2007-08-03;0,81;154;;jah
2007-08-04;0,78;153;;jah
2007-08-05;0,65;146;;jah
2007-08-06;0,64;146;;jah
2007-08-07;0,65;147;;jah
2007-08-08;0,66;148;;jah
2007-08-09;0,65;147;;jah
2007-08-10;0,63;146;;jah
2007-08-11;0,62;145;;jah
2007-08-12;0,63;146;;jah
2007-08-13;0,63;145;;jah
2007-08-14;0,58;142;;jah
2007-08-15;0,55;141;;jah
2007-08-16;0,61;144;;jah
2007-08-17;0,67;140;;jah
2007-08-18;0,53;139;;jah
2007-08-19;0,57;142;;jah
2007-08-20;0,62;143;;jah
2007-08-21;0,63;144;;jah
2007-08-22;0,63;143;;jah
2007-08-23;0,64;143;;jah
2007-08-24;0,68;146;;jah
2007-08-25;0,71;146;;jah
2007-08-26;0,7;145;;jah
2007-08-27;0,67;143;;jah
2007-08-28;0,67;143;;jah
2007-08-29;0,67;143;;jah
2007-08-30;0,67;144;;jah
2007-08-31;0,91;155;;jah
2007-09-01;0,67;144;;jah
2007-09-02;0,73;144;;jah
2007-09-03;0,82;152;;jah
2007-09-04;0,7;146;;jah
2007-09-05;0,82;151;;jah
2007-09-06;0,88;153;;jah
2007-09-07;0,67;142;;jah
2007-09-08;0,69;142;;jah
2007-09-09;0,8;147;;jah
2007-09-10;0,66;140;;jah
2007-09-11;0,67;139;;jah
2007-09-12;0,68;139;;jah
2007-09-13;0,71;140;;jah
2007-09-14;0,7;139;;jah
2007-09-15;0,72;139;;jah
2007-09-16;0,72;139;;jah
2007-09-17;0,91;146;;jah
2007-09-18;0,95;146;;jah
2007-09-19;0,97;146;;jah
2007-09-20;1,2;154;;jah
2007-09-21;1,4;159;;jah
2007-09-22;1,24;154;;jah
2007-09-23;0,98;143;;jah
2007-09-24;0,97;142;;jah
2007-09-25;1,17;147;;jah
2007-09-26;1,04;141;;jah
2007-09-27;0,96;138;;jah
2007-09-28;0,96;138;;jah
2007-09-29;1,05;139;;jah
2007-09-30;1,09;139;;jah
2007-10-01;1,28;143;;jah
2007-10-02;1,2;140;;jah
2007-10-03;0,9;132;;jah
2007-10-04;1,71;150;;jah
2007-10-05;1,2;137;;jah
2007-10-06;1,35;140;;jah
2007-10-07;1,78;149;;jah
2007-10-08;1,63;144;;jah
2007-10-09;1,85;148;;jah
2007-10-10;1,87;149;;jah
2007-10-11;1,97;151;;jah
2007-10-12;2,25;156;;jah
2007-10-13;3,73;183;;jah
2007-10-14;3,95;187;;jah
2007-10-15;4,16;189;;jah
2007-10-16;4,35;191;;jah
2007-10-17;4,4;191;;jah
2007-10-18;4,71;195;;jah
2007-10-19;4,81;197;;jah
2007-10-20;4,8;196;;jah
2007-10-21;4,55;193;;jah
2007-10-22;3,66;181;;jah
2007-10-23;2,98;169;;jah
2007-10-24;2,75;166;;jah
2007-10-25;2,34;160;;jah
2007-10-26;2,31;159;;jah
2007-10-27;2,26;158;;jah
2007-10-28;2;152;;jah
2007-10-29;1,94;151;;jah
2007-10-30;1,88;150;;jah
2007-10-31;1,51;141;;jah
2007-11-01;1,49;142;;jah
2007-11-02;2,6;168;;jah
2007-11-03;2,79;167;;jah
2007-11-04;2,05;153;;jah
2007-11-05;2,82;166;1,4;jah
2007-11-06;2,75;165;2;jah
2007-11-07;2,3;157;1,7;jah
2007-11-08;2,25;157;1,8;jah
2007-11-09;1,99;159;2,2;jah
2007-11-10;2,59;163;2,4;jah
2007-11-11;3,47;172;2,5;jah
2007-11-12;3,3;174;2,3;jah
2007-11-13;3,43;174;1,7;jah
2007-11-14;3,09;169;1,3;jah
2007-11-15;2,79;164;1,1;jah
2007-11-16;2,54;160;1,1;jah
2007-11-17;2,25;156;1;jah
2007-11-18;2,25;156;0,6;jah
2007-11-19;2,25;157;1,3;jah
2007-11-20;2,51;166;2,2;jah
2007-11-21;3,47;173;2;jah
2007-11-22;2,8;167;2,1;jah
2007-11-23;2,95;168;2;jah
2007-11-24;2,73;165;2,1;jah
2007-11-25;2,73;165;1,8;jah
2007-11-26;2,61;162;1,9;jah
2007-11-27;2,38;160;1,9;jah
2007-11-28;2,73;164;1,4;jah
2007-11-29;2;149;0,7;jah
2007-11-30;3,15;174;0,9;jah
2007-12-01;4,27;185;0,5;jah
2007-12-02;3,73;183;0,2;jah
2007-12-03;3,79;182;0,7;jah
2007-12-04;4,33;192;1,2;jah
2007-12-05;5,25;209;1,5;jah
2007-12-06;6,12;221;1,7;jah
2007-12-07;6,54;226;2;jah
2007-12-08;6,52;223;2,5;jah
2007-12-09;6,21;219;2,8;jah
2007-12-10;5,77;211;2,8;jah
2007-12-11;5,16;202;3,2;jah
2007-12-12;4,66;196;3,3;jah
2007-12-13;4,36;192;2,1;jah
2007-12-14;3,31;174;1,5;jah
2007-12-15;2,94;168;0,8;jah
2007-12-16;2,86;164;1,1;jah
2007-12-17;2,55;162;1,3;jah
2007-12-18;2,55;161;1,4;jah
2007-12-19;2,32;158;1,7;jah
2007-12-20;2,08;154;1,8;jah
2007-12-21;2,08;154;1,6;jah
2007-12-22;2,08;155;1,8;jah
2007-12-23;2,08;155;2,1;jah
2007-12-24;2,08;154;2;jah
2007-12-25;2,05;153;1,7;jah
2007-12-26;1,76;147;1,2;jah
2007-12-27;1,76;146;0,6;jah
2007-12-28;1,67;145;0,6;jah
2007-12-29;1,73;146;1;jah
2007-12-30;2,09;154;1,4;jah
2007-12-31;2,13;154;1,3;jah
2008-01-01;2,12;153;0,9;jah
2008-01-02;1,79;147;0,5;jah
2008-01-03;1,49;141;0;jah
2008-01-04;1,03;153;0;jah
2008-01-05;0,96;159;0,1;jah
2008-01-06;0,93;151;0;jah
2008-01-07;0,91;147;0;jah
2008-01-08;0,88;144;0;jah
2008-01-09;1,37;141;0;jah
2008-01-10;1,28;142;0;jah
2008-01-11;1,46;141;0;jah
2008-01-12;1,62;148;0;jah
2008-01-13;1,65;145;0,1;jah
2008-01-14;2,02;151;0;jah
2008-01-15;2,18;152;0;jah
2008-01-16;2,21;152;0,1;jah
2008-01-17;2,25;152;0,1;jah
2008-01-18;2,3;152;0,1;jah
2008-01-19;2,91;165;0,3;jah
2008-01-20;4,75;197;0,7;jah
2008-01-21;5,11;202;0,5;jah
2008-01-22;6,07;218;0,4;jah
2008-01-23;6,24;216;0,2;jah
2008-01-24;5,54;204;0,2;jah
2008-01-25;4,78;193;0,3;jah
2008-01-26;4,73;196;0,6;jah
2008-01-27;5,31;203;0,4;jah
2008-01-28;5,34;202;0,3;jah
2008-01-29;5,01;195;0,3;jah
2008-01-30;4,61;191;0,9;jah
2008-01-31;4,61;192;1,2;jah
2008-02-01;4,62;191;0,8;jah
2008-02-02;4,62;192;0,9;jah
2008-02-03;4,59;191;0,7;jah
2008-02-04;4,47;190;0,6;jah
2008-02-05;4,16;182;0,4;jah
2008-02-06;3,78;178;0,8;jah
2008-02-07;3,84;178;1,2;jah
2008-02-08;4,1;183;1,6;jah
2008-02-09;4,37;187;1,7;jah
2008-02-10;3,58;177;2,1;jah
2008-02-11;6,09;214;1,9;jah
2008-02-12;7,34;237;1,6;jah
2008-02-13;7,86;240;1,3;jah
2008-02-14;7,91;240;0,5;jah
2008-02-15;6,74;220;0,1;jah
2008-02-16;6,05;209;0,1;jah
2008-02-17;4,74;189;0,1;jah
2008-02-18;4,01;180;0,1;jah
2008-02-19;3,73;173;0;jah
2008-02-20;3,19;165;0,1;jah
2008-02-21;3,03;161;0,2;jah
2008-02-22;2,99;164;0,8;jah
2008-02-23;4,71;193;1,4;jah
2008-02-24;5,71;210;1,1;jah
2008-02-25;6,76;228;1,9;jah
2008-02-26;7,48;237;1,7;jah
2008-02-27;7,44;235;2,3;jah
2008-02-28;8,08;247;2,6;jah
2008-02-29;8,36;248;1,9;jah
2008-03-01;8,68;251;1,9;jah
2008-03-02;8,52;250;1,7;jah
2008-03-03;8,19;246;1,5;jah
2008-03-04;7,6;236;1,3;jah
2008-03-05;6,95;225;0,8;jah
2008-03-06;6,03;210;0,3;jah
2008-03-07;5,37;200;0,6;jah
2008-03-08;4,61;187;0,9;jah
2008-03-09;4,62;190;1,6;jah
2008-03-10;5,02;198;2,3;jah
2008-03-11;5,31;202;2,6;jah
2008-03-12;5,6;207;3;jah
2008-03-13;6,11;215;3,3;jah
2008-03-14;6,64;223;3,5;jah
2008-03-15;6,59;222;3,6;jah
2008-03-16;6,55;220;3,3;jah
2008-03-17;6,4;218;3;jah
2008-03-18;6,04;212;2,9;jah
2008-03-19;5,53;204;2,5;jah
2008-03-20;5,13;197;2;jah
2008-03-21;4,72;190;1,5;jah
2008-03-22;3,95;181;1,3;jah
2008-03-23;3,78;176;1,5;jah
2008-03-24;3,8;174;1,4;jah
2008-03-25;3,46;173;0,8;jah
2008-03-26;3,38;166;0,1;jah
2008-03-27;3,46;169;0,2;jah
2008-03-28;3,25;165;0,8;jah
2008-03-29;3,54;168;1,2;jah
2008-03-30;3,84;177;2,2;jah
2008-03-31;5,09;194;2,6;jah
2008-04-01;5,57;204;3,2;jah
2008-04-02;6,34;216;3,3;jah
2008-04-03;6,59;219;4,6;jah
2008-04-04;6,63;217;5,1;jah
2008-04-05;6,38;212;5,5;jah
2008-04-06;5,99;206;5,8;jah
2008-04-07;5,58;201;6,3;jah
2008-04-08;6,17;213;6,6;jah
2008-04-09;9,11;261;6,2;jah
2008-04-10;9,79;264;6;jah
2008-04-11;9,66;266;6,1;jah
2008-04-12;9,76;266;5,6;jah
2008-04-13;9;254;5,8;jah
2008-04-14;8,59;248;6,4;jah
2008-04-15;7,91;235;7,3;jah
2008-04-16;7,39;227;8,1;jah
2008-04-17;6,98;221;7,9;jah
2008-04-18;6,67;217;7,1;jah
2008-04-19;6,2;209;7,1;jah
2008-04-20;5,53;201;8;jah
2008-04-21;6,11;207;8;jah
2008-04-22;5,33;197;8,3;jah
2008-04-23;4,29;181;8,2;jah
2008-04-24;3,98;174;8,5;jah
2008-04-25;3,57;171;9,1;jah
2008-04-26;3,3;166;9,6;jah
2008-04-27;3,23;164;10;jah
2008-04-28;2,89;159;10,6;jah
2008-04-29;2,83;159;11,3;jah
2008-04-30;2,81;156;11,7;jah
2008-05-01;2,83;155;11,6;jah
2008-05-02;2,4;151;12;jah
2008-05-03;2,31;146;12,5;jah
2008-05-04;2,08;147;12,9;jah
2008-05-05;2,14;148;12,4;jah
2008-05-06;2,28;146;11,5;jah
2008-05-07;1,92;145;10,9;jah
2008-05-08;2,14;149;10,7;jah
2008-05-09;2,2;147;10,7;jah
2008-05-10;2,09;142;11,1;jah
2008-05-11;2,03;146;12;jah
2008-05-12;1,95;145;12,4;jah
2008-05-13;1,7;138;11,3;jah
2008-05-14;1,82;143;10,6;jah
2008-05-15;1,26;130;9,9;jah
2008-05-16;1,19;133;9,7;jah
2008-05-17;1,3;137;10;jah
2008-05-18;1,47;139;10,6;jah
2008-05-19;1,59;142;10,8;jah
2008-05-20;1,99;152;11;jah
2008-05-21;2,1;150;11,2;jah
2008-05-22;1,74;146;11,5;jah
2008-05-23;1,55;142;12,1;jah
2008-05-24;1,37;139;12,4;jah
2008-05-25;1,25;138;12,5;jah
2008-05-26;1,31;139;12,6;jah
2008-05-27;1,28;138;13;jah
2008-05-28;1,11;136;13;jah
2008-05-29;0,94;132;13,3;jah
2008-05-30;0,89;132;13,6;jah
2008-05-31;0,9;132;14,2;jah
2008-06-01;0,89;132;14,6;jah
2008-06-02;0,88;132;15;jah
2008-06-03;0,86;132;15,2;jah
2008-06-04;0,84;132;15,1;jah
2008-06-05;0,79;131;15;jah
2008-06-06;0,79;131;15,5;jah
2008-06-07;0,78;131;16;jah
2008-06-08;0,73;130;16,1;jah
2008-06-09;0,7;130;16;jah
2008-06-10;0,69;130;15,8;jah
2008-06-11;0,68;130;15,6;jah
2008-06-12;0,7;130;15,3;jah
2008-06-13;0,72;131;15,1;jah
2008-06-14;0,76;132;14,6;jah
2008-06-15;0,84;134;14,2;jah
2008-06-16;0,9;135;14,4;jah
2008-06-17;1;139;14,5;jah
2008-06-18;1,35;149;14,3;jah
2008-06-19;1,42;150;14,7;jah
2008-06-20;1,6;155;15,2;jah
2008-06-21;1,74;157;15,4;jah
2008-06-22;1,48;150;15,5;jah
2008-06-23;1,45;150;15,2;jah
2008-06-24;1,58;154;14,4;jah
2008-06-25;1,67;156;14,1;jah
2008-06-26;1,57;154;14,3;jah
2008-06-27;1,65;158;14,4;jah
2008-06-28;1,6;158;14,6;jah
2008-06-29;1,6;159;15,1;jah
2008-06-30;1,45;156;15,6;jah
2008-07-01;1,27;152;15,8;jah
2008-07-02;1,19;151;15,9;jah
2008-07-03;1,14;151;16,1;jah
2008-07-04;1,11;152;15,8;jah
2008-07-05;1,08;152;16;jah
2008-07-06;1,06;152;16,2;jah
2008-07-07;1,02;152;15,8;jah
2008-07-08;1,07;154;15,5;jah
2008-07-09;1,13;157;15,4;jah
2008-07-10;1,12;156;15,6;jah
2008-07-11;1,1;155;16,1;jah
2008-07-12;1,08;155;16,3;jah
2008-07-13;1,08;154;16,4;jah
2008-07-14;1,07;155;16,3;jah
2008-07-15;1,06;156;16,1;jah
2008-07-16;1,06;157;16;jah
2008-07-17;1,11;159;16;jah
2008-07-18;1,13;161;15,7;jah
2008-07-19;1,11;161;15,7;jah
2008-07-20;1,1;162;16;jah
2008-07-21;1,04;159;16,3;jah
2008-07-22;0,95;156;16,6;jah
2008-07-23;0,9;155;16,7;jah
2008-07-24;0,87;155;16,9;jah
2008-07-25;0,86;155;17;jah
2008-07-26;0,84;155;17,2;jah
2008-07-27;0,82;154;17,4;jah
2008-07-28;0,82;154;17,4;jah
2008-07-29;0,82;154;17;jah
2008-07-30;0,82;154;16,5;jah
2008-07-31;0,81;153;16,3;jah
2008-08-01;0,82;153;16,1;jah
2008-08-02;0,84;153;16,2;jah
2008-08-03;0,87;154;16,5;jah
2008-08-04;0,92;155;16,7;jah
2008-08-05;1,18;168;16,5;jah
2008-08-06;1,57;184;15,7;jah
2008-08-07;1,83;194;15,3;jah
2008-08-08;2,18;205;15,7;jah
2008-08-09;1,97;195;16,4;jah
2008-08-10;1,67;183;16,4;jah
2008-08-11;1,9;192;15,9;jah
2008-08-12;1,8;186;15,6;jah
2008-08-13;1,77;186;15,9;jah
2008-08-14;1,75;184;16,1;jah
2008-08-15;1,75;183;16,2;jah
2008-08-16;1,76;183;16,2;jah
2008-08-17;1,81;185;16,6;jah
2008-08-18;1,78;181;17;jah
2008-08-19;1,69;177;16,6;jah
2008-08-20;1,67;176;15,9;jah
2008-08-21;1,69;176;15,7;jah
2008-08-22;1,73;175;15,9;jah
2008-08-23;1,8;175;16;jah
2008-08-24;1,87;175;15,8;jah
2008-08-25;1,85;173;15,6;jah
2008-08-26;2,09;181;15,2;jah
2008-08-27;2,43;187;14,7;jah
2008-08-28;3,25;207;14,5;jah
2008-08-29;5,06;244;14,6;jah
2008-08-30;5,56;249;13,9;jah
2008-08-31;5,16;238;13,4;jah
2008-09-01;4,79;230;12,5;jah
2008-09-02;4,08;212;12,2;jah
2008-09-03;3,41;201;12,5;jah
2008-09-04;3,06;194;13,1;jah
2008-09-05;2,85;190;13,2;jah
2008-09-06;2,73;187;13,1;jah
2008-09-07;2,66;184;13,5;jah
2008-09-08;3,03;196;14;jah
2008-09-09;4,02;217;14,1;jah
2008-09-10;4,14;215;13,8;jah
2008-09-11;3,77;207;12,9;jah
2008-09-12;3,52;202;11,9;jah
2008-09-13;3,26;196;11,1;jah
2008-09-14;2,94;189;10,3;jah
2008-09-15;2,64;182;10;jah
2008-09-16;2,48;176;9,2;jah
2008-09-17;2,33;173;8,7;jah
2008-09-18;2,22;170;8,6;jah
2008-09-19;2,12;167;8,8;jah
2008-09-20;2,02;164;8,9;jah
2008-09-21;1,93;163;9;jah
2008-09-22;1,85;161;9,3;jah
2008-09-23;1,78;159;9,4;jah
2008-09-24;1,69;157;9;jah
2008-09-25;1,61;155;8,6;jah
2008-09-26;1,55;154;8,4;jah
2008-09-27;1,5;153;8,6;jah
2008-09-28;1,46;153;9;jah
2008-09-29;1,46;152;8,9;jah
2008-09-30;1,46;152;8,6;jah
2008-10-01;1,46;152;8,5;jah
2008-10-02;1,51;154;8,8;jah
2008-10-03;1,61;156;9;jah
2008-10-04;1,62;157;8,8;jah
2008-10-05;1,7;158;8,5;jah
2008-10-06;1,73;159;8,3;jah
2008-10-07;1,75;159;8,1;jah
2008-10-08;1,73;158;7,5;jah
2008-10-09;1,65;155;6,9;jah
2008-10-10;1,58;154;7;jah
2008-10-11;1,55;153;7,5;jah
2008-10-12;1,57;153;8,2;jah
2008-10-13;1,62;154;8,5;jah
2008-10-14;1,72;156;8,6;jah
2008-10-15;1,74;157;8,7;jah
2008-10-16;1,76;157;8,5;jah
2008-10-17;1,86;160;8,6;jah
2008-10-18;1,99;163;8,4;jah
2008-10-19;2,13;166;8;jah
2008-10-20;2,41;173;8;jah
2008-10-21;2,7;179;8,1;jah
2008-10-22;2,74;179;8,4;jah
2008-10-23;2,71;178;8,4;jah
2008-10-24;2,58;175;7,6;jah
2008-10-25;2,35;169;7,3;jah
2008-10-26;2,33;168;7;jah
2008-10-27;2,49;171;6,9;jah
2008-10-28;3,39;191;7;jah
2008-10-29;4,45;210;6,9;jah
2008-10-30;6,04;239;7;jah
2008-10-31;8,38;275;7,3;jah
2008-11-01;8,68;279;7;jah
2008-11-02;8,73;279;6,3;jah
2008-11-03;8,6;275;5,5;jah
2008-11-04;7,56;256;5,3;jah
2008-11-05;6,77;242;5;jah
2008-11-06;5,5;219;4,1;jah
2008-11-07;4,66;203;3,1;jah
2008-11-08;4,02;193;2,5;jah
2008-11-09;3,64;187;2,5;jah
2008-11-10;3,46;185;3,4;jah
2008-11-11;3,43;184;4,7;jah
2008-11-12;3,34;182;5,3;jah
2008-11-13;3,28;180;5,6;jah
2008-11-14;3,16;178;5,5;jah
2008-11-15;3,21;179;5,5;jah
2008-11-16;4,09;196;5,9;jah
2008-11-17;5,57;221;5;jah
2008-11-18;5,97;223;3,2;jah
2008-11-19;5,69;218;2,4;jah
2008-11-20;5,2;209;2;jah
2008-11-21;4,87;203;1,9;jah
2008-11-22;4,58;198;1,5;jah
2008-11-23;4,34;195;1,1;jah
2008-11-24;4;189;0,5;jah
2008-11-25;3,83;186;0,4;jah
2008-11-26;3,87;186;0,5;jah
2008-11-27;4,14;191;0,8;jah
2008-11-28;6,04;224;1,3;jah
2008-11-29;10,2;281;1,2;jah
2008-11-30;11,3;290;1,4;jah
2008-12-01;12;299;1,8;jah
2008-12-02;13,7;316;2,4;jah
2008-12-03;13,4;311;2,8;jah
2008-12-04;12,8;305;2,3;jah
2008-12-05;12,2;297;1,5;jah
2008-12-06;10,8;281;1,1;jah
2008-12-07;9,34;263;0,8;jah
2008-12-08;8,25;248;0,6;jah
2008-12-09;7,24;233;0,3;jah
2008-12-10;6,39;221;0,4;jah
2008-12-11;5,68;211;0,8;jah
2008-12-12;5,1;204;1;jah
2008-12-13;4,89;203;1,4;jah
2008-12-14;4,81;203;1;jah
2008-12-15;4,36;194;0,3;jah
2008-12-16;3,87;189;0,2;jah
2008-12-17;3,56;185;0,2;jah
2008-12-18;3,39;182;0,3;jah
2008-12-19;3,31;184;0,6;jah
2008-12-20;3,23;182;0,5;jah
2008-12-21;3,08;180;0,6;jah
2008-12-22;3,13;181;1;jah
2008-12-23;3,36;187;1,1;jah
2008-12-24;3,43;192;0,9;jah
2008-12-25;3,36;192;0,6;jah
2008-12-26;3,28;189;0,4;jah
2008-12-27;3,21;184;0,5;jah
2008-12-28;3,12;179;0,4;jah
2008-12-29;2,84;173;0,1;jah
2008-12-30;2,94;175;0,3;jah
2008-12-31;2,87;174;0,6;jah
2009-01-01;2,58;171;0,4;jah
2009-01-02;2,56;172;0,1;jah
2009-01-03;2,54;172;0,1;jah
2009-01-04;2,62;173;0;jah
2009-01-05;2,42;170;0;jah
2009-01-06;2,18;165;0;jah
2009-01-07;2,12;165;0,1;jah
2009-01-08;2,05;164;0,1;jah
2009-01-09;2,02;164;0,1;jah
2009-01-10;2,04;165;0,1;jah
2009-01-11;2,16;166;0,1;jah
2009-01-12;2,01;161;0,1;jah
2009-01-13;2,4;169;0,1;jah
2009-01-14;2,65;173;0,2;jah
2009-01-15;3,01;179;0,3;jah
2009-01-16;2,52;166;0,2;jah
2009-01-17;2,81;172;0,1;jah
2009-01-18;2,9;172;0,1;jah
2009-01-19;2,78;170;0;jah
2009-01-20;2,69;168;0;jah
2009-01-21;2,63;166;0,1;jah
2009-01-22;2,38;163;0,1;jah
2009-01-23;2,92;173;0,1;jah
2009-01-24;2,59;166;0,2;jah
2009-01-25;2,46;164;0,3;jah
2009-01-26;2,46;164;0,3;jah
2009-01-27;2,51;165;0,5;jah
2009-01-28;2,76;170;0,7;jah
2009-01-29;2,56;167;0,9;jah
2009-01-30;2,33;165;0,8;jah
2009-01-31;2,06;165;0,1;jah
2009-02-01;1,82;173;0,1;jah
2009-02-02;1,47;157;0,1;jah
2009-02-03;1,99;165;0;jah
2009-02-04;1,97;163;0;jah
2009-02-05;1,85;160;0;jah
2009-02-06;1,82;159;0;jah
2009-02-07;1,81;158;0;jah
2009-02-08;1,81;157;0;jah
2009-02-09;2,21;167;0;jah
2009-02-10;2,08;162;0;jah
2009-02-11;1,91;158;0;jah
2009-02-12;1,33;141;0;jah
2009-02-13;1,68;152;0;jah
2009-02-14;1,69;151;0;jah
2009-02-15;1,6;150;0;jah
2009-02-16;1,55;149;0;jah
2009-02-17;1,46;148;0;jah
2009-02-18;1,42;148;0;jah
2009-02-19;1,39;148;0;jah
2009-02-20;1,35;147;0;jah
2009-02-21;1,3;147;0;jah
2009-02-22;1,35;147;0;jah
2009-02-23;1,44;148;0;jah
2009-02-24;1,49;147;0;jah
2009-02-25;1,51;147;0,1;jah
2009-02-26;1,55;146;0,2;jah
2009-02-27;1,62;147;0,2;jah
2009-02-28;1,73;148;0,2;jah
2009-03-01;1,74;148;0,2;jah
2009-03-02;1,71;147;0,1;jah
2009-03-03;1,66;146;0,1;jah
2009-03-04;1,73;147;0,2;jah
2009-03-05;1,71;147;0,2;jah
2009-03-06;1,66;146;0,3;jah
2009-03-07;1,65;145;0,3;jah
2009-03-08;1,59;144;0,3;jah
2009-03-09;2,13;156;0,3;jah
2009-03-10;1,47;139;0,3;jah
2009-03-11;1,52;143;0,5;jah
2009-03-12;1,63;145;0,7;jah
2009-03-13;1,62;145;1;jah
2009-03-14;1,62;145;1,3;jah
2009-03-15;1,63;145;1,6;jah
2009-03-16;2,1;156;1,8;jah
2009-03-17;1,39;138;1,9;jah
2009-03-18;1,68;147;1,7;jah
2009-03-19;1,79;148;1,8;jah
2009-03-20;2,2;157;1,9;jah
2009-03-21;1,53;141;2,1;jah
2009-03-22;1,85;149;2,1;jah
2009-03-23;1,9;150;1,7;jah
2009-03-24;1,75;147;1,6;jah
2009-03-25;1,78;148;1,4;jah
2009-03-26;1,69;146;1;jah
2009-03-27;1,69;146;0,8;jah
2009-03-28;1,72;147;1,2;jah
2009-03-29;1,87;151;1,7;jah
2009-03-30;2,59;166;1,7;jah
2009-03-31;2,88;172;1,8;jah
2009-04-01;4,67;206;1,9;jah
2009-04-02;7,19;239;1,3;jah
2009-04-03;7,73;253;1,4;jah
2009-04-04;11;293;0,9;jah
2009-04-05;13,1;309;1,3;jah
2009-04-06;16,7;339;1,8;jah
2009-04-07;20,2;362;1,6;jah
2009-04-08;20,1;356;2,1;jah
2009-04-09;17,6;338;2,8;jah
2009-04-10;14,8;315;3,7;jah
2009-04-11;12,9;299;4,6;jah
2009-04-12;11,7;287;5,1;jah
2009-04-13;10,7;276;5,4;jah
2009-04-14;9,5;262;5,2;jah
2009-04-15;8,36;248;5,1;jah
2009-04-16;7,19;233;5,1;jah
2009-04-17;6,24;220;5,3;jah
2009-04-18;5,01;202;5,4;jah
2009-04-19;4,73;199;4,9;jah
2009-04-20;4,31;192;5,4;jah
2009-04-21;4,08;189;5,6;jah
2009-04-22;3,77;184;6;jah
2009-04-23;3,49;179;6,8;jah
2009-04-24;3,41;178;7,5;jah
2009-04-25;3,15;173;8,4;jah
2009-04-26;2,92;169;9,3;jah
2009-04-27;2,7;165;10,3;jah
2009-04-28;2,62;164;11,5;jah
2009-04-29;2,64;165;12,6;jah
2009-04-30;2,56;163;12,4;jah
2009-05-01;2,47;162;11,4;jah
2009-05-02;2,06;147;11,4;jah
2009-05-03;1,56;144;11,6;jah
2009-05-04;2,37;162;11,9;jah
2009-05-05;1,8;146;12,2;jah
2009-05-06;1,28;138;11,6;jah
2009-05-07;2,14;158;11,4;jah
2009-05-08;2,15;154;11,9;jah
2009-05-09;1,33;139;12,2;jah
2009-05-10;1,56;145;11,6;jah
2009-05-11;2,21;160;11,9;jah
2009-05-12;1,24;127;11,8;jah
2009-05-13;1,32;140;11,5;jah
2009-05-14;2,04;157;10,8;jah
2009-05-15;1,67;144;9,6;jah
2009-05-16;1,21;137;9,4;jah
2009-05-17;1,37;140;9,6;jah
2009-05-18;1,23;136;10,3;jah
2009-05-19;1,34;140;11;jah
2009-05-20;2,06;157;11,7;jah
2009-05-21;1,83;146;12,3;jah
2009-05-22;1,24;137;12,5;jah
2009-05-23;1,44;141;12,4;jah
2009-05-24;1,48;142;12,3;jah
2009-05-25;1,45;141;12,9;jah
2009-05-26;1,4;140;13,8;jah
2009-05-27;1,36;140;14,6;jah
2009-05-28;1,31;139;14,9;jah
2009-05-29;1,26;138;14,9;jah
2009-05-30;1,17;136;15,3;jah
2009-05-31;1,14;136;15,7;jah
2009-06-01;0,862;128;16,5;jah
2009-06-02;0,984;132;16,8;jah
2009-06-03;1,15;136;16,4;jah
2009-06-04;1,99;156;14,6;jah
2009-06-05;3,29;180;11,8;jah
2009-06-06;4,37;195;11,4;jah
2009-06-07;4,47;195;11;jah
2009-06-08;4,99;202;11,4;jah
2009-06-09;3,45;175;12,1;jah
2009-06-10;3,01;169;12,7;jah
2009-06-11;2,92;167;13,1;jah
2009-06-12;2,79;165;14,3;jah
2009-06-13;2,75;164;14,8;jah
2009-06-14;3,3;175;14,2;jah
2009-06-15;4,64;197;14,2;jah
2009-06-16;4,93;200;13,8;jah
2009-06-17;4,44;190;13,7;jah
2009-06-18;3,27;175;13,3;jah
2009-06-19;3,1;171;13,7;jah
2009-06-20;2,69;165;14;jah
2009-06-21;2,4;160;14;jah
2009-06-22;2,18;157;14,4;jah
2009-06-23;2,01;154;15,1;jah
2009-06-24;1,37;140;15,5;jah
2009-06-25;1,39;141;16,4;jah
2009-06-26;1,37;141;16,7;jah
2009-06-27;1,33;141;16,3;jah
2009-06-28;1,46;145;16,1;jah
2009-06-29;1,58;149;16,6;jah
2009-06-30;1,57;149;17,5;jah
2009-07-01;1,61;151;17,9;jah
2009-07-02;1,47;147;18,4;jah
2009-07-03;1,34;145;18,4;jah
2009-07-04;1,3;144;17,6;jah
2009-07-05;1,24;143;16,6;jah
2009-07-06;1,08;138;15,5;jah
2009-07-07;0,935;134;14,8;jah
2009-07-08;1,09;139;14,6;jah
2009-07-09;1,64;155;15,3;jah
2009-07-10;1,34;143;15,8;jah
2009-07-11;1,22;142;16;jah
2009-07-12;1,33;145;16;jah
2009-07-13;2,19;167;16,2;jah
2009-07-14;2,53;172;16,3;jah
2009-07-15;2,55;172;16,7;jah
2009-07-16;2,51;171;17,3;jah
2009-07-17;2,44;169;17,6;jah
2009-07-18;1,64;149;18,1;jah
2009-07-19;1,62;151;18,5;jah
2009-07-20;2,08;163;18,6;jah
2009-07-21;1,64;150;18,1;jah
2009-07-22;2,01;162;17,3;jah
2009-07-23;1,58;149;17;jah
2009-07-24;2;163;17,3;jah
2009-07-25;2,85;180;17,5;jah
2009-07-26;2,97;183;17,4;jah
2009-07-27;3,69;196;17,3;jah
2009-07-28;3,56;193;17,5;jah
2009-07-29;2,84;180;17,6;jah
2009-07-30;2,39;172;17,7;jah
2009-07-31;2,17;168;17,4;jah
2009-08-01;1,63;153;16,9;jah
2009-08-02;1,64;157;16,5;jah
2009-08-03;2,41;176;16,3;jah
2009-08-04;2,35;174;16,5;jah
2009-08-05;2,86;186;16,6;jah
2009-08-06;2,84;184;16,6;jah
2009-08-07;2,33;173;16,5;jah
2009-08-08;2,03;167;16,3;jah
2009-08-09;1,14;139;16,1;jah
2009-08-10;1,34;150;16,1;jah
2009-08-11;1,47;153;16,1;jah
2009-08-12;1,46;153;16,1;jah
2009-08-13;1,92;165;16;jah
2009-08-14;2,07;169;15,4;jah
2009-08-15;2,08;169;14,8;jah
2009-08-16;2,22;173;14,7;jah
2009-08-17;2,53;180;15;jah
2009-08-18;2,4;178;15;jah
2009-08-19;2,35;177;14,6;jah
2009-08-20;2,21;175;14,3;jah
2009-08-21;2,1;173;13,9;jah
2009-08-22;1,91;168;13,6;jah
2009-08-23;1,42;151;13,6;jah
2009-08-24;1,27;152;13,9;jah
2009-08-25;1,31;154;14,1;jah
2009-08-26;1,34;155;13,9;jah
2009-08-27;1,06;144;14,1;jah
2009-08-28;1,03;144;14,6;jah
2009-08-29;1,08;147;14,9;jah
2009-08-30;1,6;165;14,7;jah
2009-08-31;1,25;145;14,3;jah
2009-09-01;0,78;135;14,2;jah
2009-09-02;1,15;146;14,1;jah
2009-09-03;1,28;149;14,2;jah
2009-09-04;1,89;164;14,4;jah
2009-09-05;1,63;152;14,3;jah
2009-09-06;1,22;139;14,1;jah
2009-09-07;1,05;138;14;jah
2009-09-08;1,85;161;13,9;jah
2009-09-09;1,84;156;13,8;jah
2009-09-10;1,31;146;13,9;jah
2009-09-11;1,48;151;14,1;jah
2009-09-12;1,46;150;13,6;jah
2009-09-13;1,3;146;12,7;jah
2009-09-14;1,21;144;12;jah
2009-09-15;1,11;134;12,1;jah
2009-09-16;0,63;125;12,2;jah
2009-09-17;1,02;140;12,4;jah
2009-09-18;1,04;138;12,1;jah
2009-09-19;0,99;137;12;jah
2009-09-20;1,03;138;12,1;jah
2009-09-21;1,05;138;12,1;jah
2009-09-22;1,05;138;12;jah
2009-09-23;1,06;138;11,9;jah
2009-09-24;1,08;138;11,7;jah
2009-09-25;1,3;145;11,4;jah
2009-09-26;1,67;154;11;jah
2009-09-27;1,18;136;11,2;jah
2009-09-28;1,24;143;11,2;jah
2009-09-29;1,18;134;10,8;jah
2009-09-30;2,23;167;9,8;jah
2009-10-01;2,62;174;8,8;jah
2009-10-02;2,87;178;8,2;jah
2009-10-03;3,17;184;7,6;jah
2009-10-04;3,67;192;7,6;jah
2009-10-05;5,08;216;8,1;jah
2009-10-06;6,05;227;7,6;jah
2009-10-07;5,88;225;6,9;jah
2009-10-08;6,41;233;7;jah
2009-10-09;5,46;217;6,9;jah
2009-10-10;4,45;204;6,3;jah
2009-10-11;3,72;193;5,4;jah
2009-10-12;3,55;191;5;jah
2009-10-13;3,6;192;4,7;jah
2009-10-14;3,63;194;4,4;jah
2009-10-15;4,77;215;4;jah
2009-10-16;5,51;224;4;jah
2009-10-17;5,35;222;4;jah
2009-10-18;5,7;227;4,1;jah
2009-10-19;6,07;232;4,2;jah
2009-10-20;5,8;228;4,8;jah
2009-10-21;5,6;225;4,8;jah
2009-10-22;5,31;220;4,9;jah
2009-10-23;5,16;218;5,3;jah
2009-10-24;4,82;213;5,7;jah
2009-10-25;4,63;210;5,7;jah
2009-10-26;4,78;213;5,9;jah
2009-10-27;5,03;216;6,2;jah
2009-10-28;5,48;222;6,3;jah
2009-10-29;6,01;228;5,8;jah
2009-10-30;5,76;223;4,6;jah
2009-10-31;5,22;214;3,5;jah
2009-11-01;4,54;202;2,8;jah
2009-11-02;3,94;191;2,3;jah
2009-11-03;3,43;182;1,7;jah
2009-11-04;2,8;171;0,9;jah
2009-11-05;2,69;168;0,5;jah
2009-11-06;2,31;161;0,6;jah
2009-11-07;2,23;162;0,9;jah
2009-11-08;2,42;165;1,5;jah
2009-11-09;2,47;167;2;jah
2009-11-10;2,98;179;2,3;jah
2009-11-11;3,97;196;2,4;jah
2009-11-12;4,68;206;2,3;jah
2009-11-13;4,58;204;2,2;jah
2009-11-14;4,19;197;2,2;jah
2009-11-15;3,93;193;2,4;jah
2009-11-16;4,18;197;2,8;jah
2009-11-17;4,09;195;3,2;jah
2009-11-18;4,15;196;3,7;jah
2009-11-19;4,31;198;4,2;jah
2009-11-20;4,44;200;4,6;jah
2009-11-21;4,75;204;5;jah
2009-11-22;4,76;204;5,3;jah
2009-11-23;4,65;203;5,3;jah
2009-11-24;4,57;202;5,4;jah
2009-11-25;4,73;205;5,5;jah
2009-11-26;4,78;206;5,5;jah
2009-11-27;6,14;227;5,7;jah
2009-11-28;6,41;231;5,6;jah
2009-11-29;6,95;240;5,4;jah
2009-11-30;7;243;5,2;jah
2009-12-01;6,73;242;4,9;jah
2009-12-02;7,45;256;4,8;jah
2009-12-03;12,7;314;4,6;jah
2009-12-04;13,7;319;4,4;jah
2009-12-05;14,4;326;3,9;jah
2009-12-06;13;307;3,4;jah
2009-12-07;10;274;2,9;jah
2009-12-08;8,17;252;2,7;jah
2009-12-09;6,9;233;2,6;jah
2009-12-10;5,74;213;2,5;jah
2009-12-11;4,97;202;2,2;jah
2009-12-12;4,53;198;1,5;jah
2009-12-13;3,8;191;1,2;jah
2009-12-14;3,07;184;0,6;jah
2009-12-15;2,47;177;0,1;jah
2009-12-16;2,61;188;0,1;jah
2009-12-17;2;173;0,1;jah
2009-12-18;2,3;174;0,2;jah
2009-12-19;2,16;171;0,2;jah
2009-12-20;2,01;167;0,1;jah
2009-12-21;1,92;165;0,1;jah
2009-12-22;1,92;164;0,1;jah
2009-12-23;2;164;0,1;jah
2009-12-24;2,08;164;0,1;jah
2009-12-25;2,15;165;0,1;jah
2009-12-26;2,31;167;0,1;jah
2009-12-27;2,34;166;0,1;jah
2009-12-28;2,32;164;0,1;jah
2009-12-29;2,29;162;0,1;jah
2009-12-30;2,22;161;0,1;jah
2009-12-31;2,17;160;0,1;jah
2010-01-01;2,25;162;0,1;jah
2010-01-02;2,3;163;0,1;jah
2010-01-03;2,17;162;0,1;jah
2010-01-04;2,15;162;0,1;jah
2010-01-05;2,05;161;0,1;jah
2010-01-06;1,96;160;0,1;jah
2010-01-07;1,95;161;0,1;jah
2010-01-08;1,93;161;0,1;jah
2010-01-09;1,88;160;0,1;jah
2010-01-10;1,85;160;0,1;jah
2010-01-11;1,73;158;0,1;jah
2010-01-12;1,79;160;0,1;jah
2010-01-13;1,77;160;0,1;jah
2010-01-14;1,67;160;0,1;jah
2010-01-15;1,57;159;0,1;jah
2010-01-16;1,49;159;0,1;jah
2010-01-17;1,41;159;0,1;jah
2010-01-18;1,31;159;0,1;jah
2010-01-19;1,22;158;0,1;jah
2010-01-20;1,14;158;0,1;jah
2010-01-21;1,07;158;0,1;jah
2010-01-22;0,985;159;0,1;jah
2010-01-23;0,967;159;0,1;jah
2010-01-24;0,999;160;0,1;jah
2010-01-25;0,996;160;0,1;jah
2010-01-26;0,992;160;0,1;jah
2010-01-27;1,02;160;0,1;jah
2010-01-28;1,07;161;0,1;jah
2010-01-29;1,17;164;0,1;jah
2010-01-30;1,18;163;0,1;jah
2010-01-31;1,17;162;0,1;jah
2010-02-01;1,21;162;0,1;jah
2010-02-02;1,25;162;0,1;jah
2010-02-03;1,26;161;0,1;jah
2010-02-04;1,26;161;0,1;jah
2010-02-05;1,27;160;0,1;jah
2010-02-06;1,28;159;0,1;jah
2010-02-07;1,3;159;0,1;jah
2010-02-08;1,31;158;0,1;jah
2010-02-09;1,32;157;0,1;jah
2010-02-10;1,33;157;0,1;jah
2010-02-11;1,34;156;0,1;jah
2010-02-12;1,4;157;0,1;jah
2010-02-13;1,4;156;0,1;jah
2010-02-14;1,42;156;0,1;jah
2010-02-15;1,42;155;0,1;jah
2010-02-16;1,37;154;0,1;jah
2010-02-17;1,34;154;0,1;jah
2010-02-18;1,34;155;0,1;jah
2010-02-19;1,33;156;0,1;jah
2010-02-20;1,32;156;0,1;jah
2010-02-21;1,31;157;0,1;jah
2010-02-22;1,29;157;0,1;jah
2010-02-23;1,27;158;0,1;jah
2010-02-24;1,27;158;0,1;jah
2010-02-25;1,25;156;0,1;jah
2010-02-26;1,27;156;0,1;jah
2010-02-27;1,28;155;0,1;jah
2010-02-28;1,27;154;0,1;jah
2010-03-01;1,3;155;0,1;jah
2010-03-02;1,29;153;0,1;jah
2010-03-03;1,27;152;0,1;jah
2010-03-04;1,27;151;0,1;jah
2010-03-05;1,29;151;0,1;jah
2010-03-06;1,28;150;0;jah
2010-03-07;1,29;149;0;jah
2010-03-08;1,3;149;0;jah
2010-03-09;1,36;148;0;jah
2010-03-10;1,37;147;0,1;jah
2010-03-11;1,38;146;0,1;jah
2010-03-12;1,38;145;0,1;jah
2010-03-13;1,39;144;0;jah
2010-03-14;1,45;144;0;jah
2010-03-15;1,46;143;0;jah
2010-03-16;1,46;142;0;jah
2010-03-17;1,55;143;0;jah
2010-03-18;1,63;144;0,1;jah
2010-03-19;1,67;143;0,1;jah
2010-03-20;1,75;145;0,1;jah
2010-03-21;2,46;157;0,1;jah
2010-03-22;3,2;168;0,1;jah
2010-03-23;2,95;170;0,1;jah
2010-03-24;3;171;0,1;jah
2010-03-25;2,91;169;0,1;jah
2010-03-26;2,93;170;0,1;jah
2010-03-27;3,28;180;0,2;jah
2010-03-28;4,83;214;0,4;jah
2010-03-29;8,12;263;0,4;jah
2010-03-30;12;303;0,4;jah
2010-03-31;13,1;312;0,7;jah
2010-04-01;16,2;339;1,2;jah
2010-04-02;21,6;375;1;jah
2010-04-03;25,8;397;1;jah
2010-04-04;27,7;398;1,3;jah
2010-04-05;26;386;2,2;jah
2010-04-06;23,4;369;2,9;jah
2010-04-07;20,6;350;3,1;jah
2010-04-08;17,8;330;2,8;jah
2010-04-09;14,8;304;3,4;jah
2010-04-10;12,3;283;4,3;jah
2010-04-11;10,8;269;5,4;jah
2010-04-12;10;260;5,9;jah
2010-04-13;9,18;251;6,1;jah
2010-04-14;7,72;232;6,1;jah
2010-04-15;7,3;229;6,3;jah
2010-04-16;6,57;217;6,5;jah
2010-04-17;5,99;211;6,7;jah
2010-04-18;5,73;206;7;jah
2010-04-19;5,38;201;7;jah
2010-04-20;5,09;196;6,8;jah
2010-04-21;4,83;192;6,6;jah
2010-04-22;4,33;183;6,5;jah
2010-04-23;4,93;195;6;jah
2010-04-24;4,97;194;5,7;jah
2010-04-25;4,53;188;5,8;jah
2010-04-26;4,8;192;6,7;jah
2010-04-27;4,87;192;7,7;jah
2010-04-28;4,52;187;9;jah
2010-04-29;4,16;181;8,4;jah
2010-04-30;3,99;179;9,1;jah
2010-05-01;3,94;178;10,2;jah
2010-05-02;3,57;172;9,5;jah
2010-05-03;3,96;177;9,5;jah
2010-05-04;4,35;185;8,9;jah
2010-05-05;4,92;192;7,7;jah
2010-05-06;5,36;198;8;jah
2010-05-07;5,68;202;8,2;jah
2010-05-08;5,52;200;9,5;jah
2010-05-09;5,35;198;10,7;jah
2010-05-10;5,18;196;9,7;jah
2010-05-11;4,81;191;9,9;jah
2010-05-12;4,32;184;11,7;jah
2010-05-13;3,92;178;13,2;jah
2010-05-14;3,19;166;14,7;jah
2010-05-15;3,18;167;15,7;jah
2010-05-16;3,39;171;16,3;jah
2010-05-17;3,36;170;16,1;jah
2010-05-18;3,29;170;16,6;jah
2010-05-19;3,3;170;17,9;jah
2010-05-20;3,17;168;18;jah
2010-05-21;2,94;164;18;jah
2010-05-22;2,69;160;17,9;jah
2010-05-23;2,48;156;17,8;jah
2010-05-24;2,38;155;16,2;jah
2010-05-25;2,31;154;14;jah
2010-05-26;1,49;136;13,5;jah
2010-05-27;2,51;159;13,2;jah
2010-05-28;2,44;155;12,8;jah
2010-05-29;1,32;133;13;jah
2010-05-30;1,61;141;13,3;jah
2010-05-31;1,77;143;13,8;jah
2010-06-01;1,65;141;13,8;jah
2010-06-02;1,68;142;14,3;jah
2010-06-03;2,1;151;15,3;jah
2010-06-04;2,29;152;15,7;jah
2010-06-05;1,42;134;15,3;jah
2010-06-06;0,983;129;14,7;jah
2010-06-07;1,44;137;14,9;jah
2010-06-08;1,62;140;15,3;jah
2010-06-09;2,12;151;14,9;jah
2010-06-10;0,888;124;14,7;jah
2010-06-11;1,51;141;14,8;jah
2010-06-12;2,11;147;15,8;jah
2010-06-13;1,08;130;14,9;jah
2010-06-14;1,27;135;13,9;jah
2010-06-15;1,5;138;13,3;jah
2010-06-16;1,45;137;13,4;jah
2010-06-17;1,42;136;13,6;jah
2010-06-18;1,39;136;14,1;jah
2010-06-19;1,38;136;14,9;jah
2010-06-20;1,42;136;15,4;jah
2010-06-21;2,08;151;15,3;jah
2010-06-22;3,03;166;14;jah
2010-06-23;3,03;166;14;jah
2010-06-24;3,06;167;14,7;jah
2010-06-25;2,88;163;15,3;jah
2010-06-26;2,37;153;16,1;jah
2010-06-27;1,4;136;16,7;jah
2010-06-28;1,57;140;17,1;jah
2010-06-29;1,61;141;17,4;jah
2010-06-30;1,46;138;18;jah
2010-07-01;1,35;136;18,5;jah
2010-07-02;1,32;136;18,3;jah
2010-07-03;1,29;136;18;jah
2010-07-04;1,25;135;18,3;jah
2010-07-05;1,22;135;18,7;jah
2010-07-06;1,2;135;19,4;jah
2010-07-07;1,17;134;19,9;jah
2010-07-08;1,19;135;20,2;jah
2010-07-09;1,24;137;20,2;jah
2010-07-10;1,51;144;20,6;jah
2010-07-11;2,05;158;21,1;jah
2010-07-12;1,63;143;21,6;jah
2010-07-13;1,09;134;22,1;jah
2010-07-14;1,18;136;22,7;jah
2010-07-15;1,17;136;22,9;jah
2010-07-16;1,16;136;23;jah
2010-07-17;1,11;135;22,6;jah
2010-07-18;1,15;137;22,1;jah
2010-07-19;1,1;136;21,8;jah
2010-07-20;1,13;137;21,2;jah
2010-07-21;1,22;140;20,9;jah
2010-07-22;1,29;142;20,8;jah
2010-07-23;1,18;139;21,1;jah
2010-07-24;1,04;136;21,5;jah
2010-07-25;1,03;136;21,6;jah
2010-07-26;1,11;139;21,5;jah
2010-07-27;1,14;140;21,3;jah
2010-07-28;1,12;140;21,5;jah
2010-07-29;1,16;142;21,6;jah
2010-07-30;1,26;145;21,3;jah
2010-07-31;1,21;143;20,8;jah
2010-08-01;1,16;142;20;jah
2010-08-02;1,1;140;19,6;jah
2010-08-03;1,02;138;19,6;jah
2010-08-04;0,903;134;20;jah
2010-08-05;0,881;134;19,8;jah
2010-08-06;0,893;134;19,5;jah
2010-08-07;0,878;134;19,7;jah
2010-08-08;0,969;138;20,2;jah
2010-08-09;1,07;141;20,5;jah
2010-08-10;1,05;141;20,5;jah
2010-08-11;1,05;141;20;jah
2010-08-12;0,981;139;19,8;jah
2010-08-13;0,922;137;19,8;jah
2010-08-14;0,898;136;20,1;jah
2010-08-15;0,9;137;20,2;jah
2010-08-16;0,949;139;20,3;jah
2010-08-17;0,992;141;20,3;jah
2010-08-18;1,13;145;20,2;jah
2010-08-19;2,12;173;18,9;jah
2010-08-20;2,45;178;17,2;jah
2010-08-21;3,49;196;16,6;jah
2010-08-22;4,08;204;16,5;jah
2010-08-23;4,21;204;16,8;jah
2010-08-24;3,74;195;16,3;jah
2010-08-25;4,3;205;15,9;jah
2010-08-26;5,06;215;15,8;jah
2010-08-27;6,11;230;15,4;jah
2010-08-28;5,83;225;15,1;jah
2010-08-29;5,64;222;14,9;jah
2010-08-30;5,3;215;14,2;jah
2010-08-31;4,02;193;13,6;jah
2010-09-01;3,15;181;13,1;jah
2010-09-02;3,12;180;12,6;jah
2010-09-03;5,12;214;11,6;jah
2010-09-04;5,96;224;11,2;jah
2010-09-05;6,01;223;11,1;jah
2010-09-06;6,53;230;11,3;jah
2010-09-07;5,55;213;11,5;jah
2010-09-08;3,87;185;11,5;jah
2010-09-09;3,17;174;11,8;jah
2010-09-10;3,07;171;11,6;jah
2010-09-11;2,85;165;11,6;jah
2010-09-12;2,45;157;12,1;jah
2010-09-13;2,5;157;12,7;jah
2010-09-14;1,74;140;13,3;jah
2010-09-15;2,68;160;13,2;jah
2010-09-16;2,45;151;12,8;jah
2010-09-17;2,37;153;12,4;jah
2010-09-18;2,71;161;11,8;jah
2010-09-19;3,2;170;11,3;jah
2010-09-20;6,42;222;11,4;jah
2010-09-21;9,15;253;11,5;jah
2010-09-22;9,95;265;11,6;jah
2010-09-23;12,4;292;11,6;jah
2010-09-24;11,7;282;11,2;jah
2010-09-25;9,38;257;11,3;jah
2010-09-26;7,55;235;11,3;jah
2010-09-27;5,38;206;11,3;jah
2010-09-28;5,46;212;10,3;jah
2010-09-29;6,72;228;9;jah
2010-09-30;6,29;221;8,4;jah
2010-10-01;5,73;212;7,7;jah
2010-10-02;4,89;199;7,6;jah
2010-10-03;4,09;187;7,4;jah
2010-10-04;3,59;179;7,6;jah
2010-10-05;3,24;172;7,1;jah
2010-10-06;2,96;166;6,2;jah
2010-10-07;2,78;163;5,6;jah
2010-10-08;2,57;159;5,2;jah
2010-10-09;2,47;157;5;jah
2010-10-10;2,34;153;5,1;jah
2010-10-11;2,27;153;5,2;jah
2010-10-12;2,18;151;5,3;jah
2010-10-13;2,15;151;4,7;jah
2010-10-14;1,96;149;4,1;jah
2010-10-15;2,23;155;3,9;jah
2010-10-16;2,23;156;3,5;jah
2010-10-17;2,3;158;3,1;jah
2010-10-18;2,18;157;3;jah
2010-10-19;2,06;155;3,1;jah
2010-10-20;2,01;155;3,8;jah
2010-10-21;2,27;162;4,5;jah
2010-10-22;2,51;168;4,1;jah
2010-10-23;3,38;185;3,4;jah
2010-10-24;4,28;199;3,9;jah
2010-10-25;5,7;220;4,5;jah
2010-10-26;5,59;216;4,6;jah
2010-10-27;5,28;211;4,2;jah
2010-10-28;4,79;203;4;jah
2010-10-29;3,75;185;4,5;jah
2010-10-30;4,03;191;5,1;jah
2010-10-31;3,94;188;5;jah
2010-11-01;3,7;184;4,5;jah
2010-11-02;3,51;180;4,7;jah
2010-11-03;3,39;178;5,3;jah
2010-11-04;3,94;188;5,8;jah
2010-11-05;5,02;205;5,4;jah
2010-11-06;5,51;211;4,7;jah
2010-11-07;5,59;212;4;jah
2010-11-08;5,09;205;3;jah
2010-11-09;4,37;194;2,6;jah
2010-11-10;4,45;197;3;jah
2010-11-11;5,63;216;3,7;jah
2010-11-12;6,49;227;3,8;jah
2010-11-13;7,06;236;4,3;jah
2010-11-14;8,78;257;4,8;jah
2010-11-15;9,67;266;5,4;jah
2010-11-16;8,91;256;5,7;jah
2010-11-17;8,04;246;4,8;jah
2010-11-18;7,39;238;3,3;jah
2010-11-19;9,65;261;3,4;jah
2010-11-20;13,5;295;3,6;jah
2010-11-21;13,8;295;3,6;jah
2010-11-22;13,5;292;3,4;jah
2010-11-23;11,8;275;3,1;jah
2010-11-24;10,4;263;2,5;jah
2010-11-25;9,93;262;1,2;jah
2010-11-26;8,31;245;0,2;jah
2010-11-27;5,92;222;0,1;jah
2010-11-28;5,14;222;0,1;jah
2010-11-29;4,42;215;0,1;jah
2010-11-30;4,69;220;0,2;jah
2010-12-01;4,87;221;0,1;jah
2010-12-02;3,02;186;0,2;jah
2010-12-03;2,78;182;0,2;jah
2010-12-04;2,64;177;0,1;jah
2010-12-05;2,55;172;0,1;jah
2010-12-06;2,51;169;0,1;jah
2010-12-07;2,54;168;0,1;jah
2010-12-08;2,52;165;0;jah
2010-12-09;2,61;166;0;jah
2010-12-10;2,63;164;0;jah
2010-12-11;2,72;164;0;jah
2010-12-12;2,74;163;0;jah
2010-12-13;3,22;170;0;jah
2010-12-14;2,96;163;0;jah
2010-12-15;2,81;162;0;jah
2010-12-16;2,72;161;0;jah
2010-12-17;2,62;161;0,1;jah
2010-12-18;2,54;161;0,1;jah
2010-12-19;2,47;161;0,1;jah
2010-12-20;2,37;160;0,3;jah
2010-12-21;2,29;160;0,3;jah
2010-12-22;2,22;160;0,3;jah
2010-12-23;2,12;159;0,3;jah
2010-12-24;2,22;162;0,3;jah
2010-12-25;2,36;166;0,4;jah
2010-12-26;2,52;170;0,4;jah
2010-12-27;2,34;168;0,4;jah
2010-12-28;2,41;169;0,4;jah
2010-12-29;2,5;170;0,3;jah
2010-12-30;2,56;170;0,3;jah
2010-12-31;2,59;169;0,3;jah
2011-01-01;2,64;169;0,3;jah
2011-01-02;2,66;169;0,3;jah
2011-01-03;2,65;167;0,3;jah
2011-01-04;2,65;167;0,3;jah
2011-01-05;2,68;166;0,3;jah
2011-01-06;2,68;165;0,3;jah
2011-01-07;2,74;165;0,3;jah
2011-01-08;2,71;164;0,3;jah
2011-01-09;2,65;162;0,2;jah
2011-01-10;3,08;169;0,3;jah
2011-01-11;3,79;179;0,4;jah
2011-01-12;4,15;183;0,4;jah
2011-01-13;4,36;185;0,4;jah
2011-01-14;4,36;185;0,3;jah
2011-01-15;4,26;183;0,3;jah
2011-01-16;5,37;199;0,4;jah
2011-01-17;4,86;189;0,4;jah
2011-01-18;4,13;180;0,3;jah
2011-01-19;4,34;183;0,3;jah
2011-01-20;4,27;182;0,3;jah
2011-01-21;4,08;179;0,3;jah
2011-01-22;3,79;176;0,2;jah
2011-01-23;3,73;177;0,3;jah
2011-01-24;3,67;173;0,3;jah
2011-01-25;3,52;172;0,2;jah
2011-01-26;3,53;174;0,3;jah
2011-01-27;3,72;193;0,5;jah
2011-01-28;3,91;184;0,4;jah
2011-01-29;3,73;175;0,3;jah
2011-01-30;3,47;171;0,3;jah
2011-01-31;3,19;167;0,2;jah
2011-02-01;2,96;164;0,2;jah
2011-02-02;2,77;163;0,1;jah
2011-02-03;2,65;163;0,2;jah
2011-02-04;2,61;165;0,2;jah
2011-02-05;2,62;168;0,3;jah
2011-02-06;2,53;168;0,3;jah
2011-02-07;2,33;167;0,3;jah
2011-02-08;2,25;169;0,2;jah
2011-02-09;2,29;172;0,2;jah
2011-02-10;2,38;183;0,4;jah
2011-02-11;2,78;188;0,3;jah
2011-02-12;2,76;202;0,3;jah
2011-02-13;2,64;209;0,3;jah
2011-02-14;2,52;202;0,3;jah
2011-02-15;2,4;190;0,2;jah
2011-02-16;2,29;184;0,2;jah
2011-02-17;2,18;178;0,1;jah
2011-02-18;2,07;174;0;jah
2011-02-19;1,96;172;0;jah
2011-02-20;1,89;172;0;jah
2011-02-21;2,2;176;0;jah
2011-02-22;2,16;177;0,1;jah
2011-02-23;2,5;183;0,2;jah
2011-02-24;2,32;181;0,1;jah
2011-02-25;2,87;188;0,1;jah
2011-02-26;2,65;186;0,1;jah
2011-02-27;2,61;183;0,1;jah
2011-02-28;2,54;183;0,1;jah
2011-03-01;2,42;180;0,1;jah
2011-03-02;2,31;178;0,1;jah
2011-03-03;2,24;177;0,1;jah
2011-03-04;2,21;176;0,2;jah
2011-03-05;2,19;175;0,2;jah
2011-03-06;2,13;174;0,2;jah
2011-03-07;2,06;172;0,2;jah
2011-03-08;1,99;171;0,2;jah
2011-03-09;1,94;169;0,2;jah
2011-03-10;1,89;166;0,2;jah
2011-03-11;2,52;175;0,2;jah
2011-03-12;2,43;171;0,2;jah
2011-03-13;2,4;166;0,2;jah
2011-03-14;2,6;170;0,2;jah
2011-03-15;2,52;164;0,2;jah
2011-03-16;2,39;160;0,2;jah
2011-03-17;2,46;158;0,2;jah
2011-03-18;2,32;157;0,2;jah
2011-03-19;2,53;156;0,2;jah
2011-03-20;2,36;153;0,2;jah
2011-03-21;2,39;150;0,2;jah
2011-03-22;2,3;150;0,3;jah
2011-03-23;2,45;153;0,3;jah
2011-03-24;2,53;154;0,3;jah
2011-03-25;2,22;150;0,2;jah
2011-03-26;2,88;160;0,2;jah
2011-03-27;2,54;156;0,3;jah
2011-03-28;2,47;155;0,3;jah
2011-03-29;2,16;150;0,3;jah
2011-03-30;2,4;154;0,3;jah
2011-03-31;1,88;147;0,3;jah
2011-04-01;1,99;151;0,4;jah
2011-04-02;1,99;154;0,5;jah
2011-04-03;2,51;168;0,6;jah
2011-04-04;5,13;214;0,9;jah
2011-04-05;9,01;266;0,9;jah
2011-04-06;14,6;323;0,4;jah
2011-04-07;18,3;356;0,5;jah
2011-04-08;21,5;381;0,4;jah
2011-04-09;22,7;385;0,7;jah
2011-04-10;22,9;382;1,1;jah
2011-04-11;22,5;374;1,6;jah
2011-04-12;20,7;354;2,3;jah
2011-04-13;19,1;338;3,2;jah
2011-04-14;17,3;322;3,8;jah
2011-04-15;15,4;305;4,4;jah
2011-04-16;14;292;4,9;jah
2011-04-17;13;284;6;jah
2011-04-18;13,1;286;6,8;jah
2011-04-19;13,1;287;6,9;jah
2011-04-20;12,6;280;6,7;jah
2011-04-21;11,4;264;7,4;jah
2011-04-22;9,95;247;8,1;jah
2011-04-23;8,72;231;9,1;jah
2011-04-24;7,97;221;9,9;jah
2011-04-25;5,57;191;10,5;jah
2011-04-26;6,84;207;11,4;jah
2011-04-27;6,15;197;11,9;jah
2011-04-28;5,44;189;12,3;jah
2011-04-29;4,81;181;11,8;jah
2011-04-30;4,25;174;11,4;jah
2011-05-01;4,02;172;10,7;jah
2011-05-02;3,77;168;9,3;jah
2011-05-03;3,37;163;8,6;jah
2011-05-04;3,32;164;8,5;jah
2011-05-05;3,45;166;8,6;jah
2011-05-06;3,52;167;9;jah
2011-05-07;3,39;166;9,9;jah
2011-05-08;3,06;162;10,9;jah
2011-05-09;2,88;160;11,9;jah
2011-05-10;2,64;157;12,7;jah
2011-05-11;2,5;154;13,7;jah
2011-05-12;2,14;150;14,6;jah
2011-05-13;2,17;154;14,9;jah
2011-05-14;2,3;155;14;jah
2011-05-15;2,37;157;12,4;jah
2011-05-16;2,64;164;11,6;jah
2011-05-17;3,35;176;10,9;jah
2011-05-18;3,75;181;11,1;jah
2011-05-19;3,96;183;11,5;jah
2011-05-20;3,74;178;12,9;jah
2011-05-21;3,29;168;13,8;jah
2011-05-22;2,58;159;14,5;jah
2011-05-23;3,42;171;14,5;jah
2011-05-24;3,54;170;14;jah
2011-05-25;3,27;166;13,8;jah
2011-05-26;3,13;163;13,6;jah
2011-05-27;2,99;161;13,8;jah
2011-05-28;2,59;154;14,4;jah
2011-05-29;2,4;151;14,2;jah
2011-05-30;2,5;153;13,7;jah
2011-05-31;2,25;149;15,2;jah
2011-06-01;2,09;146;17,2;jah
2011-06-02;1,95;144;18,1;jah
2011-06-03;2,57;154;18,3;jah
2011-06-04;1,52;136;18,3;jah
2011-06-05;1,93;144;18,7;jah
2011-06-06;1,54;136;19,7;jah
2011-06-07;1,34;133;20,3;jah
2011-06-08;1,35;133;21,3;jah
2011-06-09;1,4;134;21,1;jah
2011-06-10;1,41;135;20,9;jah
2011-06-11;1,3;132;21,3;jah
2011-06-12;1,3;133;21,5;jah
2011-06-13;1,3;133;20,6;jah
2011-06-14;1,29;133;18,7;jah
2011-06-15;1,27;132;17,7;jah
2011-06-16;1,25;132;16,9;jah
2011-06-17;1,24;132;16,8;jah
2011-06-18;1,35;135;17;jah
2011-06-19;1,35;135;16,6;jah
2011-06-20;1,36;135;16,2;jah
2011-06-21;1,34;135;16,5;jah
2011-06-22;1,31;134;16,5;jah
2011-06-23;1,27;134;16,3;jah
2011-06-24;1,28;134;16,1;jah
2011-06-25;1,51;138;16,6;jah
2011-06-26;1,22;133;16,5;jah
2011-06-27;1,27;134;17,1;jah
2011-06-28;1,25;133;17,9;jah
2011-06-29;1,21;133;18,6;jah
2011-06-30;1,19;132;19,4;jah
2011-07-01;1,19;132;20,1;jah
2011-07-02;1,17;132;20,9;jah
2011-07-03;1,19;133;20,5;jah
2011-07-04;1,24;134;19,8;jah
2011-07-05;1,19;133;19,2;jah
2011-07-06;1,18;133;19,3;jah
2011-07-07;1,19;133;19,6;jah
2011-07-08;1,18;133;20,4;jah
2011-07-09;1,83;148;20,8;jah
2011-07-10;2,18;150;19,9;jah
2011-07-11;1,65;143;20,5;jah
2011-07-12;1,57;142;20,5;jah
2011-07-13;1,36;137;19,5;jah
2011-07-14;1,18;134;19,3;jah
2011-07-15;1,35;137;19,1;jah
2011-07-16;1,2;135;19,2;jah
2011-07-17;1,16;134;19;jah
2011-07-18;1,31;138;19;jah
2011-07-19;1,18;134;19,8;jah
2011-07-20;1,15;134;20;jah
2011-07-21;1,14;134;20,7;jah
2011-07-22;1,14;134;21,6;jah
2011-07-23;1,11;134;21,6;jah
2011-07-24;1,11;134;20,2;jah
2011-07-25;1,43;141;19,2;jah
2011-07-26;1,2;136;19,6;jah
2011-07-27;1,66;147;19,7;jah
2011-07-28;1,3;139;20,3;jah
2011-07-29;1,36;141;19,8;jah
2011-07-30;1,45;143;19,1;jah
2011-07-31;1,36;141;18,6;jah
2011-08-01;1,22;138;18,4;jah
2011-08-02;1,17;136;17,3;jah
2011-08-03;1,15;135;16,7;jah
2011-08-04;1,11;134;16,5;jah
2011-08-05;1,13;133;16,7;jah
2011-08-06;1,1;132;16,9;jah
2011-08-07;1,06;131;17,5;jah
2011-08-08;1,13;132;17,9;jah
2011-08-09;1,15;132;17,6;jah
2011-08-10;1,23;133;16,6;jah
2011-08-11;1,37;136;16;jah
2011-08-12;1,46;137;15,2;jah
2011-08-13;1,58;140;14,9;jah
2011-08-14;1,57;140;15,7;jah
2011-08-15;1,5;139;16,5;jah
2011-08-16;1,36;137;17;jah
2011-08-17;1,4;139;17,2;jah
2011-08-18;1,37;139;17;jah
2011-08-19;1,41;140;16,7;jah
2011-08-20;1,41;141;16,4;jah
2011-08-21;1,45;143;16;jah
2011-08-22;1,46;144;15,7;jah
2011-08-23;1,53;146;15,8;jah
2011-08-24;1,41;143;15,7;jah
2011-08-25;1,34;141;15,7;jah
2011-08-26;1,3;140;15,9;jah
2011-08-27;1,22;138;16,3;jah
2011-08-28;1,15;136;16,4;jah
2011-08-29;1,14;136;15,4;jah
2011-08-30;1,2;137;14,8;jah
2011-08-31;1,2;136;14,2;jah
2011-09-01;1,22;137;13,8;jah
2011-09-02;1,28;138;13,3;jah
2011-09-03;1,37;140;13,3;jah
2011-09-04;1,36;139;13;jah
2011-09-05;1,31;138;12,8;jah
2011-09-06;1,29;137;12,5;jah
2011-09-07;1,31;137;12,6;jah
2011-09-08;1,34;138;13;jah
2011-09-09;1,35;138;12,4;jah
2011-09-10;1,35;138;12;jah
2011-09-11;1,32;137;12,2;jah
2011-09-12;1,29;137;12,1;jah
2011-09-13;1,29;137;12,4;jah
2011-09-14;1,28;137;12,5;jah
2011-09-15;1,33;138;12,6;jah
2011-09-16;1,34;138;12,3;jah
2011-09-17;1,27;136;12,2;jah
2011-09-18;1,23;135;11,8;jah
2011-09-19;1,2;135;11,7;jah
2011-09-20;1,17;134;11,9;jah
2011-09-21;1,14;133;11,6;jah
2011-09-22;1,13;133;11,9;jah
2011-09-23;1,11;132;11,8;jah
2011-09-24;1,1;132;11,1;jah
2011-09-25;1,11;132;10,8;jah
2011-09-26;1,11;132;11;jah
2011-09-27;1,09;131;10,9;jah
2011-09-28;1,07;130;10,8;jah
2011-09-29;1,09;131;10,9;jah
2011-09-30;1,09;131;11,6;jah
2011-10-01;1,07;131;11,7;jah
2011-10-02;1,01;130;10,8;jah
2011-10-03;0,974;129;10,4;jah
2011-10-04;0,951;129;10,6;jah
2011-10-05;0,951;130;10,4;jah
2011-10-06;0,974;131;10,4;jah
2011-10-07;0,994;132;10,7;jah
2011-10-08;0,992;132;9,9;jah
2011-10-09;0,968;132;9,5;jah
2011-10-10;0,914;131;8,7;jah
2011-10-11;1,03;135;8,5;jah
2011-10-12;0,68;120;7,8;jah
2011-10-13;0,809;130;7,1;jah
2011-10-14;1,62;148;6,6;jah
2011-10-15;1,58;145;6,2;jah
2011-10-16;1,47;142;6,2;jah
2011-10-17;1,43;140;6,4;jah
2011-10-18;1,31;137;6,1;jah
2011-10-19;1,29;136;5,6;jah
2011-10-20;1,3;136;5,6;jah
2011-10-21;1,31;136;5,7;jah
2011-10-22;1,39;137;5,6;jah
2011-10-23;1,44;137;5,9;jah
2011-10-24;1,5;138;6,6;jah
2011-10-25;1,57;138;6,4;jah
2011-10-26;1,56;137;5,7;jah
2011-10-27;1,54;137;5,3;jah
2011-10-28;1,44;135;4,7;jah
2011-10-29;1,4;134;4,6;jah
2011-10-30;1,44;135;5,1;jah
2011-10-31;1,5;135;5,9;jah
2011-11-01;1,46;135;6,5;jah
2011-11-02;1,48;135;6,8;jah
2011-11-03;1,49;135;7,1;jah
2011-11-04;1,45;134;7,1;jah
2011-11-05;1,43;133;6,7;jah
2011-11-06;1,36;132;6,1;jah
2011-11-07;1,32;131;5,6;jah
2011-11-08;1,33;131;5,5;jah
2011-11-09;1,28;130;5,2;jah
2011-11-10;1,26;130;4,5;jah
2011-11-11;1,17;128;3,6;jah
2011-11-12;1,15;128;3,3;jah
2011-11-13;1,14;128;3,4;jah
2011-11-14;1,13;128;3,7;jah
2011-11-15;1,13;128;3,8;jah
2011-11-16;1,08;127;3,3;jah
2011-11-17;1,04;126;3;jah
2011-11-18;1,07;127;3,3;jah
2011-11-19;1,12;128;3,8;jah
2011-11-20;1,15;129;3,9;jah
2011-11-21;1,14;129;2,9;jah
2011-11-22;1,09;128;2,1;jah
2011-11-23;1,06;128;2,2;jah
2011-11-24;1,05;128;2,7;jah
2011-11-25;1,05;129;3,3;jah
2011-11-26;1,07;130;3,7;jah
2011-11-27;1,18;133;4;jah
2011-11-28;1,89;150;4,3;jah
2011-11-29;2,53;162;3,6;jah
2011-11-30;2,7;165;3,3;jah
2011-12-01;2,39;159;3,1;jah
2011-12-02;2,13;154;2,8;jah
2011-12-03;2,49;161;2,8;jah
2011-12-04;3,04;169;2,7;jah
2011-12-05;3,53;176;2,8;jah
2011-12-06;3,57;176;2,6;jah
2011-12-07;3,31;171;2,2;jah
2011-12-08;2,95;164;1,8;jah
2011-12-09;2,8;162;1,5;jah
2011-12-10;2,47;156;1,3;jah
2011-12-11;2,48;156;1,4;jah
2011-12-12;3,62;173;1,6;jah
2011-12-13;3,56;171;1,7;jah
2011-12-14;3,51;171;1,8;jah
2011-12-15;3,61;174;2,3;jah
2011-12-16;4,26;184;2,4;jah
2011-12-17;4,68;191;2,2;jah
2011-12-18;5,09;198;2,3;jah
2011-12-19;5,76;208;2,3;jah
2011-12-20;6,51;219;2;jah
2011-12-21;6,36;217;1,8;jah
2011-12-22;5,8;209;1,5;jah
2011-12-23;4,89;195;1,2;jah
2011-12-24;3,82;180;0,8;jah
2011-12-25;3,3;172;0,8;jah
2011-12-26;3,42;174;1,4;jah
2011-12-27;4,22;186;2,1;jah
2011-12-28;4,78;193;1,9;jah
2011-12-29;4,74;191;1,7;jah
2011-12-30;4,53;187;1,9;jah
2011-12-31;4,3;184;1,8;jah
2012-01-01;4,06;180;1,3;jah
2012-01-02;2,84;157;0,6;jah
2012-01-03;2,63;159;0,4;jah
2012-01-04;3,02;166;0,7;jah
2012-01-05;4,3;188;1,1;jah
2012-01-06;6,22;215;1,1;jah
2012-01-07;7,17;227;0,8;jah
2012-01-08;7,06;226;0,6;jah
2012-01-09;6,33;217;0,6;jah
2012-01-10;5,66;210;0,7;jah
2012-01-11;4,25;189;0,7;jah
2012-01-12;3,97;188;0,8;jah
2012-01-13;7,24;235;1;jah
2012-01-14;9,07;252;0,7;jah
2012-01-15;8,6;246;0,4;jah
2012-01-16;8,9;248;0,2;jah
2012-01-17;6,68;220;0,1;jah
2012-01-18;5,39;203;0,2;jah
2012-01-19;4,56;191;0,2;jah
2012-01-20;4,09;184;0,1;jah
2012-01-21;3,95;182;0,1;jah
2012-01-22;3,74;178;0,1;jah
2012-01-23;3,25;175;0,1;jah
2012-01-24;2,84;171;0,1;jah
2012-01-25;2,55;180;0,1;jah
2012-01-26;2,44;187;0,2;jah
2012-01-27;2,33;191;0,2;jah
2012-01-28;2,22;183;0,1;jah
2012-01-29;2,12;172;0;jah
2012-01-30;2,02;167;0;jah
2012-01-31;1,92;163;0;jah
2012-02-01;1,83;161;0;jah
2012-02-02;1,71;159;0;jah
2012-02-03;1,57;157;0,1;jah
2012-02-04;1,46;156;0,1;jah
2012-02-05;1,38;155;0,1;jah
2012-02-06;1,34;156;0,1;jah
2012-02-07;1,29;155;0,1;jah
2012-02-08;1,27;156;0,1;jah
2012-02-09;1,3;156;0,1;jah
2012-02-10;1,28;155;0,1;jah
2012-02-11;1,32;156;0,1;jah
2012-02-12;1,31;155;0,1;jah
2012-02-13;1,37;156;0,1;jah
2012-02-14;1,42;156;0,1;jah
2012-02-15;1,4;155;0,1;jah
2012-02-16;1,34;153;0,1;jah
2012-02-17;1,33;152;0,2;jah
2012-02-18;1,34;152;0,1;jah
2012-02-19;1,36;152;0,1;jah
2012-02-20;1,41;153;0,1;jah
2012-02-21;1,46;152;0,1;jah
2012-02-22;1,52;152;0,1;jah
2012-02-23;1,84;158;0,1;jah
2012-02-24;2,31;165;0,1;jah
2012-02-25;2,34;164;0,1;jah
2012-02-26;2,27;161;0,2;jah
2012-02-27;2,31;161;0,2;jah
2012-02-28;2,36;160;0,2;jah
2012-02-29;2,37;159;0,2;jah
2012-03-01;2,33;157;0,2;jah
2012-03-02;2,31;155;0,1;jah
2012-03-03;2,29;155;0,1;jah
2012-03-04;2,21;153;0,1;jah
2012-03-05;2,08;151;0,1;jah
2012-03-06;2,04;150;0,1;jah
2012-03-07;2,01;151;0,1;jah
2012-03-08;1,97;149;0,1;jah
2012-03-09;1,94;147;0,1;jah
2012-03-10;1,84;145;0,1;jah
2012-03-11;1,88;146;0,1;jah
2012-03-12;1,94;147;0,1;jah
2012-03-13;2,12;150;0,1;jah
2012-03-14;2,38;154;0,1;jah
2012-03-15;2,3;155;0,1;jah
2012-03-16;2,19;155;0,1;jah
2012-03-17;2,17;157;0,1;jah
2012-03-18;3,06;176;0,1;jah
2012-03-19;4,72;206;0,2;jah
2012-03-20;6,33;231;0,2;jah
2012-03-21;6,42;233;0,3;jah
2012-03-22;7,2;242;0,3;jah
2012-03-23;9,52;266;0,3;jah
2012-03-24;11,2;279;0,3;jah
2012-03-25;13,4;302;0,5;jah
2012-03-26;14,3;304;0,6;jah
2012-03-27;14,6;310;0,7;jah
2012-03-28;14,3;304;1,4;jah
2012-03-29;13,3;295;1,8;jah
2012-03-30;13;291;1,8;jah
2012-03-31;13,3;295;1,7;jah
2012-04-01;12,5;284;1,3;jah
2012-04-02;10,5;261;1,2;jah
2012-04-03;8,7;240;1,3;jah
2012-04-04;7,34;223;1,3;jah
2012-04-05;6,27;209;1,9;jah
2012-04-06;5,37;196;2,4;jah
2012-04-07;3,87;179;2,9;jah
2012-04-08;4,77;191;2,8;jah
2012-04-09;4,54;188;2,5;jah
2012-04-10;4,31;185;3,2;jah
2012-04-11;4,01;182;3,8;jah
2012-04-12;3,87;180;4,9;jah
2012-04-13;3,99;182;5,7;jah
2012-04-14;4,3;187;6;jah
2012-04-15;4,91;196;5,9;jah
2012-04-16;4,63;192;5,4;jah
2012-04-17;5,78;210;4,8;jah
2012-04-18;6,37;217;4,7;jah
2012-04-19;6,63;221;4,7;jah
2012-04-20;6,7;222;5,4;jah
2012-04-21;6,73;223;6,3;jah
2012-04-22;6,24;214;7,2;jah
2012-04-23;5,81;210;7,7;jah
2012-04-24;5,66;208;8;jah
2012-04-25;5,27;201;7,9;jah
2012-04-26;5,29;201;9,2;jah
2012-04-27;5,02;196;10,1;jah
2012-04-28;4,53;189;11,3;jah
2012-04-29;3,64;175;11,9;jah
2012-04-30;3,56;174;11,7;jah
2012-05-01;3,25;168;12;jah
2012-05-02;2,99;164;11,6;jah
2012-05-03;2,8;161;11,5;jah
2012-05-04;2,59;157;11,5;jah
2012-05-05;2,47;156;12,5;jah
2012-05-06;2,33;153;12,1;jah
2012-05-07;2,23;152;11,7;jah
2012-05-08;2,15;151;11,5;jah
2012-05-09;2,09;150;12,1;jah
2012-05-10;1,99;148;13;jah
2012-05-11;2,11;151;13,6;jah
2012-05-12;2,44;156;13,4;jah
2012-05-13;2,42;155;12,3;jah
2012-05-14;2,31;153;11,8;jah
2012-05-15;2,11;150;12,5;jah
2012-05-16;1,97;148;13,4;jah
2012-05-17;1,92;147;13,9;jah
2012-05-18;2,28;154;13,2;jah
2012-05-19;2,44;156;12,3;jah
2012-05-20;2,5;156;13,2;jah
2012-05-21;2,35;153;14,1;jah
2012-05-22;2,17;150;15,1;jah
2012-05-23;2,01;147;16;jah
2012-05-24;1,84;144;15,3;jah
2012-05-25;1,71;142;15;jah
2012-05-26;1,63;140;14,6;jah
2012-05-27;1,61;140;14,6;jah
2012-05-28;1,65;140;15,1;jah
2012-05-29;1,63;140;15,1;jah
2012-05-30;1,8;144;13,7;jah
2012-05-31;1,82;144;12,3;jah
2012-06-01;1,85;146;11,9;jah
2012-06-02;2,23;153;12,3;jah
2012-06-03;2,47;157;12,3;jah
2012-06-04;2,65;160;12,5;jah
2012-06-05;2,43;157;12,7;jah
2012-06-06;2,04;151;13,1;jah
2012-06-07;1,8;147;13,2;jah
2012-06-08;1,63;144;13,5;jah
2012-06-09;1,48;142;14,1;jah
2012-06-10;1,4;141;14,8;jah
2012-06-11;1,62;147;14,3;jah
2012-06-12;2,49;163;13,7;jah
2012-06-13;2,53;164;14,3;jah
2012-06-14;2,42;161;15,2;jah
2012-06-15;2,03;154;15,8;jah
2012-06-16;1,73;149;16,5;jah
2012-06-17;1,56;146;16,9;jah
2012-06-18;1,47;144;16,5;jah
2012-06-19;1,48;145;15,7;jah
2012-06-20;1,51;146;15,6;jah
2012-06-21;1,42;144;16;jah
2012-06-22;1,31;141;16,5;jah
2012-06-23;1,32;142;16,2;jah
2012-06-24;1,35;143;15,1;jah
2012-06-25;1,42;145;14,8;jah
2012-06-26;1,44;146;14,9;jah
2012-06-27;1,54;148;15,2;jah
2012-06-28;1,49;147;15,2;jah
2012-06-29;1,4;145;15,3;jah
2012-06-30;1,35;143;15,4;jah
2012-07-01;1,33;142;16,8;jah
2012-07-02;1,46;145;17,1;jah
2012-07-03;1,47;145;16,3;jah
2012-07-04;1,42;144;16,6;jah
2012-07-05;1,38;142;17,1;jah
2012-07-06;1,32;141;18;jah
2012-07-07;1,43;143;19,7;jah
2012-07-08;1,41;142;20,5;jah
2012-07-09;1,32;140;20,7;jah
2012-07-10;1,3;140;20,2;jah
2012-07-11;1,25;139;19,2;jah
2012-07-12;1,32;142;18,5;jah
2012-07-13;2,41;164;17,9;jah
2012-07-14;2,59;167;17,2;jah
2012-07-15;2,94;174;16,8;jah
2012-07-16;3,24;178;16,3;jah
2012-07-17;2,91;173;15,7;jah
2012-07-18;2,67;169;15,5;jah
2012-07-19;2,38;164;15,7;jah
2012-07-20;2,14;160;15,9;jah
2012-07-21;2,06;158;15,8;jah
2012-07-22;1,87;154;16,2;jah
2012-07-23;1,82;153;15,7;jah
2012-07-24;1,74;151;16,2;jah
2012-07-25;1,6;147;16,8;jah
2012-07-26;1,5;145;17,3;jah
2012-07-27;1,43;143;18;jah
2012-07-28;1,36;142;18,8;jah
2012-07-29;1,3;141;19,8;jah
2012-07-30;1,24;140;20,6;jah
2012-07-31;1,24;140;20,2;jah
2012-08-01;1,24;140;18,3;jah
2012-08-02;1,27;141;17;jah
2012-08-03;1,28;141;17,1;jah
2012-08-04;1,26;141;17,7;jah
2012-08-05;1,25;141;17,6;jah
2012-08-06;1,19;139;17,2;jah
2012-08-07;1,19;140;16,9;jah
2012-08-08;1,26;142;16,3;jah
2012-08-09;1,45;147;16,1;jah
2012-08-10;1,51;148;15,8;jah
2012-08-11;1,73;153;15,2;jah
2012-08-12;1,62;151;14,2;jah
2012-08-13;1,44;147;14,3;jah
2012-08-14;1,34;145;14,7;jah
2012-08-15;1,26;143;15;jah
2012-08-16;1,25;143;15,4;jah
2012-08-17;1,23;143;16;jah
2012-08-18;1,21;142;16,1;jah
2012-08-19;1,21;142;15,9;jah
2012-08-20;1,26;144;15,9;jah
2012-08-21;1,27;144;14,9;jah
2012-08-22;1,24;143;13,7;jah
2012-08-23;1,16;141;13,7;jah
2012-08-24;1,62;153;14,3;jah
2012-08-25;2,12;163;14,5;jah
2012-08-26;2,58;172;14,6;jah
2012-08-27;2,64;172;14,8;jah
2012-08-28;2,9;177;14,6;jah
2012-08-29;3,04;178;14,4;jah
2012-08-30;2,89;175;14,1;jah
2012-08-31;2,94;176;14;jah
2012-09-01;2,37;165;13,6;jah
2012-09-02;2,11;160;13,6;jah
2012-09-03;1,79;154;14;jah
2012-09-04;1,72;152;14,3;jah
2012-09-05;1,73;152;14,5;jah
2012-09-06;1,68;151;14,4;jah
2012-09-07;1,69;151;13,3;jah
2012-09-08;1,73;152;12,4;jah
2012-09-09;1,76;152;11,9;jah
2012-09-10;1,72;151;11,6;jah
2012-09-11;1,7;151;11,8;jah
2012-09-12;1,63;149;12,5;jah
2012-09-13;1,59;148;12,8;jah
2012-09-14;1,59;148;12,6;jah
2012-09-15;1,58;148;12,5;jah
2012-09-16;1,55;147;12,2;jah
2012-09-17;1,52;146;12,6;jah
2012-09-18;1,48;145;13,1;jah
2012-09-19;1,46;145;13,2;jah
2012-09-20;1,5;145;13;jah
2012-09-21;1,44;144;12,1;jah
2012-09-22;1,45;144;11,4;jah
2012-09-23;1,48;145;11,1;jah
2012-09-24;1,53;146;10,8;jah
2012-09-25;1,53;146;10,6;jah
2012-09-26;1,58;147;10,6;jah
2012-09-27;1,54;146;11;jah
2012-09-28;2,24;160;11,7;jah
2012-09-29;1,99;154;11,5;jah
2012-09-30;1,85;152;11,1;jah
2012-10-01;2,06;155;10,6;jah
2012-10-02;2,07;156;10,3;jah
2012-10-03;2,05;155;10,2;jah
2012-10-04;1,99;154;10,5;jah
2012-10-05;1,95;153;10,7;jah
2012-10-06;2,11;155;10,1;jah
2012-10-07;2,39;161;9,5;jah
2012-10-08;3,23;176;9,1;jah
2012-10-09;4,53;195;8,8;jah
2012-10-10;5,63;211;8,3;jah
2012-10-11;5,65;208;8,2;jah
2012-10-12;5,06;201;8;jah
2012-10-13;4,9;197;7,4;jah
2012-10-14;4,23;187;7;jah
2012-10-15;3,76;180;7,1;jah
2012-10-16;3,41;174;7,9;jah
2012-10-17;4,18;188;8,3;jah
2012-10-18;5,85;210;8,3;jah
2012-10-19;5,96;211;8,4;jah
2012-10-20;6,08;212;8,9;jah
2012-10-21;5,54;203;8,9;jah
2012-10-22;4,65;190;8,9;jah
2012-10-23;3,93;179;7,4;jah
2012-10-24;3,46;173;6,8;jah
2012-10-25;3,45;173;6,5;jah
2012-10-26;3,63;176;5,3;jah
2012-10-27;3,74;177;4;jah
2012-10-28;3,81;178;3,6;jah
2012-10-29;3,76;177;3,4;jah
2012-10-30;3,4;171;2,8;jah
2012-10-31;3,16;168;2,5;jah
2012-11-01;2,88;164;2,7;jah
2012-11-02;2,84;165;3,1;jah
2012-11-03;3,51;178;4;jah
2012-11-04;5,26;203;4,7;jah
2012-11-05;6;215;4,7;jah
2012-11-06;7,72;239;4,6;jah
2012-11-07;8,15;241;4,3;jah
2012-11-08;8,33;243;3,8;jah
2012-11-09;7,73;234;3,5;jah
2012-11-10;7,13;225;2,8;jah
2012-11-11;6,15;210;2,7;jah
2012-11-12;5,38;199;3,2;jah
2012-11-13;5,14;195;3,4;jah
2012-11-14;4,92;191;3,3;jah
2012-11-15;4,93;191;4,4;jah
2012-11-16;5,16;194;4,6;jah
2012-11-17;5,18;194;4,8;jah
2012-11-18;5,17;194;4,8;jah
2012-11-19;4,65;187;4,4;jah
2012-11-20;4,24;182;4,2;jah
2012-11-21;2,98;163;4,2;jah
2012-11-22;3,34;170;4,3;jah
2012-11-23;3,28;169;4,3;jah
2012-11-24;3,1;167;4,6;jah
2012-11-25;3,06;167;4,7;jah
2012-11-26;3,04;167;4,3;jah
2012-11-27;2,92;166;3,6;jah
2012-11-28;2,88;166;2,8;jah
2012-11-29;2,92;167;1,7;jah
2012-11-30;2,85;167;0,6;jah
2012-12-01;2,85;168;0,4;jah
2012-12-02;2,82;169;0,3;jah
2012-12-03;2,88;171;0,4;jah
2012-12-04;2,81;171;0,4;jah
2012-12-05;2,4;165;0,2;jah
2012-12-06;2,67;171;0,2;jah
2012-12-07;2,46;169;0,3;jah
2012-12-08;2,29;167;0,2;jah
2012-12-09;1,92;161;0,1;jah
2012-12-10;2,04;164;0,1;jah
2012-12-11;2,01;164;0;jah
2012-12-12;2,23;167;0;jah
2012-12-13;2,18;165;0;jah
2012-12-14;2,09;163;0;jah
2012-12-15;2,05;161;0;jah
2012-12-16;2,22;164;0;jah
2012-12-17;2,15;162;0;jah
2012-12-18;2,19;163;0;jah
2012-12-19;2,13;161;0;jah
2012-12-20;2,12;161;0;jah
2012-12-21;2,13;161;0;jah
2012-12-22;2,08;160;0;jah
2012-12-23;2,05;159;0;jah
2012-12-24;2,05;159;0;jah
2012-12-25;2,06;160;0;jah
2012-12-26;2,21;163;0;jah
2012-12-27;2,46;167;0;jah
2012-12-28;3,21;181;0,1;jah
2012-12-29;3,8;190;0,3;jah
2012-12-30;3,91;193;0,2;jah
2012-12-31;3,87;193;0,2;jah
2013-01-01;4,14;199;0,2;jah
2013-01-02;5,86;227;0,3;jah
2013-01-03;7,5;249;0,1;jah
2013-01-04;8,76;263;0,2;jah
2013-01-05;8,33;257;0,3;jah
2013-01-06;7,83;251;0,2;jah
2013-01-07;6,85;238;0,1;jah
2013-01-08;5,37;218;0,1;jah
2013-01-09;4,59;207;0,1;jah
2013-01-10;3,94;197;0,1;jah
2013-01-11;3,41;190;0,1;jah
2013-01-12;3,3;187;0,2;jah
2013-01-13;3,19;204;0,3;jah
2013-01-14;3,08;204;0,3;jah
2013-01-15;2,99;201;0,4;jah
2013-01-16;2,89;189;0,4;jah
2013-01-17;2,8;181;0,1;jah
2013-01-18;2,74;176;0,2;jah
2013-01-19;2,61;173;0,2;jah
2013-01-20;2,37;170;0,4;jah
2013-01-21;2,27;168;0,4;jah
2013-01-22;2,19;166;0,4;jah
2013-01-23;2,16;165;0,4;jah
2013-01-24;2,14;164;0,4;jah
2013-01-25;2,11;164;0,4;jah
2013-01-26;2,11;162;0,4;jah
2013-01-27;2,1;161;0,4;jah
2013-01-28;2,14;160;0,4;jah
2013-01-29;2,17;160;0,4;jah
2013-01-30;2,23;160;0,4;jah
2013-01-31;2,55;165;0,5;jah
2013-02-01;2,43;161;0,5;jah
2013-02-02;2,46;161;0,5;jah
2013-02-03;2,5;160;0,3;jah
2013-02-04;2,45;158;0,1;jah
2013-02-05;2,4;156;0;jah
2013-02-06;2,3;155;0,1;jah
2013-02-07;2,24;154;0,1;jah
2013-02-08;2,19;153;0,1;jah
2013-02-09;2,12;152;0,1;jah
2013-02-10;2,07;151;0,1;jah
2013-02-11;2,04;151;0,1;jah
2013-02-12;2,01;150;0,1;jah
2013-02-13;1,98;150;0,1;jah
2013-02-14;1,97;150;0,1;jah
2013-02-15;1,96;150;0,2;jah
2013-02-16;1,93;149;0,2;jah
2013-02-17;1,88;149;0,2;jah
2013-02-18;1,89;149;0,2;jah
2013-02-19;1,88;150;0,2;jah
2013-02-20;2,11;152;0,3;jah
2013-02-21;1,7;148;0,3;jah
2013-02-22;2,73;164;0,3;jah
2013-02-23;1,98;152;0,2;jah
2013-02-24;2,08;153;0,2;jah
2013-02-25;1,87;149;0,1;jah
2013-02-26;1,79;148;0,2;jah
2013-02-27;1,75;147;0,2;jah
2013-02-28;1,71;147;0,2;jah
2013-03-01;1,71;147;0,3;jah
2013-03-02;1,68;146;0,3;jah
2013-03-03;1,69;147;0,3;jah
2013-03-04;1,85;150;0,2;jah
2013-03-05;1,69;147;0,2;jah
2013-03-06;1,69;147;0,2;jah
2013-03-07;1,62;146;0,2;jah
2013-03-08;1,6;145;0,2;jah
2013-03-09;1,55;145;0,2;jah
2013-03-10;1,67;147;0,2;jah
2013-03-11;1,65;147;0,2;jah
2013-03-12;0,931;125;0,5;jah
2013-03-13;1,74;151;0,3;jah
2013-03-14;1,7;149;0,2;jah
2013-03-15;1,62;148;0,3;jah
2013-03-16;1,52;146;0,3;jah
2013-03-17;1,49;146;0,3;jah
2013-03-18;1,48;146;0,3;jah
2013-03-19;1,89;157;0,3;jah
2013-03-20;1,37;141;0,4;jah
2013-03-21;1,47;148;0,3;jah
2013-03-22;1,46;148;0,3;jah
2013-03-23;1,42;148;0,3;jah
2013-03-24;1,37;147;0,3;jah
2013-03-25;1,35;147;0,3;jah
2013-03-26;1,36;147;0,3;jah
2013-03-27;1,37;146;0,2;jah
2013-03-28;1,37;146;0,2;jah
2013-03-29;1,37;145;0,3;jah
2013-03-30;1,39;145;0,3;jah
2013-03-31;1,4;145;0,3;jah
2013-04-01;1,41;145;0,3;jah
2013-04-02;1,41;144;0,3;jah
2013-04-03;1,37;142;0,3;jah
2013-04-04;1,63;148;0,2;jah
2013-04-05;1,23;134;0,2;jah
2013-04-06;1,29;138;0,3;jah
2013-04-07;1,34;138;0,3;jah
2013-04-08;1,73;146;0,2;jah
2013-04-09;1,14;129;0,5;jah
2013-04-10;1,41;137;0,4;jah
2013-04-11;1,82;145;0,3;jah
2013-04-12;1,82;144;0,3;jah
2013-04-13;2,44;158;0,4;jah
2013-04-14;4,12;186;0,6;jah
2013-04-15;5,51;210;0,5;jah
2013-04-16;8,79;258;0,6;jah
2013-04-17;13,3;308;0,7;jah
2013-04-18;17,6;340;1,1;jah
2013-04-19;22,4;372;2,1;jah
2013-04-20;25,3;384;3,2;jah
2013-04-21;24,2;366;3,8;jah
2013-04-22;19,7;327;4,6;jah
2013-04-23;15,6;289;5,3;jah
2013-04-24;13,1;265;6,3;jah
2013-04-25;11,6;252;7;jah
2013-04-26;10,9;247;6,5;jah
2013-04-27;10,2;243;5,9;jah
2013-04-28;8,49;226;5,9;jah
2013-04-29;7,73;221;6,2;jah
2013-04-30;6,52;208;7;jah
2013-05-01;5,63;200;7,7;jah
2013-05-02;4,9;192;8,6;jah
2013-05-03;4,2;185;9,2;jah
2013-05-04;3,8;178;9,8;jah
2013-05-05;3,44;172;10,3;jah
2013-05-06;3,21;168;10,4;jah
2013-05-07;3,02;164;11,3;jah
2013-05-08;2,88;162;12,3;jah
2013-05-09;2,78;159;14,1;jah
2013-05-10;2,73;158;15,1;jah
2013-05-11;2,8;159;15,5;jah
2013-05-12;3,02;162;14,6;jah
2013-05-13;3,46;169;14,1;jah
2013-05-14;3,97;177;14,3;jah
2013-05-15;4,1;180;14,4;jah
2013-05-16;3,93;177;14,7;jah
2013-05-17;3,33;168;16,1;jah
2013-05-18;2,9;162;17,3;jah
2013-05-19;2,88;163;17,9;jah
2013-05-20;3,01;166;18,7;jah
2013-05-21;4,18;186;18,1;jah
2013-05-22;4,33;188;17;jah
2013-05-23;4,28;187;16,4;jah
2013-05-24;4,4;189;16,4;jah
2013-05-25;4,15;184;15,6;jah
2013-05-26;3,9;180;14,6;jah
2013-05-27;3,71;176;14,7;jah
2013-05-28;3,55;173;15,7;jah
2013-05-29;3,35;170;16,1;jah
2013-05-30;3,21;167;15,8;jah
2013-05-31;3,19;167;16;jah
2013-06-01;3,03;163;17,2;jah
2013-06-02;2,76;158;18,4;jah
2013-06-03;2,53;154;18,9;jah
2013-06-04;2,17;149;19,1;jah
2013-06-05;1,43;133;19,4;jah
2013-06-06;2,18;151;19,5;jah
2013-06-07;1,47;135;19,1;jah
2013-06-08;1,61;141;18,8;jah
2013-06-09;1,61;142;18,6;jah
2013-06-10;1,99;150;17,8;jah
2013-06-11;1,55;137;16,5;jah
2013-06-12;1,14;134;16,5;jah
2013-06-13;1,42;140;16,9;jah
2013-06-14;1,43;140;17,1;jah
2013-06-15;1,44;140;16,9;jah
2013-06-16;1,78;148;16,5;jah
2013-06-17;1,29;134;15,7;jah
2013-06-18;1,43;140;15,9;jah
2013-06-19;1,46;140;16,5;jah
2013-06-20;1,98;152;16,5;jah
2013-06-21;1,11;128;17,1;jah
2013-06-22;1,34;138;18;jah
2013-06-23;1,41;139;19,1;jah
2013-06-24;1,94;151;18,9;jah
2013-06-25;1,4;135;18,9;jah
2013-06-26;1,69;142;19,6;jah
2013-06-27;1,28;137;19,9;jah
2013-06-28;1,42;140;19,3;jah
2013-06-29;1,45;141;18,7;jah
2013-06-30;1,31;139;18,1;jah
2013-07-01;1,31;140;17,5;jah
2013-07-02;1,46;142;17;jah
2013-07-03;1,05;135;17,3;jah
2013-07-04;1,17;138;17,8;jah
2013-07-05;1,24;140;18,7;jah
2013-07-06;1,18;140;18,9;jah
2013-07-07;1,11;139;18,7;jah
2013-07-08;1,35;143;18,6;jah
2013-07-09;0,753;130;19,2;jah
2013-07-10;0,969;136;19,2;jah
2013-07-11;0,982;136;19;jah
2013-07-12;0,982;136;19,2;jah
2013-07-13;0,997;136;19,3;jah
2013-07-14;0,996;136;19,6;jah
2013-07-15;1;136;19,6;jah
2013-07-16;1,01;136;19,1;jah
2013-07-17;1,01;135;18,4;jah
2013-07-18;1,04;136;17,8;jah
2013-07-19;1,73;154;17;jah
2013-07-20;1,09;130;16,3;jah
2013-07-21;0,976;135;16,2;jah
2013-07-22;1,64;153;15,5;jah
2013-07-23;0,9;127;15,6;jah
2013-07-24;1,05;138;15,9;jah
2013-07-25;1,32;142;16,1;jah
2013-07-26;1,02;138;16,9;jah
2013-07-27;1,14;141;17,1;jah
2013-07-28;1,1;140;17,6;jah
2013-07-29;1,06;139;18,2;jah
2013-07-30;1,03;139;18,5;jah
2013-07-31;1,12;140;18,1;jah
2013-08-01;0,906;136;17,7;jah
2013-08-02;0,96;137;17,2;jah
2013-08-03;0,947;137;17,4;jah
2013-08-04;0,936;137;17,7;jah
2013-08-05;0,927;137;18,1;jah
2013-08-06;0,898;136;18,4;jah
2013-08-07;0,893;136;18,6;jah
2013-08-08;0,866;136;19,2;jah
2013-08-09;0,835;135;19,6;jah
2013-08-10;0,819;135;19,2;jah
2013-08-11;0,925;139;18,3;jah
2013-08-12;0,935;139;17,5;jah
2013-08-13;0,931;140;16,8;jah
2013-08-14;1,09;144;16,3;jah
2013-08-15;1,01;142;16;jah
2013-08-16;1,02;142;15,9;jah
2013-08-17;1;141;15,7;jah
2013-08-18;1,01;142;15,9;jah
2013-08-19;0,966;140;16;jah
2013-08-20;0,952;139;16;jah
2013-08-21;0,972;140;16,3;jah
2013-08-22;0,946;139;16,2;jah
2013-08-23;0,943;139;16;jah
2013-08-24;0,927;138;15,4;jah
2013-08-25;0,927;138;14,7;jah
2013-08-26;0,917;137;14,4;jah
2013-08-27;0,882;136;14,4;jah
2013-08-28;0,842;135;14,4;jah
2013-08-29;0,834;134;14,4;jah
2013-08-30;0,816;134;14,3;jah
2013-08-31;0,836;135;14,5;jah
2013-09-01;0,856;135;14,6;jah
2013-09-02;0,886;136;14;jah
2013-09-03;0,883;136;13,8;jah
2013-09-04;0,858;135;13,7;jah
2013-09-05;0,833;134;13,4;jah
2013-09-06;0,828;134;13;jah
2013-09-07;0,836;134;12,6;jah
2013-09-08;0,811;133;12,2;jah
2013-09-09;0,798;132;12,2;jah
2013-09-10;0,782;132;12,4;jah
2013-09-11;0,781;132;12,7;jah
2013-09-12;0,773;131;13,1;jah
2013-09-13;0,764;131;13;jah
2013-09-14;0,782;131;12,8;jah
2013-09-15;0,8;132;12,6;jah
2013-09-16;0,691;128;12,5;jah
2013-09-17;0,652;126;12,7;jah
2013-09-18;0,64;126;12,9;jah
2013-09-19;0,644;126;13,4;jah
2013-09-20;0,662;126;13,2;jah
2013-09-21;0,71;127;13,1;jah
2013-09-22;0,71;127;12,6;jah
2013-09-23;0,72;126;11,9;jah
2013-09-24;0,669;124;11,3;jah
2013-09-25;0,695;124;10,3;jah
2013-09-26;0,711;125;9,1;jah
2013-09-27;0,726;125;8,2;jah
2013-09-28;0,753;125;7,5;jah
2013-09-29;0,764;125;7,1;jah
2013-09-30;0,759;124;7,1;jah
2013-10-01;0,758;124;7;jah
2013-10-02;0,754;124;6,8;jah
2013-10-03;0,75;124;6,5;jah
2013-10-04;0,782;125;6,1;jah
2013-10-05;0,794;125;5,9;jah
2013-10-06;0,784;125;6,2;jah
2013-10-07;0,786;125;6,8;jah
2013-10-08;0,789;125;7,9;jah
2013-10-09;0,784;124;8,9;jah
2013-10-10;0,787;124;9,6;jah
2013-10-11;0,806;125;10;jah
2013-10-12;0,837;126;9,3;jah
2013-10-13;0,81;125;8,7;jah
2013-10-14;0,795;124;7,9;jah
2013-10-15;0,797;124;7,7;jah
2013-10-16;0,774;123;7,4;jah
2013-10-17;0,762;123;6,8;jah
2013-10-18;0,81;124;6,3;jah
2013-10-19;0,842;125;5,5;jah
2013-10-20;0,845;125;5,1;jah
2013-10-21;0,887;126;4,5;jah
2013-10-22;0,85;124;3,8;jah
2013-10-23;0,793;123;3,5;jah
2013-10-24;0,824;124;4,5;jah
2013-10-25;0,835;124;5,6;jah
2013-10-26;0,885;126;6,6;jah
2013-10-27;0,987;129;7,4;jah
2013-10-28;1,65;143;8,4;jah
2013-10-29;1,23;134;8,7;jah
2013-10-30;1,16;132;8,6;jah
2013-10-31;1,2;133;8,2;jah
2013-11-01;1,22;134;7,7;jah
2013-11-02;1,23;134;7,5;jah
2013-11-03;1,26;134;7,6;jah
2013-11-04;1,61;143;7,6;jah
2013-11-05;2,05;151;7,1;jah
2013-11-06;2,27;156;6,7;jah
2013-11-07;2,19;153;6,4;jah
2013-11-08;1,78;146;6,2;jah
2013-11-09;1,66;144;5,8;jah
2013-11-10;1,59;142;5,4;jah
2013-11-11;1,48;140;4,6;jah
2013-11-12;1,53;141;4,3;jah
2013-11-13;1,44;139;4,6;jah
2013-11-14;1,39;138;4,4;jah
2013-11-15;1,42;139;3,8;jah
2013-11-16;1,42;139;4,3;jah
2013-11-17;1,44;140;5,1;jah
2013-11-18;1,45;140;4,3;jah
2013-11-19;1,42;140;3,4;jah
2013-11-20;1,61;143;3,7;jah
2013-11-21;1,51;141;4,4;jah
2013-11-22;1,41;139;5;jah
2013-11-23;1,41;139;5,4;jah
2013-11-24;1,43;139;5,2;jah
2013-11-25;1,38;138;4;jah
2013-11-26;1,37;137;2,7;jah
2013-11-27;1,31;136;2;jah
2013-11-28;1,38;138;2,1;jah
2013-11-29;1,47;140;2,1;jah
2013-11-30;1,49;140;1,7;jah
2013-12-01;1,44;139;0,9;jah
2013-12-02;1,37;137;0,6;jah
2013-12-03;1,3;136;0,4;jah
2013-12-04;1,52;141;1,3;jah
2013-12-05;2,04;153;1,8;jah
2013-12-06;2,63;163;1,6;jah
2013-12-07;2,89;167;1,3;jah
2013-12-08;2,68;163;1;jah
2013-12-09;2,34;156;0,7;jah
2013-12-10;1,93;148;0,2;jah
2013-12-11;1,83;147;0,1;jah
2013-12-12;1,97;149;0,8;jah
2013-12-13;2,28;154;1,5;jah
2013-12-14;2,35;155;0,9;jah
2013-12-15;2,24;152;0,3;jah
2013-12-16;2;147;0,5;jah
2013-12-17;2;147;1,5;jah
2013-12-18;2,14;149;2,3;jah
2013-12-19;2,28;151;2,4;jah
2013-12-20;2,26;150;2,2;jah
2013-12-21;2,13;148;2,3;jah
2013-12-22;2,12;149;2,8;jah
2013-12-23;2,16;150;3,2;jah
2013-12-24;2,23;152;3,2;jah
2013-12-25;2,22;152;2,9;jah
2013-12-26;2,11;151;2,6;jah
2013-12-27;2,03;150;2,7;jah
2013-12-28;2,02;150;3,3;jah
2013-12-29;2,01;151;3,7;jah
2013-12-30;2,16;155;3,9;jah
2013-12-31;2,51;161;3,6;jah
2014-01-01;2,66;163;2,7;jah
2014-01-02;2,55;161;2,1;jah
2014-01-03;2,32;156;1,9;jah
2014-01-04;2,06;151;1,8;jah
2014-01-05;2,02;150;2,1;jah
2014-01-06;2,01;150;2,3;jah
2014-01-07;2,08;152;2,5;jah
2014-01-08;2,51;160;3,5;jah
2014-01-09;3,24;172;4,2;jah
2014-01-10;4,34;194;4,2;jah
2014-01-11;5,95;216;3,6;jah
2014-01-12;5,83;215;2,9;jah
2014-01-13;5,54;211;1,4;jah
2014-01-14;4,17;191;0,2;jah
2014-01-15;3,21;178;0,1;jah
2014-01-16;3,08;176;0,1;jah
2014-01-17;2,85;174;0;jah
2014-01-18;2,78;172;0;jah
2014-01-19;2,11;160;0;jah
2014-01-20;1,73;154;0;jah
2014-01-21;1,49;149;0;jah
2014-01-22;1,36;148;0;jah
2014-01-23;1,26;146;0;jah
2014-01-24;1,17;145;0;jah
2014-01-25;1,12;145;0;jah
2014-01-26;1,06;145;0;jah
2014-01-27;1,02;145;0;jah
2014-01-28;0,95;144;0;jah
2014-01-29;0,919;145;0;jah
2014-01-30;0,874;145;0;jah
2014-01-31;0,898;144;0;jah
2014-02-01;0,965;145;0;jah
2014-02-02;1,03;145;0;jah
2014-02-03;1,08;145;0;jah
2014-02-04;1,12;145;0;jah
2014-02-05;1,14;144;0;jah
2014-02-06;1,16;143;0;jah
2014-02-07;1,21;143;0;jah
2014-02-08;1,26;143;0;jah
2014-02-09;1,28;142;0;jah
2014-02-10;1,31;142;0;jah
2014-02-11;1,35;142;0;jah
2014-02-12;1,37;142;0;jah
2014-02-13;1,36;141;0;jah
2014-02-14;1,27;138;0;jah
2014-02-15;1,18;136;0;jah
2014-02-16;1,15;135;0;jah
2014-02-17;1,54;145;0,1;jah
2014-02-18;2,13;155;0,1;jah
2014-02-19;2,03;152;0;jah
2014-02-20;1,9;149;0;jah
2014-02-21;1,65;144;0;jah
2014-02-22;1,58;142;0,1;jah
2014-02-23;1,73;145;0,1;jah
2014-02-24;1,8;146;0,2;jah
2014-02-25;1,81;145;0,2;jah
2014-02-26;1,67;143;0,1;jah
2014-02-27;1,61;141;0,2;jah
2014-02-28;1,53;140;0,3;jah
2014-03-01;1,47;139;0,5;jah
2014-03-02;1,44;138;0,6;jah
2014-03-03;1,42;138;1;jah
2014-03-04;1,44;139;1,5;jah
2014-03-05;1,43;139;1,4;jah
2014-03-06;1,39;138;1,3;jah
2014-03-07;1,39;138;1,8;jah
2014-03-08;1,43;139;2,3;jah
2014-03-09;1,5;141;2,2;jah
2014-03-10;1,56;142;2,5;jah
2014-03-11;1,72;145;3;jah
2014-03-12;1,73;146;3;jah
2014-03-13;1,73;145;2,9;jah
2014-03-14;1,7;145;2,9;jah
2014-03-15;1,77;147;2,6;jah
2014-03-16;2;151;2;jah
2014-03-17;2,11;153;1,3;jah
2014-03-18;1,98;150;0,9;jah
2014-03-19;1,86;148;1,3;jah
2014-03-20;1,82;148;1,6;jah
2014-03-21;1,8;148;2,3;jah
2014-03-22;2,35;159;3,6;jah
2014-03-23;2,99;171;3,6;jah
2014-03-24;3,65;182;3,4;jah
2014-03-25;3,85;185;3,2;jah
2014-03-26;3,89;186;3,5;jah
2014-03-27;3,69;183;3,9;jah
2014-03-28;3,36;178;3,9;jah
2014-03-29;2,94;170;3,8;jah
2014-03-30;2,61;164;3,9;jah
2014-03-31;2,36;159;4;jah
2014-04-01;2,1;154;3,2;jah
2014-04-02;2;151;3,2;jah
2014-04-03;1,89;149;3,5;jah
2014-04-04;1,83;147;3,8;jah
2014-04-05;1,79;146;3,8;jah
2014-04-06;1,73;145;3,8;jah
2014-04-07;1,71;144;4,3;jah
2014-04-08;2,13;152;5;jah
2014-04-09;2,56;160;5,8;jah
2014-04-10;2,81;163;5,7;jah
2014-04-11;2,63;160;5,5;jah
2014-04-12;2,39;156;5,7;jah
2014-04-13;2,33;155;5,9;jah
2014-04-14;2,34;155;6,4;jah
2014-04-15;2,35;155;6,4;jah
2014-04-16;2,25;153;7,1;jah
2014-04-17;2,12;151;7,1;jah
2014-04-18;1,79;145;7,7;jah
2014-04-19;1,8;145;8,6;jah
2014-04-20;1,92;147;9,4;jah
2014-04-21;1,69;143;10,3;jah
2014-04-22;1,59;141;11,1;jah
2014-04-23;1,42;137;11,3;jah
2014-04-24;1,38;136;10,4;jah
2014-04-25;1,29;135;9,9;jah
2014-04-26;1,28;134;10;jah
2014-04-27;1,28;134;10,5;jah
2014-04-28;1,27;134;11,1;jah
2014-04-29;1,24;133;11,8;jah
2014-04-30;1,2;133;12;jah
2014-05-01;1,2;133;10,8;jah
2014-05-02;1,2;133;9,2;jah
2014-05-03;1,17;132;8,5;jah
2014-05-04;1,17;132;7,9;jah
2014-05-05;1,17;132;7,8;jah
2014-05-06;1,19;132;8;jah
2014-05-07;1,15;132;8;jah
2014-05-08;1,16;132;8,3;jah
2014-05-09;1,15;132;9,4;jah
2014-05-10;1,2;134;10,7;jah
2014-05-11;1,51;140;11,6;jah
2014-05-12;1,8;146;11,6;jah
2014-05-13;1,83;148;11,3;jah
2014-05-14;2,43;158;11,3;jah
2014-05-15;1,77;145;11,9;jah
2014-05-16;2,1;153;12,5;jah
2014-05-17;1,31;135;13,6;jah
2014-05-18;1,34;138;14,5;jah
2014-05-19;1,26;136;16,5;jah
2014-05-20;1,29;137;18,4;jah
2014-05-21;1,3;138;18,4;jah
2014-05-22;1,4;139;17,8;jah
2014-05-23;1,22;137;18,4;jah
2014-05-24;1,32;138;19;jah
2014-05-25;1,18;135;19,6;jah
2014-05-26;1,1;133;20,1;jah
2014-05-27;1,05;131;18,5;jah
2014-05-28;1,02;131;15,5;jah
2014-05-29;1,01;130;13,4;jah
2014-05-30;1,02;130;12,5;jah
2014-05-31;1,02;130;12,9;jah
2014-06-01;0,99;129;13,1;jah
2014-06-02;0,822;125;13,1;jah
2014-06-03;0,857;126;14;jah
2014-06-04;0,881;127;16,1;jah
2014-06-05;0,898;127;17,7;jah
2014-06-06;0,891;127;18,7;jah
2014-06-07;0,888;128;18,8;jah
2014-06-08;1,08;133;17,8;jah
2014-06-09;1,03;131;17,1;jah
2014-06-10;0,919;129;17,5;jah
2014-06-11;0,883;129;17,7;jah
2014-06-12;0,883;129;17;jah
2014-06-13;0,927;131;16,1;jah
2014-06-14;1,08;135;15,7;jah
2014-06-15;1,14;136;15,5;jah
2014-06-16;1,09;135;14,9;jah
2014-06-17;1,05;135;13,8;jah
2014-06-18;1,03;134;12,6;jah
2014-06-19;1,03;135;12,4;jah
2014-06-20;1,18;139;12,9;jah
2014-06-21;1,36;143;13,1;jah
2014-06-22;1,27;142;13,1;jah
2014-06-23;1,27;141;12,7;jah
2014-06-24;1,22;141;12,8;jah
2014-06-25;1,17;140;13,2;jah
2014-06-26;1,12;139;13,7;jah
2014-06-27;1,4;144;14;jah
2014-06-28;0,792;131;14,6;jah
2014-06-29;0,958;135;14,4;jah
2014-06-30;0,941;134;14,4;jah
2014-07-01;1,4;146;14,2;jah
2014-07-02;1,5;149;13,9;jah
2014-07-03;2,15;165;14,7;jah
2014-07-04;1,91;160;15,5;jah
2014-07-05;1,29;145;16,1;jah
2014-07-06;1,31;145;17,1;jah
2014-07-07;0,924;136;18,4;jah
2014-07-08;0,842;137;19,5;jah
2014-07-09;0,931;140;19,9;jah
2014-07-10;0,881;139;19,8;jah
2014-07-11;1,05;144;19,1;jah
2014-07-12;0,797;138;18,7;jah
2014-07-13;0,733;137;19;jah
2014-07-14;0,7;136;19,6;jah
2014-07-15;0,715;138;19,5;jah
2014-07-16;0,724;138;19,7;jah
2014-07-17;0,841;142;19,7;jah
2014-07-18;0,895;143;19,7;jah
2014-07-19;0,808;139;19,8;jah
2014-07-20;0,722;135;19,2;jah
2014-07-21;0,723;135;19,2;jah
2014-07-22;0,712;134;19,5;jah
2014-07-23;0,856;138;19,9;jah
2014-07-24;0,782;135;20,3;jah
2014-07-25;0,737;134;20,8;jah
2014-07-26;0,788;133;21,2;jah
2014-07-27;0,768;133;21,3;jah
2014-07-28;0,802;134;21,3;jah
2014-07-29;0,839;135;21,5;jah
2014-07-30;0,781;134;21,5;jah
2014-07-31;0,762;135;21,5;jah
2014-08-01;0,815;135;21,3;jah
2014-08-02;0,825;138;21;jah
2014-08-03;0,831;139;21,1;jah
2014-08-04;0,78;138;21,4;jah
2014-08-05;0,733;137;21,6;jah
2014-08-06;0,694;136;21,7;jah
2014-08-07;0,687;138;21,2;jah
2014-08-08;0,654;136;20,8;jah
2014-08-09;0,758;142;19,6;jah
2014-08-10;0,682;141;19,1;jah
2014-08-11;0,758;145;19,1;jah
2014-08-12;0,861;149;19,2;jah
2014-08-13;0,875;149;18,9;jah
2014-08-14;0,913;149;17,8;jah
2014-08-15;0,753;141;17;jah
2014-08-16;0,859;146;16,9;jah
2014-08-17;0,953;148;16,8;jah
2014-08-18;0,982;148;16,5;jah
2014-08-19;1,05;149;16;jah
2014-08-20;1,15;151;15,5;jah
2014-08-21;1,29;154;15;jah
2014-08-22;1,33;155;14,9;jah
2014-08-23;1,3;153;14,7;jah
2014-08-24;1,26;152;14,7;jah
2014-08-25;1,42;157;14,6;jah
2014-08-26;1,78;165;14;jah
2014-08-27;2,08;171;13,7;jah
2014-08-28;2,57;181;13,9;jah
2014-08-29;3,33;193;14;jah
2014-08-30;2,89;185;13,6;jah
2014-08-31;2,78;183;13,4;jah
2014-09-01;2,48;176;13,3;jah
2014-09-02;2,08;167;13;jah
2014-09-03;1,76;160;12,8;jah
2014-09-04;1,56;155;12,7;jah
2014-09-05;1,39;151;12,8;jah
2014-09-06;1,26;147;12,7;jah
2014-09-07;1,2;145;12,7;jah
2014-09-08;1,21;146;12,8;jah
2014-09-09;1,18;144;12,9;jah
2014-09-10;1,12;142;13,2;jah
2014-09-11;1,09;141;13,6;jah
2014-09-12;1,11;141;13,7;jah
2014-09-13;1,1;141;13,9;jah
2014-09-14;1,09;140;13,5;jah
2014-09-15;1,1;140;12,5;jah
2014-09-16;1,05;138;11,8;jah
2014-09-17;1,02;137;11,3;jah
2014-09-18;0,987;135;10,9;jah
2014-09-19;0,978;135;10,6;jah
2014-09-20;0,978;135;10,4;jah
2014-09-21;1,03;135;10,2;jah
2014-09-22;1,05;136;10,1;jah
2014-09-23;1,16;138;9,9;jah
2014-09-24;1,13;137;9,1;jah
2014-09-25;1,13;138;8,5;jah
2014-09-26;1,13;137;8,7;jah
2014-09-27;1,14;138;9,3;jah
2014-09-28;1,1;136;9,8;jah
2014-09-29;1,04;135;10,1;jah
2014-09-30;1,01;133;10,1;jah
2014-10-01;0,954;132;9,3;jah
2014-10-02;0,967;132;8,2;jah
2014-10-03;0,951;132;7,3;jah
2014-10-04;0,911;131;7,1;jah
2014-10-05;0,902;131;7,2;jah
2014-10-06;0,895;130;6,9;jah
2014-10-07;0,904;131;6,7;jah
2014-10-08;0,888;130;6,5;jah
2014-10-09;0,917;131;6,8;jah
2014-10-10;1,07;135;7,7;jah
2014-10-11;1,25;139;8,9;jah
2014-10-12;1,4;143;9,3;jah
2014-10-13;1,53;146;9,2;jah
2014-10-14;1,59;147;9,1;jah
2014-10-15;1,77;150;8,8;jah
2014-10-16;1,85;150;8,1;jah
2014-10-17;1,86;150;6,7;jah
2014-10-18;1,78;147;5;jah
2014-10-19;1,67;145;4,4;jah
2014-10-20;1,96;151;5,5;jah
2014-10-21;2,84;166;6,5;jah
2014-10-22;2,89;165;5,1;jah
2014-10-23;2,72;161;3,1;jah
2014-10-24;2,33;155;1,5;jah
2014-10-25;2,14;150;0,8;jah
2014-10-26;1,78;144;1;jah
2014-10-27;1,7;143;2,2;jah
2014-10-28;1,77;145;4,4;jah
2014-10-29;1,72;144;5;jah
2014-10-30;1,64;142;4,7;jah
2014-10-31;1,56;140;4,6;jah
2014-11-01;1,47;139;4;jah
2014-11-02;1,53;140;3,6;jah
2014-11-03;1,5;140;4,1;jah
2014-11-04;1,46;139;4,9;jah
2014-11-05;1,39;137;5,3;jah
2014-11-06;1,33;136;5,6;jah
2014-11-07;1,33;136;6;jah
2014-11-08;1,37;137;6,1;jah
2014-11-09;1,38;137;5,5;jah
2014-11-10;1,38;137;4,4;jah
2014-11-11;1,38;137;4,5;jah
2014-11-12;1,37;137;5,4;jah
2014-11-13;1,36;137;5,8;jah
2014-11-14;1,47;139;5,7;jah
2014-11-15;1,5;140;5,4;jah
2014-11-16;1,47;139;4,4;jah
2014-11-17;1,26;134;3,5;jah
2014-11-18;1,15;132;3,1;jah
2014-11-19;1,1;131;2,2;jah
2014-11-20;1,08;131;1,1;jah
2014-11-21;1,05;130;0,5;jah
2014-11-22;1,06;131;0,6;jah
2014-11-23;1,09;131;1,1;jah
2014-11-24;1,12;132;1,4;jah
2014-11-25;1,11;132;1,1;jah
2014-11-26;1,13;132;0,9;jah
2014-11-27;1,11;132;1;jah
2014-11-28;1,07;130;0,8;jah
2014-11-29;0,962;127;0,2;jah
2014-11-30;0,841;124;0;jah
2014-12-01;0,901;126;0;jah
2014-12-02;1,09;129;0;jah
2014-12-03;1,05;128;0;jah
2014-12-04;1,01;127;0,1;jah
2014-12-05;1,02;127;0,1;jah
2014-12-06;1,05;127;0,1;jah
2014-12-07;1,11;129;0,1;jah
2014-12-08;1,15;129;0,1;jah
2014-12-09;1,18;130;0,1;jah
2014-12-10;1,21;131;0,1;jah
2014-12-11;1,22;131;0,2;jah
2014-12-12;1,22;132;0,2;jah
2014-12-13;1,47;138;0,4;jah
2014-12-14;2,8;164;0,5;jah
2014-12-15;3,71;178;0,5;jah
2014-12-16;4,03;183;0,9;jah
2014-12-17;3,87;181;1,2;jah
2014-12-18;3,58;177;1,3;jah
2014-12-19;3,44;176;1,5;jah
2014-12-20;3,9;185;1,9;jah
2014-12-21;5,09;203;1,9;jah
2014-12-22;5,36;206;1,4;jah
2014-12-23;5,39;207;1,2;jah
2014-12-24;4,91;199;0,9;jah
2014-12-25;4,3;190;0,7;jah
2014-12-26;3,5;178;0,5;jah
2014-12-27;3,01;170;0,2;jah
2014-12-28;2,64;164;0;jah
2014-12-29;2,7;166;0,1;jah
2014-12-30;3,23;176;0,4;jah
2014-12-31;2,73;166;0,1;jah
2015-01-01;2,43;164;0;jah
2015-01-02;3,23;182;0,3;jah
2015-01-03;5,59;219;0,6;jah
2015-01-04;6,47;228;0,7;jah
2015-01-05;6,38;223;0,6;jah
2015-01-06;5,73;223;0,5;jah
2015-01-07;5,32;226;0,4;jah
2015-01-08;4,92;226;0,5;jah
2015-01-09;4,54;220;0,5;jah
2015-01-10;4,17;201;0,5;jah
2015-01-11;3,81;185;0,5;jah
2015-01-12;3,5;178;0,5;jah
2015-01-13;3,26;175;0,3;jah
2015-01-14;3,83;184;0,2;jah
2015-01-15;5,04;201;0,4;jah
2015-01-16;5,98;212;0,3;jah
2015-01-17;6,79;222;0,4;jah
2015-01-18;7,52;229;0,3;jah
2015-01-19;7,68;230;0,2;jah
2015-01-20;7,07;222;0,3;jah
2015-01-21;5,9;206;0,4;jah
2015-01-22;5,04;195;0,4;jah
2015-01-23;4,35;185;0,3;jah
2015-01-24;3,85;177;0,1;jah
2015-01-25;3,42;170;0;jah
2015-01-26;3,14;165;0;jah
2015-01-27;2,91;162;0,1;jah
2015-01-28;2,79;161;0;jah
2015-01-29;2,73;161;0,1;jah
2015-01-30;2,62;159;0,2;jah
2015-01-31;2,54;158;0,3;jah
2015-02-01;2,75;163;0,4;jah
2015-02-02;2,94;167;0,3;jah
2015-02-03;2,91;166;0,1;jah
2015-02-04;2,44;161;0;jah
2015-02-05;2,32;163;0;jah
2015-02-06;2,25;156;0;jah
2015-02-07;2,18;159;0;jah
2015-02-08;2,11;159;0;jah
2015-02-09;2,04;156;0;jah
2015-02-10;2,03;154;0;jah
2015-02-11;2,01;153;0;jah
2015-02-12;1,91;150;0;jah
2015-02-13;1,86;149;0,1;jah
2015-02-14;1,85;149;0,2;jah
2015-02-15;1,83;147;0,2;jah
2015-02-16;1,82;138;0;jah
2015-02-17;1,84;141;0;jah
2015-02-18;1,88;147;0;jah
2015-02-19;1,93;149;0;jah
2015-02-20;2,39;158;0;jah
2015-02-21;2,62;162;0;jah
2015-02-22;2,75;164;0,1;jah
2015-02-23;2,87;165;0,4;jah
2015-02-24;3,15;171;0,7;jah
2015-02-25;4,14;186;1,1;jah
2015-02-26;4,59;190;0,8;jah
2015-02-27;4,46;187;0,7;jah
2015-02-28;4,07;181;0,9;jah
2015-03-01;3,78;176;1,3;jah
2015-03-02;3,86;177;1,7;jah
2015-03-03;4,64;189;1,9;jah
2015-03-04;5,76;202;1,8;jah
2015-03-05;6,29;207;1,3;jah
2015-03-06;6,13;204;0,9;jah
2015-03-07;5,43;195;1,3;jah
2015-03-08;4,92;190;2,5;jah
2015-03-09;5,03;191;3,1;jah
2015-03-10;5,13;193;3,2;jah
2015-03-11;5,08;192;3,4;jah
2015-03-12;4,61;186;3,1;jah
2015-03-13;4,11;179;2,5;jah
2015-03-14;3,7;173;2,3;jah
2015-03-15;3,33;168;2,4;jah
2015-03-16;2,99;163;2,4;jah
2015-03-17;2,79;160;2,5;jah
2015-03-18;2,56;156;2,6;jah
2015-03-19;2,43;154;2,7;jah
2015-03-20;2,34;153;2,7;jah
2015-03-21;2,3;152;2,5;jah
2015-03-22;2,23;151;1,7;jah
2015-03-23;2,1;149;1,3;jah
2015-03-24;2,06;148;1,5;jah
2015-03-25;2,09;149;2,2;jah
2015-03-26;2,2;152;2,7;jah
2015-03-27;2,3;153;2,9;jah
2015-03-28;2,19;152;3,6;jah
2015-03-29;2,33;155;3,8;jah
2015-03-30;2,56;159;3,4;jah
2015-03-31;2,86;165;3,7;jah
2015-04-01;3,36;173;4;jah
2015-04-02;4,19;187;4,1;jah
2015-04-03;5,4;203;4;jah
2015-04-04;6,04;211;3,8;jah
2015-04-05;6,06;211;3,7;jah
2015-04-06;5,98;210;4;jah
2015-04-07;6,01;210;4,1;jah
2015-04-08;5,13;198;4,5;jah
2015-04-09;4,14;183;4,9;jah
2015-04-10;3,49;175;5,8;jah
2015-04-11;3,18;169;6,9;jah
2015-04-12;2,88;164;7,2;jah
2015-04-13;2,87;165;6,3;jah
2015-04-14;3,96;183;5,5;jah
2015-04-15;4,81;195;5,5;jah
2015-04-16;5,84;208;5,9;jah
2015-04-17;6,55;216;5,9;jah
2015-04-18;6,59;216;5,8;jah
2015-04-19;6,11;209;5,9;jah
2015-04-20;5,23;197;6;jah
2015-04-21;4,22;183;6,5;jah
2015-04-22;3,23;168;7,4;jah
2015-04-23;3,17;168;8;jah
2015-04-24;2,91;163;7,9;jah
2015-04-25;2,69;159;8,1;jah
2015-04-26;2,52;156;9,1;jah
2015-04-27;2,42;154;10,1;jah
2015-04-28;2,43;155;10,8;jah
2015-04-29;3,4;173;9,7;jah
2015-04-30;5,01;194;8,9;jah
2015-05-01;4,98;193;9,5;jah
2015-05-02;4,59;187;9,6;jah
2015-05-03;3,99;179;9,4;jah
2015-05-04;3,51;172;9,5;jah
2015-05-05;3,16;166;10,2;jah
2015-05-06;2,96;163;10,7;jah
2015-05-07;2,71;159;10,6;jah
2015-05-08;3,41;171;10,2;jah
2015-05-09;3,44;171;10,5;jah
2015-05-10;3,25;168;11,1;jah
2015-05-11;2,92;162;11,6;jah
2015-05-12;2,59;156;11,4;jah
2015-05-13;2,5;155;11,9;jah
2015-05-14;2,45;155;11,8;jah
2015-05-15;2,43;155;11,4;jah
2015-05-16;2,39;154;11,1;jah
2015-05-17;2,24;151;10,9;jah
2015-05-18;2,15;150;10,3;jah
2015-05-19;2,08;149;11,2;jah
2015-05-20;2,07;149;12,6;jah
2015-05-21;2,18;152;12,8;jah
2015-05-22;2,08;149;12,2;jah
2015-05-23;1,91;146;12,1;jah
2015-05-24;1,84;145;12,3;jah
2015-05-25;1,8;144;13,1;jah
2015-05-26;1,78;145;13,2;jah
2015-05-27;1,95;148;12,6;jah
2015-05-28;1,99;149;12,8;jah
2015-05-29;1,89;147;13,5;jah
2015-05-30;1,77;145;13,7;jah
2015-05-31;1,72;145;14,2;jah
2015-06-01;1,64;143;14;jah
2015-06-02;1,55;142;14,9;jah
2015-06-03;1,48;140;15,5;jah
2015-06-04;1,41;139;15,3;jah
2015-06-05;1,35;138;14,8;jah
2015-06-06;1,32;138;15,1;jah
2015-06-07;1,26;137;16;jah
2015-06-08;1,2;136;16,1;jah
2015-06-09;1,16;135;15,5;jah
2015-06-10;1,12;134;14,9;jah
2015-06-11;1,09;134;14,7;jah
2015-06-12;1,11;134;15,2;jah
2015-06-13;1,01;132;15,4;jah
2015-06-14;1,03;133;16;jah
2015-06-15;1,03;133;16,4;jah
2015-06-16;0,996;133;16;jah
2015-06-17;0,974;132;15;jah
2015-06-18;0,966;132;14,1;jah
2015-06-19;0,973;133;13,8;jah
2015-06-20;1,01;134;14,3;jah
2015-06-21;1,01;135;15;jah
2015-06-22;1,37;145;15,1;jah
2015-06-23;1,09;137;15,2;jah
2015-06-24;1,13;139;15,5;jah
2015-06-25;1,18;141;15,4;jah
2015-06-26;1,14;140;15,1;jah
2015-06-27;1,13;140;14,9;jah
2015-06-28;1,08;138;15,1;jah
2015-06-29;1,05;138;15,7;jah
2015-06-30;1,03;138;16,7;jah
2015-07-01;0,989;137;17;jah
2015-07-02;0,991;137;17,5;jah
2015-07-03;0,981;137;18,3;jah
2015-07-04;0,957;136;19,3;jah
2015-07-05;0,949;136;19,6;jah
2015-07-06;1,01;138;19,4;jah
2015-07-07;1,14;141;18,5;jah
2015-07-08;0,978;137;17,9;jah
2015-07-09;1,12;141;17,3;jah
2015-07-10;1,21;145;16,5;jah
2015-07-11;1,32;147;16;jah
2015-07-12;1,41;150;15,7;jah
2015-07-13;1,61;155;15,5;jah
2015-07-14;1,57;154;15,8;jah
2015-07-15;1,46;152;16,2;jah
2015-07-16;1,33;150;16,6;jah
2015-07-17;1,23;147;16,6;jah
2015-07-18;1,16;146;16,6;jah
2015-07-19;1,15;147;16,5;jah
2015-07-20;1,09;146;16,2;jah
2015-07-21;1,05;145;16,2;jah
2015-07-22;1;144;16,3;jah
2015-07-23;0,968;144;16,5;jah
2015-07-24;0,938;144;16,7;jah
2015-07-25;0,896;143;16,9;jah
2015-07-26;0,878;143;16,8;jah
2015-07-27;0,837;142;16,8;jah
2015-07-28;0,826;142;16,6;jah
2015-07-29;0,84;143;16,4;jah
2015-07-30;0,861;144;16,1;jah
2015-07-31;0,848;144;15,7;jah
2015-08-01;0,98;149;15,4;jah
2015-08-02;1,03;151;15,4;jah
2015-08-03;1,01;151;15,8;jah
2015-08-04;0,977;150;16,2;jah
2015-08-05;0,916;148;16,5;jah
2015-08-06;0,876;146;17,3;jah
2015-08-07;0,855;146;18,3;jah
2015-08-08;0,83;145;18,9;jah
2015-08-09;0,884;147;18,7;jah
2015-08-10;0,87;147;18,7;jah
2015-08-11;1,27;162;18,3;jah
2015-08-12;1,6;169;18,6;jah
2015-08-13;1,51;167;19;jah
2015-08-14;1,23;160;18,4;jah
2015-08-15;1,07;155;17,6;jah
2015-08-16;0,989;153;17;jah
2015-08-17;0,922;151;16,6;jah
2015-08-18;0,872;149;16,2;jah
2015-08-19;0,846;148;15,7;jah
2015-08-20;0,827;147;15,1;jah
2015-08-21;0,814;146;15;jah
2015-08-22;0,802;146;15,2;jah
2015-08-23;0,797;145;15,4;jah
2015-08-24;0,783;144;15,7;jah
2015-08-25;0,774;144;15,9;jah
2015-08-26;0,777;144;16,1;jah
2015-08-27;0,769;144;16,1;jah
2015-08-28;0,779;144;15,9;jah
2015-08-29;0,809;145;15,7;jah
2015-08-30;0,821;146;15,5;jah
2015-08-31;0,876;148;15,3;jah
2015-09-01;0,861;147;14,8;jah
2015-09-02;0,877;148;14,2;jah
2015-09-03;0,932;149;13,9;jah
2015-09-04;0,9;148;14,1;jah
2015-09-05;0,929;149;14,3;jah
2015-09-06;0,926;149;14,2;jah
2015-09-07;0,897;148;13,8;jah
2015-09-08;0,9;148;13,5;jah
2015-09-09;0,881;147;13,5;jah
2015-09-10;0,85;145;13,3;jah
2015-09-11;0,826;144;12,9;jah
2015-09-12;0,819;143;12,5;jah
2015-09-13;0,809;142;12,3;jah
2015-09-14;0,795;141;12,5;jah
2015-09-15;0,789;140;12,3;jah
2015-09-16;0,795;140;12,3;jah
2015-09-17;0,812;140;12,7;jah
2015-09-18;0,818;140;13,2;jah
2015-09-19;0,794;138;13,4;jah
2015-09-20;0,781;137;13,3;jah
2015-09-21;0,818;138;13;jah
2015-09-22;0,884;140;12,7;jah
2015-09-23;0,875;139;12,3;jah
2015-09-24;0,895;140;12,3;jah
2015-09-25;0,913;140;12,4;jah
2015-09-26;0,971;141;12,5;jah
2015-09-27;0,916;139;12,2;jah
2015-09-28;0,882;137;11,5;jah
2015-09-29;0,86;136;10,9;jah
2015-09-30;0,835;135;10,3;jah
2015-10-01;0,835;135;9,9;jah
2015-10-02;0,834;134;10,3;jah
2015-10-03;0,854;135;10,7;jah
2015-10-04;0,814;133;10,5;jah
2015-10-05;0,8;132;9,9;jah
2015-10-06;0,783;131;8,9;jah
2015-10-07;0,763;130;7,5;jah
2015-10-08;0,745;130;6,2;jah
2015-10-09;0,733;129;5,5;jah
2015-10-10;0,73;129;5,1;jah
2015-10-11;0,725;129;5,1;jah
2015-10-12;0,721;128;5;jah
2015-10-13;0,725;129;5,2;jah
2015-10-14;0,729;129;5,7;jah
2015-10-15;0,722;128;5,8;jah
2015-10-16;0,709;128;5,2;jah
2015-10-17;0,709;128;4,9;jah
2015-10-18;0,708;128;4,6;jah
2015-10-19;0,708;128;4,8;jah
2015-10-20;0,702;127;4,8;jah
2015-10-21;0,697;127;4,8;jah
2015-10-22;0,698;127;4,9;jah
2015-10-23;0,722;128;5,2;jah
2015-10-24;0,75;128;5,7;jah
2015-10-25;0,754;128;5,9;jah
2015-10-26;0,778;128;5,9;jah
2015-10-27;0,77;128;5,7;jah
2015-10-28;0,928;133;4,8;jah
2015-10-29;0,912;131;3,8;jah
2015-10-30;0,783;127;2,7;jah
2015-10-31;0,755;126;2;jah
2015-11-01;0,786;126;1,8;jah
2015-11-02;0,807;127;2,7;jah
2015-11-03;0,811;127;4,2;jah
2015-11-04;0,867;128;5,3;jah
2015-11-05;0,86;127;5,9;jah
2015-11-06;0,836;126;5,6;jah
2015-11-07;0,832;126;5,1;jah
2015-11-08;0,896;128;5,1;jah
2015-11-09;0,956;129;5,4;jah
2015-11-10;1,04;131;5,7;jah
2015-11-11;1,08;132;5,9;jah
2015-11-12;1,1;132;5,6;jah
2015-11-13;1,14;133;5,5;jah
2015-11-14;1,24;136;5,5;jah
2015-11-15;1,34;138;5,4;jah
2015-11-16;1,49;141;5;jah
2015-11-17;1,59;143;5;jah
2015-11-18;1,68;145;5,2;jah
2015-11-19;1,7;145;5,4;jah
2015-11-20;1,74;146;5,6;jah
2015-11-21;1,76;146;5,1;jah
2015-11-22;1,68;144;3,7;jah
2015-11-23;1,57;142;2,5;jah
2015-11-24;1,46;139;2,2;jah
2015-11-25;1,36;137;2;jah
2015-11-26;1,28;135;1,6;jah
2015-11-27;1,24;135;1,4;jah
2015-11-28;1,21;134;1,7;jah
2015-11-29;1,19;134;1,9;jah
2015-11-30;1,19;135;2,2;jah
2015-12-01;1,19;135;2,4;jah
2015-12-02;1,19;135;2,4;jah
2015-12-03;1,22;136;2,4;jah
2015-12-04;1,28;138;2,8;jah
2015-12-05;1,43;143;3,5;jah
2015-12-06;1,75;152;4,5;jah
2015-12-07;3,04;178;5,2;jah
2015-12-08;3,68;187;4,6;jah
2015-12-09;3,9;190;3,9;jah
2015-12-10;3,72;185;3,8;jah
2015-12-11;3;172;3,9;jah
2015-12-12;2,64;166;3,8;jah
2015-12-13;2,58;164;3,5;jah
2015-12-14;2,62;164;3,2;jah
2015-12-15;2,61;163;2,7;jah
2015-12-16;2,41;158;2,4;jah
2015-12-17;2,46;158;2,3;jah
2015-12-18;2,28;154;2,2;jah
2015-12-19;2,21;154;3,1;jah
2015-12-20;2,17;154;4,3;jah
2015-12-21;2,15;155;5,4;jah
2015-12-22;2,11;155;5,7;jah
2015-12-23;2,08;156;5,7;jah
2015-12-24;2,31;162;5,8;jah
2015-12-25;2,59;168;5,4;jah
2015-12-26;2,88;174;4,8;jah
2015-12-27;2,76;173;3,7;jah
2015-12-28;2,32;165;1,8;jah
2015-12-29;1,78;155;0,7;jah
2015-12-30;1,31;144;0,5;jah
2015-12-31;1,24;144;0,4;jah
2016-01-01;1,3;145;0,3;jah
2016-01-02;1,21;142;0,3;jah
2016-01-03;1,12;140;0,4;jah
2016-01-04;1,07;139;0,4;jah
2016-01-05;1,04;138;0,4;jah
2016-01-06;1,02;138;0,4;jah
2016-01-07;1;137;0,3;jah
2016-01-08;1,01;137;0,3;jah
2016-01-09;0,993;137;0,3;jah
2016-01-10;0,979;137;0,3;jah
2016-01-11;0,974;137;0,3;jah
2016-01-12;1,02;138;0,3;jah
2016-01-13;1;138;0,3;jah
2016-01-14;0,999;138;0,3;jah
2016-01-15;0,979;137;0,3;jah
2016-01-16;0,966;137;0,3;jah
2016-01-17;0,959;137;0,3;jah
2016-01-18;0,967;137;0,3;jah
2016-01-19;0,954;136;0,3;jah
2016-01-20;0,974;137;0,3;jah
2016-01-21;0,943;136;0,3;jah
2016-01-22;0,922;135;0,2;jah
2016-01-23;0,918;134;0,3;jah
2016-01-24;0,958;136;0,3;jah
2016-01-25;0,992;136;0,3;jah
2016-01-26;1,02;137;0,3;jah
2016-01-27;1,11;139;0,3;jah
2016-01-28;2,51;172;0,4;jah
2016-01-29;4,33;198;0,5;jah
2016-01-30;4,34;198;0,5;jah
2016-01-31;6,79;228;0,5;jah
2016-02-01;7,15;227;0,5;jah
2016-02-02;7,25;230;0,5;jah
2016-02-03;11,6;275;0,4;jah
2016-02-04;12,1;274;0,4;jah
2016-02-05;10,6;262;0,4;jah
2016-02-06;10;253;0,4;jah
2016-02-07;7,36;228;0,5;jah
2016-02-08;6,39;215;0,5;jah
2016-02-09;4,63;193;0,8;jah
2016-02-10;4,99;199;1,2;jah
2016-02-11;6,21;216;1,5;jah
2016-02-12;8,16;236;1,1;jah
2016-02-13;8,6;240;1,1;jah
2016-02-14;8,79;241;1;jah
2016-02-15;8,03;233;0,9;jah
2016-02-16;7,12;223;1;jah
2016-02-17;5,87;208;0,9;jah
2016-02-18;4,57;190;0,7;jah
2016-02-19;4,28;186;0,7;jah
2016-02-20;3,8;179;0,8;jah
2016-02-21;3,47;173;0,8;jah
2016-02-22;3,3;170;0,8;jah
2016-02-23;3,28;170;0,9;jah
2016-02-24;3,29;170;1,1;jah
2016-02-25;3,23;169;1,4;jah
2016-02-26;3,18;168;1,4;jah
2016-02-27;3,07;166;1,4;jah
2016-02-28;2,94;164;1,4;jah
2016-02-29;2,82;161;1,3;jah
2016-03-01;2,04;146;0,8;jah
2016-03-02;2,1;149;0,5;jah
2016-03-03;2,22;152;0,5;jah
2016-03-04;2,51;157;0,5;jah
2016-03-05;2,29;153;0,6;jah
2016-03-06;2,15;151;0,9;jah
2016-03-07;2,13;151;1,5;jah
2016-03-08;2,52;160;1,8;jah
2016-03-09;4,35;191;1,7;jah
2016-03-10;4,89;198;1,7;jah
2016-03-11;4,76;196;1,7;jah
2016-03-12;4,54;192;1,7;jah
2016-03-13;4,13;186;1,6;jah
2016-03-14;3,31;173;1,6;jah
2016-03-15;3,49;177;1,8;jah
2016-03-16;3,28;173;2;jah
2016-03-17;3,89;185;2,4;jah
2016-03-18;5,06;202;2,7;jah
2016-03-19;5,11;202;1,8;jah
2016-03-20;4,48;193;1,3;jah
2016-03-21;3,97;185;1,2;jah
2016-03-22;3,49;177;1,2;jah
2016-03-23;2,41;158;1,1;jah
2016-03-24;2,38;159;1;jah
2016-03-25;2,48;161;1;jah
2016-03-26;2,32;158;1,6;jah
2016-03-27;2,33;159;2,6;jah
2016-03-28;3,14;176;3,3;jah
2016-03-29;3,61;182;3,4;jah
2016-03-30;5,03;205;3,3;jah
2016-03-31;5,12;207;3,1;jah
2016-04-01;6,2;220;3,1;jah
2016-04-02;6,85;226;3,4;jah
2016-04-03;7,04;228;3,5;jah
2016-04-04;6,84;225;4;jah
2016-04-05;6,42;219;4,4;jah
2016-04-06;6,11;215;4,8;jah
2016-04-07;6,09;214;5,5;jah
2016-04-08;5,89;211;6,3;jah
2016-04-09;5,71;208;6,3;jah
2016-04-10;5,23;201;6,1;jah
2016-04-11;4,59;191;6,2;jah
2016-04-12;3,72;176;6,4;jah
2016-04-13;3,41;173;6,6;jah
2016-04-14;4,08;185;6,7;jah
2016-04-15;4,16;185;6;jah
2016-04-16;3,94;182;6,2;jah
2016-04-17;3,6;177;6,7;jah
2016-04-18;3,37;174;6,9;jah
2016-04-19;3,31;173;7,1;jah
2016-04-20;3,47;177;7,2;jah
2016-04-21;3,26;173;7,2;jah
2016-04-22;3,56;179;7,3;jah
2016-04-23;3,46;177;7,1;jah
2016-04-24;3,41;177;6,8;jah
2016-04-25;3,65;182;6,7;jah
2016-04-26;4,33;194;6,3;jah
2016-04-27;5,73;213;6,3;jah
2016-04-28;5,72;211;7,3;jah
2016-04-29;5,38;206;8,1;jah
2016-04-30;4,5;193;8,8;jah
2016-05-01;3,67;180;9,3;jah
2016-05-02;3,16;172;9,8;jah
2016-05-03;2,85;166;10,4;jah
2016-05-04;2,58;162;11,4;jah
2016-05-05;2,38;158;12,2;jah
2016-05-06;2,2;154;12,7;jah
2016-05-07;2,07;152;13,3;jah
2016-05-08;1,98;150;13,7;jah
2016-05-09;1,89;148;14,1;jah
2016-05-10;1,81;146;14,4;jah
2016-05-11;1,77;146;14,7;jah
2016-05-12;1,72;144;14,2;jah
2016-05-13;1,52;140;13,8;jah
2016-05-14;1,44;138;13,5;jah
2016-05-15;1,43;138;13,6;jah
2016-05-16;1,42;138;14;jah
2016-05-17;1,38;137;13,5;jah
2016-05-18;1,35;137;12,9;jah
2016-05-19;1,31;136;12,9;jah
2016-05-20;1,27;135;12,9;jah
2016-05-21;1,24;134;13,3;jah
2016-05-22;1,21;134;14;jah
2016-05-23;1,19;134;14,7;jah
2016-05-24;1,18;134;15,3;jah
2016-05-25;1,16;134;16,1;jah
2016-05-26;1,15;134;15,8;jah
2016-05-27;0,959;128;15,2;jah
2016-05-28;0,891;127;15,4;jah
2016-05-29;1,03;131;16;jah
2016-05-30;1,05;132;17;jah
2016-05-31;1,04;132;18;jah
2016-06-01;1,02;132;18,8;jah
2016-06-02;1;132;19,1;jah
2016-06-03;1,02;132;18,8;jah
2016-06-04;1,02;132;18,2;jah
2016-06-05;1,01;132;17,3;jah
2016-06-06;1,04;133;15,8;jah
2016-06-07;1,06;134;14,8;jah
2016-06-08;1,05;134;14,8;jah
2016-06-09;1,03;133;14,4;jah
2016-06-10;1,02;133;13,6;jah
2016-06-11;1,21;139;12,3;jah
2016-06-12;1,33;142;11,6;jah
2016-06-13;1,38;144;12,3;jah
2016-06-14;1,43;145;13,5;jah
2016-06-15;1,43;146;13,9;jah
2016-06-16;2,07;161;14;jah
2016-06-17;1,88;157;14,7;jah
2016-06-18;2,1;162;15;jah
2016-06-19;2,12;162;15,1;jah
2016-06-20;1,99;160;16,1;jah
2016-06-21;2;162;17,1;jah
2016-06-22;5,5;221;16,4;jah
2016-06-23;5,41;215;16,1;jah
2016-06-24;3,93;195;16,9;jah
2016-06-25;3,06;181;18,3;jah
2016-06-26;2,4;169;19,8;jah
2016-06-27;2,11;164;20;jah
2016-06-28;1,81;157;18,9;jah
2016-06-29;1,77;157;18,9;jah
2016-06-30;1,72;155;19;jah
2016-07-01;1,62;153;18,6;jah
2016-07-02;1,56;152;18,7;jah
2016-07-03;1,6;153;18,8;jah
2016-07-04;2,13;166;17,9;jah
2016-07-05;2,87;180;17,1;jah
2016-07-06;3,62;193;17,1;jah
2016-07-07;2,88;177;17,1;jah
2016-07-08;2,35;170;16,6;jah
2016-07-09;2,07;165;16,9;jah
2016-07-10;1,84;160;17,1;jah
2016-07-11;1,69;157;16,9;jah
2016-07-12;1,6;156;16,8;jah
2016-07-13;1,52;155;17,1;jah
2016-07-14;1,44;153;17,3;jah
2016-07-15;1,42;153;17,3;jah
2016-07-16;1,42;154;17,5;jah
2016-07-17;1,39;153;17,7;jah
2016-07-18;1,36;153;17,8;jah
2016-07-19;1,31;152;17,7;jah
2016-07-20;1,27;151;17,5;jah
2016-07-21;1,23;150;17,4;jah
2016-07-22;1,25;151;17,2;jah
2016-07-23;1,28;152;17;jah
2016-07-24;1,25;151;17,5;jah
2016-07-25;1,47;158;18,5;jah
2016-07-26;1,79;165;19,2;jah
2016-07-27;1,75;164;19,6;jah
2016-07-28;1,57;160;19,7;jah
2016-07-29;1,41;157;19,6;jah
2016-07-30;1,46;160;19,4;jah
2016-07-31;1,4;159;19,3;jah
2016-08-01;1,37;160;18,4;jah
2016-08-02;1,48;163;17,4;jah
2016-08-03;1,41;163;17,2;jah
2016-08-04;1,44;164;16,8;jah
2016-08-05;1,38;164;16,5;jah
2016-08-06;2,15;185;16,7;jah
2016-08-07;3,64;211;16,6;jah
2016-08-08;4,88;230;16,5;jah
2016-08-09;5,9;242;16,7;jah
2016-08-10;5,55;235;16,6;jah
2016-08-11;3,17;199;16,2;jah
2016-08-12;2,42;187;15,4;jah
2016-08-13;2,04;179;14,6;jah
2016-08-14;1,87;176;14,7;jah
2016-08-15;1,86;175;15,1;jah
2016-08-16;1,92;177;14,4;jah
2016-08-17;3,71;212;13,8;jah
2016-08-18;8,51;267;14,2;jah
2016-08-19;8,43;263;14,5;jah
2016-08-20;8,52;264;15;jah
2016-08-21;8,79;264;15,4;jah
2016-08-22;6,74;240;15,9;jah
2016-08-23;5,49;225;16,2;jah
2016-08-24;3,67;197;16,1;jah
2016-08-25;3,7;198;15,9;jah
2016-08-26;3,48;193;16,2;jah
2016-08-27;3,14;186;16,5;jah
2016-08-28;2,8;178;16,2;jah
2016-08-29;2,56;173;16,1;jah
2016-08-30;2,41;169;16;jah
2016-08-31;2,34;166;15,4;jah
2016-09-01;2,27;164;15,1;jah
2016-09-02;2,21;162;15;jah
2016-09-03;2,14;160;14,6;jah
2016-09-04;2,24;161;14,5;jah
2016-09-05;2,29;162;14,5;jah
2016-09-06;2,28;161;14;jah
2016-09-07;2,24;159;13,8;jah
2016-09-08;2,17;157;13,9;jah
2016-09-09;2,07;155;13,7;jah
2016-09-10;1,99;153;13,7;jah
2016-09-11;1,93;151;14,1;jah
2016-09-12;1,88;150;14,5;jah
2016-09-13;1,82;149;14,5;jah
2016-09-14;1,76;147;13,6;jah
2016-09-15;1,71;146;12,7;jah
2016-09-16;1,67;145;12,6;jah
2016-09-17;1,63;144;12,6;jah
2016-09-18;1,59;143;12,4;jah
2016-09-19;1,57;142;11,9;jah
2016-09-20;1,59;143;11,3;jah
2016-09-21;1,5;141;11;jah
2016-09-22;1,5;141;11;jah
2016-09-23;1,47;140;10,9;jah
2016-09-24;1,42;139;10,5;jah
2016-09-25;1,37;139;9,9;jah
2016-09-26;1,33;138;9,5;jah
2016-09-27;1,34;138;9,7;jah
2016-09-28;1,2;135;10,1;jah
2016-09-29;1,31;138;10,6;jah
2016-09-30;1,38;140;11,3;jah
2016-10-01;1,4;140;11,3;jah
2016-10-02;1,44;141;10,7;jah
2016-10-03;1,45;142;10,4;jah
2016-10-04;1,42;141;9,9;jah
2016-10-05;1,42;141;9;jah
2016-10-06;1,39;140;8,5;jah
2016-10-07;1,36;139;8;jah
2016-10-08;1,34;138;7,7;jah
2016-10-09;1,34;138;7,5;jah
2016-10-10;1,33;138;7,2;jah
2016-10-11;1,3;137;6,3;jah
2016-10-12;1,28;136;5,9;jah
2016-10-13;1,26;136;5,3;jah
2016-10-14;1,25;136;4,9;jah
2016-10-15;1,31;137;4,9;jah
2016-10-16;1,4;139;5;jah
2016-10-17;1,4;139;4,9;jah
2016-10-18;1,36;138;4,4;jah
2016-10-19;1,34;137;3,9;jah
2016-10-20;1,32;137;3,3;jah
2016-10-21;1,32;136;2,8;jah
2016-10-22;1,32;136;2,7;jah
2016-10-23;1,34;137;3;jah
2016-10-24;1,39;138;3,5;jah
2016-10-25;1,44;139;3,6;jah
2016-10-26;1,46;139;3,5;jah
2016-10-27;1,46;139;3,5;jah
2016-10-28;1,58;142;4,1;jah
2016-10-29;1,82;147;4,6;jah
2016-10-30;1,93;149;4,8;jah
2016-10-31;2,05;151;4,7;jah
2016-11-01;2;150;4,2;jah
2016-11-02;1,97;149;3,5;jah
2016-11-03;1,9;148;2,6;jah
2016-11-04;1,85;147;2,4;jah
2016-11-05;1,82;146;2,2;jah
2016-11-06;1,73;144;1,4;jah
2016-11-07;1,68;143;0,9;jah
2016-11-08;1,64;142;0,8;jah
2016-11-09;1,66;143;0,8;jah
2016-11-10;1,7;144;0,8;jah
2016-11-11;1,67;143;0,7;jah
2016-11-12;1,59;142;0,7;jah
2016-11-13;1,62;143;0,7;jah
2016-11-14;1,62;143;0,8;jah
2016-11-15;1,59;143;0,8;jah
2016-11-16;1,62;144;1;jah
2016-11-17;1,76;148;1,4;jah
2016-11-18;2,88;172;2,1;jah
2016-11-19;4,76;202;2,8;jah
2016-11-20;7,65;239;3,1;jah
2016-11-21;10,1;260;3,4;jah
2016-11-22;9,46;253;3,5;jah
2016-11-23;9,87;255;3,4;jah
2016-11-24;8,59;240;3,2;jah
2016-11-25;7,46;227;2,9;jah
2016-11-26;6,48;215;2,9;jah
2016-11-27;6,73;217;3;jah
2016-11-28;6,13;207;2,7;jah
2016-11-29;5,8;201;1,8;jah
2016-11-30;5;190;1,2;jah
2016-12-01;4,47;182;1,1;jah
2016-12-02;4,2;179;1,1;jah
2016-12-03;3,78;172;1,2;jah
2016-12-04;3,14;161;0,8;jah
2016-12-05;3,1;164;0,8;jah
2016-12-06;3,59;171;0,8;jah
2016-12-07;3,01;161;0,7;jah
2016-12-08;3,31;168;0,8;jah
2016-12-09;4;180;1;jah
2016-12-10;4,66;190;1,3;jah
2016-12-11;4,02;180;0,8;jah
2016-12-12;3,6;173;0,7;jah
2016-12-13;3,15;167;0,7;jah
2016-12-14;3,43;172;0,7;jah
2016-12-15;3,09;165;0,6;jah
2016-12-16;2,87;162;0,6;jah
2016-12-17;2,53;156;0,7;jah
2016-12-18;2,44;155;0,9;jah
2016-12-19;2,47;155;1,2;jah
2016-12-20;2,61;158;1,7;jah
2016-12-21;2,79;161;2,1;jah
2016-12-22;2,97;165;2,2;jah
2016-12-23;3,09;167;2,3;jah
2016-12-24;3,25;170;2,5;jah
2016-12-25;3,48;174;2,6;jah
2016-12-26;3,67;178;2,7;jah
2016-12-27;3,84;180;2,6;jah
2016-12-28;3,64;177;2,2;jah
2016-12-29;3,34;172;1,9;jah
2016-12-30;3,05;168;1,8;jah
2016-12-31;3,01;168;2,4;jah
2017-01-01;3,9;185;3,3;jah
2017-01-02;5,95;212;3,3;jah
2017-01-03;6,57;216;2,6;jah
2017-01-04;6,3;213;1,5;jah
2017-01-05;5,89;209;0,9;jah
2017-01-06;5,22;200;0,6;jah
2017-01-07;4,7;204;0,7;jah
2017-01-08;4,26;205;0,7;jah
2017-01-09;3,82;190;0,6;jah
2017-01-10;3,38;173;0,6;jah
2017-01-11;3,01;166;0,5;jah
2017-01-12;2,82;163;0,5;jah
2017-01-13;2,57;158;0,5;jah
2017-01-14;2,4;155;0,5;jah
2017-01-15;2,25;153;0,5;jah
2017-01-16;2,16;151;0,5;jah
2017-01-17;2,09;149;0,4;jah
2017-01-18;1,98;147;0,4;jah
2017-01-19;1,95;146;0,4;jah
2017-01-20;2,03;147;0,4;jah
2017-01-21;2,05;147;0,4;jah
2017-01-22;2;146;0,3;jah
2017-01-23;2,06;147;0,3;jah
2017-01-24;2,2;149;0,3;jah
2017-01-25;2;145;0,3;jah
2017-01-26;1,9;143;0,3;jah
2017-01-27;2,14;148;0,3;jah
2017-01-28;1,98;145;0,3;jah
2017-01-29;1,89;143;0,4;jah
2017-01-30;1,85;143;0,4;jah
2017-01-31;1,81;142;0,5;jah
2017-02-01;1,79;142;0,7;jah
2017-02-02;1,75;142;0,8;jah
2017-02-03;1,72;141;0,7;jah
2017-02-04;1,69;141;0,9;jah
2017-02-05;1,66;140;0,9;jah
2017-02-06;1,36;134;0,6;jah
2017-02-07;1,55;142;0,4;jah
2017-02-08;1,57;141;0,4;jah
2017-02-09;1,59;142;0,3;jah
2017-02-10;1,62;140;0,3;jah
2017-02-11;1,59;138;0,4;jah
2017-02-12;1,56;138;0,4;jah
2017-02-13;1,54;137;0,4;jah
2017-02-14;1,51;136;0,4;jah
2017-02-15;1,48;135;0,4;jah
2017-02-16;1,44;134;0,4;jah
2017-02-17;1,4;134;0,4;jah
2017-02-18;1,43;134;0,5;jah
2017-02-19;1,56;137;0,4;jah
2017-02-20;2,56;157;0,4;jah
2017-02-21;3,7;174;0,5;jah
2017-02-22;3,35;170;0,4;jah
2017-02-23;3,31;167;0,3;jah
2017-02-24;2,82;158;0,2;jah
2017-02-25;2,25;150;0,2;jah
2017-02-26;2,03;147;0,2;jah
2017-02-27;2,05;144;0,3;jah
2017-02-28;2,24;149;0,4;jah
2017-03-01;2,99;163;0,5;jah
2017-03-02;4,23;179;0,8;jah
2017-03-03;4,09;176;0,8;jah
2017-03-04;4,79;187;1;jah
2017-03-05;5,08;189;1;jah
2017-03-06;4,88;186;0,8;jah
2017-03-07;3,79;169;0,4;jah
2017-03-08;3,05;159;0,4;jah
2017-03-09;2,47;150;1;jah
2017-03-10;2,55;152;1,4;jah
2017-03-11;2,46;151;1,7;jah
2017-03-12;2,51;152;2,3;jah
2017-03-13;2,67;155;2,3;jah
2017-03-14;2,63;155;2;jah
2017-03-15;2,87;160;2,3;jah
2017-03-16;3,23;166;2,4;jah
2017-03-17;3,88;178;2,3;jah
2017-03-18;5,36;199;2,1;jah
2017-03-19;5,5;201;2,1;jah
2017-03-20;5,48;200;1,8;jah
2017-03-21;5,33;199;1,9;jah
2017-03-22;5,44;201;2,2;jah
2017-03-23;5,45;200;2,6;jah
2017-03-24;5,23;196;2,7;jah
2017-03-25;4,74;188;2,5;jah
2017-03-26;4,35;182;2,8;jah
2017-03-27;3,64;172;3,1;jah
2017-03-28;3,84;175;3,7;jah
2017-03-29;3,69;172;3,4;jah
2017-03-30;3,8;173;3,1;jah
2017-03-31;3,34;166;2,8;jah
2017-04-01;2,81;157;2,8;jah
2017-04-02;3,35;166;4,2;jah
2017-04-03;3,77;172;5,4;jah
2017-04-04;4,01;175;5,5;jah
2017-04-05;4,01;175;6;jah
2017-04-06;3,87;173;6,1;jah
2017-04-07;3,64;170;6;jah
2017-04-08;3,46;167;6,2;jah
2017-04-09;3,25;164;6,1;jah
2017-04-10;3,11;162;6,4;jah
2017-04-11;3,03;162;7,3;jah
2017-04-12;2,95;160;6,7;jah
2017-04-13;3;162;6,3;jah
2017-04-14;3,05;163;5,5;jah
2017-04-15;3,01;162;5;jah
2017-04-16;2,88;160;4,4;jah
2017-04-17;2,7;157;3,9;jah
2017-04-18;2,53;155;3,8;jah
2017-04-19;2,37;152;3,5;jah
2017-04-20;2,22;150;3,9;jah
2017-04-21;2,19;151;4,5;jah
2017-04-22;2,24;154;5;jah
2017-04-23;2,41;159;5,5;jah
2017-04-24;2,56;163;5,3;jah
2017-04-25;2,96;174;5,2;jah
2017-04-26;5,99;222;4,9;jah
2017-04-27;6,04;220;4,9;jah
2017-04-28;6,19;222;5,3;jah
2017-04-29;5,5;211;5,8;jah
2017-04-30;4,98;202;5,9;jah
2017-05-01;4,45;193;5,9;jah
2017-05-02;3,78;181;6,8;jah
2017-05-03;3,65;178;7,9;jah
2017-05-04;3,26;170;8,8;jah
2017-05-05;2,96;164;9,4;jah
2017-05-06;2,74;159;10,2;jah
2017-05-07;2,58;156;10,6;jah
2017-05-08;2,45;152;9,9;jah
2017-05-09;2,34;149;8,5;jah
2017-05-10;2,27;147;7,9;jah
2017-05-11;2,21;145;7,6;jah
2017-05-12;2,14;144;7,6;jah
2017-05-13;2,09;143;8,4;jah
2017-05-14;2,01;142;9,2;jah
2017-05-15;1,96;141;10,5;jah
2017-05-16;1,9;140;10,6;jah
2017-05-17;1,84;139;10,6;jah
2017-05-18;1,81;139;10,9;jah
2017-05-19;1,8;139;12,1;jah
2017-05-20;1,78;138;13,9;jah
2017-05-21;1,76;138;15;jah
2017-05-22;1,7;137;15,2;jah
2017-05-23;1,68;137;14,7;jah
2017-05-24;1,93;142;13,8;jah
2017-05-25;1,89;141;13,7;jah
2017-05-26;1,78;139;14,1;jah
2017-05-27;1,67;137;14;jah
2017-05-28;1,58;136;14,4;jah
2017-05-29;1,55;136;15,2;jah
2017-05-30;1,54;136;15,5;jah
2017-05-31;1,58;137;15,2;jah
2017-06-01;1,51;136;14;jah
2017-06-02;1,41;134;12,5;jah
2017-06-03;1,34;133;11,6;jah
2017-06-04;1,3;132;12;jah
2017-06-05;1,34;134;12,3;jah
2017-06-06;1,37;135;12,4;jah
2017-06-07;1,39;135;13,8;jah
2017-06-08;1,56;140;14,4;jah
2017-06-09;1,68;143;14,4;jah
2017-06-10;1,64;142;14,8;jah
2017-06-11;1,54;140;15,6;jah
2017-06-12;1,52;140;15,3;jah
2017-06-13;1,63;143;14,4;jah
2017-06-14;1,66;144;14,4;jah
2017-06-15;1,58;142;14,8;jah
2017-06-16;1,5;141;15,5;jah
2017-06-17;1,38;138;16,3;jah
2017-06-18;1,31;137;17;jah
2017-06-19;1,27;136;17,5;jah
2017-06-20;1,21;135;17,2;jah
2017-06-21;1,19;135;16,1;jah
2017-06-22;1,18;135;15;jah
2017-06-23;1,16;135;14,6;jah
2017-06-24;1,15;134;14,5;jah
2017-06-25;1,15;135;14,8;jah
2017-06-26;1,14;135;15;jah
2017-06-27;1,12;134;15,2;jah
2017-06-28;1,09;134;15,3;jah
2017-06-29;1,08;134;15,5;jah
2017-06-30;1,96;157;15,1;jah
2017-07-01;2,23;161;14,6;jah
2017-07-02;2,37;165;14,7;jah
2017-07-03;2,44;166;15,1;jah
2017-07-04;2,17;161;15,2;jah
2017-07-05;1,91;155;15,2;jah
2017-07-06;1,68;150;14,7;jah
2017-07-07;1,51;146;14,5;jah
2017-07-08;1,41;144;15;jah
2017-07-09;1,33;142;15,4;jah
2017-07-10;1,27;141;15,7;jah
2017-07-11;1,27;141;15,7;jah
2017-07-12;1,32;142;15,7;jah
2017-07-13;1,34;144;16,1;jah
2017-07-14;1,84;154;15,7;jah
2017-07-15;1,42;148;15,4;jah
2017-07-16;1,62;151;15,7;jah
2017-07-17;1,75;154;15,7;jah
2017-07-18;1,37;146;15,4;jah
2017-07-19;1,32;144;15,6;jah
2017-07-20;1,26;144;15,3;jah
2017-07-21;1,23;143;15,4;jah
2017-07-22;1,18;141;15,9;jah
2017-07-23;1,14;140;16,2;jah
2017-07-24;1,1;140;16,5;jah
2017-07-25;1,11;139;16,8;jah
2017-07-26;1,03;138;17,3;jah
2017-07-27;1,01;139;17,5;jah
2017-07-28;0,999;139;17,4;jah
2017-07-29;0,949;139;16,9;jah
2017-07-30;0,928;139;16,6;jah
2017-07-31;0,965;142;16,5;jah
2017-08-01;0,858;139;16,9;jah
2017-08-02;0,864;141;17,2;jah
2017-08-03;0,791;140;17,5;jah
2017-08-04;0,87;142;17,6;jah
2017-08-05;0,879;143;17,6;jah
2017-08-06;0,909;143;17,3;jah
2017-08-07;0,8;139;17;jah
2017-08-08;0,878;142;16,8;jah
2017-08-09;0,786;138;16,8;jah
2017-08-10;0,678;133;17,2;jah
2017-08-11;0,942;145;16,9;jah
2017-08-12;0,941;144;17,2;jah
2017-08-13;0,933;143;17,9;jah
2017-08-14;0,898;142;17,8;jah
2017-08-15;0,883;141;17;jah
2017-08-16;0,921;143;16,3;jah
2017-08-17;0,914;142;16,3;jah
2017-08-18;0,909;142;16,8;jah
2017-08-19;0,948;143;17,3;jah
2017-08-20;1,07;147;17,2;jah
2017-08-21;1,12;149;16,7;jah
2017-08-22;1,09;148;15,9;jah
2017-08-23;1,13;149;14,9;jah
2017-08-24;1,23;152;14,1;jah
2017-08-25;1,27;153;13,4;jah
2017-08-26;1,27;153;13,4;jah
2017-08-27;1,21;151;13,5;jah
2017-08-28;1,14;148;13,3;jah
2017-08-29;1,08;146;13,1;jah
2017-08-30;1,04;145;13,1;jah
2017-08-31;0,945;141;13,7;jah
2017-09-01;0,935;141;14,2;jah
2017-09-02;0,997;143;14;jah
2017-09-03;1,06;145;13,5;jah
2017-09-04;1,08;145;13;jah
2017-09-05;1,1;145;12,7;jah
2017-09-06;1,08;145;12,4;jah
2017-09-07;1,05;143;12;jah
2017-09-08;1,03;142;11,9;jah
2017-09-09;1,02;142;12;jah
2017-09-10;1,05;143;12,6;jah
2017-09-11;1,24;149;13,2;jah
2017-09-12;1,24;148;13,7;jah
2017-09-13;1,34;151;14;jah
2017-09-14;1,5;154;13,7;jah
2017-09-15;1,67;158;13;jah
2017-09-16;2,06;165;12,6;jah
2017-09-17;2,15;166;12,4;jah
2017-09-18;2,71;178;11,8;jah
2017-09-19;5,44;219;11,4;jah
2017-09-20;5,49;215;11,6;jah
2017-09-21;5,18;211;11,6;jah
2017-09-22;5,07;208;11,8;jah
2017-09-23;3,99;192;11,9;jah
2017-09-24;3,3;180;11,5;jah
2017-09-25;2,81;172;11,1;jah
2017-09-26;2,4;164;10,9;jah
2017-09-27;2,14;159;10,6;jah
2017-09-28;1,96;155;10,5;jah
2017-09-29;1,83;152;9,7;jah
2017-09-30;1,74;150;9;jah
2017-10-01;1,68;148;8,8;jah
2017-10-02;1,62;147;8,8;jah
2017-10-03;1,61;147;8,3;jah
2017-10-04;1,66;148;8,4;jah
2017-10-05;1,87;153;8,8;jah
2017-10-06;2,18;159;8,6;jah
2017-10-07;2,45;164;8,5;jah
2017-10-08;2,69;168;8,7;jah
2017-10-09;2,93;172;8,4;jah
2017-10-10;3,35;180;8,1;jah
2017-10-11;5,06;207;8,2;jah
2017-10-12;6,04;218;8,2;jah
2017-10-13;6,82;228;8,5;jah
2017-10-14;7,21;231;8,5;jah
2017-10-15;6,8;226;8,6;jah
2017-10-16;6,26;219;8,7;jah
2017-10-17;5,7;212;8,7;jah
2017-10-18;4,81;199;9;jah
2017-10-19;4,35;192;8,4;jah
2017-10-20;4,3;191;7,1;jah
2017-10-21;3,68;179;5,6;jah
2017-10-22;3,29;175;4,2;jah
2017-10-23;3,69;181;3,5;jah
2017-10-24;3,16;172;3,3;jah
2017-10-25;2,75;164;2,6;jah
2017-10-26;2,57;162;2,1;jah
2017-10-27;2,89;168;2,9;jah
2017-10-28;2,82;167;3,2;jah
2017-10-29;3,49;178;3,5;jah
2017-10-30;4,46;193;3,9;jah
2017-10-31;4,49;192;3,9;jah
2017-11-01;4,13;186;3,4;jah
2017-11-02;3,72;178;3,3;jah
2017-11-03;3,53;177;3,4;jah
2017-11-04;3,54;175;3,5;jah
2017-11-05;3,41;173;4,1;jah
2017-11-06;3,28;171;4,4;jah
2017-11-07;3,14;168;4,6;jah
2017-11-08;2,97;164;3,7;jah
2017-11-09;2,8;161;3,6;jah
2017-11-10;2,8;161;3,9;jah
2017-11-11;2,82;161;4,3;jah
2017-11-12;3,19;168;4,2;jah
2017-11-13;3,87;178;4,3;jah
2017-11-14;4,55;188;4,2;jah
2017-11-15;4;180;3,8;jah
2017-11-16;4,71;191;3,7;jah
2017-11-17;4,68;191;3,7;jah
2017-11-18;4,63;190;3,6;jah
2017-11-19;4,3;186;3,6;jah
2017-11-20;4,1;183;3,5;jah
2017-11-21;3,89;180;3,4;jah
2017-11-22;3,59;176;3,3;jah
2017-11-23;3,26;172;2,9;jah
2017-11-24;3,01;168;2,8;jah
2017-11-25;2,94;168;3,2;jah
2017-11-26;3,42;177;3,6;jah
2017-11-27;4,2;189;3,5;jah
2017-11-28;4,3;191;3,5;jah
2017-11-29;4,07;187;3,2;jah
2017-11-30;3,74;182;3;jah
2017-12-01;3,69;182;2,5;jah
2017-12-02;3,77;183;2,3;jah
2017-12-03;3,81;184;2,3;jah
2017-12-04;3,8;184;2,2;jah
2017-12-05;3,67;182;2,2;jah
2017-12-06;3,5;179;1,8;jah
2017-12-07;3,28;176;1,5;jah
2017-12-08;3,43;180;1,8;jah
2017-12-09;5,05;206;2,3;jah
2017-12-10;6,08;218;2,3;jah
2017-12-11;5,69;212;1,8;jah
2017-12-12;5;204;1,6;jah
2017-12-13;6,38;225;2;jah
2017-12-14;7,79;239;1,8;jah
2017-12-15;7,28;232;1,4;jah
2017-12-16;6,73;225;1,3;jah
2017-12-17;5,67;211;1,4;jah
2017-12-18;4,64;196;1,5;jah
2017-12-19;4,04;187;1,7;jah
2017-12-20;3,68;181;1,8;jah
2017-12-21;3,47;177;1,7;jah
2017-12-22;2,82;166;1,6;jah
2017-12-23;3,17;173;1,7;jah
2017-12-24;3,24;173;1,6;jah
2017-12-25;3,17;172;1;jah
2017-12-26;3,84;185;1,3;jah
2017-12-27;6,41;221;2;jah
2017-12-28;7,14;227;1,9;jah
2017-12-29;6,9;224;2;jah
2017-12-30;6,89;224;2,1;jah
2017-12-31;6,44;217;2,1;jah
2018-01-01;5,8;209;1,9;jah
2018-01-02;5,6;207;2,1;jah
2018-01-03;5,36;203;2,3;jah
2018-01-04;5,07;199;2,4;jah
2018-01-05;4,81;195;2,6;jah
2018-01-06;4,8;195;2,9;jah
2018-01-07;4,96;197;2,6;jah
2018-01-08;4,85;194;1,7;jah
2018-01-09;4,49;188;1,4;jah
2018-01-10;4,06;182;1,5;jah
2018-01-11;3,73;176;1,4;jah
2018-01-12;3,39;171;0,9;jah
2018-01-13;2,39;153;0,4;jah
2018-01-14;2,23;151;0,4;jah
2018-01-15;2,3;154;0,4;jah
2018-01-16;2,31;167;0,5;jah
2018-01-17;2,34;173;0,6;jah
2018-01-18;2,37;162;0,5;jah
2018-01-19;2,4;155;0,4;jah
2018-01-20;2,42;154;0,3;jah
2018-01-21;2,3;152;0,3;jah
2018-01-22;2,21;150;0,3;jah
2018-01-23;2,13;148;0,3;jah
2018-01-24;2,08;148;0,3;jah
2018-01-25;2,12;149;0,3;jah
2018-01-26;2,36;154;0,4;jah
2018-01-27;2,63;159;0,5;jah
2018-01-28;2,65;159;0,5;jah
2018-01-29;2,63;159;0,5;jah
2018-01-30;2,58;159;0,6;jah
2018-01-31;2,45;156;0,5;jah
2018-02-01;2,36;155;0,5;jah
2018-02-02;2,3;154;0,6;jah
2018-02-03;2,25;154;0,9;jah
2018-02-04;2,15;152;0,8;jah
2018-02-05;1,66;142;0,4;jah
2018-02-06;1,74;144;0,3;jah
2018-02-07;1,85;148;0,3;jah
2018-02-08;2,08;153;0,3;jah
2018-02-09;2,02;150;0,2;jah
2018-02-10;1,95;148;0,2;jah
2018-02-11;1,93;148;0,2;jah
2018-02-12;1,9;147;0,3;jah
2018-02-13;1,88;146;0,3;jah
2018-02-14;1,85;145;0,3;jah
2018-02-15;1,7;142;0,3;jah
2018-02-16;1,8;143;0,3;jah
2018-02-17;1,86;144;0,2;jah
2018-02-18;1,87;144;0,2;jah
2018-02-19;1,81;142;0,3;jah
2018-02-20;1,78;143;0,3;jah
2018-02-21;1,73;144;0,3;jah
2018-02-22;1,76;144;0,3;jah
2018-02-23;1,77;149;0,3;jah
2018-02-24;1,77;147;0,3;jah
2018-02-25;1,76;147;0,3;jah
2018-02-26;1,77;146;0,3;jah
2018-02-27;1,75;146;0,2;jah
2018-02-28;1,67;146;0,1;jah
2018-03-01;1,62;146;0,1;jah
2018-03-02;1,56;145;0,1;jah
2018-03-03;1,54;146;0,1;jah
2018-03-04;1,47;145;0,1;jah
2018-03-05;1,41;145;0,1;jah
2018-03-06;1,34;145;0,1;jah
2018-03-07;1,31;145;0,1;jah
2018-03-08;1,35;145;0,1;jah
2018-03-09;1,4;145;0,3;jah
2018-03-10;1,4;143;0,2;jah
2018-03-11;1,39;142;0,3;jah
2018-03-12;1,39;141;0,3;jah
2018-03-13;1,59;145;0,2;jah
2018-03-14;3,49;180;0,3;jah
2018-03-15;3,22;171;0,1;jah
2018-03-16;2,69;164;0,1;jah
2018-03-17;2,23;156;0,2;jah
2018-03-18;1,93;145;0,2;jah
2018-03-19;1,78;141;0,3;jah
2018-03-20;1,74;140;0,3;jah
2018-03-21;1,71;139;0,3;jah
2018-03-22;1,63;137;0,2;jah
2018-03-23;1,62;137;0,3;jah
2018-03-24;1,6;137;0,3;jah
2018-03-25;1,62;136;0,3;jah
2018-03-26;1,73;138;0,3;jah
2018-03-27;1,6;136;0,3;jah
2018-03-28;1,64;136;0,3;jah
2018-03-29;1,59;135;0,4;jah
2018-03-30;1,59;135;0,3;jah
2018-03-31;1,59;135;0,3;jah
2018-04-01;1,52;134;0,5;jah
2018-04-02;2,08;146;0,6;jah
2018-04-03;2,76;156;0,7;jah
2018-04-04;2,94;159;1,1;jah
2018-04-05;3,74;175;1,8;jah
2018-04-06;5,44;201;2,1;jah
2018-04-07;6,87;220;2,2;jah
2018-04-08;6,64;217;2,6;jah
2018-04-09;6,34;215;3,7;jah
2018-04-10;6,44;216;4,2;jah
2018-04-11;5,98;210;3,8;jah
2018-04-12;5,17;198;4;jah
2018-04-13;4,33;185;4,4;jah
2018-04-14;3,63;175;5;jah
2018-04-15;3,43;172;5,7;jah
2018-04-16;3,46;172;6,8;jah
2018-04-17;4,06;183;7;jah
2018-04-18;6,09;212;6,6;jah
2018-04-19;6,74;218;6,9;jah
2018-04-20;6,37;213;7,3;jah
2018-04-21;5,55;201;8,3;jah
2018-04-22;4,7;189;8,1;jah
2018-04-23;4,12;180;7,8;jah
2018-04-24;3,69;174;8,3;jah
2018-04-25;3,47;171;8,5;jah
2018-04-26;3,42;171;8,4;jah
2018-04-27;3,36;170;8,1;jah
2018-04-28;3,21;168;7,8;jah
2018-04-29;3,06;165;8;jah
2018-04-30;2,91;163;9,2;jah
2018-05-01;3,03;165;10,7;jah
2018-05-02;3,07;166;11,4;jah
2018-05-03;2,92;163;11,1;jah
2018-05-04;2,81;162;11,3;jah
2018-05-05;2,72;160;11,2;jah
2018-05-06;2,59;158;11,4;jah
2018-05-07;2,39;154;12,3;jah
2018-05-08;2,23;151;13,4;jah
2018-05-09;2,09;149;13,7;jah
2018-05-10;1,95;146;13,7;jah
2018-05-11;1,84;144;14;jah
2018-05-12;1,75;142;14,4;jah
2018-05-13;1,67;141;15;jah
2018-05-14;1,62;140;15,7;jah
2018-05-15;1,56;139;16,5;jah
2018-05-16;1,54;139;16,8;jah
2018-05-17;1,5;138;17,1;jah
2018-05-18;1,49;138;16,8;jah
2018-05-19;1,47;137;15,9;jah
2018-05-20;1,36;135;15,4;jah
2018-05-21;1,4;136;15,4;jah
2018-05-22;1,35;135;15,6;jah
2018-05-23;1,17;131;16;jah
2018-05-24;1,18;133;16,4;jah
2018-05-25;1,19;133;16,7;jah
2018-05-26;1,18;134;17,1;jah
2018-05-27;1,28;137;17,4;jah
2018-05-28;1,18;135;17,7;jah
2018-05-29;1,01;131;17,8;jah
2018-05-30;0,961;130;18,2;jah
2018-05-31;0,956;131;18;jah
2018-06-01;0,952;131;17,6;jah
2018-06-02;0,934;131;17,1;jah
2018-06-03;0,915;131;17,3;jah
2018-06-04;0,903;132;17,3;jah
2018-06-05;0,888;132;16;jah
2018-06-06;0,872;132;14,5;jah
2018-06-07;0,867;132;14;jah
2018-06-08;0,868;133;14,3;jah
2018-06-09;0,86;133;14,8;jah
2018-06-10;0,853;133;15;jah
2018-06-11;0,848;134;15,6;jah
2018-06-12;0,886;136;16,2;jah
2018-06-13;0,921;137;16,5;jah
2018-06-14;0,893;137;17;jah
2018-06-15;0,868;137;17,3;jah
2018-06-16;0,843;137;17,7;jah
2018-06-17;0,823;137;17,9;jah
2018-06-18;0,801;136;18,1;jah
2018-06-19;0,806;138;17,3;jah
2018-06-20;0,821;139;16,7;jah
2018-06-21;0,849;141;16,6;jah
2018-06-22;1,04;148;16,5;jah
2018-06-23;1;146;16,2;jah
2018-06-24;1,02;147;15,4;jah
2018-06-25;1,18;153;14,5;jah
2018-06-26;1,18;152;14,9;jah
2018-06-27;1,19;153;15,6;jah
2018-06-28;1,12;150;16,8;jah
2018-06-29;1,05;148;17,3;jah
2018-06-30;0,994;146;16,7;jah
2018-07-01;0,971;145;15,4;jah
2018-07-02;1,02;147;14,2;jah
2018-07-03;1,04;147;14,2;jah
2018-07-04;1,03;147;15,3;jah
2018-07-05;1,02;148;15,8;jah
2018-07-06;1,02;148;15,7;jah
2018-07-07;1;148;16,1;jah
2018-07-08;0,965;148;17,1;jah
2018-07-09;0,945;148;17,8;jah
2018-07-10;0,92;148;18,1;jah
2018-07-11;0,89;148;18,2;jah
2018-07-12;0,86;147;18,3;jah
2018-07-13;0,836;147;18,6;jah
2018-07-14;0,852;149;19;jah
2018-07-15;0,806;148;19,7;jah
2018-07-16;0,767;147;20,3;jah
2018-07-17;0,829;150;20,8;jah
2018-07-18;0,798;148;21,2;jah
2018-07-19;0,745;146;21,3;jah
2018-07-20;0,772;148;21,2;jah
2018-07-21;0,756;147;21;jah
2018-07-22;0,727;146;21,1;jah
2018-07-23;0,719;146;21,2;jah
2018-07-24;0,716;146;21,6;jah
2018-07-25;0,714;146;21,3;jah
2018-07-26;0,709;145;20,9;jah
2018-07-27;0,699;145;20,8;jah
2018-07-28;0,697;145;20,9;jah
2018-07-29;0,692;145;21,5;jah
2018-07-30;0,678;144;21,8;jah
2018-07-31;0,656;143;22,2;jah
2018-08-01;0,648;143;22,4;jah
2018-08-02;0,572;139;22,3;jah
2018-08-03;0,544;138;21,9;jah
2018-08-04;0,559;139;21,4;jah
2018-08-05;0,575;141;20,9;jah
2018-08-06;0,579;141;20,4;jah
2018-08-07;0,56;140;19,7;jah
2018-08-08;0,563;141;19,3;jah
2018-08-09;0,614;145;19,3;jah
2018-08-10;0,6;144;19,6;jah
2018-08-11;0,575;143;19,8;jah
2018-08-12;0,571;143;19,2;jah
2018-08-13;0,575;144;18,5;jah
2018-08-14;0,558;143;17,8;jah
2018-08-15;0,636;147;17,2;jah
2018-08-16;0,644;147;17,1;jah
2018-08-17;0,63;145;17,3;jah
2018-08-18;0,631;145;17,8;jah
2018-08-19;0,625;144;17,7;jah
2018-08-20;0,642;145;17,4;jah
2018-08-21;0,712;147;16,9;jah
2018-08-22;0,674;145;16,3;jah
2018-08-23;0,735;148;15,8;jah
2018-08-24;0,757;148;15,8;jah
2018-08-25;0,739;147;16;jah
2018-08-26;0,741;146;16;jah
2018-08-27;0,772;147;15,8;jah
2018-08-28;0,756;146;15,4;jah
2018-08-29;0,753;145;15,2;jah
2018-08-30;0,771;146;15;jah
2018-08-31;0,81;147;15;jah
2018-09-01;0,795;145;15,3;jah
2018-09-02;0,765;142;15,7;jah
2018-09-03;0,747;141;15,8;jah
2018-09-04;0,74;140;15,7;jah
2018-09-05;0,744;139;15,5;jah
2018-09-06;0,747;138;15,7;jah
2018-09-07;0,729;137;15,9;jah
2018-09-08;0,723;135;15,9;jah
2018-09-09;0,711;134;15,8;jah
2018-09-10;0,711;134;15,7;jah
2018-09-11;0,736;134;15,6;jah
2018-09-12;0,733;133;15,3;jah
2018-09-13;0,713;132;14,8;jah
2018-09-14;0,706;131;14,2;jah
2018-09-15;0,699;130;13,6;jah
2018-09-16;0,719;130;13,2;jah
2018-09-17;0,734;130;12,8;jah
2018-09-18;0,754;130;12,5;jah
2018-09-19;0,779;131;12,8;jah
2018-09-20;0,777;130;13,4;jah
2018-09-21;0,752;128;14,1;jah
2018-09-22;0,732;127;14,1;jah
2018-09-23;0,76;128;13,1;jah
2018-09-24;0,829;130;11,9;jah
2018-09-25;0,865;130;10,4;jah
2018-09-26;0,878;130;9,3;jah
2018-09-27;0,976;133;9,1;jah
2018-09-28;1,21;139;9,5;jah
2018-09-29;1,32;141;9,3;jah
2018-09-30;1,32;141;8,7;jah
2018-10-01;1,27;139;8,9;jah
2018-10-02;1,2;136;9;jah
2018-10-03;1,15;134;8,6;jah
2018-10-04;1,15;134;8,2;jah
2018-10-05;1,15;133;7,6;jah
2018-10-06;1,28;136;8,3;jah
2018-10-07;1,4;139;9,3;jah
2018-10-08;1,49;140;8,6;jah
2018-10-09;1,5;140;8,2;jah
2018-10-10;1,45;138;8,7;jah
2018-10-11;1,36;136;9,3;jah
2018-10-12;1,27;134;9,8;jah
2018-10-13;1,21;132;9,7;jah
2018-10-14;1,17;131;9,2;jah
2018-10-15;1,13;130;8,7;jah
2018-10-16;1,1;129;8,2;jah
2018-10-17;1,08;129;7,7;jah
2018-10-18;1,04;128;7,4;jah
2018-10-19;1,02;127;7,5;jah
2018-10-20;1,03;127;7;jah
2018-10-21;0,995;126;6,1;jah
2018-10-22;1,01;126;6,1;jah
2018-10-23;1,03;127;6,1;jah
2018-10-24;1,09;128;5,7;jah
2018-10-25;1,15;129;5,2;jah
2018-10-26;1,2;130;4,8;jah
2018-10-27;1,41;136;4,2;jah
2018-10-28;1,74;142;3,7;jah
2018-10-29;1,83;143;3,3;jah
2018-10-30;1,88;144;2,8;jah
2018-10-31;1,84;143;3,3;jah
2018-11-01;1,83;142;4,3;jah
2018-11-02;1,81;142;5,2;jah
2018-11-03;1,79;141;6;jah
2018-11-04;1,74;140;6,4;jah
2018-11-05;1,65;138;5,8;jah
2018-11-06;1,58;136;5,7;jah
2018-11-07;1,52;135;6,2;jah
2018-11-08;1,44;133;6,4;jah
2018-11-09;1,38;132;6,2;jah
2018-11-10;1,35;131;5,8;jah
2018-11-11;1,31;131;5,4;jah
2018-11-12;1,28;130;5;jah
2018-11-13;1,4;133;4,9;jah
2018-11-14;1,81;142;5,3;jah
2018-11-15;2,17;148;5,7;jah
2018-11-16;2,14;147;5,8;jah
2018-11-17;1,97;144;5,4;jah
2018-11-18;1,8;141;5,1;jah
2018-11-19;1,67;139;4,5;jah
2018-11-20;1,59;137;3,8;jah
2018-11-21;1,51;135;3,3;jah
2018-11-22;1,44;134;3,1;jah
2018-11-23;1,37;132;3,1;jah
2018-11-24;1,36;132;3,1;jah
2018-11-25;1,35;131;2,7;jah
2018-11-26;1,34;131;2,1;jah
2018-11-27;1,31;130;1,4;jah
2018-11-28;1,26;129;0,6;jah
2018-11-29;0,982;122;0,3;jah
2018-11-30;1,18;128;0,4;jah
2018-12-01;1,29;129;0,4;jah
2018-12-02;1,24;128;0,4;jah
2018-12-03;1,21;127;0,4;jah
2018-12-04;1,25;128;0,4;jah
2018-12-05;1,37;131;0,4;jah
2018-12-06;1,47;132;0,4;jah
2018-12-07;1,53;134;0,4;jah
2018-12-08;1,51;133;0,4;jah
2018-12-09;1,56;134;0,5;jah
2018-12-10;1,65;136;0,7;jah
2018-12-11;1,77;138;1,1;jah
2018-12-12;1,82;139;1,3;jah
2018-12-13;1,76;137;1,2;jah
2018-12-14;1,66;136;1;jah
2018-12-15;1,55;134;0,9;jah
2018-12-16;1,46;132;0,6;jah
2018-12-17;1,39;131;0,4;jah
2018-12-18;1,32;129;0,3;jah
2018-12-19;1,29;129;0,3;jah
2018-12-20;1,27;129;0,3;jah
2018-12-21;1,2;127;0,2;jah
2018-12-22;1,18;127;0,3;jah
2018-12-23;1,29;130;0,3;jah
2018-12-24;1,27;129;0,2;jah
2018-12-25;1,23;128;0,2;jah
2018-12-26;1,24;129;0,3;jah
2018-12-27;1,24;129;0,4;jah
2018-12-28;1,26;129;0,4;jah
2018-12-29;1,26;129;0,4;jah
2018-12-30;1,27;129;0,5;jah
2018-12-31;1,27;129;0,8;jah
2019-01-01;1,33;131;1;jah
2019-01-02;1,64;137;1,1;jah
2019-01-03;1,79;140;0,6;jah
2019-01-04;1,68;137;0,3;jah
2019-01-05;1,7;138;0,3;jah
2019-01-06;1,83;141;0,3;jah
2019-01-07;1,79;139;0,3;jah
2019-01-08;1,77;139;0,3;jah
2019-01-09;1,61;136;0,3;jah
2019-01-10;1,48;134;0,3;jah
2019-01-11;1,39;133;0,3;jah
2019-01-12;1,33;133;0,3;jah
2019-01-13;1,28;133;0,3;jah
2019-01-14;1,25;133;0,3;jah
2019-01-15;1,14;131;0,3;jah
2019-01-16;1,14;131;0,3;jah
2019-01-17;1,16;134;0,3;jah
2019-01-18;1,26;137;0,3;jah
2019-01-19;1,41;142;0,2;jah
2019-01-20;1,52;146;0,2;jah
2019-01-21;1,73;152;0,3;jah
2019-01-22;1,92;156;0,3;jah
2019-01-23;1,79;151;0,3;jah
2019-01-24;1,48;144;0,2;jah
2019-01-25;1,45;143;0,2;jah
2019-01-26;1,42;142;0,2;jah
2019-01-27;1,4;140;0,3;jah
2019-01-28;1,37;139;0,3;jah
2019-01-29;1,4;140;0,3;jah
2019-01-30;1,4;139;0,3;jah
2019-01-31;1,39;139;0,3;jah
2019-02-01;1,4;138;0,3;jah
2019-02-02;1,41;138;0,3;jah
2019-02-03;1,48;140;0,3;jah
2019-02-04;1,51;140;0,3;jah
2019-02-05;1,53;140;0,3;jah
2019-02-06;1,53;139;0,2;jah
2019-02-07;1,38;138;0,2;jah
2019-02-08;1,39;138;0,3;jah
2019-02-09;1,44;138;0,3;jah
2019-02-10;1,55;140;0,3;jah
2019-02-11;2,04;152;0,3;jah
2019-02-12;2,7;163;0,4;jah
2019-02-13;2,72;164;0,4;jah
2019-02-14;2,75;163;0,4;jah
2019-02-15;2,81;165;0,5;jah
2019-02-16;3,55;177;0,6;jah
2019-02-17;4,3;187;0,6;jah
2019-02-18;4,02;182;0,6;jah
2019-02-19;4,04;182;0,7;jah
2019-02-20;4,87;196;0,9;jah
2019-02-21;5,32;201;0,7;jah
2019-02-22;5,47;202;0,6;jah
2019-02-23;4,7;189;0,6;jah
2019-02-24;4,07;181;0,5;jah
2019-02-25;3,98;179;0,6;jah
2019-02-26;3,81;176;0,7;jah
2019-02-27;3,62;173;0,8;jah
2019-02-28;3,54;172;1;jah
2019-03-01;3,66;172;0,9;jah
2019-03-02;3,17;166;0,5;jah
2019-03-03;3,47;169;0,5;jah
2019-03-04;3,18;164;0,5;jah
2019-03-05;3,85;177;1;jah
2019-03-06;4,86;190;0,8;jah
2019-03-07;5,15;195;0,6;jah
2019-03-08;5,25;198;1;jah
2019-03-09;6,91;221;1,2;jah
2019-03-10;7,95;233;1,3;jah
2019-03-11;8,78;242;1,1;jah
2019-03-12;7,84;231;0,8;jah
2019-03-13;6,73;218;0,8;jah
2019-03-14;5,51;203;1,1;jah
2019-03-15;4,92;196;1,7;jah
2019-03-16;5,82;210;2,2;jah
2019-03-17;7,17;227;2,2;jah
2019-03-18;8,72;246;2,4;jah
2019-03-19;10;258;2,4;jah
2019-03-20;9,93;258;2,4;jah
2019-03-21;9,99;258;2,7;jah
2019-03-22;9,57;253;3,3;jah
2019-03-23;8,74;243;3,1;jah
2019-03-24;8,24;238;3,4;jah
2019-03-25;7,67;230;3,2;jah
2019-03-26;6,79;219;3,1;jah
2019-03-27;5,94;207;2,8;jah
2019-03-28;5,25;197;3;jah
2019-03-29;4,72;189;3,8;jah
2019-03-30;4,41;184;4,6;jah
2019-03-31;4,27;181;5,1;jah
2019-04-01;4,17;179;4,9;jah
2019-04-02;4,02;176;4,7;jah
2019-04-03;3,8;173;4,6;jah
2019-04-04;3,57;169;4,9;jah
2019-04-05;3,22;164;5,2;jah
2019-04-06;2,93;159;5,4;jah
2019-04-07;2,84;157;5,8;jah
2019-04-08;2,75;156;5,9;jah
2019-04-09;2,71;155;5,3;jah
2019-04-10;2,7;155;4,9;jah
2019-04-11;2,65;154;4,5;jah
2019-04-12;2,61;153;3,9;jah
2019-04-13;2,59;153;3,6;jah
2019-04-14;2,56;152;4,2;jah
2019-04-15;2,43;149;5,1;jah
2019-04-16;2,32;147;5,9;jah
2019-04-17;2,24;146;6,9;jah
2019-04-18;2,16;144;7,7;jah
2019-04-19;2,09;143;8,4;jah
2019-04-20;2,08;143;9,1;jah
2019-04-21;1,99;141;9,6;jah
2019-04-22;1,94;140;9,6;jah
2019-04-23;1,89;139;10,1;jah
2019-04-24;1,83;138;10,7;jah
2019-04-25;1,77;138;11;jah
2019-04-26;1,73;137;11,4;jah
2019-04-27;1,69;137;12,5;jah
2019-04-28;1,65;136;13;jah
2019-04-29;1,6;135;12,1;jah
2019-04-30;1,55;134;11,3;jah
2019-05-01;1,52;134;11;jah
2019-05-02;1,61;136;10,5;jah
2019-05-03;1,87;141;9;jah
2019-05-04;2,01;144;8,3;jah
2019-05-05;2,09;145;7,7;jah
2019-05-06;2,03;145;7,7;jah
2019-05-07;1,92;143;8,8;jah
2019-05-08;1,79;140;9,1;jah
2019-05-09;1,68;138;9,7;jah
2019-05-10;1,62;138;10;jah
2019-05-11;1,69;140;9,5;jah
2019-05-12;1,87;143;9,8;jah
2019-05-13;1,87;143;10,6;jah
2019-05-14;1,81;142;10,3;jah
2019-05-15;1,69;140;10,4;jah
2019-05-16;1,57;138;11,4;jah
2019-05-17;1,49;137;12,3;jah
2019-05-18;1,41;135;13,4;jah
2019-05-19;1,35;134;14,6;jah
2019-05-20;1,3;133;15,8;jah
2019-05-21;1,26;133;16,6;jah
2019-05-22;1,24;133;17,1;jah
2019-05-23;1,27;134;17,4;jah
2019-05-24;1,42;138;16,9;jah
2019-05-25;1,46;139;15,4;jah
2019-05-26;1,4;138;14,2;jah
2019-05-27;1,47;140;13,5;jah
2019-05-28;1,48;140;13,3;jah
2019-05-29;1,6;144;13,4;jah
2019-05-30;1,62;144;13,8;jah
2019-05-31;1,5;142;13,4;jah
2019-06-01;1,41;140;12,8;jah
2019-06-02;1,33;138;13,5;jah
2019-06-03;1,27;137;14;jah
2019-06-04;1,21;136;15,3;jah
2019-06-05;1,15;135;17,1;jah
2019-06-06;1,11;134;18,4;jah
2019-06-07;1,08;134;19,5;jah
2019-06-08;1,05;134;20,2;jah
2019-06-09;1,07;135;20,2;jah
2019-06-10;1,03;135;19,8;jah
2019-06-11;1,06;137;18,9;jah
2019-06-12;1,32;144;18,2;jah
2019-06-13;1,36;148;18,2;jah
2019-06-14;3;183;17,8;jah
2019-06-15;2,86;180;17,8;jah
2019-06-16;2,38;171;18,3;jah
2019-06-17;1,79;160;18,6;jah
2019-06-18;1,45;153;18,5;jah
2019-06-19;1,25;148;18,7;jah
2019-06-20;1,13;145;19,1;jah
2019-06-21;1,05;144;20,1;jah
2019-06-22;0,986;142;20,4;jah
2019-06-23;0,934;141;19,7;jah
2019-06-24;0,89;141;19,1;jah
2019-06-25;0,829;139;18,8;jah
2019-06-26;0,824;140;18,3;jah
2019-06-27;0,844;141;17,7;jah
2019-06-28;0,855;142;17,2;jah
2019-06-29;0,841;141;16,9;jah
2019-06-30;0,841;141;17,2;jah
2019-07-01;0,831;141;18;jah
2019-07-02;0,829;141;18,3;jah
2019-07-03;0,842;142;17,5;jah
2019-07-04;0,842;142;16,7;jah
2019-07-05;0,887;144;15,9;jah
2019-07-06;1,03;150;15;jah
2019-07-07;1,12;153;14,4;jah
2019-07-08;1,24;157;14,7;jah
2019-07-09;1,28;158;15,2;jah
2019-07-10;1,24;157;15;jah
2019-07-11;1,15;154;14,8;jah
2019-07-12;1,07;152;14,7;jah
2019-07-13;1,01;151;14,8;jah
2019-07-14;0,967;150;15;jah
2019-07-15;0,941;150;15,5;jah
2019-07-16;0,91;149;15,6;jah
2019-07-17;0,965;152;15,6;jah
2019-07-18;0,912;150;16;jah
2019-07-19;0,875;150;16,5;jah
2019-07-20;0,842;149;17,2;jah
2019-07-21;0,81;148;17,9;jah
2019-07-22;0,782;148;17,7;jah
2019-07-23;0,767;148;17,9;jah
2019-07-24;0,749;148;18,3;jah
2019-07-25;0,722;147;18,6;jah
2019-07-26;0,695;147;19;jah
2019-07-27;0,685;146;19,6;jah
2019-07-28;0,671;146;20,3;jah
2019-07-29;0,663;145;20,1;jah
2019-07-30;0,694;147;18,7;jah
2019-07-31;0,711;148;16,8;jah
2019-08-01;0,708;148;15,8;jah
2019-08-02;0,694;147;15,5;jah
2019-08-03;0,685;147;15,3;jah
2019-08-04;0,683;147;14,9;jah
2019-08-05;0,673;146;14,7;jah
2019-08-06;0,665;146;14,7;jah
2019-08-07;0,666;146;15,2;jah
2019-08-08;0,717;149;15,5;jah
2019-08-09;0,764;151;15,6;jah
2019-08-10;0,767;151;15,8;jah
2019-08-11;0,785;152;16,1;jah
2019-08-12;0,843;155;16,4;jah
2019-08-13;0,874;155;16,5;jah
2019-08-14;0,839;154;16,3;jah
2019-08-15;0,834;154;16;jah
2019-08-16;0,8;152;15,7;jah
2019-08-17;0,768;151;15,8;jah
2019-08-18;0,736;149;16,1;jah
2019-08-19;0,71;148;16,2;jah
2019-08-20;0,693;147;16,3;jah
2019-08-21;0,702;147;16;jah
2019-08-22;0,704;147;15,5;jah
2019-08-23;0,677;146;15,4;jah
2019-08-24;0,661;145;15,7;jah
2019-08-25;0,643;144;15,9;jah
2019-08-26;0,632;143;16;jah
2019-08-27;0,621;143;16;jah
2019-08-28;0,61;142;16,3;jah
2019-08-29;0,601;141;16,4;jah
2019-08-30;0,623;142;16,4;jah
2019-08-31;0,639;141;16,4;jah
2019-09-01;0,649;140;16,3;jah
2019-09-02;0,665;140;16,3;jah
2019-09-03;0,703;141;15,8;jah
2019-09-04;0,694;139;15,4;jah
2019-09-05;0,818;144;15;jah
2019-09-06;0,82;142;14,8;jah
2019-09-07;0,678;135;14,7;jah
2019-09-08;0,658;133;14,5;jah
2019-09-09;0,673;133;14,7;jah
2019-09-10;0,687;133;14,9;jah
2019-09-11;0,685;132;14,9;jah
2019-09-12;0,684;131;14,6;jah
2019-09-13;0,809;136;14,2;jah
2019-09-14;0,838;135;13,2;jah
2019-09-15;0,857;136;12,1;jah
2019-09-16;1;140;11,3;jah
2019-09-17;1,13;144;11,1;jah
2019-09-18;1,21;145;10,6;jah
2019-09-19;1,15;143;9,8;jah
2019-09-20;1,07;139;9,2;jah
2019-09-21;1,08;140;9,1;jah
2019-09-22;1,1;140;9,2;jah
2019-09-23;1,09;139;8,7;jah
2019-09-24;1,09;138;8;jah
2019-09-25;1,08;137;7,7;jah
2019-09-26;1,04;136;7,4;jah
2019-09-27;1;134;6,9;jah
2019-09-28;0,979;133;6,9;jah
2019-09-29;1;133;7,6;jah
2019-09-30;0,994;132;8,7;jah
2019-10-01;1,08;135;9,3;jah
2019-10-02;1,09;134;9;jah
2019-10-03;1,06;133;8,7;jah
2019-10-04;0,981;131;8,3;jah
2019-10-05;0,936;129;7,4;jah
2019-10-06;0,905;128;6,5;jah
2019-10-07;0,874;127;5,7;jah
2019-10-08;0,881;128;5,4;jah
2019-10-09;0,889;128;5,5;jah
2019-10-10;0,924;129;6,1;jah
2019-10-11;1;131;6,9;jah
2019-10-12;1,78;152;8;jah
2019-10-13;2,73;171;8,7;jah
2019-10-14;3,23;179;8,5;jah
2019-10-15;3,59;184;8,5;jah
2019-10-16;3,15;177;8,3;jah
2019-10-17;2,81;172;8,4;jah
2019-10-18;2,54;168;9;jah
2019-10-19;2,31;165;9,4;jah
2019-10-20;2,1;161;9,2;jah
2019-10-21;1,92;158;9,3;jah
2019-10-22;1,73;155;9,2;jah
2019-10-23;1,57;152;9,3;jah
2019-10-24;1,42;149;9,3;jah
2019-10-25;1,29;146;8,8;jah
2019-10-26;1,21;145;8,9;jah
2019-10-27;1,54;156;9,2;jah
2019-10-28;2,34;175;8,2;jah
2019-10-29;2,86;185;6,7;jah
2019-10-30;2,92;186;5,2;jah
2019-10-31;2,46;178;4,5;jah
2019-11-01;2,01;171;4,2;jah
2019-11-02;1,75;166;4,1;jah
2019-11-03;1,76;168;4,4;jah
2019-11-04;3,22;201;5,1;jah
2019-11-05;7,61;261;5,2;jah
2019-11-06;12,1;303;4,5;jah
2019-11-07;12;299;4,1;jah
2019-11-08;12,9;304;3,9;jah
2019-11-09;10,1;274;4;jah
2019-11-10;7,88;249;4,9;jah
2019-11-11;6,1;226;5,5;jah
2019-11-12;4,86;207;5,5;jah
2019-11-13;4,24;196;5,7;jah
2019-11-14;3,98;189;6,3;jah
2019-11-15;3,82;184;6,2;jah
2019-11-16;3,69;179;5,9;jah
2019-11-17;3,58;176;6,1;jah
2019-11-18;3,5;172;6,3;jah
2019-11-19;3,25;166;6,4;jah
2019-11-20;3,13;164;6,1;jah
2019-11-21;2,99;162;5,7;jah
2019-11-22;2,82;159;4,7;jah
2019-11-23;2,64;156;3,2;jah
2019-11-24;2,49;154;2,2;jah
2019-11-25;2,29;150;1,3;jah
2019-11-26;2,19;149;1;jah
2019-11-27;2,17;148;1,2;jah
2019-11-28;2,15;148;1,7;jah
2019-11-29;2,2;149;2,2;jah
2019-11-30;2,29;151;2,2;jah
2019-12-01;2,27;151;1,7;jah
2019-12-02;2,19;150;1,4;jah
2019-12-03;2,02;146;1;jah
2019-12-04;2,03;147;0,8;jah
2019-12-05;2,2;151;1,7;jah
2019-12-06;2,4;155;2,7;jah
2019-12-07;2,71;161;3,3;jah
2019-12-08;3,62;177;3,5;jah
2019-12-09;4,93;197;3,7;jah
2019-12-10;5,76;208;3,9;jah
2019-12-11;5,65;206;3,4;jah
2019-12-12;5,1;198;2,3;jah
2019-12-13;4,51;189;2;jah
2019-12-14;3,9;180;2,1;jah
2019-12-15;3,63;176;2,3;jah
2019-12-16;3,86;180;2,7;jah
2019-12-17;4,6;190;3,1;jah
2019-12-18;4,89;194;3,5;jah
2019-12-19;4,91;193;3,7;jah
2019-12-20;4,61;188;3,3;jah
2019-12-21;4,2;182;3,3;jah
2019-12-22;3,82;176;3,5;jah
2019-12-23;3,54;172;3,8;jah
2019-12-24;3,36;169;4,2;jah
2019-12-25;3,26;167;4,3;jah
2019-12-26;3,2;166;4,2;jah
2019-12-27;3,12;164;3,6;jah
2019-12-28;3,01;162;2,8;jah
2019-12-29;2,86;159;2,3;jah
2019-12-30;2,81;158;2,1;jah
2019-12-31;2,92;160;2,8;jah
2020-01-01;3,03;162;2,7;jah
2020-01-02;3,02;161;2,8;jah
2020-01-03;2,95;160;3,2;jah
2020-01-04;2,99;161;3,3;jah
2020-01-05;3,14;163;2,9;jah
2020-01-06;3,19;164;2,3;jah
2020-01-07;3,19;163;2,4;jah
2020-01-08;3,43;168;2,8;jah
2020-01-09;4,1;177;3,2;jah
2020-01-10;4,43;181;3,4;jah
2020-01-11;4,43;180;3,3;jah
2020-01-12;4,14;176;3,1;jah
2020-01-13;4,34;180;3,2;jah
2020-01-14;4,65;183;3,4;jah
2020-01-15;4,81;186;3,5;jah
2020-01-16;4,73;185;4,1;jah
2020-01-17;4,51;182;4,3;jah
2020-01-18;4,23;178;3,7;jah
2020-01-19;3,9;174;3,4;jah
2020-01-20;3,61;171;3,4;jah
2020-01-21;3,41;168;3,6;jah
2020-01-22;3,28;166;3,3;jah
2020-01-23;3,12;164;2,7;jah
2020-01-24;3,01;162;2,7;jah
2020-01-25;2,87;160;2,9;jah
2020-01-26;2,74;158;2,6;jah
2020-01-27;2,73;159;2,9;jah
2020-01-28;2,81;160;3,3;jah
2020-01-29;2,86;161;3,3;jah
2020-01-30;2,89;162;3,3;jah
2020-01-31;2,89;162;3,3;jah
2020-02-01;2,85;162;3,3;jah
2020-02-02;2,82;170;3,6;jah
2020-02-03;2,8;181;3,7;jah
2020-02-04;2,78;185;2,8;jah
2020-02-05;2,76;177;1,6;jah
2020-02-06;2,74;170;1,3;jah
2020-02-07;2,72;156;0,8;jah
2020-02-08;2,7;162;0,8;jah
2020-02-09;2,68;160;1,2;jah
2020-02-10;2,76;162;1,7;jah
2020-02-11;3,66;177;2,1;jah
2020-02-12;4,61;190;2,4;jah
2020-02-13;5,1;197;2,4;jah
2020-02-14;5,13;197;2,3;jah
2020-02-15;4,73;191;2,1;jah
2020-02-16;4,36;185;2,3;jah
2020-02-17;4,95;196;3,2;jah
2020-02-18;6,54;216;3,8;jah
2020-02-19;6,86;219;3,9;jah
2020-02-20;7,15;222;4;jah
2020-02-21;6,85;218;3,7;jah
2020-02-22;6,32;212;3,5;jah
2020-02-23;8,66;242;3,4;jah
2020-02-24;10,8;262;3,5;jah
2020-02-25;9,89;252;3;jah
2020-02-26;9,57;249;2,7;jah
2020-02-27;8,79;239;2,6;jah
2020-02-28;7,37;223;2,4;jah
2020-02-29;6,03;207;2;jah
2020-03-01;5,31;199;1,9;jah
2020-03-02;5,11;196;2,1;jah
2020-03-03;5,16;197;2,5;jah
2020-03-04;5,31;200;2,9;jah
2020-03-05;6,72;217;3,4;jah
2020-03-06;7,04;220;3,5;jah
2020-03-07;6,71;215;3,4;jah
2020-03-08;6,11;208;3,4;jah
2020-03-09;5,28;197;3,3;jah
2020-03-10;4,67;188;3,4;jah
2020-03-11;4,37;184;3,7;jah
2020-03-12;4,61;188;4,1;jah
2020-03-13;5,25;197;4,3;jah
2020-03-14;5,79;203;4;jah
2020-03-15;5,47;198;3,2;jah
2020-03-16;5,05;192;3,1;jah
2020-03-17;4,58;185;3,1;jah
2020-03-18;4,29;181;3,6;jah
2020-03-19;4,59;185;4,2;jah
2020-03-20;4,71;186;4,4;jah
2020-03-21;4,71;186;4;jah
2020-03-22;4,33;180;3,4;jah
2020-03-23;3,8;173;2,9;jah
2020-03-24;3,42;167;2,6;jah
2020-03-25;3,24;165;2,8;jah
2020-03-26;3,09;162;3,4;jah
2020-03-27;3;161;3,7;jah
2020-03-28;2,94;160;4,2;jah
2020-03-29;2,87;158;4,5;jah
2020-03-30;2,68;155;3,7;jah
2020-03-31;2,56;153;3,4;jah
2020-04-01;2,5;152;3,8;jah
2020-04-02;2,5;152;4,4;jah
2020-04-03;2,6;154;4,5;jah
2020-04-04;2,68;156;4,3;jah
2020-04-05;2,66;155;4,4;jah
2020-04-06;2,53;153;5;jah
2020-04-07;2,42;151;5,6;jah
2020-04-08;2,35;150;6,8;jah
2020-04-09;2,26;148;7,1;jah
2020-04-10;2,2;147;6,7;jah
2020-04-11;2,12;146;6,3;jah
2020-04-12;2,09;145;6;jah
2020-04-13;2,1;146;6;jah
2020-04-14;2,18;148;5,5;jah
2020-04-15;2,45;153;4,7;jah
2020-04-16;3,15;166;5,3;jah
2020-04-17;3,78;176;5,5;jah
2020-04-18;4,08;179;5,4;jah
2020-04-19;3,81;175;5,7;jah
2020-04-20;3,31;168;6;jah
2020-04-21;2,93;161;6,7;jah
2020-04-22;2,67;157;7,5;jah
2020-04-23;2,48;154;8,3;jah
2020-04-24;2,34;151;8,8;jah
2020-04-25;2,27;150;8,9;jah
2020-04-26;2,14;148;8,5;jah
2020-04-27;2,07;146;8,2;jah
2020-04-28;2,06;147;7,6;jah
2020-04-29;2,15;148;7,2;jah
2020-04-30;2,12;148;7,3;jah
2020-05-01;2,06;147;7,9;jah
2020-05-02;2,01;146;8,8;jah
2020-05-03;2,08;148;9,6;jah
2020-05-04;2,17;149;10;jah
2020-05-05;2,13;149;10,1;jah
2020-05-06;2,02;147;10,8;jah
2020-05-07;1,9;144;11,1;jah
2020-05-08;1,81;143;10,6;jah
2020-05-09;1,74;142;11,1;jah
2020-05-10;1,69;141;11,5;jah
2020-05-11;1,68;141;11,6;jah
2020-05-12;1,71;142;10,3;jah
2020-05-13;1,74;142;9,5;jah
2020-05-14;1,73;142;9,3;jah
2020-05-15;1,71;142;8,9;jah
2020-05-16;1,74;143;9,3;jah
2020-05-17;1,71;142;9,5;jah
2020-05-18;1,72;143;9,5;jah
2020-05-19;1,68;142;9,7;jah
2020-05-20;1,63;141;9,7;jah
2020-05-21;1,61;141;9,3;jah
2020-05-22;1,64;142;9,5;jah
2020-05-23;1,59;141;11;jah
2020-05-24;1,54;140;11,8;jah
2020-05-25;1,49;139;12,1;jah
2020-05-26;1,44;138;12,5;jah
2020-05-27;1,41;138;13,3;jah
2020-05-28;1,36;137;14,1;jah
2020-05-29;1,32;136;14,3;jah
2020-05-30;1,27;135;14,3;jah
2020-05-31;1,24;135;14,4;jah
2020-06-01;1,21;134;14,5;jah
2020-06-02;1,17;134;14,2;jah
2020-06-03;1,15;133;13,9;jah
2020-06-04;1,17;134;13,4;jah
2020-06-05;1,23;136;13,8;jah
2020-06-06;1,26;137;14,8;jah
2020-06-07;1,33;138;15,6;jah
2020-06-08;1,47;141;16,5;jah
2020-06-09;1,85;150;16,9;jah
2020-06-10;2,53;164;16,4;jah
2020-06-11;2,75;167;16,3;jah
2020-06-12;2,52;163;16,2;jah
2020-06-13;2,39;162;16,2;jah
2020-06-14;2,33;161;16,3;jah
2020-06-15;2,1;157;16,4;jah
2020-06-16;1,89;154;16,5;jah
2020-06-17;1,74;152;17,2;jah
2020-06-18;1,64;150;18,7;jah
2020-06-19;1,55;149;20;jah
2020-06-20;1,48;148;20,5;jah
2020-06-21;1,44;148;20,4;jah
2020-06-22;1,57;153;19,9;jah
2020-06-23;1,61;155;19,7;jah
2020-06-24;1,46;152;20;jah
2020-06-25;1,36;150;20,3;jah
2020-06-26;1,28;149;20,5;jah
2020-06-27;1,24;149;20,8;jah
2020-06-28;1,19;149;21;jah
2020-06-29;1,21;152;20,9;jah
2020-06-30;1,67;167;19,7;jah
2020-07-01;2,11;177;17,8;jah
2020-07-02;2,55;186;17,5;jah
2020-07-03;2,79;190;17,9;jah
2020-07-04;2,45;183;17,8;jah
2020-07-05;2,03;176;17,4;jah
2020-07-06;1,83;172;17,3;jah
2020-07-07;1,77;171;17,1;jah
2020-07-08;1,77;171;16,5;jah
2020-07-09;1,67;169;16,2;jah
2020-07-10;1,56;167;15,5;jah
2020-07-11;1,57;168;15,1;jah
2020-07-12;1,52;166;15,2;jah
2020-07-13;1,47;165;15,3;jah
2020-07-14;1,39;164;15,6;jah
2020-07-15;1,29;161;16;jah
2020-07-16;1,23;159;16,2;jah
2020-07-17;1,19;158;16,7;jah
2020-07-18;1,15;157;17,5;jah
2020-07-19;1,11;156;18;jah
2020-07-20;1,08;156;18,3;jah
2020-07-21;1,1;157;18,1;jah
2020-07-22;1,12;157;17,2;jah
2020-07-23;1,2;160;15,8;jah
2020-07-24;1,36;165;14,8;jah
2020-07-25;1,57;170;14,7;jah
2020-07-26;1,71;173;15,1;jah
2020-07-27;1,85;176;15,7;jah
2020-07-28;1,96;178;16,5;jah
2020-07-29;1,68;171;16,9;jah
2020-07-30;1,52;168;16,6;jah
2020-07-31;1,56;169;16,4;jah
2020-08-01;1,71;173;16,2;jah
2020-08-02;1,82;175;15,8;jah
2020-08-03;1,77;173;15,7;jah
2020-08-04;1,68;172;15,8;jah
2020-08-05;1,68;171;16,2;jah
2020-08-06;1,65;171;16,6;jah
2020-08-07;1,68;171;17;jah
2020-08-08;1,62;170;17,6;jah
2020-08-09;1,6;170;18;jah
2020-08-10;1,57;168;18,1;jah
2020-08-11;1,38;164;17,5;jah
2020-08-12;1,28;161;16,6;jah
2020-08-13;1,23;160;15,9;jah
2020-08-14;1,2;159;15,7;jah
2020-08-15;1,16;158;16,1;jah
2020-08-16;1,12;157;16,7;jah
2020-08-17;1,09;156;17,1;jah
2020-08-18;1,06;155;16,9;jah
2020-08-19;1,02;154;16,4;jah
2020-08-20;0,99;153;16,2;jah
2020-08-21;0,967;152;16,2;jah
2020-08-22;0,952;152;15,9;jah
2020-08-23;0,987;153;16;jah
2020-08-24;0,972;153;16,3;jah
2020-08-25;1,01;155;16,2;jah
2020-08-26;1,05;156;15,7;jah
2020-08-27;1,03;156;15,3;jah
2020-08-28;0,98;154;14,6;jah
2020-08-29;1,03;155;13,6;jah
2020-08-30;1,16;158;13,5;jah
2020-08-31;1,18;158;13,6;jah
2020-09-01;1,22;158;13,4;jah
2020-09-02;1,23;157;13,5;jah
2020-09-03;1,27;158;13,8;jah
2020-09-04;1,34;159;13,9;jah
2020-09-05;1,35;158;14,1;jah
2020-09-06;1,39;158;14,5;jah
2020-09-07;1,38;157;14,3;jah
2020-09-08;1,44;158;13,6;jah
2020-09-09;1,53;160;13,1;jah
2020-09-10;1,63;162;13,1;jah
2020-09-11;1,76;164;12,7;jah
2020-09-12;1,82;164;12,2;jah
2020-09-13;1,79;163;12,5;jah
2020-09-14;1,69;159;13;jah
2020-09-15;1,58;156;13,3;jah
2020-09-16;1,48;153;13,8;jah
2020-09-17;1,43;151;13,6;jah
2020-09-18;1,37;149;12,5;jah
2020-09-19;1,31;147;11,9;jah
2020-09-20;1,28;146;11,3;jah
2020-09-21;1,23;144;11,1;jah
2020-09-22;1,19;142;11,6;jah
2020-09-23;1,16;141;11,8;jah
2020-09-24;1,11;140;11,9;jah
2020-09-25;1,08;138;12,3;jah
2020-09-26;1,05;137;12,6;jah
2020-09-27;1,02;136;12,7;jah
2020-09-28;0,996;135;12,5;jah
2020-09-29;0,984;134;12,3;jah
2020-09-30;0,98;134;12,3;jah
2020-10-01;0,969;133;12;jah
2020-10-02;0,967;133;11,2;jah
2020-10-03;0,955;132;10,9;jah
2020-10-04;0,95;132;11,2;jah
2020-10-05;0,95;132;11,6;jah
2020-10-06;0,97;132;12,1;jah
2020-10-07;0,962;131;11,9;jah
2020-10-08;0,958;131;11,6;jah
2020-10-09;0,978;131;11,2;jah
2020-10-10;0,969;131;10,8;jah
2020-10-11;0,988;131;10,7;jah
2020-10-12;1,01;131;10,6;jah
2020-10-13;1,04;132;10,3;jah
2020-10-14;1,08;133;9,4;jah
2020-10-15;1,18;135;8,7;jah
2020-10-16;1,21;136;8,1;jah
2020-10-17;1,2;135;7,5;jah
2020-10-18;1,18;134;6,8;jah
2020-10-19;1,16;133;6;jah
2020-10-20;1,16;133;5,5;jah
2020-10-21;1,18;133;5,3;jah
2020-10-22;1,27;135;6;jah
2020-10-23;1,44;139;7,4;jah
2020-10-24;1,62;143;8,1;jah
2020-10-25;1,82;147;8;jah
2020-10-26;1,82;146;7,9;jah
2020-10-27;1,76;144;8,3;jah
2020-10-28;1,79;145;8,6;jah
2020-10-29;1,78;145;8,3;jah
2020-10-30;1,84;146;8,5;jah
2020-10-31;1,86;146;8,6;jah
2020-11-01;1,83;145;7,9;jah
2020-11-02;1,75;143;7,4;jah
2020-11-03;1,67;141;7,4;jah
2020-11-04;1,61;140;7,4;jah
2020-11-05;1,58;139;7,3;jah
2020-11-06;1,57;139;7,2;jah
2020-11-07;1,58;138;7,1;jah
2020-11-08;1,61;139;7,4;jah
2020-11-09;1,59;138;6,3;jah
2020-11-10;1,55;137;5,4;jah
2020-11-11;1,52;137;5,1;jah
2020-11-12;1,5;136;5,1;jah
2020-11-13;1,47;136;4,9;jah
2020-11-14;1,43;135;4,6;jah
2020-11-15;1,4;134;4,3;jah
2020-11-16;1,37;133;4,1;jah
2020-11-17;1,36;133;4,1;jah
2020-11-18;1,48;136;4,7;jah
2020-11-19;1,78;143;6,1;jah
2020-11-20;2,36;154;5,9;jah
2020-11-21;2,72;161;4,5;jah
2020-11-22;3,1;168;4,1;jah
2020-11-23;3,75;177;4,3;jah
2020-11-24;4,08;182;4,2;jah
2020-11-25;4,2;183;4,2;jah
2020-11-26;3,91;179;4,9;jah
2020-11-27;3,78;178;4,7;jah
2020-11-28;3,7;177;4,2;jah
2020-11-29;3,55;175;4;jah
2020-11-30;3,29;171;3,7;jah
2020-12-01;2,94;166;3,5;jah
2020-12-02;2,7;162;3;jah
2020-12-03;2,52;158;2,4;jah
2020-12-04;2,36;155;2,2;jah
2020-12-05;2,22;153;2,4;jah
2020-12-06;2,13;151;2,7;jah
2020-12-07;2,05;150;2;jah
2020-12-08;1,69;142;0,8;jah
2020-12-09;1,4;136;0,6;jah
2020-12-10;1,69;143;0,6;jah
2020-12-11;1,67;142;0,5;jah
2020-12-12;1,64;141;0,5;jah
2020-12-13;1,54;139;0,5;jah
2020-12-14;1,51;138;0,5;jah
2020-12-15;1,47;137;0,6;jah
2020-12-16;1,46;136;0,6;jah
2020-12-17;1,49;137;1;jah
2020-12-18;1,6;140;1,6;jah
2020-12-19;2,09;150;2;jah
2020-12-20;2,64;160;2,6;jah
2020-12-21;3,16;169;2,6;jah
2020-12-22;3,19;168;2,4;jah
2020-12-23;2,92;164;2,1;jah
2020-12-24;2,79;161;2,2;jah
2020-12-25;2,84;162;2,3;jah
2020-12-26;2,85;162;2;jah
2020-12-27;2,75;160;1,6;jah
2020-12-28;2,54;156;1,1;jah
2020-12-29;2,39;153;1,1;jah
2020-12-30;2,37;153;1,5;jah
2020-12-31;2,58;157;1,8;jah
2021-01-01;2,73;159;2,1;jah
2021-01-02;2,77;159;2;jah
2021-01-03;2,66;157;2;jah
2021-01-04;2,51;154;1,8;jah
2021-01-05;2,36;151;1,5;jah
2021-01-06;2,27;149;1,4;jah
2021-01-07;2,21;147;1,3;jah
2021-01-08;2,08;145;1,1;jah
2021-01-09;1,98;141;0,7;jah
2021-01-10;1,92;136;0,5;jah
2021-01-11;1,86;138;0,5;jah
2021-01-12;1,8;141;0,5;jah
2021-01-13;1,74;140;0,5;jah
2021-01-14;1,69;140;0,5;jah
2021-01-15;1,66;144;0,5;jah
2021-01-16;1,67;147;0,5;jah
2021-01-17;1,68;147;0,5;jah
2021-01-18;1,69;142;0,5;jah
2021-01-19;1,63;140;0,5;jah
2021-01-20;1,59;140;0,5;jah
2021-01-21;1,58;140;0,5;jah
2021-01-22;1,57;139;0,5;jah
2021-01-23;1,53;138;0,5;jah
2021-01-24;1,48;137;0,5;jah
2021-01-25;1,52;138;0,5;jah
2021-01-26;1,57;140;0,5;jah
2021-01-27;1,62;141;0,5;jah
2021-01-28;1,63;141;0,5;jah
2021-01-29;1,61;141;0,5;jah
2021-01-30;1,6;141;0,5;jah
2021-01-31;1,55;139;0,4;jah
2021-02-01;1,55;140;0,4;jah
2021-02-02;1,53;139;0,4;jah
2021-02-03;1,47;138;0,4;jah
2021-02-04;1,54;139;0,4;jah
2021-02-05;1,56;141;0,4;jah
2021-02-06;1,59;145;0,4;jah
2021-02-07;1,62;147;0,4;jah
2021-02-08;1,64;143;0,4;jah
2021-02-09;1,61;142;0,4;jah
2021-02-10;1,56;142;0,4;jah
2021-02-11;1,5;141;0,4;jah
2021-02-12;1,49;141;0,4;jah
2021-02-13;1,43;140;0,4;jah
2021-02-14;1,4;140;0,4;jah
2021-02-15;1,37;140;0,4;jah
2021-02-16;1,33;140;0,4;jah
2021-02-17;1,31;140;0,4;jah
2021-02-18;1,28;140;0,4;jah
2021-02-19;1,19;138;0,4;jah
2021-02-20;1,2;139;0,5;jah
2021-02-21;1,15;139;0,5;jah
2021-02-22;1,13;139;0,4;jah
2021-02-23;1,16;138;0,4;jah
2021-02-24;1,24;138;0,4;jah
2021-02-25;1,68;150;0,5;jah
2021-02-26;3,82;188;0,7;jah
2021-02-27;4,97;201;0,7;jah
2021-02-28;5;201;0,7;jah
2021-03-01;4,61;194;0,7;jah
2021-03-02;4,38;190;0,8;jah
2021-03-03;4,1;185;0,9;jah
2021-03-04;3,96;182;1;jah
2021-03-05;3,64;175;0,8;jah
2021-03-06;3,41;161;0,6;jah
2021-03-07;3,19;164;0,6;jah
2021-03-08;2,97;158;0,5;jah
2021-03-09;2,77;150;0,5;jah
2021-03-10;2,57;151;0,4;jah
2021-03-11;2,37;152;0,4;jah
2021-03-12;2,25;150;0,4;jah
2021-03-13;2,52;156;0,5;jah
2021-03-14;3,48;173;0,8;jah
2021-03-15;4,83;193;1,1;jah
2021-03-16;5,65;203;1,4;jah
2021-03-17;5,53;200;1,5;jah
2021-03-18;4,91;191;1,5;jah
2021-03-19;4,18;180;1,4;jah
2021-03-20;3,73;169;0,9;jah
2021-03-21;3,37;168;0,9;jah
2021-03-22;3,04;163;1,2;jah
2021-03-23;2,82;159;1,1;jah
2021-03-24;2,74;157;1,8;jah
2021-03-25;2,84;160;3,1;jah
2021-03-26;3,31;168;3,8;jah
2021-03-27;3,89;176;3,6;jah
2021-03-28;4,24;181;3,7;jah
2021-03-29;4,27;181;3,9;jah
2021-03-30;4,34;182;4,4;jah
2021-03-31;4,84;190;5;jah
2021-04-01;5,25;195;5,3;jah
2021-04-02;5,26;194;5,1;jah
2021-04-03;4,83;188;4,7;jah
2021-04-04;4,19;178;4,5;jah
2021-04-05;3,71;171;4,4;jah
2021-04-06;3,46;167;4;jah
2021-04-07;3,24;164;4;jah
2021-04-08;3,06;161;3,8;jah
2021-04-09;2,91;158;3,8;jah
2021-04-10;2,77;156;4,4;jah
2021-04-11;2,65;154;4,7;jah
2021-04-12;2,55;152;5,8;jah
2021-04-13;2,41;150;7;jah
2021-04-14;2,31;148;7,1;jah
2021-04-15;2,24;147;7,4;jah
2021-04-16;2,17;145;7,5;jah
2021-04-17;2,07;144;7,9;jah
2021-04-18;1,99;142;8,7;jah
2021-04-19;1,9;140;9,2;jah
2021-04-20;1,84;139;9,4;jah
2021-04-21;1,79;138;9,3;jah
2021-04-22;1,75;137;8,9;jah
2021-04-23;1,85;140;8,5;jah
2021-04-24;1,99;142;7,9;jah
2021-04-25;1,92;141;7,4;jah
2021-04-26;1,98;142;7,1;jah
2021-04-27;2;142;7,1;jah
2021-04-28;1,98;142;7;jah
2021-04-29;1,9;141;7,5;jah
2021-04-30;1,82;139;7,7;jah
2021-05-01;1,75;138;7,7;jah
2021-05-02;1,65;136;8,1;jah
2021-05-03;1,73;139;7,5;jah
2021-05-04;2,28;150;6,8;jah
2021-05-05;2,73;159;7,5;jah
2021-05-06;3,31;168;7,7;jah
2021-05-07;3,62;174;8,1;jah
2021-05-08;4,19;183;8,2;jah
2021-05-09;4,4;185;8,3;jah
2021-05-10;4,02;179;9,9;jah
2021-05-11;3,31;168;11,9;jah
2021-05-12;2,75;159;13,4;jah
2021-05-13;2,37;153;14,6;jah
2021-05-14;2,12;149;14,4;jah
2021-05-15;2,04;148;13,7;jah
2021-05-16;1,98;146;13,8;jah
2021-05-17;1,89;145;14,1;jah
2021-05-18;1,84;144;13,6;jah
2021-05-19;1,86;145;13;jah
2021-05-20;1,85;145;12,3;jah
2021-05-21;1,89;146;11,7;jah
2021-05-22;1,84;145;11,9;jah
2021-05-23;2,14;154;11,8;jah
2021-05-24;3,2;173;11,2;jah
2021-05-25;3,52;178;11,2;jah
2021-05-26;3,46;177;11,5;jah
2021-05-27;4,1;188;10,9;jah
2021-05-28;4,35;191;11,1;jah
2021-05-29;4,04;186;11,7;jah
2021-05-30;3,4;176;11,8;jah
2021-05-31;2,8;166;12,3;jah
2021-06-01;2,42;160;13,1;jah
2021-06-02;2,17;155;13,5;jah
2021-06-03;1,99;151;14,5;jah
2021-06-04;1,74;146;15,6;jah
2021-06-05;1,66;145;16,4;jah
2021-06-06;1,6;143;17,1;jah
2021-06-07;1,51;142;17,8;jah
2021-06-08;1,42;140;18,1;jah
2021-06-09;1,36;139;18,2;jah
2021-06-10;1,33;139;18,2;jah
2021-06-11;1,36;141;18,3;jah
2021-06-12;1,32;141;18,4;jah
2021-06-13;1,32;141;18;jah
2021-06-14;1,29;141;17,4;jah
2021-06-15;1,24;141;17,1;jah
2021-06-16;1,19;140;17,1;jah
2021-06-17;1,13;139;17,4;jah
2021-06-18;1,09;138;18,2;jah
2021-06-19;1,05;138;19,4;jah
2021-06-20;0,976;136;20,5;jah
2021-06-21;0,98;137;21,5;jah
2021-06-22;0,962;137;22,3;jah
2021-06-23;0,931;137;23,1;jah
2021-06-24;0,947;139;22,6;jah
2021-06-25;1,21;148;21,6;jah
2021-06-26;1,23;149;20,9;jah
2021-06-27;1,15;148;20,4;jah
2021-06-28;1,1;147;19,9;jah
2021-06-29;1,03;145;19,5;jah
2021-06-30;0,975;144;19,7;jah
2021-07-01;0,943;144;20,1;jah
2021-07-02;0,997;147;20,1;jah
2021-07-03;0,981;147;19,8;jah
2021-07-04;0,893;145;19,8;jah
2021-07-05;0,844;144;20;jah
2021-07-06;0,812;143;20,6;jah
2021-07-07;0,79;143;21,1;jah
2021-07-08;0,769;144;21,7;jah
2021-07-09;0,751;144;22,3;jah
2021-07-10;0,739;144;22,9;jah
2021-07-11;0,728;144;22,9;jah
2021-07-12;0,721;144;22,9;jah
2021-07-13;0,777;147;22,8;jah
2021-07-14;0,776;147;23;jah
2021-07-15;0,696;144;23,2;jah
2021-07-16;0,719;146;23,2;jah
2021-07-17;0,772;149;23,1;jah
2021-07-18;0,779;149;22,7;jah
2021-07-19;0,726;147;21,8;jah
2021-07-20;0,712;147;20,6;jah
2021-07-21;0,683;146;19,4;jah
2021-07-22;0,669;146;18,5;jah
2021-07-23;0,666;146;18,2;jah
2021-07-24;0,656;146;18,1;jah
2021-07-25;0,651;146;18,2;jah
2021-07-26;0,645;147;18,7;jah
2021-07-27;0,657;148;19,2;jah
2021-07-28;1,01;163;19,2;jah
2021-07-29;1,03;162;19,5;jah
2021-07-30;1,25;170;19,3;jah
2021-07-31;1,54;176;18,5;jah
2021-08-01;1,47;174;18,3;jah
2021-08-02;1,23;168;17,9;jah
2021-08-03;1,11;165;17,4;jah
2021-08-04;1,01;162;17;jah
2021-08-05;0,936;160;16,6;jah
2021-08-06;0,892;158;16,2;jah
2021-08-07;0,879;158;16,1;jah
2021-08-08;0,888;158;16,6;jah
2021-08-09;0,891;158;17,1;jah
2021-08-10;0,906;159;17,2;jah
2021-08-11;0,922;160;16,8;jah
2021-08-12;0,988;162;16,7;jah
2021-08-13;0,992;162;17;jah
2021-08-14;1;162;17,2;jah
2021-08-15;0,98;161;16,8;jah
2021-08-16;0,927;159;16,7;jah
2021-08-17;1,02;163;16,7;jah
2021-08-18;1,17;167;16,2;jah
2021-08-19;1,18;168;15,7;jah
2021-08-20;1,27;169;15,5;jah
2021-08-21;1,26;170;15,6;jah
2021-08-22;1,38;172;15,3;jah
2021-08-23;1,29;170;14,9;jah
2021-08-24;1,18;167;14,3;jah
2021-08-25;1,14;167;13,4;jah
2021-08-26;1,19;168;13;jah
2021-08-27;1,22;168;13,2;jah
2021-08-28;1,35;171;13,8;jah
2021-08-29;1,39;171;14,6;jah
2021-08-30;1,33;170;14,9;jah
2021-08-31;1,27;168;14,9;jah
2021-09-01;1,2;166;14,4;jah
2021-09-02;1,12;163;13,7;jah
2021-09-03;1,07;161;13,1;jah
2021-09-04;1;158;12,3;jah
2021-09-05;0,974;157;11,3;jah
2021-09-06;0,953;156;10,8;jah
2021-09-07;0,954;155;11,4;jah
2021-09-08;0,952;154;12,3;jah
2021-09-09;0,945;153;13,2;jah
2021-09-10;0,928;151;13,9;jah
2021-09-11;0,926;150;14,1;jah
2021-09-12;0,983;151;14,1;jah
2021-09-13;1,15;156;14;jah
2021-09-14;1,29;159;13,3;jah
2021-09-15;1,5;164;12;jah
2021-09-16;1,61;165;10,8;jah
2021-09-17;1,43;159;10,3;jah
2021-09-18;1,28;154;9,9;jah
2021-09-19;1,18;149;9,3;jah
2021-09-20;1,13;147;8,6;jah
2021-09-21;1,12;146;8,1;jah
2021-09-22;1,11;144;8;jah
2021-09-23;1,1;144;8;jah
2021-09-24;1,25;147;8,2;jah
2021-09-25;1,34;149;8,9;jah
2021-09-26;1,45;151;9,3;jah
2021-09-27;1,47;151;9;jah
2021-09-28;1,39;148;8,7;jah
2021-09-29;1,31;145;8,6;jah
2021-09-30;1,23;143;8,6;jah
2021-10-01;1,16;140;8,6;jah
2021-10-02;1,1;138;8,6;jah
2021-10-03;1,06;137;8,5;jah
2021-10-04;1,03;135;8,6;jah
2021-10-05;0,993;134;8,8;jah
2021-10-06;0,959;133;8,9;jah
2021-10-07;0,92;131;8,7;jah
2021-10-08;0,897;130;8,1;jah
2021-10-09;0,899;130;7,2;jah
2021-10-10;0,906;129;6,9;jah
2021-10-11;0,919;129;6,9;jah
2021-10-12;0,911;129;6,7;jah
2021-10-13;0,917;128;6,6;jah
2021-10-14;0,929;128;6,7;jah
2021-10-15;0,987;129;6,7;jah
2021-10-16;1,01;129;6,7;jah
2021-10-17;1,05;130;6,6;jah
2021-10-18;1,11;131;6,1;jah
2021-10-19;1,14;131;5,3;jah
2021-10-20;1,19;133;5,2;jah
2021-10-21;1,39;137;6,7;jah
2021-10-22;1,62;142;7,8;jah
2021-10-23;1,82;145;6,9;jah
2021-10-24;1,89;146;6;jah
2021-10-25;1,95;147;5,6;jah
2021-10-26;1,92;146;5,5;jah
2021-10-27;1,87;145;6;jah
2021-10-28;1,91;146;6,7;jah
2021-10-29;1,99;148;7,5;jah
2021-10-30;2,02;149;7,1;jah
2021-10-31;1,97;148;6,2;jah
2021-11-01;1,85;145;6,3;jah
2021-11-02;1,71;142;5,8;jah
2021-11-03;1,64;141;5,8;jah
2021-11-04;1,63;141;6,3;jah
2021-11-05;1,72;143;6,6;jah
2021-11-06;1,97;149;6,5;jah
2021-11-07;2,31;156;5,8;jah
2021-11-08;2,92;168;5,7;jah
2021-11-09;3,42;176;4,7;jah
2021-11-10;3,56;177;4,3;jah
2021-11-11;3,77;180;4,7;jah
2021-11-12;3,75;179;5;jah
2021-11-13;3,71;178;5;jah
2021-11-14;3,51;174;4,8;jah
2021-11-15;3,09;167;4,1;jah
2021-11-16;2,69;160;3,6;jah
2021-11-17;2,46;155;3,4;jah
2021-11-18;2,41;154;3,5;jah
2021-11-19;2,54;157;3,7;jah
2021-11-20;2,81;161;4,1;jah
2021-11-21;2,96;163;3,8;jah
2021-11-22;2,87;161;3,2;jah
2021-11-23;2,69;157;2,5;jah
2021-11-24;2,52;154;2,4;jah
2021-11-25;2,44;153;2,9;jah
2021-11-26;2,48;154;3,4;jah
2021-11-27;2,7;159;3,3;jah
2021-11-28;2,86;163;2,6;jah
2021-11-29;2,75;161;1,9;jah
2021-11-30;2,6;158;1;jah
2021-12-01;2,43;155;0,7;jah
2021-12-02;2,27;151;0,7;jah
2021-12-03;2,12;152;0,6;jah
2021-12-04;2,01;154;0,6;jah
2021-12-05;1,94;159;0,7;jah
2021-12-06;1,87;159;0,7;jah
2021-12-07;1,8;157;0,6;jah
2021-12-08;1,73;151;0,6;jah
2021-12-09;1,67;148;0,5;jah
2021-12-10;1,63;148;0,6;jah
2021-12-11;1,6;148;0,6;jah
2021-12-12;1,66;151;0,6;jah
2021-12-13;1,73;153;0,6;jah
2021-12-14;1,88;155;0,6;jah
2021-12-15;2,06;157;0,6;jah
2021-12-16;2,92;174;0,8;jah
2021-12-17;4,77;201;0,9;jah
2021-12-18;5,45;208;0,9;jah
2021-12-19;6,35;218;1;jah
2021-12-20;6,04;213;0,9;jah
2021-12-21;5,55;207;0,7;jah
2021-12-22;5,45;206;0,7;jah
2021-12-23;5,58;208;0,7;jah
2021-12-24;5,59;209;0,7;jah
2021-12-25;5,79;211;0,7;jah
2021-12-26;5,29;204;0,7;jah
2021-12-27;4,47;192;0,7;jah
2021-12-28;3,56;178;0,6;jah
2021-12-29;2,95;168;0,6;jah
2021-12-30;2,66;164;0,6;jah
2021-12-31;2,52;161;0,6;jah
2022-01-01;2,44;160;0,6;jah
2022-01-02;2,37;159;0,6;jah
2022-01-03;2,35;159;0,6;jah
2022-01-04;2,32;159;0,6;jah
2022-01-05;2,66;165;0,6;jah
2022-01-06;3,11;173;0,6;jah
2022-01-07;3,05;174;0,6;jah
2022-01-08;2,96;173;0,6;jah
2022-01-09;2,87;169;0,6;jah
2022-01-10;2,77;166;0,6;jah
2022-01-11;2,61;162;0,5;jah
2022-01-12;2,43;163;0,5;jah
2022-01-13;2,4;159;0,5;jah
2022-01-14;2,74;166;0,5;jah
2022-01-15;3,24;173;0,6;jah
2022-01-16;3,21;174;0,6;jah
2022-01-17;3,16;180;0,6;jah
2022-01-18;3,11;177;0,6;jah
2022-01-19;3,06;176;0,6;jah
2022-01-20;3,02;175;0,6;jah
2022-01-21;2,97;174;0,6;jah
2022-01-22;2,92;170;0,6;jah
2022-01-23;2,88;166;0,5;jah
2022-01-24;2,73;163;0,5;jah
2022-01-25;2,59;160;0,5;jah
2022-01-26;2,42;157;0,5;jah
2022-01-27;2,63;160;0,5;jah
2022-01-28;2,62;159;0,5;jah
2022-01-29;2,7;160;0,5;jah
2022-01-30;2,88;163;0,5;jah
2022-01-31;3,03;165;0,5;jah
2022-02-01;3,17;167;0,5;jah
2022-02-02;3,2;166;0,5;jah
2022-02-03;3,18;164;0,5;jah
2022-02-04;3,15;172;0,6;jah
2022-02-05;3,13;168;0,6;jah
2022-02-06;3,09;163;0,5;jah
2022-02-07;3,13;163;0,5;jah
2022-02-08;3,19;163;0,5;jah
2022-02-09;3,22;164;0,5;jah
2022-02-10;3,26;166;0,5;jah
2022-02-11;3,37;170;0,6;jah
2022-02-12;3,31;171;0,6;jah
2022-02-13;3,33;172;0,6;jah
2022-02-14;3,01;169;0,6;jah
2022-02-15;2,73;166;0,6;jah
2022-02-16;2,55;165;0,7;jah
2022-02-17;3,97;195;1;jah
2022-02-18;7,12;238;1;jah
2022-02-19;7,95;246;0,9;jah
2022-02-20;8,21;247;0,8;jah
2022-02-21;8,2;245;0,8;jah
2022-02-22;7,84;239;0,9;jah
2022-02-23;7,21;230;1;jah
2022-02-24;6,27;218;0,9;jah
2022-02-25;5,79;211;1,1;jah
2022-02-26;5,47;205;1,3;jah
2022-02-27;5,24;199;1,1;jah
2022-02-28;4,95;191;0,9;jah
2022-03-01;4,67;185;0,9;jah
2022-03-02;4,39;182;0,9;jah
2022-03-03;4,05;179;1,1;jah
2022-03-04;3,58;171;1,3;jah
2022-03-05;3,39;166;0,9;jah
2022-03-06;3,27;163;0,7;jah
2022-03-07;3,15;164;0,8;jah
2022-03-08;2,89;160;0,8;jah
2022-03-09;2,75;158;0,8;jah
2022-03-10;2,67;149;0,7;jah
2022-03-11;2,61;153;0,6;jah
2022-03-12;2,57;155;0,6;jah
2022-03-13;2,44;152;0,8;jah
2022-03-14;2,36;151;1;jah
2022-03-15;2,35;151;1,1;jah
2022-03-16;2,35;151;1,3;jah
2022-03-17;2,39;152;1,5;jah
2022-03-18;2,43;153;1,5;jah
2022-03-19;2,52;154;1,9;jah
2022-03-20;2,66;157;2,3;jah
2022-03-21;3,13;166;2,4;jah
2022-03-22;3,68;174;2,6;jah
2022-03-23;4,18;182;2,7;jah
2022-03-24;4,79;191;2,9;jah
2022-03-25;5,56;202;3,1;jah
2022-03-26;6,9;220;3;jah
2022-03-27;7,44;224;2,5;jah
2022-03-28;7,02;219;2,3;jah
2022-03-29;6,99;219;2,3;jah
2022-03-30;6,33;210;2;jah
2022-03-31;5,74;203;1,8;jah
2022-04-01;4,92;190;1,7;jah
2022-04-02;4,25;180;1,8;jah
2022-04-03;3,79;174;1,9;jah
2022-04-04;3,61;171;2,3;jah
2022-04-05;4,09;179;2,6;jah
2022-04-06;5,25;195;2,5;jah
2022-04-07;5,81;203;2,7;jah
2022-04-08;7,85;229;3,4;jah
2022-04-09;10,1;252;3,4;jah
2022-04-10;10,3;254;3,1;jah
2022-04-11;10,9;259;3,3;jah
2022-04-12;10,2;250;4,4;jah
2022-04-13;9,05;238;5,1;jah
2022-04-14;8,25;229;5,5;jah
2022-04-15;7,33;219;5,5;jah
2022-04-16;6,59;210;5,5;jah
2022-04-17;5,98;203;5,6;jah
2022-04-18;5,49;197;5,8;jah
2022-04-19;5,02;190;6,4;jah
2022-04-20;4,61;185;7,1;jah
2022-04-21;4,27;180;7,9;jah
2022-04-22;3,96;176;8,7;jah
2022-04-23;3,72;172;9,3;jah
2022-04-24;3,52;169;8,8;jah
2022-04-25;3,56;170;8,3;jah
2022-04-26;3,62;171;8,1;jah
2022-04-27;3,55;170;8,2;jah
2022-04-28;3,35;166;7,7;jah
2022-04-29;3,11;162;7,7;jah
2022-04-30;2,93;159;7,8;jah
2022-05-01;2,78;156;8;jah
2022-05-02;2,64;154;8,4;jah
2022-05-03;2,54;152;9,2;jah
2022-05-04;2,43;150;8,6;jah
2022-05-05;2,34;148;8,5;jah
2022-05-06;2,27;147;10;jah
2022-05-07;2,22;146;11,2;jah
2022-05-08;2,18;145;11,8;jah
2022-05-09;2,12;144;11,2;jah
2022-05-10;2,06;143;10,8;jah
2022-05-11;2;142;11,2;jah
2022-05-12;1,99;143;11,2;jah
2022-05-13;1,95;142;11,4;jah
2022-05-14;1,89;142;11,6;jah
2022-05-15;1,83;141;11,5;jah
2022-05-16;1,75;140;11,2;jah
2022-05-17;1,68;139;10,4;jah
2022-05-18;1,61;139;10,7;jah
2022-05-19;1,56;138;11,3;jah
2022-05-20;1,56;139;10,9;jah
2022-05-21;1,79;145;10,5;jah
2022-05-22;1,82;146;10,9;jah
2022-05-23;1,7;143;11,8;jah
2022-05-24;1,58;141;12,8;jah
2022-05-25;1,49;139;13,7;jah
2022-05-26;1,5;139;13,8;jah
2022-05-27;1,55;141;13,3;jah
2022-05-28;1,59;142;12,2;jah
2022-05-29;1,56;141;12,1;jah
2022-05-30;1,53;140;12,6;jah
2022-05-31;1,77;146;12,8;jah
2022-06-01;1,98;151;12,8;jah
2022-06-02;2,18;155;13,4;jah
2022-06-03;2,14;154;13,3;jah
2022-06-04;2,05;152;13,8;jah
2022-06-05;1,93;150;14,6;jah
2022-06-06;1,77;146;15,3;jah
2022-06-07;1,64;143;16;jah
2022-06-08;1,63;144;16,5;jah
2022-06-09;1,8;147;16,5;jah
2022-06-10;1,75;147;17,2;jah
2022-06-11;1,72;147;17,5;jah
2022-06-12;1,62;145;17,7;jah
2022-06-13;1,55;143;17,3;jah
2022-06-14;1,63;146;16,2;jah
2022-06-15;2;155;15,2;jah
2022-06-16;2,02;155;15,2;jah
2022-06-17;1,99;156;15,2;jah
2022-06-18;2,04;157;15,1;jah
2022-06-19;2,08;159;15,2;jah
2022-06-20;2,04;158;15,6;jah
2022-06-21;1,87;155;16;jah
2022-06-22;1,68;151;16,3;jah
2022-06-23;1,53;148;16,9;jah
2022-06-24;1,39;145;17,9;jah
2022-06-25;1,35;145;18,7;jah
2022-06-26;1,29;144;19,9;jah
2022-06-27;1,25;143;21,1;jah
2022-06-28;1,22;143;21,8;jah
2022-06-29;1,19;143;21,7;jah
2022-06-30;1,2;144;21,4;jah
2022-07-01;1,19;144;21,4;jah
2022-07-02;1,13;143;21,5;jah
2022-07-03;1,11;143;21,4;jah
2022-07-04;1,08;143;20,9;jah
2022-07-05;1,06;143;20,3;jah
2022-07-06;1,04;143;19,4;jah
2022-07-07;1,03;144;18,6;jah
2022-07-08;1,01;144;18,2;jah
2022-07-09;0,996;145;18,3;jah
2022-07-10;0,978;145;18,4;jah
2022-07-11;0,968;145;18,3;jah
2022-07-12;0,995;148;17,9;jah
2022-07-13;1,03;150;18,2;jah
2022-07-14;1,1;153;18,4;jah
2022-07-15;1,2;156;17,9;jah
2022-07-16;1,27;158;17;jah
2022-07-17;1,29;159;16,1;jah
2022-07-18;1,33;160;15,5;jah
2022-07-19;1,57;167;15,3;jah
2022-07-20;2,07;178;15,6;jah
2022-07-21;2,45;186;16,5;jah
2022-07-22;2,82;192;17,6;jah
2022-07-23;2,35;182;18,6;jah
2022-07-24;1,84;172;18,7;jah
2022-07-25;1,57;166;18,6;jah
2022-07-26;1,41;163;18,9;jah
2022-07-27;1,45;164;18,9;jah
2022-07-28;1,33;161;18,1;jah
2022-07-29;1,29;160;17,3;jah
2022-07-30;1,23;158;16,9;jah
2022-07-31;1,18;156;16,7;jah
2022-08-01;1,26;160;16,3;jah
2022-08-02;1,39;163;16,3;jah
2022-08-03;1,37;163;17;jah
2022-08-04;1,32;161;17,5;jah
2022-08-05;1,21;158;18;jah
2022-08-06;1,12;156;18,2;jah
2022-08-07;1,06;154;17,6;jah
2022-08-08;1,02;153;17;jah
2022-08-09;0,99;152;16,6;jah
2022-08-10;0,96;151;16,6;jah
2022-08-11;0,936;150;16,7;jah
2022-08-12;0,898;149;16,8;jah
2022-08-13;0,868;148;17,2;jah
2022-08-14;0,84;147;17,7;jah
2022-08-15;0,817;147;18,2;jah
2022-08-16;0,797;146;18,8;jah
2022-08-17;0,774;145;19,3;jah
2022-08-18;0,754;145;19,6;jah
2022-08-19;0,747;144;19,8;jah
2022-08-20;0,748;143;19,6;jah
2022-08-21;0,749;143;19,2;jah
2022-08-22;0,785;144;18,6;jah
2022-08-23;0,828;146;18,7;jah
2022-08-24;0,841;145;18,9;jah
2022-08-25;0,869;146;18,8;jah
2022-08-26;0,865;145;18,5;jah
2022-08-27;0,863;145;18,3;jah
2022-08-28;0,873;145;18,3;jah
2022-08-29;0,824;142;18,2;jah
2022-08-30;1,23;158;17,4;jah
2022-08-31;1,33;160;15,5;jah
2022-09-01;1,38;161;13,7;jah
2022-09-02;1,37;160;12,5;jah
2022-09-03;1,22;154;11,7;jah
2022-09-04;1,12;151;10,9;jah
2022-09-05;1,06;148;10,7;jah
2022-09-06;1,03;146;10,7;jah
2022-09-07;1,01;145;11;jah
2022-09-08;1;144;10,9;jah
2022-09-09;0,997;143;10,3;jah
2022-09-10;0,993;142;9,7;jah
2022-09-11;0,994;141;9,5;jah
2022-09-12;0,999;140;9,7;jah
2022-09-13;1;140;10;jah
2022-09-14;1;139;10,1;jah
2022-09-15;1;138;10,7;jah
2022-09-16;1,05;139;11,1;jah
2022-09-17;1,19;144;11,2;jah
2022-09-18;1,4;149;11,3;jah
2022-09-19;1,56;152;11,2;jah
2022-09-20;1,62;153;10,8;jah
2022-09-21;1,51;149;10,7;jah
2022-09-22;1,37;144;10,8;jah
2022-09-23;1,27;141;10,4;jah
2022-09-24;1,2;139;9,6;jah
2022-09-25;1,15;137;9,2;jah
2022-09-26;1,11;135;8,8;jah
2022-09-27;1,07;134;8,5;jah
2022-09-28;1,04;133;8,4;jah
2022-09-29;1,03;132;8,3;jah
2022-09-30;1,02;132;8,5;jah
2022-10-01;1,02;131;8,4;jah
2022-10-02;1,08;133;8,3;jah
2022-10-03;1,15;135;8,3;jah
2022-10-04;1,45;142;7,9;jah
2022-10-05;1,7;148;7,8;jah
2022-10-06;2,15;157;8,6;jah
2022-10-07;2,06;154;9,4;jah
2022-10-08;1,88;150;9,5;jah
2022-10-09;1,87;149;9,6;jah
2022-10-10;1,87;149;8,9;jah
2022-10-11;1,94;150;8;jah
2022-10-12;1,93;150;7,5;jah
2022-10-13;1,83;147;7;jah
2022-10-14;1,73;145;7,4;jah
2022-10-15;1,63;143;7,7;jah
2022-10-16;1,56;141;8,1;jah
2022-10-17;1,53;141;8,7;jah
2022-10-18;1,51;140;8,8;jah
2022-10-19;1,52;140;8,1;jah
2022-10-20;1,54;141;7;jah
2022-10-21;1,5;140;6,8;jah
2022-10-22;1,44;139;6,5;jah
2022-10-23;1,4;138;5,8;jah
2022-10-24;1,37;137;5,5;jah
2022-10-25;1,35;136;5,7;jah
2022-10-26;1,37;137;6,6;jah
2022-10-27;1,43;138;7,6;jah
2022-10-28;1,52;140;8,3;jah
2022-10-29;1,58;142;8,9;jah
2022-10-30;1,68;144;8,4;jah
2022-10-31;1,71;144;6,7;jah
2022-11-01;1,73;144;6,2;jah
2022-11-02;1,68;142;6,8;jah
2022-11-03;1,61;140;7,2;jah
2022-11-04;1,62;140;7,4;jah
2022-11-05;1,61;140;6,7;jah
2022-11-06;1,64;140;5,8;jah
2022-11-07;1,77;143;6;jah
2022-11-08;1,95;146;6,4;jah
2022-11-09;2,09;148;7,2;jah
2022-11-10;2,36;154;7,8;jah
2022-11-11;2,89;163;8,1;jah
2022-11-12;3,26;169;8,7;jah
2022-11-13;3,41;170;7,9;jah
2022-11-14;3,3;168;6,2;jah
2022-11-15;3,01;162;5,4;jah
2022-11-16;2,67;157;4,9;jah
2022-11-17;2,46;153;4,1;jah
2022-11-18;2,3;150;3,4;jah
2022-11-19;2,15;148;2,4;jah
2022-11-20;2,04;146;1,2;jah
2022-11-21;1,87;143;0,7;jah
2022-11-22;1,88;143;0,6;jah
2022-11-23;1,79;141;0,7;jah
2022-11-24;1,74;141;0,8;jah
2022-11-25;1,69;140;0,8;jah
2022-11-26;1,65;139;0,8;jah
2022-11-27;1,61;138;0,6;jah
2022-11-28;1,58;138;0,7;jah
2022-11-29;1,56;138;1;jah
2022-11-30;1,55;138;1,2;jah
2022-12-01;1,52;137;1,1;jah
2022-12-02;1,49;128;0,5;jah
2022-12-03;1,48;132;0,4;jah
2022-12-04;1,47;138;0,4;jah
2022-12-05;1,36;137;0,4;jah
2022-12-06;1,27;135;0,4;jah
2022-12-07;1,25;136;0,4;jah
2022-12-08;1,21;135;0,4;jah
2022-12-09;1,19;135;0,4;jah
2022-12-10;1,14;136;0,4;jah
2022-12-11;1,11;135;0,4;jah
2022-12-12;1,19;138;0,4;jah
2022-12-13;1,14;137;0,4;jah
2022-12-14;1,11;137;0,4;jah
2022-12-15;1,16;138;0,4;jah
2022-12-16;1,19;138;0,4;jah
2022-12-17;1,24;139;0,4;jah
2022-12-18;1,25;138;0,4;jah
2022-12-19;1,29;139;0,4;jah
2022-12-20;1,36;139;0,4;jah
2022-12-21;1,45;141;0,5;jah
2022-12-22;1,71;147;0,5;jah
2022-12-23;2,48;163;0,6;jah
2022-12-24;3,4;178;0,7;jah
2022-12-25;3,81;183;0,7;jah
2022-12-26;3,58;179;0,6;jah
2022-12-27;3,14;173;0,6;jah
2022-12-28;2,76;165;0,5;jah
2022-12-29;2,42;159;0,5;jah
2022-12-30;2,44;159;0,5;jah
2022-12-31;3,31;176;0,7;jah
2023-01-01;5,51;209;0,9;jah
2023-01-02;7,09;227;0,9;jah
2023-01-03;7,91;237;0,9;jah
2023-01-04;9,13;249;0,9;jah
2023-01-05;8,25;237;0,8;jah
2023-01-06;7,5;235;0,7;jah
2023-01-07;6,92;236;0,7;jah
2023-01-08;6,37;239;0,7;jah
2023-01-09;5,84;236;0,7;jah
2023-01-10;5,33;226;0,7;jah
2023-01-11;4,83;207;0,6;jah
2023-01-12;4,34;188;0,4;jah
2023-01-13;4,06;180;0,6;jah
2023-01-14;5,04;195;0,7;jah
2023-01-15;6,25;211;0,7;jah
2023-01-16;8,99;244;0,7;jah
2023-01-17;9,56;247;0,7;jah
2023-01-18;9,65;249;0,7;jah
2023-01-19;9,44;245;0,7;jah
2023-01-20;7,79;227;0,7;jah
2023-01-21;6,4;215;0,7;jah
2023-01-22;5,61;226;0,7;jah
2023-01-23;5,06;210;0,6;jah
2023-01-24;4,52;191;0,6;jah
2023-01-25;4,01;181;0,7;jah
2023-01-26;3,57;175;0,8;jah
2023-01-27;3,54;176;1;jah
2023-01-28;3,47;175;0,9;jah
2023-01-29;3,27;172;0,8;jah
2023-01-30;3,32;175;1,1;jah
2023-01-31;4,12;189;1,2;jah
2023-02-01;4,4;193;1,2;jah
2023-02-02;4,34;191;1,1;jah
2023-02-03;3,94;185;0,9;jah
2023-02-04;3,54;178;0,8;jah
2023-02-05;3,3;167;0,6;jah
2023-02-06;3,16;171;0,6;jah
2023-02-07;3,03;167;0,6;jah
2023-02-08;2,9;167;0,6;jah
2023-02-09;2,76;164;0,8;jah
2023-02-10;2,72;163;0,8;jah
2023-02-11;2,72;163;0,7;jah
2023-02-12;2,81;159;0,6;jah
2023-02-13;2,89;166;0,8;jah
2023-02-14;3;167;1,2;jah
2023-02-15;2,93;166;1,1;jah
2023-02-16;2,88;165;1,4;jah
2023-02-17;2,83;164;1,5;jah
2023-02-18;2,92;166;1,5;jah
2023-02-19;3,44;175;1,7;jah
2023-02-20;3,72;179;1,4;jah
2023-02-21;3,73;178;1;jah
2023-02-22;3,53;176;0,7;jah
2023-02-23;3,28;186;0,7;jah
2023-02-24;3,38;173;0,6;jah
2023-02-25;3,65;177;0,6;jah
2023-02-26;3,29;170;0,6;jah
2023-02-27;3,04;166;0,6;jah
2023-02-28;2,95;165;0,6;jah
2023-03-01;2,88;163;0,5;jah
2023-03-02;2,84;162;0,5;jah
2023-03-03;2,83;162;0,5;jah
2023-03-04;2,86;163;0,6;jah
2023-03-05;2,86;162;0,6;jah
2023-03-06;2,81;162;0,6;jah
2023-03-07;2,72;158;0,6;jah
2023-03-08;2,63;162;0,5;jah
2023-03-09;2,54;161;0,5;jah
2023-03-10;2,46;168;0,6;jah
2023-03-11;2,37;158;0,5;jah
2023-03-12;2,28;164;0,5;jah
2023-03-13;2,2;162;0,5;jah
2023-03-14;2,34;167;0,6;jah
2023-03-15;4,75;211;0,8;jah
2023-03-16;6,76;237;0,8;jah
2023-03-17;6,74;235;0,8;jah
2023-03-18;6,4;229;1;jah
2023-03-19;6,06;224;1,4;jah
2023-03-20;6,61;232;1,8;jah
2023-03-21;9,7;267;1,8;jah
2023-03-22;11;277;1,5;jah
2023-03-23;12,7;297;1,7;jah
2023-03-24;16,9;340;2,2;jah
2023-03-25;20,5;361;3,1;jah
2023-03-26;21,1;360;3,8;jah
2023-03-27;18,6;338;4,3;jah
2023-03-28;14,4;299;3,5;jah
2023-03-29;11,3;270;2,6;jah
2023-03-30;9,11;247;1,8;jah
2023-03-31;7,46;227;1,9;jah
2023-04-01;6,61;217;2,2;jah
2023-04-02;6,19;211;2,5;jah
2023-04-03;5,72;204;2,2;jah
2023-04-04;5,26;198;2,2;jah
2023-04-05;4,95;195;2,5;jah
2023-04-06;5,17;199;3,1;jah
2023-04-07;5,49;203;4;jah
2023-04-08;5,51;203;4,8;jah
2023-04-09;5,26;200;5,4;jah
2023-04-10;4,91;195;6;jah
2023-04-11;4,53;190;6,7;jah
2023-04-12;4,29;187;7,2;jah
2023-04-13;4,13;185;7,7;jah
2023-04-14;3,9;181;8,2;jah
2023-04-15;3,62;177;8,2;jah
2023-04-16;3,4;174;8;jah
2023-04-17;3,2;170;8,1;jah
2023-04-18;3,07;167;8,2;jah
2023-04-19;2,92;165;8,1;jah
2023-04-20;2,8;162;8,5;jah
2023-04-21;2,71;160;9,1;jah
2023-04-22;2,61;158;9,7;jah
2023-04-23;2,56;157;10,1;jah
2023-04-24;2,48;156;10,8;jah
2023-04-25;2,41;154;11;jah
2023-04-26;2,28;152;11,1;jah
2023-04-27;2,3;153;10,7;jah
2023-04-28;2,31;153;9,5;jah
2023-04-29;2,15;151;8,8;jah
2023-04-30;2,23;153;9,1;jah
2023-05-01;2,21;152;9,2;jah
2023-05-02;2,15;151;9,4;jah
2023-05-03;2,06;150;9,2;jah
2023-05-04;1,99;149;8,5;jah
2023-05-05;1,92;148;7,7;jah
2023-05-06;1,86;147;7,1;jah
2023-05-07;1,79;146;7,4;jah
2023-05-08;1,75;145;8,3;jah
2023-05-09;1,71;145;9,3;jah
2023-05-10;1,67;144;10,4;jah
2023-05-11;1,63;143;11,3;jah
2023-05-12;1,58;143;12,3;jah
2023-05-13;1,54;142;13;jah
2023-05-14;1,5;141;13,6;jah
2023-05-15;1,47;141;14,2;jah
2023-05-16;1,46;141;14,2;jah
2023-05-17;1,46;141;13,6;jah
2023-05-18;1,43;141;13,6;jah
2023-05-19;1,37;140;13,5;jah
2023-05-20;1,32;139;13,6;jah
2023-05-21;1,3;139;14;jah
2023-05-22;1,27;139;14,3;jah
2023-05-23;1,25;138;14,8;jah
2023-05-24;1,23;138;15,2;jah
2023-05-25;1,2;138;15,6;jah
2023-05-26;1,17;137;15,3;jah
2023-05-27;1,14;137;14,3;jah
2023-05-28;1,11;136;13,8;jah
2023-05-29;1,08;136;13,8;jah
2023-05-30;1,08;136;13,6;jah
2023-05-31;1,07;136;13,6;jah
2023-06-01;1,06;137;13,5;jah
2023-06-02;1,04;136;12,8;jah
2023-06-03;1,01;136;12;jah
2023-06-04;1,03;137;11,6;jah
2023-06-05;1,03;137;12,2;jah
2023-06-06;1,02;137;13,5;jah
2023-06-07;0,981;137;14,7;jah
2023-06-08;0,949;136;15,6;jah
2023-06-09;0,945;136;15,9;jah
2023-06-10;0,906;135;15,7;jah
2023-06-11;0,877;135;15,4;jah
2023-06-12;0,856;134;15,6;jah
2023-06-13;0,838;134;16,1;jah
2023-06-14;0,822;134;16,8;jah
2023-06-15;0,809;134;17,6;jah
2023-06-16;0,798;134;18,1;jah
2023-06-17;0,786;134;18,7;jah
2023-06-18;0,782;135;19,1;jah
2023-06-19;0,776;135;19,7;jah
2023-06-20;0,757;134;20,2;jah
2023-06-21;0,759;135;20,5;jah
2023-06-22;0,789;137;19,7;jah
2023-06-23;0,817;138;19,5;jah
2023-06-24;0,795;138;19,5;jah
2023-06-25;0,795;138;19,1;jah
2023-06-26;0,807;139;18,4;jah
2023-06-27;0,801;139;18,2;jah
2023-06-28;0,809;139;18,3;jah
2023-06-29;0,803;139;18,9;jah
2023-06-30;0,78;139;19,6;jah
2023-07-01;0,78;139;19,5;jah
2023-07-02;0,802;141;18,9;jah
2023-07-03;0,861;143;17,7;jah
2023-07-04;0,853;143;16,9;jah
2023-07-05;0,852;144;16,3;jah
2023-07-06;0,843;144;16,1;jah
2023-07-07;0,866;145;16,4;jah
2023-07-08;0,845;145;16,8;jah
2023-07-09;0,815;144;17,3;jah
2023-07-10;0,778;142;17,6;jah
2023-07-11;0,756;142;17,6;jah
2023-07-12;0,783;144;17,7;jah
2023-07-13;0,787;144;17,4;jah
2023-07-14;0,784;144;17,4;jah
2023-07-15;0,7;140;17,6;jah
2023-07-16;0,662;139;18,4;jah
2023-07-17;0,642;138;19,1;jah
2023-07-18;0,63;138;19,1;jah
2023-07-19;0,677;141;18,5;jah
2023-07-20;0,694;142;18;jah
2023-07-21;0,705;143;17,2;jah
2023-07-22;0,69;143;16,9;jah
2023-07-23;0,694;143;16,7;jah
2023-07-24;0,699;144;16,7;jah
2023-07-25;0,729;146;16,4;jah
2023-07-26;0,769;148;16,5;jah
2023-07-27;0,776;149;16,6;jah
2023-07-28;0,757;148;16,9;jah
2023-07-29;0,717;147;17;jah
2023-07-30;0,696;146;17;jah
2023-07-31;0,697;147;17,4;jah
2023-08-01;0,686;147;17,5;jah
2023-08-02;0,705;148;17,6;jah
2023-08-03;0,729;149;17,4;jah
2023-08-04;0,766;150;17,4;jah
2023-08-05;0,763;150;17,7;jah
2023-08-06;0,77;150;18,5;jah
2023-08-07;0,76;149;19,8;jah
2023-08-08;0,776;149;19,4;jah
2023-08-09;0,743;148;18,4;jah
2023-08-10;0,744;148;17,1;jah
2023-08-11;0,752;148;16,3;jah
2023-08-12;0,743;147;16,2;jah
2023-08-13;0,726;146;16,5;jah
2023-08-14;0,714;146;17,1;jah
2023-08-15;0,696;145;17,7;jah
2023-08-16;0,685;144;18,6;jah
2023-08-17;0,68;144;19,2;jah
2023-08-18;0,689;144;19,3;jah
2023-08-19;0,81;149;19,2;jah
2023-08-20;0,762;147;19;jah
2023-08-21;0,776;147;18,8;jah
2023-08-22;0,781;147;18,4;jah
2023-08-23;0,76;146;17,9;jah
2023-08-24;0,76;146;17,5;jah
2023-08-25;0,774;147;17;jah
2023-08-26;0,82;148;16,6;jah
2023-08-27;0,813;148;16,6;jah
2023-08-28;0,829;148;16,4;jah
2023-08-29;0,796;147;16;jah
2023-08-30;0,854;150;15,9;jah
2023-08-31;1,01;155;16,3;jah
2023-09-01;1,12;158;16,6;jah
2023-09-02;1,04;155;16,1;jah
2023-09-03;0,982;152;15,8;jah
2023-09-04;0,925;149;15,4;jah
2023-09-05;0,883;146;15,2;jah
2023-09-06;0,829;144;15,3;jah
2023-09-07;0,808;142;14,9;jah
2023-09-08;0,794;141;14,3;jah
2023-09-09;0,787;140;14;jah
2023-09-10;0,781;139;14,2;jah
2023-09-11;0,775;138;14,5;jah
2023-09-12;0,768;138;14,8;jah
2023-09-13;0,76;137;15,2;jah
2023-09-14;0,858;140;15,2;jah
2023-09-15;0,824;138;14,5;jah
2023-09-16;0,83;138;13,4;jah
2023-09-17;0,854;138;12,6;jah
2023-09-18;0,818;137;12,2;jah
2023-09-19;0,79;135;12,5;jah
2023-09-20;0,772;134;12,9;jah
2023-09-21;0,768;133;13,9;jah
2023-09-22;0,799;134;14,2;jah
2023-09-23;0,807;134;14,3;jah
2023-09-24;0,816;133;14,3;jah
2023-09-25;0,797;132;13,7;jah
2023-09-26;0,794;131;13,1;jah
2023-09-27;0,804;131;12,7;jah
2023-09-28;0,803;130;13;jah
2023-09-29;0,812;130;13,3;jah
2023-09-30;0,839;130;13,5;jah
2023-10-01;0,86;130;13,3;jah
2023-10-02;0,877;130;12,5;jah
2023-10-03;0,928;131;12,1;jah
2023-10-04;1,1;136;12,3;jah
2023-10-05;1,35;142;12;jah
2023-10-06;1,78;151;10,6;jah
2023-10-07;2,28;162;10;jah
2023-10-08;2,49;164;8,6;jah
2023-10-09;2,36;161;7,4;jah
2023-10-10;2,11;155;6,6;jah
2023-10-11;1,92;152;6,8;jah
2023-10-12;1,89;151;7,9;jah
2023-10-13;1,93;152;8;jah
2023-10-14;2,1;156;8,6;jah
2023-10-15;2,44;163;8,8;jah
2023-10-16;2,66;167;7,6;jah
2023-10-17;2,61;166;6,7;jah
2023-10-18;2,82;171;6,7;jah
2023-10-19;3,28;178;6,3;jah
2023-10-20;3,13;175;5,5;jah
2023-10-21;2,88;171;4,7;jah
2023-10-22;2,6;165;4,7;jah
2023-10-23;2,4;162;5,2;jah
2023-10-24;2,27;159;5,5;jah
2023-10-25;2,17;157;4,6;jah
2023-10-26;2,07;155;3,7;jah
2023-10-27;2,09;155;3,3;jah
2023-10-28;1,93;152;3,2;jah
2023-10-29;1,82;150;3,3;jah
2023-10-30;1,85;150;3,4;jah
2023-10-31;1,96;153;3,8;jah
2023-11-01;2,61;167;5,5;jah
2023-11-02;3,12;176;6;jah
2023-11-03;3,34;179;5,4;jah
2023-11-04;3,26;177;5,6;jah
2023-11-05;2,98;172;6,1;jah
2023-11-06;2,76;168;6,3;jah
2023-11-07;2,84;170;6,7;jah
2023-11-08;2,93;172;7,1;jah
2023-11-09;3,19;176;7,2;jah
2023-11-10;3,21;176;6,8;jah
2023-11-11;3,36;179;6,5;jah
2023-11-12;3,31;177;6,4;jah
2023-11-13;3,24;176;5,9;jah
2023-11-14;3,39;179;5,1;jah
2023-11-15;3,39;179;4,7;jah
2023-11-16;3,37;178;4,3;jah
2023-11-17;3,21;176;3,9;jah
2023-11-18;2,94;171;3,4;jah
2023-11-19;2,58;165;2,7;jah
2023-11-20;2,34;161;2,1;jah
2023-11-21;2,15;157;1,2;jah
2023-11-22;2,02;149;0,7;jah
2023-11-23;2;150;0,7;jah
2023-11-24;1,97;155;0,7;jah
2023-11-25;1,94;154;0,7;jah
2023-11-26;1,77;151;0,5;jah
2023-11-27;1,77;151;0,5;jah
2023-11-28;1,74;151;0,5;jah
2023-11-29;1,7;151;0,5;jah
2023-11-30;1,7;151;0,5;jah
2023-12-01;1,67;151;0,5;jah
2023-12-02;1,68;151;0,5;jah
2023-12-03;1,64;151;0,5;jah
2023-12-04;1,53;148;0,5;jah
2023-12-05;1,55;149;0,5;jah
2023-12-06;1,53;149;0,5;jah
2023-12-07;1,53;149;0,5;jah
2023-12-08;1,48;149;0,5;jah
2023-12-09;1,44;148;0,5;jah
2023-12-10;1,42;148;0,5;jah
2023-12-11;1,4;148;0,5;jah
2023-12-12;1,42;149;0,5;jah
2023-12-13;1,41;149;0,5;jah
2023-12-14;1,39;149;0,5;jah
2023-12-15;1,34;148;0,5;jah
2023-12-16;1,28;148;0,5;jah
2023-12-17;1,32;151;0,5;jah
2023-12-18;1,53;158;0,6;jah
2023-12-19;2,9;191;0,9;jah
2023-12-20;5,74;233;1,1;jah
2023-12-21;6,18;237;1,1;jah
2023-12-22;6,06;236;1,1;jah
2023-12-23;6,07;236;1,2;jah
2023-12-24;5,49;227;1,1;jah
2023-12-25;4,62;215;1;jah
2023-12-26;3,91;204;0,9;jah
2023-12-27;3,36;195;1;jah
2023-12-28;2,95;188;0,9;jah
2023-12-29;2,82;187;1;jah
2023-12-30;3,88;206;1,6;jah
2023-12-31;5,86;233;1,7;jah
2024-01-01;5,5;229;1,1;jah
2024-01-02;4,9;231;0,9;jah
2024-01-03;4,53;259;0,9;jah
2024-01-04;4,17;267;0,8;jah
2024-01-05;3,84;263;0,8;jah
2024-01-06;3,51;235;0,8;jah
2024-01-07;3,2;208;0,8;jah
2024-01-08;2,9;191;0,8;jah
2024-01-09;2,63;181;0,8;jah
2024-01-10;2,46;177;0,8;jah
2024-01-11;2,35;175;0,8;jah
2024-01-12;2,28;174;0,7;jah
2024-01-13;2,22;172;0,8;jah
2024-01-14;2,14;170;0,8;jah
2024-01-15;2,1;170;0,8;jah
2024-01-16;2,13;170;0,8;jah
2024-01-17;2,09;169;0,8;jah
2024-01-18;2,06;168;0,8;jah
2024-01-19;2,03;167;0,7;jah
2024-01-20;2,04;167;0,7;jah
2024-01-21;2,05;166;0,6;jah
2024-01-22;2,06;166;0,7;jah
2024-01-23;2,11;166;0,7;jah
2024-01-24;2,53;175;0,7;jah
2024-01-25;3,32;188;0,8;jah
2024-01-26;3,56;190;0,8;jah
2024-01-27;3,39;187;0,8;jah
2024-01-28;3,23;183;0,8;jah
2024-01-29;3,03;179;0,7;jah
2024-01-30;2,88;175;0,7;jah
2024-01-31;2,8;173;0,7;jah
2024-02-01;3,62;188;0,9;jah
2024-02-02;4,12;194;0,8;jah
2024-02-03;4,08;192;0,8;jah
2024-02-04;4,6;200;0,8;jah
2024-02-05;4,66;200;0,8;jah
2024-02-06;4,52;196;0,8;jah
2024-02-07;4,08;190;0,8;jah
2024-02-08;3,94;187;0,8;jah
2024-02-09;4,17;190;0,8;jah
2024-02-10;4,51;195;0,8;jah
2024-02-11;4,2;188;0,8;jah
2024-02-12;3,46;176;0,8;jah
2024-02-13;3,11;170;0,8;jah
2024-02-14;2,89;166;0,8;jah
2024-02-15;2,72;163;0,7;jah
2024-02-16;2,65;161;0,6;jah
2024-02-17;3,64;180;0,7;jah
2024-02-18;4,86;194;0,8;jah
2024-02-19;4,12;184;0,8;jah
2024-02-20;4,04;183;0,8;jah
2024-02-21;3,47;177;0,8;jah
2024-02-22;3,04;171;0,7;jah
2024-02-23;3,67;186;1;jah
2024-02-24;6,48;226;1,1;jah
2024-02-25;8,92;255;1,1;jah
2024-02-26;8,44;250;1,1;jah
2024-02-27;9,23;261;1,1;jah
2024-02-28;9,87;265;1;jah
2024-02-29;9,5;260;1;jah
2024-03-01;8,8;251;1;jah
2024-03-02;8,13;242;1,1;jah
2024-03-03;7,16;230;1,2;jah
2024-03-04;6,4;219;1,3;jah
2024-03-05;5,8;211;1,3;jah
2024-03-06;5,07;201;1,3;jah
2024-03-07;4,5;193;1,2;jah
2024-03-08;4,09;187;1,1;jah
2024-03-09;3,67;180;1,1;jah
2024-03-10;3,37;175;1,2;jah
2024-03-11;3,14;171;1,1;jah
2024-03-12;2,93;168;1;jah
2024-03-13;2,74;165;1;jah
2024-03-14;2,67;164;1,9;jah
2024-03-15;2,91;169;3;jah
2024-03-16;3,63;181;3,5;jah
2024-03-17;4,68;197;3,6;jah
2024-03-18;5,55;208;3,1;jah
2024-03-19;5,66;209;2,8;jah
2024-03-20;5,65;209;2,8;jah
2024-03-21;5,29;204;3,1;jah
2024-03-22;4,93;199;3,6;jah
2024-03-23;5,18;203;4;jah
2024-03-24;5,58;208;3,9;jah
2024-03-25;5,58;208;4;jah
2024-03-26;5,52;207;3,9;jah
2024-03-27;5,16;202;4,3;jah
2024-03-28;4,68;195;5;jah
2024-03-29;4,36;190;5,5;jah
2024-03-30;4,16;187;5,8;jah
2024-03-31;4,02;185;6,2;jah
2024-04-01;3,89;183;6,9;jah
2024-04-02;3,69;180;7,7;jah
2024-04-03;3,54;178;7,5;jah
2024-04-04;3,38;175;5,8;jah
2024-04-05;3,26;174;4,6;jah
2024-04-06;3,39;176;4,6;jah
2024-04-07;3,47;177;5,6;jah
2024-04-08;3,49;177;6,4;jah
2024-04-09;3,41;176;7,3;jah
2024-04-10;3,21;172;8,8;jah
2024-04-11;2,98;169;9,5;jah
2024-04-12;2,82;166;9,7;jah
2024-04-13;2,71;164;10;jah
2024-04-14;2,67;164;9,7;jah
2024-04-15;3,18;174;8,9;jah
2024-04-16;3,95;185;8,3;jah
2024-04-17;4,29;190;7,7;jah
2024-04-18;4,34;191;7,5;jah
2024-04-19;3,98;185;6,2;jah
2024-04-20;3,46;177;5,1;jah
2024-04-21;3,07;171;5,4;jah
2024-04-22;2,92;169;5,3;jah
2024-04-23;3,18;174;4,4;jah
2024-04-24;3,69;182;4,7;jah
2024-04-25;3,99;187;5,7;jah
2024-04-26;4,33;192;6,3;jah
2024-04-27;4,41;193;7;jah
2024-04-28;4,17;189;7,8;jah
2024-04-29;3,71;182;9;jah
2024-04-30;3,37;177;10,4;jah
2024-05-01;3,14;172;11,3;jah
2024-05-02;3;170;11,6;jah
2024-05-03;2,88;167;11,8;jah
2024-05-04;2,65;163;12,1;jah
2024-05-05;2,44;159;12,4;jah
2024-05-06;2,27;155;12,2;jah
2024-05-07;2,14;153;11,4;jah
2024-05-08;2,02;151;10,4;jah
2024-05-09;1,9;149;9,5;jah
2024-05-10;1,84;148;9,2;jah
2024-05-11;1,78;147;9,3;jah
2024-05-12;1,72;146;10;jah
2024-05-13;1,66;146;10,8;jah
2024-05-14;1,6;145;11,5;jah
2024-05-15;1,55;144;12,5;jah
2024-05-16;1,51;143;13,6;jah
2024-05-17;1,45;143;14,5;jah
2024-05-18;1,4;142;15,3;jah
2024-05-19;1,4;142;15,7;jah
2024-05-20;1,51;146;16,1;jah
2024-05-21;1,56;146;16,2;jah
2024-05-22;1,33;141;16;jah
2024-05-23;1,24;140;16,1;jah
2024-05-24;1,18;139;16,7;jah
2024-05-25;1,15;138;17,4;jah
2024-05-26;1,13;138;18,2;jah
2024-05-27;1,14;139;18,5;jah
2024-05-28;1,13;139;18,5;jah
2024-05-29;1,12;140;18,2;jah
2024-05-30;1,16;141;18,3;jah
2024-05-31;1,14;141;18,8;jah
2024-06-01;1,15;142;19,1;jah
2024-06-02;1,41;150;18,7;jah
2024-06-03;1,71;157;18,1;jah
2024-06-04;1,42;150;18,4;jah
2024-06-05;1,29;147;18,4;jah
2024-06-06;1,22;146;18,3;jah
2024-06-07;1,17;145;17,5;jah
2024-06-08;1,15;145;16,8;jah
2024-06-09;1,15;146;15,8;jah
2024-06-10;1,14;146;14,7;jah
2024-06-11;1,11;146;14,9;jah
2024-06-12;1,09;146;15,3;jah
2024-06-13;1,07;146;15,6;jah
2024-06-14;1,06;146;15,5;jah
2024-06-15;1,06;147;15,2;jah
2024-06-16;1,03;146;15,7;jah
2024-06-17;1,02;147;16,3;jah
2024-06-18;1,09;150;17;jah
2024-06-19;1,2;155;17;jah
2024-06-20;1,43;162;16,3;jah
2024-06-21;1,3;158;16,7;jah
2024-06-22;1,22;157;17,2;jah
2024-06-23;1,13;154;17,1;jah
2024-06-24;1,04;152;17,1;jah
2024-06-25;0,973;150;17,6;jah
2024-06-26;0,933;150;18,3;jah
2024-06-27;0,893;149;19,2;jah
2024-06-28;0,863;148;20,1;jah
2024-06-29;0,845;148;20,3;jah
2024-06-30;0,827;147;20,3;jah
2024-07-01;0,903;151;20;jah
2024-07-02;1,12;159;19,2;jah
2024-07-03;1,06;157;18,6;jah
2024-07-04;0,989;155;18;jah
2024-07-05;0,982;155;17,3;jah
2024-07-06;0,982;156;16,9;jah
2024-07-07;1,13;162;17;jah
2024-07-08;1,41;170;17,2;jah
2024-07-09;1,21;164;17,4;jah
2024-07-10;1,09;160;17,8;jah
2024-07-11;1;158;18,4;jah
2024-07-12;0,932;155;18,7;jah
2024-07-13;0,839;152;18,9;jah
2024-07-14;0,869;154;19;jah
2024-07-15;0,973;158;19,1;jah
2024-07-16;0,89;155;19,5;jah
2024-07-17;0,853;154;19,4;jah
2024-07-18;0,82;153;19,2;jah
2024-07-19;0,799;153;18,8;jah
2024-07-20;0,785;152;18,7;jah
2024-07-21;0,792;153;18,8;jah
2024-07-22;0,782;153;19,1;jah
2024-07-23;0,772;153;19,6;jah
2024-07-24;0,827;156;19,6;jah
2024-07-25;0,864;158;19,5;jah
2024-07-26;0,775;157;19,7;jah
2024-07-27;0,811;161;19,6;jah
2024-07-28;0,738;162;19,4;jah
2024-07-29;4,32;242;18,3;jah
2024-07-30;6,87;271;17,9;jah
2024-07-31;9,3;288;17,9;jah
2024-08-01;8,75;278;17,7;jah
2024-08-02;8,35;274;17,6;jah
2024-08-03;7,46;262;17,5;jah
2024-08-04;5,87;243;17,6;jah
2024-08-05;5,14;233;17,5;jah
2024-08-06;4,3;221;17,5;jah
2024-08-07;3,57;209;17,5;jah
2024-08-08;3,02;199;17,6;jah
2024-08-09;2,63;191;17,4;jah
2024-08-10;2,52;188;17,4;jah
2024-08-11;3,17;202;16,9;jah
2024-08-12;4,16;216;16,2;jah
2024-08-13;4;212;16,2;jah
2024-08-14;3,4;201;16,3;jah
2024-08-15;2,92;192;16,5;jah
2024-08-16;2,53;184;16,7;jah
2024-08-17;2,22;177;17;jah
2024-08-18;2,03;172;17;jah
2024-08-19;2,03;172;16,6;jah
2024-08-20;1,86;167;16,2;jah
2024-08-21;1,69;162;16,2;jah
2024-08-22;1,6;159;16,5;jah
2024-08-23;1,53;157;16,4;jah
2024-08-24;1,49;155;16,3;jah
2024-08-25;1,43;153;16,4;jah
2024-08-26;1,4;152;16,7;jah
2024-08-27;1,36;150;16,3;jah
2024-08-28;1,32;149;15,7;jah
2024-08-29;1,31;148;15,5;jah
2024-08-30;1,34;148;15,7;jah
2024-08-31;1,29;147;15,9;jah
2024-09-01;1,25;146;15,4;jah
2024-09-02;1,23;145;15,1;jah
2024-09-03;1,23;144;15,4;jah
2024-09-04;1,22;144;16;jah
2024-09-05;1,21;143;16,2;jah
2024-09-06;1,18;142;15,8;jah
2024-09-07;1,15;141;15,3;jah
2024-09-08;1,13;140;14,9;jah
2024-09-09;1,1;139;14,5;jah
2024-09-10;1,09;138;14,3;jah
2024-09-11;1,09;138;14,2;jah
2024-09-12;1,08;138;14,2;jah
2024-09-13;1,36;145;14,4;jah
2024-09-14;2,44;171;15,1;jah
2024-09-15;2,7;174;15,6;jah
2024-09-16;2,65;172;15,6;jah
2024-09-17;2,29;164;15,3;jah
2024-09-18;1,94;157;14,9;jah
2024-09-19;1,77;153;14,5;jah
2024-09-20;1,6;149;13,8;jah
2024-09-21;1,5;146;13,4;jah
2024-09-22;1,44;144;12,8;jah
2024-09-23;1,39;143;11,9;jah
2024-09-24;1,36;142;11,8;jah
2024-09-25;1,32;140;11,9;jah
2024-09-26;1,29;140;12,3;jah
2024-09-27;1,32;140;12,7;jah
2024-09-28;1,36;141;12,8;jah
2024-09-29;1,48;144;12,2;jah
2024-09-30;1,64;148;10,4;jah
2024-10-01;1,69;149;8,7;jah
2024-10-02;1,68;148;8,4;jah
2024-10-03;1,63;147;8,7;jah
2024-10-04;1,64;147;8,9;jah
2024-10-05;1,62;147;8,3;jah
2024-10-06;1,57;145;7,7;jah
2024-10-07;1,53;144;7,1;jah
2024-10-08;1,48;143;7,2;jah
2024-10-09;1,47;143;7,5;jah
2024-10-10;1,57;145;8,3;jah
2024-10-11;1,65;147;9,4;jah
2024-10-12;1,75;149;9,3;jah
2024-10-13;1,76;149;8;jah
2024-10-14;1,69;147;7,2;jah
2024-10-15;1,66;147;7,2;jah
2024-10-16;1,59;145;6,9;jah
2024-10-17;1,52;143;6,1;jah
2024-10-18;1,47;142;5,2;jah
2024-10-19;1,43;141;4,8;jah
2024-10-20;1,43;141;4,4;jah
2024-10-21;1,41;140;4,5;jah
2024-10-22;1,42;141;5,7;jah
2024-10-23;1,54;143;6,9;jah
2024-10-24;1,67;146;7,5;jah
2024-10-25;1,7;147;8;jah
2024-10-26;1,68;146;8,2;jah
2024-10-27;1,63;145;8,2;jah
2024-10-28;1,61;144;8,3;jah
2024-10-29;1,6;144;7,7;jah
2024-10-30;1,61;144;7;jah
2024-10-31;1,61;144;6,7;jah
2024-11-01;1,94;151;6,9;jah
2024-11-02;2,73;167;6,5;jah
2024-11-03;3,18;175;5,4;jah
2024-11-04;3,7;183;4,8;jah
2024-11-05;3,77;184;4,7;jah
2024-11-06;3,63;182;5,5;jah
2024-11-07;3,43;179;6;jah
2024-11-08;3,04;173;6,4;jah
2024-11-09;2,72;167;6,7;jah
2024-11-10;2,51;163;6,8;jah
2024-11-11;2,34;160;6,4;jah
2024-11-12;2,22;158;5,8;jah
2024-11-13;2,17;157;5,6;jah
2024-11-14;2,17;157;5,4;jah
2024-11-15;2,15;157;4,8;jah
2024-11-16;2,15;157;5,4;jah
2024-11-17;2,41;162;5,9;jah
2024-11-18;2,76;169;5,4;jah
2024-11-19;3,09;175;4,7;jah
2024-11-20;3,34;179;4,2;jah
2024-11-21;3,96;189;3,7;jah
2024-11-22;4,1;192;3,6;jah
2024-11-23;3,96;190;2,9;jah
2024-11-24;3,74;186;2;jah
2024-11-25;3,68;185;2;jah
2024-11-26;4,67;201;2,9;jah
2024-11-27;5,75;216;3,6;jah
2024-11-28;5,94;219;3,9;jah
2024-11-29;5,86;218;3,9;jah
2024-11-30;5,43;212;3,9;jah
2024-12-01;4,71;201;4,1;jah
2024-12-02;4,06;191;3,9;jah
2024-12-03;3,64;184;3,8;jah
2024-12-04;3,34;179;3;jah
2024-12-05;3,07;175;2,5;jah
2024-12-06;2,85;171;2,1;jah
2024-12-07;2,66;167;1,9;jah
2024-12-08;2,5;164;1,9;jah
2024-12-09;2,38;162;1,8;jah
2024-12-10;2,27;159;1,5;jah
2024-12-11;2,23;160;1,7;jah
2024-12-12;2,23;161;1,3;jah
2024-12-13;2,24;150;0,6;jah
2024-12-14;2,24;158;0,7;jah
2024-12-15;2,28;159;0,8;jah
2024-12-16;2,44;162;0,9;jah
2024-12-17;2,8;168;1;jah
2024-12-18;3,03;172;0,9;jah
2024-12-19;3,46;179;1;jah
2024-12-20;5,72;212;2,1;jah
2024-12-21;7,21;231;2,1;jah
2024-12-22;7,47;234;2;jah
2024-12-23;8,07;242;2,1;jah
2024-12-24;7,99;241;2,3;jah
2024-12-25;7,13;234;2,6;jah
2024-12-26;6,17;227;3,1;jah
2024-12-27;5,2;218;3,8;jah
2024-12-28;4,29;210;3,9;jah
2024-12-29;3,53;203;4;jah
2024-12-30;3,35;206;3,9;jah
2024-12-31;4,21;225;3;jah
2025-01-01;4,05;228;2,7;jah
2025-01-02;11,5;313;2,5;jah
2025-01-03;14,9;321;1,6;jah
2025-01-04;15,3;320;1,2;jah
2025-01-05;12,8;296;1,1;jah
2025-01-06;10;268;1,1;jah
2025-01-07;8,35;249;1,2;jah
2025-01-08;7,7;242;1,3;jah
2025-01-09;6,58;228;1,4;jah
2025-01-10;6,04;221;1,4;jah
2025-01-11;6,48;226;1,6;jah
2025-01-12;6,71;229;1,4;jah
2025-01-13;5,73;216;1,1;jah
2025-01-14;6,55;226;1,3;jah
2025-01-15;8,69;252;1,5;jah
2025-01-16;9,58;261;1,6;jah
2025-01-17;12;285;1,7;jah
2025-01-18;13;296;1,7;jah
2025-01-19;12,2;287;1,5;jah
2025-01-20;11,2;278;1,7;jah
2025-01-21;9,81;263;1,8;jah
2025-01-22;8,37;247;1,8;jah
2025-01-23;7,4;235;2;jah
2025-01-24;6,67;226;2,2;jah
2025-01-25;6,17;220;2,3;jah
2025-01-26;5,96;216;2,6;jah
2025-01-27;6,52;224;2,9;jah
2025-01-28;7,34;234;3,1;jah
2025-01-29;7,76;239;3,5;jah
2025-01-30;8,73;250;3,9;jah
2025-01-31;9,5;259;4,1;jah
2025-02-01;9,46;258;3,9;jah
2025-02-02;9,22;256;3,4;jah
2025-02-03;8,33;246;3;jah
2025-02-04;7,29;234;2,4;jah
2025-02-05;6,35;222;1,8;jah
2025-02-06;5,64;213;1,8;jah
2025-02-07;5,05;205;1,9;jah
2025-02-08;4,63;199;1,5;jah
2025-02-09;4,37;183;1,1;jah
2025-02-10;4,13;181;1;jah
2025-02-11;3,89;180;0,9;jah
2025-02-12;3,66;180;0,9;jah
2025-02-13;3,43;179;0,9;jah
2025-02-14;3,21;176;0,8;jah
2025-02-15;3;173;0,8;jah
2025-02-16;2,86;171;0,7;jah
2025-02-17;2,75;168;0,7;jah
2025-02-18;2,64;170;0,7;jah
2025-02-19;2,52;168;0,6;jah
2025-02-20;2,48;167;0,6;jah
2025-02-21;2,5;164;0,6;jah
2025-02-22;2,44;163;0,6;jah
2025-02-23;2,39;162;0,5;jah
2025-02-24;2,34;161;0,5;jah
2025-02-25;2,28;159;0,5;jah
2025-02-26;2,24;158;0,5;jah
2025-02-27;2,22;158;0,5;jah
2025-02-28;2,26;158;0,6;jah
2025-03-01;2,35;160;0,6;jah
2025-03-02;2,37;160;0,7;jah
2025-03-03;2,49;162;1,2;jah
2025-03-04;2,81;168;1,8;jah
2025-03-05;3,51;179;2,2;jah
2025-03-06;4,47;194;2,9;jah
2025-03-07;4,89;200;3,3;jah
2025-03-08;4,75;198;3,3;jah
2025-03-09;4,36;192;3,2;jah
2025-03-10;3,99;186;3;jah
2025-03-11;3,63;180;3,1;jah
2025-03-12;3,35;175;3,1;jah
2025-03-13;3,22;173;3,2;jah
2025-03-14;3,25;173;2,8;jah
2025-03-15;3,21;172;2,3;jah
2025-03-16;3,19;172;2;jah
2025-03-17;3,04;169;1,8;jah
2025-03-18;2,91;167;1,9;jah
2025-03-19;2,85;165;2,7;jah
2025-03-20;2,84;165;3,3;jah
2025-03-21;2,78;164;3,2;jah
2025-03-22;2,7;162;3,1;jah
2025-03-23;2,6;160;3,1;jah
2025-03-24;2,5;158;2,8;jah
2025-03-25;2,47;157;3,2;jah
2025-03-26;2,47;157;4,2;jah
2025-03-27;2,45;157;4,3;jah
2025-03-28;2,42;156;4,7;jah
2025-03-29;2,38;155;5,5;jah
2025-03-30;2,34;154;6,2;jah
2025-03-31;2,28;153;6,7;jah
2025-04-01;2,22;151;7,4;jah
2025-04-02;2,18;150;7,7;jah
2025-04-03;2,13;149;8,2;jah
2025-04-04;2,08;148;8,4;jah
2025-04-05;2,15;149;6,8;jah
2025-04-06;2,27;151;4,9;jah
2025-04-07;2,27;151;4;jah
2025-04-08;2,25;151;3,9;jah
2025-04-09;2,21;150;3,8;jah
2025-04-10;2,23;151;3,2;jah
2025-04-11;2,24;151;3,4;jah
2025-04-12;2,21;151;3,3;jah
2025-04-13;2,17;150;4,2;jah
2025-04-14;2,12;149;6;jah
2025-04-15;2,04;148;7,9;jah
2025-04-16;1,97;147;9,2;jah
2025-04-17;1,99;147;9,7;jah
2025-04-18;1,96;147;10,6;jah
2025-04-19;2;148;12,5;jah
2025-04-20;2,14;151;13,6;jah
2025-04-21;2,32;154;13,7;jah
2025-04-22;2,43;157;13,1;jah
2025-04-23;2,53;159;12,5;jah
2025-04-24;2,67;161;12,1;jah
2025-04-25;2,78;163;10,5;jah
2025-04-26;2,59;160;9;jah
2025-04-27;2,34;156;8,2;jah
2025-04-28;2,16;153;8,2;jah
2025-04-29;2,1;152;8,9;jah
2025-04-30;2,09;152;9,3;jah
2025-05-01;2,2;154;8,9;jah
2025-05-02;2,22;155;9,3;jah
2025-05-03;2,35;157;10,6;jah
2025-05-04;2,37;158;10,6;jah
2025-05-05;2,43;159;9,8;jah
2025-05-06;2,3;157;9,1;jah
2025-05-07;2,22;156;8,9;jah
2025-05-08;2,09;153;8,2;jah
2025-05-09;1,98;151;8,3;jah
2025-05-10;1,88;149;8,8;jah
2025-05-11;1,78;147;9,3;jah
2025-05-12;1,71;146;10;jah
2025-05-13;1,65;145;10,5;jah
2025-05-14;1,7;146;10,5;jah
2025-05-15;1,79;148;9,3;jah
2025-05-16;2,11;155;8,7;jah
2025-05-17;2,68;166;8,5;jah
2025-05-18;3,09;173;9,5;jah
2025-05-19;3,08;173;11,2;jah
2025-05-20;2,65;166;12,5;jah
2025-05-21;2,31;160;13,3;jah
2025-05-22;2,04;154;13,9;jah
2025-05-23;1,93;152;14;jah
2025-05-24;2,13;157;12,7;jah
2025-05-25;3,07;174;11,9;jah
2025-05-26;3,71;185;12,4;jah
2025-05-27;3,85;188;13;jah
2025-05-28;3,19;177;13,9;jah
2025-05-29;2,89;172;14,6;jah
2025-05-30;2,56;166;15,3;jah
2025-05-31;2,24;160;16,2;jah
2025-06-01;2,02;156;16;jah
2025-06-02;1,92;154;14,9;jah
2025-06-03;1,79;152;14,1;jah
2025-06-04;1,68;150;14,6;jah
2025-06-05;1,62;149;14,8;jah
2025-06-06;1,51;147;14,6;jah
2025-06-07;1,66;150;14,9;jah
2025-06-08;2,15;162;15,5;jah
2025-06-09;2,92;177;15,4;jah
2025-06-10;5,94;224;14,6;jah
2025-06-11;7,32;242;14,3;jah
2025-06-12;9,28;264;13,9;jah
2025-06-13;12,1;294;14,1;jah
2025-06-14;11;282;14,6;jah
2025-06-15;10;272;15,1;jah
2025-06-16;8,15;252;15,6;jah
2025-06-17;5,67;220;15,7;jah
2025-06-18;3,87;194;15,4;jah
2025-06-19;3,24;183;15,3;jah
2025-06-20;3,7;190;14,9;jah
2025-06-21;4,85;208;14;jah
2025-06-22;5,36;215;14;jah
2025-06-23;5,58;217;13,9;jah
2025-06-24;5,98;222;14;jah
2025-06-25;6,94;234;13,8;jah
2025-06-26;7,24;238;14;jah
2025-06-27;6,84;232;14,4;jah
2025-06-28;6,86;232;14,6;jah
2025-06-29;5,96;220;14,8;jah
2025-06-30;4,71;202;14,9;jah
2025-07-01;3,91;190;15,3;jah
2025-07-02;3,32;180;16,2;jah
2025-07-03;2,89;172;17,4;jah
2025-07-04;2,55;166;17,8;jah
2025-07-05;2,32;162;16,7;jah
2025-07-06;2,21;159;15,8;jah
2025-07-07;2,19;159;15,7;jah
2025-07-08;2,21;159;15,9;jah
2025-07-09;2,19;158;15,8;jah
2025-07-10;2,35;159;15,2;jah
2025-07-11;2,82;165;15,5;jah
2025-07-12;8,14;235;16,8;jah
2025-07-13;11,5;268;17;jah
2025-07-14;14,6;296;17,4;jah
2025-07-15;16,1;308;18,2;jah
2025-07-16;13,8;286;18,5;jah
2025-07-17;13,6;285;18,6;jah
2025-07-18;11,7;267;19;jah
2025-07-19;10,3;254;19,4;jah
2025-07-20;9,38;245;19,8;jah
2025-07-21;7,62;226;19,9;jah
2025-07-22;5,57;201;19,8;jah
2025-07-23;4,35;184;19,4;jah
2025-07-24;3,82;178;19;jah
2025-07-25;3,64;176;19,3;jah
2025-07-26;3,56;175;19,6;jah
2025-07-27;3,16;170;19,6;jah
2025-07-28;2,89;166;19,5;jah
2025-07-29;2,65;163;19,6;jah
2025-07-30;2,53;161;19,7;jah
2025-07-31;2,4;159;19,9;jah
2025-08-01;2,55;162;19,3;jah
2025-08-02;2,44;160;18,3;jah
2025-08-03;2,27;157;18,4;jah
2025-08-04;2,12;154;18,7;jah
2025-08-05;2;151;18,6;jah
2025-08-06;1,97;151;18,2;jah
2025-08-07;2,04;152;17,2;jah
2025-08-08;2,22;156;16,4;jah
2025-08-09;2,65;164;15,8;jah
2025-08-10;2,37;159;16,2;jah
2025-08-11;2,23;156;16,1;jah
2025-08-12;2,15;155;16;jah
2025-08-13;2,13;154;15,8;jah
2025-08-14;1,95;151;15,6;jah
2025-08-15;1,86;149;16;jah
2025-08-16;1,82;148;16,6;jah
2025-08-17;1,79;148;15,9;jah
2025-08-18;1,77;147;14,8;jah
2025-08-19;1,71;146;15;jah
2025-08-20;1,66;145;15,5;jah
2025-08-21;1,59;143;14,4;jah
2025-08-22;1,55;142;13,5;jah
2025-08-23;1,55;143;13,3;jah
2025-08-24;1,56;143;13,1;jah
2025-08-25;1,56;143;12,5;jah
2025-08-26;1,66;145;12,1;jah
2025-08-27;1,6;144;12,2;jah
2025-08-28;1,54;143;12,5;jah
2025-08-29;1,51;142;12,7;jah
2025-08-30;1,51;142;13,1;jah
2025-08-31;1,53;142;13,4;jah
2025-09-01;1,56;143;13,7;jah
2025-09-02;1,55;142;14,1;jah
2025-09-03;1,53;142;14,3;jah
2025-09-04;1,48;141;14,9;jah
2025-09-05;1,47;140;15,3;jah
2025-09-06;1,5;141;15,6;jah
2025-09-07;1,47;140;16,1;jah
2025-09-08;1,44;139;16,4;jah
2025-09-09;1,42;139;16;jah
2025-09-10;1,37;137;15,5;jah
2025-09-11;1,31;136;15,4;jah
2025-09-12;1,3;136;15;jah
2025-09-13;1,45;139;14,8;jah
2025-09-14;1,38;137;14,8;jah
2025-09-15;1,42;138;14,3;jah
2025-09-16;1,53;140;13,7;jah
2025-09-17;1,64;143;13,6;jah
2025-09-18;1,65;143;13,4;jah
2025-09-19;1,73;144;13,4;jah
2025-09-20;1,89;147;13,2;jah
2025-09-21;2,11;152;13,4;jah
2025-09-22;2,12;152;13,9;jah
2025-09-23;2;149;12,9;jah
2025-09-24;1,99;149;11,4;jah
2025-09-25;1,76;144;10;jah
2025-09-26;1,64;142;9,7;jah
2025-09-27;1,57;140;10;jah
2025-09-28;1,55;140;9,7;jah
2025-09-29;1,49;139;8,7;jah
2025-09-30;1,47;139;7,6;jah
2025-10-01;1,43;138;7,6;jah
2025-10-02;1,39;137;7,5;jah
2025-10-03;1,36;136;6,9;jah
2025-10-04;1,37;137;6,5;jah
2025-10-05;1,33;136;7;jah
2025-10-06;1,34;136;7,9;jah
2025-10-07;1,33;136;8,7;jah
2025-10-08;1,35;136;8,6;jah
2025-10-09;1,32;136;8;jah
2025-10-10;1,34;136;8,3;jah
2025-10-11;1,37;137;8,2;jah
2025-10-12;1,58;142;7,7;jah
2025-10-13;1,78;146;7,1;jah
2025-10-14;1,81;147;6,9;jah
2025-10-15;1,84;147;7;jah
2025-10-16;1,86;148;7,4;jah
2025-10-17;1,89;149;7,1;jah
2025-10-18;1,94;150;5,9;jah
2025-10-19;1,87;148;4,8;jah
2025-10-20;1,8;147;4,5;jah
2025-10-21;1,77;146;4,2;jah
2025-10-22;1,79;147;3,9;jah
2025-10-23;1,69;145;4,6;jah
2025-10-24;1,67;144;5,6;jah
2025-10-25;1,7;145;6,8;jah
2025-10-26;2,18;154;7,6;jah
2025-10-27;2,77;166;7,5;jah
2025-10-28;3,33;175;7,2;jah
2025-10-29;3,48;177;7,2;jah
2025-10-30;3,5;177;7,2;jah
2025-10-31;3,56;178;7,5;jah
2025-11-01;3,52;178;7,7;jah
2025-11-02;3,23;173;7,4;jah
2025-11-03;2,99;169;7,6;jah
2025-11-04;2,76;165;7,8;jah
2025-11-05;2,68;164;8,2;jah
2025-11-06;2,68;163;8,5;jah
2025-11-07;2,67;163;8,6;jah
2025-11-08;2,59;162;8;jah
2025-11-09;2,49;160;7,5;jah
2025-11-10;2,42;159;7,3;jah
2025-11-11;2,46;159;7,2;jah
2025-11-12;2,47;160;6,8;jah
2025-11-13;2,5;160;6,8;jah
2025-11-14;2,62;162;6,5;jah
2025-11-15;2,74;164;4,6;jah
2025-11-16;2,76;165;3,4;jah
2025-11-17;2,75;164;2,9;jah
2025-11-18;2,57;161;2,6;jah
2025-11-19;2,46;159;1,9;jah
2025-11-20;2,43;159;2;jah
2025-11-21;2,38;158;2,2;jah
2025-11-22;2,37;158;2,2;jah
2025-11-23;2,33;157;1,7;jah
2025-11-24;2,26;156;1,5;jah
2025-11-25;2,17;154;1,2;jah
2025-11-26;2,06;152;1,1;jah
2025-11-27;1,96;150;0,9;jah
2025-11-28;1,94;150;1;jah
2025-11-29;1,96;151;1,5;jah
2025-11-30;2,04;152;1,9;jah
2025-12-01;2,13;154;2,3;jah
2025-12-02;2,25;157;2,8;jah
2025-12-03;2,33;159;2,8;jah
2025-12-04;2,34;159;2,7;jah
2025-12-05;2,29;158;3,1;jah
2025-12-06;2,26;158;3,7;jah
2025-12-07;2,43;161;3,8;jah
2025-12-08;2,66;166;3,3;jah
2025-12-09;2,96;171;3,7;jah
2025-12-10;3,35;178;4,2;jah
2025-12-11;3,69;183;4,8;jah
2025-12-12;4,12;190;4,7;jah
2025-12-13;4,01;189;2,9;jah
2025-12-14;3,71;184;1,8;jah
2025-12-15;3,41;179;1,8;jah
2025-12-16;3,73;185;2,7;jah
2025-12-17;4,07;191;3,1;jah
2025-12-18;4,26;193;3,1;jah
2025-12-19;3,98;189;3,3;jah
2025-12-20;3,63;183;3,5;jah
2025-12-21;3,62;183;4;jah
2025-12-22;3,63;183;3,8;jah
2025-12-23;3,45;180;2,2;jah
2025-12-24;3,1;174;1,2;jah
2025-12-25;2,79;169;1,5;jah
2025-12-26;2,61;166;1,8;jah
2025-12-27;2,54;164;2;jah
2025-12-28;2,57;165;1,7;jah
2025-12-29;2,51;164;1;jah
2025-12-30;2,4;162;0,3;jah
2025-12-31;2,33;159;0;jah
2026-01-01;2,27;164;0;ei
2026-01-02;2,21;167;0;ei
2026-01-03;2,15;162;0,1;ei
2026-01-04;2,1;157;0;ei
2026-01-05;2,04;155;0;ei
2026-01-06;1,99;154;0;ei
2026-01-07;1,93;151;0;ei
2026-01-08;1,9;151;0;ei
2026-01-09;1,89;151;0;ei
2026-01-10;1,93;152;0;ei
2026-01-11;1,95;152;0;ei
2026-01-12;1,92;152;0;ei
2026-01-13;1,88;151;0;ei
2026-01-14;1,81;150;0;ei
2026-01-15;1,75;150;0;ei
2026-01-16;1,69;149;0;ei
2026-01-17;1,65;149;0;ei
2026-01-18;1,62;148;0;ei
2026-01-19;1,57;148;0;ei
2026-01-20;1,55;148;0;ei
2026-01-21;1,52;148;0;ei
2026-01-22;1,49;148;0;ei
2026-01-23;1,46;149;0;ei
2026-01-24;1,43;149;0;ei
2026-01-25;1,4;147;0;ei
2026-01-26;1,37;148;0;ei
2026-01-27;1,34;148;0;ei
2026-01-28;1,31;147;0;ei
2026-01-29;1,28;147;0;ei
2026-01-30;1,25;147;0;ei
2026-01-31;1,22;147;0;ei
2026-02-01;1,19;146;0;ei
2026-02-02;1,16;146;0;ei
2026-02-03;1,14;147;0,1;ei
2026-02-04;1,12;147;0,1;ei
2026-02-05;1,09;147;0,1;ei
2026-02-06;1,07;147;0,1;ei
2026-02-07;1,09;147;0,1;ei
2026-02-08;1,11;147;0;ei
2026-02-09;1,14;148;0;ei
2026-02-10;1,17;147;0;ei
2026-02-11;1,19;146;0;ei
2026-02-12;1,22;147;0;ei
2026-02-13;1,24;147;0;ei
2026-02-14;1,27;147;0;ei
2026-02-15;1,29;146;0;ei
2026-02-16;1,32;146;0;ei
2026-02-17;1,35;146;0;ei
2026-02-18;1,39;147;0;ei
2026-02-19;1,42;147;0;ei
2026-02-20;1,45;147;0;ei
2026-02-21;1,48;147;0;ei
2026-02-22;1,51;149;0;ei
2026-02-23;1,54;149;0;ei
2026-02-24;1,57;149;0;ei
2026-02-25;1,6;148;0;ei
2026-02-26;1,64;148;0;ei
2026-02-27;1,67;148;0,1;ei
2026-02-28;1,76;149;0,1;ei
2026-03-01;2,19;157;0,1;ei
2026-03-02;3,15;174;0;ei
2026-03-03;3,1;172;0;ei
2026-03-04;2,94;169;0,1;ei
2026-03-05;2,9;168;0,1;ei
2026-03-06;2,72;165;0,1;ei
2026-03-07;2,77;165;0,1;ei
2026-03-08;2,5;160;0,1;ei
2026-03-09;2,52;160;0,2;ei
2026-03-10;2,49;159;0,3;ei
2026-03-11;2,54;159;1;ei
2026-03-12;2,73;162;2;ei
2026-03-13;3,09;168;2,6;ei
2026-03-14;3,47;174;3;ei
2026-03-15;3,69;177;3,1;ei
2026-03-16;3,68;177;3,2;ei
2026-03-17;3,7;177;2,9;ei
2026-03-18;3,51;174;2,9;ei
2026-03-19;3,26;170;2,7;ei
2026-03-20;3,12;168;3,4;ei
2026-03-21;2,99;166;3,5;ei
2026-03-22;2,88;164;3,5;ei
2026-03-23;2,74;161;3,7;ei
2026-03-24;2,6;159;4,1;ei
2026-03-25;2,57;158;4,9;ei
2026-03-26;2,57;158;6;ei
2026-03-27;2,47;156;5,9;ei
2026-03-28;2,37;154;5,4;ei
2026-03-29;2,28;152;4,9;ei
2026-03-30;2,29;153;5,4;ei
2026-03-31;2,16;150;5,9;ei
2026-04-01;2,22;151;5,8;ei
2026-04-02;2,1;149;5,6;ei
2026-04-03;1,99;147;5,6;ei
2026-04-04;1,96;146;5,5;ei
2026-04-05;2,03;147;5,4;ei
2026-04-06;2,13;149;5,7;ei
2026-04-07;2,37;153;5,6;ei
2026-04-08;2,59;157;5,6;ei
2026-04-09;2,6;157;5,1;ei
2026-04-10;2,47;155;5;ei
2026-04-11;2,33;152;5,4;ei
2026-04-12;2,14;149;6,1;ei
2026-04-13;2,05;147;6,7;ei
2026-04-14;2;146;6,7;ei
2026-04-15;1,93;145;7,5;ei
2026-04-16;1,91;144;7,9;ei
2026-04-17;1,89;144;8,5;ei
2026-04-18;1,86;143;8,9;ei
2026-04-19;1,81;142;8,4;ei
2026-04-20;1,78;142;7,6;ei
2026-04-21;1,65;139;7,9;ei
2026-04-22;1,58;138;8,2;ei
2026-04-23;1,56;137;8,2;ei
2026-04-24;1,52;137;8,2;ei
2026-04-25;1,53;137;7,8;ei
2026-04-26;1,63;139;6,8;ei
2026-04-27;1,59;138;6,1;ei
2026-04-28;1,57;137;6,1;ei
2026-04-29;1,52;136;6,4;ei
2026-04-30;1,5;136;6,3;ei
2026-05-01;1,46;135;7,5;ei
2026-05-02;1,44;135;10,1;ei
2026-05-03;1,41;134;11,6;ei
2026-05-04;1,37;134;12,4;ei
2026-05-05;1,34;133;13;ei
2026-05-06;1,3;132;13,1;ei
2026-05-07;1,28;132;11,7;ei
2026-05-08;1,25;131;10,8;ei
2026-05-09;1,24;131;10,8;ei
2026-05-10;1,2;130;11;ei
2026-05-11;1,17;130;11,8;ei
2026-05-12;1,14;129;13;ei
2026-05-13;1,19;131;13,3;ei
2026-05-14;1,26;132;12,8;ei
2026-05-15;1,2;131;12,7;ei
2026-05-16;1,18;131;13,5;ei
2026-05-17;1,19;132;14,1;ei
2026-05-18;1,17;131;13,7;ei
2026-05-19;1,21;133;13,9;ei
2026-05-20;1,17;132;14,8;ei
2026-05-21;1,15;132;14,2;ei
2026-05-22;1,22;133;13,7;ei
2026-05-23;1,25;134;14,2;ei
2026-05-24;1,21;133;15,4;ei
2026-05-25;1,16;132;15,6;ei
2026-05-26;1,13;131;15,2;ei
2026-05-27;1,09;130;14,5;ei
2026-05-28;1,07;130;13,5;ei
2026-05-29;1,02;129;13,1;ei
2026-05-30;0,999;128;13,2;ei
2026-05-31;0,993;128;13,5;ei
2026-06-01;0,975;128;13,6;ei
2026-06-02;0,951;127;14,5;ei
2026-06-03;0,941;127;16,1;ei
2026-06-04;0,903;126;17,2;ei
2026-06-05;0,93;127;17,3;ei
2026-06-06;1,08;130;16,9;ei
2026-06-07;1,18;133;16,8;ei
2026-06-08;1,07;130;17,4;ei
2026-06-09;1,95;149;16,3;ei
2026-06-10;2,7;163;14,9;ei
2026-06-11;2,69;163;15,2;ei
2026-06-12;2,62;162;15,1;ei
2026-06-13;2,71;163;14,5;ei
2026-06-14;2,77;165;13,5;ei
2026-06-15;2,6;161;13,8;ei
2026-06-16;2,39;158;13,8;ei
2026-06-17;2,25;155;13,9;ei
2026-06-18;2,16;153;14,5;ei
2026-06-19;1,98;150;16,2;ei
2026-06-20;1,75;146;17,2;ei
2026-06-21;1,54;142;18,2;ei
2026-06-22;1,36;139;18,9;ei
2026-06-23;1,21;136;19,1;ei
2026-06-24;1,14;135;17,6;ei
2026-06-25;1,1;134;16,4;ei
2026-06-26;1,03;133;17,3;ei
2026-06-27;1;133;18,1;ei
2026-06-28;0,962;132;18,7;ei
2026-06-29;0,913;131;19,8;ei
2026-06-30;0,841;130;21,1;ei
2026-07-01;0,82;130;21;ei
2026-07-02;0,824;131;19,7;ei
2026-07-03;0,804;131;18,6;ei
2026-07-04;0,829;132;17,8;ei
2026-07-05;0,824;133;17,4;ei
2026-07-06;0,828;133;17,2;ei
2026-07-07;0,855;135;16,7;ei
2026-07-08;1,09;143;15,7;ei
2026-07-09;6,21;236;14,4;ei
2026-07-10;8,06;260;15;ei
2026-07-11;6,88;245;15,9;ei
2026-07-12;6,09;235;16,9;ei
2026-07-13;3,97;204;18,2;ei
2026-07-14;2,68;181;18,5;ei
2026-07-15;2,07;167;18,1;ei
2026-07-16;1,76;160;18,6;ei
2026-07-17;1,6;155;18,9;ei
2026-07-18;1,52;152;19,4;ei
2026-07-19;1,37;148;19,6;ei
2026-07-20;1,42;149;18,7;ei
2026-07-21;2,45;171;17,2;ei
2026-07-22;3,36;188;16,3;ei
2026-07-23;3,13;184;15,6;ei
2026-07-24;2,62;174;15,9;ei
2026-07-25;2,2;165;16,2;ei
2026-07-26;1,91;158;16,9;ei
2026-07-27;1,8;155;17,1;ei
2026-07-28;1,85;155;17,2;ei
2026-07-29;1,88;156;17,2;ei
2026-07-30;1,81;154;17,1;ei
2026-07-31;1,63;149;17,7;ei
2026-08-01;1,5;146;18,7;ei
2026-08-02;1,49;145;18,7;ei
2026-08-03;1,43;143;17,9;ei
2026-08-04;1,37;141;17,2;ei
2026-08-05;1,32;140;17,4;ei
2026-08-06;1,28;138;18,2;ei
2026-08-07;1,22;137;18,6;ei
2026-08-08;1,22;137;18;ei
2026-08-09;1,18;136;17,3;ei
2026-08-10;1,17;135;17,3;ei
2026-08-11;1,34;139;17,1;ei
2026-08-12;1,35;139;16,1;ei
2026-08-13;1,3;138;15,4;ei
2026-08-14;1,37;139;15,3;ei
2026-08-15;1,32;138;15,7;ei
2026-08-16;1,25;136;16,3;ei
2026-08-17;1,19;135;16,7;ei
2026-08-18;1,15;134;16,1;ei
2026-08-19;1,12;133;15,3;ei
2026-08-20;1,1;132;15;ei
2026-08-21;1,2;135;15,4;ei
2026-08-22;1,31;137;15,1;ei
2026-08-23;1,76;147;14,3;ei
2026-08-24;2,34;159;14,4;ei
2026-08-25;2,45;160;14,8;ei
2026-08-26;2,24;156;14,6;ei
2026-08-27;1,97;151;14,7;ei
2026-08-28;1,76;146;14,7;ei
2026-08-29;1,61;143;15;ei
2026-08-30;1,61;143;15,3;ei
2026-08-31;1,62;143;15,5;ei
2026-09-01;1,71;145;15,5;ei
2026-09-02;4,87;198;15,6;ei
2026-09-03;5,02;200;15,3;ei
2026-09-04;5;199;15;ei
2026-09-05;8,78;244;14,8;ei
2026-09-06;11,9;274;14,5;ei
2026-09-07;10,3;256;13,8;ei
2026-09-08;8,46;235;14;ei
2026-09-09;6,64;213;14,5;ei
2026-09-10;5,1;193;14,8;ei
2026-09-11;4,51;184;14,2;ei
2026-09-12;4,15;179;13,4;ei
2026-09-13;3,85;175;13,3;ei
2026-09-14;3,46;169;13,7;ei
2026-09-15;3,15;165;13;ei
2026-09-16;2,88;160;12,9;ei
2026-09-17;2,73;158;13,4;ei
2026-09-18;2,56;155;13;ei
2026-09-19;2,46;153;13,1;ei
2026-09-20;2,61;156;13,3;ei
2026-09-21;2,87;160;13;ei
2026-09-22;2,58;155;12,5;ei
2026-09-23;2,71;158;12,1;ei
