kuupäev;vooluhulk_m3s;veetase_cm;veetemp_c;valideeritud
1922-01-01;7,56;;;jah
1922-01-02;7,29;;;jah
1922-01-03;7,29;;;jah
1922-01-04;7,02;;;jah
1922-01-05;7,02;;;jah
1922-01-06;6,75;;;jah
1922-01-07;6,75;;;jah
1922-01-08;6,75;;;jah
1922-01-09;6,75;;;jah
1922-01-10;6,75;;;jah
1922-01-11;6,75;;;jah
1922-01-12;7,02;;;jah
1922-01-13;6,75;;;jah
1922-01-14;6,75;;;jah
1922-01-15;6,5;;;jah
1922-01-16;6,5;;;jah
1922-01-17;6,25;;;jah
1922-01-18;6,25;;;jah
1922-01-19;6,25;;;jah
1922-01-20;6;;;jah
1922-01-21;6,25;;;jah
1922-01-22;6,25;;;jah
1922-01-23;6;;;jah
1922-01-24;6;;;jah
1922-01-25;6;;;jah
1922-01-26;6;;;jah
1922-01-27;6;;;jah
1922-01-28;6;;;jah
1922-01-29;6;;;jah
1922-01-30;6;;;jah
1922-01-31;6;;;jah
1922-02-01;6;;;jah
1922-02-02;6;;;jah
1922-02-03;6;;;jah
1922-02-04;6;;;jah
1922-02-05;6;;;jah
1922-02-06;6;;;jah
1922-02-07;6;;;jah
1922-02-08;6;;;jah
1922-02-09;6;;;jah
1922-02-10;6;;;jah
1922-02-11;6;;;jah
1922-02-12;5,8;;;jah
1922-02-13;5,8;;;jah
1922-02-14;6;;;jah
1922-02-15;6;;;jah
1922-02-16;6,25;;;jah
1922-02-17;6,25;;;jah
1922-02-18;6;;;jah
1922-02-19;6;;;jah
1922-02-20;6;;;jah
1922-02-21;5,8;;;jah
1922-02-22;5,8;;;jah
1922-02-23;6;;;jah
1922-02-24;6,25;;;jah
1922-02-25;6,25;;;jah
1922-02-26;6,25;;;jah
1922-02-27;6,25;;;jah
1922-02-28;6,25;;;jah
1922-03-01;6,65;;;jah
1922-03-02;7,9;;;jah
1922-03-03;8,82;;;jah
1922-03-04;12,4;;;jah
1922-03-05;17,8;;;jah
1922-03-06;25,2;;;jah
1922-03-07;29,5;;;jah
1922-03-08;35,2;;;jah
1922-03-09;37,3;;;jah
1922-03-10;32,7;;;jah
1922-03-11;37,3;;;jah
1922-03-12;40,9;;;jah
1922-03-13;43,8;;;jah
1922-03-14;40,9;;;jah
1922-03-15;38,8;;;jah
1922-03-16;40,2;;;jah
1922-03-17;37,3;;;jah
1922-03-18;35,2;;;jah
1922-03-19;36,6;;;jah
1922-03-20;33,3;;;jah
1922-03-21;33,3;;;jah
1922-03-22;33,3;;;jah
1922-03-23;31,4;;;jah
1922-03-24;28,9;;;jah
1922-03-25;27,1;;;jah
1922-03-26;24,6;;;jah
1922-03-27;26,5;;;jah
1922-03-28;29,5;;;jah
1922-03-29;33,3;;;jah
1922-03-30;34,5;;;jah
1922-03-31;34,5;;;jah
1922-04-01;31,9;;;jah
1922-04-02;32,9;;;jah
1922-04-03;30,4;;;jah
1922-04-04;36,1;;;jah
1922-04-05;39,7;;;jah
1922-04-06;39,2;;;jah
1922-04-07;36,1;;;jah
1922-04-08;38,1;;;jah
1922-04-09;37,1;;;jah
1922-04-10;38,1;;;jah
1922-04-11;36,6;;;jah
1922-04-12;29,9;;;jah
1922-04-13;27,3;;;jah
1922-04-14;31,4;;;jah
1922-04-15;46,2;;;jah
1922-04-16;84,8;;;jah
1922-04-17;172;;;jah
1922-04-18;408;;;jah
1922-04-19;406;;;jah
1922-04-20;575;;;jah
1922-04-21;642;;;jah
1922-04-22;684;;;jah
1922-04-23;662;;;jah
1922-04-24;599;;;jah
1922-04-25;563;;;jah
1922-04-26;524;;;jah
1922-04-27;499;;;jah
1922-04-28;474;;;jah
1922-04-29;434;;;jah
1922-04-30;391;;;jah
1922-05-01;332;;;jah
1922-05-02;302;;;jah
1922-05-03;298;;;jah
1922-05-04;271;;;jah
1922-05-05;244;;;jah
1922-05-06;216;;;jah
1922-05-07;187;;;jah
1922-05-08;158;;;jah
1922-05-09;125;;;jah
1922-05-10;103;;;jah
1922-05-11;88,3;;;jah
1922-05-12;88,3;;;jah
1922-05-13;86,2;;;jah
1922-05-14;78;;;jah
1922-05-15;73,1;;;jah
1922-05-16;68,4;;;jah
1922-05-17;59,2;;;jah
1922-05-18;54,6;;;jah
1922-05-19;58,3;;;jah
1922-05-20;56,4;;;jah
1922-05-21;51;;;jah
1922-05-22;47,4;;;jah
1922-05-23;38,2;;;jah
1922-05-24;30,8;;;jah
1922-05-25;30,8;;;jah
1922-05-26;28,7;;;jah
1922-05-27;16;;;jah
1922-05-28;10,2;;;jah
1922-05-29;9,85;;;jah
1922-05-30;9,3;;;jah
1922-05-31;8,34;;;jah
1922-06-01;7,14;;;jah
1922-06-02;7,98;;;jah
1922-06-03;8,4;;;jah
1922-06-04;7,14;;;jah
1922-06-05;9,66;;;jah
1922-06-06;9,24;;;jah
1922-06-07;7,98;;;jah
1922-06-08;7,14;;;jah
1922-06-09;7,14;;;jah
1922-06-10;7,56;;;jah
1922-06-11;7,98;;;jah
1922-06-12;7,14;;;jah
1922-06-13;8,4;;;jah
1922-06-14;11,4;;;jah
1922-06-15;9,66;;;jah
1922-06-16;30;;;jah
1922-06-17;35,4;;;jah
1922-06-18;38,9;;;jah
1922-06-19;42,4;;;jah
1922-06-20;48,9;;;jah
1922-06-21;51,6;;;jah
1922-06-22;55,2;;;jah
1922-06-23;49,8;;;jah
1922-06-24;37,5;;;jah
1922-06-25;31,3;;;jah
1922-06-26;28,7;;;jah
1922-06-27;30;;;jah
1922-06-28;26,1;;;jah
1922-06-29;32;;;jah
1922-06-30;36,8;;;jah
1922-07-01;23,9;;;jah
1922-07-02;22,9;;;jah
1922-07-03;19,3;;;jah
1922-07-04;20,2;;;jah
1922-07-05;22,3;;;jah
1922-07-06;23,4;;;jah
1922-07-07;21,2;;;jah
1922-07-08;16,9;;;jah
1922-07-09;15,9;;;jah
1922-07-10;15,5;;;jah
1922-07-11;14,7;;;jah
1922-07-12;13;;;jah
1922-07-13;14,3;;;jah
1922-07-14;14,7;;;jah
1922-07-15;15,1;;;jah
1922-07-16;15,9;;;jah
1922-07-17;17,8;;;jah
1922-07-18;17,8;;;jah
1922-07-19;17,3;;;jah
1922-07-20;17,8;;;jah
1922-07-21;15,5;;;jah
1922-07-22;16,9;;;jah
1922-07-23;15,9;;;jah
1922-07-24;15,5;;;jah
1922-07-25;15,1;;;jah
1922-07-26;15,9;;;jah
1922-07-27;15,1;;;jah
1922-07-28;13;;;jah
1922-07-29;18,8;;;jah
1922-07-30;18,8;;;jah
1922-07-31;14,3;;;jah
1922-08-01;11,9;;;jah
1922-08-02;9,24;;;jah
1922-08-03;9,59;;;jah
1922-08-04;8,88;;;jah
1922-08-05;12,3;;;jah
1922-08-06;11,9;14;;jah
1922-08-07;13,1;17;;jah
1922-08-08;12,7;16;;jah
1922-08-09;12,7;16;;jah
1922-08-10;13,5;18;;jah
1922-08-11;13,1;17;;jah
1922-08-12;14,3;20;;jah
1922-08-13;15,2;22;;jah
1922-08-14;16,9;26;;jah
1922-08-15;16,4;25;;jah
1922-08-16;17,7;28;;jah
1922-08-17;19,1;31;;jah
1922-08-18;22,7;38;;jah
1922-08-19;20,1;33;;jah
1922-08-20;26,1;44;;jah
1922-08-21;38,2;62;;jah
1922-08-22;40,4;65;;jah
1922-08-23;36,7;60;;jah
1922-08-24;36,7;60;;jah
1922-08-25;37,4;61;;jah
1922-08-26;38,2;62;;jah
1922-08-27;31,2;52;;jah
1922-08-28;28;47;;jah
1922-08-29;24,3;41;;jah
1922-08-30;21,2;35;;jah
1922-08-31;21;31;;jah
1922-09-01;20,8;26;;jah
1922-09-02;20,6;26;;jah
1922-09-03;17;20;;jah
1922-09-04;16,4;19;;jah
1922-09-05;14;15;;jah
1922-09-06;10,5;9;;jah
1922-09-07;11,6;11;;jah
1922-09-08;10,5;9;;jah
1922-09-09;10,5;9;;jah
1922-09-10;10;8;;jah
1922-09-11;9,5;7;;jah
1922-09-12;9,5;7;;jah
1922-09-13;8,5;5;;jah
1922-09-14;8,5;5;;jah
1922-09-15;9;6;;jah
1922-09-16;8;4;;jah
1922-09-17;6;0;;jah
1922-09-18;5,62;-1;;jah
1922-09-19;9;6;;jah
1922-09-20;9,5;7;;jah
1922-09-21;7,5;3;;jah
1922-09-22;8,5;5;;jah
1922-09-23;10;8;;jah
1922-09-24;8;4;;jah
1922-09-25;8;4;;jah
1922-09-26;8;4;;jah
1922-09-27;10;8;;jah
1922-09-28;11;10;;jah
1922-09-29;11,6;11;;jah
1922-09-30;10;8;;jah
1922-10-01;9,5;5;;jah
1922-10-02;10,4;7;;jah
1922-10-03;9,96;6;;jah
1922-10-04;10,9;8;;jah
1922-10-05;11,8;10;;jah
1922-10-06;11,8;10;;jah
1922-10-07;11,8;10;;jah
1922-10-08;11,8;10;;jah
1922-10-09;12,8;12;;jah
1922-10-10;11,3;9;;jah
1922-10-11;9,5;5;;jah
1922-10-12;9,96;6;;jah
1922-10-13;9,96;6;;jah
1922-10-14;9,96;6;;jah
1922-10-15;9,5;5;;jah
1922-10-16;10,9;8;;jah
1922-10-17;10,4;7;;jah
1922-10-18;9,04;4;;jah
1922-10-19;10,4;7;;jah
1922-10-20;10,9;8;;jah
1922-10-21;9,5;5;;jah
1922-10-22;9,04;4;;jah
1922-10-23;9,96;6;;jah
1922-10-24;9,96;6;;jah
1922-10-25;9,96;6;;jah
1922-10-26;9,96;6;;jah
1922-10-27;9,96;6;;jah
1922-10-28;11,3;9;;jah
1922-10-29;10,9;8;;jah
1922-10-30;12,3;11;;jah
1922-10-31;11,3;9;;jah
1922-11-01;13,5;11;;jah
1922-11-02;13,5;11;;jah
1922-11-03;15,2;14;;jah
1922-11-04;20,6;23;;jah
1922-11-05;31,2;39;;jah
1922-11-06;47,9;62;;jah
1922-11-07;50,6;71;;jah
1922-11-08;44;62;;jah
1922-11-09;47,2;61;;jah
1922-11-10;49,4;64;;jah
1922-11-11;44,2;57;;jah
1922-11-12;42,7;55;;jah
1922-11-13;43,4;56;;jah
1922-11-14;43,4;56;;jah
1922-11-15;44,9;58;;jah
1922-11-16;49,4;64;;jah
1922-11-17;51,7;67;;jah
1922-11-18;51;66;;jah
1922-11-19;48,7;63;;jah
1922-11-20;42;54;;jah
1922-11-21;33,3;42;;jah
1922-11-22;34;43;;jah
1922-11-23;38,3;49;;jah
1922-11-24;43,4;56;;jah
1922-11-25;47,2;61;;jah
1922-11-26;31,8;45;;jah
1922-11-27;29,7;42;;jah
1922-11-28;22,6;69;;jah
1922-11-29;21,7;66;;jah
1922-11-30;21,7;66;;jah
1922-12-01;22,6;69;;jah
1922-12-02;21,2;64;;jah
1922-12-03;19,5;58;;jah
1922-12-04;22,3;68;;jah
1922-12-05;22,3;68;;jah
1922-12-06;22,3;68;;jah
1922-12-07;19;56;;jah
1922-12-08;17,9;52;;jah
1922-12-09;17,4;50;;jah
1922-12-10;16,2;45;;jah
1922-12-11;17,2;49;;jah
1922-12-12;14,9;40;;jah
1922-12-13;14;36;;jah
1922-12-14;13,8;35;;jah
1922-12-15;13,1;32;;jah
1922-12-16;13,3;33;;jah
1922-12-17;14,2;37;;jah
1922-12-18;14,7;39;;jah
1922-12-19;14,9;40;;jah
1922-12-20;16,2;45;;jah
1922-12-21;22,6;69;;jah
1922-12-22;21,4;65;;jah
1922-12-23;14,7;39;;jah
1922-12-24;9,8;17;;jah
1922-12-25;9,6;16;;jah
1922-12-26;9,6;16;;jah
1922-12-27;9,4;15;;jah
1922-12-28;9,8;17;;jah
1922-12-29;11,1;23;;jah
1922-12-30;10,4;20;;jah
1922-12-31;10;18;;jah
1923-01-01;14,1;36;;jah
1923-01-02;56,5;140;;jah
1923-01-03;65,8;157;;jah
1923-01-04;61,9;150;;jah
1923-01-05;45;116;;jah
1923-01-06;35,6;95;;jah
1923-01-07;29,4;80;;jah
1923-01-08;25,1;69;;jah
1923-01-09;21,6;59;;jah
1923-01-10;20,5;56;;jah
1923-01-11;19,9;54;;jah
1923-01-12;18,8;51;;jah
1923-01-13;18,5;50;;jah
1923-01-14;17,9;48;;jah
1923-01-15;15,6;41;;jah
1923-01-16;15;39;;jah
1923-01-17;14,1;36;;jah
1923-01-18;14,4;37;;jah
1923-01-19;15;39;;jah
1923-01-20;16,9;45;;jah
1923-01-21;15,6;41;;jah
1923-01-22;13,6;34;;jah
1923-01-23;11,9;28;;jah
1923-01-24;11,2;25;;jah
1923-01-25;11,2;25;;jah
1923-01-26;12,2;29;;jah
1923-01-27;12,7;31;;jah
1923-01-28;13,3;33;;jah
1923-01-29;14,1;36;;jah
1923-01-30;15,6;41;;jah
1923-01-31;15,9;42;;jah
1923-02-01;14,7;42;;jah
1923-02-02;14;40;;jah
1923-02-03;11,4;32;;jah
1923-02-04;10,4;28;;jah
1923-02-05;10,8;30;;jah
1923-02-06;10,2;27;;jah
1923-02-07;9,72;25;;jah
1923-02-08;8,46;19;;jah
1923-02-09;8,46;19;;jah
1923-02-10;8,46;19;;jah
1923-02-11;8,65;20;;jah
1923-02-12;8,46;19;;jah
1923-02-13;8,1;17;;jah
1923-02-14;7,72;15;;jah
1923-02-15;6,98;11;;jah
1923-02-16;6,47;8;;jah
1923-02-17;6,3;7;;jah
1923-02-18;6,3;7;;jah
1923-02-19;6,3;7;;jah
1923-02-20;5,97;5;;jah
1923-02-21;5,97;5;;jah
1923-02-22;5,67;3;;jah
1923-02-23;5,67;3;;jah
1923-02-24;5,52;2;;jah
1923-02-25;5,37;1;;jah
1923-02-26;5,22;0;;jah
1923-02-27;4,93;-2;;jah
1923-02-28;4,93;-2;;jah
1923-03-01;5,29;1;;jah
1923-03-02;6,05;5;;jah
1923-03-03;6,62;8;;jah
1923-03-04;5,48;2;;jah
1923-03-05;5,29;1;;jah
1923-03-06;5,48;2;;jah
1923-03-07;5,67;3;;jah
1923-03-08;5,67;3;;jah
1923-03-09;5,67;3;;jah
1923-03-10;5,67;3;;jah
1923-03-11;5,48;2;;jah
1923-03-12;5,67;3;;jah
1923-03-13;5,29;1;;jah
1923-03-14;5,1;0;;jah
1923-03-15;5,1;0;;jah
1923-03-16;5,29;1;;jah
1923-03-17;5,29;1;;jah
1923-03-18;5,48;2;;jah
1923-03-19;6,05;5;;jah
1923-03-20;6,81;9;;jah
1923-03-21;9,6;20;;jah
1923-03-22;21,1;47;;jah
1923-03-23;43;81;;jah
1923-03-24;66,6;112;;jah
1923-03-25;84,1;133;;jah
1923-03-26;123;176;;jah
1923-03-27;104;156;;jah
1923-03-28;101;153;;jah
1923-03-29;101;153;;jah
1923-03-30;102;154;;jah
1923-03-31;94,2;145;;jah
1923-04-01;76,3;111;;jah
1923-04-02;69,2;101;;jah
1923-04-03;61,7;89;;jah
1923-04-04;56,8;79;;jah
1923-04-05;54;75;;jah
1923-04-06;52,5;68;;jah
1923-04-07;51,9;66;;jah
1923-04-08;52,2;67;;jah
1923-04-09;54;73;;jah
1923-04-10;54,1;68;;jah
1923-04-11;55,8;70;;jah
1923-04-12;55,8;70;;jah
1923-04-13;49,1;62;;jah
1923-04-14;47,4;60;;jah
1923-04-15;45,2;57;;jah
1923-04-16;50,8;64;;jah
1923-04-17;47,4;60;;jah
1923-04-18;42,9;54;;jah
1923-04-19;43,6;55;;jah
1923-04-20;46,6;59;;jah
1923-04-21;51,6;65;;jah
1923-04-22;53,3;67;;jah
1923-04-23;45,9;58;;jah
1923-04-24;42,2;53;;jah
1923-04-25;38,5;48;;jah
1923-04-26;35;43;;jah
1923-04-27;49,1;62;;jah
1923-04-28;137;148;;jah
1923-04-29;144;154;;jah
1923-04-30;132;144;;jah
1923-05-01;113;131;;jah
1923-05-02;110;128;;jah
1923-05-03;113;131;;jah
1923-05-04;110;128;;jah
1923-05-05;95,7;115;;jah
1923-05-06;84,2;104;;jah
1923-05-07;77,1;97;;jah
1923-05-08;68,4;88;;jah
1923-05-09;60,1;79;;jah
1923-05-10;52,8;71;;jah
1923-05-11;49,2;67;;jah
1923-05-12;48,3;66;;jah
1923-05-13;48,3;66;;jah
1923-05-14;58,3;77;;jah
1923-05-15;60,1;79;;jah
1923-05-16;66,5;86;;jah
1923-05-17;73,1;93;;jah
1923-05-18;74,1;94;;jah
1923-05-19;77,1;97;;jah
1923-05-20;68,4;88;;jah
1923-05-21;60,1;79;;jah
1923-05-22;51;69;;jah
1923-05-23;44,8;62;;jah
1923-05-24;42,2;59;;jah
1923-05-25;43,9;61;;jah
1923-05-26;71,2;91;;jah
1923-05-27;90,4;110;;jah
1923-05-28;118;135;;jah
1923-05-29;218;214;;jah
1923-05-30;216;212;;jah
1923-05-31;206;205;;jah
1923-06-01;192;194;;jah
1923-06-02;176;181;;jah
1923-06-03;127;142;;jah
1923-06-04;89,1;111;;jah
1923-06-05;81,4;104;;jah
1923-06-06;78,1;101;;jah
1923-06-07;73,9;97;;jah
1923-06-08;69,7;93;;jah
1923-06-09;70,8;94;;jah
1923-06-10;146;156;;jah
1923-06-11;159;167;;jah
1923-06-12;155;163;;jah
1923-06-13;149;158;;jah
1923-06-14;141;153;;jah
1923-06-15;129;144;;jah
1923-06-16;115;133;;jah
1923-06-17;103;123;;jah
1923-06-18;95,9;117;;jah
1923-06-19;81,4;104;;jah
1923-06-20;65,6;89;;jah
1923-06-21;59,9;83;;jah
1923-06-22;58;81;;jah
1923-06-23;57;80;;jah
1923-06-24;53,4;76;;jah
1923-06-25;48,9;71;;jah
1923-06-26;40;60;;jah
1923-06-27;36,1;55;;jah
1923-06-28;34;52;;jah
1923-06-29;33,3;51;;jah
1923-06-30;33,3;51;;jah
1923-07-01;32,2;50;;jah
1923-07-02;33,4;52;;jah
1923-07-03;34;53;;jah
1923-07-04;29,8;46;;jah
1923-07-05;27,8;42;;jah
1923-07-06;30,4;47;;jah
1923-07-07;30,4;47;;jah
1923-07-08;29,8;46;;jah
1923-07-09;28,5;44;;jah
1923-07-10;25,6;39;;jah
1923-07-11;23,9;36;;jah
1923-07-12;21,8;32;;jah
1923-07-13;19,3;27;;jah
1923-07-14;18,3;25;;jah
1923-07-15;16,4;21;;jah
1923-07-16;15,9;20;;jah
1923-07-17;15,5;19;;jah
1923-07-18;14,3;16;;jah
1923-07-19;12,6;12;;jah
1923-07-20;11,8;10;;jah
1923-07-21;11,4;9;;jah
1923-07-22;11,8;10;;jah
1923-07-23;12,6;12;;jah
1923-07-24;14,3;16;;jah
1923-07-25;15,1;18;;jah
1923-07-26;15,9;20;;jah
1923-07-27;16,4;21;;jah
1923-07-28;18,3;25;;jah
1923-07-29;18,8;26;;jah
1923-07-30;19,7;28;;jah
1923-07-31;20,7;30;;jah
1923-08-01;18,6;30;;jah
1923-08-02;17,7;28;;jah
1923-08-03;19,6;32;;jah
1923-08-04;26,8;45;;jah
1923-08-05;30,5;51;;jah
1923-08-06;29,8;50;;jah
1923-08-07;31,2;52;;jah
1923-08-08;32,6;54;;jah
1923-08-09;34,6;57;;jah
1923-08-10;36;59;;jah
1923-08-11;40,4;65;;jah
1923-08-12;41,8;67;;jah
1923-08-13;41,1;66;;jah
1923-08-14;37,4;61;;jah
1923-08-15;33,2;55;;jah
1923-08-16;39,6;64;;jah
1923-08-17;69,1;102;;jah
1923-08-18;72,4;106;;jah
1923-08-19;77,3;112;;jah
1923-08-20;83,3;119;;jah
1923-08-21;79;114;;jah
1923-08-22;69,1;102;;jah
1923-08-23;57,1;87;;jah
1923-08-24;47;74;;jah
1923-08-25;41,8;67;;jah
1923-08-26;37,4;61;;jah
1923-08-27;30,5;51;;jah
1923-08-28;26,1;44;;jah
1923-08-29;29,2;49;;jah
1923-08-30;31,2;52;;jah
1923-08-31;30,5;51;;jah
1923-09-01;38,1;52;;jah
1923-09-02;38,1;52;;jah
1923-09-03;39,6;54;;jah
1923-09-04;43,3;59;;jah
1923-09-05;46,4;63;;jah
1923-09-06;65,6;87;;jah
1923-09-07;76,3;100;;jah
1923-09-08;73;96;;jah
1923-09-09;70,5;93;;jah
1923-09-10;68;90;;jah
1923-09-11;64,8;86;;jah
1923-09-12;60;80;;jah
1923-09-13;53,6;72;;jah
1923-09-14;48;65;;jah
1923-09-15;45,6;62;;jah
1923-09-16;43,3;59;;jah
1923-09-17;40,3;55;;jah
1923-09-18;36,6;50;;jah
1923-09-19;31,8;43;;jah
1923-09-20;29,7;40;;jah
1923-09-21;28,4;38;;jah
1923-09-22;27;36;;jah
1923-09-23;25,7;34;;jah
1923-09-24;29;39;;jah
1923-09-25;38,1;52;;jah
1923-09-26;38,1;52;;jah
1923-09-27;37,3;51;;jah
1923-09-28;36,6;50;;jah
1923-09-29;38,8;53;;jah
1923-09-30;38,8;53;;jah
1923-10-01;36,2;51;;jah
1923-10-02;36,2;51;;jah
1923-10-03;37;52;;jah
1923-10-04;38,7;54;;jah
1923-10-05;37,8;53;;jah
1923-10-06;40,4;56;;jah
1923-10-07;46,4;63;;jah
1923-10-08;75,4;95;;jah
1923-10-09;86,4;106;;jah
1923-10-10;90,5;110;;jah
1923-10-11;101;120;;jah
1923-10-12;112;130;;jah
1923-10-13;123;140;;jah
1923-10-14;127;144;;jah
1923-10-15;119;136;;jah
1923-10-16;108;126;;jah
1923-10-17;102;121;;jah
1923-10-18;101;120;;jah
1923-10-19;101;120;;jah
1923-10-20;96,8;116;;jah
1923-10-21;98,9;118;;jah
1923-10-22;101;120;;jah
1923-10-23;97,8;117;;jah
1923-10-24;95,8;115;;jah
1923-10-25;103;122;;jah
1923-10-26;120;137;;jah
1923-10-27;131;147;;jah
1923-10-28;134;150;;jah
1923-10-29;133;149;;jah
1923-10-30;140;155;;jah
1923-10-31;174;183;;jah
1923-11-01;185;195;;jah
1923-11-02;185;195;;jah
1923-11-03;189;198;;jah
1923-11-04;244;236;;jah
1923-11-05;276;257;;jah
1923-11-06;364;306;;jah
1923-11-07;400;324;;jah
1923-11-08;356;302;;jah
1923-11-09;305;275;;jah
1923-11-10;384;316;;jah
1923-11-11;380;314;;jah
1923-11-12;376;312;;jah
1923-11-13;392;320;;jah
1923-11-14;396;322;;jah
1923-11-15;400;314;;jah
1923-11-16;354;301;;jah
1923-11-17;335;291;;jah
1923-11-18;315;280;;jah
1923-11-19;290;266;;jah
1923-11-20;276;257;;jah
1923-11-21;503;271;;jah
1923-11-22;494;367;;jah
1923-11-23;449;347;;jah
1923-11-24;428;337;;jah
1923-11-25;375;312;;jah
1923-11-26;325;289;;jah
1923-11-27;290;268;;jah
1923-11-28;259;250;;jah
1923-11-29;214;221;;jah
1923-11-30;183;200;;jah
1923-12-01;160;193;;jah
1923-12-02;110;158;;jah
1923-12-03;93,9;145;;jah
1923-12-04;93,9;145;;jah
1923-12-05;126;138;;jah
1923-12-06;119;132;;jah
1923-12-07;121;134;;jah
1923-12-08;136;147;;jah
1923-12-09;152;161;;jah
1923-12-10;177;182;;jah
1923-12-11;227;221;;jah
1923-12-12;257;243;;jah
1923-12-13;285;262;;jah
1923-12-14;333;290;;jah
1923-12-15;346;297;;jah
1923-12-16;324;285;;jah
1923-12-17;293;267;;jah
1923-12-18;239;238;;jah
1923-12-19;201;218;;jah
1923-12-20;153;188;;jah
1923-12-21;130;142;;jah
1923-12-22;124;136;;jah
1923-12-23;74,2;139;;jah
1923-12-24;75,1;140;;jah
1923-12-25;76,1;141;;jah
1923-12-26;77,1;142;;jah
1923-12-27;79,1;144;;jah
1923-12-28;74,2;139;;jah
1923-12-29;71,4;136;;jah
1923-12-30;70,4;135;;jah
1923-12-31;68,6;133;;jah
1924-01-01;49,2;125;;jah
1924-01-02;48,2;123;;jah
1924-01-03;47,8;122;;jah
1924-01-04;46,8;120;;jah
1924-01-05;46,3;119;;jah
1924-01-06;45,9;118;;jah
1924-01-07;45;116;;jah
1924-01-08;43,6;113;;jah
1924-01-09;42,2;110;;jah
1924-01-10;40,4;106;;jah
1924-01-11;38,6;102;;jah
1924-01-12;36,8;98;;jah
1924-01-13;35,6;95;;jah
1924-01-14;33,8;91;;jah
1924-01-15;32,6;88;;jah
1924-01-16;31;84;;jah
1924-01-17;29,4;80;;jah
1924-01-18;27,8;76;;jah
1924-01-19;25,5;70;;jah
1924-01-20;23;63;;jah
1924-01-21;23;63;;jah
1924-01-22;23,7;65;;jah
1924-01-23;21,2;58;;jah
1924-01-24;19,5;53;;jah
1924-01-25;18,5;50;;jah
1924-01-26;17,9;48;;jah
1924-01-27;18,2;49;;jah
1924-01-28;18,5;50;;jah
1924-01-29;17,2;46;;jah
1924-01-30;16,6;44;;jah
1924-01-31;16,3;43;;jah
1924-02-01;14;40;;jah
1924-02-02;15,5;44;;jah
1924-02-03;15,1;43;;jah
1924-02-04;15,5;44;;jah
1924-02-05;15,5;44;;jah
1924-02-06;15,8;45;;jah
1924-02-07;15,8;45;;jah
1924-02-08;15,5;44;;jah
1924-02-09;15,5;44;;jah
1924-02-10;15,1;43;;jah
1924-02-11;14,7;42;;jah
1924-02-12;14,7;42;;jah
1924-02-13;14,4;41;;jah
1924-02-14;14;40;;jah
1924-02-15;13,7;39;;jah
1924-02-16;13,7;39;;jah
1924-02-17;13,4;38;;jah
1924-02-18;13,4;38;;jah
1924-02-19;13;37;;jah
1924-02-20;12,7;36;;jah
1924-02-21;12,7;36;;jah
1924-02-22;13,4;38;;jah
1924-02-23;13,7;39;;jah
1924-02-24;13,7;39;;jah
1924-02-25;14,7;42;;jah
1924-02-26;15,8;45;;jah
1924-02-27;15,5;44;;jah
1924-02-28;15,1;43;;jah
1924-02-29;15,1;43;;jah
1924-03-01;18,9;43;;jah
1924-03-02;18,9;43;;jah
1924-03-03;19,4;44;;jah
1924-03-04;20;45;;jah
1924-03-05;20,6;46;;jah
1924-03-06;18,3;42;;jah
1924-03-07;19,4;44;;jah
1924-03-08;20;45;;jah
1924-03-09;20,6;46;;jah
1924-03-10;18,9;43;;jah
1924-03-11;19,4;44;;jah
1924-03-12;19,4;44;;jah
1924-03-13;20;45;;jah
1924-03-14;20;45;;jah
1924-03-15;19,4;44;;jah
1924-03-16;19,4;44;;jah
1924-03-17;19,4;44;;jah
1924-03-18;19,4;44;;jah
1924-03-19;18,9;43;;jah
1924-03-20;18,9;43;;jah
1924-03-21;18,9;43;;jah
1924-03-22;18,9;43;;jah
1924-03-23;18,9;43;;jah
1924-03-24;19,4;44;;jah
1924-03-25;20;45;;jah
1924-03-26;21,7;48;;jah
1924-03-27;25,2;54;;jah
1924-03-28;29,5;61;;jah
1924-03-29;35,2;70;;jah
1924-03-30;43,8;82;;jah
1924-03-31;46;85;;jah
1924-04-01;49,6;91;;jah
1924-04-02;63,4;112;;jah
1924-04-03;75,8;130;;jah
1924-04-04;79,4;135;;jah
1924-04-05;82,2;139;;jah
1924-04-06;125;192;;jah
1924-04-07;141;210;;jah
1924-04-08;162;229;;jah
1924-04-09;179;241;;jah
1924-04-10;200;254;;jah
1924-04-11;268;;;jah
1924-04-12;369;317;;jah
1924-04-13;327;305;;jah
1924-04-14;340;309;;jah
1924-04-15;369;317;;jah
1924-04-16;400;325;;jah
1924-04-17;424;335;;jah
1924-04-18;402;325;;jah
1924-04-19;430;338;;jah
1924-04-20;474;358;;jah
1924-04-21;485;363;;jah
1924-04-22;478;360;;jah
1924-04-23;480;361;;jah
1924-04-24;443;344;;jah
1924-04-25;372;310;;jah
1924-04-26;337;292;;jah
1924-04-27;287;263;;jah
1924-04-28;254;241;;jah
1924-04-29;209;207;;jah
1924-04-30;181;185;;jah
1924-05-01;163;170;;jah
1924-05-02;152;161;;jah
1924-05-03;147;157;;jah
1924-05-04;150;159;;jah
1924-05-05;151;160;;jah
1924-05-06;152;161;;jah
1924-05-07;149;158;;jah
1924-05-08;143;153;;jah
1924-05-09;147;157;;jah
1924-05-10;180;184;;jah
1924-05-11;199;199;;jah
1924-05-12;175;180;;jah
1924-05-13;139;150;;jah
1924-05-14;119;136;;jah
1924-05-15;102;121;;jah
1924-05-16;89,4;109;;jah
1924-05-17;78;98;;jah
1924-05-18;70,2;90;;jah
1924-05-19;61;80;;jah
1924-05-20;54,6;73;;jah
1924-05-21;52,8;71;;jah
1924-05-22;53,7;72;;jah
1924-05-23;52,8;71;;jah
1924-05-24;49,2;67;;jah
1924-05-25;49,2;67;;jah
1924-05-26;46,6;64;;jah
1924-05-27;43;60;;jah
1924-05-28;39;55;;jah
1924-05-29;32,9;47;;jah
1924-05-30;30,1;43;;jah
1924-05-31;28;40;;jah
1924-06-01;21,5;32;;jah
1924-06-02;19,3;28;;jah
1924-06-03;17,8;25;;jah
1924-06-04;16,7;23;;jah
1924-06-05;15,1;20;;jah
1924-06-06;16,7;23;;jah
1924-06-07;21,5;32;;jah
1924-06-08;19,3;28;;jah
1924-06-09;19,9;29;;jah
1924-06-10;18,8;27;;jah
1924-06-11;17,2;24;;jah
1924-06-12;19,3;28;;jah
1924-06-13;23,8;36;;jah
1924-06-14;26,8;41;;jah
1924-06-15;31,3;48;;jah
1924-06-16;47,2;69;;jah
1924-06-17;52,5;75;;jah
1924-06-18;51,6;74;;jah
1924-06-19;41,6;62;;jah
1924-06-20;35,4;54;;jah
1924-06-21;30,6;47;;jah
1924-06-22;24,4;37;;jah
1924-06-23;23,8;36;;jah
1924-06-24;23,8;36;;jah
1924-06-25;21,5;32;;jah
1924-06-26;22,1;33;;jah
1924-06-27;23,2;35;;jah
1924-06-28;19,9;29;;jah
1924-06-29;17,8;25;;jah
1924-06-30;17,2;24;;jah
1924-07-01;17,4;22;;jah
1924-07-02;14,1;16;;jah
1924-07-03;13;14;;jah
1924-07-04;13;14;;jah
1924-07-05;14,6;17;;jah
1924-07-06;16,2;20;;jah
1924-07-07;17,4;22;;jah
1924-07-08;16,2;20;;jah
1924-07-09;15,6;19;;jah
1924-07-10;14,6;17;;jah
1924-07-11;16,8;21;;jah
1924-07-12;15,6;19;;jah
1924-07-13;16,2;20;;jah
1924-07-14;15,6;19;;jah
1924-07-15;16,2;20;;jah
1924-07-16;15,1;18;;jah
1924-07-17;14,1;16;;jah
1924-07-18;13,6;15;;jah
1924-07-19;14,1;16;;jah
1924-07-20;15,1;18;;jah
1924-07-21;14,4;16;;jah
1924-07-22;14,1;16;;jah
1924-07-23;12,5;13;;jah
1924-07-24;10,6;9;;jah
1924-07-25;11;10;;jah
1924-07-26;13;14;;jah
1924-07-27;12,5;13;;jah
1924-07-28;11,5;11;;jah
1924-07-29;10,2;8;;jah
1924-07-30;9,05;5;;jah
1924-07-31;10,2;8;;jah
1924-08-01;9,94;9;;jah
1924-08-02;9,24;7;;jah
1924-08-03;9,94;9;;jah
1924-08-04;8,88;6;;jah
1924-08-05;11,5;13;;jah
1924-08-06;10,3;10;;jah
1924-08-07;8,88;6;;jah
1924-08-08;9,24;7;;jah
1924-08-09;11,5;13;;jah
1924-08-10;13,5;18;;jah
1924-08-11;15,6;23;;jah
1924-08-12;16;24;;jah
1924-08-13;16,4;25;;jah
1924-08-14;16,9;26;;jah
1924-08-15;18,2;29;;jah
1924-08-16;18,6;30;;jah
1924-08-17;18,2;29;;jah
1924-08-18;17,7;28;;jah
1924-08-19;17,3;27;;jah
1924-08-20;16,9;26;;jah
1924-08-21;17,3;27;;jah
1924-08-22;22,7;38;;jah
1924-08-23;41,1;66;;jah
1924-08-24;51,6;80;;jah
1924-08-25;61,9;93;;jah
1924-08-26;64,3;96;;jah
1924-08-27;64,3;96;;jah
1924-08-28;60,3;91;;jah
1924-08-29;57,9;88;;jah
1924-08-30;54,8;84;;jah
1924-08-31;47,8;75;;jah
1924-09-01;45,6;62;;jah
1924-09-02;41;56;;jah
1924-09-03;37,3;51;;jah
1924-09-04;34,5;47;;jah
1924-09-05;29;39;;jah
1924-09-06;22,4;29;;jah
1924-09-07;17,6;21;;jah
1924-09-08;25,7;34;;jah
1924-09-09;28,4;38;;jah
1924-09-10;33,8;46;;jah
1924-09-11;41,8;57;;jah
1924-09-12;64,8;86;;jah
1924-09-13;78,1;102;;jah
1924-09-14;77,2;101;;jah
1924-09-15;73;96;;jah
1924-09-16;71,3;94;;jah
1924-09-17;67,2;89;;jah
1924-09-18;62,4;83;;jah
1924-09-19;65,6;87;;jah
1924-09-20;64,8;86;;jah
1924-09-21;64;85;;jah
1924-09-22;79;103;;jah
1924-09-23;74,6;98;;jah
1924-09-24;72,2;95;;jah
1924-09-25;72,2;95;;jah
1924-09-26;71,3;94;;jah
1924-09-27;74,6;98;;jah
1924-09-28;79,9;104;;jah
1924-09-29;90,8;116;;jah
1924-09-30;100;126;;jah
1924-10-01;118;135;;jah
1924-10-02;116;134;;jah
1924-10-03;112;130;;jah
1924-10-04;103;122;;jah
1924-10-05;87,4;107;;jah
1924-10-06;69,5;89;;jah
1924-10-07;61,1;80;;jah
1924-10-08;55,8;74;;jah
1924-10-09;52,3;70;;jah
1924-10-10;49,8;67;;jah
1924-10-11;49;66;;jah
1924-10-12;46,4;63;;jah
1924-10-13;45,5;62;;jah
1924-10-14;43,8;60;;jah
1924-10-15;40,4;56;;jah
1924-10-16;37,8;53;;jah
1924-10-17;33,1;47;;jah
1924-10-18;33,8;48;;jah
1924-10-19;47,2;64;;jah
1924-10-20;54,9;73;;jah
1924-10-21;51,5;69;;jah
1924-10-22;54,1;72;;jah
1924-10-23;89,5;109;;jah
1924-10-24;89,5;109;;jah
1924-10-25;83,4;103;;jah
1924-10-26;80,3;100;;jah
1924-10-27;76,3;96;;jah
1924-10-28;73,4;93;;jah
1924-10-29;70,4;90;;jah
1924-10-30;67,6;87;;jah
1924-10-31;68,5;88;;jah
1924-11-01;73,5;94;;jah
1924-11-02;81,9;104;;jah
1924-11-03;86,2;109;;jah
1924-11-04;88,9;112;;jah
1924-11-05;94,2;118;;jah
1924-11-06;103;128;;jah
1924-11-07;116;141;;jah
1924-11-08;123;148;;jah
1924-11-09;119;144;;jah
1924-11-10;114;139;;jah
1924-11-11;111;136;;jah
1924-11-12;99,6;124;;jah
1924-11-13;83,7;106;;jah
1924-11-14;72,6;93;;jah
1924-11-15;68,5;88;;jah
1924-11-16;56,4;73;;jah
1924-11-17;53,2;69;;jah
1924-11-18;51,7;67;;jah
1924-11-19;56,4;76;;jah
1924-11-20;80,2;102;;jah
1924-11-21;78,5;100;;jah
1924-11-22;93,3;117;;jah
1924-11-23;96;120;;jah
1924-11-24;91,6;115;;jah
1924-11-25;93,3;117;;jah
1924-11-26;96;120;;jah
1924-11-27;96;120;;jah
1924-11-28;94,2;118;;jah
1924-11-29;88;111;;jah
1924-11-30;81,9;104;;jah
1924-12-01;77,8;99;;jah
1924-12-02;79;100;;jah
1924-12-03;109;124;;jah
1924-12-04;80,2;101;;jah
1924-12-05;56,7;82;;jah
1924-12-06;40;68;;jah
1924-12-07;41,2;69;;jah
1924-12-08;59,1;84;;jah
1924-12-09;70,2;93;;jah
1924-12-10;54,2;80;;jah
1924-12-11;44,7;72;;jah
1924-12-12;29,6;58;;jah
1924-12-13;36,6;65;;jah
1924-12-14;33,3;62;;jah
1924-12-15;43,5;71;;jah
1924-12-16;54,2;80;;jah
1924-12-17;45,9;73;;jah
1924-12-18;42,3;70;;jah
1924-12-19;80,2;101;;jah
1924-12-20;102;118;;jah
1924-12-21;118;131;;jah
1924-12-22;112;126;;jah
1924-12-23;104;120;;jah
1924-12-24;97,8;115;;jah
1924-12-25;91,5;110;;jah
1924-12-26;86,5;106;;jah
1924-12-27;76,5;98;;jah
1924-12-28;65,3;89;;jah
1924-12-29;62,8;87;;jah
1924-12-30;59,1;84;;jah
1924-12-31;54,2;80;;jah
1925-01-01;63,2;92;;jah
1925-01-02;71,7;102;;jah
1925-01-03;95;126;;jah
1925-01-04;145;168;;jah
1925-01-05;183;194;;jah
1925-01-06;185;195;;jah
1925-01-07;171;186;;jah
1925-01-08;137;162;;jah
1925-01-09;126;153;;jah
1925-01-10;165;182;;jah
1925-01-11;137;162;;jah
1925-01-12;130;156;;jah
1925-01-13;124;151;;jah
1925-01-14;116;145;;jah
1925-01-15;107;137;;jah
1925-01-16;125;152;;jah
1925-01-17;120;148;;jah
1925-01-18;110;140;;jah
1925-01-19;105;135;;jah
1925-01-20;76,3;107;;jah
1925-01-21;48,7;73;;jah
1925-01-22;56,1;83;;jah
1925-01-23;63,2;92;;jah
1925-01-24;46,6;70;;jah
1925-01-25;45,3;68;;jah
1925-01-26;42;63;;jah
1925-01-27;38,2;57;;jah
1925-01-28;44,6;67;;jah
1925-01-29;42;63;;jah
1925-01-30;33,5;49;;jah
1925-01-31;28,7;40;;jah
1925-02-01;35,8;53;;jah
1925-02-02;50,9;76;;jah
1925-02-03;64;93;;jah
1925-02-04;56,1;83;;jah
1925-02-05;55,3;82;;jah
1925-02-06;66,6;96;;jah
1925-02-07;74,4;105;;jah
1925-02-08;79;110;;jah
1925-02-09;76,3;107;;jah
1925-02-10;65,7;95;;jah
1925-02-11;73,6;104;;jah
1925-02-12;114;143;;jah
1925-02-13;133;159;;jah
1925-02-14;140;164;;jah
1925-02-15;119;147;;jah
1925-02-16;109;139;;jah
1925-02-17;89,8;121;;jah
1925-02-18;81,9;113;;jah
1925-02-19;75,4;106;;jah
1925-02-20;69,1;99;;jah
1925-02-21;58,4;86;;jah
1925-02-22;46,6;70;;jah
1925-02-23;40,7;61;;jah
1925-02-24;35,2;52;;jah
1925-02-25;33,5;49;;jah
1925-02-26;31,4;45;;jah
1925-02-27;30,3;43;;jah
1925-02-28;28,7;40;;jah
1925-03-01;28,4;39;;jah
1925-03-02;29,2;41;;jah
1925-03-03;27,4;38;;jah
1925-03-04;24,4;33;;jah
1925-03-05;28,7;40;;jah
1925-03-06;26,2;35;;jah
1925-03-07;24,5;30;;jah
1925-03-08;23,2;24;;jah
1925-03-09;22,4;15;;jah
1925-03-10;21,5;35;;jah
1925-03-11;17,8;41;;jah
1925-03-12;15,8;37;;jah
1925-03-13;14;33;;jah
1925-03-14;13,2;31;;jah
1925-03-15;14;33;;jah
1925-03-16;14,5;34;;jah
1925-03-17;13,2;31;;jah
1925-03-18;11,8;27;;jah
1925-03-19;10,5;23;;jah
1925-03-20;10,5;23;;jah
1925-03-21;23,2;25;;jah
1925-03-22;24,4;27;;jah
1925-03-23;24,4;27;;jah
1925-03-24;27;31;;jah
1925-03-25;27;31;;jah
1925-03-26;28,3;33;;jah
1925-03-27;27,6;32;;jah
1925-03-28;27,6;32;;jah
1925-03-29;28,9;34;;jah
1925-03-30;27;31;;jah
1925-03-31;27,6;32;;jah
1925-04-01;36,4;45;;jah
1925-04-02;102;116;;jah
1925-04-03;205;204;;jah
1925-04-04;263;247;;jah
1925-04-05;276;256;;jah
1925-04-06;266;249;;jah
1925-04-07;253;240;;jah
1925-04-08;234;226;;jah
1925-04-09;209;207;;jah
1925-04-10;176;181;;jah
1925-04-11;150;159;;jah
1925-04-12;125;137;;jah
1925-04-13;84,5;100;;jah
1925-04-14;69,7;85;;jah
1925-04-15;62,2;77;;jah
1925-04-16;55;69;;jah
1925-04-17;51,6;65;;jah
1925-04-18;48,2;61;;jah
1925-04-19;46,6;59;;jah
1925-04-20;67,8;88;;jah
1925-04-21;213;210;;jah
1925-04-22;226;220;;jah
1925-04-23;213;210;;jah
1925-04-24;186;189;;jah
1925-04-25;158;166;;jah
1925-04-26;146;156;;jah
1925-04-27;174;179;;jah
1925-04-28;205;204;;jah
1925-04-29;212;209;;jah
1925-04-30;209;207;;jah
1925-05-01;198;203;;jah
1925-05-02;191;199;;jah
1925-05-03;159;178;;jah
1925-05-04;131;157;;jah
1925-05-05;105;135;;jah
1925-05-06;85,8;117;;jah
1925-05-07;62,4;91;;jah
1925-05-08;52,3;78;;jah
1925-05-09;47,3;71;;jah
1925-05-10;43,3;65;;jah
1925-05-11;39,4;59;;jah
1925-05-12;35,2;52;;jah
1925-05-13;30,3;43;;jah
1925-05-14;28,7;40;;jah
1925-05-15;23,8;32;;jah
1925-05-16;26,2;36;;jah
1925-05-17;27,4;38;;jah
1925-05-18;25,6;35;;jah
1925-05-19;25,6;35;;jah
1925-05-20;22,6;30;;jah
1925-05-21;19,4;25;;jah
1925-05-22;16,8;21;;jah
1925-05-23;14,6;17;;jah
1925-05-24;12,5;13;;jah
1925-05-25;12,5;13;;jah
1925-05-26;12;12;;jah
1925-05-27;12,5;13;;jah
1925-05-28;13;14;;jah
1925-05-29;14,1;16;;jah
1925-05-30;15,6;19;;jah
1925-05-31;15,9;21;;jah
1925-06-01;16,2;22;;jah
1925-06-02;18,8;27;;jah
1925-06-03;21,5;32;;jah
1925-06-04;24,4;37;;jah
1925-06-05;23,2;35;;jah
1925-06-06;18,8;27;;jah
1925-06-07;17,8;25;;jah
1925-06-08;18,3;26;;jah
1925-06-09;16,7;23;;jah
1925-06-10;15,6;21;;jah
1925-06-11;14,6;19;;jah
1925-06-12;12,3;14;;jah
1925-06-13;12,8;15;;jah
1925-06-14;12,8;15;;jah
1925-06-15;13,3;16;;jah
1925-06-16;16,2;22;;jah
1925-06-17;19,3;28;;jah
1925-06-18;17,2;24;;jah
1925-06-19;16,2;22;;jah
1925-06-20;17,2;24;;jah
1925-06-21;18,3;26;;jah
1925-06-22;19,3;28;;jah
1925-06-23;20,4;30;;jah
1925-06-24;23,2;35;;jah
1925-06-25;58,9;82;;jah
1925-06-26;85,8;108;;jah
1925-06-27;125;141;;jah
1925-06-28;132;146;;jah
1925-06-29;124;140;;jah
1925-06-30;111;130;;jah
1925-07-01;102;116;;jah
1925-07-02;88,5;105;;jah
1925-07-03;68,8;95;;jah
1925-07-04;46,7;75;;jah
1925-07-05;41,2;68;;jah
1925-07-06;38,9;65;;jah
1925-07-07;37,5;63;;jah
1925-07-08;34,8;59;;jah
1925-07-09;35,4;60;;jah
1925-07-10;37,5;63;;jah
1925-07-11;38,9;65;;jah
1925-07-12;37,5;63;;jah
1925-07-13;36,1;61;;jah
1925-07-14;33,5;57;;jah
1925-07-15;31;53;;jah
1925-07-16;28;48;;jah
1925-07-17;38,2;64;;jah
1925-07-18;38,9;65;;jah
1925-07-19;42,7;70;;jah
1925-07-20;39,7;66;;jah
1925-07-21;36,8;62;;jah
1925-07-22;32,8;56;;jah
1925-07-23;29,8;51;;jah
1925-07-24;28;48;;jah
1925-07-25;24,6;42;;jah
1925-07-26;22,5;38;;jah
1925-07-27;19,5;32;;jah
1925-07-28;19;31;;jah
1925-07-29;28,6;49;;jah
1925-07-30;55,4;84;;jah
1925-07-31;44,3;72;;jah
1925-08-01;43,3;65;;jah
1925-08-02;40,7;61;;jah
1925-08-03;47,3;71;;jah
1925-08-04;47,3;71;;jah
1925-08-05;106;136;;jah
1925-08-06;218;215;;jah
1925-08-07;236;228;;jah
1925-08-08;264;248;;jah
1925-08-09;272;253;;jah
1925-08-10;242;232;;jah
1925-08-11;209;210;;jah
1925-08-12;165;182;;jah
1925-08-13;127;154;;jah
1925-08-14;107;137;;jah
1925-08-15;89,8;121;;jah
1925-08-16;74,4;105;;jah
1925-08-17;64,9;94;;jah
1925-08-18;56,1;83;;jah
1925-08-19;50,9;76;;jah
1925-08-20;50,2;75;;jah
1925-08-21;52,3;78;;jah
1925-08-22;50,2;75;;jah
1925-08-23;45,3;68;;jah
1925-08-24;42,6;64;;jah
1925-08-25;40;60;;jah
1925-08-26;35,8;53;;jah
1925-08-27;32,4;47;;jah
1925-08-28;28,7;40;;jah
1925-08-29;27,2;37;;jah
1925-08-30;25,8;34;;jah
1925-08-31;23,8;30;;jah
1925-09-01;24,3;31;;jah
1925-09-02;27,7;38;;jah
1925-09-03;34,1;50;;jah
1925-09-04;45,3;68;;jah
1925-09-05;87,8;119;;jah
1925-09-06;123;151;;jah
1925-09-07;209;210;;jah
1925-09-08;232;223;;jah
1925-09-09;219;216;;jah
1925-09-10;204;207;;jah
1925-09-11;188;197;;jah
1925-09-12;144;167;;jah
1925-09-13;132;158;;jah
1925-09-14;119;147;;jah
1925-09-15;109;139;;jah
1925-09-16;95;126;;jah
1925-09-17;81,9;113;;jah
1925-09-18;69,9;100;;jah
1925-09-19;61,5;90;;jah
1925-09-20;55,3;82;;jah
1925-09-21;52,3;78;;jah
1925-09-22;50,2;75;;jah
1925-09-23;47,3;71;;jah
1925-09-24;50,9;76;;jah
1925-09-25;53;79;;jah
1925-09-26;63,2;92;;jah
1925-09-27;79;110;;jah
1925-09-28;79;110;;jah
1925-09-29;74,4;105;;jah
1925-09-30;78,1;109;;jah
1925-10-01;82,9;114;;jah
1925-10-02;79;110;;jah
1925-10-03;78,1;109;;jah
1925-10-04;106;136;;jah
1925-10-05;106;136;;jah
1925-10-06;109;139;;jah
1925-10-07;115;144;;jah
1925-10-08;121;149;;jah
1925-10-09;119;147;;jah
1925-10-10;115;144;;jah
1925-10-11;109;139;;jah
1925-10-12;96;127;;jah
1925-10-13;84,8;116;;jah
1925-10-14;76,3;107;;jah
1925-10-15;79;110;;jah
1925-10-16;97,1;128;;jah
1925-10-17;116;145;;jah
1925-10-18;139;163;;jah
1925-10-19;123;151;;jah
1925-10-20;114;143;;jah
1925-10-21;107;137;;jah
1925-10-22;96;127;;jah
1925-10-23;80;111;;jah
1925-10-24;73,6;104;;jah
1925-10-25;71,7;102;;jah
1925-10-26;79;110;;jah
1925-10-27;78,1;109;;jah
1925-10-28;76,3;107;;jah
1925-10-29;80;111;;jah
1925-10-30;83,9;115;;jah
1925-10-31;101;132;;jah
1925-11-01;97,6;126;;jah
1925-11-02;89,8;113;;jah
1925-11-03;80,2;102;;jah
1925-11-04;70,9;91;;jah
1925-11-05;72,6;93;;jah
1925-11-06;65,2;84;;jah
1925-11-07;64,4;83;;jah
1925-11-08;49,2;69;;jah
1925-11-09;56,4;78;;jah
1925-11-10;60,5;83;;jah
1925-11-11;75,1;96;;jah
1925-11-12;71,8;92;;jah
1925-11-13;63,6;82;;jah
1925-11-14;56,4;73;;jah
1925-11-15;54,8;71;;jah
1925-11-16;70,9;91;;jah
1925-11-17;98,7;123;;jah
1925-11-18;125;150;;jah
1925-11-19;119;144;;jah
1925-11-20;110;135;;jah
1925-11-21;101;126;;jah
1925-11-22;83,7;106;;jah
1925-11-23;77,7;99;;jah
1925-11-24;78,5;100;;jah
1925-11-25;74,9;109;;jah
1925-11-26;74;117;;jah
1925-11-27;74;120;;jah
1925-11-28;60,5;124;;jah
1925-11-29;60,5;127;;jah
1925-11-30;60,5;131;;jah
1925-12-01;59,8;132;;jah
1925-12-02;59,8;135;;jah
1925-12-03;59,1;135;;jah
1925-12-04;59,1;130;;jah
1925-12-05;59,1;128;;jah
1925-12-06;58,4;133;;jah
1925-12-07;41,4;95;;jah
1925-12-08;36,8;86;;jah
1925-12-09;30,2;74;;jah
1925-12-10;33,3;80;;jah
1925-12-11;30,2;74;;jah
1925-12-12;25,6;64;;jah
1925-12-13;24,8;62;;jah
1925-12-14;26;65;;jah
1925-12-15;26;64;;jah
1925-12-16;27,6;68;;jah
1925-12-17;28,4;70;;jah
1925-12-18;26,4;66;;jah
1925-12-19;25,2;63;;jah
1925-12-20;24;60;;jah
1925-12-21;22,8;58;;jah
1925-12-22;21,8;55;;jah
1925-12-23;20,1;51;;jah
1925-12-24;18,8;47;;jah
1925-12-25;17,3;43;;jah
1925-12-26;17;42;;jah
1925-12-27;16,6;41;;jah
1925-12-28;15,2;37;;jah
1925-12-29;13,4;31;;jah
1925-12-30;17;42;;jah
1925-12-31;18,5;46;;jah
1926-01-01;25,2;63;;jah
1926-01-02;32;77;;jah
1926-01-03;32,4;75;;jah
1926-01-04;32;77;;jah
1926-01-05;30,1;74;;jah
1926-01-06;29,7;73;;jah
1926-01-07;30,1;74;;jah
1926-01-08;29,3;72;;jah
1926-01-09;27,6;68;;jah
1926-01-10;26,4;66;;jah
1926-01-11;24;60;;jah
1926-01-12;22,9;58;;jah
1926-01-13;21,1;53;;jah
1926-01-14;19,4;49;;jah
1926-01-15;18,5;46;;jah
1926-01-16;16,6;41;;jah
1926-01-17;14,7;36;;jah
1926-01-18;12,7;31;;jah
1926-01-19;11,8;29;;jah
1926-01-20;11,2;27;;jah
1926-01-21;11,5;28;;jah
1926-01-22;9,91;24;;jah
1926-01-23;7,18;16;;jah
1926-01-24;6,65;14;;jah
1926-01-25;6;12;;jah
1926-01-26;5,73;11;;jah
1926-01-27;6,38;13;;jah
1926-01-28;7,86;18;;jah
1926-01-29;6,9;15;;jah
1926-01-30;7,58;17;;jah
1926-01-31;9,6;23;;jah
1926-02-01;9,6;23;;jah
1926-02-02;9,28;22;;jah
1926-02-03;8,71;21;;jah
1926-02-04;8,4;20;;jah
1926-02-05;8,71;21;;jah
1926-02-06;8,4;20;;jah
1926-02-07;8,71;21;;jah
1926-02-08;8,71;21;;jah
1926-02-09;8,71;21;;jah
1926-02-10;8,71;21;;jah
1926-02-11;8,71;21;;jah
1926-02-12;8,71;21;;jah
1926-02-13;9,28;22;;jah
1926-02-14;9,6;23;;jah
1926-02-15;9,6;23;;jah
1926-02-16;9,91;24;;jah
1926-02-17;11,8;29;;jah
1926-02-18;13,8;34;;jah
1926-02-19;13,8;34;;jah
1926-02-20;14,4;35;;jah
1926-02-21;13,4;33;;jah
1926-02-22;12,8;31;;jah
1926-02-23;11,5;28;;jah
1926-02-24;11,8;29;;jah
1926-02-25;10,8;26;;jah
1926-02-26;9,91;24;;jah
1926-02-27;9,28;22;;jah
1926-02-28;10,4;25;;jah
1926-03-01;11,2;27;;jah
1926-03-02;13,4;33;;jah
1926-03-03;12,8;31;;jah
1926-03-04;15;37;;jah
1926-03-05;19,8;50;;jah
1926-03-06;23,3;59;;jah
1926-03-07;24,4;61;;jah
1926-03-08;27,2;67;;jah
1926-03-09;32,9;79;;jah
1926-03-10;42,4;97;;jah
1926-03-11;45,9;102;;jah
1926-03-12;45,3;101;;jah
1926-03-13;43,7;98;;jah
1926-03-14;40,9;94;;jah
1926-03-15;38,8;90;;jah
1926-03-16;37,3;87;;jah
1926-03-17;35,7;85;;jah
1926-03-18;33,8;81;;jah
1926-03-19;30,6;75;;jah
1926-03-20;28,4;70;;jah
1926-03-21;27,2;67;;jah
1926-03-22;25,2;63;;jah
1926-03-23;24;60;;jah
1926-03-24;25,2;63;;jah
1926-03-25;24,8;62;;jah
1926-03-26;24;60;;jah
1926-03-27;22,2;56;;jah
1926-03-28;20,4;52;;jah
1926-03-29;21,2;53;;jah
1926-03-30;21,2;53;;jah
1926-03-31;20,4;52;;jah
1926-04-01;22,6;57;;jah
1926-04-02;23,3;59;;jah
1926-04-03;25,2;63;;jah
1926-04-04;27,6;68;;jah
1926-04-05;34;81;;jah
1926-04-06;46,3;104;;jah
1926-04-07;74,9;149;;jah
1926-04-08;92,5;172;;jah
1926-04-09;95,5;176;;jah
1926-04-10;97,1;178;;jah
1926-04-11;105;188;;jah
1926-04-12;117;203;;jah
1926-04-13;132;219;;jah
1926-04-14;134;221;;jah
1926-04-15;140;228;;jah
1926-04-16;168;254;;jah
1926-04-17;286;324;;jah
1926-04-18;525;445;;jah
1926-04-19;535;398;;jah
1926-04-20;567;418;;jah
1926-04-21;598;412;;jah
1926-04-22;586;407;;jah
1926-04-23;570;400;;jah
1926-04-24;549;391;;jah
1926-04-25;487;364;;jah
1926-04-26;417;332;;jah
1926-04-27;366;307;;jah
1926-04-28;322;284;;jah
1926-04-29;288;264;;jah
1926-04-30;252;239;;jah
1926-05-01;217;213;;jah
1926-05-02;183;187;;jah
1926-05-03;197;198;;jah
1926-05-04;200;200;;jah
1926-05-05;195;196;;jah
1926-05-06;180;184;;jah
1926-05-07;167;173;;jah
1926-05-08;146;156;;jah
1926-05-09;131;143;;jah
1926-05-10;124;136;;jah
1926-05-11;115;128;;jah
1926-05-12;104;118;;jah
1926-05-13;94;109;;jah
1926-05-14;96,1;111;;jah
1926-05-15;108;122;;jah
1926-05-16;220;215;;jah
1926-05-17;223;218;;jah
1926-05-18;188;191;;jah
1926-05-19;151;160;;jah
1926-05-20;119;132;;jah
1926-05-21;110;124;;jah
1926-05-22;97,2;112;;jah
1926-05-23;100;115;;jah
1926-05-24;104;118;;jah
1926-05-25;107;121;;jah
1926-05-26;109;123;;jah
1926-05-27;91,8;107;;jah
1926-05-28;69,7;85;;jah
1926-05-29;58,5;73;;jah
1926-05-30;46,6;64;;jah
1926-05-31;53,7;72;;jah
1926-06-01;44,6;67;;jah
1926-06-02;40,7;61;;jah
1926-06-03;40,7;61;;jah
1926-06-04;40;60;;jah
1926-06-05;37;55;;jah
1926-06-06;34,1;50;;jah
1926-06-07;34,6;51;;jah
1926-06-08;35,8;53;;jah
1926-06-09;31,4;45;;jah
1926-06-10;21,3;28;;jah
1926-06-11;18,1;23;;jah
1926-06-12;17,4;22;;jah
1926-06-13;16,1;20;;jah
1926-06-14;14,6;17;;jah
1926-06-15;14,6;17;;jah
1926-06-16;14,6;17;;jah
1926-06-17;12,5;13;;jah
1926-06-18;18,1;23;;jah
1926-06-19;16,1;20;;jah
1926-06-20;13;14;;jah
1926-06-21;12,5;13;;jah
1926-06-22;12,5;13;;jah
1926-06-23;11,5;11;;jah
1926-06-24;9,81;7;;jah
1926-06-25;12,5;13;;jah
1926-06-26;12,5;13;;jah
1926-06-27;10,9;10;;jah
1926-06-28;12;12;;jah
1926-06-29;10,6;9;;jah
1926-06-30;14,1;16;;jah
1926-07-01;20,7;27;;jah
1926-07-02;19,4;25;;jah
1926-07-03;16,8;21;;jah
1926-07-04;17,4;22;;jah
1926-07-05;18,1;23;;jah
1926-07-06;16,8;21;;jah
1926-07-07;13,6;15;;jah
1926-07-08;12,5;13;;jah
1926-07-09;12;12;;jah
1926-07-10;11,5;11;;jah
1926-07-11;11;10;;jah
1926-07-12;9,43;6;;jah
1926-07-13;9,81;7;;jah
1926-07-14;9,05;5;;jah
1926-07-15;8,67;4;;jah
1926-07-16;6,92;-1;;jah
1926-07-17;7,15;0;;jah
1926-07-18;6,7;-2;;jah
1926-07-19;9,05;5;;jah
1926-07-20;7,15;0;;jah
1926-07-21;7,91;2;;jah
1926-07-22;6,47;-3;;jah
1926-07-23;7,91;2;;jah
1926-07-24;9,05;5;;jah
1926-07-25;9,05;5;;jah
1926-07-26;8,67;4;;jah
1926-07-27;8,29;3;;jah
1926-07-28;7,91;2;;jah
1926-07-29;7,53;1;;jah
1926-07-30;7,91;2;;jah
1926-07-31;10,6;9;;jah
1926-08-01;11;10;;jah
1926-08-02;11;10;;jah
1926-08-03;13;14;;jah
1926-08-04;9,81;7;;jah
1926-08-05;10,2;8;;jah
1926-08-06;9,81;7;;jah
1926-08-07;9,05;5;;jah
1926-08-08;7,91;2;;jah
1926-08-09;7,53;1;;jah
1926-08-10;7,53;1;;jah
1926-08-11;8,67;4;;jah
1926-08-12;7,91;2;;jah
1926-08-13;8,67;4;;jah
1926-08-14;9,05;5;;jah
1926-08-15;9,05;5;;jah
1926-08-16;10,2;8;;jah
1926-08-17;13,6;15;;jah
1926-08-18;16,8;21;;jah
1926-08-19;22,6;30;;jah
1926-08-20;23,2;31;;jah
1926-08-21;23,2;31;;jah
1926-08-22;23,8;32;;jah
1926-08-23;22,6;30;;jah
1926-08-24;22;29;;jah
1926-08-25;23,2;31;;jah
1926-08-26;21,3;28;;jah
1926-08-27;19,4;25;;jah
1926-08-28;18,7;24;;jah
1926-08-29;18,7;24;;jah
1926-08-30;18,1;23;;jah
1926-08-31;18,1;23;;jah
1926-09-01;15,6;19;;jah
1926-09-02;14,6;17;;jah
1926-09-03;12,5;13;;jah
1926-09-04;11,5;11;;jah
1926-09-05;10,2;8;;jah
1926-09-06;8,29;3;;jah
1926-09-07;8,67;4;;jah
1926-09-08;8,67;4;;jah
1926-09-09;8,67;4;;jah
1926-09-10;8,67;4;;jah
1926-09-11;9,43;6;;jah
1926-09-12;8,67;4;;jah
1926-09-13;8,67;4;;jah
1926-09-14;9,05;5;;jah
1926-09-15;10,6;9;;jah
1926-09-16;11,5;11;;jah
1926-09-17;11;10;;jah
1926-09-18;11,5;11;;jah
1926-09-19;12,5;13;;jah
1926-09-20;14,1;16;;jah
1926-09-21;16,2;20;;jah
1926-09-22;14,6;17;;jah
1926-09-23;13;14;;jah
1926-09-24;12,5;13;;jah
1926-09-25;12;12;;jah
1926-09-26;10,6;9;;jah
1926-09-27;10,6;9;;jah
1926-09-28;11;10;;jah
1926-09-29;10,2;8;;jah
1926-09-30;9,43;6;;jah
1926-10-01;14,3;15;;jah
1926-10-02;14,8;16;;jah
1926-10-03;14,3;15;;jah
1926-10-04;15,3;17;;jah
1926-10-05;15,8;18;;jah
1926-10-06;16,3;19;;jah
1926-10-07;16,3;19;;jah
1926-10-08;15,8;18;;jah
1926-10-09;15,3;17;;jah
1926-10-10;14,8;16;;jah
1926-10-11;17,8;22;;jah
1926-10-12;22,6;31;;jah
1926-10-13;30,2;43;;jah
1926-10-14;36,2;51;;jah
1926-10-15;49;66;;jah
1926-10-16;54,1;72;;jah
1926-10-17;55,8;74;;jah
1926-10-18;54,9;73;;jah
1926-10-19;54,1;72;;jah
1926-10-20;50,7;68;;jah
1926-10-21;46,4;63;;jah
1926-10-22;44,7;61;;jah
1926-10-23;42,1;58;;jah
1926-10-24;37,8;53;;jah
1926-10-25;33,8;48;;jah
1926-10-26;33,8;48;;jah
1926-10-27;32,4;46;;jah
1926-10-28;28,7;41;;jah
1926-10-29;26,8;38;;jah
1926-10-30;24,4;34;;jah
1926-10-31;25,6;36;;jah
1926-11-01;26,2;37;;jah
1926-11-02;27,4;39;;jah
1926-11-03;27,1;38;;jah
1926-11-04;27,1;38;;jah
1926-11-05;25,8;36;;jah
1926-11-06;35,4;45;;jah
1926-11-07;44,2;57;;jah
1926-11-08;53,2;69;;jah
1926-11-09;62,8;81;;jah
1926-11-10;70,1;90;;jah
1926-11-11;72,7;93;;jah
1926-11-12;69,3;89;;jah
1926-11-13;70,1;90;;jah
1926-11-14;69,3;89;;jah
1926-11-15;71,9;92;;jah
1926-11-16;71,9;92;;jah
1926-11-17;71;91;;jah
1926-11-18;71,9;92;;jah
1926-11-19;77,1;98;;jah
1926-11-20;76,3;97;;jah
1926-11-21;77,1;98;;jah
1926-11-22;74,5;95;;jah
1926-11-23;85,3;107;;jah
1926-11-24;147;166;;jah
1926-11-25;148;167;;jah
1926-11-26;150;168;;jah
1926-11-27;136;157;;jah
1926-11-28;135;156;;jah
1926-11-29;106;129;;jah
1926-11-30;88,1;110;;jah
1926-12-01;59,6;77;;jah
1926-12-02;46,7;73;;jah
1926-12-03;48,3;75;;jah
1926-12-04;42,9;68;;jah
1926-12-05;49,9;77;;jah
1926-12-06;51,4;79;;jah
1926-12-07;43,7;69;;jah
1926-12-08;38,5;62;;jah
1926-12-09;37;60;;jah
1926-12-10;39,2;63;;jah
1926-12-11;45,2;71;;jah
1926-12-12;49,9;77;;jah
1926-12-13;53,9;82;;jah
1926-12-14;56,4;85;;jah
1926-12-15;35,2;88;;jah
1926-12-16;35,7;89;;jah
1926-12-17;37,4;92;;jah
1926-12-18;36,8;91;;jah
1926-12-19;38;93;;jah
1926-12-20;38;93;;jah
1926-12-21;36,8;91;;jah
1926-12-22;34,7;87;;jah
1926-12-23;31,3;80;;jah
1926-12-24;20,4;54;;jah
1926-12-25;17;44;;jah
1926-12-26;14,4;35;;jah
1926-12-27;13,8;33;;jah
1926-12-28;13,3;31;;jah
1926-12-29;11,8;25;;jah
1926-12-30;12,2;27;;jah
1926-12-31;11,2;23;;jah
1927-01-01;9,8;16;;jah
1927-01-02;8,46;14;;jah
1927-01-03;8,94;16;;jah
1927-01-04;9,9;20;;jah
1927-01-05;12,7;31;;jah
1927-01-06;11,6;27;;jah
1927-01-07;10,6;23;;jah
1927-01-08;10,2;21;;jah
1927-01-09;9,18;17;;jah
1927-01-10;8,22;13;;jah
1927-01-11;8,22;13;;jah
1927-01-12;8,22;13;;jah
1927-01-13;7,98;12;;jah
1927-01-14;7,74;11;;jah
1927-01-15;7,5;10;;jah
1927-01-16;7,27;9;;jah
1927-01-17;6,81;7;;jah
1927-01-18;6,35;5;;jah
1927-01-19;6,35;5;;jah
1927-01-20;6,35;5;;jah
1927-01-21;6,15;4;;jah
1927-01-22;5,95;3;;jah
1927-01-23;5,95;3;;jah
1927-01-24;5,75;2;;jah
1927-01-25;5,75;2;;jah
1927-01-26;5,75;2;;jah
1927-01-27;5,95;3;;jah
1927-01-28;6,15;4;;jah
1927-01-29;6,81;7;;jah
1927-01-30;8,22;13;;jah
1927-01-31;9,18;17;;jah
1927-02-01;8,1;17;;jah
1927-02-02;8,28;18;;jah
1927-02-03;9,08;22;;jah
1927-02-04;8,65;20;;jah
1927-02-05;8,46;19;;jah
1927-02-06;8,28;18;;jah
1927-02-07;8,1;17;;jah
1927-02-08;7,91;16;;jah
1927-02-09;7,36;13;;jah
1927-02-10;6,8;10;;jah
1927-02-11;6,8;10;;jah
1927-02-12;6,98;11;;jah
1927-02-13;6,8;10;;jah
1927-02-14;6,63;9;;jah
1927-02-15;6,47;8;;jah
1927-02-16;6,47;8;;jah
1927-02-17;6,47;8;;jah
1927-02-18;6,63;9;;jah
1927-02-19;6,63;9;;jah
1927-02-20;6,3;7;;jah
1927-02-21;6,3;7;;jah
1927-02-22;6,14;6;;jah
1927-02-23;6,3;7;;jah
1927-02-24;6,3;7;;jah
1927-02-25;6,47;8;;jah
1927-02-26;6,47;8;;jah
1927-02-27;6,47;8;;jah
1927-02-28;6,47;8;;jah
1927-03-01;6,62;8;;jah
1927-03-02;6,81;9;;jah
1927-03-03;9,08;18;;jah
1927-03-04;45,2;84;;jah
1927-03-05;103;155;;jah
1927-03-06;144;196;;jah
1927-03-07;155;206;;jah
1927-03-08;189;237;;jah
1927-03-09;239;283;;jah
1927-03-10;265;307;;jah
1927-03-11;264;306;;jah
1927-03-12;255;297;;jah
1927-03-13;248;291;;jah
1927-03-14;230;209;;jah
1927-03-15;170;220;;jah
1927-03-16;137;190;;jah
1927-03-17;108;161;;jah
1927-03-18;99,4;151;;jah
1927-03-19;94,2;145;;jah
1927-03-20;90;140;;jah
1927-03-21;77,4;125;;jah
1927-03-22;79,1;127;;jah
1927-03-23;62,6;107;;jah
1927-03-24;43;81;;jah
1927-03-25;24;52;;jah
1927-03-26;29,5;61;;jah
1927-03-27;35,2;70;;jah
1927-03-28;14;33;;jah
1927-03-29;13,6;32;;jah
1927-03-30;12,1;28;;jah
1927-03-31;10,8;24;;jah
1927-04-01;11,3;29;;jah
1927-04-02;12;31;;jah
1927-04-03;15,2;40;;jah
1927-04-04;18;47;;jah
1927-04-05;21,1;54;;jah
1927-04-06;21,1;54;;jah
1927-04-07;21,1;54;;jah
1927-04-08;23,5;59;;jah
1927-04-09;31;75;;jah
1927-04-10;39;91;;jah
1927-04-11;40,9;94;;jah
1927-04-12;38;89;;jah
1927-04-13;32,4;78;;jah
1927-04-14;31;75;;jah
1927-04-15;46;89;;jah
1927-04-16;81,5;97;;jah
1927-04-17;79,5;95;;jah
1927-04-18;75,5;91;;jah
1927-04-19;71,6;87;;jah
1927-04-20;69,7;85;;jah
1927-04-21;95;110;;jah
1927-04-22;98,3;113;;jah
1927-04-23;95;110;;jah
1927-04-24;110;124;;jah
1927-04-25;118;131;;jah
1927-04-26;125;137;;jah
1927-04-27;190;192;;jah
1927-04-28;214;211;;jah
1927-04-29;210;208;;jah
1927-04-30;216;212;;jah
1927-05-01;213;210;;jah
1927-05-02;195;196;;jah
1927-05-03;173;178;;jah
1927-05-04;131;143;;jah
1927-05-05;105;119;;jah
1927-05-06;90,8;106;;jah
1927-05-07;85,6;101;;jah
1927-05-08;84,5;100;;jah
1927-05-09;79,5;95;;jah
1927-05-10;78,5;94;;jah
1927-05-11;82,5;98;;jah
1927-05-12;79,5;95;;jah
1927-05-13;81,5;97;;jah
1927-05-14;94;109;;jah
1927-05-15;98,3;113;;jah
1927-05-16;99,4;114;;jah
1927-05-17;86,6;102;;jah
1927-05-18;78,5;94;;jah
1927-05-19;78,5;94;;jah
1927-05-20;76,5;92;;jah
1927-05-21;74,5;90;;jah
1927-05-22;73,5;89;;jah
1927-05-23;70,7;86;;jah
1927-05-24;64,9;80;;jah
1927-05-25;59,4;74;;jah
1927-05-26;51;69;;jah
1927-05-27;47,4;65;;jah
1927-05-28;63,8;83;;jah
1927-05-29;85,2;105;;jah
1927-05-30;109;127;;jah
1927-05-31;123;140;;jah
1927-06-01;110;129;;jah
1927-06-02;94,8;116;;jah
1927-06-03;77;100;;jah
1927-06-04;60,8;84;;jah
1927-06-05;57;80;;jah
1927-06-06;100;121;;jah
1927-06-07;107;127;;jah
1927-06-08;107;127;;jah
1927-06-09;106;126;;jah
1927-06-10;100;121;;jah
1927-06-11;93,6;115;;jah
1927-06-12;84,7;107;;jah
1927-06-13;74,9;98;;jah
1927-06-14;67,6;91;;jah
1927-06-15;58,9;82;;jah
1927-06-16;44;65;;jah
1927-06-17;32,6;50;;jah
1927-06-18;28,7;44;;jah
1927-06-19;26,1;40;;jah
1927-06-20;24,4;37;;jah
1927-06-21;23,8;36;;jah
1927-06-22;23,2;35;;jah
1927-06-23;22,7;34;;jah
1927-06-24;21,5;32;;jah
1927-06-25;19,3;28;;jah
1927-06-26;17,8;25;;jah
1927-06-27;18,8;27;;jah
1927-06-28;17,8;25;;jah
1927-06-29;17,8;25;;jah
1927-06-30;17,8;25;;jah
1927-07-01;15,6;19;;jah
1927-07-02;13;14;;jah
1927-07-03;14,6;17;;jah
1927-07-04;22;29;;jah
1927-07-05;27,4;38;;jah
1927-07-06;31,4;45;;jah
1927-07-07;34,6;51;;jah
1927-07-08;37;55;;jah
1927-07-09;38,8;58;;jah
1927-07-10;35,8;53;;jah
1927-07-11;31,9;46;;jah
1927-07-12;28,7;40;;jah
1927-07-13;25,6;35;;jah
1927-07-14;20,7;27;;jah
1927-07-15;15,6;19;;jah
1927-07-16;12,5;13;;jah
1927-07-17;11;10;;jah
1927-07-18;9,81;7;;jah
1927-07-19;9,43;6;;jah
1927-07-20;8,67;4;;jah
1927-07-21;9,05;5;;jah
1927-07-22;8,67;4;;jah
1927-07-23;9,43;6;;jah
1927-07-24;11;10;;jah
1927-07-25;11,5;11;;jah
1927-07-26;9,81;7;;jah
1927-07-27;8,29;3;;jah
1927-07-28;6,7;-2;;jah
1927-07-29;9,05;5;;jah
1927-07-30;9,43;6;;jah
1927-07-31;9,81;7;;jah
1927-08-01;9,67;9;;jah
1927-08-02;9,67;9;;jah
1927-08-03;8,02;4;;jah
1927-08-04;7,36;2;;jah
1927-08-05;9,01;7;;jah
1927-08-06;8,68;6;;jah
1927-08-07;6,49;-1;;jah
1927-08-08;6,7;0;;jah
1927-08-09;6,7;0;;jah
1927-08-10;7,69;3;;jah
1927-08-11;7,03;1;;jah
1927-08-12;6,49;-1;;jah
1927-08-13;6,49;-1;;jah
1927-08-14;6,28;-2;;jah
1927-08-15;6,7;0;;jah
1927-08-16;8,02;4;;jah
1927-08-17;25,1;36;;jah
1927-08-18;39;54;;jah
1927-08-19;51;68;;jah
1927-08-20;56,4;74;;jah
1927-08-21;61;79;;jah
1927-08-22;65,6;84;;jah
1927-08-23;59,1;77;;jah
1927-08-24;48,4;65;;jah
1927-08-25;39;54;;jah
1927-08-26;30,5;43;;jah
1927-08-27;29,6;42;;jah
1927-08-28;28;40;;jah
1927-08-29;27,3;39;;jah
1927-08-30;25,8;37;;jah
1927-08-31;23;33;;jah
1927-09-01;21,8;31;;jah
1927-09-02;20,6;26;;jah
1927-09-03;15,8;18;;jah
1927-09-04;13,4;14;;jah
1927-09-05;12,2;12;;jah
1927-09-06;11,6;11;;jah
1927-09-07;10,5;9;;jah
1927-09-08;10;8;;jah
1927-09-09;9,5;7;;jah
1927-09-10;10;8;;jah
1927-09-11;9;6;;jah
1927-09-12;14;15;;jah
1927-09-13;21,2;27;;jah
1927-09-14;44,8;61;;jah
1927-09-15;40,3;55;;jah
1927-09-16;40,3;55;;jah
1927-09-17;38,8;53;;jah
1927-09-18;38,8;53;;jah
1927-09-19;42,5;58;;jah
1927-09-20;44;60;;jah
1927-09-21;47,2;64;;jah
1927-09-22;49,6;67;;jah
1927-09-23;51,2;69;;jah
1927-09-24;55,2;74;;jah
1927-09-25;59,2;79;;jah
1927-09-26;65,6;87;;jah
1927-09-27;68;90;;jah
1927-09-28;70,5;93;;jah
1927-09-29;73;96;;jah
1927-09-30;73,8;97;;jah
1927-10-01;64,8;84;;jah
1927-10-02;51,5;69;;jah
1927-10-03;45,5;62;;jah
1927-10-04;41,2;57;;jah
1927-10-05;48,1;65;;jah
1927-10-06;65,8;85;;jah
1927-10-07;73,4;93;;jah
1927-10-08;77,3;97;;jah
1927-10-09;69,5;89;;jah
1927-10-10;63;82;;jah
1927-10-11;54,1;72;;jah
1927-10-12;43,8;60;;jah
1927-10-13;36,2;51;;jah
1927-10-14;33,1;47;;jah
1927-10-15;33,8;48;;jah
1927-10-16;36,2;51;;jah
1927-10-17;37;52;;jah
1927-10-18;39,6;55;;jah
1927-10-19;38,7;54;;jah
1927-10-20;78,3;98;;jah
1927-10-21;115;133;;jah
1927-10-22;108;126;;jah
1927-10-23;110;128;;jah
1927-10-24;102;121;;jah
1927-10-25;91,6;111;;jah
1927-10-26;91,6;111;;jah
1927-10-27;136;152;;jah
1927-10-28;159;171;;jah
1927-10-29;177;186;;jah
1927-10-30;206;209;;jah
1927-10-31;213;214;;jah
1927-11-01;219;219;;jah
1927-11-02;216;217;;jah
1927-11-03;198;204;;jah
1927-11-04;192;200;;jah
1927-11-05;203;208;;jah
1927-11-06;219;219;;jah
1927-11-07;232;228;;jah
1927-11-08;254;243;;jah
1927-11-09;265;250;;jah
1927-11-10;244;236;;jah
1927-11-11;212;214;;jah
1927-11-12;147;166;;jah
1927-11-13;120;147;;jah
1927-11-14;94;121;;jah
1927-11-15;87,4;114;;jah
1927-11-16;87,4;122;;jah
1927-11-17;88,4;118;;jah
1927-11-18;88,4;115;;jah
1927-11-19;81,3;116;;jah
1927-11-20;74,2;116;;jah
1927-11-21;75,7;118;;jah
1927-11-22;78,1;121;;jah
1927-11-23;78,1;126;;jah
1927-11-24;78,1;135;;jah
1927-11-25;78,9;146;;jah
1927-11-26;95;137;;jah
1927-11-27;95;122;;jah
1927-11-28;101;128;;jah
1927-11-29;115;142;;jah
1927-11-30;133;159;;jah
1927-12-01;104;153;;jah
1927-12-02;84,5;137;;jah
1927-12-03;64,9;118;;jah
1927-12-04;55,5;107;;jah
1927-12-05;48,6;98;;jah
1927-12-06;47,2;96;;jah
1927-12-07;35,7;89;;jah
1927-12-08;33,8;85;;jah
1927-12-09;31,3;80;;jah
1927-12-10;29,9;77;;jah
1927-12-11;29;75;;jah
1927-12-12;28,5;74;;jah
1927-12-13;25,5;67;;jah
1927-12-14;23,9;63;;jah
1927-12-15;22,7;60;;jah
1927-12-16;21,6;57;;jah
1927-12-17;20,8;55;;jah
1927-12-18;19,7;52;;jah
1927-12-19;18,6;49;;jah
1927-12-20;18;47;;jah
1927-12-21;16,7;43;;jah
1927-12-22;15,8;40;;jah
1927-12-23;15,2;38;;jah
1927-12-24;14,7;36;;jah
1927-12-25;13,3;31;;jah
1927-12-26;12,8;29;;jah
1927-12-27;12,2;27;;jah
1927-12-28;12,2;27;;jah
1927-12-29;11,8;25;;jah
1927-12-30;12;26;;jah
1927-12-31;11,8;25;;jah
1928-01-01;10,6;23;;jah
1928-01-02;10,9;24;;jah
1928-01-03;11,4;26;;jah
1928-01-04;11,2;25;;jah
1928-01-05;10,9;24;;jah
1928-01-06;10,4;22;;jah
1928-01-07;10,4;22;;jah
1928-01-08;10,2;21;;jah
1928-01-09;10,6;23;;jah
1928-01-10;10,6;23;;jah
1928-01-11;10,9;24;;jah
1928-01-12;10,9;24;;jah
1928-01-13;10,9;24;;jah
1928-01-14;11,4;26;;jah
1928-01-15;13;32;;jah
1928-01-16;15;39;;jah
1928-01-17;15;39;;jah
1928-01-18;14,4;37;;jah
1928-01-19;14,1;36;;jah
1928-01-20;13,8;35;;jah
1928-01-21;13,3;33;;jah
1928-01-22;12,7;31;;jah
1928-01-23;12,2;29;;jah
1928-01-24;11,4;26;;jah
1928-01-25;11,4;26;;jah
1928-01-26;11,2;25;;jah
1928-01-27;11,4;26;;jah
1928-01-28;11,6;27;;jah
1928-01-29;11,9;28;;jah
1928-01-30;12,2;29;;jah
1928-01-31;11,4;29;;jah
1928-02-01;10,6;29;;jah
1928-02-02;10,4;28;;jah
1928-02-03;9,94;26;;jah
1928-02-04;9,94;26;;jah
1928-02-05;9,94;26;;jah
1928-02-06;9,72;25;;jah
1928-02-07;9,72;25;;jah
1928-02-08;10,2;27;;jah
1928-02-09;10,4;28;;jah
1928-02-10;14;40;;jah
1928-02-11;20,3;56;;jah
1928-02-12;22,6;61;;jah
1928-02-13;24,1;64;;jah
1928-02-14;22,6;61;;jah
1928-02-15;22,1;60;;jah
1928-02-16;20,8;57;;jah
1928-02-17;19;53;;jah
1928-02-18;18,6;52;;jah
1928-02-19;17,7;50;;jah
1928-02-20;17;48;;jah
1928-02-21;15,8;45;;jah
1928-02-22;15,1;43;;jah
1928-02-23;13,7;39;;jah
1928-02-24;13,7;39;;jah
1928-02-25;13,7;39;;jah
1928-02-26;13,4;38;;jah
1928-02-27;13,4;38;;jah
1928-02-28;12,7;36;;jah
1928-02-29;12,4;35;;jah
1928-03-01;13,6;35;;jah
1928-03-02;14,5;34;;jah
1928-03-03;14;33;;jah
1928-03-04;13,6;32;;jah
1928-03-05;13,2;31;;jah
1928-03-06;13,6;32;;jah
1928-03-07;14;33;;jah
1928-03-08;14;33;;jah
1928-03-09;13,6;32;;jah
1928-03-10;13,6;32;;jah
1928-03-11;13,2;31;;jah
1928-03-12;12,7;30;;jah
1928-03-13;12,4;29;;jah
1928-03-14;12,4;29;;jah
1928-03-15;12,4;29;;jah
1928-03-16;13,2;31;;jah
1928-03-17;11,8;27;;jah
1928-03-18;10,8;24;;jah
1928-03-19;10,8;24;;jah
1928-03-20;11,2;25;;jah
1928-03-21;11,2;25;;jah
1928-03-22;10,8;24;;jah
1928-03-23;10,8;24;;jah
1928-03-24;10,8;24;;jah
1928-03-25;10,8;24;;jah
1928-03-26;10,8;24;;jah
1928-03-27;10,5;23;;jah
1928-03-28;10,8;24;;jah
1928-03-29;16,3;38;;jah
1928-03-30;29,5;61;;jah
1928-03-31;58,7;102;;jah
1928-04-01;79,5;155;;jah
1928-04-02;109;193;;jah
1928-04-03;162;249;;jah
1928-04-04;228;302;;jah
1928-04-05;297;344;;jah
1928-04-06;369;371;;jah
1928-04-07;398;378;;jah
1928-04-08;561;404;;jah
1928-04-09;524;380;;jah
1928-04-10;478;360;;jah
1928-04-11;396;322;;jah
1928-04-12;337;292;;jah
1928-04-13;282;260;;jah
1928-04-14;210;208;;jah
1928-04-15;176;181;;jah
1928-04-16;135;146;;jah
1928-04-17;112;125;;jah
1928-04-18;98,3;113;;jah
1928-04-19;100;115;;jah
1928-04-20;98,3;113;;jah
1928-04-21;107;121;;jah
1928-04-22;113;126;;jah
1928-04-23;112;125;;jah
1928-04-24;106;120;;jah
1928-04-25;99,4;114;;jah
1928-04-26;90,8;106;;jah
1928-04-27;80,5;97;;jah
1928-04-28;77,5;93;;jah
1928-04-29;73,5;89;;jah
1928-04-30;67,8;83;;jah
1928-05-01;61;80;;jah
1928-05-02;53,7;72;;jah
1928-05-03;43,9;61;;jah
1928-05-04;38,2;54;;jah
1928-05-05;33,6;48;;jah
1928-05-06;29,4;42;;jah
1928-05-07;29,4;42;;jah
1928-05-08;28,7;41;;jah
1928-05-09;28;40;;jah
1928-05-10;93,6;113;;jah
1928-05-11;134;150;;jah
1928-05-12;158;170;;jah
1928-05-13;150;163;;jah
1928-05-14;138;153;;jah
1928-05-15;122;139;;jah
1928-05-16;115;133;;jah
1928-05-17;109;127;;jah
1928-05-18;99,9;119;;jah
1928-05-19;94,6;114;;jah
1928-05-20;86,2;106;;jah
1928-05-21;76,2;96;;jah
1928-05-22;74,1;94;;jah
1928-05-23;79;99;;jah
1928-05-24;90,4;110;;jah
1928-05-25;92,5;112;;jah
1928-05-26;91,5;111;;jah
1928-05-27;91,5;111;;jah
1928-05-28;90,4;110;;jah
1928-05-29;241;235;;jah
1928-05-30;216;217;;jah
1928-05-31;194;200;;jah
1928-06-01;176;181;;jah
1928-06-02;132;146;;jah
1928-06-03;103;123;;jah
1928-06-04;77;100;;jah
1928-06-05;61,8;85;;jah
1928-06-06;55,2;78;;jah
1928-06-07;50,7;73;;jah
1928-06-08;54,3;77;;jah
1928-06-09;48,9;71;;jah
1928-06-10;44;65;;jah
1928-06-11;40;60;;jah
1928-06-12;81,4;104;;jah
1928-06-13;115;133;;jah
1928-06-14;107;127;;jah
1928-06-15;97;118;;jah
1928-06-16;83,6;106;;jah
1928-06-17;77;100;;jah
1928-06-18;69,7;93;;jah
1928-06-19;67,6;91;;jah
1928-06-20;169;175;;jah
1928-06-21;227;221;;jah
1928-06-22;253;240;;jah
1928-06-23;240;231;;jah
1928-06-24;229;222;;jah
1928-06-25;214;211;;jah
1928-06-26;201;201;;jah
1928-06-27;183;187;;jah
1928-06-28;168;174;;jah
1928-06-29;146;156;;jah
1928-06-30;123;139;;jah
1928-07-01;112;125;;jah
1928-07-02;99,4;114;;jah
1928-07-03;73,7;98;;jah
1928-07-04;56,4;85;;jah
1928-07-05;51,2;80;;jah
1928-07-06;59,8;88;;jah
1928-07-07;77;100;;jah
1928-07-08;92,9;108;;jah
1928-07-09;91,8;107;;jah
1928-07-10;79,3;101;;jah
1928-07-11;63,4;91;;jah
1928-07-12;54,3;83;;jah
1928-07-13;48,5;77;;jah
1928-07-14;44,3;72;;jah
1928-07-15;39,7;66;;jah
1928-07-16;32,8;56;;jah
1928-07-17;29,2;50;;jah
1928-07-18;27,4;47;;jah
1928-07-19;25,7;44;;jah
1928-07-20;25,1;43;;jah
1928-07-21;25,1;43;;jah
1928-07-22;38,9;65;;jah
1928-07-23;44,3;72;;jah
1928-07-24;43,5;71;;jah
1928-07-25;43,5;71;;jah
1928-07-26;45,1;73;;jah
1928-07-27;47,6;76;;jah
1928-07-28;45,9;74;;jah
1928-07-29;40,4;67;;jah
1928-07-30;129;141;;jah
1928-07-31;149;158;;jah
1928-08-01;116;152;;jah
1928-08-02;114;150;;jah
1928-08-03;120;155;;jah
1928-08-04;115;151;;jah
1928-08-05;103;140;;jah
1928-08-06;86,1;122;;jah
1928-08-07;74,8;109;;jah
1928-08-08;63,7;96;;jah
1928-08-09;75,6;110;;jah
1928-08-10;106;143;;jah
1928-08-11;104;141;;jah
1928-08-12;94,4;131;;jah
1928-08-13;85,1;121;;jah
1928-08-14;75,6;110;;jah
1928-08-15;72,2;106;;jah
1928-08-16;65,4;98;;jah
1928-08-17;62;94;;jah
1928-08-18;62;94;;jah
1928-08-19;77,3;112;;jah
1928-08-20;89,8;126;;jah
1928-08-21;75,6;110;;jah
1928-08-22;67,1;100;;jah
1928-08-23;63,7;96;;jah
1928-08-24;61,2;93;;jah
1928-08-25;55,4;86;;jah
1928-08-26;78,2;113;;jah
1928-08-27;96,4;133;;jah
1928-08-28;134;166;;jah
1928-08-29;144;173;;jah
1928-08-30;144;173;;jah
1928-08-31;222;217;;jah
1928-09-01;374;311;;jah
1928-09-02;376;312;;jah
1928-09-03;354;301;;jah
1928-09-04;329;288;;jah
1928-09-05;308;276;;jah
1928-09-06;284;261;;jah
1928-09-07;242;237;;jah
1928-09-08;198;209;;jah
1928-09-09;166;185;;jah
1928-09-10;140;164;;jah
1928-09-11;116;142;;jah
1928-09-12;103;129;;jah
1928-09-13;91,7;117;;jah
1928-09-14;97,4;123;;jah
1928-09-15;94,5;120;;jah
1928-09-16;104;130;;jah
1928-09-17;121;147;;jah
1928-09-18;121;147;;jah
1928-09-19;134;159;;jah
1928-09-20;133;158;;jah
1928-09-21;126;152;;jah
1928-09-22;115;141;;jah
1928-09-23;110;136;;jah
1928-09-24;133;158;;jah
1928-09-25;205;204;;jah
1928-09-26;209;207;;jah
1928-09-27;203;202;;jah
1928-09-28;208;206;;jah
1928-09-29;257;243;;jah
1928-09-30;300;271;;jah
1928-10-01;293;267;;jah
1928-10-02;273;254;;jah
1928-10-03;251;240;;jah
1928-10-04;220;219;;jah
1928-10-05;186;193;;jah
1928-10-06;152;165;;jah
1928-10-07;126;143;;jah
1928-10-08;109;127;;jah
1928-10-09;97,8;117;;jah
1928-10-10;109;127;;jah
1928-10-11;133;149;;jah
1928-10-12;158;170;;jah
1928-10-13;154;167;;jah
1928-10-14;152;165;;jah
1928-10-15;133;149;;jah
1928-10-16;119;136;;jah
1928-10-17;101;120;;jah
1928-10-18;91,6;111;;jah
1928-10-19;82,3;102;;jah
1928-10-20;75,4;95;;jah
1928-10-21;74,4;94;;jah
1928-10-22;75,4;95;;jah
1928-10-23;73,4;93;;jah
1928-10-24;72,4;92;;jah
1928-10-25;69,5;89;;jah
1928-10-26;66,7;86;;jah
1928-10-27;65,8;85;;jah
1928-10-28;63,9;83;;jah
1928-10-29;62;81;;jah
1928-10-30;60,2;79;;jah
1928-10-31;58,5;77;;jah
1928-11-01;55,8;74;;jah
1928-11-02;77,2;108;;jah
1928-11-03;120;148;;jah
1928-11-04;128;155;;jah
1928-11-05;131;157;;jah
1928-11-06;148;170;;jah
1928-11-07;165;182;;jah
1928-11-08;155;175;;jah
1928-11-09;139;163;;jah
1928-11-10;126;153;;jah
1928-11-11;117;146;;jah
1928-11-12;106;136;;jah
1928-11-13;106;136;;jah
1928-11-14;116;145;;jah
1928-11-15;121;149;;jah
1928-11-16;131;157;;jah
1928-11-17;133;159;;jah
1928-11-18;151;172;;jah
1928-11-19;152;173;;jah
1928-11-20;140;164;;jah
1928-11-21;126;153;;jah
1928-11-22;109;139;;jah
1928-11-23;94;125;;jah
1928-11-24;81,9;113;;jah
1928-11-25;81,9;113;;jah
1928-11-26;82,9;114;;jah
1928-11-27;94,8;116;;jah
1928-11-28;95;126;;jah
1928-11-29;127;154;;jah
1928-11-30;151;160;;jah
1928-12-01;146;156;;jah
1928-12-02;139;150;;jah
1928-12-03;129;141;;jah
1928-12-04;116;130;;jah
1928-12-05;87;111;;jah
1928-12-06;71,7;103;;jah
1928-12-07;66,1;99;;jah
1928-12-08;60,5;101;;jah
1928-12-09;55,5;143;;jah
1928-12-10;60,5;158;;jah
1928-12-11;64,9;149;;jah
1928-12-12;70,7;124;;jah
1928-12-13;61,4;114;;jah
1928-12-14;64,9;118;;jah
1928-12-15;55,5;118;;jah
1928-12-16;55,5;118;;jah
1928-12-17;54,7;128;;jah
1928-12-18;54;136;;jah
1928-12-19;52,4;132;;jah
1928-12-20;51,7;126;;jah
1928-12-21;50,9;112;;jah
1928-12-22;42,1;100;;jah
1928-12-23;39,2;95;;jah
1928-12-24;33,3;84;;jah
1928-12-25;28,1;73;;jah
1928-12-26;21,9;58;;jah
1928-12-27;18,9;50;;jah
1928-12-28;18,3;48;;jah
1928-12-29;17,4;45;;jah
1928-12-30;16,7;43;;jah
1928-12-31;16,4;47;;jah
1929-01-01;15,9;56;;jah
1929-01-02;15,6;68;;jah
1929-01-03;15,3;72;;jah
1929-01-04;15,3;70;;jah
1929-01-05;15;46;;jah
1929-01-06;14,7;38;;jah
1929-01-07;14,7;38;;jah
1929-01-08;13;32;;jah
1929-01-09;14,1;36;;jah
1929-01-10;10,9;24;;jah
1929-01-11;10,2;21;;jah
1929-01-12;10,2;21;;jah
1929-01-13;10,4;22;;jah
1929-01-14;13;32;;jah
1929-01-15;14,1;36;;jah
1929-01-16;13,6;34;;jah
1929-01-17;13,3;33;;jah
1929-01-18;13;32;;jah
1929-01-19;12,4;30;;jah
1929-01-20;11,6;27;;jah
1929-01-21;10,9;24;;jah
1929-01-22;10,6;23;;jah
1929-01-23;10,4;22;;jah
1929-01-24;9,18;17;;jah
1929-01-25;10,2;21;;jah
1929-01-26;9,66;19;;jah
1929-01-27;9,42;18;;jah
1929-01-28;9,18;17;;jah
1929-01-29;9,66;19;;jah
1929-01-30;9,9;20;;jah
1929-01-31;8,9;18;;jah
1929-02-01;7,91;16;;jah
1929-02-02;7,91;16;;jah
1929-02-03;7,72;15;;jah
1929-02-04;7,54;14;;jah
1929-02-05;7,54;14;;jah
1929-02-06;7,91;16;;jah
1929-02-07;7,91;16;;jah
1929-02-08;7,54;14;;jah
1929-02-09;7,36;13;;jah
1929-02-10;7,72;15;;jah
1929-02-11;7,54;14;;jah
1929-02-12;7,54;14;;jah
1929-02-13;7,72;15;;jah
1929-02-14;7,72;15;;jah
1929-02-15;7,72;15;;jah
1929-02-16;7,72;15;;jah
1929-02-17;7,54;14;;jah
1929-02-18;7,17;12;;jah
1929-02-19;6,98;11;;jah
1929-02-20;6,8;10;;jah
1929-02-21;6,98;11;;jah
1929-02-22;7,36;13;;jah
1929-02-23;7,17;12;;jah
1929-02-24;6,98;11;;jah
1929-02-25;6,98;11;;jah
1929-02-26;6,98;11;;jah
1929-02-27;6,8;10;;jah
1929-02-28;6,8;10;;jah
1929-03-01;7,26;11;;jah
1929-03-02;7;10;;jah
1929-03-03;7;10;;jah
1929-03-04;7;10;;jah
1929-03-05;7,78;13;;jah
1929-03-06;8,04;14;;jah
1929-03-07;7,78;13;;jah
1929-03-08;7,78;13;;jah
1929-03-09;7,26;11;;jah
1929-03-10;7;10;;jah
1929-03-11;7,78;13;;jah
1929-03-12;7,78;13;;jah
1929-03-13;8,04;14;;jah
1929-03-14;8,04;14;;jah
1929-03-15;7,78;13;;jah
1929-03-16;7,78;13;;jah
1929-03-17;7,52;12;;jah
1929-03-18;7,52;12;;jah
1929-03-19;8,04;14;;jah
1929-03-20;9,08;18;;jah
1929-03-21;12,1;28;;jah
1929-03-22;17,2;40;;jah
1929-03-23;31,4;64;;jah
1929-03-24;64,1;109;;jah
1929-03-25;92,6;143;;jah
1929-03-26;108;161;;jah
1929-03-27;149;201;;jah
1929-03-28;172;222;;jah
1929-03-29;216;262;;jah
1929-03-30;196;244;;jah
1929-03-31;184;233;;jah
1929-04-01;170;229;;jah
1929-04-02;154;221;;jah
1929-04-03;139;212;;jah
1929-04-04;121;198;;jah
1929-04-05;96,4;172;;jah
1929-04-06;69,6;135;;jah
1929-04-07;44,5;94;;jah
1929-04-08;35,5;77;;jah
1929-04-09;34,5;75;;jah
1929-04-10;24,8;56;;jah
1929-04-11;20,1;46;;jah
1929-04-12;18,8;43;;jah
1929-04-13;20,6;47;;jah
1929-04-14;32,4;71;;jah
1929-04-15;50,8;105;;jah
1929-04-16;55;112;;jah
1929-04-17;50,2;104;;jah
1929-04-18;46,2;97;;jah
1929-04-19;50,8;105;;jah
1929-04-20;56,3;114;;jah
1929-04-21;56,3;114;;jah
1929-04-22;52;107;;jah
1929-04-23;45;95;;jah
1929-04-24;40,2;86;;jah
1929-04-25;33,5;73;;jah
1929-04-26;34;74;;jah
1929-04-27;39,2;84;;jah
1929-04-28;71,6;87;;jah
1929-04-29;69,7;85;;jah
1929-04-30;78,5;94;;jah
1929-05-01;105;124;;jah
1929-05-02;150;163;;jah
1929-05-03;153;166;;jah
1929-05-04;132;148;;jah
1929-05-05;122;139;;jah
1929-05-06;124;141;;jah
1929-05-07;123;140;;jah
1929-05-08;116;134;;jah
1929-05-09;101;120;;jah
1929-05-10;96,8;116;;jah
1929-05-11;93,6;113;;jah
1929-05-12;92,5;112;;jah
1929-05-13;91,5;111;;jah
1929-05-14;84,2;104;;jah
1929-05-15;78;98;;jah
1929-05-16;73,1;93;;jah
1929-05-17;68,4;88;;jah
1929-05-18;66,5;86;;jah
1929-05-19;68,4;88;;jah
1929-05-20;97,8;117;;jah
1929-05-21;157;169;;jah
1929-05-22;154;167;;jah
1929-05-23;135;151;;jah
1929-05-24;109;127;;jah
1929-05-25;89,4;109;;jah
1929-05-26;70,2;90;;jah
1929-05-27;52,8;71;;jah
1929-05-28;43;60;;jah
1929-05-29;37,4;53;;jah
1929-05-30;32,9;47;;jah
1929-05-31;30,1;43;;jah
1929-06-01;32,4;47;;jah
1929-06-02;43,3;65;;jah
1929-06-03;67,4;97;;jah
1929-06-04;68,2;98;;jah
1929-06-05;82,9;114;;jah
1929-06-06;79;110;;jah
1929-06-07;71,7;102;;jah
1929-06-08;68,2;98;;jah
1929-06-09;63,2;92;;jah
1929-06-10;62,4;91;;jah
1929-06-11;61,5;90;;jah
1929-06-12;54,5;81;;jah
1929-06-13;46,6;70;;jah
1929-06-14;39,4;59;;jah
1929-06-15;34,6;51;;jah
1929-06-16;29,7;42;;jah
1929-06-17;25;34;;jah
1929-06-18;23,2;31;;jah
1929-06-19;21,3;28;;jah
1929-06-20;17,4;22;;jah
1929-06-21;15,6;19;;jah
1929-06-22;14,6;17;;jah
1929-06-23;12,5;13;;jah
1929-06-24;11;10;;jah
1929-06-25;13,6;15;;jah
1929-06-26;14,1;16;;jah
1929-06-27;18,1;23;;jah
1929-06-28;21,3;28;;jah
1929-06-29;19,4;25;;jah
1929-06-30;19,3;25;;jah
1929-07-01;20;26;;jah
1929-07-02;14,6;17;;jah
1929-07-03;16,2;20;;jah
1929-07-04;15,6;19;;jah
1929-07-05;15,6;19;;jah
1929-07-06;15,1;18;;jah
1929-07-07;17,4;22;;jah
1929-07-08;34,6;51;;jah
1929-07-09;46,6;70;;jah
1929-07-10;46,6;70;;jah
1929-07-11;44,6;67;;jah
1929-07-12;40,7;61;;jah
1929-07-13;37,6;56;;jah
1929-07-14;33,5;49;;jah
1929-07-15;30,8;44;;jah
1929-07-16;27,4;38;;jah
1929-07-17;26,8;37;;jah
1929-07-18;22,6;30;;jah
1929-07-19;20,7;27;;jah
1929-07-20;17,4;22;;jah
1929-07-21;16,2;21;;jah
1929-07-22;14,6;17;;jah
1929-07-23;13,6;15;;jah
1929-07-24;12,5;13;;jah
1929-07-25;13,6;15;;jah
1929-07-26;12;12;;jah
1929-07-27;9,43;6;;jah
1929-07-28;11,5;11;;jah
1929-07-29;10,6;9;;jah
1929-07-30;9,05;5;;jah
1929-07-31;9,81;7;;jah
1929-08-01;14,4;15;;jah
1929-08-02;18,1;22;;jah
1929-08-03;16,3;19;;jah
1929-08-04;15,4;17;;jah
1929-08-05;14,4;15;;jah
1929-08-06;13,4;13;;jah
1929-08-07;9,26;3;;jah
1929-08-08;9,63;4;;jah
1929-08-09;9,63;4;;jah
1929-08-10;10;5;;jah
1929-08-11;9,63;4;;jah
1929-08-12;8,89;2;;jah
1929-08-13;10;5;;jah
1929-08-14;10,8;7;;jah
1929-08-15;11,6;9;;jah
1929-08-16;12,5;11;;jah
1929-08-17;11,6;9;;jah
1929-08-18;11,6;9;;jah
1929-08-19;13,4;13;;jah
1929-08-20;10,4;6;;jah
1929-08-21;10;5;;jah
1929-08-22;10,4;6;;jah
1929-08-23;10,4;6;;jah
1929-08-24;10;5;;jah
1929-08-25;10,4;6;;jah
1929-08-26;10,8;7;;jah
1929-08-27;12;10;;jah
1929-08-28;13,4;13;;jah
1929-08-29;14,4;15;;jah
1929-08-30;14,9;16;;jah
1929-08-31;14,4;15;;jah
1929-09-01;13,6;15;;jah
1929-09-02;12,5;13;;jah
1929-09-03;11,5;11;;jah
1929-09-04;11,5;11;;jah
1929-09-05;11,5;11;;jah
1929-09-06;11,5;11;;jah
1929-09-07;11;10;;jah
1929-09-08;12,5;13;;jah
1929-09-09;22,6;30;;jah
1929-09-10;27,4;38;;jah
1929-09-11;28,7;40;;jah
1929-09-12;30,3;43;;jah
1929-09-13;25,6;35;;jah
1929-09-14;23,8;32;;jah
1929-09-15;22,6;30;;jah
1929-09-16;21,3;28;;jah
1929-09-17;20;26;;jah
1929-09-18;18,1;23;;jah
1929-09-19;16,2;20;;jah
1929-09-20;15,1;18;;jah
1929-09-21;13,6;15;;jah
1929-09-22;13,6;15;;jah
1929-09-23;13,6;15;;jah
1929-09-24;14,1;16;;jah
1929-09-25;14,6;17;;jah
1929-09-26;14,6;17;;jah
1929-09-27;14,6;17;;jah
1929-09-28;14,6;17;;jah
1929-09-29;14,6;17;;jah
1929-09-30;14,6;17;;jah
1929-10-01;14,8;16;;jah
1929-10-02;14,8;16;;jah
1929-10-03;14,3;15;;jah
1929-10-04;17,3;21;;jah
1929-10-05;23,2;32;;jah
1929-10-06;28;40;;jah
1929-10-07;31,6;45;;jah
1929-10-08;32,4;46;;jah
1929-10-09;30,2;43;;jah
1929-10-10;29,5;42;;jah
1929-10-11;31,6;45;;jah
1929-10-12;40,4;56;;jah
1929-10-13;54,1;72;;jah
1929-10-14;70,4;90;;jah
1929-10-15;109;127;;jah
1929-10-16;133;149;;jah
1929-10-17;136;152;;jah
1929-10-18;124;141;;jah
1929-10-19;108;126;;jah
1929-10-20;94,7;114;;jah
1929-10-21;126;143;;jah
1929-10-22;131;147;;jah
1929-10-23;127;144;;jah
1929-10-24;115;133;;jah
1929-10-25;110;128;;jah
1929-10-26;103;122;;jah
1929-10-27;79,3;99;;jah
1929-10-28;74,4;94;;jah
1929-10-29;77,3;97;;jah
1929-10-30;80,3;100;;jah
1929-10-31;85,6;107;;jah
1929-11-01;87,2;109;;jah
1929-11-02;86,3;108;;jah
1929-11-03;87,2;109;;jah
1929-11-04;89;111;;jah
1929-11-05;90,9;113;;jah
1929-11-06;101;124;;jah
1929-11-07;102;125;;jah
1929-11-08;98,4;121;;jah
1929-11-09;90;112;;jah
1929-11-10;84,4;106;;jah
1929-11-11;81,7;103;;jah
1929-11-12;79,8;101;;jah
1929-11-13;83,5;105;;jah
1929-11-14;97,5;120;;jah
1929-11-15;139;159;;jah
1929-11-16;148;167;;jah
1929-11-17;136;157;;jah
1929-11-18;139;159;;jah
1929-11-19;146;165;;jah
1929-11-20;162;178;;jah
1929-11-21;151;169;;jah
1929-11-22;138;158;;jah
1929-11-23;122;145;;jah
1929-11-24;113;136;;jah
1929-11-25;105;128;;jah
1929-11-26;93,7;116;;jah
1929-11-27;90,9;113;;jah
1929-11-28;95,6;118;;jah
1929-11-29;99,4;122;;jah
1929-11-30;112;135;;jah
1929-12-01;136;161;;jah
1929-12-02;144;167;;jah
1929-12-03;147;169;;jah
1929-12-04;133;159;;jah
1929-12-05;115;144;;jah
1929-12-06;100;131;;jah
1929-12-07;87,8;119;;jah
1929-12-08;76,3;107;;jah
1929-12-09;72,6;103;;jah
1929-12-10;66,6;96;;jah
1929-12-11;60;88;;jah
1929-12-12;56,8;84;;jah
1929-12-13;54,5;81;;jah
1929-12-14;56,8;84;;jah
1929-12-15;92,9;124;;jah
1929-12-16;99,2;130;;jah
1929-12-17;92,9;124;;jah
1929-12-18;79;110;;jah
1929-12-19;62,4;91;;jah
1929-12-20;61,5;90;;jah
1929-12-21;60,7;89;;jah
1929-12-22;58,4;86;;jah
1929-12-23;51,6;77;;jah
1929-12-24;44,6;67;;jah
1929-12-25;42;63;;jah
1929-12-26;38,8;58;;jah
1929-12-27;37;55;;jah
1929-12-28;37,6;56;;jah
1929-12-29;42,6;64;;jah
1929-12-30;45,3;68;;jah
1929-12-31;47,3;71;;jah
1930-01-01;82,9;114;;jah
1930-01-02;125;152;;jah
1930-01-03;139;163;;jah
1930-01-04;144;167;;jah
1930-01-05;209;210;;jah
1930-01-06;219;216;;jah
1930-01-07;214;213;;jah
1930-01-08;223;218;;jah
1930-01-09;186;196;;jah
1930-01-10;158;177;;jah
1930-01-11;135;160;;jah
1930-01-12;113;142;;jah
1930-01-13;86,8;118;;jah
1930-01-14;73,6;104;;jah
1930-01-15;67,4;97;;jah
1930-01-16;67,4;97;;jah
1930-01-17;66,6;96;;jah
1930-01-18;59,2;87;;jah
1930-01-19;55,3;82;;jah
1930-01-20;52,3;78;;jah
1930-01-21;50,2;75;;jah
1930-01-22;47,3;71;;jah
1930-01-23;36,4;54;;jah
1930-01-24;37,6;56;;jah
1930-01-25;42;63;;jah
1930-01-26;42,6;64;;jah
1930-01-27;39,4;59;;jah
1930-01-28;35,7;51;;jah
1930-01-29;33;54;;jah
1930-01-30;31;69;;jah
1930-01-31;29,7;73;;jah
1930-02-01;28,8;71;;jah
1930-02-02;32;77;;jah
1930-02-03;34,8;83;;jah
1930-02-04;32,9;79;;jah
1930-02-05;24;60;;jah
1930-02-06;15,8;39;;jah
1930-02-07;16,6;41;;jah
1930-02-08;16,6;41;;jah
1930-02-09;17;42;;jah
1930-02-10;17,6;44;;jah
1930-02-11;15,7;39;;jah
1930-02-12;14,7;36;;jah
1930-02-13;13,1;32;;jah
1930-02-14;12,4;30;;jah
1930-02-15;10,8;26;;jah
1930-02-16;12,8;31;;jah
1930-02-17;14,4;35;;jah
1930-02-18;14,7;36;;jah
1930-02-19;14,7;36;;jah
1930-02-20;14,4;35;;jah
1930-02-21;13,4;33;;jah
1930-02-22;13,8;34;;jah
1930-02-23;13,4;33;;jah
1930-02-24;13,1;32;;jah
1930-02-25;12,8;31;;jah
1930-02-26;12,8;31;;jah
1930-02-27;11,5;28;;jah
1930-02-28;11,5;28;;jah
1930-03-01;11,2;27;;jah
1930-03-02;11,2;27;;jah
1930-03-03;14,4;35;;jah
1930-03-04;22,9;58;;jah
1930-03-05;32,9;79;;jah
1930-03-06;33,8;81;;jah
1930-03-07;30,6;75;;jah
1930-03-08;32;77;;jah
1930-03-09;46,5;103;;jah
1930-03-10;71,7;140;;jah
1930-03-11;102;178;;jah
1930-03-12;101;177;;jah
1930-03-13;92,5;167;;jah
1930-03-14;89,8;161;;jah
1930-03-15;80,6;150;;jah
1930-03-16;64,4;130;;jah
1930-03-17;54,9;117;;jah
1930-03-18;46,5;103;;jah
1930-03-19;32,4;78;;jah
1930-03-20;19,4;49;;jah
1930-03-21;20,4;52;;jah
1930-03-22;32;77;;jah
1930-03-23;52,4;113;;jah
1930-03-24;63,1;128;;jah
1930-03-25;66,6;133;;jah
1930-03-26;68,1;135;;jah
1930-03-27;65,2;131;;jah
1930-03-28;60,4;124;;jah
1930-03-29;53;114;;jah
1930-03-30;47,5;95;;jah
1930-03-31;43,5;86;;jah
1930-04-01;55,8;70;;jah
1930-04-02;46,6;59;;jah
1930-04-03;44,4;56;;jah
1930-04-04;41,4;52;;jah
1930-04-05;39,2;49;;jah
1930-04-06;39,2;49;;jah
1930-04-07;42,2;53;;jah
1930-04-08;41,4;52;;jah
1930-04-09;42,2;53;;jah
1930-04-10;42,2;53;;jah
1930-04-11;42,2;53;;jah
1930-04-12;40,6;51;;jah
1930-04-13;39,2;49;;jah
1930-04-14;38,5;48;;jah
1930-04-15;35,7;44;;jah
1930-04-16;33,6;41;;jah
1930-04-17;32,2;39;;jah
1930-04-18;37,8;47;;jah
1930-04-19;57,6;72;;jah
1930-04-20;73,5;89;;jah
1930-04-21;75,5;91;;jah
1930-04-22;67,8;83;;jah
1930-04-23;58,5;73;;jah
1930-04-24;51,6;65;;jah
1930-04-25;44,4;56;;jah
1930-04-26;39,9;50;;jah
1930-04-27;35;43;;jah
1930-04-28;31,6;38;;jah
1930-04-29;30,9;37;;jah
1930-04-30;27,8;35;;jah
1930-05-01;24,9;35;;jah
1930-05-02;22,4;31;;jah
1930-05-03;23;32;;jah
1930-05-04;23;32;;jah
1930-05-05;20,6;28;;jah
1930-05-06;18,3;24;;jah
1930-05-07;16,6;21;;jah
1930-05-08;16;20;;jah
1930-05-09;13,9;15;;jah
1930-05-10;14,3;16;;jah
1930-05-11;12,2;11;;jah
1930-05-12;11;8;;jah
1930-05-13;11,8;10;;jah
1930-05-14;11,4;9;;jah
1930-05-15;11,8;10;;jah
1930-05-16;10,6;7;;jah
1930-05-17;9,46;4;;jah
1930-05-18;9,85;5;;jah
1930-05-19;9,85;5;;jah
1930-05-20;9,07;3;;jah
1930-05-21;9,07;3;;jah
1930-05-22;9,46;4;;jah
1930-05-23;9,07;3;;jah
1930-05-24;8,29;1;;jah
1930-05-25;8,68;2;;jah
1930-05-26;12,2;11;;jah
1930-05-27;11,4;9;;jah
1930-05-28;15,2;18;;jah
1930-05-29;95,7;115;;jah
1930-05-30;127;144;;jah
1930-05-31;130;146;;jah
1930-06-01;104;134;;jah
1930-06-02;80,9;112;;jah
1930-06-03;62,4;91;;jah
1930-06-04;48,7;73;;jah
1930-06-05;42;63;;jah
1930-06-06;35,8;53;;jah
1930-06-07;30,3;43;;jah
1930-06-08;28,4;39;;jah
1930-06-09;25;34;;jah
1930-06-10;21,3;28;;jah
1930-06-11;15,1;18;;jah
1930-06-12;14,1;16;;jah
1930-06-13;15,1;18;;jah
1930-06-14;14,6;17;;jah
1930-06-15;13;14;;jah
1930-06-16;10,2;8;;jah
1930-06-17;8,29;3;;jah
1930-06-18;7,15;0;;jah
1930-06-19;7,91;2;;jah
1930-06-20;7,91;2;;jah
1930-06-21;6,7;-2;;jah
1930-06-22;5,35;-8;;jah
1930-06-23;6,7;-2;;jah
1930-06-24;6,02;-5;;jah
1930-06-25;6,02;-5;;jah
1930-06-26;6,02;-5;;jah
1930-06-27;6,02;-5;;jah
1930-06-28;6,02;-5;;jah
1930-06-29;4,9;-10;;jah
1930-06-30;6,92;-1;;jah
1930-07-01;6,88;-2;;jah
1930-07-02;6,88;-2;;jah
1930-07-03;7,4;0;;jah
1930-07-04;7,14;-1;;jah
1930-07-05;6,62;-3;;jah
1930-07-06;5,86;-6;;jah
1930-07-07;5,86;-6;;jah
1930-07-08;6,36;-4;;jah
1930-07-09;7,14;-1;;jah
1930-07-10;6,62;-3;;jah
1930-07-11;8,85;5;;jah
1930-07-12;10,4;10;;jah
1930-07-13;8,27;3;;jah
1930-07-14;9,78;8;;jah
1930-07-15;9,78;8;;jah
1930-07-16;9,47;7;;jah
1930-07-17;7,4;0;;jah
1930-07-18;7,14;-1;;jah
1930-07-19;6,62;-3;;jah
1930-07-20;6,1;-5;;jah
1930-07-21;7,4;0;;jah
1930-07-22;7,4;0;;jah
1930-07-23;7,14;-1;;jah
1930-07-24;7,14;-1;;jah
1930-07-25;8,27;3;;jah
1930-07-26;9,16;6;;jah
1930-07-27;9,47;7;;jah
1930-07-28;16,2;25;;jah
1930-07-29;21,9;37;;jah
1930-07-30;23;39;;jah
1930-07-31;21,4;36;;jah
1930-08-01;19,1;31;;jah
1930-08-02;16,9;26;;jah
1930-08-03;17,7;28;;jah
1930-08-04;16,9;26;;jah
1930-08-05;14,3;20;;jah
1930-08-06;11,9;14;;jah
1930-08-07;12,3;15;;jah
1930-08-08;13,5;18;;jah
1930-08-09;18,2;29;;jah
1930-08-10;29,8;50;;jah
1930-08-11;38,9;63;;jah
1930-08-12;107;144;;jah
1930-08-13;135;167;;jah
1930-08-14;122;157;;jah
1930-08-15;118;153;;jah
1930-08-16;111;147;;jah
1930-08-17;140;171;;jah
1930-08-18;209;208;;jah
1930-08-19;176;193;;jah
1930-08-20;160;184;;jah
1930-08-21;167;188;;jah
1930-08-22;218;214;;jah
1930-08-23;239;230;;jah
1930-08-24;226;220;;jah
1930-08-25;183;196;;jah
1930-08-26;150;177;;jah
1930-08-27;116;152;;jah
1930-08-28;92,6;129;;jah
1930-08-29;74,8;109;;jah
1930-08-30;58,7;89;;jah
1930-08-31;47;74;;jah
1930-09-01;47,2;64;;jah
1930-09-02;43,3;59;;jah
1930-09-03;42,5;58;;jah
1930-09-04;35,2;48;;jah
1930-09-05;34,5;47;;jah
1930-09-06;29,7;40;;jah
1930-09-07;27;36;;jah
1930-09-08;24,3;32;;jah
1930-09-09;23,7;31;;jah
1930-09-10;25;33;;jah
1930-09-11;23,7;31;;jah
1930-09-12;22,4;29;;jah
1930-09-13;20,6;26;;jah
1930-09-14;18,8;23;;jah
1930-09-15;17,6;21;;jah
1930-09-16;16,4;19;;jah
1930-09-17;17,6;21;;jah
1930-09-18;17,6;21;;jah
1930-09-19;17,6;21;;jah
1930-09-20;16,4;19;;jah
1930-09-21;16,4;19;;jah
1930-09-22;16,4;19;;jah
1930-09-23;18,2;22;;jah
1930-09-24;21,2;27;;jah
1930-09-25;20;25;;jah
1930-09-26;19,4;24;;jah
1930-09-27;19,4;24;;jah
1930-09-28;18,2;22;;jah
1930-09-29;18,8;23;;jah
1930-09-30;19,4;24;;jah
1930-10-01;19,4;25;;jah
1930-10-02;19,9;26;;jah
1930-10-03;19,4;25;;jah
1930-10-04;19,4;25;;jah
1930-10-05;20,4;27;;jah
1930-10-06;27,4;39;;jah
1930-10-07;31,6;45;;jah
1930-10-08;32,4;46;;jah
1930-10-09;42,1;58;;jah
1930-10-10;96,8;116;;jah
1930-10-11;130;146;;jah
1930-10-12;139;154;;jah
1930-10-13;135;151;;jah
1930-10-14;125;142;;jah
1930-10-15;122;139;;jah
1930-10-16;118;135;;jah
1930-10-17;112;130;;jah
1930-10-18;103;122;;jah
1930-10-19;95,8;115;;jah
1930-10-20;85,4;105;;jah
1930-10-21;76,3;96;;jah
1930-10-22;68,5;88;;jah
1930-10-23;60,2;79;;jah
1930-10-24;51,5;69;;jah
1930-10-25;53,2;71;;jah
1930-10-26;55,8;74;;jah
1930-10-27;69,5;89;;jah
1930-10-28;78,3;98;;jah
1930-10-29;72,4;92;;jah
1930-10-30;67,6;87;;jah
1930-10-31;66,7;86;;jah
1930-11-01;68,6;85;;jah
1930-11-02;71,4;88;;jah
1930-11-03;82;99;;jah
1930-11-04;106;122;;jah
1930-11-05;159;167;;jah
1930-11-06;234;226;;jah
1930-11-07;362;305;;jah
1930-11-08;370;309;;jah
1930-11-09;380;314;;jah
1930-11-10;370;309;;jah
1930-11-11;339;293;;jah
1930-11-12;306;275;;jah
1930-11-13;278;257;;jah
1930-11-14;282;260;;jah
1930-11-15;270;252;;jah
1930-11-16;279;258;;jah
1930-11-17;267;250;;jah
1930-11-18;227;211;;jah
1930-11-19;205;204;;jah
1930-11-20;182;186;;jah
1930-11-21;157;165;;jah
1930-11-22;138;150;;jah
1930-11-23;133;146;;jah
1930-11-24;90;107;;jah
1930-11-25;89;106;;jah
1930-11-26;96,3;113;;jah
1930-11-27;107;123;;jah
1930-11-28;165;172;;jah
1930-11-29;188;191;;jah
1930-11-30;191;193;;jah
1930-12-01;157;182;;jah
1930-12-02;116;149;;jah
1930-12-03;88;121;;jah
1930-12-04;93,6;127;;jah
1930-12-05;89,8;123;;jah
1930-12-06;86,1;119;;jah
1930-12-07;79,7;112;;jah
1930-12-08;74,3;106;;jah
1930-12-09;66,4;97;;jah
1930-12-10;55,5;84;;jah
1930-12-11;52,2;80;;jah
1930-12-12;39,8;65;;jah
1930-12-13;21,9;58;;jah
1930-12-14;18,6;49;;jah
1930-12-15;18,3;50;;jah
1930-12-16;18;70;;jah
1930-12-17;17,7;81;;jah
1930-12-18;17,2;85;;jah
1930-12-19;17;70;;jah
1930-12-20;16,7;53;;jah
1930-12-21;16,4;42;;jah
1930-12-22;16,4;44;;jah
1930-12-23;16,4;46;;jah
1930-12-24;16,1;53;;jah
1930-12-25;16,1;50;;jah
1930-12-26;16,1;41;;jah
1930-12-27;15,8;48;;jah
1930-12-28;15,5;51;;jah
1930-12-29;15,5;52;;jah
1930-12-30;15,2;51;;jah
1930-12-31;15,2;51;;jah
1931-01-01;14,4;54;;jah
1931-01-02;14,1;51;;jah
1931-01-03;13,8;47;;jah
1931-01-04;13,6;39;;jah
1931-01-05;13,8;34;;jah
1931-01-06;12,8;31;;jah
1931-01-07;11,5;28;;jah
1931-01-08;11,2;27;;jah
1931-01-09;10,8;26;;jah
1931-01-10;9,91;24;;jah
1931-01-11;9,28;22;;jah
1931-01-12;8,4;20;;jah
1931-01-13;7,18;16;;jah
1931-01-14;7,58;17;;jah
1931-01-15;8,71;21;;jah
1931-01-16;9,28;22;;jah
1931-01-17;9,6;23;;jah
1931-01-18;11,2;27;;jah
1931-01-19;11,2;27;;jah
1931-01-20;10,8;26;;jah
1931-01-21;10,4;25;;jah
1931-01-22;10,8;26;;jah
1931-01-23;10,4;25;;jah
1931-01-24;9,6;23;;jah
1931-01-25;9,28;22;;jah
1931-01-26;8,4;20;;jah
1931-01-27;7,86;18;;jah
1931-01-28;7,86;18;;jah
1931-01-29;7,18;16;;jah
1931-01-30;6,9;15;;jah
1931-01-31;7,18;16;;jah
1931-02-01;8,1;17;;jah
1931-02-02;8,86;21;;jah
1931-02-03;8,65;20;;jah
1931-02-04;8,46;19;;jah
1931-02-05;8,28;18;;jah
1931-02-06;7,72;15;;jah
1931-02-07;7,36;13;;jah
1931-02-08;7,17;12;;jah
1931-02-09;8,28;18;;jah
1931-02-10;7,72;15;;jah
1931-02-11;7,72;15;;jah
1931-02-12;7,72;15;;jah
1931-02-13;7,91;16;;jah
1931-02-14;7,91;16;;jah
1931-02-15;8,28;18;;jah
1931-02-16;8,46;19;;jah
1931-02-17;8,28;18;;jah
1931-02-18;8,28;18;;jah
1931-02-19;8,28;18;;jah
1931-02-20;8,28;18;;jah
1931-02-21;8,28;18;;jah
1931-02-22;8,28;18;;jah
1931-02-23;8,1;17;;jah
1931-02-24;8,1;17;;jah
1931-02-25;8,1;17;;jah
1931-02-26;8,28;18;;jah
1931-02-27;8,1;17;;jah
1931-02-28;8,1;17;;jah
1931-03-01;8,82;17;;jah
1931-03-02;8,82;17;;jah
1931-03-03;9,08;18;;jah
1931-03-04;9,08;18;;jah
1931-03-05;9,6;20;;jah
1931-03-06;9,6;20;;jah
1931-03-07;9,34;19;;jah
1931-03-08;9,91;21;;jah
1931-03-09;10,5;23;;jah
1931-03-10;9,91;21;;jah
1931-03-11;10,2;22;;jah
1931-03-12;9,91;21;;jah
1931-03-13;10,2;22;;jah
1931-03-14;9,6;20;;jah
1931-03-15;9,6;20;;jah
1931-03-16;9,91;21;;jah
1931-03-17;10,2;22;;jah
1931-03-18;10,5;23;;jah
1931-03-19;10,2;22;;jah
1931-03-20;10,2;22;;jah
1931-03-21;10,5;23;;jah
1931-03-22;9,91;21;;jah
1931-03-23;10,2;22;;jah
1931-03-24;9,91;21;;jah
1931-03-25;9,91;21;;jah
1931-03-26;9,91;21;;jah
1931-03-27;9,91;21;;jah
1931-03-28;9,91;21;;jah
1931-03-29;9,91;21;;jah
1931-03-30;10,2;22;;jah
1931-03-31;9,74;22;;jah
1931-04-01;9,74;22;;jah
1931-04-02;9,28;22;;jah
1931-04-03;9,28;22;;jah
1931-04-04;9,28;22;;jah
1931-04-05;9,6;23;;jah
1931-04-06;10,4;25;;jah
1931-04-07;11,5;28;;jah
1931-04-08;11,5;28;;jah
1931-04-09;11,5;28;;jah
1931-04-10;11,8;29;;jah
1931-04-11;10,4;25;;jah
1931-04-12;11,8;29;;jah
1931-04-13;11,2;24;;jah
1931-04-14;10,8;26;;jah
1931-04-15;11,8;29;;jah
1931-04-16;13;34;;jah
1931-04-17;15,3;40;;jah
1931-04-18;20;51;;jah
1931-04-19;40,1;93;;jah
1931-04-20;88,2;167;;jah
1931-04-21;165;252;;jah
1931-04-22;296;344;;jah
1931-04-23;496;443;;jah
1931-04-24;682;503;;jah
1931-04-25;798;508;;jah
1931-04-26;762;479;;jah
1931-04-27;682;447;;jah
1931-04-28;610;417;;jah
1931-04-29;547;390;;jah
1931-04-30;508;373;;jah
1931-05-01;438;342;;jah
1931-05-02;372;310;;jah
1931-05-03;324;285;;jah
1931-05-04;295;268;;jah
1931-05-05;254;241;;jah
1931-05-06;210;208;;jah
1931-05-07;149;148;;jah
1931-05-08;107;121;;jah
1931-05-09;84,5;100;;jah
1931-05-10;71,6;87;;jah
1931-05-11;57,6;72;;jah
1931-05-12;48,3;66;;jah
1931-05-13;40,6;57;;jah
1931-05-14;36,6;52;;jah
1931-05-15;31,5;45;;jah
1931-05-16;28;40;;jah
1931-05-17;26,8;38;;jah
1931-05-18;25,5;36;;jah
1931-05-19;24,3;34;;jah
1931-05-20;24,3;34;;jah
1931-05-21;26,1;37;;jah
1931-05-22;28,7;41;;jah
1931-05-23;32,9;47;;jah
1931-05-24;32,9;47;;jah
1931-05-25;39;55;;jah
1931-05-26;40,6;57;;jah
1931-05-27;39,8;56;;jah
1931-05-28;26,8;38;;jah
1931-05-29;21,2;29;;jah
1931-05-30;17,7;23;;jah
1931-05-31;16,6;21;;jah
1931-06-01;16,9;22;;jah
1931-06-02;18,3;26;;jah
1931-06-03;18,8;27;;jah
1931-06-04;18,8;27;;jah
1931-06-05;19,3;28;;jah
1931-06-06;20,4;30;;jah
1931-06-07;25,5;39;;jah
1931-06-08;30;46;;jah
1931-06-09;28;43;;jah
1931-06-10;24;37;;jah
1931-06-11;19,3;28;;jah
1931-06-12;18,8;27;;jah
1931-06-13;18,3;26;;jah
1931-06-14;17,8;25;;jah
1931-06-15;15,1;20;;jah
1931-06-16;17,8;25;;jah
1931-06-17;16,7;23;;jah
1931-06-18;15,1;20;;jah
1931-06-19;13,7;17;;jah
1931-06-20;14,6;19;;jah
1931-06-21;15,6;21;;jah
1931-06-22;16,7;23;;jah
1931-06-23;13,3;16;;jah
1931-06-24;15,6;21;;jah
1931-06-25;18,8;27;;jah
1931-06-26;19,3;28;;jah
1931-06-27;18,3;26;;jah
1931-06-28;16,2;22;;jah
1931-06-29;14,6;19;;jah
1931-06-30;12,5;15;;jah
1931-07-01;12,5;15;;jah
1931-07-02;11,8;14;;jah
1931-07-03;11,1;12;;jah
1931-07-04;10,8;11;;jah
1931-07-05;10,1;9;;jah
1931-07-06;9,78;8;;jah
1931-07-07;9,47;7;;jah
1931-07-08;8,85;5;;jah
1931-07-09;8,27;3;;jah
1931-07-10;8,56;4;;jah
1931-07-11;9,16;6;;jah
1931-07-12;7,98;2;;jah
1931-07-13;9,16;6;;jah
1931-07-14;8,85;5;;jah
1931-07-15;9,16;6;;jah
1931-07-16;8,56;4;;jah
1931-07-17;8,27;3;;jah
1931-07-18;8,27;3;;jah
1931-07-19;7,69;1;;jah
1931-07-20;9,16;6;;jah
1931-07-21;8,85;5;;jah
1931-07-22;9,16;6;;jah
1931-07-23;9,78;8;;jah
1931-07-24;8,85;5;;jah
1931-07-25;8,56;4;;jah
1931-07-26;8,85;5;;jah
1931-07-27;8,56;4;;jah
1931-07-28;8,85;5;;jah
1931-07-29;9,47;7;;jah
1931-07-30;8,56;4;;jah
1931-07-31;8,56;4;;jah
1931-08-01;8,53;1;;jah
1931-08-02;7,47;-3;;jah
1931-08-03;7,7;-2;;jah
1931-08-04;7,7;-2;;jah
1931-08-05;7,92;-1;;jah
1931-08-06;8,15;0;;jah
1931-08-07;6,57;-7;;jah
1931-08-08;7,47;-3;;jah
1931-08-09;6,35;-8;;jah
1931-08-10;7,25;-4;;jah
1931-08-11;7,47;-3;;jah
1931-08-12;6,8;-6;;jah
1931-08-13;6,57;-7;;jah
1931-08-14;6,57;-7;;jah
1931-08-15;6,12;-9;;jah
1931-08-16;5,9;-10;;jah
1931-08-17;6,8;-6;;jah
1931-08-18;6,35;-8;;jah
1931-08-19;5,9;-10;;jah
1931-08-20;6,35;-8;;jah
1931-08-21;7,02;-5;;jah
1931-08-22;7,47;-3;;jah
1931-08-23;7,47;-3;;jah
1931-08-24;8,15;0;;jah
1931-08-25;8,53;1;;jah
1931-08-26;8,15;0;;jah
1931-08-27;8,79;3;;jah
1931-08-28;8,53;1;;jah
1931-08-29;8,61;2;;jah
1931-08-30;9,67;4;;jah
1931-08-31;10,8;7;;jah
1931-09-01;9,5;7;;jah
1931-09-02;10;8;;jah
1931-09-03;10;8;;jah
1931-09-04;9,5;7;;jah
1931-09-05;9,5;7;;jah
1931-09-06;13,4;14;;jah
1931-09-07;38,1;52;;jah
1931-09-08;38,1;52;;jah
1931-09-09;41,8;57;;jah
1931-09-10;48,8;66;;jah
1931-09-11;56;75;;jah
1931-09-12;54,4;73;;jah
1931-09-13;52;70;;jah
1931-09-14;52,8;71;;jah
1931-09-15;54,4;73;;jah
1931-09-16;55,2;74;;jah
1931-09-17;47,2;64;;jah
1931-09-18;44,8;61;;jah
1931-09-19;38,8;53;;jah
1931-09-20;38,1;52;;jah
1931-09-21;34,5;47;;jah
1931-09-22;31,8;43;;jah
1931-09-23;29,7;40;;jah
1931-09-24;28,4;38;;jah
1931-09-25;25;33;;jah
1931-09-26;23;30;;jah
1931-09-27;21,8;28;;jah
1931-09-28;21,2;27;;jah
1931-09-29;21,8;28;;jah
1931-09-30;17,6;21;;jah
1931-10-01;16,3;19;;jah
1931-10-02;14,3;15;;jah
1931-10-03;13,8;14;;jah
1931-10-04;14,3;15;;jah
1931-10-05;10,9;8;;jah
1931-10-06;13,3;13;;jah
1931-10-07;15,3;17;;jah
1931-10-08;14,8;16;;jah
1931-10-09;14,8;16;;jah
1931-10-10;16,8;20;;jah
1931-10-11;18,9;24;;jah
1931-10-12;17,8;22;;jah
1931-10-13;17,3;21;;jah
1931-10-14;17,3;21;;jah
1931-10-15;16,8;20;;jah
1931-10-16;17,3;21;;jah
1931-10-17;16,8;20;;jah
1931-10-18;15,8;18;;jah
1931-10-19;15,3;17;;jah
1931-10-20;74,4;94;;jah
1931-10-21;142;157;;jah
1931-10-22;123;140;;jah
1931-10-23;126;143;;jah
1931-10-24;178;187;;jah
1931-10-25;195;201;;jah
1931-10-26;182;190;;jah
1931-10-27;156;168;;jah
1931-10-28;139;154;;jah
1931-10-29;118;135;;jah
1931-10-30;96,8;116;;jah
1931-10-31;86,4;106;;jah
1931-11-01;80,1;97;;jah
1931-11-02;75,2;92;;jah
1931-11-03;75,2;92;;jah
1931-11-04;84;101;;jah
1931-11-05;88;105;;jah
1931-11-06;87;104;;jah
1931-11-07;79,1;96;;jah
1931-11-08;70,5;87;;jah
1931-11-09;62,2;78;;jah
1931-11-10;53,4;68;;jah
1931-11-11;52,6;67;;jah
1931-11-12;86;103;;jah
1931-11-13;90;107;;jah
1931-11-14;107;123;;jah
1931-11-15;104;120;;jah
1931-11-16;103;119;;jah
1931-11-17;108;124;;jah
1931-11-18;113;128;;jah
1931-11-19;115;130;;jah
1931-11-20;116;131;;jah
1931-11-21;81,1;98;;jah
1931-11-22;55,9;71;;jah
1931-11-23;50,2;64;;jah
1931-11-24;44,7;63;;jah
1931-11-25;43,2;61;;jah
1931-11-26;40,6;63;;jah
1931-11-27;38,4;67;;jah
1931-11-28;36,2;116;;jah
1931-11-29;33,8;87;;jah
1931-11-30;31,5;81;;jah
1931-12-01;29,2;71;;jah
1931-12-02;27,2;71;;jah
1931-12-03;25,5;90;;jah
1931-12-04;24,3;88;;jah
1931-12-05;21,9;88;;jah
1931-12-06;20;53;;jah
1931-12-07;15;37;;jah
1931-12-08;12,2;27;;jah
1931-12-09;11,8;25;;jah
1931-12-10;11;22;;jah
1931-12-11;10,5;20;;jah
1931-12-12;9,87;17;;jah
1931-12-13;9,45;15;;jah
1931-12-14;9,45;15;;jah
1931-12-15;9,87;17;;jah
1931-12-16;10,1;18;;jah
1931-12-17;10,1;18;;jah
1931-12-18;10,1;18;;jah
1931-12-19;10,1;18;;jah
1931-12-20;9,87;17;;jah
1931-12-21;9,87;17;;jah
1931-12-22;9,66;16;;jah
1931-12-23;9,87;17;;jah
1931-12-24;9,87;17;;jah
1931-12-25;11,8;25;;jah
1931-12-26;15,8;40;;jah
1931-12-27;16,4;42;;jah
1931-12-28;17;44;;jah
1931-12-29;16,7;43;;jah
1931-12-30;16,4;42;;jah
1931-12-31;16,4;42;;jah
1932-01-01;16,3;43;;jah
1932-01-02;17,5;47;;jah
1932-01-03;17,5;47;;jah
1932-01-04;16,9;45;;jah
1932-01-05;15,3;40;;jah
1932-01-06;13,8;35;;jah
1932-01-07;18,5;50;;jah
1932-01-08;33;89;;jah
1932-01-09;42,7;111;;jah
1932-01-10;44,5;115;;jah
1932-01-11;49,2;125;;jah
1932-01-12;46,8;120;;jah
1932-01-13;39,5;104;;jah
1932-01-14;35,1;94;;jah
1932-01-15;33;89;;jah
1932-01-16;33,4;90;;jah
1932-01-17;38,2;101;;jah
1932-01-18;52,6;132;;jah
1932-01-19;90,8;198;;jah
1932-01-20;170;285;;jah
1932-01-21;280;343;;jah
1932-01-22;291;347;;jah
1932-01-23;257;334;;jah
1932-01-24;236;325;;jah
1932-01-25;192;301;;jah
1932-01-26;177;291;;jah
1932-01-27;152;270;;jah
1932-01-28;136;255;;jah
1932-01-29;123;241;;jah
1932-01-30;145;264;;jah
1932-01-31;127;246;;jah
1932-02-01;118;189;;jah
1932-02-02;104;175;;jah
1932-02-03;107;178;;jah
1932-02-04;114;186;;jah
1932-02-05;121;192;;jah
1932-02-06;114;186;;jah
1932-02-07;106;177;;jah
1932-02-08;96,8;169;;jah
1932-02-09;92,4;164;;jah
1932-02-10;88,1;159;;jah
1932-02-11;82,3;152;;jah
1932-02-12;74;143;;jah
1932-02-13;69,5;137;;jah
1932-02-14;64,4;130;;jah
1932-02-15;62,4;127;;jah
1932-02-16;59;122;;jah
1932-02-17;54,9;117;;jah
1932-02-18;51,2;111;;jah
1932-02-19;48,2;106;;jah
1932-02-20;45,9;102;;jah
1932-02-21;44,2;99;;jah
1932-02-22;40,9;94;;jah
1932-02-23;38,8;90;;jah
1932-02-24;37,8;88;;jah
1932-02-25;34,8;83;;jah
1932-02-26;32,4;78;;jah
1932-02-27;28,8;71;;jah
1932-02-28;28;69;;jah
1932-02-29;27,2;67;;jah
1932-03-01;27,3;68;;jah
1932-03-02;25,6;64;;jah
1932-03-03;25,2;63;;jah
1932-03-04;23,6;59;;jah
1932-03-05;22,8;57;;jah
1932-03-06;20,7;52;;jah
1932-03-07;19,9;50;;jah
1932-03-08;19,1;48;;jah
1932-03-09;18,7;47;;jah
1932-03-10;17,9;45;;jah
1932-03-11;17,1;43;;jah
1932-03-12;15,5;39;;jah
1932-03-13;16,3;41;;jah
1932-03-14;16,3;41;;jah
1932-03-15;16,7;42;;jah
1932-03-16;15,9;40;;jah
1932-03-17;16,7;42;;jah
1932-03-18;16,3;41;;jah
1932-03-19;15,9;40;;jah
1932-03-20;15,1;38;;jah
1932-03-21;15,1;38;;jah
1932-03-22;14,7;37;;jah
1932-03-23;14,7;37;;jah
1932-03-24;14,3;36;;jah
1932-03-25;14,7;37;;jah
1932-03-26;15,1;38;;jah
1932-03-27;14,7;37;;jah
1932-03-28;14,3;36;;jah
1932-03-29;14,3;36;;jah
1932-03-30;14;35;;jah
1932-03-31;14,3;36;;jah
1932-04-01;14,9;38;;jah
1932-04-02;15,5;40;;jah
1932-04-03;17;44;;jah
1932-04-04;28,7;70;;jah
1932-04-05;72,8;146;;jah
1932-04-06;190;274;;jah
1932-04-07;241;310;;jah
1932-04-08;328;362;;jah
1932-04-09;412;405;;jah
1932-04-10;460;428;;jah
1932-04-11;518;451;;jah
1932-04-12;604;481;;jah
1932-04-13;684;489;;jah
1932-04-14;677;445;;jah
1932-04-15;598;412;;jah
1932-04-16;522;379;;jah
1932-04-17;413;330;;jah
1932-04-18;348;298;;jah
1932-04-19;298;270;;jah
1932-04-20;245;234;;jah
1932-04-21;185;188;;jah
1932-04-22;144;154;;jah
1932-04-23;116;129;;jah
1932-04-24;104;118;;jah
1932-04-25;96,1;111;;jah
1932-04-26;84,5;100;;jah
1932-04-27;78,5;94;;jah
1932-04-28;73,5;89;;jah
1932-04-29;68,7;84;;jah
1932-04-30;71,6;87;;jah
1932-05-01;65,6;85;;jah
1932-05-02;60,1;79;;jah
1932-05-03;53,7;72;;jah
1932-05-04;55,5;74;;jah
1932-05-05;61,9;81;;jah
1932-05-06;77,1;97;;jah
1932-05-07;78;98;;jah
1932-05-08;102;121;;jah
1932-05-09;113;131;;jah
1932-05-10;99,9;119;;jah
1932-05-11;162;173;;jah
1932-05-12;188;195;;jah
1932-05-13;178;187;;jah
1932-05-14;157;169;;jah
1932-05-15;127;144;;jah
1932-05-16;101;120;;jah
1932-05-17;79;99;;jah
1932-05-18;59,2;78;;jah
1932-05-19;40,6;57;;jah
1932-05-20;35,8;51;;jah
1932-05-21;34,3;49;;jah
1932-05-22;33,6;48;;jah
1932-05-23;32,9;47;;jah
1932-05-24;36,6;52;;jah
1932-05-25;37,4;53;;jah
1932-05-26;46,6;64;;jah
1932-05-27;91,5;111;;jah
1932-05-28;113;131;;jah
1932-05-29;106;125;;jah
1932-05-30;90,4;110;;jah
1932-05-31;70,2;90;;jah
1932-06-01;49,4;74;;jah
1932-06-02;41,3;62;;jah
1932-06-03;35,2;52;;jah
1932-06-04;29,7;42;;jah
1932-06-05;26,8;37;;jah
1932-06-06;23,2;31;;jah
1932-06-07;23,8;32;;jah
1932-06-08;20,6;30;;jah
1932-06-09;20;26;;jah
1932-06-10;21,3;28;;jah
1932-06-11;21,3;28;;jah
1932-06-12;22,6;30;;jah
1932-06-13;18,1;23;;jah
1932-06-14;13,6;15;;jah
1932-06-15;13,6;15;;jah
1932-06-16;12;12;;jah
1932-06-17;11,5;11;;jah
1932-06-18;11;10;;jah
1932-06-19;13,6;15;;jah
1932-06-20;11;10;;jah
1932-06-21;10,6;9;;jah
1932-06-22;10,6;9;;jah
1932-06-23;11,5;11;;jah
1932-06-24;14,1;16;;jah
1932-06-25;16,2;20;;jah
1932-06-26;16,2;20;;jah
1932-06-27;15,6;19;;jah
1932-06-28;13;14;;jah
1932-06-29;11,5;11;;jah
1932-06-30;10,9;10;;jah
1932-07-01;9,81;7;;jah
1932-07-02;9,81;7;;jah
1932-07-03;9,81;7;;jah
1932-07-04;9,81;7;;jah
1932-07-05;10,9;10;;jah
1932-07-06;8,67;4;;jah
1932-07-07;9,05;5;;jah
1932-07-08;8,67;4;;jah
1932-07-09;8,29;3;;jah
1932-07-10;7,15;0;;jah
1932-07-11;7,53;1;;jah
1932-07-12;6,7;-2;;jah
1932-07-13;6,47;-3;;jah
1932-07-14;6,47;-3;;jah
1932-07-15;6,92;-1;;jah
1932-07-16;6,25;-4;;jah
1932-07-17;5,57;-7;;jah
1932-07-18;7,91;2;;jah
1932-07-19;6,92;-1;;jah
1932-07-20;6,47;-3;;jah
1932-07-21;5,8;-6;;jah
1932-07-22;6,47;-3;;jah
1932-07-23;6,25;-4;;jah
1932-07-24;5,8;-6;;jah
1932-07-25;6,7;-2;;jah
1932-07-26;6,02;-5;;jah
1932-07-27;6,92;-1;;jah
1932-07-28;6,47;-3;;jah
1932-07-29;7,15;0;;jah
1932-07-30;7,15;0;;jah
1932-07-31;8,67;4;;jah
1932-08-01;6,1;-3;;jah
1932-08-02;6,1;-3;;jah
1932-08-03;7,82;3;;jah
1932-08-04;6,75;0;;jah
1932-08-05;8,17;4;;jah
1932-08-06;6,54;-1;;jah
1932-08-07;5,46;-6;;jah
1932-08-08;9,24;7;;jah
1932-08-09;9,24;7;;jah
1932-08-10;9,24;7;;jah
1932-08-11;9,59;8;;jah
1932-08-12;18,6;30;;jah
1932-08-13;19,1;31;;jah
1932-08-14;21,7;36;;jah
1932-08-15;16,4;25;;jah
1932-08-16;15,2;22;;jah
1932-08-17;16,4;25;;jah
1932-08-18;10,3;10;;jah
1932-08-19;10,7;11;;jah
1932-08-20;9,94;9;;jah
1932-08-21;9,59;8;;jah
1932-08-22;9,94;9;;jah
1932-08-23;8,52;5;;jah
1932-08-24;8,17;4;;jah
1932-08-25;7,1;1;;jah
1932-08-26;9,24;7;;jah
1932-08-27;9,24;7;;jah
1932-08-28;9,24;7;;jah
1932-08-29;9,24;7;;jah
1932-08-30;9,24;7;;jah
1932-08-31;9,24;7;;jah
1932-09-01;9,5;7;;jah
1932-09-02;9,5;7;;jah
1932-09-03;9,5;7;;jah
1932-09-04;11,6;11;;jah
1932-09-05;17;20;;jah
1932-09-06;14;15;;jah
1932-09-07;14,6;16;;jah
1932-09-08;15,8;18;;jah
1932-09-09;21,2;27;;jah
1932-09-10;21,2;27;;jah
1932-09-11;20;25;;jah
1932-09-12;23,7;31;;jah
1932-09-13;67,2;89;;jah
1932-09-14;77,2;101;;jah
1932-09-15;78,1;102;;jah
1932-09-16;79;103;;jah
1932-09-17;73;96;;jah
1932-09-18;64;85;;jah
1932-09-19;56;75;;jah
1932-09-20;51,2;69;;jah
1932-09-21;56;75;;jah
1932-09-22;55,2;74;;jah
1932-09-23;58,4;78;;jah
1932-09-24;59,2;79;;jah
1932-09-25;56,8;76;;jah
1932-09-26;55,2;74;;jah
1932-09-27;53,6;72;;jah
1932-09-28;48,8;66;;jah
1932-09-29;42,5;58;;jah
1932-09-30;35,9;49;;jah
1932-10-01;34,6;49;;jah
1932-10-02;37;52;;jah
1932-10-03;44,7;61;;jah
1932-10-04;43;59;;jah
1932-10-05;44,7;61;;jah
1932-10-06;49;66;;jah
1932-10-07;54,1;72;;jah
1932-10-08;54,1;72;;jah
1932-10-09;52,3;70;;jah
1932-10-10;49,8;67;;jah
1932-10-11;49;66;;jah
1932-10-12;65,8;85;;jah
1932-10-13;78,3;98;;jah
1932-10-14;79,3;99;;jah
1932-10-15;79,3;99;;jah
1932-10-16;80,3;100;;jah
1932-10-17;81,4;101;;jah
1932-10-18;83,4;103;;jah
1932-10-19;90,5;110;;jah
1932-10-20;105;124;;jah
1932-10-21;103;122;;jah
1932-10-22;105;124;;jah
1932-10-23;104;123;;jah
1932-10-24;100;119;;jah
1932-10-25;116;134;;jah
1932-10-26;127;144;;jah
1932-10-27;134;150;;jah
1932-10-28;227;224;;jah
1932-10-29;228;225;;jah
1932-10-30;210;212;;jah
1932-10-31;186;193;;jah
1932-11-01;151;169;;jah
1932-11-02;126;148;;jah
1932-11-03;108;131;;jah
1932-11-04;97,5;120;;jah
1932-11-05;114;137;;jah
1932-11-06;158;175;;jah
1932-11-07;166;181;;jah
1932-11-08;161;177;;jah
1932-11-09;141;161;;jah
1932-11-10;122;145;;jah
1932-11-11;108;131;;jah
1932-11-12;94,7;117;;jah
1932-11-13;78;99;;jah
1932-11-14;70,1;90;;jah
1932-11-15;61,2;79;;jah
1932-11-16;59,6;77;;jah
1932-11-17;55,6;72;;jah
1932-11-18;46,4;60;;jah
1932-11-19;35,1;50;;jah
1932-11-20;41,7;59;;jah
1932-11-21;47,7;67;;jah
1932-11-22;43,2;61;;jah
1932-11-23;49,2;69;;jah
1932-11-24;58;75;;jah
1932-11-25;67,7;87;;jah
1932-11-26;71;91;;jah
1932-11-27;72,7;93;;jah
1932-11-28;75,4;96;;jah
1932-11-29;79,8;101;;jah
1932-11-30;76;97;;jah
1932-12-01;67,8;91;;jah
1932-12-02;64;88;;jah
1932-12-03;62,8;87;;jah
1932-12-04;60,4;85;;jah
1932-12-05;71,5;94;;jah
1932-12-06;80,2;101;;jah
1932-12-07;84;104;;jah
1932-12-08;77,8;99;;jah
1932-12-09;61,6;86;;jah
1932-12-10;48,2;75;;jah
1932-12-11;40;68;;jah
1932-12-12;35,5;64;;jah
1932-12-13;34,4;63;;jah
1932-12-14;33,3;62;;jah
1932-12-15;31;60;;jah
1932-12-16;22,8;48;;jah
1932-12-17;33,3;62;;jah
1932-12-18;65,3;89;;jah
1932-12-19;81,5;102;;jah
1932-12-20;80,2;101;;jah
1932-12-21;77,8;99;;jah
1932-12-22;65,3;89;;jah
1932-12-23;53;79;;jah
1932-12-24;45,9;73;;jah
1932-12-25;42,3;70;;jah
1932-12-26;41,2;69;;jah
1932-12-27;42,3;70;;jah
1932-12-28;43,5;71;;jah
1932-12-29;40;68;;jah
1932-12-30;36,6;65;;jah
1932-12-31;38,9;67;;jah
1933-01-01;30;50;;jah
1933-01-02;27,1;42;;jah
1933-01-03;25,9;35;;jah
1933-01-04;26;36;;jah
1933-01-05;27;41;;jah
1933-01-06;27,5;44;;jah
1933-01-07;26,7;40;;jah
1933-01-08;25,6;33;;jah
1933-01-09;25;28;;jah
1933-01-10;26;36;;jah
1933-01-11;23;44;;jah
1933-01-12;19,9;54;;jah
1933-01-13;21,2;58;;jah
1933-01-14;22,3;61;;jah
1933-01-15;23,7;65;;jah
1933-01-16;25,9;71;;jah
1933-01-17;24,4;67;;jah
1933-01-18;21,9;60;;jah
1933-01-19;21,6;59;;jah
1933-01-20;16,6;44;;jah
1933-01-21;12,4;30;;jah
1933-01-22;10,4;22;;jah
1933-01-23;11,4;26;;jah
1933-01-24;10,9;24;;jah
1933-01-25;9,42;18;;jah
1933-01-26;7,98;12;;jah
1933-01-27;7,04;8;;jah
1933-01-28;6,15;4;;jah
1933-01-29;5,75;2;;jah
1933-01-30;6,58;6;;jah
1933-01-31;6,81;7;;jah
1933-02-01;6,63;9;;jah
1933-02-02;7,17;12;;jah
1933-02-03;8,1;17;;jah
1933-02-04;8,46;19;;jah
1933-02-05;8,65;20;;jah
1933-02-06;8,86;21;;jah
1933-02-07;9,08;22;;jah
1933-02-08;9,08;22;;jah
1933-02-09;7,72;15;;jah
1933-02-10;7,91;16;;jah
1933-02-11;7,91;16;;jah
1933-02-12;8,1;17;;jah
1933-02-13;8,46;19;;jah
1933-02-14;8,86;21;;jah
1933-02-15;8,28;18;;jah
1933-02-16;8,1;17;;jah
1933-02-17;8,1;17;;jah
1933-02-18;8,1;17;;jah
1933-02-19;7,91;16;;jah
1933-02-20;7,72;15;;jah
1933-02-21;7,72;15;;jah
1933-02-22;7,72;15;;jah
1933-02-23;6,8;10;;jah
1933-02-24;6,3;7;;jah
1933-02-25;6,3;7;;jah
1933-02-26;6,47;8;;jah
1933-02-27;6,98;11;;jah
1933-02-28;6,8;10;;jah
1933-03-01;6,05;5;;jah
1933-03-02;6,62;8;;jah
1933-03-03;6,43;7;;jah
1933-03-04;6,24;6;;jah
1933-03-05;7;10;;jah
1933-03-06;7,52;12;;jah
1933-03-07;6,62;8;;jah
1933-03-08;6,05;5;;jah
1933-03-09;5,86;4;;jah
1933-03-10;5,86;4;;jah
1933-03-11;6,05;5;;jah
1933-03-12;5,48;2;;jah
1933-03-13;6,24;6;;jah
1933-03-14;6,62;8;;jah
1933-03-15;6,05;5;;jah
1933-03-16;7;10;;jah
1933-03-17;15,8;37;;jah
1933-03-18;103;155;;jah
1933-03-19;225;270;;jah
1933-03-20;248;291;;jah
1933-03-21;363;357;;jah
1933-03-22;352;327;;jah
1933-03-23;318;302;;jah
1933-03-24;298;287;;jah
1933-03-25;255;255;;jah
1933-03-26;219;225;;jah
1933-03-27;198;208;;jah
1933-03-28;183;194;;jah
1933-03-29;156;171;;jah
1933-03-30;144;160;;jah
1933-03-31;111;129;;jah
1933-04-01;106;124;;jah
1933-04-02;103;121;;jah
1933-04-03;105;122;;jah
1933-04-04;114;129;;jah
1933-04-05;122;135;;jah
1933-04-06;125;137;;jah
1933-04-07;126;138;;jah
1933-04-08;120;133;;jah
1933-04-09;108;122;;jah
1933-04-10;99,4;114;;jah
1933-04-11;85,6;101;;jah
1933-04-12;71,6;87;;jah
1933-04-13;69,7;85;;jah
1933-04-14;69,7;85;;jah
1933-04-15;68,7;84;;jah
1933-04-16;65,9;81;;jah
1933-04-17;70,7;86;;jah
1933-04-18;74,5;90;;jah
1933-04-19;81,5;97;;jah
1933-04-20;80,5;96;;jah
1933-04-21;82,5;98;;jah
1933-04-22;80,5;96;;jah
1933-04-23;78,5;94;;jah
1933-04-24;77,5;93;;jah
1933-04-25;73,5;89;;jah
1933-04-26;70,7;86;;jah
1933-04-27;62,2;77;;jah
1933-04-28;49,1;62;;jah
1933-04-29;43,6;55;;jah
1933-04-30;43;60;;jah
1933-05-01;42;63;;jah
1933-05-02;44;66;;jah
1933-05-03;44,6;67;;jah
1933-05-04;44;66;;jah
1933-05-05;44;66;;jah
1933-05-06;44;66;;jah
1933-05-07;32,4;47;;jah
1933-05-08;29,7;42;;jah
1933-05-09;28,2;39;;jah
1933-05-10;26,7;36;;jah
1933-05-11;28,2;39;;jah
1933-05-12;28,2;39;;jah
1933-05-13;28,7;40;;jah
1933-05-14;29,2;41;;jah
1933-05-15;30,8;44;;jah
1933-05-16;32,4;47;;jah
1933-05-17;30,8;44;;jah
1933-05-18;29,7;42;;jah
1933-05-19;26,2;36;;jah
1933-05-20;23,8;32;;jah
1933-05-21;21,3;28;;jah
1933-05-22;20,7;27;;jah
1933-05-23;19,4;25;;jah
1933-05-24;18,7;24;;jah
1933-05-25;23,8;32;;jah
1933-05-26;32,4;47;;jah
1933-05-27;39,4;59;;jah
1933-05-28;34,6;51;;jah
1933-05-29;34,1;50;;jah
1933-05-30;29,7;42;;jah
1933-05-31;25,6;35;;jah
1933-06-01;22,1;33;;jah
1933-06-02;21;31;;jah
1933-06-03;18,3;26;;jah
1933-06-04;15,6;21;;jah
1933-06-05;14,6;19;;jah
1933-06-06;13,7;17;;jah
1933-06-07;11;11;;jah
1933-06-08;9,66;8;;jah
1933-06-09;9,66;8;;jah
1933-06-10;8,82;6;;jah
1933-06-11;8,82;6;;jah
1933-06-12;9,24;7;;jah
1933-06-13;6,3;0;;jah
1933-06-14;5,4;-3;;jah
1933-06-15;5,7;-2;;jah
1933-06-16;5,7;-2;;jah
1933-06-17;4,5;-6;;jah
1933-06-18;4,8;-5;;jah
1933-06-19;8,4;5;;jah
1933-06-20;5,7;-2;;jah
1933-06-21;5,1;-4;;jah
1933-06-22;4,5;-6;;jah
1933-06-23;4,2;-7;;jah
1933-06-24;3,9;-8;;jah
1933-06-25;3,9;-8;;jah
1933-06-26;5,7;-2;;jah
1933-06-27;6,72;1;;jah
1933-06-28;6,3;0;;jah
1933-06-29;6,72;1;;jah
1933-06-30;6,3;0;;jah
1933-07-01;6;-5;;jah
1933-07-02;6,9;-1;;jah
1933-07-03;6,5;-3;;jah
1933-07-04;6,3;-4;;jah
1933-07-05;6,5;-3;;jah
1933-07-06;6,2;-4;;jah
1933-07-07;6;-5;;jah
1933-07-08;5,1;-9;;jah
1933-07-09;5,4;-8;;jah
1933-07-10;6;-5;;jah
1933-07-11;6;-5;;jah
1933-07-12;6;-5;;jah
1933-07-13;5,4;-8;;jah
1933-07-14;5,1;-9;;jah
1933-07-15;5,4;-8;;jah
1933-07-16;4,5;-10;;jah
1933-07-17;6,9;-1;;jah
1933-07-18;7,5;1;;jah
1933-07-19;8,3;3;;jah
1933-07-20;7,9;2;;jah
1933-07-21;7,2;0;;jah
1933-07-22;6,7;-2;;jah
1933-07-23;6,5;-3;;jah
1933-07-24;6,3;-4;;jah
1933-07-25;6,3;-4;;jah
1933-07-26;6,3;-4;;jah
1933-07-27;6,3;-4;;jah
1933-07-28;6;-5;;jah
1933-07-29;5,8;-6;;jah
1933-07-30;5,4;-8;;jah
1933-07-31;6,3;-4;;jah
1933-08-01;5,68;-5;;jah
1933-08-02;5,89;-4;;jah
1933-08-03;5,89;-4;;jah
1933-08-04;5,68;-5;;jah
1933-08-05;5,68;-5;;jah
1933-08-06;4,82;-9;;jah
1933-08-07;5,89;-4;;jah
1933-08-08;6,1;-3;;jah
1933-08-09;6,1;-3;;jah
1933-08-10;5,68;-5;;jah
1933-08-11;6,1;-3;;jah
1933-08-12;6,32;-2;;jah
1933-08-13;5,24;-7;;jah
1933-08-14;6,32;-2;;jah
1933-08-15;6,1;-3;;jah
1933-08-16;6,1;-3;;jah
1933-08-17;6,32;-2;;jah
1933-08-18;6,32;-2;;jah
1933-08-19;5,89;-4;;jah
1933-08-20;4,6;-10;;jah
1933-08-21;5,89;-4;;jah
1933-08-22;5,89;-4;;jah
1933-08-23;6,1;-3;;jah
1933-08-24;6,32;-2;;jah
1933-08-25;6,32;-2;;jah
1933-08-26;6,75;0;;jah
1933-08-27;8,17;4;;jah
1933-08-28;9,24;7;;jah
1933-08-29;11,9;14;;jah
1933-08-30;10,3;10;;jah
1933-08-31;9,59;8;;jah
1933-09-01;10;8;;jah
1933-09-02;10,5;9;;jah
1933-09-03;9,5;7;;jah
1933-09-04;10;8;;jah
1933-09-05;9;6;;jah
1933-09-06;9;6;;jah
1933-09-07;9,5;7;;jah
1933-09-08;10;8;;jah
1933-09-09;9,5;7;;jah
1933-09-10;9,5;7;;jah
1933-09-11;8,8;5;;jah
1933-09-12;7;2;;jah
1933-09-13;8;4;;jah
1933-09-14;6;0;;jah
1933-09-15;5,24;-2;;jah
1933-09-16;6;0;;jah
1933-09-17;7,5;3;;jah
1933-09-18;8;4;;jah
1933-09-19;8,5;5;;jah
1933-09-20;8;4;;jah
1933-09-21;7;2;;jah
1933-09-22;7;2;;jah
1933-09-23;6,5;1;;jah
1933-09-24;8;4;;jah
1933-09-25;10,5;9;;jah
1933-09-26;11;10;;jah
1933-09-27;9,5;7;;jah
1933-09-28;9;6;;jah
1933-09-29;9;6;;jah
1933-09-30;8,04;3;;jah
1933-10-01;8,04;3;;jah
1933-10-02;7,85;2;;jah
1933-10-03;7,66;1;;jah
1933-10-04;6,86;-1;;jah
1933-10-05;6,86;-1;;jah
1933-10-06;9,5;5;;jah
1933-10-07;13,8;14;;jah
1933-10-08;15,8;18;;jah
1933-10-09;15,8;18;;jah
1933-10-10;15,8;18;;jah
1933-10-11;13,3;13;;jah
1933-10-12;14,3;15;;jah
1933-10-13;15,8;18;;jah
1933-10-14;13,8;14;;jah
1933-10-15;13,3;13;;jah
1933-10-16;12,3;11;;jah
1933-10-17;11,8;10;;jah
1933-10-18;11,8;10;;jah
1933-10-19;11,8;10;;jah
1933-10-20;12,3;11;;jah
1933-10-21;12,3;11;;jah
1933-10-22;12,3;11;;jah
1933-10-23;12,3;11;;jah
1933-10-24;11,8;10;;jah
1933-10-25;11,8;10;;jah
1933-10-26;10,9;8;;jah
1933-10-27;9,96;6;;jah
1933-10-28;11,3;9;;jah
1933-10-29;10,9;8;;jah
1933-10-30;10,4;7;;jah
1933-10-31;11,8;10;;jah
1933-11-01;11,3;11;;jah
1933-11-02;10,8;10;;jah
1933-11-03;9,86;8;;jah
1933-11-04;9,86;8;;jah
1933-11-05;10,3;9;;jah
1933-11-06;12,4;13;;jah
1933-11-07;17,3;22;;jah
1933-11-08;23,9;33;;jah
1933-11-09;24,6;34;;jah
1933-11-10;25,2;35;;jah
1933-11-11;25,8;36;;jah
1933-11-12;27,8;39;;jah
1933-11-13;29,7;42;;jah
1933-11-14;24,6;34;;jah
1933-11-15;18,9;15;;jah
1933-11-16;17,9;61;;jah
1933-11-17;16,9;42;;jah
1933-11-18;15,4;25;;jah
1933-11-19;15,4;25;;jah
1933-11-20;11,8;17;;jah
1933-11-21;11;15;;jah
1933-11-22;10,6;14;;jah
1933-11-23;9,8;12;;jah
1933-11-24;9;10;;jah
1933-11-25;8,66;9;;jah
1933-11-26;8,66;9;;jah
1933-11-27;8;7;;jah
1933-11-28;8,33;8;;jah
1933-11-29;8,66;9;;jah
1933-11-30;8,66;9;;jah
1933-12-01;7,69;5;;jah
1933-12-02;6,58;4;;jah
1933-12-03;5,16;1;;jah
1933-12-04;5,32;2;;jah
1933-12-05;5,16;1;;jah
1933-12-06;5,48;3;;jah
1933-12-07;5,16;1;;jah
1933-12-08;5,48;3;;jah
1933-12-09;5,32;2;;jah
1933-12-10;4,35;-5;;jah
1933-12-11;5,8;5;;jah
1933-12-12;5;0;;jah
1933-12-13;5,32;2;;jah
1933-12-14;5,64;4;;jah
1933-12-15;5,48;3;;jah
1933-12-16;5,32;2;;jah
1933-12-17;5,16;1;;jah
1933-12-18;5,32;2;;jah
1933-12-19;5,16;1;;jah
1933-12-20;4,87;-1;;jah
1933-12-21;4,35;-5;;jah
1933-12-22;4,35;-5;;jah
1933-12-23;4,22;-6;;jah
1933-12-24;4,09;-7;;jah
1933-12-25;4,35;-5;;jah
1933-12-26;4,35;-5;;jah
1933-12-27;4,22;-6;;jah
1933-12-28;4,61;-3;;jah
1933-12-29;4,74;-2;;jah
1933-12-30;5,16;1;;jah
1933-12-31;5,64;4;;jah
1934-01-01;5,75;2;;jah
1934-01-02;5,95;3;;jah
1934-01-03;5,75;2;;jah
1934-01-04;5,55;1;;jah
1934-01-05;5,16;-1;;jah
1934-01-06;4,4;-5;;jah
1934-01-07;3,86;-8;;jah
1934-01-08;4,59;-4;;jah
1934-01-09;4,78;-3;;jah
1934-01-10;5,75;2;;jah
1934-01-11;5,55;1;;jah
1934-01-12;5,95;3;;jah
1934-01-13;5,55;1;;jah
1934-01-14;5,55;1;;jah
1934-01-15;6,15;4;;jah
1934-01-16;7,04;8;;jah
1934-01-17;6,81;7;;jah
1934-01-18;6,58;6;;jah
1934-01-19;7,74;11;;jah
1934-01-20;28,2;77;;jah
1934-01-21;31,4;85;;jah
1934-01-22;27,1;74;;jah
1934-01-23;24,1;66;;jah
1934-01-24;21,9;60;;jah
1934-01-25;21,9;60;;jah
1934-01-26;23,3;64;;jah
1934-01-27;21,9;60;;jah
1934-01-28;23;63;;jah
1934-01-29;23,7;65;;jah
1934-01-30;22,3;61;;jah
1934-01-31;20,5;56;;jah
1934-02-01;20,1;51;;jah
1934-02-02;19,1;48;;jah
1934-02-03;16,3;40;;jah
1934-02-04;13,4;33;;jah
1934-02-05;13,4;33;;jah
1934-02-06;13,1;32;;jah
1934-02-07;12,4;30;;jah
1934-02-08;11,9;29;;jah
1934-02-09;10,8;26;;jah
1934-02-10;10,5;25;;jah
1934-02-11;9,6;23;;jah
1934-02-12;9,28;22;;jah
1934-02-13;8,71;21;;jah
1934-02-14;9,28;22;;jah
1934-02-15;7,86;18;;jah
1934-02-16;6,65;14;;jah
1934-02-17;6;12;;jah
1934-02-18;6;12;;jah
1934-02-19;7,86;18;;jah
1934-02-20;7,58;17;;jah
1934-02-21;6,38;13;;jah
1934-02-22;7,58;17;;jah
1934-02-23;7,18;16;;jah
1934-02-24;6;12;;jah
1934-02-25;7,86;18;;jah
1934-02-26;7,18;16;;jah
1934-02-27;7,58;17;;jah
1934-02-28;7,86;18;;jah
1934-03-01;7,72;16;;jah
1934-03-02;7,57;15;;jah
1934-03-03;7,4;15;;jah
1934-03-04;7,26;11;;jah
1934-03-05;7,26;11;;jah
1934-03-06;8,3;15;;jah
1934-03-07;8,04;14;;jah
1934-03-08;8,56;16;;jah
1934-03-09;8,3;15;;jah
1934-03-10;8,04;14;;jah
1934-03-11;8,56;16;;jah
1934-03-12;9,08;18;;jah
1934-03-13;8,82;17;;jah
1934-03-14;8,82;17;;jah
1934-03-15;8,56;16;;jah
1934-03-16;10,2;22;;jah
1934-03-17;22,8;50;;jah
1934-03-18;35,9;71;;jah
1934-03-19;48,1;88;;jah
1934-03-20;112;165;;jah
1934-03-21;150;202;;jah
1934-03-22;169;219;;jah
1934-03-23;218;264;;jah
1934-03-24;247;290;;jah
1934-03-25;262;305;;jah
1934-03-26;259;302;;jah
1934-03-27;273;311;;jah
1934-03-28;333;299;;jah
1934-03-29;322;290;;jah
1934-03-30;327;294;;jah
1934-03-31;317;286;;jah
1934-04-01;277;259;;jah
1934-04-02;201;202;;jah
1934-04-03;167;174;;jah
1934-04-04;143;153;;jah
1934-04-05;117;130;;jah
1934-04-06;109;123;;jah
1934-04-07;110;124;;jah
1934-04-08;106;120;;jah
1934-04-09;100;115;;jah
1934-04-10;88,7;104;;jah
1934-04-11;76,5;92;;jah
1934-04-12;70,7;86;;jah
1934-04-13;63,1;78;;jah
1934-04-14;57,6;72;;jah
1934-04-15;54,1;68;;jah
1934-04-16;49,1;62;;jah
1934-04-17;51,6;65;;jah
1934-04-18;54,1;68;;jah
1934-04-19;55;69;;jah
1934-04-20;55,8;70;;jah
1934-04-21;57,6;72;;jah
1934-04-22;57,6;72;;jah
1934-04-23;57,6;72;;jah
1934-04-24;55,8;70;;jah
1934-04-25;52,4;66;;jah
1934-04-26;57,6;72;;jah
1934-04-27;75,5;91;;jah
1934-04-28;72,7;89;;jah
1934-04-29;64,2;83;;jah
1934-04-30;55,3;76;;jah
1934-05-01;42,6;64;;jah
1934-05-02;40;60;;jah
1934-05-03;34,1;50;;jah
1934-05-04;31,4;45;;jah
1934-05-05;30,8;44;;jah
1934-05-06;30,8;44;;jah
1934-05-07;28,4;39;;jah
1934-05-08;23,8;32;;jah
1934-05-09;22;29;;jah
1934-05-10;20,7;27;;jah
1934-05-11;20;26;;jah
1934-05-12;18,1;23;;jah
1934-05-13;14,1;16;;jah
1934-05-14;18,1;23;;jah
1934-05-15;15,6;19;;jah
1934-05-16;15,6;19;;jah
1934-05-17;15,6;19;;jah
1934-05-18;15,1;18;;jah
1934-05-19;16,2;20;;jah
1934-05-20;18,1;23;;jah
1934-05-21;23,8;32;;jah
1934-05-22;30,3;43;;jah
1934-05-23;37;55;;jah
1934-05-24;39,4;59;;jah
1934-05-25;40;60;;jah
1934-05-26;40;60;;jah
1934-05-27;40;60;;jah
1934-05-28;40;60;;jah
1934-05-29;38,8;58;;jah
1934-05-30;39,4;59;;jah
1934-05-31;37;55;;jah
1934-06-01;30;46;;jah
1934-06-02;28,7;44;;jah
1934-06-03;25;38;;jah
1934-06-04;22,7;34;;jah
1934-06-05;21;31;;jah
1934-06-06;19,3;26;;jah
1934-06-07;15,1;20;;jah
1934-06-08;14,2;18;;jah
1934-06-09;12,3;14;;jah
1934-06-10;10,5;10;;jah
1934-06-11;9,24;7;;jah
1934-06-12;8,82;6;;jah
1934-06-13;10,1;9;;jah
1934-06-14;11,9;13;;jah
1934-06-15;7,98;4;;jah
1934-06-16;7,98;4;;jah
1934-06-17;5,7;-2;;jah
1934-06-18;6,3;0;;jah
1934-06-19;7,56;3;;jah
1934-06-20;7,56;3;;jah
1934-06-21;7,14;2;;jah
1934-06-22;6;-1;;jah
1934-06-23;4,5;-6;;jah
1934-06-24;5,1;-4;;jah
1934-06-25;6;-1;;jah
1934-06-26;7,98;4;;jah
1934-06-27;7,56;3;;jah
1934-06-28;7,56;3;;jah
1934-06-29;7,56;3;;jah
1934-06-30;6,3;0;;jah
1934-07-01;9,05;5;;jah
1934-07-02;9,81;7;;jah
1934-07-03;8,29;3;;jah
1934-07-04;8,29;3;;jah
1934-07-05;7,91;2;;jah
1934-07-06;6,7;-2;;jah
1934-07-07;6,7;-2;;jah
1934-07-08;6,47;-3;;jah
1934-07-09;6,25;-4;;jah
1934-07-10;8,67;4;;jah
1934-07-11;6,92;-1;;jah
1934-07-12;7,53;1;;jah
1934-07-13;7,53;1;;jah
1934-07-14;7,91;2;;jah
1934-07-15;8,29;3;;jah
1934-07-16;13,5;15;;jah
1934-07-17;10,2;8;;jah
1934-07-18;9,05;5;;jah
1934-07-19;8,29;3;;jah
1934-07-20;8,29;3;;jah
1934-07-21;8,29;3;;jah
1934-07-22;7,53;1;;jah
1934-07-23;7,15;0;;jah
1934-07-24;6,7;-2;;jah
1934-07-25;9,43;6;;jah
1934-07-26;9,81;7;;jah
1934-07-27;9,81;7;;jah
1934-07-28;10,2;8;;jah
1934-07-29;11,5;11;;jah
1934-07-30;14,6;17;;jah
1934-07-31;15,6;19;;jah
1934-08-01;12,4;15;;jah
1934-08-02;10;10;;jah
1934-08-03;8,68;6;;jah
1934-08-04;14,7;20;;jah
1934-08-05;15,9;22;;jah
1934-08-06;13,3;17;;jah
1934-08-07;9,34;8;;jah
1934-08-08;9,01;7;;jah
1934-08-09;8,68;6;;jah
1934-08-10;9,34;8;;jah
1934-08-11;10;10;;jah
1934-08-12;10,9;12;;jah
1934-08-13;10;10;;jah
1934-08-14;8,68;6;;jah
1934-08-15;7,36;2;;jah
1934-08-16;5,86;-4;;jah
1934-08-17;5,44;-6;;jah
1934-08-18;5,44;-6;;jah
1934-08-19;6,07;-3;;jah
1934-08-20;6,49;-1;;jah
1934-08-21;6,7;0;;jah
1934-08-22;7,03;1;;jah
1934-08-23;6,28;-2;;jah
1934-08-24;6,7;0;;jah
1934-08-25;6,07;-3;;jah
1934-08-26;6,49;-1;;jah
1934-08-27;8,02;4;;jah
1934-08-28;7,36;2;;jah
1934-08-29;6,7;0;;jah
1934-08-30;6,7;0;;jah
1934-08-31;7,36;2;;jah
1934-09-01;5,8;-1;;jah
1934-09-02;3,58;-13;;jah
1934-09-03;9;6;;jah
1934-09-04;9;6;;jah
1934-09-05;5,8;-1;;jah
1934-09-06;5,6;-2;;jah
1934-09-07;5,4;-3;;jah
1934-09-08;5,2;-4;;jah
1934-09-09;3,3;-15;;jah
1934-09-10;5,8;-1;;jah
1934-09-11;6;0;;jah
1934-09-12;5,8;-1;;jah
1934-09-13;5,6;-2;;jah
1934-09-14;5,2;-4;;jah
1934-09-15;5;-5;;jah
1934-09-16;2,6;-20;;jah
1934-09-17;5;-5;;jah
1934-09-18;5;-5;;jah
1934-09-19;4,4;-8;;jah
1934-09-20;4,6;-7;;jah
1934-09-21;4,6;-7;;jah
1934-09-22;4,8;-6;;jah
1934-09-23;2,74;-19;;jah
1934-09-24;4;-10;;jah
1934-09-25;4,4;-8;;jah
1934-09-26;4,2;-9;;jah
1934-09-27;4,4;-8;;jah
1934-09-28;4,4;-8;;jah
1934-09-29;4,4;-8;;jah
1934-09-30;3,3;-15;;jah
1934-10-01;4,54;-8;;jah
1934-10-02;4,86;-7;;jah
1934-10-03;6,52;-2;;jah
1934-10-04;8,58;3;;jah
1934-10-05;9,5;5;;jah
1934-10-06;13,8;14;;jah
1934-10-07;22,6;31;;jah
1934-10-08;22,6;31;;jah
1934-10-09;23,2;32;;jah
1934-10-10;21,5;29;;jah
1934-10-11;25;35;;jah
1934-10-12;35,3;50;;jah
1934-10-13;33,8;48;;jah
1934-10-14;30,9;44;;jah
1934-10-15;28,7;41;;jah
1934-10-16;26,8;38;;jah
1934-10-17;26,8;38;;jah
1934-10-18;26,8;38;;jah
1934-10-19;28,7;41;;jah
1934-10-20;35,3;50;;jah
1934-10-21;35,3;50;;jah
1934-10-22;35,3;50;;jah
1934-10-23;34,6;49;;jah
1934-10-24;33,8;48;;jah
1934-10-25;39,6;55;;jah
1934-10-26;61,1;80;;jah
1934-10-27;71,4;91;;jah
1934-10-28;86,4;106;;jah
1934-10-29;96,8;116;;jah
1934-10-30;119;136;;jah
1934-10-31;141;161;;jah
1934-11-01;144;163;;jah
1934-11-02;139;159;;jah
1934-11-03;146;165;;jah
1934-11-04;168;182;;jah
1934-11-05;157;174;;jah
1934-11-06;127;149;;jah
1934-11-07;115;138;;jah
1934-11-08;120;143;;jah
1934-11-09;110;133;;jah
1934-11-10;103;126;;jah
1934-11-11;102;125;;jah
1934-11-12;99,4;122;;jah
1934-11-13;85,3;107;;jah
1934-11-14;85,3;107;;jah
1934-11-15;114;137;;jah
1934-11-16;111;134;;jah
1934-11-17;105;128;;jah
1934-11-18;96,6;119;;jah
1934-11-19;88,1;110;;jah
1934-11-20;80,7;102;;jah
1934-11-21;76,3;97;;jah
1934-11-22;70,1;90;;jah
1934-11-23;83,5;105;;jah
1934-11-24;96,6;119;;jah
1934-11-25;90,9;113;;jah
1934-11-26;87,2;109;;jah
1934-11-27;83,5;105;;jah
1934-11-28;88,1;110;;jah
1934-11-29;86,3;108;;jah
1934-11-30;83,5;105;;jah
1934-12-01;73,4;97;;jah
1934-12-02;60,7;89;;jah
1934-12-03;64;93;;jah
1934-12-04;53,7;80;;jah
1934-12-05;38,2;57;;jah
1934-12-06;46,6;70;;jah
1934-12-07;48,7;73;;jah
1934-12-08;44;66;;jah
1934-12-09;38,8;58;;jah
1934-12-10;38,8;58;;jah
1934-12-11;37,6;56;;jah
1934-12-12;35,9;53;;jah
1934-12-13;31,4;45;;jah
1934-12-14;29,7;42;;jah
1934-12-15;29,2;41;;jah
1934-12-16;28;48;;jah
1934-12-17;27;58;;jah
1934-12-18;26;62;;jah
1934-12-19;25,6;64;;jah
1934-12-20;25,6;64;;jah
1934-12-21;25,2;63;;jah
1934-12-22;22,9;58;;jah
1934-12-23;18,5;46;;jah
1934-12-24;19,1;48;;jah
1934-12-25;18,5;46;;jah
1934-12-26;17,3;43;;jah
1934-12-27;15,4;38;;jah
1934-12-28;11,8;29;;jah
1934-12-29;12,4;30;;jah
1934-12-30;13,1;32;;jah
1934-12-31;13,1;32;;jah
1935-01-01;10,9;24;;jah
1935-01-02;10,2;21;;jah
1935-01-03;9,66;19;;jah
1935-01-04;11,4;26;;jah
1935-01-05;11,4;26;;jah
1935-01-06;11,2;25;;jah
1935-01-07;10,6;23;;jah
1935-01-08;9,66;19;;jah
1935-01-09;8,22;13;;jah
1935-01-10;8,22;13;;jah
1935-01-11;8,46;14;;jah
1935-01-12;8,22;13;;jah
1935-01-13;7,98;12;;jah
1935-01-14;7,5;10;;jah
1935-01-15;7,27;9;;jah
1935-01-16;7,27;9;;jah
1935-01-17;7,27;9;;jah
1935-01-18;7,27;9;;jah
1935-01-19;7,74;11;;jah
1935-01-20;6,58;6;;jah
1935-01-21;7,98;12;;jah
1935-01-22;7,98;12;;jah
1935-01-23;9,42;18;;jah
1935-01-24;9,9;20;;jah
1935-01-25;9,9;20;;jah
1935-01-26;10,4;22;;jah
1935-01-27;7,74;11;;jah
1935-01-28;8,94;16;;jah
1935-01-29;9,9;20;;jah
1935-01-30;10,2;21;;jah
1935-01-31;9,9;20;;jah
1935-02-01;7,54;14;;jah
1935-02-02;8,65;20;;jah
1935-02-03;7,54;14;;jah
1935-02-04;8,28;18;;jah
1935-02-05;8,28;18;;jah
1935-02-06;8,28;18;;jah
1935-02-07;8,46;19;;jah
1935-02-08;8,46;19;;jah
1935-02-09;8,28;18;;jah
1935-02-10;7,54;14;;jah
1935-02-11;8,1;17;;jah
1935-02-12;8,65;20;;jah
1935-02-13;8,46;19;;jah
1935-02-14;8,28;18;;jah
1935-02-15;8,1;17;;jah
1935-02-16;8,1;17;;jah
1935-02-17;7,36;13;;jah
1935-02-18;8,28;18;;jah
1935-02-19;8,65;20;;jah
1935-02-20;9,94;26;;jah
1935-02-21;16,6;47;;jah
1935-02-22;122;178;;jah
1935-02-23;184;236;;jah
1935-02-24;211;260;;jah
1935-02-25;251;295;;jah
1935-02-26;286;324;;jah
1935-02-27;285;323;;jah
1935-02-28;279;318;;jah
1935-03-01;260;303;;jah
1935-03-02;238;282;;jah
1935-03-03;213;259;;jah
1935-03-04;195;243;;jah
1935-03-05;146;198;;jah
1935-03-06;106;159;;jah
1935-03-07;78,2;126;;jah
1935-03-08;56,4;99;;jah
1935-03-09;37,3;73;;jah
1935-03-10;32;65;;jah
1935-03-11;30,6;63;;jah
1935-03-12;27,7;58;;jah
1935-03-13;29,5;61;;jah
1935-03-14;32;65;;jah
1935-03-15;32;65;;jah
1935-03-16;33,3;67;;jah
1935-03-17;36,6;72;;jah
1935-03-18;32,7;66;;jah
1935-03-19;33,9;68;;jah
1935-03-20;37,3;73;;jah
1935-03-21;34,6;69;;jah
1935-03-22;28,9;60;;jah
1935-03-23;29,5;61;;jah
1935-03-24;98,5;150;;jah
1935-03-25;144;196;;jah
1935-03-26;177;226;;jah
1935-03-27;195;243;;jah
1935-03-28;151;203;;jah
1935-03-29;139;192;;jah
1935-03-30;108;161;;jah
1935-03-31;79,1;127;;jah
1935-04-01;79;103;;jah
1935-04-02;73,8;90;;jah
1935-04-03;70,7;86;;jah
1935-04-04;88,7;104;;jah
1935-04-05;129;141;;jah
1935-04-06;140;151;;jah
1935-04-07;167;173;;jah
1935-04-08;185;188;;jah
1935-04-09;194;195;;jah
1935-04-10;188;191;;jah
1935-04-11;188;191;;jah
1935-04-12;209;207;;jah
1935-04-13;217;213;;jah
1935-04-14;235;227;;jah
1935-04-15;270;252;;jah
1935-04-16;259;244;;jah
1935-04-17;242;232;;jah
1935-04-18;209;207;;jah
1935-04-19;181;185;;jah
1935-04-20;143;153;;jah
1935-04-21;121;134;;jah
1935-04-22;104;118;;jah
1935-04-23;88,7;104;;jah
1935-04-24;80,4;96;;jah
1935-04-25;66;82;;jah
1935-04-26;58;74;;jah
1935-04-27;57;73;;jah
1935-04-28;57;73;;jah
1935-04-29;50,7;66;;jah
1935-04-30;44,7;60;;jah
1935-05-01;37,4;53;;jah
1935-05-02;35,8;51;;jah
1935-05-03;34,3;49;;jah
1935-05-04;35;50;;jah
1935-05-05;35;50;;jah
1935-05-06;30,1;43;;jah
1935-05-07;30,1;43;;jah
1935-05-08;32,9;47;;jah
1935-05-09;32,2;46;;jah
1935-05-10;26,8;38;;jah
1935-05-11;22,4;31;;jah
1935-05-12;20,6;28;;jah
1935-05-13;18,9;25;;jah
1935-05-14;17,2;22;;jah
1935-05-15;17,2;22;;jah
1935-05-16;13,9;15;;jah
1935-05-17;17,2;22;;jah
1935-05-18;16;20;;jah
1935-05-19;16;20;;jah
1935-05-20;16,6;21;;jah
1935-05-21;14,7;17;;jah
1935-05-22;14,3;16;;jah
1935-05-23;13,9;15;;jah
1935-05-24;15,6;19;;jah
1935-05-25;15,2;18;;jah
1935-05-26;14,7;17;;jah
1935-05-27;13,1;13;;jah
1935-05-28;11,8;10;;jah
1935-05-29;11,4;9;;jah
1935-05-30;13,1;13;;jah
1935-05-31;14,3;16;;jah
1935-06-01;12,3;14;;jah
1935-06-02;13,3;16;;jah
1935-06-03;12,8;15;;jah
1935-06-04;11;11;;jah
1935-06-05;11;11;;jah
1935-06-06;10,1;9;;jah
1935-06-07;10,5;10;;jah
1935-06-08;14,2;18;;jah
1935-06-09;15,1;20;;jah
1935-06-10;15,6;21;;jah
1935-06-11;14,2;18;;jah
1935-06-12;11,4;12;;jah
1935-06-13;9,66;8;;jah
1935-06-14;8,82;6;;jah
1935-06-15;8,82;6;;jah
1935-06-16;9,24;7;;jah
1935-06-17;14,6;19;;jah
1935-06-18;15,6;21;;jah
1935-06-19;15,6;21;;jah
1935-06-20;14,2;18;;jah
1935-06-21;12,3;14;;jah
1935-06-22;13,7;17;;jah
1935-06-23;14,6;19;;jah
1935-06-24;15,6;21;;jah
1935-06-25;13,7;17;;jah
1935-06-26;11,4;12;;jah
1935-06-27;9,24;7;;jah
1935-06-28;9,24;7;;jah
1935-06-29;8,82;6;;jah
1935-06-30;6;-1;;jah
1935-07-01;11,8;14;;jah
1935-07-02;13;17;;jah
1935-07-03;10,8;11;;jah
1935-07-04;9,78;8;;jah
1935-07-05;9,16;6;;jah
1935-07-06;8,85;5;;jah
1935-07-07;7,4;0;;jah
1935-07-08;10,8;11;;jah
1935-07-09;10,4;10;;jah
1935-07-10;9,78;8;;jah
1935-07-11;9,47;7;;jah
1935-07-12;9,47;7;;jah
1935-07-13;9,47;7;;jah
1935-07-14;8,56;4;;jah
1935-07-15;7,4;0;;jah
1935-07-16;7,69;1;;jah
1935-07-17;7,14;-1;;jah
1935-07-18;7,14;-1;;jah
1935-07-19;7,98;2;;jah
1935-07-20;8,56;4;;jah
1935-07-21;7,98;2;;jah
1935-07-22;8,85;5;;jah
1935-07-23;10,1;9;;jah
1935-07-24;9,47;7;;jah
1935-07-25;8,56;4;;jah
1935-07-26;8,27;3;;jah
1935-07-27;9,16;6;;jah
1935-07-28;10,4;10;;jah
1935-07-29;15,4;23;;jah
1935-07-30;19;31;;jah
1935-07-31;24;41;;jah
1935-08-01;27,2;48;;jah
1935-08-02;28,5;50;;jah
1935-08-03;29,2;51;;jah
1935-08-04;29,9;52;;jah
1935-08-05;31,3;54;;jah
1935-08-06;30,6;53;;jah
1935-08-07;31,3;54;;jah
1935-08-08;34,1;58;;jah
1935-08-09;39,1;65;;jah
1935-08-10;39,8;66;;jah
1935-08-11;40,5;67;;jah
1935-08-12;39,1;65;;jah
1935-08-13;34,8;59;;jah
1935-08-14;30,6;53;;jah
1935-08-15;32;55;;jah
1935-08-16;113;149;;jah
1935-08-17;144;173;;jah
1935-08-18;144;173;;jah
1935-08-19;151;178;;jah
1935-08-20;180;195;;jah
1935-08-21;187;198;;jah
1935-08-22;180;195;;jah
1935-08-23;159;186;;jah
1935-08-24;139;170;;jah
1935-08-25;125;159;;jah
1935-08-26;106;143;;jah
1935-08-27;84,2;120;;jah
1935-08-28;70,5;104;;jah
1935-08-29;62,8;95;;jah
1935-08-30;52,1;82;;jah
1935-08-31;46,6;75;;jah
1935-09-01;44;60;;jah
1935-09-02;42,5;58;;jah
1935-09-03;44;60;;jah
1935-09-04;45,6;62;;jah
1935-09-05;44,8;61;;jah
1935-09-06;43,3;59;;jah
1935-09-07;40,3;55;;jah
1935-09-08;41,8;57;;jah
1935-09-09;41,8;57;;jah
1935-09-10;40,3;55;;jah
1935-09-11;38,8;53;;jah
1935-09-12;38,8;53;;jah
1935-09-13;42,5;58;;jah
1935-09-14;39,6;54;;jah
1935-09-15;38,1;52;;jah
1935-09-16;37,3;51;;jah
1935-09-17;90,8;116;;jah
1935-09-18;164;184;;jah
1935-09-19;159;180;;jah
1935-09-20;186;201;;jah
1935-09-21;225;227;;jah
1935-09-22;220;224;;jah
1935-09-23;199;210;;jah
1935-09-24;178;195;;jah
1935-09-25;163;183;;jah
1935-09-26;154;176;;jah
1935-09-27;178;195;;jah
1935-09-28;204;213;;jah
1935-09-29;196;208;;jah
1935-09-30;195;207;;jah
1935-10-01;210;212;;jah
1935-10-02;218;218;;jah
1935-10-03;203;207;;jah
1935-10-04;175;184;;jah
1935-10-05;154;167;;jah
1935-10-06;133;149;;jah
1935-10-07;125;142;;jah
1935-10-08;139;154;;jah
1935-10-09;131;147;;jah
1935-10-10;140;155;;jah
1935-10-11;144;158;;jah
1935-10-12;150;163;;jah
1935-10-13;152;165;;jah
1935-10-14;144;158;;jah
1935-10-15;134;150;;jah
1935-10-16;130;146;;jah
1935-10-17;142;157;;jah
1935-10-18;160;172;;jah
1935-10-19;168;178;;jah
1935-10-20;177;186;;jah
1935-10-21;207;210;;jah
1935-10-22;246;237;;jah
1935-10-23;238;231;;jah
1935-10-24;199;204;;jah
1935-10-25;166;177;;jah
1935-10-26;144;158;;jah
1935-10-27;131;147;;jah
1935-10-28;131;147;;jah
1935-10-29;132;148;;jah
1935-10-30;131;147;;jah
1935-10-31;131;147;;jah
1935-11-01;115;140;;jah
1935-11-02;104;129;;jah
1935-11-03;88,9;112;;jah
1935-11-04;81,1;103;;jah
1935-11-05;71,8;92;;jah
1935-11-06;61,2;79;;jah
1935-11-07;58;75;;jah
1935-11-08;58,8;76;;jah
1935-11-09;58,8;76;;jah
1935-11-10;58;75;;jah
1935-11-11;55,6;72;;jah
1935-11-12;51,7;67;;jah
1935-11-13;50,2;65;;jah
1935-11-14;48,7;63;;jah
1935-11-15;47,2;61;;jah
1935-11-16;46,4;60;;jah
1935-11-17;43,4;56;;jah
1935-11-18;40,5;52;;jah
1935-11-19;36,9;47;;jah
1935-11-20;27,1;33;;jah
1935-11-21;25,8;45;;jah
1935-11-22;27,4;48;;jah
1935-11-23;32,8;57;;jah
1935-11-24;42,4;72;;jah
1935-11-25;43,7;74;;jah
1935-11-26;37,2;64;;jah
1935-11-27;32,2;56;;jah
1935-11-28;27,4;48;;jah
1935-11-29;21,5;37;;jah
1935-11-30;22,2;39;;jah
1935-12-01;23;46;;jah
1935-12-02;23,8;57;;jah
1935-12-03;24,6;59;;jah
1935-12-04;25,5;67;;jah
1935-12-05;23,5;62;;jah
1935-12-06;25,9;68;;jah
1935-12-07;28,5;74;;jah
1935-12-08;29,9;77;;jah
1935-12-09;27,6;72;;jah
1935-12-10;26,3;69;;jah
1935-12-11;24,7;65;;jah
1935-12-12;23,1;61;;jah
1935-12-13;21,2;56;;jah
1935-12-14;19,7;52;;jah
1935-12-15;18,9;50;;jah
1935-12-16;18,3;48;;jah
1935-12-17;18,3;48;;jah
1935-12-18;19,3;51;;jah
1935-12-19;21,9;58;;jah
1935-12-20;21,2;56;;jah
1935-12-21;20,9;55;;jah
1935-12-22;19,7;52;;jah
1935-12-23;18,6;49;;jah
1935-12-24;18;47;;jah
1935-12-25;16,7;43;;jah
1935-12-26;15;37;;jah
1935-12-27;14,1;34;;jah
1935-12-28;13,3;31;;jah
1935-12-29;13,6;32;;jah
1935-12-30;14,1;34;;jah
1935-12-31;18,3;48;;jah
1936-01-01;33,6;73;;jah
1936-01-02;53,2;113;;jah
1936-01-03;60,8;126;;jah
1936-01-04;102;183;;jah
1936-01-05;129;212;;jah
1936-01-06;119;202;;jah
1936-01-07;90,4;169;;jah
1936-01-08;67,8;137;;jah
1936-01-09;59,1;123;;jah
1936-01-10;54,4;115;;jah
1936-01-11;49,9;107;;jah
1936-01-12;58,5;122;;jah
1936-01-13;58,5;122;;jah
1936-01-14;57,9;121;;jah
1936-01-15;55;116;;jah
1936-01-16;49,4;106;;jah
1936-01-17;45,3;98;;jah
1936-01-18;52,1;111;;jah
1936-01-19;42,9;93;;jah
1936-01-20;40,5;88;;jah
1936-01-21;38,6;84;;jah
1936-01-22;36,7;80;;jah
1936-01-23;34,5;75;;jah
1936-01-24;32,7;71;;jah
1936-01-25;34,1;74;;jah
1936-01-26;34,1;74;;jah
1936-01-27;34,5;75;;jah
1936-01-28;34,9;76;;jah
1936-01-29;33,6;73;;jah
1936-01-30;34,1;74;;jah
1936-01-31;34,9;76;;jah
1936-02-01;30,9;77;;jah
1936-02-02;32;79;;jah
1936-02-03;27,7;71;;jah
1936-02-04;26,7;69;;jah
1936-02-05;25,2;66;;jah
1936-02-06;24,1;64;;jah
1936-02-07;22,6;61;;jah
1936-02-08;20,8;57;;jah
1936-02-09;18,6;52;;jah
1936-02-10;22,6;61;;jah
1936-02-11;17,7;50;;jah
1936-02-12;16,6;47;;jah
1936-02-13;15,8;45;;jah
1936-02-14;15,1;43;;jah
1936-02-15;15,5;44;;jah
1936-02-16;15,5;44;;jah
1936-02-17;15,1;43;;jah
1936-02-18;12,7;36;;jah
1936-02-19;11,1;31;;jah
1936-02-20;9,94;26;;jah
1936-02-21;9,3;23;;jah
1936-02-22;9,08;22;;jah
1936-02-23;9,08;22;;jah
1936-02-24;9,3;23;;jah
1936-02-25;9,3;23;;jah
1936-02-26;9,08;22;;jah
1936-02-27;8,86;21;;jah
1936-02-28;8,65;20;;jah
1936-02-29;8,1;17;;jah
1936-03-01;9,6;20;;jah
1936-03-02;11,8;27;;jah
1936-03-03;13,6;32;;jah
1936-03-04;15;35;;jah
1936-03-05;17,2;40;;jah
1936-03-06;22,8;50;;jah
1936-03-07;35,9;71;;jah
1936-03-08;40,2;77;;jah
1936-03-09;52,6;94;;jah
1936-03-10;57,9;101;;jah
1936-03-11;54,1;96;;jah
1936-03-12;57,1;100;;jah
1936-03-13;60,2;104;;jah
1936-03-14;79,1;127;;jah
1936-03-15;154;205;;jah
1936-03-16;168;218;;jah
1936-03-17;149;201;;jah
1936-03-18;125;178;;jah
1936-03-19;127;180;;jah
1936-03-20;131;184;;jah
1936-03-21;121;174;;jah
1936-03-22;113;166;;jah
1936-03-23;114;167;;jah
1936-03-24;139;192;;jah
1936-03-25;126;179;;jah
1936-03-26;119;172;;jah
1936-03-27;105;158;;jah
1936-03-28;86,6;136;;jah
1936-03-29;62,6;107;;jah
1936-03-30;54,8;97;;jah
1936-03-31;55,6;98;;jah
1936-04-01;74,9;119;;jah
1936-04-02;125;159;;jah
1936-04-03;175;189;;jah
1936-04-04;158;177;;jah
1936-04-05;115;143;;jah
1936-04-06;82,6;113;;jah
1936-04-07;74;104;;jah
1936-04-08;52,4;78;;jah
1936-04-09;46;69;;jah
1936-04-10;36,1;53;;jah
1936-04-11;51,2;68;;jah
1936-04-12;56,2;73;;jah
1936-04-13;71,6;87;;jah
1936-04-14;96,1;111;;jah
1936-04-15;110;124;;jah
1936-04-16;141;152;;jah
1936-04-17;145;155;;jah
1936-04-18;149;158;;jah
1936-04-19;156;164;;jah
1936-04-20;155;163;;jah
1936-04-21;150;159;;jah
1936-04-22;137;148;;jah
1936-04-23;128;140;;jah
1936-04-24;119;132;;jah
1936-04-25;113;126;;jah
1936-04-26;108;122;;jah
1936-04-27;99,4;114;;jah
1936-04-28;91,8;107;;jah
1936-04-29;83,5;99;;jah
1936-04-30;76,5;92;;jah
1936-05-01;68,4;88;;jah
1936-05-02;65,6;85;;jah
1936-05-03;62,8;82;;jah
1936-05-04;59,2;78;;jah
1936-05-05;53,7;72;;jah
1936-05-06;46,6;64;;jah
1936-05-07;42,2;59;;jah
1936-05-08;47,4;65;;jah
1936-05-09;63,8;83;;jah
1936-05-10;61,9;81;;jah
1936-05-11;60,1;79;;jah
1936-05-12;56,4;75;;jah
1936-05-13;65,6;85;;jah
1936-05-14;67,4;87;;jah
1936-05-15;66,5;86;;jah
1936-05-16;58,3;77;;jah
1936-05-17;49,2;67;;jah
1936-05-18;38,2;54;;jah
1936-05-19;32,9;47;;jah
1936-05-20;29,4;42;;jah
1936-05-21;28;40;;jah
1936-05-22;24,9;35;;jah
1936-05-23;21,2;29;;jah
1936-05-24;21,2;29;;jah
1936-05-25;19,5;26;;jah
1936-05-26;18,3;24;;jah
1936-05-27;17,2;22;;jah
1936-05-28;16,6;21;;jah
1936-05-29;17,2;22;;jah
1936-05-30;18,9;25;;jah
1936-05-31;24,9;34;;jah
1936-06-01;50,2;75;;jah
1936-06-02;69,1;99;;jah
1936-06-03;77,2;108;;jah
1936-06-04;64,9;94;;jah
1936-06-05;50,2;75;;jah
1936-06-06;39,4;59;;jah
1936-06-07;35,8;53;;jah
1936-06-08;26,8;37;;jah
1936-06-09;22,6;30;;jah
1936-06-10;17,4;22;;jah
1936-06-11;15,6;19;;jah
1936-06-12;18,7;24;;jah
1936-06-13;18,7;24;;jah
1936-06-14;18,1;23;;jah
1936-06-15;15,6;19;;jah
1936-06-16;12,5;13;;jah
1936-06-17;10,6;9;;jah
1936-06-18;11;10;;jah
1936-06-19;10,6;9;;jah
1936-06-20;9,81;7;;jah
1936-06-21;7,53;1;;jah
1936-06-22;7,91;2;;jah
1936-06-23;8,67;4;;jah
1936-06-24;8,29;3;;jah
1936-06-25;8,29;3;;jah
1936-06-26;9,05;5;;jah
1936-06-27;9,81;7;;jah
1936-06-28;6,92;-1;;jah
1936-06-29;9,05;5;;jah
1936-06-30;8,29;3;;jah
1936-07-01;7,53;1;;jah
1936-07-02;6,92;-1;;jah
1936-07-03;7,53;1;;jah
1936-07-04;7,15;0;;jah
1936-07-05;6,25;-4;;jah
1936-07-06;6,47;-3;;jah
1936-07-07;6,47;-3;;jah
1936-07-08;6,7;-2;;jah
1936-07-09;6,25;-4;;jah
1936-07-10;6,47;-3;;jah
1936-07-11;6,25;-4;;jah
1936-07-12;6,47;-3;;jah
1936-07-13;7,15;0;;jah
1936-07-14;7,15;0;;jah
1936-07-15;6,92;-1;;jah
1936-07-16;7,91;2;;jah
1936-07-17;7,15;0;;jah
1936-07-18;6,92;-1;;jah
1936-07-19;6,92;-1;;jah
1936-07-20;6,7;-2;;jah
1936-07-21;6,25;-4;;jah
1936-07-22;6,25;-4;;jah
1936-07-23;6,25;-4;;jah
1936-07-24;6,7;-2;;jah
1936-07-25;7,15;0;;jah
1936-07-26;9,05;5;;jah
1936-07-27;18,1;23;;jah
1936-07-28;12,5;13;;jah
1936-07-29;10,2;8;;jah
1936-07-30;7,15;0;;jah
1936-07-31;7,91;2;;jah
1936-08-01;8,67;4;;jah
1936-08-02;9,81;7;;jah
1936-08-03;10,2;8;;jah
1936-08-04;10,6;9;;jah
1936-08-05;9,81;7;;jah
1936-08-06;9,05;5;;jah
1936-08-07;6,7;-2;;jah
1936-08-08;6,47;-3;;jah
1936-08-09;9,43;6;;jah
1936-08-10;6,7;-2;;jah
1936-08-11;6,7;-2;;jah
1936-08-12;6,47;-3;;jah
1936-08-13;6,25;-4;;jah
1936-08-14;6,02;-5;;jah
1936-08-15;5,8;-6;;jah
1936-08-16;5,35;-8;;jah
1936-08-17;5,8;-6;;jah
1936-08-18;5,8;-6;;jah
1936-08-19;6,02;-5;;jah
1936-08-20;6,25;-4;;jah
1936-08-21;6,02;-5;;jah
1936-08-22;6,02;-5;;jah
1936-08-23;5,8;-6;;jah
1936-08-24;6,25;-4;;jah
1936-08-25;6,02;-3;;jah
1936-08-26;5,57;-7;;jah
1936-08-27;5,12;-9;;jah
1936-08-28;6,02;-5;;jah
1936-08-29;7,53;1;;jah
1936-08-30;7,91;2;;jah
1936-08-31;8,29;3;;jah
1936-09-01;10,2;8;;jah
1936-09-02;9,81;7;;jah
1936-09-03;10,2;8;;jah
1936-09-04;10,6;9;;jah
1936-09-05;10,2;8;;jah
1936-09-06;12,5;13;;jah
1936-09-07;13,6;15;;jah
1936-09-08;15,6;19;;jah
1936-09-09;16,2;20;;jah
1936-09-10;14,1;16;;jah
1936-09-11;13;14;;jah
1936-09-12;13;14;;jah
1936-09-13;12,5;13;;jah
1936-09-14;12,5;13;;jah
1936-09-15;11,5;11;;jah
1936-09-16;10,6;9;;jah
1936-09-17;10,6;9;;jah
1936-09-18;10,2;8;;jah
1936-09-19;9,81;7;;jah
1936-09-20;8,67;4;;jah
1936-09-21;9,43;6;;jah
1936-09-22;9,05;5;;jah
1936-09-23;9,05;5;;jah
1936-09-24;8,67;4;;jah
1936-09-25;6,92;-1;;jah
1936-09-26;6,25;-4;;jah
1936-09-27;6,7;-2;;jah
1936-09-28;8,29;3;;jah
1936-09-29;9,81;7;;jah
1936-09-30;10,2;8;;jah
1936-10-01;12,3;11;;jah
1936-10-02;12,8;12;;jah
1936-10-03;14,3;15;;jah
1936-10-04;17,3;21;;jah
1936-10-05;18,9;24;;jah
1936-10-06;22,6;31;;jah
1936-10-07;28,7;41;;jah
1936-10-08;34,6;49;;jah
1936-10-09;35,3;50;;jah
1936-10-10;33,8;48;;jah
1936-10-11;32,4;46;;jah
1936-10-12;30,2;43;;jah
1936-10-13;28,7;41;;jah
1936-10-14;29,5;42;;jah
1936-10-15;30,9;44;;jah
1936-10-16;36,2;51;;jah
1936-10-17;49;66;;jah
1936-10-18;73,4;93;;jah
1936-10-19;92,6;112;;jah
1936-10-20;93,6;113;;jah
1936-10-21;88,5;108;;jah
1936-10-22;81,3;101;;jah
1936-10-23;71,4;91;;jah
1936-10-24;64,8;84;;jah
1936-10-25;61,1;80;;jah
1936-10-26;58,5;77;;jah
1936-10-27;57,6;76;;jah
1936-10-28;62;81;;jah
1936-10-29;64,8;84;;jah
1936-10-30;62;81;;jah
1936-10-31;61,6;79;;jah
1936-11-01;61,3;77;;jah
1936-11-02;60,4;76;;jah
1936-11-03;59,5;75;;jah
1936-11-04;57,7;73;;jah
1936-11-05;56,8;72;;jah
1936-11-06;54,2;69;;jah
1936-11-07;51,8;66;;jah
1936-11-08;50,2;64;;jah
1936-11-09;47,8;61;;jah
1936-11-10;45,4;58;;jah
1936-11-11;43,8;56;;jah
1936-11-12;41,5;53;;jah
1936-11-13;48,6;62;;jah
1936-11-14;57,7;73;;jah
1936-11-15;71,4;88;;jah
1936-11-16;76,2;93;;jah
1936-11-17;73,3;90;;jah
1936-11-18;67,7;84;;jah
1936-11-19;55;70;;jah
1936-11-20;39,1;50;;jah
1936-11-21;36,2;46;;jah
1936-11-22;33,3;42;;jah
1936-11-23;34,1;43;;jah
1936-11-24;34,8;44;;jah
1936-11-25;34,8;44;;jah
1936-11-26;34,8;44;;jah
1936-11-27;34,1;43;;jah
1936-11-28;32,6;41;;jah
1936-11-29;31,9;40;;jah
1936-11-30;27,8;39;;jah
1936-12-01;27,4;38;;jah
1936-12-02;28,7;40;;jah
1936-12-03;29,7;52;;jah
1936-12-04;32,4;47;;jah
1936-12-05;30,8;44;;jah
1936-12-06;29,2;41;;jah
1936-12-07;28,7;40;;jah
1936-12-08;28,7;40;;jah
1936-12-09;28,4;39;;jah
1936-12-10;29,7;42;;jah
1936-12-11;33,5;49;;jah
1936-12-12;40;60;;jah
1936-12-13;38,2;57;;jah
1936-12-14;37,6;56;;jah
1936-12-15;36,4;54;;jah
1936-12-16;35,8;53;;jah
1936-12-17;36,4;54;;jah
1936-12-18;36,4;54;;jah
1936-12-19;48,7;73;;jah
1936-12-20;74,4;105;;jah
1936-12-21;82,9;114;;jah
1936-12-22;87,8;119;;jah
1936-12-23;89,8;121;;jah
1936-12-24;92,9;124;;jah
1936-12-25;95;126;;jah
1936-12-26;83,9;115;;jah
1936-12-27;53,7;80;;jah
1936-12-28;48,7;73;;jah
1936-12-29;60;88;;jah
1936-12-30;60,7;89;;jah
1936-12-31;65,7;95;;jah
1937-01-01;59,2;87;;jah
1937-01-02;52,3;78;;jah
1937-01-03;60,7;89;;jah
1937-01-04;84,8;116;;jah
1937-01-05;112;141;;jah
1937-01-06;199;204;;jah
1937-01-07;193;200;;jah
1937-01-08;171;186;;jah
1937-01-09;91,9;123;;jah
1937-01-10;77;116;;jah
1937-01-11;68;117;;jah
1937-01-12;64;118;;jah
1937-01-13;60;119;;jah
1937-01-14;56;115;;jah
1937-01-15;52;113;;jah
1937-01-16;48;122;;jah
1937-01-17;44;114;;jah
1937-01-18;41;126;;jah
1937-01-19;38;136;;jah
1937-01-20;35;138;;jah
1937-01-21;32;142;;jah
1937-01-22;30;136;;jah
1937-01-23;27;111;;jah
1937-01-24;24;92;;jah
1937-01-25;22;80;;jah
1937-01-26;20;69;;jah
1937-01-27;18;60;;jah
1937-01-28;16;50;;jah
1937-01-29;15;41;;jah
1937-01-30;14;37;;jah
1937-01-31;13;33;;jah
1937-02-01;11,5;28;;jah
1937-02-02;11,5;28;;jah
1937-02-03;11,8;29;;jah
1937-02-04;11,5;28;;jah
1937-02-05;9,6;23;;jah
1937-02-06;7,86;18;;jah
1937-02-07;9,6;23;;jah
1937-02-08;13,1;32;;jah
1937-02-09;11,8;29;;jah
1937-02-10;9,28;22;;jah
1937-02-11;7,18;16;;jah
1937-02-12;8,4;20;;jah
1937-02-13;8,4;20;;jah
1937-02-14;8,71;21;;jah
1937-02-15;8,71;21;;jah
1937-02-16;8,4;20;;jah
1937-02-17;8,4;20;;jah
1937-02-18;8,71;21;;jah
1937-02-19;8,71;21;;jah
1937-02-20;9,28;22;;jah
1937-02-21;9,28;22;;jah
1937-02-22;9,28;22;;jah
1937-02-23;9,28;22;;jah
1937-02-24;8,71;21;;jah
1937-02-25;8,71;21;;jah
1937-02-26;8,71;21;;jah
1937-02-27;8,71;21;;jah
1937-02-28;9,28;22;;jah
1937-03-01;9,91;24;;jah
1937-03-02;9,6;23;;jah
1937-03-03;9,28;22;;jah
1937-03-04;8,71;21;;jah
1937-03-05;9,28;22;;jah
1937-03-06;8,71;21;;jah
1937-03-07;7,86;18;;jah
1937-03-08;7,18;16;;jah
1937-03-09;7,18;16;;jah
1937-03-10;7,58;17;;jah
1937-03-11;7,58;17;;jah
1937-03-12;7,58;17;;jah
1937-03-13;7,86;18;;jah
1937-03-14;7,86;18;;jah
1937-03-15;8,71;21;;jah
1937-03-16;15;37;;jah
1937-03-17;27,2;67;;jah
1937-03-18;40,9;94;;jah
1937-03-19;61,7;126;;jah
1937-03-20;100;171;;jah
1937-03-21;96;168;;jah
1937-03-22;85,6;156;;jah
1937-03-23;94,2;166;;jah
1937-03-24;103;174;;jah
1937-03-25;115;186;;jah
1937-03-26;135;205;;jah
1937-03-27;126;197;;jah
1937-03-28;114;185;;jah
1937-03-29;104;175;;jah
1937-03-30;94,2;166;;jah
1937-03-31;71,7;140;;jah
1937-04-01;73,7;127;;jah
1937-04-02;66,8;117;;jah
1937-04-03;64;113;;jah
1937-04-04;63,4;112;;jah
1937-04-05;86,5;145;;jah
1937-04-06;130;198;;jah
1937-04-07;155;223;;jah
1937-04-08;237;272;;jah
1937-04-09;324;304;;jah
1937-04-10;310;276;;jah
1937-04-11;308;276;;jah
1937-04-12;296;269;;jah
1937-04-13;278;257;;jah
1937-04-14;236;228;;jah
1937-04-15;220;215;;jah
1937-04-16;192;194;;jah
1937-04-17;169;175;;jah
1937-04-18;156;164;;jah
1937-04-19;144;154;;jah
1937-04-20;143;153;;jah
1937-04-21;140;151;;jah
1937-04-22;131;143;;jah
1937-04-23;116;129;;jah
1937-04-24;119;132;;jah
1937-04-25;117;130;;jah
1937-04-26;115;128;;jah
1937-04-27;110;124;;jah
1937-04-28;102;116;;jah
1937-04-29;92,9;108;;jah
1937-04-30;77,2;98;;jah
1937-05-01;61,5;90;;jah
1937-05-02;57,6;85;;jah
1937-05-03;49,4;74;;jah
1937-05-04;44;66;;jah
1937-05-05;39,4;59;;jah
1937-05-06;35,2;52;;jah
1937-05-07;34,1;50;;jah
1937-05-08;32,4;47;;jah
1937-05-09;30,8;44;;jah
1937-05-10;27,4;38;;jah
1937-05-11;25;34;;jah
1937-05-12;24,4;33;;jah
1937-05-13;34,1;50;;jah
1937-05-14;82,9;114;;jah
1937-05-15;128;155;;jah
1937-05-16;143;166;;jah
1937-05-17;143;166;;jah
1937-05-18;116;145;;jah
1937-05-19;91,9;123;;jah
1937-05-20;77,2;108;;jah
1937-05-21;66,6;96;;jah
1937-05-22;56,8;84;;jah
1937-05-23;50,2;75;;jah
1937-05-24;42;63;;jah
1937-05-25;35,4;52;;jah
1937-05-26;35,4;52;;jah
1937-05-27;31,4;45;;jah
1937-05-28;27,4;38;;jah
1937-05-29;26,2;36;;jah
1937-05-30;27,4;38;;jah
1937-05-31;23,8;32;;jah
1937-06-01;19,4;25;;jah
1937-06-02;17,4;22;;jah
1937-06-03;16,8;21;;jah
1937-06-04;17,4;22;;jah
1937-06-05;16,8;21;;jah
1937-06-06;16,8;21;;jah
1937-06-07;16,8;21;;jah
1937-06-08;16,2;20;;jah
1937-06-09;14,6;17;;jah
1937-06-10;12;12;;jah
1937-06-11;13;14;;jah
1937-06-12;12,5;13;;jah
1937-06-13;12;12;;jah
1937-06-14;10,6;9;;jah
1937-06-15;10,6;9;;jah
1937-06-16;10,2;8;;jah
1937-06-17;10,2;8;;jah
1937-06-18;10,2;8;;jah
1937-06-19;9,81;7;;jah
1937-06-20;8,67;5;;jah
1937-06-21;9,05;6;;jah
1937-06-22;8,29;3;;jah
1937-06-23;9,05;5;;jah
1937-06-24;11,5;11;;jah
1937-06-25;12;12;;jah
1937-06-26;11,5;11;;jah
1937-06-27;11;10;;jah
1937-06-28;11;10;;jah
1937-06-29;11;10;;jah
1937-06-30;10,6;9;;jah
1937-07-01;10,6;9;;jah
1937-07-02;12,5;13;;jah
1937-07-03;12,5;13;;jah
1937-07-04;12,5;13;;jah
1937-07-05;10,6;9;;jah
1937-07-06;11;10;;jah
1937-07-07;10,6;9;;jah
1937-07-08;8,67;4;;jah
1937-07-09;8,29;3;;jah
1937-07-10;8,29;3;;jah
1937-07-11;8,29;3;;jah
1937-07-12;8,67;4;;jah
1937-07-13;8,29;3;;jah
1937-07-14;8,67;4;;jah
1937-07-15;9,05;6;;jah
1937-07-16;17,4;22;;jah
1937-07-17;25;34;;jah
1937-07-18;22;29;;jah
1937-07-19;20;26;;jah
1937-07-20;18,7;24;;jah
1937-07-21;15,6;18;;jah
1937-07-22;15,6;19;;jah
1937-07-23;20;26;;jah
1937-07-24;16,8;21;;jah
1937-07-25;18,1;23;;jah
1937-07-26;18,1;23;;jah
1937-07-27;18,7;24;;jah
1937-07-28;19,4;25;;jah
1937-07-29;18,7;24;;jah
1937-07-30;18,1;23;;jah
1937-07-31;22;29;;jah
1937-08-01;29,7;42;;jah
1937-08-02;33;48;;jah
1937-08-03;35,2;52;;jah
1937-08-04;35,2;52;;jah
1937-08-05;38,2;57;;jah
1937-08-06;38,2;57;;jah
1937-08-07;35,2;52;;jah
1937-08-08;34,1;50;;jah
1937-08-09;32,4;47;;jah
1937-08-10;28,7;40;;jah
1937-08-11;28,4;39;;jah
1937-08-12;29,2;41;;jah
1937-08-13;28,4;39;;jah
1937-08-14;30,3;43;;jah
1937-08-15;35,2;52;;jah
1937-08-16;35,2;52;;jah
1937-08-17;37,6;56;;jah
1937-08-18;37;55;;jah
1937-08-19;35,2;52;;jah
1937-08-20;33,5;49;;jah
1937-08-21;31,9;46;;jah
1937-08-22;30,8;44;;jah
1937-08-23;29,2;41;;jah
1937-08-24;26,8;37;;jah
1937-08-25;23,2;31;;jah
1937-08-26;25,6;25;;jah
1937-08-27;16,8;21;;jah
1937-08-28;15,6;19;;jah
1937-08-29;16,8;21;;jah
1937-08-30;15,6;19;;jah
1937-08-31;14,6;17;;jah
1937-09-01;13,4;14;;jah
1937-09-02;12,8;13;;jah
1937-09-03;11,6;11;;jah
1937-09-04;11,6;11;;jah
1937-09-05;12,2;12;;jah
1937-09-06;11,6;11;;jah
1937-09-07;11;10;;jah
1937-09-08;11;10;;jah
1937-09-09;10;8;;jah
1937-09-10;10,5;9;;jah
1937-09-11;10,5;9;;jah
1937-09-12;12,2;12;;jah
1937-09-13;20,6;26;;jah
1937-09-14;35,9;49;;jah
1937-09-15;44,8;61;;jah
1937-09-16;54,4;73;;jah
1937-09-17;57,6;77;;jah
1937-09-18;49,6;67;;jah
1937-09-19;49,6;67;;jah
1937-09-20;51,2;69;;jah
1937-09-21;52,8;71;;jah
1937-09-22;51,2;69;;jah
1937-09-23;49,6;67;;jah
1937-09-24;45,6;62;;jah
1937-09-25;43,3;59;;jah
1937-09-26;41,8;57;;jah
1937-09-27;38,1;52;;jah
1937-09-28;36,6;50;;jah
1937-09-29;34,5;47;;jah
1937-09-30;33,2;45;;jah
1937-10-01;29,7;42;;jah
1937-10-02;27,4;38;;jah
1937-10-03;25;34;;jah
1937-10-04;23,8;32;;jah
1937-10-05;22;29;;jah
1937-10-06;20;26;;jah
1937-10-07;15,6;19;;jah
1937-10-08;15,1;18;;jah
1937-10-09;13,6;15;;jah
1937-10-10;12,5;13;;jah
1937-10-11;12,5;13;;jah
1937-10-12;12,5;12;;jah
1937-10-13;12,5;12;;jah
1937-10-14;12,5;12;;jah
1937-10-15;11,5;11;;jah
1937-10-16;11;10;;jah
1937-10-17;13;14;;jah
1937-10-18;16,2;20;;jah
1937-10-19;23,2;31;;jah
1937-10-20;24,4;33;;jah
1937-10-21;25,6;35;;jah
1937-10-22;25,6;35;;jah
1937-10-23;25;34;;jah
1937-10-24;25,6;35;;jah
1937-10-25;25,6;35;;jah
1937-10-26;25;34;;jah
1937-10-27;25;34;;jah
1937-10-28;24,4;33;;jah
1937-10-29;23,8;32;;jah
1937-10-30;23,2;31;;jah
1937-10-31;22;29;;jah
1937-11-01;21;29;;jah
1937-11-02;20,5;27;;jah
1937-11-03;20;22;;jah
1937-11-04;16,4;16;;jah
1937-11-05;18,7;20;;jah
1937-11-06;18,7;20;;jah
1937-11-07;19,3;21;;jah
1937-11-08;19,3;21;;jah
1937-11-09;20;22;;jah
1937-11-10;19,3;21;;jah
1937-11-11;20;22;;jah
1937-11-12;29,8;37;;jah
1937-11-13;39;50;;jah
1937-11-14;44,2;57;;jah
1937-11-15;50,2;65;;jah
1937-11-16;54;70;;jah
1937-11-17;52,5;68;;jah
1937-11-18;51,7;67;;jah
1937-11-19;51,7;67;;jah
1937-11-20;48,7;63;;jah
1937-11-21;54,8;71;;jah
1937-11-22;84,4;106;;jah
1937-11-23;105;128;;jah
1937-11-24;109;132;;jah
1937-11-25;101;124;;jah
1937-11-26;98,4;121;;jah
1937-11-27;93,7;116;;jah
1937-11-28;83,5;105;;jah
1937-11-29;72,7;93;;jah
1937-11-30;66;85;;jah
1937-12-01;54,5;75;;jah
1937-12-02;50;66;;jah
1937-12-03;46;74;;jah
1937-12-04;42;77;;jah
1937-12-05;39,5;106;;jah
1937-12-06;36,5;122;;jah
1937-12-07;35;121;;jah
1937-12-08;33;116;;jah
1937-12-09;31,5;110;;jah
1937-12-10;30;103;;jah
1937-12-11;28,5;98;;jah
1937-12-12;27;87;;jah
1937-12-13;26;82;;jah
1937-12-14;25;73;;jah
1937-12-15;24;70;;jah
1937-12-16;23;65;;jah
1937-12-17;22;61;;jah
1937-12-18;21;59;;jah
1937-12-19;20,5;54;;jah
1937-12-20;19,5;50;;jah
1937-12-21;18;48;;jah
1937-12-22;18,5;47;;jah
1937-12-23;18,2;46;;jah
1937-12-24;18;45;;jah
1937-12-25;17,6;44;;jah
1937-12-26;17,6;44;;jah
1937-12-27;17,3;43;;jah
1937-12-28;17,3;43;;jah
1937-12-29;17;42;;jah
1937-12-30;17;42;;jah
1937-12-31;16,6;41;;jah
1938-01-01;16,6;41;;jah
1938-01-02;16,3;40;;jah
1938-01-03;15,7;39;;jah
1938-01-04;15,4;38;;jah
1938-01-05;15;37;;jah
1938-01-06;14,7;36;;jah
1938-01-07;13,4;35;;jah
1938-01-08;13,8;34;;jah
1938-01-09;12,8;31;;jah
1938-01-10;12,8;31;;jah
1938-01-11;11,9;29;;jah
1938-01-12;11,5;28;;jah
1938-01-13;10,8;26;;jah
1938-01-14;11,2;27;;jah
1938-01-15;10,8;26;;jah
1938-01-16;10,5;25;;jah
1938-01-17;11,5;28;;jah
1938-01-18;12,4;31;;jah
1938-01-19;13,4;33;;jah
1938-01-20;13,8;34;;jah
1938-01-21;13,8;34;;jah
1938-01-22;13,4;35;;jah
1938-01-23;14,7;36;;jah
1938-01-24;14,7;36;;jah
1938-01-25;15;37;;jah
1938-01-26;15,7;39;;jah
1938-01-27;16,6;41;;jah
1938-01-28;20,1;51;;jah
1938-01-29;21,5;54;;jah
1938-01-30;21,9;55;;jah
1938-01-31;22,9;58;;jah
1938-02-01;29,7;59;;jah
1938-02-02;31,4;62;;jah
1938-02-03;34,3;67;;jah
1938-02-04;38,5;74;;jah
1938-02-05;46,8;87;;jah
1938-02-06;67,6;116;;jah
1938-02-07;100;152;;jah
1938-02-08;114;164;;jah
1938-02-09;124;172;;jah
1938-02-10;131;177;;jah
1938-02-11;128;175;;jah
1938-02-12;110;161;;jah
1938-02-13;87,2;139;;jah
1938-02-14;75,8;126;;jah
1938-02-15;66,8;115;;jah
1938-02-16;57,8;103;;jah
1938-02-17;54,8;99;;jah
1938-02-18;52,8;96;;jah
1938-02-19;39,7;76;;jah
1938-02-20;35,4;69;;jah
1938-02-21;33,1;65;;jah
1938-02-22;28,6;57;;jah
1938-02-23;27,6;55;;jah
1938-02-24;26,6;53;;jah
1938-02-25;23,6;47;;jah
1938-02-26;22,1;44;;jah
1938-02-27;21,6;43;;jah
1938-02-28;22,1;44;;jah
1938-03-01;27,5;50;;jah
1938-03-02;36,1;65;;jah
1938-03-03;47,5;83;;jah
1938-03-04;67,3;111;;jah
1938-03-05;97,3;150;;jah
1938-03-06;122;180;;jah
1938-03-07;132;191;;jah
1938-03-08;126;184;;jah
1938-03-09;121;178;;jah
1938-03-10;111;166;;jah
1938-03-11;102;154;;jah
1938-03-12;81,4;126;;jah
1938-03-13;71;112;;jah
1938-03-14;65,7;103;;jah
1938-03-15;65;100;;jah
1938-03-16;73,4;108;;jah
1938-03-17;132;170;;jah
1938-03-18;178;211;;jah
1938-03-19;195;222;;jah
1938-03-20;255;267;;jah
1938-03-21;285;283;;jah
1938-03-22;324;302;;jah
1938-03-23;305;287;;jah
1938-03-24;296;276;;jah
1938-03-25;268;251;;jah
1938-03-26;238;229;;jah
1938-03-27;216;212;;jah
1938-03-28;180;184;;jah
1938-03-29;143;153;;jah
1938-03-30;116;129;;jah
1938-03-31;109;123;;jah
1938-04-01;99,4;113;;jah
1938-04-02;89,8;105;;jah
1938-04-03;81,5;97;;jah
1938-04-04;81,5;97;;jah
1938-04-05;80,5;96;;jah
1938-04-06;83,5;99;;jah
1938-04-07;87,6;103;;jah
1938-04-08;99,4;114;;jah
1938-04-09;98,3;113;;jah
1938-04-10;92,9;108;;jah
1938-04-11;82,5;98;;jah
1938-04-12;76,5;92;;jah
1938-04-13;70,7;86;;jah
1938-04-14;72,6;88;;jah
1938-04-15;73,5;89;;jah
1938-04-16;70,7;86;;jah
1938-04-17;64;79;;jah
1938-04-18;60,4;75;;jah
1938-04-19;55;69;;jah
1938-04-20;50,8;64;;jah
1938-04-21;45,2;57;;jah
1938-04-22;44,4;56;;jah
1938-04-23;49,9;63;;jah
1938-04-24;62,2;77;;jah
1938-04-25;63,1;78;;jah
1938-04-26;58,5;73;;jah
1938-04-27;53,3;67;;jah
1938-04-28;46,6;59;;jah
1938-04-29;44,4;56;;jah
1938-04-30;42,9;54;;jah
1938-05-01;33,5;49;;jah
1938-05-02;30,3;43;;jah
1938-05-03;28,4;39;;jah
1938-05-04;25,6;35;;jah
1938-05-05;23,2;31;;jah
1938-05-06;20,7;27;;jah
1938-05-07;19,4;25;;jah
1938-05-08;20;26;;jah
1938-05-09;21,3;28;;jah
1938-05-10;19,4;25;;jah
1938-05-11;20;26;;jah
1938-05-12;22;29;;jah
1938-05-13;23,2;31;;jah
1938-05-14;25;34;;jah
1938-05-15;25;34;;jah
1938-05-16;22;29;;jah
1938-05-17;16,8;21;;jah
1938-05-18;14,1;16;;jah
1938-05-19;13;14;;jah
1938-05-20;13;14;;jah
1938-05-21;13,6;15;;jah
1938-05-22;15,1;18;;jah
1938-05-23;15,1;18;;jah
1938-05-24;16,8;21;;jah
1938-05-25;13;14;;jah
1938-05-26;12,5;13;;jah
1938-05-27;12;12;;jah
1938-05-28;11,5;11;;jah
1938-05-29;14,6;17;;jah
1938-05-30;15,6;19;;jah
1938-05-31;15,1;18;;jah
1938-06-01;15,1;18;;jah
1938-06-02;13;14;;jah
1938-06-03;12,5;13;;jah
1938-06-04;12;12;;jah
1938-06-05;11;10;;jah
1938-06-06;14,1;16;;jah
1938-06-07;11,5;11;;jah
1938-06-08;8,7;6;;jah
1938-06-09;10,6;9;;jah
1938-06-10;9,8;8;;jah
1938-06-11;9,8;8;;jah
1938-06-12;11,5;11;;jah
1938-06-13;12,5;13;;jah
1938-06-14;11;10;;jah
1938-06-15;9,8;8;;jah
1938-06-16;10,6;9;;jah
1938-06-17;11;10;;jah
1938-06-18;11;10;;jah
1938-06-19;11;10;;jah
1938-06-20;19,4;25;;jah
1938-06-21;16,2;20;;jah
1938-06-22;14,6;17;;jah
1938-06-23;15,1;18;;jah
1938-06-24;21,3;28;;jah
1938-06-25;22,6;30;;jah
1938-06-26;20,7;27;;jah
1938-06-27;21,3;28;;jah
1938-06-28;22,6;30;;jah
1938-06-29;22,6;30;;jah
1938-06-30;26,8;37;;jah
1938-07-01;28,4;39;;jah
1938-07-02;25;34;;jah
1938-07-03;25;34;;jah
1938-07-04;23,2;31;;jah
1938-07-05;21,3;28;;jah
1938-07-06;17,4;22;;jah
1938-07-07;18,1;23;;jah
1938-07-08;16,8;21;;jah
1938-07-09;16,2;20;;jah
1938-07-10;21,3;28;;jah
1938-07-11;18,7;24;;jah
1938-07-12;17,4;22;;jah
1938-07-13;15,6;19;;jah
1938-07-14;15,1;18;;jah
1938-07-15;13;15;;jah
1938-07-16;11,5;11;;jah
1938-07-17;11;10;;jah
1938-07-18;10,6;9;;jah
1938-07-19;10,6;9;;jah
1938-07-20;13;14;;jah
1938-07-21;12,5;13;;jah
1938-07-22;12,5;13;;jah
1938-07-23;11;10;;jah
1938-07-24;7,9;4;;jah
1938-07-25;8,2;5;;jah
1938-07-26;10,6;9;;jah
1938-07-27;11,5;11;;jah
1938-07-28;11;10;;jah
1938-07-29;13;14;;jah
1938-07-30;13;14;;jah
1938-07-31;12,5;13;;jah
1938-08-01;13,3;17;;jah
1938-08-02;9,67;9;;jah
1938-08-03;10;10;;jah
1938-08-04;9,34;8;;jah
1938-08-05;8,68;6;;jah
1938-08-06;7,36;2;;jah
1938-08-07;6,7;0;;jah
1938-08-08;6,49;-1;;jah
1938-08-09;8,68;6;;jah
1938-08-10;8,02;4;;jah
1938-08-11;7,03;1;;jah
1938-08-12;6,7;0;;jah
1938-08-13;6,28;-2;;jah
1938-08-14;5,23;-7;;jah
1938-08-15;5,44;-6;;jah
1938-08-16;5,02;-8;;jah
1938-08-17;5,44;-6;;jah
1938-08-18;5,86;-4;;jah
1938-08-19;5,65;-5;;jah
1938-08-20;5,65;-5;;jah
1938-08-21;5,44;-6;;jah
1938-08-22;6,07;-3;;jah
1938-08-23;6,28;-2;;jah
1938-08-24;7,03;1;;jah
1938-08-25;7,69;3;;jah
1938-08-26;7,03;1;;jah
1938-08-27;6,07;-3;;jah
1938-08-28;6,07;-3;;jah
1938-08-29;8,35;5;;jah
1938-08-30;8,02;4;;jah
1938-08-31;6,7;0;;jah
1938-09-01;5,4;-2;;jah
1938-09-02;5,9;-1;;jah
1938-09-03;7,9;4;;jah
1938-09-04;4,7;-4;;jah
1938-09-05;5,9;-1;;jah
1938-09-06;5,1;-3;;jah
1938-09-07;5,4;-2;;jah
1938-09-08;5,4;-2;;jah
1938-09-09;5,4;-2;;jah
1938-09-10;5,1;-3;;jah
1938-09-11;4,3;-5;;jah
1938-09-12;5,1;-3;;jah
1938-09-13;5,4;-2;;jah
1938-09-14;5,4;-2;;jah
1938-09-15;5,1;-3;;jah
1938-09-16;4,7;-4;;jah
1938-09-17;4;-6;;jah
1938-09-18;3;-9;;jah
1938-09-19;5,9;-1;;jah
1938-09-20;5,9;-1;;jah
1938-09-21;5,9;-1;;jah
1938-09-22;5,1;-3;;jah
1938-09-23;5,1;-3;;jah
1938-09-24;5,1;-3;;jah
1938-09-25;3,7;-7;;jah
1938-09-26;4;-6;;jah
1938-09-27;3,7;-7;;jah
1938-09-28;3,7;-7;;jah
1938-09-29;4;-6;;jah
1938-09-30;4;-6;;jah
1938-10-01;4,94;-6;;jah
1938-10-02;5,35;-6;;jah
1938-10-03;5,84;-4;;jah
1938-10-04;5,5;-5;;jah
1938-10-05;5,18;-6;;jah
1938-10-06;5,18;-6;;jah
1938-10-07;5,18;-6;;jah
1938-10-08;4,54;-8;;jah
1938-10-09;5,5;-5;;jah
1938-10-10;5,5;-5;;jah
1938-10-11;5,5;-5;;jah
1938-10-12;5,5;-5;;jah
1938-10-13;5,84;-4;;jah
1938-10-14;8,12;2;;jah
1938-10-15;10,9;8;;jah
1938-10-16;16,3;19;;jah
1938-10-17;21,5;29;;jah
1938-10-18;23,8;33;;jah
1938-10-19;26,8;38;;jah
1938-10-20;30,2;43;;jah
1938-10-21;33,8;48;;jah
1938-10-22;38,7;54;;jah
1938-10-23;42,1;58;;jah
1938-10-24;41,2;57;;jah
1938-10-25;37,8;53;;jah
1938-10-26;33,1;47;;jah
1938-10-27;32,4;46;;jah
1938-10-28;31,6;45;;jah
1938-10-29;30,9;44;;jah
1938-10-30;31,6;45;;jah
1938-10-31;30,9;44;;jah
1938-11-01;36,2;46;;jah
1938-11-02;36,9;47;;jah
1938-11-03;39;50;;jah
1938-11-04;39,7;51;;jah
1938-11-05;40,5;52;;jah
1938-11-06;42;54;;jah
1938-11-07;42,7;55;;jah
1938-11-08;43,4;56;;jah
1938-11-09;44,2;57;;jah
1938-11-10;43,4;56;;jah
1938-11-11;42,7;55;;jah
1938-11-12;40,5;52;;jah
1938-11-13;39,7;51;;jah
1938-11-14;38,3;49;;jah
1938-11-15;36,9;47;;jah
1938-11-16;34;43;;jah
1938-11-17;31,9;40;;jah
1938-11-18;31,2;39;;jah
1938-11-19;30,5;38;;jah
1938-11-20;30,5;38;;jah
1938-11-21;30,5;38;;jah
1938-11-22;31,2;39;;jah
1938-11-23;33,3;42;;jah
1938-11-24;42;54;;jah
1938-11-25;43,4;56;;jah
1938-11-26;42;54;;jah
1938-11-27;41,2;53;;jah
1938-11-28;40,5;52;;jah
1938-11-29;38,3;49;;jah
1938-11-30;33;47;;jah
1938-12-01;27,1;45;;jah
1938-12-02;27,7;46;;jah
1938-12-03;29,6;49;;jah
1938-12-04;32,2;53;;jah
1938-12-05;34,3;56;;jah
1938-12-06;37,7;61;;jah
1938-12-07;45,2;71;;jah
1938-12-08;50,6;78;;jah
1938-12-09;53,9;82;;jah
1938-12-10;49,9;77;;jah
1938-12-11;50,6;78;;jah
1938-12-12;43,7;69;;jah
1938-12-13;36,3;59;;jah
1938-12-14;29;48;;jah
1938-12-15;27,6;47;;jah
1938-12-16;26,3;69;;jah
1938-12-17;17,4;45;;jah
1938-12-18;12,8;29;;jah
1938-12-19;12,5;28;;jah
1938-12-20;12,5;28;;jah
1938-12-21;12,8;29;;jah
1938-12-22;12,2;27;;jah
1938-12-23;10,1;18;;jah
1938-12-24;8,23;9;;jah
1938-12-25;7,89;7;;jah
1938-12-26;8,06;8;;jah
1938-12-27;7,89;7;;jah
1938-12-28;8,4;10;;jah
1938-12-29;10,1;18;;jah
1938-12-30;10,1;18;;jah
1938-12-31;9,66;16;;jah
1939-01-01;9,22;9;;jah
1939-01-02;10,4;13;;jah
1939-01-03;10,4;13;;jah
1939-01-04;8,94;8;;jah
1939-01-05;8,38;6;;jah
1939-01-06;8,1;5;;jah
1939-01-07;10,4;13;;jah
1939-01-08;10,4;13;;jah
1939-01-09;11,9;18;;jah
1939-01-10;10,1;12;;jah
1939-01-11;9,5;10;;jah
1939-01-12;9,8;11;;jah
1939-01-13;9,8;11;;jah
1939-01-14;10,1;12;;jah
1939-01-15;9,22;9;;jah
1939-01-16;10,4;13;;jah
1939-01-17;15,9;30;;jah
1939-01-18;46,8;101;;jah
1939-01-19;57,3;120;;jah
1939-01-20;46,3;100;;jah
1939-01-21;39,5;86;;jah
1939-01-22;38,1;83;;jah
1939-01-23;33,2;72;;jah
1939-01-24;27,9;60;;jah
1939-01-25;27;58;;jah
1939-01-26;25,3;54;;jah
1939-01-27;22,3;47;;jah
1939-01-28;20;41;;jah
1939-01-29;18,9;38;;jah
1939-01-30;17,8;35;;jah
1939-01-31;15,8;34;;jah
1939-02-01;13,8;34;;jah
1939-02-02;13,4;33;;jah
1939-02-03;13,1;32;;jah
1939-02-04;12,4;30;;jah
1939-02-05;10,5;25;;jah
1939-02-06;13,4;33;;jah
1939-02-07;13,1;32;;jah
1939-02-08;17,6;44;;jah
1939-02-09;26,4;66;;jah
1939-02-10;35,2;84;;jah
1939-02-11;47,6;105;;jah
1939-02-12;41,9;96;;jah
1939-02-13;63,1;128;;jah
1939-02-14;72,5;141;;jah
1939-02-15;65,2;131;;jah
1939-02-16;55,5;118;;jah
1939-02-17;58,4;121;;jah
1939-02-18;57,7;120;;jah
1939-02-19;53,7;115;;jah
1939-02-20;49,4;108;;jah
1939-02-21;45,3;101;;jah
1939-02-22;40,3;93;;jah
1939-02-23;34,8;83;;jah
1939-02-24;29,7;73;;jah
1939-02-25;25,2;63;;jah
1939-02-26;21,2;53;;jah
1939-02-27;17,3;43;;jah
1939-02-28;15,7;39;;jah
1939-03-01;22,2;49;;jah
1939-03-02;22,2;49;;jah
1939-03-03;19,4;44;;jah
1939-03-04;16,8;39;;jah
1939-03-05;16,8;39;;jah
1939-03-06;15;35;;jah
1939-03-07;16,3;38;;jah
1939-03-08;17,8;41;;jah
1939-03-09;18,3;42;;jah
1939-03-10;17,8;41;;jah
1939-03-11;17,2;40;;jah
1939-03-12;17,8;41;;jah
1939-03-13;16,3;38;;jah
1939-03-14;15;35;;jah
1939-03-15;13,6;32;;jah
1939-03-16;12,4;29;;jah
1939-03-17;11,5;26;;jah
1939-03-18;10,2;22;;jah
1939-03-19;9,6;20;;jah
1939-03-20;8,3;15;;jah
1939-03-21;8,3;15;;jah
1939-03-22;8,3;15;;jah
1939-03-23;8,3;15;;jah
1939-03-24;8,3;15;;jah
1939-03-25;8,56;16;;jah
1939-03-26;9,08;18;;jah
1939-03-27;9,08;18;;jah
1939-03-28;14,5;34;;jah
1939-03-29;33,3;67;;jah
1939-03-30;43;81;;jah
1939-03-31;45,2;84;;jah
1939-04-01;38,2;73;;jah
1939-04-02;33,4;65;;jah
1939-04-03;34;66;;jah
1939-04-04;35,8;69;;jah
1939-04-05;37;71;;jah
1939-04-06;43,2;81;;jah
1939-04-07;92,5;153;;jah
1939-04-08;120;177;;jah
1939-04-09;161;197;;jah
1939-04-10;179;189;;jah
1939-04-11;152;161;;jah
1939-04-12;118;131;;jah
1939-04-13;86,6;102;;jah
1939-04-14;79,5;95;;jah
1939-04-15;86,6;102;;jah
1939-04-16;116;129;;jah
1939-04-17;145;155;;jah
1939-04-18;153;162;;jah
1939-04-19;152;161;;jah
1939-04-20;130;142;;jah
1939-04-21;119;132;;jah
1939-04-22;129;141;;jah
1939-04-23;130;142;;jah
1939-04-24;121;134;;jah
1939-04-25;110;124;;jah
1939-04-26;99,4;114;;jah
1939-04-27;91,8;107;;jah
1939-04-28;88,7;104;;jah
1939-04-29;82,5;98;;jah
1939-04-30;73,5;89;;jah
1939-05-01;65,6;85;;jah
1939-05-02;60,1;79;;jah
1939-05-03;52,8;71;;jah
1939-05-04;45,7;63;;jah
1939-05-05;43,9;61;;jah
1939-05-06;38,2;54;;jah
1939-05-07;32,9;47;;jah
1939-05-08;28;40;;jah
1939-05-09;22,4;31;;jah
1939-05-10;23;32;;jah
1939-05-11;24,9;35;;jah
1939-05-12;22,4;31;;jah
1939-05-13;20,1;27;;jah
1939-05-14;19,5;26;;jah
1939-05-15;20,6;28;;jah
1939-05-16;20,1;27;;jah
1939-05-17;20,6;28;;jah
1939-05-18;21,8;30;;jah
1939-05-19;24,9;35;;jah
1939-05-20;26,1;37;;jah
1939-05-21;25,5;36;;jah
1939-05-22;24,9;35;;jah
1939-05-23;24,9;35;;jah
1939-05-24;23;32;;jah
1939-05-25;22,4;31;;jah
1939-05-26;22,4;31;;jah
1939-05-27;21,8;30;;jah
1939-05-28;21,8;30;;jah
1939-05-29;22,4;31;;jah
1939-05-30;22,4;31;;jah
1939-05-31;22,4;31;;jah
1939-06-01;23,8;32;;jah
1939-06-02;23,2;31;;jah
1939-06-03;22,6;30;;jah
1939-06-04;21,3;28;;jah
1939-06-05;20,7;27;;jah
1939-06-06;17,4;22;;jah
1939-06-07;12,5;13;;jah
1939-06-08;11,5;11;;jah
1939-06-09;11;10;;jah
1939-06-10;10,6;9;;jah
1939-06-11;10,6;9;;jah
1939-06-12;10,6;9;;jah
1939-06-13;10,6;9;;jah
1939-06-14;9,8;8;;jah
1939-06-15;9,2;7;;jah
1939-06-16;9,2;7;;jah
1939-06-17;8,7;6;;jah
1939-06-18;8,7;6;;jah
1939-06-19;9,2;7;;jah
1939-06-20;7,4;3;;jah
1939-06-21;5,4;-2;;jah
1939-06-22;5,1;-3;;jah
1939-06-23;4,7;-4;;jah
1939-06-24;4,7;-4;;jah
1939-06-25;5,4;-2;;jah
1939-06-26;9,8;8;;jah
1939-06-27;10,6;9;;jah
1939-06-28;9,8;8;;jah
1939-06-29;13,6;15;;jah
1939-06-30;14,6;17;;jah
1939-07-01;13,8;15;;jah
1939-07-02;11,1;8;;jah
1939-07-03;11,1;8;;jah
1939-07-04;13;13;;jah
1939-07-05;9,7;4;;jah
1939-07-06;9;2;;jah
1939-07-07;7,99;-1;;jah
1939-07-08;7,99;-1;;jah
1939-07-09;9,35;3;;jah
1939-07-10;10;5;;jah
1939-07-11;10,4;6;;jah
1939-07-12;10;5;;jah
1939-07-13;10;5;;jah
1939-07-14;9;2;;jah
1939-07-15;8,3;0;;jah
1939-07-16;9,35;3;;jah
1939-07-17;12,2;11;;jah
1939-07-18;12,2;11;;jah
1939-07-19;10,8;7;;jah
1939-07-20;10,4;6;;jah
1939-07-21;10;5;;jah
1939-07-22;8,65;1;;jah
1939-07-23;9,7;4;;jah
1939-07-24;11,4;9;;jah
1939-07-25;10,8;7;;jah
1939-07-26;11,1;8;;jah
1939-07-27;12,2;11;;jah
1939-07-28;13,4;14;;jah
1939-07-29;13,8;15;;jah
1939-07-30;14,3;16;;jah
1939-07-31;15,1;18;;jah
1939-08-01;9,01;7;;jah
1939-08-02;8,68;6;;jah
1939-08-03;8,02;4;;jah
1939-08-04;7,69;3;;jah
1939-08-05;7,69;3;;jah
1939-08-06;7,36;2;;jah
1939-08-07;7,36;2;;jah
1939-08-08;7,36;2;;jah
1939-08-09;7,03;1;;jah
1939-08-10;6,49;-1;;jah
1939-08-11;6,28;-2;;jah
1939-08-12;5,86;-4;;jah
1939-08-13;5,65;-5;;jah
1939-08-14;5,44;-6;;jah
1939-08-15;5,65;-5;;jah
1939-08-16;5,65;-5;;jah
1939-08-17;5,44;-6;;jah
1939-08-18;5,02;-8;;jah
1939-08-19;4,81;-9;;jah
1939-08-20;4,42;-11;;jah
1939-08-21;4,42;-11;;jah
1939-08-22;4,42;-11;;jah
1939-08-23;4,42;-11;;jah
1939-08-24;4,42;-11;;jah
1939-08-25;4,42;-11;;jah
1939-08-26;4,24;-12;;jah
1939-08-27;4,42;-11;;jah
1939-08-28;4,42;-11;;jah
1939-08-29;4,42;-11;;jah
1939-08-30;4,42;-11;;jah
1939-08-31;3,61;-11;;jah
1939-09-01;4,35;-11;;jah
1939-09-02;4,35;-11;;jah
1939-09-03;4,35;-11;;jah
1939-09-04;4,35;-11;;jah
1939-09-05;4,16;-12;;jah
1939-09-06;4,16;-12;;jah
1939-09-07;4,16;-12;;jah
1939-09-08;4,35;-11;;jah
1939-09-09;4,16;-12;;jah
1939-09-10;3,88;-14;;jah
1939-09-11;4,35;-11;;jah
1939-09-12;4,16;-12;;jah
1939-09-13;4,16;-12;;jah
1939-09-14;4,35;-13;;jah
1939-09-15;4,35;-13;;jah
1939-09-16;4,35;-13;;jah
1939-09-17;3,46;-17;;jah
1939-09-18;4,16;-12;;jah
1939-09-19;4,16;-12;;jah
1939-09-20;4,35;-11;;jah
1939-09-21;4,35;-11;;jah
1939-09-22;4,35;-11;;jah
1939-09-23;4,44;-10;;jah
1939-09-24;4,44;-10;;jah
1939-09-25;4,65;-9;;jah
1939-09-26;4,82;-8;;jah
1939-09-27;4,82;-8;;jah
1939-09-28;4,82;-8;;jah
1939-09-29;4,82;-8;;jah
1939-09-30;5;-7;;jah
1939-10-01;5,05;-7;;jah
1939-10-02;5,05;-7;;jah
1939-10-03;5,18;-6;;jah
1939-10-04;5,05;-7;;jah
1939-10-05;4,82;-8;;jah
1939-10-06;4,82;-8;;jah
1939-10-07;4,82;-8;;jah
1939-10-08;4,33;-11;;jah
1939-10-09;5,05;-7;;jah
1939-10-10;5,05;-7;;jah
1939-10-11;5,18;-6;;jah
1939-10-12;5,18;-6;;jah
1939-10-13;5,05;-7;;jah
1939-10-14;5,18;-6;;jah
1939-10-15;4,82;-8;;jah
1939-10-16;5,4;-5;;jah
1939-10-17;5,05;-7;;jah
1939-10-18;5,05;-7;;jah
1939-10-19;4,82;-8;;jah
1939-10-20;5,05;-7;;jah
1939-10-21;5,05;-7;;jah
1939-10-22;4,82;-8;;jah
1939-10-23;5,05;-7;;jah
1939-10-24;5,05;-7;;jah
1939-10-25;5,18;-6;;jah
1939-10-26;5,4;-5;;jah
1939-10-27;5,05;-6;;jah
1939-10-28;5,4;-5;;jah
1939-10-29;5,4;-5;;jah
1939-10-30;5,05;-6;;jah
1939-10-31;5,4;-5;;jah
1939-11-01;5,64;-6;;jah
1939-11-02;5,9;-5;;jah
1939-11-03;5,9;-5;;jah
1939-11-04;5,64;-6;;jah
1939-11-05;5,12;-8;;jah
1939-11-06;6,16;-5;;jah
1939-11-07;6,16;-4;;jah
1939-11-08;6,16;-4;;jah
1939-11-09;6,16;-4;;jah
1939-11-10;6,16;-4;;jah
1939-11-11;6,16;-4;;jah
1939-11-12;5,12;-8;;jah
1939-11-13;5,64;-6;;jah
1939-11-14;7,2;0;;jah
1939-11-15;8,55;3;;jah
1939-11-16;8,55;3;;jah
1939-11-17;8,1;2;;jah
1939-11-18;7,65;1;;jah
1939-11-19;5,12;-8;;jah
1939-11-20;5,64;-6;;jah
1939-11-21;5,9;-5;;jah
1939-11-22;6,94;-1;;jah
1939-11-23;7,65;1;;jah
1939-11-24;6,94;-1;;jah
1939-11-25;6,94;-1;;jah
1939-11-26;5,12;-8;;jah
1939-11-27;6,42;-3;;jah
1939-11-28;6,42;-3;;jah
1939-11-29;6,42;-3;;jah
1939-11-30;5,9;-5;;jah
1939-12-01;6,42;-3;;jah
1939-12-02;6,42;-3;;jah
1939-12-03;5,64;-6;;jah
1939-12-04;7,65;-1;;jah
1939-12-05;7,2;0;;jah
1939-12-06;8,1;2;;jah
1939-12-07;8,1;2;;jah
1939-12-08;9,45;5;;jah
1939-12-09;8,96;5;;jah
1939-12-10;8,47;5;;jah
1939-12-11;7,98;5;;jah
1939-12-12;7,49;5;;jah
1939-12-13;7;4;;jah
1939-12-14;6,51;3;;jah
1939-12-15;6,02;1;;jah
1939-12-16;6,02;1;;jah
1939-12-17;6,02;1;;jah
1939-12-18;5,88;3;;jah
1939-12-19;5,7;5;;jah
1939-12-20;5,82;4;;jah
1939-12-21;5,88;3;;jah
1939-12-22;5,88;3;;jah
1939-12-23;5,97;2;;jah
1939-12-24;6,02;1;;jah
1939-12-25;5,82;4;;jah
1939-12-26;5,82;4;;jah
1939-12-27;5,82;4;;jah
1939-12-28;5,88;3;;jah
1939-12-29;6,09;2;;jah
1939-12-30;6,09;2;;jah
1939-12-31;6,02;1;;jah
1940-01-01;6,02;1;;jah
1940-01-02;5,77;4;;jah
1940-01-03;5,29;2;;jah
1940-01-04;5,14;1;;jah
1940-01-05;5,14;1;;jah
1940-01-06;5,03;0;;jah
1940-01-07;5,03;0;;jah
1940-01-08;4,84;-2;;jah
1940-01-09;4,93;-1;;jah
1940-01-10;5,12;1;;jah
1940-01-11;5,3;2;;jah
1940-01-12;5,3;2;;jah
1940-01-13;5,58;4;;jah
1940-01-14;5,7;5;;jah
1940-01-15;5,7;5;;jah
1940-01-16;5,58;4;;jah
1940-01-17;5,43;3;;jah
1940-01-18;4,95;-1;;jah
1940-01-19;4,68;-3;;jah
1940-01-20;4,37;-4;;jah
1940-01-21;3,95;-6;;jah
1940-01-22;3,61;-10;;jah
1940-01-23;3,61;-13;;jah
1940-01-24;3,61;-13;;jah
1940-01-25;3,5;-13;;jah
1940-01-26;3,61;-14;;jah
1940-01-27;3,5;-13;;jah
1940-01-28;3,61;-14;;jah
1940-01-29;3,61;-13;;jah
1940-01-30;3,61;-13;;jah
1940-01-31;3,5;-14;;jah
1940-02-01;3,5;-14;;jah
1940-02-02;3,5;-14;;jah
1940-02-03;3,5;-14;;jah
1940-02-04;3,5;-14;;jah
1940-02-05;3,38;-15;;jah
1940-02-06;3,5;-14;;jah
1940-02-07;3,38;-15;;jah
1940-02-08;3,41;-13;;jah
1940-02-09;3,41;-13;;jah
1940-02-10;3,41;-13;;jah
1940-02-11;3,47;-12;;jah
1940-02-12;3,43;-11;;jah
1940-02-13;3,47;-12;;jah
1940-02-14;3,43;-11;;jah
1940-02-15;3,54;-10;;jah
1940-02-16;3,54;-10;;jah
1940-02-17;3,57;-9;;jah
1940-02-18;3,57;-9;;jah
1940-02-19;3,61;-8;;jah
1940-02-20;3,61;-8;;jah
1940-02-21;3,61;-8;;jah
1940-02-22;3,66;-7;;jah
1940-02-23;3,61;-8;;jah
1940-02-24;3,66;-7;;jah
1940-02-25;3,71;-6;;jah
1940-02-26;3,66;-7;;jah
1940-02-27;3,66;-7;;jah
1940-02-28;3,66;-7;;jah
1940-02-29;3,71;-6;;jah
1940-03-01;3,66;-7;;jah
1940-03-02;3,66;-7;;jah
1940-03-03;3,66;-7;;jah
1940-03-04;3,75;-5;;jah
1940-03-05;3,75;-5;;jah
1940-03-06;3,8;-4;;jah
1940-03-07;3,8;-4;;jah
1940-03-08;3,84;-3;;jah
1940-03-09;3,84;-3;;jah
1940-03-10;3,9;-2;;jah
1940-03-11;3,9;-2;;jah
1940-03-12;3,9;-2;;jah
1940-03-13;4,1;2;;jah
1940-03-14;4,03;1;;jah
1940-03-15;4,03;1;;jah
1940-03-16;4,12;2;;jah
1940-03-17;4,16;3;;jah
1940-03-18;4,16;3;;jah
1940-03-19;4,03;1;;jah
1940-03-20;4,03;1;;jah
1940-03-21;3,99;0;;jah
1940-03-22;4,03;1;;jah
1940-03-23;4,03;1;;jah
1940-03-24;3,94;-1;;jah
1940-03-25;3,94;-1;;jah
1940-03-26;4,12;2;;jah
1940-03-27;4,16;3;;jah
1940-03-28;4,03;1;;jah
1940-03-29;3,99;0;;jah
1940-03-30;4,03;1;;jah
1940-03-31;4,16;3;;jah
1940-04-01;4,5;6;;jah
1940-04-02;5,12;10;;jah
1940-04-03;5,45;12;;jah
1940-04-04;6,11;15;;jah
1940-04-05;6,72;18;;jah
1940-04-06;7,63;22;;jah
1940-04-07;7,7;23;;jah
1940-04-08;8,36;25;;jah
1940-04-09;12,8;41;;jah
1940-04-10;17,8;54;;jah
1940-04-11;31,1;81;;jah
1940-04-12;36,7;88;;jah
1940-04-13;43;100;;jah
1940-04-14;51;114;;jah
1940-04-15;60,4;129;;jah
1940-04-16;72,2;146;;jah
1940-04-17;108;190;;jah
1940-04-18;206;239;;jah
1940-04-19;236;237;;jah
1940-04-20;229;225;;jah
1940-04-21;217;213;;jah
1940-04-22;200;200;;jah
1940-04-23;179;183;;jah
1940-04-24;140;151;;jah
1940-04-25;113;126;;jah
1940-04-26;88,7;104;;jah
1940-04-27;78,5;94;;jah
1940-04-28;62,2;77;;jah
1940-04-29;46,6;59;;jah
1940-04-30;41,4;52;;jah
1940-05-01;38,5;49;;jah
1940-05-02;36,7;47;;jah
1940-05-03;33,5;43;;jah
1940-05-04;31,6;41;;jah
1940-05-05;29,1;38;;jah
1940-05-06;27,2;36;;jah
1940-05-07;24,5;33;;jah
1940-05-08;25;34;;jah
1940-05-09;27,2;36;;jah
1940-05-10;24,5;33;;jah
1940-05-11;23,1;31;;jah
1940-05-12;23,1;31;;jah
1940-05-13;23,5;33;;jah
1940-05-14;31,7;48;;jah
1940-05-15;39;58;;jah
1940-05-16;38,6;57;;jah
1940-05-17;32,1;51;;jah
1940-05-18;27,2;46;;jah
1940-05-19;23,4;43;;jah
1940-05-20;21;39;;jah
1940-05-21;18,8;31;;jah
1940-05-22;14,3;27;;jah
1940-05-23;15,7;30;;jah
1940-05-24;14,8;28;;jah
1940-05-25;14;26;;jah
1940-05-26;14;26;;jah
1940-05-27;15,2;29;;jah
1940-05-28;16,3;31;;jah
1940-05-29;19,5;37;;jah
1940-05-30;22,3;41;;jah
1940-05-31;22,3;41;;jah
1940-06-01;21;45;;jah
1940-06-02;19,7;48;;jah
1940-06-03;18,5;46;;jah
1940-06-04;17,2;21;;jah
1940-06-05;14,6;16;;jah
1940-06-06;14,6;16;;jah
1940-06-07;14,2;15;;jah
1940-06-08;14,2;15;;jah
1940-06-09;13,2;13;;jah
1940-06-10;12,2;11;;jah
1940-06-11;11,7;10;;jah
1940-06-12;11,2;9;;jah
1940-06-13;10,4;7;;jah
1940-06-14;8,55;3;;jah
1940-06-15;7,65;1;;jah
1940-06-16;5,9;-5;;jah
1940-06-17;6,16;-4;;jah
1940-06-18;6,42;-3;;jah
1940-06-19;6,68;-2;;jah
1940-06-20;6,42;-3;;jah
1940-06-21;6,42;-3;;jah
1940-06-22;6,42;-3;;jah
1940-06-23;7,65;1;;jah
1940-06-24;7,2;0;;jah
1940-06-25;6,16;-4;;jah
1940-06-26;6,16;-4;;jah
1940-06-27;6,42;-3;;jah
1940-06-28;7,2;0;;jah
1940-06-29;10,4;7;;jah
1940-06-30;11,2;9;;jah
1940-07-01;10,5;10;;jah
1940-07-02;10,8;11;;jah
1940-07-03;13,1;17;;jah
1940-07-04;14,1;20;;jah
1940-07-05;14,9;22;;jah
1940-07-06;14,9;22;;jah
1940-07-07;15,3;23;;jah
1940-07-08;15,3;23;;jah
1940-07-09;16,3;25;;jah
1940-07-10;16,3;25;;jah
1940-07-11;16,3;25;;jah
1940-07-12;13,7;19;;jah
1940-07-13;11,8;14;;jah
1940-07-14;10,1;9;;jah
1940-07-15;9,82;8;;jah
1940-07-16;10,5;10;;jah
1940-07-17;10,3;8;;jah
1940-07-18;10;6;;jah
1940-07-19;9,55;5;;jah
1940-07-20;9,22;4;;jah
1940-07-21;9,22;4;;jah
1940-07-22;7,65;1;;jah
1940-07-23;7,2;0;;jah
1940-07-24;6,94;-1;;jah
1940-07-25;6,94;-1;;jah
1940-07-26;6,94;-1;;jah
1940-07-27;7,2;0;;jah
1940-07-28;7,65;1;;jah
1940-07-29;7,65;1;;jah
1940-07-30;8,1;2;;jah
1940-07-31;8,1;2;;jah
1940-08-01;6,9;2;;jah
1940-08-02;6,9;2;;jah
1940-08-03;6,5;1;;jah
1940-08-04;6,9;2;;jah
1940-08-05;11,5;11;;jah
1940-08-06;14,6;17;;jah
1940-08-07;14,6;17;;jah
1940-08-08;13;14;;jah
1940-08-09;12,5;13;;jah
1940-08-10;11,5;11;;jah
1940-08-11;8,2;5;;jah
1940-08-12;7,9;4;;jah
1940-08-13;9,2;7;;jah
1940-08-14;10,6;9;;jah
1940-08-15;11,5;11;;jah
1940-08-16;9,2;16;;jah
1940-08-17;14,1;14;;jah
1940-08-18;13;11;;jah
1940-08-19;11,5;7;;jah
1940-08-20;9,2;6;;jah
1940-08-21;8,7;6;;jah
1940-08-22;8,7;6;;jah
1940-08-23;8,7;5;;jah
1940-08-24;8,2;5;;jah
1940-08-25;8,2;2;;jah
1940-08-26;6,9;0;;jah
1940-08-27;6,1;-1;;jah
1940-08-28;5,9;0;;jah
1940-08-29;6,1;0;;jah
1940-08-30;6,1;0;;jah
1940-08-31;5,9;-1;;jah
1940-09-01;5,5;-1;;jah
1940-09-02;10;8;;jah
1940-09-03;14;15;;jah
1940-09-04;19,4;24;;jah
1940-09-05;20,6;26;;jah
1940-09-06;18,8;23;;jah
1940-09-07;17,6;21;;jah
1940-09-08;15,8;18;;jah
1940-09-09;16,4;19;;jah
1940-09-10;17;20;;jah
1940-09-11;17;20;;jah
1940-09-12;15,2;17;;jah
1940-09-13;14,6;16;;jah
1940-09-14;21,8;28;;jah
1940-09-15;41,8;57;;jah
1940-09-16;43,3;59;;jah
1940-09-17;44,8;61;;jah
1940-09-18;48;65;;jah
1940-09-19;47,2;64;;jah
1940-09-20;45,6;62;;jah
1940-09-21;43,3;59;;jah
1940-09-22;41;56;;jah
1940-09-23;39,6;54;;jah
1940-09-24;38,1;52;;jah
1940-09-25;35,9;49;;jah
1940-09-26;34,5;47;;jah
1940-09-27;33,8;46;;jah
1940-09-28;35,2;48;;jah
1940-09-29;34,5;47;;jah
1940-09-30;32,5;44;;jah
1940-10-01;32,4;46;;jah
1940-10-02;36,2;51;;jah
1940-10-03;42,1;58;;jah
1940-10-04;37;52;;jah
1940-10-05;32,4;46;;jah
1940-10-06;33,8;48;;jah
1940-10-07;37,8;53;;jah
1940-10-08;44,7;61;;jah
1940-10-09;49,8;67;;jah
1940-10-10;53,2;71;;jah
1940-10-11;53,2;71;;jah
1940-10-12;54,1;72;;jah
1940-10-13;52,3;70;;jah
1940-10-14;48,1;65;;jah
1940-10-15;43,8;60;;jah
1940-10-16;37;52;;jah
1940-10-17;33,1;47;;jah
1940-10-18;29,5;42;;jah
1940-10-19;28;40;;jah
1940-10-20;27,4;39;;jah
1940-10-21;26,2;37;;jah
1940-10-22;24,4;34;;jah
1940-10-23;23,2;32;;jah
1940-10-24;22;30;;jah
1940-10-25;21;28;;jah
1940-10-26;21;28;;jah
1940-10-27;24,4;34;;jah
1940-10-28;23,8;33;;jah
1940-10-29;22;30;;jah
1940-10-30;21;28;;jah
1940-10-31;18,9;24;;jah
1940-11-01;23,1;27;;jah
1940-11-02;21,2;24;;jah
1940-11-03;26,4;32;;jah
1940-11-04;33,3;42;;jah
1940-11-05;46,2;59;;jah
1940-11-06;49,4;63;;jah
1940-11-07;46,2;59;;jah
1940-11-08;45,4;58;;jah
1940-11-09;43,8;56;;jah
1940-11-10;40,7;52;;jah
1940-11-11;39,9;51;;jah
1940-11-12;39,1;50;;jah
1940-11-13;38,4;49;;jah
1940-11-14;47,8;61;;jah
1940-11-15;97,4;114;;jah
1940-11-16;96,3;113;;jah
1940-11-17;102;118;;jah
1940-11-18;102;118;;jah
1940-11-19;130;143;;jah
1940-11-20;165;172;;jah
1940-11-21;136;148;;jah
1940-11-22;147;157;;jah
1940-11-23;147;157;;jah
1940-11-24;142;153;;jah
1940-11-25;134;147;;jah
1940-11-26;136;148;;jah
1940-11-27;144;155;;jah
1940-11-28;208;206;;jah
1940-11-29;214;211;;jah
1940-11-30;174;179;;jah
1940-12-01;152;161;;jah
1940-12-02;188;191;;jah
1940-12-03;222;217;;jah
1940-12-04;218;214;;jah
1940-12-05;213;210;;jah
1940-12-06;194;195;;jah
1940-12-07;165;172;;jah
1940-12-08;144;154;;jah
1940-12-09;118;131;;jah
1940-12-10;99;116;;jah
1940-12-11;75,2;97;;jah
1940-12-12;60,4;85;;jah
1940-12-13;54,2;80;;jah
1940-12-14;54,2;80;;jah
1940-12-15;56,7;82;;jah
1940-12-16;79;100;;jah
1940-12-17;97,8;115;;jah
1940-12-18;107;122;;jah
1940-12-19;94;112;;jah
1940-12-20;86,5;106;;jah
1940-12-21;79;100;;jah
1940-12-22;75,2;97;;jah
1940-12-23;64,2;94;;jah
1940-12-24;53;91;;jah
1940-12-25;37,4;92;;jah
1940-12-26;36,8;91;;jah
1940-12-27;36,2;90;;jah
1940-12-28;34,7;96;;jah
1940-12-29;33,3;102;;jah
1940-12-30;32,3;108;;jah
1940-12-31;30,8;106;;jah
1941-01-01;27,8;104;;jah
1941-01-02;26,7;103;;jah
1941-01-03;25,5;93;;jah
1941-01-04;24,4;84;;jah
1941-01-05;23;78;;jah
1941-01-06;20,9;66;;jah
1941-01-07;19,5;53;;jah
1941-01-08;19,5;53;;jah
1941-01-09;19,5;53;;jah
1941-01-10;18,8;51;;jah
1941-01-11;18,2;49;;jah
1941-01-12;15,9;42;;jah
1941-01-13;14,7;38;;jah
1941-01-14;13,6;34;;jah
1941-01-15;13,6;34;;jah
1941-01-16;13,6;34;;jah
1941-01-17;13,3;33;;jah
1941-01-18;12,7;31;;jah
1941-01-19;12,2;29;;jah
1941-01-20;11,6;27;;jah
1941-01-21;11,2;25;;jah
1941-01-22;11,6;27;;jah
1941-01-23;11,6;27;;jah
1941-01-24;11,6;27;;jah
1941-01-25;11,6;27;;jah
1941-01-26;11,6;27;;jah
1941-01-27;11,6;27;;jah
1941-01-28;11,4;26;;jah
1941-01-29;11,2;25;;jah
1941-01-30;11,4;26;;jah
1941-01-31;11,4;26;;jah
1941-02-01;10,8;26;;jah
1941-02-02;10,2;27;;jah
1941-02-03;9,94;26;;jah
1941-02-04;9,72;25;;jah
1941-02-05;9,51;24;;jah
1941-02-06;9,51;24;;jah
1941-02-07;9,3;23;;jah
1941-02-08;9,3;23;;jah
1941-02-09;9,72;25;;jah
1941-02-10;9,72;25;;jah
1941-02-11;9,94;26;;jah
1941-02-12;9,94;26;;jah
1941-02-13;10,2;27;;jah
1941-02-14;9,72;25;;jah
1941-02-15;9,72;25;;jah
1941-02-16;9,72;25;;jah
1941-02-17;9,94;26;;jah
1941-02-18;10,4;28;;jah
1941-02-19;10,4;28;;jah
1941-02-20;10,2;27;;jah
1941-02-21;10,2;27;;jah
1941-02-22;9,94;26;;jah
1941-02-23;9,3;23;;jah
1941-02-24;9,72;25;;jah
1941-02-25;9,94;26;;jah
1941-02-26;10,4;28;;jah
1941-02-27;10,8;30;;jah
1941-02-28;11,1;31;;jah
1941-03-01;11;31;;jah
1941-03-02;10,5;29;;jah
1941-03-03;12,4;35;;jah
1941-03-04;11,2;32;;jah
1941-03-05;11,5;33;;jah
1941-03-06;12,4;35;;jah
1941-03-07;11,5;33;;jah
1941-03-08;12,4;35;;jah
1941-03-09;12,9;38;;jah
1941-03-10;12,4;35;;jah
1941-03-11;12,4;35;;jah
1941-03-12;12,9;38;;jah
1941-03-13;13,2;39;;jah
1941-03-14;12,4;35;;jah
1941-03-15;11,5;33;;jah
1941-03-16;12,6;37;;jah
1941-03-17;12,3;36;;jah
1941-03-18;11,2;32;;jah
1941-03-19;9,73;26;;jah
1941-03-20;12;32;;jah
1941-03-21;11,6;31;;jah
1941-03-22;11,6;31;;jah
1941-03-23;12;32;;jah
1941-03-24;12,7;34;;jah
1941-03-25;9,73;26;;jah
1941-03-26;11;29;;jah
1941-03-27;11,9;32;;jah
1941-03-28;11;30;;jah
1941-03-29;11,6;29;;jah
1941-03-30;12,3;32;;jah
1941-03-31;12,3;32;;jah
1941-04-01;11,9;30;;jah
1941-04-02;11,9;30;;jah
1941-04-03;12;31;;jah
1941-04-04;11,2;29;;jah
1941-04-05;10,7;27;;jah
1941-04-06;10,6;26;;jah
1941-04-07;12;31;;jah
1941-04-08;11,2;29;;jah
1941-04-09;12,5;32;;jah
1941-04-10;12,5;32;;jah
1941-04-11;10,7;28;;jah
1941-04-12;12;31;;jah
1941-04-13;13,3;34;;jah
1941-04-14;13,3;34;;jah
1941-04-15;14,9;39;;jah
1941-04-16;20;54;;jah
1941-04-17;27,5;72;;jah
1941-04-18;42,4;99;;jah
1941-04-19;66;136;;jah
1941-04-20;118;198;;jah
1941-04-21;192;273;;jah
1941-04-22;222;292;;jah
1941-04-23;232;295;;jah
1941-04-24;235;292;;jah
1941-04-25;294;310;;jah
1941-04-26;355;311;;jah
1941-04-27;346;306;;jah
1941-04-28;337;300;;jah
1941-04-29;322;290;;jah
1941-04-30;310;282;;jah
1941-05-01;285;266;;jah
1941-05-02;252;242;;jah
1941-05-03;217;215;;jah
1941-05-04;182;185;;jah
1941-05-05;148;156;;jah
1941-05-06;129;138;;jah
1941-05-07;113;124;;jah
1941-05-08;98,2;111;;jah
1941-05-09;90;104;;jah
1941-05-10;75,3;91;;jah
1941-05-11;68,2;84;;jah
1941-05-12;53;71;;jah
1941-05-13;52;70;;jah
1941-05-14;52;70;;jah
1941-05-15;48,2;64;;jah
1941-05-16;42,4;58;;jah
1941-05-17;37,4;52;;jah
1941-05-18;39,1;54;;jah
1941-05-19;39,1;54;;jah
1941-05-20;35;49;;jah
1941-05-21;34,3;48;;jah
1941-05-22;31,5;42;;jah
1941-05-23;27,6;38;;jah
1941-05-24;25,6;44;;jah
1941-05-25;24;44;;jah
1941-05-26;24;35;;jah
1941-05-27;18,5;33;;jah
1941-05-28;17,1;35;;jah
1941-05-29;13,9;20;;jah
1941-05-30;13;11;;jah
1941-05-31;13,6;18;;jah
1941-06-01;9,9;6;;jah
1941-06-02;10,8;8;;jah
1941-06-03;8,55;3;;jah
1941-06-04;9;4;;jah
1941-06-05;9,45;5;;jah
1941-06-06;9,45;5;;jah
1941-06-07;8,55;3;;jah
1941-06-08;9,9;6;;jah
1941-06-09;11,7;10;;jah
1941-06-10;9;4;;jah
1941-06-11;9,45;5;;jah
1941-06-12;8,1;2;;jah
1941-06-13;8,1;2;;jah
1941-06-14;6,94;-1;;jah
1941-06-15;8,52;4;;jah
1941-06-16;12,1;14;;jah
1941-06-17;15,3;20;;jah
1941-06-18;18,2;25;;jah
1941-06-19;17,6;24;;jah
1941-06-20;17;23;;jah
1941-06-21;14,1;18;;jah
1941-06-22;19,1;26;;jah
1941-06-23;14,5;21;;jah
1941-06-24;12;16;;jah
1941-06-25;11,2;15;;jah
1941-06-26;9,08;11;;jah
1941-06-27;8,73;10;;jah
1941-06-28;8,42;9;;jah
1941-06-29;7,51;6;;jah
1941-06-30;8,42;9;;jah
1941-07-01;7,03;4;;jah
1941-07-02;7,03;4;;jah
1941-07-03;7,03;4;;jah
1941-07-04;7,03;4;;jah
1941-07-05;11,5;18;;jah
1941-07-06;12,1;20;;jah
1941-07-07;13,3;24;;jah
1941-07-08;11,5;18;;jah
1941-07-09;11,5;18;;jah
1941-07-10;12,1;20;;jah
1941-07-11;12,3;21;;jah
1941-07-12;11,7;19;;jah
1941-07-13;10,9;17;;jah
1941-07-14;10,6;16;;jah
1941-07-15;10,6;16;;jah
1941-07-16;10,3;15;;jah
1941-07-17;11,2;17;;jah
1941-07-18;10,6;16;;jah
1941-07-19;10,6;16;;jah
1941-07-20;10;14;;jah
1941-07-21;10;14;;jah
1941-07-22;9,76;13;;jah
1941-07-23;9,33;12;;jah
1941-07-24;8,42;9;;jah
1941-07-25;6,6;2;;jah
1941-07-26;6,02;0;;jah
1941-07-27;6,02;0;;jah
1941-07-28;5,72;-1;;jah
1941-07-29;5,72;-1;;jah
1941-07-30;5,39;-2;;jah
1941-07-31;5,39;-2;;jah
1941-08-01;4,82;-5;;jah
1941-08-02;5;-4;;jah
1941-08-03;5;-4;;jah
1941-08-04;5;-4;;jah
1941-08-05;5;-4;;jah
1941-08-06;4,82;-5;;jah
1941-08-07;4,82;-5;;jah
1941-08-08;5;-4;;jah
1941-08-09;5;-4;;jah
1941-08-10;5;-4;;jah
1941-08-11;5;-4;;jah
1941-08-12;5;-4;;jah
1941-08-13;5,62;-3;;jah
1941-08-14;6,65;0;;jah
1941-08-15;7,41;2;;jah
1941-08-16;7,41;2;;jah
1941-08-17;7,52;3;;jah
1941-08-18;8,53;5;;jah
1941-08-19;7,52;3;;jah
1941-08-20;7,11;1;;jah
1941-08-21;6,46;-1;;jah
1941-08-22;7,31;2;;jah
1941-08-23;7,31;2;;jah
1941-08-24;8;3;;jah
1941-08-25;9,9;8;;jah
1941-08-26;10,5;10;;jah
1941-08-27;10,8;11;;jah
1941-08-28;13,6;17;;jah
1941-08-29;13,6;17;;jah
1941-08-30;14,2;18;;jah
1941-08-31;17,8;24;;jah
1941-09-01;20,5;28;;jah
1941-09-02;19,6;27;;jah
1941-09-03;19,1;26;;jah
1941-09-04;18;25;;jah
1941-09-05;17,5;24;;jah
1941-09-06;17,1;23;;jah
1941-09-07;16,5;22;;jah
1941-09-08;16;21;;jah
1941-09-09;15,4;20;;jah
1941-09-10;15;19;;jah
1941-09-11;14,2;18;;jah
1941-09-12;13,6;17;;jah
1941-09-13;13,1;16;;jah
1941-09-14;12,6;15;;jah
1941-09-15;11,6;13;;jah
1941-09-16;13;14;;jah
1941-09-17;13;14;;jah
1941-09-18;15,3;18;;jah
1941-09-19;16,6;20;;jah
1941-09-20;15,6;18;;jah
1941-09-21;16,6;20;;jah
1941-09-22;17,7;22;;jah
1941-09-23;18,8;24;;jah
1941-09-24;20;26;;jah
1941-09-25;20;26;;jah
1941-09-26;20,5;27;;jah
1941-09-27;21,1;28;;jah
1941-09-28;20;26;;jah
1941-09-29;20,5;27;;jah
1941-09-30;18,8;24;;jah
1941-10-01;17,2;21;;jah
1941-10-02;14,6;16;;jah
1941-10-03;11,7;10;;jah
1941-10-04;9,45;5;;jah
1941-10-05;9;4;;jah
1941-10-06;9;4;;jah
1941-10-07;9;4;;jah
1941-10-08;9;4;;jah
1941-10-09;9;4;;jah
1941-10-10;9;4;;jah
1941-10-11;9,45;5;;jah
1941-10-12;8,1;2;;jah
1941-10-13;12,7;12;;jah
1941-10-14;9,9;6;;jah
1941-10-15;9,9;6;;jah
1941-10-16;8,1;2;;jah
1941-10-17;9;4;;jah
1941-10-18;8,55;3;;jah
1941-10-19;9;4;;jah
1941-10-20;9,9;6;;jah
1941-10-21;9,9;6;;jah
1941-10-22;10,8;8;;jah
1941-10-23;10,8;8;;jah
1941-10-24;10,8;8;;jah
1941-10-25;10,8;8;;jah
1941-10-26;9,9;6;;jah
1941-10-27;10,8;8;;jah
1941-10-28;10,8;8;;jah
1941-10-29;12,7;12;;jah
1941-10-30;12,7;12;;jah
1941-10-31;12,2;11;;jah
1941-11-01;11,7;10;;jah
1941-11-02;11,7;10;;jah
1941-11-03;10,8;8;;jah
1941-11-04;10,4;7;;jah
1941-11-05;10,4;7;;jah
1941-11-06;9,9;6;;jah
1941-11-07;9,9;6;;jah
1941-11-08;9,5;6;;jah
1941-11-09;9;5;;jah
1941-11-10;8,51;4;;jah
1941-11-11;7,5;3;;jah
1941-11-12;8;6;;jah
1941-11-13;6,82;2;;jah
1941-11-14;5,85;-1;;jah
1941-11-15;5,85;-1;;jah
1941-11-16;5,33;-3;;jah
1941-11-17;6,1;0;;jah
1941-11-18;6,1;0;;jah
1941-11-19;5,33;-3;;jah
1941-11-20;4,48;-7;;jah
1941-11-21;4,77;-5;;jah
1941-11-22;5;-4;;jah
1941-11-23;5,33;-3;;jah
1941-11-24;5,33;-3;;jah
1941-11-25;5,33;-3;;jah
1941-11-26;4,76;-5;;jah
1941-11-27;4,76;-5;;jah
1941-11-28;4,62;-6;;jah
1941-11-29;4,43;-7;;jah
1941-11-30;4,16;-9;;jah
1941-12-01;4,55;-6;;jah
1941-12-02;4,86;-2;;jah
1941-12-03;4,72;-3;;jah
1941-12-04;4,72;-3;;jah
1941-12-05;4,72;-3;;jah
1941-12-06;4,86;-2;;jah
1941-12-07;4,22;-8;;jah
1941-12-08;4,3;-7;;jah
1941-12-09;4,72;-3;;jah
1941-12-10;4,72;-3;;jah
1941-12-11;4,57;-4;;jah
1941-12-12;4,26;-7;;jah
1941-12-13;4,26;-7;;jah
1941-12-14;4,26;-7;;jah
1941-12-15;4,72;-3;;jah
1941-12-16;5,29;2;;jah
1941-12-17;4,72;-3;;jah
1941-12-18;4,72;-3;;jah
1941-12-19;4,8;2;;jah
1941-12-20;4,85;4;;jah
1941-12-21;4,74;-1;;jah
1941-12-22;4,83;3;;jah
1941-12-23;4,88;5;;jah
1941-12-24;5,05;9;;jah
1941-12-25;4,92;6;;jah
1941-12-26;5,1;10;;jah
1941-12-27;4,98;9;;jah
1941-12-28;4,62;7;;jah
1941-12-29;4,62;7;;jah
1941-12-30;4,62;7;;jah
1941-12-31;4,62;7;;jah
1942-01-01;4,23;5;;jah
1942-01-02;3,8;3;;jah
1942-01-03;4,62;7;;jah
1942-01-04;3,8;3;;jah
1942-01-05;4,17;5;;jah
1942-01-06;3,8;3;;jah
1942-01-07;3,8;3;;jah
1942-01-08;3,54;2;;jah
1942-01-09;3,45;1;;jah
1942-01-10;3,24;-1;;jah
1942-01-11;3,56;3;;jah
1942-01-12;3,56;3;;jah
1942-01-13;3,85;5;;jah
1942-01-14;3,85;5;;jah
1942-01-15;3,85;5;;jah
1942-01-16;3,56;3;;jah
1942-01-17;3,56;3;;jah
1942-01-18;3,5;1;;jah
1942-01-19;3,56;3;;jah
1942-01-20;3,77;4;;jah
1942-01-21;3,45;5;;jah
1942-01-22;3,28;5;;jah
1942-01-23;3,1;1;;jah
1942-01-24;3,23;3;;jah
1942-01-25;3,4;4;;jah
1942-01-26;3,23;3;;jah
1942-01-27;3,07;1;;jah
1942-01-28;3,07;1;;jah
1942-01-29;2,94;-1;;jah
1942-01-30;3,23;3;;jah
1942-01-31;3,23;3;;jah
1942-02-01;3,7;7;;jah
1942-02-02;3,45;5;;jah
1942-02-03;3,66;6;;jah
1942-02-04;3,66;6;;jah
1942-02-05;3,28;3;;jah
1942-02-06;3,35;4;;jah
1942-02-07;3,1;1;;jah
1942-02-08;3,28;3;;jah
1942-02-09;3,35;4;;jah
1942-02-10;3,45;5;;jah
1942-02-11;3,58;6;;jah
1942-02-12;3,7;7;;jah
1942-02-13;3,1;1;;jah
1942-02-14;3,28;3;;jah
1942-02-15;3,45;5;;jah
1942-02-16;3,7;7;;jah
1942-02-17;3,7;7;;jah
1942-02-18;3,45;5;;jah
1942-02-19;3,33;3;;jah
1942-02-20;3,4;4;;jah
1942-02-21;3,45;5;;jah
1942-02-22;3,3;3;;jah
1942-02-23;2,78;-3;;jah
1942-02-24;3,3;3;;jah
1942-02-25;3,73;7;;jah
1942-02-26;3,73;7;;jah
1942-02-27;3,73;7;;jah
1942-02-28;3,73;7;;jah
1942-03-01;3,73;7;;jah
1942-03-02;3,73;7;;jah
1942-03-03;3,73;7;;jah
1942-03-04;3,45;5;;jah
1942-03-05;3,73;7;;jah
1942-03-06;3,1;1;;jah
1942-03-07;3,4;4;;jah
1942-03-08;3,45;5;;jah
1942-03-09;3,45;5;;jah
1942-03-10;3,73;7;;jah
1942-03-11;3,6;3;;jah
1942-03-12;2,8;-8;;jah
1942-03-13;3,47;1;;jah
1942-03-14;3,47;1;;jah
1942-03-15;3;-5;;jah
1942-03-16;3,38;0;;jah
1942-03-17;3,77;4;;jah
1942-03-18;3,47;-1;;jah
1942-03-19;4,1;3;;jah
1942-03-20;3,5;-2;;jah
1942-03-21;3,81;1;;jah
1942-03-22;3,81;1;;jah
1942-03-23;3,92;2;;jah
1942-03-24;4,1;3;;jah
1942-03-25;3,48;-2;;jah
1942-03-26;3,93;2;;jah
1942-03-27;3,47;-1;;jah
1942-03-28;3,47;-1;;jah
1942-03-29;3,38;-3;;jah
1942-03-30;3,5;-2;;jah
1942-03-31;3,47;-1;;jah
1942-04-01;3,36;-3;;jah
1942-04-02;3,45;-2;;jah
1942-04-03;3,36;-3;;jah
1942-04-04;3,36;-3;;jah
1942-04-05;3;-8;;jah
1942-04-06;2,88;-9;;jah
1942-04-07;3,3;-4;;jah
1942-04-08;4,11;3;;jah
1942-04-09;4,65;7;;jah
1942-04-10;7,38;21;;jah
1942-04-11;36,1;87;;jah
1942-04-12;112;195;;jah
1942-04-13;158;242;;jah
1942-04-14;195;273;;jah
1942-04-15;230;299;;jah
1942-04-16;278;338;;jah
1942-04-17;342;424;;jah
1942-04-18;351;308;;jah
1942-04-19;340;302;;jah
1942-04-20;320;288;;jah
1942-04-21;298;273;;jah
1942-04-22;269;252;;jah
1942-04-23;229;222;;jah
1942-04-24;186;189;;jah
1942-04-25;144;155;;jah
1942-04-26;105;121;;jah
1942-04-27;80;98;;jah
1942-04-28;67;85;;jah
1942-04-29;54;72;;jah
1942-04-30;50,4;68;;jah
1942-05-01;49,6;67;;jah
1942-05-02;41,5;57;;jah
1942-05-03;39,1;54;;jah
1942-05-04;37,4;52;;jah
1942-05-05;29,7;42;;jah
1942-05-06;31,2;44;;jah
1942-05-07;29,7;42;;jah
1942-05-08;28,2;40;;jah
1942-05-09;26,4;37;;jah
1942-05-10;23,4;32;;jah
1942-05-11;22,8;31;;jah
1942-05-12;22,2;30;;jah
1942-05-13;19,4;25;;jah
1942-05-14;16,1;19;;jah
1942-05-15;16,1;19;;jah
1942-05-16;18,8;24;;jah
1942-05-17;18,8;24;;jah
1942-05-18;18,8;24;;jah
1942-05-19;21,3;28;;jah
1942-05-20;23,4;32;;jah
1942-05-21;22,8;34;;jah
1942-05-22;22,5;35;;jah
1942-05-23;22,8;34;;jah
1942-05-24;20,9;38;;jah
1942-05-25;20;38;;jah
1942-05-26;19,1;36;;jah
1942-05-27;15,1;30;;jah
1942-05-28;12,8;26;;jah
1942-05-29;13,3;28;;jah
1942-05-30;15,5;30;;jah
1942-05-31;12,8;26;;jah
1942-06-01;13,3;27;;jah
1942-06-02;14;28;;jah
1942-06-03;11;24;;jah
1942-06-04;11;24;;jah
1942-06-05;14;28;;jah
1942-06-06;15,2;30;;jah
1942-06-07;11;24;;jah
1942-06-08;11;24;;jah
1942-06-09;11;24;;jah
1942-06-10;8,82;20;;jah
1942-06-11;12,8;26;;jah
1942-06-12;12,8;26;;jah
1942-06-13;9,81;22;;jah
1942-06-14;9,81;22;;jah
1942-06-15;12,2;25;;jah
1942-06-16;9,81;22;;jah
1942-06-17;11;24;;jah
1942-06-18;12,2;25;;jah
1942-06-19;12,2;25;;jah
1942-06-20;12,2;25;;jah
1942-06-21;15,2;30;;jah
1942-06-22;19,3;36;;jah
1942-06-23;16,2;32;;jah
1942-06-24;14,5;34;;jah
1942-06-25;14,5;34;;jah
1942-06-26;18,4;35;;jah
1942-06-27;22,9;42;;jah
1942-06-28;35,6;54;;jah
1942-06-29;42,1;63;;jah
1942-06-30;42,1;63;;jah
1942-07-01;47,2;67;;jah
1942-07-02;46,1;66;;jah
1942-07-03;48,5;68;;jah
1942-07-04;40,5;65;;jah
1942-07-05;44,2;64;;jah
1942-07-06;39,5;59;;jah
1942-07-07;33,4;53;;jah
1942-07-08;30,6;50;;jah
1942-07-09;26,1;46;;jah
1942-07-10;23,3;42;;jah
1942-07-11;21;39;;jah
1942-07-12;24,6;44;;jah
1942-07-13;30,5;50;;jah
1942-07-14;52;70;;jah
1942-07-15;69;87;;jah
1942-07-16;72;90;;jah
1942-07-17;70;88;;jah
1942-07-18;76;94;;jah
1942-07-19;83,1;101;;jah
1942-07-20;84,2;102;;jah
1942-07-21;79;97;;jah
1942-07-22;80;98;;jah
1942-07-23;85,3;103;;jah
1942-07-24;102;118;;jah
1942-07-25;124;138;;jah
1942-07-26;119;134;;jah
1942-07-27;99,6;116;;jah
1942-07-28;90,8;108;;jah
1942-07-29;122;136;;jah
1942-07-30;156;165;;jah
1942-07-31;150;160;;jah
1942-08-01;139;151;;jah
1942-08-02;119;134;;jah
1942-08-03;102;118;;jah
1942-08-04;90,8;108;;jah
1942-08-05;146;157;;jah
1942-08-06;170;176;;jah
1942-08-07;186;189;;jah
1942-08-08;200;200;;jah
1942-08-09;195;196;;jah
1942-08-10;179;183;;jah
1942-08-11;150;160;;jah
1942-08-12;124;138;;jah
1942-08-13;103;119;;jah
1942-08-14;110;125;;jah
1942-08-15;149;159;;jah
1942-08-16;138;150;;jah
1942-08-17;122;136;;jah
1942-08-18;99,6;116;;jah
1942-08-19;82;100;;jah
1942-08-20;68;86;;jah
1942-08-21;57;75;;jah
1942-08-22;48,8;66;;jah
1942-08-23;43,2;59;;jah
1942-08-24;37,4;52;;jah
1942-08-25;31,2;44;;jah
1942-08-26;28,2;40;;jah
1942-08-27;29;41;;jah
1942-08-28;27;38;;jah
1942-08-29;22,2;30;;jah
1942-08-30;22,2;30;;jah
1942-08-31;21,1;28;;jah
1942-09-01;19,4;25;;jah
1942-09-02;15,6;18;;jah
1942-09-03;14,6;16;;jah
1942-09-04;14,6;16;;jah
1942-09-05;13,7;14;;jah
1942-09-06;13,7;14;;jah
1942-09-07;16,6;20;;jah
1942-09-08;15,1;17;;jah
1942-09-09;15,6;18;;jah
1942-09-10;16,6;20;;jah
1942-09-11;18,6;23;;jah
1942-09-12;17,7;22;;jah
1942-09-13;15,6;18;;jah
1942-09-14;15,6;18;;jah
1942-09-15;15,6;18;;jah
1942-09-16;15,6;18;;jah
1942-09-17;14,2;15;;jah
1942-09-18;14,6;16;;jah
1942-09-19;15,1;17;;jah
1942-09-20;27;38;;jah
1942-09-21;38,3;53;;jah
1942-09-22;42,4;58;;jah
1942-09-23;44;60;;jah
1942-09-24;45,6;62;;jah
1942-09-25;50,4;68;;jah
1942-09-26;54;72;;jah
1942-09-27;61;79;;jah
1942-09-28;70;88;;jah
1942-09-29;68;86;;jah
1942-09-30;66;84;;jah
1942-10-01;60;78;;jah
1942-10-02;54;72;;jah
1942-10-03;49,6;67;;jah
1942-10-04;45,6;62;;jah
1942-10-05;40,7;56;;jah
1942-10-06;38,3;53;;jah
1942-10-07;35;49;;jah
1942-10-08;32,8;46;;jah
1942-10-09;31,2;44;;jah
1942-10-10;31,2;44;;jah
1942-10-11;33,5;47;;jah
1942-10-12;37,4;52;;jah
1942-10-13;42,4;58;;jah
1942-10-14;45,6;62;;jah
1942-10-15;47,2;64;;jah
1942-10-16;64;82;;jah
1942-10-17;104;120;;jah
1942-10-18;108;124;;jah
1942-10-19;111;126;;jah
1942-10-20;99,6;116;;jah
1942-10-21;90,8;108;;jah
1942-10-22;80;98;;jah
1942-10-23;74;92;;jah
1942-10-24;76;94;;jah
1942-10-25;76;94;;jah
1942-10-26;73;91;;jah
1942-10-27;68;86;;jah
1942-10-28;66;84;;jah
1942-10-29;59;77;;jah
1942-10-30;56;74;;jah
1942-10-31;50,4;68;;jah
1942-11-01;47,2;64;;jah
1942-11-02;45,6;62;;jah
1942-11-03;44;60;;jah
1942-11-04;52;70;;jah
1942-11-05;48,7;72;;jah
1942-11-06;45,4;56;;jah
1942-11-07;42,1;51;;jah
1942-11-08;38,8;60;;jah
1942-11-09;35,3;70;;jah
1942-11-10;32,6;52;;jah
1942-11-11;22,4;41;;jah
1942-11-12;17,7;34;;jah
1942-11-13;16,3;32;;jah
1942-11-14;13,5;25;;jah
1942-11-15;14;26;;jah
1942-11-16;14;26;;jah
1942-11-17;12,6;22;;jah
1942-11-18;15,7;30;;jah
1942-11-19;24;44;;jah
1942-11-20;28,8;48;;jah
1942-11-21;31,7;51;;jah
1942-11-22;38,6;58;;jah
1942-11-23;44,1;64;;jah
1942-11-24;42,3;62;;jah
1942-11-25;44,1;64;;jah
1942-11-26;45,2;68;;jah
1942-11-27;44,7;76;;jah
1942-11-28;44,1;84;;jah
1942-11-29;43,3;80;;jah
1942-11-30;42;79;;jah
1942-12-01;35,6;86;;jah
1942-12-02;38,2;91;;jah
1942-12-03;40,9;96;;jah
1942-12-04;44,1;102;;jah
1942-12-05;48,7;110;;jah
1942-12-06;45,8;105;;jah
1942-12-07;43;100;;jah
1942-12-08;45,3;104;;jah
1942-12-09;47;107;;jah
1942-12-10;45,8;105;;jah
1942-12-11;46,5;106;;jah
1942-12-12;50;100;;jah
1942-12-13;93;140;;jah
1942-12-14;142;180;;jah
1942-12-15;204;220;;jah
1942-12-16;192;213;;jah
1942-12-17;181;206;;jah
1942-12-18;165;196;;jah
1942-12-19;142;181;;jah
1942-12-20;114;161;;jah
1942-12-21;97,2;144;;jah
1942-12-22;153;188;;jah
1942-12-23;171;200;;jah
1942-12-24;157;191;;jah
1942-12-25;133;176;;jah
1942-12-26;118;163;;jah
1942-12-27;108;155;;jah
1942-12-28;93,1;139;;jah
1942-12-29;81,8;130;;jah
1942-12-30;71,5;121;;jah
1942-12-31;59,6;109;;jah
1943-01-01;43;100;;jah
1943-01-02;39,8;94;;jah
1943-01-03;35,6;86;;jah
1943-01-04;33,5;82;;jah
1943-01-05;32,5;80;;jah
1943-01-06;30,1;75;;jah
1943-01-07;30,6;76;;jah
1943-01-08;31,5;78;;jah
1943-01-09;30,1;75;;jah
1943-01-10;31,1;77;;jah
1943-01-11;34,6;84;;jah
1943-01-12;32;79;;jah
1943-01-13;31,5;78;;jah
1943-01-14;32,5;80;;jah
1943-01-15;42,5;99;;jah
1943-01-16;47;107;;jah
1943-01-17;44,7;103;;jah
1943-01-18;39,8;94;;jah
1943-01-19;32,5;80;;jah
1943-01-20;30,6;76;;jah
1943-01-21;28,7;72;;jah
1943-01-22;27,2;69;;jah
1943-01-23;24,4;63;;jah
1943-01-24;22,1;58;;jah
1943-01-25;22,1;58;;jah
1943-01-26;23;60;;jah
1943-01-27;17,7;48;;jah
1943-01-28;16,4;44;;jah
1943-01-29;15;40;;jah
1943-01-30;13,7;36;;jah
1943-01-31;14;37;;jah
1943-02-01;13;34;;jah
1943-02-02;15;40;;jah
1943-02-03;16;43;;jah
1943-02-04;18,1;49;;jah
1943-02-05;18,9;51;;jah
1943-02-06;20,7;55;;jah
1943-02-07;21,6;57;;jah
1943-02-08;25,8;66;;jah
1943-02-09;24,4;63;;jah
1943-02-10;23,5;61;;jah
1943-02-11;23;60;;jah
1943-02-12;28,7;72;;jah
1943-02-13;35,1;85;;jah
1943-02-14;45,3;104;;jah
1943-02-15;47;107;;jah
1943-02-16;47,6;108;;jah
1943-02-17;47,6;108;;jah
1943-02-18;48,1;109;;jah
1943-02-19;44,7;103;;jah
1943-02-20;47;107;;jah
1943-02-21;49,9;112;;jah
1943-02-22;49,3;111;;jah
1943-02-23;51;114;;jah
1943-02-24;51;114;;jah
1943-02-25;52,8;117;;jah
1943-02-26;68,7;141;;jah
1943-02-27;72,9;147;;jah
1943-02-28;79,8;156;;jah
1943-03-01;113;196;;jah
1943-03-02;123;207;;jah
1943-03-03;119;202;;jah
1943-03-04;115;198;;jah
1943-03-05;109;191;;jah
1943-03-06;105;186;;jah
1943-03-07;97,3;177;;jah
1943-03-08;83;160;;jah
1943-03-09;70,8;144;;jah
1943-03-10;71,5;145;;jah
1943-03-11;92,8;172;;jah
1943-03-12;150;234;;jah
1943-03-13;164;248;;jah
1943-03-14;167;251;;jah
1943-03-15;168;252;;jah
1943-03-16;176;258;;jah
1943-03-17;171;254;;jah
1943-03-18;164;248;;jah
1943-03-19;150;234;;jah
1943-03-20;137;221;;jah
1943-03-21;123;207;;jah
1943-03-22;109;191;;jah
1943-03-23;103;184;;jah
1943-03-24;108;182;;jah
1943-03-25;116;183;;jah
1943-03-26;124;179;;jah
1943-03-27;125;168;;jah
1943-03-28;138;166;;jah
1943-03-29;163;171;;jah
1943-03-30;174;179;;jah
1943-03-31;206;205;;jah
1943-04-01;257;243;;jah
1943-04-02;269;252;;jah
1943-04-03;247;236;;jah
1943-04-04;212;209;;jah
1943-04-05;168;175;;jah
1943-04-06;148;158;;jah
1943-04-07;144;155;;jah
1943-04-08;137;149;;jah
1943-04-09;128;142;;jah
1943-04-10;116;131;;jah
1943-04-11;98,5;115;;jah
1943-04-12;82;100;;jah
1943-04-13;70;88;;jah
1943-04-14;67;85;;jah
1943-04-15;67;85;;jah
1943-04-16;64;82;;jah
1943-04-17;61;79;;jah
1943-04-18;58;76;;jah
1943-04-19;65;83;;jah
1943-04-20;69;87;;jah
1943-04-21;65;83;;jah
1943-04-22;57;75;;jah
1943-04-23;48,8;66;;jah
1943-04-24;43,2;59;;jah
1943-04-25;39,9;55;;jah
1943-04-26;37,4;52;;jah
1943-04-27;39,9;55;;jah
1943-04-28;43,2;59;;jah
1943-04-29;54;72;;jah
1943-04-30;58;76;;jah
1943-05-01;53,4;73;;jah
1943-05-02;44,8;64;;jah
1943-05-03;39,2;58;;jah
1943-05-04;34,7;53;;jah
1943-05-05;31,1;49;;jah
1943-05-06;25,7;43;;jah
1943-05-07;23;40;;jah
1943-05-08;21,6;38;;jah
1943-05-09;18,2;33;;jah
1943-05-10;21,6;38;;jah
1943-05-11;31,1;49;;jah
1943-05-12;38,3;57;;jah
1943-05-13;35,6;54;;jah
1943-05-14;27,5;45;;jah
1943-05-15;24,8;42;;jah
1943-05-16;24,8;42;;jah
1943-05-17;23,9;41;;jah
1943-05-18;22,3;39;;jah
1943-05-19;20,3;36;;jah
1943-05-20;18,2;33;;jah
1943-05-21;16,2;30;;jah
1943-05-22;14,1;26;;jah
1943-05-23;13,6;25;;jah
1943-05-24;14,1;26;;jah
1943-05-25;15,7;29;;jah
1943-05-26;23;40;;jah
1943-05-27;27,5;45;;jah
1943-05-28;26,6;44;;jah
1943-05-29;25,7;43;;jah
1943-05-30;22,3;39;;jah
1943-05-31;25,7;43;;jah
1943-06-01;26,6;44;;jah
1943-06-02;21,6;38;;jah
1943-06-03;17,6;32;;jah
1943-06-04;16,2;30;;jah
1943-06-05;15,2;28;;jah
1943-06-06;16,2;30;;jah
1943-06-07;17,6;32;;jah
1943-06-08;16,2;30;;jah
1943-06-09;16,9;31;;jah
1943-06-10;14,1;26;;jah
1943-06-11;14,1;26;;jah
1943-06-12;13,1;24;;jah
1943-06-13;13,6;25;;jah
1943-06-14;15,2;28;;jah
1943-06-15;15,7;29;;jah
1943-06-16;23;40;;jah
1943-06-17;18,2;33;;jah
1943-06-18;20,3;36;;jah
1943-06-19;21,6;38;;jah
1943-06-20;20,3;36;;jah
1943-06-21;16,2;30;;jah
1943-06-22;14,1;22;;jah
1943-06-23;13;16;;jah
1943-06-24;13;16;;jah
1943-06-25;13;16;;jah
1943-06-26;17,5;24;;jah
1943-06-27;40,1;59;;jah
1943-06-28;58;84;;jah
1943-06-29;60;86;;jah
1943-06-30;53,3;78;;jah
1943-07-01;55,2;81;;jah
1943-07-02;53,5;77;;jah
1943-07-03;48,4;72;;jah
1943-07-04;45,3;66;;jah
1943-07-05;44,1;63;;jah
1943-07-06;44,2;64;;jah
1943-07-07;46;68;;jah
1943-07-08;53,5;78;;jah
1943-07-09;78,8;109;;jah
1943-07-10;93,3;124;;jah
1943-07-11;103;134;;jah
1943-07-12;110;146;;jah
1943-07-13;135;161;;jah
1943-07-14;148;170;;jah
1943-07-15;169;183;;jah
1943-07-16;177;189;;jah
1943-07-17;169;184;;jah
1943-07-18;152;172;;jah
1943-07-19;133;158;;jah
1943-07-20;120;149;;jah
1943-07-21;93,3;124;;jah
1943-07-22;80;111;;jah
1943-07-23;65,6;94;;jah
1943-07-24;54;79;;jah
1943-07-25;45,7;68;;jah
1943-07-26;44;63;;jah
1943-07-27;43,4;62;;jah
1943-07-28;44,5;65;;jah
1943-07-29;32,8;51;;jah
1943-07-30;28,3;46;;jah
1943-07-31;24,6;42;;jah
1943-08-01;22,8;41;;jah
1943-08-02;21,6;39;;jah
1943-08-03;21,6;39;;jah
1943-08-04;18,6;34;;jah
1943-08-05;16,2;30;;jah
1943-08-06;12,9;23;;jah
1943-08-07;12,9;23;;jah
1943-08-08;12,9;23;;jah
1943-08-09;12,9;23;;jah
1943-08-10;15,7;29;;jah
1943-08-11;46,6;75;;jah
1943-08-12;64,6;97;;jah
1943-08-13;107;140;;jah
1943-08-14;125;154;;jah
1943-08-15;156;175;;jah
1943-08-16;208;210;;jah
1943-08-17;221;216;;jah
1943-08-18;212;209;;jah
1943-08-19;200;200;;jah
1943-08-20;168;175;;jah
1943-08-21;145;156;;jah
1943-08-22;125;139;;jah
1943-08-23;104;120;;jah
1943-08-24;87,5;105;;jah
1943-08-25;72;90;;jah
1943-08-26;61;79;;jah
1943-08-27;51,2;69;;jah
1943-08-28;47,2;64;;jah
1943-08-29;44,8;61;;jah
1943-08-30;40,7;56;;jah
1943-08-31;39,9;55;;jah
1943-09-01;39,9;55;;jah
1943-09-02;35,8;50;;jah
1943-09-03;32,8;46;;jah
1943-09-04;27,6;39;;jah
1943-09-05;25,8;36;;jah
1943-09-06;24,6;34;;jah
1943-09-07;24;33;;jah
1943-09-08;24;33;;jah
1943-09-09;20;26;;jah
1943-09-10;16,6;20;;jah
1943-09-11;16,1;19;;jah
1943-09-12;17,2;21;;jah
1943-09-13;17,7;22;;jah
1943-09-14;15,6;18;;jah
1943-09-15;14,6;16;;jah
1943-09-16;16,6;20;;jah
1943-09-17;19,4;25;;jah
1943-09-18;21,1;28;;jah
1943-09-19;21,6;29;;jah
1943-09-20;24,6;34;;jah
1943-09-21;24;33;;jah
1943-09-22;44,8;61;;jah
1943-09-23;70;88;;jah
1943-09-24;59;77;;jah
1943-09-25;48,8;66;;jah
1943-09-26;50,4;68;;jah
1943-09-27;75;93;;jah
1943-09-28;83,1;101;;jah
1943-09-29;87,5;105;;jah
1943-09-30;80;98;;jah
1943-10-01;73;91;;jah
1943-10-02;61;79;;jah
1943-10-03;58;76;;jah
1943-10-04;87,5;105;;jah
1943-10-05;137;149;;jah
1943-10-06;174;179;;jah
1943-10-07;180;184;;jah
1943-10-08;162;170;;jah
1943-10-09;143;154;;jah
1943-10-10;125;139;;jah
1943-10-11;105;121;;jah
1943-10-12;88,6;106;;jah
1943-10-13;77;95;;jah
1943-10-14;75;93;;jah
1943-10-15;56;74;;jah
1943-10-16;49,6;67;;jah
1943-10-17;44;60;;jah
1943-10-18;39,9;55;;jah
1943-10-19;35,8;50;;jah
1943-10-20;32;45;;jah
1943-10-21;37,4;52;;jah
1943-10-22;38,3;53;;jah
1943-10-23;50,4;68;;jah
1943-10-24;75;93;;jah
1943-10-25;90,8;108;;jah
1943-10-26;88,6;106;;jah
1943-10-27;79;97;;jah
1943-10-28;68;86;;jah
1943-10-29;60;78;;jah
1943-10-30;54;72;;jah
1943-10-31;49,6;67;;jah
1943-11-01;47,2;64;;jah
1943-11-02;44;60;;jah
1943-11-03;38,3;53;;jah
1943-11-04;35,8;50;;jah
1943-11-05;32,8;46;;jah
1943-11-06;29;41;;jah
1943-11-07;28,2;40;;jah
1943-11-08;30,5;43;;jah
1943-11-09;31,2;44;;jah
1943-11-10;28,2;40;;jah
1943-11-11;29,7;42;;jah
1943-11-12;28,2;40;;jah
1943-11-13;27,6;39;;jah
1943-11-14;27;38;;jah
1943-11-15;58;76;;jah
1943-11-16;140;152;;jah
1943-11-17;162;170;;jah
1943-11-18;145;156;;jah
1943-11-19;130;143;;jah
1943-11-20;113;128;;jah
1943-11-21;102;118;;jah
1943-11-22;84,2;102;;jah
1943-11-23;84,2;102;;jah
1943-11-24;82;100;;jah
1943-11-25;86,4;104;;jah
1943-11-26;98,5;115;;jah
1943-11-27;102;118;;jah
1943-11-28;98,5;115;;jah
1943-11-29;93;110;;jah
1943-11-30;88,6;106;;jah
1943-12-01;93;110;;jah
1943-12-02;88,6;106;;jah
1943-12-03;84,2;102;;jah
1943-12-04;80;98;;jah
1943-12-05;78;96;;jah
1943-12-06;75;93;;jah
1943-12-07;73;91;;jah
1943-12-08;73;91;;jah
1943-12-09;72;90;;jah
1943-12-10;59;77;;jah
1943-12-11;50,4;68;;jah
1943-12-12;60;78;;jah
1943-12-13;52;70;;jah
1943-12-14;55;73;;jah
1943-12-15;67;85;;jah
1943-12-16;76;94;;jah
1943-12-17;70;88;;jah
1943-12-18;62;86;;jah
1943-12-19;66;84;;jah
1943-12-20;66;84;;jah
1943-12-21;65;83;;jah
1943-12-22;64;82;;jah
1943-12-23;67;85;;jah
1943-12-24;69;87;;jah
1943-12-25;72;90;;jah
1943-12-26;73;91;;jah
1943-12-27;70;88;;jah
1943-12-28;64;82;;jah
1943-12-29;55;73;;jah
1943-12-30;45,6;62;;jah
1943-12-31;37,4;52;;jah
1944-01-01;35,9;55;;jah
1944-01-02;35,2;60;;jah
1944-01-03;32,5;63;;jah
1944-01-04;30,7;66;;jah
1944-01-05;33;74;;jah
1944-01-06;36,4;83;;jah
1944-01-07;37,1;88;;jah
1944-01-08;38,2;91;;jah
1944-01-09;41,9;98;;jah
1944-01-10;46,4;106;;jah
1944-01-11;51;114;;jah
1944-01-12;57,1;124;;jah
1944-01-13;62,4;132;;jah
1944-01-14;65,2;136;;jah
1944-01-15;62,4;132;;jah
1944-01-16;52,2;116;;jah
1944-01-17;45,8;105;;jah
1944-01-18;41,9;98;;jah
1944-01-19;38,2;91;;jah
1944-01-20;33,5;82;;jah
1944-01-21;33,5;82;;jah
1944-01-22;42,5;99;;jah
1944-01-23;66,6;138;;jah
1944-01-24;160;260;;jah
1944-01-25;226;312;;jah
1944-01-26;278;305;;jah
1944-01-27;331;296;;jah
1944-01-28;232;225;;jah
1944-01-29;217;213;;jah
1944-01-30;197;198;;jah
1944-01-31;177;182;;jah
1944-02-01;161;169;;jah
1944-02-02;131;144;;jah
1944-02-03;124;138;;jah
1944-02-04;120;135;;jah
1944-02-05;114;129;;jah
1944-02-06;95,4;122;;jah
1944-02-07;77,9;114;;jah
1944-02-08;69,6;112;;jah
1944-02-09;54,7;102;;jah
1944-02-10;40,3;84;;jah
1944-02-11;33,6;75;;jah
1944-02-12;31,4;74;;jah
1944-02-13;28,6;70;;jah
1944-02-14;23,3;60;;jah
1944-02-15;16,7;45;;jah
1944-02-16;16,4;44;;jah
1944-02-17;16;43;;jah
1944-02-18;23,5;61;;jah
1944-02-19;30,1;75;;jah
1944-02-20;34,1;83;;jah
1944-02-21;35,6;86;;jah
1944-02-22;29,1;73;;jah
1944-02-23;23;60;;jah
1944-02-24;17;46;;jah
1944-02-25;14,3;38;;jah
1944-02-26;12,7;33;;jah
1944-02-27;11,4;29;;jah
1944-02-28;10,5;26;;jah
1944-02-29;10,2;25;;jah
1944-03-01;9;21;;jah
1944-03-02;7,62;16;;jah
1944-03-03;7,89;17;;jah
1944-03-04;8,16;18;;jah
1944-03-05;7,08;14;;jah
1944-03-06;7,08;14;;jah
1944-03-07;6,81;13;;jah
1944-03-08;6,81;13;;jah
1944-03-09;7,08;14;;jah
1944-03-10;6,81;13;;jah
1944-03-11;6,81;13;;jah
1944-03-12;7,08;14;;jah
1944-03-13;7,35;15;;jah
1944-03-14;8,7;20;;jah
1944-03-15;9,9;24;;jah
1944-03-16;9,9;24;;jah
1944-03-17;10,5;26;;jah
1944-03-18;10,2;25;;jah
1944-03-19;9,3;22;;jah
1944-03-20;9,9;24;;jah
1944-03-21;9,9;24;;jah
1944-03-22;9,9;24;;jah
1944-03-23;9,9;24;;jah
1944-03-24;9,9;24;;jah
1944-03-25;9,9;24;;jah
1944-03-26;10,5;26;;jah
1944-03-27;11,1;28;;jah
1944-03-28;8,7;20;;jah
1944-03-29;8,7;20;;jah
1944-03-30;9;21;;jah
1944-03-31;9,3;22;;jah
1944-04-01;9,3;22;;jah
1944-04-02;8,16;18;;jah
1944-04-03;7,35;15;;jah
1944-04-04;6,54;12;;jah
1944-04-05;6;10;;jah
1944-04-06;5,48;8;;jah
1944-04-07;5,48;8;;jah
1944-04-08;8,27;18;;jah
1944-04-09;9,46;21;;jah
1944-04-10;12,2;28;;jah
1944-04-11;18,6;43;;jah
1944-04-12;32,7;68;;jah
1944-04-13;53,2;94;;jah
1944-04-14;67,3;105;;jah
1944-04-15;91,1;122;;jah
1944-04-16;137;149;;jah
1944-04-17;187;190;;jah
1944-04-18;253;240;;jah
1944-04-19;254;241;;jah
1944-04-20;236;228;;jah
1944-04-21;201;201;;jah
1944-04-22;171;177;;jah
1944-04-23;156;165;;jah
1944-04-24;150;160;;jah
1944-04-25;140;152;;jah
1944-04-26;137;149;;jah
1944-04-27;123;137;;jah
1944-04-28;105;121;;jah
1944-04-29;91,9;109;;jah
1944-04-30;82;100;;jah
1944-05-01;81;99;;jah
1944-05-02;81;99;;jah
1944-05-03;80;98;;jah
1944-05-04;99,6;116;;jah
1944-05-05;104;120;;jah
1944-05-06;106;122;;jah
1944-05-07;108;124;;jah
1944-05-08;107;123;;jah
1944-05-09;101;117;;jah
1944-05-10;95,2;112;;jah
1944-05-11;97,4;114;;jah
1944-05-12;91,9;109;;jah
1944-05-13;84,2;102;;jah
1944-05-14;77;95;;jah
1944-05-15;70;88;;jah
1944-05-16;63;81;;jah
1944-05-17;56;74;;jah
1944-05-18;50,4;68;;jah
1944-05-19;44,8;61;;jah
1944-05-20;39,1;54;;jah
1944-05-21;38,3;53;;jah
1944-05-22;40,7;56;;jah
1944-05-23;52;70;;jah
1944-05-24;62;80;;jah
1944-05-25;70;88;;jah
1944-05-26;82;100;;jah
1944-05-27;76;94;;jah
1944-05-28;68;86;;jah
1944-05-29;53;71;;jah
1944-05-30;45,6;62;;jah
1944-05-31;39,1;54;;jah
1944-06-01;34,7;53;;jah
1944-06-02;36,8;56;;jah
1944-06-03;38,2;58;;jah
1944-06-04;33,3;51;;jah
1944-06-05;27,4;42;;jah
1944-06-06;23,8;36;;jah
1944-06-07;23,2;35;;jah
1944-06-08;19,9;29;;jah
1944-06-09;17,2;24;;jah
1944-06-10;17,8;25;;jah
1944-06-11;20,4;30;;jah
1944-06-12;23,2;35;;jah
1944-06-13;25;38;;jah
1944-06-14;26,1;40;;jah
1944-06-15;25,5;39;;jah
1944-06-16;27,4;42;;jah
1944-06-17;76;99;;jah
1944-06-18;185;188;;jah
1944-06-19;190;192;;jah
1944-06-20;171;177;;jah
1944-06-21;149;158;;jah
1944-06-22;134;148;;jah
1944-06-23;76;99;;jah
1944-06-24;74,9;98;;jah
1944-06-25;146;156;;jah
1944-06-26;158;166;;jah
1944-06-27;161;168;;jah
1944-06-28;140;152;;jah
1944-06-29;116;134;;jah
1944-06-30;106;126;;jah
1944-07-01;91,8;107;;jah
1944-07-02;57,5;86;;jah
1944-07-03;45,9;74;;jah
1944-07-04;41,2;68;;jah
1944-07-05;40,4;67;;jah
1944-07-06;31,6;54;;jah
1944-07-07;33,5;57;;jah
1944-07-08;30,4;52;;jah
1944-07-09;28,6;49;;jah
1944-07-10;21,9;37;;jah
1944-07-11;17,6;28;;jah
1944-07-12;17,6;28;;jah
1944-07-13;17,6;28;;jah
1944-07-14;24,6;42;;jah
1944-07-15;34,8;59;;jah
1944-07-16;43,5;71;;jah
1944-07-17;45,1;73;;jah
1944-07-18;36,8;62;;jah
1944-07-19;31;53;;jah
1944-07-20;25,7;44;;jah
1944-07-21;25,7;44;;jah
1944-07-22;27,4;47;;jah
1944-07-23;28;48;;jah
1944-07-24;25,7;44;;jah
1944-07-25;21,4;36;;jah
1944-07-26;19,5;32;;jah
1944-07-27;18,5;30;;jah
1944-07-28;16,7;26;;jah
1944-07-29;15,8;24;;jah
1944-07-30;14,9;22;;jah
1944-07-31;14,6;20;;jah
1944-08-01;14,2;15;;jah
1944-08-02;13,7;14;;jah
1944-08-03;13,7;14;;jah
1944-08-04;13,7;14;;jah
1944-08-05;10,8;8;;jah
1944-08-06;9,9;6;;jah
1944-08-07;9,9;6;;jah
1944-08-08;10,8;8;;jah
1944-08-09;9,45;5;;jah
1944-08-10;8,1;2;;jah
1944-08-11;9;4;;jah
1944-08-12;11,7;10;;jah
1944-08-13;12,7;12;;jah
1944-08-14;16,6;20;;jah
1944-08-15;20;26;;jah
1944-08-16;20,5;27;;jah
1944-08-17;22,2;30;;jah
1944-08-18;22,2;30;;jah
1944-08-19;19,4;25;;jah
1944-08-20;19,4;25;;jah
1944-08-21;20;26;;jah
1944-08-22;17,7;22;;jah
1944-08-23;16,1;19;;jah
1944-08-24;12,7;12;;jah
1944-08-25;12,2;11;;jah
1944-08-26;11,7;10;;jah
1944-08-27;13,2;13;;jah
1944-08-28;13,7;14;;jah
1944-08-29;12,7;12;;jah
1944-08-30;11,2;9;;jah
1944-08-31;9,9;6;;jah
1944-09-01;8;4;;jah
1944-09-02;7,5;3;;jah
1944-09-03;8,5;5;;jah
1944-09-04;9;6;;jah
1944-09-05;12,2;12;;jah
1944-09-06;15,2;17;;jah
1944-09-07;21,8;28;;jah
1944-09-08;18,8;23;;jah
1944-09-09;19,4;24;;jah
1944-09-10;21,2;27;;jah
1944-09-11;20,6;26;;jah
1944-09-12;21,8;28;;jah
1944-09-13;21,8;28;;jah
1944-09-14;18,8;23;;jah
1944-09-15;18,2;22;;jah
1944-09-16;18,2;22;;jah
1944-09-17;19,4;24;;jah
1944-09-18;19,4;24;;jah
1944-09-19;18,8;24;;jah
1944-09-20;19,4;;;jah
1944-09-21;20,6;;;jah
1944-09-22;22,4;;;jah
1944-09-23;25;;;jah
1944-09-24;27;;;jah
1944-09-25;29,7;;;jah
1944-09-26;32,5;;;jah
1944-09-27;35,2;;;jah
1944-09-28;35,2;;;jah
1944-09-29;35,2;;;jah
1944-09-30;35,2;;;jah
1944-10-01;32,4;;;jah
1944-10-02;28;;;jah
1944-10-03;24,4;;;jah
1944-10-04;20,4;;;jah
1944-10-05;17,8;;;jah
1944-10-06;14,8;;;jah
1944-10-07;12,8;;;jah
1944-10-08;11,8;;;jah
1944-10-09;10,9;;;jah
1944-10-10;10,9;;;jah
1944-10-11;10,9;;;jah
1944-10-12;11,3;;;jah
1944-10-13;11,3;;;jah
1944-10-14;9,96;;;jah
1944-10-15;9,96;;;jah
1944-10-16;10,9;;;jah
1944-10-17;9,5;;;jah
1944-10-18;8,58;;;jah
1944-10-19;8,12;;;jah
1944-10-20;8,12;;;jah
1944-10-21;9,04;;;jah
1944-10-22;10,9;;;jah
1944-10-23;13,3;;;jah
1944-10-24;13,3;;;jah
1944-10-25;11,8;;;jah
1944-10-26;11,3;;;jah
1944-10-27;10,4;;;jah
1944-10-28;9,04;;;jah
1944-10-29;9,04;;;jah
1944-10-30;8,58;;;jah
1944-10-31;8,12;;;jah
1944-11-01;8,19;;;jah
1944-11-02;8,26;;;jah
1944-11-03;8,34;;;jah
1944-11-04;8,91;;;jah
1944-11-05;9,48;;;jah
1944-11-06;11,8;;;jah
1944-11-07;15,2;;;jah
1944-11-08;21,2;;;jah
1944-11-09;26,4;;;jah
1944-11-10;31,2;;;jah
1944-11-11;33,3;;;jah
1944-11-12;34;;;jah
1944-11-13;33,3;;;jah
1944-11-14;31,9;;;jah
1944-11-15;30,5;;;jah
1944-11-16;29,8;;;jah
1944-11-17;29,1;;;jah
1944-11-18;29,8;;;jah
1944-11-19;30,5;;;jah
1944-11-20;32,6;;;jah
1944-11-21;36,2;;;jah
1944-11-22;39;;;jah
1944-11-23;43,4;;;jah
1944-11-24;47,2;;;jah
1944-11-25;48,7;;;jah
1944-11-26;49,4;;;jah
1944-11-27;48,7;;;jah
1944-11-28;46,4;;;jah
1944-11-29;44,2;;;jah
1944-11-30;42,7;;;jah
1944-12-01;41,4;;;jah
1944-12-02;38,5;;;jah
1944-12-03;35,7;;;jah
1944-12-04;33,6;;;jah
1944-12-05;32,9;;;jah
1944-12-06;32,2;;;jah
1944-12-07;20,8;;;jah
1944-12-08;27,2;;;jah
1944-12-09;30,5;;;jah
1944-12-10;26;;;jah
1944-12-11;27,6;;;jah
1944-12-12;32;;;jah
1944-12-13;35,3;;;jah
1944-12-14;32,3;;;jah
1944-12-15;30,8;;;jah
1944-12-16;27,6;;;jah
1944-12-17;24,7;;;jah
1944-12-18;22,3;;;jah
1944-12-19;20,4;;;jah
1944-12-20;18,9;;;jah
1944-12-21;17,4;;;jah
1944-12-22;16,4;;;jah
1944-12-23;15,5;;;jah
1944-12-24;14,4;;;jah
1944-12-25;13,6;;;jah
1944-12-26;12,8;;;jah
1944-12-27;11,8;;;jah
1944-12-28;11;;;jah
1944-12-29;10,3;;;jah
1944-12-30;10,1;;;jah
1944-12-31;9,87;;;jah
1945-01-01;9,18;;;jah
1945-01-02;9,42;;;jah
1945-01-03;9,66;;;jah
1945-01-04;9,9;;;jah
1945-01-05;10,6;;;jah
1945-01-06;11,4;;;jah
1945-01-07;12,2;;;jah
1945-01-08;12,4;;;jah
1945-01-09;12,4;;;jah
1945-01-10;11,9;;;jah
1945-01-11;11,4;;;jah
1945-01-12;11,4;;;jah
1945-01-13;11,4;;;jah
1945-01-14;11,4;;;jah
1945-01-15;11,4;;;jah
1945-01-16;11,4;;;jah
1945-01-17;11,4;;;jah
1945-01-18;10,9;;;jah
1945-01-19;10,4;;;jah
1945-01-20;9,66;;;jah
1945-01-21;9,42;;;jah
1945-01-22;9,66;;;jah
1945-01-23;9,9;;;jah
1945-01-24;9,9;;;jah
1945-01-25;9,66;;;jah
1945-01-26;9,42;;;jah
1945-01-27;9,18;;;jah
1945-01-28;8,94;;;jah
1945-01-29;8,7;;;jah
1945-01-30;8,7;;;jah
1945-01-31;8,7;;;jah
1945-02-01;8,21;;;jah
1945-02-02;7,72;;;jah
1945-02-03;7,72;;;jah
1945-02-04;7,91;;;jah
1945-02-05;8,1;;;jah
1945-02-06;8,28;;;jah
1945-02-07;8,65;;;jah
1945-02-08;9,08;;;jah
1945-02-09;9,72;;;jah
1945-02-10;9,94;;;jah
1945-02-11;10,2;;;jah
1945-02-12;10,4;;;jah
1945-02-13;10,4;;;jah
1945-02-14;10,6;;;jah
1945-02-15;11,8;;;jah
1945-02-16;11,8;;;jah
1945-02-17;11,4;;;jah
1945-02-18;11,1;;;jah
1945-02-19;10,8;;;jah
1945-02-20;10,6;;;jah
1945-02-21;10,2;;;jah
1945-02-22;9,94;;;jah
1945-02-23;10,6;;;jah
1945-02-24;10,8;;;jah
1945-02-25;10,6;;;jah
1945-02-26;10,4;;;jah
1945-02-27;10,4;;;jah
1945-02-28;11,3;;;jah
1945-03-01;12,1;;;jah
1945-03-02;12,4;;;jah
1945-03-03;12,4;;;jah
1945-03-04;12,7;;;jah
1945-03-05;12,7;;;jah
1945-03-06;14,5;;;jah
1945-03-07;15,8;;;jah
1945-03-08;15,8;;;jah
1945-03-09;15,8;;;jah
1945-03-10;15,4;;;jah
1945-03-11;15;;;jah
1945-03-12;14,5;;;jah
1945-03-13;13,6;;;jah
1945-03-14;12,7;;;jah
1945-03-15;12,7;;;jah
1945-03-16;13,2;;;jah
1945-03-17;14;;;jah
1945-03-18;14,5;34;;jah
1945-03-19;14,5;34;;jah
1945-03-20;15,4;36;;jah
1945-03-21;17,2;40;;jah
1945-03-22;25,2;54;;jah
1945-03-23;31,4;64;;jah
1945-03-24;38,8;75;;jah
1945-03-25;65,7;111;;jah
1945-03-26;102;154;;jah
1945-03-27;139;192;;jah
1945-03-28;184;233;;jah
1945-03-29;288;271;;jah
1945-03-30;392;320;;jah
1945-03-31;428;337;;jah
1945-04-01;449;347;;jah
1945-04-02;575;402;;jah
1945-04-03;634;427;;jah
1945-04-04;636;428;;jah
1945-04-05;570;400;;jah
1945-04-06;492;366;;jah
1945-04-07;432;339;;jah
1945-04-08;378;313;;jah
1945-04-09;328;287;;jah
1945-04-10;306;275;;jah
1945-04-11;227;221;;jah
1945-04-12;188;191;;jah
1945-04-13;149;158;;jah
1945-04-14;126;138;;jah
1945-04-15;107;121;;jah
1945-04-16;99,4;114;;jah
1945-04-17;86,6;102;;jah
1945-04-18;78,5;94;;jah
1945-04-19;70,7;86;;jah
1945-04-20;60,4;75;;jah
1945-04-21;59,4;74;;jah
1945-04-22;86,6;102;;jah
1945-04-23;119;132;;jah
1945-04-24;110;124;;jah
1945-04-25;108;122;;jah
1945-04-26;104;118;;jah
1945-04-27;92,4;108;;jah
1945-04-28;84,5;100;;jah
1945-04-29;66,8;82;;jah
1945-04-30;54,1;68;;jah
1945-05-01;47,2;64;;jah
1945-05-02;44;60;;jah
1945-05-03;40,7;56;;jah
1945-05-04;35,8;50;;jah
1945-05-05;39,1;54;;jah
1945-05-06;84,2;102;;jah
1945-05-07;117;132;;jah
1945-05-08;115;130;;jah
1945-05-09;99,6;116;;jah
1945-05-10;83,1;101;;jah
1945-05-11;72;90;;jah
1945-05-12;56;74;;jah
1945-05-13;44,8;61;;jah
1945-05-14;35,8;50;;jah
1945-05-15;32;45;;jah
1945-05-16;37,4;52;;jah
1945-05-17;42,4;58;;jah
1945-05-18;51,2;69;;jah
1945-05-19;70;88;;jah
1945-05-20;74;92;;jah
1945-05-21;68;86;;jah
1945-05-22;58;76;;jah
1945-05-23;36,6;51;;jah
1945-05-24;31,2;44;;jah
1945-05-25;31,2;44;;jah
1945-05-26;28,2;40;;jah
1945-05-27;23,4;32;;jah
1945-05-28;25,8;36;;jah
1945-05-29;24;33;;jah
1945-05-30;23,4;32;;jah
1945-05-31;21,6;29;;jah
1945-06-01;28,3;30;;jah
1945-06-02;36,1;55;;jah
1945-06-03;41,6;62;;jah
1945-06-04;42,4;63;;jah
1945-06-05;54,3;77;;jah
1945-06-06;53,4;76;;jah
1945-06-07;44,8;66;;jah
1945-06-08;43,2;64;;jah
1945-06-09;36,8;56;;jah
1945-06-10;33,3;51;;jah
1945-06-11;32,6;50;;jah
1945-06-12;30;46;;jah
1945-06-13;28;43;;jah
1945-06-14;23,8;36;;jah
1945-06-15;22,7;34;;jah
1945-06-16;29,4;45;;jah
1945-06-17;28,7;44;;jah
1945-06-18;29,4;45;;jah
1945-06-19;22,7;34;;jah
1945-06-20;20,4;30;;jah
1945-06-21;18,3;26;;jah
1945-06-22;14,2;18;;jah
1945-06-23;12,3;14;;jah
1945-06-24;12,3;14;;jah
1945-06-25;11,9;13;;jah
1945-06-26;10,5;10;;jah
1945-06-27;10,1;9;;jah
1945-06-28;8,82;6;;jah
1945-06-29;7,98;4;;jah
1945-06-30;8,82;6;;jah
1945-07-01;8,85;5;;jah
1945-07-02;9,78;8;;jah
1945-07-03;9,47;7;;jah
1945-07-04;8,56;4;;jah
1945-07-05;9,16;6;;jah
1945-07-06;9,78;8;;jah
1945-07-07;9,47;7;;jah
1945-07-08;10,8;11;;jah
1945-07-09;11,1;12;;jah
1945-07-10;8,85;5;;jah
1945-07-11;10,1;9;;jah
1945-07-12;11,5;13;;jah
1945-07-13;12,6;16;;jah
1945-07-14;12,6;16;;jah
1945-07-15;13,3;18;;jah
1945-07-16;11,8;14;;jah
1945-07-17;9,16;6;;jah
1945-07-18;8,56;4;;jah
1945-07-19;9,16;6;;jah
1945-07-20;8,56;4;;jah
1945-07-21;8,56;4;;jah
1945-07-22;8,27;3;;jah
1945-07-23;9,16;6;;jah
1945-07-24;8,56;4;;jah
1945-07-25;9,16;6;;jah
1945-07-26;9,47;7;;jah
1945-07-27;10,4;10;;jah
1945-07-28;12,6;16;;jah
1945-07-29;15,4;23;;jah
1945-07-30;17,6;28;;jah
1945-07-31;21,4;36;;jah
1945-08-01;21,7;36;;jah
1945-08-02;26,8;45;;jah
1945-08-03;31,2;52;;jah
1945-08-04;36;59;;jah
1945-08-05;38,2;62;;jah
1945-08-06;39,6;64;;jah
1945-08-07;36,7;60;;jah
1945-08-08;31,2;52;;jah
1945-08-09;23,7;40;;jah
1945-08-10;23,7;40;;jah
1945-08-11;21,7;36;;jah
1945-08-12;17,7;28;;jah
1945-08-13;21,7;36;;jah
1945-08-14;13,5;18;;jah
1945-08-15;16;24;;jah
1945-08-16;18,2;29;;jah
1945-08-17;18,2;29;;jah
1945-08-18;28,6;48;;jah
1945-08-19;31,2;52;;jah
1945-08-20;31,9;53;;jah
1945-08-21;33,2;55;;jah
1945-08-22;30,5;51;;jah
1945-08-23;27,4;46;;jah
1945-08-24;29,8;50;;jah
1945-08-25;30,5;51;;jah
1945-08-26;44,8;71;;jah
1945-08-27;59,5;90;;jah
1945-08-28;54,8;84;;jah
1945-08-29;53,2;82;;jah
1945-08-30;48,6;76;;jah
1945-08-31;50,3;74;;jah
1945-09-01;54;72;;jah
1945-09-02;54;72;;jah
1945-09-03;44,8;61;;jah
1945-09-04;35;49;;jah
1945-09-05;36,6;51;;jah
1945-09-06;36,6;51;;jah
1945-09-07;34,3;48;;jah
1945-09-08;29,7;42;;jah
1945-09-09;27;38;;jah
1945-09-10;24,6;34;;jah
1945-09-11;24;33;;jah
1945-09-12;22,8;31;;jah
1945-09-13;22,2;30;;jah
1945-09-14;21,6;29;;jah
1945-09-15;16,6;20;;jah
1945-09-16;14,2;15;;jah
1945-09-17;18,3;23;;jah
1945-09-18;13,2;13;;jah
1945-09-19;12,7;12;;jah
1945-09-20;16,6;20;;jah
1945-09-21;17,2;21;;jah
1945-09-22;17,7;22;;jah
1945-09-23;18,8;24;;jah
1945-09-24;23,4;32;;jah
1945-09-25;27,6;39;;jah
1945-09-26;39,9;55;;jah
1945-09-27;44,8;61;;jah
1945-09-28;45,6;62;;jah
1945-09-29;50,4;68;;jah
1945-09-30;59;77;;jah
1945-10-01;60;78;;jah
1945-10-02;55;73;;jah
1945-10-03;48,8;66;;jah
1945-10-04;42,4;58;;jah
1945-10-05;39,1;54;;jah
1945-10-06;39,9;55;;jah
1945-10-07;39,9;55;;jah
1945-10-08;35,8;50;;jah
1945-10-09;32;45;;jah
1945-10-10;32,8;46;;jah
1945-10-11;34,3;48;;jah
1945-10-12;40,7;56;;jah
1945-10-13;37,4;52;;jah
1945-10-14;34,3;48;;jah
1945-10-15;32,8;46;;jah
1945-10-16;28,2;40;;jah
1945-10-17;26,4;37;;jah
1945-10-18;26,4;37;;jah
1945-10-19;37,4;52;;jah
1945-10-20;44;60;;jah
1945-10-21;44;60;;jah
1945-10-22;41,5;57;;jah
1945-10-23;42,4;58;;jah
1945-10-24;39,9;55;;jah
1945-10-25;44;60;;jah
1945-10-26;54;72;;jah
1945-10-27;102;118;;jah
1945-10-28;137;149;;jah
1945-10-29;133;146;;jah
1945-10-30;115;130;;jah
1945-10-31;108;124;;jah
1945-11-01;86,4;106;;jah
1945-11-02;71,8;92;;jah
1945-11-03;57,2;74;;jah
1945-11-04;47,9;62;;jah
1945-11-05;39;50;;jah
1945-11-06;37,6;48;;jah
1945-11-07;42,7;55;;jah
1945-11-08;47,9;62;;jah
1945-11-09;58,8;76;;jah
1945-11-10;42,7;55;;jah
1945-11-11;33,8;48;;jah
1945-11-12;33,1;47;;jah
1945-11-13;32,4;46;;jah
1945-11-14;35,8;51;;jah
1945-11-15;38;54;;jah
1945-11-16;36,6;52;;jah
1945-11-17;38;54;;jah
1945-11-18;35,1;50;;jah
1945-11-19;29,7;42;;jah
1945-11-20;43,9;62;;jah
1945-11-21;50;70;;jah
1945-11-22;49,2;69;;jah
1945-11-23;47;66;;jah
1945-11-24;43,9;62;;jah
1945-11-25;42,4;60;;jah
1945-11-26;44,2;57;;jah
1945-11-27;39;50;;jah
1945-11-28;37,6;48;;jah
1945-11-29;33,1;47;;jah
1945-11-30;30;50;;jah
1945-12-01;26,8;51;;jah
1945-12-02;23,5;53;;jah
1945-12-03;20,2;54;;jah
1945-12-04;20,7;55;;jah
1945-12-05;21,2;56;;jah
1945-12-06;22,1;58;;jah
1945-12-07;22,5;59;;jah
1945-12-08;18,4;50;;jah
1945-12-09;15,7;42;;jah
1945-12-10;12,4;32;;jah
1945-12-11;10,8;27;;jah
1945-12-12;8,43;19;;jah
1945-12-13;8,16;18;;jah
1945-12-14;7,08;14;;jah
1945-12-15;6,54;12;;jah
1945-12-16;6;10;;jah
1945-12-17;5,48;8;;jah
1945-12-18;5,48;8;;jah
1945-12-19;6;10;;jah
1945-12-20;6,27;11;;jah
1945-12-21;5,74;9;;jah
1945-12-22;6;10;;jah
1945-12-23;6,27;11;;jah
1945-12-24;6;10;;jah
1945-12-25;5,74;9;;jah
1945-12-26;5,48;8;;jah
1945-12-27;4,96;6;;jah
1945-12-28;4,96;6;;jah
1945-12-29;4,96;6;;jah
1945-12-30;5,22;7;;jah
1945-12-31;5,22;7;;jah
1946-01-01;5,22;7;;jah
1946-01-02;5,22;7;;jah
1946-01-03;4,96;6;;jah
1946-01-04;5,22;7;;jah
1946-01-05;5,48;8;;jah
1946-01-06;5,48;8;;jah
1946-01-07;5,48;8;;jah
1946-01-08;6,54;12;;jah
1946-01-09;8,7;20;;jah
1946-01-10;10,5;26;;jah
1946-01-11;15,7;42;;jah
1946-01-12;21,2;56;;jah
1946-01-13;20,2;54;;jah
1946-01-14;21,2;56;;jah
1946-01-15;18,9;51;;jah
1946-01-16;17,7;48;;jah
1946-01-17;17;46;;jah
1946-01-18;16;43;;jah
1946-01-19;15,7;42;;jah
1946-01-20;15;40;;jah
1946-01-21;14,3;38;;jah
1946-01-22;11,4;29;;jah
1946-01-23;9,3;22;;jah
1946-01-24;9,3;22;;jah
1946-01-25;8,7;20;;jah
1946-01-26;7,89;17;;jah
1946-01-27;7,35;15;;jah
1946-01-28;7,08;14;;jah
1946-01-29;6,54;12;;jah
1946-01-30;6,54;12;;jah
1946-01-31;6,27;11;;jah
1946-02-01;6,27;11;;jah
1946-02-02;6;10;;jah
1946-02-03;6;10;;jah
1946-02-04;6,81;13;;jah
1946-02-05;8,7;20;;jah
1946-02-06;11,1;28;;jah
1946-02-07;11,1;28;;jah
1946-02-08;10,5;26;;jah
1946-02-09;10,2;25;;jah
1946-02-10;9,3;22;;jah
1946-02-11;9;21;;jah
1946-02-12;7,62;16;;jah
1946-02-13;7,62;16;;jah
1946-02-14;7,62;16;;jah
1946-02-15;7,62;16;;jah
1946-02-16;7,62;16;;jah
1946-02-17;6,54;12;;jah
1946-02-18;5,48;8;;jah
1946-02-19;5,74;9;;jah
1946-02-20;6,54;12;;jah
1946-02-21;7,08;14;;jah
1946-02-22;6,81;13;;jah
1946-02-23;6,54;12;;jah
1946-02-24;6,54;12;;jah
1946-02-25;6,81;13;;jah
1946-02-26;6,81;13;;jah
1946-02-27;6,27;11;;jah
1946-02-28;6;10;;jah
1946-03-01;6,27;11;;jah
1946-03-02;6;10;;jah
1946-03-03;6,27;11;;jah
1946-03-04;6,54;12;;jah
1946-03-05;6;10;;jah
1946-03-06;6,27;11;;jah
1946-03-07;6,54;12;;jah
1946-03-08;6,27;11;;jah
1946-03-09;6;10;;jah
1946-03-10;5,74;9;;jah
1946-03-11;6,54;12;;jah
1946-03-12;7,35;15;;jah
1946-03-13;6,54;12;;jah
1946-03-14;6,54;12;;jah
1946-03-15;6;10;;jah
1946-03-16;4,96;6;;jah
1946-03-17;4,96;6;;jah
1946-03-18;5,85;10;;jah
1946-03-19;4,7;11;;jah
1946-03-20;4,76;12;;jah
1946-03-21;4,81;13;;jah
1946-03-22;8,85;22;;jah
1946-03-23;13,5;37;;jah
1946-03-24;19,2;54;;jah
1946-03-25;30,1;76;;jah
1946-03-26;35,9;87;;jah
1946-03-27;42,9;99;;jah
1946-03-28;49,6;109;;jah
1946-03-29;67,1;136;;jah
1946-03-30;75,5;148;;jah
1946-03-31;89;161;;jah
1946-04-01;102;174;;jah
1946-04-02;106;186;;jah
1946-04-03;134;198;;jah
1946-04-04;156;211;;jah
1946-04-05;178;224;;jah
1946-04-06;203;236;;jah
1946-04-07;271;282;;jah
1946-04-08;325;304;;jah
1946-04-09;372;320;;jah
1946-04-10;336;298;;jah
1946-04-11;300;274;;jah
1946-04-12;270;253;;jah
1946-04-13;213;210;;jah
1946-04-14;190;192;;jah
1946-04-15;177;182;;jah
1946-04-16;162;170;;jah
1946-04-17;149;159;;jah
1946-04-18;168;175;;jah
1946-04-19;180;184;;jah
1946-04-20;177;182;;jah
1946-04-21;167;174;;jah
1946-04-22;154;163;;jah
1946-04-23;143;154;;jah
1946-04-24;134;147;;jah
1946-04-25;115;130;;jah
1946-04-26;106;122;;jah
1946-04-27;93;110;;jah
1946-04-28;86,4;104;;jah
1946-04-29;82;100;;jah
1946-04-30;81;99;;jah
1946-05-01;80;98;;jah
1946-05-02;78;96;;jah
1946-05-03;76;94;;jah
1946-05-04;105;121;;jah
1946-05-05;182;186;;jah
1946-05-06;181;185;;jah
1946-05-07;150;160;;jah
1946-05-08;117;132;;jah
1946-05-09;84,2;102;;jah
1946-05-10;71;89;;jah
1946-05-11;60;78;;jah
1946-05-12;51,2;69;;jah
1946-05-13;44;60;;jah
1946-05-14;55;73;;jah
1946-05-15;51,2;69;;jah
1946-05-16;40,7;56;;jah
1946-05-17;45,6;62;;jah
1946-05-18;42,4;58;;jah
1946-05-19;40,7;56;;jah
1946-05-20;40,7;56;;jah
1946-05-21;39,1;54;;jah
1946-05-22;31,2;44;;jah
1946-05-23;28,2;40;;jah
1946-05-24;26,4;37;;jah
1946-05-25;25,8;36;;jah
1946-05-26;24;33;;jah
1946-05-27;21,6;29;;jah
1946-05-28;22,8;31;;jah
1946-05-29;22,2;30;;jah
1946-05-30;17,7;22;;jah
1946-05-31;16,6;20;;jah
1946-06-01;14,7;18;;jah
1946-06-02;13,4;16;;jah
1946-06-03;12,6;16;;jah
1946-06-04;13;17;;jah
1946-06-05;14,1;19;;jah
1946-06-06;17;24;;jah
1946-06-07;18,3;26;;jah
1946-06-08;22,2;32;;jah
1946-06-09;24,8;34;;jah
1946-06-10;22,2;32;;jah
1946-06-11;18,3;26;;jah
1946-06-12;14,3;20;;jah
1946-06-13;17;24;;jah
1946-06-14;17;24;;jah
1946-06-15;15,5;22;;jah
1946-06-16;15,5;22;;jah
1946-06-17;19,3;28;;jah
1946-06-18;19,3;28;;jah
1946-06-19;20,4;30;;jah
1946-06-20;20,4;30;;jah
1946-06-21;18,4;26;;jah
1946-06-22;19,5;28;;jah
1946-06-23;19,5;28;;jah
1946-06-24;15,5;22;;jah
1946-06-25;11,5;14;;jah
1946-06-26;11,5;14;;jah
1946-06-27;10,7;12;;jah
1946-06-28;9,62;9;;jah
1946-06-29;9,22;8;;jah
1946-06-30;8,83;7;;jah
1946-07-01;9,62;9;;jah
1946-07-02;10,4;11;;jah
1946-07-03;9,62;9;;jah
1946-07-04;9,89;10;;jah
1946-07-05;9,89;10;;jah
1946-07-06;6,92;9;;jah
1946-07-07;6,92;9;;jah
1946-07-08;8,05;4;;jah
1946-07-09;8,28;5;;jah
1946-07-10;8,5;6;;jah
1946-07-11;8,05;4;;jah
1946-07-12;8,05;4;;jah
1946-07-13;7,2;2;;jah
1946-07-14;7,71;3;;jah
1946-07-15;7,2;2;;jah
1946-07-16;7,2;2;;jah
1946-07-17;8,05;4;;jah
1946-07-18;8,05;4;;jah
1946-07-19;8,05;4;;jah
1946-07-20;8,5;6;;jah
1946-07-21;10,4;11;;jah
1946-07-22;15,3;22;;jah
1946-07-23;18,3;30;;jah
1946-07-24;25,4;41;;jah
1946-07-25;28;44;;jah
1946-07-26;29,3;46;;jah
1946-07-27;28,6;45;;jah
1946-07-28;31,2;48;;jah
1946-07-29;29,6;46;;jah
1946-07-30;29,6;46;;jah
1946-07-31;24;38;;jah
1946-08-01;25,4;41;;jah
1946-08-02;27,1;43;;jah
1946-08-03;32;49;;jah
1946-08-04;34,2;52;;jah
1946-08-05;50;70;;jah
1946-08-06;52,3;72;;jah
1946-08-07;46,4;66;;jah
1946-08-08;41,2;61;;jah
1946-08-09;39,4;59;;jah
1946-08-10;32,7;50;;jah
1946-08-11;29,6;46;;jah
1946-08-12;26,2;42;;jah
1946-08-13;28;44;;jah
1946-08-14;24,9;40;;jah
1946-08-15;24,5;39;;jah
1946-08-16;24;38;;jah
1946-08-17;19,3;30;;jah
1946-08-18;18,4;28;;jah
1946-08-19;15,3;22;;jah
1946-08-20;15,3;22;;jah
1946-08-21;13,4;18;;jah
1946-08-22;13,4;18;;jah
1946-08-23;13;17;;jah
1946-08-24;12,5;16;;jah
1946-08-25;13,4;18;;jah
1946-08-26;12,5;16;;jah
1946-08-27;11,5;14;;jah
1946-08-28;11,1;13;;jah
1946-08-29;9,92;10;;jah
1946-08-30;9,33;8;;jah
1946-08-31;8,95;7;;jah
1946-09-01;9,65;10;;jah
1946-09-02;9,32;8;;jah
1946-09-03;9,32;8;;jah
1946-09-04;8,5;6;;jah
1946-09-05;8,5;6;;jah
1946-09-06;8,5;6;;jah
1946-09-07;8,5;6;;jah
1946-09-08;7,95;4;;jah
1946-09-09;8,5;6;;jah
1946-09-10;12,6;16;;jah
1946-09-11;16,4;24;;jah
1946-09-12;19,9;31;;jah
1946-09-13;23,8;38;;jah
1946-09-14;28,1;43;;jah
1946-09-15;23,9;38;;jah
1946-09-16;23,9;38;;jah
1946-09-17;22,6;36;;jah
1946-09-18;26,3;42;;jah
1946-09-19;25;40;;jah
1946-09-20;28,1;44;;jah
1946-09-21;35;53;;jah
1946-09-22;40,5;60;;jah
1946-09-23;33,4;51;;jah
1946-09-24;31,7;50;;jah
1946-09-25;39,6;59;;jah
1946-09-26;36,5;55;;jah
1946-09-27;39,6;59;;jah
1946-09-28;45,3;64;;jah
1946-09-29;50;70;;jah
1946-09-30;61;81;;jah
1946-10-01;67,8;88;;jah
1946-10-02;70;90;;jah
1946-10-03;65,7;86;;jah
1946-10-04;62;82;;jah
1946-10-05;60;80;;jah
1946-10-06;56,5;76;;jah
1946-10-07;53,3;73;;jah
1946-10-08;47;66;;jah
1946-10-09;41,2;58;;jah
1946-10-10;33,6;48;;jah
1946-10-11;24;34;;jah
1946-10-12;21,1;29;;jah
1946-10-13;20,5;28;;jah
1946-10-14;19,1;25;;jah
1946-10-15;18,6;24;;jah
1946-10-16;19,7;26;;jah
1946-10-17;18,4;24;;jah
1946-10-18;20,7;27;;jah
1946-10-19;25,2;36;;jah
1946-10-20;30,5;44;;jah
1946-10-21;36,6;52;;jah
1946-10-22;33,6;48;;jah
1946-10-23;32;46;;jah
1946-10-24;29,1;42;;jah
1946-10-25;27,1;39;;jah
1946-10-26;24,1;34;;jah
1946-10-27;21,7;30;;jah
1946-10-28;20,6;28;;jah
1946-10-29;21,7;30;;jah
1946-10-30;21,7;30;;jah
1946-10-31;21,7;30;;jah
1946-11-01;20,5;27;;jah
1946-11-02;18,8;24;;jah
1946-11-03;17,7;22;;jah
1946-11-04;19,4;25;;jah
1946-11-05;16,4;20;;jah
1946-11-06;17,7;22;;jah
1946-11-07;21,1;28;;jah
1946-11-08;23,4;32;;jah
1946-11-09;24,6;34;;jah
1946-11-10;25,8;36;;jah
1946-11-11;26,8;40;;jah
1946-11-12;25,6;38;;jah
1946-11-13;34;50;;jah
1946-11-14;68,5;91;;jah
1946-11-15;82,8;105;;jah
1946-11-16;47,7;70;;jah
1946-11-17;40,2;67;;jah
1946-11-18;35,9;61;;jah
1946-11-19;22,1;60;;jah
1946-11-20;22,1;60;;jah
1946-11-21;25,9;69;;jah
1946-11-22;34,6;85;;jah
1946-11-23;37,9;91;;jah
1946-11-24;36,2;88;;jah
1946-11-25;30,3;77;;jah
1946-11-26;29,3;75;;jah
1946-11-27;29,8;76;;jah
1946-11-28;61;79;;jah
1946-11-29;77;95;;jah
1946-11-30;78;96;;jah
1946-12-01;74;92;;jah
1946-12-02;69;87;;jah
1946-12-03;77;95;;jah
1946-12-04;86,4;104;;jah
1946-12-05;90,4;108;;jah
1946-12-06;74;92;;jah
1946-12-07;78;96;;jah
1946-12-08;85,3;103;;jah
1946-12-09;75;93;;jah
1946-12-10;60;80;;jah
1946-12-11;25;44;;jah
1946-12-12;44,5;64;;jah
1946-12-13;43,2;96;;jah
1946-12-14;40,9;111;;jah
1946-12-15;38,6;114;;jah
1946-12-16;36,3;122;;jah
1946-12-17;34;101;;jah
1946-12-18;31,7;100;;jah
1946-12-19;29,4;86;;jah
1946-12-20;27,1;70;;jah
1946-12-21;24,8;53;;jah
1946-12-22;22,5;37;;jah
1946-12-23;20,2;36;;jah
1946-12-24;16,8;28;;jah
1946-12-25;16,8;28;;jah
1946-12-26;17,3;29;;jah
1946-12-27;12;18;;jah
1946-12-28;11;16;;jah
1946-12-29;12;18;;jah
1946-12-30;10,6;15;;jah
1946-12-31;10,1;14;;jah
1947-01-01;8,97;11;;jah
1947-01-02;9,35;12;;jah
1947-01-03;8,97;11;;jah
1947-01-04;9,35;12;;jah
1947-01-05;10,1;14;;jah
1947-01-06;8,14;8;;jah
1947-01-07;8,14;8;;jah
1947-01-08;7,05;4;;jah
1947-01-09;7,85;7;;jah
1947-01-10;7,05;4;;jah
1947-01-11;7,05;4;;jah
1947-01-12;7,05;4;;jah
1947-01-13;7,05;4;;jah
1947-01-14;7,05;4;;jah
1947-01-15;7,05;4;;jah
1947-01-16;7,28;5;;jah
1947-01-17;8,42;9;;jah
1947-01-18;11,3;18;;jah
1947-01-19;21,5;40;;jah
1947-01-20;28,8;48;;jah
1947-01-21;20,6;38;;jah
1947-01-22;15,5;28;;jah
1947-01-23;13,8;24;;jah
1947-01-24;12,2;20;;jah
1947-01-25;11,5;18;;jah
1947-01-26;9,22;13;;jah
1947-01-27;9,63;14;;jah
1947-01-28;9,63;14;;jah
1947-01-29;8,92;12;;jah
1947-01-30;8,92;12;;jah
1947-01-31;8,15;10;;jah
1947-02-01;8,33;11;;jah
1947-02-02;6,15;4;;jah
1947-02-03;7,3;9;;jah
1947-02-04;7,04;8;;jah
1947-02-05;6,64;7;;jah
1947-02-06;6;6;;jah
1947-02-07;7,02;8;;jah
1947-02-08;6;6;;jah
1947-02-09;6;6;;jah
1947-02-10;5,5;4;;jah
1947-02-11;5,87;6;;jah
1947-02-12;5,38;4;;jah
1947-02-13;5,38;4;;jah
1947-02-14;5,38;4;;jah
1947-02-15;5,75;6;;jah
1947-02-16;4,7;2;;jah
1947-02-17;5,18;4;;jah
1947-02-18;5,18;4;;jah
1947-02-19;4,7;2;;jah
1947-02-20;4,7;2;;jah
1947-02-21;4,93;3;;jah
1947-02-22;4,93;3;;jah
1947-02-23;4,93;3;;jah
1947-02-24;4,93;3;;jah
1947-02-25;5,52;6;;jah
1947-02-26;4,6;2;;jah
1947-02-27;4,82;3;;jah
1947-02-28;4,6;2;;jah
1947-03-01;5,35;3;;jah
1947-03-02;5,61;4;;jah
1947-03-03;5,86;5;;jah
1947-03-04;5,1;2;;jah
1947-03-05;5,61;4;;jah
1947-03-06;5,86;5;;jah
1947-03-07;5,61;4;;jah
1947-03-08;5,35;3;;jah
1947-03-09;5,86;5;;jah
1947-03-10;6,12;6;;jah
1947-03-11;5,06;4;;jah
1947-03-12;5,01;4;;jah
1947-03-13;4,96;4;;jah
1947-03-14;4,92;4;;jah
1947-03-15;4,87;4;;jah
1947-03-16;4,82;4;;jah
1947-03-17;4,77;4;;jah
1947-03-18;4,72;4;;jah
1947-03-19;4,2;2;;jah
1947-03-20;4,2;2;;jah
1947-03-21;4,15;2;;jah
1947-03-22;4,42;4;;jah
1947-03-23;4,15;2;;jah
1947-03-24;3,86;0;;jah
1947-03-25;4,42;4;;jah
1947-03-26;4,85;6;;jah
1947-03-27;5,6;10;;jah
1947-03-28;7,12;16;;jah
1947-03-29;8,28;22;;jah
1947-03-30;11,6;32;;jah
1947-03-31;19;54;;jah
1947-04-01;28;88;;jah
1947-04-02;65;157;;jah
1947-04-03;178;280;;jah
1947-04-04;272;336;;jah
1947-04-05;269;334;;jah
1947-04-06;172;256;;jah
1947-04-07;193;273;;jah
1947-04-08;286;310;;jah
1947-04-09;293;296;;jah
1947-04-10;292;282;;jah
1947-04-11;278;260;;jah
1947-04-12;242;232;;jah
1947-04-13;197;198;;jah
1947-04-14;154;163;;jah
1947-04-15;133;146;;jah
1947-04-16;122;136;;jah
1947-04-17;108;124;;jah
1947-04-18;108;124;;jah
1947-04-19;102;118;;jah
1947-04-20;90,8;108;;jah
1947-04-21;78;96;;jah
1947-04-22;67;85;;jah
1947-04-23;64;82;;jah
1947-04-24;66;84;;jah
1947-04-25;68;86;;jah
1947-04-26;70;88;;jah
1947-04-27;87,5;105;;jah
1947-04-28;101;117;;jah
1947-04-29;136;148;;jah
1947-04-30;165;172;;jah
1947-05-01;175;180;;jah
1947-05-02;162;170;;jah
1947-05-03;138;150;;jah
1947-05-04;111;126;;jah
1947-05-05;86,4;104;;jah
1947-05-06;72;90;;jah
1947-05-07;60;78;;jah
1947-05-08;58;76;;jah
1947-05-09;46,4;63;;jah
1947-05-10;42,4;58;;jah
1947-05-11;39,1;54;;jah
1947-05-12;35,8;50;;jah
1947-05-13;33,5;47;;jah
1947-05-14;31,2;44;;jah
1947-05-15;29,7;42;;jah
1947-05-16;29,7;42;;jah
1947-05-17;29;41;;jah
1947-05-18;29;41;;jah
1947-05-19;25,8;36;;jah
1947-05-20;22,6;34;;jah
1947-05-21;19,5;34;;jah
1947-05-22;18,2;32;;jah
1947-05-23;17,4;30;;jah
1947-05-24;17,9;31;;jah
1947-05-25;17,4;30;;jah
1947-05-26;15,9;27;;jah
1947-05-27;15,9;27;;jah
1947-05-28;14,2;24;;jah
1947-05-29;13,1;22;;jah
1947-05-30;12,2;20;;jah
1947-05-31;10,2;16;;jah
1947-06-01;14,4;24;;jah
1947-06-02;14;23;;jah
1947-06-03;13,4;22;;jah
1947-06-04;16;27;;jah
1947-06-05;16;27;;jah
1947-06-06;17,5;31;;jah
1947-06-07;16;27;;jah
1947-06-08;16,4;28;;jah
1947-06-09;12,2;20;;jah
1947-06-10;12,2;20;;jah
1947-06-11;11,7;19;;jah
1947-06-12;14,4;24;;jah
1947-06-13;19,5;34;;jah
1947-06-14;32,4;52;;jah
1947-06-15;45,3;64;;jah
1947-06-16;37,6;56;;jah
1947-06-17;32,4;52;;jah
1947-06-18;30,6;50;;jah
1947-06-19;27;46;;jah
1947-06-20;23,1;42;;jah
1947-06-21;23,1;42;;jah
1947-06-22;18,4;32;;jah
1947-06-23;17,5;30;;jah
1947-06-24;13,4;22;;jah
1947-06-25;12,9;21;;jah
1947-06-26;12,9;21;;jah
1947-06-27;11,4;18;;jah
1947-06-28;10,2;16;;jah
1947-06-29;8,83;12;;jah
1947-06-30;7,27;8;;jah
1947-07-01;7,65;9;;jah
1947-07-02;7;7;;jah
1947-07-03;6,42;5;;jah
1947-07-04;5,64;2;;jah
1947-07-05;6,6;6;;jah
1947-07-06;6,11;4;;jah
1947-07-07;6,11;4;;jah
1947-07-08;6,42;5;;jah
1947-07-09;6,42;5;;jah
1947-07-10;8,05;10;;jah
1947-07-11;8,94;12;;jah
1947-07-12;9,62;14;;jah
1947-07-13;10,9;17;;jah
1947-07-14;11,7;19;;jah
1947-07-15;12,7;21;;jah
1947-07-16;12,1;20;;jah
1947-07-17;15,5;27;;jah
1947-07-18;14,1;24;;jah
1947-07-19;13,8;23;;jah
1947-07-20;10,8;19;;jah
1947-07-21;13,2;22;;jah
1947-07-22;16;28;;jah
1947-07-23;13,2;22;;jah
1947-07-24;8,9;12;;jah
1947-07-25;11;10;;jah
1947-07-26;7,62;9;;jah
1947-07-27;7;7;;jah
1947-07-28;7,37;8;;jah
1947-07-29;6,7;6;;jah
1947-07-30;5,85;3;;jah
1947-07-31;6,11;4;;jah
1947-08-01;7,1;10;;jah
1947-08-02;7,1;10;;jah
1947-08-03;5,88;4;;jah
1947-08-04;4,61;0;;jah
1947-08-05;5;2;;jah
1947-08-06;5,53;4;;jah
1947-08-07;5,96;6;;jah
1947-08-08;5,72;5;;jah
1947-08-09;5,96;6;;jah
1947-08-10;5,96;6;;jah
1947-08-11;5,72;5;;jah
1947-08-12;6,74;9;;jah
1947-08-13;5,24;3;;jah
1947-08-14;4,6;0;;jah
1947-08-15;4,85;1;;jah
1947-08-16;4,39;-1;;jah
1947-08-17;5;2;;jah
1947-08-18;5,52;4;;jah
1947-08-19;3,87;-4;;jah
1947-08-20;3,64;-6;;jah
1947-08-21;3,75;-5;;jah
1947-08-22;4,07;-3;;jah
1947-08-23;3,64;-6;;jah
1947-08-24;3,23;-10;;jah
1947-08-25;3,55;-7;;jah
1947-08-26;3,4;-8;;jah
1947-08-27;3,85;-4;;jah
1947-08-28;3,64;-6;;jah
1947-08-29;3,85;-4;;jah
1947-08-30;3,85;-4;;jah
1947-08-31;4,18;-2;;jah
1947-09-01;4,18;-2;;jah
1947-09-02;4,37;-1;;jah
1947-09-03;3,4;-8;;jah
1947-09-04;3,23;-10;;jah
1947-09-05;3,88;-6;;jah
1947-09-06;4,61;-1;;jah
1947-09-07;4,53;-2;;jah
1947-09-08;3,88;-6;;jah
1947-09-09;4,9;0;;jah
1947-09-10;4,5;-2;;jah
1947-09-11;4,61;-1;;jah
1947-09-12;5,37;2;;jah
1947-09-13;6,12;4;;jah
1947-09-14;5,37;2;;jah
1947-09-15;4,9;0;;jah
1947-09-16;6,4;5;;jah
1947-09-17;5,62;2;;jah
1947-09-18;5,88;3;;jah
1947-09-19;5,43;1;;jah
1947-09-20;5,88;3;;jah
1947-09-21;5,22;0;;jah
1947-09-22;5,07;-1;;jah
1947-09-23;5,62;2;;jah
1947-09-24;4,66;-3;;jah
1947-09-25;4,47;-4;;jah
1947-09-26;5,62;2;;jah
1947-09-27;4,47;-4;;jah
1947-09-28;4,9;-2;;jah
1947-09-29;4,2;-6;;jah
1947-09-30;4,9;-2;;jah
1947-10-01;4,55;-4;;jah
1947-10-02;6,38;2;;jah
1947-10-03;7,25;4;;jah
1947-10-04;7;3;;jah
1947-10-05;6,38;2;;jah
1947-10-06;7,25;3;;jah
1947-10-07;7,67;5;;jah
1947-10-08;7,29;4;;jah
1947-10-09;7;3;;jah
1947-10-10;7,29;4;;jah
1947-10-11;5,71;0;;jah
1947-10-12;4,52;-4;;jah
1947-10-13;5,1;-2;;jah
1947-10-14;6,11;1;;jah
1947-10-15;5,71;0;;jah
1947-10-16;6,5;2;;jah
1947-10-17;5,71;0;;jah
1947-10-18;5,71;0;;jah
1947-10-19;6,11;1;;jah
1947-10-20;6,5;2;;jah
1947-10-21;10,1;10;;jah
1947-10-22;6,62;2;;jah
1947-10-23;6,62;2;;jah
1947-10-24;7,53;4;;jah
1947-10-25;6,62;2;;jah
1947-10-26;5;-4;;jah
1947-10-27;4,6;-6;;jah
1947-10-28;5,43;-2;;jah
1947-10-29;5;-4;;jah
1947-10-30;6,17;1;;jah
1947-10-31;5,68;-1;;jah
1947-11-01;7,44;3;;jah
1947-11-02;6,26;0;;jah
1947-11-03;7,92;4;;jah
1947-11-04;8,32;5;;jah
1947-11-05;8,41;5;;jah
1947-11-06;8,81;6;;jah
1947-11-07;6,41;0;;jah
1947-11-08;8,1;4;;jah
1947-11-09;9,72;8;;jah
1947-11-10;11;11;;jah
1947-11-11;12,3;14;;jah
1947-11-12;14,9;20;;jah
1947-11-13;15,9;22;;jah
1947-11-14;14,9;20;;jah
1947-11-15;13,6;17;;jah
1947-11-16;13,1;16;;jah
1947-11-17;12,3;14;;jah
1947-11-18;8,5;5;;jah
1947-11-19;8,1;4;;jah
1947-11-20;6,48;0;;jah
1947-11-21;6,01;-2;;jah
1947-11-22;5,78;-3;;jah
1947-11-23;4,61;-8;;jah
1947-11-24;4,84;-7;;jah
1947-11-25;6,01;-2;;jah
1947-11-26;6,01;-2;;jah
1947-11-27;7,29;2;;jah
1947-11-28;6,48;0;;jah
1947-11-29;6,01;-2;;jah
1947-11-30;6,55;0;;jah
1947-12-01;7,45;2;;jah
1947-12-02;7,61;2;;jah
1947-12-03;10,4;8;;jah
1947-12-04;18,4;24;;jah
1947-12-05;37,4;52;;jah
1947-12-06;40,7;56;;jah
1947-12-07;47,2;64;;jah
1947-12-08;44,8;61;;jah
1947-12-09;40,7;56;;jah
1947-12-10;37,4;52;;jah
1947-12-11;33,5;47;;jah
1947-12-12;27;38;;jah
1947-12-13;24,6;34;;jah
1947-12-14;27,3;42;;jah
1947-12-15;21,6;36;;jah
1947-12-16;19,2;34;;jah
1947-12-17;18;34;;jah
1947-12-18;18,9;38;;jah
1947-12-19;18,4;38;;jah
1947-12-20;17,9;58;;jah
1947-12-21;17,4;60;;jah
1947-12-22;16,9;53;;jah
1947-12-23;16,4;52;;jah
1947-12-24;15,9;49;;jah
1947-12-25;15,4;48;;jah
1947-12-26;14,9;48;;jah
1947-12-27;14,4;46;;jah
1947-12-28;13,8;46;;jah
1947-12-29;13,3;58;;jah
1947-12-30;12,8;56;;jah
1947-12-31;12,3;53;;jah
1948-01-01;11,8;45;;jah
1948-01-02;11,3;38;;jah
1948-01-03;10,8;31;;jah
1948-01-04;10,3;24;;jah
1948-01-05;11;26;;jah
1948-01-06;10,2;24;;jah
1948-01-07;9,55;22;;jah
1948-01-08;8,42;18;;jah
1948-01-09;8,15;17;;jah
1948-01-10;7,88;16;;jah
1948-01-11;8,26;18;;jah
1948-01-12;7,74;16;;jah
1948-01-13;6,86;13;;jah
1948-01-14;7,12;14;;jah
1948-01-15;7,38;15;;jah
1948-01-16;7,12;14;;jah
1948-01-17;7,12;14;;jah
1948-01-18;6,6;12;;jah
1948-01-19;7,12;14;;jah
1948-01-20;7,12;14;;jah
1948-01-21;7,59;16;;jah
1948-01-22;7,59;16;;jah
1948-01-23;7,12;14;;jah
1948-01-24;6,6;12;;jah
1948-01-25;7,12;14;;jah
1948-01-26;6,6;12;;jah
1948-01-27;7,74;16;;jah
1948-01-28;8,27;18;;jah
1948-01-29;8,15;17;;jah
1948-01-30;8,03;16;;jah
1948-01-31;8,17;16;;jah
1948-02-01;8,74;18;;jah
1948-02-02;16;39;;jah
1948-02-03;24,4;56;;jah
1948-02-04;35,8;74;;jah
1948-02-05;50,4;91;;jah
1948-02-06;48,3;88;;jah
1948-02-07;44,8;84;;jah
1948-02-08;42,2;80;;jah
1948-02-09;37,6;75;;jah
1948-02-10;30,7;64;;jah
1948-02-11;23,9;52;;jah
1948-02-12;19,6;44;;jah
1948-02-13;14,5;32;;jah
1948-02-14;12,6;28;;jah
1948-02-15;11;23;;jah
1948-02-16;8,61;16;;jah
1948-02-17;7,94;14;;jah
1948-02-18;8,1;15;;jah
1948-02-19;7,67;14;;jah
1948-02-20;7,54;14;;jah
1948-02-21;6,44;10;;jah
1948-02-22;5,83;8;;jah
1948-02-23;5,72;8;;jah
1948-02-24;5,25;6;;jah
1948-02-25;5,15;6;;jah
1948-02-26;5,15;6;;jah
1948-02-27;5,15;6;;jah
1948-02-28;4,92;5;;jah
1948-02-29;4,45;3;;jah
1948-03-01;4,46;2;;jah
1948-03-02;5,44;6;;jah
1948-03-03;5,44;6;;jah
1948-03-04;5,94;8;;jah
1948-03-05;5,72;7;;jah
1948-03-06;5,44;6;;jah
1948-03-07;6,44;10;;jah
1948-03-08;7,26;13;;jah
1948-03-09;8,03;16;;jah
1948-03-10;9,13;20;;jah
1948-03-11;11,6;26;;jah
1948-03-12;16;39;;jah
1948-03-13;16;39;;jah
1948-03-14;15;36;;jah
1948-03-15;13,9;33;;jah
1948-03-16;11,7;24;;jah
1948-03-17;13,1;28;;jah
1948-03-18;8,8;15;;jah
1948-03-19;7,87;12;;jah
1948-03-20;7,25;10;;jah
1948-03-21;7,61;10;;jah
1948-03-22;7,61;10;;jah
1948-03-23;10,1;18;;jah
1948-03-24;16,8;36;;jah
1948-03-25;18,3;40;;jah
1948-03-26;19,5;40;;jah
1948-03-27;21,1;42;;jah
1948-03-28;23,9;46;;jah
1948-03-29;31,8;58;;jah
1948-03-30;49;80;;jah
1948-03-31;66,4;99;;jah
1948-04-01;98,9;130;;jah
1948-04-02;159;182;;jah
1948-04-03;219;229;;jah
1948-04-04;248;244;;jah
1948-04-05;229;222;;jah
1948-04-06;195;196;;jah
1948-04-07;170;176;;jah
1948-04-08;152;162;;jah
1948-04-09;138;150;;jah
1948-04-10;128;142;;jah
1948-04-11;115;130;;jah
1948-04-12;105;121;;jah
1948-04-13;86,4;104;;jah
1948-04-14;87,5;105;;jah
1948-04-15;77;95;;jah
1948-04-16;68;86;;jah
1948-04-17;63;81;;jah
1948-04-18;55;73;;jah
1948-04-19;47,2;64;;jah
1948-04-20;43,2;59;;jah
1948-04-21;38,3;53;;jah
1948-04-22;34,3;48;;jah
1948-04-23;34,3;48;;jah
1948-04-24;30,5;43;;jah
1948-04-25;27;38;;jah
1948-04-26;25,8;36;;jah
1948-04-27;23,4;32;;jah
1948-04-28;28,2;40;;jah
1948-04-29;32,8;46;;jah
1948-04-30;40,7;56;;jah
1948-05-01;51,2;69;;jah
1948-05-02;62;80;;jah
1948-05-03;71;89;;jah
1948-05-04;62;80;;jah
1948-05-05;48;65;;jah
1948-05-06;39,9;55;;jah
1948-05-07;34,3;48;;jah
1948-05-08;29,7;42;;jah
1948-05-09;28,2;40;;jah
1948-05-10;24,6;34;;jah
1948-05-11;24,6;34;;jah
1948-05-12;21,1;28;;jah
1948-05-13;21,1;28;;jah
1948-05-14;22,2;30;;jah
1948-05-15;23,4;32;;jah
1948-05-16;25,8;36;;jah
1948-05-17;24,6;34;;jah
1948-05-18;21,1;28;;jah
1948-05-19;20;26;;jah
1948-05-20;15,6;18;;jah
1948-05-21;16,6;20;;jah
1948-05-22;16,6;20;;jah
1948-05-23;15,6;18;;jah
1948-05-24;14,6;16;;jah
1948-05-25;17,7;22;;jah
1948-05-26;17,2;21;;jah
1948-05-27;16,6;20;;jah
1948-05-28;16,1;19;;jah
1948-05-29;16,6;20;;jah
1948-05-30;20,5;27;;jah
1948-05-31;16,1;19;;jah
1948-06-01;17;22;;jah
1948-06-02;15,9;20;;jah
1948-06-03;15,9;20;;jah
1948-06-04;15,9;20;;jah
1948-06-05;15;18;;jah
1948-06-06;14,2;18;;jah
1948-06-07;14,2;18;;jah
1948-06-08;12,5;14;;jah
1948-06-09;12,9;15;;jah
1948-06-10;12;13;;jah
1948-06-11;9,63;9;;jah
1948-06-12;9,29;8;;jah
1948-06-13;7,74;4;;jah
1948-06-14;7,74;4;;jah
1948-06-15;6,97;2;;jah
1948-06-16;6,64;2;;jah
1948-06-17;8,12;6;;jah
1948-06-18;6,64;2;;jah
1948-06-19;7,38;4;;jah
1948-06-20;6,27;1;;jah
1948-06-21;5,48;-2;;jah
1948-06-22;5,9;0;;jah
1948-06-23;5,48;-2;;jah
1948-06-24;5,48;-2;;jah
1948-06-25;5,9;0;;jah
1948-06-26;6,27;1;;jah
1948-06-27;5,9;0;;jah
1948-06-28;5,9;0;;jah
1948-06-29;5,69;-1;;jah
1948-06-30;6,64;2;;jah
1948-07-01;9,3;9;;jah
1948-07-02;11,4;14;;jah
1948-07-03;17,5;28;;jah
1948-07-04;32,5;54;;jah
1948-07-05;41,2;67;;jah
1948-07-06;40,5;66;;jah
1948-07-07;33,8;56;;jah
1948-07-08;31;52;;jah
1948-07-09;27,2;46;;jah
1948-07-10;21,4;36;;jah
1948-07-11;13,8;19;;jah
1948-07-12;12,6;16;;jah
1948-07-13;11,8;14;;jah
1948-07-14;10,9;12;;jah
1948-07-15;10,9;12;;jah
1948-07-16;13;17;;jah
1948-07-17;14,8;21;;jah
1948-07-18;17,2;26;;jah
1948-07-19;17,2;26;;jah
1948-07-20;17,2;26;;jah
1948-07-21;21,4;33;;jah
1948-07-22;14,8;20;;jah
1948-07-23;13;16;;jah
1948-07-24;12,2;14;;jah
1948-07-25;10,4;10;;jah
1948-07-26;9,61;8;;jah
1948-07-27;8,81;6;;jah
1948-07-28;8,41;5;;jah
1948-07-29;7,21;2;;jah
1948-07-30;7,21;2;;jah
1948-07-31;6,41;0;;jah
1948-08-01;5,73;-4;;jah
1948-08-02;6,21;-2;;jah
1948-08-03;7,11;1;;jah
1948-08-04;7,53;2;;jah
1948-08-05;6,21;-2;;jah
1948-08-06;5,97;-3;;jah
1948-08-07;6,21;-2;;jah
1948-08-08;6,21;-2;;jah
1948-08-09;5,25;-6;;jah
1948-08-10;5;-7;;jah
1948-08-11;5,47;-6;;jah
1948-08-12;7,86;2;;jah
1948-08-13;9,6;6;;jah
1948-08-14;16,1;20;;jah
1948-08-15;80;98;;jah
1948-08-16;165;172;;jah
1948-08-17;166;173;;jah
1948-08-18;157;166;;jah
1948-08-19;155;164;;jah
1948-08-20;150;160;;jah
1948-08-21;138;150;;jah
1948-08-22;112;127;;jah
1948-08-23;80;98;;jah
1948-08-24;63;81;;jah
1948-08-25;54;72;;jah
1948-08-26;46,4;63;;jah
1948-08-27;40,7;56;;jah
1948-08-28;35,8;50;;jah
1948-08-29;34,3;48;;jah
1948-08-30;34,3;48;;jah
1948-08-31;34,3;48;;jah
1948-09-01;31,2;44;;jah
1948-09-02;29;41;;jah
1948-09-03;26,4;37;;jah
1948-09-04;24;33;;jah
1948-09-05;21,1;28;;jah
1948-09-06;20,5;27;;jah
1948-09-07;18,8;24;;jah
1948-09-08;17,2;21;;jah
1948-09-09;16,1;19;;jah
1948-09-10;13,7;14;;jah
1948-09-11;15,6;18;;jah
1948-09-12;14,6;16;;jah
1948-09-13;14,2;15;;jah
1948-09-14;12,7;12;;jah
1948-09-15;14,6;16;;jah
1948-09-16;11,7;10;;jah
1948-09-17;11,7;10;;jah
1948-09-18;12,7;12;;jah
1948-09-19;17,7;22;;jah
1948-09-20;24;33;;jah
1948-09-21;29;41;;jah
1948-09-22;42,4;58;;jah
1948-09-23;45,6;62;;jah
1948-09-24;48,8;66;;jah
1948-09-25;48,8;66;;jah
1948-09-26;50,4;68;;jah
1948-09-27;47,2;64;;jah
1948-09-28;44,8;61;;jah
1948-09-29;44;60;;jah
1948-09-30;58;76;;jah
1948-10-01;66;84;;jah
1948-10-02;72;90;;jah
1948-10-03;115;130;;jah
1948-10-04;115;130;;jah
1948-10-05;111;126;;jah
1948-10-06;99,6;116;;jah
1948-10-07;86,4;104;;jah
1948-10-08;80;98;;jah
1948-10-09;76;94;;jah
1948-10-10;71;89;;jah
1948-10-11;64;82;;jah
1948-10-12;56;74;;jah
1948-10-13;45,6;62;;jah
1948-10-14;35,8;50;;jah
1948-10-15;31,2;44;;jah
1948-10-16;29,7;42;;jah
1948-10-17;34,3;48;;jah
1948-10-18;35,8;50;;jah
1948-10-19;38,3;53;;jah
1948-10-20;36,6;51;;jah
1948-10-21;45,6;62;;jah
1948-10-22;94,1;111;;jah
1948-10-23;123;137;;jah
1948-10-24;144;155;;jah
1948-10-25;150;160;;jah
1948-10-26;152;162;;jah
1948-10-27;161;169;;jah
1948-10-28;155;164;;jah
1948-10-29;145;156;;jah
1948-10-30;137;149;;jah
1948-10-31;123;137;;jah
1948-11-01;101;117;;jah
1948-11-02;86,4;104;;jah
1948-11-03;80;98;;jah
1948-11-04;76;94;;jah
1948-11-05;90,8;108;;jah
1948-11-06;115;130;;jah
1948-11-07;137;149;;jah
1948-11-08;136;148;;jah
1948-11-09;126;140;;jah
1948-11-10;124;138;;jah
1948-11-11;114;133;;jah
1948-11-12;102;124;;jah
1948-11-13;90,6;116;;jah
1948-11-14;91,8;118;;jah
1948-11-15;89,6;116;;jah
1948-11-16;96,7;120;;jah
1948-11-17;118;133;;jah
1948-11-18;128;142;;jah
1948-11-19;133;146;;jah
1948-11-20;137;149;;jah
1948-11-21;145;156;;jah
1948-11-22;145;156;;jah
1948-11-23;136;148;;jah
1948-11-24;133;146;;jah
1948-11-25;113;128;;jah
1948-11-26;107;126;;jah
1948-11-27;93,9;117;;jah
1948-11-28;94,8;119;;jah
1948-11-29;98,6;122;;jah
1948-11-30;102;124;;jah
1948-12-01;107;123;;jah
1948-12-02;102;118;;jah
1948-12-03;95,2;112;;jah
1948-12-04;82;100;;jah
1948-12-05;75;93;;jah
1948-12-06;70;88;;jah
1948-12-07;67;85;;jah
1948-12-08;60;78;;jah
1948-12-09;58;76;;jah
1948-12-10;58;76;;jah
1948-12-11;56;74;;jah
1948-12-12;48,8;66;;jah
1948-12-13;32,5;46;;jah
1948-12-14;18,4;24;;jah
1948-12-15;37,5;53;;jah
1948-12-16;29,9;43;;jah
1948-12-17;25,6;37;;jah
1948-12-18;21,6;30;;jah
1948-12-19;21,3;30;;jah
1948-12-20;23,9;35;;jah
1948-12-21;24,5;36;;jah
1948-12-22;25,4;38;;jah
1948-12-23;25,1;38;;jah
1948-12-24;21,8;32;;jah
1948-12-25;19,4;28;;jah
1948-12-26;19,7;29;;jah
1948-12-27;21;32;;jah
1948-12-28;22,4;35;;jah
1948-12-29;21,6;34;;jah
1948-12-30;22,4;36;;jah
1948-12-31;26,8;44;;jah
1949-01-01;29,9;52;;jah
1949-01-02;33,9;58;;jah
1949-01-03;35,4;61;;jah
1949-01-04;43,1;74;;jah
1949-01-05;48,8;84;;jah
1949-01-06;51,1;90;;jah
1949-01-07;55;112;;jah
1949-01-08;58,8;160;;jah
1949-01-09;62,7;172;;jah
1949-01-10;66,5;165;;jah
1949-01-11;70,4;167;;jah
1949-01-12;74,2;160;;jah
1949-01-13;78,1;153;;jah
1949-01-14;78,4;152;;jah
1949-01-15;77,1;146;;jah
1949-01-16;77,3;144;;jah
1949-01-17;76,8;142;;jah
1949-01-18;74,4;138;;jah
1949-01-19;75;139;;jah
1949-01-20;74,4;138;;jah
1949-01-21;73,2;135;;jah
1949-01-22;72,5;132;;jah
1949-01-23;74,3;133;;jah
1949-01-24;90,9;153;;jah
1949-01-25;93;154;;jah
1949-01-26;91;152;;jah
1949-01-27;92,3;153;;jah
1949-01-28;89,1;149;;jah
1949-01-29;97,2;156;;jah
1949-01-30;105;164;;jah
1949-01-31;109;167;;jah
1949-02-01;102;160;;jah
1949-02-02;95,2;152;;jah
1949-02-03;85;139;;jah
1949-02-04;80,2;133;;jah
1949-02-05;76,8;128;;jah
1949-02-06;52,5;100;;jah
1949-02-07;47,4;92;;jah
1949-02-08;43,5;86;;jah
1949-02-09;38,4;78;;jah
1949-02-10;34,6;72;;jah
1949-02-11;29,3;66;;jah
1949-02-12;25,4;58;;jah
1949-02-13;20,6;48;;jah
1949-02-14;18,3;43;;jah
1949-02-15;16,9;40;;jah
1949-02-16;19;46;;jah
1949-02-17;25,5;60;;jah
1949-02-18;44,1;94;;jah
1949-02-19;52,7;108;;jah
1949-02-20;55,2;112;;jah
1949-02-21;55,8;116;;jah
1949-02-22;62,2;126;;jah
1949-02-23;74,5;150;;jah
1949-02-24;77,9;218;;jah
1949-02-25;81,3;206;;jah
1949-02-26;84,7;163;;jah
1949-02-27;82,5;160;;jah
1949-02-28;78,6;154;;jah
1949-03-01;60,5;125;;jah
1949-03-02;49,9;108;;jah
1949-03-03;53;113;;jah
1949-03-04;56,6;119;;jah
1949-03-05;61;126;;jah
1949-03-06;59,4;122;;jah
1949-03-07;43,3;94;;jah
1949-03-08;33,6;77;;jah
1949-03-09;33,6;76;;jah
1949-03-10;30,7;70;;jah
1949-03-11;26,4;60;;jah
1949-03-12;23,2;52;;jah
1949-03-13;19,7;44;;jah
1949-03-14;18;40;;jah
1949-03-15;17;36;;jah
1949-03-16;17,3;36;;jah
1949-03-17;17,5;36;;jah
1949-03-18;17,7;37;;jah
1949-03-19;19,5;42;;jah
1949-03-20;20,1;44;;jah
1949-03-21;18,8;40;;jah
1949-03-22;18,3;39;;jah
1949-03-23;19,5;42;;jah
1949-03-24;20,1;44;;jah
1949-03-25;28,2;66;;jah
1949-03-26;52,1;107;;jah
1949-03-27;76;138;;jah
1949-03-28;106;168;;jah
1949-03-29;120;188;;jah
1949-03-30;138;218;;jah
1949-03-31;153;244;;jah
1949-04-01;163;244;;jah
1949-04-02;171;236;;jah
1949-04-03;178;229;;jah
1949-04-04;190;218;;jah
1949-04-05;204;206;;jah
1949-04-06;247;236;;jah
1949-04-07;280;260;;jah
1949-04-08;290;267;;jah
1949-04-09;320;288;;jah
1949-04-10;351;307;;jah
1949-04-11;320;288;;jah
1949-04-12;308;280;;jah
1949-04-13;272;254;;jah
1949-04-14;243;233;;jah
1949-04-15;216;212;;jah
1949-04-16;172;178;;jah
1949-04-17;138;150;;jah
1949-04-18;112;127;;jah
1949-04-19;94,1;111;;jah
1949-04-20;88,6;106;;jah
1949-04-21;90,8;108;;jah
1949-04-22;94,1;111;;jah
1949-04-23;84,2;102;;jah
1949-04-24;78;96;;jah
1949-04-25;76;94;;jah
1949-04-26;77;95;;jah
1949-04-27;72;90;;jah
1949-04-28;63;81;;jah
1949-04-29;54;72;;jah
1949-04-30;48,8;66;;jah
1949-05-01;41,2;61;;jah
1949-05-02;37,4;56;;jah
1949-05-03;31,5;51;;jah
1949-05-04;28,8;48;;jah
1949-05-05;28;47;;jah
1949-05-06;25;44;;jah
1949-05-07;25,5;45;;jah
1949-05-08;24,1;43;;jah
1949-05-09;23;40;;jah
1949-05-10;23;40;;jah
1949-05-11;23,3;42;;jah
1949-05-12;20,4;36;;jah
1949-05-13;19,2;34;;jah
1949-05-14;20,4;36;;jah
1949-05-15;18;32;;jah
1949-05-16;18,6;33;;jah
1949-05-17;16;29;;jah
1949-05-18;15,6;28;;jah
1949-05-19;18,6;34;;jah
1949-05-20;25,8;46;;jah
1949-05-21;24;43;;jah
1949-05-22;24;43;;jah
1949-05-23;25,5;45;;jah
1949-05-24;25,8;46;;jah
1949-05-25;24,5;44;;jah
1949-05-26;30,6;50;;jah
1949-05-27;42,3;62;;jah
1949-05-28;38,6;58;;jah
1949-05-29;25;53;;jah
1949-05-30;23,2;41;;jah
1949-05-31;20,3;36;;jah
1949-06-01;18,5;31;;jah
1949-06-02;16,2;26;;jah
1949-06-03;15,2;24;;jah
1949-06-04;13,9;21;;jah
1949-06-05;15,2;24;;jah
1949-06-06;17,1;28;;jah
1949-06-07;12,2;17;;jah
1949-06-08;11,8;16;;jah
1949-06-09;11,8;16;;jah
1949-06-10;12,6;18;;jah
1949-06-11;9,48;10;;jah
1949-06-12;9,48;10;;jah
1949-06-13;11,8;16;;jah
1949-06-14;11,8;16;;jah
1949-06-15;13,4;20;;jah
1949-06-16;18,2;30;;jah
1949-06-17;25,9;44;;jah
1949-06-18;83,7;116;;jah
1949-06-19;126;158;;jah
1949-06-20;128;160;;jah
1949-06-21;132;164;;jah
1949-06-22;129;162;;jah
1949-06-23;118;152;;jah
1949-06-24;109;144;;jah
1949-06-25;93,8;128;;jah
1949-06-26;88;122;;jah
1949-06-27;75,4;108;;jah
1949-06-28;65,6;98;;jah
1949-06-29;57,4;88;;jah
1949-06-30;53,5;84;;jah
1949-07-01;47;76;;jah
1949-07-02;40,8;68;;jah
1949-07-03;36,9;62;;jah
1949-07-04;30,3;52;;jah
1949-07-05;25,3;44;;jah
1949-07-06;21,9;38;;jah
1949-07-07;21,4;37;;jah
1949-07-08;31,7;54;;jah
1949-07-09;36,9;62;;jah
1949-07-10;33,6;57;;jah
1949-07-11;28,4;49;;jah
1949-07-12;26,6;46;;jah
1949-07-13;25,3;44;;jah
1949-07-14;20,9;36;;jah
1949-07-15;17,5;29;;jah
1949-07-16;18;30;;jah
1949-07-17;19;32;;jah
1949-07-18;16,2;26;;jah
1949-07-19;13;19;;jah
1949-07-20;12,6;18;;jah
1949-07-21;11,8;16;;jah
1949-07-22;10,7;13;;jah
1949-07-23;9,48;10;;jah
1949-07-24;10,3;12;;jah
1949-07-25;11,5;15;;jah
1949-07-26;9,48;10;;jah
1949-07-27;8,02;6;;jah
1949-07-28;7,29;4;;jah
1949-07-29;8,75;8;;jah
1949-07-30;9,48;10;;jah
1949-07-31;11,8;16;;jah
1949-08-01;19,9;34;;jah
1949-08-02;19,9;34;;jah
1949-08-03;29;50;;jah
1949-08-04;40,8;68;;jah
1949-08-05;54,1;84;;jah
1949-08-06;78,1;111;;jah
1949-08-07;74,4;106;;jah
1949-08-08;66,4;97;;jah
1949-08-09;58,8;88;;jah
1949-08-10;52,3;81;;jah
1949-08-11;46,7;75;;jah
1949-08-12;39,5;66;;jah
1949-08-13;34,6;49;;jah
1949-08-14;27,6;49;;jah
1949-08-15;23,8;43;;jah
1949-08-16;18;32;;jah
1949-08-17;17,1;30;;jah
1949-08-18;16,2;28;;jah
1949-08-19;15,6;26;;jah
1949-08-20;13,8;22;;jah
1949-08-21;14;22;;jah
1949-08-22;12,3;18;;jah
1949-08-23;11,5;16;;jah
1949-08-24;11,5;16;;jah
1949-08-25;11,5;16;;jah
1949-08-26;10,8;14;;jah
1949-08-27;10,8;14;;jah
1949-08-28;10;12;;jah
1949-08-29;9,64;11;;jah
1949-08-30;9,24;10;;jah
1949-08-31;10;12;;jah
1949-09-01;11,5;10;;jah
1949-09-02;11,5;10;;jah
1949-09-03;11,5;10;;jah
1949-09-04;13;13;;jah
1949-09-05;13;13;;jah
1949-09-06;12,3;11;;jah
1949-09-07;13,3;13;;jah
1949-09-08;12,8;12;;jah
1949-09-09;12,8;12;;jah
1949-09-10;12,3;11;;jah
1949-09-11;11,9;10;;jah
1949-09-12;11,9;10;;jah
1949-09-13;10,2;6;;jah
1949-09-14;10,2;6;;jah
1949-09-15;10,2;6;;jah
1949-09-16;10,4;6;;jah
1949-09-17;9,57;4;;jah
1949-09-18;9,57;4;;jah
1949-09-19;8,7;2;;jah
1949-09-20;9,14;3;;jah
1949-09-21;8,8;2;;jah
1949-09-22;8,8;2;;jah
1949-09-23;8,8;2;;jah
1949-09-24;9,68;4;;jah
1949-09-25;8,8;2;;jah
1949-09-26;8,8;2;;jah
1949-09-27;9,24;3;;jah
1949-09-28;9,68;4;;jah
1949-09-29;8,8;2;;jah
1949-09-30;7,92;0;;jah
1949-10-01;6,19;0;;jah
1949-10-02;6,19;0;;jah
1949-10-03;6,97;2;;jah
1949-10-04;6,97;2;;jah
1949-10-05;8,94;7;;jah
1949-10-06;11,2;12;;jah
1949-10-07;13,7;18;;jah
1949-10-08;15,6;22;;jah
1949-10-09;17,6;26;;jah
1949-10-10;15,6;22;;jah
1949-10-11;14,9;20;;jah
1949-10-12;15,9;22;;jah
1949-10-13;14,9;20;;jah
1949-10-14;13,6;17;;jah
1949-10-15;12,3;14;;jah
1949-10-16;11,7;12;;jah
1949-10-17;11,7;12;;jah
1949-10-18;12,1;13;;jah
1949-10-19;11,7;12;;jah
1949-10-20;11,7;12;;jah
1949-10-21;11;10;;jah
1949-10-22;10,2;8;;jah
1949-10-23;10,2;8;;jah
1949-10-24;11,9;12;;jah
1949-10-25;13,3;15;;jah
1949-10-26;20;28;;jah
1949-10-27;26,2;39;;jah
1949-10-28;28,2;42;;jah
1949-10-29;28,2;42;;jah
1949-10-30;29,6;44;;jah
1949-10-31;24,5;36;;jah
1949-11-01;20,3;28;;jah
1949-11-02;22,5;32;;jah
1949-11-03;23,6;34;;jah
1949-11-04;25,3;37;;jah
1949-11-05;25,9;38;;jah
1949-11-06;28,4;41;;jah
1949-11-07;29,1;42;;jah
1949-11-08;28,4;41;;jah
1949-11-09;21,8;30;;jah
1949-11-10;20,7;28;;jah
1949-11-11;22;30;;jah
1949-11-12;20,9;28;;jah
1949-11-13;20,9;28;;jah
1949-11-14;20,9;28;;jah
1949-11-15;20;26;;jah
1949-11-16;27;38;;jah
1949-11-17;29,7;42;;jah
1949-11-18;29,7;42;;jah
1949-11-19;28,2;40;;jah
1949-11-20;28,2;40;;jah
1949-11-21;27;38;;jah
1949-11-22;22,2;30;;jah
1949-11-23;21,6;29;;jah
1949-11-24;21,1;28;;jah
1949-11-25;20;26;;jah
1949-11-26;18,3;23;;jah
1949-11-27;17,7;22;;jah
1949-11-28;16,9;24;;jah
1949-11-29;13,6;17;;jah
1949-11-30;14;18;;jah
1949-12-01;16,6;20;;jah
1949-12-02;17,7;22;;jah
1949-12-03;24,6;34;;jah
1949-12-04;48,8;66;;jah
1949-12-05;62;80;;jah
1949-12-06;64;82;;jah
1949-12-07;70;88;;jah
1949-12-08;70;88;;jah
1949-12-09;86,4;104;;jah
1949-12-10;102;118;;jah
1949-12-11;157;166;;jah
1949-12-12;234;226;;jah
1949-12-13;266;250;;jah
1949-12-14;266;250;;jah
1949-12-15;260;245;;jah
1949-12-16;239;230;;jah
1949-12-17;210;208;;jah
1949-12-18;195;196;;jah
1949-12-19;175;180;;jah
1949-12-20;150;160;;jah
1949-12-21;138;150;;jah
1949-12-22;133;146;;jah
1949-12-23;132;145;;jah
1949-12-24;128;142;;jah
1949-12-25;117;132;;jah
1949-12-26;110;125;;jah
1949-12-27;88,6;106;;jah
1949-12-28;72;90;;jah
1949-12-29;58,2;78;;jah
1949-12-30;65,5;88;;jah
1949-12-31;71,1;97;;jah
1950-01-01;62;106;;jah
1950-01-02;49,3;107;;jah
1950-01-03;36,8;109;;jah
1950-01-04;33,3;112;;jah
1950-01-05;29,7;122;;jah
1950-01-06;26,2;129;;jah
1950-01-07;26,9;132;;jah
1950-01-08;27,6;135;;jah
1950-01-09;26;128;;jah
1950-01-10;23,9;120;;jah
1950-01-11;21,9;112;;jah
1950-01-12;20,7;104;;jah
1950-01-13;19,2;92;;jah
1950-01-14;17,9;82;;jah
1950-01-15;17,4;78;;jah
1950-01-16;15,6;70;;jah
1950-01-17;15,1;66;;jah
1950-01-18;15,1;64;;jah
1950-01-19;14,5;60;;jah
1950-01-20;14;55;;jah
1950-01-21;14;50;;jah
1950-01-22;13,7;43;;jah
1950-01-23;13,5;39;;jah
1950-01-24;13,2;37;;jah
1950-01-25;13;34;;jah
1950-01-26;12,2;32;;jah
1950-01-27;11,1;27;;jah
1950-01-28;10,2;24;;jah
1950-01-29;11,3;27;;jah
1950-01-30;11,8;28;;jah
1950-01-31;11,5;27;;jah
1950-02-01;11,2;26;;jah
1950-02-02;11;26;;jah
1950-02-03;10,8;26;;jah
1950-02-04;11,2;28;;jah
1950-02-05;10,7;27;;jah
1950-02-06;10,9;30;;jah
1950-02-07;9,93;29;;jah
1950-02-08;9,07;28;;jah
1950-02-09;9,32;30;;jah
1950-02-10;9,36;32;;jah
1950-02-11;9,35;34;;jah
1950-02-12;9,1;34;;jah
1950-02-13;9,55;36;;jah
1950-02-14;9,77;37;;jah
1950-02-15;9,77;37;;jah
1950-02-16;10,3;38;;jah
1950-02-17;10,5;39;;jah
1950-02-18;11;39;;jah
1950-02-19;11,3;40;;jah
1950-02-20;12,5;42;;jah
1950-02-21;14,4;47;;jah
1950-02-22;16,5;52;;jah
1950-02-23;18,7;56;;jah
1950-02-24;19,1;56;;jah
1950-02-25;19,5;56;;jah
1950-02-26;20,4;56;;jah
1950-02-27;19,2;53;;jah
1950-02-28;19,1;52;;jah
1950-03-01;19,1;52;;jah
1950-03-02;17,5;48;;jah
1950-03-03;16,4;46;;jah
1950-03-04;15,6;44;;jah
1950-03-05;15,3;44;;jah
1950-03-06;15,3;44;;jah
1950-03-07;16,5;48;;jah
1950-03-08;18,8;54;;jah
1950-03-09;18,4;54;;jah
1950-03-10;18,4;54;;jah
1950-03-11;17,6;52;;jah
1950-03-12;17,2;52;;jah
1950-03-13;16,8;51;;jah
1950-03-14;16,1;49;;jah
1950-03-15;16,5;50;;jah
1950-03-16;15,8;48;;jah
1950-03-17;15,1;46;;jah
1950-03-18;15;45;;jah
1950-03-19;19,9;58;;jah
1950-03-20;39;101;;jah
1950-03-21;57,4;136;;jah
1950-03-22;87,9;190;;jah
1950-03-23;120;237;;jah
1950-03-24;133;258;;jah
1950-03-25;137;260;;jah
1950-03-26;142;267;;jah
1950-03-27;156;282;;jah
1950-03-28;158;281;;jah
1950-03-29;146;261;;jah
1950-03-30;140;249;;jah
1950-03-31;134;240;;jah
1950-04-01;139;240;;jah
1950-04-02;183;264;;jah
1950-04-03;266;304;;jah
1950-04-04;281;285;;jah
1950-04-05;299;278;;jah
1950-04-06;277;258;;jah
1950-04-07;245;234;;jah
1950-04-08;216;212;;jah
1950-04-09;177;182;;jah
1950-04-10;155;164;;jah
1950-04-11;203;202;;jah
1950-04-12;201;201;;jah
1950-04-13;182;186;;jah
1950-04-14;163;171;;jah
1950-04-15;172;178;;jah
1950-04-16;154;163;;jah
1950-04-17;128;142;;jah
1950-04-18;112;127;;jah
1950-04-19;113;128;;jah
1950-04-20;107;123;;jah
1950-04-21;95,2;112;;jah
1950-04-22;80;98;;jah
1950-04-23;74;92;;jah
1950-04-24;72;90;;jah
1950-04-25;80;98;;jah
1950-04-26;95,2;112;;jah
1950-04-27;98,5;115;;jah
1950-04-28;97,4;114;;jah
1950-04-29;97,4;114;;jah
1950-04-30;110;125;;jah
1950-05-01;122;136;;jah
1950-05-02;126;140;;jah
1950-05-03;124;138;;jah
1950-05-04;113;128;;jah
1950-05-05;97,4;114;;jah
1950-05-06;80;98;;jah
1950-05-07;64;82;;jah
1950-05-08;50,4;68;;jah
1950-05-09;42,4;58;;jah
1950-05-10;35,8;50;;jah
1950-05-11;32,8;46;;jah
1950-05-12;28,2;40;;jah
1950-05-13;24,6;34;;jah
1950-05-14;25,8;36;;jah
1950-05-15;24;33;;jah
1950-05-16;22,2;30;;jah
1950-05-17;18,8;24;;jah
1950-05-18;19,4;25;;jah
1950-05-19;17,2;21;;jah
1950-05-20;16,6;20;;jah
1950-05-21;16,6;20;;jah
1950-05-22;16,6;20;;jah
1950-05-23;15,6;18;;jah
1950-05-24;15,3;18;;jah
1950-05-25;15,8;19;;jah
1950-05-26;14,6;17;;jah
1950-05-27;13,8;15;;jah
1950-05-28;13,2;14;;jah
1950-05-29;14,5;17;;jah
1950-05-30;12,2;12;;jah
1950-05-31;12,1;12;;jah
1950-06-01;13;14;;jah
1950-06-02;13,7;16;;jah
1950-06-03;13,7;16;;jah
1950-06-04;13,6;16;;jah
1950-06-05;13,6;16;;jah
1950-06-06;11,2;11;;jah
1950-06-07;10,3;9;;jah
1950-06-08;10,6;10;;jah
1950-06-09;9,8;8;;jah
1950-06-10;8,81;6;;jah
1950-06-11;9,52;8;;jah
1950-06-12;7,44;3;;jah
1950-06-13;8,52;6;;jah
1950-06-14;7,65;4;;jah
1950-06-15;7,56;4;;jah
1950-06-16;7,56;4;;jah
1950-06-17;7,58;4;;jah
1950-06-18;7,1;3;;jah
1950-06-19;5,55;-2;;jah
1950-06-20;5,55;-2;;jah
1950-06-21;6,27;1;;jah
1950-06-22;5,48;-2;;jah
1950-06-23;5,9;0;;jah
1950-06-24;5,69;-1;;jah
1950-06-25;5,69;-1;;jah
1950-06-26;5,48;-2;;jah
1950-06-27;5,69;-1;;jah
1950-06-28;6,56;2;;jah
1950-06-29;7,11;4;;jah
1950-06-30;8,44;8;;jah
1950-07-01;7,62;6;;jah
1950-07-02;7,52;6;;jah
1950-07-03;8,1;8;;jah
1950-07-04;7,99;8;;jah
1950-07-05;7,88;8;;jah
1950-07-06;6,71;5;;jah
1950-07-07;6,71;5;;jah
1950-07-08;6,93;6;;jah
1950-07-09;6,21;4;;jah
1950-07-10;6,73;6;;jah
1950-07-11;7,34;8;;jah
1950-07-12;7,24;8;;jah
1950-07-13;7,13;8;;jah
1950-07-14;7,39;9;;jah
1950-07-15;7,6;10;;jah
1950-07-16;6,55;7;;jah
1950-07-17;6,55;7;;jah
1950-07-18;5,58;4;;jah
1950-07-19;5,49;4;;jah
1950-07-20;5,94;6;;jah
1950-07-21;6,48;8;;jah
1950-07-22;6,48;8;;jah
1950-07-23;6,48;8;;jah
1950-07-24;6,34;6;;jah
1950-07-25;6,65;7;;jah
1950-07-26;7,02;8;;jah
1950-07-27;6,14;5;;jah
1950-07-28;6,24;5;;jah
1950-07-29;6,64;6;;jah
1950-07-30;7,35;8;;jah
1950-07-31;7,56;8;;jah
1950-08-01;7,95;9;;jah
1950-08-02;7,78;8;;jah
1950-08-03;7,99;8;;jah
1950-08-04;8,1;8;;jah
1950-08-05;7,9;7;;jah
1950-08-06;7,73;6;;jah
1950-08-07;7,11;4;;jah
1950-08-08;7,2;4;;jah
1950-08-09;6,93;3;;jah
1950-08-10;5,41;-2;;jah
1950-08-11;5,2;-3;;jah
1950-08-12;5,41;-2;;jah
1950-08-13;5,84;0;;jah
1950-08-14;4,57;-6;;jah
1950-08-15;4,99;-4;;jah
1950-08-16;4,57;-6;;jah
1950-08-17;4,57;-6;;jah
1950-08-18;4,51;-6;;jah
1950-08-19;4,51;-6;;jah
1950-08-20;4,93;-4;;jah
1950-08-21;4,86;-4;;jah
1950-08-22;4,66;-5;;jah
1950-08-23;4,2;-7;;jah
1950-08-24;4;-8;;jah
1950-08-25;4;-8;;jah
1950-08-26;4,14;-7;;jah
1950-08-27;4,34;-6;;jah
1950-08-28;3,9;-8;;jah
1950-08-29;3,25;-12;;jah
1950-08-30;4,28;-6;;jah
1950-08-31;4,62;-4;;jah
1950-09-01;4,23;-6;;jah
1950-09-02;4,95;-2;;jah
1950-09-03;4,95;-2;;jah
1950-09-04;4,55;-4;;jah
1950-09-05;4,5;-4;;jah
1950-09-06;4,43;-4;;jah
1950-09-07;5;-1;;jah
1950-09-08;6,48;4;;jah
1950-09-09;6,48;4;;jah
1950-09-10;6,8;5;;jah
1950-09-11;7,78;8;;jah
1950-09-12;8,42;10;;jah
1950-09-13;8,42;10;;jah
1950-09-14;8,78;11;;jah
1950-09-15;9,15;12;;jah
1950-09-16;9,5;13;;jah
1950-09-17;9,87;14;;jah
1950-09-18;9,87;14;;jah
1950-09-19;9,87;14;;jah
1950-09-20;9,87;14;;jah
1950-09-21;10,2;15;;jah
1950-09-22;13,5;24;;jah
1950-09-23;28,2;54;;jah
1950-09-24;122;171;;jah
1950-09-25;121;164;;jah
1950-09-26;131;167;;jah
1950-09-27;158;184;;jah
1950-09-28;173;194;;jah
1950-09-29;175;192;;jah
1950-09-30;166;183;;jah
1950-10-01;153;169;;jah
1950-10-02;152;168;;jah
1950-10-03;168;180;;jah
1950-10-04;179;189;;jah
1950-10-05;178;188;;jah
1950-10-06;154;168;;jah
1950-10-07;123;142;;jah
1950-10-08;108;128;;jah
1950-10-09;97;117;;jah
1950-10-10;87,2;108;;jah
1950-10-11;79,8;101;;jah
1950-10-12;84;105;;jah
1950-10-13;134;152;;jah
1950-10-14;200;206;;jah
1950-10-15;191;199;;jah
1950-10-16;177;182;;jah
1950-10-17;151;161;;jah
1950-10-18;131;144;;jah
1950-10-19;130;143;;jah
1950-10-20;116;131;;jah
1950-10-21;117;132;;jah
1950-10-22;114;129;;jah
1950-10-23;108;124;;jah
1950-10-24;97,4;114;;jah
1950-10-25;89,7;107;;jah
1950-10-26;80;98;;jah
1950-10-27;64;82;;jah
1950-10-28;60;78;;jah
1950-10-29;50,4;68;;jah
1950-10-30;45,6;62;;jah
1950-10-31;43,2;59;;jah
1950-11-01;39,9;55;;jah
1950-11-02;37,4;52;;jah
1950-11-03;37,4;52;;jah
1950-11-04;34,3;48;;jah
1950-11-05;31,2;44;;jah
1950-11-06;31,2;44;;jah
1950-11-07;31,2;44;;jah
1950-11-08;32,8;46;;jah
1950-11-09;34,3;48;;jah
1950-11-10;35;49;;jah
1950-11-11;34,3;48;;jah
1950-11-12;54;72;;jah
1950-11-13;130;143;;jah
1950-11-14;214;211;;jah
1950-11-15;234;226;;jah
1950-11-16;258;244;;jah
1950-11-17;258;244;;jah
1950-11-18;280;260;;jah
1950-11-19;284;263;;jah
1950-11-20;258;244;;jah
1950-11-21;239;230;;jah
1950-11-22;204;203;;jah
1950-11-23;177;182;;jah
1950-11-24;157;166;;jah
1950-11-25;134;147;;jah
1950-11-26;124;138;;jah
1950-11-27;122;136;;jah
1950-11-28;118;133;;jah
1950-11-29;117;132;;jah
1950-11-30;113;128;;jah
1950-12-01;102;118;;jah
1950-12-02;113;128;;jah
1950-12-03;162;170;;jah
1950-12-04;170;176;;jah
1950-12-05;165;172;;jah
1950-12-06;155;164;;jah
1950-12-07;142;153;;jah
1950-12-08;119;134;;jah
1950-12-09;99,6;116;;jah
1950-12-10;95,2;112;;jah
1950-12-11;106;122;;jah
1950-12-12;124;138;;jah
1950-12-13;130;143;;jah
1950-12-14;131;144;;jah
1950-12-15;124;138;;jah
1950-12-16;118;133;;jah
1950-12-17;115;130;;jah
1950-12-18;113;128;;jah
1950-12-19;112;127;;jah
1950-12-20;96,3;113;;jah
1950-12-21;88,6;106;;jah
1950-12-22;75;93;;jah
1950-12-23;70;88;;jah
1950-12-24;64,6;84;;jah
1950-12-25;61,7;81;;jah
1950-12-26;59,5;80;;jah
1950-12-27;53,8;82;;jah
1950-12-28;43,8;91;;jah
1950-12-29;37,7;100;;jah
1950-12-30;28,5;104;;jah
1950-12-31;28,2;114;;jah
1951-01-01;28,1;118;;jah
1951-01-02;26,4;128;;jah
1951-01-03;25,2;138;;jah
1951-01-04;26,4;128;;jah
1951-01-05;26;118;;jah
1951-01-06;25,1;108;;jah
1951-01-07;26;102;;jah
1951-01-08;26,4;98;;jah
1951-01-09;27,4;96;;jah
1951-01-10;30,3;102;;jah
1951-01-11;31,7;101;;jah
1951-01-12;32,1;100;;jah
1951-01-13;33,8;102;;jah
1951-01-14;32,2;96;;jah
1951-01-15;30,1;87;;jah
1951-01-16;30,8;87;;jah
1951-01-17;29,5;84;;jah
1951-01-18;28,6;80;;jah
1951-01-19;28,6;80;;jah
1951-01-20;27,8;78;;jah
1951-01-21;27;76;;jah
1951-01-22;26,1;74;;jah
1951-01-23;25,3;72;;jah
1951-01-24;24,3;68;;jah
1951-01-25;23,6;66;;jah
1951-01-26;22,1;62;;jah
1951-01-27;21;59;;jah
1951-01-28;20,7;58;;jah
1951-01-29;20,4;56;;jah
1951-01-30;18;49;;jah
1951-01-31;16,1;43;;jah
1951-02-01;14,5;38;;jah
1951-02-02;14,2;37;;jah
1951-02-03;13,9;36;;jah
1951-02-04;14,5;38;;jah
1951-02-05;13,9;36;;jah
1951-02-06;13,3;34;;jah
1951-02-07;13,3;34;;jah
1951-02-08;13;33;;jah
1951-02-09;13,3;34;;jah
1951-02-10;13,6;35;;jah
1951-02-11;14,2;37;;jah
1951-02-12;15,1;40;;jah
1951-02-13;15,1;40;;jah
1951-02-14;15,1;40;;jah
1951-02-15;15,1;40;;jah
1951-02-16;14,2;37;;jah
1951-02-17;12,7;32;;jah
1951-02-18;12,1;30;;jah
1951-02-19;11,8;29;;jah
1951-02-20;11,5;28;;jah
1951-02-21;11,8;29;;jah
1951-02-22;11,8;30;;jah
1951-02-23;11,8;30;;jah
1951-02-24;11,6;30;;jah
1951-02-25;11,9;31;;jah
1951-02-26;12,1;32;;jah
1951-02-27;12,1;32;;jah
1951-02-28;12,7;34;;jah
1951-03-01;12,4;34;;jah
1951-03-02;12,7;35;;jah
1951-03-03;11,9;32;;jah
1951-03-04;11,9;33;;jah
1951-03-05;12,1;34;;jah
1951-03-06;11,6;32;;jah
1951-03-07;12,7;36;;jah
1951-03-08;12,1;34;;jah
1951-03-09;11,9;33;;jah
1951-03-10;12,1;34;;jah
1951-03-11;11,6;32;;jah
1951-03-12;11,6;32;;jah
1951-03-13;11;30;;jah
1951-03-14;11,6;32;;jah
1951-03-15;11,6;32;;jah
1951-03-16;11,6;32;;jah
1951-03-17;11,6;32;;jah
1951-03-18;11,6;32;;jah
1951-03-19;11,6;32;;jah
1951-03-20;11;30;;jah
1951-03-21;12,7;36;;jah
1951-03-22;11,9;33;;jah
1951-03-23;12,1;34;;jah
1951-03-24;12,7;36;;jah
1951-03-25;13,3;38;;jah
1951-03-26;13,8;40;;jah
1951-03-27;13,3;38;;jah
1951-03-28;14,4;42;;jah
1951-03-29;14,4;42;;jah
1951-03-30;15;44;;jah
1951-03-31;15,4;44;;jah
1951-04-01;15,4;44;;jah
1951-04-02;15,4;44;;jah
1951-04-03;16,3;47;;jah
1951-04-04;19,9;57;;jah
1951-04-05;24,2;68;;jah
1951-04-06;33,4;87;;jah
1951-04-07;57,7;126;;jah
1951-04-08;115;197;;jah
1951-04-09;306;375;;jah
1951-04-10;480;470;;jah
1951-04-11;525;456;;jah
1951-04-12;714;460;;jah
1951-04-13;689;450;;jah
1951-04-14;646;432;;jah
1951-04-15;607;416;;jah
1951-04-16;556;394;;jah
1951-04-17;492;366;;jah
1951-04-18;438;342;;jah
1951-04-19;378;313;;jah
1951-04-20;341;294;;jah
1951-04-21;295;268;;jah
1951-04-22;242;232;;jah
1951-04-23;192;194;;jah
1951-04-24;145;155;;jah
1951-04-25;117;130;;jah
1951-04-26;104;118;;jah
1951-04-27;94;109;;jah
1951-04-28;82,5;98;;jah
1951-04-29;74,5;90;;jah
1951-04-30;82,5;98;;jah
1951-05-01;78,5;94;;jah
1951-05-02;84,5;100;;jah
1951-05-03;97,2;112;;jah
1951-05-04;92,9;108;;jah
1951-05-05;85,6;101;;jah
1951-05-06;78,5;94;;jah
1951-05-07;57;79;;jah
1951-05-08;48,5;68;;jah
1951-05-09;39,4;59;;jah
1951-05-10;31,3;51;;jah
1951-05-11;30,6;50;;jah
1951-05-12;32,3;52;;jah
1951-05-13;32,3;52;;jah
1951-05-14;32,3;52;;jah
1951-05-15;30;48;;jah
1951-05-16;25,5;36;;jah
1951-05-17;19,9;34;;jah
1951-05-18;19,9;34;;jah
1951-05-19;22,6;30;;jah
1951-05-20;21;26;;jah
1951-05-21;21,6;27;;jah
1951-05-22;21;26;;jah
1951-05-23;21,4;20;;jah
1951-05-24;19;21;;jah
1951-05-25;17,2;17;;jah
1951-05-26;17,2;17;;jah
1951-05-27;16,1;16;;jah
1951-05-28;16,1;16;;jah
1951-05-29;14,5;15;;jah
1951-05-30;14,5;15;;jah
1951-05-31;14,1;14;;jah
1951-06-01;15,3;17;;jah
1951-06-02;15,8;18;;jah
1951-06-03;15,1;17;;jah
1951-06-04;15,4;18;;jah
1951-06-05;12,8;13;;jah
1951-06-06;12,6;13;;jah
1951-06-07;13;14;;jah
1951-06-08;12,8;14;;jah
1951-06-09;13,6;16;;jah
1951-06-10;13,6;16;;jah
1951-06-11;13,4;16;;jah
1951-06-12;11,4;12;;jah
1951-06-13;11,8;13;;jah
1951-06-14;11,2;12;;jah
1951-06-15;11,2;12;;jah
1951-06-16;11,5;13;;jah
1951-06-17;10,7;11;;jah
1951-06-18;10,9;12;;jah
1951-06-19;10,9;12;;jah
1951-06-20;10,8;12;;jah
1951-06-21;9,94;10;;jah
1951-06-22;9,8;10;;jah
1951-06-23;9,8;10;;jah
1951-06-24;9,18;9;;jah
1951-06-25;9,52;10;;jah
1951-06-26;9,18;9;;jah
1951-06-27;8,16;6;;jah
1951-06-28;8,84;8;;jah
1951-06-29;9,38;10;;jah
1951-06-30;9,38;10;;jah
1951-07-01;9,64;11;;jah
1951-07-02;10,4;13;;jah
1951-07-03;10,8;14;;jah
1951-07-04;10,7;14;;jah
1951-07-05;11,4;16;;jah
1951-07-06;12;18;;jah
1951-07-07;12;18;;jah
1951-07-08;13,4;22;;jah
1951-07-09;13;21;;jah
1951-07-10;12,4;20;;jah
1951-07-11;12,4;20;;jah
1951-07-12;14;24;;jah
1951-07-13;14;24;;jah
1951-07-14;13;22;;jah
1951-07-15;13;22;;jah
1951-07-16;10,4;15;;jah
1951-07-17;10;14;;jah
1951-07-18;10,7;16;;jah
1951-07-19;9,84;14;;jah
1951-07-20;10,6;16;;jah
1951-07-21;10,6;16;;jah
1951-07-22;10,9;17;;jah
1951-07-23;12;20;;jah
1951-07-24;12;20;;jah
1951-07-25;11,6;19;;jah
1951-07-26;11,3;18;;jah
1951-07-27;10,6;16;;jah
1951-07-28;9,84;14;;jah
1951-07-29;9,12;12;;jah
1951-07-30;9,12;12;;jah
1951-07-31;9,12;12;;jah
1951-08-01;8,4;10;;jah
1951-08-02;8,1;9;;jah
1951-08-03;7,93;8;;jah
1951-08-04;5,8;1;;jah
1951-08-05;6,1;2;;jah
1951-08-06;6,2;2;;jah
1951-08-07;7,44;6;;jah
1951-08-08;6,82;4;;jah
1951-08-09;6,2;2;;jah
1951-08-10;6,93;4;;jah
1951-08-11;6,93;4;;jah
1951-08-12;5,67;0;;jah
1951-08-13;5,36;-1;;jah
1951-08-14;5,58;0;;jah
1951-08-15;5,14;-2;;jah
1951-08-16;5,58;0;;jah
1951-08-17;5,36;-1;;jah
1951-08-18;5,58;0;;jah
1951-08-19;6,1;2;;jah
1951-08-20;5,49;0;;jah
1951-08-21;4,98;-2;;jah
1951-08-22;5,19;-1;;jah
1951-08-23;4,77;-3;;jah
1951-08-24;4,56;-4;;jah
1951-08-25;4,56;-4;;jah
1951-08-26;3,93;-7;;jah
1951-08-27;3,72;-8;;jah
1951-08-28;3,51;-9;;jah
1951-08-29;3,72;-8;;jah
1951-08-30;3,72;-8;;jah
1951-08-31;4,14;-6;;jah
1951-09-01;4,14;-6;;jah
1951-09-02;4,16;-4;;jah
1951-09-03;4,14;-6;;jah
1951-09-04;4,14;-6;;jah
1951-09-05;4,35;-5;;jah
1951-09-06;3,72;-8;;jah
1951-09-07;3,3;-10;;jah
1951-09-08;3,93;-7;;jah
1951-09-09;4,56;-4;;jah
1951-09-10;4,98;-2;;jah
1951-09-11;4,76;-3;;jah
1951-09-12;4,56;-4;;jah
1951-09-13;4,98;-2;;jah
1951-09-14;4,56;-4;;jah
1951-09-15;4,56;-4;;jah
1951-09-16;4,98;-2;;jah
1951-09-17;4,56;-4;;jah
1951-09-18;4,98;-2;;jah
1951-09-19;6;-2;;jah
1951-09-20;7,8;8;;jah
1951-09-21;8,4;10;;jah
1951-09-22;8,76;11;;jah
1951-09-23;7,8;8;;jah
1951-09-24;6;2;;jah
1951-09-25;6;2;;jah
1951-09-26;5,4;0;;jah
1951-09-27;6;2;;jah
1951-09-28;6,6;4;;jah
1951-09-29;6,6;4;;jah
1951-09-30;6,6;4;;jah
1951-10-01;5,19;-1;;jah
1951-10-02;5,4;0;;jah
1951-10-03;5,4;0;;jah
1951-10-04;4,98;-2;;jah
1951-10-05;5,19;-1;;jah
1951-10-06;4,98;-2;;jah
1951-10-07;4,77;-3;;jah
1951-10-08;4,98;-2;;jah
1951-10-09;4,98;-2;;jah
1951-10-10;4,98;-2;;jah
1951-10-11;4,98;-2;;jah
1951-10-12;5,4;0;;jah
1951-10-13;5,4;0;;jah
1951-10-14;4,98;-2;;jah
1951-10-15;4,98;-2;;jah
1951-10-16;4,98;-2;;jah
1951-10-17;4,98;-2;;jah
1951-10-18;4,56;-4;;jah
1951-10-19;4,14;-6;;jah
1951-10-20;2,87;-14;;jah
1951-10-21;3,41;-10;;jah
1951-10-22;3,46;-10;;jah
1951-10-23;4,48;-6;;jah
1951-10-24;4,79;-5;;jah
1951-10-25;5,17;-4;;jah
1951-10-26;5,32;-4;;jah
1951-10-27;4,9;-6;;jah
1951-10-28;4,46;-8;;jah
1951-10-29;5,03;-6;;jah
1951-10-30;4,52;-8;;jah
1951-10-31;4,58;-8;;jah
1951-11-01;4,07;-10;;jah
1951-11-02;5,11;-6;;jah
1951-11-03;5,11;-6;;jah
1951-11-04;5,11;-6;;jah
1951-11-05;5,11;-6;;jah
1951-11-06;5,62;-4;;jah
1951-11-07;6,66;0;;jah
1951-11-08;6,57;0;;jah
1951-11-09;5,98;-2;;jah
1951-11-10;5,98;-2;;jah
1951-11-11;3,52;-12;;jah
1951-11-12;3,42;-12;;jah
1951-11-13;4,03;-8;;jah
1951-11-14;5,01;-3;;jah
1951-11-15;5,15;-2;;jah
1951-11-16;5,06;-2;;jah
1951-11-17;4,98;-2;;jah
1951-11-18;5,4;0;;jah
1951-11-19;4,35;-5;;jah
1951-11-20;4,14;-6;;jah
1951-11-21;5,01;-3;;jah
1951-11-22;6,6;2;;jah
1951-11-23;7,49;4;;jah
1951-11-24;7,6;4;;jah
1951-11-25;9,65;10;;jah
1951-11-26;12,3;16;;jah
1951-11-27;14,8;21;;jah
1951-11-28;17,2;26;;jah
1951-11-29;19,9;32;;jah
1951-11-30;18,5;29;;jah
1951-12-01;18,7;30;;jah
1951-12-02;20,2;34;;jah
1951-12-03;19,7;34;;jah
1951-12-04;20,5;38;;jah
1951-12-05;21,3;42;;jah
1951-12-06;17,3;34;;jah
1951-12-07;16;32;;jah
1951-12-08;17,3;36;;jah
1951-12-09;24,4;55;;jah
1951-12-10;39,9;88;;jah
1951-12-11;43,5;96;;jah
1951-12-12;41,6;94;;jah
1951-12-13;41,6;94;;jah
1951-12-14;45;102;;jah
1951-12-15;45;102;;jah
1951-12-16;48,1;106;;jah
1951-12-17;43,7;98;;jah
1951-12-18;43,7;98;;jah
1951-12-19;36,9;85;;jah
1951-12-20;30,1;71;;jah
1951-12-21;29,7;69;;jah
1951-12-22;29,8;68;;jah
1951-12-23;32,3;71;;jah
1951-12-24;34;72;;jah
1951-12-25;35,7;72;;jah
1951-12-26;36,2;66;;jah
1951-12-27;42,3;65;;jah
1951-12-28;42,2;62;;jah
1951-12-29;45,2;64;;jah
1951-12-30;47;65;;jah
1951-12-31;54,6;74;;jah
1952-01-01;62,1;82;;jah
1952-01-02;65,7;86;;jah
1952-01-03;67,2;87;;jah
1952-01-04;66,4;86;;jah
1952-01-05;62,8;82;;jah
1952-01-06;61;80;;jah
1952-01-07;59,9;78;;jah
1952-01-08;89,3;109;;jah
1952-01-09;93,4;114;;jah
1952-01-10;107;128;;jah
1952-01-11;112;137;;jah
1952-01-12;96,8;124;;jah
1952-01-13;73,6;104;;jah
1952-01-14;66;98;;jah
1952-01-15;74;115;;jah
1952-01-16;70,4;124;;jah
1952-01-17;65,5;130;;jah
1952-01-18;53,2;134;;jah
1952-01-19;42,4;120;;jah
1952-01-20;32,7;111;;jah
1952-01-21;28,4;104;;jah
1952-01-22;28,8;111;;jah
1952-01-23;26,6;110;;jah
1952-01-24;27;115;;jah
1952-01-25;26,5;116;;jah
1952-01-26;24,3;112;;jah
1952-01-27;23;107;;jah
1952-01-28;22,2;104;;jah
1952-01-29;21,7;99;;jah
1952-01-30;21,2;97;;jah
1952-01-31;22;97;;jah
1952-02-01;22,3;95;;jah
1952-02-02;23;92;;jah
1952-02-03;23,2;88;;jah
1952-02-04;20,8;78;;jah
1952-02-05;20,8;76;;jah
1952-02-06;22,1;76;;jah
1952-02-07;21,3;72;;jah
1952-02-08;21,2;70;;jah
1952-02-09;19;60;;jah
1952-02-10;19;60;;jah
1952-02-11;19;60;;jah
1952-02-12;18,5;60;;jah
1952-02-13;18,3;61;;jah
1952-02-14;16,9;56;;jah
1952-02-15;17,5;60;;jah
1952-02-16;17,2;59;;jah
1952-02-17;16,4;56;;jah
1952-02-18;15,2;50;;jah
1952-02-19;13,7;42;;jah
1952-02-20;14,1;42;;jah
1952-02-21;15,6;46;;jah
1952-02-22;14,1;40;;jah
1952-02-23;13,9;38;;jah
1952-02-24;13,3;34;;jah
1952-02-25;14,5;38;;jah
1952-02-26;13,6;35;;jah
1952-02-27;14,5;38;;jah
1952-02-28;14,5;38;;jah
1952-02-29;13,9;36;;jah
1952-03-01;13,3;34;;jah
1952-03-02;13,9;36;;jah
1952-03-03;13,3;34;;jah
1952-03-04;13,3;34;;jah
1952-03-05;12,4;31;;jah
1952-03-06;11,5;28;;jah
1952-03-07;11,8;28;;jah
1952-03-08;12;28;;jah
1952-03-09;10,8;24;;jah
1952-03-10;9,6;20;;jah
1952-03-11;10,2;22;;jah
1952-03-12;10,2;22;;jah
1952-03-13;10,2;22;;jah
1952-03-14;10,6;24;;jah
1952-03-15;10,9;25;;jah
1952-03-16;10,6;24;;jah
1952-03-17;10,6;24;;jah
1952-03-18;9,8;22;;jah
1952-03-19;10,4;24;;jah
1952-03-20;9,8;22;;jah
1952-03-21;10,4;24;;jah
1952-03-22;9,8;22;;jah
1952-03-23;9,27;21;;jah
1952-03-24;7,92;16;;jah
1952-03-25;8,46;18;;jah
1952-03-26;8,27;18;;jah
1952-03-27;8,6;20;;jah
1952-03-28;8,4;20;;jah
1952-03-29;8,4;20;;jah
1952-03-30;7,9;18;;jah
1952-03-31;7,14;15;;jah
1952-04-01;8,4;20;;jah
1952-04-02;8,6;20;;jah
1952-04-03;8,8;20;;jah
1952-04-04;9;20;;jah
1952-04-05;8,1;16;;jah
1952-04-06;8,55;17;;jah
1952-04-07;8,45;16;;jah
1952-04-08;11,2;24;;jah
1952-04-09;16,4;38;;jah
1952-04-10;21,5;50;;jah
1952-04-11;47,3;100;;jah
1952-04-12;110;182;;jah
1952-04-13;243;292;;jah
1952-04-14;278;289;;jah
1952-04-15;313;286;;jah
1952-04-16;305;274;;jah
1952-04-17;252;239;;jah
1952-04-18;208;206;;jah
1952-04-19;170;176;;jah
1952-04-20;137;148;;jah
1952-04-21;115;128;;jah
1952-04-22;105;119;;jah
1952-04-23;98,3;113;;jah
1952-04-24;92,9;108;;jah
1952-04-25;126;138;;jah
1952-04-26;153;162;;jah
1952-04-27;142;162;;jah
1952-04-28;128;154;;jah
1952-04-29;112;138;;jah
1952-04-30;106;120;;jah
1952-05-01;86,6;102;;jah
1952-05-02;74,5;90;;jah
1952-05-03;115;128;;jah
1952-05-04;147;157;;jah
1952-05-05;146;158;;jah
1952-05-06;125;142;;jah
1952-05-07;98,4;120;;jah
1952-05-08;71,6;95;;jah
1952-05-09;55,2;76;;jah
1952-05-10;49,5;69;;jah
1952-05-11;38,8;55;;jah
1952-05-12;33;46;;jah
1952-05-13;29,9;41;;jah
1952-05-14;31,8;44;;jah
1952-05-15;48,1;68;;jah
1952-05-16;61,1;84;;jah
1952-05-17;57,8;80;;jah
1952-05-18;50,5;71;;jah
1952-05-19;50,5;71;;jah
1952-05-20;80,8;106;;jah
1952-05-21;91,5;118;;jah
1952-05-22;79,9;106;;jah
1952-05-23;63,9;88;;jah
1952-05-24;53,9;76;;jah
1952-05-25;46,1;66;;jah
1952-05-26;37,8;54;;jah
1952-05-27;32,6;46;;jah
1952-05-28;29;40;;jah
1952-05-29;27,8;38;;jah
1952-05-30;33,3;47;;jah
1952-05-31;53,3;76;;jah
1952-06-01;59,1;84;;jah
1952-06-02;48,2;71;;jah
1952-06-03;39,8;60;;jah
1952-06-04;33,7;51;;jah
1952-06-05;34,6;53;;jah
1952-06-06;30,1;46;;jah
1952-06-07;22,1;32;;jah
1952-06-08;19;26;;jah
1952-06-09;18,8;26;;jah
1952-06-10;17,6;24;;jah
1952-06-11;16,4;22;;jah
1952-06-12;16,2;22;;jah
1952-06-13;15,7;21;;jah
1952-06-14;15;20;;jah
1952-06-15;14,8;20;;jah
1952-06-16;13,9;18;;jah
1952-06-17;14,6;20;;jah
1952-06-18;24,2;41;;jah
1952-06-19;27,7;48;;jah
1952-06-20;26,7;46;;jah
1952-06-21;25,3;44;;jah
1952-06-22;18,7;30;;jah
1952-06-23;18,9;31;;jah
1952-06-24;18;29;;jah
1952-06-25;22,2;39;;jah
1952-06-26;23,7;42;;jah
1952-06-27;23,2;41;;jah
1952-06-28;20,6;36;;jah
1952-06-29;18,8;32;;jah
1952-06-30;17,9;30;;jah
1952-07-01;15,8;25;;jah
1952-07-02;13,4;20;;jah
1952-07-03;13,2;20;;jah
1952-07-04;11,6;16;;jah
1952-07-05;10;12;;jah
1952-07-06;9,24;10;;jah
1952-07-07;9,1;10;;jah
1952-07-08;8,45;8;;jah
1952-07-09;8,32;8;;jah
1952-07-10;8,32;8;;jah
1952-07-11;7,68;6;;jah
1952-07-12;7,36;5;;jah
1952-07-13;7,04;4;;jah
1952-07-14;6,93;4;;jah
1952-07-15;6,93;4;;jah
1952-07-16;6,51;3;;jah
1952-07-17;6,1;2;;jah
1952-07-18;6,5;4;;jah
1952-07-19;7,2;6;;jah
1952-07-20;6,49;4;;jah
1952-07-21;4,81;-2;;jah
1952-07-22;7,98;10;;jah
1952-07-23;7,28;8;;jah
1952-07-24;7,88;11;;jah
1952-07-25;9,5;16;;jah
1952-07-26;10,8;20;;jah
1952-07-27;12,2;24;;jah
1952-07-28;13,8;28;;jah
1952-07-29;13,4;27;;jah
1952-07-30;13,3;26;;jah
1952-07-31;11,9;22;;jah
1952-08-01;11,4;20;;jah
1952-08-02;10,9;18;;jah
1952-08-03;9,68;14;;jah
1952-08-04;9,84;14;;jah
1952-08-05;9,27;12;;jah
1952-08-06;9,42;12;;jah
1952-08-07;8,19;8;;jah
1952-08-08;8,64;9;;jah
1952-08-09;9,1;10;;jah
1952-08-10;8,58;8;;jah
1952-08-11;8,84;8;;jah
1952-08-12;8,97;8;;jah
1952-08-13;8,75;7;;jah
1952-08-14;8,52;6;;jah
1952-08-15;9,36;8;;jah
1952-08-16;9,36;8;;jah
1952-08-17;8,76;6;;jah
1952-08-18;8,88;6;;jah
1952-08-19;10,4;10;;jah
1952-08-20;11,4;12;;jah
1952-08-21;12,3;14;;jah
1952-08-22;13,4;16;;jah
1952-08-23;13,4;16;;jah
1952-08-24;16,4;22;;jah
1952-08-25;20,3;30;;jah
1952-08-26;23,6;36;;jah
1952-08-27;22,1;33;;jah
1952-08-28;20,8;30;;jah
1952-08-29;22,8;34;;jah
1952-08-30;23,9;36;;jah
1952-08-31;24,2;36;;jah
1952-09-01;26,9;41;;jah
1952-09-02;26,6;40;;jah
1952-09-03;25,9;38;;jah
1952-09-04;25,1;36;;jah
1952-09-05;28,2;41;;jah
1952-09-06;31,5;46;;jah
1952-09-07;48;70;;jah
1952-09-08;52,5;75;;jah
1952-09-09;51,7;74;;jah
1952-09-10;48,5;71;;jah
1952-09-11;45,6;66;;jah
1952-09-12;47,1;68;;jah
1952-09-13;48,5;70;;jah
1952-09-14;48;70;;jah
1952-09-15;45,3;67;;jah
1952-09-16;45,3;67;;jah
1952-09-17;41,7;62;;jah
1952-09-18;38,6;58;;jah
1952-09-19;27;40;;jah
1952-09-20;25,6;38;;jah
1952-09-21;25,3;38;;jah
1952-09-22;25,3;38;;jah
1952-09-23;28,6;44;;jah
1952-09-24;34,7;54;;jah
1952-09-25;40,8;62;;jah
1952-09-26;46,9;70;;jah
1952-09-27;63,3;90;;jah
1952-09-28;74,5;102;;jah
1952-09-29;78,1;106;;jah
1952-09-30;79,9;108;;jah
1952-10-01;82,6;111;;jah
1952-10-02;81,7;110;;jah
1952-10-03;78,9;107;;jah
1952-10-04;87,7;116;;jah
1952-10-05;94,6;124;;jah
1952-10-06;94,6;124;;jah
1952-10-07;97,2;126;;jah
1952-10-08;107;136;;jah
1952-10-09;116;146;;jah
1952-10-10;124;154;;jah
1952-10-11;139;169;;jah
1952-10-12;138;168;;jah
1952-10-13;134;166;;jah
1952-10-14;127;158;;jah
1952-10-15;134;166;;jah
1952-10-16;134;166;;jah
1952-10-17;133;164;;jah
1952-10-18;132;163;;jah
1952-10-19;120;153;;jah
1952-10-20;113;146;;jah
1952-10-21;113;145;;jah
1952-10-22;108;140;;jah
1952-10-23;102;135;;jah
1952-10-24;100;132;;jah
1952-10-25;94,1;125;;jah
1952-10-26;99,1;131;;jah
1952-10-27;99,1;131;;jah
1952-10-28;97,8;128;;jah
1952-10-29;94,6;124;;jah
1952-10-30;125;154;;jah
1952-10-31;181;205;;jah
1952-11-01;194;214;;jah
1952-11-02;189;208;;jah
1952-11-03;183;202;;jah
1952-11-04;168;190;;jah
1952-11-05;157;179;;jah
1952-11-06;131;156;;jah
1952-11-07;119;144;;jah
1952-11-08;110;135;;jah
1952-11-09;104;129;;jah
1952-11-10;109;133;;jah
1952-11-11;117;139;;jah
1952-11-12;118;140;;jah
1952-11-13;118;139;;jah
1952-11-14;112;132;;jah
1952-11-15;103;122;;jah
1952-11-16;90,1;108;;jah
1952-11-17;85,7;102;;jah
1952-11-18;80,5;96;;jah
1952-11-19;74,5;90;;jah
1952-11-20;73,5;89;;jah
1952-11-21;67,8;83;;jah
1952-11-22;64,9;80;;jah
1952-11-23;61,3;76;;jah
1952-11-24;57,6;72;;jah
1952-11-25;58,5;73;;jah
1952-11-26;59,4;74;;jah
1952-11-27;59,4;74;;jah
1952-11-28;57,3;73;;jah
1952-11-29;57;74;;jah
1952-11-30;55,3;72;;jah
1952-12-01;56,6;86;;jah
1952-12-02;57,3;89;;jah
1952-12-03;56,6;88;;jah
1952-12-04;55,1;86;;jah
1952-12-05;52,1;82;;jah
1952-12-06;52,2;84;;jah
1952-12-07;52,3;88;;jah
1952-12-08;52,8;98;;jah
1952-12-09;51,3;92;;jah
1952-12-10;52,6;94;;jah
1952-12-11;52,7;106;;jah
1952-12-12;53,7;114;;jah
1952-12-13;55,1;118;;jah
1952-12-14;55,1;120;;jah
1952-12-15;54,1;118;;jah
1952-12-16;54,1;118;;jah
1952-12-17;54;115;;jah
1952-12-18;54;115;;jah
1952-12-19;54,4;112;;jah
1952-12-20;54,8;111;;jah
1952-12-21;54,2;107;;jah
1952-12-22;54,1;104;;jah
1952-12-23;55;104;;jah
1952-12-24;54,8;101;;jah
1952-12-25;53,4;99;;jah
1952-12-26;53,6;98;;jah
1952-12-27;54,3;99;;jah
1952-12-28;54,9;100;;jah
1952-12-29;54,6;102;;jah
1952-12-30;55,9;104;;jah
1952-12-31;52,6;99;;jah
1953-01-01;53,2;100;;jah
1953-01-02;52,6;99;;jah
1953-01-03;51,2;98;;jah
1953-01-04;49,9;96;;jah
1953-01-05;51,2;98;;jah
1953-01-06;50,9;99;;jah
1953-01-07;47,9;94;;jah
1953-01-08;48,4;96;;jah
1953-01-09;48,9;97;;jah
1953-01-10;47,1;94;;jah
1953-01-11;44,7;90;;jah
1953-01-12;44,7;90;;jah
1953-01-13;43,4;89;;jah
1953-01-14;39,8;84;;jah
1953-01-15;39,2;84;;jah
1953-01-16;38,9;86;;jah
1953-01-17;40,2;90;;jah
1953-01-18;38,5;88;;jah
1953-01-19;40,3;93;;jah
1953-01-20;43,1;100;;jah
1953-01-21;40,2;96;;jah
1953-01-22;39;95;;jah
1953-01-23;38,6;96;;jah
1953-01-24;37,1;97;;jah
1953-01-25;37,1;98;;jah
1953-01-26;37,2;100;;jah
1953-01-27;34,6;100;;jah
1953-01-28;31;95;;jah
1953-01-29;25,4;84;;jah
1953-01-30;23,4;80;;jah
1953-01-31;23,4;80;;jah
1953-02-01;21,4;74;;jah
1953-02-02;20,7;72;;jah
1953-02-03;21,7;75;;jah
1953-02-04;22;74;;jah
1953-02-05;22;74;;jah
1953-02-06;23,3;76;;jah
1953-02-07;22,6;74;;jah
1953-02-08;22,5;72;;jah
1953-02-09;21,1;68;;jah
1953-02-10;20,3;64;;jah
1953-02-11;19;60;;jah
1953-02-12;17,6;54;;jah
1953-02-13;16,6;51;;jah
1953-02-14;16,2;48;;jah
1953-02-15;15,6;46;;jah
1953-02-16;15,3;45;;jah
1953-02-17;15,4;44;;jah
1953-02-18;15,4;44;;jah
1953-02-19;15;43;;jah
1953-02-20;15,1;42;;jah
1953-02-21;14,5;40;;jah
1953-02-22;14,8;40;;jah
1953-02-23;15,8;43;;jah
1953-02-24;15,8;43;;jah
1953-02-25;16,1;44;;jah
1953-02-26;16,4;44;;jah
1953-02-27;17,1;46;;jah
1953-02-28;18,4;50;;jah
1953-03-01;19;52;;jah
1953-03-02;21,2;57;;jah
1953-03-03;21,6;58;;jah
1953-03-04;22,8;60;;jah
1953-03-05;22,8;60;;jah
1953-03-06;22;58;;jah
1953-03-07;22,4;59;;jah
1953-03-08;22,4;56;;jah
1953-03-09;22,4;56;;jah
1953-03-10;22,8;56;;jah
1953-03-11;22,5;58;;jah
1953-03-12;21,8;56;;jah
1953-03-13;20,3;52;;jah
1953-03-14;19,6;50;;jah
1953-03-15;19,2;49;;jah
1953-03-16;18,9;48;;jah
1953-03-17;19,6;50;;jah
1953-03-18;18,9;48;;jah
1953-03-19;19,6;49;;jah
1953-03-20;20;50;;jah
1953-03-21;20;50;;jah
1953-03-22;20,7;51;;jah
1953-03-23;23,1;56;;jah
1953-03-24;28,8;67;;jah
1953-03-25;43,4;93;;jah
1953-03-26;97,4;174;;jah
1953-03-27;163;250;;jah
1953-03-28;214;288;;jah
1953-03-29;234;293;;jah
1953-03-30;354;366;;jah
1953-03-31;410;390;;jah
1953-04-01;341;338;;jah
1953-04-02;377;348;;jah
1953-04-03;378;340;;jah
1953-04-04;388;336;;jah
1953-04-05;400;334;;jah
1953-04-06;413;330;;jah
1953-04-07;382;315;;jah
1953-04-08;352;300;;jah
1953-04-09;308;276;;jah
1953-04-10;261;246;;jah
1953-04-11;216;212;;jah
1953-04-12;168;174;;jah
1953-04-13;130;142;;jah
1953-04-14;106;120;;jah
1953-04-15;89,9;106;;jah
1953-04-16;78,9;96;;jah
1953-04-17;70,4;88;;jah
1953-04-18;63;80;;jah
1953-04-19;58,8;76;;jah
1953-04-20;52,2;69;;jah
1953-04-21;48,3;64;;jah
1953-04-22;46,2;62;;jah
1953-04-23;41,3;56;;jah
1953-04-24;38,5;52;;jah
1953-04-25;35,4;48;;jah
1953-04-26;32,5;44;;jah
1953-04-27;33,4;46;;jah
1953-04-28;36,1;51;;jah
1953-04-29;36,8;52;;jah
1953-04-30;32,6;46;;jah
1953-05-01;32,3;46;;jah
1953-05-02;28,6;40;;jah
1953-05-03;26,1;36;;jah
1953-05-04;25,8;36;;jah
1953-05-05;26,3;37;;jah
1953-05-06;24,9;35;;jah
1953-05-07;21;28;;jah
1953-05-08;16,8;20;;jah
1953-05-09;18,6;20;;jah
1953-05-10;20;22;;jah
1953-05-11;21,2;24;;jah
1953-05-12;18,8;20;;jah
1953-05-13;18,8;20;;jah
1953-05-14;17,5;18;;jah
1953-05-15;16,4;16;;jah
1953-05-16;15,3;14;;jah
1953-05-17;15,8;15;;jah
1953-05-18;16,9;17;;jah
1953-05-19;13;10;;jah
1953-05-20;14,1;12;;jah
1953-05-21;14;12;;jah
1953-05-22;13,4;11;;jah
1953-05-23;12,9;10;;jah
1953-05-24;12,9;10;;jah
1953-05-25;12,4;9;;jah
1953-05-26;10,9;6;;jah
1953-05-27;11,8;8;;jah
1953-05-28;12,7;10;;jah
1953-05-29;13,7;12;;jah
1953-05-30;13,7;12;;jah
1953-05-31;13,5;12;;jah
1953-06-01;12,8;11;;jah
1953-06-02;13,2;12;;jah
1953-06-03;12,6;11;;jah
1953-06-04;12,4;11;;jah
1953-06-05;12,4;11;;jah
1953-06-06;11,8;10;;jah
1953-06-07;11,6;10;;jah
1953-06-08;11,2;9;;jah
1953-06-09;10,2;7;;jah
1953-06-10;10,7;8;;jah
1953-06-11;9,72;6;;jah
1953-06-12;10,1;7;;jah
1953-06-13;9,6;6;;jah
1953-06-14;8,8;4;;jah
1953-06-15;9,48;6;;jah
1953-06-16;9,48;6;;jah
1953-06-17;10,7;9;;jah
1953-06-18;11,1;10;;jah
1953-06-19;11,5;11;;jah
1953-06-20;11,1;10;;jah
1953-06-21;11,1;10;;jah
1953-06-22;12;12;;jah
1953-06-23;12,6;13;;jah
1953-06-24;12,6;13;;jah
1953-06-25;15;18;;jah
1953-06-26;17;22;;jah
1953-06-27;12,3;12;;jah
1953-06-28;12,3;12;;jah
1953-06-29;13,3;14;;jah
1953-06-30;11,3;10;;jah
1953-07-01;12,3;12;;jah
1953-07-02;11,2;10;;jah
1953-07-03;10,3;8;;jah
1953-07-04;9,88;7;;jah
1953-07-05;9,36;6;;jah
1953-07-06;9,62;7;;jah
1953-07-07;9,38;7;;jah
1953-07-08;8,88;6;;jah
1953-07-09;8,76;6;;jah
1953-07-10;9,72;9;;jah
1953-07-11;10,1;10;;jah
1953-07-12;10,8;12;;jah
1953-07-13;10,4;11;;jah
1953-07-14;10,6;12;;jah
1953-07-15;10,6;12;;jah
1953-07-16;9,8;10;;jah
1953-07-17;9,8;10;;jah
1953-07-18;9,1;8;;jah
1953-07-19;9,1;8;;jah
1953-07-20;8,97;8;;jah
1953-07-21;8,28;6;;jah
1953-07-22;8,97;8;;jah
1953-07-23;8,62;7;;jah
1953-07-24;8,28;6;;jah
1953-07-25;9,32;9;;jah
1953-07-26;8,97;8;;jah
1953-07-27;9,66;10;;jah
1953-07-28;9,66;10;;jah
1953-07-29;8,97;8;;jah
1953-07-30;9,66;10;;jah
1953-07-31;9,32;9;;jah
1953-08-01;9,32;9;;jah
1953-08-02;8,97;8;;jah
1953-08-03;9,1;8;;jah
1953-08-04;9,45;9;;jah
1953-08-05;7,7;4;;jah
1953-08-06;10,6;12;;jah
1953-08-07;12,3;16;;jah
1953-08-08;12,3;16;;jah
1953-08-09;15,8;24;;jah
1953-08-10;19,3;32;;jah
1953-08-11;20,2;34;;jah
1953-08-12;20,2;34;;jah
1953-08-13;18,9;31;;jah
1953-08-14;17,5;28;;jah
1953-08-15;15,5;24;;jah
1953-08-16;15,1;23;;jah
1953-08-17;15,5;24;;jah
1953-08-18;20,6;36;;jah
1953-08-19;27,5;50;;jah
1953-08-20;32,7;60;;jah
1953-08-21;35,9;63;;jah
1953-08-22;35,1;60;;jah
1953-08-23;32,6;54;;jah
1953-08-24;28,2;46;;jah
1953-08-25;27,1;44;;jah
1953-08-26;25;40;;jah
1953-08-27;25,3;40;;jah
1953-08-28;26,8;42;;jah
1953-08-29;30,8;48;;jah
1953-08-30;36;54;;jah
1953-08-31;50,1;72;;jah
1953-09-01;90,2;110;;jah
1953-09-02;104;122;;jah
1953-09-03;90,1;108;;jah
1953-09-04;81,1;100;;jah
1953-09-05;85,2;104;;jah
1953-09-06;75,4;94;;jah
1953-09-07;67,2;86;;jah
1953-09-08;60,2;79;;jah
1953-09-09;60,2;79;;jah
1953-09-10;59,3;78;;jah
1953-09-11;61;80;;jah
1953-09-12;59,3;78;;jah
1953-09-13;55;73;;jah
1953-09-14;52,5;70;;jah
1953-09-15;50,1;67;;jah
1953-09-16;46,9;63;;jah
1953-09-17;43,1;58;;jah
1953-09-18;38,9;52;;jah
1953-09-19;34,9;46;;jah
1953-09-20;32,2;42;;jah
1953-09-21;35,5;47;;jah
1953-09-22;38,9;52;;jah
1953-09-23;59,9;78;;jah
1953-09-24;78,4;98;;jah
1953-09-25;107;126;;jah
1953-09-26;140;157;;jah
1953-09-27;164;177;;jah
1953-09-28;166;178;;jah
1953-09-29;155;168;;jah
1953-09-30;138;154;;jah
1953-10-01;129;145;;jah
1953-10-02;125;141;;jah
1953-10-03;113;130;;jah
1953-10-04;115;132;;jah
1953-10-05;126;142;;jah
1953-10-06;122;138;;jah
1953-10-07;117;132;;jah
1953-10-08;110;125;;jah
1953-10-09;96,3;113;;jah
1953-10-10;86,9;104;;jah
1953-10-11;78,1;96;;jah
1953-10-12;74,2;92;;jah
1953-10-13;69,5;87;;jah
1953-10-14;64,8;82;;jah
1953-10-15;58,6;75;;jah
1953-10-16;53,4;69;;jah
1953-10-17;48,4;63;;jah
1953-10-18;46;60;;jah
1953-10-19;44,5;58;;jah
1953-10-20;44,5;58;;jah
1953-10-21;40,2;52;;jah
1953-10-22;38;49;;jah
1953-10-23;41,6;54;;jah
1953-10-24;41,6;54;;jah
1953-10-25;38,7;50;;jah
1953-10-26;36,7;47;;jah
1953-10-27;36,7;47;;jah
1953-10-28;37;47;;jah
1953-10-29;34,3;43;;jah
1953-10-30;30,3;37;;jah
1953-10-31;31,9;40;;jah
1953-11-01;29,1;36;;jah
1953-11-02;26,9;33;;jah
1953-11-03;24;31;;jah
1953-11-04;21;28;;jah
1953-11-05;20,3;27;;jah
1953-11-06;21;28;;jah
1953-11-07;23;28;;jah
1953-11-08;22,8;26;;jah
1953-11-09;30;37;;jah
1953-11-10;70,4;88;;jah
1953-11-11;87,2;105;;jah
1953-11-12;96;115;;jah
1953-11-13;123;140;;jah
1953-11-14;125;142;;jah
1953-11-15;121;138;;jah
1953-11-16;108;125;;jah
1953-11-17;85,2;104;;jah
1953-11-18;81,1;100;;jah
1953-11-19;75,5;95;;jah
1953-11-20;84,3;104;;jah
1953-11-21;88,3;108;;jah
1953-11-22;76,7;98;;jah
1953-11-23;61,5;86;;jah
1953-11-24;53,9;80;;jah
1953-11-25;50,3;76;;jah
1953-11-26;53,1;79;;jah
1953-11-27;44,5;66;;jah
1953-11-28;44,7;64;;jah
1953-11-29;59,7;80;;jah
1953-11-30;94,4;113;;jah
1953-12-01;119;132;;jah
1953-12-02;126;138;;jah
1953-12-03;120;133;;jah
1953-12-04;121;134;;jah
1953-12-05;117;130;;jah
1953-12-06;96,3;113;;jah
1953-12-07;82,3;102;;jah
1953-12-08;69,6;92;;jah
1953-12-09;57,7;84;;jah
1953-12-10;25,7;76;;jah
1953-12-11;20,3;64;;jah
1953-12-12;18;60;;jah
1953-12-13;15,9;54;;jah
1953-12-14;17,1;60;;jah
1953-12-15;22,1;76;;jah
1953-12-16;20,1;70;;jah
1953-12-17;20,5;73;;jah
1953-12-18;19,6;74;;jah
1953-12-19;20,4;81;;jah
1953-12-20;21,9;91;;jah
1953-12-21;23,7;100;;jah
1953-12-22;24,2;102;;jah
1953-12-23;23,4;99;;jah
1953-12-24;21,8;88;;jah
1953-12-25;18,4;72;;jah
1953-12-26;16,6;60;;jah
1953-12-27;14,6;48;;jah
1953-12-28;13,8;39;;jah
1953-12-29;14,8;36;;jah
1953-12-30;14,9;32;;jah
1953-12-31;15,2;29;;jah
1954-01-01;15,1;27;;jah
1954-01-02;15,2;26;;jah
1954-01-03;14,4;24;;jah
1954-01-04;12,8;20;;jah
1954-01-05;13,4;22;;jah
1954-01-06;11,5;17;;jah
1954-01-07;10,3;14;;jah
1954-01-08;10,3;14;;jah
1954-01-09;10,7;15;;jah
1954-01-10;11,1;16;;jah
1954-01-11;10,4;15;;jah
1954-01-12;10;14;;jah
1954-01-13;10;14;;jah
1954-01-14;9,64;13;;jah
1954-01-15;9,27;12;;jah
1954-01-16;10,2;16;;jah
1954-01-17;10,2;16;;jah
1954-01-18;9,86;15;;jah
1954-01-19;9,51;14;;jah
1954-01-20;10,2;16;;jah
1954-01-21;9,86;16;;jah
1954-01-22;9,18;14;;jah
1954-01-23;8,18;11;;jah
1954-01-24;9,18;14;;jah
1954-01-25;8,51;12;;jah
1954-01-26;8,46;18;;jah
1954-01-27;8,27;16;;jah
1954-01-28;8,21;12;;jah
1954-01-29;8,21;12;;jah
1954-01-30;8,53;13;;jah
1954-01-31;8,21;12;;jah
1954-02-01;7,3;12;;jah
1954-02-02;7,3;12;;jah
1954-02-03;6,86;11;;jah
1954-02-04;7,42;13;;jah
1954-02-05;7,14;12;;jah
1954-02-06;6,44;10;;jah
1954-02-07;6,99;12;;jah
1954-02-08;6,99;12;;jah
1954-02-09;6,99;12;;jah
1954-02-10;6,84;12;;jah
1954-02-11;6,84;12;;jah
1954-02-12;6,3;10;;jah
1954-02-13;6,3;10;;jah
1954-02-14;6,3;10;;jah
1954-02-15;5,85;8;;jah
1954-02-16;6,07;9;;jah
1954-02-17;6,07;9;;jah
1954-02-18;6,07;9;;jah
1954-02-19;5,85;8;;jah
1954-02-20;6,08;9;;jah
1954-02-21;5,5;7;;jah
1954-02-22;5,72;8;;jah
1954-02-23;5,28;6;;jah
1954-02-24;5,28;6;;jah
1954-02-25;5,06;5;;jah
1954-02-26;5,28;6;;jah
1954-02-27;4,84;4;;jah
1954-02-28;4,84;4;;jah
1954-03-01;4,94;5;;jah
1954-03-02;5,16;6;;jah
1954-03-03;4,73;4;;jah
1954-03-04;5,16;6;;jah
1954-03-05;5,59;8;;jah
1954-03-06;8,1;16;;jah
1954-03-07;18,6;44;;jah
1954-03-08;42,1;92;;jah
1954-03-09;44,7;94;;jah
1954-03-10;38,7;82;;jah
1954-03-11;31,2;70;;jah
1954-03-12;25,7;58;;jah
1954-03-13;23,2;52;;jah
1954-03-14;20;44;;jah
1954-03-15;18,4;40;;jah
1954-03-16;13,9;30;;jah
1954-03-17;12,6;26;;jah
1954-03-18;10,9;21;;jah
1954-03-19;9,96;18;;jah
1954-03-20;9,33;16;;jah
1954-03-21;8,53;14;;jah
1954-03-22;9,01;15;;jah
1954-03-23;12,5;25;;jah
1954-03-24;29,7;69;;jah
1954-03-25;50;106;;jah
1954-03-26;59,2;118;;jah
1954-03-27;55,2;110;;jah
1954-03-28;53,2;104;;jah
1954-03-29;47,3;93;;jah
1954-03-30;45;88;;jah
1954-03-31;47;89;;jah
1954-04-01;47,6;91;;jah
1954-04-02;67,5;102;;jah
1954-04-03;83,6;108;;jah
1954-04-04;76;110;;jah
1954-04-05;81;121;;jah
1954-04-06;90,7;138;;jah
1954-04-07;95,5;141;;jah
1954-04-08;96,5;139;;jah
1954-04-09;86,3;118;;jah
1954-04-10;70,6;94;;jah
1954-04-11;55,8;70;;jah
1954-04-12;44,3;53;;jah
1954-04-13;41,2;47;;jah
1954-04-14;37,3;41;;jah
1954-04-15;40;44;;jah
1954-04-16;49,3;55;;jah
1954-04-17;57,4;64;;jah
1954-04-18;59,2;66;;jah
1954-04-19;56,4;63;;jah
1954-04-20;55,5;62;;jah
1954-04-21;60,6;68;;jah
1954-04-22;56,9;64;;jah
1954-04-23;50,2;57;;jah
1954-04-24;49,3;56;;jah
1954-04-25;48,8;56;;jah
1954-04-26;49,3;57;;jah
1954-04-27;44,3;52;;jah
1954-04-28;39,3;46;;jah
1954-04-29;36;43;;jah
1954-04-30;32,2;39;;jah
1954-05-01;31,2;42;;jah
1954-05-02;34,9;49;;jah
1954-05-03;35,3;51;;jah
1954-05-04;40,3;60;;jah
1954-05-05;39,8;60;;jah
1954-05-06;43,5;66;;jah
1954-05-07;47,8;72;;jah
1954-05-08;51;77;;jah
1954-05-09;46,7;72;;jah
1954-05-10;42,5;66;;jah
1954-05-11;36,8;58;;jah
1954-05-12;32,5;51;;jah
1954-05-13;30,8;48;;jah
1954-05-14;29,7;46;;jah
1954-05-15;27,4;42;;jah
1954-05-16;26,3;40;;jah
1954-05-17;25,3;38;;jah
1954-05-18;23,1;34;;jah
1954-05-19;22,1;32;;jah
1954-05-20;22,3;34;;jah
1954-05-21;24;38;;jah
1954-05-22;24,3;40;;jah
1954-05-23;22,9;39;;jah
1954-05-24;21,8;38;;jah
1954-05-25;20,3;36;;jah
1954-05-26;19,4;36;;jah
1954-05-27;29,4;61;;jah
1954-05-28;48,7;98;;jah
1954-05-29;43,2;90;;jah
1954-05-30;32,8;72;;jah
1954-05-31;26,5;60;;jah
1954-06-01;21,2;48;;jah
1954-06-02;19,7;45;;jah
1954-06-03;16,4;36;;jah
1954-06-04;15,3;34;;jah
1954-06-05;13,9;30;;jah
1954-06-06;13,2;28;;jah
1954-06-07;12,9;27;;jah
1954-06-08;12,9;26;;jah
1954-06-09;12,6;24;;jah
1954-06-10;12,6;22;;jah
1954-06-11;15,1;24;;jah
1954-06-12;13,4;15;;jah
1954-06-13;12,1;11;;jah
1954-06-14;12,9;12;;jah
1954-06-15;14,3;14;;jah
1954-06-16;16,5;18;;jah
1954-06-17;16,7;18;;jah
1954-06-18;16,7;18;;jah
1954-06-19;14,8;14;;jah
1954-06-20;11,7;8;;jah
1954-06-21;12,6;10;;jah
1954-06-22;11,8;8;;jah
1954-06-23;11,5;7;;jah
1954-06-24;11;6;;jah
1954-06-25;11;6;;jah
1954-06-26;11,6;7;;jah
1954-06-27;11,2;6;;jah
1954-06-28;11,2;6;;jah
1954-06-29;11,3;6;;jah
1954-06-30;11,7;7;;jah
1954-07-01;11,8;7;;jah
1954-07-02;12,2;8;;jah
1954-07-03;10,9;5;;jah
1954-07-04;10,3;4;;jah
1954-07-05;9,76;3;;jah
1954-07-06;11,2;6;;jah
1954-07-07;12,4;9;;jah
1954-07-08;12;8;;jah
1954-07-09;13,8;12;;jah
1954-07-10;13,7;12;;jah
1954-07-11;14,1;13;;jah
1954-07-12;16,5;18;;jah
1954-07-13;16,9;19;;jah
1954-07-14;24;32;;jah
1954-07-15;28;40;;jah
1954-07-16;39,6;59;;jah
1954-07-17;54,7;81;;jah
1954-07-18;65,2;94;;jah
1954-07-19;78,8;111;;jah
1954-07-20;85;119;;jah
1954-07-21;83,4;117;;jah
1954-07-22;76,2;108;;jah
1954-07-23;69,3;100;;jah
1954-07-24;61,1;90;;jah
1954-07-25;56,3;83;;jah
1954-07-26;54,5;80;;jah
1954-07-27;51,3;75;;jah
1954-07-28;47;68;;jah
1954-07-29;44,7;64;;jah
1954-07-30;41,8;60;;jah
1954-07-31;43,2;62;;jah
1954-08-01;37,8;54;;jah
1954-08-02;43,2;62;;jah
1954-08-03;63,8;88;;jah
1954-08-04;85,5;111;;jah
1954-08-05;86,5;112;;jah
1954-08-06;84,6;109;;jah
1954-08-07;76;100;;jah
1954-08-08;71,6;95;;jah
1954-08-09;67,8;90;;jah
1954-08-10;64,3;86;;jah
1954-08-11;76,9;100;;jah
1954-08-12;92;115;;jah
1954-08-13;106;128;;jah
1954-08-14;110;133;;jah
1954-08-15;110;133;;jah
1954-08-16;99,4;122;;jah
1954-08-17;96,4;108;;jah
1954-08-18;80,6;102;;jah
1954-08-19;74;95;;jah
1954-08-20;63,8;84;;jah
1954-08-21;55;73;;jah
1954-08-22;47,7;64;;jah
1954-08-23;43,2;58;;jah
1954-08-24;40,4;54;;jah
1954-08-25;43,2;58;;jah
1954-08-26;46,1;62;;jah
1954-08-27;55,8;74;;jah
1954-08-28;56,8;75;;jah
1954-08-29;50,8;68;;jah
1954-08-30;50,8;68;;jah
1954-08-31;59,3;78;;jah
1954-09-01;79,4;100;;jah
1954-09-02;94;115;;jah
1954-09-03;94;115;;jah
1954-09-04;92,4;113;;jah
1954-09-05;89,3;110;;jah
1954-09-06;78,6;100;;jah
1954-09-07;70,2;91;;jah
1954-09-08;62,1;82;;jah
1954-09-09;51,3;70;;jah
1954-09-10;45,2;62;;jah
1954-09-11;39;54;;jah
1954-09-12;38,4;53;;jah
1954-09-13;38,6;54;;jah
1954-09-14;39,5;56;;jah
1954-09-15;40,9;58;;jah
1954-09-16;47,4;67;;jah
1954-09-17;73,4;98;;jah
1954-09-18;99,7;125;;jah
1954-09-19;105;132;;jah
1954-09-20;99,2;127;;jah
1954-09-21;95,6;124;;jah
1954-09-22;123;152;;jah
1954-09-23;137;168;;jah
1954-09-24;158;184;;jah
1954-09-25;158;183;;jah
1954-09-26;136;163;;jah
1954-09-27;136;162;;jah
1954-09-28;132;157;;jah
1954-09-29;135;159;;jah
1954-09-30;128;152;;jah
1954-10-01;120;142;;jah
1954-10-02;117;138;;jah
1954-10-03;114;134;;jah
1954-10-04;109;128;;jah
1954-10-05;103;121;;jah
1954-10-06;91;108;;jah
1954-10-07;85,6;101;;jah
1954-10-08;72,6;88;;jah
1954-10-09;68,7;84;;jah
1954-10-10;60,4;75;;jah
1954-10-11;55;69;;jah
1954-10-12;52,4;66;;jah
1954-10-13;54,1;68;;jah
1954-10-14;72,6;88;;jah
1954-10-15;76,5;92;;jah
1954-10-16;78,5;94;;jah
1954-10-17;106;120;;jah
1954-10-18;123;137;;jah
1954-10-19;127;144;;jah
1954-10-20;137;154;;jah
1954-10-21;146;163;;jah
1954-10-22;142;162;;jah
1954-10-23;144;164;;jah
1954-10-24;153;174;;jah
1954-10-25;145;167;;jah
1954-10-26;136;158;;jah
1954-10-27;125;148;;jah
1954-10-28;117;141;;jah
1954-10-29;106;130;;jah
1954-10-30;98,3;122;;jah
1954-10-31;106;130;;jah
1954-11-01;134;145;;jah
1954-11-02;141;152;;jah
1954-11-03;168;174;;jah
1954-11-04;181;185;;jah
1954-11-05;177;182;;jah
1954-11-06;165;172;;jah
1954-11-07;145;155;;jah
1954-11-08;137;148;;jah
1954-11-09;134;145;;jah
1954-11-10;146;156;;jah
1954-11-11;146;156;;jah
1954-11-12;149;158;;jah
1954-11-13;157;165;;jah
1954-11-14;175;180;;jah
1954-11-15;176;181;;jah
1954-11-16;173;178;;jah
1954-11-17;158;166;;jah
1954-11-18;139;150;;jah
1954-11-19;125;142;;jah
1954-11-20;103;125;;jah
1954-11-21;79,9;106;;jah
1954-11-22;70,1;97;;jah
1954-11-23;67,6;96;;jah
1954-11-24;66;96;;jah
1954-11-25;60,4;93;;jah
1954-11-26;52,9;90;;jah
1954-11-27;42,2;100;;jah
1954-11-28;30,9;106;;jah
1954-11-29;34,1;124;;jah
1954-11-30;36,9;132;;jah
1954-12-01;46,8;160;;jah
1954-12-02;50,7;158;;jah
1954-12-03;62,1;146;;jah
1954-12-04;88,9;164;;jah
1954-12-05;118;190;;jah
1954-12-06;148;213;;jah
1954-12-07;161;216;;jah
1954-12-08;147;193;;jah
1954-12-09;126;164;;jah
1954-12-10;130;162;;jah
1954-12-11;122;150;;jah
1954-12-12;103;127;;jah
1954-12-13;89,4;112;;jah
1954-12-14;90,4;112;;jah
1954-12-15;89,3;110;;jah
1954-12-16;98,8;118;;jah
1954-12-17;108;126;;jah
1954-12-18;107;124;;jah
1954-12-19;137;151;;jah
1954-12-20;159;168;;jah
1954-12-21;171;177;;jah
1954-12-22;173;178;;jah
1954-12-23;169;175;;jah
1954-12-24;153;162;;jah
1954-12-25;124;149;;jah
1954-12-26;95,8;127;;jah
1954-12-27;90,4;126;;jah
1954-12-28;79,5;120;;jah
1954-12-29;67,4;110;;jah
1954-12-30;51,4;90;;jah
1954-12-31;61,3;108;;jah
1955-01-01;65,9;122;;jah
1955-01-02;64,4;126;;jah
1955-01-03;61;128;;jah
1955-01-04;56,4;128;;jah
1955-01-05;52,9;128;;jah
1955-01-06;48,6;126;;jah
1955-01-07;47,2;131;;jah
1955-01-08;45,1;135;;jah
1955-01-09;42,2;136;;jah
1955-01-10;41,3;141;;jah
1955-01-11;40;149;;jah
1955-01-12;36,7;152;;jah
1955-01-13;36;154;;jah
1955-01-14;33,6;156;;jah
1955-01-15;30,9;157;;jah
1955-01-16;29,4;157;;jah
1955-01-17;29;155;;jah
1955-01-18;28,5;159;;jah
1955-01-19;28,3;158;;jah
1955-01-20;25,5;145;;jah
1955-01-21;23;134;;jah
1955-01-22;24,3;140;;jah
1955-01-23;26,4;144;;jah
1955-01-24;28,1;145;;jah
1955-01-25;29,9;142;;jah
1955-01-26;29,8;132;;jah
1955-01-27;31,9;127;;jah
1955-01-28;33,5;122;;jah
1955-01-29;36,7;122;;jah
1955-01-30;41,4;125;;jah
1955-01-31;49,1;130;;jah
1955-02-01;62,6;150;;jah
1955-02-02;72,5;160;;jah
1955-02-03;82,5;172;;jah
1955-02-04;90,1;176;;jah
1955-02-05;97,4;182;;jah
1955-02-06;117;204;;jah
1955-02-07;132;218;;jah
1955-02-08;139;224;;jah
1955-02-09;136;221;;jah
1955-02-10;134;218;;jah
1955-02-11;123;204;;jah
1955-02-12;115;194;;jah
1955-02-13;108;184;;jah
1955-02-14;98,4;171;;jah
1955-02-15;90;159;;jah
1955-02-16;81;146;;jah
1955-02-17;75;137;;jah
1955-02-18;64,2;121;;jah
1955-02-19;61,8;117;;jah
1955-02-20;58,6;114;;jah
1955-02-21;52;118;;jah
1955-02-22;47,4;140;;jah
1955-02-23;41,8;146;;jah
1955-02-24;38,3;144;;jah
1955-02-25;39,6;144;;jah
1955-02-26;40,3;135;;jah
1955-02-27;38,5;124;;jah
1955-02-28;42,1;122;;jah
1955-03-01;45,4;122;;jah
1955-03-02;34,7;91;;jah
1955-03-03;31,6;78;;jah
1955-03-04;29;70;;jah
1955-03-05;28,1;68;;jah
1955-03-06;27,2;66;;jah
1955-03-07;24,6;60;;jah
1955-03-08;22,6;56;;jah
1955-03-09;21,1;52;;jah
1955-03-10;20,3;50;;jah
1955-03-11;20;49;;jah
1955-03-12;18,9;46;;jah
1955-03-13;19,3;47;;jah
1955-03-14;17,8;43;;jah
1955-03-15;17,1;41;;jah
1955-03-16;17,5;41;;jah
1955-03-17;17,1;40;;jah
1955-03-18;17,1;40;;jah
1955-03-19;17,8;41;;jah
1955-03-20;17,1;38;;jah
1955-03-21;17,1;38;;jah
1955-03-22;17,7;39;;jah
1955-03-23;17,7;38;;jah
1955-03-24;17,3;36;;jah
1955-03-25;17,6;36;;jah
1955-03-26;16,8;34;;jah
1955-03-27;17,1;34;;jah
1955-03-28;17,3;34;;jah
1955-03-29;17,3;33;;jah
1955-03-30;18,5;36;;jah
1955-03-31;18,5;36;;jah
1955-04-01;17,1;32;;jah
1955-04-02;17,1;32;;jah
1955-04-03;17,5;33;;jah
1955-04-04;17,1;32;;jah
1955-04-05;17,1;32;;jah
1955-04-06;17,4;32;;jah
1955-04-07;17,4;32;;jah
1955-04-08;17,4;32;;jah
1955-04-09;17;31;;jah
1955-04-10;16,6;30;;jah
1955-04-11;16,6;30;;jah
1955-04-12;16,6;30;;jah
1955-04-13;17;31;;jah
1955-04-14;17,4;32;;jah
1955-04-15;18,2;34;;jah
1955-04-16;20,7;40;;jah
1955-04-17;28,9;58;;jah
1955-04-18;42,1;82;;jah
1955-04-19;52;98;;jah
1955-04-20;76,2;132;;jah
1955-04-21;96,6;160;;jah
1955-04-22;125;194;;jah
1955-04-23;141;211;;jah
1955-04-24;146;214;;jah
1955-04-25;157;224;;jah
1955-04-26;177;240;;jah
1955-04-27;221;263;;jah
1955-04-28;259;274;;jah
1955-04-29;334;294;;jah
1955-04-30;386;317;;jah
1955-05-01;409;328;;jah
1955-05-02;413;330;;jah
1955-05-03;388;318;;jah
1955-05-04;358;303;;jah
1955-05-05;319;282;;jah
1955-05-06;292;266;;jah
1955-05-07;260;245;;jah
1955-05-08;234;226;;jah
1955-05-09;205;204;;jah
1955-05-10;183;188;;jah
1955-05-11;179;185;;jah
1955-05-12;163;172;;jah
1955-05-13;148;158;;jah
1955-05-14;129;144;;jah
1955-05-15;117;132;;jah
1955-05-16;112;128;;jah
1955-05-17;125;141;;jah
1955-05-18;137;152;;jah
1955-05-19;147;162;;jah
1955-05-20;155;168;;jah
1955-05-21;194;203;;jah
1955-05-22;201;209;;jah
1955-05-23;196;206;;jah
1955-05-24;182;195;;jah
1955-05-25;157;175;;jah
1955-05-26;123;145;;jah
1955-05-27;109;132;;jah
1955-05-28;86,4;110;;jah
1955-05-29;76;100;;jah
1955-05-30;63,6;86;;jah
1955-05-31;52,9;74;;jah
1955-06-01;46,9;67;;jah
1955-06-02;39,9;58;;jah
1955-06-03;36,9;54;;jah
1955-06-04;32,7;48;;jah
1955-06-05;29,4;43;;jah
1955-06-06;27,3;40;;jah
1955-06-07;25,9;38;;jah
1955-06-08;24,5;36;;jah
1955-06-09;23,7;35;;jah
1955-06-10;25;38;;jah
1955-06-11;21,5;32;;jah
1955-06-12;20;29;;jah
1955-06-13;20,3;30;;jah
1955-06-14;21;32;;jah
1955-06-15;20,7;32;;jah
1955-06-16;20,4;32;;jah
1955-06-17;20,1;32;;jah
1955-06-18;20,4;33;;jah
1955-06-19;19,8;33;;jah
1955-06-20;19,4;34;;jah
1955-06-21;17,6;34;;jah
1955-06-22;16,5;31;;jah
1955-06-23;14,9;27;;jah
1955-06-24;19,5;26;;jah
1955-06-25;18,1;22;;jah
1955-06-26;17,2;20;;jah
1955-06-27;14,1;14;;jah
1955-06-28;12;10;;jah
1955-06-29;13,1;12;;jah
1955-06-30;12,9;12;;jah
1955-07-01;11,8;10;;jah
1955-07-02;12,8;12;;jah
1955-07-03;12,8;12;;jah
1955-07-04;16,3;19;;jah
1955-07-05;19,8;26;;jah
1955-07-06;27,3;40;;jah
1955-07-07;25,6;37;;jah
1955-07-08;25,9;38;;jah
1955-07-09;22,6;32;;jah
1955-07-10;22,6;32;;jah
1955-07-11;19,8;27;;jah
1955-07-12;16,7;21;;jah
1955-07-13;14,3;15;;jah
1955-07-14;12,2;12;;jah
1955-07-15;11,2;10;;jah
1955-07-16;10,3;8;;jah
1955-07-17;10,3;8;;jah
1955-07-18;10,3;8;;jah
1955-07-19;9,75;7;;jah
1955-07-20;9,75;7;;jah
1955-07-21;9,24;6;;jah
1955-07-22;8,86;5;;jah
1955-07-23;9,24;6;;jah
1955-07-24;8,36;4;;jah
1955-07-25;8,36;4;;jah
1955-07-26;8,36;4;;jah
1955-07-27;8,25;4;;jah
1955-07-28;8,25;4;;jah
1955-07-29;8,14;4;;jah
1955-07-30;7,4;2;;jah
1955-07-31;8,14;4;;jah
1955-08-01;7,66;3;;jah
1955-08-02;7,66;3;;jah
1955-08-03;7,3;2;;jah
1955-08-04;8,03;4;;jah
1955-08-05;6,48;0;;jah
1955-08-06;6,48;0;;jah
1955-08-07;6,48;0;;jah
1955-08-08;6,48;0;;jah
1955-08-09;7,56;3;;jah
1955-08-10;6,84;1;;jah
1955-08-11;7,2;2;;jah
1955-08-12;7,2;2;;jah
1955-08-13;5,4;-4;;jah
1955-08-14;6,39;0;;jah
1955-08-15;5,89;-2;;jah
1955-08-16;7,1;2;;jah
1955-08-17;5,89;-2;;jah
1955-08-18;5,89;-2;;jah
1955-08-19;5,81;-2;;jah
1955-08-20;6,56;1;;jah
1955-08-21;6,21;0;;jah
1955-08-22;6,21;0;;jah
1955-08-23;7,59;4;;jah
1955-08-24;6,8;2;;jah
1955-08-25;7,14;3;;jah
1955-08-26;8,16;6;;jah
1955-08-27;7,14;3;;jah
1955-08-28;6,7;2;;jah
1955-08-29;7,04;3;;jah
1955-08-30;5,56;-2;;jah
1955-08-31;7,37;4;;jah
1955-09-01;7,04;3;;jah
1955-09-02;6,7;2;;jah
1955-09-03;6,36;1;;jah
1955-09-04;6,03;0;;jah
1955-09-05;6,36;1;;jah
1955-09-06;6,7;2;;jah
1955-09-07;6,7;2;;jah
1955-09-08;6,7;2;;jah
1955-09-09;6,12;0;;jah
1955-09-10;6,8;2;;jah
1955-09-11;6,12;0;;jah
1955-09-12;6,8;2;;jah
1955-09-13;6,21;0;;jah
1955-09-14;6,21;0;;jah
1955-09-15;6,21;0;;jah
1955-09-16;7;2;;jah
1955-09-17;6,74;1;;jah
1955-09-18;7,1;2;;jah
1955-09-19;7,2;2;;jah
1955-09-20;6,84;1;;jah
1955-09-21;6,57;0;;jah
1955-09-22;6,94;1;;jah
1955-09-23;8,03;4;;jah
1955-09-24;8,51;5;;jah
1955-09-25;8,14;4;;jah
1955-09-26;9;6;;jah
1955-09-27;9;6;;jah
1955-09-28;8,36;4;;jah
1955-09-29;9,12;6;;jah
1955-09-30;8,36;4;;jah
1955-10-01;9,24;6;;jah
1955-10-02;8,97;5;;jah
1955-10-03;9,36;6;;jah
1955-10-04;9,36;6;;jah
1955-10-05;9,48;6;;jah
1955-10-06;9,48;6;;jah
1955-10-07;10,4;8;;jah
1955-10-08;10,8;9;;jah
1955-10-09;12,3;12;;jah
1955-10-10;12,8;13;;jah
1955-10-11;12,3;12;;jah
1955-10-12;12,5;12;;jah
1955-10-13;12,5;12;;jah
1955-10-14;11,6;10;;jah
1955-10-15;11,6;10;;jah
1955-10-16;13,6;14;;jah
1955-10-17;20,3;27;;jah
1955-10-18;22,4;32;;jah
1955-10-19;26;40;;jah
1955-10-20;28,9;46;;jah
1955-10-21;28,9;46;;jah
1955-10-22;27,8;44;;jah
1955-10-23;27,1;42;;jah
1955-10-24;25,3;38;;jah
1955-10-25;24;35;;jah
1955-10-26;21,3;30;;jah
1955-10-27;23,2;33;;jah
1955-10-28;22,1;31;;jah
1955-10-29;27,3;40;;jah
1955-10-30;31,4;47;;jah
1955-10-31;40;61;;jah
1955-11-01;42,2;64;;jah
1955-11-02;41,9;63;;jah
1955-11-03;42,7;64;;jah
1955-11-04;41,2;62;;jah
1955-11-05;39,8;60;;jah
1955-11-06;39,1;59;;jah
1955-11-07;38,6;58;;jah
1955-11-08;36;54;;jah
1955-11-09;33,5;50;;jah
1955-11-10;31,2;46;;jah
1955-11-11;33,5;50;;jah
1955-11-12;34,8;52;;jah
1955-11-13;34,1;51;;jah
1955-11-14;33,1;50;;jah
1955-11-15;34,4;52;;jah
1955-11-16;33,7;51;;jah
1955-11-17;29,6;44;;jah
1955-11-18;28,1;42;;jah
1955-11-19;28,1;42;;jah
1955-11-20;30,1;46;;jah
1955-11-21;36,7;58;;jah
1955-11-22;37,4;60;;jah
1955-11-23;37,4;60;;jah
1955-11-24;35,3;57;;jah
1955-11-25;29,1;47;;jah
1955-11-26;32,2;54;;jah
1955-11-27;36,3;62;;jah
1955-11-28;33;58;;jah
1955-11-29;34,9;62;;jah
1955-11-30;39,1;70;;jah
1955-12-01;40,4;74;;jah
1955-12-02;55,8;100;;jah
1955-12-03;78,6;134;;jah
1955-12-04;92,6;157;;jah
1955-12-05;87,8;154;;jah
1955-12-06;82,2;148;;jah
1955-12-07;81,8;152;;jah
1955-12-08;80,4;152;;jah
1955-12-09;72,6;144;;jah
1955-12-10;68,9;142;;jah
1955-12-11;64,3;138;;jah
1955-12-12;59,4;144;;jah
1955-12-13;43,8;148;;jah
1955-12-14;36,1;150;;jah
1955-12-15;29;144;;jah
1955-12-16;28,6;147;;jah
1955-12-17;27,4;154;;jah
1955-12-18;25;150;;jah
1955-12-19;25,4;152;;jah
1955-12-20;23,8;144;;jah
1955-12-21;23;140;;jah
1955-12-22;21,4;132;;jah
1955-12-23;20,3;126;;jah
1955-12-24;19,6;123;;jah
1955-12-25;19,1;120;;jah
1955-12-26;19,8;118;;jah
1955-12-27;17,3;106;;jah
1955-12-28;17,7;104;;jah
1955-12-29;20,8;102;;jah
1955-12-30;42,1;130;;jah
1955-12-31;74,5;169;;jah
1956-01-01;88;181;;jah
1956-01-02;81,3;178;;jah
1956-01-03;67,3;162;;jah
1956-01-04;64,7;157;;jah
1956-01-05;64,8;154;;jah
1956-01-06;62,6;150;;jah
1956-01-07;59,4;144;;jah
1956-01-08;57,2;139;;jah
1956-01-09;51,3;127;;jah
1956-01-10;47,4;117;;jah
1956-01-11;42,7;108;;jah
1956-01-12;38,9;100;;jah
1956-01-13;35,2;92;;jah
1956-01-14;33,4;88;;jah
1956-01-15;32,5;86;;jah
1956-01-16;32,5;86;;jah
1956-01-17;31,8;86;;jah
1956-01-18;30,5;83;;jah
1956-01-19;30,9;84;;jah
1956-01-20;30,1;82;;jah
1956-01-21;30,2;84;;jah
1956-01-22;31,9;88;;jah
1956-01-23;32,8;90;;jah
1956-01-24;32,9;92;;jah
1956-01-25;32,5;91;;jah
1956-01-26;31,2;88;;jah
1956-01-27;30,4;86;;jah
1956-01-28;28,1;82;;jah
1956-01-29;26,5;78;;jah
1956-01-30;24,2;72;;jah
1956-01-31;22,7;68;;jah
1956-02-01;21,5;66;;jah
1956-02-02;20,1;62;;jah
1956-02-03;18,8;58;;jah
1956-02-04;18,2;56;;jah
1956-02-05;17,2;54;;jah
1956-02-06;16,2;51;;jah
1956-02-07;14,8;46;;jah
1956-02-08;14,8;46;;jah
1956-02-09;14,5;46;;jah
1956-02-10;13,9;44;;jah
1956-02-11;13,7;42;;jah
1956-02-12;13,2;40;;jah
1956-02-13;13,5;40;;jah
1956-02-14;13;38;;jah
1956-02-15;12,7;36;;jah
1956-02-16;12,4;35;;jah
1956-02-17;12,1;34;;jah
1956-02-18;11,6;32;;jah
1956-02-19;11,6;32;;jah
1956-02-20;10,8;30;;jah
1956-02-21;10,5;30;;jah
1956-02-22;10,5;30;;jah
1956-02-23;10,3;30;;jah
1956-02-24;11;34;;jah
1956-02-25;11,5;36;;jah
1956-02-26;11,2;36;;jah
1956-02-27;11,5;36;;jah
1956-02-28;11,5;36;;jah
1956-02-29;11,5;36;;jah
1956-03-01;12;38;;jah
1956-03-02;12,5;40;;jah
1956-03-03;13;42;;jah
1956-03-04;13;42;;jah
1956-03-05;12,2;40;;jah
1956-03-06;12,4;41;;jah
1956-03-07;12,1;41;;jah
1956-03-08;12,3;42;;jah
1956-03-09;12,6;43;;jah
1956-03-10;12,6;43;;jah
1956-03-11;13;43;;jah
1956-03-12;12,7;42;;jah
1956-03-13;12,7;42;;jah
1956-03-14;13,3;43;;jah
1956-03-15;13,6;44;;jah
1956-03-16;13,4;42;;jah
1956-03-17;13,2;40;;jah
1956-03-18;13,2;40;;jah
1956-03-19;13,2;40;;jah
1956-03-20;12,9;39;;jah
1956-03-21;13,7;42;;jah
1956-03-22;13,6;43;;jah
1956-03-23;14,6;48;;jah
1956-03-24;12,6;39;;jah
1956-03-25;12,6;38;;jah
1956-03-26;12,6;38;;jah
1956-03-27;12,6;38;;jah
1956-03-28;12,9;39;;jah
1956-03-29;12,6;39;;jah
1956-03-30;12,8;40;;jah
1956-03-31;13,1;41;;jah
1956-04-01;13,1;41;;jah
1956-04-02;13,4;42;;jah
1956-04-03;13,6;43;;jah
1956-04-04;14,5;46;;jah
1956-04-05;14,5;46;;jah
1956-04-06;14,5;46;;jah
1956-04-07;14,5;46;;jah
1956-04-08;14,5;46;;jah
1956-04-09;13,9;44;;jah
1956-04-10;14,5;46;;jah
1956-04-11;14,7;47;;jah
1956-04-12;15,3;49;;jah
1956-04-13;15,3;49;;jah
1956-04-14;16;50;;jah
1956-04-15;18,2;56;;jah
1956-04-16;19,9;60;;jah
1956-04-17;20,7;61;;jah
1956-04-18;23,1;66;;jah
1956-04-19;28,2;76;;jah
1956-04-20;35,3;89;;jah
1956-04-21;45,4;106;;jah
1956-04-22;66,5;138;;jah
1956-04-23;105;194;;jah
1956-04-24;192;291;;jah
1956-04-25;242;386;;jah
1956-04-26;293;358;;jah
1956-04-27;319;372;;jah
1956-04-28;446;412;;jah
1956-04-29;488;419;;jah
1956-04-30;570;427;;jah
1956-05-01;622;425;;jah
1956-05-02;600;417;;jah
1956-05-03;554;402;;jah
1956-05-04;499;379;;jah
1956-05-05;444;356;;jah
1956-05-06;391;331;;jah
1956-05-07;346;307;;jah
1956-05-08;308;286;;jah
1956-05-09;276;267;;jah
1956-05-10;245;245;;jah
1956-05-11;209;219;;jah
1956-05-12;170;187;;jah
1956-05-13;123;144;;jah
1956-05-14;88,4;110;;jah
1956-05-15;71,9;92;;jah
1956-05-16;62,8;82;;jah
1956-05-17;59,1;77;;jah
1956-05-18;53,6;70;;jah
1956-05-19;45,2;59;;jah
1956-05-20;42;54;;jah
1956-05-21;44,3;57;;jah
1956-05-22;51,4;66;;jah
1956-05-23;54,7;70;;jah
1956-05-24;49,3;64;;jah
1956-05-25;44,1;58;;jah
1956-05-26;37,9;50;;jah
1956-05-27;33,6;44;;jah
1956-05-28;33,2;44;;jah
1956-05-29;32,8;44;;jah
1956-05-30;33,4;46;;jah
1956-05-31;27,8;38;;jah
1956-06-01;24,9;34;;jah
1956-06-02;21;28;;jah
1956-06-03;20,5;28;;jah
1956-06-04;19,8;28;;jah
1956-06-05;19;28;;jah
1956-06-06;14,8;20;;jah
1956-06-07;14,4;20;;jah
1956-06-08;14;21;;jah
1956-06-09;16,1;27;;jah
1956-06-10;17,7;32;;jah
1956-06-11;17,1;34;;jah
1956-06-12;15,3;33;;jah
1956-06-13;16,4;38;;jah
1956-06-14;19,6;49;;jah
1956-06-15;19,2;50;;jah
1956-06-16;21,1;58;;jah
1956-06-17;20,6;54;;jah
1956-06-18;19,3;47;;jah
1956-06-19;18,1;41;;jah
1956-06-20;18,6;46;;jah
1956-06-21;19,7;54;;jah
1956-06-22;18,5;48;;jah
1956-06-23;18,2;46;;jah
1956-06-24;18,8;49;;jah
1956-06-25;20,2;54;;jah
1956-06-26;20,2;41;;jah
1956-06-27;16,1;27;;jah
1956-06-28;16,7;29;;jah
1956-06-29;16;28;;jah
1956-06-30;16;28;;jah
1956-07-01;27,7;48;;jah
1956-07-02;48;80;;jah
1956-07-03;53;86;;jah
1956-07-04;58,1;92;;jah
1956-07-05;56,6;90;;jah
1956-07-06;53;85;;jah
1956-07-07;51,4;82;;jah
1956-07-08;51,4;82;;jah
1956-07-09;50;80;;jah
1956-07-10;51,4;82;;jah
1956-07-11;49,2;78;;jah
1956-07-12;47,1;75;;jah
1956-07-13;44,2;71;;jah
1956-07-14;42,9;69;;jah
1956-07-15;44,2;71;;jah
1956-07-16;46,3;74;;jah
1956-07-17;46,3;74;;jah
1956-07-18;42,2;68;;jah
1956-07-19;39,6;64;;jah
1956-07-20;35,3;57;;jah
1956-07-21;32,3;52;;jah
1956-07-22;27,8;44;;jah
1956-07-23;26,4;42;;jah
1956-07-24;25,3;40;;jah
1956-07-25;23,3;36;;jah
1956-07-26;22,3;34;;jah
1956-07-27;22;34;;jah
1956-07-28;24;38;;jah
1956-07-29;27,7;45;;jah
1956-07-30;30,9;51;;jah
1956-07-31;33,7;56;;jah
1956-08-01;29,3;48;;jah
1956-08-02;32,1;53;;jah
1956-08-03;36;60;;jah
1956-08-04;37,3;62;;jah
1956-08-05;38,6;64;;jah
1956-08-06;37,3;62;;jah
1956-08-07;33,7;56;;jah
1956-08-08;31,5;52;;jah
1956-08-09;32,6;54;;jah
1956-08-10;33,6;55;;jah
1956-08-11;34,2;56;;jah
1956-08-12;33;54;;jah
1956-08-13;29,3;48;;jah
1956-08-14;26,4;44;;jah
1956-08-15;24,7;42;;jah
1956-08-16;32,3;55;;jah
1956-08-17;48,6;79;;jah
1956-08-18;58,1;90;;jah
1956-08-19;57,4;88;;jah
1956-08-20;58,9;90;;jah
1956-08-21;68,4;102;;jah
1956-08-22;72,6;106;;jah
1956-08-23;72,6;106;;jah
1956-08-24;71;104;;jah
1956-08-25;73,5;106;;jah
1956-08-26;90,2;124;;jah
1956-08-27;118;152;;jah
1956-08-28;123;156;;jah
1956-08-29;115;150;;jah
1956-08-30;106;141;;jah
1956-08-31;134;166;;jah
1956-09-01;132;162;;jah
1956-09-02;121;150;;jah
1956-09-03;111;138;;jah
1956-09-04;97,9;124;;jah
1956-09-05;83,6;108;;jah
1956-09-06;71,6;95;;jah
1956-09-07;61,7;83;;jah
1956-09-08;53,8;73;;jah
1956-09-09;49;67;;jah
1956-09-10;44,3;61;;jah
1956-09-11;40,8;56;;jah
1956-09-12;36,1;49;;jah
1956-09-13;33,5;45;;jah
1956-09-14;32,8;44;;jah
1956-09-15;31,6;42;;jah
1956-09-16;31,8;43;;jah
1956-09-17;33,1;45;;jah
1956-09-18;32,5;44;;jah
1956-09-19;29,6;40;;jah
1956-09-20;28,4;38;;jah
1956-09-21;27;36;;jah
1956-09-22;25,4;34;;jah
1956-09-23;24,3;32;;jah
1956-09-24;22;28;;jah
1956-09-25;20,9;26;;jah
1956-09-26;20,2;25;;jah
1956-09-27;19,6;24;;jah
1956-09-28;19,6;24;;jah
1956-09-29;20,7;26;;jah
1956-09-30;21,5;28;;jah
1956-10-01;22,6;30;;jah
1956-10-02;23,2;31;;jah
1956-10-03;22,6;30;;jah
1956-10-04;22,6;30;;jah
1956-10-05;24,3;33;;jah
1956-10-06;24,3;33;;jah
1956-10-07;29,5;42;;jah
1956-10-08;79,9;108;;jah
1956-10-09;102;132;;jah
1956-10-10;110;140;;jah
1956-10-11;109;137;;jah
1956-10-12;102;130;;jah
1956-10-13;101;129;;jah
1956-10-14;106;134;;jah
1956-10-15;102;129;;jah
1956-10-16;94,3;120;;jah
1956-10-17;85,5;110;;jah
1956-10-18;77,9;102;;jah
1956-10-19;71,4;94;;jah
1956-10-20;64,1;85;;jah
1956-10-21;61,3;81;;jah
1956-10-22;57;76;;jah
1956-10-23;54,1;72;;jah
1956-10-24;53;70;;jah
1956-10-25;57;74;;jah
1956-10-26;66,6;84;;jah
1956-10-27;71,1;88;;jah
1956-10-28;67,8;83;;jah
1956-10-29;59,4;74;;jah
1956-10-30;45,9;58;;jah
1956-10-31;35,7;44;;jah
1956-11-01;44,4;56;;jah
1956-11-02;39,9;50;;jah
1956-11-03;37,8;47;;jah
1956-11-04;37,1;46;;jah
1956-11-05;44,4;56;;jah
1956-11-06;82,3;102;;jah
1956-11-07;85,5;110;;jah
1956-11-08;66,5;110;;jah
1956-11-09;62,4;118;;jah
1956-11-10;56,5;126;;jah
1956-11-11;47,3;124;;jah
1956-11-12;49,3;125;;jah
1956-11-13;49,2;121;;jah
1956-11-14;42,4;102;;jah
1956-11-15;38,2;86;;jah
1956-11-16;38,2;89;;jah
1956-11-17;41,9;101;;jah
1956-11-18;43,7;108;;jah
1956-11-19;42,6;104;;jah
1956-11-20;43,3;102;;jah
1956-11-21;41,9;96;;jah
1956-11-22;39,2;88;;jah
1956-11-23;38,7;82;;jah
1956-11-24;38,6;76;;jah
1956-11-25;35,1;66;;jah
1956-11-26;36,2;67;;jah
1956-11-27;36,8;68;;jah
1956-11-28;35,6;66;;jah
1956-11-29;37,3;68;;jah
1956-11-30;35,1;64;;jah
1956-12-01;35,1;64;;jah
1956-12-02;34,6;65;;jah
1956-12-03;38,1;82;;jah
1956-12-04;45,9;102;;jah
1956-12-05;46,8;107;;jah
1956-12-06;44,2;102;;jah
1956-12-07;45,9;102;;jah
1956-12-08;45,1;96;;jah
1956-12-09;44,5;95;;jah
1956-12-10;44;94;;jah
1956-12-11;44,7;94;;jah
1956-12-12;52,3;104;;jah
1956-12-13;71,3;128;;jah
1956-12-14;93,1;152;;jah
1956-12-15;114;166;;jah
1956-12-16;153;197;;jah
1956-12-17;200;229;;jah
1956-12-18;236;242;;jah
1956-12-19;265;254;;jah
1956-12-20;256;248;;jah
1956-12-21;230;232;;jah
1956-12-22;181;205;;jah
1956-12-23;121;160;;jah
1956-12-24;89,5;134;;jah
1956-12-25;73,1;120;;jah
1956-12-26;61,5;111;;jah
1956-12-27;52,8;102;;jah
1956-12-28;51,4;101;;jah
1956-12-29;49;100;;jah
1956-12-30;45,9;96;;jah
1956-12-31;47,1;101;;jah
1957-01-01;33,3;132;;jah
1957-01-02;30,2;134;;jah
1957-01-03;25,9;122;;jah
1957-01-04;27;122;;jah
1957-01-05;28;125;;jah
1957-01-06;29,7;120;;jah
1957-01-07;29,8;114;;jah
1957-01-08;32,8;114;;jah
1957-01-09;39,8;116;;jah
1957-01-10;51,2;135;;jah
1957-01-11;61,2;150;;jah
1957-01-12;58;138;;jah
1957-01-13;54;128;;jah
1957-01-14;47,7;114;;jah
1957-01-15;42,4;102;;jah
1957-01-16;37,5;89;;jah
1957-01-17;34,4;80;;jah
1957-01-18;33,7;76;;jah
1957-01-19;33,9;72;;jah
1957-01-20;35,7;72;;jah
1957-01-21;37,4;70;;jah
1957-01-22;37,2;65;;jah
1957-01-23;38;76;;jah
1957-01-24;41,3;95;;jah
1957-01-25;42,8;101;;jah
1957-01-26;44,2;102;;jah
1957-01-27;46,2;98;;jah
1957-01-28;47;89;;jah
1957-01-29;38,6;72;;jah
1957-01-30;34,1;60;;jah
1957-01-31;30,9;51;;jah
1957-02-01;32,1;49;;jah
1957-02-02;78,5;116;;jah
1957-02-03;119;172;;jah
1957-02-04;94,5;150;;jah
1957-02-05;99,3;156;;jah
1957-02-06;129;190;;jah
1957-02-07;153;258;;jah
1957-02-08;187;240;;jah
1957-02-09;131;174;;jah
1957-02-10;104;141;;jah
1957-02-11;88;120;;jah
1957-02-12;81,6;112;;jah
1957-02-13;74,5;102;;jah
1957-02-14;70;96;;jah
1957-02-15;54,3;78;;jah
1957-02-16;49;72;;jah
1957-02-17;57;83;;jah
1957-02-18;69,3;100;;jah
1957-02-19;68,3;104;;jah
1957-02-20;76,5;116;;jah
1957-02-21;73,7;113;;jah
1957-02-22;73,9;112;;jah
1957-02-23;66,7;102;;jah
1957-02-24;63,6;96;;jah
1957-02-25;61,2;92;;jah
1957-02-26;56,5;85;;jah
1957-02-27;52,4;78;;jah
1957-02-28;47,6;71;;jah
1957-03-01;46,9;70;;jah
1957-03-02;41,2;62;;jah
1957-03-03;38,6;58;;jah
1957-03-04;38,6;58;;jah
1957-03-05;38,6;58;;jah
1957-03-06;36,5;54;;jah
1957-03-07;35,6;52;;jah
1957-03-08;32,3;46;;jah
1957-03-09;29,9;41;;jah
1957-03-10;28,8;38;;jah
1957-03-11;28,2;36;;jah
1957-03-12;27,5;34;;jah
1957-03-13;25;30;;jah
1957-03-14;25;30;;jah
1957-03-15;21,2;36;;jah
1957-03-16;23,1;55;;jah
1957-03-17;24,6;60;;jah
1957-03-18;24,8;58;;jah
1957-03-19;26,2;58;;jah
1957-03-20;23,9;49;;jah
1957-03-21;24,4;45;;jah
1957-03-22;24,3;40;;jah
1957-03-23;25,3;37;;jah
1957-03-24;23,8;31;;jah
1957-03-25;23,9;30;;jah
1957-03-26;23,6;29;;jah
1957-03-27;21,9;26;;jah
1957-03-28;22,2;27;;jah
1957-03-29;27,3;36;;jah
1957-03-30;49,7;73;;jah
1957-03-31;85;119;;jah
1957-04-01;109;157;;jah
1957-04-02;174;214;;jah
1957-04-03;221;241;;jah
1957-04-04;286;276;;jah
1957-04-05;361;310;;jah
1957-04-06;399;327;;jah
1957-04-07;402;325;;jah
1957-04-08;352;300;;jah
1957-04-09;296;269;;jah
1957-04-10;253;240;;jah
1957-04-11;195;196;;jah
1957-04-12;139;150;;jah
1957-04-13;106;120;;jah
1957-04-14;86,6;102;;jah
1957-04-15;80,5;96;;jah
1957-04-16;71,6;87;;jah
1957-04-17;63,1;78;;jah
1957-04-18;64;79;;jah
1957-04-19;66,8;82;;jah
1957-04-20;81,5;97;;jah
1957-04-21;92;108;;jah
1957-04-22;97,4;114;;jah
1957-04-23;105;122;;jah
1957-04-24;111;127;;jah
1957-04-25;119;136;;jah
1957-04-26;126;143;;jah
1957-04-27;130;146;;jah
1957-04-28;133;150;;jah
1957-04-29;143;158;;jah
1957-04-30;168;180;;jah
1957-05-01;184;195;;jah
1957-05-02;227;230;;jah
1957-05-03;218;222;;jah
1957-05-04;190;200;;jah
1957-05-05;162;176;;jah
1957-05-06;140;158;;jah
1957-05-07;127;146;;jah
1957-05-08;130;148;;jah
1957-05-09;229;228;;jah
1957-05-10;222;222;;jah
1957-05-11;200;205;;jah
1957-05-12;170;180;;jah
1957-05-13;142;156;;jah
1957-05-14;116;133;;jah
1957-05-15;95,4;113;;jah
1957-05-16;79,2;98;;jah
1957-05-17;65,3;84;;jah
1957-05-18;55;73;;jah
1957-05-19;46,7;64;;jah
1957-05-20;40,8;56;;jah
1957-05-21;39,5;54;;jah
1957-05-22;38,4;53;;jah
1957-05-23;39;54;;jah
1957-05-24;37,7;52;;jah
1957-05-25;36,9;51;;jah
1957-05-26;32,5;44;;jah
1957-05-27;31,2;42;;jah
1957-05-28;27,3;36;;jah
1957-05-29;25,5;33;;jah
1957-05-30;23,4;30;;jah
1957-05-31;22,2;28;;jah
1957-06-01;20,9;26;;jah
1957-06-02;19,6;24;;jah
1957-06-03;19,6;24;;jah
1957-06-04;18,5;22;;jah
1957-06-05;22,2;28;;jah
1957-06-06;33,5;45;;jah
1957-06-07;29,3;39;;jah
1957-06-08;26,6;35;;jah
1957-06-09;25,2;33;;jah
1957-06-10;22;28;;jah
1957-06-11;20,7;26;;jah
1957-06-12;19,4;24;;jah
1957-06-13;16;18;;jah
1957-06-14;15,8;18;;jah
1957-06-15;15,6;18;;jah
1957-06-16;13,4;14;;jah
1957-06-17;12,3;12;;jah
1957-06-18;11,2;10;;jah
1957-06-19;11,2;10;;jah
1957-06-20;11,1;10;;jah
1957-06-21;10,9;10;;jah
1957-06-22;10,9;10;;jah
1957-06-23;11,2;11;;jah
1957-06-24;10,8;10;;jah
1957-06-25;10,3;9;;jah
1957-06-26;10,6;10;;jah
1957-06-27;9,88;8;;jah
1957-06-28;9;6;;jah
1957-06-29;9,75;8;;jah
1957-06-30;9,75;8;;jah
1957-07-01;9,75;8;;jah
1957-07-02;9;6;;jah
1957-07-03;9;6;;jah
1957-07-04;9;6;;jah
1957-07-05;9;6;;jah
1957-07-06;9;6;;jah
1957-07-07;9;6;;jah
1957-07-08;9;6;;jah
1957-07-09;9,12;6;;jah
1957-07-10;9,12;6;;jah
1957-07-11;9,12;6;;jah
1957-07-12;8,47;4;;jah
1957-07-13;8,3;3;;jah
1957-07-14;8,8;4;;jah
1957-07-15;8,91;4;;jah
1957-07-16;9,54;5;;jah
1957-07-17;9,24;4;;jah
1957-07-18;8,5;2;;jah
1957-07-19;8,6;2;;jah
1957-07-20;8,6;2;;jah
1957-07-21;8,6;2;;jah
1957-07-22;9,03;3;;jah
1957-07-23;9,35;4;;jah
1957-07-24;8,4;2;;jah
1957-07-25;9,13;4;;jah
1957-07-26;8,91;4;;jah
1957-07-27;9,2;5;;jah
1957-07-28;9,48;6;;jah
1957-07-29;10,1;8;;jah
1957-07-30;12,3;13;;jah
1957-07-31;12,8;14;;jah
1957-08-01;12,8;14;;jah
1957-08-02;13;14;;jah
1957-08-03;13,1;14;;jah
1957-08-04;13,3;14;;jah
1957-08-05;13,4;14;;jah
1957-08-06;13,6;14;;jah
1957-08-07;12,8;12;;jah
1957-08-08;11,9;10;;jah
1957-08-09;12;10;;jah
1957-08-10;11,3;8;;jah
1957-08-11;10,4;6;;jah
1957-08-12;9,68;4;;jah
1957-08-13;10,6;6;;jah
1957-08-14;11,4;8;;jah
1957-08-15;13,9;13;;jah
1957-08-16;15,7;16;;jah
1957-08-17;15,7;16;;jah
1957-08-18;15,7;16;;jah
1957-08-19;16,7;18;;jah
1957-08-20;18,3;21;;jah
1957-08-21;20,6;25;;jah
1957-08-22;23,1;30;;jah
1957-08-23;23,8;31;;jah
1957-08-24;24,3;32;;jah
1957-08-25;24,6;33;;jah
1957-08-26;23,2;31;;jah
1957-08-27;23,2;31;;jah
1957-08-28;20,7;27;;jah
1957-08-29;20;26;;jah
1957-08-30;20;26;;jah
1957-08-31;20;26;;jah
1957-09-01;30,3;44;;jah
1957-09-02;32,6;46;;jah
1957-09-03;30,5;42;;jah
1957-09-04;30,9;42;;jah
1957-09-05;29,6;40;;jah
1957-09-06;27,3;36;;jah
1957-09-07;26,3;34;;jah
1957-09-08;25,1;32;;jah
1957-09-09;25,4;32;;jah
1957-09-10;22,7;27;;jah
1957-09-11;25,9;32;;jah
1957-09-12;26,2;32;;jah
1957-09-13;28,8;36;;jah
1957-09-14;26,9;33;;jah
1957-09-15;27,5;34;;jah
1957-09-16;31,9;41;;jah
1957-09-17;41,2;54;;jah
1957-09-18;43,4;57;;jah
1957-09-19;55,3;72;;jah
1957-09-20;65,1;83;;jah
1957-09-21;69,7;88;;jah
1957-09-22;67,9;86;;jah
1957-09-23;66,2;85;;jah
1957-09-24;67,2;86;;jah
1957-09-25;65,3;84;;jah
1957-09-26;69;88;;jah
1957-09-27;70;90;;jah
1957-09-28;70;90;;jah
1957-09-29;68,2;88;;jah
1957-09-30;62,8;82;;jah
1957-10-01;57,6;76;;jah
1957-10-02;52,5;70;;jah
1957-10-03;51,7;69;;jah
1957-10-04;56,8;75;;jah
1957-10-05;64,6;84;;jah
1957-10-06;72,8;93;;jah
1957-10-07;87,3;108;;jah
1957-10-08;95,9;116;;jah
1957-10-09;93,4;114;;jah
1957-10-10;93,4;114;;jah
1957-10-11;87,3;108;;jah
1957-10-12;81,4;102;;jah
1957-10-13;78,4;98;;jah
1957-10-14;74,6;94;;jah
1957-10-15;70,8;90;;jah
1957-10-16;66;84;;jah
1957-10-17;61,4;79;;jah
1957-10-18;61,4;79;;jah
1957-10-19;71,5;90;;jah
1957-10-20;79,2;98;;jah
1957-10-21;83,1;102;;jah
1957-10-22;81,1;100;;jah
1957-10-23;79,2;98;;jah
1957-10-24;77,3;96;;jah
1957-10-25;77,3;96;;jah
1957-10-26;75,4;94;;jah
1957-10-27;75,4;94;;jah
1957-10-28;79,2;98;;jah
1957-10-29;87,2;106;;jah
1957-10-30;117;134;;jah
1957-10-31;145;158;;jah
1957-11-01;154;167;;jah
1957-11-02;177;186;;jah
1957-11-03;165;176;;jah
1957-11-04;148;162;;jah
1957-11-05;135;150;;jah
1957-11-06;117;134;;jah
1957-11-07;102;119;;jah
1957-11-08;93,1;110;;jah
1957-11-09;86,9;104;;jah
1957-11-10;80,8;98;;jah
1957-11-11;79,7;96;;jah
1957-11-12;75,7;92;;jah
1957-11-13;72,6;88;;jah
1957-11-14;68,7;84;;jah
1957-11-15;62,2;77;;jah
1957-11-16;57,6;72;;jah
1957-11-17;49,1;62;;jah
1957-11-18;47,4;60;;jah
1957-11-19;44,4;56;;jah
1957-11-20;41,4;52;;jah
1957-11-21;39,9;50;;jah
1957-11-22;40,6;51;;jah
1957-11-23;41,4;52;;jah
1957-11-24;41,4;52;;jah
1957-11-25;47,4;60;;jah
1957-11-26;44,4;56;;jah
1957-11-27;37,4;47;;jah
1957-11-28;34,6;45;;jah
1957-11-29;26,2;55;;jah
1957-11-30;24,1;66;;jah
1957-12-01;25,9;72;;jah
1957-12-02;27,8;78;;jah
1957-12-03;29;81;;jah
1957-12-04;24,2;69;;jah
1957-12-05;23,1;66;;jah
1957-12-06;25,3;72;;jah
1957-12-07;26,4;76;;jah
1957-12-08;25,5;74;;jah
1957-12-09;28,3;81;;jah
1957-12-10;28,1;82;;jah
1957-12-11;24,4;74;;jah
1957-12-12;22,9;70;;jah
1957-12-13;23,8;74;;jah
1957-12-14;24,7;80;;jah
1957-12-15;30,4;100;;jah
1957-12-16;35,3;108;;jah
1957-12-17;40,8;112;;jah
1957-12-18;39,2;94;;jah
1957-12-19;41,1;85;;jah
1957-12-20;42,9;79;;jah
1957-12-21;61,7;100;;jah
1957-12-22;109;152;;jah
1957-12-23;125;166;;jah
1957-12-24;136;176;;jah
1957-12-25;134;173;;jah
1957-12-26;126;166;;jah
1957-12-27;121;160;;jah
1957-12-28;113;152;;jah
1957-12-29;102;140;;jah
1957-12-30;99,2;136;;jah
1957-12-31;94,4;131;;jah
1958-01-01;80,6;120;;jah
1958-01-02;58,6;98;;jah
1958-01-03;45,9;92;;jah
1958-01-04;37,2;90;;jah
1958-01-05;31,4;94;;jah
1958-01-06;29,5;113;;jah
1958-01-07;29;144;;jah
1958-01-08;28,7;171;;jah
1958-01-09;27,6;163;;jah
1958-01-10;27,4;158;;jah
1958-01-11;27,2;153;;jah
1958-01-12;26;142;;jah
1958-01-13;25,7;138;;jah
1958-01-14;25,8;138;;jah
1958-01-15;22,7;124;;jah
1958-01-16;20,2;112;;jah
1958-01-17;18,9;105;;jah
1958-01-18;18,4;101;;jah
1958-01-19;16;88;;jah
1958-01-20;14,1;76;;jah
1958-01-21;13;68;;jah
1958-01-22;13;63;;jah
1958-01-23;12,9;58;;jah
1958-01-24;12,9;54;;jah
1958-01-25;13,2;50;;jah
1958-01-26;14,4;50;;jah
1958-01-27;15,3;49;;jah
1958-01-28;15,5;47;;jah
1958-01-29;16;46;;jah
1958-01-30;15,4;42;;jah
1958-01-31;15,1;40;;jah
1958-02-01;15,5;40;;jah
1958-02-02;15,1;39;;jah
1958-02-03;15,8;41;;jah
1958-02-04;15,5;40;;jah
1958-02-05;15,5;40;;jah
1958-02-06;14,2;36;;jah
1958-02-07;13,9;35;;jah
1958-02-08;13,6;34;;jah
1958-02-09;13,6;34;;jah
1958-02-10;13;32;;jah
1958-02-11;12,6;30;;jah
1958-02-12;12,6;30;;jah
1958-02-13;12,6;30;;jah
1958-02-14;11,4;26;;jah
1958-02-15;13,2;32;;jah
1958-02-16;13,2;32;;jah
1958-02-17;13,2;32;;jah
1958-02-18;13;31;;jah
1958-02-19;13,2;32;;jah
1958-02-20;13,9;34;;jah
1958-02-21;13,9;34;;jah
1958-02-22;13,9;34;;jah
1958-02-23;13,9;34;;jah
1958-02-24;13;31;;jah
1958-02-25;13,5;32;;jah
1958-02-26;13,9;33;;jah
1958-02-27;12,9;30;;jah
1958-02-28;12,6;29;;jah
1958-03-01;12,6;29;;jah
1958-03-02;12,6;29;;jah
1958-03-03;12,2;28;;jah
1958-03-04;11,7;26;;jah
1958-03-05;11,7;26;;jah
1958-03-06;11,7;26;;jah
1958-03-07;12,2;28;;jah
1958-03-08;12,6;29;;jah
1958-03-09;12,6;29;;jah
1958-03-10;12,2;28;;jah
1958-03-11;12,6;29;;jah
1958-03-12;12,9;30;;jah
1958-03-13;13,2;31;;jah
1958-03-14;13,2;31;;jah
1958-03-15;13;31;;jah
1958-03-16;13,2;32;;jah
1958-03-17;13;31;;jah
1958-03-18;12,6;30;;jah
1958-03-19;13;31;;jah
1958-03-20;12,6;30;;jah
1958-03-21;12,3;29;;jah
1958-03-22;12;28;;jah
1958-03-23;12;28;;jah
1958-03-24;11,4;26;;jah
1958-03-25;11,4;25;;jah
1958-03-26;12;27;;jah
1958-03-27;11,7;26;;jah
1958-03-28;12;27;;jah
1958-03-29;11,7;26;;jah
1958-03-30;11,7;26;;jah
1958-03-31;11;24;;jah
1958-04-01;10,4;22;;jah
1958-04-02;10,2;22;;jah
1958-04-03;10,8;24;;jah
1958-04-04;10,9;25;;jah
1958-04-05;11,2;26;;jah
1958-04-06;11,5;27;;jah
1958-04-07;11,2;27;;jah
1958-04-08;12,4;31;;jah
1958-04-09;13;33;;jah
1958-04-10;14,5;36;;jah
1958-04-11;15,8;38;;jah
1958-04-12;20;46;;jah
1958-04-13;27,5;61;;jah
1958-04-14;36,2;81;;jah
1958-04-15;61,5;132;;jah
1958-04-16;116;200;;jah
1958-04-17;240;288;;jah
1958-04-18;345;335;;jah
1958-04-19;380;320;;jah
1958-04-20;390;319;;jah
1958-04-21;384;302;;jah
1958-04-22;370;293;;jah
1958-04-23;346;280;;jah
1958-04-24;305;262;;jah
1958-04-25;277;246;;jah
1958-04-26;248;226;;jah
1958-04-27;219;204;;jah
1958-04-28;193;182;;jah
1958-04-29;179;170;;jah
1958-04-30;173;165;;jah
1958-05-01;162;158;;jah
1958-05-02;148;148;;jah
1958-05-03;174;168;;jah
1958-05-04;217;202;;jah
1958-05-05;229;212;;jah
1958-05-06;225;209;;jah
1958-05-07;205;196;;jah
1958-05-08;182;178;;jah
1958-05-09;168;169;;jah
1958-05-10;151;157;;jah
1958-05-11;143;151;;jah
1958-05-12;133;144;;jah
1958-05-13;119;132;;jah
1958-05-14;120;134;;jah
1958-05-15;106;122;;jah
1958-05-16;98,9;116;;jah
1958-05-17;93,3;112;;jah
1958-05-18;98,8;118;;jah
1958-05-19;103;124;;jah
1958-05-20;93,8;116;;jah
1958-05-21;80,7;104;;jah
1958-05-22;63,6;86;;jah
1958-05-23;61,8;84;;jah
1958-05-24;54,6;76;;jah
1958-05-25;47,6;68;;jah
1958-05-26;42,7;62;;jah
1958-05-27;35,6;52;;jah
1958-05-28;33,9;50;;jah
1958-05-29;33,5;50;;jah
1958-05-30;37,3;56;;jah
1958-05-31;35,6;54;;jah
1958-06-01;30,2;45;;jah
1958-06-02;28,1;42;;jah
1958-06-03;30,4;46;;jah
1958-06-04;31,6;48;;jah
1958-06-05;32,7;50;;jah
1958-06-06;30,1;46;;jah
1958-06-07;27,8;42;;jah
1958-06-08;26,6;40;;jah
1958-06-09;23,7;34;;jah
1958-06-10;20,8;28;;jah
1958-06-11;20,2;26;;jah
1958-06-12;19,6;24;;jah
1958-06-13;19,5;23;;jah
1958-06-14;19,4;22;;jah
1958-06-15;18,4;20;;jah
1958-06-16;17,5;18;;jah
1958-06-17;16,9;17;;jah
1958-06-18;17,5;18;;jah
1958-06-19;16,4;16;;jah
1958-06-20;15,1;14;;jah
1958-06-21;14,9;14;;jah
1958-06-22;15,1;15;;jah
1958-06-23;14,3;14;;jah
1958-06-24;13,1;12;;jah
1958-06-25;18,4;23;;jah
1958-06-26;25,1;36;;jah
1958-06-27;29,3;44;;jah
1958-06-28;28,4;43;;jah
1958-06-29;28,9;44;;jah
1958-06-30;27,8;42;;jah
1958-07-01;26,1;39;;jah
1958-07-02;23,7;34;;jah
1958-07-03;20,8;28;;jah
1958-07-04;18,9;24;;jah
1958-07-05;17,3;21;;jah
1958-07-06;16,3;19;;jah
1958-07-07;15,5;17;;jah
1958-07-08;13,9;14;;jah
1958-07-09;13,9;14;;jah
1958-07-10;12,9;12;;jah
1958-07-11;12,4;11;;jah
1958-07-12;12,4;11;;jah
1958-07-13;11,9;10;;jah
1958-07-14;11,5;9;;jah
1958-07-15;11,5;9;;jah
1958-07-16;11;8;;jah
1958-07-17;11;8;;jah
1958-07-18;10,2;6;;jah
1958-07-19;10,6;7;;jah
1958-07-20;10,6;7;;jah
1958-07-21;10,2;6;;jah
1958-07-22;10,2;6;;jah
1958-07-23;10,6;7;;jah
1958-07-24;11;8;;jah
1958-07-25;11,9;10;;jah
1958-07-26;12,4;11;;jah
1958-07-27;11,9;10;;jah
1958-07-28;12,9;12;;jah
1958-07-29;13,3;13;;jah
1958-07-30;15,8;18;;jah
1958-07-31;18,7;24;;jah
1958-08-01;19;25;;jah
1958-08-02;18;24;;jah
1958-08-03;16,8;22;;jah
1958-08-04;14,9;19;;jah
1958-08-05;14;17;;jah
1958-08-06;13,4;16;;jah
1958-08-07;22;34;;jah
1958-08-08;37,3;62;;jah
1958-08-09;37,3;62;;jah
1958-08-10;33,7;56;;jah
1958-08-11;33;54;;jah
1958-08-12;31,9;52;;jah
1958-08-13;28,6;46;;jah
1958-08-14;25,9;41;;jah
1958-08-15;23,1;35;;jah
1958-08-16;23,6;36;;jah
1958-08-17;25;38;;jah
1958-08-18;24,4;37;;jah
1958-08-19;26;40;;jah
1958-08-20;28,6;44;;jah
1958-08-21;28,6;44;;jah
1958-08-22;27,4;42;;jah
1958-08-23;25,3;38;;jah
1958-08-24;23,4;34;;jah
1958-08-25;22,4;32;;jah
1958-08-26;27;40;;jah
1958-08-27;28,1;42;;jah
1958-08-28;26,4;39;;jah
1958-08-29;25,1;36;;jah
1958-08-30;23,8;33;;jah
1958-08-31;21;28;;jah
1958-09-01;20,2;26;;jah
1958-09-02;18,3;22;;jah
1958-09-03;16,2;18;;jah
1958-09-04;14,3;14;;jah
1958-09-05;13,2;12;;jah
1958-09-06;13,9;13;;jah
1958-09-07;13,4;12;;jah
1958-09-08;13;11;;jah
1958-09-09;12,6;10;;jah
1958-09-10;13,7;12;;jah
1958-09-11;15,5;15;;jah
1958-09-12;16,7;17;;jah
1958-09-13;17,3;18;;jah
1958-09-14;17,3;18;;jah
1958-09-15;16,7;17;;jah
1958-09-16;16,2;16;;jah
1958-09-17;15,3;14;;jah
1958-09-18;14,1;12;;jah
1958-09-19;13,6;11;;jah
1958-09-20;13,6;11;;jah
1958-09-21;13;10;;jah
1958-09-22;13;10;;jah
1958-09-23;14,3;12;;jah
1958-09-24;16,5;16;;jah
1958-09-25;23,5;28;;jah
1958-09-26;30,3;39;;jah
1958-09-27;33,9;44;;jah
1958-09-28;33,9;44;;jah
1958-09-29;34,6;45;;jah
1958-09-30;34,3;44;;jah
1958-10-01;32,3;41;;jah
1958-10-02;29,4;36;;jah
1958-10-03;27,7;33;;jah
1958-10-04;25,8;30;;jah
1958-10-05;24,8;28;;jah
1958-10-06;23,8;26;;jah
1958-10-07;23,2;25;;jah
1958-10-08;22,7;24;;jah
1958-10-09;21,5;22;;jah
1958-10-10;22,3;23;;jah
1958-10-11;23;24;;jah
1958-10-12;23,7;25;;jah
1958-10-13;25,5;28;;jah
1958-10-14;30,2;35;;jah
1958-10-15;32,2;38;;jah
1958-10-16;32,8;39;;jah
1958-10-17;32,8;39;;jah
1958-10-18;30,2;35;;jah
1958-10-19;28,2;32;;jah
1958-10-20;28,2;32;;jah
1958-10-21;28,2;32;;jah
1958-10-22;28,2;32;;jah
1958-10-23;28,2;32;;jah
1958-10-24;28,9;33;;jah
1958-10-25;29,5;34;;jah
1958-10-26;31,5;37;;jah
1958-10-27;37,8;46;;jah
1958-10-28;39,3;48;;jah
1958-10-29;36,1;44;;jah
1958-10-30;34,6;42;;jah
1958-10-31;32,5;39;;jah
1958-11-01;29,9;35;;jah
1958-11-02;29,2;34;;jah
1958-11-03;29,2;34;;jah
1958-11-04;29,9;35;;jah
1958-11-05;34,6;42;;jah
1958-11-06;37,1;46;;jah
1958-11-07;34,3;42;;jah
1958-11-08;31,6;38;;jah
1958-11-09;30,3;36;;jah
1958-11-10;29,3;35;;jah
1958-11-11;32,6;40;;jah
1958-11-12;39,5;50;;jah
1958-11-13;44,7;57;;jah
1958-11-14;45,4;58;;jah
1958-11-15;45,4;58;;jah
1958-11-16;42;54;;jah
1958-11-17;39,8;51;;jah
1958-11-18;36,4;46;;jah
1958-11-19;33,6;42;;jah
1958-11-20;31;38;;jah
1958-11-21;29,7;36;;jah
1958-11-22;27;32;;jah
1958-11-23;26,5;31;;jah
1958-11-24;28,3;34;;jah
1958-11-25;29,7;36;;jah
1958-11-26;32,2;40;;jah
1958-11-27;36,7;47;;jah
1958-11-28;40,2;52;;jah
1958-11-29;38;49;;jah
1958-11-30;37;48;;jah
1958-12-01;38,3;50;;jah
1958-12-02;42,2;56;;jah
1958-12-03;41,3;58;;jah
1958-12-04;42,6;67;;jah
1958-12-05;34,6;71;;jah
1958-12-06;27;68;;jah
1958-12-07;22,5;66;;jah
1958-12-08;21,6;68;;jah
1958-12-09;24,7;80;;jah
1958-12-10;25,4;84;;jah
1958-12-11;25,8;87;;jah
1958-12-12;25,7;89;;jah
1958-12-13;28,2;96;;jah
1958-12-14;30;101;;jah
1958-12-15;30,7;103;;jah
1958-12-16;26,4;91;;jah
1958-12-17;21,5;76;;jah
1958-12-18;18;63;;jah
1958-12-19;16;56;;jah
1958-12-20;15,3;52;;jah
1958-12-21;15,2;50;;jah
1958-12-22;17,2;54;;jah
1958-12-23;23,6;72;;jah
1958-12-24;28,6;77;;jah
1958-12-25;32,3;77;;jah
1958-12-26;34,6;72;;jah
1958-12-27;36,2;67;;jah
1958-12-28;30,9;54;;jah
1958-12-29;26,4;44;;jah
1958-12-30;23,7;38;;jah
1958-12-31;23,7;38;;jah
1959-01-01;23,7;38;;jah
1959-01-02;22,7;36;;jah
1959-01-03;22,7;36;;jah
1959-01-04;32,3;55;;jah
1959-01-05;33,5;58;;jah
1959-01-06;33;58;;jah
1959-01-07;31,6;57;;jah
1959-01-08;28,6;52;;jah
1959-01-09;27,1;50;;jah
1959-01-10;25,4;48;;jah
1959-01-11;24,5;46;;jah
1959-01-12;23,6;44;;jah
1959-01-13;23,2;44;;jah
1959-01-14;23,2;44;;jah
1959-01-15;22,8;43;;jah
1959-01-16;22,3;42;;jah
1959-01-17;21,4;40;;jah
1959-01-18;25,5;49;;jah
1959-01-19;30,3;59;;jah
1959-01-20;31,9;62;;jah
1959-01-21;33;64;;jah
1959-01-22;31,3;61;;jah
1959-01-23;48,4;90;;jah
1959-01-24;70,8;123;;jah
1959-01-25;72,8;125;;jah
1959-01-26;71,5;124;;jah
1959-01-27;70,2;122;;jah
1959-01-28;68,9;120;;jah
1959-01-29;69,6;121;;jah
1959-01-30;71,5;124;;jah
1959-01-31;74,8;128;;jah
1959-02-01;71,5;124;;jah
1959-02-02;70,2;122;;jah
1959-02-03;68,2;119;;jah
1959-02-04;67;117;;jah
1959-02-05;66,3;116;;jah
1959-02-06;63,9;113;;jah
1959-02-07;61,8;110;;jah
1959-02-08;59,5;108;;jah
1959-02-09;56,8;104;;jah
1959-02-10;54,1;100;;jah
1959-02-11;51,5;96;;jah
1959-02-12;49;92;;jah
1959-02-13;45,2;86;;jah
1959-02-14;42,8;82;;jah
1959-02-15;40,4;78;;jah
1959-02-16;36,9;72;;jah
1959-02-17;35,8;69;;jah
1959-02-18;34,6;67;;jah
1959-02-19;34,1;66;;jah
1959-02-20;34,1;66;;jah
1959-02-21;36,3;69;;jah
1959-02-22;36,8;70;;jah
1959-02-23;37,4;70;;jah
1959-02-24;36,2;68;;jah
1959-02-25;36,2;67;;jah
1959-02-26;36,8;68;;jah
1959-02-27;38,5;70;;jah
1959-02-28;51,4;90;;jah
1959-03-01;58,3;100;;jah
1959-03-02;82,6;131;;jah
1959-03-03;95,2;147;;jah
1959-03-04;111;166;;jah
1959-03-05;126;184;;jah
1959-03-06;131;190;;jah
1959-03-07;146;206;;jah
1959-03-08;172;234;;jah
1959-03-09;183;246;;jah
1959-03-10;177;240;;jah
1959-03-11;174;234;;jah
1959-03-12;168;226;;jah
1959-03-13;163;218;;jah
1959-03-14;156;206;;jah
1959-03-15;142;188;;jah
1959-03-16;123;164;;jah
1959-03-17;112;149;;jah
1959-03-18;105;138;;jah
1959-03-19;101;132;;jah
1959-03-20;108;134;;jah
1959-03-21;109;135;;jah
1959-03-22;113;136;;jah
1959-03-23;126;146;;jah
1959-03-24;149;163;;jah
1959-03-25;173;178;;jah
1959-03-26;192;192;;jah
1959-03-27;210;206;;jah
1959-03-28;225;218;;jah
1959-03-29;231;224;;jah
1959-03-30;218;214;;jah
1959-03-31;199;196;;jah
1959-04-01;173;174;;jah
1959-04-02;156;159;;jah
1959-04-03;153;157;;jah
1959-04-04;151;154;;jah
1959-04-05;145;149;;jah
1959-04-06;142;146;;jah
1959-04-07;136;142;;jah
1959-04-08;144;148;;jah
1959-04-09;166;166;;jah
1959-04-10;175;173;;jah
1959-04-11;185;181;;jah
1959-04-12;194;188;;jah
1959-04-13;188;183;;jah
1959-04-14;172;171;;jah
1959-04-15;144;148;;jah
1959-04-16;122;129;;jah
1959-04-17;107;116;;jah
1959-04-18;95,3;106;;jah
1959-04-19;102;112;;jah
1959-04-20;101;111;;jah
1959-04-21;90,9;102;;jah
1959-04-22;84,5;96;;jah
1959-04-23;77,2;89;;jah
1959-04-24;73,2;85;;jah
1959-04-25;66,3;78;;jah
1959-04-26;58,6;70;;jah
1959-04-27;53,3;64;;jah
1959-04-28;47,5;57;;jah
1959-04-29;43,5;52;;jah
1959-04-30;39,7;47;;jah
1959-05-01;35,3;41;;jah
1959-05-02;33,2;38;;jah
1959-05-03;31,1;35;;jah
1959-05-04;29,7;33;;jah
1959-05-05;29;32;;jah
1959-05-06;29,7;33;;jah
1959-05-07;30,3;34;;jah
1959-05-08;31,1;35;;jah
1959-05-09;28,7;32;;jah
1959-05-10;27,4;30;;jah
1959-05-11;26;28;;jah
1959-05-12;24,1;25;;jah
1959-05-13;23,4;24;;jah
1959-05-14;22,2;22;;jah
1959-05-15;20,8;20;;jah
1959-05-16;19,6;18;;jah
1959-05-17;18,9;17;;jah
1959-05-18;18,3;16;;jah
1959-05-19;18,3;16;;jah
1959-05-20;18,3;16;;jah
1959-05-21;17,1;14;;jah
1959-05-22;17,1;14;;jah
1959-05-23;16,4;13;;jah
1959-05-24;16,4;13;;jah
1959-05-25;16,3;13;;jah
1959-05-26;17,3;15;;jah
1959-05-27;19;18;;jah
1959-05-28;21,3;22;;jah
1959-05-29;22;24;;jah
1959-05-30;20,4;22;;jah
1959-05-31;19,8;22;;jah
1959-06-01;17,7;19;;jah
1959-06-02;17,8;20;;jah
1959-06-03;20,7;26;;jah
1959-06-04;28,3;40;;jah
1959-06-05;32,7;48;;jah
1959-06-06;31,5;46;;jah
1959-06-07;25,4;34;;jah
1959-06-08;22,4;30;;jah
1959-06-09;22,1;29;;jah
1959-06-10;21,8;28;;jah
1959-06-11;21,5;27;;jah
1959-06-12;20,9;26;;jah
1959-06-13;24,6;32;;jah
1959-06-14;24,6;32;;jah
1959-06-15;23,1;30;;jah
1959-06-16;22,4;29;;jah
1959-06-17;24,9;34;;jah
1959-06-18;23,2;32;;jah
1959-06-19;21,6;30;;jah
1959-06-20;21;30;;jah
1959-06-21;19;27;;jah
1959-06-22;14,7;19;;jah
1959-06-23;13;16;;jah
1959-06-24;12,2;15;;jah
1959-06-25;11,8;14;;jah
1959-06-26;10,1;10;;jah
1959-06-27;10,5;11;;jah
1959-06-28;9,36;8;;jah
1959-06-29;9,49;8;;jah
1959-06-30;10,4;10;;jah
1959-07-01;10,3;9;;jah
1959-07-02;13,6;16;;jah
1959-07-03;19,5;28;;jah
1959-07-04;26;40;;jah
1959-07-05;31,9;50;;jah
1959-07-06;29,7;46;;jah
1959-07-07;27,4;42;;jah
1959-07-08;24,2;36;;jah
1959-07-09;21,6;31;;jah
1959-07-10;17;22;;jah
1959-07-11;14,6;17;;jah
1959-07-12;13,1;14;;jah
1959-07-13;12,2;12;;jah
1959-07-14;11,7;11;;jah
1959-07-15;11,2;10;;jah
1959-07-16;10;7;;jah
1959-07-17;10;7;;jah
1959-07-18;9,6;6;;jah
1959-07-19;9,6;6;;jah
1959-07-20;8,8;4;;jah
1959-07-21;8;2;;jah
1959-07-22;7,2;0;;jah
1959-07-23;6,64;-2;;jah
1959-07-24;7,2;0;;jah
1959-07-25;7,2;0;;jah
1959-07-26;7,2;0;;jah
1959-07-27;7,2;0;;jah
1959-07-28;7,2;0;;jah
1959-07-29;7,2;0;;jah
1959-07-30;7,2;0;;jah
1959-07-31;6,64;-2;;jah
1959-08-01;6,92;-1;;jah
1959-08-02;6,92;-1;;jah
1959-08-03;7,2;0;;jah
1959-08-04;7,2;0;;jah
1959-08-05;7,11;0;;jah
1959-08-06;7,11;0;;jah
1959-08-07;6,83;-1;;jah
1959-08-08;6,56;-2;;jah
1959-08-09;6,56;-2;;jah
1959-08-10;5,73;-5;;jah
1959-08-11;5,73;-5;;jah
1959-08-12;5,73;-5;;jah
1959-08-13;5,73;-5;;jah
1959-08-14;5,62;-4;;jah
1959-08-15;5,58;0;;jah
1959-08-16;5,54;-1;;jah
1959-08-17;5,49;-3;;jah
1959-08-18;5,45;-6;;jah
1959-08-19;6;-4;;jah
1959-08-20;6;-4;;jah
1959-08-21;5,45;-6;;jah
1959-08-22;5,45;-6;;jah
1959-08-23;5,45;-6;;jah
1959-08-24;5,31;-6;;jah
1959-08-25;5,62;-4;;jah
1959-08-26;6,39;0;;jah
1959-08-27;6,3;0;;jah
1959-08-28;6,21;0;;jah
1959-08-29;7,14;3;;jah
1959-08-30;7,82;5;;jah
1959-08-31;7,48;4;;jah
1959-09-01;6,8;2;;jah
1959-09-02;6,8;2;;jah
1959-09-03;6,8;2;;jah
1959-09-04;6,9;2;;jah
1959-09-05;7;2;;jah
1959-09-06;7,1;2;;jah
1959-09-07;7,1;2;;jah
1959-09-08;6,84;1;;jah
1959-09-09;6,57;0;;jah
1959-09-10;6,14;-2;;jah
1959-09-11;6,14;-2;;jah
1959-09-12;6,22;-2;;jah
1959-09-13;6,04;-3;;jah
1959-09-14;6,12;-3;;jah
1959-09-15;5,93;-4;;jah
1959-09-16;5,45;-6;;jah
1959-09-17;5,45;-6;;jah
1959-09-18;7,2;0;;jah
1959-09-19;7,29;0;;jah
1959-09-20;7,38;0;;jah
1959-09-21;7,47;0;;jah
1959-09-22;7,98;1;;jah
1959-09-23;8,5;2;;jah
1959-09-24;10,2;6;;jah
1959-09-25;11;8;;jah
1959-09-26;12;10;;jah
1959-09-27;11,6;9;;jah
1959-09-28;11,2;8;;jah
1959-09-29;10,3;6;;jah
1959-09-30;10,3;6;;jah
1959-10-01;8,6;2;;jah
1959-10-02;8,6;2;;jah
1959-10-03;8,6;2;;jah
1959-10-04;8,6;2;;jah
1959-10-05;9,46;4;;jah
1959-10-06;9,46;4;;jah
1959-10-07;8,17;1;;jah
1959-10-08;8,17;1;;jah
1959-10-09;9,03;3;;jah
1959-10-10;8,6;2;;jah
1959-10-11;8,6;2;;jah
1959-10-12;7,74;0;;jah
1959-10-13;7,74;0;;jah
1959-10-14;7,74;0;;jah
1959-10-15;7,44;-1;;jah
1959-10-16;7,14;-2;;jah
1959-10-17;7,44;-1;;jah
1959-10-18;8,17;1;;jah
1959-10-19;8,6;2;;jah
1959-10-20;8,6;2;;jah
1959-10-21;8,6;2;;jah
1959-10-22;7,74;0;;jah
1959-10-23;8,6;2;;jah
1959-10-24;9,46;4;;jah
1959-10-25;9,03;3;;jah
1959-10-26;9,46;4;;jah
1959-10-27;9,89;5;;jah
1959-10-28;9,89;5;;jah
1959-10-29;10,8;7;;jah
1959-10-30;14,1;14;;jah
1959-10-31;15,1;16;;jah
1959-11-01;12;10;;jah
1959-11-02;11,2;8;;jah
1959-11-03;11,2;8;;jah
1959-11-04;11,6;9;;jah
1959-11-05;11,2;8;;jah
1959-11-06;10,8;7;;jah
1959-11-07;10,8;7;;jah
1959-11-08;10,8;7;;jah
1959-11-09;10,9;7;;jah
1959-11-10;10,9;7;;jah
1959-11-11;10,9;7;;jah
1959-11-12;11,3;8;;jah
1959-11-13;12,3;10;;jah
1959-11-14;12,3;10;;jah
1959-11-15;11,4;8;;jah
1959-11-16;11,4;8;;jah
1959-11-17;10,7;6;;jah
1959-11-18;10,2;5;;jah
1959-11-19;9,79;4;;jah
1959-11-20;10,4;5;;jah
1959-11-21;10,4;5;;jah
1959-11-22;10,5;5;;jah
1959-11-23;11;6;;jah
1959-11-24;14;12;;jah
1959-11-25;18,6;20;;jah
1959-11-26;17,7;18;;jah
1959-11-27;17,9;18;;jah
1959-11-28;23,4;27;;jah
1959-11-29;24,5;28;;jah
1959-11-30;23,6;26;;jah
1959-12-01;24,8;28;;jah
1959-12-02;24,3;34;;jah
1959-12-03;22,6;56;;jah
1959-12-04;25,3;72;;jah
1959-12-05;23,1;69;;jah
1959-12-06;19,4;60;;jah
1959-12-07;16;50;;jah
1959-12-08;14,8;46;;jah
1959-12-09;13,7;42;;jah
1959-12-10;12,6;38;;jah
1959-12-11;10,8;31;;jah
1959-12-12;10;27;;jah
1959-12-13;9,45;24;;jah
1959-12-14;9,5;19;;jah
1959-12-15;8,86;14;;jah
1959-12-16;7,41;8;;jah
1959-12-17;6,49;4;;jah
1959-12-18;6,6;4;;jah
1959-12-19;6,6;4;;jah
1959-12-20;7,02;5;;jah
1959-12-21;7,13;5;;jah
1959-12-22;7,13;5;;jah
1959-12-23;6,82;4;;jah
1959-12-24;6,51;3;;jah
1959-12-25;7,13;5;;jah
1959-12-26;8,37;9;;jah
1959-12-27;9,42;12;;jah
1959-12-28;8,68;10;;jah
1959-12-29;8,68;10;;jah
1959-12-30;7,8;8;;jah
1959-12-31;7,38;7;;jah
1960-01-01;7,95;9;;jah
1960-01-02;7,6;8;;jah
1960-01-03;8,3;10;;jah
1960-01-04;8,65;11;;jah
1960-01-05;8,3;10;;jah
1960-01-06;9;11;;jah
1960-01-07;8,65;10;;jah
1960-01-08;8,65;10;;jah
1960-01-09;7,95;8;;jah
1960-01-10;7,25;6;;jah
1960-01-11;6,9;4;;jah
1960-01-12;6,55;3;;jah
1960-01-13;6,55;3;;jah
1960-01-14;6,9;3;;jah
1960-01-15;6,9;3;;jah
1960-01-16;6,9;3;;jah
1960-01-17;6,9;2;;jah
1960-01-18;6,9;2;;jah
1960-01-19;6,9;2;;jah
1960-01-20;6,9;2;;jah
1960-01-21;6,55;2;;jah
1960-01-22;6,55;2;;jah
1960-01-23;6,55;2;;jah
1960-01-24;6,55;2;;jah
1960-01-25;6,55;2;;jah
1960-01-26;7,25;4;;jah
1960-01-27;7,25;4;;jah
1960-01-28;7,6;5;;jah
1960-01-29;6,9;4;;jah
1960-01-30;6,9;4;;jah
1960-01-31;6,55;3;;jah
1960-02-01;6,55;4;;jah
1960-02-02;6,55;4;;jah
1960-02-03;6,55;4;;jah
1960-02-04;6,55;4;;jah
1960-02-05;6,2;4;;jah
1960-02-06;6,55;5;;jah
1960-02-07;6,2;4;;jah
1960-02-08;6,2;4;;jah
1960-02-09;6,2;4;;jah
1960-02-10;6,2;4;;jah
1960-02-11;6,2;4;;jah
1960-02-12;5,85;3;;jah
1960-02-13;6,2;4;;jah
1960-02-14;6,2;4;;jah
1960-02-15;5,85;3;;jah
1960-02-16;5,85;3;;jah
1960-02-17;5,5;2;;jah
1960-02-18;5,85;4;;jah
1960-02-19;6,2;6;;jah
1960-02-20;6,55;8;;jah
1960-02-21;6,2;8;;jah
1960-02-22;6,55;9;;jah
1960-02-23;6,2;8;;jah
1960-02-24;6,2;8;;jah
1960-02-25;5,85;7;;jah
1960-02-26;6,2;8;;jah
1960-02-27;6,2;8;;jah
1960-02-28;5,5;5;;jah
1960-02-29;5,5;4;;jah
1960-03-01;5,5;4;;jah
1960-03-02;5,85;5;;jah
1960-03-03;5,85;5;;jah
1960-03-04;5,5;4;;jah
1960-03-05;5,5;4;;jah
1960-03-06;5,3;3;;jah
1960-03-07;5,3;4;;jah
1960-03-08;5,85;5;;jah
1960-03-09;5,5;4;;jah
1960-03-10;5,85;5;;jah
1960-03-11;6,2;6;;jah
1960-03-12;6,2;6;;jah
1960-03-13;5,85;6;;jah
1960-03-14;5,85;6;;jah
1960-03-15;6,55;8;;jah
1960-03-16;6,55;8;;jah
1960-03-17;6,55;8;;jah
1960-03-18;6,55;8;;jah
1960-03-19;5,85;6;;jah
1960-03-20;5,3;4;;jah
1960-03-21;5,3;4;;jah
1960-03-22;5,5;5;;jah
1960-03-23;5,85;6;;jah
1960-03-24;5,85;6;;jah
1960-03-25;5,85;6;;jah
1960-03-26;5,85;6;;jah
1960-03-27;5,85;6;;jah
1960-03-28;6,2;7;;jah
1960-03-29;5,85;6;;jah
1960-03-30;5,85;6;;jah
1960-03-31;5,85;9;;jah
1960-04-01;5,5;8;;jah
1960-04-02;5,85;9;;jah
1960-04-03;5,85;9;;jah
1960-04-04;5,85;6;;jah
1960-04-05;6,2;7;;jah
1960-04-06;6,55;8;;jah
1960-04-07;6,55;8;;jah
1960-04-08;8,3;13;;jah
1960-04-09;11,5;20;;jah
1960-04-10;17;34;;jah
1960-04-11;28;56;;jah
1960-04-12;57;99;;jah
1960-04-13;125;188;;jah
1960-04-14;198;255;;jah
1960-04-15;236;284;;jah
1960-04-16;288;316;;jah
1960-04-17;296;307;;jah
1960-04-18;314;290;;jah
1960-04-19;348;278;;jah
1960-04-20;310;262;;jah
1960-04-21;259;232;;jah
1960-04-22;221;207;;jah
1960-04-23;183;181;;jah
1960-04-24;150;154;;jah
1960-04-25;119;127;;jah
1960-04-26;106;115;;jah
1960-04-27;112;120;;jah
1960-04-28;122;130;;jah
1960-04-29;120;128;;jah
1960-04-30;109;118;;jah
1960-05-01;104;113;;jah
1960-05-02;94;104;;jah
1960-05-03;83,5;94;;jah
1960-05-04;90,8;102;;jah
1960-05-05;88,7;100;;jah
1960-05-06;88,7;100;;jah
1960-05-07;82,5;94;;jah
1960-05-08;75,5;87;;jah
1960-05-09;66,8;78;;jah
1960-05-10;59,4;70;;jah
1960-05-11;54,1;65;;jah
1960-05-12;48,2;58;;jah
1960-05-13;43,6;52;;jah
1960-05-14;39,2;46;;jah
1960-05-15;34,3;39;;jah
1960-05-16;31,6;36;;jah
1960-05-17;28,9;32;;jah
1960-05-18;25;26;;jah
1960-05-19;22,5;22;;jah
1960-05-20;23,8;24;;jah
1960-05-21;22,5;22;;jah
1960-05-22;21,3;20;;jah
1960-05-23;19,4;18;;jah
1960-05-24;18,8;17;;jah
1960-05-25;18,2;16;;jah
1960-05-26;18,2;16;;jah
1960-05-27;18,8;18;;jah
1960-05-28;18,2;17;;jah
1960-05-29;18,2;18;;jah
1960-05-30;17;16;;jah
1960-05-31;15,2;14;;jah
1960-06-01;14;12;;jah
1960-06-02;12,5;10;;jah
1960-06-03;11,5;9;;jah
1960-06-04;10;6;;jah
1960-06-05;9,5;5;;jah
1960-06-06;9;4;;jah
1960-06-07;9;4;;jah
1960-06-08;9;4;;jah
1960-06-09;9,5;5;;jah
1960-06-10;10;6;;jah
1960-06-11;10;6;;jah
1960-06-12;10;6;;jah
1960-06-13;11,5;9;;jah
1960-06-14;17,6;19;;jah
1960-06-15;17;18;;jah
1960-06-16;17;18;;jah
1960-06-17;15,8;16;;jah
1960-06-18;14;14;;jah
1960-06-19;13;12;;jah
1960-06-20;13;12;;jah
1960-06-21;12,5;12;;jah
1960-06-22;11,5;10;;jah
1960-06-23;11,5;10;;jah
1960-06-24;11;10;;jah
1960-06-25;10;8;;jah
1960-06-26;10;8;;jah
1960-06-27;10,5;9;;jah
1960-06-28;10,5;10;;jah
1960-06-29;10,5;10;;jah
1960-06-30;11;11;;jah
1960-07-01;12,5;15;;jah
1960-07-02;13,5;18;;jah
1960-07-03;16,4;24;;jah
1960-07-04;24,4;40;;jah
1960-07-05;27;47;;jah
1960-07-06;36,4;64;;jah
1960-07-07;58,4;89;;jah
1960-07-08;67,8;96;;jah
1960-07-09;65,9;90;;jah
1960-07-10;56,7;80;;jah
1960-07-11;50,8;74;;jah
1960-07-12;42,9;65;;jah
1960-07-13;39,2;60;;jah
1960-07-14;35,7;56;;jah
1960-07-15;32,9;52;;jah
1960-07-16;25,7;42;;jah
1960-07-17;22,5;37;;jah
1960-07-18;20;33;;jah
1960-07-19;17,6;28;;jah
1960-07-20;17;27;;jah
1960-07-21;15,2;24;;jah
1960-07-22;13,5;21;;jah
1960-07-23;15,2;24;;jah
1960-07-24;17;26;;jah
1960-07-25;20,6;32;;jah
1960-07-26;23,2;36;;jah
1960-07-27;23,2;36;;jah
1960-07-28;20,6;32;;jah
1960-07-29;19,4;29;;jah
1960-07-30;17,6;26;;jah
1960-07-31;21,3;32;;jah
1960-08-01;25,7;39;;jah
1960-08-02;22,5;34;;jah
1960-08-03;17,6;26;;jah
1960-08-04;15,2;21;;jah
1960-08-05;13,5;18;;jah
1960-08-06;12,5;16;;jah
1960-08-07;11;13;;jah
1960-08-08;10,5;12;;jah
1960-08-09;9,5;10;;jah
1960-08-10;12,5;16;;jah
1960-08-11;13,5;18;;jah
1960-08-12;14;19;;jah
1960-08-13;14,6;20;;jah
1960-08-14;14,6;20;;jah
1960-08-15;12,5;16;;jah
1960-08-16;13,5;18;;jah
1960-08-17;12,5;16;;jah
1960-08-18;12,5;16;;jah
1960-08-19;11,5;14;;jah
1960-08-20;13;17;;jah
1960-08-21;15,8;22;;jah
1960-08-22;18,2;26;;jah
1960-08-23;19,4;28;;jah
1960-08-24;18,8;27;;jah
1960-08-25;15,8;22;;jah
1960-08-26;15,2;21;;jah
1960-08-27;13;17;;jah
1960-08-28;11,5;14;;jah
1960-08-29;11,5;14;;jah
1960-08-30;12;15;;jah
1960-08-31;12;15;;jah
1960-09-01;18,2;26;;jah
1960-09-02;15,8;22;;jah
1960-09-03;16,4;23;;jah
1960-09-04;17;24;;jah
1960-09-05;18,2;26;;jah
1960-09-06;18,2;26;;jah
1960-09-07;16,4;22;;jah
1960-09-08;15,2;20;;jah
1960-09-09;15,2;20;;jah
1960-09-10;14;18;;jah
1960-09-11;13,5;16;;jah
1960-09-12;12,5;14;;jah
1960-09-13;11,5;12;;jah
1960-09-14;11,5;12;;jah
1960-09-15;12;12;;jah
1960-09-16;11,5;11;;jah
1960-09-17;11;10;;jah
1960-09-18;11;10;;jah
1960-09-19;11;9;;jah
1960-09-20;11;9;;jah
1960-09-21;9,5;6;;jah
1960-09-22;9,5;6;;jah
1960-09-23;9,5;6;;jah
1960-09-24;9,5;6;;jah
1960-09-25;9,5;6;;jah
1960-09-26;8,65;4;;jah
1960-09-27;9,5;6;;jah
1960-09-28;9,5;6;;jah
1960-09-29;9,5;6;;jah
1960-09-30;10,5;8;;jah
1960-10-01;11;9;;jah
1960-10-02;10,5;8;;jah
1960-10-03;10;7;;jah
1960-10-04;10,5;8;;jah
1960-10-05;10,5;8;;jah
1960-10-06;10,5;8;;jah
1960-10-07;10,5;8;;jah
1960-10-08;10,5;8;;jah
1960-10-09;9,5;6;;jah
1960-10-10;9,5;6;;jah
1960-10-11;10,5;8;;jah
1960-10-12;10,5;8;;jah
1960-10-13;10,5;8;;jah
1960-10-14;9,5;6;;jah
1960-10-15;10;7;;jah
1960-10-16;10,5;8;;jah
1960-10-17;11,5;10;;jah
1960-10-18;12,5;12;;jah
1960-10-19;12,5;12;;jah
1960-10-20;13,5;14;;jah
1960-10-21;14,6;16;;jah
1960-10-22;15,2;17;;jah
1960-10-23;15,8;18;;jah
1960-10-24;17;20;;jah
1960-10-25;17,6;21;;jah
1960-10-26;17;20;;jah
1960-10-27;15,8;18;;jah
1960-10-28;14,6;16;;jah
1960-10-29;14,6;16;;jah
1960-10-30;13,5;14;;jah
1960-10-31;13,5;14;;jah
1960-11-01;13,5;14;;jah
1960-11-02;12,5;12;;jah
1960-11-03;13,5;14;;jah
1960-11-04;14,6;16;;jah
1960-11-05;17;19;;jah
1960-11-06;18,8;22;;jah
1960-11-07;20;24;;jah
1960-11-08;20;24;;jah
1960-11-09;22,5;28;;jah
1960-11-10;31,6;42;;jah
1960-11-11;48,2;65;;jah
1960-11-12;50,8;68;;jah
1960-11-13;45,9;62;;jah
1960-11-14;42,9;58;;jah
1960-11-15;41,4;56;;jah
1960-11-16;47,4;64;;jah
1960-11-17;44,4;60;;jah
1960-11-18;38,5;52;;jah
1960-11-19;27;36;;jah
1960-11-20;25;33;;jah
1960-11-21;29,6;40;;jah
1960-11-22;27,6;37;;jah
1960-11-23;25,7;34;;jah
1960-11-24;25,7;34;;jah
1960-11-25;25,7;34;;jah
1960-11-26;26,3;36;;jah
1960-11-27;32,9;47;;jah
1960-11-28;49,1;70;;jah
1960-11-29;56,7;80;;jah
1960-11-30;59,4;83;;jah
1960-12-01;62,2;86;;jah
1960-12-02;64;88;;jah
1960-12-03;67,8;90;;jah
1960-12-04;102;116;;jah
1960-12-05;155;160;;jah
1960-12-06;179;180;;jah
1960-12-07;192;191;;jah
1960-12-08;200;196;;jah
1960-12-09;203;198;;jah
1960-12-10;190;188;;jah
1960-12-11;182;182;;jah
1960-12-12;190;189;;jah
1960-12-13;199;196;;jah
1960-12-14;182;184;;jah
1960-12-15;156;162;;jah
1960-12-16;134;144;;jah
1960-12-17;120;132;;jah
1960-12-18;113;126;;jah
1960-12-19;110;124;;jah
1960-12-20;108;122;;jah
1960-12-21;106;120;;jah
1960-12-22;104;118;;jah
1960-12-23;104;118;;jah
1960-12-24;96,1;112;;jah
1960-12-25;82,5;99;;jah
1960-12-26;75,5;92;;jah
1960-12-27;73,5;90;;jah
1960-12-28;68,7;85;;jah
1960-12-29;64;80;;jah
1960-12-30;60,4;76;;jah
1960-12-31;61,3;78;;jah
1961-01-01;53,8;75;;jah
1961-01-02;44,2;62;;jah
1961-01-03;39,9;54;;jah
1961-01-04;33,3;42;;jah
1961-01-05;36;46;;jah
1961-01-06;35,6;46;;jah
1961-01-07;36,6;48;;jah
1961-01-08;36,6;48;;jah
1961-01-09;40,3;54;;jah
1961-01-10;41,3;56;;jah
1961-01-11;43,6;60;;jah
1961-01-12;38,5;53;;jah
1961-01-13;37,3;52;;jah
1961-01-14;39,5;56;;jah
1961-01-15;39,1;56;;jah
1961-01-16;32,1;47;;jah
1961-01-17;32,5;51;;jah
1961-01-18;31,5;56;;jah
1961-01-19;29,2;69;;jah
1961-01-20;26,4;81;;jah
1961-01-21;24;80;;jah
1961-01-22;20,8;78;;jah
1961-01-23;18,8;80;;jah
1961-01-24;18,6;87;;jah
1961-01-25;18,2;88;;jah
1961-01-26;17,9;84;;jah
1961-01-27;17,3;72;;jah
1961-01-28;18;54;;jah
1961-01-29;18,5;41;;jah
1961-01-30;20,2;34;;jah
1961-01-31;35,4;62;;jah
1961-02-01;60,2;98;;jah
1961-02-02;72,9;112;;jah
1961-02-03;73,9;112;;jah
1961-02-04;64,3;99;;jah
1961-02-05;58,9;91;;jah
1961-02-06;55,9;86;;jah
1961-02-07;51,9;80;;jah
1961-02-08;51,1;78;;jah
1961-02-09;49,5;75;;jah
1961-02-10;48,6;73;;jah
1961-02-11;43,3;65;;jah
1961-02-12;35,2;52;;jah
1961-02-13;35,6;52;;jah
1961-02-14;39,3;57;;jah
1961-02-15;43,2;62;;jah
1961-02-16;43,7;62;;jah
1961-02-17;53,8;75;;jah
1961-02-18;70,6;94;;jah
1961-02-19;76,9;100;;jah
1961-02-20;81,6;104;;jah
1961-02-21;82,7;105;;jah
1961-02-22;82,5;104;;jah
1961-02-23;80,5;102;;jah
1961-02-24;75,7;96;;jah
1961-02-25;68,2;88;;jah
1961-02-26;63,5;82;;jah
1961-02-27;60,6;78;;jah
1961-02-28;59,5;76;;jah
1961-03-01;57,6;74;;jah
1961-03-02;55,8;74;;jah
1961-03-03;58,2;72;;jah
1961-03-04;59,9;72;;jah
1961-03-05;62,4;74;;jah
1961-03-06;64;75;;jah
1961-03-07;66,9;78;;jah
1961-03-08;64,6;75;;jah
1961-03-09;61,6;72;;jah
1961-03-10;57,9;68;;jah
1961-03-11;54,9;64;;jah
1961-03-12;52,1;61;;jah
1961-03-13;50,3;59;;jah
1961-03-14;54,9;64;;jah
1961-03-15;70,1;80;;jah
1961-03-16;76,4;86;;jah
1961-03-17;72,1;82;;jah
1961-03-18;66,2;76;;jah
1961-03-19;60,3;70;;jah
1961-03-20;58,4;68;;jah
1961-03-21;57,9;68;;jah
1961-03-22;54,4;64;;jah
1961-03-23;51,6;61;;jah
1961-03-24;52,5;62;;jah
1961-03-25;53,8;64;;jah
1961-03-26;90,7;101;;jah
1961-03-27;184;179;;jah
1961-03-28;194;188;;jah
1961-03-29;182;178;;jah
1961-03-30;170;170;;jah
1961-03-31;164;166;;jah
1961-04-01;157;161;;jah
1961-04-02;147;154;;jah
1961-04-03;138;146;;jah
1961-04-04;125;136;;jah
1961-04-05;109;122;;jah
1961-04-06;107;120;;jah
1961-04-07;132;144;;jah
1961-04-08;213;210;;jah
1961-04-09;222;217;;jah
1961-04-10;208;206;;jah
1961-04-11;171;178;;jah
1961-04-12;144;155;;jah
1961-04-13;129;142;;jah
1961-04-14;136;148;;jah
1961-04-15;149;160;;jah
1961-04-16;205;207;;jah
1961-04-17;217;216;;jah
1961-04-18;178;186;;jah
1961-04-19;140;153;;jah
1961-04-20;111;126;;jah
1961-04-21;84,9;102;;jah
1961-04-22;74,2;92;;jah
1961-04-23;64,8;82;;jah
1961-04-24;55,9;72;;jah
1961-04-25;49,3;64;;jah
1961-04-26;44,1;58;;jah
1961-04-27;41,2;54;;jah
1961-04-28;37;48;;jah
1961-04-29;32,6;42;;jah
1961-04-30;30;38;;jah
1961-05-01;28,8;36;;jah
1961-05-02;27,2;34;;jah
1961-05-03;25,9;32;;jah
1961-05-04;24,2;29;;jah
1961-05-05;23,5;28;;jah
1961-05-06;23,8;28;;jah
1961-05-07;25,9;31;;jah
1961-05-08;29,4;36;;jah
1961-05-09;35;44;;jah
1961-05-10;39,5;50;;jah
1961-05-11;42,9;54;;jah
1961-05-12;42,9;54;;jah
1961-05-13;43,3;54;;jah
1961-05-14;44;55;;jah
1961-05-15;44,8;56;;jah
1961-05-16;44,8;56;;jah
1961-05-17;44,4;56;;jah
1961-05-18;42,9;54;;jah
1961-05-19;37,7;48;;jah
1961-05-20;34,3;44;;jah
1961-05-21;30,6;39;;jah
1961-05-22;29,4;38;;jah
1961-05-23;27,9;36;;jah
1961-05-24;26,6;35;;jah
1961-05-25;24,6;32;;jah
1961-05-26;21,8;28;;jah
1961-05-27;20,5;26;;jah
1961-05-28;19,1;24;;jah
1961-05-29;17,7;22;;jah
1961-05-30;16,4;20;;jah
1961-05-31;15,7;19;;jah
1961-06-01;14,6;17;;jah
1961-06-02;13,7;16;;jah
1961-06-03;13,1;15;;jah
1961-06-04;12,5;14;;jah
1961-06-05;11,1;11;;jah
1961-06-06;11,4;12;;jah
1961-06-07;10,8;11;;jah
1961-06-08;10,7;11;;jah
1961-06-09;10,9;12;;jah
1961-06-10;10,9;12;;jah
1961-06-11;10,8;12;;jah
1961-06-12;10,8;12;;jah
1961-06-13;10,2;11;;jah
1961-06-14;10,5;12;;jah
1961-06-15;11,3;14;;jah
1961-06-16;15,5;24;;jah
1961-06-17;19,7;34;;jah
1961-06-18;18,8;32;;jah
1961-06-19;18,5;32;;jah
1961-06-20;14,7;23;;jah
1961-06-21;13,6;21;;jah
1961-06-22;12,4;18;;jah
1961-06-23;12;17;;jah
1961-06-24;13;20;;jah
1961-06-25;13,4;21;;jah
1961-06-26;13,2;21;;jah
1961-06-27;13,6;22;;jah
1961-06-28;14;23;;jah
1961-06-29;13,4;22;;jah
1961-06-30;12,6;20;;jah
1961-07-01;13,4;22;;jah
1961-07-02;13,2;22;;jah
1961-07-03;12,4;20;;jah
1961-07-04;11,3;17;;jah
1961-07-05;10,7;16;;jah
1961-07-06;10,7;16;;jah
1961-07-07;11,1;17;;jah
1961-07-08;11,3;18;;jah
1961-07-09;11,3;18;;jah
1961-07-10;10,6;16;;jah
1961-07-11;11,3;18;;jah
1961-07-12;11,8;20;;jah
1961-07-13;12,6;22;;jah
1961-07-14;12,2;21;;jah
1961-07-15;12,2;21;;jah
1961-07-16;11,4;19;;jah
1961-07-17;11,1;18;;jah
1961-07-18;11,6;19;;jah
1961-07-19;12,4;21;;jah
1961-07-20;12;20;;jah
1961-07-21;13,5;24;;jah
1961-07-22;14,3;26;;jah
1961-07-23;14,2;25;;jah
1961-07-24;15,2;28;;jah
1961-07-25;18,8;37;;jah
1961-07-26;19,2;37;;jah
1961-07-27;19,6;38;;jah
1961-07-28;22,9;45;;jah
1961-07-29;29,9;60;;jah
1961-07-30;33,5;66;;jah
1961-07-31;31,9;63;;jah
1961-08-01;32,5;64;;jah
1961-08-02;30,8;60;;jah
1961-08-03;29,3;56;;jah
1961-08-04;28,3;54;;jah
1961-08-05;24,9;46;;jah
1961-08-06;23;42;;jah
1961-08-07;21,9;39;;jah
1961-08-08;20,6;36;;jah
1961-08-09;18,1;30;;jah
1961-08-10;16,8;27;;jah
1961-08-11;17,5;28;;jah
1961-08-12;16,7;26;;jah
1961-08-13;16;24;;jah
1961-08-14;16;24;;jah
1961-08-15;18;28;;jah
1961-08-16;19,9;32;;jah
1961-08-17;21,1;34;;jah
1961-08-18;22,4;36;;jah
1961-08-19;23,4;38;;jah
1961-08-20;25,7;42;;jah
1961-08-21;47,3;78;;jah
1961-08-22;69;106;;jah
1961-08-23;74,7;113;;jah
1961-08-24;91,6;132;;jah
1961-08-25;95,2;135;;jah
1961-08-26;86,1;123;;jah
1961-08-27;81,6;116;;jah
1961-08-28;69,3;102;;jah
1961-08-29;61,2;91;;jah
1961-08-30;51,7;78;;jah
1961-08-31;44,4;68;;jah
1961-09-01;40,8;62;;jah
1961-09-02;35,6;54;;jah
1961-09-03;30;44;;jah
1961-09-04;27;39;;jah
1961-09-05;25,8;36;;jah
1961-09-06;23,5;32;;jah
1961-09-07;22,6;30;;jah
1961-09-08;26,4;36;;jah
1961-09-09;45,6;66;;jah
1961-09-10;63,9;89;;jah
1961-09-11;66,4;91;;jah
1961-09-12;67,3;92;;jah
1961-09-13;91,5;118;;jah
1961-09-14;104;130;;jah
1961-09-15;108;134;;jah
1961-09-16;94,3;120;;jah
1961-09-17;83,6;108;;jah
1961-09-18;70,6;94;;jah
1961-09-19;67;90;;jah
1961-09-20;63,4;85;;jah
1961-09-21;57,4;78;;jah
1961-09-22;50,8;70;;jah
1961-09-23;47;65;;jah
1961-09-24;42,9;59;;jah
1961-09-25;38,1;52;;jah
1961-09-26;35,1;48;;jah
1961-09-27;35,4;48;;jah
1961-09-28;35,8;48;;jah
1961-09-29;35,8;48;;jah
1961-09-30;29,9;39;;jah
1961-10-01;26,3;33;;jah
1961-10-02;24,5;30;;jah
1961-10-03;21,8;25;;jah
1961-10-04;20;22;;jah
1961-10-05;18,8;20;;jah
1961-10-06;19,4;21;;jah
1961-10-07;20;22;;jah
1961-10-08;20;22;;jah
1961-10-09;20;22;;jah
1961-10-10;18,8;20;;jah
1961-10-11;18,8;20;;jah
1961-10-12;18,8;20;;jah
1961-10-13;17,9;18;;jah
1961-10-14;17,9;18;;jah
1961-10-15;17,9;18;;jah
1961-10-16;17,9;18;;jah
1961-10-17;17,9;18;;jah
1961-10-18;17,9;18;;jah
1961-10-19;19;20;;jah
1961-10-20;19;20;;jah
1961-10-21;17,9;18;;jah
1961-10-22;17,9;18;;jah
1961-10-23;17,3;17;;jah
1961-10-24;16,7;16;;jah
1961-10-25;16,7;16;;jah
1961-10-26;16,7;16;;jah
1961-10-27;16,7;16;;jah
1961-10-28;17,9;18;;jah
1961-10-29;17,3;17;;jah
1961-10-30;19;20;;jah
1961-10-31;20,2;22;;jah
1961-11-01;24,4;29;;jah
1961-11-02;30,6;39;;jah
1961-11-03;35,9;47;;jah
1961-11-04;41,2;54;;jah
1961-11-05;49,5;65;;jah
1961-11-06;47,1;62;;jah
1961-11-07;44,7;59;;jah
1961-11-08;42,6;56;;jah
1961-11-09;39,7;52;;jah
1961-11-10;35,6;46;;jah
1961-11-11;29,7;37;;jah
1961-11-12;25,2;30;;jah
1961-11-13;24;28;;jah
1961-11-14;20,4;22;;jah
1961-11-15;19,8;21;;jah
1961-11-16;21;23;;jah
1961-11-17;21,6;24;;jah
1961-11-18;22,3;25;;jah
1961-11-19;22,8;26;;jah
1961-11-20;22,8;26;;jah
1961-11-21;24;28;;jah
1961-11-22;27,7;34;;jah
1961-11-23;34,9;45;;jah
1961-11-24;45,5;60;;jah
1961-11-25;44,5;58;;jah
1961-11-26;47,6;62;;jah
1961-11-27;50,1;65;;jah
1961-11-28;50,8;66;;jah
1961-11-29;50,8;66;;jah
1961-11-30;50,8;66;;jah
1961-12-01;49,3;64;;jah
1961-12-02;47,6;62;;jah
1961-12-03;48,8;64;;jah
1961-12-04;51,9;68;;jah
1961-12-05;51,9;68;;jah
1961-12-06;89,3;109;;jah
1961-12-07;147;164;;jah
1961-12-08;159;177;;jah
1961-12-09;149;169;;jah
1961-12-10;117;142;;jah
1961-12-11;99,9;146;;jah
1961-12-12;91,6;132;;jah
1961-12-13;85,9;120;;jah
1961-12-14;73,2;110;;jah
1961-12-15;65,6;114;;jah
1961-12-16;62;144;;jah
1961-12-17;56,9;166;;jah
1961-12-18;51,5;164;;jah
1961-12-19;46,1;140;;jah
1961-12-20;38,8;114;;jah
1961-12-21;33;98;;jah
1961-12-22;29;88;;jah
1961-12-23;27,1;83;;jah
1961-12-24;26;80;;jah
1961-12-25;25,2;78;;jah
1961-12-26;24,2;75;;jah
1961-12-27;22,7;71;;jah
1961-12-28;21,6;68;;jah
1961-12-29;21;66;;jah
1961-12-30;21,2;65;;jah
1961-12-31;21,5;66;;jah
1962-01-01;20,9;62;;jah
1962-01-02;22,2;67;;jah
1962-01-03;24;88;;jah
1962-01-04;26,2;96;;jah
1962-01-05;27,8;94;;jah
1962-01-06;34,5;104;;jah
1962-01-07;44,7;118;;jah
1962-01-08;42,6;116;;jah
1962-01-09;39,4;111;;jah
1962-01-10;35,6;106;;jah
1962-01-11;31,7;100;;jah
1962-01-12;31,1;99;;jah
1962-01-13;40,6;112;;jah
1962-01-14;62,6;138;;jah
1962-01-15;97;170;;jah
1962-01-16;106;176;;jah
1962-01-17;99,3;167;;jah
1962-01-18;104;168;;jah
1962-01-19;150;203;;jah
1962-01-20;170;214;;jah
1962-01-21;148;202;;jah
1962-01-22;123;186;;jah
1962-01-23;106;177;;jah
1962-01-24;116;184;;jah
1962-01-25;129;194;;jah
1962-01-26;124;195;;jah
1962-01-27;118;186;;jah
1962-01-28;112;178;;jah
1962-01-29;103;168;;jah
1962-01-30;91,7;157;;jah
1962-01-31;80,5;145;;jah
1962-02-01;65,2;126;;jah
1962-02-02;60,1;120;;jah
1962-02-03;59,2;120;;jah
1962-02-04;52,8;116;;jah
1962-02-05;48,3;113;;jah
1962-02-06;42,6;104;;jah
1962-02-07;40,6;98;;jah
1962-02-08;38,8;92;;jah
1962-02-09;36,9;86;;jah
1962-02-10;33,9;79;;jah
1962-02-11;33,9;79;;jah
1962-02-12;38,1;88;;jah
1962-02-13;41,9;98;;jah
1962-02-14;40;98;;jah
1962-02-15;40;102;;jah
1962-02-16;39,4;104;;jah
1962-02-17;38,8;104;;jah
1962-02-18;38,1;99;;jah
1962-02-19;36,2;92;;jah
1962-02-20;36,9;94;;jah
1962-02-21;36,2;94;;jah
1962-02-22;35,6;96;;jah
1962-02-23;34,5;96;;jah
1962-02-24;34,5;99;;jah
1962-02-25;33,4;99;;jah
1962-02-26;33,4;105;;jah
1962-02-27;32,8;102;;jah
1962-02-28;32,2;100;;jah
1962-03-01;32,2;99;;jah
1962-03-02;31,1;102;;jah
1962-03-03;30;102;;jah
1962-03-04;29,4;99;;jah
1962-03-05;28,9;94;;jah
1962-03-06;27,8;92;;jah
1962-03-07;25,6;92;;jah
1962-03-08;25,6;94;;jah
1962-03-09;25,6;94;;jah
1962-03-10;25,6;90;;jah
1962-03-11;23,2;89;;jah
1962-03-12;22,2;87;;jah
1962-03-13;20,9;84;;jah
1962-03-14;20,4;82;;jah
1962-03-15;20;78;;jah
1962-03-16;19,6;73;;jah
1962-03-17;18,4;68;;jah
1962-03-18;18;66;;jah
1962-03-19;16,3;62;;jah
1962-03-20;15,9;60;;jah
1962-03-21;15,9;58;;jah
1962-03-22;15,5;56;;jah
1962-03-23;15,5;54;;jah
1962-03-24;15,2;53;;jah
1962-03-25;15,2;53;;jah
1962-03-26;13,7;58;;jah
1962-03-27;13,7;58;;jah
1962-03-28;13,7;58;;jah
1962-03-29;13,4;56;;jah
1962-03-30;13,4;54;;jah
1962-03-31;13,4;50;;jah
1962-04-01;13,7;50;;jah
1962-04-02;17,1;62;;jah
1962-04-03;22,2;76;;jah
1962-04-04;52,1;152;;jah
1962-04-05;114;262;;jah
1962-04-06;274;386;;jah
1962-04-07;397;379;;jah
1962-04-08;412;346;;jah
1962-04-09;499;381;;jah
1962-04-10;506;372;;jah
1962-04-11;480;354;;jah
1962-04-12;427;333;;jah
1962-04-13;379;312;;jah
1962-04-14;331;290;;jah
1962-04-15;270;266;;jah
1962-04-16;243;244;;jah
1962-04-17;200;216;;jah
1962-04-18;166;187;;jah
1962-04-19;152;163;;jah
1962-04-20;130;140;;jah
1962-04-21;110;120;;jah
1962-04-22;92,7;102;;jah
1962-04-23;78,5;86;;jah
1962-04-24;76,5;82;;jah
1962-04-25;74,5;79;;jah
1962-04-26;74,5;78;;jah
1962-04-27;74,5;80;;jah
1962-04-28;71,7;80;;jah
1962-04-29;74,5;86;;jah
1962-04-30;82,5;98;;jah
1962-05-01;77,5;94;;jah
1962-05-02;99,3;118;;jah
1962-05-03;184;186;;jah
1962-05-04;195;196;;jah
1962-05-05;224;217;;jah
1962-05-06;200;197;;jah
1962-05-07;184;182;;jah
1962-05-08;169;170;;jah
1962-05-09;149;156;;jah
1962-05-10;123;135;;jah
1962-05-11;99,3;116;;jah
1962-05-12;82,5;100;;jah
1962-05-13;68,9;86;;jah
1962-05-14;60,1;76;;jah
1962-05-15;53,6;68;;jah
1962-05-16;46,9;60;;jah
1962-05-17;43,3;55;;jah
1962-05-18;41,3;52;;jah
1962-05-19;40;50;;jah
1962-05-20;38,1;48;;jah
1962-05-21;36,2;45;;jah
1962-05-22;35,6;44;;jah
1962-05-23;36,2;48;;jah
1962-05-24;35,6;53;;jah
1962-05-25;38,1;58;;jah
1962-05-26;38,8;56;;jah
1962-05-27;37,5;52;;jah
1962-05-28;36,2;49;;jah
1962-05-29;36,9;50;;jah
1962-05-30;38,1;52;;jah
1962-05-31;36,2;50;;jah
1962-06-01;36,2;50;;jah
1962-06-02;45,4;64;;jah
1962-06-03;56,7;79;;jah
1962-06-04;54,4;76;;jah
1962-06-05;50,5;72;;jah
1962-06-06;43,3;63;;jah
1962-06-07;34,5;50;;jah
1962-06-08;29,4;42;;jah
1962-06-09;27,2;40;;jah
1962-06-10;24,5;35;;jah
1962-06-11;22,2;31;;jah
1962-06-12;23,2;34;;jah
1962-06-13;22,2;32;;jah
1962-06-14;20,4;29;;jah
1962-06-15;21,8;32;;jah
1962-06-16;22,7;34;;jah
1962-06-17;22,2;35;;jah
1962-06-18;21,4;32;;jah
1962-06-19;19,6;28;;jah
1962-06-20;18,4;26;;jah
1962-06-21;20,4;31;;jah
1962-06-22;21,4;33;;jah
1962-06-23;18,8;27;;jah
1962-06-24;18;25;;jah
1962-06-25;17,5;24;;jah
1962-06-26;21,8;34;;jah
1962-06-27;21,8;34;;jah
1962-06-28;22,7;36;;jah
1962-06-29;23,6;38;;jah
1962-06-30;23,2;37;;jah
1962-07-01;25,6;42;;jah
1962-07-02;26,7;44;;jah
1962-07-03;23,6;38;;jah
1962-07-04;24,5;40;;jah
1962-07-05;28,9;48;;jah
1962-07-06;31,1;52;;jah
1962-07-07;32,2;54;;jah
1962-07-08;31,1;52;;jah
1962-07-09;26,7;44;;jah
1962-07-10;26,7;44;;jah
1962-07-11;26,7;44;;jah
1962-07-12;26,2;44;;jah
1962-07-13;38,1;66;;jah
1962-07-14;81,5;122;;jah
1962-07-15;79,5;122;;jah
1962-07-16;86,6;132;;jah
1962-07-17;92,7;139;;jah
1962-07-18;100;147;;jah
1962-07-19;91,7;140;;jah
1962-07-20;76,5;125;;jah
1962-07-21;55,9;102;;jah
1962-07-22;50,5;95;;jah
1962-07-23;45,4;88;;jah
1962-07-24;41,9;83;;jah
1962-07-25;40,6;80;;jah
1962-07-26;38,8;76;;jah
1962-07-27;38,1;74;;jah
1962-07-28;35;68;;jah
1962-07-29;28,4;56;;jah
1962-07-30;25;49;;jah
1962-07-31;23,6;46;;jah
1962-08-01;20,9;40;;jah
1962-08-02;19,6;37;;jah
1962-08-03;18;33;;jah
1962-08-04;16,7;30;;jah
1962-08-05;15,9;28;;jah
1962-08-06;17,5;32;;jah
1962-08-07;18,8;35;;jah
1962-08-08;21,4;41;;jah
1962-08-09;23,6;46;;jah
1962-08-10;25,6;50;;jah
1962-08-11;26,7;52;;jah
1962-08-12;26,2;51;;jah
1962-08-13;29,4;57;;jah
1962-08-14;30;58;;jah
1962-08-15;25,6;50;;jah
1962-08-16;24,5;48;;jah
1962-08-17;23,2;46;;jah
1962-08-18;23,6;47;;jah
1962-08-19;26,7;53;;jah
1962-08-20;32,8;64;;jah
1962-08-21;38,8;74;;jah
1962-08-22;40;76;;jah
1962-08-23;38,8;74;;jah
1962-08-24;41,3;78;;jah
1962-08-25;54,4;96;;jah
1962-08-26;66,1;110;;jah
1962-08-27;98,1;142;;jah
1962-08-28;110;152;;jah
1962-08-29;129;168;;jah
1962-08-30;171;200;;jah
1962-08-31;187;211;;jah
1962-09-01;171;200;;jah
1962-09-02;169;197;;jah
1962-09-03;152;185;;jah
1962-09-04;140;175;;jah
1962-09-05;123;161;;jah
1962-09-06;118;156;;jah
1962-09-07;111;150;;jah
1962-09-08;105;144;;jah
1962-09-09;106;145;;jah
1962-09-10;111;149;;jah
1962-09-11;114;151;;jah
1962-09-12;125;160;;jah
1962-09-13;183;202;;jah
1962-09-14;188;236;;jah
1962-09-15;236;236;;jah
1962-09-16;200;213;;jah
1962-09-17;184;202;;jah
1962-09-18;177;196;;jah
1962-09-19;171;192;;jah
1962-09-20;164;186;;jah
1962-09-21;156;180;;jah
1962-09-22;150;176;;jah
1962-09-23;138;166;;jah
1962-09-24;124;154;;jah
1962-09-25;104;136;;jah
1962-09-26;92,7;126;;jah
1962-09-27;84,5;118;;jah
1962-09-28;75,5;108;;jah
1962-09-29;71,7;104;;jah
1962-09-30;67,1;98;;jah
1962-10-01;62,6;93;;jah
1962-10-02;60,1;89;;jah
1962-10-03;52,1;78;;jah
1962-10-04;51,3;76;;jah
1962-10-05;47,6;71;;jah
1962-10-06;45,4;67;;jah
1962-10-07;46,9;68;;jah
1962-10-08;46,9;68;;jah
1962-10-09;46,2;66;;jah
1962-10-10;44;62;;jah
1962-10-11;41,9;59;;jah
1962-10-12;40,6;56;;jah
1962-10-13;40;54;;jah
1962-10-14;40,6;54;;jah
1962-10-15;40;53;;jah
1962-10-16;41,9;55;;jah
1962-10-17;43,3;56;;jah
1962-10-18;48,3;62;;jah
1962-10-19;97;114;;jah
1962-10-20;119;132;;jah
1962-10-21;120;133;;jah
1962-10-22;116;128;;jah
1962-10-23;110;122;;jah
1962-10-24;104;117;;jah
1962-10-25;93,8;107;;jah
1962-10-26;86,6;100;;jah
1962-10-27;78,5;92;;jah
1962-10-28;82,5;96;;jah
1962-10-29;84,5;98;;jah
1962-10-30;79,5;93;;jah
1962-10-31;72,6;87;;jah
1962-11-01;66,1;80;;jah
1962-11-02;64,4;79;;jah
1962-11-03;71,7;87;;jah
1962-11-04;67,1;83;;jah
1962-11-05;65,2;82;;jah
1962-11-06;61,8;79;;jah
1962-11-07;57,6;74;;jah
1962-11-08;52,1;68;;jah
1962-11-09;46,2;60;;jah
1962-11-10;44,7;59;;jah
1962-11-11;42,6;55;;jah
1962-11-12;39,4;49;;jah
1962-11-13;37,5;44;;jah
1962-11-14;43,3;51;;jah
1962-11-15;40,6;46;;jah
1962-11-16;40,6;44;;jah
1962-11-17;48,3;54;;jah
1962-11-18;53,6;60;;jah
1962-11-19;56,7;64;;jah
1962-11-20;60,1;68;;jah
1962-11-21;88,6;98;;jah
1962-11-22;119;135;;jah
1962-11-23;118;134;;jah
1962-11-24;118;134;;jah
1962-11-25;113;131;;jah
1962-11-26;117;134;;jah
1962-11-27;123;139;;jah
1962-11-28;117;134;;jah
1962-11-29;107;126;;jah
1962-11-30;95,9;115;;jah
1962-12-01;73,6;92;;jah
1962-12-02;71,7;88;;jah
1962-12-03;77,5;93;;jah
1962-12-04;69,8;84;;jah
1962-12-05;79,5;94;;jah
1962-12-06;90;104;;jah
1962-12-07;87,6;102;;jah
1962-12-08;81,5;96;;jah
1962-12-09;77,5;92;;jah
1962-12-10;75,5;90;;jah
1962-12-11;83,5;98;;jah
1962-12-12;77,5;92;;jah
1962-12-13;87,6;102;;jah
1962-12-14;114;126;;jah
1962-12-15;108;122;;jah
1962-12-16;95,9;114;;jah
1962-12-17;80,5;114;;jah
1962-12-18;52,8;125;;jah
1962-12-19;41,9;110;;jah
1962-12-20;35,6;100;;jah
1962-12-21;32,2;105;;jah
1962-12-22;30;122;;jah
1962-12-23;29,4;132;;jah
1962-12-24;27,8;122;;jah
1962-12-25;26,7;106;;jah
1962-12-26;25,6;98;;jah
1962-12-27;24;92;;jah
1962-12-28;23,2;92;;jah
1962-12-29;22,2;92;;jah
1962-12-30;20,4;90;;jah
1962-12-31;20;96;;jah
1963-01-01;19,1;85;;jah
1963-01-02;18,5;80;;jah
1963-01-03;18;77;;jah
1963-01-04;17,4;72;;jah
1963-01-05;16,9;68;;jah
1963-01-06;16,5;60;;jah
1963-01-07;16;56;;jah
1963-01-08;15,6;54;;jah
1963-01-09;15,3;50;;jah
1963-01-10;15;46;;jah
1963-01-11;14,6;43;;jah
1963-01-12;14,4;38;;jah
1963-01-13;14;34;;jah
1963-01-14;13,8;33;;jah
1963-01-15;13,6;32;;jah
1963-01-16;13,3;34;;jah
1963-01-17;13,1;32;;jah
1963-01-18;12,8;30;;jah
1963-01-19;12,6;30;;jah
1963-01-20;12,6;28;;jah
1963-01-21;12,5;29;;jah
1963-01-22;12,4;28;;jah
1963-01-23;12,3;28;;jah
1963-01-24;12,2;28;;jah
1963-01-25;12,1;30;;jah
1963-01-26;12;31;;jah
1963-01-27;11,9;28;;jah
1963-01-28;11,8;28;;jah
1963-01-29;11,7;26;;jah
1963-01-30;11,6;26;;jah
1963-01-31;11,5;26;;jah
1963-02-01;11,5;26;;jah
1963-02-02;11,4;24;;jah
1963-02-03;11,4;24;;jah
1963-02-04;11,3;23;;jah
1963-02-05;11,3;23;;jah
1963-02-06;11,2;24;;jah
1963-02-07;11,2;22;;jah
1963-02-08;11,1;22;;jah
1963-02-09;11,1;25;;jah
1963-02-10;11;26;;jah
1963-02-11;11;24;;jah
1963-02-12;10,9;24;;jah
1963-02-13;10,9;24;;jah
1963-02-14;10,8;23;;jah
1963-02-15;10,8;24;;jah
1963-02-16;10,7;25;;jah
1963-02-17;10,7;26;;jah
1963-02-18;10,6;26;;jah
1963-02-19;10,6;25;;jah
1963-02-20;10,5;25;;jah
1963-02-21;10,5;23;;jah
1963-02-22;10,4;22;;jah
1963-02-23;10,4;24;;jah
1963-02-24;10,3;22;;jah
1963-02-25;10,3;22;;jah
1963-02-26;10,2;22;;jah
1963-02-27;10,2;23;;jah
1963-02-28;10,2;23;;jah
1963-03-01;10,2;23;;jah
1963-03-02;10,2;23;;jah
1963-03-03;10,4;24;;jah
1963-03-04;10,6;25;;jah
1963-03-05;10,8;24;;jah
1963-03-06;11;24;;jah
1963-03-07;11,2;26;;jah
1963-03-08;11,4;26;;jah
1963-03-09;11,2;27;;jah
1963-03-10;11;26;;jah
1963-03-11;10,8;24;;jah
1963-03-12;10,6;22;;jah
1963-03-13;10,4;24;;jah
1963-03-14;10,2;24;;jah
1963-03-15;10;22;;jah
1963-03-16;9,5;21;;jah
1963-03-17;9,11;22;;jah
1963-03-18;9,11;21;;jah
1963-03-19;9,11;21;;jah
1963-03-20;9,11;21;;jah
1963-03-21;9,11;22;;jah
1963-03-22;9,11;22;;jah
1963-03-23;9,11;22;;jah
1963-03-24;9,11;22;;jah
1963-03-25;9,11;22;;jah
1963-03-26;9,11;22;;jah
1963-03-27;9,11;23;;jah
1963-03-28;9,11;23;;jah
1963-03-29;9,11;24;;jah
1963-03-30;9,11;23;;jah
1963-03-31;8,92;22;;jah
1963-04-01;8,64;21;;jah
1963-04-02;8,92;22;;jah
1963-04-03;8,92;22;;jah
1963-04-04;8,92;22;;jah
1963-04-05;8,92;22;;jah
1963-04-06;9,2;24;;jah
1963-04-07;9,51;24;;jah
1963-04-08;9,51;23;;jah
1963-04-09;9,51;22;;jah
1963-04-10;13;29;;jah
1963-04-11;19,6;42;;jah
1963-04-12;91,7;138;;jah
1963-04-13;232;252;;jah
1963-04-14;264;300;;jah
1963-04-15;281;326;;jah
1963-04-16;335;358;;jah
1963-04-17;287;262;;jah
1963-04-18;259;245;;jah
1963-04-19;241;235;;jah
1963-04-20;215;220;;jah
1963-04-21;187;200;;jah
1963-04-22;159;177;;jah
1963-04-23;143;162;;jah
1963-04-24;126;144;;jah
1963-04-25;120;135;;jah
1963-04-26;114;128;;jah
1963-04-27;111;122;;jah
1963-04-28;102;112;;jah
1963-04-29;88,6;98;;jah
1963-04-30;82,5;90;;jah
1963-05-01;81,5;92;;jah
1963-05-02;99,3;113;;jah
1963-05-03;126;138;;jah
1963-05-04;132;146;;jah
1963-05-05;126;140;;jah
1963-05-06;120;134;;jah
1963-05-07;128;139;;jah
1963-05-08;126;136;;jah
1963-05-09;116;126;;jah
1963-05-10;99,3;111;;jah
1963-05-11;87,6;98;;jah
1963-05-12;76,5;85;;jah
1963-05-13;69,8;75;;jah
1963-05-14;67,1;70;;jah
1963-05-15;56,7;60;;jah
1963-05-16;51,3;56;;jah
1963-05-17;47,6;54;;jah
1963-05-18;43,3;50;;jah
1963-05-19;40,6;48;;jah
1963-05-20;36,2;43;;jah
1963-05-21;33,4;40;;jah
1963-05-22;29,4;36;;jah
1963-05-23;26,2;32;;jah
1963-05-24;24;29;;jah
1963-05-25;21,8;26;;jah
1963-05-26;20,4;24;;jah
1963-05-27;19,2;22;;jah
1963-05-28;16,3;17;;jah
1963-05-29;16,3;18;;jah
1963-05-30;15,2;16;;jah
1963-05-31;14,5;14;;jah
1963-06-01;13;12;;jah
1963-06-02;13;12;;jah
1963-06-03;12;10;;jah
1963-06-04;11,4;9;;jah
1963-06-05;11,7;10;;jah
1963-06-06;11,4;9;;jah
1963-06-07;10,8;8;;jah
1963-06-08;10,8;8;;jah
1963-06-09;10,1;6;;jah
1963-06-10;10,1;6;;jah
1963-06-11;9,51;5;;jah
1963-06-12;9,2;4;;jah
1963-06-13;9,51;5;;jah
1963-06-14;9,82;6;;jah
1963-06-15;9,82;6;;jah
1963-06-16;9,2;4;;jah
1963-06-17;9,82;6;;jah
1963-06-18;9,51;5;;jah
1963-06-19;9,2;4;;jah
1963-06-20;8,92;3;;jah
1963-06-21;8,64;3;;jah
1963-06-22;8,64;3;;jah
1963-06-23;8,64;3;;jah
1963-06-24;8,92;4;;jah
1963-06-25;8,92;4;;jah
1963-06-26;9,51;6;;jah
1963-06-27;10,1;8;;jah
1963-06-28;10,8;10;;jah
1963-06-29;10,8;11;;jah
1963-06-30;10,4;10;;jah
1963-07-01;9,82;8;;jah
1963-07-02;9,2;6;;jah
1963-07-03;8,64;4;;jah
1963-07-04;8,64;4;;jah
1963-07-05;8,36;4;;jah
1963-07-06;7,8;2;;jah
1963-07-07;7,8;2;;jah
1963-07-08;7,52;2;;jah
1963-07-09;7,24;1;;jah
1963-07-10;8,08;4;;jah
1963-07-11;8,64;6;;jah
1963-07-12;8,64;6;;jah
1963-07-13;8,92;7;;jah
1963-07-14;8,64;6;;jah
1963-07-15;8,64;6;;jah
1963-07-16;7,8;4;;jah
1963-07-17;7,52;3;;jah
1963-07-18;7,24;2;;jah
1963-07-19;7,24;2;;jah
1963-07-20;6,96;1;;jah
1963-07-21;6,96;1;;jah
1963-07-22;6,4;0;;jah
1963-07-23;6,4;-1;;jah
1963-07-24;6,16;-2;;jah
1963-07-25;6,16;-2;;jah
1963-07-26;5,92;-3;;jah
1963-07-27;5,92;-3;;jah
1963-07-28;5,92;-3;;jah
1963-07-29;5,68;-4;;jah
1963-07-30;6,96;1;;jah
1963-07-31;8,36;6;;jah
1963-08-01;8,92;8;;jah
1963-08-02;8,64;6;;jah
1963-08-03;8,36;5;;jah
1963-08-04;8,08;4;;jah
1963-08-05;7,8;3;;jah
1963-08-06;7,24;1;;jah
1963-08-07;7,8;2;;jah
1963-08-08;7,8;2;;jah
1963-08-09;7,8;1;;jah
1963-08-10;7,8;1;;jah
1963-08-11;8,36;2;;jah
1963-08-12;8,92;4;;jah
1963-08-13;8,92;3;;jah
1963-08-14;9,51;4;;jah
1963-08-15;10,1;6;;jah
1963-08-16;11,1;8;;jah
1963-08-17;12,7;12;;jah
1963-08-18;15,5;19;;jah
1963-08-19;19,6;28;;jah
1963-08-20;19,2;26;;jah
1963-08-21;19,6;26;;jah
1963-08-22;20,9;28;;jah
1963-08-23;21,4;28;;jah
1963-08-24;22,7;30;;jah
1963-08-25;26,7;37;;jah
1963-08-26;29,4;41;;jah
1963-08-27;29,4;40;;jah
1963-08-28;28,9;38;;jah
1963-08-29;28,9;37;;jah
1963-08-30;32,2;42;;jah
1963-08-31;33,4;44;;jah
1963-09-01;31,1;40;;jah
1963-09-02;27,2;34;;jah
1963-09-03;24,5;30;;jah
1963-09-04;22,2;26;;jah
1963-09-05;20,9;24;;jah
1963-09-06;19,2;22;;jah
1963-09-07;16,3;16;;jah
1963-09-08;15,9;16;;jah
1963-09-09;16,7;20;;jah
1963-09-10;15,9;19;;jah
1963-09-11;15,5;19;;jah
1963-09-12;15,5;20;;jah
1963-09-13;14,5;18;;jah
1963-09-14;14,1;18;;jah
1963-09-15;13,4;16;;jah
1963-09-16;12,7;14;;jah
1963-09-17;12,7;14;;jah
1963-09-18;12,3;13;;jah
1963-09-19;12,3;13;;jah
1963-09-20;12;12;;jah
1963-09-21;11,4;10;;jah
1963-09-22;11,4;10;;jah
1963-09-23;10,8;8;;jah
1963-09-24;10,8;8;;jah
1963-09-25;10,8;8;;jah
1963-09-26;10,4;6;;jah
1963-09-27;10,4;6;;jah
1963-09-28;11,1;7;;jah
1963-09-29;12,3;10;;jah
1963-09-30;12,7;11;;jah
1963-10-01;14,1;14;;jah
1963-10-02;16,7;19;;jah
1963-10-03;20;25;;jah
1963-10-04;40;60;;jah
1963-10-05;104;129;;jah
1963-10-06;100;124;;jah
1963-10-07;83,5;106;;jah
1963-10-08;71,7;93;;jah
1963-10-09;68,9;88;;jah
1963-10-10;62,6;80;;jah
1963-10-11;61,8;78;;jah
1963-10-12;68;88;;jah
1963-10-13;91,7;116;;jah
1963-10-14;114;138;;jah
1963-10-15;141;162;;jah
1963-10-16;135;156;;jah
1963-10-17;123;144;;jah
1963-10-18;112;134;;jah
1963-10-19;102;124;;jah
1963-10-20;90;113;;jah
1963-10-21;77,5;100;;jah
1963-10-22;72,6;94;;jah
1963-10-23;68,9;90;;jah
1963-10-24;64,4;84;;jah
1963-10-25;58,4;77;;jah
1963-10-26;53,6;70;;jah
1963-10-27;49,8;65;;jah
1963-10-28;46,2;60;;jah
1963-10-29;44;56;;jah
1963-10-30;41,3;52;;jah
1963-10-31;38,1;47;;jah
1963-11-01;36,2;44;;jah
1963-11-02;34,5;40;;jah
1963-11-03;32,8;37;;jah
1963-11-04;33,9;39;;jah
1963-11-05;38,1;46;;jah
1963-11-06;39,4;47;;jah
1963-11-07;39,4;47;;jah
1963-11-08;39,4;47;;jah
1963-11-09;46,2;57;;jah
1963-11-10;59,2;74;;jah
1963-11-11;69,8;86;;jah
1963-11-12;69,8;86;;jah
1963-11-13;68;84;;jah
1963-11-14;67,1;84;;jah
1963-11-15;66,1;84;;jah
1963-11-16;72,6;92;;jah
1963-11-17;94,8;116;;jah
1963-11-18;114;136;;jah
1963-11-19;129;156;;jah
1963-11-20;167;193;;jah
1963-11-21;157;184;;jah
1963-11-22;143;172;;jah
1963-11-23;124;154;;jah
1963-11-24;90;126;;jah
1963-11-25;71,7;110;;jah
1963-11-26;63,5;102;;jah
1963-11-27;61,8;112;;jah
1963-11-28;58,4;104;;jah
1963-11-29;53,6;104;;jah
1963-11-30;48,3;107;;jah
1963-12-01;42,6;105;;jah
1963-12-02;38,8;112;;jah
1963-12-03;34,5;110;;jah
1963-12-04;30;96;;jah
1963-12-05;25,6;86;;jah
1963-12-06;24,5;84;;jah
1963-12-07;23,2;74;;jah
1963-12-08;22,2;72;;jah
1963-12-09;21,4;72;;jah
1963-12-10;20;79;;jah
1963-12-11;19,2;80;;jah
1963-12-12;18;82;;jah
1963-12-13;16,7;85;;jah
1963-12-14;15,9;70;;jah
1963-12-15;15,2;56;;jah
1963-12-16;15,2;52;;jah
1963-12-17;15,2;45;;jah
1963-12-18;14,8;43;;jah
1963-12-19;14,5;40;;jah
1963-12-20;13,7;34;;jah
1963-12-21;13,7;34;;jah
1963-12-22;13,7;32;;jah
1963-12-23;13,4;29;;jah
1963-12-24;13,4;28;;jah
1963-12-25;13,4;26;;jah
1963-12-26;13,7;26;;jah
1963-12-27;14,1;26;;jah
1963-12-28;14,1;26;;jah
1963-12-29;15,2;28;;jah
1963-12-30;15,2;28;;jah
1963-12-31;17,5;38;;jah
1964-01-01;46,2;96;;jah
1964-01-02;75,5;134;;jah
1964-01-03;66,1;122;;jah
1964-01-04;52,1;104;;jah
1964-01-05;49;99;;jah
1964-01-06;45,4;93;;jah
1964-01-07;40;84;;jah
1964-01-08;36,9;76;;jah
1964-01-09;33,4;66;;jah
1964-01-10;30,6;60;;jah
1964-01-11;28,4;55;;jah
1964-01-12;26,7;52;;jah
1964-01-13;25;49;;jah
1964-01-14;23,2;46;;jah
1964-01-15;20,9;42;;jah
1964-01-16;18,4;41;;jah
1964-01-17;16,3;42;;jah
1964-01-18;15,9;36;;jah
1964-01-19;15,2;32;;jah
1964-01-20;14,8;28;;jah
1964-01-21;14,8;26;;jah
1964-01-22;14,5;24;;jah
1964-01-23;14,8;24;;jah
1964-01-24;14,1;22;;jah
1964-01-25;14,1;22;;jah
1964-01-26;13,7;26;;jah
1964-01-27;13,4;25;;jah
1964-01-28;13;25;;jah
1964-01-29;13,4;27;;jah
1964-01-30;13;23;;jah
1964-01-31;13,4;22;;jah
1964-02-01;13,4;22;;jah
1964-02-02;13,4;22;;jah
1964-02-03;13,4;22;;jah
1964-02-04;13,4;21;;jah
1964-02-05;13,4;21;;jah
1964-02-06;13,4;21;;jah
1964-02-07;13,4;20;;jah
1964-02-08;13,4;21;;jah
1964-02-09;13;21;;jah
1964-02-10;12,7;20;;jah
1964-02-11;12,7;20;;jah
1964-02-12;12,7;21;;jah
1964-02-13;12,3;20;;jah
1964-02-14;12,3;20;;jah
1964-02-15;12,3;20;;jah
1964-02-16;12;18;;jah
1964-02-17;12;16;;jah
1964-02-18;11,7;16;;jah
1964-02-19;11,7;17;;jah
1964-02-20;11,7;17;;jah
1964-02-21;11,4;16;;jah
1964-02-22;10,8;14;;jah
1964-02-23;11,1;15;;jah
1964-02-24;10,4;14;;jah
1964-02-25;10,1;16;;jah
1964-02-26;10,1;16;;jah
1964-02-27;10,1;16;;jah
1964-02-28;9,51;14;;jah
1964-02-29;9,82;15;;jah
1964-03-01;9,51;14;;jah
1964-03-02;9,2;14;;jah
1964-03-03;9,2;14;;jah
1964-03-04;9,2;14;;jah
1964-03-05;9,51;15;;jah
1964-03-06;9,2;14;;jah
1964-03-07;8,64;12;;jah
1964-03-08;8,64;12;;jah
1964-03-09;8,64;12;;jah
1964-03-10;8,64;12;;jah
1964-03-11;8,64;12;;jah
1964-03-12;9,2;14;;jah
1964-03-13;9,2;14;;jah
1964-03-14;8,92;13;;jah
1964-03-15;8,36;11;;jah
1964-03-16;8,08;10;;jah
1964-03-17;8,08;10;;jah
1964-03-18;8,08;10;;jah
1964-03-19;8,08;10;;jah
1964-03-20;8,08;10;;jah
1964-03-21;8,08;10;;jah
1964-03-22;8,08;10;;jah
1964-03-23;7,8;8;;jah
1964-03-24;8,36;8;;jah
1964-03-25;8,64;8;;jah
1964-03-26;8,92;8;;jah
1964-03-27;8,92;8;;jah
1964-03-28;9,2;9;;jah
1964-03-29;9,82;11;;jah
1964-03-30;10,8;14;;jah
1964-03-31;11,7;16;;jah
1964-04-01;13,4;21;;jah
1964-04-02;15,9;26;;jah
1964-04-03;21,4;38;;jah
1964-04-04;27,8;50;;jah
1964-04-05;45,4;78;;jah
1964-04-06;46,9;78;;jah
1964-04-07;44,7;74;;jah
1964-04-08;38,8;64;;jah
1964-04-09;36,2;58;;jah
1964-04-10;33,9;51;;jah
1964-04-11;35,6;51;;jah
1964-04-12;43,3;60;;jah
1964-04-13;52,1;75;;jah
1964-04-14;102;131;;jah
1964-04-15;116;188;;jah
1964-04-16;129;174;;jah
1964-04-17;143;179;;jah
1964-04-18;160;186;;jah
1964-04-19;156;172;;jah
1964-04-20;155;165;;jah
1964-04-21;146;156;;jah
1964-04-22;135;144;;jah
1964-04-23;123;132;;jah
1964-04-24;104;114;;jah
1964-04-25;87,6;98;;jah
1964-04-26;76,5;86;;jah
1964-04-27;68;76;;jah
1964-04-28;67,1;74;;jah
1964-04-29;68;75;;jah
1964-04-30;67,1;75;;jah
1964-05-01;64,4;73;;jah
1964-05-02;61;70;;jah
1964-05-03;58,4;68;;jah
1964-05-04;52,8;63;;jah
1964-05-05;48,3;58;;jah
1964-05-06;46,2;56;;jah
1964-05-07;44;54;;jah
1964-05-08;41,9;52;;jah
1964-05-09;38,1;47;;jah
1964-05-10;39,4;49;;jah
1964-05-11;38,8;48;;jah
1964-05-12;41,3;51;;jah
1964-05-13;49,8;62;;jah
1964-05-14;57,6;70;;jah
1964-05-15;71,7;84;;jah
1964-05-16;77,5;88;;jah
1964-05-17;67,1;80;;jah
1964-05-18;57,6;71;;jah
1964-05-19;50,5;64;;jah
1964-05-20;43,3;56;;jah
1964-05-21;36,9;48;;jah
1964-05-22;32,8;42;;jah
1964-05-23;28,9;36;;jah
1964-05-24;26,2;32;;jah
1964-05-25;25;30;;jah
1964-05-26;22,7;26;;jah
1964-05-27;20,9;23;;jah
1964-05-28;20,4;22;;jah
1964-05-29;19,2;20;;jah
1964-05-30;18,8;20;;jah
1964-05-31;18;18;;jah
1964-06-01;16,7;16;;jah
1964-06-02;15,9;15;;jah
1964-06-03;15,5;15;;jah
1964-06-04;14,8;14;;jah
1964-06-05;15,2;16;;jah
1964-06-06;14,8;16;;jah
1964-06-07;14,5;16;;jah
1964-06-08;13,7;14;;jah
1964-06-09;12,7;12;;jah
1964-06-10;12,3;12;;jah
1964-06-11;11,7;11;;jah
1964-06-12;11,1;10;;jah
1964-06-13;10,1;8;;jah
1964-06-14;9,82;8;;jah
1964-06-15;9,51;7;;jah
1964-06-16;8,92;6;;jah
1964-06-17;8,92;6;;jah
1964-06-18;8,08;4;;jah
1964-06-19;8,08;4;;jah
1964-06-20;8,36;6;;jah
1964-06-21;8,08;5;;jah
1964-06-22;8,08;5;;jah
1964-06-23;7,52;4;;jah
1964-06-24;7,8;5;;jah
1964-06-25;7,8;6;;jah
1964-06-26;8,08;7;;jah
1964-06-27;8,36;8;;jah
1964-06-28;8,36;8;;jah
1964-06-29;8,08;7;;jah
1964-06-30;7,8;6;;jah
1964-07-01;7,24;4;;jah
1964-07-02;7,52;5;;jah
1964-07-03;7,52;5;;jah
1964-07-04;7,52;4;;jah
1964-07-05;7,52;4;;jah
1964-07-06;7,24;3;;jah
1964-07-07;7,8;4;;jah
1964-07-08;8,36;6;;jah
1964-07-09;8,36;6;;jah
1964-07-10;8,92;8;;jah
1964-07-11;8,92;8;;jah
1964-07-12;8,92;8;;jah
1964-07-13;8,08;6;;jah
1964-07-14;8,36;7;;jah
1964-07-15;8,08;6;;jah
1964-07-16;8,08;6;;jah
1964-07-17;8,08;6;;jah
1964-07-18;7,8;6;;jah
1964-07-19;7,24;4;;jah
1964-07-20;6,96;3;;jah
1964-07-21;6,96;3;;jah
1964-07-22;6,68;2;;jah
1964-07-23;6,4;1;;jah
1964-07-24;6,68;2;;jah
1964-07-25;6,68;2;;jah
1964-07-26;6,96;2;;jah
1964-07-27;6,96;2;;jah
1964-07-28;6,96;2;;jah
1964-07-29;6,96;2;;jah
1964-07-30;7,24;2;;jah
1964-07-31;7,24;2;;jah
1964-08-01;7,24;2;;jah
1964-08-02;7,24;2;;jah
1964-08-03;7,52;2;;jah
1964-08-04;7,24;1;;jah
1964-08-05;7,52;2;;jah
1964-08-06;8,08;3;;jah
1964-08-07;8,64;4;;jah
1964-08-08;9,82;7;;jah
1964-08-09;10,1;8;;jah
1964-08-10;10,4;9;;jah
1964-08-11;10,4;9;;jah
1964-08-12;10,4;9;;jah
1964-08-13;10,1;9;;jah
1964-08-14;9,82;8;;jah
1964-08-15;9,2;7;;jah
1964-08-16;9,2;7;;jah
1964-08-17;8,64;5;;jah
1964-08-18;8,08;4;;jah
1964-08-19;7,52;2;;jah
1964-08-20;7,24;2;;jah
1964-08-21;7,24;2;;jah
1964-08-22;7,24;2;;jah
1964-08-23;7,24;2;;jah
1964-08-24;6,96;2;;jah
1964-08-25;6,68;1;;jah
1964-08-26;6,96;2;;jah
1964-08-27;6,96;2;;jah
1964-08-28;6,68;2;;jah
1964-08-29;6,4;1;;jah
1964-08-30;6,4;1;;jah
1964-08-31;6,4;1;;jah
1964-09-01;6,4;1;;jah
1964-09-02;6,16;0;;jah
1964-09-03;5,92;-1;;jah
1964-09-04;5,92;-1;;jah
1964-09-05;5,92;-1;;jah
1964-09-06;5,92;-1;;jah
1964-09-07;6,16;-1;;jah
1964-09-08;5,92;-2;;jah
1964-09-09;6,16;-2;;jah
1964-09-10;7,52;0;;jah
1964-09-11;9,2;5;;jah
1964-09-12;10,8;8;;jah
1964-09-13;10,8;8;;jah
1964-09-14;10,1;6;;jah
1964-09-15;9,82;6;;jah
1964-09-16;9,82;6;;jah
1964-09-17;9,82;6;;jah
1964-09-18;10,4;7;;jah
1964-09-19;11,1;8;;jah
1964-09-20;11,7;10;;jah
1964-09-21;12,7;12;;jah
1964-09-22;13,7;14;;jah
1964-09-23;14,1;15;;jah
1964-09-24;13,7;14;;jah
1964-09-25;14,1;15;;jah
1964-09-26;12,7;12;;jah
1964-09-27;11,7;10;;jah
1964-09-28;11,4;9;;jah
1964-09-29;10,8;8;;jah
1964-09-30;11,1;9;;jah
1964-10-01;11,7;11;;jah
1964-10-02;11,7;11;;jah
1964-10-03;11,7;11;;jah
1964-10-04;11,7;11;;jah
1964-10-05;11,1;10;;jah
1964-10-06;10,4;8;;jah
1964-10-07;10,1;7;;jah
1964-10-08;10,1;8;;jah
1964-10-09;9,82;7;;jah
1964-10-10;8,92;4;;jah
1964-10-11;9,2;5;;jah
1964-10-12;9,82;6;;jah
1964-10-13;11,7;10;;jah
1964-10-14;13;12;;jah
1964-10-15;15,9;18;;jah
1964-10-16;18,8;23;;jah
1964-10-17;20;25;;jah
1964-10-18;20;24;;jah
1964-10-19;19,6;22;;jah
1964-10-20;21,4;26;;jah
1964-10-21;21,4;26;;jah
1964-10-22;25,6;34;;jah
1964-10-23;27,2;37;;jah
1964-10-24;26,7;36;;jah
1964-10-25;26,7;35;;jah
1964-10-26;33,9;48;;jah
1964-10-27;38,1;53;;jah
1964-10-28;35,6;50;;jah
1964-10-29;33,4;47;;jah
1964-10-30;30,6;44;;jah
1964-10-31;28,9;41;;jah
1964-11-01;26,2;36;;jah
1964-11-02;24,5;33;;jah
1964-11-03;22,7;30;;jah
1964-11-04;22,2;29;;jah
1964-11-05;20,9;26;;jah
1964-11-06;20;24;;jah
1964-11-07;19,6;23;;jah
1964-11-08;19,2;22;;jah
1964-11-09;18,4;20;;jah
1964-11-10;18,4;20;;jah
1964-11-11;20;23;;jah
1964-11-12;21,4;25;;jah
1964-11-13;22,7;27;;jah
1964-11-14;27,8;36;;jah
1964-11-15;38,1;52;;jah
1964-11-16;54,4;74;;jah
1964-11-17;63,5;84;;jah
1964-11-18;67,1;87;;jah
1964-11-19;71,7;91;;jah
1964-11-20;70,8;90;;jah
1964-11-21;67,1;86;;jah
1964-11-22;61;78;;jah
1964-11-23;48,3;62;;jah
1964-11-24;44,7;57;;jah
1964-11-25;50,5;65;;jah
1964-11-26;52,8;68;;jah
1964-11-27;49,8;64;;jah
1964-11-28;53,6;69;;jah
1964-11-29;51,3;66;;jah
1964-11-30;48,3;62;;jah
1964-12-01;45,4;58;;jah
1964-12-02;43,3;60;;jah
1964-12-03;39,4;64;;jah
1964-12-04;36,9;66;;jah
1964-12-05;34,5;76;;jah
1964-12-06;32,8;78;;jah
1964-12-07;30,6;72;;jah
1964-12-08;33,9;76;;jah
1964-12-09;40,6;82;;jah
1964-12-10;66,1;116;;jah
1964-12-11;143;170;;jah
1964-12-12;141;168;;jah
1964-12-13;131;161;;jah
1964-12-14;135;165;;jah
1964-12-15;148;176;;jah
1964-12-16;130;162;;jah
1964-12-17;122;155;;jah
1964-12-18;104;140;;jah
1964-12-19;90;128;;jah
1964-12-20;84,5;123;;jah
1964-12-21;73,6;112;;jah
1964-12-22;68;106;;jah
1964-12-23;68,9;108;;jah
1964-12-24;70,8;110;;jah
1964-12-25;72,6;112;;jah
1964-12-26;67,1;106;;jah
1964-12-27;54,4;92;;jah
1964-12-28;51,3;88;;jah
1964-12-29;50,5;87;;jah
1964-12-30;49;100;;jah
1964-12-31;47,6;108;;jah
1965-01-01;40,6;116;;jah
1965-01-02;40;112;;jah
1965-01-03;41,3;116;;jah
1965-01-04;38,8;114;;jah
1965-01-05;36,9;114;;jah
1965-01-06;33,4;112;;jah
1965-01-07;31,7;120;;jah
1965-01-08;30,6;131;;jah
1965-01-09;29,4;130;;jah
1965-01-10;28,4;140;;jah
1965-01-11;27,2;140;;jah
1965-01-12;26,2;144;;jah
1965-01-13;25,6;140;;jah
1965-01-14;25,6;131;;jah
1965-01-15;25;121;;jah
1965-01-16;24;108;;jah
1965-01-17;22,2;95;;jah
1965-01-18;22,7;86;;jah
1965-01-19;23,6;85;;jah
1965-01-20;24;84;;jah
1965-01-21;26,7;88;;jah
1965-01-22;25,6;86;;jah
1965-01-23;24;80;;jah
1965-01-24;23,6;78;;jah
1965-01-25;22,7;75;;jah
1965-01-26;21,8;71;;jah
1965-01-27;21,8;70;;jah
1965-01-28;21,4;68;;jah
1965-01-29;21,4;72;;jah
1965-01-30;20,4;65;;jah
1965-01-31;20;62;;jah
1965-02-01;19,2;60;;jah
1965-02-02;18,4;58;;jah
1965-02-03;17,5;56;;jah
1965-02-04;16,7;54;;jah
1965-02-05;16,3;53;;jah
1965-02-06;15,9;50;;jah
1965-02-07;15,9;48;;jah
1965-02-08;15,5;45;;jah
1965-02-09;15,9;44;;jah
1965-02-10;15,5;42;;jah
1965-02-11;15,5;39;;jah
1965-02-12;15,2;38;;jah
1965-02-13;15,2;38;;jah
1965-02-14;15,2;38;;jah
1965-02-15;15,2;40;;jah
1965-02-16;14,8;41;;jah
1965-02-17;14,8;42;;jah
1965-02-18;14,8;42;;jah
1965-02-19;14,5;40;;jah
1965-02-20;14,5;40;;jah
1965-02-21;14,1;38;;jah
1965-02-22;14,5;38;;jah
1965-02-23;14,1;36;;jah
1965-02-24;14,5;36;;jah
1965-02-25;14,1;34;;jah
1965-02-26;13,7;32;;jah
1965-02-27;13,7;31;;jah
1965-02-28;13,4;30;;jah
1965-03-01;13;29;;jah
1965-03-02;12,7;28;;jah
1965-03-03;11,7;26;;jah
1965-03-04;11,4;25;;jah
1965-03-05;11,4;25;;jah
1965-03-06;11,7;26;;jah
1965-03-07;11,7;27;;jah
1965-03-08;11,1;25;;jah
1965-03-09;11,4;26;;jah
1965-03-10;11,1;25;;jah
1965-03-11;10,4;24;;jah
1965-03-12;10,8;25;;jah
1965-03-13;10,4;24;;jah
1965-03-14;10,8;25;;jah
1965-03-15;10,8;25;;jah
1965-03-16;11,1;26;;jah
1965-03-17;11,4;27;;jah
1965-03-18;12,3;30;;jah
1965-03-19;14,8;37;;jah
1965-03-20;22,7;56;;jah
1965-03-21;36,9;82;;jah
1965-03-22;41,9;102;;jah
1965-03-23;45,4;110;;jah
1965-03-24;49;118;;jah
1965-03-25;50,5;120;;jah
1965-03-26;52,8;122;;jah
1965-03-27;51,3;119;;jah
1965-03-28;46,9;110;;jah
1965-03-29;49,8;107;;jah
1965-03-30;75,5;138;;jah
1965-03-31;85,5;149;;jah
1965-04-01;88,6;153;;jah
1965-04-02;84,5;146;;jah
1965-04-03;83,5;138;;jah
1965-04-04;81,5;124;;jah
1965-04-05;80,5;116;;jah
1965-04-06;81,5;119;;jah
1965-04-07;111;152;;jah
1965-04-08;130;172;;jah
1965-04-09;130;174;;jah
1965-04-10;124;166;;jah
1965-04-11;116;158;;jah
1965-04-12;113;156;;jah
1965-04-13;112;152;;jah
1965-04-14;150;162;;jah
1965-04-15;153;179;;jah
1965-04-16;156;185;;jah
1965-04-17;166;192;;jah
1965-04-18;180;204;;jah
1965-04-19;187;210;;jah
1965-04-20;180;204;;jah
1965-04-21;169;192;;jah
1965-04-22;142;170;;jah
1965-04-23;119;147;;jah
1965-04-24;102;128;;jah
1965-04-25;87,6;111;;jah
1965-04-26;73,6;94;;jah
1965-04-27;68;86;;jah
1965-04-28;61,8;78;;jah
1965-04-29;55,2;70;;jah
1965-04-30;49;62;;jah
1965-05-01;43,3;54;;jah
1965-05-02;38,8;48;;jah
1965-05-03;35,6;44;;jah
1965-05-04;32,8;40;;jah
1965-05-05;30,6;37;;jah
1965-05-06;27,8;33;;jah
1965-05-07;27,2;32;;jah
1965-05-08;25,6;30;;jah
1965-05-09;23,6;27;;jah
1965-05-10;22,7;26;;jah
1965-05-11;21,8;25;;jah
1965-05-12;20,9;24;;jah
1965-05-13;20,4;24;;jah
1965-05-14;20,9;26;;jah
1965-05-15;19,6;24;;jah
1965-05-16;18,4;22;;jah
1965-05-17;17,1;20;;jah
1965-05-18;18;20;;jah
1965-05-19;20,4;24;;jah
1965-05-20;22,7;26;;jah
1965-05-21;26,2;32;;jah
1965-05-22;26,2;32;;jah
1965-05-23;24;28;;jah
1965-05-24;23,2;27;;jah
1965-05-25;21,4;24;;jah
1965-05-26;19,6;21;;jah
1965-05-27;19,2;20;;jah
1965-05-28;18;18;;jah
1965-05-29;16,7;16;;jah
1965-05-30;15,5;14;;jah
1965-05-31;15,2;13;;jah
1965-06-01;14,1;12;;jah
1965-06-02;13,7;12;;jah
1965-06-03;13;11;;jah
1965-06-04;12,7;12;;jah
1965-06-05;12;11;;jah
1965-06-06;11,7;11;;jah
1965-06-07;11,1;10;;jah
1965-06-08;10,4;9;;jah
1965-06-09;9,82;8;;jah
1965-06-10;9,51;8;;jah
1965-06-11;9,2;7;;jah
1965-06-12;8,64;6;;jah
1965-06-13;8,36;6;;jah
1965-06-14;8,08;5;;jah
1965-06-15;8,08;5;;jah
1965-06-16;8,08;5;;jah
1965-06-17;8,08;5;;jah
1965-06-18;8,08;5;;jah
1965-06-19;8,36;6;;jah
1965-06-20;8,08;5;;jah
1965-06-21;8,36;6;;jah
1965-06-22;9,82;10;;jah
1965-06-23;10,1;11;;jah
1965-06-24;11,1;13;;jah
1965-06-25;11,7;14;;jah
1965-06-26;14,8;22;;jah
1965-06-27;18,4;30;;jah
1965-06-28;17,1;26;;jah
1965-06-29;15,5;22;;jah
1965-06-30;15,2;20;;jah
1965-07-01;15,2;20;;jah
1965-07-02;15,2;20;;jah
1965-07-03;17,1;26;;jah
1965-07-04;20,9;38;;jah
1965-07-05;24,5;51;;jah
1965-07-06;27,2;58;;jah
1965-07-07;28,9;62;;jah
1965-07-08;28,9;62;;jah
1965-07-09;28,9;61;;jah
1965-07-10;28,9;61;;jah
1965-07-11;29,4;62;;jah
1965-07-12;32,8;68;;jah
1965-07-13;32,2;67;;jah
1965-07-14;30,6;63;;jah
1965-07-15;28,9;60;;jah
1965-07-16;31,1;64;;jah
1965-07-17;31,1;64;;jah
1965-07-18;28,9;58;;jah
1965-07-19;25,6;50;;jah
1965-07-20;22,7;41;;jah
1965-07-21;20,9;34;;jah
1965-07-22;19,6;30;;jah
1965-07-23;18;25;;jah
1965-07-24;18,4;24;;jah
1965-07-25;18,4;24;;jah
1965-07-26;20;29;;jah
1965-07-27;32,8;56;;jah
1965-07-28;40;69;;jah
1965-07-29;41,9;74;;jah
1965-07-30;41,3;75;;jah
1965-07-31;45,4;84;;jah
1965-08-01;55,9;99;;jah
1965-08-02;54,4;96;;jah
1965-08-03;49;88;;jah
1965-08-04;46,2;83;;jah
1965-08-05;45,4;81;;jah
1965-08-06;41,3;74;;jah
1965-08-07;37,5;66;;jah
1965-08-08;32,8;58;;jah
1965-08-09;28,9;50;;jah
1965-08-10;25,6;44;;jah
1965-08-11;22,7;38;;jah
1965-08-12;21,4;34;;jah
1965-08-13;20,4;32;;jah
1965-08-14;20;31;;jah
1965-08-15;19,2;28;;jah
1965-08-16;18,4;26;;jah
1965-08-17;17,5;24;;jah
1965-08-18;16,3;22;;jah
1965-08-19;15,5;21;;jah
1965-08-20;15,2;20;;jah
1965-08-21;14,1;18;;jah
1965-08-22;13;16;;jah
1965-08-23;12,3;14;;jah
1965-08-24;11,7;13;;jah
1965-08-25;11,4;12;;jah
1965-08-26;10,4;10;;jah
1965-08-27;9,82;8;;jah
1965-08-28;9,2;7;;jah
1965-08-29;8,92;6;;jah
1965-08-30;8,64;6;;jah
1965-08-31;8,08;4;;jah
1965-09-01;8,08;4;;jah
1965-09-02;8,36;5;;jah
1965-09-03;8,08;5;;jah
1965-09-04;8,36;6;;jah
1965-09-05;8,36;6;;jah
1965-09-06;8,08;5;;jah
1965-09-07;8,36;6;;jah
1965-09-08;8,36;6;;jah
1965-09-09;8,64;7;;jah
1965-09-10;8,92;8;;jah
1965-09-11;9,2;8;;jah
1965-09-12;9,82;10;;jah
1965-09-13;11,1;13;;jah
1965-09-14;13;16;;jah
1965-09-15;19,2;23;;jah
1965-09-16;21,8;28;;jah
1965-09-17;21,8;28;;jah
1965-09-18;21,8;28;;jah
1965-09-19;20,4;25;;jah
1965-09-20;19,6;24;;jah
1965-09-21;18,8;22;;jah
1965-09-22;17,5;20;;jah
1965-09-23;17,5;20;;jah
1965-09-24;17,1;19;;jah
1965-09-25;16,7;19;;jah
1965-09-26;16,3;18;;jah
1965-09-27;15,9;18;;jah
1965-09-28;15,2;16;;jah
1965-09-29;14,8;16;;jah
1965-09-30;14,8;16;;jah
1965-10-01;18,4;24;;jah
1965-10-02;24,5;32;;jah
1965-10-03;25,6;32;;jah
1965-10-04;25;30;;jah
1965-10-05;27,2;34;;jah
1965-10-06;27,2;34;;jah
1965-10-07;26,7;33;;jah
1965-10-08;26,2;32;;jah
1965-10-09;26,7;34;;jah
1965-10-10;25;32;;jah
1965-10-11;24;31;;jah
1965-10-12;23,2;30;;jah
1965-10-13;20,9;26;;jah
1965-10-14;19,6;24;;jah
1965-10-15;19,2;23;;jah
1965-10-16;18,4;22;;jah
1965-10-17;18,4;22;;jah
1965-10-18;17,1;20;;jah
1965-10-19;17,1;20;;jah
1965-10-20;17,1;20;;jah
1965-10-21;17,5;21;;jah
1965-10-22;17,5;21;;jah
1965-10-23;17,5;21;;jah
1965-10-24;17,1;20;;jah
1965-10-25;16,7;20;;jah
1965-10-26;15,9;18;;jah
1965-10-27;15,5;18;;jah
1965-10-28;15,5;18;;jah
1965-10-29;16,7;20;;jah
1965-10-30;20,9;26;;jah
1965-10-31;25;30;;jah
1965-11-01;30;38;;jah
1965-11-02;43,3;59;;jah
1965-11-03;67,1;89;;jah
1965-11-04;86,6;111;;jah
1965-11-05;80,5;106;;jah
1965-11-06;70,8;97;;jah
1965-11-07;61;87;;jah
1965-11-08;52,8;78;;jah
1965-11-09;44,7;68;;jah
1965-11-10;40,6;62;;jah
1965-11-11;35;54;;jah
1965-11-12;26,2;42;;jah
1965-11-13;22,7;36;;jah
1965-11-14;22,2;42;;jah
1965-11-15;20;45;;jah
1965-11-16;19,2;40;;jah
1965-11-17;18,4;32;;jah
1965-11-18;18;28;;jah
1965-11-19;17,5;26;;jah
1965-11-20;16,3;23;;jah
1965-11-21;15,9;22;;jah
1965-11-22;15,2;27;;jah
1965-11-23;13,7;23;;jah
1965-11-24;13,4;22;;jah
1965-11-25;12;19;;jah
1965-11-26;11,7;18;;jah
1965-11-27;11,4;16;;jah
1965-11-28;10,8;13;;jah
1965-11-29;10,4;10;;jah
1965-11-30;10,4;9;;jah
1965-12-01;10,4;9;;jah
1965-12-02;10,8;10;;jah
1965-12-03;11,1;10;;jah
1965-12-04;11,4;11;;jah
1965-12-05;11,7;11;;jah
1965-12-06;12,3;12;;jah
1965-12-07;12,7;12;;jah
1965-12-08;13,4;14;;jah
1965-12-09;14,1;16;;jah
1965-12-10;14,5;16;;jah
1965-12-11;14,5;16;;jah
1965-12-12;15,2;18;;jah
1965-12-13;15,9;19;;jah
1965-12-14;16,3;20;;jah
1965-12-15;16,7;21;;jah
1965-12-16;16,7;21;;jah
1965-12-17;16,3;20;;jah
1965-12-18;16,3;20;;jah
1965-12-19;16,3;21;;jah
1965-12-20;16,3;21;;jah
1965-12-21;16,3;21;;jah
1965-12-22;17,5;24;;jah
1965-12-23;18,4;26;;jah
1965-12-24;18,4;26;;jah
1965-12-25;18;25;;jah
1965-12-26;17,1;24;;jah
1965-12-27;17,1;24;;jah
1965-12-28;17,5;25;;jah
1965-12-29;17,1;24;;jah
1965-12-30;17,5;25;;jah
1965-12-31;16,7;24;;jah
1966-01-01;16,3;23;;jah
1966-01-02;16,3;24;;jah
1966-01-03;15,9;23;;jah
1966-01-04;15,2;22;;jah
1966-01-05;15,2;22;;jah
1966-01-06;14,8;24;;jah
1966-01-07;14,5;24;;jah
1966-01-08;13,7;23;;jah
1966-01-09;13;22;;jah
1966-01-10;12,3;22;;jah
1966-01-11;12;22;;jah
1966-01-12;11,7;22;;jah
1966-01-13;11,1;21;;jah
1966-01-14;10,8;21;;jah
1966-01-15;10,8;22;;jah
1966-01-16;9,82;20;;jah
1966-01-17;9,51;19;;jah
1966-01-18;9,82;20;;jah
1966-01-19;9,82;20;;jah
1966-01-20;9,82;21;;jah
1966-01-21;9,82;21;;jah
1966-01-22;9,82;20;;jah
1966-01-23;9,82;20;;jah
1966-01-24;9,82;20;;jah
1966-01-25;9,51;19;;jah
1966-01-26;9,51;19;;jah
1966-01-27;9,2;18;;jah
1966-01-28;9,2;19;;jah
1966-01-29;8,92;20;;jah
1966-01-30;8,92;19;;jah
1966-01-31;9,51;20;;jah
1966-02-01;9,82;22;;jah
1966-02-02;9,51;22;;jah
1966-02-03;9,2;26;;jah
1966-02-04;9,2;26;;jah
1966-02-05;8,92;25;;jah
1966-02-06;8,92;23;;jah
1966-02-07;8,92;21;;jah
1966-02-08;8,92;21;;jah
1966-02-09;8,92;21;;jah
1966-02-10;8,92;22;;jah
1966-02-11;8,92;20;;jah
1966-02-12;8,92;20;;jah
1966-02-13;8,92;20;;jah
1966-02-14;8,92;20;;jah
1966-02-15;8,64;19;;jah
1966-02-16;8,36;18;;jah
1966-02-17;8,36;19;;jah
1966-02-18;8,64;20;;jah
1966-02-19;8,64;21;;jah
1966-02-20;8,36;20;;jah
1966-02-21;8,64;21;;jah
1966-02-22;9,2;23;;jah
1966-02-23;9,2;22;;jah
1966-02-24;9,2;22;;jah
1966-02-25;9,82;24;;jah
1966-02-26;9,82;24;;jah
1966-02-27;10,4;26;;jah
1966-02-28;10,8;27;;jah
1966-03-01;13;33;;jah
1966-03-02;15,9;40;;jah
1966-03-03;18;44;;jah
1966-03-04;20;48;;jah
1966-03-05;23,2;54;;jah
1966-03-06;26,7;59;;jah
1966-03-07;27,8;62;;jah
1966-03-08;29,4;66;;jah
1966-03-09;34,5;76;;jah
1966-03-10;35;80;;jah
1966-03-11;36,9;88;;jah
1966-03-12;38,8;98;;jah
1966-03-13;41,9;105;;jah
1966-03-14;44;107;;jah
1966-03-15;43,3;102;;jah
1966-03-16;40,6;96;;jah
1966-03-17;39,4;89;;jah
1966-03-18;38,1;82;;jah
1966-03-19;37,5;77;;jah
1966-03-20;36,9;72;;jah
1966-03-21;36,2;70;;jah
1966-03-22;36,9;70;;jah
1966-03-23;36,9;70;;jah
1966-03-24;36,9;70;;jah
1966-03-25;41,9;80;;jah
1966-03-26;44,7;86;;jah
1966-03-27;46,9;88;;jah
1966-03-28;47,6;88;;jah
1966-03-29;49;90;;jah
1966-03-30;56,7;108;;jah
1966-03-31;70,8;123;;jah
1966-04-01;94,8;146;;jah
1966-04-02;128;174;;jah
1966-04-03;155;214;;jah
1966-04-04;212;277;;jah
1966-04-05;232;286;;jah
1966-04-06;274;271;;jah
1966-04-07;299;283;;jah
1966-04-08;307;286;;jah
1966-04-09;293;278;;jah
1966-04-10;266;261;;jah
1966-04-11;241;243;;jah
1966-04-12;218;222;;jah
1966-04-13;148;159;;jah
1966-04-14;135;144;;jah
1966-04-15;122;154;;jah
1966-04-16;110;138;;jah
1966-04-17;103;124;;jah
1966-04-18;95,9;114;;jah
1966-04-19;82,5;105;;jah
1966-04-20;80,5;106;;jah
1966-04-21;102;129;;jah
1966-04-22;149;172;;jah
1966-04-23;216;222;;jah
1966-04-24;268;253;;jah
1966-04-25;293;268;;jah
1966-04-26;335;290;;jah
1966-04-27;381;315;;jah
1966-04-28;390;320;;jah
1966-04-29;381;314;;jah
1966-04-30;355;300;;jah
1966-05-01;322;283;;jah
1966-05-02;272;254;;jah
1966-05-03;229;226;;jah
1966-05-04;185;192;;jah
1966-05-05;156;166;;jah
1966-05-06;148;157;;jah
1966-05-07;152;158;;jah
1966-05-08;143;150;;jah
1966-05-09;143;150;;jah
1966-05-10;138;146;;jah
1966-05-11;124;135;;jah
1966-05-12;105;120;;jah
1966-05-13;88,6;106;;jah
1966-05-14;75,5;94;;jah
1966-05-15;65,2;84;;jah
1966-05-16;57,6;76;;jah
1966-05-17;49,8;67;;jah
1966-05-18;43,3;59;;jah
1966-05-19;39,4;54;;jah
1966-05-20;35,6;50;;jah
1966-05-21;33,9;48;;jah
1966-05-22;31,1;44;;jah
1966-05-23;28,9;42;;jah
1966-05-24;26,7;39;;jah
1966-05-25;25;37;;jah
1966-05-26;24;36;;jah
1966-05-27;21,8;32;;jah
1966-05-28;22,7;34;;jah
1966-05-29;27,2;42;;jah
1966-05-30;30;46;;jah
1966-05-31;30,6;46;;jah
1966-06-01;31,7;48;;jah
1966-06-02;33,4;50;;jah
1966-06-03;33,4;50;;jah
1966-06-04;33,4;50;;jah
1966-06-05;31,7;48;;jah
1966-06-06;30;46;;jah
1966-06-07;27,8;43;;jah
1966-06-08;24,5;38;;jah
1966-06-09;21,8;33;;jah
1966-06-10;19,6;29;;jah
1966-06-11;18,4;26;;jah
1966-06-12;17,1;24;;jah
1966-06-13;15,5;21;;jah
1966-06-14;14,1;18;;jah
1966-06-15;13,4;16;;jah
1966-06-16;13;16;;jah
1966-06-17;13;16;;jah
1966-06-18;12;14;;jah
1966-06-19;12;14;;jah
1966-06-20;11,4;13;;jah
1966-06-21;11,1;12;;jah
1966-06-22;10,8;11;;jah
1966-06-23;10,8;11;;jah
1966-06-24;10,4;11;;jah
1966-06-25;10,8;12;;jah
1966-06-26;10,8;12;;jah
1966-06-27;11,4;14;;jah
1966-06-28;12;16;;jah
1966-06-29;12,3;17;;jah
1966-06-30;12,7;18;;jah
1966-07-01;13,4;20;;jah
1966-07-02;13,4;20;;jah
1966-07-03;13;19;;jah
1966-07-04;12,7;18;;jah
1966-07-05;12,3;16;;jah
1966-07-06;12,3;16;;jah
1966-07-07;12;15;;jah
1966-07-08;12,3;16;;jah
1966-07-09;12,3;16;;jah
1966-07-10;12,3;17;;jah
1966-07-11;12,3;18;;jah
1966-07-12;12,3;20;;jah
1966-07-13;12;21;;jah
1966-07-14;12,3;24;;jah
1966-07-15;11,7;22;;jah
1966-07-16;11,7;22;;jah
1966-07-17;11,7;22;;jah
1966-07-18;11,4;20;;jah
1966-07-19;11,4;20;;jah
1966-07-20;10,8;18;;jah
1966-07-21;10,8;18;;jah
1966-07-22;10,4;16;;jah
1966-07-23;10,4;16;;jah
1966-07-24;10,4;16;;jah
1966-07-25;10,1;15;;jah
1966-07-26;10,1;14;;jah
1966-07-27;10,1;14;;jah
1966-07-28;9,51;12;;jah
1966-07-29;9,51;12;;jah
1966-07-30;9,51;12;;jah
1966-07-31;9,51;12;;jah
1966-08-01;9,51;12;;jah
1966-08-02;9,51;12;;jah
1966-08-03;9,51;12;;jah
1966-08-04;8,92;11;;jah
1966-08-05;8,92;12;;jah
1966-08-06;9,2;14;;jah
1966-08-07;9,2;15;;jah
1966-08-08;9,2;16;;jah
1966-08-09;9,51;18;;jah
1966-08-10;9,51;18;;jah
1966-08-11;9,51;18;;jah
1966-08-12;9,82;19;;jah
1966-08-13;10,4;20;;jah
1966-08-14;11,1;20;;jah
1966-08-15;13,4;25;;jah
1966-08-16;16,7;31;;jah
1966-08-17;20,4;38;;jah
1966-08-18;24,5;44;;jah
1966-08-19;23,2;42;;jah
1966-08-20;22,2;40;;jah
1966-08-21;20,4;36;;jah
1966-08-22;17,5;30;;jah
1966-08-23;15,9;26;;jah
1966-08-24;14,5;22;;jah
1966-08-25;13,4;20;;jah
1966-08-26;12,7;18;;jah
1966-08-27;12,7;18;;jah
1966-08-28;11,7;16;;jah
1966-08-29;11,1;14;;jah
1966-08-30;10,8;13;;jah
1966-08-31;10,4;12;;jah
1966-09-01;9,82;10;;jah
1966-09-02;9,82;10;;jah
1966-09-03;9,82;9;;jah
1966-09-04;9,82;9;;jah
1966-09-05;9,82;8;;jah
1966-09-06;10,4;9;;jah
1966-09-07;11,7;12;;jah
1966-09-08;12;12;;jah
1966-09-09;13,4;15;;jah
1966-09-10;14,5;17;;jah
1966-09-11;16,7;22;;jah
1966-09-12;18;24;;jah
1966-09-13;20;28;;jah
1966-09-14;23,6;36;;jah
1966-09-15;31,1;49;;jah
1966-09-16;47,6;74;;jah
1966-09-17;55,2;84;;jah
1966-09-18;57,6;86;;jah
1966-09-19;55,9;84;;jah
1966-09-20;54,4;82;;jah
1966-09-21;49;76;;jah
1966-09-22;44,7;70;;jah
1966-09-23;41,9;66;;jah
1966-09-24;38,8;62;;jah
1966-09-25;35;57;;jah
1966-09-26;32,2;53;;jah
1966-09-27;31,7;52;;jah
1966-09-28;32,8;54;;jah
1966-09-29;37,5;61;;jah
1966-09-30;40;64;;jah
1966-10-01;41,3;66;;jah
1966-10-02;41,9;66;;jah
1966-10-03;48,3;74;;jah
1966-10-04;57,6;86;;jah
1966-10-05;74,5;104;;jah
1966-10-06;90;118;;jah
1966-10-07;82,5;110;;jah
1966-10-08;71,7;98;;jah
1966-10-09;65,2;90;;jah
1966-10-10;59,2;81;;jah
1966-10-11;54,4;74;;jah
1966-10-12;48,3;65;;jah
1966-10-13;44;59;;jah
1966-10-14;41,9;55;;jah
1966-10-15;39,4;51;;jah
1966-10-16;36,9;47;;jah
1966-10-17;33,9;42;;jah
1966-10-18;33,4;41;;jah
1966-10-19;33,4;40;;jah
1966-10-20;32,2;38;;jah
1966-10-21;31,7;37;;jah
1966-10-22;32,8;40;;jah
1966-10-23;41,9;55;;jah
1966-10-24;66,1;88;;jah
1966-10-25;100;122;;jah
1966-10-26;106;128;;jah
1966-10-27;103;124;;jah
1966-10-28;95,9;116;;jah
1966-10-29;90;109;;jah
1966-10-30;79,5;98;;jah
1966-10-31;69,8;86;;jah
1966-11-01;58,4;74;;jah
1966-11-02;44,7;60;;jah
1966-11-03;35,6;49;;jah
1966-11-04;33,4;51;;jah
1966-11-05;31,1;43;;jah
1966-11-06;29,4;40;;jah
1966-11-07;29,4;40;;jah
1966-11-08;30;42;;jah
1966-11-09;31,1;44;;jah
1966-11-10;31,1;44;;jah
1966-11-11;31,1;44;;jah
1966-11-12;31,1;44;;jah
1966-11-13;30;42;;jah
1966-11-14;27,2;38;;jah
1966-11-15;24,5;34;;jah
1966-11-16;24;33;;jah
1966-11-17;23,2;32;;jah
1966-11-18;23,2;32;;jah
1966-11-19;22,7;32;;jah
1966-11-20;22,2;31;;jah
1966-11-21;26,7;38;;jah
1966-11-22;46,9;68;;jah
1966-11-23;57,6;80;;jah
1966-11-24;60,1;81;;jah
1966-11-25;61;81;;jah
1966-11-26;63,5;84;;jah
1966-11-27;67,1;92;;jah
1966-11-28;77,5;107;;jah
1966-11-29;85,5;118;;jah
1966-11-30;79,5;114;;jah
1966-12-01;67,1;101;;jah
1966-12-02;63,5;96;;jah
1966-12-03;59,2;90;;jah
1966-12-04;58,4;89;;jah
1966-12-05;61;93;;jah
1966-12-06;55,2;88;;jah
1966-12-07;45,4;56;;jah
1966-12-08;39,4;65;;jah
1966-12-09;32,2;96;;jah
1966-12-10;27,8;98;;jah
1966-12-11;26,7;102;;jah
1966-12-12;25,6;104;;jah
1966-12-13;25,6;110;;jah
1966-12-14;24,5;115;;jah
1966-12-15;23,2;119;;jah
1966-12-16;22,2;121;;jah
1966-12-17;21,8;120;;jah
1966-12-18;21,8;118;;jah
1966-12-19;21,8;112;;jah
1966-12-20;20,9;95;;jah
1966-12-21;18,8;85;;jah
1966-12-22;18,4;82;;jah
1966-12-23;19,2;82;;jah
1966-12-24;19,2;80;;jah
1966-12-25;18;75;;jah
1966-12-26;15,2;66;;jah
1966-12-27;14,8;63;;jah
1966-12-28;14,1;60;;jah
1966-12-29;14,1;58;;jah
1966-12-30;14,5;56;;jah
1966-12-31;13,7;52;;jah
1967-01-01;14,5;52;;jah
1967-01-02;15,2;52;;jah
1967-01-03;15,9;51;;jah
1967-01-04;16,3;50;;jah
1967-01-05;16,7;48;;jah
1967-01-06;16,7;46;;jah
1967-01-07;17,1;46;;jah
1967-01-08;17,1;45;;jah
1967-01-09;17,1;44;;jah
1967-01-10;17,1;44;;jah
1967-01-11;16,7;42;;jah
1967-01-12;16,3;40;;jah
1967-01-13;16,7;41;;jah
1967-01-14;17,5;42;;jah
1967-01-15;16,7;40;;jah
1967-01-16;16,7;40;;jah
1967-01-17;17,1;40;;jah
1967-01-18;17,5;41;;jah
1967-01-19;18;41;;jah
1967-01-20;16,3;36;;jah
1967-01-21;17,1;36;;jah
1967-01-22;16,7;35;;jah
1967-01-23;15,5;32;;jah
1967-01-24;15,2;30;;jah
1967-01-25;13,7;26;;jah
1967-01-26;13,4;25;;jah
1967-01-27;13;24;;jah
1967-01-28;13;24;;jah
1967-01-29;13;24;;jah
1967-01-30;13;24;;jah
1967-01-31;13;24;;jah
1967-02-01;12,7;23;;jah
1967-02-02;12,3;22;;jah
1967-02-03;12,3;22;;jah
1967-02-04;12,3;22;;jah
1967-02-05;12;21;;jah
1967-02-06;12;22;;jah
1967-02-07;12,3;24;;jah
1967-02-08;12,3;26;;jah
1967-02-09;12,3;27;;jah
1967-02-10;12,3;28;;jah
1967-02-11;12,3;29;;jah
1967-02-12;12,3;29;;jah
1967-02-13;12,3;29;;jah
1967-02-14;12,3;29;;jah
1967-02-15;12,3;29;;jah
1967-02-16;12,3;29;;jah
1967-02-17;12;28;;jah
1967-02-18;12,3;29;;jah
1967-02-19;12;28;;jah
1967-02-20;12;28;;jah
1967-02-21;12,3;29;;jah
1967-02-22;12,7;30;;jah
1967-02-23;12,7;30;;jah
1967-02-24;13,4;32;;jah
1967-02-25;13,4;32;;jah
1967-02-26;13,7;32;;jah
1967-02-27;14,1;33;;jah
1967-02-28;14,1;32;;jah
1967-03-01;14,8;34;;jah
1967-03-02;16,3;36;;jah
1967-03-03;17,5;38;;jah
1967-03-04;19,2;42;;jah
1967-03-05;20,9;46;;jah
1967-03-06;20,4;50;;jah
1967-03-07;25;66;;jah
1967-03-08;36,9;94;;jah
1967-03-09;54,4;126;;jah
1967-03-10;69,8;150;;jah
1967-03-11;116;199;;jah
1967-03-12;177;248;;jah
1967-03-13;232;306;;jah
1967-03-14;248;327;;jah
1967-03-15;287;332;;jah
1967-03-16;299;307;;jah
1967-03-17;320;313;;jah
1967-03-18;281;286;;jah
1967-03-19;266;270;;jah
1967-03-20;253;253;;jah
1967-03-21;231;237;;jah
1967-03-22;210;220;;jah
1967-03-23;194;206;;jah
1967-03-24;166;184;;jah
1967-03-25;148;169;;jah
1967-03-26;140;161;;jah
1967-03-27;132;154;;jah
1967-03-28;136;158;;jah
1967-03-29;150;170;;jah
1967-03-30;169;184;;jah
1967-03-31;171;188;;jah
1967-04-01;157;176;;jah
1967-04-02;153;171;;jah
1967-04-03;143;161;;jah
1967-04-04;135;152;;jah
1967-04-05;125;142;;jah
1967-04-06;114;130;;jah
1967-04-07;110;124;;jah
1967-04-08;111;123;;jah
1967-04-09;112;123;;jah
1967-04-10;110;123;;jah
1967-04-11;113;128;;jah
1967-04-12;123;138;;jah
1967-04-13;123;136;;jah
1967-04-14;116;128;;jah
1967-04-15;99,3;112;;jah
1967-04-16;90;101;;jah
1967-04-17;81,5;92;;jah
1967-04-18;83,5;92;;jah
1967-04-19;86,6;95;;jah
1967-04-20;82,5;90;;jah
1967-04-21;91,7;102;;jah
1967-04-22;111;122;;jah
1967-04-23;117;133;;jah
1967-04-24;112;128;;jah
1967-04-25;95,9;113;;jah
1967-04-26;82,5;98;;jah
1967-04-27;71,7;85;;jah
1967-04-28;63,5;74;;jah
1967-04-29;59,2;68;;jah
1967-04-30;56,7;63;;jah
1967-05-01;55,9;59;;jah
1967-05-02;61;66;;jah
1967-05-03;74,5;82;;jah
1967-05-04;81,5;90;;jah
1967-05-05;93,8;103;;jah
1967-05-06;94,8;120;;jah
1967-05-07;107;134;;jah
1967-05-08;116;142;;jah
1967-05-09;114;141;;jah
1967-05-10;100;128;;jah
1967-05-11;84,5;112;;jah
1967-05-12;70,8;96;;jah
1967-05-13;60,1;83;;jah
1967-05-14;50,5;70;;jah
1967-05-15;46,2;62;;jah
1967-05-16;43,3;56;;jah
1967-05-17;44;56;;jah
1967-05-18;43,3;54;;jah
1967-05-19;43,3;54;;jah
1967-05-20;43,3;54;;jah
1967-05-21;40;50;;jah
1967-05-22;35,6;44;;jah
1967-05-23;32,8;40;;jah
1967-05-24;29,4;35;;jah
1967-05-25;28,4;34;;jah
1967-05-26;29,4;36;;jah
1967-05-27;28,9;36;;jah
1967-05-28;29,4;38;;jah
1967-05-29;28,4;36;;jah
1967-05-30;24,5;30;;jah
1967-05-31;22,7;27;;jah
1967-06-01;20,9;24;;jah
1967-06-02;19,6;22;;jah
1967-06-03;18,4;20;;jah
1967-06-04;18;20;;jah
1967-06-05;17,1;18;;jah
1967-06-06;17,1;19;;jah
1967-06-07;17,1;20;;jah
1967-06-08;17,1;20;;jah
1967-06-09;16,3;19;;jah
1967-06-10;15,9;18;;jah
1967-06-11;15,9;18;;jah
1967-06-12;15,5;18;;jah
1967-06-13;15,5;18;;jah
1967-06-14;16,3;20;;jah
1967-06-15;16,3;21;;jah
1967-06-16;16,3;21;;jah
1967-06-17;15,9;20;;jah
1967-06-18;15,2;18;;jah
1967-06-19;14,5;16;;jah
1967-06-20;13,4;14;;jah
1967-06-21;12,7;12;;jah
1967-06-22;12,3;12;;jah
1967-06-23;12,3;12;;jah
1967-06-24;12;12;;jah
1967-06-25;12;12;;jah
1967-06-26;11,4;11;;jah
1967-06-27;10,8;10;;jah
1967-06-28;10,8;10;;jah
1967-06-29;10,4;10;;jah
1967-06-30;10,4;10;;jah
1967-07-01;10,8;12;;jah
1967-07-02;10,8;12;;jah
1967-07-03;10,4;12;;jah
1967-07-04;10,4;12;;jah
1967-07-05;9,82;10;;jah
1967-07-06;9,51;10;;jah
1967-07-07;9,51;10;;jah
1967-07-08;9,2;10;;jah
1967-07-09;8,92;9;;jah
1967-07-10;8,92;9;;jah
1967-07-11;8,64;8;;jah
1967-07-12;8,64;8;;jah
1967-07-13;8,64;8;;jah
1967-07-14;8,64;8;;jah
1967-07-15;8,36;7;;jah
1967-07-16;8,08;6;;jah
1967-07-17;8,08;6;;jah
1967-07-18;8,08;5;;jah
1967-07-19;8,08;4;;jah
1967-07-20;8,08;4;;jah
1967-07-21;7,8;3;;jah
1967-07-22;8,08;4;;jah
1967-07-23;8,08;4;;jah
1967-07-24;7,8;3;;jah
1967-07-25;7,8;3;;jah
1967-07-26;8,36;4;;jah
1967-07-27;8,36;4;;jah
1967-07-28;8,36;4;;jah
1967-07-29;8,64;4;;jah
1967-07-30;8,36;3;;jah
1967-07-31;8,36;3;;jah
1967-08-01;8,08;2;;jah
1967-08-02;8,08;2;;jah
1967-08-03;7,8;1;;jah
1967-08-04;7,8;1;;jah
1967-08-05;7,8;0;;jah
1967-08-06;7,8;0;;jah
1967-08-07;8,36;2;;jah
1967-08-08;9,51;6;;jah
1967-08-09;10,1;8;;jah
1967-08-10;11,4;12;;jah
1967-08-11;12;14;;jah
1967-08-12;11,7;13;;jah
1967-08-13;11,4;12;;jah
1967-08-14;11,7;12;;jah
1967-08-15;11,7;12;;jah
1967-08-16;11,7;12;;jah
1967-08-17;11,7;12;;jah
1967-08-18;12;13;;jah
1967-08-19;12;12;;jah
1967-08-20;12;12;;jah
1967-08-21;12,7;14;;jah
1967-08-22;12,7;14;;jah
1967-08-23;12,7;14;;jah
1967-08-24;12,3;13;;jah
1967-08-25;12,3;13;;jah
1967-08-26;12;12;;jah
1967-08-27;12;12;;jah
1967-08-28;12;12;;jah
1967-08-29;12;12;;jah
1967-08-30;12;12;;jah
1967-08-31;12,7;14;;jah
1967-09-01;13;15;;jah
1967-09-02;13;15;;jah
1967-09-03;13,4;16;;jah
1967-09-04;13,4;16;;jah
1967-09-05;13,4;16;;jah
1967-09-06;13;15;;jah
1967-09-07;12,7;13;;jah
1967-09-08;12,3;12;;jah
1967-09-09;12,3;12;;jah
1967-09-10;12;11;;jah
1967-09-11;11,7;10;;jah
1967-09-12;11,1;9;;jah
1967-09-13;10,8;8;;jah
1967-09-14;10,4;7;;jah
1967-09-15;9,82;6;;jah
1967-09-16;9,51;5;;jah
1967-09-17;9,2;4;;jah
1967-09-18;8,92;4;;jah
1967-09-19;8,64;3;;jah
1967-09-20;8,36;2;;jah
1967-09-21;8,36;2;;jah
1967-09-22;8,64;2;;jah
1967-09-23;9,51;4;;jah
1967-09-24;10,4;6;;jah
1967-09-25;11,7;9;;jah
1967-09-26;13,7;14;;jah
1967-09-27;14,8;16;;jah
1967-09-28;14,5;15;;jah
1967-09-29;14,1;14;;jah
1967-09-30;13,4;12;;jah
1967-10-01;12,7;10;;jah
1967-10-02;13,4;12;;jah
1967-10-03;14,1;14;;jah
1967-10-04;13,7;13;;jah
1967-10-05;14,1;14;;jah
1967-10-06;14,1;14;;jah
1967-10-07;14,1;14;;jah
1967-10-08;15,5;17;;jah
1967-10-09;22,2;32;;jah
1967-10-10;29,4;44;;jah
1967-10-11;32,8;50;;jah
1967-10-12;31,7;43;;jah
1967-10-13;28,9;47;;jah
1967-10-14;30;47;;jah
1967-10-15;32,8;54;;jah
1967-10-16;38,8;66;;jah
1967-10-17;48,3;83;;jah
1967-10-18;104;146;;jah
1967-10-19;132;172;;jah
1967-10-20;116;158;;jah
1967-10-21;116;156;;jah
1967-10-22;141;176;;jah
1967-10-23;152;182;;jah
1967-10-24;137;170;;jah
1967-10-25;128;160;;jah
1967-10-26;118;151;;jah
1967-10-27;103;137;;jah
1967-10-28;88,6;123;;jah
1967-10-29;90;123;;jah
1967-10-30;83,5;117;;jah
1967-10-31;76,5;109;;jah
1967-11-01;68;99;;jah
1967-11-02;61;90;;jah
1967-11-03;55,9;84;;jah
1967-11-04;51,3;77;;jah
1967-11-05;49,8;74;;jah
1967-11-06;46,9;70;;jah
1967-11-07;44,7;66;;jah
1967-11-08;44;65;;jah
1967-11-09;43,3;63;;jah
1967-11-10;41,9;61;;jah
1967-11-11;41,3;60;;jah
1967-11-12;41,9;61;;jah
1967-11-13;50,5;72;;jah
1967-11-14;67,1;92;;jah
1967-11-15;81,5;107;;jah
1967-11-16;85,5;111;;jah
1967-11-17;97;122;;jah
1967-11-18;98,2;123;;jah
1967-11-19;68,2;122;;jah
1967-11-20;92,7;117;;jah
1967-11-21;93,8;118;;jah
1967-11-22;105;128;;jah
1967-11-23;107;130;;jah
1967-11-24;100;124;;jah
1967-11-25;87,6;112;;jah
1967-11-26;77,5;102;;jah
1967-11-27;63,5;87;;jah
1967-11-28;55,9;94;;jah
1967-11-29;45,4;100;;jah
1967-11-30;37,5;106;;jah
1967-12-01;32,8;106;;jah
1967-12-02;31,1;80;;jah
1967-12-03;30;74;;jah
1967-12-04;27,2;66;;jah
1967-12-05;24;64;;jah
1967-12-06;25;72;;jah
1967-12-07;23,2;73;;jah
1967-12-08;20,4;70;;jah
1967-12-09;18;68;;jah
1967-12-10;17,1;73;;jah
1967-12-11;18;80;;jah
1967-12-12;18;90;;jah
1967-12-13;18;94;;jah
1967-12-14;18,4;96;;jah
1967-12-15;24;94;;jah
1967-12-16;39,4;118;;jah
1967-12-17;70,8;156;;jah
1967-12-18;68,9;144;;jah
1967-12-19;61,8;134;;jah
1967-12-20;55,2;129;;jah
1967-12-21;48,3;126;;jah
1967-12-22;44;126;;jah
1967-12-23;40;125;;jah
1967-12-24;36,2;126;;jah
1967-12-25;33,4;134;;jah
1967-12-26;30;130;;jah
1967-12-27;28,4;125;;jah
1967-12-28;27,2;120;;jah
1967-12-29;25;109;;jah
1967-12-30;24;95;;jah
1967-12-31;22,7;87;;jah
1968-01-01;20,4;78;;jah
1968-01-02;19,6;72;;jah
1968-01-03;19,2;68;;jah
1968-01-04;18,8;66;;jah
1968-01-05;18,8;65;;jah
1968-01-06;18;62;;jah
1968-01-07;17,5;54;;jah
1968-01-08;17,4;49;;jah
1968-01-09;16,7;46;;jah
1968-01-10;16,3;44;;jah
1968-01-11;16,3;44;;jah
1968-01-12;15,9;42;;jah
1968-01-13;15,2;40;;jah
1968-01-14;14,1;36;;jah
1968-01-15;13,4;34;;jah
1968-01-16;12,7;32;;jah
1968-01-17;12,3;30;;jah
1968-01-18;12;29;;jah
1968-01-19;11,4;27;;jah
1968-01-20;10,8;25;;jah
1968-01-21;10,4;24;;jah
1968-01-22;10,4;24;;jah
1968-01-23;11,4;26;;jah
1968-01-24;11,4;26;;jah
1968-01-25;12;28;;jah
1968-01-26;12,7;30;;jah
1968-01-27;13,4;31;;jah
1968-01-28;13,7;32;;jah
1968-01-29;13,4;31;;jah
1968-01-30;13,4;32;;jah
1968-01-31;13,7;34;;jah
1968-02-01;14,5;36;;jah
1968-02-02;15,5;40;;jah
1968-02-03;18;46;;jah
1968-02-04;19,2;50;;jah
1968-02-05;20,4;53;;jah
1968-02-06;20;52;;jah
1968-02-07;20;51;;jah
1968-02-08;19,2;48;;jah
1968-02-09;18,4;46;;jah
1968-02-10;18;44;;jah
1968-02-11;18;44;;jah
1968-02-12;17,5;42;;jah
1968-02-13;17,1;41;;jah
1968-02-14;17,1;40;;jah
1968-02-15;16,7;39;;jah
1968-02-16;16,3;37;;jah
1968-02-17;15,9;35;;jah
1968-02-18;15,5;34;;jah
1968-02-19;15,5;34;;jah
1968-02-20;15,2;32;;jah
1968-02-21;15,2;32;;jah
1968-02-22;15,2;32;;jah
1968-02-23;14,8;31;;jah
1968-02-24;14,1;30;;jah
1968-02-25;14,1;30;;jah
1968-02-26;13,4;28;;jah
1968-02-27;13,4;28;;jah
1968-02-28;13,4;28;;jah
1968-02-29;13,4;28;;jah
1968-03-01;13;28;;jah
1968-03-02;13;28;;jah
1968-03-03;13;28;;jah
1968-03-04;12,7;27;;jah
1968-03-05;12,3;26;;jah
1968-03-06;12,7;27;;jah
1968-03-07;12,7;27;;jah
1968-03-08;12,7;27;;jah
1968-03-09;13;28;;jah
1968-03-10;13;28;;jah
1968-03-11;13;28;;jah
1968-03-12;12,7;26;;jah
1968-03-13;12,7;26;;jah
1968-03-14;12,7;26;;jah
1968-03-15;13;26;;jah
1968-03-16;13;26;;jah
1968-03-17;12,7;24;;jah
1968-03-18;13,4;26;;jah
1968-03-19;14,1;27;;jah
1968-03-20;14,5;28;;jah
1968-03-21;15,9;32;;jah
1968-03-22;20;43;;jah
1968-03-23;33,4;71;;jah
1968-03-24;62,6;114;;jah
1968-03-25;141;190;;jah
1968-03-26;215;316;;jah
1968-03-27;251;336;;jah
1968-03-28;324;310;;jah
1968-03-29;392;338;;jah
1968-03-30;419;348;;jah
1968-03-31;416;344;;jah
1968-04-01;394;330;;jah
1968-04-02;355;308;;jah
1968-04-03;326;290;;jah
1968-04-04;314;282;;jah
1968-04-05;295;272;;jah
1968-04-06;248;246;;jah
1968-04-07;218;226;;jah
1968-04-08;192;206;;jah
1968-04-09;174;188;;jah
1968-04-10;148;166;;jah
1968-04-11;123;144;;jah
1968-04-12;107;128;;jah
1968-04-13;126;144;;jah
1968-04-14;130;146;;jah
1968-04-15;119;137;;jah
1968-04-16;102;122;;jah
1968-04-17;90,7;111;;jah
1968-04-18;82,5;103;;jah
1968-04-19;72,6;93;;jah
1968-04-20;65,2;84;;jah
1968-04-21;61;79;;jah
1968-04-22;58,4;75;;jah
1968-04-23;54,4;70;;jah
1968-04-24;52,1;66;;jah
1968-04-25;54,4;69;;jah
1968-04-26;55,2;70;;jah
1968-04-27;50,5;64;;jah
1968-04-28;46,2;58;;jah
1968-04-29;43,3;54;;jah
1968-04-30;40;50;;jah
1968-05-01;36,9;46;;jah
1968-05-02;35,6;44;;jah
1968-05-03;35,6;45;;jah
1968-05-04;34,5;44;;jah
1968-05-05;33,9;44;;jah
1968-05-06;32,8;42;;jah
1968-05-07;31,7;41;;jah
1968-05-08;30,6;40;;jah
1968-05-09;30;40;;jah
1968-05-10;28,4;38;;jah
1968-05-11;27,2;36;;jah
1968-05-12;28,4;38;;jah
1968-05-13;31,1;43;;jah
1968-05-14;31,7;44;;jah
1968-05-15;31,7;44;;jah
1968-05-16;32,8;46;;jah
1968-05-17;35;50;;jah
1968-05-18;38,1;54;;jah
1968-05-19;55,9;78;;jah
1968-05-20;95,9;114;;jah
1968-05-21;92,7;112;;jah
1968-05-22;79,5;100;;jah
1968-05-23;67,1;88;;jah
1968-05-24;54,4;74;;jah
1968-05-25;46,2;64;;jah
1968-05-26;40;56;;jah
1968-05-27;35,6;50;;jah
1968-05-28;31,7;44;;jah
1968-05-29;27,8;38;;jah
1968-05-30;25;34;;jah
1968-05-31;23,6;32;;jah
1968-06-01;21,4;28;;jah
1968-06-02;20,4;26;;jah
1968-06-03;19,2;24;;jah
1968-06-04;18,4;22;;jah
1968-06-05;17,1;20;;jah
1968-06-06;16,3;18;;jah
1968-06-07;15,9;18;;jah
1968-06-08;15,9;18;;jah
1968-06-09;15,5;18;;jah
1968-06-10;15,5;18;;jah
1968-06-11;14,8;17;;jah
1968-06-12;14,5;16;;jah
1968-06-13;14,5;16;;jah
1968-06-14;13,4;14;;jah
1968-06-15;13,4;14;;jah
1968-06-16;12,7;13;;jah
1968-06-17;12,3;12;;jah
1968-06-18;12;12;;jah
1968-06-19;11,7;11;;jah
1968-06-20;11,4;10;;jah
1968-06-21;11,4;10;;jah
1968-06-22;11,4;11;;jah
1968-06-23;11,7;12;;jah
1968-06-24;12,3;14;;jah
1968-06-25;13,7;18;;jah
1968-06-26;14,5;20;;jah
1968-06-27;16,7;26;;jah
1968-06-28;20;34;;jah
1968-06-29;21,8;39;;jah
1968-06-30;23,2;42;;jah
1968-07-01;22,7;41;;jah
1968-07-02;20,9;37;;jah
1968-07-03;18,8;32;;jah
1968-07-04;17,1;28;;jah
1968-07-05;15,5;25;;jah
1968-07-06;14,5;22;;jah
1968-07-07;13,7;20;;jah
1968-07-08;13,4;19;;jah
1968-07-09;14,5;22;;jah
1968-07-10;15,5;26;;jah
1968-07-11;18;32;;jah
1968-07-12;20;37;;jah
1968-07-13;21,8;41;;jah
1968-07-14;24;46;;jah
1968-07-15;24;46;;jah
1968-07-16;23,2;44;;jah
1968-07-17;20,9;40;;jah
1968-07-18;18,8;35;;jah
1968-07-19;17,5;32;;jah
1968-07-20;16,3;29;;jah
1968-07-21;15,2;26;;jah
1968-07-22;14,5;24;;jah
1968-07-23;13,7;22;;jah
1968-07-24;13,4;21;;jah
1968-07-25;13;20;;jah
1968-07-26;12,7;20;;jah
1968-07-27;12,3;19;;jah
1968-07-28;12;18;;jah
1968-07-29;11,1;16;;jah
1968-07-30;10,8;15;;jah
1968-07-31;10,4;14;;jah
1968-08-01;9,82;12;;jah
1968-08-02;9,51;12;;jah
1968-08-03;8,92;10;;jah
1968-08-04;8,64;10;;jah
1968-08-05;8,08;8;;jah
1968-08-06;8,08;8;;jah
1968-08-07;7,52;6;;jah
1968-08-08;7,24;6;;jah
1968-08-09;7,24;6;;jah
1968-08-10;6,96;5;;jah
1968-08-11;6,96;5;;jah
1968-08-12;6,68;4;;jah
1968-08-13;6,68;4;;jah
1968-08-14;6,96;4;;jah
1968-08-15;6,68;3;;jah
1968-08-16;6,96;4;;jah
1968-08-17;7,52;6;;jah
1968-08-18;8,36;8;;jah
1968-08-19;8,92;10;;jah
1968-08-20;9,82;12;;jah
1968-08-21;10,4;14;;jah
1968-08-22;11,1;16;;jah
1968-08-23;11,4;16;;jah
1968-08-24;12,7;20;;jah
1968-08-25;13;21;;jah
1968-08-26;12,7;20;;jah
1968-08-27;12,3;19;;jah
1968-08-28;12,3;18;;jah
1968-08-29;11,7;16;;jah
1968-08-30;11,1;14;;jah
1968-08-31;11,1;14;;jah
1968-09-01;11,1;14;;jah
1968-09-02;10,4;12;;jah
1968-09-03;9,82;10;;jah
1968-09-04;9,82;10;;jah
1968-09-05;8,92;8;;jah
1968-09-06;8,92;8;;jah
1968-09-07;8,64;7;;jah
1968-09-08;8,36;6;;jah
1968-09-09;8,08;5;;jah
1968-09-10;7,8;4;;jah
1968-09-11;7,8;4;;jah
1968-09-12;7,8;4;;jah
1968-09-13;7,8;5;;jah
1968-09-14;7,8;5;;jah
1968-09-15;7,8;5;;jah
1968-09-16;8,08;6;;jah
1968-09-17;8,08;6;;jah
1968-09-18;7,8;5;;jah
1968-09-19;7,8;5;;jah
1968-09-20;7,8;5;;jah
1968-09-21;7,8;5;;jah
1968-09-22;8,08;6;;jah
1968-09-23;8,64;7;;jah
1968-09-24;9,2;8;;jah
1968-09-25;10,8;12;;jah
1968-09-26;12;15;;jah
1968-09-27;12,7;16;;jah
1968-09-28;13;16;;jah
1968-09-29;13,4;16;;jah
1968-09-30;12,7;14;;jah
1968-10-01;12,3;13;;jah
1968-10-02;11,4;10;;jah
1968-10-03;11,1;9;;jah
1968-10-04;11,1;9;;jah
1968-10-05;10,8;8;;jah
1968-10-06;10,4;8;;jah
1968-10-07;10,4;8;;jah
1968-10-08;10,4;8;;jah
1968-10-09;11,1;10;;jah
1968-10-10;11,7;12;;jah
1968-10-11;13;16;;jah
1968-10-12;15,5;22;;jah
1968-10-13;17,5;26;;jah
1968-10-14;18,8;28;;jah
1968-10-15;23,2;36;;jah
1968-10-16;30;48;;jah
1968-10-17;37,5;60;;jah
1968-10-18;41,9;66;;jah
1968-10-19;45,4;70;;jah
1968-10-20;46,9;72;;jah
1968-10-21;44,7;68;;jah
1968-10-22;42,6;65;;jah
1968-10-23;40,6;62;;jah
1968-10-24;40,6;62;;jah
1968-10-25;39,4;60;;jah
1968-10-26;40;61;;jah
1968-10-27;48,3;74;;jah
1968-10-28;63,5;93;;jah
1968-10-29;62,6;93;;jah
1968-10-30;68;99;;jah
1968-10-31;84,5;116;;jah
1968-11-01;152;174;;jah
1968-11-02;215;219;;jah
1968-11-03;229;228;;jah
1968-11-04;215;220;;jah
1968-11-05;192;204;;jah
1968-11-06;167;186;;jah
1968-11-07;141;166;;jah
1968-11-08;105;136;;jah
1968-11-09;82,5;114;;jah
1968-11-10;70,8;102;;jah
1968-11-11;60,1;89;;jah
1968-11-12;52,8;80;;jah
1968-11-13;46,2;71;;jah
1968-11-14;38,1;60;;jah
1968-11-15;34,5;58;;jah
1968-11-16;31,1;56;;jah
1968-11-17;27,2;50;;jah
1968-11-18;27,2;50;;jah
1968-11-19;27,8;58;;jah
1968-11-20;27,8;54;;jah
1968-11-21;25;48;;jah
1968-11-22;23,2;43;;jah
1968-11-23;21,8;40;;jah
1968-11-24;21,4;38;;jah
1968-11-25;20,9;36;;jah
1968-11-26;22,2;36;;jah
1968-11-27;27,2;42;;jah
1968-11-28;39,4;56;;jah
1968-11-29;55,2;72;;jah
1968-11-30;72,6;88;;jah
1968-12-01;75,5;92;;jah
1968-12-02;67,1;85;;jah
1968-12-03;59,2;78;;jah
1968-12-04;52,1;71;;jah
1968-12-05;46,9;66;;jah
1968-12-06;42,6;62;;jah
1968-12-07;40;60;;jah
1968-12-08;36,9;57;;jah
1968-12-09;33,4;52;;jah
1968-12-10;27,8;42;;jah
1968-12-11;28,4;53;;jah
1968-12-12;27,2;60;;jah
1968-12-13;27,2;60;;jah
1968-12-14;24,5;44;;jah
1968-12-15;23,6;37;;jah
1968-12-16;22,7;38;;jah
1968-12-17;21,8;42;;jah
1968-12-18;21,4;46;;jah
1968-12-19;20,4;49;;jah
1968-12-20;19,6;51;;jah
1968-12-21;18,4;50;;jah
1968-12-22;18;51;;jah
1968-12-23;17,5;48;;jah
1968-12-24;17,1;44;;jah
1968-12-25;16,7;38;;jah
1968-12-26;15,9;33;;jah
1968-12-27;15,9;30;;jah
1968-12-28;15,9;28;;jah
1968-12-29;15,9;27;;jah
1968-12-30;15,9;26;;jah
1968-12-31;14,5;28;;jah
1969-01-01;14,5;34;;jah
1969-01-02;14,1;47;;jah
1969-01-03;13,7;54;;jah
1969-01-04;13,7;60;;jah
1969-01-05;13,4;64;;jah
1969-01-06;13;65;;jah
1969-01-07;12,7;60;;jah
1969-01-08;12,3;52;;jah
1969-01-09;12;42;;jah
1969-01-10;11,7;33;;jah
1969-01-11;11,4;24;;jah
1969-01-12;11,1;20;;jah
1969-01-13;10,8;18;;jah
1969-01-14;10,8;17;;jah
1969-01-15;10,4;17;;jah
1969-01-16;10,4;18;;jah
1969-01-17;10,4;18;;jah
1969-01-18;10,4;20;;jah
1969-01-19;10,1;20;;jah
1969-01-20;9,82;20;;jah
1969-01-21;9,2;19;;jah
1969-01-22;8,36;16;;jah
1969-01-23;8,36;17;;jah
1969-01-24;8,08;17;;jah
1969-01-25;7,8;17;;jah
1969-01-26;7,24;16;;jah
1969-01-27;6,96;15;;jah
1969-01-28;6,96;15;;jah
1969-01-29;6,68;14;;jah
1969-01-30;6,68;14;;jah
1969-01-31;7,24;16;;jah
1969-02-01;7,24;16;;jah
1969-02-02;7,24;16;;jah
1969-02-03;7,24;16;;jah
1969-02-04;7,24;16;;jah
1969-02-05;7,52;16;;jah
1969-02-06;7,52;16;;jah
1969-02-07;7,52;16;;jah
1969-02-08;7,52;16;;jah
1969-02-09;7,52;16;;jah
1969-02-10;7,52;16;;jah
1969-02-11;6,96;14;;jah
1969-02-12;7,24;15;;jah
1969-02-13;7,52;16;;jah
1969-02-14;7,24;16;;jah
1969-02-15;6,96;15;;jah
1969-02-16;6,96;15;;jah
1969-02-17;7,24;16;;jah
1969-02-18;7,24;16;;jah
1969-02-19;7,24;16;;jah
1969-02-20;7,24;16;;jah
1969-02-21;6,96;16;;jah
1969-02-22;7,52;18;;jah
1969-02-23;7,24;18;;jah
1969-02-24;6,96;17;;jah
1969-02-25;6,68;17;;jah
1969-02-26;6,68;17;;jah
1969-02-27;6,56;16;;jah
1969-02-28;6,56;16;;jah
1969-03-01;6,56;16;;jah
1969-03-02;6,9;17;;jah
1969-03-03;6,56;17;;jah
1969-03-04;6,9;18;;jah
1969-03-05;6,96;20;;jah
1969-03-06;6,96;21;;jah
1969-03-07;6,68;20;;jah
1969-03-08;6,96;21;;jah
1969-03-09;6,96;21;;jah
1969-03-10;7,24;22;;jah
1969-03-11;7,24;22;;jah
1969-03-12;7,24;22;;jah
1969-03-13;7,24;22;;jah
1969-03-14;7,24;22;;jah
1969-03-15;7,24;21;;jah
1969-03-16;7,24;21;;jah
1969-03-17;7,24;21;;jah
1969-03-18;7,24;21;;jah
1969-03-19;7,24;21;;jah
1969-03-20;7,52;21;;jah
1969-03-21;7,52;21;;jah
1969-03-22;7,52;21;;jah
1969-03-23;7,52;20;;jah
1969-03-24;7,52;20;;jah
1969-03-25;7,52;20;;jah
1969-03-26;7,52;20;;jah
1969-03-27;7,24;20;;jah
1969-03-28;7,24;20;;jah
1969-03-29;6,96;20;;jah
1969-03-30;6,96;20;;jah
1969-03-31;6,68;20;;jah
1969-04-01;6,68;20;;jah
1969-04-02;6,96;21;;jah
1969-04-03;7,24;20;;jah
1969-04-04;8,36;21;;jah
1969-04-05;9,2;21;;jah
1969-04-06;10,1;22;;jah
1969-04-07;13,4;30;;jah
1969-04-08;20,4;46;;jah
1969-04-09;30;64;;jah
1969-04-10;67,1;114;;jah
1969-04-11;166;199;;jah
1969-04-12;191;268;;jah
1969-04-13;223;276;;jah
1969-04-14;314;315;;jah
1969-04-15;346;316;;jah
1969-04-16;328;306;;jah
1969-04-17;316;297;;jah
1969-04-18;309;290;;jah
1969-04-19;307;287;;jah
1969-04-20;293;278;;jah
1969-04-21;287;274;;jah
1969-04-22;266;262;;jah
1969-04-23;232;241;;jah
1969-04-24;198;216;;jah
1969-04-25;167;192;;jah
1969-04-26;137;166;;jah
1969-04-27;111;138;;jah
1969-04-28;94,8;123;;jah
1969-04-29;106;132;;jah
1969-04-30;119;142;;jah
1969-05-01;130;150;;jah
1969-05-02;124;144;;jah
1969-05-03;103;126;;jah
1969-05-04;86,6;110;;jah
1969-05-05;78,5;102;;jah
1969-05-06;68;90;;jah
1969-05-07;61;82;;jah
1969-05-08;55,9;76;;jah
1969-05-09;53,6;72;;jah
1969-05-10;49;66;;jah
1969-05-11;44,7;60;;jah
1969-05-12;42,6;57;;jah
1969-05-13;41,9;56;;jah
1969-05-14;41,3;55;;jah
1969-05-15;40,6;54;;jah
1969-05-16;54,4;73;;jah
1969-05-17;79,5;101;;jah
1969-05-18;83,5;105;;jah
1969-05-19;78,5;100;;jah
1969-05-20;88,6;110;;jah
1969-05-21;173;194;;jah
1969-05-22;190;212;;jah
1969-05-23;173;199;;jah
1969-05-24;148;179;;jah
1969-05-25;123;157;;jah
1969-05-26;92,7;129;;jah
1969-05-27;73,6;108;;jah
1969-05-28;57,6;88;;jah
1969-05-29;49;75;;jah
1969-05-30;42,6;64;;jah
1969-05-31;38,8;56;;jah
1969-06-01;35;50;;jah
1969-06-02;32,2;46;;jah
1969-06-03;30;43;;jah
1969-06-04;27,8;40;;jah
1969-06-05;26,2;38;;jah
1969-06-06;24,5;36;;jah
1969-06-07;23,2;34;;jah
1969-06-08;21,4;32;;jah
1969-06-09;20;29;;jah
1969-06-10;18,9;27;;jah
1969-06-11;18;25;;jah
1969-06-12;17,1;24;;jah
1969-06-13;15,9;22;;jah
1969-06-14;15,2;20;;jah
1969-06-15;14,8;20;;jah
1969-06-16;13,7;18;;jah
1969-06-17;12,7;16;;jah
1969-06-18;12,7;16;;jah
1969-06-19;12;15;;jah
1969-06-20;11,4;14;;jah
1969-06-21;11,4;14;;jah
1969-06-22;11,1;13;;jah
1969-06-23;10,8;12;;jah
1969-06-24;10,4;12;;jah
1969-06-25;10,4;12;;jah
1969-06-26;10,1;11;;jah
1969-06-27;10,1;11;;jah
1969-06-28;10,1;11;;jah
1969-06-29;10,4;12;;jah
1969-06-30;10,4;12;;jah
1969-07-01;10,1;11;;jah
1969-07-02;10,4;12;;jah
1969-07-03;10,8;14;;jah
1969-07-04;10,8;14;;jah
1969-07-05;11,4;16;;jah
1969-07-06;12;18;;jah
1969-07-07;12;18;;jah
1969-07-08;11,7;17;;jah
1969-07-09;12;18;;jah
1969-07-10;12;18;;jah
1969-07-11;13;22;;jah
1969-07-12;13,7;24;;jah
1969-07-13;13,7;24;;jah
1969-07-14;12,7;22;;jah
1969-07-15;12,7;22;;jah
1969-07-16;12,3;22;;jah
1969-07-17;11,7;20;;jah
1969-07-18;10,4;16;;jah
1969-07-19;10,4;16;;jah
1969-07-20;10,4;16;;jah
1969-07-21;10,8;18;;jah
1969-07-22;10,4;17;;jah
1969-07-23;10,1;16;;jah
1969-07-24;10,1;16;;jah
1969-07-25;9,51;14;;jah
1969-07-26;9,51;14;;jah
1969-07-27;8,64;12;;jah
1969-07-28;8,64;12;;jah
1969-07-29;8,36;11;;jah
1969-07-30;8,08;10;;jah
1969-07-31;8,08;10;;jah
1969-08-01;7,52;8;;jah
1969-08-02;7,52;8;;jah
1969-08-03;6,96;6;;jah
1969-08-04;6,68;5;;jah
1969-08-05;6,68;5;;jah
1969-08-06;6,4;4;;jah
1969-08-07;6,16;3;;jah
1969-08-08;5,68;2;;jah
1969-08-09;5,68;2;;jah
1969-08-10;5,68;2;;jah
1969-08-11;5,44;1;;jah
1969-08-12;5,44;1;;jah
1969-08-13;5,68;2;;jah
1969-08-14;5,68;2;;jah
1969-08-15;5,44;1;;jah
1969-08-16;5,68;2;;jah
1969-08-17;5,92;3;;jah
1969-08-18;5,68;2;;jah
1969-08-19;5,44;1;;jah
1969-08-20;5,44;1;;jah
1969-08-21;5,3;0;;jah
1969-08-22;5,44;1;;jah
1969-08-23;5,92;3;;jah
1969-08-24;5,68;2;;jah
1969-08-25;6,16;4;;jah
1969-08-26;6,16;4;;jah
1969-08-27;6,68;6;;jah
1969-08-28;6,96;7;;jah
1969-08-29;6,96;7;;jah
1969-08-30;6,68;6;;jah
1969-08-31;6,68;6;;jah
1969-09-01;6,4;5;;jah
1969-09-02;6,4;5;;jah
1969-09-03;6,96;6;;jah
1969-09-04;6,4;4;;jah
1969-09-05;6,4;4;;jah
1969-09-06;6,96;5;;jah
1969-09-07;6,96;5;;jah
1969-09-08;6,68;4;;jah
1969-09-09;6,68;4;;jah
1969-09-10;6,96;4;;jah
1969-09-11;6,4;2;;jah
1969-09-12;6,4;2;;jah
1969-09-13;6,4;1;;jah
1969-09-14;6,68;2;;jah
1969-09-15;6,68;2;;jah
1969-09-16;6,68;1;;jah
1969-09-17;6,4;0;;jah
1969-09-18;6,68;0;;jah
1969-09-19;6,68;0;;jah
1969-09-20;6,96;0;;jah
1969-09-21;6,96;0;;jah
1969-09-22;6,96;0;;jah
1969-09-23;7,52;2;;jah
1969-09-24;7,52;2;;jah
1969-09-25;8,08;4;;jah
1969-09-26;8,08;4;;jah
1969-09-27;8,92;6;;jah
1969-09-28;8,92;6;;jah
1969-09-29;9,51;8;;jah
1969-09-30;10,8;12;;jah
1969-10-01;11,4;14;;jah
1969-10-02;11,4;14;;jah
1969-10-03;11,4;14;;jah
1969-10-04;11,4;13;;jah
1969-10-05;11,4;13;;jah
1969-10-06;10,8;11;;jah
1969-10-07;10,4;10;;jah
1969-10-08;10,1;9;;jah
1969-10-09;10,4;9;;jah
1969-10-10;10,4;9;;jah
1969-10-11;10,4;9;;jah
1969-10-12;10,1;8;;jah
1969-10-13;10,1;8;;jah
1969-10-14;9,82;7;;jah
1969-10-15;9,51;6;;jah
1969-10-16;9,82;6;;jah
1969-10-17;9,82;6;;jah
1969-10-18;9,82;6;;jah
1969-10-19;9,51;5;;jah
1969-10-20;9,51;5;;jah
1969-10-21;9,51;5;;jah
1969-10-22;9,51;5;;jah
1969-10-23;9,51;5;;jah
1969-10-24;9,51;4;;jah
1969-10-25;9,51;4;;jah
1969-10-26;9,82;4;;jah
1969-10-27;10,1;5;;jah
1969-10-28;11,1;8;;jah
1969-10-29;12;10;;jah
1969-10-30;12,7;12;;jah
1969-10-31;13,7;15;;jah
1969-11-01;14,8;18;;jah
1969-11-02;16,3;21;;jah
1969-11-03;17,1;23;;jah
1969-11-04;18,8;26;;jah
1969-11-05;19,2;26;;jah
1969-11-06;18,4;24;;jah
1969-11-07;17,5;21;;jah
1969-11-08;18,4;22;;jah
1969-11-09;19,6;24;;jah
1969-11-10;27,2;38;;jah
1969-11-11;38,8;62;;jah
1969-11-12;61,8;97;;jah
1969-11-13;79,5;118;;jah
1969-11-14;86,6;126;;jah
1969-11-15;85,5;122;;jah
1969-11-16;80,5;115;;jah
1969-11-17;79,5;112;;jah
1969-11-18;76,5;108;;jah
1969-11-19;72,6;102;;jah
1969-11-20;68;98;;jah
1969-11-21;69,8;100;;jah
1969-11-22;63,5;95;;jah
1969-11-23;56,7;88;;jah
1969-11-24;49,8;80;;jah
1969-11-25;46,9;78;;jah
1969-11-26;43,3;74;;jah
1969-11-27;35,6;64;;jah
1969-11-28;32,2;59;;jah
1969-11-29;31,1;62;;jah
1969-11-30;30;64;;jah
1969-12-01;28,4;60;;jah
1969-12-02;27,8;56;;jah
1969-12-03;26,7;53;;jah
1969-12-04;25,6;52;;jah
1969-12-05;25;52;;jah
1969-12-06;24,5;51;;jah
1969-12-07;24;51;;jah
1969-12-08;23,2;54;;jah
1969-12-09;22,2;60;;jah
1969-12-10;21,4;60;;jah
1969-12-11;20,4;54;;jah
1969-12-12;19,6;49;;jah
1969-12-13;18,8;48;;jah
1969-12-14;18;52;;jah
1969-12-15;17,1;52;;jah
1969-12-16;15,9;52;;jah
1969-12-17;14,8;60;;jah
1969-12-18;13,7;80;;jah
1969-12-19;12,7;97;;jah
1969-12-20;12,3;104;;jah
1969-12-21;12;100;;jah
1969-12-22;12;91;;jah
1969-12-23;12;82;;jah
1969-12-24;11,7;72;;jah
1969-12-25;11,7;66;;jah
1969-12-26;11,7;59;;jah
1969-12-27;11,4;48;;jah
1969-12-28;11,4;40;;jah
1969-12-29;11,1;30;;jah
1969-12-30;10,8;28;;jah
1969-12-31;10,8;27;;jah
1970-01-01;10,8;24;;jah
1970-01-02;10,4;22;;jah
1970-01-03;10,4;22;;jah
1970-01-04;10,4;22;;jah
1970-01-05;10,4;22;;jah
1970-01-06;10,4;22;;jah
1970-01-07;10,4;22;;jah
1970-01-08;10,4;22;;jah
1970-01-09;10,4;22;;jah
1970-01-10;10,1;21;;jah
1970-01-11;10,8;21;;jah
1970-01-12;11,1;21;;jah
1970-01-13;11,1;21;;jah
1970-01-14;11,7;22;;jah
1970-01-15;11,7;23;;jah
1970-01-16;11,4;22;;jah
1970-01-17;11,1;22;;jah
1970-01-18;11,1;22;;jah
1970-01-19;11,1;22;;jah
1970-01-20;11,4;24;;jah
1970-01-21;11,4;24;;jah
1970-01-22;11,1;24;;jah
1970-01-23;10,8;23;;jah
1970-01-24;10,8;23;;jah
1970-01-25;10,8;23;;jah
1970-01-26;10,8;23;;jah
1970-01-27;10,4;23;;jah
1970-01-28;10,1;22;;jah
1970-01-29;10,1;22;;jah
1970-01-30;9,82;21;;jah
1970-01-31;9,51;20;;jah
1970-02-01;9,51;20;;jah
1970-02-02;9,2;19;;jah
1970-02-03;9,51;20;;jah
1970-02-04;9,51;20;;jah
1970-02-05;9,51;20;;jah
1970-02-06;9,51;20;;jah
1970-02-07;9,82;20;;jah
1970-02-08;9,82;20;;jah
1970-02-09;9,2;18;;jah
1970-02-10;9,82;20;;jah
1970-02-11;9,82;20;;jah
1970-02-12;9,82;20;;jah
1970-02-13;9,2;18;;jah
1970-02-14;8,36;16;;jah
1970-02-15;8,36;16;;jah
1970-02-16;8,92;18;;jah
1970-02-17;8,92;18;;jah
1970-02-18;8,92;18;;jah
1970-02-19;9,51;20;;jah
1970-02-20;9,2;19;;jah
1970-02-21;9,2;19;;jah
1970-02-22;8,92;18;;jah
1970-02-23;8,92;18;;jah
1970-02-24;8,92;18;;jah
1970-02-25;9,2;19;;jah
1970-02-26;9,51;20;;jah
1970-02-27;9,51;20;;jah
1970-02-28;9,51;20;;jah
1970-03-01;9,51;20;;jah
1970-03-02;9,51;20;;jah
1970-03-03;8,92;18;;jah
1970-03-04;8,92;18;;jah
1970-03-05;9,2;20;;jah
1970-03-06;9,51;21;;jah
1970-03-07;9,2;20;;jah
1970-03-08;9,2;20;;jah
1970-03-09;9,2;20;;jah
1970-03-10;9,51;21;;jah
1970-03-11;9,82;21;;jah
1970-03-12;10,1;21;;jah
1970-03-13;10,4;21;;jah
1970-03-14;10,4;20;;jah
1970-03-15;10,4;20;;jah
1970-03-16;10,4;20;;jah
1970-03-17;10,4;20;;jah
1970-03-18;11,1;22;;jah
1970-03-19;11,7;24;;jah
1970-03-20;12;25;;jah
1970-03-21;13;28;;jah
1970-03-22;13,7;30;;jah
1970-03-23;13,7;30;;jah
1970-03-24;14,5;32;;jah
1970-03-25;14,5;32;;jah
1970-03-26;14,8;33;;jah
1970-03-27;15,2;34;;jah
1970-03-28;15,5;34;;jah
1970-03-29;15,5;34;;jah
1970-03-30;15,2;33;;jah
1970-03-31;15,2;32;;jah
1970-04-01;16;31;;jah
1970-04-02;16,5;32;;jah
1970-04-03;18,8;34;;jah
1970-04-04;22,7;40;;jah
1970-04-05;31,4;57;;jah
1970-04-06;43,3;79;;jah
1970-04-07;61,6;110;;jah
1970-04-08;90;148;;jah
1970-04-09;137;206;;jah
1970-04-10;186;252;;jah
1970-04-11;259;296;;jah
1970-04-12;283;292;;jah
1970-04-13;291;283;;jah
1970-04-14;292;281;;jah
1970-04-15;291;280;;jah
1970-04-16;284;274;;jah
1970-04-17;278;270;;jah
1970-04-18;269;263;;jah
1970-04-19;253;251;;jah
1970-04-20;257;254;;jah
1970-04-21;257;254;;jah
1970-04-22;264;260;;jah
1970-04-23;264;260;;jah
1970-04-24;260;256;;jah
1970-04-25;253;251;;jah
1970-04-26;236;238;;jah
1970-04-27;236;238;;jah
1970-04-28;236;238;;jah
1970-04-29;209;218;;jah
1970-04-30;193;206;;jah
1970-05-01;190;204;;jah
1970-05-02;170;188;;jah
1970-05-03;157;176;;jah
1970-05-04;139;160;;jah
1970-05-05;118;140;;jah
1970-05-06;104;126;;jah
1970-05-07;90,5;112;;jah
1970-05-08;77,5;98;;jah
1970-05-09;68,9;88;;jah
1970-05-10;59,2;76;;jah
1970-05-11;52,1;68;;jah
1970-05-12;46,9;62;;jah
1970-05-13;40,6;55;;jah
1970-05-14;35,6;48;;jah
1970-05-15;33,4;46;;jah
1970-05-16;30,6;42;;jah
1970-05-17;27,8;39;;jah
1970-05-18;25;35;;jah
1970-05-19;23,2;32;;jah
1970-05-20;23,2;32;;jah
1970-05-21;22,7;31;;jah
1970-05-22;23,2;32;;jah
1970-05-23;23,2;32;;jah
1970-05-24;23,2;32;;jah
1970-05-25;22,2;31;;jah
1970-05-26;20,9;28;;jah
1970-05-27;20;26;;jah
1970-05-28;20;26;;jah
1970-05-29;21,4;29;;jah
1970-05-30;20,9;28;;jah
1970-05-31;20;26;;jah
1970-06-01;20;26;;jah
1970-06-02;20,9;28;;jah
1970-06-03;21,8;30;;jah
1970-06-04;21,8;30;;jah
1970-06-05;20;27;;jah
1970-06-06;18,8;24;;jah
1970-06-07;18;22;;jah
1970-06-08;16,7;20;;jah
1970-06-09;15,9;18;;jah
1970-06-10;15,2;16;;jah
1970-06-11;15,2;16;;jah
1970-06-12;16,3;19;;jah
1970-06-13;18,4;24;;jah
1970-06-14;21,4;31;;jah
1970-06-15;22,7;34;;jah
1970-06-16;23,6;36;;jah
1970-06-17;22,2;33;;jah
1970-06-18;20,9;30;;jah
1970-06-19;20;28;;jah
1970-06-20;18,8;25;;jah
1970-06-21;17,5;22;;jah
1970-06-22;15,9;20;;jah
1970-06-23;14,8;18;;jah
1970-06-24;13,7;17;;jah
1970-06-25;13;16;;jah
1970-06-26;12,3;15;;jah
1970-06-27;11,4;14;;jah
1970-06-28;11,1;14;;jah
1970-06-29;10,8;14;;jah
1970-06-30;10,1;12;;jah
1970-07-01;10,1;12;;jah
1970-07-02;10,1;12;;jah
1970-07-03;9,82;11;;jah
1970-07-04;9,82;11;;jah
1970-07-05;9,82;11;;jah
1970-07-06;9,82;11;;jah
1970-07-07;9,51;10;;jah
1970-07-08;9,51;10;;jah
1970-07-09;9,51;10;;jah
1970-07-10;9,82;11;;jah
1970-07-11;10,4;13;;jah
1970-07-12;9,51;11;;jah
1970-07-13;9,51;11;;jah
1970-07-14;9,82;12;;jah
1970-07-15;10,4;14;;jah
1970-07-16;11,1;16;;jah
1970-07-17;11,7;18;;jah
1970-07-18;12;19;;jah
1970-07-19;12;19;;jah
1970-07-20;12;19;;jah
1970-07-21;11,7;18;;jah
1970-07-22;11,7;18;;jah
1970-07-23;11,4;18;;jah
1970-07-24;12;20;;jah
1970-07-25;12;20;;jah
1970-07-26;12,7;22;;jah
1970-07-27;12,7;22;;jah
1970-07-28;11,7;20;;jah
1970-07-29;11,1;18;;jah
1970-07-30;10,8;17;;jah
1970-07-31;11,1;18;;jah
1970-08-01;11,1;18;;jah
1970-08-02;10,8;18;;jah
1970-08-03;10,1;16;;jah
1970-08-04;10,1;16;;jah
1970-08-05;9,2;14;;jah
1970-08-06;9,2;14;;jah
1970-08-07;9,51;16;;jah
1970-08-08;9,82;17;;jah
1970-08-09;9,82;18;;jah
1970-08-10;9,82;18;;jah
1970-08-11;9,82;18;;jah
1970-08-12;9,51;16;;jah
1970-08-13;8,92;14;;jah
1970-08-14;8,92;14;;jah
1970-08-15;9,2;14;;jah
1970-08-16;9,2;14;;jah
1970-08-17;9,2;14;;jah
1970-08-18;9,2;14;;jah
1970-08-19;8,92;12;;jah
1970-08-20;9,2;13;;jah
1970-08-21;9,2;13;;jah
1970-08-22;8,64;12;;jah
1970-08-23;8,64;12;;jah
1970-08-24;8,36;12;;jah
1970-08-25;8,08;11;;jah
1970-08-26;7,8;10;;jah
1970-08-27;6,96;8;;jah
1970-08-28;6,96;8;;jah
1970-08-29;6,68;8;;jah
1970-08-30;6,68;8;;jah
1970-08-31;6,68;8;;jah
1970-09-01;6,4;7;;jah
1970-09-02;6,4;7;;jah
1970-09-03;6,68;8;;jah
1970-09-04;6,96;9;;jah
1970-09-05;6,96;9;;jah
1970-09-06;7,24;9;;jah
1970-09-07;7,24;9;;jah
1970-09-08;6,96;8;;jah
1970-09-09;7,24;8;;jah
1970-09-10;7,24;8;;jah
1970-09-11;7,24;8;;jah
1970-09-12;7,52;8;;jah
1970-09-13;7,8;9;;jah
1970-09-14;8,08;10;;jah
1970-09-15;8,08;10;;jah
1970-09-16;8,08;10;;jah
1970-09-17;8,08;10;;jah
1970-09-18;8,36;11;;jah
1970-09-19;8,36;11;;jah
1970-09-20;8,08;10;;jah
1970-09-21;8,08;10;;jah
1970-09-22;8,08;10;;jah
1970-09-23;8,36;10;;jah
1970-09-24;9,2;13;;jah
1970-09-25;9,51;14;;jah
1970-09-26;9,82;15;;jah
1970-09-27;10,1;16;;jah
1970-09-28;10,4;16;;jah
1970-09-29;10,4;16;;jah
1970-09-30;10,4;16;;jah
1970-10-01;10,1;15;;jah
1970-10-02;9,82;14;;jah
1970-10-03;9,51;14;;jah
1970-10-04;8,92;12;;jah
1970-10-05;8,92;12;;jah
1970-10-06;8,64;11;;jah
1970-10-07;8,08;10;;jah
1970-10-08;8,08;10;;jah
1970-10-09;7,8;10;;jah
1970-10-10;7,8;10;;jah
1970-10-11;7,52;10;;jah
1970-10-12;6,96;9;;jah
1970-10-13;6,96;9;;jah
1970-10-14;6,68;9;;jah
1970-10-15;6,68;9;;jah
1970-10-16;6,16;8;;jah
1970-10-17;6,4;9;;jah
1970-10-18;6,4;9;;jah
1970-10-19;6,68;10;;jah
1970-10-20;6,68;10;;jah
1970-10-21;7,52;13;;jah
1970-10-22;8,92;17;;jah
1970-10-23;9,51;18;;jah
1970-10-24;10,1;19;;jah
1970-10-25;11,1;20;;jah
1970-10-26;11,7;20;;jah
1970-10-27;13;22;;jah
1970-10-28;15,2;26;;jah
1970-10-29;16,3;27;;jah
1970-10-30;17,1;27;;jah
1970-10-31;18,4;26;;jah
1970-11-01;18,4;26;;jah
1970-11-02;18;25;;jah
1970-11-03;18;24;;jah
1970-11-04;18;24;;jah
1970-11-05;18,4;25;;jah
1970-11-06;17,5;23;;jah
1970-11-07;15,5;18;;jah
1970-11-08;15,9;18;;jah
1970-11-09;15,9;18;;jah
1970-11-10;15,9;18;;jah
1970-11-11;16,7;20;;jah
1970-11-12;17,5;22;;jah
1970-11-13;20;29;;jah
1970-11-14;33,4;56;;jah
1970-11-15;41,3;70;;jah
1970-11-16;50,5;84;;jah
1970-11-17;55,2;90;;jah
1970-11-18;59,2;96;;jah
1970-11-19;60,1;98;;jah
1970-11-20;57,6;96;;jah
1970-11-21;53,6;90;;jah
1970-11-22;49,8;84;;jah
1970-11-23;44,7;76;;jah
1970-11-24;40,6;68;;jah
1970-11-25;41,3;67;;jah
1970-11-26;41,3;66;;jah
1970-11-27;40,6;64;;jah
1970-11-28;40,6;62;;jah
1970-11-29;41,3;62;;jah
1970-11-30;40;58;;jah
1970-12-01;33,9;48;;jah
1970-12-02;32,2;46;;jah
1970-12-03;33,4;49;;jah
1970-12-04;35,6;54;;jah
1970-12-05;36,9;57;;jah
1970-12-06;37,5;59;;jah
1970-12-07;34,5;56;;jah
1970-12-08;46,2;76;;jah
1970-12-09;50,5;82;;jah
1970-12-10;50,5;82;;jah
1970-12-11;47,6;79;;jah
1970-12-12;44;75;;jah
1970-12-13;43,3;74;;jah
1970-12-14;45,4;78;;jah
1970-12-15;58;97;;jah
1970-12-16;63;104;;jah
1970-12-17;60,4;100;;jah
1970-12-18;49,8;82;;jah
1970-12-19;48,2;79;;jah
1970-12-20;35,2;64;;jah
1970-12-21;30,1;58;;jah
1970-12-22;32;57;;jah
1970-12-23;28,8;66;;jah
1970-12-24;26,2;73;;jah
1970-12-25;25,6;76;;jah
1970-12-26;25;78;;jah
1970-12-27;23,2;96;;jah
1970-12-28;25;108;;jah
1970-12-29;25;114;;jah
1970-12-30;24;117;;jah
1970-12-31;27,8;127;;jah
1971-01-01;27,5;128;;jah
1971-01-02;27,5;128;;jah
1971-01-03;27,1;127;;jah
1971-01-04;26,2;122;;jah
1971-01-05;24,2;117;;jah
1971-01-06;22,5;110;;jah
1971-01-07;20,2;94;;jah
1971-01-08;20;84;;jah
1971-01-09;20,5;72;;jah
1971-01-10;21,3;68;;jah
1971-01-11;38,1;102;;jah
1971-01-12;49,8;120;;jah
1971-01-13;49;120;;jah
1971-01-14;41,3;108;;jah
1971-01-15;37,5;100;;jah
1971-01-16;38,1;98;;jah
1971-01-17;38,1;84;;jah
1971-01-18;36,2;88;;jah
1971-01-19;36,2;84;;jah
1971-01-20;35,6;81;;jah
1971-01-21;36,9;80;;jah
1971-01-22;36,2;78;;jah
1971-01-23;35;74;;jah
1971-01-24;37,5;76;;jah
1971-01-25;48,3;90;;jah
1971-01-26;79,5;128;;jah
1971-01-27;106;160;;jah
1971-01-28;116;173;;jah
1971-01-29;107;170;;jah
1971-01-30;94,8;160;;jah
1971-01-31;82,5;147;;jah
1971-02-01;76,5;141;;jah
1971-02-02;76,5;140;;jah
1971-02-03;67,1;129;;jah
1971-02-04;56,7;116;;jah
1971-02-05;55,2;112;;jah
1971-02-06;52,1;106;;jah
1971-02-07;44,7;94;;jah
1971-02-08;36,9;79;;jah
1971-02-09;36,9;77;;jah
1971-02-10;34,5;71;;jah
1971-02-11;35;69;;jah
1971-02-12;35;68;;jah
1971-02-13;34,5;64;;jah
1971-02-14;32,2;60;;jah
1971-02-15;30,6;57;;jah
1971-02-16;28,4;54;;jah
1971-02-17;27,2;52;;jah
1971-02-18;25;49;;jah
1971-02-19;24;48;;jah
1971-02-20;23,6;48;;jah
1971-02-21;21,8;46;;jah
1971-02-22;20;44;;jah
1971-02-23;18,4;42;;jah
1971-02-24;16,7;40;;jah
1971-02-25;15,5;40;;jah
1971-02-26;15,2;42;;jah
1971-02-27;14,5;44;;jah
1971-02-28;15,9;51;;jah
1971-03-01;16;60;;jah
1971-03-02;16,1;63;;jah
1971-03-03;16,2;75;;jah
1971-03-04;16,3;86;;jah
1971-03-05;16,4;85;;jah
1971-03-06;16,5;74;;jah
1971-03-07;16,6;70;;jah
1971-03-08;16,7;64;;jah
1971-03-09;16,7;59;;jah
1971-03-10;16,7;58;;jah
1971-03-11;16,3;56;;jah
1971-03-12;15,5;52;;jah
1971-03-13;14,5;48;;jah
1971-03-14;14,1;46;;jah
1971-03-15;14,5;45;;jah
1971-03-16;14,8;44;;jah
1971-03-17;15,2;44;;jah
1971-03-18;15,9;44;;jah
1971-03-19;17,1;45;;jah
1971-03-20;19,9;50;;jah
1971-03-21;25;62;;jah
1971-03-22;33;78;;jah
1971-03-23;41;93;;jah
1971-03-24;44,3;99;;jah
1971-03-25;45;100;;jah
1971-03-26;46,7;105;;jah
1971-03-27;66;138;;jah
1971-03-28;88,8;174;;jah
1971-03-29;121;214;;jah
1971-03-30;144;238;;jah
1971-03-31;162;254;;jah
1971-04-01;190;278;;jah
1971-04-02;222;303;;jah
1971-04-03;326;298;;jah
1971-04-04;322;296;;jah
1971-04-05;318;294;;jah
1971-04-06;300;284;;jah
1971-04-07;286;275;;jah
1971-04-08;270;264;;jah
1971-04-09;250;250;;jah
1971-04-10;222;229;;jah
1971-04-11;192;206;;jah
1971-04-12;157;176;;jah
1971-04-13;133;154;;jah
1971-04-14;113;134;;jah
1971-04-15;93;114;;jah
1971-04-16;80;100;;jah
1971-04-17;72;92;;jah
1971-04-18;66;85;;jah
1971-04-19;62;80;;jah
1971-04-20;56,5;74;;jah
1971-04-21;53,6;70;;jah
1971-04-22;50,5;66;;jah
1971-04-23;46,9;62;;jah
1971-04-24;43,3;57;;jah
1971-04-25;40;52;;jah
1971-04-26;38,1;50;;jah
1971-04-27;35,6;47;;jah
1971-04-28;33,4;44;;jah
1971-04-29;31,7;42;;jah
1971-04-30;30;40;;jah
1971-05-01;28,4;38;;jah
1971-05-02;27,8;37;;jah
1971-05-03;27,2;36;;jah
1971-05-04;26,2;35;;jah
1971-05-05;25,6;34;;jah
1971-05-06;25,6;34;;jah
1971-05-07;24;31;;jah
1971-05-08;23,6;30;;jah
1971-05-09;22,7;28;;jah
1971-05-10;21,8;26;;jah
1971-05-11;21,8;26;;jah
1971-05-12;21,4;26;;jah
1971-05-13;20;24;;jah
1971-05-14;20;24;;jah
1971-05-15;19,2;23;;jah
1971-05-16;18,4;22;;jah
1971-05-17;18;21;;jah
1971-05-18;17,1;20;;jah
1971-05-19;16,7;20;;jah
1971-05-20;15,9;19;;jah
1971-05-21;15,2;18;;jah
1971-05-22;15,2;18;;jah
1971-05-23;14,5;17;;jah
1971-05-24;13,7;16;;jah
1971-05-25;13,7;16;;jah
1971-05-26;13,7;17;;jah
1971-05-27;13;16;;jah
1971-05-28;13;16;;jah
1971-05-29;13;17;;jah
1971-05-30;12,7;16;;jah
1971-05-31;12,7;16;;jah
1971-06-01;12,3;16;;jah
1971-06-02;12;16;;jah
1971-06-03;11,4;14;;jah
1971-06-04;11,1;14;;jah
1971-06-05;10,4;12;;jah
1971-06-06;10,1;12;;jah
1971-06-07;10,1;12;;jah
1971-06-08;9,51;11;;jah
1971-06-09;9,2;11;;jah
1971-06-10;9,2;11;;jah
1971-06-11;9,82;12;;jah
1971-06-12;10,4;14;;jah
1971-06-13;11,4;17;;jah
1971-06-14;12,3;19;;jah
1971-06-15;12,7;19;;jah
1971-06-16;12,3;18;;jah
1971-06-17;12,7;18;;jah
1971-06-18;12,7;18;;jah
1971-06-19;12,7;18;;jah
1971-06-20;12,7;18;;jah
1971-06-21;12,3;17;;jah
1971-06-22;12,3;17;;jah
1971-06-23;12;17;;jah
1971-06-24;11,4;16;;jah
1971-06-25;11,7;17;;jah
1971-06-26;11,1;16;;jah
1971-06-27;10,8;16;;jah
1971-06-28;9,82;14;;jah
1971-06-29;9,2;14;;jah
1971-06-30;8,64;13;;jah
1971-07-01;8,64;14;;jah
1971-07-02;8,64;14;;jah
1971-07-03;8,36;14;;jah
1971-07-04;8,36;14;;jah
1971-07-05;8,36;14;;jah
1971-07-06;7,8;13;;jah
1971-07-07;7,52;12;;jah
1971-07-08;6,96;10;;jah
1971-07-09;6,4;9;;jah
1971-07-10;6,16;8;;jah
1971-07-11;6,4;8;;jah
1971-07-12;6,16;7;;jah
1971-07-13;6,4;7;;jah
1971-07-14;6,16;6;;jah
1971-07-15;5,92;5;;jah
1971-07-16;6,4;6;;jah
1971-07-17;7,52;10;;jah
1971-07-18;8,64;13;;jah
1971-07-19;9,51;16;;jah
1971-07-20;11,4;22;;jah
1971-07-21;12,3;25;;jah
1971-07-22;11,7;24;;jah
1971-07-23;10,8;21;;jah
1971-07-24;9,82;18;;jah
1971-07-25;8,92;16;;jah
1971-07-26;8,92;16;;jah
1971-07-27;8,36;14;;jah
1971-07-28;7,52;12;;jah
1971-07-29;7,24;11;;jah
1971-07-30;7,24;11;;jah
1971-07-31;6,96;10;;jah
1971-08-01;6,68;9;;jah
1971-08-02;6,68;9;;jah
1971-08-03;6,68;8;;jah
1971-08-04;6,68;8;;jah
1971-08-05;6,68;7;;jah
1971-08-06;6,68;7;;jah
1971-08-07;6,68;6;;jah
1971-08-08;6,68;6;;jah
1971-08-09;7,24;7;;jah
1971-08-10;7,24;6;;jah
1971-08-11;7,24;6;;jah
1971-08-12;6,96;5;;jah
1971-08-13;7,24;5;;jah
1971-08-14;6,96;4;;jah
1971-08-15;6,96;4;;jah
1971-08-16;7,24;5;;jah
1971-08-17;6,96;4;;jah
1971-08-18;6,96;4;;jah
1971-08-19;6,96;4;;jah
1971-08-20;7,52;6;;jah
1971-08-21;7,52;6;;jah
1971-08-22;7,52;6;;jah
1971-08-23;6,96;4;;jah
1971-08-24;6,96;4;;jah
1971-08-25;6,68;3;;jah
1971-08-26;6,4;2;;jah
1971-08-27;6,4;2;;jah
1971-08-28;6,4;2;;jah
1971-08-29;6,4;2;;jah
1971-08-30;6,68;4;;jah
1971-08-31;6,96;5;;jah
1971-09-01;6,68;4;;jah
1971-09-02;6,68;4;;jah
1971-09-03;7,24;6;;jah
1971-09-04;7,52;6;;jah
1971-09-05;7,8;7;;jah
1971-09-06;7,52;6;;jah
1971-09-07;7,52;6;;jah
1971-09-08;7,52;6;;jah
1971-09-09;7,52;6;;jah
1971-09-10;7,52;6;;jah
1971-09-11;7,8;7;;jah
1971-09-12;7,8;7;;jah
1971-09-13;7,52;6;;jah
1971-09-14;7,24;5;;jah
1971-09-15;7,24;5;;jah
1971-09-16;7,52;6;;jah
1971-09-17;7,52;6;;jah
1971-09-18;7,24;5;;jah
1971-09-19;7,24;5;;jah
1971-09-20;6,96;4;;jah
1971-09-21;6,96;4;;jah
1971-09-22;6,96;4;;jah
1971-09-23;6,96;4;;jah
1971-09-24;6,96;4;;jah
1971-09-25;6,96;4;;jah
1971-09-26;7,24;4;;jah
1971-09-27;7,24;4;;jah
1971-09-28;7,24;4;;jah
1971-09-29;6,96;2;;jah
1971-09-30;6,96;2;;jah
1971-10-01;6,96;3;;jah
1971-10-02;6,96;3;;jah
1971-10-03;6,96;3;;jah
1971-10-04;6,96;3;;jah
1971-10-05;6,96;4;;jah
1971-10-06;7,24;5;;jah
1971-10-07;7,24;5;;jah
1971-10-08;7,52;6;;jah
1971-10-09;7,52;6;;jah
1971-10-10;7,52;6;;jah
1971-10-11;7,8;7;;jah
1971-10-12;8,64;9;;jah
1971-10-13;9,2;10;;jah
1971-10-14;9,82;12;;jah
1971-10-15;10,1;12;;jah
1971-10-16;10,4;12;;jah
1971-10-17;10,4;11;;jah
1971-10-18;10,1;10;;jah
1971-10-19;10,1;9;;jah
1971-10-20;10,8;10;;jah
1971-10-21;12;12;;jah
1971-10-22;13,4;14;;jah
1971-10-23;17,5;22;;jah
1971-10-24;20,4;26;;jah
1971-10-25;23,2;30;;jah
1971-10-26;22,7;30;;jah
1971-10-27;21,4;28;;jah
1971-10-28;20;26;;jah
1971-10-29;19,2;24;;jah
1971-10-30;18,8;24;;jah
1971-10-31;18,8;24;;jah
1971-11-01;18,8;24;;jah
1971-11-02;18;23;;jah
1971-11-03;17,5;22;;jah
1971-11-04;17,5;22;;jah
1971-11-05;18;24;;jah
1971-11-06;18,4;25;;jah
1971-11-07;18,8;26;;jah
1971-11-08;19,6;28;;jah
1971-11-09;26,7;44;;jah
1971-11-10;42,6;71;;jah
1971-11-11;46,2;76;;jah
1971-11-12;46,2;76;;jah
1971-11-13;47,6;79;;jah
1971-11-14;45,4;76;;jah
1971-11-15;42,6;72;;jah
1971-11-16;44,7;75;;jah
1971-11-17;61;96;;jah
1971-11-18;64,4;100;;jah
1971-11-19;50,5;86;;jah
1971-11-20;43,3;80;;jah
1971-11-21;42,1;78;;jah
1971-11-22;41,6;85;;jah
1971-11-23;40,7;94;;jah
1971-11-24;39,8;109;;jah
1971-11-25;39;116;;jah
1971-11-26;38;111;;jah
1971-11-27;36,4;102;;jah
1971-11-28;35,5;97;;jah
1971-11-29;31,3;77;;jah
1971-11-30;30,6;74;;jah
1971-12-01;28,4;67;;jah
1971-12-02;24,5;56;;jah
1971-12-03;22,7;48;;jah
1971-12-04;22,2;44;;jah
1971-12-05;22,7;42;;jah
1971-12-06;22,7;39;;jah
1971-12-07;24;40;;jah
1971-12-08;25,6;46;;jah
1971-12-09;29,4;58;;jah
1971-12-10;29,4;62;;jah
1971-12-11;28,4;58;;jah
1971-12-12;27,2;54;;jah
1971-12-13;27,2;52;;jah
1971-12-14;27,2;50;;jah
1971-12-15;25;44;;jah
1971-12-16;24;41;;jah
1971-12-17;24,5;42;;jah
1971-12-18;26,2;47;;jah
1971-12-19;33,4;62;;jah
1971-12-20;43,3;80;;jah
1971-12-21;42,1;78;;jah
1971-12-22;52,1;93;;jah
1971-12-23;70,8;116;;jah
1971-12-24;72,6;118;;jah
1971-12-25;87,6;134;;jah
1971-12-26;86,5;133;;jah
1971-12-27;88;134;;jah
1971-12-28;100;144;;jah
1971-12-29;89,2;140;;jah
1971-12-30;47,6;110;;jah
1971-12-31;20,4;67;;jah
1972-01-01;35,4;70;;jah
1972-01-02;32,5;96;;jah
1972-01-03;30,1;82;;jah
1972-01-04;28,1;74;;jah
1972-01-05;26;69;;jah
1972-01-06;24,3;72;;jah
1972-01-07;22,9;74;;jah
1972-01-08;21,3;79;;jah
1972-01-09;20,1;80;;jah
1972-01-10;18,9;86;;jah
1972-01-11;18;86;;jah
1972-01-12;17,1;91;;jah
1972-01-13;16,1;98;;jah
1972-01-14;15,3;99;;jah
1972-01-15;14,3;94;;jah
1972-01-16;13,4;88;;jah
1972-01-17;12,4;72;;jah
1972-01-18;11,5;54;;jah
1972-01-19;10,5;42;;jah
1972-01-20;9,45;34;;jah
1972-01-21;8,48;26;;jah
1972-01-22;7,84;23;;jah
1972-01-23;7,52;21;;jah
1972-01-24;7,24;19;;jah
1972-01-25;6,68;16;;jah
1972-01-26;7,24;18;;jah
1972-01-27;7,52;18;;jah
1972-01-28;7,52;17;;jah
1972-01-29;7,52;16;;jah
1972-01-30;6,6;12;;jah
1972-01-31;6,6;12;;jah
1972-02-01;6,68;12;;jah
1972-02-02;6,4;11;;jah
1972-02-03;6,68;11;;jah
1972-02-04;6,68;11;;jah
1972-02-05;6,68;11;;jah
1972-02-06;6,68;11;;jah
1972-02-07;6,68;11;;jah
1972-02-08;6,68;11;;jah
1972-02-09;6,68;11;;jah
1972-02-10;6,68;11;;jah
1972-02-11;6,96;12;;jah
1972-02-12;7,24;13;;jah
1972-02-13;7,52;13;;jah
1972-02-14;7,52;13;;jah
1972-02-15;7,52;13;;jah
1972-02-16;7,52;13;;jah
1972-02-17;7,52;13;;jah
1972-02-18;7,52;13;;jah
1972-02-19;7,52;13;;jah
1972-02-20;7,52;13;;jah
1972-02-21;7,52;13;;jah
1972-02-22;7,24;12;;jah
1972-02-23;7,24;12;;jah
1972-02-24;7,24;12;;jah
1972-02-25;7,24;12;;jah
1972-02-26;6,96;11;;jah
1972-02-27;6,96;11;;jah
1972-02-28;6,96;11;;jah
1972-02-29;6,68;10;;jah
1972-03-01;6,68;10;;jah
1972-03-02;6,96;10;;jah
1972-03-03;6,68;9;;jah
1972-03-04;6,68;9;;jah
1972-03-05;6,68;8;;jah
1972-03-06;6,4;6;;jah
1972-03-07;6,16;5;;jah
1972-03-08;6,4;6;;jah
1972-03-09;6,4;5;;jah
1972-03-10;6,16;4;;jah
1972-03-11;5,92;3;;jah
1972-03-12;5,92;2;;jah
1972-03-13;6,16;2;;jah
1972-03-14;6,68;4;;jah
1972-03-15;7,24;6;;jah
1972-03-16;8,08;8;;jah
1972-03-17;9,82;13;;jah
1972-03-18;11,4;15;;jah
1972-03-19;12;15;;jah
1972-03-20;12,7;15;;jah
1972-03-21;13,4;15;;jah
1972-03-22;14,5;16;;jah
1972-03-23;15,9;18;;jah
1972-03-24;18;21;;jah
1972-03-25;18,4;22;;jah
1972-03-26;17,1;20;;jah
1972-03-27;15,2;16;;jah
1972-03-28;14,5;14;;jah
1972-03-29;14,1;14;;jah
1972-03-30;18,8;26;;jah
1972-03-31;29,4;49;;jah
1972-04-01;33,9;71;;jah
1972-04-02;27,8;58;;jah
1972-04-03;24,5;46;;jah
1972-04-04;19,6;31;;jah
1972-04-05;23,2;31;;jah
1972-04-06;28,9;44;;jah
1972-04-07;46,9;74;;jah
1972-04-08;66,1;100;;jah
1972-04-09;75,5;112;;jah
1972-04-10;85,5;127;;jah
1972-04-11;70,8;112;;jah
1972-04-12;60,1;100;;jah
1972-04-13;50,5;88;;jah
1972-04-14;63,5;86;;jah
1972-04-15;67,5;89;;jah
1972-04-16;75;95;;jah
1972-04-17;102;119;;jah
1972-04-18;131;151;;jah
1972-04-19;127;146;;jah
1972-04-20;108;126;;jah
1972-04-21;91;109;;jah
1972-04-22;75;92;;jah
1972-04-23;66;81;;jah
1972-04-24;66;74;;jah
1972-04-25;55,8;68;;jah
1972-04-26;54;65;;jah
1972-04-27;57,5;70;;jah
1972-04-28;70,8;86;;jah
1972-04-29;73,2;90;;jah
1972-04-30;68,4;84;;jah
1972-05-01;62,5;77;;jah
1972-05-02;57,1;70;;jah
1972-05-03;53,6;65;;jah
1972-05-04;51,7;62;;jah
1972-05-05;51;61;;jah
1972-05-06;53,2;64;;jah
1972-05-07;102;120;;jah
1972-05-08;179;196;;jah
1972-05-09;183;198;;jah
1972-05-10;156;176;;jah
1972-05-11;134;154;;jah
1972-05-12;112;130;;jah
1972-05-13;90,4;108;;jah
1972-05-14;78,3;95;;jah
1972-05-15;77;94;;jah
1972-05-16;84,5;102;;jah
1972-05-17;88,4;106;;jah
1972-05-18;83;100;;jah
1972-05-19;73;90;;jah
1972-05-20;62,3;80;;jah
1972-05-21;58,4;74;;jah
1972-05-22;53,6;69;;jah
1972-05-23;53,6;69;;jah
1972-05-24;49;64;;jah
1972-05-25;45,4;59;;jah
1972-05-26;42,6;56;;jah
1972-05-27;41,9;56;;jah
1972-05-28;43,3;58;;jah
1972-05-29;47,6;65;;jah
1972-05-30;48,3;67;;jah
1972-05-31;45,4;64;;jah
1972-06-01;43,3;61;;jah
1972-06-02;41,9;60;;jah
1972-06-03;40;58;;jah
1972-06-04;37,5;54;;jah
1972-06-05;32,8;47;;jah
1972-06-06;29,4;42;;jah
1972-06-07;27,2;38;;jah
1972-06-08;24,5;34;;jah
1972-06-09;23,2;32;;jah
1972-06-10;21,8;30;;jah
1972-06-11;20,4;28;;jah
1972-06-12;20,4;28;;jah
1972-06-13;19,2;26;;jah
1972-06-14;18,8;26;;jah
1972-06-15;18;25;;jah
1972-06-16;19,2;29;;jah
1972-06-17;23,6;39;;jah
1972-06-18;28,4;49;;jah
1972-06-19;26,7;46;;jah
1972-06-20;23,2;40;;jah
1972-06-21;21,4;36;;jah
1972-06-22;20,9;35;;jah
1972-06-23;23,2;40;;jah
1972-06-24;25,6;46;;jah
1972-06-25;26,7;48;;jah
1972-06-26;26,2;48;;jah
1972-06-27;24,5;46;;jah
1972-06-28;22,7;43;;jah
1972-06-29;21,4;41;;jah
1972-06-30;20,4;40;;jah
1972-07-01;18,8;36;;jah
1972-07-02;16,3;31;;jah
1972-07-03;15,2;29;;jah
1972-07-04;14,5;28;;jah
1972-07-05;15,5;32;;jah
1972-07-06;18;39;;jah
1972-07-07;21,4;48;;jah
1972-07-08;23,6;54;;jah
1972-07-09;27,8;63;;jah
1972-07-10;26,7;62;;jah
1972-07-11;24,5;58;;jah
1972-07-12;23,2;54;;jah
1972-07-13;21,4;50;;jah
1972-07-14;20;46;;jah
1972-07-15;19,2;44;;jah
1972-07-16;18,8;42;;jah
1972-07-17;17,5;39;;jah
1972-07-18;16,7;36;;jah
1972-07-19;16,7;36;;jah
1972-07-20;15,9;33;;jah
1972-07-21;15,2;31;;jah
1972-07-22;14,1;28;;jah
1972-07-23;13,4;26;;jah
1972-07-24;12;22;;jah
1972-07-25;11,4;20;;jah
1972-07-26;11,4;20;;jah
1972-07-27;10,8;18;;jah
1972-07-28;10,4;18;;jah
1972-07-29;10,4;18;;jah
1972-07-30;10,4;18;;jah
1972-07-31;10,8;19;;jah
1972-08-01;10,8;20;;jah
1972-08-02;10,8;20;;jah
1972-08-03;10,4;20;;jah
1972-08-04;10,4;20;;jah
1972-08-05;10,4;21;;jah
1972-08-06;11,4;24;;jah
1972-08-07;13,4;30;;jah
1972-08-08;14,5;33;;jah
1972-08-09;13,7;32;;jah
1972-08-10;13;30;;jah
1972-08-11;12,3;28;;jah
1972-08-12;12,3;28;;jah
1972-08-13;12,3;28;;jah
1972-08-14;12,3;28;;jah
1972-08-15;12;27;;jah
1972-08-16;12;27;;jah
1972-08-17;12;26;;jah
1972-08-18;12;26;;jah
1972-08-19;11,4;24;;jah
1972-08-20;11,7;24;;jah
1972-08-21;11,7;24;;jah
1972-08-22;11,1;22;;jah
1972-08-23;11,1;22;;jah
1972-08-24;11,7;24;;jah
1972-08-25;12,3;26;;jah
1972-08-26;15,9;36;;jah
1972-08-27;17,5;40;;jah
1972-08-28;17,5;40;;jah
1972-08-29;16,7;38;;jah
1972-08-30;17,5;40;;jah
1972-08-31;18,4;42;;jah
1972-09-01;18,4;42;;jah
1972-09-02;17,5;40;;jah
1972-09-03;16,3;37;;jah
1972-09-04;14,8;33;;jah
1972-09-05;13,7;30;;jah
1972-09-06;13;28;;jah
1972-09-07;12,3;26;;jah
1972-09-08;12,3;26;;jah
1972-09-09;12,3;26;;jah
1972-09-10;13;28;;jah
1972-09-11;14,1;31;;jah
1972-09-12;15,5;35;;jah
1972-09-13;15,2;34;;jah
1972-09-14;14,1;31;;jah
1972-09-15;13;28;;jah
1972-09-16;12,7;26;;jah
1972-09-17;12,7;24;;jah
1972-09-18;13,4;25;;jah
1972-09-19;14,1;26;;jah
1972-09-20;16,3;30;;jah
1972-09-21;18;34;;jah
1972-09-22;17,5;33;;jah
1972-09-23;17,5;32;;jah
1972-09-24;17,5;32;;jah
1972-09-25;17,5;32;;jah
1972-09-26;18;32;;jah
1972-09-27;17,1;30;;jah
1972-09-28;17,1;30;;jah
1972-09-29;16,7;29;;jah
1972-09-30;16,3;28;;jah
1972-10-01;16,3;28;;jah
1972-10-02;15,9;28;;jah
1972-10-03;16,3;29;;jah
1972-10-04;15,9;28;;jah
1972-10-05;15,2;27;;jah
1972-10-06;14,8;26;;jah
1972-10-07;14,1;25;;jah
1972-10-08;14,1;25;;jah
1972-10-09;13,7;24;;jah
1972-10-10;13;23;;jah
1972-10-11;13;23;;jah
1972-10-12;13;23;;jah
1972-10-13;13,4;24;;jah
1972-10-14;14,1;26;;jah
1972-10-15;16,7;33;;jah
1972-10-16;30,6;61;;jah
1972-10-17;61;105;;jah
1972-10-18;70,8;116;;jah
1972-10-19;65,2;109;;jah
1972-10-20;55,2;96;;jah
1972-10-21;49,8;88;;jah
1972-10-22;45,4;80;;jah
1972-10-23;40,6;72;;jah
1972-10-24;37,5;66;;jah
1972-10-25;37,5;65;;jah
1972-10-26;40,6;69;;jah
1972-10-27;40,6;68;;jah
1972-10-28;40;66;;jah
1972-10-29;38,1;62;;jah
1972-10-30;35,6;57;;jah
1972-10-31;35;56;;jah
1972-11-01;37,5;60;;jah
1972-11-02;49;77;;jah
1972-11-03;76,5;110;;jah
1972-11-04;78,5;112;;jah
1972-11-05;79,5;114;;jah
1972-11-06;87,6;122;;jah
1972-11-07;99,3;134;;jah
1972-11-08;104;138;;jah
1972-11-09;102;136;;jah
1972-11-10;95,9;130;;jah
1972-11-11;106;138;;jah
1972-11-12;124;152;;jah
1972-11-13;126;153;;jah
1972-11-14;125;151;;jah
1972-11-15;114;142;;jah
1972-11-16;108;136;;jah
1972-11-17;98,2;126;;jah
1972-11-18;93,8;122;;jah
1972-11-19;88,6;117;;jah
1972-11-20;78,5;108;;jah
1972-11-21;69,8;99;;jah
1972-11-22;65,2;94;;jah
1972-11-23;60,1;88;;jah
1972-11-24;56,7;84;;jah
1972-11-25;53,6;80;;jah
1972-11-26;51,3;77;;jah
1972-11-27;46,2;70;;jah
1972-11-28;45,4;69;;jah
1972-11-29;60,1;88;;jah
1972-11-30;86,6;116;;jah
1972-12-01;102;130;;jah
1972-12-02;128;152;;jah
1972-12-03;138;161;;jah
1972-12-04;137;160;;jah
1972-12-05;132;156;;jah
1972-12-06;122;147;;jah
1972-12-07;113;140;;jah
1972-12-08;111;138;;jah
1972-12-09;108;136;;jah
1972-12-10;113;140;;jah
1972-12-11;113;139;;jah
1972-12-12;113;139;;jah
1972-12-13;119;144;;jah
1972-12-14;130;152;;jah
1972-12-15;130;152;;jah
1972-12-16;120;143;;jah
1972-12-17;112;136;;jah
1972-12-18;106;130;;jah
1972-12-19;91,7;117;;jah
1972-12-20;81,5;106;;jah
1972-12-21;78,5;106;;jah
1972-12-22;78,5;108;;jah
1972-12-23;68,9;105;;jah
1972-12-24;67,1;100;;jah
1972-12-25;56,7;91;;jah
1972-12-26;45,4;78;;jah
1972-12-27;33,4;62;;jah
1972-12-28;32,2;69;;jah
1972-12-29;30;80;;jah
1972-12-30;28,4;93;;jah
1972-12-31;28,4;100;;jah
1973-01-01;29,4;102;;jah
1973-01-02;29,4;102;;jah
1973-01-03;26,2;90;;jah
1973-01-04;25;78;;jah
1973-01-05;25;71;;jah
1973-01-06;24;64;;jah
1973-01-07;24;58;;jah
1973-01-08;23,2;54;;jah
1973-01-09;23,6;54;;jah
1973-01-10;18,8;52;;jah
1973-01-11;15,9;50;;jah
1973-01-12;14,5;49;;jah
1973-01-13;12,3;42;;jah
1973-01-14;8,64;40;;jah
1973-01-15;9,2;42;;jah
1973-01-16;14,5;58;;jah
1973-01-17;27,2;87;;jah
1973-01-18;30;92;;jah
1973-01-19;21,8;76;;jah
1973-01-20;18;67;;jah
1973-01-21;15,9;62;;jah
1973-01-22;16,3;62;;jah
1973-01-23;15,9;60;;jah
1973-01-24;13,7;53;;jah
1973-01-25;12;44;;jah
1973-01-26;13;37;;jah
1973-01-27;20;34;;jah
1973-01-28;19,2;32;;jah
1973-01-29;17,5;28;;jah
1973-01-30;15,5;23;;jah
1973-01-31;14,5;20;;jah
1973-02-01;13,7;18;;jah
1973-02-02;13,4;16;;jah
1973-02-03;13,7;16;;jah
1973-02-04;14,1;16;;jah
1973-02-05;14,5;16;;jah
1973-02-06;16,7;22;;jah
1973-02-07;23,2;36;;jah
1973-02-08;25,6;40;;jah
1973-02-09;23,2;35;;jah
1973-02-10;22,7;34;;jah
1973-02-11;20,9;30;;jah
1973-02-12;18,8;25;;jah
1973-02-13;17,1;22;;jah
1973-02-14;16,7;22;;jah
1973-02-15;16,7;22;;jah
1973-02-16;15,5;20;;jah
1973-02-17;15,2;20;;jah
1973-02-18;15,5;21;;jah
1973-02-19;15,2;21;;jah
1973-02-20;14,8;21;;jah
1973-02-21;15,2;22;;jah
1973-02-22;17,1;26;;jah
1973-02-23;17,1;26;;jah
1973-02-24;18;28;;jah
1973-02-25;17,5;27;;jah
1973-02-26;16,7;25;;jah
1973-02-27;16,3;24;;jah
1973-02-28;14,8;20;;jah
1973-03-01;14,1;17;;jah
1973-03-02;14,1;17;;jah
1973-03-03;13,7;16;;jah
1973-03-04;12,7;13;;jah
1973-03-05;12,3;12;;jah
1973-03-06;12,3;12;;jah
1973-03-07;13;14;;jah
1973-03-08;13,7;16;;jah
1973-03-09;14,1;17;;jah
1973-03-10;14,1;16;;jah
1973-03-11;14,1;16;;jah
1973-03-12;14,5;16;;jah
1973-03-13;16,7;20;;jah
1973-03-14;25;37;;jah
1973-03-15;29,4;44;;jah
1973-03-16;32,8;48;;jah
1973-03-17;32,8;46;;jah
1973-03-18;32,2;43;;jah
1973-03-19;29,4;38;;jah
1973-03-20;25,6;32;;jah
1973-03-21;22,7;28;;jah
1973-03-22;20;24;;jah
1973-03-23;21,4;30;;jah
1973-03-24;51,3;82;;jah
1973-03-25;106;144;;jah
1973-03-26;122;168;;jah
1973-03-27;118;162;;jah
1973-03-28;132;166;;jah
1973-03-29;137;162;;jah
1973-03-30;137;151;;jah
1973-03-31;124;132;;jah
1973-04-01;100;114;;jah
1973-04-02;88,6;105;;jah
1973-04-03;87,6;105;;jah
1973-04-04;98,2;116;;jah
1973-04-05;106;121;;jah
1973-04-06;104;116;;jah
1973-04-07;110;121;;jah
1973-04-08;108;120;;jah
1973-04-09;106;118;;jah
1973-04-10;102;114;;jah
1973-04-11;100;113;;jah
1973-04-12;116;126;;jah
1973-04-13;123;132;;jah
1973-04-14;113;124;;jah
1973-04-15;99,3;112;;jah
1973-04-16;90,7;104;;jah
1973-04-17;83,5;97;;jah
1973-04-18;79,5;93;;jah
1973-04-19;79,5;94;;jah
1973-04-20;79,5;96;;jah
1973-04-21;77,5;96;;jah
1973-04-22;71,7;91;;jah
1973-04-23;65,2;84;;jah
1973-04-24;59,2;77;;jah
1973-04-25;55,9;73;;jah
1973-04-26;52,1;68;;jah
1973-04-27;50,5;66;;jah
1973-04-28;47,6;62;;jah
1973-04-29;47,6;62;;jah
1973-04-30;47,6;62;;jah
1973-05-01;49;63;;jah
1973-05-02;49,8;64;;jah
1973-05-03;49,8;64;;jah
1973-05-04;49;62;;jah
1973-05-05;45,4;57;;jah
1973-05-06;46,2;57;;jah
1973-05-07;52,1;66;;jah
1973-05-08;55,9;74;;jah
1973-05-09;50,5;69;;jah
1973-05-10;49;66;;jah
1973-05-11;46,9;62;;jah
1973-05-12;44;57;;jah
1973-05-13;42,6;54;;jah
1973-05-14;41,9;52;;jah
1973-05-15;42,6;52;;jah
1973-05-16;44,7;54;;jah
1973-05-17;60,1;72;;jah
1973-05-18;81,5;94;;jah
1973-05-19;93,8;105;;jah
1973-05-20;130;153;;jah
1973-05-21;129;153;;jah
1973-05-22;112;140;;jah
1973-05-23;98,2;128;;jah
1973-05-24;92,7;123;;jah
1973-05-25;88,6;119;;jah
1973-05-26;83,5;114;;jah
1973-05-27;68;98;;jah
1973-05-28;57,6;85;;jah
1973-05-29;48,3;73;;jah
1973-05-30;40,6;62;;jah
1973-05-31;35,6;54;;jah
1973-06-01;33,4;50;;jah
1973-06-02;29,4;44;;jah
1973-06-03;26,2;38;;jah
1973-06-04;23,6;34;;jah
1973-06-05;21,8;30;;jah
1973-06-06;22,7;33;;jah
1973-06-07;23,6;35;;jah
1973-06-08;22,7;34;;jah
1973-06-09;21,4;31;;jah
1973-06-10;24;38;;jah
1973-06-11;33,4;56;;jah
1973-06-12;40,6;68;;jah
1973-06-13;41,3;70;;jah
1973-06-14;37,5;64;;jah
1973-06-15;32,8;56;;jah
1973-06-16;30,6;52;;jah
1973-06-17;28,9;50;;jah
1973-06-18;25,6;44;;jah
1973-06-19;24,5;42;;jah
1973-06-20;23,6;40;;jah
1973-06-21;23,2;40;;jah
1973-06-22;21,4;37;;jah
1973-06-23;19,6;34;;jah
1973-06-24;16,7;29;;jah
1973-06-25;14,5;26;;jah
1973-06-26;13,4;24;;jah
1973-06-27;11,7;22;;jah
1973-06-28;11,1;22;;jah
1973-06-29;9,82;20;;jah
1973-06-30;8,92;18;;jah
1973-07-01;8,92;18;;jah
1973-07-02;8,64;17;;jah
1973-07-03;8,64;17;;jah
1973-07-04;8,36;16;;jah
1973-07-05;8,01;15;;jah
1973-07-06;8,08;15;;jah
1973-07-07;7,8;14;;jah
1973-07-08;7,52;13;;jah
1973-07-09;7,52;12;;jah
1973-07-10;7,52;12;;jah
1973-07-11;6,96;10;;jah
1973-07-12;6,68;10;;jah
1973-07-13;6,68;10;;jah
1973-07-14;6,4;9;;jah
1973-07-15;6,16;9;;jah
1973-07-16;6,16;9;;jah
1973-07-17;5,92;9;;jah
1973-07-18;5,92;10;;jah
1973-07-19;6,4;12;;jah
1973-07-20;6,68;14;;jah
1973-07-21;7,24;17;;jah
1973-07-22;9,2;24;;jah
1973-07-23;9,2;24;;jah
1973-07-24;10,1;26;;jah
1973-07-25;9,82;25;;jah
1973-07-26;9,82;25;;jah
1973-07-27;9,82;24;;jah
1973-07-28;10,4;26;;jah
1973-07-29;10,8;27;;jah
1973-07-30;10,8;26;;jah
1973-07-31;10,1;24;;jah
1973-08-01;9,82;23;;jah
1973-08-02;9,51;22;;jah
1973-08-03;8,92;20;;jah
1973-08-04;8,64;19;;jah
1973-08-05;9,51;23;;jah
1973-08-06;9,2;22;;jah
1973-08-07;8,64;20;;jah
1973-08-08;8,64;20;;jah
1973-08-09;8,92;21;;jah
1973-08-10;9,2;22;;jah
1973-08-11;9,2;22;;jah
1973-08-12;9,51;23;;jah
1973-08-13;9,51;23;;jah
1973-08-14;9,2;22;;jah
1973-08-15;8,64;20;;jah
1973-08-16;8,64;20;;jah
1973-08-17;8,08;18;;jah
1973-08-18;7,8;17;;jah
1973-08-19;7,52;16;;jah
1973-08-20;7,24;15;;jah
1973-08-21;7,24;15;;jah
1973-08-22;6,96;14;;jah
1973-08-23;6,4;12;;jah
1973-08-24;6,16;11;;jah
1973-08-25;6,16;11;;jah
1973-08-26;6,16;11;;jah
1973-08-27;5,92;10;;jah
1973-08-28;5,92;10;;jah
1973-08-29;6,4;12;;jah
1973-08-30;6,4;12;;jah
1973-08-31;6,16;11;;jah
1973-09-01;6,4;12;;jah
1973-09-02;6,4;12;;jah
1973-09-03;7,24;14;;jah
1973-09-04;7,52;15;;jah
1973-09-05;8,08;16;;jah
1973-09-06;9,2;19;;jah
1973-09-07;9,82;20;;jah
1973-09-08;9,82;19;;jah
1973-09-09;10,4;20;;jah
1973-09-10;12;23;;jah
1973-09-11;12,3;24;;jah
1973-09-12;13,4;26;;jah
1973-09-13;14,1;28;;jah
1973-09-14;13,7;27;;jah
1973-09-15;13,7;27;;jah
1973-09-16;13,7;27;;jah
1973-09-17;13,7;27;;jah
1973-09-18;13;26;;jah
1973-09-19;13;26;;jah
1973-09-20;12;24;;jah
1973-09-21;12,3;24;;jah
1973-09-22;12,7;24;;jah
1973-09-23;13;24;;jah
1973-09-24;13;23;;jah
1973-09-25;13,4;23;;jah
1973-09-26;14,1;23;;jah
1973-09-27;14,1;22;;jah
1973-09-28;14,5;22;;jah
1973-09-29;14,8;22;;jah
1973-09-30;16,7;26;;jah
1973-10-01;18,4;30;;jah
1973-10-02;21,4;36;;jah
1973-10-03;24;42;;jah
1973-10-04;27,2;48;;jah
1973-10-05;28,4;50;;jah
1973-10-06;26,2;45;;jah
1973-10-07;23,6;40;;jah
1973-10-08;21,8;36;;jah
1973-10-09;21,4;35;;jah
1973-10-10;26,7;46;;jah
1973-10-11;33,9;58;;jah
1973-10-12;44;74;;jah
1973-10-13;41,3;70;;jah
1973-10-14;37,5;64;;jah
1973-10-15;33,4;57;;jah
1973-10-16;32,8;56;;jah
1973-10-17;34,5;58;;jah
1973-10-18;38,1;64;;jah
1973-10-19;40;67;;jah
1973-10-20;39,4;66;;jah
1973-10-21;38,1;64;;jah
1973-10-22;35;60;;jah
1973-10-23;32,8;56;;jah
1973-10-24;31,7;54;;jah
1973-10-25;31,1;54;;jah
1973-10-26;39,4;68;;jah
1973-10-27;51,3;85;;jah
1973-10-28;57,6;94;;jah
1973-10-29;54,4;90;;jah
1973-10-30;56,7;94;;jah
1973-10-31;60,1;98;;jah
1973-11-01;53,6;90;;jah
1973-11-02;46,9;81;;jah
1973-11-03;42,6;74;;jah
1973-11-04;40;70;;jah
1973-11-05;39,4;68;;jah
1973-11-06;36,9;64;;jah
1973-11-07;37,5;64;;jah
1973-11-08;41,3;69;;jah
1973-11-09;46,2;76;;jah
1973-11-10;51,3;82;;jah
1973-11-11;50,5;80;;jah
1973-11-12;50,5;80;;jah
1973-11-13;55,2;87;;jah
1973-11-14;67,1;102;;jah
1973-11-15;69,8;106;;jah
1973-11-16;60,1;96;;jah
1973-11-17;49,8;84;;jah
1973-11-18;44;78;;jah
1973-11-19;40,6;74;;jah
1973-11-20;38,1;72;;jah
1973-11-21;32,8;64;;jah
1973-11-22;32,8;64;;jah
1973-11-23;47,6;88;;jah
1973-11-24;106;150;;jah
1973-11-25;110;153;;jah
1973-11-26;97;143;;jah
1973-11-27;98,2;146;;jah
1973-11-28;94,8;144;;jah
1973-11-29;91,7;143;;jah
1973-11-30;87,6;142;;jah
1973-12-01;68,9;126;;jah
1973-12-02;59,2;118;;jah
1973-12-03;52,8;116;;jah
1973-12-04;54,4;130;;jah
1973-12-05;45,4;128;;jah
1973-12-06;39,4;128;;jah
1973-12-07;40,6;139;;jah
1973-12-08;38,8;144;;jah
1973-12-09;40,6;148;;jah
1973-12-10;44;153;;jah
1973-12-11;39,4;146;;jah
1973-12-12;33,9;137;;jah
1973-12-13;32,8;134;;jah
1973-12-14;35;136;;jah
1973-12-15;35;134;;jah
1973-12-16;35,6;133;;jah
1973-12-17;36,2;132;;jah
1973-12-18;37,5;133;;jah
1973-12-19;38,8;132;;jah
1973-12-20;35,6;126;;jah
1973-12-21;34,5;122;;jah
1973-12-22;33,9;120;;jah
1973-12-23;33,4;118;;jah
1973-12-24;33,4;116;;jah
1973-12-25;33,4;114;;jah
1973-12-26;36,9;118;;jah
1973-12-27;40;120;;jah
1973-12-28;41,9;120;;jah
1973-12-29;49;128;;jah
1973-12-30;83,5;164;;jah
1973-12-31;131;204;;jah
1974-01-01;156;222;;jah
1974-01-02;157;222;;jah
1974-01-03;140;209;;jah
1974-01-04;125;196;;jah
1974-01-05;114;186;;jah
1974-01-06;100;173;;jah
1974-01-07;79,5;152;;jah
1974-01-08;67,1;138;;jah
1974-01-09;58,4;127;;jah
1974-01-10;48,3;113;;jah
1974-01-11;41,9;112;;jah
1974-01-12;35;127;;jah
1974-01-13;27,8;132;;jah
1974-01-14;24;132;;jah
1974-01-15;22,2;128;;jah
1974-01-16;21,8;122;;jah
1974-01-17;21,8;106;;jah
1974-01-18;16,3;92;;jah
1974-01-19;15,2;86;;jah
1974-01-20;16,3;84;;jah
1974-01-21;17,1;78;;jah
1974-01-22;17,1;73;;jah
1974-01-23;18;68;;jah
1974-01-24;18,8;64;;jah
1974-01-25;19,6;62;;jah
1974-01-26;19,6;59;;jah
1974-01-27;20;58;;jah
1974-01-28;20,4;56;;jah
1974-01-29;20,9;54;;jah
1974-01-30;21,8;54;;jah
1974-01-31;21,8;54;;jah
1974-02-01;21,8;54;;jah
1974-02-02;21,8;54;;jah
1974-02-03;22,2;55;;jah
1974-02-04;22,7;56;;jah
1974-02-05;23,6;58;;jah
1974-02-06;25,6;62;;jah
1974-02-07;26,7;64;;jah
1974-02-08;28,4;67;;jah
1974-02-09;28,9;69;;jah
1974-02-10;28,9;70;;jah
1974-02-11;29,4;72;;jah
1974-02-12;39,4;90;;jah
1974-02-13;65,2;126;;jah
1974-02-14;78,5;142;;jah
1974-02-15;80,5;145;;jah
1974-02-16;79,5;144;;jah
1974-02-17;76,5;141;;jah
1974-02-18;76,5;140;;jah
1974-02-19;75,5;139;;jah
1974-02-20;74,5;137;;jah
1974-02-21;69,8;130;;jah
1974-02-22;66,1;124;;jah
1974-02-23;62,6;117;;jah
1974-02-24;58,4;109;;jah
1974-02-25;56,7;104;;jah
1974-02-26;55,2;98;;jah
1974-02-27;49,8;87;;jah
1974-02-28;49;84;;jah
1974-03-01;46,2;80;;jah
1974-03-02;40,6;72;;jah
1974-03-03;37,5;67;;jah
1974-03-04;36,2;65;;jah
1974-03-05;35;64;;jah
1974-03-06;33,4;61;;jah
1974-03-07;30;56;;jah
1974-03-08;28,4;52;;jah
1974-03-09;28,4;48;;jah
1974-03-10;28,4;44;;jah
1974-03-11;25,6;40;;jah
1974-03-12;23,6;36;;jah
1974-03-13;25;39;;jah
1974-03-14;25;39;;jah
1974-03-15;25,6;40;;jah
1974-03-16;25,6;40;;jah
1974-03-17;26,7;42;;jah
1974-03-18;30;48;;jah
1974-03-19;40,6;66;;jah
1974-03-20;53,6;84;;jah
1974-03-21;62,6;94;;jah
1974-03-22;66;135;;jah
1974-03-23;70;145;;jah
1974-03-24;74,1;138;;jah
1974-03-25;78,1;132;;jah
1974-03-26;80,8;130;;jah
1974-03-27;84,5;130;;jah
1974-03-28;80,8;130;;jah
1974-03-29;90,1;124;;jah
1974-03-30;92,8;121;;jah
1974-03-31;97;124;;jah
1974-04-01;107;130;;jah
1974-04-02;109;132;;jah
1974-04-03;113;136;;jah
1974-04-04;113;136;;jah
1974-04-05;112;135;;jah
1974-04-06;110;133;;jah
1974-04-07;109;132;;jah
1974-04-08;108;131;;jah
1974-04-09;103;126;;jah
1974-04-10;93,2;116;;jah
1974-04-11;82,3;104;;jah
1974-04-12;77;98;;jah
1974-04-13;71;91;;jah
1974-04-14;65,1;84;;jah
1974-04-15;55,1;72;;jah
1974-04-16;49;64;;jah
1974-04-17;45,7;60;;jah
1974-04-18;42,4;56;;jah
1974-04-19;40,8;54;;jah
1974-04-20;38,6;51;;jah
1974-04-21;36,2;48;;jah
1974-04-22;36,2;48;;jah
1974-04-23;35,6;47;;jah
1974-04-24;34,5;45;;jah
1974-04-25;31,7;41;;jah
1974-04-26;30,2;39;;jah
1974-04-27;29,6;38;;jah
1974-04-28;28,1;36;;jah
1974-04-29;27,7;35;;jah
1974-04-30;27;34;;jah
1974-05-01;26,3;33;;jah
1974-05-02;26,3;33;;jah
1974-05-03;25,2;32;;jah
1974-05-04;25;31;;jah
1974-05-05;25,2;32;;jah
1974-05-06;25,2;32;;jah
1974-05-07;26,3;33;;jah
1974-05-08;28,1;36;;jah
1974-05-09;31,7;41;;jah
1974-05-10;33;43;;jah
1974-05-11;33;43;;jah
1974-05-12;31;40;;jah
1974-05-13;29;37;;jah
1974-05-14;27;34;;jah
1974-05-15;25,2;32;;jah
1974-05-16;23,8;29;;jah
1974-05-17;22,9;28;;jah
1974-05-18;21,2;26;;jah
1974-05-19;21,2;26;;jah
1974-05-20;20;24;;jah
1974-05-21;19;22;;jah
1974-05-22;19;22;;jah
1974-05-23;18,1;20;;jah
1974-05-24;18,1;20;;jah
1974-05-25;17,5;19;;jah
1974-05-26;17;18;;jah
1974-05-27;17;18;;jah
1974-05-28;18,1;20;;jah
1974-05-29;18,4;21;;jah
1974-05-30;19;22;;jah
1974-05-31;20;24;;jah
1974-06-01;19,2;25;;jah
1974-06-02;18,8;25;;jah
1974-06-03;18;24;;jah
1974-06-04;16,7;21;;jah
1974-06-05;16,7;22;;jah
1974-06-06;18,4;26;;jah
1974-06-07;18,8;27;;jah
1974-06-08;18,4;27;;jah
1974-06-09;18,4;28;;jah
1974-06-10;19,2;30;;jah
1974-06-11;20,9;34;;jah
1974-06-12;23,2;40;;jah
1974-06-13;23,2;41;;jah
1974-06-14;22,7;40;;jah
1974-06-15;20,4;36;;jah
1974-06-16;19,6;35;;jah
1974-06-17;17,5;30;;jah
1974-06-18;15,5;26;;jah
1974-06-19;14,5;24;;jah
1974-06-20;13,7;22;;jah
1974-06-21;13,7;22;;jah
1974-06-22;13,7;22;;jah
1974-06-23;13,7;22;;jah
1974-06-24;13,7;22;;jah
1974-06-25;14,1;24;;jah
1974-06-26;13,7;23;;jah
1974-06-27;13,4;22;;jah
1974-06-28;13,7;23;;jah
1974-06-29;13,7;23;;jah
1974-06-30;13,7;23;;jah
1974-07-01;14,8;26;;jah
1974-07-02;15,5;28;;jah
1974-07-03;14,8;27;;jah
1974-07-04;14,5;26;;jah
1974-07-05;14,1;26;;jah
1974-07-06;13,4;24;;jah
1974-07-07;12,7;22;;jah
1974-07-08;11,7;20;;jah
1974-07-09;12;21;;jah
1974-07-10;11,7;20;;jah
1974-07-11;11,4;20;;jah
1974-07-12;12,3;24;;jah
1974-07-13;13,4;28;;jah
1974-07-14;13,7;30;;jah
1974-07-15;13,4;30;;jah
1974-07-16;13;30;;jah
1974-07-17;12;28;;jah
1974-07-18;11,1;26;;jah
1974-07-19;10,8;25;;jah
1974-07-20;10,1;24;;jah
1974-07-21;9,51;22;;jah
1974-07-22;8,92;20;;jah
1974-07-23;8,36;18;;jah
1974-07-24;8,36;17;;jah
1974-07-25;8,08;16;;jah
1974-07-26;8,08;15;;jah
1974-07-27;8,36;16;;jah
1974-07-28;9,2;18;;jah
1974-07-29;9,82;20;;jah
1974-07-30;11,4;24;;jah
1974-07-31;13,4;30;;jah
1974-08-01;15,2;34;;jah
1974-08-02;17,5;40;;jah
1974-08-03;18;41;;jah
1974-08-04;18;41;;jah
1974-08-05;18;40;;jah
1974-08-06;18;40;;jah
1974-08-07;18,4;41;;jah
1974-08-08;18,8;41;;jah
1974-08-09;19,2;42;;jah
1974-08-10;19,2;42;;jah
1974-08-11;20,4;45;;jah
1974-08-12;20,4;45;;jah
1974-08-13;20,9;46;;jah
1974-08-14;20;44;;jah
1974-08-15;19,2;43;;jah
1974-08-16;18,8;42;;jah
1974-08-17;18;40;;jah
1974-08-18;17,1;38;;jah
1974-08-19;15,9;36;;jah
1974-08-20;14,8;33;;jah
1974-08-21;13,7;30;;jah
1974-08-22;13;28;;jah
1974-08-23;12,3;26;;jah
1974-08-24;11,7;24;;jah
1974-08-25;11,4;23;;jah
1974-08-26;11,1;22;;jah
1974-08-27;11,4;22;;jah
1974-08-28;11,4;22;;jah
1974-08-29;10,8;20;;jah
1974-08-30;10,4;18;;jah
1974-08-31;9,82;16;;jah
1974-09-01;9,51;15;;jah
1974-09-02;9,2;14;;jah
1974-09-03;8,92;12;;jah
1974-09-04;8,92;12;;jah
1974-09-05;8,64;11;;jah
1974-09-06;8,36;10;;jah
1974-09-07;8,64;10;;jah
1974-09-08;8,64;10;;jah
1974-09-09;9,2;11;;jah
1974-09-10;9,2;11;;jah
1974-09-11;9,51;12;;jah
1974-09-12;9,82;13;;jah
1974-09-13;10,1;14;;jah
1974-09-14;10,4;15;;jah
1974-09-15;10,1;14;;jah
1974-09-16;10,1;14;;jah
1974-09-17;10,1;14;;jah
1974-09-18;10,1;14;;jah
1974-09-19;10,4;15;;jah
1974-09-20;10,1;14;;jah
1974-09-21;11,8;18;;jah
1974-09-22;12;20;;jah
1974-09-23;12;20;;jah
1974-09-24;12;20;;jah
1974-09-25;12;20;;jah
1974-09-26;12;20;;jah
1974-09-27;16,5;32;;jah
1974-09-28;35,5;66;;jah
1974-09-29;40;73;;jah
1974-09-30;37,1;68;;jah
1974-10-01;36,1;68;;jah
1974-10-02;64;105;;jah
1974-10-03;72,9;114;;jah
1974-10-04;61;102;;jah
1974-10-05;82,5;125;;jah
1974-10-06;110;150;;jah
1974-10-07;105;146;;jah
1974-10-08;107;148;;jah
1974-10-09;110;150;;jah
1974-10-10;117;155;;jah
1974-10-11;112;151;;jah
1974-10-12;131;166;;jah
1974-10-13;159;186;;jah
1974-10-14;155;182;;jah
1974-10-15;148;176;;jah
1974-10-16;136;166;;jah
1974-10-17;128;158;;jah
1974-10-18;104;136;;jah
1974-10-19;91,7;124;;jah
1974-10-20;79,5;111;;jah
1974-10-21;71,7;102;;jah
1974-10-22;70,8;100;;jah
1974-10-23;68;96;;jah
1974-10-24;64,4;91;;jah
1974-10-25;61,8;88;;jah
1974-10-26;67,1;93;;jah
1974-10-27;86,6;112;;jah
1974-10-28;103;126;;jah
1974-10-29;103;125;;jah
1974-10-30;105;126;;jah
1974-10-31;111;130;;jah
1974-11-01;118;136;;jah
1974-11-02;119;136;;jah
1974-11-03;112;130;;jah
1974-11-04;102;121;;jah
1974-11-05;91,7;112;;jah
1974-11-06;75,5;96;;jah
1974-11-07;77,5;98;;jah
1974-11-08;79,5;100;;jah
1974-11-09;79,5;100;;jah
1974-11-10;75,5;96;;jah
1974-11-11;69,8;90;;jah
1974-11-12;75,5;96;;jah
1974-11-13;95,9;116;;jah
1974-11-14;112;130;;jah
1974-11-15;114;132;;jah
1974-11-16;123;139;;jah
1974-11-17;134;148;;jah
1974-11-18;138;152;;jah
1974-11-19;136;151;;jah
1974-11-20;137;153;;jah
1974-11-21;184;188;;jah
1974-11-22;206;203;;jah
1974-11-23;188;192;;jah
1974-11-24;176;184;;jah
1974-11-25;167;178;;jah
1974-11-26;153;160;;jah
1974-11-27;126;148;;jah
1974-11-28;116;138;;jah
1974-11-29;103;126;;jah
1974-11-30;86,6;107;;jah
1974-12-01;79,5;100;;jah
1974-12-02;73,6;94;;jah
1974-12-03;68;88;;jah
1974-12-04;67,1;87;;jah
1974-12-05;77,5;98;;jah
1974-12-06;103;122;;jah
1974-12-07;114;132;;jah
1974-12-08;112;130;;jah
1974-12-09;105;124;;jah
1974-12-10;106;125;;jah
1974-12-11;137;150;;jah
1974-12-12;163;171;;jah
1974-12-13;162;170;;jah
1974-12-14;139;151;;jah
1974-12-15;113;131;;jah
1974-12-16;101;120;;jah
1974-12-17;94,4;114;;jah
1974-12-18;86;106;;jah
1974-12-19;78,9;99;;jah
1974-12-20;75,5;96;;jah
1974-12-21;73,3;94;;jah
1974-12-22;92,5;112;;jah
1974-12-23;148;159;;jah
1974-12-24;183;188;;jah
1974-12-25;183;188;;jah
1974-12-26;178;186;;jah
1974-12-27;181;188;;jah
1974-12-28;177;186;;jah
1974-12-29;164;177;;jah
1974-12-30;143;162;;jah
1974-12-31;113;138;;jah
1975-01-01;98,3;126;;jah
1975-01-02;95,5;124;;jah
1975-01-03;109;135;;jah
1975-01-04;100;128;;jah
1975-01-05;128;149;;jah
1975-01-06;132;153;;jah
1975-01-07;134;154;;jah
1975-01-08;121;144;;jah
1975-01-09;95,5;124;;jah
1975-01-10;77,3;108;;jah
1975-01-11;90,7;120;;jah
1975-01-12;100;128;;jah
1975-01-13;111;136;;jah
1975-01-14;121;144;;jah
1975-01-15;153;165;;jah
1975-01-16;184;182;;jah
1975-01-17;173;174;;jah
1975-01-18;166;169;;jah
1975-01-19;164;168;;jah
1975-01-20;162;166;;jah
1975-01-21;154;160;;jah
1975-01-22;140;149;;jah
1975-01-23;131;142;;jah
1975-01-24;129;140;;jah
1975-01-25;141;150;;jah
1975-01-26;150;157;;jah
1975-01-27;140;149;;jah
1975-01-28;116;130;;jah
1975-01-29;86,1;104;;jah
1975-01-30;82,9;101;;jah
1975-01-31;75,5;94;;jah
1975-02-01;69,8;88;;jah
1975-02-02;61;79;;jah
1975-02-03;60,1;78;;jah
1975-02-04;60;80;;jah
1975-02-05;45,4;71;;jah
1975-02-06;42,2;68;;jah
1975-02-07;38,4;64;;jah
1975-02-08;32,8;56;;jah
1975-02-09;33,9;58;;jah
1975-02-10;36,7;62;;jah
1975-02-11;35,1;60;;jah
1975-02-12;33,9;58;;jah
1975-02-13;33,9;58;;jah
1975-02-14;33,9;58;;jah
1975-02-15;35,2;60;;jah
1975-02-16;36,7;62;;jah
1975-02-17;40;66;;jah
1975-02-18;38,4;64;;jah
1975-02-19;37,5;63;;jah
1975-02-20;32;55;;jah
1975-02-21;25,9;44;;jah
1975-02-22;24,9;42;;jah
1975-02-23;22,8;36;;jah
1975-02-24;22,8;36;;jah
1975-02-25;23,2;38;;jah
1975-02-26;23,2;38;;jah
1975-02-27;21;30;;jah
1975-02-28;20,7;27;;jah
1975-03-01;20,7;27;;jah
1975-03-02;20;26;;jah
1975-03-03;19,4;25;;jah
1975-03-04;19,4;25;;jah
1975-03-05;19,4;25;;jah
1975-03-06;21,8;30;;jah
1975-03-07;39;48;;jah
1975-03-08;48,4;63;;jah
1975-03-09;72,8;85;;jah
1975-03-10;95,4;106;;jah
1975-03-11;96,3;107;;jah
1975-03-12;87,8;99;;jah
1975-03-13;73,7;86;;jah
1975-03-14;60,5;74;;jah
1975-03-15;51,5;66;;jah
1975-03-16;49,5;64;;jah
1975-03-17;50,4;65;;jah
1975-03-18;48,4;63;;jah
1975-03-19;45,1;60;;jah
1975-03-20;40,5;55;;jah
1975-03-21;35,6;50;;jah
1975-03-22;32;46;;jah
1975-03-23;30,7;44;;jah
1975-03-24;29;42;;jah
1975-03-25;27,5;40;;jah
1975-03-26;27,5;40;;jah
1975-03-27;27,5;40;;jah
1975-03-28;30;43;;jah
1975-03-29;32;46;;jah
1975-03-30;39,4;52;;jah
1975-03-31;47,5;62;;jah
1975-04-01;53;67;;jah
1975-04-02;58,3;72;;jah
1975-04-03;72,8;85;;jah
1975-04-04;93,3;104;;jah
1975-04-05;93,3;104;;jah
1975-04-06;85,5;97;;jah
1975-04-07;78,7;86;;jah
1975-04-08;71,7;84;;jah
1975-04-09;69,5;82;;jah
1975-04-10;63;76;;jah
1975-04-11;63;76;;jah
1975-04-12;92,5;103;;jah
1975-04-13;115;124;;jah
1975-04-14;112;122;;jah
1975-04-15;108;118;;jah
1975-04-16;102;112;;jah
1975-04-17;95,5;106;;jah
1975-04-18;86,6;98;;jah
1975-04-19;76;88;;jah
1975-04-20;65,4;78;;jah
1975-04-21;58,3;72;;jah
1975-04-22;50,5;65;;jah
1975-04-23;47,3;62;;jah
1975-04-24;45;60;;jah
1975-04-25;50,5;65;;jah
1975-04-26;87,8;99;;jah
1975-04-27;119;128;;jah
1975-04-28;119;128;;jah
1975-04-29;105;115;;jah
1975-04-30;86,6;98;;jah
1975-05-01;70,5;83;;jah
1975-05-02;58,5;72;;jah
1975-05-03;47,2;62;;jah
1975-05-04;41,4;56;;jah
1975-05-05;36,8;51;;jah
1975-05-06;32,3;46;;jah
1975-05-07;29;42;;jah
1975-05-08;26,5;38;;jah
1975-05-09;25,4;36;;jah
1975-05-10;23,5;33;;jah
1975-05-11;22,3;31;;jah
1975-05-12;22,8;32;;jah
1975-05-13;22,8;32;;jah
1975-05-14;22;30;;jah
1975-05-15;21,1;28;;jah
1975-05-16;21,1;28;;jah
1975-05-17;20;26;;jah
1975-05-18;19,2;24;;jah
1975-05-19;18,7;23;;jah
1975-05-20;18,1;22;;jah
1975-05-21;18,1;22;;jah
1975-05-22;20;26;;jah
1975-05-23;21,1;28;;jah
1975-05-24;21,1;28;;jah
1975-05-25;21,1;28;;jah
1975-05-26;21,1;28;;jah
1975-05-27;20,3;27;;jah
1975-05-28;19,2;24;;jah
1975-05-29;18,4;23;;jah
1975-05-30;20;26;;jah
1975-05-31;25,4;36;;jah
1975-06-01;27,5;40;;jah
1975-06-02;29;42;;jah
1975-06-03;27,5;40;;jah
1975-06-04;26,4;38;;jah
1975-06-05;24;36;;jah
1975-06-06;22;34;;jah
1975-06-07;20,2;32;;jah
1975-06-08;18,1;29;;jah
1975-06-09;16;26;;jah
1975-06-10;14,7;24;;jah
1975-06-11;13,6;22;;jah
1975-06-12;13;21;;jah
1975-06-13;11,9;20;;jah
1975-06-14;11,5;19;;jah
1975-06-15;11,9;20;;jah
1975-06-16;11,9;20;;jah
1975-06-17;11,9;20;;jah
1975-06-18;12,5;21;;jah
1975-06-19;12,5;21;;jah
1975-06-20;11,9;20;;jah
1975-06-21;11,9;20;;jah
1975-06-22;11;18;;jah
1975-06-23;10,2;17;;jah
1975-06-24;10;16;;jah
1975-06-25;10;16;;jah
1975-06-26;9,45;15;;jah
1975-06-27;10;16;;jah
1975-06-28;10;16;;jah
1975-06-29;10,8;18;;jah
1975-06-30;11,3;19;;jah
1975-07-01;9,91;20;;jah
1975-07-02;10,2;21;;jah
1975-07-03;9,91;20;;jah
1975-07-04;9,38;18;;jah
1975-07-05;9,21;17;;jah
1975-07-06;8,85;16;;jah
1975-07-07;8,29;14;;jah
1975-07-08;8,29;14;;jah
1975-07-09;7,78;12;;jah
1975-07-10;7,78;12;;jah
1975-07-11;7,5;11;;jah
1975-07-12;7,21;10;;jah
1975-07-13;7,21;10;;jah
1975-07-14;7,21;10;;jah
1975-07-15;7,5;11;;jah
1975-07-16;7,78;12;;jah
1975-07-17;8,29;14;;jah
1975-07-18;8,85;16;;jah
1975-07-19;9,91;20;;jah
1975-07-20;10,7;23;;jah
1975-07-21;11;24;;jah
1975-07-22;10,4;22;;jah
1975-07-23;10,4;22;;jah
1975-07-24;9,38;18;;jah
1975-07-25;9,38;18;;jah
1975-07-26;9,65;19;;jah
1975-07-27;8,29;14;;jah
1975-07-28;8,29;14;;jah
1975-07-29;9,38;18;;jah
1975-07-30;9,91;20;;jah
1975-07-31;9,91;20;;jah
1975-08-01;9,91;20;;jah
1975-08-02;9,65;19;;jah
1975-08-03;9,38;18;;jah
1975-08-04;9,38;18;;jah
1975-08-05;9,38;18;;jah
1975-08-06;9,21;17;;jah
1975-08-07;9,21;17;;jah
1975-08-08;9,21;17;;jah
1975-08-09;8,58;15;;jah
1975-08-10;8,03;13;;jah
1975-08-11;7,78;12;;jah
1975-08-12;7,78;12;;jah
1975-08-13;7,21;10;;jah
1975-08-14;6,95;9;;jah
1975-08-15;6,95;9;;jah
1975-08-16;6,95;9;;jah
1975-08-17;7,21;10;;jah
1975-08-18;7,78;12;;jah
1975-08-19;7,5;11;;jah
1975-08-20;8,03;13;;jah
1975-08-21;8,85;16;;jah
1975-08-22;9,38;18;;jah
1975-08-23;9,38;18;;jah
1975-08-24;9,21;17;;jah
1975-08-25;8,58;15;;jah
1975-08-26;8,29;14;;jah
1975-08-27;7,78;12;;jah
1975-08-28;7,21;10;;jah
1975-08-29;7,21;10;;jah
1975-08-30;7,21;10;;jah
1975-08-31;7,21;10;;jah
1975-09-01;7,21;10;;jah
1975-09-02;7,21;10;;jah
1975-09-03;7,21;10;;jah
1975-09-04;7,21;10;;jah
1975-09-05;6,95;9;;jah
1975-09-06;6,95;9;;jah
1975-09-07;6,69;8;;jah
1975-09-08;6,95;9;;jah
1975-09-09;6,95;9;;jah
1975-09-10;6,69;8;;jah
1975-09-11;6,69;8;;jah
1975-09-12;6,69;8;;jah
1975-09-13;6,42;7;;jah
1975-09-14;6,42;7;;jah
1975-09-15;6,42;7;;jah
1975-09-16;6,42;7;;jah
1975-09-17;6,28;6;;jah
1975-09-18;5,6;4;;jah
1975-09-19;5,88;5;;jah
1975-09-20;5,88;5;;jah
1975-09-21;5,6;4;;jah
1975-09-22;5,6;4;;jah
1975-09-23;5,6;4;;jah
1975-09-24;5,32;3;;jah
1975-09-25;5,32;3;;jah
1975-09-26;5,32;3;;jah
1975-09-27;5,08;2;;jah
1975-09-28;5,08;2;;jah
1975-09-29;5,32;3;;jah
1975-09-30;5,08;2;;jah
1975-10-01;5,32;3;;jah
1975-10-02;7,56;5;;jah
1975-10-03;7,92;6;;jah
1975-10-04;7,26;4;;jah
1975-10-05;7,26;4;;jah
1975-10-06;7,26;4;;jah
1975-10-07;7,26;4;;jah
1975-10-08;7,26;4;;jah
1975-10-09;7,26;4;;jah
1975-10-10;7,56;5;;jah
1975-10-11;7,56;5;;jah
1975-10-12;7,56;5;;jah
1975-10-13;7,56;5;;jah
1975-10-14;7,26;4;;jah
1975-10-15;7,26;4;;jah
1975-10-16;7,26;4;;jah
1975-10-17;7,26;4;;jah
1975-10-18;7,26;4;;jah
1975-10-19;7,26;4;;jah
1975-10-20;5,75;2;;jah
1975-10-21;5,75;2;;jah
1975-10-22;6,63;3;;jah
1975-10-23;6,63;3;;jah
1975-10-24;5,75;2;;jah
1975-10-25;5,75;2;;jah
1975-10-26;5,75;2;;jah
1975-10-27;6,63;3;;jah
1975-10-28;6,63;3;;jah
1975-10-29;6,63;3;;jah
1975-10-30;6,63;3;;jah
1975-10-31;7,26;4;;jah
1975-11-01;7,26;4;;jah
1975-11-02;6,63;3;;jah
1975-11-03;6,63;3;;jah
1975-11-04;6,63;3;;jah
1975-11-05;6,63;3;;jah
1975-11-06;7,26;4;;jah
1975-11-07;7,26;4;;jah
1975-11-08;7,56;5;;jah
1975-11-09;7,92;6;;jah
1975-11-10;7,92;6;;jah
1975-11-11;7,92;6;;jah
1975-11-12;7,92;6;;jah
1975-11-13;7,92;6;;jah
1975-11-14;7,56;5;;jah
1975-11-15;7,56;5;;jah
1975-11-16;7,26;4;;jah
1975-11-17;7,26;4;;jah
1975-11-18;7,26;4;;jah
1975-11-19;7,26;4;;jah
1975-11-20;7,26;4;;jah
1975-11-21;7,6;4;;jah
1975-11-22;7;2;;jah
1975-11-23;6,62;1;;jah
1975-11-24;7;2;;jah
1975-11-25;7,6;4;;jah
1975-11-26;7,6;4;;jah
1975-11-27;7;2;;jah
1975-11-28;7;2;;jah
1975-11-29;7;2;;jah
1975-11-30;8,03;4;;jah
1975-12-01;8,08;4;;jah
1975-12-02;8,28;8;;jah
1975-12-03;8,8;11;;jah
1975-12-04;10,2;19;;jah
1975-12-05;15,1;35;;jah
1975-12-06;19,2;66;;jah
1975-12-07;38,3;78;;jah
1975-12-08;32,5;71;;jah
1975-12-09;25;58;;jah
1975-12-10;19,5;46;;jah
1975-12-11;19,5;46;;jah
1975-12-12;17;40;;jah
1975-12-13;15,7;36;;jah
1975-12-14;19,2;44;;jah
1975-12-15;19,2;44;;jah
1975-12-16;21;50;;jah
1975-12-17;38,3;80;;jah
1975-12-18;55;101;;jah
1975-12-19;55,8;102;;jah
1975-12-20;51,6;97;;jah
1975-12-21;44,5;88;;jah
1975-12-22;39,5;81;;jah
1975-12-23;45;89;;jah
1975-12-24;48,2;92;;jah
1975-12-25;49,3;94;;jah
1975-12-26;46,2;90;;jah
1975-12-27;40;82;;jah
1975-12-28;41,5;84;;jah
1975-12-29;72;120;;jah
1975-12-30;114;160;;jah
1975-12-31;139;180;;jah
1976-01-01;182;220;;jah
1976-01-02;189;226;;jah
1976-01-03;113;198;;jah
1976-01-04;84,2;183;;jah
1976-01-05;55,9;165;;jah
1976-01-06;54,9;168;;jah
1976-01-07;53,3;179;;jah
1976-01-08;52;178;;jah
1976-01-09;52;162;;jah
1976-01-10;59,9;164;;jah
1976-01-11;45;168;;jah
1976-01-12;42,8;174;;jah
1976-01-13;39,8;167;;jah
1976-01-14;36,8;164;;jah
1976-01-15;33,5;160;;jah
1976-01-16;30,5;157;;jah
1976-01-17;27,5;156;;jah
1976-01-18;26,2;146;;jah
1976-01-19;25;136;;jah
1976-01-20;23,8;130;;jah
1976-01-21;23,5;122;;jah
1976-01-22;23,2;116;;jah
1976-01-23;22,9;113;;jah
1976-01-24;22,6;112;;jah
1976-01-25;22,3;108;;jah
1976-01-26;22;104;;jah
1976-01-27;21,7;98;;jah
1976-01-28;21,4;92;;jah
1976-01-29;21,1;88;;jah
1976-01-30;20,9;84;;jah
1976-01-31;20,9;80;;jah
1976-02-01;20,5;77;;jah
1976-02-02;19,8;72;;jah
1976-02-03;19,5;70;;jah
1976-02-04;19;66;;jah
1976-02-05;18,6;63;;jah
1976-02-06;18,2;60;;jah
1976-02-07;17,7;57;;jah
1976-02-08;17,4;54;;jah
1976-02-09;17;52;;jah
1976-02-10;16,6;50;;jah
1976-02-11;16,5;49;;jah
1976-02-12;16,4;48;;jah
1976-02-13;15,8;44;;jah
1976-02-14;15,5;42;;jah
1976-02-15;15,1;40;;jah
1976-02-16;14,9;39;;jah
1976-02-17;14,5;38;;jah
1976-02-18;14,5;38;;jah
1976-02-19;14,5;37;;jah
1976-02-20;13,5;36;;jah
1976-02-21;13,5;36;;jah
1976-02-22;13,5;36;;jah
1976-02-23;13,5;36;;jah
1976-02-24;12,6;34;;jah
1976-02-25;11,1;32;;jah
1976-02-26;11,1;32;;jah
1976-02-27;14,9;39;;jah
1976-02-28;17,9;46;;jah
1976-02-29;22,8;56;;jah
1976-03-01;26,6;63;;jah
1976-03-02;30,5;72;;jah
1976-03-03;33,8;79;;jah
1976-03-04;35,3;82;;jah
1976-03-05;35,6;83;;jah
1976-03-06;32,4;76;;jah
1976-03-07;29,6;70;;jah
1976-03-08;27;65;;jah
1976-03-09;26,1;63;;jah
1976-03-10;23,4;57;;jah
1976-03-11;21,5;53;;jah
1976-03-12;20;50;;jah
1976-03-13;18;46;;jah
1976-03-14;17,3;44;;jah
1976-03-15;16,4;42;;jah
1976-03-16;15,5;40;;jah
1976-03-17;15,5;40;;jah
1976-03-18;14,5;38;;jah
1976-03-19;12,6;34;;jah
1976-03-20;12,6;34;;jah
1976-03-21;12,6;34;;jah
1976-03-22;11,1;32;;jah
1976-03-23;11,1;32;;jah
1976-03-24;11,1;32;;jah
1976-03-25;11,1;32;;jah
1976-03-26;11,1;32;;jah
1976-03-27;11,6;33;;jah
1976-03-28;14,9;39;;jah
1976-03-29;27;68;;jah
1976-03-30;69,5;148;;jah
1976-03-31;134;241;;jah
1976-04-01;151;258;;jah
1976-04-02;153;260;;jah
1976-04-03;177;279;;jah
1976-04-04;181;286;;jah
1976-04-05;208;307;;jah
1976-04-06;225;319;;jah
1976-04-07;306;364;;jah
1976-04-08;311;360;;jah
1976-04-09;298;342;;jah
1976-04-10;275;308;;jah
1976-04-11;247;268;;jah
1976-04-12;240;258;;jah
1976-04-13;235;250;;jah
1976-04-14;232;246;;jah
1976-04-15;243;252;;jah
1976-04-16;242;250;;jah
1976-04-17;228;238;;jah
1976-04-18;218;228;;jah
1976-04-19;205;208;;jah
1976-04-20;166;183;;jah
1976-04-21;129;152;;jah
1976-04-22;106;131;;jah
1976-04-23;92,1;118;;jah
1976-04-24;86,5;112;;jah
1976-04-25;86,5;112;;jah
1976-04-26;94,1;120;;jah
1976-04-27;94,1;120;;jah
1976-04-28;84;109;;jah
1976-04-29;74,5;98;;jah
1976-04-30;68,5;91;;jah
1976-05-01;62,2;82;;jah
1976-05-02;58,7;78;;jah
1976-05-03;58,7;78;;jah
1976-05-04;62,2;82;;jah
1976-05-05;72;94;;jah
1976-05-06;81,5;108;;jah
1976-05-07;86,5;115;;jah
1976-05-08;82;110;;jah
1976-05-09;74,5;100;;jah
1976-05-10;65,5;88;;jah
1976-05-11;55,9;76;;jah
1976-05-12;51,1;70;;jah
1976-05-13;46,3;64;;jah
1976-05-14;41,7;58;;jah
1976-05-15;38;53;;jah
1976-05-16;35;49;;jah
1976-05-17;31,4;44;;jah
1976-05-18;29,2;41;;jah
1976-05-19;26,8;37;;jah
1976-05-20;25;34;;jah
1976-05-21;23,9;32;;jah
1976-05-22;22,7;30;;jah
1976-05-23;21,5;28;;jah
1976-05-24;20,2;26;;jah
1976-05-25;19;24;;jah
1976-05-26;19;24;;jah
1976-05-27;18;22;;jah
1976-05-28;18;22;;jah
1976-05-29;17,6;21;;jah
1976-05-30;17,6;21;;jah
1976-05-31;17,6;21;;jah
1976-06-01;17,1;21;;jah
1976-06-02;16,7;22;;jah
1976-06-03;16,3;22;;jah
1976-06-04;15,9;22;;jah
1976-06-05;15,5;22;;jah
1976-06-06;15,2;22;;jah
1976-06-07;14,1;20;;jah
1976-06-08;13,7;20;;jah
1976-06-09;13,4;20;;jah
1976-06-10;12,3;19;;jah
1976-06-11;11,7;18;;jah
1976-06-12;11,4;17;;jah
1976-06-13;11,1;16;;jah
1976-06-14;11,1;16;;jah
1976-06-15;11,4;17;;jah
1976-06-16;13;22;;jah
1976-06-17;16,3;31;;jah
1976-06-18;20,8;42;;jah
1976-06-19;22,1;46;;jah
1976-06-20;22,7;47;;jah
1976-06-21;22,9;48;;jah
1976-06-22;23,8;51;;jah
1976-06-23;24,5;54;;jah
1976-06-24;24,5;54;;jah
1976-06-25;22,8;51;;jah
1976-06-26;19,6;44;;jah
1976-06-27;17,5;39;;jah
1976-06-28;15,5;34;;jah
1976-06-29;13,7;30;;jah
1976-06-30;12,3;27;;jah
1976-07-01;10,6;23;;jah
1976-07-02;9,58;20;;jah
1976-07-03;9,28;19;;jah
1976-07-04;8,58;17;;jah
1976-07-05;7,95;15;;jah
1976-07-06;7,95;15;;jah
1976-07-07;7,95;15;;jah
1976-07-08;7,81;14;;jah
1976-07-09;8,3;16;;jah
1976-07-10;8,95;18;;jah
1976-07-11;8,95;18;;jah
1976-07-12;8,95;18;;jah
1976-07-13;8,58;17;;jah
1976-07-14;8,58;17;;jah
1976-07-15;8,3;16;;jah
1976-07-16;7,81;14;;jah
1976-07-17;7,5;13;;jah
1976-07-18;7,5;13;;jah
1976-07-19;7,21;12;;jah
1976-07-20;6,96;12;;jah
1976-07-21;6,4;10;;jah
1976-07-22;6,4;10;;jah
1976-07-23;6,68;11;;jah
1976-07-24;6,96;12;;jah
1976-07-25;6,96;12;;jah
1976-07-26;6,68;11;;jah
1976-07-27;6,4;10;;jah
1976-07-28;6,4;10;;jah
1976-07-29;6,4;10;;jah
1976-07-30;6,68;10;;jah
1976-07-31;6,68;10;;jah
1976-08-01;6,96;11;;jah
1976-08-02;7,2;12;;jah
1976-08-03;7,8;14;;jah
1976-08-04;8,3;16;;jah
1976-08-05;10,1;22;;jah
1976-08-06;12;28;;jah
1976-08-07;12,7;30;;jah
1976-08-08;12,3;29;;jah
1976-08-09;11,7;27;;jah
1976-08-10;10,8;24;;jah
1976-08-11;10,1;22;;jah
1976-08-12;9,51;20;;jah
1976-08-13;8,92;18;;jah
1976-08-14;8,36;16;;jah
1976-08-15;8,36;16;;jah
1976-08-16;8,08;15;;jah
1976-08-17;7,8;14;;jah
1976-08-18;7,8;14;;jah
1976-08-19;7,8;14;;jah
1976-08-20;7,95;15;;jah
1976-08-21;7,95;15;;jah
1976-08-22;7,7;14;;jah
1976-08-23;7,7;14;;jah
1976-08-24;7,24;12;;jah
1976-08-25;6,96;11;;jah
1976-08-26;6,96;10;;jah
1976-08-27;6,96;10;;jah
1976-08-28;6,68;9;;jah
1976-08-29;6,68;8;;jah
1976-08-30;6,68;8;;jah
1976-08-31;6,68;8;;jah
1976-09-01;6,3;7;;jah
1976-09-02;6,05;6;;jah
1976-09-03;6,05;6;;jah
1976-09-04;7,25;10;;jah
1976-09-05;8,15;13;;jah
1976-09-06;9,78;18;;jah
1976-09-07;10,7;20;;jah
1976-09-08;10,7;20;;jah
1976-09-09;11;19;;jah
1976-09-10;10,9;18;;jah
1976-09-11;10,8;17;;jah
1976-09-12;10,4;16;;jah
1976-09-13;10,1;14;;jah
1976-09-14;9,82;13;;jah
1976-09-15;9,51;12;;jah
1976-09-16;9,51;12;;jah
1976-09-17;9,51;12;;jah
1976-09-18;9,51;11;;jah
1976-09-19;9,2;10;;jah
1976-09-20;8,64;8;;jah
1976-09-21;8,36;7;;jah
1976-09-22;8,36;7;;jah
1976-09-23;8,08;6;;jah
1976-09-24;8,08;6;;jah
1976-09-25;8,08;6;;jah
1976-09-26;7,8;5;;jah
1976-09-27;7,8;5;;jah
1976-09-28;7,8;5;;jah
1976-09-29;7,8;6;;jah
1976-09-30;7,8;6;;jah
1976-10-01;7,52;5;;jah
1976-10-02;7,24;4;;jah
1976-10-03;7,24;4;;jah
1976-10-04;7,8;6;;jah
1976-10-05;7,24;4;;jah
1976-10-06;6,96;3;;jah
1976-10-07;6,96;3;;jah
1976-10-08;6,96;3;;jah
1976-10-09;7,24;4;;jah
1976-10-10;7,8;6;;jah
1976-10-11;7,8;6;;jah
1976-10-12;8,08;7;;jah
1976-10-13;8,36;8;;jah
1976-10-14;7,8;6;;jah
1976-10-15;7,24;4;;jah
1976-10-16;7,24;4;;jah
1976-10-17;6,96;3;;jah
1976-10-18;6,68;2;;jah
1976-10-19;6,4;1;;jah
1976-10-20;6,4;1;;jah
1976-10-21;6,68;2;;jah
1976-10-22;6,68;2;;jah
1976-10-23;6,16;0;;jah
1976-10-24;6,16;0;;jah
1976-10-25;5,92;-1;;jah
1976-10-26;5,92;-1;;jah
1976-10-27;5,92;-1;;jah
1976-10-28;5,92;-1;;jah
1976-10-29;5,68;-2;;jah
1976-10-30;6,4;0;;jah
1976-10-31;6,4;0;;jah
1976-11-01;6,96;1;;jah
1976-11-02;6,68;0;;jah
1976-11-03;6,68;-1;;jah
1976-11-04;6,96;-1;;jah
1976-11-05;7,52;0;;jah
1976-11-06;8,08;2;;jah
1976-11-07;8,92;4;;jah
1976-11-08;10,4;8;;jah
1976-11-09;12,7;14;;jah
1976-11-10;14,5;18;;jah
1976-11-11;15,5;20;;jah
1976-11-12;15,5;20;;jah
1976-11-13;15,9;20;;jah
1976-11-14;15,9;20;;jah
1976-11-15;15,9;19;;jah
1976-11-16;15,9;19;;jah
1976-11-17;16,3;19;;jah
1976-11-18;16,3;19;;jah
1976-11-19;16,7;20;;jah
1976-11-20;17,1;20;;jah
1976-11-21;17,1;20;;jah
1976-11-22;17,1;20;;jah
1976-11-23;16,3;18;;jah
1976-11-24;15,9;17;;jah
1976-11-25;15,5;16;;jah
1976-11-26;14,1;12;;jah
1976-11-27;14,1;12;;jah
1976-11-28;15,5;16;;jah
1976-11-29;18;22;;jah
1976-11-30;19,6;26;;jah
1976-12-01;22,2;32;;jah
1976-12-02;27,8;42;;jah
1976-12-03;41,3;64;;jah
1976-12-04;56,4;87;;jah
1976-12-05;57;88;;jah
1976-12-06;51;78;;jah
1976-12-07;46,2;70;;jah
1976-12-08;41,4;62;;jah
1976-12-09;37,6;56;;jah
1976-12-10;35,2;52;;jah
1976-12-11;33,5;48;;jah
1976-12-12;32,1;46;;jah
1976-12-13;30,8;44;;jah
1976-12-14;29,4;42;;jah
1976-12-15;28,1;36;;jah
1976-12-16;26,8;36;;jah
1976-12-17;25,4;38;;jah
1976-12-18;24,1;48;;jah
1976-12-19;22,7;56;;jah
1976-12-20;21,4;73;;jah
1976-12-21;20;86;;jah
1976-12-22;19,6;89;;jah
1976-12-23;19,3;82;;jah
1976-12-24;18,9;78;;jah
1976-12-25;18,6;73;;jah
1976-12-26;18,2;72;;jah
1976-12-27;17,8;75;;jah
1976-12-28;17,5;80;;jah
1976-12-29;17,1;85;;jah
1976-12-30;16,8;87;;jah
1976-12-31;16,4;82;;jah
1977-01-01;17,1;78;;jah
1977-01-02;16;69;;jah
1977-01-03;14;59;;jah
1977-01-04;12;43;;jah
1977-01-05;11,3;34;;jah
1977-01-06;11;31;;jah
1977-01-07;11;30;;jah
1977-01-08;10,9;27;;jah
1977-01-09;10,8;26;;jah
1977-01-10;10,7;25;;jah
1977-01-11;10,7;25;;jah
1977-01-12;10,6;24;;jah
1977-01-13;10,3;22;;jah
1977-01-14;10,3;22;;jah
1977-01-15;10,3;22;;jah
1977-01-16;10,3;21;;jah
1977-01-17;10,3;20;;jah
1977-01-18;10,3;20;;jah
1977-01-19;10,3;20;;jah
1977-01-20;9,82;16;;jah
1977-01-21;9,51;16;;jah
1977-01-22;9,51;16;;jah
1977-01-23;9,2;15;;jah
1977-01-24;8,64;14;;jah
1977-01-25;8,64;14;;jah
1977-01-26;8,64;14;;jah
1977-01-27;8,92;15;;jah
1977-01-28;9,2;16;;jah
1977-01-29;9,82;18;;jah
1977-01-30;10,8;21;;jah
1977-01-31;11,1;22;;jah
1977-02-01;11,4;23;;jah
1977-02-02;11,7;24;;jah
1977-02-03;11,7;24;;jah
1977-02-04;11,7;24;;jah
1977-02-05;11,7;24;;jah
1977-02-06;11,7;24;;jah
1977-02-07;12;24;;jah
1977-02-08;12;23;;jah
1977-02-09;12,7;24;;jah
1977-02-10;12,7;24;;jah
1977-02-11;12,3;23;;jah
1977-02-12;12;22;;jah
1977-02-13;11,7;22;;jah
1977-02-14;10,8;20;;jah
1977-02-15;10,1;20;;jah
1977-02-16;9,51;20;;jah
1977-02-17;8,64;18;;jah
1977-02-18;8,64;18;;jah
1977-02-19;8,64;18;;jah
1977-02-20;8,64;18;;jah
1977-02-21;8,9;19;;jah
1977-02-22;8,9;19;;jah
1977-02-23;9,1;20;;jah
1977-02-24;9,4;21;;jah
1977-02-25;9,7;22;;jah
1977-02-26;10,4;24;;jah
1977-02-27;10,9;25;;jah
1977-02-28;11,4;26;;jah
1977-03-01;11,1;25;;jah
1977-03-02;10,8;24;;jah
1977-03-03;10,1;23;;jah
1977-03-04;9,82;22;;jah
1977-03-05;10,1;23;;jah
1977-03-06;9,82;22;;jah
1977-03-07;9,2;21;;jah
1977-03-08;9,2;21;;jah
1977-03-09;9,2;21;;jah
1977-03-10;9,2;21;;jah
1977-03-11;9,2;21;;jah
1977-03-12;10,1;23;;jah
1977-03-13;11;25;;jah
1977-03-14;12,8;30;;jah
1977-03-15;15,9;39;;jah
1977-03-16;25;60;;jah
1977-03-17;35,5;86;;jah
1977-03-18;56,5;120;;jah
1977-03-19;73;146;;jah
1977-03-20;95,9;178;;jah
1977-03-21;108;190;;jah
1977-03-22;108;190;;jah
1977-03-23;104;186;;jah
1977-03-24;111;192;;jah
1977-03-25;135;210;;jah
1977-03-26;159;228;;jah
1977-03-27;154;222;;jah
1977-03-28;140;203;;jah
1977-03-29;110;160;;jah
1977-03-30;94,5;134;;jah
1977-03-31;93,5;132;;jah
1977-04-01;83;118;;jah
1977-04-02;68,5;102;;jah
1977-04-03;62;94;;jah
1977-04-04;79,5;114;;jah
1977-04-05;77,5;112;;jah
1977-04-06;76;110;;jah
1977-04-07;81,5;116;;jah
1977-04-08;102;137;;jah
1977-04-09;106;140;;jah
1977-04-10;99;134;;jah
1977-04-11;109;143;;jah
1977-04-12;160;184;;jah
1977-04-13;254;248;;jah
1977-04-14;298;272;;jah
1977-04-15;294;270;;jah
1977-04-16;287;266;;jah
1977-04-17;262;262;;jah
1977-04-18;293;269;;jah
1977-04-19;338;292;;jah
1977-04-20;317;282;;jah
1977-04-21;289;268;;jah
1977-04-22;270;257;;jah
1977-04-23;273;258;;jah
1977-04-24;273;258;;jah
1977-04-25;273;258;;jah
1977-04-26;264;254;;jah
1977-04-27;240;238;;jah
1977-04-28;222;228;;jah
1977-04-29;185;202;;jah
1977-04-30;171;188;;jah
1977-05-01;183;195;;jah
1977-05-02;188;198;;jah
1977-05-03;171;184;;jah
1977-05-04;141;161;;jah
1977-05-05;117;140;;jah
1977-05-06;94,8;119;;jah
1977-05-07;78,5;102;;jah
1977-05-08;66,1;88;;jah
1977-05-09;60,1;80;;jah
1977-05-10;56,7;74;;jah
1977-05-11;54,4;70;;jah
1977-05-12;49,8;64;;jah
1977-05-13;47,6;62;;jah
1977-05-14;42,6;56;;jah
1977-05-15;39,4;52;;jah
1977-05-16;37,5;50;;jah
1977-05-17;35,6;48;;jah
1977-05-18;40;56;;jah
1977-05-19;63,5;88;;jah
1977-05-20;88,6;115;;jah
1977-05-21;82,5;109;;jah
1977-05-22;66,1;93;;jah
1977-05-23;52,8;78;;jah
1977-05-24;44;66;;jah
1977-05-25;38,8;59;;jah
1977-05-26;35,6;54;;jah
1977-05-27;31,7;48;;jah
1977-05-28;29,4;44;;jah
1977-05-29;28,9;43;;jah
1977-05-30;28,4;43;;jah
1977-05-31;28,4;43;;jah
1977-06-01;27,2;41;;jah
1977-06-02;25,6;38;;jah
1977-06-03;24,5;36;;jah
1977-06-04;24,5;36;;jah
1977-06-05;26,2;38;;jah
1977-06-06;27,8;41;;jah
1977-06-07;27,2;40;;jah
1977-06-08;26,2;38;;jah
1977-06-09;24,5;34;;jah
1977-06-10;23,6;32;;jah
1977-06-11;22,2;30;;jah
1977-06-12;20,4;28;;jah
1977-06-13;18,8;26;;jah
1977-06-14;17,1;24;;jah
1977-06-15;15,5;22;;jah
1977-06-16;18,4;30;;jah
1977-06-17;32,8;61;;jah
1977-06-18;35,6;68;;jah
1977-06-19;41,3;78;;jah
1977-06-20;68;114;;jah
1977-06-21;62,6;108;;jah
1977-06-22;46,2;86;;jah
1977-06-23;33,9;67;;jah
1977-06-24;29,4;58;;jah
1977-06-25;25;50;;jah
1977-06-26;22,7;44;;jah
1977-06-27;20,9;39;;jah
1977-06-28;19,6;36;;jah
1977-06-29;19,2;34;;jah
1977-06-30;19,2;33;;jah
1977-07-01;19,2;33;;jah
1977-07-02;17,5;30;;jah
1977-07-03;17,5;30;;jah
1977-07-04;17,1;30;;jah
1977-07-05;18;32;;jah
1977-07-06;18,4;34;;jah
1977-07-07;17,5;32;;jah
1977-07-08;15,2;27;;jah
1977-07-09;14,1;24;;jah
1977-07-10;13;22;;jah
1977-07-11;12,3;20;;jah
1977-07-12;11,7;19;;jah
1977-07-13;11,1;18;;jah
1977-07-14;10,4;17;;jah
1977-07-15;10,4;17;;jah
1977-07-16;10,1;17;;jah
1977-07-17;10,1;18;;jah
1977-07-18;9,82;18;;jah
1977-07-19;10,1;19;;jah
1977-07-20;10,1;20;;jah
1977-07-21;10,1;20;;jah
1977-07-22;10,1;22;;jah
1977-07-23;12;28;;jah
1977-07-24;19;46;;jah
1977-07-25;22;54;;jah
1977-07-26;23,9;58;;jah
1977-07-27;23,9;58;;jah
1977-07-28;22;54;;jah
1977-07-29;20,8;51;;jah
1977-07-30;22,8;55;;jah
1977-07-31;41,9;90;;jah
1977-08-01;44;95;;jah
1977-08-02;35,8;82;;jah
1977-08-03;29;68;;jah
1977-08-04;27;64;;jah
1977-08-05;27;64;;jah
1977-08-06;40,5;89;;jah
1977-08-07;44,6;96;;jah
1977-08-08;36,2;81;;jah
1977-08-09;29;68;;jah
1977-08-10;25,7;61;;jah
1977-08-11;32,2;68;;jah
1977-08-12;31,1;66;;jah
1977-08-13;27,8;59;;jah
1977-08-14;23,6;50;;jah
1977-08-15;20;42;;jah
1977-08-16;18,8;38;;jah
1977-08-17;16,7;32;;jah
1977-08-18;15,5;29;;jah
1977-08-19;14,5;26;;jah
1977-08-20;14,1;24;;jah
1977-08-21;13,4;22;;jah
1977-08-22;12,3;20;;jah
1977-08-23;11,4;18;;jah
1977-08-24;11,1;17;;jah
1977-08-25;10,8;16;;jah
1977-08-26;10,4;15;;jah
1977-08-27;10,1;15;;jah
1977-08-28;9,82;14;;jah
1977-08-29;9,51;13;;jah
1977-08-30;9,51;13;;jah
1977-08-31;9,2;12;;jah
1977-09-01;9,51;12;;jah
1977-09-02;9,2;11;;jah
1977-09-03;8,92;10;;jah
1977-09-04;9,2;10;;jah
1977-09-05;9,2;10;;jah
1977-09-06;9,51;10;;jah
1977-09-07;9,51;10;;jah
1977-09-08;9,82;10;;jah
1977-09-09;10,1;11;;jah
1977-09-10;10,4;11;;jah
1977-09-11;10,4;11;;jah
1977-09-12;11,1;13;;jah
1977-09-13;13,4;19;;jah
1977-09-14;15,9;26;;jah
1977-09-15;24,5;45;;jah
1977-09-16;29,4;54;;jah
1977-09-17;31,1;56;;jah
1977-09-18;30;53;;jah
1977-09-19;28,4;50;;jah
1977-09-20;26,7;46;;jah
1977-09-21;24,5;42;;jah
1977-09-22;22,7;38;;jah
1977-09-23;21,8;36;;jah
1977-09-24;20,9;34;;jah
1977-09-25;18,5;30;;jah
1977-09-26;18;26;;jah
1977-09-27;15,9;24;;jah
1977-09-28;15;22;;jah
1977-09-29;14;20;;jah
1977-09-30;14;20;;jah
1977-10-01;17,4;27;;jah
1977-10-02;36;59;;jah
1977-10-03;59;88;;jah
1977-10-04;59;88;;jah
1977-10-05;55;82;;jah
1977-10-06;55;82;;jah
1977-10-07;58;87;;jah
1977-10-08;54,1;86;;jah
1977-10-09;54,4;81;;jah
1977-10-10;49,8;75;;jah
1977-10-11;46,9;70;;jah
1977-10-12;45,4;68;;jah
1977-10-13;46,2;68;;jah
1977-10-14;50,5;74;;jah
1977-10-15;52,1;75;;jah
1977-10-16;50,5;72;;jah
1977-10-17;50,5;72;;jah
1977-10-18;52,8;74;;jah
1977-10-19;51,5;73;;jah
1977-10-20;48;69;;jah
1977-10-21;44,2;64;;jah
1977-10-22;38;56;;jah
1977-10-23;36,5;54;;jah
1977-10-24;44,1;64;;jah
1977-10-25;70,8;96;;jah
1977-10-26;84,5;110;;jah
1977-10-27;90;114;;jah
1977-10-28;82;107;;jah
1977-10-29;76,1;100;;jah
1977-10-30;66,1;90;;jah
1977-10-31;60,1;84;;jah
1977-11-01;54;76;;jah
1977-11-02;49,1;70;;jah
1977-11-03;44,1;64;;jah
1977-11-04;42,5;62;;jah
1977-11-05;47,5;68;;jah
1977-11-06;60,9;84;;jah
1977-11-07;65,2;89;;jah
1977-11-08;64,1;88;;jah
1977-11-09;60,9;84;;jah
1977-11-10;59;82;;jah
1977-11-11;56,5;79;;jah
1977-11-12;52,5;74;;jah
1977-11-13;51;72;;jah
1977-11-14;59,1;82;;jah
1977-11-15;76,5;101;;jah
1977-11-16;119;140;;jah
1977-11-17;153;167;;jah
1977-11-18;149;164;;jah
1977-11-19;134;152;;jah
1977-11-20;124;144;;jah
1977-11-21;140;156;;jah
1977-11-22;177;182;;jah
1977-11-23;185;188;;jah
1977-11-24;214;206;;jah
1977-11-25;221;210;;jah
1977-11-26;225;212;;jah
1977-11-27;206;202;;jah
1977-11-28;180;185;;jah
1977-11-29;155;160;;jah
1977-11-30;118;137;;jah
1977-12-01;94,8;120;;jah
1977-12-02;76;109;;jah
1977-12-03;48;92;;jah
1977-12-04;34,8;82;;jah
1977-12-05;43;91;;jah
1977-12-06;27,4;80;;jah
1977-12-07;27,4;80;;jah
1977-12-08;28,6;88;;jah
1977-12-09;31;104;;jah
1977-12-10;34;121;;jah
1977-12-11;35;128;;jah
1977-12-12;35,6;129;;jah
1977-12-13;35;122;;jah
1977-12-14;35;106;;jah
1977-12-15;35;96;;jah
1977-12-16;35;88;;jah
1977-12-17;35;83;;jah
1977-12-18;42;86;;jah
1977-12-19;54;92;;jah
1977-12-20;55;93;;jah
1977-12-21;48;88;;jah
1977-12-22;38;80;;jah
1977-12-23;24;68;;jah
1977-12-24;20;64;;jah
1977-12-25;20;64;;jah
1977-12-26;20;64;;jah
1977-12-27;20;64;;jah
1977-12-28;24;68;;jah
1977-12-29;29;73;;jah
1977-12-30;29;73;;jah
1977-12-31;24;68;;jah
1978-01-01;24;67;;jah
1978-01-02;23,4;66;;jah
1978-01-03;24,5;68;;jah
1978-01-04;22,9;65;;jah
1978-01-05;22,9;65;;jah
1978-01-06;24;67;;jah
1978-01-07;25;74;;jah
1978-01-08;27;76;;jah
1978-01-09;28,6;72;;jah
1978-01-10;28,6;72;;jah
1978-01-11;42;78;;jah
1978-01-12;42;78;;jah
1978-01-13;40,5;76;;jah
1978-01-14;38,6;74;;jah
1978-01-15;37;72;;jah
1978-01-16;36,4;71;;jah
1978-01-17;35;69;;jah
1978-01-18;33;66;;jah
1978-01-19;32,3;65;;jah
1978-01-20;31,8;64;;jah
1978-01-21;30,4;62;;jah
1978-01-22;29,8;61;;jah
1978-01-23;28,1;58;;jah
1978-01-24;27;56;;jah
1978-01-25;23,7;50;;jah
1978-01-26;21,5;46;;jah
1978-01-27;20,5;44;;jah
1978-01-28;20,5;44;;jah
1978-01-29;20,5;44;;jah
1978-01-30;21;45;;jah
1978-01-31;20,5;44;;jah
1978-02-01;21;43;;jah
1978-02-02;19,4;42;;jah
1978-02-03;18,3;40;;jah
1978-02-04;17,8;39;;jah
1978-02-05;17,2;38;;jah
1978-02-06;17,2;38;;jah
1978-02-07;15,8;35;;jah
1978-02-08;15,3;34;;jah
1978-02-09;15,3;34;;jah
1978-02-10;15,3;34;;jah
1978-02-11;15,3;34;;jah
1978-02-12;15,3;34;;jah
1978-02-13;15,3;34;;jah
1978-02-14;14,3;32;;jah
1978-02-15;13,1;30;;jah
1978-02-16;13,3;31;;jah
1978-02-17;13,4;32;;jah
1978-02-18;13,4;32;;jah
1978-02-19;13,4;32;;jah
1978-02-20;12,7;30;;jah
1978-02-21;12,4;29;;jah
1978-02-22;12,4;29;;jah
1978-02-23;12,7;30;;jah
1978-02-24;12,7;30;;jah
1978-02-25;12,7;30;;jah
1978-02-26;12,7;30;;jah
1978-02-27;12,4;29;;jah
1978-02-28;12,1;28;;jah
1978-03-01;13;30;;jah
1978-03-02;13,7;32;;jah
1978-03-03;14,8;35;;jah
1978-03-04;16,7;40;;jah
1978-03-05;19,6;46;;jah
1978-03-06;23,2;54;;jah
1978-03-07;27,2;62;;jah
1978-03-08;30,6;68;;jah
1978-03-09;33,9;73;;jah
1978-03-10;34,5;74;;jah
1978-03-11;35;76;;jah
1978-03-12;35,6;77;;jah
1978-03-13;35;77;;jah
1978-03-14;35;78;;jah
1978-03-15;35,6;80;;jah
1978-03-16;36,2;81;;jah
1978-03-17;35,6;82;;jah
1978-03-18;38,1;87;;jah
1978-03-19;44;98;;jah
1978-03-20;45,4;103;;jah
1978-03-21;49,8;110;;jah
1978-03-22;51;112;;jah
1978-03-23;51;112;;jah
1978-03-24;50;109;;jah
1978-03-25;45;102;;jah
1978-03-26;44;98;;jah
1978-03-27;42;96;;jah
1978-03-28;46;103;;jah
1978-03-29;52;124;;jah
1978-03-30;108;178;;jah
1978-03-31;222;276;;jah
1978-04-01;326;358;;jah
1978-04-02;372;392;;jah
1978-04-03;362;382;;jah
1978-04-04;341;362;;jah
1978-04-05;288;312;;jah
1978-04-06;277;302;;jah
1978-04-07;267;292;;jah
1978-04-08;245;271;;jah
1978-04-09;218;242;;jah
1978-04-10;200;222;;jah
1978-04-11;190;210;;jah
1978-04-12;188;209;;jah
1978-04-13;245;237;;jah
1978-04-14;251;240;;jah
1978-04-15;260;244;;jah
1978-04-16;310;266;;jah
1978-04-17;302;263;;jah
1978-04-18;278;248;;jah
1978-04-19;252;234;;jah
1978-04-20;244;228;;jah
1978-04-21;236;222;;jah
1978-04-22;214;205;;jah
1978-04-23;198;192;;jah
1978-04-24;179;176;;jah
1978-04-25;166;166;;jah
1978-04-26;156;157;;jah
1978-04-27;139;143;;jah
1978-04-28;127;132;;jah
1978-04-29;110;116;;jah
1978-04-30;100;107;;jah
1978-05-01;91;99;;jah
1978-05-02;84,5;92;;jah
1978-05-03;77,5;86;;jah
1978-05-04;71,5;80;;jah
1978-05-05;67;76;;jah
1978-05-06;61;70;;jah
1978-05-07;57;66;;jah
1978-05-08;53;62;;jah
1978-05-09;49,5;58;;jah
1978-05-10;43,5;52;;jah
1978-05-11;41,2;49;;jah
1978-05-12;42,2;50;;jah
1978-05-13;47;56;;jah
1978-05-14;55,8;66;;jah
1978-05-15;88,5;99;;jah
1978-05-16;134;138;;jah
1978-05-17;146;148;;jah
1978-05-18;136;142;;jah
1978-05-19;124;134;;jah
1978-05-20;107;119;;jah
1978-05-21;84,5;98;;jah
1978-05-22;72,6;86;;jah
1978-05-23;61,5;74;;jah
1978-05-24;52,5;64;;jah
1978-05-25;44,2;54;;jah
1978-05-26;38,2;46;;jah
1978-05-27;33,8;40;;jah
1978-05-28;30,7;36;;jah
1978-05-29;27,6;32;;jah
1978-05-30;25,5;29;;jah
1978-05-31;23,6;26;;jah
1978-06-01;22;24;;jah
1978-06-02;20,1;22;;jah
1978-06-03;18,8;20;;jah
1978-06-04;18,8;20;;jah
1978-06-05;18;19;;jah
1978-06-06;17,1;18;;jah
1978-06-07;15,5;16;;jah
1978-06-08;15,5;16;;jah
1978-06-09;14,8;15;;jah
1978-06-10;13,8;14;;jah
1978-06-11;13,8;14;;jah
1978-06-12;14;16;;jah
1978-06-13;14,2;18;;jah
1978-06-14;14,5;20;;jah
1978-06-15;14,7;22;;jah
1978-06-16;14,7;22;;jah
1978-06-17;13,3;20;;jah
1978-06-18;12,6;19;;jah
1978-06-19;12,6;19;;jah
1978-06-20;12;18;;jah
1978-06-21;12;18;;jah
1978-06-22;10,8;16;;jah
1978-06-23;9,65;14;;jah
1978-06-24;9,65;14;;jah
1978-06-25;9,65;14;;jah
1978-06-26;10,2;15;;jah
1978-06-27;10,2;15;;jah
1978-06-28;10,8;16;;jah
1978-06-29;10,8;16;;jah
1978-06-30;11,2;17;;jah
1978-07-01;11,4;17;;jah
1978-07-02;11,4;17;;jah
1978-07-03;10,8;16;;jah
1978-07-04;10,8;16;;jah
1978-07-05;10,1;15;;jah
1978-07-06;10,4;16;;jah
1978-07-07;12,7;24;;jah
1978-07-08;18;39;;jah
1978-07-09;26,2;57;;jah
1978-07-10;47,6;92;;jah
1978-07-11;65,2;116;;jah
1978-07-12;88,6;149;;jah
1978-07-13;119;180;;jah
1978-07-14;120;181;;jah
1978-07-15;112;174;;jah
1978-07-16;110;168;;jah
1978-07-17;102;158;;jah
1978-07-18;93,8;148;;jah
1978-07-19;90;140;;jah
1978-07-20;83,5;131;;jah
1978-07-21;71,7;118;;jah
1978-07-22;60,1;102;;jah
1978-07-23;52,8;91;;jah
1978-07-24;45,4;80;;jah
1978-07-25;40,6;71;;jah
1978-07-26;35;61;;jah
1978-07-27;31,7;54;;jah
1978-07-28;27,8;46;;jah
1978-07-29;24;38;;jah
1978-07-30;21,8;32;;jah
1978-07-31;20,4;28;;jah
1978-08-01;18,8;24;;jah
1978-08-02;18;22;;jah
1978-08-03;17,1;20;;jah
1978-08-04;16,3;18;;jah
1978-08-05;15,5;16;;jah
1978-08-06;15,5;16;;jah
1978-08-07;16,3;18;;jah
1978-08-08;19,2;25;;jah
1978-08-09;21,4;31;;jah
1978-08-10;24;40;;jah
1978-08-11;31;58;;jah
1978-08-12;50;90;;jah
1978-08-13;66;112;;jah
1978-08-14;71;118;;jah
1978-08-15;70;117;;jah
1978-08-16;66;112;;jah
1978-08-17;61;106;;jah
1978-08-18;59,2;103;;jah
1978-08-19;67,1;113;;jah
1978-08-20;91,7;140;;jah
1978-08-21;97;146;;jah
1978-08-22;90;139;;jah
1978-08-23;78;126;;jah
1978-08-24;66;112;;jah
1978-08-25;58;102;;jah
1978-08-26;76;124;;jah
1978-08-27;106;155;;jah
1978-08-28;100;148;;jah
1978-08-29;90;138;;jah
1978-08-30;90;138;;jah
1978-08-31;106;155;;jah
1978-09-01;126;174;;jah
1978-09-02;164;209;;jah
1978-09-03;204;244;;jah
1978-09-04;243;275;;jah
1978-09-05;235;268;;jah
1978-09-06;214;252;;jah
1978-09-07;196;236;;jah
1978-09-08;177;220;;jah
1978-09-09;166;210;;jah
1978-09-10;149;195;;jah
1978-09-11;145;192;;jah
1978-09-12;167;206;;jah
1978-09-13;173;211;;jah
1978-09-14;167;206;;jah
1978-09-15;229;246;;jah
1978-09-16;286;280;;jah
1978-09-17;283;277;;jah
1978-09-18;269;266;;jah
1978-09-19;253;254;;jah
1978-09-20;240;246;;jah
1978-09-21;228;233;;jah
1978-09-22;224;229;;jah
1978-09-23;213;220;;jah
1978-09-24;196;205;;jah
1978-09-25;189;199;;jah
1978-09-26;186;196;;jah
1978-09-27;168;180;;jah
1978-09-28;165;178;;jah
1978-09-29;157;170;;jah
1978-09-30;153;167;;jah
1978-10-01;146;160;;jah
1978-10-02;136;151;;jah
1978-10-03;127;142;;jah
1978-10-04;113;129;;jah
1978-10-05;103;118;;jah
1978-10-06;98,2;114;;jah
1978-10-07;100;116;;jah
1978-10-08;98;114;;jah
1978-10-09;94;110;;jah
1978-10-10;90;106;;jah
1978-10-11;88;104;;jah
1978-10-12;83,5;99;;jah
1978-10-13;78,5;94;;jah
1978-10-14;74,5;90;;jah
1978-10-15;68;84;;jah
1978-10-16;65,2;80;;jah
1978-10-17;60,1;75;;jah
1978-10-18;55;71;;jah
1978-10-19;53;68;;jah
1978-10-20;52,1;65;;jah
1978-10-21;55;70;;jah
1978-10-22;70,8;87;;jah
1978-10-23;75;91;;jah
1978-10-24;80;96;;jah
1978-10-25;110;126;;jah
1978-10-26;120;135;;jah
1978-10-27;114;130;;jah
1978-10-28;108;122;;jah
1978-10-29;100;118;;jah
1978-10-30;100;118;;jah
1978-10-31;93;111;;jah
1978-11-01;84;100;;jah
1978-11-02;81;96;;jah
1978-11-03;80;97;;jah
1978-11-04;80;97;;jah
1978-11-05;80;97;;jah
1978-11-06;82,5;102;;jah
1978-11-07;93,9;114;;jah
1978-11-08;88;110;;jah
1978-11-09;83,5;107;;jah
1978-11-10;79,5;104;;jah
1978-11-11;78;101;;jah
1978-11-12;79;102;;jah
1978-11-13;76;99;;jah
1978-11-14;74;97;;jah
1978-11-15;81;106;;jah
1978-11-16;108;132;;jah
1978-11-17;119;142;;jah
1978-11-18;140;164;;jah
1978-11-19;183;204;;jah
1978-11-20;216;234;;jah
1978-11-21;243;258;;jah
1978-11-22;232;248;;jah
1978-11-23;229;246;;jah
1978-11-24;237;253;;jah
1978-11-25;235;240;;jah
1978-11-26;200;220;;jah
1978-11-27;196;216;;jah
1978-11-28;182;203;;jah
1978-11-29;170;192;;jah
1978-11-30;154;178;;jah
1978-12-01;130;154;;jah
1978-12-02;121;130;;jah
1978-12-03;112;114;;jah
1978-12-04;103;120;;jah
1978-12-05;94,6;148;;jah
1978-12-06;85,6;169;;jah
1978-12-07;76,9;180;;jah
1978-12-08;68;168;;jah
1978-12-09;59,2;158;;jah
1978-12-10;50,4;145;;jah
1978-12-11;47,9;140;;jah
1978-12-12;45,5;128;;jah
1978-12-13;43;126;;jah
1978-12-14;40,6;140;;jah
1978-12-15;38,1;144;;jah
1978-12-16;35,6;141;;jah
1978-12-17;33,2;140;;jah
1978-12-18;30,7;145;;jah
1978-12-19;28,3;146;;jah
1978-12-20;27,8;144;;jah
1978-12-21;27,3;146;;jah
1978-12-22;26,8;142;;jah
1978-12-23;26,3;139;;jah
1978-12-24;25,8;137;;jah
1978-12-25;25,3;132;;jah
1978-12-26;24,8;128;;jah
1978-12-27;24,3;118;;jah
1978-12-28;23,8;114;;jah
1978-12-29;23,3;110;;jah
1978-12-30;22,8;101;;jah
1978-12-31;22,3;86;;jah
1979-01-01;21,7;76;;jah
1979-01-02;21,1;65;;jah
1979-01-03;20,5;60;;jah
1979-01-04;19,9;56;;jah
1979-01-05;19,3;54;;jah
1979-01-06;18,7;54;;jah
1979-01-07;18,1;56;;jah
1979-01-08;17,5;52;;jah
1979-01-09;16,9;50;;jah
1979-01-10;16,3;49;;jah
1979-01-11;16,3;48;;jah
1979-01-12;16,3;48;;jah
1979-01-13;17,5;50;;jah
1979-01-14;18,4;52;;jah
1979-01-15;18,4;52;;jah
1979-01-16;18,8;52;;jah
1979-01-17;19,2;52;;jah
1979-01-18;19,2;52;;jah
1979-01-19;18,8;50;;jah
1979-01-20;18;48;;jah
1979-01-21;17,9;47;;jah
1979-01-22;17,8;46;;jah
1979-01-23;17,7;46;;jah
1979-01-24;17,6;44;;jah
1979-01-25;17,4;43;;jah
1979-01-26;17,2;44;;jah
1979-01-27;17,1;44;;jah
1979-01-28;17;44;;jah
1979-01-29;16,8;46;;jah
1979-01-30;16,6;45;;jah
1979-01-31;16,5;42;;jah
1979-02-01;16,5;40;;jah
1979-02-02;16,6;43;;jah
1979-02-03;16,6;44;;jah
1979-02-04;16,7;45;;jah
1979-02-05;16,7;46;;jah
1979-02-06;16,7;47;;jah
1979-02-07;16,8;47;;jah
1979-02-08;16,8;46;;jah
1979-02-09;16,9;46;;jah
1979-02-10;16,9;46;;jah
1979-02-11;16,6;46;;jah
1979-02-12;16,3;46;;jah
1979-02-13;16;47;;jah
1979-02-14;15,7;47;;jah
1979-02-15;15,4;47;;jah
1979-02-16;15,1;46;;jah
1979-02-17;14,8;44;;jah
1979-02-18;14,5;42;;jah
1979-02-19;14,2;42;;jah
1979-02-20;13,9;42;;jah
1979-02-21;13,8;41;;jah
1979-02-22;13,8;42;;jah
1979-02-23;13,7;42;;jah
1979-02-24;13,6;42;;jah
1979-02-25;13,6;42;;jah
1979-02-26;13,5;40;;jah
1979-02-27;13,4;40;;jah
1979-02-28;13,4;40;;jah
1979-03-01;13;40;;jah
1979-03-02;13,4;41;;jah
1979-03-03;13,7;42;;jah
1979-03-04;14,8;44;;jah
1979-03-05;15,9;47;;jah
1979-03-06;17,1;50;;jah
1979-03-07;19,2;54;;jah
1979-03-08;21,4;59;;jah
1979-03-09;22,7;61;;jah
1979-03-10;24;63;;jah
1979-03-11;25;64;;jah
1979-03-12;24,5;63;;jah
1979-03-13;24,5;63;;jah
1979-03-14;24,5;63;;jah
1979-03-15;24,5;62;;jah
1979-03-16;24,5;61;;jah
1979-03-17;24;59;;jah
1979-03-18;23,2;56;;jah
1979-03-19;22,7;54;;jah
1979-03-20;21,8;50;;jah
1979-03-21;21,8;50;;jah
1979-03-22;21;49;;jah
1979-03-23;22,7;52;;jah
1979-03-24;24,8;56;;jah
1979-03-25;28,1;62;;jah
1979-03-26;31,5;68;;jah
1979-03-27;35,6;75;;jah
1979-03-28;45,8;92;;jah
1979-03-29;67;126;;jah
1979-03-30;99,5;174;;jah
1979-03-31;140;222;;jah
1979-04-01;183;263;;jah
1979-04-02;230;302;;jah
1979-04-03;273;334;;jah
1979-04-04;292;346;;jah
1979-04-05;304;336;;jah
1979-04-06;332;324;;jah
1979-04-07;326;301;;jah
1979-04-08;303;287;;jah
1979-04-09;272;266;;jah
1979-04-10;257;249;;jah
1979-04-11;232;229;;jah
1979-04-12;209;210;;jah
1979-04-13;189;194;;jah
1979-04-14;182;188;;jah
1979-04-15;173;181;;jah
1979-04-16;144;157;;jah
1979-04-17;119;137;;jah
1979-04-18;98,8;118;;jah
1979-04-19;81,8;102;;jah
1979-04-20;70,5;90;;jah
1979-04-21;63;82;;jah
1979-04-22;57,2;76;;jah
1979-04-23;57,2;76;;jah
1979-04-24;61;80;;jah
1979-04-25;70,5;90;;jah
1979-04-26;81,8;102;;jah
1979-04-27;98,8;118;;jah
1979-04-28;113;132;;jah
1979-04-29;110;128;;jah
1979-04-30;94,3;114;;jah
1979-05-01;87,6;107;;jah
1979-05-02;81,8;102;;jah
1979-05-03;76;96;;jah
1979-05-04;77,3;97;;jah
1979-05-05;84,4;104;;jah
1979-05-06;79,6;99;;jah
1979-05-07;91,4;111;;jah
1979-05-08;145;158;;jah
1979-05-09;146;159;;jah
1979-05-10;130;146;;jah
1979-05-11;111;129;;jah
1979-05-12;116;130;;jah
1979-05-13;113;132;;jah
1979-05-14;98,8;118;;jah
1979-05-15;81,3;101;;jah
1979-05-16;68,4;88;;jah
1979-05-17;59,2;78;;jah
1979-05-18;52,1;70;;jah
1979-05-19;45,6;62;;jah
1979-05-20;42,8;58;;jah
1979-05-21;39,2;54;;jah
1979-05-22;35,2;48;;jah
1979-05-23;32,7;44;;jah
1979-05-24;30,5;40;;jah
1979-05-25;29,7;38;;jah
1979-05-26;28,2;35;;jah
1979-05-27;25,9;31;;jah
1979-05-28;25,4;30;;jah
1979-05-29;28,8;36;;jah
1979-05-30;31;41;;jah
1979-05-31;27,6;34;;jah
1979-06-01;23,5;29;;jah
1979-06-02;20,5;25;;jah
1979-06-03;18,3;22;;jah
1979-06-04;17;20;;jah
1979-06-05;14,4;17;;jah
1979-06-06;13,7;15;;jah
1979-06-07;13,1;14;;jah
1979-06-08;13,1;14;;jah
1979-06-09;12,6;13;;jah
1979-06-10;12;12;;jah
1979-06-11;12;12;;jah
1979-06-12;12;12;;jah
1979-06-13;12;12;;jah
1979-06-14;12;12;;jah
1979-06-15;13,1;14;;jah
1979-06-16;14,4;16;;jah
1979-06-17;16,5;19;;jah
1979-06-18;15,7;18;;jah
1979-06-19;15;17;;jah
1979-06-20;13,1;14;;jah
1979-06-21;12,1;12;;jah
1979-06-22;11;10;;jah
1979-06-23;10,6;9;;jah
1979-06-24;10,6;9;;jah
1979-06-25;10;8;;jah
1979-06-26;10;8;;jah
1979-06-27;9,6;7;;jah
1979-06-28;9,2;6;;jah
1979-06-29;9,2;6;;jah
1979-06-30;9,4;7;;jah
1979-07-01;9,4;7;;jah
1979-07-02;9,7;8;;jah
1979-07-03;9,7;8;;jah
1979-07-04;9;9;;jah
1979-07-05;10,4;10;;jah
1979-07-06;10,9;11;;jah
1979-07-07;11,2;12;;jah
1979-07-08;13;16;;jah
1979-07-09;13;16;;jah
1979-07-10;12,1;14;;jah
1979-07-11;11,7;13;;jah
1979-07-12;11,2;12;;jah
1979-07-13;11,7;13;;jah
1979-07-14;13,5;17;;jah
1979-07-15;14;18;;jah
1979-07-16;14;18;;jah
1979-07-17;13;16;;jah
1979-07-18;12,1;14;;jah
1979-07-19;11,7;13;;jah
1979-07-20;12,6;15;;jah
1979-07-21;13,5;17;;jah
1979-07-22;16;22;;jah
1979-07-23;18,8;27;;jah
1979-07-24;18,3;26;;jah
1979-07-25;17,1;24;;jah
1979-07-26;16,6;23;;jah
1979-07-27;16;22;;jah
1979-07-28;15,4;21;;jah
1979-07-29;16;22;;jah
1979-07-30;16,6;23;;jah
1979-07-31;16;22;;jah
1979-08-01;16;22;;jah
1979-08-02;14,8;20;;jah
1979-08-03;13,7;18;;jah
1979-08-04;12,6;16;;jah
1979-08-05;12,1;15;;jah
1979-08-06;12,1;15;;jah
1979-08-07;11,6;14;;jah
1979-08-08;10,6;12;;jah
1979-08-09;10,1;11;;jah
1979-08-10;9,6;10;;jah
1979-08-11;9,2;9;;jah
1979-08-12;9,6;10;;jah
1979-08-13;9,6;10;;jah
1979-08-14;9,6;10;;jah
1979-08-15;9,6;10;;jah
1979-08-16;10,1;11;;jah
1979-08-17;9,6;10;;jah
1979-08-18;9,2;9;;jah
1979-08-19;8,7;8;;jah
1979-08-20;8;6;;jah
1979-08-21;8;6;;jah
1979-08-22;8;6;;jah
1979-08-23;8;6;;jah
1979-08-24;8,7;8;;jah
1979-08-25;8,7;8;;jah
1979-08-26;9,5;10;;jah
1979-08-27;9,5;10;;jah
1979-08-28;9,9;11;;jah
1979-08-29;10,3;12;;jah
1979-08-30;11,2;14;;jah
1979-08-31;11,2;14;;jah
1979-09-01;10,3;12;;jah
1979-09-02;9,9;11;;jah
1979-09-03;9,5;10;;jah
1979-09-04;9,5;10;;jah
1979-09-05;9,5;10;;jah
1979-09-06;9,5;10;;jah
1979-09-07;9,5;10;;jah
1979-09-08;9,9;11;;jah
1979-09-09;9,5;10;;jah
1979-09-10;9,5;10;;jah
1979-09-11;9,2;9;;jah
1979-09-12;9,2;9;;jah
1979-09-13;9,2;9;;jah
1979-09-14;9,2;9;;jah
1979-09-15;8,8;8;;jah
1979-09-16;8,8;8;;jah
1979-09-17;8,8;8;;jah
1979-09-18;11,2;14;;jah
1979-09-19;18,5;28;;jah
1979-09-20;24,7;38;;jah
1979-09-21;27,4;42;;jah
1979-09-22;25,7;39;;jah
1979-09-23;23,9;36;;jah
1979-09-24;23,4;35;;jah
1979-09-25;21,2;31;;jah
1979-09-26;19,6;28;;jah
1979-09-27;18,6;26;;jah
1979-09-28;17,8;24;;jah
1979-09-29;17,8;24;;jah
1979-09-30;19,1;27;;jah
1979-10-01;20,7;30;;jah
1979-10-02;20,7;30;;jah
1979-10-03;19,6;28;;jah
1979-10-04;18,6;26;;jah
1979-10-05;17,6;24;;jah
1979-10-06;16,6;22;;jah
1979-10-07;16,6;22;;jah
1979-10-08;16,1;21;;jah
1979-10-09;15,7;20;;jah
1979-10-10;15,2;19;;jah
1979-10-11;14,7;18;;jah
1979-10-12;14,7;18;;jah
1979-10-13;14,3;17;;jah
1979-10-14;14,3;17;;jah
1979-10-15;13,8;16;;jah
1979-10-16;13,3;15;;jah
1979-10-17;13,3;15;;jah
1979-10-18;13,3;15;;jah
1979-10-19;13,3;15;;jah
1979-10-20;13,3;15;;jah
1979-10-21;13,3;15;;jah
1979-10-22;13,8;16;;jah
1979-10-23;13,8;16;;jah
1979-10-24;13,8;16;;jah
1979-10-25;13,3;15;;jah
1979-10-26;13,3;15;;jah
1979-10-27;13;14;;jah
1979-10-28;13;14;;jah
1979-10-29;13;14;;jah
1979-10-30;12,5;13;;jah
1979-10-31;11,5;11;;jah
1979-11-01;10,2;8;;jah
1979-11-02;10,2;8;;jah
1979-11-03;10,2;8;;jah
1979-11-04;9,5;6;;jah
1979-11-05;9,5;6;;jah
1979-11-06;10,2;8;;jah
1979-11-07;10,6;9;;jah
1979-11-08;12,5;13;;jah
1979-11-09;15,3;18;;jah
1979-11-10;20,8;28;;jah
1979-11-11;23,8;35;;jah
1979-11-12;25,4;38;;jah
1979-11-13;25,4;38;;jah
1979-11-14;24,2;36;;jah
1979-11-15;24,2;36;;jah
1979-11-16;26,9;40;;jah
1979-11-17;32,1;49;;jah
1979-11-18;41,6;63;;jah
1979-11-19;47,8;72;;jah
1979-11-20;50,8;76;;jah
1979-11-21;46,5;70;;jah
1979-11-22;45,1;68;;jah
1979-11-23;40,7;62;;jah
1979-11-24;38;58;;jah
1979-11-25;39,4;60;;jah
1979-11-26;50,2;75;;jah
1979-11-27;99,6;130;;jah
1979-11-28;151;180;;jah
1979-11-29;142;172;;jah
1979-11-30;142;172;;jah
1979-12-01;148;178;;jah
1979-12-02;139;169;;jah
1979-12-03;127;158;;jah
1979-12-04;132;162;;jah
1979-12-05;130;160;;jah
1979-12-06;124;155;;jah
1979-12-07;123;154;;jah
1979-12-08;121;152;;jah
1979-12-09;102;133;;jah
1979-12-10;76,7;106;;jah
1979-12-11;73,2;96;;jah
1979-12-12;71,4;92;;jah
1979-12-13;69,6;91;;jah
1979-12-14;67,8;98;;jah
1979-12-15;66;114;;jah
1979-12-16;64,2;130;;jah
1979-12-17;62,4;134;;jah
1979-12-18;60,6;133;;jah
1979-12-19;58,8;136;;jah
1979-12-20;57;144;;jah
1979-12-21;55,6;145;;jah
1979-12-22;54,2;143;;jah
1979-12-23;52,8;136;;jah
1979-12-24;51,4;125;;jah
1979-12-25;50;124;;jah
1979-12-26;48,5;122;;jah
1979-12-27;47,1;113;;jah
1979-12-28;45,7;106;;jah
1979-12-29;44,3;100;;jah
1979-12-30;42,9;98;;jah
1979-12-31;41,9;95;;jah
1980-01-01;36,1;90;;jah
1980-01-02;30,3;90;;jah
1980-01-03;24,5;85;;jah
1980-01-04;23,8;82;;jah
1980-01-05;23,3;85;;jah
1980-01-06;23,1;86;;jah
1980-01-07;22,8;88;;jah
1980-01-08;22,4;88;;jah
1980-01-09;22,2;86;;jah
1980-01-10;22;86;;jah
1980-01-11;21,5;88;;jah
1980-01-12;21;86;;jah
1980-01-13;20,5;82;;jah
1980-01-14;20,3;76;;jah
1980-01-15;19,8;69;;jah
1980-01-16;19,6;64;;jah
1980-01-17;19,6;64;;jah
1980-01-18;19,1;62;;jah
1980-01-19;18,2;58;;jah
1980-01-20;18,2;58;;jah
1980-01-21;17,1;53;;jah
1980-01-22;16,1;49;;jah
1980-01-23;15,4;46;;jah
1980-01-24;15;44;;jah
1980-01-25;14,5;42;;jah
1980-01-26;14,1;46;;jah
1980-01-27;13,6;48;;jah
1980-01-28;13,4;47;;jah
1980-01-29;12,9;44;;jah
1980-01-30;12,7;40;;jah
1980-01-31;12,2;34;;jah
1980-02-01;11,4;29;;jah
1980-02-02;11,4;29;;jah
1980-02-03;11,3;28;;jah
1980-02-04;10,2;24;;jah
1980-02-05;10,2;24;;jah
1980-02-06;10,7;25;;jah
1980-02-07;10,4;24;;jah
1980-02-08;10,4;24;;jah
1980-02-09;10,6;24;;jah
1980-02-10;10,6;24;;jah
1980-02-11;10,2;23;;jah
1980-02-12;9,96;22;;jah
1980-02-13;9,68;21;;jah
1980-02-14;9,52;20;;jah
1980-02-15;9,52;20;;jah
1980-02-16;9,52;20;;jah
1980-02-17;10,1;22;;jah
1980-02-18;10,8;24;;jah
1980-02-19;10,8;24;;jah
1980-02-20;10,9;24;;jah
1980-02-21;10,1;22;;jah
1980-02-22;10,1;22;;jah
1980-02-23;10,1;22;;jah
1980-02-24;9,96;22;;jah
1980-02-25;10,2;23;;jah
1980-02-26;10,2;23;;jah
1980-02-27;10,2;23;;jah
1980-02-28;9,96;22;;jah
1980-02-29;9,96;22;;jah
1980-03-01;9,77;22;;jah
1980-03-02;9,77;22;;jah
1980-03-03;10,4;24;;jah
1980-03-04;10,4;24;;jah
1980-03-05;10,2;24;;jah
1980-03-06;10,2;24;;jah
1980-03-07;10,2;24;;jah
1980-03-08;9,59;22;;jah
1980-03-09;9,41;22;;jah
1980-03-10;9,15;21;;jah
1980-03-11;8,84;20;;jah
1980-03-12;8,32;18;;jah
1980-03-13;8,84;20;;jah
1980-03-14;8,67;20;;jah
1980-03-15;8,42;19;;jah
1980-03-16;8,16;18;;jah
1980-03-17;8,16;18;;jah
1980-03-18;8,42;19;;jah
1980-03-19;8,42;19;;jah
1980-03-20;8,16;18;;jah
1980-03-21;8,16;18;;jah
1980-03-22;8,16;18;;jah
1980-03-23;8,16;18;;jah
1980-03-24;8,16;18;;jah
1980-03-25;8,16;18;;jah
1980-03-26;8,16;18;;jah
1980-03-27;8,16;18;;jah
1980-03-28;8,16;18;;jah
1980-03-29;8,32;18;;jah
1980-03-30;9,33;21;;jah
1980-03-31;10,4;24;;jah
1980-04-01;13;34;;jah
1980-04-02;16,4;46;;jah
1980-04-03;24;68;;jah
1980-04-04;35,5;93;;jah
1980-04-05;53;120;;jah
1980-04-06;81,5;146;;jah
1980-04-07;90;166;;jah
1980-04-08;123;198;;jah
1980-04-09;148;222;;jah
1980-04-10;160;230;;jah
1980-04-11;158;226;;jah
1980-04-12;158;226;;jah
1980-04-13;168;232;;jah
1980-04-14;166;190;;jah
1980-04-15;160;176;;jah
1980-04-16;144;162;;jah
1980-04-17;136;154;;jah
1980-04-18;128;146;;jah
1980-04-19;117;136;;jah
1980-04-20;117;136;;jah
1980-04-21;128;146;;jah
1980-04-22;129;147;;jah
1980-04-23;121;140;;jah
1980-04-24;109;128;;jah
1980-04-25;105;124;;jah
1980-04-26;97;116;;jah
1980-04-27;91;110;;jah
1980-04-28;87,2;106;;jah
1980-04-29;85,3;104;;jah
1980-04-30;81,5;100;;jah
1980-05-01;75,8;94;;jah
1980-05-02;70,1;88;;jah
1980-05-03;68,2;86;;jah
1980-05-04;58,9;76;;jah
1980-05-05;53,4;70;;jah
1980-05-06;49,8;66;;jah
1980-05-07;46,2;62;;jah
1980-05-08;42,1;57;;jah
1980-05-09;44,4;60;;jah
1980-05-10;44,4;60;;jah
1980-05-11;42,8;58;;jah
1980-05-12;38,2;52;;jah
1980-05-13;35,1;48;;jah
1980-05-14;32,2;44;;jah
1980-05-15;29,9;41;;jah
1980-05-16;27,9;38;;jah
1980-05-17;26,5;36;;jah
1980-05-18;25,2;34;;jah
1980-05-19;23,8;32;;jah
1980-05-20;22,5;30;;jah
1980-05-21;21,4;28;;jah
1980-05-22;20,8;27;;jah
1980-05-23;20,3;26;;jah
1980-05-24;21,4;28;;jah
1980-05-25;25,2;34;;jah
1980-05-26;29,2;40;;jah
1980-05-27;39,7;54;;jah
1980-05-28;49,8;66;;jah
1980-05-29;48,9;65;;jah
1980-05-30;43,6;59;;jah
1980-05-31;41,3;56;;jah
1980-06-01;40,1;55;;jah
1980-06-02;36,2;50;;jah
1980-06-03;31,6;44;;jah
1980-06-04;26,4;37;;jah
1980-06-05;22,8;32;;jah
1980-06-06;20,5;28;;jah
1980-06-07;18,8;25;;jah
1980-06-08;17;22;;jah
1980-06-09;15,8;20;;jah
1980-06-10;14,7;18;;jah
1980-06-11;14,4;18;;jah
1980-06-12;15;20;;jah
1980-06-13;17;25;;jah
1980-06-14;15,9;24;;jah
1980-06-15;13,8;20;;jah
1980-06-16;12,5;18;;jah
1980-06-17;11,5;16;;jah
1980-06-18;10,6;14;;jah
1980-06-19;10,1;13;;jah
1980-06-20;9,77;12;;jah
1980-06-21;9,77;12;;jah
1980-06-22;9,77;12;;jah
1980-06-23;9,77;12;;jah
1980-06-24;9,77;12;;jah
1980-06-25;10,4;14;;jah
1980-06-26;11,2;16;;jah
1980-06-27;12,6;20;;jah
1980-06-28;13,4;22;;jah
1980-06-29;14,2;24;;jah
1980-06-30;14,2;24;;jah
1980-07-01;13,2;22;;jah
1980-07-02;11,7;18;;jah
1980-07-03;11;16;;jah
1980-07-04;10,2;14;;jah
1980-07-05;9,79;13;;jah
1980-07-06;9,5;12;;jah
1980-07-07;9,14;11;;jah
1980-07-08;8,78;10;;jah
1980-07-09;8,57;9;;jah
1980-07-10;8,35;8;;jah
1980-07-11;9,14;11;;jah
1980-07-12;13,4;23;;jah
1980-07-13;18,1;34;;jah
1980-07-14;16;30;;jah
1980-07-15;15,2;28;;jah
1980-07-16;14,4;26;;jah
1980-07-17;13,6;24;;jah
1980-07-18;13,6;24;;jah
1980-07-19;19,8;38;;jah
1980-07-20;30,4;58;;jah
1980-07-21;30;58;;jah
1980-07-22;27,2;53;;jah
1980-07-23;25,6;50;;jah
1980-07-24;22,5;44;;jah
1980-07-25;19,5;38;;jah
1980-07-26;16,7;32;;jah
1980-07-27;14;26;;jah
1980-07-28;12,5;22;;jah
1980-07-29;11,7;20;;jah
1980-07-30;10,4;16;;jah
1980-07-31;9,73;14;;jah
1980-08-01;9,6;12;;jah
1980-08-02;9,1;10;;jah
1980-08-03;9,1;10;;jah
1980-08-04;9,1;10;;jah
1980-08-05;9,1;10;;jah
1980-08-06;10;13;;jah
1980-08-07;11;16;;jah
1980-08-08;11,9;18;;jah
1980-08-09;12,3;19;;jah
1980-08-10;14,3;24;;jah
1980-08-11;15,6;27;;jah
1980-08-12;15,1;26;;jah
1980-08-13;14,7;25;;jah
1980-08-14;14,3;24;;jah
1980-08-15;14,3;24;;jah
1980-08-16;13,9;23;;jah
1980-08-17;13,5;22;;jah
1980-08-18;12,3;19;;jah
1980-08-19;11,5;17;;jah
1980-08-20;11;16;;jah
1980-08-21;11,5;17;;jah
1980-08-22;12,3;19;;jah
1980-08-23;13,5;22;;jah
1980-08-24;14,3;24;;jah
1980-08-25;14,3;24;;jah
1980-08-26;13,5;22;;jah
1980-08-27;13;21;;jah
1980-08-28;12,7;20;;jah
1980-08-29;11,9;18;;jah
1980-08-30;11;16;;jah
1980-08-31;11;16;;jah
1980-09-01;11,9;18;;jah
1980-09-02;11,9;18;;jah
1980-09-03;11,9;18;;jah
1980-09-04;11,9;18;;jah
1980-09-05;11,9;18;;jah
1980-09-06;12,3;19;;jah
1980-09-07;12,3;19;;jah
1980-09-08;12,3;19;;jah
1980-09-09;11,9;18;;jah
1980-09-10;11,5;17;;jah
1980-09-11;11;16;;jah
1980-09-12;11;16;;jah
1980-09-13;11;16;;jah
1980-09-14;11,9;18;;jah
1980-09-15;13;21;;jah
1980-09-16;18;32;;jah
1980-09-17;22,6;41;;jah
1980-09-18;21;38;;jah
1980-09-19;19;34;;jah
1980-09-20;17,3;31;;jah
1980-09-21;16,8;30;;jah
1980-09-22;17,3;31;;jah
1980-09-23;21;38;;jah
1980-09-24;24,2;44;;jah
1980-09-25;23,1;42;;jah
1980-09-26;21;38;;jah
1980-09-27;18,4;33;;jah
1980-09-28;16,4;29;;jah
1980-09-29;15,1;26;;jah
1980-09-30;14,3;24;;jah
1980-10-01;13,9;23;;jah
1980-10-02;14,3;24;;jah
1980-10-03;16;28;;jah
1980-10-04;18,4;33;;jah
1980-10-05;20;36;;jah
1980-10-06;20;36;;jah
1980-10-07;19,4;35;;jah
1980-10-08;21;38;;jah
1980-10-09;28,5;52;;jah
1980-10-10;38,3;68;;jah
1980-10-11;53,2;89;;jah
1980-10-12;91,5;130;;jah
1980-10-13;104;143;;jah
1980-10-14;91,5;130;;jah
1980-10-15;80,2;118;;jah
1980-10-16;76,1;114;;jah
1980-10-17;81;119;;jah
1980-10-18;82;120;;jah
1980-10-19;72,5;110;;jah
1980-10-20;70,5;108;;jah
1980-10-21;78;116;;jah
1980-10-22;78;116;;jah
1980-10-23;72,5;110;;jah
1980-10-24;67,5;105;;jah
1980-10-25;75,2;113;;jah
1980-10-26;95,5;134;;jah
1980-10-27;103;142;;jah
1980-10-28;99,5;138;;jah
1980-10-29;107;145;;jah
1980-10-30;129;167;;jah
1980-10-31;125;163;;jah
1980-11-01;112;150;;jah
1980-11-02;90,5;129;;jah
1980-11-03;76,1;114;;jah
1980-11-04;63;100;;jah
1980-11-05;54;90;;jah
1980-11-06;45,8;79;;jah
1980-11-07;40,9;72;;jah
1980-11-08;37;66;;jah
1980-11-09;37,5;67;;jah
1980-11-10;39,5;70;;jah
1980-11-11;35,8;64;;jah
1980-11-12;28,5;52;;jah
1980-11-13;31,5;57;;jah
1980-11-14;32,5;59;;jah
1980-11-15;31,5;57;;jah
1980-11-16;31;56;;jah
1980-11-17;38,3;68;;jah
1980-11-18;81;119;;jah
1980-11-19;186;218;;jah
1980-11-20;206;234;;jah
1980-11-21;186;218;;jah
1980-11-22;191;222;;jah
1980-11-23;215;241;;jah
1980-11-24;218;244;;jah
1980-11-25;194;229;;jah
1980-11-26;166;208;;jah
1980-11-27;116;166;;jah
1980-11-28;98,2;150;;jah
1980-11-29;79;132;;jah
1980-11-30;63,5;117;;jah
1980-12-01;48,5;102;;jah
1980-12-02;49,8;103;;jah
1980-12-03;42,5;95;;jah
1980-12-04;36,2;88;;jah
1980-12-05;35,2;87;;jah
1980-12-06;35;89;;jah
1980-12-07;37;96;;jah
1980-12-08;38,8;101;;jah
1980-12-09;41;106;;jah
1980-12-10;41;106;;jah
1980-12-11;42,1;108;;jah
1980-12-12;43,9;111;;jah
1980-12-13;49,5;120;;jah
1980-12-14;86,5;168;;jah
1980-12-15;149;236;;jah
1980-12-16;171;258;;jah
1980-12-17;174;256;;jah
1980-12-18;161;226;;jah
1980-12-19;153;209;;jah
1980-12-20;146;194;;jah
1980-12-21;142;184;;jah
1980-12-22;130;162;;jah
1980-12-23;111;131;;jah
1980-12-24;89,1;108;;jah
1980-12-25;83,4;102;;jah
1980-12-26;85,3;104;;jah
1980-12-27;97;116;;jah
1980-12-28;95;114;;jah
1980-12-29;95;114;;jah
1980-12-30;109;128;;jah
1980-12-31;141;159;;jah
1981-01-01;237;242;;jah
1981-01-02;248;250;;jah
1981-01-03;215;232;;jah
1981-01-04;173;208;;jah
1981-01-05;153;198;;jah
1981-01-06;134;186;;jah
1981-01-07;116;174;;jah
1981-01-08;102;172;;jah
1981-01-09;89,7;170;;jah
1981-01-10;76,3;142;;jah
1981-01-11;54;127;;jah
1981-01-12;43,6;128;;jah
1981-01-13;37,7;130;;jah
1981-01-14;33,2;126;;jah
1981-01-15;30,7;125;;jah
1981-01-16;30;126;;jah
1981-01-17;30,5;128;;jah
1981-01-18;30,5;128;;jah
1981-01-19;30,5;128;;jah
1981-01-20;32,2;130;;jah
1981-01-21;33;129;;jah
1981-01-22;34,4;130;;jah
1981-01-23;38,3;135;;jah
1981-01-24;39,8;136;;jah
1981-01-25;38,8;130;;jah
1981-01-26;39,6;126;;jah
1981-01-27;41,8;129;;jah
1981-01-28;42,9;138;;jah
1981-01-29;44;132;;jah
1981-01-30;45,1;127;;jah
1981-01-31;46,2;124;;jah
1981-02-01;48,6;127;;jah
1981-02-02;50,8;132;;jah
1981-02-03;53,8;136;;jah
1981-02-04;59,8;148;;jah
1981-02-05;72,8;172;;jah
1981-02-06;81;174;;jah
1981-02-07;75;167;;jah
1981-02-08;71;161;;jah
1981-02-09;68,6;158;;jah
1981-02-10;65,7;152;;jah
1981-02-11;61,4;146;;jah
1981-02-12;57,3;141;;jah
1981-02-13;52,2;135;;jah
1981-02-14;48,2;131;;jah
1981-02-15;43,6;128;;jah
1981-02-16;39,6;126;;jah
1981-02-17;35,7;121;;jah
1981-02-18;32,3;114;;jah
1981-02-19;30,9;110;;jah
1981-02-20;31,3;111;;jah
1981-02-21;31,1;108;;jah
1981-02-22;30,8;106;;jah
1981-02-23;30;104;;jah
1981-02-24;29,1;101;;jah
1981-02-25;28,6;98;;jah
1981-02-26;28;84;;jah
1981-02-27;26;91;;jah
1981-02-28;24;88;;jah
1981-03-01;20;81;;jah
1981-03-02;20;80;;jah
1981-03-03;17;75;;jah
1981-03-04;16;73;;jah
1981-03-05;14;68;;jah
1981-03-06;12;66;;jah
1981-03-07;11;64;;jah
1981-03-08;10;62;;jah
1981-03-09;11;63;;jah
1981-03-10;25,4;70;;jah
1981-03-11;29,1;80;;jah
1981-03-12;30;87;;jah
1981-03-13;31,6;90;;jah
1981-03-14;32,7;92;;jah
1981-03-15;33,2;90;;jah
1981-03-16;33,6;85;;jah
1981-03-17;32,8;82;;jah
1981-03-18;31,9;80;;jah
1981-03-19;30,9;78;;jah
1981-03-20;30,1;75;;jah
1981-03-21;20,6;73;;jah
1981-03-22;28;78;;jah
1981-03-23;40;115;;jah
1981-03-24;79;171;;jah
1981-03-25;150;258;;jah
1981-03-26;186;298;;jah
1981-03-27;186;298;;jah
1981-03-28;179;290;;jah
1981-03-29;169;279;;jah
1981-03-30;163;268;;jah
1981-03-31;159;259;;jah
1981-04-01;149;256;;jah
1981-04-02;167;268;;jah
1981-04-03;187;289;;jah
1981-04-04;204;299;;jah
1981-04-05;209;282;;jah
1981-04-06;190;245;;jah
1981-04-07;240;252;;jah
1981-04-08;256;259;;jah
1981-04-09;255;258;;jah
1981-04-10;243;249;;jah
1981-04-11;230;239;;jah
1981-04-12;221;233;;jah
1981-04-13;213;227;;jah
1981-04-14;209;224;;jah
1981-04-15;209;224;;jah
1981-04-16;191;210;;jah
1981-04-17;167;190;;jah
1981-04-18;140;167;;jah
1981-04-19;116;141;;jah
1981-04-20;101;124;;jah
1981-04-21;89,5;111;;jah
1981-04-22;81,8;102;;jah
1981-04-23;73,9;93;;jah
1981-04-24;64,4;82;;jah
1981-04-25;58;75;;jah
1981-04-26;55,2;72;;jah
1981-04-27;54,5;71;;jah
1981-04-28;64,4;82;;jah
1981-04-29;149;166;;jah
1981-04-30;161;177;;jah
1981-05-01;139;157;;jah
1981-05-02;130;148;;jah
1981-05-03;128;146;;jah
1981-05-04;123;142;;jah
1981-05-05;115;134;;jah
1981-05-06;105;124;;jah
1981-05-07;97;116;;jah
1981-05-08;92;111;;jah
1981-05-09;83,4;102;;jah
1981-05-10;75,8;94;;jah
1981-05-11;71;89;;jah
1981-05-12;73,9;92;;jah
1981-05-13;73,9;92;;jah
1981-05-14;68,2;86;;jah
1981-05-15;58,9;76;;jah
1981-05-16;49,8;66;;jah
1981-05-17;43,6;59;;jah
1981-05-18;39,7;54;;jah
1981-05-19;35,1;48;;jah
1981-05-20;32,2;44;;jah
1981-05-21;29,2;40;;jah
1981-05-22;27,9;38;;jah
1981-05-23;26,5;36;;jah
1981-05-24;25,2;34;;jah
1981-05-25;23,8;32;;jah
1981-05-26;23,2;31;;jah
1981-05-27;26,5;36;;jah
1981-05-28;30,7;42;;jah
1981-05-29;30,7;42;;jah
1981-05-30;29,9;41;;jah
1981-05-31;33,6;46;;jah
1981-06-01;34,8;51;;jah
1981-06-02;32,6;48;;jah
1981-06-03;28,2;42;;jah
1981-06-04;25,4;38;;jah
1981-06-05;22,9;34;;jah
1981-06-06;21,4;32;;jah
1981-06-07;20,2;30;;jah
1981-06-08;19;28;;jah
1981-06-09;18,5;27;;jah
1981-06-10;19,4;29;;jah
1981-06-11;23,7;37;;jah
1981-06-12;29,2;47;;jah
1981-06-13;29,5;48;;jah
1981-06-14;31,3;52;;jah
1981-06-15;47,1;76;;jah
1981-06-16;56,9;90;;jah
1981-06-17;67,1;106;;jah
1981-06-18;104;156;;jah
1981-06-19;142;202;;jah
1981-06-20;140;202;;jah
1981-06-21;142;206;;jah
1981-06-22;133;198;;jah
1981-06-23;113;178;;jah
1981-06-24;101;162;;jah
1981-06-25;93,8;154;;jah
1981-06-26;95,9;157;;jah
1981-06-27;95,2;158;;jah
1981-06-28;85,7;145;;jah
1981-06-29;71,4;124;;jah
1981-06-30;61;110;;jah
1981-07-01;59,3;106;;jah
1981-07-02;60,6;108;;jah
1981-07-03;56,2;100;;jah
1981-07-04;49,7;89;;jah
1981-07-05;44,4;80;;jah
1981-07-06;41,6;74;;jah
1981-07-07;39,4;69;;jah
1981-07-08;34,6;60;;jah
1981-07-09;32,6;56;;jah
1981-07-10;31,2;49;;jah
1981-07-11;28,3;44;;jah
1981-07-12;25,1;38;;jah
1981-07-13;21,7;32;;jah
1981-07-14;20,9;30;;jah
1981-07-15;20,1;28;;jah
1981-07-16;22,1;33;;jah
1981-07-17;27,1;42;;jah
1981-07-18;34;54;;jah
1981-07-19;33;52;;jah
1981-07-20;32,5;51;;jah
1981-07-21;37,5;60;;jah
1981-07-22;52;84;;jah
1981-07-23;58,1;94;;jah
1981-07-24;63;102;;jah
1981-07-25;78,8;126;;jah
1981-07-26;79,8;128;;jah
1981-07-27;88;140;;jah
1981-07-28;87,1;139;;jah
1981-07-29;86,5;138;;jah
1981-07-30;81,5;131;;jah
1981-07-31;80;128;;jah
1981-08-01;80,5;129;;jah
1981-08-02;73;118;;jah
1981-08-03;63;102;;jah
1981-08-04;53,5;86;;jah
1981-08-05;46;74;;jah
1981-08-06;40;64;;jah
1981-08-07;35,5;56;;jah
1981-08-08;33;52;;jah
1981-08-09;32;50;;jah
1981-08-10;41,9;67;;jah
1981-08-11;51,5;80;;jah
1981-08-12;42,5;68;;jah
1981-08-13;35,5;56;;jah
1981-08-14;30,8;48;;jah
1981-08-15;28,2;44;;jah
1981-08-16;28,2;44;;jah
1981-08-17;27,2;42;;jah
1981-08-18;27,2;42;;jah
1981-08-19;29;45;;jah
1981-08-20;54,2;84;;jah
1981-08-21;95;134;;jah
1981-08-22;108;149;;jah
1981-08-23;109;150;;jah
1981-08-24;105;144;;jah
1981-08-25;95;134;;jah
1981-08-26;85;122;;jah
1981-08-27;79,5;115;;jah
1981-08-28;92;130;;jah
1981-08-29;114;155;;jah
1981-08-30;134;177;;jah
1981-08-31;126;168;;jah
1981-09-01;112;152;;jah
1981-09-02;102;140;;jah
1981-09-03;94;129;;jah
1981-09-04;92,8;128;;jah
1981-09-05;92,8;128;;jah
1981-09-06;86;120;;jah
1981-09-07;78;109;;jah
1981-09-08;70;98;;jah
1981-09-09;64;90;;jah
1981-09-10;59;83;;jah
1981-09-11;54,8;77;;jah
1981-09-12;49;69;;jah
1981-09-13;43,5;61;;jah
1981-09-14;40;56;;jah
1981-09-15;40;56;;jah
1981-09-16;38;52;;jah
1981-09-17;35;48;;jah
1981-09-18;34;46;;jah
1981-09-19;32,5;44;;jah
1981-09-20;31,8;42;;jah
1981-09-21;30,2;40;;jah
1981-09-22;34;46;;jah
1981-09-23;40;56;;jah
1981-09-24;57,2;81;;jah
1981-09-25;58;82;;jah
1981-09-26;56,5;80;;jah
1981-09-27;61;86;;jah
1981-09-28;67,5;95;;jah
1981-09-29;66,5;94;;jah
1981-09-30;61,6;87;;jah
1981-10-01;54;78;;jah
1981-10-02;50,2;72;;jah
1981-10-03;45;65;;jah
1981-10-04;40;58;;jah
1981-10-05;42;60;;jah
1981-10-06;51,3;70;;jah
1981-10-07;65,2;85;;jah
1981-10-08;80,8;101;;jah
1981-10-09;130;149;;jah
1981-10-10;172;185;;jah
1981-10-11;180;191;;jah
1981-10-12;204;210;;jah
1981-10-13;238;235;;jah
1981-10-14;238;235;;jah
1981-10-15;225;226;;jah
1981-10-16;209;212;;jah
1981-10-17;198;204;;jah
1981-10-18;197;203;;jah
1981-10-19;188;196;;jah
1981-10-20;175;186;;jah
1981-10-21;165;179;;jah
1981-10-22;160;176;;jah
1981-10-23;172;189;;jah
1981-10-24;225;233;;jah
1981-10-25;233;241;;jah
1981-10-26;233;243;;jah
1981-10-27;328;303;;jah
1981-10-28;327;304;;jah
1981-10-29;288;284;;jah
1981-10-30;300;291;;jah
1981-10-31;295;290;;jah
1981-11-01;269;274;;jah
1981-11-02;258;266;;jah
1981-11-03;228;244;;jah
1981-11-04;201;224;;jah
1981-11-05;181;208;;jah
1981-11-06;169;196;;jah
1981-11-07;165;192;;jah
1981-11-08;155;184;;jah
1981-11-09;140;169;;jah
1981-11-10;130;158;;jah
1981-11-11;121;148;;jah
1981-11-12;111;137;;jah
1981-11-13;113;138;;jah
1981-11-14;111;136;;jah
1981-11-15;108;131;;jah
1981-11-16;102;124;;jah
1981-11-17;95,1;116;;jah
1981-11-18;89,2;110;;jah
1981-11-19;84,4;104;;jah
1981-11-20;77,7;96;;jah
1981-11-21;93;112;;jah
1981-11-22;178;191;;jah
1981-11-23;219;224;;jah
1981-11-24;223;227;;jah
1981-11-25;235;237;;jah
1981-11-26;259;254;;jah
1981-11-27;238;241;;jah
1981-11-28;223;232;;jah
1981-11-29;197;214;;jah
1981-11-30;167;191;;jah
1981-12-01;153;178;;jah
1981-12-02;140;167;;jah
1981-12-03;131;158;;jah
1981-12-04;141;168;;jah
1981-12-05;151;176;;jah
1981-12-06;139;166;;jah
1981-12-07;117;148;;jah
1981-12-08;93,1;126;;jah
1981-12-09;83,4;116;;jah
1981-12-10;74,4;110;;jah
1981-12-11;71,4;99;;jah
1981-12-12;68,4;90;;jah
1981-12-13;65,4;96;;jah
1981-12-14;62,4;130;;jah
1981-12-15;59,4;136;;jah
1981-12-16;56,4;137;;jah
1981-12-17;53,4;138;;jah
1981-12-18;50,4;140;;jah
1981-12-19;47,4;146;;jah
1981-12-20;44,2;150;;jah
1981-12-21;43,7;151;;jah
1981-12-22;43,1;150;;jah
1981-12-23;42,6;151;;jah
1981-12-24;42;151;;jah
1981-12-25;41,5;140;;jah
1981-12-26;41;140;;jah
1981-12-27;40,4;132;;jah
1981-12-28;39,9;126;;jah
1981-12-29;39,4;124;;jah
1981-12-30;38,8;124;;jah
1981-12-31;38,3;126;;jah
1982-01-01;38,2;122;;jah
1982-01-02;37,8;120;;jah
1982-01-03;38,9;124;;jah
1982-01-04;38,9;124;;jah
1982-01-05;38,2;122;;jah
1982-01-06;38,2;122;;jah
1982-01-07;38,5;123;;jah
1982-01-08;39,5;127;;jah
1982-01-09;39,3;126;;jah
1982-01-10;38,2;122;;jah
1982-01-11;37;116;;jah
1982-01-12;35,9;112;;jah
1982-01-13;34,9;108;;jah
1982-01-14;34,4;106;;jah
1982-01-15;32,9;100;;jah
1982-01-16;31,9;96;;jah
1982-01-17;31,2;94;;jah
1982-01-18;30,3;90;;jah
1982-01-19;29,7;88;;jah
1982-01-20;28,6;84;;jah
1982-01-21;28,2;83;;jah
1982-01-22;28,6;84;;jah
1982-01-23;27,2;79;;jah
1982-01-24;26,4;76;;jah
1982-01-25;26,3;75;;jah
1982-01-26;25,9;74;;jah
1982-01-27;25,7;72;;jah
1982-01-28;25,7;72;;jah
1982-01-29;25,7;72;;jah
1982-01-30;25,7;72;;jah
1982-01-31;25,7;72;;jah
1982-02-01;25;71;;jah
1982-02-02;25,7;72;;jah
1982-02-03;25,7;72;;jah
1982-02-04;25,7;72;;jah
1982-02-05;25,7;72;;jah
1982-02-06;25,7;72;;jah
1982-02-07;25,3;71;;jah
1982-02-08;24,9;70;;jah
1982-02-09;24,9;70;;jah
1982-02-10;20,8;68;;jah
1982-02-11;20,8;68;;jah
1982-02-12;20,8;72;;jah
1982-02-13;21,2;74;;jah
1982-02-14;22;76;;jah
1982-02-15;22,9;78;;jah
1982-02-16;24;79;;jah
1982-02-17;25;80;;jah
1982-02-18;26,3;80;;jah
1982-02-19;27,5;80;;jah
1982-02-20;28;80;;jah
1982-02-21;28;78;;jah
1982-02-22;27,8;77;;jah
1982-02-23;27,6;76;;jah
1982-02-24;27,3;75;;jah
1982-02-25;26,7;75;;jah
1982-02-26;25,8;74;;jah
1982-02-27;25;73;;jah
1982-02-28;24;70;;jah
1982-03-01;20,2;64;;jah
1982-03-02;20,6;64;;jah
1982-03-03;23;70;;jah
1982-03-04;25,5;75;;jah
1982-03-05;32,1;91;;jah
1982-03-06;41,8;112;;jah
1982-03-07;44,6;116;;jah
1982-03-08;43,7;114;;jah
1982-03-09;46,1;117;;jah
1982-03-10;46,6;116;;jah
1982-03-11;46,6;114;;jah
1982-03-12;47,5;114;;jah
1982-03-13;46,5;112;;jah
1982-03-14;46,4;110;;jah
1982-03-15;49,4;114;;jah
1982-03-16;53,5;120;;jah
1982-03-17;63,2;136;;jah
1982-03-18;79,8;163;;jah
1982-03-19;92,4;181;;jah
1982-03-20;101;188;;jah
1982-03-21;101;188;;jah
1982-03-22;102;187;;jah
1982-03-23;99,1;183;;jah
1982-03-24;101;183;;jah
1982-03-25;103;186;;jah
1982-03-26;123;209;;jah
1982-03-27;171;265;;jah
1982-03-28;252;330;;jah
1982-03-29;297;348;;jah
1982-03-30;283;317;;jah
1982-03-31;320;283;;jah
1982-04-01;306;272;;jah
1982-04-02;314;277;;jah
1982-04-03;318;279;;jah
1982-04-04;316;278;;jah
1982-04-05;310;274;;jah
1982-04-06;294;264;;jah
1982-04-07;266;246;;jah
1982-04-08;246;234;;jah
1982-04-09;318;279;;jah
1982-04-10;330;288;;jah
1982-04-11;314;276;;jah
1982-04-12;294;264;;jah
1982-04-13;277;253;;jah
1982-04-14;246;234;;jah
1982-04-15;228;220;;jah
1982-04-16;210;206;;jah
1982-04-17;190;190;;jah
1982-04-18;179;182;;jah
1982-04-19;169;174;;jah
1982-04-20;161;168;;jah
1982-04-21;145;154;;jah
1982-04-22;130;140;;jah
1982-04-23;121;132;;jah
1982-04-24;104;116;;jah
1982-04-25;96;108;;jah
1982-04-26;90;103;;jah
1982-04-27;84,1;97;;jah
1982-04-28;79,5;93;;jah
1982-04-29;76;90;;jah
1982-04-30;76;90;;jah
1982-05-01;69;83;;jah
1982-05-02;63,7;77;;jah
1982-05-03;60,5;74;;jah
1982-05-04;57,6;71;;jah
1982-05-05;59,5;73;;jah
1982-05-06;58,5;72;;jah
1982-05-07;54,8;68;;jah
1982-05-08;50,4;63;;jah
1982-05-09;44,7;56;;jah
1982-05-10;38;51;;jah
1982-05-11;35;48;;jah
1982-05-12;32,5;44;;jah
1982-05-13;30,1;40;;jah
1982-05-14;29;39;;jah
1982-05-15;28,6;38;;jah
1982-05-16;27,6;36;;jah
1982-05-17;25,4;32;;jah
1982-05-18;24,1;30;;jah
1982-05-19;25,4;32;;jah
1982-05-20;26,4;34;;jah
1982-05-21;25,4;32;;jah
1982-05-22;24,1;30;;jah
1982-05-23;23,6;29;;jah
1982-05-24;25,4;32;;jah
1982-05-25;25,4;32;;jah
1982-05-26;24,8;31;;jah
1982-05-27;24,1;30;;jah
1982-05-28;23;28;;jah
1982-05-29;22;26;;jah
1982-05-30;20,9;24;;jah
1982-05-31;19,9;22;;jah
1982-06-01;19,9;22;;jah
1982-06-02;18,6;20;;jah
1982-06-03;17,6;18;;jah
1982-06-04;17;17;;jah
1982-06-05;16,4;16;;jah
1982-06-06;16,4;16;;jah
1982-06-07;15,9;15;;jah
1982-06-08;15,9;15;;jah
1982-06-09;15,9;15;;jah
1982-06-10;15,2;14;;jah
1982-06-11;16,4;16;;jah
1982-06-12;15,9;15;;jah
1982-06-13;15,2;14;;jah
1982-06-14;15,2;14;;jah
1982-06-15;15,2;14;;jah
1982-06-16;23;28;;jah
1982-06-17;73;97;;jah
1982-06-18;84,3;110;;jah
1982-06-19;65;88;;jah
1982-06-20;53,5;74;;jah
1982-06-21;43;60;;jah
1982-06-22;40;56;;jah
1982-06-23;47,5;66;;jah
1982-06-24;44,5;62;;jah
1982-06-25;37,5;50;;jah
1982-06-26;34,3;47;;jah
1982-06-27;31,3;42;;jah
1982-06-28;27,5;36;;jah
1982-06-29;28,6;38;;jah
1982-06-30;33,2;45;;jah
1982-07-01;40,8;57;;jah
1982-07-02;36;50;;jah
1982-07-03;34,6;47;;jah
1982-07-04;36;50;;jah
1982-07-05;35;48;;jah
1982-07-06;36,9;51;;jah
1982-07-07;35,5;49;;jah
1982-07-08;33;45;;jah
1982-07-09;31,6;43;;jah
1982-07-10;33,6;46;;jah
1982-07-11;32,6;44;;jah
1982-07-12;28,6;38;;jah
1982-07-13;25,4;32;;jah
1982-07-14;23;28;;jah
1982-07-15;20,9;24;;jah
1982-07-16;19,9;22;;jah
1982-07-17;18,2;19;;jah
1982-07-18;16,4;16;;jah
1982-07-19;16,4;16;;jah
1982-07-20;15,9;15;;jah
1982-07-21;15,2;14;;jah
1982-07-22;14,6;13;;jah
1982-07-23;14,2;12;;jah
1982-07-24;13,5;11;;jah
1982-07-25;13,5;11;;jah
1982-07-26;13;10;;jah
1982-07-27;13;10;;jah
1982-07-28;13;10;;jah
1982-07-29;12,6;9;;jah
1982-07-30;12;8;;jah
1982-07-31;11,5;7;;jah
1982-08-01;10,3;7;;jah
1982-08-02;10;6;;jah
1982-08-03;10;6;;jah
1982-08-04;9,6;5;;jah
1982-08-05;9,1;4;;jah
1982-08-06;9,1;4;;jah
1982-08-07;9,1;4;;jah
1982-08-08;9,1;4;;jah
1982-08-09;9,1;4;;jah
1982-08-10;9,1;4;;jah
1982-08-11;9,1;4;;jah
1982-08-12;9,1;4;;jah
1982-08-13;9,1;4;;jah
1982-08-14;9,1;4;;jah
1982-08-15;9,6;5;;jah
1982-08-16;9,6;5;;jah
1982-08-17;10;6;;jah
1982-08-18;10;6;;jah
1982-08-19;10;6;;jah
1982-08-20;10,8;8;;jah
1982-08-21;10,8;8;;jah
1982-08-22;12;10;;jah
1982-08-23;13,5;13;;jah
1982-08-24;13,5;13;;jah
1982-08-25;15;16;;jah
1982-08-26;15;16;;jah
1982-08-27;14;14;;jah
1982-08-28;14;14;;jah
1982-08-29;13,5;13;;jah
1982-08-30;13,5;13;;jah
1982-08-31;13,5;13;;jah
1982-09-01;13;12;;jah
1982-09-02;12;10;;jah
1982-09-03;13,5;13;;jah
1982-09-04;17,5;20;;jah
1982-09-05;40,5;53;;jah
1982-09-06;53,6;69;;jah
1982-09-07;46;60;;jah
1982-09-08;39,5;52;;jah
1982-09-09;36,5;48;;jah
1982-09-10;35;46;;jah
1982-09-11;34,3;45;;jah
1982-09-12;32;42;;jah
1982-09-13;27,5;36;;jah
1982-09-14;23,5;30;;jah
1982-09-15;22;28;;jah
1982-09-16;19,5;24;;jah
1982-09-17;18,6;22;;jah
1982-09-18;17,5;20;;jah
1982-09-19;16,1;18;;jah
1982-09-20;16,1;18;;jah
1982-09-21;15;16;;jah
1982-09-22;15;16;;jah
1982-09-23;15;16;;jah
1982-09-24;15;16;;jah
1982-09-25;14,5;15;;jah
1982-09-26;14;14;;jah
1982-09-27;13,5;13;;jah
1982-09-28;13;12;;jah
1982-09-29;13;12;;jah
1982-09-30;12,2;11;;jah
1982-10-01;12;10;;jah
1982-10-02;12;10;;jah
1982-10-03;12;10;;jah
1982-10-04;12,2;11;;jah
1982-10-05;12;10;;jah
1982-10-06;12;10;;jah
1982-10-07;12;10;;jah
1982-10-08;12;10;;jah
1982-10-09;12;10;;jah
1982-10-10;12,2;11;;jah
1982-10-11;13;12;;jah
1982-10-12;13;12;;jah
1982-10-13;12;10;;jah
1982-10-14;12;10;;jah
1982-10-15;13,5;13;;jah
1982-10-16;19;23;;jah
1982-10-17;27;35;;jah
1982-10-18;29;38;;jah
1982-10-19;26,3;34;;jah
1982-10-20;23,5;30;;jah
1982-10-21;27,5;36;;jah
1982-10-22;45;59;;jah
1982-10-23;49,3;64;;jah
1982-10-24;42,7;56;;jah
1982-10-25;39,5;52;;jah
1982-10-26;44,5;58;;jah
1982-10-27;49,3;64;;jah
1982-10-28;48,5;63;;jah
1982-10-29;44,5;58;;jah
1982-10-30;40,5;53;;jah
1982-10-31;36,5;48;;jah
1982-11-01;32;42;;jah
1982-11-02;32;42;;jah
1982-11-03;39,5;52;;jah
1982-11-04;42,7;56;;jah
1982-11-05;41,2;54;;jah
1982-11-06;39,5;52;;jah
1982-11-07;36,5;48;;jah
1982-11-08;33,4;44;;jah
1982-11-09;33,4;44;;jah
1982-11-10;33,4;44;;jah
1982-11-11;33,4;44;;jah
1982-11-12;33,4;44;;jah
1982-11-13;32;42;;jah
1982-11-14;30,4;40;;jah
1982-11-15;29,5;39;;jah
1982-11-16;30,4;40;;jah
1982-11-17;33,4;44;;jah
1982-11-18;33,4;44;;jah
1982-11-19;33,4;44;;jah
1982-11-20;44,5;58;;jah
1982-11-21;69,3;86;;jah
1982-11-22;102;118;;jah
1982-11-23;104;120;;jah
1982-11-24;105;121;;jah
1982-11-25;101;117;;jah
1982-11-26;93,4;110;;jah
1982-11-27;89;106;;jah
1982-11-28;79;96;;jah
1982-11-29;69,3;86;;jah
1982-11-30;63,9;80;;jah
1982-12-01;51,1;66;;jah
1982-12-02;41,9;55;;jah
1982-12-03;32,5;43;;jah
1982-12-04;29,5;39;;jah
1982-12-05;29;38;;jah
1982-12-06;29,5;39;;jah
1982-12-07;34,4;45;;jah
1982-12-08;38,6;51;;jah
1982-12-09;32,5;43;;jah
1982-12-10;31,9;42;;jah
1982-12-11;35,2;48;;jah
1982-12-12;36,5;53;;jah
1982-12-13;40;61;;jah
1982-12-14;40,5;62;;jah
1982-12-15;36,5;53;;jah
1982-12-16;36,2;52;;jah
1982-12-17;40,5;62;;jah
1982-12-18;40,5;62;;jah
1982-12-19;40;61;;jah
1982-12-20;40;61;;jah
1982-12-21;42;64;;jah
1982-12-22;46,8;70;;jah
1982-12-23;61,9;88;;jah
1982-12-24;70,4;97;;jah
1982-12-25;77;104;;jah
1982-12-26;77;104;;jah
1982-12-27;87;114;;jah
1982-12-28;111;136;;jah
1982-12-29;115;140;;jah
1982-12-30;104;130;;jah
1982-12-31;86;113;;jah
1983-01-01;83;100;;jah
1983-01-02;70;90;;jah
1983-01-03;59;81;;jah
1983-01-04;55;78;;jah
1983-01-05;48;71;;jah
1983-01-06;49;72;;jah
1983-01-07;69;89;;jah
1983-01-08;115;126;;jah
1983-01-09;129;138;;jah
1983-01-10;133;141;;jah
1983-01-11;130;139;;jah
1983-01-12;117;128;;jah
1983-01-13;117;128;;jah
1983-01-14;129;138;;jah
1983-01-15;157;164;;jah
1983-01-16;156;162;;jah
1983-01-17;141;148;;jah
1983-01-18;129;138;;jah
1983-01-19;127;136;;jah
1983-01-20;107;119;;jah
1983-01-21;82;99;;jah
1983-01-22;78,1;96;;jah
1983-01-23;65;86;;jah
1983-01-24;78,1;96;;jah
1983-01-25;86;102;;jah
1983-01-26;93;108;;jah
1983-01-27;129;138;;jah
1983-01-28;157;168;;jah
1983-01-29;157;184;;jah
1983-01-30;158;169;;jah
1983-01-31;155;160;;jah
1983-02-01;141;156;;jah
1983-02-02;136;153;;jah
1983-02-03;122;147;;jah
1983-02-04;108;138;;jah
1983-02-05;92;128;;jah
1983-02-06;86,2;124;;jah
1983-02-07;80;120;;jah
1983-02-08;72,2;123;;jah
1983-02-09;60,5;150;;jah
1983-02-10;55,4;168;;jah
1983-02-11;52,4;173;;jah
1983-02-12;49,4;178;;jah
1983-02-13;46,4;180;;jah
1983-02-14;43,2;172;;jah
1983-02-15;40;165;;jah
1983-02-16;37,1;166;;jah
1983-02-17;34;156;;jah
1983-02-18;31;152;;jah
1983-02-19;28,1;140;;jah
1983-02-20;25,4;128;;jah
1983-02-21;25,1;124;;jah
1983-02-22;24,9;120;;jah
1983-02-23;24,6;118;;jah
1983-02-24;24,3;115;;jah
1983-02-25;24;113;;jah
1983-02-26;23,8;109;;jah
1983-02-27;23,5;105;;jah
1983-02-28;23,2;99;;jah
1983-03-01;25;89;;jah
1983-03-02;23,8;84;;jah
1983-03-03;19,2;84;;jah
1983-03-04;17,6;78;;jah
1983-03-05;16;72;;jah
1983-03-06;16,3;73;;jah
1983-03-07;16,5;74;;jah
1983-03-08;16;72;;jah
1983-03-09;15,5;70;;jah
1983-03-10;14,2;67;;jah
1983-03-11;13,7;65;;jah
1983-03-12;15;68;;jah
1983-03-13;14,9;66;;jah
1983-03-14;13,3;60;;jah
1983-03-15;13,8;60;;jah
1983-03-16;14,8;62;;jah
1983-03-17;15,9;66;;jah
1983-03-18;19,1;75;;jah
1983-03-19;24,8;91;;jah
1983-03-20;33,2;114;;jah
1983-03-21;45;130;;jah
1983-03-22;50,5;134;;jah
1983-03-23;45;130;;jah
1983-03-24;43,1;124;;jah
1983-03-25;50;133;;jah
1983-03-26;74,1;160;;jah
1983-03-27;81,2;178;;jah
1983-03-28;100;186;;jah
1983-03-29;105;190;;jah
1983-03-30;120;200;;jah
1983-03-31;152;222;;jah
1983-04-01;198;248;;jah
1983-04-02;288;294;;jah
1983-04-03;366;322;;jah
1983-04-04;335;298;;jah
1983-04-05;339;300;;jah
1983-04-06;320;288;;jah
1983-04-07;300;278;;jah
1983-04-08;280;266;;jah
1983-04-09;243;240;;jah
1983-04-10;217;222;;jah
1983-04-11;201;211;;jah
1983-04-12;190;202;;jah
1983-04-13;171;185;;jah
1983-04-14;123;142;;jah
1983-04-15;114;134;;jah
1983-04-16;107;126;;jah
1983-04-17;97,2;116;;jah
1983-04-18;93,3;109;;jah
1983-04-19;85,3;102;;jah
1983-04-20;85,3;102;;jah
1983-04-21;81;99;;jah
1983-04-22;78;96;;jah
1983-04-23;75,2;92;;jah
1983-04-24;72;88;;jah
1983-04-25;65;82;;jah
1983-04-26;60;76;;jah
1983-04-27;56;72;;jah
1983-04-28;53,3;67;;jah
1983-04-29;48;62;;jah
1983-04-30;44,1;58;;jah
1983-05-01;44,1;55;;jah
1983-05-02;40,6;53;;jah
1983-05-03;38,4;52;;jah
1983-05-04;38;53;;jah
1983-05-05;37;52;;jah
1983-05-06;36,1;49;;jah
1983-05-07;33;44;;jah
1983-05-08;30;39;;jah
1983-05-09;30;38;;jah
1983-05-10;29;36;;jah
1983-05-11;28;34;;jah
1983-05-12;28;34;;jah
1983-05-13;30;39;;jah
1983-05-14;31;41;;jah
1983-05-15;32;42;;jah
1983-05-16;31;40;;jah
1983-05-17;30;39;;jah
1983-05-18;34;45;;jah
1983-05-19;37;52;;jah
1983-05-20;38;53;;jah
1983-05-21;37;52;;jah
1983-05-22;36;50;;jah
1983-05-23;33;44;;jah
1983-05-24;29;36;;jah
1983-05-25;26;32;;jah
1983-05-26;25;26;;jah
1983-05-27;24;24;;jah
1983-05-28;31;41;;jah
1983-05-29;38;53;;jah
1983-05-30;51;72;;jah
1983-05-31;62;85;;jah
1983-06-01;54,1;82;;jah
1983-06-02;51;78;;jah
1983-06-03;45,4;70;;jah
1983-06-04;42,3;66;;jah
1983-06-05;38,6;60;;jah
1983-06-06;37,2;56;;jah
1983-06-07;35,1;52;;jah
1983-06-08;31,9;46;;jah
1983-06-09;30,1;42;;jah
1983-06-10;28,2;38;;jah
1983-06-11;29,2;40;;jah
1983-06-12;26,5;36;;jah
1983-06-13;24;33;;jah
1983-06-14;21,1;29;;jah
1983-06-15;18,4;25;;jah
1983-06-16;17,3;24;;jah
1983-06-17;22,4;35;;jah
1983-06-18;21,9;65;;jah
1983-06-19;36,9;60;;jah
1983-06-20;34,1;57;;jah
1983-06-21;31,3;52;;jah
1983-06-22;27,9;46;;jah
1983-06-23;24,8;40;;jah
1983-06-24;22,4;35;;jah
1983-06-25;20;30;;jah
1983-06-26;19,5;28;;jah
1983-06-27;19,9;28;;jah
1983-06-28;20,1;28;;jah
1983-06-29;20,5;28;;jah
1983-06-30;20,5;28;;jah
1983-07-01;21;28;;jah
1983-07-02;20;26;;jah
1983-07-03;18,4;24;;jah
1983-07-04;17,2;22;;jah
1983-07-05;16;20;;jah
1983-07-06;14,9;18;;jah
1983-07-07;14,4;18;;jah
1983-07-08;12,8;16;;jah
1983-07-09;10,7;14;;jah
1983-07-10;10,4;14;;jah
1983-07-11;9,9;12;;jah
1983-07-12;8,92;9;;jah
1983-07-13;8,82;8;;jah
1983-07-14;8,39;6;;jah
1983-07-15;8,5;6;;jah
1983-07-16;8,61;6;;jah
1983-07-17;8,96;7;;jah
1983-07-18;8,94;6;;jah
1983-07-19;9,05;6;;jah
1983-07-20;8,9;5;;jah
1983-07-21;8,9;5;;jah
1983-07-22;8,9;5;;jah
1983-07-23;9,16;6;;jah
1983-07-24;9,05;6;;jah
1983-07-25;9,05;6;;jah
1983-07-26;8,69;5;;jah
1983-07-27;8,45;4;;jah
1983-07-28;8,34;4;;jah
1983-07-29;8,07;3;;jah
1983-07-30;7,71;2;;jah
1983-07-31;7,71;2;;jah
1983-08-01;8,14;4;;jah
1983-08-02;7,77;3;;jah
1983-08-03;7,67;3;;jah
1983-08-04;7,57;3;;jah
1983-08-05;7,23;2;;jah
1983-08-06;7,13;2;;jah
1983-08-07;7,52;4;;jah
1983-08-08;6,94;2;;jah
1983-08-09;6,62;1;;jah
1983-08-10;6,3;0;;jah
1983-08-11;5,77;-2;;jah
1983-08-12;5,47;-3;;jah
1983-08-13;5,68;-2;;jah
1983-08-14;5,6;-2;;jah
1983-08-15;5,39;-3;;jah
1983-08-16;5,31;-3;;jah
1983-08-17;5,31;-3;;jah
1983-08-18;5,23;-3;;jah
1983-08-19;5,23;-3;;jah
1983-08-20;5,23;-3;;jah
1983-08-21;5,2;-4;;jah
1983-08-22;5,2;-4;;jah
1983-08-23;5,23;-5;;jah
1983-08-24;5,23;-5;;jah
1983-08-25;5,31;-5;;jah
1983-08-26;5,12;-6;;jah
1983-08-27;5,12;-6;;jah
1983-08-28;5,2;-6;;jah
1983-08-29;5,2;-6;;jah
1983-08-30;5,27;-6;;jah
1983-08-31;5,27;-6;;jah
1983-09-01;5,27;-6;;jah
1983-09-02;5,12;-6;;jah
1983-09-03;4,97;-6;;jah
1983-09-04;4,89;-6;;jah
1983-09-05;4,74;-6;;jah
1983-09-06;4,84;-5;;jah
1983-09-07;5,5;1;;jah
1983-09-08;5,88;3;;jah
1983-09-09;5,88;3;;jah
1983-09-10;5,59;2;;jah
1983-09-11;5,49;2;;jah
1983-09-12;5,49;2;;jah
1983-09-13;5,87;4;;jah
1983-09-14;5,87;4;;jah
1983-09-15;5,58;3;;jah
1983-09-16;5,58;3;;jah
1983-09-17;5,48;3;;jah
1983-09-18;5,66;4;;jah
1983-09-19;6;6;;jah
1983-09-20;6;6;;jah
1983-09-21;5,6;4;;jah
1983-09-22;5,6;4;;jah
1983-09-23;5,78;5;;jah
1983-09-24;6,5;6;;jah
1983-09-25;11,1;13;;jah
1983-09-26;15;16;;jah
1983-09-27;15;16;;jah
1983-09-28;15;16;;jah
1983-09-29;10,2;12;;jah
1983-09-30;9,38;11;;jah
1983-10-01;9,39;10;;jah
1983-10-02;9,39;10;;jah
1983-10-03;9,39;10;;jah
1983-10-04;8,5;9;;jah
1983-10-05;8,5;9;;jah
1983-10-06;9,39;10;;jah
1983-10-07;12;14;;jah
1983-10-08;15,6;20;;jah
1983-10-09;21;26;;jah
1983-10-10;24,4;31;;jah
1983-10-11;28,1;36;;jah
1983-10-12;32,3;42;;jah
1983-10-13;50;66;;jah
1983-10-14;56;74;;jah
1983-10-15;52,8;70;;jah
1983-10-16;50;66;;jah
1983-10-17;46,9;62;;jah
1983-10-18;43,9;58;;jah
1983-10-19;42,3;56;;jah
1983-10-20;40;53;;jah
1983-10-21;49,5;68;;jah
1983-10-22;56;76;;jah
1983-10-23;51;71;;jah
1983-10-24;44,6;64;;jah
1983-10-25;36,1;54;;jah
1983-10-26;36,4;55;;jah
1983-10-27;46,7;69;;jah
1983-10-28;65,8;92;;jah
1983-10-29;94,2;126;;jah
1983-10-30;85,4;116;;jah
1983-10-31;85,4;116;;jah
1983-11-01;110;144;;jah
1983-11-02;117;150;;jah
1983-11-03;128;159;;jah
1983-11-04;123;152;;jah
1983-11-05;112;139;;jah
1983-11-06;90,2;114;;jah
1983-11-07;80,1;102;;jah
1983-11-08;71,5;91;;jah
1983-11-09;63,8;82;;jah
1983-11-10;58,3;76;;jah
1983-11-11;52,9;70;;jah
1983-11-12;47,5;64;;jah
1983-11-13;40,9;56;;jah
1983-11-14;34,7;48;;jah
1983-11-15;28,2;39;;jah
1983-11-16;33,3;46;;jah
1983-11-17;37,8;52;;jah
1983-11-18;36,2;50;;jah
1983-11-19;39,3;54;;jah
1983-11-20;52,9;70;;jah
1983-11-21;111;131;;jah
1983-11-22;122;143;;jah
1983-11-23;108;130;;jah
1983-11-24;101;125;;jah
1983-11-25;104;133;;jah
1983-11-26;102;136;;jah
1983-11-27;125;166;;jah
1983-11-28;117;164;;jah
1983-11-29;95,8;145;;jah
1983-11-30;64,2;112;;jah
1983-12-01;73,5;124;;jah
1983-12-02;125;189;;jah
1983-12-03;146;206;;jah
1983-12-04;156;210;;jah
1983-12-05;154;202;;jah
1983-12-06;149;192;;jah
1983-12-07;124;164;;jah
1983-12-08;113;148;;jah
1983-12-09;109;142;;jah
1983-12-10;124;154;;jah
1983-12-11;122;154;;jah
1983-12-12;93,2;130;;jah
1983-12-13;78,2;118;;jah
1983-12-14;72,3;118;;jah
1983-12-15;75,5;130;;jah
1983-12-16;76,2;138;;jah
1983-12-17;67,3;135;;jah
1983-12-18;60,7;138;;jah
1983-12-19;53,6;152;;jah
1983-12-20;47,8;163;;jah
1983-12-21;45,6;152;;jah
1983-12-22;45,8;149;;jah
1983-12-23;49,9;146;;jah
1983-12-24;58,1;150;;jah
1983-12-25;72,5;163;;jah
1983-12-26;82,6;170;;jah
1983-12-27;87,3;165;;jah
1983-12-28;90,9;160;;jah
1983-12-29;93,2;155;;jah
1983-12-30;90,4;149;;jah
1983-12-31;91,1;150;;jah
1984-01-01;108;174;;jah
1984-01-02;168;240;;jah
1984-01-03;184;256;;jah
1984-01-04;185;254;;jah
1984-01-05;191;260;;jah
1984-01-06;185;254;;jah
1984-01-07;173;242;;jah
1984-01-08;165;232;;jah
1984-01-09;163;230;;jah
1984-01-10;151;218;;jah
1984-01-11;139;205;;jah
1984-01-12;130;193;;jah
1984-01-13;132;182;;jah
1984-01-14;123;180;;jah
1984-01-15;112;165;;jah
1984-01-16;100;150;;jah
1984-01-17;93,2;140;;jah
1984-01-18;87;132;;jah
1984-01-19;80,6;125;;jah
1984-01-20;69,3;118;;jah
1984-01-21;47,5;114;;jah
1984-01-22;40;110;;jah
1984-01-23;40,7;116;;jah
1984-01-24;38,8;116;;jah
1984-01-25;40,4;119;;jah
1984-01-26;42,5;128;;jah
1984-01-27;43,3;130;;jah
1984-01-28;40,2;122;;jah
1984-01-29;38,6;118;;jah
1984-01-30;40,2;122;;jah
1984-01-31;42,1;127;;jah
1984-02-01;43,2;127;;jah
1984-02-02;46,3;132;;jah
1984-02-03;46,6;130;;jah
1984-02-04;46,9;128;;jah
1984-02-05;45,3;122;;jah
1984-02-06;45,4;120;;jah
1984-02-07;44,6;116;;jah
1984-02-08;43,7;114;;jah
1984-02-09;40,5;109;;jah
1984-02-10;38,4;106;;jah
1984-02-11;37,9;105;;jah
1984-02-12;36,7;104;;jah
1984-02-13;34,2;102;;jah
1984-02-14;32,6;100;;jah
1984-02-15;30,2;98;;jah
1984-02-16;28;101;;jah
1984-02-17;27,3;104;;jah
1984-02-18;25,9;102;;jah
1984-02-19;24,4;100;;jah
1984-02-20;25,6;104;;jah
1984-02-21;27;109;;jah
1984-02-22;26,2;106;;jah
1984-02-23;25,6;104;;jah
1984-02-24;26,4;104;;jah
1984-02-25;26,7;102;;jah
1984-02-26;25,9;97;;jah
1984-02-27;24,1;89;;jah
1984-02-28;20,6;76;;jah
1984-02-29;18,4;69;;jah
1984-03-01;17,8;64;;jah
1984-03-02;18,7;64;;jah
1984-03-03;19,9;66;;jah
1984-03-04;21,4;66;;jah
1984-03-05;22,4;66;;jah
1984-03-06;22,9;66;;jah
1984-03-07;23,9;66;;jah
1984-03-08;24,4;66;;jah
1984-03-09;24,9;66;;jah
1984-03-10;25,4;66;;jah
1984-03-11;24,5;64;;jah
1984-03-12;24;62;;jah
1984-03-13;23,6;61;;jah
1984-03-14;22,7;59;;jah
1984-03-15;22,3;58;;jah
1984-03-16;21,5;56;;jah
1984-03-17;21,9;56;;jah
1984-03-18;21;54;;jah
1984-03-19;20,2;52;;jah
1984-03-20;19;49;;jah
1984-03-21;18,2;47;;jah
1984-03-22;17,8;46;;jah
1984-03-23;16,7;44;;jah
1984-03-24;16;42;;jah
1984-03-25;15,2;41;;jah
1984-03-26;14,6;40;;jah
1984-03-27;14;38;;jah
1984-03-28;13,2;36;;jah
1984-03-29;14;38;;jah
1984-03-30;14,7;41;;jah
1984-03-31;18,3;51;;jah
1984-04-01;40;96;;jah
1984-04-02;77,2;167;;jah
1984-04-03;108;214;;jah
1984-04-04;153;275;;jah
1984-04-05;245;378;;jah
1984-04-06;298;388;;jah
1984-04-07;245;271;;jah
1984-04-08;390;334;;jah
1984-04-09;427;339;;jah
1984-04-10;412;330;;jah
1984-04-11;406;318;;jah
1984-04-12;385;300;;jah
1984-04-13;355;274;;jah
1984-04-14;300;236;;jah
1984-04-15;284;225;;jah
1984-04-16;264;210;;jah
1984-04-17;222;182;;jah
1984-04-18;165;145;;jah
1984-04-19;140;130;;jah
1984-04-20;97,1;106;;jah
1984-04-21;93;100;;jah
1984-04-22;84,1;92;;jah
1984-04-23;69;78;;jah
1984-04-24;61;70;;jah
1984-04-25;56;66;;jah
1984-04-26;52;62;;jah
1984-04-27;52;62;;jah
1984-04-28;49;59;;jah
1984-04-29;46,1;56;;jah
1984-04-30;43;53;;jah
1984-05-01;40;50;;jah
1984-05-02;38,2;48;;jah
1984-05-03;36,3;46;;jah
1984-05-04;35,1;44;;jah
1984-05-05;35,1;44;;jah
1984-05-06;38,2;48;;jah
1984-05-07;36,3;46;;jah
1984-05-08;33;41;;jah
1984-05-09;31;38;;jah
1984-05-10;29,9;36;;jah
1984-05-11;28,1;34;;jah
1984-05-12;27;33;;jah
1984-05-13;26,3;31;;jah
1984-05-14;24;28;;jah
1984-05-15;23,2;26;;jah
1984-05-16;23,2;26;;jah
1984-05-17;22;24;;jah
1984-05-18;21;23;;jah
1984-05-19;22;24;;jah
1984-05-20;33,3;46;;jah
1984-05-21;35,9;50;;jah
1984-05-22;33,4;47;;jah
1984-05-23;30,9;44;;jah
1984-05-24;26,5;38;;jah
1984-05-25;20,7;29;;jah
1984-05-26;19,1;36;;jah
1984-05-27;19,9;28;;jah
1984-05-28;21,9;32;;jah
1984-05-29;28,9;43;;jah
1984-05-30;34,4;51;;jah
1984-05-31;30,6;46;;jah
1984-06-01;26,3;40;;jah
1984-06-02;22,7;34;;jah
1984-06-03;21,2;32;;jah
1984-06-04;17,9;26;;jah
1984-06-05;16,9;24;;jah
1984-06-06;15,7;22;;jah
1984-06-07;15,3;21;;jah
1984-06-08;14,6;20;;jah
1984-06-09;14,2;19;;jah
1984-06-10;13,3;17;;jah
1984-06-11;13,1;17;;jah
1984-06-12;13,4;18;;jah
1984-06-13;12,6;16;;jah
1984-06-14;12,6;16;;jah
1984-06-15;12,2;16;;jah
1984-06-16;12,5;17;;jah
1984-06-17;12,5;17;;jah
1984-06-18;12,6;18;;jah
1984-06-19;12,3;17;;jah
1984-06-20;12,2;17;;jah
1984-06-21;11,8;16;;jah
1984-06-22;11;14;;jah
1984-06-23;11;14;;jah
1984-06-24;10,6;13;;jah
1984-06-25;10,4;12;;jah
1984-06-26;10,4;12;;jah
1984-06-27;10;11;;jah
1984-06-28;10,6;12;;jah
1984-06-29;11,6;14;;jah
1984-06-30;12,4;16;;jah
1984-07-01;13,1;18;;jah
1984-07-02;16,6;26;;jah
1984-07-03;23,2;38;;jah
1984-07-04;21,4;35;;jah
1984-07-05;21,4;35;;jah
1984-07-06;19,8;32;;jah
1984-07-07;18;28;;jah
1984-07-08;16,1;24;;jah
1984-07-09;14,3;20;;jah
1984-07-10;13,4;18;;jah
1984-07-11;13,4;18;;jah
1984-07-12;12,7;16;;jah
1984-07-13;11,8;14;;jah
1984-07-14;11,4;13;;jah
1984-07-15;11,1;12;;jah
1984-07-16;10,8;11;;jah
1984-07-17;10,8;11;;jah
1984-07-18;12,8;16;;jah
1984-07-19;20,2;32;;jah
1984-07-20;32,5;52;;jah
1984-07-21;48,3;76;;jah
1984-07-22;46,9;80;;jah
1984-07-23;44,3;77;;jah
1984-07-24;59,5;100;;jah
1984-07-25;79,2;129;;jah
1984-07-26;87,8;141;;jah
1984-07-27;85,9;140;;jah
1984-07-28;81,6;134;;jah
1984-07-29;76,7;127;;jah
1984-07-30;86,6;141;;jah
1984-07-31;88;143;;jah
1984-08-01;82,1;134;;jah
1984-08-02;65,5;117;;jah
1984-08-03;56,3;96;;jah
1984-08-04;47;82;;jah
1984-08-05;44,8;69;;jah
1984-08-06;32,3;53;;jah
1984-08-07;28,7;44;;jah
1984-08-08;24,4;36;;jah
1984-08-09;22,9;30;;jah
1984-08-10;22,5;29;;jah
1984-08-11;22,4;29;;jah
1984-08-12;21,6;28;;jah
1984-08-13;20,3;26;;jah
1984-08-14;19,2;24;;jah
1984-08-15;17,9;22;;jah
1984-08-16;17,4;21;;jah
1984-08-17;16,7;20;;jah
1984-08-18;16,2;19;;jah
1984-08-19;15,7;18;;jah
1984-08-20;15,5;18;;jah
1984-08-21;15,1;17;;jah
1984-08-22;14,5;16;;jah
1984-08-23;14;15;;jah
1984-08-24;13,9;15;;jah
1984-08-25;13,4;14;;jah
1984-08-26;13,9;15;;jah
1984-08-27;15,2;18;;jah
1984-08-28;15;18;;jah
1984-08-29;14,7;17;;jah
1984-08-30;14,2;16;;jah
1984-08-31;14,2;16;;jah
1984-09-01;15;18;;jah
1984-09-02;15;18;;jah
1984-09-03;14,9;18;;jah
1984-09-04;16,7;22;;jah
1984-09-05;20,7;30;;jah
1984-09-06;25,7;38;;jah
1984-09-07;24,4;36;;jah
1984-09-08;21,9;32;;jah
1984-09-09;19,1;27;;jah
1984-09-10;21,3;31;;jah
1984-09-11;23,3;36;;jah
1984-09-12;25,1;40;;jah
1984-09-13;25,1;41;;jah
1984-09-14;22,9;38;;jah
1984-09-15;20,7;36;;jah
1984-09-16;19,4;34;;jah
1984-09-17;16,3;28;;jah
1984-09-18;15,8;28;;jah
1984-09-19;20,6;38;;jah
1984-09-20;33,5;61;;jah
1984-09-21;56,8;95;;jah
1984-09-22;64,5;106;;jah
1984-09-23;71,8;116;;jah
1984-09-24;77,2;122;;jah
1984-09-25;78,5;121;;jah
1984-09-26;80,3;122;;jah
1984-09-27;81,4;122;;jah
1984-09-28;89,9;130;;jah
1984-09-29;89,9;126;;jah
1984-09-30;86,9;119;;jah
1984-10-01;80,8;113;;jah
1984-10-02;75;106;;jah
1984-10-03;69,3;100;;jah
1984-10-04;62,8;92;;jah
1984-10-05;54,1;82;;jah
1984-10-06;48,9;76;;jah
1984-10-07;46;73;;jah
1984-10-08;47,6;75;;jah
1984-10-09;51,2;80;;jah
1984-10-10;59,8;90;;jah
1984-10-11;59,6;89;;jah
1984-10-12;84,2;118;;jah
1984-10-13;108;144;;jah
1984-10-14;104;138;;jah
1984-10-15;104;136;;jah
1984-10-16;104;135;;jah
1984-10-17;103;132;;jah
1984-10-18;98,4;126;;jah
1984-10-19;93,4;120;;jah
1984-10-20;86,4;110;;jah
1984-10-21;87,4;110;;jah
1984-10-22;91,2;114;;jah
1984-10-23;104;126;;jah
1984-10-24;134;156;;jah
1984-10-25;163;183;;jah
1984-10-26;159;180;;jah
1984-10-27;169;188;;jah
1984-10-28;178;195;;jah
1984-10-29;174;192;;jah
1984-10-30;169;186;;jah
1984-10-31;160;179;;jah
1984-11-01;154;174;;jah
1984-11-02;141;162;;jah
1984-11-03;128;150;;jah
1984-11-04;114;138;;jah
1984-11-05;105;128;;jah
1984-11-06;97,8;122;;jah
1984-11-07;92,2;116;;jah
1984-11-08;83,8;107;;jah
1984-11-09;68,4;90;;jah
1984-11-10;61,2;82;;jah
1984-11-11;57,7;78;;jah
1984-11-12;51,9;72;;jah
1984-11-13;49,1;70;;jah
1984-11-14;45,4;75;;jah
1984-11-15;43,9;84;;jah
1984-11-16;42,6;80;;jah
1984-11-17;44,3;72;;jah
1984-11-18;39,8;68;;jah
1984-11-19;38,2;63;;jah
1984-11-20;39,6;65;;jah
1984-11-21;40,3;66;;jah
1984-11-22;38,9;64;;jah
1984-11-23;35,1;58;;jah
1984-11-24;33,9;56;;jah
1984-11-25;34,3;56;;jah
1984-11-26;36;58;;jah
1984-11-27;41,3;64;;jah
1984-11-28;42,2;64;;jah
1984-11-29;40,8;61;;jah
1984-11-30;43,8;63;;jah
1984-12-01;61,8;82;;jah
1984-12-02;74,3;94;;jah
1984-12-03;72,3;91;;jah
1984-12-04;68,2;86;;jah
1984-12-05;66,1;83;;jah
1984-12-06;68,5;85;;jah
1984-12-07;76,1;92;;jah
1984-12-08;93,6;108;;jah
1984-12-09;118;130;;jah
1984-12-10;158;164;;jah
1984-12-11;183;184;;jah
1984-12-12;181;184;;jah
1984-12-13;162;170;;jah
1984-12-14;142;155;;jah
1984-12-15;123;138;;jah
1984-12-16;104;122;;jah
1984-12-17;84,4;103;;jah
1984-12-18;80,7;100;;jah
1984-12-19;80,7;122;;jah
1984-12-20;81,6;139;;jah
1984-12-21;80,8;150;;jah
1984-12-22;80,1;148;;jah
1984-12-23;75,1;141;;jah
1984-12-24;66,7;138;;jah
1984-12-25;61,7;130;;jah
1984-12-26;56,7;123;;jah
1984-12-27;50;120;;jah
1984-12-28;45;114;;jah
1984-12-29;41,7;108;;jah
1984-12-30;38,4;104;;jah
1984-12-31;33,4;102;;jah
1985-01-01;36;102;;jah
1985-01-02;33,9;99;;jah
1985-01-03;34;101;;jah
1985-01-04;34;101;;jah
1985-01-05;37;103;;jah
1985-01-06;34,2;113;;jah
1985-01-07;33,9;120;;jah
1985-01-08;32,5;114;;jah
1985-01-09;31,9;110;;jah
1985-01-10;31;106;;jah
1985-01-11;30;102;;jah
1985-01-12;29,1;99;;jah
1985-01-13;28,1;96;;jah
1985-01-14;27;94;;jah
1985-01-15;26;80;;jah
1985-01-16;25,4;82;;jah
1985-01-17;23;74;;jah
1985-01-18;22;69;;jah
1985-01-19;21;64;;jah
1985-01-20;20;63;;jah
1985-01-21;21;66;;jah
1985-01-22;20;63;;jah
1985-01-23;19,2;58;;jah
1985-01-24;18;53;;jah
1985-01-25;16,3;48;;jah
1985-01-26;16,2;45;;jah
1985-01-27;15,9;44;;jah
1985-01-28;14,9;42;;jah
1985-01-29;14,9;42;;jah
1985-01-30;14,7;40;;jah
1985-01-31;14,7;40;;jah
1985-02-01;15,4;42;;jah
1985-02-02;16,1;44;;jah
1985-02-03;16,1;44;;jah
1985-02-04;16,4;45;;jah
1985-02-05;16,1;44;;jah
1985-02-06;16,1;44;;jah
1985-02-07;15,7;43;;jah
1985-02-08;15,7;42;;jah
1985-02-09;14,9;40;;jah
1985-02-10;13,9;37;;jah
1985-02-11;13,1;34;;jah
1985-02-12;13,4;34;;jah
1985-02-13;12,6;32;;jah
1985-02-14;12,2;30;;jah
1985-02-15;12,2;30;;jah
1985-02-16;12,2;30;;jah
1985-02-17;12,8;31;;jah
1985-02-18;12,8;31;;jah
1985-02-19;12,6;30;;jah
1985-02-20;12,6;30;;jah
1985-02-21;12,5;29;;jah
1985-02-22;12,4;28;;jah
1985-02-23;12,1;27;;jah
1985-02-24;12,3;27;;jah
1985-02-25;12;26;;jah
1985-02-26;11,3;24;;jah
1985-02-27;11,3;24;;jah
1985-02-28;11,3;24;;jah
1985-03-01;11,3;24;;jah
1985-03-02;10,7;22;;jah
1985-03-03;10,7;22;;jah
1985-03-04;10,7;22;;jah
1985-03-05;10,9;22;;jah
1985-03-06;10,9;22;;jah
1985-03-07;10,6;21;;jah
1985-03-08;10,4;20;;jah
1985-03-09;10,4;20;;jah
1985-03-10;11;22;;jah
1985-03-11;12,4;26;;jah
1985-03-12;13,4;29;;jah
1985-03-13;14,5;32;;jah
1985-03-14;15,4;34;;jah
1985-03-15;16,7;38;;jah
1985-03-16;16,7;38;;jah
1985-03-17;15,9;36;;jah
1985-03-18;15,5;35;;jah
1985-03-19;15,5;35;;jah
1985-03-20;15,1;34;;jah
1985-03-21;14,5;32;;jah
1985-03-22;14,2;31;;jah
1985-03-23;14,4;31;;jah
1985-03-24;14,6;31;;jah
1985-03-25;14,4;30;;jah
1985-03-26;14,6;30;;jah
1985-03-27;15,9;32;;jah
1985-03-28;17,8;35;;jah
1985-03-29;21,9;44;;jah
1985-03-30;29,6;59;;jah
1985-03-31;38,8;74;;jah
1985-04-01;41,9;79;;jah
1985-04-02;41,3;78;;jah
1985-04-03;84,3;143;;jah
1985-04-04;153;229;;jah
1985-04-05;174;265;;jah
1985-04-06;184;274;;jah
1985-04-07;180;271;;jah
1985-04-08;184;272;;jah
1985-04-09;183;265;;jah
1985-04-10;175;252;;jah
1985-04-11;183;252;;jah
1985-04-12;178;240;;jah
1985-04-13;179;234;;jah
1985-04-14;174;222;;jah
1985-04-15;149;190;;jah
1985-04-16;125;162;;jah
1985-04-17;152;181;;jah
1985-04-18;174;193;;jah
1985-04-19;204;210;;jah
1985-04-20;233;219;;jah
1985-04-21;236;220;;jah
1985-04-22;240;219;;jah
1985-04-23;232;212;;jah
1985-04-24;211;197;;jah
1985-04-25;186;178;;jah
1985-04-26;167;163;;jah
1985-04-27;151;148;;jah
1985-04-28;128;129;;jah
1985-04-29;115;118;;jah
1985-04-30;107;111;;jah
1985-05-01;122;128;;jah
1985-05-02;134;137;;jah
1985-05-03;130;134;;jah
1985-05-04;121;127;;jah
1985-05-05;118;124;;jah
1985-05-06;113;120;;jah
1985-05-07;105;113;;jah
1985-05-08;96;105;;jah
1985-05-09;86;96;;jah
1985-05-10;74;86;;jah
1985-05-11;78;90;;jah
1985-05-12;102;110;;jah
1985-05-13;106;114;;jah
1985-05-14;102;110;;jah
1985-05-15;110;117;;jah
1985-05-16;106;114;;jah
1985-05-17;100;108;;jah
1985-05-18;90;100;;jah
1985-05-19;78;90;;jah
1985-05-20;68;80;;jah
1985-05-21;62;74;;jah
1985-05-22;53;66;;jah
1985-05-23;46;58;;jah
1985-05-24;37;50;;jah
1985-05-25;34;46;;jah
1985-05-26;30;42;;jah
1985-05-27;29;40;;jah
1985-05-28;26,5;36;;jah
1985-05-29;24,9;34;;jah
1985-05-30;22,3;30;;jah
1985-05-31;22,5;30;;jah
1985-06-01;27,9;38;;jah
1985-06-02;48,9;65;;jah
1985-06-03;55,2;72;;jah
1985-06-04;52,1;68;;jah
1985-06-05;46,7;62;;jah
1985-06-06;41,7;56;;jah
1985-06-07;37;50;;jah
1985-06-08;34,7;47;;jah
1985-06-09;33,9;46;;jah
1985-06-10;32,5;44;;jah
1985-06-11;31,9;44;;jah
1985-06-12;30,6;44;;jah
1985-06-13;30,2;46;;jah
1985-06-14;29,2;46;;jah
1985-06-15;29,1;48;;jah
1985-06-16;40,1;65;;jah
1985-06-17;54,6;86;;jah
1985-06-18;54,6;86;;jah
1985-06-19;41,3;68;;jah
1985-06-20;37;62;;jah
1985-06-21;29,4;49;;jah
1985-06-22;25,7;43;;jah
1985-06-23;26,1;43;;jah
1985-06-24;25,8;42;;jah
1985-06-25;24,2;39;;jah
1985-06-26;21,1;33;;jah
1985-06-27;19,6;30;;jah
1985-06-28;19,4;29;;jah
1985-06-29;19,3;28;;jah
1985-06-30;20,5;30;;jah
1985-07-01;21,7;32;;jah
1985-07-02;22,9;34;;jah
1985-07-03;23,8;36;;jah
1985-07-04;25,1;38;;jah
1985-07-05;24,2;37;;jah
1985-07-06;22,2;34;;jah
1985-07-07;20,9;32;;jah
1985-07-08;20,2;31;;jah
1985-07-09;20,2;31;;jah
1985-07-10;20;31;;jah
1985-07-11;20,2;32;;jah
1985-07-12;22,3;36;;jah
1985-07-13;22;36;;jah
1985-07-14;20,7;34;;jah
1985-07-15;18,8;31;;jah
1985-07-16;17,4;29;;jah
1985-07-17;16,5;28;;jah
1985-07-18;14,6;24;;jah
1985-07-19;14,4;24;;jah
1985-07-20;13,4;22;;jah
1985-07-21;13,4;22;;jah
1985-07-22;13,4;22;;jah
1985-07-23;13,4;22;;jah
1985-07-24;14,4;24;;jah
1985-07-25;14,4;24;;jah
1985-07-26;14,1;23;;jah
1985-07-27;13,9;22;;jah
1985-07-28;13,9;22;;jah
1985-07-29;13,7;21;;jah
1985-07-30;13,9;21;;jah
1985-07-31;14,3;22;;jah
1985-08-01;14,3;22;;jah
1985-08-02;16;26;;jah
1985-08-03;19,9;34;;jah
1985-08-04;24,3;42;;jah
1985-08-05;24,3;42;;jah
1985-08-06;23,1;40;;jah
1985-08-07;20,9;36;;jah
1985-08-08;19,9;34;;jah
1985-08-09;19,4;33;;jah
1985-08-10;18,8;32;;jah
1985-08-11;17,9;31;;jah
1985-08-12;17,1;30;;jah
1985-08-13;16;28;;jah
1985-08-14;15;27;;jah
1985-08-15;14,2;26;;jah
1985-08-16;13,7;25;;jah
1985-08-17;14,7;29;;jah
1985-08-18;20,9;44;;jah
1985-08-19;26,8;56;;jah
1985-08-20;28,9;60;;jah
1985-08-21;32,9;66;;jah
1985-08-22;30,5;62;;jah
1985-08-23;29,7;60;;jah
1985-08-24;28,1;56;;jah
1985-08-25;27;54;;jah
1985-08-26;30,6;60;;jah
1985-08-27;34,4;66;;jah
1985-08-28;34,9;66;;jah
1985-08-29;33,6;64;;jah
1985-08-30;31,5;60;;jah
1985-08-31;30,8;58;;jah
1985-09-01;28,6;54;;jah
1985-09-02;26;50;;jah
1985-09-03;28,4;55;;jah
1985-09-04;30;58;;jah
1985-09-05;29,5;58;;jah
1985-09-06;29,5;58;;jah
1985-09-07;30,2;60;;jah
1985-09-08;31,4;62;;jah
1985-09-09;36,3;70;;jah
1985-09-10;40,7;77;;jah
1985-09-11;39,4;75;;jah
1985-09-12;36,9;71;;jah
1985-09-13;35,1;68;;jah
1985-09-14;33,9;66;;jah
1985-09-15;30,8;61;;jah
1985-09-16;28,6;57;;jah
1985-09-17;32,6;64;;jah
1985-09-18;43,1;80;;jah
1985-09-19;52,3;94;;jah
1985-09-20;49,7;90;;jah
1985-09-21;54,4;96;;jah
1985-09-22;65,8;113;;jah
1985-09-23;81,9;136;;jah
1985-09-24;79,8;133;;jah
1985-09-25;74,9;126;;jah
1985-09-26;71,7;120;;jah
1985-09-27;71,7;120;;jah
1985-09-28;70,3;118;;jah
1985-09-29;68,4;114;;jah
1985-09-30;60,8;103;;jah
1985-10-01;62,3;104;;jah
1985-10-02;86,9;138;;jah
1985-10-03;91;142;;jah
1985-10-04;86,6;136;;jah
1985-10-05;77,2;122;;jah
1985-10-06;72,2;144;;jah
1985-10-07;67,7;108;;jah
1985-10-08;62,1;99;;jah
1985-10-09;59,8;96;;jah
1985-10-10;57,6;92;;jah
1985-10-11;52,4;85;;jah
1985-10-12;45,9;76;;jah
1985-10-13;50,9;82;;jah
1985-10-14;65,9;102;;jah
1985-10-15;72;109;;jah
1985-10-16;71,3;108;;jah
1985-10-17;70,6;107;;jah
1985-10-18;69,1;104;;jah
1985-10-19;64,5;98;;jah
1985-10-20;59,9;92;;jah
1985-10-21;57,5;88;;jah
1985-10-22;53,5;82;;jah
1985-10-23;47,9;74;;jah
1985-10-24;45,9;70;;jah
1985-10-25;43,3;66;;jah
1985-10-26;40,7;62;;jah
1985-10-27;38,5;58;;jah
1985-10-28;35,8;53;;jah
1985-10-29;34,4;50;;jah
1985-10-30;33,7;48;;jah
1985-10-31;33,3;46;;jah
1985-11-01;32,6;45;;jah
1985-11-02;33,3;46;;jah
1985-11-03;35,9;50;;jah
1985-11-04;43,5;60;;jah
1985-11-05;47,4;65;;jah
1985-11-06;49;68;;jah
1985-11-07;51,3;72;;jah
1985-11-08;55,8;78;;jah
1985-11-09;62,1;86;;jah
1985-11-10;75,1;103;;jah
1985-11-11;97;128;;jah
1985-11-12;108;140;;jah
1985-11-13;105;137;;jah
1985-11-14;95,2;126;;jah
1985-11-15;83,7;113;;jah
1985-11-16;76,7;105;;jah
1985-11-17;70,8;98;;jah
1985-11-18;69,2;96;;jah
1985-11-19;67,5;94;;jah
1985-11-20;64,1;90;;jah
1985-11-21;60,9;87;;jah
1985-11-22;57;84;;jah
1985-11-23;50,6;80;;jah
1985-11-24;48;79;;jah
1985-11-25;44,9;78;;jah
1985-11-26;38,1;72;;jah
1985-11-27;30,2;60;;jah
1985-11-28;25,6;52;;jah
1985-11-29;21,7;45;;jah
1985-11-30;21,3;44;;jah
1985-12-01;23,4;50;;jah
1985-12-02;26,2;59;;jah
1985-12-03;25,8;60;;jah
1985-12-04;28,4;66;;jah
1985-12-05;28,4;68;;jah
1985-12-06;25;64;;jah
1985-12-07;24;63;;jah
1985-12-08;23,6;63;;jah
1985-12-09;24,4;66;;jah
1985-12-10;25,6;70;;jah
1985-12-11;27,4;74;;jah
1985-12-12;26,9;73;;jah
1985-12-13;23,9;66;;jah
1985-12-14;22,6;63;;jah
1985-12-15;23,5;65;;jah
1985-12-16;25,1;70;;jah
1985-12-17;29;79;;jah
1985-12-18;29,4;80;;jah
1985-12-19;27,7;76;;jah
1985-12-20;25,5;71;;jah
1985-12-21;24,3;67;;jah
1985-12-22;24;64;;jah
1985-12-23;43,2;100;;jah
1985-12-24;88,5;175;;jah
1985-12-25;112;198;;jah
1985-12-26;127;209;;jah
1985-12-27;125;201;;jah
1985-12-28;122;194;;jah
1985-12-29;120;188;;jah
1985-12-30;113;178;;jah
1985-12-31;106;169;;jah
1986-01-01;90,4;151;;jah
1986-01-02;66,8;125;;jah
1986-01-03;53,9;112;;jah
1986-01-04;43,5;99;;jah
1986-01-05;34,6;87;;jah
1986-01-06;30,4;81;;jah
1986-01-07;27,5;80;;jah
1986-01-08;27,8;84;;jah
1986-01-09;26,5;84;;jah
1986-01-10;24,7;81;;jah
1986-01-11;24,7;81;;jah
1986-01-12;28,1;90;;jah
1986-01-13;31;98;;jah
1986-01-14;30;95;;jah
1986-01-15;28,5;91;;jah
1986-01-16;22,7;77;;jah
1986-01-17;19,3;67;;jah
1986-01-18;18,2;64;;jah
1986-01-19;17,9;63;;jah
1986-01-20;21,3;73;;jah
1986-01-21;25,5;85;;jah
1986-01-22;30,6;99;;jah
1986-01-23;22,2;74;;jah
1986-01-24;19,8;67;;jah
1986-01-25;23,2;75;;jah
1986-01-26;25,4;81;;jah
1986-01-27;27,6;85;;jah
1986-01-28;28,7;88;;jah
1986-01-29;30,7;91;;jah
1986-01-30;30,2;90;;jah
1986-01-31;30,2;90;;jah
1986-02-01;29,3;86;;jah
1986-02-02;27,7;82;;jah
1986-02-03;25,9;76;;jah
1986-02-04;25,1;74;;jah
1986-02-05;24,3;72;;jah
1986-02-06;22,7;68;;jah
1986-02-07;21,6;64;;jah
1986-02-08;20;60;;jah
1986-02-09;18,6;55;;jah
1986-02-10;16,8;50;;jah
1986-02-11;15,5;46;;jah
1986-02-12;14,4;42;;jah
1986-02-13;14,4;41;;jah
1986-02-14;14,4;41;;jah
1986-02-15;14,7;41;;jah
1986-02-16;15;41;;jah
1986-02-17;15;41;;jah
1986-02-18;14,9;40;;jah
1986-02-19;14,5;38;;jah
1986-02-20;14;36;;jah
1986-02-21;13,6;34;;jah
1986-02-22;12,4;30;;jah
1986-02-23;11,6;27;;jah
1986-02-24;11,3;25;;jah
1986-02-25;11,5;25;;jah
1986-02-26;11,7;25;;jah
1986-02-27;11,5;24;;jah
1986-02-28;11,5;24;;jah
1986-03-01;11,9;25;;jah
1986-03-02;12,2;26;;jah
1986-03-03;12,3;27;;jah
1986-03-04;12,6;28;;jah
1986-03-05;12,8;29;;jah
1986-03-06;13,1;30;;jah
1986-03-07;13,8;32;;jah
1986-03-08;15;35;;jah
1986-03-09;17;41;;jah
1986-03-10;19,6;47;;jah
1986-03-11;22,2;52;;jah
1986-03-12;20,4;48;;jah
1986-03-13;20,7;48;;jah
1986-03-14;20,2;46;;jah
1986-03-15;19,6;44;;jah
1986-03-16;19,3;42;;jah
1986-03-17;18,8;41;;jah
1986-03-18;19,6;42;;jah
1986-03-19;20,1;43;;jah
1986-03-20;21,5;46;;jah
1986-03-21;24,8;56;;jah
1986-03-22;30,2;74;;jah
1986-03-23;33,2;87;;jah
1986-03-24;40,5;105;;jah
1986-03-25;51,5;124;;jah
1986-03-26;62,7;142;;jah
1986-03-27;89,1;181;;jah
1986-03-28;143;245;;jah
1986-03-29;229;308;;jah
1986-03-30;254;310;;jah
1986-03-31;251;289;;jah
1986-04-01;270;300;;jah
1986-04-02;268;301;;jah
1986-04-03;261;299;;jah
1986-04-04;218;275;;jah
1986-04-05;193;262;;jah
1986-04-06;173;247;;jah
1986-04-07;137;216;;jah
1986-04-08;114;182;;jah
1986-04-09;104;163;;jah
1986-04-10;105;153;;jah
1986-04-11;107;143;;jah
1986-04-12;104;132;;jah
1986-04-13;97;120;;jah
1986-04-14;80,6;99;;jah
1986-04-15;73,4;90;;jah
1986-04-16;65,3;81;;jah
1986-04-17;62,8;77;;jah
1986-04-18;58,5;72;;jah
1986-04-19;62,1;75;;jah
1986-04-20;81,9;94;;jah
1986-04-21;117;128;;jah
1986-04-22;163;177;;jah
1986-04-23;155;172;;jah
1986-04-24;148;166;;jah
1986-04-25;142;163;;jah
1986-04-26;153;175;;jah
1986-04-27;149;172;;jah
1986-04-28;139;163;;jah
1986-04-29;127;152;;jah
1986-04-30;116;141;;jah
1986-05-01;98,7;124;;jah
1986-05-02;88,3;115;;jah
1986-05-03;75,9;102;;jah
1986-05-04;64,8;90;;jah
1986-05-05;55,6;80;;jah
1986-05-06;49,4;73;;jah
1986-05-07;44,9;68;;jah
1986-05-08;40,5;63;;jah
1986-05-09;38,2;60;;jah
1986-05-10;36,8;58;;jah
1986-05-11;36,3;56;;jah
1986-05-12;36,1;54;;jah
1986-05-13;36,2;53;;jah
1986-05-14;35,9;51;;jah
1986-05-15;35,9;49;;jah
1986-05-16;34,7;47;;jah
1986-05-17;33,2;44;;jah
1986-05-18;31,3;42;;jah
1986-05-19;29,5;40;;jah
1986-05-20;27,9;38;;jah
1986-05-21;26,2;36;;jah
1986-05-22;24,4;34;;jah
1986-05-23;23,3;33;;jah
1986-05-24;21,8;31;;jah
1986-05-25;20,2;29;;jah
1986-05-26;19,3;28;;jah
1986-05-27;18,5;27;;jah
1986-05-28;17,9;27;;jah
1986-05-29;18,4;28;;jah
1986-05-30;18,7;29;;jah
1986-05-31;19,1;30;;jah
1986-06-01;19,5;31;;jah
1986-06-02;18,7;30;;jah
1986-06-03;18;29;;jah
1986-06-04;24,2;41;;jah
1986-06-05;37,7;63;;jah
1986-06-06;35,5;60;;jah
1986-06-07;30,7;53;;jah
1986-06-08;28,4;49;;jah
1986-06-09;30,7;53;;jah
1986-06-10;35,5;60;;jah
1986-06-11;32,2;54;;jah
1986-06-12;26,7;44;;jah
1986-06-13;20,8;33;;jah
1986-06-14;19,1;29;;jah
1986-06-15;18,7;27;;jah
1986-06-16;20,1;28;;jah
1986-06-17;23,1;32;;jah
1986-06-18;23,2;31;;jah
1986-06-19;21,4;27;;jah
1986-06-20;20,7;24;;jah
1986-06-21;19,4;22;;jah
1986-06-22;17,9;20;;jah
1986-06-23;15,4;18;;jah
1986-06-24;13,6;17;;jah
1986-06-25;13,1;17;;jah
1986-06-26;11,5;16;;jah
1986-06-27;10,6;16;;jah
1986-06-28;9,49;15;;jah
1986-06-29;8,76;15;;jah
1986-06-30;8,04;14;;jah
1986-07-01;7,52;12;;jah
1986-07-02;7,24;11;;jah
1986-07-03;7,08;10;;jah
1986-07-04;7,08;10;;jah
1986-07-05;7,02;9;;jah
1986-07-06;7,14;9;;jah
1986-07-07;7,75;11;;jah
1986-07-08;8,18;12;;jah
1986-07-09;8,57;13;;jah
1986-07-10;8,88;14;;jah
1986-07-11;9,98;17;;jah
1986-07-12;12,7;25;;jah
1986-07-13;14,3;29;;jah
1986-07-14;20,3;42;;jah
1986-07-15;31,1;63;;jah
1986-07-16;38,2;74;;jah
1986-07-17;42,5;81;;jah
1986-07-18;45,7;85;;jah
1986-07-19;46,4;86;;jah
1986-07-20;48,3;89;;jah
1986-07-21;49,6;91;;jah
1986-07-22;44,5;83;;jah
1986-07-23;38,1;73;;jah
1986-07-24;30,8;61;;jah
1986-07-25;24,8;49;;jah
1986-07-26;21,7;43;;jah
1986-07-27;18,3;36;;jah
1986-07-28;16;31;;jah
1986-07-29;14,8;28;;jah
1986-07-30;14,2;26;;jah
1986-07-31;13,4;24;;jah
1986-08-01;13;23;;jah
1986-08-02;12,3;21;;jah
1986-08-03;12,1;20;;jah
1986-08-04;12,1;20;;jah
1986-08-05;11,9;19;;jah
1986-08-06;11,5;18;;jah
1986-08-07;11,2;17;;jah
1986-08-08;10,9;16;;jah
1986-08-09;10,9;16;;jah
1986-08-10;10,7;15;;jah
1986-08-11;10,2;15;;jah
1986-08-12;10,5;17;;jah
1986-08-13;11,3;21;;jah
1986-08-14;12,2;26;;jah
1986-08-15;12,1;27;;jah
1986-08-16;11,4;27;;jah
1986-08-17;11,3;28;;jah
1986-08-18;11,2;29;;jah
1986-08-19;12,6;34;;jah
1986-08-20;15;42;;jah
1986-08-21;18,7;51;;jah
1986-08-22;22,2;59;;jah
1986-08-23;24;60;;jah
1986-08-24;26,3;61;;jah
1986-08-25;28,5;61;;jah
1986-08-26;31,4;62;;jah
1986-08-27;32,8;62;;jah
1986-08-28;34,7;62;;jah
1986-08-29;34,2;60;;jah
1986-08-30;36,2;61;;jah
1986-08-31;40,3;66;;jah
1986-09-01;43,4;71;;jah
1986-09-02;44,3;73;;jah
1986-09-03;47,3;78;;jah
1986-09-04;56,9;92;;jah
1986-09-05;61,3;99;;jah
1986-09-06;63,3;103;;jah
1986-09-07;65,4;106;;jah
1986-09-08;72,8;116;;jah
1986-09-09;78,8;124;;jah
1986-09-10;85,5;133;;jah
1986-09-11;90;139;;jah
1986-09-12;93;143;;jah
1986-09-13;98,8;148;;jah
1986-09-14;99,6;149;;jah
1986-09-15;99,6;149;;jah
1986-09-16;98;147;;jah
1986-09-17;99,3;147;;jah
1986-09-18;96,3;144;;jah
1986-09-19;91,3;136;;jah
1986-09-20;83,5;126;;jah
1986-09-21;78,8;119;;jah
1986-09-22;75,7;116;;jah
1986-09-23;83,7;125;;jah
1986-09-24;98;143;;jah
1986-09-25;106;152;;jah
1986-09-26;99,2;143;;jah
1986-09-27;88,8;130;;jah
1986-09-28;79,2;118;;jah
1986-09-29;84;124;;jah
1986-09-30;101;145;;jah
1986-10-01;98,4;142;;jah
1986-10-02;90,4;132;;jah
1986-10-03;84;124;;jah
1986-10-04;82,6;121;;jah
1986-10-05;79,4;117;;jah
1986-10-06;73,8;109;;jah
1986-10-07;67,6;101;;jah
1986-10-08;62,1;93;;jah
1986-10-09;59,8;90;;jah
1986-10-10;55;84;;jah
1986-10-11;51,1;79;;jah
1986-10-12;57,4;87;;jah
1986-10-13;59,8;90;;jah
1986-10-14;58,2;88;;jah
1986-10-15;55;84;;jah
1986-10-16;51,1;79;;jah
1986-10-17;48,1;75;;jah
1986-10-18;44,3;70;;jah
1986-10-19;42,1;67;;jah
1986-10-20;39,1;63;;jah
1986-10-21;38,1;61;;jah
1986-10-22;41,1;65;;jah
1986-10-23;53,9;81;;jah
1986-10-24;80,8;114;;jah
1986-10-25;98,6;135;;jah
1986-10-26;101;136;;jah
1986-10-27;94,8;128;;jah
1986-10-28;84,4;116;;jah
1986-10-29;76,7;106;;jah
1986-10-30;70;98;;jah
1986-10-31;65;92;;jah
1986-11-01;65,9;94;;jah
1986-11-02;81,8;113;;jah
1986-11-03;119;155;;jah
1986-11-04;118;155;;jah
1986-11-05;114;150;;jah
1986-11-06;110;146;;jah
1986-11-07;102;139;;jah
1986-11-08;94,1;131;;jah
1986-11-09;91,6;128;;jah
1986-11-10;98,3;136;;jah
1986-11-11;100;138;;jah
1986-11-12;93,2;130;;jah
1986-11-13;92,4;129;;jah
1986-11-14;93,5;129;;jah
1986-11-15;86,9;119;;jah
1986-11-16;76,6;108;;jah
1986-11-17;67,6;96;;jah
1986-11-18;61,8;89;;jah
1986-11-19;61,7;88;;jah
1986-11-20;65;91;;jah
1986-11-21;69,2;97;;jah
1986-11-22;75,1;104;;jah
1986-11-23;75,9;105;;jah
1986-11-24;75,9;105;;jah
1986-11-25;78,3;109;;jah
1986-11-26;94;127;;jah
1986-11-27;104;138;;jah
1986-11-28;104;138;;jah
1986-11-29;101;137;;jah
1986-11-30;97,2;132;;jah
1986-12-01;89,4;123;;jah
1986-12-02;86,1;118;;jah
1986-12-03;103;135;;jah
1986-12-04;133;165;;jah
1986-12-05;161;190;;jah
1986-12-06;183;208;;jah
1986-12-07;213;229;;jah
1986-12-08;205;221;;jah
1986-12-09;190;205;;jah
1986-12-10;181;197;;jah
1986-12-11;173;191;;jah
1986-12-12;157;180;;jah
1986-12-13;139;166;;jah
1986-12-14;126;156;;jah
1986-12-15;104;137;;jah
1986-12-16;83,3;117;;jah
1986-12-17;70,9;103;;jah
1986-12-18;62,9;94;;jah
1986-12-19;63;95;;jah
1986-12-20;73,8;109;;jah
1986-12-21;82,6;121;;jah
1986-12-22;89,6;131;;jah
1986-12-23;90,5;135;;jah
1986-12-24;88,9;136;;jah
1986-12-25;85,8;135;;jah
1986-12-26;82,1;133;;jah
1986-12-27;80,9;133;;jah
1986-12-28;78;132;;jah
1986-12-29;76,8;132;;jah
1986-12-30;71,9;141;;jah
1986-12-31;68,9;149;;jah
1987-01-01;89,8;150;;jah
1987-01-02;85,1;147;;jah
1987-01-03;76,1;136;;jah
1987-01-04;69,3;129;;jah
1987-01-05;64,5;123;;jah
1987-01-06;58;114;;jah
1987-01-07;51,2;104;;jah
1987-01-08;44,7;94;;jah
1987-01-09;41,2;89;;jah
1987-01-10;40,5;89;;jah
1987-01-11;38,8;87;;jah
1987-01-12;37;85;;jah
1987-01-13;33,3;79;;jah
1987-01-14;27,4;67;;jah
1987-01-15;22,7;57;;jah
1987-01-16;19,8;50;;jah
1987-01-17;18,1;46;;jah
1987-01-18;16,1;41;;jah
1987-01-19;15,4;39;;jah
1987-01-20;15,1;38;;jah
1987-01-21;14,3;36;;jah
1987-01-22;14,7;37;;jah
1987-01-23;15,8;40;;jah
1987-01-24;16,1;41;;jah
1987-01-25;16,1;41;;jah
1987-01-26;16,1;41;;jah
1987-01-27;16,6;42;;jah
1987-01-28;17,4;44;;jah
1987-01-29;17,8;45;;jah
1987-01-30;17,4;44;;jah
1987-01-31;16,6;42;;jah
1987-02-01;15,8;41;;jah
1987-02-02;15,5;40;;jah
1987-02-03;15,8;41;;jah
1987-02-04;16;42;;jah
1987-02-05;16,7;44;;jah
1987-02-06;17,9;47;;jah
1987-02-07;19;50;;jah
1987-02-08;20,2;53;;jah
1987-02-09;20,6;54;;jah
1987-02-10;21,1;55;;jah
1987-02-11;21,5;56;;jah
1987-02-12;21,9;57;;jah
1987-02-13;21,9;57;;jah
1987-02-14;21,1;55;;jah
1987-02-15;20,6;54;;jah
1987-02-16;21,1;55;;jah
1987-02-17;21,9;56;;jah
1987-02-18;22,3;57;;jah
1987-02-19;22,3;57;;jah
1987-02-20;22,3;57;;jah
1987-02-21;21,5;55;;jah
1987-02-22;21,4;54;;jah
1987-02-23;21;53;;jah
1987-02-24;20,6;52;;jah
1987-02-25;20,2;51;;jah
1987-02-26;19,8;50;;jah
1987-02-27;20,1;50;;jah
1987-02-28;19,7;49;;jah
1987-03-01;19,3;48;;jah
1987-03-02;19,3;48;;jah
1987-03-03;19,3;48;;jah
1987-03-04;18,9;47;;jah
1987-03-05;18,1;45;;jah
1987-03-06;17,4;44;;jah
1987-03-07;17;43;;jah
1987-03-08;16,6;42;;jah
1987-03-09;15,8;40;;jah
1987-03-10;14,7;37;;jah
1987-03-11;14,3;36;;jah
1987-03-12;14,3;36;;jah
1987-03-13;14,2;35;;jah
1987-03-14;14,2;35;;jah
1987-03-15;14,2;35;;jah
1987-03-16;14,1;34;;jah
1987-03-17;13,7;33;;jah
1987-03-18;13,7;33;;jah
1987-03-19;13,3;32;;jah
1987-03-20;13;31;;jah
1987-03-21;13;31;;jah
1987-03-22;13,6;32;;jah
1987-03-23;14,4;34;;jah
1987-03-24;15,8;37;;jah
1987-03-25;16,5;39;;jah
1987-03-26;16;37;;jah
1987-03-27;15,9;36;;jah
1987-03-28;16,7;38;;jah
1987-03-29;18,5;41;;jah
1987-03-30;20,8;46;;jah
1987-03-31;37,1;77;;jah
1987-04-01;98;158;;jah
1987-04-02;134;205;;jah
1987-04-03;158;234;;jah
1987-04-04;171;247;;jah
1987-04-05;189;263;;jah
1987-04-06;203;273;;jah
1987-04-07;236;271;;jah
1987-04-08;234;265;;jah
1987-04-09;230;254;;jah
1987-04-10;225;244;;jah
1987-04-11;194;204;;jah
1987-04-12;172;182;;jah
1987-04-13;158;167;;jah
1987-04-14;146;154;;jah
1987-04-15;136;144;;jah
1987-04-16;140;148;;jah
1987-04-17;158;167;;jah
1987-04-18;166;175;;jah
1987-04-19;159;168;;jah
1987-04-20;151;160;;jah
1987-04-21;140;148;;jah
1987-04-22;115;121;;jah
1987-04-23;106;109;;jah
1987-04-24;101;104;;jah
1987-04-25;98;101;;jah
1987-04-26;100;102;;jah
1987-04-27;108;112;;jah
1987-04-28;107;111;;jah
1987-04-29;104;107;;jah
1987-04-30;101;104;;jah
1987-05-01;82,4;101;;jah
1987-05-02;80,6;99;;jah
1987-05-03;80,6;99;;jah
1987-05-04;78,6;97;;jah
1987-05-05;76,8;95;;jah
1987-05-06;77,7;96;;jah
1987-05-07;76,4;98;;jah
1987-05-08;76,6;99;;jah
1987-05-09;73;96;;jah
1987-05-10;66,9;88;;jah
1987-05-11;58,8;80;;jah
1987-05-12;60,5;82;;jah
1987-05-13;61,5;83;;jah
1987-05-14;69,4;91;;jah
1987-05-15;92,2;115;;jah
1987-05-16;110;134;;jah
1987-05-17;111;133;;jah
1987-05-18;102;123;;jah
1987-05-19;91,1;111;;jah
1987-05-20;81,5;100;;jah
1987-05-21;74,1;93;;jah
1987-05-22;99;120;;jah
1987-05-23;162;182;;jah
1987-05-24;166;187;;jah
1987-05-25;136;161;;jah
1987-05-26;114;140;;jah
1987-05-27;82;107;;jah
1987-05-28;69,7;94;;jah
1987-05-29;60,3;84;;jah
1987-05-30;52,8;75;;jah
1987-05-31;46,1;67;;jah
1987-06-01;37,7;55;;jah
1987-06-02;35,2;51;;jah
1987-06-03;36,7;52;;jah
1987-06-04;35,5;50;;jah
1987-06-05;32,6;46;;jah
1987-06-06;29,5;42;;jah
1987-06-07;27,4;39;;jah
1987-06-08;29,2;42;;jah
1987-06-09;31,3;45;;jah
1987-06-10;32,3;47;;jah
1987-06-11;31,6;47;;jah
1987-06-12;28,6;46;;jah
1987-06-13;27,1;50;;jah
1987-06-14;30;58;;jah
1987-06-15;28,8;59;;jah
1987-06-16;26;56;;jah
1987-06-17;27,2;61;;jah
1987-06-18;42,1;92;;jah
1987-06-19;47,8;104;;jah
1987-06-20;49,5;109;;jah
1987-06-21;48,5;107;;jah
1987-06-22;45,3;101;;jah
1987-06-23;40,3;90;;jah
1987-06-24;38,3;85;;jah
1987-06-25;34,7;77;;jah
1987-06-26;32;70;;jah
1987-06-27;29,8;64;;jah
1987-06-28;25,4;54;;jah
1987-06-29;23,5;48;;jah
1987-06-30;22,2;44;;jah
1987-07-01;21;40;;jah
1987-07-02;19,6;36;;jah
1987-07-03;16,7;28;;jah
1987-07-04;15,3;23;;jah
1987-07-05;14,5;20;;jah
1987-07-06;14,1;18;;jah
1987-07-07;14,4;17;;jah
1987-07-08;13,9;15;;jah
1987-07-09;14,3;15;;jah
1987-07-10;14;14;;jah
1987-07-11;14,8;16;;jah
1987-07-12;15,4;18;;jah
1987-07-13;15,3;19;;jah
1987-07-14;15;20;;jah
1987-07-15;14,3;20;;jah
1987-07-16;13,6;20;;jah
1987-07-17;13;21;;jah
1987-07-18;12,4;20;;jah
1987-07-19;11,9;19;;jah
1987-07-20;11,4;18;;jah
1987-07-21;11,1;17;;jah
1987-07-22;11,1;17;;jah
1987-07-23;10,7;16;;jah
1987-07-24;10,7;16;;jah
1987-07-25;11,4;18;;jah
1987-07-26;11,4;18;;jah
1987-07-27;11,4;18;;jah
1987-07-28;18,3;35;;jah
1987-07-29;32,2;61;;jah
1987-07-30;36,6;68;;jah
1987-07-31;27,6;53;;jah
1987-08-01;26;50;;jah
1987-08-02;26,9;51;;jah
1987-08-03;26,9;51;;jah
1987-08-04;26,4;50;;jah
1987-08-05;22,6;43;;jah
1987-08-06;18,1;35;;jah
1987-08-07;16,9;33;;jah
1987-08-08;38,9;75;;jah
1987-08-09;115;190;;jah
1987-08-10;123;200;;jah
1987-08-11;114;189;;jah
1987-08-12;113;188;;jah
1987-08-13;109;185;;jah
1987-08-14;104;178;;jah
1987-08-15;97,9;170;;jah
1987-08-16;94,7;165;;jah
1987-08-17;94,7;165;;jah
1987-08-18;97,3;169;;jah
1987-08-19;91,5;161;;jah
1987-08-20;85,1;151;;jah
1987-08-21;78,1;141;;jah
1987-08-22;70,2;127;;jah
1987-08-23;58,5;109;;jah
1987-08-24;50,7;95;;jah
1987-08-25;47,1;87;;jah
1987-08-26;41,3;77;;jah
1987-08-27;38;71;;jah
1987-08-28;34,1;64;;jah
1987-08-29;32,6;61;;jah
1987-08-30;40,3;72;;jah
1987-08-31;46,9;81;;jah
1987-09-01;44,9;78;;jah
1987-09-02;42,2;74;;jah
1987-09-03;38,9;69;;jah
1987-09-04;36,9;66;;jah
1987-09-05;38,2;68;;jah
1987-09-06;37,5;67;;jah
1987-09-07;36,2;65;;jah
1987-09-08;35,5;64;;jah
1987-09-09;44,9;77;;jah
1987-09-10;78;123;;jah
1987-09-11;91,5;141;;jah
1987-09-12;93,8;144;;jah
1987-09-13;99,6;149;;jah
1987-09-14;100;150;;jah
1987-09-15;98,8;148;;jah
1987-09-16;96,3;144;;jah
1987-09-17;90,6;138;;jah
1987-09-18;90,5;135;;jah
1987-09-19;88,9;133;;jah
1987-09-20;98,9;144;;jah
1987-09-21;119;166;;jah
1987-09-22;116;163;;jah
1987-09-23;115;160;;jah
1987-09-24;116;161;;jah
1987-09-25;153;202;;jah
1987-09-26;222;257;;jah
1987-09-27;225;257;;jah
1987-09-28;219;250;;jah
1987-09-29;214;246;;jah
1987-09-30;213;243;;jah
1987-10-01;200;232;;jah
1987-10-02;178;212;;jah
1987-10-03;146;183;;jah
1987-10-04;133;168;;jah
1987-10-05;117;151;;jah
1987-10-06;102;134;;jah
1987-10-07;88,1;118;;jah
1987-10-08;82,8;111;;jah
1987-10-09;76;103;;jah
1987-10-10;73,3;98;;jah
1987-10-11;70,5;64;;jah
1987-10-12;65,4;83;;jah
1987-10-13;58,9;76;;jah
1987-10-14;53,4;70;;jah
1987-10-15;48,9;65;;jah
1987-10-16;46,2;62;;jah
1987-10-17;42,8;58;;jah
1987-10-18;40,5;55;;jah
1987-10-19;38,2;52;;jah
1987-10-20;35,9;49;;jah
1987-10-21;35,9;49;;jah
1987-10-22;35,9;49;;jah
1987-10-23;35,9;49;;jah
1987-10-24;35,1;58;;jah
1987-10-25;35,9;49;;jah
1987-10-26;40,5;55;;jah
1987-10-27;43,6;59;;jah
1987-10-28;43,6;59;;jah
1987-10-29;42,1;57;;jah
1987-10-30;40,5;55;;jah
1987-10-31;38,9;53;;jah
1987-11-01;36,6;50;;jah
1987-11-02;35,1;48;;jah
1987-11-03;34,4;47;;jah
1987-11-04;34,4;47;;jah
1987-11-05;33,6;46;;jah
1987-11-06;33,6;46;;jah
1987-11-07;32,9;45;;jah
1987-11-08;33,6;46;;jah
1987-11-09;32,9;45;;jah
1987-11-10;29,9;41;;jah
1987-11-11;30,7;42;;jah
1987-11-12;30,7;42;;jah
1987-11-13;29,9;41;;jah
1987-11-14;30,7;42;;jah
1987-11-15;32,9;45;;jah
1987-11-16;35,1;48;;jah
1987-11-17;38,2;52;;jah
1987-11-18;41,3;56;;jah
1987-11-19;46,2;62;;jah
1987-11-20;48,9;65;;jah
1987-11-21;47,1;63;;jah
1987-11-22;45,3;61;;jah
1987-11-23;45,3;61;;jah
1987-11-24;42,8;58;;jah
1987-11-25;33,6;46;;jah
1987-11-26;29,9;41;;jah
1987-11-27;35,1;48;;jah
1987-11-28;40,5;55;;jah
1987-11-29;48,9;65;;jah
1987-11-30;69,2;87;;jah
1987-12-01;95;144;;jah
1987-12-02;99;118;;jah
1987-12-03;93;112;;jah
1987-12-04;79,9;100;;jah
1987-12-05;73,5;94;;jah
1987-12-06;63,1;88;;jah
1987-12-07;54,7;82;;jah
1987-12-08;40,6;67;;jah
1987-12-09;29,4;54;;jah
1987-12-10;26,5;53;;jah
1987-12-11;31,3;65;;jah
1987-12-12;30,4;66;;jah
1987-12-13;29,4;67;;jah
1987-12-14;28,9;69;;jah
1987-12-15;27,7;71;;jah
1987-12-16;26,6;71;;jah
1987-12-17;25;71;;jah
1987-12-18;25,3;76;;jah
1987-12-19;33;101;;jah
1987-12-20;32,1;101;;jah
1987-12-21;30,7;97;;jah
1987-12-22;24;79;;jah
1987-12-23;23,3;77;;jah
1987-12-24;27,3;86;;jah
1987-12-25;31,4;93;;jah
1987-12-26;33,3;92;;jah
1987-12-27;35,3;90;;jah
1987-12-28;57,7;130;;jah
1987-12-29;65,5;136;;jah
1987-12-30;69,6;135;;jah
1987-12-31;74,4;130;;jah
1988-01-01;70,1;115;;jah
1988-01-02;68,2;104;;jah
1988-01-03;107;143;;jah
1988-01-04;186;207;;jah
1988-01-05;229;230;;jah
1988-01-06;241;238;;jah
1988-01-07;230;231;;jah
1988-01-08;208;215;;jah
1988-01-09;192;202;;jah
1988-01-10;164;180;;jah
1988-01-11;141;163;;jah
1988-01-12;119;143;;jah
1988-01-13;118;143;;jah
1988-01-14;116;142;;jah
1988-01-15;105;133;;jah
1988-01-16;95,6;124;;jah
1988-01-17;83,7;112;;jah
1988-01-18;77,6;106;;jah
1988-01-19;70;98;;jah
1988-01-20;63,5;91;;jah
1988-01-21;59;90;;jah
1988-01-22;52,6;88;;jah
1988-01-23;47,1;87;;jah
1988-01-24;43;86;;jah
1988-01-25;42,1;92;;jah
1988-01-26;41,7;97;;jah
1988-01-27;41,9;110;;jah
1988-01-28;38,4;119;;jah
1988-01-29;30,9;122;;jah
1988-01-30;27,8;140;;jah
1988-01-31;25,3;151;;jah
1988-02-01;25,8;147;;jah
1988-02-02;22,9;123;;jah
1988-02-03;23;115;;jah
1988-02-04;22,4;105;;jah
1988-02-05;18,7;87;;jah
1988-02-06;17,6;78;;jah
1988-02-07;17,7;75;;jah
1988-02-08;17,9;71;;jah
1988-02-09;20,3;75;;jah
1988-02-10;20,9;75;;jah
1988-02-11;18,9;66;;jah
1988-02-12;17,8;60;;jah
1988-02-13;17,7;57;;jah
1988-02-14;19,6;59;;jah
1988-02-15;20,5;59;;jah
1988-02-16;20,3;55;;jah
1988-02-17;19,4;51;;jah
1988-02-18;19,4;49;;jah
1988-02-19;18,8;45;;jah
1988-02-20;17,1;39;;jah
1988-02-21;14,5;32;;jah
1988-02-22;14,4;31;;jah
1988-02-23;14,6;31;;jah
1988-02-24;15,5;32;;jah
1988-02-25;15,7;32;;jah
1988-02-26;15,9;32;;jah
1988-02-27;15,2;29;;jah
1988-02-28;14,6;27;;jah
1988-02-29;15;27;;jah
1988-03-01;15,2;28;;jah
1988-03-02;15;28;;jah
1988-03-03;14,8;28;;jah
1988-03-04;14,6;28;;jah
1988-03-05;14,6;28;;jah
1988-03-06;14,7;29;;jah
1988-03-07;13,9;27;;jah
1988-03-08;13,4;26;;jah
1988-03-09;13,4;26;;jah
1988-03-10;13,1;25;;jah
1988-03-11;13,1;25;;jah
1988-03-12;13,1;25;;jah
1988-03-13;13,1;25;;jah
1988-03-14;13,3;25;;jah
1988-03-15;13,6;26;;jah
1988-03-16;13,6;26;;jah
1988-03-17;13,9;27;;jah
1988-03-18;14,6;28;;jah
1988-03-19;14,8;28;;jah
1988-03-20;15;28;;jah
1988-03-21;15,6;29;;jah
1988-03-22;15,6;29;;jah
1988-03-23;15,8;29;;jah
1988-03-24;16,4;30;;jah
1988-03-25;16,9;30;;jah
1988-03-26;17,6;31;;jah
1988-03-27;18,3;32;;jah
1988-03-28;22,5;39;;jah
1988-03-29;33;56;;jah
1988-03-30;41,8;68;;jah
1988-03-31;51,1;79;;jah
1988-04-01;122;163;;jah
1988-04-02;192;112;;jah
1988-04-03;255;269;;jah
1988-04-04;232;248;;jah
1988-04-05;247;255;;jah
1988-04-06;265;264;;jah
1988-04-07;241;245;;jah
1988-04-08;201;222;;jah
1988-04-09;180;210;;jah
1988-04-10;166;203;;jah
1988-04-11;136;175;;jah
1988-04-12;106;141;;jah
1988-04-13;96,8;129;;jah
1988-04-14;85,4;116;;jah
1988-04-15;70,9;99;;jah
1988-04-16;65,8;93;;jah
1988-04-17;66,6;93;;jah
1988-04-18;73,3;101;;jah
1988-04-19;87,3;116;;jah
1988-04-20;94,6;123;;jah
1988-04-21;105;132;;jah
1988-04-22;134;159;;jah
1988-04-23;130;155;;jah
1988-04-24;115;140;;jah
1988-04-25;92,2;116;;jah
1988-04-26;44,7;97;;jah
1988-04-27;73;96;;jah
1988-04-28;73,9;97;;jah
1988-04-29;92,1;117;;jah
1988-04-30;147;173;;jah
1988-05-01;208;224;;jah
1988-05-02;233;243;;jah
1988-05-03;238;244;;jah
1988-05-04;226;236;;jah
1988-05-05;213;225;;jah
1988-05-06;202;215;;jah
1988-05-07;194;207;;jah
1988-05-08;171;187;;jah
1988-05-09;147;164;;jah
1988-05-10;121;138;;jah
1988-05-11;94,9;113;;jah
1988-05-12;82,3;100;;jah
1988-05-13;72,7;90;;jah
1988-05-14;63,4;81;;jah
1988-05-15;55,2;72;;jah
1988-05-16;44;60;;jah
1988-05-17;39,3;54;;jah
1988-05-18;35,5;49;;jah
1988-05-19;35,2;49;;jah
1988-05-20;58,6;77;;jah
1988-05-21;65,2;85;;jah
1988-05-22;56,3;75;;jah
1988-05-23;51,3;70;;jah
1988-05-24;51,3;70;;jah
1988-05-25;46,9;65;;jah
1988-05-26;40,4;57;;jah
1988-05-27;36,7;52;;jah
1988-05-28;35,1;50;;jah
1988-05-29;33;47;;jah
1988-05-30;26,1;37;;jah
1988-05-31;23,5;33;;jah
1988-06-01;20,9;29;;jah
1988-06-02;19,8;27;;jah
1988-06-03;20;27;;jah
1988-06-04;20;27;;jah
1988-06-05;20;27;;jah
1988-06-06;20,2;27;;jah
1988-06-07;20,8;28;;jah
1988-06-08;21;28;;jah
1988-06-09;21;28;;jah
1988-06-10;20,1;27;;jah
1988-06-11;18,6;24;;jah
1988-06-12;15,7;19;;jah
1988-06-13;14;16;;jah
1988-06-14;14,2;17;;jah
1988-06-15;14,2;18;;jah
1988-06-16;14,4;19;;jah
1988-06-17;14;20;;jah
1988-06-18;13,9;20;;jah
1988-06-19;13,5;20;;jah
1988-06-20;12,8;19;;jah
1988-06-21;13;19;;jah
1988-06-22;13;19;;jah
1988-06-23;12,6;18;;jah
1988-06-24;12,3;17;;jah
1988-06-25;12,5;18;;jah
1988-06-26;13,3;20;;jah
1988-06-27;12,9;19;;jah
1988-06-28;12,9;19;;jah
1988-06-29;12,2;17;;jah
1988-06-30;12,5;18;;jah
1988-07-01;12,3;21;;jah
1988-07-02;11,9;20;;jah
1988-07-03;11,4;18;;jah
1988-07-04;10,4;15;;jah
1988-07-05;10,4;15;;jah
1988-07-06;11,1;17;;jah
1988-07-07;12,7;21;;jah
1988-07-08;12,7;21;;jah
1988-07-09;11,9;19;;jah
1988-07-10;12,4;20;;jah
1988-07-11;13,4;23;;jah
1988-07-12;13;22;;jah
1988-07-13;12,1;20;;jah
1988-07-14;11,4;18;;jah
1988-07-15;11,6;19;;jah
1988-07-16;12,3;21;;jah
1988-07-17;12,5;22;;jah
1988-07-18;12,5;22;;jah
1988-07-19;13,2;24;;jah
1988-07-20;17,1;34;;jah
1988-07-21;17,8;36;;jah
1988-07-22;16,9;34;;jah
1988-07-23;15,5;31;;jah
1988-07-24;15,9;32;;jah
1988-07-25;17;35;;jah
1988-07-26;18,4;38;;jah
1988-07-27;18,4;38;;jah
1988-07-28;18;37;;jah
1988-07-29;18;37;;jah
1988-07-30;21,7;45;;jah
1988-07-31;26,2;54;;jah
1988-08-01;28,3;59;;jah
1988-08-02;27,4;57;;jah
1988-08-03;26,9;57;;jah
1988-08-04;29,6;62;;jah
1988-08-05;37,1;75;;jah
1988-08-06;61,4;115;;jah
1988-08-07;104;178;;jah
1988-08-08;101;173;;jah
1988-08-09;78,7;140;;jah
1988-08-10;76,7;137;;jah
1988-08-11;80,5;141;;jah
1988-08-12;77,7;135;;jah
1988-08-13;73;128;;jah
1988-08-14;76,8;132;;jah
1988-08-15;81,6;139;;jah
1988-08-16;74,5;127;;jah
1988-08-17;64,2;112;;jah
1988-08-18;65,1;112;;jah
1988-08-19;63,3;108;;jah
1988-08-20;57,4;97;;jah
1988-08-21;55,4;93;;jah
1988-08-22;51,2;87;;jah
1988-08-23;45,5;78;;jah
1988-08-24;44,8;76;;jah
1988-08-25;46;77;;jah
1988-08-26;61,3;97;;jah
1988-08-27;124;174;;jah
1988-08-28;120;169;;jah
1988-08-29;114;160;;jah
1988-08-30;107;150;;jah
1988-08-31;112;154;;jah
1988-09-01;208;244;;jah
1988-09-02;236;267;;jah
1988-09-03;217;252;;jah
1988-09-04;198;236;;jah
1988-09-05;191;231;;jah
1988-09-06;187;227;;jah
1988-09-07;173;215;;jah
1988-09-08;156;199;;jah
1988-09-09;144;187;;jah
1988-09-10;134;177;;jah
1988-09-11;124;166;;jah
1988-09-12;107;145;;jah
1988-09-13;89,6;122;;jah
1988-09-14;86,2;117;;jah
1988-09-15;96,1;127;;jah
1988-09-16;99,9;130;;jah
1988-09-17;93,8;121;;jah
1988-09-18;86,5;112;;jah
1988-09-19;82,8;106;;jah
1988-09-20;80,8;101;;jah
1988-09-21;78,6;97;;jah
1988-09-22;72,4;92;;jah
1988-09-23;65;84;;jah
1988-09-24;60,1;78;;jah
1988-09-25;71,3;90;;jah
1988-09-26;100;119;;jah
1988-09-27;111;131;;jah
1988-09-28;120;140;;jah
1988-09-29;149;137;;jah
1988-09-30;206;213;;jah
1988-10-01;201;209;;jah
1988-10-02;187;198;;jah
1988-10-03;173;187;;jah
1988-10-04;146;164;;jah
1988-10-05;138;156;;jah
1988-10-06;129;148;;jah
1988-10-07;117;137;;jah
1988-10-08;112;132;;jah
1988-10-09;108;128;;jah
1988-10-10;104;124;;jah
1988-10-11;112;133;;jah
1988-10-12;114;135;;jah
1988-10-13;108;130;;jah
1988-10-14;102;119;;jah
1988-10-15;86,5;110;;jah
1988-10-16;80,2;104;;jah
1988-10-17;73;96;;jah
1988-10-18;63,4;86;;jah
1988-10-19;56,7;79;;jah
1988-10-20;50,8;72;;jah
1988-10-21;46,6;67;;jah
1988-10-22;43,3;63;;jah
1988-10-23;41,7;61;;jah
1988-10-24;40,8;60;;jah
1988-10-25;39,4;58;;jah
1988-10-26;37,7;55;;jah
1988-10-27;35,5;52;;jah
1988-10-28;36,2;53;;jah
1988-10-29;39,2;57;;jah
1988-10-30;53;74;;jah
1988-10-31;71,4;95;;jah
1988-11-01;63,8;88;;jah
1988-11-02;55,4;79;;jah
1988-11-03;46,2;69;;jah
1988-11-04;42,8;66;;jah
1988-11-05;41,3;66;;jah
1988-11-06;46,2;74;;jah
1988-11-07;58,4;92;;jah
1988-11-08;58,4;94;;jah
1988-11-09;51,1;85;;jah
1988-11-10;43,3;74;;jah
1988-11-11;33,1;59;;jah
1988-11-12;32;57;;jah
1988-11-13;35,1;62;;jah
1988-11-14;35,8;63;;jah
1988-11-15;37,8;66;;jah
1988-11-16;39,9;69;;jah
1988-11-17;44,7;75;;jah
1988-11-18;51,7;85;;jah
1988-11-19;53,3;87;;jah
1988-11-20;48,9;82;;jah
1988-11-21;37,4;66;;jah
1988-11-22;34,2;62;;jah
1988-11-23;41,8;76;;jah
1988-11-24;55,6;99;;jah
1988-11-25;58,4;106;;jah
1988-11-26;58,8;108;;jah
1988-11-27;56,7;106;;jah
1988-11-28;52,4;99;;jah
1988-11-29;50,5;96;;jah
1988-11-30;49,3;94;;jah
1988-12-01;44,3;92;;jah
1988-12-02;49,8;103;;jah
1988-12-03;52,8;110;;jah
1988-12-04;54,2;114;;jah
1988-12-05;57,7;122;;jah
1988-12-06;60,5;129;;jah
1988-12-07;62,1;134;;jah
1988-12-08;63,2;136;;jah
1988-12-09;61;134;;jah
1988-12-10;55,1;123;;jah
1988-12-11;49,8;113;;jah
1988-12-12;47,2;108;;jah
1988-12-13;46,1;104;;jah
1988-12-14;45;102;;jah
1988-12-15;45,6;100;;jah
1988-12-16;44;97;;jah
1988-12-17;43,8;95;;jah
1988-12-18;46,2;98;;jah
1988-12-19;48,1;100;;jah
1988-12-20;49,4;101;;jah
1988-12-21;50,3;101;;jah
1988-12-22;50,9;102;;jah
1988-12-23;53,4;105;;jah
1988-12-24;55,2;108;;jah
1988-12-25;57,3;110;;jah
1988-12-26;57,3;110;;jah
1988-12-27;57,6;109;;jah
1988-12-28;56,4;107;;jah
1988-12-29;57;108;;jah
1988-12-30;59,2;110;;jah
1988-12-31;61,8;114;;jah
1989-01-01;63,1;116;;jah
1989-01-02;64;116;;jah
1989-01-03;65;116;;jah
1989-01-04;67,3;118;;jah
1989-01-05;73,1;125;;jah
1989-01-06;98;156;;jah
1989-01-07;114;173;;jah
1989-01-08;122;181;;jah
1989-01-09;131;186;;jah
1989-01-10;145;199;;jah
1989-01-11;142;200;;jah
1989-01-12;141;201;;jah
1989-01-13;135;203;;jah
1989-01-14;139;214;;jah
1989-01-15;168;250;;jah
1989-01-16;239;315;;jah
1989-01-17;299;355;;jah
1989-01-18;305;361;;jah
1989-01-19;279;348;;jah
1989-01-20;265;339;;jah
1989-01-21;256;333;;jah
1989-01-22;256;333;;jah
1989-01-23;260;333;;jah
1989-01-24;254;329;;jah
1989-01-25;246;320;;jah
1989-01-26;244;311;;jah
1989-01-27;247;301;;jah
1989-01-28;253;281;;jah
1989-01-29;248;262;;jah
1989-01-30;238;241;;jah
1989-01-31;210;216;;jah
1989-02-01;210;216;;jah
1989-02-02;202;210;;jah
1989-02-03;188;199;;jah
1989-02-04;176;189;;jah
1989-02-05;174;188;;jah
1989-02-06;187;198;;jah
1989-02-07;189;200;;jah
1989-02-08;192;202;;jah
1989-02-09;197;206;;jah
1989-02-10;188;199;;jah
1989-02-11;167;182;;jah
1989-02-12;155;172;;jah
1989-02-13;134;152;;jah
1989-02-14;116;135;;jah
1989-02-15;106;125;;jah
1989-02-16;101;119;;jah
1989-02-17;94;113;;jah
1989-02-18;87,2;106;;jah
1989-02-19;82,4;101;;jah
1989-02-20;77,7;96;;jah
1989-02-21;72;90;;jah
1989-02-22;74,8;93;;jah
1989-02-23;73,9;92;;jah
1989-02-24;73;91;;jah
1989-02-25;73,9;92;;jah
1989-02-26;78,6;97;;jah
1989-02-27;98;117;;jah
1989-02-28;167;182;;jah
1989-03-01;262;253;;jah
1989-03-02;257;249;;jah
1989-03-03;235;234;;jah
1989-03-04;216;221;;jah
1989-03-05;203;211;;jah
1989-03-06;189;200;;jah
1989-03-07;170;185;;jah
1989-03-08;151;168;;jah
1989-03-09;135;163;;jah
1989-03-10;128;146;;jah
1989-03-11;117;136;;jah
1989-03-12;105;124;;jah
1989-03-13;87,2;106;;jah
1989-03-14;85,3;104;;jah
1989-03-15;86,2;105;;jah
1989-03-16;87,2;106;;jah
1989-03-17;89,1;108;;jah
1989-03-18;89,1;108;;jah
1989-03-19;90;109;;jah
1989-03-20;98;117;;jah
1989-03-21;108;127;;jah
1989-03-22;111;130;;jah
1989-03-23;118;137;;jah
1989-03-24;124;143;;jah
1989-03-25;134;152;;jah
1989-03-26;140;158;;jah
1989-03-27;139;157;;jah
1989-03-28;130;148;;jah
1989-03-29;123;142;;jah
1989-03-30;116;135;;jah
1989-03-31;108;127;;jah
1989-04-01;101;121;;jah
1989-04-02;90,2;111;;jah
1989-04-03;76,2;97;;jah
1989-04-04;61,3;80;;jah
1989-04-05;54,6;72;;jah
1989-04-06;50,7;67;;jah
1989-04-07;49,8;66;;jah
1989-04-08;48,9;65;;jah
1989-04-09;48;64;;jah
1989-04-10;53,4;70;;jah
1989-04-11;58,9;76;;jah
1989-04-12;59,8;77;;jah
1989-04-13;56,1;73;;jah
1989-04-14;51,6;68;;jah
1989-04-15;48;64;;jah
1989-04-16;42,8;58;;jah
1989-04-17;39,7;54;;jah
1989-04-18;37,4;51;;jah
1989-04-19;38,2;52;;jah
1989-04-20;40,5;55;;jah
1989-04-21;42,1;57;;jah
1989-04-22;45,3;61;;jah
1989-04-23;49,8;66;;jah
1989-04-24;52,5;69;;jah
1989-04-25;52,5;69;;jah
1989-04-26;51,6;68;;jah
1989-04-27;48,9;65;;jah
1989-04-28;43,6;59;;jah
1989-04-29;38,9;53;;jah
1989-04-30;35,9;49;;jah
1989-05-01;35,9;49;;jah
1989-05-02;34,4;47;;jah
1989-05-03;33,6;46;;jah
1989-05-04;33,6;46;;jah
1989-05-05;32,2;44;;jah
1989-05-06;29,9;41;;jah
1989-05-07;27,9;38;;jah
1989-05-08;25,2;34;;jah
1989-05-09;23,2;31;;jah
1989-05-10;23,2;31;;jah
1989-05-11;22,5;30;;jah
1989-05-12;22,3;30;;jah
1989-05-13;21;28;;jah
1989-05-14;20,5;28;;jah
1989-05-15;19,6;27;;jah
1989-05-16;18,7;26;;jah
1989-05-17;18,3;26;;jah
1989-05-18;17,4;25;;jah
1989-05-19;16;23;;jah
1989-05-20;15,6;23;;jah
1989-05-21;14,8;22;;jah
1989-05-22;14,7;22;;jah
1989-05-23;14,3;21;;jah
1989-05-24;14,3;21;;jah
1989-05-25;13,8;20;;jah
1989-05-26;13,4;19;;jah
1989-05-27;13,4;19;;jah
1989-05-28;13,4;19;;jah
1989-05-29;13;18;;jah
1989-05-30;13;18;;jah
1989-05-31;12,6;17;;jah
1989-06-01;12,6;17;;jah
1989-06-02;12,6;17;;jah
1989-06-03;12,8;18;;jah
1989-06-04;13,2;19;;jah
1989-06-05;13,6;20;;jah
1989-06-06;14,1;21;;jah
1989-06-07;16,2;26;;jah
1989-06-08;22,3;38;;jah
1989-06-09;23,9;41;;jah
1989-06-10;23,9;41;;jah
1989-06-11;24,3;42;;jah
1989-06-12;23,1;40;;jah
1989-06-13;22,2;39;;jah
1989-06-14;21,9;39;;jah
1989-06-15;21,5;38;;jah
1989-06-16;21,7;39;;jah
1989-06-17;22,2;40;;jah
1989-06-18;20,4;37;;jah
1989-06-19;18,4;33;;jah
1989-06-20;17,2;31;;jah
1989-06-21;15,8;28;;jah
1989-06-22;14,2;24;;jah
1989-06-23;13;21;;jah
1989-06-24;12;19;;jah
1989-06-25;11,4;17;;jah
1989-06-26;11,4;17;;jah
1989-06-27;10,9;16;;jah
1989-06-28;10,5;15;;jah
1989-06-29;10;14;;jah
1989-06-30;9,66;13;;jah
1989-07-01;9,38;13;;jah
1989-07-02;9,11;13;;jah
1989-07-03;8,98;13;;jah
1989-07-04;8,84;13;;jah
1989-07-05;9,2;15;;jah
1989-07-06;9,05;15;;jah
1989-07-07;8,74;14;;jah
1989-07-08;8,05;12;;jah
1989-07-09;8,05;12;;jah
1989-07-10;7,62;11;;jah
1989-07-11;7,75;11;;jah
1989-07-12;7,87;11;;jah
1989-07-13;7,56;10;;jah
1989-07-14;7,69;10;;jah
1989-07-15;7,81;10;;jah
1989-07-16;8,71;12;;jah
1989-07-17;10,5;17;;jah
1989-07-18;10,8;17;;jah
1989-07-19;10,4;16;;jah
1989-07-20;10,7;15;;jah
1989-07-21;10,7;16;;jah
1989-07-22;10,6;16;;jah
1989-07-23;10,3;16;;jah
1989-07-24;9,31;14;;jah
1989-07-25;8,84;13;;jah
1989-07-26;8,32;12;;jah
1989-07-27;7,32;10;;jah
1989-07-28;7,2;10;;jah
1989-07-29;6,9;9;;jah
1989-07-30;6,78;9;;jah
1989-07-31;6,61;8;;jah
1989-08-01;6,61;8;;jah
1989-08-02;6,1;6;;jah
1989-08-03;6,66;9;;jah
1989-08-04;8,31;16;;jah
1989-08-05;9,35;20;;jah
1989-08-06;10;23;;jah
1989-08-07;10,4;24;;jah
1989-08-08;10;23;;jah
1989-08-09;10;23;;jah
1989-08-10;9,77;22;;jah
1989-08-11;9,77;22;;jah
1989-08-12;10,2;24;;jah
1989-08-13;10,2;24;;jah
1989-08-14;10,2;24;;jah
1989-08-15;10,2;24;;jah
1989-08-16;10,5;25;;jah
1989-08-17;10,2;24;;jah
1989-08-18;9,86;23;;jah
1989-08-19;9,33;21;;jah
1989-08-20;8,48;18;;jah
1989-08-21;8,31;16;;jah
1989-08-22;7,9;14;;jah
1989-08-23;7,89;13;;jah
1989-08-24;8,16;13;;jah
1989-08-25;9,36;16;;jah
1989-08-26;10,2;18;;jah
1989-08-27;10,9;19;;jah
1989-08-28;11,4;19;;jah
1989-08-29;12,2;20;;jah
1989-08-30;14;23;;jah
1989-08-31;16,6;27;;jah
1989-09-01;17,6;29;;jah
1989-09-02;17,8;30;;jah
1989-09-03;18,3;31;;jah
1989-09-04;18,6;32;;jah
1989-09-05;17,9;31;;jah
1989-09-06;16,3;28;;jah
1989-09-07;14,4;24;;jah
1989-09-08;13,4;22;;jah
1989-09-09;12,4;20;;jah
1989-09-10;11,7;19;;jah
1989-09-11;11,1;17;;jah
1989-09-12;10,9;17;;jah
1989-09-13;10,4;16;;jah
1989-09-14;10,3;16;;jah
1989-09-15;9,78;15;;jah
1989-09-16;9,64;15;;jah
1989-09-17;9,64;15;;jah
1989-09-18;9,31;14;;jah
1989-09-19;9,31;14;;jah
1989-09-20;9,31;14;;jah
1989-09-21;9,31;14;;jah
1989-09-22;9,31;14;;jah
1989-09-23;9,45;14;;jah
1989-09-24;9,11;13;;jah
1989-09-25;9,25;13;;jah
1989-09-26;9,38;13;;jah
1989-09-27;9,66;13;;jah
1989-09-28;9,79;13;;jah
1989-09-29;9,77;12;;jah
1989-09-30;10;12;;jah
1989-10-01;9,53;11;;jah
1989-10-02;9,77;12;;jah
1989-10-03;11,2;16;;jah
1989-10-04;11,2;16;;jah
1989-10-05;11,5;17;;jah
1989-10-06;11,5;17;;jah
1989-10-07;11;16;;jah
1989-10-08;10,7;15;;jah
1989-10-09;10,7;15;;jah
1989-10-10;10,3;14;;jah
1989-10-11;10,6;14;;jah
1989-10-12;10,9;14;;jah
1989-10-13;11;14;;jah
1989-10-14;11,5;15;;jah
1989-10-15;12,6;17;;jah
1989-10-16;17,1;27;;jah
1989-10-17;20,3;33;;jah
1989-10-18;23,1;37;;jah
1989-10-19;24;38;;jah
1989-10-20;23,4;37;;jah
1989-10-21;22,8;36;;jah
1989-10-22;23,7;38;;jah
1989-10-23;28;45;;jah
1989-10-24;31,4;51;;jah
1989-10-25;52,5;80;;jah
1989-10-26;86,3;123;;jah
1989-10-27;117;135;;jah
1989-10-28;94,6;133;;jah
1989-10-29;88,6;127;;jah
1989-10-30;85,3;123;;jah
1989-10-31;86,9;125;;jah
1989-11-01;84,2;123;;jah
1989-11-02;77,8;116;;jah
1989-11-03;77;114;;jah
1989-11-04;77;114;;jah
1989-11-05;77,8;115;;jah
1989-11-06;78,6;116;;jah
1989-11-07;79,4;117;;jah
1989-11-08;76,3;112;;jah
1989-11-09;71,5;106;;jah
1989-11-10;71,5;105;;jah
1989-11-11;66,9;99;;jah
1989-11-12;64,5;96;;jah
1989-11-13;63,6;93;;jah
1989-11-14;80,8;113;;jah
1989-11-15;98,3;132;;jah
1989-11-16;103;136;;jah
1989-11-17;95,2;131;;jah
1989-11-18;82,8;120;;jah
1989-11-19;67;107;;jah
1989-11-20;56,6;97;;jah
1989-11-21;48,8;92;;jah
1989-11-22;41,1;84;;jah
1989-11-23;30,5;69;;jah
1989-11-24;24,9;60;;jah
1989-11-25;22,3;57;;jah
1989-11-26;23,6;62;;jah
1989-11-27;24,4;66;;jah
1989-11-28;29;79;;jah
1989-11-29;31,4;86;;jah
1989-11-30;31,5;88;;jah
1989-12-01;31,4;86;;jah
1989-12-02;29,2;81;;jah
1989-12-03;28,3;79;;jah
1989-12-04;27,1;76;;jah
1989-12-05;29;79;;jah
1989-12-06;32,5;87;;jah
1989-12-07;35;91;;jah
1989-12-08;36,7;93;;jah
1989-12-09;36,7;93;;jah
1989-12-10;37;92;;jah
1989-12-11;37,7;92;;jah
1989-12-12;43,5;99;;jah
1989-12-13;43,5;99;;jah
1989-12-14;44,3;99;;jah
1989-12-15;44,3;96;;jah
1989-12-16;43,4;93;;jah
1989-12-17;47,6;99;;jah
1989-12-18;51,2;104;;jah
1989-12-19;54,4;108;;jah
1989-12-20;63,6;120;;jah
1989-12-21;72,8;131;;jah
1989-12-22;77,2;136;;jah
1989-12-23;105;173;;jah
1989-12-24;148;220;;jah
1989-12-25;160;225;;jah
1989-12-26;152;212;;jah
1989-12-27;140;198;;jah
1989-12-28;138;193;;jah
1989-12-29;132;186;;jah
1989-12-30;123;175;;jah
1989-12-31;117;164;;jah
1990-01-01;102;158;;jah
1990-01-02;99,9;153;;jah
1990-01-03;94,7;146;;jah
1990-01-04;89,5;140;;jah
1990-01-05;86,6;136;;jah
1990-01-06;83,6;132;;jah
1990-01-07;71;115;;jah
1990-01-08;57,6;95;;jah
1990-01-09;48,3;82;;jah
1990-01-10;42,8;74;;jah
1990-01-11;41,4;72;;jah
1990-01-12;40,2;71;;jah
1990-01-13;43,6;76;;jah
1990-01-14;41,5;73;;jah
1990-01-15;36,4;66;;jah
1990-01-16;36,4;66;;jah
1990-01-17;39,6;71;;jah
1990-01-18;45,6;81;;jah
1990-01-19;67;112;;jah
1990-01-20;78,5;128;;jah
1990-01-21;83,5;135;;jah
1990-01-22;85;137;;jah
1990-01-23;82,4;135;;jah
1990-01-24;94,5;153;;jah
1990-01-25;127;196;;jah
1990-01-26;160;232;;jah
1990-01-27;203;275;;jah
1990-01-28;226;294;;jah
1990-01-29;218;291;;jah
1990-01-30;226;296;;jah
1990-01-31;227;297;;jah
1990-02-01;218;291;;jah
1990-02-02;209;281;;jah
1990-02-03;195;263;;jah
1990-02-04;220;277;;jah
1990-02-05;229;275;;jah
1990-02-06;237;270;;jah
1990-02-07;230;258;;jah
1990-02-08;238;253;;jah
1990-02-09;346;310;;jah
1990-02-10;366;314;;jah
1990-02-11;368;315;;jah
1990-02-12;346;303;;jah
1990-02-13;328;293;;jah
1990-02-14;303;278;;jah
1990-02-15;278;263;;jah
1990-02-16;203;211;;jah
1990-02-17;173;187;;jah
1990-02-18;152;169;;jah
1990-02-19;120;139;;jah
1990-02-20;114;133;;jah
1990-02-21;136;154;;jah
1990-02-22;194;204;;jah
1990-02-23;211;217;;jah
1990-02-24;205;212;;jah
1990-02-25;206;213;;jah
1990-02-26;248;243;;jah
1990-02-27;264;254;;jah
1990-02-28;301;277;;jah
1990-03-01;304;279;;jah
1990-03-02;298;275;;jah
1990-03-03;291;271;;jah
1990-03-04;275;261;;jah
1990-03-05;251;245;;jah
1990-03-06;258;250;;jah
1990-03-07;268;257;;jah
1990-03-08;261;252;;jah
1990-03-09;252;246;;jah
1990-03-10;258;250;;jah
1990-03-11;266;255;;jah
1990-03-12;251;245;;jah
1990-03-13;226;228;;jah
1990-03-14;206;213;;jah
1990-03-15;167;182;;jah
1990-03-16;159;173;;jah
1990-03-17;177;190;;jah
1990-03-18;183;195;;jah
1990-03-19;179;192;;jah
1990-03-20;169;184;;jah
1990-03-21;163;179;;jah
1990-03-22;153;170;;jah
1990-03-23;150;167;;jah
1990-03-24;151;168;;jah
1990-03-25;162;178;;jah
1990-03-26;157;174;;jah
1990-03-27;154;171;;jah
1990-03-28;145;163;;jah
1990-03-29;128;146;;jah
1990-03-30;120;139;;jah
1990-03-31;105;124;;jah
1990-04-01;87,2;106;;jah
1990-04-02;78,6;97;;jah
1990-04-03;75,8;94;;jah
1990-04-04;71;89;;jah
1990-04-05;66,3;84;;jah
1990-04-06;62,5;80;;jah
1990-04-07;58;75;;jah
1990-04-08;52,5;69;;jah
1990-04-09;49,8;66;;jah
1990-04-10;47,1;63;;jah
1990-04-11;44,4;60;;jah
1990-04-12;42,8;58;;jah
1990-04-13;41,3;56;;jah
1990-04-14;38,2;52;;jah
1990-04-15;36,6;50;;jah
1990-04-16;36,6;50;;jah
1990-04-17;35,9;49;;jah
1990-04-18;35,9;49;;jah
1990-04-19;35,9;49;;jah
1990-04-20;36,6;50;;jah
1990-04-21;36,6;50;;jah
1990-04-22;35,9;49;;jah
1990-04-23;34,4;47;;jah
1990-04-24;34,4;47;;jah
1990-04-25;32,9;45;;jah
1990-04-26;29,9;41;;jah
1990-04-27;29,9;41;;jah
1990-04-28;29,2;40;;jah
1990-04-29;28,5;39;;jah
1990-04-30;27,2;37;;jah
1990-05-01;23,2;35;;jah
1990-05-02;22,7;34;;jah
1990-05-03;21,8;33;;jah
1990-05-04;21,2;32;;jah
1990-05-05;20,9;32;;jah
1990-05-06;20,9;32;;jah
1990-05-07;20,2;31;;jah
1990-05-08;19,4;30;;jah
1990-05-09;18,5;29;;jah
1990-05-10;17,8;28;;jah
1990-05-11;17,8;28;;jah
1990-05-12;17,1;27;;jah
1990-05-13;16,8;27;;jah
1990-05-14;16;26;;jah
1990-05-15;15,8;26;;jah
1990-05-16;15,6;26;;jah
1990-05-17;15,2;25;;jah
1990-05-18;15,4;26;;jah
1990-05-19;15,2;26;;jah
1990-05-20;15,4;26;;jah
1990-05-21;14,8;26;;jah
1990-05-22;14,3;25;;jah
1990-05-23;13,6;24;;jah
1990-05-24;13,2;23;;jah
1990-05-25;13;23;;jah
1990-05-26;13,4;24;;jah
1990-05-27;13,7;25;;jah
1990-05-28;13,7;25;;jah
1990-05-29;13,7;25;;jah
1990-05-30;13,5;25;;jah
1990-05-31;13,5;25;;jah
1990-06-01;12,9;24;;jah
1990-06-02;12,3;23;;jah
1990-06-03;11,8;22;;jah
1990-06-04;11,6;22;;jah
1990-06-05;11,4;22;;jah
1990-06-06;10,7;21;;jah
1990-06-07;10,6;21;;jah
1990-06-08;10,4;21;;jah
1990-06-09;10,2;21;;jah
1990-06-10;9,69;20;;jah
1990-06-11;9,41;19;;jah
1990-06-12;9,24;19;;jah
1990-06-13;9,08;19;;jah
1990-06-14;9,08;19;;jah
1990-06-15;8,8;18;;jah
1990-06-16;8,58;17;;jah
1990-06-17;8,31;16;;jah
1990-06-18;8,58;17;;jah
1990-06-19;8,8;18;;jah
1990-06-20;8,8;18;;jah
1990-06-21;8,8;18;;jah
1990-06-22;8,8;18;;jah
1990-06-23;8,96;18;;jah
1990-06-24;8,96;18;;jah
1990-06-25;8,96;18;;jah
1990-06-26;8,61;16;;jah
1990-06-27;8,47;15;;jah
1990-06-28;8,18;14;;jah
1990-06-29;8,18;14;;jah
1990-06-30;7,66;12;;jah
1990-07-01;7,79;12;;jah
1990-07-02;7,92;12;;jah
1990-07-03;8,05;12;;jah
1990-07-04;7,75;11;;jah
1990-07-05;7,87;11;;jah
1990-07-06;7,87;11;;jah
1990-07-07;8;11;;jah
1990-07-08;8,13;11;;jah
1990-07-09;7,93;10;;jah
1990-07-10;8,05;10;;jah
1990-07-11;8,17;10;;jah
1990-07-12;8,3;10;;jah
1990-07-13;8,42;10;;jah
1990-07-14;8,54;10;;jah
1990-07-15;8,66;10;;jah
1990-07-16;9,79;13;;jah
1990-07-17;10,5;15;;jah
1990-07-18;12;19;;jah
1990-07-19;15,8;29;;jah
1990-07-20;16,9;32;;jah
1990-07-21;18,8;37;;jah
1990-07-22;19;40;;jah
1990-07-23;18,4;40;;jah
1990-07-24;18,7;42;;jah
1990-07-25;24,8;57;;jah
1990-07-26;60,2;121;;jah
1990-07-27;91,1;174;;jah
1990-07-28;80,6;157;;jah
1990-07-29;69;138;;jah
1990-07-30;49,5;104;;jah
1990-07-31;41,8;90;;jah
1990-08-01;43,1;82;;jah
1990-08-02;41,6;74;;jah
1990-08-03;41;74;;jah
1990-08-04;41;74;;jah
1990-08-05;39,8;73;;jah
1990-08-06;38,6;72;;jah
1990-08-07;38;71;;jah
1990-08-08;33,6;64;;jah
1990-08-09;25,8;51;;jah
1990-08-10;19,4;39;;jah
1990-08-11;15,8;31;;jah
1990-08-12;14,6;28;;jah
1990-08-13;14,6;28;;jah
1990-08-14;15,9;32;;jah
1990-08-15;15,9;32;;jah
1990-08-16;15,3;31;;jah
1990-08-17;14,9;30;;jah
1990-08-18;14,9;30;;jah
1990-08-19;15,5;32;;jah
1990-08-20;17,2;36;;jah
1990-08-21;17,9;38;;jah
1990-08-22;17,9;38;;jah
1990-08-23;17,9;38;;jah
1990-08-24;17,4;37;;jah
1990-08-25;17;36;;jah
1990-08-26;17,4;37;;jah
1990-08-27;17,6;38;;jah
1990-08-28;19,8;43;;jah
1990-08-29;25,1;55;;jah
1990-08-30;36;75;;jah
1990-08-31;53,4;105;;jah
1990-09-01;55,2;108;;jah
1990-09-02;54,9;106;;jah
1990-09-03;54;103;;jah
1990-09-04;47,3;92;;jah
1990-09-05;42,4;84;;jah
1990-09-06;41,2;81;;jah
1990-09-07;39,5;78;;jah
1990-09-08;39,5;77;;jah
1990-09-09;39,5;77;;jah
1990-09-10;40,7;78;;jah
1990-09-11;43,1;81;;jah
1990-09-12;46,4;85;;jah
1990-09-13;45,8;83;;jah
1990-09-14;45,6;81;;jah
1990-09-15;46,3;80;;jah
1990-09-16;46,1;78;;jah
1990-09-17;44,3;73;;jah
1990-09-18;35,5;58;;jah
1990-09-19;32,2;51;;jah
1990-09-20;30,9;48;;jah
1990-09-21;29,6;46;;jah
1990-09-22;29,9;47;;jah
1990-09-23;32,3;53;;jah
1990-09-24;60,6;96;;jah
1990-09-25;76,3;128;;jah
1990-09-26;72,2;130;;jah
1990-09-27;83,4;157;;jah
1990-09-28;83,1;168;;jah
1990-09-29;83,2;164;;jah
1990-09-30;82,8;156;;jah
1990-10-01;77,4;147;;jah
1990-10-02;79,4;145;;jah
1990-10-03;86,5;149;;jah
1990-10-04;94,5;155;;jah
1990-10-05;101;160;;jah
1990-10-06;116;174;;jah
1990-10-07;156;212;;jah
1990-10-08;193;243;;jah
1990-10-09;217;257;;jah
1990-10-10;227;260;;jah
1990-10-11;234;261;;jah
1990-10-12;228;253;;jah
1990-10-13;218;241;;jah
1990-10-14;202;225;;jah
1990-10-15;181;206;;jah
1990-10-16;155;182;;jah
1990-10-17;142;168;;jah
1990-10-18;135;160;;jah
1990-10-19;128;151;;jah
1990-10-20;117;142;;jah
1990-10-21;105;130;;jah
1990-10-22;89,3;113;;jah
1990-10-23;78,4;102;;jah
1990-10-24;73;96;;jah
1990-10-25;68,7;92;;jah
1990-10-26;67;90;;jah
1990-10-27;63,1;86;;jah
1990-10-28;59,2;82;;jah
1990-10-29;51,9;74;;jah
1990-10-30;47,3;69;;jah
1990-10-31;44,8;66;;jah
1990-11-01;68,2;94;;jah
1990-11-02;121;152;;jah
1990-11-03;136;168;;jah
1990-11-04;140;172;;jah
1990-11-05;134;166;;jah
1990-11-06;127;159;;jah
1990-11-07;121;152;;jah
1990-11-08;106;137;;jah
1990-11-09;95,4;125;;jah
1990-11-10;85,5;114;;jah
1990-11-11;78,4;105;;jah
1990-11-12;71,5;97;;jah
1990-11-13;68;92;;jah
1990-11-14;65,3;89;;jah
1990-11-15;64,5;88;;jah
1990-11-16;67;90;;jah
1990-11-17;109;136;;jah
1990-11-18;206;223;;jah
1990-11-19;219;231;;jah
1990-11-20;208;223;;jah
1990-11-21;195;211;;jah
1990-11-22;177;196;;jah
1990-11-23;149;172;;jah
1990-11-24;134;158;;jah
1990-11-25;121;145;;jah
1990-11-26;125;148;;jah
1990-11-27;128;150;;jah
1990-11-28;129;151;;jah
1990-11-29;131;153;;jah
1990-11-30;132;153;;jah
1990-12-01;126;149;;jah
1990-12-02;117;141;;jah
1990-12-03;111;135;;jah
1990-12-04;107;130;;jah
1990-12-05;102;125;;jah
1990-12-06;99,8;123;;jah
1990-12-07;93,1;117;;jah
1990-12-08;91,2;115;;jah
1990-12-09;92,1;117;;jah
1990-12-10;93,1;118;;jah
1990-12-11;89,3;115;;jah
1990-12-12;85,6;112;;jah
1990-12-13;75,9;102;;jah
1990-12-14;62,2;96;;jah
1990-12-15;44,9;88;;jah
1990-12-16;31,6;85;;jah
1990-12-17;30,2;85;;jah
1990-12-18;29,6;85;;jah
1990-12-19;29,3;86;;jah
1990-12-20;29,8;87;;jah
1990-12-21;30,7;91;;jah
1990-12-22;34,6;101;;jah
1990-12-23;37,1;105;;jah
1990-12-24;38,4;106;;jah
1990-12-25;39,2;106;;jah
1990-12-26;38,4;102;;jah
1990-12-27;40,5;105;;jah
1990-12-28;44,6;112;;jah
1990-12-29;49,5;120;;jah
1990-12-30;51;123;;jah
1990-12-31;52,5;124;;jah
1991-01-01;52;123;;jah
1991-01-02;48,9;113;;jah
1991-01-03;44;100;;jah
1991-01-04;41,9;93;;jah
1991-01-05;40,5;89;;jah
1991-01-06;36,3;80;;jah
1991-01-07;37,3;83;;jah
1991-01-08;97,7;130;;jah
1991-01-09;163;195;;jah
1991-01-10;201;224;;jah
1991-01-11;244;253;;jah
1991-01-12;269;266;;jah
1991-01-13;252;253;;jah
1991-01-14;214;226;;jah
1991-01-15;190;207;;jah
1991-01-16;178;198;;jah
1991-01-17;169;191;;jah
1991-01-18;155;179;;jah
1991-01-19;139;166;;jah
1991-01-20;127;156;;jah
1991-01-21;117;149;;jah
1991-01-22;101;136;;jah
1991-01-23;78,4;117;;jah
1991-01-24;60;102;;jah
1991-01-25;45,4;90;;jah
1991-01-26;33,9;79;;jah
1991-01-27;25,6;70;;jah
1991-01-28;21,5;65;;jah
1991-01-29;22,4;70;;jah
1991-01-30;23,6;73;;jah
1991-01-31;24,4;75;;jah
1991-02-01;25,1;82;;jah
1991-02-02;26,6;88;;jah
1991-02-03;26,3;89;;jah
1991-02-04;26,6;92;;jah
1991-02-05;31,5;109;;jah
1991-02-06;34,3;120;;jah
1991-02-07;33,7;118;;jah
1991-02-08;29;104;;jah
1991-02-09;26,4;96;;jah
1991-02-10;24,5;90;;jah
1991-02-11;22,5;84;;jah
1991-02-12;20,6;78;;jah
1991-02-13;17,2;67;;jah
1991-02-14;15,1;60;;jah
1991-02-15;13;52;;jah
1991-02-16;11,7;47;;jah
1991-02-17;11,2;45;;jah
1991-02-18;10,7;43;;jah
1991-02-19;10,4;42;;jah
1991-02-20;9,93;40;;jah
1991-02-21;9,49;38;;jah
1991-02-22;9,77;38;;jah
1991-02-23;11,1;40;;jah
1991-02-24;17,1;54;;jah
1991-02-25;60,5;140;;jah
1991-02-26;108;206;;jah
1991-02-27;111;197;;jah
1991-02-28;96,6;168;;jah
1991-03-01;75;140;;jah
1991-03-02;71,2;132;;jah
1991-03-03;64,6;119;;jah
1991-03-04;53,6;101;;jah
1991-03-05;41,3;80;;jah
1991-03-06;34;67;;jah
1991-03-07;30,2;60;;jah
1991-03-08;26,4;50;;jah
1991-03-09;23;41;;jah
1991-03-10;22,6;38;;jah
1991-03-11;23,9;39;;jah
1991-03-12;25,8;42;;jah
1991-03-13;30,4;50;;jah
1991-03-14;42,1;67;;jah
1991-03-15;56,7;87;;jah
1991-03-16;73,8;109;;jah
1991-03-17;76,4;111;;jah
1991-03-18;77,3;111;;jah
1991-03-19;79,1;111;;jah
1991-03-20;85,3;117;;jah
1991-03-21;117;151;;jah
1991-03-22;183;211;;jah
1991-03-23;240;254;;jah
1991-03-24;259;264;;jah
1991-03-25;222;233;;jah
1991-03-26;191;206;;jah
1991-03-27;165;183;;jah
1991-03-28;148;163;;jah
1991-03-29;123;137;;jah
1991-03-30;109;122;;jah
1991-03-31;105;116;;jah
1991-04-01;109;120;;jah
1991-04-02;120;133;;jah
1991-04-03;141;158;;jah
1991-04-04;158;178;;jah
1991-04-05;184;201;;jah
1991-04-06;184;202;;jah
1991-04-07;174;192;;jah
1991-04-08;164;182;;jah
1991-04-09;154;174;;jah
1991-04-10;147;165;;jah
1991-04-11;140;159;;jah
1991-04-12;140;158;;jah
1991-04-13;133;150;;jah
1991-04-14;123;141;;jah
1991-04-15;116;133;;jah
1991-04-16;107;124;;jah
1991-04-17;95,8;112;;jah
1991-04-18;85,9;102;;jah
1991-04-19;78,8;94;;jah
1991-04-20;72;87;;jah
1991-04-21;67;82;;jah
1991-04-22;62,2;77;;jah
1991-04-23;64,1;79;;jah
1991-04-24;62,8;77;;jah
1991-04-25;58,9;73;;jah
1991-04-26;55,7;69;;jah
1991-04-27;51,8;65;;jah
1991-04-28;47,1;60;;jah
1991-04-29;45,4;58;;jah
1991-04-30;43,8;56;;jah
1991-05-01;42,1;55;;jah
1991-05-02;44,1;58;;jah
1991-05-03;62,2;79;;jah
1991-05-04;68,5;87;;jah
1991-05-05;68,7;88;;jah
1991-05-06;67,5;86;;jah
1991-05-07;61,3;78;;jah
1991-05-08;52,6;68;;jah
1991-05-09;44,9;59;;jah
1991-05-10;41,3;54;;jah
1991-05-11;38,1;50;;jah
1991-05-12;33,8;44;;jah
1991-05-13;30,2;39;;jah
1991-05-14;28,4;36;;jah
1991-05-15;27,9;35;;jah
1991-05-16;28,1;35;;jah
1991-05-17;29,9;37;;jah
1991-05-18;30,2;37;;jah
1991-05-19;30,2;37;;jah
1991-05-20;28,2;34;;jah
1991-05-21;28,5;34;;jah
1991-05-22;30,2;37;;jah
1991-05-23;37;46;;jah
1991-05-24;76,4;88;;jah
1991-05-25;76,7;89;;jah
1991-05-26;72,3;86;;jah
1991-05-27;65;80;;jah
1991-05-28;55;70;;jah
1991-05-29;49;64;;jah
1991-05-30;42,5;57;;jah
1991-05-31;33,3;46;;jah
1991-06-01;28,2;39;;jah
1991-06-02;26,7;37;;jah
1991-06-03;25,7;36;;jah
1991-06-04;24,8;35;;jah
1991-06-05;24,5;35;;jah
1991-06-06;24,3;35;;jah
1991-06-07;23,4;34;;jah
1991-06-08;21,9;32;;jah
1991-06-09;20,5;30;;jah
1991-06-10;19,3;28;;jah
1991-06-11;17,9;26;;jah
1991-06-12;17,2;25;;jah
1991-06-13;16,6;25;;jah
1991-06-14;15,6;25;;jah
1991-06-15;16,7;30;;jah
1991-06-16;41,2;76;;jah
1991-06-17;55,4;104;;jah
1991-06-18;52,3;106;;jah
1991-06-19;48,8;106;;jah
1991-06-20;41,8;104;;jah
1991-06-21;42,7;104;;jah
1991-06-22;42,8;101;;jah
1991-06-23;38,7;91;;jah
1991-06-24;38,6;88;;jah
1991-06-25;38,2;86;;jah
1991-06-26;34,7;77;;jah
1991-06-27;35,9;77;;jah
1991-06-28;45,1;92;;jah
1991-06-29;47,8;94;;jah
1991-06-30;54,6;104;;jah
1991-07-01;62,7;117;;jah
1991-07-02;62,1;116;;jah
1991-07-03;54,9;103;;jah
1991-07-04;41,9;82;;jah
1991-07-05;29,9;61;;jah
1991-07-06;23,2;48;;jah
1991-07-07;21;43;;jah
1991-07-08;19,1;39;;jah
1991-07-09;16,7;33;;jah
1991-07-10;15;29;;jah
1991-07-11;14,8;28;;jah
1991-07-12;13,9;25;;jah
1991-07-13;12,7;22;;jah
1991-07-14;12,5;21;;jah
1991-07-15;12,2;20;;jah
1991-07-16;12,7;21;;jah
1991-07-17;13,2;22;;jah
1991-07-18;13,8;23;;jah
1991-07-19;14,2;24;;jah
1991-07-20;14,9;25;;jah
1991-07-21;15,8;27;;jah
1991-07-22;19,2;34;;jah
1991-07-23;21,5;38;;jah
1991-07-24;22,2;39;;jah
1991-07-25;23,6;41;;jah
1991-07-26;23,9;41;;jah
1991-07-27;24,5;41;;jah
1991-07-28;24,2;40;;jah
1991-07-29;23,1;37;;jah
1991-07-30;20;31;;jah
1991-07-31;17,4;25;;jah
1991-08-01;16,2;23;;jah
1991-08-02;15,4;22;;jah
1991-08-03;14,1;20;;jah
1991-08-04;13,2;19;;jah
1991-08-05;12,6;18;;jah
1991-08-06;11,9;17;;jah
1991-08-07;11,3;16;;jah
1991-08-08;11;16;;jah
1991-08-09;10,7;16;;jah
1991-08-10;10,1;15;;jah
1991-08-11;10,6;17;;jah
1991-08-12;11,2;20;;jah
1991-08-13;13,2;26;;jah
1991-08-14;15,2;32;;jah
1991-08-15;18,8;41;;jah
1991-08-16;19,5;43;;jah
1991-08-17;19,3;44;;jah
1991-08-18;19,7;45;;jah
1991-08-19;19,8;46;;jah
1991-08-20;24,8;57;;jah
1991-08-21;27,3;63;;jah
1991-08-22;26,3;61;;jah
1991-08-23;24,8;58;;jah
1991-08-24;23,5;55;;jah
1991-08-25;22,6;53;;jah
1991-08-26;17,6;41;;jah
1991-08-27;15,2;35;;jah
1991-08-28;14,5;33;;jah
1991-08-29;13;29;;jah
1991-08-30;12,5;27;;jah
1991-08-31;12,1;25;;jah
1991-09-01;11,9;24;;jah
1991-09-02;12,1;22;;jah
1991-09-03;12,1;20;;jah
1991-09-04;11,2;18;;jah
1991-09-05;10,9;17;;jah
1991-09-06;10,4;16;;jah
1991-09-07;10,3;16;;jah
1991-09-08;9,93;15;;jah
1991-09-09;9,78;15;;jah
1991-09-10;9,78;15;;jah
1991-09-11;9,78;15;;jah
1991-09-12;10,1;16;;jah
1991-09-13;12;21;;jah
1991-09-14;13,5;25;;jah
1991-09-15;14;26;;jah
1991-09-16;14,4;27;;jah
1991-09-17;14,2;26;;jah
1991-09-18;14,5;25;;jah
1991-09-19;14,2;24;;jah
1991-09-20;14,4;24;;jah
1991-09-21;14;23;;jah
1991-09-22;13,8;22;;jah
1991-09-23;13,9;22;;jah
1991-09-24;14,5;23;;jah
1991-09-25;16,4;27;;jah
1991-09-26;17,6;29;;jah
1991-09-27;18,8;31;;jah
1991-09-28;22,9;38;;jah
1991-09-29;24,8;41;;jah
1991-09-30;25,8;42;;jah
1991-10-01;25,8;42;;jah
1991-10-02;26,1;43;;jah
1991-10-03;30,4;50;;jah
1991-10-04;34,3;56;;jah
1991-10-05;37,6;61;;jah
1991-10-06;40,6;65;;jah
1991-10-07;40,1;65;;jah
1991-10-08;40,1;65;;jah
1991-10-09;37,9;62;;jah
1991-10-10;36,4;60;;jah
1991-10-11;35,1;58;;jah
1991-10-12;31,5;53;;jah
1991-10-13;28,4;48;;jah
1991-10-14;26,1;44;;jah
1991-10-15;24,6;42;;jah
1991-10-16;24,6;42;;jah
1991-10-17;24,8;43;;jah
1991-10-18;28,4;49;;jah
1991-10-19;41;69;;jah
1991-10-20;79,6;121;;jah
1991-10-21;83,2;127;;jah
1991-10-22;82,4;126;;jah
1991-10-23;78,3;122;;jah
1991-10-24;79;123;;jah
1991-10-25;78,8;124;;jah
1991-10-26;74,7;120;;jah
1991-10-27;71;115;;jah
1991-10-28;65,7;109;;jah
1991-10-29;62,8;106;;jah
1991-10-30;59,9;103;;jah
1991-10-31;55;97;;jah
1991-11-01;49,7;83;;jah
1991-11-02;45,1;71;;jah
1991-11-03;42,4;63;;jah
1991-11-04;43,2;58;;jah
1991-11-05;48;64;;jah
1991-11-06;49,3;66;;jah
1991-11-07;50,6;68;;jah
1991-11-08;51,8;70;;jah
1991-11-09;69,8;90;;jah
1991-11-10;129;152;;jah
1991-11-11;132;156;;jah
1991-11-12;131;156;;jah
1991-11-13;131;157;;jah
1991-11-14;133;161;;jah
1991-11-15;153;181;;jah
1991-11-16;209;227;;jah
1991-11-17;228;241;;jah
1991-11-18;236;245;;jah
1991-11-19;264;265;;jah
1991-11-20;267;268;;jah
1991-11-21;246;253;;jah
1991-11-22;233;243;;jah
1991-11-23;216;231;;jah
1991-11-24;202;220;;jah
1991-11-25;197;216;;jah
1991-11-26;187;208;;jah
1991-11-27;164;188;;jah
1991-11-28;150;176;;jah
1991-11-29;144;170;;jah
1991-11-30;146;172;;jah
1991-12-01;159;166;;jah
1991-12-02;156;151;;jah
1991-12-03;138;137;;jah
1991-12-04;126;127;;jah
1991-12-05;112;115;;jah
1991-12-06;103;107;;jah
1991-12-07;87,5;93;;jah
1991-12-08;70;77;;jah
1991-12-09;65,6;73;;jah
1991-12-10;61,4;69;;jah
1991-12-11;59,8;67;;jah
1991-12-12;56;63;;jah
1991-12-13;55;62;;jah
1991-12-14;58,2;65;;jah
1991-12-15;81,8;86;;jah
1991-12-16;92,9;95;;jah
1991-12-17;93,7;95;;jah
1991-12-18;92;93;;jah
1991-12-19;94;94;;jah
1991-12-20;94,8;94;;jah
1991-12-21;96,3;95;;jah
1991-12-22;104;99;;jah
1991-12-23;114;111;;jah
1991-12-24;131;129;;jah
1991-12-25;127;131;;jah
1991-12-26;121;130;;jah
1991-12-27;109;125;;jah
1991-12-28;98,9;121;;jah
1991-12-29;92,1;117;;jah
1991-12-30;88,4;113;;jah
1991-12-31;78,4;102;;jah
1992-01-01;79,3;104;;jah
1992-01-02;82,9;108;;jah
1992-01-03;99,4;127;;jah
1992-01-04;167;193;;jah
1992-01-05;219;236;;jah
1992-01-06;217;235;;jah
1992-01-07;207;226;;jah
1992-01-08;206;223;;jah
1992-01-09;232;240;;jah
1992-01-10;251;254;;jah
1992-01-11;242;248;;jah
1992-01-12;261;261;;jah
1992-01-13;257;258;;jah
1992-01-14;242;248;;jah
1992-01-15;236;243;;jah
1992-01-16;218;230;;jah
1992-01-17;205;219;;jah
1992-01-18;180;199;;jah
1992-01-19;162;184;;jah
1992-01-20;142;165;;jah
1992-01-21;128;151;;jah
1992-01-22;119;143;;jah
1992-01-23;111;135;;jah
1992-01-24;105;128;;jah
1992-01-25;98,9;122;;jah
1992-01-26;94,1;117;;jah
1992-01-27;89,3;112;;jah
1992-01-28;83,7;106;;jah
1992-01-29;80,1;102;;jah
1992-01-30;75,5;97;;jah
1992-01-31;71,8;93;;jah
1992-02-01;70,1;91;;jah
1992-02-02;68,2;89;;jah
1992-02-03;67,1;87;;jah
1992-02-04;67,5;86;;jah
1992-02-05;67;84;;jah
1992-02-06;66,3;82;;jah
1992-02-07;66,6;81;;jah
1992-02-08;66,3;80;;jah
1992-02-09;64;77;;jah
1992-02-10;61,6;74;;jah
1992-02-11;59,6;72;;jah
1992-02-12;64;77;;jah
1992-02-13;67,2;81;;jah
1992-02-14;76,9;92;;jah
1992-02-15;88,1;106;;jah
1992-02-16;102;122;;jah
1992-02-17;108;130;;jah
1992-02-18;107;132;;jah
1992-02-19;102;127;;jah
1992-02-20;94,8;122;;jah
1992-02-21;86,5;113;;jah
1992-02-22;82,8;109;;jah
1992-02-23;81,1;107;;jah
1992-02-24;86,4;108;;jah
1992-02-25;95;114;;jah
1992-02-26;108;127;;jah
1992-02-27;109;128;;jah
1992-02-28;110;129;;jah
1992-02-29;110;129;;jah
1992-03-01;111;130;;jah
1992-03-02;116;135;;jah
1992-03-03;126;145;;jah
1992-03-04;142;160;;jah
1992-03-05;150;167;;jah
1992-03-06;146;164;;jah
1992-03-07;140;158;;jah
1992-03-08;131;149;;jah
1992-03-09;120;139;;jah
1992-03-10;105;124;;jah
1992-03-11;98;117;;jah
1992-03-12;89,1;108;;jah
1992-03-13;90;109;;jah
1992-03-14;108;127;;jah
1992-03-15;123;142;;jah
1992-03-16;133;151;;jah
1992-03-17;122;141;;jah
1992-03-18;115;134;;jah
1992-03-19;107;126;;jah
1992-03-20;95;114;;jah
1992-03-21;84,4;103;;jah
1992-03-22;80,6;99;;jah
1992-03-23;87,2;106;;jah
1992-03-24;97;116;;jah
1992-03-25;101;119;;jah
1992-03-26;101;120;;jah
1992-03-27;104;123;;jah
1992-03-28;110;129;;jah
1992-03-29;114;133;;jah
1992-03-30;124;143;;jah
1992-03-31;140;158;;jah
1992-04-01;136;154;;jah
1992-04-02;119;138;;jah
1992-04-03;111;130;;jah
1992-04-04;110;129;;jah
1992-04-05;109;128;;jah
1992-04-06;104;123;;jah
1992-04-07;111;130;;jah
1992-04-08;128;146;;jah
1992-04-09;130;148;;jah
1992-04-10;123;142;;jah
1992-04-11;113;132;;jah
1992-04-12;107;126;;jah
1992-04-13;102;121;;jah
1992-04-14;89,1;108;;jah
1992-04-15;80,6;99;;jah
1992-04-16;77,7;96;;jah
1992-04-17;76,8;95;;jah
1992-04-18;73,9;92;;jah
1992-04-19;73,9;92;;jah
1992-04-20;83,4;102;;jah
1992-04-21;88,2;107;;jah
1992-04-22;94;113;;jah
1992-04-23;109;128;;jah
1992-04-24;105;124;;jah
1992-04-25;101;120;;jah
1992-04-26;91;110;;jah
1992-04-27;72;90;;jah
1992-04-28;65,4;83;;jah
1992-04-29;62,5;80;;jah
1992-04-30;60,7;78;;jah
1992-05-01;58,9;76;;jah
1992-05-02;56,1;73;;jah
1992-05-03;52,5;69;;jah
1992-05-04;49,8;66;;jah
1992-05-05;47,1;63;;jah
1992-05-06;45,3;61;;jah
1992-05-07;43,6;59;;jah
1992-05-08;39,7;54;;jah
1992-05-09;39,7;54;;jah
1992-05-10;41,3;56;;jah
1992-05-11;41,3;56;;jah
1992-05-12;41,3;56;;jah
1992-05-13;42,1;57;;jah
1992-05-14;49,8;66;;jah
1992-05-15;60,7;78;;jah
1992-05-16;62,5;80;;jah
1992-05-17;62,5;80;;jah
1992-05-18;58,3;76;;jah
1992-05-19;42,3;59;;jah
1992-05-20;38,9;55;;jah
1992-05-21;34,4;50;;jah
1992-05-22;30,6;45;;jah
1992-05-23;28,9;43;;jah
1992-05-24;27,9;42;;jah
1992-05-25;26,3;41;;jah
1992-05-26;25,1;40;;jah
1992-05-27;21,7;35;;jah
1992-05-28;19,8;32;;jah
1992-05-29;18,2;30;;jah
1992-05-30;16,4;27;;jah
1992-05-31;15;24;;jah
1992-06-01;14,1;23;;jah
1992-06-02;14;23;;jah
1992-06-03;13,4;22;;jah
1992-06-04;13,2;22;;jah
1992-06-05;12,7;21;;jah
1992-06-06;12,3;21;;jah
1992-06-07;11,7;20;;jah
1992-06-08;11,6;20;;jah
1992-06-09;11,6;20;;jah
1992-06-10;11,1;19;;jah
1992-06-11;10,9;19;;jah
1992-06-12;11,2;20;;jah
1992-06-13;11,6;21;;jah
1992-06-14;11,9;22;;jah
1992-06-15;12,1;22;;jah
1992-06-16;12,1;22;;jah
1992-06-17;12,3;23;;jah
1992-06-18;12,3;23;;jah
1992-06-19;12,1;23;;jah
1992-06-20;11,6;22;;jah
1992-06-21;11,4;22;;jah
1992-06-22;10,5;20;;jah
1992-06-23;10,4;20;;jah
1992-06-24;9,74;19;;jah
1992-06-25;9,28;18;;jah
1992-06-26;8,74;17;;jah
1992-06-27;8,03;15;;jah
1992-06-28;7,74;15;;jah
1992-06-29;7,33;14;;jah
1992-06-30;7,05;14;;jah
1992-07-01;6,8;13;;jah
1992-07-02;6,6;12;;jah
1992-07-03;6,6;12;;jah
1992-07-04;6,35;11;;jah
1992-07-05;6,48;11;;jah
1992-07-06;6,22;10;;jah
1992-07-07;6,22;10;;jah
1992-07-08;6,22;10;;jah
1992-07-09;6,22;10;;jah
1992-07-10;6,48;11;;jah
1992-07-11;6,6;11;;jah
1992-07-12;6,34;10;;jah
1992-07-13;6,34;10;;jah
1992-07-14;6,34;10;;jah
1992-07-15;6,6;11;;jah
1992-07-16;6,6;11;;jah
1992-07-17;6,6;11;;jah
1992-07-18;6,6;11;;jah
1992-07-19;6,34;10;;jah
1992-07-20;6,34;10;;jah
1992-07-21;6,34;10;;jah
1992-07-22;6,34;10;;jah
1992-07-23;6,34;10;;jah
1992-07-24;6,34;10;;jah
1992-07-25;6,34;10;;jah
1992-07-26;6,19;9;;jah
1992-07-27;6,19;9;;jah
1992-07-28;6,19;9;;jah
1992-07-29;6,34;10;;jah
1992-07-30;6,34;10;;jah
1992-07-31;6,03;8;;jah
1992-08-01;6,03;8;;jah
1992-08-02;6,03;8;;jah
1992-08-03;6,03;8;;jah
1992-08-04;6,03;8;;jah
1992-08-05;6,03;8;;jah
1992-08-06;5,82;7;;jah
1992-08-07;5,82;7;;jah
1992-08-08;5,82;7;;jah
1992-08-09;5,82;7;;jah
1992-08-10;5,82;7;;jah
1992-08-11;5,82;7;;jah
1992-08-12;5,82;7;;jah
1992-08-13;5,82;7;;jah
1992-08-14;5,67;6;;jah
1992-08-15;5,67;6;;jah
1992-08-16;6,03;8;;jah
1992-08-17;6,34;10;;jah
1992-08-18;6,34;10;;jah
1992-08-19;6,34;10;;jah
1992-08-20;6,34;10;;jah
1992-08-21;6,34;10;;jah
1992-08-22;6,34;10;;jah
1992-08-23;6,19;9;;jah
1992-08-24;6,03;8;;jah
1992-08-25;6,03;8;;jah
1992-08-26;6,03;8;;jah
1992-08-27;6,03;8;;jah
1992-08-28;6,19;9;;jah
1992-08-29;6,07;9;;jah
1992-08-30;6,07;9;;jah
1992-08-31;6,07;9;;jah
1992-09-01;6,19;9;;jah
1992-09-02;6,31;9;;jah
1992-09-03;6,31;9;;jah
1992-09-04;6,47;10;;jah
1992-09-05;6,47;10;;jah
1992-09-06;6,73;11;;jah
1992-09-07;7;12;;jah
1992-09-08;7;12;;jah
1992-09-09;7;12;;jah
1992-09-10;7;12;;jah
1992-09-11;7;12;;jah
1992-09-12;6,73;11;;jah
1992-09-13;6,73;11;;jah
1992-09-14;6,47;10;;jah
1992-09-15;6,15;8;;jah
1992-09-16;6,15;8;;jah
1992-09-17;6,15;8;;jah
1992-09-18;6,31;9;;jah
1992-09-19;6,31;9;;jah
1992-09-20;6,31;9;;jah
1992-09-21;6,31;9;;jah
1992-09-22;6,31;9;;jah
1992-09-23;6,31;9;;jah
1992-09-24;6,31;9;;jah
1992-09-25;6,31;9;;jah
1992-09-26;6,15;8;;jah
1992-09-27;6,15;8;;jah
1992-09-28;6,15;8;;jah
1992-09-29;5,94;7;;jah
1992-09-30;6,15;8;;jah
1992-10-01;6,73;11;;jah
1992-10-02;6,73;11;;jah
1992-10-03;6,73;11;;jah
1992-10-04;6,73;11;;jah
1992-10-05;6,73;11;;jah
1992-10-06;6,47;10;;jah
1992-10-07;6,47;10;;jah
1992-10-08;6,47;10;;jah
1992-10-09;6,47;10;;jah
1992-10-10;6,47;10;;jah
1992-10-11;6,73;11;;jah
1992-10-12;6,73;11;;jah
1992-10-13;7,62;11;;jah
1992-10-14;9,52;13;;jah
1992-10-15;14,8;26;;jah
1992-10-16;18,1;32;;jah
1992-10-17;21,9;39;;jah
1992-10-18;27,7;48;;jah
1992-10-19;28,7;49;;jah
1992-10-20;28,8;48;;jah
1992-10-21;26,7;44;;jah
1992-10-22;27;44;;jah
1992-10-23;25,4;41;;jah
1992-10-24;22,8;36;;jah
1992-10-25;20;31;;jah
1992-10-26;18,2;28;;jah
1992-10-27;17,7;27;;jah
1992-10-28;17,3;26;;jah
1992-10-29;16,6;25;;jah
1992-10-30;16,1;24;;jah
1992-10-31;13,1;17;;jah
1992-11-01;12,7;16;;jah
1992-11-02;14,3;21;;jah
1992-11-03;20;32;;jah
1992-11-04;30,7;50;;jah
1992-11-05;54,1;82;;jah
1992-11-06;62,1;93;;jah
1992-11-07;61,3;92;;jah
1992-11-08;49,6;77;;jah
1992-11-09;46;73;;jah
1992-11-10;43,8;70;;jah
1992-11-11;43,1;69;;jah
1992-11-12;41,8;68;;jah
1992-11-13;39,6;65;;jah
1992-11-14;30,9;52;;jah
1992-11-15;28,1;48;;jah
1992-11-16;28,1;48;;jah
1992-11-17;26,9;46;;jah
1992-11-18;25,4;44;;jah
1992-11-19;25,1;43;;jah
1992-11-20;23,9;40;;jah
1992-11-21;27,6;45;;jah
1992-11-22;41,6;65;;jah
1992-11-23;43,6;67;;jah
1992-11-24;37,5;59;;jah
1992-11-25;36,6;59;;jah
1992-11-26;38,4;64;;jah
1992-11-27;46,8;79;;jah
1992-11-28;41,5;73;;jah
1992-11-29;31,7;58;;jah
1992-11-30;32,3;59;;jah
1992-12-01;29,6;55;;jah
1992-12-02;30,1;56;;jah
1992-12-03;30,8;58;;jah
1992-12-04;31,5;60;;jah
1992-12-05;47,7;85;;jah
1992-12-06;82,6;137;;jah
1992-12-07;83,3;138;;jah
1992-12-08;75,6;127;;jah
1992-12-09;72,7;119;;jah
1992-12-10;71;115;;jah
1992-12-11;70,7;112;;jah
1992-12-12;73,2;114;;jah
1992-12-13;78,2;118;;jah
1992-12-14;76,8;115;;jah
1992-12-15;75,4;111;;jah
1992-12-16;74;108;;jah
1992-12-17;74,1;107;;jah
1992-12-18;73,2;106;;jah
1992-12-19;69,8;105;;jah
1992-12-20;65,5;105;;jah
1992-12-21;50;99;;jah
1992-12-22;31,1;77;;jah
1992-12-23;25,6;70;;jah
1992-12-24;22;65;;jah
1992-12-25;20,7;63;;jah
1992-12-26;19,9;61;;jah
1992-12-27;19,3;58;;jah
1992-12-28;21,3;61;;jah
1992-12-29;23;64;;jah
1992-12-30;23,1;63;;jah
1992-12-31;23,1;62;;jah
1993-01-01;22,1;63;;jah
1993-01-02;22,6;64;;jah
1993-01-03;25,6;68;;jah
1993-01-04;29,1;78;;jah
1993-01-05;30;80;;jah
1993-01-06;29,6;79;;jah
1993-01-07;30,2;79;;jah
1993-01-08;29,7;78;;jah
1993-01-09;27,5;73;;jah
1993-01-10;24,4;66;;jah
1993-01-11;24;65;;jah
1993-01-12;31,6;82;;jah
1993-01-13;45,5;110;;jah
1993-01-14;52,3;114;;jah
1993-01-15;58,3;113;;jah
1993-01-16;62,1;116;;jah
1993-01-17;74,8;134;;jah
1993-01-18;95,7;163;;jah
1993-01-19;131;205;;jah
1993-01-20;138;211;;jah
1993-01-21;144;215;;jah
1993-01-22;158;225;;jah
1993-01-23;181;246;;jah
1993-01-24;179;243;;jah
1993-01-25;160;228;;jah
1993-01-26;150;219;;jah
1993-01-27;136;206;;jah
1993-01-28;105;171;;jah
1993-01-29;91,8;155;;jah
1993-01-30;78,5;138;;jah
1993-01-31;73,3;130;;jah
1993-02-01;65,7;120;;jah
1993-02-02;57,6;109;;jah
1993-02-03;55,8;106;;jah
1993-02-04;53,7;104;;jah
1993-02-05;52,9;104;;jah
1993-02-06;52,3;103;;jah
1993-02-07;49,4;98;;jah
1993-02-08;43,9;90;;jah
1993-02-09;39,9;86;;jah
1993-02-10;36,4;78;;jah
1993-02-11;33,7;73;;jah
1993-02-12;29,9;67;;jah
1993-02-13;27,8;64;;jah
1993-02-14;26,8;62;;jah
1993-02-15;25,8;60;;jah
1993-02-16;25,8;60;;jah
1993-02-17;25,3;59;;jah
1993-02-18;24;56;;jah
1993-02-19;22,6;53;;jah
1993-02-20;21,2;50;;jah
1993-02-21;20,4;48;;jah
1993-02-22;19,6;47;;jah
1993-02-23;20;48;;jah
1993-02-24;20,9;50;;jah
1993-02-25;20,5;50;;jah
1993-02-26;20,5;50;;jah
1993-02-27;20,1;49;;jah
1993-02-28;20,1;49;;jah
1993-03-01;20;49;;jah
1993-03-02;20;49;;jah
1993-03-03;20,2;48;;jah
1993-03-04;20,2;48;;jah
1993-03-05;20,6;45;;jah
1993-03-06;20,7;43;;jah
1993-03-07;20,3;38;;jah
1993-03-08;19,9;33;;jah
1993-03-09;19,8;32;;jah
1993-03-10;19,7;30;;jah
1993-03-11;19,6;29;;jah
1993-03-12;19,5;28;;jah
1993-03-13;19,5;28;;jah
1993-03-14;19,5;28;;jah
1993-03-15;20,2;29;;jah
1993-03-16;22,8;33;;jah
1993-03-17;62;92;;jah
1993-03-18;141;210;;jah
1993-03-19;160;235;;jah
1993-03-20;170;248;;jah
1993-03-21;170;242;;jah
1993-03-22;167;230;;jah
1993-03-23;168;234;;jah
1993-03-24;166;224;;jah
1993-03-25;162;212;;jah
1993-03-26;152;198;;jah
1993-03-27;139;181;;jah
1993-03-28;122;159;;jah
1993-03-29;110;143;;jah
1993-03-30;97,5;127;;jah
1993-03-31;89,8;117;;jah
1993-04-01;84,6;114;;jah
1993-04-02;82,8;111;;jah
1993-04-03;85,5;114;;jah
1993-04-04;90,9;120;;jah
1993-04-05;92,7;122;;jah
1993-04-06;98,1;128;;jah
1993-04-07;105;136;;jah
1993-04-08;117;149;;jah
1993-04-09;112;145;;jah
1993-04-10;106;139;;jah
1993-04-11;99,4;132;;jah
1993-04-12;86,1;118;;jah
1993-04-13;76,7;107;;jah
1993-04-14;70,9;100;;jah
1993-04-15;66;95;;jah
1993-04-16;59,5;87;;jah
1993-04-17;52,2;78;;jah
1993-04-18;48,5;74;;jah
1993-04-19;55,7;84;;jah
1993-04-20;71,5;105;;jah
1993-04-21;74;108;;jah
1993-04-22;70,7;105;;jah
1993-04-23;69,1;104;;jah
1993-04-24;70,6;107;;jah
1993-04-25;66,5;104;;jah
1993-04-26;60,5;97;;jah
1993-04-27;52,6;87;;jah
1993-04-28;44,9;78;;jah
1993-04-29;39;70;;jah
1993-04-30;34,6;64;;jah
1993-05-01;29,9;57;;jah
1993-05-02;25,8;51;;jah
1993-05-03;23,7;47;;jah
1993-05-04;22,5;44;;jah
1993-05-05;22,9;44;;jah
1993-05-06;22,6;43;;jah
1993-05-07;22,4;42;;jah
1993-05-08;20,6;38;;jah
1993-05-09;19,9;36;;jah
1993-05-10;18,4;33;;jah
1993-05-11;18,1;32;;jah
1993-05-12;17,6;31;;jah
1993-05-13;17,1;30;;jah
1993-05-14;16,9;29;;jah
1993-05-15;15,8;27;;jah
1993-05-16;15,8;27;;jah
1993-05-17;15,4;26;;jah
1993-05-18;15,2;26;;jah
1993-05-19;14,2;24;;jah
1993-05-20;14,2;24;;jah
1993-05-21;13,6;23;;jah
1993-05-22;13,4;23;;jah
1993-05-23;13;22;;jah
1993-05-24;12,1;20;;jah
1993-05-25;11,7;19;;jah
1993-05-26;11,6;19;;jah
1993-05-27;11,6;19;;jah
1993-05-28;11,7;20;;jah
1993-05-29;12;21;;jah
1993-05-30;12;21;;jah
1993-05-31;11,4;20;;jah
1993-06-01;11,1;19;;jah
1993-06-02;11,4;20;;jah
1993-06-03;11,2;20;;jah
1993-06-04;11,2;20;;jah
1993-06-05;10,9;19;;jah
1993-06-06;11,2;20;;jah
1993-06-07;11,1;20;;jah
1993-06-08;11,1;20;;jah
1993-06-09;10,6;19;;jah
1993-06-10;10,6;19;;jah
1993-06-11;10,1;18;;jah
1993-06-12;9,83;17;;jah
1993-06-13;9,67;17;;jah
1993-06-14;9,67;17;;jah
1993-06-15;9,76;18;;jah
1993-06-16;9,76;18;;jah
1993-06-17;9,6;18;;jah
1993-06-18;9,9;19;;jah
1993-06-19;10,4;21;;jah
1993-06-20;12;26;;jah
1993-06-21;13,1;30;;jah
1993-06-22;14,2;33;;jah
1993-06-23;23,5;55;;jah
1993-06-24;23,5;56;;jah
1993-06-25;23,5;56;;jah
1993-06-26;24;57;;jah
1993-06-27;27,4;64;;jah
1993-06-28;30,4;71;;jah
1993-06-29;29,4;69;;jah
1993-06-30;23,1;56;;jah
1993-07-01;20;48;;jah
1993-07-02;18,2;43;;jah
1993-07-03;16,7;38;;jah
1993-07-04;15,7;35;;jah
1993-07-05;15,6;34;;jah
1993-07-06;14;30;;jah
1993-07-07;12,3;25;;jah
1993-07-08;11,2;21;;jah
1993-07-09;10,2;19;;jah
1993-07-10;9,92;18;;jah
1993-07-11;9,67;17;;jah
1993-07-12;9,67;17;;jah
1993-07-13;9,67;17;;jah
1993-07-14;9,67;17;;jah
1993-07-15;9,05;15;;jah
1993-07-16;8,43;13;;jah
1993-07-17;8,43;13;;jah
1993-07-18;8,18;12;;jah
1993-07-19;8,32;12;;jah
1993-07-20;8;11;;jah
1993-07-21;7,69;10;;jah
1993-07-22;8,32;12;;jah
1993-07-23;8,88;14;;jah
1993-07-24;10,7;20;;jah
1993-07-25;22,6;49;;jah
1993-07-26;36,5;75;;jah
1993-07-27;41,8;84;;jah
1993-07-28;46,6;92;;jah
1993-07-29;44,9;88;;jah
1993-07-30;41,2;82;;jah
1993-07-31;37,1;75;;jah
1993-08-01;30,7;64;;jah
1993-08-02;28,4;60;;jah
1993-08-03;26,4;56;;jah
1993-08-04;23,4;50;;jah
1993-08-05;22,5;48;;jah
1993-08-06;21,5;46;;jah
1993-08-07;20,1;43;;jah
1993-08-08;17,9;38;;jah
1993-08-09;15,7;33;;jah
1993-08-10;14,8;31;;jah
1993-08-11;14,4;30;;jah
1993-08-12;13,9;28;;jah
1993-08-13;14,6;30;;jah
1993-08-14;15,1;31;;jah
1993-08-15;15,9;33;;jah
1993-08-16;19,1;41;;jah
1993-08-17;22;47;;jah
1993-08-18;22,6;49;;jah
1993-08-19;22,7;50;;jah
1993-08-20;21,4;48;;jah
1993-08-21;20,6;47;;jah
1993-08-22;22,1;51;;jah
1993-08-23;40,7;88;;jah
1993-08-24;44,8;97;;jah
1993-08-25;45,4;98;;jah
1993-08-26;46,1;101;;jah
1993-08-27;50,8;108;;jah
1993-08-28;52,8;110;;jah
1993-08-29;51,7;108;;jah
1993-08-30;52;107;;jah
1993-08-31;51,2;104;;jah
1993-09-01;49,7;100;;jah
1993-09-02;49,4;98;;jah
1993-09-03;48,2;96;;jah
1993-09-04;44,7;89;;jah
1993-09-05;36,5;74;;jah
1993-09-06;32,4;66;;jah
1993-09-07;29,9;61;;jah
1993-09-08;26,1;53;;jah
1993-09-09;23,4;47;;jah
1993-09-10;22,2;44;;jah
1993-09-11;21,5;42;;jah
1993-09-12;20,4;40;;jah
1993-09-13;20,2;39;;jah
1993-09-14;20,1;38;;jah
1993-09-15;20,4;38;;jah
1993-09-16;21,1;39;;jah
1993-09-17;21,6;40;;jah
1993-09-18;23,6;43;;jah
1993-09-19;24,2;44;;jah
1993-09-20;26,1;47;;jah
1993-09-21;31,4;56;;jah
1993-09-22;33;58;;jah
1993-09-23;31;54;;jah
1993-09-24;30,3;53;;jah
1993-09-25;31,6;55;;jah
1993-09-26;33,8;58;;jah
1993-09-27;33,8;58;;jah
1993-09-28;33,7;57;;jah
1993-09-29;32,4;55;;jah
1993-09-30;30,6;52;;jah
1993-10-01;29,3;50;;jah
1993-10-02;29,6;50;;jah
1993-10-03;29,4;49;;jah
1993-10-04;29,1;48;;jah
1993-10-05;28,3;45;;jah
1993-10-06;26;41;;jah
1993-10-07;25,1;39;;jah
1993-10-08;25,1;38;;jah
1993-10-09;25,3;37;;jah
1993-10-10;26,2;38;;jah
1993-10-11;30,6;44;;jah
1993-10-12;33;48;;jah
1993-10-13;37,7;55;;jah
1993-10-14;50,2;72;;jah
1993-10-15;74,2;102;;jah
1993-10-16;74,8;108;;jah
1993-10-17;77,2;112;;jah
1993-10-18;81,8;120;;jah
1993-10-19;91,2;133;;jah
1993-10-20;91,6;135;;jah
1993-10-21;91,3;136;;jah
1993-10-22;88,9;136;;jah
1993-10-23;86,3;134;;jah
1993-10-24;75,5;121;;jah
1993-10-25;69,4;114;;jah
1993-10-26;64,2;108;;jah
1993-10-27;58,7;100;;jah
1993-10-28;51,1;90;;jah
1993-10-29;44,4;81;;jah
1993-10-30;40,6;75;;jah
1993-10-31;36,1;68;;jah
1993-11-01;30,5;59;;jah
1993-11-02;29,3;56;;jah
1993-11-03;28,2;54;;jah
1993-11-04;27,6;53;;jah
1993-11-05;27,6;53;;jah
1993-11-06;27,1;52;;jah
1993-11-07;26;50;;jah
1993-11-08;23,4;45;;jah
1993-11-09;22;43;;jah
1993-11-10;20,1;40;;jah
1993-11-11;19;38;;jah
1993-11-12;18,7;38;;jah
1993-11-13;17,8;36;;jah
1993-11-14;16,9;34;;jah
1993-11-15;15,7;32;;jah
1993-11-16;15,3;31;;jah
1993-11-17;14,4;30;;jah
1993-11-18;14,2;30;;jah
1993-11-19;13,3;28;;jah
1993-11-20;12,9;27;;jah
1993-11-21;12,7;27;;jah
1993-11-22;11,9;25;;jah
1993-11-23;11,5;24;;jah
1993-11-24;10,7;22;;jah
1993-11-25;10,2;21;;jah
1993-11-26;9,69;20;;jah
1993-11-27;9,52;20;;jah
1993-11-28;9,08;19;;jah
1993-11-29;8,58;17;;jah
1993-11-30;8,42;17;;jah
1993-12-01;8,42;17;;jah
1993-12-02;8,42;17;;jah
1993-12-03;8,27;17;;jah
1993-12-04;8,27;17;;jah
1993-12-05;9,33;21;;jah
1993-12-06;11,7;29;;jah
1993-12-07;11,9;30;;jah
1993-12-08;12,4;32;;jah
1993-12-09;17,5;46;;jah
1993-12-10;19,4;51;;jah
1993-12-11;19;50;;jah
1993-12-12;18,3;49;;jah
1993-12-13;17,5;47;;jah
1993-12-14;16,5;45;;jah
1993-12-15;15,4;42;;jah
1993-12-16;13,6;37;;jah
1993-12-17;12,6;34;;jah
1993-12-18;11,6;31;;jah
1993-12-19;12,9;35;;jah
1993-12-20;56;131;;jah
1993-12-21;83,5;182;;jah
1993-12-22;80,5;177;;jah
1993-12-23;74,5;166;;jah
1993-12-24;65,3;146;;jah
1993-12-25;58,1;133;;jah
1993-12-26;51,5;120;;jah
1993-12-27;48,5;114;;jah
1993-12-28;51,5;120;;jah
1993-12-29;52,5;122;;jah
1993-12-30;53,6;122;;jah
1993-12-31;25,5;119;;jah
1994-01-01;43,9;103;;jah
1994-01-02;40,9;97;;jah
1994-01-03;40,2;94;;jah
1994-01-04;37,2;88;;jah
1994-01-05;35,1;84;;jah
1994-01-06;33,6;81;;jah
1994-01-07;32,6;79;;jah
1994-01-08;32,2;78;;jah
1994-01-09;30,7;75;;jah
1994-01-10;29,7;73;;jah
1994-01-11;33,1;80;;jah
1994-01-12;33,1;80;;jah
1994-01-13;36,1;86;;jah
1994-01-14;48,2;110;;jah
1994-01-15;62;136;;jah
1994-01-16;147;263;;jah
1994-01-17;139;253;;jah
1994-01-18;132;247;;jah
1994-01-19;123;235;;jah
1994-01-20;113;224;;jah
1994-01-21;106;215;;jah
1994-01-22;106;217;;jah
1994-01-23;114;232;;jah
1994-01-24;114;232;;jah
1994-01-25;101;216;;jah
1994-01-26;88,8;200;;jah
1994-01-27;81,9;191;;jah
1994-01-28;77,7;184;;jah
1994-01-29;75;179;;jah
1994-01-30;72,2;174;;jah
1994-01-31;69;167;;jah
1994-02-01;65,3;160;;jah
1994-02-02;64,4;158;;jah
1994-02-03;62,1;156;;jah
1994-02-04;62,9;161;;jah
1994-02-05;63,8;163;;jah
1994-02-06;62,4;163;;jah
1994-02-07;60,5;162;;jah
1994-02-08;57;157;;jah
1994-02-09;49,6;143;;jah
1994-02-10;44,5;133;;jah
1994-02-11;38,1;122;;jah
1994-02-12;33,5;112;;jah
1994-02-13;29,2;102;;jah
1994-02-14;25,1;92;;jah
1994-02-15;23,2;86;;jah
1994-02-16;20,9;81;;jah
1994-02-17;16,8;69;;jah
1994-02-18;14,9;64;;jah
1994-02-19;14,3;62;;jah
1994-02-20;13,5;59;;jah
1994-02-21;13,2;56;;jah
1994-02-22;13,1;54;;jah
1994-02-23;13,4;52;;jah
1994-02-24;13,8;51;;jah
1994-02-25;14;49;;jah
1994-02-26;13,5;45;;jah
1994-02-27;13,5;43;;jah
1994-02-28;14,1;43;;jah
1994-03-01;13,8;42;;jah
1994-03-02;14,1;42;;jah
1994-03-03;14,1;42;;jah
1994-03-04;13,8;41;;jah
1994-03-05;13,8;41;;jah
1994-03-06;13,7;40;;jah
1994-03-07;13,4;39;;jah
1994-03-08;13,4;39;;jah
1994-03-09;21,3;61;;jah
1994-03-10;56,9;140;;jah
1994-03-11;82,7;186;;jah
1994-03-12;121;249;;jah
1994-03-13;150;287;;jah
1994-03-14;153;291;;jah
1994-03-15;151;289;;jah
1994-03-16;149;286;;jah
1994-03-17;142;281;;jah
1994-03-18;139;277;;jah
1994-03-19;127;262;;jah
1994-03-20;113;245;;jah
1994-03-21;102;232;;jah
1994-03-22;92,8;217;;jah
1994-03-23;86,7;206;;jah
1994-03-24;88,4;209;;jah
1994-03-25;91,1;214;;jah
1994-03-26;87,3;204;;jah
1994-03-27;79,2;189;;jah
1994-03-28;72,7;175;;jah
1994-03-29;68,2;163;;jah
1994-03-30;65,8;155;;jah
1994-03-31;68,6;161;;jah
1994-04-01;79,4;178;;jah
1994-04-02;99;207;;jah
1994-04-03;222;339;;jah
1994-04-04;199;317;;jah
1994-04-05;219;330;;jah
1994-04-06;165;276;;jah
1994-04-07;162;267;;jah
1994-04-08;175;269;;jah
1994-04-09;249;283;;jah
1994-04-10;375;315;;jah
1994-04-11;346;300;;jah
1994-04-12;306;280;;jah
1994-04-13;278;263;;jah
1994-04-14;252;246;;jah
1994-04-15;252;246;;jah
1994-04-16;250;244;;jah
1994-04-17;225;227;;jah
1994-04-18;194;204;;jah
1994-04-19;178;191;;jah
1994-04-20;161;177;;jah
1994-04-21;145;163;;jah
1994-04-22;124;143;;jah
1994-04-23;112;131;;jah
1994-04-24;101;120;;jah
1994-04-25;91;110;;jah
1994-04-26;87,2;106;;jah
1994-04-27;84,4;103;;jah
1994-04-28;80,6;99;;jah
1994-04-29;78,6;97;;jah
1994-04-30;76,8;95;;jah
1994-05-01;74,8;93;;jah
1994-05-02;74,8;93;;jah
1994-05-03;83,6;103;;jah
1994-05-04;98,9;121;;jah
1994-05-05;97,9;122;;jah
1994-05-06;93,9;119;;jah
1994-05-07;79,4;106;;jah
1994-05-08;63,4;90;;jah
1994-05-09;51,2;76;;jah
1994-05-10;42,1;65;;jah
1994-05-11;37,1;59;;jah
1994-05-12;33,3;54;;jah
1994-05-13;31,4;51;;jah
1994-05-14;29,1;48;;jah
1994-05-15;27,6;46;;jah
1994-05-16;27;45;;jah
1994-05-17;25,4;43;;jah
1994-05-18;24,2;41;;jah
1994-05-19;22,8;39;;jah
1994-05-20;23,4;40;;jah
1994-05-21;26,9;46;;jah
1994-05-22;47,2;77;;jah
1994-05-23;59,9;94;;jah
1994-05-24;59,9;94;;jah
1994-05-25;57,7;91;;jah
1994-05-26;56,1;88;;jah
1994-05-27;52,3;83;;jah
1994-05-28;47,1;76;;jah
1994-05-29;42,7;70;;jah
1994-05-30;40,6;67;;jah
1994-05-31;37,7;63;;jah
1994-06-01;33,7;57;;jah
1994-06-02;33,3;57;;jah
1994-06-03;31;56;;jah
1994-06-04;30,1;56;;jah
1994-06-05;30,5;59;;jah
1994-06-06;31;62;;jah
1994-06-07;29,6;62;;jah
1994-06-08;28;60;;jah
1994-06-09;26,1;57;;jah
1994-06-10;24,2;54;;jah
1994-06-11;23,3;52;;jah
1994-06-12;22,7;50;;jah
1994-06-13;22,4;49;;jah
1994-06-14;22,4;47;;jah
1994-06-15;19,4;39;;jah
1994-06-16;16,7;32;;jah
1994-06-17;14,7;25;;jah
1994-06-18;13,4;21;;jah
1994-06-19;13,9;22;;jah
1994-06-20;15,8;26;;jah
1994-06-21;17,6;30;;jah
1994-06-22;18,3;32;;jah
1994-06-23;21,4;39;;jah
1994-06-24;50,5;87;;jah
1994-06-25;59,2;102;;jah
1994-06-26;56,1;101;;jah
1994-06-27;49,4;93;;jah
1994-06-28;38,8;79;;jah
1994-06-29;34,8;73;;jah
1994-06-30;30,9;67;;jah
1994-07-01;29,3;65;;jah
1994-07-02;27,8;63;;jah
1994-07-03;25,8;60;;jah
1994-07-04;21,8;52;;jah
1994-07-05;19,3;47;;jah
1994-07-06;17,6;43;;jah
1994-07-07;16,1;40;;jah
1994-07-08;12,9;32;;jah
1994-07-09;10,4;24;;jah
1994-07-10;9,01;20;;jah
1994-07-11;8,75;19;;jah
1994-07-12;8,64;18;;jah
1994-07-13;8,64;18;;jah
1994-07-14;8,42;17;;jah
1994-07-15;8,15;16;;jah
1994-07-16;7,47;14;;jah
1994-07-17;7,48;13;;jah
1994-07-18;7,52;12;;jah
1994-07-19;7,37;11;;jah
1994-07-20;7,37;11;;jah
1994-07-21;7,37;11;;jah
1994-07-22;7,08;10;;jah
1994-07-23;7,08;10;;jah
1994-07-24;7,37;11;;jah
1994-07-25;7,24;11;;jah
1994-07-26;6,95;10;;jah
1994-07-27;6,95;10;;jah
1994-07-28;6,78;9;;jah
1994-07-29;6,61;8;;jah
1994-07-30;6,61;8;;jah
1994-07-31;6,38;7;;jah
1994-08-01;6,1;6;;jah
1994-08-02;5,83;5;;jah
1994-08-03;5,83;5;;jah
1994-08-04;5,67;4;;jah
1994-08-05;5,67;4;;jah
1994-08-06;5,67;4;;jah
1994-08-07;5,48;3;;jah
1994-08-08;5,48;3;;jah
1994-08-09;5,67;4;;jah
1994-08-10;5,83;5;;jah
1994-08-11;6,27;7;;jah
1994-08-12;6,5;8;;jah
1994-08-13;6,66;9;;jah
1994-08-14;6,66;9;;jah
1994-08-15;6,95;10;;jah
1994-08-16;7,37;11;;jah
1994-08-17;8,18;14;;jah
1994-08-18;8,18;14;;jah
1994-08-19;8,32;14;;jah
1994-08-20;8,32;14;;jah
1994-08-21;8,16;13;;jah
1994-08-22;7,92;12;;jah
1994-08-23;7,62;11;;jah
1994-08-24;7,75;11;;jah
1994-08-25;7,75;11;;jah
1994-08-26;7,44;10;;jah
1994-08-27;7,44;10;;jah
1994-08-28;7,26;9;;jah
1994-08-29;7,56;10;;jah
1994-08-30;7,56;10;;jah
1994-08-31;7,56;10;;jah
1994-09-01;7,69;10;;jah
1994-09-02;8,13;11;;jah
1994-09-03;8,84;13;;jah
1994-09-04;8,98;13;;jah
1994-09-05;9,11;13;;jah
1994-09-06;9,25;13;;jah
1994-09-07;9,38;13;;jah
1994-09-08;9,87;14;;jah
1994-09-09;10,4;15;;jah
1994-09-10;10,5;15;;jah
1994-09-11;10,9;16;;jah
1994-09-12;11;16;;jah
1994-09-13;11,4;17;;jah
1994-09-14;11,8;18;;jah
1994-09-15;11,8;18;;jah
1994-09-16;12,6;20;;jah
1994-09-17;13,2;21;;jah
1994-09-18;18,4;33;;jah
1994-09-19;32,1;58;;jah
1994-09-20;36,2;65;;jah
1994-09-21;37,7;68;;jah
1994-09-22;35,2;65;;jah
1994-09-23;33,4;63;;jah
1994-09-24;32,3;62;;jah
1994-09-25;30;58;;jah
1994-09-26;23,9;46;;jah
1994-09-27;19,9;37;;jah
1994-09-28;17,6;31;;jah
1994-09-29;17,6;29;;jah
1994-09-30;23,9;40;;jah
1994-10-01;45,6;74;;jah
1994-10-02;80,7;128;;jah
1994-10-03;84;139;;jah
1994-10-04;85,6;142;;jah
1994-10-05;86,4;145;;jah
1994-10-06;84,3;143;;jah
1994-10-07;80,9;138;;jah
1994-10-08;81,2;135;;jah
1994-10-09;79,9;130;;jah
1994-10-10;78,8;124;;jah
1994-10-11;67,9;107;;jah
1994-10-12;61,4;94;;jah
1994-10-13;54,9;83;;jah
1994-10-14;48;72;;jah
1994-10-15;43,5;65;;jah
1994-10-16;39,4;58;;jah
1994-10-17;37,3;54;;jah
1994-10-18;36,3;51;;jah
1994-10-19;35,5;49;;jah
1994-10-20;35,1;48;;jah
1994-10-21;34,4;47;;jah
1994-10-22;33,6;46;;jah
1994-10-23;33,6;46;;jah
1994-10-24;31,7;43;;jah
1994-10-25;30,1;40;;jah
1994-10-26;27,1;35;;jah
1994-10-27;25,7;32;;jah
1994-10-28;25,5;31;;jah
1994-10-29;27;33;;jah
1994-10-30;33,5;42;;jah
1994-10-31;42;53;;jah
1994-11-01;51,3;65;;jah
1994-11-02;64,7;83;;jah
1994-11-03;93,1;118;;jah
1994-11-04;92;119;;jah
1994-11-05;86,5;113;;jah
1994-11-06;75,9;101;;jah
1994-11-07;70,4;93;;jah
1994-11-08;67,3;88;;jah
1994-11-09;63,1;82;;jah
1994-11-10;58,9;76;;jah
1994-11-11;55,2;72;;jah
1994-11-12;51,6;68;;jah
1994-11-13;48;64;;jah
1994-11-14;46,2;62;;jah
1994-11-15;46,2;62;;jah
1994-11-16;50,1;68;;jah
1994-11-17;55,4;76;;jah
1994-11-18;57,5;80;;jah
1994-11-19;56,1;79;;jah
1994-11-20;55,6;80;;jah
1994-11-21;65,1;93;;jah
1994-11-22;67,7;98;;jah
1994-11-23;79,8;114;;jah
1994-11-24;93,5;133;;jah
1994-11-25;99,6;142;;jah
1994-11-26;96,7;143;;jah
1994-11-27;90,9;134;;jah
1994-11-28;76,6;116;;jah
1994-11-29;73,1;108;;jah
1994-11-30;69,2;101;;jah
1994-12-01;68,6;98;;jah
1994-12-02;66,7;94;;jah
1994-12-03;62,4;88;;jah
1994-12-04;60,5;85;;jah
1994-12-05;58,9;83;;jah
1994-12-06;58,6;82;;jah
1994-12-07;57,7;81;;jah
1994-12-08;57,7;81;;jah
1994-12-09;58,6;82;;jah
1994-12-10;59,5;83;;jah
1994-12-11;61,4;86;;jah
1994-12-12;74;108;;jah
1994-12-13;74,2;125;;jah
1994-12-14;67,3;118;;jah
1994-12-15;61,9;110;;jah
1994-12-16;54,8;99;;jah
1994-12-17;43,1;81;;jah
1994-12-18;36,9;71;;jah
1994-12-19;36,9;71;;jah
1994-12-20;45,7;85;;jah
1994-12-21;49;90;;jah
1994-12-22;51,5;94;;jah
1994-12-23;49,6;91;;jah
1994-12-24;46,4;86;;jah
1994-12-25;40,7;77;;jah
1994-12-26;38,8;74;;jah
1994-12-27;43,8;82;;jah
1994-12-28;45,1;84;;jah
1994-12-29;47,1;87;;jah
1994-12-30;59,3;106;;jah
1994-12-31;101;166;;jah
1995-01-01;201;222;;jah
1995-01-02;210;230;;jah
1995-01-03;178;207;;jah
1995-01-04;122;163;;jah
1995-01-05;99,3;147;;jah
1995-01-06;88,8;140;;jah
1995-01-07;82,1;136;;jah
1995-01-08;75,6;132;;jah
1995-01-09;69,1;128;;jah
1995-01-10;60;119;;jah
1995-01-11;53,9;114;;jah
1995-01-12;48,1;108;;jah
1995-01-13;50,1;113;;jah
1995-01-14;52,5;118;;jah
1995-01-15;54,1;122;;jah
1995-01-16;54,5;124;;jah
1995-01-17;53,7;124;;jah
1995-01-18;52,6;124;;jah
1995-01-19;49,7;120;;jah
1995-01-20;39,7;102;;jah
1995-01-21;35,1;96;;jah
1995-01-22;31,2;90;;jah
1995-01-23;28,7;85;;jah
1995-01-24;26,1;80;;jah
1995-01-25;25,6;81;;jah
1995-01-26;25,4;81;;jah
1995-01-27;26,4;86;;jah
1995-01-28;31,2;98;;jah
1995-01-29;32,3;101;;jah
1995-01-30;32,6;103;;jah
1995-01-31;32,3;102;;jah
1995-02-01;30,3;94;;jah
1995-02-02;30,2;92;;jah
1995-02-03;32,1;94;;jah
1995-02-04;33,6;95;;jah
1995-02-05;35,8;97;;jah
1995-02-06;38,2;99;;jah
1995-02-07;40,3;100;;jah
1995-02-08;41,9;101;;jah
1995-02-09;43,8;102;;jah
1995-02-10;46,5;104;;jah
1995-02-11;45,4;100;;jah
1995-02-12;45,1;98;;jah
1995-02-13;45,8;97;;jah
1995-02-14;47,7;98;;jah
1995-02-15;58,4;112;;jah
1995-02-16;101;168;;jah
1995-02-17;169;247;;jah
1995-02-18;235;319;;jah
1995-02-19;277;349;;jah
1995-02-20;300;348;;jah
1995-02-21;312;337;;jah
1995-02-22;331;335;;jah
1995-02-23;333;318;;jah
1995-02-24;299;278;;jah
1995-02-25;285;257;;jah
1995-02-26;287;253;;jah
1995-02-27;283;249;;jah
1995-02-28;274;241;;jah
1995-03-01;271;237;;jah
1995-03-02;269;235;;jah
1995-03-03;312;270;;jah
1995-03-04;306;273;;jah
1995-03-05;289;272;;jah
1995-03-06;261;261;;jah
1995-03-07;233;242;;jah
1995-03-08;211;222;;jah
1995-03-09;194;211;;jah
1995-03-10;183;202;;jah
1995-03-11;176;197;;jah
1995-03-12;170;193;;jah
1995-03-13;161;185;;jah
1995-03-14;154;179;;jah
1995-03-15;142;168;;jah
1995-03-16;115;141;;jah
1995-03-17;98,4;125;;jah
1995-03-18;87,3;114;;jah
1995-03-19;81,8;108;;jah
1995-03-20;78;103;;jah
1995-03-21;80,9;108;;jah
1995-03-22;81,8;108;;jah
1995-03-23;81,4;108;;jah
1995-03-24;79,8;106;;jah
1995-03-25;79,2;105;;jah
1995-03-26;84,8;112;;jah
1995-03-27;104;135;;jah
1995-03-28;125;155;;jah
1995-03-29;130;158;;jah
1995-03-30;129;157;;jah
1995-03-31;115;142;;jah
1995-04-01;99,6;126;;jah
1995-04-02;91,1;118;;jah
1995-04-03;82,1;108;;jah
1995-04-04;78,6;104;;jah
1995-04-05;78,4;104;;jah
1995-04-06;78,1;104;;jah
1995-04-07;77,6;103;;jah
1995-04-08;76,8;102;;jah
1995-04-09;76;101;;jah
1995-04-10;75,9;101;;jah
1995-04-11;75,6;101;;jah
1995-04-12;75,1;100;;jah
1995-04-13;74,7;100;;jah
1995-04-14;73,6;98;;jah
1995-04-15;73,5;98;;jah
1995-04-16;73,9;99;;jah
1995-04-17;77,6;104;;jah
1995-04-18;79,2;105;;jah
1995-04-19;79,6;106;;jah
1995-04-20;81,6;108;;jah
1995-04-21;83,4;110;;jah
1995-04-22;81,2;107;;jah
1995-04-23;73,8;98;;jah
1995-04-24;69,4;93;;jah
1995-04-25;68;91;;jah
1995-04-26;64,8;87;;jah
1995-04-27;68;77;;jah
1995-04-28;52,6;70;;jah
1995-04-29;49,4;65;;jah
1995-04-30;46,7;61;;jah
1995-05-01;43,7;56;;jah
1995-05-02;42,2;54;;jah
1995-05-03;41,6;53;;jah
1995-05-04;41,5;53;;jah
1995-05-05;41,2;53;;jah
1995-05-06;40,6;52;;jah
1995-05-07;39,8;50;;jah
1995-05-08;42,6;55;;jah
1995-05-09;58;80;;jah
1995-05-10;60,8;82;;jah
1995-05-11;59,4;80;;jah
1995-05-12;58,2;78;;jah
1995-05-13;57,5;77;;jah
1995-05-14;72,8;105;;jah
1995-05-15;170;186;;jah
1995-05-16;232;239;;jah
1995-05-17;220;230;;jah
1995-05-18;206;220;;jah
1995-05-19;193;210;;jah
1995-05-20;183;202;;jah
1995-05-21;172;194;;jah
1995-05-22;149;173;;jah
1995-05-23;108;134;;jah
1995-05-24;90,1;116;;jah
1995-05-25;82,4;108;;jah
1995-05-26;72,8;96;;jah
1995-05-27;66;88;;jah
1995-05-28;63,2;85;;jah
1995-05-29;62,2;84;;jah
1995-05-30;59,6;81;;jah
1995-05-31;53,1;75;;jah
1995-06-01;42,9;63;;jah
1995-06-02;37,2;57;;jah
1995-06-03;37,5;58;;jah
1995-06-04;40,1;61;;jah
1995-06-05;38;58;;jah
1995-06-06;37,2;58;;jah
1995-06-07;50,6;74;;jah
1995-06-08;52,1;74;;jah
1995-06-09;48;69;;jah
1995-06-10;43,5;64;;jah
1995-06-11;38,4;59;;jah
1995-06-12;36,4;57;;jah
1995-06-13;34,6;55;;jah
1995-06-14;34;54;;jah
1995-06-15;34;54;;jah
1995-06-16;34;54;;jah
1995-06-17;33,6;54;;jah
1995-06-18;31,5;51;;jah
1995-06-19;33,4;55;;jah
1995-06-20;50,7;89;;jah
1995-06-21;66,1;115;;jah
1995-06-22;60,5;102;;jah
1995-06-23;52,8;87;;jah
1995-06-24;43,7;69;;jah
1995-06-25;40,6;64;;jah
1995-06-26;38,3;60;;jah
1995-06-27;34,4;52;;jah
1995-06-28;29,6;43;;jah
1995-06-29;27,7;38;;jah
1995-06-30;26,8;36;;jah
1995-07-01;26,9;36;;jah
1995-07-02;28,6;42;;jah
1995-07-03;29,7;45;;jah
1995-07-04;30,7;48;;jah
1995-07-05;32,3;54;;jah
1995-07-06;34,3;60;;jah
1995-07-07;31;52;;jah
1995-07-08;27,9;45;;jah
1995-07-09;26,7;43;;jah
1995-07-10;25,6;40;;jah
1995-07-11;23,6;36;;jah
1995-07-12;20,6;29;;jah
1995-07-13;18,8;25;;jah
1995-07-14;18,3;24;;jah
1995-07-15;17,9;23;;jah
1995-07-16;17,4;22;;jah
1995-07-17;15,9;21;;jah
1995-07-18;14,9;21;;jah
1995-07-19;12,3;19;;jah
1995-07-20;14,6;21;;jah
1995-07-21;17,2;22;;jah
1995-07-22;18,2;23;;jah
1995-07-23;20,6;24;;jah
1995-07-24;19,3;23;;jah
1995-07-25;17,6;22;;jah
1995-07-26;16,7;22;;jah
1995-07-27;15,6;21;;jah
1995-07-28;14,2;20;;jah
1995-07-29;13,9;20;;jah
1995-07-30;11,7;19;;jah
1995-07-31;9;17;;jah
1995-08-01;8,7;16;;jah
1995-08-02;8,59;15;;jah
1995-08-03;8,48;14;;jah
1995-08-04;8,36;14;;jah
1995-08-05;8,25;13;;jah
1995-08-06;8,14;12;;jah
1995-08-07;8,02;12;;jah
1995-08-08;7,91;13;;jah
1995-08-09;7,8;13;;jah
1995-08-10;7,68;13;;jah
1995-08-11;7,59;15;;jah
1995-08-12;7,57;15;;jah
1995-08-13;7,57;15;;jah
1995-08-14;7,46;14;;jah
1995-08-15;7,45;14;;jah
1995-08-16;7,39;14;;jah
1995-08-17;7,32;13;;jah
1995-08-18;7,21;12;;jah
1995-08-19;7,19;12;;jah
1995-08-20;7,09;11;;jah
1995-08-21;7,07;11;;jah
1995-08-22;7,02;11;;jah
1995-08-23;6,89;10;;jah
1995-08-24;6,77;9;;jah
1995-08-25;6,69;8;;jah
1995-08-26;6,53;7;;jah
1995-08-27;6,57;8;;jah
1995-08-28;6,57;8;;jah
1995-08-29;6,56;8;;jah
1995-08-30;6,56;9;;jah
1995-08-31;6,56;9;;jah
1995-09-01;6,55;9;;jah
1995-09-02;6,55;8;;jah
1995-09-03;6,55;9;;jah
1995-09-04;6,54;9;;jah
1995-09-05;6,54;8;;jah
1995-09-06;6,54;8;;jah
1995-09-07;6,53;8;;jah
1995-09-08;6,53;8;;jah
1995-09-09;6,48;7;;jah
1995-09-10;6,43;7;;jah
1995-09-11;6,38;8;;jah
1995-09-12;6,33;8;;jah
1995-09-13;6,28;8;;jah
1995-09-14;6,23;8;;jah
1995-09-15;6,18;8;;jah
1995-09-16;6,13;8;;jah
1995-09-17;6,08;8;;jah
1995-09-18;6,03;8;;jah
1995-09-19;5,97;7;;jah
1995-09-20;5,92;7;;jah
1995-09-21;5,87;7;;jah
1995-09-22;5,82;7;;jah
1995-09-23;5,78;6;;jah
1995-09-24;5,66;6;;jah
1995-09-25;5,51;5;;jah
1995-09-26;5,51;5;;jah
1995-09-27;5,86;7;;jah
1995-09-28;6,39;9;;jah
1995-09-29;7,04;11;;jah
1995-09-30;8,16;16;;jah
1995-10-01;8,66;19;;jah
1995-10-02;9,12;26;;jah
1995-10-03;9,58;31;;jah
1995-10-04;10;33;;jah
1995-10-05;10,5;33;;jah
1995-10-06;11;33;;jah
1995-10-07;11,4;33;;jah
1995-10-08;11,9;30;;jah
1995-10-09;12,3;27;;jah
1995-10-10;12,8;20;;jah
1995-10-11;13,2;18;;jah
1995-10-12;13,2;18;;jah
1995-10-13;13;18;;jah
1995-10-14;12,8;17;;jah
1995-10-15;12,4;16;;jah
1995-10-16;12;15;;jah
1995-10-17;11,4;14;;jah
1995-10-18;11,2;14;;jah
1995-10-19;12,4;17;;jah
1995-10-20;15,7;25;;jah
1995-10-21;20,6;36;;jah
1995-10-22;22,2;39;;jah
1995-10-23;22,7;40;;jah
1995-10-24;22,6;40;;jah
1995-10-25;21,5;36;;jah
1995-10-26;20,2;31;;jah
1995-10-27;19,3;28;;jah
1995-10-28;18,9;27;;jah
1995-10-29;18,8;27;;jah
1995-10-30;18,6;27;;jah
1995-10-31;18,3;28;;jah
1995-11-01;18;28;;jah
1995-11-02;17,8;27;;jah
1995-11-03;17,5;26;;jah
1995-11-04;17,6;26;;jah
1995-11-05;17,6;25;;jah
1995-11-06;16,6;23;;jah
1995-11-07;15,9;21;;jah
1995-11-08;15,9;22;;jah
1995-11-09;16,9;25;;jah
1995-11-10;16,9;25;;jah
1995-11-11;16;23;;jah
1995-11-12;15,2;21;;jah
1995-11-13;14,7;20;;jah
1995-11-14;14,4;20;;jah
1995-11-15;14;19;;jah
1995-11-16;14,6;21;;jah
1995-11-17;19,5;34;;jah
1995-11-18;43,7;78;;jah
1995-11-19;52,6;87;;jah
1995-11-20;47,1;78;;jah
1995-11-21;41;70;;jah
1995-11-22;35,6;63;;jah
1995-11-23;26,2;46;;jah
1995-11-24;24,2;43;;jah
1995-11-25;31,1;58;;jah
1995-11-26;42,4;74;;jah
1995-11-27;47,1;79;;jah
1995-11-28;48,8;81;;jah
1995-11-29;45,4;76;;jah
1995-11-30;36;63;;jah
1995-12-01;26;48;;jah
1995-12-02;22,2;42;;jah
1995-12-03;19,3;37;;jah
1995-12-04;17;33;;jah
1995-12-05;15,8;31;;jah
1995-12-06;15,2;31;;jah
1995-12-07;15,6;34;;jah
1995-12-08;18,8;44;;jah
1995-12-09;20,3;49;;jah
1995-12-10;21,1;51;;jah
1995-12-11;22;51;;jah
1995-12-12;22,3;50;;jah
1995-12-13;20,9;44;;jah
1995-12-14;19,4;39;;jah
1995-12-15;17,4;33;;jah
1995-12-16;16,2;29;;jah
1995-12-17;15,5;26;;jah
1995-12-18;15,5;25;;jah
1995-12-19;15,3;24;;jah
1995-12-20;15,7;25;;jah
1995-12-21;16,1;27;;jah
1995-12-22;16,8;29;;jah
1995-12-23;17,3;30;;jah
1995-12-24;17,1;30;;jah
1995-12-25;16,5;28;;jah
1995-12-26;16;27;;jah
1995-12-27;15,6;26;;jah
1995-12-28;15,2;25;;jah
1995-12-29;13,9;21;;jah
1995-12-30;12,6;18;;jah
1995-12-31;12;16;;jah
1996-01-01;12,2;16;;jah
1996-01-02;11,8;5;;jah
1996-01-03;11,8;15;;jah
1996-01-04;11,6;15;;jah
1996-01-05;11,3;14;;jah
1996-01-06;11,5;15;;jah
1996-01-07;11,7;15;;jah
1996-01-08;12,1;16;;jah
1996-01-09;12,1;16;;jah
1996-01-10;11,9;16;;jah
1996-01-11;11,6;15;;jah
1996-01-12;11,5;15;;jah
1996-01-13;11,2;14;;jah
1996-01-14;11;14;;jah
1996-01-15;10,7;13;;jah
1996-01-16;10,7;13;;jah
1996-01-17;10,5;13;;jah
1996-01-18;10,2;12;;jah
1996-01-19;10,2;12;;jah
1996-01-20;10,2;12;;jah
1996-01-21;10,3;13;;jah
1996-01-22;10,7;14;;jah
1996-01-23;10,9;14;;jah
1996-01-24;11,2;15;;jah
1996-01-25;11,2;15;;jah
1996-01-26;11,3;16;;jah
1996-01-27;11,5;16;;jah
1996-01-28;11,1;15;;jah
1996-01-29;10,1;13;;jah
1996-01-30;9,66;12;;jah
1996-01-31;9,51;12;;jah
1996-02-01;9,68;13;;jah
1996-02-02;9,7;14;;jah
1996-02-03;9,74;14;;jah
1996-02-04;9,56;14;;jah
1996-02-05;9,38;14;;jah
1996-02-06;9,05;14;;jah
1996-02-07;8,66;13;;jah
1996-02-08;8,49;13;;jah
1996-02-09;8,31;13;;jah
1996-02-10;8;13;;jah
1996-02-11;7,64;12;;jah
1996-02-12;7,47;12;;jah
1996-02-13;7,18;12;;jah
1996-02-14;6,83;11;;jah
1996-02-15;6,41;10;;jah
1996-02-16;6,11;10;;jah
1996-02-17;5,8;9;;jah
1996-02-18;5,73;9;;jah
1996-02-19;5,64;9;;jah
1996-02-20;5,5;8;;jah
1996-02-21;5,52;8;;jah
1996-02-22;5,54;8;;jah
1996-02-23;5,56;8;;jah
1996-02-24;5,46;8;;jah
1996-02-25;5,45;8;;jah
1996-02-26;6,38;11;;jah
1996-02-27;7,29;14;;jah
1996-02-28;7,67;15;;jah
1996-02-29;7,94;16;;jah
1996-03-01;8,23;16;;jah
1996-03-02;8,22;16;;jah
1996-03-03;8,16;15;;jah
1996-03-04;8,27;15;;jah
1996-03-05;8,09;14;;jah
1996-03-06;8,1;14;;jah
1996-03-07;8,02;14;;jah
1996-03-08;7,88;13;;jah
1996-03-09;7,65;12;;jah
1996-03-10;7,66;12;;jah
1996-03-11;7,57;12;;jah
1996-03-12;7,43;11;;jah
1996-03-13;7,31;11;;jah
1996-03-14;7,12;10;;jah
1996-03-15;7,4;11;;jah
1996-03-16;7,43;11;;jah
1996-03-17;7,42;11;;jah
1996-03-18;7,55;12;;jah
1996-03-19;7,73;12;;jah
1996-03-20;7,72;12;;jah
1996-03-21;7,72;12;;jah
1996-03-22;7,71;12;;jah
1996-03-23;7,7;12;;jah
1996-03-24;7,56;12;;jah
1996-03-25;7,37;11;;jah
1996-03-26;7,36;11;;jah
1996-03-27;7,36;11;;jah
1996-03-28;7,48;12;;jah
1996-03-29;7,66;12;;jah
1996-03-30;7,66;12;;jah
1996-03-31;7,73;12;;jah
1996-04-01;8,14;13;;jah
1996-04-02;8,46;14;;jah
1996-04-03;8,8;14;;jah
1996-04-04;8,94;14;;jah
1996-04-05;9,08;14;;jah
1996-04-06;9,24;14;;jah
1996-04-07;9,7;15;;jah
1996-04-08;10,7;18;;jah
1996-04-09;13,8;26;;jah
1996-04-10;21;45;;jah
1996-04-11;35,3;79;;jah
1996-04-12;49,9;103;;jah
1996-04-13;52,6;105;;jah
1996-04-14;61,1;116;;jah
1996-04-15;87,9;146;;jah
1996-04-16;127;181;;jah
1996-04-17;141;190;;jah
1996-04-18;155;196;;jah
1996-04-19;160;193;;jah
1996-04-20;155;189;;jah
1996-04-21;158;192;;jah
1996-04-22;164;198;;jah
1996-04-23;163;196;;jah
1996-04-24;157;191;;jah
1996-04-25;149;183;;jah
1996-04-26;141;175;;jah
1996-04-27;131;166;;jah
1996-04-28;127;163;;jah
1996-04-29;122;159;;jah
1996-04-30;115;152;;jah
1996-05-01;106;144;;jah
1996-05-02;91,8;129;;jah
1996-05-03;80,2;117;;jah
1996-05-04;104;145;;jah
1996-05-05;125;163;;jah
1996-05-06;141;177;;jah
1996-05-07;139;174;;jah
1996-05-08;122;157;;jah
1996-05-09;88,6;124;;jah
1996-05-10;73,7;109;;jah
1996-05-11;65,7;100;;jah
1996-05-12;61,5;95;;jah
1996-05-13;56;88;;jah
1996-05-14;50,2;81;;jah
1996-05-15;44,4;71;;jah
1996-05-16;40,1;64;;jah
1996-05-17;36,9;58;;jah
1996-05-18;34,8;55;;jah
1996-05-19;32,9;51;;jah
1996-05-20;30,9;48;;jah
1996-05-21;29,7;46;;jah
1996-05-22;29,3;45;;jah
1996-05-23;28,2;43;;jah
1996-05-24;26,5;39;;jah
1996-05-25;24,9;36;;jah
1996-05-26;25,2;37;;jah
1996-05-27;27,9;43;;jah
1996-05-28;32,8;52;;jah
1996-05-29;37,6;60;;jah
1996-05-30;38,2;60;;jah
1996-05-31;37,2;59;;jah
1996-06-01;35;55;;jah
1996-06-02;31,2;49;;jah
1996-06-03;28,8;45;;jah
1996-06-04;27,9;44;;jah
1996-06-05;26,9;43;;jah
1996-06-06;25,7;41;;jah
1996-06-07;24,5;39;;jah
1996-06-08;22,6;35;;jah
1996-06-09;19,3;29;;jah
1996-06-10;17,8;26;;jah
1996-06-11;17,1;25;;jah
1996-06-12;16,5;24;;jah
1996-06-13;15,8;23;;jah
1996-06-14;15,4;23;;jah
1996-06-15;14,8;22;;jah
1996-06-16;14,2;21;;jah
1996-06-17;13,6;20;;jah
1996-06-18;13,1;19;;jah
1996-06-19;12,7;19;;jah
1996-06-20;12,7;20;;jah
1996-06-21;14;25;;jah
1996-06-22;14,3;26;;jah
1996-06-23;13,6;25;;jah
1996-06-24;12,8;24;;jah
1996-06-25;12,3;24;;jah
1996-06-26;11,5;23;;jah
1996-06-27;10,6;21;;jah
1996-06-28;10,4;21;;jah
1996-06-29;11,1;23;;jah
1996-06-30;12,3;27;;jah
1996-07-01;12,7;27;;jah
1996-07-02;12,8;27;;jah
1996-07-03;12,8;27;;jah
1996-07-04;12,5;26;;jah
1996-07-05;11,9;23;;jah
1996-07-06;12,3;25;;jah
1996-07-07;13,4;28;;jah
1996-07-08;15,9;35;;jah
1996-07-09;20,9;49;;jah
1996-07-10;27,4;66;;jah
1996-07-11;38,4;91;;jah
1996-07-12;52,2;113;;jah
1996-07-13;49,6;104;;jah
1996-07-14;46,5;96;;jah
1996-07-15;41;85;;jah
1996-07-16;36,4;74;;jah
1996-07-17;31,2;62;;jah
1996-07-18;26,6;52;;jah
1996-07-19;24,4;48;;jah
1996-07-20;23,7;47;;jah
1996-07-21;23;45;;jah
1996-07-22;22,1;43;;jah
1996-07-23;21,2;41;;jah
1996-07-24;20,5;40;;jah
1996-07-25;19,1;36;;jah
1996-07-26;17;31;;jah
1996-07-27;15,7;28;;jah
1996-07-28;14,8;26;;jah
1996-07-29;13,2;22;;jah
1996-07-30;12,1;20;;jah
1996-07-31;11,3;18;;jah
1996-08-01;10,6;17;;jah
1996-08-02;9,99;16;;jah
1996-08-03;9,66;16;;jah
1996-08-04;9,37;16;;jah
1996-08-05;9,24;16;;jah
1996-08-06;9,11;16;;jah
1996-08-07;8,92;15;;jah
1996-08-08;8,65;14;;jah
1996-08-09;8,62;14;;jah
1996-08-10;8,34;13;;jah
1996-08-11;8,03;12;;jah
1996-08-12;7,85;12;;jah
1996-08-13;7,37;10;;jah
1996-08-14;7,04;9;;jah
1996-08-15;6,71;8;;jah
1996-08-16;6,52;8;;jah
1996-08-17;6,32;7;;jah
1996-08-18;6,18;7;;jah
1996-08-19;5,97;6;;jah
1996-08-20;5,83;6;;jah
1996-08-21;5,63;5;;jah
1996-08-22;5,34;4;;jah
1996-08-23;5,3;4;;jah
1996-08-24;5,29;4;;jah
1996-08-25;5,15;4;;jah
1996-08-26;4,95;3;;jah
1996-08-27;4,95;3;;jah
1996-08-28;4,95;3;;jah
1996-08-29;4,94;3;;jah
1996-08-30;4,94;3;;jah
1996-08-31;5,09;3;;jah
1996-09-01;5,38;3;;jah
1996-09-02;5,52;3;;jah
1996-09-03;5,4;2;;jah
1996-09-04;5,06;0;;jah
1996-09-05;4,87;-1;;jah
1996-09-06;4,65;-2;;jah
1996-09-07;4,66;-2;;jah
1996-09-08;4,4;-2;;jah
1996-09-09;4,56;-2;;jah
1996-09-10;4,5;-2;;jah
1996-09-11;4,63;-1;;jah
1996-09-12;5,01;0;;jah
1996-09-13;5,57;1;;jah
1996-09-14;5,72;2;;jah
1996-09-15;5,89;2;;jah
1996-09-16;5,81;2;;jah
1996-09-17;5,73;2;;jah
1996-09-18;5,5;2;;jah
1996-09-19;5,21;1;;jah
1996-09-20;4,99;1;;jah
1996-09-21;4,72;0;;jah
1996-09-22;4,67;0;;jah
1996-09-23;4,46;0;;jah
1996-09-24;4,19;-1;;jah
1996-09-25;4,15;-1;;jah
1996-09-26;3,95;-1;;jah
1996-09-27;3,7;-2;;jah
1996-09-28;3,65;-2;;jah
1996-09-29;3,62;-2;;jah
1996-09-30;3,57;-2;;jah
1996-10-01;3,84;-1;;jah
1996-10-02;4,94;3;;jah
1996-10-03;5,45;4;;jah
1996-10-04;5,57;5;;jah
1996-10-05;5,7;5;;jah
1996-10-06;5,91;6;;jah
1996-10-07;5,59;5;;jah
1996-10-08;5,36;5;;jah
1996-10-09;5,24;5;;jah
1996-10-10;5,35;5;;jah
1996-10-11;5,28;5;;jah
1996-10-12;5,22;5;;jah
1996-10-13;5,02;5;;jah
1996-10-14;4,77;4;;jah
1996-10-15;4,46;3;;jah
1996-10-16;4,3;3;;jah
1996-10-17;4,17;2;;jah
1996-10-18;4,21;2;;jah
1996-10-19;4,38;3;;jah
1996-10-20;4,75;4;;jah
1996-10-21;6,16;8;;jah
1996-10-22;8,4;14;;jah
1996-10-23;9,7;17;;jah
1996-10-24;10,6;18;;jah
1996-10-25;10,9;18;;jah
1996-10-26;10,8;17;;jah
1996-10-27;10,3;15;;jah
1996-10-28;9,84;14;;jah
1996-10-29;9,3;12;;jah
1996-10-30;9,01;11;;jah
1996-10-31;9,62;13;;jah
1996-11-01;10,8;15;;jah
1996-11-02;12,5;19;;jah
1996-11-03;13,8;21;;jah
1996-11-04;16,5;27;;jah
1996-11-05;19,6;34;;jah
1996-11-06;21,9;40;;jah
1996-11-07;23,6;44;;jah
1996-11-08;34,6;70;;jah
1996-11-09;47,6;92;;jah
1996-11-10;44,3;83;;jah
1996-11-11;43,3;82;;jah
1996-11-12;47,9;90;;jah
1996-11-13;47,4;90;;jah
1996-11-14;51,9;99;;jah
1996-11-15;52,3;100;;jah
1996-11-16;47,9;92;;jah
1996-11-17;43,3;84;;jah
1996-11-18;41;80;;jah
1996-11-19;41,4;80;;jah
1996-11-20;43,9;83;;jah
1996-11-21;47,4;87;;jah
1996-11-22;51,7;92;;jah
1996-11-23;55,3;95;;jah
1996-11-24;55,6;94;;jah
1996-11-25;51,6;87;;jah
1996-11-26;47,1;80;;jah
1996-11-27;40,4;67;;jah
1996-11-28;35,9;59;;jah
1996-11-29;38,9;67;;jah
1996-11-30;46,9;82;;jah
1996-12-01;52,3;90;;jah
1996-12-02;50,5;88;;jah
1996-12-03;52,2;92;;jah
1996-12-04;52,7;93;;jah
1996-12-05;52;93;;jah
1996-12-06;50,9;93;;jah
1996-12-07;49,1;91;;jah
1996-12-08;45,9;87;;jah
1996-12-09;42,9;84;;jah
1996-12-10;41,5;83;;jah
1996-12-11;42,3;85;;jah
1996-12-12;43,1;87;;jah
1996-12-13;42,8;88;;jah
1996-12-14;42,6;88;;jah
1996-12-15;39,8;84;;jah
1996-12-16;31,3;66;;jah
1996-12-17;28,4;62;;jah
1996-12-18;27,7;61;;jah
1996-12-19;29,2;67;;jah
1996-12-20;30,4;71;;jah
1996-12-21;32,2;77;;jah
1996-12-22;33,6;81;;jah
1996-12-23;33,4;82;;jah
1996-12-24;34;83;;jah
1996-12-25;35,3;84;;jah
1996-12-26;36;84;;jah
1996-12-27;37,1;85;;jah
1996-12-28;41,1;92;;jah
1996-12-29;44,3;96;;jah
1996-12-30;45,9;97;;jah
1996-12-31;46,7;97;;jah
1997-01-01;47,1;96;;jah
1997-01-02;47,4;96;;jah
1997-01-03;47,4;96;;jah
1997-01-04;47,5;96;;jah
1997-01-05;47,1;94;;jah
1997-01-06;43;86;;jah
1997-01-07;38;76;;jah
1997-01-08;34,4;68;;jah
1997-01-09;32,3;64;;jah
1997-01-10;30,4;59;;jah
1997-01-11;27,5;53;;jah
1997-01-12;25,6;49;;jah
1997-01-13;24,7;47;;jah
1997-01-14;24,1;45;;jah
1997-01-15;24,2;46;;jah
1997-01-16;26;50;;jah
1997-01-17;31,6;64;;jah
1997-01-18;35,7;73;;jah
1997-01-19;37,9;77;;jah
1997-01-20;38,8;79;;jah
1997-01-21;38,9;79;;jah
1997-01-22;39,1;80;;jah
1997-01-23;39,7;81;;jah
1997-01-24;39,7;81;;jah
1997-01-25;39,7;81;;jah
1997-01-26;39,9;82;;jah
1997-01-27;40;82;;jah
1997-01-28;38,5;78;;jah
1997-01-29;36,9;75;;jah
1997-01-30;36;73;;jah
1997-01-31;35,1;71;;jah
1997-02-01;34,4;69;;jah
1997-02-02;33,7;68;;jah
1997-02-03;32,6;65;;jah
1997-02-04;30,4;60;;jah
1997-02-05;28,3;55;;jah
1997-02-06;27,3;53;;jah
1997-02-07;26,7;52;;jah
1997-02-08;26,4;51;;jah
1997-02-09;26,5;52;;jah
1997-02-10;27;53;;jah
1997-02-11;31,8;65;;jah
1997-02-12;50;103;;jah
1997-02-13;58,2;116;;jah
1997-02-14;63,1;124;;jah
1997-02-15;69,6;135;;jah
1997-02-16;69;133;;jah
1997-02-17;65,6;127;;jah
1997-02-18;59,6;117;;jah
1997-02-19;55,5;108;;jah
1997-02-20;54;103;;jah
1997-02-21;53,5;99;;jah
1997-02-22;56,6;102;;jah
1997-02-23;65,8;115;;jah
1997-02-24;88,1;146;;jah
1997-02-25;147;220;;jah
1997-02-26;255;298;;jah
1997-02-27;318;362;;jah
1997-02-28;343;371;;jah
1997-03-01;342;364;;jah
1997-03-02;342;360;;jah
1997-03-03;321;336;;jah
1997-03-04;305;310;;jah
1997-03-05;218;246;;jah
1997-03-06;202;237;;jah
1997-03-07;202;236;;jah
1997-03-08;203;235;;jah
1997-03-09;199;230;;jah
1997-03-10;184;214;;jah
1997-03-11;167;197;;jah
1997-03-12;155;185;;jah
1997-03-13;146;174;;jah
1997-03-14;134;160;;jah
1997-03-15;122;148;;jah
1997-03-16;113;139;;jah
1997-03-17;105;131;;jah
1997-03-18;94,8;120;;jah
1997-03-19;73,7;95;;jah
1997-03-20;58,8;78;;jah
1997-03-21;52,6;70;;jah
1997-03-22;50,5;67;;jah
1997-03-23;48,1;64;;jah
1997-03-24;44,3;58;;jah
1997-03-25;38,7;50;;jah
1997-03-26;35,8;45;;jah
1997-03-27;34,8;43;;jah
1997-03-28;34,9;43;;jah
1997-03-29;34,9;43;;jah
1997-03-30;34,3;41;;jah
1997-03-31;35,6;44;;jah
1997-04-01;40,3;52;;jah
1997-04-02;42,6;55;;jah
1997-04-03;46,6;61;;jah
1997-04-04;67,4;93;;jah
1997-04-05;111;142;;jah
1997-04-06;114;142;;jah
1997-04-07;104;130;;jah
1997-04-08;96,3;122;;jah
1997-04-09;87,8;112;;jah
1997-04-10;73;94;;jah
1997-04-11;71,3;94;;jah
1997-04-12;72,2;95;;jah
1997-04-13;73,5;96;;jah
1997-04-14;76,3;100;;jah
1997-04-15;90;117;;jah
1997-04-16;99,2;126;;jah
1997-04-17;98,3;124;;jah
1997-04-18;94,7;120;;jah
1997-04-19;90,4;115;;jah
1997-04-20;83,3;107;;jah
1997-04-21;73,4;95;;jah
1997-04-22;66;87;;jah
1997-04-23;60,1;80;;jah
1997-04-24;54,5;72;;jah
1997-04-25;53,7;71;;jah
1997-04-26;57,1;77;;jah
1997-04-27;64,6;87;;jah
1997-04-28;77,5;102;;jah
1997-04-29;78;101;;jah
1997-04-30;100;130;;jah
1997-05-01;124;153;;jah
1997-05-02;120;148;;jah
1997-05-03;117;144;;jah
1997-05-04;109;135;;jah
1997-05-05;101;127;;jah
1997-05-06;90,4;115;;jah
1997-05-07;81,3;104;;jah
1997-05-08;91,4;118;;jah
1997-05-09;110;139;;jah
1997-05-10;114;142;;jah
1997-05-11;116;144;;jah
1997-05-12;109;136;;jah
1997-05-13;104;130;;jah
1997-05-14;95,6;121;;jah
1997-05-15;84,1;107;;jah
1997-05-16;75,1;97;;jah
1997-05-17;68,5;90;;jah
1997-05-18;61,7;82;;jah
1997-05-19;47,7;72;;jah
1997-05-20;40,3;61;;jah
1997-05-21;35,8;55;;jah
1997-05-22;33,3;51;;jah
1997-05-23;32,5;49;;jah
1997-05-24;31,9;47;;jah
1997-05-25;31,2;45;;jah
1997-05-26;30,1;42;;jah
1997-05-27;28,4;38;;jah
1997-05-28;28,1;37;;jah
1997-05-29;27,4;36;;jah
1997-05-30;27,5;37;;jah
1997-05-31;26,2;36;;jah
1997-06-01;24,9;34;;jah
1997-06-02;23,8;33;;jah
1997-06-03;22,6;32;;jah
1997-06-04;21,1;30;;jah
1997-06-05;19,5;27;;jah
1997-06-06;17,9;25;;jah
1997-06-07;16,7;23;;jah
1997-06-08;15,9;22;;jah
1997-06-09;15,4;22;;jah
1997-06-10;14,8;22;;jah
1997-06-11;14,1;21;;jah
1997-06-12;14;21;;jah
1997-06-13;14,4;22;;jah
1997-06-14;14,5;21;;jah
1997-06-15;15,9;25;;jah
1997-06-16;18,6;31;;jah
1997-06-17;26,4;51;;jah
1997-06-18;40,5;80;;jah
1997-06-19;58,6;111;;jah
1997-06-20;66,8;121;;jah
1997-06-21;67,3;120;;jah
1997-06-22;67,9;120;;jah
1997-06-23;69,8;124;;jah
1997-06-24;70,9;126;;jah
1997-06-25;71,7;127;;jah
1997-06-26;72,1;128;;jah
1997-06-27;71,1;127;;jah
1997-06-28;69;124;;jah
1997-06-29;63,6;115;;jah
1997-06-30;56,9;104;;jah
1997-07-01;50,7;95;;jah
1997-07-02;40,9;78;;jah
1997-07-03;35,1;68;;jah
1997-07-04;30,8;60;;jah
1997-07-05;28,2;55;;jah
1997-07-06;26;51;;jah
1997-07-07;24,4;49;;jah
1997-07-08;22,9;46;;jah
1997-07-09;19,6;37;;jah
1997-07-10;17;30;;jah
1997-07-11;15,8;28;;jah
1997-07-12;15,1;26;;jah
1997-07-13;14,5;25;;jah
1997-07-14;13,8;23;;jah
1997-07-15;13,3;22;;jah
1997-07-16;12,8;21;;jah
1997-07-17;12,1;19;;jah
1997-07-18;11,8;18;;jah
1997-07-19;11,5;18;;jah
1997-07-20;11,2;17;;jah
1997-07-21;11,1;17;;jah
1997-07-22;10,9;17;;jah
1997-07-23;10,6;16;;jah
1997-07-24;10,3;15;;jah
1997-07-25;10,2;15;;jah
1997-07-26;10,3;15;;jah
1997-07-27;10,3;15;;jah
1997-07-28;10,8;17;;jah
1997-07-29;13,2;25;;jah
1997-07-30;13,7;27;;jah
1997-07-31;13;25;;jah
1997-08-01;12,1;23;;jah
1997-08-02;10,7;19;;jah
1997-08-03;9,91;17;;jah
1997-08-04;9,28;15;;jah
1997-08-05;8,96;15;;jah
1997-08-06;8,62;14;;jah
1997-08-07;8,22;13;;jah
1997-08-08;7,91;13;;jah
1997-08-09;7,37;11;;jah
1997-08-10;6,98;10;;jah
1997-08-11;6,8;9;;jah
1997-08-12;6,76;8;;jah
1997-08-13;6,75;8;;jah
1997-08-14;6,55;6;;jah
1997-08-15;6,43;5;;jah
1997-08-16;6,31;4;;jah
1997-08-17;6,36;4;;jah
1997-08-18;6,42;4;;jah
1997-08-19;6,41;4;;jah
1997-08-20;6,28;3;;jah
1997-08-21;6,18;3;;jah
1997-08-22;6,08;3;;jah
1997-08-23;5,99;3;;jah
1997-08-24;5,89;3;;jah
1997-08-25;5,79;3;;jah
1997-08-26;5,7;3;;jah
1997-08-27;5,53;3;;jah
1997-08-28;5,33;2;;jah
1997-08-29;5,17;2;;jah
1997-08-30;4,98;1;;jah
1997-08-31;4,88;1;;jah
1997-09-01;4,65;0;;jah
1997-09-02;4,55;0;;jah
1997-09-03;4,39;0;;jah
1997-09-04;4,22;-1;;jah
1997-09-05;4,08;-2;;jah
1997-09-06;4,13;-2;;jah
1997-09-07;4,06;-3;;jah
1997-09-08;4,11;-3;;jah
1997-09-09;4,24;-2;;jah
1997-09-10;4,62;0;;jah
1997-09-11;5,46;5;;jah
1997-09-12;6,93;12;;jah
1997-09-13;7,5;14;;jah
1997-09-14;7,66;14;;jah
1997-09-15;7,75;15;;jah
1997-09-16;7,88;15;;jah
1997-09-17;7,77;15;;jah
1997-09-18;7,61;14;;jah
1997-09-19;7,39;13;;jah
1997-09-20;7,35;13;;jah
1997-09-21;7,34;13;;jah
1997-09-22;7,23;13;;jah
1997-09-23;7,07;12;;jah
1997-09-24;6,86;11;;jah
1997-09-25;6,92;12;;jah
1997-09-26;7,05;12;;jah
1997-09-27;7,04;12;;jah
1997-09-28;7,03;12;;jah
1997-09-29;6,92;12;;jah
1997-09-30;6,84;11;;jah
1997-10-01;6,77;10;;jah
1997-10-02;6,77;10;;jah
1997-10-03;6,75;9;;jah
1997-10-04;6,88;9;;jah
1997-10-05;7,13;10;;jah
1997-10-06;7,87;12;;jah
1997-10-07;8,64;13;;jah
1997-10-08;9,02;13;;jah
1997-10-09;9,38;13;;jah
1997-10-10;10,2;15;;jah
1997-10-11;12,2;20;;jah
1997-10-12;14,1;25;;jah
1997-10-13;18,6;39;;jah
1997-10-14;24,5;54;;jah
1997-10-15;28,2;61;;jah
1997-10-16;28,6;61;;jah
1997-10-17;27,4;57;;jah
1997-10-18;27,4;56;;jah
1997-10-19;28,2;57;;jah
1997-10-20;28,3;56;;jah
1997-10-21;28,6;56;;jah
1997-10-22;28,6;55;;jah
1997-10-23;26,9;50;;jah
1997-10-24;26,6;49;;jah
1997-10-25;27,2;50;;jah
1997-10-26;27,8;50;;jah
1997-10-27;28;50;;jah
1997-10-28;27,4;48;;jah
1997-10-29;26;45;;jah
1997-10-30;24,9;42;;jah
1997-10-31;23,4;39;;jah
1997-11-01;22,7;37;;jah
1997-11-02;22,2;36;;jah
1997-11-03;22,1;36;;jah
1997-11-04;21,9;36;;jah
1997-11-05;21,5;35;;jah
1997-11-06;21;33;;jah
1997-11-07;21,2;33;;jah
1997-11-08;21,7;34;;jah
1997-11-09;26,9;46;;jah
1997-11-10;40,3;73;;jah
1997-11-11;58,7;103;;jah
1997-11-12;67,5;114;;jah
1997-11-13;71,9;119;;jah
1997-11-14;73,5;120;;jah
1997-11-15;72,8;119;;jah
1997-11-16;70,5;116;;jah
1997-11-17;69,2;114;;jah
1997-11-18;66;109;;jah
1997-11-19;62,2;104;;jah
1997-11-20;57,5;97;;jah
1997-11-21;47,7;81;;jah
1997-11-22;42,3;72;;jah
1997-11-23;40,3;69;;jah
1997-11-24;39;67;;jah
1997-11-25;35,8;61;;jah
1997-11-26;33;55;;jah
1997-11-27;31,4;53;;jah
1997-11-28;30,6;51;;jah
1997-11-29;30;50;;jah
1997-11-30;29,8;50;;jah
1997-12-01;28,4;48;;jah
1997-12-02;26,1;43;;jah
1997-12-03;24;39;;jah
1997-12-04;23;37;;jah
1997-12-05;22,4;36;;jah
1997-12-06;22,2;36;;jah
1997-12-07;21,8;35;;jah
1997-12-08;21,4;34;;jah
1997-12-09;21,1;33;;jah
1997-12-10;21,1;33;;jah
1997-12-11;21,1;33;;jah
1997-12-12;21,4;34;;jah
1997-12-13;21,9;34;;jah
1997-12-14;22,5;35;;jah
1997-12-15;24,9;41;;jah
1997-12-16;27,3;45;;jah
1997-12-17;28,5;47;;jah
1997-12-18;29,1;48;;jah
1997-12-19;29,6;48;;jah
1997-12-20;29,9;48;;jah
1997-12-21;30,5;49;;jah
1997-12-22;30,5;49;;jah
1997-12-23;30,4;49;;jah
1997-12-24;30,1;49;;jah
1997-12-25;29,7;48;;jah
1997-12-26;29,9;49;;jah
1997-12-27;30,8;51;;jah
1997-12-28;33,4;56;;jah
1997-12-29;38,5;66;;jah
1997-12-30;49,2;87;;jah
1997-12-31;51,8;89;;jah
1998-01-01;48,7;84;;jah
1998-01-02;47;81;;jah
1998-01-03;44,6;76;;jah
1998-01-04;40,3;69;;jah
1998-01-05;37,5;64;;jah
1998-01-06;38,6;66;;jah
1998-01-07;44,4;75;;jah
1998-01-08;47,5;78;;jah
1998-01-09;47,8;78;;jah
1998-01-10;48,4;78;;jah
1998-01-11;51,7;83;;jah
1998-01-12;59,3;94;;jah
1998-01-13;75,4;117;;jah
1998-01-14;88,3;134;;jah
1998-01-15;91,2;136;;jah
1998-01-16;93,7;138;;jah
1998-01-17;113;164;;jah
1998-01-18;136;193;;jah
1998-01-19;144;201;;jah
1998-01-20;149;205;;jah
1998-01-21;156;211;;jah
1998-01-22;158;210;;jah
1998-01-23;153;200;;jah
1998-01-24;148;192;;jah
1998-01-25;143;182;;jah
1998-01-26;133;169;;jah
1998-01-27;115;146;;jah
1998-01-28;104;137;;jah
1998-01-29;89,8;124;;jah
1998-01-30;66,5;96;;jah
1998-01-31;58,6;92;;jah
1998-02-01;71,7;121;;jah
1998-02-02;71,4;124;;jah
1998-02-03;67,9;126;;jah
1998-02-04;68,3;136;;jah
1998-02-05;67,6;143;;jah
1998-02-06;63,2;144;;jah
1998-02-07;58,4;145;;jah
1998-02-08;54,8;149;;jah
1998-02-09;54,6;152;;jah
1998-02-10;57,6;152;;jah
1998-02-11;60,3;152;;jah
1998-02-12;62,4;150;;jah
1998-02-13;64,7;149;;jah
1998-02-14;66,4;146;;jah
1998-02-15;68,9;146;;jah
1998-02-16;70,2;143;;jah
1998-02-17;68,1;133;;jah
1998-02-18;67,1;127;;jah
1998-02-19;67,4;124;;jah
1998-02-20;68,2;121;;jah
1998-02-21;70,1;121;;jah
1998-02-22;83,1;141;;jah
1998-02-23;121;193;;jah
1998-02-24;141;218;;jah
1998-02-25;146;218;;jah
1998-02-26;143;208;;jah
1998-02-27;144;207;;jah
1998-02-28;148;209;;jah
1998-03-01;160;222;;jah
1998-03-02;162;222;;jah
1998-03-03;152;208;;jah
1998-03-04;139;194;;jah
1998-03-05;127;180;;jah
1998-03-06;119;170;;jah
1998-03-07;115;167;;jah
1998-03-08;105;153;;jah
1998-03-09;92,7;137;;jah
1998-03-10;79,3;118;;jah
1998-03-11;68,6;103;;jah
1998-03-12;60,9;92;;jah
1998-03-13;53,5;82;;jah
1998-03-14;49,2;76;;jah
1998-03-15;44,2;68;;jah
1998-03-16;37,8;59;;jah
1998-03-17;32,2;49;;jah
1998-03-18;30,3;47;;jah
1998-03-19;28,7;44;;jah
1998-03-20;27,5;42;;jah
1998-03-21;26,4;39;;jah
1998-03-22;26,2;39;;jah
1998-03-23;25,9;38;;jah
1998-03-24;25,1;36;;jah
1998-03-25;24,2;33;;jah
1998-03-26;22,8;30;;jah
1998-03-27;22,1;28;;jah
1998-03-28;22,3;29;;jah
1998-03-29;23;31;;jah
1998-03-30;23,4;32;;jah
1998-03-31;24,6;35;;jah
1998-04-01;26,4;39;;jah
1998-04-02;26,9;40;;jah
1998-04-03;27,8;42;;jah
1998-04-04;25,6;37;;jah
1998-04-05;25,9;38;;jah
1998-04-06;26,3;38;;jah
1998-04-07;26,1;37;;jah
1998-04-08;26,2;37;;jah
1998-04-09;26,9;39;;jah
1998-04-10;28,1;41;;jah
1998-04-11;28;40;;jah
1998-04-12;28,4;41;;jah
1998-04-13;29,9;44;;jah
1998-04-14;33,8;50;;jah
1998-04-15;46,2;69;;jah
1998-04-16;50,4;74;;jah
1998-04-17;53,8;78;;jah
1998-04-18;70,9;104;;jah
1998-04-19;89,4;126;;jah
1998-04-20;94,7;132;;jah
1998-04-21;92,6;129;;jah
1998-04-22;89,5;125;;jah
1998-04-23;88,6;124;;jah
1998-04-24;86,8;121;;jah
1998-04-25;85,7;120;;jah
1998-04-26;82,7;116;;jah
1998-04-27;78,7;110;;jah
1998-04-28;77,6;109;;jah
1998-04-29;71,1;100;;jah
1998-04-30;57;81;;jah
1998-05-01;50;72;;jah
1998-05-02;46,4;68;;jah
1998-05-03;43,3;64;;jah
1998-05-04;42,1;62;;jah
1998-05-05;43;64;;jah
1998-05-06;47,1;70;;jah
1998-05-07;62,5;91;;jah
1998-05-08;84,8;121;;jah
1998-05-09;88,6;124;;jah
1998-05-10;83,9;119;;jah
1998-05-11;71,5;104;;jah
1998-05-12;58,9;89;;jah
1998-05-13;48,6;76;;jah
1998-05-14;42,5;67;;jah
1998-05-15;37,3;59;;jah
1998-05-16;33,2;52;;jah
1998-05-17;30,2;47;;jah
1998-05-18;28,2;44;;jah
1998-05-19;27,1;42;;jah
1998-05-20;24,6;36;;jah
1998-05-21;23,9;34;;jah
1998-05-22;23,8;34;;jah
1998-05-23;23,6;33;;jah
1998-05-24;24,3;35;;jah
1998-05-25;27,5;42;;jah
1998-05-26;33;52;;jah
1998-05-27;35,3;56;;jah
1998-05-28;35,9;57;;jah
1998-05-29;34,2;55;;jah
1998-05-30;31,7;51;;jah
1998-05-31;28,7;46;;jah
1998-06-01;25,5;41;;jah
1998-06-02;24,4;39;;jah
1998-06-03;24,5;40;;jah
1998-06-04;26,7;45;;jah
1998-06-05;27,2;46;;jah
1998-06-06;26;44;;jah
1998-06-07;24,1;40;;jah
1998-06-08;23,1;37;;jah
1998-06-09;22,1;34;;jah
1998-06-10;22,1;34;;jah
1998-06-11;22,1;33;;jah
1998-06-12;29,5;46;;jah
1998-06-13;105;172;;jah
1998-06-14;129;197;;jah
1998-06-15;124;190;;jah
1998-06-16;124;195;;jah
1998-06-17;122;195;;jah
1998-06-18;115;187;;jah
1998-06-19;104;171;;jah
1998-06-20;90,6;153;;jah
1998-06-21;80,5;140;;jah
1998-06-22;75,9;134;;jah
1998-06-23;71,6;126;;jah
1998-06-24;67,3;118;;jah
1998-06-25;64;112;;jah
1998-06-26;55,6;97;;jah
1998-06-27;47,9;84;;jah
1998-06-28;42,5;76;;jah
1998-06-29;38,4;69;;jah
1998-06-30;49,4;90;;jah
1998-07-01;72,6;126;;jah
1998-07-02;72,7;122;;jah
1998-07-03;65,1;110;;jah
1998-07-04;59,5;100;;jah
1998-07-05;55,7;94;;jah
1998-07-06;51,4;87;;jah
1998-07-07;47,4;80;;jah
1998-07-08;43,2;73;;jah
1998-07-09;43,9;75;;jah
1998-07-10;47,5;80;;jah
1998-07-11;49,4;82;;jah
1998-07-12;50,6;84;;jah
1998-07-13;64,2;107;;jah
1998-07-14;93,4;150;;jah
1998-07-15;107;167;;jah
1998-07-16;106;165;;jah
1998-07-17;94,3;147;;jah
1998-07-18;78,9;124;;jah
1998-07-19;64,5;103;;jah
1998-07-20;54,9;89;;jah
1998-07-21;46,4;76;;jah
1998-07-22;40,8;68;;jah
1998-07-23;36,4;62;;jah
1998-07-24;33,1;56;;jah
1998-07-25;30,3;51;;jah
1998-07-26;28;47;;jah
1998-07-27;26,7;45;;jah
1998-07-28;25,8;44;;jah
1998-07-29;25;42;;jah
1998-07-30;26,3;45;;jah
1998-07-31;31,2;55;;jah
1998-08-01;35,8;63;;jah
1998-08-02;36;63;;jah
1998-08-03;34,5;60;;jah
1998-08-04;34,5;60;;jah
1998-08-05;41,8;72;;jah
1998-08-06;54,5;92;;jah
1998-08-07;71;117;;jah
1998-08-08;87,5;142;;jah
1998-08-09;99,3;158;;jah
1998-08-10;103;162;;jah
1998-08-11;100;157;;jah
1998-08-12;94,4;148;;jah
1998-08-13;91,1;142;;jah
1998-08-14;89,8;140;;jah
1998-08-15;90;139;;jah
1998-08-16;94;145;;jah
1998-08-17;96,6;147;;jah
1998-08-18;99,3;150;;jah
1998-08-19;100;151;;jah
1998-08-20;104;155;;jah
1998-08-21;105;155;;jah
1998-08-22;105;154;;jah
1998-08-23;103;150;;jah
1998-08-24;109;159;;jah
1998-08-25;114;164;;jah
1998-08-26;115;165;;jah
1998-08-27;116;166;;jah
1998-08-28;113;160;;jah
1998-08-29;108;154;;jah
1998-08-30;107;154;;jah
1998-08-31;110;158;;jah
1998-09-01;113;162;;jah
1998-09-02;111;159;;jah
1998-09-03;106;151;;jah
1998-09-04;95,5;137;;jah
1998-09-05;83,8;121;;jah
1998-09-06;76,2;111;;jah
1998-09-07;68,5;100;;jah
1998-09-08;61,4;91;;jah
1998-09-09;56,2;84;;jah
1998-09-10;50,8;76;;jah
1998-09-11;44,7;68;;jah
1998-09-12;43,9;67;;jah
1998-09-13;43,4;66;;jah
1998-09-14;43,2;65;;jah
1998-09-15;42,5;64;;jah
1998-09-16;41,6;62;;jah
1998-09-17;40,6;60;;jah
1998-09-18;38;56;;jah
1998-09-19;34,2;49;;jah
1998-09-20;32,8;47;;jah
1998-09-21;32,9;47;;jah
1998-09-22;32,9;47;;jah
1998-09-23;32,7;46;;jah
1998-09-24;32,6;46;;jah
1998-09-25;30;41;;jah
1998-09-26;26,9;35;;jah
1998-09-27;27;36;;jah
1998-09-28;28,1;38;;jah
1998-09-29;29,4;41;;jah
1998-09-30;29,1;40;;jah
1998-10-01;28,4;39;;jah
1998-10-02;27,7;37;;jah
1998-10-03;27,2;36;;jah
1998-10-04;27;36;;jah
1998-10-05;26,7;35;;jah
1998-10-06;26,2;34;;jah
1998-10-07;26;34;;jah
1998-10-08;25,5;33;;jah
1998-10-09;25,2;32;;jah
1998-10-10;24,8;31;;jah
1998-10-11;26,2;35;;jah
1998-10-12;30,6;44;;jah
1998-10-13;32,8;47;;jah
1998-10-14;34,1;49;;jah
1998-10-15;36,3;52;;jah
1998-10-16;43,7;64;;jah
1998-10-17;54,6;78;;jah
1998-10-18;67;94;;jah
1998-10-19;82,2;114;;jah
1998-10-20;93,9;129;;jah
1998-10-21;94,7;129;;jah
1998-10-22;93,2;127;;jah
1998-10-23;91,2;124;;jah
1998-10-24;88,3;120;;jah
1998-10-25;90,7;125;;jah
1998-10-26;90,3;123;;jah
1998-10-27;87,5;119;;jah
1998-10-28;88,1;120;;jah
1998-10-29;101;138;;jah
1998-10-30;116;158;;jah
1998-10-31;124;166;;jah
1998-11-01;121;161;;jah
1998-11-02;116;154;;jah
1998-11-03;112;148;;jah
1998-11-04;103;136;;jah
1998-11-05;95,2;126;;jah
1998-11-06;93,7;125;;jah
1998-11-07;97,7;130;;jah
1998-11-08;99,4;132;;jah
1998-11-09;89,3;122;;jah
1998-11-10;76,3;112;;jah
1998-11-11;65,6;105;;jah
1998-11-12;59;103;;jah
1998-11-13;54,3;104;;jah
1998-11-14;51,2;109;;jah
1998-11-15;46,3;109;;jah
1998-11-16;40,5;108;;jah
1998-11-17;34,2;106;;jah
1998-11-18;30,1;111;;jah
1998-11-19;26,1;116;;jah
1998-11-20;23,6;115;;jah
1998-11-21;24;111;;jah
1998-11-22;23,1;102;;jah
1998-11-23;20,8;88;;jah
1998-11-24;18,8;77;;jah
1998-11-25;17,6;70;;jah
1998-11-26;17,2;67;;jah
1998-11-27;16,2;61;;jah
1998-11-28;15,4;55;;jah
1998-11-29;15,2;53;;jah
1998-11-30;15,1;50;;jah
1998-12-01;14,8;48;;jah
1998-12-02;14,5;45;;jah
1998-12-03;13,6;40;;jah
1998-12-04;13,6;38;;jah
1998-12-05;14,3;40;;jah
1998-12-06;14,8;40;;jah
1998-12-07;15,1;40;;jah
1998-12-08;15,1;38;;jah
1998-12-09;15,1;36;;jah
1998-12-10;15,2;35;;jah
1998-12-11;15,2;34;;jah
1998-12-12;15,1;32;;jah
1998-12-13;15;31;;jah
1998-12-14;15,5;33;;jah
1998-12-15;16,3;35;;jah
1998-12-16;16,9;36;;jah
1998-12-17;17,6;38;;jah
1998-12-18;18,5;40;;jah
1998-12-19;18,8;40;;jah
1998-12-20;20,6;45;;jah
1998-12-21;26,5;58;;jah
1998-12-22;31,7;68;;jah
1998-12-23;31,2;65;;jah
1998-12-24;30,1;63;;jah
1998-12-25;28,2;58;;jah
1998-12-26;25,2;51;;jah
1998-12-27;31,2;64;;jah
1998-12-28;53,1;105;;jah
1998-12-29;84,7;163;;jah
1998-12-30;106;195;;jah
1998-12-31;104;193;;jah
1999-01-01;92,3;181;;jah
1999-01-02;87,7;174;;jah
1999-01-03;82;165;;jah
1999-01-04;76,4;157;;jah
1999-01-05;69,8;147;;jah
1999-01-06;69;147;;jah
1999-01-07;75,4;155;;jah
1999-01-08;70,7;147;;jah
1999-01-09;66,4;141;;jah
1999-01-10;65,1;139;;jah
1999-01-11;64,9;138;;jah
1999-01-12;65,5;139;;jah
1999-01-13;66,9;140;;jah
1999-01-14;67,3;140;;jah
1999-01-15;66,6;139;;jah
1999-01-16;63,5;134;;jah
1999-01-17;59,5;127;;jah
1999-01-18;56,2;121;;jah
1999-01-19;61,5;129;;jah
1999-01-20;95,3;180;;jah
1999-01-21;115;203;;jah
1999-01-22;167;264;;jah
1999-01-23;183;276;;jah
1999-01-24;183;276;;jah
1999-01-25;182;273;;jah
1999-01-26;187;278;;jah
1999-01-27;189;279;;jah
1999-01-28;177;267;;jah
1999-01-29;159;251;;jah
1999-01-30;144;238;;jah
1999-01-31;138;236;;jah
1999-02-01;125;223;;jah
1999-02-02;113;212;;jah
1999-02-03;90,8;182;;jah
1999-02-04;68,5;152;;jah
1999-02-05;59,4;142;;jah
1999-02-06;53,7;135;;jah
1999-02-07;49,1;130;;jah
1999-02-08;44,4;123;;jah
1999-02-09;40,8;117;;jah
1999-02-10;38,6;115;;jah
1999-02-11;41,2;126;;jah
1999-02-12;43;133;;jah
1999-02-13;40,7;131;;jah
1999-02-14;39,7;132;;jah
1999-02-15;33,6;117;;jah
1999-02-16;29,6;110;;jah
1999-02-17;27,4;106;;jah
1999-02-18;26;106;;jah
1999-02-19;25;103;;jah
1999-02-20;25,2;103;;jah
1999-02-21;25,5;102;;jah
1999-02-22;25,6;101;;jah
1999-02-23;25,9;101;;jah
1999-02-24;25,7;99;;jah
1999-02-25;25,6;97;;jah
1999-02-26;25,7;96;;jah
1999-02-27;25,9;96;;jah
1999-02-28;25,8;94;;jah
1999-03-01;26,2;94;;jah
1999-03-02;26,6;94;;jah
1999-03-03;27,1;95;;jah
1999-03-04;27,7;95;;jah
1999-03-05;27,6;94;;jah
1999-03-06;26,9;91;;jah
1999-03-07;28,6;96;;jah
1999-03-08;32,3;106;;jah
1999-03-09;39,2;126;;jah
1999-03-10;44,7;137;;jah
1999-03-11;44,4;136;;jah
1999-03-12;43,3;133;;jah
1999-03-13;41,4;129;;jah
1999-03-14;39,5;124;;jah
1999-03-15;37,9;119;;jah
1999-03-16;35,8;113;;jah
1999-03-17;32;102;;jah
1999-03-18;30;97;;jah
1999-03-19;29,8;97;;jah
1999-03-20;29;94;;jah
1999-03-21;28,9;92;;jah
1999-03-22;28,8;89;;jah
1999-03-23;29,2;87;;jah
1999-03-24;29,7;85;;jah
1999-03-25;30,4;84;;jah
1999-03-26;31,9;85;;jah
1999-03-27;38,9;99;;jah
1999-03-28;55,7;129;;jah
1999-03-29;89,2;179;;jah
1999-03-30;136;233;;jah
1999-03-31;192;292;;jah
1999-04-01;259;362;;jah
1999-04-02;329;406;;jah
1999-04-03;333;389;;jah
1999-04-04;288;341;;jah
1999-04-05;289;332;;jah
1999-04-06;276;310;;jah
1999-04-07;266;293;;jah
1999-04-08;272;289;;jah
1999-04-09;278;286;;jah
1999-04-10;286;284;;jah
1999-04-11;308;294;;jah
1999-04-12;334;310;;jah
1999-04-13;328;304;;jah
1999-04-14;314;295;;jah
1999-04-15;308;290;;jah
1999-04-16;309;292;;jah
1999-04-17;304;287;;jah
1999-04-18;291;278;;jah
1999-04-19;281;271;;jah
1999-04-20;252;249;;jah
1999-04-21;224;229;;jah
1999-04-22;189;204;;jah
1999-04-23;166;186;;jah
1999-04-24;145;169;;jah
1999-04-25;130;156;;jah
1999-04-26;113;141;;jah
1999-04-27;99,9;131;;jah
1999-04-28;90,9;121;;jah
1999-04-29;85,1;115;;jah
1999-04-30;80,5;109;;jah
1999-05-01;77,8;106;;jah
1999-05-02;75,5;104;;jah
1999-05-03;72;99;;jah
1999-05-04;69,7;97;;jah
1999-05-05;62,1;87;;jah
1999-05-06;56,5;81;;jah
1999-05-07;55;79;;jah
1999-05-08;53,2;76;;jah
1999-05-09;49,8;70;;jah
1999-05-10;47,7;67;;jah
1999-05-11;46,2;65;;jah
1999-05-12;48,6;69;;jah
1999-05-13;60,4;87;;jah
1999-05-14;61,4;87;;jah
1999-05-15;57,2;81;;jah
1999-05-16;52,7;75;;jah
1999-05-17;49,1;69;;jah
1999-05-18;46,4;65;;jah
1999-05-19;43,2;60;;jah
1999-05-20;39,4;54;;jah
1999-05-21;34,7;47;;jah
1999-05-22;33;45;;jah
1999-05-23;32,2;44;;jah
1999-05-24;31,5;43;;jah
1999-05-25;30,6;41;;jah
1999-05-26;30,5;41;;jah
1999-05-27;30,5;41;;jah
1999-05-28;31,1;42;;jah
1999-05-29;30,3;41;;jah
1999-05-30;29,1;39;;jah
1999-05-31;26,3;36;;jah
1999-06-01;23;34;;jah
1999-06-02;21,6;32;;jah
1999-06-03;19,8;29;;jah
1999-06-04;19,2;28;;jah
1999-06-05;18,3;26;;jah
1999-06-06;17,7;25;;jah
1999-06-07;17,1;24;;jah
1999-06-08;16,4;23;;jah
1999-06-09;16,4;23;;jah
1999-06-10;17,4;26;;jah
1999-06-11;17,4;26;;jah
1999-06-12;16,7;25;;jah
1999-06-13;15,4;22;;jah
1999-06-14;14,9;21;;jah
1999-06-15;14,2;19;;jah
1999-06-16;13,6;18;;jah
1999-06-17;13;17;;jah
1999-06-18;12,7;16;;jah
1999-06-19;12,3;15;;jah
1999-06-20;12;15;;jah
1999-06-21;11,7;14;;jah
1999-06-22;12;15;;jah
1999-06-23;13,3;19;;jah
1999-06-24;15,2;25;;jah
1999-06-25;15,3;25;;jah
1999-06-26;15,3;25;;jah
1999-06-27;16,6;28;;jah
1999-06-28;19,1;33;;jah
1999-06-29;20,8;36;;jah
1999-06-30;21,9;38;;jah
1999-07-01;24,8;44;;jah
1999-07-02;25,6;44;;jah
1999-07-03;23,6;39;;jah
1999-07-04;20,5;33;;jah
1999-07-05;18,3;29;;jah
1999-07-06;17,1;27;;jah
1999-07-07;15,5;24;;jah
1999-07-08;14,4;22;;jah
1999-07-09;13,4;20;;jah
1999-07-10;12,3;17;;jah
1999-07-11;11,3;15;;jah
1999-07-12;10,7;14;;jah
1999-07-13;10,1;13;;jah
1999-07-14;9,59;12;;jah
1999-07-15;9,07;11;;jah
1999-07-16;8,95;12;;jah
1999-07-17;8,92;12;;jah
1999-07-18;8,83;13;;jah
1999-07-19;8,77;13;;jah
1999-07-20;8,31;12;;jah
1999-07-21;7,94;12;;jah
1999-07-22;7,47;11;;jah
1999-07-23;7,19;10;;jah
1999-07-24;7,35;11;;jah
1999-07-25;7,32;11;;jah
1999-07-26;7,26;11;;jah
1999-07-27;7,2;11;;jah
1999-07-28;7,03;11;;jah
1999-07-29;6,73;10;;jah
1999-07-30;6,52;9;;jah
1999-07-31;6,25;8;;jah
1999-08-01;6,16;8;;jah
1999-08-02;5,76;6;;jah
1999-08-03;5,13;3;;jah
1999-08-04;4,88;2;;jah
1999-08-05;4,89;3;;jah
1999-08-06;5,28;5;;jah
1999-08-07;5,35;5;;jah
1999-08-08;4,72;2;;jah
1999-08-09;4,55;1;;jah
1999-08-10;4,82;3;;jah
1999-08-11;4,64;2;;jah
1999-08-12;4,52;1;;jah
1999-08-13;4,43;1;;jah
1999-08-14;4,23;0;;jah
1999-08-15;3,95;-2;;jah
1999-08-16;3,76;-3;;jah
1999-08-17;3,57;-4;;jah
1999-08-18;3,61;-3;;jah
1999-08-19;3,71;-3;;jah
1999-08-20;3,95;-1;;jah
1999-08-21;4,67;3;;jah
1999-08-22;5,45;7;;jah
1999-08-23;5,89;9;;jah
1999-08-24;5,84;9;;jah
1999-08-25;5,64;8;;jah
1999-08-26;5,54;7;;jah
1999-08-27;5,39;6;;jah
1999-08-28;5,07;4;;jah
1999-08-29;4,97;4;;jah
1999-08-30;4,71;2;;jah
1999-08-31;4,36;0;;jah
1999-09-01;4,68;2;;jah
1999-09-02;4,64;2;;jah
1999-09-03;4,55;1;;jah
1999-09-04;4,48;1;;jah
1999-09-05;4,38;0;;jah
1999-09-06;4,4;0;;jah
1999-09-07;4,33;0;;jah
1999-09-08;4,23;-1;;jah
1999-09-09;4,16;-1;;jah
1999-09-10;4,06;-2;;jah
1999-09-11;3,99;-2;;jah
1999-09-12;3,89;-3;;jah
1999-09-13;3,9;-3;;jah
1999-09-14;3,82;-3;;jah
1999-09-15;3,72;-4;;jah
1999-09-16;3,56;-5;;jah
1999-09-17;3,55;-5;;jah
1999-09-18;3,55;-5;;jah
1999-09-19;3,56;-5;;jah
1999-09-20;3,57;-5;;jah
1999-09-21;3,58;-5;;jah
1999-09-22;3,59;-5;;jah
1999-09-23;3,59;-5;;jah
1999-09-24;3,68;-4;;jah
1999-09-25;3,88;-3;;jah
1999-09-26;4,09;-2;;jah
1999-09-27;4,46;-1;;jah
1999-09-28;5,11;2;;jah
1999-09-29;5,52;3;;jah
1999-09-30;6,11;5;;jah
1999-10-01;6,85;7;;jah
1999-10-02;7,72;10;;jah
1999-10-03;8,29;11;;jah
1999-10-04;8,97;12;;jah
1999-10-05;9,53;13;;jah
1999-10-06;10,1;14;;jah
1999-10-07;11,3;17;;jah
1999-10-08;13,7;24;;jah
1999-10-09;14,9;26;;jah
1999-10-10;15,9;27;;jah
1999-10-11;16,3;27;;jah
1999-10-12;16,7;27;;jah
1999-10-13;17,3;28;;jah
1999-10-14;18,8;31;;jah
1999-10-15;19,2;30;;jah
1999-10-16;18,7;29;;jah
1999-10-17;18,2;27;;jah
1999-10-18;18;27;;jah
1999-10-19;17,6;26;;jah
1999-10-20;17;24;;jah
1999-10-21;16,7;23;;jah
1999-10-22;16,4;22;;jah
1999-10-23;16,2;22;;jah
1999-10-24;15,7;20;;jah
1999-10-25;15,3;19;;jah
1999-10-26;15,2;19;;jah
1999-10-27;17,9;26;;jah
1999-10-28;25;41;;jah
1999-10-29;29,9;49;;jah
1999-10-30;32,4;53;;jah
1999-10-31;30,7;50;;jah
1999-11-01;29,1;47;;jah
1999-11-02;26,8;43;;jah
1999-11-03;24,9;40;;jah
1999-11-04;23,1;37;;jah
1999-11-05;22;35;;jah
1999-11-06;20,5;32;;jah
1999-11-07;19,6;30;;jah
1999-11-08;18,7;28;;jah
1999-11-09;17,4;26;;jah
1999-11-10;16,8;25;;jah
1999-11-11;16,1;23;;jah
1999-11-12;16;23;;jah
1999-11-13;15,9;23;;jah
1999-11-14;15,8;23;;jah
1999-11-15;15,5;23;;jah
1999-11-16;15,3;22;;jah
1999-11-17;15,3;22;;jah
1999-11-18;15;21;;jah
1999-11-19;14,9;20;;jah
1999-11-20;16,5;24;;jah
1999-11-21;15,7;21;;jah
1999-11-22;14,7;19;;jah
1999-11-23;14,2;17;;jah
1999-11-24;14,1;17;;jah
1999-11-25;14;16;;jah
1999-11-26;14,1;16;;jah
1999-11-27;14,6;17;;jah
1999-11-28;16,2;21;;jah
1999-11-29;16,5;26;;jah
1999-11-30;21,5;35;;jah
1999-12-01;27,8;46;;jah
1999-12-02;40,2;67;;jah
1999-12-03;42,6;69;;jah
1999-12-04;47,1;76;;jah
1999-12-05;45,3;72;;jah
1999-12-06;41;66;;jah
1999-12-07;40,5;65;;jah
1999-12-08;59,6;98;;jah
1999-12-09;71;113;;jah
1999-12-10;81,6;129;;jah
1999-12-11;85,9;137;;jah
1999-12-12;87,6;142;;jah
1999-12-13;94,7;154;;jah
1999-12-14;98,6;162;;jah
1999-12-15;90,8;155;;jah
1999-12-16;78,8;144;;jah
1999-12-17;70,1;137;;jah
1999-12-18;61,2;128;;jah
1999-12-19;53;118;;jah
1999-12-20;45,3;106;;jah
1999-12-21;35,9;91;;jah
1999-12-22;31,8;86;;jah
1999-12-23;31,6;90;;jah
1999-12-24;30,6;92;;jah
1999-12-25;31,4;99;;jah
1999-12-26;31,3;103;;jah
1999-12-27;31,5;110;;jah
1999-12-28;37;114;;jah
1999-12-29;44,2;110;;jah
1999-12-30;52,4;108;;jah
1999-12-31;60,2;107;;jah
2000-01-01;68,8;111;;jah
2000-01-02;74,4;119;;jah
2000-01-03;76,6;123;;jah
2000-01-04;71,9;116;;jah
2000-01-05;61,6;102;;jah
2000-01-06;58,3;99;;jah
2000-01-07;60,7;104;;jah
2000-01-08;60,3;103;;jah
2000-01-09;73,2;125;;jah
2000-01-10;89,6;151;;jah
2000-01-11;99;165;;jah
2000-01-12;103;175;;jah
2000-01-13;115;199;;jah
2000-01-14;122;213;;jah
2000-01-15;116;210;;jah
2000-01-16;109;203;;jah
2000-01-17;100;194;;jah
2000-01-18;92,6;186;;jah
2000-01-19;83,1;174;;jah
2000-01-20;73,9;162;;jah
2000-01-21;58,6;135;;jah
2000-01-22;43,3;108;;jah
2000-01-23;39,1;105;;jah
2000-01-24;42,2;117;;jah
2000-01-25;44,4;126;;jah
2000-01-26;46,3;136;;jah
2000-01-27;46,9;143;;jah
2000-01-28;48,2;146;;jah
2000-01-29;49,6;142;;jah
2000-01-30;49,5;136;;jah
2000-01-31;48,8;129;;jah
2000-02-01;48,3;123;;jah
2000-02-02;51,5;125;;jah
2000-02-03;54;126;;jah
2000-02-04;56,6;126;;jah
2000-02-05;58,6;126;;jah
2000-02-06;60;124;;jah
2000-02-07;61,1;122;;jah
2000-02-08;65,2;126;;jah
2000-02-09;95,5;175;;jah
2000-02-10;131;219;;jah
2000-02-11;126;219;;jah
2000-02-12;119;223;;jah
2000-02-13;138;278;;jah
2000-02-14;152;303;;jah
2000-02-15;131;270;;jah
2000-02-16;125;262;;jah
2000-02-17;120;253;;jah
2000-02-18;116;247;;jah
2000-02-19;113;243;;jah
2000-02-20;98,4;217;;jah
2000-02-21;92,2;208;;jah
2000-02-22;89,2;202;;jah
2000-02-23;83,6;190;;jah
2000-02-24;75,1;173;;jah
2000-02-25;68,8;160;;jah
2000-02-26;60,1;142;;jah
2000-02-27;60,7;145;;jah
2000-02-28;61,2;146;;jah
2000-02-29;62,2;148;;jah
2000-03-01;74;169;;jah
2000-03-02;91,7;198;;jah
2000-03-03;104;209;;jah
2000-03-04;102;197;;jah
2000-03-05;102;189;;jah
2000-03-06;104;186;;jah
2000-03-07;115;198;;jah
2000-03-08;119;195;;jah
2000-03-09;111;175;;jah
2000-03-10;98,1;152;;jah
2000-03-11;98,7;150;;jah
2000-03-12;93,4;138;;jah
2000-03-13;89;129;;jah
2000-03-14;85,2;121;;jah
2000-03-15;89,5;124;;jah
2000-03-16;97,4;130;;jah
2000-03-17;97,8;127;;jah
2000-03-18;98,5;125;;jah
2000-03-19;97,2;120;;jah
2000-03-20;90,8;114;;jah
2000-03-21;87;113;;jah
2000-03-22;92,9;120;;jah
2000-03-23;108;137;;jah
2000-03-24;118;147;;jah
2000-03-25;118;146;;jah
2000-03-26;113;141;;jah
2000-03-27;108;135;;jah
2000-03-28;99;125;;jah
2000-03-29;88,6;114;;jah
2000-03-30;80,4;105;;jah
2000-03-31;72,1;95;;jah
2000-04-01;69,4;92;;jah
2000-04-02;73,7;98;;jah
2000-04-03;83;110;;jah
2000-04-04;93,9;121;;jah
2000-04-05;101;129;;jah
2000-04-06;110;139;;jah
2000-04-07;114;143;;jah
2000-04-08;110;137;;jah
2000-04-09;105;132;;jah
2000-04-10;99,1;126;;jah
2000-04-11;94,3;121;;jah
2000-04-12;91;117;;jah
2000-04-13;88,2;114;;jah
2000-04-14;92,9;120;;jah
2000-04-15;96,9;124;;jah
2000-04-16;96,4;123;;jah
2000-04-17;89,3;115;;jah
2000-04-18;81,2;106;;jah
2000-04-19;72,8;96;;jah
2000-04-20;67,8;89;;jah
2000-04-21;63,7;84;;jah
2000-04-22;57,5;75;;jah
2000-04-23;51,7;68;;jah
2000-04-24;47,5;62;;jah
2000-04-25;43,7;57;;jah
2000-04-26;42,1;55;;jah
2000-04-27;37,2;48;;jah
2000-04-28;32,1;43;;jah
2000-04-29;31,2;43;;jah
2000-04-30;30,9;43;;jah
2000-05-01;29,5;41;;jah
2000-05-02;27,5;38;;jah
2000-05-03;26,5;37;;jah
2000-05-04;24,7;34;;jah
2000-05-05;23,6;32;;jah
2000-05-06;23;32;;jah
2000-05-07;22,5;31;;jah
2000-05-08;21,5;30;;jah
2000-05-09;20,2;28;;jah
2000-05-10;19,2;26;;jah
2000-05-11;18,5;25;;jah
2000-05-12;17,8;24;;jah
2000-05-13;17,1;23;;jah
2000-05-14;16,7;23;;jah
2000-05-15;16,2;22;;jah
2000-05-16;15,6;21;;jah
2000-05-17;15,1;21;;jah
2000-05-18;14,7;20;;jah
2000-05-19;14,1;19;;jah
2000-05-20;13,9;19;;jah
2000-05-21;13,3;18;;jah
2000-05-22;13,1;18;;jah
2000-05-23;12,5;17;;jah
2000-05-24;12,3;17;;jah
2000-05-25;12,2;17;;jah
2000-05-26;12;17;;jah
2000-05-27;11,9;17;;jah
2000-05-28;11,9;17;;jah
2000-05-29;11,8;17;;jah
2000-05-30;11,7;17;;jah
2000-05-31;11,7;17;;jah
2000-06-01;11,6;17;;jah
2000-06-02;11,6;17;;jah
2000-06-03;11,8;18;;jah
2000-06-04;11,7;18;;jah
2000-06-05;11,3;17;;jah
2000-06-06;10,9;16;;jah
2000-06-07;10,6;15;;jah
2000-06-08;10,6;16;;jah
2000-06-09;10,7;16;;jah
2000-06-10;10,6;16;;jah
2000-06-11;10,6;16;;jah
2000-06-12;10,2;15;;jah
2000-06-13;9,81;14;;jah
2000-06-14;9,54;14;;jah
2000-06-15;9,25;13;;jah
2000-06-16;8,89;12;;jah
2000-06-17;8,74;12;;jah
2000-06-18;8,62;12;;jah
2000-06-19;8,49;12;;jah
2000-06-20;8,37;12;;jah
2000-06-21;8,15;12;;jah
2000-06-22;7,78;11;;jah
2000-06-23;7,52;10;;jah
2000-06-24;7,4;10;;jah
2000-06-25;6,98;9;;jah
2000-06-26;6,58;7;;jah
2000-06-27;6,57;7;;jah
2000-06-28;6,69;8;;jah
2000-06-29;6,86;8;;jah
2000-06-30;7,18;10;;jah
2000-07-01;7,67;12;;jah
2000-07-02;8,19;14;;jah
2000-07-03;8,59;15;;jah
2000-07-04;8,86;16;;jah
2000-07-05;9,05;17;;jah
2000-07-06;9,29;17;;jah
2000-07-07;9,61;18;;jah
2000-07-08;9,68;18;;jah
2000-07-09;9,57;18;;jah
2000-07-10;9,25;17;;jah
2000-07-11;8,77;15;;jah
2000-07-12;8,52;14;;jah
2000-07-13;8,29;13;;jah
2000-07-14;7,86;11;;jah
2000-07-15;7,92;11;;jah
2000-07-16;7,97;11;;jah
2000-07-17;8,2;12;;jah
2000-07-18;8,35;13;;jah
2000-07-19;8,64;14;;jah
2000-07-20;9,24;16;;jah
2000-07-21;9,62;17;;jah
2000-07-22;9,68;17;;jah
2000-07-23;9,86;18;;jah
2000-07-24;10,6;20;;jah
2000-07-25;11,1;21;;jah
2000-07-26;11,3;22;;jah
2000-07-27;11,6;22;;jah
2000-07-28;11,8;23;;jah
2000-07-29;12,1;23;;jah
2000-07-30;12,1;23;;jah
2000-07-31;11,6;21;;jah
2000-08-01;11,4;20;;jah
2000-08-02;11,2;20;;jah
2000-08-03;10,9;19;;jah
2000-08-04;10,5;17;;jah
2000-08-05;10,6;18;;jah
2000-08-06;11,3;19;;jah
2000-08-07;14,5;28;;jah
2000-08-08;19,8;41;;jah
2000-08-09;21,3;44;;jah
2000-08-10;22;45;;jah
2000-08-11;23,1;47;;jah
2000-08-12;24,1;48;;jah
2000-08-13;24,5;49;;jah
2000-08-14;25,5;51;;jah
2000-08-15;25,5;51;;jah
2000-08-16;24,7;49;;jah
2000-08-17;23,9;48;;jah
2000-08-18;23;46;;jah
2000-08-19;22,7;46;;jah
2000-08-20;21,7;44;;jah
2000-08-21;20,3;41;;jah
2000-08-22;17,2;33;;jah
2000-08-23;15,3;29;;jah
2000-08-24;14,6;27;;jah
2000-08-25;14,5;27;;jah
2000-08-26;14,6;28;;jah
2000-08-27;14,8;28;;jah
2000-08-28;14,6;28;;jah
2000-08-29;14,1;27;;jah
2000-08-30;13;24;;jah
2000-08-31;12,2;22;;jah
2000-09-01;11,4;20;;jah
2000-09-02;10,9;19;;jah
2000-09-03;10,6;18;;jah
2000-09-04;10,4;18;;jah
2000-09-05;10,9;19;;jah
2000-09-06;11,2;20;;jah
2000-09-07;10,9;19;;jah
2000-09-08;10,8;19;;jah
2000-09-09;10,6;19;;jah
2000-09-10;10,2;18;;jah
2000-09-11;9,89;17;;jah
2000-09-12;9,54;16;;jah
2000-09-13;9,44;16;;jah
2000-09-14;9,06;15;;jah
2000-09-15;8,72;14;;jah
2000-09-16;8,51;13;;jah
2000-09-17;8,34;13;;jah
2000-09-18;8,14;12;;jah
2000-09-19;8,08;12;;jah
2000-09-20;8,01;12;;jah
2000-09-21;7,85;12;;jah
2000-09-22;7,55;11;;jah
2000-09-23;7,36;10;;jah
2000-09-24;7,2;10;;jah
2000-09-25;7,01;9;;jah
2000-09-26;6,96;9;;jah
2000-09-27;6,9;9;;jah
2000-09-28;6,76;9;;jah
2000-09-29;6,61;8;;jah
2000-09-30;6,58;8;;jah
2000-10-01;6,55;8;;jah
2000-10-02;6,52;8;;jah
2000-10-03;6,5;8;;jah
2000-10-04;6,47;8;;jah
2000-10-05;6,44;8;;jah
2000-10-06;6,42;8;;jah
2000-10-07;6,3;8;;jah
2000-10-08;6,14;7;;jah
2000-10-09;6,12;7;;jah
2000-10-10;6,09;7;;jah
2000-10-11;6,07;7;;jah
2000-10-12;6,16;7;;jah
2000-10-13;6,45;8;;jah
2000-10-14;7,51;12;;jah
2000-10-15;11,2;24;;jah
2000-10-16;15,5;35;;jah
2000-10-17;17,2;38;;jah
2000-10-18;17,7;38;;jah
2000-10-19;17,4;36;;jah
2000-10-20;17,2;34;;jah
2000-10-21;16,7;32;;jah
2000-10-22;15,1;27;;jah
2000-10-23;13,8;23;;jah
2000-10-24;13,4;21;;jah
2000-10-25;14,1;22;;jah
2000-10-26;17,7;30;;jah
2000-10-27;28,1;50;;jah
2000-10-28;36,4;65;;jah
2000-10-29;40,6;70;;jah
2000-10-30;39,7;68;;jah
2000-10-31;41,1;71;;jah
2000-11-01;43,5;75;;jah
2000-11-02;46,3;79;;jah
2000-11-03;50,2;85;;jah
2000-11-04;50,3;85;;jah
2000-11-05;50,7;84;;jah
2000-11-06;69;116;;jah
2000-11-07;80,1;129;;jah
2000-11-08;82,5;130;;jah
2000-11-09;78,6;124;;jah
2000-11-10;71,2;114;;jah
2000-11-11;70,2;113;;jah
2000-11-12;72,3;116;;jah
2000-11-13;69,9;112;;jah
2000-11-14;68,6;111;;jah
2000-11-15;67,5;109;;jah
2000-11-16;67,4;109;;jah
2000-11-17;67,1;109;;jah
2000-11-18;66,3;108;;jah
2000-11-19;65,9;107;;jah
2000-11-20;64,3;105;;jah
2000-11-21;61;99;;jah
2000-11-22;57,3;93;;jah
2000-11-23;55,9;91;;jah
2000-11-24;56,3;92;;jah
2000-11-25;56,1;92;;jah
2000-11-26;55,5;91;;jah
2000-11-27;53,8;88;;jah
2000-11-28;48,7;79;;jah
2000-11-29;42,7;69;;jah
2000-11-30;39,9;65;;jah
2000-12-01;37,4;61;;jah
2000-12-02;36,4;59;;jah
2000-12-03;35,8;58;;jah
2000-12-04;35,5;58;;jah
2000-12-05;34,1;55;;jah
2000-12-06;34,8;57;;jah
2000-12-07;35,3;57;;jah
2000-12-08;35,5;58;;jah
2000-12-09;36,5;59;;jah
2000-12-10;39,2;64;;jah
2000-12-11;44,3;72;;jah
2000-12-12;56;91;;jah
2000-12-13;77,6;124;;jah
2000-12-14;92,5;142;;jah
2000-12-15;98,4;148;;jah
2000-12-16;96,6;145;;jah
2000-12-17;89,5;135;;jah
2000-12-18;79,8;122;;jah
2000-12-19;73,1;113;;jah
2000-12-20;67,5;106;;jah
2000-12-21;61,2;96;;jah
2000-12-22;54,9;86;;jah
2000-12-23;47,5;74;;jah
2000-12-24;44,9;70;;jah
2000-12-25;43,5;68;;jah
2000-12-26;38,6;60;;jah
2000-12-27;37,1;58;;jah
2000-12-28;47,1;75;;jah
2000-12-29;67,2;106;;jah
2000-12-30;70,4;108;;jah
2000-12-31;67,6;104;;jah
2001-01-01;62,3;97;;jah
2001-01-02;56,4;89;;jah
2001-01-03;52,7;85;;jah
2001-01-04;46,2;75;;jah
2001-01-05;41;68;;jah
2001-01-06;36;60;;jah
2001-01-07;32,1;53;;jah
2001-01-08;39,4;70;;jah
2001-01-09;62;107;;jah
2001-01-10;72,8;122;;jah
2001-01-11;80;133;;jah
2001-01-12;80,5;133;;jah
2001-01-13;75,2;124;;jah
2001-01-14;71,2;118;;jah
2001-01-15;65,5;109;;jah
2001-01-16;59;99;;jah
2001-01-17;57,1;97;;jah
2001-01-18;55,4;94;;jah
2001-01-19;51,9;88;;jah
2001-01-20;49,2;83;;jah
2001-01-21;46,9;79;;jah
2001-01-22;43,5;73;;jah
2001-01-23;40;67;;jah
2001-01-24;34,6;58;;jah
2001-01-25;32,8;55;;jah
2001-01-26;46,3;79;;jah
2001-01-27;43,9;72;;jah
2001-01-28;38,7;64;;jah
2001-01-29;35,2;58;;jah
2001-01-30;33,3;55;;jah
2001-01-31;31,2;51;;jah
2001-02-01;29,2;48;;jah
2001-02-02;28,3;46;;jah
2001-02-03;28,6;47;;jah
2001-02-04;35,8;62;;jah
2001-02-05;47,7;81;;jah
2001-02-06;52,8;89;;jah
2001-02-07;55,2;92;;jah
2001-02-08;50,9;85;;jah
2001-02-09;55,2;93;;jah
2001-02-10;75,2;125;;jah
2001-02-11;77,9;125;;jah
2001-02-12;70,3;115;;jah
2001-02-13;71,4;118;;jah
2001-02-14;75,1;123;;jah
2001-02-15;76,1;125;;jah
2001-02-16;73,7;121;;jah
2001-02-17;69,3;115;;jah
2001-02-18;65,6;110;;jah
2001-02-19;58;99;;jah
2001-02-20;50,9;88;;jah
2001-02-21;44,5;78;;jah
2001-02-22;40,3;72;;jah
2001-02-23;37,9;68;;jah
2001-02-24;37,3;68;;jah
2001-02-25;35,8;65;;jah
2001-02-26;33,6;62;;jah
2001-02-27;31,9;59;;jah
2001-02-28;29,1;54;;jah
2001-03-01;29,1;55;;jah
2001-03-02;27,4;51;;jah
2001-03-03;26,2;49;;jah
2001-03-04;25,1;47;;jah
2001-03-05;24,1;45;;jah
2001-03-06;22,6;42;;jah
2001-03-07;20,9;38;;jah
2001-03-08;21;39;;jah
2001-03-09;19,8;36;;jah
2001-03-10;19,1;34;;jah
2001-03-11;20;37;;jah
2001-03-12;30;58;;jah
2001-03-13;90,8;168;;jah
2001-03-14;130;212;;jah
2001-03-15;137;216;;jah
2001-03-16;132;207;;jah
2001-03-17;117;187;;jah
2001-03-18;109;176;;jah
2001-03-19;98,3;160;;jah
2001-03-20;77,4;129;;jah
2001-03-21;69,1;120;;jah
2001-03-22;59,9;103;;jah
2001-03-23;50,1;87;;jah
2001-03-24;40,6;71;;jah
2001-03-25;36,6;64;;jah
2001-03-26;38,8;68;;jah
2001-03-27;31,7;54;;jah
2001-03-28;30,4;51;;jah
2001-03-29;28,7;47;;jah
2001-03-30;28,4;42;;jah
2001-03-31;32,6;44;;jah
2001-04-01;38,3;54;;jah
2001-04-02;57,6;82;;jah
2001-04-03;77,9;106;;jah
2001-04-04;90,2;120;;jah
2001-04-05;96,1;125;;jah
2001-04-06;123;156;;jah
2001-04-07;125;156;;jah
2001-04-08;120;150;;jah
2001-04-09;117;148;;jah
2001-04-10;125;157;;jah
2001-04-11;131;162;;jah
2001-04-12;128;159;;jah
2001-04-13;138;169;;jah
2001-04-14;160;191;;jah
2001-04-15;161;190;;jah
2001-04-16;158;186;;jah
2001-04-17;162;191;;jah
2001-04-18;168;197;;jah
2001-04-19;168;196;;jah
2001-04-20;163;191;;jah
2001-04-21;164;192;;jah
2001-04-22;196;224;;jah
2001-04-23;204;228;;jah
2001-04-24;199;223;;jah
2001-04-25;180;205;;jah
2001-04-26;160;187;;jah
2001-04-27;138;167;;jah
2001-04-28;166;197;;jah
2001-04-29;232;259;;jah
2001-04-30;231;252;;jah
2001-05-01;219;242;;jah
2001-05-02;209;232;;jah
2001-05-03;192;217;;jah
2001-05-04;173;199;;jah
2001-05-05;153;181;;jah
2001-05-06;133;161;;jah
2001-05-07;114;144;;jah
2001-05-08;94,6;122;;jah
2001-05-09;77,9;104;;jah
2001-05-10;66;91;;jah
2001-05-11;57,9;81;;jah
2001-05-12;50,8;72;;jah
2001-05-13;45,6;65;;jah
2001-05-14;40;58;;jah
2001-05-15;37,4;55;;jah
2001-05-16;34;49;;jah
2001-05-17;31,9;46;;jah
2001-05-18;30,7;45;;jah
2001-05-19;29,4;43;;jah
2001-05-20;29,8;44;;jah
2001-05-21;33,8;52;;jah
2001-05-22;33,7;52;;jah
2001-05-23;31,7;48;;jah
2001-05-24;29,9;46;;jah
2001-05-25;28,1;43;;jah
2001-05-26;26,5;40;;jah
2001-05-27;24,9;38;;jah
2001-05-28;23,9;36;;jah
2001-05-29;23,3;35;;jah
2001-05-30;22,6;34;;jah
2001-05-31;22;33;;jah
2001-06-01;21,4;32;;jah
2001-06-02;20,8;31;;jah
2001-06-03;20,1;30;;jah
2001-06-04;19,8;30;;jah
2001-06-05;20,8;33;;jah
2001-06-06;21,4;34;;jah
2001-06-07;21,1;34;;jah
2001-06-08;20,5;33;;jah
2001-06-09;19,7;31;;jah
2001-06-10;20,3;33;;jah
2001-06-11;22,2;38;;jah
2001-06-12;23,8;42;;jah
2001-06-13;26,3;48;;jah
2001-06-14;30,1;56;;jah
2001-06-15;29,6;55;;jah
2001-06-16;28,2;52;;jah
2001-06-17;25,9;48;;jah
2001-06-18;24,7;46;;jah
2001-06-19;24,7;46;;jah
2001-06-20;29,5;58;;jah
2001-06-21;31,8;62;;jah
2001-06-22;30,9;61;;jah
2001-06-23;29,4;58;;jah
2001-06-24;28,1;56;;jah
2001-06-25;27;54;;jah
2001-06-26;24,9;50;;jah
2001-06-27;22,6;45;;jah
2001-06-28;20;39;;jah
2001-06-29;17,9;35;;jah
2001-06-30;16,6;32;;jah
2001-07-01;15,4;30;;jah
2001-07-02;14,2;27;;jah
2001-07-03;13,5;26;;jah
2001-07-04;13,1;26;;jah
2001-07-05;12,5;25;;jah
2001-07-06;12;25;;jah
2001-07-07;11,3;24;;jah
2001-07-08;10,5;22;;jah
2001-07-09;9,75;20;;jah
2001-07-10;9,19;19;;jah
2001-07-11;8,87;19;;jah
2001-07-12;8,58;19;;jah
2001-07-13;8,65;20;;jah
2001-07-14;9,1;21;;jah
2001-07-15;9,37;21;;jah
2001-07-16;9,45;20;;jah
2001-07-17;9,82;21;;jah
2001-07-18;12;29;;jah
2001-07-19;15,9;41;;jah
2001-07-20;18;46;;jah
2001-07-21;20,5;52;;jah
2001-07-22;22,3;56;;jah
2001-07-23;22,9;56;;jah
2001-07-24;22,8;54;;jah
2001-07-25;21;49;;jah
2001-07-26;19,2;44;;jah
2001-07-27;17,4;40;;jah
2001-07-28;15,7;35;;jah
2001-07-29;14;30;;jah
2001-07-30;12,7;26;;jah
2001-07-31;12,2;25;;jah
2001-08-01;11,5;23;;jah
2001-08-02;11,2;22;;jah
2001-08-03;11;22;;jah
2001-08-04;10,7;21;;jah
2001-08-05;10,5;21;;jah
2001-08-06;10,2;20;;jah
2001-08-07;10,1;20;;jah
2001-08-08;9,79;19;;jah
2001-08-09;9,67;19;;jah
2001-08-10;9,82;20;;jah
2001-08-11;9,99;21;;jah
2001-08-12;10,1;22;;jah
2001-08-13;10,6;24;;jah
2001-08-14;10,6;25;;jah
2001-08-15;11,5;29;;jah
2001-08-16;13,7;37;;jah
2001-08-17;15,3;42;;jah
2001-08-18;16,3;45;;jah
2001-08-19;15,9;44;;jah
2001-08-20;14,6;39;;jah
2001-08-21;13,3;35;;jah
2001-08-22;11,5;28;;jah
2001-08-23;11;26;;jah
2001-08-24;10,8;25;;jah
2001-08-25;10,4;24;;jah
2001-08-26;9,98;22;;jah
2001-08-27;10,1;23;;jah
2001-08-28;10,3;24;;jah
2001-08-29;9,75;21;;jah
2001-08-30;9,69;21;;jah
2001-08-31;9,69;21;;jah
2001-09-01;9,65;21;;jah
2001-09-02;9,42;19;;jah
2001-09-03;9,13;18;;jah
2001-09-04;9,1;17;;jah
2001-09-05;9,23;17;;jah
2001-09-06;9,35;17;;jah
2001-09-07;9,38;17;;jah
2001-09-08;10,3;20;;jah
2001-09-09;11;22;;jah
2001-09-10;11,6;23;;jah
2001-09-11;12,3;25;;jah
2001-09-12;12,8;26;;jah
2001-09-13;15,3;35;;jah
2001-09-14;16,7;38;;jah
2001-09-15;17,6;40;;jah
2001-09-16;18,7;43;;jah
2001-09-17;20;47;;jah
2001-09-18;20,2;47;;jah
2001-09-19;19,7;46;;jah
2001-09-20;18,9;44;;jah
2001-09-21;17,5;40;;jah
2001-09-22;15,9;35;;jah
2001-09-23;14,6;31;;jah
2001-09-24;13,2;27;;jah
2001-09-25;12,5;25;;jah
2001-09-26;11,7;22;;jah
2001-09-27;11,4;21;;jah
2001-09-28;11,1;20;;jah
2001-09-29;12,5;26;;jah
2001-09-30;13,3;27;;jah
2001-10-01;13,8;28;;jah
2001-10-02;14,4;30;;jah
2001-10-03;15,4;33;;jah
2001-10-04;16,5;35;;jah
2001-10-05;19,1;42;;jah
2001-10-06;25;57;;jah
2001-10-07;30,9;69;;jah
2001-10-08;29,1;63;;jah
2001-10-09;24,4;52;;jah
2001-10-10;23,1;49;;jah
2001-10-11;26,3;56;;jah
2001-10-12;37,9;81;;jah
2001-10-13;46,8;96;;jah
2001-10-14;50,7;101;;jah
2001-10-15;51,1;101;;jah
2001-10-16;50,3;98;;jah
2001-10-17;48,5;94;;jah
2001-10-18;50,5;98;;jah
2001-10-19;53,4;102;;jah
2001-10-20;51,6;97;;jah
2001-10-21;46,8;88;;jah
2001-10-22;42,4;80;;jah
2001-10-23;37,8;71;;jah
2001-10-24;34,1;64;;jah
2001-10-25;29,4;54;;jah
2001-10-26;27;49;;jah
2001-10-27;25,5;46;;jah
2001-10-28;25;44;;jah
2001-10-29;32,8;60;;jah
2001-10-30;64,4;116;;jah
2001-10-31;84,6;140;;jah
2001-11-01;99,7;158;;jah
2001-11-02;112;170;;jah
2001-11-03;114;167;;jah
2001-11-04;112;162;;jah
2001-11-05;112;160;;jah
2001-11-06;126;173;;jah
2001-11-07;140;184;;jah
2001-11-08;178;223;;jah
2001-11-09;186;229;;jah
2001-11-10;192;236;;jah
2001-11-11;203;248;;jah
2001-11-12;206;251;;jah
2001-11-13;200;246;;jah
2001-11-14;187;233;;jah
2001-11-15;171;217;;jah
2001-11-16;170;219;;jah
2001-11-17;165;214;;jah
2001-11-18;154;203;;jah
2001-11-19;133;181;;jah
2001-11-20;119;167;;jah
2001-11-21;108;155;;jah
2001-11-22;96,6;143;;jah
2001-11-23;88,2;133;;jah
2001-11-24;81,1;124;;jah
2001-11-25;69,3;108;;jah
2001-11-26;65,3;104;;jah
2001-11-27;64,8;104;;jah
2001-11-28;63,2;104;;jah
2001-11-29;59,4;101;;jah
2001-11-30;51,8;92;;jah
2001-12-01;42,6;79;;jah
2001-12-02;38;74;;jah
2001-12-03;32,6;67;;jah
2001-12-04;31,1;67;;jah
2001-12-05;37,7;86;;jah
2001-12-06;42,1;98;;jah
2001-12-07;47,6;114;;jah
2001-12-08;50,3;125;;jah
2001-12-09;47,6;124;;jah
2001-12-10;41,2;114;;jah
2001-12-11;35,7;106;;jah
2001-12-12;29,9;95;;jah
2001-12-13;27,2;88;;jah
2001-12-14;25,7;85;;jah
2001-12-15;24,8;83;;jah
2001-12-16;23,1;79;;jah
2001-12-17;21,9;76;;jah
2001-12-18;20,2;71;;jah
2001-12-19;18,4;66;;jah
2001-12-20;17,1;63;;jah
2001-12-21;16,4;62;;jah
2001-12-22;17,1;66;;jah
2001-12-23;17,7;69;;jah
2001-12-24;17,6;69;;jah
2001-12-25;17,9;72;;jah
2001-12-26;19,3;79;;jah
2001-12-27;18,8;78;;jah
2001-12-28;18,6;75;;jah
2001-12-29;18,9;73;;jah
2001-12-30;18,6;69;;jah
2001-12-31;18,8;67;;jah
2002-01-01;18,8;64;;jah
2002-01-02;18,1;62;;jah
2002-01-03;16,8;58;;jah
2002-01-04;16;56;;jah
2002-01-05;15,4;54;;jah
2002-01-06;14,1;50;;jah
2002-01-07;13,1;47;;jah
2002-01-08;12,8;46;;jah
2002-01-09;12,7;46;;jah
2002-01-10;12,6;46;;jah
2002-01-11;12,5;45;;jah
2002-01-12;13,2;46;;jah
2002-01-13;15,5;50;;jah
2002-01-14;19;56;;jah
2002-01-15;31,1;86;;jah
2002-01-16;45;113;;jah
2002-01-17;51,3;118;;jah
2002-01-18;56,6;122;;jah
2002-01-19;62,8;128;;jah
2002-01-20;68,9;135;;jah
2002-01-21;72,6;139;;jah
2002-01-22;80,6;150;;jah
2002-01-23;102;183;;jah
2002-01-24;140;225;;jah
2002-01-25;177;266;;jah
2002-01-26;183;269;;jah
2002-01-27;174;259;;jah
2002-01-28;153;234;;jah
2002-01-29;138;218;;jah
2002-01-30;139;220;;jah
2002-01-31;155;238;;jah
2002-02-01;146;225;;jah
2002-02-02;137;214;;jah
2002-02-03;139;217;;jah
2002-02-04;143;222;;jah
2002-02-05;157;237;;jah
2002-02-06;183;264;;jah
2002-02-07;211;289;;jah
2002-02-08;231;303;;jah
2002-02-09;234;304;;jah
2002-02-10;232;291;;jah
2002-02-11;253;304;;jah
2002-02-12;271;309;;jah
2002-02-13;277;307;;jah
2002-02-14;263;291;;jah
2002-02-15;245;270;;jah
2002-02-16;228;252;;jah
2002-02-17;215;237;;jah
2002-02-18;202;223;;jah
2002-02-19;186;208;;jah
2002-02-20;169;194;;jah
2002-02-21;152;177;;jah
2002-02-22;133;159;;jah
2002-02-23;119;146;;jah
2002-02-24;109;136;;jah
2002-02-25;94;118;;jah
2002-02-26;81,1;104;;jah
2002-02-27;79;103;;jah
2002-02-28;82,5;107;;jah
2002-03-01;85,4;110;;jah
2002-03-02;85,2;110;;jah
2002-03-03;85;110;;jah
2002-03-04;85,5;110;;jah
2002-03-05;86;111;;jah
2002-03-06;98,9;127;;jah
2002-03-07;138;169;;jah
2002-03-08;160;187;;jah
2002-03-09;163;190;;jah
2002-03-10;181;207;;jah
2002-03-11;198;220;;jah
2002-03-12;206;227;;jah
2002-03-13;221;239;;jah
2002-03-14;229;244;;jah
2002-03-15;216;233;;jah
2002-03-16;200;221;;jah
2002-03-17;185;207;;jah
2002-03-18;174;198;;jah
2002-03-19;165;191;;jah
2002-03-20;167;193;;jah
2002-03-21;164;190;;jah
2002-03-22;157;183;;jah
2002-03-23;152;178;;jah
2002-03-24;144;170;;jah
2002-03-25;125;152;;jah
2002-03-26;114;141;;jah
2002-03-27;106;132;;jah
2002-03-28;99,7;126;;jah
2002-03-29;94,8;120;;jah
2002-03-30;92;117;;jah
2002-03-31;88,5;113;;jah
2002-04-01;82,9;107;;jah
2002-04-02;77,6;101;;jah
2002-04-03;72,1;94;;jah
2002-04-04;68,3;89;;jah
2002-04-05;64,1;84;;jah
2002-04-06;58,9;77;;jah
2002-04-07;57,9;76;;jah
2002-04-08;55,5;73;;jah
2002-04-09;55;73;;jah
2002-04-10;52,5;69;;jah
2002-04-11;46,9;62;;jah
2002-04-12;44,3;59;;jah
2002-04-13;40,5;54;;jah
2002-04-14;39,1;52;;jah
2002-04-15;38,3;51;;jah
2002-04-16;38,6;52;;jah
2002-04-17;39;52;;jah
2002-04-18;39;52;;jah
2002-04-19;38,7;52;;jah
2002-04-20;37,9;51;;jah
2002-04-21;35,8;48;;jah
2002-04-22;34,1;46;;jah
2002-04-23;32,6;44;;jah
2002-04-24;31,1;42;;jah
2002-04-25;29,7;40;;jah
2002-04-26;28,6;38;;jah
2002-04-27;27,9;37;;jah
2002-04-28;27,2;36;;jah
2002-04-29;26,5;35;;jah
2002-04-30;26,1;35;;jah
2002-05-01;25,9;35;;jah
2002-05-02;25,1;36;;jah
2002-05-03;25,2;36;;jah
2002-05-04;24,4;35;;jah
2002-05-05;23,9;35;;jah
2002-05-06;21,6;31;;jah
2002-05-07;19,5;28;;jah
2002-05-08;18,8;27;;jah
2002-05-09;18,1;26;;jah
2002-05-10;17,5;25;;jah
2002-05-11;16,8;24;;jah
2002-05-12;16,3;23;;jah
2002-05-13;15,8;22;;jah
2002-05-14;14,3;19;;jah
2002-05-15;12,5;16;;jah
2002-05-16;12,3;16;;jah
2002-05-17;14,2;21;;jah
2002-05-18;16,8;28;;jah
2002-05-19;16,2;27;;jah
2002-05-20;15,2;25;;jah
2002-05-21;14,4;24;;jah
2002-05-22;13,8;23;;jah
2002-05-23;13,1;22;;jah
2002-05-24;12,5;21;;jah
2002-05-25;11,8;20;;jah
2002-05-26;11,2;19;;jah
2002-05-27;10,6;18;;jah
2002-05-28;10;17;;jah
2002-05-29;9,61;17;;jah
2002-05-30;9,18;16;;jah
2002-05-31;8,93;16;;jah
2002-06-01;8,69;15;;jah
2002-06-02;8,33;14;;jah
2002-06-03;8,12;14;;jah
2002-06-04;7,89;13;;jah
2002-06-05;7,71;13;;jah
2002-06-06;7,49;12;;jah
2002-06-07;7,19;11;;jah
2002-06-08;7,1;11;;jah
2002-06-09;7,15;12;;jah
2002-06-10;7,13;12;;jah
2002-06-11;6,7;10;;jah
2002-06-12;6,61;10;;jah
2002-06-13;6,68;11;;jah
2002-06-14;7,53;15;;jah
2002-06-15;7,86;16;;jah
2002-06-16;8,16;17;;jah
2002-06-17;8,34;17;;jah
2002-06-18;8,36;17;;jah
2002-06-19;8,27;17;;jah
2002-06-20;8,01;16;;jah
2002-06-21;7,85;15;;jah
2002-06-22;7,54;14;;jah
2002-06-23;7,16;12;;jah
2002-06-24;7,27;13;;jah
2002-06-25;8,14;16;;jah
2002-06-26;9,06;19;;jah
2002-06-27;9,95;22;;jah
2002-06-28;10;22;;jah
2002-06-29;10,1;22;;jah
2002-06-30;10,3;23;;jah
2002-07-01;11,2;26;;jah
2002-07-02;11,9;28;;jah
2002-07-03;16,9;42;;jah
2002-07-04;21,5;52;;jah
2002-07-05;25,7;61;;jah
2002-07-06;30;71;;jah
2002-07-07;35,5;83;;jah
2002-07-08;37,4;86;;jah
2002-07-09;32,8;74;;jah
2002-07-10;28,8;65;;jah
2002-07-11;24,1;54;;jah
2002-07-12;17,6;39;;jah
2002-07-13;14,6;33;;jah
2002-07-14;12,5;27;;jah
2002-07-15;11,5;24;;jah
2002-07-16;10,2;20;;jah
2002-07-17;9,62;18;;jah
2002-07-18;9,32;17;;jah
2002-07-19;8,9;16;;jah
2002-07-20;8,45;14;;jah
2002-07-21;8,2;13;;jah
2002-07-22;8,43;14;;jah
2002-07-23;8,79;15;;jah
2002-07-24;11,2;24;;jah
2002-07-25;11,5;24;;jah
2002-07-26;10,8;21;;jah
2002-07-27;10,6;21;;jah
2002-07-28;10,2;19;;jah
2002-07-29;10,2;19;;jah
2002-07-30;10;19;;jah
2002-07-31;9,7;18;;jah
2002-08-01;10,2;20;;jah
2002-08-02;10;19;;jah
2002-08-03;8,38;13;;jah
2002-08-04;8,34;14;;jah
2002-08-05;8,49;14;;jah
2002-08-06;8,47;14;;jah
2002-08-07;8,08;13;;jah
2002-08-08;7,5;11;;jah
2002-08-09;6,91;9;;jah
2002-08-10;6,23;6;;jah
2002-08-11;5,78;5;;jah
2002-08-12;5,73;5;;jah
2002-08-13;5,82;5;;jah
2002-08-14;5,65;4;;jah
2002-08-15;5,56;4;;jah
2002-08-16;5,38;3;;jah
2002-08-17;5,25;2;;jah
2002-08-18;5,15;2;;jah
2002-08-19;4,96;1;;jah
2002-08-20;4,71;-1;;jah
2002-08-21;4,66;-1;;jah
2002-08-22;4,49;-2;;jah
2002-08-23;4,32;-3;;jah
2002-08-24;4,27;-3;;jah
2002-08-25;4,18;-3;;jah
2002-08-26;4,07;-4;;jah
2002-08-27;4,04;-4;;jah
2002-08-28;4,01;-4;;jah
2002-08-29;3,92;-4;;jah
2002-08-30;3,81;-5;;jah
2002-08-31;3,84;-4;;jah
2002-09-01;3,89;-4;;jah
2002-09-02;3,74;-5;;jah
2002-09-03;3,65;-5;;jah
2002-09-04;3,56;-6;;jah
2002-09-05;3,55;-6;;jah
2002-09-06;3,54;-6;;jah
2002-09-07;3,52;-6;;jah
2002-09-08;3,46;-6;;jah
2002-09-09;3,37;-7;;jah
2002-09-10;3,35;-7;;jah
2002-09-11;3,34;-7;;jah
2002-09-12;3,28;-7;;jah
2002-09-13;3,19;-8;;jah
2002-09-14;3,17;-8;;jah
2002-09-15;3,16;-8;;jah
2002-09-16;3,21;-7;;jah
2002-09-17;3,27;-7;;jah
2002-09-18;3,26;-7;;jah
2002-09-19;3,2;-7;;jah
2002-09-20;3,13;-8;;jah
2002-09-21;3,15;-8;;jah
2002-09-22;3,29;-7;;jah
2002-09-23;3,87;-2;;jah
2002-09-24;4,07;-1;;jah
2002-09-25;4,18;-1;;jah
2002-09-26;4,21;-1;;jah
2002-09-27;4,3;0;;jah
2002-09-28;4,4;0;;jah
2002-09-29;4,31;-1;;jah
2002-09-30;4,33;-1;;jah
2002-10-01;4,3;-1;;jah
2002-10-02;4,24;-2;;jah
2002-10-03;4,21;-2;;jah
2002-10-04;4,15;-3;;jah
2002-10-05;4,17;-3;;jah
2002-10-06;4,19;-3;;jah
2002-10-07;4,15;-3;;jah
2002-10-08;4,09;-4;;jah
2002-10-09;4,11;-4;;jah
2002-10-10;4,13;-4;;jah
2002-10-11;4,15;-4;;jah
2002-10-12;4,17;-4;;jah
2002-10-13;4,19;-4;;jah
2002-10-14;4,27;-3;;jah
2002-10-15;4,38;-3;;jah
2002-10-16;4,46;-2;;jah
2002-10-17;4,57;-2;;jah
2002-10-18;4,65;-1;;jah
2002-10-19;4,76;-1;;jah
2002-10-20;4,78;-1;;jah
2002-10-21;4,68;-2;;jah
2002-10-22;4,51;-3;;jah
2002-10-23;4,53;-3;;jah
2002-10-24;4,72;-2;;jah
2002-10-25;4,88;-1;;jah
2002-10-26;4,99;0;;jah
2002-10-27;5,18;1;;jah
2002-10-28;5,45;2;;jah
2002-10-29;5,63;3;;jah
2002-10-30;5,74;4;;jah
2002-10-31;5,87;4;;jah
2002-11-01;5,9;4;;jah
2002-11-02;5,86;4;;jah
2002-11-03;5,79;3;;jah
2002-11-04;5,82;3;;jah
2002-11-05;5,85;3;;jah
2002-11-06;5,81;3;;jah
2002-11-07;5,74;2;;jah
2002-11-08;5,83;2;;jah
2002-11-09;5,97;2;;jah
2002-11-10;6,12;2;;jah
2002-11-11;6,26;2;;jah
2002-11-12;6,32;2;;jah
2002-11-13;6,19;0;;jah
2002-11-14;6,39;1;;jah
2002-11-15;6,65;1;;jah
2002-11-16;6,97;2;;jah
2002-11-17;7,37;3;;jah
2002-11-18;10,2;12;;jah
2002-11-19;12,9;18;;jah
2002-11-20;16,9;26;;jah
2002-11-21;25,1;41;;jah
2002-11-22;32,9;53;;jah
2002-11-23;34,3;54;;jah
2002-11-24;27,3;43;;jah
2002-11-25;22,3;35;;jah
2002-11-26;20;32;;jah
2002-11-27;19,7;32;;jah
2002-11-28;20,5;33;;jah
2002-11-29;23,3;39;;jah
2002-11-30;24,3;40;;jah
2002-12-01;31,3;53;;jah
2002-12-02;40,1;67;;jah
2002-12-03;29,2;46;;jah
2002-12-04;20,8;34;;jah
2002-12-05;15,2;23;;jah
2002-12-06;12,8;18;;jah
2002-12-07;11,2;14;;jah
2002-12-08;10,6;13;;jah
2002-12-09;10,3;13;;jah
2002-12-10;9,83;12;;jah
2002-12-11;9,34;11;;jah
2002-12-12;8,71;9;;jah
2002-12-13;8,27;8;;jah
2002-12-14;8,27;9;;jah
2002-12-15;8,36;9;;jah
2002-12-16;8,12;9;;jah
2002-12-17;7,81;8;;jah
2002-12-18;7,42;7;;jah
2002-12-19;7,01;6;;jah
2002-12-20;6,75;6;;jah
2002-12-21;6,48;5;;jah
2002-12-22;6,3;5;;jah
2002-12-23;6,1;4;;jah
2002-12-24;6,09;5;;jah
2002-12-25;6,12;5;;jah
2002-12-26;5,95;5;;jah
2002-12-27;5,75;4;;jah
2002-12-28;5,56;3;;jah
2002-12-29;5,52;3;;jah
2002-12-30;5,56;4;;jah
2002-12-31;5,63;4;;jah
2003-01-01;5,21;4;;jah
2003-01-02;5,32;5;;jah
2003-01-03;5,48;5;;jah
2003-01-04;5,48;5;;jah
2003-01-05;5,48;5;;jah
2003-01-06;5,48;5;;jah
2003-01-07;5,48;5;;jah
2003-01-08;5,48;5;;jah
2003-01-09;5,48;5;;jah
2003-01-10;5,48;5;;jah
2003-01-11;5,48;5;;jah
2003-01-12;5,59;6;;jah
2003-01-13;5,86;7;;jah
2003-01-14;5,92;7;;jah
2003-01-15;5,92;7;;jah
2003-01-16;6,25;8;;jah
2003-01-17;6,81;10;;jah
2003-01-18;7,3;11;;jah
2003-01-19;7,88;13;;jah
2003-01-20;9,88;21;;jah
2003-01-21;13,6;34;;jah
2003-01-22;17,5;45;;jah
2003-01-23;18,5;47;;jah
2003-01-24;18;45;;jah
2003-01-25;15,6;37;;jah
2003-01-26;15,5;37;;jah
2003-01-27;18,7;47;;jah
2003-01-28;21,9;55;;jah
2003-01-29;22,6;56;;jah
2003-01-30;21,7;53;;jah
2003-01-31;19,9;47;;jah
2003-02-01;15,6;34;;jah
2003-02-02;13,8;29;;jah
2003-02-03;13,2;27;;jah
2003-02-04;12,8;26;;jah
2003-02-05;12,1;23;;jah
2003-02-06;11,5;21;;jah
2003-02-07;11,3;21;;jah
2003-02-08;10,8;19;;jah
2003-02-09;10,4;18;;jah
2003-02-10;9,91;16;;jah
2003-02-11;9,61;15;;jah
2003-02-12;9,31;14;;jah
2003-02-13;9,28;14;;jah
2003-02-14;9,16;14;;jah
2003-02-15;8,98;13;;jah
2003-02-16;8,99;13;;jah
2003-02-17;8,86;13;;jah
2003-02-18;8,69;12;;jah
2003-02-19;8,69;12;;jah
2003-02-20;8,7;12;;jah
2003-02-21;8,71;12;;jah
2003-02-22;8,58;12;;jah
2003-02-23;8,4;11;;jah
2003-02-24;8,41;11;;jah
2003-02-25;8,4;11;;jah
2003-02-26;8,36;11;;jah
2003-02-27;8,32;11;;jah
2003-02-28;8,02;10;;jah
2003-03-01;7,95;10;;jah
2003-03-02;7,92;10;;jah
2003-03-03;7,89;10;;jah
2003-03-04;7,86;10;;jah
2003-03-05;7,82;10;;jah
2003-03-06;7,66;10;;jah
2003-03-07;7,45;9;;jah
2003-03-08;7,42;9;;jah
2003-03-09;7,39;9;;jah
2003-03-10;7,37;9;;jah
2003-03-11;9,36;16;;jah
2003-03-12;31,2;82;;jah
2003-03-13;57,2;131;;jah
2003-03-14;66;144;;jah
2003-03-15;62,5;137;;jah
2003-03-16;58,9;132;;jah
2003-03-17;55,9;125;;jah
2003-03-18;56,1;121;;jah
2003-03-19;60;123;;jah
2003-03-20;62,4;123;;jah
2003-03-21;63,8;121;;jah
2003-03-22;59,4;110;;jah
2003-03-23;42,6;79;;jah
2003-03-24;36,3;67;;jah
2003-03-25;34,5;62;;jah
2003-03-26;36;63;;jah
2003-03-27;37,5;63;;jah
2003-03-28;39;64;;jah
2003-03-29;41,5;67;;jah
2003-03-30;43,2;70;;jah
2003-03-31;44,1;71;;jah
2003-04-01;44,8;72;;jah
2003-04-02;44;70;;jah
2003-04-03;39,7;62;;jah
2003-04-04;38,7;60;;jah
2003-04-05;38,5;60;;jah
2003-04-06;35,8;55;;jah
2003-04-07;34,7;53;;jah
2003-04-08;32,5;49;;jah
2003-04-09;28,4;41;;jah
2003-04-10;30;44;;jah
2003-04-11;47,8;75;;jah
2003-04-12;71;105;;jah
2003-04-13;79,3;111;;jah
2003-04-14;91,6;125;;jah
2003-04-15;98,2;130;;jah
2003-04-16;97,7;129;;jah
2003-04-17;99,5;131;;jah
2003-04-18;105;136;;jah
2003-04-19;104;135;;jah
2003-04-20;101;132;;jah
2003-04-21;97,5;128;;jah
2003-04-22;93,6;124;;jah
2003-04-23;88,6;119;;jah
2003-04-24;81,8;111;;jah
2003-04-25;75,9;105;;jah
2003-04-26;70,1;99;;jah
2003-04-27;62,8;90;;jah
2003-04-28;54,1;79;;jah
2003-04-29;49,5;73;;jah
2003-04-30;47,6;71;;jah
2003-05-01;50;75;;jah
2003-05-02;54,9;81;;jah
2003-05-03;62,4;91;;jah
2003-05-04;66,6;96;;jah
2003-05-05;69,6;99;;jah
2003-05-06;68,3;97;;jah
2003-05-07;64,2;92;;jah
2003-05-08;57,6;83;;jah
2003-05-09;51,9;76;;jah
2003-05-10;46,6;69;;jah
2003-05-11;42,7;63;;jah
2003-05-12;38;55;;jah
2003-05-13;34,8;50;;jah
2003-05-14;31,6;45;;jah
2003-05-15;30,4;44;;jah
2003-05-16;31,5;48;;jah
2003-05-17;44,9;71;;jah
2003-05-18;64,6;98;;jah
2003-05-19;84,8;121;;jah
2003-05-20;93,7;130;;jah
2003-05-21;88,4;123;;jah
2003-05-22;75,2;107;;jah
2003-05-23;63,5;94;;jah
2003-05-24;55,4;84;;jah
2003-05-25;49,1;76;;jah
2003-05-26;45,2;70;;jah
2003-05-27;43;67;;jah
2003-05-28;46,6;74;;jah
2003-05-29;41,5;64;;jah
2003-05-30;35;54;;jah
2003-05-31;33,1;52;;jah
2003-06-01;35,9;59;;jah
2003-06-02;37,8;62;;jah
2003-06-03;33,3;54;;jah
2003-06-04;29;47;;jah
2003-06-05;24,8;40;;jah
2003-06-06;22,6;36;;jah
2003-06-07;20,7;33;;jah
2003-06-08;19,4;31;;jah
2003-06-09;18;28;;jah
2003-06-10;16,9;26;;jah
2003-06-11;16,2;25;;jah
2003-06-12;15,7;24;;jah
2003-06-13;15,7;25;;jah
2003-06-14;15,9;26;;jah
2003-06-15;16,7;29;;jah
2003-06-16;16,6;29;;jah
2003-06-17;15,8;27;;jah
2003-06-18;15;26;;jah
2003-06-19;14,2;24;;jah
2003-06-20;14,2;25;;jah
2003-06-21;14,9;28;;jah
2003-06-22;15,4;30;;jah
2003-06-23;16;35;;jah
2003-06-24;17,4;37;;jah
2003-06-25;17,2;37;;jah
2003-06-26;16;34;;jah
2003-06-27;15;32;;jah
2003-06-28;14,2;30;;jah
2003-06-29;12,9;27;;jah
2003-06-30;11,1;21;;jah
2003-07-01;9,74;17;;jah
2003-07-02;9,8;18;;jah
2003-07-03;9,99;18;;jah
2003-07-04;10,1;19;;jah
2003-07-05;10,6;20;;jah
2003-07-06;11,2;22;;jah
2003-07-07;12,2;26;;jah
2003-07-08;12,7;27;;jah
2003-07-09;12,8;27;;jah
2003-07-10;12,8;27;;jah
2003-07-11;13,3;29;;jah
2003-07-12;14,3;32;;jah
2003-07-13;15,6;36;;jah
2003-07-14;17,6;42;;jah
2003-07-15;18,2;44;;jah
2003-07-16;17,2;41;;jah
2003-07-17;15,7;37;;jah
2003-07-18;14,4;34;;jah
2003-07-19;13,4;31;;jah
2003-07-20;12,1;27;;jah
2003-07-21;10,6;22;;jah
2003-07-22;9,17;18;;jah
2003-07-23;8,57;16;;jah
2003-07-24;8,42;16;;jah
2003-07-25;8,55;17;;jah
2003-07-26;9,62;22;;jah
2003-07-27;9,27;21;;jah
2003-07-28;8,75;19;;jah
2003-07-29;8,69;20;;jah
2003-07-30;7,98;17;;jah
2003-07-31;7,57;15;;jah
2003-08-01;7,33;14;;jah
2003-08-02;7,1;13;;jah
2003-08-03;6,96;13;;jah
2003-08-04;6,29;10;;jah
2003-08-05;5,88;8;;jah
2003-08-06;5,76;8;;jah
2003-08-07;5,72;8;;jah
2003-08-08;5,87;8;;jah
2003-08-09;5,88;8;;jah
2003-08-10;6,11;9;;jah
2003-08-11;6,84;12;;jah
2003-08-12;6,8;12;;jah
2003-08-13;6,66;11;;jah
2003-08-14;6,34;10;;jah
2003-08-15;6,2;9;;jah
2003-08-16;6,56;11;;jah
2003-08-17;6,88;12;;jah
2003-08-18;7,07;12;;jah
2003-08-19;7;12;;jah
2003-08-20;7;12;;jah
2003-08-21;7,42;13;;jah
2003-08-22;7,5;13;;jah
2003-08-23;7,76;14;;jah
2003-08-24;7,95;15;;jah
2003-08-25;8,5;17;;jah
2003-08-26;9,09;19;;jah
2003-08-27;9,68;21;;jah
2003-08-28;10,6;24;;jah
2003-08-29;11,8;28;;jah
2003-08-30;13;32;;jah
2003-08-31;14,6;37;;jah
2003-09-01;16,8;44;;jah
2003-09-02;18,2;48;;jah
2003-09-03;19,1;50;;jah
2003-09-04;19,7;51;;jah
2003-09-05;18,8;48;;jah
2003-09-06;16,2;39;;jah
2003-09-07;15;36;;jah
2003-09-08;14,4;34;;jah
2003-09-09;13,8;32;;jah
2003-09-10;12,9;28;;jah
2003-09-11;12,2;26;;jah
2003-09-12;11,5;23;;jah
2003-09-13;11;21;;jah
2003-09-14;10,9;21;;jah
2003-09-15;10,8;20;;jah
2003-09-16;10,7;20;;jah
2003-09-17;10,2;18;;jah
2003-09-18;9,74;16;;jah
2003-09-19;9,61;16;;jah
2003-09-20;9,47;15;;jah
2003-09-21;9,38;15;;jah
2003-09-22;9,24;14;;jah
2003-09-23;9,27;14;;jah
2003-09-24;9,18;14;;jah
2003-09-25;9,16;14;;jah
2003-09-26;9,52;15;;jah
2003-09-27;9,74;15;;jah
2003-09-28;9,78;15;;jah
2003-09-29;9,81;15;;jah
2003-09-30;9,63;14;;jah
2003-10-01;10,1;15;;jah
2003-10-02;11,3;19;;jah
2003-10-03;12,1;20;;jah
2003-10-04;13,7;25;;jah
2003-10-05;14,3;25;;jah
2003-10-06;14;24;;jah
2003-10-07;13,5;22;;jah
2003-10-08;13,6;22;;jah
2003-10-09;15,7;27;;jah
2003-10-10;19,1;35;;jah
2003-10-11;21,8;41;;jah
2003-10-12;25;47;;jah
2003-10-13;23,7;43;;jah
2003-10-14;22,5;40;;jah
2003-10-15;25,1;45;;jah
2003-10-16;29,4;54;;jah
2003-10-17;31,5;57;;jah
2003-10-18;30,2;54;;jah
2003-10-19;27,2;48;;jah
2003-10-20;24,6;42;;jah
2003-10-21;23,2;39;;jah
2003-10-22;21,8;36;;jah
2003-10-23;20,1;32;;jah
2003-10-24;19,7;32;;jah
2003-10-25;19,2;30;;jah
2003-10-26;19,2;30;;jah
2003-10-27;19,2;30;;jah
2003-10-28;19,5;31;;jah
2003-10-29;19,8;31;;jah
2003-10-30;20,7;33;;jah
2003-10-31;23,6;39;;jah
2003-11-01;25,1;42;;jah
2003-11-02;25,2;42;;jah
2003-11-03;25,8;44;;jah
2003-11-04;27,9;48;;jah
2003-11-05;33,8;60;;jah
2003-11-06;39,3;70;;jah
2003-11-07;41,1;73;;jah
2003-11-08;39,7;70;;jah
2003-11-09;37,5;66;;jah
2003-11-10;35,6;63;;jah
2003-11-11;33,9;60;;jah
2003-11-12;30,8;54;;jah
2003-11-13;28,9;50;;jah
2003-11-14;26,5;46;;jah
2003-11-15;24,7;42;;jah
2003-11-16;22,8;38;;jah
2003-11-17;22,5;38;;jah
2003-11-18;22,7;39;;jah
2003-11-19;23,3;40;;jah
2003-11-20;26,6;48;;jah
2003-11-21;33,4;62;;jah
2003-11-22;38,9;72;;jah
2003-11-23;41,5;76;;jah
2003-11-24;48;87;;jah
2003-11-25;68,5;118;;jah
2003-11-26;84,3;137;;jah
2003-11-27;84,9;137;;jah
2003-11-28;90,8;145;;jah
2003-11-29;102;158;;jah
2003-11-30;107;162;;jah
2003-12-01;102;156;;jah
2003-12-02;92,4;143;;jah
2003-12-03;85;134;;jah
2003-12-04;78,8;126;;jah
2003-12-05;71,3;116;;jah
2003-12-06;73,2;119;;jah
2003-12-07;74,8;120;;jah
2003-12-08;72,5;116;;jah
2003-12-09;65,8;107;;jah
2003-12-10;61;101;;jah
2003-12-11;57;95;;jah
2003-12-12;56;94;;jah
2003-12-13;61,6;102;;jah
2003-12-14;64,8;105;;jah
2003-12-15;66,6;106;;jah
2003-12-16;73,5;115;;jah
2003-12-17;78,9;120;;jah
2003-12-18;84,8;126;;jah
2003-12-19;85;125;;jah
2003-12-20;89;129;;jah
2003-12-21;92,6;131;;jah
2003-12-22;106;145;;jah
2003-12-23;125;164;;jah
2003-12-24;118;153;;jah
2003-12-25;114;148;;jah
2003-12-26;148;186;;jah
2003-12-27;205;241;;jah
2003-12-28;222;253;;jah
2003-12-29;222;253;;jah
2003-12-30;213;248;;jah
2003-12-31;201;240;;jah
2004-01-01;184;225;;jah
2004-01-02;155;211;;jah
2004-01-03;127;192;;jah
2004-01-04;95,2;162;;jah
2004-01-05;80,6;163;;jah
2004-01-06;91,5;218;;jah
2004-01-07;74,2;207;;jah
2004-01-08;68,5;200;;jah
2004-01-09;60,9;187;;jah
2004-01-10;55,1;178;;jah
2004-01-11;51,8;174;;jah
2004-01-12;50,2;174;;jah
2004-01-13;49,6;174;;jah
2004-01-14;49,5;174;;jah
2004-01-15;48,9;172;;jah
2004-01-16;48,1;170;;jah
2004-01-17;46,9;167;;jah
2004-01-18;43;157;;jah
2004-01-19;40,1;150;;jah
2004-01-20;39,7;149;;jah
2004-01-21;35,9;138;;jah
2004-01-22;33,9;133;;jah
2004-01-23;32,6;129;;jah
2004-01-24;30,9;122;;jah
2004-01-25;28,5;113;;jah
2004-01-26;27,8;111;;jah
2004-01-27;25,7;103;;jah
2004-01-28;24,9;100;;jah
2004-01-29;24,9;100;;jah
2004-01-30;23,8;96;;jah
2004-01-31;22,6;91;;jah
2004-02-01;22,1;89;;jah
2004-02-02;22,2;90;;jah
2004-02-03;21,6;87;;jah
2004-02-04;21,7;88;;jah
2004-02-05;23,8;96;;jah
2004-02-06;28,3;112;;jah
2004-02-07;33,2;127;;jah
2004-02-08;36;133;;jah
2004-02-09;35,4;127;;jah
2004-02-10;33,8;119;;jah
2004-02-11;32;111;;jah
2004-02-12;29,3;102;;jah
2004-02-13;27,1;95;;jah
2004-02-14;26,7;93;;jah
2004-02-15;26,3;91;;jah
2004-02-16;25,5;88;;jah
2004-02-17;24,6;85;;jah
2004-02-18;23,9;82;;jah
2004-02-19;22,9;78;;jah
2004-02-20;21,7;73;;jah
2004-02-21;20,2;67;;jah
2004-02-22;20,9;70;;jah
2004-02-23;21,6;72;;jah
2004-02-24;21,1;69;;jah
2004-02-25;20,7;68;;jah
2004-02-26;20,1;66;;jah
2004-02-27;19,9;66;;jah
2004-02-28;19,3;64;;jah
2004-02-29;19;63;;jah
2004-03-01;18,6;62;;jah
2004-03-02;18,2;61;;jah
2004-03-03;18,1;61;;jah
2004-03-04;17,9;61;;jah
2004-03-05;17,4;59;;jah
2004-03-06;16,9;56;;jah
2004-03-07;17;58;;jah
2004-03-08;17,1;59;;jah
2004-03-09;17,1;59;;jah
2004-03-10;17,1;57;;jah
2004-03-11;17,5;55;;jah
2004-03-12;18;54;;jah
2004-03-13;18,7;54;;jah
2004-03-14;19,3;53;;jah
2004-03-15;20,3;55;;jah
2004-03-16;21,8;58;;jah
2004-03-17;25,5;66;;jah
2004-03-18;57,2;140;;jah
2004-03-19;98,9;200;;jah
2004-03-20;134;242;;jah
2004-03-21;187;306;;jah
2004-03-22;223;340;;jah
2004-03-23;235;333;;jah
2004-03-24;241;329;;jah
2004-03-25;250;326;;jah
2004-03-26;267;331;;jah
2004-03-27;273;325;;jah
2004-03-28;285;326;;jah
2004-03-29;267;296;;jah
2004-03-30;234;243;;jah
2004-03-31;215;229;;jah
2004-04-01;199;217;;jah
2004-04-02;175;197;;jah
2004-04-03;148;174;;jah
2004-04-04;123;153;;jah
2004-04-05;105;137;;jah
2004-04-06;96,7;130;;jah
2004-04-07;94,2;127;;jah
2004-04-08;94,1;127;;jah
2004-04-09;93,4;126;;jah
2004-04-10;91,4;124;;jah
2004-04-11;90,1;122;;jah
2004-04-12;87,7;119;;jah
2004-04-13;83,4;114;;jah
2004-04-14;77,1;106;;jah
2004-04-15;71,3;99;;jah
2004-04-16;68,9;96;;jah
2004-04-17;67,2;94;;jah
2004-04-18;65,7;92;;jah
2004-04-19;63,1;88;;jah
2004-04-20;60;84;;jah
2004-04-21;56,6;80;;jah
2004-04-22;55,3;78;;jah
2004-04-23;54,9;78;;jah
2004-04-24;53,9;76;;jah
2004-04-25;51;72;;jah
2004-04-26;47;66;;jah
2004-04-27;43,6;61;;jah
2004-04-28;41,2;56;;jah
2004-04-29;39,7;53;;jah
2004-04-30;34,4;51;;jah
2004-05-01;32,3;48;;jah
2004-05-02;30,8;45;;jah
2004-05-03;29,2;42;;jah
2004-05-04;27,8;40;;jah
2004-05-05;26,8;38;;jah
2004-05-06;26,3;38;;jah
2004-05-07;25,7;37;;jah
2004-05-08;24,8;35;;jah
2004-05-09;23,8;33;;jah
2004-05-10;22,9;31;;jah
2004-05-11;22,4;30;;jah
2004-05-12;21,8;29;;jah
2004-05-13;21,2;28;;jah
2004-05-14;20,7;27;;jah
2004-05-15;20,2;26;;jah
2004-05-16;20;27;;jah
2004-05-17;19,9;27;;jah
2004-05-18;19,6;27;;jah
2004-05-19;19,4;28;;jah
2004-05-20;19,8;30;;jah
2004-05-21;20;32;;jah
2004-05-22;19,6;32;;jah
2004-05-23;18,8;29;;jah
2004-05-24;18,2;28;;jah
2004-05-25;18;27;;jah
2004-05-26;18,1;28;;jah
2004-05-27;18,1;28;;jah
2004-05-28;17,9;28;;jah
2004-05-29;17,5;26;;jah
2004-05-30;17,3;26;;jah
2004-05-31;16,9;24;;jah
2004-06-01;16,6;23;;jah
2004-06-02;16,4;23;;jah
2004-06-03;16,2;22;;jah
2004-06-04;16;21;;jah
2004-06-05;15,8;21;;jah
2004-06-06;15,4;19;;jah
2004-06-07;15,2;19;;jah
2004-06-08;15,4;20;;jah
2004-06-09;18,2;34;;jah
2004-06-10;21,9;49;;jah
2004-06-11;24,2;57;;jah
2004-06-12;23,1;52;;jah
2004-06-13;23,4;53;;jah
2004-06-14;28,4;69;;jah
2004-06-15;29,4;70;;jah
2004-06-16;27,5;65;;jah
2004-06-17;25,6;59;;jah
2004-06-18;24;53;;jah
2004-06-19;23,1;49;;jah
2004-06-20;22,1;45;;jah
2004-06-21;20,9;40;;jah
2004-06-22;20,6;39;;jah
2004-06-23;23,6;52;;jah
2004-06-24;27,8;65;;jah
2004-06-25;37,1;87;;jah
2004-06-26;45,8;104;;jah
2004-06-27;49,1;110;;jah
2004-06-28;53,6;119;;jah
2004-06-29;59,4;129;;jah
2004-06-30;58,5;126;;jah
2004-07-01;55,6;119;;jah
2004-07-02;57,9;124;;jah
2004-07-03;66,2;138;;jah
2004-07-04;80,8;158;;jah
2004-07-05;112;200;;jah
2004-07-06;104;184;;jah
2004-07-07;94;171;;jah
2004-07-08;89,3;165;;jah
2004-07-09;85,6;161;;jah
2004-07-10;73,8;145;;jah
2004-07-11;64,8;133;;jah
2004-07-12;59,7;125;;jah
2004-07-13;54,8;116;;jah
2004-07-14;49,5;107;;jah
2004-07-15;44,8;98;;jah
2004-07-16;40,1;89;;jah
2004-07-17;34,6;78;;jah
2004-07-18;30,3;69;;jah
2004-07-19;27;61;;jah
2004-07-20;24,4;53;;jah
2004-07-21;22,6;47;;jah
2004-07-22;20,9;41;;jah
2004-07-23;19,6;36;;jah
2004-07-24;18,6;33;;jah
2004-07-25;18,1;31;;jah
2004-07-26;17,9;31;;jah
2004-07-27;18,8;34;;jah
2004-07-28;19;32;;jah
2004-07-29;19,3;31;;jah
2004-07-30;20,9;35;;jah
2004-07-31;33,3;70;;jah
2004-08-01;60,5;122;;jah
2004-08-02;70,5;134;;jah
2004-08-03;70,4;131;;jah
2004-08-04;72,1;134;;jah
2004-08-05;61,4;115;;jah
2004-08-06;45,1;86;;jah
2004-08-07;34,8;67;;jah
2004-08-08;29,2;54;;jah
2004-08-09;27;48;;jah
2004-08-10;27,4;50;;jah
2004-08-11;25,2;42;;jah
2004-08-12;23,2;36;;jah
2004-08-13;21,8;31;;jah
2004-08-14;20,9;28;;jah
2004-08-15;20,8;28;;jah
2004-08-16;20,6;28;;jah
2004-08-17;20,4;27;;jah
2004-08-18;21;30;;jah
2004-08-19;22,7;36;;jah
2004-08-20;23,6;39;;jah
2004-08-21;23,4;38;;jah
2004-08-22;23,1;37;;jah
2004-08-23;23,2;38;;jah
2004-08-24;23,2;38;;jah
2004-08-25;23,2;37;;jah
2004-08-26;23,2;37;;jah
2004-08-27;23,3;36;;jah
2004-08-28;23,9;38;;jah
2004-08-29;25,5;43;;jah
2004-08-30;26,4;45;;jah
2004-08-31;26,7;45;;jah
2004-09-01;32,8;62;;jah
2004-09-02;61,1;118;;jah
2004-09-03;72,9;133;;jah
2004-09-04;68,3;123;;jah
2004-09-05;61,5;111;;jah
2004-09-06;52,3;95;;jah
2004-09-07;45,9;84;;jah
2004-09-08;41,5;76;;jah
2004-09-09;38,1;69;;jah
2004-09-10;36,6;66;;jah
2004-09-11;34,2;61;;jah
2004-09-12;32,2;55;;jah
2004-09-13;31,1;51;;jah
2004-09-14;30,2;48;;jah
2004-09-15;29,5;46;;jah
2004-09-16;29,2;44;;jah
2004-09-17;29,2;44;;jah
2004-09-18;29,9;46;;jah
2004-09-19;30,2;46;;jah
2004-09-20;29,4;43;;jah
2004-09-21;28,7;40;;jah
2004-09-22;31,4;47;;jah
2004-09-23;61,8;107;;jah
2004-09-24;97,4;151;;jah
2004-09-25;138;194;;jah
2004-09-26;187;236;;jah
2004-09-27;194;239;;jah
2004-09-28;189;233;;jah
2004-09-29;184;226;;jah
2004-09-30;177;220;;jah
2004-10-01;156;197;;jah
2004-10-02;142;184;;jah
2004-10-03;126;167;;jah
2004-10-04;99,6;140;;jah
2004-10-05;85,8;125;;jah
2004-10-06;74,9;110;;jah
2004-10-07;66,8;99;;jah
2004-10-08;61,8;92;;jah
2004-10-09;68,3;103;;jah
2004-10-10;75;111;;jah
2004-10-11;79,1;116;;jah
2004-10-12;77,7;114;;jah
2004-10-13;73,5;108;;jah
2004-10-14;70,8;105;;jah
2004-10-15;65,9;98;;jah
2004-10-16;60,3;90;;jah
2004-10-17;56,9;86;;jah
2004-10-18;55,9;85;;jah
2004-10-19;58,9;90;;jah
2004-10-20;64,3;97;;jah
2004-10-21;64,4;96;;jah
2004-10-22;63,3;95;;jah
2004-10-23;67,8;100;;jah
2004-10-24;124;170;;jah
2004-10-25;139;177;;jah
2004-10-26;148;187;;jah
2004-10-27;162;199;;jah
2004-10-28;163;198;;jah
2004-10-29;165;195;;jah
2004-10-30;158;184;;jah
2004-10-31;133;162;;jah
2004-11-01;120;152;;jah
2004-11-02;108;140;;jah
2004-11-03;96,7;129;;jah
2004-11-04;88,9;120;;jah
2004-11-05;83,9;114;;jah
2004-11-06;83,2;114;;jah
2004-11-07;91,5;125;;jah
2004-11-08;89,9;122;;jah
2004-11-09;85,1;116;;jah
2004-11-10;80,9;111;;jah
2004-11-11;76,4;105;;jah
2004-11-12;71,1;98;;jah
2004-11-13;68,4;95;;jah
2004-11-14;76,1;106;;jah
2004-11-15;82,8;114;;jah
2004-11-16;98,9;134;;jah
2004-11-17;119;153;;jah
2004-11-18;132;163;;jah
2004-11-19;119;152;;jah
2004-11-20;101;135;;jah
2004-11-21;89,5;123;;jah
2004-11-22;90,9;127;;jah
2004-11-23;105;143;;jah
2004-11-24;101;137;;jah
2004-11-25;95,8;133;;jah
2004-11-26;91,5;128;;jah
2004-11-27;94,3;132;;jah
2004-11-28;98,7;137;;jah
2004-11-29;95,8;133;;jah
2004-11-30;95,1;133;;jah
2004-12-01;94,1;132;;jah
2004-12-02;93;130;;jah
2004-12-03;97,9;136;;jah
2004-12-04;97,2;135;;jah
2004-12-05;102;140;;jah
2004-12-06;140;178;;jah
2004-12-07;180;210;;jah
2004-12-08;186;213;;jah
2004-12-09;191;217;;jah
2004-12-10;188;213;;jah
2004-12-11;182;209;;jah
2004-12-12;172;199;;jah
2004-12-13;147;177;;jah
2004-12-14;127;160;;jah
2004-12-15;113;148;;jah
2004-12-16;100;136;;jah
2004-12-17;101;138;;jah
2004-12-18;100;137;;jah
2004-12-19;97,3;134;;jah
2004-12-20;92;128;;jah
2004-12-21;86,2;121;;jah
2004-12-22;73;103;;jah
2004-12-23;65,8;95;;jah
2004-12-24;68,5;100;;jah
2004-12-25;64,6;94;;jah
2004-12-26;63,9;94;;jah
2004-12-27;67,8;100;;jah
2004-12-28;71,2;105;;jah
2004-12-29;70,9;104;;jah
2004-12-30;67,9;100;;jah
2004-12-31;78,9;118;;jah
2005-01-01;129;159;;jah
2005-01-02;133;162;;jah
2005-01-03;125;154;;jah
2005-01-04;114;144;;jah
2005-01-05;107;137;;jah
2005-01-06;114;145;;jah
2005-01-07;140;172;;jah
2005-01-08;219;245;;jah
2005-01-09;316;311;;jah
2005-01-10;394;350;;jah
2005-01-11;416;361;;jah
2005-01-12;399;350;;jah
2005-01-13;374;336;;jah
2005-01-14;350;324;;jah
2005-01-15;313;302;;jah
2005-01-16;282;282;;jah
2005-01-17;252;262;;jah
2005-01-18;231;247;;jah
2005-01-19;217;238;;jah
2005-01-20;201;225;;jah
2005-01-21;172;199;;jah
2005-01-22;136;163;;jah
2005-01-23;112;142;;jah
2005-01-24;101;132;;jah
2005-01-25;81;111;;jah
2005-01-26;69,5;98;;jah
2005-01-27;62,6;89;;jah
2005-01-28;75,6;109;;jah
2005-01-29;81,6;115;;jah
2005-01-30;80,2;114;;jah
2005-01-31;86,7;122;;jah
2005-02-01;91,7;131;;jah
2005-02-02;87,2;133;;jah
2005-02-03;80,9;134;;jah
2005-02-04;72,8;132;;jah
2005-02-05;64;129;;jah
2005-02-06;56,5;128;;jah
2005-02-07;49,3;127;;jah
2005-02-08;41,8;124;;jah
2005-02-09;37,8;122;;jah
2005-02-10;37,3;121;;jah
2005-02-11;35,6;117;;jah
2005-02-12;33,7;112;;jah
2005-02-13;33;111;;jah
2005-02-14;33,7;112;;jah
2005-02-15;31,9;107;;jah
2005-02-16;30,3;102;;jah
2005-02-17;29,7;100;;jah
2005-02-18;28,8;97;;jah
2005-02-19;28,1;94;;jah
2005-02-20;26,9;90;;jah
2005-02-21;25,7;86;;jah
2005-02-22;25,3;85;;jah
2005-02-23;25;84;;jah
2005-02-24;24,1;80;;jah
2005-02-25;23,2;77;;jah
2005-02-26;22,6;74;;jah
2005-02-27;21,8;71;;jah
2005-02-28;21,5;70;;jah
2005-03-01;21;68;;jah
2005-03-02;20,1;65;;jah
2005-03-03;19,9;64;;jah
2005-03-04;19,7;64;;jah
2005-03-05;19;60;;jah
2005-03-06;18,1;55;;jah
2005-03-07;17,1;50;;jah
2005-03-08;16,4;46;;jah
2005-03-09;16,4;47;;jah
2005-03-10;16,5;47;;jah
2005-03-11;16,5;47;;jah
2005-03-12;16,5;47;;jah
2005-03-13;16,3;46;;jah
2005-03-14;16,2;44;;jah
2005-03-15;16,4;43;;jah
2005-03-16;16,3;41;;jah
2005-03-17;16,6;40;;jah
2005-03-18;16,8;39;;jah
2005-03-19;17,2;40;;jah
2005-03-20;17,7;40;;jah
2005-03-21;17,9;40;;jah
2005-03-22;18,2;39;;jah
2005-03-23;18,5;39;;jah
2005-03-24;18,7;38;;jah
2005-03-25;19,2;39;;jah
2005-03-26;20,1;42;;jah
2005-03-27;22,7;52;;jah
2005-03-28;27,1;65;;jah
2005-03-29;31,2;72;;jah
2005-03-30;32,9;72;;jah
2005-03-31;34,2;71;;jah
2005-04-01;35,1;70;;jah
2005-04-02;39,8;78;;jah
2005-04-03;50,7;96;;jah
2005-04-04;84,2;142;;jah
2005-04-05;123;171;;jah
2005-04-06;149;180;;jah
2005-04-07;165;194;;jah
2005-04-08;156;185;;jah
2005-04-09;159;189;;jah
2005-04-10;160;189;;jah
2005-04-11;171;201;;jah
2005-04-12;171;200;;jah
2005-04-13;167;196;;jah
2005-04-14;158;187;;jah
2005-04-15;146;174;;jah
2005-04-16;133;161;;jah
2005-04-17;116;145;;jah
2005-04-18;96,4;125;;jah
2005-04-19;80,1;109;;jah
2005-04-20;70,3;97;;jah
2005-04-21;62,4;87;;jah
2005-04-22;57,1;79;;jah
2005-04-23;54,7;76;;jah
2005-04-24;51,9;71;;jah
2005-04-25;49,9;68;;jah
2005-04-26;47,2;64;;jah
2005-04-27;45,2;60;;jah
2005-04-28;43,6;57;;jah
2005-04-29;42,2;53;;jah
2005-04-30;40,9;51;;jah
2005-05-01;39,3;47;;jah
2005-05-02;38,3;45;;jah
2005-05-03;37,7;43;;jah
2005-05-04;39,6;48;;jah
2005-05-05;44,9;61;;jah
2005-05-06;47,5;65;;jah
2005-05-07;45,7;61;;jah
2005-05-08;43,3;56;;jah
2005-05-09;40;51;;jah
2005-05-10;37,9;47;;jah
2005-05-11;36,5;45;;jah
2005-05-12;35,3;42;;jah
2005-05-13;34,1;40;;jah
2005-05-14;33,3;38;;jah
2005-05-15;34;41;;jah
2005-05-16;34;42;;jah
2005-05-17;36,4;49;;jah
2005-05-18;51,5;82;;jah
2005-05-19;68,8;107;;jah
2005-05-20;63,8;97;;jah
2005-05-21;57;87;;jah
2005-05-22;48,9;74;;jah
2005-05-23;42,7;63;;jah
2005-05-24;39,2;56;;jah
2005-05-25;38,6;55;;jah
2005-05-26;43,3;66;;jah
2005-05-27;42,6;64;;jah
2005-05-28;41,1;61;;jah
2005-05-29;40;59;;jah
2005-05-30;39,9;59;;jah
2005-05-31;41,2;62;;jah
2005-06-01;45;70;;jah
2005-06-02;59,4;95;;jah
2005-06-03;64,3;101;;jah
2005-06-04;58,9;92;;jah
2005-06-05;58;91;;jah
2005-06-06;61;96;;jah
2005-06-07;56,1;88;;jah
2005-06-08;48,6;76;;jah
2005-06-09;41,1;64;;jah
2005-06-10;36,3;55;;jah
2005-06-11;32,7;47;;jah
2005-06-12;31,6;47;;jah
2005-06-13;33,9;57;;jah
2005-06-14;34,4;60;;jah
2005-06-15;31,4;52;;jah
2005-06-16;27,9;44;;jah
2005-06-17;25,5;38;;jah
2005-06-18;23,6;34;;jah
2005-06-19;22,9;34;;jah
2005-06-20;22,6;35;;jah
2005-06-21;21,7;34;;jah
2005-06-22;19,7;28;;jah
2005-06-23;17,9;23;;jah
2005-06-24;16,8;21;;jah
2005-06-25;16;19;;jah
2005-06-26;15,2;18;;jah
2005-06-27;14,5;17;;jah
2005-06-28;13,9;17;;jah
2005-06-29;13,3;16;;jah
2005-06-30;12,7;16;;jah
2005-07-01;12,5;17;;jah
2005-07-02;12,4;17;;jah
2005-07-03;12,2;17;;jah
2005-07-04;11,8;16;;jah
2005-07-05;11,6;16;;jah
2005-07-06;11,3;15;;jah
2005-07-07;10,9;14;;jah
2005-07-08;10,6;13;;jah
2005-07-09;10,4;12;;jah
2005-07-10;10,1;10;;jah
2005-07-11;9,88;9;;jah
2005-07-12;9,67;8;;jah
2005-07-13;9,47;7;;jah
2005-07-14;9,27;6;;jah
2005-07-15;9,21;6;;jah
2005-07-16;9,1;6;;jah
2005-07-17;8,97;5;;jah
2005-07-18;8,92;5;;jah
2005-07-19;8,75;4;;jah
2005-07-20;8,88;6;;jah
2005-07-21;9,07;7;;jah
2005-07-22;9,1;8;;jah
2005-07-23;8,98;7;;jah
2005-07-24;9,14;9;;jah
2005-07-25;9,31;10;;jah
2005-07-26;9,73;14;;jah
2005-07-27;9,81;14;;jah
2005-07-28;9,96;13;;jah
2005-07-29;10,5;13;;jah
2005-07-30;11,2;13;;jah
2005-07-31;12,1;15;;jah
2005-08-01;12,7;14;;jah
2005-08-02;13,7;16;;jah
2005-08-03;14,5;16;;jah
2005-08-04;15;15;;jah
2005-08-05;15,7;16;;jah
2005-08-06;16,8;18;;jah
2005-08-07;19,4;26;;jah
2005-08-08;24,7;43;;jah
2005-08-09;40,2;86;;jah
2005-08-10;47,6;94;;jah
2005-08-11;71,5;132;;jah
2005-08-12;113;184;;jah
2005-08-13;148;224;;jah
2005-08-14;161;230;;jah
2005-08-15;156;221;;jah
2005-08-16;145;208;;jah
2005-08-17;128;190;;jah
2005-08-18;109;168;;jah
2005-08-19;94,2;151;;jah
2005-08-20;71,6;123;;jah
2005-08-21;56,3;104;;jah
2005-08-22;45,2;85;;jah
2005-08-23;35;65;;jah
2005-08-24;30,1;54;;jah
2005-08-25;26,8;45;;jah
2005-08-26;24,8;40;;jah
2005-08-27;26,5;49;;jah
2005-08-28;27,3;52;;jah
2005-08-29;27,6;55;;jah
2005-08-30;27,4;56;;jah
2005-08-31;25,5;50;;jah
2005-09-01;23,4;45;;jah
2005-09-02;20,9;36;;jah
2005-09-03;19,3;31;;jah
2005-09-04;18,1;27;;jah
2005-09-05;17;24;;jah
2005-09-06;16,3;23;;jah
2005-09-07;15,5;21;;jah
2005-09-08;15,2;20;;jah
2005-09-09;15,1;19;;jah
2005-09-10;14,9;17;;jah
2005-09-11;14,7;16;;jah
2005-09-12;14,5;14;;jah
2005-09-13;15,1;17;;jah
2005-09-14;15,8;20;;jah
2005-09-15;16,4;22;;jah
2005-09-16;16,8;24;;jah
2005-09-17;17,3;25;;jah
2005-09-18;17,3;25;;jah
2005-09-19;17,3;24;;jah
2005-09-20;17,2;23;;jah
2005-09-21;17,2;23;;jah
2005-09-22;17;22;;jah
2005-09-23;16,8;21;;jah
2005-09-24;16,5;20;;jah
2005-09-25;16;18;;jah
2005-09-26;15,8;17;;jah
2005-09-27;15,4;15;;jah
2005-09-28;15,2;14;;jah
2005-09-29;15,3;15;;jah
2005-09-30;16,1;19;;jah
2005-10-01;17,6;26;;jah
2005-10-02;19,7;36;;jah
2005-10-03;20,1;37;;jah
2005-10-04;19,7;36;;jah
2005-10-05;19,2;33;;jah
2005-10-06;18,3;29;;jah
2005-10-07;17,4;25;;jah
2005-10-08;16,9;23;;jah
2005-10-09;16,7;23;;jah
2005-10-10;16,5;22;;jah
2005-10-11;16,1;20;;jah
2005-10-12;15,9;19;;jah
2005-10-13;15,9;18;;jah
2005-10-14;16,3;17;;jah
2005-10-15;16,7;17;;jah
2005-10-16;17,1;16;;jah
2005-10-17;17,5;16;;jah
2005-10-18;18;16;;jah
2005-10-19;18,8;17;;jah
2005-10-20;19,3;17;;jah
2005-10-21;19,7;16;;jah
2005-10-22;20,4;17;;jah
2005-10-23;22,3;22;;jah
2005-10-24;29,8;46;;jah
2005-10-25;34,3;55;;jah
2005-10-26;43,8;73;;jah
2005-10-27;96,2;150;;jah
2005-10-28;119;168;;jah
2005-10-29;124;155;;jah
2005-10-30;103;131;;jah
2005-10-31;85,3;116;;jah
2005-11-01;71,5;99;;jah
2005-11-02;62,5;87;;jah
2005-11-03;55,1;76;;jah
2005-11-04;49,9;68;;jah
2005-11-05;46,9;63;;jah
2005-11-06;45,8;62;;jah
2005-11-07;48,5;67;;jah
2005-11-08;51,2;71;;jah
2005-11-09;51,7;71;;jah
2005-11-10;49,7;68;;jah
2005-11-11;48,1;65;;jah
2005-11-12;46,4;63;;jah
2005-11-13;47,7;65;;jah
2005-11-14;57,8;82;;jah
2005-11-15;104;140;;jah
2005-11-16;182;216;;jah
2005-11-17;182;210;;jah
2005-11-18;167;195;;jah
2005-11-19;147;175;;jah
2005-11-20;115;142;;jah
2005-11-21;96,7;126;;jah
2005-11-22;83,2;113;;jah
2005-11-23;70,5;97;;jah
2005-11-24;59,9;83;;jah
2005-11-25;52,8;72;;jah
2005-11-26;51,8;71;;jah
2005-11-27;50,2;69;;jah
2005-11-28;52,2;72;;jah
2005-11-29;66,7;95;;jah
2005-11-30;84,2;117;;jah
2005-12-01;77,9;115;;jah
2005-12-02;76,2;110;;jah
2005-12-03;75,5;109;;jah
2005-12-04;74,8;97;;jah
2005-12-05;74,7;89;;jah
2005-12-06;75,3;92;;jah
2005-12-07;75,9;80;;jah
2005-12-08;76,4;68;;jah
2005-12-09;77;61;;jah
2005-12-10;77,6;66;;jah
2005-12-11;78,1;69;;jah
2005-12-12;78,7;83;;jah
2005-12-13;79,2;87;;jah
2005-12-14;79,8;100;;jah
2005-12-15;79,9;105;;jah
2005-12-16;79,7;115;;jah
2005-12-17;79,4;128;;jah
2005-12-18;79,2;119;;jah
2005-12-19;79;104;;jah
2005-12-20;78,7;94;;jah
2005-12-21;78,5;92;;jah
2005-12-22;78,2;90;;jah
2005-12-23;78;94;;jah
2005-12-24;77,8;102;;jah
2005-12-25;77,5;105;;jah
2005-12-26;77,3;99;;jah
2005-12-27;77;96;;jah
2005-12-28;76,8;99;;jah
2005-12-29;76,6;107;;jah
2005-12-30;76,4;112;;jah
2005-12-31;76,2;109;;jah
2006-01-01;63,4;97;;jah
2006-01-02;58,1;91;;jah
2006-01-03;57,8;95;;jah
2006-01-04;52,1;87;;jah
2006-01-05;46,4;79;;jah
2006-01-06;42,6;75;;jah
2006-01-07;38,5;69;;jah
2006-01-08;35,2;65;;jah
2006-01-09;32,1;61;;jah
2006-01-10;29,3;58;;jah
2006-01-11;26,6;54;;jah
2006-01-12;25,4;55;;jah
2006-01-13;24,9;57;;jah
2006-01-14;24,8;61;;jah
2006-01-15;23,9;62;;jah
2006-01-16;22,5;62;;jah
2006-01-17;20,8;61;;jah
2006-01-18;19,2;57;;jah
2006-01-19;18;65;;jah
2006-01-20;16,7;90;;jah
2006-01-21;15,5;102;;jah
2006-01-22;14,2;102;;jah
2006-01-23;12,9;98;;jah
2006-01-24;12,7;74;;jah
2006-01-25;12,8;61;;jah
2006-01-26;13,5;61;;jah
2006-01-27;13,2;54;;jah
2006-01-28;12,5;47;;jah
2006-01-29;12,4;44;;jah
2006-01-30;12,7;42;;jah
2006-01-31;13,1;42;;jah
2006-02-01;13,3;40;;jah
2006-02-02;13,3;38;;jah
2006-02-03;13,1;35;;jah
2006-02-04;13,2;33;;jah
2006-02-05;13,2;31;;jah
2006-02-06;12,4;27;;jah
2006-02-07;11,7;23;;jah
2006-02-08;11,9;23;;jah
2006-02-09;11,1;19;;jah
2006-02-10;10,2;16;;jah
2006-02-11;10,3;17;;jah
2006-02-12;10,5;17;;jah
2006-02-13;10,7;18;;jah
2006-02-14;10,9;19;;jah
2006-02-15;11,1;19;;jah
2006-02-16;11,2;19;;jah
2006-02-17;11,2;19;;jah
2006-02-18;11,1;19;;jah
2006-02-19;10,9;18;;jah
2006-02-20;10,8;18;;jah
2006-02-21;10,7;17;;jah
2006-02-22;10,8;18;;jah
2006-02-23;11;18;;jah
2006-02-24;11;18;;jah
2006-02-25;11;18;;jah
2006-02-26;10,9;18;;jah
2006-02-27;10,8;17;;jah
2006-02-28;10,8;17;;jah
2006-03-01;10,4;15;;jah
2006-03-02;10;14;;jah
2006-03-03;10,1;15;;jah
2006-03-04;10,3;15;;jah
2006-03-05;10,5;16;;jah
2006-03-06;10,6;17;;jah
2006-03-07;11;18;;jah
2006-03-08;11;18;;jah
2006-03-09;10,9;18;;jah
2006-03-10;10,9;18;;jah
2006-03-11;10,9;18;;jah
2006-03-12;10,9;18;;jah
2006-03-13;10,7;18;;jah
2006-03-14;10,5;17;;jah
2006-03-15;10,5;17;;jah
2006-03-16;10,5;17;;jah
2006-03-17;10,4;17;;jah
2006-03-18;9,97;15;;jah
2006-03-19;9,92;15;;jah
2006-03-20;9,9;15;;jah
2006-03-21;10,3;16;;jah
2006-03-22;11;16;;jah
2006-03-23;11,4;15;;jah
2006-03-24;11,9;15;;jah
2006-03-25;12,5;15;;jah
2006-03-26;13,1;15;;jah
2006-03-27;13,6;15;;jah
2006-03-28;14,4;16;;jah
2006-03-29;17,4;22;;jah
2006-03-30;32,5;54;;jah
2006-03-31;67;114;;jah
2006-04-01;131;200;;jah
2006-04-02;165;225;;jah
2006-04-03;166;219;;jah
2006-04-04;175;226;;jah
2006-04-05;195;240;;jah
2006-04-06;199;237;;jah
2006-04-07;195;226;;jah
2006-04-08;197;224;;jah
2006-04-09;209;234;;jah
2006-04-10;214;236;;jah
2006-04-11;219;239;;jah
2006-04-12;194;213;;jah
2006-04-13;160;185;;jah
2006-04-14;141;166;;jah
2006-04-15;127;153;;jah
2006-04-16;116;142;;jah
2006-04-17;106;131;;jah
2006-04-18;100;125;;jah
2006-04-19;93,8;118;;jah
2006-04-20;86,8;110;;jah
2006-04-21;91,4;117;;jah
2006-04-22;97,1;122;;jah
2006-04-23;90,7;114;;jah
2006-04-24;81;103;;jah
2006-04-25;74,5;96;;jah
2006-04-26;68,9;90;;jah
2006-04-27;63,9;84;;jah
2006-04-28;59,4;78;;jah
2006-04-29;55,9;74;;jah
2006-04-30;51,7;68;;jah
2006-05-01;48,5;64;;jah
2006-05-02;45,8;60;;jah
2006-05-03;43,2;55;;jah
2006-05-04;40,8;52;;jah
2006-05-05;38,2;49;;jah
2006-05-06;36,4;47;;jah
2006-05-07;34,8;45;;jah
2006-05-08;33;42;;jah
2006-05-09;31;40;;jah
2006-05-10;29,3;37;;jah
2006-05-11;28,3;36;;jah
2006-05-12;26,7;34;;jah
2006-05-13;25,5;32;;jah
2006-05-14;24,4;30;;jah
2006-05-15;23,7;29;;jah
2006-05-16;22,3;26;;jah
2006-05-17;21,7;25;;jah
2006-05-18;21,1;24;;jah
2006-05-19;21;24;;jah
2006-05-20;21,1;25;;jah
2006-05-21;22,7;28;;jah
2006-05-22;24;31;;jah
2006-05-23;24,6;32;;jah
2006-05-24;25;33;;jah
2006-05-25;24,2;31;;jah
2006-05-26;23,4;30;;jah
2006-05-27;22,6;29;;jah
2006-05-28;21,5;27;;jah
2006-05-29;20,6;26;;jah
2006-05-30;20;26;;jah
2006-05-31;18,9;24;;jah
2006-06-01;18,4;24;;jah
2006-06-02;17,7;23;;jah
2006-06-03;17,8;24;;jah
2006-06-04;18,9;28;;jah
2006-06-05;18,7;28;;jah
2006-06-06;17,9;27;;jah
2006-06-07;17,1;26;;jah
2006-06-08;16,2;24;;jah
2006-06-09;15,6;24;;jah
2006-06-10;14,7;22;;jah
2006-06-11;14;21;;jah
2006-06-12;13,2;20;;jah
2006-06-13;12,3;17;;jah
2006-06-14;11,8;16;;jah
2006-06-15;11,5;16;;jah
2006-06-16;10,8;13;;jah
2006-06-17;10,4;12;;jah
2006-06-18;9,98;11;;jah
2006-06-19;9,5;10;;jah
2006-06-20;9,1;9;;jah
2006-06-21;8,51;7;;jah
2006-06-22;8,26;6;;jah
2006-06-23;8,63;8;;jah
2006-06-24;8,85;9;;jah
2006-06-25;9,96;14;;jah
2006-06-26;10,1;15;;jah
2006-06-27;9,68;14;;jah
2006-06-28;9,13;13;;jah
2006-06-29;8,53;11;;jah
2006-06-30;7,98;10;;jah
2006-07-01;7,32;8;;jah
2006-07-02;6,88;7;;jah
2006-07-03;6,47;6;;jah
2006-07-04;5,98;4;;jah
2006-07-05;5,61;3;;jah
2006-07-06;5,24;2;;jah
2006-07-07;4,82;1;;jah
2006-07-08;4,6;0;;jah
2006-07-09;4,42;-1;;jah
2006-07-10;4,3;-1;;jah
2006-07-11;4,1;-2;;jah
2006-07-12;3,97;-3;;jah
2006-07-13;3,8;-4;;jah
2006-07-14;3,76;-4;;jah
2006-07-15;3,59;-5;;jah
2006-07-16;3,48;-5;;jah
2006-07-17;3,36;-6;;jah
2006-07-18;3,34;-6;;jah
2006-07-19;3,33;-6;;jah
2006-07-20;3,24;-6;;jah
2006-07-21;3,05;-7;;jah
2006-07-22;2,98;-8;;jah
2006-07-23;2,96;-8;;jah
2006-07-24;3;-8;;jah
2006-07-25;3,18;-8;;jah
2006-07-26;3,41;-7;;jah
2006-07-27;3,42;-7;;jah
2006-07-28;3,37;-8;;jah
2006-07-29;3,53;-7;;jah
2006-07-30;3,72;-7;;jah
2006-07-31;3,79;-7;;jah
2006-08-01;3,77;-7;;jah
2006-08-02;3,71;-8;;jah
2006-08-03;3,89;-7;;jah
2006-08-04;4,73;-3;;jah
2006-08-05;5,02;-2;;jah
2006-08-06;5,13;-2;;jah
2006-08-07;5,11;-2;;jah
2006-08-08;5,09;-2;;jah
2006-08-09;5,08;-2;;jah
2006-08-10;4,96;-2;;jah
2006-08-11;4,53;-4;;jah
2006-08-12;4,36;-5;;jah
2006-08-13;4,24;-5;;jah
2006-08-14;3,9;-7;;jah
2006-08-15;3,67;-8;;jah
2006-08-16;3,64;-8;;jah
2006-08-17;3,62;-8;;jah
2006-08-18;3,61;-8;;jah
2006-08-19;3,6;-8;;jah
2006-08-20;3,57;-8;;jah
2006-08-21;3,47;-8;;jah
2006-08-22;3,84;-6;;jah
2006-08-23;4,15;-5;;jah
2006-08-24;3,97;-6;;jah
2006-08-25;4,11;-5;;jah
2006-08-26;4,43;-3;;jah
2006-08-27;4,72;-2;;jah
2006-08-28;4,72;-2;;jah
2006-08-29;4,62;-2;;jah
2006-08-30;4,48;-3;;jah
2006-08-31;4,38;-3;;jah
2006-09-01;4,41;-3;;jah
2006-09-02;4,25;-4;;jah
2006-09-03;4,39;-3;;jah
2006-09-04;4,58;-2;;jah
2006-09-05;4,76;-1;;jah
2006-09-06;4,93;0;;jah
2006-09-07;5,03;1;;jah
2006-09-08;5,29;2;;jah
2006-09-09;5,21;2;;jah
2006-09-10;4,81;0;;jah
2006-09-11;4,49;-2;;jah
2006-09-12;4,46;-2;;jah
2006-09-13;4,37;-2;;jah
2006-09-14;4,25;-3;;jah
2006-09-15;4,16;-3;;jah
2006-09-16;3,96;-4;;jah
2006-09-17;3,84;-5;;jah
2006-09-18;3,83;-5;;jah
2006-09-19;3,74;-5;;jah
2006-09-20;3,63;-6;;jah
2006-09-21;3,62;-6;;jah
2006-09-22;3,61;-6;;jah
2006-09-23;3,61;-6;;jah
2006-09-24;3,6;-6;;jah
2006-09-25;3,51;-6;;jah
2006-09-26;3,4;-7;;jah
2006-09-27;3,42;-7;15,1;jah
2006-09-28;3,46;-7;14,6;jah
2006-09-29;3,51;-7;14,6;jah
2006-09-30;3,55;-7;14,5;jah
2006-10-01;3,6;-7;14,2;jah
2006-10-02;3,73;-7;14,4;jah
2006-10-03;3,99;-5;14,2;jah
2006-10-04;4,26;-4;14,2;jah
2006-10-05;4,71;-2;14,1;jah
2006-10-06;5;-2;13,7;jah
2006-10-07;5,28;0;13,3;jah
2006-10-08;5,58;1;13,1;jah
2006-10-09;6,16;3;12,6;jah
2006-10-10;6,38;3;12,2;jah
2006-10-11;6,59;4;11,7;jah
2006-10-12;6,77;4;11,2;jah
2006-10-13;6,68;2;10,5;jah
2006-10-14;6,4;1;10,1;jah
2006-10-15;6,28;0;9,7;jah
2006-10-16;6,18;-1;9,4;jah
2006-10-17;6,29;-1;9,5;jah
2006-10-18;6,6;0;9,3;jah
2006-10-19;7,12;1;9,1;jah
2006-10-20;8,34;6;8,6;jah
2006-10-21;10,4;11;8,1;jah
2006-10-22;11;12;8,4;jah
2006-10-23;11,8;13;9,4;jah
2006-10-24;13,5;18;10,1;jah
2006-10-25;16,3;25;10,3;jah
2006-10-26;17,9;27;9,2;jah
2006-10-27;19,7;31;9,5;jah
2006-10-28;23,2;39;8,6;jah
2006-10-29;26,6;47;7,1;jah
2006-10-30;29,3;52;5,6;jah
2006-10-31;34,2;67;5;jah
2006-11-01;48,3;101;5;jah
2006-11-02;67,2;128;4,4;jah
2006-11-03;70,3;129;3,2;jah
2006-11-04;65;119;1,9;jah
2006-11-05;57,7;108;0,5;jah
2006-11-06;51,4;95;0;jah
2006-11-07;47,7;86;0,1;jah
2006-11-08;46,1;83;0,2;jah
2006-11-09;43,4;76;0,1;jah
2006-11-10;41,1;71;0,3;jah
2006-11-11;39,1;65;0,3;jah
2006-11-12;37;62;0,5;jah
2006-11-13;35,9;59;0,7;jah
2006-11-14;35;55;0,8;jah
2006-11-15;35,4;56;1,3;jah
2006-11-16;39,8;66;1,7;jah
2006-11-17;43,7;74;2,1;jah
2006-11-18;47;80;2,8;jah
2006-11-19;49,6;84;3,5;jah
2006-11-20;53,2;89;4;jah
2006-11-21;59,4;100;4,5;jah
2006-11-22;61,9;103;4,8;jah
2006-11-23;60,6;100;4,8;jah
2006-11-24;59,7;98;5;jah
2006-11-25;60,8;100;5,3;jah
2006-11-26;60,5;99;5,8;jah
2006-11-27;59;94;6;jah
2006-11-28;56,8;88;6,1;jah
2006-11-29;51,7;81;6,2;jah
2006-11-30;47,6;75;6,3;jah
2006-12-01;43,9;69;6,3;jah
2006-12-02;41,7;65;6,3;jah
2006-12-03;41,3;64;6,3;jah
2006-12-04;46,2;74;6,1;jah
2006-12-05;51,2;84;6,1;jah
2006-12-06;57,8;98;6,6;jah
2006-12-07;75,3;124;6,9;jah
2006-12-08;81,4;129;6,6;jah
2006-12-09;75,7;121;6,1;jah
2006-12-10;68,3;112;6,1;jah
2006-12-11;63,4;104;5,8;jah
2006-12-12;60,7;99;5,1;jah
2006-12-13;63,1;102;4,7;jah
2006-12-14;65,4;106;4,7;jah
2006-12-15;69,2;113;5,2;jah
2006-12-16;72,4;118;5,4;jah
2006-12-17;77,8;124;5,1;jah
2006-12-18;81;128;3,9;jah
2006-12-19;81;125;2,3;jah
2006-12-20;76,8;119;1,1;jah
2006-12-21;70,9;112;0,9;jah
2006-12-22;67,9;107;1;jah
2006-12-23;66,7;105;1;jah
2006-12-24;65,7;102;1,3;jah
2006-12-25;63,8;99;0,9;jah
2006-12-26;59,3;92;0,5;jah
2006-12-27;55,5;86;0,5;jah
2006-12-28;52,3;80;0,5;jah
2006-12-29;48,6;74;0,1;jah
2006-12-30;44,2;65;0,1;jah
2006-12-31;45,7;68;0,4;jah
2007-01-01;46,1;73;0,6;jah
2007-01-02;68,1;115;1,5;jah
2007-01-03;91,5;154;1,9;jah
2007-01-04;111;159;1,7;jah
2007-01-05;115;162;1,9;jah
2007-01-06;122;168;2,3;jah
2007-01-07;124;168;2,5;jah
2007-01-08;123;166;2,8;jah
2007-01-09;128;171;3,4;jah
2007-01-10;132;175;4,2;jah
2007-01-11;148;197;4,6;jah
2007-01-12;180;221;3,7;jah
2007-01-13;182;218;2,5;jah
2007-01-14;181;216;1,8;jah
2007-01-15;208;238;1,9;jah
2007-01-16;235;253;2,2;jah
2007-01-17;226;250;2,3;jah
2007-01-18;210;246;2,2;jah
2007-01-19;197;243;2,3;jah
2007-01-20;179;234;1,7;jah
2007-01-21;154;218;0,5;jah
2007-01-22;125;196;0;jah
2007-01-23;104;178;0;jah
2007-01-24;91,5;161;0;jah
2007-01-25;88,6;160;0;jah
2007-01-26;86,1;241;0;jah
2007-01-27;83,5;225;0;jah
2007-01-28;80,8;208;0;jah
2007-01-29;77,9;196;0;jah
2007-01-30;75;192;0;jah
2007-01-31;71,8;189;0;jah
2007-02-01;68,5;188;0;jah
2007-02-02;65,5;194;0;jah
2007-02-03;63,6;199;0;jah
2007-02-04;58,8;197;0;jah
2007-02-05;56;188;0;jah
2007-02-06;49,3;176;0;jah
2007-02-07;44,2;161;0;jah
2007-02-08;38,3;144;0;jah
2007-02-09;33,7;128;0;jah
2007-02-10;30,9;118;0;jah
2007-02-11;29,7;112;0;jah
2007-02-12;28,2;104;0;jah
2007-02-13;26,5;98;0;jah
2007-02-14;24,6;92;0;jah
2007-02-15;23,8;88;0;jah
2007-02-16;23,1;84;0;jah
2007-02-17;22;80;0;jah
2007-02-18;20,9;77;0;jah
2007-02-19;21,1;75;0;jah
2007-02-20;20,4;72;0;jah
2007-02-21;20;69;0;jah
2007-02-22;18,9;65;0;jah
2007-02-23;17,6;60;0;jah
2007-02-24;16,9;58;0;jah
2007-02-25;16,4;55;0;jah
2007-02-26;15,7;52;0;jah
2007-02-27;15,2;51;0;jah
2007-02-28;15,3;51;0;jah
2007-03-01;15,8;52;0;jah
2007-03-02;16,3;53;0;jah
2007-03-03;16,8;56;0;jah
2007-03-04;17,6;60;0;jah
2007-03-05;18,9;64;0;jah
2007-03-06;20,1;67;0;jah
2007-03-07;22,4;71;0;jah
2007-03-08;28,2;85;0;jah
2007-03-09;39,7;113;0;jah
2007-03-10;55,5;141;0;jah
2007-03-11;71,3;161;0;jah
2007-03-12;90,4;183;0;jah
2007-03-13;113;206;0;jah
2007-03-14;131;221;0;jah
2007-03-15;144;227;0;jah
2007-03-16;162;232;0;jah
2007-03-17;172;233;0;jah
2007-03-18;185;241;0;jah
2007-03-19;232;248;0;jah
2007-03-20;244;255;0;jah
2007-03-21;220;252;0,1;jah
2007-03-22;176;222;1,1;jah
2007-03-23;152;205;2,5;jah
2007-03-24;137;191;3,2;jah
2007-03-25;122;175;3,9;jah
2007-03-26;107;155;4,3;jah
2007-03-27;94;137;4,6;jah
2007-03-28;85,2;125;5;jah
2007-03-29;76,4;115;5,3;jah
2007-03-30;70;106;5,6;jah
2007-03-31;65,1;98;5,8;jah
2007-04-01;59,5;90;5,7;jah
2007-04-02;55,2;83;5,8;jah
2007-04-03;51,9;79;5,9;jah
2007-04-04;49,4;75;5,4;jah
2007-04-05;46,8;71;5;jah
2007-04-06;43,8;67;4,6;jah
2007-04-07;42;63;4;jah
2007-04-08;39,8;59;3,7;jah
2007-04-09;37;55;3,7;jah
2007-04-10;35;50;3,6;jah
2007-04-11;34,2;47;4,1;jah
2007-04-12;33;45;4,8;jah
2007-04-13;32;44;5,3;jah
2007-04-14;31;42;6,6;jah
2007-04-15;30;40;7,6;jah
2007-04-16;29,1;38;8,7;jah
2007-04-17;29;37;9,6;jah
2007-04-18;28,4;37;10;jah
2007-04-19;28;36;9,6;jah
2007-04-20;30,4;42;9,3;jah
2007-04-21;41,7;65;8,2;jah
2007-04-22;55,1;85;7,1;jah
2007-04-23;58,8;88;6,3;jah
2007-04-24;62,2;94;6,2;jah
2007-04-25;66,1;100;7;jah
2007-04-26;62,9;94;8,7;jah
2007-04-27;58,2;86;9,9;jah
2007-04-28;56,4;84;10,3;jah
2007-04-29;52,4;77;9,8;jah
2007-04-30;46,7;68;8,7;jah
2007-05-01;42,3;61;7,9;jah
2007-05-02;39,2;56;7;jah
2007-05-03;38,4;56;6,9;jah
2007-05-04;40;58;6,9;jah
2007-05-05;40,2;58;7,6;jah
2007-05-06;38,8;55;8,7;jah
2007-05-07;36,2;51;9,6;jah
2007-05-08;37,1;55;9,7;jah
2007-05-09;42;64;9,8;jah
2007-05-10;43;65;10;jah
2007-05-11;44;67;10,1;jah
2007-05-12;46,4;73;10,7;jah
2007-05-13;47,1;73;10,9;jah
2007-05-14;42,6;65;11,6;jah
2007-05-15;39,2;61;11,8;jah
2007-05-16;43,5;71;12,1;jah
2007-05-17;49,3;80;12,6;jah
2007-05-18;45,9;74;13,4;jah
2007-05-19;40,6;65;14,1;jah
2007-05-20;35,8;57;14,9;jah
2007-05-21;31,7;49;15,8;jah
2007-05-22;27,9;43;17;jah
2007-05-23;25,6;38;17,9;jah
2007-05-24;23,2;34;17,5;jah
2007-05-25;21,4;31;17,4;jah
2007-05-26;20;29;18,3;jah
2007-05-27;19,3;28;19,1;jah
2007-05-28;19,2;28;20,4;jah
2007-05-29;20;31;21,6;jah
2007-05-30;20,6;33;21,8;jah
2007-05-31;20,8;34;21,7;jah
2007-06-01;24,2;48;20,9;jah
2007-06-02;27,1;56;19,4;jah
2007-06-03;25,1;52;18,9;jah
2007-06-04;21,5;40;19,3;jah
2007-06-05;18;31;20,3;jah
2007-06-06;15,8;26;21,2;jah
2007-06-07;14,1;23;21,9;jah
2007-06-08;12,8;21;22,2;jah
2007-06-09;11,7;19;22,4;jah
2007-06-10;10,7;17;22,7;jah
2007-06-11;9,96;15;22,9;jah
2007-06-12;9,5;14;22,6;jah
2007-06-13;8,81;12;22,4;jah
2007-06-14;8,54;12;22,3;jah
2007-06-15;8,14;11;21,4;jah
2007-06-16;7,88;10;21,3;jah
2007-06-17;7,59;10;20,2;jah
2007-06-18;7,49;10;19,3;jah
2007-06-19;7,42;10;19,1;jah
2007-06-20;7,45;10;19,5;jah
2007-06-21;7,51;10;19,3;jah
2007-06-22;7,34;10;19,8;jah
2007-06-23;7,12;9;19,6;jah
2007-06-24;6,85;9;19,9;jah
2007-06-25;6,75;9;20,2;jah
2007-06-26;6,78;9;20,5;jah
2007-06-27;7;10;19,8;jah
2007-06-28;7,11;10;18,7;jah
2007-06-29;7,46;11;18,2;jah
2007-06-30;8,03;14;;jah
2007-07-01;8,1;13;19,5;jah
2007-07-02;7,92;12;20,5;jah
2007-07-03;7,71;11;21,2;jah
2007-07-04;7,51;10;21,1;jah
2007-07-05;7,3;9;21,6;jah
2007-07-06;7,2;8;21;jah
2007-07-07;6,99;8;20,8;jah
2007-07-08;6,98;8;20,5;jah
2007-07-09;7,33;10;20;jah
2007-07-10;7,93;12;19,8;jah
2007-07-11;8,25;13;19,5;jah
2007-07-12;8,56;16;19,6;jah
2007-07-13;8,73;17;20,1;jah
2007-07-14;8,6;17;20,2;jah
2007-07-15;8,38;16;19,8;jah
2007-07-16;7,94;15;19,9;jah
2007-07-17;7,61;13;20,6;jah
2007-07-18;7,2;12;21,6;jah
2007-07-19;6,77;10;20,9;jah
2007-07-20;6,47;9;20,5;jah
2007-07-21;6,25;8;20,6;jah
2007-07-22;5,53;6;20,9;jah
2007-07-23;5,06;5;20,3;jah
2007-07-24;5,06;5;20,3;jah
2007-07-25;5,1;6;19,9;jah
2007-07-26;5,47;7;20,1;jah
2007-07-27;5,37;6;20;jah
2007-07-28;5,46;7;19,9;jah
2007-07-29;5,95;10;19,6;jah
2007-07-30;6,64;11;19,1;jah
2007-07-31;6,79;12;18;jah
2007-08-01;7,33;14;17,8;jah
2007-08-02;8,58;21;18,6;jah
2007-08-03;8,77;19;19,3;jah
2007-08-04;7,77;15;19,8;jah
2007-08-05;7,04;12;20,2;jah
2007-08-06;6,63;10;20,9;jah
2007-08-07;6,24;8;21,7;jah
2007-08-08;5,94;7;22,1;jah
2007-08-09;5,77;5;22,8;jah
2007-08-10;5,27;4;23,3;jah
2007-08-11;5,05;3;23,4;jah
2007-08-12;4,75;2;23,8;jah
2007-08-13;4,56;0;24;jah
2007-08-14;4,47;-1;24,4;jah
2007-08-15;4,36;0;24,2;jah
2007-08-16;4,2;-2;23,9;jah
2007-08-17;4,49;0;23,4;jah
2007-08-18;4,33;-1;21,9;jah
2007-08-19;4,22;-2;21,2;jah
2007-08-20;4,24;-2;21,2;jah
2007-08-21;4,06;-2;20,8;jah
2007-08-22;4,06;-1;21,1;jah
2007-08-23;4,29;0;22,1;jah
2007-08-24;4,44;-1;22,3;jah
2007-08-25;4,15;-1;21,8;jah
2007-08-26;4,26;-1;20,9;jah
2007-08-27;4,63;1;19,7;jah
2007-08-28;5,01;3;18,4;jah
2007-08-29;6,03;5;17,2;jah
2007-08-30;6,07;5;16,3;jah
2007-08-31;5,97;5;15,9;jah
2007-09-01;6,32;6;15,4;jah
2007-09-02;6,62;6;14,7;jah
2007-09-03;6,82;7;14,8;jah
2007-09-04;7,72;11;15;jah
2007-09-05;8,42;13;15,3;jah
2007-09-06;8,64;12;15,3;jah
2007-09-07;8,73;12;15,1;jah
2007-09-08;8,65;11;14,6;jah
2007-09-09;8,33;9;14,2;jah
2007-09-10;8,07;7;13,7;jah
2007-09-11;7,54;5;13,6;jah
2007-09-12;7,24;4;13,4;jah
2007-09-13;7,34;4;13,2;jah
2007-09-14;7,24;4;13;jah
2007-09-15;7,74;5;13;jah
2007-09-16;8,1;5;12,6;jah
2007-09-17;8,25;6;12,5;jah
2007-09-18;9;7;12,7;jah
2007-09-19;16,9;36;12,5;jah
2007-09-20;31,8;70;11,5;jah
2007-09-21;46,1;100;11,4;jah
2007-09-22;48,3;97;11,5;jah
2007-09-23;43,2;86;11,7;jah
2007-09-24;38,2;75;11,8;jah
2007-09-25;33,6;64;11,9;jah
2007-09-26;29,7;54;11,8;jah
2007-09-27;26,1;45;12;jah
2007-09-28;23,2;37;12,2;jah
2007-09-29;20,4;30;12,8;jah
2007-09-30;18;26;13,3;jah
2007-10-01;17,1;24;13,4;jah
2007-10-02;17,5;25;13,6;jah
2007-10-03;19,1;30;13,4;jah
2007-10-04;23,6;42;13,2;jah
2007-10-05;29,4;54;12,7;jah
2007-10-06;32,1;59;12,4;jah
2007-10-07;32,8;59;11,7;jah
2007-10-08;33,9;62;11,1;jah
2007-10-09;36,5;72;10,3;jah
2007-10-10;41;75;9,5;jah
2007-10-11;41,3;72;8,6;jah
2007-10-12;42,7;75;7,9;jah
2007-10-13;57,1;104;7;jah
2007-10-14;69,4;119;6,1;jah
2007-10-15;77,1;130;6,2;jah
2007-10-16;97,2;153;7;jah
2007-10-17;99,5;150;8;jah
2007-10-18;105;157;8,7;jah
2007-10-19;107;156;8,2;jah
2007-10-20;103;150;7,1;jah
2007-10-21;101;148;5,8;jah
2007-10-22;99,7;144;4,6;jah
2007-10-23;94;135;3,7;jah
2007-10-24;85,4;123;3,6;jah
2007-10-25;75,9;111;3,9;jah
2007-10-26;66,4;99;4,4;jah
2007-10-27;57,7;88;5;jah
2007-10-28;51,7;79;5,5;jah
2007-10-29;47,3;71;6,1;jah
2007-10-30;44,7;66;6,7;jah
2007-10-31;42,1;63;7,1;jah
2007-11-01;43,5;67;7;jah
2007-11-02;48,5;77;6,6;jah
2007-11-03;52,3;84;5,5;jah
2007-11-04;54,9;88;4,4;jah
2007-11-05;55,2;88;3;jah
2007-11-06;53,3;85;2,2;jah
2007-11-07;50,8;81;1,7;jah
2007-11-08;48,5;78;1,5;jah
2007-11-09;52,9;82;1,9;jah
2007-11-10;66,3;101;2,5;jah
2007-11-11;80,3;120;2,9;jah
2007-11-12;84,1;123;2,8;jah
2007-11-13;79,7;117;2,2;jah
2007-11-14;73,4;108;1,6;jah
2007-11-15;68,1;99;1;jah
2007-11-16;61,7;91;0,9;jah
2007-11-17;59,5;88;0,6;jah
2007-11-18;57,6;85;0,6;jah
2007-11-19;56,5;83;1,1;jah
2007-11-20;58,7;88;1,7;jah
2007-11-21;63,1;95;2;jah
2007-11-22;64,1;96;2,1;jah
2007-11-23;63;94;2,2;jah
2007-11-24;66,5;101;2,1;jah
2007-11-25;68,5;103;1,7;jah
2007-11-26;69,2;104;1,5;jah
2007-11-27;71,6;108;1,5;jah
2007-11-28;70,7;106;1,2;jah
2007-11-29;68,2;101;0,7;jah
2007-11-30;65,6;97;0,4;jah
2007-12-01;60,9;91;0;jah
2007-12-02;59,1;88;0;jah
2007-12-03;64,3;98;0,2;jah
2007-12-04;79,3;123;0,7;jah
2007-12-05;109;159;1,2;jah
2007-12-06;133;179;1,8;jah
2007-12-07;143;190;2,5;jah
2007-12-08;154;203;3,2;jah
2007-12-09;171;219;3,6;jah
2007-12-10;174;219;3,5;jah
2007-12-11;164;207;3,4;jah
2007-12-12;150;192;3,3;jah
2007-12-13;132;175;2,4;jah
2007-12-14;113;157;1,4;jah
2007-12-15;95,7;138;0,6;jah
2007-12-16;82;124;0,6;jah
2007-12-17;75,5;112;0,9;jah
2007-12-18;68,8;103;1,3;jah
2007-12-19;65;97;1,7;jah
2007-12-20;62,7;93;1,7;jah
2007-12-21;60,2;89;1,5;jah
2007-12-22;57;84;1,6;jah
2007-12-23;54,6;80;1,6;jah
2007-12-24;51,8;77;1,7;jah
2007-12-25;49,9;75;1,9;jah
2007-12-26;49,6;74;1,8;jah
2007-12-27;49;72;1,6;jah
2007-12-28;48,9;71;1,4;jah
2007-12-29;52,7;78;1,8;jah
2007-12-30;62,9;96;2,2;jah
2007-12-31;67,7;103;2,3;jah
2008-01-01;67,8;100;1,9;jah
2008-01-02;63,9;93;1,2;jah
2008-01-03;50,8;72;0,1;jah
2008-01-04;34,1;50;0;jah
2008-01-05;36,3;77;0;jah
2008-01-06;39,4;105;0;jah
2008-01-07;42,5;113;0;jah
2008-01-08;46;108;0;jah
2008-01-09;50,1;101;0;jah
2008-01-10;54,1;92;0;jah
2008-01-11;56,8;84;0;jah
2008-01-12;63,3;93;0;jah
2008-01-13;71,8;104;0;jah
2008-01-14;74,8;108;0;jah
2008-01-15;74,8;106;0;jah
2008-01-16;70,7;100;0;jah
2008-01-17;67,4;96;0;jah
2008-01-18;67;96;0;jah
2008-01-19;81,5;113;0;jah
2008-01-20;138;181;0;jah
2008-01-21;161;198;0,1;jah
2008-01-22;160;197;0,3;jah
2008-01-23;150;186;0,3;jah
2008-01-24;137;172;0,1;jah
2008-01-25;128;162;0,2;jah
2008-01-26;131;167;0,3;jah
2008-01-27;131;165;0,2;jah
2008-01-28;122;153;0;jah
2008-01-29;111;143;0,2;jah
2008-01-30;106;137;0,6;jah
2008-01-31;115;150;1;jah
2008-02-01;120;156;0,8;jah
2008-02-02;116;150;0,7;jah
2008-02-03;118;150;0,4;jah
2008-02-04;123;158;0,5;jah
2008-02-05;128;161;0,4;jah
2008-02-06;124;157;0,8;jah
2008-02-07;124;158;1,2;jah
2008-02-08;127;162;1,5;jah
2008-02-09;127;163;1,9;jah
2008-02-10;127;163;2,2;jah
2008-02-11;136;173;2,4;jah
2008-02-12;147;184;2,2;jah
2008-02-13;148;183;1,8;jah
2008-02-14;142;176;1,1;jah
2008-02-15;125;160;0;jah
2008-02-16;100;131;0;jah
2008-02-17;94,3;126;0;jah
2008-02-18;89,6;122;0;jah
2008-02-19;81,1;110;0;jah
2008-02-20;69,6;98;0;jah
2008-02-21;65,5;91;0,2;jah
2008-02-22;62,7;88;0,6;jah
2008-02-23;88,9;120;0,9;jah
2008-02-24;112;146;1;jah
2008-02-25;127;164;1,5;jah
2008-02-26;139;176;1,5;jah
2008-02-27;152;189;1,9;jah
2008-02-28;182;218;2,3;jah
2008-02-29;196;226;1,8;jah
2008-03-01;191;221;1,4;jah
2008-03-02;186;218;1,5;jah
2008-03-03;183;214;1,4;jah
2008-03-04;170;203;1,1;jah
2008-03-05;154;187;0,5;jah
2008-03-06;138;170;0,1;jah
2008-03-07;126;160;0,2;jah
2008-03-08;114;147;0,3;jah
2008-03-09;105;137;0,8;jah
2008-03-10;103;138;1,6;jah
2008-03-11;111;148;2,4;jah
2008-03-12;120;155;2,9;jah
2008-03-13;125;162;3,3;jah
2008-03-14;136;173;3,5;jah
2008-03-15;138;173;3,5;jah
2008-03-16;134;169;3,2;jah
2008-03-17;126;161;2,7;jah
2008-03-18;118;153;2,4;jah
2008-03-19;110;144;2,3;jah
2008-03-20;101;134;2;jah
2008-03-21;91,2;123;1,5;jah
2008-03-22;82,7;112;1,1;jah
2008-03-23;77;104;1;jah
2008-03-24;70,3;95;0,7;jah
2008-03-25;64,2;88;0,5;jah
2008-03-26;59,7;82;0,1;jah
2008-03-27;55,3;77;0,4;jah
2008-03-28;55;77;0,9;jah
2008-03-29;53,7;76;1,4;jah
2008-03-30;56;88;2,4;jah
2008-03-31;80,2;115;3;jah
2008-04-01;98,7;133;3,7;jah
2008-04-02;109;143;4,1;jah
2008-04-03;111;145;4,9;jah
2008-04-04;109;142;6,1;jah
2008-04-05;103;136;6,6;jah
2008-04-06;96;126;6,5;jah
2008-04-07;88,4;118;6,7;jah
2008-04-08;88,7;119;7;jah
2008-04-09;106;145;6,7;jah
2008-04-10;126;163;6,3;jah
2008-04-11;131;167;6,2;jah
2008-04-12;128;163;6,3;jah
2008-04-13;131;168;6,4;jah
2008-04-14;137;173;6,7;jah
2008-04-15;131;166;7,8;jah
2008-04-16;122;155;8,5;jah
2008-04-17;110;142;8,3;jah
2008-04-18;101;133;7,5;jah
2008-04-19;95,5;127;7,1;jah
2008-04-20;88,7;119;7,6;jah
2008-04-21;79,5;110;8;jah
2008-04-22;69;101;8,4;jah
2008-04-23;66,8;92;8,7;jah
2008-04-24;60,3;84;9,1;jah
2008-04-25;54,7;77;9,6;jah
2008-04-26;49;70;10,1;jah
2008-04-27;44;64;10,9;jah
2008-04-28;38,6;59;11,7;jah
2008-04-29;35,9;54;12,4;jah
2008-04-30;33,6;50;13;jah
2008-05-01;31,5;47;13,3;jah
2008-05-02;29,9;44;13,6;jah
2008-05-03;28,3;42;14,5;jah
2008-05-04;26,6;40;15,2;jah
2008-05-05;25,6;38;14,7;jah
2008-05-06;25,9;38;13,9;jah
2008-05-07;25;37;13,7;jah
2008-05-08;24;35;13,4;jah
2008-05-09;23,4;35;13,5;jah
2008-05-10;22,6;33;13,8;jah
2008-05-11;21,5;32;14,6;jah
2008-05-12;20,5;30;14,6;jah
2008-05-13;20;29;13,6;jah
2008-05-14;19,2;28;13,1;jah
2008-05-15;18,7;27;12,5;jah
2008-05-16;18,1;26;12,3;jah
2008-05-17;17,6;26;12,5;jah
2008-05-18;17,2;26;12,5;jah
2008-05-19;17,3;28;12,2;jah
2008-05-20;17,7;31;12,3;jah
2008-05-21;17,5;30;13,1;jah
2008-05-22;16,6;28;13,8;jah
2008-05-23;15,5;26;14,3;jah
2008-05-24;14,7;24;14,4;jah
2008-05-25;14,2;22;14,6;jah
2008-05-26;13,6;21;15,1;jah
2008-05-27;13,1;19;15,6;jah
2008-05-28;12,5;19;15,8;jah
2008-05-29;12,1;18;16,3;jah
2008-05-30;11,7;17;17,2;jah
2008-05-31;11,2;17;18,2;jah
2008-06-01;10,8;16;18,7;jah
2008-06-02;10,4;15;19;jah
2008-06-03;9,94;14;19;jah
2008-06-04;9,54;14;19,2;jah
2008-06-05;9,11;13;19,5;jah
2008-06-06;8,74;12;19,9;jah
2008-06-07;8,37;12;20,3;jah
2008-06-08;8,03;11;20;jah
2008-06-09;7,67;11;19,8;jah
2008-06-10;7,34;10;19,1;jah
2008-06-11;6,94;10;18,4;jah
2008-06-12;6,88;10;17,9;jah
2008-06-13;7,24;10;18,1;jah
2008-06-14;7,9;12;17,7;jah
2008-06-15;8,39;12;17,5;jah
2008-06-16;8,73;13;18;jah
2008-06-17;9,34;14;18;jah
2008-06-18;10,3;18;17,8;jah
2008-06-19;11,6;24;18;jah
2008-06-20;13,8;33;18,6;jah
2008-06-21;15,1;36;18,3;jah
2008-06-22;15,6;35;18,5;jah
2008-06-23;16,8;39;18,2;jah
2008-06-24;18,4;41;16,9;jah
2008-06-25;20,4;48;16,8;jah
2008-06-26;26,9;67;17,1;jah
2008-06-27;30,4;72;17;jah
2008-06-28;30,1;72;16,7;jah
2008-06-29;27,9;65;16,8;jah
2008-06-30;26;60;17,2;jah
2008-07-01;24,9;57;17,4;jah
2008-07-02;25;58;17,5;jah
2008-07-03;26;61;17,7;jah
2008-07-04;25,9;59;18;jah
2008-07-05;25,5;61;18,7;jah
2008-07-06;26,2;63;18,7;jah
2008-07-07;24,9;57;18,2;jah
2008-07-08;23,6;52;17,9;jah
2008-07-09;23,1;53;17,9;jah
2008-07-10;22,3;53;18;jah
2008-07-11;22,2;53;18,6;jah
2008-07-12;22,1;54;18,8;jah
2008-07-13;22,4;56;18,9;jah
2008-07-14;22,6;56;18,6;jah
2008-07-15;22;55;18,6;jah
2008-07-16;21;53;18,7;jah
2008-07-17;20,2;51;18,3;jah
2008-07-18;19,6;50;18,6;jah
2008-07-19;19,1;48;19;jah
2008-07-20;17,9;44;19,1;jah
2008-07-21;16,7;40;18,9;jah
2008-07-22;15,7;37;19;jah
2008-07-23;14,6;34;19,5;jah
2008-07-24;15;39;20,1;jah
2008-07-25;14,9;37;20,6;jah
2008-07-26;13,5;32;20,9;jah
2008-07-27;12,3;28;21,4;jah
2008-07-28;11,5;25;21,4;jah
2008-07-29;10,9;22;21;jah
2008-07-30;10,3;19;20,7;jah
2008-07-31;10,1;17;20,4;jah
2008-08-01;10,4;16;20,4;jah
2008-08-02;11,1;15;21,2;jah
2008-08-03;12;16;21,1;jah
2008-08-04;13,5;19;20,4;jah
2008-08-05;28,6;63;18,6;jah
2008-08-06;74,8;158;16,4;jah
2008-08-07;93;180;15,1;jah
2008-08-08;91,2;173;15,4;jah
2008-08-09;87,1;164;16,1;jah
2008-08-10;82,4;156;16,6;jah
2008-08-11;78;148;16,6;jah
2008-08-12;73,9;141;16,7;jah
2008-08-13;71,8;140;16,7;jah
2008-08-14;77,7;151;16,9;jah
2008-08-15;77,6;146;17,1;jah
2008-08-16;67,9;129;17,2;jah
2008-08-17;59,9;114;17,7;jah
2008-08-18;53,4;102;17,6;jah
2008-08-19;47,4;92;17,5;jah
2008-08-20;43,3;85;17,5;jah
2008-08-21;40;78;17,5;jah
2008-08-22;38,7;75;17,6;jah
2008-08-23;40,6;83;17,4;jah
2008-08-24;47,1;96;16,6;jah
2008-08-25;54,3;102;16;jah
2008-08-26;57,3;106;15,8;jah
2008-08-27;57,5;104;15,4;jah
2008-08-28;61,1;113;15,4;jah
2008-08-29;77,2;138;14,8;jah
2008-08-30;91,9;152;14,2;jah
2008-08-31;91,5;150;13,6;jah
2008-09-01;88,6;146;12,8;jah
2008-09-02;86,1;140;12,4;jah
2008-09-03;86,5;140;12,7;jah
2008-09-04;92,3;151;13,3;jah
2008-09-05;100;159;13,7;jah
2008-09-06;99,2;154;13,6;jah
2008-09-07;94;144;14,1;jah
2008-09-08;90,4;135;14,3;jah
2008-09-09;99,4;153;14,1;jah
2008-09-10;120;182;13,7;jah
2008-09-11;137;192;12,6;jah
2008-09-12;133;183;11,5;jah
2008-09-13;122;171;10,6;jah
2008-09-14;111;159;10;jah
2008-09-15;101;146;9,8;jah
2008-09-16;90,2;132;9,4;jah
2008-09-17;79,3;118;9,1;jah
2008-09-18;70,1;106;9;jah
2008-09-19;62,1;96;8,8;jah
2008-09-20;55,4;87;8,9;jah
2008-09-21;51,3;80;9;jah
2008-09-22;47,3;73;9,6;jah
2008-09-23;42,6;67;9,7;jah
2008-09-24;39,8;62;9,9;jah
2008-09-25;37,6;57;9,8;jah
2008-09-26;35,2;52;9,7;jah
2008-09-27;32,4;49;9,9;jah
2008-09-28;30,5;46;10;jah
2008-09-29;29,9;43;9,6;jah
2008-09-30;29,4;42;9,4;jah
2008-10-01;28,3;41;9,2;jah
2008-10-02;28,8;46;9,2;jah
2008-10-03;38,2;77;9,4;jah
2008-10-04;62,8;101;9,2;jah
2008-10-05;63,9;98;9;jah
2008-10-06;59,5;90;9;jah
2008-10-07;54,9;83;8,9;jah
2008-10-08;51,5;77;8,8;jah
2008-10-09;47,7;71;8,5;jah
2008-10-10;42,6;66;8,5;jah
2008-10-11;40,8;62;8,7;jah
2008-10-12;41,3;64;9,1;jah
2008-10-13;42,7;67;9;jah
2008-10-14;43,7;68;9,5;jah
2008-10-15;44,3;69;9,2;jah
2008-10-16;44,3;67;9,1;jah
2008-10-17;48,2;75;8,9;jah
2008-10-18;54,5;87;8,5;jah
2008-10-19;64,7;100;8,2;jah
2008-10-20;89,9;131;8,2;jah
2008-10-21;96,1;133;8,4;jah
2008-10-22;89;123;8,8;jah
2008-10-23;80,7;113;8,6;jah
2008-10-24;73,8;106;8,1;jah
2008-10-25;67,6;99;7,9;jah
2008-10-26;64,1;94;7,6;jah
2008-10-27;72,3;105;7,5;jah
2008-10-28;114;164;7,6;jah
2008-10-29;151;197;7,5;jah
2008-10-30;167;212;7,3;jah
2008-10-31;196;235;7,4;jah
2008-11-01;213;246;7,3;jah
2008-11-02;209;241;6,4;jah
2008-11-03;193;231;5,7;jah
2008-11-04;178;220;5,5;jah
2008-11-05;165;207;5,6;jah
2008-11-06;153;193;5;jah
2008-11-07;139;178;3,8;jah
2008-11-08;125;163;2,6;jah
2008-11-09;110;148;2,5;jah
2008-11-10;98,9;134;3,3;jah
2008-11-11;93;130;4,7;jah
2008-11-12;96,6;133;5,9;jah
2008-11-13;94,1;129;6,3;jah
2008-11-14;90,3;122;6,2;jah
2008-11-15;93,3;126;6;jah
2008-11-16;112;151;6;jah
2008-11-17;122;161;5,4;jah
2008-11-18;119;155;3,9;jah
2008-11-19;111;146;2,6;jah
2008-11-20;106;139;1,9;jah
2008-11-21;99,5;131;1,3;jah
2008-11-22;90,5;121;0,9;jah
2008-11-23;81,7;113;0,5;jah
2008-11-24;75;103;0;jah
2008-11-25;72,1;93;0;jah
2008-11-26;68,6;97;0;jah
2008-11-27;73,1;101;0,2;jah
2008-11-28;114;157;1,1;jah
2008-11-29;196;234;1,8;jah
2008-11-30;228;250;1,9;jah
2008-12-01;239;258;2,3;jah
2008-12-02;273;280;3;jah
2008-12-03;297;290;3,5;jah
2008-12-04;296;289;3,2;jah
2008-12-05;296;252;2,4;jah
2008-12-06;275;155;1,7;jah
2008-12-07;250;137;1,4;jah
2008-12-08;234;125;1;jah
2008-12-09;203;114;0,3;jah
2008-12-10;172;104;0,2;jah
2008-12-11;157;96;0,4;jah
2008-12-12;147;90;0,6;jah
2008-12-13;133;88;1;jah
2008-12-14;118;90;0,9;jah
2008-12-15;106;88;0,2;jah
2008-12-16;92;83;0;jah
2008-12-17;84,1;89;0;jah
2008-12-18;83,9;85;0;jah
2008-12-19;77,9;74;0,1;jah
2008-12-20;69,4;74;0,1;jah
2008-12-21;64,9;74;0,3;jah
2008-12-22;64,1;78;0,6;jah
2008-12-23;66,4;88;0,8;jah
2008-12-24;75,9;91;0,7;jah
2008-12-25;75,3;90;0,5;jah
2008-12-26;72,7;86;0,4;jah
2008-12-27;69,4;84;0,5;jah
2008-12-28;64,3;81;0,1;jah
2008-12-29;58,4;77;2;jah
2008-12-30;60,4;85;0,9;jah
2008-12-31;57,4;80;0;jah
2009-01-01;50,2;73;0;jah
2009-01-02;43,5;65;0;jah
2009-01-03;41,2;65;0;jah
2009-01-04;42,8;77;0;jah
2009-01-05;42,8;97;0;jah
2009-01-06;42,8;104;0;jah
2009-01-07;42,7;98;0;jah
2009-01-08;42,4;98;0;jah
2009-01-09;42,2;98;0;jah
2009-01-10;41,8;91;0;jah
2009-01-11;41,3;89;0;jah
2009-01-12;40,6;83;0;jah
2009-01-13;51,7;108;0;jah
2009-01-14;75,9;150;0;jah
2009-01-15;88,7;165;0;jah
2009-01-16;86,3;157;0;jah
2009-01-17;75,8;137;0;jah
2009-01-18;66,3;120;0;jah
2009-01-19;62,9;113;0;jah
2009-01-20;58;100;0;jah
2009-01-21;53,9;89;0;jah
2009-01-22;47,3;79;0;jah
2009-01-23;43,9;75;0;jah
2009-01-24;42,3;72;0;jah
2009-01-25;41,7;68;0;jah
2009-01-26;39,7;65;0;jah
2009-01-27;38,6;63;0;jah
2009-01-28;36,4;62;0;jah
2009-01-29;33,4;61;0;jah
2009-01-30;30,1;60;0;jah
2009-01-31;28,5;64;0;jah
2009-02-01;24,8;61;0;jah
2009-02-02;26,4;72;0;jah
2009-02-03;27,2;84;0;jah
2009-02-04;26,7;92;0;jah
2009-02-05;24,9;89;0;jah
2009-02-06;24,3;82;0;jah
2009-02-07;23,4;74;0;jah
2009-02-08;21,3;64;0;jah
2009-02-09;20,1;58;0;jah
2009-02-10;19,5;54;0;jah
2009-02-11;19,8;52;0;jah
2009-02-12;18,4;47;0;jah
2009-02-13;17,7;43;0;jah
2009-02-14;16,9;39;0;jah
2009-02-15;16,7;36;0;jah
2009-02-16;16,6;35;0;jah
2009-02-17;16,5;32;0;jah
2009-02-18;17,1;33;0;jah
2009-02-19;17;30;0;jah
2009-02-20;17,3;30;0;jah
2009-02-21;18,2;31;0;jah
2009-02-22;18,3;29;0;jah
2009-02-23;17,5;26;0;jah
2009-02-24;19,4;28;0;jah
2009-02-25;19,5;28;0;jah
2009-02-26;19,4;27;0;jah
2009-02-27;19,2;27;0;jah
2009-02-28;19,6;28;0;jah
2009-03-01;20,2;28;0;jah
2009-03-02;19,6;27;0;jah
2009-03-03;19,4;26;0;jah
2009-03-04;19,1;26;0;jah
2009-03-05;19,3;26;0;jah
2009-03-06;19,3;26;0;jah
2009-03-07;19,2;26;0;jah
2009-03-08;19,3;25;0;jah
2009-03-09;18,9;25;0;jah
2009-03-10;19,1;25;0;jah
2009-03-11;19,3;25;0;jah
2009-03-12;19,2;25;0;jah
2009-03-13;19,1;25;0;jah
2009-03-14;19;25;0;jah
2009-03-15;18,9;25;0;jah
2009-03-16;18,8;25;0;jah
2009-03-17;18,9;25;0;jah
2009-03-18;19,3;27;0;jah
2009-03-19;20,1;30;0;jah
2009-03-20;20,2;30;0;jah
2009-03-21;20,1;30;0;jah
2009-03-22;20,7;32;0;jah
2009-03-23;21,5;34;0;jah
2009-03-24;22,2;35;0;jah
2009-03-25;22;34;0;jah
2009-03-26;21,3;33;0;jah
2009-03-27;20,4;31;0;jah
2009-03-28;19,5;30;0;jah
2009-03-29;19,9;32;0;jah
2009-03-30;22,3;37;0;jah
2009-03-31;30,6;55;0;jah
2009-04-01;89,3;151;0;jah
2009-04-02;171;246;0;jah
2009-04-03;192;259;0;jah
2009-04-04;220;276;0;jah
2009-04-05;264;287;0,5;jah
2009-04-06;300;300;2,3;jah
2009-04-07;315;301;2,7;jah
2009-04-08;283;289;2,9;jah
2009-04-09;255;276;3,4;jah
2009-04-10;233;263;4,2;jah
2009-04-11;216;251;5;jah
2009-04-12;200;236;5,5;jah
2009-04-13;182;220;6,1;jah
2009-04-14;164;202;5,9;jah
2009-04-15;148;185;5,9;jah
2009-04-16;132;168;5,6;jah
2009-04-17;115;150;5,6;jah
2009-04-18;102;134;5,8;jah
2009-04-19;90,7;120;5,2;jah
2009-04-20;79,4;108;5,1;jah
2009-04-21;72,1;98;5,3;jah
2009-04-22;64,8;89;5,8;jah
2009-04-23;58,4;81;6,6;jah
2009-04-24;53,2;75;7,3;jah
2009-04-25;49;69;8,3;jah
2009-04-26;46;65;9,4;jah
2009-04-27;42,9;61;10,3;jah
2009-04-28;40,2;57;11,2;jah
2009-04-29;37,7;54;11,8;jah
2009-04-30;34,7;50;12,1;jah
2009-05-01;32,4;47;11,7;jah
2009-05-02;30,3;43;11,8;jah
2009-05-03;28,6;40;12;jah
2009-05-04;27,3;38;12,2;jah
2009-05-05;26,2;36;12,6;jah
2009-05-06;25;34;12,5;jah
2009-05-07;24,3;33;12,4;jah
2009-05-08;24;33;12,7;jah
2009-05-09;23,2;32;12,6;jah
2009-05-10;22,5;30;12,3;jah
2009-05-11;22,3;29;13;jah
2009-05-12;21,7;28;13;jah
2009-05-13;21,2;26;12,5;jah
2009-05-14;20,5;25;11,5;jah
2009-05-15;20,1;24;11,1;jah
2009-05-16;19,8;23;11,6;jah
2009-05-17;19,6;23;12;jah
2009-05-18;19,3;22;12,7;jah
2009-05-19;19;21;13,2;jah
2009-05-20;18,9;21;13,8;jah
2009-05-21;19,1;22;14,9;jah
2009-05-22;19,5;22;15,1;jah
2009-05-23;20,1;24;14,1;jah
2009-05-24;20,5;25;13,9;jah
2009-05-25;20,8;26;14,5;jah
2009-05-26;20,2;24;15,3;jah
2009-05-27;19,2;22;16,1;jah
2009-05-28;18,5;20;16;jah
2009-05-29;15,6;19;16,2;jah
2009-05-30;14,9;17;16,7;jah
2009-05-31;14,3;16;17,7;jah
2009-06-01;13,9;15;19;jah
2009-06-02;13,4;14;19,3;jah
2009-06-03;13,3;14;17,7;jah
2009-06-04;14,2;18;15,4;jah
2009-06-05;24,6;50;12,7;jah
2009-06-06;57,7;107;11;jah
2009-06-07;70,1;121;10,5;jah
2009-06-08;68,7;116;10,6;jah
2009-06-09;64,1;109;10,8;jah
2009-06-10;62,2;106;11,3;jah
2009-06-11;66,9;115;12,8;jah
2009-06-12;68,3;114;14,7;jah
2009-06-13;62,8;104;15,3;jah
2009-06-14;79,3;137;14,2;jah
2009-06-15;111;177;13,1;jah
2009-06-16;113;175;12,5;jah
2009-06-17;102;158;12,3;jah
2009-06-18;89,4;139;12,2;jah
2009-06-19;78,6;123;13,2;jah
2009-06-20;70,8;111;14,1;jah
2009-06-21;63,9;101;14,6;jah
2009-06-22;56,8;89;15,5;jah
2009-06-23;47,4;75;16,5;jah
2009-06-24;38,2;61;17,5;jah
2009-06-25;30,7;49;18,7;jah
2009-06-26;25,5;40;19,1;jah
2009-06-27;22,4;34;18,9;jah
2009-06-28;20,8;32;18,7;jah
2009-06-29;20,4;31;19,7;jah
2009-06-30;19,2;29;21;jah
2009-07-01;17,8;26;21,9;jah
2009-07-02;16,6;23;22,8;jah
2009-07-03;15,6;22;22,3;jah
2009-07-04;15,3;22;21,6;jah
2009-07-05;14,9;22;20,5;jah
2009-07-06;14;20;19,4;jah
2009-07-07;13,2;18;18,2;jah
2009-07-08;12,6;18;18,5;jah
2009-07-09;12,5;18;18,7;jah
2009-07-10;12,7;19;18,9;jah
2009-07-11;13,3;21;19;jah
2009-07-12;13,8;22;19,1;jah
2009-07-13;14,1;22;19,3;jah
2009-07-14;14,9;25;19,7;jah
2009-07-15;17,8;35;20,2;jah
2009-07-16;19,7;37;20,7;jah
2009-07-17;18;32;21,2;jah
2009-07-18;16,6;28;21,5;jah
2009-07-19;17;30;22;jah
2009-07-20;17,5;31;21,7;jah
2009-07-21;16,9;28;20,8;jah
2009-07-22;16,7;28;20,4;jah
2009-07-23;17,3;30;20,6;jah
2009-07-24;19,8;38;20,8;jah
2009-07-25;21,5;41;20,5;jah
2009-07-26;21,7;42;20,8;jah
2009-07-27;22,1;44;20,8;jah
2009-07-28;22,8;46;20,2;jah
2009-07-29;21,2;42;20,5;jah
2009-07-30;18,3;36;20,6;jah
2009-07-31;16,2;32;20,6;jah
2009-08-01;15,5;32;19,8;jah
2009-08-02;16,1;33;19,7;jah
2009-08-03;20,8;48;19,7;jah
2009-08-04;27,5;63;19,8;jah
2009-08-05;29,1;65;19,5;jah
2009-08-06;26,7;60;19,6;jah
2009-08-07;24;55;19,6;jah
2009-08-08;21,8;50;19,8;jah
2009-08-09;19,8;45;19,8;jah
2009-08-10;17,8;39;20,1;jah
2009-08-11;16,3;34;20,2;jah
2009-08-12;15,1;32;20,1;jah
2009-08-13;15,4;32;19,6;jah
2009-08-14;21,6;49;18,7;jah
2009-08-15;29,2;63;18,1;jah
2009-08-16;33,7;70;17,6;jah
2009-08-17;34,5;70;17,5;jah
2009-08-18;37,1;76;16,9;jah
2009-08-19;52;102;16,8;jah
2009-08-20;62;113;16,3;jah
2009-08-21;57,5;101;16;jah
2009-08-22;49,2;86;15,8;jah
2009-08-23;42;73;15,9;jah
2009-08-24;36,1;62;16;jah
2009-08-25;30,3;51;16;jah
2009-08-26;25,1;42;16,1;jah
2009-08-27;23,2;36;16,4;jah
2009-08-28;19,8;31;16,9;jah
2009-08-29;18,5;28;17,2;jah
2009-08-30;18,4;28;17;jah
2009-08-31;19,1;30;16,7;jah
2009-09-01;20,1;33;16,7;jah
2009-09-02;20,1;32;16,8;jah
2009-09-03;18,9;28;16,9;jah
2009-09-04;18,1;26;16,8;jah
2009-09-05;17,6;25;16,4;jah
2009-09-06;17,7;26;16,3;jah
2009-09-07;18,5;28;16,3;jah
2009-09-08;19,7;32;16,1;jah
2009-09-09;20,3;32;16;jah
2009-09-10;19,1;30;15,7;jah
2009-09-11;17,5;25;15,4;jah
2009-09-12;16,4;23;15;jah
2009-09-13;15,8;21;14,6;jah
2009-09-14;15,2;20;14,2;jah
2009-09-15;14,9;19;14,1;jah
2009-09-16;14,5;18;14,4;jah
2009-09-17;14,2;18;14,3;jah
2009-09-18;14,2;18;13,9;jah
2009-09-19;14,2;18;13,9;jah
2009-09-20;14,3;18;14;jah
2009-09-21;14;17;13,8;jah
2009-09-22;13,8;16;13,5;jah
2009-09-23;13,8;16;13,7;jah
2009-09-24;13,6;16;13,4;jah
2009-09-25;13,8;16;13;jah
2009-09-26;14,4;18;12,7;jah
2009-09-27;15,6;22;13;jah
2009-09-28;16,4;24;13;jah
2009-09-29;16,2;23;12,4;jah
2009-09-30;17;26;11,4;jah
2009-10-01;21,4;38;10,5;jah
2009-10-02;26,4;47;9,5;jah
2009-10-03;29,9;52;8,5;jah
2009-10-04;39,9;72;8,7;jah
2009-10-05;78,6;133;8,3;jah
2009-10-06;96,1;149;7,8;jah
2009-10-07;93,3;143;7,4;jah
2009-10-08;92,2;142;7,4;jah
2009-10-09;94,2;145;7,2;jah
2009-10-10;96,2;146;6,8;jah
2009-10-11;92,2;139;6,1;jah
2009-10-12;86,9;132;5,4;jah
2009-10-13;88,3;134;4,9;jah
2009-10-14;88,8;133;4,5;jah
2009-10-15;86,4;130;4,4;jah
2009-10-16;88,5;133;4,5;jah
2009-10-17;88;133;4,6;jah
2009-10-18;99,3;153;4,6;jah
2009-10-19;141;209;4,5;jah
2009-10-20;181;247;5;jah
2009-10-21;190;253;5,6;jah
2009-10-22;183;247;6;jah
2009-10-23;181;244;6,2;jah
2009-10-24;179;238;6,2;jah
2009-10-25;176;225;6,2;jah
2009-10-26;177;217;6,2;jah
2009-10-27;175;215;6,8;jah
2009-10-28;174;214;7,1;jah
2009-10-29;169;209;6,4;jah
2009-10-30;161;200;4,9;jah
2009-10-31;150;188;3,7;jah
2009-11-01;140;177;2,7;jah
2009-11-02;129;165;1,8;jah
2009-11-03;118;151;1;jah
2009-11-04;105;136;0,6;jah
2009-11-05;93,2;121;0,5;jah
2009-11-06;82,6;108;0,8;jah
2009-11-07;74,1;98;1,1;jah
2009-11-08;68,6;92;1,5;jah
2009-11-09;67,4;91;1,8;jah
2009-11-10;69,6;94;1,9;jah
2009-11-11;79,2;107;1,9;jah
2009-11-12;86,4;115;1,7;jah
2009-11-13;88,2;117;1,5;jah
2009-11-14;87,1;115;1,4;jah
2009-11-15;85,9;114;1,6;jah
2009-11-16;87,2;115;2,1;jah
2009-11-17;90;120;2,7;jah
2009-11-18;93,4;124;3,3;jah
2009-11-19;100;133;3,9;jah
2009-11-20;106;139;4,5;jah
2009-11-21;115;150;5,1;jah
2009-11-22;116;151;5,4;jah
2009-11-23;115;151;5,7;jah
2009-11-24;115;152;5,8;jah
2009-11-25;115;152;5,7;jah
2009-11-26;114;153;5,9;jah
2009-11-27;121;162;6;jah
2009-11-28;138;183;5,9;jah
2009-11-29;149;193;5,7;jah
2009-11-30;149;193;5,3;jah
2009-12-01;143;186;5;jah
2009-12-02;144;187;4,8;jah
2009-12-03;174;219;4,6;jah
2009-12-04;200;240;4,3;jah
2009-12-05;201;238;4,1;jah
2009-12-06;194;232;3,8;jah
2009-12-07;186;225;3,2;jah
2009-12-08;176;214;3;jah
2009-12-09;164;203;2,9;jah
2009-12-10;152;191;2,7;jah
2009-12-11;140;178;2,6;jah
2009-12-12;128;165;2,4;jah
2009-12-13;115;150;2,1;jah
2009-12-14;98,9;131;0,6;jah
2009-12-15;70;134;0;jah
2009-12-16;66,8;161;0;jah
2009-12-17;66,4;151;0;jah
2009-12-18;66;147;0;jah
2009-12-19;65,5;147;0;jah
2009-12-20;65;148;0;jah
2009-12-21;64,5;147;0;jah
2009-12-22;64;143;0;jah
2009-12-23;63,5;141;0;jah
2009-12-24;63;129;0;jah
2009-12-25;62,4;119;0;jah
2009-12-26;59,7;113;0;jah
2009-12-27;55;107;0;jah
2009-12-28;51,8;103;0;jah
2009-12-29;49,3;100;0;jah
2009-12-30;46,5;96;0;jah
2009-12-31;43,9;93;0;jah
2010-01-01;42,1;91;0;jah
2010-01-02;40,1;89;0;jah
2010-01-03;39,1;88;0;jah
2010-01-04;38,4;88;0;jah
2010-01-05;38,8;90;0;jah
2010-01-06;39,4;91;0;jah
2010-01-07;37,7;89;0;jah
2010-01-08;36,2;88;0;jah
2010-01-09;34,2;85;0;jah
2010-01-10;32,3;83;0;jah
2010-01-11;31,5;83;0;jah
2010-01-12;30;81;0;jah
2010-01-13;25,3;73;0;jah
2010-01-14;24,6;73;0;jah
2010-01-15;25,2;75;0;jah
2010-01-16;23,2;72;0;jah
2010-01-17;21,2;69;0;jah
2010-01-18;19,8;67;0;jah
2010-01-19;19,2;64;0;jah
2010-01-20;17,6;60;0;jah
2010-01-21;16,7;57;0;jah
2010-01-22;16,3;55;0;jah
2010-01-23;16,1;53;0;jah
2010-01-24;15,3;49;0;jah
2010-01-25;14,6;46;0;jah
2010-01-26;14,1;44;0;jah
2010-01-27;14,2;43;0;jah
2010-01-28;14,5;42;0;jah
2010-01-29;14,4;41;0;jah
2010-01-30;14,6;40;0;jah
2010-01-31;14,8;41;0;jah
2010-02-01;15,3;43;0;jah
2010-02-02;15,8;44;0;jah
2010-02-03;15,7;44;0;jah
2010-02-04;15,8;45;0;jah
2010-02-05;15,7;45;0;jah
2010-02-06;16;46;0;jah
2010-02-07;16;46;0;jah
2010-02-08;15,8;46;0;jah
2010-02-09;15,6;46;0;jah
2010-02-10;15,9;47;0;jah
2010-02-11;15,6;46;0;jah
2010-02-12;15,1;45;0;jah
2010-02-13;15,4;45;0;jah
2010-02-14;15,5;45;0;jah
2010-02-15;15,6;46;0;jah
2010-02-16;15,7;45;0;jah
2010-02-17;15,6;45;0;jah
2010-02-18;15,6;44;0;jah
2010-02-19;16,1;45;0;jah
2010-02-20;16,6;45;0;jah
2010-02-21;16,8;45;0;jah
2010-02-22;17,6;47;0;jah
2010-02-23;18,5;48;0;jah
2010-02-24;19,3;49;0;jah
2010-02-25;20,1;50;0;jah
2010-02-26;20,5;50;0;jah
2010-02-27;20,8;50;0;jah
2010-02-28;21,5;51;0;jah
2010-03-01;23;53;0;jah
2010-03-02;25,1;57;0;jah
2010-03-03;27,3;60;0;jah
2010-03-04;29,1;62;0;jah
2010-03-05;30,4;64;0;jah
2010-03-06;30,9;64;0;jah
2010-03-07;30,7;63;0;jah
2010-03-08;29,9;61;0;jah
2010-03-09;30,9;62;0;jah
2010-03-10;30,6;61;0;jah
2010-03-11;30,7;60;0;jah
2010-03-12;31;60;0;jah
2010-03-13;31,3;60;0;jah
2010-03-14;31,3;60;0;jah
2010-03-15;31,3;59;0;jah
2010-03-16;31,2;58;0;jah
2010-03-17;30,5;57;0;jah
2010-03-18;30,7;56;0;jah
2010-03-19;31,8;58;0;jah
2010-03-20;35,3;63;0;jah
2010-03-21;43,3;74;0;jah
2010-03-22;56,1;91;0;jah
2010-03-23;66,6;102;0;jah
2010-03-24;70,2;105;0;jah
2010-03-25;72,9;108;0;jah
2010-03-26;74,9;109;0;jah
2010-03-27;79,5;115;0;jah
2010-03-28;110;150;0;jah
2010-03-29;166;201;0;jah
2010-03-30;226;248;0;jah
2010-03-31;277;302;0;jah
2010-04-01;310;339;0,1;jah
2010-04-02;379;341;0,2;jah
2010-04-03;464;389;0,2;jah
2010-04-04;512;406;0,2;jah
2010-04-05;509;403;0,5;jah
2010-04-06;515;405;1;jah
2010-04-07;509;401;0,9;jah
2010-04-08;486;389;1,3;jah
2010-04-09;462;376;1,8;jah
2010-04-10;438;362;2,6;jah
2010-04-11;415;350;3,3;jah
2010-04-12;391;336;4;jah
2010-04-13;364;320;4,6;jah
2010-04-14;333;302;5,2;jah
2010-04-15;298;282;5,7;jah
2010-04-16;260;260;6,2;jah
2010-04-17;222;234;6,4;jah
2010-04-18;183;207;6,6;jah
2010-04-19;151;180;6,7;jah
2010-04-20;129;158;6,6;jah
2010-04-21;114;141;6,4;jah
2010-04-22;107;133;6,1;jah
2010-04-23;103;128;5,9;jah
2010-04-24;94;120;5,8;jah
2010-04-25;84;111;6;jah
2010-04-26;74,7;102;6,7;jah
2010-04-27;68;95;7,7;jah
2010-04-28;62,3;88;8,7;jah
2010-04-29;57,6;83;8,5;jah
2010-04-30;55,5;80;9;jah
2010-05-01;56,8;82;9,4;jah
2010-05-02;57,7;82;9,5;jah
2010-05-03;55,5;79;9,6;jah
2010-05-04;56;81;9;jah
2010-05-05;68,1;96;8,3;jah
2010-05-06;72,4;99;7,9;jah
2010-05-07;71,7;99;7,6;jah
2010-05-08;81,1;110;8,2;jah
2010-05-09;94,4;124;8,8;jah
2010-05-10;97,4;126;8,6;jah
2010-05-11;93,9;122;8,7;jah
2010-05-12;87,7;115;10;jah
2010-05-13;79,4;106;12,1;jah
2010-05-14;71,4;97;14,1;jah
2010-05-15;63,7;87;15,4;jah
2010-05-16;55,6;78;16,2;jah
2010-05-17;52;74;16,9;jah
2010-05-18;62,9;89;17,2;jah
2010-05-19;68,1;92;17,5;jah
2010-05-20;57,6;80;17,8;jah
2010-05-21;47,4;67;18,5;jah
2010-05-22;40,4;58;19,2;jah
2010-05-23;35,4;51;18,8;jah
2010-05-24;31,7;46;16,9;jah
2010-05-25;30,3;44;16;jah
2010-05-26;29,6;43;15,4;jah
2010-05-27;28,5;41;14,7;jah
2010-05-28;27,3;39;14,5;jah
2010-05-29;25,9;37;14,2;jah
2010-05-30;24,8;35;14,5;jah
2010-05-31;23,4;33;15,3;jah
2010-06-01;22,4;31;15,1;jah
2010-06-02;21,4;30;16;jah
2010-06-03;20,9;30;17,5;jah
2010-06-04;20,1;29;18,2;jah
2010-06-05;18,8;26;18;jah
2010-06-06;17,5;24;17,6;jah
2010-06-07;16,7;23;18,1;jah
2010-06-08;16,6;24;17,8;jah
2010-06-09;17,8;27;17,2;jah
2010-06-10;18,8;30;17,2;jah
2010-06-11;18;29;17,1;jah
2010-06-12;17,8;30;16,7;jah
2010-06-13;22,5;42;15,3;jah
2010-06-14;24,2;45;14,7;jah
2010-06-15;22,2;41;15;jah
2010-06-16;20,6;38;15,5;jah
2010-06-17;18,9;34;16,3;jah
2010-06-18;17,5;30;17,2;jah
2010-06-19;16,4;27;17,4;jah
2010-06-20;16;26;18;jah
2010-06-21;16,4;27;18,3;jah
2010-06-22;18,9;33;17,5;jah
2010-06-23;27,6;50;18,3;jah
2010-06-24;31,5;55;18,7;jah
2010-06-25;28,2;50;18,7;jah
2010-06-26;24,8;44;19;jah
2010-06-27;22,3;39;19,3;jah
2010-06-28;20,2;35;19,5;jah
2010-06-29;18,3;30;20,1;jah
2010-06-30;16,7;27;21;jah
2010-07-01;15,4;24;21,5;jah
2010-07-02;14,4;22;21,3;jah
2010-07-03;13,5;20;21,6;jah
2010-07-04;12,9;19;22,2;jah
2010-07-05;12,4;18;22,7;jah
2010-07-06;11,8;17;23,3;jah
2010-07-07;11,8;17;23,3;jah
2010-07-08;11,4;17;22,9;jah
2010-07-09;11,3;17;22,9;jah
2010-07-10;12,1;20;23,3;jah
2010-07-11;12,6;22;23,9;jah
2010-07-12;11,8;19;24,7;jah
2010-07-13;11,1;17;25,5;jah
2010-07-14;10,4;15;26,1;jah
2010-07-15;10;14;26,4;jah
2010-07-16;9,82;13;26,4;jah
2010-07-17;9,6;13;26,3;jah
2010-07-18;9,42;13;26;jah
2010-07-19;9,64;14;25,7;jah
2010-07-20;9,69;14;25,2;jah
2010-07-21;9,5;14;25,3;jah
2010-07-22;9,21;13;25,5;jah
2010-07-23;9,03;12;25,6;jah
2010-07-24;8,8;11;24,9;jah
2010-07-25;8,99;12;24,7;jah
2010-07-26;9,41;13;24,6;jah
2010-07-27;9,44;13;24,8;jah
2010-07-28;9,59;14;24,9;jah
2010-07-29;9,48;13;24,8;jah
2010-07-30;9,16;12;24,2;jah
2010-07-31;8,9;11;23,7;jah
2010-08-01;8,72;10;23,3;jah
2010-08-02;8,53;9;23,5;jah
2010-08-03;8,22;7;23,4;jah
2010-08-04;7,98;6;23,2;jah
2010-08-05;7,91;6;22,2;jah
2010-08-06;7,77;5;22,5;jah
2010-08-07;7,53;4;23;jah
2010-08-08;7,66;5;23,8;jah
2010-08-09;7,88;5;23,4;jah
2010-08-10;7,62;4;22,8;jah
2010-08-11;7,58;4;22,6;jah
2010-08-12;7,67;4;22,7;jah
2010-08-13;7,7;4;23,3;jah
2010-08-14;7,66;3;23,6;jah
2010-08-15;7,88;4;23,6;jah
2010-08-16;7,84;3;23,6;jah
2010-08-17;7,95;4;22,9;jah
2010-08-18;8,44;5;22,4;jah
2010-08-19;9,36;8;21,2;jah
2010-08-20;10,8;14;20,2;jah
2010-08-21;15,1;25;19,8;jah
2010-08-22;17,1;29;19,7;jah
2010-08-23;18,2;30;19,5;jah
2010-08-24;19,8;33;18,5;jah
2010-08-25;23,4;41;18;jah
2010-08-26;36,6;64;17,5;jah
2010-08-27;44,4;76;17;jah
2010-08-28;47,1;82;16,6;jah
2010-08-29;46,9;83;16;jah
2010-08-30;47;85;15,6;jah
2010-08-31;46,1;86;15,1;jah
2010-09-01;42,5;82;14,9;jah
2010-09-02;37,3;73;14,2;jah
2010-09-03;34,1;68;13,3;jah
2010-09-04;36,2;71;12,5;jah
2010-09-05;39,9;75;12,4;jah
2010-09-06;41,2;76;12,4;jah
2010-09-07;40;73;12,6;jah
2010-09-08;36,1;66;12,4;jah
2010-09-09;31,3;57;12,9;jah
2010-09-10;26,8;49;12,7;jah
2010-09-11;23,7;42;12,9;jah
2010-09-12;21;36;13,1;jah
2010-09-13;19,4;32;13,5;jah
2010-09-14;18,4;29;14;jah
2010-09-15;16,8;27;13,8;jah
2010-09-16;15,8;26;13,6;jah
2010-09-17;15,7;27;13,7;jah
2010-09-18;15,5;28;13,1;jah
2010-09-19;24;51;12,4;jah
2010-09-20;46,3;87;12;jah
2010-09-21;53,5;96;11,7;jah
2010-09-22;57,1;101;11,6;jah
2010-09-23;61,3;107;11,6;jah
2010-09-24;61,2;107;11,5;jah
2010-09-25;58,9;105;11,6;jah
2010-09-26;55,2;101;11,7;jah
2010-09-27;50,2;95;11,6;jah
2010-09-28;50,2;94;10,6;jah
2010-09-29;54,7;99;9,6;jah
2010-09-30;54,9;97;9;jah
2010-10-01;52,9;94;8,4;jah
2010-10-02;51,2;90;7,9;jah
2010-10-03;48,5;85;7,4;jah
2010-10-04;44,4;78;7;jah
2010-10-05;39,2;70;6,6;jah
2010-10-06;33,4;60;6,1;jah
2010-10-07;28,4;50;5,8;jah
2010-10-08;25;43;5,5;jah
2010-10-09;22,8;37;5,6;jah
2010-10-10;21,3;33;5,5;jah
2010-10-11;20,3;30;5,4;jah
2010-10-12;19,9;28;5,4;jah
2010-10-13;19,5;26;5;jah
2010-10-14;19,3;25;4,8;jah
2010-10-15;20;26;4,5;jah
2010-10-16;22;32;4;jah
2010-10-17;23,7;36;3,6;jah
2010-10-18;23,1;37;3,7;jah
2010-10-19;21,3;35;3,4;jah
2010-10-20;19,9;34;3,8;jah
2010-10-21;20,2;37;4,1;jah
2010-10-22;24,9;50;3,9;jah
2010-10-23;33,6;67;4;jah
2010-10-24;46,5;89;4,5;jah
2010-10-25;63;112;4,7;jah
2010-10-26;70,1;121;5;jah
2010-10-27;67;117;4,6;jah
2010-10-28;62,6;111;4,4;jah
2010-10-29;59,7;108;4,6;jah
2010-10-30;59;107;5;jah
2010-10-31;56,3;103;5,1;jah
2010-11-01;52,8;98;5,3;jah
2010-11-02;48,8;93;5,5;jah
2010-11-03;46;89;5,8;jah
2010-11-04;57,9;107;6;jah
2010-11-05;74,6;125;5,8;jah
2010-11-06;74,5;123;5,5;jah
2010-11-07;69,8;117;4,7;jah
2010-11-08;65,5;111;3,7;jah
2010-11-09;61,3;106;2,9;jah
2010-11-10;70,4;118;3;jah
2010-11-11;82,3;131;3,4;jah
2010-11-12;90,3;139;3,8;jah
2010-11-13;98;147;4,3;jah
2010-11-14;114;164;4,8;jah
2010-11-15;119;167;5,2;jah
2010-11-16;117;165;5,6;jah
2010-11-17;114;161;5,1;jah
2010-11-18;113;160;3,8;jah
2010-11-19;117;165;3,1;jah
2010-11-20;132;180;3,1;jah
2010-11-21;146;193;3,1;jah
2010-11-22;151;196;3;jah
2010-11-23;149;195;2,7;jah
2010-11-24;143;189;1,7;jah
2010-11-25;133;180;0,5;jah
2010-11-26;119;165;0;jah
2010-11-27;105;152;0,1;jah
2010-11-28;101;149;0,1;jah
2010-11-29;119;171;0;jah
2010-11-30;141;188;0;jah
2010-12-01;134;182;0;jah
2010-12-02;133;182;0;jah
2010-12-03;132;181;0;jah
2010-12-04;129;178;0;jah
2010-12-05;127;177;0;jah
2010-12-06;125;175;0;jah
2010-12-07;122;172;0;jah
2010-12-08;115;165;0,1;jah
2010-12-09;108;158;0,1;jah
2010-12-10;98,2;148;0,2;jah
2010-12-11;92;143;0,2;jah
2010-12-12;94,2;145;0,2;jah
2010-12-13;94,8;147;0,2;jah
2010-12-14;98,9;151;0,1;jah
2010-12-15;97,3;149;0,2;jah
2010-12-16;95,8;148;0,2;jah
2010-12-17;93,1;145;0,2;jah
2010-12-18;91;143;0,3;jah
2010-12-19;88,1;140;0,3;jah
2010-12-20;85,3;137;0,3;jah
2010-12-21;84,4;137;0,3;jah
2010-12-22;82,3;134;0,3;jah
2010-12-23;77,7;129;0,4;jah
2010-12-24;74,6;126;0,5;jah
2010-12-25;71,6;122;0,5;jah
2010-12-26;66,3;116;0,5;jah
2010-12-27;63;113;0,5;jah
2010-12-28;63,9;114;0,4;jah
2010-12-29;63,2;113;0,4;jah
2010-12-30;61,9;112;0,4;jah
2010-12-31;60,4;110;0,4;jah
2011-01-01;52,7;109;0,4;jah
2011-01-02;51,6;108;0,4;jah
2011-01-03;50,3;106;0,4;jah
2011-01-04;49,4;105;0,4;jah
2011-01-05;48,6;104;0,4;jah
2011-01-06;47,7;103;0,4;jah
2011-01-07;47,6;103;0,4;jah
2011-01-08;47,8;104;0,3;jah
2011-01-09;48,3;106;0,3;jah
2011-01-10;56,6;121;0,2;jah
2011-01-11;71,3;143;0,1;jah
2011-01-12;81,5;156;0;jah
2011-01-13;84,5;160;0;jah
2011-01-14;84;160;0;jah
2011-01-15;82,8;159;0;jah
2011-01-16;80,7;156;0;jah
2011-01-17;76,8;151;0,1;jah
2011-01-18;82,1;160;0;jah
2011-01-19;89,4;169;0;jah
2011-01-20;91,3;172;0;jah
2011-01-21;91;171;0;jah
2011-01-22;88,5;169;0;jah
2011-01-23;85,8;166;0;jah
2011-01-24;83,4;163;0;jah
2011-01-25;82;162;0;jah
2011-01-26;80,4;160;0;jah
2011-01-27;76,5;155;0;jah
2011-01-28;72,5;150;0,1;jah
2011-01-29;71,8;149;0,1;jah
2011-01-30;70,4;147;0,1;jah
2011-01-31;67,6;144;0,1;jah
2011-02-01;63,4;138;0,1;jah
2011-02-02;63,8;139;0,1;jah
2011-02-03;65,1;142;0,1;jah
2011-02-04;68,3;147;0,1;jah
2011-02-05;71,1;152;0;jah
2011-02-06;72,6;154;0;jah
2011-02-07;72,4;154;0;jah
2011-02-08;71,7;154;0;jah
2011-02-09;74,5;158;0;jah
2011-02-10;73,7;157;0;jah
2011-02-11;69,4;151;0;jah
2011-02-12;69,3;151;0;jah
2011-02-13;66,3;147;0;jah
2011-02-14;62,7;142;0;jah
2011-02-15;58,7;137;0,1;jah
2011-02-16;55,6;132;0,1;jah
2011-02-17;52,3;127;0,1;jah
2011-02-18;48,4;121;0,2;jah
2011-02-19;44;113;0,2;jah
2011-02-20;39,8;106;0,3;jah
2011-02-21;36,2;100;0,3;jah
2011-02-22;33;93;0,3;jah
2011-02-23;30,3;88;0,4;jah
2011-02-24;27,9;83;0,4;jah
2011-02-25;25,7;78;0,4;jah
2011-02-26;24;73;0,3;jah
2011-02-27;22,7;70;0,2;jah
2011-02-28;22,5;69;0,2;jah
2011-03-01;22,2;67;0,1;jah
2011-03-02;22;66;0,1;jah
2011-03-03;21,8;65;0,1;jah
2011-03-04;22,1;65;0,1;jah
2011-03-05;22,6;65;0,1;jah
2011-03-06;23;66;0;jah
2011-03-07;23,3;66;0;jah
2011-03-08;23,3;65;0;jah
2011-03-09;23,2;64;0;jah
2011-03-10;23,2;65;0;jah
2011-03-11;23,7;67;0;jah
2011-03-12;24,1;69;0,1;jah
2011-03-13;24,7;71;0,1;jah
2011-03-14;25,2;74;0,1;jah
2011-03-15;26,3;77;0,2;jah
2011-03-16;27;80;0,2;jah
2011-03-17;27;78;0,2;jah
2011-03-18;27,1;77;0,2;jah
2011-03-19;27,5;77;0,2;jah
2011-03-20;27,7;76;0,2;jah
2011-03-21;27,7;75;0,2;jah
2011-03-22;28,1;75;0,2;jah
2011-03-23;31,4;80;0,3;jah
2011-03-24;37,2;89;0,1;jah
2011-03-25;42,4;95;0,1;jah
2011-03-26;45,5;97;0,1;jah
2011-03-27;46,4;96;0;jah
2011-03-28;48;96;0;jah
2011-03-29;49,1;95;0;jah
2011-03-30;49;92;0;jah
2011-03-31;49,6;91;0;jah
2011-04-01;49,6;88;0,1;jah
2011-04-02;52,7;91;0,1;jah
2011-04-03;67,9;112;0,1;jah
2011-04-04;108;167;0;jah
2011-04-05;150;244;0;jah
2011-04-06;198;317;0;jah
2011-04-07;254;378;0;jah
2011-04-08;318;374;0;jah
2011-04-09;367;340;0,2;jah
2011-04-10;428;370;0,4;jah
2011-04-11;480;391;0,7;jah
2011-04-12;475;386;1,4;jah
2011-04-13;461;378;2;jah
2011-04-14;441;368;2,6;jah
2011-04-15;420;357;3,1;jah
2011-04-16;399;346;3,8;jah
2011-04-17;380;335;4,4;jah
2011-04-18;364;326;5,7;jah
2011-04-19;344;314;6,3;jah
2011-04-20;314;297;6,6;jah
2011-04-21;275;276;7;jah
2011-04-22;242;257;8,2;jah
2011-04-23;218;239;9,2;jah
2011-04-24;192;218;10,4;jah
2011-04-25;165;196;11,3;jah
2011-04-26;139;173;11,9;jah
2011-04-27;116;149;12,3;jah
2011-04-28;97,8;126;12,5;jah
2011-04-29;83,1;108;12;jah
2011-04-30;71,8;96;11,1;jah
2011-05-01;63;86;10,2;jah
2011-05-02;56,1;77;9,3;jah
2011-05-03;50;70;8,7;jah
2011-05-04;46,8;67;8,3;jah
2011-05-05;45,8;66;8,2;jah
2011-05-06;44,1;64;8,7;jah
2011-05-07;40,4;59;9,6;jah
2011-05-08;36,5;54;10,7;jah
2011-05-09;32,8;49;12;jah
2011-05-10;29,5;44;13,2;jah
2011-05-11;26,9;40;14,5;jah
2011-05-12;24,5;37;15,5;jah
2011-05-13;22,6;34;15,6;jah
2011-05-14;23,6;37;14,7;jah
2011-05-15;29,3;45;13,6;jah
2011-05-16;34,4;51;12,5;jah
2011-05-17;40,6;58;11,5;jah
2011-05-18;50,6;66;11,3;jah
2011-05-19;56,5;68;11,5;jah
2011-05-20;52,4;66;12,7;jah
2011-05-21;44,9;60;13,8;jah
2011-05-22;37,2;53;15,1;jah
2011-05-23;32,5;48;15,4;jah
2011-05-24;34,7;48;15,5;jah
2011-05-25;40,7;53;15,1;jah
2011-05-26;40,4;52;15;jah
2011-05-27;34,4;48;14,8;jah
2011-05-28;28,4;43;14,6;jah
2011-05-29;23,2;39;14,8;jah
2011-05-30;19,8;35;14,7;jah
2011-05-31;19;33;15,9;jah
2011-06-01;18,3;31;17,6;jah
2011-06-02;17,4;28;18,4;jah
2011-06-03;16,4;25;18,7;jah
2011-06-04;15,6;23;19,2;jah
2011-06-05;15;21;19,8;jah
2011-06-06;14,6;20;20,4;jah
2011-06-07;14,1;19;21,4;jah
2011-06-08;13,4;18;22,5;jah
2011-06-09;12,8;16;22,9;jah
2011-06-10;12,2;15;23,1;jah
2011-06-11;11,8;15;23,6;jah
2011-06-12;11,5;14;24,1;jah
2011-06-13;11;14;23,4;jah
2011-06-14;10,8;13;21,9;jah
2011-06-15;11;13;20,6;jah
2011-06-16;11,4;14;20,2;jah
2011-06-17;11,8;15;20;jah
2011-06-18;12,6;16;19,7;jah
2011-06-19;13,3;17;19,1;jah
2011-06-20;14;18;18,2;jah
2011-06-21;13,6;18;18;jah
2011-06-22;13;17;18,3;jah
2011-06-23;12,5;16;17,9;jah
2011-06-24;12,1;16;17,8;jah
2011-06-25;11,4;15;18,8;jah
2011-06-26;10,9;14;19,3;jah
2011-06-27;10,7;14;19,7;jah
2011-06-28;10,5;14;20,7;jah
2011-06-29;9,92;13;21,7;jah
2011-06-30;9,36;12;22,7;jah
2011-07-01;9,27;11;23,4;jah
2011-07-02;9,04;10;24,1;jah
2011-07-03;8,64;9;24,1;jah
2011-07-04;8,13;9;24,1;jah
2011-07-05;7,64;8;23,4;jah
2011-07-06;7,26;7;23,2;jah
2011-07-07;7,35;8;23,6;jah
2011-07-08;7,26;9;24,4;jah
2011-07-09;7,22;9;24,9;jah
2011-07-10;7,87;8;25;jah
2011-07-11;8,55;8;25,1;jah
2011-07-12;11,1;13;24,5;jah
2011-07-13;10,9;13;23,3;jah
2011-07-14;9,66;11;22,9;jah
2011-07-15;9,13;12;22,5;jah
2011-07-16;8,29;11;22,1;jah
2011-07-17;7,52;10;22,1;jah
2011-07-18;7,52;10;22,6;jah
2011-07-19;7,53;10;22,6;jah
2011-07-20;7,42;9;22,6;jah
2011-07-21;7,31;8;23,5;jah
2011-07-22;7,17;7;24,6;jah
2011-07-23;7,02;7;25;jah
2011-07-24;6,86;6;24,1;jah
2011-07-25;6,57;5;23,4;jah
2011-07-26;6,48;4;23,4;jah
2011-07-27;6,88;5;23,7;jah
2011-07-28;7,82;9;23,1;jah
2011-07-29;11,1;18;22,6;jah
2011-07-30;11,2;18;21,8;jah
2011-07-31;10,9;18;21,7;jah
2011-08-01;10,5;17;21,3;jah
2011-08-02;9,69;16;20,7;jah
2011-08-03;8,85;14;20,5;jah
2011-08-04;8,05;12;20,8;jah
2011-08-05;7,39;10;21,2;jah
2011-08-06;6,88;9;21;jah
2011-08-07;6,53;7;21,4;jah
2011-08-08;6,78;8;21,4;jah
2011-08-09;8,06;13;20,8;jah
2011-08-10;13,8;30;19,6;jah
2011-08-11;22,9;53;18;jah
2011-08-12;26,9;60;17;jah
2011-08-13;21,6;48;16,6;jah
2011-08-14;17,1;38;17,2;jah
2011-08-15;14,4;32;17,9;jah
2011-08-16;12,5;28;19,1;jah
2011-08-17;11,4;26;19,4;jah
2011-08-18;11,2;27;19;jah
2011-08-19;10,3;24;18,9;jah
2011-08-20;9,74;24;18,5;jah
2011-08-21;10,3;27;18,4;jah
2011-08-22;11;28;18,3;jah
2011-08-23;13,1;27;18,5;jah
2011-08-24;14,9;25;18,7;jah
2011-08-25;15,9;23;18,8;jah
2011-08-26;14,5;20;18,9;jah
2011-08-27;12,8;17;18,8;jah
2011-08-28;11,6;14;18,2;jah
2011-08-29;12,7;19;17,3;jah
2011-08-30;18,8;34;17,1;jah
2011-08-31;28,6;57;16,2;jah
2011-09-01;32,2;65;15,9;jah
2011-09-02;30,4;60;15,3;jah
2011-09-03;28,4;55;15,3;jah
2011-09-04;25,8;48;15,4;jah
2011-09-05;23,3;43;15,5;jah
2011-09-06;21,9;39;15,2;jah
2011-09-07;21,6;38;14,9;jah
2011-09-08;21,6;38;14,6;jah
2011-09-09;20,9;35;14,6;jah
2011-09-10;20,3;34;14,6;jah
2011-09-11;22,1;38;14,4;jah
2011-09-12;23;41;14;jah
2011-09-13;26,4;49;14,1;jah
2011-09-14;31,5;60;14,1;jah
2011-09-15;34;65;13,8;jah
2011-09-16;35,8;69;13,3;jah
2011-09-17;36,5;70;13;jah
2011-09-18;32,5;60;12,9;jah
2011-09-19;28,1;50;12,7;jah
2011-09-20;25,1;43;12,8;jah
2011-09-21;25,2;42;12,7;jah
2011-09-22;25,3;41;12,8;jah
2011-09-23;26,3;43;12,5;jah
2011-09-24;26,8;44;11,7;jah
2011-09-25;27,2;46;11,1;jah
2011-09-26;26,7;45;11,3;jah
2011-09-27;24,5;41;11,7;jah
2011-09-28;22,7;38;11,6;jah
2011-09-29;21,7;36;11,8;jah
2011-09-30;21,1;35;12,4;jah
2011-10-01;20,3;33;12,3;jah
2011-10-02;18,5;29;11,6;jah
2011-10-03;17,3;26;11,9;jah
2011-10-04;17;26;12;jah
2011-10-05;18,7;30;11,7;jah
2011-10-06;21,2;35;11,7;jah
2011-10-07;21,5;35;11,6;jah
2011-10-08;21,8;36;11;jah
2011-10-09;23,8;40;10,5;jah
2011-10-10;25;43;9,8;jah
2011-10-11;27,5;49;9,4;jah
2011-10-12;36,7;67;8,8;jah
2011-10-13;46,6;83;8,2;jah
2011-10-14;50,6;88;7,5;jah
2011-10-15;49,4;86;6,9;jah
2011-10-16;45,3;78;6,9;jah
2011-10-17;39,8;69;6,8;jah
2011-10-18;34,7;60;6,3;jah
2011-10-19;31,1;54;6,2;jah
2011-10-20;33,2;60;6,5;jah
2011-10-21;42;77;6,4;jah
2011-10-22;46,1;83;6,3;jah
2011-10-23;45,5;83;6,5;jah
2011-10-24;43,2;79;6,5;jah
2011-10-25;41,7;74;6,3;jah
2011-10-26;39,6;68;6,2;jah
2011-10-27;37,2;61;5,7;jah
2011-10-28;34,5;55;5,4;jah
2011-10-29;31,7;50;5,5;jah
2011-10-30;29,5;46;5,7;jah
2011-10-31;28,2;43;6,4;jah
2011-11-01;27,6;42;6,5;jah
2011-11-02;27,1;41;7,1;jah
2011-11-03;26,2;40;7,4;jah
2011-11-04;25,1;38;7,3;jah
2011-11-05;23,5;35;7;jah
2011-11-06;21,9;33;6,5;jah
2011-11-07;20,6;31;6,2;jah
2011-11-08;19,8;30;6,2;jah
2011-11-09;19,1;30;5,8;jah
2011-11-10;18,1;28;4,6;jah
2011-11-11;17,1;26;4,2;jah
2011-11-12;16,3;25;4,3;jah
2011-11-13;15,9;25;4,1;jah
2011-11-14;15,7;25;4,2;jah
2011-11-15;16,2;26;3,9;jah
2011-11-16;16,2;25;3,2;jah
2011-11-17;16;24;3,5;jah
2011-11-18;16;23;3,8;jah
2011-11-19;16,8;24;4,3;jah
2011-11-20;18,4;27;3,9;jah
2011-11-21;20,1;30;3;jah
2011-11-22;19,8;29;3;jah
2011-11-23;18,9;28;3,1;jah
2011-11-24;19;29;3,3;jah
2011-11-25;20,8;34;3,6;jah
2011-11-26;28,5;50;3,8;jah
2011-11-27;42,5;78;4,4;jah
2011-11-28;79,1;131;4,6;jah
2011-11-29;92,5;146;4;jah
2011-11-30;84,7;136;3,9;jah
2011-12-01;73,8;123;3,8;jah
2011-12-02;67,4;114;3,7;jah
2011-12-03;78,4;129;3,2;jah
2011-12-04;91,1;143;3;jah
2011-12-05;126;181;2,9;jah
2011-12-06;152;202;2,6;jah
2011-12-07;157;205;2,2;jah
2011-12-08;149;196;1,8;jah
2011-12-09;133;179;1,4;jah
2011-12-10;120;168;1,4;jah
2011-12-11;136;185;1,8;jah
2011-12-12;147;193;2;jah
2011-12-13;144;189;2;jah
2011-12-14;137;183;2,1;jah
2011-12-15;148;196;2,6;jah
2011-12-16;190;230;3;jah
2011-12-17;198;235;2,8;jah
2011-12-18;199;239;2,7;jah
2011-12-19;227;262;2,6;jah
2011-12-20;271;292;2,3;jah
2011-12-21;284;298;2,2;jah
2011-12-22;271;288;1,8;jah
2011-12-23;250;272;1,2;jah
2011-12-24;225;253;0,7;jah
2011-12-25;206;238;0,6;jah
2011-12-26;201;233;1,4;jah
2011-12-27;195;225;2,4;jah
2011-12-28;181;213;2,2;jah
2011-12-29;169;203;1,9;jah
2011-12-30;180;215;2,2;jah
2011-12-31;208;235;2;jah
2012-01-01;199;226;1,3;jah
2012-01-02;176;208;0,6;jah
2012-01-03;157;192;0,4;jah
2012-01-04;149;187;0,6;jah
2012-01-05;182;217;1,1;jah
2012-01-06;212;237;1,1;jah
2012-01-07;212;233;0,7;jah
2012-01-08;191;215;0;jah
2012-01-09;178;204;0;jah
2012-01-10;163;190;0;jah
2012-01-11;151;179;0,1;jah
2012-01-12;152;185;0,3;jah
2012-01-13;192;220;0,4;jah
2012-01-14;188;219;0,2;jah
2012-01-15;163;203;0,2;jah
2012-01-16;146;193;0,3;jah
2012-01-17;141;194;0,3;jah
2012-01-18;124;181;0,4;jah
2012-01-19;109;167;0,3;jah
2012-01-20;99,8;159;0,2;jah
2012-01-21;87,2;145;0,1;jah
2012-01-22;75;131;0,1;jah
2012-01-23;66,1;120;0,1;jah
2012-01-24;55,6;106;0,1;jah
2012-01-25;47,5;95;0;jah
2012-01-26;44,7;92;0;jah
2012-01-27;43,1;94;0;jah
2012-01-28;41,3;112;0;jah
2012-01-29;39,6;138;0;jah
2012-01-30;37,9;151;0;jah
2012-01-31;36,2;152;0;jah
2012-02-01;34,6;151;0;jah
2012-02-02;33;152;0;jah
2012-02-03;31,6;147;0;jah
2012-02-04;30,4;143;0;jah
2012-02-05;29,2;133;0;jah
2012-02-06;28;121;0;jah
2012-02-07;26,9;108;0,2;jah
2012-02-08;25,8;96;0,2;jah
2012-02-09;24,7;87;0,3;jah
2012-02-10;23,6;79;0,4;jah
2012-02-11;22,6;72;0,2;jah
2012-02-12;21,6;65;0,1;jah
2012-02-13;20,6;60;0;jah
2012-02-14;19,6;56;0;jah
2012-02-15;18,7;54;0;jah
2012-02-16;17,9;53;0;jah
2012-02-17;17,3;51;0;jah
2012-02-18;16,4;48;0;jah
2012-02-19;16;47;0;jah
2012-02-20;15,7;47;0;jah
2012-02-21;15,7;47;0;jah
2012-02-22;15,8;47;0;jah
2012-02-23;17,1;52;0;jah
2012-02-24;18,5;56;0;jah
2012-02-25;19,7;60;0;jah
2012-02-26;21,5;65;0;jah
2012-02-27;22,6;68;0;jah
2012-02-28;23,2;70;0;jah
2012-02-29;23,2;69;0;jah
2012-03-01;23,3;70;0;jah
2012-03-02;24,3;72;0;jah
2012-03-03;25,1;73;0;jah
2012-03-04;26;75;0;jah
2012-03-05;26,6;76;0;jah
2012-03-06;26,3;74;0;jah
2012-03-07;24,6;69;0;jah
2012-03-08;22,8;64;0;jah
2012-03-09;21,7;61;0;jah
2012-03-10;21,4;60;0;jah
2012-03-11;21,9;62;0;jah
2012-03-12;23,2;65;0;jah
2012-03-13;26,5;74;0;jah
2012-03-14;31,4;85;0;jah
2012-03-15;35;93;0;jah
2012-03-16;36,4;98;0;jah
2012-03-17;38,8;106;0;jah
2012-03-18;46,1;124;0;jah
2012-03-19;81,9;187;0;jah
2012-03-20;150;269;0;jah
2012-03-21;160;296;0;jah
2012-03-22;179;316;0;jah
2012-03-23;202;342;0;jah
2012-03-24;225;358;0;jah
2012-03-25;250;306;0;jah
2012-03-26;275;304;0;jah
2012-03-27;301;306;0;jah
2012-03-28;317;320;0,3;jah
2012-03-29;320;315;0,8;jah
2012-03-30;314;305;1;jah
2012-03-31;305;293;1,2;jah
2012-04-01;287;277;1,1;jah
2012-04-02;259;259;0,9;jah
2012-04-03;230;240;0,7;jah
2012-04-04;205;222;0,7;jah
2012-04-05;186;208;1,3;jah
2012-04-06;168;193;1,7;jah
2012-04-07;162;189;1,5;jah
2012-04-08;156;184;1,4;jah
2012-04-09;143;172;1,4;jah
2012-04-10;134;165;2,1;jah
2012-04-11;125;156;3;jah
2012-04-12;123;156;4,1;jah
2012-04-13;134;166;5;jah
2012-04-14;151;181;4,8;jah
2012-04-15;157;185;4,4;jah
2012-04-16;153;180;4,4;jah
2012-04-17;162;190;3,7;jah
2012-04-18;179;202;3,5;jah
2012-04-19;178;201;3,7;jah
2012-04-20;175;199;4,5;jah
2012-04-21;195;215;5,1;jah
2012-04-22;196;214;6,1;jah
2012-04-23;185;205;7,2;jah
2012-04-24;187;207;7,4;jah
2012-04-25;185;206;7,3;jah
2012-04-26;178;201;8,6;jah
2012-04-27;167;193;10;jah
2012-04-28;154;182;10,9;jah
2012-04-29;140;169;11,3;jah
2012-04-30;130;158;10,8;jah
2012-05-01;116;144;11;jah
2012-05-02;103;130;10,9;jah
2012-05-03;91,6;118;10,8;jah
2012-05-04;81,8;107;10,5;jah
2012-05-05;72,8;98;10,6;jah
2012-05-06;66,2;91;10,3;jah
2012-05-07;63,9;89;10,1;jah
2012-05-08;63,2;88;10,6;jah
2012-05-09;57,3;81;11,2;jah
2012-05-10;51,2;73;12,3;jah
2012-05-11;50,5;74;13,1;jah
2012-05-12;63,3;90;12,9;jah
2012-05-13;65,6;91;12,2;jah
2012-05-14;58,4;82;11,8;jah
2012-05-15;50,8;73;12;jah
2012-05-16;44,6;65;12,4;jah
2012-05-17;40,9;60;12,7;jah
2012-05-18;49,1;74;12,5;jah
2012-05-19;73,5;103;12,4;jah
2012-05-20;73,9;101;12,8;jah
2012-05-21;64,3;90;13,9;jah
2012-05-22;54,7;78;15,2;jah
2012-05-23;46,9;68;15,9;jah
2012-05-24;39,6;58;15,9;jah
2012-05-25;33,8;50;16,2;jah
2012-05-26;30;44;16,5;jah
2012-05-27;27,2;40;17,1;jah
2012-05-28;25,7;38;17,4;jah
2012-05-29;24;35;17,2;jah
2012-05-30;24,9;38;15,2;jah
2012-05-31;34,1;55;13,9;jah
2012-06-01;40;65;12,7;jah
2012-06-02;43,2;73;12;jah
2012-06-03;55;93;11,9;jah
2012-06-04;59,6;100;12,2;jah
2012-06-05;54;92;12,5;jah
2012-06-06;47,1;81;12,8;jah
2012-06-07;40,1;69;13,1;jah
2012-06-08;34,2;59;13,8;jah
2012-06-09;29,4;50;14,7;jah
2012-06-10;25,8;43;15,7;jah
2012-06-11;23,3;39;15,6;jah
2012-06-12;25;43;15,7;jah
2012-06-13;31,2;53;16,3;jah
2012-06-14;31,7;54;16,9;jah
2012-06-15;28;48;17,8;jah
2012-06-16;23,8;40;18,4;jah
2012-06-17;20,9;35;18,2;jah
2012-06-18;19,8;34;18,1;jah
2012-06-19;19,7;34;17,9;jah
2012-06-20;19,1;34;17,7;jah
2012-06-21;18,1;32;18,5;jah
2012-06-22;16,6;29;18,9;jah
2012-06-23;16;28;18;jah
2012-06-24;18,7;36;16,7;jah
2012-06-25;22,8;45;16,3;jah
2012-06-26;26,1;53;16;jah
2012-06-27;30,6;63;15,8;jah
2012-06-28;37,2;75;15,6;jah
2012-06-29;36,8;73;15,6;jah
2012-06-30;34,6;68;15,7;jah
2012-07-01;31,1;60;16,4;jah
2012-07-02;27,3;52;17,1;jah
2012-07-03;23,7;44;17,4;jah
2012-07-04;21,4;39;17,9;jah
2012-07-05;20,1;36;18,2;jah
2012-07-06;18,8;32;19;jah
2012-07-07;17,9;31;20,5;jah
2012-07-08;17,3;29;21,3;jah
2012-07-09;16,6;28;21,5;jah
2012-07-10;16,1;27;21,9;jah
2012-07-11;15,7;26;21,6;jah
2012-07-12;15,8;26;21,4;jah
2012-07-13;16;27;21,1;jah
2012-07-14;18,1;33;20,5;jah
2012-07-15;20,6;39;19,5;jah
2012-07-16;22,3;44;18,6;jah
2012-07-17;28,9;58;18,3;jah
2012-07-18;34,2;69;17,4;jah
2012-07-19;41,3;82;16,8;jah
2012-07-20;41,2;81;16,7;jah
2012-07-21;37,3;75;16,6;jah
2012-07-22;31,6;65;16,9;jah
2012-07-23;28,2;58;16,7;jah
2012-07-24;25,1;51;17,2;jah
2012-07-25;22,9;46;18,1;jah
2012-07-26;20,4;40;19,1;jah
2012-07-27;17,9;34;19,9;jah
2012-07-28;15,8;28;20,7;jah
2012-07-29;14,2;24;21,8;jah
2012-07-30;13,1;21;22,2;jah
2012-07-31;12,8;20;21,7;jah
2012-08-01;13,8;23;21,2;jah
2012-08-02;16,8;30;20,7;jah
2012-08-03;19,8;37;20,8;jah
2012-08-04;21,4;40;20,9;jah
2012-08-05;21,8;41;20,6;jah
2012-08-06;21,9;41;19,9;jah
2012-08-07;21,2;41;19,1;jah
2012-08-08;25,4;52;18,1;jah
2012-08-09;43,1;87;17,3;jah
2012-08-10;53,3;102;16,5;jah
2012-08-11;45,8;91;15,6;jah
2012-08-12;39,1;81;14,8;jah
2012-08-13;35,2;75;14,5;jah
2012-08-14;33,2;69;14,8;jah
2012-08-15;30,7;61;15,1;jah
2012-08-16;27,5;53;15,4;jah
2012-08-17;24,2;44;16,1;jah
2012-08-18;21,3;37;16,9;jah
2012-08-19;19;33;17,2;jah
2012-08-20;17,5;30;17,3;jah
2012-08-21;17,5;31;16,7;jah
2012-08-22;21,8;42;16,2;jah
2012-08-23;23,8;46;16;jah
2012-08-24;26,9;54;15,9;jah
2012-08-25;38,6;77;15,6;jah
2012-08-26;47,6;92;15,1;jah
2012-08-27;47,9;93;14,8;jah
2012-08-28;45,6;90;14,7;jah
2012-08-29;43,5;88;14,7;jah
2012-08-30;41,4;85;14,5;jah
2012-08-31;38,2;79;14,5;jah
2012-09-01;34,2;71;14;jah
2012-09-02;30,2;63;14,2;jah
2012-09-03;27,1;57;14,6;jah
2012-09-04;26,4;56;15;jah
2012-09-05;26,8;57;15,1;jah
2012-09-06;25,1;53;14,8;jah
2012-09-07;23;48;14,1;jah
2012-09-08;21,6;45;13,5;jah
2012-09-09;21,9;46;13,1;jah
2012-09-10;26,3;56;12,5;jah
2012-09-11;27,3;57;12,6;jah
2012-09-12;25,2;51;12,8;jah
2012-09-13;23,5;47;12,7;jah
2012-09-14;23,8;47;12,7;jah
2012-09-15;24,2;47;13;jah
2012-09-16;24,6;47;12,8;jah
2012-09-17;25,3;48;13,2;jah
2012-09-18;24,1;44;13,5;jah
2012-09-19;22,7;41;13,4;jah
2012-09-20;21,4;38;12,8;jah
2012-09-21;21,7;38;12,3;jah
2012-09-22;23,9;42;12,1;jah
2012-09-23;24,9;45;11,7;jah
2012-09-24;26,2;49;11,3;jah
2012-09-25;29,8;57;11;jah
2012-09-26;32,2;63;10,9;jah
2012-09-27;31,9;63;10,9;jah
2012-09-28;29,7;61;11,1;jah
2012-09-29;29,6;63;11;jah
2012-09-30;36;76;11;jah
2012-10-01;44,2;90;10,7;jah
2012-10-02;49,5;99;10,5;jah
2012-10-03;51,3;101;10,3;jah
2012-10-04;49,7;98;10,4;jah
2012-10-05;47,3;95;10,4;jah
2012-10-06;47,2;95;10,1;jah
2012-10-07;51,9;101;9,6;jah
2012-10-08;57,4;108;9,1;jah
2012-10-09;68,2;122;8,6;jah
2012-10-10;83,7;141;8,2;jah
2012-10-11;99,4;157;7,8;jah
2012-10-12;101;156;7,4;jah
2012-10-13;101;153;6,9;jah
2012-10-14;99,7;150;6,4;jah
2012-10-15;96,7;145;6,3;jah
2012-10-16;93,4;142;6,9;jah
2012-10-17;97,2;149;7,3;jah
2012-10-18;120;174;7,5;jah
2012-10-19;120;174;7,7;jah
2012-10-20;111;165;8,3;jah
2012-10-21;105;160;8,8;jah
2012-10-22;102;156;8,9;jah
2012-10-23;97,8;151;7,9;jah
2012-10-24;91,7;143;7;jah
2012-10-25;83,9;134;6,3;jah
2012-10-26;78,3;127;5,1;jah
2012-10-27;74;121;3,8;jah
2012-10-28;70,6;117;3;jah
2012-10-29;68,3;113;2,2;jah
2012-10-30;65,1;109;1,7;jah
2012-10-31;61,8;104;1,6;jah
2012-11-01;58,8;100;1,7;jah
2012-11-02;59,7;101;2,2;jah
2012-11-03;73,6;122;3;jah
2012-11-04;102;155;3,7;jah
2012-11-05;122;175;4;jah
2012-11-06;159;210;3,8;jah
2012-11-07;185;230;3,4;jah
2012-11-08;190;233;2,8;jah
2012-11-09;181;225;2,3;jah
2012-11-10;170;215;1,6;jah
2012-11-11;157;204;1,4;jah
2012-11-12;146;194;2,2;jah
2012-11-13;135;183;2,6;jah
2012-11-14;124;172;2,8;jah
2012-11-15;114;161;3,8;jah
2012-11-16;109;155;4,1;jah
2012-11-17;103;149;4,4;jah
2012-11-18;96;141;4,4;jah
2012-11-19;90,9;135;4,2;jah
2012-11-20;87,1;130;3,9;jah
2012-11-21;81,6;123;3,8;jah
2012-11-22;75,9;116;3,9;jah
2012-11-23;70,6;109;4;jah
2012-11-24;65,8;102;4,2;jah
2012-11-25;62,8;97;4,3;jah
2012-11-26;61,9;95;4,1;jah
2012-11-27;60,9;93;3,4;jah
2012-11-28;58,6;89;2,4;jah
2012-11-29;56,7;86;1,1;jah
2012-11-30;53,4;79;0,1;jah
2012-12-01;50,5;69;0;jah
2012-12-02;48,2;85;0,1;jah
2012-12-03;45,8;93;0,1;jah
2012-12-04;43,3;96;0,1;jah
2012-12-05;40,8;94;0,1;jah
2012-12-06;38,3;95;0;jah
2012-12-07;36,3;94;0;jah
2012-12-08;36,4;92;0,1;jah
2012-12-09;36,7;91;0,1;jah
2012-12-10;36,9;90;0,1;jah
2012-12-11;37,2;90;0,1;jah
2012-12-12;37,7;96;0;jah
2012-12-13;37,8;99;0;jah
2012-12-14;37,8;97;0;jah
2012-12-15;38,1;99;0;jah
2012-12-16;40,2;99;0;jah
2012-12-17;42,7;99;0;jah
2012-12-18;46,1;103;0;jah
2012-12-19;49,9;111;0;jah
2012-12-20;53,8;118;0;jah
2012-12-21;57,9;124;0;jah
2012-12-22;62,2;130;0;jah
2012-12-23;66,7;138;0;jah
2012-12-24;71,3;144;0;jah
2012-12-25;76,1;144;0;jah
2012-12-26;81;136;0;jah
2012-12-27;86,5;137;0;jah
2012-12-28;93;154;0;jah
2012-12-29;99,8;161;0;jah
2012-12-30;107;160;0;jah
2012-12-31;114;155;0;jah
2013-01-01;141;181;0;jah
2013-01-02;194;260;0;jah
2013-01-03;229;293;0;jah
2013-01-04;241;256;0;jah
2013-01-05;232;248;0;jah
2013-01-06;222;244;0;jah
2013-01-07;213;238;0;jah
2013-01-08;201;229;0,1;jah
2013-01-09;183;217;0,1;jah
2013-01-10;167;205;0,1;jah
2013-01-11;151;192;0;jah
2013-01-12;137;180;0;jah
2013-01-13;122;168;0;jah
2013-01-14;120;167;0;jah
2013-01-15;113;161;0,1;jah
2013-01-16;104;153;0,1;jah
2013-01-17;98,8;158;0;jah
2013-01-18;95,6;188;0;jah
2013-01-19;92,4;201;0;jah
2013-01-20;89,2;202;0;jah
2013-01-21;86,1;198;0;jah
2013-01-22;83,1;197;0;jah
2013-01-23;80,1;193;0;jah
2013-01-24;77,1;182;0;jah
2013-01-25;74,3;175;0;jah
2013-01-26;71,5;168;0;jah
2013-01-27;68,7;162;0;jah
2013-01-28;66;156;0;jah
2013-01-29;63,4;148;0,1;jah
2013-01-30;60,8;137;0,1;jah
2013-01-31;58,3;133;0,1;jah
2013-02-01;55,8;127;0,2;jah
2013-02-02;53,4;122;0,2;jah
2013-02-03;51;118;0,2;jah
2013-02-04;48,8;115;0,1;jah
2013-02-05;47,3;112;0,2;jah
2013-02-06;45,2;107;0,2;jah
2013-02-07;43,5;104;0,2;jah
2013-02-08;42,6;101;0,2;jah
2013-02-09;41,4;99;0,2;jah
2013-02-10;40,2;96;0,2;jah
2013-02-11;39,4;94;0,2;jah
2013-02-12;39;93;0,2;jah
2013-02-13;37,9;90;0,2;jah
2013-02-14;36,5;87;0,2;jah
2013-02-15;36,1;86;0,2;jah
2013-02-16;35,7;85;0,2;jah
2013-02-17;35,2;83;0,2;jah
2013-02-18;34,7;82;0,2;jah
2013-02-19;34,3;81;0,2;jah
2013-02-20;34,3;80;0,2;jah
2013-02-21;32,3;76;0,2;jah
2013-02-22;32;75;0,1;jah
2013-02-23;30,9;72;0,1;jah
2013-02-24;32,4;75;0,1;jah
2013-02-25;29,5;68;0,1;jah
2013-02-26;28;65;0;jah
2013-02-27;28;65;0;jah
2013-02-28;28,1;64;0;jah
2013-03-01;27,8;63;0;jah
2013-03-02;28;64;0;jah
2013-03-03;27,8;63;0;jah
2013-03-04;26,5;60;0;jah
2013-03-05;26;58;0;jah
2013-03-06;27;60;0;jah
2013-03-07;26,6;59;0;jah
2013-03-08;25,5;56;0;jah
2013-03-09;23,8;52;0;jah
2013-03-10;23,3;50;0;jah
2013-03-11;22,2;47;0;jah
2013-03-12;21,6;46;0;jah
2013-03-13;21,3;45;0;jah
2013-03-14;20,4;42;0;jah
2013-03-15;20,1;41;0;jah
2013-03-16;19,1;38;0;jah
2013-03-17;18,4;36;0;jah
2013-03-18;17,8;35;0;jah
2013-03-19;17,3;33;0;jah
2013-03-20;16,9;32;0;jah
2013-03-21;17,1;32;0;jah
2013-03-22;17,1;32;0;jah
2013-03-23;16,7;31;0;jah
2013-03-24;16;30;0;jah
2013-03-25;15,9;30;0;jah
2013-03-26;16,2;31;0;jah
2013-03-27;16,5;33;0;jah
2013-03-28;16,5;33;0;jah
2013-03-29;16,4;34;0;jah
2013-03-30;16,1;34;0;jah
2013-03-31;16,1;34;0;jah
2013-04-01;16,1;35;0;jah
2013-04-02;15,9;35;0;jah
2013-04-03;15,8;36;0;jah
2013-04-04;15,7;36;0;jah
2013-04-05;15,3;35;0;jah
2013-04-06;15;35;0;jah
2013-04-07;14,9;36;0;jah
2013-04-08;14,9;37;0;jah
2013-04-09;15,1;38;0;jah
2013-04-10;15,4;39;0;jah
2013-04-11;16,3;41;0;jah
2013-04-12;18,8;46;0;jah
2013-04-13;37,2;89;0;jah
2013-04-14;121;205;0;jah
2013-04-15;212;279;0;jah
2013-04-16;291;351;0;jah
2013-04-17;324;384;0;jah
2013-04-18;342;322;0,3;jah
2013-04-19;364;353;1,4;jah
2013-04-20;380;362;2,8;jah
2013-04-21;371;353;3,4;jah
2013-04-22;348;337;4,3;jah
2013-04-23;322;319;5,2;jah
2013-04-24;300;303;6;jah
2013-04-25;283;289;7,1;jah
2013-04-26;265;275;7,2;jah
2013-04-27;246;259;6,3;jah
2013-04-28;223;241;6,1;jah
2013-04-29;195;220;6,6;jah
2013-04-30;171;201;7,3;jah
2013-05-01;149;183;8,1;jah
2013-05-02;130;166;9,1;jah
2013-05-03;110;147;9,6;jah
2013-05-04;91;129;10;jah
2013-05-05;76;112;10,1;jah
2013-05-06;66,2;97;10,2;jah
2013-05-07;59,1;85;10,6;jah
2013-05-08;53,5;76;11,5;jah
2013-05-09;49,2;70;12,9;jah
2013-05-10;47,1;67;13,9;jah
2013-05-11;48,3;69;14,6;jah
2013-05-12;50,5;71;14,4;jah
2013-05-13;51,3;72;13,9;jah
2013-05-14;53,5;75;13,6;jah
2013-05-15;55;76;13,7;jah
2013-05-16;52,5;72;14,2;jah
2013-05-17;47,9;67;15,4;jah
2013-05-18;46,4;68;16,5;jah
2013-05-19;57,8;85;17,2;jah
2013-05-20;60,7;89;17,4;jah
2013-05-21;57,4;86;16,9;jah
2013-05-22;56,2;87;16,4;jah
2013-05-23;61,4;95;16,5;jah
2013-05-24;60,3;93;16,2;jah
2013-05-25;60,8;93;15,6;jah
2013-05-26;53,5;82;14,5;jah
2013-05-27;48;74;14,7;jah
2013-05-28;44,6;69;15,6;jah
2013-05-29;41,2;64;16,1;jah
2013-05-30;40,2;63;16,4;jah
2013-05-31;49,5;76;16,5;jah
2013-06-01;49,7;75;17,1;jah
2013-06-02;45,3;68;18,4;jah
2013-06-03;38,7;58;19,7;jah
2013-06-04;32,3;47;20,3;jah
2013-06-05;27,1;39;20,8;jah
2013-06-06;23,5;32;21,7;jah
2013-06-07;21;28;21,9;jah
2013-06-08;20;26;21,7;jah
2013-06-09;20,2;27;21,8;jah
2013-06-10;19,8;26;21,3;jah
2013-06-11;17,7;23;20,2;jah
2013-06-12;16,4;21;19,7;jah
2013-06-13;15,8;20;19,7;jah
2013-06-14;15,4;20;19,3;jah
2013-06-15;15;19;18,8;jah
2013-06-16;14,3;18;18,7;jah
2013-06-17;13,9;18;18;jah
2013-06-18;13,8;18;18,1;jah
2013-06-19;14,2;20;19,1;jah
2013-06-20;15;23;19;jah
2013-06-21;14,4;23;19,4;jah
2013-06-22;13;20;20,2;jah
2013-06-23;11,6;18;20,6;jah
2013-06-24;10,7;17;21,1;jah
2013-06-25;9,96;15;21,9;jah
2013-06-26;9,35;15;23,2;jah
2013-06-27;9,27;15;23,2;jah
2013-06-28;9,11;14;22,8;jah
2013-06-29;9,05;14;21,9;jah
2013-06-30;8,86;14;21,3;jah
2013-07-01;8,72;14;20,6;jah
2013-07-02;8,63;14;20,4;jah
2013-07-03;8,36;13;21,1;jah
2013-07-04;8,03;12;21,8;jah
2013-07-05;7,82;11;22,3;jah
2013-07-06;7,6;11;22,2;jah
2013-07-07;7,48;10;22,1;jah
2013-07-08;7,31;10;22,2;jah
2013-07-09;7,07;9;22,5;jah
2013-07-10;6,79;8;22,2;jah
2013-07-11;6,68;7;22,3;jah
2013-07-12;6,56;7;22,5;jah
2013-07-13;6,5;6;22,6;jah
2013-07-14;6,44;6;22,9;jah
2013-07-15;6,37;5;22,8;jah
2013-07-16;6,28;5;22,5;jah
2013-07-17;6,16;4;22;jah
2013-07-18;6,11;4;21,3;jah
2013-07-19;6,14;3;21;jah
2013-07-20;6,04;3;20,2;jah
2013-07-21;6,06;3;19,7;jah
2013-07-22;6,1;3;18,9;jah
2013-07-23;6,3;4;18,7;jah
2013-07-24;6,32;4;18,9;jah
2013-07-25;6,69;6;19,2;jah
2013-07-26;6,89;7;19,2;jah
2013-07-27;6,69;6;19,7;jah
2013-07-28;6,4;5;20,7;jah
2013-07-29;6,16;4;21,5;jah
2013-07-30;6,22;5;21,6;jah
2013-07-31;6,45;6;21;jah
2013-08-01;6,39;6;20,3;jah
2013-08-02;6,49;7;19,7;jah
2013-08-03;6,14;6;20,2;jah
2013-08-04;5,92;5;20,9;jah
2013-08-05;5,71;4;21,4;jah
2013-08-06;5,52;4;21,7;jah
2013-08-07;5,35;3;22;jah
2013-08-08;5,22;3;22,9;jah
2013-08-09;5,02;1;23,1;jah
2013-08-10;5,02;1;22,1;jah
2013-08-11;5,2;2;21,5;jah
2013-08-12;5,73;4;20,4;jah
2013-08-13;6,51;7;19,5;jah
2013-08-14;7,52;10;18,8;jah
2013-08-15;8,18;12;18,5;jah
2013-08-16;8,59;13;18,6;jah
2013-08-17;9,11;15;18,3;jah
2013-08-18;8,83;13;18,5;jah
2013-08-19;8,33;11;19;jah
2013-08-20;7,9;9;19;jah
2013-08-21;7,75;9;18,8;jah
2013-08-22;8,16;10;18,7;jah
2013-08-23;8,43;10;18,5;jah
2013-08-24;8,11;9;17,8;jah
2013-08-25;7,81;7;17,6;jah
2013-08-26;7,56;6;17,7;jah
2013-08-27;7,33;5;17,8;jah
2013-08-28;7,08;4;18,1;jah
2013-08-29;6,73;3;18,4;jah
2013-08-30;6,42;3;18,2;jah
2013-08-31;6,37;3;17,8;jah
2013-09-01;6,25;3;17,6;jah
2013-09-02;6,21;3;16,5;jah
2013-09-03;5,97;3;16,2;jah
2013-09-04;5,67;2;16,1;jah
2013-09-05;5,44;2;16,2;jah
2013-09-06;5,31;2;16,3;jah
2013-09-07;5,08;1;16,1;jah
2013-09-08;4,86;1;16;jah
2013-09-09;4,8;0;16;jah
2013-09-10;4,79;0;16,3;jah
2013-09-11;4,82;0;16,4;jah
2013-09-12;4,87;-1;16,4;jah
2013-09-13;4,92;-1;16,3;jah
2013-09-14;4,9;-1;15,9;jah
2013-09-15;4,86;-2;15,5;jah
2013-09-16;4,75;-2;15;jah
2013-09-17;4,68;-3;15;jah
2013-09-18;4,72;-2;14,9;jah
2013-09-19;4,7;-2;15,2;jah
2013-09-20;4,67;-3;15,1;jah
2013-09-21;4,62;-3;15,4;jah
2013-09-22;4,65;-3;14,7;jah
2013-09-23;4,71;-2;13,8;jah
2013-09-24;4,71;-2;12,9;jah
2013-09-25;4,82;-2;11,8;jah
2013-09-26;4,88;-2;10,7;jah
2013-09-27;4,87;-2;10,2;jah
2013-09-28;4,74;-2;9,5;jah
2013-09-29;4,69;-2;9,2;jah
2013-09-30;4,63;-2;9,1;jah
2013-10-01;4,54;-3;8,7;jah
2013-10-02;4,48;-3;8;jah
2013-10-03;4,48;-3;7,9;jah
2013-10-04;4,37;-3;7,7;jah
2013-10-05;4,34;-3;7,6;jah
2013-10-06;4,36;-3;8,1;jah
2013-10-07;4,31;-3;8,6;jah
2013-10-08;4,31;-3;9,1;jah
2013-10-09;4,34;-2;9,6;jah
2013-10-10;4,38;-2;10;jah
2013-10-11;4,3;-2;9,9;jah
2013-10-12;4,23;-3;9,2;jah
2013-10-13;4,24;-3;8,9;jah
2013-10-14;4,27;-3;8,2;jah
2013-10-15;4,28;-3;8;jah
2013-10-16;4,34;-3;7,9;jah
2013-10-17;4,41;-3;7;jah
2013-10-18;4,86;-1;6,9;jah
2013-10-19;5,01;-1;5,8;jah
2013-10-20;5,19;0;5,1;jah
2013-10-21;5,48;1;4,2;jah
2013-10-22;5,64;1;3,4;jah
2013-10-23;5,64;1;3,7;jah
2013-10-24;5,73;1;5;jah
2013-10-25;5,86;1;5,8;jah
2013-10-26;6,11;1;6,1;jah
2013-10-27;6,58;2;6,6;jah
2013-10-28;6,87;3;7,2;jah
2013-10-29;7,86;7;7,7;jah
2013-10-30;9,89;14;7,7;jah
2013-10-31;14,3;27;7,5;jah
2013-11-01;16,6;32;7,4;jah
2013-11-02;16,2;31;7,3;jah
2013-11-03;16,3;31;7,3;jah
2013-11-04;19,4;41;7,3;jah
2013-11-05;40,1;86;6,9;jah
2013-11-06;61,7;120;6,6;jah
2013-11-07;56,5;110;6,1;jah
2013-11-08;46,5;98;6;jah
2013-11-09;44,6;99;5,7;jah
2013-11-10;44,4;103;5,6;jah
2013-11-11;42;102;5,5;jah
2013-11-12;37,3;94;5,5;jah
2013-11-13;35,4;86;5,7;jah
2013-11-14;38,2;88;5;jah
2013-11-15;38,4;83;4,9;jah
2013-11-16;40,9;85;5;jah
2013-11-17;46,8;91;4,9;jah
2013-11-18;46,8;86;4,2;jah
2013-11-19;42;75;3,9;jah
2013-11-20;37,3;67;3,7;jah
2013-11-21;40,7;75;4,5;jah
2013-11-22;58,9;104;4,9;jah
2013-11-23;69,8;117;5,2;jah
2013-11-24;64,8;109;5,1;jah
2013-11-25;56,4;97;4,3;jah
2013-11-26;48,5;85;3,3;jah
2013-11-27;41,6;74;2,7;jah
2013-11-28;40,2;72;2,6;jah
2013-11-29;43,8;78;2,3;jah
2013-11-30;43,2;76;1,5;jah
2013-12-01;38,6;68;1,2;jah
2013-12-02;37,3;66;0,5;jah
2013-12-03;36,2;64;0,8;jah
2013-12-04;39;70;1,3;jah
2013-12-05;58,2;101;1,3;jah
2013-12-06;78,1;127;1,3;jah
2013-12-07;82,3;130;1,1;jah
2013-12-08;75,5;121;0,9;jah
2013-12-09;66,7;109;0,7;jah
2013-12-10;57,8;97;0,4;jah
2013-12-11;53,1;91;0,6;jah
2013-12-12;58,7;100;1,2;jah
2013-12-13;69;115;1,5;jah
2013-12-14;72,6;118;1;jah
2013-12-15;65,2;107;0,8;jah
2013-12-16;57,2;96;1,1;jah
2013-12-17;54,1;92;1,8;jah
2013-12-18;55,2;94;2,2;jah
2013-12-19;55,2;93;2,5;jah
2013-12-20;52,8;89;2,5;jah
2013-12-21;50,5;86;2,7;jah
2013-12-22;51,6;88;3;jah
2013-12-23;55,8;94;3,3;jah
2013-12-24;58,8;98;3,2;jah
2013-12-25;61,8;102;3,1;jah
2013-12-26;62,9;104;3;jah
2013-12-27;62,7;105;3,1;jah
2013-12-28;66,7;111;3,3;jah
2013-12-29;68,5;114;3,7;jah
2013-12-30;70,9;117;3,9;jah
2013-12-31;71,6;119;3,6;jah
2014-01-01;68,8;115;3,2;jah
2014-01-02;63,9;109;2,8;jah
2014-01-03;57,1;102;2,3;jah
2014-01-04;50,4;95;2,1;jah
2014-01-05;47,2;89;2,2;jah
2014-01-06;45,3;86;2,3;jah
2014-01-07;44,5;85;2,4;jah
2014-01-08;57,7;107;2,9;jah
2014-01-09;85,2;143;3,4;jah
2014-01-10;112;173;3,8;jah
2014-01-11;143;201;3,4;jah
2014-01-12;136;201;2,7;jah
2014-01-13;109;190;1,2;jah
2014-01-14;78;166;0;jah
2014-01-15;69,3;140;0;jah
2014-01-16;73,9;159;0;jah
2014-01-17;75,5;215;0;jah
2014-01-18;67,9;189;0;jah
2014-01-19;60,6;167;0;jah
2014-01-20;53,8;157;0;jah
2014-01-21;50,6;156;0;jah
2014-01-22;48,3;153;0,1;jah
2014-01-23;46;151;0,1;jah
2014-01-24;43,9;146;0,1;jah
2014-01-25;41,8;138;0,2;jah
2014-01-26;39,7;129;0,4;jah
2014-01-27;37,8;122;0,4;jah
2014-01-28;35,9;116;0,8;jah
2014-01-29;34,1;111;1;jah
2014-01-30;32,3;104;1,1;jah
2014-01-31;30,6;96;1,1;jah
2014-02-01;28,9;90;1,2;jah
2014-02-02;27,3;85;1,2;jah
2014-02-03;25,8;80;1;jah
2014-02-04;24,3;75;0,8;jah
2014-02-05;22,9;70;0,5;jah
2014-02-06;21,5;66;0,4;jah
2014-02-07;20,2;63;0,3;jah
2014-02-08;19;60;0,3;jah
2014-02-09;18;59;0,3;jah
2014-02-10;18,1;61;0,7;jah
2014-02-11;18,7;64;0,5;jah
2014-02-12;20,1;68;0,5;jah
2014-02-13;22,3;73;0,6;jah
2014-02-14;23,8;76;0,5;jah
2014-02-15;24,4;76;0,5;jah
2014-02-16;23,9;72;0,4;jah
2014-02-17;24,2;78;0,6;jah
2014-02-18;25,8;101;0,4;jah
2014-02-19;27,5;110;0,3;jah
2014-02-20;29,3;104;0,4;jah
2014-02-21;31,1;93;0,4;jah
2014-02-22;33;89;0,5;jah
2014-02-23;35,2;91;0,5;jah
2014-02-24;38;96;0,4;jah
2014-02-25;40,4;99;0,4;jah
2014-02-26;39,8;96;0,4;jah
2014-02-27;37,4;89;0,4;jah
2014-02-28;35,5;83;0,5;jah
2014-03-01;34,2;78;0,5;jah
2014-03-02;32,9;74;0,5;jah
2014-03-03;32,1;71;0,4;jah
2014-03-04;32,3;70;0,5;jah
2014-03-05;32,8;70;0,5;jah
2014-03-06;32,5;68;0,4;jah
2014-03-07;31,6;65;0,4;jah
2014-03-08;32,1;65;0,4;jah
2014-03-09;34,1;68;0,4;jah
2014-03-10;35;69;0,6;jah
2014-03-11;37,5;73;0,6;jah
2014-03-12;38;72;0,5;jah
2014-03-13;37;69;0,5;jah
2014-03-14;35;64;0,5;jah
2014-03-15;35,6;66;1;jah
2014-03-16;37,6;74;1,6;jah
2014-03-17;39,5;76;1,2;jah
2014-03-18;41,6;71;1;jah
2014-03-19;43,3;69;1,3;jah
2014-03-20;42,1;65;1,3;jah
2014-03-21;42,2;64;2;jah
2014-03-22;59,7;91;2,7;jah
2014-03-23;81,5;119;2,7;jah
2014-03-24;105;145;2,6;jah
2014-03-25;110;149;2,5;jah
2014-03-26;110;147;2,8;jah
2014-03-27;107;143;3,4;jah
2014-03-28;100;134;3,8;jah
2014-03-29;90;123;3,9;jah
2014-03-30;79,7;111;4;jah
2014-03-31;70,8;100;4;jah
2014-04-01;63,5;90;3,7;jah
2014-04-02;56,9;81;3,7;jah
2014-04-03;51,7;74;3,4;jah
2014-04-04;47,8;69;3,5;jah
2014-04-05;44,6;64;3,6;jah
2014-04-06;41,7;60;3,6;jah
2014-04-07;41,1;59;3,9;jah
2014-04-08;48,4;72;4,5;jah
2014-04-09;60;88;5;jah
2014-04-10;60,5;87;5,1;jah
2014-04-11;56,2;81;5;jah
2014-04-12;52,4;76;5,2;jah
2014-04-13;51,7;75;5,1;jah
2014-04-14;53,3;77;5,4;jah
2014-04-15;53,8;77;5,7;jah
2014-04-16;51,5;73;6,2;jah
2014-04-17;48,5;68;6,5;jah
2014-04-18;44,9;63;7,3;jah
2014-04-19;42;58;8,1;jah
2014-04-20;39,3;54;9,2;jah
2014-04-21;36,9;51;10,3;jah
2014-04-22;34,5;47;11,4;jah
2014-04-23;32;43;11,6;jah
2014-04-24;29,4;38;11,2;jah
2014-04-25;27,1;35;11,2;jah
2014-04-26;25,5;32;11,3;jah
2014-04-27;24,2;30;11,4;jah
2014-04-28;23,3;29;12;jah
2014-04-29;22,4;27;12,3;jah
2014-04-30;21,5;26;12,3;jah
2014-05-01;20,7;25;11,3;jah
2014-05-02;20,7;25;10,4;jah
2014-05-03;21,9;27;10;jah
2014-05-04;22,1;28;9,3;jah
2014-05-05;21,7;27;8,8;jah
2014-05-06;21,5;27;8,5;jah
2014-05-07;21;26;8,4;jah
2014-05-08;20,6;26;9,1;jah
2014-05-09;21,4;28;9,2;jah
2014-05-10;25,7;37;10,1;jah
2014-05-11;41,9;66;10,2;jah
2014-05-12;57,5;89;10,4;jah
2014-05-13;58,6;89;10,3;jah
2014-05-14;57,7;88;10,4;jah
2014-05-15;59,3;90;10,6;jah
2014-05-16;54,1;82;11;jah
2014-05-17;46,4;71;11,9;jah
2014-05-18;39,9;60;13,1;jah
2014-05-19;34,9;52;15,2;jah
2014-05-20;31,2;47;17,6;jah
2014-05-21;30,9;47;17,1;jah
2014-05-22;40,7;67;17,4;jah
2014-05-23;54,5;88;17,4;jah
2014-05-24;53,7;87;17,4;jah
2014-05-25;49;80;19;jah
2014-05-26;42,7;69;20,1;jah
2014-05-27;35,7;57;19,4;jah
2014-05-28;29,9;47;17,5;jah
2014-05-29;26,2;41;16;jah
2014-05-30;24,1;37;15;jah
2014-05-31;22,5;35;15,1;jah
2014-06-01;21;32;15,3;jah
2014-06-02;19,5;29;15,1;jah
2014-06-03;18,3;27;15,2;jah
2014-06-04;17,8;26;16,7;jah
2014-06-05;17,2;25;17,9;jah
2014-06-06;16,3;24;19,2;jah
2014-06-07;15,5;22;20,1;jah
2014-06-08;15,4;23;19,7;jah
2014-06-09;15,3;22;19,5;jah
2014-06-10;16,1;25;20,1;jah
2014-06-11;18,6;32;20,3;jah
2014-06-12;21,8;39;19,2;jah
2014-06-13;22,2;40;17,3;jah
2014-06-14;23,9;45;17,5;jah
2014-06-15;28,4;55;17,8;jah
2014-06-16;29,4;56;17,2;jah
2014-06-17;26,6;50;15,4;jah
2014-06-18;24,2;46;13,7;jah
2014-06-19;23,6;45;13,8;jah
2014-06-20;23,5;45;14,2;jah
2014-06-21;24,3;47;13,7;jah
2014-06-22;25,1;49;13,5;jah
2014-06-23;25,4;50;13,6;jah
2014-06-24;26,6;52;14,3;jah
2014-06-25;28,5;56;13,7;jah
2014-06-26;27,9;53;14;jah
2014-06-27;26,2;49;14,3;jah
2014-06-28;23,8;43;14,7;jah
2014-06-29;21,8;39;14,6;jah
2014-06-30;23,2;43;14,7;jah
2014-07-01;33,4;68;14,5;jah
2014-07-02;48,3;98;14,5;jah
2014-07-03;59,7;118;14,7;jah
2014-07-04;58,1;115;14,9;jah
2014-07-05;49,6;101;15,1;jah
2014-07-06;40,8;85;15,6;jah
2014-07-07;33,4;70;16,8;jah
2014-07-08;28,1;59;18,7;jah
2014-07-09;22,9;47;19,8;jah
2014-07-10;19,1;38;20,2;jah
2014-07-11;16,5;32;19,7;jah
2014-07-12;14,6;27;19,4;jah
2014-07-13;13,4;24;20,4;jah
2014-07-14;12,5;22;22,3;jah
2014-07-15;11,8;20;22,7;jah
2014-07-16;11,3;19;22,5;jah
2014-07-17;10,9;18;22,6;jah
2014-07-18;10,6;17;23;jah
2014-07-19;10,3;16;22,8;jah
2014-07-20;10,1;16;21,8;jah
2014-07-21;9,94;15;23,1;jah
2014-07-22;9,95;15;23,1;jah
2014-07-23;10;15;23,6;jah
2014-07-24;10,1;16;24,2;jah
2014-07-25;9,58;14;24,8;jah
2014-07-26;8,94;12;25,3;jah
2014-07-27;8,37;10;25,6;jah
2014-07-28;8,05;9;25,5;jah
2014-07-29;7,85;9;25;jah
2014-07-30;8,08;10;23,8;jah
2014-07-31;8,58;11;24,4;jah
2014-08-01;8,43;11;24,9;jah
2014-08-02;8,47;11;24,9;jah
2014-08-03;8,7;12;25,2;jah
2014-08-04;8,5;12;25,6;jah
2014-08-05;8,02;10;25,7;jah
2014-08-06;7,54;9;25,8;jah
2014-08-07;7,14;7;25,5;jah
2014-08-08;6,87;7;25,3;jah
2014-08-09;6,63;6;24,7;jah
2014-08-10;6,43;5;24,3;jah
2014-08-11;6,83;7;23,5;jah
2014-08-12;7,67;9;22;jah
2014-08-13;8,09;10;21,2;jah
2014-08-14;8,73;12;20,2;jah
2014-08-15;9,49;14;19,5;jah
2014-08-16;10,2;16;20,9;jah
2014-08-17;10,5;16;20,6;jah
2014-08-18;11,3;19;20;jah
2014-08-19;12,7;22;18,5;jah
2014-08-20;15,1;29;18,4;jah
2014-08-21;19,4;41;16,5;jah
2014-08-22;21,5;45;17,8;jah
2014-08-23;19,1;39;16,4;jah
2014-08-24;17,2;35;15,6;jah
2014-08-25;18,1;38;15,3;jah
2014-08-26;23,7;54;14,8;jah
2014-08-27;47;108;14,2;jah
2014-08-28;71,8;144;13,8;jah
2014-08-29;76;147;13,5;jah
2014-08-30;69,7;134;13,1;jah
2014-08-31;61,3;119;12,9;jah
2014-09-01;52,8;102;12,6;jah
2014-09-02;45,1;86;12,4;jah
2014-09-03;38,8;73;12,4;jah
2014-09-04;33,6;62;12,6;jah
2014-09-05;29;52;12,9;jah
2014-09-06;25,1;43;13,1;jah
2014-09-07;22,1;36;13,2;jah
2014-09-08;19,9;30;13,5;jah
2014-09-09;18,2;26;13,4;jah
2014-09-10;17;23;13,4;jah
2014-09-11;16,2;21;13,7;jah
2014-09-12;15,7;20;14;jah
2014-09-13;15,2;18;14;jah
2014-09-14;14,6;17;13,7;jah
2014-09-15;14,2;16;13,4;jah
2014-09-16;13,9;15;13,3;jah
2014-09-17;13,4;14;12,9;jah
2014-09-18;12,9;13;12,5;jah
2014-09-19;12,5;12;12,4;jah
2014-09-20;12,2;12;12,4;jah
2014-09-21;11,8;11;12;jah
2014-09-22;11,7;11;11,6;jah
2014-09-23;12,1;12;10,8;jah
2014-09-24;13,5;16;9,6;jah
2014-09-25;16;21;9,5;jah
2014-09-26;16,2;21;9,4;jah
2014-09-27;16;21;9,6;jah
2014-09-28;15,9;21;9,4;jah
2014-09-29;15,7;21;9,5;jah
2014-09-30;15,2;20;9,3;jah
2014-10-01;14,4;18;8,9;jah
2014-10-02;13,6;17;8,4;jah
2014-10-03;12,9;15;8,1;jah
2014-10-04;12,5;14;8,4;jah
2014-10-05;12,2;14;8,1;jah
2014-10-06;11,9;13;7,4;jah
2014-10-07;11,8;13;6,9;jah
2014-10-08;11,6;12;6,6;jah
2014-10-09;11,5;12;6,8;jah
2014-10-10;11,9;13;7,5;jah
2014-10-11;13,1;16;8,1;jah
2014-10-12;15,1;20;8,3;jah
2014-10-13;16,9;24;8,4;jah
2014-10-14;18,8;27;8,5;jah
2014-10-15;20,8;28;8,2;jah
2014-10-16;21,1;28;7,4;jah
2014-10-17;20;26;6,4;jah
2014-10-18;18,8;24;5,4;jah
2014-10-19;17,9;22;5,1;jah
2014-10-20;19,6;27;5,6;jah
2014-10-21;28,4;44;5,6;jah
2014-10-22;36,1;57;4,5;jah
2014-10-23;35,2;55;3,1;jah
2014-10-24;31;47;1,9;jah
2014-10-25;26,4;39;1,1;jah
2014-10-26;23,3;33;0,8;jah
2014-10-27;22,1;31;1,8;jah
2014-10-28;22,4;32;3,2;jah
2014-10-29;25,8;38;3,4;jah
2014-10-30;28,2;42;3,9;jah
2014-10-31;27,4;40;3,7;jah
2014-11-01;25,4;36;3,5;jah
2014-11-02;23,8;33;3,4;jah
2014-11-03;23,4;32;3,8;jah
2014-11-04;23,6;33;4,3;jah
2014-11-05;23,9;33;4,5;jah
2014-11-06;23,1;31;4,4;jah
2014-11-07;22,4;30;4,7;jah
2014-11-08;22;29;4,6;jah
2014-11-09;23,9;33;4,5;jah
2014-11-10;26,4;38;4;jah
2014-11-11;26,7;38;4,4;jah
2014-11-12;26,8;38;4,5;jah
2014-11-13;27,1;39;4,5;jah
2014-11-14;26,2;37;4,5;jah
2014-11-15;24,7;34;4,4;jah
2014-11-16;23,5;32;3,7;jah
2014-11-17;22,4;30;3,1;jah
2014-11-18;21,4;28;2,4;jah
2014-11-19;20,6;26;1,2;jah
2014-11-20;19,1;23;0,3;jah
2014-11-21;18,2;21;0;jah
2014-11-22;18,1;21;0;jah
2014-11-23;18,5;22;0;jah
2014-11-24;19;23;0;jah
2014-11-25;19,6;24;0;jah
2014-11-26;20;24;0,1;jah
2014-11-27;19,6;23;0,2;jah
2014-11-28;19,3;22;0,1;jah
2014-11-29;19,5;21;0;jah
2014-11-30;18,8;24;0;jah
2014-12-01;18,1;23;0;jah
2014-12-02;18;19;0;jah
2014-12-03;18;19;0;jah
2014-12-04;19;20;0;jah
2014-12-05;19,5;21;0,1;jah
2014-12-06;20,4;23;0,1;jah
2014-12-07;22,2;28;0,2;jah
2014-12-08;26,3;36;0,1;jah
2014-12-09;29,2;42;0,2;jah
2014-12-10;29,9;44;0,2;jah
2014-12-11;30;46;0,1;jah
2014-12-12;29,3;46;0,2;jah
2014-12-13;32;55;0,6;jah
2014-12-14;55;93;1,2;jah
2014-12-15;74,6;117;0,9;jah
2014-12-16;76,1;117;1,3;jah
2014-12-17;76,4;117;1,6;jah
2014-12-18;77,7;117;1,6;jah
2014-12-19;80,4;120;1,9;jah
2014-12-20;90,7;132;1,9;jah
2014-12-21;95,1;135;1,7;jah
2014-12-22;89,8;130;1,2;jah
2014-12-23;82,6;124;0,8;jah
2014-12-24;76,8;119;0,5;jah
2014-12-25;71,3;113;0,3;jah
2014-12-26;67,4;102;0,3;jah
2014-12-27;64,9;120;0,1;jah
2014-12-28;62,4;121;0,4;jah
2014-12-29;60;114;0,2;jah
2014-12-30;57,6;107;0,1;jah
2014-12-31;61,7;115;0,4;jah
2015-01-01;72,5;133;0,2;jah
2015-01-02;90,2;162;0,1;jah
2015-01-03;124;204;0,1;jah
2015-01-04;141;222;0,1;jah
2015-01-05;138;216;0;jah
2015-01-06;133;216;0;jah
2015-01-07;124;199;0;jah
2015-01-08;119;195;0;jah
2015-01-09;114;197;0,1;jah
2015-01-10;109;195;1,5;jah
2015-01-11;104;181;1,5;jah
2015-01-12;99,9;163;1,4;jah
2015-01-13;98,8;159;1,2;jah
2015-01-14;104;164;0,8;jah
2015-01-15;114;171;0,6;jah
2015-01-16;121;176;0,6;jah
2015-01-17;134;189;0,6;jah
2015-01-18;155;206;0,6;jah
2015-01-19;168;215;0,6;jah
2015-01-20;164;212;0,5;jah
2015-01-21;151;206;0,4;jah
2015-01-22;136;191;0,4;jah
2015-01-23;120;176;0,4;jah
2015-01-24;109;166;0,5;jah
2015-01-25;96,7;154;0,5;jah
2015-01-26;83;139;0,5;jah
2015-01-27;72,8;127;0,7;jah
2015-01-28;71;122;0,7;jah
2015-01-29;66,3;111;0,8;jah
2015-01-30;62,6;102;0,9;jah
2015-01-31;60,4;96;0,9;jah
2015-02-01;56,3;90;0,9;jah
2015-02-02;55,8;100;0,7;jah
2015-02-03;55,9;101;0,7;jah
2015-02-04;55,8;95;0,7;jah
2015-02-05;55,6;81;0,7;jah
2015-02-06;55,7;81;0,7;jah
2015-02-07;55,7;90;0,6;jah
2015-02-08;52,4;81;0,6;jah
2015-02-09;48,6;74;0,5;jah
2015-02-10;44,9;73;0,6;jah
2015-02-11;41,4;72;0,6;jah
2015-02-12;38;68;0,5;jah
2015-02-13;34,2;62;0,5;jah
2015-02-14;31,1;61;0,5;jah
2015-02-15;28,7;57;0,4;jah
2015-02-16;28,6;57;0,2;jah
2015-02-17;29,9;65;0,3;jah
2015-02-18;32,7;78;0,5;jah
2015-02-19;35,6;71;0,7;jah
2015-02-20;41,8;76;0,7;jah
2015-02-21;55,2;95;0,6;jah
2015-02-22;71,3;114;0,4;jah
2015-02-23;81,3;124;0,3;jah
2015-02-24;90;132;0,2;jah
2015-02-25;102;143;0,3;jah
2015-02-26;104;143;0,5;jah
2015-02-27;104;140;0,8;jah
2015-02-28;101;135;0,8;jah
2015-03-01;97,3;129;0,8;jah
2015-03-02;94,6;124;1;jah
2015-03-03;104;135;1,2;jah
2015-03-04;129;160;1,4;jah
2015-03-05;142;172;1,2;jah
2015-03-06;138;168;0,9;jah
2015-03-07;131;162;1,2;jah
2015-03-08;129;162;1,9;jah
2015-03-09;133;167;2,8;jah
2015-03-10;130;164;2,7;jah
2015-03-11;121;155;3;jah
2015-03-12;109;143;2,4;jah
2015-03-13;96,6;130;3;jah
2015-03-14;84,5;117;2,6;jah
2015-03-15;75,3;104;2,3;jah
2015-03-16;68;94;2,2;jah
2015-03-17;62;85;2,5;jah
2015-03-18;58,4;79;2,7;jah
2015-03-19;55,2;73;2,8;jah
2015-03-20;52,6;69;2,8;jah
2015-03-21;50,3;65;2,8;jah
2015-03-22;47,4;60;2,1;jah
2015-03-23;43,9;56;1,7;jah
2015-03-24;43;56;2,1;jah
2015-03-25;45;60;2,4;jah
2015-03-26;44,9;61;2,6;jah
2015-03-27;42,5;58;2,7;jah
2015-03-28;41,9;59;3,2;jah
2015-03-29;46;66;3,6;jah
2015-03-30;53,6;77;3,6;jah
2015-03-31;69,6;98;3,7;jah
2015-04-01;93,7;124;3,6;jah
2015-04-02;110;140;3,7;jah
2015-04-03;128;157;3,8;jah
2015-04-04;135;163;3,7;jah
2015-04-05;137;165;3,5;jah
2015-04-06;136;164;3,6;jah
2015-04-07;128;155;4;jah
2015-04-08;115;143;4,3;jah
2015-04-09;103;130;4,8;jah
2015-04-10;90,3;117;5,3;jah
2015-04-11;79,4;105;6,1;jah
2015-04-12;70,5;95;6,3;jah
2015-04-13;64,4;88;6;jah
2015-04-14;64,8;89;5,7;jah
2015-04-15;67,9;93;5,4;jah
2015-04-16;74,2;101;5,6;jah
2015-04-17;81,8;110;5,8;jah
2015-04-18;84,1;112;5,9;jah
2015-04-19;85,2;113;5,8;jah
2015-04-20;83,1;111;5,9;jah
2015-04-21;76,8;103;6,6;jah
2015-04-22;68,8;94;7,4;jah
2015-04-23;61,1;85;7,9;jah
2015-04-24;54,2;76;8;jah
2015-04-25;48;68;8,1;jah
2015-04-26;43,7;63;8,7;jah
2015-04-27;41,9;61;9,5;jah
2015-04-28;44,6;66;10;jah
2015-04-29;55;81;9,5;jah
2015-04-30;71,4;101;9,3;jah
2015-05-01;74,8;104;9,3;jah
2015-05-02;71,9;100;9,2;jah
2015-05-03;71,2;100;9,4;jah
2015-05-04;68,7;97;9,6;jah
2015-05-05;62,3;89;9,8;jah
2015-05-06;55,5;80;10;jah
2015-05-07;50,7;74;10,2;jah
2015-05-08;50,3;74;10,6;jah
2015-05-09;49,9;74;10,9;jah
2015-05-10;46,1;68;11,2;jah
2015-05-11;41,9;62;11,4;jah
2015-05-12;38,3;56;12;jah
2015-05-13;35,9;53;12,3;jah
2015-05-14;34,6;51;12,3;jah
2015-05-15;34,7;51;12,1;jah
2015-05-16;34,8;51;12;jah
2015-05-17;33,2;48;11,7;jah
2015-05-18;31,5;45;11,6;jah
2015-05-19;30,9;44;12,3;jah
2015-05-20;30,6;43;13,2;jah
2015-05-21;29,2;41;13,3;jah
2015-05-22;29,3;42;13,6;jah
2015-05-23;30,1;43;13,4;jah
2015-05-24;28,5;40;13,7;jah
2015-05-25;26,7;37;14,4;jah
2015-05-26;24,8;34;14,6;jah
2015-05-27;23;31;14,6;jah
2015-05-28;22,4;30;15;jah
2015-05-29;21,6;29;15,1;jah
2015-05-30;19,9;27;15,2;jah
2015-05-31;18,4;25;15,4;jah
2015-06-01;17,2;23;15,4;jah
2015-06-02;16,4;23;16,2;jah
2015-06-03;15,9;23;16,6;jah
2015-06-04;15,1;22;16,3;jah
2015-06-05;14,1;20;16,7;jah
2015-06-06;13,3;19;17,2;jah
2015-06-07;12,6;18;17,6;jah
2015-06-08;12;17;17,6;jah
2015-06-09;11,7;17;17,6;jah
2015-06-10;11,3;17;17,2;jah
2015-06-11;10,8;16;17,1;jah
2015-06-12;10,3;15;17,7;jah
2015-06-13;9,93;15;18,4;jah
2015-06-14;9,66;14;18,6;jah
2015-06-15;9,52;14;17,9;jah
2015-06-16;9,4;14;17,9;jah
2015-06-17;9,45;14;18,3;jah
2015-06-18;9,61;14;17,7;jah
2015-06-19;9,78;15;17,8;jah
2015-06-20;10,1;16;17,4;jah
2015-06-21;10,8;18;17,4;jah
2015-06-22;11,3;19;17,8;jah
2015-06-23;11,7;20;18,1;jah
2015-06-24;12,8;24;18,7;jah
2015-06-25;14,9;30;18,5;jah
2015-06-26;17,4;36;18,5;jah
2015-06-27;16,8;34;18,4;jah
2015-06-28;14,8;29;18,8;jah
2015-06-29;13,2;25;19,8;jah
2015-06-30;11,9;22;20,7;jah
2015-07-01;11;20;21,1;jah
2015-07-02;10,2;18;21,6;jah
2015-07-03;9,59;16;22,6;jah
2015-07-04;8,97;14;23,4;jah
2015-07-05;8,35;13;23;jah
2015-07-06;7,79;11;22,7;jah
2015-07-07;8,12;13;21,4;jah
2015-07-08;8,3;14;20,2;jah
2015-07-09;9,07;17;19,9;jah
2015-07-10;9,49;18;19,5;jah
2015-07-11;10,2;20;20,1;jah
2015-07-12;11,8;24;20,5;jah
2015-07-13;12,6;25;20,4;jah
2015-07-14;13,6;27;20,4;jah
2015-07-15;13,9;27;20,4;jah
2015-07-16;12,3;25;20,4;jah
2015-07-17;11;24;19,6;jah
2015-07-18;9,76;22;19,3;jah
2015-07-19;9,25;21;19,3;jah
2015-07-20;8,76;19;18,9;jah
2015-07-21;8,5;18;19,1;jah
2015-07-22;8,27;18;19,2;jah
2015-07-23;7,94;16;19;jah
2015-07-24;7,64;15;19;jah
2015-07-25;7,22;14;18,9;jah
2015-07-26;6,99;13;19;jah
2015-07-27;7,01;12;19;jah
2015-07-28;7,11;11;19,2;jah
2015-07-29;7,22;11;19,1;jah
2015-07-30;7,4;10;18,3;jah
2015-07-31;7,82;11;18,1;jah
2015-08-01;8,7;13;18,2;jah
2015-08-02;9,97;16;18,2;jah
2015-08-03;11,5;20;18,7;jah
2015-08-04;13,7;25;19,3;jah
2015-08-05;13;24;19,8;jah
2015-08-06;11;21;20,3;jah
2015-08-07;9,61;20;21;jah
2015-08-08;8;17;21,1;jah
2015-08-09;6,83;15;21,5;jah
2015-08-10;6,4;14;21,7;jah
2015-08-11;6,3;13;22,1;jah
2015-08-12;5,97;12;22,1;jah
2015-08-13;5,74;11;21,8;jah
2015-08-14;5,56;10;21,3;jah
2015-08-15;5,4;9;21;jah
2015-08-16;5,32;9;20,4;jah
2015-08-17;5,27;8;19,8;jah
2015-08-18;5,18;8;19,5;jah
2015-08-19;5,06;7;19,2;jah
2015-08-20;4,96;6;19,2;jah
2015-08-21;4,87;6;19,3;jah
2015-08-22;4,82;5;19,4;jah
2015-08-23;4,8;5;19,5;jah
2015-08-24;4,75;4;19,7;jah
2015-08-25;4,72;4;19,9;jah
2015-08-26;4,77;4;20,1;jah
2015-08-27;4,82;4;19,5;jah
2015-08-28;5,1;5;19,3;jah
2015-08-29;5,2;5;18,9;jah
2015-08-30;5,36;5;18,3;jah
2015-08-31;5,56;6;17,9;jah
2015-09-01;5,89;6;17,3;jah
2015-09-02;6,24;7;16,4;jah
2015-09-03;6,77;9;16,3;jah
2015-09-04;7,1;10;16,3;jah
2015-09-05;7,99;13;16,4;jah
2015-09-06;9,41;17;16,2;jah
2015-09-07;9,64;17;15,8;jah
2015-09-08;11,8;24;15,4;jah
2015-09-09;16,3;36;15,2;jah
2015-09-10;19,3;42;14,9;jah
2015-09-11;18;37;14,5;jah
2015-09-12;15,1;29;14,5;jah
2015-09-13;12,8;23;14,4;jah
2015-09-14;11,5;19;14,4;jah
2015-09-15;10,8;17;14;jah
2015-09-16;10,2;15;14;jah
2015-09-17;9,9;14;14,6;jah
2015-09-18;9,78;13;14,9;jah
2015-09-19;10,1;14;14,8;jah
2015-09-20;10,6;15;14,9;jah
2015-09-21;11,6;17;14,6;jah
2015-09-22;14,2;23;14,2;jah
2015-09-23;20,1;35;13,9;jah
2015-09-24;23,2;40;13,7;jah
2015-09-25;22;35;13,5;jah
2015-09-26;19,8;30;13,2;jah
2015-09-27;17,8;26;12,7;jah
2015-09-28;16,2;23;12,2;jah
2015-09-29;14,8;20;11,9;jah
2015-09-30;13,7;17;11,4;jah
2015-10-01;13;16;11,1;jah
2015-10-02;12,5;15;11,5;jah
2015-10-03;11,8;13;11,4;jah
2015-10-04;11,2;12;11;jah
2015-10-05;10,8;11;10,8;jah
2015-10-06;10,3;10;9,8;jah
2015-10-07;10,1;10;8,5;jah
2015-10-08;9,67;9;8;jah
2015-10-09;9,36;8;6,9;jah
2015-10-10;9,22;8;6,2;jah
2015-10-11;9,16;8;7,1;jah
2015-10-12;9,09;8;7,1;jah
2015-10-13;9,06;8;6,7;jah
2015-10-14;8,89;8;6,1;jah
2015-10-15;8,79;8;6;jah
2015-10-16;8,84;8;5,3;jah
2015-10-17;8,58;7;5;jah
2015-10-18;8,3;7;4,9;jah
2015-10-19;8,16;6;4,9;jah
2015-10-20;8,05;6;4,7;jah
2015-10-21;7,94;6;4,7;jah
2015-10-22;7,86;6;5;jah
2015-10-23;8;6;5,6;jah
2015-10-24;8,06;7;7,1;jah
2015-10-25;8,65;9;7;jah
2015-10-26;8,7;9;5,3;jah
2015-10-27;8,71;9;5,2;jah
2015-10-28;8,69;9;4,6;jah
2015-10-29;8,49;8;5,1;jah
2015-10-30;8,22;8;4,5;jah
2015-10-31;7,96;7;4,3;jah
2015-11-01;7,84;7;4,6;jah
2015-11-02;7,75;7;4,2;jah
2015-11-03;7,8;7;4,6;jah
2015-11-04;8,04;8;5,2;jah
2015-11-05;8,25;8;5,2;jah
2015-11-06;8,51;9;5;jah
2015-11-07;8,74;9;5;jah
2015-11-08;9,28;10;5,2;jah
2015-11-09;11;15;5,5;jah
2015-11-10;14,7;24;5,7;jah
2015-11-11;17,6;29;5,7;jah
2015-11-12;18,7;31;5,3;jah
2015-11-13;18,7;30;5,4;jah
2015-11-14;20,2;33;5,4;jah
2015-11-15;24,1;42;5;jah
2015-11-16;27,1;49;5;jah
2015-11-17;27,9;52;5;jah
2015-11-18;27,9;54;4,7;jah
2015-11-19;34;69;4,9;jah
2015-11-20;49,3;96;5;jah
2015-11-21;56;106;4,7;jah
2015-11-22;50,9;99;3,9;jah
2015-11-23;43,2;87;3,3;jah
2015-11-24;37;75;3,3;jah
2015-11-25;32,1;64;2,8;jah
2015-11-26;29,2;58;2;jah
2015-11-27;27,1;52;2,2;jah
2015-11-28;25,5;48;2,4;jah
2015-11-29;24,5;45;2,3;jah
2015-11-30;24,4;44;2,6;jah
2015-12-01;26;46;2,6;jah
2015-12-02;27,4;47;2,5;jah
2015-12-03;27,5;47;2,3;jah
2015-12-04;28,3;49;2,8;jah
2015-12-05;34;60;3,5;jah
2015-12-06;64,9;110;4,9;jah
2015-12-07;118;172;6;jah
2015-12-08;133;184;4,8;jah
2015-12-09;123;173;4;jah
2015-12-10;114;163;4,5;jah
2015-12-11;121;174;5,2;jah
2015-12-12;153;204;4,4;jah
2015-12-13;151;200;4;jah
2015-12-14;136;184;3,5;jah
2015-12-15;121;168;3,1;jah
2015-12-16;108;153;3,4;jah
2015-12-17;96,1;140;3,4;jah
2015-12-18;87,1;130;3,7;jah
2015-12-19;84,1;126;4,5;jah
2015-12-20;85,2;128;5,7;jah
2015-12-21;83,2;125;6,7;jah
2015-12-22;78,3;119;7,3;jah
2015-12-23;74,3;114;7,4;jah
2015-12-24;74;114;6,8;jah
2015-12-25;73,8;113;5,5;jah
2015-12-26;72;111;4,9;jah
2015-12-27;69,3;107;3,4;jah
2015-12-28;62,2;97;2,1;jah
2015-12-29;47,5;76;1;jah
2015-12-30;40,4;68;0,6;jah
2015-12-31;38,8;70;0,6;jah
2016-01-01;37,3;71;0,5;jah
2016-01-02;35,8;73;0,4;jah
2016-01-03;34,3;77;0,4;jah
2016-01-04;32,9;85;0,3;jah
2016-01-05;31,5;93;0,4;jah
2016-01-06;30,2;101;0,9;jah
2016-01-07;28,9;104;0,5;jah
2016-01-08;27,6;102;0,5;jah
2016-01-09;26,3;94;0,7;jah
2016-01-10;25,1;81;0,8;jah
2016-01-11;23,9;69;0,6;jah
2016-01-12;22,8;60;0,4;jah
2016-01-13;21,6;54;0,2;jah
2016-01-14;20,5;48;0,2;jah
2016-01-15;19,5;44;0,2;jah
2016-01-16;18,5;39;0,2;jah
2016-01-17;17,5;35;0,2;jah
2016-01-18;16,3;32;0,1;jah
2016-01-19;15,3;30;0,1;jah
2016-01-20;14,9;30;0,1;jah
2016-01-21;14,6;30;0,1;jah
2016-01-22;14,3;29;0,1;jah
2016-01-23;13,6;28;0,1;jah
2016-01-24;12,6;26;0,1;jah
2016-01-25;12;24;0,1;jah
2016-01-26;13,6;27;0,1;jah
2016-01-27;17,5;36;0,1;jah
2016-01-28;52,8;105;0,1;jah
2016-01-29;109;171;0,1;jah
2016-01-30;143;205;0,1;jah
2016-01-31;195;248;0,1;jah
2016-02-01;228;250;0,1;jah
2016-02-02;234;222;0,9;jah
2016-02-03;237;244;0,4;jah
2016-02-04;240;261;0,9;jah
2016-02-05;238;251;1,6;jah
2016-02-06;237;230;1,5;jah
2016-02-07;235;220;1,6;jah
2016-02-08;234;214;0,1;jah
2016-02-09;233;216;0,2;jah
2016-02-10;231;231;0,4;jah
2016-02-11;230;240;0,9;jah
2016-02-12;228;247;0,7;jah
2016-02-13;224;244;0,5;jah
2016-02-14;219;239;0,6;jah
2016-02-15;209;230;0,6;jah
2016-02-16;196;218;0,5;jah
2016-02-17;168;198;0,2;jah
2016-02-18;148;184;1;jah
2016-02-19;130;170;1,5;jah
2016-02-20;107;151;1,6;jah
2016-02-21;90,5;136;1,7;jah
2016-02-22;82,3;125;1,6;jah
2016-02-23;77,2;117;1,8;jah
2016-02-24;74,2;111;2,1;jah
2016-02-25;71,5;106;2,3;jah
2016-02-26;69,2;102;2,3;jah
2016-02-27;67,3;98;2,3;jah
2016-02-28;65,3;94;2,4;jah
2016-02-29;63,1;90;2,3;jah
2016-03-01;61,1;83;1,7;jah
2016-03-02;59,1;73;1,3;jah
2016-03-03;57;81;1,3;jah
2016-03-04;54,8;78;1,4;jah
2016-03-05;51,5;72;1,4;jah
2016-03-06;47,8;67;1,7;jah
2016-03-07;46,2;66;2,1;jah
2016-03-08;46,9;68;2,4;jah
2016-03-09;51,6;75;2,6;jah
2016-03-10;58,3;84;2,9;jah
2016-03-11;63;90;2,8;jah
2016-03-12;63,6;90;2,6;jah
2016-03-13;62,9;89;2,4;jah
2016-03-14;61,3;87;2,7;jah
2016-03-15;61,1;87;3;jah
2016-03-16;61;87;3,1;jah
2016-03-17;69,5;99;3,3;jah
2016-03-18;92,3;125;3,2;jah
2016-03-19;97,9;130;2,4;jah
2016-03-20;89,7;122;1,8;jah
2016-03-21;84,4;117;1,8;jah
2016-03-22;74,6;106;1,7;jah
2016-03-23;64,9;95;1,8;jah
2016-03-24;57,2;86;1,9;jah
2016-03-25;53,3;80;2,2;jah
2016-03-26;50,8;77;2,6;jah
2016-03-27;54,8;83;3,3;jah
2016-03-28;77,4;112;3,9;jah
2016-03-29;103;139;4,3;jah
2016-03-30;119;154;4,2;jah
2016-03-31;126;159;3,8;jah
2016-04-01;130;163;3,9;jah
2016-04-02;131;162;3,8;jah
2016-04-03;129;160;4,4;jah
2016-04-04;125;158;4,8;jah
2016-04-05;120;156;5,4;jah
2016-04-06;114;153;6;jah
2016-04-07;110;152;7,1;jah
2016-04-08;106;150;7,9;jah
2016-04-09;97,4;143;7,4;jah
2016-04-10;87,8;134;7;jah
2016-04-11;81,3;122;6,9;jah
2016-04-12;75,3;111;7,2;jah
2016-04-13;69,2;101;7,6;jah
2016-04-14;63,1;92;7,6;jah
2016-04-15;57,8;85;7,5;jah
2016-04-16;52,8;78;7,4;jah
2016-04-17;49,2;73;7,5;jah
2016-04-18;48,7;72;7,5;jah
2016-04-19;53,1;78;7,8;jah
2016-04-20;56,1;81;7,8;jah
2016-04-21;56,4;81;8;jah
2016-04-22;55,1;78;8,2;jah
2016-04-23;53,1;76;8,1;jah
2016-04-24;52,2;76;7,5;jah
2016-04-25;66,4;96;7,3;jah
2016-04-26;84,8;118;6,8;jah
2016-04-27;110;147;6,8;jah
2016-04-28;123;160;7,8;jah
2016-04-29;118;155;8,5;jah
2016-04-30;117;153;9,1;jah
2016-05-01;106;140;10;jah
2016-05-02;90;122;10,9;jah
2016-05-03;76;105;11,8;jah
2016-05-04;65,5;92;11,7;jah
2016-05-05;57,2;81;12,4;jah
2016-05-06;49,7;71;13,1;jah
2016-05-07;43,8;63;13,8;jah
2016-05-08;38,8;56;14,6;jah
2016-05-09;34,9;51;15,3;jah
2016-05-10;31,5;46;15,9;jah
2016-05-11;28,5;41;15,9;jah
2016-05-12;26,2;37;15,6;jah
2016-05-13;24,6;35;15,7;jah
2016-05-14;24,1;34;15,4;jah
2016-05-15;29,1;45;15,2;jah
2016-05-16;39,2;61;14,4;jah
2016-05-17;38,4;60;13,5;jah
2016-05-18;33,8;54;13,7;jah
2016-05-19;29,3;47;14,1;jah
2016-05-20;25,7;42;14,2;jah
2016-05-21;22,7;37;14,8;jah
2016-05-22;20,4;34;15,5;jah
2016-05-23;18,6;31;16,9;jah
2016-05-24;17;29;17,4;jah
2016-05-25;15,7;26;18,4;jah
2016-05-26;14,4;24;17,9;jah
2016-05-27;13,5;22;17,4;jah
2016-05-28;12,9;21;18,2;jah
2016-05-29;12,3;20;18,6;jah
2016-05-30;11,6;19;19,6;jah
2016-05-31;11;18;20,6;jah
2016-06-01;10,4;17;21,3;jah
2016-06-02;9,82;16;21,9;jah
2016-06-03;9,11;14;22,4;jah
2016-06-04;8,63;14;21,6;jah
2016-06-05;8,13;13;20,1;jah
2016-06-06;7,74;12;18,8;jah
2016-06-07;7,59;12;18,3;jah
2016-06-08;7,59;12;17,8;jah
2016-06-09;7,55;12;16,9;jah
2016-06-10;7,58;12;15,6;jah
2016-06-11;8,15;14;14,3;jah
2016-06-12;8,67;16;14,4;jah
2016-06-13;10,2;22;15,1;jah
2016-06-14;11,8;27;16,1;jah
2016-06-15;11,4;26;16,6;jah
2016-06-16;11,2;25;16,7;jah
2016-06-17;11,9;28;16,9;jah
2016-06-18;15,6;40;16,6;jah
2016-06-19;21,2;56;16,2;jah
2016-06-20;28,8;74;16,6;jah
2016-06-21;32,5;82;16,9;jah
2016-06-22;32,4;82;17;jah
2016-06-23;34,1;86;17,3;jah
2016-06-24;34;83;17,5;jah
2016-06-25;30,6;74;18,3;jah
2016-06-26;26,7;64;20,2;jah
2016-06-27;24,1;58;21,7;jah
2016-06-28;22,8;53;22,3;jah
2016-06-29;22,9;53;23,5;jah
2016-06-30;21,8;50;23,9;jah
2016-07-01;19;43;23,5;jah
2016-07-02;16,8;37;23,4;jah
2016-07-03;15,2;33;21,8;jah
2016-07-04;15;33;21,1;jah
2016-07-05;17,6;40;20,8;jah
2016-07-06;22,9;53;20,6;jah
2016-07-07;24,6;56;19,9;jah
2016-07-08;23,3;53;19,1;jah
2016-07-09;21;47;19,6;jah
2016-07-10;19,3;43;20,8;jah
2016-07-11;18,2;41;20,9;jah
2016-07-12;18,1;41;21,1;jah
2016-07-13;17,9;40;21,5;jah
2016-07-14;16,5;37;22;jah
2016-07-15;15,2;34;21,1;jah
2016-07-16;14,9;33;20,3;jah
2016-07-17;15;34;20;jah
2016-07-18;15,2;35;19,6;jah
2016-07-19;15;34;19,9;jah
2016-07-20;14,2;31;20,2;jah
2016-07-21;13,1;28;20;jah
2016-07-22;12,2;25;19,8;jah
2016-07-23;11,7;23;20;jah
2016-07-24;11,2;22;20,8;jah
2016-07-25;10,7;21;21,6;jah
2016-07-26;10,1;20;22,4;jah
2016-07-27;9,74;19;22,9;jah
2016-07-28;9,57;20;23,1;jah
2016-07-29;9,23;19;23,1;jah
2016-07-30;9;19;23;jah
2016-07-31;8,81;19;22,7;jah
2016-08-01;9,33;20;21,7;jah
2016-08-02;10;21;21,1;jah
2016-08-03;12,7;29;21,1;jah
2016-08-04;15,7;36;20,5;jah
2016-08-05;16,7;37;20,1;jah
2016-08-06;17,5;38;20,1;jah
2016-08-07;20,2;45;19,6;jah
2016-08-08;28,1;64;19,2;jah
2016-08-09;34,7;78;18,7;jah
2016-08-10;34,8;78;17,9;jah
2016-08-11;31,4;73;17,6;jah
2016-08-12;27,7;66;17,1;jah
2016-08-13;25,2;62;16,4;jah
2016-08-14;24,7;62;16,8;jah
2016-08-15;33,8;84;16,6;jah
2016-08-16;45;109;15,7;jah
2016-08-17;94,7;189;15,1;jah
2016-08-18;130;226;14,8;jah
2016-08-19;127;222;15,2;jah
2016-08-20;113;208;15,9;jah
2016-08-21;104;199;16,6;jah
2016-08-22;99,3;190;17;jah
2016-08-23;93,2;178;17,3;jah
2016-08-24;86,9;165;17,5;jah
2016-08-25;81,2;153;17,4;jah
2016-08-26;74,2;139;17,6;jah
2016-08-27;66,1;124;17,8;jah
2016-08-28;57;107;17,4;jah
2016-08-29;49,5;95;16,6;jah
2016-08-30;65,8;122;16,7;jah
2016-08-31;87,4;148;15,8;jah
2016-09-01;87,3;145;15,7;jah
2016-09-02;78,8;132;15,7;jah
2016-09-03;68,6;117;15,2;jah
2016-09-04;76,3;129;15,2;jah
2016-09-05;88,4;142;15,1;jah
2016-09-06;85,6;137;14,8;jah
2016-09-07;77,9;126;14,5;jah
2016-09-08;68,5;112;14,7;jah
2016-09-09;58,9;98;14,5;jah
2016-09-10;50,3;85;14,5;jah
2016-09-11;43,4;74;14,5;jah
2016-09-12;37,7;64;15;jah
2016-09-13;33,3;57;15;jah
2016-09-14;30,4;50;14,7;jah
2016-09-15;28;45;14,3;jah
2016-09-16;26,2;40;14,2;jah
2016-09-17;24,9;37;13,8;jah
2016-09-18;23,9;34;13,4;jah
2016-09-19;23,4;32;13;jah
2016-09-20;22,5;30;12,6;jah
2016-09-21;21,4;28;12,3;jah
2016-09-22;20,2;26;12,1;jah
2016-09-23;19,4;25;11,7;jah
2016-09-24;18,8;24;11,4;jah
2016-09-25;18;23;11,4;jah
2016-09-26;17,5;23;11,2;jah
2016-09-27;17,1;22;11,2;jah
2016-09-28;16,7;21;11,1;jah
2016-09-29;16,6;21;11,2;jah
2016-09-30;17,2;22;11,8;jah
2016-10-01;17,6;23;11,6;jah
2016-10-02;17,9;23;11,3;jah
2016-10-03;17,7;23;11;jah
2016-10-04;17,3;22;10,3;jah
2016-10-05;16,8;21;9,3;jah
2016-10-06;16,2;20;8,8;jah
2016-10-07;15,9;19;8,4;jah
2016-10-08;15,7;19;7,9;jah
2016-10-09;15,5;19;7,7;jah
2016-10-10;15,4;19;7,2;jah
2016-10-11;15,3;19;6,5;jah
2016-10-12;15;19;6,3;jah
2016-10-13;14,8;18;5,8;jah
2016-10-14;14,4;18;5,5;jah
2016-10-15;14,3;18;5,6;jah
2016-10-16;14,3;18;5,3;jah
2016-10-17;14,2;18;4,9;jah
2016-10-18;13,9;17;5,3;jah
2016-10-19;13,8;17;5,2;jah
2016-10-20;13,6;17;3,8;jah
2016-10-21;13,4;17;2,8;jah
2016-10-22;13,2;16;2,4;jah
2016-10-23;13,1;16;2,6;jah
2016-10-24;13,2;16;2,9;jah
2016-10-25;13,2;16;2,9;jah
2016-10-26;13,3;17;2,9;jah
2016-10-27;13,7;18;3,1;jah
2016-10-28;15,6;23;4,2;jah
2016-10-29;24,8;43;4,7;jah
2016-10-30;38;65;4,7;jah
2016-10-31;38,5;65;4,7;jah
2016-11-01;34,4;57;4,3;jah
2016-11-02;31,7;52;3,3;jah
2016-11-03;29,5;48;2,8;jah
2016-11-04;28,1;45;2,4;jah
2016-11-05;27,2;43;1,9;jah
2016-11-06;25,8;39;0,8;jah
2016-11-07;23,9;35;0,5;jah
2016-11-08;22,5;33;0,4;jah
2016-11-09;24,2;36;0,4;jah
2016-11-10;25;37;0,4;jah
2016-11-11;25;37;0,4;jah
2016-11-12;24,7;36;0,4;jah
2016-11-13;24,7;36;0,4;jah
2016-11-14;23,7;34;0,4;jah
2016-11-15;23,3;34;0,5;jah
2016-11-16;24,1;36;0,6;jah
2016-11-17;29,5;47;1,1;jah
2016-11-18;57,5;91;1,4;jah
2016-11-19;99,7;142;1,8;jah
2016-11-20;140;184;3;jah
2016-11-21;172;212;3,7;jah
2016-11-22;174;214;4,2;jah
2016-11-23;168;208;4;jah
2016-11-24;157;199;3,8;jah
2016-11-25;142;184;3,3;jah
2016-11-26;131;173;3;jah
2016-11-27;127;170;2,9;jah
2016-11-28;120;162;2,2;jah
2016-11-29;105;145;1;jah
2016-11-30;87,3;126;0,6;jah
2016-12-01;78,4;115;0,7;jah
2016-12-02;72,1;107;0,8;jah
2016-12-03;64,7;98;0,8;jah
2016-12-04;60,8;87;0,7;jah
2016-12-05;59,6;89;1;jah
2016-12-06;57,8;94;0,6;jah
2016-12-07;57,2;94;0,5;jah
2016-12-08;59,8;101;0,8;jah
2016-12-09;80,8;133;0,5;jah
2016-12-10;95,1;150;0,5;jah
2016-12-11;86,2;139;0,5;jah
2016-12-12;73,4;122;0,5;jah
2016-12-13;71,4;119;0,7;jah
2016-12-14;74;121;0,6;jah
2016-12-15;66,7;108;0,9;jah
2016-12-16;60,5;99;0,9;jah
2016-12-17;52,4;86;0,9;jah
2016-12-18;44,5;74;0,8;jah
2016-12-19;42,8;70;0,9;jah
2016-12-20;44;72;1,1;jah
2016-12-21;48,3;77;1,6;jah
2016-12-22;54;85;2,1;jah
2016-12-23;62,9;96;2,7;jah
2016-12-24;71;105;2,7;jah
2016-12-25;81,3;116;2,7;jah
2016-12-26;89,3;125;2,8;jah
2016-12-27;90,6;127;2,6;jah
2016-12-28;85,7;121;2;jah
2016-12-29;76,9;111;1,6;jah
2016-12-30;69,8;103;1,9;jah
2016-12-31;66,9;100;2,6;jah
2017-01-01;76,2;114;3,4;jah
2017-01-02;103;145;3,5;jah
2017-01-03;111;153;2,6;jah
2017-01-04;103;143;0,9;jah
2017-01-05;78,9;162;0,3;jah
2017-01-06;74,7;189;0,3;jah
2017-01-07;73,2;188;0,3;jah
2017-01-08;71,8;180;0,2;jah
2017-01-09;70,4;181;0,3;jah
2017-01-10;69;183;0,3;jah
2017-01-11;67,6;165;0,3;jah
2017-01-12;66,2;147;0,3;jah
2017-01-13;64,9;146;0,4;jah
2017-01-14;63,5;145;1,3;jah
2017-01-15;62,2;138;0,5;jah
2017-01-16;60,9;129;0,4;jah
2017-01-17;59,6;117;0,5;jah
2017-01-18;58,3;113;0,6;jah
2017-01-19;57;118;0,5;jah
2017-01-20;55,8;110;0,7;jah
2017-01-21;54,5;110;0,6;jah
2017-01-22;53,3;105;0,6;jah
2017-01-23;52,1;102;0,6;jah
2017-01-24;50,9;98;0,6;jah
2017-01-25;49,7;92;0,6;jah
2017-01-26;48,5;89;0,5;jah
2017-01-27;47,4;90;0,5;jah
2017-01-28;46,2;86;0,6;jah
2017-01-29;45,1;81;0,7;jah
2017-01-30;43,9;79;0,6;jah
2017-01-31;42,9;78;0,5;jah
2017-02-01;41,7;76;0,5;jah
2017-02-02;39,6;73;0,5;jah
2017-02-03;38;70;0,4;jah
2017-02-04;36,7;69;0,4;jah
2017-02-05;35,5;67;0,4;jah
2017-02-06;33,7;59;0,3;jah
2017-02-07;31,9;44;0,2;jah
2017-02-08;30,2;43;0,2;jah
2017-02-09;28,5;50;0,2;jah
2017-02-10;26,9;52;0,2;jah
2017-02-11;25,5;51;0,2;jah
2017-02-12;23,8;48;0,2;jah
2017-02-13;23,2;47;0,2;jah
2017-02-14;22,6;46;0,2;jah
2017-02-15;22,1;45;0,2;jah
2017-02-16;21,5;44;0,2;jah
2017-02-17;21,6;44;0,2;jah
2017-02-18;22,6;47;0,3;jah
2017-02-19;26;55;0,3;jah
2017-02-20;42,4;89;0,3;jah
2017-02-21;72,2;135;0,2;jah
2017-02-22;76,1;138;0,2;jah
2017-02-23;69,2;128;0,2;jah
2017-02-24;64,7;123;0,3;jah
2017-02-25;60,5;116;0,3;jah
2017-02-26;54,5;108;0,3;jah
2017-02-27;50,4;102;0,3;jah
2017-02-28;47,9;99;0,3;jah
2017-03-01;63,8;128;0,2;jah
2017-03-02;108;189;0,1;jah
2017-03-03;142;219;0,1;jah
2017-03-04;149;231;0,1;jah
2017-03-05;145;227;0,1;jah
2017-03-06;127;210;0,1;jah
2017-03-07;101;184;0,1;jah
2017-03-08;81,8;162;0,1;jah
2017-03-09;70,7;143;0,2;jah
2017-03-10;61,1;126;0,3;jah
2017-03-11;56,9;117;0,3;jah
2017-03-12;59,2;116;0,3;jah
2017-03-13;61,9;115;0,3;jah
2017-03-14;61;108;0,3;jah
2017-03-15;66,7;113;0,4;jah
2017-03-16;81,8;127;0,3;jah
2017-03-17;88,1;132;0,4;jah
2017-03-18;125;167;0,7;jah
2017-03-19;132;166;1,2;jah
2017-03-20;127;157;1,1;jah
2017-03-21;132;163;1,3;jah
2017-03-22;140;170;1,5;jah
2017-03-23;138;168;2;jah
2017-03-24;130;160;2,2;jah
2017-03-25;119;149;2,2;jah
2017-03-26;110;140;2;jah
2017-03-27;101;132;2,3;jah
2017-03-28;95,3;126;3;jah
2017-03-29;89,2;119;3;jah
2017-03-30;80,4;109;2,8;jah
2017-03-31;72,8;100;2,7;jah
2017-04-01;68,3;95;2,7;jah
2017-04-02;69,3;97;3,5;jah
2017-04-03;75,4;104;4,5;jah
2017-04-04;79,1;108;5,2;jah
2017-04-05;77,7;106;5,2;jah
2017-04-06;74,4;102;5,3;jah
2017-04-07;70,8;98;5,4;jah
2017-04-08;67,1;93;5,7;jah
2017-04-09;64,6;90;5,8;jah
2017-04-10;61,2;86;6,1;jah
2017-04-11;58,6;83;6,5;jah
2017-04-12;58,2;83;6,6;jah
2017-04-13;58,5;84;6,3;jah
2017-04-14;62;88;5,8;jah
2017-04-15;62;87;5;jah
2017-04-16;57,7;81;4,3;jah
2017-04-17;52,6;75;4;jah
2017-04-18;48;68;3,8;jah
2017-04-19;44,1;63;3,8;jah
2017-04-20;40,8;58;4,1;jah
2017-04-21;41,3;60;4,7;jah
2017-04-22;49,5;72;5,4;jah
2017-04-23;61,1;86;5,8;jah
2017-04-24;66,3;92;5,8;jah
2017-04-25;64,9;90;5,6;jah
2017-04-26;76,1;105;5,6;jah
2017-04-27;86;116;5,8;jah
2017-04-28;85,9;115;6,1;jah
2017-04-29;81,3;111;6;jah
2017-04-30;98,3;131;5,7;jah
2017-05-01;109;140;6,1;jah
2017-05-02;101;131;7,4;jah
2017-05-03;88,9;118;8,7;jah
2017-05-04;76,1;103;9,6;jah
2017-05-05;65;90;10,1;jah
2017-05-06;56,3;79;10,4;jah
2017-05-07;49,3;70;10,7;jah
2017-05-08;43,3;62;10,3;jah
2017-05-09;38,3;55;9,6;jah
2017-05-10;34,9;50;9;jah
2017-05-11;32,6;47;8,6;jah
2017-05-12;31;44;8,4;jah
2017-05-13;29,4;41;9;jah
2017-05-14;27,7;39;10;jah
2017-05-15;26,1;36;11;jah
2017-05-16;24,8;34;11,4;jah
2017-05-17;23,7;32;11,9;jah
2017-05-18;22,8;30;12,1;jah
2017-05-19;22,2;30;13,4;jah
2017-05-20;22;29;15;jah
2017-05-21;21,1;27;16,1;jah
2017-05-22;20;25;16,9;jah
2017-05-23;19,1;24;17;jah
2017-05-24;18,7;23;16,7;jah
2017-05-25;18,3;24;16,9;jah
2017-05-26;17,9;24;16,9;jah
2017-05-27;16,8;23;16,4;jah
2017-05-28;15,5;21;16,8;jah
2017-05-29;14,5;20;19,2;jah
2017-05-30;13,6;19;18,8;jah
2017-05-31;13,2;19;16,9;jah
2017-06-01;12,9;18;15,8;jah
2017-06-02;12,7;18;14,7;jah
2017-06-03;12,3;17;14,3;jah
2017-06-04;11,9;17;15;jah
2017-06-05;11,7;17;15,2;jah
2017-06-06;11,6;17;15,3;jah
2017-06-07;11,7;17;16,7;jah
2017-06-08;12;18;17;jah
2017-06-09;12,6;20;17;jah
2017-06-10;14,1;25;17,7;jah
2017-06-11;13,9;24;18,2;jah
2017-06-12;13,1;22;17,4;jah
2017-06-13;13,3;24;17,8;jah
2017-06-14;15,8;31;19;jah
2017-06-15;18,3;37;19,4;jah
2017-06-16;16,8;33;20,3;jah
2017-06-17;14,4;28;21,3;jah
2017-06-18;12,7;23;21,7;jah
2017-06-19;11,6;21;21,7;jah
2017-06-20;10,8;19;20,8;jah
2017-06-21;10,3;18;18,6;jah
2017-06-22;10,1;18;17,7;jah
2017-06-23;9,98;18;18;jah
2017-06-24;9,53;17;17,7;jah
2017-06-25;9,2;16;17,5;jah
2017-06-26;8,9;16;17,2;jah
2017-06-27;8,72;16;17,3;jah
2017-06-28;8,67;16;17,3;jah
2017-06-29;8,7;16;17,7;jah
2017-06-30;8,74;17;17,2;jah
2017-07-01;8,62;17;16,4;jah
2017-07-02;9,17;19;16,6;jah
2017-07-03;10,3;23;17,2;jah
2017-07-04;10,6;24;17,7;jah
2017-07-05;10,2;23;18,1;jah
2017-07-06;9,72;22;17,5;jah
2017-07-07;9,63;22;17,3;jah
2017-07-08;9,3;21;17,9;jah
2017-07-09;8,76;19;18,6;jah
2017-07-10;8,19;17;18,7;jah
2017-07-11;7,79;16;18,6;jah
2017-07-12;7,63;15;18,8;jah
2017-07-13;7,66;15;18,5;jah
2017-07-14;8,03;17;18,4;jah
2017-07-15;8,76;20;18,3;jah
2017-07-16;10,3;25;18,6;jah
2017-07-17;10,6;25;18,1;jah
2017-07-18;9,99;23;19,2;jah
2017-07-19;9,28;21;20,3;jah
2017-07-20;9,08;20;20,2;jah
2017-07-21;8,75;19;20,4;jah
2017-07-22;8,38;18;20,7;jah
2017-07-23;8,02;17;21,2;jah
2017-07-24;7,67;16;21,5;jah
2017-07-25;7,32;15;21,7;jah
2017-07-26;6,99;14;22,1;jah
2017-07-27;6,66;13;21,9;jah
2017-07-28;6,37;12;21,9;jah
2017-07-29;6,25;11;21,9;jah
2017-07-30;6,16;11;21,7;jah
2017-07-31;6,07;10;21,2;jah
2017-08-01;5,99;9;20;jah
2017-08-02;5,93;9;19,8;jah
2017-08-03;5,86;8;20,1;jah
2017-08-04;5,87;8;20,1;jah
2017-08-05;5,95;8;20,8;jah
2017-08-06;6,23;9;19,5;jah
2017-08-07;7,35;14;19,1;jah
2017-08-08;9,47;21;19,4;jah
2017-08-09;10,6;24;19,8;jah
2017-08-10;10,6;23;20;jah
2017-08-11;10,1;20;20,2;jah
2017-08-12;9,67;18;21,2;jah
2017-08-13;9,63;17;22,4;jah
2017-08-14;9,68;17;22,2;jah
2017-08-15;11,7;23;22;jah
2017-08-16;13;26;21,5;jah
2017-08-17;12,1;23;21,4;jah
2017-08-18;11;20;21,6;jah
2017-08-19;10,2;18;21,7;jah
2017-08-20;9,56;16;21,4;jah
2017-08-21;9,16;14;21,1;jah
2017-08-22;9,01;14;20,6;jah
2017-08-23;9,03;14;20;jah
2017-08-24;9,46;16;19,1;jah
2017-08-25;11,2;21;18,3;jah
2017-08-26;12,1;23;18;jah
2017-08-27;12,2;23;17,8;jah
2017-08-28;12,5;24;17,7;jah
2017-08-29;12,5;24;17,5;jah
2017-08-30;11,8;22;17,8;jah
2017-08-31;10,8;19;18,5;jah
2017-09-01;9,88;16;18,8;jah
2017-09-02;9,3;15;18,1;jah
2017-09-03;8,95;14;17,1;jah
2017-09-04;8,38;12;16,2;jah
2017-09-05;8,21;12;15,8;jah
2017-09-06;8,33;12;15,4;jah
2017-09-07;8,27;12;15,4;jah
2017-09-08;7,98;11;15,4;jah
2017-09-09;7,75;10;15,4;jah
2017-09-10;7,62;10;15,7;jah
2017-09-11;8,13;11;16,3;jah
2017-09-12;9,58;15;15,7;jah
2017-09-13;11,7;20;15,9;jah
2017-09-14;14,2;26;15,4;jah
2017-09-15;18,6;37;15;jah
2017-09-16;32,2;65;14,4;jah
2017-09-17;51;97;14;jah
2017-09-18;64,7;120;13,2;jah
2017-09-19;86,2;151;12,4;jah
2017-09-20;106;176;12,2;jah
2017-09-21;112;183;12,1;jah
2017-09-22;111;184;12,4;jah
2017-09-23;106;178;12,7;jah
2017-09-24;96,3;168;12,8;jah
2017-09-25;86,6;154;12,7;jah
2017-09-26;76,2;137;12,5;jah
2017-09-27;65,5;120;12,2;jah
2017-09-28;54,6;102;11,9;jah
2017-09-29;43,7;83;11,4;jah
2017-09-30;34,8;68;10,8;jah
2017-10-01;29,2;58;10,5;jah
2017-10-02;25,4;51;10,2;jah
2017-10-03;22,7;46;9,6;jah
2017-10-04;25;53;9,9;jah
2017-10-05;50,8;102;9,9;jah
2017-10-06;71,1;131;9,4;jah
2017-10-07;71,1;130;9;jah
2017-10-08;74,4;133;8,8;jah
2017-10-09;85,4;146;8,5;jah
2017-10-10;107;171;8,4;jah
2017-10-11;157;221;8,5;jah
2017-10-12;185;241;8,6;jah
2017-10-13;205;255;8,8;jah
2017-10-14;214;258;8,7;jah
2017-10-15;210;253;8,5;jah
2017-10-16;196;241;8,7;jah
2017-10-17;180;228;8,6;jah
2017-10-18;167;217;8,7;jah
2017-10-19;157;209;8,5;jah
2017-10-20;147;199;7,5;jah
2017-10-21;133;185;6,1;jah
2017-10-22;119;170;4,7;jah
2017-10-23;105;154;3,6;jah
2017-10-24;91,1;139;2,8;jah
2017-10-25;79;124;2,2;jah
2017-10-26;69,3;111;2;jah
2017-10-27;63;103;2,2;jah
2017-10-28;61,5;102;2,6;jah
2017-10-29;73,9;120;3,1;jah
2017-10-30;94,3;145;3,5;jah
2017-10-31;106;157;3,4;jah
2017-11-01;105;155;2,9;jah
2017-11-02;99,5;148;2,6;jah
2017-11-03;93,3;140;2,7;jah
2017-11-04;86,9;132;3,2;jah
2017-11-05;81,8;126;4;jah
2017-11-06;77,3;120;4,8;jah
2017-11-07;72,3;113;5;jah
2017-11-08;66,7;106;4,6;jah
2017-11-09;62;99;4,3;jah
2017-11-10;61;99;4,4;jah
2017-11-11;70,4;112;4,5;jah
2017-11-12;111;165;4,4;jah
2017-11-13;153;203;3,8;jah
2017-11-14;145;193;3,2;jah
2017-11-15;131;179;2,9;jah
2017-11-16;125;173;2,8;jah
2017-11-17;124;172;2,7;jah
2017-11-18;124;172;3,2;jah
2017-11-19;122;169;3,5;jah
2017-11-20;120;167;3,4;jah
2017-11-21;111;158;3,1;jah
2017-11-22;101;147;2,8;jah
2017-11-23;91;135;2,2;jah
2017-11-24;82,3;126;2,3;jah
2017-11-25;80,5;125;2,8;jah
2017-11-26;99,9;152;3,2;jah
2017-11-27;134;185;3,2;jah
2017-11-28;141;188;2,9;jah
2017-11-29;138;182;2,5;jah
2017-11-30;136;178;2,2;jah
2017-12-01;136;176;1,9;jah
2017-12-02;128;172;1,7;jah
2017-12-03;121;171;1,8;jah
2017-12-04;137;188;2;jah
2017-12-05;145;193;1,9;jah
2017-12-06;138;185;1,3;jah
2017-12-07;126;173;0,8;jah
2017-12-08;125;173;1,1;jah
2017-12-09;151;198;1,6;jah
2017-12-10;163;207;1,6;jah
2017-12-11;158;200;1,1;jah
2017-12-12;149;194;0,8;jah
2017-12-13;198;239;1,1;jah
2017-12-14;225;255;0,9;jah
2017-12-15;209;241;0,7;jah
2017-12-16;191;226;0,7;jah
2017-12-17;175;212;0,8;jah
2017-12-18;158;197;0,8;jah
2017-12-19;142;182;0,9;jah
2017-12-20;128;168;1,1;jah
2017-12-21;118;159;1,2;jah
2017-12-22;116;156;1,3;jah
2017-12-23;109;149;1,3;jah
2017-12-24;109;149;1,1;jah
2017-12-25;100;139;0,6;jah
2017-12-26;105;145;1,1;jah
2017-12-27;139;177;1,8;jah
2017-12-28;158;190;2,1;jah
2017-12-29;161;190;2,1;jah
2017-12-30;171;198;1,9;jah
2017-12-31;184;206;1,5;jah
2018-01-01;174;199;1,2;jah
2018-01-02;166;196;1,6;jah
2018-01-03;164;199;2,1;jah
2018-01-04;156;194;2,3;jah
2018-01-05;144;187;2,5;jah
2018-01-06;138;187;2,7;jah
2018-01-07;133;187;2,1;jah
2018-01-08;119;177;1;jah
2018-01-09;102;163;0,6;jah
2018-01-10;86,5;150;0,7;jah
2018-01-11;73;138;0,8;jah
2018-01-12;61,7;125;0,6;jah
2018-01-13;56,6;99;0,4;jah
2018-01-14;52,8;105;0,3;jah
2018-01-15;49,1;143;0,2;jah
2018-01-16;45,3;137;0,2;jah
2018-01-17;41,6;130;0,3;jah
2018-01-18;37,9;133;0,2;jah
2018-01-19;34,7;141;0,2;jah
2018-01-20;35,2;144;0,2;jah
2018-01-21;36,4;140;0,2;jah
2018-01-22;37,6;137;0,2;jah
2018-01-23;38,8;130;0,3;jah
2018-01-24;40,3;124;0,4;jah
2018-01-25;42,9;127;0,4;jah
2018-01-26;56,8;148;0,2;jah
2018-01-27;84,9;159;0,2;jah
2018-01-28;94,2;156;0,2;jah
2018-01-29;78,6;146;0,2;jah
2018-01-30;65,4;139;0,2;jah
2018-01-31;57,4;129;0,2;jah
2018-02-01;54,9;121;0,2;jah
2018-02-02;52,7;114;0,3;jah
2018-02-03;52;110;0,3;jah
2018-02-04;47,8;101;0,3;jah
2018-02-05;42,2;90;0,4;jah
2018-02-06;37,8;83;0,5;jah
2018-02-07;38,2;84;0,4;jah
2018-02-08;37,5;82;0,4;jah
2018-02-09;33,8;74;0,4;jah
2018-02-10;31,6;70;0,4;jah
2018-02-11;31,5;70;0,4;jah
2018-02-12;33,4;74;0,3;jah
2018-02-13;33,9;75;0,3;jah
2018-02-14;34,2;74;0,3;jah
2018-02-15;30,3;65;0,3;jah
2018-02-16;28,3;61;0,2;jah
2018-02-17;28;61;0,2;jah
2018-02-18;27,9;60;0,2;jah
2018-02-19;26,6;57;0,1;jah
2018-02-20;26,2;56;0,1;jah
2018-02-21;25,4;54;0,1;jah
2018-02-22;23;48;0,1;jah
2018-02-23;22,7;47;0,1;jah
2018-02-24;23,3;49;0,1;jah
2018-02-25;24,4;51;0,1;jah
2018-02-26;23,7;49;0,1;jah
2018-02-27;24,2;51;0,1;jah
2018-02-28;26,5;55;0,1;jah
2018-03-01;26,6;55;0,1;jah
2018-03-02;24,4;49;0,1;jah
2018-03-03;20,7;41;0,1;jah
2018-03-04;18,9;37;0,1;jah
2018-03-05;18,2;35;0,1;jah
2018-03-06;17,2;33;0,1;jah
2018-03-07;16,4;31;0,1;jah
2018-03-08;16,4;31;0,1;jah
2018-03-09;16,5;31;0,1;jah
2018-03-10;16,7;31;0,1;jah
2018-03-11;17,3;32;0,1;jah
2018-03-12;17,6;33;0,1;jah
2018-03-13;21,5;39;0,1;jah
2018-03-14;52,8;81;0,2;jah
2018-03-15;81,4;102;0,2;jah
2018-03-16;90,9;103;0,2;jah
2018-03-17;80,7;96;0,2;jah
2018-03-18;70;86;0,3;jah
2018-03-19;61,2;79;0,3;jah
2018-03-20;54,6;74;0,3;jah
2018-03-21;47,9;68;0,2;jah
2018-03-22;41,6;62;0,1;jah
2018-03-23;36,2;57;0,1;jah
2018-03-24;32,2;53;0,1;jah
2018-03-25;28,7;51;0,1;jah
2018-03-26;29,9;53;0,1;jah
2018-03-27;31,6;55;0,1;jah
2018-03-28;31;52;0,1;jah
2018-03-29;28,8;46;0,1;jah
2018-03-30;27,5;43;0;jah
2018-03-31;27,3;41;0;jah
2018-04-01;27,4;41;0,1;jah
2018-04-02;28,5;42;0;jah
2018-04-03;32,2;49;0,1;jah
2018-04-04;40,5;63;0,2;jah
2018-04-05;60,1;95;0,1;jah
2018-04-06;118;165;0;jah
2018-04-07;157;199;0,1;jah
2018-04-08;159;197;0,4;jah
2018-04-09;167;201;2;jah
2018-04-10;172;203;3,3;jah
2018-04-11;168;196;3,3;jah
2018-04-12;154;180;3,6;jah
2018-04-13;138;164;4,2;jah
2018-04-14;124;149;5,1;jah
2018-04-15;113;137;6;jah
2018-04-16;106;128;7;jah
2018-04-17;105;126;7,6;jah
2018-04-18;110;130;7,6;jah
2018-04-19;112;130;7,8;jah
2018-04-20;107;128;8,1;jah
2018-04-21;101;123;8,6;jah
2018-04-22;92,6;117;8,6;jah
2018-04-23;82,2;107;8,4;jah
2018-04-24;72,6;98;8,4;jah
2018-04-25;67,2;93;8,4;jah
2018-04-26;65,8;94;8,3;jah
2018-04-27;67,7;99;8;jah
2018-04-28;73;108;8,2;jah
2018-04-29;75,8;106;8,3;jah
2018-04-30;75,8;100;8,6;jah
2018-05-01;83,3;106;8,9;jah
2018-05-02;104;123;9,2;jah
2018-05-03;104;122;9;jah
2018-05-04;97,7;121;9,6;jah
2018-05-05;87,7;115;10,2;jah
2018-05-06;73,4;103;10,8;jah
2018-05-07;60,9;91;11,5;jah
2018-05-08;52,9;80;12,1;jah
2018-05-09;46,4;70;12,7;jah
2018-05-10;40,8;61;13,5;jah
2018-05-11;36,2;53;14,3;jah
2018-05-12;32,3;47;15,2;jah
2018-05-13;29;42;16;jah
2018-05-14;26;37;16,7;jah
2018-05-15;23,2;32;17,3;jah
2018-05-16;20,9;28;18;jah
2018-05-17;18,8;25;18,5;jah
2018-05-18;17,7;23;17,9;jah
2018-05-19;19,1;26;16,9;jah
2018-05-20;20,2;27;17;jah
2018-05-21;17,5;23;17,3;jah
2018-05-22;15,6;21;17,5;jah
2018-05-23;14,3;19;17,4;jah
2018-05-24;13,5;19;17,9;jah
2018-05-25;12,8;18;18,2;jah
2018-05-26;12,1;18;18,8;jah
2018-05-27;11,6;18;20,9;jah
2018-05-28;10,9;18;22,1;jah
2018-05-29;10,4;17;22,4;jah
2018-05-30;9,85;16;22,1;jah
2018-05-31;9,54;16;21,3;jah
2018-06-01;9,04;15;20,9;jah
2018-06-02;8,73;15;21;jah
2018-06-03;8,42;14;21,3;jah
2018-06-04;7,9;14;20,9;jah
2018-06-05;7,45;14;19;jah
2018-06-06;7,12;14;17,8;jah
2018-06-07;6,84;14;17,1;jah
2018-06-08;6,59;13;17,4;jah
2018-06-09;6,53;13;17,9;jah
2018-06-10;6,53;13;18,3;jah
2018-06-11;6,53;13;19;jah
2018-06-12;6,54;13;19,2;jah
2018-06-13;6,31;13;19,6;jah
2018-06-14;6,19;13;19,8;jah
2018-06-15;6,2;14;20,2;jah
2018-06-16;6,1;14;20,7;jah
2018-06-17;6,09;13;21,6;jah
2018-06-18;5,99;12;21,6;jah
2018-06-19;5,89;11;20,4;jah
2018-06-20;5,83;10;19,8;jah
2018-06-21;6,15;12;19,2;jah
2018-06-22;6,05;12;18,5;jah
2018-06-23;6,08;12;18,6;jah
2018-06-24;6,46;14;18,5;jah
2018-06-25;6,81;16;18,3;jah
2018-06-26;6,62;15;18,8;jah
2018-06-27;6,62;15;19,6;jah
2018-06-28;6,7;15;20,6;jah
2018-06-29;6,59;14;19,9;jah
2018-06-30;6,22;13;19,1;jah
2018-07-01;5,87;11;17,1;jah
2018-07-02;5,53;10;15,8;jah
2018-07-03;5,37;10;16;jah
2018-07-04;5,14;9;16,9;jah
2018-07-05;4,99;9;16,8;jah
2018-07-06;4,95;9;17;jah
2018-07-07;5,05;9;18;jah
2018-07-08;5,18;9;18,8;jah
2018-07-09;5,41;9;18,9;jah
2018-07-10;5,47;8;18,8;jah
2018-07-11;5,38;7;19;jah
2018-07-12;5,19;7;19,9;jah
2018-07-13;5,08;6;20,4;jah
2018-07-14;4,94;6;20,7;jah
2018-07-15;4,74;5;21,6;jah
2018-07-16;4,67;5;22,6;jah
2018-07-17;4,57;5;23,3;jah
2018-07-18;4,57;5;23,8;jah
2018-07-19;4,47;4;24,1;jah
2018-07-20;4,37;3;24,5;jah
2018-07-21;4,33;3;24,2;jah
2018-07-22;4,27;2;24,4;jah
2018-07-23;4,14;2;24,7;jah
2018-07-24;4,52;4;24,6;jah
2018-07-25;5,74;10;24,7;jah
2018-07-26;6,15;12;25;jah
2018-07-27;6,57;13;25,3;jah
2018-07-28;5,81;10;25,4;jah
2018-07-29;5,13;7;25,7;jah
2018-07-30;4,7;5;26,2;jah
2018-07-31;4,43;4;26,5;jah
2018-08-01;4,22;3;26,8;jah
2018-08-02;4,13;2;26,7;jah
2018-08-03;3,98;2;26,2;jah
2018-08-04;4,39;5;25,3;jah
2018-08-05;4,9;7;24,7;jah
2018-08-06;4,34;5;23,5;jah
2018-08-07;4,03;4;22,8;jah
2018-08-08;4,01;3;22,7;jah
2018-08-09;4,1;3;23,1;jah
2018-08-10;4,05;3;23,2;jah
2018-08-11;3,88;1;22,6;jah
2018-08-12;3,89;1;21,3;jah
2018-08-13;3,91;1;20,6;jah
2018-08-14;3,92;1;20,2;jah
2018-08-15;4,07;2;19,5;jah
2018-08-16;4,27;3;19,7;jah
2018-08-17;4,7;5;20,2;jah
2018-08-18;4,79;5;20,9;jah
2018-08-19;4,82;4;20,4;jah
2018-08-20;5,11;5;19,6;jah
2018-08-21;5,5;7;19,5;jah
2018-08-22;6,54;11;18,8;jah
2018-08-23;7,74;14;18,8;jah
2018-08-24;7,55;13;19,4;jah
2018-08-25;6,98;11;19,8;jah
2018-08-26;6,22;9;19,3;jah
2018-08-27;5,87;8;18,8;jah
2018-08-28;5,51;7;18,5;jah
2018-08-29;5,25;7;18,6;jah
2018-08-30;5,07;7;18,6;jah
2018-08-31;4,95;6;18,6;jah
2018-09-01;4,87;6;18,7;jah
2018-09-02;4,89;5;18,6;jah
2018-09-03;4,96;5;19;jah
2018-09-04;4,94;5;18,8;jah
2018-09-05;4,87;4;18,6;jah
2018-09-06;4,85;3;18,8;jah
2018-09-07;4,73;2;18,9;jah
2018-09-08;4,62;1;19,1;jah
2018-09-09;4,55;1;18,9;jah
2018-09-10;4,5;0;18,8;jah
2018-09-11;4,51;0;18,6;jah
2018-09-12;4,62;1;17,6;jah
2018-09-13;4,53;0;16,8;jah
2018-09-14;4,66;1;16,5;jah
2018-09-15;4,83;1;16,1;jah
2018-09-16;4,98;2;15,8;jah
2018-09-17;5,03;2;15;jah
2018-09-18;5,86;5;15,1;jah
2018-09-19;6,43;7;15,3;jah
2018-09-20;6,52;7;15,9;jah
2018-09-21;6,37;6;16,5;jah
2018-09-22;6,1;5;16;jah
2018-09-23;5,91;4;15;jah
2018-09-24;6,81;7;14,3;jah
2018-09-25;8,22;11;13,3;jah
2018-09-26;9,11;13;12,1;jah
2018-09-27;11,2;18;11,7;jah
2018-09-28;19,7;40;11,2;jah
2018-09-29;30,5;62;10,5;jah
2018-09-30;34,1;70;9,9;jah
2018-10-01;35,7;74;10,1;jah
2018-10-02;35;74;10,2;jah
2018-10-03;35,8;77;9,9;jah
2018-10-04;40,8;88;9,6;jah
2018-10-05;39;83;9;jah
2018-10-06;36,9;80;9,4;jah
2018-10-07;37,4;81;9,4;jah
2018-10-08;39,6;86;9;jah
2018-10-09;42,7;93;9,2;jah
2018-10-10;45;95;9,5;jah
2018-10-11;42,9;87;9,7;jah
2018-10-12;39,8;78;10,2;jah
2018-10-13;35,8;67;10,2;jah
2018-10-14;31,5;57;10,3;jah
2018-10-15;28;48;10;jah
2018-10-16;24,9;40;9,9;jah
2018-10-17;22,6;34;9,6;jah
2018-10-18;20,5;30;9,4;jah
2018-10-19;18,8;26;9,1;jah
2018-10-20;17,1;24;8,3;jah
2018-10-21;15,9;22;7,8;jah
2018-10-22;15,3;22;8,1;jah
2018-10-23;16,4;25;7,5;jah
2018-10-24;20,9;35;7;jah
2018-10-25;26,3;46;6,3;jah
2018-10-26;27,5;48;5,8;jah
2018-10-27;27,4;49;4,6;jah
2018-10-28;30,6;57;3,8;jah
2018-10-29;46,4;88;2,8;jah
2018-10-30;53,4;99;2,4;jah
2018-10-31;56,8;106;2,8;jah
2018-11-01;63,8;117;3,1;jah
2018-11-02;63,4;116;4,3;jah
2018-11-03;59,1;109;5,6;jah
2018-11-04;53,2;99;6,3;jah
2018-11-05;47,2;88;6,1;jah
2018-11-06;42;78;6,1;jah
2018-11-07;37,9;70;6,2;jah
2018-11-08;34,3;63;6,3;jah
2018-11-09;31,3;57;6,3;jah
2018-11-10;29;52;6,2;jah
2018-11-11;27,2;48;6;jah
2018-11-12;25,8;45;5,7;jah
2018-11-13;27,7;51;5,7;jah
2018-11-14;43,6;82;5,6;jah
2018-11-15;56,9;103;5,7;jah
2018-11-16;56,7;101;5,9;jah
2018-11-17;51,5;92;6,1;jah
2018-11-18;46,2;83;5,9;jah
2018-11-19;41,7;74;5,3;jah
2018-11-20;37,7;67;4,9;jah
2018-11-21;34,4;60;4,4;jah
2018-11-22;31,8;55;4,1;jah
2018-11-23;29,2;50;3,7;jah
2018-11-24;27,4;46;3,4;jah
2018-11-25;26,1;43;2,3;jah
2018-11-26;24,5;40;1,5;jah
2018-11-27;22,7;36;0,8;jah
2018-11-28;20,9;26;0,3;jah
2018-11-29;20,6;27;0,3;jah
2018-11-30;20,2;35;0,3;jah
2018-12-01;19,9;43;0,4;jah
2018-12-02;19,6;39;0,5;jah
2018-12-03;19,2;32;0,3;jah
2018-12-04;18,9;28;0,3;jah
2018-12-05;19,1;28;0,3;jah
2018-12-06;22,6;34;0,3;jah
2018-12-07;24,8;39;0,3;jah
2018-12-08;25,1;40;0,3;jah
2018-12-09;27;45;0,4;jah
2018-12-10;31,8;55;0,9;jah
2018-12-11;36,3;64;1,2;jah
2018-12-12;38,3;68;1,1;jah
2018-12-13;37,3;65;1,3;jah
2018-12-14;34,9;60;1,6;jah
2018-12-15;32,7;55;1,8;jah
2018-12-16;28,6;48;1,5;jah
2018-12-17;24;39;0,8;jah
2018-12-18;23,3;38;0,3;jah
2018-12-19;22,6;36;0,2;jah
2018-12-20;20;31;0,3;jah
2018-12-21;21,4;34;0,3;jah
2018-12-22;24,3;39;0,3;jah
2018-12-23;25;40;0,4;jah
2018-12-24;24,2;38;0,3;jah
2018-12-25;23,5;36;0,3;jah
2018-12-26;21,9;33;0,3;jah
2018-12-27;21,5;33;0,3;jah
2018-12-28;22,5;34;0,3;jah
2018-12-29;23,3;36;0,3;jah
2018-12-30;24,4;38;0,3;jah
2018-12-31;25,6;40;0,6;jah
2019-01-01;27,8;46;1,6;jah
2019-01-02;41,7;72;0,8;jah
2019-01-03;54,1;92;0,2;jah
2019-01-04;54,3;91;0,3;jah
2019-01-05;50,7;86;0,3;jah
2019-01-06;50,3;85;0,3;jah
2019-01-07;47;80;0,5;jah
2019-01-08;42;72;1;jah
2019-01-09;38,1;65;1,6;jah
2019-01-10;34,5;59;2,3;jah
2019-01-11;31,5;54;2,4;jah
2019-01-12;29,7;51;2,7;jah
2019-01-13;29,9;51;2,5;jah
2019-01-14;28;48;2,3;jah
2019-01-15;27,8;48;2,4;jah
2019-01-16;27,6;47;2,4;jah
2019-01-17;26,4;49;2;jah
2019-01-18;26,1;69;1,2;jah
2019-01-19;25,9;86;0,3;jah
2019-01-20;25,7;91;0,3;jah
2019-01-21;25,5;91;0,3;jah
2019-01-22;25,3;89;0,3;jah
2019-01-23;25,1;86;0,4;jah
2019-01-24;24,9;82;0,6;jah
2019-01-25;24,8;75;1,1;jah
2019-01-26;24,6;69;1,9;jah
2019-01-27;24,4;63;2,5;jah
2019-01-28;24,2;60;2,4;jah
2019-01-29;24;57;3;jah
2019-01-30;23,8;53;3,1;jah
2019-01-31;23,6;46;3;jah
2019-02-01;23,5;44;2,6;jah
2019-02-02;23,3;43;2,4;jah
2019-02-03;23,1;41;2,3;jah
2019-02-04;23,9;43;2,7;jah
2019-02-05;27,9;51;2,3;jah
2019-02-06;31,2;57;2,8;jah
2019-02-07;32,8;61;2,6;jah
2019-02-08;32,9;61;2,6;jah
2019-02-09;35,2;71;2;jah
2019-02-10;43;104;0,4;jah
2019-02-11;51,5;158;0,1;jah
2019-02-12;60,7;190;0,1;jah
2019-02-13;70,7;198;0,3;jah
2019-02-14;81,5;185;0,4;jah
2019-02-15;92,9;175;0,5;jah
2019-02-16;103;186;0,4;jah
2019-02-17;119;205;0,4;jah
2019-02-18;129;214;0,4;jah
2019-02-19;127;209;0,4;jah
2019-02-20;147;226;0,4;jah
2019-02-21;162;238;0,4;jah
2019-02-22;133;223;0,6;jah
2019-02-23;113;203;0,6;jah
2019-02-24;107;194;0,7;jah
2019-02-25;99,4;181;0,9;jah
2019-02-26;92,6;170;1;jah
2019-02-27;91,9;166;1;jah
2019-02-28;88,9;159;1,1;jah
2019-03-01;87,4;154;1;jah
2019-03-02;82,4;143;1,3;jah
2019-03-03;75,3;132;1,2;jah
2019-03-04;71,3;124;1;jah
2019-03-05;74,7;128;0,9;jah
2019-03-06;81,3;132;0,8;jah
2019-03-07;79,1;128;0,8;jah
2019-03-08;91;143;0,9;jah
2019-03-09;126;180;0,6;jah
2019-03-10;153;202;0,9;jah
2019-03-11;155;202;0,9;jah
2019-03-12;148;193;0,8;jah
2019-03-13;141;184;1;jah
2019-03-14;132;173;1,2;jah
2019-03-15;134;175;1,4;jah
2019-03-16;152;190;2;jah
2019-03-17;173;208;2,2;jah
2019-03-18;204;234;2,4;jah
2019-03-19;234;255;2,3;jah
2019-03-20;248;264;2,2;jah
2019-03-21;248;263;2,5;jah
2019-03-22;244;259;2,9;jah
2019-03-23;230;249;2,9;jah
2019-03-24;211;236;2,7;jah
2019-03-25;193;223;3,1;jah
2019-03-26;176;209;3,2;jah
2019-03-27;157;193;3,3;jah
2019-03-28;139;176;3,5;jah
2019-03-29;122;159;4,2;jah
2019-03-30;109;146;5,2;jah
2019-03-31;99,7;137;5,6;jah
2019-04-01;92,6;128;5,4;jah
2019-04-02;84,8;119;5,2;jah
2019-04-03;76,7;109;5;jah
2019-04-04;68,9;99;5,2;jah
2019-04-05;62,4;91;5,5;jah
2019-04-06;57;84;6;jah
2019-04-07;52,6;78;6,4;jah
2019-04-08;49,2;73;6,1;jah
2019-04-09;46,7;70;5,7;jah
2019-04-10;46,3;70;5,2;jah
2019-04-11;47,4;71;4,9;jah
2019-04-12;46,3;70;4,5;jah
2019-04-13;43,6;65;4,3;jah
2019-04-14;41,2;62;4,7;jah
2019-04-15;39,1;58;5,1;jah
2019-04-16;36,9;55;6,1;jah
2019-04-17;34,9;51;7;jah
2019-04-18;33;48;8;jah
2019-04-19;31,2;45;8,7;jah
2019-04-20;29,4;42;9,6;jah
2019-04-21;27,8;39;10,4;jah
2019-04-22;26,3;37;11;jah
2019-04-23;24,9;35;11,7;jah
2019-04-24;23,7;33;12,2;jah
2019-04-25;22,6;31;12,5;jah
2019-04-26;21,6;30;13,2;jah
2019-04-27;20,7;29;13,9;jah
2019-04-28;20;28;13,9;jah
2019-04-29;18,8;26;13,4;jah
2019-04-30;17,7;24;13,4;jah
2019-05-01;16,9;23;13,4;jah
2019-05-02;17,3;24;12,6;jah
2019-05-03;19,2;27;11,2;jah
2019-05-04;23,3;33;10,1;jah
2019-05-05;23,6;34;9,4;jah
2019-05-06;21,9;33;9,6;jah
2019-05-07;20,8;31;10,4;jah
2019-05-08;19,6;28;10,7;jah
2019-05-09;18,4;26;11,4;jah
2019-05-10;17,4;24;11,8;jah
2019-05-11;17,2;24;11,4;jah
2019-05-12;18,7;26;11,8;jah
2019-05-13;21,9;30;11,8;jah
2019-05-14;22,6;31;11,2;jah
2019-05-15;20,8;29;11,9;jah
2019-05-16;18,8;27;13;jah
2019-05-17;16,7;24;14;jah
2019-05-18;15,1;22;15,3;jah
2019-05-19;14;20;16,6;jah
2019-05-20;12,9;19;17,6;jah
2019-05-21;12;17;18,1;jah
2019-05-22;11,3;16;19,2;jah
2019-05-23;10,9;16;19,9;jah
2019-05-24;10,7;17;19,2;jah
2019-05-25;10,8;17;18;jah
2019-05-26;10,7;18;16,5;jah
2019-05-27;11;20;15,6;jah
2019-05-28;11,9;22;15,7;jah
2019-05-29;14,2;26;16;jah
2019-05-30;16,5;29;16,2;jah
2019-05-31;18;30;15,8;jah
2019-06-01;15,9;26;15,7;jah
2019-06-02;13,8;23;16;jah
2019-06-03;12,3;20;16,5;jah
2019-06-04;11,1;18;18;jah
2019-06-05;10,2;16;19,8;jah
2019-06-06;9,57;15;21,1;jah
2019-06-07;8,95;13;22;jah
2019-06-08;8,5;12;23,2;jah
2019-06-09;8,62;12;23,3;jah
2019-06-10;7,93;10;22,5;jah
2019-06-11;8,07;10;21,5;jah
2019-06-12;9,05;13;21,2;jah
2019-06-13;13,8;25;21;jah
2019-06-14;47,3;89;20,1;jah
2019-06-15;65,9;114;19,2;jah
2019-06-16;42,5;99;19,4;jah
2019-06-17;30;77;19,9;jah
2019-06-18;22,5;58;20,3;jah
2019-06-19;16,8;43;21,1;jah
2019-06-20;13,2;33;22,1;jah
2019-06-21;11,2;27;22,9;jah
2019-06-22;10,3;25;22,9;jah
2019-06-23;9,62;23;22,4;jah
2019-06-24;8,78;20;22,4;jah
2019-06-25;7,91;18;22,4;jah
2019-06-26;7,39;16;21,6;jah
2019-06-27;7,23;15;20,6;jah
2019-06-28;6,97;15;20,2;jah
2019-06-29;6,82;14;20;jah
2019-06-30;6,76;14;20,6;jah
2019-07-01;6,51;13;21,1;jah
2019-07-02;6,36;13;20,8;jah
2019-07-03;6,48;13;20,1;jah
2019-07-04;6,27;12;19,7;jah
2019-07-05;6,6;14;18,7;jah
2019-07-06;7,37;17;18,5;jah
2019-07-07;7,93;19;18,8;jah
2019-07-08;8,72;22;18,7;jah
2019-07-09;9,97;25;18,5;jah
2019-07-10;12,7;30;18;jah
2019-07-11;14,6;32;17,7;jah
2019-07-12;13,9;30;17,6;jah
2019-07-13;12,4;27;17,8;jah
2019-07-14;11,1;24;17,8;jah
2019-07-15;9,88;21;17,9;jah
2019-07-16;9,14;19;18;jah
2019-07-17;8,67;18;18,6;jah
2019-07-18;8,26;17;19,3;jah
2019-07-19;7,97;17;19,9;jah
2019-07-20;7,78;17;20,6;jah
2019-07-21;7,31;15;21,3;jah
2019-07-22;6,78;13;21,2;jah
2019-07-23;6,3;12;21,2;jah
2019-07-24;5,99;11;21,6;jah
2019-07-25;5,77;10;22,4;jah
2019-07-26;5,5;9;22,8;jah
2019-07-27;5,26;9;23,5;jah
2019-07-28;4,96;8;24,3;jah
2019-07-29;4,7;7;23,8;jah
2019-07-30;4,7;7;22,1;jah
2019-07-31;4,52;7;20,6;jah
2019-08-01;4,24;6;20,1;jah
2019-08-02;4,05;6;19,7;jah
2019-08-03;3,88;6;19,4;jah
2019-08-04;3,7;5;19,3;jah
2019-08-05;3,47;4;19;jah
2019-08-06;3,59;4;18,9;jah
2019-08-07;4,79;10;19;jah
2019-08-08;6,36;16;18,8;jah
2019-08-09;7,88;20;18,8;jah
2019-08-10;7,75;19;18,8;jah
2019-08-11;9,33;24;19,1;jah
2019-08-12;9,87;25;19,2;jah
2019-08-13;10,1;25;19,1;jah
2019-08-14;10,8;27;19,1;jah
2019-08-15;11,5;28;18,6;jah
2019-08-16;11,2;27;18,5;jah
2019-08-17;10,2;23;18,9;jah
2019-08-18;9,44;21;19,1;jah
2019-08-19;8,62;18;19,2;jah
2019-08-20;7,89;15;19,2;jah
2019-08-21;7,29;13;18,8;jah
2019-08-22;6,82;11;18,3;jah
2019-08-23;6,5;10;18;jah
2019-08-24;6,22;9;18,4;jah
2019-08-25;5,88;8;18,6;jah
2019-08-26;5,63;7;18,9;jah
2019-08-27;5,49;6;19,3;jah
2019-08-28;5,32;6;19,7;jah
2019-08-29;5,05;5;20,1;jah
2019-08-30;4,77;4;20,1;jah
2019-08-31;4,51;3;19,8;jah
2019-09-01;4,39;3;19,7;jah
2019-09-02;4,21;3;19,7;jah
2019-09-03;4,03;2;19;jah
2019-09-04;3,87;2;18,5;jah
2019-09-05;3,82;2;18,1;jah
2019-09-06;3,85;2;17,8;jah
2019-09-07;3,99;2;17,3;jah
2019-09-08;4,04;1;17,3;jah
2019-09-09;4,06;1;17,9;jah
2019-09-10;4,12;1;17,8;jah
2019-09-11;4,23;1;16,8;jah
2019-09-12;4,56;2;16,1;jah
2019-09-13;4,77;2;15,4;jah
2019-09-14;4,78;1;14,5;jah
2019-09-15;5,76;5;13,9;jah
2019-09-16;11,3;23;13,8;jah
2019-09-17;20;42;13,3;jah
2019-09-18;25,4;52;12,5;jah
2019-09-19;23,9;47;11,7;jah
2019-09-20;21,1;40;11,1;jah
2019-09-21;19;35;11;jah
2019-09-22;19,4;35;10,8;jah
2019-09-23;20,8;38;10;jah
2019-09-24;21,1;37;9,9;jah
2019-09-25;19,8;34;9,7;jah
2019-09-26;17,3;28;9,2;jah
2019-09-27;14,8;23;8,9;jah
2019-09-28;12,9;19;8,8;jah
2019-09-29;11,8;17;9,4;jah
2019-09-30;12;17;9,9;jah
2019-10-01;14;22;9,8;jah
2019-10-02;15,4;24;9,6;jah
2019-10-03;14,9;23;9,3;jah
2019-10-04;15,3;23;8,8;jah
2019-10-05;14,4;21;8;jah
2019-10-06;13,5;20;7,5;jah
2019-10-07;13;18;7;jah
2019-10-08;12,5;17;6,5;jah
2019-10-09;12,8;18;6,4;jah
2019-10-10;15,6;24;6,7;jah
2019-10-11;20,3;33;7;jah
2019-10-12;29,7;56;7,8;jah
2019-10-13;55,1;104;8,5;jah
2019-10-14;69,2;128;8,8;jah
2019-10-15;74,1;137;8,8;jah
2019-10-16;71,1;131;8,6;jah
2019-10-17;70,8;132;8,6;jah
2019-10-18;88,2;154;9;jah
2019-10-19;92,3;156;9,5;jah
2019-10-20;84,7;144;9,7;jah
2019-10-21;77,3;133;9,7;jah
2019-10-22;71,3;124;9,5;jah
2019-10-23;65,5;114;9,4;jah
2019-10-24;59,7;104;9,5;jah
2019-10-25;54,1;94;9,3;jah
2019-10-26;49,5;86;9,2;jah
2019-10-27;66,8;117;9,2;jah
2019-10-28;117;175;8,3;jah
2019-10-29;128;182;6,7;jah
2019-10-30;119;173;5,1;jah
2019-10-31;113;165;3,9;jah
2019-11-01;106;157;3,4;jah
2019-11-02;98,1;148;3,6;jah
2019-11-03;95,3;145;4,1;jah
2019-11-04;117;172;4,5;jah
2019-11-05;150;202;4,7;jah
2019-11-06;155;204;4,3;jah
2019-11-07;155;204;3,7;jah
2019-11-08;159;207;3,4;jah
2019-11-09;160;207;3,8;jah
2019-11-10;157;204;4,5;jah
2019-11-11;151;197;5,3;jah
2019-11-12;140;186;5,4;jah
2019-11-13;129;174;5,5;jah
2019-11-14;124;169;6,1;jah
2019-11-15;117;160;6,3;jah
2019-11-16;105;147;5,8;jah
2019-11-17;92,6;134;5,7;jah
2019-11-18;80,9;121;5,7;jah
2019-11-19;72,1;110;5,7;jah
2019-11-20;64,6;100;5,8;jah
2019-11-21;58,6;92;5,6;jah
2019-11-22;53,5;85;4,9;jah
2019-11-23;48,9;78;3,8;jah
2019-11-24;44,9;71;2,6;jah
2019-11-25;40,4;64;1,3;jah
2019-11-26;36,7;59;0,8;jah
2019-11-27;35;56;0,8;jah
2019-11-28;33,9;54;1;jah
2019-11-29;35,3;58;1,4;jah
2019-11-30;42,2;71;1,2;jah
2019-12-01;45,9;76;0,8;jah
2019-12-02;44,2;72;0,5;jah
2019-12-03;43,9;57;0,5;jah
2019-12-04;46,1;64;0,4;jah
2019-12-05;47,7;76;1;jah
2019-12-06;52,2;84;2,1;jah
2019-12-07;70,1;110;3,2;jah
2019-12-08;95,1;140;3,7;jah
2019-12-09;126;173;3,9;jah
2019-12-10;153;197;4;jah
2019-12-11;155;198;3;jah
2019-12-12;148;190;1,7;jah
2019-12-13;136;179;1,2;jah
2019-12-14;125;168;1,3;jah
2019-12-15;115;158;1,6;jah
2019-12-16;114;158;2;jah
2019-12-17;119;162;2,5;jah
2019-12-18;119;162;3,3;jah
2019-12-19;121;163;3,5;jah
2019-12-20;119;160;3,1;jah
2019-12-21;111;152;3;jah
2019-12-22;101;142;3,3;jah
2019-12-23;92,5;132;3,6;jah
2019-12-24;84;123;3,9;jah
2019-12-25;77,9;116;4,1;jah
2019-12-26;74,6;113;4;jah
2019-12-27;70,5;108;3,4;jah
2019-12-28;65,2;101;2,5;jah
2019-12-29;59,5;93;1,4;jah
2019-12-30;55,8;89;1,7;jah
2019-12-31;59,4;94;1,9;jah
2020-01-01;61,3;96;1,8;jah
2020-01-02;59;93;1,9;jah
2020-01-03;56,7;90;2,5;jah
2020-01-04;58;92;2,5;jah
2020-01-05;60,2;94;1,9;jah
2020-01-06;58,4;91;1,6;jah
2020-01-07;60;94;1,7;jah
2020-01-08;69;106;2,1;jah
2020-01-09;78,8;118;2,4;jah
2020-01-10;82,3;121;2,8;jah
2020-01-11;79,6;117;2,5;jah
2020-01-12;82,1;122;2,7;jah
2020-01-13;112;155;2,8;jah
2020-01-14;118;160;2,8;jah
2020-01-15;119;163;3,3;jah
2020-01-16;163;209;4,2;jah
2020-01-17;189;228;4,4;jah
2020-01-18;175;215;3,8;jah
2020-01-19;156;197;3,4;jah
2020-01-20;138;180;3,1;jah
2020-01-21;121;163;3,1;jah
2020-01-22;109;149;3;jah
2020-01-23;97;136;2,3;jah
2020-01-24;86,5;124;2,3;jah
2020-01-25;79;114;1,9;jah
2020-01-26;72,5;106;1,8;jah
2020-01-27;67,7;100;2,3;jah
2020-01-28;65,3;97;2,7;jah
2020-01-29;64,2;96;2,9;jah
2020-01-30;63,6;95;2,9;jah
2020-01-31;64,7;96;2,9;jah
2020-02-01;65,7;98;2,8;jah
2020-02-02;82,6;120;3,1;jah
2020-02-03;105;144;3,1;jah
2020-02-04;111;150;2,2;jah
2020-02-05;103;137;1,2;jah
2020-02-06;93,6;127;0,7;jah
2020-02-07;84,4;107;0,2;jah
2020-02-08;75,4;110;0,2;jah
2020-02-09;66,7;97;0,5;jah
2020-02-10;68;101;1;jah
2020-02-11;109;149;1,8;jah
2020-02-12;139;178;2,1;jah
2020-02-13;146;184;2,2;jah
2020-02-14;143;181;2,1;jah
2020-02-15;133;171;1,8;jah
2020-02-16;127;167;1,9;jah
2020-02-17;148;190;3;jah
2020-02-18;172;209;3,8;jah
2020-02-19;167;205;4,1;jah
2020-02-20;167;206;4;jah
2020-02-21;162;201;3,4;jah
2020-02-22;155;198;3,1;jah
2020-02-23;212;248;3,2;jah
2020-02-24;238;263;3;jah
2020-02-25;225;253;2,3;jah
2020-02-26;210;241;1,9;jah
2020-02-27;196;230;1,6;jah
2020-02-28;181;216;1,5;jah
2020-02-29;161;198;1,1;jah
2020-03-01;155;193;1,2;jah
2020-03-02;154;193;1,7;jah
2020-03-03;153;191;2,4;jah
2020-03-04;163;201;2,8;jah
2020-03-05;201;233;2,8;jah
2020-03-06;222;247;2,9;jah
2020-03-07;220;245;2,9;jah
2020-03-08;205;233;3,1;jah
2020-03-09;185;216;3,4;jah
2020-03-10;165;199;3,6;jah
2020-03-11;151;187;3,7;jah
2020-03-12;158;194;4,1;jah
2020-03-13;179;214;4;jah
2020-03-14;184;216;3,6;jah
2020-03-15;167;200;3,2;jah
2020-03-16;151;186;2,3;jah
2020-03-17;150;186;2,1;jah
2020-03-18;144;180;2,9;jah
2020-03-19;147;183;3,8;jah
2020-03-20;143;179;4,2;jah
2020-03-21;131;167;3,9;jah
2020-03-22;117;153;3,2;jah
2020-03-23;102;137;2,9;jah
2020-03-24;89,1;123;2,6;jah
2020-03-25;79,7;112;2,7;jah
2020-03-26;72,6;104;3,3;jah
2020-03-27;66,3;96;3,8;jah
2020-03-28;61,1;90;4,4;jah
2020-03-29;57;85;4,7;jah
2020-03-30;52,7;79;4,1;jah
2020-03-31;48,2;73;3,5;jah
2020-04-01;45,5;69;3,8;jah
2020-04-02;45,3;69;4;jah
2020-04-03;47,2;72;4,1;jah
2020-04-04;52,8;80;4,1;jah
2020-04-05;55;82;4,2;jah
2020-04-06;52;78;4,7;jah
2020-04-07;48,6;73;5,6;jah
2020-04-08;46;69;6,5;jah
2020-04-09;43,3;65;7,2;jah
2020-04-10;40,8;60;7,4;jah
2020-04-11;38,2;56;7,1;jah
2020-04-12;36,4;53;6,4;jah
2020-04-13;37;54;6,3;jah
2020-04-14;39,4;57;5,7;jah
2020-04-15;42,9;62;5,6;jah
2020-04-16;52,2;75;5,7;jah
2020-04-17;68,6;95;5,6;jah
2020-04-18;72,6;99;5,5;jah
2020-04-19;66,4;92;5,9;jah
2020-04-20;58,1;83;6,8;jah
2020-04-21;50,7;75;7,8;jah
2020-04-22;44,9;68;8,6;jah
2020-04-23;40,9;61;9,5;jah
2020-04-24;37,8;56;9,9;jah
2020-04-25;35,4;52;10;jah
2020-04-26;33,3;48;9,6;jah
2020-04-27;31,4;45;9,4;jah
2020-04-28;30,2;42;8,6;jah
2020-04-29;32,7;47;8,1;jah
2020-04-30;38,6;56;8,1;jah
2020-05-01;38,5;56;8,1;jah
2020-05-02;35,7;52;8,4;jah
2020-05-03;35,5;53;9,2;jah
2020-05-04;37,9;56;10;jah
2020-05-05;37,4;56;11,1;jah
2020-05-06;35;52;11,9;jah
2020-05-07;31,8;48;12;jah
2020-05-08;28,8;43;12,1;jah
2020-05-09;26,4;39;12,6;jah
2020-05-10;24,5;36;12,8;jah
2020-05-11;23,5;35;12,7;jah
2020-05-12;24,8;38;11,7;jah
2020-05-13;27,1;43;11,2;jah
2020-05-14;26,9;42;10,9;jah
2020-05-15;26,5;41;10,4;jah
2020-05-16;26,1;40;10,5;jah
2020-05-17;26,4;41;10,2;jah
2020-05-18;30,2;48;10,3;jah
2020-05-19;34,7;55;10,3;jah
2020-05-20;33,8;53;10,1;jah
2020-05-21;30,7;48;10,4;jah
2020-05-22;27,6;44;11,4;jah
2020-05-23;25,2;40;12,6;jah
2020-05-24;22,6;36;13,2;jah
2020-05-25;20,5;33;13,8;jah
2020-05-26;18,9;30;14,4;jah
2020-05-27;17,6;28;15,4;jah
2020-05-28;16,5;26;16;jah
2020-05-29;15,4;24;15,9;jah
2020-05-30;14,6;23;16,3;jah
2020-05-31;13,8;21;16,6;jah
2020-06-01;12,9;19;16,6;jah
2020-06-02;12,2;18;16,4;jah
2020-06-03;11,6;17;16,7;jah
2020-06-04;11,4;17;16,7;jah
2020-06-05;11,4;18;17,2;jah
2020-06-06;12,4;21;17,4;jah
2020-06-07;14,2;25;17,4;jah
2020-06-08;15,4;27;17,9;jah
2020-06-09;29,6;60;18;jah
2020-06-10;53,7;99;17,4;jah
2020-06-11;47,7;94;17,5;jah
2020-06-12;35,5;77;17,4;jah
2020-06-13;27,2;62;17,6;jah
2020-06-14;21,4;49;18,3;jah
2020-06-15;17,2;39;19,1;jah
2020-06-16;14,4;32;19,6;jah
2020-06-17;13;28;20,4;jah
2020-06-18;13,2;29;22;jah
2020-06-19;13,7;29;22,7;jah
2020-06-20;15,8;36;21,8;jah
2020-06-21;20,4;47;21,3;jah
2020-06-22;24;54;21;jah
2020-06-23;20,6;47;21,4;jah
2020-06-24;16;38;22,4;jah
2020-06-25;12,8;30;23,1;jah
2020-06-26;10,7;25;23,5;jah
2020-06-27;9,32;21;24,2;jah
2020-06-28;8,33;18;24,7;jah
2020-06-29;8,16;18;24,5;jah
2020-06-30;9,92;26;22,8;jah
2020-07-01;24;73;20,2;jah
2020-07-02;53,7;137;19,3;jah
2020-07-03;41,5;119;18,6;jah
2020-07-04;33,4;96;17,7;jah
2020-07-05;34,7;97;17,1;jah
2020-07-06;57,5;135;17,4;jah
2020-07-07;51,3;121;16,9;jah
2020-07-08;36,5;94;16,5;jah
2020-07-09;27;75;16,4;jah
2020-07-10;22,7;65;16;jah
2020-07-11;21,8;61;15,8;jah
2020-07-12;20,5;56;16;jah
2020-07-13;19,2;51;16,3;jah
2020-07-14;19;49;16,5;jah
2020-07-15;17,3;44;17,3;jah
2020-07-16;15,2;38;18,3;jah
2020-07-17;13,4;32;19,4;jah
2020-07-18;12;28;20,3;jah
2020-07-19;10,9;24;21,1;jah
2020-07-20;10,1;21;21,5;jah
2020-07-21;9,66;20;21,6;jah
2020-07-22;9,82;20;20,8;jah
2020-07-23;9,76;20;19,8;jah
2020-07-24;9,77;20;19,1;jah
2020-07-25;10,4;22;19,1;jah
2020-07-26;11,8;27;19,5;jah
2020-07-27;12,9;30;19,9;jah
2020-07-28;12,7;29;20,2;jah
2020-07-29;12,1;27;20,1;jah
2020-07-30;11,7;26;19,4;jah
2020-07-31;12,3;28;19,4;jah
2020-08-01;13,6;33;19,4;jah
2020-08-02;14,4;35;19,1;jah
2020-08-03;13,9;34;18,9;jah
2020-08-04;13,5;32;18,5;jah
2020-08-05;16,2;40;18,5;jah
2020-08-06;20,4;49;18;jah
2020-08-07;20,2;47;18,1;jah
2020-08-08;17,4;42;19,1;jah
2020-08-09;14,6;36;20,1;jah
2020-08-10;12,1;30;20,7;jah
2020-08-11;10,5;25;20,2;jah
2020-08-12;9,46;21;19,4;jah
2020-08-13;8,78;19;18,8;jah
2020-08-14;8,3;17;19;jah
2020-08-15;8,01;16;19,7;jah
2020-08-16;7,88;15;20,1;jah
2020-08-17;8,03;16;20,1;jah
2020-08-18;7,91;15;20,1;jah
2020-08-19;7,55;14;20,3;jah
2020-08-20;7,2;13;20,3;jah
2020-08-21;6,98;12;20,5;jah
2020-08-22;6,78;11;19,8;jah
2020-08-23;6,74;11;19,9;jah
2020-08-24;7,47;13;19,4;jah
2020-08-25;7,39;13;18,9;jah
2020-08-26;7,8;14;18,3;jah
2020-08-27;8,5;17;17,8;jah
2020-08-28;9,05;19;17,4;jah
2020-08-29;9,25;19;16,5;jah
2020-08-30;10;22;16,4;jah
2020-08-31;10,6;24;16,2;jah
2020-09-01;11;26;15,9;jah
2020-09-02;11,3;27;15,5;jah
2020-09-03;11,1;26;15,5;jah
2020-09-04;10,9;25;15,6;jah
2020-09-05;11;26;15,6;jah
2020-09-06;16,8;44;14,9;jah
2020-09-07;20,1;50;14,6;jah
2020-09-08;25;63;14,1;jah
2020-09-09;51;113;13,9;jah
2020-09-10;71,8;145;13,6;jah
2020-09-11;72,9;147;13,1;jah
2020-09-12;58,9;129;12,8;jah
2020-09-13;50;114;13,1;jah
2020-09-14;43,8;102;13,4;jah
2020-09-15;38;90;13,7;jah
2020-09-16;32,6;78;14;jah
2020-09-17;28,5;69;13,8;jah
2020-09-18;25,1;61;13,2;jah
2020-09-19;22,2;53;12,9;jah
2020-09-20;19,8;46;12,2;jah
2020-09-21;17,9;40;12,3;jah
2020-09-22;16,5;35;12,9;jah
2020-09-23;15,3;30;13;jah
2020-09-24;14,4;27;13,4;jah
2020-09-25;13,9;24;13,9;jah
2020-09-26;13,2;22;14,1;jah
2020-09-27;12,8;20;14,4;jah
2020-09-28;12,4;18;14,1;jah
2020-09-29;12;16;13,9;jah
2020-09-30;11,7;15;14;jah
2020-10-01;11,4;14;13,8;jah
2020-10-02;11,3;14;13,3;jah
2020-10-03;11,2;14;13,1;jah
2020-10-04;11,1;13;12,9;jah
2020-10-05;10,9;13;13;jah
2020-10-06;11,1;13;13,3;jah
2020-10-07;11,1;13;13;jah
2020-10-08;11;13;12,8;jah
2020-10-09;11;12;12,6;jah
2020-10-10;10,9;12;12,2;jah
2020-10-11;11,1;13;12,1;jah
2020-10-12;11,3;13;11,8;jah
2020-10-13;12;15;11,4;jah
2020-10-14;12,3;16;10,6;jah
2020-10-15;12;15;9,8;jah
2020-10-16;11,7;15;9,2;jah
2020-10-17;11,6;14;8,5;jah
2020-10-18;11,5;15;8;jah
2020-10-19;12,3;17;7,2;jah
2020-10-20;16,6;29;6,5;jah
2020-10-21;18,2;32;6,2;jah
2020-10-22;20,7;40;6,7;jah
2020-10-23;41,6;81;7,7;jah
2020-10-24;59,8;108;8,1;jah
2020-10-25;59,1;105;8,1;jah
2020-10-26;54,4;97;8,2;jah
2020-10-27;48,5;88;8,7;jah
2020-10-28;50,9;93;8,9;jah
2020-10-29;59,7;105;9,1;jah
2020-10-30;58,7;102;9,1;jah
2020-10-31;52,6;92;8,9;jah
2020-11-01;45,8;81;8,4;jah
2020-11-02;40,2;72;8;jah
2020-11-03;36,3;65;8,2;jah
2020-11-04;35,6;64;8,2;jah
2020-11-05;42,9;76;7,9;jah
2020-11-06;43,1;75;7,6;jah
2020-11-07;40,3;70;7,4;jah
2020-11-08;37,3;65;7,4;jah
2020-11-09;35,7;62;6,7;jah
2020-11-10;34,3;59;6,1;jah
2020-11-11;32,8;56;5,6;jah
2020-11-12;31,2;53;5,2;jah
2020-11-13;29,8;50;5;jah
2020-11-14;28,3;47;4,8;jah
2020-11-15;26,9;44;4,5;jah
2020-11-16;25,5;42;4,4;jah
2020-11-17;24,7;40;4,5;jah
2020-11-18;30,3;52;5,3;jah
2020-11-19;52,3;87;6,5;jah
2020-11-20;76,4;118;6,2;jah
2020-11-21;85,2;127;5,2;jah
2020-11-22;105;152;4,6;jah
2020-11-23;125;170;4,4;jah
2020-11-24;129;163;4,3;jah
2020-11-25;128;153;4,4;jah
2020-11-26;133;149;5;jah
2020-11-27;149;157;5;jah
2020-11-28;144;153;4,5;jah
2020-11-29;130;144;4,1;jah
2020-11-30;118;136;3,6;jah
2020-12-01;106;129;3;jah
2020-12-02;95,5;121;2,4;jah
2020-12-03;83,1;110;1,6;jah
2020-12-04;71,4;100;1,3;jah
2020-12-05;62;92;1,6;jah
2020-12-06;55;85;2;jah
2020-12-07;51,2;79;1,5;jah
2020-12-08;46,9;69;0,5;jah
2020-12-09;44,1;47;0,9;jah
2020-12-10;41,9;57;0,5;jah
2020-12-11;39,7;65;0,3;jah
2020-12-12;37,5;61;0,3;jah
2020-12-13;35,3;52;0,5;jah
2020-12-14;33,5;47;0,7;jah
2020-12-15;32,2;46;0,8;jah
2020-12-16;30,5;44;0,5;jah
2020-12-17;30,1;43;0,2;jah
2020-12-18;33,2;48;0,2;jah
2020-12-19;51,2;74;0,3;jah
2020-12-20;72,8;97;0,8;jah
2020-12-21;82,3;106;1,6;jah
2020-12-22;86;109;1,9;jah
2020-12-23;88,2;110;1,7;jah
2020-12-24;86,6;113;1,8;jah
2020-12-25;83,4;125;2;jah
2020-12-26;80,3;130;1,8;jah
2020-12-27;77,2;124;1,3;jah
2020-12-28;74,2;112;0,5;jah
2020-12-29;71,3;101;0,5;jah
2020-12-30;68,2;99;0,6;jah
2020-12-31;64,7;107;0,9;jah
2021-01-01;61,4;114;1,2;jah
2021-01-02;58,2;113;1,3;jah
2021-01-03;55,1;109;1,3;jah
2021-01-04;52,1;102;1,2;jah
2021-01-05;49,2;94;1;jah
2021-01-06;46,3;86;0,7;jah
2021-01-07;43,6;79;0,5;jah
2021-01-08;41;72;0,2;jah
2021-01-09;38,9;55;0,1;jah
2021-01-10;37,8;58;0,1;jah
2021-01-11;36,6;67;0,1;jah
2021-01-12;35,5;73;0,1;jah
2021-01-13;35,2;69;0,1;jah
2021-01-14;35,1;63;0,1;jah
2021-01-15;35;62;0,1;jah
2021-01-16;34,8;67;0,1;jah
2021-01-17;34,7;80;0,1;jah
2021-01-18;34,6;84;0,1;jah
2021-01-19;34,4;87;0,1;jah
2021-01-20;34,3;95;0,2;jah
2021-01-21;34,1;95;0,3;jah
2021-01-22;34;87;0,2;jah
2021-01-23;33,8;77;0,1;jah
2021-01-24;33,7;72;0,1;jah
2021-01-25;36,4;79;0,1;jah
2021-01-26;42,7;90;0,1;jah
2021-01-27;51,9;98;0,1;jah
2021-01-28;59,2;101;0,1;jah
2021-01-29;62,5;101;0,1;jah
2021-01-30;59,8;99;0,1;jah
2021-01-31;56,8;96;0,1;jah
2021-02-01;52,4;91;0,2;jah
2021-02-02;49,6;88;0,2;jah
2021-02-03;46,7;84;0,2;jah
2021-02-04;42,8;79;0,1;jah
2021-02-05;40,1;75;0,1;jah
2021-02-06;37,3;72;0,2;jah
2021-02-07;35,4;71;0,2;jah
2021-02-08;33,6;72;0,2;jah
2021-02-09;32;74;0,1;jah
2021-02-10;30,2;74;0,1;jah
2021-02-11;28,5;70;0,1;jah
2021-02-12;26,9;68;0,2;jah
2021-02-13;25,3;62;0,3;jah
2021-02-14;23,9;54;0,6;jah
2021-02-15;22,5;52;0,6;jah
2021-02-16;21,3;50;0,5;jah
2021-02-17;20,2;48;0,6;jah
2021-02-18;19,4;47;0,5;jah
2021-02-19;17,4;43;0,7;jah
2021-02-20;15,1;39;0,5;jah
2021-02-21;14,6;39;0,4;jah
2021-02-22;13,7;38;0,3;jah
2021-02-23;13,2;39;0,3;jah
2021-02-24;13;43;0,3;jah
2021-02-25;17,4;70;0,1;jah
2021-02-26;36,9;147;0;jah
2021-02-27;47,5;194;0;jah
2021-02-28;42,9;208;0,1;jah
2021-03-01;36,1;207;0,3;jah
2021-03-02;37,9;204;0,8;jah
2021-03-03;41,9;200;0,7;jah
2021-03-04;43,8;190;0,6;jah
2021-03-05;42,9;174;0,2;jah
2021-03-06;40,4;156;0,4;jah
2021-03-07;37,3;134;0,6;jah
2021-03-08;34,8;120;0,2;jah
2021-03-09;32,5;108;0,1;jah
2021-03-10;30;94;0,1;jah
2021-03-11;29,5;89;0,1;jah
2021-03-12;34,7;94;0,1;jah
2021-03-13;39,9;95;0,1;jah
2021-03-14;51,7;110;0,1;jah
2021-03-15;86,7;153;0,1;jah
2021-03-16;122;183;0,1;jah
2021-03-17;128;183;0,2;jah
2021-03-18;117;168;0,6;jah
2021-03-19;105;154;0,6;jah
2021-03-20;92,3;136;0,4;jah
2021-03-21;84,2;125;0,6;jah
2021-03-22;78,7;117;0,5;jah
2021-03-23;72,7;108;0,6;jah
2021-03-24;68,8;102;0,9;jah
2021-03-25;70,7;104;1,4;jah
2021-03-26;86,7;122;2,3;jah
2021-03-27;105;141;2,6;jah
2021-03-28;113;149;2,9;jah
2021-03-29;119;155;3,1;jah
2021-03-30;134;170;3,5;jah
2021-03-31;154;188;4;jah
2021-04-01;156;188;4,5;jah
2021-04-02;146;179;4,5;jah
2021-04-03;131;166;4,3;jah
2021-04-04;116;152;4,1;jah
2021-04-05;102;138;4,2;jah
2021-04-06;95,7;132;3,7;jah
2021-04-07;94,1;131;3,7;jah
2021-04-08;88,7;125;3,6;jah
2021-04-09;83,5;121;3,5;jah
2021-04-10;114;157;3,6;jah
2021-04-11;128;167;4,2;jah
2021-04-12;119;157;5,2;jah
2021-04-13;106;143;6,3;jah
2021-04-14;92,2;127;6,7;jah
2021-04-15;80,1;113;7;jah
2021-04-16;69,8;101;7;jah
2021-04-17;60,7;89;7,4;jah
2021-04-18;53,3;79;8,2;jah
2021-04-19;47,5;71;9;jah
2021-04-20;42,7;64;9,7;jah
2021-04-21;39,3;59;10,3;jah
2021-04-22;36,7;55;10,1;jah
2021-04-23;35;52;9,5;jah
2021-04-24;34,4;51;8,6;jah
2021-04-25;36,5;55;7,8;jah
2021-04-26;42,3;63;7,3;jah
2021-04-27;46,9;69;6,9;jah
2021-04-28;50,2;73;6,8;jah
2021-04-29;49;70;7,3;jah
2021-04-30;45;64;8,1;jah
2021-05-01;40,9;57;8,2;jah
2021-05-02;37;51;8,4;jah
2021-05-03;34;47;7,7;jah
2021-05-04;32;43;8,1;jah
2021-05-05;32,2;44;8,2;jah
2021-05-06;36,6;51;8,4;jah
2021-05-07;58,2;79;8,1;jah
2021-05-08;74,8;96;8;jah
2021-05-09;78,1;98;8,4;jah
2021-05-10;75,1;95;10;jah
2021-05-11;66,3;86;12,2;jah
2021-05-12;55,4;74;14,3;jah
2021-05-13;45,1;61;15,8;jah
2021-05-14;37,3;52;16;jah
2021-05-15;32,9;47;16,2;jah
2021-05-16;35,1;51;16,2;jah
2021-05-17;33,3;48;15,8;jah
2021-05-18;30,5;45;15,1;jah
2021-05-19;31,8;49;14,7;jah
2021-05-20;37,5;58;13,9;jah
2021-05-21;39,5;62;12,9;jah
2021-05-22;43;68;12,8;jah
2021-05-23;45,1;72;12,8;jah
2021-05-24;40,3;65;12,9;jah
2021-05-25;35,9;59;13,1;jah
2021-05-26;33,8;57;12,9;jah
2021-05-27;38,7;68;12,5;jah
2021-05-28;54,8;94;12,5;jah
2021-05-29;62,6;103;12,7;jah
2021-05-30;59;98;13,2;jah
2021-05-31;51;86;13,2;jah
2021-06-01;43,1;74;13,8;jah
2021-06-02;36,2;63;14,4;jah
2021-06-03;30,2;53;15,7;jah
2021-06-04;25,2;43;16,8;jah
2021-06-05;21,9;37;17,8;jah
2021-06-06;19,4;32;18,8;jah
2021-06-07;17,5;28;19,7;jah
2021-06-08;16,3;26;20;jah
2021-06-09;15,3;25;20,2;jah
2021-06-10;16,6;29;20,8;jah
2021-06-11;16,6;29;20,7;jah
2021-06-12;15,4;27;;jah
2021-06-13;14,3;25;;jah
2021-06-14;13,2;23;20,2;jah
2021-06-15;12,1;21;20,4;jah
2021-06-16;11,2;19;20,6;jah
2021-06-17;10,3;18;20,8;jah
2021-06-18;9,54;16;21,5;jah
2021-06-19;8,92;15;22,5;jah
2021-06-20;8,33;14;23,7;jah
2021-06-21;7,83;13;25;jah
2021-06-22;7,37;12;25,9;jah
2021-06-23;6,96;11;26,3;jah
2021-06-24;6,75;11;26,2;jah
2021-06-25;6,56;11;26;jah
2021-06-26;6,45;11;25,6;jah
2021-06-27;6,28;12;24,9;jah
2021-06-28;6,05;12;24,7;jah
2021-06-29;5,92;12;24,5;jah
2021-06-30;5,51;11;24,6;jah
2021-07-01;5,19;10;25,1;jah
2021-07-02;4,82;9;25,3;jah
2021-07-03;4,7;9;25;jah
2021-07-04;4,59;8;25;jah
2021-07-05;4,46;7;24,8;jah
2021-07-06;4,37;6;25,1;jah
2021-07-07;4,4;6;25,6;jah
2021-07-08;4,41;6;25,8;jah
2021-07-09;4,38;6;25,9;jah
2021-07-10;4,35;6;26,5;jah
2021-07-11;4,31;6;26,5;jah
2021-07-12;4,34;6;26,6;jah
2021-07-13;4,37;6;26,8;jah
2021-07-14;4,46;6;26,8;jah
2021-07-15;4,51;6;27,3;jah
2021-07-16;4,49;6;27,5;jah
2021-07-17;4,41;6;27,4;jah
2021-07-18;4,34;5;26,5;jah
2021-07-19;4,34;5;25,3;jah
2021-07-20;4,28;5;23,9;jah
2021-07-21;4,22;4;23;jah
2021-07-22;4,13;4;22,1;jah
2021-07-23;4,05;3;22,1;jah
2021-07-24;4,01;3;21,8;jah
2021-07-25;4,02;3;22,2;jah
2021-07-26;3,95;2;23,1;jah
2021-07-27;3,95;2;23,5;jah
2021-07-28;4,14;3;23,4;jah
2021-07-29;4,16;4;23,6;jah
2021-07-30;4,61;7;22,7;jah
2021-07-31;5,25;10;22,1;jah
2021-08-01;5,25;10;21,6;jah
2021-08-02;5,27;10;21,5;jah
2021-08-03;5,34;10;20,8;jah
2021-08-04;5,32;10;20,3;jah
2021-08-05;5,31;10;20,1;jah
2021-08-06;5,17;9;20;jah
2021-08-07;4,95;7;19,4;jah
2021-08-08;4,77;7;19,8;jah
2021-08-09;4,96;7;19,9;jah
2021-08-10;4,93;7;20,2;jah
2021-08-11;5,05;8;20,4;jah
2021-08-12;5,34;9;20,5;jah
2021-08-13;5,88;12;20,6;jah
2021-08-14;6,37;15;20,3;jah
2021-08-15;6,78;16;19,7;jah
2021-08-16;6,68;16;19,4;jah
2021-08-17;6,72;16;19,4;jah
2021-08-18;6,76;16;18,7;jah
2021-08-19;7,07;18;18,1;jah
2021-08-20;8,37;24;18,1;jah
2021-08-21;9,61;29;18,6;jah
2021-08-22;10,3;32;18,3;jah
2021-08-23;10;30;18;jah
2021-08-24;9,01;25;17,3;jah
2021-08-25;8,3;22;16,3;jah
2021-08-26;8,42;23;15,6;jah
2021-08-27;11,7;31;15,5;jah
2021-08-28;17,5;41;16;jah
2021-08-29;19,9;44;16,6;jah
2021-08-30;17,6;38;16,7;jah
2021-08-31;14,7;31;16,7;jah
2021-09-01;12,6;26;16,5;jah
2021-09-02;10,9;21;15,9;jah
2021-09-03;9,55;18;15,5;jah
2021-09-04;8,57;15;14,7;jah
2021-09-05;8,02;13;14,1;jah
2021-09-06;7,39;11;14;jah
2021-09-07;6,97;10;14,3;jah
2021-09-08;6,84;10;14,6;jah
2021-09-09;6,83;9;15,2;jah
2021-09-10;6,72;9;15,5;jah
2021-09-11;6,52;8;15,8;jah
2021-09-12;6,48;7;16;jah
2021-09-13;7,03;10;16,1;jah
2021-09-14;8,6;16;15,2;jah
2021-09-15;10,3;21;14,2;jah
2021-09-16;10,6;21;13,9;jah
2021-09-17;9,93;19;13,2;jah
2021-09-18;9,1;16;12,4;jah
2021-09-19;8,36;13;11,6;jah
2021-09-20;7,81;11;10,7;jah
2021-09-21;7,38;9;10,2;jah
2021-09-22;7,11;8;10;jah
2021-09-23;6,98;8;9,7;jah
2021-09-24;7,16;8;9,7;jah
2021-09-25;7,63;10;10;jah
2021-09-26;8,61;13;10,2;jah
2021-09-27;9,36;15;10,1;jah
2021-09-28;9,51;15;10,2;jah
2021-09-29;9,22;14;10,1;jah
2021-09-30;8,65;12;9,9;jah
2021-10-01;8,26;11;9,9;jah
2021-10-02;7,98;9;10,1;jah
2021-10-03;7,67;8;10,1;jah
2021-10-04;7,43;7;10;jah
2021-10-05;7,2;6;10;jah
2021-10-06;7,05;6;10;jah
2021-10-07;6,82;5;10;jah
2021-10-08;6,6;4;9,8;jah
2021-10-09;6,45;3;9,8;jah
2021-10-10;6,41;3;10;jah
2021-10-11;6,28;3;9,7;jah
2021-10-12;6,21;3;9,3;jah
2021-10-13;6,48;4;9,1;jah
2021-10-14;6,51;4;8,7;jah
2021-10-15;6,82;5;8,5;jah
2021-10-16;7,12;6;8,1;jah
2021-10-17;7,81;8;7,6;jah
2021-10-18;8,6;11;7;jah
2021-10-19;9,05;12;6,4;jah
2021-10-20;9,22;13;6,5;jah
2021-10-21;11,5;20;7,7;jah
2021-10-22;26,8;59;7,5;jah
2021-10-23;43,9;89;7;jah
2021-10-24;45,7;89;6,3;jah
2021-10-25;39,4;77;6,2;jah
2021-10-26;33,6;65;6,2;jah
2021-10-27;29,7;58;6,5;jah
2021-10-28;29,9;58;6,9;jah
2021-10-29;34,2;66;7,6;jah
2021-10-30;36,6;69;7,4;jah
2021-10-31;35,1;65;7,1;jah
2021-11-01;31,7;58;7,2;jah
2021-11-02;28,2;51;6,5;jah
2021-11-03;25,7;46;6,3;jah
2021-11-04;25;45;6,5;jah
2021-11-05;28,7;53;6,6;jah
2021-11-06;40,3;75;6,5;jah
2021-11-07;57,5;102;6,3;jah
2021-11-08;85,5;141;6;jah
2021-11-09;99,5;158;4,8;jah
2021-11-10;94,6;153;4,3;jah
2021-11-11;89,6;149;4,7;jah
2021-11-12;85,4;142;5,2;jah
2021-11-13;79,7;133;5,4;jah
2021-11-14;72,1;122;5,1;jah
2021-11-15;64,1;110;4,1;jah
2021-11-16;56,1;98;3,5;jah
2021-11-17;50,2;89;3,3;jah
2021-11-18;49;88;3,5;jah
2021-11-19;54;94;3,5;jah
2021-11-20;57,7;99;3,8;jah
2021-11-21;60;101;3,6;jah
2021-11-22;57,8;97;2,7;jah
2021-11-23;51,9;88;2,1;jah
2021-11-24;46,2;80;1,8;jah
2021-11-25;42;76;2,1;jah
2021-11-26;51,1;95;2,4;jah
2021-11-27;64,3;115;2,3;jah
2021-11-28;63,4;116;1,7;jah
2021-11-29;55,1;107;1,1;jah
2021-11-30;45,9;95;0,5;jah
2021-12-01;35,7;81;0,5;jah
2021-12-02;31;75;0,2;jah
2021-12-03;29;77;0,3;jah
2021-12-04;27,6;83;0,5;jah
2021-12-05;26,1;84;0,5;jah
2021-12-06;24,6;87;0,7;jah
2021-12-07;23,2;98;0,8;jah
2021-12-08;22;113;0,7;jah
2021-12-09;22,8;119;0,9;jah
2021-12-10;23,8;120;0,9;jah
2021-12-11;24,9;113;0,7;jah
2021-12-12;25,9;96;0,9;jah
2021-12-13;27;84;0,7;jah
2021-12-14;28,1;76;0,3;jah
2021-12-15;29,6;75;0,2;jah
2021-12-16;46,7;110;0,3;jah
2021-12-17;65,9;140;0,1;jah
2021-12-18;73,5;151;0,1;jah
2021-12-19;79,4;161;0,1;jah
2021-12-20;82,2;164;0,1;jah
2021-12-21;76,2;154;0,3;jah
2021-12-22;65,5;137;0,9;jah
2021-12-23;59,7;128;0,8;jah
2021-12-24;56,1;122;0,7;jah
2021-12-25;50,2;111;0,4;jah
2021-12-26;44,4;101;0,7;jah
2021-12-27;41;95;0,9;jah
2021-12-28;38,5;90;0,7;jah
2021-12-29;37,3;89;0,5;jah
2021-12-30;35,5;84;0,4;jah
2021-12-31;33,8;81;0,3;jah
2022-01-01;30,1;73;0,2;jah
2022-01-02;27,9;69;0,2;jah
2022-01-03;27,4;67;0,2;jah
2022-01-04;27,9;69;0,3;jah
2022-01-05;28;74;0,2;jah
2022-01-06;28,4;83;0,2;jah
2022-01-07;28,9;91;0,5;jah
2022-01-08;29,4;92;0,5;jah
2022-01-09;29,9;90;0,5;jah
2022-01-10;30,4;90;0,5;jah
2022-01-11;30,9;91;0,5;jah
2022-01-12;31,3;87;0,4;jah
2022-01-13;31,9;81;0,4;jah
2022-01-14;35,1;85;0,3;jah
2022-01-15;41,7;98;0,4;jah
2022-01-16;45,8;105;0,2;jah
2022-01-17;53,2;119;0,1;jah
2022-01-18;58;126;0,3;jah
2022-01-19;58,2;126;0,3;jah
2022-01-20;62;134;0,4;jah
2022-01-21;66,7;141;0,4;jah
2022-01-22;66,9;141;0,4;jah
2022-01-23;64,6;137;0,6;jah
2022-01-24;61,3;131;0,7;jah
2022-01-25;62;133;0,6;jah
2022-01-26;63,7;135;0,5;jah
2022-01-27;61,3;131;0,6;jah
2022-01-28;60,8;131;0,5;jah
2022-01-29;60,7;131;0,5;jah
2022-01-30;58,6;127;0,6;jah
2022-01-31;57,8;126;0,5;jah
2022-02-01;59,6;129;0,5;jah
2022-02-02;59,4;128;0,5;jah
2022-02-03;56,4;123;0,4;jah
2022-02-04;55;121;0,3;jah
2022-02-05;53,5;118;0,2;jah
2022-02-06;51,5;115;0,2;jah
2022-02-07;53,4;119;0,3;jah
2022-02-08;57,2;125;0,4;jah
2022-02-09;59,5;129;0,5;jah
2022-02-10;61,8;133;0,5;jah
2022-02-11;65,3;139;0,5;jah
2022-02-12;67,1;141;0,5;jah
2022-02-13;66,4;140;0,6;jah
2022-02-14;65,5;139;0,6;jah
2022-02-15;65,7;139;0,5;jah
2022-02-16;71,8;149;0,3;jah
2022-02-17;97;188;0,2;jah
2022-02-18;153;252;0,3;jah
2022-02-19;184;277;0,3;jah
2022-02-20;184;275;0,3;jah
2022-02-21;177;267;0,5;jah
2022-02-22;174;265;0,7;jah
2022-02-23;176;265;0,6;jah
2022-02-24;171;259;0,5;jah
2022-02-25;171;260;0,5;jah
2022-02-26;178;265;0,7;jah
2022-02-27;174;259;0,7;jah
2022-02-28;160;243;0,8;jah
2022-03-01;151;230;0,9;jah
2022-03-02;140;214;0,9;jah
2022-03-03;130;199;0,9;jah
2022-03-04;119;182;0,6;jah
2022-03-05;103;160;0,7;jah
2022-03-06;92,8;145;0,9;jah
2022-03-07;83,7;131;0,9;jah
2022-03-08;72,6;114;0,6;jah
2022-03-09;64,1;101;0,4;jah
2022-03-10;56,4;89;0,2;jah
2022-03-11;50,9;84;0,2;jah
2022-03-12;51,1;83;0,3;jah
2022-03-13;46;75;0,3;jah
2022-03-14;43,1;71;0,4;jah
2022-03-15;41,6;69;0,6;jah
2022-03-16;41;68;0,7;jah
2022-03-17;41,9;70;0,9;jah
2022-03-18;43,5;72;1;jah
2022-03-19;46,9;77;1,3;jah
2022-03-20;54,1;87;1,5;jah
2022-03-21;66,1;103;1,5;jah
2022-03-22;79,4;118;1,6;jah
2022-03-23;89,8;129;2;jah
2022-03-24;99;139;2,4;jah
2022-03-25;114;156;2,6;jah
2022-03-26;137;178;2,6;jah
2022-03-27;150;188;2;jah
2022-03-28;150;188;2,2;jah
2022-03-29;152;190;2,1;jah
2022-03-30;146;183;1,4;jah
2022-03-31;131;169;1,1;jah
2022-04-01;115;153;1,3;jah
2022-04-02;99,4;136;1,7;jah
2022-04-03;86,7;123;1,8;jah
2022-04-04;78,8;115;1,8;jah
2022-04-05;94;135;1,9;jah
2022-04-06;121;162;1,6;jah
2022-04-07;133;174;2;jah
2022-04-08;162;202;2,9;jah
2022-04-09;208;239;3;jah
2022-04-10;226;251;3;jah
2022-04-11;229;253;3,5;jah
2022-04-12;227;251;4,2;jah
2022-04-13;217;243;4,8;jah
2022-04-14;202;231;5,3;jah
2022-04-15;187;219;5,4;jah
2022-04-16;173;208;5,4;jah
2022-04-17;157;193;5,7;jah
2022-04-18;139;177;6,2;jah
2022-04-19;124;162;7,1;jah
2022-04-20;111;149;8;jah
2022-04-21;99,7;137;8,7;jah
2022-04-22;89,8;126;9,5;jah
2022-04-23;80,1;115;10;jah
2022-04-24;70,9;104;9,7;jah
2022-04-25;64;96;9,1;jah
2022-04-26;59,4;90;8,8;jah
2022-04-27;54,9;85;8,6;jah
2022-04-28;49,7;78;8,4;jah
2022-04-29;45,9;73;8,2;jah
2022-04-30;43,2;69;8,2;jah
2022-05-01;40,1;64;8,6;jah
2022-05-02;37,1;60;9;jah
2022-05-03;34,8;56;9,3;jah
2022-05-04;32,7;53;9,4;jah
2022-05-05;30,4;49;9,8;jah
2022-05-06;28,4;45;10,7;jah
2022-05-07;27,1;43;11,4;jah
2022-05-08;25,9;41;11,9;jah
2022-05-09;24,9;39;11,9;jah
2022-05-10;23,6;37;12,2;jah
2022-05-11;22,9;35;12,5;jah
2022-05-12;23,3;36;12,2;jah
2022-05-13;25,2;41;12,3;jah
2022-05-14;29,7;49;12,4;jah
2022-05-15;29,7;48;12,3;jah
2022-05-16;27,7;45;12,3;jah
2022-05-17;25,5;41;12;jah
2022-05-18;23,7;37;12,3;jah
2022-05-19;22,4;35;12,9;jah
2022-05-20;21,2;32;12,9;jah
2022-05-21;20,6;31;12,7;jah
2022-05-22;21,1;33;13,2;jah
2022-05-23;20,8;32;13,9;jah
2022-05-24;19,5;29;15,1;jah
2022-05-25;18,4;27;16;jah
2022-05-26;17,7;26;15,9;jah
2022-05-27;18,1;28;15,4;jah
2022-05-28;23,6;42;15,1;jah
2022-05-29;36,6;67;14,8;jah
2022-05-30;41,2;74;14,1;jah
2022-05-31;39,1;73;13,7;jah
2022-06-01;55,9;101;13,7;jah
2022-06-02;60,8;108;13,4;jah
2022-06-03;58;105;13,7;jah
2022-06-04;50,9;95;13,8;jah
2022-06-05;41,8;82;14,7;jah
2022-06-06;33,9;69;16;jah
2022-06-07;27,8;58;17,1;jah
2022-06-08;22,9;49;17,6;jah
2022-06-09;20;43;18,3;jah
2022-06-10;18,6;41;18,8;jah
2022-06-11;17;37;19,4;jah
2022-06-12;15,3;33;20,2;jah
2022-06-13;13,7;29;20,5;jah
2022-06-14;12,4;26;19,9;jah
2022-06-15;11,7;25;19,3;jah
2022-06-16;11,1;24;19,2;jah
2022-06-17;10,5;23;19,3;jah
2022-06-18;9,94;22;18,7;jah
2022-06-19;9,63;22;18,2;jah
2022-06-20;9,6;23;18,3;jah
2022-06-21;9,43;23;18,8;jah
2022-06-22;8,9;22;19,6;jah
2022-06-23;8,29;20;20,4;jah
2022-06-24;7,87;19;21,2;jah
2022-06-25;7,42;18;22,2;jah
2022-06-26;6,97;17;23,5;jah
2022-06-27;6,52;16;24,8;jah
2022-06-28;6,13;15;25,7;jah
2022-06-29;6,05;15;25,9;jah
2022-06-30;5,94;14;25,9;jah
2022-07-01;5,79;13;25,9;jah
2022-07-02;5,7;13;26,1;jah
2022-07-03;5,55;12;26,2;jah
2022-07-04;5,38;11;25,7;jah
2022-07-05;5,37;10;24,7;jah
2022-07-06;5,08;9;23,3;jah
2022-07-07;4,96;8;22,6;jah
2022-07-08;4,98;8;22,4;jah
2022-07-09;4,98;8;22,2;jah
2022-07-10;5,04;9;22;jah
2022-07-11;5,12;9;22,5;jah
2022-07-12;5,23;10;21,8;jah
2022-07-13;5,6;11;22,3;jah
2022-07-14;5,68;12;22,1;jah
2022-07-15;5,85;13;21,2;jah
2022-07-16;6,52;16;20,4;jah
2022-07-17;7,25;20;19,5;jah
2022-07-18;7,84;22;19,3;jah
2022-07-19;8,09;23;19,7;jah
2022-07-20;8,07;23;20;jah
2022-07-21;9,04;28;20,8;jah
2022-07-22;10,4;34;21,6;jah
2022-07-23;10,6;35;21,9;jah
2022-07-24;10,4;34;21,3;jah
2022-07-25;10;32;21,3;jah
2022-07-26;9,27;28;21,7;jah
2022-07-27;8,37;23;21,3;jah
2022-07-28;7,43;19;20,9;jah
2022-07-29;6,8;16;20,5;jah
2022-07-30;6,38;14;20,4;jah
2022-07-31;6,24;13;20,6;jah
2022-08-01;6,09;12;20,3;jah
2022-08-02;5,8;11;20,5;jah
2022-08-03;5,56;10;21;jah
2022-08-04;5,37;9;21,5;jah
2022-08-05;5,21;8;22,3;jah
2022-08-06;5,08;7;22,2;jah
2022-08-07;4,76;5;21,6;jah
2022-08-08;4,57;4;21,1;jah
2022-08-09;4,52;4;21;jah
2022-08-10;4,45;4;21;jah
2022-08-11;4,26;3;21,2;jah
2022-08-12;4,33;3;21,5;jah
2022-08-13;4,36;3;22,1;jah
2022-08-14;4,21;2;22,7;jah
2022-08-15;4,06;2;23,1;jah
2022-08-16;3,96;1;23,6;jah
2022-08-17;3,93;1;23,6;jah
2022-08-18;3,9;1;23,6;jah
2022-08-19;3,82;0;23,9;jah
2022-08-20;3,73;0;23,6;jah
2022-08-21;3,59;-1;23,2;jah
2022-08-22;3,61;-1;22,9;jah
2022-08-23;3,64;-1;23;jah
2022-08-24;3,63;-1;23,3;jah
2022-08-25;3,61;-1;23;jah
2022-08-26;3,46;-2;22,5;jah
2022-08-27;3,53;-1;22,6;jah
2022-08-28;3,7;0;22,9;jah
2022-08-29;3,66;-1;22,6;jah
2022-08-30;3,89;1;20,7;jah
2022-08-31;4,08;2;18,8;jah
2022-09-01;4,4;3;17,7;jah
2022-09-02;4,43;3;16,7;jah
2022-09-03;4,54;4;15,9;jah
2022-09-04;4,41;3;15,6;jah
2022-09-05;4,24;2;15;jah
2022-09-06;4,1;1;14,4;jah
2022-09-07;4,03;1;14,2;jah
2022-09-08;3,96;1;13,6;jah
2022-09-09;3,88;0;13,3;jah
2022-09-10;3,86;0;13,2;jah
2022-09-11;3,79;0;13,1;jah
2022-09-12;3,78;0;12,9;jah
2022-09-13;3,75;0;12,8;jah
2022-09-14;3,84;0;12,5;jah
2022-09-15;3,91;0;12,8;jah
2022-09-16;4,21;2;12,7;jah
2022-09-17;4,61;4;12,9;jah
2022-09-18;5,07;6;12,9;jah
2022-09-19;5,55;9;12,5;jah
2022-09-20;6,02;11;12,5;jah
2022-09-21;6,01;11;12,3;jah
2022-09-22;5,71;9;12;jah
2022-09-23;5,4;8;11,7;jah
2022-09-24;5,04;6;11,6;jah
2022-09-25;4,9;5;11,7;jah
2022-09-26;4,69;4;11,7;jah
2022-09-27;4,6;4;11,7;jah
2022-09-28;4,41;3;11,3;jah
2022-09-29;4,26;2;11,1;jah
2022-09-30;4,32;2;10,5;jah
2022-10-01;4,4;2;10,1;jah
2022-10-02;4,45;1;10,3;jah
2022-10-03;4,55;1;9,7;jah
2022-10-04;4,7;1;9,4;jah
2022-10-05;4,95;2;9,4;jah
2022-10-06;5,8;5;10;jah
2022-10-07;6,9;9;10,6;jah
2022-10-08;7,58;10;10,6;jah
2022-10-09;7,63;10;10,3;jah
2022-10-10;7,57;9;9,9;jah
2022-10-11;7,45;8;9,4;jah
2022-10-12;7,35;7;8,9;jah
2022-10-13;7,35;7;8,4;jah
2022-10-14;7,26;6;8,6;jah
2022-10-15;7,14;5;8,8;jah
2022-10-16;7,27;5;9,2;jah
2022-10-17;7,13;4;9,6;jah
2022-10-18;7,38;5;9,7;jah
2022-10-19;7,88;6;9;jah
2022-10-20;8,59;8;8,4;jah
2022-10-21;8,95;9;8,3;jah
2022-10-22;8,99;9;8;jah
2022-10-23;8,81;8;7,7;jah
2022-10-24;8,62;8;7,2;jah
2022-10-25;8,54;7;7,2;jah
2022-10-26;8,73;8;7,6;jah
2022-10-27;9,18;9;8;jah
2022-10-28;10,6;13;8,4;jah
2022-10-29;11,6;15;8,8;jah
2022-10-30;12,2;17;8,2;jah
2022-10-31;12,5;17;7,2;jah
2022-11-01;12,5;17;7,5;jah
2022-11-02;12,2;16;7,9;jah
2022-11-03;11,8;15;7,9;jah
2022-11-04;11,5;14;7,8;jah
2022-11-05;11,2;13;7,3;jah
2022-11-06;11,3;13;6,8;jah
2022-11-07;11,8;15;7;jah
2022-11-08;13,1;18;7,2;jah
2022-11-09;15;23;7,5;jah
2022-11-10;17,5;28;7,9;jah
2022-11-11;20,8;35;8,2;jah
2022-11-12;22,5;39;8,7;jah
2022-11-13;23,8;42;8,1;jah
2022-11-14;24,1;42;7,4;jah
2022-11-15;22,9;39;7;jah
2022-11-16;21,2;35;6,3;jah
2022-11-17;19,9;32;5,4;jah
2022-11-18;18,6;29;4,2;jah
2022-11-19;17,4;27;3;jah
2022-11-20;16,2;24;1,8;jah
2022-11-21;14,9;21;0,8;jah
2022-11-22;13,8;19;0,4;jah
2022-11-23;13,5;19;0,3;jah
2022-11-24;13,6;19;0,3;jah
2022-11-25;13,1;18;0,3;jah
2022-11-26;12,7;17;0,3;jah
2022-11-27;12,3;16;0,3;jah
2022-11-28;12,1;16;0,3;jah
2022-11-29;12,1;16;0,3;jah
2022-11-30;12;16;0,3;jah
2022-12-01;12;16;0,3;jah
2022-12-02;11,4;18;0,2;jah
2022-12-03;10,2;11;0,2;jah
2022-12-04;10,4;12;0,2;jah
2022-12-05;11,3;15;0,2;jah
2022-12-06;11,2;14;0,2;jah
2022-12-07;10,8;13;0,2;jah
2022-12-08;10,6;13;0,2;jah
2022-12-09;10,6;13;0,2;jah
2022-12-10;11,4;15;0,2;jah
2022-12-11;10,9;14;0,2;jah
2022-12-12;10,4;13;0,2;jah
2022-12-13;10,7;14;0,2;jah
2022-12-14;10,6;14;0,2;jah
2022-12-15;11;16;0,2;jah
2022-12-16;10,9;16;0,2;jah
2022-12-17;10,6;16;0,3;jah
2022-12-18;10,4;17;0,2;jah
2022-12-19;10,5;18;0,3;jah
2022-12-20;10,3;18;0,3;jah
2022-12-21;11,2;23;0,3;jah
2022-12-22;17;44;0,2;jah
2022-12-23;33,6;88;0,2;jah
2022-12-24;50,1;123;0,1;jah
2022-12-25;51,3;127;0,1;jah
2022-12-26;44,3;110;0,1;jah
2022-12-27;37,9;94;0,2;jah
2022-12-28;33,7;82;0,2;jah
2022-12-29;32,6;78;0,2;jah
2022-12-30;36,7;87;0,2;jah
2022-12-31;59;127;0,1;jah
2023-01-01;84;161;0,1;jah
2023-01-02;97,3;173;0,1;jah
2023-01-03;96,1;169;0,1;jah
2023-01-04;95,4;165;0,2;jah
2023-01-05;89,1;154;0,3;jah
2023-01-06;86,3;148;0,8;jah
2023-01-07;81,8;140;0,9;jah
2023-01-08;78,8;134;0,8;jah
2023-01-09;73,4;124;0,7;jah
2023-01-10;67,6;115;0,4;jah
2023-01-11;64,1;108;0,3;jah
2023-01-12;58,6;99;0,3;jah
2023-01-13;78,8;129;0,1;jah
2023-01-14;133;186;0,1;jah
2023-01-15;186;232;0,2;jah
2023-01-16;239;268;0,3;jah
2023-01-17;243;266;0,2;jah
2023-01-18;230;255;0,4;jah
2023-01-19;214;240;0,4;jah
2023-01-20;192;224;0,5;jah
2023-01-21;178;212;0,5;jah
2023-01-22;163;200;0,5;jah
2023-01-23;154;192;0,6;jah
2023-01-24;142;180;0,4;jah
2023-01-25;122;160;0,5;jah
2023-01-26;107;154;0,6;jah
2023-01-27;107;169;0,6;jah
2023-01-28;107;163;0,6;jah
2023-01-29;106;150;0,9;jah
2023-01-30;104;160;0,9;jah
2023-01-31;100;183;0,9;jah
2023-02-01;95,9;178;0,8;jah
2023-02-02;91,8;169;0,8;jah
2023-02-03;87,7;160;0,6;jah
2023-02-04;83,8;149;0,5;jah
2023-02-05;79,9;131;0,5;jah
2023-02-06;76,1;122;0,3;jah
2023-02-07;72,4;112;0,2;jah
2023-02-08;68,8;104;0,2;jah
2023-02-09;65,2;97;0,3;jah
2023-02-10;61,7;92;0,2;jah
2023-02-11;57,8;88;0,2;jah
2023-02-12;52,5;81;0,2;jah
2023-02-13;54,3;83;0,3;jah
2023-02-14;54,6;84;0,3;jah
2023-02-15;54,5;83;0,4;jah
2023-02-16;53,2;81;0,5;jah
2023-02-17;52,8;83;0,7;jah
2023-02-18;52,3;94;0,8;jah
2023-02-19;51,9;109;0,6;jah
2023-02-20;51,4;109;0,5;jah
2023-02-21;50,9;103;0,2;jah
2023-02-22;50,4;91;0,3;jah
2023-02-23;49,9;90;0,3;jah
2023-02-24;49,5;93;0,2;jah
2023-02-25;49;95;0,2;jah
2023-02-26;48,5;91;0,3;jah
2023-02-27;48;84;0,2;jah
2023-02-28;47,6;81;0,2;jah
2023-03-01;47,1;78;0,2;jah
2023-03-02;46,6;73;0,2;jah
2023-03-03;46,1;71;0,2;jah
2023-03-04;45,7;71;0,2;jah
2023-03-05;44,8;69;0,2;jah
2023-03-06;43,6;68;0,2;jah
2023-03-07;43;67;0,2;jah
2023-03-08;41,2;64;0,1;jah
2023-03-09;40,7;63;0,1;jah
2023-03-10;37;58;0,1;jah
2023-03-11;36,5;57;0,1;jah
2023-03-12;38,3;60;0,1;jah
2023-03-13;39,2;61;0,1;jah
2023-03-14;44,2;79;0,3;jah
2023-03-15;66,1;169;0,3;jah
2023-03-16;87,6;200;0,6;jah
2023-03-17;113;196;1;jah
2023-03-18;140;190;1,3;jah
2023-03-19;154;194;1,5;jah
2023-03-20;165;203;2;jah
2023-03-21;180;216;2,5;jah
2023-03-22;195;226;2,4;jah
2023-03-23;205;234;3;jah
2023-03-24;229;253;3,8;jah
2023-03-25;253;269;4,6;jah
2023-03-26;261;274;5;jah
2023-03-27;260;272;4,9;jah
2023-03-28;249;264;4,1;jah
2023-03-29;231;249;3,2;jah
2023-03-30;211;234;2,5;jah
2023-03-31;190;217;2,1;jah
2023-04-01;171;201;2;jah
2023-04-02;152;185;2,1;jah
2023-04-03;133;167;2,3;jah
2023-04-04;114;149;2,7;jah
2023-04-05;99,7;135;2,9;jah
2023-04-06;100;137;3,1;jah
2023-04-07;106;142;3,8;jah
2023-04-08;105;140;4,8;jah
2023-04-09;99,4;134;5,7;jah
2023-04-10;92,3;126;6,5;jah
2023-04-11;85;117;7,2;jah
2023-04-12;79,1;111;8;jah
2023-04-13;74,1;105;8,8;jah
2023-04-14;68,8;98;9,2;jah
2023-04-15;63,7;92;9,2;jah
2023-04-16;58,6;86;8,9;jah
2023-04-17;53,8;80;8,9;jah
2023-04-18;49,1;74;8,7;jah
2023-04-19;44,6;67;8,7;jah
2023-04-20;40,8;62;9;jah
2023-04-21;37,9;58;9,6;jah
2023-04-22;35,4;55;10,3;jah
2023-04-23;33,5;52;11;jah
2023-04-24;31,9;49;11,6;jah
2023-04-25;30,2;47;12,2;jah
2023-04-26;28,8;45;12,3;jah
2023-04-27;27,8;43;11,9;jah
2023-04-28;27,8;43;11,6;jah
2023-04-29;27,1;42;11,5;jah
2023-04-30;27,6;44;11;jah
2023-05-01;32,2;52;10,6;jah
2023-05-02;34,1;55;10,3;jah
2023-05-03;32,4;52;9,8;jah
2023-05-04;30,7;50;9,5;jah
2023-05-05;28,7;46;8,8;jah
2023-05-06;26,6;43;8,4;jah
2023-05-07;24,8;40;8,8;jah
2023-05-08;23,4;37;9,5;jah
2023-05-09;22,1;35;10,4;jah
2023-05-10;20,8;33;11,5;jah
2023-05-11;19,7;31;12,6;jah
2023-05-12;18,7;29;13,8;jah
2023-05-13;17,6;27;14,9;jah
2023-05-14;16,7;25;15,8;jah
2023-05-15;15,9;24;16,7;jah
2023-05-16;15,4;23;16,6;jah
2023-05-17;15,2;23;15,7;jah
2023-05-18;15,3;24;15,8;jah
2023-05-19;14,8;23;16;jah
2023-05-20;13,9;21;16,6;jah
2023-05-21;13,2;20;17,3;jah
2023-05-22;12,7;19;17,7;jah
2023-05-23;12,2;18;18;jah
2023-05-24;11,7;18;18,6;jah
2023-05-25;11,3;17;18,5;jah
2023-05-26;11;16;17,5;jah
2023-05-27;10,6;16;17,1;jah
2023-05-28;10,2;15;17;jah
2023-05-29;9,98;15;17,3;jah
2023-05-30;9,73;15;17,3;jah
2023-05-31;9,52;14;17,1;jah
2023-06-01;9,13;14;16,6;jah
2023-06-02;9,07;14;16;jah
2023-06-03;8,88;14;15,4;jah
2023-06-04;8,8;14;15,4;jah
2023-06-05;8,79;14;15,5;jah
2023-06-06;8,92;15;16,4;jah
2023-06-07;8,83;15;17,5;jah
2023-06-08;8,45;14;18,2;jah
2023-06-09;7,99;13;18,7;jah
2023-06-10;7,51;12;18,8;jah
2023-06-11;7,21;11;19,1;jah
2023-06-12;6,97;11;19,7;jah
2023-06-13;6,73;11;20,5;jah
2023-06-14;6,47;10;21,2;jah
2023-06-15;6,29;10;21,9;jah
2023-06-16;6,08;9;22,4;jah
2023-06-17;5,87;8;22,8;jah
2023-06-18;5,7;8;23;jah
2023-06-19;5,53;8;23,4;jah
2023-06-20;5,33;7;23,8;jah
2023-06-21;5,15;6;24,4;jah
2023-06-22;5,24;7;23,8;jah
2023-06-23;5,29;8;23,8;jah
2023-06-24;5,3;8;23,4;jah
2023-06-25;5,36;8;23;jah
2023-06-26;5,64;10;23;jah
2023-06-27;5,6;10;22,9;jah
2023-06-28;5,51;10;23,3;jah
2023-06-29;5,47;10;23,5;jah
2023-06-30;5,57;11;23,9;jah
2023-07-01;5,64;11;23,3;jah
2023-07-02;5,39;10;21,9;jah
2023-07-03;5,74;12;20,6;jah
2023-07-04;6,52;17;19,5;jah
2023-07-05;8,47;26;19,2;jah
2023-07-06;10,4;34;19,3;jah
2023-07-07;9,74;32;19,6;jah
2023-07-08;8,52;27;20;jah
2023-07-09;7,64;23;20,8;jah
2023-07-10;7;20;20,8;jah
2023-07-11;6,54;19;20,8;jah
2023-07-12;6,21;17;21,2;jah
2023-07-13;5,91;16;21;jah
2023-07-14;5,78;16;21;jah
2023-07-15;5,51;15;21,2;jah
2023-07-16;5,2;13;21,8;jah
2023-07-17;5,03;13;22,5;jah
2023-07-18;4,77;11;22,2;jah
2023-07-19;4,71;12;21,4;jah
2023-07-20;4,64;11;21;jah
2023-07-21;4,52;11;20,6;jah
2023-07-22;4,53;11;20,5;jah
2023-07-23;4,4;11;20,3;jah
2023-07-24;4,27;10;20,2;jah
2023-07-25;4,35;11;19,9;jah
2023-07-26;4,64;13;19,8;jah
2023-07-27;4,66;14;19,6;jah
2023-07-28;4,76;15;19,9;jah
2023-07-29;4,83;16;20,1;jah
2023-07-30;4,73;16;20,2;jah
2023-07-31;4,63;15;20,4;jah
2023-08-01;4,47;15;20,3;jah
2023-08-02;4,44;15;20,3;jah
2023-08-03;4,42;15;19,9;jah
2023-08-04;4,49;16;19,7;jah
2023-08-05;4,59;17;19,8;jah
2023-08-06;4,62;18;20,5;jah
2023-08-07;4,58;18;21,9;jah
2023-08-08;4,69;19;21,4;jah
2023-08-09;4,59;17;20,7;jah
2023-08-10;4,49;16;19,9;jah
2023-08-11;4,39;15;19,8;jah
2023-08-12;4,32;14;19,8;jah
2023-08-13;4,25;13;20,2;jah
2023-08-14;4,23;13;20,8;jah
2023-08-15;4,22;13;21,3;jah
2023-08-16;4,22;12;22,3;jah
2023-08-17;4,21;12;22,6;jah
2023-08-18;4,15;11;22,4;jah
2023-08-19;4,11;11;22,1;jah
2023-08-20;4,08;10;21,6;jah
2023-08-21;4,12;10;21,3;jah
2023-08-22;4,39;12;21,1;jah
2023-08-23;4,81;14;21;jah
2023-08-24;4,87;14;20,8;jah
2023-08-25;4,86;14;20,4;jah
2023-08-26;4,81;13;20,3;jah
2023-08-27;4,82;13;20,3;jah
2023-08-28;4,83;13;19,7;jah
2023-08-29;4,89;13;19,5;jah
2023-08-30;4,94;13;19;jah
2023-08-31;5,43;14;19,1;jah
2023-09-01;6,59;18;19,1;jah
2023-09-02;7,86;22;18,7;jah
2023-09-03;9,01;25;18,1;jah
2023-09-04;9,27;24;18;jah
2023-09-05;9;22;18,1;jah
2023-09-06;8,73;21;18;jah
2023-09-07;7,99;18;17,5;jah
2023-09-08;7,16;14;17,2;jah
2023-09-09;6,59;12;17,1;jah
2023-09-10;6,18;10;17,3;jah
2023-09-11;5,86;9;17,7;jah
2023-09-12;5,66;8;18;jah
2023-09-13;5,59;8;18,2;jah
2023-09-14;13,4;38;17,9;jah
2023-09-15;19,6;52;16,6;jah
2023-09-16;16,9;43;15,9;jah
2023-09-17;15,9;39;15,2;jah
2023-09-18;13,9;32;14,5;jah
2023-09-19;11,9;25;14,5;jah
2023-09-20;11,8;25;14,6;jah
2023-09-21;13,8;30;15,1;jah
2023-09-22;13,7;28;15,5;jah
2023-09-23;13;25;15,5;jah
2023-09-24;13,6;27;15,3;jah
2023-09-25;16;32;14,9;jah
2023-09-26;16,9;33;14,8;jah
2023-09-27;16,4;31;14,7;jah
2023-09-28;14,8;26;14,7;jah
2023-09-29;13,4;22;14,7;jah
2023-09-30;12,5;19;15;jah
2023-10-01;11,9;17;14,5;jah
2023-10-02;11,4;16;13,9;jah
2023-10-03;11,3;16;14;jah
2023-10-04;13;22;14,1;jah
2023-10-05;19,5;40;13,2;jah
2023-10-06;48,4;100;11,9;jah
2023-10-07;71,2;137;11;jah
2023-10-08;75,1;144;9,5;jah
2023-10-09;69,4;138;8,3;jah
2023-10-10;67,2;134;7,4;jah
2023-10-11;65,2;130;7,5;jah
2023-10-12;65,7;129;8,2;jah
2023-10-13;65,4;128;8,6;jah
2023-10-14;69,8;135;9,2;jah
2023-10-15;93,4;166;9,5;jah
2023-10-16;103;175;8,8;jah
2023-10-17;95,6;164;7,9;jah
2023-10-18;91,9;159;7,5;jah
2023-10-19;95,9;163;6,8;jah
2023-10-20;91,1;155;5,9;jah
2023-10-21;82,9;143;5;jah
2023-10-22;75,5;133;4,5;jah
2023-10-23;69,3;123;4,7;jah
2023-10-24;63,5;114;5;jah
2023-10-25;57,6;104;4,7;jah
2023-10-26;51,4;94;4,2;jah
2023-10-27;47;86;3,6;jah
2023-10-28;43,3;79;3,2;jah
2023-10-29;40,1;73;3,1;jah
2023-10-30;37,4;68;2,9;jah
2023-10-31;35,8;66;3,2;jah
2023-11-01;55,5;101;4,6;jah
2023-11-02;79,3;132;5,3;jah
2023-11-03;83,8;136;5,5;jah
2023-11-04;79,5;130;5,8;jah
2023-11-05;75,5;125;6;jah
2023-11-06;71,6;120;6,2;jah
2023-11-07;68,8;116;6,5;jah
2023-11-08;68,7;116;6,9;jah
2023-11-09;70,5;119;7,1;jah
2023-11-10;73,9;123;7,1;jah
2023-11-11;76,2;126;7;jah
2023-11-12;78;128;6,8;jah
2023-11-13;84,5;138;6,4;jah
2023-11-14;104;161;5,6;jah
2023-11-15;108;166;4,9;jah
2023-11-16;101;161;4,2;jah
2023-11-17;91,9;152;3,5;jah
2023-11-18;81,6;141;3;jah
2023-11-19;71,5;129;2,4;jah
2023-11-20;62;118;1,9;jah
2023-11-21;53,3;106;1,2;jah
2023-11-22;44,9;90;0,9;jah
2023-11-23;42,6;86;0,8;jah
2023-11-24;41,4;91;0,8;jah
2023-11-25;40,2;93;0,8;jah
2023-11-26;39;94;1,1;jah
2023-11-27;37,8;96;1;jah
2023-11-28;36,6;94;1,1;jah
2023-11-29;35,4;96;1;jah
2023-11-30;34,2;95;1;jah
2023-12-01;33;95;1;jah
2023-12-02;31,9;92;1,1;jah
2023-12-03;30,7;93;1,1;jah
2023-12-04;29,5;92;1,1;jah
2023-12-05;28,4;91;1,1;jah
2023-12-06;27;93;1,1;jah
2023-12-07;25,5;100;0,9;jah
2023-12-08;24;110;0,7;jah
2023-12-09;22,5;118;0,8;jah
2023-12-10;21,1;121;1;jah
2023-12-11;20,5;121;1,1;jah
2023-12-12;23,8;119;1;jah
2023-12-13;27,4;112;0,7;jah
2023-12-14;30,8;103;0,8;jah
2023-12-15;34,1;95;1,1;jah
2023-12-16;37,2;88;1,1;jah
2023-12-17;42,7;90;0,9;jah
2023-12-18;58,6;110;0,6;jah
2023-12-19;100;164;0,8;jah
2023-12-20;154;225;0,6;jah
2023-12-21;142;228;0,6;jah
2023-12-22;134;225;0,7;jah
2023-12-23;132;226;0,8;jah
2023-12-24;126;221;0,8;jah
2023-12-25;115;210;1;jah
2023-12-26;105;201;0,9;jah
2023-12-27;94,3;190;0,8;jah
2023-12-28;84,7;179;0,9;jah
2023-12-29;76,7;171;1,1;jah
2023-12-30;82;183;1;jah
2023-12-31;89,5;197;1;jah
2024-01-01;81,4;186;0,8;jah
2024-01-02;65,5;163;1,3;jah
2024-01-03;60,6;176;1;jah
2024-01-04;57,7;175;1;jah
2024-01-05;54,9;158;1,5;jah
2024-01-06;52,6;157;1,5;jah
2024-01-07;50,9;163;1,3;jah
2024-01-08;49,3;172;0,8;jah
2024-01-09;47,6;173;0,8;jah
2024-01-10;45,9;161;1,1;jah
2024-01-11;44,4;153;1,2;jah
2024-01-12;42,9;152;1,2;jah
2024-01-13;40,3;149;1,3;jah
2024-01-14;37;144;1,4;jah
2024-01-15;34,1;140;1,3;jah
2024-01-16;33,7;138;1,1;jah
2024-01-17;35;139;1;jah
2024-01-18;36;140;0,9;jah
2024-01-19;35,5;136;0,8;jah
2024-01-20;36;136;0,6;jah
2024-01-21;37,7;138;0,6;jah
2024-01-22;37,1;134;0,8;jah
2024-01-23;34,6;125;1;jah
2024-01-24;44,3;152;0,6;jah
2024-01-25;55,1;173;0,5;jah
2024-01-26;58,3;177;0,5;jah
2024-01-27;57,4;173;0,6;jah
2024-01-28;54,2;163;0,9;jah
2024-01-29;52,4;158;1;jah
2024-01-30;54;160;0,9;jah
2024-01-31;58,7;168;0,6;jah
2024-02-01;68,8;187;0,5;jah
2024-02-02;77,2;198;0,5;jah
2024-02-03;77;195;0,5;jah
2024-02-04;76,5;193;0,5;jah
2024-02-05;75,4;188;0,5;jah
2024-02-06;71,9;180;0,5;jah
2024-02-07;68,8;173;0,4;jah
2024-02-08;63,5;161;0,8;jah
2024-02-09;59,9;153;0,9;jah
2024-02-10;55,4;142;1;jah
2024-02-11;48;126;0,8;jah
2024-02-12;44,9;119;0,4;jah
2024-02-13;43,8;115;0,3;jah
2024-02-14;40,6;106;0,4;jah
2024-02-15;38,6;101;0,5;jah
2024-02-16;38,5;100;0,5;jah
2024-02-17;67,1;157;0,4;jah
2024-02-18;89,6;185;0,5;jah
2024-02-19;92,2;184;0,5;jah
2024-02-20;83,7;169;0,6;jah
2024-02-21;77,1;157;0,8;jah
2024-02-22;70,6;146;0,9;jah
2024-02-23;70,5;148;0,8;jah
2024-02-24;93,4;183;0,4;jah
2024-02-25;159;258;0,4;jah
2024-02-26;190;279;0,4;jah
2024-02-27;206;298;0,4;jah
2024-02-28;215;300;0,4;jah
2024-02-29;209;292;0,4;jah
2024-03-01;201;283;0,4;jah
2024-03-02;190;270;0,5;jah
2024-03-03;174;253;0,7;jah
2024-03-04;156;234;0,7;jah
2024-03-05;135;209;0,7;jah
2024-03-06;112;181;0,8;jah
2024-03-07;89,9;153;1,2;jah
2024-03-08;74,5;131;1,1;jah
2024-03-09;63,1;113;0,8;jah
2024-03-10;54,7;100;0,6;jah
2024-03-11;48,9;90;0,6;jah
2024-03-12;45,6;83;0,6;jah
2024-03-13;43,3;78;0,6;jah
2024-03-14;41,7;75;1,1;jah
2024-03-15;48,7;88;1,7;jah
2024-03-16;72,9;122;2,6;jah
2024-03-17;103;157;2,9;jah
2024-03-18;119;171;2,1;jah
2024-03-19;112;161;1,9;jah
2024-03-20;105;152;2,2;jah
2024-03-21;98,5;144;2,6;jah
2024-03-22;96,7;142;3;jah
2024-03-23;111;157;3,1;jah
2024-03-24;120;163;3,2;jah
2024-03-25;118;160;3;jah
2024-03-26;116;156;3;jah
2024-03-27;114;152;3,4;jah
2024-03-28;109;147;4,6;jah
2024-03-29;105;142;5,6;jah
2024-03-30;99,3;136;5,8;jah
2024-03-31;94;130;6,3;jah
2024-04-01;89,1;125;7,3;jah
2024-04-02;84;119;7,8;jah
2024-04-03;81,7;117;7,1;jah
2024-04-04;82,6;118;5,8;jah
2024-04-05;79,5;114;4,4;jah
2024-04-06;82,5;118;3,8;jah
2024-04-07;87,5;124;4,2;jah
2024-04-08;91,1;128;5,4;jah
2024-04-09;89,1;125;7,2;jah
2024-04-10;84,5;120;8,8;jah
2024-04-11;78,3;112;9,4;jah
2024-04-12;72,8;106;9,7;jah
2024-04-13;68,5;100;9,9;jah
2024-04-14;65,3;97;9,6;jah
2024-04-15;76,1;112;9,2;jah
2024-04-16;92,5;130;8,6;jah
2024-04-17;94,5;131;8,2;jah
2024-04-18;90,8;127;8,1;jah
2024-04-19;84,1;119;7,2;jah
2024-04-20;77,4;111;5,6;jah
2024-04-21;71,2;104;5,2;jah
2024-04-22;65,2;97;5;jah
2024-04-23;67,5;102;4,4;jah
2024-04-24;83,2;122;4,1;jah
2024-04-25;104;143;4,9;jah
2024-04-26;108;146;5,9;jah
2024-04-27;101;137;7,4;jah
2024-04-28;89,6;124;8,8;jah
2024-04-29;79,5;111;10,4;jah
2024-04-30;70,5;100;11,7;jah
2024-05-01;62,8;90;12,7;jah
2024-05-02;56,3;82;13,3;jah
2024-05-03;50,6;74;13,8;jah
2024-05-04;45,6;68;14,1;jah
2024-05-05;41,4;62;14;jah
2024-05-06;37,4;56;13,7;jah
2024-05-07;34,1;51;12,8;jah
2024-05-08;31,3;47;12,3;jah
2024-05-09;28,9;43;11;jah
2024-05-10;27,6;41;10,7;jah
2024-05-11;27,3;41;10,7;jah
2024-05-12;26,3;39;11,2;jah
2024-05-13;24,6;36;12;jah
2024-05-14;23;34;12,9;jah
2024-05-15;21,9;32;14,5;jah
2024-05-16;21,1;31;15,8;jah
2024-05-17;20,1;29;16,8;jah
2024-05-18;18,8;27;17,8;jah
2024-05-19;17,8;25;18,8;jah
2024-05-20;17,1;24;19,6;jah
2024-05-21;16,3;23;19,2;jah
2024-05-22;15,3;21;18,8;jah
2024-05-23;14,4;20;19,1;jah
2024-05-24;13,7;19;19,8;jah
2024-05-25;12,9;18;20,7;jah
2024-05-26;12,2;17;21,7;jah
2024-05-27;11,7;17;22,5;jah
2024-05-28;11;18;23;jah
2024-05-29;9,52;17;23,1;jah
2024-05-30;8,51;17;23,5;jah
2024-05-31;7,85;19;23,5;jah
2024-06-01;8,59;22;23,1;jah
2024-06-02;8,81;22;23,3;jah
2024-06-03;9;23;23,4;jah
2024-06-04;9,7;25;23,1;jah
2024-06-05;10,2;26;23,2;jah
2024-06-06;9,88;25;22,6;jah
2024-06-07;9,3;22;21,4;jah
2024-06-08;9,04;21;20,6;jah
2024-06-09;8,84;20;19,6;jah
2024-06-10;8,83;20;18,7;jah
2024-06-11;9,2;21;18,8;jah
2024-06-12;9,68;23;19,3;jah
2024-06-13;9,81;24;19,6;jah
2024-06-14;9,72;23;19,3;jah
2024-06-15;9,67;23;19,4;jah
2024-06-16;9,52;23;19,7;jah
2024-06-17;9,79;24;20,2;jah
2024-06-18;9,8;24;20,8;jah
2024-06-19;9,88;24;20,3;jah
2024-06-20;10,7;27;20;jah
2024-06-21;11,9;32;20,2;jah
2024-06-22;12,9;35;20,6;jah
2024-06-23;12,9;35;20,2;jah
2024-06-24;12;31;20,5;jah
2024-06-25;10,9;27;21,3;jah
2024-06-26;10;24;22;jah
2024-06-27;9,41;22;22,9;jah
2024-06-28;8,87;20;24;jah
2024-06-29;8,45;19;24,3;jah
2024-06-30;8,03;17;23,9;jah
2024-07-01;7,74;16;23,4;jah
2024-07-02;7,48;15;22,7;jah
2024-07-03;7,49;15;22,1;jah
2024-07-04;7,37;15;21,6;jah
2024-07-05;7,32;15;21,2;jah
2024-07-06;7,56;16;20,9;jah
2024-07-07;7,71;16;20,6;jah
2024-07-08;7,88;17;20,9;jah
2024-07-09;7,84;17;21,4;jah
2024-07-10;7,82;17;22,1;jah
2024-07-11;7,89;17;22,2;jah
2024-07-12;8,19;18;22,1;jah
2024-07-13;7,82;17;22,2;jah
2024-07-14;7,66;16;22,2;jah
2024-07-15;7,4;15;22,3;jah
2024-07-16;7,16;14;22,8;jah
2024-07-17;7,06;14;23;jah
2024-07-18;7,06;14;22,7;jah
2024-07-19;7,06;14;22,3;jah
2024-07-20;6,99;14;22,4;jah
2024-07-21;7,14;14;22,8;jah
2024-07-22;7,28;15;23,4;jah
2024-07-23;8,13;18;23,9;jah
2024-07-24;8,78;21;23,9;jah
2024-07-25;9,06;22;23,9;jah
2024-07-26;8,59;20;24;jah
2024-07-27;8,33;20;24;jah
2024-07-28;8,77;22;23,8;jah
2024-07-29;10,4;30;22,6;jah
2024-07-30;16;53;22,1;jah
2024-07-31;23,8;80;21,4;jah
2024-08-01;21,2;75;20,6;jah
2024-08-02;20,3;73;20,2;jah
2024-08-03;21;75;19,8;jah
2024-08-04;22,2;77;19,8;jah
2024-08-05;22,7;78;19,8;jah
2024-08-06;24,6;83;19,5;jah
2024-08-07;27,2;89;19,3;jah
2024-08-08;26,2;84;19,6;jah
2024-08-09;24;76;19,8;jah
2024-08-10;21,2;67;19,9;jah
2024-08-11;19,7;61;19,6;jah
2024-08-12;22,1;69;19,2;jah
2024-08-13;26,6;81;19,2;jah
2024-08-14;27,9;83;19,1;jah
2024-08-15;28,8;84;19,1;jah
2024-08-16;29,4;84;19,2;jah
2024-08-17;27,8;78;19,4;jah
2024-08-18;24,9;70;19,4;jah
2024-08-19;22,4;62;19,4;jah
2024-08-20;20,2;55;19,4;jah
2024-08-21;18,4;49;19,4;jah
2024-08-22;17,2;45;19,6;jah
2024-08-23;16,1;41;18,9;jah
2024-08-24;15,8;40;18,7;jah
2024-08-25;15,5;38;19;jah
2024-08-26;14,5;35;19,3;jah
2024-08-27;13,7;32;19;jah
2024-08-28;12,9;29;18,9;jah
2024-08-29;11,9;26;18,8;jah
2024-08-30;11,2;23;19,1;jah
2024-08-31;10,8;22;18,9;jah
2024-09-01;10,2;20;18,3;jah
2024-09-02;10,1;20;18,4;jah
2024-09-03;9,92;19;18,8;jah
2024-09-04;9,83;19;19,3;jah
2024-09-05;9,7;18;19,6;jah
2024-09-06;9,4;17;19,4;jah
2024-09-07;8,96;16;19,2;jah
2024-09-08;8,54;15;19;jah
2024-09-09;8,13;13;18,7;jah
2024-09-10;7,69;12;18,3;jah
2024-09-11;7,45;11;18,1;jah
2024-09-12;7,12;10;18,1;jah
2024-09-13;7,37;10;18,1;jah
2024-09-14;8,75;12;18;jah
2024-09-15;11,3;21;18,1;jah
2024-09-16;18,9;43;18,2;jah
2024-09-17;22,8;53;17,8;jah
2024-09-18;22,5;51;17,5;jah
2024-09-19;19,7;43;17,1;jah
2024-09-20;16,5;34;16,8;jah
2024-09-21;14,5;28;16,6;jah
2024-09-22;13,2;24;15,8;jah
2024-09-23;12,4;22;15,3;jah
2024-09-24;11,7;20;15,3;jah
2024-09-25;11,2;18;15,1;jah
2024-09-26;10,7;17;14,9;jah
2024-09-27;10,9;17;14,9;jah
2024-09-28;11,7;19;14,5;jah
2024-09-29;14,6;27;13,9;jah
2024-09-30;20,6;41;12,8;jah
2024-10-01;24,7;49;11,5;jah
2024-10-02;25;49;10,8;jah
2024-10-03;23,7;47;10,3;jah
2024-10-04;23,3;46;10;jah
2024-10-05;24;48;9,5;jah
2024-10-06;23,1;45;9,5;jah
2024-10-07;21;41;9,2;jah
2024-10-08;19,1;36;9,1;jah
2024-10-09;17,6;33;9;jah
2024-10-10;18,6;36;9,3;jah
2024-10-11;23,4;48;9,9;jah
2024-10-12;28;57;9,5;jah
2024-10-13;28,3;57;9;jah
2024-10-14;26;52;8,6;jah
2024-10-15;23,2;46;8,3;jah
2024-10-16;21;42;7,7;jah
2024-10-17;19,5;38;7,2;jah
2024-10-18;18,2;35;6,6;jah
2024-10-19;17,1;33;6,1;jah
2024-10-20;15,9;30;5,7;jah
2024-10-21;15;28;5,8;jah
2024-10-22;14,2;26;6,4;jah
2024-10-23;13,9;26;6,7;jah
2024-10-24;14,4;27;7;jah
2024-10-25;15,2;29;7,5;jah
2024-10-26;15,6;30;7,8;jah
2024-10-27;15,2;29;8,1;jah
2024-10-28;15,5;30;8,4;jah
2024-10-29;16,5;33;8;jah
2024-10-30;17,4;35;7,9;jah
2024-10-31;17,9;36;7,4;jah
2024-11-01;20,2;43;7,6;jah
2024-11-02;29,8;65;6,7;jah
2024-11-03;41,3;88;6;jah
2024-11-04;52,7;108;5,2;jah
2024-11-05;56,7;114;5;jah
2024-11-06;56,9;113;5,4;jah
2024-11-07;54,8;108;5,9;jah
2024-11-08;51,3;101;6,4;jah
2024-11-09;47,2;93;6,8;jah
2024-11-10;42,8;85;7;jah
2024-11-11;39,3;78;6,8;jah
2024-11-12;36,7;73;6,6;jah
2024-11-13;35,3;69;6,4;jah
2024-11-14;35,3;69;6,3;jah
2024-11-15;36,9;72;5,8;jah
2024-11-16;38,9;75;6,1;jah
2024-11-17;39,8;76;5,9;jah
2024-11-18;45,9;87;5,5;jah
2024-11-19;54,9;100;4,9;jah
2024-11-20;60;107;4,2;jah
2024-11-21;77,9;133;3,4;jah
2024-11-22;93,7;150;2,2;jah
2024-11-23;95,6;151;1,3;jah
2024-11-24;92;145;1,1;jah
2024-11-25;94,5;149;1,1;jah
2024-11-26;129;189;1,5;jah
2024-11-27;175;229;2,6;jah
2024-11-28;187;236;3,5;jah
2024-11-29;184;233;3,7;jah
2024-11-30;178;227;3,7;jah
2024-12-01;168;218;4,1;jah
2024-12-02;155;206;4,4;jah
2024-12-03;142;193;4,2;jah
2024-12-04;132;183;3,1;jah
2024-12-05;119;169;2;jah
2024-12-06;105;154;2;jah
2024-12-07;92,2;139;2,1;jah
2024-12-08;80,8;125;1,9;jah
2024-12-09;71,2;112;1,3;jah
2024-12-10;63,7;102;1,2;jah
2024-12-11;58,7;94;1,4;jah
2024-12-12;56,2;89;0,8;jah
2024-12-13;58,9;75;0,2;jah
2024-12-14;62,5;82;0,4;jah
2024-12-15;66,1;95;0,4;jah
2024-12-16;69,9;112;0,5;jah
2024-12-17;73,8;125;0,9;jah
2024-12-18;77,8;124;0,8;jah
2024-12-19;84,5;126;1,3;jah
2024-12-20;122;166;1,8;jah
2024-12-21;152;195;1,9;jah
2024-12-22;175;217;2;jah
2024-12-23;198;238;2,4;jah
2024-12-24;204;243;2,5;jah
2024-12-25;195;235;2,5;jah
2024-12-26;183;225;3,1;jah
2024-12-27;172;215;3,9;jah
2024-12-28;160;205;4,2;jah
2024-12-29;150;195;4,2;jah
2024-12-30;144;192;4,1;jah
2024-12-31;145;197;3;jah
2025-01-01;147;199;1,6;jah
2025-01-02;153;242;0,7;jah
2025-01-03;161;243;0,2;jah
2025-01-04;168;221;0,1;jah
2025-01-05;178;223;0,1;jah
2025-01-06;184;228;0,1;jah
2025-01-07;180;225;0,1;jah
2025-01-08;174;219;0,1;jah
2025-01-09;176;222;0,1;jah
2025-01-10;173;223;0;jah
2025-01-11;162;215;0,1;jah
2025-01-12;149;205;0;jah
2025-01-13;134;194;0;jah
2025-01-14;136;198;0,2;jah
2025-01-15;151;218;0,5;jah
2025-01-16;163;233;0,7;jah
2025-01-17;186;258;1;jah
2025-01-18;203;278;1;jah
2025-01-19;197;276;0,9;jah
2025-01-20;189;272;1;jah
2025-01-21;178;265;1;jah
2025-01-22;167;253;1,3;jah
2025-01-23;155;241;1,4;jah
2025-01-24;146;230;1,5;jah
2025-01-25;140;223;1,6;jah
2025-01-26;142;224;1,9;jah
2025-01-27;151;233;1,9;jah
2025-01-28;159;240;2,1;jah
2025-01-29;167;248;2,4;jah
2025-01-30;183;262;2,8;jah
2025-01-31;193;271;3,2;jah
2025-02-01;190;268;2,9;jah
2025-02-02;184;261;2,1;jah
2025-02-03;171;248;1,7;jah
2025-02-04;156;232;1,4;jah
2025-02-05;140;215;1,2;jah
2025-02-06;128;201;1,3;jah
2025-02-07;118;189;1,4;jah
2025-02-08;106;174;0,7;jah
2025-02-09;88,8;151;1,2;jah
2025-02-10;78,8;137;1,1;jah
2025-02-11;75;131;0,7;jah
2025-02-12;70,5;124;0,6;jah
2025-02-13;66,5;117;0,4;jah
2025-02-14;63,9;108;0,1;jah
2025-02-15;61,4;98;0,2;jah
2025-02-16;59;104;0,1;jah
2025-02-17;56,5;98;0,1;jah
2025-02-18;54,1;101;0,1;jah
2025-02-19;51,7;98;0,2;jah
2025-02-20;49,3;94;0,2;jah
2025-02-21;46,9;91;0,1;jah
2025-02-22;44,5;92;0,1;jah
2025-02-23;42,1;85;0;jah
2025-02-24;39,7;76;0;jah
2025-02-25;38,3;66;0,1;jah
2025-02-26;36,5;63;0,1;jah
2025-02-27;34,8;59;0,1;jah
2025-02-28;34,8;58;0,1;jah
2025-03-01;36,8;61;0,1;jah
2025-03-02;39,2;65;0,1;jah
2025-03-03;42,4;69;0,1;jah
2025-03-04;47;76;0,1;jah
2025-03-05;53,9;86;0,2;jah
2025-03-06;67;105;1,1;jah
2025-03-07;80,9;123;2;jah
2025-03-08;84,2;127;2,7;jah
2025-03-09;81,5;122;2,8;jah
2025-03-10;76,7;115;2,8;jah
2025-03-11;72,3;108;2,7;jah
2025-03-12;67,7;102;2,5;jah
2025-03-13;63,8;96;2,2;jah
2025-03-14;63,9;96;2,1;jah
2025-03-15;63,3;95;1,8;jah
2025-03-16;60,8;92;1,8;jah
2025-03-17;57,7;87;1,5;jah
2025-03-18;54,7;83;1,8;jah
2025-03-19;52,9;80;2,5;jah
2025-03-20;51,8;78;2,8;jah
2025-03-21;50;76;2,7;jah
2025-03-22;47,5;72;2,8;jah
2025-03-23;44,7;68;2,7;jah
2025-03-24;42,3;64;2,6;jah
2025-03-25;41,1;62;2,8;jah
2025-03-26;41,3;62;3,2;jah
2025-03-27;42,5;64;3,7;jah
2025-03-28;42;63;4,2;jah
2025-03-29;40,6;61;5,1;jah
2025-03-30;39,5;59;5,6;jah
2025-03-31;38,3;58;6,7;jah
2025-04-01;36,5;55;7,3;jah
2025-04-02;34,4;51;7,9;jah
2025-04-03;32,6;48;8,6;jah
2025-04-04;31,1;46;8,6;jah
2025-04-05;30,6;45;7,6;jah
2025-04-06;30,4;45;6,8;jah
2025-04-07;30;45;5,9;jah
2025-04-08;28,9;43;5,3;jah
2025-04-09;28,2;42;4,9;jah
2025-04-10;28;42;4,4;jah
2025-04-11;28,2;43;4,2;jah
2025-04-12;28,3;43;3,6;jah
2025-04-13;27,8;43;4,2;jah
2025-04-14;27,2;42;5,4;jah
2025-04-15;26,5;41;7;jah
2025-04-16;25,5;39;8,7;jah
2025-04-17;24,2;37;9,7;jah
2025-04-18;23,6;36;11,2;jah
2025-04-19;23,4;36;12,6;jah
2025-04-20;24,8;39;13,1;jah
2025-04-21;29;46;13,7;jah
2025-04-22;31,4;51;13,3;jah
2025-04-23;31,3;51;12,9;jah
2025-04-24;33,9;56;12,2;jah
2025-04-25;35,5;59;11;jah
2025-04-26;33,9;57;9,9;jah
2025-04-27;31,4;52;9,5;jah
2025-04-28;28,8;48;9;jah
2025-04-29;29,5;50;9,6;jah
2025-04-30;33,5;57;9,2;jah
2025-05-01;40,4;69;9,1;jah
2025-05-02;48,6;84;9,5;jah
2025-05-03;52,6;91;10,3;jah
2025-05-04;54,6;95;10,7;jah
2025-05-05;52;91;10,4;jah
2025-05-06;47,2;83;9,9;jah
2025-05-07;45,8;81;9,2;jah
2025-05-08;46,8;83;8,4;jah
2025-05-09;42,8;76;8,2;jah
2025-05-10;37,7;68;8,6;jah
2025-05-11;33,7;61;9,3;jah
2025-05-12;30,3;55;10,3;jah
2025-05-13;27,4;49;11,4;jah
2025-05-14;25,2;45;12;jah
2025-05-15;24;43;11,6;jah
2025-05-16;23,9;43;11,8;jah
2025-05-17;25,2;46;11,5;jah
2025-05-18;28,8;54;11,7;jah
2025-05-19;29,4;55;12,9;jah
2025-05-20;27,5;52;13,8;jah
2025-05-21;24,6;46;14,5;jah
2025-05-22;21,9;41;15,1;jah
2025-05-23;20,4;38;15,3;jah
2025-05-24;19,8;37;14,7;jah
2025-05-25;21,7;41;15;jah
2025-05-26;25,7;50;15,5;jah
2025-05-27;27,7;55;15,9;jah
2025-05-28;25,8;51;16,6;jah
2025-05-29;23,2;46;17;jah
2025-05-30;21,4;43;17,4;jah
2025-05-31;20,2;41;17,9;jah
2025-06-01;18,7;38;17,9;jah
2025-06-02;17;34;17,4;jah
2025-06-03;16;32;17,1;jah
2025-06-04;15,6;32;17,7;jah
2025-06-05;15,1;31;17,7;jah
2025-06-06;14,3;30;17,5;jah
2025-06-07;13,8;29;17,7;jah
2025-06-08;13,4;28;18,4;jah
2025-06-09;14,3;32;17,7;jah
2025-06-10;19,5;46;17,3;jah
2025-06-11;29,9;74;16,9;jah
2025-06-12;56,7;135;15,6;jah
2025-06-13;69,6;161;15;jah
2025-06-14;65,3;153;15,5;jah
2025-06-15;57,3;138;16;jah
2025-06-16;50,6;123;16,2;jah
2025-06-17;46,4;114;16,6;jah
2025-06-18;44,8;110;16,4;jah
2025-06-19;43,6;107;16,2;jah
2025-06-20;48,3;116;16,3;jah
2025-06-21;55,4;130;15,8;jah
2025-06-22;56,5;132;15,5;jah
2025-06-23;55,2;129;15;jah
2025-06-24;52,6;123;14,8;jah
2025-06-25;51,5;121;14,8;jah
2025-06-26;51,8;121;15,3;jah
2025-06-27;52,5;122;15,5;jah
2025-06-28;54,2;125;15,4;jah
2025-06-29;57,4;130;15,9;jah
2025-06-30;60,1;135;16,1;jah
2025-07-01;60,2;134;16,7;jah
2025-07-02;57,1;128;17,5;jah
2025-07-03;51,8;117;18,5;jah
2025-07-04;45,3;103;18,4;jah
2025-07-05;38,1;87;17,4;jah
2025-07-06;32,5;74;17;jah
2025-07-07;28,8;65;17,4;jah
2025-07-08;29;66;17,4;jah
2025-07-09;30,2;68;17,6;jah
2025-07-10;30,6;69;17,2;jah
2025-07-11;30,5;68;17,1;jah
2025-07-12;34,1;76;17,7;jah
2025-07-13;51;111;18,2;jah
2025-07-14;67,6;141;18,4;jah
2025-07-15;68,7;142;18,1;jah
2025-07-16;75,2;152;18,7;jah
2025-07-17;101;189;19,4;jah
2025-07-18;103;190;20,2;jah
2025-07-19;88,8;171;20,8;jah
2025-07-20;75,8;151;20,6;jah
2025-07-21;66,4;135;20,6;jah
2025-07-22;58,7;122;20,5;jah
2025-07-23;53,4;111;20,5;jah
2025-07-24;48,5;101;19,8;jah
2025-07-25;44,8;94;19,8;jah
2025-07-26;39,4;82;20,3;jah
2025-07-27;35,3;74;21,4;jah
2025-07-28;33,3;69;21,8;jah
2025-07-29;30,8;64;21,8;jah
2025-07-30;27,8;57;22,1;jah
2025-07-31;25,8;53;22,6;jah
2025-08-01;27,1;55;22,1;jah
2025-08-02;29,5;60;21,5;jah
2025-08-03;34,7;70;21,5;jah
2025-08-04;32,6;66;21;jah
2025-08-05;30,3;61;20,7;jah
2025-08-06;30;60;20,3;jah
2025-08-07;31,3;63;19,8;jah
2025-08-08;30,1;60;19,7;jah
2025-08-09;28;55;19,6;jah
2025-08-10;25;49;19,7;jah
2025-08-11;22,4;43;19,5;jah
2025-08-12;22;42;19,3;jah
2025-08-13;20,8;39;19,2;jah
2025-08-14;19,3;36;19,3;jah
2025-08-15;17,7;32;19,3;jah
2025-08-16;18,2;33;19,4;jah
2025-08-17;18,7;34;18,5;jah
2025-08-18;18,9;35;18;jah
2025-08-19;18,3;33;17,8;jah
2025-08-20;18,7;34;17,8;jah
2025-08-21;18,9;34;16,9;jah
2025-08-22;19,3;35;16,6;jah
2025-08-23;20,2;37;16;jah
2025-08-24;23;43;15,2;jah
2025-08-25;27,1;51;14,3;jah
2025-08-26;33,1;63;13,8;jah
2025-08-27;35,6;68;13,4;jah
2025-08-28;33,3;63;13,5;jah
2025-08-29;29,5;56;13,7;jah
2025-08-30;27,5;52;14;jah
2025-08-31;27,9;53;14,3;jah
2025-09-01;28,1;53;14,7;jah
2025-09-02;26,5;50;15;jah
2025-09-03;24,2;45;15,2;jah
2025-09-04;21,9;40;16,1;jah
2025-09-05;19,9;35;16,5;jah
2025-09-06;18,1;32;17;jah
2025-09-07;16,9;29;17,5;jah
2025-09-08;16,2;27;18;jah
2025-09-09;15,6;26;18,1;jah
2025-09-10;15,1;24;18,1;jah
2025-09-11;14,4;22;18;jah
2025-09-12;14;21;17,3;jah
2025-09-13;14,2;21;17;jah
2025-09-14;16,2;24;16,9;jah
2025-09-15;17,5;27;16,3;jah
2025-09-16;21;34;15,8;jah
2025-09-17;36,3;63;15,5;jah
2025-09-18;55,8;97;14,7;jah
2025-09-19;59,6;104;14,4;jah
2025-09-20;61,5;108;14,2;jah
2025-09-21;57;103;14,2;jah
2025-09-22;53,4;98;14,2;jah
2025-09-23;50;91;13,4;jah
2025-09-24;45,7;82;12,4;jah
2025-09-25;41,1;73;11,5;jah
2025-09-26;36,6;65;11,5;jah
2025-09-27;32,5;57;11,3;jah
2025-09-28;28,9;49;10,8;jah
2025-09-29;26,2;44;10,1;jah
2025-09-30;24,1;39;9,1;jah
2025-10-01;22,5;36;8,9;jah
2025-10-02;21,1;33;8,4;jah
2025-10-03;20,2;31;7,9;jah
2025-10-04;19,5;29;7,5;jah
2025-10-05;19,3;28;7,5;jah
2025-10-06;19,6;29;7,9;jah
2025-10-07;20,1;29;8,3;jah
2025-10-08;20,1;29;8,5;jah
2025-10-09;19,4;28;9;jah
2025-10-10;20,1;29;9,1;jah
2025-10-11;23,2;35;9,1;jah
2025-10-12;25,2;39;8,8;jah
2025-10-13;28;44;8,3;jah
2025-10-14;31,8;50;7,9;jah
2025-10-15;33,2;53;7,6;jah
2025-10-16;32,6;52;7,7;jah
2025-10-17;31,4;50;7,3;jah
2025-10-18;30,1;48;6,7;jah
2025-10-19;28,8;46;5,9;jah
2025-10-20;27,3;43;5,6;jah
2025-10-21;25,9;41;4,9;jah
2025-10-22;24,8;39;4,5;jah
2025-10-23;23,7;37;4,7;jah
2025-10-24;23,3;37;5,1;jah
2025-10-25;24,1;38;5,9;jah
2025-10-26;32,7;54;6,6;jah
2025-10-27;57,4;95;7,2;jah
2025-10-28;69,3;113;7,3;jah
2025-10-29;74,2;120;7,2;jah
2025-10-30;76,8;122;6,9;jah
2025-10-31;76,5;121;6,9;jah
2025-11-01;76,3;120;7;jah
2025-11-02;74,7;117;7;jah
2025-11-03;72,4;113;7,2;jah
2025-11-04;74;115;7,4;jah
2025-11-05;76,3;117;8,1;jah
2025-11-06;75,5;115;8,6;jah
2025-11-07;77,6;117;9;jah
2025-11-08;78,6;118;9;jah
2025-11-09;75,8;113;8,7;jah
2025-11-10;72,1;108;8,3;jah
2025-11-11;67,6;101;7,9;jah
2025-11-12;63,7;94;7,5;jah
2025-11-13;63,4;93;7,3;jah
2025-11-14;94,3;132;6,9;jah
2025-11-15;123;164;5,4;jah
2025-11-16;120;159;4,3;jah
2025-11-17;108;147;3,7;jah
2025-11-18;98,4;137;2,8;jah
2025-11-19;89,4;127;2;jah
2025-11-20;81,8;118;1,8;jah
2025-11-21;78,3;114;1,9;jah
2025-11-22;79;115;1,9;jah
2025-11-23;78,4;114;2;jah
2025-11-24;77,6;114;2;jah
2025-11-25;75,2;111;1,8;jah
2025-11-26;70,3;105;1,2;jah
2025-11-27;60,4;91;0,4;jah
2025-11-28;56,3;85;0,5;jah
2025-11-29;56,8;86;1;jah
2025-11-30;63,3;96;1,4;jah
2025-12-01;66,8;101;1,9;jah
2025-12-02;66,6;100;2,4;jah
2025-12-03;65;98;2,7;jah
2025-12-04;62,6;95;2,8;jah
2025-12-05;59,7;91;3;jah
2025-12-06;57,1;87;3,2;jah
2025-12-07;61,7;93;3,4;jah
2025-12-08;70,6;106;3,4;jah
2025-12-09;80,8;120;3,8;jah
2025-12-10;100;144;4,3;jah
2025-12-11;111;156;4,8;jah
2025-12-12;111;156;4,8;jah
2025-12-13;102;146;3,7;jah
2025-12-14;91,4;133;2,3;jah
2025-12-15;87,1;128;1,8;jah
2025-12-16;90,4;134;2,4;jah
2025-12-17;95,1;141;3,2;jah
2025-12-18;97,8;146;3,8;jah
2025-12-19;95,2;144;4,1;jah
2025-12-20;93,3;144;4,3;jah
2025-12-21;95,6;148;4,5;jah
2025-12-22;89,5;143;4,3;jah
2025-12-23;80,7;133;3;jah
2025-12-24;70,9;120;1,9;jah
2025-12-25;62,6;109;1,7;jah
2025-12-26;56,9;102;1,5;jah
2025-12-27;52,9;96;2;jah
2025-12-28;50,9;94;1,9;jah
2025-12-29;49,2;93;1,4;jah
2025-12-30;47,3;86;0,5;jah
2025-12-31;45,8;70;0,1;jah
2026-01-01;48,4;70;0;ei
2026-01-02;47,1;80;0,5;ei
2026-01-03;45,8;90;0,8;ei
2026-01-04;44,5;92;0,7;ei
2026-01-05;43,3;90;0,9;ei
2026-01-06;42,1;86;0,8;ei
2026-01-07;40,9;85;0,5;ei
2026-01-08;39,7;88;0,4;ei
2026-01-09;38,5;102;0,5;ei
2026-01-10;37,3;109;0,4;ei
2026-01-11;36,2;110;0,3;ei
2026-01-12;35,1;105;0,4;ei
2026-01-13;34;107;0,4;ei
2026-01-14;32,9;107;0,4;ei
2026-01-15;31,9;111;0,3;ei
2026-01-16;30,8;111;0,2;ei
2026-01-17;29,8;113;0,2;ei
2026-01-18;28,8;112;0,3;ei
2026-01-19;27,8;108;0,5;ei
2026-01-20;26,9;100;0,8;ei
2026-01-21;25,9;92;1;ei
2026-01-22;25;83;0,3;ei
2026-01-23;24,2;80;0;ei
2026-01-24;23,6;75;0;ei
2026-01-25;23,1;71;0;ei
2026-01-26;22,6;62;0;ei
2026-01-27;22,1;53;0;ei
2026-01-28;21,6;55;0;ei
2026-01-29;21,1;53;0;ei
2026-01-30;20,2;49;0;ei
2026-01-31;18,9;44;0;ei
2026-02-01;17,6;42;0;ei
2026-02-02;16,5;39;0;ei
2026-02-03;16;37;0;ei
2026-02-04;15,6;36;0;ei
2026-02-05;15,2;35;0;ei
2026-02-06;14,8;34;0;ei
2026-02-07;14,6;33;0;ei
2026-02-08;14,5;33;0;ei
2026-02-09;14,5;33;0;ei
2026-02-10;14,5;33;0;ei
2026-02-11;14,4;33;0;ei
2026-02-12;14,4;33;0;ei
2026-02-13;14,4;33;0;ei
2026-02-14;14,2;33;0;ei
2026-02-15;13,6;31;0;ei
2026-02-16;11,9;27;0;ei
2026-02-17;12,1;27;0;ei
2026-02-18;12,3;28;0;ei
2026-02-19;11,9;27;0;ei
2026-02-20;11,4;26;0;ei
2026-02-21;11,5;26;0;ei
2026-02-22;11,7;27;0;ei
2026-02-23;11,8;27;0;ei
2026-02-24;12,2;28;0;ei
2026-02-25;12,1;28;0;ei
2026-02-26;11,8;27;0;ei
2026-02-27;11,6;27;0;ei
2026-02-28;12,5;30;0;ei
2026-03-01;18,3;47;0;ei
2026-03-02;32,3;85;0;ei
2026-03-03;43,6;113;0;ei
2026-03-04;46,8;121;0;ei
2026-03-05;46,3;120;0;ei
2026-03-06;45,1;118;0;ei
2026-03-07;46;120;0;ei
2026-03-08;43,7;115;0;ei
2026-03-09;40,2;107;0,1;ei
2026-03-10;38;102;0,1;ei
2026-03-11;36,4;98;0;ei
2026-03-12;36,6;99;0;ei
2026-03-13;41,4;111;0;ei
2026-03-14;45,1;121;0;ei
2026-03-15;43,3;117;0;ei
2026-03-16;43,4;117;0;ei
2026-03-17;44,5;120;0;ei
2026-03-18;42,8;117;0;ei
2026-03-19;37,6;103;1;ei
2026-03-20;36,4;96;2,3;ei
2026-03-21;35,9;91;2,7;ei
2026-03-22;35,1;85;2,9;ei
2026-03-23;33,9;79;3,1;ei
2026-03-24;33,3;75;3,5;ei
2026-03-25;32,8;71;4,3;ei
2026-03-26;33,4;70;5,3;ei
2026-03-27;33,8;68;5,7;ei
2026-03-28;33,1;64;5,6;ei
2026-03-29;31,9;60;5,1;ei
2026-03-30;30,9;56;5,2;ei
2026-03-31;30,6;54;5,5;ei
2026-04-01;30,3;51;5,8;ei
2026-04-02;29,6;48;6,1;ei
2026-04-03;29,3;46;6,5;ei
2026-04-04;29,7;46;6,5;ei
2026-04-05;31,3;47;6,3;ei
2026-04-06;35,4;52;5,9;ei
2026-04-07;42;61;5,7;ei
2026-04-08;47,6;69;5,5;ei
2026-04-09;47,3;68;5,2;ei
2026-04-10;44,1;64;5,3;ei
2026-04-11;40,5;58;5,6;ei
2026-04-12;37;53;6;ei
2026-04-13;34,1;48;6,3;ei
2026-04-14;31,9;44;6,9;ei
2026-04-15;30;41;7,8;ei
2026-04-16;28,7;39;8,1;ei
2026-04-17;28,1;38;8,7;ei
2026-04-18;28,1;38;9,2;ei
2026-04-19;27;36;8,9;ei
2026-04-20;25,1;33;8,7;ei
2026-04-21;23,5;30;9;ei
2026-04-22;22,3;28;9,2;ei
2026-04-23;21,1;27;9;ei
2026-04-24;20,3;26;9,3;ei
2026-04-25;19,6;24;9;ei
2026-04-26;19,6;25;7,9;ei
2026-04-27;20,6;26;7,6;ei
2026-04-28;20,5;26;7,3;ei
2026-04-29;19,5;25;7,4;ei
2026-04-30;18,3;23;7,5;ei
2026-05-01;17,6;22;8,5;ei
2026-05-02;17,2;22;10,2;ei
2026-05-03;16,7;21;11,3;ei
2026-05-04;16,1;20;12,1;ei
2026-05-05;15,6;19;12,7;ei
2026-05-06;15;18;13,1;ei
2026-05-07;14,4;17;13,1;ei
2026-05-08;13,7;16;13,2;ei
2026-05-09;13,2;16;13;ei
2026-05-10;12,6;15;12,8;ei
2026-05-11;12,4;14;13,1;ei
2026-05-12;12,3;14;13,3;ei
2026-05-13;12,3;14;13,1;ei
2026-05-14;12,7;15;13,3;ei
2026-05-15;14,3;18;13,9;ei
2026-05-16;15,1;20;14,7;ei
2026-05-17;14;18;15,5;ei
2026-05-18;13,3;17;15,6;ei
2026-05-19;13,1;17;15,9;ei
2026-05-20;13,2;17;16,4;ei
2026-05-21;13,2;17;16,2;ei
2026-05-22;13,1;17;16;ei
2026-05-23;13,8;19;16,2;ei
2026-05-24;15;21;17,4;ei
2026-05-25;14,4;20;17,6;ei
2026-05-26;12,7;17;17,5;ei
2026-05-27;11,2;14;17,2;ei
2026-05-28;10,4;13;16,6;ei
2026-05-29;10;12;16,3;ei
2026-05-30;9,76;12;16,8;ei
2026-05-31;9,24;11;17;ei
2026-06-01;8,83;10;17,3;ei
2026-06-02;8,58;10;17,8;ei
2026-06-03;8,28;9;18,9;ei
2026-06-04;7,99;9;20;ei
2026-06-05;7,7;8;19,9;ei
2026-06-06;7,8;8;19,5;ei
2026-06-07;8,22;10;19,7;ei
2026-06-08;9,06;12;20,3;ei
2026-06-09;10,4;15;19,7;ei
2026-06-10;12,3;20;19,2;ei
2026-06-11;17,6;31;18,9;ei
2026-06-12;19,2;35;18,1;ei
2026-06-13;19,3;36;17,5;ei
2026-06-14;20,2;38;16,7;ei
2026-06-15;21,6;42;16,5;ei
2026-06-16;23,6;47;16,1;ei
2026-06-17;25,7;52;15,7;ei
2026-06-18;27,1;55;16,2;ei
2026-06-19;30,1;62;17,2;ei
2026-06-20;29,5;61;18,2;ei
2026-06-21;24,4;50;19,5;ei
2026-06-22;20,5;41;20,5;ei
2026-06-23;21;43;20,7;ei
2026-06-24;19,2;39;19,9;ei
2026-06-25;16,7;33;19,7;ei
2026-06-26;15,2;30;20,6;ei
2026-06-27;14,2;27;21,1;ei
2026-06-28;12,8;24;21,4;ei
2026-06-29;12;22;22,3;ei
2026-06-30;11,1;20;23,2;ei
2026-07-01;10,6;19;23,1;ei
2026-07-02;9,98;18;22,5;ei
2026-07-03;9,51;16;22;ei
2026-07-04;9,8;17;21,7;ei
2026-07-05;10,3;19;21,2;ei
2026-07-06;11,6;22;20,5;ei
2026-07-07;14,3;29;19,8;ei
2026-07-08;18,4;40;19,1;ei
2026-07-09;23,6;53;18,4;ei
2026-07-10;33,7;77;18,3;ei
2026-07-11;41,6;94;18,3;ei
2026-07-12;41,8;95;18,8;ei
2026-07-13;39,7;91;19,8;ei
2026-07-14;34,8;80;20,5;ei
2026-07-15;29,8;67;20,8;ei
2026-07-16;24,5;53;21,4;ei
2026-07-17;20,4;41;21,9;ei
2026-07-18;17,7;34;22,5;ei
2026-07-19;15,5;28;22,2;ei
2026-07-20;14,2;24;21,5;ei
2026-07-21;14,3;24;19,9;ei
2026-07-22;18,3;31;19,3;ei
2026-07-23;26,6;46;19,1;ei
2026-07-24;30,3;52;18,9;ei
2026-07-25;31;52;18,4;ei
2026-07-26;29,2;47;18,3;ei
2026-07-27;26,6;42;18,4;ei
2026-07-28;24,1;36;18,9;ei
2026-07-29;24,9;37;19,4;ei
2026-07-30;25,8;37;19,7;ei
2026-07-31;24,2;34;20,6;ei
2026-08-01;22,3;30;21,2;ei
2026-08-02;24,4;32;21,1;ei
2026-08-03;27,2;36;20,6;ei
2026-08-04;27,4;35;20,6;ei
2026-08-05;24,7;31;20,9;ei
2026-08-06;21,1;25;21,2;ei
2026-08-07;18,6;21;20,8;ei
2026-08-08;17;18;20,3;ei
2026-08-09;16,4;17;20,2;ei
2026-08-10;16,6;16;20,1;ei
2026-08-11;17,7;18;19,8;ei
2026-08-12;19,1;19;19,1;ei
2026-08-13;20,9;21;18,6;ei
2026-08-14;20,7;21;18,8;ei
2026-08-15;19;20;19;ei
2026-08-16;16,9;17;19,1;ei
2026-08-17;15,6;16;18,8;ei
2026-08-18;14,6;14;18,8;ei
2026-08-19;13,9;14;18,6;ei
2026-08-20;12,9;13;18,2;ei
2026-08-21;12,3;12;18,3;ei
2026-08-22;13;13;17,9;ei
2026-08-23;23,1;30;17,2;ei
2026-08-24;39;55;16,8;ei
2026-08-25;46,8;68;16,6;ei
2026-08-26;43,2;64;16,3;ei
2026-08-27;36,7;55;16,4;ei
2026-08-28;29,5;44;16,5;ei
2026-08-29;23,3;35;16,6;ei
2026-08-30;19;28;16,7;ei
2026-08-31;16,9;25;16,9;ei
2026-09-01;17,3;26;17,2;ei
2026-09-02;19,4;31;17,5;ei
2026-09-03;22,7;39;17,3;ei
2026-09-04;82,6;135;16,1;ei
2026-09-05;128;201;15,2;ei
2026-09-06;112;184;14,7;ei
2026-09-07;93,7;162;14,2;ei
2026-09-08;83,7;148;14,2;ei
2026-09-09;77,8;140;14,7;ei
2026-09-10;73,9;134;15,1;ei
2026-09-11;80,2;143;14,9;ei
2026-09-12;79,7;142;14,2;ei
2026-09-13;74,9;136;13,8;ei
2026-09-14;69,9;128;13,9;ei
2026-09-15;64,1;119;13,6;ei
2026-09-16;56,9;107;13,5;ei
2026-09-17;50,4;95;13,6;ei
2026-09-18;45;85;13,5;ei
2026-09-19;43,3;82;13,6;ei
