kuupäev;vooluhulk_m3s;veetase_cm;veetemp_c;valideeritud
1962-01-01;3,09;60;;jah
1962-01-02;3,05;59;;jah
1962-01-03;3,05;59;;jah
1962-01-04;3,18;62;;jah
1962-01-05;3,18;62;;jah
1962-01-06;3,09;60;;jah
1962-01-07;3,18;62;;jah
1962-01-08;3,21;62;;jah
1962-01-09;3,3;64;;jah
1962-01-10;3,16;60;;jah
1962-01-11;3,26;60;;jah
1962-01-12;3,51;60;;jah
1962-01-13;3,51;60;;jah
1962-01-14;3,71;64;;jah
1962-01-15;3,71;64;;jah
1962-01-16;3,71;64;;jah
1962-01-17;3,71;64;;jah
1962-01-18;3,51;60;;jah
1962-01-19;3,56;61;;jah
1962-01-20;3,56;61;;jah
1962-01-21;3,51;60;;jah
1962-01-22;3,9;68;;jah
1962-01-23;3,8;66;;jah
1962-01-24;3,8;66;;jah
1962-01-25;3,9;68;;jah
1962-01-26;3,8;66;;jah
1962-01-27;3,71;64;;jah
1962-01-28;3,71;64;;jah
1962-01-29;3,54;62;;jah
1962-01-30;3,21;62;;jah
1962-01-31;3,1;62;;jah
1962-02-01;3,1;62;;jah
1962-02-02;2,98;59;;jah
1962-02-03;2,87;56;;jah
1962-02-04;2,94;56;;jah
1962-02-05;3,12;58;;jah
1962-02-06;3,23;60;;jah
1962-02-07;3,16;58;;jah
1962-02-08;3,16;58;;jah
1962-02-09;3,12;58;;jah
1962-02-10;3,12;58;;jah
1962-02-11;3,09;58;;jah
1962-02-12;3,05;57;;jah
1962-02-13;3,09;58;;jah
1962-02-14;3,12;60;;jah
1962-02-15;3,05;58;;jah
1962-02-16;3,02;58;;jah
1962-02-17;2,94;56;;jah
1962-02-18;2,94;56;;jah
1962-02-19;2,91;56;;jah
1962-02-20;2,95;58;;jah
1962-02-21;2,92;57;;jah
1962-02-22;2,92;58;;jah
1962-02-23;2,88;58;;jah
1962-02-24;2,88;58;;jah
1962-02-25;2,88;58;;jah
1962-02-26;2,77;56;;jah
1962-02-27;2,85;58;;jah
1962-02-28;2,91;60;;jah
1962-03-01;2,77;56;;jah
1962-03-02;2,77;56;;jah
1962-03-03;2,85;58;;jah
1962-03-04;2,88;58;;jah
1962-03-05;2,81;56;;jah
1962-03-06;2,84;56;;jah
1962-03-07;2,95;58;;jah
1962-03-08;2,98;58;;jah
1962-03-09;3,02;58;;jah
1962-03-10;3,09;59;;jah
1962-03-11;3,12;60;;jah
1962-03-12;3,12;60;;jah
1962-03-13;3,12;60;;jah
1962-03-14;3,17;61;;jah
1962-03-15;3,17;61;;jah
1962-03-16;3,17;61;;jah
1962-03-17;3,17;61;;jah
1962-03-18;3,13;61;;jah
1962-03-19;3,09;60;;jah
1962-03-20;3,09;60;;jah
1962-03-21;3,05;60;;jah
1962-03-22;3,05;60;;jah
1962-03-23;3,02;60;;jah
1962-03-24;3,02;60;;jah
1962-03-25;3,02;60;;jah
1962-03-26;3,02;60;;jah
1962-03-27;3,1;62;;jah
1962-03-28;3,1;62;;jah
1962-03-29;3,23;64;;jah
1962-03-30;3,09;60;;jah
1962-03-31;3,09;60;;jah
1962-04-01;3,25;62;;jah
1962-04-02;3,58;67;;jah
1962-04-03;4,2;72;;jah
1962-04-04;6,46;92;;jah
1962-04-05;31,1;252;;jah
1962-04-06;61,2;356;;jah
1962-04-07;42,1;295;;jah
1962-04-08;38,5;282;;jah
1962-04-09;33,8;264;;jah
1962-04-10;32;256;;jah
1962-04-11;29,9;246;;jah
1962-04-12;26,8;230;;jah
1962-04-13;29,1;242;;jah
1962-04-14;30,7;250;;jah
1962-04-15;37,1;277;;jah
1962-04-16;31,1;252;;jah
1962-04-17;20;190;;jah
1962-04-18;17,6;174;;jah
1962-04-19;14,1;149;;jah
1962-04-20;11,1;128;;jah
1962-04-21;10,9;126;;jah
1962-04-22;9,58;116;;jah
1962-04-23;7,63;101;;jah
1962-04-24;7,5;100;;jah
1962-04-25;6,72;94;;jah
1962-04-26;6,2;90;;jah
1962-04-27;5,72;86;;jah
1962-04-28;5,72;86;;jah
1962-04-29;5,48;84;;jah
1962-04-30;5,24;82;;jah
1962-05-01;5,24;82;;jah
1962-05-02;6,33;91;;jah
1962-05-03;7,24;98;;jah
1962-05-04;7,89;103;;jah
1962-05-05;11,4;130;;jah
1962-05-06;15,6;160;;jah
1962-05-07;17,6;174;;jah
1962-05-08;14,8;154;;jah
1962-05-09;10,9;126;;jah
1962-05-10;8,15;105;;jah
1962-05-11;7,11;97;;jah
1962-05-12;5,84;87;;jah
1962-05-13;6,08;89;;jah
1962-05-14;5;80;;jah
1962-05-15;5;80;;jah
1962-05-16;5,12;81;;jah
1962-05-17;5,6;85;;jah
1962-05-18;5,72;86;;jah
1962-05-19;6,33;91;;jah
1962-05-20;5,48;84;;jah
1962-05-21;4,8;78;;jah
1962-05-22;5;80;;jah
1962-05-23;6,2;90;;jah
1962-05-24;6,2;90;;jah
1962-05-25;6,08;89;;jah
1962-05-26;5,72;86;;jah
1962-05-27;6,59;93;;jah
1962-05-28;7,98;96;;jah
1962-05-29;5,6;85;;jah
1962-05-30;5,72;86;;jah
1962-05-31;5,24;82;;jah
1962-06-01;5,24;82;;jah
1962-06-02;5;80;;jah
1962-06-03;4,8;78;;jah
1962-06-04;5;80;;jah
1962-06-05;4,6;76;;jah
1962-06-06;4,3;73;;jah
1962-06-07;4,4;74;;jah
1962-06-08;4,3;73;;jah
1962-06-09;4,2;72;;jah
1962-06-10;3,95;69;;jah
1962-06-11;3,8;66;;jah
1962-06-12;4;70;;jah
1962-06-13;4;70;;jah
1962-06-14;4,1;71;;jah
1962-06-15;4,2;72;;jah
1962-06-16;4,2;72;;jah
1962-06-17;4,3;73;;jah
1962-06-18;4,1;71;;jah
1962-06-19;3,9;68;;jah
1962-06-20;3,9;68;;jah
1962-06-21;4;70;;jah
1962-06-22;3,9;68;;jah
1962-06-23;3,95;69;;jah
1962-06-24;3,9;68;;jah
1962-06-25;4,2;72;;jah
1962-06-26;3,71;64;;jah
1962-06-27;4;70;;jah
1962-06-28;4,2;72;;jah
1962-06-29;4,4;74;;jah
1962-06-30;5,72;86;;jah
1962-07-01;8,02;104;;jah
1962-07-02;9,71;117;;jah
1962-07-03;11,3;129;;jah
1962-07-04;12,2;136;;jah
1962-07-05;11,1;128;;jah
1962-07-06;9,32;114;;jah
1962-07-07;5,36;83;;jah
1962-07-08;4,8;78;;jah
1962-07-09;5,12;81;;jah
1962-07-10;4,8;78;;jah
1962-07-11;6,46;92;;jah
1962-07-12;7,76;102;;jah
1962-07-13;9,32;114;;jah
1962-07-14;9,32;114;;jah
1962-07-15;8,28;106;;jah
1962-07-16;8,02;104;;jah
1962-07-17;8,02;104;;jah
1962-07-18;6,33;91;;jah
1962-07-19;5,23;84;;jah
1962-07-20;5,23;84;;jah
1962-07-21;3,94;78;;jah
1962-07-22;3,3;73;;jah
1962-07-23;2,98;69;;jah
1962-07-24;4,43;80;;jah
1962-07-25;6,05;90;;jah
1962-07-26;6,32;92;;jah
1962-07-27;6,32;92;;jah
1962-07-28;6,85;96;;jah
1962-07-29;6,73;95;;jah
1962-07-30;6,85;96;;jah
1962-07-31;6,46;93;;jah
1962-08-01;6,58;94;;jah
1962-08-02;5,64;87;;jah
1962-08-03;5,05;83;;jah
1962-08-04;5,78;88;;jah
1962-08-05;5,92;89;;jah
1962-08-06;5,37;85;;jah
1962-08-07;6,32;92;;jah
1962-08-08;6,73;95;;jah
1962-08-09;7,7;103;;jah
1962-08-10;7,82;104;;jah
1962-08-11;6,85;96;;jah
1962-08-12;5,78;88;;jah
1962-08-13;6,85;96;;jah
1962-08-14;7,22;99;;jah
1962-08-15;6,05;90;;jah
1962-08-16;4,93;82;;jah
1962-08-17;4,93;82;;jah
1962-08-18;4,43;80;;jah
1962-08-19;5,23;84;;jah
1962-08-20;5,78;88;;jah
1962-08-21;6,18;91;;jah
1962-08-22;7,35;100;;jah
1962-08-23;6,05;90;;jah
1962-08-24;6,05;90;;jah
1962-08-25;5,78;88;;jah
1962-08-26;6,32;92;;jah
1962-08-27;6,46;93;;jah
1962-08-28;6,58;94;;jah
1962-08-29;6,85;96;;jah
1962-08-30;8,38;109;;jah
1962-08-31;10,3;127;;jah
1962-09-01;12,6;154;;jah
1962-09-02;12,2;150;;jah
1962-09-03;10,9;134;;jah
1962-09-04;9,24;117;;jah
1962-09-05;7,82;104;;jah
1962-09-06;8,48;110;;jah
1962-09-07;9,88;123;;jah
1962-09-08;10,6;130;;jah
1962-09-09;10,6;130;;jah
1962-09-10;10,4;128;;jah
1962-09-11;10,4;128;;jah
1962-09-12;10,1;125;;jah
1962-09-13;9,98;124;;jah
1962-09-14;9,24;117;;jah
1962-09-15;9,35;118;;jah
1962-09-16;9,57;120;;jah
1962-09-17;9,35;118;;jah
1962-09-18;8,48;110;;jah
1962-09-19;9,12;116;;jah
1962-09-20;12,2;149;;jah
1962-09-21;12,4;152;;jah
1962-09-22;12,4;152;;jah
1962-09-23;11,1;136;;jah
1962-09-24;9,88;123;;jah
1962-09-25;9,12;116;;jah
1962-09-26;7,7;103;;jah
1962-09-27;6,05;90;;jah
1962-09-28;6,32;92;;jah
1962-09-29;6,05;90;;jah
1962-09-30;5,92;89;;jah
1962-10-01;6,05;90;;jah
1962-10-02;6,05;90;;jah
1962-10-03;5,92;89;;jah
1962-10-04;5,92;89;;jah
1962-10-05;5,23;84;;jah
1962-10-06;4,93;82;;jah
1962-10-07;4,43;80;;jah
1962-10-08;4,43;80;;jah
1962-10-09;4,7;81;;jah
1962-10-10;3,94;78;;jah
1962-10-11;4,14;79;;jah
1962-10-12;4,43;80;;jah
1962-10-13;4,43;80;;jah
1962-10-14;4,93;82;;jah
1962-10-15;3,74;77;;jah
1962-10-16;3,64;76;;jah
1962-10-17;3,4;74;;jah
1962-10-18;4,93;82;;jah
1962-10-19;7,08;98;;jah
1962-10-20;10,2;126;;jah
1962-10-21;10,3;127;;jah
1962-10-22;11,1;136;;jah
1962-10-23;10,2;124;;jah
1962-10-24;8,5;110;;jah
1962-10-25;6,67;95;;jah
1962-10-26;6,3;92;;jah
1962-10-27;5,93;89;;jah
1962-10-28;6,05;90;;jah
1962-10-29;5,93;89;;jah
1962-10-30;5,2;83;;jah
1962-10-31;4,82;80;;jah
1962-11-01;4,34;76;;jah
1962-11-02;4,23;75;;jah
1962-11-03;5,32;84;;jah
1962-11-04;5,58;86;;jah
1962-11-05;5,58;86;;jah
1962-11-06;5,58;86;;jah
1962-11-07;5,08;82;;jah
1962-11-08;5,2;83;;jah
1962-11-09;5,08;82;;jah
1962-11-10;4,95;81;;jah
1962-11-11;5,2;83;;jah
1962-11-12;3,88;72;;jah
1962-11-13;3,88;72;;jah
1962-11-14;3,64;70;;jah
1962-11-15;3,88;72;;jah
1962-11-16;4,45;77;;jah
1962-11-17;4,6;78;;jah
1962-11-18;4,6;78;;jah
1962-11-19;4,25;75;;jah
1962-11-20;4,6;78;;jah
1962-11-21;5,32;84;;jah
1962-11-22;7,51;102;;jah
1962-11-23;12,2;140;;jah
1962-11-24;17,1;174;;jah
1962-11-25;17,1;174;;jah
1962-11-26;14;153;;jah
1962-11-27;11,9;138;;jah
1962-11-28;10,9;130;;jah
1962-11-29;9,21;116;;jah
1962-11-30;8,25;108;;jah
1962-12-01;6,8;96;;jah
1962-12-02;6,05;90;;jah
1962-12-03;6,05;90;;jah
1962-12-04;6,05;90;;jah
1962-12-05;6,8;96;;jah
1962-12-06;8,5;110;;jah
1962-12-07;8,25;108;;jah
1962-12-08;7,78;104;;jah
1962-12-09;7,28;100;;jah
1962-12-10;7,28;100;;jah
1962-12-11;7,28;100;;jah
1962-12-12;6,8;96;;jah
1962-12-13;5,8;88;;jah
1962-12-14;5,8;88;;jah
1962-12-15;5,8;88;;jah
1962-12-16;5,58;86;;jah
1962-12-17;5,32;84;;jah
1962-12-18;3,99;72;;jah
1962-12-19;3,63;68;;jah
1962-12-20;3,46;67;;jah
1962-12-21;3,28;68;;jah
1962-12-22;3,16;68;;jah
1962-12-23;3,08;68;;jah
1962-12-24;3,08;69;;jah
1962-12-25;3,12;70;;jah
1962-12-26;3,16;71;;jah
1962-12-27;3,27;73;;jah
1962-12-28;3,42;75;;jah
1962-12-29;3,65;78;;jah
1962-12-30;3,89;81;;jah
1962-12-31;3,89;81;;jah
1963-01-01;3,94;81;;jah
1963-01-02;3,7;78;;jah
1963-01-03;3,62;77;;jah
1963-01-04;3,31;73;;jah
1963-01-05;3,31;73;;jah
1963-01-06;3,31;73;;jah
1963-01-07;3,39;74;;jah
1963-01-08;3,39;74;;jah
1963-01-09;3,54;76;;jah
1963-01-10;3,54;76;;jah
1963-01-11;3,54;76;;jah
1963-01-12;3,54;76;;jah
1963-01-13;3,54;76;;jah
1963-01-14;3,54;76;;jah
1963-01-15;3,54;76;;jah
1963-01-16;3,54;76;;jah
1963-01-17;3,54;76;;jah
1963-01-18;3,7;78;;jah
1963-01-19;3,7;78;;jah
1963-01-20;3,54;76;;jah
1963-01-21;3,54;76;;jah
1963-01-22;3,54;76;;jah
1963-01-23;3,54;76;;jah
1963-01-24;3,54;76;;jah
1963-01-25;3,39;74;;jah
1963-01-26;3,39;74;;jah
1963-01-27;3,39;74;;jah
1963-01-28;3,39;74;;jah
1963-01-29;3,39;74;;jah
1963-01-30;3,39;74;;jah
1963-01-31;3,23;72;;jah
1963-02-01;3,23;72;;jah
1963-02-02;3,23;72;;jah
1963-02-03;3,28;72;;jah
1963-02-04;3,28;72;;jah
1963-02-05;3,43;74;;jah
1963-02-06;3,43;74;;jah
1963-02-07;3,43;74;;jah
1963-02-08;3,28;72;;jah
1963-02-09;3,28;72;;jah
1963-02-10;3,28;72;;jah
1963-02-11;3,32;72;;jah
1963-02-12;3,32;72;;jah
1963-02-13;3,32;72;;jah
1963-02-14;3,32;72;;jah
1963-02-15;3,32;72;;jah
1963-02-16;3,36;72;;jah
1963-02-17;3,36;72;;jah
1963-02-18;3,36;72;;jah
1963-02-19;3,36;72;;jah
1963-02-20;3,36;72;;jah
1963-02-21;3,36;72;;jah
1963-02-22;3,36;72;;jah
1963-02-23;3,36;72;;jah
1963-02-24;3,36;72;;jah
1963-02-25;3,12;68;;jah
1963-02-26;3,12;68;;jah
1963-02-27;3,2;70;;jah
1963-02-28;3,24;70;;jah
1963-03-01;3,28;70;;jah
1963-03-02;3,36;70;;jah
1963-03-03;3,7;73;;jah
1963-03-04;3,65;72;;jah
1963-03-05;3,74;72;;jah
1963-03-06;3,78;72;;jah
1963-03-07;3,78;72;;jah
1963-03-08;3,78;72;;jah
1963-03-09;3,56;70;;jah
1963-03-10;3,56;70;;jah
1963-03-11;3,52;70;;jah
1963-03-12;3,52;70;;jah
1963-03-13;3,48;70;;jah
1963-03-14;3,35;68;;jah
1963-03-15;3,35;68;;jah
1963-03-16;3,27;67;;jah
1963-03-17;3,23;67;;jah
1963-03-18;3,23;67;;jah
1963-03-19;3,2;67;;jah
1963-03-20;3,2;67;;jah
1963-03-21;3,24;68;;jah
1963-03-22;3,24;68;;jah
1963-03-23;3,28;69;;jah
1963-03-24;3,32;70;;jah
1963-03-25;3,32;70;;jah
1963-03-26;3,36;70;;jah
1963-03-27;3,36;70;;jah
1963-03-28;3,4;70;;jah
1963-03-29;3,44;70;;jah
1963-03-30;3,48;70;;jah
1963-03-31;3,52;70;;jah
1963-04-01;3,56;70;;jah
1963-04-02;3,6;70;;jah
1963-04-03;3,68;70;;jah
1963-04-04;3,72;70;;jah
1963-04-05;3,76;70;;jah
1963-04-06;4,03;72;;jah
1963-04-07;4,07;72;;jah
1963-04-08;4,12;72;;jah
1963-04-09;4,46;75;;jah
1963-04-10;4,8;78;;jah
1963-04-11;5,48;84;;jah
1963-04-12;15,2;157;;jah
1963-04-13;48,6;318;;jah
1963-04-14;31,5;254;;jah
1963-04-15;21;196;;jah
1963-04-16;19,5;187;;jah
1963-04-17;22,4;205;;jah
1963-04-18;25;220;;jah
1963-04-19;27,4;233;;jah
1963-04-20;23,8;213;;jah
1963-04-21;18,9;183;;jah
1963-04-22;14,9;155;;jah
1963-04-23;12,7;139;;jah
1963-04-24;10,6;124;;jah
1963-04-25;9,19;113;;jah
1963-04-26;8,02;104;;jah
1963-04-27;7,24;98;;jah
1963-04-28;6,98;96;;jah
1963-04-29;6,2;90;;jah
1963-04-30;5,96;88;;jah
1963-05-01;5,48;84;;jah
1963-05-02;5,48;84;;jah
1963-05-03;5,48;84;;jah
1963-05-04;6,72;94;;jah
1963-05-05;8,41;107;;jah
1963-05-06;8,28;106;;jah
1963-05-07;8,02;104;;jah
1963-05-08;6,85;95;;jah
1963-05-09;6,2;90;;jah
1963-05-10;5,72;86;;jah
1963-05-11;5;80;;jah
1963-05-12;4,6;76;;jah
1963-05-13;4,4;74;;jah
1963-05-14;4,5;75;;jah
1963-05-15;4,2;72;;jah
1963-05-16;4,3;73;;jah
1963-05-17;4,3;73;;jah
1963-05-18;4,8;78;;jah
1963-05-19;6,46;92;;jah
1963-05-20;5,12;81;;jah
1963-05-21;4,4;74;;jah
1963-05-22;4,2;72;;jah
1963-05-23;4;70;;jah
1963-05-24;3,35;69;;jah
1963-05-25;3,56;69;;jah
1963-05-26;3,47;68;;jah
1963-05-27;3,47;68;;jah
1963-05-28;3,38;66;;jah
1963-05-29;3,26;64;;jah
1963-05-30;3,22;63;;jah
1963-05-31;3,09;60;;jah
1963-06-01;3,09;60;;jah
1963-06-02;3,09;60;;jah
1963-06-03;3,09;60;;jah
1963-06-04;3,05;60;;jah
1963-06-05;3,02;59;;jah
1963-06-06;3,1;61;;jah
1963-06-07;3,15;63;;jah
1963-06-08;3,15;63;;jah
1963-06-09;3,15;63;;jah
1963-06-10;3,19;64;;jah
1963-06-11;3,19;64;;jah
1963-06-12;3,15;64;;jah
1963-06-13;3,23;66;;jah
1963-06-14;3,32;68;;jah
1963-06-15;3,28;68;;jah
1963-06-16;3,23;67;;jah
1963-06-17;3,12;64;;jah
1963-06-18;2,99;61;;jah
1963-06-19;2,95;61;;jah
1963-06-20;2,95;61;;jah
1963-06-21;2,95;61;;jah
1963-06-22;3,04;64;;jah
1963-06-23;3,16;67;;jah
1963-06-24;3,12;66;;jah
1963-06-25;3,04;64;;jah
1963-06-26;2,92;62;;jah
1963-06-27;3;64;;jah
1963-06-28;3;64;;jah
1963-06-29;2,93;63;;jah
1963-06-30;2,97;64;;jah
1963-07-01;2,77;60;;jah
1963-07-02;2,77;60;;jah
1963-07-03;2,82;62;;jah
1963-07-04;2,89;64;;jah
1963-07-05;2,89;64;;jah
1963-07-06;2,82;63;;jah
1963-07-07;2,74;61;;jah
1963-07-08;2,7;60;;jah
1963-07-09;2,61;58;;jah
1963-07-10;2,54;56;;jah
1963-07-11;2,54;56;;jah
1963-07-12;2,54;56;;jah
1963-07-13;2,63;60;;jah
1963-07-14;2,78;64;;jah
1963-07-15;2,81;66;;jah
1963-07-16;2,67;62;;jah
1963-07-17;2,6;60;;jah
1963-07-18;2,54;58;;jah
1963-07-19;2,57;59;;jah
1963-07-20;2,56;60;;jah
1963-07-21;2,56;60;;jah
1963-07-22;2,5;58;;jah
1963-07-23;2,5;58;;jah
1963-07-24;2,5;58;;jah
1963-07-25;2,5;58;;jah
1963-07-26;2,53;59;;jah
1963-07-27;2,6;61;;jah
1963-07-28;2,64;62;;jah
1963-07-29;2,67;63;;jah
1963-07-30;2,71;64;;jah
1963-07-31;2,74;65;;jah
1963-08-01;2,71;64;;jah
1963-08-02;2,71;64;;jah
1963-08-03;2,71;64;;jah
1963-08-04;2,71;64;;jah
1963-08-05;2,88;69;;jah
1963-08-06;2,88;69;;jah
1963-08-07;2,89;68;;jah
1963-08-08;2,96;70;;jah
1963-08-09;3,11;72;;jah
1963-08-10;3,48;77;;jah
1963-08-11;3,75;80;;jah
1963-08-12;3,75;80;;jah
1963-08-13;3,6;78;;jah
1963-08-14;3,72;79;;jah
1963-08-15;3,89;81;;jah
1963-08-16;3,5;76;;jah
1963-08-17;3,23;72;;jah
1963-08-18;3,23;72;;jah
1963-08-19;3,7;78;;jah
1963-08-20;5,14;93;;jah
1963-08-21;4,84;90;;jah
1963-08-22;4,33;84;;jah
1963-08-23;3,95;80;;jah
1963-08-24;4,14;82;;jah
1963-08-25;3,84;78;;jah
1963-08-26;3,44;73;;jah
1963-08-27;3,52;74;;jah
1963-08-28;3,56;74;;jah
1963-08-29;3,4;72;;jah
1963-08-30;3,56;74;;jah
1963-08-31;3,44;72;;jah
1963-09-01;3,61;74;;jah
1963-09-02;3,44;72;;jah
1963-09-03;3,28;70;;jah
1963-09-04;3,15;66;;jah
1963-09-05;3,49;72;;jah
1963-09-06;3,49;72;;jah
1963-09-07;3,32;70;;jah
1963-09-08;3,4;71;;jah
1963-09-09;3,36;70;;jah
1963-09-10;3,36;70;;jah
1963-09-11;3,28;68;;jah
1963-09-12;3,36;70;;jah
1963-09-13;3,28;68;;jah
1963-09-14;3,28;68;;jah
1963-09-15;3,36;70;;jah
1963-09-16;3,23;67;;jah
1963-09-17;3,19;66;;jah
1963-09-18;3,19;66;;jah
1963-09-19;3,19;66;;jah
1963-09-20;3,19;66;;jah
1963-09-21;3,19;66;;jah
1963-09-22;3,19;66;;jah
1963-09-23;3,19;66;;jah
1963-09-24;3,28;68;;jah
1963-09-25;3,19;66;;jah
1963-09-26;3,19;66;;jah
1963-09-27;3,19;66;;jah
1963-09-28;3,19;66;;jah
1963-09-29;3,19;66;;jah
1963-09-30;3,32;68;;jah
1963-10-01;3,32;68;;jah
1963-10-02;3,32;68;;jah
1963-10-03;3,23;66;;jah
1963-10-04;3,23;66;;jah
1963-10-05;3,23;66;;jah
1963-10-06;3,61;72;;jah
1963-10-07;4,51;82;;jah
1963-10-08;4,71;84;;jah
1963-10-09;4,13;78;;jah
1963-10-10;3,61;72;;jah
1963-10-11;3,44;70;;jah
1963-10-12;3,61;72;;jah
1963-10-13;3,87;75;;jah
1963-10-14;4,3;80;;jah
1963-10-15;5,13;88;;jah
1963-10-16;4,77;84;;jah
1963-10-17;4,56;82;;jah
1963-10-18;4,18;78;;jah
1963-10-19;3,65;72;;jah
1963-10-20;3,48;70;;jah
1963-10-21;3,43;68;;jah
1963-10-22;3,52;70;;jah
1963-10-23;3,52;70;;jah
1963-10-24;3,52;70;;jah
1963-10-25;3,52;70;;jah
1963-10-26;3,52;70;;jah
1963-10-27;3,52;70;;jah
1963-10-28;3,52;70;;jah
1963-10-29;3,52;70;;jah
1963-10-30;3,56;70;;jah
1963-10-31;3,52;69;;jah
1963-11-01;3,47;68;;jah
1963-11-02;3,38;66;;jah
1963-11-03;3,38;66;;jah
1963-11-04;3,38;66;;jah
1963-11-05;3,47;68;;jah
1963-11-06;3,52;69;;jah
1963-11-07;3,47;68;;jah
1963-11-08;3,46;67;;jah
1963-11-09;3,51;68;;jah
1963-11-10;3,51;68;;jah
1963-11-11;3,51;68;;jah
1963-11-12;3,51;68;;jah
1963-11-13;3,51;68;;jah
1963-11-14;3,51;68;;jah
1963-11-15;3,51;68;;jah
1963-11-16;3,86;72;;jah
1963-11-17;4,28;76;;jah
1963-11-18;4,61;79;;jah
1963-11-19;5,66;88;;jah
1963-11-20;7,7;104;;jah
1963-11-21;8,28;108;;jah
1963-11-22;7,78;104;;jah
1963-11-23;6,52;94;;jah
1963-11-24;4,32;76;;jah
1963-11-25;4,23;76;;jah
1963-11-26;3,96;74;;jah
1963-11-27;3,7;72;;jah
1963-11-28;3,61;72;;jah
1963-11-29;3,57;70;;jah
1963-11-30;3,12;65;;jah
1963-12-01;2,88;60;;jah
1963-12-02;2,78;58;;jah
1963-12-03;2,89;62;;jah
1963-12-04;2,85;62;;jah
1963-12-05;2,74;60;;jah
1963-12-06;2,89;64;;jah
1963-12-07;2,93;66;;jah
1963-12-08;2,78;62;;jah
1963-12-09;2,74;62;;jah
1963-12-10;2,57;58;;jah
1963-12-11;2,63;60;;jah
1963-12-12;2,67;62;;jah
1963-12-13;2,6;60;;jah
1963-12-14;2,63;61;;jah
1963-12-15;2,6;61;;jah
1963-12-16;2,67;63;;jah
1963-12-17;2,67;63;;jah
1963-12-18;2,71;64;;jah
1963-12-19;2,71;64;;jah
1963-12-20;2,71;64;;jah
1963-12-21;2,64;62;;jah
1963-12-22;2,64;62;;jah
1963-12-23;2,6;61;;jah
1963-12-24;2,67;63;;jah
1963-12-25;2,75;64;;jah
1963-12-26;2,81;66;;jah
1963-12-27;2,81;66;;jah
1963-12-28;2,75;64;;jah
1963-12-29;2,74;63;;jah
1963-12-30;2,74;63;;jah
1963-12-31;2,78;63;;jah
1964-01-01;2,99;64;;jah
1964-01-02;2,99;64;;jah
1964-01-03;2,86;62;;jah
1964-01-04;2,92;62;;jah
1964-01-05;2,92;62;;jah
1964-01-06;3,05;64;;jah
1964-01-07;3,05;64;;jah
1964-01-08;2,81;60;;jah
1964-01-09;2,86;60;;jah
1964-01-10;2,99;62;;jah
1964-01-11;3,05;63;;jah
1964-01-12;2,99;62;;jah
1964-01-13;2,99;62;;jah
1964-01-14;2,7;57;;jah
1964-01-15;2,7;57;;jah
1964-01-16;2,75;58;;jah
1964-01-17;2,86;60;;jah
1964-01-18;2,92;61;;jah
1964-01-19;2,92;61;;jah
1964-01-20;2,92;61;;jah
1964-01-21;2,92;61;;jah
1964-01-22;2,81;60;;jah
1964-01-23;2,81;60;;jah
1964-01-24;2,81;60;;jah
1964-01-25;2,81;60;;jah
1964-01-26;2,81;60;;jah
1964-01-27;2,86;61;;jah
1964-01-28;2,86;62;;jah
1964-01-29;2,81;61;;jah
1964-01-30;2,81;61;;jah
1964-01-31;2,92;63;;jah
1964-02-01;2,64;58;;jah
1964-02-02;2,81;61;;jah
1964-02-03;2,7;59;;jah
1964-02-04;2,75;60;;jah
1964-02-05;2,7;60;;jah
1964-02-06;2,59;58;;jah
1964-02-07;2,64;59;;jah
1964-02-08;2,53;57;;jah
1964-02-09;2,59;58;;jah
1964-02-10;2,59;58;;jah
1964-02-11;2,59;58;;jah
1964-02-12;2,53;57;;jah
1964-02-13;2,59;58;;jah
1964-02-14;2,53;57;;jah
1964-02-15;2,64;59;;jah
1964-02-16;2,75;61;;jah
1964-02-17;2,64;60;;jah
1964-02-18;2,64;60;;jah
1964-02-19;2,64;60;;jah
1964-02-20;2,7;61;;jah
1964-02-21;2,64;60;;jah
1964-02-22;2,53;58;;jah
1964-02-23;2,53;58;;jah
1964-02-24;2,53;58;;jah
1964-02-25;2,53;58;;jah
1964-02-26;2,59;59;;jah
1964-02-27;2,53;58;;jah
1964-02-28;2,64;60;;jah
1964-02-29;2,64;60;;jah
1964-03-01;2,64;60;;jah
1964-03-02;2,59;59;;jah
1964-03-03;2,59;59;;jah
1964-03-04;2,59;59;;jah
1964-03-05;2,53;58;;jah
1964-03-06;2,64;60;;jah
1964-03-07;2,53;58;;jah
1964-03-08;2,64;60;;jah
1964-03-09;2,59;59;;jah
1964-03-10;2,64;60;;jah
1964-03-11;2,64;60;;jah
1964-03-12;2,53;58;;jah
1964-03-13;2,53;58;;jah
1964-03-14;2,42;56;;jah
1964-03-15;2,48;57;;jah
1964-03-16;2,53;58;;jah
1964-03-17;2,48;57;;jah
1964-03-18;2,53;58;;jah
1964-03-19;2,42;56;;jah
1964-03-20;2,42;56;;jah
1964-03-21;2,37;55;;jah
1964-03-22;2,37;55;;jah
1964-03-23;2,48;56;;jah
1964-03-24;2,53;56;;jah
1964-03-25;2,7;58;;jah
1964-03-26;2,86;60;;jah
1964-03-27;2,81;58;;jah
1964-03-28;2,99;60;;jah
1964-03-29;3,12;61;;jah
1964-03-30;3,25;62;;jah
1964-03-31;3,46;65;;jah
1964-04-01;3,53;65;;jah
1964-04-02;3,68;66;;jah
1964-04-03;4,6;76;;jah
1964-04-04;6,2;90;;jah
1964-04-05;7,5;100;;jah
1964-04-06;7,5;100;;jah
1964-04-07;6,59;93;;jah
1964-04-08;4,3;73;;jah
1964-04-09;3,6;62;;jah
1964-04-10;3,92;65;;jah
1964-04-11;4,05;66;;jah
1964-04-12;5,92;82;;jah
1964-04-13;13,2;137;;jah
1964-04-14;19,5;183;;jah
1964-04-15;22,7;209;;jah
1964-04-16;21,6;190;;jah
1964-04-17;17,6;165;;jah
1964-04-18;13,7;140;;jah
1964-04-19;15,9;154;;jah
1964-04-20;14;142;;jah
1964-04-21;11,8;127;;jah
1964-04-22;10;113;;jah
1964-04-23;8,12;99;;jah
1964-04-24;7,06;91;;jah
1964-04-25;6,42;86;;jah
1964-04-26;5,15;76;;jah
1964-04-27;4,45;71;;jah
1964-04-28;4,61;72;;jah
1964-04-29;4,15;69;;jah
1964-04-30;4,45;71;;jah
1964-05-01;4,45;71;;jah
1964-05-02;4,28;70;;jah
1964-05-03;4,35;74;;jah
1964-05-04;4;70;;jah
1964-05-05;4,1;71;;jah
1964-05-06;4,2;72;;jah
1964-05-07;4,4;74;;jah
1964-05-08;4,2;72;;jah
1964-05-09;4,1;71;;jah
1964-05-10;3,76;67;;jah
1964-05-11;3,76;67;;jah
1964-05-12;3,92;69;;jah
1964-05-13;4,1;71;;jah
1964-05-14;3,84;68;;jah
1964-05-15;3,84;68;;jah
1964-05-16;3,68;66;;jah
1964-05-17;3,84;68;;jah
1964-05-18;3,76;67;;jah
1964-05-19;3,68;66;;jah
1964-05-20;3,6;65;;jah
1964-05-21;3,68;66;;jah
1964-05-22;3,53;65;;jah
1964-05-23;3,32;62;;jah
1964-05-24;3,32;63;;jah
1964-05-25;3,39;64;;jah
1964-05-26;3,18;61;;jah
1964-05-27;3,18;61;;jah
1964-05-28;3,12;60;;jah
1964-05-29;3,25;62;;jah
1964-05-30;3,18;61;;jah
1964-05-31;3,05;59;;jah
1964-06-01;3,12;60;;jah
1964-06-02;3,18;61;;jah
1964-06-03;3,25;62;;jah
1964-06-04;3,32;63;;jah
1964-06-05;3,84;70;;jah
1964-06-06;3,6;67;;jah
1964-06-07;3,18;61;;jah
1964-06-08;2,99;58;;jah
1964-06-09;2,75;54;;jah
1964-06-10;2,7;54;;jah
1964-06-11;2,7;54;;jah
1964-06-12;2,75;55;;jah
1964-06-13;2,59;52;;jah
1964-06-14;2,53;52;;jah
1964-06-15;2,48;51;;jah
1964-06-16;2,64;54;;jah
1964-06-17;2,75;57;;jah
1964-06-18;2,75;57;;jah
1964-06-19;2,81;58;;jah
1964-06-20;2,7;57;;jah
1964-06-21;2,81;60;;jah
1964-06-22;2,99;63;;jah
1964-06-23;3,12;66;;jah
1964-06-24;2,7;60;;jah
1964-06-25;2,59;59;;jah
1964-06-26;2,33;56;;jah
1964-06-27;2,53;61;;jah
1964-06-28;2,37;59;;jah
1964-06-29;2,42;61;;jah
1964-06-30;2,53;65;;jah
1964-07-01;2,11;57;;jah
1964-07-02;2,06;56;;jah
1964-07-03;1,85;52;;jah
1964-07-04;2,11;58;;jah
1964-07-05;2,11;58;;jah
1964-07-06;2,11;58;;jah
1964-07-07;2,24;61;;jah
1964-07-08;2,33;63;;jah
1964-07-09;2,24;61;;jah
1964-07-10;2,24;60;;jah
1964-07-11;2,15;58;;jah
1964-07-12;2,19;59;;jah
1964-07-13;2,24;60;;jah
1964-07-14;2,28;61;;jah
1964-07-15;2,33;62;;jah
1964-07-16;2,48;64;;jah
1964-07-17;2,42;63;;jah
1964-07-18;2,28;60;;jah
1964-07-19;2,19;58;;jah
1964-07-20;2,24;58;;jah
1964-07-21;2,24;58;;jah
1964-07-22;2,37;60;;jah
1964-07-23;2,48;62;;jah
1964-07-24;2,28;58;;jah
1964-07-25;2,37;59;;jah
1964-07-26;2,48;60;;jah
1964-07-27;2,48;60;;jah
1964-07-28;2,48;60;;jah
1964-07-29;2,42;58;;jah
1964-07-30;2,42;58;;jah
1964-07-31;2,48;58;;jah
1964-08-01;2,53;59;;jah
1964-08-02;2,64;60;;jah
1964-08-03;2,64;60;;jah
1964-08-04;2,7;60;;jah
1964-08-05;3,12;67;;jah
1964-08-06;3,32;69;;jah
1964-08-07;3,39;70;;jah
1964-08-08;2,86;62;;jah
1964-08-09;2,42;54;;jah
1964-08-10;2,75;60;;jah
1964-08-11;2,86;62;;jah
1964-08-12;2,92;63;;jah
1964-08-13;3,05;65;;jah
1964-08-14;2,99;64;;jah
1964-08-15;2,99;63;;jah
1964-08-16;2,81;60;;jah
1964-08-17;2,81;60;;jah
1964-08-18;2,75;59;;jah
1964-08-19;2,7;58;;jah
1964-08-20;2,81;60;;jah
1964-08-21;2,81;60;;jah
1964-08-22;2,92;62;;jah
1964-08-23;2,92;62;;jah
1964-08-24;2,81;60;;jah
1964-08-25;2,92;62;;jah
1964-08-26;2,81;60;;jah
1964-08-27;2,81;61;;jah
1964-08-28;2,64;58;;jah
1964-08-29;2,64;58;;jah
1964-08-30;2,59;57;;jah
1964-08-31;2,42;54;;jah
1964-09-01;2,53;57;;jah
1964-09-02;2,59;58;;jah
1964-09-03;2,7;60;;jah
1964-09-04;2,59;58;;jah
1964-09-05;2,7;60;;jah
1964-09-06;2,53;57;;jah
1964-09-07;2,53;57;;jah
1964-09-08;2,48;56;;jah
1964-09-09;2,59;58;;jah
1964-09-10;2,64;59;;jah
1964-09-11;2,59;58;;jah
1964-09-12;3,12;67;;jah
1964-09-13;2,86;63;;jah
1964-09-14;2,37;54;;jah
1964-09-15;2,48;56;;jah
1964-09-16;2,48;56;;jah
1964-09-17;2,59;58;;jah
1964-09-18;2,81;62;;jah
1964-09-19;2,92;64;;jah
1964-09-20;2,99;65;;jah
1964-09-21;2,75;61;;jah
1964-09-22;2,92;64;;jah
1964-09-23;2,99;65;;jah
1964-09-24;2,86;63;;jah
1964-09-25;2,86;63;;jah
1964-09-26;2,92;64;;jah
1964-09-27;2,75;61;;jah
1964-09-28;2,92;63;;jah
1964-09-29;2,75;60;;jah
1964-09-30;2,99;64;;jah
1964-10-01;3,05;65;;jah
1964-10-02;2,86;62;;jah
1964-10-03;2,86;62;;jah
1964-10-04;2,81;61;;jah
1964-10-05;2,81;61;;jah
1964-10-06;2,7;59;;jah
1964-10-07;2,42;54;;jah
1964-10-08;2,53;56;;jah
1964-10-09;2,75;60;;jah
1964-10-10;2,64;58;;jah
1964-10-11;2,81;60;;jah
1964-10-12;2,75;59;;jah
1964-10-13;2,7;58;;jah
1964-10-14;2,81;60;;jah
1964-10-15;2,81;60;;jah
1964-10-16;2,86;61;;jah
1964-10-17;2,81;60;;jah
1964-10-18;2,81;60;;jah
1964-10-19;2,81;60;;jah
1964-10-20;2,59;56;;jah
1964-10-21;2,86;61;;jah
1964-10-22;2,81;60;;jah
1964-10-23;2,99;63;;jah
1964-10-24;2,86;61;;jah
1964-10-25;2,81;60;;jah
1964-10-26;2,81;61;;jah
1964-10-27;2,53;56;;jah
1964-10-28;2,59;57;;jah
1964-10-29;2,64;58;;jah
1964-10-30;2,53;56;;jah
1964-10-31;2,48;55;;jah
1964-11-01;2,7;59;;jah
1964-11-02;2,7;59;;jah
1964-11-03;2,7;59;;jah
1964-11-04;2,59;57;;jah
1964-11-05;2,75;60;;jah
1964-11-06;2,75;60;;jah
1964-11-07;2,75;60;;jah
1964-11-08;2,81;61;;jah
1964-11-09;2,53;56;;jah
1964-11-10;2,53;56;;jah
1964-11-11;2,64;58;;jah
1964-11-12;2,81;61;;jah
1964-11-13;2,64;58;;jah
1964-11-14;2,48;55;;jah
1964-11-15;2,75;60;;jah
1964-11-16;2,92;63;;jah
1964-11-17;2,7;59;;jah
1964-11-18;2,86;62;;jah
1964-11-19;2,92;63;;jah
1964-11-20;2,99;64;;jah
1964-11-21;2,81;61;;jah
1964-11-22;3,12;66;;jah
1964-11-23;2,64;58;;jah
1964-11-24;2,7;59;;jah
1964-11-25;2,75;60;;jah
1964-11-26;2,86;62;;jah
1964-11-27;2,64;59;;jah
1964-11-28;2,64;59;;jah
1964-11-29;2,64;59;;jah
1964-11-30;2,64;58;;jah
1964-12-01;2,53;57;;jah
1964-12-02;2,59;58;;jah
1964-12-03;2,42;55;;jah
1964-12-04;2,48;56;;jah
1964-12-05;2,42;55;;jah
1964-12-06;2,59;58;;jah
1964-12-07;2,59;58;;jah
1964-12-08;2,53;57;;jah
1964-12-09;2,48;56;;jah
1964-12-10;2,59;58;;jah
1964-12-11;2,86;63;;jah
1964-12-12;3,12;67;;jah
1964-12-13;2,86;63;;jah
1964-12-14;2,75;61;;jah
1964-12-15;2,75;61;;jah
1964-12-16;2,86;63;;jah
1964-12-17;2,92;63;;jah
1964-12-18;2,86;62;;jah
1964-12-19;2,81;61;;jah
1964-12-20;2,81;61;;jah
1964-12-21;2,92;63;;jah
1964-12-22;2,53;56;;jah
1964-12-23;2,75;60;;jah
1964-12-24;2,7;59;;jah
1964-12-25;2,75;60;;jah
1964-12-26;2,86;61;;jah
1964-12-27;2,7;58;;jah
1964-12-28;2,75;59;;jah
1964-12-29;2,33;51;;jah
1964-12-30;2,59;56;;jah
1964-12-31;2,48;53;;jah
1965-01-01;2,59;54;;jah
1965-01-02;2,92;60;;jah
1965-01-03;2,81;58;;jah
1965-01-04;2,75;57;;jah
1965-01-05;2,75;57;;jah
1965-01-06;2,59;54;;jah
1965-01-07;2,37;50;;jah
1965-01-08;3,18;64;;jah
1965-01-09;2,28;48;;jah
1965-01-10;2,59;54;;jah
1965-01-11;2,7;56;;jah
1965-01-12;3,05;62;;jah
1965-01-13;2,86;59;;jah
1965-01-14;2,75;57;;jah
1965-01-15;2,7;56;;jah
1965-01-16;2,7;56;;jah
1965-01-17;2,92;60;;jah
1965-01-18;3,05;62;;jah
1965-01-19;2,75;57;;jah
1965-01-20;2,28;48;;jah
1965-01-21;2,75;57;;jah
1965-01-22;3,05;62;;jah
1965-01-23;3,12;63;;jah
1965-01-24;3,05;62;;jah
1965-01-25;2,99;61;;jah
1965-01-26;2,81;58;;jah
1965-01-27;2,7;57;;jah
1965-01-28;2,37;52;;jah
1965-01-29;2,7;58;;jah
1965-01-30;2,64;58;;jah
1965-01-31;2,53;56;;jah
1965-02-01;2,53;57;;jah
1965-02-02;2,59;58;;jah
1965-02-03;2,48;57;;jah
1965-02-04;2,53;58;;jah
1965-02-05;2,48;57;;jah
1965-02-06;2,37;56;;jah
1965-02-07;2,33;55;;jah
1965-02-08;2,33;55;;jah
1965-02-09;2,37;56;;jah
1965-02-10;2,28;54;;jah
1965-02-11;2,37;56;;jah
1965-02-12;2,33;55;;jah
1965-02-13;2,33;55;;jah
1965-02-14;2,33;55;;jah
1965-02-15;2,28;54;;jah
1965-02-16;2,28;53;;jah
1965-02-17;2,28;53;;jah
1965-02-18;2,24;52;;jah
1965-02-19;2,24;52;;jah
1965-02-20;2,28;52;;jah
1965-02-21;2,33;53;;jah
1965-02-22;2,28;52;;jah
1965-02-23;2,37;54;;jah
1965-02-24;2,28;52;;jah
1965-02-25;2,33;53;;jah
1965-02-26;2,28;52;;jah
1965-02-27;2,15;49;;jah
1965-02-28;2,19;50;;jah
1965-03-01;2,28;52;;jah
1965-03-02;2,33;53;;jah
1965-03-03;2,28;52;;jah
1965-03-04;2,28;52;;jah
1965-03-05;2,33;53;;jah
1965-03-06;2,59;58;;jah
1965-03-07;2,81;62;;jah
1965-03-08;3,05;66;;jah
1965-03-09;2,99;65;;jah
1965-03-10;2,99;65;;jah
1965-03-11;2,59;58;;jah
1965-03-12;2,48;56;;jah
1965-03-13;2,53;57;;jah
1965-03-14;2,59;58;;jah
1965-03-15;2,53;57;;jah
1965-03-16;2,53;56;;jah
1965-03-17;2,59;57;;jah
1965-03-18;2,48;55;;jah
1965-03-19;2,53;56;;jah
1965-03-20;2,7;58;;jah
1965-03-21;3,05;64;;jah
1965-03-22;3,32;67;;jah
1965-03-23;3,39;65;;jah
1965-03-24;3,68;65;;jah
1965-03-25;4;68;;jah
1965-03-26;4,1;69;;jah
1965-03-27;3,84;66;;jah
1965-03-28;3,46;60;;jah
1965-03-29;3,76;64;;jah
1965-03-30;4;67;;jah
1965-03-31;4,3;70;;jah
1965-04-01;5,12;78;;jah
1965-04-02;4,9;76;;jah
1965-04-03;4,5;72;;jah
1965-04-04;4,1;68;;jah
1965-04-05;4,1;67;;jah
1965-04-06;4,6;71;;jah
1965-04-07;6,46;86;;jah
1965-04-08;10,9;117;;jah
1965-04-09;11,6;128;;jah
1965-04-10;10,2;120;;jah
1965-04-11;8,15;97;;jah
1965-04-12;6,47;81;;jah
1965-04-13;7,3;95;;jah
1965-04-14;10,1;114;;jah
1965-04-15;12,3;129;;jah
1965-04-16;14,5;144;;jah
1965-04-17;15,4;150;;jah
1965-04-18;16,2;155;;jah
1965-04-19;17,1;161;;jah
1965-04-20;18,7;170;;jah
1965-04-21;18,6;169;;jah
1965-04-22;16,3;152;;jah
1965-04-23;14,1;137;;jah
1965-04-24;11,3;120;;jah
1965-04-25;10,3;113;;jah
1965-04-26;9,42;107;;jah
1965-04-27;8,7;102;;jah
1965-04-28;7,45;93;;jah
1965-04-29;6,6;87;;jah
1965-04-30;5,68;80;;jah
1965-05-01;5,4;78;;jah
1965-05-02;4,92;74;;jah
1965-05-03;4,5;70;;jah
1965-05-04;4,7;72;;jah
1965-05-05;4,5;70;;jah
1965-05-06;4,18;67;;jah
1965-05-07;4;65;;jah
1965-05-08;4,09;66;;jah
1965-05-09;4,09;66;;jah
1965-05-10;4,2;67;;jah
1965-05-11;4,2;68;;jah
1965-05-12;4,2;68;;jah
1965-05-13;3,92;66;;jah
1965-05-14;3,84;66;;jah
1965-05-15;3,76;65;;jah
1965-05-16;3,68;65;;jah
1965-05-17;3,39;62;;jah
1965-05-18;3,46;63;;jah
1965-05-19;3,32;62;;jah
1965-05-20;3,46;64;;jah
1965-05-21;3,32;63;;jah
1965-05-22;3,18;61;;jah
1965-05-23;3,18;62;;jah
1965-05-24;3,25;63;;jah
1965-05-25;3,18;62;;jah
1965-05-26;3,05;61;;jah
1965-05-27;3,12;62;;jah
1965-05-28;2,92;59;;jah
1965-05-29;2,99;60;;jah
1965-05-30;2,81;57;;jah
1965-05-31;2,75;57;;jah
1965-06-01;2,7;56;;jah
1965-06-02;2,81;58;;jah
1965-06-03;2,92;60;;jah
1965-06-04;2,81;58;;jah
1965-06-05;2,75;57;;jah
1965-06-06;2,81;58;;jah
1965-06-07;2,86;60;;jah
1965-06-08;2,7;57;;jah
1965-06-09;2,7;57;;jah
1965-06-10;2,7;57;;jah
1965-06-11;2,75;58;;jah
1965-06-12;2,7;57;;jah
1965-06-13;2,64;56;;jah
1965-06-14;2,64;57;;jah
1965-06-15;2,53;55;;jah
1965-06-16;2,53;55;;jah
1965-06-17;2,59;56;;jah
1965-06-18;2,64;57;;jah
1965-06-19;2,59;56;;jah
1965-06-20;2,64;57;;jah
1965-06-21;2,81;61;;jah
1965-06-22;2,7;59;;jah
1965-06-23;2,64;58;;jah
1965-06-24;2,75;60;;jah
1965-06-25;2,99;64;;jah
1965-06-26;2,99;64;;jah
1965-06-27;2,59;57;;jah
1965-06-28;2,7;60;;jah
1965-06-29;2,53;57;;jah
1965-06-30;2,48;56;;jah
1965-07-01;2,48;56;;jah
1965-07-02;2,7;60;;jah
1965-07-03;2,59;58;;jah
1965-07-04;2,59;58;;jah
1965-07-05;2,53;57;;jah
1965-07-06;2,64;59;;jah
1965-07-07;2,86;63;;jah
1965-07-08;2,75;61;;jah
1965-07-09;2,7;60;;jah
1965-07-10;2,64;59;;jah
1965-07-11;2,7;60;;jah
1965-07-12;2,53;57;;jah
1965-07-13;2,59;58;;jah
1965-07-14;2,48;56;;jah
1965-07-15;2,59;58;;jah
1965-07-16;2,59;58;;jah
1965-07-17;2,64;59;;jah
1965-07-18;2,53;57;;jah
1965-07-19;2,37;54;;jah
1965-07-20;2,37;54;;jah
1965-07-21;2,42;55;;jah
1965-07-22;2,48;56;;jah
1965-07-23;2,53;57;;jah
1965-07-24;2,53;57;;jah
1965-07-25;2,53;57;;jah
1965-07-26;2,59;58;;jah
1965-07-27;2,53;57;;jah
1965-07-28;2,75;61;;jah
1965-07-29;2,64;59;;jah
1965-07-30;2,59;58;;jah
1965-07-31;2,64;59;;jah
1965-08-01;2,7;61;;jah
1965-08-02;2,75;62;;jah
1965-08-03;2,64;60;;jah
1965-08-04;2,86;64;;jah
1965-08-05;2,75;62;;jah
1965-08-06;2,7;61;;jah
1965-08-07;2,7;61;;jah
1965-08-08;2,64;60;;jah
1965-08-09;2,64;60;;jah
1965-08-10;2,75;62;;jah
1965-08-11;2,59;59;;jah
1965-08-12;2,7;61;;jah
1965-08-13;2,7;61;;jah
1965-08-14;2,7;61;;jah
1965-08-15;2,64;60;;jah
1965-08-16;2,48;57;;jah
1965-08-17;2,59;59;;jah
1965-08-18;2,75;62;;jah
1965-08-19;2,75;62;;jah
1965-08-20;2,75;62;;jah
1965-08-21;2,64;60;;jah
1965-08-22;2,64;60;;jah
1965-08-23;2,81;63;;jah
1965-08-24;2,64;60;;jah
1965-08-25;2,37;55;;jah
1965-08-26;2,53;58;;jah
1965-08-27;2,7;61;;jah
1965-08-28;2,7;60;;jah
1965-08-29;2,7;60;;jah
1965-08-30;2,7;60;;jah
1965-08-31;2,64;59;;jah
1965-09-01;2,81;61;;jah
1965-09-02;2,86;62;;jah
1965-09-03;2,92;63;;jah
1965-09-04;2,86;62;;jah
1965-09-05;2,86;61;;jah
1965-09-06;2,92;62;;jah
1965-09-07;2,81;60;;jah
1965-09-08;2,92;62;;jah
1965-09-09;2,99;63;;jah
1965-09-10;2,81;60;;jah
1965-09-11;2,64;57;;jah
1965-09-12;2,7;57;;jah
1965-09-13;2,59;55;;jah
1965-09-14;2,64;56;;jah
1965-09-15;2,64;56;;jah
1965-09-16;2,86;60;;jah
1965-09-17;2,92;61;;jah
1965-09-18;2,86;60;;jah
1965-09-19;2,81;59;;jah
1965-09-20;2,86;60;;jah
1965-09-21;2,59;55;;jah
1965-09-22;2,42;52;;jah
1965-09-23;2,48;52;;jah
1965-09-24;2,81;58;;jah
1965-09-25;2,92;60;;jah
1965-09-26;2,81;58;;jah
1965-09-27;2,86;59;;jah
1965-09-28;2,81;58;;jah
1965-09-29;2,75;57;;jah
1965-09-30;2,7;56;;jah
1965-10-01;2,92;60;;jah
1965-10-02;2,75;57;;jah
1965-10-03;2,64;56;;jah
1965-10-04;2,64;56;;jah
1965-10-05;2,64;56;;jah
1965-10-06;2,81;59;;jah
1965-10-07;2,81;60;;jah
1965-10-08;2,86;61;;jah
1965-10-09;2,92;63;;jah
1965-10-10;2,86;62;;jah
1965-10-11;2,75;60;;jah
1965-10-12;2,75;61;;jah
1965-10-13;2,81;62;;jah
1965-10-14;2,7;60;;jah
1965-10-15;2,64;60;;jah
1965-10-16;2,7;61;;jah
1965-10-17;2,7;61;;jah
1965-10-18;2,59;59;;jah
1965-10-19;2,64;61;;jah
1965-10-20;2,7;62;;jah
1965-10-21;2,64;61;;jah
1965-10-22;2,59;60;;jah
1965-10-23;2,48;59;;jah
1965-10-24;2,42;58;;jah
1965-10-25;2,42;58;;jah
1965-10-26;2,48;59;;jah
1965-10-27;2,33;56;;jah
1965-10-28;2,37;57;;jah
1965-10-29;2,64;62;;jah
1965-10-30;2,53;60;;jah
1965-10-31;2,59;60;;jah
1965-11-01;2,59;60;;jah
1965-11-02;2,48;58;;jah
1965-11-03;2,59;59;;jah
1965-11-04;2,64;60;;jah
1965-11-05;2,75;62;;jah
1965-11-06;2,7;60;;jah
1965-11-07;2,7;60;;jah
1965-11-08;2,7;60;;jah
1965-11-09;2,75;60;;jah
1965-11-10;2,75;60;;jah
1965-11-11;2,53;56;;jah
1965-11-12;2,42;54;;jah
1965-11-13;2,33;53;;jah
1965-11-14;1,97;46;;jah
1965-11-15;2,19;53;;jah
1965-11-16;2,15;52;;jah
1965-11-17;2,11;51;;jah
1965-11-18;2,19;53;;jah
1965-11-19;2,24;54;;jah
1965-11-20;2,15;52;;jah
1965-11-21;2,33;55;;jah
1965-11-22;2,24;53;;jah
1965-11-23;2,33;54;;jah
1965-11-24;2,53;58;;jah
1965-11-25;2,53;58;;jah
1965-11-26;2,53;63;;jah
1965-11-27;2,53;66;;jah
1965-11-28;2,59;65;;jah
1965-11-29;2,59;58;;jah
1965-11-30;2,28;51;;jah
1965-12-01;2,28;50;;jah
1965-12-02;2,28;50;;jah
1965-12-03;2,42;52;;jah
1965-12-04;2,53;54;;jah
1965-12-05;2,75;58;;jah
1965-12-06;2,99;61;;jah
1965-12-07;2,7;56;;jah
1965-12-08;2,75;56;;jah
1965-12-09;2,99;60;;jah
1965-12-10;3,18;63;;jah
1965-12-11;2,92;58;;jah
1965-12-12;2,75;55;;jah
1965-12-13;2,81;56;;jah
1965-12-14;2,75;56;;jah
1965-12-15;2,59;54;;jah
1965-12-16;2,53;54;;jah
1965-12-17;2,64;56;;jah
1965-12-18;2,64;56;;jah
1965-12-19;2,7;57;;jah
1965-12-20;2,75;58;;jah
1965-12-21;2,99;62;;jah
1965-12-22;2,92;60;;jah
1965-12-23;2,99;61;;jah
1965-12-24;2,75;57;;jah
1965-12-25;2,7;56;;jah
1965-12-26;2,92;59;;jah
1965-12-27;2,81;57;;jah
1965-12-28;2,81;57;;jah
1965-12-29;2,86;58;;jah
1965-12-30;2,92;59;;jah
1965-12-31;2,86;58;;jah
1966-01-01;2,86;58;;jah
1966-01-02;2,81;57;;jah
1966-01-03;2,81;57;;jah
1966-01-04;2,86;58;;jah
1966-01-05;2,81;57;;jah
1966-01-06;2,11;43;;jah
1966-01-07;2,15;44;;jah
1966-01-08;2,15;44;;jah
1966-01-09;2,42;50;;jah
1966-01-10;2,42;50;;jah
1966-01-11;2,75;56;;jah
1966-01-12;2,7;55;;jah
1966-01-13;2,42;50;;jah
1966-01-14;2,53;52;;jah
1966-01-15;2,53;52;;jah
1966-01-16;2,37;49;;jah
1966-01-17;2,59;54;;jah
1966-01-18;2,59;54;;jah
1966-01-19;2,37;50;;jah
1966-01-20;2,37;50;;jah
1966-01-21;2,11;44;;jah
1966-01-22;2,11;44;;jah
1966-01-23;2,06;43;;jah
1966-01-24;1,97;41;;jah
1966-01-25;2,19;46;;jah
1966-01-26;2,7;56;;jah
1966-01-27;2,75;57;;jah
1966-01-28;2,75;57;;jah
1966-01-29;2,75;57;;jah
1966-01-30;2,42;51;;jah
1966-01-31;2,48;52;;jah
1966-02-01;2,64;55;;jah
1966-02-02;2,42;51;;jah
1966-02-03;2,37;50;;jah
1966-02-04;2,48;52;;jah
1966-02-05;2,86;59;;jah
1966-02-06;2,92;60;;jah
1966-02-07;2,75;57;;jah
1966-02-08;2,64;55;;jah
1966-02-09;2,99;61;;jah
1966-02-10;3,12;63;;jah
1966-02-11;2,75;57;;jah
1966-02-12;2,37;50;;jah
1966-02-13;2,42;51;;jah
1966-02-14;2,59;54;;jah
1966-02-15;2,7;56;;jah
1966-02-16;2,7;56;;jah
1966-02-17;2,7;56;;jah
1966-02-18;2,33;49;;jah
1966-02-19;2,33;48;;jah
1966-02-20;2,7;54;;jah
1966-02-21;2,7;53;;jah
1966-02-22;2,86;55;;jah
1966-02-23;2,86;54;;jah
1966-02-24;2,92;54;;jah
1966-02-25;3,18;57;;jah
1966-02-26;2,7;49;;jah
1966-02-27;2,75;49;;jah
1966-02-28;2,7;48;;jah
1966-03-01;2,99;52;;jah
1966-03-02;3,46;59;;jah
1966-03-03;3,46;58;;jah
1966-03-04;3,53;59;;jah
1966-03-05;3,68;61;;jah
1966-03-06;3,68;61;;jah
1966-03-07;4;65;;jah
1966-03-08;4,3;67;;jah
1966-03-09;4,4;68;;jah
1966-03-10;6,85;89;;jah
1966-03-11;8,02;98;;jah
1966-03-12;7,5;94;;jah
1966-03-13;6,33;85;;jah
1966-03-14;5,36;77;;jah
1966-03-15;4;63;;jah
1966-03-16;3,76;60;;jah
1966-03-17;4;63;;jah
1966-03-18;3,92;62;;jah
1966-03-19;3,92;62;;jah
1966-03-20;3,76;60;;jah
1966-03-21;3,46;56;;jah
1966-03-22;3,32;54;;jah
1966-03-23;3,32;54;;jah
1966-03-24;3,46;56;;jah
1966-03-25;3,32;54;;jah
1966-03-26;3,76;60;;jah
1966-03-27;4,1;64;;jah
1966-03-28;3,92;62;;jah
1966-03-29;4,1;64;;jah
1966-03-30;4,5;69;;jah
1966-03-31;6,98;90;;jah
1966-04-01;9,06;106;;jah
1966-04-02;9,84;112;;jah
1966-04-03;13,8;140;;jah
1966-04-04;22,3;194;;jah
1966-04-05;30,7;234;;jah
1966-04-06;27,6;215;;jah
1966-04-07;31,3;234;;jah
1966-04-08;31,4;240;;jah
1966-04-09;22,5;196;;jah
1966-04-10;16,5;157;;jah
1966-04-11;14,3;142;;jah
1966-04-12;13,2;134;;jah
1966-04-13;10,9;118;;jah
1966-04-14;9,23;106;;jah
1966-04-15;8,3;99;;jah
1966-04-16;7,28;92;;jah
1966-04-17;6,6;87;;jah
1966-04-18;6,47;86;;jah
1966-04-19;7,28;92;;jah
1966-04-20;9,23;106;;jah
1966-04-21;11,1;119;;jah
1966-04-22;13,3;135;;jah
1966-04-23;30,8;233;;jah
1966-04-24;30,5;231;;jah
1966-04-25;29,5;225;;jah
1966-04-26;26,2;206;;jah
1966-04-27;25,2;200;;jah
1966-04-28;21,7;180;;jah
1966-04-29;19,6;168;;jah
1966-04-30;18,6;162;;jah
1966-05-01;15;139;;jah
1966-05-02;12,8;124;;jah
1966-05-03;11,7;117;;jah
1966-05-04;10,5;109;;jah
1966-05-05;9,45;102;;jah
1966-05-06;9,05;99;;jah
1966-05-07;10;106;;jah
1966-05-08;10,6;110;;jah
1966-05-09;9,9;105;;jah
1966-05-10;8,25;94;;jah
1966-05-11;7,63;89;;jah
1966-05-12;7,63;89;;jah
1966-05-13;7,37;88;;jah
1966-05-14;6,59;82;;jah
1966-05-15;5,6;75;;jah
1966-05-16;5,72;76;;jah
1966-05-17;5,84;78;;jah
1966-05-18;5,6;76;;jah
1966-05-19;7,89;94;;jah
1966-05-20;7,37;91;;jah
1966-05-21;4,6;69;;jah
1966-05-22;4,5;68;;jah
1966-05-23;4,2;66;;jah
1966-05-24;4,3;67;;jah
1966-05-25;4,3;68;;jah
1966-05-26;4,1;67;;jah
1966-05-27;4;66;;jah
1966-05-28;4,1;68;;jah
1966-05-29;4,3;71;;jah
1966-05-30;4,2;73;;jah
1966-05-31;5,36;94;;jah
1966-06-01;6,72;107;;jah
1966-06-02;5,36;92;;jah
1966-06-03;5,24;89;;jah
1966-06-04;5,12;86;;jah
1966-06-05;4,6;79;;jah
1966-06-06;4,2;74;;jah
1966-06-07;3,25;61;;jah
1966-06-08;3,18;59;;jah
1966-06-09;3,25;60;;jah
1966-06-10;3,32;61;;jah
1966-06-11;3,18;59;;jah
1966-06-12;3,12;58;;jah
1966-06-13;3,12;58;;jah
1966-06-14;3,12;58;;jah
1966-06-15;3,05;57;;jah
1966-06-16;3,12;58;;jah
1966-06-17;2,99;56;;jah
1966-06-18;3,12;58;;jah
1966-06-19;3,32;61;;jah
1966-06-20;3,32;61;;jah
1966-06-21;3,32;61;;jah
1966-06-22;3,25;60;;jah
1966-06-23;3,18;59;;jah
1966-06-24;3,12;59;;jah
1966-06-25;3,05;58;;jah
1966-06-26;2,99;57;;jah
1966-06-27;2,99;58;;jah
1966-06-28;3,53;66;;jah
1966-06-29;3,18;62;;jah
1966-06-30;2,92;58;;jah
1966-07-01;2,99;60;;jah
1966-07-02;3,32;66;;jah
1966-07-03;3,25;65;;jah
1966-07-04;2,99;62;;jah
1966-07-05;2,92;61;;jah
1966-07-06;2,86;61;;jah
1966-07-07;2,92;62;;jah
1966-07-08;2,81;61;;jah
1966-07-09;2,99;64;;jah
1966-07-10;3,18;68;;jah
1966-07-11;3,18;68;;jah
1966-07-12;2,99;66;;jah
1966-07-13;2,99;66;;jah
1966-07-14;2,86;64;;jah
1966-07-15;2,81;64;;jah
1966-07-16;2,81;64;;jah
1966-07-17;2,81;64;;jah
1966-07-18;2,74;63;;jah
1966-07-19;2,64;62;;jah
1966-07-20;2,48;60;;jah
1966-07-21;2,37;59;;jah
1966-07-22;2,37;60;;jah
1966-07-23;2,37;60;;jah
1966-07-24;2,33;60;;jah
1966-07-25;2,33;61;;jah
1966-07-26;2,19;59;;jah
1966-07-27;2,37;63;;jah
1966-07-28;2,37;64;;jah
1966-07-29;2,33;63;;jah
1966-07-30;2,28;62;;jah
1966-07-31;2,28;62;;jah
1966-08-01;2,33;63;;jah
1966-08-02;2,33;63;;jah
1966-08-03;2,33;62;;jah
1966-08-04;2,28;61;;jah
1966-08-05;2,37;62;;jah
1966-08-06;2,33;60;;jah
1966-08-07;2,48;63;;jah
1966-08-08;2,92;70;;jah
1966-08-09;2,99;70;;jah
1966-08-10;2,99;69;;jah
1966-08-11;3,12;70;;jah
1966-08-12;3,18;70;;jah
1966-08-13;3,18;69;;jah
1966-08-14;3,05;66;;jah
1966-08-15;3,12;66;;jah
1966-08-16;2,99;63;;jah
1966-08-17;2,99;62;;jah
1966-08-18;3,12;63;;jah
1966-08-19;3,12;62;;jah
1966-08-20;3,05;61;;jah
1966-08-21;3,12;62;;jah
1966-08-22;2,99;60;;jah
1966-08-23;3,32;66;;jah
1966-08-24;5;86;;jah
1966-08-25;5,24;91;;jah
1966-08-26;5,6;94;;jah
1966-08-27;5,48;93;;jah
1966-08-28;4,9;84;;jah
1966-08-29;4;72;;jah
1966-08-30;3,25;61;;jah
1966-08-31;3,53;64;;jah
1966-09-01;3,92;69;;jah
1966-09-02;3,76;67;;jah
1966-09-03;3,6;65;;jah
1966-09-04;3,39;62;;jah
1966-09-05;3,46;63;;jah
1966-09-06;3,84;68;;jah
1966-09-07;3,92;69;;jah
1966-09-08;3,68;66;;jah
1966-09-09;3,68;66;;jah
1966-09-10;3,92;69;;jah
1966-09-11;4,1;71;;jah
1966-09-12;3,84;68;;jah
1966-09-13;3,68;66;;jah
1966-09-14;4;70;;jah
1966-09-15;4,3;73;;jah
1966-09-16;4,3;73;;jah
1966-09-17;4,2;73;;jah
1966-09-18;4;73;;jah
1966-09-19;5;88;;jah
1966-09-20;5,12;90;;jah
1966-09-21;5,12;85;;jah
1966-09-22;4,8;80;;jah
1966-09-23;4,8;79;;jah
1966-09-24;5,12;82;;jah
1966-09-25;4,9;79;;jah
1966-09-26;4,9;79;;jah
1966-09-27;4,9;79;;jah
1966-09-28;5,12;81;;jah
1966-09-29;5,12;81;;jah
1966-09-30;5;80;;jah
1966-10-01;4,7;77;;jah
1966-10-02;4,3;73;;jah
1966-10-03;3,84;68;;jah
1966-10-04;4,9;79;;jah
1966-10-05;4,5;75;;jah
1966-10-06;4;71;;jah
1966-10-07;3,92;70;;jah
1966-10-08;3,68;68;;jah
1966-10-09;3,6;67;;jah
1966-10-10;3,39;65;;jah
1966-10-11;3,18;62;;jah
1966-10-12;3,32;64;;jah
1966-10-13;3,68;69;;jah
1966-10-14;3,6;68;;jah
1966-10-15;3,53;66;;jah
1966-10-16;3,46;65;;jah
1966-10-17;3,46;64;;jah
1966-10-18;3,53;65;;jah
1966-10-19;3,32;62;;jah
1966-10-20;3,32;62;;jah
1966-10-21;3,32;62;;jah
1966-10-22;3,05;59;;jah
1966-10-23;3,46;65;;jah
1966-10-24;3,53;67;;jah
1966-10-25;4,1;74;;jah
1966-10-26;4,6;80;;jah
1966-10-27;4,8;83;;jah
1966-10-28;5;86;;jah
1966-10-29;4,4;78;;jah
1966-10-30;3,84;71;;jah
1966-10-31;3,18;61;;jah
1966-11-01;3,05;58;;jah
1966-11-02;3,12;58;;jah
1966-11-03;3,18;59;;jah
1966-11-04;3,32;60;;jah
1966-11-05;3,39;61;;jah
1966-11-06;3,68;64;;jah
1966-11-07;3,6;63;;jah
1966-11-08;3,68;64;;jah
1966-11-09;3,68;64;;jah
1966-11-10;3,46;61;;jah
1966-11-11;3,53;63;;jah
1966-11-12;3,25;60;;jah
1966-11-13;3,18;61;;jah
1966-11-14;3,25;62;;jah
1966-11-15;3,25;62;;jah
1966-11-16;2,92;57;;jah
1966-11-17;2,86;56;;jah
1966-11-18;3,05;59;;jah
1966-11-19;3,05;59;;jah
1966-11-20;3,12;60;;jah
1966-11-21;3,18;61;;jah
1966-11-22;3,6;66;;jah
1966-11-23;4,4;74;;jah
1966-11-24;4,7;76;;jah
1966-11-25;4,5;74;;jah
1966-11-26;4,7;76;;jah
1966-11-27;5,36;82;;jah
1966-11-28;5,6;84;;jah
1966-11-29;5,36;82;;jah
1966-11-30;4,9;78;;jah
1966-12-01;3,84;67;;jah
1966-12-02;3,6;64;;jah
1966-12-03;3,76;66;;jah
1966-12-04;4,1;70;;jah
1966-12-05;3,76;66;;jah
1966-12-06;2,99;56;;jah
1966-12-07;2,64;52;;jah
1966-12-08;2,37;51;;jah
1966-12-09;2,48;56;;jah
1966-12-10;2,24;53;;jah
1966-12-11;2,24;53;;jah
1966-12-12;2,24;53;;jah
1966-12-13;2,24;53;;jah
1966-12-14;2,24;53;;jah
1966-12-15;2,28;54;;jah
1966-12-16;2,28;54;;jah
1966-12-17;2,24;53;;jah
1966-12-18;2,24;53;;jah
1966-12-19;2,28;54;;jah
1966-12-20;2,24;53;;jah
1966-12-21;2,33;55;;jah
1966-12-22;2,33;55;;jah
1966-12-23;2,28;54;;jah
1966-12-24;2,33;54;;jah
1966-12-25;2,28;55;;jah
1966-12-26;2,33;53;;jah
1966-12-27;2,48;54;;jah
1966-12-28;2,53;54;;jah
1966-12-29;2,64;55;;jah
1966-12-30;2,64;54;;jah
1966-12-31;2,7;54;;jah
2006-10-10;;64;9,5;jah
2006-10-11;;64;9,1;jah
2006-10-12;;63;8,9;jah
2006-10-13;;62;8,1;jah
2006-10-14;;62;7,7;jah
2006-10-15;;66;7,7;jah
2006-10-16;;69;7,3;jah
2006-10-17;;66;6,8;jah
2006-10-18;;68;6,9;jah
2006-10-19;;73;7,3;jah
2006-10-20;;70;7,2;jah
2006-10-21;;69;6,9;jah
2006-10-22;;70;7;jah
2006-10-23;;73;7,9;jah
2006-10-24;;72;8,9;jah
2006-10-25;;71;9,6;jah
2006-10-26;;69;8,7;jah
2006-10-27;;69;8,1;jah
2006-10-28;;72;7,5;jah
2006-10-29;;72;5,9;jah
2006-10-30;;68;4,3;jah
2006-10-31;;68;3,8;jah
2006-11-01;;70;4,3;jah
2006-11-02;;72;4,7;jah
2006-11-03;;72;4,1;jah
2006-11-04;;70;2,3;jah
2006-11-05;;64;1,5;jah
2006-11-06;;63;0,8;jah
2006-11-07;;62;1,1;jah
2006-11-08;;67;2;jah
2006-11-09;;78;2,5;jah
2006-11-10;;86;2,6;jah
2006-11-11;;83;2,3;jah
2006-11-12;;77;2,1;jah
2006-11-13;;73;2,5;jah
2006-11-14;;71;3,2;jah
2006-11-15;;73;3,5;jah
2006-11-16;;81;3,7;jah
2006-11-17;;88;3,8;jah
2006-11-18;;86;3,7;jah
2006-11-19;;81;3,9;jah
2006-11-20;;78;4,3;jah
2006-11-21;;78;4,7;jah
2006-11-22;;79;5;jah
2006-11-23;;77;4,8;jah
2006-11-24;;75;4,9;jah
2006-11-25;;73;5,3;jah
2006-11-26;;73;5,7;jah
2006-11-27;;71;5,9;jah
2006-11-28;;69;5,7;jah
2006-11-29;;67;5,8;jah
2006-11-30;;65;5,9;jah
2006-12-01;;64;6,1;jah
2006-12-02;;64;6,1;jah
2006-12-03;;63;5,9;jah
2006-12-04;;62;5,6;jah
2006-12-05;;61;5,5;jah
2006-12-06;;61;6;jah
2006-12-07;;62;6,4;jah
2006-12-08;;61;6;jah
2006-12-09;;61;6;jah
2006-12-10;;60;6,2;jah
2006-12-11;;59;6;jah
2006-12-12;;58;4,7;jah
2006-12-13;;58;4,2;jah
2006-12-14;;58;4,3;jah
2006-12-15;;59;5,1;jah
2006-12-16;;63;5,4;jah
2006-12-17;;74;5,1;jah
2006-12-18;;83;4;jah
2006-12-19;;84;2,9;jah
2006-12-20;;76;1,6;jah
2006-12-21;;70;1,7;jah
2006-12-22;;70;2,7;jah
2006-12-23;;69;2,7;jah
2006-12-24;;68;;jah
2006-12-25;;66;;jah
2006-12-26;;65;;jah
2006-12-27;;64;;jah
2006-12-28;;62;;jah
2006-12-29;;61;;jah
2006-12-30;;58;1,3;jah
2006-12-31;;59;1,8;jah
2007-01-01;5,33;63;2,4;jah
2007-01-02;5,87;69;2,9;jah
2007-01-03;6,95;81;3,1;jah
2007-01-04;7,86;89;2,5;jah
2007-01-05;7,88;89;2,5;jah
2007-01-06;7,67;86;2,9;jah
2007-01-07;7,98;89;3,1;jah
2007-01-08;8,19;91;3,2;jah
2007-01-09;8,05;89;3,4;jah
2007-01-10;7,81;86;3,9;jah
2007-01-11;8,01;88;4,5;jah
2007-01-12;8,83;97;4,1;jah
2007-01-13;9,64;104;3,4;jah
2007-01-14;10;107;2,9;jah
2007-01-15;10,3;109;2,7;jah
2007-01-16;10,7;113;2,7;jah
2007-01-17;11,2;117;3;jah
2007-01-18;11,3;117;2,9;jah
2007-01-19;11,5;118;2,8;jah
2007-01-20;11,4;116;2,4;jah
2007-01-21;10,8;111;1,9;jah
2007-01-22;10,4;107;1,5;jah
2007-01-23;9,84;94;0,8;jah
2007-01-24;9,21;94;0,7;jah
2007-01-25;8,61;103;0,8;jah
2007-01-26;8,04;88;0,6;jah
2007-01-27;7,62;81;0,5;jah
2007-01-28;7,17;77;0,5;jah
2007-01-29;6,87;74;0,5;jah
2007-01-30;6,59;71;0,5;jah
2007-01-31;6,31;68;0,5;jah
2007-02-01;6,13;67;0,5;jah
2007-02-02;6,02;66;0,5;jah
2007-02-03;6,09;67;0,5;jah
2007-02-04;6,05;66;0,5;jah
2007-02-05;5,85;64;0,5;jah
2007-02-06;5,66;62;0,4;jah
2007-02-07;4,53;51;0,3;jah
2007-02-08;4,57;52;0,3;jah
2007-02-09;5,08;57;0,3;jah
2007-02-10;5,36;60;0,3;jah
2007-02-11;5,21;59;0,3;jah
2007-02-12;5,14;58;0,3;jah
2007-02-13;5,16;58;0,3;jah
2007-02-14;5,21;59;0,3;jah
2007-02-15;5,22;59;0,3;jah
2007-02-16;5,16;59;0,3;jah
2007-02-17;5,08;58;0,3;jah
2007-02-18;5,14;59;0,2;jah
2007-02-19;5,25;60;0,2;jah
2007-02-20;5;57;0,2;jah
2007-02-21;4,75;55;0,2;jah
2007-02-22;4,59;53;0,2;jah
2007-02-23;4,76;55;0,2;jah
2007-02-24;4,77;55;0,1;jah
2007-02-25;4,81;56;0,1;jah
2007-02-26;4,91;57;0,1;jah
2007-02-27;5,07;58;0,1;jah
2007-02-28;5,22;60;0,1;jah
2007-03-01;5,27;60;0,1;jah
2007-03-02;5,18;59;0,1;jah
2007-03-03;4,87;55;0,1;jah
2007-03-04;4,64;53;0,2;jah
2007-03-05;4,43;50;0,4;jah
2007-03-06;4,23;48;1,4;jah
2007-03-07;4,24;48;2,1;jah
2007-03-08;4,38;50;2,4;jah
2007-03-09;5,04;58;2,7;jah
2007-03-10;7,86;88;2;jah
2007-03-11;10;107;1,5;jah
2007-03-12;9,8;103;1,4;jah
2007-03-13;9,43;101;2,2;jah
2007-03-14;9,84;105;2,2;jah
2007-03-15;9,98;105;1,8;jah
2007-03-16;9,81;104;2,1;jah
2007-03-17;9,59;102;2,1;jah
2007-03-18;9,79;104;2,2;jah
2007-03-19;10,9;114;2,5;jah
2007-03-20;11,6;119;2,4;jah
2007-03-21;11,7;119;2,7;jah
2007-03-22;11,1;114;3,6;jah
2007-03-23;10,3;106;4,2;jah
2007-03-24;9,62;100;4,4;jah
2007-03-25;8,97;93;4,3;jah
2007-03-26;8,16;85;4,3;jah
2007-03-27;7,67;80;4,5;jah
2007-03-28;7,22;76;4,7;jah
2007-03-29;6,88;72;5;jah
2007-03-30;6,59;69;5,4;jah
2007-03-31;6,35;67;5,4;jah
2007-04-01;6,04;64;5,1;jah
2007-04-02;5,77;61;5;jah
2007-04-03;5,68;60;5;jah
2007-04-04;5,62;60;4,6;jah
2007-04-05;5,39;58;4,1;jah
2007-04-06;5,35;58;3,7;jah
2007-04-07;5,43;59;3,7;jah
2007-04-08;5,35;58;3,7;jah
2007-04-09;5,21;57;3,5;jah
2007-04-10;5;55;3,6;jah
2007-04-11;4,83;53;4;jah
2007-04-12;4,79;53;4,4;jah
2007-04-13;4,69;52;5;jah
2007-04-14;4,61;51;6,4;jah
2007-04-15;4,5;50;6,8;jah
2007-04-16;4,44;50;7,6;jah
2007-04-17;4,37;49;8,5;jah
2007-04-18;4,33;49;9,7;jah
2007-04-19;4,25;48;9;jah
2007-04-20;4,25;49;8,1;jah
2007-04-21;4,64;53;7,1;jah
2007-04-22;5,11;58;6,7;jah
2007-04-23;5,1;58;6,5;jah
2007-04-24;5,16;58;6,4;jah
2007-04-25;5,36;60;6,7;jah
2007-04-26;5,34;59;8,1;jah
2007-04-27;5,21;58;9,4;jah
2007-04-28;5,38;59;9;jah
2007-04-29;5,21;57;7,9;jah
2007-04-30;5,1;55;6,5;jah
2007-05-01;5,34;58;5,6;jah
2007-05-02;5,62;61;5,3;jah
2007-05-03;6,04;65;5,5;jah
2007-05-04;6,69;72;5,9;jah
2007-05-05;7,63;81;6,1;jah
2007-05-06;7,48;78;6,9;jah
2007-05-07;6,92;73;7,7;jah
2007-05-08;6,85;73;8;jah
2007-05-09;8,46;90;8,2;jah
2007-05-10;9,41;97;8,9;jah
2007-05-11;8,65;90;9,2;jah
2007-05-12;7,86;83;8,8;jah
2007-05-13;7,1;76;8,9;jah
2007-05-14;6,42;69;9,7;jah
2007-05-15;6,05;66;11;jah
2007-05-16;5,98;66;11,1;jah
2007-05-17;5,83;65;11,2;jah
2007-05-18;5,4;61;11,6;jah
2007-05-19;5,12;58;11,9;jah
2007-05-20;4,85;56;12,5;jah
2007-05-21;4,68;54;13,7;jah
2007-05-22;4,52;53;14,5;jah
2007-05-23;4,4;52;15,5;jah
2007-05-24;4,24;50;15,1;jah
2007-05-25;4,09;48;14,7;jah
2007-05-26;4,07;49;14,8;jah
2007-05-27;4,51;54;15,5;jah
2007-05-28;5,53;65;16,4;jah
2007-05-29;5,63;65;17,5;jah
2007-05-30;5,27;63;18,3;jah
2007-05-31;5,69;69;18,2;jah
2007-06-01;5,91;72;16,8;jah
2007-06-02;5,71;71;15,1;jah
2007-06-03;5,59;71;14,7;jah
2007-06-04;5;64;14,8;jah
2007-06-05;4,52;60;15,3;jah
2007-06-06;4,19;57;15,9;jah
2007-06-07;3,99;56;16,4;jah
2007-06-08;3,76;54;16,4;jah
2007-06-09;3,58;52;16,6;jah
2007-06-10;3,49;52;16,7;jah
2007-06-11;3,42;52;17;jah
2007-06-12;3,35;52;16,7;jah
2007-06-13;3,27;51;17;jah
2007-06-14;3,2;51;17,2;jah
2007-06-15;3,18;51;17;jah
2007-06-16;3,18;52;15,7;jah
2007-06-17;3,22;54;14,6;jah
2007-06-18;3,36;57;13,9;jah
2007-06-19;3,42;58;14,5;jah
2007-06-20;3,43;59;15;jah
2007-06-21;3,3;57;14,6;jah
2007-06-22;3,25;57;14,6;jah
2007-06-23;3,16;57;14,7;jah
2007-06-24;3,09;56;14,5;jah
2007-06-25;3,13;58;14,8;jah
2007-06-26;3,16;59;15,1;jah
2007-06-27;3,43;65;15,3;jah
2007-06-28;3,65;69;14,5;jah
2007-06-29;3,46;66;13,9;jah
2007-06-30;3,46;67;13,4;jah
2007-07-01;3,41;66;14,3;jah
2007-07-02;3,26;64;14,9;jah
2007-07-03;3,16;63;15,2;jah
2007-07-04;3,08;62;15,2;jah
2007-07-05;3,04;62;15,4;jah
2007-07-06;3,05;63;15,5;jah
2007-07-07;3,2;67;14,6;jah
2007-07-08;3,46;72;14,3;jah
2007-07-09;3,7;77;14,2;jah
2007-07-10;3,62;75;14,5;jah
2007-07-11;3,44;73;14,5;jah
2007-07-12;3,31;71;14,6;jah
2007-07-13;3,24;69;14,7;jah
2007-07-14;3,2;69;14,6;jah
2007-07-15;3,16;68;14,3;jah
2007-07-16;3,13;68;14,6;jah
2007-07-17;3,08;67;15,4;jah
2007-07-18;3,02;66;16,4;jah
2007-07-19;2,95;65;16,5;jah
2007-07-20;2,89;64;16,1;jah
2007-07-21;2,83;64;15,3;jah
2007-07-22;2,82;64;14,8;jah
2007-07-23;2,8;64;14,2;jah
2007-07-24;2,84;65;14;jah
2007-07-25;2,94;68;14,6;jah
2007-07-26;3,04;70;15;jah
2007-07-27;3,02;70;15,3;jah
2007-07-28;3,01;71;15,3;jah
2007-07-29;3,06;72;14,9;jah
2007-07-30;3,07;73;14,2;jah
2007-07-31;3,44;81;13,4;jah
2007-08-01;3,72;86;13,1;jah
2007-08-02;3,57;83;13,3;jah
2007-08-03;3,33;79;13,8;jah
2007-08-04;3,19;76;14,4;jah
2007-08-05;3,08;73;14,9;jah
2007-08-06;3,07;72;15,2;jah
2007-08-07;2,97;70;15,6;jah
2007-08-08;2,92;69;16,3;jah
2007-08-09;2,86;68;16,7;jah
2007-08-10;2,81;67;16,4;jah
2007-08-11;2,77;66;16,2;jah
2007-08-12;2,76;66;16,1;jah
2007-08-13;2,73;66;16,2;jah
2007-08-14;2,72;66;16,4;jah
2007-08-15;2,7;66;16,5;jah
2007-08-16;2,72;66;16,5;jah
2007-08-17;2,69;66;16,6;jah
2007-08-18;2,67;66;15,5;jah
2007-08-19;2,68;66;14,5;jah
2007-08-20;2,68;66;13,8;jah
2007-08-21;2,74;67;13,8;jah
2007-08-22;2,88;70;13,9;jah
2007-08-23;2,96;72;14,7;jah
2007-08-24;2,92;70;15,1;jah
2007-08-25;2,89;70;15,4;jah
2007-08-26;2,86;69;15,5;jah
2007-08-27;2,81;68;14,6;jah
2007-08-28;2,85;69;13,5;jah
2007-08-29;3,01;72;12,3;jah
2007-08-30;3,07;73;11,4;jah
2007-08-31;3,06;73;10,8;jah
2007-09-01;3,17;75;10,1;jah
2007-09-02;3,22;76;9,4;jah
2007-09-03;3,24;76;9,8;jah
2007-09-04;3,31;77;10,2;jah
2007-09-05;3,36;78;10,5;jah
2007-09-06;3,25;76;10,6;jah
2007-09-07;3,14;73;10,7;jah
2007-09-08;3,04;71;10,3;jah
2007-09-09;3;70;9,6;jah
2007-09-10;2,99;70;9;jah
2007-09-11;2,98;70;8,6;jah
2007-09-12;2,98;70;8,7;jah
2007-09-13;3,05;71;9,3;jah
2007-09-14;3,09;72;9,2;jah
2007-09-15;3,08;72;9;jah
2007-09-16;3,16;73;8,6;jah
2007-09-17;3,14;73;8,3;jah
2007-09-18;3,11;72;9;jah
2007-09-19;3,17;74;9,7;jah
2007-09-20;3,2;74;9,3;jah
2007-09-21;3,11;72;9,4;jah
2007-09-22;3;70;9,7;jah
2007-09-23;2,91;69;10,3;jah
2007-09-24;2,88;68;10,1;jah
2007-09-25;2,87;67;9,7;jah
2007-09-26;2,88;67;9,6;jah
2007-09-27;2,91;67;9,7;jah
2007-09-28;2,91;66;9,7;jah
2007-09-29;2,95;66;10,1;jah
2007-09-30;2,95;66;10,2;jah
2007-10-01;2,96;65;10,3;jah
2007-10-02;2,96;65;10,2;jah
2007-10-03;3,15;68;10,1;jah
2007-10-04;3,53;75;10,1;jah
2007-10-05;3,74;77;10;jah
2007-10-06;3,63;74;9,8;jah
2007-10-07;3,54;71;9,6;jah
2007-10-08;3,43;69;9,1;jah
2007-10-09;3,43;68;8,5;jah
2007-10-10;3,46;67;7,9;jah
2007-10-11;3,71;71;7,3;jah
2007-10-12;4;75;6,9;jah
2007-10-13;4,65;84;6,3;jah
2007-10-14;4,62;82;6,1;jah
2007-10-15;4,46;80;6,1;jah
2007-10-16;4,77;84;6,6;jah
2007-10-17;4,54;80;7,2;jah
2007-10-18;4,36;77;7,8;jah
2007-10-19;4,38;77;7,4;jah
2007-10-20;4,2;74;6,8;jah
2007-10-21;4;70;6;jah
2007-10-22;3,92;69;5,1;jah
2007-10-23;3,86;68;4,9;jah
2007-10-24;3,7;65;5,3;jah
2007-10-25;3,58;63;5,7;jah
2007-10-26;3,56;62;6;jah
2007-10-27;3,51;61;6,2;jah
2007-10-28;3,48;60;6,3;jah
2007-10-29;3,49;60;6,5;jah
2007-10-30;3,48;59;6,7;jah
2007-10-31;3,46;58;6,5;jah
2007-11-01;3,51;59;6;jah
2007-11-02;3,61;60;5,9;jah
2007-11-03;3,62;59;5,2;jah
2007-11-04;3,7;60;4,5;jah
2007-11-05;3,66;59;3,5;jah
2007-11-06;3,58;57;2,6;jah
2007-11-07;3,5;56;2;jah
2007-11-08;3,53;57;2,3;jah
2007-11-09;3,59;57;2,9;jah
2007-11-10;3,67;58;3,2;jah
2007-11-11;3,71;59;3,5;jah
2007-11-12;3,75;59;3,4;jah
2007-11-13;3,75;59;2,8;jah
2007-11-14;3,69;57;2,5;jah
2007-11-15;3,64;57;2,3;jah
2007-11-16;3,61;56;2,4;jah
2007-11-17;3,67;57;2,6;jah
2007-11-18;3,63;56;2,2;jah
2007-11-19;3,53;54;2,6;jah
2007-11-20;4,02;61;3,3;jah
2007-11-21;4,14;62;3,3;jah
2007-11-22;4,32;64;3,1;jah
2007-11-23;4,33;64;3,2;jah
2007-11-24;4,33;64;3,5;jah
2007-11-25;4,38;64;3,6;jah
2007-11-26;4,41;64;3,6;jah
2007-11-27;4,49;65;3,7;jah
2007-11-28;4,56;65;3,3;jah
2007-11-29;4,42;63;2,3;jah
2007-11-30;4,28;61;1,9;jah
2007-12-01;4,3;61;1,6;jah
2007-12-02;4,22;59;1,2;jah
2007-12-03;4,15;58;1,5;jah
2007-12-04;4,53;63;2,2;jah
2007-12-05;4,98;68;2,9;jah
2007-12-06;5,68;77;3;jah
2007-12-07;6,65;88;3,1;jah
2007-12-08;7,29;95;3,2;jah
2007-12-09;7,44;95;3,4;jah
2007-12-10;7,25;92;3,5;jah
2007-12-11;6,85;87;3,6;jah
2007-12-12;6,46;83;3,8;jah
2007-12-13;6,34;81;3,6;jah
2007-12-14;6,16;79;3;jah
2007-12-15;5,66;72;2,2;jah
2007-12-16;5,29;68;2,4;jah
2007-12-17;5,26;67;2,7;jah
2007-12-18;4,97;64;2,8;jah
2007-12-19;4,81;62;3,1;jah
2007-12-20;4,72;61;3,2;jah
2007-12-21;4,69;61;3,3;jah
2007-12-22;4,66;61;3,5;jah
2007-12-23;4,64;60;3,7;jah
2007-12-24;4,57;60;3,6;jah
2007-12-25;4,49;59;3,3;jah
2007-12-26;4,39;58;2,6;jah
2007-12-27;4,17;55;2,2;jah
2007-12-28;3,91;52;1,9;jah
2007-12-29;4,08;55;2,1;jah
2007-12-30;4,2;56;2,5;jah
2007-12-31;4,12;56;2,5;jah
2008-01-01;3,96;55;2,3;jah
2008-01-02;3,79;53;1,9;jah
2008-01-03;3,56;51;1,1;jah
2008-01-04;3,29;53;0,8;jah
2008-01-05;3,12;47;0,7;jah
2008-01-06;3,42;52;0,5;jah
2008-01-07;3,41;52;0,4;jah
2008-01-08;3,34;52;0,5;jah
2008-01-09;3,34;53;0,5;jah
2008-01-10;3,43;53;0,5;jah
2008-01-11;3,53;53;0,6;jah
2008-01-12;3,57;53;0,6;jah
2008-01-13;3,6;52;0,9;jah
2008-01-14;3,66;52;1,9;jah
2008-01-15;3,66;51;1,9;jah
2008-01-16;3,67;50;2;jah
2008-01-17;3,75;50;2,3;jah
2008-01-18;3,87;50;2,5;jah
2008-01-19;4,07;52;2,7;jah
2008-01-20;4,54;57;2,8;jah
2008-01-21;4,91;61;2,5;jah
2008-01-22;5,08;63;2,3;jah
2008-01-23;4,98;61;2,2;jah
2008-01-24;4,7;58;2;jah
2008-01-25;4,55;57;2;jah
2008-01-26;4,72;59;2,4;jah
2008-01-27;5,14;64;2,1;jah
2008-01-28;5,23;64;1,8;jah
2008-01-29;5,09;62;1,6;jah
2008-01-30;4,75;59;2,2;jah
2008-01-31;4,94;61;2,8;jah
2008-02-01;5,26;65;2,4;jah
2008-02-02;5,33;65;2,2;jah
2008-02-03;5,37;65;2,1;jah
2008-02-04;5,13;61;2;jah
2008-02-05;4,94;59;1,7;jah
2008-02-06;4,65;56;1,8;jah
2008-02-07;4,99;59;2,4;jah
2008-02-08;5,11;60;2,8;jah
2008-02-09;5,41;63;2,9;jah
2008-02-10;5,69;66;3,1;jah
2008-02-11;5,79;67;3,1;jah
2008-02-12;5,91;68;2,9;jah
2008-02-13;5,85;67;2,8;jah
2008-02-14;5,69;66;2,4;jah
2008-02-15;5,23;60;1,4;jah
2008-02-16;4,79;55;0,8;jah
2008-02-17;4,64;56;0,8;jah
2008-02-18;4,96;58;0,8;jah
2008-02-19;4,89;57;1;jah
2008-02-20;4,69;55;1,1;jah
2008-02-21;4,56;54;1,6;jah
2008-02-22;4,93;58;2,4;jah
2008-02-23;6,43;75;2,7;jah
2008-02-24;9,28;103;2,4;jah
2008-02-25;10,2;109;2,5;jah
2008-02-26;10;107;2,6;jah
2008-02-27;10,2;109;2,8;jah
2008-02-28;10,4;110;3;jah
2008-02-29;10,3;110;3;jah
2008-03-01;10,1;108;2,7;jah
2008-03-02;10;107;2,7;jah
2008-03-03;9,58;103;2,6;jah
2008-03-04;9,07;98;2,4;jah
2008-03-05;8,18;88;2,1;jah
2008-03-06;7,13;77;1,7;jah
2008-03-07;6,66;73;1,8;jah
2008-03-08;6,86;75;2,1;jah
2008-03-09;6,63;73;2,6;jah
2008-03-10;6,85;76;3,2;jah
2008-03-11;7,42;81;3,5;jah
2008-03-12;7,62;83;3,7;jah
2008-03-13;7,68;83;3,9;jah
2008-03-14;7,81;85;4,3;jah
2008-03-15;8,27;89;4,4;jah
2008-03-16;8,85;95;4,1;jah
2008-03-17;9,03;96;3,7;jah
2008-03-18;8,59;91;3,5;jah
2008-03-19;7,96;85;3,4;jah
2008-03-20;7,53;80;3,1;jah
2008-03-21;7,12;76;2,9;jah
2008-03-22;6,76;72;2,7;jah
2008-03-23;6,67;72;2,6;jah
2008-03-24;6,67;72;2,7;jah
2008-03-25;6,54;70;2,1;jah
2008-03-26;5,96;64;1,1;jah
2008-03-27;5,64;61;1,1;jah
2008-03-28;5,86;64;1,8;jah
2008-03-29;6,21;67;2,1;jah
2008-03-30;6,58;71;2,8;jah
2008-03-31;7,62;82;3,4;jah
2008-04-01;9,69;103;3,4;jah
2008-04-02;12,2;124;3,2;jah
2008-04-03;13,5;133;3,7;jah
2008-04-04;14;136;4,2;jah
2008-04-05;13,8;134;4,5;jah
2008-04-06;13,4;131;5;jah
2008-04-07;13,2;129;5,5;jah
2008-04-08;13;128;5,9;jah
2008-04-09;13,8;136;6,1;jah
2008-04-10;14;137;5,9;jah
2008-04-11;15,7;153;5,8;jah
2008-04-12;17;164;5,4;jah
2008-04-13;17,4;167;5,2;jah
2008-04-14;17,6;168;5,4;jah
2008-04-15;17,2;165;5,7;jah
2008-04-16;15,9;155;6,1;jah
2008-04-17;13,7;137;6,5;jah
2008-04-18;11,2;117;6,3;jah
2008-04-19;10,1;108;6,1;jah
2008-04-20;9,36;102;6,5;jah
2008-04-21;8,67;95;6,7;jah
2008-04-22;8,01;89;6,9;jah
2008-04-23;7,44;83;6,9;jah
2008-04-24;6,95;78;6,9;jah
2008-04-25;6,54;75;7,4;jah
2008-04-26;6,29;72;8,2;jah
2008-04-27;6,05;70;8,7;jah
2008-04-28;5,77;67;9,2;jah
2008-04-29;5,59;66;9,6;jah
2008-04-30;5,44;64;10,2;jah
2008-05-01;5,33;64;10,5;jah
2008-05-02;6,05;71;10,5;jah
2008-05-03;5,3;62;11,2;jah
2008-05-04;5,05;60;11,9;jah
2008-05-05;5,02;60;11,4;jah
2008-05-06;5,15;61;10,1;jah
2008-05-07;5,05;60;8,7;jah
2008-05-08;5,14;61;8,6;jah
2008-05-09;5,18;61;9,1;jah
2008-05-10;5,14;61;10;jah
2008-05-11;5,05;60;11,1;jah
2008-05-12;4,92;59;11,7;jah
2008-05-13;4,85;58;10,8;jah
2008-05-14;4,75;57;9,5;jah
2008-05-15;4,65;56;8,7;jah
2008-05-16;4,59;56;8,3;jah
2008-05-17;4,55;55;9;jah
2008-05-18;4,74;58;9,7;jah
2008-05-19;4,94;60;10;jah
2008-05-20;4,78;58;10,1;jah
2008-05-21;4,57;57;10,2;jah
2008-05-22;4,43;55;10,6;jah
2008-05-23;4,28;54;10,9;jah
2008-05-24;4,14;53;11,2;jah
2008-05-25;4,04;53;11,5;jah
2008-05-26;3,95;52;11,4;jah
2008-05-27;3,89;52;11,6;jah
2008-05-28;3,87;52;11,7;jah
2008-05-29;3,86;53;11,9;jah
2008-05-30;3,82;53;12,4;jah
2008-05-31;3,75;53;13;jah
2008-06-01;3,69;52;13,3;jah
2008-06-02;3,62;52;13,6;jah
2008-06-03;3,6;52;12,9;jah
2008-06-04;3,57;52;12,6;jah
2008-06-05;3,53;52;13;jah
2008-06-06;3,48;52;13,9;jah
2008-06-07;3,44;52;14,6;jah
2008-06-08;3,4;52;14,2;jah
2008-06-09;3,38;53;14,4;jah
2008-06-10;3,33;53;14;jah
2008-06-11;3,29;53;14,2;jah
2008-06-12;3,28;53;13,8;jah
2008-06-13;3,31;54;13,1;jah
2008-06-14;3,34;56;12,6;jah
2008-06-15;3,45;58;12,7;jah
2008-06-16;3,55;60;13;jah
2008-06-17;3,5;61;13,3;jah
2008-06-18;3,7;65;12,9;jah
2008-06-19;3,74;66;13;jah
2008-06-20;3,55;64;14;jah
2008-06-21;3,41;62;14,4;jah
2008-06-22;3,36;63;14,2;jah
2008-06-23;3,32;63;13,7;jah
2008-06-24;3,39;66;12,8;jah
2008-06-25;3,39;67;12,6;jah
2008-06-26;3,32;66;12,7;jah
2008-06-27;3,22;66;12,8;jah
2008-06-28;3,15;66;13;jah
2008-06-29;3,1;66;13,5;jah
2008-06-30;3,12;68;14;jah
2008-07-01;3,04;67;14,6;jah
2008-07-02;3,24;72;14,5;jah
2008-07-03;3,08;70;14,8;jah
2008-07-04;3;69;14,5;jah
2008-07-05;3,12;73;14,8;jah
2008-07-06;3,22;75;14,5;jah
2008-07-07;3,1;74;14;jah
2008-07-08;3,5;83;13,7;jah
2008-07-09;3,65;86;13,5;jah
2008-07-10;3,42;83;13,9;jah
2008-07-11;3,22;80;14,3;jah
2008-07-12;3,07;78;14,6;jah
2008-07-13;3,08;79;14,2;jah
2008-07-14;3,21;83;13,9;jah
2008-07-15;4,14;100;14,4;jah
2008-07-16;4,49;104;14,8;jah
2008-07-17;3,94;98;15;jah
2008-07-18;3,86;97;14,3;jah
2008-07-19;3,5;92;14,1;jah
2008-07-20;3,27;89;13,9;jah
2008-07-21;3,19;87;13,8;jah
2008-07-22;3,19;87;14;jah
2008-07-23;3,09;85;14,3;jah
2008-07-24;3,01;83;14,7;jah
2008-07-25;2,94;81;15,1;jah
2008-07-26;2,89;80;15,3;jah
2008-07-27;2,88;80;15,4;jah
2008-07-28;2,89;80;15;jah
2008-07-29;2,89;79;14,2;jah
2008-07-30;2,94;80;13,7;jah
2008-07-31;2,96;81;13,5;jah
2008-08-01;2,92;81;13,6;jah
2008-08-02;2,88;81;13,7;jah
2008-08-03;2,96;84;14;jah
2008-08-04;3,01;85;14;jah
2008-08-05;3,41;94;13,5;jah
2008-08-06;3,8;100;12,9;jah
2008-08-07;3,5;96;12,9;jah
2008-08-08;3,23;92;13,3;jah
2008-08-09;3,11;91;13,9;jah
2008-08-10;3,02;90;13,8;jah
2008-08-11;3;90;13,6;jah
2008-08-12;2,93;89;13,5;jah
2008-08-13;2,92;89;14;jah
2008-08-14;3,01;91;14,2;jah
2008-08-15;2,92;89;14,5;jah
2008-08-16;2,91;90;14,8;jah
2008-08-17;3,02;92;15,1;jah
2008-08-18;3,08;93;15,4;jah
2008-08-19;2,99;92;14,8;jah
2008-08-20;2,83;91;14,1;jah
2008-08-21;3,17;98;13,9;jah
2008-08-22;3,43;103;13,8;jah
2008-08-23;3,24;101;13,8;jah
2008-08-24;3,58;108;13,8;jah
2008-08-25;3,59;109;13,6;jah
2008-08-26;4,8;128;13,2;jah
2008-08-27;6,22;143;12,7;jah
2008-08-28;5,94;140;12,6;jah
2008-08-29;5,53;135;12,6;jah
2008-08-30;5,2;130;12,4;jah
2008-08-31;5,15;129;11,9;jah
2008-09-01;4,93;125;11,2;jah
2008-09-02;4,47;118;10,7;jah
2008-09-03;4,2;113;10,7;jah
2008-09-04;4,02;110;11,2;jah
2008-09-05;3,92;108;11,6;jah
2008-09-06;4,17;110;11,7;jah
2008-09-07;4,02;107;12,1;jah
2008-09-08;3,88;104;12,6;jah
2008-09-09;3,89;103;12,6;jah
2008-09-10;4,51;112;12,2;jah
2008-09-11;4,77;114;11,3;jah
2008-09-12;4,61;111;10,4;jah
2008-09-13;4,33;106;9,6;jah
2008-09-14;4,04;101;8,8;jah
2008-09-15;3,89;98;8,5;jah
2008-09-16;3,72;95;8;jah
2008-09-17;3,63;93;7,7;jah
2008-09-18;3,56;91;7,7;jah
2008-09-19;3,54;90;7,9;jah
2008-09-20;3,51;89;8,2;jah
2008-09-21;3,48;87;8,5;jah
2008-09-22;3,42;86;8,6;jah
2008-09-23;3,38;85;8,6;jah
2008-09-24;3,31;83;8,1;jah
2008-09-25;3,27;82;7,7;jah
2008-09-26;3,25;81;7,7;jah
2008-09-27;3,24;80;8;jah
2008-09-28;3,24;80;8,3;jah
2008-09-29;3,31;81;8,2;jah
2008-09-30;3,4;82;8;jah
2008-10-01;3,36;82;7,8;jah
2008-10-02;3,53;86;8;jah
2008-10-03;3,75;90;8,2;jah
2008-10-04;3,64;88;8,3;jah
2008-10-05;3,41;84;8,2;jah
2008-10-06;3,25;82;7,8;jah
2008-10-07;3,1;80;7,2;jah
2008-10-08;3,04;79;6,6;jah
2008-10-09;2,93;77;6,3;jah
2008-10-10;2,93;77;6,5;jah
2008-10-11;3,02;77;6,9;jah
2008-10-12;3,08;77;7,7;jah
2008-10-13;3,14;76;8,1;jah
2008-10-14;3,21;76;8,3;jah
2008-10-15;3,26;75;8,3;jah
2008-10-16;3,31;75;8;jah
2008-10-17;3,71;82;7,7;jah
2008-10-18;5,96;113;7,4;jah
2008-10-19;6,83;120;7,2;jah
2008-10-20;6,33;113;7,3;jah
2008-10-21;5,81;105;7,6;jah
2008-10-22;5,38;99;7,8;jah
2008-10-23;5,11;94;7,8;jah
2008-10-24;4,82;88;7,1;jah
2008-10-25;4,63;84;6,7;jah
2008-10-26;4,56;82;6,4;jah
2008-10-27;4,52;80;6,3;jah
2008-10-28;4,93;85;6,6;jah
2008-10-29;5,46;92;6,8;jah
2008-10-30;6,64;106;7;jah
2008-10-31;7,97;120;7,3;jah
2008-11-01;8,63;127;7,3;jah
2008-11-02;8,7;127;6,5;jah
2008-11-03;7,88;118;5,7;jah
2008-11-04;6,72;106;5,4;jah
2008-11-05;5,82;95;5,4;jah
2008-11-06;5,26;88;4,9;jah
2008-11-07;4,89;82;4,2;jah
2008-11-08;4,7;79;3,9;jah
2008-11-09;4,63;78;3,7;jah
2008-11-10;4,68;78;4;jah
2008-11-11;4,7;78;4,9;jah
2008-11-12;4,69;77;5,6;jah
2008-11-13;4,58;75;5,8;jah
2008-11-14;4,48;73;5,6;jah
2008-11-15;4,49;73;5,6;jah
2008-11-16;4,75;77;5,8;jah
2008-11-17;5,52;87;5,5;jah
2008-11-18;6,4;97;4,1;jah
2008-11-19;6,77;100;3,4;jah
2008-11-20;6,45;96;3,3;jah
2008-11-21;6,16;91;3,2;jah
2008-11-22;5,91;88;2,9;jah
2008-11-23;5,8;86;2,3;jah
2008-11-24;5,58;82;1,6;jah
2008-11-25;5,31;78;1,7;jah
2008-11-26;5,52;80;2,2;jah
2008-11-27;5,7;82;2,4;jah
2008-11-28;6,51;93;3;jah
2008-11-29;10,1;130;3,1;jah
2008-11-30;12,4;148;3;jah
2008-12-01;13,2;153;3,3;jah
2008-12-02;13,4;154;3,6;jah
2008-12-03;12,7;148;3,6;jah
2008-12-04;11,9;142;3,5;jah
2008-12-05;11,5;139;3,3;jah
2008-12-06;11,6;139;3,1;jah
2008-12-07;11,6;138;2,8;jah
2008-12-08;10,7;130;2,6;jah
2008-12-09;9,57;119;2,5;jah
2008-12-10;8,62;110;2,3;jah
2008-12-11;7,8;102;2,4;jah
2008-12-12;7,23;96;2,6;jah
2008-12-13;6,95;93;2,9;jah
2008-12-14;6,92;93;2,6;jah
2008-12-15;6,43;86;1,7;jah
2008-12-16;5,69;78;1,3;jah
2008-12-17;5,74;79;1,4;jah
2008-12-18;5,64;77;1,5;jah
2008-12-19;5,5;76;1,8;jah
2008-12-20;5,5;76;2;jah
2008-12-21;5,45;75;2,2;jah
2008-12-22;5,46;76;2,4;jah
2008-12-23;5,59;78;2,6;jah
2008-12-24;5,65;78;2,6;jah
2008-12-25;5,52;77;2,4;jah
2008-12-26;5,26;73;2,1;jah
2008-12-27;5,07;71;2;jah
2008-12-28;5,05;71;1,9;jah
2008-12-29;4,67;66;1,5;jah
2008-12-30;4,6;66;1,8;jah
2008-12-31;5;71;2,1;jah
2009-01-01;4,81;68;1,4;jah
2009-01-02;4,2;60;0,3;jah
2009-01-03;4,26;61;0,2;jah
2009-01-04;4,2;61;0,1;jah
2009-01-05;4,29;62;0,1;jah
2009-01-06;4,25;62;0,1;jah
2009-01-07;4,34;64;0,1;jah
2009-01-08;4,3;63;0,1;jah
2009-01-09;4,2;62;0,2;jah
2009-01-10;4,54;66;0,2;jah
2009-01-11;4,59;66;0,2;jah
2009-01-12;4,6;65;0,4;jah
2009-01-13;4,56;64;0,8;jah
2009-01-14;4,51;63;1,8;jah
2009-01-15;4,56;64;2,2;jah
2009-01-16;4,61;64;1,9;jah
2009-01-17;4,56;63;1,2;jah
2009-01-18;4,49;61;0,9;jah
2009-01-19;4,53;61;0,9;jah
2009-01-20;4,51;61;0,7;jah
2009-01-21;4,46;60;0,7;jah
2009-01-22;4,46;60;0,8;jah
2009-01-23;4,54;60;1,1;jah
2009-01-24;4,6;61;1,1;jah
2009-01-25;4,62;61;1,2;jah
2009-01-26;4,77;62;1,5;jah
2009-01-27;4,95;64;1,7;jah
2009-01-28;5,1;65;1,7;jah
2009-01-29;5,14;65;1,5;jah
2009-01-30;5,09;64;1,2;jah
2009-01-31;4,7;59;0,6;jah
2009-02-01;4,96;62;0,1;jah
2009-02-02;4,47;57;0;jah
2009-02-03;4,75;60;0;jah
2009-02-04;4,69;59;0;jah
2009-02-05;4,69;59;0;jah
2009-02-06;4,71;59;0;jah
2009-02-07;4,71;59;0;jah
2009-02-08;4,71;58;0;jah
2009-02-09;4,65;58;0;jah
2009-02-10;4,53;56;0,1;jah
2009-02-11;4,36;54;0,1;jah
2009-02-12;4,08;51;0,2;jah
2009-02-13;4,17;52;0,8;jah
2009-02-14;4,26;53;1,4;jah
2009-02-15;4,21;52;0,9;jah
2009-02-16;4,15;51;0,6;jah
2009-02-17;4,09;50;0,5;jah
2009-02-18;4,04;50;0,3;jah
2009-02-19;4;49;0,3;jah
2009-02-20;3,98;49;0,4;jah
2009-02-21;3,96;48;0,1;jah
2009-02-22;3,74;46;0,2;jah
2009-02-23;3,99;49;0,2;jah
2009-02-24;4,04;49;0,1;jah
2009-02-25;3,86;47;0,5;jah
2009-02-26;4,01;49;1,3;jah
2009-02-27;4,17;50;2;jah
2009-02-28;4,22;51;2,2;jah
2009-03-01;4,22;50;1,3;jah
2009-03-02;4,06;49;0,7;jah
2009-03-03;4,03;49;0,8;jah
2009-03-04;3,98;48;1,3;jah
2009-03-05;4,13;49;1,8;jah
2009-03-06;4,07;49;1,8;jah
2009-03-07;4;48;1,7;jah
2009-03-08;3,98;48;1,9;jah
2009-03-09;4,04;49;2;jah
2009-03-10;4,14;50;1,9;jah
2009-03-11;4,15;50;2,2;jah
2009-03-12;4,12;49;2,7;jah
2009-03-13;4,11;49;2,9;jah
2009-03-14;4,08;49;2,8;jah
2009-03-15;4,06;48;2,6;jah
2009-03-16;4,01;48;2,6;jah
2009-03-17;4,1;49;2,7;jah
2009-03-18;4,25;50;2,8;jah
2009-03-19;4,36;51;2,7;jah
2009-03-20;4,31;51;2,9;jah
2009-03-21;4,33;51;2,9;jah
2009-03-22;4,45;52;2,7;jah
2009-03-23;4,43;52;2,4;jah
2009-03-24;4,36;51;2,2;jah
2009-03-25;4,33;51;2,3;jah
2009-03-26;4,1;48;2;jah
2009-03-27;3,97;47;2;jah
2009-03-28;4,18;49;2,5;jah
2009-03-29;4,41;52;2,9;jah
2009-03-30;5,03;58;3,2;jah
2009-03-31;5,43;62;2,9;jah
2009-04-01;6,57;76;3,1;jah
2009-04-02;11,5;122;2,2;jah
2009-04-03;15,4;150;1,4;jah
2009-04-04;19,1;179;0,9;jah
2009-04-05;25,3;223;0,8;jah
2009-04-06;30,2;255;1,5;jah
2009-04-07;34,3;276;2,5;jah
2009-04-08;33;266;3,6;jah
2009-04-09;28,4;237;4;jah
2009-04-10;24,8;214;4,6;jah
2009-04-11;22;196;4,8;jah
2009-04-12;20,1;183;5,2;jah
2009-04-13;18,6;172;5,2;jah
2009-04-14;17,5;164;5,3;jah
2009-04-15;16,4;156;5,2;jah
2009-04-16;14,9;144;5;jah
2009-04-17;13,1;130;5;jah
2009-04-18;11,7;119;5,2;jah
2009-04-19;10,4;108;5,1;jah
2009-04-20;9,58;100;5;jah
2009-04-21;8,83;93;5;jah
2009-04-22;8,15;86;5,1;jah
2009-04-23;7,74;82;5,2;jah
2009-04-24;7,35;79;5,7;jah
2009-04-25;7;76;6,4;jah
2009-04-26;6,74;73;7,4;jah
2009-04-27;6,51;71;8,5;jah
2009-04-28;6,32;69;9,6;jah
2009-04-29;6,09;67;10,5;jah
2009-04-30;5,86;65;11,5;jah
2009-05-01;5,64;62;10,9;jah
2009-05-02;5,48;60;10,5;jah
2009-05-03;5,38;59;10,6;jah
2009-05-04;5,3;58;11;jah
2009-05-05;5,32;58;11,3;jah
2009-05-06;5,37;58;10,8;jah
2009-05-07;5,25;56;10,5;jah
2009-05-08;5,21;56;10,7;jah
2009-05-09;5,22;55;11;jah
2009-05-10;5,23;55;10,3;jah
2009-05-11;5,13;55;10,3;jah
2009-05-12;5,07;54;10,3;jah
2009-05-13;4,89;53;10,2;jah
2009-05-14;5,03;55;9,3;jah
2009-05-15;5,81;62;8,1;jah
2009-05-16;5,74;61;7,7;jah
2009-05-17;5,43;59;8;jah
2009-05-18;5,18;56;8,7;jah
2009-05-19;5,06;56;9,7;jah
2009-05-20;5,1;56;9,6;jah
2009-05-21;5;55;9,8;jah
2009-05-22;4,93;55;10,5;jah
2009-05-23;4,93;55;10,2;jah
2009-05-24;4,89;55;10,1;jah
2009-05-25;5,01;56;10,7;jah
2009-05-26;4,75;53;11,7;jah
2009-05-27;4,52;51;12,9;jah
2009-05-28;4,32;49;13,5;jah
2009-05-29;4,18;48;13,1;jah
2009-05-30;4,09;47;13,1;jah
2009-05-31;3,97;47;13,8;jah
2009-06-01;3,67;46;14,6;jah
2009-06-02;3,65;47;15;jah
2009-06-03;3,96;50;13,9;jah
2009-06-04;4,48;57;12,3;jah
2009-06-05;5,8;71;10,6;jah
2009-06-06;6,27;75;10,1;jah
2009-06-07;6,21;75;10,3;jah
2009-06-08;6,01;73;10,7;jah
2009-06-09;5,9;72;11,6;jah
2009-06-10;5,71;71;12,2;jah
2009-06-11;5,71;70;12,9;jah
2009-06-12;5,9;72;13,9;jah
2009-06-13;8,11;96;14,1;jah
2009-06-14;16;160;14,3;jah
2009-06-15;16,4;158;14,7;jah
2009-06-16;15;148;14,5;jah
2009-06-17;13,8;136;13,9;jah
2009-06-18;10,5;109;13,1;jah
2009-06-19;8,37;91;13,1;jah
2009-06-20;6,95;78;13,3;jah
2009-06-21;6,29;72;13,6;jah
2009-06-22;5,82;68;13,8;jah
2009-06-23;5,41;63;14,5;jah
2009-06-24;5,07;60;15,1;jah
2009-06-25;4,79;57;16,4;jah
2009-06-26;4,69;56;16,2;jah
2009-06-27;6,07;74;15,1;jah
2009-06-28;16,7;162;15;jah
2009-06-29;19,9;188;15,9;jah
2009-06-30;20,9;197;16,3;jah
2009-07-01;19,8;189;17,1;jah
2009-07-02;15,6;155;17,2;jah
2009-07-03;9,63;107;17;jah
2009-07-04;7,62;89;16,2;jah
2009-07-05;6,63;80;14,8;jah
2009-07-06;6,16;75;13,7;jah
2009-07-07;5,79;71;13,1;jah
2009-07-08;5,6;69;13,5;jah
2009-07-09;5,37;66;14,9;jah
2009-07-10;5,1;63;15,4;jah
2009-07-11;4,83;60;15,5;jah
2009-07-12;5,03;62;15,2;jah
2009-07-13;5,11;63;15,1;jah
2009-07-14;5,22;64;14,7;jah
2009-07-15;5,09;62;15,5;jah
2009-07-16;4,82;59;15,9;jah
2009-07-17;4,75;59;15,9;jah
2009-07-18;4,56;57;16,3;jah
2009-07-19;4,35;55;16,8;jah
2009-07-20;4,29;54;16,9;jah
2009-07-21;4,28;54;16,1;jah
2009-07-22;4,25;54;15,5;jah
2009-07-23;4,23;54;15,1;jah
2009-07-24;4,14;53;15,5;jah
2009-07-25;4,66;59;15,7;jah
2009-07-26;4,72;59;15,4;jah
2009-07-27;4,46;57;15,3;jah
2009-07-28;4,34;55;15,3;jah
2009-07-29;4,17;53;15,6;jah
2009-07-30;4,07;53;15,5;jah
2009-07-31;4,01;52;15,5;jah
2009-08-01;4,08;53;15,2;jah
2009-08-02;4,08;53;14,9;jah
2009-08-03;4,14;54;14,6;jah
2009-08-04;4,13;54;14,9;jah
2009-08-05;3,97;53;15;jah
2009-08-06;3,86;52;14,8;jah
2009-08-07;3,78;51;14,7;jah
2009-08-08;3,71;50;14,6;jah
2009-08-09;3,66;50;14,6;jah
2009-08-10;3,63;50;14,6;jah
2009-08-11;3,57;49;14,7;jah
2009-08-12;3,59;50;14,6;jah
2009-08-13;3,69;51;14,4;jah
2009-08-14;3,97;55;14;jah
2009-08-15;4,45;62;13,6;jah
2009-08-16;4,55;62;13,2;jah
2009-08-17;4,47;62;13,3;jah
2009-08-18;4,32;59;13,2;jah
2009-08-19;4,26;59;13;jah
2009-08-20;4,19;58;12,7;jah
2009-08-21;3,98;55;12,3;jah
2009-08-22;3,85;54;12;jah
2009-08-23;3,74;52;11,9;jah
2009-08-24;3,81;53;12,5;jah
2009-08-25;3,85;54;12,5;jah
2009-08-26;3,74;52;12,9;jah
2009-08-27;3,64;51;13,5;jah
2009-08-28;3,58;50;13,3;jah
2009-08-29;3,57;50;13,7;jah
2009-08-30;3,65;51;13,8;jah
2009-08-31;3,77;53;12,8;jah
2009-09-01;3,72;52;12,5;jah
2009-09-02;3,66;51;12,6;jah
2009-09-03;3,54;50;12,7;jah
2009-09-04;3,51;49;13;jah
2009-09-05;3,67;52;12,5;jah
2009-09-06;3,94;55;12,3;jah
2009-09-07;4,19;58;12,5;jah
2009-09-08;4,08;57;12,3;jah
2009-09-09;3,9;54;12,6;jah
2009-09-10;3,75;52;12,7;jah
2009-09-11;3,64;51;12,8;jah
2009-09-12;3,59;50;11,6;jah
2009-09-13;3,69;52;10,7;jah
2009-09-14;4,58;64;10,4;jah
2009-09-15;4,99;67;10,7;jah
2009-09-16;4,56;62;10,6;jah
2009-09-17;4,41;60;10,5;jah
2009-09-18;4,25;58;10,5;jah
2009-09-19;4,09;56;10,6;jah
2009-09-20;3,96;54;10,6;jah
2009-09-21;3,85;53;10,4;jah
2009-09-22;3,8;52;10,3;jah
2009-09-23;3,78;52;10,7;jah
2009-09-24;3,76;51;10,6;jah
2009-09-25;3,86;53;10,1;jah
2009-09-26;3,99;54;9,9;jah
2009-09-27;3,93;53;10,2;jah
2009-09-28;3,89;53;10,4;jah
2009-09-29;4,14;56;10,1;jah
2009-09-30;4,54;60;8,8;jah
2009-10-01;4,68;63;7,9;jah
2009-10-02;5,79;76;7,5;jah
2009-10-03;6,3;81;6,9;jah
2009-10-04;5,92;77;7;jah
2009-10-05;6,34;81;7,3;jah
2009-10-06;6,93;87;7,1;jah
2009-10-07;7,03;87;6,6;jah
2009-10-08;6,66;83;6,7;jah
2009-10-09;6,2;78;6,7;jah
2009-10-10;6,04;76;6,3;jah
2009-10-11;5,59;71;5,5;jah
2009-10-12;5,65;72;5;jah
2009-10-13;6,28;78;4,7;jah
2009-10-14;6,87;85;4,6;jah
2009-10-15;11,5;131;4,4;jah
2009-10-16;15,2;157;4,1;jah
2009-10-17;14,1;150;4;jah
2009-10-18;13,7;148;4;jah
2009-10-19;12,7;140;3,9;jah
2009-10-20;11;123;4,5;jah
2009-10-21;9,39;109;4,5;jah
2009-10-22;8,58;102;4,7;jah
2009-10-23;8,79;104;5,2;jah
2009-10-24;8,97;105;5,6;jah
2009-10-25;8,5;99;5,8;jah
2009-10-26;8,31;98;5,9;jah
2009-10-27;8,49;99;6,2;jah
2009-10-28;8,74;101;6,5;jah
2009-10-29;8,73;100;6;jah
2009-10-30;8,31;96;4,7;jah
2009-10-31;7,83;91;3,6;jah
2009-11-01;7,4;86;3,1;jah
2009-11-02;6,84;80;2,5;jah
2009-11-03;6,37;76;1,6;jah
2009-11-04;6,06;72;1,2;jah
2009-11-05;5,84;70;1,1;jah
2009-11-06;5,66;68;1,4;jah
2009-11-07;5,62;68;2;jah
2009-11-08;5,99;72;2,5;jah
2009-11-09;6,46;77;2,9;jah
2009-11-10;7,8;93;2,6;jah
2009-11-11;10,7;119;2,4;jah
2009-11-12;11,6;126;2,1;jah
2009-11-13;11,3;123;1,9;jah
2009-11-14;10,4;114;2,1;jah
2009-11-15;9,66;107;2,5;jah
2009-11-16;9,4;105;3;jah
2009-11-17;9,92;110;3,4;jah
2009-11-18;10,3;113;3,6;jah
2009-11-19;10,5;113;4;jah
2009-11-20;10,5;113;4,3;jah
2009-11-21;10,7;115;4,6;jah
2009-11-22;10,8;115;4,7;jah
2009-11-23;10,6;113;4,7;jah
2009-11-24;10,1;108;4,9;jah
2009-11-25;9,92;107;5;jah
2009-11-26;10,3;109;5,1;jah
2009-11-27;10,3;109;5,1;jah
2009-11-28;10,4;109;5,1;jah
2009-11-29;10,3;108;4,8;jah
2009-11-30;10,1;107;4,7;jah
2009-12-01;9,64;102;4,8;jah
2009-12-02;9,36;100;4,9;jah
2009-12-03;9,55;102;5;jah
2009-12-04;9,76;103;5;jah
2009-12-05;9,35;99;4,5;jah
2009-12-06;8,74;93;3,7;jah
2009-12-07;8,27;89;3,5;jah
2009-12-08;7,83;85;3;jah
2009-12-09;7,49;82;2,8;jah
2009-12-10;7,13;78;2,8;jah
2009-12-11;6,78;76;2,8;jah
2009-12-12;6,39;73;2,2;jah
2009-12-13;6,01;71;1,7;jah
2009-12-14;5,38;65;0,6;jah
2009-12-15;5,47;69;0;jah
2009-12-16;4,92;63;0;jah
2009-12-17;4,52;60;0;jah
2009-12-18;4,45;60;0;jah
2009-12-19;4,19;59;0;jah
2009-12-20;4,09;59;0;jah
2009-12-21;4,14;61;0;jah
2009-12-22;4,12;62;0;jah
2009-12-23;4,14;64;0,1;jah
2009-12-24;4,24;67;0,1;jah
2009-12-25;4,22;68;0,1;jah
2009-12-26;4,52;73;0,2;jah
2009-12-27;4,73;74;0,2;jah
2009-12-28;4,6;72;0,2;jah
2009-12-29;4,51;70;0,1;jah
2009-12-30;4,5;69;0,1;jah
2009-12-31;3,95;59;0;jah
2010-01-01;3,8;58;0;jah
2010-01-02;3,98;60;0;jah
2010-01-03;4,3;64;0;jah
2010-01-04;4,55;66;0;jah
2010-01-05;4,62;66;0;jah
2010-01-06;4,55;65;0;jah
2010-01-07;4,62;65;0;jah
2010-01-08;4,71;66;0;jah
2010-01-09;4,64;64;0;jah
2010-01-10;4,51;62;0;jah
2010-01-11;4,23;57;0;jah
2010-01-12;3,78;52;0;jah
2010-01-13;4,17;57;0;jah
2010-01-14;4,46;61;0;jah
2010-01-15;4,23;58;0;jah
2010-01-16;4,25;60;0;jah
2010-01-17;4,23;60;0;jah
2010-01-18;4,12;59;0;jah
2010-01-19;3,89;57;0;jah
2010-01-20;3,8;56;0;jah
2010-01-21;3,81;57;0;jah
2010-01-22;3,79;57;0;jah
2010-01-23;3,75;57;0;jah
2010-01-24;3,68;57;0;jah
2010-01-25;3,65;57;0;jah
2010-01-26;3,67;59;0;jah
2010-01-27;3,64;59;0;jah
2010-01-28;3,65;60;0;jah
2010-01-29;3,74;63;0;jah
2010-01-30;3,79;64;0;jah
2010-01-31;3,95;64;0;jah
2010-02-01;4,16;66;0;jah
2010-02-02;4,36;66;0;jah
2010-02-03;4,37;65;0;jah
2010-02-04;4,31;62;0;jah
2010-02-05;4,29;60;0;jah
2010-02-06;4,23;58;0;jah
2010-02-07;4,21;57;0;jah
2010-02-08;4,05;54;0;jah
2010-02-09;4,16;55;0;jah
2010-02-10;4,21;56;0;jah
2010-02-11;4,17;55;0;jah
2010-02-12;4,14;55;0;jah
2010-02-13;4,17;55;0;jah
2010-02-14;4,18;55;0;jah
2010-02-15;4,16;54;0;jah
2010-02-16;3,73;49;0;jah
2010-02-17;3,61;48;0;jah
2010-02-18;4,27;56;0;jah
2010-02-19;4,43;57;0;jah
2010-02-20;4,35;56;0;jah
2010-02-21;4,23;55;0;jah
2010-02-22;4,39;57;0;jah
2010-02-23;4,44;56;0;jah
2010-02-24;4,34;55;0;jah
2010-02-25;3,87;49;0;jah
2010-02-26;4,09;52;0;jah
2010-02-27;4,24;53;0,2;jah
2010-02-28;4;50;0,3;jah
2010-03-01;4,09;47;1,7;jah
2010-03-02;4,32;47;2;jah
2010-03-03;4,28;46;1,5;jah
2010-03-04;4,22;46;1,1;jah
2010-03-05;4,19;45;0,9;jah
2010-03-06;4,13;44;0,7;jah
2010-03-07;4,06;43;0,3;jah
2010-03-08;3,87;41;0,1;jah
2010-03-09;4,2;44;0,2;jah
2010-03-10;4,19;44;0,4;jah
2010-03-11;4,11;43;1,4;jah
2010-03-12;4,15;44;1,6;jah
2010-03-13;4,15;44;1,4;jah
2010-03-14;4,14;44;1,4;jah
2010-03-15;4,16;44;0,8;jah
2010-03-16;3,92;41;0,2;jah
2010-03-17;4,18;44;0,1;jah
2010-03-18;4,18;44;0,2;jah
2010-03-19;4,16;44;1,2;jah
2010-03-20;4,29;45;3,1;jah
2010-03-21;4,84;52;3,7;jah
2010-03-22;6,14;65;3,1;jah
2010-03-23;7,64;78;1,7;jah
2010-03-24;8,61;86;1,5;jah
2010-03-25;8,09;81;1,6;jah
2010-03-26;7,76;79;1,9;jah
2010-03-27;8,74;89;2,5;jah
2010-03-28;13,5;129;1,9;jah
2010-03-29;19,8;177;1,2;jah
2010-03-30;33,9;267;1;jah
2010-03-31;39,6;294;1;jah
2010-04-01;38,3;289;1,4;jah
2010-04-02;40,9;303;1,7;jah
2010-04-03;40,7;301;2,2;jah
2010-04-04;38,8;289;2,7;jah
2010-04-05;35,3;268;3,4;jah
2010-04-06;31,3;244;4,3;jah
2010-04-07;28,3;227;4,3;jah
2010-04-08;26,7;217;4;jah
2010-04-09;24,6;203;4,3;jah
2010-04-10;21,8;185;4,6;jah
2010-04-11;19,4;168;5,1;jah
2010-04-12;17,3;153;5,6;jah
2010-04-13;15,5;140;5,8;jah
2010-04-14;13,8;128;5,9;jah
2010-04-15;12,6;119;6;jah
2010-04-16;11,4;110;6,2;jah
2010-04-17;10,5;103;6,9;jah
2010-04-18;9,71;96;7,1;jah
2010-04-19;9,29;93;7;jah
2010-04-20;9,04;91;6,8;jah
2010-04-21;8,6;87;6,6;jah
2010-04-22;8,42;85;6,5;jah
2010-04-23;8,38;85;6,3;jah
2010-04-24;8,21;83;5,9;jah
2010-04-25;8,11;83;5,9;jah
2010-04-26;8,12;82;6,3;jah
2010-04-27;7,87;80;7,1;jah
2010-04-28;7,56;77;7,9;jah
2010-04-29;7,25;74;7,7;jah
2010-04-30;7,32;75;8;jah
2010-05-01;7,45;77;9,4;jah
2010-05-02;7,36;76;10;jah
2010-05-03;7,12;74;9,8;jah
2010-05-04;7,17;75;9,4;jah
2010-05-05;7,54;78;8,4;jah
2010-05-06;7,54;78;7,9;jah
2010-05-07;7,58;79;8,1;jah
2010-05-08;7,98;83;9,5;jah
2010-05-09;8;83;11,2;jah
2010-05-10;7,79;81;11;jah
2010-05-11;7,67;80;9,8;jah
2010-05-12;7,19;75;10,5;jah
2010-05-13;6,77;71;12,7;jah
2010-05-14;6,45;68;14,3;jah
2010-05-15;6,16;65;14,6;jah
2010-05-16;5,91;62;14,6;jah
2010-05-17;5,93;62;14,5;jah
2010-05-18;6,01;62;15,2;jah
2010-05-19;5,79;60;16,2;jah
2010-05-20;5,53;57;16;jah
2010-05-21;5,27;54;15,6;jah
2010-05-22;5,04;52;15,1;jah
2010-05-23;4,99;52;15,1;jah
2010-05-24;5,16;54;14,1;jah
2010-05-25;4,95;51;12,4;jah
2010-05-26;4,96;52;12;jah
2010-05-27;5,18;54;11,3;jah
2010-05-28;5,12;53;11,4;jah
2010-05-29;4,94;51;11,8;jah
2010-05-30;4,79;50;12;jah
2010-05-31;4,68;49;12,5;jah
2010-06-01;4,61;48;13,1;jah
2010-06-02;4,94;52;13,2;jah
2010-06-03;5,19;54;13,9;jah
2010-06-04;4,96;51;14,6;jah
2010-06-05;4,69;49;14,3;jah
2010-06-06;4,49;47;13,5;jah
2010-06-07;4,44;46;14,1;jah
2010-06-08;4,5;47;14,3;jah
2010-06-09;4,55;47;13,4;jah
2010-06-10;4,49;47;12,8;jah
2010-06-11;4,5;47;13;jah
2010-06-12;4,52;47;14,1;jah
2010-06-13;4,41;46;13,8;jah
2010-06-14;4,31;45;13;jah
2010-06-15;4,19;44;12,9;jah
2010-06-16;4,12;44;12,3;jah
2010-06-17;4,1;43;12;jah
2010-06-18;4,02;43;12,6;jah
2010-06-19;3,94;42;13,6;jah
2010-06-20;4,05;44;14,3;jah
2010-06-21;4,78;52;14,9;jah
2010-06-22;5,94;68;14,1;jah
2010-06-23;9,39;105;12,7;jah
2010-06-24;11,7;121;12,8;jah
2010-06-25;10,7;114;13,7;jah
2010-06-26;11,5;120;14,7;jah
2010-06-27;9,36;100;15,1;jah
2010-06-28;7,26;82;15,3;jah
2010-06-29;5,94;69;15,4;jah
2010-06-30;5,75;62;16;jah
2010-07-01;5,21;57;16,6;jah
2010-07-02;4,97;55;16,4;jah
2010-07-03;4,72;52;16,2;jah
2010-07-04;4,46;49;16,3;jah
2010-07-05;4,38;48;16,7;jah
2010-07-06;4,26;46;17,2;jah
2010-07-07;4,32;47;17,2;jah
2010-07-08;5,23;57;17;jah
2010-07-09;5,64;60;17,1;jah
2010-07-10;5,02;53;17,7;jah
2010-07-11;4,54;48;18,3;jah
2010-07-12;4,29;46;18,7;jah
2010-07-13;4,15;44;19;jah
2010-07-14;4,02;43;19,5;jah
2010-07-15;3,89;42;19,7;jah
2010-07-16;3,84;42;19,6;jah
2010-07-17;3,78;41;19;jah
2010-07-18;3,7;41;18,8;jah
2010-07-19;3,7;41;18,3;jah
2010-07-20;3,74;42;17,3;jah
2010-07-21;3,73;41;17,2;jah
2010-07-22;3,72;41;17,6;jah
2010-07-23;3,85;43;18,2;jah
2010-07-24;4,34;48;18,2;jah
2010-07-25;4,22;46;18,5;jah
2010-07-26;3,93;42;18,8;jah
2010-07-27;3,87;42;19;jah
2010-07-28;3,93;42;19;jah
2010-07-29;3,95;42;18,6;jah
2010-07-30;4,16;44;18,1;jah
2010-07-31;4,16;44;17,5;jah
2010-08-01;4,2;45;17;jah
2010-08-02;4,34;46;16,5;jah
2010-08-03;4,54;48;16,4;jah
2010-08-04;4,46;47;17,2;jah
2010-08-05;4,27;45;17,5;jah
2010-08-06;4,12;44;17,3;jah
2010-08-07;3,96;43;17,7;jah
2010-08-08;3,77;43;18,2;jah
2010-08-09;3,78;43;18,6;jah
2010-08-10;3,61;42;18,1;jah
2010-08-11;3,46;42;17,4;jah
2010-08-12;3,31;41;16,9;jah
2010-08-13;3,2;41;17,1;jah
2010-08-14;3,17;41;17,4;jah
2010-08-15;3,56;46;17,5;jah
2010-08-16;4,23;53;17,5;jah
2010-08-17;4,92;62;17,4;jah
2010-08-18;4,8;63;17,5;jah
2010-08-19;8,89;105;16,2;jah
2010-08-20;11,8;127;15,1;jah
2010-08-21;9,28;103;14,5;jah
2010-08-22;7,2;86;14,5;jah
2010-08-23;7,55;91;15,1;jah
2010-08-24;6,94;84;14,7;jah
2010-08-25;6,04;76;14;jah
2010-08-26;5,62;73;13,8;jah
2010-08-27;6,12;79;13,6;jah
2010-08-28;5,66;74;13,5;jah
2010-08-29;5,41;72;13;jah
2010-08-30;5,13;69;12,1;jah
2010-08-31;4,92;67;11,5;jah
2010-09-01;4,57;63;11,1;jah
2010-09-02;4,78;69;10,6;jah
2010-09-03;10,5;135;10,2;jah
2010-09-04;14,1;161;10,5;jah
2010-09-05;12,9;150;10,3;jah
2010-09-06;11,7;141;10,3;jah
2010-09-07;11,3;137;10,4;jah
2010-09-08;9,85;121;10,7;jah
2010-09-09;7,27;95;10,9;jah
2010-09-10;6,07;81;10,7;jah
2010-09-11;5,47;74;10,6;jah
2010-09-12;5,15;70;10,9;jah
2010-09-13;4,94;67;11,4;jah
2010-09-14;4,79;65;11,8;jah
2010-09-15;4,66;63;11,8;jah
2010-09-16;4,65;63;11,4;jah
2010-09-17;4,75;64;11,1;jah
2010-09-18;4,86;65;10,7;jah
2010-09-19;4,85;65;10,3;jah
2010-09-20;4,89;65;10,4;jah
2010-09-21;4,81;64;10,6;jah
2010-09-22;4,68;63;10,9;jah
2010-09-23;4,62;62;11;jah
2010-09-24;4,46;60;10,3;jah
2010-09-25;4,28;58;10,1;jah
2010-09-26;4,14;56;10;jah
2010-09-27;4,09;55;10,2;jah
2010-09-28;4,86;67;9,6;jah
2010-09-29;6,83;91;8,4;jah
2010-09-30;7,04;90;7,7;jah
2010-10-01;6,42;82;7;jah
2010-10-02;5,86;75;7;jah
2010-10-03;5,4;69;7,6;jah
2010-10-04;5,15;65;8;jah
2010-10-05;4,98;62;7,4;jah
2010-10-06;4,81;60;6,3;jah
2010-10-07;4,66;57;5,4;jah
2010-10-08;4,59;56;4,9;jah
2010-10-09;4,57;55;4,7;jah
2010-10-10;4,6;55;4,6;jah
2010-10-11;4,73;56;4,8;jah
2010-10-12;4,68;56;5,1;jah
2010-10-13;4,61;55;4,7;jah
2010-10-14;4,55;55;4,4;jah
2010-10-15;4,79;57;4,3;jah
2010-10-16;4,88;58;4;jah
2010-10-17;4,78;57;3,9;jah
2010-10-18;4,62;56;3,9;jah
2010-10-19;4,52;55;3,7;jah
2010-10-20;4,6;56;4,1;jah
2010-10-21;5,09;61;4,8;jah
2010-10-22;5,53;66;4,7;jah
2010-10-23;5,76;68;4,1;jah
2010-10-24;5,86;69;4,3;jah
2010-10-25;6,05;71;5;jah
2010-10-26;6,18;72;5,4;jah
2010-10-27;6,05;70;5;jah
2010-10-28;5,77;68;4,1;jah
2010-10-29;5,68;67;4,3;jah
2010-10-30;5,57;66;5;jah
2010-10-31;5,51;65;5,4;jah
2010-11-01;5,38;64;5,2;jah
2010-11-02;5,37;64;5,4;jah
2010-11-03;5,38;64;5,9;jah
2010-11-04;5,41;64;6,2;jah
2010-11-05;5,54;65;5,9;jah
2010-11-06;5,64;66;5,4;jah
2010-11-07;5,68;66;4,8;jah
2010-11-08;5,61;65;3,7;jah
2010-11-09;5,7;66;3,3;jah
2010-11-10;6,42;74;3,9;jah
2010-11-11;8,25;94;4,6;jah
2010-11-12;9,84;109;4,8;jah
2010-11-13;10,4;113;5;jah
2010-11-14;11,1;119;5,3;jah
2010-11-15;11,2;118;5,7;jah
2010-11-16;11;116;6;jah
2010-11-17;10,6;112;5,5;jah
2010-11-18;10,2;108;4,5;jah
2010-11-19;11;114;4,6;jah
2010-11-20;12,6;128;5,2;jah
2010-11-21;13,7;139;5;jah
2010-11-22;13,5;140;4,3;jah
2010-11-23;13;139;3,6;jah
2010-11-24;12,1;135;3,3;jah
2010-11-25;10,9;127;2,7;jah
2010-11-26;9,19;113;1,4;jah
2010-11-27;6,85;97;0,4;jah
2010-11-28;6,2;91;0,3;jah
2010-11-29;5,55;83;0,2;jah
2010-11-30;5,08;77;0,1;jah
2010-12-01;5,04;75;0,1;jah
2010-12-02;5,05;75;0,1;jah
2010-12-03;4,96;72;0;jah
2010-12-04;4,96;71;0,1;jah
2010-12-05;5,05;71;0,1;jah
2010-12-06;5,17;72;0;jah
2010-12-07;5,27;72;0,1;jah
2010-12-08;5,31;71;0,1;jah
2010-12-09;5,43;72;0;jah
2010-12-10;5,68;74;0,1;jah
2010-12-11;5,33;70;0,1;jah
2010-12-12;4,64;70;0,1;jah
2010-12-13;4,2;58;0;jah
2010-12-14;4,77;64;0,1;jah
2010-12-15;4,77;69;0,1;jah
2010-12-16;4,74;68;0,1;jah
2010-12-17;4,72;67;0,1;jah
2010-12-18;4,71;63;0;jah
2010-12-19;4,79;62;0;jah
2010-12-20;4,99;65;0,1;jah
2010-12-21;5,26;67;0,1;jah
2010-12-22;5,24;67;0,1;jah
2010-12-23;5,21;66;0,1;jah
2010-12-24;5,2;66;0;jah
2010-12-25;5,42;68;0,1;jah
2010-12-26;5,44;68;0,1;jah
2010-12-27;5,33;66;0;jah
2010-12-28;5,35;66;0;jah
2010-12-29;5,26;65;0;jah
2010-12-30;5,28;65;0;jah
2010-12-31;4,89;60;0;jah
2011-01-01;5,1;64;0;jah
2011-01-02;5,57;69;0;jah
2011-01-03;5,39;66;0;jah
2011-01-04;5,04;61;0;jah
2011-01-05;5,06;61;0;jah
2011-01-06;5,22;62;0;jah
2011-01-07;5,2;61;0;jah
2011-01-08;5,24;61;0;jah
2011-01-09;5,25;60;0,1;jah
2011-01-10;5,1;58;1,1;jah
2011-01-11;5,21;59;1,7;jah
2011-01-12;5,39;60;1,2;jah
2011-01-13;5,53;61;1,2;jah
2011-01-14;5,59;62;1;jah
2011-01-15;5,5;61;0,5;jah
2011-01-16;5,1;56;0;jah
2011-01-17;5,41;60;0,1;jah
2011-01-18;6;66;0,2;jah
2011-01-19;5,82;64;1;jah
2011-01-20;5,82;64;1,6;jah
2011-01-21;5,79;64;1,4;jah
2011-01-22;5,62;62;1;jah
2011-01-23;5,53;61;0,5;jah
2011-01-24;5,56;61;0,2;jah
2011-01-25;5,58;61;0,1;jah
2011-01-26;5,77;63;0,1;jah
2011-01-27;5,61;60;0;jah
2011-01-28;5,44;59;0,1;jah
2011-01-29;5,74;62;0,2;jah
2011-01-30;5,61;60;0,2;jah
2011-01-31;5,34;56;0;jah
2011-02-01;5,31;56;0,2;jah
2011-02-02;5,38;56;1,2;jah
2011-02-03;5,49;57;1,9;jah
2011-02-04;5,59;58;2;jah
2011-02-05;5,64;58;2;jah
2011-02-06;5,68;58;1,8;jah
2011-02-07;5,64;57;1,4;jah
2011-02-08;5,67;58;1,5;jah
2011-02-09;5,88;61;1,4;jah
2011-02-10;5,66;58;0,2;jah
2011-02-11;5,59;60;0,1;jah
2011-02-12;5,8;62;0,1;jah
2011-02-13;5,74;62;0,1;jah
2011-02-14;5,71;62;0,1;jah
2011-02-15;5,6;62;0,1;jah
2011-02-16;5,55;62;0,1;jah
2011-02-17;5,44;62;0,1;jah
2011-02-18;5,22;60;0;jah
2011-02-19;5,03;58;0,1;jah
2011-02-20;4,89;58;0,1;jah
2011-02-21;4,8;57;0,1;jah
2011-02-22;4,7;57;0,1;jah
2011-02-23;4,6;56;0,1;jah
2011-02-24;4,47;56;0,1;jah
2011-02-25;4,35;55;0,1;jah
2011-02-26;4,27;55;0,1;jah
2011-02-27;4,21;54;0,1;jah
2011-02-28;4,32;54;0,2;jah
2011-03-01;4,4;53;0,2;jah
2011-03-02;4,51;52;0,2;jah
2011-03-03;4,67;52;0,2;jah
2011-03-04;4,79;52;0,2;jah
2011-03-05;4,91;52;0,2;jah
2011-03-06;4,87;51;0,1;jah
2011-03-07;4,76;50;0,1;jah
2011-03-08;4,7;49;0,1;jah
2011-03-09;4,64;48;0,1;jah
2011-03-10;4,51;46;0,3;jah
2011-03-11;4,49;46;1,1;jah
2011-03-12;4,52;46;1,6;jah
2011-03-13;4,51;45;2,1;jah
2011-03-14;4,54;46;2,7;jah
2011-03-15;4,51;45;2,6;jah
2011-03-16;4,5;45;1,6;jah
2011-03-17;4,45;44;1,1;jah
2011-03-18;4,49;44;1,3;jah
2011-03-19;4,58;45;1,8;jah
2011-03-20;4,63;45;2,4;jah
2011-03-21;4,66;45;2,5;jah
2011-03-22;4,76;47;3,2;jah
2011-03-23;5,2;52;3,1;jah
2011-03-24;5,44;54;2,5;jah
2011-03-25;5,56;55;1,5;jah
2011-03-26;5,51;55;0,7;jah
2011-03-27;5,46;54;0,9;jah
2011-03-28;5,49;54;1,4;jah
2011-03-29;5,43;54;1,7;jah
2011-03-30;5,36;53;2,6;jah
2011-03-31;5,3;52;2,4;jah
2011-04-01;5,16;51;2,3;jah
2011-04-02;5,37;53;3,3;jah
2011-04-03;6,16;63;4,1;jah
2011-04-04;9,33;93;3,4;jah
2011-04-05;15,5;142;1,6;jah
2011-04-06;22,4;199;0,4;jah
2011-04-07;38,6;291;0,3;jah
2011-04-08;44,5;312;0,3;jah
2011-04-09;43;302;0,7;jah
2011-04-10;38,5;280;1,5;jah
2011-04-11;33,6;255;2,3;jah
2011-04-12;29,7;234;3,4;jah
2011-04-13;26,5;215;4,1;jah
2011-04-14;23,7;198;4,4;jah
2011-04-15;21,5;183;4,5;jah
2011-04-16;19,8;171;5,3;jah
2011-04-17;18,6;164;6,1;jah
2011-04-18;17,7;158;7;jah
2011-04-19;17,2;154;7,1;jah
2011-04-20;16,9;152;6,8;jah
2011-04-21;16,6;149;7,1;jah
2011-04-22;15,6;141;7,7;jah
2011-04-23;14,3;130;8,8;jah
2011-04-24;12,6;117;9,6;jah
2011-04-25;11,3;107;9,9;jah
2011-04-26;10,3;99;10,3;jah
2011-04-27;9,42;92;10,7;jah
2011-04-28;8,63;86;10,8;jah
2011-04-29;8,01;81;10,4;jah
2011-04-30;7,5;76;9,8;jah
2011-05-01;7,14;73;9,4;jah
2011-05-02;6,82;70;8,3;jah
2011-05-03;6,62;68;7,4;jah
2011-05-04;6,43;66;7,3;jah
2011-05-05;6,3;65;7,8;jah
2011-05-06;6,14;63;8,7;jah
2011-05-07;6,01;62;9,4;jah
2011-05-08;5,86;61;10,1;jah
2011-05-09;5,73;59;11;jah
2011-05-10;5,61;58;11,8;jah
2011-05-11;5,53;57;12,4;jah
2011-05-12;5,47;56;13;jah
2011-05-13;5,57;58;13,1;jah
2011-05-14;5,56;57;12,6;jah
2011-05-15;5,49;57;11,4;jah
2011-05-16;5,7;59;10,5;jah
2011-05-17;6,45;67;9,8;jah
2011-05-18;6,87;71;10,3;jah
2011-05-19;7,04;73;11,2;jah
2011-05-20;6,69;69;12,4;jah
2011-05-21;6,13;63;13,2;jah
2011-05-22;5,73;59;13,6;jah
2011-05-23;5,51;56;13,5;jah
2011-05-24;5,55;57;13;jah
2011-05-25;5,34;55;12,8;jah
2011-05-26;5,16;53;12,4;jah
2011-05-27;4,98;51;12,6;jah
2011-05-28;5,02;52;13,1;jah
2011-05-29;5,02;52;13,3;jah
2011-05-30;5,03;52;13;jah
2011-05-31;4,92;51;13,9;jah
2011-06-01;4,75;49;15,7;jah
2011-06-02;4,6;47;17,1;jah
2011-06-03;4,46;45;16,9;jah
2011-06-04;4,36;44;16,2;jah
2011-06-05;4,28;43;16,3;jah
2011-06-06;4,25;43;16,5;jah
2011-06-07;4,2;42;17,2;jah
2011-06-08;4,12;41;17,9;jah
2011-06-09;4,04;40;17,7;jah
2011-06-10;4,01;40;17,7;jah
2011-06-11;4;40;17,8;jah
2011-06-12;4;40;17,9;jah
2011-06-13;3,98;39;17,2;jah
2011-06-14;4,01;40;15,8;jah
2011-06-15;4,11;41;14,7;jah
2011-06-16;4,27;43;13,7;jah
2011-06-17;4,23;43;13,9;jah
2011-06-18;4,3;44;14,6;jah
2011-06-19;4,29;43;14,7;jah
2011-06-20;4,29;43;14;jah
2011-06-21;4,34;45;13,9;jah
2011-06-22;4,61;48;14,2;jah
2011-06-23;4,44;46;14;jah
2011-06-24;4,28;44;13,9;jah
2011-06-25;4,38;46;14,1;jah
2011-06-26;4,53;47;14,1;jah
2011-06-27;4,3;44;14,4;jah
2011-06-28;4,13;42;15,4;jah
2011-06-29;4,01;41;15,9;jah
2011-06-30;3,98;41;16,3;jah
2011-07-01;3,94;40;17;jah
2011-07-02;3,93;40;17,5;jah
2011-07-03;3,92;40;17,7;jah
2011-07-04;3,97;41;17,2;jah
2011-07-05;3,98;42;16,8;jah
2011-07-06;3,97;42;16;jah
2011-07-07;3,98;42;16,2;jah
2011-07-08;3,89;41;16,9;jah
2011-07-09;3,8;40;17,3;jah
2011-07-10;3,83;41;17,3;jah
2011-07-11;3,77;40;17,7;jah
2011-07-12;3,71;39;17,9;jah
2011-07-13;3,74;40;17,1;jah
2011-07-14;3,7;40;16,6;jah
2011-07-15;3,81;42;16,5;jah
2011-07-16;3,92;44;16,7;jah
2011-07-17;3,86;43;16,8;jah
2011-07-18;3,76;42;16,7;jah
2011-07-19;3,76;42;17,3;jah
2011-07-20;4,26;50;17,2;jah
2011-07-21;4,24;49;17,9;jah
2011-07-22;4,02;46;18,9;jah
2011-07-23;3,82;43;19,3;jah
2011-07-24;3,75;42;18;jah
2011-07-25;3,71;42;16,9;jah
2011-07-26;3,68;41;17,1;jah
2011-07-27;3,68;41;17,5;jah
2011-07-28;3,76;42;17,9;jah
2011-07-29;3,87;44;18,4;jah
2011-07-30;4,02;47;17,8;jah
2011-07-31;4,01;47;17,1;jah
2011-08-01;3,97;46;16,4;jah
2011-08-02;3,8;44;15,7;jah
2011-08-03;3,68;42;15,2;jah
2011-08-04;3,58;41;14,8;jah
2011-08-05;3,53;41;14,9;jah
2011-08-06;3,5;40;14,6;jah
2011-08-07;3,47;40;15,3;jah
2011-08-08;3,49;41;15,8;jah
2011-08-09;3,61;43;15,3;jah
2011-08-10;3,71;45;14,9;jah
2011-08-11;3,81;47;14,2;jah
2011-08-12;3,78;46;13;jah
2011-08-13;3,93;49;12,7;jah
2011-08-14;3,97;49;13,1;jah
2011-08-15;3,87;48;14,1;jah
2011-08-16;3,81;47;14,8;jah
2011-08-17;4,07;52;15,7;jah
2011-08-18;3,98;50;15,7;jah
2011-08-19;3,8;47;15,3;jah
2011-08-20;3,83;49;14,8;jah
2011-08-21;4,26;55;14,2;jah
2011-08-22;4,23;54;13,9;jah
2011-08-23;4,09;53;14,1;jah
2011-08-24;4,17;54;14,1;jah
2011-08-25;4,07;53;14,4;jah
2011-08-26;3,86;50;14,8;jah
2011-08-27;3,69;47;15;jah
2011-08-28;3,62;46;15,3;jah
2011-08-29;3,54;45;15;jah
2011-08-30;3,64;47;14,3;jah
2011-08-31;3,69;48;13,6;jah
2011-09-01;3,65;47;13;jah
2011-09-02;3,69;48;12,6;jah
2011-09-03;3,72;48;12,6;jah
2011-09-04;3,65;48;12,4;jah
2011-09-05;3,61;47;12,2;jah
2011-09-06;3,58;47;12,1;jah
2011-09-07;3,56;46;12,5;jah
2011-09-08;3,61;47;12,5;jah
2011-09-09;3,68;49;12;jah
2011-09-10;3,65;48;11,5;jah
2011-09-11;3,6;47;11,6;jah
2011-09-12;3,56;46;11,4;jah
2011-09-13;3,61;47;11,7;jah
2011-09-14;3,66;47;11,6;jah
2011-09-15;3,61;46;11,8;jah
2011-09-16;3,59;46;11,6;jah
2011-09-17;3,66;47;11,4;jah
2011-09-18;3,63;46;10,8;jah
2011-09-19;3,6;45;10,7;jah
2011-09-20;3,64;46;10,7;jah
2011-09-21;3,66;46;10,6;jah
2011-09-22;3,65;45;11;jah
2011-09-23;3,63;45;11,1;jah
2011-09-24;3,59;45;10,5;jah
2011-09-25;3,6;45;10,3;jah
2011-09-26;3,62;45;10,2;jah
2011-09-27;3,59;45;9,9;jah
2011-09-28;3,56;44;9,9;jah
2011-09-29;3,58;45;10,2;jah
2011-09-30;3,65;46;10,8;jah
2011-10-01;3,62;45;11,1;jah
2011-10-02;3,57;44;10,3;jah
2011-10-03;3,56;44;9,8;jah
2011-10-04;3,66;46;9,7;jah
2011-10-05;3,74;47;9,9;jah
2011-10-06;3,65;45;9,8;jah
2011-10-07;3,69;46;10,3;jah
2011-10-08;3,65;45;9,6;jah
2011-10-09;3,74;46;9,2;jah
2011-10-10;3,78;47;8;jah
2011-10-11;4,08;52;7,8;jah
2011-10-12;4,53;58;7,2;jah
2011-10-13;4,44;56;6,7;jah
2011-10-14;4,16;53;6,6;jah
2011-10-15;4,05;51;5,9;jah
2011-10-16;3,96;50;5,9;jah
2011-10-17;3,88;48;6,2;jah
2011-10-18;3,8;47;5,8;jah
2011-10-19;3,77;47;5,4;jah
2011-10-20;3,74;46;5,4;jah
2011-10-21;3,74;46;5,7;jah
2011-10-22;3,71;45;5,5;jah
2011-10-23;3,73;45;6,5;jah
2011-10-24;3,74;45;7,2;jah
2011-10-25;3,76;44;6,6;jah
2011-10-26;3,76;44;5,9;jah
2011-10-27;3,78;44;5,6;jah
2011-10-28;3,78;43;4,7;jah
2011-10-29;3,79;43;4,9;jah
2011-10-30;3,8;43;4,9;jah
2011-10-31;3,81;43;5,9;jah
2011-11-01;3,81;44;6,6;jah
2011-11-02;3,75;43;7,2;jah
2011-11-03;3,7;43;7,3;jah
2011-11-04;3,65;42;7,2;jah
2011-11-05;3,58;42;6,1;jah
2011-11-06;3,56;42;5,6;jah
2011-11-07;3,53;41;5,5;jah
2011-11-08;3,52;42;5,7;jah
2011-11-09;3,47;41;5,2;jah
2011-11-10;3,41;41;4;jah
2011-11-11;3,39;40;3,1;jah
2011-11-12;3,43;40;3,6;jah
2011-11-13;3,45;40;4;jah
2011-11-14;3,49;41;4,5;jah
2011-11-15;3,52;41;4,5;jah
2011-11-16;3,5;40;3,8;jah
2011-11-17;3,51;40;4;jah
2011-11-18;3,54;40;4,6;jah
2011-11-19;3,63;41;5,1;jah
2011-11-20;3,69;42;4,3;jah
2011-11-21;3,57;40;2,4;jah
2011-11-22;3,56;40;2,4;jah
2011-11-23;3,65;41;3,2;jah
2011-11-24;3,66;41;3,9;jah
2011-11-25;3,68;41;4,6;jah
2011-11-26;3,72;42;4,9;jah
2011-11-27;3,77;43;5;jah
2011-11-28;3,96;46;5,2;jah
2011-11-29;4;46;4,4;jah
2011-11-30;4,07;46;4,2;jah
2011-12-01;4,06;45;4,2;jah
2011-12-02;4,01;43;4,2;jah
2011-12-03;4,11;44;4,2;jah
2011-12-04;4,23;45;3,9;jah
2011-12-05;4,44;47;3,9;jah
2011-12-06;4,58;48;3,6;jah
2011-12-07;4,59;47;3,4;jah
2011-12-08;4,55;46;3,3;jah
2011-12-09;4,53;45;3;jah
2011-12-10;4,58;45;2,7;jah
2011-12-11;4,68;45;2,9;jah
2011-12-12;4,61;45;3;jah
2011-12-13;4,5;44;3;jah
2011-12-14;4,45;44;3,3;jah
2011-12-15;4,46;45;3,9;jah
2011-12-16;4,53;47;3,7;jah
2011-12-17;4,67;50;3,6;jah
2011-12-18;5,05;55;3,8;jah
2011-12-19;5,43;60;3,6;jah
2011-12-20;5,56;61;3,2;jah
2011-12-21;5,34;59;2,9;jah
2011-12-22;5,04;55;2,7;jah
2011-12-23;4,76;52;2,3;jah
2011-12-24;4,5;48;1,7;jah
2011-12-25;4,37;47;1,8;jah
2011-12-26;4,49;49;2,7;jah
2011-12-27;4,55;50;3,5;jah
2011-12-28;4,65;51;3;jah
2011-12-29;4,62;51;2,8;jah
2011-12-30;4,6;50;2,9;jah
2011-12-31;4,52;49;2,8;jah
2012-01-01;4,13;47;1,8;jah
2012-01-02;3,73;45;1;jah
2012-01-03;3,41;42;1,2;jah
2012-01-04;3,66;46;1,9;jah
2012-01-05;4,03;49;2,4;jah
2012-01-06;4,37;52;2,5;jah
2012-01-07;4,55;53;2,3;jah
2012-01-08;4,56;51;2;jah
2012-01-09;4,6;50;2,3;jah
2012-01-10;4,52;48;2,4;jah
2012-01-11;4,35;46;2,5;jah
2012-01-12;4,37;47;2,6;jah
2012-01-13;4,65;52;2,9;jah
2012-01-14;4,98;57;2,7;jah
2012-01-15;5,04;58;2,6;jah
2012-01-16;4,9;57;2,4;jah
2012-01-17;4,57;53;2,3;jah
2012-01-18;4,39;51;2,3;jah
2012-01-19;4,24;49;2;jah
2012-01-20;4,11;48;1,9;jah
2012-01-21;3,96;47;2;jah
2012-01-22;3,96;47;2,2;jah
2012-01-23;3,92;47;2,3;jah
2012-01-24;3,85;47;2,1;jah
2012-01-25;3,64;45;2,1;jah
2012-01-26;3,54;44;2,1;jah
2012-01-27;3,5;45;2,3;jah
2012-01-28;3,46;46;2,2;jah
2012-01-29;3,42;48;2;jah
2012-01-30;3,38;47;1,9;jah
2012-01-31;3,33;46;1,9;jah
2012-02-01;3,29;46;1,8;jah
2012-02-02;3,25;45;1,5;jah
2012-02-03;3,21;46;1,3;jah
2012-02-04;3,18;46;1;jah
2012-02-05;3,12;46;0,8;jah
2012-02-06;3,07;46;0,6;jah
2012-02-07;3,01;46;0,5;jah
2012-02-08;2,97;46;0,5;jah
2012-02-09;3,03;46;0,5;jah
2012-02-10;3,12;46;0,3;jah
2012-02-11;3,17;46;0,1;jah
2012-02-12;3,23;46;0;jah
2012-02-13;3,29;45;0;jah
2012-02-14;3,37;46;0;jah
2012-02-15;3,49;47;0,2;jah
2012-02-16;3,55;46;0,2;jah
2012-02-17;3,56;45;0,1;jah
2012-02-18;3,55;44;0;jah
2012-02-19;3,66;45;0;jah
2012-02-20;3,87;46;0;jah
2012-02-21;3,94;46;0,2;jah
2012-02-22;3,94;45;0,6;jah
2012-02-23;4;45;0,7;jah
2012-02-24;4;43;0,7;jah
2012-02-25;3,94;41;0,8;jah
2012-02-26;3,9;40;0,9;jah
2012-02-27;3,88;38;1,4;jah
2012-02-28;3,9;38;1,8;jah
2012-02-29;3,97;38;2;jah
2012-03-01;3,97;38;2,4;jah
2012-03-02;4;39;2,9;jah
2012-03-03;4,07;40;3;jah
2012-03-04;4,03;39;2,9;jah
2012-03-05;3,99;39;2,3;jah
2012-03-06;3,93;38;1,7;jah
2012-03-07;3,91;38;1,2;jah
2012-03-08;3,89;40;1,1;jah
2012-03-09;3,88;39;1,1;jah
2012-03-10;3,9;38;1,1;jah
2012-03-11;3,88;38;1,6;jah
2012-03-12;3,93;38;2,9;jah
2012-03-13;4,02;39;3,5;jah
2012-03-14;4,11;40;3,3;jah
2012-03-15;4,1;40;3;jah
2012-03-16;4,14;40;3,2;jah
2012-03-17;4,26;42;3,6;jah
2012-03-18;4,96;52;3,9;jah
2012-03-19;7,01;75;3,2;jah
2012-03-20;8,62;89;1,8;jah
2012-03-21;8,29;85;1,4;jah
2012-03-22;7,64;79;1,9;jah
2012-03-23;8,87;92;2,4;jah
2012-03-24;11;109;1,8;jah
2012-03-25;12,8;124;1,4;jah
2012-03-26;13,2;127;1;jah
2012-03-27;13,5;130;1,3;jah
2012-03-28;13,3;130;1,6;jah
2012-03-29;13,4;132;2;jah
2012-03-30;13,5;133;2,1;jah
2012-03-31;13,6;133;2;jah
2012-04-01;13,5;132;1,8;jah
2012-04-02;13,2;128;1,9;jah
2012-04-03;12;118;1,8;jah
2012-04-04;10,5;104;2;jah
2012-04-05;9,19;93;2,6;jah
2012-04-06;8,83;90;3;jah
2012-04-07;8,73;89;3,3;jah
2012-04-08;8,78;89;3,1;jah
2012-04-09;8,64;87;2,7;jah
2012-04-10;8,18;83;3;jah
2012-04-11;7,95;81;3,5;jah
2012-04-12;7,93;81;4,5;jah
2012-04-13;8,31;84;5,2;jah
2012-04-14;9,12;92;5,6;jah
2012-04-15;9,84;98;5,4;jah
2012-04-16;10,3;102;4,9;jah
2012-04-17;12;116;4,2;jah
2012-04-18;12,7;120;4;jah
2012-04-19;12,5;119;4,5;jah
2012-04-20;12,7;122;5,2;jah
2012-04-21;12,9;124;6,2;jah
2012-04-22;12,2;119;7,4;jah
2012-04-23;11,9;117;7,9;jah
2012-04-24;11,8;117;7,6;jah
2012-04-25;11,1;111;7,3;jah
2012-04-26;9,88;101;8,4;jah
2012-04-27;8,61;90;9,4;jah
2012-04-28;7,69;83;10,8;jah
2012-04-29;7,16;78;11,3;jah
2012-04-30;6,75;74;10,8;jah
2012-05-01;6,36;70;10,4;jah
2012-05-02;5,98;66;9,9;jah
2012-05-03;5,75;63;9,5;jah
2012-05-04;5,56;61;9,1;jah
2012-05-05;5,42;59;9,7;jah
2012-05-06;5,27;58;10,1;jah
2012-05-07;5,2;57;9,9;jah
2012-05-08;5,19;57;9,5;jah
2012-05-09;5,14;56;9,7;jah
2012-05-10;5,03;55;10,5;jah
2012-05-11;4,96;54;11,2;jah
2012-05-12;5,01;55;11,3;jah
2012-05-13;4,98;54;10,6;jah
2012-05-14;4,91;53;9,8;jah
2012-05-15;4,83;52;10,2;jah
2012-05-16;4,8;52;10,7;jah
2012-05-17;4,87;53;11,6;jah
2012-05-18;5,91;67;11,5;jah
2012-05-19;6,85;77;11,1;jah
2012-05-20;6,69;75;11,3;jah
2012-05-21;5,99;68;11,6;jah
2012-05-22;5,8;67;11,7;jah
2012-05-23;6,18;72;12;jah
2012-05-24;6,43;75;12,2;jah
2012-05-25;5,85;68;12,2;jah
2012-05-26;5,3;62;11,8;jah
2012-05-27;4,97;59;12,2;jah
2012-05-28;4,75;56;12,6;jah
2012-05-29;4,72;55;12,2;jah
2012-05-30;4,87;57;11,3;jah
2012-05-31;5,04;58;10,4;jah
2012-06-01;5,1;59;10,1;jah
2012-06-02;5,56;64;10,2;jah
2012-06-03;6,32;72;10,2;jah
2012-06-04;6,59;75;10,2;jah
2012-06-05;6,1;70;10,5;jah
2012-06-06;5,57;64;11,1;jah
2012-06-07;5,19;60;11,4;jah
2012-06-08;4,92;58;11,6;jah
2012-06-09;4,76;56;11,6;jah
2012-06-10;4,62;55;12,1;jah
2012-06-11;4,82;59;11,8;jah
2012-06-12;5,83;72;11,3;jah
2012-06-13;5,95;73;11,5;jah
2012-06-14;5,64;70;12,1;jah
2012-06-15;5,14;64;12,6;jah
2012-06-16;4,82;61;13,1;jah
2012-06-17;4,6;59;13,5;jah
2012-06-18;4,42;57;13,4;jah
2012-06-19;4,35;56;13,3;jah
2012-06-20;4,32;56;13,2;jah
2012-06-21;4,22;55;13,4;jah
2012-06-22;4,1;54;13,6;jah
2012-06-23;4,1;55;13,5;jah
2012-06-24;4,16;57;12,5;jah
2012-06-25;4,16;57;12;jah
2012-06-26;4,39;62;12;jah
2012-06-27;4,93;70;12,1;jah
2012-06-28;5,57;80;12;jah
2012-06-29;5,58;79;12,3;jah
2012-06-30;4,96;71;12,8;jah
2012-07-01;4,51;66;13,5;jah
2012-07-02;4,28;63;13,9;jah
2012-07-03;4,09;61;13,6;jah
2012-07-04;3,94;59;13,6;jah
2012-07-05;3,87;59;13,5;jah
2012-07-06;3,85;59;13,7;jah
2012-07-07;3,77;58;14,5;jah
2012-07-08;3,75;59;15,1;jah
2012-07-09;3,8;60;15,4;jah
2012-07-10;3,79;61;15,5;jah
2012-07-11;3,65;59;15,5;jah
2012-07-12;3,57;58;14,8;jah
2012-07-13;3,91;65;14,3;jah
2012-07-14;4,19;70;13,6;jah
2012-07-15;4,11;70;13,2;jah
2012-07-16;4,38;75;13;jah
2012-07-17;4,36;74;12,7;jah
2012-07-18;4,28;73;12,5;jah
2012-07-19;4,11;71;12,4;jah
2012-07-20;3,92;68;12,3;jah
2012-07-21;3,84;67;12;jah
2012-07-22;3,99;70;12,1;jah
2012-07-23;4,03;71;11,9;jah
2012-07-24;3,89;69;12,2;jah
2012-07-25;3,72;66;12,9;jah
2012-07-26;3,6;65;13,5;jah
2012-07-27;3,58;65;14,1;jah
2012-07-28;3,46;63;14,5;jah
2012-07-29;3,36;61;15,4;jah
2012-07-30;3,28;60;15,7;jah
2012-07-31;3,35;62;15,8;jah
2012-08-01;3,51;66;14,8;jah
2012-08-02;3,8;71;13,6;jah
2012-08-03;3,8;70;13,3;jah
2012-08-04;3,67;68;13,6;jah
2012-08-05;3,64;68;13,7;jah
2012-08-06;3,51;65;13,7;jah
2012-08-07;3,48;65;13,6;jah
2012-08-08;3,64;68;13,1;jah
2012-08-09;3,8;71;12,7;jah
2012-08-10;3,97;74;12,4;jah
2012-08-11;3,85;72;12,2;jah
2012-08-12;3,68;69;11,7;jah
2012-08-13;3,58;68;11,4;jah
2012-08-14;3,54;67;11,5;jah
2012-08-15;3,53;67;11,4;jah
2012-08-16;3,53;67;11,6;jah
2012-08-17;3,53;67;11,8;jah
2012-08-18;3,59;68;12,1;jah
2012-08-19;3,61;69;12,3;jah
2012-08-20;3,84;73;12,2;jah
2012-08-21;3,82;72;11,7;jah
2012-08-22;3,67;70;11,3;jah
2012-08-23;3,74;72;11,2;jah
2012-08-24;3,98;76;11,4;jah
2012-08-25;4,23;80;11,9;jah
2012-08-26;4,07;77;12;jah
2012-08-27;3,91;75;12,1;jah
2012-08-28;3,92;75;11,9;jah
2012-08-29;3,86;74;11,6;jah
2012-08-30;3,75;72;12;jah
2012-08-31;3,64;70;11,7;jah
2012-09-01;3,55;68;11,2;jah
2012-09-02;3,62;70;11,3;jah
2012-09-03;3,67;70;11,5;jah
2012-09-04;3,65;70;11,7;jah
2012-09-05;3,61;69;12,1;jah
2012-09-06;3,55;68;12;jah
2012-09-07;3,53;68;11,1;jah
2012-09-08;3,63;70;10,3;jah
2012-09-09;3,76;72;9,9;jah
2012-09-10;3,72;71;9,7;jah
2012-09-11;3,62;69;10;jah
2012-09-12;3,66;71;10,6;jah
2012-09-13;4,59;86;11,2;jah
2012-09-14;4,52;84;10,9;jah
2012-09-15;4,12;77;10,7;jah
2012-09-16;3,9;73;10,5;jah
2012-09-17;3,79;71;10,6;jah
2012-09-18;3,66;69;10,8;jah
2012-09-19;3,58;67;10,8;jah
2012-09-20;3,56;66;10,9;jah
2012-09-21;3,54;66;10,3;jah
2012-09-22;3,51;65;9,8;jah
2012-09-23;3,59;66;9,5;jah
2012-09-24;3,74;69;9,3;jah
2012-09-25;3,9;72;9,3;jah
2012-09-26;3,94;72;9,3;jah
2012-09-27;3,84;70;9,3;jah
2012-09-28;3,77;68;9,7;jah
2012-09-29;3,71;67;9,8;jah
2012-09-30;3,75;67;9,7;jah
2012-10-01;3,92;69;9,3;jah
2012-10-02;3,97;69;9,2;jah
2012-10-03;3,95;68;9,2;jah
2012-10-04;4,1;70;9,2;jah
2012-10-05;4,16;70;9,4;jah
2012-10-06;4,24;71;9,2;jah
2012-10-07;4,37;72;9;jah
2012-10-08;4,54;74;8,7;jah
2012-10-09;4,81;78;8,3;jah
2012-10-10;4,88;78;8;jah
2012-10-11;4,79;76;7,7;jah
2012-10-12;4,73;74;7,7;jah
2012-10-13;4,59;72;7,6;jah
2012-10-14;4,54;71;7,5;jah
2012-10-15;4,56;71;7,4;jah
2012-10-16;4,57;71;7,8;jah
2012-10-17;4,62;72;8,2;jah
2012-10-18;4,75;73;8,1;jah
2012-10-19;4,77;74;8;jah
2012-10-20;4,76;73;8,2;jah
2012-10-21;4,62;71;8,4;jah
2012-10-22;4,51;69;8,4;jah
2012-10-23;4,41;67;7,5;jah
2012-10-24;4,36;66;6,9;jah
2012-10-25;4,32;66;6,6;jah
2012-10-26;4,56;69;6,1;jah
2012-10-27;4,68;70;5,3;jah
2012-10-28;4,7;69;4,9;jah
2012-10-29;4,76;69;4,7;jah
2012-10-30;4,82;68;4,5;jah
2012-10-31;4,89;68;4,4;jah
2012-11-01;4,94;67;4,4;jah
2012-11-02;5,11;69;4,7;jah
2012-11-03;6,56;87;5,1;jah
2012-11-04;8,68;107;5,3;jah
2012-11-05;9,28;112;5,2;jah
2012-11-06;9,97;119;5,3;jah
2012-11-07;10,5;123;5,2;jah
2012-11-08;10,1;120;4,7;jah
2012-11-09;9,49;114;4,5;jah
2012-11-10;8,55;105;4,4;jah
2012-11-11;7,59;96;4,3;jah
2012-11-12;7,46;95;4,4;jah
2012-11-13;7,6;96;4,5;jah
2012-11-14;7,44;95;4,6;jah
2012-11-15;7,17;92;5;jah
2012-11-16;6,91;89;5,4;jah
2012-11-17;6,64;86;5,7;jah
2012-11-18;6,38;83;5,7;jah
2012-11-19;6,13;81;5,4;jah
2012-11-20;5,91;78;5,1;jah
2012-11-21;5,72;76;5,1;jah
2012-11-22;5,54;74;5,3;jah
2012-11-23;5,39;72;5,4;jah
2012-11-24;5,31;71;5,7;jah
2012-11-25;5,29;71;5,7;jah
2012-11-26;5,31;71;5,5;jah
2012-11-27;5,26;71;5;jah
2012-11-28;5,23;70;4,6;jah
2012-11-29;5,31;71;4,3;jah
2012-11-30;5,33;71;3,1;jah
2012-12-01;5,21;70;2,7;jah
2012-12-02;5,51;74;2,6;jah
2012-12-03;5,49;73;2,6;jah
2012-12-04;5,45;73;2,8;jah
2012-12-05;5,36;73;2,8;jah
2012-12-06;5,22;71;2,8;jah
2012-12-07;5,24;72;2,9;jah
2012-12-08;5,17;71;2,9;jah
2012-12-09;5,03;70;2,6;jah
2012-12-10;4,96;76;2,4;jah
2012-12-11;4,91;75;2,3;jah
2012-12-12;4,86;71;2,3;jah
2012-12-13;4,82;69;2,3;jah
2012-12-14;4,73;68;2,3;jah
2012-12-15;4,65;68;2,2;jah
2012-12-16;4,66;76;2;jah
2012-12-17;4,68;81;2,1;jah
2012-12-18;4,69;87;2,1;jah
2012-12-19;4,7;90;2,1;jah
2012-12-20;4,71;84;2,3;jah
2012-12-21;4,72;79;2,4;jah
2012-12-22;4,72;77;2,4;jah
2012-12-23;4,73;75;2,3;jah
2012-12-24;4,74;74;2,4;jah
2012-12-25;4,76;74;2,2;jah
2012-12-26;4,9;76;2,2;jah
2012-12-27;5,32;79;2,2;jah
2012-12-28;5,69;81;2,1;jah
2012-12-29;5,9;81;1,9;jah
2012-12-30;6,01;80;2;jah
2012-12-31;6,15;79;2;jah
2013-01-01;6,11;77;2,3;jah
2013-01-02;6,79;83;3;jah
2013-01-03;8,78;101;2,8;jah
2013-01-04;10,6;115;2,4;jah
2013-01-05;11;118;2,1;jah
2013-01-06;10,1;111;1,9;jah
2013-01-07;8,76;100;1,8;jah
2013-01-08;7,66;91;1,6;jah
2013-01-09;7,15;87;1,6;jah
2013-01-10;6,4;81;1,5;jah
2013-01-11;6,23;80;1,2;jah
2013-01-12;6,2;81;1,1;jah
2013-01-13;6,68;87;1,3;jah
2013-01-14;6,81;89;1,4;jah
2013-01-15;6,76;89;1,6;jah
2013-01-16;6,53;87;1,6;jah
2013-01-17;6,02;83;1,5;jah
2013-01-18;5,87;82;1,4;jah
2013-01-19;5,6;79;1,4;jah
2013-01-20;5,34;77;1,5;jah
2013-01-21;5,19;76;1,6;jah
2013-01-22;5,15;77;1,6;jah
2013-01-23;5,08;76;1,6;jah
2013-01-24;5,14;76;1,6;jah
2013-01-25;5,11;75;1,6;jah
2013-01-26;5,09;74;1,6;jah
2013-01-27;5,07;73;1,6;jah
2013-01-28;5;71;1,7;jah
2013-01-29;5,13;73;1,8;jah
2013-01-30;5,47;76;1,8;jah
2013-01-31;5,68;77;1,8;jah
2013-02-01;5,4;73;1,7;jah
2013-02-02;4,85;65;1,6;jah
2013-02-03;4,55;61;2;jah
2013-02-04;4,57;61;2,1;jah
2013-02-05;4,61;61;2;jah
2013-02-06;4,65;60;2,2;jah
2013-02-07;4,69;60;2,4;jah
2013-02-08;4,71;60;2,7;jah
2013-02-09;4,77;60;2,8;jah
2013-02-10;4,91;61;3;jah
2013-02-11;5,03;62;3;jah
2013-02-12;5,06;61;2,8;jah
2013-02-13;5,07;61;3;jah
2013-02-14;5,03;61;3,1;jah
2013-02-15;5;60;2,8;jah
2013-02-16;4,95;60;2,4;jah
2013-02-17;4,84;59;2;jah
2013-02-18;4,64;56;2;jah
2013-02-19;4,82;59;2;jah
2013-02-20;4,77;58;1,4;jah
2013-02-21;4,66;57;1,1;jah
2013-02-22;4,87;59;1,1;jah
2013-02-23;4,79;59;1;jah
2013-02-24;5;61;1,1;jah
2013-02-25;4,92;60;1;jah
2013-02-26;4,84;59;1;jah
2013-02-27;4,67;57;1,1;jah
2013-02-28;4,64;57;1,1;jah
2013-03-01;4,63;57;1,5;jah
2013-03-02;4,56;56;1,8;jah
2013-03-03;4,47;55;1,5;jah
2013-03-04;4,37;58;1,3;jah
2013-03-05;4,34;55;1,2;jah
2013-03-06;4,35;54;1,6;jah
2013-03-07;4,37;54;2,4;jah
2013-03-08;4,26;53;1,8;jah
2013-03-09;4,11;51;1,2;jah
2013-03-10;4,58;56;1,2;jah
2013-03-11;4,45;55;1,1;jah
2013-03-12;4,45;55;1,2;jah
2013-03-13;4,49;55;1,1;jah
2013-03-14;4,45;54;1;jah
2013-03-15;4,39;52;1;jah
2013-03-16;4,38;52;0,8;jah
2013-03-17;4,29;50;0,9;jah
2013-03-18;4,27;50;0,9;jah
2013-03-19;4,27;49;0,8;jah
2013-03-20;4,14;48;0,9;jah
2013-03-21;4,24;49;0,9;jah
2013-03-22;4,22;48;0,8;jah
2013-03-23;4,13;47;0,8;jah
2013-03-24;4,27;49;0,9;jah
2013-03-25;4,16;47;1;jah
2013-03-26;4,21;48;1,1;jah
2013-03-27;4,18;47;1,1;jah
2013-03-28;4,01;45;1,1;jah
2013-03-29;4,01;45;1,6;jah
2013-03-30;4,03;45;2,1;jah
2013-03-31;4,11;46;2,5;jah
2013-04-01;4,13;46;2,4;jah
2013-04-02;4,18;47;2,5;jah
2013-04-03;4,14;46;2,5;jah
2013-04-04;4,09;46;2,9;jah
2013-04-05;4,12;46;2,7;jah
2013-04-06;4,2;47;2,6;jah
2013-04-07;4,17;47;3,1;jah
2013-04-08;4,16;47;3,6;jah
2013-04-09;4,18;47;3,9;jah
2013-04-10;4,2;47;4,2;jah
2013-04-11;4,34;48;4,4;jah
2013-04-12;4,78;53;4,6;jah
2013-04-13;5,68;62;4,3;jah
2013-04-14;8,75;91;3,6;jah
2013-04-15;14,3;132;2,3;jah
2013-04-16;18,9;167;1,4;jah
2013-04-17;31,5;257;0,8;jah
2013-04-18;44,7;321;1,5;jah
2013-04-19;45,5;317;3,6;jah
2013-04-20;43,3;306;4,3;jah
2013-04-21;38,3;279;4,4;jah
2013-04-22;32,5;246;4,5;jah
2013-04-23;26,5;210;4,7;jah
2013-04-24;22,3;186;5,1;jah
2013-04-25;19,7;170;5,5;jah
2013-04-26;17,8;159;5,4;jah
2013-04-27;16,7;153;5,1;jah
2013-04-28;16;147;5,1;jah
2013-04-29;15;139;5,3;jah
2013-04-30;13,6;129;5,7;jah
2013-05-01;11,9;116;6,4;jah
2013-05-02;10,4;105;7,1;jah
2013-05-03;9,33;96;7,6;jah
2013-05-04;8,68;91;7,9;jah
2013-05-05;8,16;86;8,3;jah
2013-05-06;7,72;82;8,7;jah
2013-05-07;7,28;77;9,2;jah
2013-05-08;6,92;74;10,1;jah
2013-05-09;6,67;71;11;jah
2013-05-10;6,54;70;11,9;jah
2013-05-11;6,81;73;12,1;jah
2013-05-12;7,06;75;12;jah
2013-05-13;6,81;73;12;jah
2013-05-14;7,46;80;12,1;jah
2013-05-15;7,92;84;12;jah
2013-05-16;7,69;82;12,3;jah
2013-05-17;7,1;77;13,6;jah
2013-05-18;6,59;72;15,3;jah
2013-05-19;6,52;72;16,1;jah
2013-05-20;6,4;71;16,3;jah
2013-05-21;6,38;72;15,8;jah
2013-05-22;7,47;83;14,6;jah
2013-05-23;8,1;88;13,9;jah
2013-05-24;7,63;84;13,8;jah
2013-05-25;7,04;79;13,2;jah
2013-05-26;7;79;12,9;jah
2013-05-27;6,81;77;13,1;jah
2013-05-28;6,59;75;13,8;jah
2013-05-29;6,28;72;14,1;jah
2013-05-30;6,16;71;14,3;jah
2013-05-31;6,06;71;14,5;jah
2013-06-01;6,2;72;15;jah
2013-06-02;5,96;70;15,9;jah
2013-06-03;5,55;65;16,3;jah
2013-06-04;5,22;62;16,6;jah
2013-06-05;4,98;59;16,7;jah
2013-06-06;4,87;58;16,7;jah
2013-06-07;4,78;58;16,3;jah
2013-06-08;5,65;69;15,5;jah
2013-06-09;5,32;64;15;jah
2013-06-10;4,9;59;14,3;jah
2013-06-11;4,73;58;13,3;jah
2013-06-12;4,65;57;13;jah
2013-06-13;4,51;56;13;jah
2013-06-14;4,43;55;13,5;jah
2013-06-15;4,4;55;13,5;jah
2013-06-16;4,31;55;12,9;jah
2013-06-17;4,28;55;12,6;jah
2013-06-18;4,27;56;12,4;jah
2013-06-19;4,27;57;12,4;jah
2013-06-20;4,37;60;12,3;jah
2013-06-21;4,27;59;12,3;jah
2013-06-22;4,1;58;12,7;jah
2013-06-23;4,12;60;13,6;jah
2013-06-24;4,04;60;14,1;jah
2013-06-25;3,92;59;14,4;jah
2013-06-26;4,99;81;14,5;jah
2013-06-27;13,4;156;16;jah
2013-06-28;6,95;95;15,7;jah
2013-06-29;5,17;74;15,5;jah
2013-06-30;4,78;67;15;jah
2013-07-01;4,51;64;14,3;jah
2013-07-02;4,26;61;14;jah
2013-07-03;4,1;59;13,8;jah
2013-07-04;3,96;57;13,9;jah
2013-07-05;3,86;56;14,2;jah
2013-07-06;3,9;57;14,5;jah
2013-07-07;4,08;60;14,4;jah
2013-07-08;3,99;59;14,4;jah
2013-07-09;3,88;58;14,8;jah
2013-07-10;3,8;57;14,7;jah
2013-07-11;3,74;56;14,5;jah
2013-07-12;3,67;56;14,5;jah
2013-07-13;3,57;54;14,6;jah
2013-07-14;3,57;55;14,5;jah
2013-07-15;3,56;55;14,6;jah
2013-07-16;3,57;56;14,5;jah
2013-07-17;3,57;57;13,9;jah
2013-07-18;3,54;56;13,4;jah
2013-07-19;3,83;63;13,1;jah
2013-07-20;5,73;91;12,4;jah
2013-07-21;7,25;106;12,3;jah
2013-07-22;5,95;91;12,2;jah
2013-07-23;6,01;93;12,3;jah
2013-07-24;5,79;89;13,1;jah
2013-07-25;5,35;84;12,9;jah
2013-07-26;5,22;82;12,8;jah
2013-07-27;5,02;79;13;jah
2013-07-28;4,61;73;13;jah
2013-07-29;4,3;69;13,2;jah
2013-07-30;4,06;65;13,4;jah
2013-07-31;3,92;63;13,3;jah
2013-08-01;3,96;64;13,3;jah
2013-08-02;4,05;65;13,1;jah
2013-08-03;4,25;68;12,8;jah
2013-08-04;4,1;66;13,4;jah
2013-08-05;3,91;63;13,6;jah
2013-08-06;3,8;61;13,6;jah
2013-08-07;3,72;60;13,6;jah
2013-08-08;3,66;59;13,9;jah
2013-08-09;3,61;58;14,4;jah
2013-08-10;3,53;57;14,2;jah
2013-08-11;3,94;64;13,7;jah
2013-08-12;4,31;70;13,1;jah
2013-08-13;4,26;68;12,7;jah
2013-08-14;4,17;67;12,5;jah
2013-08-15;4,15;67;12,2;jah
2013-08-16;4,09;66;12,1;jah
2013-08-17;3,94;64;12,2;jah
2013-08-18;3,81;62;12,3;jah
2013-08-19;3,7;61;12,5;jah
2013-08-20;3,61;60;12,4;jah
2013-08-21;3,59;60;12,6;jah
2013-08-22;3,59;60;12,5;jah
2013-08-23;3,65;61;12,2;jah
2013-08-24;3,61;61;11,8;jah
2013-08-25;3,5;59;11,5;jah
2013-08-26;3,46;59;11,3;jah
2013-08-27;3,4;58;11,2;jah
2013-08-28;3,36;57;11,2;jah
2013-08-29;3,32;57;11,1;jah
2013-08-30;3,3;57;11,1;jah
2013-08-31;3,32;58;11,2;jah
2013-09-01;3,51;61;11,3;jah
2013-09-02;3,65;64;11,5;jah
2013-09-03;3,78;66;11,1;jah
2013-09-04;3,65;63;11;jah
2013-09-05;3,47;61;10,7;jah
2013-09-06;3,39;59;10,5;jah
2013-09-07;3,31;58;10,1;jah
2013-09-08;3,25;57;10;jah
2013-09-09;3,22;57;10;jah
2013-09-10;3,21;57;10,2;jah
2013-09-11;3,23;57;10,3;jah
2013-09-12;3,25;58;10,4;jah
2013-09-13;3,19;57;10,4;jah
2013-09-14;3,12;56;10,2;jah
2013-09-15;3,12;56;10;jah
2013-09-16;3,19;56;9,9;jah
2013-09-17;3,22;56;9,9;jah
2013-09-18;3,23;56;9,9;jah
2013-09-19;3,28;56;10,2;jah
2013-09-20;3,37;57;10,4;jah
2013-09-21;3,46;58;10,3;jah
2013-09-22;3,57;59;10,3;jah
2013-09-23;3,85;63;10;jah
2013-09-24;4,21;67;9,7;jah
2013-09-25;4,37;69;9,3;jah
2013-09-26;4,3;67;8,7;jah
2013-09-27;4,05;64;8,3;jah
2013-09-28;3,94;62;8;jah
2013-09-29;3,86;61;8;jah
2013-09-30;3,82;61;8;jah
2013-10-01;3,76;60;7,8;jah
2013-10-02;3,68;59;7,7;jah
2013-10-03;3,62;58;7,5;jah
2013-10-04;3,56;57;7,3;jah
2013-10-05;3,54;57;7,3;jah
2013-10-06;3,53;57;7,4;jah
2013-10-07;3,52;56;7,6;jah
2013-10-08;3,55;57;8;jah
2013-10-09;3,57;57;8,5;jah
2013-10-10;3,56;56;8,8;jah
2013-10-11;3,56;56;8,8;jah
2013-10-12;3,56;56;8,6;jah
2013-10-13;3,54;55;8,2;jah
2013-10-14;3,53;55;7,9;jah
2013-10-15;3,54;55;7,6;jah
2013-10-16;3,58;55;7,7;jah
2013-10-17;3,57;55;7,2;jah
2013-10-18;3,64;56;7,1;jah
2013-10-19;3,91;59;6,8;jah
2013-10-20;3,96;59;6,7;jah
2013-10-21;3,89;58;6,4;jah
2013-10-22;3,84;57;5,8;jah
2013-10-23;3,87;57;5,5;jah
2013-10-24;3,87;56;5,9;jah
2013-10-25;3,86;56;6,5;jah
2013-10-26;3,92;56;7;jah
2013-10-27;4,09;58;7,4;jah
2013-10-28;4,14;58;7,9;jah
2013-10-29;4,19;59;8,2;jah
2013-10-30;4,19;58;8,2;jah
2013-10-31;4,2;58;8;jah
2013-11-01;4,25;58;7,8;jah
2013-11-02;4,26;58;7,6;jah
2013-11-03;4,38;59;7,6;jah
2013-11-04;5,46;74;7,7;jah
2013-11-05;7,53;94;7,4;jah
2013-11-06;7,18;90;7,2;jah
2013-11-07;7,1;89;6,9;jah
2013-11-08;6,5;82;6,9;jah
2013-11-09;5,89;75;6,6;jah
2013-11-10;5,82;75;6,4;jah
2013-11-11;5,84;75;5,9;jah
2013-11-12;5,74;73;5,8;jah
2013-11-13;5,58;71;5,9;jah
2013-11-14;5,39;69;5,8;jah
2013-11-15;5,21;67;5,5;jah
2013-11-16;5,23;67;5,6;jah
2013-11-17;5,23;67;6,1;jah
2013-11-18;5,16;66;5,8;jah
2013-11-19;5,03;64;5,3;jah
2013-11-20;4,96;64;5,3;jah
2013-11-21;4,82;63;5,7;jah
2013-11-22;4,69;61;6,1;jah
2013-11-23;4,58;60;6,4;jah
2013-11-24;4,5;60;6,5;jah
2013-11-25;4,43;59;5,9;jah
2013-11-26;4,35;59;5,2;jah
2013-11-27;4,21;57;4,6;jah
2013-11-28;4,33;59;4,7;jah
2013-11-29;4,34;60;4,7;jah
2013-11-30;4,31;59;4,7;jah
2013-12-01;4,28;59;4,6;jah
2013-12-02;4,31;59;4,5;jah
2013-12-03;4,17;57;4,1;jah
2013-12-04;4,39;60;4,5;jah
2013-12-05;4,82;65;4,8;jah
2013-12-06;5,3;72;4,7;jah
2013-12-07;5,84;77;4,5;jah
2013-12-08;5,69;75;4,2;jah
2013-12-09;5,25;69;3,9;jah
2013-12-10;4,82;64;3,4;jah
2013-12-11;4,47;59;3,2;jah
2013-12-12;4,68;63;3,9;jah
2013-12-13;5,21;69;4,4;jah
2013-12-14;5,32;70;4,1;jah
2013-12-15;4,96;65;3,4;jah
2013-12-16;4,72;63;3,4;jah
2013-12-17;4,92;65;4,1;jah
2013-12-18;5,07;67;4,5;jah
2013-12-19;5,06;66;4,6;jah
2013-12-20;5,11;67;4,6;jah
2013-12-21;5,04;66;4,5;jah
2013-12-22;4,91;64;4,7;jah
2013-12-23;4,87;64;4,9;jah
2013-12-24;4,83;63;5;jah
2013-12-25;4,77;62;5;jah
2013-12-26;4,71;61;4,9;jah
2013-12-27;4,67;61;4,9;jah
2013-12-28;4,61;60;5;jah
2013-12-29;4,53;59;5,3;jah
2013-12-30;4,56;59;5,4;jah
2013-12-31;4,57;59;5,3;jah
2014-01-01;4,61;59;4,8;jah
2014-01-02;4,59;58;4,5;jah
2014-01-03;4,61;57;4,3;jah
2014-01-04;4,59;56;4,4;jah
2014-01-05;4,62;56;4,5;jah
2014-01-06;4,7;57;4,6;jah
2014-01-07;4,81;57;4,7;jah
2014-01-08;5;59;4,9;jah
2014-01-09;5,25;61;5,2;jah
2014-01-10;5,95;69;5,3;jah
2014-01-11;6,91;81;5,2;jah
2014-01-12;7,94;91;4,8;jah
2014-01-13;8,09;92;4;jah
2014-01-14;6,96;82;2,3;jah
2014-01-15;5,97;76;1,3;jah
2014-01-16;5,71;81;1,3;jah
2014-01-17;5,46;80;1,6;jah
2014-01-18;5,22;81;2,2;jah
2014-01-19;4,99;81;2,1;jah
2014-01-20;4,77;81;2,1;jah
2014-01-21;4,55;74;2,1;jah
2014-01-22;4,34;67;2;jah
2014-01-23;4,14;62;2;jah
2014-01-24;3,95;60;2;jah
2014-01-25;3,85;60;2;jah
2014-01-26;3,78;60;2;jah
2014-01-27;3,8;60;2;jah
2014-01-28;3,77;60;2;jah
2014-01-29;3,71;59;2;jah
2014-01-30;3,68;59;2;jah
2014-01-31;3,65;59;2;jah
2014-02-01;3,69;60;2;jah
2014-02-02;3,74;61;2;jah
2014-02-03;3,82;62;2;jah
2014-02-04;4,05;62;1,9;jah
2014-02-05;4,32;63;1,8;jah
2014-02-06;4,3;60;1,6;jah
2014-02-07;4,52;61;1,6;jah
2014-02-08;4,87;62;1,7;jah
2014-02-09;4,6;57;1,6;jah
2014-02-10;4,11;50;1,7;jah
2014-02-11;4,06;48;2,7;jah
2014-02-12;4,23;50;3,3;jah
2014-02-13;4,42;52;3,4;jah
2014-02-14;4,64;54;3,5;jah
2014-02-15;4,6;53;3,5;jah
2014-02-16;4,58;53;3,5;jah
2014-02-17;4,82;55;3,6;jah
2014-02-18;5,37;61;3,7;jah
2014-02-19;5,5;61;3,1;jah
2014-02-20;4,95;56;2,9;jah
2014-02-21;4,8;54;2,8;jah
2014-02-22;4,68;53;3,3;jah
2014-02-23;4,9;55;3,7;jah
2014-02-24;5,22;58;3,8;jah
2014-02-25;5,21;58;3,8;jah
2014-02-26;5,09;56;3,4;jah
2014-02-27;4,85;54;3;jah
2014-02-28;4,7;53;2,9;jah
2014-03-01;4,6;52;2,9;jah
2014-03-02;4,52;51;3,3;jah
2014-03-03;4,53;51;3,6;jah
2014-03-04;4,53;52;3,9;jah
2014-03-05;4,46;51;3,7;jah
2014-03-06;4,37;50;3,6;jah
2014-03-07;4,35;50;3,8;jah
2014-03-08;4,42;51;4,1;jah
2014-03-09;4,52;52;4,1;jah
2014-03-10;4,59;53;4,1;jah
2014-03-11;4,81;55;4,5;jah
2014-03-12;4,95;57;4,5;jah
2014-03-13;4,97;57;4,4;jah
2014-03-14;4,96;57;4,3;jah
2014-03-15;4,98;57;4,3;jah
2014-03-16;5,17;60;4,1;jah
2014-03-17;5,31;61;3,2;jah
2014-03-18;5,01;58;2,5;jah
2014-03-19;4,76;55;2,7;jah
2014-03-20;4,75;55;3;jah
2014-03-21;4,66;55;3,8;jah
2014-03-22;5,11;59;4,7;jah
2014-03-23;5,67;65;4,9;jah
2014-03-24;6,19;70;4,8;jah
2014-03-25;6,66;74;4,7;jah
2014-03-26;7,12;78;4,7;jah
2014-03-27;6,97;76;4,8;jah
2014-03-28;6,57;72;4,8;jah
2014-03-29;6,12;68;4,7;jah
2014-03-30;5,76;64;4,6;jah
2014-03-31;5,53;62;4,7;jah
2014-04-01;5,32;60;4,4;jah
2014-04-02;5,14;58;4,3;jah
2014-04-03;5,07;57;4,3;jah
2014-04-04;5,01;56;4,5;jah
2014-04-05;4,91;55;4,6;jah
2014-04-06;4,8;54;4,6;jah
2014-04-07;4,8;54;4,8;jah
2014-04-08;5,12;58;5,3;jah
2014-04-09;5,4;60;5,8;jah
2014-04-10;5,44;60;5,6;jah
2014-04-11;5,16;57;5,4;jah
2014-04-12;5,03;56;5,4;jah
2014-04-13;4,86;55;5,5;jah
2014-04-14;4,96;56;6;jah
2014-04-15;5,02;57;6,4;jah
2014-04-16;4,98;57;6,7;jah
2014-04-17;4,84;55;6,3;jah
2014-04-18;4,69;54;6,4;jah
2014-04-19;4,53;53;6,9;jah
2014-04-20;4,44;52;7,5;jah
2014-04-21;4,32;51;8,1;jah
2014-04-22;4,24;51;8,5;jah
2014-04-23;4,18;50;8,5;jah
2014-04-24;4,08;49;7,9;jah
2014-04-25;4,01;48;7,5;jah
2014-04-26;3,97;48;7,5;jah
2014-04-27;3,94;48;7,9;jah
2014-04-28;3,92;47;8,5;jah
2014-04-29;3,88;47;9,3;jah
2014-04-30;3,85;47;9,5;jah
2014-05-01;3,86;47;8,3;jah
2014-05-02;4,05;49;7,5;jah
2014-05-03;4,04;49;7,1;jah
2014-05-04;3,94;48;7,2;jah
2014-05-05;3,93;48;7,1;jah
2014-05-06;4,02;49;6,9;jah
2014-05-07;4,06;50;6,6;jah
2014-05-08;4,12;50;7,5;jah
2014-05-09;4,21;51;8,7;jah
2014-05-10;4,34;52;9,8;jah
2014-05-11;5,31;63;10,1;jah
2014-05-12;6,01;69;9,9;jah
2014-05-13;10,3;112;9,2;jah
2014-05-14;16,8;159;8,9;jah
2014-05-15;15,3;147;9,3;jah
2014-05-16;14,2;140;9,7;jah
2014-05-17;12,5;125;10,5;jah
2014-05-18;9,19;97;11,1;jah
2014-05-19;7,2;81;12,2;jah
2014-05-20;6,28;74;13,7;jah
2014-05-21;5,97;71;14,4;jah
2014-05-22;5,61;68;14,6;jah
2014-05-23;5,16;63;14,6;jah
2014-05-24;4,87;61;15;jah
2014-05-25;4,58;58;15,3;jah
2014-05-26;4,36;56;15,5;jah
2014-05-27;4,16;54;14,9;jah
2014-05-28;4,02;53;13,2;jah
2014-05-29;3,99;53;11,5;jah
2014-05-30;3,93;52;11,1;jah
2014-05-31;3,84;51;11,3;jah
2014-06-01;3,87;52;11,2;jah
2014-06-02;4,19;56;11;jah
2014-06-03;4,43;59;11,4;jah
2014-06-04;4,4;58;12,7;jah
2014-06-05;4,06;54;14;jah
2014-06-06;3,84;52;14,7;jah
2014-06-07;3,73;50;14,6;jah
2014-06-08;3,78;52;13,4;jah
2014-06-09;3,82;53;13;jah
2014-06-10;4,4;61;13;jah
2014-06-11;4,45;61;13,3;jah
2014-06-12;3,95;56;13;jah
2014-06-13;3,92;57;12,4;jah
2014-06-14;3,99;58;12,1;jah
2014-06-15;3,81;56;12,1;jah
2014-06-16;3,62;55;11,7;jah
2014-06-17;3,63;56;11;jah
2014-06-18;3,71;57;10,2;jah
2014-06-19;3,92;59;10;jah
2014-06-20;4,22;63;10,3;jah
2014-06-21;4,74;68;10,4;jah
2014-06-22;4,75;67;10,5;jah
2014-06-23;4,78;66;10,6;jah
2014-06-24;4,61;64;10,5;jah
2014-06-25;4,5;63;10,5;jah
2014-06-26;4,43;63;10,2;jah
2014-06-27;4,32;62;10,1;jah
2014-06-28;4,14;60;10,1;jah
2014-06-29;3,98;58;10,2;jah
2014-06-30;4,14;61;10,2;jah
2014-07-01;4,9;72;10,6;jah
2014-07-02;5,99;85;10,9;jah
2014-07-03;6,11;86;11,1;jah
2014-07-04;5,74;82;11,3;jah
2014-07-05;5,22;76;11,5;jah
2014-07-06;4,89;73;11,9;jah
2014-07-07;4,6;70;12,7;jah
2014-07-08;4,23;66;13,6;jah
2014-07-09;3,95;63;13,9;jah
2014-07-10;3,74;60;13,8;jah
2014-07-11;3,59;59;13,4;jah
2014-07-12;3,48;58;12,9;jah
2014-07-13;3,37;57;13;jah
2014-07-14;3,27;56;13,4;jah
2014-07-15;3,21;56;13,5;jah
2014-07-16;3,35;59;13,6;jah
2014-07-17;3,42;61;13,7;jah
2014-07-18;3,19;58;13,7;jah
2014-07-19;3,07;56;13,7;jah
2014-07-20;3,36;63;13,5;jah
2014-07-21;3,81;69;13;jah
2014-07-22;3,64;66;13,1;jah
2014-07-23;3,39;62;13,2;jah
2014-07-24;3,22;60;13,4;jah
2014-07-25;3,1;58;13,6;jah
2014-07-26;3,03;57;13,8;jah
2014-07-27;2,98;56;14;jah
2014-07-28;3;57;14,1;jah
2014-07-29;3,08;58;14,1;jah
2014-07-30;3,11;59;14,1;jah
2014-07-31;3,14;60;14,1;jah
2014-08-01;3,08;59;14,3;jah
2014-08-02;3,02;58;14,2;jah
2014-08-03;3;58;14;jah
2014-08-04;2,95;57;14,2;jah
2014-08-05;2,91;56;14,2;jah
2014-08-06;2,87;56;14,2;jah
2014-08-07;2,85;56;14,3;jah
2014-08-08;2,98;58;14,3;jah
2014-08-09;2,99;59;14;jah
2014-08-10;3,04;60;13,9;jah
2014-08-11;3,07;60;13,9;jah
2014-08-12;3,03;59;13,9;jah
2014-08-13;3;59;13,6;jah
2014-08-14;3,03;60;13,1;jah
2014-08-15;3,53;69;12,6;jah
2014-08-16;3,56;69;12,3;jah
2014-08-17;3,53;68;12,2;jah
2014-08-18;3,42;66;12,2;jah
2014-08-19;3,38;65;12,2;jah
2014-08-20;3,33;64;12,1;jah
2014-08-21;3,27;63;11,9;jah
2014-08-22;3,23;63;11,8;jah
2014-08-23;3,19;63;11,6;jah
2014-08-24;3,16;62;11,4;jah
2014-08-25;3,39;68;11,3;jah
2014-08-26;4,54;87;11,2;jah
2014-08-27;5,16;94;11,2;jah
2014-08-28;4,52;85;11;jah
2014-08-29;4,19;80;11;jah
2014-08-30;4,09;79;11;jah
2014-08-31;4,04;78;10,8;jah
2014-09-01;3,85;75;10,6;jah
2014-09-02;3,72;72;10,6;jah
2014-09-03;3,58;70;10,5;jah
2014-09-04;3,45;67;10,4;jah
2014-09-05;3,35;66;10,4;jah
2014-09-06;3,29;64;10,4;jah
2014-09-07;3,25;64;10,3;jah
2014-09-08;3,22;63;10,4;jah
2014-09-09;3,24;63;10,4;jah
2014-09-10;3,42;67;10,6;jah
2014-09-11;3,63;71;10,7;jah
2014-09-12;3,71;72;10,9;jah
2014-09-13;3,81;74;10,9;jah
2014-09-14;3,77;73;10,8;jah
2014-09-15;3,58;70;10,5;jah
2014-09-16;3,42;67;10,1;jah
2014-09-17;3,31;65;9,8;jah
2014-09-18;3,26;64;9,6;jah
2014-09-19;3,26;64;9,5;jah
2014-09-20;3,22;63;9,4;jah
2014-09-21;3,19;62;9,3;jah
2014-09-22;3,22;62;9,2;jah
2014-09-23;3,39;66;9,2;jah
2014-09-24;3,56;68;9;jah
2014-09-25;3,5;67;8,8;jah
2014-09-26;3,38;65;8,7;jah
2014-09-27;3,37;64;8,8;jah
2014-09-28;3,35;63;8,9;jah
2014-09-29;3,36;63;9,1;jah
2014-09-30;3,33;62;9,2;jah
2014-10-01;3,34;62;9,1;jah
2014-10-02;3,3;61;8,8;jah
2014-10-03;3,27;60;8,2;jah
2014-10-04;3,29;60;8,1;jah
2014-10-05;3,3;60;7,9;jah
2014-10-06;3,3;60;7,9;jah
2014-10-07;3,32;60;7,8;jah
2014-10-08;3,32;59;7,6;jah
2014-10-09;3,51;63;7,7;jah
2014-10-10;3,99;71;8;jah
2014-10-11;4,29;74;8,3;jah
2014-10-12;4,1;71;8,4;jah
2014-10-13;4,06;71;8,5;jah
2014-10-14;4,12;72;8,5;jah
2014-10-15;4,51;78;8,5;jah
2014-10-16;5,17;86;8,4;jah
2014-10-17;5,15;85;8;jah
2014-10-18;4,76;80;7,3;jah
2014-10-19;4,5;76;6,9;jah
2014-10-20;4,77;80;6,8;jah
2014-10-21;5,49;88;7,1;jah
2014-10-22;6,27;96;7;jah
2014-10-23;6,22;94;6,4;jah
2014-10-24;5,45;84;5,8;jah
2014-10-25;4,78;75;5,4;jah
2014-10-26;4,61;73;5,2;jah
2014-10-27;4,56;71;5,4;jah
2014-10-28;4,59;71;5,9;jah
2014-10-29;4,57;71;6,3;jah
2014-10-30;4,52;70;6,4;jah
2014-10-31;4,42;68;6,4;jah
2014-11-01;4,32;66;6,3;jah
2014-11-02;4,27;66;6,1;jah
2014-11-03;4,32;66;6;jah
2014-11-04;4,3;66;6,2;jah
2014-11-05;4,25;65;6,5;jah
2014-11-06;4,19;63;6,7;jah
2014-11-07;4,21;64;6,9;jah
2014-11-08;4,99;75;7;jah
2014-11-09;5,57;80;6,9;jah
2014-11-10;5,41;78;6,4;jah
2014-11-11;5,25;76;6,2;jah
2014-11-12;4,97;73;6,4;jah
2014-11-13;4,75;70;6,6;jah
2014-11-14;4,55;68;6,8;jah
2014-11-15;4,39;66;6,7;jah
2014-11-16;4,28;64;6,7;jah
2014-11-17;4,22;64;6,4;jah
2014-11-18;4,14;63;6,1;jah
2014-11-19;4,03;61;5,6;jah
2014-11-20;3,8;58;5,1;jah
2014-11-21;3,69;57;4,8;jah
2014-11-22;3,85;59;4,8;jah
2014-11-23;3,91;60;5;jah
2014-11-24;3,87;59;5,2;jah
2014-11-25;3,81;58;5;jah
2014-11-26;3,78;58;4,9;jah
2014-11-27;3,75;58;4,8;jah
2014-11-28;3,65;56;4,8;jah
2014-11-29;3,5;54;4,6;jah
2014-11-30;3,37;52;4,3;jah
2014-12-01;3,41;54;3,5;jah
2014-12-02;3,48;61;3,1;jah
2014-12-03;3,57;56;3;jah
2014-12-04;3,62;55;3,1;jah
2014-12-05;3,58;55;3;jah
2014-12-06;3,57;54;3,3;jah
2014-12-07;3,57;54;4,1;jah
2014-12-08;3,59;54;4,4;jah
2014-12-09;3,62;55;4,5;jah
2014-12-10;3,61;54;4,5;jah
2014-12-11;3,62;54;4,3;jah
2014-12-12;3,61;54;4,2;jah
2014-12-13;3,74;56;4,2;jah
2014-12-14;4,05;60;4,3;jah
2014-12-15;4,18;61;4,3;jah
2014-12-16;4,05;59;4,2;jah
2014-12-17;4,02;59;4,4;jah
2014-12-18;4,07;60;4,7;jah
2014-12-19;4,1;60;4,7;jah
2014-12-20;4,24;62;4,7;jah
2014-12-21;4,44;65;4,6;jah
2014-12-22;4,53;65;4,2;jah
2014-12-23;4,49;65;4,1;jah
2014-12-24;4,42;64;3,8;jah
2014-12-25;4,23;61;3,5;jah
2014-12-26;4,12;60;3;jah
2014-12-27;3,92;57;2,7;jah
2014-12-28;3,98;58;2,6;jah
2014-12-29;4,1;59;2,5;jah
2014-12-30;4,21;61;2,5;jah
2014-12-31;4,1;59;2,5;jah
2015-01-01;4,18;60;2,6;jah
2015-01-02;4,38;63;3,2;jah
2015-01-03;5,59;77;4;jah
2015-01-04;7,13;92;3,7;jah
2015-01-05;7,12;90;3;jah
2015-01-06;6,82;92;2,7;jah
2015-01-07;6,98;88;2,7;jah
2015-01-08;7,51;92;2,7;jah
2015-01-09;7,16;87;2,4;jah
2015-01-10;6,25;78;2,3;jah
2015-01-11;5,89;73;2,4;jah
2015-01-12;5,63;70;2,5;jah
2015-01-13;5,43;67;2,6;jah
2015-01-14;5,39;67;2,8;jah
2015-01-15;5,64;71;3,3;jah
2015-01-16;5,92;76;3,5;jah
2015-01-17;6,52;82;3,4;jah
2015-01-18;7,07;87;3,4;jah
2015-01-19;7,44;90;3,2;jah
2015-01-20;7,1;87;3;jah
2015-01-21;6,34;80;2,9;jah
2015-01-22;5,78;75;2,7;jah
2015-01-23;5,31;70;2,8;jah
2015-01-24;5,15;69;2,9;jah
2015-01-25;4,97;67;3;jah
2015-01-26;4,79;65;3,1;jah
2015-01-27;4,67;64;3,2;jah
2015-01-28;4,58;63;3,2;jah
2015-01-29;4,53;62;3,2;jah
2015-01-30;4,52;62;3,3;jah
2015-01-31;4,53;62;3,5;jah
2015-02-01;5,24;70;3,8;jah
2015-02-02;6,37;81;3,6;jah
2015-02-03;6,66;82;3,1;jah
2015-02-04;6,22;78;2,8;jah
2015-02-05;5,86;72;2,5;jah
2015-02-06;5,62;73;2,4;jah
2015-02-07;5,15;68;2,4;jah
2015-02-08;4,96;66;2,7;jah
2015-02-09;4,84;66;2,7;jah
2015-02-10;4,63;64;2,5;jah
2015-02-11;4,38;60;2,8;jah
2015-02-12;4,43;61;3,2;jah
2015-02-13;4,38;60;3,4;jah
2015-02-14;4,4;60;3,6;jah
2015-02-15;4,38;60;3,5;jah
2015-02-16;4,27;56;2,9;jah
2015-02-17;4,17;59;2,5;jah
2015-02-18;4,08;56;2,6;jah
2015-02-19;4,18;57;2,5;jah
2015-02-20;4,55;61;3;jah
2015-02-21;5,03;65;3,6;jah
2015-02-22;5,45;69;3,6;jah
2015-02-23;5,57;69;3,5;jah
2015-02-24;5,63;70;3,6;jah
2015-02-25;6,21;75;3,8;jah
2015-02-26;7,24;84;3,8;jah
2015-02-27;7,47;85;3,7;jah
2015-02-28;7,27;84;3,5;jah
2015-03-01;7,06;82;3,6;jah
2015-03-02;7,12;83;3,6;jah
2015-03-03;7,88;90;3,8;jah
2015-03-04;9,42;104;3,8;jah
2015-03-05;9,87;106;3,6;jah
2015-03-06;9,15;100;3,3;jah
2015-03-07;8,29;93;3,3;jah
2015-03-08;7,93;90;3,7;jah
2015-03-09;8,03;92;4,1;jah
2015-03-10;8,39;96;4,2;jah
2015-03-11;8,66;98;4,3;jah
2015-03-12;8,59;98;4,3;jah
2015-03-13;8,13;94;4,2;jah
2015-03-14;7,45;88;4;jah
2015-03-15;6,79;82;3,8;jah
2015-03-16;6,32;77;3,8;jah
2015-03-17;5,99;74;3,9;jah
2015-03-18;5,72;72;4,1;jah
2015-03-19;5,54;70;4,2;jah
2015-03-20;5,39;69;4,2;jah
2015-03-21;5,44;69;4,3;jah
2015-03-22;5,35;68;4,1;jah
2015-03-23;5,25;67;3,8;jah
2015-03-24;5,26;67;3,7;jah
2015-03-25;5,27;67;4;jah
2015-03-26;5,16;66;4,2;jah
2015-03-27;5,08;65;4,4;jah
2015-03-28;5,08;65;4,5;jah
2015-03-29;5,18;66;4,6;jah
2015-03-30;5,44;69;4,8;jah
2015-03-31;5,85;72;4,8;jah
2015-04-01;6,08;74;4,9;jah
2015-04-02;6,2;75;5;jah
2015-04-03;6,43;77;5,1;jah
2015-04-04;6,51;78;5;jah
2015-04-05;6,67;79;4,9;jah
2015-04-06;6,94;81;4,9;jah
2015-04-07;6,85;80;4,8;jah
2015-04-08;6,56;77;4,7;jah
2015-04-09;6,24;75;4,8;jah
2015-04-10;5,92;72;5,2;jah
2015-04-11;5,62;69;5,7;jah
2015-04-12;5,51;68;6,2;jah
2015-04-13;5,75;70;6,2;jah
2015-04-14;6,09;73;6;jah
2015-04-15;6,51;77;5,7;jah
2015-04-16;7,2;84;5,6;jah
2015-04-17;8,66;97;5,5;jah
2015-04-18;9,69;105;5,4;jah
2015-04-19;9,59;103;5,4;jah
2015-04-20;9,11;100;5,3;jah
2015-04-21;8,66;96;5,4;jah
2015-04-22;8,16;92;5,8;jah
2015-04-23;7,5;87;6,1;jah
2015-04-24;6,78;80;6,2;jah
2015-04-25;6,16;75;6,3;jah
2015-04-26;5,79;72;6,7;jah
2015-04-27;5,72;72;7,6;jah
2015-04-28;5,65;72;8,8;jah
2015-04-29;6,01;76;9,4;jah
2015-04-30;6,5;80;8,9;jah
2015-05-01;6,19;77;8,8;jah
2015-05-02;5,92;74;8,8;jah
2015-05-03;5,57;71;8,6;jah
2015-05-04;5,29;68;8,7;jah
2015-05-05;5,07;66;8,8;jah
2015-05-06;4,96;65;8,9;jah
2015-05-07;4,95;65;9;jah
2015-05-08;5,21;68;9,2;jah
2015-05-09;5,34;69;9,3;jah
2015-05-10;5,15;67;9,5;jah
2015-05-11;4,86;64;9,8;jah
2015-05-12;4,67;62;9,9;jah
2015-05-13;4,55;61;10,1;jah
2015-05-14;4,57;61;9,8;jah
2015-05-15;4,6;62;9,4;jah
2015-05-16;4,52;61;9,1;jah
2015-05-17;4,42;60;8,9;jah
2015-05-18;4,39;59;8,8;jah
2015-05-19;4,33;59;8,9;jah
2015-05-20;4,26;58;9,4;jah
2015-05-21;4,32;59;10;jah
2015-05-22;4,32;59;9,6;jah
2015-05-23;4,26;58;9,4;jah
2015-05-24;4,19;58;9,5;jah
2015-05-25;4,08;57;9,8;jah
2015-05-26;4;56;10,1;jah
2015-05-27;4,05;57;10,1;jah
2015-05-28;4,33;60;9,9;jah
2015-05-29;4,34;60;10,1;jah
2015-05-30;4,18;58;10,3;jah
2015-05-31;3,98;57;10,6;jah
2015-06-01;3,82;55;10,4;jah
2015-06-02;3,73;55;10,7;jah
2015-06-03;3,75;56;12,1;jah
2015-06-04;3,66;56;12;jah
2015-06-05;3,54;55;11,8;jah
2015-06-06;3,46;54;12,1;jah
2015-06-07;3,4;54;13;jah
2015-06-08;3,32;54;12,8;jah
2015-06-09;3,26;54;12,5;jah
2015-06-10;3,21;54;11,9;jah
2015-06-11;3,21;54;11,8;jah
2015-06-12;3,23;55;11,1;jah
2015-06-13;3,22;55;11,1;jah
2015-06-14;3,2;56;11,2;jah
2015-06-15;3,22;56;11,8;jah
2015-06-16;3,2;57;11,7;jah
2015-06-17;3,16;56;11,3;jah
2015-06-18;3,14;57;10,8;jah
2015-06-19;3,2;58;10,4;jah
2015-06-20;3,28;60;10,3;jah
2015-06-21;3,32;61;10,8;jah
2015-06-22;3,36;62;11,4;jah
2015-06-23;3,43;63;11,6;jah
2015-06-24;3,45;63;11,7;jah
2015-06-25;3,47;64;11,7;jah
2015-06-26;3,42;63;11,6;jah
2015-06-27;3,36;63;11,6;jah
2015-06-28;3,33;63;11,4;jah
2015-06-29;3,33;63;11,5;jah
2015-06-30;3,27;62;11,7;jah
2015-07-01;3,27;63;11,7;jah
2015-07-02;3,26;64;11,7;jah
2015-07-03;3,17;64;12,1;jah
2015-07-04;3;62;12,6;jah
2015-07-05;2,93;62;13;jah
2015-07-06;2,9;62;12,9;jah
2015-07-07;3,06;67;12,8;jah
2015-07-08;3,22;70;12,6;jah
2015-07-09;3,27;73;12,3;jah
2015-07-10;3,34;75;12,1;jah
2015-07-11;3,28;75;11,9;jah
2015-07-12;3,46;80;11,7;jah
2015-07-13;3,58;82;11,5;jah
2015-07-14;3,49;81;11,4;jah
2015-07-15;3,27;78;11,3;jah
2015-07-16;3,15;77;11,3;jah
2015-07-17;3,13;76;11,5;jah
2015-07-18;3,09;76;11,5;jah
2015-07-19;3,11;76;11,8;jah
2015-07-20;3,16;78;11,9;jah
2015-07-21;3,31;81;11,6;jah
2015-07-22;3,4;82;11,7;jah
2015-07-23;3,22;79;11,8;jah
2015-07-24;3,07;77;11,9;jah
2015-07-25;3,01;77;11,9;jah
2015-07-26;2,89;75;11,9;jah
2015-07-27;2,81;74;12;jah
2015-07-28;2,75;73;12;jah
2015-07-29;2,75;74;11,9;jah
2015-07-30;2,8;76;11,8;jah
2015-07-31;2,82;77;11,6;jah
2015-08-01;2,86;78;11,5;jah
2015-08-02;2,81;77;11,5;jah
2015-08-03;2,78;77;11,5;jah
2015-08-04;2,78;77;11,5;jah
2015-08-05;2,76;76;11,6;jah
2015-08-06;2,69;74;11,7;jah
2015-08-07;2,65;74;12,1;jah
2015-08-08;2,63;73;12,3;jah
2015-08-09;2,65;74;12,5;jah
2015-08-10;2,7;75;12,4;jah
2015-08-11;2,78;76;12,5;jah
2015-08-12;2,76;75;12,6;jah
2015-08-13;2,74;75;12,7;jah
2015-08-14;2,77;76;12,6;jah
2015-08-15;2,74;75;12,4;jah
2015-08-16;2,69;74;12,1;jah
2015-08-17;2,65;73;11,8;jah
2015-08-18;2,62;73;11,6;jah
2015-08-19;2,59;72;11,3;jah
2015-08-20;2,56;72;11,1;jah
2015-08-21;2,56;72;11;jah
2015-08-22;2,55;72;11;jah
2015-08-23;2,53;71;11;jah
2015-08-24;2,51;71;11,1;jah
2015-08-25;2,5;71;11,1;jah
2015-08-26;2,51;71;11,2;jah
2015-08-27;2,53;71;11,2;jah
2015-08-28;2,5;71;11,2;jah
2015-08-29;2,58;73;11,2;jah
2015-08-30;2,74;77;11,1;jah
2015-08-31;2,69;76;11;jah
2015-09-01;2,64;75;10,9;jah
2015-09-02;2,83;80;10,6;jah
2015-09-03;3,14;86;10,7;jah
2015-09-04;3,26;88;11,4;jah
2015-09-05;3,14;85;11,7;jah
2015-09-06;3;82;11,6;jah
2015-09-07;2,99;81;11,6;jah
2015-09-08;3,05;81;11,3;jah
2015-09-09;3,16;83;11,3;jah
2015-09-10;3,17;82;11;jah
2015-09-11;3,13;81;10,7;jah
2015-09-12;3,11;79;10,5;jah
2015-09-13;3,01;77;10,3;jah
2015-09-14;2,96;75;10,1;jah
2015-09-15;2,96;75;10,2;jah
2015-09-16;2,97;75;10,2;jah
2015-09-17;2,99;75;10,5;jah
2015-09-18;3,03;76;11;jah
2015-09-19;2,97;75;11,3;jah
2015-09-20;2,88;73;10,8;jah
2015-09-21;2,89;73;10,5;jah
2015-09-22;3,04;76;10,3;jah
2015-09-23;3,12;77;10,1;jah
2015-09-24;3,02;75;10,1;jah
2015-09-25;2,95;74;10,3;jah
2015-09-26;3,1;77;10,5;jah
2015-09-27;3,24;79;10,1;jah
2015-09-28;3,24;78;9,8;jah
2015-09-29;3,22;77;9,6;jah
2015-09-30;3,2;76;9,3;jah
2015-10-01;3,13;74;9,2;jah
2015-10-02;3,06;73;9,3;jah
2015-10-03;3,04;72;9,5;jah
2015-10-04;3;71;9,3;jah
2015-10-05;2,98;70;9,1;jah
2015-10-06;2,99;69;8,9;jah
2015-10-07;2,92;68;8,4;jah
2015-10-08;2,91;67;7,9;jah
2015-10-09;2,94;67;7,5;jah
2015-10-10;2,97;68;7,3;jah
2015-10-11;2,97;68;7,2;jah
2015-10-12;2,95;67;7,1;jah
2015-10-13;2,93;66;7,1;jah
2015-10-14;2,93;66;7,3;jah
2015-10-15;2,95;66;7,4;jah
2015-10-16;2,9;65;7,3;jah
2015-10-17;2,87;65;7,2;jah
2015-10-18;2,91;65;7;jah
2015-10-19;2,89;64;7;jah
2015-10-20;2,92;64;7;jah
2015-10-21;2,93;64;6,8;jah
2015-10-22;2,96;64;6,6;jah
2015-10-23;3,05;65;6,6;jah
2015-10-24;3,08;65;6,9;jah
2015-10-25;3,07;64;6,9;jah
2015-10-26;3,11;64;7;jah
2015-10-27;3,13;64;7;jah
2015-10-28;3,1;63;6,8;jah
2015-10-29;3,11;63;6,3;jah
2015-10-30;3,05;61;5,7;jah
2015-10-31;2,99;60;4,9;jah
2015-11-01;3;60;5;jah
2015-11-02;3,2;62;5,6;jah
2015-11-03;3,2;62;6,2;jah
2015-11-04;3,2;61;6,6;jah
2015-11-05;3,19;61;6,8;jah
2015-11-06;3,17;60;6,6;jah
2015-11-07;3,18;59;6,4;jah
2015-11-08;3,25;60;6,4;jah
2015-11-09;3,46;63;6,5;jah
2015-11-10;3,57;64;6,6;jah
2015-11-11;3,63;64;6,8;jah
2015-11-12;3,57;62;6,8;jah
2015-11-13;3,66;63;6,8;jah
2015-11-14;3,71;63;6,8;jah
2015-11-15;3,72;63;6,7;jah
2015-11-16;3,79;63;6,7;jah
2015-11-17;3,73;62;6,6;jah
2015-11-18;3,76;62;6,6;jah
2015-11-19;3,82;63;6,7;jah
2015-11-20;3,94;64;6,8;jah
2015-11-21;4,06;65;6,8;jah
2015-11-22;4;64;6,4;jah
2015-11-23;3,81;61;5,9;jah
2015-11-24;3,65;59;5,6;jah
2015-11-25;3,6;58;5,4;jah
2015-11-26;3,53;57;5,2;jah
2015-11-27;3,46;56;4,9;jah
2015-11-28;3,47;56;5;jah
2015-11-29;3,57;57;5;jah
2015-11-30;3,51;56;5,1;jah
2015-12-01;3,56;57;5,1;jah
2015-12-02;3,59;57;5,2;jah
2015-12-03;3,53;56;5,1;jah
2015-12-04;3,51;56;5,3;jah
2015-12-05;3,55;57;5,5;jah
2015-12-06;3,66;58;5,8;jah
2015-12-07;3,83;60;6,1;jah
2015-12-08;3,97;62;6;jah
2015-12-09;4,08;63;5,6;jah
2015-12-10;4,03;62;5,5;jah
2015-12-11;3,9;61;5,6;jah
2015-12-12;3,82;60;5,6;jah
2015-12-13;3,79;60;5,6;jah
2015-12-14;3,76;59;5,5;jah
2015-12-15;3,71;59;5,3;jah
2015-12-16;3,64;58;5,1;jah
2015-12-17;3,61;58;5,1;jah
2015-12-18;3,57;57;5,1;jah
2015-12-19;3,59;58;5,3;jah
2015-12-20;3,68;59;5,7;jah
2015-12-21;3,54;57;6,1;jah
2015-12-22;3,5;57;6,3;jah
2015-12-23;3,48;57;6,4;jah
2015-12-24;3,54;58;6,4;jah
2015-12-25;3,55;58;6,2;jah
2015-12-26;3,63;59;6;jah
2015-12-27;3,7;60;5,5;jah
2015-12-28;3,47;57;4,8;jah
2015-12-29;3,13;52;4,5;jah
2015-12-30;3,11;60;4,4;jah
2015-12-31;3,15;60;4,3;jah
2016-01-01;3,22;56;4,3;jah
2016-01-02;3,2;55;4,1;jah
2016-01-03;3,09;55;4;jah
2016-01-04;3,19;56;3,9;jah
2016-01-05;3,24;58;3,8;jah
2016-01-06;3,2;57;3,7;jah
2016-01-07;3,17;58;3,7;jah
2016-01-08;3,14;58;3,6;jah
2016-01-09;3,08;57;3,6;jah
2016-01-10;3,07;58;3,5;jah
2016-01-11;3,11;59;3,5;jah
2016-01-12;3,23;61;3,4;jah
2016-01-13;3,25;62;3,4;jah
2016-01-14;3,2;62;3,3;jah
2016-01-15;3,08;61;3,3;jah
2016-01-16;2,97;60;3,3;jah
2016-01-17;3,04;61;3,3;jah
2016-01-18;3,02;61;3,3;jah
2016-01-19;3,21;62;3,1;jah
2016-01-20;3,35;62;3;jah
2016-01-21;3,49;62;3;jah
2016-01-22;3,55;61;3;jah
2016-01-23;3,35;56;2,9;jah
2016-01-24;3,24;55;2,9;jah
2016-01-25;3,43;64;2,9;jah
2016-01-26;3,64;65;2,9;jah
2016-01-27;3,86;62;2,9;jah
2016-01-28;4,11;58;3;jah
2016-01-29;4,53;64;3,2;jah
2016-01-30;4,97;70;3,6;jah
2016-01-31;5,68;77;3,9;jah
2016-02-01;6,12;81;4;jah
2016-02-02;5,94;79;3,8;jah
2016-02-03;5,95;80;3,8;jah
2016-02-04;6,54;86;4;jah
2016-02-05;6,81;88;3,7;jah
2016-02-06;6,5;85;3,5;jah
2016-02-07;5,72;77;3,4;jah
2016-02-08;5,2;72;3,6;jah
2016-02-09;4,95;70;3,8;jah
2016-02-10;4,97;71;4;jah
2016-02-11;5,24;74;4,2;jah
2016-02-12;5,73;78;4,3;jah
2016-02-13;6,1;82;4,3;jah
2016-02-14;6,06;81;4,2;jah
2016-02-15;5,84;79;4,1;jah
2016-02-16;5,45;75;4;jah
2016-02-17;4,94;70;3,8;jah
2016-02-18;4,42;64;3,6;jah
2016-02-19;4,21;62;3,5;jah
2016-02-20;4,45;65;3,7;jah
2016-02-21;4,35;64;3,8;jah
2016-02-22;4,26;63;3,9;jah
2016-02-23;4,31;63;4;jah
2016-02-24;4,36;64;4,1;jah
2016-02-25;4,37;64;4,2;jah
2016-02-26;4,37;64;4,2;jah
2016-02-27;4,34;63;4,2;jah
2016-02-28;4,23;62;4,1;jah
2016-02-29;4,04;60;4;jah
2016-03-01;3,86;58;3,8;jah
2016-03-02;3,69;56;3,5;jah
2016-03-03;3,62;56;3,4;jah
2016-03-04;3,73;57;3,5;jah
2016-03-05;3,69;57;3,7;jah
2016-03-06;3,62;56;3,9;jah
2016-03-07;3,62;56;4,1;jah
2016-03-08;3,99;61;4,3;jah
2016-03-09;5,06;73;4,4;jah
2016-03-10;6,93;90;4,2;jah
2016-03-11;7,01;89;4;jah
2016-03-12;6,15;81;3,8;jah
2016-03-13;5,48;75;3,9;jah
2016-03-14;5,18;72;3,9;jah
2016-03-15;5,13;71;4;jah
2016-03-16;4,96;69;4;jah
2016-03-17;4,9;69;4,1;jah
2016-03-18;5,26;73;4,3;jah
2016-03-19;5,56;75;4,2;jah
2016-03-20;5,14;70;3,8;jah
2016-03-21;4,87;68;3,6;jah
2016-03-22;4,82;67;3,4;jah
2016-03-23;4,37;62;3,3;jah
2016-03-24;4,19;60;3,4;jah
2016-03-25;4,1;59;3,5;jah
2016-03-26;4,16;60;3,7;jah
2016-03-27;4,24;61;3,9;jah
2016-03-28;4,16;60;4,2;jah
2016-03-29;4,24;61;4,5;jah
2016-03-30;4,45;63;4,7;jah
2016-03-31;4,79;67;4,8;jah
2016-04-01;5,55;75;4,8;jah
2016-04-02;6,44;83;4,8;jah
2016-04-03;6,65;84;4,8;jah
2016-04-04;6,53;83;4,9;jah
2016-04-05;6,25;81;5,1;jah
2016-04-06;5,93;78;5,4;jah
2016-04-07;5,88;78;5,8;jah
2016-04-08;5,85;77;6,2;jah
2016-04-09;5,86;77;6,2;jah
2016-04-10;5,6;75;6;jah
2016-04-11;5,21;71;6;jah
2016-04-12;4,9;68;6;jah
2016-04-13;4,68;66;6,1;jah
2016-04-14;6,38;85;6,1;jah
2016-04-15;10,3;118;5,8;jah
2016-04-16;11,2;124;5,6;jah
2016-04-17;12,2;132;5,6;jah
2016-04-18;11,8;128;5,8;jah
2016-04-19;9,9;112;6,1;jah
2016-04-20;7,86;95;6,2;jah
2016-04-21;7,08;89;6,3;jah
2016-04-22;6,74;86;6,3;jah
2016-04-23;6,42;83;6,3;jah
2016-04-24;6,09;80;6,3;jah
2016-04-25;5,98;79;6,3;jah
2016-04-26;6,21;82;6,2;jah
2016-04-27;8,11;100;6,2;jah
2016-04-28;9,57;111;6,3;jah
2016-04-29;9,85;113;6,5;jah
2016-04-30;9,25;108;6,8;jah
2016-05-01;8,14;98;7,1;jah
2016-05-02;7,15;89;7,4;jah
2016-05-03;6,49;83;7,7;jah
2016-05-04;6,21;80;8,1;jah
2016-05-05;5,79;76;8,5;jah
2016-05-06;5,39;72;8,7;jah
2016-05-07;5,08;69;9;jah
2016-05-08;4,83;67;9,2;jah
2016-05-09;4,6;64;9,4;jah
2016-05-10;4,39;62;9,6;jah
2016-05-11;4,13;59;9,8;jah
2016-05-12;4;58;9,8;jah
2016-05-13;3,9;58;9,5;jah
2016-05-14;3,81;57;9,5;jah
2016-05-15;3,74;57;9,6;jah
2016-05-16;3,63;56;9,8;jah
2016-05-17;3,54;55;9,7;jah
2016-05-18;3,54;55;9,4;jah
2016-05-19;3,51;55;9,4;jah
2016-05-20;3,43;54;9,3;jah
2016-05-21;3,35;54;9,5;jah
2016-05-22;3,29;53;9,7;jah
2016-05-23;3,23;52;9,9;jah
2016-05-24;3,18;52;10,2;jah
2016-05-25;3,17;52;10,6;jah
2016-05-26;3,22;53;10,9;jah
2016-05-27;3,21;52;10,8;jah
2016-05-28;3,19;52;10,7;jah
2016-05-29;3,18;52;10,7;jah
2016-05-30;3,16;52;11;jah
2016-05-31;3,17;52;11,5;jah
2016-06-01;3,16;53;11,9;jah
2016-06-02;3,01;52;12,1;jah
2016-06-03;2,99;52;12,2;jah
2016-06-04;3,04;54;12,1;jah
2016-06-05;2,99;54;11,7;jah
2016-06-06;2,95;54;11,2;jah
2016-06-07;2,95;55;10,6;jah
2016-06-08;2,93;56;10,5;jah
2016-06-09;3,01;58;10,5;jah
2016-06-10;2,93;58;10,3;jah
2016-06-11;3,14;63;10,1;jah
2016-06-12;3,75;73;9,8;jah
2016-06-13;3,94;75;9,6;jah
2016-06-14;3,57;71;9,8;jah
2016-06-15;3,32;68;10,1;jah
2016-06-16;3,33;69;10,3;jah
2016-06-17;3,6;73;10,6;jah
2016-06-18;3,52;72;11;jah
2016-06-19;3,33;70;11,3;jah
2016-06-20;3,15;68;11,7;jah
2016-06-21;3,14;69;12;jah
2016-06-22;4,26;87;12,2;jah
2016-06-23;4,15;85;12,4;jah
2016-06-24;3,67;79;12,5;jah
2016-06-25;3,43;76;12,7;jah
2016-06-26;3,21;74;13,3;jah
2016-06-27;3,72;84;13,8;jah
2016-06-28;4,48;97;13,7;jah
2016-06-29;4,63;100;13,6;jah
2016-06-30;4,61;101;13,6;jah
2016-07-01;3,97;92;13,5;jah
2016-07-02;3,68;89;13,2;jah
2016-07-03;3,54;89;13,4;jah
2016-07-04;4,61;109;13,5;jah
2016-07-05;6,93;138;13,4;jah
2016-07-06;8,21;150;13,7;jah
2016-07-07;8,08;148;13,9;jah
2016-07-08;6,27;129;13,5;jah
2016-07-09;5,04;116;13,1;jah
2016-07-10;4,38;107;13,2;jah
2016-07-11;4,16;104;13,1;jah
2016-07-12;4,06;103;13;jah
2016-07-13;3,83;99;13,1;jah
2016-07-14;3,53;94;13,2;jah
2016-07-15;3,3;90;13,3;jah
2016-07-16;3,08;87;13,4;jah
2016-07-17;2,91;83;13,5;jah
2016-07-18;2,81;82;13,7;jah
2016-07-19;2,7;80;13,5;jah
2016-07-20;2,62;78;13,3;jah
2016-07-21;2,71;81;13;jah
2016-07-22;3,37;95;13;jah
2016-07-23;4,45;112;13,2;jah
2016-07-24;4,28;108;13,5;jah
2016-07-25;3,78;99;13,9;jah
2016-07-26;3,58;96;14,3;jah
2016-07-27;3,37;91;14,7;jah
2016-07-28;3,22;88;14,9;jah
2016-07-29;3,04;84;15;jah
2016-07-30;2,96;82;14,9;jah
2016-07-31;2,91;81;14,5;jah
2016-08-01;2,99;82;14,1;jah
2016-08-02;3,61;93;13,7;jah
2016-08-03;3,69;94;13,6;jah
2016-08-04;3,99;101;13,2;jah
2016-08-05;3,99;101;13,1;jah
2016-08-06;3,49;94;13,3;jah
2016-08-07;3,41;96;13,3;jah
2016-08-08;4,66;118;13,1;jah
2016-08-09;6,33;137;13,4;jah
2016-08-10;5,25;123;13,7;jah
2016-08-11;4,52;114;13,3;jah
2016-08-12;4,37;112;12,7;jah
2016-08-13;4,41;112;12,2;jah
2016-08-14;3,97;104;12,1;jah
2016-08-15;3,59;97;12,3;jah
2016-08-16;3,36;93;12,2;jah
2016-08-17;3,28;91;12;jah
2016-08-18;3,61;98;11,7;jah
2016-08-19;4,36;108;11,8;jah
2016-08-20;4,45;109;12,2;jah
2016-08-21;4,3;106;12,5;jah
2016-08-22;3,92;99;12,7;jah
2016-08-23;3,77;97;12,7;jah
2016-08-24;4,31;106;12,7;jah
2016-08-25;5,81;125;12,8;jah
2016-08-26;6,34;129;13,2;jah
2016-08-27;5,31;115;13,3;jah
2016-08-28;4,3;101;13,3;jah
2016-08-29;3,83;94;13,1;jah
2016-08-30;4,62;106;13,1;jah
2016-08-31;4,9;108;12,8;jah
2016-09-01;4,63;104;12,6;jah
2016-09-02;4,31;98;12,3;jah
2016-09-03;4,05;94;12,1;jah
2016-09-04;3,89;91;12;jah
2016-09-05;3,81;89;11,9;jah
2016-09-06;3,74;87;11,6;jah
2016-09-07;3,61;84;11,4;jah
2016-09-08;3,51;82;11,3;jah
2016-09-09;3,45;80;11,3;jah
2016-09-10;3,34;78;11,2;jah
2016-09-11;3,26;76;11,1;jah
2016-09-12;3,22;75;11,3;jah
2016-09-13;3,19;74;11,4;jah
2016-09-14;3,11;72;11,1;jah
2016-09-15;3,04;70;10,7;jah
2016-09-16;3,03;70;10,5;jah
2016-09-17;3,02;70;10,4;jah
2016-09-18;3;69;10,3;jah
2016-09-19;2,99;69;10,2;jah
2016-09-20;3,01;69;9,9;jah
2016-09-21;3,03;69;9,7;jah
2016-09-22;3;68;9,6;jah
2016-09-23;3,04;69;9,5;jah
2016-09-24;3,1;70;9,5;jah
2016-09-25;3,03;68;9,4;jah
2016-09-26;2,98;67;9,4;jah
2016-09-27;2,96;66;9,4;jah
2016-09-28;2,97;67;9,4;jah
2016-09-29;3,02;67;9,5;jah
2016-09-30;3,22;71;9,9;jah
2016-10-01;3,29;72;10;jah
2016-10-02;3,36;73;9,8;jah
2016-10-03;3,8;79;9,5;jah
2016-10-04;3,87;80;9,4;jah
2016-10-05;3,6;75;9,1;jah
2016-10-06;3,38;72;8,8;jah
2016-10-07;3,3;71;8,7;jah
2016-10-08;3,55;75;8,6;jah
2016-10-09;3,9;78;8,4;jah
2016-10-10;4,01;79;8,3;jah
2016-10-11;3,84;76;8,1;jah
2016-10-12;3,81;75;7,8;jah
2016-10-13;3,67;72;7,6;jah
2016-10-14;3,54;70;7,4;jah
2016-10-15;3,5;69;7,3;jah
2016-10-16;3,47;68;7,3;jah
2016-10-17;3,45;67;7,4;jah
2016-10-18;3,42;66;7,3;jah
2016-10-19;3,44;66;7;jah
2016-10-20;3,4;65;6,6;jah
2016-10-21;3,44;65;6,3;jah
2016-10-22;3,43;65;6,2;jah
2016-10-23;3,41;64;6,2;jah
2016-10-24;3,42;64;6,3;jah
2016-10-25;3,48;64;6,4;jah
2016-10-26;3,76;68;6,3;jah
2016-10-27;3,98;70;6,3;jah
2016-10-28;4,07;71;6,3;jah
2016-10-29;4,5;77;6,5;jah
2016-10-30;5,82;92;6,6;jah
2016-10-31;7,25;106;6,5;jah
2016-11-01;7,72;109;6,2;jah
2016-11-02;7,28;104;5,5;jah
2016-11-03;6,55;96;4,9;jah
2016-11-04;5,93;89;4,8;jah
2016-11-05;5,47;83;5;jah
2016-11-06;5;78;4,7;jah
2016-11-07;4,6;74;4;jah
2016-11-08;4,61;74;3,9;jah
2016-11-09;4,52;73;3,8;jah
2016-11-10;4,46;72;3,9;jah
2016-11-11;4,37;70;3,8;jah
2016-11-12;4,25;69;3,8;jah
2016-11-13;4,15;68;4;jah
2016-11-14;4,15;68;4,5;jah
2016-11-15;4,15;68;4,7;jah
2016-11-16;4,22;68;4,9;jah
2016-11-17;4,32;70;5;jah
2016-11-18;4,86;79;5;jah
2016-11-19;7,31;108;5,1;jah
2016-11-20;10,2;135;5;jah
2016-11-21;11,3;143;5,1;jah
2016-11-22;11,1;140;5,2;jah
2016-11-23;11,1;139;4,8;jah
2016-11-24;10,8;135;4,6;jah
2016-11-25;9,55;123;4,7;jah
2016-11-26;8,82;117;4,8;jah
2016-11-27;9,16;119;4,9;jah
2016-11-28;9,29;119;4,5;jah
2016-11-29;8,83;114;3,8;jah
2016-11-30;7,57;101;3,5;jah
2016-12-01;6,79;93;3,4;jah
2016-12-02;6,75;93;3,7;jah
2016-12-03;6,48;90;3,7;jah
2016-12-04;6,01;85;3,5;jah
2016-12-05;5,71;82;3,5;jah
2016-12-06;6,14;86;3,6;jah
2016-12-07;5,79;81;2,5;jah
2016-12-08;5,89;83;2,9;jah
2016-12-09;7,28;97;3,5;jah
2016-12-10;9,23;115;3,3;jah
2016-12-11;9,39;115;2,3;jah
2016-12-12;8,94;111;2,1;jah
2016-12-13;8,12;103;2,1;jah
2016-12-14;6,61;89;2,3;jah
2016-12-15;6,07;84;2,9;jah
2016-12-16;5,51;79;3,2;jah
2016-12-17;5,45;79;3,6;jah
2016-12-18;5,46;79;3,9;jah
2016-12-19;5,29;77;4;jah
2016-12-20;5,29;77;4,2;jah
2016-12-21;5,52;80;4,4;jah
2016-12-22;5,89;83;4,6;jah
2016-12-23;6,23;86;4,6;jah
2016-12-24;6,43;87;4,5;jah
2016-12-25;6,67;89;4,5;jah
2016-12-26;6,9;91;4,4;jah
2016-12-27;6,99;92;4,4;jah
2016-12-28;6,98;91;4,2;jah
2016-12-29;6,59;87;4;jah
2016-12-30;6,14;82;4;jah
2016-12-31;6,11;82;4,3;jah
2017-01-01;6,6;88;4,7;jah
2017-01-02;8,49;107;4,9;jah
2017-01-03;9,94;119;4,4;jah
2017-01-04;9,86;119;3,6;jah
2017-01-05;9,1;137;3,2;jah
2017-01-06;8,73;136;3;jah
2017-01-07;8,36;126;2,9;jah
2017-01-08;8;120;2,8;jah
2017-01-09;7,65;109;2,8;jah
2017-01-10;7,3;98;2,9;jah
2017-01-11;6,81;92;2,8;jah
2017-01-12;6,32;87;2,7;jah
2017-01-13;6,01;85;2,7;jah
2017-01-14;6,03;85;2,7;jah
2017-01-15;6,03;86;2,7;jah
2017-01-16;5,79;83;2,7;jah
2017-01-17;5,38;79;2,7;jah
2017-01-18;4,99;75;2,7;jah
2017-01-19;4,55;70;2,8;jah
2017-01-20;4,25;67;3,2;jah
2017-01-21;4,32;67;3,4;jah
2017-01-22;4,31;66;3,4;jah
2017-01-23;4,37;67;3,5;jah
2017-01-24;4,55;68;3,7;jah
2017-01-25;4,58;67;3,5;jah
2017-01-26;4,35;64;3;jah
2017-01-27;4,29;63;3,1;jah
2017-01-28;4,58;66;3,5;jah
2017-01-29;4,54;64;3,8;jah
2017-01-30;4,49;64;3,8;jah
2017-01-31;4,47;63;3,8;jah
2017-02-01;4,46;62;3,6;jah
2017-02-02;4,45;62;3,5;jah
2017-02-03;4,44;61;3,5;jah
2017-02-04;4,44;61;3,5;jah
2017-02-05;4,43;61;3,6;jah
2017-02-06;4,26;58;2,5;jah
2017-02-07;4,27;67;1,7;jah
2017-02-08;4,3;71;1,5;jah
2017-02-09;4,28;63;2,2;jah
2017-02-10;4,27;61;1,9;jah
2017-02-11;4,26;60;2;jah
2017-02-12;4,24;61;2,1;jah
2017-02-13;4,23;61;2,1;jah
2017-02-14;4,22;59;2,1;jah
2017-02-15;4,2;57;2,1;jah
2017-02-16;4,16;56;2;jah
2017-02-17;4,14;55;2,2;jah
2017-02-18;4,21;56;2,8;jah
2017-02-19;4,29;58;3,2;jah
2017-02-20;4,67;63;3,5;jah
2017-02-21;6,38;83;3,5;jah
2017-02-22;7,27;89;2;jah
2017-02-23;6,04;78;2,1;jah
2017-02-24;5,69;75;2,4;jah
2017-02-25;5,37;71;2,2;jah
2017-02-26;4,86;65;2;jah
2017-02-27;4,62;62;2,4;jah
2017-02-28;4,66;63;3;jah
2017-03-01;5,14;69;3,5;jah
2017-03-02;6,2;81;3,6;jah
2017-03-03;6,78;85;3,2;jah
2017-03-04;6,63;84;3,1;jah
2017-03-05;6,84;86;3,2;jah
2017-03-06;6,8;85;3;jah
2017-03-07;6,05;77;2,5;jah
2017-03-08;5,52;72;2,5;jah
2017-03-09;5,31;70;3;jah
2017-03-10;5,34;71;3,3;jah
2017-03-11;5,93;77;3,4;jah
2017-03-12;6,67;85;3,4;jah
2017-03-13;7;88;3,4;jah
2017-03-14;6,72;85;3,3;jah
2017-03-15;6,46;83;3,4;jah
2017-03-16;6,85;88;3,6;jah
2017-03-17;7,25;91;3,4;jah
2017-03-18;8,08;99;3,3;jah
2017-03-19;9,7;111;3,2;jah
2017-03-20;9,8;112;3,1;jah
2017-03-21;9,24;107;3,1;jah
2017-03-22;8,54;101;3,4;jah
2017-03-23;8,11;97;3,7;jah
2017-03-24;7,88;95;3,8;jah
2017-03-25;7,52;92;3,6;jah
2017-03-26;7,17;89;3,7;jah
2017-03-27;6,95;87;3,9;jah
2017-03-28;6,86;86;4,3;jah
2017-03-29;6,7;85;4,3;jah
2017-03-30;6,41;82;4;jah
2017-03-31;6,01;78;3,8;jah
2017-04-01;5,73;76;3,6;jah
2017-04-02;5,72;76;4,1;jah
2017-04-03;6,02;79;4,8;jah
2017-04-04;6,31;82;5,2;jah
2017-04-05;6,39;83;5,5;jah
2017-04-06;6,24;81;5,8;jah
2017-04-07;6,05;79;5,8;jah
2017-04-08;5,96;79;6;jah
2017-04-09;5,81;77;5,8;jah
2017-04-10;5,62;75;5,9;jah
2017-04-11;5,48;74;6,6;jah
2017-04-12;5,56;75;6,6;jah
2017-04-13;5,79;78;6,4;jah
2017-04-14;5,91;79;5,9;jah
2017-04-15;5,99;79;5,2;jah
2017-04-16;5,82;77;4,9;jah
2017-04-17;5,7;76;4,8;jah
2017-04-18;5,77;76;4,8;jah
2017-04-19;5,46;73;4,8;jah
2017-04-20;5,24;70;5;jah
2017-04-21;5,15;69;5,2;jah
2017-04-22;5,28;71;5,2;jah
2017-04-23;5,88;77;5,3;jah
2017-04-24;6,63;84;5,4;jah
2017-04-25;6,91;86;5,3;jah
2017-04-26;7,64;94;5,3;jah
2017-04-27;8,73;103;5,5;jah
2017-04-28;8,8;103;5,8;jah
2017-04-29;8,15;97;6;jah
2017-04-30;7,96;96;6;jah
2017-05-01;7,94;97;5,9;jah
2017-05-02;7,49;93;6,3;jah
2017-05-03;6,68;85;7,2;jah
2017-05-04;6,05;80;7,8;jah
2017-05-05;5,55;75;8,2;jah
2017-05-06;5,22;72;8,5;jah
2017-05-07;4,98;70;8,7;jah
2017-05-08;4,8;67;8,6;jah
2017-05-09;4,62;65;7,8;jah
2017-05-10;4,47;63;7,3;jah
2017-05-11;4,62;66;6,9;jah
2017-05-12;4,61;65;7;jah
2017-05-13;4,42;63;7,2;jah
2017-05-14;4,29;61;8,3;jah
2017-05-15;4,29;61;9,3;jah
2017-05-16;4,21;60;9,1;jah
2017-05-17;4,11;59;9,2;jah
2017-05-18;4,05;58;10;jah
2017-05-19;4,04;58;11;jah
2017-05-20;4,01;57;12,5;jah
2017-05-21;3,94;56;13,1;jah
2017-05-22;3,86;55;12,7;jah
2017-05-23;3,84;55;12,4;jah
2017-05-24;3,87;55;12,3;jah
2017-05-25;3,91;56;11,9;jah
2017-05-26;3,93;56;11,9;jah
2017-05-27;3,87;55;11,8;jah
2017-05-28;3,8;54;12,6;jah
2017-05-29;3,82;55;13,2;jah
2017-05-30;3,91;56;13,2;jah
2017-05-31;3,85;55;13;jah
2017-06-01;3,87;56;11,9;jah
2017-06-02;3,76;54;10,7;jah
2017-06-03;3,67;53;9,8;jah
2017-06-04;3,61;53;9,6;jah
2017-06-05;3,66;54;9,8;jah
2017-06-06;3,73;55;10,3;jah
2017-06-07;3,67;54;11,9;jah
2017-06-08;3,68;55;12,8;jah
2017-06-09;3,85;58;12,3;jah
2017-06-10;3,86;58;12,5;jah
2017-06-11;3,7;56;13,3;jah
2017-06-12;3,65;56;12,8;jah
2017-06-13;3,81;59;12,2;jah
2017-06-14;4,13;64;12,1;jah
2017-06-15;4,18;64;12,3;jah
2017-06-16;4,03;63;12,8;jah
2017-06-17;3,78;59;13,7;jah
2017-06-18;3,55;56;14,2;jah
2017-06-19;3,44;55;14,7;jah
2017-06-20;3,39;55;14,5;jah
2017-06-21;3,4;55;13,6;jah
2017-06-22;3,37;55;12,7;jah
2017-06-23;3,36;55;12,4;jah
2017-06-24;3,29;54;12,5;jah
2017-06-25;3,3;55;13,2;jah
2017-06-26;3,38;57;13,3;jah
2017-06-27;3,44;58;13,1;jah
2017-06-28;3,4;57;13;jah
2017-06-29;3,31;56;12,9;jah
2017-06-30;3,49;60;13;jah
2017-07-01;3,88;66;12,9;jah
2017-07-02;4,26;72;13,2;jah
2017-07-03;4,5;75;13,3;jah
2017-07-04;4,4;74;13,3;jah
2017-07-05;4,81;80;13,3;jah
2017-07-06;4,83;79;12,8;jah
2017-07-07;4,39;74;12,6;jah
2017-07-08;4,07;71;12,6;jah
2017-07-09;3,8;67;12,6;jah
2017-07-10;3,56;64;13,4;jah
2017-07-11;3,4;62;13,6;jah
2017-07-12;3,89;72;13,5;jah
2017-07-13;5,61;98;13,6;jah
2017-07-14;9,96;142;14;jah
2017-07-15;10,6;146;13,7;jah
2017-07-16;10,2;143;13,7;jah
2017-07-17;9,33;135;13,7;jah
2017-07-18;6,63;108;13,4;jah
2017-07-19;5,38;94;13,2;jah
2017-07-20;4,84;87;13;jah
2017-07-21;4,46;82;12,6;jah
2017-07-22;4,14;77;12,7;jah
2017-07-23;3,91;74;12,9;jah
2017-07-24;3,75;71;13,2;jah
2017-07-25;3,63;69;13,5;jah
2017-07-26;3,52;67;13,8;jah
2017-07-27;3,52;67;13,6;jah
2017-07-28;3,52;67;13,5;jah
2017-07-29;3,47;66;13,8;jah
2017-07-30;3,44;65;13,8;jah
2017-07-31;3,41;65;14;jah
2017-08-01;3,35;64;14,4;jah
2017-08-02;3,41;65;14,5;jah
2017-08-03;3,69;69;14,5;jah
2017-08-04;3,76;71;14,7;jah
2017-08-05;3,97;74;14,6;jah
2017-08-06;3,83;71;14,6;jah
2017-08-07;3,72;69;14,3;jah
2017-08-08;3,56;67;13,8;jah
2017-08-09;3,45;65;13,7;jah
2017-08-10;3,37;63;13,8;jah
2017-08-11;3,31;63;13,8;jah
2017-08-12;3,27;62;14,3;jah
2017-08-13;3,44;66;15;jah
2017-08-14;3,51;67;14,4;jah
2017-08-15;3,42;66;13,7;jah
2017-08-16;3,32;64;13,3;jah
2017-08-17;3,27;64;13,5;jah
2017-08-18;3,24;64;13,6;jah
2017-08-19;3,25;65;13,8;jah
2017-08-20;3,65;73;14,3;jah
2017-08-21;4,92;92;13,5;jah
2017-08-22;6,32;111;13;jah
2017-08-23;7,74;131;12,8;jah
2017-08-24;16,5;207;13;jah
2017-08-25;22,7;250;12,9;jah
2017-08-26;30,2;291;12,9;jah
2017-08-27;29,1;277;13;jah
2017-08-28;23;237;13,1;jah
2017-08-29;18,1;203;12,7;jah
2017-08-30;13,1;164;12,4;jah
2017-08-31;8,55;125;12,5;jah
2017-09-01;6,71;107;12,7;jah
2017-09-02;6;100;12,4;jah
2017-09-03;6,81;110;12;jah
2017-09-04;7,4;116;11,7;jah
2017-09-05;7,13;112;11,3;jah
2017-09-06;6,46;104;10,7;jah
2017-09-07;5,91;98;10,5;jah
2017-09-08;5,65;95;10,6;jah
2017-09-09;5,51;93;10,8;jah
2017-09-10;5,35;92;11;jah
2017-09-11;5,28;91;11,8;jah
2017-09-12;5,29;92;12,3;jah
2017-09-13;8,08;126;12,9;jah
2017-09-14;13,3;168;13,3;jah
2017-09-15;13,7;169;13,1;jah
2017-09-16;15,3;180;12,8;jah
2017-09-17;16,1;183;12,5;jah
2017-09-18;15,6;178;12,1;jah
2017-09-19;17,2;189;11,8;jah
2017-09-20;18,4;196;11,8;jah
2017-09-21;21,6;220;12,1;jah
2017-09-22;21,3;216;12,5;jah
2017-09-23;17,8;193;12,4;jah
2017-09-24;14,1;165;11,5;jah
2017-09-25;10,8;137;10,6;jah
2017-09-26;8,32;117;10;jah
2017-09-27;7,3;107;9,6;jah
2017-09-28;6,71;100;9,5;jah
2017-09-29;6,28;95;8,7;jah
2017-09-30;6,02;92;8,2;jah
2017-10-01;5,86;90;8,3;jah
2017-10-02;5,7;88;8,2;jah
2017-10-03;5,57;86;7,6;jah
2017-10-04;5,68;87;8;jah
2017-10-05;5,93;90;8,5;jah
2017-10-06;6,55;97;8,6;jah
2017-10-07;6,94;100;8,4;jah
2017-10-08;6,83;98;8,3;jah
2017-10-09;6,86;99;8,3;jah
2017-10-10;7,65;107;8,2;jah
2017-10-11;8,79;118;8,2;jah
2017-10-12;9,63;125;8,2;jah
2017-10-13;10,5;132;8,4;jah
2017-10-14;11,2;137;8,5;jah
2017-10-15;11,3;137;8,5;jah
2017-10-16;10,8;132;8,3;jah
2017-10-17;9,69;123;8,2;jah
2017-10-18;8,86;116;8,6;jah
2017-10-19;8,49;112;8;jah
2017-10-20;8,05;108;6,8;jah
2017-10-21;7,57;103;5,2;jah
2017-10-22;7,16;99;4;jah
2017-10-23;6,84;95;3,6;jah
2017-10-24;6,54;92;2,9;jah
2017-10-25;6,23;89;2,2;jah
2017-10-26;6,13;88;1,9;jah
2017-10-27;6,32;90;2,5;jah
2017-10-28;6,51;92;3,2;jah
2017-10-29;7,07;98;3,9;jah
2017-10-30;8,27;110;4,2;jah
2017-10-31;10,9;134;3,8;jah
2017-11-01;12,3;142;2,9;jah
2017-11-02;11,6;136;2,7;jah
2017-11-03;10,6;127;3,1;jah
2017-11-04;9,22;115;3,6;jah
2017-11-05;8,51;109;4,5;jah
2017-11-06;7,99;104;4,9;jah
2017-11-07;7,73;101;5,2;jah
2017-11-08;7,27;96;4,1;jah
2017-11-09;7,18;95;3,5;jah
2017-11-10;6,85;92;3,8;jah
2017-11-11;6,77;91;4,4;jah
2017-11-12;7;93;4,5;jah
2017-11-13;7,45;98;4,2;jah
2017-11-14;7,76;101;4;jah
2017-11-15;7,67;100;3,8;jah
2017-11-16;7,45;98;3,7;jah
2017-11-17;7,35;97;3,3;jah
2017-11-18;7,38;97;3,4;jah
2017-11-19;7,3;96;3,6;jah
2017-11-20;7,16;95;3,6;jah
2017-11-21;7,3;97;3,5;jah
2017-11-22;7,38;98;3;jah
2017-11-23;7,17;95;2,5;jah
2017-11-24;6,82;92;2,6;jah
2017-11-25;6,7;91;3,2;jah
2017-11-26;7,02;95;3,8;jah
2017-11-27;7,62;102;3,4;jah
2017-11-28;7,99;105;2,6;jah
2017-11-29;7,69;102;2,4;jah
2017-11-30;7,17;97;2,4;jah
2017-12-01;7;96;2;jah
2017-12-02;7,06;97;2,2;jah
2017-12-03;7,12;98;2;jah
2017-12-04;6,94;96;1,8;jah
2017-12-05;6,67;94;1,9;jah
2017-12-06;6,45;92;1,7;jah
2017-12-07;6,25;90;1,5;jah
2017-12-08;6,16;89;1,9;jah
2017-12-09;6,47;93;2,3;jah
2017-12-10;7,24;100;2,3;jah
2017-12-11;7,59;103;1,8;jah
2017-12-12;7,25;99;1,5;jah
2017-12-13;7,32;100;1,9;jah
2017-12-14;8,33;109;1,6;jah
2017-12-15;8,64;111;1,3;jah
2017-12-16;8,1;105;1,6;jah
2017-12-17;7,52;99;1,9;jah
2017-12-18;7,05;94;1,9;jah
2017-12-19;6,65;89;1,9;jah
2017-12-20;6,37;86;1,8;jah
2017-12-21;6,17;84;1,3;jah
2017-12-22;6,09;83;1,4;jah
2017-12-23;6,07;83;1,6;jah
2017-12-24;6,18;84;1,6;jah
2017-12-25;6,09;82;0,9;jah
2017-12-26;6,08;83;1,7;jah
2017-12-27;8,24;105;2,1;jah
2017-12-28;10,3;121;1,7;jah
2017-12-29;10,9;126;1,8;jah
2017-12-30;11,1;127;2,2;jah
2017-12-31;10,9;125;1,9;jah
2018-01-01;10,7;124;1,6;jah
2018-01-02;10,9;125;1,9;jah
2018-01-03;10,4;121;2,2;jah
2018-01-04;10,4;121;2,4;jah
2018-01-05;10,3;120;2,8;jah
2018-01-06;10,3;120;3,2;jah
2018-01-07;10,6;122;2,3;jah
2018-01-08;10,5;122;1;jah
2018-01-09;9,93;117;0,8;jah
2018-01-10;8,76;108;1,4;jah
2018-01-11;7,87;101;1,6;jah
2018-01-12;7,14;94;1;jah
2018-01-13;6,05;83;0,4;jah
2018-01-14;5,22;76;0,2;jah
2018-01-15;5,22;80;0,2;jah
2018-01-16;5,27;77;0,1;jah
2018-01-17;5,43;82;0,2;jah
2018-01-18;5,59;80;0,2;jah
2018-01-19;5,63;82;0,2;jah
2018-01-20;5,65;80;0,2;jah
2018-01-21;5,61;78;0,2;jah
2018-01-22;5,42;75;0,3;jah
2018-01-23;5,26;73;0,5;jah
2018-01-24;5,21;72;0,2;jah
2018-01-25;4,95;69;0,7;jah
2018-01-26;5,44;75;1,8;jah
2018-01-27;5,85;79;2,1;jah
2018-01-28;6,1;81;1,9;jah
2018-01-29;6,27;83;2,1;jah
2018-01-30;6,34;84;1,7;jah
2018-01-31;6,13;82;1,1;jah
2018-02-01;5,79;78;0,8;jah
2018-02-02;5,66;77;1,4;jah
2018-02-03;5,71;78;2;jah
2018-02-04;5,54;76;1,5;jah
2018-02-05;5,19;72;0,2;jah
2018-02-06;4,97;70;0,1;jah
2018-02-07;5,1;72;0,1;jah
2018-02-08;4,97;74;0,1;jah
2018-02-09;4,82;70;0,2;jah
2018-02-10;4,8;69;0,3;jah
2018-02-11;4,73;69;0,7;jah
2018-02-12;4,67;69;1,1;jah
2018-02-13;4,6;68;1,4;jah
2018-02-14;4,54;68;1,4;jah
2018-02-15;4,24;64;0,3;jah
2018-02-16;3,98;61;0,2;jah
2018-02-17;4,21;65;0,5;jah
2018-02-18;4,27;67;1;jah
2018-02-19;4,23;67;0,9;jah
2018-02-20;4,08;65;0,5;jah
2018-02-21;4,14;67;0,1;jah
2018-02-22;4,04;65;0,1;jah
2018-02-23;4,04;67;0,1;jah
2018-02-24;4,21;70;0,1;jah
2018-02-25;4,15;69;0,1;jah
2018-02-26;3,99;68;0,1;jah
2018-02-27;3,97;68;0,1;jah
2018-02-28;3,9;67;0,1;jah
2018-03-01;3,86;67;0,2;jah
2018-03-02;3,85;68;0,2;jah
2018-03-03;3,92;70;0,2;jah
2018-03-04;3,93;70;0,2;jah
2018-03-05;3,91;70;0,2;jah
2018-03-06;4,01;71;0,2;jah
2018-03-07;4,15;72;0,2;jah
2018-03-08;4,27;73;0,2;jah
2018-03-09;4,36;72;0,2;jah
2018-03-10;4,09;67;0,3;jah
2018-03-11;3,81;62;0,3;jah
2018-03-12;3,7;59;1,2;jah
2018-03-13;3,82;61;2,7;jah
2018-03-14;4,79;75;2,8;jah
2018-03-15;7,11;98;1,1;jah
2018-03-16;6,18;88;0,2;jah
2018-03-17;5,46;79;0,2;jah
2018-03-18;5,07;73;0,3;jah
2018-03-19;4,54;65;1,1;jah
2018-03-20;4,48;64;2,1;jah
2018-03-21;4,36;62;2;jah
2018-03-22;4,25;60;2;jah
2018-03-23;4,22;60;2,4;jah
2018-03-24;4,25;60;2,9;jah
2018-03-25;4,29;60;3;jah
2018-03-26;4,43;62;2,9;jah
2018-03-27;4,49;62;1,9;jah
2018-03-28;4,3;59;1,5;jah
2018-03-29;4,27;58;1,7;jah
2018-03-30;4,26;58;1,7;jah
2018-03-31;4,32;57;2;jah
2018-04-01;4,41;57;2,7;jah
2018-04-02;4,77;61;3,1;jah
2018-04-03;5,67;71;3,3;jah
2018-04-04;6,47;78;3,5;jah
2018-04-05;7,77;90;3,7;jah
2018-04-06;11,1;117;3,1;jah
2018-04-07;13,5;135;2,8;jah
2018-04-08;13,4;137;3,1;jah
2018-04-09;14,1;142;4,3;jah
2018-04-10;14,6;145;5;jah
2018-04-11;14,4;143;3,9;jah
2018-04-12;14,2;142;4,2;jah
2018-04-13;13,3;135;4,9;jah
2018-04-14;11,3;121;5,6;jah
2018-04-15;9,46;107;6,1;jah
2018-04-16;8,64;101;7,2;jah
2018-04-17;8,66;102;7,7;jah
2018-04-18;10,5;117;6,9;jah
2018-04-19;11,1;121;6,4;jah
2018-04-20;11,1;121;6,9;jah
2018-04-21;10,3;115;8,4;jah
2018-04-22;9,02;104;8,2;jah
2018-04-23;7,93;96;7,9;jah
2018-04-24;7,21;90;8,2;jah
2018-04-25;6,86;87;8,9;jah
2018-04-26;6,86;87;9,2;jah
2018-04-27;7,04;89;8,8;jah
2018-04-28;6,88;88;8,5;jah
2018-04-29;6,67;86;8,7;jah
2018-04-30;6,4;83;9,9;jah
2018-05-01;6,34;83;11,2;jah
2018-05-02;6,55;85;12,1;jah
2018-05-03;6,3;82;12,1;jah
2018-05-04;6,03;79;12,5;jah
2018-05-05;5,82;77;11,4;jah
2018-05-06;5,62;75;10,9;jah
2018-05-07;5,38;72;11,9;jah
2018-05-08;5,14;69;13,1;jah
2018-05-09;4,93;66;13,1;jah
2018-05-10;4,78;64;12,9;jah
2018-05-11;4,66;63;13;jah
2018-05-12;4,53;61;13,3;jah
2018-05-13;4,51;60;14,3;jah
2018-05-14;4,42;59;15;jah
2018-05-15;4,32;58;15,4;jah
2018-05-16;4,31;58;15,2;jah
2018-05-17;4,3;58;15,6;jah
2018-05-18;4,28;58;15,6;jah
2018-05-19;4,41;60;14,8;jah
2018-05-20;4,32;58;13,9;jah
2018-05-21;4,18;57;14;jah
2018-05-22;4,02;55;14,2;jah
2018-05-23;3,98;55;14,6;jah
2018-05-24;3,87;54;15,1;jah
2018-05-25;3,76;52;15,6;jah
2018-05-26;3,66;51;15,7;jah
2018-05-27;3,58;51;16,2;jah
2018-05-28;3,5;50;15,8;jah
2018-05-29;3,46;49;15,8;jah
2018-05-30;3,45;49;16,4;jah
2018-05-31;3,42;49;15,9;jah
2018-06-01;3,4;49;15,2;jah
2018-06-02;3,39;49;14,9;jah
2018-06-03;3,39;49;15,5;jah
2018-06-04;3,42;50;15,4;jah
2018-06-05;3,51;51;13,4;jah
2018-06-06;3,51;51;12,1;jah
2018-06-07;3,41;50;11,8;jah
2018-06-08;3,43;50;12,5;jah
2018-06-09;3,44;50;12,8;jah
2018-06-10;3,39;50;13,8;jah
2018-06-11;3,33;49;14,9;jah
2018-06-12;3,51;52;15,3;jah
2018-06-13;3,84;57;14,4;jah
2018-06-14;3,64;54;14,9;jah
2018-06-15;3,37;50;16;jah
2018-06-16;3,26;49;16,4;jah
2018-06-17;3,2;48;16,1;jah
2018-06-18;3,17;48;16,3;jah
2018-06-19;3,13;47;16;jah
2018-06-20;3,14;48;15,3;jah
2018-06-21;3,15;48;15,5;jah
2018-06-22;3,17;48;15,7;jah
2018-06-23;3,13;47;15;jah
2018-06-24;3,24;50;14,1;jah
2018-06-25;3,51;53;13,6;jah
2018-06-26;3,5;53;14,1;jah
2018-06-27;3,35;51;14,9;jah
2018-06-28;3,21;49;16;jah
2018-06-29;3,15;48;16,3;jah
2018-06-30;3,13;47;14,7;jah
2018-07-01;3,12;48;12,5;jah
2018-07-02;3,28;50;11,7;jah
2018-07-03;3,44;53;12,2;jah
2018-07-04;3,35;52;13,4;jah
2018-07-05;3,27;51;14;jah
2018-07-06;3,23;50;13,8;jah
2018-07-07;3,24;51;14,1;jah
2018-07-08;3,21;50;15;jah
2018-07-09;3,31;52;15,2;jah
2018-07-10;3,3;52;15,2;jah
2018-07-11;3,18;51;15,1;jah
2018-07-12;3,13;50;15,4;jah
2018-07-13;3,09;49;16,4;jah
2018-07-14;3,06;49;17,1;jah
2018-07-15;3;48;17,8;jah
2018-07-16;2,97;47;18,2;jah
2018-07-17;2,93;47;18,9;jah
2018-07-18;2,89;46;19,1;jah
2018-07-19;2,96;48;19,2;jah
2018-07-20;3,04;49;18,5;jah
2018-07-21;3,03;49;18,2;jah
2018-07-22;3;48;18,5;jah
2018-07-23;2,98;48;17,9;jah
2018-07-24;3,06;50;17,9;jah
2018-07-25;3,02;49;18,1;jah
2018-07-26;2,96;48;17,9;jah
2018-07-27;2,96;48;18,1;jah
2018-07-28;2,92;47;18,5;jah
2018-07-29;2,92;48;19;jah
2018-07-30;3,02;49;19,7;jah
2018-07-31;2,92;48;19,9;jah
2018-08-01;2,94;48;19,4;jah
2018-08-02;2,91;47;18,9;jah
2018-08-03;2,88;47;18,5;jah
2018-08-04;2,91;47;18;jah
2018-08-05;2,95;48;17,7;jah
2018-08-06;3,03;49;17,4;jah
2018-08-07;3,11;50;16,7;jah
2018-08-08;3,04;49;15,9;jah
2018-08-09;3,04;49;16,2;jah
2018-08-10;3,05;49;17,2;jah
2018-08-11;3,04;49;17,3;jah
2018-08-12;3,29;53;16,5;jah
2018-08-13;3,67;59;15,3;jah
2018-08-14;3,78;61;14,6;jah
2018-08-15;3,54;57;14,5;jah
2018-08-16;3,63;59;14,5;jah
2018-08-17;3,55;58;15;jah
2018-08-18;3,42;56;15,4;jah
2018-08-19;3,41;56;15,4;jah
2018-08-20;3,47;57;15,2;jah
2018-08-21;3,63;60;15,1;jah
2018-08-22;3,55;59;14,1;jah
2018-08-23;3,4;57;13,6;jah
2018-08-24;3,31;56;14,1;jah
2018-08-25;3,33;57;14,5;jah
2018-08-26;3,75;64;14,3;jah
2018-08-27;3,85;66;14,3;jah
2018-08-28;3,65;63;13,8;jah
2018-08-29;3,5;61;13,4;jah
2018-08-30;3,44;60;13;jah
2018-08-31;3,43;60;13,2;jah
2018-09-01;3,43;61;14;jah
2018-09-02;3,34;59;14;jah
2018-09-03;3,27;58;14,1;jah
2018-09-04;3,3;59;13,7;jah
2018-09-05;3,4;61;13,9;jah
2018-09-06;3,37;61;14,3;jah
2018-09-07;3,44;62;14,3;jah
2018-09-08;3,26;59;14,1;jah
2018-09-09;3,17;58;13,7;jah
2018-09-10;3,27;60;13,3;jah
2018-09-11;3,33;61;13,3;jah
2018-09-12;3,29;61;13,7;jah
2018-09-13;3,21;59;13,1;jah
2018-09-14;3,09;58;12,1;jah
2018-09-15;3,03;57;11,3;jah
2018-09-16;3;56;11,3;jah
2018-09-17;2,99;56;10,3;jah
2018-09-18;3;57;10,7;jah
2018-09-19;3,02;57;11,2;jah
2018-09-20;2,95;56;12,1;jah
2018-09-21;2,93;56;12,5;jah
2018-09-22;2,96;56;12,5;jah
2018-09-23;3,06;59;11,1;jah
2018-09-24;3,45;66;10,2;jah
2018-09-25;3,52;66;9,1;jah
2018-09-26;3,34;63;8,1;jah
2018-09-27;3,4;65;8,4;jah
2018-09-28;3,84;73;8,8;jah
2018-09-29;3,97;74;8,4;jah
2018-09-30;3,69;69;8;jah
2018-10-01;3,48;65;8,1;jah
2018-10-02;3,35;63;8;jah
2018-10-03;3,36;63;7,9;jah
2018-10-04;3,58;66;7,8;jah
2018-10-05;3,7;67;6,9;jah
2018-10-06;3,67;66;8,2;jah
2018-10-07;3,65;66;8,8;jah
2018-10-08;3,59;66;8,5;jah
2018-10-09;3,6;67;8,2;jah
2018-10-10;3,49;64;8,5;jah
2018-10-11;3,42;63;8,9;jah
2018-10-12;3,36;61;8,7;jah
2018-10-13;3,38;61;8,4;jah
2018-10-14;3,35;60;8,2;jah
2018-10-15;3,3;59;7,9;jah
2018-10-16;3,31;59;7,7;jah
2018-10-17;3,32;58;7,6;jah
2018-10-18;3,34;58;7,4;jah
2018-10-19;3,35;58;7,6;jah
2018-10-20;3,38;58;7,1;jah
2018-10-21;3,39;58;6,6;jah
2018-10-22;3,39;58;6,5;jah
2018-10-23;3,46;58;6,5;jah
2018-10-24;3,69;62;6,6;jah
2018-10-25;3,87;64;6,5;jah
2018-10-26;3,89;64;6,4;jah
2018-10-27;3,98;65;6;jah
2018-10-28;4,39;71;5,9;jah
2018-10-29;4,37;70;5,4;jah
2018-10-30;4,1;66;5;jah
2018-10-31;4;65;5,3;jah
2018-11-01;3,96;65;6,2;jah
2018-11-02;3,89;64;7;jah
2018-11-03;3,82;63;7,4;jah
2018-11-04;3,71;61;7,5;jah
2018-11-05;3,62;60;7,2;jah
2018-11-06;3,55;59;6,9;jah
2018-11-07;3,52;59;7;jah
2018-11-08;3,44;58;7,2;jah
2018-11-09;3,43;58;7,1;jah
2018-11-10;3,44;58;6,8;jah
2018-11-11;3,43;58;6,4;jah
2018-11-12;3,41;57;5,9;jah
2018-11-13;3,51;59;5,8;jah
2018-11-14;3,93;66;6;jah
2018-11-15;4,12;68;6,4;jah
2018-11-16;4;65;6,6;jah
2018-11-17;3,87;63;6,2;jah
2018-11-18;3,77;62;6,1;jah
2018-11-19;3,65;61;5,8;jah
2018-11-20;3,51;59;5,2;jah
2018-11-21;3,42;59;4,8;jah
2018-11-22;3,34;59;4,6;jah
2018-11-23;3,25;58;4,5;jah
2018-11-24;3,19;58;4,5;jah
2018-11-25;3,13;58;4,1;jah
2018-11-26;3,05;58;3,6;jah
2018-11-27;2,96;57;3,2;jah
2018-11-28;2,85;56;2,3;jah
2018-11-29;2,76;56;1,9;jah
2018-11-30;3,01;61;1,7;jah
2018-12-01;3,31;58;1,6;jah
2018-12-02;3,36;57;1,5;jah
2018-12-03;3,4;57;1,4;jah
2018-12-04;3,44;57;1,4;jah
2018-12-05;3,51;57;1,9;jah
2018-12-06;3,56;57;2,9;jah
2018-12-07;3,53;56;2,9;jah
2018-12-08;3,54;56;2,6;jah
2018-12-09;3,58;56;2,6;jah
2018-12-10;3,63;56;3;jah
2018-12-11;3,7;56;3,3;jah
2018-12-12;3,75;56;3,2;jah
2018-12-13;3,75;56;2,8;jah
2018-12-14;3,76;55;2,4;jah
2018-12-15;3,75;54;2,1;jah
2018-12-16;3,74;53;1,6;jah
2018-12-17;3,69;52;1,2;jah
2018-12-18;3,76;52;1,1;jah
2018-12-19;3,59;52;1,3;jah
2018-12-20;3,32;52;1,1;jah
2018-12-21;3,32;52;0,4;jah
2018-12-22;3,32;52;0,2;jah
2018-12-23;3,31;52;0,2;jah
2018-12-24;3,42;54;0,3;jah
2018-12-25;3,4;53;0,6;jah
2018-12-26;3,44;54;1,2;jah
2018-12-27;3,45;54;2;jah
2018-12-28;3,45;54;2,7;jah
2018-12-29;3,46;54;3;jah
2018-12-30;3,44;54;2,9;jah
2018-12-31;3,43;53;2,9;jah
2019-01-01;3,42;53;2,5;jah
2019-01-02;3,56;55;2,5;jah
2019-01-03;3,65;56;1,3;jah
2019-01-04;3,55;55;0,8;jah
2019-01-05;3,42;53;0,3;jah
2019-01-06;3,44;54;0,3;jah
2019-01-07;3,41;53;0,2;jah
2019-01-08;3,42;53;0,6;jah
2019-01-09;3,48;54;0,9;jah
2019-01-10;3,47;54;0,6;jah
2019-01-11;3,4;53;0,3;jah
2019-01-12;3,35;52;0,5;jah
2019-01-13;3,45;54;0,9;jah
2019-01-14;3,58;55;1,7;jah
2019-01-15;3,62;55;1,7;jah
2019-01-16;3,56;54;1,4;jah
2019-01-17;3,55;54;1,2;jah
2019-01-18;3,6;54;1,1;jah
2019-01-19;3,63;55;0,5;jah
2019-01-20;3,55;54;0,3;jah
2019-01-21;3,56;62;0,1;jah
2019-01-22;3,63;68;0,2;jah
2019-01-23;3,7;72;0,2;jah
2019-01-24;3,77;65;0,1;jah
2019-01-25;3,84;62;0,1;jah
2019-01-26;3,98;60;0,1;jah
2019-01-27;4,15;61;0,1;jah
2019-01-28;4,12;61;0,1;jah
2019-01-29;4,1;61;0,2;jah
2019-01-30;4,11;61;0,2;jah
2019-01-31;4;59;0,2;jah
2019-02-01;3,9;58;0,2;jah
2019-02-02;3,78;56;0,2;jah
2019-02-03;3,61;54;0,4;jah
2019-02-04;3,58;54;1,4;jah
2019-02-05;3,6;54;1,4;jah
2019-02-06;3,56;53;1,4;jah
2019-02-07;3,54;53;1,2;jah
2019-02-08;3,52;52;1,6;jah
2019-02-09;3,59;53;2,3;jah
2019-02-10;3,67;54;2,9;jah
2019-02-11;3,86;57;3;jah
2019-02-12;4,04;59;2,8;jah
2019-02-13;4,11;60;2,1;jah
2019-02-14;4,09;60;2,2;jah
2019-02-15;4,3;63;2,8;jah
2019-02-16;4,69;67;3,2;jah
2019-02-17;5,76;79;2,5;jah
2019-02-18;6,93;89;1;jah
2019-02-19;6,43;84;1,3;jah
2019-02-20;6,12;83;2,2;jah
2019-02-21;6,04;91;0,9;jah
2019-02-22;5,96;88;0,1;jah
2019-02-23;5,88;83;0,1;jah
2019-02-24;5,59;76;0,5;jah
2019-02-25;5,06;71;2;jah
2019-02-26;5,12;72;2,3;jah
2019-02-27;5,28;73;2,1;jah
2019-02-28;5,27;73;2,1;jah
2019-03-01;5,37;74;1,6;jah
2019-03-02;5,06;70;0,5;jah
2019-03-03;4,7;66;1,2;jah
2019-03-04;4,89;68;1,8;jah
2019-03-05;4,98;70;2,4;jah
2019-03-06;5,7;77;1,7;jah
2019-03-07;6,24;82;1,1;jah
2019-03-08;6,58;85;2,1;jah
2019-03-09;8,05;99;2,5;jah
2019-03-10;10,3;116;2;jah
2019-03-11;11;120;1,5;jah
2019-03-12;10,5;116;0,9;jah
2019-03-13;8,93;104;1,2;jah
2019-03-14;7,81;95;1,9;jah
2019-03-15;7,56;94;2,8;jah
2019-03-16;8,28;101;3;jah
2019-03-17;9,78;113;2,8;jah
2019-03-18;10,8;121;2,7;jah
2019-03-19;11,6;128;2,5;jah
2019-03-20;11,8;129;2,6;jah
2019-03-21;11,9;130;3;jah
2019-03-22;11,9;130;3,8;jah
2019-03-23;11,5;127;3,4;jah
2019-03-24;11,4;127;3,6;jah
2019-03-25;11,5;127;3,7;jah
2019-03-26;11,3;126;3,4;jah
2019-03-27;10,8;122;3,1;jah
2019-03-28;9,88;114;3;jah
2019-03-29;8,61;104;4,2;jah
2019-03-30;7,78;97;5,5;jah
2019-03-31;7,6;96;5,8;jah
2019-04-01;7,76;98;5,2;jah
2019-04-02;7,74;97;4,6;jah
2019-04-03;7,33;93;4,5;jah
2019-04-04;6,69;88;4,7;jah
2019-04-05;6,17;83;5,2;jah
2019-04-06;5,79;79;5,6;jah
2019-04-07;5,55;77;5,9;jah
2019-04-08;5,43;76;6,5;jah
2019-04-09;5,27;74;6,2;jah
2019-04-10;5,17;73;5,6;jah
2019-04-11;5,07;72;5,1;jah
2019-04-12;4,93;70;4,2;jah
2019-04-13;4,76;68;4,1;jah
2019-04-14;4,61;67;5;jah
2019-04-15;4,47;65;5,7;jah
2019-04-16;4,34;64;6,6;jah
2019-04-17;4,25;62;7,5;jah
2019-04-18;4,19;62;8,1;jah
2019-04-19;4,15;61;8,3;jah
2019-04-20;4,14;61;9,1;jah
2019-04-21;4,15;61;9,4;jah
2019-04-22;4,08;60;9,5;jah
2019-04-23;4,02;59;10;jah
2019-04-24;3,99;58;10,5;jah
2019-04-25;3,92;57;10,9;jah
2019-04-26;3,87;57;11,6;jah
2019-04-27;3,85;56;12,3;jah
2019-04-28;3,82;56;12,3;jah
2019-04-29;3,8;55;11,1;jah
2019-04-30;3,71;54;10,2;jah
2019-05-01;3,66;54;9,9;jah
2019-05-02;3,69;54;9,3;jah
2019-05-03;3,77;55;8,4;jah
2019-05-04;3,82;56;7,7;jah
2019-05-05;3,79;56;7,5;jah
2019-05-06;3,83;57;7,6;jah
2019-05-07;3,97;59;8,3;jah
2019-05-08;4,22;62;8,5;jah
2019-05-09;4,08;60;9,3;jah
2019-05-10;3,89;58;10,3;jah
2019-05-11;4,13;61;9,6;jah
2019-05-12;5,49;75;10;jah
2019-05-13;5,81;77;11;jah
2019-05-14;5,72;76;11;jah
2019-05-15;5,38;73;11,1;jah
2019-05-16;4,91;68;11,5;jah
2019-05-17;4,54;64;12;jah
2019-05-18;4,26;61;12,7;jah
2019-05-19;4,03;59;13,6;jah
2019-05-20;3,84;57;14,4;jah
2019-05-21;3,74;55;15,2;jah
2019-05-22;3,99;60;15,8;jah
2019-05-23;4,32;63;15,9;jah
2019-05-24;4,56;67;15,2;jah
2019-05-25;4,41;65;14,4;jah
2019-05-26;4,09;61;13,5;jah
2019-05-27;3,97;60;13;jah
2019-05-28;4,02;61;12,7;jah
2019-05-29;4,46;67;13;jah
2019-05-30;5,19;76;13,1;jah
2019-05-31;5,49;79;12,7;jah
2019-06-01;4,96;74;12,6;jah
2019-06-02;4,36;68;13,3;jah
2019-06-03;4;64;13,8;jah
2019-06-04;3,73;61;14,8;jah
2019-06-05;3,54;59;16;jah
2019-06-06;3,39;58;17,1;jah
2019-06-07;3,28;57;18,1;jah
2019-06-08;3,2;57;18,2;jah
2019-06-09;3,15;57;18,2;jah
2019-06-10;3,21;58;17;jah
2019-06-11;3,15;58;16,6;jah
2019-06-12;3,45;64;16,6;jah
2019-06-13;3,94;72;16,4;jah
2019-06-14;4,33;78;17,2;jah
2019-06-15;4,48;80;17,2;jah
2019-06-16;4,18;77;17;jah
2019-06-17;3,77;73;17;jah
2019-06-18;3,47;70;16,7;jah
2019-06-19;3,27;68;17,1;jah
2019-06-20;3,11;66;17,7;jah
2019-06-21;3,16;68;17,5;jah
2019-06-22;3,16;68;17,2;jah
2019-06-23;3,06;67;16,6;jah
2019-06-24;2,97;66;16,5;jah
2019-06-25;2,9;65;15,9;jah
2019-06-26;2,87;66;15,5;jah
2019-06-27;2,96;68;14,2;jah
2019-06-28;3,2;73;13,8;jah
2019-06-29;3,14;72;14,3;jah
2019-06-30;2,95;70;15;jah
2019-07-01;2,85;69;16,3;jah
2019-07-02;2,75;68;16,4;jah
2019-07-03;2,82;70;15,3;jah
2019-07-04;3,08;76;14,2;jah
2019-07-05;3,16;78;13,4;jah
2019-07-06;3,25;80;12,9;jah
2019-07-07;3,37;83;12,8;jah
2019-07-08;3,78;90;13,1;jah
2019-07-09;3,76;91;13,1;jah
2019-07-10;3,91;94;13,1;jah
2019-07-11;4,58;104;12,9;jah
2019-07-12;5,21;112;13,1;jah
2019-07-13;4,79;106;13,3;jah
2019-07-14;4,18;98;13,5;jah
2019-07-15;3,72;92;13,8;jah
2019-07-16;3,38;87;14,2;jah
2019-07-17;3,35;87;14,6;jah
2019-07-18;3,24;85;14,4;jah
2019-07-19;3,36;88;14,3;jah
2019-07-20;3,55;91;14,3;jah
2019-07-21;3,33;87;14,8;jah
2019-07-22;3,05;82;15,3;jah
2019-07-23;2,98;81;15,6;jah
2019-07-24;2,93;79;15,7;jah
2019-07-25;2,98;80;16;jah
2019-07-26;2,95;79;16;jah
2019-07-27;2,87;77;16,4;jah
2019-07-28;2,8;76;17;jah
2019-07-29;2,74;75;16,7;jah
2019-07-30;2,72;74;15,2;jah
2019-07-31;2,91;78;13,3;jah
2019-08-01;3,06;80;12,3;jah
2019-08-02;2,99;79;12,3;jah
2019-08-03;2,89;78;12,4;jah
2019-08-04;2,84;77;12,3;jah
2019-08-05;2,85;78;12,4;jah
2019-08-06;2,76;76;12,5;jah
2019-08-07;2,81;78;12,9;jah
2019-08-08;2,98;81;13;jah
2019-08-09;3,55;91;13,2;jah
2019-08-10;4,13;100;13,6;jah
2019-08-11;4,31;101;13,7;jah
2019-08-12;3,73;92;13,9;jah
2019-08-13;3,52;89;14,2;jah
2019-08-14;3,45;88;13,9;jah
2019-08-15;3,34;86;13,9;jah
2019-08-16;3,18;83;13,3;jah
2019-08-17;3;79;13,2;jah
2019-08-18;2,92;78;13,1;jah
2019-08-19;2,86;77;13,1;jah
2019-08-20;2,81;75;13,3;jah
2019-08-21;2,85;77;13,1;jah
2019-08-22;3,56;89;12,9;jah
2019-08-23;3,8;92;12,9;jah
2019-08-24;3,41;86;13,5;jah
2019-08-25;3,11;81;13,5;jah
2019-08-26;2,88;77;13,5;jah
2019-08-27;2,79;75;13,6;jah
2019-08-28;2,71;73;13,7;jah
2019-08-29;2,65;71;13,8;jah
2019-08-30;2,66;71;14;jah
2019-08-31;2,71;72;14;jah
2019-09-01;2,71;72;13,8;jah
2019-09-02;2,72;71;13,7;jah
2019-09-03;2,73;71;13,6;jah
2019-09-04;2,81;73;12,9;jah
2019-09-05;2,87;73;12,8;jah
2019-09-06;2,87;73;12,7;jah
2019-09-07;2,87;72;12;jah
2019-09-08;2,81;71;11,6;jah
2019-09-09;2,86;72;12,2;jah
2019-09-10;2,9;72;12,7;jah
2019-09-11;2,84;71;13,2;jah
2019-09-12;2,77;69;12,8;jah
2019-09-13;2,76;69;12,4;jah
2019-09-14;3,01;74;11,6;jah
2019-09-15;3,17;76;10,4;jah
2019-09-16;3,38;80;10,1;jah
2019-09-17;3,55;82;10,3;jah
2019-09-18;3,48;81;10,3;jah
2019-09-19;3,49;81;9,8;jah
2019-09-20;3,46;80;9;jah
2019-09-21;3,36;79;8,4;jah
2019-09-22;3,28;78;8,5;jah
2019-09-23;3,47;81;7,8;jah
2019-09-24;3,4;79;7,6;jah
2019-09-25;3,28;77;7,4;jah
2019-09-26;3,18;76;6,9;jah
2019-09-27;3,04;73;6,7;jah
2019-09-28;2,99;72;6,6;jah
2019-09-29;3,04;73;7,3;jah
2019-09-30;3,17;75;8,1;jah
2019-10-01;3,26;76;8,9;jah
2019-10-02;3,22;75;8,8;jah
2019-10-03;3,24;75;8,7;jah
2019-10-04;3,35;76;8,2;jah
2019-10-05;3,37;75;7,4;jah
2019-10-06;3,32;74;6,4;jah
2019-10-07;3,27;73;5,7;jah
2019-10-08;3,21;71;5,6;jah
2019-10-09;3,21;71;5,9;jah
2019-10-10;3,33;72;6,5;jah
2019-10-11;3,48;74;7;jah
2019-10-12;3,92;81;8;jah
2019-10-13;4,77;91;8,2;jah
2019-10-14;5,64;101;7,8;jah
2019-10-15;6,53;109;7,9;jah
2019-10-16;6,25;105;7,6;jah
2019-10-17;5,81;99;7,7;jah
2019-10-18;5,15;91;8,4;jah
2019-10-19;4,64;85;9;jah
2019-10-20;4,32;80;9,1;jah
2019-10-21;4,14;77;9,1;jah
2019-10-22;4,13;77;8,9;jah
2019-10-23;3,97;74;9;jah
2019-10-24;3,88;72;8,8;jah
2019-10-25;3,8;70;8,3;jah
2019-10-26;3,74;69;8,5;jah
2019-10-27;3,9;72;8,9;jah
2019-10-28;4,15;75;8;jah
2019-10-29;4,53;81;6,8;jah
2019-10-30;4,71;83;5,1;jah
2019-10-31;4,4;79;4;jah
2019-11-01;4,1;76;4,2;jah
2019-11-02;3,95;74;4,7;jah
2019-11-03;3,95;75;5,4;jah
2019-11-04;4,54;84;6,3;jah
2019-11-05;8,04;123;6,2;jah
2019-11-06;12,7;161;5;jah
2019-11-07;14,3;174;3,8;jah
2019-11-08;16,4;191;3,5;jah
2019-11-09;16,4;190;3,9;jah
2019-11-10;14,3;172;5;jah
2019-11-11;11,8;151;5,5;jah
2019-11-12;9,55;132;5,4;jah
2019-11-13;8,45;121;5,3;jah
2019-11-14;7,57;111;6;jah
2019-11-15;6,84;103;6,4;jah
2019-11-16;6,25;96;6,2;jah
2019-11-17;5,9;91;6,2;jah
2019-11-18;5,67;88;6,5;jah
2019-11-19;5,45;85;6,5;jah
2019-11-20;5,19;82;6,1;jah
2019-11-21;4,94;79;5,6;jah
2019-11-22;4,72;77;4,2;jah
2019-11-23;4,54;75;2,2;jah
2019-11-24;4,3;72;1;jah
2019-11-25;4,1;70;0,6;jah
2019-11-26;4,04;69;1;jah
2019-11-27;4,12;71;1,8;jah
2019-11-28;4,17;72;2,5;jah
2019-11-29;4,16;71;2,8;jah
2019-11-30;4,15;71;2,6;jah
2019-12-01;4,04;70;1,7;jah
2019-12-02;3,94;68;1,4;jah
2019-12-03;3,98;68;1,2;jah
2019-12-04;3,86;67;1,8;jah
2019-12-05;4,24;72;3;jah
2019-12-06;4,33;72;3,6;jah
2019-12-07;4,42;73;3,8;jah
2019-12-08;4,89;79;3,5;jah
2019-12-09;5,62;87;3,6;jah
2019-12-10;6,53;95;3,3;jah
2019-12-11;6,82;97;2,6;jah
2019-12-12;6,4;93;1,8;jah
2019-12-13;5,85;87;2;jah
2019-12-14;5,54;84;2,5;jah
2019-12-15;5,48;83;2,7;jah
2019-12-16;5,57;84;2,9;jah
2019-12-17;5,88;88;3,2;jah
2019-12-18;6,43;93;3,5;jah
2019-12-19;6,65;95;3,4;jah
2019-12-20;6,37;92;3;jah
2019-12-21;6,06;89;3,1;jah
2019-12-22;5,86;86;3,6;jah
2019-12-23;5,8;86;4,3;jah
2019-12-24;5,86;86;4,6;jah
2019-12-25;6,04;88;4,8;jah
2019-12-26;6,2;89;4,5;jah
2019-12-27;6,17;88;3,8;jah
2019-12-28;5,91;85;2,8;jah
2019-12-29;5,41;81;2,1;jah
2019-12-30;5,06;79;2,1;jah
2019-12-31;5,13;80;2,9;jah
2020-01-01;5,3;82;2,7;jah
2020-01-02;5,49;84;3;jah
2020-01-03;5,42;83;3,2;jah
2020-01-04;5,24;81;3,2;jah
2020-01-05;5,09;79;2,7;jah
2020-01-06;4,98;78;2,4;jah
2020-01-07;4,86;76;2,7;jah
2020-01-08;4,74;75;3,1;jah
2020-01-09;4,83;76;3,5;jah
2020-01-10;4,92;77;3,7;jah
2020-01-11;4,98;78;3,5;jah
2020-01-12;4,88;76;3,1;jah
2020-01-13;4,82;75;3;jah
2020-01-14;4,77;75;2,9;jah
2020-01-15;4,73;74;3,4;jah
2020-01-16;4,73;74;4,3;jah
2020-01-17;4,72;74;4,6;jah
2020-01-18;4,63;72;3,6;jah
2020-01-19;4,56;72;3,4;jah
2020-01-20;4,5;71;3,3;jah
2020-01-21;4,46;70;3,8;jah
2020-01-22;4,5;71;3,3;jah
2020-01-23;4,48;70;2,4;jah
2020-01-24;4,41;69;2,7;jah
2020-01-25;4,44;70;2,9;jah
2020-01-26;4,43;69;2,6;jah
2020-01-27;4,44;70;3,4;jah
2020-01-28;4,44;69;3,9;jah
2020-01-29;4,46;70;3,7;jah
2020-01-30;4,53;70;3,6;jah
2020-01-31;4,56;71;3,5;jah
2020-02-01;4,57;71;3,5;jah
2020-02-02;4,69;72;3,9;jah
2020-02-03;5;76;3,9;jah
2020-02-04;5,45;81;2,4;jah
2020-02-05;5,39;79;1;jah
2020-02-06;4,88;71;1,1;jah
2020-02-07;4,54;73;0,9;jah
2020-02-08;4,26;65;1,1;jah
2020-02-09;4,55;68;2;jah
2020-02-10;4,84;71;2,4;jah
2020-02-11;5,01;73;2,7;jah
2020-02-12;5,26;76;3;jah
2020-02-13;5,49;78;3;jah
2020-02-14;5,52;77;2,6;jah
2020-02-15;5,37;75;2,3;jah
2020-02-16;5,14;73;2,6;jah
2020-02-17;5,06;73;3,7;jah
2020-02-18;5,16;75;4,2;jah
2020-02-19;5,46;78;4,3;jah
2020-02-20;5,51;79;4,3;jah
2020-02-21;5,36;78;3,8;jah
2020-02-22;5,29;78;3,6;jah
2020-02-23;5,61;82;3,6;jah
2020-02-24;6,84;96;3,4;jah
2020-02-25;7,38;101;2,5;jah
2020-02-26;7,02;97;2,4;jah
2020-02-27;6,5;94;1,6;jah
2020-02-28;6,28;90;1,1;jah
2020-02-29;6,01;88;0,9;jah
2020-03-01;5,77;86;1,5;jah
2020-03-02;6,08;89;2,2;jah
2020-03-03;6,56;94;2,8;jah
2020-03-04;7,92;108;2,9;jah
2020-03-05;11,8;143;2,4;jah
2020-03-06;15,7;171;1,7;jah
2020-03-07;17,4;181;1,7;jah
2020-03-08;16,7;174;2,3;jah
2020-03-09;14,3;156;3,1;jah
2020-03-10;11,9;138;3,6;jah
2020-03-11;10,2;123;4;jah
2020-03-12;9,32;116;4,4;jah
2020-03-13;9,34;116;4,6;jah
2020-03-14;9,89;121;4;jah
2020-03-15;9,93;121;2,6;jah
2020-03-16;9,65;119;2,2;jah
2020-03-17;8,79;111;2,8;jah
2020-03-18;7,88;103;3,6;jah
2020-03-19;7,49;100;4,7;jah
2020-03-20;7,37;99;4,6;jah
2020-03-21;7,18;97;3,7;jah
2020-03-22;6,61;91;2,8;jah
2020-03-23;5,99;85;2,2;jah
2020-03-24;5,62;82;2,2;jah
2020-03-25;5,51;81;2,9;jah
2020-03-26;5,36;79;3,8;jah
2020-03-27;5,25;78;4,3;jah
2020-03-28;5,24;78;4,7;jah
2020-03-29;5,19;78;4,5;jah
2020-03-30;5,02;76;3,7;jah
2020-03-31;4,78;73;3,2;jah
2020-04-01;4,67;72;3,5;jah
2020-04-02;4,67;73;4,2;jah
2020-04-03;4,74;74;5;jah
2020-04-04;4,82;75;4,9;jah
2020-04-05;4,73;74;4,9;jah
2020-04-06;4,57;72;5,1;jah
2020-04-07;4,44;71;6,2;jah
2020-04-08;4,37;70;7,8;jah
2020-04-09;4,27;69;7,6;jah
2020-04-10;4,24;69;6,7;jah
2020-04-11;4,18;68;6,4;jah
2020-04-12;4,12;67;5,8;jah
2020-04-13;4,23;68;5,9;jah
2020-04-14;4,44;70;5,5;jah
2020-04-15;4,72;74;5,1;jah
2020-04-16;5,56;83;5,2;jah
2020-04-17;6,44;92;5,4;jah
2020-04-18;6,84;94;5,7;jah
2020-04-19;6,85;94;5,7;jah
2020-04-20;6,37;88;6,1;jah
2020-04-21;5,95;84;6,7;jah
2020-04-22;5,6;80;7,2;jah
2020-04-23;5,31;77;8;jah
2020-04-24;5,09;74;8,3;jah
2020-04-25;4,9;72;8,3;jah
2020-04-26;4,77;70;7,6;jah
2020-04-27;4,65;69;7,3;jah
2020-04-28;4,55;67;6,7;jah
2020-04-29;4,7;69;6,8;jah
2020-04-30;4,86;71;6,7;jah
2020-05-01;4,78;70;7,5;jah
2020-05-02;4,63;68;8,9;jah
2020-05-03;4,59;68;10,5;jah
2020-05-04;4,6;68;11,7;jah
2020-05-05;4,54;68;11,2;jah
2020-05-06;4,42;66;11,2;jah
2020-05-07;4,36;65;10,9;jah
2020-05-08;4,17;63;10,5;jah
2020-05-09;4,07;62;10,6;jah
2020-05-10;4,01;61;11,1;jah
2020-05-11;3,96;61;11;jah
2020-05-12;4,19;65;9,1;jah
2020-05-13;4,48;68;8,2;jah
2020-05-14;4,61;70;8,1;jah
2020-05-15;4,52;69;8,1;jah
2020-05-16;4,36;67;8,8;jah
2020-05-17;4,38;68;8,9;jah
2020-05-18;4,55;71;9;jah
2020-05-19;4,54;71;9,3;jah
2020-05-20;4,45;70;9,3;jah
2020-05-21;4,52;72;8,4;jah
2020-05-22;4,74;74;9,1;jah
2020-05-23;4,72;74;10,5;jah
2020-05-24;4,48;71;11,4;jah
2020-05-25;4,2;68;12;jah
2020-05-26;4,1;66;12,6;jah
2020-05-27;3,97;65;13,3;jah
2020-05-28;3,87;63;13,2;jah
2020-05-29;3,76;62;13,3;jah
2020-05-30;3,65;61;13,4;jah
2020-05-31;3,59;60;13,7;jah
2020-06-01;3,49;59;13,2;jah
2020-06-02;3,47;58;12,9;jah
2020-06-03;3,48;59;12,4;jah
2020-06-04;3,52;60;12;jah
2020-06-05;3,87;66;11,9;jah
2020-06-06;4,14;70;12,9;jah
2020-06-07;4,01;69;13,9;jah
2020-06-08;3,77;66;15,4;jah
2020-06-09;3,76;68;16,7;jah
2020-06-10;3,92;71;16,5;jah
2020-06-11;3,91;71;16,3;jah
2020-06-12;3,81;70;15,7;jah
2020-06-13;3,67;69;15,6;jah
2020-06-14;3,5;67;15,1;jah
2020-06-15;3,43;68;15;jah
2020-06-16;3,73;74;15,7;jah
2020-06-17;5,27;96;17;jah
2020-06-18;5,45;97;18,4;jah
2020-06-19;4,59;87;19,3;jah
2020-06-20;3,99;79;19,1;jah
2020-06-21;3,63;75;18,5;jah
2020-06-22;3,39;72;18;jah
2020-06-23;3,26;71;17,8;jah
2020-06-24;3,2;71;17,6;jah
2020-06-25;3,1;70;17,8;jah
2020-06-26;3,02;69;18,1;jah
2020-06-27;2,96;69;18,3;jah
2020-06-28;2,96;70;18,2;jah
2020-06-29;3,14;74;17,7;jah
2020-06-30;3,16;76;17,6;jah
2020-07-01;3,4;81;16,4;jah
2020-07-02;3,52;84;16,2;jah
2020-07-03;3,52;84;16,6;jah
2020-07-04;3,35;81;16,6;jah
2020-07-05;3,23;80;16,4;jah
2020-07-06;3,25;81;16,4;jah
2020-07-07;3,28;82;16,1;jah
2020-07-08;3,25;82;15,5;jah
2020-07-09;3,17;81;15;jah
2020-07-10;3,11;80;14,4;jah
2020-07-11;3,19;82;14,3;jah
2020-07-12;3,23;83;13,9;jah
2020-07-13;3,22;84;14,4;jah
2020-07-14;3,18;83;14,4;jah
2020-07-15;3,07;82;14,1;jah
2020-07-16;2,99;81;14,4;jah
2020-07-17;2,91;80;14,7;jah
2020-07-18;2,84;79;15,2;jah
2020-07-19;2,82;79;15,6;jah
2020-07-20;2,83;80;15,6;jah
2020-07-21;2,91;82;15,6;jah
2020-07-22;2,96;84;15,3;jah
2020-07-23;2,88;84;14,7;jah
2020-07-24;2,92;86;13,8;jah
2020-07-25;2,96;88;13,8;jah
2020-07-26;3,07;91;14;jah
2020-07-27;2,93;91;14,8;jah
2020-07-28;2,75;92;15,4;jah
2020-07-29;4,63;126;15,1;jah
2020-07-30;6,22;144;15;jah
2020-07-31;4,6;124;14,8;jah
2020-08-01;3,82;114;14,6;jah
2020-08-02;3,4;106;14,3;jah
2020-08-03;3,14;101;14,2;jah
2020-08-04;2,99;98;14,2;jah
2020-08-05;3,15;100;14,9;jah
2020-08-06;3,17;99;15,1;jah
2020-08-07;3,04;96;15,3;jah
2020-08-08;2,89;93;15,5;jah
2020-08-09;2,82;91;15,8;jah
2020-08-10;2,8;89;15,9;jah
2020-08-11;2,8;88;15;jah
2020-08-12;2,79;88;14;jah
2020-08-13;2,84;88;13,2;jah
2020-08-14;2,88;88;12,7;jah
2020-08-15;2,9;87;13,2;jah
2020-08-16;2,89;86;14,4;jah
2020-08-17;2,84;85;15,1;jah
2020-08-18;2,76;83;14,6;jah
2020-08-19;2,71;82;14,3;jah
2020-08-20;2,67;81;13,9;jah
2020-08-21;2,63;80;14,1;jah
2020-08-22;2,62;80;13,8;jah
2020-08-23;2,8;84;14,3;jah
2020-08-24;3,04;88;14,5;jah
2020-08-25;3,07;89;14,1;jah
2020-08-26;2,97;87;13,8;jah
2020-08-27;2,91;86;13,4;jah
2020-08-28;2,89;85;13;jah
2020-08-29;2,89;85;12;jah
2020-08-30;3,04;88;12,1;jah
2020-08-31;3,17;90;12,1;jah
2020-09-01;3,3;92;12,1;jah
2020-09-02;3,32;93;12,6;jah
2020-09-03;3,26;92;12,9;jah
2020-09-04;3,27;92;12,6;jah
2020-09-05;3,27;92;12,8;jah
2020-09-06;3,17;90;13;jah
2020-09-07;3,04;87;12,7;jah
2020-09-08;2,98;87;12,4;jah
2020-09-09;3,15;90;12,2;jah
2020-09-10;3,24;91;12,4;jah
2020-09-11;3,2;90;11,7;jah
2020-09-12;3,12;89;11,2;jah
2020-09-13;3,01;87;11,4;jah
2020-09-14;2,97;86;11,7;jah
2020-09-15;2,97;86;12;jah
2020-09-16;2,95;85;12,5;jah
2020-09-17;2,93;85;12,5;jah
2020-09-18;3,05;87;11,2;jah
2020-09-19;2,99;86;10,8;jah
2020-09-20;2,92;84;10;jah
2020-09-21;2,9;82;10,1;jah
2020-09-22;2,95;81;10,4;jah
2020-09-23;2,92;80;10,3;jah
2020-09-24;2,9;79;10,8;jah
2020-09-25;2,86;78;11,1;jah
2020-09-26;2,9;79;11,1;jah
2020-09-27;2,83;77;11,2;jah
2020-09-28;2,77;75;10,9;jah
2020-09-29;2,73;74;10,8;jah
2020-09-30;2,75;75;10,7;jah
2020-10-01;2,79;75;10;jah
2020-10-02;2,8;75;9,4;jah
2020-10-03;2,82;75;9,2;jah
2020-10-04;2,88;75;9,5;jah
2020-10-05;2,9;75;10,2;jah
2020-10-06;2,88;75;10,7;jah
2020-10-07;2,87;74;10,7;jah
2020-10-08;2,88;74;10,7;jah
2020-10-09;2,88;74;10,4;jah
2020-10-10;2,94;74;10,1;jah
2020-10-11;2,93;74;9,8;jah
2020-10-12;3,15;77;9,9;jah
2020-10-13;3,7;85;9,4;jah
2020-10-14;3,98;88;8,4;jah
2020-10-15;4,07;89;8;jah
2020-10-16;4,17;90;7,5;jah
2020-10-17;4,05;87;7,1;jah
2020-10-18;3,81;83;6,4;jah
2020-10-19;3,67;81;5,7;jah
2020-10-20;3,69;81;5,5;jah
2020-10-21;3,62;80;5,3;jah
2020-10-22;3,65;80;6,2;jah
2020-10-23;3,91;84;7,5;jah
2020-10-24;4,23;88;7,9;jah
2020-10-25;4,13;86;7,9;jah
2020-10-26;4;84;7,8;jah
2020-10-27;3,87;82;8,2;jah
2020-10-28;3,84;81;8,4;jah
2020-10-29;3,8;80;8,2;jah
2020-10-30;3,86;81;8,3;jah
2020-10-31;3,84;80;8,2;jah
2020-11-01;3,77;78;7,8;jah
2020-11-02;3,74;77;6,7;jah
2020-11-03;3,72;77;6,5;jah
2020-11-04;3,63;75;6,2;jah
2020-11-05;3,56;73;6,6;jah
2020-11-06;3,54;73;6,7;jah
2020-11-07;3,49;71;6,7;jah
2020-11-08;3,46;71;7,2;jah
2020-11-09;3,45;70;5,8;jah
2020-11-10;3,43;70;5;jah
2020-11-11;3,42;69;4,5;jah
2020-11-12;3,45;70;4,9;jah
2020-11-13;3,43;69;4,5;jah
2020-11-14;3,4;68;4,3;jah
2020-11-15;3,38;68;4,1;jah
2020-11-16;3,36;67;4;jah
2020-11-17;3,37;67;4;jah
2020-11-18;3,39;67;4,3;jah
2020-11-19;3,51;69;6;jah
2020-11-20;3,61;70;5,8;jah
2020-11-21;3,65;71;4,7;jah
2020-11-22;3,71;72;4,1;jah
2020-11-23;3,81;73;4,4;jah
2020-11-24;3,91;74;4,3;jah
2020-11-25;4,09;77;4,4;jah
2020-11-26;4,25;78;4,9;jah
2020-11-27;4,38;80;4,9;jah
2020-11-28;4,43;80;4,5;jah
2020-11-29;4,34;79;4;jah
2020-11-30;4,29;78;3,5;jah
2020-12-01;4,25;78;3,3;jah
2020-12-02;4,16;76;2,9;jah
2020-12-03;4,03;74;2,7;jah
2020-12-04;3,95;73;2,5;jah
2020-12-05;3,95;73;2,8;jah
2020-12-06;3,89;72;3,1;jah
2020-12-07;3,86;72;2;jah
2020-12-08;3,74;70;0,7;jah
2020-12-09;3,65;75;0,6;jah
2020-12-10;3,63;69;0,4;jah
2020-12-11;3,55;67;0,5;jah
2020-12-12;3,46;65;0,5;jah
2020-12-13;3,46;65;0,8;jah
2020-12-14;3,4;64;1,4;jah
2020-12-15;3,41;64;1,9;jah
2020-12-16;3,45;64;2,3;jah
2020-12-17;3,54;65;2,9;jah
2020-12-18;3,61;66;3,2;jah
2020-12-19;3,89;70;3,5;jah
2020-12-20;4,14;73;3,6;jah
2020-12-21;4,48;77;3,3;jah
2020-12-22;4,77;80;2,9;jah
2020-12-23;4,63;78;2,4;jah
2020-12-24;4,51;75;2,5;jah
2020-12-25;4,54;75;2,3;jah
2020-12-26;4,57;75;1,7;jah
2020-12-27;4,43;73;1,4;jah
2020-12-28;4,29;72;0,9;jah
2020-12-29;4,15;70;1,3;jah
2020-12-30;4,25;72;2;jah
2020-12-31;4,49;75;2,5;jah
2021-01-01;4,6;77;2,6;jah
2021-01-02;4,81;80;2;jah
2021-01-03;4,81;80;2;jah
2021-01-04;4,73;79;2;jah
2021-01-05;4,61;77;2;jah
2021-01-06;4,5;76;2;jah
2021-01-07;4,44;75;1,8;jah
2021-01-08;4,31;73;1,6;jah
2021-01-09;4,16;71;1;jah
2021-01-10;3,88;67;0,3;jah
2021-01-11;3,71;65;0,2;jah
2021-01-12;3,79;66;0,4;jah
2021-01-13;3,99;69;0,7;jah
2021-01-14;3,93;69;0,3;jah
2021-01-15;3,9;83;0,4;jah
2021-01-16;3,9;83;0,3;jah
2021-01-17;3,9;79;0,2;jah
2021-01-18;3,9;76;0,2;jah
2021-01-19;3,9;74;0,2;jah
2021-01-20;3,9;73;0,2;jah
2021-01-21;3,9;73;0,2;jah
2021-01-22;3,9;73;0,2;jah
2021-01-23;3,9;71;0,3;jah
2021-01-24;3,85;67;0,6;jah
2021-01-25;3,78;66;2,3;jah
2021-01-26;3,91;69;2,5;jah
2021-01-27;4,18;74;2,4;jah
2021-01-28;4,43;78;2,3;jah
2021-01-29;4,5;80;2,1;jah
2021-01-30;4,34;78;2,1;jah
2021-01-31;4,13;76;2,8;jah
2021-02-01;3,99;75;3,2;jah
2021-02-02;3,8;73;3,1;jah
2021-02-03;3,67;72;3,1;jah
2021-02-04;3,51;72;2,9;jah
2021-02-05;3,41;81;2,8;jah
2021-02-06;3,37;89;2,7;jah
2021-02-07;3,42;87;2,7;jah
2021-02-08;3,48;79;2,8;jah
2021-02-09;3,54;75;2,9;jah
2021-02-10;3,61;73;3;jah
2021-02-11;3,67;71;3,1;jah
2021-02-12;3,73;71;3;jah
2021-02-13;3,81;71;2,8;jah
2021-02-14;3,9;72;2,7;jah
2021-02-15;3,98;72;2,6;jah
2021-02-16;4;71;2,5;jah
2021-02-17;4,01;72;2,2;jah
2021-02-18;4,01;69;0,8;jah
2021-02-19;4,02;66;0,4;jah
2021-02-20;4,02;70;0,3;jah
2021-02-21;4,02;73;0,3;jah
2021-02-22;4,02;71;0,3;jah
2021-02-23;4,02;67;0,2;jah
2021-02-24;4,02;66;0,4;jah
2021-02-25;4,21;68;1,5;jah
2021-02-26;6,9;102;2,5;jah
2021-02-27;11,8;144;0,9;jah
2021-02-28;14,7;166;0,5;jah
2021-03-01;14,8;166;0,7;jah
2021-03-02;12,7;154;1,4;jah
2021-03-03;11;143;1,1;jah
2021-03-04;10,5;138;1,1;jah
2021-03-05;9,77;131;0,5;jah
2021-03-06;8,63;121;0,2;jah
2021-03-07;7,24;104;0,5;jah
2021-03-08;6,8;100;0,4;jah
2021-03-09;6,66;98;0,1;jah
2021-03-10;6,06;89;0,1;jah
2021-03-11;5,82;88;0,1;jah
2021-03-12;5,7;85;0,2;jah
2021-03-13;5,89;87;1,5;jah
2021-03-14;6,61;96;2,5;jah
2021-03-15;8,51;115;2,1;jah
2021-03-16;10,2;130;1,3;jah
2021-03-17;11,1;137;1,4;jah
2021-03-18;10,8;134;1,6;jah
2021-03-19;9,68;123;1,4;jah
2021-03-20;8,04;107;0,9;jah
2021-03-21;6,82;96;1,1;jah
2021-03-22;6,91;96;1,6;jah
2021-03-23;6,4;91;1,6;jah
2021-03-24;5,99;87;2,8;jah
2021-03-25;6,54;93;3,8;jah
2021-03-26;7,32;101;4,2;jah
2021-03-27;8,32;111;4,1;jah
2021-03-28;9,09;118;3,8;jah
2021-03-29;9,47;121;3,6;jah
2021-03-30;9,82;124;4,7;jah
2021-03-31;10,3;128;5,7;jah
2021-04-01;10,5;130;5,9;jah
2021-04-02;11;134;5,3;jah
2021-04-03;12,1;142;4,9;jah
2021-04-04;12,2;142;4,7;jah
2021-04-05;11,3;134;4,6;jah
2021-04-06;10,3;126;4,6;jah
2021-04-07;9,33;117;4,4;jah
2021-04-08;8,65;111;4,3;jah
2021-04-09;8,03;105;4,3;jah
2021-04-10;7,4;99;4,5;jah
2021-04-11;7,08;96;4,7;jah
2021-04-12;6,89;94;6,1;jah
2021-04-13;6,7;92;7,2;jah
2021-04-14;6,41;89;7,5;jah
2021-04-15;6,18;86;7,4;jah
2021-04-16;5,93;83;7,7;jah
2021-04-17;5,7;81;8,1;jah
2021-04-18;5,49;78;8,7;jah
2021-04-19;5,28;76;9;jah
2021-04-20;5,11;74;8,9;jah
2021-04-21;5,04;73;8,7;jah
2021-04-22;5;73;8,5;jah
2021-04-23;4,95;72;7,9;jah
2021-04-24;4,98;72;7,5;jah
2021-04-25;5,04;73;7,1;jah
2021-04-26;5,22;75;6,8;jah
2021-04-27;5,47;78;6,7;jah
2021-04-28;5,67;80;7;jah
2021-04-29;5,76;81;7,5;jah
2021-04-30;5,67;80;7,5;jah
2021-05-01;5,79;81;7,3;jah
2021-05-02;5,94;82;8;jah
2021-05-03;6,5;90;7,4;jah
2021-05-04;11,4;137;5,8;jah
2021-05-05;13,1;147;5,9;jah
2021-05-06;14,1;156;6,7;jah
2021-05-07;15,4;164;7,7;jah
2021-05-08;15,4;163;8,5;jah
2021-05-09;14,7;158;9;jah
2021-05-10;13,3;147;11,2;jah
2021-05-11;11,7;134;13,4;jah
2021-05-12;9,74;117;14,4;jah
2021-05-13;7,74;99;14,7;jah
2021-05-14;6,79;90;14;jah
2021-05-15;6,34;86;13,8;jah
2021-05-16;7,12;95;14,2;jah
2021-05-17;6,93;92;14,8;jah
2021-05-18;7,21;95;14,5;jah
2021-05-19;8,12;104;14,1;jah
2021-05-20;8,49;107;13;jah
2021-05-21;8,66;109;12,3;jah
2021-05-22;8,7;109;12,2;jah
2021-05-23;9,76;121;11,9;jah
2021-05-24;15;162;11,5;jah
2021-05-25;15,5;162;12,2;jah
2021-05-26;15,6;163;12,9;jah
2021-05-27;15,8;164;12,8;jah
2021-05-28;15,8;163;12,5;jah
2021-05-29;14,8;155;12,8;jah
2021-05-30;13,3;145;12,7;jah
2021-05-31;11,9;134;12,8;jah
2021-06-01;9,36;112;13,1;jah
2021-06-02;7,63;97;13,6;jah
2021-06-03;6,78;89;14,6;jah
2021-06-04;6,2;84;15,3;jah
2021-06-05;5,81;80;15,6;jah
2021-06-06;5,52;77;16,1;jah
2021-06-07;5,21;74;16,8;jah
2021-06-08;4,99;72;16,9;jah
2021-06-09;4,83;70;16,9;jah
2021-06-10;4,79;70;16,4;jah
2021-06-11;4,69;69;16;jah
2021-06-12;4,55;68;16,1;jah
2021-06-13;4,52;68;15,9;jah
2021-06-14;4,46;68;15,7;jah
2021-06-15;4,29;66;15,1;jah
2021-06-16;4,12;65;14,8;jah
2021-06-17;3,98;63;15,5;jah
2021-06-18;3,84;62;16,7;jah
2021-06-19;3,72;61;17,8;jah
2021-06-20;3,62;60;18,8;jah
2021-06-21;3,53;60;19,6;jah
2021-06-22;3,45;59;20,1;jah
2021-06-23;3,39;59;20,7;jah
2021-06-24;3,49;61;20,8;jah
2021-06-25;3,76;65;20,7;jah
2021-06-26;3,63;63;20,1;jah
2021-06-27;3,59;63;18,6;jah
2021-06-28;3,58;63;17,3;jah
2021-06-29;3,59;64;16,3;jah
2021-06-30;3,53;63;16,6;jah
2021-07-01;3,44;62;17,7;jah
2021-07-02;3,35;62;18,2;jah
2021-07-03;3,34;62;17,8;jah
2021-07-04;3,34;62;17,5;jah
2021-07-05;3,29;62;17,6;jah
2021-07-06;3,23;61;17,8;jah
2021-07-07;3,18;61;18,4;jah
2021-07-08;3,14;61;19,5;jah
2021-07-09;3,13;61;20,2;jah
2021-07-10;3,17;62;20,4;jah
2021-07-11;3,09;61;20,3;jah
2021-07-12;3,05;61;20,5;jah
2021-07-13;3,18;64;20,3;jah
2021-07-14;3,43;68;19,8;jah
2021-07-15;3,7;73;19,7;jah
2021-07-16;3,57;73;19,7;jah
2021-07-17;4,1;84;19,5;jah
2021-07-18;4,57;90;19,5;jah
2021-07-19;3,71;78;19;jah
2021-07-20;3,55;77;17,6;jah
2021-07-21;3,42;75;16,6;jah
2021-07-22;3,29;73;15,8;jah
2021-07-23;3,18;72;15,9;jah
2021-07-24;3,08;71;15,3;jah
2021-07-25;3;70;15,5;jah
2021-07-26;2,95;70;16,1;jah
2021-07-27;2,93;70;16,9;jah
2021-07-28;2,95;71;17,4;jah
2021-07-29;3;72;17,4;jah
2021-07-30;2,95;72;17,1;jah
2021-07-31;2,9;71;16,6;jah
2021-08-01;2,88;72;16,5;jah
2021-08-02;3,07;77;15,8;jah
2021-08-03;4;93;15,2;jah
2021-08-04;4,21;95;14,6;jah
2021-08-05;3,64;86;14,4;jah
2021-08-06;3,29;80;14,1;jah
2021-08-07;3,33;81;14,4;jah
2021-08-08;3,37;81;14,8;jah
2021-08-09;3,27;80;15,4;jah
2021-08-10;3,2;78;15;jah
2021-08-11;3,16;77;14,9;jah
2021-08-12;3,21;79;14,5;jah
2021-08-13;3,37;81;14,8;jah
2021-08-14;3,54;84;14,8;jah
2021-08-15;3,59;84;14,7;jah
2021-08-16;3,61;84;14,6;jah
2021-08-17;3,54;83;15;jah
2021-08-18;3,62;85;14,8;jah
2021-08-19;3,69;85;14,4;jah
2021-08-20;3,53;83;13,9;jah
2021-08-21;3,46;81;13,8;jah
2021-08-22;3,42;81;13,5;jah
2021-08-23;3,5;82;13,2;jah
2021-08-24;3,44;81;12,5;jah
2021-08-25;3,43;80;12,1;jah
2021-08-26;3,4;80;11,8;jah
2021-08-27;3,48;81;12;jah
2021-08-28;3,62;84;12,8;jah
2021-08-29;3,91;88;13,5;jah
2021-08-30;4,14;91;13,6;jah
2021-08-31;4,18;92;13,1;jah
2021-09-01;4,42;95;12,7;jah
2021-09-02;4,45;95;12,2;jah
2021-09-03;4,21;91;11,6;jah
2021-09-04;4;88;10,7;jah
2021-09-05;3,78;84;10,1;jah
2021-09-06;3,59;81;9,5;jah
2021-09-07;3,48;79;10,2;jah
2021-09-08;3,4;78;11,3;jah
2021-09-09;3,36;77;12,5;jah
2021-09-10;3,35;77;12,7;jah
2021-09-11;3,33;76;12,8;jah
2021-09-12;3,28;75;12,6;jah
2021-09-13;3,34;77;12,8;jah
2021-09-14;3,38;78;11,9;jah
2021-09-15;3,28;77;10,5;jah
2021-09-16;3,14;75;9,6;jah
2021-09-17;3,08;74;9,2;jah
2021-09-18;3,03;73;8,6;jah
2021-09-19;2,98;71;8,1;jah
2021-09-20;2,98;71;7,6;jah
2021-09-21;3,02;71;7,2;jah
2021-09-22;3,1;72;7,4;jah
2021-09-23;3,15;72;7,8;jah
2021-09-24;3,25;74;7,9;jah
2021-09-25;3,43;76;8,5;jah
2021-09-26;3,49;77;8,9;jah
2021-09-27;3,42;75;9,2;jah
2021-09-28;3,28;73;8,7;jah
2021-09-29;3,21;71;8,6;jah
2021-09-30;3,2;71;8,4;jah
2021-10-01;3,17;70;8;jah
2021-10-02;3,18;70;7,5;jah
2021-10-03;3,16;69;7,4;jah
2021-10-04;3,14;69;7,5;jah
2021-10-05;3,16;69;7,6;jah
2021-10-06;3,13;68;7,8;jah
2021-10-07;3,1;67;7,6;jah
2021-10-08;3,07;66;6,8;jah
2021-10-09;3,05;66;6,3;jah
2021-10-10;3,08;66;6,4;jah
2021-10-11;3,12;66;6,3;jah
2021-10-12;3,13;66;6,1;jah
2021-10-13;3,14;66;6,1;jah
2021-10-14;3,15;66;6,4;jah
2021-10-15;3,17;66;6,4;jah
2021-10-16;3,3;67;6,7;jah
2021-10-17;3,44;69;6,7;jah
2021-10-18;3,44;69;6,1;jah
2021-10-19;3,4;67;5,4;jah
2021-10-20;3,33;66;5,1;jah
2021-10-21;3,41;67;7;jah
2021-10-22;3,62;70;7,5;jah
2021-10-23;3,72;71;6,8;jah
2021-10-24;3,62;69;5,9;jah
2021-10-25;3,53;67;5,4;jah
2021-10-26;3,45;66;5,2;jah
2021-10-27;3,49;66;6;jah
2021-10-28;3,6;67;7;jah
2021-10-29;3,57;66;7,9;jah
2021-10-30;3,53;65;7,3;jah
2021-10-31;3,54;65;6,7;jah
2021-11-01;3,5;64;6,1;jah
2021-11-02;3,48;63;5,5;jah
2021-11-03;3,52;63;5,9;jah
2021-11-04;3,54;62;6,5;jah
2021-11-05;3,61;63;7;jah
2021-11-06;3,73;64;6,9;jah
2021-11-07;3,92;66;6,2;jah
2021-11-08;4,47;74;5,7;jah
2021-11-09;5,13;81;4,2;jah
2021-11-10;5,45;84;3,7;jah
2021-11-11;5,53;85;4,3;jah
2021-11-12;5,28;82;5;jah
2021-11-13;5,17;81;5,4;jah
2021-11-14;5,02;79;4,9;jah
2021-11-15;4,69;75;3,8;jah
2021-11-16;4,34;70;3,3;jah
2021-11-17;4,13;68;3,6;jah
2021-11-18;4,05;67;4,1;jah
2021-11-19;4,02;67;4,2;jah
2021-11-20;4,11;68;4,7;jah
2021-11-21;4,24;70;4,4;jah
2021-11-22;4,34;71;3,2;jah
2021-11-23;4,23;70;2,2;jah
2021-11-24;4,06;67;2,4;jah
2021-11-25;3,98;66;3,4;jah
2021-11-26;3,94;66;4,1;jah
2021-11-27;3,96;66;3,9;jah
2021-11-28;4,02;67;2,8;jah
2021-11-29;4,01;66;2;jah
2021-11-30;4;66;0,8;jah
2021-12-01;3,81;63;0,3;jah
2021-12-02;3,75;63;0,2;jah
2021-12-03;3,8;64;0,2;jah
2021-12-04;3,83;67;0,2;jah
2021-12-05;3,88;76;0,5;jah
2021-12-06;3,93;79;0,5;jah
2021-12-07;3,98;76;0,4;jah
2021-12-08;4,03;73;0,2;jah
2021-12-09;4,08;68;0,1;jah
2021-12-10;4,13;67;0,2;jah
2021-12-11;4,15;67;0,2;jah
2021-12-12;4,11;70;0,2;jah
2021-12-13;4,07;72;0,2;jah
2021-12-14;4,03;67;0,2;jah
2021-12-15;3,98;63;0,5;jah
2021-12-16;4,14;65;2,1;jah
2021-12-17;4,8;74;2,6;jah
2021-12-18;6,4;92;1,9;jah
2021-12-19;7,39;101;1,7;jah
2021-12-20;7,62;101;0,6;jah
2021-12-21;7,43;101;0,2;jah
2021-12-22;7,19;110;0,2;jah
2021-12-23;6,95;105;0,1;jah
2021-12-24;6,71;100;0,1;jah
2021-12-25;6,47;96;0,1;jah
2021-12-26;6,24;89;0,1;jah
2021-12-27;5,87;84;0,1;jah
2021-12-28;5,38;79;0,1;jah
2021-12-29;5,18;76;0,1;jah
2021-12-30;4,89;73;0,2;jah
2021-12-31;4,75;71;0,2;jah
2022-01-01;4,82;72;0,2;jah
2022-01-02;4,74;71;0,2;jah
2022-01-03;4,57;69;0,2;jah
2022-01-04;4,69;69;0,3;jah
2022-01-05;4,56;65;1,7;jah
2022-01-06;4,65;67;2,1;jah
2022-01-07;4,82;69;0,6;jah
2022-01-08;4,81;71;0,1;jah
2022-01-09;4,71;68;0,5;jah
2022-01-10;4,74;68;1,2;jah
2022-01-11;4,51;65;0,4;jah
2022-01-12;4,55;77;0,3;jah
2022-01-13;4,76;71;0,2;jah
2022-01-14;4,99;71;0,2;jah
2022-01-15;4,74;69;0,4;jah
2022-01-16;4,66;68;0,8;jah
2022-01-17;4,73;69;1,2;jah
2022-01-18;4,67;68;0,4;jah
2022-01-19;4,36;65;0,7;jah
2022-01-20;4,35;65;1,5;jah
2022-01-21;4,38;65;1,6;jah
2022-01-22;4,24;64;1,2;jah
2022-01-23;4,1;62;1,1;jah
2022-01-24;4;61;1,2;jah
2022-01-25;3,95;61;1,5;jah
2022-01-26;3,9;60;1,3;jah
2022-01-27;3,82;59;1,1;jah
2022-01-28;3,94;61;1,8;jah
2022-01-29;4,02;62;1,8;jah
2022-01-30;4,07;62;1,4;jah
2022-01-31;4,1;62;1,6;jah
2022-02-01;4,13;63;1,7;jah
2022-02-02;4,12;63;0,9;jah
2022-02-03;4,09;61;0,6;jah
2022-02-04;4,06;65;0,2;jah
2022-02-05;4,03;63;0,2;jah
2022-02-06;4,21;64;0,3;jah
2022-02-07;4,13;62;0,8;jah
2022-02-08;4,21;63;1,8;jah
2022-02-09;4,14;62;2,1;jah
2022-02-10;4,18;63;2,5;jah
2022-02-11;4,27;64;2,5;jah
2022-02-12;4,29;64;2,1;jah
2022-02-13;4,25;63;1,9;jah
2022-02-14;4,22;63;2,1;jah
2022-02-15;4,21;63;2,2;jah
2022-02-16;4,25;63;2,6;jah
2022-02-17;4,98;73;2,9;jah
2022-02-18;7,55;102;2;jah
2022-02-19;10;124;0,8;jah
2022-02-20;11,3;135;0,6;jah
2022-02-21;11,2;133;0,7;jah
2022-02-22;10,7;128;1;jah
2022-02-23;10,3;123;1;jah
2022-02-24;9,58;117;0,8;jah
2022-02-25;8,85;109;1,1;jah
2022-02-26;8,3;104;1,5;jah
2022-02-27;7,91;97;1,3;jah
2022-02-28;7,52;90;1,2;jah
2022-03-01;7,14;86;1,1;jah
2022-03-02;6,77;81;1;jah
2022-03-03;6,4;79;1,7;jah
2022-03-04;6,04;80;2,2;jah
2022-03-05;5,63;76;1,5;jah
2022-03-06;5,38;69;1;jah
2022-03-07;5,19;70;1,5;jah
2022-03-08;4,99;70;1,2;jah
2022-03-09;4,8;65;0,9;jah
2022-03-10;4,61;62;0,4;jah
2022-03-11;4,42;58;0,5;jah
2022-03-12;4,27;62;1,5;jah
2022-03-13;4,31;64;2,2;jah
2022-03-14;4,38;63;2,4;jah
2022-03-15;4,45;63;2,4;jah
2022-03-16;4,52;63;2,4;jah
2022-03-17;4,6;64;2,5;jah
2022-03-18;4,67;64;2,3;jah
2022-03-19;4,74;65;2,4;jah
2022-03-20;4,81;66;2,8;jah
2022-03-21;4,97;69;3,3;jah
2022-03-22;5,58;76;3,3;jah
2022-03-23;6,29;84;3,1;jah
2022-03-24;6,89;90;3,3;jah
2022-03-25;7,54;97;3,6;jah
2022-03-26;8,65;109;3,5;jah
2022-03-27;9,73;118;2;jah
2022-03-28;9,73;118;1,9;jah
2022-03-29;9,27;120;2;jah
2022-03-30;8,81;116;1,5;jah
2022-03-31;8,37;110;1,3;jah
2022-04-01;7,93;101;1,5;jah
2022-04-02;7,49;93;2;jah
2022-04-03;7,06;88;2,4;jah
2022-04-04;6,7;84;3;jah
2022-04-05;6,84;86;3,4;jah
2022-04-06;7,34;91;3,1;jah
2022-04-07;7,61;93;3,3;jah
2022-04-08;8,41;103;4,3;jah
2022-04-09;10,9;126;4,4;jah
2022-04-10;12,1;135;3,9;jah
2022-04-11;13,2;145;4;jah
2022-04-12;13,9;150;4,9;jah
2022-04-13;13,4;146;5,6;jah
2022-04-14;12,5;139;6;jah
2022-04-15;11,9;135;5,8;jah
2022-04-16;11,4;131;5,7;jah
2022-04-17;10,9;126;5,9;jah
2022-04-18;10,3;121;6;jah
2022-04-19;9,8;116;6,7;jah
2022-04-20;9,21;111;7,7;jah
2022-04-21;8,52;104;8,6;jah
2022-04-22;8,06;100;9,2;jah
2022-04-23;7,88;98;9,5;jah
2022-04-24;8,02;100;9,1;jah
2022-04-25;8,49;105;8,6;jah
2022-04-26;8,61;106;8,8;jah
2022-04-27;8,51;104;8,4;jah
2022-04-28;8,05;100;7,8;jah
2022-04-29;7,21;91;7,6;jah
2022-04-30;6,66;86;7,9;jah
2022-05-01;6,37;83;8,2;jah
2022-05-02;6,05;80;9;jah
2022-05-03;5,83;77;9,5;jah
2022-05-04;5,51;74;8,6;jah
2022-05-05;5,21;71;8,4;jah
2022-05-06;5,03;69;9,5;jah
2022-05-07;4,87;67;11;jah
2022-05-08;4,81;67;11,7;jah
2022-05-09;4,74;66;10,8;jah
2022-05-10;4,62;65;10,4;jah
2022-05-11;4,55;64;10,3;jah
2022-05-12;4,51;64;10,2;jah
2022-05-13;4,62;65;10,5;jah
2022-05-14;4,47;63;10,7;jah
2022-05-15;4,42;62;11,1;jah
2022-05-16;4,27;61;10,5;jah
2022-05-17;4,22;60;10,2;jah
2022-05-18;4,22;60;10,5;jah
2022-05-19;4,16;60;10,9;jah
2022-05-20;4,11;59;10,6;jah
2022-05-21;4,31;62;10,6;jah
2022-05-22;4,42;63;11;jah
2022-05-23;4,38;62;11,5;jah
2022-05-24;4,5;63;12,2;jah
2022-05-25;4,25;61;13,3;jah
2022-05-26;4,15;60;13,5;jah
2022-05-27;4,27;61;12,9;jah
2022-05-28;4,35;63;11,8;jah
2022-05-29;4,5;65;11,6;jah
2022-05-30;4,48;64;12;jah
2022-05-31;4,57;66;12;jah
2022-06-01;4,67;67;12,5;jah
2022-06-02;4,64;67;13,5;jah
2022-06-03;4,52;66;13,6;jah
2022-06-04;4,43;65;13,9;jah
2022-06-05;4,22;63;14,2;jah
2022-06-06;4,04;61;14,8;jah
2022-06-07;3,88;59;15,1;jah
2022-06-08;3,87;60;15,8;jah
2022-06-09;4,28;65;16,5;jah
2022-06-10;4,26;65;16,7;jah
2022-06-11;4,25;65;17,2;jah
2022-06-12;4,16;64;17,4;jah
2022-06-13;4,02;62;17;jah
2022-06-14;4,44;71;15,1;jah
2022-06-15;12,6;155;13,2;jah
2022-06-16;17,6;186;14;jah
2022-06-17;15,8;172;14,8;jah
2022-06-18;14,5;165;15,3;jah
2022-06-19;14,3;162;15,9;jah
2022-06-20;12,5;146;15,9;jah
2022-06-21;8,11;107;15,7;jah
2022-06-22;6,23;89;15,5;jah
2022-06-23;5,47;81;15,8;jah
2022-06-24;5;75;16,5;jah
2022-06-25;4,65;71;17,5;jah
2022-06-26;4,39;68;18,3;jah
2022-06-27;4,2;66;19,1;jah
2022-06-28;4,1;65;19,5;jah
2022-06-29;4,18;67;18,4;jah
2022-06-30;5,35;83;18,3;jah
2022-07-01;5,31;80;18,5;jah
2022-07-02;4,54;72;18,8;jah
2022-07-03;4,18;68;18,5;jah
2022-07-04;4,07;68;18;jah
2022-07-05;4,57;75;18,1;jah
2022-07-06;4,43;73;17,3;jah
2022-07-07;4,02;68;16,3;jah
2022-07-08;3,86;67;15,7;jah
2022-07-09;3,83;67;15,5;jah
2022-07-10;3,81;67;15,4;jah
2022-07-11;3,74;67;15,6;jah
2022-07-12;3,79;68;15,8;jah
2022-07-13;3,87;70;16,1;jah
2022-07-14;3,79;69;16,1;jah
2022-07-15;3,71;69;15,6;jah
2022-07-16;3,58;68;15,3;jah
2022-07-17;3,49;67;14,8;jah
2022-07-18;3,47;67;14,3;jah
2022-07-19;3,51;69;14,1;jah
2022-07-20;3,44;68;14,7;jah
2022-07-21;3,34;66;15,7;jah
2022-07-22;3,25;65;16,7;jah
2022-07-23;3,27;65;17,3;jah
2022-07-24;3,37;66;16,9;jah
2022-07-25;3,35;66;16,5;jah
2022-07-26;3,31;65;16,5;jah
2022-07-27;3,3;65;16,6;jah
2022-07-28;3,32;65;15,8;jah
2022-07-29;3,35;66;15,6;jah
2022-07-30;3,32;65;15,1;jah
2022-07-31;3,28;65;15;jah
2022-08-01;3,59;72;14,6;jah
2022-08-02;5,05;95;14,5;jah
2022-08-03;5,01;93;15,1;jah
2022-08-04;4,23;82;15,6;jah
2022-08-05;3,73;75;16;jah
2022-08-06;3,6;74;16,5;jah
2022-08-07;4,26;83;15,8;jah
2022-08-08;4,17;81;15,2;jah
2022-08-09;3,88;77;14,8;jah
2022-08-10;3,76;75;14,3;jah
2022-08-11;3,64;73;14,6;jah
2022-08-12;3,47;71;15;jah
2022-08-13;3,35;69;15,4;jah
2022-08-14;3,26;67;15,7;jah
2022-08-15;3,21;66;16,1;jah
2022-08-16;3,16;65;16,7;jah
2022-08-17;3,12;64;17,2;jah
2022-08-18;3,07;64;17,3;jah
2022-08-19;3,06;63;17,3;jah
2022-08-20;3,05;63;17;jah
2022-08-21;2,99;62;16,6;jah
2022-08-22;2,97;62;16,2;jah
2022-08-23;2,98;63;16,3;jah
2022-08-24;3,01;63;16,6;jah
2022-08-25;3,02;64;16,6;jah
2022-08-26;3,08;65;16,4;jah
2022-08-27;3,09;66;16,3;jah
2022-08-28;3,05;66;15,8;jah
2022-08-29;3,01;65;15,4;jah
2022-08-30;3,68;79;15,1;jah
2022-08-31;5,43;102;14,1;jah
2022-09-01;5,72;108;12,7;jah
2022-09-02;5,52;104;11,6;jah
2022-09-03;4,64;92;10,5;jah
2022-09-04;4,03;82;9,8;jah
2022-09-05;3,75;78;9,9;jah
2022-09-06;3,62;75;9,9;jah
2022-09-07;3,56;74;10,2;jah
2022-09-08;3,5;72;9,6;jah
2022-09-09;3,45;71;9,1;jah
2022-09-10;3,39;70;8,8;jah
2022-09-11;3,36;69;8,5;jah
2022-09-12;3,36;68;8,9;jah
2022-09-13;3,39;68;9,1;jah
2022-09-14;3,44;68;9,7;jah
2022-09-15;3,48;69;10,4;jah
2022-09-16;3,59;70;10,6;jah
2022-09-17;3,77;72;10,8;jah
2022-09-18;3,84;74;10,8;jah
2022-09-19;3,73;73;10,7;jah
2022-09-20;3,56;71;10,3;jah
2022-09-21;3,47;69;10,2;jah
2022-09-22;3,44;69;10;jah
2022-09-23;3,42;68;9,7;jah
2022-09-24;3,39;68;9,5;jah
2022-09-25;3,37;67;9,1;jah
2022-09-26;3,33;66;8,7;jah
2022-09-27;3,31;66;8,2;jah
2022-09-28;3,31;65;7,8;jah
2022-09-29;3,4;67;8,1;jah
2022-09-30;3,43;67;8,3;jah
2022-10-01;3,38;66;8;jah
2022-10-02;3,35;65;8,2;jah
2022-10-03;3,59;70;7,7;jah
2022-10-04;5,59;97;7,5;jah
2022-10-05;6,14;101;7,7;jah
2022-10-06;5,46;92;8,5;jah
2022-10-07;4,99;86;9,2;jah
2022-10-08;4,56;80;9,3;jah
2022-10-09;4,25;76;9,1;jah
2022-10-10;4,06;73;8,4;jah
2022-10-11;3,96;71;7,4;jah
2022-10-12;3,91;70;6,9;jah
2022-10-13;3,86;69;6,4;jah
2022-10-14;3,8;68;7;jah
2022-10-15;3,75;67;7,4;jah
2022-10-16;3,73;67;8;jah
2022-10-17;3,82;68;8,5;jah
2022-10-18;4;70;8,5;jah
2022-10-19;4,17;73;8;jah
2022-10-20;4,3;74;6,9;jah
2022-10-21;4,28;73;6,6;jah
2022-10-22;4,22;72;6,5;jah
2022-10-23;4,14;71;5,7;jah
2022-10-24;4,03;69;5,5;jah
2022-10-25;3,99;68;5,5;jah
2022-10-26;4,15;70;6,3;jah
2022-10-27;4,24;71;7,4;jah
2022-10-28;4,15;70;8,2;jah
2022-10-29;4,18;70;8,8;jah
2022-10-30;4,3;71;8,1;jah
2022-10-31;4,23;70;6,3;jah
2022-11-01;4,14;69;6;jah
2022-11-02;4,11;68;6,6;jah
2022-11-03;4,09;68;7;jah
2022-11-04;4;67;7;jah
2022-11-05;3,94;66;5,9;jah
2022-11-06;3,95;66;5,2;jah
2022-11-07;4;66;5,2;jah
2022-11-08;4;66;5,8;jah
2022-11-09;4,06;67;6,8;jah
2022-11-10;4,05;67;7,4;jah
2022-11-11;4,02;66;7,6;jah
2022-11-12;4,03;66;8,4;jah
2022-11-13;3,99;66;7,5;jah
2022-11-14;3,89;65;6,2;jah
2022-11-15;3,95;66;5,4;jah
2022-11-16;3,98;67;4,8;jah
2022-11-17;3,91;66;4,1;jah
2022-11-18;3,87;66;3;jah
2022-11-19;3,79;65;1,9;jah
2022-11-20;3,69;64;1,2;jah
2022-11-21;3,62;63;0,7;jah
2022-11-22;3,6;63;0,9;jah
2022-11-23;3,62;63;1,3;jah
2022-11-24;3,56;63;1,7;jah
2022-11-25;3,5;62;1,7;jah
2022-11-26;3,46;62;1,5;jah
2022-11-27;3,49;62;1,2;jah
2022-11-28;3,5;61;1,6;jah
2022-11-29;3,57;62;2,2;jah
2022-11-30;3,6;62;2,2;jah
2022-12-01;3,63;62;1,6;jah
2022-12-02;3,65;61;0,2;jah
2022-12-03;3,68;60;0,1;jah
2022-12-04;3,7;60;0,2;jah
2022-12-05;3,73;61;0,2;jah
2022-12-06;3,76;60;0,2;jah
2022-12-07;3,8;60;0,3;jah
2022-12-08;3,87;61;0,5;jah
2022-12-09;3,86;60;0,9;jah
2022-12-10;3,85;60;0,5;jah
2022-12-11;3,84;58;0,3;jah
2022-12-12;3,83;59;0,1;jah
2022-12-13;3,82;62;0,1;jah
2022-12-14;3,81;63;0,1;jah
2022-12-15;3,81;66;0,1;jah
2022-12-16;3,8;59;0,1;jah
2022-12-17;3,79;61;0,1;jah
2022-12-18;3,78;61;0,1;jah
2022-12-19;3,77;59;0,2;jah
2022-12-20;3,76;59;0,2;jah
2022-12-21;3,75;59;0,4;jah
2022-12-22;3,83;60;1,7;jah
2022-12-23;4,04;63;2,8;jah
2022-12-24;4,42;67;2,2;jah
2022-12-25;4,67;69;0,4;jah
2022-12-26;4,63;70;0,1;jah
2022-12-27;4,55;79;0,1;jah
2022-12-28;4,47;70;0,2;jah
2022-12-29;4,39;65;0,9;jah
2022-12-30;4,33;64;2;jah
2022-12-31;4,39;65;2,7;jah
2023-01-01;5,17;75;2,9;jah
2023-01-02;7,83;103;1,3;jah
2023-01-03;9,56;119;0,5;jah
2023-01-04;10;122;0,8;jah
2023-01-05;9,64;118;0,3;jah
2023-01-06;9,21;132;0,2;jah
2023-01-07;8,81;134;0,2;jah
2023-01-08;8,41;125;0,3;jah
2023-01-09;8,02;118;0,2;jah
2023-01-10;7,62;112;0,1;jah
2023-01-11;7,23;100;0,1;jah
2023-01-12;6,85;89;0,1;jah
2023-01-13;6,49;85;0,1;jah
2023-01-14;6,28;83;0,2;jah
2023-01-15;6,58;87;0,4;jah
2023-01-16;8,02;102;1,2;jah
2023-01-17;9,6;115;0,9;jah
2023-01-18;9,72;116;1,1;jah
2023-01-19;11;130;1,1;jah
2023-01-20;13,4;150;0,4;jah
2023-01-21;12,5;142;0,1;jah
2023-01-22;11,1;140;0,1;jah
2023-01-23;9,76;125;0,1;jah
2023-01-24;8,4;104;0,4;jah
2023-01-25;7,4;94;0,9;jah
2023-01-26;6,91;89;1,5;jah
2023-01-27;6,72;87;1,6;jah
2023-01-28;6,45;84;1,3;jah
2023-01-29;6,15;81;1,2;jah
2023-01-30;6,02;80;1,7;jah
2023-01-31;6,38;84;1,9;jah
2023-02-01;6,48;85;1,7;jah
2023-02-02;6,34;84;1,8;jah
2023-02-03;6,08;81;1,5;jah
2023-02-04;5,75;77;1,1;jah
2023-02-05;5,46;74;0,7;jah
2023-02-06;5,16;71;0,9;jah
2023-02-07;5,13;71;1,5;jah
2023-02-08;5,24;72;1,7;jah
2023-02-09;5,09;70;1,7;jah
2023-02-10;5,05;69;1,5;jah
2023-02-11;5,06;69;1,2;jah
2023-02-12;5,14;67;0,9;jah
2023-02-13;5,21;66;1,7;jah
2023-02-14;5,3;72;2;jah
2023-02-15;5,3;72;2,2;jah
2023-02-16;5,34;72;2,5;jah
2023-02-17;5,39;73;2,4;jah
2023-02-18;5,41;73;2;jah
2023-02-19;5,55;74;1,6;jah
2023-02-20;5,55;74;1,5;jah
2023-02-21;5,45;72;0,9;jah
2023-02-22;5,36;73;0;jah
2023-02-23;5,27;72;0,1;jah
2023-02-24;5,17;70;0,1;jah
2023-02-25;5,08;73;0,1;jah
2023-02-26;4,98;70;0,1;jah
2023-02-27;4,89;67;0,2;jah
2023-02-28;4,79;65;0,6;jah
2023-03-01;4,81;65;1,5;jah
2023-03-02;4,84;66;2,3;jah
2023-03-03;4,92;66;2,4;jah
2023-03-04;4,98;67;2,4;jah
2023-03-05;5,05;68;2,1;jah
2023-03-06;5,02;67;1,7;jah
2023-03-07;4,97;66;1,3;jah
2023-03-08;4,94;65;1,1;jah
2023-03-09;4,92;66;1,1;jah
2023-03-10;4,9;65;0,1;jah
2023-03-11;4,87;64;0,1;jah
2023-03-12;4,85;66;0,2;jah
2023-03-13;4,83;65;0,4;jah
2023-03-14;5;67;1,8;jah
2023-03-15;7,03;91;3;jah
2023-03-16;11,8;134;1,1;jah
2023-03-17;14;153;0,4;jah
2023-03-18;15,6;164;0,6;jah
2023-03-19;14,1;152;1,2;jah
2023-03-20;13,3;147;1,9;jah
2023-03-21;14,7;160;1,8;jah
2023-03-22;17;177;0,9;jah
2023-03-23;19,4;194;1,5;jah
2023-03-24;23,3;220;2,3;jah
2023-03-25;29,8;260;3,2;jah
2023-03-26;33,9;280;4;jah
2023-03-27;32,9;273;4,2;jah
2023-03-28;29;251;3,1;jah
2023-03-29;23,9;220;2,1;jah
2023-03-30;19,6;193;1,2;jah
2023-03-31;16,7;174;1,7;jah
2023-04-01;15,2;164;2,6;jah
2023-04-02;15;163;3;jah
2023-04-03;14,5;159;2,6;jah
2023-04-04;13,7;152;2,1;jah
2023-04-05;12,7;144;2,2;jah
2023-04-06;12;138;3,1;jah
2023-04-07;11,8;136;4,3;jah
2023-04-08;11,8;136;5,2;jah
2023-04-09;11,6;135;5,8;jah
2023-04-10;11,4;132;6,2;jah
2023-04-11;11;128;6,9;jah
2023-04-12;10,6;124;7,6;jah
2023-04-13;10,2;120;8,1;jah
2023-04-14;9,91;117;8,1;jah
2023-04-15;9,58;114;7,9;jah
2023-04-16;9,22;110;7,5;jah
2023-04-17;8,59;104;7,6;jah
2023-04-18;8,09;99;8;jah
2023-04-19;7,66;95;8,2;jah
2023-04-20;7,26;91;8,4;jah
2023-04-21;6,97;88;9;jah
2023-04-22;6,72;85;9,5;jah
2023-04-23;6,53;83;10;jah
2023-04-24;6,37;82;11;jah
2023-04-25;6,21;80;11,6;jah
2023-04-26;6,06;78;11,5;jah
2023-04-27;6,25;80;10,8;jah
2023-04-28;6,35;81;9,6;jah
2023-04-29;6,18;79;8,6;jah
2023-04-30;6,13;79;8,4;jah
2023-05-01;6,33;81;8,6;jah
2023-05-02;6,26;80;9,4;jah
2023-05-03;6,04;78;9,7;jah
2023-05-04;5,78;75;8,8;jah
2023-05-05;5,62;74;7,5;jah
2023-05-06;5,52;73;7;jah
2023-05-07;5,42;71;7,3;jah
2023-05-08;5,26;70;8,2;jah
2023-05-09;5,16;69;9,4;jah
2023-05-10;5,06;68;10,6;jah
2023-05-11;4,98;67;11,4;jah
2023-05-12;4,87;66;12,1;jah
2023-05-13;4,77;64;12,9;jah
2023-05-14;4,69;64;13,3;jah
2023-05-15;4,65;63;13,8;jah
2023-05-16;4,66;64;13,2;jah
2023-05-17;4,75;65;12,9;jah
2023-05-18;4,79;65;13,1;jah
2023-05-19;4,65;64;12,9;jah
2023-05-20;4,47;62;12,9;jah
2023-05-21;4,35;61;13,2;jah
2023-05-22;4,22;59;13,2;jah
2023-05-23;4,12;58;13,3;jah
2023-05-24;4,05;58;13,7;jah
2023-05-25;3,97;57;14,2;jah
2023-05-26;3,87;56;14,4;jah
2023-05-27;3,75;55;13,4;jah
2023-05-28;3,69;54;12,7;jah
2023-05-29;3,87;57;13;jah
2023-05-30;3,82;56;12,8;jah
2023-05-31;3,73;55;12,8;jah
2023-06-01;3,65;54;12,9;jah
2023-06-02;3,58;54;12,2;jah
2023-06-03;3,55;53;11,4;jah
2023-06-04;3,64;55;10,6;jah
2023-06-05;3,89;58;11,3;jah
2023-06-06;3,83;57;12;jah
2023-06-07;3,68;55;13,4;jah
2023-06-08;3,53;54;14,4;jah
2023-06-09;3,42;53;14,9;jah
2023-06-10;3,33;52;14,2;jah
2023-06-11;3,26;51;13,9;jah
2023-06-12;3,22;51;14,1;jah
2023-06-13;3,18;50;14,6;jah
2023-06-14;3,16;50;15,4;jah
2023-06-15;3,29;52;16,1;jah
2023-06-16;3,22;51;16,4;jah
2023-06-17;3,16;51;16,9;jah
2023-06-18;3,13;50;16,9;jah
2023-06-19;3,09;50;16,9;jah
2023-06-20;3,05;50;17,4;jah
2023-06-21;3,01;49;17,7;jah
2023-06-22;3,12;51;17,1;jah
2023-06-23;3,22;52;17,1;jah
2023-06-24;3,2;52;17,5;jah
2023-06-25;3,08;51;17,2;jah
2023-06-26;3,08;51;16,7;jah
2023-06-27;3,28;54;16;jah
2023-06-28;3,34;55;16,3;jah
2023-06-29;3,16;53;17;jah
2023-06-30;3,1;52;17,5;jah
2023-07-01;3,21;54;17;jah
2023-07-02;3,44;57;16,3;jah
2023-07-03;3,64;61;15,6;jah
2023-07-04;3,87;64;15,1;jah
2023-07-05;3,65;61;15;jah
2023-07-06;3,42;58;15,4;jah
2023-07-07;3,26;57;16,2;jah
2023-07-08;3,23;57;15,9;jah
2023-07-09;3,43;60;15,9;jah
2023-07-10;3,53;62;15,4;jah
2023-07-11;3,45;60;14,7;jah
2023-07-12;3,29;58;14,6;jah
2023-07-13;3,22;57;14,9;jah
2023-07-14;3,23;57;15,3;jah
2023-07-15;3,42;59;15,7;jah
2023-07-16;3,21;57;16,2;jah
2023-07-17;3,15;57;17,2;jah
2023-07-18;3,12;57;16,8;jah
2023-07-19;3,12;57;15,7;jah
2023-07-20;3,12;58;15,2;jah
2023-07-21;3,07;57;14,8;jah
2023-07-22;3,1;59;15;jah
2023-07-23;3,34;63;15;jah
2023-07-24;3,48;65;14,8;jah
2023-07-25;3,39;64;14,3;jah
2023-07-26;3,33;64;14,1;jah
2023-07-27;3,26;64;14,3;jah
2023-07-28;3,18;63;14,7;jah
2023-07-29;3,09;62;15,1;jah
2023-07-30;3,03;62;15,1;jah
2023-07-31;3,03;61;15,6;jah
2023-08-01;3,11;62;15,4;jah
2023-08-02;3,25;65;15,8;jah
2023-08-03;3,34;67;15,8;jah
2023-08-04;3,33;68;16;jah
2023-08-05;3,28;68;16,2;jah
2023-08-06;3,26;68;17;jah
2023-08-07;3,23;68;18,1;jah
2023-08-08;3,11;66;18,2;jah
2023-08-09;3;65;17;jah
2023-08-10;2,95;64;15,7;jah
2023-08-11;2,94;65;15,1;jah
2023-08-12;2,99;66;14,7;jah
2023-08-13;2,97;66;15,1;jah
2023-08-14;2,92;65;15,3;jah
2023-08-15;2,87;65;15,2;jah
2023-08-16;2,79;64;15,8;jah
2023-08-17;2,73;63;16,7;jah
2023-08-18;2,74;64;16,6;jah
2023-08-19;2,98;69;16,5;jah
2023-08-20;3,81;84;16,2;jah
2023-08-21;4,02;86;15,5;jah
2023-08-22;3,74;82;15,3;jah
2023-08-23;3,67;81;15;jah
2023-08-24;3,57;79;14,8;jah
2023-08-25;3,52;78;14,7;jah
2023-08-26;3,35;75;14,4;jah
2023-08-27;3,34;75;14,1;jah
2023-08-28;3,33;75;14,1;jah
2023-08-29;3,28;74;13,9;jah
2023-08-30;3,28;74;14;jah
2023-08-31;3,62;79;15;jah
2023-09-01;3,83;82;15,3;jah
2023-09-02;4,44;92;14,6;jah
2023-09-03;4,36;89;14,5;jah
2023-09-04;3,72;80;13,8;jah
2023-09-05;3,44;76;13,2;jah
2023-09-06;3,36;75;13,1;jah
2023-09-07;3,2;72;12,5;jah
2023-09-08;3,07;70;12,3;jah
2023-09-09;3,02;70;12,5;jah
2023-09-10;2,96;69;12,5;jah
2023-09-11;2,93;68;12,8;jah
2023-09-12;2,89;68;13,1;jah
2023-09-13;2,83;67;13,3;jah
2023-09-14;2,86;68;13,3;jah
2023-09-15;3,01;70;12,4;jah
2023-09-16;3,17;71;11,4;jah
2023-09-17;3,14;68;11,1;jah
2023-09-18;3,17;67;10,9;jah
2023-09-19;3,22;66;11,4;jah
2023-09-20;3,27;67;12,2;jah
2023-09-21;3,34;67;12,7;jah
2023-09-22;3,24;66;12,7;jah
2023-09-23;3,19;65;13;jah
2023-09-24;3,5;71;13,2;jah
2023-09-25;4,01;78;12,3;jah
2023-09-26;3,77;73;11,5;jah
2023-09-27;3,53;70;11,1;jah
2023-09-28;3,41;68;11,6;jah
2023-09-29;3,34;67;11,9;jah
2023-09-30;3,29;66;12,1;jah
2023-10-01;3,3;66;11,6;jah
2023-10-02;3,39;67;10,8;jah
2023-10-03;3,51;70;10,6;jah
2023-10-04;4,2;80;11,2;jah
2023-10-05;4,6;86;10,9;jah
2023-10-06;5,35;96;10,1;jah
2023-10-07;6,05;104;9,5;jah
2023-10-08;6,11;105;8,1;jah
2023-10-09;6,06;103;7,1;jah
2023-10-10;5,36;94;6,3;jah
2023-10-11;4,81;87;6,5;jah
2023-10-12;4,52;83;7,7;jah
2023-10-13;4,32;80;7,9;jah
2023-10-14;4,25;78;8,6;jah
2023-10-15;4,33;79;8,4;jah
2023-10-16;4,64;83;7,5;jah
2023-10-17;4,8;85;6,5;jah
2023-10-18;5,05;88;6,2;jah
2023-10-19;5,55;94;5,8;jah
2023-10-20;6,05;99;5,4;jah
2023-10-21;6,06;99;4,6;jah
2023-10-22;5,65;93;4,5;jah
2023-10-23;5,23;88;5,1;jah
2023-10-24;4,99;85;5,6;jah
2023-10-25;4,74;81;5,2;jah
2023-10-26;4,5;77;4,3;jah
2023-10-27;4,31;74;3,6;jah
2023-10-28;4,18;72;3,4;jah
2023-10-29;4,09;71;3,5;jah
2023-10-30;4,22;73;3,7;jah
2023-10-31;4,71;79;4,4;jah
2023-11-01;5,33;87;5,9;jah
2023-11-02;5,88;92;6,1;jah
2023-11-03;5,96;92;5,5;jah
2023-11-04;5,63;88;5,3;jah
2023-11-05;5,17;82;5,6;jah
2023-11-06;5,07;81;6,3;jah
2023-11-07;5,33;84;6,7;jah
2023-11-08;5,88;90;6,9;jah
2023-11-09;6,11;92;6,8;jah
2023-11-10;5,83;88;6,6;jah
2023-11-11;5,46;83;6,3;jah
2023-11-12;5,17;80;6,2;jah
2023-11-13;5,44;85;5,6;jah
2023-11-14;6,35;96;4,9;jah
2023-11-15;7,04;103;4,2;jah
2023-11-16;7,08;103;3,7;jah
2023-11-17;6,41;95;3,1;jah
2023-11-18;5,69;87;2,5;jah
2023-11-19;5,1;80;2,2;jah
2023-11-20;4,72;75;1,5;jah
2023-11-21;4,4;71;1,1;jah
2023-11-22;4,16;68;0,6;jah
2023-11-23;4,06;67;0,6;jah
2023-11-24;4,04;68;0,9;jah
2023-11-25;4,03;69;1,5;jah
2023-11-26;4,03;68;1,2;jah
2023-11-27;4,03;66;0,7;jah
2023-11-28;4,03;65;0,3;jah
2023-11-29;4,03;67;0,1;jah
2023-11-30;4,03;67;0,1;jah
2023-12-01;4,02;66;0,1;jah
2023-12-02;4,02;65;0,2;jah
2023-12-03;3,96;64;0,4;jah
2023-12-04;3,9;64;0,2;jah
2023-12-05;3,88;70;0;jah
2023-12-06;3,87;69;0;jah
2023-12-07;3,87;65;0,1;jah
2023-12-08;3,87;63;0,1;jah
2023-12-09;3,87;63;0,1;jah
2023-12-10;3,86;63;0,1;jah
2023-12-11;3,92;63;0,1;jah
2023-12-12;4,02;64;0,1;jah
2023-12-13;3,99;64;0,2;jah
2023-12-14;3,78;61;0,9;jah
2023-12-15;3,72;61;2;jah
2023-12-16;3,72;61;1,8;jah
2023-12-17;3,95;64;2,1;jah
2023-12-18;4,33;68;2,6;jah
2023-12-19;5,5;82;3;jah
2023-12-20;8,71;114;1,7;jah
2023-12-21;10,8;133;0,6;jah
2023-12-22;12,9;149;0,4;jah
2023-12-23;13;150;0,4;jah
2023-12-24;11,7;139;0,6;jah
2023-12-25;10,1;126;0,6;jah
2023-12-26;8,62;112;0,8;jah
2023-12-27;7,22;99;1,1;jah
2023-12-28;6,28;90;1,1;jah
2023-12-29;5,74;86;1,5;jah
2023-12-30;5,61;92;2,1;jah
2023-12-31;5,52;114;1,5;jah
2024-01-01;5,43;123;0,2;jah
2024-01-02;5,34;143;0,1;jah
2024-01-03;5,25;150;1;jah
2024-01-04;5,16;145;0,8;jah
2024-01-05;5,08;133;0,4;jah
2024-01-06;4,99;126;0,3;jah
2024-01-07;4,91;124;0,3;jah
2024-01-08;4,82;118;0,5;jah
2024-01-09;4,74;105;0,1;jah
2024-01-10;4,65;96;0,1;jah
2024-01-11;4,57;93;0,1;jah
2024-01-12;4,49;90;0,1;jah
2024-01-13;4,41;85;0,1;jah
2024-01-14;4,33;83;0,1;jah
2024-01-15;4,25;84;0,1;jah
2024-01-16;4,17;85;0,1;jah
2024-01-17;4,1;82;0,1;jah
2024-01-18;4,12;76;0,1;jah
2024-01-19;4,17;81;0,1;jah
2024-01-20;4,21;84;0,1;jah
2024-01-21;4,25;81;0,1;jah
2024-01-22;4,29;79;0,1;jah
2024-01-23;4,33;77;0,1;jah
2024-01-24;4,37;73;0,2;jah
2024-01-25;4,43;71;0,4;jah
2024-01-26;4,58;72;1,5;jah
2024-01-27;4,8;74;1,5;jah
2024-01-28;4,82;73;1,4;jah
2024-01-29;4,8;72;1,9;jah
2024-01-30;4,8;71;2,2;jah
2024-01-31;4,82;70;2,3;jah
2024-02-01;5,04;72;2,4;jah
2024-02-02;5,66;78;1,6;jah
2024-02-03;6;80;1,2;jah
2024-02-04;6,32;82;1,5;jah
2024-02-05;6,77;86;1;jah
2024-02-06;6,76;84;0,8;jah
2024-02-07;6,4;81;0,4;jah
2024-02-08;6,05;74;0;jah
2024-02-09;5,86;74;0,1;jah
2024-02-10;5,66;76;0,2;jah
2024-02-11;5,48;72;0,1;jah
2024-02-12;5,29;72;0,1;jah
2024-02-13;5,1;70;0,1;jah
2024-02-14;4,91;67;0,2;jah
2024-02-15;4,72;65;0,3;jah
2024-02-16;4,58;63;1,7;jah
2024-02-17;4,7;65;2,3;jah
2024-02-18;5,09;69;1,8;jah
2024-02-19;5,41;71;0,7;jah
2024-02-20;5,2;69;0,7;jah
2024-02-21;5,33;71;1,4;jah
2024-02-22;5,24;69;2;jah
2024-02-23;5,24;70;2,7;jah
2024-02-24;8,01;99;2,4;jah
2024-02-25;13;141;0,9;jah
2024-02-26;16;162;0,6;jah
2024-02-27;17,3;172;0,6;jah
2024-02-28;18,5;181;0,5;jah
2024-02-29;20;192;0,4;jah
2024-03-01;19,4;187;0,4;jah
2024-03-02;17,5;174;0,5;jah
2024-03-03;15,3;159;0,7;jah
2024-03-04;13,5;145;0,7;jah
2024-03-05;11,6;130;0,7;jah
2024-03-06;10,1;116;0,8;jah
2024-03-07;8,72;105;0,7;jah
2024-03-08;7,91;96;1;jah
2024-03-09;7,31;92;1,2;jah
2024-03-10;6,73;87;1,3;jah
2024-03-11;6,16;82;1,3;jah
2024-03-12;5,65;78;1,3;jah
2024-03-13;5,61;77;1,6;jah
2024-03-14;5,7;78;2,5;jah
2024-03-15;6,09;82;3,4;jah
2024-03-16;6,91;90;4,1;jah
2024-03-17;8,67;107;4,1;jah
2024-03-18;9,92;118;2,9;jah
2024-03-19;10,2;120;2,2;jah
2024-03-20;10,4;122;2,4;jah
2024-03-21;10,1;119;3,2;jah
2024-03-22;9,84;117;3,7;jah
2024-03-23;9,71;116;4,2;jah
2024-03-24;9,76;117;4,1;jah
2024-03-25;9,71;117;4;jah
2024-03-26;9,66;117;3,9;jah
2024-03-27;9,18;113;4,4;jah
2024-03-28;8,43;106;5,5;jah
2024-03-29;8;103;6,1;jah
2024-03-30;7,76;101;6,1;jah
2024-03-31;7,55;99;6,4;jah
2024-04-01;7,3;97;7,4;jah
2024-04-02;6,95;94;8,4;jah
2024-04-03;6,63;91;7,7;jah
2024-04-04;6,57;91;5,4;jah
2024-04-05;6,61;92;3,9;jah
2024-04-06;6,84;94;4;jah
2024-04-07;6,94;95;5,6;jah
2024-04-08;7;95;7,1;jah
2024-04-09;6,84;93;8,5;jah
2024-04-10;6,46;89;9,9;jah
2024-04-11;5,99;84;10,4;jah
2024-04-12;5,57;80;10,4;jah
2024-04-13;5,27;76;10,4;jah
2024-04-14;5,13;75;10;jah
2024-04-15;5,39;78;8,8;jah
2024-04-16;5,9;83;8,1;jah
2024-04-17;6,33;87;7,6;jah
2024-04-18;6,24;86;7,6;jah
2024-04-19;5,74;80;6,3;jah
2024-04-20;5,43;77;5,3;jah
2024-04-21;5,19;75;5,9;jah
2024-04-22;5,35;77;6,3;jah
2024-04-23;5,88;82;5,9;jah
2024-04-24;6,24;85;5,9;jah
2024-04-25;6,98;94;6,5;jah
2024-04-26;8,4;107;7,6;jah
2024-04-27;8,54;107;8,4;jah
2024-04-28;8,13;103;9,2;jah
2024-04-29;7,37;95;10,4;jah
2024-04-30;6,76;89;11,8;jah
2024-05-01;5,96;81;12,7;jah
2024-05-02;5,49;76;12,2;jah
2024-05-03;5,09;72;11,7;jah
2024-05-04;4,8;69;11,6;jah
2024-05-05;4,59;66;12;jah
2024-05-06;4,4;64;11,7;jah
2024-05-07;4,25;62;10,4;jah
2024-05-08;4,09;60;9;jah
2024-05-09;3,96;59;8,3;jah
2024-05-10;3,97;59;8,5;jah
2024-05-11;4,09;60;8,5;jah
2024-05-12;4,07;59;9,2;jah
2024-05-13;3,91;58;9,9;jah
2024-05-14;3,84;57;11,1;jah
2024-05-15;3,79;56;12;jah
2024-05-16;3,71;55;13,1;jah
2024-05-17;3,64;55;14;jah
2024-05-18;3,55;54;14,6;jah
2024-05-19;3,49;53;14,5;jah
2024-05-20;3,47;53;14,7;jah
2024-05-21;3,41;53;14,8;jah
2024-05-22;3,34;52;14,5;jah
2024-05-23;3,24;51;14,6;jah
2024-05-24;3,17;50;15,2;jah
2024-05-25;3,1;50;15,9;jah
2024-05-26;3,18;51;16,6;jah
2024-05-27;3,24;51;17;jah
2024-05-28;3,31;52;17,2;jah
2024-05-29;3,3;52;16,8;jah
2024-05-30;3,49;54;16,6;jah
2024-05-31;3,9;58;17,2;jah
2024-06-01;3,81;57;17,8;jah
2024-06-02;3,68;56;17,6;jah
2024-06-03;3,73;56;17,2;jah
2024-06-04;3,67;56;17,3;jah
2024-06-05;3,56;55;17,5;jah
2024-06-06;3,48;54;17,4;jah
2024-06-07;3,38;53;16,3;jah
2024-06-08;3,32;53;15,6;jah
2024-06-09;3,35;54;14,3;jah
2024-06-10;3,45;55;13,3;jah
2024-06-11;3,48;56;13,9;jah
2024-06-12;3,4;56;14,7;jah
2024-06-13;3,32;55;15;jah
2024-06-14;3,36;57;14,5;jah
2024-06-15;3,54;59;14,1;jah
2024-06-16;3,48;58;14,6;jah
2024-06-17;3,45;59;15,2;jah
2024-06-18;3,53;60;15,9;jah
2024-06-19;3,46;60;16;jah
2024-06-20;3,4;60;15,8;jah
2024-06-21;3,3;59;15,9;jah
2024-06-22;3,17;58;15,8;jah
2024-06-23;3,15;59;15,6;jah
2024-06-24;3,17;60;15,3;jah
2024-06-25;3,14;60;15,6;jah
2024-06-26;3,04;59;16,7;jah
2024-06-27;2,95;58;17,5;jah
2024-06-28;2,89;58;18,3;jah
2024-06-29;2,85;58;18,7;jah
2024-06-30;2,84;58;18,1;jah
2024-07-01;2,84;58;18,4;jah
2024-07-02;3,09;62;17,6;jah
2024-07-03;3,29;65;16,9;jah
2024-07-04;3,33;67;16;jah
2024-07-05;3,65;71;15,3;jah
2024-07-06;3,68;72;14,8;jah
2024-07-07;3,53;71;15,7;jah
2024-07-08;4,06;78;15,9;jah
2024-07-09;3,96;77;15,9;jah
2024-07-10;3,62;73;16,3;jah
2024-07-11;3,35;69;16,8;jah
2024-07-12;3,23;68;17,1;jah
2024-07-13;3,27;70;17;jah
2024-07-14;3,25;70;17,3;jah
2024-07-15;3,21;70;17,3;jah
2024-07-16;3,11;69;17,4;jah
2024-07-17;3,04;68;17,6;jah
2024-07-18;3,22;72;17,7;jah
2024-07-19;3,46;75;17,2;jah
2024-07-20;3,27;73;16,9;jah
2024-07-21;3,18;72;16,6;jah
2024-07-22;3,15;73;17,1;jah
2024-07-23;3,09;72;17,5;jah
2024-07-24;2,99;71;17,6;jah
2024-07-25;2,91;70;17,6;jah
2024-07-26;2,86;71;17,6;jah
2024-07-27;3,28;81;16,8;jah
2024-07-28;3,24;83;16,6;jah
2024-07-29;5,14;119;16,2;jah
2024-07-30;8,69;159;16,3;jah
2024-07-31;9,78;169;16,7;jah
2024-08-01;8,7;159;16,8;jah
2024-08-02;7,87;151;17;jah
2024-08-03;7,43;145;17,1;jah
2024-08-04;6,15;129;16,8;jah
2024-08-05;5,08;116;16,4;jah
2024-08-06;4,91;112;16,1;jah
2024-08-07;6,38;132;16;jah
2024-08-08;6,87;132;16,4;jah
2024-08-09;5,74;119;16,7;jah
2024-08-10;4,98;108;16,7;jah
2024-08-11;4,87;107;16;jah
2024-08-12;5,16;109;15,2;jah
2024-08-13;5,16;107;15,2;jah
2024-08-14;5,04;104;15,2;jah
2024-08-15;4,59;97;15,6;jah
2024-08-16;4,1;89;15,6;jah
2024-08-17;3,78;83;15,8;jah
2024-08-18;3,55;79;15,6;jah
2024-08-19;3,47;77;15;jah
2024-08-20;3,52;77;14,5;jah
2024-08-21;3,47;75;14,2;jah
2024-08-22;3,48;74;14,6;jah
2024-08-23;3,68;77;14,6;jah
2024-08-24;3,83;78;14,9;jah
2024-08-25;3,66;74;15;jah
2024-08-26;3,48;71;15,6;jah
2024-08-27;3,37;69;15,1;jah
2024-08-28;3,27;67;14,4;jah
2024-08-29;3,23;66;14,1;jah
2024-08-30;3,19;65;14,4;jah
2024-08-31;3,19;66;14,7;jah
2024-09-01;3,32;67;14;jah
2024-09-02;3,34;67;13,6;jah
2024-09-03;3,24;65;13,8;jah
2024-09-04;3,17;64;14,2;jah
2024-09-05;3,11;63;14,3;jah
2024-09-06;3,06;62;13,7;jah
2024-09-07;3,04;62;13,2;jah
2024-09-08;3,01;61;12,8;jah
2024-09-09;2,99;61;12,5;jah
2024-09-10;2,98;60;12,5;jah
2024-09-11;3,01;61;12,4;jah
2024-09-12;3,07;61;12,6;jah
2024-09-13;3,33;65;13,2;jah
2024-09-14;3,37;65;13,7;jah
2024-09-15;3,27;63;13,8;jah
2024-09-16;3,17;62;13,8;jah
2024-09-17;3,09;61;13,3;jah
2024-09-18;3,04;60;13;jah
2024-09-19;3,03;60;12,4;jah
2024-09-20;3,04;60;11,7;jah
2024-09-21;3,05;60;11,4;jah
2024-09-22;3,05;59;10,7;jah
2024-09-23;3,03;59;9,8;jah
2024-09-24;3,03;59;9,8;jah
2024-09-25;3,05;59;10,2;jah
2024-09-26;3,03;59;11;jah
2024-09-27;3,25;62;11,7;jah
2024-09-28;3,74;68;11,7;jah
2024-09-29;3,92;70;11,1;jah
2024-09-30;3,69;66;9,5;jah
2024-10-01;3,41;63;8,3;jah
2024-10-02;3,31;61;8,1;jah
2024-10-03;3,3;61;8,3;jah
2024-10-04;3,56;65;8,7;jah
2024-10-05;3,73;66;8,3;jah
2024-10-06;3,58;64;7,8;jah
2024-10-07;3,44;62;7,6;jah
2024-10-08;3,37;61;8;jah
2024-10-09;3,33;61;8,1;jah
2024-10-10;3,41;62;8,4;jah
2024-10-11;3,52;63;9,2;jah
2024-10-12;3,52;63;8,8;jah
2024-10-13;3,42;61;7,9;jah
2024-10-14;3,34;60;7,8;jah
2024-10-15;3,32;60;7,8;jah
2024-10-16;3,3;59;7,5;jah
2024-10-17;3,25;59;6,5;jah
2024-10-18;3,17;58;5,6;jah
2024-10-19;3,13;57;4,9;jah
2024-10-20;3,09;56;4,5;jah
2024-10-21;3,07;56;4,7;jah
2024-10-22;3,1;56;6,3;jah
2024-10-23;3,28;58;7,5;jah
2024-10-24;3,32;59;8;jah
2024-10-25;3,22;57;8,2;jah
2024-10-26;3,25;58;7,7;jah
2024-10-27;3,38;59;7,8;jah
2024-10-28;3,5;60;7,8;jah
2024-10-29;3,4;59;7,3;jah
2024-10-30;3,31;58;6,7;jah
2024-10-31;3,27;57;6,1;jah
2024-11-01;3,65;61;6,7;jah
2024-11-02;4,36;69;6,4;jah
2024-11-03;4,58;72;5,3;jah
2024-11-04;4,75;73;4,5;jah
2024-11-05;4,84;74;4,3;jah
2024-11-06;4,94;75;5,4;jah
2024-11-07;4,78;73;6,3;jah
2024-11-08;4,5;70;6,7;jah
2024-11-09;4,23;67;6,9;jah
2024-11-10;4,04;64;6,9;jah
2024-11-11;3,89;63;6,5;jah
2024-11-12;3,8;61;5,9;jah
2024-11-13;3,71;60;5,6;jah
2024-11-14;3,68;60;5,3;jah
2024-11-15;3,79;61;4,9;jah
2024-11-16;3,79;61;5,5;jah
2024-11-17;3,81;61;6,1;jah
2024-11-18;3,92;62;5,6;jah
2024-11-19;4,01;63;5;jah
2024-11-20;4,15;64;4,4;jah
2024-11-21;4,55;68;3,7;jah
2024-11-22;4,74;70;3;jah
2024-11-23;4,58;68;2,3;jah
2024-11-24;4,19;64;1,7;jah
2024-11-25;4,12;63;2;jah
2024-11-26;4,24;64;2,9;jah
2024-11-27;4,42;66;3,9;jah
2024-11-28;4,76;69;4,5;jah
2024-11-29;4,8;70;4,3;jah
2024-11-30;4,61;68;4,2;jah
2024-12-01;4,38;65;4,3;jah
2024-12-02;4,17;63;4;jah
2024-12-03;4,02;62;4,1;jah
2024-12-04;3,91;61;3,1;jah
2024-12-05;3,7;58;2;jah
2024-12-06;3,63;58;1,7;jah
2024-12-07;3,57;57;2;jah
2024-12-08;3,5;56;2,3;jah
2024-12-09;3,42;56;2,3;jah
2024-12-10;3,31;54;2,2;jah
2024-12-11;3,32;55;2,3;jah
2024-12-12;3,25;54;1,6;jah
2024-12-13;3,1;52;0,7;jah
2024-12-14;2,93;51;1,1;jah
2024-12-15;2,97;55;1,8;jah
2024-12-16;3,01;56;1,9;jah
2024-12-17;3,06;56;1,9;jah
2024-12-18;3,11;56;1,4;jah
2024-12-19;3,16;55;1,6;jah
2024-12-20;3,96;62;3;jah
2024-12-21;5,38;77;2,6;jah
2024-12-22;6,07;84;2,2;jah
2024-12-23;6,1;84;2,3;jah
2024-12-24;5,91;82;2,4;jah
2024-12-25;5,66;80;2,6;jah
2024-12-26;5,51;78;3,4;jah
2024-12-27;5,38;77;4,1;jah
2024-12-28;5,26;76;4,3;jah
2024-12-29;5,16;75;4,3;jah
2024-12-30;5,14;75;4;jah
2024-12-31;5,24;76;3;jah
2025-01-01;5,26;76;2,1;jah
2025-01-02;6,13;86;2,1;jah
2025-01-03;7,49;102;1;jah
2025-01-04;7,63;103;0,3;jah
2025-01-05;7,28;99;0,2;jah
2025-01-06;6,35;88;0,2;jah
2025-01-07;5,8;81;0,6;jah
2025-01-08;5,7;80;1,5;jah
2025-01-09;5,97;82;1,8;jah
2025-01-10;5,95;82;1,8;jah
2025-01-11;5,93;85;1,9;jah
2025-01-12;5,89;89;1,5;jah
2025-01-13;5,84;87;0,9;jah
2025-01-14;5,85;81;1,2;jah
2025-01-15;6,91;92;2,1;jah
2025-01-16;8,4;108;2;jah
2025-01-17;9,81;122;2,3;jah
2025-01-18;10,6;130;2,1;jah
2025-01-19;10,6;129;1,5;jah
2025-01-20;10,2;125;1,8;jah
2025-01-21;9,37;118;1,6;jah
2025-01-22;8,19;107;1,3;jah
2025-01-23;7,19;97;1,7;jah
2025-01-24;6,54;90;2,2;jah
2025-01-25;6,23;87;2,5;jah
2025-01-26;6,05;86;3,1;jah
2025-01-27;6,25;89;3,6;jah
2025-01-28;6,63;95;3,8;jah
2025-01-29;6,84;98;4,1;jah
2025-01-30;6,76;98;4,5;jah
2025-01-31;6,55;96;4,6;jah
2025-02-01;7,33;107;4,3;jah
2025-02-02;8,81;124;3,1;jah
2025-02-03;8,97;126;1,9;jah
2025-02-04;8,63;124;1,1;jah
2025-02-05;7,43;112;0,7;jah
2025-02-06;6,23;98;1;jah
2025-02-07;5,68;92;1,2;jah
2025-02-08;5,11;86;1,2;jah
2025-02-09;4,57;79;0,3;jah
2025-02-10;4,07;71;0,1;jah
2025-02-11;3,82;70;0,2;jah
2025-02-12;3,73;70;0,2;jah
2025-02-13;3,49;67;0,2;jah
2025-02-14;3,41;67;0,5;jah
2025-02-15;3,36;67;0,5;jah
2025-02-16;3,24;67;0,1;jah
2025-02-17;3,13;73;0,1;jah
2025-02-18;3,05;69;0,1;jah
2025-02-19;3,05;64;0,2;jah
2025-02-20;3,07;67;0,1;jah
2025-02-21;3,08;60;0,2;jah
2025-02-22;3,09;62;0,3;jah
2025-02-23;3,14;60;0,4;jah
2025-02-24;3,16;60;0,9;jah
2025-02-25;3,14;59;0,8;jah
2025-02-26;3,16;58;1,1;jah
2025-02-27;3,27;59;2,1;jah
2025-02-28;3,38;59;2,8;jah
2025-03-01;3,48;60;2,9;jah
2025-03-02;3,56;60;2,9;jah
2025-03-03;3,73;61;3;jah
2025-03-04;4,17;66;3,1;jah
2025-03-05;5,07;77;2,8;jah
2025-03-06;6,4;92;3,3;jah
2025-03-07;7,44;103;3,5;jah
2025-03-08;7,52;102;3,3;jah
2025-03-09;7,29;99;3;jah
2025-03-10;6,71;91;2,9;jah
2025-03-11;6,12;84;2,9;jah
2025-03-12;5,72;80;3,2;jah
2025-03-13;5,45;77;3,5;jah
2025-03-14;5,33;79;3;jah
2025-03-15;5,2;79;2,3;jah
2025-03-16;5,08;77;2,1;jah
2025-03-17;4,95;74;1,6;jah
2025-03-18;4,9;71;2,1;jah
2025-03-19;5,18;75;3,1;jah
2025-03-20;5,73;81;3,8;jah
2025-03-21;6,14;86;3,8;jah
2025-03-22;5,88;83;3,6;jah
2025-03-23;5,43;78;3,3;jah
2025-03-24;5,2;75;3;jah
2025-03-25;5,37;77;3,7;jah
2025-03-26;5,54;79;4,8;jah
2025-03-27;5,48;79;5,3;jah
2025-03-28;5,28;76;5,3;jah
2025-03-29;5,06;74;6;jah
2025-03-30;4,88;72;6,6;jah
2025-03-31;4,69;70;7;jah
2025-04-01;4,54;68;7,5;jah
2025-04-02;4,33;65;7,8;jah
2025-04-03;4,14;63;8,1;jah
2025-04-04;4,01;62;8;jah
2025-04-05;3,93;61;7,3;jah
2025-04-06;3,79;59;5,3;jah
2025-04-07;3,66;58;4,6;jah
2025-04-08;3,61;57;4,7;jah
2025-04-09;3,63;57;4;jah
2025-04-10;3,81;59;3,1;jah
2025-04-11;3,92;60;3,2;jah
2025-04-12;4,09;62;3,3;jah
2025-04-13;4,1;62;4,5;jah
2025-04-14;4,13;62;6,4;jah
2025-04-15;4,15;62;8,5;jah
2025-04-16;4,02;60;9,7;jah
2025-04-17;4,07;60;10;jah
2025-04-18;4,14;61;10,9;jah
2025-04-19;4,14;61;12,4;jah
2025-04-20;3,99;59;13,2;jah
2025-04-21;4,21;61;13;jah
2025-04-22;4,75;67;12,2;jah
2025-04-23;5,23;72;12,1;jah
2025-04-24;5,43;74;11,6;jah
2025-04-25;4,93;68;10,1;jah
2025-04-26;4,6;64;8,2;jah
2025-04-27;4,33;61;7,5;jah
2025-04-28;4,13;59;7,4;jah
2025-04-29;4,14;59;8;jah
2025-04-30;4,41;61;8,4;jah
2025-05-01;5,11;69;8,6;jah
2025-05-02;5,59;74;8,9;jah
2025-05-03;5,71;75;10;jah
2025-05-04;5,36;71;10,1;jah
2025-05-05;5,48;72;9,2;jah
2025-05-06;5,67;74;8,7;jah
2025-05-07;5,71;75;8,6;jah
2025-05-08;5,7;75;7,9;jah
2025-05-09;5,46;72;8,1;jah
2025-05-10;5,15;69;9;jah
2025-05-11;4,82;66;9,6;jah
2025-05-12;4,57;63;9,9;jah
2025-05-13;4,35;61;10,5;jah
2025-05-14;4,29;61;10;jah
2025-05-15;5,06;69;9;jah
2025-05-16;6,52;86;8,4;jah
2025-05-17;7,15;94;8,8;jah
2025-05-18;7,04;93;10;jah
2025-05-19;6,64;88;11,2;jah
2025-05-20;6,06;82;12,2;jah
2025-05-21;5,48;75;12,9;jah
2025-05-22;4,95;69;13,3;jah
2025-05-23;4,77;68;13,2;jah
2025-05-24;4,88;69;12;jah
2025-05-25;5,37;75;11,5;jah
2025-05-26;6,17;85;11,6;jah
2025-05-27;7,03;95;12,4;jah
2025-05-28;7,29;98;13,4;jah
2025-05-29;7,02;95;14,5;jah
2025-05-30;8,35;110;14,7;jah
2025-05-31;10,5;132;14,7;jah
2025-06-01;11;137;15,2;jah
2025-06-02;12,2;148;15;jah
2025-06-03;11,5;141;14,7;jah
2025-06-04;8,58;112;15;jah
2025-06-05;6,5;89;14,6;jah
2025-06-06;6,18;85;14,6;jah
2025-06-07;6,58;89;15,5;jah
2025-06-08;7,5;99;16;jah
2025-06-09;8,81;113;15,7;jah
2025-06-10;10,3;127;14,9;jah
2025-06-11;11,2;135;14,7;jah
2025-06-12;13,6;155;14,5;jah
2025-06-13;16,3;177;14,9;jah
2025-06-14;17,4;184;16,2;jah
2025-06-15;17;182;16,7;jah
2025-06-16;14,5;162;17;jah
2025-06-17;10,3;126;16,4;jah
2025-06-18;8,38;107;15,2;jah
2025-06-19;7,75;101;15,1;jah
2025-06-20;7,28;96;14,5;jah
2025-06-21;7,25;96;13,7;jah
2025-06-22;7,35;97;13,2;jah
2025-06-23;7,28;97;13,4;jah
2025-06-24;7,66;101;13,8;jah
2025-06-25;8,56;111;13,7;jah
2025-06-26;9,34;120;14;jah
2025-06-27;9,59;122;14,6;jah
2025-06-28;9,78;124;14,6;jah
2025-06-29;8,87;115;14,6;jah
2025-06-30;7,6;101;14,4;jah
2025-07-01;6,78;91;14,8;jah
2025-07-02;6,09;83;15,9;jah
2025-07-03;5,61;77;17,2;jah
2025-07-04;5,42;75;17,2;jah
2025-07-05;5,03;70;16;jah
2025-07-06;4,85;68;15,1;jah
2025-07-07;4,77;67;15,1;jah
2025-07-08;4,77;67;15,5;jah
2025-07-09;4,84;67;15,2;jah
2025-07-10;5,36;73;14,4;jah
2025-07-11;6,2;82;15,1;jah
2025-07-12;8,14;103;16,7;jah
2025-07-13;12,2;143;17,5;jah
2025-07-14;13;149;17,7;jah
2025-07-15;12,2;142;18;jah
2025-07-16;11,3;134;18,4;jah
2025-07-17;9,17;113;18,8;jah
2025-07-18;7,27;93;18,7;jah
2025-07-19;6,27;82;18,1;jah
2025-07-20;5,74;75;17,8;jah
2025-07-21;5,51;73;17,7;jah
2025-07-22;5,28;70;17,7;jah
2025-07-23;5,09;68;17,5;jah
2025-07-24;5,07;67;17,9;jah
2025-07-25;5,53;72;18;jah
2025-07-26;5,61;73;18,3;jah
2025-07-27;5,1;67;18,3;jah
2025-07-28;4,93;65;18;jah
2025-07-29;4,75;63;17,9;jah
2025-07-30;4,59;62;18,1;jah
2025-07-31;4,58;62;18,3;jah
2025-08-01;5,37;71;17,4;jah
2025-08-02;5,12;68;17;jah
2025-08-03;4,69;64;17,1;jah
2025-08-04;4,4;61;17,3;jah
2025-08-05;4,47;62;17,3;jah
2025-08-06;4,43;61;16,9;jah
2025-08-07;4,26;60;15,8;jah
2025-08-08;4,39;61;14,8;jah
2025-08-09;4,9;67;14,6;jah
2025-08-10;4,79;66;14,9;jah
2025-08-11;4,45;62;15,1;jah
2025-08-12;4,18;59;15;jah
2025-08-13;4,09;59;14,8;jah
2025-08-14;3,94;57;14,3;jah
2025-08-15;3,79;56;14,4;jah
2025-08-16;3,77;56;14,9;jah
2025-08-17;3,86;57;14,4;jah
2025-08-18;3,99;58;13,6;jah
2025-08-19;3,92;58;13,7;jah
2025-08-20;3,95;58;14,1;jah
2025-08-21;3,94;58;13,2;jah
2025-08-22;3,82;57;12,5;jah
2025-08-23;3,88;58;12,3;jah
2025-08-24;3,96;59;12;jah
2025-08-25;4,01;59;12;jah
2025-08-26;4,15;61;11,9;jah
2025-08-27;4,08;60;11,7;jah
2025-08-28;3,88;58;11,9;jah
2025-08-29;3,76;57;12,1;jah
2025-08-30;3,94;59;12,7;jah
2025-08-31;4,01;60;12,9;jah
2025-09-01;3,88;59;12,9;jah
2025-09-02;3,84;58;13;jah
2025-09-03;3,73;57;12,9;jah
2025-09-04;3,82;58;13,5;jah
2025-09-05;4,13;62;14;jah
2025-09-06;4,17;62;14,6;jah
2025-09-07;3,87;59;15,1;jah
2025-09-08;3,68;57;14,7;jah
2025-09-09;3,55;55;14,1;jah
2025-09-10;3,47;55;13,7;jah
2025-09-11;3,43;54;13,7;jah
2025-09-12;3,35;53;13,3;jah
2025-09-13;3,33;53;13,2;jah
2025-09-14;3,32;53;13,1;jah
2025-09-15;3,31;53;12,9;jah
2025-09-16;3,42;54;12,4;jah
2025-09-17;3,63;57;12,3;jah
2025-09-18;3,59;57;12,2;jah
2025-09-19;3,52;56;12,2;jah
2025-09-20;3,61;57;11,8;jah
2025-09-21;3,57;57;12,2;jah
2025-09-22;3,44;55;12,5;jah
2025-09-23;3,33;54;11,8;jah
2025-09-24;3,23;53;10,3;jah
2025-09-25;3,17;52;8,7;jah
2025-09-26;3,15;52;8,7;jah
2025-09-27;3,27;53;9;jah
2025-09-28;3,13;52;9,2;jah
2025-09-29;3,06;51;7,9;jah
2025-09-30;3,22;53;7,1;jah
2025-10-01;3,21;53;6,4;jah
2025-10-02;3,15;52;6;jah
2025-10-03;3,13;52;5,9;jah
2025-10-04;3,21;53;6,2;jah
2025-10-05;3,51;56;7;jah
2025-10-06;3,31;54;7,8;jah
2025-10-07;3,24;53;8,3;jah
2025-10-08;3,21;52;8;jah
2025-10-09;3,17;52;7,4;jah
2025-10-10;3,22;52;7,7;jah
2025-10-11;3,22;53;7,8;jah
2025-10-12;3,4;55;7,3;jah
2025-10-13;3,98;61;6,6;jah
2025-10-14;4,07;62;6,6;jah
2025-10-15;3,89;60;6,9;jah
2025-10-16;3,71;58;7,5;jah
2025-10-17;3,63;57;7,3;jah
2025-10-18;3,57;56;6;jah
2025-10-19;3,47;55;4,6;jah
2025-10-20;3,41;54;3,9;jah
2025-10-21;3,39;54;4;jah
2025-10-22;3,37;54;4,1;jah
2025-10-23;3,38;54;4,7;jah
2025-10-24;3,42;54;5,8;jah
2025-10-25;3,5;55;7,3;jah
2025-10-26;3,63;56;8;jah
2025-10-27;3,95;60;7,7;jah
2025-10-28;4,06;61;7,2;jah
2025-10-29;4,04;60;7;jah
2025-10-30;4,02;60;6,8;jah
2025-10-31;4,2;62;7,1;jah
2025-11-01;4,38;64;7,4;jah
2025-11-02;4,3;62;7,2;jah
2025-11-03;4,5;64;7,3;jah
2025-11-04;4,84;68;7,4;jah
2025-11-05;4,94;69;7,8;jah
2025-11-06;4,97;69;8,2;jah
2025-11-07;5,27;72;8,4;jah
2025-11-08;4,91;68;7,7;jah
2025-11-09;4,74;66;7,2;jah
2025-11-10;4,59;64;7,1;jah
2025-11-11;4,5;63;7;jah
2025-11-12;4,41;61;6,5;jah
2025-11-13;4,31;60;6,4;jah
2025-11-14;4,35;60;6,3;jah
2025-11-15;4,33;60;4,8;jah
2025-11-16;4,26;59;3,5;jah
2025-11-17;4,23;59;3,1;jah
2025-11-18;4,19;58;3;jah
2025-11-19;4,13;57;2,7;jah
2025-11-20;4,2;58;3,1;jah
2025-11-21;4,27;59;3,3;jah
2025-11-22;4,22;59;3,1;jah
2025-11-23;4,09;57;2,3;jah
2025-11-24;4,02;56;2,2;jah
2025-11-25;3,99;56;2,2;jah
2025-11-26;3,89;55;2,4;jah
2025-11-27;3,83;55;2,2;jah
2025-11-28;3,81;54;2,1;jah
2025-11-29;3,88;55;2,6;jah
2025-11-30;3,85;55;3;jah
2025-12-01;3,86;55;3,4;jah
2025-12-02;4;57;3,7;jah
2025-12-03;4,23;59;3,6;jah
2025-12-04;4,27;60;3,6;jah
2025-12-05;4,31;60;4,1;jah
2025-12-06;4,35;60;4,6;jah
2025-12-07;4,53;62;4,5;jah
2025-12-08;4,84;66;3,8;jah
2025-12-09;5,12;69;3,8;jah
2025-12-10;5,26;71;4,3;jah
2025-12-11;5,41;72;5,1;jah
2025-12-12;5,58;74;4,9;jah
2025-12-13;5,36;72;2,9;jah
2025-12-14;4,89;67;1,6;jah
2025-12-15;4,68;64;1,9;jah
2025-12-16;4,88;67;3,1;jah
2025-12-17;5,08;69;3,7;jah
2025-12-18;5,24;71;3,8;jah
2025-12-19;5,04;69;3,9;jah
2025-12-20;4,89;67;4,1;jah
2025-12-21;4,85;66;4,4;jah
2025-12-22;4,78;66;4,2;jah
2025-12-23;4,59;66;2,6;jah
2025-12-24;4,39;63;1,5;jah
2025-12-25;4,42;61;1,9;jah
2025-12-26;4,66;63;2,3;jah
2025-12-27;4,53;62;2,5;jah
2025-12-28;4,69;63;2,4;jah
2025-12-29;4,63;63;1,8;jah
2025-12-30;4,6;61;1,2;jah
2025-12-31;4,6;59;0,5;jah
2026-01-01;4,81;67;0,1;ei
2026-01-02;4,79;69;0,2;ei
2026-01-03;4,78;67;0,2;ei
2026-01-04;4,76;64;0,2;ei
2026-01-05;4,74;60;0,2;ei
2026-01-06;4,73;59;0,1;ei
2026-01-07;4,71;56;0,2;ei
2026-01-08;4,69;61;0,1;ei
2026-01-09;4,68;64;0,1;ei
2026-01-10;4,66;59;0,1;ei
2026-01-11;4,64;60;0,1;ei
2026-01-12;4,63;62;0,2;ei
2026-01-13;4,61;60;0,2;ei
2026-01-14;4,58;58;0,1;ei
2026-01-15;4,46;54;0,1;ei
2026-01-16;4,35;54;0,1;ei
2026-01-17;4,23;57;0,1;ei
2026-01-18;4,11;58;0,2;ei
2026-01-19;4;58;0,1;ei
2026-01-20;3,89;58;0,1;ei
2026-01-21;3,79;57;0,2;ei
2026-01-22;3,69;58;0,2;ei
2026-01-23;3,6;59;0,2;ei
2026-01-24;3,5;58;0,2;ei
2026-01-25;3,42;53;0,1;ei
2026-01-26;3,36;52;0,2;ei
2026-01-27;3,3;60;0,1;ei
2026-01-28;3,24;59;0,1;ei
2026-01-29;3,18;59;0,1;ei
2026-01-30;3,12;57;0,1;ei
2026-01-31;3,06;56;0,1;ei
2026-02-01;3;58;0,1;ei
2026-02-02;2,96;58;0,1;ei
2026-02-03;2,94;59;0,1;ei
2026-02-04;2,92;59;0,1;ei
2026-02-05;2,93;59;0,1;ei
2026-02-06;2,94;60;0,1;ei
2026-02-07;2,96;62;0,1;ei
2026-02-08;2,97;61;0,1;ei
2026-02-09;2,98;60;0,1;ei
2026-02-10;3;58;0,1;ei
2026-02-11;3,01;58;0,1;ei
2026-02-12;3,02;58;0,2;ei
2026-02-13;3,03;59;0,1;ei
2026-02-14;3,05;63;0,1;ei
2026-02-15;3,06;60;0,2;ei
2026-02-16;3,07;58;0,2;ei
2026-02-17;3,08;61;0,1;ei
2026-02-18;3,09;57;0,2;ei
2026-02-19;3,14;57;0,2;ei
2026-02-20;3,22;61;0,2;ei
2026-02-21;3,3;60;0,2;ei
2026-02-22;3,38;61;0,2;ei
2026-02-23;3,46;60;0,2;ei
2026-02-24;3,54;59;0,2;ei
2026-02-25;3,62;57;0,2;ei
2026-02-26;3,68;53;0,2;ei
2026-02-27;3,69;52;0,3;ei
2026-02-28;3,64;51;0,6;ei
2026-03-01;3,71;50;2,9;ei
2026-03-02;4,28;55;3,3;ei
2026-03-03;5,48;66;2,7;ei
2026-03-04;6,87;78;2,4;ei
2026-03-05;8,34;92;2,2;ei
2026-03-06;9,47;103;1,5;ei
2026-03-07;9,67;105;1,3;ei
2026-03-08;8,91;98;1,2;ei
2026-03-09;7,83;88;1,6;ei
2026-03-10;7,67;87;2,2;ei
2026-03-11;8,18;93;2,3;ei
2026-03-12;8,96;102;2,6;ei
2026-03-13;10,1;114;2,7;ei
2026-03-14;10,7;120;2,6;ei
2026-03-15;10,7;121;2,7;ei
2026-03-16;10,3;118;3,2;ei
2026-03-17;9,51;111;3,3;ei
2026-03-18;8,61;103;3,2;ei
2026-03-19;7,66;94;3,2;ei
2026-03-20;7,39;91;4,1;ei
2026-03-21;7,28;91;4,1;ei
2026-03-22;6,96;88;4,1;ei
2026-03-23;6,5;84;4,1;ei
2026-03-24;6,09;79;4,6;ei
2026-03-25;5,86;76;5,5;ei
2026-03-26;5,76;75;6;ei
2026-03-27;5,57;72;6,2;ei
2026-03-28;5,33;69;6,1;ei
2026-03-29;5,17;67;5,9;ei
2026-03-30;5,02;65;6,1;ei
2026-03-31;4,93;63;6,9;ei
2026-04-01;4,82;62;7,3;ei
2026-04-02;4,68;60;7;ei
2026-04-03;4,58;58;6,4;ei
2026-04-04;4,52;58;6,1;ei
2026-04-05;4,71;59;6;ei
2026-04-06;4,8;60;6,1;ei
2026-04-07;4,88;61;6,3;ei
2026-04-08;5,06;63;6;ei
2026-04-09;5,13;63;5,5;ei
2026-04-10;5,03;62;5,6;ei
2026-04-11;4,78;59;6,1;ei
2026-04-12;4,67;58;6,6;ei
2026-04-13;4,5;56;6,9;ei
2026-04-14;4,45;55;7,3;ei
2026-04-15;4,47;55;7,8;ei
2026-04-16;4,43;55;8,7;ei
2026-04-17;4,55;56;9,1;ei
2026-04-18;4,47;55;8,9;ei
2026-04-19;4,23;53;8,3;ei
2026-04-20;4,14;52;7,4;ei
2026-04-21;4,06;51;7,6;ei
2026-04-22;3,96;50;8,1;ei
2026-04-23;3,9;50;8;ei
2026-04-24;3,81;49;7,9;ei
2026-04-25;3,81;49;7,8;ei
2026-04-26;4,1;52;6,6;ei
2026-04-27;4,24;54;5,8;ei
2026-04-28;4,11;53;6,2;ei
2026-04-29;3,98;51;6,2;ei
2026-04-30;3,83;50;5,8;ei
2026-05-01;3,77;49;7,1;ei
2026-05-02;3,76;49;9,4;ei
2026-05-03;3,71;49;11,1;ei
2026-05-04;3,79;50;12,1;ei
2026-05-05;4,08;53;12,7;ei
2026-05-06;3,83;50;12,5;ei
2026-05-07;3,7;49;11;ei
2026-05-08;3,7;49;9,7;ei
2026-05-09;3,61;48;10,1;ei
2026-05-10;3,51;47;10,3;ei
2026-05-11;3,48;46;10,6;ei
2026-05-12;3,45;46;11,7;ei
2026-05-13;3,58;47;12,5;ei
2026-05-14;3,68;48;12,6;ei
2026-05-15;3,74;49;11,8;ei
2026-05-16;3,76;49;12;ei
2026-05-17;3,65;47;13,4;ei
2026-05-18;3,56;46;13,7;ei
2026-05-19;3,54;46;14,4;ei
2026-05-20;3,67;47;15;ei
2026-05-21;3,69;47;14,8;ei
2026-05-22;3,66;47;14,2;ei
2026-05-23;3,85;49;14,4;ei
2026-05-24;3,68;47;14,9;ei
2026-05-25;3,58;46;14,6;ei
2026-05-26;3,48;44;13,9;ei
2026-05-27;3,44;44;13,4;ei
2026-05-28;3,56;45;11,9;ei
2026-05-29;3,55;46;10,8;ei
2026-05-30;3,52;45;10,3;ei
2026-05-31;3,45;45;11;ei
2026-06-01;3,37;44;12,3;ei
2026-06-02;3,27;43;13,9;ei
2026-06-03;3,22;43;14,5;ei
2026-06-04;3,19;43;15,2;ei
2026-06-05;3,16;43;15,8;ei
2026-06-06;3,41;46;15,5;ei
2026-06-07;3,49;47;14,9;ei
2026-06-08;3,29;45;15,6;ei
2026-06-09;3,16;44;15,8;ei
2026-06-10;3,1;43;14,7;ei
2026-06-11;3,11;43;14,3;ei
2026-06-12;3,41;47;13,9;ei
2026-06-13;3,97;54;12,9;ei
2026-06-14;4,56;60;12,2;ei
2026-06-15;4,48;60;12,9;ei
2026-06-16;4,15;56;13,2;ei
2026-06-17;4,07;56;13,4;ei
2026-06-18;4,63;62;14,1;ei
2026-06-19;4,82;64;15,4;ei
2026-06-20;4,57;61;16,4;ei
2026-06-21;4,04;55;16,9;ei
2026-06-22;3,79;52;;ei
2026-06-23;3,59;50;;ei
2026-06-24;3,43;48;;ei
2026-06-25;3,48;48;;ei
2026-06-26;3,41;47;16,2;ei
2026-06-27;3,26;46;16,2;ei
2026-06-28;3,14;44;16,6;ei
2026-06-29;3,07;43;17,9;ei
2026-06-30;2,95;42;18,6;ei
2026-07-01;4,46;59;18,6;ei
2026-07-02;4,23;56;18;ei
2026-07-03;4,32;57;16,3;ei
2026-07-04;4,43;58;15,4;ei
2026-07-05;4,54;59;15,5;ei
2026-07-06;4,66;60;15,8;ei
2026-07-07;4,59;59;15,2;ei
2026-07-08;4,67;60;14,5;ei
2026-07-09;5,51;69;13,6;ei
2026-07-10;6,4;79;14,4;ei
2026-07-11;7,1;87;15,9;ei
2026-07-12;6,47;80;17,2;ei
2026-07-13;5,58;70;18,4;ei
2026-07-14;5,08;64;19,2;ei
2026-07-15;4,81;61;18,6;ei
2026-07-16;4,36;56;18;ei
2026-07-17;4,15;54;17,1;ei
2026-07-18;3,92;52;17,1;ei
2026-07-19;3,73;51;17,2;ei
2026-07-20;3,7;51;17;ei
2026-07-21;5,01;66;16,6;ei
2026-07-22;5,54;73;16;ei
2026-07-23;5,02;68;15,4;ei
2026-07-24;4,57;63;15,4;ei
2026-07-25;4,1;58;15,7;ei
2026-07-26;3,71;54;16,1;ei
2026-07-27;3,47;52;16,3;ei
2026-07-28;3,31;50;16,3;ei
2026-07-29;3,21;50;15,9;ei
2026-07-30;3,12;49;15,7;ei
2026-07-31;3,02;48;16,4;ei
2026-08-01;2,95;47;17,1;ei
2026-08-02;3,19;50;16,9;ei
2026-08-03;3,32;52;16;ei
2026-08-04;3,2;50;15,6;ei
2026-08-05;3,04;49;15,7;ei
2026-08-06;2,95;47;16,6;ei
2026-08-07;2,89;47;16,7;ei
2026-08-08;2,83;46;16;ei
2026-08-09;2,81;46;15,2;ei
2026-08-10;2,8;46;15,3;ei
2026-08-11;2,85;46;15,5;ei
2026-08-12;2,95;48;14,7;ei
2026-08-13;2,93;48;14,1;ei
2026-08-14;2,84;47;14,1;ei
2026-08-15;2,8;46;14,5;ei
2026-08-16;2,78;46;14,6;ei
2026-08-17;2,75;46;14,4;ei
2026-08-18;2,74;45;13,6;ei
2026-08-19;2,82;47;13,5;ei
2026-08-20;2,82;47;12,9;ei
2026-08-21;2,87;48;13,1;ei
2026-08-22;2,92;48;13;ei
2026-08-23;3,17;52;13;ei
2026-08-24;3,69;59;13,1;ei
2026-08-25;4,05;64;13,2;ei
2026-08-26;4,25;66;13;ei
2026-08-27;3,88;62;13;ei
2026-08-28;3,53;57;13,2;ei
2026-08-29;3,34;54;13,2;ei
2026-08-30;3,25;53;13,6;ei
2026-08-31;3,2;53;14;ei
2026-09-01;3,21;53;14,2;ei
2026-09-02;4,96;76;14,4;ei
2026-09-03;6,81;100;14,2;ei
2026-09-04;7,09;103;14,2;ei
2026-09-05;8,13;115;14;ei
2026-09-06;9,52;129;13,7;ei
2026-09-07;9,96;133;13,3;ei
2026-09-08;10,7;140;13,3;ei
2026-09-09;10,6;140;14,2;ei
2026-09-10;8,74;121;14,4;ei
2026-09-11;6,17;92;13,4;ei
2026-09-12;5,29;80;12,4;ei
2026-09-13;4,85;75;12,3;ei
2026-09-14;4,51;70;12,4;ei
2026-09-15;4,25;67;11,9;ei
2026-09-16;4,08;64;12;ei
