kuupäev;vooluhulk_m3s;veetase_cm;veetemp_c;valideeritud
1922-01-01;26,9;39;;jah
1922-01-02;26,9;39;;jah
1922-01-03;26,9;39;;jah
1922-01-04;26,5;39;;jah
1922-01-05;26,2;39;;jah
1922-01-06;26,2;39;;jah
1922-01-07;26;39;;jah
1922-01-08;26;39;;jah
1922-01-09;26;39;;jah
1922-01-10;26;39;;jah
1922-01-11;26;39;;jah
1922-01-12;25,9;39;;jah
1922-01-13;25,9;39;;jah
1922-01-14;25,8;39;;jah
1922-01-15;25,8;40;;jah
1922-01-16;25,6;40;;jah
1922-01-17;25,5;40;;jah
1922-01-18;25,8;40;;jah
1922-01-19;26;40;;jah
1922-01-20;25,9;40;;jah
1922-01-21;25,8;40;;jah
1922-01-22;25,6;40;;jah
1922-01-23;25,6;40;;jah
1922-01-24;25,6;40;;jah
1922-01-25;25,4;40;;jah
1922-01-26;25,3;40;;jah
1922-01-27;25,4;40;;jah
1922-01-28;25,4;40;;jah
1922-01-29;25,6;40;;jah
1922-01-30;25,7;40;;jah
1922-01-31;25,9;40;;jah
1922-02-01;25,8;40;;jah
1922-02-02;25,8;40;;jah
1922-02-03;25,9;40;;jah
1922-02-04;25,9;41;;jah
1922-02-05;26;41;;jah
1922-02-06;26;41;;jah
1922-02-07;26,2;41;;jah
1922-02-08;26,3;41;;jah
1922-02-09;26,3;41;;jah
1922-02-10;26,3;41;;jah
1922-02-11;26,7;42;;jah
1922-02-12;26,9;42;;jah
1922-02-13;27,1;42;;jah
1922-02-14;27,3;42;;jah
1922-02-15;27,5;42;;jah
1922-02-16;27,8;43;;jah
1922-02-17;28,1;43;;jah
1922-02-18;28,3;43;;jah
1922-02-19;28,8;43;;jah
1922-02-20;29,2;44;;jah
1922-02-21;29,2;44;;jah
1922-02-22;29,8;45;;jah
1922-02-23;30,2;45;;jah
1922-02-24;30,5;46;;jah
1922-02-25;30,5;46;;jah
1922-02-26;31,3;46;;jah
1922-02-27;31,7;47;;jah
1922-02-28;32,2;48;;jah
1922-03-01;33;50;;jah
1922-03-02;33,5;52;;jah
1922-03-03;34,1;53;;jah
1922-03-04;34,8;56;;jah
1922-03-05;35,5;58;;jah
1922-03-06;36,3;60;;jah
1922-03-07;37,5;64;;jah
1922-03-08;38,6;69;;jah
1922-03-09;39,8;74;;jah
1922-03-10;41;79;;jah
1922-03-11;42,4;83;;jah
1922-03-12;44,2;88;;jah
1922-03-13;46,3;99;;jah
1922-03-14;48,4;101;;jah
1922-03-15;51;103;;jah
1922-03-16;52,9;103;;jah
1922-03-17;53,2;103;;jah
1922-03-18;52,5;101;;jah
1922-03-19;51,4;95;;jah
1922-03-20;50,4;93;;jah
1922-03-21;48;90;;jah
1922-03-22;46,5;87;;jah
1922-03-23;45,4;83;;jah
1922-03-24;43,8;79;;jah
1922-03-25;42;76;;jah
1922-03-26;41,2;74;;jah
1922-03-27;39,8;71;;jah
1922-03-28;38,8;69;;jah
1922-03-29;37,8;67;;jah
1922-03-30;36,4;65;;jah
1922-03-31;35,8;64;;jah
1922-04-01;34,9;63;;jah
1922-04-02;34,4;62;;jah
1922-04-03;34,2;62;;jah
1922-04-04;34,4;63;;jah
1922-04-05;34,8;63;;jah
1922-04-06;35,9;63;;jah
1922-04-07;37,7;60;;jah
1922-04-08;40,8;56;;jah
1922-04-09;40,8;56;;jah
1922-04-10;40,8;56;;jah
1922-04-11;40,8;56;;jah
1922-04-12;42;55;;jah
1922-04-13;42;55;;jah
1922-04-14;44,2;60;;jah
1922-04-15;48,1;68;;jah
1922-04-16;85,7;136;;jah
1922-04-17;159;217;;jah
1922-04-18;207;255;;jah
1922-04-19;211;257;;jah
1922-04-20;218;262;;jah
1922-04-21;227;268;;jah
1922-04-22;252;280;;jah
1922-04-23;260;294;;jah
1922-04-24;268;301;;jah
1922-04-25;276;310;;jah
1922-04-26;288;318;;jah
1922-04-27;301;324;;jah
1922-04-28;302;326;;jah
1922-04-29;331;329;;jah
1922-04-30;311;334;;jah
1922-05-01;340;339;;jah
1922-05-02;329;336;;jah
1922-05-03;322;337;;jah
1922-05-04;315;337;;jah
1922-05-05;309;337;;jah
1922-05-06;303;335;;jah
1922-05-07;296;330;;jah
1922-05-08;290;327;;jah
1922-05-09;292;325;;jah
1922-05-10;294;320;;jah
1922-05-11;275;315;;jah
1922-05-12;252;315;;jah
1922-05-13;224;303;;jah
1922-05-14;211;292;;jah
1922-05-15;224;286;;jah
1922-05-16;211;281;;jah
1922-05-17;198;273;;jah
1922-05-18;189;265;;jah
1922-05-19;155;258;;jah
1922-05-20;159;251;;jah
1922-05-21;153;244;;jah
1922-05-22;173;238;;jah
1922-05-23;126;233;;jah
1922-05-24;119;228;;jah
1922-05-25;112;223;;jah
1922-05-26;118;215;;jah
1922-05-27;114;214;;jah
1922-05-28;98,5;206;;jah
1922-05-29;94,4;203;;jah
1922-05-30;89,6;199;;jah
1922-05-31;81;191;;jah
1922-06-01;80,4;189;;jah
1922-06-02;79,8;188;;jah
1922-06-03;79,8;188;;jah
1922-06-04;79,2;186;;jah
1922-06-05;79,8;187;;jah
1922-06-06;74;185;;jah
1922-06-07;72;184;;jah
1922-06-08;71,5;184;;jah
1922-06-09;68,7;183;;jah
1922-06-10;68,7;183;;jah
1922-06-11;66,7;182;;jah
1922-06-12;68,7;183;;jah
1922-06-13;68,7;183;;jah
1922-06-14;68,7;183;;jah
1922-06-15;68,7;183;;jah
1922-06-16;68,7;183;;jah
1922-06-17;68,7;183;;jah
1922-06-18;62,7;180;;jah
1922-06-19;62,7;180;;jah
1922-06-20;62,7;180;;jah
1922-06-21;66,7;182;;jah
1922-06-22;64,5;186;;jah
1922-06-23;63,3;184;;jah
1922-06-24;61,5;180;;jah
1922-06-25;59,8;176;;jah
1922-06-26;59,8;176;;jah
1922-06-27;59,8;176;;jah
1922-06-28;59,8;176;;jah
1922-06-29;59,8;176;;jah
1922-06-30;59,5;175;;jah
1922-07-01;59,5;175;;jah
1922-07-02;59,5;175;;jah
1922-07-03;59,5;175;;jah
1922-07-04;59,2;174;;jah
1922-07-05;59,2;174;;jah
1922-07-06;59,5;175;;jah
1922-07-07;58,8;173;;jah
1922-07-08;58,4;172;;jah
1922-07-09;55,4;162;;jah
1922-07-10;56,5;166;;jah
1922-07-11;55,4;162;;jah
1922-07-12;55,1;161;;jah
1922-07-13;54,5;159;;jah
1922-07-14;53,6;156;;jah
1922-07-15;53,4;155;;jah
1922-07-16;52,3;151;;jah
1922-07-17;50,6;144;;jah
1922-07-18;50,8;145;;jah
1922-07-19;50,8;145;;jah
1922-07-20;50,8;145;;jah
1922-07-21;50,6;144;;jah
1922-07-22;50,6;144;;jah
1922-07-23;50,6;144;;jah
1922-07-24;50,6;144;;jah
1922-07-25;50,3;143;;jah
1922-07-26;50,3;143;;jah
1922-07-27;50,3;143;;jah
1922-07-28;50,1;142;;jah
1922-07-29;49,6;140;;jah
1922-07-30;49,2;138;;jah
1922-07-31;48,7;136;;jah
1922-08-01;48,5;135;;jah
1922-08-02;47,8;132;;jah
1922-08-03;54,8;139;;jah
1922-08-04;53,6;138;;jah
1922-08-05;53,6;138;;jah
1922-08-06;53,6;138;;jah
1922-08-07;54,8;139;;jah
1922-08-08;56,4;140;;jah
1922-08-09;56,4;140;;jah
1922-08-10;56,4;140;;jah
1922-08-11;55,9;139;;jah
1922-08-12;54,9;137;;jah
1922-08-13;53,8;135;;jah
1922-08-14;53,8;135;;jah
1922-08-15;53,8;135;;jah
1922-08-16;53,8;135;;jah
1922-08-17;53,8;135;;jah
1922-08-18;54,3;136;;jah
1922-08-19;54,3;136;;jah
1922-08-20;53,6;138;;jah
1922-08-21;53,6;138;;jah
1922-08-22;53,6;135;;jah
1922-08-23;53,8;135;;jah
1922-08-24;53,8;135;;jah
1922-08-25;53,3;134;;jah
1922-08-26;53,3;134;;jah
1922-08-27;52,3;132;;jah
1922-08-28;52,3;132;;jah
1922-08-29;52,3;132;;jah
1922-08-30;51,4;130;;jah
1922-08-31;49,6;126;;jah
1922-09-01;51,4;130;;jah
1922-09-02;49,6;126;;jah
1922-09-03;49,6;126;;jah
1922-09-04;47,8;122;;jah
1922-09-05;46,7;119;;jah
1922-09-06;45,5;116;;jah
1922-09-07;45,1;119;;jah
1922-09-08;44,5;113;;jah
1922-09-09;44,5;112;;jah
1922-09-10;44,1;112;;jah
1922-09-11;43,8;111;;jah
1922-09-12;43,5;110;;jah
1922-09-13;43,8;111;;jah
1922-09-14;45,2;115;;jah
1922-09-15;43,5;110;;jah
1922-09-16;43,5;110;;jah
1922-09-17;43,5;110;;jah
1922-09-18;41,8;105;;jah
1922-09-19;41,2;103;;jah
1922-09-20;41,2;103;;jah
1922-09-21;42,1;106;;jah
1922-09-22;38,5;93;;jah
1922-09-23;38,5;93;;jah
1922-09-24;38,2;92;;jah
1922-09-25;38,5;93;;jah
1922-09-26;38,5;93;;jah
1922-09-27;39;95;;jah
1922-09-28;37,8;90;;jah
1922-09-29;37,8;90;;jah
1922-09-30;37,8;90;;jah
1922-10-01;37,8;90;;jah
1922-10-02;38;91;;jah
1922-10-03;38;90;;jah
1922-10-04;37,3;88;;jah
1922-10-05;38,2;92;;jah
1922-10-06;36,7;85;;jah
1922-10-07;36,5;84;;jah
1922-10-08;36,5;84;;jah
1922-10-09;36,3;83;;jah
1922-10-10;35,8;80;;jah
1922-10-11;35,8;80;;jah
1922-10-12;35,8;80;;jah
1922-10-13;35,8;80;;jah
1922-10-14;36,3;83;;jah
1922-10-15;36,3;83;;jah
1922-10-16;34,7;73;;jah
1922-10-17;36,9;86;;jah
1922-10-18;37,8;90;;jah
1922-10-19;36,3;83;;jah
1922-10-20;35,1;76;;jah
1922-10-21;35;75;;jah
1922-10-22;35;75;;jah
1922-10-23;34,7;73;;jah
1922-10-24;34,7;73;;jah
1922-10-25;34,6;72;;jah
1922-10-26;34,6;72;;jah
1922-10-27;34,6;72;;jah
1922-10-28;35;75;;jah
1922-10-29;34,7;73;;jah
1922-10-30;34,7;73;;jah
1922-10-31;35;75;;jah
1922-11-01;35,6;79;;jah
1922-11-02;35,4;78;;jah
1922-11-03;35,4;78;;jah
1922-11-04;35,4;78;;jah
1922-11-05;35,1;76;;jah
1922-11-06;34,7;73;;jah
1922-11-07;34,3;70;;jah
1922-11-08;35,9;77;;jah
1922-11-09;35;73;;jah
1922-11-10;35,4;75;;jah
1922-11-11;35,4;75;;jah
1922-11-12;35,4;75;;jah
1922-11-13;35,4;75;;jah
1922-11-14;35,9;77;;jah
1922-11-15;36,7;80;;jah
1922-11-16;38,1;85;;jah
1922-11-17;38,7;87;;jah
1922-11-18;39,3;89;;jah
1922-11-19;39,3;89;;jah
1922-11-20;41;94;;jah
1922-11-21;40,7;93;;jah
1922-11-22;40,3;92;;jah
1922-11-23;39,7;90;;jah
1922-11-24;40,7;93;;jah
1922-11-25;42,9;99;;jah
1922-11-26;41;95;;jah
1922-11-27;38,5;93;;jah
1922-11-28;35,5;91;;jah
1922-11-29;33,5;88;;jah
1922-11-30;32;86;;jah
1922-12-01;30,5;84;;jah
1922-12-02;28,5;83;;jah
1922-12-03;27;82;;jah
1922-12-04;25,5;82;;jah
1922-12-05;24;82;;jah
1922-12-06;23;82;;jah
1922-12-07;23;82;;jah
1922-12-08;23;83;;jah
1922-12-09;23;83;;jah
1922-12-10;23;83;;jah
1922-12-11;23;84;;jah
1922-12-12;23,1;85;;jah
1922-12-13;23,3;86;;jah
1922-12-14;23,6;89;;jah
1922-12-15;24;92;;jah
1922-12-16;24;90;;jah
1922-12-17;23,9;87;;jah
1922-12-18;23,2;85;;jah
1922-12-19;22,9;83;;jah
1922-12-20;22,5;81;;jah
1922-12-21;22;81;;jah
1922-12-22;21,5;80;;jah
1922-12-23;21;80;;jah
1922-12-24;21;80;;jah
1922-12-25;21;80;;jah
1922-12-26;21;80;;jah
1922-12-27;21,2;80;;jah
1922-12-28;21,3;79;;jah
1922-12-29;22;79;;jah
1922-12-30;22,6;80;;jah
1922-12-31;24,5;83;;jah
1923-01-01;27,7;90;;jah
1923-01-02;30;100;;jah
1923-01-03;35,4;120;;jah
1923-01-04;34;110;;jah
1923-01-05;32,5;100;;jah
1923-01-06;31;97;;jah
1923-01-07;30,5;94;;jah
1923-01-08;29,8;91;;jah
1923-01-09;29;87;;jah
1923-01-10;28,5;84;;jah
1923-01-11;27,9;82;;jah
1923-01-12;27,3;80;;jah
1923-01-13;27;79;;jah
1923-01-14;26,3;79;;jah
1923-01-15;26;79;;jah
1923-01-16;25,8;78;;jah
1923-01-17;25,5;78;;jah
1923-01-18;25,2;77;;jah
1923-01-19;25;77;;jah
1923-01-20;25;76;;jah
1923-01-21;25;76;;jah
1923-01-22;25,3;75;;jah
1923-01-23;25,5;75;;jah
1923-01-24;25,5;74;;jah
1923-01-25;25,6;74;;jah
1923-01-26;25,7;77;;jah
1923-01-27;25,8;80;;jah
1923-01-28;25,8;82;;jah
1923-01-29;26;83;;jah
1923-01-30;26,5;85;;jah
1923-01-31;26,5;79;;jah
1923-02-01;26,8;76;;jah
1923-02-02;26,4;75;;jah
1923-02-03;26;74;;jah
1923-02-04;25,5;72;;jah
1923-02-05;25;71;;jah
1923-02-06;24,7;70;;jah
1923-02-07;24,5;70;;jah
1923-02-08;24;69;;jah
1923-02-09;23,8;68;;jah
1923-02-10;23,5;68;;jah
1923-02-11;23,3;67;;jah
1923-02-12;23;66;;jah
1923-02-13;23;66;;jah
1923-02-14;23;65;;jah
1923-02-15;23;65;;jah
1923-02-16;22,8;65;;jah
1923-02-17;22,6;64;;jah
1923-02-18;22,4;64;;jah
1923-02-19;22,1;63;;jah
1923-02-20;22;63;;jah
1923-02-21;21,8;63;;jah
1923-02-22;21,7;62;;jah
1923-02-23;21,5;62;;jah
1923-02-24;21,2;62;;jah
1923-02-25;21;62;;jah
1923-02-26;20,6;62;;jah
1923-02-27;20,5;62;;jah
1923-02-28;20,5;62;;jah
1923-03-01;20,5;62;;jah
1923-03-02;20,4;61;;jah
1923-03-03;20,2;61;;jah
1923-03-04;20,1;61;;jah
1923-03-05;20;61;;jah
1923-03-06;20;61;;jah
1923-03-07;20;61;;jah
1923-03-08;20;61;;jah
1923-03-09;20;61;;jah
1923-03-10;20;61;;jah
1923-03-11;20;60;;jah
1923-03-12;20;60;;jah
1923-03-13;20,1;60;;jah
1923-03-14;20,2;60;;jah
1923-03-15;20,3;60;;jah
1923-03-16;20,5;60;;jah
1923-03-17;21;60;;jah
1923-03-18;21,8;60;;jah
1923-03-19;23,6;70;;jah
1923-03-20;26;85;;jah
1923-03-21;29;97;;jah
1923-03-22;35;109;;jah
1923-03-23;47,8;118;;jah
1923-03-24;63,2;124;;jah
1923-03-25;80;135;;jah
1923-03-26;87,6;136;;jah
1923-03-27;82,2;131;;jah
1923-03-28;75,2;123;;jah
1923-03-29;69,3;115;;jah
1923-03-30;65,9;110;;jah
1923-03-31;59,7;101;;jah
1923-04-01;54,4;93;;jah
1923-04-02;52,6;90;;jah
1923-04-03;50,8;87;;jah
1923-04-04;49,7;85;;jah
1923-04-05;47,8;82;;jah
1923-04-06;47,3;81;;jah
1923-04-07;47,3;81;;jah
1923-04-08;47;80;;jah
1923-04-09;47;80;;jah
1923-04-10;47;80;;jah
1923-04-11;47,3;81;;jah
1923-04-12;47,5;82;;jah
1923-04-13;48,1;84;;jah
1923-04-14;48,7;86;;jah
1923-04-15;48,7;86;;jah
1923-04-16;50,3;91;;jah
1923-04-17;51,9;96;;jah
1923-04-18;51,9;96;;jah
1923-04-19;51,9;96;;jah
1923-04-20;52,6;98;;jah
1923-04-21;53,7;101;;jah
1923-04-22;53,7;101;;jah
1923-04-23;53,7;101;;jah
1923-04-24;56;108;;jah
1923-04-25;56;108;;jah
1923-04-26;55,6;107;;jah
1923-04-27;55,6;107;;jah
1923-04-28;57,1;111;;jah
1923-04-29;59;116;;jah
1923-04-30;59;116;;jah
1923-05-01;58,5;115;;jah
1923-05-02;60;119;;jah
1923-05-03;64,7;130;;jah
1923-05-04;66,6;134;;jah
1923-05-05;67,1;135;;jah
1923-05-06;67,1;135;;jah
1923-05-07;66,6;134;;jah
1923-05-08;66,6;134;;jah
1923-05-09;67,1;135;;jah
1923-05-10;66;133;;jah
1923-05-11;67,1;135;;jah
1923-05-12;62,5;125;;jah
1923-05-13;63,4;127;;jah
1923-05-14;65,5;132;;jah
1923-05-15;67,1;135;;jah
1923-05-16;68,3;138;;jah
1923-05-17;68,3;138;;jah
1923-05-18;67,5;136;;jah
1923-05-19;67,5;136;;jah
1923-05-20;67,1;135;;jah
1923-05-21;67,1;135;;jah
1923-05-22;67,1;135;;jah
1923-05-23;66;133;;jah
1923-05-24;67,1;135;;jah
1923-05-25;67,1;135;;jah
1923-05-26;71;142;;jah
1923-05-27;74,5;147;;jah
1923-05-28;72,7;145;;jah
1923-05-29;72,7;145;;jah
1923-05-30;72,7;145;;jah
1923-05-31;72,7;145;;jah
1923-06-01;75;148;;jah
1923-06-02;77;150;;jah
1923-06-03;77;150;;jah
1923-06-04;83,2;156;;jah
1923-06-05;83,2;156;;jah
1923-06-06;82;155;;jah
1923-06-07;80,8;154;;jah
1923-06-08;80,8;154;;jah
1923-06-09;80,8;154;;jah
1923-06-10;82;155;;jah
1923-06-11;82;155;;jah
1923-06-12;83,2;156;;jah
1923-06-13;83,2;156;;jah
1923-06-14;93,6;159;;jah
1923-06-15;92,6;157;;jah
1923-06-16;91,8;156;;jah
1923-06-17;91,8;156;;jah
1923-06-18;91,8;156;;jah
1923-06-19;92,6;157;;jah
1923-06-20;93,1;158;;jah
1923-06-21;91,8;156;;jah
1923-06-22;88,2;151;;jah
1923-06-23;86,3;148;;jah
1923-06-24;84,2;145;;jah
1923-06-25;83,5;144;;jah
1923-06-26;82,8;143;;jah
1923-06-27;82,2;142;;jah
1923-06-28;80,9;140;;jah
1923-06-29;80,2;139;;jah
1923-06-30;79,6;138;;jah
1923-07-01;78,8;137;;jah
1923-07-02;78,8;137;;jah
1923-07-03;78,8;137;;jah
1923-07-04;78,2;136;;jah
1923-07-05;76,6;134;;jah
1923-07-06;75,2;132;;jah
1923-07-07;73,2;129;;jah
1923-07-08;71,2;126;;jah
1923-07-09;71,2;126;;jah
1923-07-10;68,5;122;;jah
1923-07-11;65,8;118;;jah
1923-07-12;62,4;112;;jah
1923-07-13;59,8;107;;jah
1923-07-14;58,6;105;;jah
1923-07-15;56,5;101;;jah
1923-07-16;56,5;101;;jah
1923-07-17;57;102;;jah
1923-07-18;57;102;;jah
1923-07-19;54,4;97;;jah
1923-07-20;53,9;96;;jah
1923-07-21;53,4;95;;jah
1923-07-22;52,9;94;;jah
1923-07-23;52,9;94;;jah
1923-07-24;52;92;;jah
1923-07-25;52,4;93;;jah
1923-07-26;52,4;93;;jah
1923-07-27;50,8;89;;jah
1923-07-28;49,7;87;;jah
1923-07-29;48,5;84;;jah
1923-07-30;48,9;85;;jah
1923-07-31;49,2;86;;jah
1923-08-01;49,6;87;;jah
1923-08-02;50;88;;jah
1923-08-03;53;96;;jah
1923-08-04;55,9;102;;jah
1923-08-05;57,3;105;;jah
1923-08-06;59;108;;jah
1923-08-07;59;108;;jah
1923-08-08;59,6;109;;jah
1923-08-09;59,6;109;;jah
1923-08-10;59,6;109;;jah
1923-08-11;57,8;106;;jah
1923-08-12;58,6;107;;jah
1923-08-13;57,8;106;;jah
1923-08-14;57,8;106;;jah
1923-08-15;58,6;107;;jah
1923-08-16;59;108;;jah
1923-08-17;58,6;107;;jah
1923-08-18;57,8;106;;jah
1923-08-19;60,9;111;;jah
1923-08-20;63;114;;jah
1923-08-21;64,4;116;;jah
1923-08-22;65,8;118;;jah
1923-08-23;60,2;110;;jah
1923-08-24;59,6;109;;jah
1923-08-25;57,8;106;;jah
1923-08-26;57,8;106;;jah
1923-08-27;59;108;;jah
1923-08-28;60,9;111;;jah
1923-08-29;63;114;;jah
1923-08-30;64,4;116;;jah
1923-08-31;63,6;115;;jah
1923-09-01;62,2;113;;jah
1923-09-02;64,4;116;;jah
1923-09-03;61,5;112;;jah
1923-09-04;63;114;;jah
1923-09-05;63,6;115;;jah
1923-09-06;64,4;116;;jah
1923-09-07;64,4;116;;jah
1923-09-08;64,4;116;;jah
1923-09-09;62,2;113;;jah
1923-09-10;61,5;112;;jah
1923-09-11;63;114;;jah
1923-09-12;63,6;115;;jah
1923-09-13;63;114;;jah
1923-09-14;63,6;115;;jah
1923-09-15;65;117;;jah
1923-09-16;66,2;119;;jah
1923-09-17;63,6;117;;jah
1923-09-18;64,4;116;;jah
1923-09-19;66,2;119;;jah
1923-09-20;68;121;;jah
1923-09-21;68,5;122;;jah
1923-09-22;70,5;125;;jah
1923-09-23;68,5;122;;jah
1923-09-24;69,2;123;;jah
1923-09-25;70,5;125;;jah
1923-09-26;69,2;123;;jah
1923-09-27;68,5;122;;jah
1923-09-28;67;120;;jah
1923-09-29;66,2;119;;jah
1923-09-30;64,4;116;;jah
1923-10-01;65;117;;jah
1923-10-02;66,2;119;;jah
1923-10-03;66,2;119;;jah
1923-10-04;67;120;;jah
1923-10-05;68;121;;jah
1923-10-06;73,2;129;;jah
1923-10-07;73,2;129;;jah
1923-10-08;71,2;126;;jah
1923-10-09;67;120;;jah
1923-10-10;66,2;119;;jah
1923-10-11;70,5;125;;jah
1923-10-12;73,2;129;;jah
1923-10-13;76;133;;jah
1923-10-14;78,2;136;;jah
1923-10-15;79;137;;jah
1923-10-16;79;137;;jah
1923-10-17;79;137;;jah
1923-10-18;79,5;138;;jah
1923-10-19;80;139;;jah
1923-10-20;81,6;141;;jah
1923-10-21;82,8;143;;jah
1923-10-22;83,5;144;;jah
1923-10-23;82,8;143;;jah
1923-10-24;82,8;143;;jah
1923-10-25;88,2;150;;jah
1923-10-26;92;155;;jah
1923-10-27;98;163;;jah
1923-10-28;107;175;;jah
1923-10-29;107;175;;jah
1923-10-30;110;179;;jah
1923-10-31;113;183;;jah
1923-11-01;118;189;;jah
1923-11-02;122;193;;jah
1923-11-03;125;197;;jah
1923-11-04;128;200;;jah
1923-11-05;132;205;;jah
1923-11-06;133;206;;jah
1923-11-07;137;210;;jah
1923-11-08;141;214;;jah
1923-11-09;148;222;;jah
1923-11-10;164;239;;jah
1923-11-11;178;253;;jah
1923-11-12;193;266;;jah
1923-11-13;202;274;;jah
1923-11-14;210;281;;jah
1923-11-15;216;285;;jah
1923-11-16;225;292;;jah
1923-11-17;239;302;;jah
1923-11-18;244;305;;jah
1923-11-19;246;307;;jah
1923-11-20;248;308;;jah
1923-11-21;268;320;;jah
1923-11-22;280;325;;jah
1923-11-23;280;325;;jah
1923-11-24;280;325;;jah
1923-11-25;286;328;;jah
1923-11-26;291;330;;jah
1923-11-27;351;349;;jah
1923-11-28;372;354;;jah
1923-11-29;356;351;;jah
1923-11-30;340;349;;jah
1923-12-01;330;344;;jah
1923-12-02;320;344;;jah
1923-12-03;302;339;;jah
1923-12-04;286;334;;jah
1923-12-05;320;344;;jah
1923-12-06;320;344;;jah
1923-12-07;305;340;;jah
1923-12-08;286;334;;jah
1923-12-09;290;335;;jah
1923-12-10;280;332;;jah
1923-12-11;280;332;;jah
1923-12-12;283;334;;jah
1923-12-13;291;338;;jah
1923-12-14;291;338;;jah
1923-12-15;298;341;;jah
1923-12-16;304;344;;jah
1923-12-17;306;345;;jah
1923-12-18;317;349;;jah
1923-12-19;303;347;;jah
1923-12-20;317;349;;jah
1923-12-21;288;348;;jah
1923-12-22;288;348;;jah
1923-12-23;288;348;;jah
1923-12-24;284;342;;jah
1923-12-25;268;337;;jah
1923-12-26;260;334;;jah
1923-12-27;247;329;;jah
1923-12-28;243;327;;jah
1923-12-29;227;318;;jah
1923-12-30;218;313;;jah
1923-12-31;209;308;;jah
1924-01-01;203;304;;jah
1924-01-02;195;299;;jah
1924-01-03;187;294;;jah
1924-01-04;182;290;;jah
1924-01-05;167;285;;jah
1924-01-06;145;281;;jah
1924-01-07;124;275;;jah
1924-01-08;105;271;;jah
1924-01-09;85;267;;jah
1924-01-10;78;261;;jah
1924-01-11;73,4;257;;jah
1924-01-12;69;253;;jah
1924-01-13;66;250;;jah
1924-01-14;63;247;;jah
1924-01-15;60;243;;jah
1924-01-16;57,5;236;;jah
1924-01-17;56,1;225;;jah
1924-01-18;54,8;230;;jah
1924-01-19;53,1;226;;jah
1924-01-20;51,8;223;;jah
1924-01-21;50,8;223;;jah
1924-01-22;49,8;219;;jah
1924-01-23;49,2;214;;jah
1924-01-24;48,6;210;;jah
1924-01-25;48,2;205;;jah
1924-01-26;47,9;202;;jah
1924-01-27;47,2;199;;jah
1924-01-28;47;197;;jah
1924-01-29;46,9;195;;jah
1924-01-30;46,8;193;;jah
1924-01-31;46,3;191;;jah
1924-02-01;46,3;192;;jah
1924-02-02;46,3;190;;jah
1924-02-03;46,3;189;;jah
1924-02-04;46,3;189;;jah
1924-02-05;46,2;188;;jah
1924-02-06;46,2;187;;jah
1924-02-07;46,1;186;;jah
1924-02-08;46;186;;jah
1924-02-09;46;186;;jah
1924-02-10;46;182;;jah
1924-02-11;46;181;;jah
1924-02-12;46;180;;jah
1924-02-13;46;180;;jah
1924-02-14;45,9;180;;jah
1924-02-15;45,9;180;;jah
1924-02-16;45,9;178;;jah
1924-02-17;45,9;177;;jah
1924-02-18;45,8;176;;jah
1924-02-19;45,8;175;;jah
1924-02-20;45,8;175;;jah
1924-02-21;45,6;175;;jah
1924-02-22;45,5;175;;jah
1924-02-23;45,4;175;;jah
1924-02-24;45,3;175;;jah
1924-02-25;45,3;174;;jah
1924-02-26;45,2;174;;jah
1924-02-27;45,1;174;;jah
1924-02-28;45;174;;jah
1924-02-29;45;174;;jah
1924-03-01;45,3;175;;jah
1924-03-02;45;174;;jah
1924-03-03;45;175;;jah
1924-03-04;44,8;175;;jah
1924-03-05;44,6;177;;jah
1924-03-06;44,3;178;;jah
1924-03-07;44,2;180;;jah
1924-03-08;44,1;183;;jah
1924-03-09;44;184;;jah
1924-03-10;44;183;;jah
1924-03-11;43,8;184;;jah
1924-03-12;43,6;182;;jah
1924-03-13;43,5;181;;jah
1924-03-14;43,2;181;;jah
1924-03-15;43;181;;jah
1924-03-16;43;181;;jah
1924-03-17;42,9;179;;jah
1924-03-18;42,8;180;;jah
1924-03-19;42,7;180;;jah
1924-03-20;42,4;178;;jah
1924-03-21;41,9;177;;jah
1924-03-22;41,6;175;;jah
1924-03-23;41,5;174;;jah
1924-03-24;42,5;177;;jah
1924-03-25;44,2;180;;jah
1924-03-26;46;180;;jah
1924-03-27;49;177;;jah
1924-03-28;53;175;;jah
1924-03-29;57,5;179;;jah
1924-03-30;63;185;;jah
1924-03-31;75;194;;jah
1924-04-01;105;204;;jah
1924-04-02;114;217;;jah
1924-04-03;119;223;;jah
1924-04-04;121;226;;jah
1924-04-05;121;226;;jah
1924-04-06;121;226;;jah
1924-04-07;122;228;;jah
1924-04-08;125;232;;jah
1924-04-09;132;242;;jah
1924-04-10;143;258;;jah
1924-04-11;151;269;;jah
1924-04-12;158;278;;jah
1924-04-13;160;280;;jah
1924-04-14;160;280;;jah
1924-04-15;162;282;;jah
1924-04-16;163;284;;jah
1924-04-17;164;286;;jah
1924-04-18;174;297;;jah
1924-04-19;182;306;;jah
1924-04-20;184;309;;jah
1924-04-21;190;315;;jah
1924-04-22;202;328;;jah
1924-04-23;211;337;;jah
1924-04-24;217;343;;jah
1924-04-25;219;345;;jah
1924-04-26;219;345;;jah
1924-04-27;220;346;;jah
1924-04-28;215;345;;jah
1924-04-29;215;345;;jah
1924-04-30;210;343;;jah
1924-05-01;204;340;;jah
1924-05-02;200;338;;jah
1924-05-03;196;336;;jah
1924-05-04;195;335;;jah
1924-05-05;192;333;;jah
1924-05-06;188;330;;jah
1924-05-07;189;331;;jah
1924-05-08;194;334;;jah
1924-05-09;191;332;;jah
1924-05-10;195;335;;jah
1924-05-11;196;336;;jah
1924-05-12;196;336;;jah
1924-05-13;198;337;;jah
1924-05-14;187;329;;jah
1924-05-15;187;329;;jah
1924-05-16;182;326;;jah
1924-05-17;172;316;;jah
1924-05-18;168;311;;jah
1924-05-19;163;306;;jah
1924-05-20;157;299;;jah
1924-05-21;154;296;;jah
1924-05-22;152;293;;jah
1924-05-23;146;286;;jah
1924-05-24;142;280;;jah
1924-05-25;139;276;;jah
1924-05-26;134;269;;jah
1924-05-27;132;266;;jah
1924-05-28;128;266;;jah
1924-05-29;125;255;;jah
1924-05-30;121;250;;jah
1924-05-31;119;247;;jah
1924-06-01;117;244;;jah
1924-06-02;115;242;;jah
1924-06-03;113;238;;jah
1924-06-04;109;234;;jah
1924-06-05;103;224;;jah
1924-06-06;102;223;;jah
1924-06-07;104;226;;jah
1924-06-08;100;221;;jah
1924-06-09;100;221;;jah
1924-06-10;100;221;;jah
1924-06-11;98;218;;jah
1924-06-12;96,5;216;;jah
1924-06-13;96,5;216;;jah
1924-06-14;96,5;216;;jah
1924-06-15;98;218;;jah
1924-06-16;95,8;215;;jah
1924-06-17;94,6;212;;jah
1924-06-18;93;211;;jah
1924-06-19;93;211;;jah
1924-06-20;92,5;210;;jah
1924-06-21;92,5;210;;jah
1924-06-22;92,5;210;;jah
1924-06-23;92;209;;jah
1924-06-24;90,5;207;;jah
1924-06-25;88;203;;jah
1924-06-26;86,2;201;;jah
1924-06-27;85,5;200;;jah
1924-06-28;84,1;198;;jah
1924-06-29;81,5;194;;jah
1924-06-30;77;189;;jah
1924-07-01;76;187;;jah
1924-07-02;74,5;185;;jah
1924-07-03;74,5;185;;jah
1924-07-04;75,5;186;;jah
1924-07-05;73,5;183;;jah
1924-07-06;73,5;183;;jah
1924-07-07;70;178;;jah
1924-07-08;69,5;177;;jah
1924-07-09;69,5;177;;jah
1924-07-10;69,5;177;;jah
1924-07-11;68,5;176;;jah
1924-07-12;68,5;176;;jah
1924-07-13;68;175;;jah
1924-07-14;66,5;173;;jah
1924-07-15;65,5;171;;jah
1924-07-16;64;169;;jah
1924-07-17;62,8;167;;jah
1924-07-18;62;165;;jah
1924-07-19;60,5;163;;jah
1924-07-20;59,5;161;;jah
1924-07-21;58;159;;jah
1924-07-22;57,8;158;;jah
1924-07-23;57,8;158;;jah
1924-07-24;56,7;156;;jah
1924-07-25;56,7;156;;jah
1924-07-26;56;155;;jah
1924-07-27;56;155;;jah
1924-07-28;55;153;;jah
1924-07-29;55;153;;jah
1924-07-30;55;153;;jah
1924-07-31;55;153;;jah
1924-08-01;54,5;152;;jah
1924-08-02;54,2;151;;jah
1924-08-03;54,2;151;;jah
1924-08-04;54,2;151;;jah
1924-08-05;53,5;150;;jah
1924-08-06;52,5;148;;jah
1924-08-07;52,1;147;;jah
1924-08-08;52,1;147;;jah
1924-08-09;51,5;146;;jah
1924-08-10;51,5;146;;jah
1924-08-11;51,5;146;;jah
1924-08-12;51,1;145;;jah
1924-08-13;51,1;145;;jah
1924-08-14;50,8;144;;jah
1924-08-15;50;142;;jah
1924-08-16;49;140;;jah
1924-08-17;43;137;;jah
1924-08-18;46,2;133;;jah
1924-08-19;47,2;134;;jah
1924-08-20;48,1;135;;jah
1924-08-21;48,1;135;;jah
1924-08-22;68,5;154;;jah
1924-08-23;70;155;;jah
1924-08-24;72,7;157;;jah
1924-08-25;73;158;;jah
1924-08-26;70;155;;jah
1924-08-27;70;155;;jah
1924-08-28;70;155;;jah
1924-08-29;70;155;;jah
1924-08-30;70;155;;jah
1924-08-31;72;156;;jah
1924-09-01;72;156;;jah
1924-09-02;70;153;;jah
1924-09-03;68;150;;jah
1924-09-04;66;146;;jah
1924-09-05;63,5;142;;jah
1924-09-06;60,5;138;;jah
1924-09-07;58,6;135;;jah
1924-09-08;57,5;133;;jah
1924-09-09;56;130;;jah
1924-09-10;55;129;;jah
1924-09-11;53,5;126;;jah
1924-09-12;53,5;126;;jah
1924-09-13;52,7;125;;jah
1924-09-14;52,7;125;;jah
1924-09-15;52;124;;jah
1924-09-16;51,8;123;;jah
1924-09-17;50;119;;jah
1924-09-18;48,5;116;;jah
1924-09-19;47;113;;jah
1924-09-20;50;117;;jah
1924-09-21;50;117;;jah
1924-09-22;50,3;118;;jah
1924-09-23;52;120;;jah
1924-09-24;53,3;122;;jah
1924-09-25;54,5;124;;jah
1924-09-26;54,5;124;;jah
1924-09-27;57,5;128;;jah
1924-09-28;61;132;;jah
1924-09-29;65;137;;jah
1924-09-30;65;137;;jah
1924-10-01;67,2;140;;jah
1924-10-02;70;143;;jah
1924-10-03;69;142;;jah
1924-10-04;69;142;;jah
1924-10-05;68;140;;jah
1924-10-06;64,5;139;;jah
1924-10-07;66,2;137;;jah
1924-10-08;66;136;;jah
1924-10-09;65;135;;jah
1924-10-10;64,5;134;;jah
1924-10-11;62,4;131;;jah
1924-10-12;60,5;128;;jah
1924-10-13;59;125;;jah
1924-10-14;56,8;121;;jah
1924-10-15;55,2;118;;jah
1924-10-16;55,2;118;;jah
1924-10-17;54,8;117;;jah
1924-10-18;54;115;;jah
1924-10-19;54;115;;jah
1924-10-20;54;115;;jah
1924-10-21;53;113;;jah
1924-10-22;50,3;107;;jah
1924-10-23;51,5;110;;jah
1924-10-24;51,5;110;;jah
1924-10-25;52;111;;jah
1924-10-26;53;113;;jah
1924-10-27;53;113;;jah
1924-10-28;53,3;114;;jah
1924-10-29;53;113;;jah
1924-10-30;53;113;;jah
1924-10-31;53,3;114;;jah
1924-11-01;53;113;;jah
1924-11-02;52;111;;jah
1924-11-03;53,3;114;;jah
1924-11-04;53,3;114;;jah
1924-11-05;53;113;;jah
1924-11-06;53;113;;jah
1924-11-07;53,3;114;;jah
1924-11-08;53,3;114;;jah
1924-11-09;52;111;;jah
1924-11-10;52;111;;jah
1924-11-11;53;113;;jah
1924-11-12;53,3;114;;jah
1924-11-13;53,3;114;;jah
1924-11-14;53;113;;jah
1924-11-15;53;113;;jah
1924-11-16;51,5;110;;jah
1924-11-17;49,9;104;;jah
1924-11-18;49,9;104;;jah
1924-11-19;49,9;104;;jah
1924-11-20;49;102;;jah
1924-11-21;49,5;103;;jah
1924-11-22;49;102;;jah
1924-11-23;49,5;103;;jah
1924-11-24;50;104;;jah
1924-11-25;50,5;105;;jah
1924-11-26;51,5;106;;jah
1924-11-27;52,5;108;;jah
1924-11-28;53,5;110;;jah
1924-11-29;53,5;110;;jah
1924-11-30;53;109;;jah
1924-12-01;52,5;108;;jah
1924-12-02;52,5;108;;jah
1924-12-03;53,5;110;;jah
1924-12-04;57,5;115;;jah
1924-12-05;60;118;;jah
1924-12-06;56;113;;jah
1924-12-07;49;108;;jah
1924-12-08;50;102;;jah
1924-12-09;46;95;;jah
1924-12-10;43;93;;jah
1924-12-11;39;100;;jah
1924-12-12;37;106;;jah
1924-12-13;36;111;;jah
1924-12-14;36;112;;jah
1924-12-15;38;107;;jah
1924-12-16;41;106;;jah
1924-12-17;45;105;;jah
1924-12-18;51;107;;jah
1924-12-19;62;119;;jah
1924-12-20;65;125;;jah
1924-12-21;70;136;;jah
1924-12-22;76;143;;jah
1924-12-23;76;143;;jah
1924-12-24;76;144;;jah
1924-12-25;78;145;;jah
1924-12-26;78;146;;jah
1924-12-27;78;147;;jah
1924-12-28;78;147;;jah
1924-12-29;78;148;;jah
1924-12-30;79;148;;jah
1924-12-31;85;154;;jah
1925-01-01;84;;;jah
1925-01-02;83;;;jah
1925-01-03;88;;;jah
1925-01-04;89;;;jah
1925-01-05;95;;;jah
1925-01-06;94;;;jah
1925-01-07;95;;;jah
1925-01-08;96;;;jah
1925-01-09;99;;;jah
1925-01-10;102;;;jah
1925-01-11;108;;;jah
1925-01-12;111;;;jah
1925-01-13;111;;;jah
1925-01-14;111;;;jah
1925-01-15;112;;;jah
1925-01-16;110;;;jah
1925-01-17;110;;;jah
1925-01-18;108;;;jah
1925-01-19;111;;;jah
1925-01-20;99;;;jah
1925-01-21;92;;;jah
1925-01-22;89;;;jah
1925-01-23;90;;;jah
1925-01-24;94;;;jah
1925-01-25;99;;;jah
1925-01-26;109;;;jah
1925-01-27;112;;;jah
1925-01-28;115;;;jah
1925-01-29;119;;;jah
1925-01-30;120;;;jah
1925-01-31;119;;;jah
1925-02-01;119;;;jah
1925-02-02;117;;;jah
1925-02-03;119;;;jah
1925-02-04;115;;;jah
1925-02-05;109;;;jah
1925-02-06;99;;;jah
1925-02-07;95;;;jah
1925-02-08;95;;;jah
1925-02-09;91;;;jah
1925-02-10;91;;;jah
1925-02-11;91;;;jah
1925-02-12;87;;;jah
1925-02-13;92;;;jah
1925-02-14;92;;;jah
1925-02-15;92;;;jah
1925-02-16;95;;;jah
1925-02-17;98;;;jah
1925-02-18;105;;;jah
1925-02-19;110;;;jah
1925-02-20;106;;;jah
1925-02-21;102;;;jah
1925-02-22;104;;;jah
1925-02-23;106;;;jah
1925-02-24;117;;;jah
1925-02-25;111;;;jah
1925-02-26;113;;;jah
1925-02-27;113;;;jah
1925-02-28;115;;;jah
1925-03-01;118;195;;jah
1925-03-02;114;192;;jah
1925-03-03;112;191;;jah
1925-03-04;103;182;;jah
1925-03-05;87;165;;jah
1925-03-06;84;162;;jah
1925-03-07;78;155;;jah
1925-03-08;72;146;;jah
1925-03-09;67;139;;jah
1925-03-10;64;135;;jah
1925-03-11;63;132;;jah
1925-03-12;60;137;;jah
1925-03-13;57;135;;jah
1925-03-14;55;138;;jah
1925-03-15;53;140;;jah
1925-03-16;59;140;;jah
1925-03-17;64,1;141;;jah
1925-03-18;64,4;140;;jah
1925-03-19;70,7;141;;jah
1925-03-20;67,4;143;;jah
1925-03-21;68,5;148;;jah
1925-03-22;72;148;;jah
1925-03-23;75;152;;jah
1925-03-24;78;152;;jah
1925-03-25;75;148;;jah
1925-03-26;74;147;;jah
1925-03-27;74;146;;jah
1925-03-28;68;138;;jah
1925-03-29;63;131;;jah
1925-03-30;60;126;;jah
1925-03-31;55;118;;jah
1925-04-01;57;;;jah
1925-04-02;58;;;jah
1925-04-03;74;;;jah
1925-04-04;110;;;jah
1925-04-05;135;;;jah
1925-04-06;140;;;jah
1925-04-07;150;;;jah
1925-04-08;167;;;jah
1925-04-09;173;;;jah
1925-04-10;181;;;jah
1925-04-11;178;;;jah
1925-04-12;174;;;jah
1925-04-13;167;;;jah
1925-04-14;167;;;jah
1925-04-15;147;;;jah
1925-04-16;141;;;jah
1925-04-17;134;;;jah
1925-04-18;122;;;jah
1925-04-19;114;;;jah
1925-04-20;111;;;jah
1925-04-21;110;;;jah
1925-04-22;112;;;jah
1925-04-23;114;;;jah
1925-04-24;114;;;jah
1925-04-25;115;;;jah
1925-04-26;118;;;jah
1925-04-27;117;;;jah
1925-04-28;127;;;jah
1925-04-29;134;;;jah
1925-04-30;140;;;jah
1925-05-01;147;;;jah
1925-05-02;150;;;jah
1925-05-03;151;;;jah
1925-05-04;153;;;jah
1925-05-05;150;;;jah
1925-05-06;147;;;jah
1925-05-07;141;;;jah
1925-05-08;133;;;jah
1925-05-09;130;;;jah
1925-05-10;130;;;jah
1925-05-11;128;;;jah
1925-05-12;125;;;jah
1925-05-13;120;;;jah
1925-05-14;111;;;jah
1925-05-15;107;;;jah
1925-05-16;100;;;jah
1925-05-17;96;;;jah
1925-05-18;93;;;jah
1925-05-19;87;;;jah
1925-05-20;82;;;jah
1925-05-21;78;;;jah
1925-05-22;76;;;jah
1925-05-23;70;;;jah
1925-05-24;67;;;jah
1925-05-25;65;;;jah
1925-05-26;66;;;jah
1925-05-27;65;;;jah
1925-05-28;64;;;jah
1925-05-29;64;;;jah
1925-05-30;63;;;jah
1925-05-31;64;;;jah
1925-06-01;62;;;jah
1925-06-02;57;;;jah
1925-06-03;58;;;jah
1925-06-04;60;;;jah
1925-06-05;57;;;jah
1925-06-06;57;;;jah
1925-06-07;57;;;jah
1925-06-08;57;;;jah
1925-06-09;56;;;jah
1925-06-10;56;;;jah
1925-06-11;55;;;jah
1925-06-12;54;;;jah
1925-06-13;56;;;jah
1925-06-14;55;;;jah
1925-06-15;54;;;jah
1925-06-16;53;;;jah
1925-06-17;52;;;jah
1925-06-18;51;;;jah
1925-06-19;52;;;jah
1925-06-20;52;;;jah
1925-06-21;50;;;jah
1925-06-22;50;;;jah
1925-06-23;50;;;jah
1925-06-24;53;;;jah
1925-06-25;51;;;jah
1925-06-26;54;;;jah
1925-06-27;56;;;jah
1925-06-28;56;;;jah
1925-06-29;59;;;jah
1925-06-30;53;;;jah
1925-07-01;61;;;jah
1925-07-02;67;;;jah
1925-07-03;65;;;jah
1925-07-04;66;;;jah
1925-07-05;65;;;jah
1925-07-06;66;;;jah
1925-07-07;67;;;jah
1925-07-08;64;;;jah
1925-07-09;64;;;jah
1925-07-10;63;;;jah
1925-07-11;64;;;jah
1925-07-12;62;;;jah
1925-07-13;64;;;jah
1925-07-14;61;;;jah
1925-07-15;60;;;jah
1925-07-16;59;;;jah
1925-07-17;58;;;jah
1925-07-18;56;;;jah
1925-07-19;56;;;jah
1925-07-20;55;;;jah
1925-07-21;55;;;jah
1925-07-22;55;;;jah
1925-07-23;56;;;jah
1925-07-24;54;;;jah
1925-07-25;53;;;jah
1925-07-26;51;;;jah
1925-07-27;49;;;jah
1925-07-28;48;;;jah
1925-07-29;49;;;jah
1925-07-30;48;;;jah
1925-07-31;47;;;jah
1925-08-01;46;;;jah
1925-08-02;47;;;jah
1925-08-03;47;;;jah
1925-08-04;48;;;jah
1925-08-05;53;;;jah
1925-08-06;57;;;jah
1925-08-07;63;;;jah
1925-08-08;64;;;jah
1925-08-09;67;;;jah
1925-08-10;70;;;jah
1925-08-11;69;;;jah
1925-08-12;72;;;jah
1925-08-13;75;;;jah
1925-08-14;78;;;jah
1925-08-15;79;;;jah
1925-08-16;79;;;jah
1925-08-17;78;;;jah
1925-08-18;76;;;jah
1925-08-19;75;;;jah
1925-08-20;74;;;jah
1925-08-21;73;;;jah
1925-08-22;70;;;jah
1925-08-23;68;;;jah
1925-08-24;69;;;jah
1925-08-25;66;;;jah
1925-08-26;63;;;jah
1925-08-27;62;;;jah
1925-08-28;63;;;jah
1925-08-29;60;;;jah
1925-08-30;58;;;jah
1925-08-31;59;;;jah
1925-09-01;58;;;jah
1925-09-02;57;;;jah
1925-09-03;62;;;jah
1925-09-04;63;;;jah
1925-09-05;71;;;jah
1925-09-06;72;;;jah
1925-09-07;78;;;jah
1925-09-08;77;;;jah
1925-09-09;81;;;jah
1925-09-10;83;;;jah
1925-09-11;85;;;jah
1925-09-12;86;;;jah
1925-09-13;88;;;jah
1925-09-14;92;;;jah
1925-09-15;93;;;jah
1925-09-16;91;;;jah
1925-09-17;90;;;jah
1925-09-18;89;;;jah
1925-09-19;90;;;jah
1925-09-20;88;;;jah
1925-09-21;80;;;jah
1925-09-22;78;;;jah
1925-09-23;77;;;jah
1925-09-24;76;;;jah
1925-09-25;74;;;jah
1925-09-26;76;;;jah
1925-09-27;77;;;jah
1925-09-28;80;;;jah
1925-09-29;82;;;jah
1925-09-30;77;;;jah
1925-10-01;82;;;jah
1925-10-02;81;;;jah
1925-10-03;78;;;jah
1925-10-04;79;;;jah
1925-10-05;80;;;jah
1925-10-06;85;;;jah
1925-10-07;82;;;jah
1925-10-08;88;;;jah
1925-10-09;88;;;jah
1925-10-10;86;;;jah
1925-10-11;87;;;jah
1925-10-12;88;;;jah
1925-10-13;88;;;jah
1925-10-14;89;;;jah
1925-10-15;91;;;jah
1925-10-16;92;;;jah
1925-10-17;91;;;jah
1925-10-18;91;;;jah
1925-10-19;91;;;jah
1925-10-20;89;;;jah
1925-10-21;87;;;jah
1925-10-22;87;;;jah
1925-10-23;86;;;jah
1925-10-24;86;;;jah
1925-10-25;87;;;jah
1925-10-26;84;;;jah
1925-10-27;83;;;jah
1925-10-28;82;;;jah
1925-10-29;80;;;jah
1925-10-30;81;;;jah
1925-10-31;81;;;jah
1925-11-01;83;;;jah
1925-11-02;83;;;jah
1925-11-03;83;;;jah
1925-11-04;82;;;jah
1925-11-05;82;;;jah
1925-11-06;79;;;jah
1925-11-07;81;;;jah
1925-11-08;78;;;jah
1925-11-09;77;;;jah
1925-11-10;79;;;jah
1925-11-11;88;;;jah
1925-11-12;95;;;jah
1925-11-13;103;;;jah
1925-11-14;107;;;jah
1925-11-15;110;;;jah
1925-11-16;114;;;jah
1925-11-17;114;;;jah
1925-11-18;111;;;jah
1925-11-19;113;;;jah
1925-11-20;105;;;jah
1925-11-21;99;;;jah
1925-11-22;97;;;jah
1925-11-23;99;;;jah
1925-11-24;104;;;jah
1925-11-25;108;;;jah
1925-11-26;108;;;jah
1925-11-27;113;;;jah
1925-11-28;115;;;jah
1925-11-29;115;;;jah
1925-11-30;113;;;jah
1925-12-01;99;180;;jah
1925-12-02;97;178;;jah
1925-12-03;95;175;;jah
1925-12-04;84;172;;jah
1925-12-05;80;173;;jah
1925-12-06;75;177;;jah
1925-12-07;70,8;180;;jah
1925-12-08;68,5;179;;jah
1925-12-09;65,5;172;;jah
1925-12-10;63;177;;jah
1925-12-11;61;177;;jah
1925-12-12;59,5;172;;jah
1925-12-13;58;169;;jah
1925-12-14;56,5;166;;jah
1925-12-15;55,4;164;;jah
1925-12-16;54,7;162;;jah
1925-12-17;54;160;;jah
1925-12-18;53,3;156;;jah
1925-12-19;52,7;155;;jah
1925-12-20;52,5;153;;jah
1925-12-21;52,1;151;;jah
1925-12-22;52;150;;jah
1925-12-23;51,8;151;;jah
1925-12-24;51,7;147;;jah
1925-12-25;51,5;146;;jah
1925-12-26;51,2;146;;jah
1925-12-27;51,2;145;;jah
1925-12-28;51,1;146;;jah
1925-12-29;51;144;;jah
1925-12-30;51;146;;jah
1925-12-31;50,9;150;;jah
1926-01-01;50,8;158;;jah
1926-01-02;50,6;157;;jah
1926-01-03;50,6;158;;jah
1926-01-04;50,6;158;;jah
1926-01-05;50,6;162;;jah
1926-01-06;50,6;159;;jah
1926-01-07;50,5;158;;jah
1926-01-08;50,4;159;;jah
1926-01-09;50,4;159;;jah
1926-01-10;50,3;154;;jah
1926-01-11;50,2;150;;jah
1926-01-12;50;146;;jah
1926-01-13;50;146;;jah
1926-01-14;50;146;;jah
1926-01-15;50;146;;jah
1926-01-16;49,8;146;;jah
1926-01-17;49,5;146;;jah
1926-01-18;49,2;145;;jah
1926-01-19;49;145;;jah
1926-01-20;48,8;144;;jah
1926-01-21;48,4;143;;jah
1926-01-22;48,3;143;;jah
1926-01-23;48;142;;jah
1926-01-24;47,5;141;;jah
1926-01-25;47;140;;jah
1926-01-26;46,7;141;;jah
1926-01-27;46,5;140;;jah
1926-01-28;46;140;;jah
1926-01-29;45,5;139;;jah
1926-01-30;45,3;139;;jah
1926-01-31;45;140;;jah
1926-02-01;44,5;138;;jah
1926-02-02;44;137;;jah
1926-02-03;43,5;138;;jah
1926-02-04;43;135;;jah
1926-02-05;42,5;128;;jah
1926-02-06;41,8;127;;jah
1926-02-07;41,2;120;;jah
1926-02-08;40,7;119;;jah
1926-02-09;39,8;116;;jah
1926-02-10;39,7;116;;jah
1926-02-11;40;118;;jah
1926-02-12;40,8;124;;jah
1926-02-13;41,5;126;;jah
1926-02-14;42,5;130;;jah
1926-02-15;43,3;132;;jah
1926-02-16;44,2;134;;jah
1926-02-17;44,5;136;;jah
1926-02-18;44,8;135;;jah
1926-02-19;45;136;;jah
1926-02-20;45;137;;jah
1926-02-21;45;138;;jah
1926-02-22;44,8;138;;jah
1926-02-23;44,7;136;;jah
1926-02-24;47,2;133;;jah
1926-02-25;49,5;137;;jah
1926-02-26;51,5;138;;jah
1926-02-27;50,4;139;;jah
1926-02-28;49;138;;jah
1926-03-01;47,9;136;;jah
1926-03-02;48,2;136;;jah
1926-03-03;49;140;;jah
1926-03-04;50;147;;jah
1926-03-05;51;152;;jah
1926-03-06;52;155;;jah
1926-03-07;58,5;158;;jah
1926-03-08;64,5;161;;jah
1926-03-09;70,8;165;;jah
1926-03-10;71;177;;jah
1926-03-11;71;179;;jah
1926-03-12;71,2;181;;jah
1926-03-13;71,3;182;;jah
1926-03-14;70,9;167;;jah
1926-03-15;70,8;162;;jah
1926-03-16;65;160;;jah
1926-03-17;61,4;164;;jah
1926-03-18;59;160;;jah
1926-03-19;57,3;158;;jah
1926-03-20;56,3;152;;jah
1926-03-21;56;150;;jah
1926-03-22;55,6;152;;jah
1926-03-23;55,2;155;;jah
1926-03-24;55;150;;jah
1926-03-25;54,8;150;;jah
1926-03-26;54,6;145;;jah
1926-03-27;54,5;140;;jah
1926-03-28;54,4;140;;jah
1926-03-29;54,2;136;;jah
1926-03-30;54,1;132;;jah
1926-03-31;54,1;131;;jah
1926-04-01;54;;;jah
1926-04-02;54,2;;;jah
1926-04-03;54;;;jah
1926-04-04;53,9;;;jah
1926-04-05;62,6;;;jah
1926-04-06;74,8;;;jah
1926-04-07;81;;;jah
1926-04-08;85,8;;;jah
1926-04-09;87;;;jah
1926-04-10;86,4;;;jah
1926-04-11;86,9;;;jah
1926-04-12;87,1;;;jah
1926-04-13;91,4;;;jah
1926-04-14;100;;;jah
1926-04-15;100;;;jah
1926-04-16;111;;;jah
1926-04-17;146;;;jah
1926-04-18;180;;;jah
1926-04-19;212;;;jah
1926-04-20;244;;;jah
1926-04-21;235;;;jah
1926-04-22;269;;;jah
1926-04-23;303;;;jah
1926-04-24;345;;;jah
1926-04-25;369;;;jah
1926-04-26;393;;;jah
1926-04-27;389;;;jah
1926-04-28;375;;;jah
1926-04-29;361;;;jah
1926-04-30;354;;;jah
1926-05-01;338;;;jah
1926-05-02;329;;;jah
1926-05-03;334;;;jah
1926-05-04;320;;;jah
1926-05-05;316;;;jah
1926-05-06;309;;;jah
1926-05-07;296;;;jah
1926-05-08;288;;;jah
1926-05-09;278;;;jah
1926-05-10;273;;;jah
1926-05-11;262;;;jah
1926-05-12;252;;;jah
1926-05-13;241;;;jah
1926-05-14;235;;;jah
1926-05-15;221;;;jah
1926-05-16;212;;;jah
1926-05-17;207;;;jah
1926-05-18;207;;;jah
1926-05-19;199;;;jah
1926-05-20;191;;;jah
1926-05-21;184;;;jah
1926-05-22;178;;;jah
1926-05-23;170;;;jah
1926-05-24;166;;;jah
1926-05-25;161;;;jah
1926-05-26;154;;;jah
1926-05-27;149;;;jah
1926-05-28;144;;;jah
1926-05-29;139;;;jah
1926-05-30;134;;;jah
1926-05-31;131;;;jah
1926-06-01;126;;;jah
1926-06-02;121;;;jah
1926-06-03;113;;;jah
1926-06-04;108;;;jah
1926-06-05;99,5;;;jah
1926-06-06;90,2;;;jah
1926-06-07;81;;;jah
1926-06-08;81,8;;;jah
1926-06-09;82,6;;;jah
1926-06-10;83,4;;;jah
1926-06-11;84,4;;;jah
1926-06-12;83,1;;;jah
1926-06-13;81,7;;;jah
1926-06-14;80,3;;;jah
1926-06-15;77,5;;;jah
1926-06-16;74,7;;;jah
1926-06-17;73,3;;;jah
1926-06-18;72,5;;;jah
1926-06-19;71,9;;;jah
1926-06-20;71,3;;;jah
1926-06-21;70,9;;;jah
1926-06-22;70,7;;;jah
1926-06-23;70,7;;;jah
1926-06-24;69,7;;;jah
1926-06-25;69,6;;;jah
1926-06-26;69,6;;;jah
1926-06-27;69,5;;;jah
1926-06-28;69,3;;;jah
1926-06-29;69,1;;;jah
1926-06-30;68,2;;;jah
1926-07-01;73,3;;;jah
1926-07-02;72,3;;;jah
1926-07-03;71,6;;;jah
1926-07-04;70,9;;;jah
1926-07-05;70,3;;;jah
1926-07-06;68,7;;;jah
1926-07-07;68,1;;;jah
1926-07-08;67,1;;;jah
1926-07-09;65,9;;;jah
1926-07-10;64,9;;;jah
1926-07-11;63,5;;;jah
1926-07-12;62,6;;;jah
1926-07-13;61,2;;;jah
1926-07-14;59,3;;;jah
1926-07-15;57,6;;;jah
1926-07-16;57,6;;;jah
1926-07-17;57,6;;;jah
1926-07-18;56,7;;;jah
1926-07-19;55,8;;;jah
1926-07-20;55,4;;;jah
1926-07-21;55,4;;;jah
1926-07-22;54,9;;;jah
1926-07-23;54,6;;;jah
1926-07-24;53,7;;;jah
1926-07-25;53,3;;;jah
1926-07-26;53,3;;;jah
1926-07-27;52,9;;;jah
1926-07-28;52,9;;;jah
1926-07-29;52,9;;;jah
1926-07-30;51,7;;;jah
1926-07-31;51,7;;;jah
1926-08-01;51;;;jah
1926-08-02;50,5;;;jah
1926-08-03;50,2;;;jah
1926-08-04;49,7;;;jah
1926-08-05;49,3;;;jah
1926-08-06;49,7;;;jah
1926-08-07;48,6;;;jah
1926-08-08;47,2;;;jah
1926-08-09;46,8;;;jah
1926-08-10;45;;;jah
1926-08-11;46,4;;;jah
1926-08-12;46,7;;;jah
1926-08-13;45,7;;;jah
1926-08-14;45,1;;;jah
1926-08-15;44,7;;;jah
1926-08-16;44,7;;;jah
1926-08-17;45,1;;;jah
1926-08-18;44,7;;;jah
1926-08-19;44,3;;;jah
1926-08-20;44;;;jah
1926-08-21;43;;;jah
1926-08-22;42,3;;;jah
1926-08-23;41,8;;;jah
1926-08-24;40,9;;;jah
1926-08-25;40,3;;;jah
1926-08-26;39,6;;;jah
1926-08-27;39,4;;;jah
1926-08-28;39,1;;;jah
1926-08-29;38,8;;;jah
1926-08-30;38,5;;;jah
1926-08-31;38,1;;;jah
1926-09-01;37,6;;;jah
1926-09-02;37;;;jah
1926-09-03;37;;;jah
1926-09-04;37;;;jah
1926-09-05;37;;;jah
1926-09-06;36,9;;;jah
1926-09-07;36,9;;;jah
1926-09-08;36,9;;;jah
1926-09-09;36,9;;;jah
1926-09-10;36,9;;;jah
1926-09-11;36,5;;;jah
1926-09-12;36,5;;;jah
1926-09-13;36,2;;;jah
1926-09-14;36,2;;;jah
1926-09-15;36,2;;;jah
1926-09-16;35,4;;;jah
1926-09-17;35,3;;;jah
1926-09-18;34,1;;;jah
1926-09-19;33,6;;;jah
1926-09-20;34,1;;;jah
1926-09-21;36,2;;;jah
1926-09-22;35,2;;;jah
1926-09-23;35,2;;;jah
1926-09-24;34,1;;;jah
1926-09-25;34,1;;;jah
1926-09-26;35,4;;;jah
1926-09-27;31,4;;;jah
1926-09-28;30,4;;;jah
1926-09-29;29,5;;;jah
1926-09-30;28,6;;;jah
1926-10-01;25,7;;;jah
1926-10-02;26,7;;;jah
1926-10-03;27,7;;;jah
1926-10-04;28,7;;;jah
1926-10-05;29,7;;;jah
1926-10-06;30,7;;;jah
1926-10-07;32,5;;;jah
1926-10-08;32,5;;;jah
1926-10-09;33,7;;;jah
1926-10-10;34,9;;;jah
1926-10-11;35,7;;;jah
1926-10-12;37,1;;;jah
1926-10-13;37,7;;;jah
1926-10-14;38,1;;;jah
1926-10-15;38,5;;;jah
1926-10-16;36,5;;;jah
1926-10-17;36,4;;;jah
1926-10-18;36,8;;;jah
1926-10-19;37,3;;;jah
1926-10-20;36;;;jah
1926-10-21;36,4;;;jah
1926-10-22;38,6;;;jah
1926-10-23;42;;;jah
1926-10-24;34,7;;;jah
1926-10-25;34,6;;;jah
1926-10-26;34,6;;;jah
1926-10-27;35,7;;;jah
1926-10-28;37,4;;;jah
1926-10-29;36,4;;;jah
1926-10-30;36,4;;;jah
1926-10-31;36,4;;;jah
1926-11-01;36;;;jah
1926-11-02;35;;;jah
1926-11-03;36;;;jah
1926-11-04;35;;;jah
1926-11-05;37;;;jah
1926-11-06;38;;;jah
1926-11-07;38;;;jah
1926-11-08;38;;;jah
1926-11-09;38;;;jah
1926-11-10;41;;;jah
1926-11-11;43;;;jah
1926-11-12;43;;;jah
1926-11-13;44;;;jah
1926-11-14;44;;;jah
1926-11-15;45;;;jah
1926-11-16;46;;;jah
1926-11-17;45;;;jah
1926-11-18;46;;;jah
1926-11-19;47;;;jah
1926-11-20;48;;;jah
1926-11-21;50;;;jah
1926-11-22;54;;;jah
1926-11-23;53;;;jah
1926-11-24;56;;;jah
1926-11-25;51;;;jah
1926-11-26;52;;;jah
1926-11-27;53;;;jah
1926-11-28;55;;;jah
1926-11-29;56;;;jah
1926-11-30;53;;;jah
1926-12-01;52;107;;jah
1926-12-02;52;105;;jah
1926-12-03;51;113;;jah
1926-12-04;47;104;;jah
1926-12-05;42;98;;jah
1926-12-06;40;99;;jah
1926-12-07;39,5;98;;jah
1926-12-08;38,7;101;;jah
1926-12-09;38,3;102;;jah
1926-12-10;38;104;;jah
1926-12-11;37,8;105;;jah
1926-12-12;37,2;106;;jah
1926-12-13;37;108;;jah
1926-12-14;36,8;106;;jah
1926-12-15;36,6;106;;jah
1926-12-16;36,5;104;;jah
1926-12-17;36,2;102;;jah
1926-12-18;36;96;;jah
1926-12-19;36;91;;jah
1926-12-20;35,8;87;;jah
1926-12-21;35,8;88;;jah
1926-12-22;35,6;88;;jah
1926-12-23;35,2;91;;jah
1926-12-24;35;93;;jah
1926-12-25;35;97;;jah
1926-12-26;35;98;;jah
1926-12-27;35;98;;jah
1926-12-28;35;100;;jah
1926-12-29;35;102;;jah
1926-12-30;34,8;100;;jah
1926-12-31;34,6;96;;jah
1927-01-01;34,6;92;;jah
1927-01-02;35,1;92;;jah
1927-01-03;35,1;94;;jah
1927-01-04;35,1;94;;jah
1927-01-05;35,1;99;;jah
1927-01-06;35,1;98;;jah
1927-01-07;35,1;97;;jah
1927-01-08;35,2;98;;jah
1927-01-09;35,3;97;;jah
1927-01-10;35,3;96;;jah
1927-01-11;35,2;97;;jah
1927-01-12;35,1;96;;jah
1927-01-13;35;96;;jah
1927-01-14;35;92;;jah
1927-01-15;35,2;89;;jah
1927-01-16;35,3;89;;jah
1927-01-17;35,5;91;;jah
1927-01-18;35;95;;jah
1927-01-19;34,7;98;;jah
1927-01-20;34,3;98;;jah
1927-01-21;34,2;98;;jah
1927-01-22;34;98;;jah
1927-01-23;34,1;97;;jah
1927-01-24;34,3;97;;jah
1927-01-25;35;97;;jah
1927-01-26;35;98;;jah
1927-01-27;35;100;;jah
1927-01-28;35,1;100;;jah
1927-01-29;35,2;103;;jah
1927-01-30;35,3;103;;jah
1927-01-31;36;103;;jah
1927-02-01;36;104;;jah
1927-02-02;36;105;;jah
1927-02-03;35,8;108;;jah
1927-02-04;35,8;109;;jah
1927-02-05;35,6;108;;jah
1927-02-06;35,3;106;;jah
1927-02-07;35,1;106;;jah
1927-02-08;35;106;;jah
1927-02-09;35;106;;jah
1927-02-10;34,9;105;;jah
1927-02-11;34,9;105;;jah
1927-02-12;35;105;;jah
1927-02-13;35;105;;jah
1927-02-14;34,9;104;;jah
1927-02-15;34;106;;jah
1927-02-16;32,5;106;;jah
1927-02-17;32;104;;jah
1927-02-18;32;93;;jah
1927-02-19;32,1;92;;jah
1927-02-20;32,3;93;;jah
1927-02-21;32,4;93;;jah
1927-02-22;33;93;;jah
1927-02-23;33,5;93;;jah
1927-02-24;35;94;;jah
1927-02-25;35,5;96;;jah
1927-02-26;36,3;98;;jah
1927-02-27;37,5;100;;jah
1927-02-28;38,5;102;;jah
1927-03-01;39,1;106;;jah
1927-03-02;40,2;108;;jah
1927-03-03;41,3;111;;jah
1927-03-04;42,7;121;;jah
1927-03-05;45,5;130;;jah
1927-03-06;76;136;;jah
1927-03-07;84;147;;jah
1927-03-08;100;167;;jah
1927-03-09;116;182;;jah
1927-03-10;124;190;;jah
1927-03-11;130;195;;jah
1927-03-12;130;196;;jah
1927-03-13;127;193;;jah
1927-03-14;121;189;;jah
1927-03-15;113;182;;jah
1927-03-16;106;176;;jah
1927-03-17;94;164;;jah
1927-03-18;92;162;;jah
1927-03-19;88;158;;jah
1927-03-20;83;152;;jah
1927-03-21;81;151;;jah
1927-03-22;78,7;148;;jah
1927-03-23;77,8;147;;jah
1927-03-24;74,2;143;;jah
1927-03-25;71,9;140;;jah
1927-03-26;70,5;138;;jah
1927-03-27;69,1;136;;jah
1927-03-28;68,5;135;;jah
1927-03-29;64,2;130;;jah
1927-03-30;62,4;125;;jah
1927-03-31;60;120;;jah
1927-04-01;57,7;;;jah
1927-04-02;56,9;;;jah
1927-04-03;57,3;;;jah
1927-04-04;56,2;;;jah
1927-04-05;59,4;;;jah
1927-04-06;59,4;;;jah
1927-04-07;59,4;;;jah
1927-04-08;59,4;;;jah
1927-04-09;59,4;;;jah
1927-04-10;59,4;;;jah
1927-04-11;60,2;;;jah
1927-04-12;62,6;;;jah
1927-04-13;65;;;jah
1927-04-14;64,1;;;jah
1927-04-15;63,4;;;jah
1927-04-16;63,4;;;jah
1927-04-17;63,4;;;jah
1927-04-18;64,1;;;jah
1927-04-19;65;;;jah
1927-04-20;65,8;;;jah
1927-04-21;66,5;;;jah
1927-04-22;66,5;;;jah
1927-04-23;71,4;;;jah
1927-04-24;75,5;;;jah
1927-04-25;77,8;;;jah
1927-04-26;81;;;jah
1927-04-27;84;;;jah
1927-04-28;87,5;;;jah
1927-04-29;89,7;;;jah
1927-04-30;92;;;jah
1927-05-01;90,6;;;jah
1927-05-02;97,7;;;jah
1927-05-03;99,6;;;jah
1927-05-04;99,6;;;jah
1927-05-05;103;;;jah
1927-05-06;102;;;jah
1927-05-07;110;;;jah
1927-05-08;111;;;jah
1927-05-09;103;;;jah
1927-05-10;98;;;jah
1927-05-11;95,5;;;jah
1927-05-12;94,2;;;jah
1927-05-13;94,4;;;jah
1927-05-14;95,5;;;jah
1927-05-15;96;;;jah
1927-05-16;93,3;;;jah
1927-05-17;91,5;;;jah
1927-05-18;89,6;;;jah
1927-05-19;90;;;jah
1927-05-20;90,8;;;jah
1927-05-21;88,9;;;jah
1927-05-22;87;;;jah
1927-05-23;86,4;;;jah
1927-05-24;86,4;;;jah
1927-05-25;86,4;;;jah
1927-05-26;86,4;;;jah
1927-05-27;86,9;;;jah
1927-05-28;87,8;;;jah
1927-05-29;95,7;;;jah
1927-05-30;109;;;jah
1927-05-31;113;;;jah
1927-06-01;117;;;jah
1927-06-02;117;;;jah
1927-06-03;117;;;jah
1927-06-04;115;;;jah
1927-06-05;117;;;jah
1927-06-06;119;;;jah
1927-06-07;119;;;jah
1927-06-08;118;;;jah
1927-06-09;119;;;jah
1927-06-10;117;;;jah
1927-06-11;115;;;jah
1927-06-12;115;;;jah
1927-06-13;113;;;jah
1927-06-14;111;;;jah
1927-06-15;110;;;jah
1927-06-16;107;;;jah
1927-06-17;102;;;jah
1927-06-18;99,4;;;jah
1927-06-19;95,8;;;jah
1927-06-20;92,5;;;jah
1927-06-21;88,2;;;jah
1927-06-22;83,4;;;jah
1927-06-23;82,4;;;jah
1927-06-24;82,4;;;jah
1927-06-25;81,6;;;jah
1927-06-26;81,6;;;jah
1927-06-27;79,1;;;jah
1927-06-28;76,2;;;jah
1927-06-29;75,5;;;jah
1927-06-30;73,7;;;jah
1927-07-01;71,1;;;jah
1927-07-02;71,1;;;jah
1927-07-03;70,5;;;jah
1927-07-04;70,5;;;jah
1927-07-05;69,6;;;jah
1927-07-06;69,6;;;jah
1927-07-07;69,1;;;jah
1927-07-08;68,4;;;jah
1927-07-09;68,4;;;jah
1927-07-10;68,4;;;jah
1927-07-11;66,9;;;jah
1927-07-12;65,5;;;jah
1927-07-13;63,3;;;jah
1927-07-14;62,2;;;jah
1927-07-15;60,9;;;jah
1927-07-16;59,6;;;jah
1927-07-17;58,3;;;jah
1927-07-18;56,9;;;jah
1927-07-19;56,3;;;jah
1927-07-20;55,8;;;jah
1927-07-21;54,2;;;jah
1927-07-22;52,4;;;jah
1927-07-23;51,3;;;jah
1927-07-24;50,2;;;jah
1927-07-25;49,7;;;jah
1927-07-26;49,2;;;jah
1927-07-27;48,7;;;jah
1927-07-28;48,2;;;jah
1927-07-29;48;;;jah
1927-07-30;48;;;jah
1927-07-31;48;;;jah
1927-08-01;47;;;jah
1927-08-02;47;;;jah
1927-08-03;47;;;jah
1927-08-04;46;;;jah
1927-08-05;45;;;jah
1927-08-06;44;;;jah
1927-08-07;44;;;jah
1927-08-08;44;;;jah
1927-08-09;43;;;jah
1927-08-10;42;;;jah
1927-08-11;43;;;jah
1927-08-12;44;;;jah
1927-08-13;44;;;jah
1927-08-14;44;;;jah
1927-08-15;46;;;jah
1927-08-16;46;;;jah
1927-08-17;48;;;jah
1927-08-18;49;;;jah
1927-08-19;49;;;jah
1927-08-20;48;;;jah
1927-08-21;48;;;jah
1927-08-22;48;;;jah
1927-08-23;47;;;jah
1927-08-24;48;;;jah
1927-08-25;47;;;jah
1927-08-26;48;;;jah
1927-08-27;47;;;jah
1927-08-28;46;;;jah
1927-08-29;46;;;jah
1927-08-30;45;;;jah
1927-08-31;45;;;jah
1927-09-01;44;;;jah
1927-09-02;44;;;jah
1927-09-03;43;;;jah
1927-09-04;41;;;jah
1927-09-05;41;;;jah
1927-09-06;38;;;jah
1927-09-07;39;;;jah
1927-09-08;38;;;jah
1927-09-09;36;;;jah
1927-09-10;37;;;jah
1927-09-11;39;;;jah
1927-09-12;39;;;jah
1927-09-13;39;;;jah
1927-09-14;42;;;jah
1927-09-15;43;;;jah
1927-09-16;45;;;jah
1927-09-17;46;;;jah
1927-09-18;44;;;jah
1927-09-19;43;;;jah
1927-09-20;43;;;jah
1927-09-21;43;;;jah
1927-09-22;43;;;jah
1927-09-23;42;;;jah
1927-09-24;46;;;jah
1927-09-25;48;;;jah
1927-09-26;52;;;jah
1927-09-27;52;;;jah
1927-09-28;53;;;jah
1927-09-29;53;;;jah
1927-09-30;53;;;jah
1927-10-01;53;;;jah
1927-10-02;55;;;jah
1927-10-03;54;;;jah
1927-10-04;52;;;jah
1927-10-05;52;;;jah
1927-10-06;50;;;jah
1927-10-07;48;;;jah
1927-10-08;48;;;jah
1927-10-09;47;;;jah
1927-10-10;47;;;jah
1927-10-11;46;;;jah
1927-10-12;45;;;jah
1927-10-13;44;;;jah
1927-10-14;45;;;jah
1927-10-15;44;;;jah
1927-10-16;44;;;jah
1927-10-17;45;;;jah
1927-10-18;45;;;jah
1927-10-19;45;;;jah
1927-10-20;49;;;jah
1927-10-21;52;;;jah
1927-10-22;53;;;jah
1927-10-23;55;;;jah
1927-10-24;54;;;jah
1927-10-25;59;;;jah
1927-10-26;64;;;jah
1927-10-27;66;;;jah
1927-10-28;70;;;jah
1927-10-29;69;;;jah
1927-10-30;69;;;jah
1927-10-31;69;;;jah
1927-11-01;93;165;;jah
1927-11-02;93;167;;jah
1927-11-03;96;170;;jah
1927-11-04;95;174;;jah
1927-11-05;103;178;;jah
1927-11-06;106;183;;jah
1927-11-07;112;190;;jah
1927-11-08;127;201;;jah
1927-11-09;132;207;;jah
1927-11-10;133;211;;jah
1927-11-11;136;212;;jah
1927-11-12;120;199;;jah
1927-11-13;143;217;;jah
1927-11-14;157;225;;jah
1927-11-15;162;229;;jah
1927-11-16;165;231;;jah
1927-11-17;170;234;;jah
1927-11-18;165;236;;jah
1927-11-19;159;235;;jah
1927-11-20;154;235;;jah
1927-11-21;149;230;;jah
1927-11-22;139;226;;jah
1927-11-23;130;221;;jah
1927-11-24;120;213;;jah
1927-11-25;110;206;;jah
1927-11-26;100;207;;jah
1927-11-27;95;206;;jah
1927-11-28;91,5;205;;jah
1927-11-29;85;201;;jah
1927-11-30;75;197;;jah
1927-12-01;69;191;;jah
1927-12-02;62,2;186;;jah
1927-12-03;58;179;;jah
1927-12-04;55,5;176;;jah
1927-12-05;54,2;173;;jah
1927-12-06;53;166;;jah
1927-12-07;52,1;161;;jah
1927-12-08;51,7;157;;jah
1927-12-09;50,8;153;;jah
1927-12-10;50,2;147;;jah
1927-12-11;49,5;141;;jah
1927-12-12;49;139;;jah
1927-12-13;48,7;138;;jah
1927-12-14;48,5;137;;jah
1927-12-15;48;135;;jah
1927-12-16;47,5;133;;jah
1927-12-17;47,1;132;;jah
1927-12-18;47;131;;jah
1927-12-19;46,8;126;;jah
1927-12-20;46,5;128;;jah
1927-12-21;46,5;130;;jah
1927-12-22;46,1;129;;jah
1927-12-23;46;129;;jah
1927-12-24;45,6;128;;jah
1927-12-25;45,3;128;;jah
1927-12-26;45;126;;jah
1927-12-27;45;125;;jah
1927-12-28;45;126;;jah
1927-12-29;44,9;125;;jah
1927-12-30;45;127;;jah
1927-12-31;45;127;;jah
1928-01-01;45,3;126;;jah
1928-01-02;45,8;127;;jah
1928-01-03;46,2;128;;jah
1928-01-04;46,7;128;;jah
1928-01-05;47;126;;jah
1928-01-06;47,6;126;;jah
1928-01-07;48,9;133;;jah
1928-01-08;49;134;;jah
1928-01-09;49,2;132;;jah
1928-01-10;49,8;135;;jah
1928-01-11;51;136;;jah
1928-01-12;51,5;132;;jah
1928-01-13;52,5;139;;jah
1928-01-14;53,8;139;;jah
1928-01-15;55;137;;jah
1928-01-16;56,4;134;;jah
1928-01-17;53;140;;jah
1928-01-18;46,3;120;;jah
1928-01-19;46;117;;jah
1928-01-20;45;113;;jah
1928-01-21;44,8;110;;jah
1928-01-22;44,1;108;;jah
1928-01-23;43;105;;jah
1928-01-24;42,7;100;;jah
1928-01-25;42,9;102;;jah
1928-01-26;44,1;123;;jah
1928-01-27;46;137;;jah
1928-01-28;48,1;145;;jah
1928-01-29;50,4;143;;jah
1928-01-30;52,5;138;;jah
1928-01-31;53,9;138;;jah
1928-02-01;51,5;136;;jah
1928-02-02;50,8;133;;jah
1928-02-03;51,3;139;;jah
1928-02-04;45,9;121;;jah
1928-02-05;45,4;119;;jah
1928-02-06;45,1;116;;jah
1928-02-07;45,7;117;;jah
1928-02-08;46,5;128;;jah
1928-02-09;48,2;146;;jah
1928-02-10;50,4;159;;jah
1928-02-11;51,7;153;;jah
1928-02-12;52,4;147;;jah
1928-02-13;52;145;;jah
1928-02-14;51,5;143;;jah
1928-02-15;50,6;139;;jah
1928-02-16;49,5;138;;jah
1928-02-17;48,4;133;;jah
1928-02-18;46,9;129;;jah
1928-02-19;45,8;118;;jah
1928-02-20;45,6;115;;jah
1928-02-21;45,5;116;;jah
1928-02-22;45,4;116;;jah
1928-02-23;46;118;;jah
1928-02-24;48,2;124;;jah
1928-02-25;50;131;;jah
1928-02-26;49,8;130;;jah
1928-02-27;49,5;128;;jah
1928-02-28;48,7;129;;jah
1928-02-29;48;122;;jah
1928-03-01;47,1;124;;jah
1928-03-02;47,3;121;;jah
1928-03-03;45,5;120;;jah
1928-03-04;44,5;118;;jah
1928-03-05;43,8;117;;jah
1928-03-06;43,1;116;;jah
1928-03-07;42,2;115;;jah
1928-03-08;41,1;113;;jah
1928-03-09;40,5;112;;jah
1928-03-10;39,6;101;;jah
1928-03-11;39;106;;jah
1928-03-12;38,2;105;;jah
1928-03-13;37,5;105;;jah
1928-03-14;36,6;103;;jah
1928-03-15;36,2;103;;jah
1928-03-16;35;100;;jah
1928-03-17;34,6;97;;jah
1928-03-18;34,4;94;;jah
1928-03-19;33,8;91;;jah
1928-03-20;33,7;88;;jah
1928-03-21;33,5;84;;jah
1928-03-22;33,4;83;;jah
1928-03-23;33,2;81;;jah
1928-03-24;33;81;;jah
1928-03-25;37;82;;jah
1928-03-26;45,2;72;;jah
1928-03-27;46,5;73;;jah
1928-03-28;47,2;75;;jah
1928-03-29;45,2;93;;jah
1928-03-30;51,3;103;;jah
1928-03-31;57,8;113;;jah
1928-04-01;64,7;;;jah
1928-04-02;74,3;;;jah
1928-04-03;103;;;jah
1928-04-04;112;;;jah
1928-04-05;128;;;jah
1928-04-06;163;;;jah
1928-04-07;178;;;jah
1928-04-08;190;;;jah
1928-04-09;196;;;jah
1928-04-10;208;;;jah
1928-04-11;208;;;jah
1928-04-12;211;;;jah
1928-04-13;212;;;jah
1928-04-14;198;;;jah
1928-04-15;192;;;jah
1928-04-16;186;;;jah
1928-04-17;182;;;jah
1928-04-18;170;;;jah
1928-04-19;160;;;jah
1928-04-20;150;;;jah
1928-04-21;141;;;jah
1928-04-22;136;;;jah
1928-04-23;129;;;jah
1928-04-24;122;;;jah
1928-04-25;116;;;jah
1928-04-26;113;;;jah
1928-04-27;111;;;jah
1928-04-28;108;;;jah
1928-04-29;103;;;jah
1928-04-30;100;;;jah
1928-05-01;96,5;;;jah
1928-05-02;94;;;jah
1928-05-03;91,1;;;jah
1928-05-04;88,1;;;jah
1928-05-05;85;;;jah
1928-05-06;83;;;jah
1928-05-07;76,7;;;jah
1928-05-08;76,7;;;jah
1928-05-09;76;;;jah
1928-05-10;78;;;jah
1928-05-11;75,2;;;jah
1928-05-12;76,7;;;jah
1928-05-13;78;;;jah
1928-05-14;79;;;jah
1928-05-15;81;;;jah
1928-05-16;82,9;;;jah
1928-05-17;84,2;;;jah
1928-05-18;85,4;;;jah
1928-05-19;83,5;;;jah
1928-05-20;82,2;;;jah
1928-05-21;81;;;jah
1928-05-22;82,9;;;jah
1928-05-23;83,5;;;jah
1928-05-24;87;;;jah
1928-05-25;87;;;jah
1928-05-26;87;;;jah
1928-05-27;87,7;;;jah
1928-05-28;88,4;;;jah
1928-05-29;89;;;jah
1928-05-30;90;;;jah
1928-05-31;90,6;;;jah
1928-06-01;91,4;;;jah
1928-06-02;91,4;;;jah
1928-06-03;89;;;jah
1928-06-04;87;;;jah
1928-06-05;85,4;;;jah
1928-06-06;84,2;;;jah
1928-06-07;83,5;;;jah
1928-06-08;83,5;;;jah
1928-06-09;82,9;;;jah
1928-06-10;82,9;;;jah
1928-06-11;84,2;;;jah
1928-06-12;90,6;;;jah
1928-06-13;92,7;;;jah
1928-06-14;92,7;;;jah
1928-06-15;92,7;;;jah
1928-06-16;94,2;;;jah
1928-06-17;96,5;;;jah
1928-06-18;97,8;;;jah
1928-06-19;107;;;jah
1928-06-20;114;;;jah
1928-06-21;127;;;jah
1928-06-22;134;;;jah
1928-06-23;136;;;jah
1928-06-24;138;;;jah
1928-06-25;140;;;jah
1928-06-26;141;;;jah
1928-06-27;142;;;jah
1928-06-28;144;;;jah
1928-06-29;142;;;jah
1928-06-30;142;;;jah
1928-07-01;142;;;jah
1928-07-02;143;;;jah
1928-07-03;140;;;jah
1928-07-04;138;;;jah
1928-07-05;140;;;jah
1928-07-06;141;;;jah
1928-07-07;146;;;jah
1928-07-08;148;;;jah
1928-07-09;151;;;jah
1928-07-10;151;;;jah
1928-07-11;150;;;jah
1928-07-12;147;;;jah
1928-07-13;146;;;jah
1928-07-14;144;;;jah
1928-07-15;141;;;jah
1928-07-16;137;;;jah
1928-07-17;136;;;jah
1928-07-18;133;;;jah
1928-07-19;130;;;jah
1928-07-20;127;;;jah
1928-07-21;126;;;jah
1928-07-22;122;;;jah
1928-07-23;120;;;jah
1928-07-24;118;;;jah
1928-07-25;116;;;jah
1928-07-26;113;;;jah
1928-07-27;111;;;jah
1928-07-28;110;;;jah
1928-07-29;109;;;jah
1928-07-30;109;;;jah
1928-07-31;108;;;jah
1928-08-01;108;;;jah
1928-08-02;110;;;jah
1928-08-03;111;;;jah
1928-08-04;110;;;jah
1928-08-05;109;;;jah
1928-08-06;109;;;jah
1928-08-07;107;;;jah
1928-08-08;106;;;jah
1928-08-09;106;;;jah
1928-08-10;106;;;jah
1928-08-11;104;;;jah
1928-08-12;102;;;jah
1928-08-13;102;;;jah
1928-08-14;102;;;jah
1928-08-15;102;;;jah
1928-08-16;102;;;jah
1928-08-17;102;;;jah
1928-08-18;102;;;jah
1928-08-19;102;;;jah
1928-08-20;103;;;jah
1928-08-21;102;;;jah
1928-08-22;100;;;jah
1928-08-23;98,7;;;jah
1928-08-24;97,8;;;jah
1928-08-25;97;;;jah
1928-08-26;96,5;;;jah
1928-08-27;95,1;;;jah
1928-08-28;98,4;;;jah
1928-08-29;100;;;jah
1928-08-30;100;;;jah
1928-08-31;103;;;jah
1928-09-01;110;;;jah
1928-09-02;113;;;jah
1928-09-03;118;;;jah
1928-09-04;120;;;jah
1928-09-05;123;;;jah
1928-09-06;126;;;jah
1928-09-07;133;;;jah
1928-09-08;137;;;jah
1928-09-09;142;;;jah
1928-09-10;146;;;jah
1928-09-11;147;;;jah
1928-09-12;147;;;jah
1928-09-13;147;;;jah
1928-09-14;145;;;jah
1928-09-15;145;;;jah
1928-09-16;145;;;jah
1928-09-17;147;;;jah
1928-09-18;147;;;jah
1928-09-19;148;;;jah
1928-09-20;150;;;jah
1928-09-21;148;;;jah
1928-09-22;147;;;jah
1928-09-23;145;;;jah
1928-09-24;144;;;jah
1928-09-25;145;;;jah
1928-09-26;146;;;jah
1928-09-27;147;;;jah
1928-09-28;161;;;jah
1928-09-29;169;;;jah
1928-09-30;174;;;jah
1928-10-01;179;;;jah
1928-10-02;185;;;jah
1928-10-03;188;;;jah
1928-10-04;192;;;jah
1928-10-05;194;;;jah
1928-10-06;195;;;jah
1928-10-07;198;;;jah
1928-10-08;194;;;jah
1928-10-09;194;;;jah
1928-10-10;192;;;jah
1928-10-11;189;;;jah
1928-10-12;188;;;jah
1928-10-13;183;;;jah
1928-10-14;179;;;jah
1928-10-15;170;;;jah
1928-10-16;169;;;jah
1928-10-17;168;;;jah
1928-10-18;166;;;jah
1928-10-19;164;;;jah
1928-10-20;160;;;jah
1928-10-21;160;;;jah
1928-10-22;154;;;jah
1928-10-23;164;;;jah
1928-10-24;162;;;jah
1928-10-25;150;;;jah
1928-10-26;147;;;jah
1928-10-27;145;;;jah
1928-10-28;142;;;jah
1928-10-29;140;;;jah
1928-10-30;136;;;jah
1928-10-31;132;;;jah
1928-11-01;129;;;jah
1928-11-02;133;;;jah
1928-11-03;136;;;jah
1928-11-04;138;;;jah
1928-11-05;141;;;jah
1928-11-06;144;;;jah
1928-11-07;144;;;jah
1928-11-08;145;;;jah
1928-11-09;146;;;jah
1928-11-10;146;;;jah
1928-11-11;147;;;jah
1928-11-12;147;;;jah
1928-11-13;151;;;jah
1928-11-14;151;;;jah
1928-11-15;158;;;jah
1928-11-16;155;;;jah
1928-11-17;160;;;jah
1928-11-18;158;;;jah
1928-11-19;156;;;jah
1928-11-20;154;;;jah
1928-11-21;152;;;jah
1928-11-22;152;;;jah
1928-11-23;152;;;jah
1928-11-24;170;;;jah
1928-11-25;150;;;jah
1928-11-26;146;;;jah
1928-11-27;146;;;jah
1928-11-28;147;;;jah
1928-11-29;147;;;jah
1928-11-30;147;;;jah
1928-12-01;150;244;;jah
1928-12-02;150;245;;jah
1928-12-03;148;243;;jah
1928-12-04;147;242;;jah
1928-12-05;146;241;;jah
1928-12-06;145;240;;jah
1928-12-07;144;239;;jah
1928-12-08;142;238;;jah
1928-12-09;139;236;;jah
1928-12-10;138;235;;jah
1928-12-11;137;234;;jah
1928-12-12;137;235;;jah
1928-12-13;134;236;;jah
1928-12-14;131;239;;jah
1928-12-15;128;243;;jah
1928-12-16;103;248;;jah
1928-12-17;99;243;;jah
1928-12-18;97;242;;jah
1928-12-19;95;239;;jah
1928-12-20;93;238;;jah
1928-12-21;91;237;;jah
1928-12-22;89;239;;jah
1928-12-23;87,2;239;;jah
1928-12-24;85;238;;jah
1928-12-25;83;237;;jah
1928-12-26;80,6;236;;jah
1928-12-27;79;237;;jah
1928-12-28;76,5;237;;jah
1928-12-29;74,5;236;;jah
1928-12-30;72,3;233;;jah
1928-12-31;71,8;230;;jah
1929-01-01;69;224;;jah
1929-01-02;65,5;219;;jah
1929-01-03;63,8;216;;jah
1929-01-04;62,2;212;;jah
1929-01-05;60,5;206;;jah
1929-01-06;59,5;201;;jah
1929-01-07;58,5;196;;jah
1929-01-08;57,5;192;;jah
1929-01-09;56,4;188;;jah
1929-01-10;55,5;184;;jah
1929-01-11;54,5;184;;jah
1929-01-12;53,9;183;;jah
1929-01-13;53,2;179;;jah
1929-01-14;52,5;175;;jah
1929-01-15;52;183;;jah
1929-01-16;51,8;178;;jah
1929-01-17;51,8;178;;jah
1929-01-18;51,6;175;;jah
1929-01-19;51,5;174;;jah
1929-01-20;51,4;172;;jah
1929-01-21;51;171;;jah
1929-01-22;50,5;171;;jah
1929-01-23;50,2;171;;jah
1929-01-24;50;171;;jah
1929-01-25;49,7;170;;jah
1929-01-26;49,5;169;;jah
1929-01-27;49;168;;jah
1929-01-28;48,8;167;;jah
1929-01-29;48,6;167;;jah
1929-01-30;48,3;166;;jah
1929-01-31;48;165;;jah
1929-02-01;47,7;165;;jah
1929-02-02;47,5;166;;jah
1929-02-03;47,4;166;;jah
1929-02-04;47,3;165;;jah
1929-02-05;47,2;163;;jah
1929-02-06;47;163;;jah
1929-02-07;47;165;;jah
1929-02-08;46,7;164;;jah
1929-02-09;46,5;164;;jah
1929-02-10;46,5;164;;jah
1929-02-11;46,3;163;;jah
1929-02-12;46,2;162;;jah
1929-02-13;46,1;161;;jah
1929-02-14;46;162;;jah
1929-02-15;46;161;;jah
1929-02-16;46;161;;jah
1929-02-17;46;161;;jah
1929-02-18;46;160;;jah
1929-02-19;46;160;;jah
1929-02-20;46;159;;jah
1929-02-21;46,1;161;;jah
1929-02-22;46,2;162;;jah
1929-02-23;46,3;162;;jah
1929-02-24;46,4;160;;jah
1929-02-25;46,4;160;;jah
1929-02-26;46,4;160;;jah
1929-02-27;46,5;161;;jah
1929-02-28;46,6;161;;jah
1929-03-01;46,8;160;;jah
1929-03-02;47;162;;jah
1929-03-03;47,3;163;;jah
1929-03-04;47,8;163;;jah
1929-03-05;48;162;;jah
1929-03-06;48,5;163;;jah
1929-03-07;49,1;163;;jah
1929-03-08;49,8;164;;jah
1929-03-09;50,5;163;;jah
1929-03-10;51,5;161;;jah
1929-03-11;52,7;161;;jah
1929-03-12;54,3;163;;jah
1929-03-13;55,5;164;;jah
1929-03-14;57;165;;jah
1929-03-15;59,2;166;;jah
1929-03-16;61;167;;jah
1929-03-17;63;167;;jah
1929-03-18;65;168;;jah
1929-03-19;68;171;;jah
1929-03-20;71;177;;jah
1929-03-21;105;184;;jah
1929-03-22;112;192;;jah
1929-03-23;126;206;;jah
1929-03-24;143;221;;jah
1929-03-25;160;235;;jah
1929-03-26;165;239;;jah
1929-03-27;167;240;;jah
1929-03-28;169;242;;jah
1929-03-29;176;247;;jah
1929-03-30;185;253;;jah
1929-03-31;195;260;;jah
1929-04-01;200;263;;jah
1929-04-02;183;255;;jah
1929-04-03;178;252;;jah
1929-04-04;162;242;;jah
1929-04-05;153;236;;jah
1929-04-06;130;220;;jah
1929-04-07;113;207;;jah
1929-04-08;110;204;;jah
1929-04-09;106;200;;jah
1929-04-10;91,2;182;;jah
1929-04-11;86,4;175;;jah
1929-04-12;79,2;163;;jah
1929-04-13;74,6;154;;jah
1929-04-14;71,8;148;;jah
1929-04-15;70,5;145;;jah
1929-04-16;69,2;142;;jah
1929-04-17;69,2;142;;jah
1929-04-18;67,6;138;;jah
1929-04-19;69;143;;jah
1929-04-20;71,4;150;;jah
1929-04-21;73,4;156;;jah
1929-04-22;74,8;160;;jah
1929-04-23;74,8;160;;jah
1929-04-24;75,2;161;;jah
1929-04-25;75,6;162;;jah
1929-04-26;75,9;163;;jah
1929-04-27;76,6;165;;jah
1929-04-28;77,8;168;;jah
1929-04-29;79,4;172;;jah
1929-04-30;81,8;178;;jah
1929-05-01;81,8;;;jah
1929-05-02;82,2;;;jah
1929-05-03;82,8;;;jah
1929-05-04;82,2;;;jah
1929-05-05;84,2;;;jah
1929-05-06;86;;;jah
1929-05-07;86,4;;;jah
1929-05-08;87,4;;;jah
1929-05-09;87,8;;;jah
1929-05-10;87,8;;;jah
1929-05-11;87,8;;;jah
1929-05-12;87,8;;;jah
1929-05-13;87,4;;;jah
1929-05-14;86,4;;;jah
1929-05-15;85,8;;;jah
1929-05-16;85,4;;;jah
1929-05-17;84;;;jah
1929-05-18;83,2;;;jah
1929-05-19;84,6;;;jah
1929-05-20;86,4;;;jah
1929-05-21;85;;;jah
1929-05-22;85,8;;;jah
1929-05-23;86,4;;;jah
1929-05-24;87,8;;;jah
1929-05-25;90,4;;;jah
1929-05-26;90,4;;;jah
1929-05-27;89;;;jah
1929-05-28;87,4;;;jah
1929-05-29;86;;;jah
1929-05-30;84,6;;;jah
1929-05-31;82,4;;;jah
1929-06-01;80,8;;;jah
1929-06-02;80;;;jah
1929-06-03;78,7;;;jah
1929-06-04;78,7;;;jah
1929-06-05;78;;;jah
1929-06-06;79;;;jah
1929-06-07;80;;;jah
1929-06-08;83;;;jah
1929-06-09;84;;;jah
1929-06-10;83;;;jah
1929-06-11;84;;;jah
1929-06-12;83;;;jah
1929-06-13;82;;;jah
1929-06-14;80;;;jah
1929-06-15;78;;;jah
1929-06-16;77;;;jah
1929-06-17;76;;;jah
1929-06-18;75;;;jah
1929-06-19;75;;;jah
1929-06-20;72;;;jah
1929-06-21;71;;;jah
1929-06-22;67;;;jah
1929-06-23;64;;;jah
1929-06-24;62;;;jah
1929-06-25;60;;;jah
1929-06-26;61;;;jah
1929-06-27;62;;;jah
1929-06-28;62;;;jah
1929-06-29;62;;;jah
1929-06-30;62;;;jah
1929-07-01;59;;;jah
1929-07-02;58;;;jah
1929-07-03;56;;;jah
1929-07-04;54;;;jah
1929-07-05;56;;;jah
1929-07-06;55;;;jah
1929-07-07;56;;;jah
1929-07-08;58;;;jah
1929-07-09;58;;;jah
1929-07-10;59;;;jah
1929-07-11;59;;;jah
1929-07-12;60;;;jah
1929-07-13;61;;;jah
1929-07-14;62;;;jah
1929-07-15;64;;;jah
1929-07-16;62;;;jah
1929-07-17;61;;;jah
1929-07-18;61;;;jah
1929-07-19;60;;;jah
1929-07-20;60;;;jah
1929-07-21;60;;;jah
1929-07-22;58;;;jah
1929-07-23;57;;;jah
1929-07-24;56;;;jah
1929-07-25;56;;;jah
1929-07-26;55;;;jah
1929-07-27;55;;;jah
1929-07-28;54;;;jah
1929-07-29;53;;;jah
1929-07-30;55;;;jah
1929-07-31;55;;;jah
1929-08-01;56;;;jah
1929-08-02;52;;;jah
1929-08-03;54;;;jah
1929-08-04;55;;;jah
1929-08-05;54;;;jah
1929-08-06;56;;;jah
1929-08-07;56;;;jah
1929-08-08;56;;;jah
1929-08-09;57;;;jah
1929-08-10;54;;;jah
1929-08-11;55;;;jah
1929-08-12;54;;;jah
1929-08-13;51;;;jah
1929-08-14;51;;;jah
1929-08-15;52;;;jah
1929-08-16;50;;;jah
1929-08-17;50;;;jah
1929-08-18;49;;;jah
1929-08-19;49;;;jah
1929-08-20;49;;;jah
1929-08-21;48;;;jah
1929-08-22;46;;;jah
1929-08-23;45;;;jah
1929-08-24;45;;;jah
1929-08-25;45;;;jah
1929-08-26;43;;;jah
1929-08-27;43;;;jah
1929-08-28;39;;;jah
1929-08-29;38;;;jah
1929-08-30;41;;;jah
1929-08-31;42;;;jah
1929-09-01;42;;;jah
1929-09-02;42;;;jah
1929-09-03;42;;;jah
1929-09-04;42;;;jah
1929-09-05;42;;;jah
1929-09-06;41;;;jah
1929-09-07;41;;;jah
1929-09-08;42;;;jah
1929-09-09;43;;;jah
1929-09-10;42;;;jah
1929-09-11;44;;;jah
1929-09-12;44;;;jah
1929-09-13;45;;;jah
1929-09-14;45;;;jah
1929-09-15;45;;;jah
1929-09-16;45;;;jah
1929-09-17;45;;;jah
1929-09-18;44;;;jah
1929-09-19;43;;;jah
1929-09-20;43;;;jah
1929-09-21;43;;;jah
1929-09-22;43;;;jah
1929-09-23;44;;;jah
1929-09-24;43;;;jah
1929-09-25;43;;;jah
1929-09-26;42;;;jah
1929-09-27;42;;;jah
1929-09-28;42;;;jah
1929-09-29;42;;;jah
1929-09-30;42;;;jah
1929-10-01;41;;;jah
1929-10-02;41;;;jah
1929-10-03;45;;;jah
1929-10-04;47;;;jah
1929-10-05;47;;;jah
1929-10-06;48;;;jah
1929-10-07;49;;;jah
1929-10-08;48;;;jah
1929-10-09;46;;;jah
1929-10-10;44;;;jah
1929-10-11;45;;;jah
1929-10-12;44;;;jah
1929-10-13;42;;;jah
1929-10-14;44;;;jah
1929-10-15;47;;;jah
1929-10-16;48;;;jah
1929-10-17;49;;;jah
1929-10-18;50;;;jah
1929-10-19;51;;;jah
1929-10-20;52;;;jah
1929-10-21;55;;;jah
1929-10-22;57;;;jah
1929-10-23;57;;;jah
1929-10-24;58;;;jah
1929-10-25;59;;;jah
1929-10-26;58;;;jah
1929-10-27;58;;;jah
1929-10-28;58;;;jah
1929-10-29;60;;;jah
1929-10-30;58;;;jah
1929-10-31;59;;;jah
1929-11-01;59;;;jah
1929-11-02;59;;;jah
1929-11-03;58;;;jah
1929-11-04;59;;;jah
1929-11-05;60;;;jah
1929-11-06;59;;;jah
1929-11-07;60;;;jah
1929-11-08;60;;;jah
1929-11-09;60;;;jah
1929-11-10;60;;;jah
1929-11-11;62;;;jah
1929-11-12;60;;;jah
1929-11-13;61;;;jah
1929-11-14;61;;;jah
1929-11-15;62;;;jah
1929-11-16;59;;;jah
1929-11-17;62;;;jah
1929-11-18;63;;;jah
1929-11-19;64;;;jah
1929-11-20;66;;;jah
1929-11-21;68;;;jah
1929-11-22;70;;;jah
1929-11-23;70;;;jah
1929-11-24;71;;;jah
1929-11-25;71;;;jah
1929-11-26;71;;;jah
1929-11-27;69;;;jah
1929-11-28;69;;;jah
1929-11-29;70;;;jah
1929-11-30;70;;;jah
1929-12-01;70;132;;jah
1929-12-02;70;132;;jah
1929-12-03;71;133;;jah
1929-12-04;72;133;;jah
1929-12-05;73;135;;jah
1929-12-06;71;135;;jah
1929-12-07;72;136;;jah
1929-12-08;73;136;;jah
1929-12-09;73;137;;jah
1929-12-10;73;137;;jah
1929-12-11;71;135;;jah
1929-12-12;70;133;;jah
1929-12-13;67;131;;jah
1929-12-14;67;129;;jah
1929-12-15;68;127;;jah
1929-12-16;66;125;;jah
1929-12-17;63;124;;jah
1929-12-18;65;124;;jah
1929-12-19;63;123;;jah
1929-12-20;63;123;;jah
1929-12-21;63;124;;jah
1929-12-22;63;124;;jah
1929-12-23;64;125;;jah
1929-12-24;67;128;;jah
1929-12-25;68;129;;jah
1929-12-26;71;130;;jah
1929-12-27;71;133;;jah
1929-12-28;70;131;;jah
1929-12-29;70;129;;jah
1929-12-30;68;128;;jah
1929-12-31;70;134;;jah
1930-01-01;73;138;;jah
1930-01-02;74;142;;jah
1930-01-03;76;146;;jah
1930-01-04;80;149;;jah
1930-01-05;85;156;;jah
1930-01-06;89;164;;jah
1930-01-07;92;162;;jah
1930-01-08;93;163;;jah
1930-01-09;93;164;;jah
1930-01-10;96;168;;jah
1930-01-11;99;172;;jah
1930-01-12;100;172;;jah
1930-01-13;99;172;;jah
1930-01-14;99;171;;jah
1930-01-15;97;168;;jah
1930-01-16;93;164;;jah
1930-01-17;87;157;;jah
1930-01-18;84;153;;jah
1930-01-19;83;150;;jah
1930-01-20;78;146;;jah
1930-01-21;76;142;;jah
1930-01-22;73;137;;jah
1930-01-23;75;139;;jah
1930-01-24;78;144;;jah
1930-01-25;77;143;;jah
1930-01-26;77;142;;jah
1930-01-27;76;141;;jah
1930-01-28;74;140;;jah
1930-01-29;71;135;;jah
1930-01-30;69;140;;jah
1930-01-31;68;149;;jah
1930-02-01;59;141;;jah
1930-02-02;55;132;;jah
1930-02-03;50,5;128;;jah
1930-02-04;48,3;123;;jah
1930-02-05;48,7;127;;jah
1930-02-06;49;125;;jah
1930-02-07;49,2;127;;jah
1930-02-08;49,3;130;;jah
1930-02-09;49,9;131;;jah
1930-02-10;50,4;132;;jah
1930-02-11;52;134;;jah
1930-02-12;51,6;138;;jah
1930-02-13;50,9;140;;jah
1930-02-14;50,3;140;;jah
1930-02-15;49,9;139;;jah
1930-02-16;49,2;136;;jah
1930-02-17;48,5;134;;jah
1930-02-18;47;132;;jah
1930-02-19;46;128;;jah
1930-02-20;45;126;;jah
1930-02-21;43;124;;jah
1930-02-22;42,4;122;;jah
1930-02-23;42,2;121;;jah
1930-02-24;42,2;121;;jah
1930-02-25;42,4;121;;jah
1930-02-26;43,5;122;;jah
1930-02-27;45,5;121;;jah
1930-02-28;46,5;122;;jah
1930-03-01;57;123;;jah
1930-03-02;68,9;126;;jah
1930-03-03;72;131;;jah
1930-03-04;77,5;141;;jah
1930-03-05;81,9;147;;jah
1930-03-06;82,7;148;;jah
1930-03-07;84,3;150;;jah
1930-03-08;86;152;;jah
1930-03-09;88,2;155;;jah
1930-03-10;88,9;156;;jah
1930-03-11;87,5;154;;jah
1930-03-12;85,1;151;;jah
1930-03-13;93,5;162;;jah
1930-03-14;99,4;169;;jah
1930-03-15;100;175;;jah
1930-03-16;100;175;;jah
1930-03-17;105;176;;jah
1930-03-18;107;178;;jah
1930-03-19;108;179;;jah
1930-03-20;107;178;;jah
1930-03-21;106;177;;jah
1930-03-22;107;178;;jah
1930-03-23;108;179;;jah
1930-03-24;109;180;;jah
1930-03-25;110;181;;jah
1930-03-26;112;183;;jah
1930-03-27;112;183;;jah
1930-03-28;112;184;;jah
1930-03-29;113;185;;jah
1930-03-30;109;184;;jah
1930-03-31;109;184;;jah
1930-04-01;100;;;jah
1930-04-02;92;;;jah
1930-04-03;87,2;;;jah
1930-04-04;86,3;;;jah
1930-04-05;81,5;;;jah
1930-04-06;79,2;;;jah
1930-04-07;74,8;;;jah
1930-04-08;73,6;;;jah
1930-04-09;72;;;jah
1930-04-10;71,2;;;jah
1930-04-11;70,3;;;jah
1930-04-12;69,6;;;jah
1930-04-13;68,1;;;jah
1930-04-14;68,1;;;jah
1930-04-15;68,9;;;jah
1930-04-16;68,1;;;jah
1930-04-17;68,1;;;jah
1930-04-18;68,1;;;jah
1930-04-19;68,9;;;jah
1930-04-20;68,9;;;jah
1930-04-21;68,9;;;jah
1930-04-22;69,6;;;jah
1930-04-23;69,6;;;jah
1930-04-24;68,9;;;jah
1930-04-25;68,1;;;jah
1930-04-26;66,9;;;jah
1930-04-27;64,4;;;jah
1930-04-28;60,8;;;jah
1930-04-29;62,6;;;jah
1930-04-30;59,7;;;jah
1930-05-01;56,9;;;jah
1930-05-02;55;;;jah
1930-05-03;53,6;;;jah
1930-05-04;53,6;;;jah
1930-05-05;53,6;;;jah
1930-05-06;52,3;;;jah
1930-05-07;51,8;;;jah
1930-05-08;53,1;;;jah
1930-05-09;52,7;;;jah
1930-05-10;52,7;;;jah
1930-05-11;51,1;;;jah
1930-05-12;49,7;;;jah
1930-05-13;50,5;;;jah
1930-05-14;50;;;jah
1930-05-15;49,7;;;jah
1930-05-16;49,2;;;jah
1930-05-17;49,2;;;jah
1930-05-18;49,2;;;jah
1930-05-19;49,2;;;jah
1930-05-20;49,7;;;jah
1930-05-21;49,7;;;jah
1930-05-22;49,7;;;jah
1930-05-23;49,2;;;jah
1930-05-24;49,2;;;jah
1930-05-25;48,5;;;jah
1930-05-26;47,9;;;jah
1930-05-27;48,5;;;jah
1930-05-28;50,5;;;jah
1930-05-29;47,7;;;jah
1930-05-30;52,3;;;jah
1930-05-31;55;;;jah
1930-06-01;59,1;;;jah
1930-06-02;59,1;;;jah
1930-06-03;58,5;;;jah
1930-06-04;57,9;;;jah
1930-06-05;56;;;jah
1930-06-06;53;;;jah
1930-06-07;51,8;;;jah
1930-06-08;50,1;;;jah
1930-06-09;48,5;;;jah
1930-06-10;46,7;;;jah
1930-06-11;45,6;;;jah
1930-06-12;44,6;;;jah
1930-06-13;44,6;;;jah
1930-06-14;44,4;;;jah
1930-06-15;44;;;jah
1930-06-16;43,6;;;jah
1930-06-17;43,2;;;jah
1930-06-18;42,5;;;jah
1930-06-19;42,7;;;jah
1930-06-20;42,4;;;jah
1930-06-21;42,4;;;jah
1930-06-22;42,4;;;jah
1930-06-23;42,2;;;jah
1930-06-24;41,9;;;jah
1930-06-25;41,8;;;jah
1930-06-26;41,2;;;jah
1930-06-27;40,9;;;jah
1930-06-28;40,9;;;jah
1930-06-29;41,2;;;jah
1930-06-30;41,2;;;jah
1930-07-01;41,3;;;jah
1930-07-02;40,7;;;jah
1930-07-03;40,6;;;jah
1930-07-04;40,5;;;jah
1930-07-05;40,5;;;jah
1930-07-06;40,3;;;jah
1930-07-07;40,2;;;jah
1930-07-08;40,2;;;jah
1930-07-09;40,3;;;jah
1930-07-10;40,3;;;jah
1930-07-11;40,3;;;jah
1930-07-12;40,2;;;jah
1930-07-13;40,2;;;jah
1930-07-14;40,2;;;jah
1930-07-15;40,2;;;jah
1930-07-16;40,4;;;jah
1930-07-17;40,3;;;jah
1930-07-18;40,1;;;jah
1930-07-19;41;;;jah
1930-07-20;40,8;;;jah
1930-07-21;41;;;jah
1930-07-22;41,9;;;jah
1930-07-23;41,9;;;jah
1930-07-24;41,9;;;jah
1930-07-25;42,1;;;jah
1930-07-26;42,7;;;jah
1930-07-27;44,3;;;jah
1930-07-28;46,6;;;jah
1930-07-29;46,9;;;jah
1930-07-30;46,6;;;jah
1930-07-31;44,9;;;jah
1930-08-01;44,9;;;jah
1930-08-02;43,7;;;jah
1930-08-03;42,9;;;jah
1930-08-04;42,4;;;jah
1930-08-05;41,9;;;jah
1930-08-06;42,1;;;jah
1930-08-07;42,9;;;jah
1930-08-08;41,7;;;jah
1930-08-09;42,9;;;jah
1930-08-10;47,8;;;jah
1930-08-11;52,9;;;jah
1930-08-12;59,2;;;jah
1930-08-13;64,4;;;jah
1930-08-14;68,2;;;jah
1930-08-15;72,1;;;jah
1930-08-16;78,6;;;jah
1930-08-17;78,6;;;jah
1930-08-18;79,4;;;jah
1930-08-19;80,7;;;jah
1930-08-20;82,1;;;jah
1930-08-21;84,6;;;jah
1930-08-22;92;;;jah
1930-08-23;104;;;jah
1930-08-24;108;;;jah
1930-08-25;109;;;jah
1930-08-26;108;;;jah
1930-08-27;108;;;jah
1930-08-28;100;;;jah
1930-08-29;97,1;;;jah
1930-08-30;93,5;;;jah
1930-08-31;95,1;;;jah
1930-09-01;88,5;;;jah
1930-09-02;82;;;jah
1930-09-03;81,4;;;jah
1930-09-04;77,2;;;jah
1930-09-05;73,9;;;jah
1930-09-06;69,6;;;jah
1930-09-07;66,9;;;jah
1930-09-08;65,6;;;jah
1930-09-09;63;;;jah
1930-09-10;63;;;jah
1930-09-11;61,2;;;jah
1930-09-12;59,3;;;jah
1930-09-13;59,3;;;jah
1930-09-14;61,2;;;jah
1930-09-15;59,2;;;jah
1930-09-16;57,1;;;jah
1930-09-17;55,5;;;jah
1930-09-18;52,9;;;jah
1930-09-19;55,5;;;jah
1930-09-20;55;;;jah
1930-09-21;55,9;;;jah
1930-09-22;59,3;;;jah
1930-09-23;59,9;;;jah
1930-09-24;59,9;;;jah
1930-09-25;53,9;;;jah
1930-09-26;53,9;;;jah
1930-09-27;53,9;;;jah
1930-09-28;53,4;;;jah
1930-09-29;52,9;;;jah
1930-09-30;52,5;;;jah
1930-10-01;51,6;;;jah
1930-10-02;52,1;;;jah
1930-10-03;53,9;;;jah
1930-10-04;51,5;;;jah
1930-10-05;58,6;;;jah
1930-10-06;63,1;;;jah
1930-10-07;70,2;;;jah
1930-10-08;63,1;;;jah
1930-10-09;72,8;;;jah
1930-10-10;57,6;;;jah
1930-10-11;56,6;;;jah
1930-10-12;59,5;;;jah
1930-10-13;60,1;;;jah
1930-10-14;61,3;;;jah
1930-10-15;63,8;;;jah
1930-10-16;65,6;;;jah
1930-10-17;68,7;;;jah
1930-10-18;70,5;;;jah
1930-10-19;69,7;;;jah
1930-10-20;69,3;;;jah
1930-10-21;69,7;;;jah
1930-10-22;67,8;;;jah
1930-10-23;66,1;;;jah
1930-10-24;64,7;;;jah
1930-10-25;64,3;;;jah
1930-10-26;63,8;;;jah
1930-10-27;64,6;;;jah
1930-10-28;66,1;;;jah
1930-10-29;66,7;;;jah
1930-10-30;65,2;;;jah
1930-10-31;64,7;;;jah
1930-11-01;63,4;;;jah
1930-11-02;64,7;;;jah
1930-11-03;66,2;;;jah
1930-11-04;69,4;;;jah
1930-11-05;72,8;;;jah
1930-11-06;80,9;;;jah
1930-11-07;105;;;jah
1930-11-08;114;;;jah
1930-11-09;123;;;jah
1930-11-10;135;;;jah
1930-11-11;143;;;jah
1930-11-12;149;;;jah
1930-11-13;156;;;jah
1930-11-14;156;;;jah
1930-11-15;161;;;jah
1930-11-16;165;;;jah
1930-11-17;169;;;jah
1930-11-18;164;;;jah
1930-11-19;161;;;jah
1930-11-20;157;;;jah
1930-11-21;153;;;jah
1930-11-22;156;;;jah
1930-11-23;165;;;jah
1930-11-24;168;;;jah
1930-11-25;176;;;jah
1930-11-26;184;;;jah
1930-11-27;181;;;jah
1930-11-28;165;;;jah
1930-11-29;152;;;jah
1930-11-30;147;;;jah
1930-12-01;142;245;;jah
1930-12-02;141;244;;jah
1930-12-03;141;244;;jah
1930-12-04;138;241;;jah
1930-12-05;136;239;;jah
1930-12-06;136;239;;jah
1930-12-07;136;239;;jah
1930-12-08;134;238;;jah
1930-12-09;128;229;;jah
1930-12-10;125;225;;jah
1930-12-11;123;223;;jah
1930-12-12;122;221;;jah
1930-12-13;118;208;;jah
1930-12-14;114;208;;jah
1930-12-15;110;208;;jah
1930-12-16;106;208;;jah
1930-12-17;102;208;;jah
1930-12-18;98;207;;jah
1930-12-19;93,8;210;;jah
1930-12-20;89,5;217;;jah
1930-12-21;86;222;;jah
1930-12-22;83,8;227;;jah
1930-12-23;81,5;231;;jah
1930-12-24;78,6;234;;jah
1930-12-25;76,9;233;;jah
1930-12-26;74,6;233;;jah
1930-12-27;72,7;230;;jah
1930-12-28;71;228;;jah
1930-12-29;69,5;225;;jah
1930-12-30;67,8;222;;jah
1930-12-31;66;215;;jah
1931-01-01;64,5;211;;jah
1931-01-02;63,6;198;;jah
1931-01-03;62,8;193;;jah
1931-01-04;62;189;;jah
1931-01-05;61,2;183;;jah
1931-01-06;60,4;179;;jah
1931-01-07;59,8;177;;jah
1931-01-08;59,2;174;;jah
1931-01-09;58,5;175;;jah
1931-01-10;57,9;174;;jah
1931-01-11;57,5;173;;jah
1931-01-12;57,2;174;;jah
1931-01-13;56,8;174;;jah
1931-01-14;56,7;174;;jah
1931-01-15;56,4;174;;jah
1931-01-16;56;174;;jah
1931-01-17;55,6;175;;jah
1931-01-18;55,3;175;;jah
1931-01-19;55;175;;jah
1931-01-20;54,9;174;;jah
1931-01-21;54,6;174;;jah
1931-01-22;54,2;172;;jah
1931-01-23;53,9;170;;jah
1931-01-24;53,8;170;;jah
1931-01-25;53,6;170;;jah
1931-01-26;53,4;168;;jah
1931-01-27;53;168;;jah
1931-01-28;53;168;;jah
1931-01-29;52,9;168;;jah
1931-01-30;52,8;168;;jah
1931-01-31;52,5;167;;jah
1931-02-01;52,3;165;;jah
1931-02-02;52,1;165;;jah
1931-02-03;52;164;;jah
1931-02-04;52;164;;jah
1931-02-05;51,9;163;;jah
1931-02-06;51,5;163;;jah
1931-02-07;51,4;162;;jah
1931-02-08;51,3;162;;jah
1931-02-09;51,1;161;;jah
1931-02-10;51;160;;jah
1931-02-11;50,9;160;;jah
1931-02-12;50,8;160;;jah
1931-02-13;50,7;160;;jah
1931-02-14;50,6;159;;jah
1931-02-15;50,5;159;;jah
1931-02-16;50,4;158;;jah
1931-02-17;50,4;157;;jah
1931-02-18;50,3;156;;jah
1931-02-19;50,2;155;;jah
1931-02-20;50,2;154;;jah
1931-02-21;50,2;152;;jah
1931-02-22;50,2;158;;jah
1931-02-23;50,2;159;;jah
1931-02-24;50,2;159;;jah
1931-02-25;50,2;160;;jah
1931-02-26;50,2;160;;jah
1931-02-27;50,2;160;;jah
1931-02-28;50,2;158;;jah
1931-03-01;50;154;;jah
1931-03-02;49,8;146;;jah
1931-03-03;49,7;145;;jah
1931-03-04;49,6;149;;jah
1931-03-05;49,5;150;;jah
1931-03-06;49,4;150;;jah
1931-03-07;49,3;150;;jah
1931-03-08;49,2;150;;jah
1931-03-09;49,1;149;;jah
1931-03-10;49;149;;jah
1931-03-11;49;150;;jah
1931-03-12;48,9;150;;jah
1931-03-13;48,9;150;;jah
1931-03-14;48,9;150;;jah
1931-03-15;48,8;151;;jah
1931-03-16;48,8;151;;jah
1931-03-17;48,8;151;;jah
1931-03-18;48,8;150;;jah
1931-03-19;48,8;150;;jah
1931-03-20;48,8;152;;jah
1931-03-21;48,8;155;;jah
1931-03-22;48,8;155;;jah
1931-03-23;48,7;156;;jah
1931-03-24;48,8;158;;jah
1931-03-25;48,8;157;;jah
1931-03-26;48,8;155;;jah
1931-03-27;48,8;155;;jah
1931-03-28;49;153;;jah
1931-03-29;49,2;147;;jah
1931-03-30;49,8;142;;jah
1931-03-31;50,2;131;;jah
1931-04-01;68;;;jah
1931-04-02;66,9;;;jah
1931-04-03;65,8;;;jah
1931-04-04;64,7;;;jah
1931-04-05;63,8;;;jah
1931-04-06;63,7;;;jah
1931-04-07;62,8;;;jah
1931-04-08;62,1;;;jah
1931-04-09;62;;;jah
1931-04-10;61;;;jah
1931-04-11;60,7;;;jah
1931-04-12;60;;;jah
1931-04-13;59,8;;;jah
1931-04-14;60,8;;;jah
1931-04-15;62,8;;;jah
1931-04-16;66,2;;;jah
1931-04-17;73;;;jah
1931-04-18;81;;;jah
1931-04-19;96,5;;;jah
1931-04-20;123;;;jah
1931-04-21;142;;;jah
1931-04-22;162;;;jah
1931-04-23;199;;;jah
1931-04-24;219;;;jah
1931-04-25;244;;;jah
1931-04-26;271;;;jah
1931-04-27;297;;;jah
1931-04-28;320;;;jah
1931-04-29;331;;;jah
1931-04-30;341;;;jah
1931-05-01;341;;;jah
1931-05-02;320;;;jah
1931-05-03;300;;;jah
1931-05-04;285;;;jah
1931-05-05;275;;;jah
1931-05-06;262;;;jah
1931-05-07;251;;;jah
1931-05-08;239;;;jah
1931-05-09;227;;;jah
1931-05-10;216;;;jah
1931-05-11;204;;;jah
1931-05-12;194;;;jah
1931-05-13;184;;;jah
1931-05-14;174;;;jah
1931-05-15;163;;;jah
1931-05-16;153;;;jah
1931-05-17;146;;;jah
1931-05-18;144;;;jah
1931-05-19;133;;;jah
1931-05-20;125;;;jah
1931-05-21;117;;;jah
1931-05-22;109;;;jah
1931-05-23;103;;;jah
1931-05-24;109;;;jah
1931-05-25;108;;;jah
1931-05-26;109;;;jah
1931-05-27;106;;;jah
1931-05-28;102;;;jah
1931-05-29;98;;;jah
1931-05-30;95;;;jah
1931-05-31;83;;;jah
1931-06-01;93;;;jah
1931-06-02;89;;;jah
1931-06-03;87;;;jah
1931-06-04;83;;;jah
1931-06-05;84;;;jah
1931-06-06;81;;;jah
1931-06-07;80;;;jah
1931-06-08;77;;;jah
1931-06-09;77;;;jah
1931-06-10;78;;;jah
1931-06-11;75;;;jah
1931-06-12;74;;;jah
1931-06-13;72;;;jah
1931-06-14;70;;;jah
1931-06-15;68;;;jah
1931-06-16;69;;;jah
1931-06-17;65;;;jah
1931-06-18;65;;;jah
1931-06-19;65;;;jah
1931-06-20;65;;;jah
1931-06-21;63;;;jah
1931-06-22;64;;;jah
1931-06-23;64;;;jah
1931-06-24;60;;;jah
1931-06-25;64;;;jah
1931-06-26;63;;;jah
1931-06-27;59;;;jah
1931-06-28;58;;;jah
1931-06-29;58;;;jah
1931-06-30;57;;;jah
1931-07-01;55;;;jah
1931-07-02;56;;;jah
1931-07-03;56;;;jah
1931-07-04;56;;;jah
1931-07-05;56;;;jah
1931-07-06;55;;;jah
1931-07-07;55;;;jah
1931-07-08;55;;;jah
1931-07-09;54;;;jah
1931-07-10;54;;;jah
1931-07-11;53;;;jah
1931-07-12;52;;;jah
1931-07-13;51;;;jah
1931-07-14;50;;;jah
1931-07-15;51;;;jah
1931-07-16;51;;;jah
1931-07-17;52;;;jah
1931-07-18;48;;;jah
1931-07-19;48;;;jah
1931-07-20;47;;;jah
1931-07-21;47;;;jah
1931-07-22;50;;;jah
1931-07-23;48;;;jah
1931-07-24;48;;;jah
1931-07-25;48;;;jah
1931-07-26;48;;;jah
1931-07-27;47;;;jah
1931-07-28;47;;;jah
1931-07-29;48;;;jah
1931-07-30;48;;;jah
1931-07-31;48;;;jah
1931-08-01;47;;;jah
1931-08-02;46;;;jah
1931-08-03;46;;;jah
1931-08-04;46;;;jah
1931-08-05;45;;;jah
1931-08-06;44;;;jah
1931-08-07;43;;;jah
1931-08-08;42;;;jah
1931-08-09;42;;;jah
1931-08-10;40;;;jah
1931-08-11;42;;;jah
1931-08-12;40;;;jah
1931-08-13;38;;;jah
1931-08-14;39;;;jah
1931-08-15;40;;;jah
1931-08-16;38;;;jah
1931-08-17;40;;;jah
1931-08-18;39;;;jah
1931-08-19;38;;;jah
1931-08-20;38;;;jah
1931-08-21;38;;;jah
1931-08-22;37;;;jah
1931-08-23;41;;;jah
1931-08-24;41;;;jah
1931-08-25;41;;;jah
1931-08-26;40;;;jah
1931-08-27;44;;;jah
1931-08-28;47;;;jah
1931-08-29;47;;;jah
1931-08-30;47;;;jah
1931-08-31;48;;;jah
1931-09-01;42;;;jah
1931-09-02;42;;;jah
1931-09-03;41;;;jah
1931-09-04;43;;;jah
1931-09-05;44;;;jah
1931-09-06;48;;;jah
1931-09-07;47;;;jah
1931-09-08;48;;;jah
1931-09-09;47;;;jah
1931-09-10;48;;;jah
1931-09-11;47;;;jah
1931-09-12;47;;;jah
1931-09-13;44;;;jah
1931-09-14;56;;;jah
1931-09-15;60;;;jah
1931-09-16;58;;;jah
1931-09-17;57;;;jah
1931-09-18;56;;;jah
1931-09-19;55;;;jah
1931-09-20;53;;;jah
1931-09-21;53;;;jah
1931-09-22;53;;;jah
1931-09-23;51;;;jah
1931-09-24;51;;;jah
1931-09-25;48;;;jah
1931-09-26;47;;;jah
1931-09-27;52;;;jah
1931-09-28;45;;;jah
1931-09-29;45;;;jah
1931-09-30;43;;;jah
1931-10-01;43;;;jah
1931-10-02;42;;;jah
1931-10-03;41;;;jah
1931-10-04;40;;;jah
1931-10-05;39;;;jah
1931-10-06;41;;;jah
1931-10-07;41;;;jah
1931-10-08;41;;;jah
1931-10-09;41;;;jah
1931-10-10;41;;;jah
1931-10-11;40;;;jah
1931-10-12;42;;;jah
1931-10-13;42;;;jah
1931-10-14;42;;;jah
1931-10-15;42;;;jah
1931-10-16;38;;;jah
1931-10-17;38;;;jah
1931-10-18;38;;;jah
1931-10-19;42;;;jah
1931-10-20;44;;;jah
1931-10-21;41;;;jah
1931-10-22;38;;;jah
1931-10-23;44;;;jah
1931-10-24;48;;;jah
1931-10-25;50;;;jah
1931-10-26;58;;;jah
1931-10-27;59;;;jah
1931-10-28;58;;;jah
1931-10-29;56;;;jah
1931-10-30;55;;;jah
1931-10-31;55;;;jah
1931-11-01;54;102;;jah
1931-11-02;54;99;;jah
1931-11-03;53;100;;jah
1931-11-04;54;99;;jah
1931-11-05;54;99;;jah
1931-11-06;56;105;;jah
1931-11-07;60;114;;jah
1931-11-08;58;110;;jah
1931-11-09;56;108;;jah
1931-11-10;57;109;;jah
1931-11-11;54;105;;jah
1931-11-12;55;106;;jah
1931-11-13;56;108;;jah
1931-11-14;57;110;;jah
1931-11-15;60;120;;jah
1931-11-16;67;130;;jah
1931-11-17;78;148;;jah
1931-11-18;87;158;;jah
1931-11-19;84;155;;jah
1931-11-20;85;155;;jah
1931-11-21;83;153;;jah
1931-11-22;80;150;;jah
1931-11-23;76;144;;jah
1931-11-24;72;138;;jah
1931-11-25;74;141;;jah
1931-11-26;75,5;145;;jah
1931-11-27;71,2;141;;jah
1931-11-28;66,9;144;;jah
1931-11-29;61,8;141;;jah
1931-11-30;56,9;140;;jah
1931-12-01;54,6;138;;jah
1931-12-02;51,5;135;;jah
1931-12-03;49,7;132;;jah
1931-12-04;48,8;132;;jah
1931-12-05;46,8;129;;jah
1931-12-06;45,9;126;;jah
1931-12-07;45,2;124;;jah
1931-12-08;44,5;121;;jah
1931-12-09;43,6;121;;jah
1931-12-10;43;119;;jah
1931-12-11;43;118;;jah
1931-12-12;42,4;115;;jah
1931-12-13;42,3;114;;jah
1931-12-14;42,1;111;;jah
1931-12-15;42;109;;jah
1931-12-16;42,2;107;;jah
1931-12-17;42,2;99;;jah
1931-12-18;42,3;95;;jah
1931-12-19;42,4;98;;jah
1931-12-20;42,4;100;;jah
1931-12-21;42,4;100;;jah
1931-12-22;42,3;100;;jah
1931-12-23;42;100;;jah
1931-12-24;41,8;100;;jah
1931-12-25;41,6;102;;jah
1931-12-26;41,4;106;;jah
1931-12-27;41;108;;jah
1931-12-28;40,4;110;;jah
1931-12-29;40;112;;jah
1931-12-30;39,7;109;;jah
1931-12-31;38,9;108;;jah
1932-01-01;38,4;104;;jah
1932-01-02;38;100;;jah
1932-01-03;37,8;96;;jah
1932-01-04;37,3;92;;jah
1932-01-05;37,3;87;;jah
1932-01-06;37,4;90;;jah
1932-01-07;39;96;;jah
1932-01-08;43;107;;jah
1932-01-09;48;116;;jah
1932-01-10;51,2;126;;jah
1932-01-11;56,5;128;;jah
1932-01-12;63;130;;jah
1932-01-13;63,4;127;;jah
1932-01-14;63,8;124;;jah
1932-01-15;64;126;;jah
1932-01-16;64;124;;jah
1932-01-17;69,8;135;;jah
1932-01-18;75,4;145;;jah
1932-01-19;88,8;166;;jah
1932-01-20;117;205;;jah
1932-01-21;133;225;;jah
1932-01-22;150;243;;jah
1932-01-23;152;245;;jah
1932-01-24;149;244;;jah
1932-01-25;146;243;;jah
1932-01-26;144;242;;jah
1932-01-27;140;240;;jah
1932-01-28;139;241;;jah
1932-01-29;139;242;;jah
1932-01-30;139;242;;jah
1932-01-31;138;243;;jah
1932-02-01;138;243;;jah
1932-02-02;112;221;;jah
1932-02-03;86;214;;jah
1932-02-04;83;204;;jah
1932-02-05;78,9;196;;jah
1932-02-06;76,2;185;;jah
1932-02-07;74,9;187;;jah
1932-02-08;73,2;179;;jah
1932-02-09;70,8;171;;jah
1932-02-10;68,3;163;;jah
1932-02-11;66,1;158;;jah
1932-02-12;67;169;;jah
1932-02-13;67;168;;jah
1932-02-14;66,9;169;;jah
1932-02-15;67,4;169;;jah
1932-02-16;66,2;169;;jah
1932-02-17;65,7;169;;jah
1932-02-18;64,9;170;;jah
1932-02-19;64,4;171;;jah
1932-02-20;63,6;174;;jah
1932-02-21;62,6;172;;jah
1932-02-22;61,9;170;;jah
1932-02-23;61,7;169;;jah
1932-02-24;61,3;166;;jah
1932-02-25;60,1;165;;jah
1932-02-26;59,3;162;;jah
1932-02-27;58,8;162;;jah
1932-02-28;58;161;;jah
1932-02-29;57,5;160;;jah
1932-03-01;56,7;160;;jah
1932-03-02;56,2;166;;jah
1932-03-03;55,6;170;;jah
1932-03-04;55,2;166;;jah
1932-03-05;54,9;164;;jah
1932-03-06;54,4;161;;jah
1932-03-07;54;158;;jah
1932-03-08;53,6;153;;jah
1932-03-09;53,3;125;;jah
1932-03-10;52,8;109;;jah
1932-03-11;52,3;120;;jah
1932-03-12;52;127;;jah
1932-03-13;51,7;134;;jah
1932-03-14;51,3;139;;jah
1932-03-15;51;154;;jah
1932-03-16;50,7;157;;jah
1932-03-17;50,3;159;;jah
1932-03-18;50,1;158;;jah
1932-03-19;49,8;159;;jah
1932-03-20;49,5;156;;jah
1932-03-21;49,3;150;;jah
1932-03-22;49,2;152;;jah
1932-03-23;49;151;;jah
1932-03-24;49;149;;jah
1932-03-25;49,1;147;;jah
1932-03-26;49,1;143;;jah
1932-03-27;49,3;138;;jah
1932-03-28;49,7;127;;jah
1932-03-29;50;125;;jah
1932-03-30;51;115;;jah
1932-03-31;52,2;108;;jah
1932-04-01;58,4;;;jah
1932-04-02;58,3;;;jah
1932-04-03;62,6;;;jah
1932-04-04;70,7;;;jah
1932-04-05;100;;;jah
1932-04-06;137;;;jah
1932-04-07;147;;;jah
1932-04-08;156;;;jah
1932-04-09;162;;;jah
1932-04-10;166;;;jah
1932-04-11;186;;;jah
1932-04-12;202;;;jah
1932-04-13;226;;;jah
1932-04-14;242;;;jah
1932-04-15;256;;;jah
1932-04-16;264;;;jah
1932-04-17;272;;;jah
1932-04-18;274;;;jah
1932-04-19;256;;;jah
1932-04-20;243;;;jah
1932-04-21;234;;;jah
1932-04-22;226;;;jah
1932-04-23;215;;;jah
1932-04-24;200;;;jah
1932-04-25;188;;;jah
1932-04-26;180;;;jah
1932-04-27;169;;;jah
1932-04-28;163;;;jah
1932-04-29;156;;;jah
1932-04-30;141;;;jah
1932-05-01;133;;;jah
1932-05-02;128;;;jah
1932-05-03;122;;;jah
1932-05-04;117;;;jah
1932-05-05;114;;;jah
1932-05-06;112;;;jah
1932-05-07;109;;;jah
1932-05-08;109;;;jah
1932-05-09;108;;;jah
1932-05-10;108;;;jah
1932-05-11;109;;;jah
1932-05-12;111;;;jah
1932-05-13;113;;;jah
1932-05-14;114;;;jah
1932-05-15;114;;;jah
1932-05-16;114;;;jah
1932-05-17;114;;;jah
1932-05-18;111;;;jah
1932-05-19;109;;;jah
1932-05-20;105;;;jah
1932-05-21;101;;;jah
1932-05-22;100;;;jah
1932-05-23;101;;;jah
1932-05-24;100;;;jah
1932-05-25;98,9;;;jah
1932-05-26;98;;;jah
1932-05-27;98;;;jah
1932-05-28;99,5;;;jah
1932-05-29;98;;;jah
1932-05-30;98;;;jah
1932-05-31;97;;;jah
1932-06-01;97,1;;;jah
1932-06-02;92,5;;;jah
1932-06-03;91;;;jah
1932-06-04;89,2;;;jah
1932-06-05;87;;;jah
1932-06-06;83,5;;;jah
1932-06-07;79,9;;;jah
1932-06-08;77,1;;;jah
1932-06-09;74,9;;;jah
1932-06-10;73,3;;;jah
1932-06-11;74,2;;;jah
1932-06-12;72,2;;;jah
1932-06-13;72,2;;;jah
1932-06-14;71,6;;;jah
1932-06-15;70,7;;;jah
1932-06-16;70,7;;;jah
1932-06-17;66,5;;;jah
1932-06-18;65,3;;;jah
1932-06-19;64,8;;;jah
1932-06-20;63,2;;;jah
1932-06-21;64,1;;;jah
1932-06-22;64,1;;;jah
1932-06-23;62,6;;;jah
1932-06-24;64,1;;;jah
1932-06-25;62,4;;;jah
1932-06-26;61,9;;;jah
1932-06-27;58,8;;;jah
1932-06-28;57,9;;;jah
1932-06-29;57,9;;;jah
1932-06-30;58;;;jah
1932-07-01;58;;;jah
1932-07-02;57,2;;;jah
1932-07-03;55,3;;;jah
1932-07-04;55,3;;;jah
1932-07-05;55,3;;;jah
1932-07-06;55;;;jah
1932-07-07;54,8;;;jah
1932-07-08;54,2;;;jah
1932-07-09;52,9;;;jah
1932-07-10;51,9;;;jah
1932-07-11;51,9;;;jah
1932-07-12;51,5;;;jah
1932-07-13;49,9;;;jah
1932-07-14;49,1;;;jah
1932-07-15;49,1;;;jah
1932-07-16;49,1;;;jah
1932-07-17;49,1;;;jah
1932-07-18;48,3;;;jah
1932-07-19;46,4;;;jah
1932-07-20;46,1;;;jah
1932-07-21;45,5;;;jah
1932-07-22;45,9;;;jah
1932-07-23;45,9;;;jah
1932-07-24;45,9;;;jah
1932-07-25;44,8;;;jah
1932-07-26;44;;;jah
1932-07-27;44;;;jah
1932-07-28;43,3;;;jah
1932-07-29;44;;;jah
1932-07-30;43,1;;;jah
1932-07-31;42;;;jah
1932-08-01;42;;;jah
1932-08-02;40,4;;;jah
1932-08-03;40,4;;;jah
1932-08-04;41,7;;;jah
1932-08-05;41,2;;;jah
1932-08-06;41,2;;;jah
1932-08-07;41,8;;;jah
1932-08-08;41,8;;;jah
1932-08-09;41,7;;;jah
1932-08-10;41,2;;;jah
1932-08-11;40,9;;;jah
1932-08-12;40;;;jah
1932-08-13;40;;;jah
1932-08-14;39,5;;;jah
1932-08-15;38,7;;;jah
1932-08-16;38,7;;;jah
1932-08-17;38,2;;;jah
1932-08-18;37,3;;;jah
1932-08-19;36,9;;;jah
1932-08-20;36,9;;;jah
1932-08-21;36,1;;;jah
1932-08-22;35,9;;;jah
1932-08-23;35,2;;;jah
1932-08-24;34,9;;;jah
1932-08-25;33,2;;;jah
1932-08-26;32,7;;;jah
1932-08-27;33,6;;;jah
1932-08-28;33,9;;;jah
1932-08-29;34;;;jah
1932-08-30;34;;;jah
1932-08-31;33,9;;;jah
1932-09-01;33,9;;;jah
1932-09-02;32,7;;;jah
1932-09-03;33,1;;;jah
1932-09-04;33,4;;;jah
1932-09-05;31,7;;;jah
1932-09-06;33,3;;;jah
1932-09-07;33,3;;;jah
1932-09-08;33,8;;;jah
1932-09-09;33;;;jah
1932-09-10;33,3;;;jah
1932-09-11;32,4;;;jah
1932-09-12;33;;;jah
1932-09-13;33,3;;;jah
1932-09-14;33,3;;;jah
1932-09-15;33,3;;;jah
1932-09-16;33,3;;;jah
1932-09-17;34,2;;;jah
1932-09-18;35,1;;;jah
1932-09-19;36,1;;;jah
1932-09-20;36,1;;;jah
1932-09-21;36;;;jah
1932-09-22;35,5;;;jah
1932-09-23;35,5;;;jah
1932-09-24;36;;;jah
1932-09-25;36;;;jah
1932-09-26;35,8;;;jah
1932-09-27;35,5;;;jah
1932-09-28;35,4;;;jah
1932-09-29;35,4;;;jah
1932-09-30;35,4;;;jah
1932-10-01;35,4;;;jah
1932-10-02;35,4;;;jah
1932-10-03;35,3;;;jah
1932-10-04;35,3;;;jah
1932-10-05;35,3;;;jah
1932-10-06;35,3;;;jah
1932-10-07;36,1;;;jah
1932-10-08;36,1;;;jah
1932-10-09;36,4;;;jah
1932-10-10;37,5;;;jah
1932-10-11;37,1;;;jah
1932-10-12;37,9;;;jah
1932-10-13;39,8;;;jah
1932-10-14;41,1;;;jah
1932-10-15;41,9;;;jah
1932-10-16;42,7;;;jah
1932-10-17;43,1;;;jah
1932-10-18;45,7;;;jah
1932-10-19;48,3;;;jah
1932-10-20;47,9;;;jah
1932-10-21;47,9;;;jah
1932-10-22;47,9;;;jah
1932-10-23;48,8;;;jah
1932-10-24;48,8;;;jah
1932-10-25;52,8;;;jah
1932-10-26;52,8;;;jah
1932-10-27;52,8;;;jah
1932-10-28;57,5;;;jah
1932-10-29;59,1;;;jah
1932-10-30;61,2;;;jah
1932-10-31;61,2;;;jah
1932-11-01;61,2;;;jah
1932-11-02;61,8;;;jah
1932-11-03;61,8;;;jah
1932-11-04;62,9;;;jah
1932-11-05;62,9;;;jah
1932-11-06;62,9;;;jah
1932-11-07;62,9;;;jah
1932-11-08;66,8;;;jah
1932-11-09;68,7;;;jah
1932-11-10;68,7;;;jah
1932-11-11;68,2;;;jah
1932-11-12;67,8;;;jah
1932-11-13;67,8;;;jah
1932-11-14;64,6;;;jah
1932-11-15;61,6;;;jah
1932-11-16;58,6;;;jah
1932-11-17;57,7;;;jah
1932-11-18;58,1;;;jah
1932-11-19;59,4;;;jah
1932-11-20;58,1;;;jah
1932-11-21;55,4;;;jah
1932-11-22;57,1;;;jah
1932-11-23;59,5;;;jah
1932-11-24;63,5;;;jah
1932-11-25;65,6;;;jah
1932-11-26;69,4;;;jah
1932-11-27;67,8;;;jah
1932-11-28;66,9;;;jah
1932-11-29;64,6;;;jah
1932-11-30;61,5;;;jah
1932-12-01;59,2;;;jah
1932-12-02;59,2;;;jah
1932-12-03;60,6;;;jah
1932-12-04;60,6;;;jah
1932-12-05;60,6;;;jah
1932-12-06;60,3;;;jah
1932-12-07;61,8;;;jah
1932-12-08;66,6;;;jah
1932-12-09;65,2;;;jah
1932-12-10;64,7;;;jah
1932-12-11;64,3;;;jah
1932-12-12;63,1;;;jah
1932-12-13;61,9;;;jah
1932-12-14;60,6;;;jah
1932-12-15;58,2;;;jah
1932-12-16;58,6;;;jah
1932-12-17;59,4;;;jah
1932-12-18;60,9;;;jah
1932-12-19;64,5;;;jah
1932-12-20;70,8;;;jah
1932-12-21;69,7;;;jah
1932-12-22;69,2;;;jah
1932-12-23;68,6;;;jah
1932-12-24;67,2;;;jah
1932-12-25;66,2;;;jah
1932-12-26;65,1;;;jah
1932-12-27;62,8;;;jah
1932-12-28;61,4;;;jah
1932-12-29;59,9;;;jah
1932-12-30;60,9;;;jah
1932-12-31;63,9;;;jah
1933-01-01;64,1;114;;jah
1933-01-02;62,5;111;;jah
1933-01-03;61,1;108;;jah
1933-01-04;61,1;108;;jah
1933-01-05;59,5;106;;jah
1933-01-06;57,6;101;;jah
1933-01-07;67,1;120;;jah
1933-01-08;70,8;126;;jah
1933-01-09;70,8;126;;jah
1933-01-10;72,9;129;;jah
1933-01-11;73,5;130;;jah
1933-01-12;65;126;;jah
1933-01-13;61;125;;jah
1933-01-14;56,5;124;;jah
1933-01-15;52,2;123;;jah
1933-01-16;47;124;;jah
1933-01-17;45,8;124;;jah
1933-01-18;46;123;;jah
1933-01-19;46;122;;jah
1933-01-20;46,3;121;;jah
1933-01-21;45;120;;jah
1933-01-22;44,3;118;;jah
1933-01-23;44,7;118;;jah
1933-01-24;46;113;;jah
1933-01-25;46;120;;jah
1933-01-26;46;118;;jah
1933-01-27;46;117;;jah
1933-01-28;45,3;113;;jah
1933-01-29;45;108;;jah
1933-01-30;44,7;102;;jah
1933-01-31;44;102;;jah
1933-02-01;43,7;100;;jah
1933-02-02;43;100;;jah
1933-02-03;42,8;102;;jah
1933-02-04;42,3;101;;jah
1933-02-05;42;100;;jah
1933-02-06;41,7;97;;jah
1933-02-07;41,5;97;;jah
1933-02-08;41;97;;jah
1933-02-09;40,9;95;;jah
1933-02-10;40,5;97;;jah
1933-02-11;40,2;95;;jah
1933-02-12;40,2;95;;jah
1933-02-13;40,2;95;;jah
1933-02-14;40,1;95;;jah
1933-02-15;40,1;95;;jah
1933-02-16;40;95;;jah
1933-02-17;40;94;;jah
1933-02-18;39,9;94;;jah
1933-02-19;39,8;94;;jah
1933-02-20;39,6;92;;jah
1933-02-21;38,8;92;;jah
1933-02-22;38;88;;jah
1933-02-23;36,9;81;;jah
1933-02-24;34;74;;jah
1933-02-25;31;71;;jah
1933-02-26;26;76;;jah
1933-02-27;27,4;79;;jah
1933-02-28;27,4;83;;jah
1933-03-01;34;87;;jah
1933-03-02;35,4;87;;jah
1933-03-03;36,2;88;;jah
1933-03-04;36,9;86;;jah
1933-03-05;37;85;;jah
1933-03-06;37;84;;jah
1933-03-07;37;84;;jah
1933-03-08;37;84;;jah
1933-03-09;37;83;;jah
1933-03-10;37;88;;jah
1933-03-11;37;84;;jah
1933-03-12;37,2;86;;jah
1933-03-13;38;87;;jah
1933-03-14;38,6;90;;jah
1933-03-15;39,4;93;;jah
1933-03-16;41,2;102;;jah
1933-03-17;52,7;111;;jah
1933-03-18;64,2;154;;jah
1933-03-19;75,7;193;;jah
1933-03-20;87,1;209;;jah
1933-03-21;98,6;202;;jah
1933-03-22;110;199;;jah
1933-03-23;121;198;;jah
1933-03-24;133;203;;jah
1933-03-25;114;183;;jah
1933-03-26;107;174;;jah
1933-03-27;101;166;;jah
1933-03-28;95,2;159;;jah
1933-03-29;92,4;154;;jah
1933-03-30;91;152;;jah
1933-03-31;88;148;;jah
1933-04-01;85,6;144;;jah
1933-04-02;85,6;144;;jah
1933-04-03;86;145;;jah
1933-04-04;88,1;149;;jah
1933-04-05;89,8;152;;jah
1933-04-06;92;156;;jah
1933-04-07;93;158;;jah
1933-04-08;94;160;;jah
1933-04-09;94,9;162;;jah
1933-04-10;93,6;161;;jah
1933-04-11;91,5;158;;jah
1933-04-12;86,3;153;;jah
1933-04-13;83,3;150;;jah
1933-04-14;82,6;149;;jah
1933-04-15;77,4;140;;jah
1933-04-16;77,4;140;;jah
1933-04-17;76,7;144;;jah
1933-04-18;77;145;;jah
1933-04-19;76,7;144;;jah
1933-04-20;77;145;;jah
1933-04-21;77,7;147;;jah
1933-04-22;78;148;;jah
1933-04-23;76,4;146;;jah
1933-04-24;75,8;145;;jah
1933-04-25;73,4;141;;jah
1933-04-26;74,5;143;;jah
1933-04-27;73,3;141;;jah
1933-04-28;72,3;139;;jah
1933-04-29;71,5;138;;jah
1933-04-30;71,5;138;;jah
1933-05-01;72,5;141;;jah
1933-05-02;73,9;145;;jah
1933-05-03;72,3;143;;jah
1933-05-04;72,9;144;;jah
1933-05-05;71,6;142;;jah
1933-05-06;68,1;136;;jah
1933-05-07;66,9;134;;jah
1933-05-08;68,6;137;;jah
1933-05-09;68,6;137;;jah
1933-05-10;63;128;;jah
1933-05-11;66;133;;jah
1933-05-12;66;133;;jah
1933-05-13;66;133;;jah
1933-05-14;63;128;;jah
1933-05-15;59,9;122;;jah
1933-05-16;61,6;125;;jah
1933-05-17;62,4;127;;jah
1933-05-18;61;124;;jah
1933-05-19;61;124;;jah
1933-05-20;59,4;121;;jah
1933-05-21;58,2;119;;jah
1933-05-22;57;116;;jah
1933-05-23;58,5;121;;jah
1933-05-24;61,1;129;;jah
1933-05-25;59,9;125;;jah
1933-05-26;62,7;134;;jah
1933-05-27;61;132;;jah
1933-05-28;61;132;;jah
1933-05-29;59,8;130;;jah
1933-05-30;58,4;128;;jah
1933-05-31;56,2;124;;jah
1933-06-01;56,7;125;;jah
1933-06-02;57,3;126;;jah
1933-06-03;56,7;125;;jah
1933-06-04;53,7;119;;jah
1933-06-05;50,9;113;;jah
1933-06-06;49,2;110;;jah
1933-06-07;49,2;110;;jah
1933-06-08;48,2;108;;jah
1933-06-09;48,2;108;;jah
1933-06-10;46,8;105;;jah
1933-06-11;46,3;104;;jah
1933-06-12;46,3;104;;jah
1933-06-13;44,9;101;;jah
1933-06-14;45,9;109;;jah
1933-06-15;44;99;;jah
1933-06-16;43,5;98;;jah
1933-06-17;43,5;98;;jah
1933-06-18;43,5;98;;jah
1933-06-19;44,5;100;;jah
1933-06-20;44;99;;jah
1933-06-21;44;99;;jah
1933-06-22;43,5;98;;jah
1933-06-23;43,5;98;;jah
1933-06-24;42,3;95;;jah
1933-06-25;38,2;86;;jah
1933-06-26;37,8;85;;jah
1933-06-27;37,4;84;;jah
1933-06-28;35,1;78;;jah
1933-06-29;35,4;79;;jah
1933-06-30;35,1;78;;jah
1933-07-01;34,4;76;;jah
1933-07-02;34,1;75;;jah
1933-07-03;33,2;72;;jah
1933-07-04;33,6;73;;jah
1933-07-05;34;75;;jah
1933-07-06;34,4;76;;jah
1933-07-07;34;75;;jah
1933-07-08;33,9;74;;jah
1933-07-09;33,2;72;;jah
1933-07-10;33,2;72;;jah
1933-07-11;32,4;69;;jah
1933-07-12;31,9;67;;jah
1933-07-13;32,7;70;;jah
1933-07-14;32,2;68;;jah
1933-07-15;31,8;66;;jah
1933-07-16;32,2;68;;jah
1933-07-17;33,2;72;;jah
1933-07-18;34,1;75;;jah
1933-07-19;32,5;69;;jah
1933-07-20;31,6;65;;jah
1933-07-21;31,3;64;;jah
1933-07-22;31,3;64;;jah
1933-07-23;30,9;62;;jah
1933-07-24;30,9;62;;jah
1933-07-25;29,7;55;;jah
1933-07-26;30,2;58;;jah
1933-07-27;29,7;55;;jah
1933-07-28;28,8;50;;jah
1933-07-29;28,1;45;;jah
1933-07-30;28,5;48;;jah
1933-07-31;28,8;50;;jah
1933-08-01;29;52;;jah
1933-08-02;29,5;45;;jah
1933-08-03;29;52;;jah
1933-08-04;28,8;50;;jah
1933-08-05;27;38;;jah
1933-08-06;27,4;41;;jah
1933-08-07;27,7;43;;jah
1933-08-08;27,8;44;;jah
1933-08-09;27,5;42;;jah
1933-08-10;26,9;37;;jah
1933-08-11;26,6;34;;jah
1933-08-12;27,4;41;;jah
1933-08-13;28,8;50;;jah
1933-08-14;28,5;48;;jah
1933-08-15;27,7;43;;jah
1933-08-16;27,7;43;;jah
1933-08-17;27,9;44;;jah
1933-08-18;27,7;43;;jah
1933-08-19;27,6;42;;jah
1933-08-20;27,6;42;;jah
1933-08-21;27,5;41;;jah
1933-08-22;27,3;40;;jah
1933-08-23;27,3;40;;jah
1933-08-24;27,3;80;;jah
1933-08-25;29;52;;jah
1933-08-26;28,4;48;;jah
1933-08-27;28,2;47;;jah
1933-08-28;28,1;46;;jah
1933-08-29;27,4;41;;jah
1933-08-30;26,9;37;;jah
1933-08-31;27,2;39;;jah
1933-09-01;27,7;43;;jah
1933-09-02;27,2;39;;jah
1933-09-03;28,6;50;;jah
1933-09-04;29,1;52;;jah
1933-09-05;28,6;50;;jah
1933-09-06;30,2;58;;jah
1933-09-07;28,5;49;;jah
1933-09-08;27,3;40;;jah
1933-09-09;27,3;40;;jah
1933-09-10;27,1;39;;jah
1933-09-11;26,9;37;;jah
1933-09-12;26,6;34;;jah
1933-09-13;26,3;32;;jah
1933-09-14;26,5;33;;jah
1933-09-15;28,1;46;;jah
1933-09-16;26,3;32;;jah
1933-09-17;27,1;38;;jah
1933-09-18;27,7;43;;jah
1933-09-19;28;45;;jah
1933-09-20;28,7;50;;jah
1933-09-21;28,7;50;;jah
1933-09-22;28,7;50;;jah
1933-09-23;28,4;48;;jah
1933-09-24;28,1;46;;jah
1933-09-25;27,9;44;;jah
1933-09-26;27,7;43;;jah
1933-09-27;27,4;41;;jah
1933-09-28;27,4;41;;jah
1933-09-29;27,3;40;;jah
1933-09-30;26,9;37;;jah
1933-10-01;26,5;34;;jah
1933-10-02;26,2;32;;jah
1933-10-03;26,1;30;;jah
1933-10-04;25,6;27;;jah
1933-10-05;26,2;31;;jah
1933-10-06;26,2;31;;jah
1933-10-07;26,4;33;;jah
1933-10-08;26,8;36;;jah
1933-10-09;27,6;42;;jah
1933-10-10;27,4;41;;jah
1933-10-11;27,3;40;;jah
1933-10-12;25,3;23;;jah
1933-10-13;26,1;30;;jah
1933-10-14;26,3;32;;jah
1933-10-15;26,8;36;;jah
1933-10-16;27,2;39;;jah
1933-10-17;26,5;34;;jah
1933-10-18;26,5;33;;jah
1933-10-19;26,9;37;;jah
1933-10-20;26,9;37;;jah
1933-10-21;26,8;36;;jah
1933-10-22;26,7;35;;jah
1933-10-23;26,5;34;;jah
1933-10-24;26,5;34;;jah
1933-10-25;26,7;35;;jah
1933-10-26;26,8;36;;jah
1933-10-27;26,7;35;;jah
1933-10-28;26,8;35;;jah
1933-10-29;26,6;34;;jah
1933-10-30;27;38;;jah
1933-10-31;26,1;30;;jah
1933-11-01;26,8;36;;jah
1933-11-02;27,1;38;;jah
1933-11-03;26,6;34;;jah
1933-11-04;26,5;33;;jah
1933-11-05;26,5;33;;jah
1933-11-06;25,5;25;;jah
1933-11-07;25,7;35;;jah
1933-11-08;25,6;34;;jah
1933-11-09;25,6;33;;jah
1933-11-10;25,6;34;;jah
1933-11-11;25,8;39;;jah
1933-11-12;26;46;;jah
1933-11-13;26,2;49;;jah
1933-11-14;25,3;44;;jah
1933-11-15;24;43;;jah
1933-11-16;21,3;40;;jah
1933-11-17;19;46;;jah
1933-11-18;18,1;43;;jah
1933-11-19;17;41;;jah
1933-11-20;17;38;;jah
1933-11-21;16,9;38;;jah
1933-11-22;16,8;38;;jah
1933-11-23;16,7;37;;jah
1933-11-24;16,5;36;;jah
1933-11-25;16,5;35;;jah
1933-11-26;16,5;32;;jah
1933-11-27;16,3;33;;jah
1933-11-28;16,3;33;;jah
1933-11-29;16,2;34;;jah
1933-11-30;16,1;35;;jah
1933-12-01;16;36;;jah
1933-12-02;16;35;;jah
1933-12-03;16;33;;jah
1933-12-04;16;32;;jah
1933-12-05;15,8;33;;jah
1933-12-06;15,5;35;;jah
1933-12-07;15,3;35;;jah
1933-12-08;15,1;34;;jah
1933-12-09;15;33;;jah
1933-12-10;15;33;;jah
1933-12-11;15;32;;jah
1933-12-12;15;31;;jah
1933-12-13;14;31;;jah
1933-12-14;14,6;31;;jah
1933-12-15;14,3;30;;jah
1933-12-16;14;30;;jah
1933-12-17;14;30;;jah
1933-12-18;13,8;29;;jah
1933-12-19;13,7;31;;jah
1933-12-20;13,4;33;;jah
1933-12-21;13,3;31;;jah
1933-12-22;13,2;29;;jah
1933-12-23;13;30;;jah
1933-12-24;13;29;;jah
1933-12-25;12,9;28;;jah
1933-12-26;12,8;27;;jah
1933-12-27;12,8;27;;jah
1933-12-28;12,7;27;;jah
1933-12-29;12,5;26;;jah
1933-12-30;12,4;23;;jah
1933-12-31;12;20;;jah
1934-01-01;13,7;21;;jah
1934-01-02;15,4;27;;jah
1934-01-03;17,7;30;;jah
1934-01-04;18,9;31;;jah
1934-01-05;20,4;31;;jah
1934-01-06;20,9;31;;jah
1934-01-07;21;30;;jah
1934-01-08;21,2;32;;jah
1934-01-09;21,2;33;;jah
1934-01-10;21,2;34;;jah
1934-01-11;20,6;35;;jah
1934-01-12;19,2;34;;jah
1934-01-13;18,6;33;;jah
1934-01-14;18,1;28;;jah
1934-01-15;17,9;23;;jah
1934-01-16;17,8;21;;jah
1934-01-17;18,7;22;;jah
1934-01-18;21,6;26;;jah
1934-01-19;24,5;37;;jah
1934-01-20;25;43;;jah
1934-01-21;25,6;41;;jah
1934-01-22;26,2;39;;jah
1934-01-23;26,8;42;;jah
1934-01-24;28;44;;jah
1934-01-25;29,6;50;;jah
1934-01-26;30,1;51;;jah
1934-01-27;30,8;51;;jah
1934-01-28;31,1;51;;jah
1934-01-29;31,6;51;;jah
1934-01-30;31,2;52;;jah
1934-01-31;31;53;;jah
1934-02-01;29,9;49;;jah
1934-02-02;28;47;;jah
1934-02-03;24;49;;jah
1934-02-04;21,1;41;;jah
1934-02-05;19,4;37;;jah
1934-02-06;19,1;41;;jah
1934-02-07;19,4;46;;jah
1934-02-08;19,2;43;;jah
1934-02-09;20;32;;jah
1934-02-10;20,4;27;;jah
1934-02-11;21,3;33;;jah
1934-02-12;22,2;33;;jah
1934-02-13;23,3;30;;jah
1934-02-14;24,6;36;;jah
1934-02-15;25,9;39;;jah
1934-02-16;27;43;;jah
1934-02-17;27,4;45;;jah
1934-02-18;26,6;41;;jah
1934-02-19;25,5;40;;jah
1934-02-20;26,4;40;;jah
1934-02-21;21,3;35;;jah
1934-02-22;24,9;27;;jah
1934-02-23;23,6;41;;jah
1934-02-24;23,8;39;;jah
1934-02-25;24;33;;jah
1934-02-26;24,9;34;;jah
1934-02-27;24,6;38;;jah
1934-02-28;24,2;38;;jah
1934-03-01;24;32;;jah
1934-03-02;23,9;26;;jah
1934-03-03;23,9;32;;jah
1934-03-04;24;36;;jah
1934-03-05;24,9;35;;jah
1934-03-06;24,2;32;;jah
1934-03-07;24,5;35;;jah
1934-03-08;24,9;37;;jah
1934-03-09;25,3;35;;jah
1934-03-10;26,3;39;;jah
1934-03-11;25;35;;jah
1934-03-12;24,7;32;;jah
1934-03-13;24,2;29;;jah
1934-03-14;25,1;36;;jah
1934-03-15;37,7;49;;jah
1934-03-16;51;73;;jah
1934-03-17;51,6;75;;jah
1934-03-18;52,2;76;;jah
1934-03-19;49,8;70;;jah
1934-03-20;58,3;90;;jah
1934-03-21;84,5;136;;jah
1934-03-22;90,8;144;;jah
1934-03-23;92,4;146;;jah
1934-03-24;113;164;;jah
1934-03-25;110;163;;jah
1934-03-26;106;161;;jah
1934-03-27;104;160;;jah
1934-03-28;110;165;;jah
1934-03-29;113;168;;jah
1934-03-30;116;170;;jah
1934-03-31;97,3;162;;jah
1934-04-01;96;161;;jah
1934-04-02;94,5;160;;jah
1934-04-03;94,5;160;;jah
1934-04-04;96;161;;jah
1934-04-05;93,6;159;;jah
1934-04-06;93,6;159;;jah
1934-04-07;92,5;158;;jah
1934-04-08;90,2;156;;jah
1934-04-09;89,2;155;;jah
1934-04-10;84,7;151;;jah
1934-04-11;81,7;148;;jah
1934-04-12;78,8;145;;jah
1934-04-13;74,4;140;;jah
1934-04-14;70,8;136;;jah
1934-04-15;67,7;132;;jah
1934-04-16;64,4;128;;jah
1934-04-17;56,9;118;;jah
1934-04-18;59,1;121;;jah
1934-04-19;57,8;119;;jah
1934-04-20;53,7;113;;jah
1934-04-21;55,1;115;;jah
1934-04-22;63,6;117;;jah
1934-04-23;63,6;117;;jah
1934-04-24;63,6;113;;jah
1934-04-25;55,1;115;;jah
1934-04-26;52,7;111;;jah
1934-04-27;55,1;115;;jah
1934-04-28;55,1;115;;jah
1934-04-29;55,1;115;;jah
1934-04-30;55,1;115;;jah
1934-05-01;54,5;114;;jah
1934-05-02;53,6;112;;jah
1934-05-03;52,3;110;;jah
1934-05-04;51,7;109;;jah
1934-05-05;50,6;107;;jah
1934-05-06;49,6;105;;jah
1934-05-07;48,6;103;;jah
1934-05-08;47,4;101;;jah
1934-05-09;46,2;98;;jah
1934-05-10;44,3;94;;jah
1934-05-11;41,9;88;;jah
1934-05-12;40,2;84;;jah
1934-05-13;39,1;81;;jah
1934-05-14;41,9;88;;jah
1934-05-15;40,7;85;;jah
1934-05-16;39,6;82;;jah
1934-05-17;42,7;90;;jah
1934-05-18;41,5;87;;jah
1934-05-19;41,9;88;;jah
1934-05-20;42,2;89;;jah
1934-05-21;41,1;86;;jah
1934-05-22;44;93;;jah
1934-05-23;45,3;96;;jah
1934-05-24;45,3;96;;jah
1934-05-25;49,5;105;;jah
1934-05-26;51,7;109;;jah
1934-05-27;53;111;;jah
1934-05-28;50;106;;jah
1934-05-29;50,6;107;;jah
1934-05-30;49,1;104;;jah
1934-05-31;49,1;104;;jah
1934-06-01;48,1;102;;jah
1934-06-02;47,2;100;;jah
1934-06-03;45,3;96;;jah
1934-06-04;44,2;95;;jah
1934-06-05;46,4;98;;jah
1934-06-06;45,3;96;;jah
1934-06-07;43,9;93;;jah
1934-06-08;41,9;88;;jah
1934-06-09;41,9;88;;jah
1934-06-10;35,1;71;;jah
1934-06-11;38,4;79;;jah
1934-06-12;37,3;76;;jah
1934-06-13;35,8;72;;jah
1934-06-14;35,8;72;;jah
1934-06-15;37;75;;jah
1934-06-16;35,8;72;;jah
1934-06-17;34,3;68;;jah
1934-06-18;34,1;67;;jah
1934-06-19;33,7;66;;jah
1934-06-20;34,3;68;;jah
1934-06-21;34,1;67;;jah
1934-06-22;33,7;66;;jah
1934-06-23;31,1;67;;jah
1934-06-24;33,7;66;;jah
1934-06-25;32,7;63;;jah
1934-06-26;32,4;62;;jah
1934-06-27;31,9;61;;jah
1934-06-28;31,9;61;;jah
1934-06-29;31,5;60;;jah
1934-06-30;31,5;60;;jah
1934-07-01;31,4;59;;jah
1934-07-02;31,1;58;;jah
1934-07-03;30,2;55;;jah
1934-07-04;30,2;55;;jah
1934-07-05;31,2;57;;jah
1934-07-06;33,1;61;;jah
1934-07-07;32,1;59;;jah
1934-07-08;33,1;61;;jah
1934-07-09;32,7;60;;jah
1934-07-10;32,1;59;;jah
1934-07-11;32,6;58;;jah
1934-07-12;32,7;60;;jah
1934-07-13;33,1;61;;jah
1934-07-14;34;62;;jah
1934-07-15;34;62;;jah
1934-07-16;33,1;59;;jah
1934-07-17;32,5;57;;jah
1934-07-18;32,1;55;;jah
1934-07-19;36,9;65;;jah
1934-07-20;36,9;65;;jah
1934-07-21;36;63;;jah
1934-07-22;36,3;64;;jah
1934-07-23;35,3;62;;jah
1934-07-24;36;63;;jah
1934-07-25;35,3;62;;jah
1934-07-26;35,3;62;;jah
1934-07-27;37,4;66;;jah
1934-07-28;36,3;64;;jah
1934-07-29;38,4;68;;jah
1934-07-30;38,4;68;;jah
1934-07-31;42,1;75;;jah
1934-08-01;47,4;84;;jah
1934-08-02;45,2;80;;jah
1934-08-03;43,2;76;;jah
1934-08-04;41,7;73;;jah
1934-08-05;41,4;72;;jah
1934-08-06;39,9;68;;jah
1934-08-07;38,6;65;;jah
1934-08-08;36,8;61;;jah
1934-08-09;35,3;57;;jah
1934-08-10;34,1;53;;jah
1934-08-11;33,2;50;;jah
1934-08-12;32,2;48;;jah
1934-08-13;31,1;44;;jah
1934-08-14;30,9;43;;jah
1934-08-15;30,5;42;;jah
1934-08-16;30,2;41;;jah
1934-08-17;29,9;40;;jah
1934-08-18;29,4;38;;jah
1934-08-19;29,4;38;;jah
1934-08-20;29,1;37;;jah
1934-08-21;29,4;38;;jah
1934-08-22;29,9;40;;jah
1934-08-23;30,2;41;;jah
1934-08-24;30,5;42;;jah
1934-08-25;29,6;39;;jah
1934-08-26;29,4;38;;jah
1934-08-27;28,5;35;;jah
1934-08-28;27,7;32;;jah
1934-08-29;28,3;34;;jah
1934-08-30;28,7;36;;jah
1934-08-31;28,7;36;;jah
1934-09-01;29,1;37;;jah
1934-09-02;29,4;38;;jah
1934-09-03;27,7;32;;jah
1934-09-04;27,2;30;;jah
1934-09-05;26,9;29;;jah
1934-09-06;26,7;28;;jah
1934-09-07;26,7;28;;jah
1934-09-08;26,4;27;;jah
1934-09-09;26,4;27;;jah
1934-09-10;26,2;26;;jah
1934-09-11;26,2;26;;jah
1934-09-12;26,1;25;;jah
1934-09-13;25,9;24;;jah
1934-09-14;25,5;22;;jah
1934-09-15;24,9;18;;jah
1934-09-16;24,9;18;;jah
1934-09-17;24,9;18;;jah
1934-09-18;24,6;17;;jah
1934-09-19;24,6;17;;jah
1934-09-20;24,5;16;;jah
1934-09-21;24,5;16;;jah
1934-09-22;24,5;16;;jah
1934-09-23;24,5;16;;jah
1934-09-24;24,2;15;;jah
1934-09-25;23,7;11;;jah
1934-09-26;24,2;15;;jah
1934-09-27;23,4;8;;jah
1934-09-28;23;4;;jah
1934-09-29;23,5;9;;jah
1934-09-30;23,1;6;;jah
1934-10-01;23,4;8;;jah
1934-10-02;22,9;3;;jah
1934-10-03;23,7;11;;jah
1934-10-04;24,8;9;;jah
1934-10-05;27,6;18;;jah
1934-10-06;28,9;22;;jah
1934-10-07;26,4;14;;jah
1934-10-08;28,9;12;;jah
1934-10-09;25,1;10;;jah
1934-10-10;26,4;14;;jah
1934-10-11;25,5;11;;jah
1934-10-12;27;16;;jah
1934-10-13;27;16;;jah
1934-10-14;27,3;17;;jah
1934-10-15;31,6;30;;jah
1934-10-16;28,3;20;;jah
1934-10-17;27;16;;jah
1934-10-18;26,1;13;;jah
1934-10-19;26,7;15;;jah
1934-10-20;28,6;21;;jah
1934-10-21;28,9;12;;jah
1934-10-22;23,7;11;;jah
1934-10-23;27;16;;jah
1934-10-24;27,3;17;;jah
1934-10-25;26,7;15;;jah
1934-10-26;27,6;18;;jah
1934-10-27;27,6;18;;jah
1934-10-28;27,6;18;;jah
1934-10-29;27,9;19;;jah
1934-10-30;30,6;27;;jah
1934-10-31;31,6;30;;jah
1934-11-01;33,6;35;;jah
1934-11-02;35,5;40;;jah
1934-11-03;37,1;44;;jah
1934-11-04;37,6;46;;jah
1934-11-05;39,7;51;;jah
1934-11-06;42,5;57;;jah
1934-11-07;42,5;57;;jah
1934-11-08;43,1;58;;jah
1934-11-09;43,1;58;;jah
1934-11-10;42,2;56;;jah
1934-11-11;42,2;56;;jah
1934-11-12;41,7;55;;jah
1934-11-13;42,9;58;;jah
1934-11-14;34,1;53;;jah
1934-11-15;38,9;49;;jah
1934-11-16;38,6;48;;jah
1934-11-17;39,4;50;;jah
1934-11-18;39,7;51;;jah
1934-11-19;43,9;60;;jah
1934-11-20;48,4;69;;jah
1934-11-21;48,4;69;;jah
1934-11-22;49;70;;jah
1934-11-23;51,1;74;;jah
1934-11-24;43,9;60;;jah
1934-11-25;47,8;68;;jah
1934-11-26;48,4;69;;jah
1934-11-27;49;70;;jah
1934-11-28;49;70;;jah
1934-11-29;52,6;77;;jah
1934-11-30;55;82;;jah
1934-12-01;55,7;84;;jah
1934-12-02;55,5;85;;jah
1934-12-03;54,6;85;;jah
1934-12-04;53,5;86;;jah
1934-12-05;52,2;87;;jah
1934-12-06;50,2;86;;jah
1934-12-07;48,6;84;;jah
1934-12-08;46,4;87;;jah
1934-12-09;43,9;88;;jah
1934-12-10;41,4;89;;jah
1934-12-11;38,4;91;;jah
1934-12-12;35,9;87;;jah
1934-12-13;32,5;81;;jah
1934-12-14;30;78;;jah
1934-12-15;28,4;78;;jah
1934-12-16;26,3;76;;jah
1934-12-17;24,7;72;;jah
1934-12-18;23,1;71;;jah
1934-12-19;22,5;70;;jah
1934-12-20;22,2;66;;jah
1934-12-21;21,3;63;;jah
1934-12-22;21;62;;jah
1934-12-23;20,6;67;;jah
1934-12-24;20,1;53;;jah
1934-12-25;19,9;52;;jah
1934-12-26;19,4;52;;jah
1934-12-27;19;51;;jah
1934-12-28;19;50;;jah
1934-12-29;19;50;;jah
1934-12-30;18,9;49;;jah
1934-12-31;18,9;47;;jah
1935-01-01;18,8;47;;jah
1935-01-02;18,3;45;;jah
1935-01-03;18,3;43;;jah
1935-01-04;18,7;41;;jah
1935-01-05;18,9;39;;jah
1935-01-06;19;36;;jah
1935-01-07;19,2;35;;jah
1935-01-08;19,4;36;;jah
1935-01-09;19,8;36;;jah
1935-01-10;20,4;37;;jah
1935-01-11;21,6;41;;jah
1935-01-12;21,6;42;;jah
1935-01-13;22,3;43;;jah
1935-01-14;22,7;43;;jah
1935-01-15;23,2;46;;jah
1935-01-16;23,9;48;;jah
1935-01-17;24,8;49;;jah
1935-01-18;25,1;50;;jah
1935-01-19;26;50;;jah
1935-01-20;26,5;50;;jah
1935-01-21;27,8;49;;jah
1935-01-22;28,9;52;;jah
1935-01-23;30;53;;jah
1935-01-24;30,9;55;;jah
1935-01-25;31;56;;jah
1935-01-26;31;57;;jah
1935-01-27;30,8;56;;jah
1935-01-28;30,5;55;;jah
1935-01-29;30,2;55;;jah
1935-01-30;30;55;;jah
1935-01-31;30,2;56;;jah
1935-02-01;30;59;;jah
1935-02-02;30;57;;jah
1935-02-03;30,1;56;;jah
1935-02-04;30,2;57;;jah
1935-02-05;30,7;59;;jah
1935-02-06;30,8;59;;jah
1935-02-07;31;59;;jah
1935-02-08;31,2;59;;jah
1935-02-09;31,5;59;;jah
1935-02-10;31,9;57;;jah
1935-02-11;32,1;58;;jah
1935-02-12;32,6;58;;jah
1935-02-13;33;58;;jah
1935-02-14;33,4;61;;jah
1935-02-15;33,8;62;;jah
1935-02-16;34,4;64;;jah
1935-02-17;35;64;;jah
1935-02-18;35,9;53;;jah
1935-02-19;37,2;54;;jah
1935-02-20;39,5;68;;jah
1935-02-21;52,6;82;;jah
1935-02-22;76,6;134;;jah
1935-02-23;81,9;142;;jah
1935-02-24;115;185;;jah
1935-02-25;113;183;;jah
1935-02-26;114;184;;jah
1935-02-27;119;190;;jah
1935-02-28;124;195;;jah
1935-03-01;127;199;;jah
1935-03-02;111;180;;jah
1935-03-03;90;153;;jah
1935-03-04;83,3;144;;jah
1935-03-05;80,5;140;;jah
1935-03-06;77,9;136;;jah
1935-03-07;75,3;132;;jah
1935-03-08;68,6;121;;jah
1935-03-09;65;114;;jah
1935-03-10;63;110;;jah
1935-03-11;62,5;109;;jah
1935-03-12;64,5;113;;jah
1935-03-13;63;110;;jah
1935-03-14;54,5;93;;jah
1935-03-15;49;81;;jah
1935-03-16;44,9;72;;jah
1935-03-17;43,6;69;;jah
1935-03-18;43,6;69;;jah
1935-03-19;42,8;67;;jah
1935-03-20;42;65;;jah
1935-03-21;42,4;66;;jah
1935-03-22;42;65;;jah
1935-03-23;42;65;;jah
1935-03-24;55,5;95;;jah
1935-03-25;63,5;111;;jah
1935-03-26;65;114;;jah
1935-03-27;64,5;113;;jah
1935-03-28;62;108;;jah
1935-03-29;64;112;;jah
1935-03-30;64;112;;jah
1935-03-31;63;110;;jah
1935-04-01;64;112;;jah
1935-04-02;64;112;;jah
1935-04-03;63;110;;jah
1935-04-04;65,5;115;;jah
1935-04-05;70,4;124;;jah
1935-04-06;77,2;135;;jah
1935-04-07;85,4;147;;jah
1935-04-08;89;152;;jah
1935-04-09;89;152;;jah
1935-04-10;94,2;159;;jah
1935-04-11;101;168;;jah
1935-04-12;105;172;;jah
1935-04-13;108;176;;jah
1935-04-14;111;180;;jah
1935-04-15;115;185;;jah
1935-04-16;120;191;;jah
1935-04-17;124;196;;jah
1935-04-18;127;199;;jah
1935-04-19;127;199;;jah
1935-04-20;125;197;;jah
1935-04-21;120;191;;jah
1935-04-22;116;186;;jah
1935-04-23;110;180;;jah
1935-04-24;104;173;;jah
1935-04-25;99,7;168;;jah
1935-04-26;93;160;;jah
1935-04-27;87,4;153;;jah
1935-04-28;83,4;148;;jah
1935-04-29;80,6;141;;jah
1935-04-30;75,3;136;;jah
1935-05-01;72,6;132;;jah
1935-05-02;68,3;126;;jah
1935-05-03;65,6;122;;jah
1935-05-04;64,2;120;;jah
1935-05-05;63,1;118;;jah
1935-05-06;62,3;117;;jah
1935-05-07;60,3;114;;jah
1935-05-08;63,1;118;;jah
1935-05-09;56,7;108;;jah
1935-05-10;56,7;108;;jah
1935-05-11;56,7;108;;jah
1935-05-12;56,2;107;;jah
1935-05-13;55,7;106;;jah
1935-05-14;54,5;104;;jah
1935-05-15;53,5;102;;jah
1935-05-16;56,7;108;;jah
1935-05-17;56,7;108;;jah
1935-05-18;54,5;104;;jah
1935-05-19;51,4;98;;jah
1935-05-20;49,8;95;;jah
1935-05-21;52,5;100;;jah
1935-05-22;50,3;96;;jah
1935-05-23;50,8;97;;jah
1935-05-24;51,4;98;;jah
1935-05-25;51,9;99;;jah
1935-05-26;51,4;98;;jah
1935-05-27;50,8;97;;jah
1935-05-28;48,7;93;;jah
1935-05-29;48,2;92;;jah
1935-05-30;47,2;90;;jah
1935-05-31;51,4;98;;jah
1935-06-01;43,1;82;;jah
1935-06-02;42,2;80;;jah
1935-06-03;41,2;78;;jah
1935-06-04;48,2;92;;jah
1935-06-05;46,7;89;;jah
1935-06-06;47,7;91;;jah
1935-06-07;47,1;90;;jah
1935-06-08;46,2;88;;jah
1935-06-09;44,7;85;;jah
1935-06-10;44,7;85;;jah
1935-06-11;43,6;83;;jah
1935-06-12;47,7;91;;jah
1935-06-13;43,1;82;;jah
1935-06-14;42,7;81;;jah
1935-06-15;44,2;84;;jah
1935-06-16;43,1;82;;jah
1935-06-17;42,7;81;;jah
1935-06-18;42,7;81;;jah
1935-06-19;42,7;81;;jah
1935-06-20;44,2;84;;jah
1935-06-21;43,1;82;;jah
1935-06-22;42,7;81;;jah
1935-06-23;42,2;80;;jah
1935-06-24;42,2;80;;jah
1935-06-25;41,8;79;;jah
1935-06-26;39,5;74;;jah
1935-06-27;39,9;75;;jah
1935-06-28;36,8;68;;jah
1935-06-29;40,9;77;;jah
1935-06-30;41,8;79;;jah
1935-07-01;42,2;80;;jah
1935-07-02;40,4;76;;jah
1935-07-03;39,5;74;;jah
1935-07-04;37,8;70;;jah
1935-07-05;38,5;72;;jah
1935-07-06;37,8;70;;jah
1935-07-07;37,8;70;;jah
1935-07-08;37,3;69;;jah
1935-07-09;37,8;70;;jah
1935-07-10;36,9;68;;jah
1935-07-11;37,3;69;;jah
1935-07-12;35,2;64;;jah
1935-07-13;35,2;64;;jah
1935-07-14;35,2;64;;jah
1935-07-15;34,5;62;;jah
1935-07-16;32,9;58;;jah
1935-07-17;32,6;57;;jah
1935-07-18;31,4;54;;jah
1935-07-19;30,7;52;;jah
1935-07-20;31,8;55;;jah
1935-07-21;32,6;57;;jah
1935-07-22;29,8;49;;jah
1935-07-23;32,2;56;;jah
1935-07-24;33,3;59;;jah
1935-07-25;33,3;59;;jah
1935-07-26;33,7;60;;jah
1935-07-27;36,8;68;;jah
1935-07-28;63,1;118;;jah
1935-07-29;76,6;138;;jah
1935-07-30;78;140;;jah
1935-07-31;76,6;138;;jah
1935-08-01;74,7;135;;jah
1935-08-02;68,3;126;;jah
1935-08-03;64,3;120;;jah
1935-08-04;61,1;115;;jah
1935-08-05;61,1;115;;jah
1935-08-06;60,5;114;;jah
1935-08-07;61,1;115;;jah
1935-08-08;64,3;120;;jah
1935-08-09;68,4;126;;jah
1935-08-10;68,4;126;;jah
1935-08-11;64,9;121;;jah
1935-08-12;64,3;120;;jah
1935-08-13;63,7;119;;jah
1935-08-14;60,5;114;;jah
1935-08-15;60,5;114;;jah
1935-08-16;60,5;114;;jah
1935-08-17;61,1;115;;jah
1935-08-18;64,3;119;;jah
1935-08-19;67,1;124;;jah
1935-08-20;69,7;128;;jah
1935-08-21;74,6;135;;jah
1935-08-22;81,4;145;;jah
1935-08-23;84,2;149;;jah
1935-08-24;89;155;;jah
1935-08-25;90,8;158;;jah
1935-08-26;90,5;157;;jah
1935-08-27;89,6;156;;jah
1935-08-28;86,6;152;;jah
1935-08-29;83,4;148;;jah
1935-08-30;79,3;142;;jah
1935-08-31;76,6;138;;jah
1935-09-01;73,9;134;;jah
1935-09-02;67;124;;jah
1935-09-03;63,7;119;;jah
1935-09-04;59,9;113;;jah
1935-09-05;57,4;109;;jah
1935-09-06;56,2;107;;jah
1935-09-07;58,1;110;;jah
1935-09-08;61,2;115;;jah
1935-09-09;60,4;114;;jah
1935-09-10;59,8;113;;jah
1935-09-11;59,8;113;;jah
1935-09-12;60,4;114;;jah
1935-09-13;59,2;112;;jah
1935-09-14;59,2;112;;jah
1935-09-15;59,2;112;;jah
1935-09-16;59,2;112;;jah
1935-09-17;64,8;121;;jah
1935-09-18;72,6;132;;jah
1935-09-19;78;140;;jah
1935-09-20;81,4;145;;jah
1935-09-21;84,3;149;;jah
1935-09-22;85,8;151;;jah
1935-09-23;90,2;156;;jah
1935-09-24;92,5;159;;jah
1935-09-25;92,5;159;;jah
1935-09-26;100;170;;jah
1935-09-27;108;178;;jah
1935-09-28;112;183;;jah
1935-09-29;111;182;;jah
1935-09-30;109;180;;jah
1935-10-01;115;187;;jah
1935-10-02;117;189;;jah
1935-10-03;117;189;;jah
1935-10-04;115;187;;jah
1935-10-05;114;185;;jah
1935-10-06;112;184;;jah
1935-10-07;110;181;;jah
1935-10-08;108;178;;jah
1935-10-09;105;175;;jah
1935-10-10;106;176;;jah
1935-10-11;100;170;;jah
1935-10-12;100;169;;jah
1935-10-13;97,3;166;;jah
1935-10-14;100;170;;jah
1935-10-15;100;170;;jah
1935-10-16;100;170;;jah
1935-10-17;103;173;;jah
1935-10-18;104;174;;jah
1935-10-19;105;175;;jah
1935-10-20;108;177;;jah
1935-10-21;111;182;;jah
1935-10-22;111;182;;jah
1935-10-23;114;185;;jah
1935-10-24;112;184;;jah
1935-10-25;114;185;;jah
1935-10-26;114;186;;jah
1935-10-27;114;186;;jah
1935-10-28;120;193;;jah
1935-10-29;121;195;;jah
1935-10-30;122;196;;jah
1935-10-31;123;197;;jah
1935-11-01;123;197;;jah
1935-11-02;123;197;;jah
1935-11-03;123;197;;jah
1935-11-04;122;196;;jah
1935-11-05;112;188;;jah
1935-11-06;108;185;;jah
1935-11-07;104;181;;jah
1935-11-08;101;178;;jah
1935-11-09;97,8;175;;jah
1935-11-10;96;173;;jah
1935-11-11;93,1;170;;jah
1935-11-12;92,3;169;;jah
1935-11-13;90;166;;jah
1935-11-14;87,7;163;;jah
1935-11-15;85,1;160;;jah
1935-11-16;84;159;;jah
1935-11-17;83,4;157;;jah
1935-11-18;81,4;155;;jah
1935-11-19;77,4;150;;jah
1935-11-20;77,4;150;;jah
1935-11-21;64;148;;jah
1935-11-22;59;147;;jah
1935-11-23;50,2;146;;jah
1935-11-24;49,8;136;;jah
1935-11-25;46,3;125;;jah
1935-11-26;45,3;115;;jah
1935-11-27;46;105;;jah
1935-11-28;49,2;138;;jah
1935-11-29;50,4;148;;jah
1935-11-30;51,2;156;;jah
1935-12-01;52,7;162;;jah
1935-12-02;52,9;163;;jah
1935-12-03;53,2;165;;jah
1935-12-04;53,7;165;;jah
1935-12-05;53,8;165;;jah
1935-12-06;54;168;;jah
1935-12-07;54,2;169;;jah
1935-12-08;54,3;171;;jah
1935-12-09;54,2;172;;jah
1935-12-10;54,1;172;;jah
1935-12-11;54;169;;jah
1935-12-12;53,5;167;;jah
1935-12-13;52,1;164;;jah
1935-12-14;50,5;149;;jah
1935-12-15;48;136;;jah
1935-12-16;46,7;128;;jah
1935-12-17;44,9;116;;jah
1935-12-18;43;102;;jah
1935-12-19;43,6;106;;jah
1935-12-20;44,3;108;;jah
1935-12-21;45,3;116;;jah
1935-12-22;46,6;119;;jah
1935-12-23;47,2;122;;jah
1935-12-24;47,8;124;;jah
1935-12-25;48,1;126;;jah
1935-12-26;48,5;127;;jah
1935-12-27;48,9;127;;jah
1935-12-28;49,5;128;;jah
1935-12-29;49,8;129;;jah
1935-12-30;49,9;136;;jah
1935-12-31;50,2;144;;jah
1936-01-01;52;155;;jah
1936-01-02;54,1;161;;jah
1936-01-03;56,6;174;;jah
1936-01-04;61,4;179;;jah
1936-01-05;67,3;194;;jah
1936-01-06;73,3;202;;jah
1936-01-07;74,7;198;;jah
1936-01-08;74,1;192;;jah
1936-01-09;73,9;186;;jah
1936-01-10;73,4;186;;jah
1936-01-11;74,2;188;;jah
1936-01-12;75,3;190;;jah
1936-01-13;77,8;198;;jah
1936-01-14;79,3;203;;jah
1936-01-15;79,2;200;;jah
1936-01-16;78,9;196;;jah
1936-01-17;73,6;189;;jah
1936-01-18;71,8;182;;jah
1936-01-19;70,6;175;;jah
1936-01-20;70,5;172;;jah
1936-01-21;70,8;172;;jah
1936-01-22;70,9;173;;jah
1936-01-23;70,9;173;;jah
1936-01-24;71;173;;jah
1936-01-25;70,7;173;;jah
1936-01-26;70,8;167;;jah
1936-01-27;64,3;156;;jah
1936-01-28;59,2;144;;jah
1936-01-29;56,1;131;;jah
1936-01-30;53,3;125;;jah
1936-01-31;52,8;125;;jah
1936-02-01;46;114;;jah
1936-02-02;51,7;138;;jah
1936-02-03;54;136;;jah
1936-02-04;54,7;141;;jah
1936-02-05;55,8;153;;jah
1936-02-06;55,9;162;;jah
1936-02-07;56;164;;jah
1936-02-08;56,1;160;;jah
1936-02-09;52;153;;jah
1936-02-10;48,4;131;;jah
1936-02-11;48,5;127;;jah
1936-02-12;49,1;130;;jah
1936-02-13;50;135;;jah
1936-02-14;50,9;137;;jah
1936-02-15;51,2;140;;jah
1936-02-16;51,8;140;;jah
1936-02-17;52;140;;jah
1936-02-18;52;142;;jah
1936-02-19;52;145;;jah
1936-02-20;52,1;145;;jah
1936-02-21;52,3;145;;jah
1936-02-22;52,4;145;;jah
1936-02-23;52,6;144;;jah
1936-02-24;52,8;144;;jah
1936-02-25;53;142;;jah
1936-02-26;53,3;145;;jah
1936-02-27;53,5;148;;jah
1936-02-28;53,8;148;;jah
1936-02-29;54;147;;jah
1936-03-01;54,1;148;;jah
1936-03-02;54,7;149;;jah
1936-03-03;54,8;153;;jah
1936-03-04;55,5;151;;jah
1936-03-05;58,5;150;;jah
1936-03-06;66,2;151;;jah
1936-03-07;79,6;154;;jah
1936-03-08;77,3;150;;jah
1936-03-09;77,3;150;;jah
1936-03-10;77,3;150;;jah
1936-03-11;73,8;143;;jah
1936-03-12;70,2;134;;jah
1936-03-13;68,7;132;;jah
1936-03-14;70,1;135;;jah
1936-03-15;81,9;158;;jah
1936-03-16;101;186;;jah
1936-03-17;95,1;178;;jah
1936-03-18;94,3;177;;jah
1936-03-19;92,1;174;;jah
1936-03-20;87,3;167;;jah
1936-03-21;86,6;166;;jah
1936-03-22;86;165;;jah
1936-03-23;87,3;167;;jah
1936-03-24;88,7;169;;jah
1936-03-25;90;171;;jah
1936-03-26;91,5;173;;jah
1936-03-27;89,3;170;;jah
1936-03-28;88,7;169;;jah
1936-03-29;87,3;167;;jah
1936-03-30;86,7;166;;jah
1936-03-31;86,1;165;;jah
1936-04-01;88;168;;jah
1936-04-02;89,4;171;;jah
1936-04-03;93;177;;jah
1936-04-04;94,3;177;;jah
1936-04-05;94,3;179;;jah
1936-04-06;94,9;180;;jah
1936-04-07;96,3;182;;jah
1936-04-08;96,9;183;;jah
1936-04-09;96,9;183;;jah
1936-04-10;96,9;183;;jah
1936-04-11;96,2;182;;jah
1936-04-12;95;181;;jah
1936-04-13;94,4;179;;jah
1936-04-14;94,4;179;;jah
1936-04-15;95;180;;jah
1936-04-16;95;180;;jah
1936-04-17;100;188;;jah
1936-04-18;100;188;;jah
1936-04-19;103;192;;jah
1936-04-20;108;198;;jah
1936-04-21;113;203;;jah
1936-04-22;117;210;;jah
1936-04-23;121;213;;jah
1936-04-24;123;218;;jah
1936-04-25;125;220;;jah
1936-04-26;125;220;;jah
1936-04-27;122;219;;jah
1936-04-28;120;217;;jah
1936-04-29;116;214;;jah
1936-04-30;114;212;;jah
1936-05-01;109;208;;jah
1936-05-02;103;203;;jah
1936-05-03;98;198;;jah
1936-05-04;94,7;194;;jah
1936-05-05;91,8;190;;jah
1936-05-06;90,3;188;;jah
1936-05-07;89,7;187;;jah
1936-05-08;85,6;181;;jah
1936-05-09;83,5;178;;jah
1936-05-10;81,7;175;;jah
1936-05-11;78,7;170;;jah
1936-05-12;81,7;175;;jah
1936-05-13;81,1;174;;jah
1936-05-14;80,5;173;;jah
1936-05-15;78,1;179;;jah
1936-05-16;82,9;177;;jah
1936-05-17;80,5;173;;jah
1936-05-18;77;167;;jah
1936-05-19;75,9;165;;jah
1936-05-20;74,8;165;;jah
1936-05-21;73,9;161;;jah
1936-05-22;71,7;156;;jah
1936-05-23;70,3;153;;jah
1936-05-24;70,8;154;;jah
1936-05-25;69,9;152;;jah
1936-05-26;68,5;149;;jah
1936-05-27;67,5;147;;jah
1936-05-28;67,1;146;;jah
1936-05-29;65,3;142;;jah
1936-05-30;64,4;144;;jah
1936-05-31;64,1;144;;jah
1936-06-01;65,3;142;;jah
1936-06-02;65,8;143;;jah
1936-06-03;64,4;140;;jah
1936-06-04;64,4;140;;jah
1936-06-05;63,5;138;;jah
1936-06-06;65,8;143;;jah
1936-06-07;64,4;140;;jah
1936-06-08;65,3;142;;jah
1936-06-09;63,9;139;;jah
1936-06-10;63,5;138;;jah
1936-06-11;65,3;142;;jah
1936-06-12;61,8;134;;jah
1936-06-13;59,8;129;;jah
1936-06-14;68,3;126;;jah
1936-06-15;57,6;124;;jah
1936-06-16;57,6;124;;jah
1936-06-17;55,6;119;;jah
1936-06-18;56,3;121;;jah
1936-06-19;55,1;118;;jah
1936-06-20;55,1;118;;jah
1936-06-21;54,8;117;;jah
1936-06-22;54,1;115;;jah
1936-06-23;53,2;113;;jah
1936-06-24;53,2;113;;jah
1936-06-25;53,2;113;;jah
1936-06-26;52,9;112;;jah
1936-06-27;48,7;102;;jah
1936-06-28;49,1;103;;jah
1936-06-29;48,7;102;;jah
1936-06-30;47,1;98;;jah
1936-07-01;47,1;98;;jah
1936-07-02;47,1;98;;jah
1936-07-03;47,1;98;;jah
1936-07-04;46,2;96;;jah
1936-07-05;46,2;96;;jah
1936-07-06;44,5;92;;jah
1936-07-07;44,9;93;;jah
1936-07-08;44,5;92;;jah
1936-07-09;43,8;90;;jah
1936-07-10;47,4;89;;jah
1936-07-11;39,6;80;;jah
1936-07-12;42,9;88;;jah
1936-07-13;42,2;86;;jah
1936-07-14;41,3;84;;jah
1936-07-15;40,9;83;;jah
1936-07-16;40,9;83;;jah
1936-07-17;40,1;81;;jah
1936-07-18;40,1;81;;jah
1936-07-19;39,6;80;;jah
1936-07-20;39,6;80;;jah
1936-07-21;39,2;79;;jah
1936-07-22;39,2;79;;jah
1936-07-23;39,6;80;;jah
1936-07-24;39,6;80;;jah
1936-07-25;39,6;80;;jah
1936-07-26;39,6;80;;jah
1936-07-27;39,6;80;;jah
1936-07-28;39,6;79;;jah
1936-07-29;39,6;79;;jah
1936-07-30;39,2;79;;jah
1936-07-31;38,9;78;;jah
1936-08-01;38,9;78;;jah
1936-08-02;38,1;76;;jah
1936-08-03;38,1;76;;jah
1936-08-04;36,3;72;;jah
1936-08-05;34,6;68;;jah
1936-08-06;33,8;66;;jah
1936-08-07;33,4;65;;jah
1936-08-08;33,1;64;;jah
1936-08-09;32;61;;jah
1936-08-10;31,6;60;;jah
1936-08-11;30,9;58;;jah
1936-08-12;30,9;58;;jah
1936-08-13;30,9;58;;jah
1936-08-14;30,4;57;;jah
1936-08-15;30,2;56;;jah
1936-08-16;29,5;55;;jah
1936-08-17;27,6;50;;jah
1936-08-18;27,6;50;;jah
1936-08-19;27,1;49;;jah
1936-08-20;23,9;40;;jah
1936-08-21;24,5;42;;jah
1936-08-22;24,5;42;;jah
1936-08-23;23,9;40;;jah
1936-08-24;23,9;40;;jah
1936-08-25;23,9;40;;jah
1936-08-26;27,1;45;;jah
1936-08-27;27,1;45;;jah
1936-08-28;29,9;49;;jah
1936-08-29;28,3;47;;jah
1936-08-30;29,1;48;;jah
1936-08-31;30,6;50;;jah
1936-09-01;30,6;50;;jah
1936-09-02;30,6;50;;jah
1936-09-03;30,5;49;;jah
1936-09-04;29,5;46;;jah
1936-09-05;29,2;45;;jah
1936-09-06;30,3;47;;jah
1936-09-07;31,5;49;;jah
1936-09-08;35,4;54;;jah
1936-09-09;36,4;55;;jah
1936-09-10;34,7;50;;jah
1936-09-11;33,8;48;;jah
1936-09-12;33,4;47;;jah
1936-09-13;33,1;46;;jah
1936-09-14;32,7;45;;jah
1936-09-15;31,5;41;;jah
1936-09-16;31,1;40;;jah
1936-09-17;31,1;40;;jah
1936-09-18;30,7;38;;jah
1936-09-19;29,6;35;;jah
1936-09-20;29,3;34;;jah
1936-09-21;29,3;34;;jah
1936-09-22;29,1;33;;jah
1936-09-23;28,5;31;;jah
1936-09-24;28,2;30;;jah
1936-09-25;28,2;30;;jah
1936-09-26;27,4;27;;jah
1936-09-27;28,4;30;;jah
1936-09-28;28,8;31;;jah
1936-09-29;28,4;30;;jah
1936-09-30;28,4;30;;jah
1936-10-01;28,4;30;;jah
1936-10-02;28,4;30;;jah
1936-10-03;28,4;30;;jah
1936-10-04;30,2;35;;jah
1936-10-05;32,1;40;;jah
1936-10-06;37,3;53;;jah
1936-10-07;38,5;56;;jah
1936-10-08;40,7;61;;jah
1936-10-09;42,2;64;;jah
1936-10-10;42,5;65;;jah
1936-10-11;42,5;65;;jah
1936-10-12;42,2;64;;jah
1936-10-13;42,5;65;;jah
1936-10-14;43,1;66;;jah
1936-10-15;44,1;68;;jah
1936-10-16;44,5;69;;jah
1936-10-17;45,1;70;;jah
1936-10-18;46,1;72;;jah
1936-10-19;49,3;78;;jah
1936-10-20;50,5;80;;jah
1936-10-21;52,2;83;;jah
1936-10-22;52,2;83;;jah
1936-10-23;52,9;84;;jah
1936-10-24;52,9;84;;jah
1936-10-25;52,2;83;;jah
1936-10-26;52,9;84;;jah
1936-10-27;53,6;85;;jah
1936-10-28;52,7;83;;jah
1936-10-29;51,1;81;;jah
1936-10-30;51,2;79;;jah
1936-10-31;51,2;79;;jah
1936-11-01;51,5;80;;jah
1936-11-02;51,9;81;;jah
1936-11-03;52,3;82;;jah
1936-11-04;49,2;74;;jah
1936-11-05;49,3;75;;jah
1936-11-06;49,3;75;;jah
1936-11-07;48,8;70;;jah
1936-11-08;48,5;72;;jah
1936-11-09;48,1;71;;jah
1936-11-10;47,3;69;;jah
1936-11-11;47,1;68;;jah
1936-11-12;46,3;66;;jah
1936-11-13;45,9;65;;jah
1936-11-14;45,9;65;;jah
1936-11-15;45,6;64;;jah
1936-11-16;46,3;66;;jah
1936-11-17;48,1;71;;jah
1936-11-18;48,5;72;;jah
1936-11-19;46,3;66;;jah
1936-11-20;44,8;62;;jah
1936-11-21;41,6;52;;jah
1936-11-22;43,1;56;;jah
1936-11-23;45,9;63;;jah
1936-11-24;46,9;65;;jah
1936-11-25;44,8;60;;jah
1936-11-26;42,8;55;;jah
1936-11-27;42,4;54;;jah
1936-11-28;43,1;56;;jah
1936-11-29;43,6;57;;jah
1936-11-30;44,1;58;;jah
1936-12-01;45,6;62;;jah
1936-12-02;47,7;67;;jah
1936-12-03;48,7;69;;jah
1936-12-04;49,1;70;;jah
1936-12-05;53,5;79;;jah
1936-12-06;54,6;81;;jah
1936-12-07;55,7;83;;jah
1936-12-08;55,3;82;;jah
1936-12-09;54,1;80;;jah
1936-12-10;58,6;88;;jah
1936-12-11;56,3;84;;jah
1936-12-12;52,5;77;;jah
1936-12-13;49,1;70;;jah
1936-12-14;49,5;71;;jah
1936-12-15;50,1;72;;jah
1936-12-16;50,1;72;;jah
1936-12-17;50,1;72;;jah
1936-12-18;48,2;68;;jah
1936-12-19;45,1;61;;jah
1936-12-20;44,8;60;;jah
1936-12-21;47,3;66;;jah
1936-12-22;49,1;70;;jah
1936-12-23;53,1;78;;jah
1936-12-24;53,5;79;;jah
1936-12-25;54,2;80;;jah
1936-12-26;55,3;82;;jah
1936-12-27;55,7;83;;jah
1936-12-28;56,8;85;;jah
1936-12-29;57,9;87;;jah
1936-12-30;54,6;81;;jah
1936-12-31;52,2;76;;jah
1937-01-01;43,5;68;;jah
1937-01-02;31,6;67;;jah
1937-01-03;24;66;;jah
1937-01-04;22,5;65;;jah
1937-01-05;31,2;87;;jah
1937-01-06;34,9;82;;jah
1937-01-07;36,2;88;;jah
1937-01-08;37;92;;jah
1937-01-09;39;91;;jah
1937-01-10;40,2;87;;jah
1937-01-11;37,4;89;;jah
1937-01-12;34,5;82;;jah
1937-01-13;28,6;76;;jah
1937-01-14;27,3;68;;jah
1937-01-15;27;63;;jah
1937-01-16;26,9;61;;jah
1937-01-17;26,9;61;;jah
1937-01-18;27;58;;jah
1937-01-19;27;58;;jah
1937-01-20;27,1;56;;jah
1937-01-21;27,4;58;;jah
1937-01-22;27,9;59;;jah
1937-01-23;28;59;;jah
1937-01-24;28,2;59;;jah
1937-01-25;28,6;60;;jah
1937-01-26;28,9;61;;jah
1937-01-27;29,1;61;;jah
1937-01-28;29,2;61;;jah
1937-01-29;29,6;62;;jah
1937-01-30;30,1;62;;jah
1937-01-31;30,3;61;;jah
1937-02-01;30,7;62;;jah
1937-02-02;31;62;;jah
1937-02-03;31,9;63;;jah
1937-02-04;31,8;66;;jah
1937-02-05;32;68;;jah
1937-02-06;32,6;68;;jah
1937-02-07;33,2;72;;jah
1937-02-08;33,6;74;;jah
1937-02-09;34,4;73;;jah
1937-02-10;34,5;73;;jah
1937-02-11;34,8;74;;jah
1937-02-12;34,9;74;;jah
1937-02-13;35;74;;jah
1937-02-14;35,2;73;;jah
1937-02-15;35,4;73;;jah
1937-02-16;35,5;75;;jah
1937-02-17;35,7;76;;jah
1937-02-18;35,8;76;;jah
1937-02-19;36;76;;jah
1937-02-20;36,1;77;;jah
1937-02-21;36,3;77;;jah
1937-02-22;36,5;78;;jah
1937-02-23;36,8;79;;jah
1937-02-24;36,9;80;;jah
1937-02-25;37;79;;jah
1937-02-26;37,1;82;;jah
1937-02-27;37,5;82;;jah
1937-02-28;37,6;82;;jah
1937-03-01;38;82;;jah
1937-03-02;38,8;70;;jah
1937-03-03;38;84;;jah
1937-03-04;37,9;81;;jah
1937-03-05;37,6;80;;jah
1937-03-06;37,3;79;;jah
1937-03-07;37,9;79;;jah
1937-03-08;38;81;;jah
1937-03-09;37,6;83;;jah
1937-03-10;37,5;83;;jah
1937-03-11;37;79;;jah
1937-03-12;36,9;77;;jah
1937-03-13;38,5;82;;jah
1937-03-14;40,2;85;;jah
1937-03-15;42,5;90;;jah
1937-03-16;45;96;;jah
1937-03-17;62;120;;jah
1937-03-18;79,5;152;;jah
1937-03-19;94,4;173;;jah
1937-03-20;111;198;;jah
1937-03-21;113;190;;jah
1937-03-22;118;195;;jah
1937-03-23;126;203;;jah
1937-03-24;134;209;;jah
1937-03-25;138;212;;jah
1937-03-26;137;211;;jah
1937-03-27;135;208;;jah
1937-03-28;128;200;;jah
1937-03-29;123;195;;jah
1937-03-30;115;185;;jah
1937-03-31;115;185;;jah
1937-04-01;102;168;;jah
1937-04-02;94,5;156;;jah
1937-04-03;90,4;149;;jah
1937-04-04;85,4;139;;jah
1937-04-05;91,7;148;;jah
1937-04-06;98,8;158;;jah
1937-04-07;106;168;;jah
1937-04-08;114;178;;jah
1937-04-09;120;185;;jah
1937-04-10;126;192;;jah
1937-04-11;132;199;;jah
1937-04-12;136;204;;jah
1937-04-13;141;209;;jah
1937-04-14;144;213;;jah
1937-04-15;144;214;;jah
1937-04-16;145;215;;jah
1937-04-17;144;214;;jah
1937-04-18;143;212;;jah
1937-04-19;139;209;;jah
1937-04-20;135;205;;jah
1937-04-21;135;205;;jah
1937-04-22;138;208;;jah
1937-04-23;126;197;;jah
1937-04-24;122;193;;jah
1937-04-25;120;191;;jah
1937-04-26;118;188;;jah
1937-04-27;115;185;;jah
1937-04-28;111;181;;jah
1937-04-29;109;177;;jah
1937-04-30;102;172;;jah
1937-05-01;99,8;169;;jah
1937-05-02;97,4;166;;jah
1937-05-03;86,6;152;;jah
1937-05-04;82,9;147;;jah
1937-05-05;80,5;144;;jah
1937-05-06;78,4;141;;jah
1937-05-07;74,5;135;;jah
1937-05-08;72,3;131;;jah
1937-05-09;72,3;131;;jah
1937-05-10;69,7;127;;jah
1937-05-11;69,7;127;;jah
1937-05-12;71,5;130;;jah
1937-05-13;70,3;128;;jah
1937-05-14;67,8;124;;jah
1937-05-15;67,8;124;;jah
1937-05-16;67,8;124;;jah
1937-05-17;70,3;128;;jah
1937-05-18;69,7;127;;jah
1937-05-19;68,4;125;;jah
1937-05-20;68,4;125;;jah
1937-05-21;67,8;124;;jah
1937-05-22;68,5;126;;jah
1937-05-23;67,8;124;;jah
1937-05-24;66,2;121;;jah
1937-05-25;65;119;;jah
1937-05-26;63,2;116;;jah
1937-05-27;62,8;115;;jah
1937-05-28;58,2;106;;jah
1937-05-29;63,2;116;;jah
1937-05-30;57,7;105;;jah
1937-05-31;58,7;107;;jah
1937-06-01;57,8;105;;jah
1937-06-02;56,6;103;;jah
1937-06-03;56,6;103;;jah
1937-06-04;54,7;99;;jah
1937-06-05;56,4;106;;jah
1937-06-06;54,8;105;;jah
1937-06-07;53,1;103;;jah
1937-06-08;52,2;102;;jah
1937-06-09;49,7;98;;jah
1937-06-10;47,8;95;;jah
1937-06-11;47,8;95;;jah
1937-06-12;47,8;95;;jah
1937-06-13;46,3;92;;jah
1937-06-14;45,6;90;;jah
1937-06-15;42,1;78;;jah
1937-06-16;48,5;88;;jah
1937-06-17;49,4;89;;jah
1937-06-18;49,4;89;;jah
1937-06-19;47,9;85;;jah
1937-06-20;47,9;85;;jah
1937-06-21;47,9;85;;jah
1937-06-22;47,9;85;;jah
1937-06-23;45,2;78;;jah
1937-06-24;44,4;76;;jah
1937-06-25;44,1;75;;jah
1937-06-26;43,1;72;;jah
1937-06-27;42,4;70;;jah
1937-06-28;41,9;69;;jah
1937-06-29;41,3;67;;jah
1937-06-30;42,6;71;;jah
1937-07-01;42,6;71;;jah
1937-07-02;42,6;71;;jah
1937-07-03;41,9;69;;jah
1937-07-04;41,3;67;;jah
1937-07-05;41,1;66;;jah
1937-07-06;41,3;67;;jah
1937-07-07;40,7;65;;jah
1937-07-08;40,1;63;;jah
1937-07-09;39,9;62;;jah
1937-07-10;40,5;63;;jah
1937-07-11;41,6;65;;jah
1937-07-12;44,2;69;;jah
1937-07-13;42,8;67;;jah
1937-07-14;43,5;68;;jah
1937-07-15;42,2;66;;jah
1937-07-16;42,8;67;;jah
1937-07-17;44,6;69;;jah
1937-07-18;44,4;68;;jah
1937-07-19;44,2;67;;jah
1937-07-20;43,9;66;;jah
1937-07-21;43,2;64;;jah
1937-07-22;42,9;63;;jah
1937-07-23;42,7;62;;jah
1937-07-24;43,2;64;;jah
1937-07-25;42,7;62;;jah
1937-07-26;42,7;62;;jah
1937-07-27;42,7;62;;jah
1937-07-28;42,4;61;;jah
1937-07-29;42,4;61;;jah
1937-07-30;42,7;62;;jah
1937-07-31;42,7;62;;jah
1937-08-01;44,2;68;;jah
1937-08-02;47,1;75;;jah
1937-08-03;48,1;78;;jah
1937-08-04;49;80;;jah
1937-08-05;47,5;76;;jah
1937-08-06;46,1;72;;jah
1937-08-07;44,8;68;;jah
1937-08-08;44,2;66;;jah
1937-08-09;43,5;64;;jah
1937-08-10;42,7;61;;jah
1937-08-11;42,4;60;;jah
1937-08-12;41,5;58;;jah
1937-08-13;43,8;65;;jah
1937-08-14;46,4;73;;jah
1937-08-15;54,6;95;;jah
1937-08-16;67,3;121;;jah
1937-08-17;76,3;129;;jah
1937-08-18;77,2;128;;jah
1937-08-19;72,5;121;;jah
1937-08-20;67,1;112;;jah
1937-08-21;61,9;103;;jah
1937-08-22;58,2;95;;jah
1937-08-23;54,7;86;;jah
1937-08-24;52,3;79;;jah
1937-08-25;50,8;75;;jah
1937-08-26;49,6;72;;jah
1937-08-27;48,8;69;;jah
1937-08-28;48,8;69;;jah
1937-08-29;48,4;68;;jah
1937-08-30;47,2;64;;jah
1937-08-31;45,6;58;;jah
1937-09-01;45,6;60;;jah
1937-09-02;44,1;56;;jah
1937-09-03;42,9;58;;jah
1937-09-04;42,6;52;;jah
1937-09-05;43,7;55;;jah
1937-09-06;42,9;53;;jah
1937-09-07;42,6;52;;jah
1937-09-08;42,1;51;;jah
1937-09-09;41,7;49;;jah
1937-09-10;41,9;50;;jah
1937-09-11;42,5;53;;jah
1937-09-12;42,9;55;;jah
1937-09-13;44,8;63;;jah
1937-09-14;44,8;63;;jah
1937-09-15;45,4;65;;jah
1937-09-16;45,6;66;;jah
1937-09-17;45,2;65;;jah
1937-09-18;44,7;64;;jah
1937-09-19;44,1;62;;jah
1937-09-20;43,3;60;;jah
1937-09-21;42,7;58;;jah
1937-09-22;42,1;56;;jah
1937-09-23;42,9;59;;jah
1937-09-24;42,9;59;;jah
1937-09-25;42,3;57;;jah
1937-09-26;42,7;58;;jah
1937-09-27;42,7;58;;jah
1937-09-28;42,3;57;;jah
1937-09-29;41,7;55;;jah
1937-09-30;40,8;53;;jah
1937-10-01;40,6;52;;jah
1937-10-02;40,4;51;;jah
1937-10-03;40,1;50;;jah
1937-10-04;40,1;50;;jah
1937-10-05;39,4;48;;jah
1937-10-06;38,6;46;;jah
1937-10-07;38,3;45;;jah
1937-10-08;37,7;43;;jah
1937-10-09;37,4;42;;jah
1937-10-10;36,8;40;;jah
1937-10-11;36,4;39;;jah
1937-10-12;36,1;38;;jah
1937-10-13;36,4;39;;jah
1937-10-14;36,4;39;;jah
1937-10-15;36,1;38;;jah
1937-10-16;36,1;38;;jah
1937-10-17;35;34;;jah
1937-10-18;34,2;31;;jah
1937-10-19;35,4;34;;jah
1937-10-20;37,6;38;;jah
1937-10-21;37,1;37;;jah
1937-10-22;37,6;38;;jah
1937-10-23;38,2;39;;jah
1937-10-24;38,2;39;;jah
1937-10-25;39,9;40;;jah
1937-10-26;38,7;39;;jah
1937-10-27;38,6;38;;jah
1937-10-28;38,4;37;;jah
1937-10-29;38,2;36;;jah
1937-10-30;38;35;;jah
1937-10-31;37,8;34;;jah
1937-11-01;37,4;31;;jah
1937-11-02;37,4;31;;jah
1937-11-03;37,2;30;;jah
1937-11-04;37,1;29;;jah
1937-11-05;36,8;27;;jah
1937-11-06;36,5;25;;jah
1937-11-07;36,4;24;;jah
1937-11-08;36,3;23;;jah
1937-11-09;36,2;22;;jah
1937-11-10;37,3;28;;jah
1937-11-11;37,1;27;;jah
1937-11-12;37,5;29;;jah
1937-11-13;37,9;31;;jah
1937-11-14;39,5;37;;jah
1937-11-15;43,9;51;;jah
1937-11-16;46,3;58;;jah
1937-11-17;45,5;56;;jah
1937-11-18;44,1;52;;jah
1937-11-19;45,5;56;;jah
1937-11-20;44,1;52;;jah
1937-11-21;44,1;52;;jah
1937-11-22;45,2;55;;jah
1937-11-23;47,8;62;;jah
1937-11-24;49,2;66;;jah
1937-11-25;48,8;65;;jah
1937-11-26;46;63;;jah
1937-11-27;43,1;59;;jah
1937-11-28;40,2;55;;jah
1937-11-29;37,3;53;;jah
1937-11-30;34,4;53;;jah
1937-12-01;31,5;58;;jah
1937-12-02;28,8;70;;jah
1937-12-03;27,6;65;;jah
1937-12-04;21,8;53;;jah
1937-12-05;26;53;;jah
1937-12-06;26,2;51;;jah
1937-12-07;26,5;49;;jah
1937-12-08;27,1;47;;jah
1937-12-09;27,8;47;;jah
1937-12-10;28,4;46;;jah
1937-12-11;29,1;48;;jah
1937-12-12;29,5;49;;jah
1937-12-13;30,3;50;;jah
1937-12-14;31,1;51;;jah
1937-12-15;31,6;51;;jah
1937-12-16;31,8;51;;jah
1937-12-17;31,9;52;;jah
1937-12-18;31,2;51;;jah
1937-12-19;31;51;;jah
1937-12-20;31;51;;jah
1937-12-21;30,9;51;;jah
1937-12-22;30,8;51;;jah
1937-12-23;30,8;51;;jah
1937-12-24;30,7;51;;jah
1937-12-25;30,6;51;;jah
1937-12-26;30,6;51;;jah
1937-12-27;30,5;52;;jah
1937-12-28;30,5;53;;jah
1937-12-29;30,4;56;;jah
1937-12-30;30,9;56;;jah
1937-12-31;31,1;56;;jah
1938-01-01;30,8;54;;jah
1938-01-02;30,4;52;;jah
1938-01-03;30,2;52;;jah
1938-01-04;30,7;53;;jah
1938-01-05;30,8;54;;jah
1938-01-06;30,8;52;;jah
1938-01-07;30,9;51;;jah
1938-01-08;31,6;52;;jah
1938-01-09;31,1;53;;jah
1938-01-10;30,6;51;;jah
1938-01-11;30,5;51;;jah
1938-01-12;30,3;52;;jah
1938-01-13;30,3;52;;jah
1938-01-14;30,4;52;;jah
1938-01-15;30,5;52;;jah
1938-01-16;30,8;54;;jah
1938-01-17;30,9;55;;jah
1938-01-18;31,2;56;;jah
1938-01-19;31,1;58;;jah
1938-01-20;31,2;60;;jah
1938-01-21;31,2;61;;jah
1938-01-22;30,9;55;;jah
1938-01-23;30,1;51;;jah
1938-01-24;30,1;52;;jah
1938-01-25;30,2;56;;jah
1938-01-26;31;64;;jah
1938-01-27;31,2;68;;jah
1938-01-28;32,1;69;;jah
1938-01-29;32,9;70;;jah
1938-01-30;33,9;68;;jah
1938-01-31;35;69;;jah
1938-02-01;35,8;73;;jah
1938-02-02;36,7;74;;jah
1938-02-03;38,4;74;;jah
1938-02-04;39,8;75;;jah
1938-02-05;42;75;;jah
1938-02-06;45,8;79;;jah
1938-02-07;49,2;85;;jah
1938-02-08;52,7;86;;jah
1938-02-09;56,7;91;;jah
1938-02-10;57;98;;jah
1938-02-11;40;105;;jah
1938-02-12;35,8;104;;jah
1938-02-13;34,8;71;;jah
1938-02-14;34,6;66;;jah
1938-02-15;35,1;60;;jah
1938-02-16;47,9;76;;jah
1938-02-17;58,9;79;;jah
1938-02-18;49,3;80;;jah
1938-02-19;48,6;78;;jah
1938-02-20;47,7;75;;jah
1938-02-21;46,6;72;;jah
1938-02-22;44,3;64;;jah
1938-02-23;43,7;62;;jah
1938-02-24;42,5;58;;jah
1938-02-25;42,1;57;;jah
1938-02-26;43,1;59;;jah
1938-02-27;42,7;58;;jah
1938-02-28;42,7;58;;jah
1938-03-01;43;59;;jah
1938-03-02;45,3;65;;jah
1938-03-03;45,3;65;;jah
1938-03-04;46,9;69;;jah
1938-03-05;46,5;68;;jah
1938-03-06;49,5;75;;jah
1938-03-07;54,4;85;;jah
1938-03-08;56,6;89;;jah
1938-03-09;60;94;;jah
1938-03-10;58,4;90;;jah
1938-03-11;55,7;84;;jah
1938-03-12;53,5;79;;jah
1938-03-13;56,6;86;;jah
1938-03-14;55,3;83;;jah
1938-03-15;49,6;70;;jah
1938-03-16;46,4;62;;jah
1938-03-17;57,7;85;;jah
1938-03-18;65,8;100;;jah
1938-03-19;74,7;115;;jah
1938-03-20;80,8;125;;jah
1938-03-21;92,8;144;;jah
1938-03-22;99,8;154;;jah
1938-03-23;109;168;;jah
1938-03-24;114;174;;jah
1938-03-25;118;181;;jah
1938-03-26;121;191;;jah
1938-03-27;120;190;;jah
1938-03-28;119;189;;jah
1938-03-29;116;185;;jah
1938-03-30;113;182;;jah
1938-03-31;108;176;;jah
1938-04-01;113;169;;jah
1938-04-02;96,5;161;;jah
1938-04-03;92,4;155;;jah
1938-04-04;88,7;150;;jah
1938-04-05;80;136;;jah
1938-04-06;80;136;;jah
1938-04-07;80,3;138;;jah
1938-04-08;80,9;140;;jah
1938-04-09;81,5;142;;jah
1938-04-10;81,5;142;;jah
1938-04-11;81,7;143;;jah
1938-04-12;82,2;145;;jah
1938-04-13;77,7;140;;jah
1938-04-14;79,1;142;;jah
1938-04-15;78,3;141;;jah
1938-04-16;77,5;140;;jah
1938-04-17;78,3;141;;jah
1938-04-18;74,3;135;;jah
1938-04-19;74,3;135;;jah
1938-04-20;73,7;134;;jah
1938-04-21;74,9;136;;jah
1938-04-22;73,2;133;;jah
1938-04-23;73,7;134;;jah
1938-04-24;74,3;135;;jah
1938-04-25;73,7;134;;jah
1938-04-26;74,9;136;;jah
1938-04-27;72,7;135;;jah
1938-04-28;71,9;134;;jah
1938-04-29;70,3;132;;jah
1938-04-30;68,9;130;;jah
1938-05-01;68,1;129;;jah
1938-05-02;66,7;127;;jah
1938-05-03;63,9;123;;jah
1938-05-04;60,6;118;;jah
1938-05-05;60,1;117;;jah
1938-05-06;59,5;116;;jah
1938-05-07;57,7;113;;jah
1938-05-08;55,3;109;;jah
1938-05-09;54,7;108;;jah
1938-05-10;53,3;107;;jah
1938-05-11;54,7;108;;jah
1938-05-12;52,3;104;;jah
1938-05-13;51,1;102;;jah
1938-05-14;50,3;101;;jah
1938-05-15;49,9;100;;jah
1938-05-16;49,9;100;;jah
1938-05-17;48,5;98;;jah
1938-05-18;47,8;97;;jah
1938-05-19;47,1;96;;jah
1938-05-20;45,7;94;;jah
1938-05-21;44,5;92;;jah
1938-05-22;46,5;95;;jah
1938-05-23;44,5;92;;jah
1938-05-24;43,9;91;;jah
1938-05-25;44,5;92;;jah
1938-05-26;43,9;91;;jah
1938-05-27;43,9;91;;jah
1938-05-28;43,9;91;;jah
1938-05-29;43,9;91;;jah
1938-05-30;42,9;89;;jah
1938-05-31;41,7;87;;jah
1938-06-01;39,3;82;;jah
1938-06-02;40,1;84;;jah
1938-06-03;41,3;86;;jah
1938-06-04;41,3;86;;jah
1938-06-05;40,1;84;;jah
1938-06-06;39,3;82;;jah
1938-06-07;38,3;80;;jah
1938-06-08;37,4;78;;jah
1938-06-09;37,4;78;;jah
1938-06-10;36,3;76;;jah
1938-06-11;35,5;74;;jah
1938-06-12;35,1;73;;jah
1938-06-13;35,1;73;;jah
1938-06-14;33,7;70;;jah
1938-06-15;32,9;68;;jah
1938-06-16;33,5;69;;jah
1938-06-17;32,2;66;;jah
1938-06-18;33,3;69;;jah
1938-06-19;32,5;67;;jah
1938-06-20;32,5;67;;jah
1938-06-21;31,7;65;;jah
1938-06-22;32,5;67;;jah
1938-06-23;33,3;69;;jah
1938-06-24;33,7;70;;jah
1938-06-25;32,9;68;;jah
1938-06-26;32,2;66;;jah
1938-06-27;31,7;65;;jah
1938-06-28;31,5;64;;jah
1938-06-29;30,9;62;;jah
1938-06-30;29,5;57;;jah
1938-07-01;28,1;51;;jah
1938-07-02;30,7;61;;jah
1938-07-03;32,5;67;;jah
1938-07-04;32,5;67;;jah
1938-07-05;32,5;67;;jah
1938-07-06;32,5;68;;jah
1938-07-07;33,3;64;;jah
1938-07-08;30,9;62;;jah
1938-07-09;31,7;65;;jah
1938-07-10;32,5;67;;jah
1938-07-11;32,9;68;;jah
1938-07-12;31,7;65;;jah
1938-07-13;30,9;62;;jah
1938-07-14;30,7;61;;jah
1938-07-15;30,4;60;;jah
1938-07-16;30,1;59;;jah
1938-07-17;29,9;58;;jah
1938-07-18;29,6;57;;jah
1938-07-19;30,1;59;;jah
1938-07-20;29,3;56;;jah
1938-07-21;30,1;59;;jah
1938-07-22;30,9;62;;jah
1938-07-23;33,3;64;;jah
1938-07-24;31,2;63;;jah
1938-07-25;31,2;63;;jah
1938-07-26;30,9;62;;jah
1938-07-27;30,9;62;;jah
1938-07-28;30,9;62;;jah
1938-07-29;31,2;63;;jah
1938-07-30;30,9;62;;jah
1938-07-31;30,4;60;;jah
1938-08-01;30,1;59;;jah
1938-08-02;28,7;54;;jah
1938-08-03;27,5;49;;jah
1938-08-04;26,4;45;;jah
1938-08-05;25,9;43;;jah
1938-08-06;25,9;43;;jah
1938-08-07;25,4;41;;jah
1938-08-08;25,1;39;;jah
1938-08-09;24,7;37;;jah
1938-08-10;24,2;35;;jah
1938-08-11;23,8;33;;jah
1938-08-12;23,8;34;;jah
1938-08-13;23,9;34;;jah
1938-08-14;23,8;33;;jah
1938-08-15;26,6;32;;jah
1938-08-16;23,2;30;;jah
1938-08-17;23,2;30;;jah
1938-08-18;22,3;25;;jah
1938-08-19;22;23;;jah
1938-08-20;22,3;25;;jah
1938-08-21;22,4;26;;jah
1938-08-22;24,2;35;;jah
1938-08-23;24,2;35;;jah
1938-08-24;24,4;36;;jah
1938-08-25;24,4;36;;jah
1938-08-26;24,2;35;;jah
1938-08-27;24,2;35;;jah
1938-08-28;23,9;34;;jah
1938-08-29;26,6;32;;jah
1938-08-30;23,2;30;;jah
1938-08-31;23,2;30;;jah
1938-09-01;23,2;30;;jah
1938-09-02;22,7;28;;jah
1938-09-03;22,3;25;;jah
1938-09-04;22,1;24;;jah
1938-09-05;22;23;;jah
1938-09-06;21,8;22;;jah
1938-09-07;22,3;25;;jah
1938-09-08;22;23;;jah
1938-09-09;21,8;22;;jah
1938-09-10;21,8;22;;jah
1938-09-11;22;23;;jah
1938-09-12;22;23;;jah
1938-09-13;20,8;14;;jah
1938-09-14;20,9;15;;jah
1938-09-15;21,3;18;;jah
1938-09-16;21,3;18;;jah
1938-09-17;21,3;18;;jah
1938-09-18;21,1;16;;jah
1938-09-19;20,9;15;;jah
1938-09-20;20,9;16;;jah
1938-09-21;20,9;15;;jah
1938-09-22;20,9;15;;jah
1938-09-23;20,8;14;;jah
1938-09-24;20,5;11;;jah
1938-09-25;20,5;11;;jah
1938-09-26;20,5;10;;jah
1938-09-27;20,3;9;;jah
1938-09-28;20,3;7;;jah
1938-09-29;20,9;8;;jah
1938-09-30;20,9;8;;jah
1938-10-01;20,9;8;;jah
1938-10-02;20,3;7;;jah
1938-10-03;20,9;8;;jah
1938-10-04;20,9;8;;jah
1938-10-05;20,9;8;;jah
1938-10-06;21,7;9;;jah
1938-10-07;21,7;9;;jah
1938-10-08;23,5;12;;jah
1938-10-09;24,1;13;;jah
1938-10-10;24,9;14;;jah
1938-10-11;25,5;15;;jah
1938-10-12;25,5;15;;jah
1938-10-13;25,5;15;;jah
1938-10-14;26,1;16;;jah
1938-10-15;36,3;32;;jah
1938-10-16;37,7;35;;jah
1938-10-17;39,5;38;;jah
1938-10-18;40,9;41;;jah
1938-10-19;40,9;41;;jah
1938-10-20;40,9;41;;jah
1938-10-21;46,9;53;;jah
1938-10-22;54,3;72;;jah
1938-10-23;55,2;75;;jah
1938-10-24;54,9;74;;jah
1938-10-25;49,7;67;;jah
1938-10-26;45,4;60;;jah
1938-10-27;42,7;55;;jah
1938-10-28;40,4;51;;jah
1938-10-29;37;45;;jah
1938-10-30;37,6;46;;jah
1938-10-31;39,4;49;;jah
1938-11-01;40,9;52;;jah
1938-11-02;44,2;58;;jah
1938-11-03;46,4;62;;jah
1938-11-04;47,2;63;;jah
1938-11-05;48,4;65;;jah
1938-11-06;49,7;67;;jah
1938-11-07;51;69;;jah
1938-11-08;45,4;60;;jah
1938-11-09;46,4;62;;jah
1938-11-10;43,6;57;;jah
1938-11-11;42,6;55;;jah
1938-11-12;42,6;55;;jah
1938-11-13;41;52;;jah
1938-11-14;39,1;48;;jah
1938-11-15;38;46;;jah
1938-11-16;37,2;44;;jah
1938-11-17;36,8;43;;jah
1938-11-18;35,5;40;;jah
1938-11-19;36;41;;jah
1938-11-20;35,2;39;;jah
1938-11-21;35,2;39;;jah
1938-11-22;36;42;;jah
1938-11-23;36,6;44;;jah
1938-11-24;37;45;;jah
1938-11-25;40,2;53;;jah
1938-11-26;40,8;55;;jah
1938-11-27;41,6;57;;jah
1938-11-28;41,6;57;;jah
1938-11-29;42,2;58;;jah
1938-11-30;42,4;59;;jah
1938-12-01;39,2;52;;jah
1938-12-02;37,6;48;;jah
1938-12-03;35;42;;jah
1938-12-04;36,4;47;;jah
1938-12-05;38;52;;jah
1938-12-06;39,4;56;;jah
1938-12-07;41,3;62;;jah
1938-12-08;44,2;71;;jah
1938-12-09;45,2;73;;jah
1938-12-10;45,8;75;;jah
1938-12-11;44,4;72;;jah
1938-12-12;42,2;68;;jah
1938-12-13;39,5;62;;jah
1938-12-14;38;58;;jah
1938-12-15;39;61;;jah
1938-12-16;20;56;;jah
1938-12-17;20;50;;jah
1938-12-18;18,5;42;;jah
1938-12-19;20;39;;jah
1938-12-20;21;38;;jah
1938-12-21;21,8;32;;jah
1938-12-22;22,4;31;;jah
1938-12-23;22,9;30;;jah
1938-12-24;23,4;28;;jah
1938-12-25;23,9;27;;jah
1938-12-26;24,4;35;;jah
1938-12-27;24,8;26;;jah
1938-12-28;24,9;27;;jah
1938-12-29;25,2;27;;jah
1938-12-30;25,4;28;;jah
1938-12-31;25,8;29;;jah
1939-01-01;26;33;;jah
1939-01-02;26,3;34;;jah
1939-01-03;26,9;35;;jah
1939-01-04;27,2;35;;jah
1939-01-05;27,9;37;;jah
1939-01-06;28;36;;jah
1939-01-07;28,1;36;;jah
1939-01-08;28;35;;jah
1939-01-09;28;35;;jah
1939-01-10;27,8;33;;jah
1939-01-11;27,6;30;;jah
1939-01-12;27;29;;jah
1939-01-13;26,8;25;;jah
1939-01-14;26,5;23;;jah
1939-01-15;27,1;24;;jah
1939-01-16;29,2;25;;jah
1939-01-17;31,2;49;;jah
1939-01-18;35,2;81;;jah
1939-01-19;38,5;95;;jah
1939-01-20;42,5;97;;jah
1939-01-21;40,7;88;;jah
1939-01-22;38,8;78;;jah
1939-01-23;37;67;;jah
1939-01-24;35,5;65;;jah
1939-01-25;34,5;62;;jah
1939-01-26;33,5;59;;jah
1939-01-27;32,4;56;;jah
1939-01-28;31,5;56;;jah
1939-01-29;30,5;57;;jah
1939-01-30;29,6;54;;jah
1939-01-31;28,5;53;;jah
1939-02-01;27,9;53;;jah
1939-02-02;27,7;52;;jah
1939-02-03;27,6;50;;jah
1939-02-04;27,5;51;;jah
1939-02-05;27,8;52;;jah
1939-02-06;27,9;55;;jah
1939-02-07;28,9;55;;jah
1939-02-08;31,2;73;;jah
1939-02-09;36,7;88;;jah
1939-02-10;44,4;102;;jah
1939-02-11;50,8;108;;jah
1939-02-12;53,2;111;;jah
1939-02-13;57,2;126;;jah
1939-02-14;63,7;124;;jah
1939-02-15;70,2;113;;jah
1939-02-16;76,7;108;;jah
1939-02-17;83,3;124;;jah
1939-02-18;83,3;124;;jah
1939-02-19;82,2;122;;jah
1939-02-20;77,1;112;;jah
1939-02-21;72,4;103;;jah
1939-02-22;67;94;;jah
1939-02-23;62,2;84;;jah
1939-02-24;57,8;76;;jah
1939-02-25;53,6;68;;jah
1939-02-26;49,8;61;;jah
1939-02-27;47,1;56;;jah
1939-02-28;48,8;59;;jah
1939-03-01;46,7;55;;jah
1939-03-02;44;50;;jah
1939-03-03;41,3;45;;jah
1939-03-04;41,3;45;;jah
1939-03-05;40,1;43;;jah
1939-03-06;38,5;40;;jah
1939-03-07;36,3;36;;jah
1939-03-08;36,3;36;;jah
1939-03-09;36,9;37;;jah
1939-03-10;36,9;37;;jah
1939-03-11;37,4;38;;jah
1939-03-12;37,4;38;;jah
1939-03-13;38,5;40;;jah
1939-03-14;38,5;40;;jah
1939-03-15;38;39;;jah
1939-03-16;37,4;38;;jah
1939-03-17;37,4;38;;jah
1939-03-18;41,2;45;;jah
1939-03-19;41,7;46;;jah
1939-03-20;42,8;48;;jah
1939-03-21;37,4;38;;jah
1939-03-22;36,4;36;;jah
1939-03-23;33,7;30;;jah
1939-03-24;34,8;33;;jah
1939-03-25;38;39;;jah
1939-03-26;41,3;45;;jah
1939-03-27;48,1;58;;jah
1939-03-28;53,7;68;;jah
1939-03-29;65,5;90;;jah
1939-03-30;68,2;95;;jah
1939-03-31;67,1;93;;jah
1939-04-01;60;80;;jah
1939-04-02;55,2;71;;jah
1939-04-03;50,3;62;;jah
1939-04-04;64,8;89;;jah
1939-04-05;75,6;109;;jah
1939-04-06;91,6;138;;jah
1939-04-07;102;155;;jah
1939-04-08;99,7;152;;jah
1939-04-09;102;156;;jah
1939-04-10;98,4;152;;jah
1939-04-11;95,1;148;;jah
1939-04-12;93,1;145;;jah
1939-04-13;91,1;142;;jah
1939-04-14;98,9;139;;jah
1939-04-15;82,7;130;;jah
1939-04-16;84,1;134;;jah
1939-04-17;86,5;140;;jah
1939-04-18;87,6;143;;jah
1939-04-19;86,5;140;;jah
1939-04-20;85,6;137;;jah
1939-04-21;87,6;143;;jah
1939-04-22;90,6;149;;jah
1939-04-23;91,1;150;;jah
1939-04-24;91,1;150;;jah
1939-04-25;91,1;150;;jah
1939-04-26;89,4;148;;jah
1939-04-27;87,1;145;;jah
1939-04-28;84,9;142;;jah
1939-04-29;83,4;140;;jah
1939-04-30;81,9;138;;jah
1939-05-01;74,3;126;;jah
1939-05-02;75;127;;jah
1939-05-03;72,5;123;;jah
1939-05-04;69,2;117;;jah
1939-05-05;69,8;118;;jah
1939-05-06;69,8;118;;jah
1939-05-07;65,5;110;;jah
1939-05-08;63,5;106;;jah
1939-05-09;58;95;;jah
1939-05-10;58;95;;jah
1939-05-11;56,5;92;;jah
1939-05-12;56,5;92;;jah
1939-05-13;55,8;90;;jah
1939-05-14;54,9;88;;jah
1939-05-15;54,1;87;;jah
1939-05-16;53,3;85;;jah
1939-05-17;52,4;83;;jah
1939-05-18;51,5;81;;jah
1939-05-19;52;82;;jah
1939-05-20;52,7;84;;jah
1939-05-21;52,4;83;;jah
1939-05-22;53,3;85;;jah
1939-05-23;54,1;87;;jah
1939-05-24;56,5;92;;jah
1939-05-25;55,3;89;;jah
1939-05-26;52,7;84;;jah
1939-05-27;50,5;79;;jah
1939-05-28;48,7;75;;jah
1939-05-29;48,7;75;;jah
1939-05-30;48,7;75;;jah
1939-05-31;48,7;75;;jah
1939-06-01;48,1;73;;jah
1939-06-02;46,6;70;;jah
1939-06-03;45,7;68;;jah
1939-06-04;45,2;67;;jah
1939-06-05;44,9;66;;jah
1939-06-06;44,6;65;;jah
1939-06-07;44,6;65;;jah
1939-06-08;43,7;63;;jah
1939-06-09;42,5;60;;jah
1939-06-10;40,6;55;;jah
1939-06-11;40,9;56;;jah
1939-06-12;41,2;57;;jah
1939-06-13;42,1;59;;jah
1939-06-14;41,5;58;;jah
1939-06-15;41,5;58;;jah
1939-06-16;41,2;57;;jah
1939-06-17;40,9;56;;jah
1939-06-18;40,6;55;;jah
1939-06-19;41,2;57;;jah
1939-06-20;38,8;49;;jah
1939-06-21;37,7;48;;jah
1939-06-22;37,7;48;;jah
1939-06-23;37,7;48;;jah
1939-06-24;37,6;47;;jah
1939-06-25;36,9;45;;jah
1939-06-26;36,7;44;;jah
1939-06-27;36,7;44;;jah
1939-06-28;35,8;42;;jah
1939-06-29;35,4;41;;jah
1939-06-30;35,4;41;;jah
1939-07-01;35,8;42;;jah
1939-07-02;35,1;40;;jah
1939-07-03;34,3;38;;jah
1939-07-04;33,4;35;;jah
1939-07-05;33,4;35;;jah
1939-07-06;33,4;35;;jah
1939-07-07;32,9;34;;jah
1939-07-08;32,6;33;;jah
1939-07-09;32,3;32;;jah
1939-07-10;32,3;32;;jah
1939-07-11;31,9;31;;jah
1939-07-12;31,7;30;;jah
1939-07-13;31,2;29;;jah
1939-07-14;31,2;29;;jah
1939-07-15;31,7;30;;jah
1939-07-16;31,9;31;;jah
1939-07-17;31,7;30;;jah
1939-07-18;31,2;29;;jah
1939-07-19;30,9;28;;jah
1939-07-20;30,6;27;;jah
1939-07-21;30,2;26;;jah
1939-07-22;30,2;26;;jah
1939-07-23;29,7;24;;jah
1939-07-24;29,1;22;;jah
1939-07-25;29,1;22;;jah
1939-07-26;29,4;23;;jah
1939-07-27;30,1;25;;jah
1939-07-28;28,5;20;;jah
1939-07-29;27,3;16;;jah
1939-07-30;27,3;16;;jah
1939-07-31;27,3;16;;jah
1939-08-01;26,8;15;;jah
1939-08-02;26,5;14;;jah
1939-08-03;26,2;13;;jah
1939-08-04;26,5;14;;jah
1939-08-05;26,8;15;;jah
1939-08-06;26,8;15;;jah
1939-08-07;26,8;15;;jah
1939-08-08;26,5;14;;jah
1939-08-09;26,8;15;;jah
1939-08-10;25,6;11;;jah
1939-08-11;21,2;-4;;jah
1939-08-12;26,6;5;;jah
1939-08-13;26,1;3;;jah
1939-08-14;26,1;3;;jah
1939-08-15;25,5;2;;jah
1939-08-16;25;1;;jah
1939-08-17;25;1;;jah
1939-08-18;24,6;0;;jah
1939-08-19;24,6;0;;jah
1939-08-20;24,6;0;;jah
1939-08-21;23,4;-3;;jah
1939-08-22;24,6;0;;jah
1939-08-23;24,6;0;;jah
1939-08-24;24,1;-1;;jah
1939-08-25;23,6;-2;;jah
1939-08-26;23,6;-2;;jah
1939-08-27;23,1;-4;;jah
1939-08-28;22;-6;;jah
1939-08-29;21,4;-7;;jah
1939-08-30;21,4;-7;;jah
1939-08-31;20,1;-10;;jah
1939-09-01;22,8;-4;;jah
1939-09-02;21,4;-7;;jah
1939-09-03;19,8;-11;;jah
1939-09-04;17,8;-16;;jah
1939-09-05;17,4;-17;;jah
1939-09-06;18,6;-14;;jah
1939-09-07;17,8;-16;;jah
1939-09-08;17,8;-16;;jah
1939-09-09;14,1;-25;;jah
1939-09-10;14,1;-25;;jah
1939-09-11;17,8;-16;;jah
1939-09-12;19,4;-12;;jah
1939-09-13;16,9;-18;;jah
1939-09-14;16,4;-19;;jah
1939-09-15;16,9;-18;;jah
1939-09-16;18,6;-14;;jah
1939-09-17;16,9;-18;;jah
1939-09-18;16,1;-20;;jah
1939-09-19;16,1;-20;;jah
1939-09-20;15,3;-22;;jah
1939-09-21;14,6;-24;;jah
1939-09-22;13,8;-26;;jah
1939-09-23;13,4;-27;;jah
1939-09-24;16,1;-20;;jah
1939-09-25;13,4;-27;;jah
1939-09-26;14,2;-25;;jah
1939-09-27;13,4;-27;;jah
1939-09-28;13,1;-28;;jah
1939-09-29;12,7;-29;;jah
1939-09-30;12;-31;;jah
1939-10-01;11,2;-33;;jah
1939-10-02;14,6;-29;;jah
1939-10-03;14,1;-25;;jah
1939-10-04;13,4;-27;;jah
1939-10-05;13,8;-26;;jah
1939-10-06;14,1;-25;;jah
1939-10-07;14,1;-25;;jah
1939-10-08;14,6;-24;;jah
1939-10-09;13,4;-27;;jah
1939-10-10;13,8;-26;;jah
1939-10-11;13,8;-26;;jah
1939-10-12;14,1;-25;;jah
1939-10-13;14,1;-25;;jah
1939-10-14;14,1;-25;;jah
1939-10-15;14,1;-25;;jah
1939-10-16;11,2;-33;;jah
1939-10-17;12,4;-30;;jah
1939-10-18;11,2;-33;;jah
1939-10-19;11,6;-32;;jah
1939-10-20;11,6;-32;;jah
1939-10-21;12;-31;;jah
1939-10-22;11,2;-33;;jah
1939-10-23;10,5;-35;;jah
1939-10-24;12;-31;;jah
1939-10-25;12;-31;;jah
1939-10-26;12,4;-30;;jah
1939-10-27;14,1;-25;;jah
1939-10-28;17,4;-17;;jah
1939-10-29;15,7;-21;;jah
1939-10-30;14,1;-25;;jah
1939-10-31;13;-28;;jah
1939-11-01;12,4;-30;;jah
1939-11-02;11,9;-31;;jah
1939-11-03;11,9;-31;;jah
1939-11-04;11,6;-32;;jah
1939-11-05;11,6;-32;;jah
1939-11-06;11,6;-32;;jah
1939-11-07;11,9;-31;;jah
1939-11-08;11,9;-31;;jah
1939-11-09;11,9;-31;;jah
1939-11-10;11,6;-32;;jah
1939-11-11;8,05;-42;;jah
1939-11-12;11,6;-32;;jah
1939-11-13;6,43;-47;;jah
1939-11-14;11,9;-31;;jah
1939-11-15;11,6;-32;;jah
1939-11-16;11,9;-31;;jah
1939-11-17;12,4;-30;;jah
1939-11-18;11,9;-31;;jah
1939-11-19;10,9;-34;;jah
1939-11-20;8,46;-41;;jah
1939-11-21;10,2;-36;;jah
1939-11-22;11,6;-32;;jah
1939-11-23;11,9;-31;;jah
1939-11-24;11,9;-31;;jah
1939-11-25;5,67;-50;;jah
1939-11-26;7,01;-45;;jah
1939-11-27;5;-52;;jah
1939-11-28;10,3;-30;;jah
1939-11-29;11,6;-26;;jah
1939-11-30;10,9;-28;;jah
1939-12-01;11,6;-26;;jah
1939-12-02;11,6;-26;;jah
1939-12-03;11,6;-26;;jah
1939-12-04;11,6;-26;;jah
1939-12-05;10,9;-28;;jah
1939-12-06;11,6;-26;;jah
1939-12-07;11,6;-26;;jah
1939-12-08;12,8;-22;;jah
1939-12-09;15,2;-15;;jah
1939-12-10;12,2;-24;;jah
1939-12-11;13,2;-21;;jah
1939-12-12;13,2;-23;;jah
1939-12-13;13,2;-21;;jah
1939-12-14;13,8;-19;;jah
1939-12-15;13,8;-19;;jah
1939-12-16;14,2;-18;;jah
1939-12-17;14,5;-17;;jah
1939-12-18;14,5;-17;;jah
1939-12-19;14,8;-16;;jah
1939-12-20;15,2;-15;;jah
1939-12-21;15,6;-14;;jah
1939-12-22;15,6;-14;;jah
1939-12-23;15,2;-15;;jah
1939-12-24;14,5;-17;;jah
1939-12-25;14,5;-17;;jah
1939-12-26;14,1;-18;;jah
1939-12-27;14,1;-18;;jah
1939-12-28;13,8;-19;;jah
1939-12-29;13,5;-20;;jah
1939-12-30;13,5;-20;;jah
1939-12-31;12,8;-22;;jah
1940-01-01;12,5;-23;;jah
1940-01-02;11,9;-25;;jah
1940-01-03;10,9;-28;;jah
1940-01-04;10,6;-29;;jah
1940-01-05;10,3;-30;;jah
1940-01-06;10,3;-30;;jah
1940-01-07;10;-31;;jah
1940-01-08;9,75;-32;;jah
1940-01-09;9,75;-32;;jah
1940-01-10;9,43;-33;;jah
1940-01-11;9,75;-32;;jah
1940-01-12;10,3;-30;;jah
1940-01-13;10;-31;;jah
1940-01-14;10,3;-30;;jah
1940-01-15;10,9;-28;;jah
1940-01-16;12,2;-24;;jah
1940-01-17;13,1;-21;;jah
1940-01-18;13,8;-19;;jah
1940-01-19;14,5;-17;;jah
1940-01-20;14,8;-16;;jah
1940-01-21;15,2;-15;;jah
1940-01-22;15,5;-14;;jah
1940-01-23;16,2;-12;;jah
1940-01-24;16,9;-10;;jah
1940-01-25;17,6;-8;;jah
1940-01-26;17,9;-7;;jah
1940-01-27;18,4;-6;;jah
1940-01-28;18,4;-6;;jah
1940-01-29;18,1;-7;;jah
1940-01-30;18,4;-6;;jah
1940-01-31;18,4;-6;;jah
1940-02-01;18;-7;;jah
1940-02-02;18;-7;;jah
1940-02-03;18;-7;;jah
1940-02-04;18;-7;;jah
1940-02-05;18;-7;;jah
1940-02-06;18;-7;;jah
1940-02-07;18;-7;;jah
1940-02-08;18;-7;;jah
1940-02-09;18;-7;;jah
1940-02-10;18;-7;;jah
1940-02-11;17,6;-8;;jah
1940-02-12;17,6;-8;;jah
1940-02-13;17,6;-8;;jah
1940-02-14;17,3;-9;;jah
1940-02-15;17,3;-9;;jah
1940-02-16;17,6;-8;;jah
1940-02-17;17,6;-8;;jah
1940-02-18;17,6;-8;;jah
1940-02-19;17,6;-8;;jah
1940-02-20;17,6;-8;;jah
1940-02-21;16,5;-11;;jah
1940-02-22;16,5;-11;;jah
1940-02-23;16,5;-11;;jah
1940-02-24;16,5;-11;;jah
1940-02-25;16,5;-11;;jah
1940-02-26;16,2;-12;;jah
1940-02-27;16,2;-12;;jah
1940-02-28;16,2;-12;;jah
1940-02-29;16,2;-12;;jah
1940-03-01;15,8;-13;;jah
1940-03-02;15,5;-14;;jah
1940-03-03;15,5;-14;;jah
1940-03-04;15,5;-14;;jah
1940-03-05;15,5;-14;;jah
1940-03-06;15,5;-14;;jah
1940-03-07;15,5;-14;;jah
1940-03-08;15,2;-15;;jah
1940-03-09;15,2;-15;;jah
1940-03-10;15,2;-15;;jah
1940-03-11;15,2;-15;;jah
1940-03-12;15,2;-15;;jah
1940-03-13;15,8;-13;;jah
1940-03-14;15,8;-13;;jah
1940-03-15;15,8;-13;;jah
1940-03-16;15,8;-13;;jah
1940-03-17;15,5;-14;;jah
1940-03-18;15,5;-14;;jah
1940-03-19;15,5;-14;;jah
1940-03-20;15,8;-13;;jah
1940-03-21;15,8;-13;;jah
1940-03-22;15,8;-13;;jah
1940-03-23;15,8;-13;;jah
1940-03-24;15,5;-14;;jah
1940-03-25;15,8;-13;;jah
1940-03-26;15,8;-13;;jah
1940-03-27;15,5;-14;;jah
1940-03-28;15,5;-14;;jah
1940-03-29;16,5;-11;;jah
1940-03-30;16,9;-10;;jah
1940-03-31;16,9;-10;;jah
1940-04-01;16,9;-10;;jah
1940-04-02;17,8;-8;;jah
1940-04-03;19,6;-3;;jah
1940-04-04;22,1;3;;jah
1940-04-05;26,9;14;;jah
1940-04-06;30,6;32;;jah
1940-04-07;38,8;39;;jah
1940-04-08;41,4;44;;jah
1940-04-09;44,5;50;;jah
1940-04-10;48,8;58;;jah
1940-04-11;53,7;67;;jah
1940-04-12;60,2;79;;jah
1940-04-13;66,5;89;;jah
1940-04-14;72,4;97;;jah
1940-04-15;76;101;;jah
1940-04-16;71,6;96;;jah
1940-04-17;71,6;96;;jah
1940-04-18;67,1;90;;jah
1940-04-19;75;100;;jah
1940-04-20;79;104;;jah
1940-04-21;78;103;;jah
1940-04-22;80;105;;jah
1940-04-23;78;103;;jah
1940-04-24;80;105;;jah
1940-04-25;74,5;96;;jah
1940-04-26;68,7;86;;jah
1940-04-27;63,6;77;;jah
1940-04-28;58;67;;jah
1940-04-29;53,9;59;;jah
1940-04-30;50;52;;jah
1940-05-01;46,2;45;;jah
1940-05-02;46,2;45;;jah
1940-05-03;45,1;43;;jah
1940-05-04;45,1;43;;jah
1940-05-05;44,5;42;;jah
1940-05-06;43,6;40;;jah
1940-05-07;42,8;39;;jah
1940-05-08;40,8;35;;jah
1940-05-09;40,2;34;;jah
1940-05-10;39,7;33;;jah
1940-05-11;39,2;32;;jah
1940-05-12;38,6;31;;jah
1940-05-13;39,2;32;;jah
1940-05-14;40,8;35;;jah
1940-05-15;45,1;43;;jah
1940-05-16;49,4;51;;jah
1940-05-17;47,3;47;;jah
1940-05-18;43,5;40;;jah
1940-05-19;42,8;39;;jah
1940-05-20;43,5;40;;jah
1940-05-21;40,8;35;;jah
1940-05-22;39,7;33;;jah
1940-05-23;38,1;30;;jah
1940-05-24;38,1;30;;jah
1940-05-25;35,4;25;;jah
1940-05-26;36,4;27;;jah
1940-05-27;40,2;34;;jah
1940-05-28;35,4;25;;jah
1940-05-29;34,9;24;;jah
1940-05-30;35,4;25;;jah
1940-05-31;34,9;24;;jah
1940-06-01;35,4;25;;jah
1940-06-02;31;17;;jah
1940-06-03;30;15;;jah
1940-06-04;28;11;;jah
1940-06-05;28,4;12;;jah
1940-06-06;26,3;8;;jah
1940-06-07;25,5;10;;jah
1940-06-08;25,8;7;;jah
1940-06-09;24,9;5;;jah
1940-06-10;27;9;;jah
1940-06-11;23,8;3;;jah
1940-06-12;28,9;13;;jah
1940-06-13;28,4;12;;jah
1940-06-14;28,4;12;;jah
1940-06-15;28;11;;jah
1940-06-16;27;9;;jah
1940-06-17;25,8;7;;jah
1940-06-18;24,9;5;;jah
1940-06-19;23,4;2;;jah
1940-06-20;22;-1;;jah
1940-06-21;21,5;-2;;jah
1940-06-22;21,5;-2;;jah
1940-06-23;21,5;-2;;jah
1940-06-24;21,5;-2;;jah
1940-06-25;23,4;2;;jah
1940-06-26;23,8;3;;jah
1940-06-27;23,8;3;;jah
1940-06-28;23,8;3;;jah
1940-06-29;22,8;1;;jah
1940-06-30;22,8;1;;jah
1940-07-01;23,4;2;;jah
1940-07-02;22,4;0;;jah
1940-07-03;21,1;-3;;jah
1940-07-04;20,8;-4;;jah
1940-07-05;20,4;-5;;jah
1940-07-06;19,8;-6;;jah
1940-07-07;19,8;-6;;jah
1940-07-08;19,4;-7;;jah
1940-07-09;20,8;-4;;jah
1940-07-10;19;-8;;jah
1940-07-11;19,8;-6;;jah
1940-07-12;19,8;-6;;jah
1940-07-13;18,6;-9;;jah
1940-07-14;18,6;-9;;jah
1940-07-15;20,8;-4;;jah
1940-07-16;18,1;-10;;jah
1940-07-17;20,4;-5;;jah
1940-07-18;16,5;-14;;jah
1940-07-19;16,2;-15;;jah
1940-07-20;14,3;-20;;jah
1940-07-21;14;-21;;jah
1940-07-22;15,7;-16;;jah
1940-07-23;14,6;-19;;jah
1940-07-24;15;-18;;jah
1940-07-25;14,3;-20;;jah
1940-07-26;14;-21;;jah
1940-07-27;14,6;-19;;jah
1940-07-28;14;-21;;jah
1940-07-29;13,2;-23;;jah
1940-07-30;13,6;-22;;jah
1940-07-31;16,6;-16;;jah
1940-08-01;17;-15;;jah
1940-08-02;15;-19;;jah
1940-08-03;14;-21;;jah
1940-08-04;14,6;-20;;jah
1940-08-05;14;-21;;jah
1940-08-06;20,4;-8;;jah
1940-08-07;12,4;-28;;jah
1940-08-08;13,2;-26;;jah
1940-08-09;13,2;-26;;jah
1940-08-10;11,7;-30;;jah
1940-08-11;13,6;-25;;jah
1940-08-12;13,6;-25;;jah
1940-08-13;13,6;-25;;jah
1940-08-14;14,3;-13;;jah
1940-08-15;13,9;-24;;jah
1940-08-16;13,6;-25;;jah
1940-08-17;13,2;-26;;jah
1940-08-18;13,2;-26;;jah
1940-08-19;12,4;-28;;jah
1940-08-20;11,7;-30;;jah
1940-08-21;12,9;-27;;jah
1940-08-22;13,2;-26;;jah
1940-08-23;13,6;-25;;jah
1940-08-24;13,6;-25;;jah
1940-08-25;13,2;-26;;jah
1940-08-26;12;-29;;jah
1940-08-27;10,4;-34;;jah
1940-08-28;13,2;-26;;jah
1940-08-29;11;-32;;jah
1940-08-30;12,4;-28;;jah
1940-08-31;17,2;-16;;jah
1940-09-01;16,2;-18;;jah
1940-09-02;15,5;-20;;jah
1940-09-03;13,2;-26;;jah
1940-09-04;13,2;-26;;jah
1940-09-05;9,7;-36;;jah
1940-09-06;10,4;-34;;jah
1940-09-07;10;-35;;jah
1940-09-08;6,81;-45;;jah
1940-09-09;10;-36;;jah
1940-09-10;10,6;-34;;jah
1940-09-11;10,9;-33;;jah
1940-09-12;13,7;-25;;jah
1940-09-13;12,7;-28;;jah
1940-09-14;13,4;-26;;jah
1940-09-15;13,4;-26;;jah
1940-09-16;16,4;-8;;jah
1940-09-17;14,9;-19;;jah
1940-09-18;15,6;-20;;jah
1940-09-19;14,5;-23;;jah
1940-09-20;13,8;-25;;jah
1940-09-21;15,7;-20;;jah
1940-09-22;16,3;-18;;jah
1940-09-23;15,7;-20;;jah
1940-09-24;15,7;-20;;jah
1940-09-25;15,2;-21;;jah
1940-09-26;15,2;-21;;jah
1940-09-27;14,5;-23;;jah
1940-09-28;14,5;-23;;jah
1940-09-29;14,5;-23;;jah
1940-09-30;17,1;-16;;jah
1940-10-01;15,7;-20;;jah
1940-10-02;15,7;-20;;jah
1940-10-03;18,2;-13;;jah
1940-10-04;18,6;-12;;jah
1940-10-05;19,8;-9;;jah
1940-10-06;18,2;-13;;jah
1940-10-07;19,1;-11;;jah
1940-10-08;20,7;-7;;jah
1940-10-09;22,5;-3;;jah
1940-10-10;23,3;-1;;jah
1940-10-11;23,7;0;;jah
1940-10-12;24,1;1;;jah
1940-10-13;24,1;1;;jah
1940-10-14;25,5;4;;jah
1940-10-15;23;0;;jah
1940-10-16;22,6;-1;;jah
1940-10-17;20,6;-5;;jah
1940-10-18;19,8;-7;;jah
1940-10-19;19,8;-7;;jah
1940-10-20;19,3;-8;;jah
1940-10-21;19,3;-8;;jah
1940-10-22;20,2;-6;;jah
1940-10-23;18,5;-10;;jah
1940-10-24;16;-17;;jah
1940-10-25;18,5;-6;;jah
1940-10-26;18,5;-6;;jah
1940-10-27;17,8;-9;;jah
1940-10-28;17,2;-12;;jah
1940-10-29;16,7;-14;;jah
1940-10-30;17,2;-12;;jah
1940-10-31;17,7;-10;;jah
1940-11-01;17,6;-10;;jah
1940-11-02;17,3;-11;;jah
1940-11-03;17,8;-9;;jah
1940-11-04;18,3;-7;;jah
1940-11-05;18;-8;;jah
1940-11-06;18;-8;;jah
1940-11-07;18;-8;;jah
1940-11-08;18,6;-6;;jah
1940-11-09;19,1;-4;;jah
1940-11-10;20,1;0;;jah
1940-11-11;17,6;-10;;jah
1940-11-12;18,8;-5;;jah
1940-11-13;20,1;0;;jah
1940-11-14;21,3;5;;jah
1940-11-15;19,1;-4;;jah
1940-11-16;22,8;10;;jah
1940-11-17;25,5;20;;jah
1940-11-18;24,9;18;;jah
1940-11-19;29,6;35;;jah
1940-11-20;32,6;45;;jah
1940-11-21;34,1;50;;jah
1940-11-22;34,7;52;;jah
1940-11-23;35;53;;jah
1940-11-24;35,3;54;;jah
1940-11-25;35,7;55;;jah
1940-11-26;35,9;56;;jah
1940-11-27;37,7;62;;jah
1940-11-28;39,5;67;;jah
1940-11-29;45,9;85;;jah
1940-11-30;40,1;73;;jah
1940-12-01;35,4;60;;jah
1940-12-02;37;66;;jah
1940-12-03;40,6;79;;jah
1940-12-04;43,6;89;;jah
1940-12-05;43,6;89;;jah
1940-12-06;43,9;90;;jah
1940-12-07;43,3;88;;jah
1940-12-08;42,3;85;;jah
1940-12-09;42,3;85;;jah
1940-12-10;41,5;82;;jah
1940-12-11;43,7;89;;jah
1940-12-12;45,6;95;;jah
1940-12-13;45,9;96;;jah
1940-12-14;45,9;96;;jah
1940-12-15;44,2;92;;jah
1940-12-16;42,4;87;;jah
1940-12-17;40,6;82;;jah
1940-12-18;39,3;78;;jah
1940-12-19;38,3;75;;jah
1940-12-20;37,4;72;;jah
1940-12-21;36,6;69;;jah
1940-12-22;35,9;67;;jah
1940-12-23;35,3;65;;jah
1940-12-24;35,3;65;;jah
1940-12-25;35,1;64;;jah
1940-12-26;35,1;64;;jah
1940-12-27;35,1;64;;jah
1940-12-28;34,8;63;;jah
1940-12-29;33,9;60;;jah
1940-12-30;33,4;58;;jah
1940-12-31;33,1;57;;jah
1941-01-01;32,8;56;;jah
1941-01-02;32,5;61;;jah
1941-01-03;32,2;59;;jah
1941-01-04;31,9;58;;jah
1941-01-05;31,6;57;;jah
1941-01-06;31,4;56;;jah
1941-01-07;31,4;56;;jah
1941-01-08;31,4;56;;jah
1941-01-09;31,4;56;;jah
1941-01-10;31,4;56;;jah
1941-01-11;31,4;56;;jah
1941-01-12;30,7;51;;jah
1941-01-13;30,1;52;;jah
1941-01-14;29,8;51;;jah
1941-01-15;29,8;51;;jah
1941-01-16;29,8;51;;jah
1941-01-17;29,8;51;;jah
1941-01-18;29,7;50;;jah
1941-01-19;27,9;43;;jah
1941-01-20;27,9;41;;jah
1941-01-21;27,9;41;;jah
1941-01-22;27,9;41;;jah
1941-01-23;27,7;42;;jah
1941-01-24;27,7;42;;jah
1941-01-25;27,7;42;;jah
1941-01-26;27,9;43;;jah
1941-01-27;27,9;43;;jah
1941-01-28;27,9;43;;jah
1941-01-29;27,9;43;;jah
1941-01-30;27,9;43;;jah
1941-01-31;27,9;43;;jah
1941-02-01;28,1;44;;jah
1941-02-02;28,1;44;;jah
1941-02-03;28,1;44;;jah
1941-02-04;28,1;44;;jah
1941-02-05;28,4;45;;jah
1941-02-06;28,8;47;;jah
1941-02-07;28,9;47;;jah
1941-02-08;28,9;47;;jah
1941-02-09;28,9;47;;jah
1941-02-10;29,1;48;;jah
1941-02-11;29,4;49;;jah
1941-02-12;29,4;49;;jah
1941-02-13;29,4;49;;jah
1941-02-14;29,4;49;;jah
1941-02-15;29,7;50;;jah
1941-02-16;29,4;49;;jah
1941-02-17;29,4;49;;jah
1941-02-18;29,4;49;;jah
1941-02-19;29,1;46;;jah
1941-02-20;29,4;49;;jah
1941-02-21;29,7;50;;jah
1941-02-22;29,7;50;;jah
1941-02-23;29,1;48;;jah
1941-02-24;29,7;50;;jah
1941-02-25;29,9;51;;jah
1941-02-26;30,1;52;;jah
1941-02-27;30,2;53;;jah
1941-02-28;30,2;53;;jah
1941-03-01;30,1;52;;jah
1941-03-02;30,1;52;;jah
1941-03-03;29,9;51;;jah
1941-03-04;30,6;54;;jah
1941-03-05;31;55;;jah
1941-03-06;31;55;;jah
1941-03-07;31,8;58;;jah
1941-03-08;32,5;60;;jah
1941-03-09;32,5;60;;jah
1941-03-10;32,5;60;;jah
1941-03-11;32,7;61;;jah
1941-03-12;32,5;60;;jah
1941-03-13;31,5;57;;jah
1941-03-14;29,7;50;;jah
1941-03-15;31,8;58;;jah
1941-03-16;31,8;58;;jah
1941-03-17;31,8;58;;jah
1941-03-18;32,1;59;;jah
1941-03-19;29,7;50;;jah
1941-03-20;32,7;60;;jah
1941-03-21;32,7;60;;jah
1941-03-22;31,5;57;;jah
1941-03-23;31,2;56;;jah
1941-03-24;31,2;56;;jah
1941-03-25;31,1;55;;jah
1941-03-26;30,6;54;;jah
1941-03-27;30,6;54;;jah
1941-03-28;30,3;53;;jah
1941-03-29;30,4;53;;jah
1941-03-30;30,5;53;;jah
1941-03-31;30,6;53;;jah
1941-04-01;30,7;55;;jah
1941-04-02;30,3;55;;jah
1941-04-03;30,1;56;;jah
1941-04-04;30;56;;jah
1941-04-05;29,9;56;;jah
1941-04-06;29,8;57;;jah
1941-04-07;29,7;55;;jah
1941-04-08;29,6;55;;jah
1941-04-09;29,5;55;;jah
1941-04-10;29,6;46;;jah
1941-04-11;29,7;40;;jah
1941-04-12;30;35;;jah
1941-04-13;30,8;29;;jah
1941-04-14;31,8;24;;jah
1941-04-15;31,8;24;;jah
1941-04-16;31,9;25;;jah
1941-04-17;36,3;46;;jah
1941-04-18;47,9;78;;jah
1941-04-19;70,2;123;;jah
1941-04-20;99,5;163;;jah
1941-04-21;113;179;;jah
1941-04-22;115;175;;jah
1941-04-23;113;167;;jah
1941-04-24;122;171;;jah
1941-04-25;132;180;;jah
1941-04-26;141;190;;jah
1941-04-27;148;203;;jah
1941-04-28;157;217;;jah
1941-04-29;168;223;;jah
1941-04-30;166;231;;jah
1941-05-01;162;234;;jah
1941-05-02;164;233;;jah
1941-05-03;162;234;;jah
1941-05-04;164;233;;jah
1941-05-05;153;230;;jah
1941-05-06;153;226;;jah
1941-05-07;152;220;;jah
1941-05-08;146;212;;jah
1941-05-09;139;205;;jah
1941-05-10;133;200;;jah
1941-05-11;124;192;;jah
1941-05-12;116;184;;jah
1941-05-13;109;178;;jah
1941-05-14;103;172;;jah
1941-05-15;96,8;166;;jah
1941-05-16;93,9;161;;jah
1941-05-17;86,4;156;;jah
1941-05-18;82,3;152;;jah
1941-05-19;81,1;151;;jah
1941-05-20;80;150;;jah
1941-05-21;78,8;148;;jah
1941-05-22;73,1;143;;jah
1941-05-23;70,9;140;;jah
1941-05-24;69,4;138;;jah
1941-05-25;67;135;;jah
1941-05-26;64,5;132;;jah
1941-05-27;63,4;131;;jah
1941-05-28;61,4;128;;jah
1941-05-29;59,8;126;;jah
1941-05-30;59,1;125;;jah
1941-05-31;57;122;;jah
1941-06-01;55,8;120;;jah
1941-06-02;54,1;117;;jah
1941-06-03;50,9;111;;jah
1941-06-04;50,2;110;;jah
1941-06-05;50,2;110;;jah
1941-06-06;49,4;108;;jah
1941-06-07;49,4;108;;jah
1941-06-08;50,2;110;;jah
1941-06-09;48,5;106;;jah
1941-06-10;49,4;108;;jah
1941-06-11;50,2;110;;jah
1941-06-12;50,2;110;;jah
1941-06-13;49,4;108;;jah
1941-06-14;48,5;106;;jah
1941-06-15;49,4;108;;jah
1941-06-16;48,5;106;;jah
1941-06-17;48,9;107;;jah
1941-06-18;48,5;106;;jah
1941-06-19;48,5;106;;jah
1941-06-20;48,5;106;;jah
1941-06-21;47,7;104;;jah
1941-06-22;48,5;106;;jah
1941-06-23;48,5;106;;jah
1941-06-24;46,3;101;;jah
1941-06-25;45,9;100;;jah
1941-06-26;45,1;98;;jah
1941-06-27;44,3;96;;jah
1941-06-28;44;95;;jah
1941-06-29;44;95;;jah
1941-06-30;43,3;93;;jah
1941-07-01;42,2;90;;jah
1941-07-02;42,2;90;;jah
1941-07-03;42,2;90;;jah
1941-07-04;41,9;89;;jah
1941-07-05;41,5;88;;jah
1941-07-06;40,7;86;;jah
1941-07-07;40,1;84;;jah
1941-07-08;40,1;84;;jah
1941-07-09;39,6;83;;jah
1941-07-10;39,2;82;;jah
1941-07-11;38,9;81;;jah
1941-07-12;38,5;80;;jah
1941-07-13;38,3;79;;jah
1941-07-14;38,3;79;;jah
1941-07-15;37,9;78;;jah
1941-07-16;37,5;77;;jah
1941-07-17;37,1;76;;jah
1941-07-18;36,9;75;;jah
1941-07-19;36,6;74;;jah
1941-07-20;36,1;73;;jah
1941-07-21;35,8;72;;jah
1941-07-22;35,8;72;;jah
1941-07-23;35,5;71;;jah
1941-07-24;35,1;70;;jah
1941-07-25;34,8;69;;jah
1941-07-26;34,5;68;;jah
1941-07-27;34,5;68;;jah
1941-07-28;34,5;68;;jah
1941-07-29;33,8;66;;jah
1941-07-30;32,8;63;;jah
1941-07-31;32,4;62;;jah
1941-08-01;31,8;60;;jah
1941-08-02;31,4;59;;jah
1941-08-03;31;58;;jah
1941-08-04;29,7;55;;jah
1941-08-05;29,7;55;;jah
1941-08-06;29,3;54;;jah
1941-08-07;28,4;52;;jah
1941-08-08;26,2;47;;jah
1941-08-09;26,3;41;;jah
1941-08-10;28;51;;jah
1941-08-11;29,8;55;;jah
1941-08-12;29,8;55;;jah
1941-08-13;30,2;56;;jah
1941-08-14;30;55;;jah
1941-08-15;28,9;50;;jah
1941-08-16;28,7;49;;jah
1941-08-17;29,4;52;;jah
1941-08-18;26,5;38;;jah
1941-08-19;28,5;48;;jah
1941-08-20;28,5;48;;jah
1941-08-21;27,8;45;;jah
1941-08-22;27,1;41;;jah
1941-08-23;27,8;45;;jah
1941-08-24;27,8;45;;jah
1941-08-25;27,2;42;;jah
1941-08-26;27,2;42;;jah
1941-08-27;27,2;42;;jah
1941-08-28;31,8;60;;jah
1941-08-29;27,2;42;;jah
1941-08-30;27,8;45;;jah
1941-08-31;27,6;44;;jah
1941-09-01;27,8;45;;jah
1941-09-02;28,1;46;;jah
1941-09-03;28,3;47;;jah
1941-09-04;29,1;51;;jah
1941-09-05;27,2;42;;jah
1941-09-06;26,7;39;;jah
1941-09-07;26,1;36;;jah
1941-09-08;27,2;42;;jah
1941-09-09;27,4;43;;jah
1941-09-10;27,1;41;;jah
1941-09-11;28;46;;jah
1941-09-12;28,7;49;;jah
1941-09-13;27;41;;jah
1941-09-14;26,7;39;;jah
1941-09-15;26,1;36;;jah
1941-09-16;25,3;31;;jah
1941-09-17;25,5;32;;jah
1941-09-18;26,3;37;;jah
1941-09-19;25,6;33;;jah
1941-09-20;25,2;30;;jah
1941-09-21;25,3;31;;jah
1941-09-22;25,2;30;;jah
1941-09-23;26,1;36;;jah
1941-09-24;25,3;31;;jah
1941-09-25;25,6;33;;jah
1941-09-26;26,1;36;;jah
1941-09-27;25,5;32;;jah
1941-09-28;25,2;30;;jah
1941-09-29;24,6;27;;jah
1941-09-30;24,6;27;;jah
1941-10-01;26,5;30;;jah
1941-10-02;27;29;;jah
1941-10-03;25,8;21;;jah
1941-10-04;26,4;23;;jah
1941-10-05;27,2;26;;jah
1941-10-06;27,9;29;;jah
1941-10-07;26,4;26;;jah
1941-10-08;25,3;19;;jah
1941-10-09;26,4;26;;jah
1941-10-10;25,6;20;;jah
1941-10-11;26;22;;jah
1941-10-12;26;22;;jah
1941-10-13;26;22;;jah
1941-10-14;24,4;16;;jah
1941-10-15;27,9;29;;jah
1941-10-16;25,6;20;;jah
1941-10-17;25,8;21;;jah
1941-10-18;26,8;25;;jah
1941-10-19;28,8;33;;jah
1941-10-20;27,5;27;;jah
1941-10-21;25;18;;jah
1941-10-22;24,4;16;;jah
1941-10-23;25,3;19;;jah
1941-10-24;25,5;20;;jah
1941-10-25;24,9;18;;jah
1941-10-26;25,3;19;;jah
1941-10-27;25,3;19;;jah
1941-10-28;25,5;20;;jah
1941-10-29;26;22;;jah
1941-10-30;28,6;37;;jah
1941-10-31;28;30;;jah
1941-11-01;24,7;20;;jah
1941-11-02;24,2;23;;jah
1941-11-03;23,7;26;;jah
1941-11-04;23,4;23;;jah
1941-11-05;22,8;21;;jah
1941-11-06;22,5;22;;jah
1941-11-07;22;22;;jah
1941-11-08;21,5;35;;jah
1941-11-09;21,2;38;;jah
1941-11-10;20,6;39;;jah
1941-11-11;20,3;39;;jah
1941-11-12;20,1;40;;jah
1941-11-13;19,7;30;;jah
1941-11-14;19,5;24;;jah
1941-11-15;19,2;21;;jah
1941-11-16;19;21;;jah
1941-11-17;18,5;20;;jah
1941-11-18;18,2;20;;jah
1941-11-19;18;20;;jah
1941-11-20;17,7;20;;jah
1941-11-21;17,5;21;;jah
1941-11-22;17,2;20;;jah
1941-11-23;17;20;;jah
1941-11-24;16,7;20;;jah
1941-11-25;16,5;26;;jah
1941-11-26;16,2;24;;jah
1941-11-27;16;22;;jah
1941-11-28;15,7;20;;jah
1941-11-29;15,6;22;;jah
1941-11-30;15,4;21;;jah
1941-12-01;15,2;21;;jah
1941-12-02;15;21;;jah
1941-12-03;14,9;21;;jah
1941-12-04;14,8;21;;jah
1941-12-05;14,6;21;;jah
1941-12-06;14,5;20;;jah
1941-12-07;14,4;20;;jah
1941-12-08;14,3;11;;jah
1941-12-09;14,2;15;;jah
1941-12-10;14;19;;jah
1941-12-11;14;20;;jah
1941-12-12;13,8;24;;jah
1941-12-13;13,8;18;;jah
1941-12-14;13,6;10;;jah
1941-12-15;13,5;11;;jah
1941-12-16;13,5;13;;jah
1941-12-17;13,4;17;;jah
1941-12-18;13,3;21;;jah
1941-12-19;13,2;23;;jah
1941-12-20;13;25;;jah
1941-12-21;13;25;;jah
1941-12-22;12,8;27;;jah
1941-12-23;12,7;28;;jah
1941-12-24;12,6;27;;jah
1941-12-25;12,5;19;;jah
1941-12-26;12,5;19;;jah
1941-12-27;12,5;19;;jah
1941-12-28;12,4;18;;jah
1941-12-29;12,3;19;;jah
1941-12-30;12,2;21;;jah
1941-12-31;12,2;23;;jah
1942-01-01;12,2;26;;jah
1942-01-02;12,1;24;;jah
1942-01-03;12;24;;jah
1942-01-04;12;26;;jah
1942-01-05;11,8;27;;jah
1942-01-06;11,7;28;;jah
1942-01-07;11,7;24;;jah
1942-01-08;11,6;23;;jah
1942-01-09;11,5;28;;jah
1942-01-10;11,5;27;;jah
1942-01-11;11,4;26;;jah
1942-01-12;11,3;25;;jah
1942-01-13;11,2;26;;jah
1942-01-14;11;25;;jah
1942-01-15;11;24;;jah
1942-01-16;10,9;24;;jah
1942-01-17;10,7;25;;jah
1942-01-18;10,6;24;;jah
1942-01-19;10,5;24;;jah
1942-01-20;10,3;21;;jah
1942-01-21;10;19;;jah
1942-01-22;9,09;18;;jah
1942-01-23;9,07;19;;jah
1942-01-24;9,04;19;;jah
1942-01-25;9;15;;jah
1942-01-26;9,46;10;;jah
1942-01-27;9,96;7;;jah
1942-01-28;10;9;;jah
1942-01-29;10,1;11;;jah
1942-01-30;10,2;14;;jah
1942-01-31;10,2;18;;jah
1942-02-01;10,4;18;;jah
1942-02-02;10,5;18;;jah
1942-02-03;10,5;18;;jah
1942-02-04;10,5;18;;jah
1942-02-05;10,5;17;;jah
1942-02-06;10,5;17;;jah
1942-02-07;10,4;17;;jah
1942-02-08;10,3;17;;jah
1942-02-09;10,3;17;;jah
1942-02-10;10,3;18;;jah
1942-02-11;10,3;18;;jah
1942-02-12;10,3;18;;jah
1942-02-13;10,3;17;;jah
1942-02-14;10,3;17;;jah
1942-02-15;10,3;17;;jah
1942-02-16;10,3;16;;jah
1942-02-17;10,2;16;;jah
1942-02-18;10,2;16;;jah
1942-02-19;10,2;15;;jah
1942-02-20;10,2;15;;jah
1942-02-21;10,2;15;;jah
1942-02-22;10,2;15;;jah
1942-02-23;10,2;15;;jah
1942-02-24;10,2;15;;jah
1942-02-25;10,3;14;;jah
1942-02-26;10,3;14;;jah
1942-02-27;10,3;14;;jah
1942-02-28;10,3;15;;jah
1942-03-01;10,3;15;;jah
1942-03-02;10,3;15;;jah
1942-03-03;10,3;14;;jah
1942-03-04;10,2;13;;jah
1942-03-05;10,2;13;;jah
1942-03-06;10;12;;jah
1942-03-07;10;12;;jah
1942-03-08;10;12;;jah
1942-03-09;10;12;;jah
1942-03-10;10;12;;jah
1942-03-11;10;12;;jah
1942-03-12;10;12;;jah
1942-03-13;10,2;11;;jah
1942-03-14;10,2;11;;jah
1942-03-15;10,3;10;;jah
1942-03-16;10,3;10;;jah
1942-03-17;10,4;9;;jah
1942-03-18;10,5;9;;jah
1942-03-19;10,6;9;;jah
1942-03-20;10,6;9;;jah
1942-03-21;10,6;8;;jah
1942-03-22;10,8;7;;jah
1942-03-23;11;6;;jah
1942-03-24;11;4;;jah
1942-03-25;11,1;9;;jah
1942-03-26;11,2;9;;jah
1942-03-27;11,3;9;;jah
1942-03-28;11,4;10;;jah
1942-03-29;11,7;9;;jah
1942-03-30;12;8;;jah
1942-03-31;12,5;9;;jah
1942-04-01;12,5;9;;jah
1942-04-02;12,7;10;;jah
1942-04-03;13;10;;jah
1942-04-04;13,6;11;;jah
1942-04-05;14,8;11;;jah
1942-04-06;15,3;10;;jah
1942-04-07;16,7;10;;jah
1942-04-08;18,5;16;;jah
1942-04-09;21,6;30;;jah
1942-04-10;47,5;80;;jah
1942-04-11;74,3;136;;jah
1942-04-12;89,7;163;;jah
1942-04-13;116;200;;jah
1942-04-14;133;216;;jah
1942-04-15;148;225;;jah
1942-04-16;153;227;;jah
1942-04-17;148;221;;jah
1942-04-18;143;215;;jah
1942-04-19;140;212;;jah
1942-04-20;137;209;;jah
1942-04-21;136;208;;jah
1942-04-22;135;207;;jah
1942-04-23;133;204;;jah
1942-04-24;127;198;;jah
1942-04-25;119;189;;jah
1942-04-26;112;181;;jah
1942-04-27;103;169;;jah
1942-04-28;91,8;155;;jah
1942-04-29;84,5;145;;jah
1942-04-30;75;131;;jah
1942-05-01;69,6;123;;jah
1942-05-02;64,8;115;;jah
1942-05-03;61,5;109;;jah
1942-05-04;57,3;101;;jah
1942-05-05;53;93;;jah
1942-05-06;52,7;92;;jah
1942-05-07;52,7;92;;jah
1942-05-08;52,1;91;;jah
1942-05-09;52,1;91;;jah
1942-05-10;51,6;90;;jah
1942-05-11;49,4;86;;jah
1942-05-12;49,4;86;;jah
1942-05-13;49,4;86;;jah
1942-05-14;48,7;85;;jah
1942-05-15;48,4;84;;jah
1942-05-16;47,7;83;;jah
1942-05-17;47,3;82;;jah
1942-05-18;47,3;82;;jah
1942-05-19;48,7;85;;jah
1942-05-20;48,7;85;;jah
1942-05-21;49,4;86;;jah
1942-05-22;50;87;;jah
1942-05-23;50,4;88;;jah
1942-05-24;51;89;;jah
1942-05-25;50;87;;jah
1942-05-26;49,4;86;;jah
1942-05-27;48,7;85;;jah
1942-05-28;48,4;84;;jah
1942-05-29;47,7;83;;jah
1942-05-30;46,7;81;;jah
1942-05-31;45,6;79;;jah
1942-06-01;45,2;78;;jah
1942-06-02;45,6;79;;jah
1942-06-03;44,6;77;;jah
1942-06-04;43,8;75;;jah
1942-06-05;43,3;74;;jah
1942-06-06;42,7;73;;jah
1942-06-07;42,7;73;;jah
1942-06-08;39,8;67;;jah
1942-06-09;38,8;65;;jah
1942-06-10;38,8;65;;jah
1942-06-11;38,4;64;;jah
1942-06-12;37,9;63;;jah
1942-06-13;37,4;62;;jah
1942-06-14;38,4;64;;jah
1942-06-15;38,4;64;;jah
1942-06-16;38,4;64;;jah
1942-06-17;38,4;64;;jah
1942-06-18;37,9;63;;jah
1942-06-19;37,4;62;;jah
1942-06-20;36,6;60;;jah
1942-06-21;35,7;58;;jah
1942-06-22;36;59;;jah
1942-06-23;37,4;62;;jah
1942-06-24;37,4;62;;jah
1942-06-25;37,4;62;;jah
1942-06-26;37,4;62;;jah
1942-06-27;37;61;;jah
1942-06-28;34,5;56;;jah
1942-06-29;36;59;;jah
1942-06-30;36;59;;jah
1942-07-01;36;59;;jah
1942-07-02;36,5;60;;jah
1942-07-03;37;61;;jah
1942-07-04;39;65;;jah
1942-07-05;41;68;;jah
1942-07-06;40,5;67;;jah
1942-07-07;40;66;;jah
1942-07-08;40;66;;jah
1942-07-09;39;65;;jah
1942-07-10;39;65;;jah
1942-07-11;40;66;;jah
1942-07-12;40;66;;jah
1942-07-13;40,5;67;;jah
1942-07-14;46,5;77;;jah
1942-07-15;47;78;;jah
1942-07-16;48,2;80;;jah
1942-07-17;48,7;81;;jah
1942-07-18;51,5;86;;jah
1942-07-19;50;83;;jah
1942-07-20;49,7;82;;jah
1942-07-21;49,7;82;;jah
1942-07-22;48,2;80;;jah
1942-07-23;47;78;;jah
1942-07-24;47;78;;jah
1942-07-25;47,5;79;;jah
1942-07-26;48,2;80;;jah
1942-07-27;49,7;82;;jah
1942-07-28;51,2;85;;jah
1942-07-29;52,5;87;;jah
1942-07-30;54,3;90;;jah
1942-07-31;55;91;;jah
1942-08-01;53,7;89;;jah
1942-08-02;53;88;;jah
1942-08-03;54,3;90;;jah
1942-08-04;57,5;95;;jah
1942-08-05;56,1;93;;jah
1942-08-06;55;91;;jah
1942-08-07;56,1;93;;jah
1942-08-08;58,6;97;;jah
1942-08-09;60;99;;jah
1942-08-10;63,2;104;;jah
1942-08-11;67;109;;jah
1942-08-12;69;112;;jah
1942-08-13;71;115;;jah
1942-08-14;73;118;;jah
1942-08-15;71,7;116;;jah
1942-08-16;70,5;114;;jah
1942-08-17;67,7;109;;jah
1942-08-18;64;105;;jah
1942-08-19;63,5;102;;jah
1942-08-20;61,7;99;;jah
1942-08-21;60;96;;jah
1942-08-22;58,5;93;;jah
1942-08-23;56,2;89;;jah
1942-08-24;54,2;85;;jah
1942-08-25;53,7;84;;jah
1942-08-26;50,5;78;;jah
1942-08-27;48,2;74;;jah
1942-08-28;46,7;71;;jah
1942-08-29;45,5;68;;jah
1942-08-30;43,8;65;;jah
1942-08-31;43,8;65;;jah
1942-09-01;43,8;65;;jah
1942-09-02;43,8;65;;jah
1942-09-03;42;61;;jah
1942-09-04;41;59;;jah
1942-09-05;40,5;58;;jah
1942-09-06;40,5;58;;jah
1942-09-07;40,5;58;;jah
1942-09-08;39,2;55;;jah
1942-09-09;39,2;55;;jah
1942-09-10;39,2;55;;jah
1942-09-11;39,2;55;;jah
1942-09-12;37;50;;jah
1942-09-13;37,5;51;;jah
1942-09-14;38,2;53;;jah
1942-09-15;37;50;;jah
1942-09-16;37;50;;jah
1942-09-17;37;50;;jah
1942-09-18;35,5;47;;jah
1942-09-19;32,5;40;;jah
1942-09-20;35;45;;jah
1942-09-21;37,8;50;;jah
1942-09-22;38,8;52;;jah
1942-09-23;41;56;;jah
1942-09-24;40,7;55;;jah
1942-09-25;40,7;55;;jah
1942-09-26;40,7;55;;jah
1942-09-27;45;63;;jah
1942-09-28;45,7;64;;jah
1942-09-29;48,5;69;;jah
1942-09-30;46,4;65;;jah
1942-10-01;44,5;61;;jah
1942-10-02;44;60;;jah
1942-10-03;41,5;55;;jah
1942-10-04;40,6;53;;jah
1942-10-05;40;52;;jah
1942-10-06;39,2;50;;jah
1942-10-07;38,2;48;;jah
1942-10-08;38,2;48;;jah
1942-10-09;39,5;50;;jah
1942-10-10;40;51;;jah
1942-10-11;40;51;;jah
1942-10-12;40;51;;jah
1942-10-13;40;51;;jah
1942-10-14;40;51;;jah
1942-10-15;40;51;;jah
1942-10-16;44;57;;jah
1942-10-17;47;62;;jah
1942-10-18;50;66;;jah
1942-10-19;53,2;71;;jah
1942-10-20;53,2;71;;jah
1942-10-21;53,2;71;;jah
1942-10-22;55,8;72;;jah
1942-10-23;52,5;72;;jah
1942-10-24;52,5;70;;jah
1942-10-25;52,5;70;;jah
1942-10-26;52,5;70;;jah
1942-10-27;52,5;70;;jah
1942-10-28;51,2;68;;jah
1942-10-29;50;66;;jah
1942-10-30;49,2;65;;jah
1942-10-31;49,2;65;;jah
1942-11-01;47,7;63;;jah
1942-11-02;46,5;61;;jah
1942-11-03;47,7;63;;jah
1942-11-04;50;66;;jah
1942-11-05;51,8;69;;jah
1942-11-06;50,5;67;;jah
1942-11-07;49,2;65;;jah
1942-11-08;44,7;63;;jah
1942-11-09;39,5;59;;jah
1942-11-10;37,8;59;;jah
1942-11-11;37,3;60;;jah
1942-11-12;37,8;63;;jah
1942-11-13;37,2;64;;jah
1942-11-14;36,4;64;;jah
1942-11-15;35,9;65;;jah
1942-11-16;36,9;70;;jah
1942-11-17;37,7;74;;jah
1942-11-18;37,8;76;;jah
1942-11-19;37,9;78;;jah
1942-11-20;38,6;82;;jah
1942-11-21;38,6;85;;jah
1942-11-22;39,4;89;;jah
1942-11-23;40,9;95;;jah
1942-11-24;39,2;90;;jah
1942-11-25;37,8;87;;jah
1942-11-26;36,6;85;;jah
1942-11-27;38,5;93;;jah
1942-11-28;37,1;90;;jah
1942-11-29;35,6;85;;jah
1942-11-30;35,1;85;;jah
1942-12-01;34,6;85;;jah
1942-12-02;33,2;80;;jah
1942-12-03;30,2;70;;jah
1942-12-04;29,2;66;;jah
1942-12-05;28,2;64;;jah
1942-12-06;28;63;;jah
1942-12-07;27,2;61;;jah
1942-12-08;26,9;60;;jah
1942-12-09;26,3;59;;jah
1942-12-10;26,3;59;;jah
1942-12-11;25,9;57;;jah
1942-12-12;26,3;59;;jah
1942-12-13;26,9;70;;jah
1942-12-14;27,5;86;;jah
1942-12-15;28,1;110;;jah
1942-12-16;28,7;112;;jah
1942-12-17;29,3;102;;jah
1942-12-18;29,9;90;;jah
1942-12-19;30,5;87;;jah
1942-12-20;31;85;;jah
1942-12-21;30,9;92;;jah
1942-12-22;30,7;104;;jah
1942-12-23;30,6;112;;jah
1942-12-24;30,4;116;;jah
1942-12-25;30,3;119;;jah
1942-12-26;30,1;120;;jah
1942-12-27;30;119;;jah
1942-12-28;29,9;118;;jah
1942-12-29;29,7;112;;jah
1942-12-30;29,6;98;;jah
1942-12-31;29,4;87;;jah
1943-01-01;29,3;80;;jah
1943-01-02;29,1;79;;jah
1943-01-03;30,8;86;;jah
1943-01-04;31;87;;jah
1943-01-05;31,6;89;;jah
1943-01-06;31,8;90;;jah
1943-01-07;31,8;90;;jah
1943-01-08;30,3;84;;jah
1943-01-09;30,1;83;;jah
1943-01-10;30,1;83;;jah
1943-01-11;29,8;82;;jah
1943-01-12;29,8;82;;jah
1943-01-13;29,6;81;;jah
1943-01-14;29,6;81;;jah
1943-01-15;29,3;80;;jah
1943-01-16;29,1;79;;jah
1943-01-17;29,1;79;;jah
1943-01-18;28,8;78;;jah
1943-01-19;28,6;77;;jah
1943-01-20;28,6;77;;jah
1943-01-21;28,2;75;;jah
1943-01-22;27,2;71;;jah
1943-01-23;26,2;66;;jah
1943-01-24;25,1;61;;jah
1943-01-25;23,9;55;;jah
1943-01-26;24,1;56;;jah
1943-01-27;24,4;58;;jah
1943-01-28;25,1;61;;jah
1943-01-29;25,7;64;;jah
1943-01-30;26,3;67;;jah
1943-01-31;27,5;72;;jah
1943-02-01;27,9;74;;jah
1943-02-02;28,8;78;;jah
1943-02-03;29,6;81;;jah
1943-02-04;30,8;84;;jah
1943-02-05;32,1;87;;jah
1943-02-06;31,8;86;;jah
1943-02-07;33,6;91;;jah
1943-02-08;33,4;88;;jah
1943-02-09;32,6;85;;jah
1943-02-10;32,6;83;;jah
1943-02-11;33,2;83;;jah
1943-02-12;34,7;87;;jah
1943-02-13;36,7;91;;jah
1943-02-14;39;96;;jah
1943-02-15;40,6;98;;jah
1943-02-16;42,5;100;;jah
1943-02-17;43,3;99;;jah
1943-02-18;44,1;98;;jah
1943-02-19;45,2;98;;jah
1943-02-20;45,3;95;;jah
1943-02-21;43,9;88;;jah
1943-02-22;44,3;85;;jah
1943-02-23;45,1;83;;jah
1943-02-24;45,4;80;;jah
1943-02-25;45,4;76;;jah
1943-02-26;48,8;80;;jah
1943-02-27;48,4;79;;jah
1943-02-28;52,2;88;;jah
1943-03-01;67;119;;jah
1943-03-02;65,7;120;;jah
1943-03-03;65,4;129;;jah
1943-03-04;63,1;142;;jah
1943-03-05;61,7;149;;jah
1943-03-06;60,4;152;;jah
1943-03-07;59,1;155;;jah
1943-03-08;57,8;135;;jah
1943-03-09;56,5;115;;jah
1943-03-10;55,2;95;;jah
1943-03-11;52,2;88;;jah
1943-03-12;67;119;;jah
1943-03-13;75,5;133;;jah
1943-03-14;68,6;140;;jah
1943-03-15;60,5;133;;jah
1943-03-16;58,9;130;;jah
1943-03-17;60,6;132;;jah
1943-03-18;62,5;134;;jah
1943-03-19;64,1;134;;jah
1943-03-20;66;135;;jah
1943-03-21;64,6;135;;jah
1943-03-22;70,6;135;;jah
1943-03-23;78;139;;jah
1943-03-24;80,2;140;;jah
1943-03-25;83,2;144;;jah
1943-03-26;87;149;;jah
1943-03-27;88,5;151;;jah
1943-03-28;92,3;152;;jah
1943-03-29;100;158;;jah
1943-03-30;102;161;;jah
1943-03-31;110;168;;jah
1943-04-01;120;178;;jah
1943-04-02;124;182;;jah
1943-04-03;133;190;;jah
1943-04-04;140;196;;jah
1943-04-05;146;202;;jah
1943-04-06;146;204;;jah
1943-04-07;146;207;;jah
1943-04-08;145;207;;jah
1943-04-09;144;206;;jah
1943-04-10;140;202;;jah
1943-04-11;138;200;;jah
1943-04-12;137;199;;jah
1943-04-13;132;195;;jah
1943-04-14;129;193;;jah
1943-04-15;125;198;;jah
1943-04-16;121;184;;jah
1943-04-17;112;177;;jah
1943-04-18;106;171;;jah
1943-04-19;103;168;;jah
1943-04-20;95,9;160;;jah
1943-04-21;93,5;157;;jah
1943-04-22;87,4;151;;jah
1943-04-23;83,2;146;;jah
1943-04-24;81,7;144;;jah
1943-04-25;78;140;;jah
1943-04-26;74,3;136;;jah
1943-04-27;73,6;135;;jah
1943-04-28;71,4;132;;jah
1943-04-29;69,5;130;;jah
1943-04-30;68,9;129;;jah
1943-05-01;66,5;126;;jah
1943-05-02;65,8;125;;jah
1943-05-03;65,3;124;;jah
1943-05-04;64;122;;jah
1943-05-05;63;120;;jah
1943-05-06;62,2;119;;jah
1943-05-07;62,2;119;;jah
1943-05-08;62,2;119;;jah
1943-05-09;63;120;;jah
1943-05-10;62,2;119;;jah
1943-05-11;62,2;119;;jah
1943-05-12;61,6;118;;jah
1943-05-13;60,3;116;;jah
1943-05-14;58,3;113;;jah
1943-05-15;56,3;110;;jah
1943-05-16;58,3;113;;jah
1943-05-17;56,3;110;;jah
1943-05-18;55,2;108;;jah
1943-05-19;55,2;108;;jah
1943-05-20;54,6;107;;jah
1943-05-21;54;106;;jah
1943-05-22;53,4;105;;jah
1943-05-23;52,9;104;;jah
1943-05-24;51,7;102;;jah
1943-05-25;52,9;104;;jah
1943-05-26;55,2;108;;jah
1943-05-27;53,4;105;;jah
1943-05-28;53,4;105;;jah
1943-05-29;53,4;105;;jah
1943-05-30;58,3;113;;jah
1943-05-31;55,2;108;;jah
1943-06-01;53,4;105;;jah
1943-06-02;52;103;;jah
1943-06-03;53,4;105;;jah
1943-06-04;52;103;;jah
1943-06-05;50,2;99;;jah
1943-06-06;50,1;98;;jah
1943-06-07;50,1;98;;jah
1943-06-08;49;97;;jah
1943-06-09;47,5;94;;jah
1943-06-10;46,6;92;;jah
1943-06-11;45,6;90;;jah
1943-06-12;45,4;89;;jah
1943-06-13;44,8;87;;jah
1943-06-14;44;81;;jah
1943-06-15;44;80;;jah
1943-06-16;43,9;79;;jah
1943-06-17;43,9;79;;jah
1943-06-18;44;80;;jah
1943-06-19;43,9;79;;jah
1943-06-20;43,9;79;;jah
1943-06-21;43,9;79;;jah
1943-06-22;43,8;78;;jah
1943-06-23;43,8;78;;jah
1943-06-24;43,6;76;;jah
1943-06-25;43,5;74;;jah
1943-06-26;43,5;74;;jah
1943-06-27;46,7;80;;jah
1943-06-28;49,4;85;;jah
1943-06-29;51;88;;jah
1943-06-30;50;86;;jah
1943-07-01;52;90;;jah
1943-07-02;51,5;89;;jah
1943-07-03;50,5;87;;jah
1943-07-04;51;88;;jah
1943-07-05;51,5;89;;jah
1943-07-06;51,5;89;;jah
1943-07-07;52;90;;jah
1943-07-08;60,6;105;;jah
1943-07-09;64;110;;jah
1943-07-10;67,5;115;;jah
1943-07-11;71;120;;jah
1943-07-12;75;125;;jah
1943-07-13;75,8;126;;jah
1943-07-14;79,5;130;;jah
1943-07-15;80,5;131;;jah
1943-07-16;81,5;132;;jah
1943-07-17;81,5;132;;jah
1943-07-18;82,8;133;;jah
1943-07-19;83,2;132;;jah
1943-07-20;82,7;131;;jah
1943-07-21;82,7;131;;jah
1943-07-22;81,5;129;;jah
1943-07-23;81,5;129;;jah
1943-07-24;80,2;127;;jah
1943-07-25;77,2;122;;jah
1943-07-26;75,2;118;;jah
1943-07-27;73,5;115;;jah
1943-07-28;71,5;111;;jah
1943-07-29;70,5;109;;jah
1943-07-30;68;104;;jah
1943-07-31;66,8;102;;jah
1943-08-01;64,5;97;;jah
1943-08-02;64;96;;jah
1943-08-03;63;94;;jah
1943-08-04;63;94;;jah
1943-08-05;61,5;91;;jah
1943-08-06;60,5;88;;jah
1943-08-07;58,5;84;;jah
1943-08-08;58,5;84;;jah
1943-08-09;59;85;;jah
1943-08-10;59;85;;jah
1943-08-11;58,5;84;;jah
1943-08-12;57,5;82;;jah
1943-08-13;60,7;79;;jah
1943-08-14;56,2;84;;jah
1943-08-15;62,5;87;;jah
1943-08-16;61;85;;jah
1943-08-17;65;90;;jah
1943-08-18;65;90;;jah
1943-08-19;65;91;;jah
1943-08-20;67;92;;jah
1943-08-21;68,8;94;;jah
1943-08-22;68,8;94;;jah
1943-08-23;69,5;95;;jah
1943-08-24;67,2;92;;jah
1943-08-25;65;89;;jah
1943-08-26;64,3;88;;jah
1943-08-27;59,5;81;;jah
1943-08-28;59,5;81;;jah
1943-08-29;59;80;;jah
1943-08-30;59;80;;jah
1943-08-31;59;80;;jah
1943-09-01;59,5;81;;jah
1943-09-02;61,7;84;;jah
1943-09-03;63;86;;jah
1943-09-04;62,5;85;;jah
1943-09-05;59,5;81;;jah
1943-09-06;58,5;79;;jah
1943-09-07;57,7;78;;jah
1943-09-08;56;75;;jah
1943-09-09;55,2;74;;jah
1943-09-10;57;77;;jah
1943-09-11;52,2;74;;jah
1943-09-12;51,5;68;;jah
1943-09-13;51,5;68;;jah
1943-09-14;51,5;68;;jah
1943-09-15;53;70;;jah
1943-09-16;52,1;69;;jah
1943-09-17;52,1;69;;jah
1943-09-18;52,1;69;;jah
1943-09-19;50,8;67;;jah
1943-09-20;50;65;;jah
1943-09-21;51;66;;jah
1943-09-22;51,7;67;;jah
1943-09-23;53;69;;jah
1943-09-24;55,6;73;;jah
1943-09-25;54,5;71;;jah
1943-09-26;55;72;;jah
1943-09-27;55,6;73;;jah
1943-09-28;55,6;73;;jah
1943-09-29;55;72;;jah
1943-09-30;53,5;70;;jah
1943-10-01;53;69;;jah
1943-10-02;55,6;73;;jah
1943-10-03;55,6;73;;jah
1943-10-04;54,5;71;;jah
1943-10-05;53;69;;jah
1943-10-06;56,5;74;;jah
1943-10-07;59;78;;jah
1943-10-08;60;79;;jah
1943-10-09;60,7;80;;jah
1943-10-10;60,7;80;;jah
1943-10-11;60,7;80;;jah
1943-10-12;60;79;;jah
1943-10-13;58,8;78;;jah
1943-10-14;59;77;;jah
1943-10-15;59;77;;jah
1943-10-16;58,5;76;;jah
1943-10-17;57;74;;jah
1943-10-18;55;71;;jah
1943-10-19;54,3;70;;jah
1943-10-20;53,8;69;;jah
1943-10-21;53,3;68;;jah
1943-10-22;53,3;68;;jah
1943-10-23;47;57;;jah
1943-10-24;50,7;64;;jah
1943-10-25;53,3;68;;jah
1943-10-26;55;71;;jah
1943-10-27;53,3;68;;jah
1943-10-28;53,3;68;;jah
1943-10-29;54,3;70;;jah
1943-10-30;53,8;69;;jah
1943-10-31;53;67;;jah
1943-11-01;53;67;;jah
1943-11-02;53,8;69;;jah
1943-11-03;54,3;70;;jah
1943-11-04;53,8;69;;jah
1943-11-05;55;71;;jah
1943-11-06;48,3;59;;jah
1943-11-07;49;60;;jah
1943-11-08;47,5;58;;jah
1943-11-09;47,5;58;;jah
1943-11-10;46;55;;jah
1943-11-11;44,2;52;;jah
1943-11-12;44,2;52;;jah
1943-11-13;44,2;52;;jah
1943-11-14;46;55;;jah
1943-11-15;48,5;59;;jah
1943-11-16;49,8;61;;jah
1943-11-17;52,2;65;;jah
1943-11-18;57,8;73;;jah
1943-11-19;59;75;;jah
1943-11-20;59,8;76;;jah
1943-11-21;58,8;74;;jah
1943-11-22;55;69;;jah
1943-11-23;57;72;;jah
1943-11-24;57,8;73;;jah
1943-11-25;58,8;74;;jah
1943-11-26;58,8;74;;jah
1943-11-27;59,8;76;;jah
1943-11-28;59,8;76;;jah
1943-11-29;61,5;78;;jah
1943-11-30;61,5;78;;jah
1943-12-01;62;79;;jah
1943-12-02;62,6;80;;jah
1943-12-03;62,6;80;;jah
1943-12-04;62;79;;jah
1943-12-05;61,5;78;;jah
1943-12-06;60,2;77;;jah
1943-12-07;59,8;76;;jah
1943-12-08;60,2;77;;jah
1943-12-09;59,9;76;;jah
1943-12-10;59,9;76;;jah
1943-12-11;48,3;111;;jah
1943-12-12;49,3;111;;jah
1943-12-13;50,2;108;;jah
1943-12-14;51,2;114;;jah
1943-12-15;52,2;88;;jah
1943-12-16;51,8;98;;jah
1943-12-17;51,4;97;;jah
1943-12-18;50,9;92;;jah
1943-12-19;50,5;84;;jah
1943-12-20;50,7;89;;jah
1943-12-21;51;89;;jah
1943-12-22;51,2;99;;jah
1943-12-23;51,4;99;;jah
1943-12-24;51,7;96;;jah
1943-12-25;51,9;98;;jah
1943-12-26;52,1;96;;jah
1943-12-27;52,4;95;;jah
1943-12-28;52,6;89;;jah
1943-12-29;52,8;89;;jah
1943-12-30;53;90;;jah
1943-12-31;53;95;;jah
1944-01-01;53;94;;jah
1944-01-02;53;92;;jah
1944-01-03;53,1;98;;jah
1944-01-04;53,9;100;;jah
1944-01-05;52,8;94;;jah
1944-01-06;50;89;;jah
1944-01-07;47,3;88;;jah
1944-01-08;45,2;83;;jah
1944-01-09;43,8;80;;jah
1944-01-10;42;74;;jah
1944-01-11;40,4;71;;jah
1944-01-12;38,7;70;;jah
1944-01-13;36,8;67;;jah
1944-01-14;35;66;;jah
1944-01-15;33;64;;jah
1944-01-16;32,1;64;;jah
1944-01-17;32,5;65;;jah
1944-01-18;33;65;;jah
1944-01-19;33,9;66;;jah
1944-01-20;35;69;;jah
1944-01-21;37,5;75;;jah
1944-01-22;40,9;78;;jah
1944-01-23;45;85;;jah
1944-01-24;47,2;90;;jah
1944-01-25;50,2;114;;jah
1944-01-26;52,8;126;;jah
1944-01-27;55;138;;jah
1944-01-28;58;145;;jah
1944-01-29;61;148;;jah
1944-01-30;62,5;149;;jah
1944-01-31;64;153;;jah
1944-02-01;65;152;;jah
1944-02-02;66,2;155;;jah
1944-02-03;67,3;153;;jah
1944-02-04;68,5;158;;jah
1944-02-05;69,7;158;;jah
1944-02-06;70,5;160;;jah
1944-02-07;71,8;164;;jah
1944-02-08;73,3;165;;jah
1944-02-09;70,5;161;;jah
1944-02-10;68,3;158;;jah
1944-02-11;65,6;156;;jah
1944-02-12;63;152;;jah
1944-02-13;61,1;147;;jah
1944-02-14;59;145;;jah
1944-02-15;55,6;141;;jah
1944-02-16;55;138;;jah
1944-02-17;52,9;137;;jah
1944-02-18;51,2;135;;jah
1944-02-19;50;131;;jah
1944-02-20;49,1;128;;jah
1944-02-21;47,8;122;;jah
1944-02-22;46,8;121;;jah
1944-02-23;46;120;;jah
1944-02-24;47;124;;jah
1944-02-25;47,5;126;;jah
1944-02-26;48,8;125;;jah
1944-02-27;48,2;123;;jah
1944-02-28;48;121;;jah
1944-02-29;47,2;120;;jah
1944-03-01;47;112;;jah
1944-03-02;46,5;108;;jah
1944-03-03;46;106;;jah
1944-03-04;45,5;106;;jah
1944-03-05;45,3;105;;jah
1944-03-06;45;103;;jah
1944-03-07;45;105;;jah
1944-03-08;44,9;103;;jah
1944-03-09;44,6;98;;jah
1944-03-10;44;85;;jah
1944-03-11;43,8;82;;jah
1944-03-12;43;75;;jah
1944-03-13;42;70;;jah
1944-03-14;41,2;71;;jah
1944-03-15;40,8;69;;jah
1944-03-16;40,2;67;;jah
1944-03-17;40;62;;jah
1944-03-18;39,5;62;;jah
1944-03-19;39;62;;jah
1944-03-20;38,8;64;;jah
1944-03-21;38,5;65;;jah
1944-03-22;38,2;62;;jah
1944-03-23;38;60;;jah
1944-03-24;37,9;59;;jah
1944-03-25;37,3;59;;jah
1944-03-26;37;59;;jah
1944-03-27;37;58;;jah
1944-03-28;36,9;58;;jah
1944-03-29;36,8;59;;jah
1944-03-30;36,5;59;;jah
1944-03-31;36;59;;jah
1944-04-01;36;55;;jah
1944-04-02;35,9;53;;jah
1944-04-03;35,8;50;;jah
1944-04-04;35,6;50;;jah
1944-04-05;35,5;49;;jah
1944-04-06;35,3;48;;jah
1944-04-07;36,2;47;;jah
1944-04-08;36,1;46;;jah
1944-04-09;36,6;45;;jah
1944-04-10;38,9;50;;jah
1944-04-11;41,2;55;;jah
1944-04-12;46;65;;jah
1944-04-13;54,3;81;;jah
1944-04-14;58,7;89;;jah
1944-04-15;64,8;100;;jah
1944-04-16;71,3;111;;jah
1944-04-17;83,3;130;;jah
1944-04-18;92,2;143;;jah
1944-04-19;97,6;151;;jah
1944-04-20;101;156;;jah
1944-04-21;102;158;;jah
1944-04-22;103;159;;jah
1944-04-23;104;161;;jah
1944-04-24;106;163;;jah
1944-04-25;108;166;;jah
1944-04-26;110;169;;jah
1944-04-27;108;168;;jah
1944-04-28;104;164;;jah
1944-04-29;102;162;;jah
1944-04-30;98;158;;jah
1944-05-01;94,8;153;;jah
1944-05-02;92,8;150;;jah
1944-05-03;91,2;148;;jah
1944-05-04;91,2;148;;jah
1944-05-05;90;146;;jah
1944-05-06;90;146;;jah
1944-05-07;90;146;;jah
1944-05-08;90,8;147;;jah
1944-05-09;89,2;145;;jah
1944-05-10;92,2;149;;jah
1944-05-11;92,7;150;;jah
1944-05-12;94,2;152;;jah
1944-05-13;93,4;151;;jah
1944-05-14;92;149;;jah
1944-05-15;88;143;;jah
1944-05-16;84,4;138;;jah
1944-05-17;83;136;;jah
1944-05-18;80,2;132;;jah
1944-05-19;77,4;128;;jah
1944-05-20;75,5;125;;jah
1944-05-21;74,2;123;;jah
1944-05-22;74,2;123;;jah
1944-05-23;73,6;122;;jah
1944-05-24;73,6;122;;jah
1944-05-25;76,2;126;;jah
1944-05-26;75,5;125;;jah
1944-05-27;74,8;124;;jah
1944-05-28;73,6;122;;jah
1944-05-29;72,6;121;;jah
1944-05-30;70,6;118;;jah
1944-05-31;70,6;118;;jah
1944-06-01;69,5;116;;jah
1944-06-02;68,2;115;;jah
1944-06-03;68,2;115;;jah
1944-06-04;67,4;113;;jah
1944-06-05;64,8;109;;jah
1944-06-06;64;108;;jah
1944-06-07;63,6;107;;jah
1944-06-08;62,8;106;;jah
1944-06-09;62;105;;jah
1944-06-10;59,4;101;;jah
1944-06-11;58,8;100;;jah
1944-06-12;58;99;;jah
1944-06-13;57,4;98;;jah
1944-06-14;54,6;94;;jah
1944-06-15;57,4;98;;jah
1944-06-16;57,4;98;;jah
1944-06-17;58,8;100;;jah
1944-06-18;58,8;100;;jah
1944-06-19;60;102;;jah
1944-06-20;63,6;107;;jah
1944-06-21;64;108;;jah
1944-06-22;63,6;107;;jah
1944-06-23;64;108;;jah
1944-06-24;64,8;109;;jah
1944-06-25;58,8;100;;jah
1944-06-26;64,8;109;;jah
1944-06-27;69,5;116;;jah
1944-06-28;72,2;120;;jah
1944-06-29;73,6;122;;jah
1944-06-30;74,8;124;;jah
1944-07-01;74,8;124;;jah
1944-07-02;74,8;124;;jah
1944-07-03;74,8;124;;jah
1944-07-04;73,6;122;;jah
1944-07-05;73,6;122;;jah
1944-07-06;72,6;121;;jah
1944-07-07;72,2;120;;jah
1944-07-08;71,3;119;;jah
1944-07-09;70;117;;jah
1944-07-10;67,4;113;;jah
1944-07-11;65,6;110;;jah
1944-07-12;62,8;106;;jah
1944-07-13;59,4;101;;jah
1944-07-14;60,8;103;;jah
1944-07-15;60,2;102;;jah
1944-07-16;64;108;;jah
1944-07-17;66,9;112;;jah
1944-07-18;69,5;116;;jah
1944-07-19;66,9;112;;jah
1944-07-20;64,8;109;;jah
1944-07-21;64;108;;jah
1944-07-22;63,6;107;;jah
1944-07-23;62,8;106;;jah
1944-07-24;62,8;106;;jah
1944-07-25;61,6;104;;jah
1944-07-26;60,8;103;;jah
1944-07-27;58;99;;jah
1944-07-28;56,8;97;;jah
1944-07-29;54,6;94;;jah
1944-07-30;54;93;;jah
1944-07-31;52,6;91;;jah
1944-08-01;52;91;;jah
1944-08-02;51,4;88;;jah
1944-08-03;50,8;88;;jah
1944-08-04;50;86;;jah
1944-08-05;50;83;;jah
1944-08-06;49,2;82;;jah
1944-08-07;48,6;84;;jah
1944-08-08;48;80;;jah
1944-08-09;48;79;;jah
1944-08-10;48,6;80;;jah
1944-08-11;48,6;80;;jah
1944-08-12;46,8;78;;jah
1944-08-13;48,6;80;;jah
1944-08-14;51,4;82;;jah
1944-08-15;53,4;84;;jah
1944-08-16;52,6;84;;jah
1944-08-17;52;83;;jah
1944-08-18;51,4;82;;jah
1944-08-19;50,8;82;;jah
1944-08-20;50;82;;jah
1944-08-21;49,2;80;;jah
1944-08-22;48,6;80;;jah
1944-08-23;46,8;78;;jah
1944-08-24;45,5;76;;jah
1944-08-25;43,6;75;;jah
1944-08-26;42,6;74;;jah
1944-08-27;41;74;;jah
1944-08-28;42;73;;jah
1944-08-29;42;73;;jah
1944-08-30;40,4;72;;jah
1944-08-31;40;72;;jah
1944-09-01;35,6;73;;jah
1944-09-02;35,2;73;;jah
1944-09-03;35,2;72;;jah
1944-09-04;35,6;72;;jah
1944-09-05;36;72;;jah
1944-09-06;36,5;71;;jah
1944-09-07;37;71;;jah
1944-09-08;37;71;;jah
1944-09-09;37;70;;jah
1944-09-10;37;70;;jah
1944-09-11;40;70;;jah
1944-09-12;38,6;69;;jah
1944-09-13;38;69;;jah
1944-09-14;37,6;69;;jah
1944-09-15;37;68;;jah
1944-09-16;36,5;68;;jah
1944-09-17;36;68;;jah
1944-09-18;35,6;67;;jah
1944-09-19;35,2;67;;jah
1944-09-20;34,8;67;;jah
1944-09-21;33,8;66;;jah
1944-09-22;33,4;66;;jah
1944-09-23;32,9;66;;jah
1944-09-24;32,5;65;;jah
1944-09-25;32,1;65;;jah
1944-09-26;31,6;65;;jah
1944-09-27;31,2;64;;jah
1944-09-28;30,8;64;;jah
1944-09-29;30,5;63;;jah
1944-09-30;30;63;;jah
1944-10-01;29,7;63;;jah
1944-10-02;29,7;62;;jah
1944-10-03;29,3;62;;jah
1944-10-04;29,3;62;;jah
1944-10-05;29,3;61;;jah
1944-10-06;29,3;60;;jah
1944-10-07;29,3;60;;jah
1944-10-08;29,3;60;;jah
1944-10-09;28,9;60;;jah
1944-10-10;28,9;59;;jah
1944-10-11;28,9;59;;jah
1944-10-12;28,9;59;;jah
1944-10-13;28,9;58;;jah
1944-10-14;28,9;58;;jah
1944-10-15;28,4;58;;jah
1944-10-16;28,4;57;;jah
1944-10-17;28,4;57;;jah
1944-10-18;28,4;57;;jah
1944-10-19;28;56;;jah
1944-10-20;28;56;;jah
1944-10-21;28;56;;jah
1944-10-22;28;55;;jah
1944-10-23;28;55;;jah
1944-10-24;28;55;;jah
1944-10-25;28;54;;jah
1944-10-26;28;54;;jah
1944-10-27;28;54;;jah
1944-10-28;28;53;;jah
1944-10-29;27,6;53;;jah
1944-10-30;27,6;53;;jah
1944-10-31;27,6;52;;jah
1944-11-01;27,6;52;;jah
1944-11-02;27,6;52;;jah
1944-11-03;27,6;51;;jah
1944-11-04;27,2;51;;jah
1944-11-05;27,2;51;;jah
1944-11-06;27,2;50;;jah
1944-11-07;27,6;50;;jah
1944-11-08;27,6;50;;jah
1944-11-09;28;49;;jah
1944-11-10;28,4;49;;jah
1944-11-11;29,3;49;;jah
1944-11-12;29,3;48;;jah
1944-11-13;29,7;48;;jah
1944-11-14;30,5;48;;jah
1944-11-15;30,8;47;;jah
1944-11-16;31,2;47;;jah
1944-11-17;32,1;47;;jah
1944-11-18;32,5;;;jah
1944-11-19;32,5;;;jah
1944-11-20;32,9;;;jah
1944-11-21;33,6;;;jah
1944-11-22;33,9;;;jah
1944-11-23;34;;;jah
1944-11-24;34;;;jah
1944-11-25;34;;;jah
1944-11-26;34,1;;;jah
1944-11-27;34,1;;;jah
1944-11-28;33,5;;;jah
1944-11-29;33,3;;;jah
1944-11-30;33,2;;;jah
1944-12-01;33,1;;;jah
1944-12-02;33;;;jah
1944-12-03;33,1;;;jah
1944-12-04;32,9;;;jah
1944-12-05;32,3;;;jah
1944-12-06;32;;;jah
1944-12-07;32;;;jah
1944-12-08;31,8;;;jah
1944-12-09;31,6;;;jah
1944-12-10;31,5;;;jah
1944-12-11;31,5;;;jah
1944-12-12;31,2;;;jah
1944-12-13;31;;;jah
1944-12-14;31;;;jah
1944-12-15;31;;;jah
1944-12-16;31;;;jah
1944-12-17;31;;;jah
1944-12-18;31;;;jah
1944-12-19;31,5;;;jah
1944-12-20;32;;;jah
1944-12-21;33,1;;;jah
1944-12-22;34,5;;;jah
1944-12-23;35,1;;;jah
1944-12-24;35;;;jah
1944-12-25;34,7;;;jah
1944-12-26;34,4;;;jah
1944-12-27;34;;;jah
1944-12-28;33,5;;;jah
1944-12-29;33;;;jah
1944-12-30;32,8;;;jah
1944-12-31;32,5;;;jah
1945-01-01;32;62;;jah
1945-01-02;32;61;;jah
1945-01-03;32;60;;jah
1945-01-04;32;59;;jah
1945-01-05;32;58;;jah
1945-01-06;32;58;;jah
1945-01-07;32;57;;jah
1945-01-08;32;57;;jah
1945-01-09;32;56;;jah
1945-01-10;32;56;;jah
1945-01-11;32;56;;jah
1945-01-12;32;56;;jah
1945-01-13;32;55;;jah
1945-01-14;31,9;55;;jah
1945-01-15;31,9;55;;jah
1945-01-16;31,8;54;;jah
1945-01-17;31,8;54;;jah
1945-01-18;31,8;54;;jah
1945-01-19;31,7;53;;jah
1945-01-20;31,7;53;;jah
1945-01-21;31,6;53;;jah
1945-01-22;31,6;53;;jah
1945-01-23;31,6;53;;jah
1945-01-24;31,5;53;;jah
1945-01-25;31,5;53;;jah
1945-01-26;31,5;53;;jah
1945-01-27;31,5;53;;jah
1945-01-28;31,5;53;;jah
1945-01-29;31,5;53;;jah
1945-01-30;31,4;53;;jah
1945-01-31;31,3;53;;jah
1945-02-01;31,3;53;;jah
1945-02-02;31,3;53;;jah
1945-02-03;31,3;53;;jah
1945-02-04;31,3;53;;jah
1945-02-05;31,3;53;;jah
1945-02-06;31,3;53;;jah
1945-02-07;31,2;53;;jah
1945-02-08;31,2;52;;jah
1945-02-09;31,2;52;;jah
1945-02-10;31;52;;jah
1945-02-11;31;51;;jah
1945-02-12;31;51;;jah
1945-02-13;31;50;;jah
1945-02-14;31;50;;jah
1945-02-15;31;50;;jah
1945-02-16;31;49;;jah
1945-02-17;31;49;;jah
1945-02-18;31;48;;jah
1945-02-19;31;48;;jah
1945-02-20;31;48;;jah
1945-02-21;31;47;;jah
1945-02-22;31;47;;jah
1945-02-23;31;47;;jah
1945-02-24;30,8;46;;jah
1945-02-25;30,8;45;;jah
1945-02-26;30,5;44;;jah
1945-02-27;30;44;;jah
1945-02-28;29,8;43;;jah
1945-03-01;29,7;42;;jah
1945-03-02;29,5;42;;jah
1945-03-03;29,2;41;;jah
1945-03-04;29,1;41;;jah
1945-03-05;29;40;;jah
1945-03-06;29;40;;jah
1945-03-07;28,8;39;;jah
1945-03-08;28,5;39;;jah
1945-03-09;28,2;38;;jah
1945-03-10;28;38;;jah
1945-03-11;28;38;;jah
1945-03-12;27,6;37;;jah
1945-03-13;27,3;37;;jah
1945-03-14;27,1;36;;jah
1945-03-15;27;36;;jah
1945-03-16;27;36;;jah
1945-03-17;26,9;38;;jah
1945-03-18;26,8;47;;jah
1945-03-19;26,5;45;;jah
1945-03-20;23,5;50;;jah
1945-03-21;21,5;52;;jah
1945-03-22;22;54;;jah
1945-03-23;23,7;60;;jah
1945-03-24;30;70;;jah
1945-03-25;30,5;72;;jah
1945-03-26;36,4;80;;jah
1945-03-27;56,6;104;;jah
1945-03-28;113;170;;jah
1945-03-29;117;174;;jah
1945-03-30;118;176;;jah
1945-03-31;121;179;;jah
1945-04-01;125;183;;jah
1945-04-02;135;194;;jah
1945-04-03;152;212;;jah
1945-04-04;176;236;;jah
1945-04-05;189;248;;jah
1945-04-06;201;259;;jah
1945-04-07;212;268;;jah
1945-04-08;212;268;;jah
1945-04-09;219;274;;jah
1945-04-10;221;276;;jah
1945-04-11;219;274;;jah
1945-04-12;215;271;;jah
1945-04-13;202;260;;jah
1945-04-14;198;256;;jah
1945-04-15;194;253;;jah
1945-04-16;190;249;;jah
1945-04-17;180;240;;jah
1945-04-18;174;234;;jah
1945-04-19;168;229;;jah
1945-04-20;164;226;;jah
1945-04-21;156;219;;jah
1945-04-22;147;212;;jah
1945-04-23;138;204;;jah
1945-04-24;133;200;;jah
1945-04-25;128;196;;jah
1945-04-26;121;190;;jah
1945-04-27;116;185;;jah
1945-04-28;116;185;;jah
1945-04-29;112;182;;jah
1945-04-30;110;180;;jah
1945-05-01;107;177;;jah
1945-05-02;104;174;;jah
1945-05-03;98,2;168;;jah
1945-05-04;92,6;162;;jah
1945-05-05;91,7;161;;jah
1945-05-06;89,9;159;;jah
1945-05-07;93,6;163;;jah
1945-05-08;95,4;165;;jah
1945-05-09;95,4;164;;jah
1945-05-10;95,4;164;;jah
1945-05-11;92,6;162;;jah
1945-05-12;89,9;159;;jah
1945-05-13;86,5;155;;jah
1945-05-14;82,2;150;;jah
1945-05-15;78,9;146;;jah
1945-05-16;83,9;152;;jah
1945-05-17;81,4;149;;jah
1945-05-18;78,9;146;;jah
1945-05-19;78,1;145;;jah
1945-05-20;77,3;144;;jah
1945-05-21;76,5;142;;jah
1945-05-22;74;140;;jah
1945-05-23;71,2;136;;jah
1945-05-24;71,2;136;;jah
1945-05-25;71,2;136;;jah
1945-05-26;69,9;134;;jah
1945-05-27;67,8;131;;jah
1945-05-28;67,8;131;;jah
1945-05-29;67,1;130;;jah
1945-05-30;67,1;130;;jah
1945-05-31;65,8;128;;jah
1945-06-01;64,5;126;;jah
1945-06-02;63,1;124;;jah
1945-06-03;61,8;122;;jah
1945-06-04;60,5;120;;jah
1945-06-05;59,9;119;;jah
1945-06-06;58,1;116;;jah
1945-06-07;57,4;115;;jah
1945-06-08;57,4;115;;jah
1945-06-09;56,8;114;;jah
1945-06-10;55,6;112;;jah
1945-06-11;55;111;;jah
1945-06-12;53,8;109;;jah
1945-06-13;53,8;109;;jah
1945-06-14;53,3;108;;jah
1945-06-15;52,2;106;;jah
1945-06-16;49,9;102;;jah
1945-06-17;48,8;100;;jah
1945-06-18;47,7;98;;jah
1945-06-19;47,2;97;;jah
1945-06-20;46,7;96;;jah
1945-06-21;46,7;96;;jah
1945-06-22;45,1;93;;jah
1945-06-23;44,6;92;;jah
1945-06-24;44,6;92;;jah
1945-06-25;43,5;90;;jah
1945-06-26;43;89;;jah
1945-06-27;42,5;88;;jah
1945-06-28;41,5;86;;jah
1945-06-29;41,5;86;;jah
1945-06-30;41,5;86;;jah
1945-07-01;41,5;86;;jah
1945-07-02;41,5;86;;jah
1945-07-03;40,5;84;;jah
1945-07-04;40,5;84;;jah
1945-07-05;39,5;82;;jah
1945-07-06;41;85;;jah
1945-07-07;41;85;;jah
1945-07-08;41,5;86;;jah
1945-07-09;41;85;;jah
1945-07-10;40,5;84;;jah
1945-07-11;39;81;;jah
1945-07-12;35,2;78;;jah
1945-07-13;37,6;78;;jah
1945-07-14;37,6;78;;jah
1945-07-15;37,6;78;;jah
1945-07-16;37,1;77;;jah
1945-07-17;37,1;77;;jah
1945-07-18;36,6;76;;jah
1945-07-19;35,7;74;;jah
1945-07-20;34,7;72;;jah
1945-07-21;34,7;72;;jah
1945-07-22;33,8;70;;jah
1945-07-23;33,8;70;;jah
1945-07-24;33,8;70;;jah
1945-07-25;33;68;;jah
1945-07-26;33;68;;jah
1945-07-27;33;68;;jah
1945-07-28;33;68;;jah
1945-07-29;33,8;70;;jah
1945-07-30;35,2;73;;jah
1945-07-31;35,2;73;;jah
1945-08-01;36,6;76;;jah
1945-08-02;36,6;76;;jah
1945-08-03;37,1;77;;jah
1945-08-04;36,6;76;;jah
1945-08-05;36,6;76;;jah
1945-08-06;35,7;74;;jah
1945-08-07;34,7;72;;jah
1945-08-08;34,7;72;;jah
1945-08-09;33,8;70;;jah
1945-08-10;33,8;70;;jah
1945-08-11;33,8;70;;jah
1945-08-12;33,8;70;;jah
1945-08-13;34,7;72;;jah
1945-08-14;35,7;74;;jah
1945-08-15;36,6;76;;jah
1945-08-16;35,7;74;;jah
1945-08-17;35,7;74;;jah
1945-08-18;35,2;73;;jah
1945-08-19;35,2;73;;jah
1945-08-20;34,7;72;;jah
1945-08-21;34,7;72;;jah
1945-08-22;34,7;72;;jah
1945-08-23;33,8;70;;jah
1945-08-24;34,8;71;;jah
1945-08-25;33,8;70;;jah
1945-08-26;34,7;72;;jah
1945-08-27;34,3;71;;jah
1945-08-28;32,2;66;;jah
1945-08-29;31,4;64;;jah
1945-08-30;32,2;66;;jah
1945-08-31;32,2;66;;jah
1945-09-01;33,3;66;;jah
1945-09-02;33,6;67;;jah
1945-09-03;34,2;68;;jah
1945-09-04;33,6;67;;jah
1945-09-05;32,9;65;;jah
1945-09-06;32,6;64;;jah
1945-09-07;32,6;64;;jah
1945-09-08;32,6;64;;jah
1945-09-09;33;66;;jah
1945-09-10;32,6;64;;jah
1945-09-11;33,6;65;;jah
1945-09-12;32,6;64;;jah
1945-09-13;32,6;64;;jah
1945-09-14;32,6;64;;jah
1945-09-15;32,6;64;;jah
1945-09-16;32,6;64;;jah
1945-09-17;32,6;64;;jah
1945-09-18;32,6;64;;jah
1945-09-19;32,6;64;;jah
1945-09-20;31,7;62;;jah
1945-09-21;31,7;62;;jah
1945-09-22;31,7;62;;jah
1945-09-23;31,7;62;;jah
1945-09-24;31,7;62;;jah
1945-09-25;32,6;64;;jah
1945-09-26;32,6;64;;jah
1945-09-27;31,7;62;;jah
1945-09-28;31,3;61;;jah
1945-09-29;31,3;61;;jah
1945-09-30;31,7;62;;jah
1945-10-01;31,1;61;;jah
1945-10-02;31,1;61;;jah
1945-10-03;32,4;64;;jah
1945-10-04;31,5;62;;jah
1945-10-05;33,9;69;;jah
1945-10-06;38,3;80;;jah
1945-10-07;36,9;77;;jah
1945-10-08;36,6;76;;jah
1945-10-09;36,6;76;;jah
1945-10-10;35,8;74;;jah
1945-10-11;35,8;74;;jah
1945-10-12;37,4;78;;jah
1945-10-13;37,4;78;;jah
1945-10-14;36,6;76;;jah
1945-10-15;37,4;78;;jah
1945-10-16;36,9;77;;jah
1945-10-17;36,9;77;;jah
1945-10-18;37,4;78;;jah
1945-10-19;37,4;78;;jah
1945-10-20;37,4;78;;jah
1945-10-21;39,1;82;;jah
1945-10-22;38,7;81;;jah
1945-10-23;38,7;81;;jah
1945-10-24;40,5;85;;jah
1945-10-25;40,5;85;;jah
1945-10-26;41,9;88;;jah
1945-10-27;45,6;96;;jah
1945-10-28;44,6;94;;jah
1945-10-29;46,1;97;;jah
1945-10-30;52;108;;jah
1945-10-31;53;110;;jah
1945-11-01;52,8;110;;jah
1945-11-02;52;108;;jah
1945-11-03;50,3;106;;jah
1945-11-04;49;105;;jah
1945-11-05;48;102;;jah
1945-11-06;52,8;110;;jah
1945-11-07;52;108;;jah
1945-11-08;48;108;;jah
1945-11-09;45;108;;jah
1945-11-10;42;107;;jah
1945-11-11;41,8;98;;jah
1945-11-12;41,8;92;;jah
1945-11-13;42;95;;jah
1945-11-14;42,2;94;;jah
1945-11-15;42,6;94;;jah
1945-11-16;43,2;95;;jah
1945-11-17;44;100;;jah
1945-11-18;44,5;98;;jah
1945-11-19;45,2;100;;jah
1945-11-20;46;104;;jah
1945-11-21;46,5;106;;jah
1945-11-22;47;106;;jah
1945-11-23;47,1;106;;jah
1945-11-24;46;106;;jah
1945-11-25;44,6;102;;jah
1945-11-26;45;104;;jah
1945-11-27;45,1;103;;jah
1945-11-28;45,1;103;;jah
1945-11-29;44,5;102;;jah
1945-11-30;44,7;101;;jah
1945-12-01;42,1;99;;jah
1945-12-02;40,5;106;;jah
1945-12-03;39,3;104;;jah
1945-12-04;38,2;104;;jah
1945-12-05;37,3;104;;jah
1945-12-06;36,6;105;;jah
1945-12-07;36,2;104;;jah
1945-12-08;36;106;;jah
1945-12-09;36;104;;jah
1945-12-10;36;104;;jah
1945-12-11;36;104;;jah
1945-12-12;36;104;;jah
1945-12-13;35,8;105;;jah
1945-12-14;35,5;104;;jah
1945-12-15;35,2;104;;jah
1945-12-16;35;104;;jah
1945-12-17;35;102;;jah
1945-12-18;35;103;;jah
1945-12-19;35;103;;jah
1945-12-20;35;104;;jah
1945-12-21;35;103;;jah
1945-12-22;35;104;;jah
1945-12-23;35;104;;jah
1945-12-24;35;104;;jah
1945-12-25;35;104;;jah
1945-12-26;35;104;;jah
1945-12-27;35;105;;jah
1945-12-28;35;103;;jah
1945-12-29;35,4;104;;jah
1945-12-30;34,5;105;;jah
1945-12-31;34,5;104;;jah
1946-01-01;34,9;103;;jah
1946-01-02;34,8;103;;jah
1946-01-03;34,7;102;;jah
1946-01-04;34,6;101;;jah
1946-01-05;34,5;101;;jah
1946-01-06;34,4;100;;jah
1946-01-07;34,3;99;;jah
1946-01-08;34,2;99;;jah
1946-01-09;34,1;98;;jah
1946-01-10;34;97;;jah
1946-01-11;33,9;97;;jah
1946-01-12;33,8;95;;jah
1946-01-13;33,7;95;;jah
1946-01-14;33,6;95;;jah
1946-01-15;33,5;94;;jah
1946-01-16;33,4;93;;jah
1946-01-17;33,3;93;;jah
1946-01-18;33,2;92;;jah
1946-01-19;33,1;91;;jah
1946-01-20;33;91;;jah
1946-01-21;32,9;90;;jah
1946-01-22;32,8;89;;jah
1946-01-23;32,7;89;;jah
1946-01-24;32,6;88;;jah
1946-01-25;32,5;87;;jah
1946-01-26;32,4;87;;jah
1946-01-27;32,3;85;;jah
1946-01-28;32,2;85;;jah
1946-01-29;32,1;85;;jah
1946-01-30;32;84;;jah
1946-01-31;31,9;83;;jah
1946-02-01;31,8;83;;jah
1946-02-02;31,7;82;;jah
1946-02-03;31,6;81;;jah
1946-02-04;31,5;81;;jah
1946-02-05;31,4;80;;jah
1946-02-06;31,3;79;;jah
1946-02-07;31,2;79;;jah
1946-02-08;31,1;78;;jah
1946-02-09;31;77;;jah
1946-02-10;30,9;77;;jah
1946-02-11;30,8;76;;jah
1946-02-12;30,7;75;;jah
1946-02-13;30,6;78;;jah
1946-02-14;30,5;74;;jah
1946-02-15;30,4;73;;jah
1946-02-16;29,1;74;;jah
1946-02-17;29,4;74;;jah
1946-02-18;29,7;74;;jah
1946-02-19;30;74;;jah
1946-02-20;28,4;70;;jah
1946-02-21;28,8;71;;jah
1946-02-22;28,4;70;;jah
1946-02-23;28,4;70;;jah
1946-02-24;28,1;70;;jah
1946-02-25;23,7;56;;jah
1946-02-26;25,4;62;;jah
1946-02-27;28,1;70;;jah
1946-02-28;29,3;74;;jah
1946-03-01;27,7;70;;jah
1946-03-02;26,7;68;;jah
1946-03-03;26,8;68;;jah
1946-03-04;26,7;68;;jah
1946-03-05;26,4;68;;jah
1946-03-06;26,1;68;;jah
1946-03-07;25,7;68;;jah
1946-03-08;25,4;68;;jah
1946-03-09;25,7;69;;jah
1946-03-10;25,1;68;;jah
1946-03-11;25,1;68;;jah
1946-03-12;25,1;68;;jah
1946-03-13;25,1;68;;jah
1946-03-14;23,8;65;;jah
1946-03-15;24,2;66;;jah
1946-03-16;24,2;66;;jah
1946-03-17;24,2;66;;jah
1946-03-18;24,2;66;;jah
1946-03-19;25,1;68;;jah
1946-03-20;25,4;68;;jah
1946-03-21;24,5;64;;jah
1946-03-22;26,4;70;;jah
1946-03-23;30,4;80;;jah
1946-03-24;34,8;90;;jah
1946-03-25;41,4;103;;jah
1946-03-26;50,3;119;;jah
1946-03-27;53,2;122;;jah
1946-03-28;59,1;130;;jah
1946-03-29;64,2;135;;jah
1946-03-30;71;140;;jah
1946-03-31;78,1;145;;jah
1946-04-01;77,3;144;;jah
1946-04-02;72,6;138;;jah
1946-04-03;65,8;128;;jah
1946-04-04;71,2;136;;jah
1946-04-05;83,9;152;;jah
1946-04-06;104;174;;jah
1946-04-07;112;182;;jah
1946-04-08;112;182;;jah
1946-04-09;114;184;;jah
1946-04-10;123;192;;jah
1946-04-11;131;198;;jah
1946-04-12;140;206;;jah
1946-04-13;140;206;;jah
1946-04-14;140;206;;jah
1946-04-15;139;205;;jah
1946-04-16;135;202;;jah
1946-04-17;132;199;;jah
1946-04-18;128;196;;jah
1946-04-19;127;195;;jah
1946-04-20;126;194;;jah
1946-04-21;123;192;;jah
1946-04-22;121;190;;jah
1946-04-23;117;186;;jah
1946-04-24;116;185;;jah
1946-04-25;114;184;;jah
1946-04-26;113;183;;jah
1946-04-27;113;183;;jah
1946-04-28;112;182;;jah
1946-04-29;110;180;;jah
1946-04-30;108;178;;jah
1946-05-01;106;176;;jah
1946-05-02;104;174;;jah
1946-05-03;100;170;;jah
1946-05-04;113;183;;jah
1946-05-05;117;186;;jah
1946-05-06;122;191;;jah
1946-05-07;114;189;;jah
1946-05-08;106;186;;jah
1946-05-09;98;184;;jah
1946-05-10;94,6;184;;jah
1946-05-11;90,7;182;;jah
1946-05-12;83;175;;jah
1946-05-13;79,6;172;;jah
1946-05-14;78;170;;jah
1946-05-15;76,7;168;;jah
1946-05-16;75,2;166;;jah
1946-05-17;73,7;164;;jah
1946-05-18;72,3;162;;jah
1946-05-19;70,8;160;;jah
1946-05-20;69,6;158;;jah
1946-05-21;69,6;158;;jah
1946-05-22;68,2;156;;jah
1946-05-23;66,8;154;;jah
1946-05-24;65,5;152;;jah
1946-05-25;64,8;151;;jah
1946-05-26;62,9;148;;jah
1946-05-27;61,6;146;;jah
1946-05-28;61;145;;jah
1946-05-29;59,6;144;;jah
1946-05-30;58,2;142;;jah
1946-05-31;55,9;138;;jah
1946-06-01;54,2;136;;jah
1946-06-02;53,1;134;;jah
1946-06-03;51,4;132;;jah
1946-06-04;52;133;;jah
1946-06-05;52,4;134;;jah
1946-06-06;50,2;131;;jah
1946-06-07;51,7;134;;jah
1946-06-08;50;132;;jah
1946-06-09;51;134;;jah
1946-06-10;50,3;134;;jah
1946-06-11;49,3;132;;jah
1946-06-12;47,6;130;;jah
1946-06-13;47,6;130;;jah
1946-06-14;48,2;131;;jah
1946-06-15;49,2;133;;jah
1946-06-16;48,2;131;;jah
1946-06-17;46,9;130;;jah
1946-06-18;47,4;131;;jah
1946-06-19;47,9;132;;jah
1946-06-20;47,4;131;;jah
1946-06-21;45,6;127;;jah
1946-06-22;43,5;124;;jah
1946-06-23;42,7;122;;jah
1946-06-24;41,7;120;;jah
1946-06-25;41,7;120;;jah
1946-06-26;41,5;119;;jah
1946-06-27;40,5;117;;jah
1946-06-28;39,6;115;;jah
1946-06-29;39,6;115;;jah
1946-06-30;39,6;115;;jah
1946-07-01;37,9;111;;jah
1946-07-02;37,5;110;;jah
1946-07-03;37,1;109;;jah
1946-07-04;36,3;107;;jah
1946-07-05;35,2;104;;jah
1946-07-06;34,8;103;;jah
1946-07-07;34,4;102;;jah
1946-07-08;32,9;98;;jah
1946-07-09;32,6;97;;jah
1946-07-10;34,4;102;;jah
1946-07-11;35,2;104;;jah
1946-07-12;34,4;102;;jah
1946-07-13;34,9;102;;jah
1946-07-14;34,2;100;;jah
1946-07-15;33,1;96;;jah
1946-07-16;34,3;98;;jah
1946-07-17;33,6;96;;jah
1946-07-18;33,3;94;;jah
1946-07-19;33,7;94;;jah
1946-07-20;34,2;94;;jah
1946-07-21;33,9;92;;jah
1946-07-22;34,3;92;;jah
1946-07-23;34,7;93;;jah
1946-07-24;34,8;92;;jah
1946-07-25;34,4;90;;jah
1946-07-26;34,8;90;;jah
1946-07-27;34,2;88;;jah
1946-07-28;34,9;88;;jah
1946-07-29;35,3;88;;jah
1946-07-30;34,4;86;;jah
1946-07-31;34,4;85;;jah
1946-08-01;34,4;84;;jah
1946-08-02;34,4;84;;jah
1946-08-03;34,4;84;;jah
1946-08-04;34,8;84;;jah
1946-08-05;34,8;84;;jah
1946-08-06;35,2;84;;jah
1946-08-07;35,2;84;;jah
1946-08-08;35,6;84;;jah
1946-08-09;35,6;84;;jah
1946-08-10;36;84;;jah
1946-08-11;36,4;84;;jah
1946-08-12;36;83;;jah
1946-08-13;34,2;78;;jah
1946-08-14;34,6;78;;jah
1946-08-15;33,7;76;;jah
1946-08-16;35;78;;jah
1946-08-17;33,7;75;;jah
1946-08-18;33,6;74;;jah
1946-08-19;33,1;73;;jah
1946-08-20;33,9;74;;jah
1946-08-21;33,9;74;;jah
1946-08-22;33,3;72;;jah
1946-08-23;33,8;73;;jah
1946-08-24;34,6;74;;jah
1946-08-25;34,6;74;;jah
1946-08-26;35,5;75;;jah
1946-08-27;35;74;;jah
1946-08-28;33,5;70;;jah
1946-08-29;33;68;;jah
1946-08-30;32,2;66;;jah
1946-08-31;32,6;67;;jah
1946-09-01;31,4;64;;jah
1946-09-02;31,4;64;;jah
1946-09-03;30,6;62;;jah
1946-09-04;29,8;60;;jah
1946-09-05;29,8;60;;jah
1946-09-06;29,8;60;;jah
1946-09-07;29,2;58;;jah
1946-09-08;29,5;59;;jah
1946-09-09;29,2;58;;jah
1946-09-10;28,9;57;;jah
1946-09-11;29,2;58;;jah
1946-09-12;28,9;57;;jah
1946-09-13;29,8;60;;jah
1946-09-14;29,5;59;;jah
1946-09-15;29,8;60;;jah
1946-09-16;28,6;56;;jah
1946-09-17;28,6;56;;jah
1946-09-18;29,2;58;;jah
1946-09-19;29,8;60;;jah
1946-09-20;31,4;64;;jah
1946-09-21;29,2;58;;jah
1946-09-22;32,2;66;;jah
1946-09-23;31;63;;jah
1946-09-24;31,4;64;;jah
1946-09-25;30,6;62;;jah
1946-09-26;31,4;64;;jah
1946-09-27;31,8;65;;jah
1946-09-28;31,4;64;;jah
1946-09-29;33,5;70;;jah
1946-09-30;35,8;75;;jah
1946-10-01;36;74;;jah
1946-10-02;38,3;82;;jah
1946-10-03;38,5;84;;jah
1946-10-04;36,7;82;;jah
1946-10-05;37,7;86;;jah
1946-10-06;38,7;90;;jah
1946-10-07;38,3;90;;jah
1946-10-08;36,1;86;;jah
1946-10-09;33,1;80;;jah
1946-10-10;31,9;78;;jah
1946-10-11;30,3;74;;jah
1946-10-12;31,9;78;;jah
1946-10-13;28,7;70;;jah
1946-10-14;29,2;71;;jah
1946-10-15;30;73;;jah
1946-10-16;29,1;70;;jah
1946-10-17;29,1;70;;jah
1946-10-18;29,4;70;;jah
1946-10-19;30,2;71;;jah
1946-10-20;29,4;68;;jah
1946-10-21;29;66;;jah
1946-10-22;30,7;70;;jah
1946-10-23;30;67;;jah
1946-10-24;30,3;67;;jah
1946-10-25;30,3;66;;jah
1946-10-26;30,3;66;;jah
1946-10-27;29,8;64;;jah
1946-10-28;30,6;66;;jah
1946-10-29;31,4;68;;jah
1946-10-30;31,4;68;;jah
1946-10-31;30,6;66;;jah
1946-11-01;31;67;;jah
1946-11-02;30,6;66;;jah
1946-11-03;30,6;66;;jah
1946-11-04;29,8;64;;jah
1946-11-05;28,7;61;;jah
1946-11-06;28,3;60;;jah
1946-11-07;28,3;60;;jah
1946-11-08;28,8;62;;jah
1946-11-09;28,8;62;;jah
1946-11-10;28,8;62;;jah
1946-11-11;28,4;61;;jah
1946-11-12;27,5;58;;jah
1946-11-13;26,5;55;;jah
1946-11-14;27,2;58;;jah
1946-11-15;27,5;59;;jah
1946-11-16;27,5;59;;jah
1946-11-17;28,1;61;;jah
1946-11-18;28,5;62;;jah
1946-11-19;25,9;55;;jah
1946-11-20;24,8;51;;jah
1946-11-21;24,6;50;;jah
1946-11-22;24,6;50;;jah
1946-11-23;24,8;51;;jah
1946-11-24;25,1;52;;jah
1946-11-25;25,7;54;;jah
1946-11-26;27,4;60;;jah
1946-11-27;28,9;64;;jah
1946-11-28;29,5;66;;jah
1946-11-29;30,4;68;;jah
1946-11-30;30,7;69;;jah
1946-12-01;31,1;70;;jah
1946-12-02;31,1;70;;jah
1946-12-03;31,9;72;;jah
1946-12-04;32,8;74;;jah
1946-12-05;34,6;78;;jah
1946-12-06;34,6;78;;jah
1946-12-07;35,4;80;;jah
1946-12-08;35,9;81;;jah
1946-12-09;35,5;81;;jah
1946-12-10;33,8;78;;jah
1946-12-11;28;65;;jah
1946-12-12;23,2;52;;jah
1946-12-13;24,2;58;;jah
1946-12-14;22,6;54;;jah
1946-12-15;21,8;53;;jah
1946-12-16;21,3;52;;jah
1946-12-17;21,5;54;;jah
1946-12-18;21,2;54;;jah
1946-12-19;21,4;55;;jah
1946-12-20;21,5;56;;jah
1946-12-21;20,7;53;;jah
1946-12-22;20,7;53;;jah
1946-12-23;20,7;53;;jah
1946-12-24;20,9;54;;jah
1946-12-25;20,7;53;;jah
1946-12-26;20,9;54;;jah
1946-12-27;20,9;54;;jah
1946-12-28;20,7;53;;jah
1946-12-29;20,9;54;;jah
1946-12-30;20,9;54;;jah
1946-12-31;20,7;53;;jah
1947-01-01;20,5;52;;jah
1947-01-02;20,5;52;;jah
1947-01-03;20,5;52;;jah
1947-01-04;20,5;50;;jah
1947-01-05;20,5;50;;jah
1947-01-06;20,4;49;;jah
1947-01-07;20,3;49;;jah
1947-01-08;20,2;49;;jah
1947-01-09;20,2;49;;jah
1947-01-10;20,1;48;;jah
1947-01-11;20;46;;jah
1947-01-12;20;47;;jah
1947-01-13;20;46;;jah
1947-01-14;20,1;45;;jah
1947-01-15;20,8;46;;jah
1947-01-16;21,2;47;;jah
1947-01-17;22;48;;jah
1947-01-18;24;52;;jah
1947-01-19;27;58;;jah
1947-01-20;29;58;;jah
1947-01-21;28,5;56;;jah
1947-01-22;28,1;54;;jah
1947-01-23;27,8;52;;jah
1947-01-24;27,5;50;;jah
1947-01-25;27;49;;jah
1947-01-26;26,5;50;;jah
1947-01-27;26;48;;jah
1947-01-28;26;48;;jah
1947-01-29;26;48;;jah
1947-01-30;25,9;48;;jah
1947-01-31;25,9;48;;jah
1947-02-01;24,5;48;;jah
1947-02-02;24;46;;jah
1947-02-03;23;46;;jah
1947-02-04;22,5;46;;jah
1947-02-05;22;46;;jah
1947-02-06;21,6;46;;jah
1947-02-07;20,5;44;;jah
1947-02-08;20;43;;jah
1947-02-09;19,5;42;;jah
1947-02-10;18,8;42;;jah
1947-02-11;18,2;43;;jah
1947-02-12;17,8;45;;jah
1947-02-13;17,5;41;;jah
1947-02-14;17;40;;jah
1947-02-15;17,5;38;;jah
1947-02-16;17,8;40;;jah
1947-02-17;18;39;;jah
1947-02-18;18,2;40;;jah
1947-02-19;18,5;40;;jah
1947-02-20;19;40;;jah
1947-02-21;19;40;;jah
1947-02-22;19,2;39;;jah
1947-02-23;19,5;38;;jah
1947-02-24;19,7;38;;jah
1947-02-25;19,9;37;;jah
1947-02-26;20;38;;jah
1947-02-27;20;38;;jah
1947-02-28;20,2;37;;jah
1947-03-01;20,6;36;;jah
1947-03-02;20,5;36;;jah
1947-03-03;20,4;35;;jah
1947-03-04;20,3;36;;jah
1947-03-05;20,2;36;;jah
1947-03-06;20,2;36;;jah
1947-03-07;20,1;36;;jah
1947-03-08;20;36;;jah
1947-03-09;19,9;36;;jah
1947-03-10;19,8;36;;jah
1947-03-11;19,7;34;;jah
1947-03-12;19,6;34;;jah
1947-03-13;19,6;34;;jah
1947-03-14;19,5;34;;jah
1947-03-15;19,4;34;;jah
1947-03-16;19,3;34;;jah
1947-03-17;19,2;34;;jah
1947-03-18;19,2;34;;jah
1947-03-19;19,2;34;;jah
1947-03-20;19,3;34;;jah
1947-03-21;19,3;34;;jah
1947-03-22;19,3;35;;jah
1947-03-23;19,3;36;;jah
1947-03-24;19,3;36;;jah
1947-03-25;19,4;38;;jah
1947-03-26;19,4;42;;jah
1947-03-27;19,4;44;;jah
1947-03-28;20,3;47;;jah
1947-03-29;21,9;52;;jah
1947-03-30;24,6;60;;jah
1947-03-31;30,3;72;;jah
1947-04-01;45,7;108;;jah
1947-04-02;74,5;154;;jah
1947-04-03;112;198;;jah
1947-04-04;150;227;;jah
1947-04-05;178;238;;jah
1947-04-06;193;238;;jah
1947-04-07;194;239;;jah
1947-04-08;199;244;;jah
1947-04-09;197;242;;jah
1947-04-10;188;234;;jah
1947-04-11;184;230;;jah
1947-04-12;182;228;;jah
1947-04-13;172;219;;jah
1947-04-14;158;206;;jah
1947-04-15;158;206;;jah
1947-04-16;151;200;;jah
1947-04-17;143;192;;jah
1947-04-18;135;184;;jah
1947-04-19;127;176;;jah
1947-04-20;122;170;;jah
1947-04-21;118;166;;jah
1947-04-22;113;160;;jah
1947-04-23;110;157;;jah
1947-04-24;106;155;;jah
1947-04-25;102;154;;jah
1947-04-26;98,5;154;;jah
1947-04-27;94,7;154;;jah
1947-04-28;90,9;154;;jah
1947-04-29;87,1;154;;jah
1947-04-30;83,3;155;;jah
1947-05-01;85,6;154;;jah
1947-05-02;90,8;160;;jah
1947-05-03;89,1;158;;jah
1947-05-04;87,4;156;;jah
1947-05-05;85,6;154;;jah
1947-05-06;83,9;152;;jah
1947-05-07;82,2;150;;jah
1947-05-08;79,7;147;;jah
1947-05-09;77,3;144;;jah
1947-05-10;74;140;;jah
1947-05-11;71,2;136;;jah
1947-05-12;67,1;130;;jah
1947-05-13;65,8;128;;jah
1947-05-14;63,1;124;;jah
1947-05-15;61,2;121;;jah
1947-05-16;60,5;120;;jah
1947-05-17;58,1;116;;jah
1947-05-18;58,1;116;;jah
1947-05-19;55,6;112;;jah
1947-05-20;55,6;112;;jah
1947-05-21;55;111;;jah
1947-05-22;54,4;110;;jah
1947-05-23;53,8;109;;jah
1947-05-24;53,3;108;;jah
1947-05-25;52,2;106;;jah
1947-05-26;51;104;;jah
1947-05-27;50,5;103;;jah
1947-05-28;49,9;102;;jah
1947-05-29;48,8;100;;jah
1947-05-30;46,7;96;;jah
1947-05-31;46,7;96;;jah
1947-06-01;46,7;96;;jah
1947-06-02;46,2;95;;jah
1947-06-03;46,7;96;;jah
1947-06-04;46,7;96;;jah
1947-06-05;46,2;95;;jah
1947-06-06;45,6;94;;jah
1947-06-07;45,6;94;;jah
1947-06-08;44;91;;jah
1947-06-09;43,5;90;;jah
1947-06-10;43;89;;jah
1947-06-11;43;89;;jah
1947-06-12;45,1;93;;jah
1947-06-13;45,6;94;;jah
1947-06-14;45,6;94;;jah
1947-06-15;46,7;96;;jah
1947-06-16;47,7;98;;jah
1947-06-17;48,3;99;;jah
1947-06-18;46,2;95;;jah
1947-06-19;45,6;94;;jah
1947-06-20;44,6;92;;jah
1947-06-21;44,6;92;;jah
1947-06-22;43,5;90;;jah
1947-06-23;42,5;88;;jah
1947-06-24;41;85;;jah
1947-06-25;40;83;;jah
1947-06-26;39,5;82;;jah
1947-06-27;39;81;;jah
1947-06-28;38,5;80;;jah
1947-06-29;37,6;78;;jah
1947-06-30;38;79;;jah
1947-07-01;36,6;76;;jah
1947-07-02;35,7;74;;jah
1947-07-03;34,7;72;;jah
1947-07-04;34,3;71;;jah
1947-07-05;33,8;70;;jah
1947-07-06;33,8;70;;jah
1947-07-07;33;68;;jah
1947-07-08;33;68;;jah
1947-07-09;33;68;;jah
1947-07-10;35,2;73;;jah
1947-07-11;36,6;76;;jah
1947-07-12;33;68;;jah
1947-07-13;33;68;;jah
1947-07-14;33;68;;jah
1947-07-15;33;68;;jah
1947-07-16;33;68;;jah
1947-07-17;34,3;71;;jah
1947-07-18;35,2;73;;jah
1947-07-19;34,7;72;;jah
1947-07-20;33;68;;jah
1947-07-21;31,4;64;;jah
1947-07-22;30,6;62;;jah
1947-07-23;30,2;61;;jah
1947-07-24;30,2;61;;jah
1947-07-25;29,5;59;;jah
1947-07-26;29,2;58;;jah
1947-07-27;29,2;58;;jah
1947-07-28;28,2;55;;jah
1947-07-29;28,6;56;;jah
1947-07-30;27,3;52;;jah
1947-07-31;27,3;52;;jah
1947-08-01;25,7;46;;jah
1947-08-02;26,2;48;;jah
1947-08-03;25,3;44;;jah
1947-08-04;25,3;44;;jah
1947-08-05;25,7;46;;jah
1947-08-06;25,7;46;;jah
1947-08-07;25,7;46;;jah
1947-08-08;25,3;44;;jah
1947-08-09;25,3;44;;jah
1947-08-10;25,5;45;;jah
1947-08-11;25,3;44;;jah
1947-08-12;25,5;45;;jah
1947-08-13;25,3;44;;jah
1947-08-14;24,3;40;;jah
1947-08-15;23,9;38;;jah
1947-08-16;23,9;38;;jah
1947-08-17;23,6;36;;jah
1947-08-18;23,6;36;;jah
1947-08-19;23,9;38;;jah
1947-08-20;24,3;40;;jah
1947-08-21;24,3;40;;jah
1947-08-22;23,4;35;;jah
1947-08-23;23,6;36;;jah
1947-08-24;23,2;34;;jah
1947-08-25;22,9;32;;jah
1947-08-26;22,5;30;;jah
1947-08-27;22,9;32;;jah
1947-08-28;23,6;36;;jah
1947-08-29;22,3;28;;jah
1947-08-30;22,7;31;;jah
1947-08-31;22,5;30;;jah
1947-09-01;22;25;;jah
1947-09-02;22;25;;jah
1947-09-03;22,1;26;;jah
1947-09-04;21,8;24;;jah
1947-09-05;22;25;;jah
1947-09-06;21,7;23;;jah
1947-09-07;21,2;18;;jah
1947-09-08;20,8;15;;jah
1947-09-09;21,1;17;;jah
1947-09-10;21,4;20;;jah
1947-09-11;20,8;15;;jah
1947-09-12;21;16;;jah
1947-09-13;20,7;14;;jah
1947-09-14;21;16;;jah
1947-09-15;20,7;14;;jah
1947-09-16;20,7;14;;jah
1947-09-17;21;16;;jah
1947-09-18;20,7;14;;jah
1947-09-19;20,7;14;;jah
1947-09-20;21;16;;jah
1947-09-21;20,8;15;;jah
1947-09-22;20,7;14;;jah
1947-09-23;20,5;12;;jah
1947-09-24;20,5;12;;jah
1947-09-25;20,3;10;;jah
1947-09-26;20,2;9;;jah
1947-09-27;20,1;8;;jah
1947-09-28;20,3;10;;jah
1947-09-29;20,3;10;;jah
1947-09-30;20,3;10;;jah
1947-10-01;20,4;11;;jah
1947-10-02;20,3;10;;jah
1947-10-03;19,9;6;;jah
1947-10-04;19;-3;;jah
1947-10-05;19,3;0;;jah
1947-10-06;19,1;-2;;jah
1947-10-07;19,1;-2;;jah
1947-10-08;19,2;-1;;jah
1947-10-09;19,1;-2;;jah
1947-10-10;19,3;0;;jah
1947-10-11;19,3;0;;jah
1947-10-12;19,6;3;;jah
1947-10-13;19,7;4;;jah
1947-10-14;19,6;3;;jah
1947-10-15;19,5;2;;jah
1947-10-16;19,5;2;;jah
1947-10-17;19,3;0;;jah
1947-10-18;19,2;-1;;jah
1947-10-19;19,2;-1;;jah
1947-10-20;19,1;-2;;jah
1947-10-21;19;-3;;jah
1947-10-22;18,9;-4;;jah
1947-10-23;18,9;-4;;jah
1947-10-24;18,8;-5;;jah
1947-10-25;18,8;-5;;jah
1947-10-26;18,7;-6;;jah
1947-10-27;18,7;-6;;jah
1947-10-28;18,9;-4;;jah
1947-10-29;18,9;-4;;jah
1947-10-30;18,5;-8;;jah
1947-10-31;18,5;-8;;jah
1947-11-01;18,7;-6;;jah
1947-11-02;18,5;-8;;jah
1947-11-03;18,6;-7;;jah
1947-11-04;18,6;-7;;jah
1947-11-05;18,5;-8;;jah
1947-11-06;18,5;-8;;jah
1947-11-07;18,7;-6;;jah
1947-11-08;18,5;-8;;jah
1947-11-09;18,4;-9;;jah
1947-11-10;18,4;-9;;jah
1947-11-11;18,4;-9;;jah
1947-11-12;18,5;-8;;jah
1947-11-13;18,8;-5;;jah
1947-11-14;18,2;-11;;jah
1947-11-15;18,1;-12;;jah
1947-11-16;18,4;-8;;jah
1947-11-17;18,5;-7;;jah
1947-11-18;18,8;-4;;jah
1947-11-19;18,8;-4;;jah
1947-11-20;18,8;-4;;jah
1947-11-21;18,8;-4;;jah
1947-11-22;19;-4;;jah
1947-11-23;19;-4;;jah
1947-11-24;19,3;-4;;jah
1947-11-25;19,4;-6;;jah
1947-11-26;19,6;-4;;jah
1947-11-27;20,3;0;;jah
1947-11-28;20,4;1;;jah
1947-11-29;20,7;1;;jah
1947-11-30;21,4;2;;jah
1947-12-01;21,9;2;;jah
1947-12-02;22,8;4;;jah
1947-12-03;23,9;8;;jah
1947-12-04;24,5;6;;jah
1947-12-05;25,3;6;;jah
1947-12-06;26,4;8;;jah
1947-12-07;28,4;12;;jah
1947-12-08;29,2;15;;jah
1947-12-09;29,2;15;;jah
1947-12-10;28,2;11;;jah
1947-12-11;28,2;11;;jah
1947-12-12;27,7;9;;jah
1947-12-13;27,5;8;;jah
1947-12-14;29,9;18;;jah
1947-12-15;33,2;33;;jah
1947-12-16;31;28;;jah
1947-12-17;28,3;20;;jah
1947-12-18;26,9;14;;jah
1947-12-19;25,1;7;;jah
1947-12-20;24,6;4;;jah
1947-12-21;24,6;4;;jah
1947-12-22;24,3;2;;jah
1947-12-23;24;2;;jah
1947-12-24;23,6;0;;jah
1947-12-25;23,4;0;;jah
1947-12-26;23;2;;jah
1947-12-27;22,2;4;;jah
1947-12-28;20,6;4;;jah
1947-12-29;19,6;4;;jah
1947-12-30;19;4;;jah
1947-12-31;18,8;4;;jah
1948-01-01;18,8;4;;jah
1948-01-02;18,8;4;;jah
1948-01-03;18,9;5;;jah
1948-01-04;18,8;4;;jah
1948-01-05;19;6;;jah
1948-01-06;19,2;8;;jah
1948-01-07;19,1;9;;jah
1948-01-08;19,2;10;;jah
1948-01-09;19,2;10;;jah
1948-01-10;19;10;;jah
1948-01-11;19;10;;jah
1948-01-12;19;10;;jah
1948-01-13;19;10;;jah
1948-01-14;18,6;7;;jah
1948-01-15;18,4;8;;jah
1948-01-16;19;12;;jah
1948-01-17;19;12;;jah
1948-01-18;19,3;12;;jah
1948-01-19;19,3;12;;jah
1948-01-20;19,3;12;;jah
1948-01-21;20,2;15;;jah
1948-01-22;19,9;14;;jah
1948-01-23;20,2;14;;jah
1948-01-24;20,2;14;;jah
1948-01-25;20,5;14;;jah
1948-01-26;20,7;15;;jah
1948-01-27;21,2;16;;jah
1948-01-28;21,3;17;;jah
1948-01-29;21,5;18;;jah
1948-01-30;22,2;20;;jah
1948-01-31;22,6;22;;jah
1948-02-01;23,6;26;;jah
1948-02-02;24,1;28;;jah
1948-02-03;25,8;33;;jah
1948-02-04;27,6;39;;jah
1948-02-05;29,2;44;;jah
1948-02-06;25,8;34;;jah
1948-02-07;24,9;31;;jah
1948-02-08;25,2;32;;jah
1948-02-09;23,3;26;;jah
1948-02-10;22,8;24;;jah
1948-02-11;22,5;24;;jah
1948-02-12;22,5;24;;jah
1948-02-13;22,4;25;;jah
1948-02-14;22,2;24;;jah
1948-02-15;21,7;23;;jah
1948-02-16;21,4;23;;jah
1948-02-17;21,4;23;;jah
1948-02-18;21,2;24;;jah
1948-02-19;20,6;21;;jah
1948-02-20;20,4;20;;jah
1948-02-21;20,4;20;;jah
1948-02-22;20,4;20;;jah
1948-02-23;20,4;20;;jah
1948-02-24;20,4;20;;jah
1948-02-25;20,4;20;;jah
1948-02-26;20,4;20;;jah
1948-02-27;20,1;20;;jah
1948-02-28;20,1;20;;jah
1948-02-29;20,1;20;;jah
1948-03-01;19,8;20;;jah
1948-03-02;20,2;22;;jah
1948-03-03;20,2;22;;jah
1948-03-04;19,8;20;;jah
1948-03-05;20;20;;jah
1948-03-06;20,3;21;;jah
1948-03-07;20,8;22;;jah
1948-03-08;21,6;24;;jah
1948-03-09;22,2;24;;jah
1948-03-10;22,8;24;;jah
1948-03-11;22,6;22;;jah
1948-03-12;23,2;23;;jah
1948-03-13;23,2;22;;jah
1948-03-14;22,8;20;;jah
1948-03-15;22;14;;jah
1948-03-16;21,7;13;;jah
1948-03-17;22;14;;jah
1948-03-18;21,7;13;;jah
1948-03-19;21,2;10;;jah
1948-03-20;21,2;10;;jah
1948-03-21;20,9;8;;jah
1948-03-22;20,7;6;;jah
1948-03-23;20,9;8;;jah
1948-03-24;20,9;8;;jah
1948-03-25;21,3;9;;jah
1948-03-26;21,4;8;;jah
1948-03-27;21,5;6;;jah
1948-03-28;22;6;;jah
1948-03-29;23,4;8;;jah
1948-03-30;25;12;;jah
1948-03-31;29,2;24;;jah
1948-04-01;34,7;36;;jah
1948-04-02;41,1;48;;jah
1948-04-03;49,9;67;;jah
1948-04-04;57,5;82;;jah
1948-04-05;60,7;88;;jah
1948-04-06;64,1;94;;jah
1948-04-07;67,5;100;;jah
1948-04-08;70;104;;jah
1948-04-09;73,2;109;;jah
1948-04-10;74,4;112;;jah
1948-04-11;75,5;115;;jah
1948-04-12;76,4;119;;jah
1948-04-13;76,5;120;;jah
1948-04-14;69,5;114;;jah
1948-04-15;69;113;;jah
1948-04-16;66;110;;jah
1948-04-17;64,5;108;;jah
1948-04-18;63;106;;jah
1948-04-19;59;102;;jah
1948-04-20;56;99;;jah
1948-04-21;50,5;94;;jah
1948-04-22;45;89;;jah
1948-04-23;44,5;88;;jah
1948-04-24;41;84;;jah
1948-04-25;41;84;;jah
1948-04-26;37,1;77;;jah
1948-04-27;36,6;76;;jah
1948-04-28;36,2;75;;jah
1948-04-29;38;79;;jah
1948-04-30;38,5;80;;jah
1948-05-01;39,5;82;;jah
1948-05-02;41;84;;jah
1948-05-03;41,5;85;;jah
1948-05-04;46,4;90;;jah
1948-05-05;46,4;90;;jah
1948-05-06;46,4;90;;jah
1948-05-07;46,4;90;;jah
1948-05-08;46,4;90;;jah
1948-05-09;44,5;88;;jah
1948-05-10;44,5;88;;jah
1948-05-11;46,4;90;;jah
1948-05-12;42,5;86;;jah
1948-05-13;41,5;85;;jah
1948-05-14;38,5;80;;jah
1948-05-15;37,1;77;;jah
1948-05-16;36,2;75;;jah
1948-05-17;37,6;78;;jah
1948-05-18;37,6;78;;jah
1948-05-19;35,7;74;;jah
1948-05-20;34,3;71;;jah
1948-05-21;35,7;74;;jah
1948-05-22;32,2;66;;jah
1948-05-23;30,6;62;;jah
1948-05-24;31,8;65;;jah
1948-05-25;33;68;;jah
1948-05-26;33,8;70;;jah
1948-05-27;34,3;71;;jah
1948-05-28;32,6;67;;jah
1948-05-29;33;68;;jah
1948-05-30;32,2;66;;jah
1948-05-31;31,4;64;;jah
1948-06-01;32,2;66;;jah
1948-06-02;30,6;62;;jah
1948-06-03;31,4;64;;jah
1948-06-04;30,6;62;;jah
1948-06-05;29,8;60;;jah
1948-06-06;29,2;58;;jah
1948-06-07;29,2;58;;jah
1948-06-08;28,9;57;;jah
1948-06-09;29,2;58;;jah
1948-06-10;27,9;54;;jah
1948-06-11;28,2;55;;jah
1948-06-12;27,6;53;;jah
1948-06-13;26,7;50;;jah
1948-06-14;25,7;46;;jah
1948-06-15;25,7;46;;jah
1948-06-16;25,7;46;;jah
1948-06-17;23,9;38;;jah
1948-06-18;27;41;;jah
1948-06-19;27,9;44;;jah
1948-06-20;27,6;43;;jah
1948-06-21;27,3;42;;jah
1948-06-22;27,3;42;;jah
1948-06-23;27,6;43;;jah
1948-06-24;26,7;50;;jah
1948-06-25;25,7;46;;jah
1948-06-26;25,5;45;;jah
1948-06-27;25,3;44;;jah
1948-06-28;24,1;39;;jah
1948-06-29;24,8;42;;jah
1948-06-30;25,7;46;;jah
1948-07-01;24,8;42;;jah
1948-07-02;26,2;48;;jah
1948-07-03;27,9;54;;jah
1948-07-04;27,9;54;;jah
1948-07-05;28,6;56;;jah
1948-07-06;29,2;58;;jah
1948-07-07;29,2;58;;jah
1948-07-08;28,6;56;;jah
1948-07-09;27,9;54;;jah
1948-07-10;27,6;53;;jah
1948-07-11;25,7;46;;jah
1948-07-12;26,2;48;;jah
1948-07-13;25,3;44;;jah
1948-07-14;25,3;44;;jah
1948-07-15;23,9;38;;jah
1948-07-16;23,9;38;;jah
1948-07-17;24,3;40;;jah
1948-07-18;24,3;40;;jah
1948-07-19;23,9;38;;jah
1948-07-20;23,2;34;;jah
1948-07-21;23,2;34;;jah
1948-07-22;23,2;34;;jah
1948-07-23;23,2;34;;jah
1948-07-24;22,9;32;;jah
1948-07-25;22,9;32;;jah
1948-07-26;22,7;31;;jah
1948-07-27;22,3;28;;jah
1948-07-28;21,8;24;;jah
1948-07-29;21,8;24;;jah
1948-07-30;22,1;26;;jah
1948-07-31;21,6;22;;jah
1948-08-01;21,6;22;;jah
1948-08-02;21,4;20;;jah
1948-08-03;21,4;20;;jah
1948-08-04;22,1;26;;jah
1948-08-05;21,4;20;;jah
1948-08-06;21,5;21;;jah
1948-08-07;21,5;21;;jah
1948-08-08;21,6;22;;jah
1948-08-09;21,5;21;;jah
1948-08-10;21,2;18;;jah
1948-08-11;21,8;24;;jah
1948-08-12;21,8;24;;jah
1948-08-13;22,5;30;;jah
1948-08-14;28,6;24;;jah
1948-08-15;34,7;36;;jah
1948-08-16;40,8;55;;jah
1948-08-17;46,9;67;;jah
1948-08-18;53;80;;jah
1948-08-19;59,1;85;;jah
1948-08-20;63,5;93;;jah
1948-08-21;66,4;98;;jah
1948-08-22;66,4;98;;jah
1948-08-23;65,2;96;;jah
1948-08-24;63,5;93;;jah
1948-08-25;59,6;86;;jah
1948-08-26;53,3;74;;jah
1948-08-27;52,3;72;;jah
1948-08-28;50,3;68;;jah
1948-08-29;46,5;60;;jah
1948-08-30;44,7;56;;jah
1948-08-31;44,7;56;;jah
1948-09-01;43,8;54;;jah
1948-09-02;42;50;;jah
1948-09-03;41,1;48;;jah
1948-09-04;41,1;48;;jah
1948-09-05;39,4;44;;jah
1948-09-06;39;43;;jah
1948-09-07;39,4;44;;jah
1948-09-08;37,7;40;;jah
1948-09-09;36,1;36;;jah
1948-09-10;35,7;35;;jah
1948-09-11;35,3;34;;jah
1948-09-12;34,5;32;;jah
1948-09-13;34,5;32;;jah
1948-09-14;34,1;31;;jah
1948-09-15;33;28;;jah
1948-09-16;33;28;;jah
1948-09-17;33;28;;jah
1948-09-18;33,4;29;;jah
1948-09-19;34,5;32;;jah
1948-09-20;33;28;;jah
1948-09-21;34,9;33;;jah
1948-09-22;35,3;34;;jah
1948-09-23;35,3;34;;jah
1948-09-24;35,3;34;;jah
1948-09-25;34,9;33;;jah
1948-09-26;35,3;34;;jah
1948-09-27;33,4;29;;jah
1948-09-28;32,4;26;;jah
1948-09-29;33,4;29;;jah
1948-09-30;33,7;30;;jah
1948-10-01;33,7;30;;jah
1948-10-02;33,7;30;;jah
1948-10-03;35,3;34;;jah
1948-10-04;36,1;36;;jah
1948-10-05;36,1;36;;jah
1948-10-06;37,3;39;;jah
1948-10-07;36,9;38;;jah
1948-10-08;36,9;38;;jah
1948-10-09;36,1;36;;jah
1948-10-10;35,3;34;;jah
1948-10-11;34,5;32;;jah
1948-10-12;34,5;32;;jah
1948-10-13;34,5;32;;jah
1948-10-14;34,5;32;;jah
1948-10-15;33,7;30;;jah
1948-10-16;33,7;30;;jah
1948-10-17;33,4;29;;jah
1948-10-18;33,7;30;;jah
1948-10-19;34,9;33;;jah
1948-10-20;34,5;32;;jah
1948-10-21;33,7;30;;jah
1948-10-22;34,5;32;;jah
1948-10-23;37,7;40;;jah
1948-10-24;40,3;46;;jah
1948-10-25;42,9;52;;jah
1948-10-26;45,6;58;;jah
1948-10-27;47,9;63;;jah
1948-10-28;48,4;64;;jah
1948-10-29;49,9;67;;jah
1948-10-30;51,3;70;;jah
1948-10-31;49,4;66;;jah
1948-11-01;48,4;64;;jah
1948-11-02;47,9;63;;jah
1948-11-03;47,5;62;;jah
1948-11-04;47,5;62;;jah
1948-11-05;47,5;62;;jah
1948-11-06;48,4;64;;jah
1948-11-07;49,4;66;;jah
1948-11-08;48,9;65;;jah
1948-11-09;50,3;68;;jah
1948-11-10;50,3;68;;jah
1948-11-11;50,8;69;;jah
1948-11-12;49,9;67;;jah
1948-11-13;48,4;64;;jah
1948-11-14;48,9;65;;jah
1948-11-15;52,3;72;;jah
1948-11-16;55,4;78;;jah
1948-11-17;53,3;74;;jah
1948-11-18;53,3;74;;jah
1948-11-19;55,4;78;;jah
1948-11-20;56,4;80;;jah
1948-11-21;58;83;;jah
1948-11-22;59,1;85;;jah
1948-11-23;58,6;84;;jah
1948-11-24;56,4;80;;jah
1948-11-25;49,9;67;;jah
1948-11-26;49,4;66;;jah
1948-11-27;51,3;70;;jah
1948-11-28;57,5;82;;jah
1948-11-29;59,1;85;;jah
1948-11-30;60,7;88;;jah
1948-12-01;60,2;87;;jah
1948-12-02;60,7;88;;jah
1948-12-03;60,2;87;;jah
1948-12-04;58,6;84;;jah
1948-12-05;59,6;86;;jah
1948-12-06;59,6;86;;jah
1948-12-07;60,2;87;;jah
1948-12-08;58,6;84;;jah
1948-12-09;59,6;86;;jah
1948-12-10;59,1;85;;jah
1948-12-11;57,5;82;;jah
1948-12-12;57,5;82;;jah
1948-12-13;48,5;80;;jah
1948-12-14;45,7;84;;jah
1948-12-15;40,2;82;;jah
1948-12-16;35,5;80;;jah
1948-12-17;31,6;78;;jah
1948-12-18;28,2;72;;jah
1948-12-19;26,1;72;;jah
1948-12-20;24,8;71;;jah
1948-12-21;24;72;;jah
1948-12-22;21,5;70;;jah
1948-12-23;21,3;69;;jah
1948-12-24;21,1;68;;jah
1948-12-25;22,1;68;;jah
1948-12-26;22,4;67;;jah
1948-12-27;23,6;68;;jah
1948-12-28;25,2;68;;jah
1948-12-29;26,6;68;;jah
1948-12-30;28;67;;jah
1948-12-31;29,7;68;;jah
1949-01-01;32,3;70;;jah
1949-01-02;34,1;69;;jah
1949-01-03;35,4;70;;jah
1949-01-04;36,9;70;;jah
1949-01-05;39,4;74;;jah
1949-01-06;41,7;77;;jah
1949-01-07;43;79;;jah
1949-01-08;46,6;85;;jah
1949-01-09;48,6;88;;jah
1949-01-10;49,2;91;;jah
1949-01-11;48,2;90;;jah
1949-01-12;48;91;;jah
1949-01-13;47;90;;jah
1949-01-14;46;89;;jah
1949-01-15;45;88;;jah
1949-01-16;45,1;90;;jah
1949-01-17;43,8;90;;jah
1949-01-18;42,9;89;;jah
1949-01-19;40,5;84;;jah
1949-01-20;37,1;78;;jah
1949-01-21;36,6;80;;jah
1949-01-22;36,9;84;;jah
1949-01-23;33,8;78;;jah
1949-01-24;30,3;70;;jah
1949-01-25;30,3;72;;jah
1949-01-26;33,2;78;;jah
1949-01-27;36,8;82;;jah
1949-01-28;37,5;84;;jah
1949-01-29;40,2;92;;jah
1949-01-30;43,2;100;;jah
1949-01-31;44,8;104;;jah
1949-02-01;40,2;92;;jah
1949-02-02;29,9;62;;jah
1949-02-03;29,9;62;;jah
1949-02-04;31;64;;jah
1949-02-05;34,1;74;;jah
1949-02-06;35,3;76;;jah
1949-02-07;33,2;68;;jah
1949-02-08;35;72;;jah
1949-02-09;43,6;94;;jah
1949-02-10;47,2;100;;jah
1949-02-11;45,5;94;;jah
1949-02-12;43,3;87;;jah
1949-02-13;43,9;87;;jah
1949-02-14;44,7;86;;jah
1949-02-15;45,5;85;;jah
1949-02-16;46,5;86;;jah
1949-02-17;50,2;93;;jah
1949-02-18;61,3;114;;jah
1949-02-19;63,7;117;;jah
1949-02-20;64,7;116;;jah
1949-02-21;60,9;108;;jah
1949-02-22;57,4;100;;jah
1949-02-23;59,2;102;;jah
1949-02-24;62,8;110;;jah
1949-02-25;62,8;110;;jah
1949-02-26;60,9;108;;jah
1949-02-27;60,1;108;;jah
1949-02-28;58,2;107;;jah
1949-03-01;58;108;;jah
1949-03-02;65,4;127;;jah
1949-03-03;64,2;131;;jah
1949-03-04;54,5;119;;jah
1949-03-05;53,1;121;;jah
1949-03-06;49,4;115;;jah
1949-03-07;52,7;122;;jah
1949-03-08;51,7;120;;jah
1949-03-09;50,7;109;;jah
1949-03-10;49,7;102;;jah
1949-03-11;48,7;94;;jah
1949-03-12;47,7;87;;jah
1949-03-13;46,7;79;;jah
1949-03-14;45,7;77;;jah
1949-03-15;45,8;72;;jah
1949-03-16;46;69;;jah
1949-03-17;46,1;68;;jah
1949-03-18;46,2;66;;jah
1949-03-19;46,4;64;;jah
1949-03-20;46,5;63;;jah
1949-03-21;46,6;64;;jah
1949-03-22;46,7;62;;jah
1949-03-23;46,9;59;;jah
1949-03-24;47;62;;jah
1949-03-25;50,1;84;;jah
1949-03-26;55,1;102;;jah
1949-03-27;59,2;110;;jah
1949-03-28;63,3;114;;jah
1949-03-29;67,4;117;;jah
1949-03-30;71,4;120;;jah
1949-03-31;75,5;125;;jah
1949-04-01;81,2;130;;jah
1949-04-02;80,4;132;;jah
1949-04-03;79,5;133;;jah
1949-04-04;78,7;133;;jah
1949-04-05;83,4;136;;jah
1949-04-06;88;143;;jah
1949-04-07;92,7;154;;jah
1949-04-08;97,5;164;;jah
1949-04-09;111;178;;jah
1949-04-10;124;194;;jah
1949-04-11;135;209;;jah
1949-04-12;143;218;;jah
1949-04-13;151;225;;jah
1949-04-14;152;229;;jah
1949-04-15;153;230;;jah
1949-04-16;154;231;;jah
1949-04-17;151;230;;jah
1949-04-18;148;226;;jah
1949-04-19;145;222;;jah
1949-04-20;142;218;;jah
1949-04-21;139;214;;jah
1949-04-22;136;210;;jah
1949-04-23;133;208;;jah
1949-04-24;129;203;;jah
1949-04-25;125;200;;jah
1949-04-26;121;197;;jah
1949-04-27;117;194;;jah
1949-04-28;113;185;;jah
1949-04-29;109;181;;jah
1949-04-30;105;176;;jah
1949-05-01;101;172;;jah
1949-05-02;97,5;167;;jah
1949-05-03;93,3;162;;jah
1949-05-04;90,9;158;;jah
1949-05-05;88,4;155;;jah
1949-05-06;86;151;;jah
1949-05-07;83,5;146;;jah
1949-05-08;81,1;142;;jah
1949-05-09;78,7;139;;jah
1949-05-10;76,2;137;;jah
1949-05-11;73,8;134;;jah
1949-05-12;71,3;132;;jah
1949-05-13;68,9;130;;jah
1949-05-14;68;128;;jah
1949-05-15;67;128;;jah
1949-05-16;66,1;126;;jah
1949-05-17;65,2;126;;jah
1949-05-18;64,2;124;;jah
1949-05-19;63,3;124;;jah
1949-05-20;62,3;124;;jah
1949-05-21;61,4;122;;jah
1949-05-22;60,5;122;;jah
1949-05-23;59,5;122;;jah
1949-05-24;58,6;122;;jah
1949-05-25;58,3;121;;jah
1949-05-26;57,9;117;;jah
1949-05-27;57,5;114;;jah
1949-05-28;57,1;113;;jah
1949-05-29;56,6;113;;jah
1949-05-30;56,2;113;;jah
1949-05-31;55,8;112;;jah
1949-06-01;55,4;112;;jah
1949-06-02;55,1;116;;jah
1949-06-03;54,5;112;;jah
1949-06-04;54,1;110;;jah
1949-06-05;53,8;110;;jah
1949-06-06;53,4;109;;jah
1949-06-07;53;107;;jah
1949-06-08;52,6;108;;jah
1949-06-09;52,3;106;;jah
1949-06-10;51,9;104;;jah
1949-06-11;51,5;105;;jah
1949-06-12;51,1;111;;jah
1949-06-13;50,7;110;;jah
1949-06-14;50,4;109;;jah
1949-06-15;54,2;111;;jah
1949-06-16;57,9;114;;jah
1949-06-17;61,7;116;;jah
1949-06-18;65,5;139;;jah
1949-06-19;69,2;159;;jah
1949-06-20;73;168;;jah
1949-06-21;76,8;174;;jah
1949-06-22;80,5;175;;jah
1949-06-23;84,3;173;;jah
1949-06-24;84;170;;jah
1949-06-25;83,6;169;;jah
1949-06-26;83,3;168;;jah
1949-06-27;82,9;168;;jah
1949-06-28;82,6;167;;jah
1949-06-29;82,2;168;;jah
1949-06-30;81,9;169;;jah
1949-07-01;81,5;167;;jah
1949-07-02;81,2;162;;jah
1949-07-03;80,8;160;;jah
1949-07-04;80,5;156;;jah
1949-07-05;78,3;153;;jah
1949-07-06;76,2;148;;jah
1949-07-07;74;145;;jah
1949-07-08;71,8;144;;jah
1949-07-09;69,7;143;;jah
1949-07-10;67,5;142;;jah
1949-07-11;65,3;136;;jah
1949-07-12;63,2;132;;jah
1949-07-13;61;129;;jah
1949-07-14;60,1;126;;jah
1949-07-15;59,2;123;;jah
1949-07-16;58,3;120;;jah
1949-07-17;57,4;117;;jah
1949-07-18;56,4;115;;jah
1949-07-19;55,5;114;;jah
1949-07-20;54,6;113;;jah
1949-07-21;53,7;112;;jah
1949-07-22;52,8;112;;jah
1949-07-23;51,9;110;;jah
1949-07-24;52,3;107;;jah
1949-07-25;52,7;103;;jah
1949-07-26;53;100;;jah
1949-07-27;53,4;100;;jah
1949-07-28;53,8;100;;jah
1949-07-29;54,2;105;;jah
1949-07-30;54,6;108;;jah
1949-07-31;55;107;;jah
1949-08-01;55,3;107;;jah
1949-08-02;55,7;110;;jah
1949-08-03;56,1;112;;jah
1949-08-04;56,5;116;;jah
1949-08-05;56,1;115;;jah
1949-08-06;55,6;114;;jah
1949-08-07;55,2;113;;jah
1949-08-08;54,8;113;;jah
1949-08-09;54,3;112;;jah
1949-08-10;53,9;111;;jah
1949-08-11;53,5;109;;jah
1949-08-12;53;106;;jah
1949-08-13;52,6;104;;jah
1949-08-14;51,9;100;;jah
1949-08-15;51,3;97;;jah
1949-08-16;50,6;94;;jah
1949-08-17;49,9;93;;jah
1949-08-18;49,2;93;;jah
1949-08-19;48,6;92;;jah
1949-08-20;47,9;88;;jah
1949-08-21;47,2;86;;jah
1949-08-22;46,5;98;;jah
1949-08-23;45,9;88;;jah
1949-08-24;45,2;90;;jah
1949-08-25;45,2;93;;jah
1949-08-26;45,1;93;;jah
1949-08-27;45,1;93;;jah
1949-08-28;45,1;92;;jah
1949-08-29;45;90;;jah
1949-08-30;45;88;;jah
1949-08-31;45;86;;jah
1949-09-01;45;86;;jah
1949-09-02;44,9;86;;jah
1949-09-03;44,9;87;;jah
1949-09-04;44,4;87;;jah
1949-09-05;44;86;;jah
1949-09-06;43,5;86;;jah
1949-09-07;43,1;84;;jah
1949-09-08;42,6;84;;jah
1949-09-09;42,2;82;;jah
1949-09-10;41,7;82;;jah
1949-09-11;41,3;80;;jah
1949-09-12;40,8;80;;jah
1949-09-13;40,2;78;;jah
1949-09-14;39,7;76;;jah
1949-09-15;39,1;76;;jah
1949-09-16;38,6;74;;jah
1949-09-17;38;74;;jah
1949-09-18;37,6;74;;jah
1949-09-19;37;72;;jah
1949-09-20;36,4;70;;jah
1949-09-21;35,9;68;;jah
1949-09-22;35,2;69;;jah
1949-09-23;35,3;66;;jah
1949-09-24;35,4;64;;jah
1949-09-25;35,6;62;;jah
1949-09-26;35,7;58;;jah
1949-09-27;35,8;59;;jah
1949-09-28;35,9;59;;jah
1949-09-29;36,1;61;;jah
1949-09-30;36,2;55;;jah
1949-10-01;36,3;57;;jah
1949-10-02;36,4;54;;jah
1949-10-03;36,6;53;;jah
1949-10-04;36,7;60;;jah
1949-10-05;36,8;48;;jah
1949-10-06;37,1;54;;jah
1949-10-07;37,4;54;;jah
1949-10-08;37,8;57;;jah
1949-10-09;38,1;56;;jah
1949-10-10;38,4;54;;jah
1949-10-11;38,8;54;;jah
1949-10-12;39,1;54;;jah
1949-10-13;39,4;54;;jah
1949-10-14;39,1;50;;jah
1949-10-15;38,8;51;;jah
1949-10-16;38,5;50;;jah
1949-10-17;38,2;50;;jah
1949-10-18;37,9;52;;jah
1949-10-19;37,5;52;;jah
1949-10-20;37,2;50;;jah
1949-10-21;36,9;49;;jah
1949-10-22;36,6;52;;jah
1949-10-23;36,3;52;;jah
1949-10-24;36;52;;jah
1949-10-25;36,1;50;;jah
1949-10-26;36,2;54;;jah
1949-10-27;36,2;53;;jah
1949-10-28;36,3;57;;jah
1949-10-29;36,4;56;;jah
1949-10-30;36,5;54;;jah
1949-10-31;36,6;50;;jah
1949-11-01;36,6;49;;jah
1949-11-02;36,7;50;;jah
1949-11-03;36,8;48;;jah
1949-11-04;36,9;46;;jah
1949-11-05;36,9;44;;jah
1949-11-06;36,9;54;;jah
1949-11-07;36,9;56;;jah
1949-11-08;36,9;56;;jah
1949-11-09;36,9;56;;jah
1949-11-10;36,8;55;;jah
1949-11-11;36,8;56;;jah
1949-11-12;36,8;56;;jah
1949-11-13;36,8;52;;jah
1949-11-14;36,8;48;;jah
1949-11-15;36,7;50;;jah
1949-11-16;36,7;54;;jah
1949-11-17;36,6;60;;jah
1949-11-18;36,5;62;;jah
1949-11-19;36,1;56;;jah
1949-11-20;36,4;52;;jah
1949-11-21;36,3;52;;jah
1949-11-22;36,2;51;;jah
1949-11-23;36,2;52;;jah
1949-11-24;36,1;52;;jah
1949-11-25;36;50;;jah
1949-11-26;36;48;;jah
1949-11-27;35,9;48;;jah
1949-11-28;35,8;52;;jah
1949-11-29;37,8;42;;jah
1949-11-30;39,7;45;;jah
1949-12-01;42,6;53;;jah
1949-12-02;43,5;54;;jah
1949-12-03;45,4;64;;jah
1949-12-04;47,2;70;;jah
1949-12-05;49,5;75;;jah
1949-12-06;51,8;80;;jah
1949-12-07;54,1;83;;jah
1949-12-08;56,4;85;;jah
1949-12-09;58,8;86;;jah
1949-12-10;61,1;90;;jah
1949-12-11;63,4;100;;jah
1949-12-12;65,7;108;;jah
1949-12-13;68;112;;jah
1949-12-14;69,7;116;;jah
1949-12-15;71,5;118;;jah
1949-12-16;73,2;120;;jah
1949-12-17;74,9;120;;jah
1949-12-18;76,7;122;;jah
1949-12-19;78,4;122;;jah
1949-12-20;78,2;118;;jah
1949-12-21;77;114;;jah
1949-12-22;77,8;114;;jah
1949-12-23;77,6;112;;jah
1949-12-24;73,6;110;;jah
1949-12-25;69,5;108;;jah
1949-12-26;65,5;106;;jah
1949-12-27;61,4;105;;jah
1949-12-28;57,4;106;;jah
1949-12-29;53,4;114;;jah
1949-12-30;49,3;103;;jah
1949-12-31;45,3;93;;jah
1950-01-01;36,3;88;;jah
1950-01-02;34,2;86;;jah
1950-01-03;33,2;84;;jah
1950-01-04;32;83;;jah
1950-01-05;31,5;78;;jah
1950-01-06;30,8;76;;jah
1950-01-07;30,3;75;;jah
1950-01-08;29,9;74;;jah
1950-01-09;29,5;74;;jah
1950-01-10;29,2;74;;jah
1950-01-11;28,9;75;;jah
1950-01-12;28,7;74;;jah
1950-01-13;28,6;73;;jah
1950-01-14;28,6;73;;jah
1950-01-15;28,7;72;;jah
1950-01-16;28,9;72;;jah
1950-01-17;29,1;70;;jah
1950-01-18;29,5;69;;jah
1950-01-19;30,3;69;;jah
1950-01-20;31;69;;jah
1950-01-21;31,7;68;;jah
1950-01-22;32,4;68;;jah
1950-01-23;32,8;68;;jah
1950-01-24;33,1;68;;jah
1950-01-25;33,2;68;;jah
1950-01-26;33,3;69;;jah
1950-01-27;33,4;70;;jah
1950-01-28;33,4;70;;jah
1950-01-29;33,3;69;;jah
1950-01-30;33,2;69;;jah
1950-01-31;33;67;;jah
1950-02-01;32,7;64;;jah
1950-02-02;32,5;66;;jah
1950-02-03;32,2;67;;jah
1950-02-04;31,9;66;;jah
1950-02-05;31,8;67;;jah
1950-02-06;31,8;67;;jah
1950-02-07;31,9;67;;jah
1950-02-08;32,1;70;;jah
1950-02-09;32,3;70;;jah
1950-02-10;32,5;71;;jah
1950-02-11;32,8;71;;jah
1950-02-12;33,2;71;;jah
1950-02-13;33,7;71;;jah
1950-02-14;34,4;72;;jah
1950-02-15;35,7;72;;jah
1950-02-16;36,5;73;;jah
1950-02-17;37,3;73;;jah
1950-02-18;38,1;76;;jah
1950-02-19;38,6;77;;jah
1950-02-20;39,2;78;;jah
1950-02-21;39,7;81;;jah
1950-02-22;40;86;;jah
1950-02-23;40,1;88;;jah
1950-02-24;40,1;88;;jah
1950-02-25;40,2;88;;jah
1950-02-26;40,2;88;;jah
1950-02-27;40,1;85;;jah
1950-02-28;40;80;;jah
1950-03-01;39,9;76;;jah
1950-03-02;39,6;80;;jah
1950-03-03;39,3;84;;jah
1950-03-04;38,8;84;;jah
1950-03-05;38,5;85;;jah
1950-03-06;38,2;88;;jah
1950-03-07;38;91;;jah
1950-03-08;37,7;92;;jah
1950-03-09;37,6;92;;jah
1950-03-10;37,6;91;;jah
1950-03-11;37,5;91;;jah
1950-03-12;37,6;92;;jah
1950-03-13;37,7;94;;jah
1950-03-14;37,7;94;;jah
1950-03-15;37,8;94;;jah
1950-03-16;37,9;93;;jah
1950-03-17;38,2;92;;jah
1950-03-18;38,5;91;;jah
1950-03-19;39,3;94;;jah
1950-03-20;41;93;;jah
1950-03-21;47,5;110;;jah
1950-03-22;63;129;;jah
1950-03-23;78,2;134;;jah
1950-03-24;80,5;133;;jah
1950-03-25;81,6;131;;jah
1950-03-26;82,6;132;;jah
1950-03-27;83,5;129;;jah
1950-03-28;84,5;128;;jah
1950-03-29;85,7;122;;jah
1950-03-30;87,3;126;;jah
1950-03-31;89,2;126;;jah
1950-04-01;91;130;;jah
1950-04-02;93;136;;jah
1950-04-03;95,3;146;;jah
1950-04-04;98,3;153;;jah
1950-04-05;108;162;;jah
1950-04-06;112;170;;jah
1950-04-07;125;177;;jah
1950-04-08;125;182;;jah
1950-04-09;125;185;;jah
1950-04-10;125;186;;jah
1950-04-11;125;185;;jah
1950-04-12;125;183;;jah
1950-04-13;122;182;;jah
1950-04-14;119;182;;jah
1950-04-15;116;180;;jah
1950-04-16;113;177;;jah
1950-04-17;110;175;;jah
1950-04-18;109;172;;jah
1950-04-19;108;171;;jah
1950-04-20;106;170;;jah
1950-04-21;105;170;;jah
1950-04-22;104;169;;jah
1950-04-23;103;167;;jah
1950-04-24;102;169;;jah
1950-04-25;102;171;;jah
1950-04-26;103;172;;jah
1950-04-27;106;173;;jah
1950-04-28;110;171;;jah
1950-04-29;114;171;;jah
1950-04-30;116;172;;jah
1950-05-01;117;176;;jah
1950-05-02;118;179;;jah
1950-05-03;118;181;;jah
1950-05-04;118;181;;jah
1950-05-05;118;182;;jah
1950-05-06;117;181;;jah
1950-05-07;116;180;;jah
1950-05-08;115;177;;jah
1950-05-09;113;174;;jah
1950-05-10;110;170;;jah
1950-05-11;106;164;;jah
1950-05-12;102;158;;jah
1950-05-13;100;154;;jah
1950-05-14;95,7;150;;jah
1950-05-15;90,7;145;;jah
1950-05-16;87,5;140;;jah
1950-05-17;84;137;;jah
1950-05-18;79,3;134;;jah
1950-05-19;75,5;140;;jah
1950-05-20;72,6;130;;jah
1950-05-21;70,7;128;;jah
1950-05-22;69,2;127;;jah
1950-05-23;68,6;126;;jah
1950-05-24;67,6;124;;jah
1950-05-25;66,9;122;;jah
1950-05-26;66,2;120;;jah
1950-05-27;65,3;120;;jah
1950-05-28;64,6;118;;jah
1950-05-29;63,9;116;;jah
1950-05-30;63,2;113;;jah
1950-05-31;62,5;112;;jah
1950-06-01;61,6;112;;jah
1950-06-02;60,9;109;;jah
1950-06-03;60,1;108;;jah
1950-06-04;59,3;108;;jah
1950-06-05;58,4;104;;jah
1950-06-06;57,5;104;;jah
1950-06-07;56,5;104;;jah
1950-06-08;55,7;100;;jah
1950-06-09;54,6;99;;jah
1950-06-10;53,7;98;;jah
1950-06-11;52,7;97;;jah
1950-06-12;51,5;92;;jah
1950-06-13;50,4;88;;jah
1950-06-14;49;90;;jah
1950-06-15;48,3;91;;jah
1950-06-16;47,5;90;;jah
1950-06-17;46,7;91;;jah
1950-06-18;45,9;90;;jah
1950-06-19;45,2;88;;jah
1950-06-20;44,5;86;;jah
1950-06-21;43,9;86;;jah
1950-06-22;43,2;88;;jah
1950-06-23;42,7;86;;jah
1950-06-24;42,3;84;;jah
1950-06-25;42,1;82;;jah
1950-06-26;41,8;80;;jah
1950-06-27;41,4;84;;jah
1950-06-28;41,1;83;;jah
1950-06-29;40,9;84;;jah
1950-06-30;40,6;82;;jah
1950-07-01;40,4;79;;jah
1950-07-02;40,1;76;;jah
1950-07-03;39,9;74;;jah
1950-07-04;39,7;74;;jah
1950-07-05;39,5;78;;jah
1950-07-06;39,4;79;;jah
1950-07-07;39,3;78;;jah
1950-07-08;39,2;76;;jah
1950-07-09;39,2;75;;jah
1950-07-10;39,1;75;;jah
1950-07-11;39,1;74;;jah
1950-07-12;39;75;;jah
1950-07-13;39;76;;jah
1950-07-14;39;76;;jah
1950-07-15;38,7;74;;jah
1950-07-16;38,6;71;;jah
1950-07-17;38,5;70;;jah
1950-07-18;38,1;68;;jah
1950-07-19;37,7;68;;jah
1950-07-20;37,2;67;;jah
1950-07-21;36,5;66;;jah
1950-07-22;35,6;67;;jah
1950-07-23;34,5;66;;jah
1950-07-24;33,4;66;;jah
1950-07-25;33,1;66;;jah
1950-07-26;32,9;64;;jah
1950-07-27;32,8;62;;jah
1950-07-28;32,9;62;;jah
1950-07-29;33,1;62;;jah
1950-07-30;33,3;61;;jah
1950-07-31;33,7;61;;jah
1950-08-01;34,1;60;;jah
1950-08-02;34,5;60;;jah
1950-08-03;34,7;60;;jah
1950-08-04;34,8;60;;jah
1950-08-05;34,6;60;;jah
1950-08-06;34,5;60;;jah
1950-08-07;34,3;60;;jah
1950-08-08;33,7;60;;jah
1950-08-09;32,8;51;;jah
1950-08-10;31,6;49;;jah
1950-08-11;30,5;48;;jah
1950-08-12;29,7;47;;jah
1950-08-13;29,3;47;;jah
1950-08-14;28,8;46;;jah
1950-08-15;28,5;43;;jah
1950-08-16;28,4;44;;jah
1950-08-17;28,3;44;;jah
1950-08-18;28,2;44;;jah
1950-08-19;28,1;44;;jah
1950-08-20;28,1;42;;jah
1950-08-21;28,1;39;;jah
1950-08-22;28,2;39;;jah
1950-08-23;28,2;40;;jah
1950-08-24;28,3;38;;jah
1950-08-25;28,3;34;;jah
1950-08-26;28,3;34;;jah
1950-08-27;28,3;34;;jah
1950-08-28;28,2;34;;jah
1950-08-29;28;35;;jah
1950-08-30;27,7;32;;jah
1950-08-31;27,4;28;;jah
1950-09-01;27,1;30;;jah
1950-09-02;26,7;35;;jah
1950-09-03;26,4;36;;jah
1950-09-04;26;33;;jah
1950-09-05;25,7;32;;jah
1950-09-06;25,6;33;;jah
1950-09-07;25,5;32;;jah
1950-09-08;25,5;26;;jah
1950-09-09;25,6;26;;jah
1950-09-10;25,9;26;;jah
1950-09-11;26,1;28;;jah
1950-09-12;26,4;32;;jah
1950-09-13;27;31;;jah
1950-09-14;27,7;30;;jah
1950-09-15;28,3;31;;jah
1950-09-16;29,2;34;;jah
1950-09-17;30,4;29;;jah
1950-09-18;31,5;30;;jah
1950-09-19;32,5;31;;jah
1950-09-20;34,2;25;;jah
1950-09-21;35,7;29;;jah
1950-09-22;37,5;31;;jah
1950-09-23;39,2;44;;jah
1950-09-24;41,5;44;;jah
1950-09-25;44;60;;jah
1950-09-26;46,6;70;;jah
1950-09-27;48,3;80;;jah
1950-09-28;49,3;81;;jah
1950-09-29;50;82;;jah
1950-09-30;50,4;83;;jah
1950-10-01;50,5;84;;jah
1950-10-02;50,6;84;;jah
1950-10-03;50,4;82;;jah
1950-10-04;50,1;79;;jah
1950-10-05;50;77;;jah
1950-10-06;49,8;72;;jah
1950-10-07;49,6;68;;jah
1950-10-08;49,5;69;;jah
1950-10-09;49,4;66;;jah
1950-10-10;49,3;65;;jah
1950-10-11;49,4;65;;jah
1950-10-12;49,5;66;;jah
1950-10-13;49,8;72;;jah
1950-10-14;50,3;79;;jah
1950-10-15;51;81;;jah
1950-10-16;51,7;84;;jah
1950-10-17;52,5;84;;jah
1950-10-18;53,2;82;;jah
1950-10-19;53,7;80;;jah
1950-10-20;54;76;;jah
1950-10-21;54,3;76;;jah
1950-10-22;54,5;80;;jah
1950-10-23;54,6;80;;jah
1950-10-24;54,6;82;;jah
1950-10-25;54,7;80;;jah
1950-10-26;54,4;78;;jah
1950-10-27;53,8;80;;jah
1950-10-28;53;82;;jah
1950-10-29;51,6;76;;jah
1950-10-30;48,7;73;;jah
1950-10-31;46,6;68;;jah
1950-11-01;45,5;64;;jah
1950-11-02;44,7;60;;jah
1950-11-03;44,3;60;;jah
1950-11-04;44,2;62;;jah
1950-11-05;44,7;62;;jah
1950-11-06;45,6;64;;jah
1950-11-07;47,9;62;;jah
1950-11-08;50,5;63;;jah
1950-11-09;53,4;78;;jah
1950-11-10;57,6;78;;jah
1950-11-11;61,1;74;;jah
1950-11-12;64,7;73;;jah
1950-11-13;68,2;86;;jah
1950-11-14;74;110;;jah
1950-11-15;77,1;135;;jah
1950-11-16;79,1;153;;jah
1950-11-17;80,6;160;;jah
1950-11-18;81,9;164;;jah
1950-11-19;83,3;166;;jah
1950-11-20;84,6;167;;jah
1950-11-21;86;164;;jah
1950-11-22;87;157;;jah
1950-11-23;88,2;161;;jah
1950-11-24;89;166;;jah
1950-11-25;90,7;166;;jah
1950-11-26;92;162;;jah
1950-11-27;93,2;156;;jah
1950-11-28;94,6;152;;jah
1950-11-29;96,4;154;;jah
1950-11-30;98,9;159;;jah
1950-12-01;102;160;;jah
1950-12-02;105;162;;jah
1950-12-03;106;164;;jah
1950-12-04;107;166;;jah
1950-12-05;107;168;;jah
1950-12-06;108;169;;jah
1950-12-07;108;162;;jah
1950-12-08;108;160;;jah
1950-12-09;108;158;;jah
1950-12-10;108;158;;jah
1950-12-11;108;160;;jah
1950-12-12;108;170;;jah
1950-12-13;108;179;;jah
1950-12-14;108;181;;jah
1950-12-15;107;180;;jah
1950-12-16;106;182;;jah
1950-12-17;106;178;;jah
1950-12-18;105;176;;jah
1950-12-19;105;172;;jah
1950-12-20;104;169;;jah
1950-12-21;103;165;;jah
1950-12-22;102;160;;jah
1950-12-23;101;155;;jah
1950-12-24;100;156;;jah
1950-12-25;98;157;;jah
1950-12-26;95;151;;jah
1950-12-27;90,7;160;;jah
1950-12-28;85,3;162;;jah
1950-12-29;76;162;;jah
1950-12-30;45,6;163;;jah
1950-12-31;41,2;161;;jah
1951-01-01;47,4;156;;jah
1951-01-02;48,3;153;;jah
1951-01-03;49,2;150;;jah
1951-01-04;50,2;148;;jah
1951-01-05;50,5;146;;jah
1951-01-06;50,7;142;;jah
1951-01-07;50,8;140;;jah
1951-01-08;50,7;138;;jah
1951-01-09;50,6;138;;jah
1951-01-10;50,5;136;;jah
1951-01-11;50,4;135;;jah
1951-01-12;50,2;134;;jah
1951-01-13;49,8;134;;jah
1951-01-14;49,7;133;;jah
1951-01-15;49,6;132;;jah
1951-01-16;49,6;132;;jah
1951-01-17;49,7;134;;jah
1951-01-18;49,8;135;;jah
1951-01-19;50,2;136;;jah
1951-01-20;50,7;136;;jah
1951-01-21;51,6;136;;jah
1951-01-22;52,5;135;;jah
1951-01-23;53;134;;jah
1951-01-24;53,3;132;;jah
1951-01-25;53,4;130;;jah
1951-01-26;53,5;127;;jah
1951-01-27;53,4;124;;jah
1951-01-28;53,2;122;;jah
1951-01-29;52,5;120;;jah
1951-01-30;50,5;120;;jah
1951-01-31;47,9;118;;jah
1951-02-01;47,4;118;;jah
1951-02-02;46,7;120;;jah
1951-02-03;46,3;120;;jah
1951-02-04;46,3;119;;jah
1951-02-05;46,2;120;;jah
1951-02-06;46,1;118;;jah
1951-02-07;46;118;;jah
1951-02-08;46;118;;jah
1951-02-09;46;118;;jah
1951-02-10;46;117;;jah
1951-02-11;46;117;;jah
1951-02-12;46;117;;jah
1951-02-13;46;117;;jah
1951-02-14;46;117;;jah
1951-02-15;46;114;;jah
1951-02-16;46;106;;jah
1951-02-17;45,9;106;;jah
1951-02-18;45,9;108;;jah
1951-02-19;45,8;110;;jah
1951-02-20;45,7;113;;jah
1951-02-21;45,7;114;;jah
1951-02-22;45,6;113;;jah
1951-02-23;45,5;113;;jah
1951-02-24;45,3;113;;jah
1951-02-25;45,3;114;;jah
1951-02-26;45,2;116;;jah
1951-02-27;45;118;;jah
1951-02-28;44,9;118;;jah
1951-03-01;44,8;118;;jah
1951-03-02;44,7;118;;jah
1951-03-03;44,5;118;;jah
1951-03-04;44,3;118;;jah
1951-03-05;44,1;117;;jah
1951-03-06;44,1;118;;jah
1951-03-07;44,2;118;;jah
1951-03-08;44,3;118;;jah
1951-03-09;44,6;118;;jah
1951-03-10;44,8;118;;jah
1951-03-11;45,1;118;;jah
1951-03-12;45,4;116;;jah
1951-03-13;45,7;112;;jah
1951-03-14;45,9;114;;jah
1951-03-15;45,9;118;;jah
1951-03-16;45,6;118;;jah
1951-03-17;44,8;112;;jah
1951-03-18;43,5;117;;jah
1951-03-19;42,7;116;;jah
1951-03-20;42,3;117;;jah
1951-03-21;42,2;118;;jah
1951-03-22;42,2;119;;jah
1951-03-23;42,4;119;;jah
1951-03-24;43,2;120;;jah
1951-03-25;43,8;120;;jah
1951-03-26;44,5;121;;jah
1951-03-27;45,2;122;;jah
1951-03-28;45,5;123;;jah
1951-03-29;45,6;122;;jah
1951-03-30;45,6;116;;jah
1951-03-31;45,6;110;;jah
1951-04-01;45,7;104;;jah
1951-04-02;46;98;;jah
1951-04-03;46,9;98;;jah
1951-04-04;49,3;103;;jah
1951-04-05;52,6;112;;jah
1951-04-06;63,7;137;;jah
1951-04-07;80,3;174;;jah
1951-04-08;112;209;;jah
1951-04-09;144;242;;jah
1951-04-10;184;267;;jah
1951-04-11;223;284;;jah
1951-04-12;240;296;;jah
1951-04-13;257;308;;jah
1951-04-14;274;317;;jah
1951-04-15;281;322;;jah
1951-04-16;284;326;;jah
1951-04-17;287;329;;jah
1951-04-18;287;329;;jah
1951-04-19;289;330;;jah
1951-04-20;286;329;;jah
1951-04-21;274;325;;jah
1951-04-22;267;321;;jah
1951-04-23;259;317;;jah
1951-04-24;250;311;;jah
1951-04-25;241;305;;jah
1951-04-26;231;299;;jah
1951-04-27;223;294;;jah
1951-04-28;215;288;;jah
1951-04-29;207;282;;jah
1951-04-30;200;276;;jah
1951-05-01;186;269;;jah
1951-05-02;173;262;;jah
1951-05-03;159;256;;jah
1951-05-04;151;252;;jah
1951-05-05;143;246;;jah
1951-05-06;134;240;;jah
1951-05-07;126;236;;jah
1951-05-08;118;232;;jah
1951-05-09;113;228;;jah
1951-05-10;110;224;;jah
1951-05-11;108;220;;jah
1951-05-12;105;218;;jah
1951-05-13;102;213;;jah
1951-05-14;98,6;208;;jah
1951-05-15;96,2;202;;jah
1951-05-16;93,6;199;;jah
1951-05-17;91,6;198;;jah
1951-05-18;89,3;194;;jah
1951-05-19;87,2;189;;jah
1951-05-20;85,7;186;;jah
1951-05-21;83,8;183;;jah
1951-05-22;82,3;180;;jah
1951-05-23;80,6;176;;jah
1951-05-24;79;173;;jah
1951-05-25;77,6;172;;jah
1951-05-26;76;170;;jah
1951-05-27;74,8;166;;jah
1951-05-28;72,9;163;;jah
1951-05-29;71,5;162;;jah
1951-05-30;70,3;160;;jah
1951-05-31;69;156;;jah
1951-06-01;68,1;155;;jah
1951-06-02;67;154;;jah
1951-06-03;66,2;152;;jah
1951-06-04;65,2;153;;jah
1951-06-05;64,7;153;;jah
1951-06-06;64,3;153;;jah
1951-06-07;63,9;153;;jah
1951-06-08;63,3;153;;jah
1951-06-09;62,7;154;;jah
1951-06-10;62,3;153;;jah
1951-06-11;61,8;153;;jah
1951-06-12;61,2;152;;jah
1951-06-13;60,5;149;;jah
1951-06-14;59,8;148;;jah
1951-06-15;59;146;;jah
1951-06-16;58,4;143;;jah
1951-06-17;57,5;140;;jah
1951-06-18;56,7;141;;jah
1951-06-19;55,9;140;;jah
1951-06-20;55,2;140;;jah
1951-06-21;54,6;138;;jah
1951-06-22;54,1;139;;jah
1951-06-23;53,7;138;;jah
1951-06-24;53,4;137;;jah
1951-06-25;53,2;136;;jah
1951-06-26;53,1;134;;jah
1951-06-27;53;130;;jah
1951-06-28;52,9;128;;jah
1951-06-29;52,8;127;;jah
1951-06-30;52,7;128;;jah
1951-07-01;52,7;127;;jah
1951-07-02;52,6;125;;jah
1951-07-03;52,5;125;;jah
1951-07-04;52,5;124;;jah
1951-07-05;52,4;124;;jah
1951-07-06;52,1;125;;jah
1951-07-07;51,8;124;;jah
1951-07-08;51,5;122;;jah
1951-07-09;51,2;124;;jah
1951-07-10;50,7;123;;jah
1951-07-11;50,2;123;;jah
1951-07-12;49,8;123;;jah
1951-07-13;49,3;122;;jah
1951-07-14;48,8;122;;jah
1951-07-15;48,6;120;;jah
1951-07-16;48,5;120;;jah
1951-07-17;48,3;118;;jah
1951-07-18;48,3;114;;jah
1951-07-19;48,3;116;;jah
1951-07-20;48,3;114;;jah
1951-07-21;48,3;116;;jah
1951-07-22;48,3;116;;jah
1951-07-23;48,2;116;;jah
1951-07-24;48,1;116;;jah
1951-07-25;47,9;115;;jah
1951-07-26;47,7;114;;jah
1951-07-27;47,3;108;;jah
1951-07-28;47;108;;jah
1951-07-29;46,5;106;;jah
1951-07-30;46,1;104;;jah
1951-07-31;45,6;104;;jah
1951-08-01;45;102;;jah
1951-08-02;44,3;100;;jah
1951-08-03;43,6;99;;jah
1951-08-04;42,6;98;;jah
1951-08-05;42,2;96;;jah
1951-08-06;41,6;96;;jah
1951-08-07;40,8;96;;jah
1951-08-08;40;95;;jah
1951-08-09;39,2;92;;jah
1951-08-10;38,5;93;;jah
1951-08-11;38;93;;jah
1951-08-12;37,3;92;;jah
1951-08-13;36,8;85;;jah
1951-08-14;36,4;84;;jah
1951-08-15;35,9;82;;jah
1951-08-16;35,7;80;;jah
1951-08-17;35,4;80;;jah
1951-08-18;35,1;80;;jah
1951-08-19;34,9;79;;jah
1951-08-20;34,7;80;;jah
1951-08-21;34,5;78;;jah
1951-08-22;34,3;77;;jah
1951-08-23;34,2;76;;jah
1951-08-24;34,1;75;;jah
1951-08-25;34,1;74;;jah
1951-08-26;34;72;;jah
1951-08-27;33,8;72;;jah
1951-08-28;33,6;72;;jah
1951-08-29;33,4;70;;jah
1951-08-30;33,2;68;;jah
1951-08-31;32,8;67;;jah
1951-09-01;32,6;68;;jah
1951-09-02;32,2;68;;jah
1951-09-03;31,7;66;;jah
1951-09-04;31,4;64;;jah
1951-09-05;31;61;;jah
1951-09-06;30,7;59;;jah
1951-09-07;30,3;60;;jah
1951-09-08;30;61;;jah
1951-09-09;29,7;57;;jah
1951-09-10;29,5;57;;jah
1951-09-11;29,3;55;;jah
1951-09-12;29,1;54;;jah
1951-09-13;28,9;56;;jah
1951-09-14;28,7;56;;jah
1951-09-15;28,6;54;;jah
1951-09-16;28,5;52;;jah
1951-09-17;28,4;50;;jah
1951-09-18;28,4;48;;jah
1951-09-19;28,3;50;;jah
1951-09-20;28,2;50;;jah
1951-09-21;28,1;50;;jah
1951-09-22;28;48;;jah
1951-09-23;28;44;;jah
1951-09-24;28;44;;jah
1951-09-25;27,9;46;;jah
1951-09-26;27,7;44;;jah
1951-09-27;27,5;44;;jah
1951-09-28;27,2;45;;jah
1951-09-29;26,7;44;;jah
1951-09-30;26;43;;jah
1951-10-01;25,2;40;;jah
1951-10-02;24,3;40;;jah
1951-10-03;23,6;42;;jah
1951-10-04;23,5;44;;jah
1951-10-05;23,6;42;;jah
1951-10-06;23,6;38;;jah
1951-10-07;23,7;37;;jah
1951-10-08;23,8;37;;jah
1951-10-09;23,9;37;;jah
1951-10-10;24;37;;jah
1951-10-11;24,2;37;;jah
1951-10-12;24,4;36;;jah
1951-10-13;24,7;35;;jah
1951-10-14;24,8;34;;jah
1951-10-15;24,9;33;;jah
1951-10-16;24,9;32;;jah
1951-10-17;24,9;31;;jah
1951-10-18;25;32;;jah
1951-10-19;25;32;;jah
1951-10-20;25;32;;jah
1951-10-21;25;31;;jah
1951-10-22;25;30;;jah
1951-10-23;24,9;29;;jah
1951-10-24;24,9;29;;jah
1951-10-25;24,8;22;;jah
1951-10-26;24,7;26;;jah
1951-10-27;24,6;24;;jah
1951-10-28;24,6;22;;jah
1951-10-29;24,5;22;;jah
1951-10-30;24,4;23;;jah
1951-10-31;24,3;23;;jah
1951-11-01;24,2;22;;jah
1951-11-02;24,1;23;;jah
1951-11-03;23,9;22;;jah
1951-11-04;23,7;26;;jah
1951-11-05;23,4;26;;jah
1951-11-06;22,8;26;;jah
1951-11-07;22,2;22;;jah
1951-11-08;20;22;;jah
1951-11-09;16;26;;jah
1951-11-10;13,7;38;;jah
1951-11-11;12,7;24;;jah
1951-11-12;12;9;;jah
1951-11-13;11,7;10;;jah
1951-11-14;11,5;16;;jah
1951-11-15;11,5;22;;jah
1951-11-16;11,6;18;;jah
1951-11-17;11,7;16;;jah
1951-11-18;11,8;19;;jah
1951-11-19;11,9;21;;jah
1951-11-20;12,2;22;;jah
1951-11-21;12,6;25;;jah
1951-11-22;14,7;26;;jah
1951-11-23;17,7;26;;jah
1951-11-24;20,8;26;;jah
1951-11-25;22,7;26;;jah
1951-11-26;23,5;18;;jah
1951-11-27;24;23;;jah
1951-11-28;24;18;;jah
1951-11-29;23,7;24;;jah
1951-11-30;22,6;18;;jah
1951-12-01;20,3;20;;jah
1951-12-02;19,1;28;;jah
1951-12-03;18,9;42;;jah
1951-12-04;18,9;35;;jah
1951-12-05;19;33;;jah
1951-12-06;19,3;32;;jah
1951-12-07;20;38;;jah
1951-12-08;20,7;46;;jah
1951-12-09;21,8;42;;jah
1951-12-10;23,2;40;;jah
1951-12-11;24,2;44;;jah
1951-12-12;25,4;54;;jah
1951-12-13;26;58;;jah
1951-12-14;26,4;56;;jah
1951-12-15;26,7;42;;jah
1951-12-16;26,8;43;;jah
1951-12-17;27,1;37;;jah
1951-12-18;27,2;32;;jah
1951-12-19;27,4;31;;jah
1951-12-20;27,5;29;;jah
1951-12-21;27,6;32;;jah
1951-12-22;27,7;36;;jah
1951-12-23;27,9;40;;jah
1951-12-24;28;40;;jah
1951-12-25;28,4;42;;jah
1951-12-26;29;42;;jah
1951-12-27;30,1;46;;jah
1951-12-28;31,5;43;;jah
1951-12-29;33,2;40;;jah
1951-12-30;34,9;36;;jah
1951-12-31;36,8;36;;jah
1952-01-01;39;34;;jah
1952-01-02;39,6;38;;jah
1952-01-03;40;39;;jah
1952-01-04;39,9;38;;jah
1952-01-05;39,9;40;;jah
1952-01-06;39,7;40;;jah
1952-01-07;39,3;40;;jah
1952-01-08;39;39;;jah
1952-01-09;38,5;40;;jah
1952-01-10;38;46;;jah
1952-01-11;37,5;52;;jah
1952-01-12;37;52;;jah
1952-01-13;36,3;51;;jah
1952-01-14;35,7;59;;jah
1952-01-15;35,1;66;;jah
1952-01-16;34,2;69;;jah
1952-01-17;32,5;70;;jah
1952-01-18;31,2;70;;jah
1952-01-19;29,3;72;;jah
1952-01-20;27,5;70;;jah
1952-01-21;25;72;;jah
1952-01-22;23,7;78;;jah
1952-01-23;22,5;74;;jah
1952-01-24;22,1;67;;jah
1952-01-25;22;60;;jah
1952-01-26;22,1;54;;jah
1952-01-27;22,2;50;;jah
1952-01-28;22,7;46;;jah
1952-01-29;23,5;44;;jah
1952-01-30;25;44;;jah
1952-01-31;27;44;;jah
1952-02-01;29,1;44;;jah
1952-02-02;30,2;44;;jah
1952-02-03;30,9;44;;jah
1952-02-04;31,2;46;;jah
1952-02-05;31,3;48;;jah
1952-02-06;31,2;50;;jah
1952-02-07;31,1;50;;jah
1952-02-08;31;52;;jah
1952-02-09;30,8;53;;jah
1952-02-10;30,6;53;;jah
1952-02-11;30,4;52;;jah
1952-02-12;30,2;49;;jah
1952-02-13;30;44;;jah
1952-02-14;30;44;;jah
1952-02-15;30;44;;jah
1952-02-16;30;43;;jah
1952-02-17;30,1;44;;jah
1952-02-18;30,2;48;;jah
1952-02-19;30,3;50;;jah
1952-02-20;30,6;50;;jah
1952-02-21;31;46;;jah
1952-02-22;31,3;49;;jah
1952-02-23;31,4;50;;jah
1952-02-24;31,6;52;;jah
1952-02-25;31,3;52;;jah
1952-02-26;31;52;;jah
1952-02-27;30,7;52;;jah
1952-02-28;30,1;47;;jah
1952-02-29;29,6;45;;jah
1952-03-01;29;45;;jah
1952-03-02;28,1;44;;jah
1952-03-03;27,4;46;;jah
1952-03-04;27,1;45;;jah
1952-03-05;27;45;;jah
1952-03-06;27;46;;jah
1952-03-07;27,1;44;;jah
1952-03-08;27,3;44;;jah
1952-03-09;27,6;43;;jah
1952-03-10;27,8;44;;jah
1952-03-11;28;45;;jah
1952-03-12;28;48;;jah
1952-03-13;28,1;48;;jah
1952-03-14;28;46;;jah
1952-03-15;27,9;44;;jah
1952-03-16;27,7;46;;jah
1952-03-17;27,5;44;;jah
1952-03-18;27,3;39;;jah
1952-03-19;27,1;40;;jah
1952-03-20;26,9;41;;jah
1952-03-21;26,6;42;;jah
1952-03-22;26,3;42;;jah
1952-03-23;26;42;;jah
1952-03-24;25,8;41;;jah
1952-03-25;25,6;41;;jah
1952-03-26;25,4;40;;jah
1952-03-27;25,2;40;;jah
1952-03-28;24,9;40;;jah
1952-03-29;24,7;40;;jah
1952-03-30;24,6;39;;jah
1952-03-31;24,5;38;;jah
1952-04-01;24,5;40;;jah
1952-04-02;24,4;43;;jah
1952-04-03;24,4;44;;jah
1952-04-04;24,5;44;;jah
1952-04-05;24,7;44;;jah
1952-04-06;25,7;44;;jah
1952-04-07;28;44;;jah
1952-04-08;32,7;48;;jah
1952-04-09;38,5;54;;jah
1952-04-10;44,4;64;;jah
1952-04-11;52,1;79;;jah
1952-04-12;65,4;107;;jah
1952-04-13;77,8;134;;jah
1952-04-14;90,3;146;;jah
1952-04-15;97,6;152;;jah
1952-04-16;101;154;;jah
1952-04-17;107;158;;jah
1952-04-18;112;160;;jah
1952-04-19;116;162;;jah
1952-04-20;122;162;;jah
1952-04-21;116;158;;jah
1952-04-22;108;152;;jah
1952-04-23;98,6;144;;jah
1952-04-24;92,2;138;;jah
1952-04-25;90,2;136;;jah
1952-04-26;88,6;134;;jah
1952-04-27;89,3;135;;jah
1952-04-28;88,3;134;;jah
1952-04-29;83,7;129;;jah
1952-04-30;82,4;125;;jah
1952-05-01;81,7;122;;jah
1952-05-02;80,5;120;;jah
1952-05-03;76,4;116;;jah
1952-05-04;74,2;114;;jah
1952-05-05;72,6;114;;jah
1952-05-06;71,2;114;;jah
1952-05-07;69,6;116;;jah
1952-05-08;68,5;118;;jah
1952-05-09;67,5;116;;jah
1952-05-10;66,7;114;;jah
1952-05-11;66,3;113;;jah
1952-05-12;65,6;109;;jah
1952-05-13;65,4;104;;jah
1952-05-14;65,3;100;;jah
1952-05-15;65,3;98;;jah
1952-05-16;65,3;102;;jah
1952-05-17;65,4;104;;jah
1952-05-18;65,5;102;;jah
1952-05-19;65,5;107;;jah
1952-05-20;65,7;114;;jah
1952-05-21;66;113;;jah
1952-05-22;66;111;;jah
1952-05-23;66,2;110;;jah
1952-05-24;66,1;110;;jah
1952-05-25;66;108;;jah
1952-05-26;65,9;106;;jah
1952-05-27;65,6;98;;jah
1952-05-28;64,9;97;;jah
1952-05-29;64,1;97;;jah
1952-05-30;63;92;;jah
1952-05-31;60,8;88;;jah
1952-06-01;59,9;90;;jah
1952-06-02;58,2;89;;jah
1952-06-03;56,5;86;;jah
1952-06-04;55,5;84;;jah
1952-06-05;54,3;82;;jah
1952-06-06;53;80;;jah
1952-06-07;51,9;80;;jah
1952-06-08;51;80;;jah
1952-06-09;50;76;;jah
1952-06-10;49,2;75;;jah
1952-06-11;48,2;74;;jah
1952-06-12;47,5;72;;jah
1952-06-13;46,6;71;;jah
1952-06-14;46;70;;jah
1952-06-15;45,3;70;;jah
1952-06-16;44,9;68;;jah
1952-06-17;44,4;64;;jah
1952-06-18;43,9;64;;jah
1952-06-19;43,5;66;;jah
1952-06-20;42,9;60;;jah
1952-06-21;42,4;62;;jah
1952-06-22;42;60;;jah
1952-06-23;41,5;60;;jah
1952-06-24;41,2;60;;jah
1952-06-25;40,7;59;;jah
1952-06-26;40,2;61;;jah
1952-06-27;39,7;59;;jah
1952-06-28;39,3;57;;jah
1952-06-29;39;57;;jah
1952-06-30;38,5;54;;jah
1952-07-01;38;53;;jah
1952-07-02;37,7;52;;jah
1952-07-03;37,3;50;;jah
1952-07-04;37;51;;jah
1952-07-05;36,5;50;;jah
1952-07-06;36,2;46;;jah
1952-07-07;35,7;44;;jah
1952-07-08;35,5;45;;jah
1952-07-09;35;41;;jah
1952-07-10;34,7;41;;jah
1952-07-11;34,4;40;;jah
1952-07-12;34,1;38;;jah
1952-07-13;33,9;37;;jah
1952-07-14;33,4;36;;jah
1952-07-15;33;36;;jah
1952-07-16;32,9;34;;jah
1952-07-17;32,7;34;;jah
1952-07-18;32,5;34;;jah
1952-07-19;32,4;34;;jah
1952-07-20;32,3;32;;jah
1952-07-21;32,3;32;;jah
1952-07-22;32,3;32;;jah
1952-07-23;32,3;32;;jah
1952-07-24;32,2;32;;jah
1952-07-25;32;33;;jah
1952-07-26;32;32;;jah
1952-07-27;31,9;33;;jah
1952-07-28;31,9;36;;jah
1952-07-29;31,8;37;;jah
1952-07-30;31,8;38;;jah
1952-07-31;31,8;37;;jah
1952-08-01;31,8;36;;jah
1952-08-02;31,8;34;;jah
1952-08-03;31,8;32;;jah
1952-08-04;31,8;31;;jah
1952-08-05;31,7;30;;jah
1952-08-06;31,7;30;;jah
1952-08-07;31,7;30;;jah
1952-08-08;31,7;30;;jah
1952-08-09;31,7;28;;jah
1952-08-10;31,8;27;;jah
1952-08-11;31,8;28;;jah
1952-08-12;31,8;28;;jah
1952-08-13;31,8;26;;jah
1952-08-14;32;22;;jah
1952-08-15;32,1;24;;jah
1952-08-16;32,2;25;;jah
1952-08-17;32,3;26;;jah
1952-08-18;32,5;37;;jah
1952-08-19;32,6;35;;jah
1952-08-20;32,8;34;;jah
1952-08-21;33;36;;jah
1952-08-22;33,3;35;;jah
1952-08-23;33,6;30;;jah
1952-08-24;33,7;26;;jah
1952-08-25;33,8;24;;jah
1952-08-26;34;20;;jah
1952-08-27;34,2;24;;jah
1952-08-28;34,3;26;;jah
1952-08-29;34,6;25;;jah
1952-08-30;34,7;26;;jah
1952-08-31;35;29;;jah
1952-09-01;35,2;34;;jah
1952-09-02;35,5;32;;jah
1952-09-03;35,9;31;;jah
1952-09-04;36,2;36;;jah
1952-09-05;36,7;37;;jah
1952-09-06;37,5;40;;jah
1952-09-07;38,3;36;;jah
1952-09-08;39,4;48;;jah
1952-09-09;40,7;56;;jah
1952-09-10;42,5;53;;jah
1952-09-11;43,8;58;;jah
1952-09-12;44,7;59;;jah
1952-09-13;45,4;60;;jah
1952-09-14;45,5;60;;jah
1952-09-15;45,5;54;;jah
1952-09-16;45,3;50;;jah
1952-09-17;44,7;48;;jah
1952-09-18;43,5;48;;jah
1952-09-19;40,5;46;;jah
1952-09-20;38;44;;jah
1952-09-21;37;38;;jah
1952-09-22;35,5;38;;jah
1952-09-23;34,9;40;;jah
1952-09-24;34,7;38;;jah
1952-09-25;34,9;42;;jah
1952-09-26;35,6;46;;jah
1952-09-27;37,1;52;;jah
1952-09-28;39,5;56;;jah
1952-09-29;46;70;;jah
1952-09-30;59;100;;jah
1952-10-01;74,2;130;;jah
1952-10-02;75;132;;jah
1952-10-03;75,8;133;;jah
1952-10-04;76,3;134;;jah
1952-10-05;82,8;145;;jah
1952-10-06;87,8;153;;jah
1952-10-07;88,6;154;;jah
1952-10-08;89,8;156;;jah
1952-10-09;87,4;152;;jah
1952-10-10;87,4;152;;jah
1952-10-11;86,6;151;;jah
1952-10-12;86;150;;jah
1952-10-13;86;150;;jah
1952-10-14;94;162;;jah
1952-10-15;103;173;;jah
1952-10-16;111;180;;jah
1952-10-17;110;178;;jah
1952-10-18;108;174;;jah
1952-10-19;106;171;;jah
1952-10-20;107;172;;jah
1952-10-21;106;170;;jah
1952-10-22;106;170;;jah
1952-10-23;105;168;;jah
1952-10-24;104;166;;jah
1952-10-25;103;163;;jah
1952-10-26;102;162;;jah
1952-10-27;103;164;;jah
1952-10-28;103;163;;jah
1952-10-29;102;160;;jah
1952-10-30;103;164;;jah
1952-10-31;110;176;;jah
1952-11-01;116;186;;jah
1952-11-02;120;192;;jah
1952-11-03;121;194;;jah
1952-11-04;122;195;;jah
1952-11-05;121;194;;jah
1952-11-06;120;193;;jah
1952-11-07;122;195;;jah
1952-11-08;124;198;;jah
1952-11-09;126;200;;jah
1952-11-10;128;204;;jah
1952-11-11;130;206;;jah
1952-11-12;125;204;;jah
1952-11-13;112;204;;jah
1952-11-14;106;204;;jah
1952-11-15;96,6;193;;jah
1952-11-16;89,6;186;;jah
1952-11-17;88;184;;jah
1952-11-18;89,6;186;;jah
1952-11-19;92;188;;jah
1952-11-20;92;188;;jah
1952-11-21;90,3;186;;jah
1952-11-22;81;176;;jah
1952-11-23;73,3;166;;jah
1952-11-24;70,6;162;;jah
1952-11-25;68;160;;jah
1952-11-26;65,2;162;;jah
1952-11-27;63,3;166;;jah
1952-11-28;60,9;170;;jah
1952-11-29;59,3;177;;jah
1952-11-30;57,9;180;;jah
1952-12-01;56,4;184;;jah
1952-12-02;55,3;184;;jah
1952-12-03;54,8;181;;jah
1952-12-04;54,7;174;;jah
1952-12-05;54,8;170;;jah
1952-12-06;55,6;166;;jah
1952-12-07;57,1;163;;jah
1952-12-08;59,7;162;;jah
1952-12-09;62,5;162;;jah
1952-12-10;65;158;;jah
1952-12-11;66,7;158;;jah
1952-12-12;68,2;160;;jah
1952-12-13;69,3;162;;jah
1952-12-14;70,1;162;;jah
1952-12-15;70,8;164;;jah
1952-12-16;71,3;166;;jah
1952-12-17;71,7;164;;jah
1952-12-18;72,2;166;;jah
1952-12-19;72,5;165;;jah
1952-12-20;72,7;165;;jah
1952-12-21;73;165;;jah
1952-12-22;73,2;166;;jah
1952-12-23;73,3;166;;jah
1952-12-24;73,4;167;;jah
1952-12-25;73,4;167;;jah
1952-12-26;73,5;167;;jah
1952-12-27;73,5;168;;jah
1952-12-28;73,4;169;;jah
1952-12-29;73,4;169;;jah
1952-12-30;73,2;168;;jah
1952-12-31;73,1;169;;jah
1953-01-01;73;170;;jah
1953-01-02;72,9;169;;jah
1953-01-03;72,8;169;;jah
1953-01-04;72,5;168;;jah
1953-01-05;72,2;163;;jah
1953-01-06;71,5;159;;jah
1953-01-07;70,7;154;;jah
1953-01-08;70;151;;jah
1953-01-09;68,6;150;;jah
1953-01-10;66,7;151;;jah
1953-01-11;65;151;;jah
1953-01-12;63,6;151;;jah
1953-01-13;63;151;;jah
1953-01-14;62,6;151;;jah
1953-01-15;62,5;150;;jah
1953-01-16;62,6;151;;jah
1953-01-17;63,2;150;;jah
1953-01-18;63,9;151;;jah
1953-01-19;65,2;151;;jah
1953-01-20;67,2;151;;jah
1953-01-21;68,1;151;;jah
1953-01-22;68,5;151;;jah
1953-01-23;68,8;151;;jah
1953-01-24;68,6;149;;jah
1953-01-25;68,5;149;;jah
1953-01-26;68,1;147;;jah
1953-01-27;67,5;147;;jah
1953-01-28;66,6;145;;jah
1953-01-29;65,5;143;;jah
1953-01-30;64,2;142;;jah
1953-01-31;62,4;142;;jah
1953-02-01;60,5;143;;jah
1953-02-02;58;143;;jah
1953-02-03;56;141;;jah
1953-02-04;54,5;139;;jah
1953-02-05;53,5;139;;jah
1953-02-06;52,5;133;;jah
1953-02-07;51,8;127;;jah
1953-02-08;51,2;124;;jah
1953-02-09;50,6;125;;jah
1953-02-10;50,2;127;;jah
1953-02-11;49,9;128;;jah
1953-02-12;49,8;130;;jah
1953-02-13;49,7;129;;jah
1953-02-14;49,6;130;;jah
1953-02-15;49,6;129;;jah
1953-02-16;49,7;129;;jah
1953-02-17;49,8;129;;jah
1953-02-18;49,8;130;;jah
1953-02-19;49,9;130;;jah
1953-02-20;50,2;131;;jah
1953-02-21;50,5;133;;jah
1953-02-22;50,8;133;;jah
1953-02-23;51,4;135;;jah
1953-02-24;51,7;137;;jah
1953-02-25;52,7;139;;jah
1953-02-26;54,7;140;;jah
1953-02-27;57;145;;jah
1953-02-28;58,6;147;;jah
1953-03-01;59,7;149;;jah
1953-03-02;60;149;;jah
1953-03-03;60,3;152;;jah
1953-03-04;60,2;149;;jah
1953-03-05;60,1;137;;jah
1953-03-06;59,9;148;;jah
1953-03-07;59,6;152;;jah
1953-03-08;59;150;;jah
1953-03-09;58,6;151;;jah
1953-03-10;57,9;151;;jah
1953-03-11;57,4;151;;jah
1953-03-12;56,8;147;;jah
1953-03-13;56,4;145;;jah
1953-03-14;56,2;144;;jah
1953-03-15;55,7;143;;jah
1953-03-16;55,5;143;;jah
1953-03-17;55,1;141;;jah
1953-03-18;54,9;135;;jah
1953-03-19;54,7;127;;jah
1953-03-20;54,5;120;;jah
1953-03-21;54,4;115;;jah
1953-03-22;54,3;109;;jah
1953-03-23;54,3;107;;jah
1953-03-24;54,2;107;;jah
1953-03-25;60;114;;jah
1953-03-26;64;133;;jah
1953-03-27;77,5;165;;jah
1953-03-28;96,3;180;;jah
1953-03-29;110;196;;jah
1953-03-30;124;210;;jah
1953-03-31;141;234;;jah
1953-04-01;154;253;;jah
1953-04-02;167;262;;jah
1953-04-03;183;268;;jah
1953-04-04;198;279;;jah
1953-04-05;214;291;;jah
1953-04-06;226;300;;jah
1953-04-07;238;305;;jah
1953-04-08;242;309;;jah
1953-04-09;243;313;;jah
1953-04-10;242;313;;jah
1953-04-11;242;312;;jah
1953-04-12;240;312;;jah
1953-04-13;220;309;;jah
1953-04-14;214;304;;jah
1953-04-15;208;298;;jah
1953-04-16;202;293;;jah
1953-04-17;194;287;;jah
1953-04-18;187;279;;jah
1953-04-19;181;272;;jah
1953-04-20;174;264;;jah
1953-04-21;160;257;;jah
1953-04-22;150;249;;jah
1953-04-23;140;242;;jah
1953-04-24;131;236;;jah
1953-04-25;124;230;;jah
1953-04-26;120;224;;jah
1953-04-27;114;218;;jah
1953-04-28;112;212;;jah
1953-04-29;108;208;;jah
1953-04-30;104;202;;jah
1953-05-01;99,4;198;;jah
1953-05-02;95,2;194;;jah
1953-05-03;91;189;;jah
1953-05-04;86,7;185;;jah
1953-05-05;85;182;;jah
1953-05-06;83,3;179;;jah
1953-05-07;81,6;178;;jah
1953-05-08;79,9;174;;jah
1953-05-09;78,2;172;;jah
1953-05-10;76,5;172;;jah
1953-05-11;74,8;169;;jah
1953-05-12;73,1;170;;jah
1953-05-13;71,4;166;;jah
1953-05-14;70,7;164;;jah
1953-05-15;69,8;160;;jah
1953-05-16;69;160;;jah
1953-05-17;68,5;158;;jah
1953-05-18;67,8;156;;jah
1953-05-19;67,1;153;;jah
1953-05-20;66,7;152;;jah
1953-05-21;66,2;152;;jah
1953-05-22;65,7;150;;jah
1953-05-23;65,2;148;;jah
1953-05-24;64,5;145;;jah
1953-05-25;64;142;;jah
1953-05-26;63,4;136;;jah
1953-05-27;62,8;138;;jah
1953-05-28;62,2;137;;jah
1953-05-29;61,6;137;;jah
1953-05-30;60,8;137;;jah
1953-05-31;60,3;138;;jah
1953-06-01;59,8;139;;jah
1953-06-02;59;140;;jah
1953-06-03;58,3;142;;jah
1953-06-04;57,7;139;;jah
1953-06-05;57,2;135;;jah
1953-06-06;56,3;135;;jah
1953-06-07;55,5;135;;jah
1953-06-08;55;133;;jah
1953-06-09;54,5;132;;jah
1953-06-10;54;131;;jah
1953-06-11;53,5;129;;jah
1953-06-12;53;127;;jah
1953-06-13;52,6;127;;jah
1953-06-14;52;126;;jah
1953-06-15;51,5;125;;jah
1953-06-16;51;126;;jah
1953-06-17;50,5;126;;jah
1953-06-18;50;125;;jah
1953-06-19;49,5;125;;jah
1953-06-20;49;124;;jah
1953-06-21;48,8;124;;jah
1953-06-22;48,4;123;;jah
1953-06-23;48;121;;jah
1953-06-24;47,8;121;;jah
1953-06-25;47,5;119;;jah
1953-06-26;47,2;117;;jah
1953-06-27;47;119;;jah
1953-06-28;46,8;117;;jah
1953-06-29;46,7;113;;jah
1953-06-30;46,6;112;;jah
1953-07-01;46,5;109;;jah
1953-07-02;46,4;107;;jah
1953-07-03;46,3;106;;jah
1953-07-04;46,2;105;;jah
1953-07-05;46;103;;jah
1953-07-06;45,9;103;;jah
1953-07-07;45,8;101;;jah
1953-07-08;45,7;103;;jah
1953-07-09;45,6;99;;jah
1953-07-10;45,5;101;;jah
1953-07-11;45,4;103;;jah
1953-07-12;45,3;102;;jah
1953-07-13;45,1;99;;jah
1953-07-14;44,8;101;;jah
1953-07-15;44,5;100;;jah
1953-07-16;44,3;98;;jah
1953-07-17;44;95;;jah
1953-07-18;43,6;93;;jah
1953-07-19;43,2;97;;jah
1953-07-20;42,9;92;;jah
1953-07-21;42,4;92;;jah
1953-07-22;42;91;;jah
1953-07-23;41,6;92;;jah
1953-07-24;41,2;93;;jah
1953-07-25;40,7;91;;jah
1953-07-26;40,3;88;;jah
1953-07-27;39,8;89;;jah
1953-07-28;39,3;88;;jah
1953-07-29;38,9;85;;jah
1953-07-30;38,4;85;;jah
1953-07-31;38;87;;jah
1953-08-01;37,7;83;;jah
1953-08-02;37,4;83;;jah
1953-08-03;37,2;82;;jah
1953-08-04;36,9;79;;jah
1953-08-05;36,8;79;;jah
1953-08-06;36,7;80;;jah
1953-08-07;36,8;79;;jah
1953-08-08;36,9;78;;jah
1953-08-09;37;73;;jah
1953-08-10;37,2;75;;jah
1953-08-11;37,5;79;;jah
1953-08-12;37,8;81;;jah
1953-08-13;38,3;81;;jah
1953-08-14;38,5;80;;jah
1953-08-15;38,7;80;;jah
1953-08-16;38,8;80;;jah
1953-08-17;38,9;85;;jah
1953-08-18;39;90;;jah
1953-08-19;39,4;91;;jah
1953-08-20;39,6;90;;jah
1953-08-21;39,6;92;;jah
1953-08-22;39,7;95;;jah
1953-08-23;39,4;91;;jah
1953-08-24;38,6;89;;jah
1953-08-25;38,4;89;;jah
1953-08-26;38,2;87;;jah
1953-08-27;38;84;;jah
1953-08-28;37,8;83;;jah
1953-08-29;37,5;81;;jah
1953-08-30;38;80;;jah
1953-08-31;39,5;87;;jah
1953-09-01;40,8;93;;jah
1953-09-02;41,8;97;;jah
1953-09-03;42,3;101;;jah
1953-09-04;42,7;102;;jah
1953-09-05;43,2;102;;jah
1953-09-06;43,7;104;;jah
1953-09-07;44,1;99;;jah
1953-09-08;44,4;99;;jah
1953-09-09;44,7;99;;jah
1953-09-10;45;105;;jah
1953-09-11;45,3;103;;jah
1953-09-12;45,5;104;;jah
1953-09-13;45,7;107;;jah
1953-09-14;45,8;108;;jah
1953-09-15;45,9;102;;jah
1953-09-16;46;101;;jah
1953-09-17;46,1;101;;jah
1953-09-18;46,1;99;;jah
1953-09-19;46,3;97;;jah
1953-09-20;46,7;97;;jah
1953-09-21;48,5;102;;jah
1953-09-22;58,9;113;;jah
1953-09-23;69,3;129;;jah
1953-09-24;74,5;138;;jah
1953-09-25;77,5;144;;jah
1953-09-26;79,5;147;;jah
1953-09-27;81,4;152;;jah
1953-09-28;82,3;154;;jah
1953-09-29;82,8;155;;jah
1953-09-30;83;154;;jah
1953-10-01;82,8;152;;jah
1953-10-02;82,3;151;;jah
1953-10-03;81,4;150;;jah
1953-10-04;81,1;150;;jah
1953-10-05;80,4;150;;jah
1953-10-06;79,7;150;;jah
1953-10-07;78,7;148;;jah
1953-10-08;77,5;143;;jah
1953-10-09;76,3;139;;jah
1953-10-10;74,8;138;;jah
1953-10-11;73,7;137;;jah
1953-10-12;72,3;138;;jah
1953-10-13;71,2;137;;jah
1953-10-14;69,5;136;;jah
1953-10-15;68,2;134;;jah
1953-10-16;67,1;133;;jah
1953-10-17;65,6;131;;jah
1953-10-18;64,5;129;;jah
1953-10-19;63,3;125;;jah
1953-10-20;62,2;123;;jah
1953-10-21;61;121;;jah
1953-10-22;59,9;118;;jah
1953-10-23;59;120;;jah
1953-10-24;57,9;119;;jah
1953-10-25;57;118;;jah
1953-10-26;56,4;117;;jah
1953-10-27;55,3;116;;jah
1953-10-28;54,3;113;;jah
1953-10-29;53,4;113;;jah
1953-10-30;52,8;117;;jah
1953-10-31;52;113;;jah
1953-11-01;51,4;109;;jah
1953-11-02;50,7;105;;jah
1953-11-03;50,3;104;;jah
1953-11-04;49,7;101;;jah
1953-11-05;49,2;105;;jah
1953-11-06;49;107;;jah
1953-11-07;49;97;;jah
1953-11-08;49,1;95;;jah
1953-11-09;49,5;97;;jah
1953-11-10;50,8;102;;jah
1953-11-11;57;106;;jah
1953-11-12;61,3;112;;jah
1953-11-13;62,3;118;;jah
1953-11-14;62,7;117;;jah
1953-11-15;62,9;121;;jah
1953-11-16;63;121;;jah
1953-11-17;63;117;;jah
1953-11-18;62,9;117;;jah
1953-11-19;62,8;117;;jah
1953-11-20;62,7;118;;jah
1953-11-21;62,5;119;;jah
1953-11-22;62,3;120;;jah
1953-11-23;62,2;121;;jah
1953-11-24;62;123;;jah
1953-11-25;61,9;117;;jah
1953-11-26;62;119;;jah
1953-11-27;62,1;119;;jah
1953-11-28;64;119;;jah
1953-11-29;68,5;127;;jah
1953-11-30;71;135;;jah
1953-12-01;71;134;;jah
1953-12-02;71;127;;jah
1953-12-03;70,8;125;;jah
1953-12-04;70;127;;jah
1953-12-05;69,5;125;;jah
1953-12-06;68,7;125;;jah
1953-12-07;68;123;;jah
1953-12-08;67;121;;jah
1953-12-09;66;123;;jah
1953-12-10;65,4;121;;jah
1953-12-11;64,4;119;;jah
1953-12-12;63,1;115;;jah
1953-12-13;61,2;110;;jah
1953-12-14;59,5;113;;jah
1953-12-15;57,3;103;;jah
1953-12-16;55,2;99;;jah
1953-12-17;52,7;98;;jah
1953-12-18;50;95;;jah
1953-12-19;46,6;93;;jah
1953-12-20;42,8;90;;jah
1953-12-21;38;87;;jah
1953-12-22;33,5;85;;jah
1953-12-23;28,5;84;;jah
1953-12-24;27,5;83;;jah
1953-12-25;27,7;82;;jah
1953-12-26;28;83;;jah
1953-12-27;28,7;85;;jah
1953-12-28;30,1;87;;jah
1953-12-29;31,6;87;;jah
1953-12-30;34;89;;jah
1953-12-31;36;89;;jah
1954-01-01;37,7;91;;jah
1954-01-02;38,5;91;;jah
1954-01-03;38,8;93;;jah
1954-01-04;39,1;93;;jah
1954-01-05;39,3;93;;jah
1954-01-06;39,4;93;;jah
1954-01-07;39,5;94;;jah
1954-01-08;39,5;93;;jah
1954-01-09;39,6;94;;jah
1954-01-10;39,6;95;;jah
1954-01-11;39,6;95;;jah
1954-01-12;39,6;93;;jah
1954-01-13;39,5;93;;jah
1954-01-14;39,4;93;;jah
1954-01-15;39,3;93;;jah
1954-01-16;39,2;93;;jah
1954-01-17;39,1;93;;jah
1954-01-18;38,8;93;;jah
1954-01-19;39,3;95;;jah
1954-01-20;38;93;;jah
1954-01-21;37,5;90;;jah
1954-01-22;37;92;;jah
1954-01-23;36,4;91;;jah
1954-01-24;35,6;91;;jah
1954-01-25;35,1;89;;jah
1954-01-26;35;89;;jah
1954-01-27;34,9;89;;jah
1954-01-28;34,9;89;;jah
1954-01-29;34,9;88;;jah
1954-01-30;35;87;;jah
1954-01-31;35,1;87;;jah
1954-02-01;35,3;89;;jah
1954-02-02;35,4;87;;jah
1954-02-03;35,4;87;;jah
1954-02-04;35,4;87;;jah
1954-02-05;35,4;87;;jah
1954-02-06;35,3;88;;jah
1954-02-07;35,2;88;;jah
1954-02-08;34,9;87;;jah
1954-02-09;34,7;87;;jah
1954-02-10;34,4;87;;jah
1954-02-11;34;86;;jah
1954-02-12;33,6;85;;jah
1954-02-13;33;85;;jah
1954-02-14;32,2;85;;jah
1954-02-15;31,7;85;;jah
1954-02-16;31,1;84;;jah
1954-02-17;30,5;84;;jah
1954-02-18;30,1;84;;jah
1954-02-19;29,6;83;;jah
1954-02-20;29,1;81;;jah
1954-02-21;28,6;80;;jah
1954-02-22;28,4;80;;jah
1954-02-23;27,6;80;;jah
1954-02-24;27,2;80;;jah
1954-02-25;26,9;79;;jah
1954-02-26;26,6;79;;jah
1954-02-27;26,4;73;;jah
1954-02-28;26,2;67;;jah
1954-03-01;26;71;;jah
1954-03-02;26;79;;jah
1954-03-03;26,5;79;;jah
1954-03-04;27,7;81;;jah
1954-03-05;30,5;83;;jah
1954-03-06;32,4;85;;jah
1954-03-07;33,7;95;;jah
1954-03-08;34,5;97;;jah
1954-03-09;35;97;;jah
1954-03-10;35;97;;jah
1954-03-11;35;95;;jah
1954-03-12;35;95;;jah
1954-03-13;35;93;;jah
1954-03-14;34,9;92;;jah
1954-03-15;34,7;91;;jah
1954-03-16;34,5;92;;jah
1954-03-17;34,2;89;;jah
1954-03-18;33,7;86;;jah
1954-03-19;33,2;83;;jah
1954-03-20;33;77;;jah
1954-03-21;32,8;71;;jah
1954-03-22;33,4;67;;jah
1954-03-23;36,3;68;;jah
1954-03-24;39,3;79;;jah
1954-03-25;43,7;83;;jah
1954-03-26;45,2;87;;jah
1954-03-27;46,5;88;;jah
1954-03-28;47,5;86;;jah
1954-03-29;48,5;85;;jah
1954-03-30;49,1;89;;jah
1954-03-31;50,3;93;;jah
1954-04-01;54;99;;jah
1954-04-02;57,7;103;;jah
1954-04-03;60,5;107;;jah
1954-04-04;63;107;;jah
1954-04-05;64,3;107;;jah
1954-04-06;64,3;109;;jah
1954-04-07;66;111;;jah
1954-04-08;63;109;;jah
1954-04-09;58,8;105;;jah
1954-04-10;58,8;105;;jah
1954-04-11;55,8;103;;jah
1954-04-12;52,3;99;;jah
1954-04-13;50;95;;jah
1954-04-14;49,1;91;;jah
1954-04-15;49,2;91;;jah
1954-04-16;49,8;93;;jah
1954-04-17;51;97;;jah
1954-04-18;52,3;100;;jah
1954-04-19;53,2;101;;jah
1954-04-20;53,8;102;;jah
1954-04-21;53,9;99;;jah
1954-04-22;53,8;98;;jah
1954-04-23;53,7;96;;jah
1954-04-24;53,6;97;;jah
1954-04-25;53,3;95;;jah
1954-04-26;52,7;95;;jah
1954-04-27;51,9;93;;jah
1954-04-28;50,5;93;;jah
1954-04-29;49,5;93;;jah
1954-04-30;48,6;93;;jah
1954-05-01;48;92;;jah
1954-05-02;47,3;93;;jah
1954-05-03;47,2;95;;jah
1954-05-04;47;95;;jah
1954-05-05;46,8;97;;jah
1954-05-06;46,7;100;;jah
1954-05-07;46,6;101;;jah
1954-05-08;46,4;101;;jah
1954-05-09;46;99;;jah
1954-05-10;45,3;99;;jah
1954-05-11;44,8;95;;jah
1954-05-12;44,2;95;;jah
1954-05-13;43,6;91;;jah
1954-05-14;42,9;89;;jah
1954-05-15;42,2;86;;jah
1954-05-16;41,7;85;;jah
1954-05-17;41,2;87;;jah
1954-05-18;40,7;86;;jah
1954-05-19;40,4;81;;jah
1954-05-20;39,9;80;;jah
1954-05-21;39,6;79;;jah
1954-05-22;39,4;78;;jah
1954-05-23;39,2;77;;jah
1954-05-24;39;76;;jah
1954-05-25;38,9;78;;jah
1954-05-26;38,7;82;;jah
1954-05-27;38,6;84;;jah
1954-05-28;38,6;89;;jah
1954-05-29;38,6;89;;jah
1954-05-30;38,6;87;;jah
1954-05-31;38,6;83;;jah
1954-06-01;38,5;79;;jah
1954-06-02;38,5;75;;jah
1954-06-03;38,1;69;;jah
1954-06-04;37,7;67;;jah
1954-06-05;37,5;63;;jah
1954-06-06;36,8;63;;jah
1954-06-07;36,1;62;;jah
1954-06-08;35,2;63;;jah
1954-06-09;34,7;63;;jah
1954-06-10;34,4;59;;jah
1954-06-11;33,9;59;;jah
1954-06-12;33,5;61;;jah
1954-06-13;33,5;59;;jah
1954-06-14;33,4;59;;jah
1954-06-15;33,3;62;;jah
1954-06-16;33,3;63;;jah
1954-06-17;33,3;63;;jah
1954-06-18;33,4;62;;jah
1954-06-19;33,5;61;;jah
1954-06-20;33,8;60;;jah
1954-06-21;34,1;61;;jah
1954-06-22;34,5;61;;jah
1954-06-23;34,8;60;;jah
1954-06-24;34,9;57;;jah
1954-06-25;34,9;55;;jah
1954-06-26;34,8;56;;jah
1954-06-27;34,6;55;;jah
1954-06-28;34,5;57;;jah
1954-06-29;34,3;53;;jah
1954-06-30;34,2;51;;jah
1954-07-01;34,1;49;;jah
1954-07-02;34;51;;jah
1954-07-03;34;53;;jah
1954-07-04;34;53;;jah
1954-07-05;34,1;55;;jah
1954-07-06;34,2;55;;jah
1954-07-07;34,3;51;;jah
1954-07-08;34,4;55;;jah
1954-07-09;34,5;54;;jah
1954-07-10;34,7;52;;jah
1954-07-11;34,8;51;;jah
1954-07-12;34,9;56;;jah
1954-07-13;35;53;;jah
1954-07-14;35,1;57;;jah
1954-07-15;35,3;57;;jah
1954-07-16;35,4;57;;jah
1954-07-17;35,5;57;;jah
1954-07-18;35,7;59;;jah
1954-07-19;35,9;61;;jah
1954-07-20;36;59;;jah
1954-07-21;36,1;55;;jah
1954-07-22;36;57;;jah
1954-07-23;36;57;;jah
1954-07-24;35,8;57;;jah
1954-07-25;35,7;55;;jah
1954-07-26;35,3;53;;jah
1954-07-27;34,5;55;;jah
1954-07-28;34,2;52;;jah
1954-07-29;34,2;51;;jah
1954-07-30;37;51;;jah
1954-07-31;47,5;50;;jah
1954-08-01;51,5;53;;jah
1954-08-02;53;73;;jah
1954-08-03;54,5;85;;jah
1954-08-04;54,8;91;;jah
1954-08-05;55,2;92;;jah
1954-08-06;55,5;89;;jah
1954-08-07;55,7;85;;jah
1954-08-08;56;87;;jah
1954-08-09;56;91;;jah
1954-08-10;56;93;;jah
1954-08-11;56;95;;jah
1954-08-12;56;97;;jah
1954-08-13;56;97;;jah
1954-08-14;56;95;;jah
1954-08-15;56;95;;jah
1954-08-16;55,9;92;;jah
1954-08-17;55,8;93;;jah
1954-08-18;55,7;95;;jah
1954-08-19;55,6;93;;jah
1954-08-20;55,3;93;;jah
1954-08-21;54,8;96;;jah
1954-08-22;54,2;89;;jah
1954-08-23;54;85;;jah
1954-08-24;54,5;83;;jah
1954-08-25;56,5;99;;jah
1954-08-26;62,8;117;;jah
1954-08-27;63;114;;jah
1954-08-28;61,6;107;;jah
1954-08-29;59,5;101;;jah
1954-08-30;55,7;96;;jah
1954-08-31;55,5;92;;jah
1954-09-01;60,5;98;;jah
1954-09-02;68;109;;jah
1954-09-03;69,7;115;;jah
1954-09-04;70,1;116;;jah
1954-09-05;70,1;116;;jah
1954-09-06;69,9;115;;jah
1954-09-07;69,6;114;;jah
1954-09-08;68,8;111;;jah
1954-09-09;67,5;109;;jah
1954-09-10;65,6;106;;jah
1954-09-11;64;103;;jah
1954-09-12;61,6;101;;jah
1954-09-13;60,8;101;;jah
1954-09-14;60,3;99;;jah
1954-09-15;60,2;99;;jah
1954-09-16;60,1;99;;jah
1954-09-17;60;101;;jah
1954-09-18;60;102;;jah
1954-09-19;60,1;102;;jah
1954-09-20;60,2;101;;jah
1954-09-21;60,4;101;;jah
1954-09-22;60,5;100;;jah
1954-09-23;60,6;99;;jah
1954-09-24;60,8;99;;jah
1954-09-25;61;99;;jah
1954-09-26;61,2;99;;jah
1954-09-27;61,4;101;;jah
1954-09-28;61,6;101;;jah
1954-09-29;61,8;101;;jah
1954-09-30;62;103;;jah
1954-10-01;62,3;103;;jah
1954-10-02;62,5;103;;jah
1954-10-03;62,6;104;;jah
1954-10-04;62,7;105;;jah
1954-10-05;62,7;107;;jah
1954-10-06;62,7;105;;jah
1954-10-07;62,7;103;;jah
1954-10-08;62,7;101;;jah
1954-10-09;62,7;98;;jah
1954-10-10;62,7;95;;jah
1954-10-11;62,7;96;;jah
1954-10-12;62,7;95;;jah
1954-10-13;62,7;96;;jah
1954-10-14;63,2;94;;jah
1954-10-15;63,7;95;;jah
1954-10-16;64,6;97;;jah
1954-10-17;66,5;107;;jah
1954-10-18;68,5;109;;jah
1954-10-19;70,5;112;;jah
1954-10-20;72,5;117;;jah
1954-10-21;74,4;121;;jah
1954-10-22;76,1;125;;jah
1954-10-23;76,7;129;;jah
1954-10-24;77,6;129;;jah
1954-10-25;78,2;131;;jah
1954-10-26;78,8;133;;jah
1954-10-27;79,5;133;;jah
1954-10-28;78,5;131;;jah
1954-10-29;77,6;129;;jah
1954-10-30;76;128;;jah
1954-10-31;78,5;131;;jah
1954-11-01;80,3;134;;jah
1954-11-02;84,4;139;;jah
1954-11-03;89;145;;jah
1954-11-04;93,3;149;;jah
1954-11-05;94,2;150;;jah
1954-11-06;93,3;149;;jah
1954-11-07;96,2;152;;jah
1954-11-08;96,2;152;;jah
1954-11-09;101;152;;jah
1954-11-10;108;162;;jah
1954-11-11;111;164;;jah
1954-11-12;113;166;;jah
1954-11-13;111;164;;jah
1954-11-14;115;168;;jah
1954-11-15;118;170;;jah
1954-11-16;120;171;;jah
1954-11-17;118;170;;jah
1954-11-18;120;171;;jah
1954-11-19;121;172;;jah
1954-11-20;110;163;;jah
1954-11-21;99;181;;jah
1954-11-22;86;185;;jah
1954-11-23;76;180;;jah
1954-11-24;64,6;176;;jah
1954-11-25;63;171;;jah
1954-11-26;61,8;170;;jah
1954-11-27;60,5;170;;jah
1954-11-28;59,7;175;;jah
1954-11-29;58,9;178;;jah
1954-11-30;58,4;179;;jah
1954-12-01;58,2;176;;jah
1954-12-02;58;174;;jah
1954-12-03;57,8;172;;jah
1954-12-04;57,8;172;;jah
1954-12-05;59,4;176;;jah
1954-12-06;64;182;;jah
1954-12-07;73;187;;jah
1954-12-08;78;189;;jah
1954-12-09;82;190;;jah
1954-12-10;85,5;190;;jah
1954-12-11;87,7;189;;jah
1954-12-12;89,4;188;;jah
1954-12-13;90,5;187;;jah
1954-12-14;91,1;188;;jah
1954-12-15;91,5;187;;jah
1954-12-16;91,8;188;;jah
1954-12-17;92,3;190;;jah
1954-12-18;92,6;194;;jah
1954-12-19;92,8;200;;jah
1954-12-20;93,1;208;;jah
1954-12-21;93,3;210;;jah
1954-12-22;93,4;212;;jah
1954-12-23;93,6;214;;jah
1954-12-24;93,7;216;;jah
1954-12-25;93,8;217;;jah
1954-12-26;93,9;217;;jah
1954-12-27;94;216;;jah
1954-12-28;94,1;212;;jah
1954-12-29;93,8;211;;jah
1954-12-30;93,5;210;;jah
1954-12-31;92;214;;jah
1955-01-01;92;215;;jah
1955-01-02;90,5;212;;jah
1955-01-03;87;206;;jah
1955-01-04;75;206;;jah
1955-01-05;67,5;204;;jah
1955-01-06;64;204;;jah
1955-01-07;61,4;203;;jah
1955-01-08;60,7;203;;jah
1955-01-09;60,4;200;;jah
1955-01-10;59,9;196;;jah
1955-01-11;59,6;195;;jah
1955-01-12;59,1;188;;jah
1955-01-13;58,8;184;;jah
1955-01-14;58,5;178;;jah
1955-01-15;58,2;175;;jah
1955-01-16;58,1;170;;jah
1955-01-17;58,1;170;;jah
1955-01-18;58;172;;jah
1955-01-19;57,8;171;;jah
1955-01-20;57,8;167;;jah
1955-01-21;57,8;163;;jah
1955-01-22;58;162;;jah
1955-01-23;58,5;162;;jah
1955-01-24;59;163;;jah
1955-01-25;59,4;165;;jah
1955-01-26;60,5;165;;jah
1955-01-27;62,2;165;;jah
1955-01-28;63,4;166;;jah
1955-01-29;65;166;;jah
1955-01-30;67;168;;jah
1955-01-31;69;170;;jah
1955-02-01;70,5;175;;jah
1955-02-02;73;180;;jah
1955-02-03;75,6;185;;jah
1955-02-04;78;190;;jah
1955-02-05;80,5;194;;jah
1955-02-06;84;200;;jah
1955-02-07;87,6;206;;jah
1955-02-08;90;212;;jah
1955-02-09;94,5;216;;jah
1955-02-10;97;220;;jah
1955-02-11;99,2;221;;jah
1955-02-12;99,7;220;;jah
1955-02-13;99,4;218;;jah
1955-02-14;98,7;216;;jah
1955-02-15;97;214;;jah
1955-02-16;95,3;212;;jah
1955-02-17;93,2;209;;jah
1955-02-18;91;205;;jah
1955-02-19;89,3;201;;jah
1955-02-20;86,4;196;;jah
1955-02-21;83,9;190;;jah
1955-02-22;81;185;;jah
1955-02-23;78,8;180;;jah
1955-02-24;76,5;173;;jah
1955-02-25;74;169;;jah
1955-02-26;72,5;165;;jah
1955-02-27;70,7;162;;jah
1955-02-28;69,5;160;;jah
1955-03-01;68,7;157;;jah
1955-03-02;67,8;155;;jah
1955-03-03;67;153;;jah
1955-03-04;66,3;154;;jah
1955-03-05;65,6;155;;jah
1955-03-06;65,2;154;;jah
1955-03-07;64,8;153;;jah
1955-03-08;64,5;151;;jah
1955-03-09;64,2;149;;jah
1955-03-10;64;147;;jah
1955-03-11;63,7;148;;jah
1955-03-12;63,4;149;;jah
1955-03-13;63,2;149;;jah
1955-03-14;63,1;149;;jah
1955-03-15;63;150;;jah
1955-03-16;63;151;;jah
1955-03-17;62,9;153;;jah
1955-03-18;62,8;155;;jah
1955-03-19;62,7;155;;jah
1955-03-20;62,6;153;;jah
1955-03-21;62,6;153;;jah
1955-03-22;62,5;152;;jah
1955-03-23;62,5;151;;jah
1955-03-24;62,5;149;;jah
1955-03-25;62,5;151;;jah
1955-03-26;62,5;153;;jah
1955-03-27;62,5;155;;jah
1955-03-28;62,5;155;;jah
1955-03-29;62,5;155;;jah
1955-03-30;62,5;153;;jah
1955-03-31;62,5;151;;jah
1955-04-01;62,5;143;;jah
1955-04-02;62,5;135;;jah
1955-04-03;62,5;125;;jah
1955-04-04;62,2;115;;jah
1955-04-05;61,5;109;;jah
1955-04-06;61,2;105;;jah
1955-04-07;60,5;103;;jah
1955-04-08;59,4;99;;jah
1955-04-09;58,4;95;;jah
1955-04-10;57,4;95;;jah
1955-04-11;56,8;95;;jah
1955-04-12;56,3;93;;jah
1955-04-13;55,8;91;;jah
1955-04-14;55,8;91;;jah
1955-04-15;56,3;92;;jah
1955-04-16;58;97;;jah
1955-04-17;60;103;;jah
1955-04-18;62,5;108;;jah
1955-04-19;65,1;110;;jah
1955-04-20;70,5;118;;jah
1955-04-21;75,5;125;;jah
1955-04-22;80,3;139;;jah
1955-04-23;87,8;151;;jah
1955-04-24;95,3;166;;jah
1955-04-25;102;177;;jah
1955-04-26;109;191;;jah
1955-04-27;122;208;;jah
1955-04-28;136;222;;jah
1955-04-29;152;239;;jah
1955-04-30;169;259;;jah
1955-05-01;183;276;;jah
1955-05-02;197;288;;jah
1955-05-03;211;299;;jah
1955-05-04;222;309;;jah
1955-05-05;227;315;;jah
1955-05-06;232;319;;jah
1955-05-07;239;322;;jah
1955-05-08;235;320;;jah
1955-05-09;234;320;;jah
1955-05-10;233;321;;jah
1955-05-11;230;319;;jah
1955-05-12;226;317;;jah
1955-05-13;220;313;;jah
1955-05-14;213;307;;jah
1955-05-15;207;303;;jah
1955-05-16;199;299;;jah
1955-05-17;196;296;;jah
1955-05-18;194;294;;jah
1955-05-19;193;291;;jah
1955-05-20;193;291;;jah
1955-05-21;194;299;;jah
1955-05-22;194;303;;jah
1955-05-23;195;303;;jah
1955-05-24;195;303;;jah
1955-05-25;195;302;;jah
1955-05-26;195;301;;jah
1955-05-27;195;300;;jah
1955-05-28;194;300;;jah
1955-05-29;193;297;;jah
1955-05-30;192;292;;jah
1955-05-31;184;289;;jah
1955-06-01;176;284;;jah
1955-06-02;169;279;;jah
1955-06-03;162;274;;jah
1955-06-04;155;268;;jah
1955-06-05;148;262;;jah
1955-06-06;143;256;;jah
1955-06-07;134;249;;jah
1955-06-08;128;243;;jah
1955-06-09;122;238;;jah
1955-06-10;116;233;;jah
1955-06-11;111;226;;jah
1955-06-12;107;224;;jah
1955-06-13;103;219;;jah
1955-06-14;99,2;215;;jah
1955-06-15;96;210;;jah
1955-06-16;94;207;;jah
1955-06-17;92,3;203;;jah
1955-06-18;90,5;199;;jah
1955-06-19;88,7;195;;jah
1955-06-20;87;191;;jah
1955-06-21;85,7;190;;jah
1955-06-22;84,4;189;;jah
1955-06-23;83,2;187;;jah
1955-06-24;82;184;;jah
1955-06-25;80,8;181;;jah
1955-06-26;79,6;179;;jah
1955-06-27;78,4;180;;jah
1955-06-28;77,2;179;;jah
1955-06-29;76;177;;jah
1955-06-30;74,8;176;;jah
1955-07-01;73,5;173;;jah
1955-07-02;72,5;173;;jah
1955-07-03;71,5;171;;jah
1955-07-04;70,6;170;;jah
1955-07-05;69,7;171;;jah
1955-07-06;68,8;171;;jah
1955-07-07;68;169;;jah
1955-07-08;67,2;167;;jah
1955-07-09;66,4;166;;jah
1955-07-10;65,6;165;;jah
1955-07-11;64,8;161;;jah
1955-07-12;64;160;;jah
1955-07-13;63,2;157;;jah
1955-07-14;62,4;155;;jah
1955-07-15;61,6;153;;jah
1955-07-16;60,8;151;;jah
1955-07-17;60,1;150;;jah
1955-07-18;59,4;146;;jah
1955-07-19;58,7;143;;jah
1955-07-20;58;141;;jah
1955-07-21;57,3;139;;jah
1955-07-22;56,6;137;;jah
1955-07-23;55,9;137;;jah
1955-07-24;55,2;135;;jah
1955-07-25;54,5;136;;jah
1955-07-26;53,8;135;;jah
1955-07-27;53,1;135;;jah
1955-07-28;52,5;132;;jah
1955-07-29;51,9;133;;jah
1955-07-30;51,3;130;;jah
1955-07-31;50,7;129;;jah
1955-08-01;50,2;127;;jah
1955-08-02;49,8;125;;jah
1955-08-03;49,3;123;;jah
1955-08-04;48,7;123;;jah
1955-08-05;48,1;120;;jah
1955-08-06;47,5;119;;jah
1955-08-07;46,9;119;;jah
1955-08-08;46,3;118;;jah
1955-08-09;45,7;117;;jah
1955-08-10;45,1;115;;jah
1955-08-11;44,6;115;;jah
1955-08-12;44,1;113;;jah
1955-08-13;43,6;111;;jah
1955-08-14;43,1;111;;jah
1955-08-15;42,6;109;;jah
1955-08-16;42,1;107;;jah
1955-08-17;41,6;107;;jah
1955-08-18;41,2;105;;jah
1955-08-19;40,9;105;;jah
1955-08-20;40,6;103;;jah
1955-08-21;40,3;101;;jah
1955-08-22;40;101;;jah
1955-08-23;39,7;101;;jah
1955-08-24;39,3;101;;jah
1955-08-25;39;99;;jah
1955-08-26;38,7;97;;jah
1955-08-27;38,4;95;;jah
1955-08-28;38,1;94;;jah
1955-08-29;37,8;94;;jah
1955-08-30;37,6;93;;jah
1955-08-31;37,4;91;;jah
1955-09-01;37,3;90;;jah
1955-09-02;37,2;87;;jah
1955-09-03;37,1;86;;jah
1955-09-04;37;85;;jah
1955-09-05;36,8;81;;jah
1955-09-06;36,7;83;;jah
1955-09-07;36,6;82;;jah
1955-09-08;36,5;82;;jah
1955-09-09;36,4;81;;jah
1955-09-10;36,3;81;;jah
1955-09-11;36,2;79;;jah
1955-09-12;36,1;75;;jah
1955-09-13;36;78;;jah
1955-09-14;36;79;;jah
1955-09-15;35,9;79;;jah
1955-09-16;35,7;79;;jah
1955-09-17;35,6;74;;jah
1955-09-18;35,5;73;;jah
1955-09-19;35,4;72;;jah
1955-09-20;35,3;70;;jah
1955-09-21;35,2;75;;jah
1955-09-22;35,1;73;;jah
1955-09-23;35;75;;jah
1955-09-24;35;75;;jah
1955-09-25;35;73;;jah
1955-09-26;35;71;;jah
1955-09-27;35;71;;jah
1955-09-28;34,9;71;;jah
1955-09-29;34,8;69;;jah
1955-09-30;34,7;67;;jah
1955-10-01;34,6;65;;jah
1955-10-02;34,6;66;;jah
1955-10-03;34,5;66;;jah
1955-10-04;34,4;67;;jah
1955-10-05;34,4;68;;jah
1955-10-06;34,3;69;;jah
1955-10-07;34,2;68;;jah
1955-10-08;34,2;67;;jah
1955-10-09;34,1;65;;jah
1955-10-10;34;59;;jah
1955-10-11;34;61;;jah
1955-10-12;34;62;;jah
1955-10-13;34;61;;jah
1955-10-14;34;55;;jah
1955-10-15;34;58;;jah
1955-10-16;34,1;63;;jah
1955-10-17;34,2;63;;jah
1955-10-18;34,4;62;;jah
1955-10-19;34,5;67;;jah
1955-10-20;34,6;67;;jah
1955-10-21;34,8;66;;jah
1955-10-22;34,9;67;;jah
1955-10-23;35;67;;jah
1955-10-24;35,3;65;;jah
1955-10-25;35,5;62;;jah
1955-10-26;35,8;61;;jah
1955-10-27;36;59;;jah
1955-10-28;36,3;61;;jah
1955-10-29;36,6;63;;jah
1955-10-30;36,8;62;;jah
1955-10-31;37;65;;jah
1955-11-01;37,3;62;;jah
1955-11-02;37,6;63;;jah
1955-11-03;38;60;;jah
1955-11-04;38,3;63;;jah
1955-11-05;38,6;63;;jah
1955-11-06;38,8;66;;jah
1955-11-07;39;63;;jah
1955-11-08;39,2;61;;jah
1955-11-09;39,4;59;;jah
1955-11-10;39,6;61;;jah
1955-11-11;39,8;63;;jah
1955-11-12;40;63;;jah
1955-11-13;40;62;;jah
1955-11-14;40;62;;jah
1955-11-15;40,1;61;;jah
1955-11-16;40,1;63;;jah
1955-11-17;40,1;60;;jah
1955-11-18;40;54;;jah
1955-11-19;39,8;59;;jah
1955-11-20;39,6;56;;jah
1955-11-21;39;60;;jah
1955-11-22;38,5;54;;jah
1955-11-23;38;57;;jah
1955-11-24;36;57;;jah
1955-11-25;35;59;;jah
1955-11-26;34,5;57;;jah
1955-11-27;32,5;58;;jah
1955-11-28;32;64;;jah
1955-11-29;32,5;61;;jah
1955-11-30;34;53;;jah
1955-12-01;36;54;;jah
1955-12-02;38;63;;jah
1955-12-03;41;73;;jah
1955-12-04;43,3;88;;jah
1955-12-05;44;91;;jah
1955-12-06;43,8;93;;jah
1955-12-07;43,5;93;;jah
1955-12-08;43;92;;jah
1955-12-09;42,5;88;;jah
1955-12-10;41;85;;jah
1955-12-11;40;83;;jah
1955-12-12;39;81;;jah
1955-12-13;38;79;;jah
1955-12-14;37;77;;jah
1955-12-15;36,2;73;;jah
1955-12-16;35,5;71;;jah
1955-12-17;34,8;71;;jah
1955-12-18;34,2;69;;jah
1955-12-19;33,6;66;;jah
1955-12-20;33;65;;jah
1955-12-21;32,5;65;;jah
1955-12-22;32,3;65;;jah
1955-12-23;32,1;65;;jah
1955-12-24;32;64;;jah
1955-12-25;32;66;;jah
1955-12-26;32,1;66;;jah
1955-12-27;32,3;69;;jah
1955-12-28;32,8;71;;jah
1955-12-29;33,6;73;;jah
1955-12-30;34,4;79;;jah
1955-12-31;35,2;85;;jah
1956-01-01;36,5;91;;jah
1956-01-02;38,5;95;;jah
1956-01-03;40,2;95;;jah
1956-01-04;40,6;97;;jah
1956-01-05;40,8;96;;jah
1956-01-06;41,3;97;;jah
1956-01-07;41,5;100;;jah
1956-01-08;40,6;98;;jah
1956-01-09;39;87;;jah
1956-01-10;36;75;;jah
1956-01-11;34,5;72;;jah
1956-01-12;33,5;69;;jah
1956-01-13;33;69;;jah
1956-01-14;34,5;75;;jah
1956-01-15;37;85;;jah
1956-01-16;38;90;;jah
1956-01-17;39,5;91;;jah
1956-01-18;40,8;90;;jah
1956-01-19;41,3;93;;jah
1956-01-20;41,5;93;;jah
1956-01-21;42;91;;jah
1956-01-22;42,4;95;;jah
1956-01-23;42,5;95;;jah
1956-01-24;42,8;95;;jah
1956-01-25;42,2;93;;jah
1956-01-26;41;75;;jah
1956-01-27;35;71;;jah
1956-01-28;32,5;71;;jah
1956-01-29;31,6;71;;jah
1956-01-30;31,2;65;;jah
1956-01-31;31;63;;jah
1956-02-01;31;62;;jah
1956-02-02;31;63;;jah
1956-02-03;31;65;;jah
1956-02-04;31,5;67;;jah
1956-02-05;32,2;68;;jah
1956-02-06;33;70;;jah
1956-02-07;32,5;67;;jah
1956-02-08;32;67;;jah
1956-02-09;31,5;67;;jah
1956-02-10;31,3;67;;jah
1956-02-11;31;67;;jah
1956-02-12;30,8;66;;jah
1956-02-13;30,6;66;;jah
1956-02-14;30,4;64;;jah
1956-02-15;30;64;;jah
1956-02-16;29,8;64;;jah
1956-02-17;29,6;63;;jah
1956-02-18;29,5;62;;jah
1956-02-19;29,5;63;;jah
1956-02-20;29,5;63;;jah
1956-02-21;29,5;63;;jah
1956-02-22;29,5;63;;jah
1956-02-23;29,6;64;;jah
1956-02-24;29,6;64;;jah
1956-02-25;29,7;65;;jah
1956-02-26;30,2;66;;jah
1956-02-27;30,6;67;;jah
1956-02-28;30,8;68;;jah
1956-02-29;31;70;;jah
1956-03-01;31,2;70;;jah
1956-03-02;31,4;72;;jah
1956-03-03;31,5;74;;jah
1956-03-04;31,5;74;;jah
1956-03-05;31,6;74;;jah
1956-03-06;31,6;76;;jah
1956-03-07;31,6;76;;jah
1956-03-08;31,5;76;;jah
1956-03-09;31,5;76;;jah
1956-03-10;31,4;75;;jah
1956-03-11;31,2;74;;jah
1956-03-12;30,8;73;;jah
1956-03-13;30,5;74;;jah
1956-03-14;30,2;74;;jah
1956-03-15;30;74;;jah
1956-03-16;29,8;73;;jah
1956-03-17;29,6;74;;jah
1956-03-18;29,5;74;;jah
1956-03-19;29,4;72;;jah
1956-03-20;29,2;72;;jah
1956-03-21;29,1;72;;jah
1956-03-22;29;72;;jah
1956-03-23;29;70;;jah
1956-03-24;28,9;68;;jah
1956-03-25;28,9;66;;jah
1956-03-26;28,9;63;;jah
1956-03-27;28,7;62;;jah
1956-03-28;28,5;58;;jah
1956-03-29;28,5;50;;jah
1956-03-30;28,4;46;;jah
1956-03-31;28,4;42;;jah
1956-04-01;28,7;38;;jah
1956-04-02;29,1;36;;jah
1956-04-03;29,5;36;;jah
1956-04-04;29,5;37;;jah
1956-04-05;29,5;36;;jah
1956-04-06;29,5;36;;jah
1956-04-07;29,5;34;;jah
1956-04-08;31;46;;jah
1956-04-09;32,3;43;;jah
1956-04-10;32,4;36;;jah
1956-04-11;32,5;38;;jah
1956-04-12;32,7;38;;jah
1956-04-13;32,9;38;;jah
1956-04-14;33,7;40;;jah
1956-04-15;34,6;44;;jah
1956-04-16;35,8;46;;jah
1956-04-17;37;51;;jah
1956-04-18;39;55;;jah
1956-04-19;44;70;;jah
1956-04-20;54,6;93;;jah
1956-04-21;70;107;;jah
1956-04-22;76;127;;jah
1956-04-23;85,8;158;;jah
1956-04-24;103;195;;jah
1956-04-25;127;219;;jah
1956-04-26;147;243;;jah
1956-04-27;167;262;;jah
1956-04-28;187;279;;jah
1956-04-29;208;297;;jah
1956-04-30;223;309;;jah
1956-05-01;233;326;;jah
1956-05-02;238;335;;jah
1956-05-03;241;341;;jah
1956-05-04;243;344;;jah
1956-05-05;251;345;;jah
1956-05-06;251;345;;jah
1956-05-07;246;343;;jah
1956-05-08;237;342;;jah
1956-05-09;229;339;;jah
1956-05-10;222;336;;jah
1956-05-11;215;331;;jah
1956-05-12;208;327;;jah
1956-05-13;201;322;;jah
1956-05-14;194;317;;jah
1956-05-15;187;311;;jah
1956-05-16;181;305;;jah
1956-05-17;175;299;;jah
1956-05-18;169;290;;jah
1956-05-19;164;282;;jah
1956-05-20;158;276;;jah
1956-05-21;152;274;;jah
1956-05-22;147;268;;jah
1956-05-23;143;264;;jah
1956-05-24;137;259;;jah
1956-05-25;132;253;;jah
1956-05-26;127;248;;jah
1956-05-27;123;242;;jah
1956-05-28;119;236;;jah
1956-05-29;114;230;;jah
1956-05-30;110;227;;jah
1956-05-31;105;223;;jah
1956-06-01;102;219;;jah
1956-06-02;98;215;;jah
1956-06-03;94;207;;jah
1956-06-04;88,9;204;;jah
1956-06-05;84,5;201;;jah
1956-06-06;81,5;197;;jah
1956-06-07;79;195;;jah
1956-06-08;76;195;;jah
1956-06-09;74;195;;jah
1956-06-10;72,3;192;;jah
1956-06-11;71,5;191;;jah
1956-06-12;71;191;;jah
1956-06-13;71;191;;jah
1956-06-14;72;194;;jah
1956-06-15;73,5;193;;jah
1956-06-16;73;193;;jah
1956-06-17;72,5;192;;jah
1956-06-18;71,5;189;;jah
1956-06-19;69;187;;jah
1956-06-20;68;184;;jah
1956-06-21;67;183;;jah
1956-06-22;72;191;;jah
1956-06-23;73,4;193;;jah
1956-06-24;73;192;;jah
1956-06-25;71;189;;jah
1956-06-26;69;185;;jah
1956-06-27;68;181;;jah
1956-06-28;67;178;;jah
1956-06-29;66;174;;jah
1956-06-30;65,5;172;;jah
1956-07-01;65;173;;jah
1956-07-02;64,5;171;;jah
1956-07-03;64;169;;jah
1956-07-04;63,5;169;;jah
1956-07-05;63,5;167;;jah
1956-07-06;63,5;166;;jah
1956-07-07;63,5;166;;jah
1956-07-08;64;167;;jah
1956-07-09;64,4;169;;jah
1956-07-10;64,5;169;;jah
1956-07-11;64;169;;jah
1956-07-12;63,6;165;;jah
1956-07-13;63,6;165;;jah
1956-07-14;63,6;164;;jah
1956-07-15;63,5;163;;jah
1956-07-16;63,4;162;;jah
1956-07-17;63,3;161;;jah
1956-07-18;63;158;;jah
1956-07-19;62,8;155;;jah
1956-07-20;62,5;153;;jah
1956-07-21;62;151;;jah
1956-07-22;61,8;150;;jah
1956-07-23;61,5;147;;jah
1956-07-24;61,2;149;;jah
1956-07-25;61;148;;jah
1956-07-26;60,7;147;;jah
1956-07-27;60,6;147;;jah
1956-07-28;60,5;147;;jah
1956-07-29;60,5;147;;jah
1956-07-30;60,5;149;;jah
1956-07-31;60,5;149;;jah
1956-08-01;60,5;150;;jah
1956-08-02;60,6;149;;jah
1956-08-03;60,7;149;;jah
1956-08-04;60,7;151;;jah
1956-08-05;60,6;149;;jah
1956-08-06;60,5;147;;jah
1956-08-07;60,4;145;;jah
1956-08-08;60,2;145;;jah
1956-08-09;60;143;;jah
1956-08-10;59,8;141;;jah
1956-08-11;59,6;140;;jah
1956-08-12;59,2;139;;jah
1956-08-13;58,9;137;;jah
1956-08-14;58,5;136;;jah
1956-08-15;58;135;;jah
1956-08-16;57,4;132;;jah
1956-08-17;56,8;130;;jah
1956-08-18;56,2;129;;jah
1956-08-19;55,6;128;;jah
1956-08-20;55;128;;jah
1956-08-21;54,6;125;;jah
1956-08-22;54,3;127;;jah
1956-08-23;54,1;127;;jah
1956-08-24;56,5;130;;jah
1956-08-25;58;133;;jah
1956-08-26;57;130;;jah
1956-08-27;54;125;;jah
1956-08-28;55;129;;jah
1956-08-29;56,5;130;;jah
1956-08-30;59;131;;jah
1956-08-31;65;139;;jah
1956-09-01;65,5;139;;jah
1956-09-02;66,5;140;;jah
1956-09-03;67,3;141;;jah
1956-09-04;69;143;;jah
1956-09-05;70,5;143;;jah
1956-09-06;71,5;145;;jah
1956-09-07;70;143;;jah
1956-09-08;68,5;141;;jah
1956-09-09;65,5;141;;jah
1956-09-10;63,5;139;;jah
1956-09-11;61;135;;jah
1956-09-12;59,5;135;;jah
1956-09-13;57,8;133;;jah
1956-09-14;57;128;;jah
1956-09-15;56;124;;jah
1956-09-16;55,3;121;;jah
1956-09-17;54,6;121;;jah
1956-09-18;54;120;;jah
1956-09-19;53,6;117;;jah
1956-09-20;53;117;;jah
1956-09-21;52,6;115;;jah
1956-09-22;52,3;114;;jah
1956-09-23;52;113;;jah
1956-09-24;51,6;110;;jah
1956-09-25;51,3;106;;jah
1956-09-26;50,8;105;;jah
1956-09-27;50,5;109;;jah
1956-09-28;50;107;;jah
1956-09-29;49,6;100;;jah
1956-09-30;49,4;95;;jah
1956-10-01;49,6;104;;jah
1956-10-02;50,4;105;;jah
1956-10-03;51,5;107;;jah
1956-10-04;53;105;;jah
1956-10-05;55,5;106;;jah
1956-10-06;59;107;;jah
1956-10-07;62,5;115;;jah
1956-10-08;64,5;117;;jah
1956-10-09;66,4;125;;jah
1956-10-10;68,2;131;;jah
1956-10-11;69,2;133;;jah
1956-10-12;70,4;135;;jah
1956-10-13;70,9;135;;jah
1956-10-14;71,5;135;;jah
1956-10-15;71,8;137;;jah
1956-10-16;72;137;;jah
1956-10-17;71,6;137;;jah
1956-10-18;71,4;137;;jah
1956-10-19;71;135;;jah
1956-10-20;70;135;;jah
1956-10-21;69,6;132;;jah
1956-10-22;69;130;;jah
1956-10-23;68,1;129;;jah
1956-10-24;67,5;130;;jah
1956-10-25;67,2;129;;jah
1956-10-26;67;128;;jah
1956-10-27;66,8;126;;jah
1956-10-28;68,5;130;;jah
1956-10-29;70;132;;jah
1956-10-30;68,5;129;;jah
1956-10-31;66;120;;jah
1956-11-01;62;117;;jah
1956-11-02;58,5;114;;jah
1956-11-03;57,1;113;;jah
1956-11-04;56;113;;jah
1956-11-05;54,5;115;;jah
1956-11-06;52,5;121;;jah
1956-11-07;51,5;121;;jah
1956-11-08;50,5;121;;jah
1956-11-09;49,2;123;;jah
1956-11-10;48,5;122;;jah
1956-11-11;48;122;;jah
1956-11-12;48,4;121;;jah
1956-11-13;48,8;117;;jah
1956-11-14;49;121;;jah
1956-11-15;49,8;125;;jah
1956-11-16;50,5;131;;jah
1956-11-17;51,2;137;;jah
1956-11-18;52,5;141;;jah
1956-11-19;53,5;139;;jah
1956-11-20;54,5;137;;jah
1956-11-21;55;137;;jah
1956-11-22;55,5;137;;jah
1956-11-23;55,9;137;;jah
1956-11-24;56,2;139;;jah
1956-11-25;56,5;139;;jah
1956-11-26;57;139;;jah
1956-11-27;57,1;139;;jah
1956-11-28;57,2;139;;jah
1956-11-29;57;137;;jah
1956-11-30;56,8;137;;jah
1956-12-01;56,4;133;;jah
1956-12-02;56;129;;jah
1956-12-03;55,4;131;;jah
1956-12-04;54,7;130;;jah
1956-12-05;54,5;129;;jah
1956-12-06;54,4;126;;jah
1956-12-07;54,6;124;;jah
1956-12-08;55;129;;jah
1956-12-09;55,5;135;;jah
1956-12-10;56,2;137;;jah
1956-12-11;56,8;143;;jah
1956-12-12;57,6;131;;jah
1956-12-13;58,7;125;;jah
1956-12-14;60;125;;jah
1956-12-15;61;127;;jah
1956-12-16;62,5;134;;jah
1956-12-17;63,5;147;;jah
1956-12-18;64,2;156;;jah
1956-12-19;64,9;160;;jah
1956-12-20;65,4;163;;jah
1956-12-21;65,8;169;;jah
1956-12-22;66;170;;jah
1956-12-23;66,8;175;;jah
1956-12-24;67,5;186;;jah
1956-12-25;66;173;;jah
1956-12-26;64,5;175;;jah
1956-12-27;62,5;174;;jah
1956-12-28;59,5;173;;jah
1956-12-29;54;173;;jah
1956-12-30;49,5;181;;jah
1956-12-31;47,5;186;;jah
1957-01-01;47,4;186;;jah
1957-01-02;47,2;187;;jah
1957-01-03;47,1;187;;jah
1957-01-04;46,7;185;;jah
1957-01-05;46;182;;jah
1957-01-06;45,1;182;;jah
1957-01-07;44,3;178;;jah
1957-01-08;43;176;;jah
1957-01-09;46,5;178;;jah
1957-01-10;72,7;186;;jah
1957-01-11;73,5;186;;jah
1957-01-12;73;185;;jah
1957-01-13;72,5;178;;jah
1957-01-14;71,8;173;;jah
1957-01-15;70,5;170;;jah
1957-01-16;69;163;;jah
1957-01-17;67,5;159;;jah
1957-01-18;66,5;154;;jah
1957-01-19;65,8;152;;jah
1957-01-20;65,5;151;;jah
1957-01-21;67,5;156;;jah
1957-01-22;69;159;;jah
1957-01-23;70,8;163;;jah
1957-01-24;71,6;166;;jah
1957-01-25;68,5;158;;jah
1957-01-26;65;149;;jah
1957-01-27;61;140;;jah
1957-01-28;57,5;132;;jah
1957-01-29;54,8;126;;jah
1957-01-30;52,5;121;;jah
1957-01-31;49;118;;jah
1957-02-01;48;115;;jah
1957-02-02;72,5;118;;jah
1957-02-03;74;132;;jah
1957-02-04;75,4;136;;jah
1957-02-05;75,9;138;;jah
1957-02-06;77,2;154;;jah
1957-02-07;79,4;172;;jah
1957-02-08;81,8;177;;jah
1957-02-09;84,5;178;;jah
1957-02-10;86;212;;jah
1957-02-11;84;207;;jah
1957-02-12;81,7;205;;jah
1957-02-13;82,6;206;;jah
1957-02-14;82;205;;jah
1957-02-15;84,5;208;;jah
1957-02-16;87,6;212;;jah
1957-02-17;90;217;;jah
1957-02-18;91,1;220;;jah
1957-02-19;92;222;;jah
1957-02-20;88,5;219;;jah
1957-02-21;86;215;;jah
1957-02-22;84,5;211;;jah
1957-02-23;82,8;208;;jah
1957-02-24;81,8;204;;jah
1957-02-25;78,9;198;;jah
1957-02-26;77;194;;jah
1957-02-27;74,6;188;;jah
1957-02-28;71,6;182;;jah
1957-03-01;70,3;180;;jah
1957-03-02;69,4;176;;jah
1957-03-03;68,4;172;;jah
1957-03-04;67,4;169;;jah
1957-03-05;66,8;166;;jah
1957-03-06;66,1;161;;jah
1957-03-07;65,4;156;;jah
1957-03-08;64,6;149;;jah
1957-03-09;64;146;;jah
1957-03-10;63,3;140;;jah
1957-03-11;62,8;133;;jah
1957-03-12;62,2;128;;jah
1957-03-13;61,5;124;;jah
1957-03-14;61;125;;jah
1957-03-15;60,5;124;;jah
1957-03-16;61;127;;jah
1957-03-17;66;156;;jah
1957-03-18;66;156;;jah
1957-03-19;57;136;;jah
1957-03-20;60;145;;jah
1957-03-21;62;148;;jah
1957-03-22;60,8;142;;jah
1957-03-23;59,5;138;;jah
1957-03-24;57,8;134;;jah
1957-03-25;56,9;125;;jah
1957-03-26;55;120;;jah
1957-03-27;53,4;116;;jah
1957-03-28;51,5;113;;jah
1957-03-29;53,4;114;;jah
1957-03-30;55,5;124;;jah
1957-03-31;64,5;142;;jah
1957-04-01;79,9;166;;jah
1957-04-02;105;196;;jah
1957-04-03;114;214;;jah
1957-04-04;125;226;;jah
1957-04-05;145;236;;jah
1957-04-06;158;248;;jah
1957-04-07;166;258;;jah
1957-04-08;174;265;;jah
1957-04-09;177;269;;jah
1957-04-10;186;279;;jah
1957-04-11;178;273;;jah
1957-04-12;176;271;;jah
1957-04-13;171;267;;jah
1957-04-14;167;266;;jah
1957-04-15;163;262;;jah
1957-04-16;158;258;;jah
1957-04-17;153;252;;jah
1957-04-18;149;244;;jah
1957-04-19;144;237;;jah
1957-04-20;139;232;;jah
1957-04-21;134;228;;jah
1957-04-22;126;225;;jah
1957-04-23;124;222;;jah
1957-04-24;124;222;;jah
1957-04-25;126;224;;jah
1957-04-26;130;226;;jah
1957-04-27;132;228;;jah
1957-04-28;136;232;;jah
1957-04-29;152;244;;jah
1957-04-30;162;255;;jah
1957-05-01;172;266;;jah
1957-05-02;178;274;;jah
1957-05-03;182;278;;jah
1957-05-04;184;280;;jah
1957-05-05;186;283;;jah
1957-05-06;182;281;;jah
1957-05-07;178;278;;jah
1957-05-08;175;276;;jah
1957-05-09;179;279;;jah
1957-05-10;178;278;;jah
1957-05-11;175;276;;jah
1957-05-12;170;272;;jah
1957-05-13;168;270;;jah
1957-05-14;164;268;;jah
1957-05-15;161;266;;jah
1957-05-16;157;262;;jah
1957-05-17;153;260;;jah
1957-05-18;149;254;;jah
1957-05-19;145;249;;jah
1957-05-20;141;244;;jah
1957-05-21;136;239;;jah
1957-05-22;130;234;;jah
1957-05-23;126;228;;jah
1957-05-24;123;222;;jah
1957-05-25;120;220;;jah
1957-05-26;115;216;;jah
1957-05-27;111;211;;jah
1957-05-28;107;206;;jah
1957-05-29;103;202;;jah
1957-05-30;99,4;198;;jah
1957-05-31;94,5;192;;jah
1957-06-01;91,5;188;;jah
1957-06-02;87,5;182;;jah
1957-06-03;82,4;178;;jah
1957-06-04;82;176;;jah
1957-06-05;82;176;;jah
1957-06-06;83,5;180;;jah
1957-06-07;86;182;;jah
1957-06-08;85,3;180;;jah
1957-06-09;84,5;178;;jah
1957-06-10;83,5;176;;jah
1957-06-11;82,9;175;;jah
1957-06-12;82,4;173;;jah
1957-06-13;81,5;171;;jah
1957-06-14;79,5;168;;jah
1957-06-15;77,5;166;;jah
1957-06-16;75,4;162;;jah
1957-06-17;73,3;160;;jah
1957-06-18;71;156;;jah
1957-06-19;69,5;153;;jah
1957-06-20;67,2;150;;jah
1957-06-21;65;148;;jah
1957-06-22;63,5;147;;jah
1957-06-23;64,6;148;;jah
1957-06-24;64,4;145;;jah
1957-06-25;64;144;;jah
1957-06-26;63,3;142;;jah
1957-06-27;62,8;140;;jah
1957-06-28;62,3;138;;jah
1957-06-29;61,4;136;;jah
1957-06-30;60,7;136;;jah
1957-07-01;59,8;134;;jah
1957-07-02;59;132;;jah
1957-07-03;58,2;128;;jah
1957-07-04;55,6;125;;jah
1957-07-05;57;128;;jah
1957-07-06;56;126;;jah
1957-07-07;54,2;124;;jah
1957-07-08;52,3;122;;jah
1957-07-09;54,2;124;;jah
1957-07-10;53,5;122;;jah
1957-07-11;53;122;;jah
1957-07-12;52,3;121;;jah
1957-07-13;51,8;120;;jah
1957-07-14;50,8;118;;jah
1957-07-15;49,5;117;;jah
1957-07-16;50,1;118;;jah
1957-07-17;51;119;;jah
1957-07-18;50,6;118;;jah
1957-07-19;49,4;117;;jah
1957-07-20;48,2;114;;jah
1957-07-21;47,1;112;;jah
1957-07-22;46,4;111;;jah
1957-07-23;45,8;111;;jah
1957-07-24;45,4;111;;jah
1957-07-25;45,2;108;;jah
1957-07-26;45;107;;jah
1957-07-27;46,2;108;;jah
1957-07-28;46,8;108;;jah
1957-07-29;47,7;110;;jah
1957-07-30;48,2;110;;jah
1957-07-31;49;111;;jah
1957-08-01;48,4;110;;jah
1957-08-02;47,8;107;;jah
1957-08-03;47,4;107;;jah
1957-08-04;47;106;;jah
1957-08-05;46,8;104;;jah
1957-08-06;46,6;102;;jah
1957-08-07;46,5;100;;jah
1957-08-08;46,4;100;;jah
1957-08-09;46,2;98;;jah
1957-08-10;46;97;;jah
1957-08-11;46,8;98;;jah
1957-08-12;46,6;96;;jah
1957-08-13;46,3;96;;jah
1957-08-14;45,5;95;;jah
1957-08-15;46,2;96;;jah
1957-08-16;46,5;101;;jah
1957-08-17;45,4;98;;jah
1957-08-18;46,1;100;;jah
1957-08-19;46,5;101;;jah
1957-08-20;45;98;;jah
1957-08-21;44,5;96;;jah
1957-08-22;45;98;;jah
1957-08-23;44,9;99;;jah
1957-08-24;43;96;;jah
1957-08-25;45,4;100;;jah
1957-08-26;45,5;100;;jah
1957-08-27;45,5;100;;jah
1957-08-28;45,5;100;;jah
1957-08-29;44,4;98;;jah
1957-08-30;44,4;98;;jah
1957-08-31;45,5;100;;jah
1957-09-01;51;109;;jah
1957-09-02;52,7;113;;jah
1957-09-03;53,9;115;;jah
1957-09-04;55,6;117;;jah
1957-09-05;54,9;116;;jah
1957-09-06;54;114;;jah
1957-09-07;53,9;114;;jah
1957-09-08;53,5;113;;jah
1957-09-09;53,2;112;;jah
1957-09-10;52,5;110;;jah
1957-09-11;51,6;108;;jah
1957-09-12;50,8;106;;jah
1957-09-13;49,7;104;;jah
1957-09-14;49;103;;jah
1957-09-15;47,8;101;;jah
1957-09-16;48,6;102;;jah
1957-09-17;47,8;101;;jah
1957-09-18;55;116;;jah
1957-09-19;55,6;117;;jah
1957-09-20;56,7;118;;jah
1957-09-21;59;122;;jah
1957-09-22;60,4;123;;jah
1957-09-23;61,9;125;;jah
1957-09-24;62,3;127;;jah
1957-09-25;62,6;128;;jah
1957-09-26;61,8;126;;jah
1957-09-27;62,1;128;;jah
1957-09-28;62,8;134;;jah
1957-09-29;64;136;;jah
1957-09-30;64,5;138;;jah
1957-10-01;64,2;138;;jah
1957-10-02;64;138;;jah
1957-10-03;64,5;139;;jah
1957-10-04;65;141;;jah
1957-10-05;64,5;140;;jah
1957-10-06;65,1;143;;jah
1957-10-07;65,6;144;;jah
1957-10-08;65,9;146;;jah
1957-10-09;66,2;146;;jah
1957-10-10;66,4;147;;jah
1957-10-11;66,8;146;;jah
1957-10-12;68,5;146;;jah
1957-10-13;71;146;;jah
1957-10-14;72,8;144;;jah
1957-10-15;71,5;143;;jah
1957-10-16;67,5;144;;jah
1957-10-17;65;145;;jah
1957-10-18;63,9;144;;jah
1957-10-19;63,4;145;;jah
1957-10-20;63,6;143;;jah
1957-10-21;64,1;146;;jah
1957-10-22;64,5;148;;jah
1957-10-23;64,8;148;;jah
1957-10-24;65;148;;jah
1957-10-25;64,8;144;;jah
1957-10-26;64,1;143;;jah
1957-10-27;63,8;143;;jah
1957-10-28;63,8;144;;jah
1957-10-29;64,6;144;;jah
1957-10-30;67,5;145;;jah
1957-10-31;70,8;148;;jah
1957-11-01;74,5;153;;jah
1957-11-02;80;156;;jah
1957-11-03;81,4;157;;jah
1957-11-04;82,7;159;;jah
1957-11-05;83,6;160;;jah
1957-11-06;84,5;160;;jah
1957-11-07;85,2;161;;jah
1957-11-08;85,8;162;;jah
1957-11-09;86,4;162;;jah
1957-11-10;85;161;;jah
1957-11-11;84;160;;jah
1957-11-12;82,4;156;;jah
1957-11-13;80;152;;jah
1957-11-14;79,5;150;;jah
1957-11-15;78,8;148;;jah
1957-11-16;77;146;;jah
1957-11-17;75,5;144;;jah
1957-11-18;74,2;142;;jah
1957-11-19;72,5;142;;jah
1957-11-20;71;138;;jah
1957-11-21;69;138;;jah
1957-11-22;67,5;136;;jah
1957-11-23;65,4;135;;jah
1957-11-24;64;138;;jah
1957-11-25;62,5;137;;jah
1957-11-26;60,8;132;;jah
1957-11-27;59;141;;jah
1957-11-28;57;134;;jah
1957-11-29;54;127;;jah
1957-11-30;45;125;;jah
1957-12-01;37;120;;jah
1957-12-02;34;119;;jah
1957-12-03;36,6;121;;jah
1957-12-04;39;122;;jah
1957-12-05;45;126;;jah
1957-12-06;49,7;132;;jah
1957-12-07;52;133;;jah
1957-12-08;53,2;137;;jah
1957-12-09;54,1;139;;jah
1957-12-10;55;140;;jah
1957-12-11;55,2;140;;jah
1957-12-12;55;140;;jah
1957-12-13;54,8;140;;jah
1957-12-14;54,2;138;;jah
1957-12-15;52,6;136;;jah
1957-12-16;49,5;133;;jah
1957-12-17;48,3;132;;jah
1957-12-18;48;133;;jah
1957-12-19;48,2;133;;jah
1957-12-20;48,6;134;;jah
1957-12-21;52,5;138;;jah
1957-12-22;57,5;148;;jah
1957-12-23;64,8;163;;jah
1957-12-24;65,8;174;;jah
1957-12-25;66,4;178;;jah
1957-12-26;67;178;;jah
1957-12-27;68,2;182;;jah
1957-12-28;69,4;188;;jah
1957-12-29;70;191;;jah
1957-12-30;67,8;186;;jah
1957-12-31;66;186;;jah
1958-01-01;61,1;175;;jah
1958-01-02;57;166;;jah
1958-01-03;52,9;164;;jah
1958-01-04;52;160;;jah
1958-01-05;51,3;162;;jah
1958-01-06;50,5;160;;jah
1958-01-07;49,8;161;;jah
1958-01-08;48,8;160;;jah
1958-01-09;47,6;156;;jah
1958-01-10;46,3;153;;jah
1958-01-11;45;152;;jah
1958-01-12;43,6;150;;jah
1958-01-13;43;149;;jah
1958-01-14;43,5;150;;jah
1958-01-15;44,2;150;;jah
1958-01-16;45,4;150;;jah
1958-01-17;46,6;150;;jah
1958-01-18;48;150;;jah
1958-01-19;49;150;;jah
1958-01-20;50,3;148;;jah
1958-01-21;51,8;146;;jah
1958-01-22;53,6;144;;jah
1958-01-23;53,8;144;;jah
1958-01-24;54;144;;jah
1958-01-25;53,8;141;;jah
1958-01-26;53,7;142;;jah
1958-01-27;54,4;144;;jah
1958-01-28;54,8;144;;jah
1958-01-29;54,9;145;;jah
1958-01-30;55,1;145;;jah
1958-01-31;55,2;143;;jah
1958-02-01;55,2;142;;jah
1958-02-02;55,1;142;;jah
1958-02-03;54,7;142;;jah
1958-02-04;51,3;142;;jah
1958-02-05;48,2;132;;jah
1958-02-06;43,9;116;;jah
1958-02-07;40,8;110;;jah
1958-02-08;40,6;110;;jah
1958-02-09;40,8;114;;jah
1958-02-10;41,1;109;;jah
1958-02-11;40,7;108;;jah
1958-02-12;40,1;106;;jah
1958-02-13;39,7;108;;jah
1958-02-14;45;121;;jah
1958-02-15;50,4;140;;jah
1958-02-16;54,5;142;;jah
1958-02-17;54,4;138;;jah
1958-02-18;53,9;135;;jah
1958-02-19;53,4;133;;jah
1958-02-20;52,4;133;;jah
1958-02-21;51,7;132;;jah
1958-02-22;50,3;128;;jah
1958-02-23;49,4;131;;jah
1958-02-24;48,4;128;;jah
1958-02-25;46,9;127;;jah
1958-02-26;45,4;122;;jah
1958-02-27;43,8;118;;jah
1958-02-28;47,8;130;;jah
1958-03-01;47,7;128;;jah
1958-03-02;47,3;127;;jah
1958-03-03;46,1;126;;jah
1958-03-04;44,4;124;;jah
1958-03-05;43,7;126;;jah
1958-03-06;44;130;;jah
1958-03-07;46,2;130;;jah
1958-03-08;46,2;127;;jah
1958-03-09;45,8;126;;jah
1958-03-10;42,4;122;;jah
1958-03-11;43,1;132;;jah
1958-03-12;44,5;132;;jah
1958-03-13;45,3;132;;jah
1958-03-14;45,3;128;;jah
1958-03-15;45,4;125;;jah
1958-03-16;45,7;120;;jah
1958-03-17;45,6;116;;jah
1958-03-18;45,5;112;;jah
1958-03-19;45,4;108;;jah
1958-03-20;45,2;108;;jah
1958-03-21;45;108;;jah
1958-03-22;44,8;105;;jah
1958-03-23;44,6;104;;jah
1958-03-24;44,4;104;;jah
1958-03-25;44,1;102;;jah
1958-03-26;43,7;97;;jah
1958-03-27;43,2;94;;jah
1958-03-28;42,9;92;;jah
1958-03-29;42,4;90;;jah
1958-03-30;41,9;86;;jah
1958-03-31;41,4;85;;jah
1958-04-01;41,1;85;;jah
1958-04-02;40,6;86;;jah
1958-04-03;40,3;83;;jah
1958-04-04;39,9;82;;jah
1958-04-05;39,5;82;;jah
1958-04-06;39,3;80;;jah
1958-04-07;39,2;77;;jah
1958-04-08;39,5;79;;jah
1958-04-09;40,2;80;;jah
1958-04-10;41,4;80;;jah
1958-04-11;42,9;82;;jah
1958-04-12;44,8;84;;jah
1958-04-13;47,6;88;;jah
1958-04-14;53,4;95;;jah
1958-04-15;57,6;116;;jah
1958-04-16;80,4;156;;jah
1958-04-17;108;194;;jah
1958-04-18;121;216;;jah
1958-04-19;132;227;;jah
1958-04-20;146;236;;jah
1958-04-21;158;246;;jah
1958-04-22;170;257;;jah
1958-04-23;182;266;;jah
1958-04-24;185;272;;jah
1958-04-25;186;275;;jah
1958-04-26;185;274;;jah
1958-04-27;181;272;;jah
1958-04-28;177;269;;jah
1958-04-29;172;267;;jah
1958-04-30;166;264;;jah
1958-05-01;164;260;;jah
1958-05-02;162;256;;jah
1958-05-03;160;255;;jah
1958-05-04;158;255;;jah
1958-05-05;157;255;;jah
1958-05-06;156;254;;jah
1958-05-07;156;253;;jah
1958-05-08;155;254;;jah
1958-05-09;155;254;;jah
1958-05-10;155;254;;jah
1958-05-11;154;254;;jah
1958-05-12;153;252;;jah
1958-05-13;152;250;;jah
1958-05-14;150;247;;jah
1958-05-15;147;244;;jah
1958-05-16;145;243;;jah
1958-05-17;143;242;;jah
1958-05-18;153;246;;jah
1958-05-19;152;242;;jah
1958-05-20;148;240;;jah
1958-05-21;141;238;;jah
1958-05-22;137;236;;jah
1958-05-23;133;231;;jah
1958-05-24;128;226;;jah
1958-05-25;125;224;;jah
1958-05-26;118;220;;jah
1958-05-27;113;216;;jah
1958-05-28;108;211;;jah
1958-05-29;104;208;;jah
1958-05-30;100;203;;jah
1958-05-31;95,3;199;;jah
1958-06-01;92,4;196;;jah
1958-06-02;90;194;;jah
1958-06-03;87,1;192;;jah
1958-06-04;85,6;188;;jah
1958-06-05;83,1;185;;jah
1958-06-06;81,6;182;;jah
1958-06-07;80;179;;jah
1958-06-08;78,2;177;;jah
1958-06-09;76,6;177;;jah
1958-06-10;75,3;176;;jah
1958-06-11;73,8;174;;jah
1958-06-12;72,5;172;;jah
1958-06-13;71,3;170;;jah
1958-06-14;69,2;170;;jah
1958-06-15;67,5;168;;jah
1958-06-16;66,1;166;;jah
1958-06-17;64,9;164;;jah
1958-06-18;63,3;162;;jah
1958-06-19;62,5;161;;jah
1958-06-20;60,9;158;;jah
1958-06-21;59,8;156;;jah
1958-06-22;59;155;;jah
1958-06-23;58,1;153;;jah
1958-06-24;57,6;152;;jah
1958-06-25;57,3;152;;jah
1958-06-26;57,1;152;;jah
1958-06-27;56,9;152;;jah
1958-06-28;56,6;152;;jah
1958-06-29;56,5;152;;jah
1958-06-30;56,3;152;;jah
1958-07-01;55,8;150;;jah
1958-07-02;55,3;148;;jah
1958-07-03;54,8;146;;jah
1958-07-04;54,5;143;;jah
1958-07-05;54,2;143;;jah
1958-07-06;53,9;142;;jah
1958-07-07;53,8;138;;jah
1958-07-08;53,7;136;;jah
1958-07-09;53,6;132;;jah
1958-07-10;53,5;130;;jah
1958-07-11;53,4;128;;jah
1958-07-12;53,4;128;;jah
1958-07-13;53,3;128;;jah
1958-07-14;53,2;127;;jah
1958-07-15;52,9;121;;jah
1958-07-16;53,3;122;;jah
1958-07-17;53,8;124;;jah
1958-07-18;53,4;122;;jah
1958-07-19;50,3;119;;jah
1958-07-20;48;112;;jah
1958-07-21;48,4;114;;jah
1958-07-22;49;117;;jah
1958-07-23;49,4;116;;jah
1958-07-24;49,3;115;;jah
1958-07-25;49;116;;jah
1958-07-26;48,8;114;;jah
1958-07-27;48,6;113;;jah
1958-07-28;48,9;114;;jah
1958-07-29;49,8;120;;jah
1958-07-30;50,7;119;;jah
1958-07-31;50,6;118;;jah
1958-08-01;50,4;116;;jah
1958-08-02;50;116;;jah
1958-08-03;49,7;114;;jah
1958-08-04;49,5;110;;jah
1958-08-05;49,5;110;;jah
1958-08-06;49,5;108;;jah
1958-08-07;49,7;109;;jah
1958-08-08;50,2;109;;jah
1958-08-09;50,4;110;;jah
1958-08-10;50,5;112;;jah
1958-08-11;50,5;111;;jah
1958-08-12;50,4;110;;jah
1958-08-13;49,9;110;;jah
1958-08-14;48,9;110;;jah
1958-08-15;47,6;108;;jah
1958-08-16;46,5;106;;jah
1958-08-17;45,3;104;;jah
1958-08-18;44,7;102;;jah
1958-08-19;44,5;102;;jah
1958-08-20;44,4;102;;jah
1958-08-21;44,3;104;;jah
1958-08-22;44,1;101;;jah
1958-08-23;43,7;102;;jah
1958-08-24;43,5;102;;jah
1958-08-25;42,4;98;;jah
1958-08-26;42,1;98;;jah
1958-08-27;42;99;;jah
1958-08-28;41,9;100;;jah
1958-08-29;41,6;100;;jah
1958-08-30;41;97;;jah
1958-08-31;40;94;;jah
1958-09-01;39,3;91;;jah
1958-09-02;38,6;90;;jah
1958-09-03;38,1;89;;jah
1958-09-04;37,9;87;;jah
1958-09-05;37,7;83;;jah
1958-09-06;37,6;84;;jah
1958-09-07;37,5;82;;jah
1958-09-08;37,5;82;;jah
1958-09-09;37,4;84;;jah
1958-09-10;37,3;84;;jah
1958-09-11;37,3;82;;jah
1958-09-12;37,2;80;;jah
1958-09-13;37,1;74;;jah
1958-09-14;36,8;72;;jah
1958-09-15;36,5;74;;jah
1958-09-16;36,2;75;;jah
1958-09-17;35,7;74;;jah
1958-09-18;35,3;70;;jah
1958-09-19;35;69;;jah
1958-09-20;34,6;70;;jah
1958-09-21;34,5;70;;jah
1958-09-22;34,2;70;;jah
1958-09-23;34;70;;jah
1958-09-24;33,8;68;;jah
1958-09-25;33,8;68;;jah
1958-09-26;34,9;71;;jah
1958-09-27;36,4;74;;jah
1958-09-28;35,5;70;;jah
1958-09-29;35,2;69;;jah
1958-09-30;35,3;70;;jah
1958-10-01;35,7;70;;jah
1958-10-02;36,1;73;;jah
1958-10-03;36,4;73;;jah
1958-10-04;36,5;69;;jah
1958-10-05;36,7;67;;jah
1958-10-06;36,9;66;;jah
1958-10-07;37,1;67;;jah
1958-10-08;37,4;66;;jah
1958-10-09;37,6;64;;jah
1958-10-10;37,9;66;;jah
1958-10-11;38,1;66;;jah
1958-10-12;38,3;67;;jah
1958-10-13;38,4;68;;jah
1958-10-14;38,7;68;;jah
1958-10-15;39;72;;jah
1958-10-16;39,5;68;;jah
1958-10-17;40;67;;jah
1958-10-18;40,7;70;;jah
1958-10-19;41,2;68;;jah
1958-10-20;41,8;66;;jah
1958-10-21;42,4;70;;jah
1958-10-22;42,8;68;;jah
1958-10-23;43,1;65;;jah
1958-10-24;43,2;64;;jah
1958-10-25;43,2;64;;jah
1958-10-26;43,1;68;;jah
1958-10-27;42,6;62;;jah
1958-10-28;42,4;71;;jah
1958-10-29;41,8;71;;jah
1958-10-30;41,1;70;;jah
1958-10-31;40,2;71;;jah
1958-11-01;39,4;70;;jah
1958-11-02;38,8;68;;jah
1958-11-03;38,7;68;;jah
1958-11-04;38,6;68;;jah
1958-11-05;38,7;70;;jah
1958-11-06;39,1;68;;jah
1958-11-07;39,6;67;;jah
1958-11-08;40,1;66;;jah
1958-11-09;40,7;66;;jah
1958-11-10;41,3;66;;jah
1958-11-11;41,7;68;;jah
1958-11-12;42;69;;jah
1958-11-13;42,4;70;;jah
1958-11-14;42;72;;jah
1958-11-15;41,9;71;;jah
1958-11-16;41,6;70;;jah
1958-11-17;41,3;68;;jah
1958-11-18;40,6;64;;jah
1958-11-19;40;66;;jah
1958-11-20;39,4;64;;jah
1958-11-21;38,9;62;;jah
1958-11-22;38,5;60;;jah
1958-11-23;38,4;60;;jah
1958-11-24;38,1;58;;jah
1958-11-25;38;57;;jah
1958-11-26;38;62;;jah
1958-11-27;38,1;62;;jah
1958-11-28;38,2;62;;jah
1958-11-29;38,4;64;;jah
1958-11-30;38,5;62;;jah
1958-12-01;37,9;76;;jah
1958-12-02;36,8;77;;jah
1958-12-03;34;70;;jah
1958-12-04;32;63;;jah
1958-12-05;31,7;66;;jah
1958-12-06;31,8;68;;jah
1958-12-07;31,9;68;;jah
1958-12-08;31,4;67;;jah
1958-12-09;30,3;64;;jah
1958-12-10;29,8;62;;jah
1958-12-11;28,9;60;;jah
1958-12-12;28,4;60;;jah
1958-12-13;27,8;61;;jah
1958-12-14;27,8;60;;jah
1958-12-15;27,2;60;;jah
1958-12-16;27,7;62;;jah
1958-12-17;28,5;64;;jah
1958-12-18;29,5;66;;jah
1958-12-19;30,5;66;;jah
1958-12-20;31,6;68;;jah
1958-12-21;34;70;;jah
1958-12-22;35,6;76;;jah
1958-12-23;37,6;80;;jah
1958-12-24;39,9;84;;jah
1958-12-25;40,7;85;;jah
1958-12-26;39,4;77;;jah
1958-12-27;26,8;60;;jah
1958-12-28;22,1;54;;jah
1958-12-29;22,1;54;;jah
1958-12-30;22,5;56;;jah
1958-12-31;23,6;56;;jah
1959-01-01;25,9;58;;jah
1959-01-02;28,2;62;;jah
1959-01-03;31,1;68;;jah
1959-01-04;35,2;76;;jah
1959-01-05;37,1;80;;jah
1959-01-06;38,2;81;;jah
1959-01-07;37,9;82;;jah
1959-01-08;37,1;80;;jah
1959-01-09;37,4;80;;jah
1959-01-10;38,4;82;;jah
1959-01-11;38,6;83;;jah
1959-01-12;35,8;80;;jah
1959-01-13;30,8;66;;jah
1959-01-14;25,5;62;;jah
1959-01-15;25,8;66;;jah
1959-01-16;27,6;68;;jah
1959-01-17;27,6;68;;jah
1959-01-18;27,2;67;;jah
1959-01-19;27,3;67;;jah
1959-01-20;27,6;68;;jah
1959-01-21;28,4;65;;jah
1959-01-22;29,6;68;;jah
1959-01-23;31,8;80;;jah
1959-01-24;36;97;;jah
1959-01-25;42;106;;jah
1959-01-26;48;110;;jah
1959-01-27;47,8;108;;jah
1959-01-28;46,6;107;;jah
1959-01-29;48,7;111;;jah
1959-01-30;49,1;116;;jah
1959-01-31;49,3;118;;jah
1959-02-01;48,3;120;;jah
1959-02-02;48,8;118;;jah
1959-02-03;48;117;;jah
1959-02-04;47;115;;jah
1959-02-05;46,1;115;;jah
1959-02-06;45,4;114;;jah
1959-02-07;44,9;110;;jah
1959-02-08;44,7;110;;jah
1959-02-09;44,6;110;;jah
1959-02-10;44,5;110;;jah
1959-02-11;44,4;110;;jah
1959-02-12;44,4;110;;jah
1959-02-13;44,2;109;;jah
1959-02-14;44,1;108;;jah
1959-02-15;43,8;108;;jah
1959-02-16;43,5;106;;jah
1959-02-17;43,1;106;;jah
1959-02-18;42,7;104;;jah
1959-02-19;42,1;104;;jah
1959-02-20;39,4;98;;jah
1959-02-21;36,6;93;;jah
1959-02-22;35,5;89;;jah
1959-02-23;47,5;98;;jah
1959-02-24;59,4;104;;jah
1959-02-25;58,4;100;;jah
1959-02-26;56,6;94;;jah
1959-02-27;54,8;89;;jah
1959-02-28;53,3;88;;jah
1959-03-01;52,6;88;;jah
1959-03-02;56,6;98;;jah
1959-03-03;59;106;;jah
1959-03-04;61,8;111;;jah
1959-03-05;65;115;;jah
1959-03-06;68,2;118;;jah
1959-03-07;71;118;;jah
1959-03-08;72,8;119;;jah
1959-03-09;73,8;122;;jah
1959-03-10;74,2;127;;jah
1959-03-11;72,2;126;;jah
1959-03-12;69,6;119;;jah
1959-03-13;67,2;116;;jah
1959-03-14;64,6;114;;jah
1959-03-15;62;112;;jah
1959-03-16;59,4;110;;jah
1959-03-17;57,8;108;;jah
1959-03-18;57,8;104;;jah
1959-03-19;60;104;;jah
1959-03-20;61,7;108;;jah
1959-03-21;64,1;107;;jah
1959-03-22;67,5;110;;jah
1959-03-23;70,6;119;;jah
1959-03-24;78,2;126;;jah
1959-03-25;85,8;138;;jah
1959-03-26;93,4;148;;jah
1959-03-27;100;156;;jah
1959-03-28;108;162;;jah
1959-03-29;113;170;;jah
1959-03-30;115;172;;jah
1959-03-31;116;174;;jah
1959-04-01;117;175;;jah
1959-04-02;117;176;;jah
1959-04-03;117;176;;jah
1959-04-04;117;177;;jah
1959-04-05;117;177;;jah
1959-04-06;118;177;;jah
1959-04-07;118;178;;jah
1959-04-08;119;180;;jah
1959-04-09;120;185;;jah
1959-04-10;122;188;;jah
1959-04-11;128;196;;jah
1959-04-12;131;205;;jah
1959-04-13;133;211;;jah
1959-04-14;134;216;;jah
1959-04-15;134;220;;jah
1959-04-16;135;222;;jah
1959-04-17;135;222;;jah
1959-04-18;135;222;;jah
1959-04-19;135;220;;jah
1959-04-20;135;220;;jah
1959-04-21;135;224;;jah
1959-04-22;135;224;;jah
1959-04-23;135;224;;jah
1959-04-24;134;224;;jah
1959-04-25;130;222;;jah
1959-04-26;125;220;;jah
1959-04-27;120;217;;jah
1959-04-28;115;213;;jah
1959-04-29;110;208;;jah
1959-04-30;105;202;;jah
1959-05-01;99,6;196;;jah
1959-05-02;97,6;190;;jah
1959-05-03;95,4;185;;jah
1959-05-04;93,2;180;;jah
1959-05-05;91,2;178;;jah
1959-05-06;88,8;174;;jah
1959-05-07;87;171;;jah
1959-05-08;84,8;170;;jah
1959-05-09;82,2;168;;jah
1959-05-10;80,4;167;;jah
1959-05-11;78;165;;jah
1959-05-12;76,2;162;;jah
1959-05-13;74;160;;jah
1959-05-14;72,5;158;;jah
1959-05-15;71,6;156;;jah
1959-05-16;70,6;154;;jah
1959-05-17;69,9;151;;jah
1959-05-18;69;148;;jah
1959-05-19;68,2;147;;jah
1959-05-20;67,4;144;;jah
1959-05-21;66,7;144;;jah
1959-05-22;65,9;142;;jah
1959-05-23;65,5;140;;jah
1959-05-24;64,3;137;;jah
1959-05-25;63,7;138;;jah
1959-05-26;64,1;136;;jah
1959-05-27;65,2;140;;jah
1959-05-28;65,9;140;;jah
1959-05-29;65,8;138;;jah
1959-05-30;64,4;137;;jah
1959-05-31;62,7;134;;jah
1959-06-01;61,2;131;;jah
1959-06-02;62;132;;jah
1959-06-03;62,7;134;;jah
1959-06-04;63,7;136;;jah
1959-06-05;63,5;133;;jah
1959-06-06;61,4;132;;jah
1959-06-07;61,4;132;;jah
1959-06-08;61,4;132;;jah
1959-06-09;61,4;132;;jah
1959-06-10;61,1;132;;jah
1959-06-11;60,5;130;;jah
1959-06-12;59,6;128;;jah
1959-06-13;58,7;128;;jah
1959-06-14;57,6;128;;jah
1959-06-15;56,4;122;;jah
1959-06-16;54,8;122;;jah
1959-06-17;53,8;120;;jah
1959-06-18;52,2;118;;jah
1959-06-19;51,1;114;;jah
1959-06-20;49,9;112;;jah
1959-06-21;48,9;110;;jah
1959-06-22;47,9;110;;jah
1959-06-23;47,2;108;;jah
1959-06-24;46,8;107;;jah
1959-06-25;46,6;104;;jah
1959-06-26;46,5;103;;jah
1959-06-27;46,4;101;;jah
1959-06-28;46,4;100;;jah
1959-06-29;46,7;102;;jah
1959-06-30;46,9;102;;jah
1959-07-01;47;103;;jah
1959-07-02;46,9;99;;jah
1959-07-03;46,7;102;;jah
1959-07-04;46,8;100;;jah
1959-07-05;47,1;104;;jah
1959-07-06;47,1;104;;jah
1959-07-07;46,7;103;;jah
1959-07-08;46,2;100;;jah
1959-07-09;45,7;98;;jah
1959-07-10;45,1;95;;jah
1959-07-11;44,5;93;;jah
1959-07-12;43,9;93;;jah
1959-07-13;43,2;90;;jah
1959-07-14;42,6;86;;jah
1959-07-15;42,2;85;;jah
1959-07-16;41,9;84;;jah
1959-07-17;41,6;84;;jah
1959-07-18;41,2;84;;jah
1959-07-19;40,6;82;;jah
1959-07-20;40,1;78;;jah
1959-07-21;39,9;77;;jah
1959-07-22;39,9;78;;jah
1959-07-23;40;78;;jah
1959-07-24;39,7;76;;jah
1959-07-25;39;74;;jah
1959-07-26;38,2;71;;jah
1959-07-27;37,2;70;;jah
1959-07-28;36,2;71;;jah
1959-07-29;35,3;68;;jah
1959-07-30;35,5;69;;jah
1959-07-31;36,6;69;;jah
1959-08-01;36,9;72;;jah
1959-08-02;36,6;70;;jah
1959-08-03;35,1;66;;jah
1959-08-04;33,8;66;;jah
1959-08-05;33,2;66;;jah
1959-08-06;32,8;65;;jah
1959-08-07;32,3;64;;jah
1959-08-08;31,9;61;;jah
1959-08-09;31,6;61;;jah
1959-08-10;31,2;59;;jah
1959-08-11;30,8;59;;jah
1959-08-12;30,5;58;;jah
1959-08-13;30,2;56;;jah
1959-08-14;29,7;55;;jah
1959-08-15;29,1;54;;jah
1959-08-16;28,4;54;;jah
1959-08-17;27,7;51;;jah
1959-08-18;27;49;;jah
1959-08-19;26,3;48;;jah
1959-08-20;25,3;46;;jah
1959-08-21;24,5;46;;jah
1959-08-22;23,7;45;;jah
1959-08-23;22,7;41;;jah
1959-08-24;21,8;38;;jah
1959-08-25;20,3;38;;jah
1959-08-26;19,1;37;;jah
1959-08-27;17,2;29;;jah
1959-08-28;15,3;21;;jah
1959-08-29;20,2;32;;jah
1959-08-30;26;36;;jah
1959-08-31;26;35;;jah
1959-09-01;25,9;36;;jah
1959-09-02;26;36;;jah
1959-09-03;27,3;38;;jah
1959-09-04;26,9;36;;jah
1959-09-05;25,2;30;;jah
1959-09-06;25,3;32;;jah
1959-09-07;25,5;30;;jah
1959-09-08;25,5;32;;jah
1959-09-09;25,3;31;;jah
1959-09-10;24,9;29;;jah
1959-09-11;24,3;26;;jah
1959-09-12;24;25;;jah
1959-09-13;25,1;29;;jah
1959-09-14;24,5;27;;jah
1959-09-15;23,2;20;;jah
1959-09-16;23,5;24;;jah
1959-09-17;22,7;19;;jah
1959-09-18;23,3;22;;jah
1959-09-19;26,2;22;;jah
1959-09-20;28,6;25;;jah
1959-09-21;30;22;;jah
1959-09-22;30,7;26;;jah
1959-09-23;30,9;30;;jah
1959-09-24;27,4;27;;jah
1959-09-25;27,4;27;;jah
1959-09-26;28,1;28;;jah
1959-09-27;28,9;28;;jah
1959-09-28;29,8;30;;jah
1959-09-29;30,6;28;;jah
1959-09-30;30,8;22;;jah
1959-10-01;29,8;24;;jah
1959-10-02;26;22;;jah
1959-10-03;25,1;24;;jah
1959-10-04;24,9;20;;jah
1959-10-05;24,9;16;;jah
1959-10-06;25,8;19;;jah
1959-10-07;27,1;18;;jah
1959-10-08;27,9;28;;jah
1959-10-09;27,4;16;;jah
1959-10-10;24,8;18;;jah
1959-10-11;24,5;18;;jah
1959-10-12;24,4;18;;jah
1959-10-13;24,3;14;;jah
1959-10-14;24,1;17;;jah
1959-10-15;24;13;;jah
1959-10-16;23,8;12;;jah
1959-10-17;23,9;12;;jah
1959-10-18;24,5;14;;jah
1959-10-19;25,4;14;;jah
1959-10-20;26,6;14;;jah
1959-10-21;28,4;14;;jah
1959-10-22;29,7;16;;jah
1959-10-23;31,9;34;;jah
1959-10-24;23,6;14;;jah
1959-10-25;23;10;;jah
1959-10-26;23,1;12;;jah
1959-10-27;23,9;15;;jah
1959-10-28;24,9;20;;jah
1959-10-29;25,7;20;;jah
1959-10-30;26,8;22;;jah
1959-10-31;27,6;22;;jah
1959-11-01;27,6;18;;jah
1959-11-02;27,4;17;;jah
1959-11-03;27,1;18;;jah
1959-11-04;26,8;18;;jah
1959-11-05;26,3;17;;jah
1959-11-06;25,5;16;;jah
1959-11-07;24,9;16;;jah
1959-11-08;23,9;18;;jah
1959-11-09;23,1;19;;jah
1959-11-10;22,3;18;;jah
1959-11-11;21,5;22;;jah
1959-11-12;20,5;22;;jah
1959-11-13;19,5;22;;jah
1959-11-14;19,3;21;;jah
1959-11-15;19,1;18;;jah
1959-11-16;19,1;18;;jah
1959-11-17;19,2;24;;jah
1959-11-18;19,7;14;;jah
1959-11-19;20,3;13;;jah
1959-11-20;20,9;16;;jah
1959-11-21;21,7;16;;jah
1959-11-22;22,7;14;;jah
1959-11-23;24;20;;jah
1959-11-24;25,6;26;;jah
1959-11-25;27;28;;jah
1959-11-26;29;32;;jah
1959-11-27;28,3;28;;jah
1959-11-28;26,3;25;;jah
1959-11-29;24,9;21;;jah
1959-11-30;26,1;24;;jah
1959-12-01;28,2;30;;jah
1959-12-02;29;32;;jah
1959-12-03;28,4;31;;jah
1959-12-04;26;30;;jah
1959-12-05;19,1;22;;jah
1959-12-06;13;10;;jah
1959-12-07;8,45;4;;jah
1959-12-08;10;11;;jah
1959-12-09;13,2;14;;jah
1959-12-10;15,9;14;;jah
1959-12-11;17,6;14;;jah
1959-12-12;18,8;14;;jah
1959-12-13;19,1;14;;jah
1959-12-14;19,4;14;;jah
1959-12-15;19,7;14;;jah
1959-12-16;19,9;16;;jah
1959-12-17;20,1;16;;jah
1959-12-18;20,3;17;;jah
1959-12-19;20,5;18;;jah
1959-12-20;20,6;17;;jah
1959-12-21;20,7;16;;jah
1959-12-22;20,8;16;;jah
1959-12-23;21;17;;jah
1959-12-24;21,1;16;;jah
1959-12-25;21,5;16;;jah
1959-12-26;21,9;18;;jah
1959-12-27;22,5;18;;jah
1959-12-28;23,2;20;;jah
1959-12-29;23,9;24;;jah
1959-12-30;24,2;26;;jah
1959-12-31;24,3;26;;jah
1960-01-01;23,7;24;;jah
1960-01-02;23;22;;jah
1960-01-03;22,1;22;;jah
1960-01-04;22,1;21;;jah
1960-01-05;22,1;20;;jah
1960-01-06;22,3;22;;jah
1960-01-07;22;22;;jah
1960-01-08;21;20;;jah
1960-01-09;18;8;;jah
1960-01-10;16,8;7;;jah
1960-01-11;17,7;10;;jah
1960-01-12;17,9;10;;jah
1960-01-13;18;9;;jah
1960-01-14;18;10;;jah
1960-01-15;18,2;9;;jah
1960-01-16;18,6;10;;jah
1960-01-17;19,1;12;;jah
1960-01-18;19,5;14;;jah
1960-01-19;19,6;14;;jah
1960-01-20;19,6;14;;jah
1960-01-21;19,5;14;;jah
1960-01-22;19,4;13;;jah
1960-01-23;19,7;14;;jah
1960-01-24;20,2;16;;jah
1960-01-25;20,9;18;;jah
1960-01-26;21;18;;jah
1960-01-27;21,1;18;;jah
1960-01-28;21,7;20;;jah
1960-01-29;21,5;18;;jah
1960-01-30;19,6;12;;jah
1960-01-31;17,4;10;;jah
1960-02-01;17,6;10;;jah
1960-02-02;17,8;11;;jah
1960-02-03;17,9;14;;jah
1960-02-04;18,1;14;;jah
1960-02-05;18,3;15;;jah
1960-02-06;18,5;15;;jah
1960-02-07;18,6;14;;jah
1960-02-08;19,5;16;;jah
1960-02-09;20,3;18;;jah
1960-02-10;20,7;20;;jah
1960-02-11;20,7;20;;jah
1960-02-12;19,9;17;;jah
1960-02-13;18,2;14;;jah
1960-02-14;15,7;7;;jah
1960-02-15;16,6;12;;jah
1960-02-16;17,8;16;;jah
1960-02-17;18,6;20;;jah
1960-02-18;18,8;20;;jah
1960-02-19;19;20;;jah
1960-02-20;19,1;21;;jah
1960-02-21;19,2;21;;jah
1960-02-22;19,2;22;;jah
1960-02-23;19,2;22;;jah
1960-02-24;18,6;20;;jah
1960-02-25;16,5;13;;jah
1960-02-26;13,6;1;;jah
1960-02-27;13,7;2;;jah
1960-02-28;16,5;12;;jah
1960-02-29;17;13;;jah
1960-03-01;17,1;13;;jah
1960-03-02;17,2;13;;jah
1960-03-03;17,3;14;;jah
1960-03-04;17,4;14;;jah
1960-03-05;17,6;14;;jah
1960-03-06;17,8;14;;jah
1960-03-07;17,9;13;;jah
1960-03-08;18,1;13;;jah
1960-03-09;18,2;13;;jah
1960-03-10;18,4;14;;jah
1960-03-11;18,5;14;;jah
1960-03-12;18,6;15;;jah
1960-03-13;18,7;14;;jah
1960-03-14;18,9;15;;jah
1960-03-15;19;15;;jah
1960-03-16;19;15;;jah
1960-03-17;19;16;;jah
1960-03-18;19;15;;jah
1960-03-19;19;18;;jah
1960-03-20;19;17;;jah
1960-03-21;18,8;18;;jah
1960-03-22;18,6;19;;jah
1960-03-23;18,4;18;;jah
1960-03-24;18,1;18;;jah
1960-03-25;18;17;;jah
1960-03-26;17,9;16;;jah
1960-03-27;17,7;14;;jah
1960-03-28;17,5;10;;jah
1960-03-29;17,4;8;;jah
1960-03-30;17,3;6;;jah
1960-03-31;17,2;1;;jah
1960-04-01;17,2;-2;;jah
1960-04-02;17,2;-2;;jah
1960-04-03;17,2;-4;;jah
1960-04-04;17,4;-6;;jah
1960-04-05;17,6;-7;;jah
1960-04-06;18,2;-8;;jah
1960-04-07;18,7;-8;;jah
1960-04-08;19,5;-8;;jah
1960-04-09;20,6;-6;;jah
1960-04-10;22,1;-4;;jah
1960-04-11;25,5;4;;jah
1960-04-12;46,5;27;;jah
1960-04-13;67,5;95;;jah
1960-04-14;107;180;;jah
1960-04-15;119;216;;jah
1960-04-16;132;230;;jah
1960-04-17;145;234;;jah
1960-04-18;157;238;;jah
1960-04-19;164;241;;jah
1960-04-20;165;243;;jah
1960-04-21;160;241;;jah
1960-04-22;150;236;;jah
1960-04-23;140;229;;jah
1960-04-24;132;219;;jah
1960-04-25;123;206;;jah
1960-04-26;116;192;;jah
1960-04-27;111;184;;jah
1960-04-28;106;176;;jah
1960-04-29;101;168;;jah
1960-04-30;98;160;;jah
1960-05-01;90,2;152;;jah
1960-05-02;86,9;148;;jah
1960-05-03;89,4;151;;jah
1960-05-04;90,2;152;;jah
1960-05-05;86,9;148;;jah
1960-05-06;83;147;;jah
1960-05-07;79,6;144;;jah
1960-05-08;77,6;140;;jah
1960-05-09;75,5;137;;jah
1960-05-10;73,6;134;;jah
1960-05-11;71,6;130;;jah
1960-05-12;70;125;;jah
1960-05-13;68;121;;jah
1960-05-14;66,9;116;;jah
1960-05-15;65,7;112;;jah
1960-05-16;64,7;108;;jah
1960-05-17;63,2;104;;jah
1960-05-18;62;102;;jah
1960-05-19;61;100;;jah
1960-05-20;59,8;96;;jah
1960-05-21;58,7;96;;jah
1960-05-22;57,5;96;;jah
1960-05-23;56,4;95;;jah
1960-05-24;55,2;92;;jah
1960-05-25;54,1;91;;jah
1960-05-26;52,8;88;;jah
1960-05-27;51,4;90;;jah
1960-05-28;50,7;92;;jah
1960-05-29;49,6;90;;jah
1960-05-30;48,8;88;;jah
1960-05-31;47,8;84;;jah
1960-06-01;47;84;;jah
1960-06-02;46,1;80;;jah
1960-06-03;45,2;76;;jah
1960-06-04;44,6;74;;jah
1960-06-05;43,9;74;;jah
1960-06-06;43,2;73;;jah
1960-06-07;42,5;72;;jah
1960-06-08;41,9;70;;jah
1960-06-09;41,4;66;;jah
1960-06-10;40,8;70;;jah
1960-06-11;40,3;70;;jah
1960-06-12;39,8;68;;jah
1960-06-13;39,4;66;;jah
1960-06-14;39,1;66;;jah
1960-06-15;38,6;66;;jah
1960-06-16;38,2;64;;jah
1960-06-17;37,8;61;;jah
1960-06-18;37,3;59;;jah
1960-06-19;37;60;;jah
1960-06-20;36,7;60;;jah
1960-06-21;36,4;62;;jah
1960-06-22;36,2;58;;jah
1960-06-23;36;58;;jah
1960-06-24;35,8;57;;jah
1960-06-25;35,5;58;;jah
1960-06-26;35,2;58;;jah
1960-06-27;35,1;58;;jah
1960-06-28;35;56;;jah
1960-06-29;34,9;55;;jah
1960-06-30;35;57;;jah
1960-07-01;35,1;57;;jah
1960-07-02;35,6;58;;jah
1960-07-03;36,2;58;;jah
1960-07-04;46,2;78;;jah
1960-07-05;53;94;;jah
1960-07-06;54,4;100;;jah
1960-07-07;55;102;;jah
1960-07-08;55;102;;jah
1960-07-09;55;102;;jah
1960-07-10;53,3;98;;jah
1960-07-11;51,7;93;;jah
1960-07-12;49,8;90;;jah
1960-07-13;48,4;86;;jah
1960-07-14;47,3;82;;jah
1960-07-15;46,7;80;;jah
1960-07-16;45,9;78;;jah
1960-07-17;45,3;76;;jah
1960-07-18;44,6;74;;jah
1960-07-19;44;70;;jah
1960-07-20;43,5;68;;jah
1960-07-21;42,9;66;;jah
1960-07-22;42,3;69;;jah
1960-07-23;41,9;68;;jah
1960-07-24;41,3;73;;jah
1960-07-25;40,7;78;;jah
1960-07-26;40,2;76;;jah
1960-07-27;39,6;76;;jah
1960-07-28;39,2;76;;jah
1960-07-29;38,7;74;;jah
1960-07-30;38,2;72;;jah
1960-07-31;37,6;67;;jah
1960-08-01;37,2;66;;jah
1960-08-02;36,7;64;;jah
1960-08-03;36,2;67;;jah
1960-08-04;35,8;66;;jah
1960-08-05;35,4;58;;jah
1960-08-06;34,9;56;;jah
1960-08-07;34,5;55;;jah
1960-08-08;34,2;55;;jah
1960-08-09;33,8;53;;jah
1960-08-10;33,5;50;;jah
1960-08-11;33,2;50;;jah
1960-08-12;32,9;51;;jah
1960-08-13;32,7;54;;jah
1960-08-14;32,4;54;;jah
1960-08-15;32,3;52;;jah
1960-08-16;32,2;48;;jah
1960-08-17;32,1;46;;jah
1960-08-18;32;44;;jah
1960-08-19;32;46;;jah
1960-08-20;31,9;48;;jah
1960-08-21;31,9;42;;jah
1960-08-22;31,8;44;;jah
1960-08-23;31,6;42;;jah
1960-08-24;31,5;42;;jah
1960-08-25;31,3;42;;jah
1960-08-26;31;40;;jah
1960-08-27;30,8;40;;jah
1960-08-28;30,5;38;;jah
1960-08-29;30,2;38;;jah
1960-08-30;29,9;34;;jah
1960-08-31;29,6;36;;jah
1960-09-01;29,1;37;;jah
1960-09-02;28,8;36;;jah
1960-09-03;28,3;35;;jah
1960-09-04;28;36;;jah
1960-09-05;27,7;34;;jah
1960-09-06;27,5;32;;jah
1960-09-07;27,2;34;;jah
1960-09-08;27;34;;jah
1960-09-09;26,8;34;;jah
1960-09-10;26,6;24;;jah
1960-09-11;26,4;28;;jah
1960-09-12;26,2;27;;jah
1960-09-13;26,1;27;;jah
1960-09-14;26;26;;jah
1960-09-15;26;28;;jah
1960-09-16;26;28;;jah
1960-09-17;26;28;;jah
1960-09-18;26;26;;jah
1960-09-19;26;26;;jah
1960-09-20;26;28;;jah
1960-09-21;26;29;;jah
1960-09-22;26;26;;jah
1960-09-23;26;24;;jah
1960-09-24;25,8;22;;jah
1960-09-25;25,7;20;;jah
1960-09-26;25,6;21;;jah
1960-09-27;25,5;24;;jah
1960-09-28;25,3;22;;jah
1960-09-29;25,2;22;;jah
1960-09-30;25;20;;jah
1960-10-01;24,9;20;;jah
1960-10-02;24,8;18;;jah
1960-10-03;24,8;17;;jah
1960-10-04;24,4;16;;jah
1960-10-05;24,2;20;;jah
1960-10-06;24;20;;jah
1960-10-07;24;18;;jah
1960-10-08;23,9;20;;jah
1960-10-09;23,8;22;;jah
1960-10-10;23,7;16;;jah
1960-10-11;23,8;17;;jah
1960-10-12;24;19;;jah
1960-10-13;24,1;17;;jah
1960-10-14;24,6;21;;jah
1960-10-15;25;24;;jah
1960-10-16;25,6;23;;jah
1960-10-17;26,2;22;;jah
1960-10-18;26,8;28;;jah
1960-10-19;27,6;30;;jah
1960-10-20;28,3;25;;jah
1960-10-21;29,1;24;;jah
1960-10-22;29,6;24;;jah
1960-10-23;30,1;26;;jah
1960-10-24;30,2;26;;jah
1960-10-25;30,1;26;;jah
1960-10-26;30;24;;jah
1960-10-27;29,2;29;;jah
1960-10-28;28,2;26;;jah
1960-10-29;25;19;;jah
1960-10-30;21,7;23;;jah
1960-10-31;17,6;26;;jah
1960-11-01;13,7;28;;jah
1960-11-02;12,2;16;;jah
1960-11-03;12,3;12;;jah
1960-11-04;14,6;27;;jah
1960-11-05;17,8;30;;jah
1960-11-06;21,4;29;;jah
1960-11-07;25,6;32;;jah
1960-11-08;30;36;;jah
1960-11-09;33,6;40;;jah
1960-11-10;36,7;43;;jah
1960-11-11;38,4;50;;jah
1960-11-12;39,2;52;;jah
1960-11-13;39,5;52;;jah
1960-11-14;39,4;52;;jah
1960-11-15;39,4;48;;jah
1960-11-16;39,2;49;;jah
1960-11-17;38,9;52;;jah
1960-11-18;38,4;50;;jah
1960-11-19;37,6;48;;jah
1960-11-20;35,6;42;;jah
1960-11-21;30,6;40;;jah
1960-11-22;26,1;42;;jah
1960-11-23;24,6;40;;jah
1960-11-24;25,1;39;;jah
1960-11-25;26,5;41;;jah
1960-11-26;31,5;45;;jah
1960-11-27;39,7;54;;jah
1960-11-28;44,6;70;;jah
1960-11-29;47,6;74;;jah
1960-11-30;49,4;78;;jah
1960-12-01;50,7;78;;jah
1960-12-02;52,6;80;;jah
1960-12-03;55,7;80;;jah
1960-12-04;58,6;77;;jah
1960-12-05;62,5;90;;jah
1960-12-06;67,6;106;;jah
1960-12-07;72,8;112;;jah
1960-12-08;75,6;114;;jah
1960-12-09;77,7;116;;jah
1960-12-10;79;119;;jah
1960-12-11;80,1;123;;jah
1960-12-12;80,9;127;;jah
1960-12-13;81,5;130;;jah
1960-12-14;81,1;128;;jah
1960-12-15;80,6;127;;jah
1960-12-16;79,6;124;;jah
1960-12-17;78,7;121;;jah
1960-12-18;77,1;118;;jah
1960-12-19;75,4;120;;jah
1960-12-20;73,9;118;;jah
1960-12-21;72,5;115;;jah
1960-12-22;71;114;;jah
1960-12-23;70,4;114;;jah
1960-12-24;69,9;114;;jah
1960-12-25;69,3;112;;jah
1960-12-26;67,9;112;;jah
1960-12-27;66,6;109;;jah
1960-12-28;64,6;104;;jah
1960-12-29;60,4;100;;jah
1960-12-30;50;94;;jah
1960-12-31;43,5;98;;jah
1961-01-01;43,5;104;;jah
1961-01-02;43,7;116;;jah
1961-01-03;44,3;132;;jah
1961-01-04;44,7;114;;jah
1961-01-05;45,1;118;;jah
1961-01-06;45,7;124;;jah
1961-01-07;46;122;;jah
1961-01-08;46,3;119;;jah
1961-01-09;46,8;120;;jah
1961-01-10;47,2;118;;jah
1961-01-11;47,6;118;;jah
1961-01-12;48;111;;jah
1961-01-13;57,1;100;;jah
1961-01-14;58;96;;jah
1961-01-15;58;92;;jah
1961-01-16;57,8;96;;jah
1961-01-17;57;103;;jah
1961-01-18;53,5;91;;jah
1961-01-19;51,5;89;;jah
1961-01-20;46,2;88;;jah
1961-01-21;42,4;86;;jah
1961-01-22;39,1;83;;jah
1961-01-23;36,1;78;;jah
1961-01-24;34,6;78;;jah
1961-01-25;33,4;78;;jah
1961-01-26;33;76;;jah
1961-01-27;33,5;76;;jah
1961-01-28;36;79;;jah
1961-01-29;39,7;82;;jah
1961-01-30;43,6;84;;jah
1961-01-31;46,8;90;;jah
1961-02-01;44,5;98;;jah
1961-02-02;53;106;;jah
1961-02-03;55;110;;jah
1961-02-04;58,5;110;;jah
1961-02-05;59;110;;jah
1961-02-06;58,3;108;;jah
1961-02-07;56,5;104;;jah
1961-02-08;54,7;100;;jah
1961-02-09;53,5;104;;jah
1961-02-10;52,5;104;;jah
1961-02-11;51;104;;jah
1961-02-12;50;104;;jah
1961-02-13;49,4;98;;jah
1961-02-14;48,5;96;;jah
1961-02-15;48,9;92;;jah
1961-02-16;50,5;95;;jah
1961-02-17;53,1;92;;jah
1961-02-18;55;93;;jah
1961-02-19;56,8;96;;jah
1961-02-20;59,6;98;;jah
1961-02-21;62,3;98;;jah
1961-02-22;63,9;101;;jah
1961-02-23;63,4;100;;jah
1961-02-24;63,4;100;;jah
1961-02-25;62,7;99;;jah
1961-02-26;61,3;96;;jah
1961-02-27;59,1;92;;jah
1961-02-28;58,6;91;;jah
1961-03-01;59,1;92;;jah
1961-03-02;59,1;92;;jah
1961-03-03;59,1;92;;jah
1961-03-04;59,6;93;;jah
1961-03-05;59,1;92;;jah
1961-03-06;60,2;94;;jah
1961-03-07;60,2;94;;jah
1961-03-08;61,7;97;;jah
1961-03-09;62,2;96;;jah
1961-03-10;62,2;96;;jah
1961-03-11;62,2;96;;jah
1961-03-12;62,2;96;;jah
1961-03-13;65,4;104;;jah
1961-03-14;71,7;116;;jah
1961-03-15;72,8;118;;jah
1961-03-16;74;120;;jah
1961-03-17;75;122;;jah
1961-03-18;74,5;121;;jah
1961-03-19;75;120;;jah
1961-03-20;75;120;;jah
1961-03-21;75;120;;jah
1961-03-22;75;120;;jah
1961-03-23;69,6;112;;jah
1961-03-24;69,6;112;;jah
1961-03-25;72,3;117;;jah
1961-03-26;74,5;121;;jah
1961-03-27;77;126;;jah
1961-03-28;82,4;136;;jah
1961-03-29;83,9;138;;jah
1961-03-30;85;141;;jah
1961-03-31;83,9;138;;jah
1961-04-01;86,6;144;;jah
1961-04-02;86,6;144;;jah
1961-04-03;86,6;144;;jah
1961-04-04;85,5;142;;jah
1961-04-05;84,4;140;;jah
1961-04-06;84,4;140;;jah
1961-04-07;86,6;144;;jah
1961-04-08;90,7;152;;jah
1961-04-09;91,8;154;;jah
1961-04-10;91,8;154;;jah
1961-04-11;91,8;154;;jah
1961-04-12;94;158;;jah
1961-04-13;95,2;160;;jah
1961-04-14;97,4;164;;jah
1961-04-15;101;170;;jah
1961-04-16;110;180;;jah
1961-04-17;110;180;;jah
1961-04-18;110;180;;jah
1961-04-19;108;178;;jah
1961-04-20;106;176;;jah
1961-04-21;104;174;;jah
1961-04-22;102;172;;jah
1961-04-23;100;169;;jah
1961-04-24;96,9;164;;jah
1961-04-25;92,4;158;;jah
1961-04-26;88,2;152;;jah
1961-04-27;84;146;;jah
1961-04-28;81,9;143;;jah
1961-04-29;77,1;136;;jah
1961-04-30;74,3;132;;jah
1961-05-01;72,8;130;;jah
1961-05-02;71,4;128;;jah
1961-05-03;69,3;125;;jah
1961-05-04;67,9;123;;jah
1961-05-05;67,1;122;;jah
1961-05-06;65,8;120;;jah
1961-05-07;65,8;120;;jah
1961-05-08;67,1;122;;jah
1961-05-09;69,3;125;;jah
1961-05-10;71,4;128;;jah
1961-05-11;72,8;130;;jah
1961-05-12;72,8;130;;jah
1961-05-13;75,1;133;;jah
1961-05-14;75,6;134;;jah
1961-05-15;77,1;136;;jah
1961-05-16;77,1;136;;jah
1961-05-17;77,1;136;;jah
1961-05-18;72,8;130;;jah
1961-05-19;71,4;128;;jah
1961-05-20;70;126;;jah
1961-05-21;67,1;122;;jah
1961-05-22;65,1;119;;jah
1961-05-23;63;116;;jah
1961-05-24;61,7;114;;jah
1961-05-25;58,9;110;;jah
1961-05-26;58,9;110;;jah
1961-05-27;58,9;110;;jah
1961-05-28;58,2;109;;jah
1961-05-29;57,5;108;;jah
1961-05-30;56;106;;jah
1961-05-31;56;106;;jah
1961-06-01;54,7;104;;jah
1961-06-02;53,2;102;;jah
1961-06-03;51,8;100;;jah
1961-06-04;51,1;99;;jah
1961-06-05;49;96;;jah
1961-06-06;48,3;95;;jah
1961-06-07;47,6;94;;jah
1961-06-08;46,2;92;;jah
1961-06-09;46,2;92;;jah
1961-06-10;44,9;90;;jah
1961-06-11;44,9;90;;jah
1961-06-12;44,9;90;;jah
1961-06-13;45,9;90;;jah
1961-06-14;45,5;88;;jah
1961-06-15;45,2;88;;jah
1961-06-16;45,1;88;;jah
1961-06-17;45;87;;jah
1961-06-18;44,9;84;;jah
1961-06-19;44,5;80;;jah
1961-06-20;44,4;78;;jah
1961-06-21;44,3;80;;jah
1961-06-22;44,2;80;;jah
1961-06-23;44;80;;jah
1961-06-24;43,9;76;;jah
1961-06-25;43,8;74;;jah
1961-06-26;43,5;74;;jah
1961-06-27;43,5;78;;jah
1961-06-28;44;80;;jah
1961-06-29;43,7;76;;jah
1961-06-30;43,3;75;;jah
1961-07-01;43;73;;jah
1961-07-02;42,8;72;;jah
1961-07-03;42,4;71;;jah
1961-07-04;41,6;70;;jah
1961-07-05;41;70;;jah
1961-07-06;40,7;70;;jah
1961-07-07;40,3;70;;jah
1961-07-08;39,9;68;;jah
1961-07-09;39,2;66;;jah
1961-07-10;38,7;67;;jah
1961-07-11;38,2;66;;jah
1961-07-12;37,8;66;;jah
1961-07-13;37,3;65;;jah
1961-07-14;36,7;64;;jah
1961-07-15;36,7;64;;jah
1961-07-16;37,3;64;;jah
1961-07-17;37,8;66;;jah
1961-07-18;38,6;65;;jah
1961-07-19;39,5;64;;jah
1961-07-20;40;62;;jah
1961-07-21;41;64;;jah
1961-07-22;41,7;70;;jah
1961-07-23;42,3;72;;jah
1961-07-24;42,7;69;;jah
1961-07-25;43,3;68;;jah
1961-07-26;43,8;66;;jah
1961-07-27;44;66;;jah
1961-07-28;44,2;66;;jah
1961-07-29;44,5;70;;jah
1961-07-30;44,7;70;;jah
1961-07-31;44,8;70;;jah
1961-08-01;44,9;70;;jah
1961-08-02;44,7;68;;jah
1961-08-03;44,7;68;;jah
1961-08-04;44,4;68;;jah
1961-08-05;44,2;66;;jah
1961-08-06;43,9;66;;jah
1961-08-07;43,5;66;;jah
1961-08-08;43,1;64;;jah
1961-08-09;42,9;62;;jah
1961-08-10;42,5;61;;jah
1961-08-11;42,1;60;;jah
1961-08-12;42;58;;jah
1961-08-13;41,6;58;;jah
1961-08-14;41,3;56;;jah
1961-08-15;41;56;;jah
1961-08-16;41;56;;jah
1961-08-17;40,9;56;;jah
1961-08-18;41;56;;jah
1961-08-19;41;56;;jah
1961-08-20;34,5;44;;jah
1961-08-21;40;54;;jah
1961-08-22;46,5;66;;jah
1961-08-23;50;73;;jah
1961-08-24;50,9;74;;jah
1961-08-25;51,3;75;;jah
1961-08-26;52;76;;jah
1961-08-27;49;71;;jah
1961-08-28;47,5;68;;jah
1961-08-29;47,5;68;;jah
1961-08-30;46,5;66;;jah
1961-08-31;45,2;64;;jah
1961-09-01;44,1;62;;jah
1961-09-02;43,2;60;;jah
1961-09-03;44;59;;jah
1961-09-04;43;57;;jah
1961-09-05;41,8;55;;jah
1961-09-06;40,7;54;;jah
1961-09-07;40,2;58;;jah
1961-09-08;40,2;54;;jah
1961-09-09;40,4;53;;jah
1961-09-10;40,7;54;;jah
1961-09-11;42,7;56;;jah
1961-09-12;45,5;60;;jah
1961-09-13;48,3;65;;jah
1961-09-14;51;74;;jah
1961-09-15;55,2;76;;jah
1961-09-16;54;74;;jah
1961-09-17;53;73;;jah
1961-09-18;51,9;70;;jah
1961-09-19;51,1;70;;jah
1961-09-20;50,1;70;;jah
1961-09-21;49,2;68;;jah
1961-09-22;48,5;66;;jah
1961-09-23;48,2;64;;jah
1961-09-24;46,5;61;;jah
1961-09-25;45,1;60;;jah
1961-09-26;44;58;;jah
1961-09-27;43,1;54;;jah
1961-09-28;42;52;;jah
1961-09-29;41;51;;jah
1961-09-30;40,3;49;;jah
1961-10-01;39,4;48;;jah
1961-10-02;38,5;46;;jah
1961-10-03;37,8;46;;jah
1961-10-04;37,3;45;;jah
1961-10-05;37,1;44;;jah
1961-10-06;37;43;;jah
1961-10-07;36,8;43;;jah
1961-10-08;36,7;42;;jah
1961-10-09;36,6;41;;jah
1961-10-10;36,5;39;;jah
1961-10-11;36,4;37;;jah
1961-10-12;36,3;36;;jah
1961-10-13;36,3;36;;jah
1961-10-14;36,2;35;;jah
1961-10-15;36,4;34;;jah
1961-10-16;36,5;36;;jah
1961-10-17;36,8;36;;jah
1961-10-18;37;40;;jah
1961-10-19;37,2;40;;jah
1961-10-20;37,4;40;;jah
1961-10-21;36,6;36;;jah
1961-10-22;35;34;;jah
1961-10-23;34,2;32;;jah
1961-10-24;34;32;;jah
1961-10-25;34;34;;jah
1961-10-26;34;32;;jah
1961-10-27;34;32;;jah
1961-10-28;33,9;32;;jah
1961-10-29;33,9;31;;jah
1961-10-30;33,9;32;;jah
1961-10-31;34,2;32;;jah
1961-11-01;35,2;36;;jah
1961-11-02;37;37;;jah
1961-11-03;39,7;38;;jah
1961-11-04;40;42;;jah
1961-11-05;40,3;42;;jah
1961-11-06;40,5;42;;jah
1961-11-07;40,5;41;;jah
1961-11-08;40,6;41;;jah
1961-11-09;40,7;42;;jah
1961-11-10;40,5;40;;jah
1961-11-11;40,4;44;;jah
1961-11-12;39;40;;jah
1961-11-13;36,5;36;;jah
1961-11-14;36,2;30;;jah
1961-11-15;36,4;26;;jah
1961-11-16;37;30;;jah
1961-11-17;37,1;28;;jah
1961-11-18;37,6;26;;jah
1961-11-19;38,1;32;;jah
1961-11-20;38,5;35;;jah
1961-11-21;39;46;;jah
1961-11-22;39,5;40;;jah
1961-11-23;39,7;35;;jah
1961-11-24;39,9;36;;jah
1961-11-25;40;38;;jah
1961-11-26;40,1;39;;jah
1961-11-27;40,2;40;;jah
1961-11-28;40,3;41;;jah
1961-11-29;40,4;40;;jah
1961-11-30;40,4;40;;jah
1961-12-01;40,4;42;;jah
1961-12-02;40,4;40;;jah
1961-12-03;40,4;48;;jah
1961-12-04;41,5;50;;jah
1961-12-05;44,2;58;;jah
1961-12-06;53;69;;jah
1961-12-07;63,1;80;;jah
1961-12-08;61;84;;jah
1961-12-09;56;82;;jah
1961-12-10;46;78;;jah
1961-12-11;40;83;;jah
1961-12-12;35,5;94;;jah
1961-12-13;32,7;90;;jah
1961-12-14;30,5;87;;jah
1961-12-15;29;84;;jah
1961-12-16;28,5;78;;jah
1961-12-17;28,5;73;;jah
1961-12-18;29,4;70;;jah
1961-12-19;32;68;;jah
1961-12-20;33,5;64;;jah
1961-12-21;35;64;;jah
1961-12-22;35,6;62;;jah
1961-12-23;35,7;60;;jah
1961-12-24;35,9;58;;jah
1961-12-25;36;56;;jah
1961-12-26;36,1;58;;jah
1961-12-27;36;56;;jah
1961-12-28;36;56;;jah
1961-12-29;35,9;56;;jah
1961-12-30;35,8;54;;jah
1961-12-31;35,7;53;;jah
1962-01-01;35,6;54;;jah
1962-01-02;35,5;54;;jah
1962-01-03;35,3;56;;jah
1962-01-04;35,2;56;;jah
1962-01-05;35,2;57;;jah
1962-01-06;35,1;60;;jah
1962-01-07;35;62;;jah
1962-01-08;35;64;;jah
1962-01-09;35;66;;jah
1962-01-10;35;66;;jah
1962-01-11;34,9;68;;jah
1962-01-12;34,9;70;;jah
1962-01-13;34,9;72;;jah
1962-01-14;35;77;;jah
1962-01-15;35,3;86;;jah
1962-01-16;36;90;;jah
1962-01-17;37,7;90;;jah
1962-01-18;43,3;94;;jah
1962-01-19;50;102;;jah
1962-01-20;56,4;117;;jah
1962-01-21;55,8;115;;jah
1962-01-22;50,9;102;;jah
1962-01-23;43,5;77;;jah
1962-01-24;47,8;91;;jah
1962-01-25;54,2;110;;jah
1962-01-26;54,2;110;;jah
1962-01-27;51,5;105;;jah
1962-01-28;48,2;98;;jah
1962-01-29;45,7;86;;jah
1962-01-30;43,4;74;;jah
1962-01-31;41,2;70;;jah
1962-02-01;40;66;;jah
1962-02-02;39,7;66;;jah
1962-02-03;39,6;65;;jah
1962-02-04;39,6;66;;jah
1962-02-05;39,8;68;;jah
1962-02-06;40,2;69;;jah
1962-02-07;40,7;70;;jah
1962-02-08;41,3;71;;jah
1962-02-09;42,2;72;;jah
1962-02-10;43,3;74;;jah
1962-02-11;44,6;78;;jah
1962-02-12;45,7;83;;jah
1962-02-13;46,9;88;;jah
1962-02-14;47,8;90;;jah
1962-02-15;48;90;;jah
1962-02-16;48;88;;jah
1962-02-17;48;86;;jah
1962-02-18;48;86;;jah
1962-02-19;48;88;;jah
1962-02-20;47,9;89;;jah
1962-02-21;47,7;90;;jah
1962-02-22;47,6;90;;jah
1962-02-23;47,4;89;;jah
1962-02-24;46,9;88;;jah
1962-02-25;46,5;88;;jah
1962-02-26;46;88;;jah
1962-02-27;45,5;90;;jah
1962-02-28;45,1;92;;jah
1962-03-01;44,6;93;;jah
1962-03-02;44,1;92;;jah
1962-03-03;43,6;90;;jah
1962-03-04;43,2;88;;jah
1962-03-05;42,6;88;;jah
1962-03-06;41,5;85;;jah
1962-03-07;37,5;66;;jah
1962-03-08;38,9;80;;jah
1962-03-09;40,7;90;;jah
1962-03-10;40,8;88;;jah
1962-03-11;40,5;87;;jah
1962-03-12;40,1;87;;jah
1962-03-13;39,7;87;;jah
1962-03-14;39,4;81;;jah
1962-03-15;38,9;82;;jah
1962-03-16;38,5;88;;jah
1962-03-17;38,1;88;;jah
1962-03-18;37,7;86;;jah
1962-03-19;37,3;87;;jah
1962-03-20;36,9;88;;jah
1962-03-21;36,5;88;;jah
1962-03-22;36,2;88;;jah
1962-03-23;35,7;88;;jah
1962-03-24;35,6;88;;jah
1962-03-25;35,5;87;;jah
1962-03-26;35,5;86;;jah
1962-03-27;35,5;81;;jah
1962-03-28;35,5;74;;jah
1962-03-29;35,5;64;;jah
1962-03-30;35,5;58;;jah
1962-03-31;35,5;55;;jah
1962-04-01;35,5;50;;jah
1962-04-02;35,5;48;;jah
1962-04-03;39;56;;jah
1962-04-04;58;93;;jah
1962-04-05;88,9;156;;jah
1962-04-06;98,9;169;;jah
1962-04-07;109;181;;jah
1962-04-08;124;197;;jah
1962-04-09;140;214;;jah
1962-04-10;153;229;;jah
1962-04-11;172;240;;jah
1962-04-12;179;250;;jah
1962-04-13;184;258;;jah
1962-04-14;185;262;;jah
1962-04-15;186;264;;jah
1962-04-16;187;265;;jah
1962-04-17;185;264;;jah
1962-04-18;181;264;;jah
1962-04-19;176;257;;jah
1962-04-20;168;250;;jah
1962-04-21;162;245;;jah
1962-04-22;154;238;;jah
1962-04-23;147;232;;jah
1962-04-24;141;226;;jah
1962-04-25;132;217;;jah
1962-04-26;126;210;;jah
1962-04-27;121;204;;jah
1962-04-28;117;199;;jah
1962-04-29;114;194;;jah
1962-04-30;111;190;;jah
1962-05-01;108;186;;jah
1962-05-02;110;188;;jah
1962-05-03;111;190;;jah
1962-05-04;113;192;;jah
1962-05-05;120;202;;jah
1962-05-06;125;209;;jah
1962-05-07;127;212;;jah
1962-05-08;129;214;;jah
1962-05-09;129;214;;jah
1962-05-10;127;212;;jah
1962-05-11;126;210;;jah
1962-05-12;123;206;;jah
1962-05-13;120;202;;jah
1962-05-14;116;196;;jah
1962-05-15;110;190;;jah
1962-05-16;105;187;;jah
1962-05-17;99;182;;jah
1962-05-18;93,5;176;;jah
1962-05-19;88;170;;jah
1962-05-20;83,8;168;;jah
1962-05-21;81,3;164;;jah
1962-05-22;80,2;162;;jah
1962-05-23;79,7;160;;jah
1962-05-24;79,7;160;;jah
1962-05-25;79,7;160;;jah
1962-05-26;79,7;159;;jah
1962-05-27;79,7;159;;jah
1962-05-28;83,5;164;;jah
1962-05-29;85,4;167;;jah
1962-05-30;85,4;166;;jah
1962-05-31;85,4;164;;jah
1962-06-01;85,4;164;;jah
1962-06-02;85,3;164;;jah
1962-06-03;85,3;166;;jah
1962-06-04;85,3;164;;jah
1962-06-05;85,3;164;;jah
1962-06-06;84,9;162;;jah
1962-06-07;82,5;158;;jah
1962-06-08;79,4;154;;jah
1962-06-09;76,4;149;;jah
1962-06-10;73;145;;jah
1962-06-11;70;144;;jah
1962-06-12;67,1;142;;jah
1962-06-13;66,6;140;;jah
1962-06-14;66,5;140;;jah
1962-06-15;66,5;140;;jah
1962-06-16;66,5;140;;jah
1962-06-17;66,5;138;;jah
1962-06-18;66,4;136;;jah
1962-06-19;66,4;134;;jah
1962-06-20;66,4;134;;jah
1962-06-21;66,3;133;;jah
1962-06-22;66,2;130;;jah
1962-06-23;66,2;129;;jah
1962-06-24;66,1;128;;jah
1962-06-25;66,1;126;;jah
1962-06-26;66;125;;jah
1962-06-27;66;124;;jah
1962-06-28;66,2;128;;jah
1962-06-29;66,7;130;;jah
1962-06-30;67,2;132;;jah
1962-07-01;67,8;137;;jah
1962-07-02;68,5;142;;jah
1962-07-03;69;147;;jah
1962-07-04;69,1;148;;jah
1962-07-05;69,1;146;;jah
1962-07-06;69,1;144;;jah
1962-07-07;69,1;140;;jah
1962-07-08;69,1;138;;jah
1962-07-09;69,1;136;;jah
1962-07-10;69,1;136;;jah
1962-07-11;69,1;136;;jah
1962-07-12;69,1;136;;jah
1962-07-13;72,9;144;;jah
1962-07-14;79,3;152;;jah
1962-07-15;85;162;;jah
1962-07-16;88,9;169;;jah
1962-07-17;91,2;173;;jah
1962-07-18;91,8;174;;jah
1962-07-19;90,7;172;;jah
1962-07-20;90,7;172;;jah
1962-07-21;90,1;171;;jah
1962-07-22;90,7;172;;jah
1962-07-23;90,1;171;;jah
1962-07-24;89,6;170;;jah
1962-07-25;88,8;167;;jah
1962-07-26;87,9;164;;jah
1962-07-27;85,6;160;;jah
1962-07-28;83,2;161;;jah
1962-07-29;80,7;158;;jah
1962-07-30;78,5;152;;jah
1962-07-31;76,5;148;;jah
1962-08-01;73,7;143;;jah
1962-08-02;71,5;141;;jah
1962-08-03;68,9;138;;jah
1962-08-04;68,3;134;;jah
1962-08-05;68;132;;jah
1962-08-06;69,3;134;;jah
1962-08-07;71,2;134;;jah
1962-08-08;73,4;138;;jah
1962-08-09;75,3;136;;jah
1962-08-10;77,4;136;;jah
1962-08-11;79,2;139;;jah
1962-08-12;81,2;144;;jah
1962-08-13;83,4;144;;jah
1962-08-14;85,2;142;;jah
1962-08-15;86,9;143;;jah
1962-08-16;88,5;145;;jah
1962-08-17;90;146;;jah
1962-08-18;91,8;148;;jah
1962-08-19;93;170;;jah
1962-08-20;94,3;184;;jah
1962-08-21;95,5;186;;jah
1962-08-22;96,6;182;;jah
1962-08-23;97,8;180;;jah
1962-08-24;99;180;;jah
1962-08-25;100;183;;jah
1962-08-26;101;188;;jah
1962-08-27;103;192;;jah
1962-08-28;104;192;;jah
1962-08-29;105;192;;jah
1962-08-30;106;194;;jah
1962-08-31;107;195;;jah
1962-09-01;108;194;;jah
1962-09-02;110;196;;jah
1962-09-03;111;198;;jah
1962-09-04;112;198;;jah
1962-09-05;113;199;;jah
1962-09-06;113;199;;jah
1962-09-07;113;199;;jah
1962-09-08;112;198;;jah
1962-09-09;110;196;;jah
1962-09-10;109;195;;jah
1962-09-11;108;194;;jah
1962-09-12;108;194;;jah
1962-09-13;110;196;;jah
1962-09-14;117;204;;jah
1962-09-15;120;208;;jah
1962-09-16;121;210;;jah
1962-09-17;122;212;;jah
1962-09-18;124;213;;jah
1962-09-19;126;216;;jah
1962-09-20;129;220;;jah
1962-09-21;129;220;;jah
1962-09-22;129;221;;jah
1962-09-23;129;220;;jah
1962-09-24;129;219;;jah
1962-09-25;127;218;;jah
1962-09-26;125;216;;jah
1962-09-27;122;214;;jah
1962-09-28;120;212;;jah
1962-09-29;118;209;;jah
1962-09-30;115;206;;jah
1962-10-01;113;203;;jah
1962-10-02;111;202;;jah
1962-10-03;109;198;;jah
1962-10-04;107;194;;jah
1962-10-05;106;190;;jah
1962-10-06;105;188;;jah
1962-10-07;103;184;;jah
1962-10-08;102;180;;jah
1962-10-09;101;178;;jah
1962-10-10;100;175;;jah
1962-10-11;98,7;174;;jah
1962-10-12;97,7;171;;jah
1962-10-13;96,6;168;;jah
1962-10-14;95,6;165;;jah
1962-10-15;94,4;164;;jah
1962-10-16;93,7;162;;jah
1962-10-17;93,5;162;;jah
1962-10-18;93,9;162;;jah
1962-10-19;97,5;169;;jah
1962-10-20;101;177;;jah
1962-10-21;102;180;;jah
1962-10-22;102;180;;jah
1962-10-23;102;179;;jah
1962-10-24;102;180;;jah
1962-10-25;102;180;;jah
1962-10-26;102;182;;jah
1962-10-27;102;182;;jah
1962-10-28;102;182;;jah
1962-10-29;102;182;;jah
1962-10-30;102;182;;jah
1962-10-31;101;180;;jah
1962-11-01;100;178;;jah
1962-11-02;98,8;178;;jah
1962-11-03;97,8;176;;jah
1962-11-04;96,6;175;;jah
1962-11-05;95,6;175;;jah
1962-11-06;94,2;174;;jah
1962-11-07;93,2;172;;jah
1962-11-08;92;170;;jah
1962-11-09;90,7;169;;jah
1962-11-10;89,7;166;;jah
1962-11-11;88,5;164;;jah
1962-11-12;87,4;162;;jah
1962-11-13;86,1;158;;jah
1962-11-14;84,9;156;;jah
1962-11-15;83,9;154;;jah
1962-11-16;83,3;154;;jah
1962-11-17;83,1;154;;jah
1962-11-18;83;153;;jah
1962-11-19;83;154;;jah
1962-11-20;83,2;156;;jah
1962-11-21;85;156;;jah
1962-11-22;87,7;160;;jah
1962-11-23;91,2;167;;jah
1962-11-24;94,5;176;;jah
1962-11-25;97,8;182;;jah
1962-11-26;102;184;;jah
1962-11-27;105;185;;jah
1962-11-28;106;188;;jah
1962-11-29;106;188;;jah
1962-11-30;106;190;;jah
1962-12-01;106;188;;jah
1962-12-02;106;190;;jah
1962-12-03;106;186;;jah
1962-12-04;106;186;;jah
1962-12-05;106;188;;jah
1962-12-06;106;190;;jah
1962-12-07;105;188;;jah
1962-12-08;104;188;;jah
1962-12-09;103;188;;jah
1962-12-10;102;187;;jah
1962-12-11;100;186;;jah
1962-12-12;99,4;186;;jah
1962-12-13;98,5;186;;jah
1962-12-14;97,3;186;;jah
1962-12-15;95,7;186;;jah
1962-12-16;91,5;186;;jah
1962-12-17;81,5;195;;jah
1962-12-18;75;194;;jah
1962-12-19;70;182;;jah
1962-12-20;64,5;176;;jah
1962-12-21;58,5;172;;jah
1962-12-22;56,3;168;;jah
1962-12-23;55,7;166;;jah
1962-12-24;55,5;164;;jah
1962-12-25;55,5;164;;jah
1962-12-26;55,6;164;;jah
1962-12-27;56,3;165;;jah
1962-12-28;57,8;166;;jah
1962-12-29;60;167;;jah
1962-12-30;62,7;166;;jah
1962-12-31;65,3;166;;jah
1963-01-01;66;163;;jah
1963-01-02;66,1;162;;jah
1963-01-03;66;160;;jah
1963-01-04;65,6;159;;jah
1963-01-05;64,7;159;;jah
1963-01-06;63,2;156;;jah
1963-01-07;61,6;154;;jah
1963-01-08;60,4;152;;jah
1963-01-09;59,1;150;;jah
1963-01-10;57,7;149;;jah
1963-01-11;56,6;148;;jah
1963-01-12;55,9;147;;jah
1963-01-13;55,3;146;;jah
1963-01-14;55,1;145;;jah
1963-01-15;55;144;;jah
1963-01-16;54,9;142;;jah
1963-01-17;54,7;143;;jah
1963-01-18;54,6;143;;jah
1963-01-19;54,5;142;;jah
1963-01-20;54,3;140;;jah
1963-01-21;54,2;139;;jah
1963-01-22;54,1;138;;jah
1963-01-23;54;137;;jah
1963-01-24;54;138;;jah
1963-01-25;53,9;136;;jah
1963-01-26;53,8;137;;jah
1963-01-27;53,7;138;;jah
1963-01-28;53,6;137;;jah
1963-01-29;53,5;136;;jah
1963-01-30;53,3;136;;jah
1963-01-31;53,2;135;;jah
1963-02-01;53;135;;jah
1963-02-02;52,7;134;;jah
1963-02-03;52,5;134;;jah
1963-02-04;52,1;134;;jah
1963-02-05;51,7;134;;jah
1963-02-06;51,3;133;;jah
1963-02-07;50,8;134;;jah
1963-02-08;49,8;133;;jah
1963-02-09;48,8;133;;jah
1963-02-10;47,8;133;;jah
1963-02-11;46,7;133;;jah
1963-02-12;45,7;134;;jah
1963-02-13;44,7;134;;jah
1963-02-14;43,9;133;;jah
1963-02-15;43,5;132;;jah
1963-02-16;43,5;132;;jah
1963-02-17;43,6;132;;jah
1963-02-18;43,8;131;;jah
1963-02-19;44;130;;jah
1963-02-20;44,4;130;;jah
1963-02-21;44,8;130;;jah
1963-02-22;45;130;;jah
1963-02-23;45,4;130;;jah
1963-02-24;45,8;130;;jah
1963-02-25;46,2;130;;jah
1963-02-26;46,5;130;;jah
1963-02-27;46,8;129;;jah
1963-02-28;47,1;129;;jah
1963-03-01;47,3;128;;jah
1963-03-02;47,5;128;;jah
1963-03-03;47,7;131;;jah
1963-03-04;47,8;134;;jah
1963-03-05;48;136;;jah
1963-03-06;48,1;138;;jah
1963-03-07;48,1;140;;jah
1963-03-08;48,4;141;;jah
1963-03-09;48,5;142;;jah
1963-03-10;48,4;141;;jah
1963-03-11;48;137;;jah
1963-03-12;47,4;135;;jah
1963-03-13;46,5;134;;jah
1963-03-14;45,7;131;;jah
1963-03-15;44,6;127;;jah
1963-03-16;43,7;127;;jah
1963-03-17;42,9;129;;jah
1963-03-18;42,6;128;;jah
1963-03-19;42,5;124;;jah
1963-03-20;42,6;123;;jah
1963-03-21;42,9;122;;jah
1963-03-22;43,2;122;;jah
1963-03-23;43,7;122;;jah
1963-03-24;44,2;122;;jah
1963-03-25;44,6;121;;jah
1963-03-26;44,9;120;;jah
1963-03-27;45,2;120;;jah
1963-03-28;45,3;120;;jah
1963-03-29;45,4;122;;jah
1963-03-30;45,5;122;;jah
1963-03-31;45,6;122;;jah
1963-04-01;45,7;122;;jah
1963-04-02;45,8;122;;jah
1963-04-03;46;122;;jah
1963-04-04;46,2;122;;jah
1963-04-05;46,4;124;;jah
1963-04-06;46,6;123;;jah
1963-04-07;47;119;;jah
1963-04-08;47,6;111;;jah
1963-04-09;48,3;106;;jah
1963-04-10;49,5;106;;jah
1963-04-11;52,4;126;;jah
1963-04-12;79,5;167;;jah
1963-04-13;92;181;;jah
1963-04-14;104;188;;jah
1963-04-15;109;187;;jah
1963-04-16;113;186;;jah
1963-04-17;117;188;;jah
1963-04-18;122;192;;jah
1963-04-19;124;197;;jah
1963-04-20;125;201;;jah
1963-04-21;125;202;;jah
1963-04-22;125;203;;jah
1963-04-23;125;202;;jah
1963-04-24;124;198;;jah
1963-04-25;118;196;;jah
1963-04-26;112;194;;jah
1963-04-27;107;190;;jah
1963-04-28;106;188;;jah
1963-04-29;106;186;;jah
1963-04-30;105;184;;jah
1963-05-01;105;180;;jah
1963-05-02;105;180;;jah
1963-05-03;105;180;;jah
1963-05-04;105;182;;jah
1963-05-05;106;184;;jah
1963-05-06;106;187;;jah
1963-05-07;106;186;;jah
1963-05-08;106;185;;jah
1963-05-09;106;185;;jah
1963-05-10;106;184;;jah
1963-05-11;105;184;;jah
1963-05-12;105;182;;jah
1963-05-13;104;181;;jah
1963-05-14;103;178;;jah
1963-05-15;100;176;;jah
1963-05-16;97,5;174;;jah
1963-05-17;94,5;172;;jah
1963-05-18;91,5;168;;jah
1963-05-19;88,7;164;;jah
1963-05-20;85,5;160;;jah
1963-05-21;82,8;157;;jah
1963-05-22;80,5;154;;jah
1963-05-23;78,3;152;;jah
1963-05-24;76,3;150;;jah
1963-05-25;74,4;150;;jah
1963-05-26;72,7;148;;jah
1963-05-27;71,2;146;;jah
1963-05-28;69,7;142;;jah
1963-05-29;68,3;139;;jah
1963-05-30;67,1;138;;jah
1963-05-31;65,9;138;;jah
1963-06-01;64,8;138;;jah
1963-06-02;63,7;136;;jah
1963-06-03;62,7;130;;jah
1963-06-04;62;126;;jah
1963-06-05;61,2;124;;jah
1963-06-06;60,7;122;;jah
1963-06-07;60,1;121;;jah
1963-06-08;59,5;118;;jah
1963-06-09;59,1;116;;jah
1963-06-10;58,6;114;;jah
1963-06-11;58,1;113;;jah
1963-06-12;57,6;112;;jah
1963-06-13;57,3;111;;jah
1963-06-14;56,9;110;;jah
1963-06-15;56,3;108;;jah
1963-06-16;55,7;107;;jah
1963-06-17;55,1;106;;jah
1963-06-18;54,7;105;;jah
1963-06-19;53,9;104;;jah
1963-06-20;52,8;104;;jah
1963-06-21;51,3;103;;jah
1963-06-22;49,7;102;;jah
1963-06-23;48;102;;jah
1963-06-24;46,2;101;;jah
1963-06-25;44,6;98;;jah
1963-06-26;43;93;;jah
1963-06-27;41,4;90;;jah
1963-06-28;40;90;;jah
1963-06-29;39,1;90;;jah
1963-06-30;38,4;90;;jah
1963-07-01;37,8;88;;jah
1963-07-02;37,2;86;;jah
1963-07-03;36,9;85;;jah
1963-07-04;36,5;85;;jah
1963-07-05;36,2;86;;jah
1963-07-06;35,8;82;;jah
1963-07-07;35,5;82;;jah
1963-07-08;35,2;80;;jah
1963-07-09;34,9;79;;jah
1963-07-10;34,5;80;;jah
1963-07-11;34,2;80;;jah
1963-07-12;34;80;;jah
1963-07-13;33,6;77;;jah
1963-07-14;33,4;76;;jah
1963-07-15;33,1;74;;jah
1963-07-16;32,8;74;;jah
1963-07-17;32,6;72;;jah
1963-07-18;32,3;72;;jah
1963-07-19;32;72;;jah
1963-07-20;32;71;;jah
1963-07-21;31,9;68;;jah
1963-07-22;31,8;66;;jah
1963-07-23;31,6;64;;jah
1963-07-24;31,5;64;;jah
1963-07-25;31,4;62;;jah
1963-07-26;31,3;62;;jah
1963-07-27;31,2;59;;jah
1963-07-28;31,2;58;;jah
1963-07-29;31,3;58;;jah
1963-07-30;31,4;60;;jah
1963-07-31;31,8;62;;jah
1963-08-01;32,1;63;;jah
1963-08-02;32,5;62;;jah
1963-08-03;32,8;60;;jah
1963-08-04;33,2;58;;jah
1963-08-05;33,6;61;;jah
1963-08-06;34;60;;jah
1963-08-07;34,4;58;;jah
1963-08-08;34,7;56;;jah
1963-08-09;35;56;;jah
1963-08-10;35,1;56;;jah
1963-08-11;35,1;52;;jah
1963-08-12;35,2;52;;jah
1963-08-13;35,3;50;;jah
1963-08-14;35,4;49;;jah
1963-08-15;35,5;48;;jah
1963-08-16;35,6;49;;jah
1963-08-17;35,9;54;;jah
1963-08-18;36,2;55;;jah
1963-08-19;36,5;54;;jah
1963-08-20;36,9;54;;jah
1963-08-21;37,3;56;;jah
1963-08-22;38,1;60;;jah
1963-08-23;39;62;;jah
1963-08-24;40;63;;jah
1963-08-25;41,2;65;;jah
1963-08-26;42,4;69;;jah
1963-08-27;43,6;68;;jah
1963-08-28;44,9;70;;jah
1963-08-29;45,3;72;;jah
1963-08-30;45,3;69;;jah
1963-08-31;45,2;68;;jah
1963-09-01;45,2;68;;jah
1963-09-02;45,1;66;;jah
1963-09-03;45;66;;jah
1963-09-04;45;64;;jah
1963-09-05;44,9;64;;jah
1963-09-06;44,8;67;;jah
1963-09-07;44,7;66;;jah
1963-09-08;44,6;65;;jah
1963-09-09;44,4;64;;jah
1963-09-10;44,3;64;;jah
1963-09-11;44;64;;jah
1963-09-12;43,8;63;;jah
1963-09-13;43,4;62;;jah
1963-09-14;43,1;59;;jah
1963-09-15;42,9;56;;jah
1963-09-16;42,2;56;;jah
1963-09-17;41,6;54;;jah
1963-09-18;40,9;54;;jah
1963-09-19;39,9;54;;jah
1963-09-20;38,8;54;;jah
1963-09-21;37,7;52;;jah
1963-09-22;36,9;46;;jah
1963-09-23;36,1;46;;jah
1963-09-24;35,4;45;;jah
1963-09-25;34,9;44;;jah
1963-09-26;34,5;42;;jah
1963-09-27;34,2;42;;jah
1963-09-28;34;40;;jah
1963-09-29;34,1;38;;jah
1963-09-30;34,3;39;;jah
1963-10-01;34,5;42;;jah
1963-10-02;34,8;42;;jah
1963-10-03;35,1;46;;jah
1963-10-04;35,4;48;;jah
1963-10-05;35,8;47;;jah
1963-10-06;36,1;47;;jah
1963-10-07;36,6;48;;jah
1963-10-08;37;45;;jah
1963-10-09;37,5;44;;jah
1963-10-10;38,2;44;;jah
1963-10-11;38,7;46;;jah
1963-10-12;40,2;48;;jah
1963-10-13;42,2;49;;jah
1963-10-14;44,3;52;;jah
1963-10-15;46;69;;jah
1963-10-16;47,4;79;;jah
1963-10-17;49;80;;jah
1963-10-18;50,5;81;;jah
1963-10-19;49,6;78;;jah
1963-10-20;50;78;;jah
1963-10-21;51,5;82;;jah
1963-10-22;53,3;89;;jah
1963-10-23;55,8;90;;jah
1963-10-24;55,4;86;;jah
1963-10-25;54,9;85;;jah
1963-10-26;54,3;83;;jah
1963-10-27;52,6;81;;jah
1963-10-28;52,7;80;;jah
1963-10-29;53,6;82;;jah
1963-10-30;53;80;;jah
1963-10-31;51,8;76;;jah
1963-11-01;50,7;66;;jah
1963-11-02;50,8;65;;jah
1963-11-03;50,9;64;;jah
1963-11-04;51;63;;jah
1963-11-05;51,1;64;;jah
1963-11-06;51,2;64;;jah
1963-11-07;51,4;65;;jah
1963-11-08;51,5;65;;jah
1963-11-09;51,9;64;;jah
1963-11-10;52,5;68;;jah
1963-11-11;54;72;;jah
1963-11-12;56,8;77;;jah
1963-11-13;60;79;;jah
1963-11-14;64,3;75;;jah
1963-11-15;65,2;75;;jah
1963-11-16;65,8;76;;jah
1963-11-17;66,8;80;;jah
1963-11-18;69,2;90;;jah
1963-11-19;72,1;100;;jah
1963-11-20;73,7;104;;jah
1963-11-21;75;107;;jah
1963-11-22;75;106;;jah
1963-11-23;74,5;107;;jah
1963-11-24;70;102;;jah
1963-11-25;65,5;89;;jah
1963-11-26;60,5;99;;jah
1963-11-27;56;108;;jah
1963-11-28;51,5;106;;jah
1963-11-29;47,1;98;;jah
1963-11-30;43,9;87;;jah
1963-12-01;42,5;82;;jah
1963-12-02;42,1;78;;jah
1963-12-03;41,9;76;;jah
1963-12-04;42;75;;jah
1963-12-05;42,2;75;;jah
1963-12-06;42,4;77;;jah
1963-12-07;42,6;80;;jah
1963-12-08;42,8;81;;jah
1963-12-09;42,9;81;;jah
1963-12-10;43,1;83;;jah
1963-12-11;43,3;82;;jah
1963-12-12;43,4;80;;jah
1963-12-13;43,4;76;;jah
1963-12-14;43,3;75;;jah
1963-12-15;43,1;76;;jah
1963-12-16;42,9;76;;jah
1963-12-17;42,5;76;;jah
1963-12-18;42,1;76;;jah
1963-12-19;41,6;76;;jah
1963-12-20;41,1;76;;jah
1963-12-21;40,6;75;;jah
1963-12-22;40,4;76;;jah
1963-12-23;40,3;76;;jah
1963-12-24;40,3;76;;jah
1963-12-25;40,5;77;;jah
1963-12-26;40,8;77;;jah
1963-12-27;41,2;78;;jah
1963-12-28;42;80;;jah
1963-12-29;43;82;;jah
1963-12-30;44,7;87;;jah
1963-12-31;46;91;;jah
1964-01-01;51,5;99;;jah
1964-01-02;54,6;106;;jah
1964-01-03;54,8;106;;jah
1964-01-04;54,8;104;;jah
1964-01-05;54,8;106;;jah
1964-01-06;54,6;106;;jah
1964-01-07;53,8;106;;jah
1964-01-08;52,4;104;;jah
1964-01-09;50,5;102;;jah
1964-01-10;48,5;99;;jah
1964-01-11;45;95;;jah
1964-01-12;42,3;89;;jah
1964-01-13;39,4;82;;jah
1964-01-14;36,3;80;;jah
1964-01-15;34,9;85;;jah
1964-01-16;34,1;75;;jah
1964-01-17;34,1;78;;jah
1964-01-18;37,5;88;;jah
1964-01-19;52,2;101;;jah
1964-01-20;52,1;98;;jah
1964-01-21;45;90;;jah
1964-01-22;39,1;80;;jah
1964-01-23;35,6;71;;jah
1964-01-24;35,1;70;;jah
1964-01-25;35,1;67;;jah
1964-01-26;35,1;64;;jah
1964-01-27;35,1;67;;jah
1964-01-28;35,1;64;;jah
1964-01-29;42,3;74;;jah
1964-01-30;43,4;79;;jah
1964-01-31;43,5;79;;jah
1964-02-01;43,1;74;;jah
1964-02-02;41,8;70;;jah
1964-02-03;40,3;63;;jah
1964-02-04;38,6;60;;jah
1964-02-05;37,1;57;;jah
1964-02-06;35,1;54;;jah
1964-02-07;32,9;50;;jah
1964-02-08;31,6;48;;jah
1964-02-09;31,6;58;;jah
1964-02-10;31,7;62;;jah
1964-02-11;32,2;66;;jah
1964-02-12;32,6;60;;jah
1964-02-13;33,1;70;;jah
1964-02-14;33,5;71;;jah
1964-02-15;33,9;67;;jah
1964-02-16;34,7;66;;jah
1964-02-17;35,4;69;;jah
1964-02-18;36;68;;jah
1964-02-19;36,9;62;;jah
1964-02-20;37,7;62;;jah
1964-02-21;38,6;62;;jah
1964-02-22;38,8;61;;jah
1964-02-23;38,8;60;;jah
1964-02-24;38,6;60;;jah
1964-02-25;37,8;58;;jah
1964-02-26;36,8;55;;jah
1964-02-27;36,6;54;;jah
1964-02-28;36,4;55;;jah
1964-02-29;36,3;55;;jah
1964-03-01;36,3;56;;jah
1964-03-02;36,2;55;;jah
1964-03-03;36,2;51;;jah
1964-03-04;36,2;47;;jah
1964-03-05;36,2;44;;jah
1964-03-06;36,1;46;;jah
1964-03-07;36;48;;jah
1964-03-08;35,9;48;;jah
1964-03-09;35,8;48;;jah
1964-03-10;35,5;48;;jah
1964-03-11;35;46;;jah
1964-03-12;34;42;;jah
1964-03-13;33;37;;jah
1964-03-14;31,8;34;;jah
1964-03-15;30,8;35;;jah
1964-03-16;30,5;33;;jah
1964-03-17;30,1;31;;jah
1964-03-18;30;28;;jah
1964-03-19;30;24;;jah
1964-03-20;30,3;24;;jah
1964-03-21;30,6;22;;jah
1964-03-22;31,1;22;;jah
1964-03-23;31,6;22;;jah
1964-03-24;31,7;21;;jah
1964-03-25;31,9;19;;jah
1964-03-26;31,9;18;;jah
1964-03-27;31,9;18;;jah
1964-03-28;32;18;;jah
1964-03-29;32,1;18;;jah
1964-03-30;32,2;18;;jah
1964-03-31;32,6;18;;jah
1964-04-01;33,4;20;;jah
1964-04-02;35,9;22;;jah
1964-04-03;38,7;30;;jah
1964-04-04;45,5;39;;jah
1964-04-05;50,2;48;;jah
1964-04-06;52,5;51;;jah
1964-04-07;49,5;46;;jah
1964-04-08;46,8;42;;jah
1964-04-09;43,9;38;;jah
1964-04-10;43,1;36;;jah
1964-04-11;43,1;36;;jah
1964-04-12;47,5;42;;jah
1964-04-13;56,4;70;;jah
1964-04-14;76,9;102;;jah
1964-04-15;81,2;112;;jah
1964-04-16;82,6;114;;jah
1964-04-17;86;115;;jah
1964-04-18;89;116;;jah
1964-04-19;92,2;118;;jah
1964-04-20;94,5;120;;jah
1964-04-21;94,9;119;;jah
1964-04-22;94,7;118;;jah
1964-04-23;92;114;;jah
1964-04-24;85,6;110;;jah
1964-04-25;83,2;107;;jah
1964-04-26;80,2;102;;jah
1964-04-27;77,2;96;;jah
1964-04-28;73,9;94;;jah
1964-04-29;71;94;;jah
1964-04-30;69,9;90;;jah
1964-05-01;68,7;88;;jah
1964-05-02;67,5;87;;jah
1964-05-03;66,7;86;;jah
1964-05-04;65,9;86;;jah
1964-05-05;65;85;;jah
1964-05-06;64,2;83;;jah
1964-05-07;63,5;81;;jah
1964-05-08;62,7;80;;jah
1964-05-09;62,2;79;;jah
1964-05-10;61,8;79;;jah
1964-05-11;61,7;78;;jah
1964-05-12;61,2;77;;jah
1964-05-13;60,9;74;;jah
1964-05-14;60,4;72;;jah
1964-05-15;59,9;75;;jah
1964-05-16;59,5;81;;jah
1964-05-17;59;86;;jah
1964-05-18;58,5;90;;jah
1964-05-19;58;89;;jah
1964-05-20;57,3;86;;jah
1964-05-21;56,9;84;;jah
1964-05-22;56,2;83;;jah
1964-05-23;55,5;81;;jah
1964-05-24;54,7;78;;jah
1964-05-25;53,9;72;;jah
1964-05-26;53,2;69;;jah
1964-05-27;52,1;66;;jah
1964-05-28;51,2;63;;jah
1964-05-29;50;60;;jah
1964-05-30;48,6;56;;jah
1964-05-31;47,8;56;;jah
1964-06-01;47;54;;jah
1964-06-02;46,6;54;;jah
1964-06-03;46,2;58;;jah
1964-06-04;45,7;55;;jah
1964-06-05;45,3;52;;jah
1964-06-06;44,9;54;;jah
1964-06-07;44,5;52;;jah
1964-06-08;44,1;50;;jah
1964-06-09;43,7;48;;jah
1964-06-10;43,4;46;;jah
1964-06-11;42,9;46;;jah
1964-06-12;42,5;44;;jah
1964-06-13;41,9;42;;jah
1964-06-14;41,4;42;;jah
1964-06-15;40,9;40;;jah
1964-06-16;40,4;38;;jah
1964-06-17;39,8;35;;jah
1964-06-18;39,2;36;;jah
1964-06-19;38,6;36;;jah
1964-06-20;38;36;;jah
1964-06-21;37,5;37;;jah
1964-06-22;37;37;;jah
1964-06-23;36,2;40;;jah
1964-06-24;36;40;;jah
1964-06-25;35,8;34;;jah
1964-06-26;35,5;32;;jah
1964-06-27;35,2;32;;jah
1964-06-28;35;30;;jah
1964-06-29;34,8;29;;jah
1964-06-30;34,5;27;;jah
1964-07-01;34,3;26;;jah
1964-07-02;34,1;24;;jah
1964-07-03;33,9;24;;jah
1964-07-04;33,6;22;;jah
1964-07-05;33,5;22;;jah
1964-07-06;33,3;22;;jah
1964-07-07;33,2;21;;jah
1964-07-08;33,1;21;;jah
1964-07-09;32,9;20;;jah
1964-07-10;32,7;20;;jah
1964-07-11;32,6;20;;jah
1964-07-12;32,4;18;;jah
1964-07-13;32,2;18;;jah
1964-07-14;32;19;;jah
1964-07-15;31,9;18;;jah
1964-07-16;31,7;18;;jah
1964-07-17;31,5;17;;jah
1964-07-18;31,4;16;;jah
1964-07-19;31,1;12;;jah
1964-07-20;30,6;10;;jah
1964-07-21;29,9;9;;jah
1964-07-22;29,1;10;;jah
1964-07-23;28,3;10;;jah
1964-07-24;28;8;;jah
1964-07-25;27,9;8;;jah
1964-07-26;27,8;7;;jah
1964-07-27;27,7;6;;jah
1964-07-28;27,6;6;;jah
1964-07-29;27,5;11;;jah
1964-07-30;27,5;4;;jah
1964-07-31;27,4;3;;jah
1964-08-01;27,3;2;;jah
1964-08-02;27,3;1;;jah
1964-08-03;27,3;2;;jah
1964-08-04;27,4;3;;jah
1964-08-05;28;9;;jah
1964-08-06;28,4;10;;jah
1964-08-07;28,4;6;;jah
1964-08-08;28,4;6;;jah
1964-08-09;28,3;8;;jah
1964-08-10;28,2;6;;jah
1964-08-11;28,1;4;;jah
1964-08-12;27,9;4;;jah
1964-08-13;27,7;8;;jah
1964-08-14;27,5;2;;jah
1964-08-15;27,4;-2;;jah
1964-08-16;27,3;-3;;jah
1964-08-17;27,3;-3;;jah
1964-08-18;27,1;-4;;jah
1964-08-19;27;-4;;jah
1964-08-20;26,8;-3;;jah
1964-08-21;26,7;-4;;jah
1964-08-22;26,5;-7;;jah
1964-08-23;26,2;-8;;jah
1964-08-24;25,9;-11;;jah
1964-08-25;25,7;-10;;jah
1964-08-26;25,6;-10;;jah
1964-08-27;25,6;-12;;jah
1964-08-28;25,5;-14;;jah
1964-08-29;25,5;-11;;jah
1964-08-30;25,4;-11;;jah
1964-08-31;25,2;-15;;jah
1964-09-01;25;-12;;jah
1964-09-02;24,3;-17;;jah
1964-09-03;23,5;-19;;jah
1964-09-04;22,3;-20;;jah
1964-09-05;22,3;-18;;jah
1964-09-06;22,3;-17;;jah
1964-09-07;22,3;-18;;jah
1964-09-08;22,3;-18;;jah
1964-09-09;22,3;-20;;jah
1964-09-10;22,3;-22;;jah
1964-09-11;22,3;-22;;jah
1964-09-12;22,3;-22;;jah
1964-09-13;22,1;-22;;jah
1964-09-14;22,1;-28;;jah
1964-09-15;22,1;-28;;jah
1964-09-16;22,2;-24;;jah
1964-09-17;22,4;-22;;jah
1964-09-18;22,5;-24;;jah
1964-09-19;22,6;-22;;jah
1964-09-20;22,9;-20;;jah
1964-09-21;23;-22;;jah
1964-09-22;23,1;-22;;jah
1964-09-23;23,3;-22;;jah
1964-09-24;23,4;-24;;jah
1964-09-25;23,5;-24;;jah
1964-09-26;23,4;-24;;jah
1964-09-27;23,3;-22;;jah
1964-09-28;23,2;-24;;jah
1964-09-29;23,1;-26;;jah
1964-09-30;22,9;-28;;jah
1964-10-01;22,8;-26;;jah
1964-10-02;22,7;-29;;jah
1964-10-03;22,6;-29;;jah
1964-10-04;22,6;-33;;jah
1964-10-05;22,8;-32;;jah
1964-10-06;23;-32;;jah
1964-10-07;23,3;-30;;jah
1964-10-08;23,7;-29;;jah
1964-10-09;24,1;-27;;jah
1964-10-10;24,4;-20;;jah
1964-10-11;24,4;-20;;jah
1964-10-12;24,2;-24;;jah
1964-10-13;23,9;-25;;jah
1964-10-14;23,6;-22;;jah
1964-10-15;23,4;-24;;jah
1964-10-16;23,4;-21;;jah
1964-10-17;23,4;-22;;jah
1964-10-18;23,4;-22;;jah
1964-10-19;23,4;-24;;jah
1964-10-20;23,5;-26;;jah
1964-10-21;23,6;-30;;jah
1964-10-22;23,9;-22;;jah
1964-10-23;24,2;-22;;jah
1964-10-24;24,4;-22;;jah
1964-10-25;24,5;-22;;jah
1964-10-26;24,6;-21;;jah
1964-10-27;24,6;-22;;jah
1964-10-28;24,5;-22;;jah
1964-10-29;24,4;-20;;jah
1964-10-30;24,3;-20;;jah
1964-10-31;24,2;-21;;jah
1964-11-01;24,1;-21;;jah
1964-11-02;24,1;-21;;jah
1964-11-03;24;-22;;jah
1964-11-04;23,7;-26;;jah
1964-11-05;23,5;-25;;jah
1964-11-06;23,3;-27;;jah
1964-11-07;23;-28;;jah
1964-11-08;22,6;-30;;jah
1964-11-09;22,3;-32;;jah
1964-11-10;22,5;-37;;jah
1964-11-11;23,7;-31;;jah
1964-11-12;24,8;-28;;jah
1964-11-13;25,8;-26;;jah
1964-11-14;26,3;-22;;jah
1964-11-15;26,7;-20;;jah
1964-11-16;27,5;-17;;jah
1964-11-17;27,9;-10;;jah
1964-11-18;28,4;-3;;jah
1964-11-19;28,8;0;;jah
1964-11-20;29,1;5;;jah
1964-11-21;29,4;5;;jah
1964-11-22;29,6;5;;jah
1964-11-23;30,6;0;;jah
1964-11-24;31,7;16;;jah
1964-11-25;32,8;26;;jah
1964-11-26;33,2;26;;jah
1964-11-27;33,2;24;;jah
1964-11-28;33,1;28;;jah
1964-11-29;32,6;27;;jah
1964-11-30;31,8;25;;jah
1964-12-01;30,8;21;;jah
1964-12-02;29,9;17;;jah
1964-12-03;29,1;10;;jah
1964-12-04;28,5;2;;jah
1964-12-05;28,3;-6;;jah
1964-12-06;28,4;-4;;jah
1964-12-07;28,8;5;;jah
1964-12-08;29,7;6;;jah
1964-12-09;31;8;;jah
1964-12-10;32,5;15;;jah
1964-12-11;33,8;32;;jah
1964-12-12;35,5;40;;jah
1964-12-13;37;44;;jah
1964-12-14;37,5;42;;jah
1964-12-15;37,5;41;;jah
1964-12-16;37,5;42;;jah
1964-12-17;37,5;42;;jah
1964-12-18;37,5;44;;jah
1964-12-19;37,5;46;;jah
1964-12-20;37,4;46;;jah
1964-12-21;36,5;56;;jah
1964-12-22;35,8;63;;jah
1964-12-23;35,8;62;;jah
1964-12-24;35,8;56;;jah
1964-12-25;35,8;52;;jah
1964-12-26;35,8;50;;jah
1964-12-27;35,8;49;;jah
1964-12-28;35,8;49;;jah
1964-12-29;35,8;48;;jah
1964-12-30;35,9;48;;jah
1964-12-31;36,2;46;;jah
1965-01-01;36,6;46;;jah
1965-01-02;37,2;46;;jah
1965-01-03;37,5;42;;jah
1965-01-04;37,3;43;;jah
1965-01-05;37,1;42;;jah
1965-01-06;36,8;44;;jah
1965-01-07;36,6;44;;jah
1965-01-08;36,2;45;;jah
1965-01-09;36;44;;jah
1965-01-10;35,7;43;;jah
1965-01-11;35,4;42;;jah
1965-01-12;35,2;42;;jah
1965-01-13;35;43;;jah
1965-01-14;34,9;41;;jah
1965-01-15;34,9;39;;jah
1965-01-16;34,9;36;;jah
1965-01-17;34,9;35;;jah
1965-01-18;34,9;34;;jah
1965-01-19;34,8;34;;jah
1965-01-20;34,8;36;;jah
1965-01-21;34,8;35;;jah
1965-01-22;34,8;34;;jah
1965-01-23;34,8;36;;jah
1965-01-24;34,7;35;;jah
1965-01-25;34,7;36;;jah
1965-01-26;34,6;37;;jah
1965-01-27;34,5;36;;jah
1965-01-28;34;32;;jah
1965-01-29;32,2;28;;jah
1965-01-30;22,9;6;;jah
1965-01-31;23,3;8;;jah
1965-02-01;26;13;;jah
1965-02-02;28,4;18;;jah
1965-02-03;28,8;19;;jah
1965-02-04;29,2;20;;jah
1965-02-05;29,3;17;;jah
1965-02-06;29,4;16;;jah
1965-02-07;29,5;20;;jah
1965-02-08;29,8;26;;jah
1965-02-09;30,7;27;;jah
1965-02-10;31,8;28;;jah
1965-02-11;32,7;30;;jah
1965-02-12;33,7;32;;jah
1965-02-13;34,6;36;;jah
1965-02-14;35,3;40;;jah
1965-02-15;35,7;42;;jah
1965-02-16;35,9;43;;jah
1965-02-17;35,7;42;;jah
1965-02-18;35,1;41;;jah
1965-02-19;34,7;39;;jah
1965-02-20;34;40;;jah
1965-02-21;33,5;40;;jah
1965-02-22;32,9;40;;jah
1965-02-23;32,4;38;;jah
1965-02-24;31,6;34;;jah
1965-02-25;31,3;22;;jah
1965-02-26;30,8;24;;jah
1965-02-27;30,6;25;;jah
1965-02-28;30,4;27;;jah
1965-03-01;30,3;26;;jah
1965-03-02;30,2;25;;jah
1965-03-03;30,2;25;;jah
1965-03-04;30,2;26;;jah
1965-03-05;30,3;27;;jah
1965-03-06;30,3;27;;jah
1965-03-07;30,4;26;;jah
1965-03-08;30,6;28;;jah
1965-03-09;30,7;29;;jah
1965-03-10;30,8;30;;jah
1965-03-11;30,9;31;;jah
1965-03-12;31;32;;jah
1965-03-13;31,2;34;;jah
1965-03-14;31,6;36;;jah
1965-03-15;32,2;37;;jah
1965-03-16;33;38;;jah
1965-03-17;33,9;40;;jah
1965-03-18;35;41;;jah
1965-03-19;38,5;43;;jah
1965-03-20;44,5;46;;jah
1965-03-21;50;53;;jah
1965-03-22;50,5;54;;jah
1965-03-23;48,7;50;;jah
1965-03-24;47;48;;jah
1965-03-25;45,9;42;;jah
1965-03-26;44,1;39;;jah
1965-03-27;42,7;36;;jah
1965-03-28;41,8;34;;jah
1965-03-29;41;33;;jah
1965-03-30;45,3;38;;jah
1965-03-31;53;51;;jah
1965-04-01;53,9;54;;jah
1965-04-02;54,1;54;;jah
1965-04-03;54,1;53;;jah
1965-04-04;54,1;52;;jah
1965-04-05;53,9;51;;jah
1965-04-06;53,8;48;;jah
1965-04-07;58;63;;jah
1965-04-08;65;75;;jah
1965-04-09;67;71;;jah
1965-04-10;67,5;74;;jah
1965-04-11;68,1;74;;jah
1965-04-12;68,8;76;;jah
1965-04-13;70;79;;jah
1965-04-14;76;86;;jah
1965-04-15;83,1;92;;jah
1965-04-16;86;98;;jah
1965-04-17;89,5;103;;jah
1965-04-18;91,8;108;;jah
1965-04-19;94,3;116;;jah
1965-04-20;95;121;;jah
1965-04-21;94,5;126;;jah
1965-04-22;93;128;;jah
1965-04-23;91,5;128;;jah
1965-04-24;90;128;;jah
1965-04-25;88;125;;jah
1965-04-26;85,8;120;;jah
1965-04-27;82,6;114;;jah
1965-04-28;79;108;;jah
1965-04-29;75,7;102;;jah
1965-04-30;71,5;98;;jah
1965-05-01;68,1;96;;jah
1965-05-02;65,1;92;;jah
1965-05-03;62;84;;jah
1965-05-04;59,5;80;;jah
1965-05-05;57,5;78;;jah
1965-05-06;56,3;74;;jah
1965-05-07;55,5;73;;jah
1965-05-08;54,6;74;;jah
1965-05-09;54;73;;jah
1965-05-10;53,4;75;;jah
1965-05-11;52,8;76;;jah
1965-05-12;52,5;72;;jah
1965-05-13;52;72;;jah
1965-05-14;51,8;68;;jah
1965-05-15;51,6;66;;jah
1965-05-16;51,4;64;;jah
1965-05-17;51,3;62;;jah
1965-05-18;51,1;62;;jah
1965-05-19;51;62;;jah
1965-05-20;50,9;64;;jah
1965-05-21;50,8;62;;jah
1965-05-22;50,7;65;;jah
1965-05-23;50,5;68;;jah
1965-05-24;50,3;68;;jah
1965-05-25;50,2;66;;jah
1965-05-26;50,1;67;;jah
1965-05-27;49;64;;jah
1965-05-28;47,7;61;;jah
1965-05-29;46,7;59;;jah
1965-05-30;45,8;59;;jah
1965-05-31;44,8;59;;jah
1965-06-01;42,5;56;;jah
1965-06-02;40;56;;jah
1965-06-03;39,4;56;;jah
1965-06-04;39;53;;jah
1965-06-05;38,6;50;;jah
1965-06-06;38,2;50;;jah
1965-06-07;37,8;54;;jah
1965-06-08;37,6;54;;jah
1965-06-09;37,3;50;;jah
1965-06-10;37;48;;jah
1965-06-11;36,7;50;;jah
1965-06-12;36,4;48;;jah
1965-06-13;36,1;48;;jah
1965-06-14;35,7;46;;jah
1965-06-15;35,1;42;;jah
1965-06-16;34,5;40;;jah
1965-06-17;33,7;41;;jah
1965-06-18;33;41;;jah
1965-06-19;32,3;42;;jah
1965-06-20;31,8;40;;jah
1965-06-21;31,4;36;;jah
1965-06-22;31,2;36;;jah
1965-06-23;31,3;40;;jah
1965-06-24;31,6;41;;jah
1965-06-25;32,1;40;;jah
1965-06-26;32,6;40;;jah
1965-06-27;33,1;39;;jah
1965-06-28;33,7;35;;jah
1965-06-29;34,1;35;;jah
1965-06-30;34,4;34;;jah
1965-07-01;34,5;35;;jah
1965-07-02;34,7;36;;jah
1965-07-03;34,6;36;;jah
1965-07-04;34,5;36;;jah
1965-07-05;34,4;36;;jah
1965-07-06;34,3;36;;jah
1965-07-07;34,2;34;;jah
1965-07-08;34,1;34;;jah
1965-07-09;34;36;;jah
1965-07-10;33,8;33;;jah
1965-07-11;33,7;34;;jah
1965-07-12;33,6;35;;jah
1965-07-13;33,5;36;;jah
1965-07-14;33,3;36;;jah
1965-07-15;33,1;34;;jah
1965-07-16;32,8;34;;jah
1965-07-17;32,5;34;;jah
1965-07-18;32,4;28;;jah
1965-07-19;32,2;28;;jah
1965-07-20;31,7;27;;jah
1965-07-21;31,4;26;;jah
1965-07-22;31;24;;jah
1965-07-23;30,7;24;;jah
1965-07-24;30,5;22;;jah
1965-07-25;30,4;20;;jah
1965-07-26;30,2;18;;jah
1965-07-27;30,2;18;;jah
1965-07-28;30,2;18;;jah
1965-07-29;30,2;17;;jah
1965-07-30;30,3;17;;jah
1965-07-31;30,4;24;;jah
1965-08-01;30,5;20;;jah
1965-08-02;30,6;20;;jah
1965-08-03;30,7;22;;jah
1965-08-04;30,8;20;;jah
1965-08-05;30,7;17;;jah
1965-08-06;30,7;23;;jah
1965-08-07;30,5;24;;jah
1965-08-08;30,3;22;;jah
1965-08-09;30,2;22;;jah
1965-08-10;30,1;21;;jah
1965-08-11;30;19;;jah
1965-08-12;29,8;18;;jah
1965-08-13;29,6;18;;jah
1965-08-14;29,5;16;;jah
1965-08-15;29,2;14;;jah
1965-08-16;29;8;;jah
1965-08-17;28,7;12;;jah
1965-08-18;28,4;11;;jah
1965-08-19;28,2;10;;jah
1965-08-20;27,8;10;;jah
1965-08-21;27,5;9;;jah
1965-08-22;27,2;8;;jah
1965-08-23;26,9;8;;jah
1965-08-24;26,4;8;;jah
1965-08-25;26;8;;jah
1965-08-26;25,6;8;;jah
1965-08-27;25,2;7;;jah
1965-08-28;25;8;;jah
1965-08-29;24,5;4;;jah
1965-08-30;24,3;3;;jah
1965-08-31;24;3;;jah
1965-09-01;23,8;5;;jah
1965-09-02;23,5;5;;jah
1965-09-03;23,3;3;;jah
1965-09-04;23,2;4;;jah
1965-09-05;23;4;;jah
1965-09-06;23;4;;jah
1965-09-07;22,8;4;;jah
1965-09-08;22,7;2;;jah
1965-09-09;22,6;0;;jah
1965-09-10;22,5;-1;;jah
1965-09-11;22,4;0;;jah
1965-09-12;22,3;-2;;jah
1965-09-13;22,3;-5;;jah
1965-09-14;22,3;-2;;jah
1965-09-15;22,4;-4;;jah
1965-09-16;22,6;-4;;jah
1965-09-17;23;-7;;jah
1965-09-18;23,2;-6;;jah
1965-09-19;23,7;-6;;jah
1965-09-20;23,9;-8;;jah
1965-09-21;24;-8;;jah
1965-09-22;24,2;-8;;jah
1965-09-23;24,3;-8;;jah
1965-09-24;24,2;-8;;jah
1965-09-25;24,1;-8;;jah
1965-09-26;24,1;-8;;jah
1965-09-27;23,7;-8;;jah
1965-09-28;23,4;-8;;jah
1965-09-29;23;-8;;jah
1965-09-30;22,5;-8;;jah
1965-10-01;22,3;-8;;jah
1965-10-02;21,9;-7;;jah
1965-10-03;21,6;-10;;jah
1965-10-04;21,5;-10;;jah
1965-10-05;21,5;-10;;jah
1965-10-06;21,5;-10;;jah
1965-10-07;21,5;-10;;jah
1965-10-08;21,5;-12;;jah
1965-10-09;21,5;-12;;jah
1965-10-10;21,5;-18;;jah
1965-10-11;21,5;-18;;jah
1965-10-12;21,5;-18;;jah
1965-10-13;21,5;-22;;jah
1965-10-14;21,5;-20;;jah
1965-10-15;21,5;-16;;jah
1965-10-16;21,4;-15;;jah
1965-10-17;21,3;-14;;jah
1965-10-18;21,1;-16;;jah
1965-10-19;20,9;-13;;jah
1965-10-20;20,7;-12;;jah
1965-10-21;20,6;-19;;jah
1965-10-22;20,3;-21;;jah
1965-10-23;20,2;-18;;jah
1965-10-24;20,2;-17;;jah
1965-10-25;20,2;-18;;jah
1965-10-26;20,2;-21;;jah
1965-10-27;20,2;-21;;jah
1965-10-28;20,3;-22;;jah
1965-10-29;20,5;-22;;jah
1965-10-30;20,7;-20;;jah
1965-10-31;20,8;-16;;jah
1965-11-01;21,1;-14;;jah
1965-11-02;21,4;-12;;jah
1965-11-03;21,6;-10;;jah
1965-11-04;21,7;-10;;jah
1965-11-05;21,8;-8;;jah
1965-11-06;21,9;-11;;jah
1965-11-07;21,9;-10;;jah
1965-11-08;21,9;-14;;jah
1965-11-09;21,9;-14;;jah
1965-11-10;21,9;-10;;jah
1965-11-11;21,9;-12;;jah
1965-11-12;21,9;-8;;jah
1965-11-13;21,9;-12;;jah
1965-11-14;21,5;-14;;jah
1965-11-15;18,8;-14;;jah
1965-11-16;17,8;-12;;jah
1965-11-17;17;-12;;jah
1965-11-18;16,1;-12;;jah
1965-11-19;15,6;-13;;jah
1965-11-20;15,4;-12;;jah
1965-11-21;15,4;-12;;jah
1965-11-22;15,4;-13;;jah
1965-11-23;15,4;-12;;jah
1965-11-24;15,3;-12;;jah
1965-11-25;15,3;-11;;jah
1965-11-26;15,3;-11;;jah
1965-11-27;15,3;-12;;jah
1965-11-28;15,3;-12;;jah
1965-11-29;15,4;-10;;jah
1965-11-30;15,5;-8;;jah
1965-12-01;15,5;-6;;jah
1965-12-02;15,5;-6;;jah
1965-12-03;15,6;-4;;jah
1965-12-04;15,8;-3;;jah
1965-12-05;16,2;-3;;jah
1965-12-06;17,5;-2;;jah
1965-12-07;18,7;-1;;jah
1965-12-08;19,8;2;;jah
1965-12-09;20,7;2;;jah
1965-12-10;21,5;2;;jah
1965-12-11;21,9;4;;jah
1965-12-12;22,2;5;;jah
1965-12-13;22,2;6;;jah
1965-12-14;22,2;6;;jah
1965-12-15;21,3;2;;jah
1965-12-16;17,5;-10;;jah
1965-12-17;17,5;-10;;jah
1965-12-18;18;-8;;jah
1965-12-19;19;-6;;jah
1965-12-20;20;-4;;jah
1965-12-21;21;1;;jah
1965-12-22;21,7;8;;jah
1965-12-23;22,1;10;;jah
1965-12-24;21,8;8;;jah
1965-12-25;20;-2;;jah
1965-12-26;19;-6;;jah
1965-12-27;21;3;;jah
1965-12-28;21,5;6;;jah
1965-12-29;21,1;7;;jah
1965-12-30;20,5;5;;jah
1965-12-31;18,5;3;;jah
1966-01-01;17,1;-2;;jah
1966-01-02;16,6;-9;;jah
1966-01-03;16,4;-9;;jah
1966-01-04;16,4;-10;;jah
1966-01-05;16,4;-8;;jah
1966-01-06;16,5;-6;;jah
1966-01-07;16,7;0;;jah
1966-01-08;16,9;-1;;jah
1966-01-09;17;-3;;jah
1966-01-10;17,1;-3;;jah
1966-01-11;17,1;-4;;jah
1966-01-12;17,1;-4;;jah
1966-01-13;17,1;-1;;jah
1966-01-14;17;-1;;jah
1966-01-15;16,9;-3;;jah
1966-01-16;16,7;-6;;jah
1966-01-17;16,5;-8;;jah
1966-01-18;16,2;-9;;jah
1966-01-19;16,7;-6;;jah
1966-01-20;17;-4;;jah
1966-01-21;17,1;-3;;jah
1966-01-22;17,1;-3;;jah
1966-01-23;17,2;-2;;jah
1966-01-24;17,2;0;;jah
1966-01-25;17,2;1;;jah
1966-01-26;17,2;1;;jah
1966-01-27;17,2;3;;jah
1966-01-28;17,3;3;;jah
1966-01-29;17,4;2;;jah
1966-01-30;17,5;4;;jah
1966-01-31;17,7;7;;jah
1966-02-01;18;10;;jah
1966-02-02;17,1;8;;jah
1966-02-03;16,6;4;;jah
1966-02-04;16,3;1;;jah
1966-02-05;16,1;-2;;jah
1966-02-06;16,1;-2;;jah
1966-02-07;16,2;1;;jah
1966-02-08;16,3;0;;jah
1966-02-09;16,5;-2;;jah
1966-02-10;16,6;-2;;jah
1966-02-11;16,7;2;;jah
1966-02-12;16,8;3;;jah
1966-02-13;16,9;4;;jah
1966-02-14;16,9;2;;jah
1966-02-15;16,9;0;;jah
1966-02-16;16,9;2;;jah
1966-02-17;17;4;;jah
1966-02-18;17,1;6;;jah
1966-02-19;17,2;7;;jah
1966-02-20;17,4;8;;jah
1966-02-21;17,6;8;;jah
1966-02-22;17,8;9;;jah
1966-02-23;18;10;;jah
1966-02-24;18,5;8;;jah
1966-02-25;18,8;8;;jah
1966-02-26;19;9;;jah
1966-02-27;19,4;10;;jah
1966-02-28;20;14;;jah
1966-03-01;20,7;18;;jah
1966-03-02;21,1;19;;jah
1966-03-03;21,8;19;;jah
1966-03-04;22,4;22;;jah
1966-03-05;23,8;27;;jah
1966-03-06;25,6;32;;jah
1966-03-07;27,2;34;;jah
1966-03-08;29;35;;jah
1966-03-09;31,2;36;;jah
1966-03-10;32,9;38;;jah
1966-03-11;35;43;;jah
1966-03-12;37,2;46;;jah
1966-03-13;37,3;47;;jah
1966-03-14;37;40;;jah
1966-03-15;36,5;34;;jah
1966-03-16;36;38;;jah
1966-03-17;35,3;32;;jah
1966-03-18;34,8;22;;jah
1966-03-19;34,1;19;;jah
1966-03-20;33,4;16;;jah
1966-03-21;32,8;10;;jah
1966-03-22;32,5;10;;jah
1966-03-23;32,3;8;;jah
1966-03-24;32,3;8;;jah
1966-03-25;32,3;9;;jah
1966-03-26;33;14;;jah
1966-03-27;34;20;;jah
1966-03-28;35;22;;jah
1966-03-29;36,3;23;;jah
1966-03-30;38;26;;jah
1966-03-31;39,6;34;;jah
1966-04-01;45,5;47;;jah
1966-04-02;55;65;;jah
1966-04-03;63,7;76;;jah
1966-04-04;68,5;92;;jah
1966-04-05;72,8;106;;jah
1966-04-06;77;114;;jah
1966-04-07;83,3;123;;jah
1966-04-08;88,7;131;;jah
1966-04-09;94,5;135;;jah
1966-04-10;100;142;;jah
1966-04-11;106;152;;jah
1966-04-12;103;148;;jah
1966-04-13;98,6;138;;jah
1966-04-14;94,4;132;;jah
1966-04-15;89,5;131;;jah
1966-04-16;82,5;125;;jah
1966-04-17;79,2;118;;jah
1966-04-18;78,9;115;;jah
1966-04-19;78,8;113;;jah
1966-04-20;78,9;114;;jah
1966-04-21;79,3;114;;jah
1966-04-22;88,5;125;;jah
1966-04-23;97;150;;jah
1966-04-24;104;166;;jah
1966-04-25;107;173;;jah
1966-04-26;109;179;;jah
1966-04-27;111;186;;jah
1966-04-28;113;191;;jah
1966-04-29;115;195;;jah
1966-04-30;123;198;;jah
1966-05-01;130;201;;jah
1966-05-02;135;204;;jah
1966-05-03;137;206;;jah
1966-05-04;137;206;;jah
1966-05-05;137;206;;jah
1966-05-06;137;204;;jah
1966-05-07;137;204;;jah
1966-05-08;137;204;;jah
1966-05-09;137;204;;jah
1966-05-10;133;202;;jah
1966-05-11;126;197;;jah
1966-05-12;118;192;;jah
1966-05-13;112;189;;jah
1966-05-14;106;184;;jah
1966-05-15;103;178;;jah
1966-05-16;99,5;172;;jah
1966-05-17;95,5;166;;jah
1966-05-18;92,2;160;;jah
1966-05-19;88,7;157;;jah
1966-05-20;85,1;154;;jah
1966-05-21;82;148;;jah
1966-05-22;78,7;143;;jah
1966-05-23;75,4;140;;jah
1966-05-24;71,8;140;;jah
1966-05-25;68,7;138;;jah
1966-05-26;67;136;;jah
1966-05-27;66;134;;jah
1966-05-28;66,1;137;;jah
1966-05-29;66,3;138;;jah
1966-05-30;66,4;139;;jah
1966-05-31;66,5;143;;jah
1966-06-01;66,4;142;;jah
1966-06-02;66,1;140;;jah
1966-06-03;65,9;137;;jah
1966-06-04;65,5;135;;jah
1966-06-05;65,2;132;;jah
1966-06-06;64,8;131;;jah
1966-06-07;64,5;132;;jah
1966-06-08;64,2;130;;jah
1966-06-09;63,9;130;;jah
1966-06-10;63,5;128;;jah
1966-06-11;63,2;125;;jah
1966-06-12;62,8;121;;jah
1966-06-13;62,4;118;;jah
1966-06-14;61,9;118;;jah
1966-06-15;61;116;;jah
1966-06-16;60,1;114;;jah
1966-06-17;59;112;;jah
1966-06-18;57,8;110;;jah
1966-06-19;56,3;110;;jah
1966-06-20;55;108;;jah
1966-06-21;53;107;;jah
1966-06-22;51;105;;jah
1966-06-23;49,3;102;;jah
1966-06-24;47,5;98;;jah
1966-06-25;47;96;;jah
1966-06-26;47,1;99;;jah
1966-06-27;47,5;100;;jah
1966-06-28;47,7;102;;jah
1966-06-29;47,9;103;;jah
1966-06-30;48;104;;jah
1966-07-01;47,8;103;;jah
1966-07-02;47,5;102;;jah
1966-07-03;47,2;100;;jah
1966-07-04;46,5;99;;jah
1966-07-05;46,1;98;;jah
1966-07-06;45,7;97;;jah
1966-07-07;45,3;97;;jah
1966-07-08;45;96;;jah
1966-07-09;44,6;95;;jah
1966-07-10;44,3;94;;jah
1966-07-11;44;93;;jah
1966-07-12;43,6;92;;jah
1966-07-13;43,4;93;;jah
1966-07-14;43;92;;jah
1966-07-15;42,7;91;;jah
1966-07-16;42,4;90;;jah
1966-07-17;42,2;88;;jah
1966-07-18;42;87;;jah
1966-07-19;41,6;87;;jah
1966-07-20;41,4;86;;jah
1966-07-21;41,1;83;;jah
1966-07-22;40,8;82;;jah
1966-07-23;40,6;81;;jah
1966-07-24;40,3;80;;jah
1966-07-25;40;79;;jah
1966-07-26;39,9;79;;jah
1966-07-27;39,7;77;;jah
1966-07-28;39,5;74;;jah
1966-07-29;39,4;74;;jah
1966-07-30;39,2;74;;jah
1966-07-31;39,1;75;;jah
1966-08-01;39;74;;jah
1966-08-02;38,8;73;;jah
1966-08-03;38,5;72;;jah
1966-08-04;38;71;;jah
1966-08-05;37;70;;jah
1966-08-06;36,3;68;;jah
1966-08-07;35;68;;jah
1966-08-08;34,7;66;;jah
1966-08-09;34,5;67;;jah
1966-08-10;34,4;68;;jah
1966-08-11;34,3;66;;jah
1966-08-12;34,2;64;;jah
1966-08-13;34,5;66;;jah
1966-08-14;35;68;;jah
1966-08-15;43;103;;jah
1966-08-16;46,2;108;;jah
1966-08-17;45;104;;jah
1966-08-18;42;92;;jah
1966-08-19;38,5;76;;jah
1966-08-20;36,3;73;;jah
1966-08-21;35,8;68;;jah
1966-08-22;35,8;68;;jah
1966-08-23;35,9;73;;jah
1966-08-24;36,1;76;;jah
1966-08-25;36,2;78;;jah
1966-08-26;36,3;75;;jah
1966-08-27;36,3;72;;jah
1966-08-28;36,4;70;;jah
1966-08-29;36,4;67;;jah
1966-08-30;36,5;61;;jah
1966-08-31;36,5;60;;jah
1966-09-01;36,6;60;;jah
1966-09-02;36,6;60;;jah
1966-09-03;36,7;60;;jah
1966-09-04;36,8;58;;jah
1966-09-05;36,9;56;;jah
1966-09-06;37;56;;jah
1966-09-07;37,1;54;;jah
1966-09-08;37,3;55;;jah
1966-09-09;37,5;60;;jah
1966-09-10;37,8;60;;jah
1966-09-11;38;60;;jah
1966-09-12;38,2;58;;jah
1966-09-13;38,5;58;;jah
1966-09-14;38,9;64;;jah
1966-09-15;40;68;;jah
1966-09-16;44;76;;jah
1966-09-17;47,8;84;;jah
1966-09-18;48;85;;jah
1966-09-19;48;80;;jah
1966-09-20;48;76;;jah
1966-09-21;48;75;;jah
1966-09-22;48;74;;jah
1966-09-23;48;72;;jah
1966-09-24;48;72;;jah
1966-09-25;48,1;67;;jah
1966-09-26;48,1;64;;jah
1966-09-27;48,1;66;;jah
1966-09-28;48,2;64;;jah
1966-09-29;48,2;65;;jah
1966-09-30;48,2;66;;jah
1966-10-01;48,3;68;;jah
1966-10-02;48,3;69;;jah
1966-10-03;48,3;70;;jah
1966-10-04;48,3;68;;jah
1966-10-05;48,3;68;;jah
1966-10-06;48,4;70;;jah
1966-10-07;48,4;73;;jah
1966-10-08;48,4;75;;jah
1966-10-09;48,4;75;;jah
1966-10-10;48,1;75;;jah
1966-10-11;46,8;70;;jah
1966-10-12;42,5;68;;jah
1966-10-13;39,1;64;;jah
1966-10-14;38,8;64;;jah
1966-10-15;38,8;61;;jah
1966-10-16;39;61;;jah
1966-10-17;39,5;61;;jah
1966-10-18;41;61;;jah
1966-10-19;42,3;60;;jah
1966-10-20;43,8;60;;jah
1966-10-21;45,2;61;;jah
1966-10-22;47,1;61;;jah
1966-10-23;48,8;62;;jah
1966-10-24;50;69;;jah
1966-10-25;51,3;85;;jah
1966-10-26;52;86;;jah
1966-10-27;52,4;87;;jah
1966-10-28;52,5;87;;jah
1966-10-29;52,4;86;;jah
1966-10-30;51,5;82;;jah
1966-10-31;50;78;;jah
1966-11-01;48,7;78;;jah
1966-11-02;46,7;74;;jah
1966-11-03;45,6;69;;jah
1966-11-04;45,3;68;;jah
1966-11-05;45;66;;jah
1966-11-06;45,1;65;;jah
1966-11-07;45,4;61;;jah
1966-11-08;45,7;61;;jah
1966-11-09;46,1;61;;jah
1966-11-10;46,5;63;;jah
1966-11-11;46,9;63;;jah
1966-11-12;47,3;60;;jah
1966-11-13;47,8;59;;jah
1966-11-14;48;59;;jah
1966-11-15;48,3;58;;jah
1966-11-16;48,7;58;;jah
1966-11-17;49;58;;jah
1966-11-18;49,4;56;;jah
1966-11-19;49,7;58;;jah
1966-11-20;50;62;;jah
1966-11-21;50,5;60;;jah
1966-11-22;50,8;63;;jah
1966-11-23;51,1;74;;jah
1966-11-24;51,6;78;;jah
1966-11-25;52,3;82;;jah
1966-11-26;53,5;82;;jah
1966-11-27;55,8;83;;jah
1966-11-28;58,7;88;;jah
1966-11-29;60,2;90;;jah
1966-11-30;61;91;;jah
1966-12-01;61;90;;jah
1966-12-02;60,8;89;;jah
1966-12-03;60,6;84;;jah
1966-12-04;60,2;84;;jah
1966-12-05;60;84;;jah
1966-12-06;59,4;80;;jah
1966-12-07;56,5;76;;jah
1966-12-08;47,5;65;;jah
1966-12-09;38;57;;jah
1966-12-10;33;57;;jah
1966-12-11;32,5;56;;jah
1966-12-12;32,4;56;;jah
1966-12-13;32,4;55;;jah
1966-12-14;32,4;55;;jah
1966-12-15;32,4;56;;jah
1966-12-16;32,5;56;;jah
1966-12-17;32,5;55;;jah
1966-12-18;32,7;56;;jah
1966-12-19;33;58;;jah
1966-12-20;33,2;60;;jah
1966-12-21;33,5;63;;jah
1966-12-22;33,8;64;;jah
1966-12-23;34,1;65;;jah
1966-12-24;34,3;66;;jah
1966-12-25;34,5;66;;jah
1966-12-26;34,8;66;;jah
1966-12-27;35;67;;jah
1966-12-28;35,1;66;;jah
1966-12-29;35,4;68;;jah
1966-12-30;35,6;68;;jah
1966-12-31;35,9;70;;jah
1967-01-01;36,1;70;;jah
1967-01-02;36,4;70;;jah
1967-01-03;36,5;72;;jah
1967-01-04;36,6;73;;jah
1967-01-05;36,5;72;;jah
1967-01-06;36,4;72;;jah
1967-01-07;36,3;74;;jah
1967-01-08;36,2;74;;jah
1967-01-09;36,1;74;;jah
1967-01-10;36;74;;jah
1967-01-11;35,9;74;;jah
1967-01-12;35,8;74;;jah
1967-01-13;35,6;72;;jah
1967-01-14;35,4;70;;jah
1967-01-15;35,2;68;;jah
1967-01-16;35;67;;jah
1967-01-17;34,8;67;;jah
1967-01-18;34,6;68;;jah
1967-01-19;34,3;68;;jah
1967-01-20;34,2;68;;jah
1967-01-21;34,1;68;;jah
1967-01-22;34;68;;jah
1967-01-23;33,8;67;;jah
1967-01-24;33,7;66;;jah
1967-01-25;33,6;65;;jah
1967-01-26;33,5;65;;jah
1967-01-27;33,4;64;;jah
1967-01-28;33,3;63;;jah
1967-01-29;33,2;63;;jah
1967-01-30;33;62;;jah
1967-01-31;32,8;60;;jah
1967-02-01;32,7;60;;jah
1967-02-02;32,6;59;;jah
1967-02-03;32,4;60;;jah
1967-02-04;32,3;62;;jah
1967-02-05;32,2;63;;jah
1967-02-06;32,4;63;;jah
1967-02-07;32,7;64;;jah
1967-02-08;33,2;64;;jah
1967-02-09;33,6;66;;jah
1967-02-10;34,4;68;;jah
1967-02-11;35,2;69;;jah
1967-02-12;36;69;;jah
1967-02-13;36,6;70;;jah
1967-02-14;37,1;74;;jah
1967-02-15;37,4;75;;jah
1967-02-16;37,6;75;;jah
1967-02-17;37,9;76;;jah
1967-02-18;38,3;76;;jah
1967-02-19;38,4;76;;jah
1967-02-20;38,6;76;;jah
1967-02-21;38,7;76;;jah
1967-02-22;38,8;78;;jah
1967-02-23;38,8;78;;jah
1967-02-24;39;79;;jah
1967-02-25;39,2;79;;jah
1967-02-26;39,4;79;;jah
1967-02-27;39,8;78;;jah
1967-02-28;40,2;78;;jah
1967-03-01;40,9;79;;jah
1967-03-02;42,3;78;;jah
1967-03-03;44,5;76;;jah
1967-03-04;47,5;74;;jah
1967-03-05;50,2;71;;jah
1967-03-06;54,5;64;;jah
1967-03-07;59;63;;jah
1967-03-08;64;70;;jah
1967-03-09;68,5;81;;jah
1967-03-10;73;90;;jah
1967-03-11;76,5;98;;jah
1967-03-12;82,3;124;;jah
1967-03-13;84;141;;jah
1967-03-14;85,5;150;;jah
1967-03-15;87;156;;jah
1967-03-16;88,4;162;;jah
1967-03-17;90;168;;jah
1967-03-18;91,4;170;;jah
1967-03-19;92,4;170;;jah
1967-03-20;93,9;170;;jah
1967-03-21;95;171;;jah
1967-03-22;96;173;;jah
1967-03-23;97,2;172;;jah
1967-03-24;98,4;172;;jah
1967-03-25;99,5;169;;jah
1967-03-26;101;164;;jah
1967-03-27;102;159;;jah
1967-03-28;103;158;;jah
1967-03-29;104;160;;jah
1967-03-30;105;160;;jah
1967-03-31;106;160;;jah
1967-04-01;108;160;;jah
1967-04-02;109;160;;jah
1967-04-03;110;160;;jah
1967-04-04;110;161;;jah
1967-04-05;111;161;;jah
1967-04-06;111;162;;jah
1967-04-07;111;162;;jah
1967-04-08;111;161;;jah
1967-04-09;111;161;;jah
1967-04-10;111;161;;jah
1967-04-11;112;162;;jah
1967-04-12;112;164;;jah
1967-04-13;112;166;;jah
1967-04-14;112;169;;jah
1967-04-15;113;173;;jah
1967-04-16;115;175;;jah
1967-04-17;115;175;;jah
1967-04-18;115;176;;jah
1967-04-19;116;178;;jah
1967-04-20;115;176;;jah
1967-04-21;115;174;;jah
1967-04-22;115;174;;jah
1967-04-23;114;174;;jah
1967-04-24;112;172;;jah
1967-04-25;111;170;;jah
1967-04-26;110;170;;jah
1967-04-27;109;169;;jah
1967-04-28;107;168;;jah
1967-04-29;105;164;;jah
1967-04-30;104;160;;jah
1967-05-01;102;158;;jah
1967-05-02;100;157;;jah
1967-05-03;100;160;;jah
1967-05-04;102;166;;jah
1967-05-05;105;171;;jah
1967-05-06;108;173;;jah
1967-05-07;112;176;;jah
1967-05-08;112;177;;jah
1967-05-09;113;177;;jah
1967-05-10;112;177;;jah
1967-05-11;113;175;;jah
1967-05-12;113;174;;jah
1967-05-13;112;171;;jah
1967-05-14;110;166;;jah
1967-05-15;105;164;;jah
1967-05-16;98;160;;jah
1967-05-17;92,5;156;;jah
1967-05-18;87;156;;jah
1967-05-19;86,2;155;;jah
1967-05-20;85,9;152;;jah
1967-05-21;85,8;148;;jah
1967-05-22;85,8;144;;jah
1967-05-23;85,7;142;;jah
1967-05-24;85,6;145;;jah
1967-05-25;85,3;145;;jah
1967-05-26;85,1;146;;jah
1967-05-27;84,8;149;;jah
1967-05-28;84,4;150;;jah
1967-05-29;83,3;148;;jah
1967-05-30;82,9;146;;jah
1967-05-31;81,7;144;;jah
1967-06-01;80,9;140;;jah
1967-06-02;79,8;138;;jah
1967-06-03;78,7;134;;jah
1967-06-04;77,6;129;;jah
1967-06-05;75,8;124;;jah
1967-06-06;73,5;122;;jah
1967-06-07;71,6;121;;jah
1967-06-08;69,8;119;;jah
1967-06-09;67,7;116;;jah
1967-06-10;65,6;116;;jah
1967-06-11;63,6;115;;jah
1967-06-12;63;120;;jah
1967-06-13;62,4;120;;jah
1967-06-14;61,9;118;;jah
1967-06-15;61,5;116;;jah
1967-06-16;61,3;116;;jah
1967-06-17;61;114;;jah
1967-06-18;60,7;112;;jah
1967-06-19;60,4;112;;jah
1967-06-20;60,2;110;;jah
1967-06-21;60;110;;jah
1967-06-22;59,8;107;;jah
1967-06-23;59,6;101;;jah
1967-06-24;59,4;100;;jah
1967-06-25;58,8;98;;jah
1967-06-26;58;98;;jah
1967-06-27;57,3;96;;jah
1967-06-28;56,6;96;;jah
1967-06-29;56;96;;jah
1967-06-30;55;96;;jah
1967-07-01;54,7;94;;jah
1967-07-02;54,5;94;;jah
1967-07-03;54,3;94;;jah
1967-07-04;54,1;93;;jah
1967-07-05;54;91;;jah
1967-07-06;53,8;88;;jah
1967-07-07;53,7;86;;jah
1967-07-08;53,5;85;;jah
1967-07-09;53,4;85;;jah
1967-07-10;53,3;84;;jah
1967-07-11;53,1;82;;jah
1967-07-12;53;80;;jah
1967-07-13;52,8;80;;jah
1967-07-14;52,6;80;;jah
1967-07-15;52,5;80;;jah
1967-07-16;52;78;;jah
1967-07-17;51,3;76;;jah
1967-07-18;50,4;76;;jah
1967-07-19;49,4;74;;jah
1967-07-20;47,8;72;;jah
1967-07-21;46,3;72;;jah
1967-07-22;45,2;72;;jah
1967-07-23;44,7;72;;jah
1967-07-24;44,2;70;;jah
1967-07-25;43,6;68;;jah
1967-07-26;43;67;;jah
1967-07-27;42,2;66;;jah
1967-07-28;42,2;66;;jah
1967-07-29;41,7;65;;jah
1967-07-30;41,6;64;;jah
1967-07-31;41,3;62;;jah
1967-08-01;40,9;62;;jah
1967-08-02;40,7;60;;jah
1967-08-03;40,4;60;;jah
1967-08-04;40,2;60;;jah
1967-08-05;39,9;60;;jah
1967-08-06;39,8;54;;jah
1967-08-07;39,7;38;;jah
1967-08-08;39,7;48;;jah
1967-08-09;39,6;54;;jah
1967-08-10;39,6;56;;jah
1967-08-11;39,5;56;;jah
1967-08-12;39,5;57;;jah
1967-08-13;39,5;56;;jah
1967-08-14;39,5;54;;jah
1967-08-15;39,6;54;;jah
1967-08-16;39,6;54;;jah
1967-08-17;39,6;52;;jah
1967-08-18;39,6;52;;jah
1967-08-19;39,7;51;;jah
1967-08-20;39,7;50;;jah
1967-08-21;39,7;49;;jah
1967-08-22;39,8;49;;jah
1967-08-23;39,8;49;;jah
1967-08-24;39,8;48;;jah
1967-08-25;39,6;48;;jah
1967-08-26;39,3;48;;jah
1967-08-27;39;44;;jah
1967-08-28;38,8;45;;jah
1967-08-29;38,6;45;;jah
1967-08-30;38,2;42;;jah
1967-08-31;37,8;42;;jah
1967-09-01;37,5;42;;jah
1967-09-02;37,1;42;;jah
1967-09-03;36,9;42;;jah
1967-09-04;36,7;42;;jah
1967-09-05;36,6;42;;jah
1967-09-06;36,4;41;;jah
1967-09-07;36,3;40;;jah
1967-09-08;36,1;40;;jah
1967-09-09;36;38;;jah
1967-09-10;35,8;37;;jah
1967-09-11;35,7;36;;jah
1967-09-12;35,5;37;;jah
1967-09-13;35,3;35;;jah
1967-09-14;35,2;33;;jah
1967-09-15;34,9;32;;jah
1967-09-16;34,4;32;;jah
1967-09-17;34;32;;jah
1967-09-18;33,3;30;;jah
1967-09-19;32,3;28;;jah
1967-09-20;31,2;28;;jah
1967-09-21;30,4;30;;jah
1967-09-22;29,7;28;;jah
1967-09-23;29,2;26;;jah
1967-09-24;29,2;26;;jah
1967-09-25;29,3;26;;jah
1967-09-26;29,3;24;;jah
1967-09-27;29,4;24;;jah
1967-09-28;29,4;24;;jah
1967-09-29;29,5;22;;jah
1967-09-30;29,5;22;;jah
1967-10-01;29,5;22;;jah
1967-10-02;29,6;22;;jah
1967-10-03;29,7;22;;jah
1967-10-04;29,7;22;;jah
1967-10-05;29,7;24;;jah
1967-10-06;29,8;24;;jah
1967-10-07;29,8;22;;jah
1967-10-08;29,8;20;;jah
1967-10-09;29,8;23;;jah
1967-10-10;29,9;23;;jah
1967-10-11;29,9;22;;jah
1967-10-12;30;23;;jah
1967-10-13;30;24;;jah
1967-10-14;30;23;;jah
1967-10-15;30;26;;jah
1967-10-16;30;28;;jah
1967-10-17;30,8;23;;jah
1967-10-18;37,5;31;;jah
1967-10-19;45;34;;jah
1967-10-20;52,4;41;;jah
1967-10-21;53;46;;jah
1967-10-22;53,1;50;;jah
1967-10-23;53,1;52;;jah
1967-10-24;53,1;54;;jah
1967-10-25;52;54;;jah
1967-10-26;48,7;52;;jah
1967-10-27;47,4;52;;jah
1967-10-28;46,3;53;;jah
1967-10-29;45,4;54;;jah
1967-10-30;44,8;54;;jah
1967-10-31;44,3;52;;jah
1967-11-01;43,8;53;;jah
1967-11-02;43,6;52;;jah
1967-11-03;43,5;51;;jah
1967-11-04;43,5;51;;jah
1967-11-05;43,6;51;;jah
1967-11-06;43,7;54;;jah
1967-11-07;43,9;55;;jah
1967-11-08;44,1;54;;jah
1967-11-09;44,5;53;;jah
1967-11-10;45;55;;jah
1967-11-11;45,4;54;;jah
1967-11-12;45,8;54;;jah
1967-11-13;46,2;56;;jah
1967-11-14;46,8;54;;jah
1967-11-15;47,5;55;;jah
1967-11-16;48,4;60;;jah
1967-11-17;49,5;62;;jah
1967-11-18;50,6;66;;jah
1967-11-19;51;76;;jah
1967-11-20;51,2;69;;jah
1967-11-21;51,4;68;;jah
1967-11-22;51,5;69;;jah
1967-11-23;51,6;74;;jah
1967-11-24;51,6;73;;jah
1967-11-25;51,6;73;;jah
1967-11-26;51,6;72;;jah
1967-11-27;51,4;72;;jah
1967-11-28;51,2;70;;jah
1967-11-29;50,5;68;;jah
1967-11-30;49,6;66;;jah
1967-12-01;48;62;;jah
1967-12-02;45,6;66;;jah
1967-12-03;42,2;66;;jah
1967-12-04;40,6;64;;jah
1967-12-05;38,8;65;;jah
1967-12-06;37,6;64;;jah
1967-12-07;35,9;62;;jah
1967-12-08;34,4;58;;jah
1967-12-09;33,6;50;;jah
1967-12-10;33;50;;jah
1967-12-11;32,8;49;;jah
1967-12-12;32,7;46;;jah
1967-12-13;32,6;46;;jah
1967-12-14;32,6;45;;jah
1967-12-15;32,6;45;;jah
1967-12-16;32,9;51;;jah
1967-12-17;33,6;59;;jah
1967-12-18;34,2;60;;jah
1967-12-19;34,4;58;;jah
1967-12-20;34,3;56;;jah
1967-12-21;34,1;55;;jah
1967-12-22;33,8;54;;jah
1967-12-23;33,7;54;;jah
1967-12-24;33,7;54;;jah
1967-12-25;34,2;54;;jah
1967-12-26;34,8;54;;jah
1967-12-27;35,7;56;;jah
1967-12-28;36,5;57;;jah
1967-12-29;37,2;58;;jah
1967-12-30;38;60;;jah
1967-12-31;38,5;61;;jah
1968-01-01;39,3;62;;jah
1968-01-02;39,6;63;;jah
1968-01-03;39,6;66;;jah
1968-01-04;39,6;67;;jah
1968-01-05;39,5;66;;jah
1968-01-06;39,4;66;;jah
1968-01-07;38,8;62;;jah
1968-01-08;38,4;58;;jah
1968-01-09;38,2;56;;jah
1968-01-10;38;56;;jah
1968-01-11;38;56;;jah
1968-01-12;38;57;;jah
1968-01-13;38;57;;jah
1968-01-14;38;56;;jah
1968-01-15;37,9;56;;jah
1968-01-16;37,7;58;;jah
1968-01-17;37,4;56;;jah
1968-01-18;36,5;56;;jah
1968-01-19;34,4;56;;jah
1968-01-20;33;56;;jah
1968-01-21;32,5;56;;jah
1968-01-22;32;58;;jah
1968-01-23;31,9;60;;jah
1968-01-24;32;61;;jah
1968-01-25;32,5;62;;jah
1968-01-26;33,2;64;;jah
1968-01-27;34;66;;jah
1968-01-28;35;67;;jah
1968-01-29;36;68;;jah
1968-01-30;36,7;70;;jah
1968-01-31;37,5;72;;jah
1968-02-01;38,2;74;;jah
1968-02-02;38,4;76;;jah
1968-02-03;38,5;76;;jah
1968-02-04;38,4;75;;jah
1968-02-05;38,1;76;;jah
1968-02-06;37,5;74;;jah
1968-02-07;36,8;70;;jah
1968-02-08;36,4;56;;jah
1968-02-09;36;54;;jah
1968-02-10;35,8;64;;jah
1968-02-11;35,7;70;;jah
1968-02-12;35,7;64;;jah
1968-02-13;35,7;62;;jah
1968-02-14;35,7;62;;jah
1968-02-15;35,6;60;;jah
1968-02-16;35,6;58;;jah
1968-02-17;35,4;58;;jah
1968-02-18;35,2;55;;jah
1968-02-19;35;52;;jah
1968-02-20;34,6;56;;jah
1968-02-21;34,2;55;;jah
1968-02-22;33,9;54;;jah
1968-02-23;33,8;54;;jah
1968-02-24;33,7;53;;jah
1968-02-25;33,7;53;;jah
1968-02-26;33,7;52;;jah
1968-02-27;33,7;53;;jah
1968-02-28;33,7;54;;jah
1968-02-29;33,8;56;;jah
1968-03-01;34;58;;jah
1968-03-02;34,3;55;;jah
1968-03-03;33,5;50;;jah
1968-03-04;33,8;49;;jah
1968-03-05;35,2;46;;jah
1968-03-06;35,6;45;;jah
1968-03-07;36,5;41;;jah
1968-03-08;37,5;38;;jah
1968-03-09;38,5;35;;jah
1968-03-10;39,5;32;;jah
1968-03-11;39,8;30;;jah
1968-03-12;40;30;;jah
1968-03-13;40,1;31;;jah
1968-03-14;40,1;30;;jah
1968-03-15;39,8;25;;jah
1968-03-16;39,2;26;;jah
1968-03-17;38,1;30;;jah
1968-03-18;36,7;30;;jah
1968-03-19;36;26;;jah
1968-03-20;35,7;24;;jah
1968-03-21;36,5;27;;jah
1968-03-22;45,4;35;;jah
1968-03-23;47;54;;jah
1968-03-24;49,6;68;;jah
1968-03-25;89,8;110;;jah
1968-03-26;102;151;;jah
1968-03-27;106;163;;jah
1968-03-28;109;164;;jah
1968-03-29;112;168;;jah
1968-03-30;115;176;;jah
1968-03-31;119;186;;jah
1968-04-01;122;192;;jah
1968-04-02;125;198;;jah
1968-04-03;126;203;;jah
1968-04-04;128;208;;jah
1968-04-05;129;211;;jah
1968-04-06;130;212;;jah
1968-04-07;130;212;;jah
1968-04-08;130;209;;jah
1968-04-09;126;203;;jah
1968-04-10;121;198;;jah
1968-04-11;119;192;;jah
1968-04-12;114;190;;jah
1968-04-13;111;188;;jah
1968-04-14;110;186;;jah
1968-04-15;108;180;;jah
1968-04-16;107;174;;jah
1968-04-17;107;169;;jah
1968-04-18;107;165;;jah
1968-04-19;106;161;;jah
1968-04-20;106;159;;jah
1968-04-21;106;156;;jah
1968-04-22;105;152;;jah
1968-04-23;104;150;;jah
1968-04-24;103;147;;jah
1968-04-25;101;144;;jah
1968-04-26;98;138;;jah
1968-04-27;95;135;;jah
1968-04-28;91,9;135;;jah
1968-04-29;88,5;134;;jah
1968-04-30;84,5;134;;jah
1968-05-01;74,5;134;;jah
1968-05-02;72,5;131;;jah
1968-05-03;72,3;126;;jah
1968-05-04;72,3;125;;jah
1968-05-05;72,3;123;;jah
1968-05-06;71,9;121;;jah
1968-05-07;71,4;118;;jah
1968-05-08;70,8;117;;jah
1968-05-09;70,5;116;;jah
1968-05-10;70;116;;jah
1968-05-11;69,7;120;;jah
1968-05-12;69,6;118;;jah
1968-05-13;69,5;116;;jah
1968-05-14;69,5;115;;jah
1968-05-15;69,5;116;;jah
1968-05-16;69,6;115;;jah
1968-05-17;69,8;122;;jah
1968-05-18;70,1;129;;jah
1968-05-19;70,6;128;;jah
1968-05-20;71,1;130;;jah
1968-05-21;71,3;131;;jah
1968-05-22;71,4;130;;jah
1968-05-23;71,4;130;;jah
1968-05-24;71,3;130;;jah
1968-05-25;71;128;;jah
1968-05-26;70,6;126;;jah
1968-05-27;70;124;;jah
1968-05-28;69,5;123;;jah
1968-05-29;68,6;120;;jah
1968-05-30;67,5;118;;jah
1968-05-31;66,5;116;;jah
1968-06-01;65,5;114;;jah
1968-06-02;64;110;;jah
1968-06-03;62,6;109;;jah
1968-06-04;61,7;108;;jah
1968-06-05;60,8;106;;jah
1968-06-06;59,8;103;;jah
1968-06-07;58,9;100;;jah
1968-06-08;58;99;;jah
1968-06-09;57,3;98;;jah
1968-06-10;56,6;98;;jah
1968-06-11;55,7;99;;jah
1968-06-12;55,1;96;;jah
1968-06-13;54,6;93;;jah
1968-06-14;54,1;90;;jah
1968-06-15;53,6;90;;jah
1968-06-16;53;89;;jah
1968-06-17;52,5;88;;jah
1968-06-18;52,1;87;;jah
1968-06-19;51,5;86;;jah
1968-06-20;51,1;84;;jah
1968-06-21;50,5;84;;jah
1968-06-22;50;83;;jah
1968-06-23;49,9;83;;jah
1968-06-24;49,2;84;;jah
1968-06-25;48,5;85;;jah
1968-06-26;47,5;84;;jah
1968-06-27;46,4;84;;jah
1968-06-28;46,1;84;;jah
1968-06-29;45,5;84;;jah
1968-06-30;44,8;82;;jah
1968-07-01;44,2;80;;jah
1968-07-02;43,7;80;;jah
1968-07-03;43,5;80;;jah
1968-07-04;43,4;78;;jah
1968-07-05;43,4;76;;jah
1968-07-06;43,4;74;;jah
1968-07-07;43,5;74;;jah
1968-07-08;43,5;69;;jah
1968-07-09;43,5;70;;jah
1968-07-10;43,6;69;;jah
1968-07-11;43,6;70;;jah
1968-07-12;43,7;73;;jah
1968-07-13;43,8;76;;jah
1968-07-14;43,8;70;;jah
1968-07-15;43,8;70;;jah
1968-07-16;43,8;74;;jah
1968-07-17;43,8;76;;jah
1968-07-18;43,7;75;;jah
1968-07-19;43,4;74;;jah
1968-07-20;42,5;76;;jah
1968-07-21;41,9;74;;jah
1968-07-22;40,6;70;;jah
1968-07-23;39,6;68;;jah
1968-07-24;39,2;69;;jah
1968-07-25;39,2;68;;jah
1968-07-26;39,3;67;;jah
1968-07-27;39,4;65;;jah
1968-07-28;39,6;64;;jah
1968-07-29;39,8;64;;jah
1968-07-30;40,1;64;;jah
1968-07-31;40,7;62;;jah
1968-08-01;41;58;;jah
1968-08-02;41,4;60;;jah
1968-08-03;41,3;60;;jah
1968-08-04;41;56;;jah
1968-08-05;40,5;56;;jah
1968-08-06;39,5;54;;jah
1968-08-07;38,2;52;;jah
1968-08-08;36,9;54;;jah
1968-08-09;35,9;52;;jah
1968-08-10;34,9;52;;jah
1968-08-11;34,2;50;;jah
1968-08-12;33,6;50;;jah
1968-08-13;33,3;52;;jah
1968-08-14;33,3;49;;jah
1968-08-15;33,3;50;;jah
1968-08-16;33,3;50;;jah
1968-08-17;33,3;44;;jah
1968-08-18;33,3;48;;jah
1968-08-19;33,3;46;;jah
1968-08-20;33,3;48;;jah
1968-08-21;33,3;48;;jah
1968-08-22;33,3;49;;jah
1968-08-23;33,3;49;;jah
1968-08-24;33,3;48;;jah
1968-08-25;33,3;49;;jah
1968-08-26;33,3;48;;jah
1968-08-27;33,3;48;;jah
1968-08-28;33,3;45;;jah
1968-08-29;33,3;44;;jah
1968-08-30;33,4;44;;jah
1968-08-31;33,4;43;;jah
1968-09-01;33,4;48;;jah
1968-09-02;33,5;44;;jah
1968-09-03;33,5;42;;jah
1968-09-04;33,3;42;;jah
1968-09-05;33,1;41;;jah
1968-09-06;32,8;40;;jah
1968-09-07;32,5;39;;jah
1968-09-08;31,9;38;;jah
1968-09-09;31,4;38;;jah
1968-09-10;30,9;35;;jah
1968-09-11;30,4;35;;jah
1968-09-12;30,1;34;;jah
1968-09-13;29,9;35;;jah
1968-09-14;29,8;34;;jah
1968-09-15;29,7;34;;jah
1968-09-16;29,6;33;;jah
1968-09-17;29,5;30;;jah
1968-09-18;29,5;27;;jah
1968-09-19;29,5;30;;jah
1968-09-20;29,5;26;;jah
1968-09-21;29,5;28;;jah
1968-09-22;29,5;30;;jah
1968-09-23;29,4;31;;jah
1968-09-24;29,4;30;;jah
1968-09-25;29,4;30;;jah
1968-09-26;29,4;33;;jah
1968-09-27;29,5;30;;jah
1968-09-28;29,5;32;;jah
1968-09-29;29,5;31;;jah
1968-09-30;29,5;31;;jah
1968-10-01;29,5;30;;jah
1968-10-02;29,6;29;;jah
1968-10-03;29,7;27;;jah
1968-10-04;29,7;24;;jah
1968-10-05;29,6;21;;jah
1968-10-06;29,6;14;;jah
1968-10-07;29,2;20;;jah
1968-10-08;28,6;19;;jah
1968-10-09;27,9;21;;jah
1968-10-10;27;26;;jah
1968-10-11;26,7;22;;jah
1968-10-12;26,4;26;;jah
1968-10-13;26,4;26;;jah
1968-10-14;26,5;27;;jah
1968-10-15;26,5;28;;jah
1968-10-16;26,7;30;;jah
1968-10-17;27;33;;jah
1968-10-18;27,5;34;;jah
1968-10-19;28,1;34;;jah
1968-10-20;29;30;;jah
1968-10-21;29,6;26;;jah
1968-10-22;30,5;30;;jah
1968-10-23;31,3;31;;jah
1968-10-24;32;33;;jah
1968-10-25;32,4;32;;jah
1968-10-26;33,3;24;;jah
1968-10-27;35;37;;jah
1968-10-28;36,2;34;;jah
1968-10-29;38;32;;jah
1968-10-30;40,5;34;;jah
1968-10-31;42,5;36;;jah
1968-11-01;45,6;48;;jah
1968-11-02;48,3;56;;jah
1968-11-03;50,4;62;;jah
1968-11-04;51,5;64;;jah
1968-11-05;51,5;62;;jah
1968-11-06;51,5;60;;jah
1968-11-07;51,5;65;;jah
1968-11-08;51,5;66;;jah
1968-11-09;51,5;64;;jah
1968-11-10;51,2;63;;jah
1968-11-11;50,6;64;;jah
1968-11-12;49,1;64;;jah
1968-11-13;48;58;;jah
1968-11-14;46,6;52;;jah
1968-11-15;45,5;50;;jah
1968-11-16;44,5;49;;jah
1968-11-17;43,5;49;;jah
1968-11-18;42,5;44;;jah
1968-11-19;42;46;;jah
1968-11-20;41,3;47;;jah
1968-11-21;40,7;47;;jah
1968-11-22;40,2;47;;jah
1968-11-23;39,8;50;;jah
1968-11-24;39,7;54;;jah
1968-11-25;39,6;54;;jah
1968-11-26;39,6;54;;jah
1968-11-27;39,5;52;;jah
1968-11-28;39,5;49;;jah
1968-11-29;39,5;46;;jah
1968-11-30;39,8;50;;jah
1968-12-01;40,4;46;;jah
1968-12-02;41,1;46;;jah
1968-12-03;41,5;46;;jah
1968-12-04;41,5;46;;jah
1968-12-05;41,6;45;;jah
1968-12-06;41,6;42;;jah
1968-12-07;41,5;41;;jah
1968-12-08;41,2;48;;jah
1968-12-09;40,5;55;;jah
1968-12-10;39,6;53;;jah
1968-12-11;38,8;46;;jah
1968-12-12;38;54;;jah
1968-12-13;37,5;68;;jah
1968-12-14;37,1;64;;jah
1968-12-15;36,6;58;;jah
1968-12-16;36,2;50;;jah
1968-12-17;35,8;42;;jah
1968-12-18;35,4;44;;jah
1968-12-19;35,2;46;;jah
1968-12-20;34,9;49;;jah
1968-12-21;34,8;52;;jah
1968-12-22;34,7;54;;jah
1968-12-23;34,5;52;;jah
1968-12-24;34,4;52;;jah
1968-12-25;34,4;49;;jah
1968-12-26;34,2;48;;jah
1968-12-27;34,2;46;;jah
1968-12-28;34,1;44;;jah
1968-12-29;34;44;;jah
1968-12-30;34;47;;jah
1968-12-31;34;54;;jah
1969-01-01;33,9;47;;jah
1969-01-02;33,8;48;;jah
1969-01-03;33,7;49;;jah
1969-01-04;33,6;48;;jah
1969-01-05;33,5;44;;jah
1969-01-06;33,5;43;;jah
1969-01-07;33,4;42;;jah
1969-01-08;33,4;42;;jah
1969-01-09;33,3;42;;jah
1969-01-10;33,2;42;;jah
1969-01-11;33,1;41;;jah
1969-01-12;33,1;41;;jah
1969-01-13;33,1;42;;jah
1969-01-14;33;42;;jah
1969-01-15;33;42;;jah
1969-01-16;33;42;;jah
1969-01-17;32,9;44;;jah
1969-01-18;31,7;44;;jah
1969-01-19;29,6;32;;jah
1969-01-20;27,5;21;;jah
1969-01-21;26,7;23;;jah
1969-01-22;26,4;24;;jah
1969-01-23;26,4;28;;jah
1969-01-24;26,4;30;;jah
1969-01-25;26,2;30;;jah
1969-01-26;26;31;;jah
1969-01-27;25,7;34;;jah
1969-01-28;25,4;36;;jah
1969-01-29;25;38;;jah
1969-01-30;24,5;38;;jah
1969-01-31;24;40;;jah
1969-02-01;23,5;40;;jah
1969-02-02;23;41;;jah
1969-02-03;22,5;42;;jah
1969-02-04;22,2;44;;jah
1969-02-05;21,5;41;;jah
1969-02-06;21,1;40;;jah
1969-02-07;20,6;47;;jah
1969-02-08;20,2;44;;jah
1969-02-09;19,5;26;;jah
1969-02-10;19,3;20;;jah
1969-02-11;19,2;20;;jah
1969-02-12;19,2;18;;jah
1969-02-13;19,2;20;;jah
1969-02-14;19,3;22;;jah
1969-02-15;19,5;26;;jah
1969-02-16;19,7;30;;jah
1969-02-17;20;32;;jah
1969-02-18;20,5;32;;jah
1969-02-19;21;34;;jah
1969-02-20;21,7;36;;jah
1969-02-21;22,2;38;;jah
1969-02-22;22,4;40;;jah
1969-02-23;22,4;42;;jah
1969-02-24;22,3;42;;jah
1969-02-25;22;41;;jah
1969-02-26;21,6;40;;jah
1969-02-27;21,2;40;;jah
1969-02-28;20,5;40;;jah
1969-03-01;19,8;40;;jah
1969-03-02;19,3;40;;jah
1969-03-03;19,2;40;;jah
1969-03-04;19,1;39;;jah
1969-03-05;19,1;40;;jah
1969-03-06;19,1;40;;jah
1969-03-07;19,1;42;;jah
1969-03-08;19,1;44;;jah
1969-03-09;19,1;44;;jah
1969-03-10;19,1;42;;jah
1969-03-11;19,1;41;;jah
1969-03-12;19,1;42;;jah
1969-03-13;19,1;42;;jah
1969-03-14;19,1;42;;jah
1969-03-15;19,1;41;;jah
1969-03-16;19,1;41;;jah
1969-03-17;19,2;41;;jah
1969-03-18;19,5;41;;jah
1969-03-19;19,8;41;;jah
1969-03-20;20,3;42;;jah
1969-03-21;20,9;42;;jah
1969-03-22;20,9;41;;jah
1969-03-23;21;40;;jah
1969-03-24;21,1;40;;jah
1969-03-25;21,2;38;;jah
1969-03-26;21,3;36;;jah
1969-03-27;21,4;34;;jah
1969-03-28;21,5;32;;jah
1969-03-29;21,6;28;;jah
1969-03-30;21,7;24;;jah
1969-03-31;21,9;20;;jah
1969-04-01;22,2;17;;jah
1969-04-02;22,4;13;;jah
1969-04-03;22,9;10;;jah
1969-04-04;23,2;10;;jah
1969-04-05;23,5;10;;jah
1969-04-06;23,9;9;;jah
1969-04-07;24,4;12;;jah
1969-04-08;25;15;;jah
1969-04-09;26,7;20;;jah
1969-04-10;54,6;38;;jah
1969-04-11;86,4;79;;jah
1969-04-12;91;109;;jah
1969-04-13;96,4;129;;jah
1969-04-14;102;139;;jah
1969-04-15;108;143;;jah
1969-04-16;112;148;;jah
1969-04-17;115;153;;jah
1969-04-18;118;162;;jah
1969-04-19;121;169;;jah
1969-04-20;124;172;;jah
1969-04-21;124;174;;jah
1969-04-22;124;174;;jah
1969-04-23;121;172;;jah
1969-04-24;117;170;;jah
1969-04-25;114;168;;jah
1969-04-26;112;164;;jah
1969-04-27;109;160;;jah
1969-04-28;107;158;;jah
1969-04-29;104;156;;jah
1969-04-30;102;156;;jah
1969-05-01;101;156;;jah
1969-05-02;99,8;154;;jah
1969-05-03;98,5;150;;jah
1969-05-04;94,5;144;;jah
1969-05-05;91;140;;jah
1969-05-06;87,5;136;;jah
1969-05-07;84;133;;jah
1969-05-08;80,7;130;;jah
1969-05-09;77,8;126;;jah
1969-05-10;76,2;122;;jah
1969-05-11;75;120;;jah
1969-05-12;73,8;116;;jah
1969-05-13;72,6;113;;jah
1969-05-14;71,8;110;;jah
1969-05-15;71,2;111;;jah
1969-05-16;70,8;107;;jah
1969-05-17;71,2;114;;jah
1969-05-18;72,5;116;;jah
1969-05-19;75;122;;jah
1969-05-20;79,5;129;;jah
1969-05-21;81,6;142;;jah
1969-05-22;82,4;145;;jah
1969-05-23;82,9;145;;jah
1969-05-24;82,9;145;;jah
1969-05-25;82,9;146;;jah
1969-05-26;82,7;146;;jah
1969-05-27;82,5;146;;jah
1969-05-28;82;144;;jah
1969-05-29;81,2;140;;jah
1969-05-30;80;137;;jah
1969-05-31;78,5;134;;jah
1969-06-01;77,2;129;;jah
1969-06-02;75,3;123;;jah
1969-06-03;73,7;119;;jah
1969-06-04;71,9;116;;jah
1969-06-05;69,5;114;;jah
1969-06-06;67,5;112;;jah
1969-06-07;65,3;108;;jah
1969-06-08;63,2;106;;jah
1969-06-09;61;105;;jah
1969-06-10;58,8;104;;jah
1969-06-11;56,6;102;;jah
1969-06-12;54,5;98;;jah
1969-06-13;52,5;94;;jah
1969-06-14;50,5;94;;jah
1969-06-15;48,4;90;;jah
1969-06-16;46,5;91;;jah
1969-06-17;46;90;;jah
1969-06-18;45,7;89;;jah
1969-06-19;45,3;88;;jah
1969-06-20;45,2;86;;jah
1969-06-21;44,8;85;;jah
1969-06-22;44,4;85;;jah
1969-06-23;44,2;80;;jah
1969-06-24;43,8;79;;jah
1969-06-25;43,3;79;;jah
1969-06-26;42,7;74;;jah
1969-06-27;41,9;74;;jah
1969-06-28;41,1;72;;jah
1969-06-29;40,2;72;;jah
1969-06-30;39,5;69;;jah
1969-07-01;38,8;71;;jah
1969-07-02;38,6;69;;jah
1969-07-03;38,4;68;;jah
1969-07-04;38,5;70;;jah
1969-07-05;38,5;68;;jah
1969-07-06;38,5;66;;jah
1969-07-07;38,6;68;;jah
1969-07-08;38,6;70;;jah
1969-07-09;38,6;70;;jah
1969-07-10;38,7;68;;jah
1969-07-11;38,7;66;;jah
1969-07-12;38,8;64;;jah
1969-07-13;38,9;64;;jah
1969-07-14;38,7;64;;jah
1969-07-15;38,5;60;;jah
1969-07-16;38,2;60;;jah
1969-07-17;37,5;62;;jah
1969-07-18;36,8;61;;jah
1969-07-19;36;60;;jah
1969-07-20;35,1;60;;jah
1969-07-21;34,3;60;;jah
1969-07-22;33,5;59;;jah
1969-07-23;33;56;;jah
1969-07-24;32,6;54;;jah
1969-07-25;32,5;54;;jah
1969-07-26;32,2;56;;jah
1969-07-27;32;54;;jah
1969-07-28;31,7;53;;jah
1969-07-29;31,4;52;;jah
1969-07-30;31;50;;jah
1969-07-31;30,8;49;;jah
1969-08-01;30,5;48;;jah
1969-08-02;30,1;49;;jah
1969-08-03;29,7;49;;jah
1969-08-04;29,4;44;;jah
1969-08-05;28,9;43;;jah
1969-08-06;28,5;40;;jah
1969-08-07;28;42;;jah
1969-08-08;27,5;45;;jah
1969-08-09;27;38;;jah
1969-08-10;26,7;33;;jah
1969-08-11;26,2;32;;jah
1969-08-12;25,7;31;;jah
1969-08-13;25,1;32;;jah
1969-08-14;24,8;30;;jah
1969-08-15;24,6;35;;jah
1969-08-16;24,3;32;;jah
1969-08-17;24,1;28;;jah
1969-08-18;23,9;26;;jah
1969-08-19;23,9;24;;jah
1969-08-20;23,9;24;;jah
1969-08-21;23,9;22;;jah
1969-08-22;23,9;22;;jah
1969-08-23;23,9;22;;jah
1969-08-24;23,9;24;;jah
1969-08-25;24;25;;jah
1969-08-26;24,5;29;;jah
1969-08-27;25,4;32;;jah
1969-08-28;26,3;27;;jah
1969-08-29;27,4;29;;jah
1969-08-30;28;24;;jah
1969-08-31;28,3;24;;jah
1969-09-01;28,5;21;;jah
1969-09-02;28,6;21;;jah
1969-09-03;28,6;20;;jah
1969-09-04;28,5;22;;jah
1969-09-05;28,4;20;;jah
1969-09-06;28;20;;jah
1969-09-07;27,3;16;;jah
1969-09-08;26,5;15;;jah
1969-09-09;25,5;16;;jah
1969-09-10;25;15;;jah
1969-09-11;24,5;15;;jah
1969-09-12;23,9;14;;jah
1969-09-13;23,9;13;;jah
1969-09-14;23,9;15;;jah
1969-09-15;23,9;14;;jah
1969-09-16;24;15;;jah
1969-09-17;24,1;17;;jah
1969-09-18;24,5;16;;jah
1969-09-19;25;10;;jah
1969-09-20;25,5;13;;jah
1969-09-21;25,8;11;;jah
1969-09-22;26,3;10;;jah
1969-09-23;26,4;2;;jah
1969-09-24;26,4;6;;jah
1969-09-25;26,4;10;;jah
1969-09-26;26,3;10;;jah
1969-09-27;26,3;12;;jah
1969-09-28;26,2;12;;jah
1969-09-29;26,1;10;;jah
1969-09-30;26;8;;jah
1969-10-01;25,8;12;;jah
1969-10-02;25,6;14;;jah
1969-10-03;25,2;12;;jah
1969-10-04;24,6;8;;jah
1969-10-05;24,2;10;;jah
1969-10-06;23,5;9;;jah
1969-10-07;23;6;;jah
1969-10-08;22,4;6;;jah
1969-10-09;22,1;5;;jah
1969-10-10;21,9;4;;jah
1969-10-11;21,8;5;;jah
1969-10-12;21,8;4;;jah
1969-10-13;21,8;0;;jah
1969-10-14;21,8;2;;jah
1969-10-15;21,8;4;;jah
1969-10-16;21,7;3;;jah
1969-10-17;21,7;0;;jah
1969-10-18;21,7;3;;jah
1969-10-19;21,6;2;;jah
1969-10-20;21,6;0;;jah
1969-10-21;21,6;1;;jah
1969-10-22;21,6;1;;jah
1969-10-23;21,6;0;;jah
1969-10-24;21,6;-1;;jah
1969-10-25;21,4;-1;;jah
1969-10-26;21,2;0;;jah
1969-10-27;20,8;-1;;jah
1969-10-28;20,3;-5;;jah
1969-10-29;19,8;-4;;jah
1969-10-30;19,4;0;;jah
1969-10-31;19,2;2;;jah
1969-11-01;19;0;;jah
1969-11-02;19;6;;jah
1969-11-03;19;2;;jah
1969-11-04;19;7;;jah
1969-11-05;19;5;;jah
1969-11-06;19,1;7;;jah
1969-11-07;19,4;0;;jah
1969-11-08;19,8;5;;jah
1969-11-09;20,6;7;;jah
1969-11-10;22;12;;jah
1969-11-11;23,4;9;;jah
1969-11-12;24,5;12;;jah
1969-11-13;25,8;15;;jah
1969-11-14;27;23;;jah
1969-11-15;27,8;28;;jah
1969-11-16;28,5;30;;jah
1969-11-17;29,1;30;;jah
1969-11-18;29,5;32;;jah
1969-11-19;29,9;32;;jah
1969-11-20;30,1;32;;jah
1969-11-21;30,2;32;;jah
1969-11-22;30,3;32;;jah
1969-11-23;30,4;32;;jah
1969-11-24;30,3;32;;jah
1969-11-25;29,8;36;;jah
1969-11-26;28,5;33;;jah
1969-11-27;26,2;26;;jah
1969-11-28;25,3;26;;jah
1969-11-29;24,8;23;;jah
1969-11-30;24,7;23;;jah
1969-12-01;24,6;25;;jah
1969-12-02;24,6;25;;jah
1969-12-03;24,5;23;;jah
1969-12-04;24,5;22;;jah
1969-12-05;24,5;20;;jah
1969-12-06;24,4;19;;jah
1969-12-07;24,4;20;;jah
1969-12-08;24,4;19;;jah
1969-12-09;24,3;19;;jah
1969-12-10;24,3;19;;jah
1969-12-11;24,2;18;;jah
1969-12-12;24,1;18;;jah
1969-12-13;24;18;;jah
1969-12-14;24;18;;jah
1969-12-15;24;18;;jah
1969-12-16;24;18;;jah
1969-12-17;23,9;18;;jah
1969-12-18;23,9;18;;jah
1969-12-19;23,9;17;;jah
1969-12-20;23,9;16;;jah
1969-12-21;23,7;16;;jah
1969-12-22;23,5;18;;jah
1969-12-23;23,4;18;;jah
1969-12-24;23,2;18;;jah
1969-12-25;23,1;20;;jah
1969-12-26;23;20;;jah
1969-12-27;22,9;20;;jah
1969-12-28;22,7;20;;jah
1969-12-29;22,6;21;;jah
1969-12-30;22,4;21;;jah
1969-12-31;22,3;21;;jah
1970-01-01;22,2;22;;jah
1970-01-02;22,1;22;;jah
1970-01-03;22;22;;jah
1970-01-04;21,9;22;;jah
1970-01-05;21,8;22;;jah
1970-01-06;21,8;22;;jah
1970-01-07;21,7;24;;jah
1970-01-08;21,5;26;;jah
1970-01-09;21,5;26;;jah
1970-01-10;21,4;26;;jah
1970-01-11;21,4;26;;jah
1970-01-12;21,3;26;;jah
1970-01-13;21,2;26;;jah
1970-01-14;21,1;28;;jah
1970-01-15;20,9;29;;jah
1970-01-16;20,8;29;;jah
1970-01-17;20,7;29;;jah
1970-01-18;20,5;29;;jah
1970-01-19;20,4;28;;jah
1970-01-20;20,3;28;;jah
1970-01-21;20,1;28;;jah
1970-01-22;20;29;;jah
1970-01-23;19,8;30;;jah
1970-01-24;19,8;32;;jah
1970-01-25;19,7;32;;jah
1970-01-26;19,7;32;;jah
1970-01-27;19,9;31;;jah
1970-01-28;20;31;;jah
1970-01-29;20,1;29;;jah
1970-01-30;20,5;26;;jah
1970-01-31;20,7;24;;jah
1970-02-01;20,8;24;;jah
1970-02-02;21,1;26;;jah
1970-02-03;21,4;28;;jah
1970-02-04;21,7;28;;jah
1970-02-05;22;28;;jah
1970-02-06;22,3;28;;jah
1970-02-07;22,5;28;;jah
1970-02-08;22,9;28;;jah
1970-02-09;22,8;28;;jah
1970-02-10;22,6;28;;jah
1970-02-11;22,5;29;;jah
1970-02-12;22,3;29;;jah
1970-02-13;22,1;30;;jah
1970-02-14;21,9;30;;jah
1970-02-15;21,6;29;;jah
1970-02-16;21,4;29;;jah
1970-02-17;21,2;29;;jah
1970-02-18;21;30;;jah
1970-02-19;20,9;30;;jah
1970-02-20;20,8;30;;jah
1970-02-21;20,8;29;;jah
1970-02-22;20,9;28;;jah
1970-02-23;21;26;;jah
1970-02-24;21,1;26;;jah
1970-02-25;21,3;28;;jah
1970-02-26;21,4;30;;jah
1970-02-27;21,5;30;;jah
1970-02-28;21,6;30;;jah
1970-03-01;21,8;30;;jah
1970-03-02;22;29;;jah
1970-03-03;22,1;30;;jah
1970-03-04;22,3;30;;jah
1970-03-05;22,4;31;;jah
1970-03-06;22,5;33;;jah
1970-03-07;22,7;36;;jah
1970-03-08;22,7;37;;jah
1970-03-09;22,8;36;;jah
1970-03-10;22,9;34;;jah
1970-03-11;23;32;;jah
1970-03-12;23,1;31;;jah
1970-03-13;23,2;30;;jah
1970-03-14;23,3;28;;jah
1970-03-15;23,4;28;;jah
1970-03-16;23,5;30;;jah
1970-03-17;23,6;29;;jah
1970-03-18;23,7;29;;jah
1970-03-19;23,8;26;;jah
1970-03-20;23,9;21;;jah
1970-03-21;24,1;15;;jah
1970-03-22;24,3;12;;jah
1970-03-23;24,5;10;;jah
1970-03-24;24,8;8;;jah
1970-03-25;25,1;8;;jah
1970-03-26;25,4;8;;jah
1970-03-27;25,9;8;;jah
1970-03-28;26,4;9;;jah
1970-03-29;26,7;9;;jah
1970-03-30;27,2;8;;jah
1970-03-31;27,8;8;;jah
1970-04-01;28,5;10;;jah
1970-04-02;29,5;11;;jah
1970-04-03;31;13;;jah
1970-04-04;34;19;;jah
1970-04-05;41;27;;jah
1970-04-06;47,5;42;;jah
1970-04-07;57,4;56;;jah
1970-04-08;63,5;68;;jah
1970-04-09;71,7;80;;jah
1970-04-10;79;95;;jah
1970-04-11;85,4;112;;jah
1970-04-12;89;122;;jah
1970-04-13;94,5;130;;jah
1970-04-14;100;136;;jah
1970-04-15;107;143;;jah
1970-04-16;108;147;;jah
1970-04-17;110;150;;jah
1970-04-18;110;152;;jah
1970-04-19;111;154;;jah
1970-04-20;112;156;;jah
1970-04-21;112;157;;jah
1970-04-22;114;159;;jah
1970-04-23;116;162;;jah
1970-04-24;118;170;;jah
1970-04-25;121;176;;jah
1970-04-26;123;180;;jah
1970-04-27;126;184;;jah
1970-04-28;128;186;;jah
1970-04-29;129;187;;jah
1970-04-30;129;187;;jah
1970-05-01;129;187;;jah
1970-05-02;129;186;;jah
1970-05-03;129;185;;jah
1970-05-04;129;179;;jah
1970-05-05;124;174;;jah
1970-05-06;113;168;;jah
1970-05-07;110;163;;jah
1970-05-08;105;157;;jah
1970-05-09;100;151;;jah
1970-05-10;95,8;146;;jah
1970-05-11;93;140;;jah
1970-05-12;89,7;135;;jah
1970-05-13;86;130;;jah
1970-05-14;82,5;125;;jah
1970-05-15;79,5;122;;jah
1970-05-16;77;120;;jah
1970-05-17;74,5;115;;jah
1970-05-18;72,5;110;;jah
1970-05-19;70,5;104;;jah
1970-05-20;68,5;102;;jah
1970-05-21;67;102;;jah
1970-05-22;64,5;102;;jah
1970-05-23;62,1;102;;jah
1970-05-24;61,3;99;;jah
1970-05-25;60,3;98;;jah
1970-05-26;59,3;97;;jah
1970-05-27;58,6;96;;jah
1970-05-28;57,8;95;;jah
1970-05-29;57,2;94;;jah
1970-05-30;56,5;94;;jah
1970-05-31;56;92;;jah
1970-06-01;55,6;90;;jah
1970-06-02;55,1;90;;jah
1970-06-03;54,6;88;;jah
1970-06-04;54,1;86;;jah
1970-06-05;53,6;86;;jah
1970-06-06;53,2;84;;jah
1970-06-07;52,9;83;;jah
1970-06-08;52,8;83;;jah
1970-06-09;52,7;81;;jah
1970-06-10;52,6;80;;jah
1970-06-11;52,6;79;;jah
1970-06-12;53,5;82;;jah
1970-06-13;55;86;;jah
1970-06-14;61,5;100;;jah
1970-06-15;59;96;;jah
1970-06-16;57;89;;jah
1970-06-17;55;88;;jah
1970-06-18;52,9;83;;jah
1970-06-19;51,3;80;;jah
1970-06-20;50,3;74;;jah
1970-06-21;49,3;73;;jah
1970-06-22;48,5;72;;jah
1970-06-23;47,5;71;;jah
1970-06-24;46,7;66;;jah
1970-06-25;45,8;65;;jah
1970-06-26;45;64;;jah
1970-06-27;44,3;62;;jah
1970-06-28;43,5;60;;jah
1970-06-29;42,7;60;;jah
1970-06-30;42;60;;jah
1970-07-01;41,5;60;;jah
1970-07-02;40,7;60;;jah
1970-07-03;40,3;58;;jah
1970-07-04;39,9;54;;jah
1970-07-05;39,6;52;;jah
1970-07-06;39,3;49;;jah
1970-07-07;39;46;;jah
1970-07-08;38,7;48;;jah
1970-07-09;38,4;49;;jah
1970-07-10;38,2;49;;jah
1970-07-11;38;44;;jah
1970-07-12;37,8;42;;jah
1970-07-13;37,8;44;;jah
1970-07-14;37,9;41;;jah
1970-07-15;38;44;;jah
1970-07-16;38,3;40;;jah
1970-07-17;38,5;44;;jah
1970-07-18;38,7;46;;jah
1970-07-19;38,9;45;;jah
1970-07-20;39;50;;jah
1970-07-21;39;45;;jah
1970-07-22;39,1;40;;jah
1970-07-23;39,1;38;;jah
1970-07-24;39,1;38;;jah
1970-07-25;38,9;39;;jah
1970-07-26;38,7;41;;jah
1970-07-27;38,3;41;;jah
1970-07-28;37,8;36;;jah
1970-07-29;37,4;34;;jah
1970-07-30;37;34;;jah
1970-07-31;36,7;32;;jah
1970-08-01;36,4;30;;jah
1970-08-02;36,1;32;;jah
1970-08-03;36;32;;jah
1970-08-04;35,7;32;;jah
1970-08-05;35,5;32;;jah
1970-08-06;35,2;29;;jah
1970-08-07;35;26;;jah
1970-08-08;34,8;23;;jah
1970-08-09;34,5;22;;jah
1970-08-10;34,4;22;;jah
1970-08-11;34,2;24;;jah
1970-08-12;34;24;;jah
1970-08-13;33,8;24;;jah
1970-08-14;33,6;22;;jah
1970-08-15;33,4;22;;jah
1970-08-16;33,2;24;;jah
1970-08-17;33;24;;jah
1970-08-18;32,9;24;;jah
1970-08-19;32,7;21;;jah
1970-08-20;32,5;20;;jah
1970-08-21;32,4;20;;jah
1970-08-22;32,2;18;;jah
1970-08-23;31,9;18;;jah
1970-08-24;31,6;17;;jah
1970-08-25;31,4;14;;jah
1970-08-26;31;16;;jah
1970-08-27;30,8;14;;jah
1970-08-28;30,5;10;;jah
1970-08-29;30,1;10;;jah
1970-08-30;29,9;9;;jah
1970-08-31;29,5;10;;jah
1970-09-01;29,1;10;;jah
1970-09-02;28,9;12;;jah
1970-09-03;28,7;12;;jah
1970-09-04;28,5;10;;jah
1970-09-05;28,4;8;;jah
1970-09-06;28,2;10;;jah
1970-09-07;28;4;;jah
1970-09-08;27,9;-1;;jah
1970-09-09;27,7;2;;jah
1970-09-10;27,6;5;;jah
1970-09-11;27,5;4;;jah
1970-09-12;27,4;4;;jah
1970-09-13;27,3;2;;jah
1970-09-14;27,1;3;;jah
1970-09-15;26,9;2;;jah
1970-09-16;26,8;5;;jah
1970-09-17;26,7;4;;jah
1970-09-18;26,6;2;;jah
1970-09-19;26,5;1;;jah
1970-09-20;26,5;0;;jah
1970-09-21;26,4;0;;jah
1970-09-22;26,3;4;;jah
1970-09-23;26,2;2;;jah
1970-09-24;26,2;-8;;jah
1970-09-25;26;-2;;jah
1970-09-26;25,9;4;;jah
1970-09-27;25,8;2;;jah
1970-09-28;25,7;2;;jah
1970-09-29;25,6;0;;jah
1970-09-30;25,5;4;;jah
1970-10-01;25,4;5;;jah
1970-10-02;25,2;8;;jah
1970-10-03;25,2;13;;jah
1970-10-04;25,3;6;;jah
1970-10-05;25,3;1;;jah
1970-10-06;25,4;-1;;jah
1970-10-07;25,5;-1;;jah
1970-10-08;25,5;-2;;jah
1970-10-09;25,5;-2;;jah
1970-10-10;25,6;-3;;jah
1970-10-11;25,7;-6;;jah
1970-10-12;25,8;-6;;jah
1970-10-13;25,8;-2;;jah
1970-10-14;25,9;-5;;jah
1970-10-15;25,8;-10;;jah
1970-10-16;25,7;-9;;jah
1970-10-17;25,7;-11;;jah
1970-10-18;25,7;-10;;jah
1970-10-19;25,6;-9;;jah
1970-10-20;25,6;-10;;jah
1970-10-21;25,5;-4;;jah
1970-10-22;25,5;-2;;jah
1970-10-23;25,5;-2;;jah
1970-10-24;25,4;-2;;jah
1970-10-25;25,4;-2;;jah
1970-10-26;25,4;-3;;jah
1970-10-27;25,4;-2;;jah
1970-10-28;25,4;0;;jah
1970-10-29;25,4;4;;jah
1970-10-30;25,4;-1;;jah
1970-10-31;25,4;3;;jah
1970-11-01;25,4;1;;jah
1970-11-02;25,4;5;;jah
1970-11-03;25,4;-4;;jah
1970-11-04;25,4;-1;;jah
1970-11-05;25,5;-3;;jah
1970-11-06;25,5;10;;jah
1970-11-07;25,5;8;;jah
1970-11-08;25,5;4;;jah
1970-11-09;25,5;-2;;jah
1970-11-10;25,5;-3;;jah
1970-11-11;25,5;1;;jah
1970-11-12;26;4;;jah
1970-11-13;27;5;;jah
1970-11-14;29;7;;jah
1970-11-15;31,5;16;;jah
1970-11-16;32,5;20;;jah
1970-11-17;33,3;26;;jah
1970-11-18;33,7;28;;jah
1970-11-19;34,2;31;;jah
1970-11-20;34,5;33;;jah
1970-11-21;34,5;34;;jah
1970-11-22;34,5;34;;jah
1970-11-23;34,4;33;;jah
1970-11-24;34,3;30;;jah
1970-11-25;34,2;30;;jah
1970-11-26;34;31;;jah
1970-11-27;34;29;;jah
1970-11-28;33,5;27;;jah
1970-11-29;33,5;30;;jah
1970-11-30;33,2;32;;jah
1970-12-01;30,5;26;;jah
1970-12-02;24,9;15;;jah
1970-12-03;26;21;;jah
1970-12-04;27;28;;jah
1970-12-05;28;30;;jah
1970-12-06;29,3;26;;jah
1970-12-07;30,3;28;;jah
1970-12-08;31;36;;jah
1970-12-09;32;38;;jah
1970-12-10;32,5;40;;jah
1970-12-11;33,1;40;;jah
1970-12-12;33,5;38;;jah
1970-12-13;34,3;38;;jah
1970-12-14;35;38;;jah
1970-12-15;35,5;40;;jah
1970-12-16;36,2;44;;jah
1970-12-17;37;50;;jah
1970-12-18;37,7;54;;jah
1970-12-19;38,5;59;;jah
1970-12-20;40,5;70;;jah
1970-12-21;40;68;;jah
1970-12-22;39,5;55;;jah
1970-12-23;38,5;50;;jah
1970-12-24;38;49;;jah
1970-12-25;37;48;;jah
1970-12-26;36,4;48;;jah
1970-12-27;35,5;45;;jah
1970-12-28;34,5;40;;jah
1970-12-29;33,5;37;;jah
1970-12-30;32,5;36;;jah
1970-12-31;32;36;;jah
1971-01-01;31,5;36;;jah
1971-01-02;31,5;38;;jah
1971-01-03;31,5;37;;jah
1971-01-04;31,6;38;;jah
1971-01-05;31,8;38;;jah
1971-01-06;32;40;;jah
1971-01-07;32;40;;jah
1971-01-08;32,2;40;;jah
1971-01-09;32,5;39;;jah
1971-01-10;33,2;41;;jah
1971-01-11;35;51;;jah
1971-01-12;36,8;60;;jah
1971-01-13;37,5;64;;jah
1971-01-14;37,5;64;;jah
1971-01-15;37,5;62;;jah
1971-01-16;37,5;63;;jah
1971-01-17;37,5;63;;jah
1971-01-18;37,5;62;;jah
1971-01-19;37,5;62;;jah
1971-01-20;37,5;62;;jah
1971-01-21;37,5;63;;jah
1971-01-22;37,2;62;;jah
1971-01-23;36,8;56;;jah
1971-01-24;36,6;55;;jah
1971-01-25;36,5;54;;jah
1971-01-26;36,7;56;;jah
1971-01-27;37;56;;jah
1971-01-28;37,2;58;;jah
1971-01-29;37,6;62;;jah
1971-01-30;38;64;;jah
1971-01-31;38,5;62;;jah
1971-02-01;38,8;66;;jah
1971-02-02;39,4;66;;jah
1971-02-03;40;67;;jah
1971-02-04;42,8;82;;jah
1971-02-05;45,5;92;;jah
1971-02-06;46,7;96;;jah
1971-02-07;48,3;102;;jah
1971-02-08;46,7;96;;jah
1971-02-09;43,7;86;;jah
1971-02-10;41,1;76;;jah
1971-02-11;40,1;73;;jah
1971-02-12;40,1;76;;jah
1971-02-13;40,1;87;;jah
1971-02-14;40,1;88;;jah
1971-02-15;40,1;83;;jah
1971-02-16;40,1;77;;jah
1971-02-17;40,1;74;;jah
1971-02-18;40,1;71;;jah
1971-02-19;40;66;;jah
1971-02-20;39,5;56;;jah
1971-02-21;39,2;60;;jah
1971-02-22;38,6;68;;jah
1971-02-23;38;66;;jah
1971-02-24;37,3;65;;jah
1971-02-25;36,7;65;;jah
1971-02-26;36;65;;jah
1971-02-27;35,6;64;;jah
1971-02-28;35,1;48;;jah
1971-03-01;35,1;38;;jah
1971-03-02;35,1;39;;jah
1971-03-03;35,1;38;;jah
1971-03-04;35,1;38;;jah
1971-03-05;35,1;38;;jah
1971-03-06;35,1;39;;jah
1971-03-07;35,7;44;;jah
1971-03-08;36;50;;jah
1971-03-09;36,3;55;;jah
1971-03-10;36,6;60;;jah
1971-03-11;36,9;60;;jah
1971-03-12;37,3;59;;jah
1971-03-13;37,6;59;;jah
1971-03-14;38;60;;jah
1971-03-15;38,3;62;;jah
1971-03-16;38,6;64;;jah
1971-03-17;39;64;;jah
1971-03-18;39,3;66;;jah
1971-03-19;39,6;64;;jah
1971-03-20;39,9;57;;jah
1971-03-21;40,2;53;;jah
1971-03-22;40,5;54;;jah
1971-03-23;40,9;56;;jah
1971-03-24;42;58;;jah
1971-03-25;45,5;69;;jah
1971-03-26;50;69;;jah
1971-03-27;54,5;77;;jah
1971-03-28;59;91;;jah
1971-03-29;64;106;;jah
1971-03-30;72,5;116;;jah
1971-03-31;82,5;118;;jah
1971-04-01;90;129;;jah
1971-04-02;97,5;140;;jah
1971-04-03;108;153;;jah
1971-04-04;114;168;;jah
1971-04-05;120;180;;jah
1971-04-06;124;188;;jah
1971-04-07;128;196;;jah
1971-04-08;132;201;;jah
1971-04-09;138;204;;jah
1971-04-10;142;203;;jah
1971-04-11;146;202;;jah
1971-04-12;145;199;;jah
1971-04-13;144;194;;jah
1971-04-14;140;189;;jah
1971-04-15;136;185;;jah
1971-04-16;130;179;;jah
1971-04-17;124;174;;jah
1971-04-18;119;168;;jah
1971-04-19;113;162;;jah
1971-04-20;108;156;;jah
1971-04-21;103;152;;jah
1971-04-22;98;146;;jah
1971-04-23;93;140;;jah
1971-04-24;88,3;137;;jah
1971-04-25;84;134;;jah
1971-04-26;81;134;;jah
1971-04-27;78,7;127;;jah
1971-04-28;76,7;124;;jah
1971-04-29;75;121;;jah
1971-04-30;73,5;120;;jah
1971-05-01;72,5;116;;jah
1971-05-02;71,2;114;;jah
1971-05-03;70;111;;jah
1971-05-04;69;111;;jah
1971-05-05;68,2;112;;jah
1971-05-06;67,4;109;;jah
1971-05-07;66,6;106;;jah
1971-05-08;65,8;106;;jah
1971-05-09;65,1;107;;jah
1971-05-10;64,5;105;;jah
1971-05-11;63,7;104;;jah
1971-05-12;63;99;;jah
1971-05-13;62,3;97;;jah
1971-05-14;61,5;96;;jah
1971-05-15;60,6;95;;jah
1971-05-16;60;95;;jah
1971-05-17;59;94;;jah
1971-05-18;58;93;;jah
1971-05-19;56,7;93;;jah
1971-05-20;55,7;93;;jah
1971-05-21;54,6;92;;jah
1971-05-22;53,5;92;;jah
1971-05-23;52,7;90;;jah
1971-05-24;51,5;89;;jah
1971-05-25;50,4;93;;jah
1971-05-26;49,4;91;;jah
1971-05-27;48,5;88;;jah
1971-05-28;47,8;87;;jah
1971-05-29;47,2;86;;jah
1971-05-30;46,5;86;;jah
1971-05-31;46;85;;jah
1971-06-01;45,7;84;;jah
1971-06-02;45,2;82;;jah
1971-06-03;44,9;80;;jah
1971-06-04;44,6;76;;jah
1971-06-05;44,5;74;;jah
1971-06-06;44,5;75;;jah
1971-06-07;44,5;73;;jah
1971-06-08;44,5;72;;jah
1971-06-09;44,5;74;;jah
1971-06-10;44,5;73;;jah
1971-06-11;44,5;84;;jah
1971-06-12;44,5;76;;jah
1971-06-13;44,4;72;;jah
1971-06-14;44,4;70;;jah
1971-06-15;44,4;66;;jah
1971-06-16;44,2;70;;jah
1971-06-17;44;67;;jah
1971-06-18;43,9;66;;jah
1971-06-19;43,6;67;;jah
1971-06-20;43,4;66;;jah
1971-06-21;43;66;;jah
1971-06-22;42,8;64;;jah
1971-06-23;42,5;64;;jah
1971-06-24;42,3;62;;jah
1971-06-25;41,8;60;;jah
1971-06-26;41,5;58;;jah
1971-06-27;41,1;60;;jah
1971-06-28;40,8;59;;jah
1971-06-29;40,5;58;;jah
1971-06-30;40,2;62;;jah
1971-07-01;39,9;60;;jah
1971-07-02;39,5;60;;jah
1971-07-03;39,2;62;;jah
1971-07-04;38,9;62;;jah
1971-07-05;38,5;56;;jah
1971-07-06;38,3;54;;jah
1971-07-07;37,8;53;;jah
1971-07-08;37,5;48;;jah
1971-07-09;37,2;48;;jah
1971-07-10;36,8;47;;jah
1971-07-11;36,5;45;;jah
1971-07-12;36,2;45;;jah
1971-07-13;35,9;42;;jah
1971-07-14;35,6;40;;jah
1971-07-15;35,4;41;;jah
1971-07-16;35;40;;jah
1971-07-17;34,8;38;;jah
1971-07-18;34,7;38;;jah
1971-07-19;34,6;39;;jah
1971-07-20;34,5;40;;jah
1971-07-21;34,4;39;;jah
1971-07-22;34,3;38;;jah
1971-07-23;34,2;38;;jah
1971-07-24;34;38;;jah
1971-07-25;33,7;36;;jah
1971-07-26;33,5;36;;jah
1971-07-27;33,4;36;;jah
1971-07-28;33,2;35;;jah
1971-07-29;33;35;;jah
1971-07-30;32,8;36;;jah
1971-07-31;32,5;31;;jah
1971-08-01;32,2;34;;jah
1971-08-02;31,9;33;;jah
1971-08-03;31,7;32;;jah
1971-08-04;31,2;30;;jah
1971-08-05;30,6;30;;jah
1971-08-06;30,1;32;;jah
1971-08-07;29,7;30;;jah
1971-08-08;29,3;27;;jah
1971-08-09;28,8;25;;jah
1971-08-10;28,2;22;;jah
1971-08-11;27,9;24;;jah
1971-08-12;27,5;28;;jah
1971-08-13;27,2;24;;jah
1971-08-14;27,1;23;;jah
1971-08-15;26,9;20;;jah
1971-08-16;26,7;21;;jah
1971-08-17;26,5;24;;jah
1971-08-18;26,4;20;;jah
1971-08-19;26,3;20;;jah
1971-08-20;26,2;20;;jah
1971-08-21;26;19;;jah
1971-08-22;25,9;19;;jah
1971-08-23;25,8;18;;jah
1971-08-24;25,7;16;;jah
1971-08-25;25,5;12;;jah
1971-08-26;25,2;14;;jah
1971-08-27;25,1;15;;jah
1971-08-28;25;14;;jah
1971-08-29;24,8;11;;jah
1971-08-30;24,6;8;;jah
1971-08-31;24,5;12;;jah
1971-09-01;24,3;12;;jah
1971-09-02;24,2;10;;jah
1971-09-03;24,1;10;;jah
1971-09-04;24;10;;jah
1971-09-05;23,9;9;;jah
1971-09-06;23,8;10;;jah
1971-09-07;23,7;10;;jah
1971-09-08;23,6;9;;jah
1971-09-09;23,5;24;;jah
1971-09-10;23,4;12;;jah
1971-09-11;23,3;9;;jah
1971-09-12;23,2;7;;jah
1971-09-13;23,1;10;;jah
1971-09-14;23;5;;jah
1971-09-15;22,9;5;;jah
1971-09-16;22,9;11;;jah
1971-09-17;22,8;10;;jah
1971-09-18;22,8;6;;jah
1971-09-19;22,8;5;;jah
1971-09-20;22,7;4;;jah
1971-09-21;22,7;4;;jah
1971-09-22;22,7;2;;jah
1971-09-23;22,6;2;;jah
1971-09-24;22,6;4;;jah
1971-09-25;22,6;4;;jah
1971-09-26;22,6;2;;jah
1971-09-27;22,6;4;;jah
1971-09-28;22,6;2;;jah
1971-09-29;22,6;0;;jah
1971-09-30;22,6;0;;jah
1971-10-01;22,6;2;;jah
1971-10-02;22,6;-2;;jah
1971-10-03;22,6;-2;;jah
1971-10-04;22,6;6;;jah
1971-10-05;22,6;5;;jah
1971-10-06;22,5;-4;;jah
1971-10-07;22,5;-3;;jah
1971-10-08;22,5;-2;;jah
1971-10-09;22,5;-2;;jah
1971-10-10;22,5;-2;;jah
1971-10-11;22,4;0;;jah
1971-10-12;22,4;-2;;jah
1971-10-13;22,4;1;;jah
1971-10-14;22,5;0;;jah
1971-10-15;22,6;2;;jah
1971-10-16;22,7;0;;jah
1971-10-17;22,8;0;;jah
1971-10-18;22,8;-2;;jah
1971-10-19;22,9;-1;;jah
1971-10-20;23;0;;jah
1971-10-21;23;-3;;jah
1971-10-22;23;0;;jah
1971-10-23;23,1;20;;jah
1971-10-24;23,1;4;;jah
1971-10-25;23,1;8;;jah
1971-10-26;23;10;;jah
1971-10-27;23;12;;jah
1971-10-28;23;10;;jah
1971-10-29;23;10;;jah
1971-10-30;23;8;;jah
1971-10-31;22,9;8;;jah
1971-11-01;22,9;8;;jah
1971-11-02;22,9;8;;jah
1971-11-03;23;2;;jah
1971-11-04;23,2;6;;jah
1971-11-05;23,4;6;;jah
1971-11-06;23,7;7;;jah
1971-11-07;23,9;11;;jah
1971-11-08;24,2;9;;jah
1971-11-09;24,6;11;;jah
1971-11-10;24,9;16;;jah
1971-11-11;25,3;15;;jah
1971-11-12;25,6;22;;jah
1971-11-13;26,1;24;;jah
1971-11-14;26,4;22;;jah
1971-11-15;26,6;24;;jah
1971-11-16;26,8;22;;jah
1971-11-17;26,9;22;;jah
1971-11-18;27,1;25;;jah
1971-11-19;27,1;26;;jah
1971-11-20;27,1;26;;jah
1971-11-21;27,2;20;;jah
1971-11-22;27,2;20;;jah
1971-11-23;27,3;22;;jah
1971-11-24;27,4;22;;jah
1971-11-25;27,5;22;;jah
1971-11-26;27,5;23;;jah
1971-11-27;27,5;24;;jah
1971-11-28;27,6;26;;jah
1971-11-29;27,9;30;;jah
1971-11-30;28,3;30;;jah
1971-12-01;28,7;32;;jah
1971-12-02;29,2;31;;jah
1971-12-03;29,9;30;;jah
1971-12-04;30,8;30;;jah
1971-12-05;31,7;30;;jah
1971-12-06;32,5;30;;jah
1971-12-07;33,4;31;;jah
1971-12-08;34,3;31;;jah
1971-12-09;35;31;;jah
1971-12-10;35,5;31;;jah
1971-12-11;36,2;31;;jah
1971-12-12;37;32;;jah
1971-12-13;37,5;36;;jah
1971-12-14;38,2;37;;jah
1971-12-15;38,8;38;;jah
1971-12-16;39,6;38;;jah
1971-12-17;40,2;36;;jah
1971-12-18;41,5;37;;jah
1971-12-19;42;38;;jah
1971-12-20;40,9;36;;jah
1971-12-21;40,4;37;;jah
1971-12-22;42,5;52;;jah
1971-12-23;46,2;71;;jah
1971-12-24;45,7;69;;jah
1971-12-25;45;66;;jah
1971-12-26;44,9;65;;jah
1971-12-27;45;66;;jah
1971-12-28;45,4;68;;jah
1971-12-29;45;66;;jah
1971-12-30;43;58;;jah
1971-12-31;42,2;55;;jah
1972-01-01;42,5;54;;jah
1972-01-02;42;52;;jah
1972-01-03;41,6;47;;jah
1972-01-04;41,4;46;;jah
1972-01-05;41,1;44;;jah
1972-01-06;40,8;44;;jah
1972-01-07;40,6;41;;jah
1972-01-08;40,4;40;;jah
1972-01-09;40,2;40;;jah
1972-01-10;39,8;40;;jah
1972-01-11;39,5;40;;jah
1972-01-12;39,3;40;;jah
1972-01-13;39;39;;jah
1972-01-14;38,6;36;;jah
1972-01-15;38,3;35;;jah
1972-01-16;38;34;;jah
1972-01-17;37,5;34;;jah
1972-01-18;37,2;30;;jah
1972-01-19;37;30;;jah
1972-01-20;36,7;30;;jah
1972-01-21;36,3;32;;jah
1972-01-22;36,1;32;;jah
1972-01-23;36;34;;jah
1972-01-24;36;34;;jah
1972-01-25;35,6;34;;jah
1972-01-26;35,5;34;;jah
1972-01-27;34,8;32;;jah
1972-01-28;33,8;24;;jah
1972-01-29;32,9;20;;jah
1972-01-30;31,5;14;;jah
1972-01-31;30;12;;jah
1972-02-01;28,5;11;;jah
1972-02-02;28,5;14;;jah
1972-02-03;28,6;16;;jah
1972-02-04;28,7;20;;jah
1972-02-05;28,9;22;;jah
1972-02-06;29,2;23;;jah
1972-02-07;29,4;26;;jah
1972-02-08;29,6;26;;jah
1972-02-09;29,8;30;;jah
1972-02-10;29,9;32;;jah
1972-02-11;30;33;;jah
1972-02-12;30,1;34;;jah
1972-02-13;30,2;35;;jah
1972-02-14;30,3;36;;jah
1972-02-15;30,4;38;;jah
1972-02-16;30,4;38;;jah
1972-02-17;30,5;38;;jah
1972-02-18;30,5;36;;jah
1972-02-19;30,5;34;;jah
1972-02-20;30,5;33;;jah
1972-02-21;30,5;32;;jah
1972-02-22;30,6;30;;jah
1972-02-23;30,6;29;;jah
1972-02-24;30,9;28;;jah
1972-02-25;31,3;27;;jah
1972-02-26;31,9;21;;jah
1972-02-27;31,7;18;;jah
1972-02-28;31,6;16;;jah
1972-02-29;31,3;14;;jah
1972-03-01;30,8;13;;jah
1972-03-02;30,3;12;;jah
1972-03-03;30,1;10;;jah
1972-03-04;29,9;10;;jah
1972-03-05;30,3;10;;jah
1972-03-06;30,5;11;;jah
1972-03-07;30,7;14;;jah
1972-03-08;31;13;;jah
1972-03-09;31,3;10;;jah
1972-03-10;31,5;9;;jah
1972-03-11;31,8;9;;jah
1972-03-12;32;10;;jah
1972-03-13;32,2;12;;jah
1972-03-14;32,3;12;;jah
1972-03-15;32,5;10;;jah
1972-03-16;32,8;6;;jah
1972-03-17;32,9;4;;jah
1972-03-18;33;4;;jah
1972-03-19;33,1;4;;jah
1972-03-20;33,2;4;;jah
1972-03-21;33,3;4;;jah
1972-03-22;33,4;4;;jah
1972-03-23;33,5;4;;jah
1972-03-24;33,6;4;;jah
1972-03-25;33,7;4;;jah
1972-03-26;33,9;4;;jah
1972-03-27;34,2;6;;jah
1972-03-28;34,3;4;;jah
1972-03-29;34,7;6;;jah
1972-03-30;35;6;;jah
1972-03-31;35,7;11;;jah
1972-04-01;36,5;14;;jah
1972-04-02;38;17;;jah
1972-04-03;39;18;;jah
1972-04-04;40,3;18;;jah
1972-04-05;42,5;18;;jah
1972-04-06;45;25;;jah
1972-04-07;47,5;38;;jah
1972-04-08;50;45;;jah
1972-04-09;52,1;50;;jah
1972-04-10;53,2;54;;jah
1972-04-11;53,8;54;;jah
1972-04-12;54,4;54;;jah
1972-04-13;55;56;;jah
1972-04-14;55,9;60;;jah
1972-04-15;56,7;68;;jah
1972-04-16;57,8;74;;jah
1972-04-17;67,5;88;;jah
1972-04-18;74,8;106;;jah
1972-04-19;75,2;108;;jah
1972-04-20;73,8;104;;jah
1972-04-21;72,4;102;;jah
1972-04-22;70,7;100;;jah
1972-04-23;69;96;;jah
1972-04-24;67,5;91;;jah
1972-04-25;66;86;;jah
1972-04-26;64,5;80;;jah
1972-04-27;62,9;80;;jah
1972-04-28;62,6;77;;jah
1972-04-29;62,3;77;;jah
1972-04-30;61,8;76;;jah
1972-05-01;61,5;75;;jah
1972-05-02;61,3;74;;jah
1972-05-03;61;70;;jah
1972-05-04;60,8;70;;jah
1972-05-05;60,6;69;;jah
1972-05-06;60,6;69;;jah
1972-05-07;65;74;;jah
1972-05-08;69;84;;jah
1972-05-09;73,8;100;;jah
1972-05-10;75;102;;jah
1972-05-11;75,6;104;;jah
1972-05-12;75,5;104;;jah
1972-05-13;75,2;102;;jah
1972-05-14;74,8;100;;jah
1972-05-15;74,4;97;;jah
1972-05-16;73,8;97;;jah
1972-05-17;73,4;98;;jah
1972-05-18;72,7;100;;jah
1972-05-19;72;98;;jah
1972-05-20;71,5;94;;jah
1972-05-21;70,7;92;;jah
1972-05-22;69,9;86;;jah
1972-05-23;69,1;84;;jah
1972-05-24;68,5;82;;jah
1972-05-25;67,8;78;;jah
1972-05-26;67,6;78;;jah
1972-05-27;67,5;77;;jah
1972-05-28;67,5;78;;jah
1972-05-29;67,4;80;;jah
1972-05-30;67,4;82;;jah
1972-05-31;67,3;84;;jah
1972-06-01;67,1;84;;jah
1972-06-02;66,9;84;;jah
1972-06-03;66,6;82;;jah
1972-06-04;66,3;80;;jah
1972-06-05;65,5;78;;jah
1972-06-06;64;74;;jah
1972-06-07;61,5;71;;jah
1972-06-08;57,5;68;;jah
1972-06-09;53,5;66;;jah
1972-06-10;51;70;;jah
1972-06-11;50;62;;jah
1972-06-12;49,3;62;;jah
1972-06-13;48,8;61;;jah
1972-06-14;48,6;59;;jah
1972-06-15;48,4;60;;jah
1972-06-16;48,1;62;;jah
1972-06-17;48;62;;jah
1972-06-18;47,7;59;;jah
1972-06-19;47,5;58;;jah
1972-06-20;47,3;58;;jah
1972-06-21;47;58;;jah
1972-06-22;46,9;58;;jah
1972-06-23;46,7;56;;jah
1972-06-24;46,8;57;;jah
1972-06-25;46,9;57;;jah
1972-06-26;47;58;;jah
1972-06-27;47;58;;jah
1972-06-28;47,1;58;;jah
1972-06-29;47,3;58;;jah
1972-06-30;47,4;56;;jah
1972-07-01;47,4;56;;jah
1972-07-02;47,5;52;;jah
1972-07-03;47,6;52;;jah
1972-07-04;47,8;60;;jah
1972-07-05;47,9;60;;jah
1972-07-06;48,3;62;;jah
1972-07-07;48,6;64;;jah
1972-07-08;48,9;66;;jah
1972-07-09;49,4;68;;jah
1972-07-10;49,9;70;;jah
1972-07-11;49,9;70;;jah
1972-07-12;49,8;70;;jah
1972-07-13;49,5;70;;jah
1972-07-14;48,9;68;;jah
1972-07-15;47,9;63;;jah
1972-07-16;47;60;;jah
1972-07-17;46,1;57;;jah
1972-07-18;45;56;;jah
1972-07-19;44;52;;jah
1972-07-20;42,9;50;;jah
1972-07-21;41,9;48;;jah
1972-07-22;41,1;44;;jah
1972-07-23;40,3;40;;jah
1972-07-24;39,9;40;;jah
1972-07-25;38,8;39;;jah
1972-07-26;38,1;38;;jah
1972-07-27;37,4;38;;jah
1972-07-28;36,9;40;;jah
1972-07-29;36,2;38;;jah
1972-07-30;35,6;34;;jah
1972-07-31;35;33;;jah
1972-08-01;34,5;32;;jah
1972-08-02;34;31;;jah
1972-08-03;33,7;30;;jah
1972-08-04;33,4;30;;jah
1972-08-05;33,5;26;;jah
1972-08-06;33,6;26;;jah
1972-08-07;33,7;26;;jah
1972-08-08;33,9;26;;jah
1972-08-09;34,4;24;;jah
1972-08-10;34,8;23;;jah
1972-08-11;35;22;;jah
1972-08-12;35,4;19;;jah
1972-08-13;35,6;14;;jah
1972-08-14;35,6;16;;jah
1972-08-15;35,5;16;;jah
1972-08-16;35,4;16;;jah
1972-08-17;35,4;16;;jah
1972-08-18;35,3;14;;jah
1972-08-19;35,2;16;;jah
1972-08-20;35,1;14;;jah
1972-08-21;35;14;;jah
1972-08-22;34,9;13;;jah
1972-08-23;34,7;13;;jah
1972-08-24;34,6;13;;jah
1972-08-25;34,5;12;;jah
1972-08-26;34,4;14;;jah
1972-08-27;34,3;13;;jah
1972-08-28;34,2;13;;jah
1972-08-29;34;10;;jah
1972-08-30;33,9;14;;jah
1972-08-31;33,8;16;;jah
1972-09-01;33,3;14;;jah
1972-09-02;32,5;10;;jah
1972-09-03;31,5;6;;jah
1972-09-04;30,6;5;;jah
1972-09-05;29,7;4;;jah
1972-09-06;29,5;2;;jah
1972-09-07;29,5;4;;jah
1972-09-08;29,4;4;;jah
1972-09-09;29,3;5;;jah
1972-09-10;29,2;4;;jah
1972-09-11;29,2;4;;jah
1972-09-12;29,1;4;;jah
1972-09-13;29;4;;jah
1972-09-14;29;3;;jah
1972-09-15;29;2;;jah
1972-09-16;29;1;;jah
1972-09-17;28,9;0;;jah
1972-09-18;28,9;1;;jah
1972-09-19;28,8;0;;jah
1972-09-20;28,8;0;;jah
1972-09-21;28,7;0;;jah
1972-09-22;28,7;-1;;jah
1972-09-23;28,6;0;;jah
1972-09-24;28,5;2;;jah
1972-09-25;28,4;5;;jah
1972-09-26;28,3;0;;jah
1972-09-27;28,1;-2;;jah
1972-09-28;27,9;0;;jah
1972-09-29;27,7;10;;jah
1972-09-30;27,6;-2;;jah
1972-10-01;27,5;-2;;jah
1972-10-02;27,4;-2;;jah
1972-10-03;27,3;-2;;jah
1972-10-04;27,5;-3;;jah
1972-10-05;27,6;-4;;jah
1972-10-06;27,7;-2;;jah
1972-10-07;27,9;-4;;jah
1972-10-08;28,1;-5;;jah
1972-10-09;28,2;-4;;jah
1972-10-10;28,4;-4;;jah
1972-10-11;28,6;-5;;jah
1972-10-12;28,8;-2;;jah
1972-10-13;28,9;-1;;jah
1972-10-14;29,1;0;;jah
1972-10-15;29,2;6;;jah
1972-10-16;29,3;3;;jah
1972-10-17;29,4;6;;jah
1972-10-18;29,5;10;;jah
1972-10-19;29,5;14;;jah
1972-10-20;29,6;10;;jah
1972-10-21;29,6;12;;jah
1972-10-22;29,6;10;;jah
1972-10-23;29,7;10;;jah
1972-10-24;29,8;10;;jah
1972-10-25;29,9;6;;jah
1972-10-26;30;6;;jah
1972-10-27;30,1;9;;jah
1972-10-28;30,2;8;;jah
1972-10-29;30,3;10;;jah
1972-10-30;30,4;10;;jah
1972-10-31;30,7;10;;jah
1972-11-01;31;10;;jah
1972-11-02;32,5;19;;jah
1972-11-03;36;20;;jah
1972-11-04;39,7;20;;jah
1972-11-05;41;24;;jah
1972-11-06;42,8;27;;jah
1972-11-07;44,5;32;;jah
1972-11-08;46;32;;jah
1972-11-09;47,5;36;;jah
1972-11-10;49,1;38;;jah
1972-11-11;50,8;41;;jah
1972-11-12;52;44;;jah
1972-11-13;52,3;46;;jah
1972-11-14;52,4;49;;jah
1972-11-15;52,5;46;;jah
1972-11-16;52,5;46;;jah
1972-11-17;52,4;54;;jah
1972-11-18;52;48;;jah
1972-11-19;51,1;46;;jah
1972-11-20;50,3;42;;jah
1972-11-21;49,4;42;;jah
1972-11-22;48,5;40;;jah
1972-11-23;48;39;;jah
1972-11-24;47,4;38;;jah
1972-11-25;47;35;;jah
1972-11-26;46,7;31;;jah
1972-11-27;46,6;31;;jah
1972-11-28;46,8;37;;jah
1972-11-29;48,3;38;;jah
1972-11-30;49,5;41;;jah
1972-12-01;51;50;;jah
1972-12-02;52,3;54;;jah
1972-12-03;53,2;55;;jah
1972-12-04;53,4;55;;jah
1972-12-05;53,7;55;;jah
1972-12-06;53,9;58;;jah
1972-12-07;54,1;60;;jah
1972-12-08;54,4;59;;jah
1972-12-09;54,6;58;;jah
1972-12-10;54,9;58;;jah
1972-12-11;55,1;58;;jah
1972-12-12;55,3;60;;jah
1972-12-13;55,3;60;;jah
1972-12-14;55,3;60;;jah
1972-12-15;55,3;66;;jah
1972-12-16;55,3;65;;jah
1972-12-17;55,3;66;;jah
1972-12-18;55,3;66;;jah
1972-12-19;55,3;64;;jah
1972-12-20;55,3;62;;jah
1972-12-21;55,3;62;;jah
1972-12-22;55;62;;jah
1972-12-23;54,7;63;;jah
1972-12-24;54,4;62;;jah
1972-12-25;53,7;62;;jah
1972-12-26;49,5;58;;jah
1972-12-27;44;48;;jah
1972-12-28;39;38;;jah
1972-12-29;34,3;30;;jah
1972-12-30;33,2;29;;jah
1972-12-31;33;28;;jah
1973-01-01;33;28;;jah
1973-01-02;33;26;;jah
1973-01-03;33,2;28;;jah
1973-01-04;33,4;31;;jah
1973-01-05;33,6;35;;jah
1973-01-06;33,8;35;;jah
1973-01-07;34,1;37;;jah
1973-01-08;34,4;42;;jah
1973-01-09;34,5;44;;jah
1973-01-10;34,7;48;;jah
1973-01-11;34,8;50;;jah
1973-01-12;34,9;48;;jah
1973-01-13;35;50;;jah
1973-01-14;35;50;;jah
1973-01-15;35;49;;jah
1973-01-16;35;48;;jah
1973-01-17;35;48;;jah
1973-01-18;35;47;;jah
1973-01-19;34,9;46;;jah
1973-01-20;34,9;46;;jah
1973-01-21;34,9;46;;jah
1973-01-22;34,8;46;;jah
1973-01-23;34,7;47;;jah
1973-01-24;34,6;46;;jah
1973-01-25;34,5;46;;jah
1973-01-26;34,5;45;;jah
1973-01-27;34,6;44;;jah
1973-01-28;35;44;;jah
1973-01-29;35,7;43;;jah
1973-01-30;37;43;;jah
1973-01-31;38,1;42;;jah
1973-02-01;40,3;42;;jah
1973-02-02;41,6;44;;jah
1973-02-03;42,3;44;;jah
1973-02-04;42,9;44;;jah
1973-02-05;43,3;44;;jah
1973-02-06;43,4;46;;jah
1973-02-07;43;50;;jah
1973-02-08;42,6;50;;jah
1973-02-09;42;50;;jah
1973-02-10;41,5;52;;jah
1973-02-11;40,7;51;;jah
1973-02-12;40;48;;jah
1973-02-13;39;44;;jah
1973-02-14;38,2;46;;jah
1973-02-15;37,7;48;;jah
1973-02-16;37,6;48;;jah
1973-02-17;37,5;46;;jah
1973-02-18;37,4;43;;jah
1973-02-19;37,4;38;;jah
1973-02-20;37,4;34;;jah
1973-02-21;37,3;31;;jah
1973-02-22;37,3;28;;jah
1973-02-23;37,3;26;;jah
1973-02-24;37,2;24;;jah
1973-02-25;37,2;24;;jah
1973-02-26;37,2;25;;jah
1973-02-27;36,8;26;;jah
1973-02-28;36,3;27;;jah
1973-03-01;35,8;28;;jah
1973-03-02;35,1;30;;jah
1973-03-03;34,6;30;;jah
1973-03-04;34,1;28;;jah
1973-03-05;33,7;28;;jah
1973-03-06;33,4;28;;jah
1973-03-07;33;25;;jah
1973-03-08;32,7;21;;jah
1973-03-09;32,5;18;;jah
1973-03-10;32,2;16;;jah
1973-03-11;31,9;14;;jah
1973-03-12;31,6;14;;jah
1973-03-13;31,4;14;;jah
1973-03-14;31,3;13;;jah
1973-03-15;31,2;14;;jah
1973-03-16;33,5;17;;jah
1973-03-17;34,5;19;;jah
1973-03-18;38,4;24;;jah
1973-03-19;38,4;24;;jah
1973-03-20;35,4;20;;jah
1973-03-21;32,5;16;;jah
1973-03-22;31,7;15;;jah
1973-03-23;34,5;19;;jah
1973-03-24;51;43;;jah
1973-03-25;62;66;;jah
1973-03-26;63;70;;jah
1973-03-27;63,7;72;;jah
1973-03-28;63,9;73;;jah
1973-03-29;64;74;;jah
1973-03-30;64,1;74;;jah
1973-03-31;64,1;74;;jah
1973-04-01;64,1;74;;jah
1973-04-02;64,1;73;;jah
1973-04-03;64,1;72;;jah
1973-04-04;64,1;68;;jah
1973-04-05;64,1;67;;jah
1973-04-06;64,1;67;;jah
1973-04-07;64,1;66;;jah
1973-04-08;64,1;66;;jah
1973-04-09;64;66;;jah
1973-04-10;64;64;;jah
1973-04-11;63,9;66;;jah
1973-04-12;63,8;70;;jah
1973-04-13;63,6;74;;jah
1973-04-14;63,4;73;;jah
1973-04-15;63;72;;jah
1973-04-16;62,6;70;;jah
1973-04-17;62,2;70;;jah
1973-04-18;61,8;70;;jah
1973-04-19;61,4;69;;jah
1973-04-20;61;71;;jah
1973-04-21;60,5;72;;jah
1973-04-22;60,1;73;;jah
1973-04-23;59,8;72;;jah
1973-04-24;59,5;70;;jah
1973-04-25;59,1;69;;jah
1973-04-26;58,8;66;;jah
1973-04-27;58,4;66;;jah
1973-04-28;58;65;;jah
1973-04-29;57,7;64;;jah
1973-04-30;57,3;62;;jah
1973-05-01;57;61;;jah
1973-05-02;56,6;64;;jah
1973-05-03;56,3;64;;jah
1973-05-04;56;62;;jah
1973-05-05;55,7;61;;jah
1973-05-06;55,5;60;;jah
1973-05-07;55,3;60;;jah
1973-05-08;55;62;;jah
1973-05-09;54,8;64;;jah
1973-05-10;54,6;65;;jah
1973-05-11;54,4;64;;jah
1973-05-12;54,2;63;;jah
1973-05-13;54;60;;jah
1973-05-14;53,7;60;;jah
1973-05-15;57;64;;jah
1973-05-16;68,3;81;;jah
1973-05-17;75,5;97;;jah
1973-05-18;77,7;104;;jah
1973-05-19;79;108;;jah
1973-05-20;80,7;116;;jah
1973-05-21;81,2;119;;jah
1973-05-22;81,2;119;;jah
1973-05-23;80,8;118;;jah
1973-05-24;81,6;121;;jah
1973-05-25;79,5;131;;jah
1973-05-26;79,1;130;;jah
1973-05-27;76,2;121;;jah
1973-05-28;74,2;114;;jah
1973-05-29;72,7;110;;jah
1973-05-30;71;104;;jah
1973-05-31;68,7;96;;jah
1973-06-01;66,4;91;;jah
1973-06-02;65,7;85;;jah
1973-06-03;64,7;78;;jah
1973-06-04;64;74;;jah
1973-06-05;63,1;72;;jah
1973-06-06;62,3;68;;jah
1973-06-07;61,5;66;;jah
1973-06-08;60,6;64;;jah
1973-06-09;59,8;63;;jah
1973-06-10;59;66;;jah
1973-06-11;58,2;68;;jah
1973-06-12;57,5;67;;jah
1973-06-13;56,8;66;;jah
1973-06-14;55,9;66;;jah
1973-06-15;55,1;64;;jah
1973-06-16;54,4;63;;jah
1973-06-17;53,7;62;;jah
1973-06-18;52,9;64;;jah
1973-06-19;52,1;58;;jah
1973-06-20;51,4;60;;jah
1973-06-21;50,6;58;;jah
1973-06-22;50;56;;jah
1973-06-23;49;54;;jah
1973-06-24;48;51;;jah
1973-06-25;46,8;50;;jah
1973-06-26;46;49;;jah
1973-06-27;44,9;48;;jah
1973-06-28;43,8;46;;jah
1973-06-29;42,8;46;;jah
1973-06-30;41,7;44;;jah
1973-07-01;41,1;42;;jah
1973-07-02;40,5;40;;jah
1973-07-03;40;40;;jah
1973-07-04;39,5;38;;jah
1973-07-05;39;38;;jah
1973-07-06;38,5;38;;jah
1973-07-07;38;36;;jah
1973-07-08;37,5;38;;jah
1973-07-09;37,2;38;;jah
1973-07-10;36,7;34;;jah
1973-07-11;36,4;30;;jah
1973-07-12;36,2;28;;jah
1973-07-13;35,9;26;;jah
1973-07-14;35,7;26;;jah
1973-07-15;35,7;26;;jah
1973-07-16;35,7;26;;jah
1973-07-17;35,7;26;;jah
1973-07-18;35,7;24;;jah
1973-07-19;35,8;26;;jah
1973-07-20;35,8;28;;jah
1973-07-21;35,9;28;;jah
1973-07-22;36;30;;jah
1973-07-23;36,2;30;;jah
1973-07-24;36,3;30;;jah
1973-07-25;36,4;30;;jah
1973-07-26;36,4;32;;jah
1973-07-27;36,5;35;;jah
1973-07-28;36,5;34;;jah
1973-07-29;36,1;30;;jah
1973-07-30;35,6;26;;jah
1973-07-31;35;24;;jah
1973-08-01;34,5;21;;jah
1973-08-02;34;20;;jah
1973-08-03;33,6;20;;jah
1973-08-04;33,5;19;;jah
1973-08-05;33,4;18;;jah
1973-08-06;33,4;14;;jah
1973-08-07;33,4;16;;jah
1973-08-08;33,4;18;;jah
1973-08-09;33,3;23;;jah
1973-08-10;33,3;24;;jah
1973-08-11;33,3;20;;jah
1973-08-12;33,2;20;;jah
1973-08-13;33,1;20;;jah
1973-08-14;32,8;17;;jah
1973-08-15;32,4;16;;jah
1973-08-16;31,9;15;;jah
1973-08-17;31,5;14;;jah
1973-08-18;30,9;14;;jah
1973-08-19;30,4;13;;jah
1973-08-20;29,8;10;;jah
1973-08-21;29,2;9;;jah
1973-08-22;28,7;7;;jah
1973-08-23;28,4;5;;jah
1973-08-24;28,1;2;;jah
1973-08-25;27,9;5;;jah
1973-08-26;27,6;2;;jah
1973-08-27;27,5;2;;jah
1973-08-28;27,3;3;;jah
1973-08-29;27;4;;jah
1973-08-30;26,8;4;;jah
1973-08-31;26,7;4;;jah
1973-09-01;27,5;2;;jah
1973-09-02;27,4;0;;jah
1973-09-03;26,3;0;;jah
1973-09-04;26,2;2;;jah
1973-09-05;26,2;-2;;jah
1973-09-06;26,4;-2;;jah
1973-09-07;26,7;-2;;jah
1973-09-08;27;0;;jah
1973-09-09;27,3;0;;jah
1973-09-10;27,6;-1;;jah
1973-09-11;28;0;;jah
1973-09-12;28,4;0;;jah
1973-09-13;28,7;6;;jah
1973-09-14;28,5;0;;jah
1973-09-15;28,3;5;;jah
1973-09-16;28,2;1;;jah
1973-09-17;27,9;3;;jah
1973-09-18;27,6;0;;jah
1973-09-19;27,2;0;;jah
1973-09-20;26,8;1;;jah
1973-09-21;26,4;0;;jah
1973-09-22;26;8;;jah
1973-09-23;25,7;8;;jah
1973-09-24;25,5;1;;jah
1973-09-25;25,5;0;;jah
1973-09-26;25,5;2;;jah
1973-09-27;25,5;2;;jah
1973-09-28;25,5;0;;jah
1973-09-29;25,5;0;;jah
1973-09-30;25,5;0;;jah
1973-10-01;25,5;0;;jah
1973-10-02;25,5;0;;jah
1973-10-03;25,5;2;;jah
1973-10-04;25,7;2;;jah
1973-10-05;25,9;2;;jah
1973-10-06;26,3;2;;jah
1973-10-07;26,7;0;;jah
1973-10-08;27,1;2;;jah
1973-10-09;27,6;0;;jah
1973-10-10;28,1;-1;;jah
1973-10-11;28,7;4;;jah
1973-10-12;28,9;5;;jah
1973-10-13;29,6;5;;jah
1973-10-14;30,4;8;;jah
1973-10-15;31;7;;jah
1973-10-16;31,7;8;;jah
1973-10-17;32,2;8;;jah
1973-10-18;32,8;10;;jah
1973-10-19;33,5;12;;jah
1973-10-20;34;12;;jah
1973-10-21;34,7;12;;jah
1973-10-22;35,4;13;;jah
1973-10-23;35,8;10;;jah
1973-10-24;36;10;;jah
1973-10-25;36,2;9;;jah
1973-10-26;36,4;10;;jah
1973-10-27;36,5;12;;jah
1973-10-28;36,7;20;;jah
1973-10-29;36,8;20;;jah
1973-10-30;36,9;24;;jah
1973-10-31;37,2;24;;jah
1973-11-01;37,3;21;;jah
1973-11-02;37,5;18;;jah
1973-11-03;37,7;18;;jah
1973-11-04;37,9;20;;jah
1973-11-05;38,1;20;;jah
1973-11-06;38,4;18;;jah
1973-11-07;38,6;19;;jah
1973-11-08;38,8;20;;jah
1973-11-09;39;20;;jah
1973-11-10;39,2;20;;jah
1973-11-11;39,4;20;;jah
1973-11-12;39,5;24;;jah
1973-11-13;39,6;24;;jah
1973-11-14;39,3;25;;jah
1973-11-15;38,9;26;;jah
1973-11-16;38,5;23;;jah
1973-11-17;38,1;18;;jah
1973-11-18;38,2;17;;jah
1973-11-19;38,7;18;;jah
1973-11-20;39,5;20;;jah
1973-11-21;40,8;23;;jah
1973-11-22;42,2;34;;jah
1973-11-23;42,3;34;;jah
1973-11-24;42,5;34;;jah
1973-11-25;43,2;44;;jah
1973-11-26;44,4;62;;jah
1973-11-27;45;68;;jah
1973-11-28;44,5;66;;jah
1973-11-29;40;56;;jah
1973-11-30;36,2;46;;jah
1973-12-01;35,6;46;;jah
1973-12-02;35;48;;jah
1973-12-03;34,7;45;;jah
1973-12-04;34,4;43;;jah
1973-12-05;34,5;42;;jah
1973-12-06;34,5;40;;jah
1973-12-07;34,6;40;;jah
1973-12-08;34,6;38;;jah
1973-12-09;34,7;36;;jah
1973-12-10;34,7;37;;jah
1973-12-11;34,8;38;;jah
1973-12-12;34,8;38;;jah
1973-12-13;34,9;40;;jah
1973-12-14;34,9;40;;jah
1973-12-15;34,9;40;;jah
1973-12-16;34,8;43;;jah
1973-12-17;34,7;44;;jah
1973-12-18;34,6;43;;jah
1973-12-19;34,5;44;;jah
1973-12-20;34,3;44;;jah
1973-12-21;34,2;44;;jah
1973-12-22;34;44;;jah
1973-12-23;33,8;44;;jah
1973-12-24;33,9;47;;jah
1973-12-25;34;49;;jah
1973-12-26;34,3;50;;jah
1973-12-27;34,6;51;;jah
1973-12-28;35;52;;jah
1973-12-29;35,6;51;;jah
1973-12-30;36,8;52;;jah
1973-12-31;39,5;62;;jah
1974-01-01;46;84;;jah
1974-01-02;46;84;;jah
1974-01-03;46,2;83;;jah
1974-01-04;45,7;74;;jah
1974-01-05;45;67;;jah
1974-01-06;43,5;62;;jah
1974-01-07;41,5;58;;jah
1974-01-08;40;57;;jah
1974-01-09;38;56;;jah
1974-01-10;36,5;52;;jah
1974-01-11;34,5;48;;jah
1974-01-12;34,3;44;;jah
1974-01-13;34,2;43;;jah
1974-01-14;34,3;43;;jah
1974-01-15;34,5;44;;jah
1974-01-16;34,7;47;;jah
1974-01-17;35;48;;jah
1974-01-18;35,2;48;;jah
1974-01-19;35,6;49;;jah
1974-01-20;36;50;;jah
1974-01-21;36;50;;jah
1974-01-22;36,2;52;;jah
1974-01-23;36,6;53;;jah
1974-01-24;36,7;52;;jah
1974-01-25;37;54;;jah
1974-01-26;37,2;58;;jah
1974-01-27;37,5;58;;jah
1974-01-28;37,7;56;;jah
1974-01-29;38;57;;jah
1974-01-30;38,2;58;;jah
1974-01-31;38,2;60;;jah
1974-02-01;38,5;60;;jah
1974-02-02;38,7;59;;jah
1974-02-03;39,2;56;;jah
1974-02-04;39,5;47;;jah
1974-02-05;40;45;;jah
1974-02-06;40,5;43;;jah
1974-02-07;41;38;;jah
1974-02-08;41,5;37;;jah
1974-02-09;41,7;37;;jah
1974-02-10;42,1;36;;jah
1974-02-11;42,5;38;;jah
1974-02-12;43;41;;jah
1974-02-13;43,4;48;;jah
1974-02-14;43,7;50;;jah
1974-02-15;43,5;50;;jah
1974-02-16;43;50;;jah
1974-02-17;42,2;50;;jah
1974-02-18;41,2;49;;jah
1974-02-19;41;49;;jah
1974-02-20;40,5;48;;jah
1974-02-21;40;46;;jah
1974-02-22;39,7;46;;jah
1974-02-23;39,5;46;;jah
1974-02-24;40;46;;jah
1974-02-25;40;42;;jah
1974-02-26;40,2;41;;jah
1974-02-27;40,5;39;;jah
1974-02-28;40,5;36;;jah
1974-03-01;40,7;36;;jah
1974-03-02;41;36;;jah
1974-03-03;41;36;;jah
1974-03-04;40,8;33;;jah
1974-03-05;40,5;30;;jah
1974-03-06;40,2;30;;jah
1974-03-07;40;29;;jah
1974-03-08;39,7;29;;jah
1974-03-09;39,5;28;;jah
1974-03-10;39,2;28;;jah
1974-03-11;39;28;;jah
1974-03-12;38,7;24;;jah
1974-03-13;38,5;23;;jah
1974-03-14;38,6;24;;jah
1974-03-15;38,7;24;;jah
1974-03-16;39;24;;jah
1974-03-17;39,2;24;;jah
1974-03-18;39,5;26;;jah
1974-03-19;39,7;25;;jah
1974-03-20;41,5;29;;jah
1974-03-21;46,5;36;;jah
1974-03-22;52;45;;jah
1974-03-23;54;49;;jah
1974-03-24;55,5;52;;jah
1974-03-25;56,2;54;;jah
1974-03-26;57;54;;jah
1974-03-27;57,7;56;;jah
1974-03-28;58,5;58;;jah
1974-03-29;59,2;60;;jah
1974-03-30;60;64;;jah
1974-03-31;60,5;65;;jah
1974-04-01;61,2;69;;jah
1974-04-02;61,8;70;;jah
1974-04-03;62,5;72;;jah
1974-04-04;63;74;;jah
1974-04-05;63,5;75;;jah
1974-04-06;64;76;;jah
1974-04-07;64,5;77;;jah
1974-04-08;65;80;;jah
1974-04-09;65,2;81;;jah
1974-04-10;65,4;81;;jah
1974-04-11;65,5;81;;jah
1974-04-12;65,5;82;;jah
1974-04-13;65,5;82;;jah
1974-04-14;65,3;82;;jah
1974-04-15;64,5;78;;jah
1974-04-16;62,5;76;;jah
1974-04-17;60;70;;jah
1974-04-18;57,3;67;;jah
1974-04-19;55,5;65;;jah
1974-04-20;53,5;60;;jah
1974-04-21;52,2;60;;jah
1974-04-22;51,8;61;;jah
1974-04-23;51,8;58;;jah
1974-04-24;52;57;;jah
1974-04-25;52;56;;jah
1974-04-26;52,2;54;;jah
1974-04-27;52,5;53;;jah
1974-04-28;52,7;52;;jah
1974-04-29;53;52;;jah
1974-04-30;53,1;51;;jah
1974-05-01;53,3;52;;jah
1974-05-02;53,4;52;;jah
1974-05-03;53,5;52;;jah
1974-05-04;53,4;51;;jah
1974-05-05;53;52;;jah
1974-05-06;52,7;53;;jah
1974-05-07;52,3;56;;jah
1974-05-08;52;56;;jah
1974-05-09;51,7;55;;jah
1974-05-10;51,5;58;;jah
1974-05-11;51;60;;jah
1974-05-12;50,5;60;;jah
1974-05-13;50;60;;jah
1974-05-14;49,7;57;;jah
1974-05-15;49,5;54;;jah
1974-05-16;49;54;;jah
1974-05-17;48,7;51;;jah
1974-05-18;48,5;50;;jah
1974-05-19;48;50;;jah
1974-05-20;47,7;48;;jah
1974-05-21;47,5;45;;jah
1974-05-22;47,3;44;;jah
1974-05-23;46,7;44;;jah
1974-05-24;46,3;42;;jah
1974-05-25;45,7;42;;jah
1974-05-26;45,5;40;;jah
1974-05-27;45;38;;jah
1974-05-28;44,5;36;;jah
1974-05-29;44;36;;jah
1974-05-30;43,5;36;;jah
1974-05-31;43;36;;jah
1974-06-01;42,7;36;;jah
1974-06-02;42,3;36;;jah
1974-06-03;42;35;;jah
1974-06-04;41,5;34;;jah
1974-06-05;41;33;;jah
1974-06-06;40,5;34;;jah
1974-06-07;40;36;;jah
1974-06-08;39,5;38;;jah
1974-06-09;39;37;;jah
1974-06-10;38,7;37;;jah
1974-06-11;38,5;38;;jah
1974-06-12;38,1;38;;jah
1974-06-13;38;38;;jah
1974-06-14;37,7;38;;jah
1974-06-15;37,5;38;;jah
1974-06-16;37,2;38;;jah
1974-06-17;37;35;;jah
1974-06-18;37;33;;jah
1974-06-19;36,5;32;;jah
1974-06-20;36,5;32;;jah
1974-06-21;36,5;31;;jah
1974-06-22;36,5;30;;jah
1974-06-23;36,5;29;;jah
1974-06-24;36,5;28;;jah
1974-06-25;36,7;26;;jah
1974-06-26;37;26;;jah
1974-06-27;37,5;25;;jah
1974-06-28;37,7;26;;jah
1974-06-29;38;27;;jah
1974-06-30;38,5;28;;jah
1974-07-01;38,7;30;;jah
1974-07-02;38,8;31;;jah
1974-07-03;38,5;26;;jah
1974-07-04;38;27;;jah
1974-07-05;37,2;28;;jah
1974-07-06;36,5;28;;jah
1974-07-07;35,2;28;;jah
1974-07-08;34;29;;jah
1974-07-09;33,2;30;;jah
1974-07-10;32,2;29;;jah
1974-07-11;31,5;28;;jah
1974-07-12;31,3;28;;jah
1974-07-13;31;28;;jah
1974-07-14;31;27;;jah
1974-07-15;31;28;;jah
1974-07-16;31;27;;jah
1974-07-17;31;26;;jah
1974-07-18;31;27;;jah
1974-07-19;31;26;;jah
1974-07-20;30,8;26;;jah
1974-07-21;30,7;26;;jah
1974-07-22;30,6;24;;jah
1974-07-23;30,3;22;;jah
1974-07-24;30;22;;jah
1974-07-25;29,8;21;;jah
1974-07-26;29,5;19;;jah
1974-07-27;29,3;18;;jah
1974-07-28;29,1;18;;jah
1974-07-29;28,8;18;;jah
1974-07-30;28,6;20;;jah
1974-07-31;28,5;18;;jah
1974-08-01;28,2;19;;jah
1974-08-02;28,2;22;;jah
1974-08-03;28;22;;jah
1974-08-04;28;20;;jah
1974-08-05;28;20;;jah
1974-08-06;28;23;;jah
1974-08-07;28;22;;jah
1974-08-08;28,5;21;;jah
1974-08-09;29,5;20;;jah
1974-08-10;31,5;24;;jah
1974-08-11;33,5;30;;jah
1974-08-12;34,7;32;;jah
1974-08-13;35;32;;jah
1974-08-14;34,8;32;;jah
1974-08-15;34,5;31;;jah
1974-08-16;34,3;32;;jah
1974-08-17;34,2;32;;jah
1974-08-18;34;30;;jah
1974-08-19;33,7;29;;jah
1974-08-20;33,5;30;;jah
1974-08-21;33,5;30;;jah
1974-08-22;33,1;30;;jah
1974-08-23;32,7;29;;jah
1974-08-24;31,7;29;;jah
1974-08-25;31,2;28;;jah
1974-08-26;31;26;;jah
1974-08-27;30,5;25;;jah
1974-08-28;30;24;;jah
1974-08-29;29,5;24;;jah
1974-08-30;29;22;;jah
1974-08-31;28,3;22;;jah
1974-09-01;27,5;20;;jah
1974-09-02;27;20;;jah
1974-09-03;26,8;20;;jah
1974-09-04;26,5;20;;jah
1974-09-05;26,3;19;;jah
1974-09-06;26;16;;jah
1974-09-07;26;19;;jah
1974-09-08;25,8;18;;jah
1974-09-09;25,5;16;;jah
1974-09-10;25,4;15;;jah
1974-09-11;25,3;14;;jah
1974-09-12;25,1;11;;jah
1974-09-13;25;14;;jah
1974-09-14;25;14;;jah
1974-09-15;25;15;;jah
1974-09-16;25;12;;jah
1974-09-17;25;10;;jah
1974-09-18;24;10;;jah
1974-09-19;24,9;12;;jah
1974-09-20;24,9;10;;jah
1974-09-21;24,9;11;;jah
1974-09-22;24,8;10;;jah
1974-09-23;25;10;;jah
1974-09-24;25,2;12;;jah
1974-09-25;25,3;12;;jah
1974-09-26;25,5;14;;jah
1974-09-27;25,9;15;;jah
1974-09-28;26,5;15;;jah
1974-09-29;27;15;;jah
1974-09-30;27,5;15;;jah
1974-10-01;28,2;16;;jah
1974-10-02;28,8;20;;jah
1974-10-03;29,3;20;;jah
1974-10-04;29,8;23;;jah
1974-10-05;30,5;16;;jah
1974-10-06;31;22;;jah
1974-10-07;31,3;22;;jah
1974-10-08;32;22;;jah
1974-10-09;32,5;26;;jah
1974-10-10;32,7;29;;jah
1974-10-11;33,2;30;;jah
1974-10-12;33,5;33;;jah
1974-10-13;33,7;34;;jah
1974-10-14;34,2;36;;jah
1974-10-15;34,5;36;;jah
1974-10-16;34,6;38;;jah
1974-10-17;34,7;40;;jah
1974-10-18;34,9;40;;jah
1974-10-19;35;38;;jah
1974-10-20;35,2;36;;jah
1974-10-21;35,3;37;;jah
1974-10-22;35,5;36;;jah
1974-10-23;35,8;38;;jah
1974-10-24;36;34;;jah
1974-10-25;36,2;30;;jah
1974-10-26;36,7;31;;jah
1974-10-27;37;31;;jah
1974-10-28;37,5;32;;jah
1974-10-29;38;35;;jah
1974-10-30;38,4;36;;jah
1974-10-31;39;38;;jah
1974-11-01;39,5;39;;jah
1974-11-02;40,2;38;;jah
1974-11-03;40,7;40;;jah
1974-11-04;41,4;42;;jah
1974-11-05;42;40;;jah
1974-11-06;43,2;40;;jah
1974-11-07;44;40;;jah
1974-11-08;45,2;40;;jah
1974-11-09;46;38;;jah
1974-11-10;47;39;;jah
1974-11-11;47,9;40;;jah
1974-11-12;49;40;;jah
1974-11-13;49,7;41;;jah
1974-11-14;51;42;;jah
1974-11-15;52;44;;jah
1974-11-16;53;48;;jah
1974-11-17;54;50;;jah
1974-11-18;55;48;;jah
1974-11-19;56;56;;jah
1974-11-20;57,2;58;;jah
1974-11-21;58,2;68;;jah
1974-11-22;59,3;72;;jah
1974-11-23;60,4;76;;jah
1974-11-24;60,5;80;;jah
1974-11-25;60,5;80;;jah
1974-11-26;60,2;78;;jah
1974-11-27;59,8;77;;jah
1974-11-28;59;76;;jah
1974-11-29;57,5;75;;jah
1974-11-30;55,7;74;;jah
1974-12-01;53,5;72;;jah
1974-12-02;51,5;67;;jah
1974-12-03;49;63;;jah
1974-12-04;47;60;;jah
1974-12-05;47,5;61;;jah
1974-12-06;48,3;63;;jah
1974-12-07;49,5;66;;jah
1974-12-08;50,5;66;;jah
1974-12-09;51,6;70;;jah
1974-12-10;53;72;;jah
1974-12-11;54,5;74;;jah
1974-12-12;56;76;;jah
1974-12-13;56,6;80;;jah
1974-12-14;56,5;78;;jah
1974-12-15;56,3;74;;jah
1974-12-16;56;72;;jah
1974-12-17;55,5;81;;jah
1974-12-18;55;80;;jah
1974-12-19;54,5;80;;jah
1974-12-20;54;81;;jah
1974-12-21;52,4;80;;jah
1974-12-22;52,4;80;;jah
1974-12-23;53,5;84;;jah
1974-12-24;54,1;86;;jah
1974-12-25;55,4;90;;jah
1974-12-26;55,7;92;;jah
1974-12-27;56,8;96;;jah
1974-12-28;57,7;99;;jah
1974-12-29;59,5;105;;jah
1974-12-30;60,6;109;;jah
1974-12-31;60,4;108;;jah
1975-01-01;61;110;;jah
1975-01-02;62;109;;jah
1975-01-03;63;112;;jah
1975-01-04;64,2;120;;jah
1975-01-05;64;119;;jah
1975-01-06;63;119;;jah
1975-01-07;62;118;;jah
1975-01-08;60,5;117;;jah
1975-01-09;59;117;;jah
1975-01-10;57,7;116;;jah
1975-01-11;56,5;112;;jah
1975-01-12;56;109;;jah
1975-01-13;56;107;;jah
1975-01-14;56,2;105;;jah
1975-01-15;56,8;104;;jah
1975-01-16;58,2;110;;jah
1975-01-17;60;114;;jah
1975-01-18;62,5;116;;jah
1975-01-19;64,5;118;;jah
1975-01-20;66;124;;jah
1975-01-21;67,5;128;;jah
1975-01-22;69,5;131;;jah
1975-01-23;70,8;136;;jah
1975-01-24;71,1;136;;jah
1975-01-25;70,9;136;;jah
1975-01-26;70,5;138;;jah
1975-01-27;70;138;;jah
1975-01-28;69,4;137;;jah
1975-01-29;68,9;136;;jah
1975-01-30;68,5;136;;jah
1975-01-31;67,9;136;;jah
1975-02-01;67,4;136;;jah
1975-02-02;66,9;136;;jah
1975-02-03;66,7;136;;jah
1975-02-04;66,4;138;;jah
1975-02-05;66;143;;jah
1975-02-06;65,6;139;;jah
1975-02-07;65,3;136;;jah
1975-02-08;64,8;135;;jah
1975-02-09;64,5;135;;jah
1975-02-10;64;136;;jah
1975-02-11;63,6;136;;jah
1975-02-12;63,3;134;;jah
1975-02-13;63;133;;jah
1975-02-14;62,9;131;;jah
1975-02-15;62,8;125;;jah
1975-02-16;62,7;115;;jah
1975-02-17;62,5;114;;jah
1975-02-18;62,4;114;;jah
1975-02-19;62,3;113;;jah
1975-02-20;62,2;113;;jah
1975-02-21;62,1;114;;jah
1975-02-22;62;122;;jah
1975-02-23;61,9;124;;jah
1975-02-24;61,7;119;;jah
1975-02-25;61;105;;jah
1975-02-26;59;101;;jah
1975-02-27;56,5;98;;jah
1975-02-28;54,7;97;;jah
1975-03-01;54,1;92;;jah
1975-03-02;53,7;90;;jah
1975-03-03;53,8;90;;jah
1975-03-04;54;90;;jah
1975-03-05;54,5;88;;jah
1975-03-06;56;89;;jah
1975-03-07;59;93;;jah
1975-03-08;61,5;90;;jah
1975-03-09;65;93;;jah
1975-03-10;68;98;;jah
1975-03-11;69,7;102;;jah
1975-03-12;70,1;104;;jah
1975-03-13;69,5;104;;jah
1975-03-14;68,9;102;;jah
1975-03-15;68,2;100;;jah
1975-03-16;67,6;100;;jah
1975-03-17;67;100;;jah
1975-03-18;66,5;100;;jah
1975-03-19;65,8;100;;jah
1975-03-20;65,2;100;;jah
1975-03-21;64,7;100;;jah
1975-03-22;64,2;97;;jah
1975-03-23;63,9;97;;jah
1975-03-24;63,5;97;;jah
1975-03-25;63,1;98;;jah
1975-03-26;62,8;98;;jah
1975-03-27;62,6;98;;jah
1975-03-28;62,2;100;;jah
1975-03-29;62;99;;jah
1975-03-30;61,7;99;;jah
1975-03-31;61,4;99;;jah
1975-04-01;61,1;98;;jah
1975-04-02;60,9;100;;jah
1975-04-03;60,6;100;;jah
1975-04-04;60,8;103;;jah
1975-04-05;61,5;105;;jah
1975-04-06;63;102;;jah
1975-04-07;65;102;;jah
1975-04-08;68;107;;jah
1975-04-09;70,5;114;;jah
1975-04-10;72,5;114;;jah
1975-04-11;73,7;113;;jah
1975-04-12;74,4;116;;jah
1975-04-13;74,6;115;;jah
1975-04-14;74,8;116;;jah
1975-04-15;74,9;121;;jah
1975-04-16;75,2;127;;jah
1975-04-17;75,4;130;;jah
1975-04-18;75,5;130;;jah
1975-04-19;75,6;130;;jah
1975-04-20;75,9;130;;jah
1975-04-21;76,1;130;;jah
1975-04-22;76,5;130;;jah
1975-04-23;76,9;128;;jah
1975-04-24;77,2;128;;jah
1975-04-25;77,5;130;;jah
1975-04-26;78;134;;jah
1975-04-27;78,6;146;;jah
1975-04-28;79,2;148;;jah
1975-04-29;79,7;151;;jah
1975-04-30;80;152;;jah
1975-05-01;80,1;152;;jah
1975-05-02;80,1;151;;jah
1975-05-03;79,8;145;;jah
1975-05-04;79;142;;jah
1975-05-05;78,2;138;;jah
1975-05-06;77,4;133;;jah
1975-05-07;76,7;130;;jah
1975-05-08;75,9;128;;jah
1975-05-09;75,2;126;;jah
1975-05-10;74,3;124;;jah
1975-05-11;73,7;122;;jah
1975-05-12;72,8;122;;jah
1975-05-13;71,6;120;;jah
1975-05-14;70,6;118;;jah
1975-05-15;69,5;117;;jah
1975-05-16;68,5;116;;jah
1975-05-17;67,5;115;;jah
1975-05-18;66,4;112;;jah
1975-05-19;65,3;112;;jah
1975-05-20;64,3;112;;jah
1975-05-21;63,2;111;;jah
1975-05-22;62,1;109;;jah
1975-05-23;61;109;;jah
1975-05-24;60;108;;jah
1975-05-25;59,8;106;;jah
1975-05-26;59,5;105;;jah
1975-05-27;59,4;102;;jah
1975-05-28;59,2;100;;jah
1975-05-29;58,9;100;;jah
1975-05-30;58,8;102;;jah
1975-05-31;58,6;106;;jah
1975-06-01;58,5;102;;jah
1975-06-02;58,3;104;;jah
1975-06-03;58,2;104;;jah
1975-06-04;57,8;104;;jah
1975-06-05;57,4;102;;jah
1975-06-06;56,8;101;;jah
1975-06-07;56,6;99;;jah
1975-06-08;55,6;97;;jah
1975-06-09;55;97;;jah
1975-06-10;54,3;96;;jah
1975-06-11;53,6;92;;jah
1975-06-12;53;89;;jah
1975-06-13;52,5;87;;jah
1975-06-14;52;86;;jah
1975-06-15;51,2;85;;jah
1975-06-16;50,6;86;;jah
1975-06-17;50;86;;jah
1975-06-18;49,5;86;;jah
1975-06-19;48,8;85;;jah
1975-06-20;48;84;;jah
1975-06-21;47,5;82;;jah
1975-06-22;46,8;82;;jah
1975-06-23;46;81;;jah
1975-06-24;45,5;78;;jah
1975-06-25;45;76;;jah
1975-06-26;44,2;74;;jah
1975-06-27;43,7;74;;jah
1975-06-28;43,2;71;;jah
1975-06-29;42,8;74;;jah
1975-06-30;42,3;75;;jah
1975-07-01;41,8;73;;jah
1975-07-02;41,4;72;;jah
1975-07-03;41,1;70;;jah
1975-07-04;40,7;71;;jah
1975-07-05;40;69;;jah
1975-07-06;39,6;64;;jah
1975-07-07;39,2;62;;jah
1975-07-08;38,7;63;;jah
1975-07-09;38,4;62;;jah
1975-07-10;38;62;;jah
1975-07-11;37,7;60;;jah
1975-07-12;37,4;60;;jah
1975-07-13;37,2;56;;jah
1975-07-14;37;57;;jah
1975-07-15;36,8;57;;jah
1975-07-16;36,7;54;;jah
1975-07-17;36,6;54;;jah
1975-07-18;36,5;57;;jah
1975-07-19;36,5;56;;jah
1975-07-20;36,3;56;;jah
1975-07-21;36,1;54;;jah
1975-07-22;35,8;53;;jah
1975-07-23;35,5;52;;jah
1975-07-24;35,2;52;;jah
1975-07-25;34,7;52;;jah
1975-07-26;34,5;52;;jah
1975-07-27;34;52;;jah
1975-07-28;33,5;52;;jah
1975-07-29;33;52;;jah
1975-07-30;32,7;52;;jah
1975-07-31;32,4;51;;jah
1975-08-01;32;50;;jah
1975-08-02;31,4;48;;jah
1975-08-03;31,4;47;;jah
1975-08-04;31,3;46;;jah
1975-08-05;31,2;44;;jah
1975-08-06;31,1;43;;jah
1975-08-07;31;43;;jah
1975-08-08;30,9;42;;jah
1975-08-09;30,8;42;;jah
1975-08-10;30,7;42;;jah
1975-08-11;30,6;39;;jah
1975-08-12;30,5;42;;jah
1975-08-13;30,4;37;;jah
1975-08-14;30,2;33;;jah
1975-08-15;30;34;;jah
1975-08-16;29,8;34;;jah
1975-08-17;29,7;32;;jah
1975-08-18;29,5;32;;jah
1975-08-19;29,4;33;;jah
1975-08-20;29,2;32;;jah
1975-08-21;29;31;;jah
1975-08-22;28,9;30;;jah
1975-08-23;28,8;30;;jah
1975-08-24;28,5;29;;jah
1975-08-25;28;29;;jah
1975-08-26;27,7;28;;jah
1975-08-27;27,4;26;;jah
1975-08-28;27;23;;jah
1975-08-29;26,7;24;;jah
1975-08-30;26,3;26;;jah
1975-08-31;26;27;;jah
1975-09-01;25,6;26;;jah
1975-09-02;25,3;23;;jah
1975-09-03;24,9;23;;jah
1975-09-04;24,8;23;;jah
1975-09-05;24,7;24;;jah
1975-09-06;24,6;26;;jah
1975-09-07;24,5;27;;jah
1975-09-08;24,5;22;;jah
1975-09-09;24,4;17;;jah
1975-09-10;24,4;18;;jah
1975-09-11;24,3;19;;jah
1975-09-12;24,2;20;;jah
1975-09-13;24,2;20;;jah
1975-09-14;24,2;20;;jah
1975-09-15;24,2;18;;jah
1975-09-16;24,2;16;;jah
1975-09-17;24,2;12;;jah
1975-09-18;24,3;12;;jah
1975-09-19;24,3;12;;jah
1975-09-20;24,3;14;;jah
1975-09-21;24,3;14;;jah
1975-09-22;24,3;11;;jah
1975-09-23;24,4;8;;jah
1975-09-24;24,4;8;;jah
1975-09-25;24,4;8;;jah
1975-09-26;24,2;10;;jah
1975-09-27;24;11;;jah
1975-09-28;23,9;9;;jah
1975-09-29;23,7;4;;jah
1975-09-30;23,5;8;;jah
1975-10-01;23,4;8;;jah
1975-10-02;23,2;9;;jah
1975-10-03;22,9;8;;jah
1975-10-04;22,8;8;;jah
1975-10-05;22,7;9;;jah
1975-10-06;22,6;3;;jah
1975-10-07;22,5;4;;jah
1975-10-08;22,4;6;;jah
1975-10-09;22,3;8;;jah
1975-10-10;22,2;8;;jah
1975-10-11;22,1;4;;jah
1975-10-12;22;0;;jah
1975-10-13;22;0;;jah
1975-10-14;21,9;0;;jah
1975-10-15;21,9;3;;jah
1975-10-16;21,8;4;;jah
1975-10-17;21,8;2;;jah
1975-10-18;21,8;2;;jah
1975-10-19;21,7;2;;jah
1975-10-20;21,6;3;;jah
1975-10-21;21,5;0;;jah
1975-10-22;21,4;0;;jah
1975-10-23;21,3;-3;;jah
1975-10-24;21,2;-4;;jah
1975-10-25;21,1;-4;;jah
1975-10-26;21;-6;;jah
1975-10-27;21;-7;;jah
1975-10-28;20,9;-4;;jah
1975-10-29;20,8;-7;;jah
1975-10-30;20,7;-4;;jah
1975-10-31;20,7;-8;;jah
1975-11-01;20,4;-6;;jah
1975-11-02;20,4;-6;;jah
1975-11-03;20,5;-7;;jah
1975-11-04;20,5;-7;;jah
1975-11-05;20,5;-5;;jah
1975-11-06;20,5;-6;;jah
1975-11-07;20,4;-6;;jah
1975-11-08;20,4;-6;;jah
1975-11-09;20,4;-9;;jah
1975-11-10;20,4;-8;;jah
1975-11-11;20,4;-6;;jah
1975-11-12;20,3;-7;;jah
1975-11-13;20,3;-8;;jah
1975-11-14;20,3;-9;;jah
1975-11-15;20,4;-10;;jah
1975-11-16;20,5;-10;;jah
1975-11-17;20,6;-8;;jah
1975-11-18;20,7;-12;;jah
1975-11-19;20,8;-12;;jah
1975-11-20;20,9;-10;;jah
1975-11-21;21;1;;jah
1975-11-22;21;3;;jah
1975-11-23;21;-1;;jah
1975-11-24;21;-18;;jah
1975-11-25;21;-21;;jah
1975-11-26;21;-22;;jah
1975-11-27;21;-24;;jah
1975-11-28;21;-23;;jah
1975-11-29;21;-20;;jah
1975-11-30;21;-7;;jah
1975-12-01;21,2;-2;;jah
1975-12-02;21,3;0;;jah
1975-12-03;21,4;-2;;jah
1975-12-04;21,5;0;;jah
1975-12-05;21,6;1;;jah
1975-12-06;21,7;0;;jah
1975-12-07;21,9;1;;jah
1975-12-08;22;4;;jah
1975-12-09;22,1;10;;jah
1975-12-10;22,2;16;;jah
1975-12-11;22,3;18;;jah
1975-12-12;22,4;21;;jah
1975-12-13;22,5;25;;jah
1975-12-14;22,7;14;;jah
1975-12-15;23;13;;jah
1975-12-16;23,3;12;;jah
1975-12-17;23,6;20;;jah
1975-12-18;23,9;24;;jah
1975-12-19;24,2;25;;jah
1975-12-20;24,6;24;;jah
1975-12-21;24,9;22;;jah
1975-12-22;25,3;21;;jah
1975-12-23;25,7;22;;jah
1975-12-24;26;25;;jah
1975-12-25;26,5;26;;jah
1975-12-26;26,9;26;;jah
1975-12-27;27,3;26;;jah
1975-12-28;27,8;28;;jah
1975-12-29;28,3;30;;jah
1975-12-30;28,8;36;;jah
1975-12-31;29,4;49;;jah
1976-01-01;29,8;56;;jah
1976-01-02;30,1;73;;jah
1976-01-03;30,5;74;;jah
1976-01-04;30,6;76;;jah
1976-01-05;30,1;72;;jah
1976-01-06;28,9;62;;jah
1976-01-07;27,7;52;;jah
1976-01-08;27,2;48;;jah
1976-01-09;26,6;46;;jah
1976-01-10;26,3;44;;jah
1976-01-11;26;40;;jah
1976-01-12;25,6;40;;jah
1976-01-13;25,5;38;;jah
1976-01-14;25,6;37;;jah
1976-01-15;25,7;36;;jah
1976-01-16;26,2;35;;jah
1976-01-17;26,5;32;;jah
1976-01-18;27,3;30;;jah
1976-01-19;28,2;32;;jah
1976-01-20;29,5;32;;jah
1976-01-21;30,5;34;;jah
1976-01-22;31,7;33;;jah
1976-01-23;32,1;40;;jah
1976-01-24;32,3;43;;jah
1976-01-25;32,1;42;;jah
1976-01-26;32;43;;jah
1976-01-27;31,8;42;;jah
1976-01-28;31,7;44;;jah
1976-01-29;31,3;44;;jah
1976-01-30;31,1;42;;jah
1976-01-31;30,9;42;;jah
1976-02-01;30,4;41;;jah
1976-02-02;29,8;38;;jah
1976-02-03;29,6;36;;jah
1976-02-04;29,4;37;;jah
1976-02-05;29,2;36;;jah
1976-02-06;28,9;34;;jah
1976-02-07;28,6;34;;jah
1976-02-08;28,4;36;;jah
1976-02-09;28,2;38;;jah
1976-02-10;27,9;40;;jah
1976-02-11;27,6;40;;jah
1976-02-12;27,4;39;;jah
1976-02-13;27,3;36;;jah
1976-02-14;27,2;36;;jah
1976-02-15;27,1;38;;jah
1976-02-16;27,2;38;;jah
1976-02-17;27,4;38;;jah
1976-02-18;27,5;40;;jah
1976-02-19;27,7;40;;jah
1976-02-20;27,9;42;;jah
1976-02-21;28,2;42;;jah
1976-02-22;28,4;41;;jah
1976-02-23;28,7;40;;jah
1976-02-24;29;39;;jah
1976-02-25;29,6;39;;jah
1976-02-26;30,2;42;;jah
1976-02-27;31;49;;jah
1976-02-28;32,7;54;;jah
1976-02-29;34;57;;jah
1976-03-01;35;60;;jah
1976-03-02;36,7;70;;jah
1976-03-03;36,2;74;;jah
1976-03-04;35,6;69;;jah
1976-03-05;35;63;;jah
1976-03-06;34,5;55;;jah
1976-03-07;34;47;;jah
1976-03-08;33,4;43;;jah
1976-03-09;32,8;44;;jah
1976-03-10;32,3;42;;jah
1976-03-11;31,8;39;;jah
1976-03-12;31,2;38;;jah
1976-03-13;31,5;38;;jah
1976-03-14;31,8;36;;jah
1976-03-15;32;26;;jah
1976-03-16;32,3;25;;jah
1976-03-17;32,6;24;;jah
1976-03-18;32,8;22;;jah
1976-03-19;33,1;20;;jah
1976-03-20;33,4;19;;jah
1976-03-21;33,7;18;;jah
1976-03-22;34;16;;jah
1976-03-23;34,2;14;;jah
1976-03-24;34,5;13;;jah
1976-03-25;34,5;13;;jah
1976-03-26;34,5;13;;jah
1976-03-27;34,5;13;;jah
1976-03-28;35;14;;jah
1976-03-29;45,5;34;;jah
1976-03-30;74,6;84;;jah
1976-03-31;80;91;;jah
1976-04-01;81,9;94;;jah
1976-04-02;81,5;93;;jah
1976-04-03;83,1;96;;jah
1976-04-04;87,2;102;;jah
1976-04-05;90;106;;jah
1976-04-06;92,7;110;;jah
1976-04-07;107;130;;jah
1976-04-08;112;136;;jah
1976-04-09;117;140;;jah
1976-04-10;117;140;;jah
1976-04-11;117;140;;jah
1976-04-12;117;140;;jah
1976-04-13;114;139;;jah
1976-04-14;114;139;;jah
1976-04-15;114;140;;jah
1976-04-16;114;140;;jah
1976-04-17;114;140;;jah
1976-04-18;115;141;;jah
1976-04-19;115;142;;jah
1976-04-20;115;144;;jah
1976-04-21;115;144;;jah
1976-04-22;115;144;;jah
1976-04-23;108;142;;jah
1976-04-24;106;141;;jah
1976-04-25;105;140;;jah
1976-04-26;105;140;;jah
1976-04-27;101;136;;jah
1976-04-28;98;132;;jah
1976-04-29;94,9;128;;jah
1976-04-30;90;122;;jah
1976-05-01;82;112;;jah
1976-05-02;80,5;110;;jah
1976-05-03;78,4;107;;jah
1976-05-04;76,4;105;;jah
1976-05-05;74,5;102;;jah
1976-05-06;74;101;;jah
1976-05-07;73,2;100;;jah
1976-05-08;71,8;99;;jah
1976-05-09;73,2;100;;jah
1976-05-10;73,2;100;;jah
1976-05-11;70;95;;jah
1976-05-12;70;95;;jah
1976-05-13;69,2;94;;jah
1976-05-14;67,9;92;;jah
1976-05-15;66,6;90;;jah
1976-05-16;65,5;88;;jah
1976-05-17;63,8;85;;jah
1976-05-18;63;84;;jah
1976-05-19;62;82;;jah
1976-05-20;61,5;81;;jah
1976-05-21;61,5;81;;jah
1976-05-22;60,5;79;;jah
1976-05-23;57,9;74;;jah
1976-05-24;57,3;73;;jah
1976-05-25;56,3;71;;jah
1976-05-26;55,9;70;;jah
1976-05-27;56,9;72;;jah
1976-05-28;56,9;72;;jah
1976-05-29;57,3;73;;jah
1976-05-30;57;72;;jah
1976-05-31;53,1;64;;jah
1976-06-01;53;64;;jah
1976-06-02;53,5;65;;jah
1976-06-03;53,5;65;;jah
1976-06-04;53;63;;jah
1976-06-05;51,9;61;;jah
1976-06-06;51;62;;jah
1976-06-07;50,5;63;;jah
1976-06-08;49,8;62;;jah
1976-06-09;49,2;60;;jah
1976-06-10;48,7;55;;jah
1976-06-11;48,3;55;;jah
1976-06-12;48;53;;jah
1976-06-13;47,9;52;;jah
1976-06-14;47,7;50;;jah
1976-06-15;47,9;52;;jah
1976-06-16;48,2;55;;jah
1976-06-17;48,8;60;;jah
1976-06-18;46,9;54;;jah
1976-06-19;46,9;54;;jah
1976-06-20;47,5;59;;jah
1976-06-21;47,7;61;;jah
1976-06-22;47,6;60;;jah
1976-06-23;47,9;62;;jah
1976-06-24;48;63;;jah
1976-06-25;47,4;62;;jah
1976-06-26;46,9;60;;jah
1976-06-27;46,3;58;;jah
1976-06-28;45,8;55;;jah
1976-06-29;45,2;52;;jah
1976-06-30;44,6;50;;jah
1976-07-01;44,1;49;;jah
1976-07-02;43,5;46;;jah
1976-07-03;43;44;;jah
1976-07-04;42,4;46;;jah
1976-07-05;41,8;47;;jah
1976-07-06;41,3;44;;jah
1976-07-07;40,7;44;;jah
1976-07-08;40,1;44;;jah
1976-07-09;39,6;45;;jah
1976-07-10;39;46;;jah
1976-07-11;38,5;44;;jah
1976-07-12;37,9;44;;jah
1976-07-13;37,4;44;;jah
1976-07-14;36,8;44;;jah
1976-07-15;36,2;42;;jah
1976-07-16;35,7;42;;jah
1976-07-17;35,3;41;;jah
1976-07-18;34,5;39;;jah
1976-07-19;34,5;39;;jah
1976-07-20;34,2;38;;jah
1976-07-21;34,2;38;;jah
1976-07-22;34,2;38;;jah
1976-07-23;34,2;38;;jah
1976-07-24;34,5;39;;jah
1976-07-25;34,2;38;;jah
1976-07-26;34,2;38;;jah
1976-07-27;33,5;36;;jah
1976-07-28;32,7;34;;jah
1976-07-29;32,5;33;;jah
1976-07-30;32;32;;jah
1976-07-31;32;32;;jah
1976-08-01;32;32;;jah
1976-08-02;32;32;;jah
1976-08-03;32;32;;jah
1976-08-04;32,7;34;;jah
1976-08-05;32,5;33;;jah
1976-08-06;32;32;;jah
1976-08-07;31,4;30;;jah
1976-08-08;32;32;;jah
1976-08-09;32;32;;jah
1976-08-10;31,4;30;;jah
1976-08-11;31,6;31;;jah
1976-08-12;31,4;30;;jah
1976-08-13;30,7;28;;jah
1976-08-14;29,7;26;;jah
1976-08-15;29,7;26;;jah
1976-08-16;29,7;26;;jah
1976-08-17;29,5;25;;jah
1976-08-18;29;24;;jah
1976-08-19;28,6;23;;jah
1976-08-20;29;24;;jah
1976-08-21;29;24;;jah
1976-08-22;27,9;20;;jah
1976-08-23;27,9;20;;jah
1976-08-24;27,1;16;;jah
1976-08-25;26,8;14;;jah
1976-08-26;27,5;18;;jah
1976-08-27;29;24;;jah
1976-08-28;27,3;17;;jah
1976-08-29;26,8;14;;jah
1976-08-30;26,5;13;;jah
1976-08-31;26,5;13;;jah
1976-09-01;26,8;14;;jah
1976-09-02;26,5;13;;jah
1976-09-03;27,2;16;;jah
1976-09-04;27,5;18;;jah
1976-09-05;26,5;13;;jah
1976-09-06;26,3;12;;jah
1976-09-07;26,3;12;;jah
1976-09-08;26,3;12;;jah
1976-09-09;26;10;;jah
1976-09-10;26,5;13;;jah
1976-09-11;26,3;12;;jah
1976-09-12;26,2;11;;jah
1976-09-13;26,2;11;;jah
1976-09-14;26,3;12;;jah
1976-09-15;26,3;12;;jah
1976-09-16;26,2;11;;jah
1976-09-17;27,3;17;;jah
1976-09-18;26,5;13;;jah
1976-09-19;26,3;12;;jah
1976-09-20;25,5;8;;jah
1976-09-21;25,1;6;;jah
1976-09-22;25,5;8;;jah
1976-09-23;24,7;4;;jah
1976-09-24;24,7;4;;jah
1976-09-25;25,1;6;;jah
1976-09-26;25,1;6;;jah
1976-09-27;24,5;3;;jah
1976-09-28;24,3;2;;jah
1976-09-29;24,3;2;;jah
1976-09-30;24,3;2;;jah
1976-10-01;24;0;;jah
1976-10-02;23,8;-1;;jah
1976-10-03;23,7;-2;;jah
1976-10-04;23,7;0;;jah
1976-10-05;23,7;2;;jah
1976-10-06;24;-1;;jah
1976-10-07;24,1;0;;jah
1976-10-08;24,4;2;;jah
1976-10-09;24,6;0;;jah
1976-10-10;25;1;;jah
1976-10-11;25,4;2;;jah
1976-10-12;25,8;4;;jah
1976-10-13;26,2;11;;jah
1976-10-14;26;10;;jah
1976-10-15;25,8;4;;jah
1976-10-16;25,4;1;;jah
1976-10-17;25;0;;jah
1976-10-18;24,7;-2;;jah
1976-10-19;24,3;-7;;jah
1976-10-20;24,1;-8;;jah
1976-10-21;23,8;-6;;jah
1976-10-22;23,8;0;;jah
1976-10-23;23,8;3;;jah
1976-10-24;23,8;2;;jah
1976-10-25;23,8;2;;jah
1976-10-26;23,8;1;;jah
1976-10-27;23,8;0;;jah
1976-10-28;23,8;-5;;jah
1976-10-29;23,8;-8;;jah
1976-10-30;23,8;-7;;jah
1976-10-31;23,8;-6;;jah
1976-11-01;23,8;-2;;jah
1976-11-02;23,8;-6;;jah
1976-11-03;23,8;-7;;jah
1976-11-04;23,8;-8;;jah
1976-11-05;23,8;-8;;jah
1976-11-06;23,9;-4;;jah
1976-11-07;23,9;-2;;jah
1976-11-08;23,9;5;;jah
1976-11-09;24;4;;jah
1976-11-10;24;-4;;jah
1976-11-11;24;-4;;jah
1976-11-12;24;-3;;jah
1976-11-13;24;-2;;jah
1976-11-14;24;-4;;jah
1976-11-15;24;-3;;jah
1976-11-16;24;1;;jah
1976-11-17;24;3;;jah
1976-11-18;24;3;;jah
1976-11-19;24;0;;jah
1976-11-20;24;-2;;jah
1976-11-21;24;-5;;jah
1976-11-22;24;-4;;jah
1976-11-23;23,9;-6;;jah
1976-11-24;23,7;-8;;jah
1976-11-25;23,6;-11;;jah
1976-11-26;23,5;-14;;jah
1976-11-27;23,4;-20;;jah
1976-11-28;23,5;-14;;jah
1976-11-29;23,9;-7;;jah
1976-11-30;24,8;-2;;jah
1976-12-01;28,5;0;;jah
1976-12-02;32,4;2;;jah
1976-12-03;35,5;2;;jah
1976-12-04;37,8;8;;jah
1976-12-05;38,6;19;;jah
1976-12-06;37,6;18;;jah
1976-12-07;36,7;19;;jah
1976-12-08;35,8;18;;jah
1976-12-09;34,8;20;;jah
1976-12-10;33,8;18;;jah
1976-12-11;32,9;15;;jah
1976-12-12;32;16;;jah
1976-12-13;31;15;;jah
1976-12-14;30;10;;jah
1976-12-15;29,1;13;;jah
1976-12-16;28,2;14;;jah
1976-12-17;27,2;13;;jah
1976-12-18;26,2;12;;jah
1976-12-19;25,3;9;;jah
1976-12-20;24,4;0;;jah
1976-12-21;23;-3;;jah
1976-12-22;21,6;-3;;jah
1976-12-23;21,5;1;;jah
1976-12-24;21,4;3;;jah
1976-12-25;21,3;1;;jah
1976-12-26;21,4;2;;jah
1976-12-27;21,5;3;;jah
1976-12-28;21,7;4;;jah
1976-12-29;22;9;;jah
1976-12-30;22,2;9;;jah
1976-12-31;22,4;8;;jah
1977-01-01;21,6;8;;jah
1977-01-02;21,7;9;;jah
1977-01-03;21,7;8;;jah
1977-01-04;21,8;10;;jah
1977-01-05;21,8;11;;jah
1977-01-06;21,9;12;;jah
1977-01-07;22,1;14;;jah
1977-01-08;22,5;14;;jah
1977-01-09;22,8;14;;jah
1977-01-10;23,3;13;;jah
1977-01-11;23,8;12;;jah
1977-01-12;24,2;14;;jah
1977-01-13;24,6;14;;jah
1977-01-14;24,9;14;;jah
1977-01-15;25,1;14;;jah
1977-01-16;25,3;13;;jah
1977-01-17;25,1;12;;jah
1977-01-18;24,6;11;;jah
1977-01-19;24,3;10;;jah
1977-01-20;23,8;10;;jah
1977-01-21;23,3;10;;jah
1977-01-22;23;10;;jah
1977-01-23;22,5;9;;jah
1977-01-24;22,2;9;;jah
1977-01-25;22,1;9;;jah
1977-01-26;22,4;10;;jah
1977-01-27;22,5;10;;jah
1977-01-28;22,6;13;;jah
1977-01-29;22,7;13;;jah
1977-01-30;22,8;12;;jah
1977-01-31;23;12;;jah
1977-02-01;23,1;14;;jah
1977-02-02;23,3;15;;jah
1977-02-03;23,4;15;;jah
1977-02-04;23,6;16;;jah
1977-02-05;23,4;17;;jah
1977-02-06;23,4;16;;jah
1977-02-07;23,3;15;;jah
1977-02-08;23,1;15;;jah
1977-02-09;22,7;16;;jah
1977-02-10;22,1;17;;jah
1977-02-11;21,8;16;;jah
1977-02-12;21,6;14;;jah
1977-02-13;21,4;12;;jah
1977-02-14;21,2;9;;jah
1977-02-15;21,1;9;;jah
1977-02-16;21,3;10;;jah
1977-02-17;21,8;12;;jah
1977-02-18;22,4;13;;jah
1977-02-19;22,8;16;;jah
1977-02-20;23,2;17;;jah
1977-02-21;23,6;18;;jah
1977-02-22;24;19;;jah
1977-02-23;24,4;18;;jah
1977-02-24;24,6;18;;jah
1977-02-25;24,3;17;;jah
1977-02-26;24;18;;jah
1977-02-27;23,8;18;;jah
1977-02-28;23,5;17;;jah
1977-03-01;23,2;15;;jah
1977-03-02;23;16;;jah
1977-03-03;22,8;16;;jah
1977-03-04;22,6;16;;jah
1977-03-05;22,6;16;;jah
1977-03-06;22,6;16;;jah
1977-03-07;21;14;;jah
1977-03-08;22,6;16;;jah
1977-03-09;25;18;;jah
1977-03-10;26,6;20;;jah
1977-03-11;28;22;;jah
1977-03-12;26,6;20;;jah
1977-03-13;23,8;17;;jah
1977-03-14;22,6;16;;jah
1977-03-15;22,6;16;;jah
1977-03-16;28;22;;jah
1977-03-17;33,7;30;;jah
1977-03-18;38;36;;jah
1977-03-19;39,3;38;;jah
1977-03-20;45;46;;jah
1977-03-21;45;46;;jah
1977-03-22;43;43;;jah
1977-03-23;39,3;38;;jah
1977-03-24;39,3;38;;jah
1977-03-25;42,3;42;;jah
1977-03-26;46,4;48;;jah
1977-03-27;50,6;54;;jah
1977-03-28;50,6;54;;jah
1977-03-29;45;46;;jah
1977-03-30;53,5;58;;jah
1977-03-31;51,7;64;;jah
1977-04-01;49,5;58;;jah
1977-04-02;46,6;46;;jah
1977-04-03;45,6;47;;jah
1977-04-04;47;49;;jah
1977-04-05;46,5;48;;jah
1977-04-06;49,4;52;;jah
1977-04-07;53;57;;jah
1977-04-08;60,6;68;;jah
1977-04-09;65;74;;jah
1977-04-10;66,5;76;;jah
1977-04-11;68;78;;jah
1977-04-12;80,1;97;;jah
1977-04-13;85,2;112;;jah
1977-04-14;88,2;120;;jah
1977-04-15;91;127;;jah
1977-04-16;94;135;;jah
1977-04-17;100;141;;jah
1977-04-18;107;146;;jah
1977-04-19;113;150;;jah
1977-04-20;118;152;;jah
1977-04-21;121;154;;jah
1977-04-22;121;155;;jah
1977-04-23;122;156;;jah
1977-04-24;122;156;;jah
1977-04-25;122;157;;jah
1977-04-26;122;157;;jah
1977-04-27;122;157;;jah
1977-04-28;121;156;;jah
1977-04-29;120;156;;jah
1977-04-30;119;156;;jah
1977-05-01;116;156;;jah
1977-05-02;113;156;;jah
1977-05-03;110;154;;jah
1977-05-04;107;150;;jah
1977-05-05;104;146;;jah
1977-05-06;99,4;142;;jah
1977-05-07;92,2;136;;jah
1977-05-08;88;132;;jah
1977-05-09;83,3;127;;jah
1977-05-10;78,6;122;;jah
1977-05-11;75;118;;jah
1977-05-12;73;115;;jah
1977-05-13;70,5;112;;jah
1977-05-14;68,3;109;;jah
1977-05-15;66;106;;jah
1977-05-16;64;103;;jah
1977-05-17;63,7;102;;jah
1977-05-18;62;100;;jah
1977-05-19;62;100;;jah
1977-05-20;60,9;98;;jah
1977-05-21;60,1;97;;jah
1977-05-22;60,9;98;;jah
1977-05-23;61,4;99;;jah
1977-05-24;60;97;;jah
1977-05-25;60,9;98;;jah
1977-05-26;60;97;;jah
1977-05-27;56;90;;jah
1977-05-28;54,6;87;;jah
1977-05-29;55;88;;jah
1977-05-30;55;88;;jah
1977-05-31;55;88;;jah
1977-06-01;54,2;86;;jah
1977-06-02;54,2;86;;jah
1977-06-03;54,6;88;;jah
1977-06-04;53,8;85;;jah
1977-06-05;53,4;84;;jah
1977-06-06;52,9;83;;jah
1977-06-07;52,4;81;;jah
1977-06-08;52;79;;jah
1977-06-09;51,4;81;;jah
1977-06-10;51,1;79;;jah
1977-06-11;50,2;78;;jah
1977-06-12;49,4;74;;jah
1977-06-13;48,7;74;;jah
1977-06-14;47,7;73;;jah
1977-06-15;46,8;73;;jah
1977-06-16;45,4;72;;jah
1977-06-17;45;72;;jah
1977-06-18;44,2;72;;jah
1977-06-19;43,6;70;;jah
1977-06-20;42,8;69;;jah
1977-06-21;42,2;67;;jah
1977-06-22;41,5;65;;jah
1977-06-23;41,2;64;;jah
1977-06-24;40,6;64;;jah
1977-06-25;40,4;63;;jah
1977-06-26;40;61;;jah
1977-06-27;39,6;62;;jah
1977-06-28;39,2;56;;jah
1977-06-29;39;57;;jah
1977-06-30;38,8;58;;jah
1977-07-01;38,5;56;;jah
1977-07-02;38,3;56;;jah
1977-07-03;38;56;;jah
1977-07-04;37,8;54;;jah
1977-07-05;37,6;56;;jah
1977-07-06;37,8;56;;jah
1977-07-07;38,1;56;;jah
1977-07-08;38,7;58;;jah
1977-07-09;39,3;52;;jah
1977-07-10;39,4;50;;jah
1977-07-11;39,2;50;;jah
1977-07-12;38,5;44;;jah
1977-07-13;38;43;;jah
1977-07-14;37,5;44;;jah
1977-07-15;37,2;42;;jah
1977-07-16;37;42;;jah
1977-07-17;36,8;42;;jah
1977-07-18;36,6;40;;jah
1977-07-19;36,5;40;;jah
1977-07-20;36,3;39;;jah
1977-07-21;36,1;39;;jah
1977-07-22;36;40;;jah
1977-07-23;35,8;38;;jah
1977-07-24;35,5;38;;jah
1977-07-25;35,4;37;;jah
1977-07-26;35,3;41;;jah
1977-07-27;35,2;42;;jah
1977-07-28;35,3;40;;jah
1977-07-29;35,6;42;;jah
1977-07-30;37;44;;jah
1977-07-31;39,6;46;;jah
1977-08-01;41;47;;jah
1977-08-02;41,9;46;;jah
1977-08-03;41,2;46;;jah
1977-08-04;40,6;45;;jah
1977-08-05;40;44;;jah
1977-08-06;39,1;42;;jah
1977-08-07;38,6;42;;jah
1977-08-08;38,2;41;;jah
1977-08-09;37,8;40;;jah
1977-08-10;37,6;40;;jah
1977-08-11;37,6;40;;jah
1977-08-12;37,6;42;;jah
1977-08-13;37,6;44;;jah
1977-08-14;37,6;48;;jah
1977-08-15;37,6;44;;jah
1977-08-16;37,2;40;;jah
1977-08-17;36,6;38;;jah
1977-08-18;36;36;;jah
1977-08-19;35,5;35;;jah
1977-08-20;35,2;35;;jah
1977-08-21;34,8;32;;jah
1977-08-22;34,6;32;;jah
1977-08-23;34,3;32;;jah
1977-08-24;34,2;30;;jah
1977-08-25;33,9;28;;jah
1977-08-26;33,7;28;;jah
1977-08-27;33,6;27;;jah
1977-08-28;33,5;28;;jah
1977-08-29;33,2;26;;jah
1977-08-30;32,6;25;;jah
1977-08-31;32,2;24;;jah
1977-09-01;31,7;26;;jah
1977-09-02;31,2;26;;jah
1977-09-03;30,4;25;;jah
1977-09-04;30,1;26;;jah
1977-09-05;30;26;;jah
1977-09-06;29,9;22;;jah
1977-09-07;29,8;18;;jah
1977-09-08;29,7;22;;jah
1977-09-09;29,5;22;;jah
1977-09-10;29,5;24;;jah
1977-09-11;29,5;22;;jah
1977-09-12;30;22;;jah
1977-09-13;32;21;;jah
1977-09-14;34,6;23;;jah
1977-09-15;35,4;27;;jah
1977-09-16;35,5;31;;jah
1977-09-17;35,3;30;;jah
1977-09-18;35;28;;jah
1977-09-19;34,4;30;;jah
1977-09-20;33,7;31;;jah
1977-09-21;33,2;29;;jah
1977-09-22;32,8;31;;jah
1977-09-23;32,7;29;;jah
1977-09-24;32,6;28;;jah
1977-09-25;32,5;26;;jah
1977-09-26;32,4;25;;jah
1977-09-27;32,3;24;;jah
1977-09-28;32,2;22;;jah
1977-09-29;32,3;22;;jah
1977-09-30;32,4;22;;jah
1977-10-01;32,6;24;;jah
1977-10-02;33,1;28;;jah
1977-10-03;34,2;29;;jah
1977-10-04;35,8;32;;jah
1977-10-05;36,1;36;;jah
1977-10-06;36,6;39;;jah
1977-10-07;36,9;40;;jah
1977-10-08;37,1;40;;jah
1977-10-09;37,3;39;;jah
1977-10-10;37,5;37;;jah
1977-10-11;37,7;38;;jah
1977-10-12;37,9;38;;jah
1977-10-13;38;37;;jah
1977-10-14;38,3;38;;jah
1977-10-15;38,6;37;;jah
1977-10-16;38,9;34;;jah
1977-10-17;39,4;40;;jah
1977-10-18;39,9;39;;jah
1977-10-19;40,3;42;;jah
1977-10-20;41,3;44;;jah
1977-10-21;42;42;;jah
1977-10-22;42,6;42;;jah
1977-10-23;44;41;;jah
1977-10-24;45,8;41;;jah
1977-10-25;47,5;43;;jah
1977-10-26;49;47;;jah
1977-10-27;50;51;;jah
1977-10-28;50;54;;jah
1977-10-29;49,2;53;;jah
1977-10-30;47,8;53;;jah
1977-10-31;46,6;54;;jah
1977-11-01;44,6;54;;jah
1977-11-02;44;53;;jah
1977-11-03;44,6;54;;jah
1977-11-04;44,6;54;;jah
1977-11-05;43;51;;jah
1977-11-06;42,5;50;;jah
1977-11-07;43;51;;jah
1977-11-08;42,5;50;;jah
1977-11-09;44,6;54;;jah
1977-11-10;43,5;52;;jah
1977-11-11;43,5;52;;jah
1977-11-12;42,4;50;;jah
1977-11-13;42,4;50;;jah
1977-11-14;43,5;52;;jah
1977-11-15;44,6;54;;jah
1977-11-16;47,5;58;;jah
1977-11-17;53,3;66;;jah
1977-11-18;56,3;70;;jah
1977-11-19;57,5;72;;jah
1977-11-20;59,1;74;;jah
1977-11-21;62,6;79;;jah
1977-11-22;68,3;88;;jah
1977-11-23;69,5;91;;jah
1977-11-24;71,1;94;;jah
1977-11-25;71,5;95;;jah
1977-11-26;72;96;;jah
1977-11-27;72;96;;jah
1977-11-28;71,9;96;;jah
1977-11-29;70,4;90;;jah
1977-11-30;68;86;;jah
1977-12-01;65;81;;jah
1977-12-02;55;88;;jah
1977-12-03;47,5;87;;jah
1977-12-04;37,6;86;;jah
1977-12-05;31,5;86;;jah
1977-12-06;30,5;98;;jah
1977-12-07;30,7;88;;jah
1977-12-08;30,9;74;;jah
1977-12-09;31,4;60;;jah
1977-12-10;31,7;57;;jah
1977-12-11;32,4;58;;jah
1977-12-12;32,6;58;;jah
1977-12-13;33,2;56;;jah
1977-12-14;33,7;56;;jah
1977-12-15;34;58;;jah
1977-12-16;34,7;62;;jah
1977-12-17;35,2;65;;jah
1977-12-18;35,8;70;;jah
1977-12-19;36,3;72;;jah
1977-12-20;37,1;74;;jah
1977-12-21;38;76;;jah
1977-12-22;38,8;76;;jah
1977-12-23;39,8;74;;jah
1977-12-24;40,8;72;;jah
1977-12-25;42;74;;jah
1977-12-26;42,8;73;;jah
1977-12-27;43;73;;jah
1977-12-28;43;73;;jah
1977-12-29;43;72;;jah
1977-12-30;43;70;;jah
1977-12-31;42,9;72;;jah
1978-01-01;42,9;74;;jah
1978-01-02;42,8;76;;jah
1978-01-03;42,8;78;;jah
1978-01-04;42,9;79;;jah
1978-01-05;43;78;;jah
1978-01-06;43,2;76;;jah
1978-01-07;43,4;75;;jah
1978-01-08;43,6;76;;jah
1978-01-09;44;80;;jah
1978-01-10;44,6;86;;jah
1978-01-11;44,7;88;;jah
1978-01-12;45;91;;jah
1978-01-13;45,2;90;;jah
1978-01-14;45,4;89;;jah
1978-01-15;45,8;89;;jah
1978-01-16;46;89;;jah
1978-01-17;46,2;88;;jah
1978-01-18;46,4;84;;jah
1978-01-19;43,6;80;;jah
1978-01-20;38,4;71;;jah
1978-01-21;34,5;62;;jah
1978-01-22;33,1;58;;jah
1978-01-23;31,7;54;;jah
1978-01-24;31,7;54;;jah
1978-01-25;33,9;60;;jah
1978-01-26;35,4;64;;jah
1978-01-27;40,4;75;;jah
1978-01-28;45,5;82;;jah
1978-01-29;42,3;78;;jah
1978-01-30;40,9;76;;jah
1978-01-31;39,8;74;;jah
1978-02-01;36,1;66;;jah
1978-02-02;34,5;62;;jah
1978-02-03;34,2;61;;jah
1978-02-04;32,5;56;;jah
1978-02-05;30,4;50;;jah
1978-02-06;30,4;50;;jah
1978-02-07;31,7;54;;jah
1978-02-08;33,2;58;;jah
1978-02-09;34,5;62;;jah
1978-02-10;35,4;64;;jah
1978-02-11;37;68;;jah
1978-02-12;37,3;69;;jah
1978-02-13;38,4;70;;jah
1978-02-14;38,6;71;;jah
1978-02-15;38,2;68;;jah
1978-02-16;37,5;68;;jah
1978-02-17;36,9;67;;jah
1978-02-18;36,3;68;;jah
1978-02-19;35,9;68;;jah
1978-02-20;35,5;68;;jah
1978-02-21;35,1;69;;jah
1978-02-22;35,1;70;;jah
1978-02-23;35,1;68;;jah
1978-02-24;35,3;67;;jah
1978-02-25;35,6;68;;jah
1978-02-26;36;68;;jah
1978-02-27;36,3;70;;jah
1978-02-28;36,5;73;;jah
1978-03-01;37;77;;jah
1978-03-02;37,9;77;;jah
1978-03-03;38,6;77;;jah
1978-03-04;40;76;;jah
1978-03-05;41,3;76;;jah
1978-03-06;42,8;78;;jah
1978-03-07;43,9;79;;jah
1978-03-08;45,1;79;;jah
1978-03-09;45,8;78;;jah
1978-03-10;45,8;74;;jah
1978-03-11;45,7;70;;jah
1978-03-12;45,3;62;;jah
1978-03-13;44,8;60;;jah
1978-03-14;44,2;57;;jah
1978-03-15;43,8;54;;jah
1978-03-16;43,8;54;;jah
1978-03-17;47,4;64;;jah
1978-03-18;52,4;76;;jah
1978-03-19;55,8;84;;jah
1978-03-20;55,8;84;;jah
1978-03-21;61,6;96;;jah
1978-03-22;63,6;100;;jah
1978-03-23;55,4;83;;jah
1978-03-24;50,4;71;;jah
1978-03-25;47,8;65;;jah
1978-03-26;47,4;64;;jah
1978-03-27;49,8;70;;jah
1978-03-28;57,7;88;;jah
1978-03-29;68,9;110;;jah
1978-03-30;90,2;149;;jah
1978-03-31;105;168;;jah
1978-04-01;109;178;;jah
1978-04-02;117;181;;jah
1978-04-03;111;175;;jah
1978-04-04;113;177;;jah
1978-04-05;112;176;;jah
1978-04-06;110;174;;jah
1978-04-07;114;178;;jah
1978-04-08;116;180;;jah
1978-04-09;116;180;;jah
1978-04-10;114;178;;jah
1978-04-11;114;178;;jah
1978-04-12;114;178;;jah
1978-04-13;116;180;;jah
1978-04-14;120;184;;jah
1978-04-15;126;190;;jah
1978-04-16;137;202;;jah
1978-04-17;139;208;;jah
1978-04-18;140;212;;jah
1978-04-19;139;214;;jah
1978-04-20;138;214;;jah
1978-04-21;138;217;;jah
1978-04-22;137;218;;jah
1978-04-23;136;218;;jah
1978-04-24;136;218;;jah
1978-04-25;135;218;;jah
1978-04-26;135;219;;jah
1978-04-27;134;220;;jah
1978-04-28;134;218;;jah
1978-04-29;134;218;;jah
1978-04-30;133;217;;jah
1978-05-01;130;214;;jah
1978-05-02;127;212;;jah
1978-05-03;125;210;;jah
1978-05-04;118;204;;jah
1978-05-05;117;203;;jah
1978-05-06;109;196;;jah
1978-05-07;106;192;;jah
1978-05-08;102;188;;jah
1978-05-09;95;181;;jah
1978-05-10;93;179;;jah
1978-05-11;92,2;178;;jah
1978-05-12;87,5;172;;jah
1978-05-13;84,5;168;;jah
1978-05-14;84,5;168;;jah
1978-05-15;86;170;;jah
1978-05-16;89;174;;jah
1978-05-17;92;178;;jah
1978-05-18;92;178;;jah
1978-05-19;92;178;;jah
1978-05-20;91,5;177;;jah
1978-05-21;90,5;176;;jah
1978-05-22;89;174;;jah
1978-05-23;87,5;172;;jah
1978-05-24;84,5;168;;jah
1978-05-25;83;166;;jah
1978-05-26;79,5;161;;jah
1978-05-27;76,5;157;;jah
1978-05-28;74,5;154;;jah
1978-05-29;76,5;150;;jah
1978-05-30;74,5;146;;jah
1978-05-31;72,8;143;;jah
1978-06-01;71,8;140;;jah
1978-06-02;70,2;139;;jah
1978-06-03;69,1;136;;jah
1978-06-04;67,6;133;;jah
1978-06-05;66,7;133;;jah
1978-06-06;65,5;132;;jah
1978-06-07;64,5;130;;jah
1978-06-08;63;128;;jah
1978-06-09;62;126;;jah
1978-06-10;61,2;124;;jah
1978-06-11;59,9;123;;jah
1978-06-12;59;123;;jah
1978-06-13;58,2;125;;jah
1978-06-14;57,4;128;;jah
1978-06-15;56,7;124;;jah
1978-06-16;56,3;123;;jah
1978-06-17;56,1;124;;jah
1978-06-18;56;124;;jah
1978-06-19;55,8;120;;jah
1978-06-20;55,5;118;;jah
1978-06-21;55,2;118;;jah
1978-06-22;55;116;;jah
1978-06-23;54,6;117;;jah
1978-06-24;54,4;114;;jah
1978-06-25;54,1;114;;jah
1978-06-26;53,8;113;;jah
1978-06-27;53,6;115;;jah
1978-06-28;53,2;113;;jah
1978-06-29;53;113;;jah
1978-06-30;52,8;112;;jah
1978-07-01;52,5;110;;jah
1978-07-02;52,3;109;;jah
1978-07-03;52,1;108;;jah
1978-07-04;52;106;;jah
1978-07-05;52;105;;jah
1978-07-06;51,9;110;;jah
1978-07-07;51,8;110;;jah
1978-07-08;54;112;;jah
1978-07-09;56,1;113;;jah
1978-07-10;58;116;;jah
1978-07-11;60;126;;jah
1978-07-12;60,9;127;;jah
1978-07-13;61;128;;jah
1978-07-14;61,5;128;;jah
1978-07-15;61,8;128;;jah
1978-07-16;62,1;127;;jah
1978-07-17;62,9;128;;jah
1978-07-18;65,5;130;;jah
1978-07-19;68,2;132;;jah
1978-07-20;68,2;134;;jah
1978-07-21;68,2;134;;jah
1978-07-22;68,1;133;;jah
1978-07-23;68,1;134;;jah
1978-07-24;68;132;;jah
1978-07-25;67,9;130;;jah
1978-07-26;67,8;129;;jah
1978-07-27;66,8;126;;jah
1978-07-28;65,6;124;;jah
1978-07-29;64,2;120;;jah
1978-07-30;62,5;118;;jah
1978-07-31;60;117;;jah
1978-08-01;59;114;;jah
1978-08-02;56,5;111;;jah
1978-08-03;56,2;110;;jah
1978-08-04;55,5;108;;jah
1978-08-05;55,2;107;;jah
1978-08-06;55,5;112;;jah
1978-08-07;56,3;116;;jah
1978-08-08;57;117;;jah
1978-08-09;60,1;118;;jah
1978-08-10;99;182;;jah
1978-08-11;105;208;;jah
1978-08-12;110;212;;jah
1978-08-13;110;208;;jah
1978-08-14;109;201;;jah
1978-08-15;106;195;;jah
1978-08-16;103;187;;jah
1978-08-17;99,5;179;;jah
1978-08-18;96,2;174;;jah
1978-08-19;93,6;170;;jah
1978-08-20;90,1;166;;jah
1978-08-21;86,7;161;;jah
1978-08-22;84,4;157;;jah
1978-08-23;81,8;152;;jah
1978-08-24;80,6;150;;jah
1978-08-25;78,6;146;;jah
1978-08-26;77,3;144;;jah
1978-08-27;76;142;;jah
1978-08-28;76;142;;jah
1978-08-29;75,3;141;;jah
1978-08-30;76;142;;jah
1978-08-31;80;148;;jah
1978-09-01;84,2;154;;jah
1978-09-02;88,5;160;;jah
1978-09-03;92,8;166;;jah
1978-09-04;99,5;175;;jah
1978-09-05;102;178;;jah
1978-09-06;104;180;;jah
1978-09-07;104;180;;jah
1978-09-08;104;181;;jah
1978-09-09;105;182;;jah
1978-09-10;106;183;;jah
1978-09-11;107;184;;jah
1978-09-12;109;187;;jah
1978-09-13;112;190;;jah
1978-09-14;116;194;;jah
1978-09-15;120;198;;jah
1978-09-16;124;202;;jah
1978-09-17;126;204;;jah
1978-09-18;128;206;;jah
1978-09-19;131;208;;jah
1978-09-20;138;210;;jah
1978-09-21;138;210;;jah
1978-09-22;136;212;;jah
1978-09-23;138;216;;jah
1978-09-24;138;218;;jah
1978-09-25;138;218;;jah
1978-09-26;136;220;;jah
1978-09-27;136;220;;jah
1978-09-28;136;220;;jah
1978-09-29;136;220;;jah
1978-09-30;136;220;;jah
1978-10-01;132;220;;jah
1978-10-02;131;216;;jah
1978-10-03;130;214;;jah
1978-10-04;128;211;;jah
1978-10-05;126;208;;jah
1978-10-06;126;208;;jah
1978-10-07;126;207;;jah
1978-10-08;126;207;;jah
1978-10-09;125;206;;jah
1978-10-10;124;204;;jah
1978-10-11;124;203;;jah
1978-10-12;123;202;;jah
1978-10-13;122;200;;jah
1978-10-14;122;200;;jah
1978-10-15;120;198;;jah
1978-10-16;118;196;;jah
1978-10-17;116;194;;jah
1978-10-18;114;192;;jah
1978-10-19;112;190;;jah
1978-10-20;110;188;;jah
1978-10-21;109;187;;jah
1978-10-22;109;187;;jah
1978-10-23;107;186;;jah
1978-10-24;106;184;;jah
1978-10-25;106;184;;jah
1978-10-26;109;187;;jah
1978-10-27;109;187;;jah
1978-10-28;109;187;;jah
1978-10-29;110;187;;jah
1978-10-30;110;187;;jah
1978-10-31;110;187;;jah
1978-11-01;110;187;;jah
1978-11-02;110;187;;jah
1978-11-03;110;186;;jah
1978-11-04;109;186;;jah
1978-11-05;109;186;;jah
1978-11-06;109;188;;jah
1978-11-07;109;188;;jah
1978-11-08;108;189;;jah
1978-11-09;108;189;;jah
1978-11-10;108;189;;jah
1978-11-11;107;187;;jah
1978-11-12;107;188;;jah
1978-11-13;106;188;;jah
1978-11-14;106;188;;jah
1978-11-15;105;189;;jah
1978-11-16;105;192;;jah
1978-11-17;104;196;;jah
1978-11-18;104;202;;jah
1978-11-19;104;208;;jah
1978-11-20;105;214;;jah
1978-11-21;121;224;;jah
1978-11-22;139;230;;jah
1978-11-23;146;236;;jah
1978-11-24;151;243;;jah
1978-11-25;151;250;;jah
1978-11-26;151;254;;jah
1978-11-27;150;256;;jah
1978-11-28;150;258;;jah
1978-11-29;149;260;;jah
1978-11-30;146;262;;jah
1978-12-01;137;264;;jah
1978-12-02;129;260;;jah
1978-12-03;129;258;;jah
1978-12-04;130;258;;jah
1978-12-05;131;266;;jah
1978-12-06;133;271;;jah
1978-12-07;134;277;;jah
1978-12-08;135;280;;jah
1978-12-09;135;279;;jah
1978-12-10;135;278;;jah
1978-12-11;134;276;;jah
1978-12-12;134;276;;jah
1978-12-13;133;276;;jah
1978-12-14;130;273;;jah
1978-12-15;124;266;;jah
1978-12-16;120;260;;jah
1978-12-17;113;256;;jah
1978-12-18;104;252;;jah
1978-12-19;99,1;249;;jah
1978-12-20;97,7;246;;jah
1978-12-21;95,5;240;;jah
1978-12-22;93,8;238;;jah
1978-12-23;91,9;234;;jah
1978-12-24;90,2;230;;jah
1978-12-25;88;224;;jah
1978-12-26;86,8;222;;jah
1978-12-27;85,7;220;;jah
1978-12-28;84,2;216;;jah
1978-12-29;82,6;212;;jah
1978-12-30;81;210;;jah
1978-12-31;79,6;206;;jah
1979-01-01;78;202;;jah
1979-01-02;77;200;;jah
1979-01-03;75,3;197;;jah
1979-01-04;74,4;196;;jah
1979-01-05;72,7;184;;jah
1979-01-06;71,5;191;;jah
1979-01-07;70,5;190;;jah
1979-01-08;69,4;186;;jah
1979-01-09;68,2;184;;jah
1979-01-10;67,1;183;;jah
1979-01-11;66;182;;jah
1979-01-12;65;182;;jah
1979-01-13;64;182;;jah
1979-01-14;63,3;182;;jah
1979-01-15;62,2;183;;jah
1979-01-16;61,9;183;;jah
1979-01-17;61,9;182;;jah
1979-01-18;61,9;182;;jah
1979-01-19;62;180;;jah
1979-01-20;62,1;182;;jah
1979-01-21;62,3;181;;jah
1979-01-22;62,8;181;;jah
1979-01-23;62,8;180;;jah
1979-01-24;62,8;178;;jah
1979-01-25;62,8;177;;jah
1979-01-26;62,7;176;;jah
1979-01-27;61,9;174;;jah
1979-01-28;61;174;;jah
1979-01-29;59,8;172;;jah
1979-01-30;58,8;170;;jah
1979-01-31;57,9;170;;jah
1979-02-01;57;171;;jah
1979-02-02;56,1;171;;jah
1979-02-03;55,4;171;;jah
1979-02-04;55,3;171;;jah
1979-02-05;55,1;171;;jah
1979-02-06;55;171;;jah
1979-02-07;55;172;;jah
1979-02-08;55;174;;jah
1979-02-09;55;175;;jah
1979-02-10;54,9;174;;jah
1979-02-11;54,8;174;;jah
1979-02-12;54,7;172;;jah
1979-02-13;54,6;172;;jah
1979-02-14;54,3;169;;jah
1979-02-15;54,2;166;;jah
1979-02-16;54,1;164;;jah
1979-02-17;54;162;;jah
1979-02-18;54;162;;jah
1979-02-19;54;163;;jah
1979-02-20;53,9;162;;jah
1979-02-21;53,8;162;;jah
1979-02-22;53,7;163;;jah
1979-02-23;53,6;162;;jah
1979-02-24;54;162;;jah
1979-02-25;54,6;161;;jah
1979-02-26;55,2;162;;jah
1979-02-27;56,8;164;;jah
1979-02-28;57,5;167;;jah
1979-03-01;58,8;170;;jah
1979-03-02;59,8;173;;jah
1979-03-03;60,1;174;;jah
1979-03-04;60,4;175;;jah
1979-03-05;60,7;174;;jah
1979-03-06;60,8;173;;jah
1979-03-07;60,9;172;;jah
1979-03-08;60,9;170;;jah
1979-03-09;61;166;;jah
1979-03-10;61;160;;jah
1979-03-11;61;156;;jah
1979-03-12;61,1;148;;jah
1979-03-13;61,2;144;;jah
1979-03-14;61,5;139;;jah
1979-03-15;60,5;136;;jah
1979-03-16;58,5;132;;jah
1979-03-17;59,5;134;;jah
1979-03-18;63;141;;jah
1979-03-19;59,5;134;;jah
1979-03-20;60,5;136;;jah
1979-03-21;63;141;;jah
1979-03-22;63;141;;jah
1979-03-23;61;137;;jah
1979-03-24;61;137;;jah
1979-03-25;61,6;138;;jah
1979-03-26;61;137;;jah
1979-03-27;63,1;141;;jah
1979-03-28;67,5;148;;jah
1979-03-29;73,5;157;;jah
1979-03-30;75,5;160;;jah
1979-03-31;81,5;168;;jah
1979-04-01;91,5;181;;jah
1979-04-02;99;190;;jah
1979-04-03;108;200;;jah
1979-04-04;116;208;;jah
1979-04-05;123;215;;jah
1979-04-06;130;222;;jah
1979-04-07;137;228;;jah
1979-04-08;144;234;;jah
1979-04-09;148;238;;jah
1979-04-10;152;242;;jah
1979-04-11;155;246;;jah
1979-04-12;155;246;;jah
1979-04-13;155;247;;jah
1979-04-14;155;247;;jah
1979-04-15;150;245;;jah
1979-04-16;145;242;;jah
1979-04-17;142;240;;jah
1979-04-18;138;238;;jah
1979-04-19;134;236;;jah
1979-04-20;132;234;;jah
1979-04-21;129;232;;jah
1979-04-22;124;228;;jah
1979-04-23;119;224;;jah
1979-04-24;116;222;;jah
1979-04-25;112;218;;jah
1979-04-26;112;217;;jah
1979-04-27;112;217;;jah
1979-04-28;112;217;;jah
1979-04-29;110;216;;jah
1979-04-30;110;216;;jah
1979-05-01;110;216;;jah
1979-05-02;108;214;;jah
1979-05-03;108;214;;jah
1979-05-04;110;216;;jah
1979-05-05;112;217;;jah
1979-05-06;112;218;;jah
1979-05-07;114;222;;jah
1979-05-08;119;224;;jah
1979-05-09;122;227;;jah
1979-05-10;124;228;;jah
1979-05-11;126;230;;jah
1979-05-12;129;232;;jah
1979-05-13;130;233;;jah
1979-05-14;134;234;;jah
1979-05-15;129;232;;jah
1979-05-16;128;231;;jah
1979-05-17;126;230;;jah
1979-05-18;124;228;;jah
1979-05-19;119;225;;jah
1979-05-20;116;222;;jah
1979-05-21;112;218;;jah
1979-05-22;108;214;;jah
1979-05-23;104;210;;jah
1979-05-24;101;206;;jah
1979-05-25;97;202;;jah
1979-05-26;93,7;198;;jah
1979-05-27;89,5;183;;jah
1979-05-28;87,5;190;;jah
1979-05-29;86;188;;jah
1979-05-30;82,5;184;;jah
1979-05-31;79,5;180;;jah
1979-06-01;78;178;;jah
1979-06-02;76,5;176;;jah
1979-06-03;74,5;174;;jah
1979-06-04;71;169;;jah
1979-06-05;68,5;166;;jah
1979-06-06;66,5;163;;jah
1979-06-07;64;160;;jah
1979-06-08;62,4;158;;jah
1979-06-09;61,3;156;;jah
1979-06-10;60,5;152;;jah
1979-06-11;59,7;150;;jah
1979-06-12;58,9;149;;jah
1979-06-13;58,2;148;;jah
1979-06-14;57,5;147;;jah
1979-06-15;57;149;;jah
1979-06-16;56,8;148;;jah
1979-06-17;56,7;144;;jah
1979-06-18;56,4;142;;jah
1979-06-19;56,2;138;;jah
1979-06-20;56;137;;jah
1979-06-21;55,9;137;;jah
1979-06-22;55,6;136;;jah
1979-06-23;55,3;135;;jah
1979-06-24;55,1;134;;jah
1979-06-25;55,1;132;;jah
1979-06-26;55;130;;jah
1979-06-27;55;129;;jah
1979-06-28;54,9;126;;jah
1979-06-29;54,6;124;;jah
1979-06-30;54,1;125;;jah
1979-07-01;54;123;;jah
1979-07-02;53,9;122;;jah
1979-07-03;53,8;120;;jah
1979-07-04;53,7;120;;jah
1979-07-05;53,5;120;;jah
1979-07-06;53,4;119;;jah
1979-07-07;53;118;;jah
1979-07-08;52,6;117;;jah
1979-07-09;52,3;117;;jah
1979-07-10;51,8;117;;jah
1979-07-11;51,3;116;;jah
1979-07-12;50,8;114;;jah
1979-07-13;50,4;113;;jah
1979-07-14;50;114;;jah
1979-07-15;49,6;114;;jah
1979-07-16;49,3;114;;jah
1979-07-17;48,8;114;;jah
1979-07-18;48,6;113;;jah
1979-07-19;48,2;112;;jah
1979-07-20;47,9;112;;jah
1979-07-21;47,6;110;;jah
1979-07-22;47,3;106;;jah
1979-07-23;46,9;106;;jah
1979-07-24;46,5;106;;jah
1979-07-25;46,2;108;;jah
1979-07-26;45,8;108;;jah
1979-07-27;45,5;107;;jah
1979-07-28;45,2;106;;jah
1979-07-29;44,9;104;;jah
1979-07-30;44,6;104;;jah
1979-07-31;44,5;104;;jah
1979-08-01;44;101;;jah
1979-08-02;43,6;99;;jah
1979-08-03;43,5;96;;jah
1979-08-04;43,2;95;;jah
1979-08-05;43;96;;jah
1979-08-06;42,8;96;;jah
1979-08-07;42,6;98;;jah
1979-08-08;42,5;90;;jah
1979-08-09;42,3;92;;jah
1979-08-10;42;92;;jah
1979-08-11;42;91;;jah
1979-08-12;41,8;90;;jah
1979-08-13;41,6;89;;jah
1979-08-14;41,5;88;;jah
1979-08-15;41,4;87;;jah
1979-08-16;41,3;87;;jah
1979-08-17;41,1;86;;jah
1979-08-18;41;84;;jah
1979-08-19;40,9;84;;jah
1979-08-20;40,7;86;;jah
1979-08-21;40,6;86;;jah
1979-08-22;40,5;84;;jah
1979-08-23;40,4;86;;jah
1979-08-24;40,2;86;;jah
1979-08-25;40;86;;jah
1979-08-26;39,9;89;;jah
1979-08-27;39,7;88;;jah
1979-08-28;39,5;87;;jah
1979-08-29;39,2;86;;jah
1979-08-30;39;86;;jah
1979-08-31;38,6;83;;jah
1979-09-01;38,3;82;;jah
1979-09-02;37,9;80;;jah
1979-09-03;37,5;80;;jah
1979-09-04;37;80;;jah
1979-09-05;36,9;79;;jah
1979-09-06;36,8;79;;jah
1979-09-07;36,8;79;;jah
1979-09-08;36,6;79;;jah
1979-09-09;36,6;79;;jah
1979-09-10;36,6;77;;jah
1979-09-11;36,5;76;;jah
1979-09-12;36,5;69;;jah
1979-09-13;36,4;69;;jah
1979-09-14;36,3;68;;jah
1979-09-15;36,2;71;;jah
1979-09-16;36,2;70;;jah
1979-09-17;36,2;70;;jah
1979-09-18;36,3;70;;jah
1979-09-19;36,6;70;;jah
1979-09-20;37,1;72;;jah
1979-09-21;37,6;74;;jah
1979-09-22;38;74;;jah
1979-09-23;38,3;75;;jah
1979-09-24;38,4;75;;jah
1979-09-25;38,5;76;;jah
1979-09-26;38,5;73;;jah
1979-09-27;38,5;69;;jah
1979-09-28;38,5;69;;jah
1979-09-29;38,5;69;;jah
1979-09-30;38,5;68;;jah
1979-10-01;38,5;72;;jah
1979-10-02;38,3;70;;jah
1979-10-03;38,2;66;;jah
1979-10-04;38,1;62;;jah
1979-10-05;38;67;;jah
1979-10-06;38;64;;jah
1979-10-07;38;60;;jah
1979-10-08;37,9;63;;jah
1979-10-09;37,8;62;;jah
1979-10-10;37,7;61;;jah
1979-10-11;37,6;61;;jah
1979-10-12;37,5;61;;jah
1979-10-13;37,5;62;;jah
1979-10-14;37,3;62;;jah
1979-10-15;37,1;62;;jah
1979-10-16;37;59;;jah
1979-10-17;36,7;58;;jah
1979-10-18;36,5;57;;jah
1979-10-19;36,2;56;;jah
1979-10-20;35,9;56;;jah
1979-10-21;35,5;54;;jah
1979-10-22;35;54;;jah
1979-10-23;34,7;53;;jah
1979-10-24;34,4;56;;jah
1979-10-25;34,2;53;;jah
1979-10-26;33,8;54;;jah
1979-10-27;33,8;52;;jah
1979-10-28;33,8;54;;jah
1979-10-29;33,8;52;;jah
1979-10-30;33,8;51;;jah
1979-10-31;33,8;52;;jah
1979-11-01;33,7;50;;jah
1979-11-02;33,6;46;;jah
1979-11-03;33,6;45;;jah
1979-11-04;33,6;47;;jah
1979-11-05;33,6;48;;jah
1979-11-06;33,6;53;;jah
1979-11-07;33,6;52;;jah
1979-11-08;33,6;49;;jah
1979-11-09;33,6;46;;jah
1979-11-10;33,6;48;;jah
1979-11-11;33,7;48;;jah
1979-11-12;33,7;48;;jah
1979-11-13;33,8;52;;jah
1979-11-14;33,8;48;;jah
1979-11-15;34;50;;jah
1979-11-16;35;50;;jah
1979-11-17;37;54;;jah
1979-11-18;41;60;;jah
1979-11-19;45;66;;jah
1979-11-20;47,3;69;;jah
1979-11-21;47,8;69;;jah
1979-11-22;47,8;66;;jah
1979-11-23;47,8;62;;jah
1979-11-24;48;60;;jah
1979-11-25;48,1;61;;jah
1979-11-26;48,4;60;;jah
1979-11-27;49,5;65;;jah
1979-11-28;54;80;;jah
1979-11-29;58,5;77;;jah
1979-11-30;60,3;80;;jah
1979-12-01;61;88;;jah
1979-12-02;61,3;88;;jah
1979-12-03;61,5;86;;jah
1979-12-04;61,5;90;;jah
1979-12-05;61,6;93;;jah
1979-12-06;61,8;95;;jah
1979-12-07;61,9;94;;jah
1979-12-08;61,9;96;;jah
1979-12-09;61,3;90;;jah
1979-12-10;60,5;86;;jah
1979-12-11;59,5;100;;jah
1979-12-12;57,5;102;;jah
1979-12-13;50;88;;jah
1979-12-14;40;80;;jah
1979-12-15;28,9;74;;jah
1979-12-16;28,9;68;;jah
1979-12-17;29;68;;jah
1979-12-18;29,2;70;;jah
1979-12-19;29,7;74;;jah
1979-12-20;30,3;78;;jah
1979-12-21;30,8;79;;jah
1979-12-22;31,4;80;;jah
1979-12-23;32;82;;jah
1979-12-24;32,5;82;;jah
1979-12-25;33;84;;jah
1979-12-26;33,5;86;;jah
1979-12-27;34;86;;jah
1979-12-28;34,5;85;;jah
1979-12-29;35;86;;jah
1979-12-30;35,3;89;;jah
1979-12-31;35,3;90;;jah
1980-01-01;36,5;88;;jah
1980-01-02;37;90;;jah
1980-01-03;37,4;91;;jah
1980-01-04;37,7;88;;jah
1980-01-05;38,3;88;;jah
1980-01-06;38,6;86;;jah
1980-01-07;38,7;84;;jah
1980-01-08;39;84;;jah
1980-01-09;39;84;;jah
1980-01-10;39;82;;jah
1980-01-11;39;81;;jah
1980-01-12;39;80;;jah
1980-01-13;39;80;;jah
1980-01-14;39;81;;jah
1980-01-15;38,9;83;;jah
1980-01-16;38,7;82;;jah
1980-01-17;38,5;74;;jah
1980-01-18;38,3;72;;jah
1980-01-19;38;80;;jah
1980-01-20;37,5;82;;jah
1980-01-21;35,5;76;;jah
1980-01-22;28,4;64;;jah
1980-01-23;28,3;60;;jah
1980-01-24;28,3;62;;jah
1980-01-25;28,3;64;;jah
1980-01-26;28,3;62;;jah
1980-01-27;28,2;61;;jah
1980-01-28;28,2;62;;jah
1980-01-29;28;60;;jah
1980-01-30;28;63;;jah
1980-01-31;27,9;62;;jah
1980-02-01;28,3;62;;jah
1980-02-02;28,5;65;;jah
1980-02-03;28,7;68;;jah
1980-02-04;29,1;70;;jah
1980-02-05;29,4;72;;jah
1980-02-06;29,6;72;;jah
1980-02-07;29,7;72;;jah
1980-02-08;29,8;74;;jah
1980-02-09;30,3;76;;jah
1980-02-10;30,4;74;;jah
1980-02-11;30,6;74;;jah
1980-02-12;30,9;74;;jah
1980-02-13;31,1;72;;jah
1980-02-14;31,4;72;;jah
1980-02-15;31,5;72;;jah
1980-02-16;31,7;74;;jah
1980-02-17;31,9;76;;jah
1980-02-18;32,1;77;;jah
1980-02-19;32,2;78;;jah
1980-02-20;32,4;78;;jah
1980-02-21;32,5;80;;jah
1980-02-22;32,5;82;;jah
1980-02-23;32,6;80;;jah
1980-02-24;32,8;78;;jah
1980-02-25;33;78;;jah
1980-02-26;33,1;79;;jah
1980-02-27;33,3;79;;jah
1980-02-28;33,3;76;;jah
1980-02-29;33,4;75;;jah
1980-03-01;33,4;75;;jah
1980-03-02;33,4;74;;jah
1980-03-03;33,4;72;;jah
1980-03-04;33,4;70;;jah
1980-03-05;33,4;69;;jah
1980-03-06;33,4;69;;jah
1980-03-07;33,4;68;;jah
1980-03-08;33,4;66;;jah
1980-03-09;33,4;66;;jah
1980-03-10;33,4;64;;jah
1980-03-11;33,4;63;;jah
1980-03-12;33,4;64;;jah
1980-03-13;33,4;64;;jah
1980-03-14;33,4;62;;jah
1980-03-15;33,4;61;;jah
1980-03-16;33,4;60;;jah
1980-03-17;33,4;58;;jah
1980-03-18;33,4;58;;jah
1980-03-19;33,4;56;;jah
1980-03-20;33,2;55;;jah
1980-03-21;33,1;56;;jah
1980-03-22;33;55;;jah
1980-03-23;32,7;55;;jah
1980-03-24;32,5;55;;jah
1980-03-25;32,2;55;;jah
1980-03-26;31,8;54;;jah
1980-03-27;31,4;53;;jah
1980-03-28;30,8;52;;jah
1980-03-29;30,4;46;;jah
1980-03-30;30,2;45;;jah
1980-03-31;30;44;;jah
1980-04-01;30,8;45;;jah
1980-04-02;31,8;46;;jah
1980-04-03;36,5;54;;jah
1980-04-04;42;63;;jah
1980-04-05;47,4;72;;jah
1980-04-06;52,8;81;;jah
1980-04-07;60;93;;jah
1980-04-08;72,5;114;;jah
1980-04-09;75;118;;jah
1980-04-10;74,1;121;;jah
1980-04-11;76;120;;jah
1980-04-12;75;118;;jah
1980-04-13;76;120;;jah
1980-04-14;77;122;;jah
1980-04-15;77,8;124;;jah
1980-04-16;78,5;125;;jah
1980-04-17;77,8;124;;jah
1980-04-18;77,8;124;;jah
1980-04-19;77,5;123;;jah
1980-04-20;77,5;123;;jah
1980-04-21;78,5;125;;jah
1980-04-22;78,4;127;;jah
1980-04-23;77,6;128;;jah
1980-04-24;77;128;;jah
1980-04-25;76,5;128;;jah
1980-04-26;76;128;;jah
1980-04-27;75;127;;jah
1980-04-28;73,5;126;;jah
1980-04-29;71,2;124;;jah
1980-04-30;71,2;124;;jah
1980-05-01;69,1;122;;jah
1980-05-02;69,1;122;;jah
1980-05-03;66,5;119;;jah
1980-05-04;65,8;117;;jah
1980-05-05;60,8;116;;jah
1980-05-06;60,8;113;;jah
1980-05-07;60,8;113;;jah
1980-05-08;60;112;;jah
1980-05-09;60;112;;jah
1980-05-10;57,8;109;;jah
1980-05-11;54,5;105;;jah
1980-05-12;55,2;106;;jah
1980-05-13;53,6;104;;jah
1980-05-14;52,9;103;;jah
1980-05-15;52,3;102;;jah
1980-05-16;51,6;101;;jah
1980-05-17;50,8;100;;jah
1980-05-18;50;99;;jah
1980-05-19;69,1;122;;jah
1980-05-20;67,3;120;;jah
1980-05-21;63,5;116;;jah
1980-05-22;56;107;;jah
1980-05-23;53;103;;jah
1980-05-24;55,2;104;;jah
1980-05-25;56;107;;jah
1980-05-26;57,8;109;;jah
1980-05-27;60;112;;jah
1980-05-28;61,8;114;;jah
1980-05-29;62,8;115;;jah
1980-05-30;63,6;116;;jah
1980-05-31;62,8;115;;jah
1980-06-01;62,8;115;;jah
1980-06-02;60;112;;jah
1980-06-03;58,4;110;;jah
1980-06-04;56,8;108;;jah
1980-06-05;54,5;105;;jah
1980-06-06;50,8;100;;jah
1980-06-07;50,8;98;;jah
1980-06-08;47,2;95;;jah
1980-06-09;45,8;93;;jah
1980-06-10;45,2;92;;jah
1980-06-11;44,5;91;;jah
1980-06-12;43,8;90;;jah
1980-06-13;42,6;88;;jah
1980-06-14;40,6;85;;jah
1980-06-15;40,6;85;;jah
1980-06-16;40;84;;jah
1980-06-17;38,5;82;;jah
1980-06-18;37,2;80;;jah
1980-06-19;37,2;80;;jah
1980-06-20;37,6;78;;jah
1980-06-21;37,8;76;;jah
1980-06-22;38;74;;jah
1980-06-23;38;74;;jah
1980-06-24;38;74;;jah
1980-06-25;38;74;;jah
1980-06-26;38;74;;jah
1980-06-27;38;71;;jah
1980-06-28;38,3;70;;jah
1980-06-29;38,3;70;;jah
1980-06-30;38,3;70;;jah
1980-07-01;38;68;;jah
1980-07-02;38;68;;jah
1980-07-03;38;68;;jah
1980-07-04;37,6;66;;jah
1980-07-05;37;64;;jah
1980-07-06;35;60;;jah
1980-07-07;34;58;;jah
1980-07-08;34;58;;jah
1980-07-09;35;60;;jah
1980-07-10;38;68;;jah
1980-07-11;38,3;71;;jah
1980-07-12;34,5;59;;jah
1980-07-13;35;60;;jah
1980-07-14;36;62;;jah
1980-07-15;37;60;;jah
1980-07-16;36,7;60;;jah
1980-07-17;36,6;60;;jah
1980-07-18;36,3;54;;jah
1980-07-19;35,8;56;;jah
1980-07-20;35,6;58;;jah
1980-07-21;35,2;60;;jah
1980-07-22;34,8;58;;jah
1980-07-23;34,5;58;;jah
1980-07-24;34;57;;jah
1980-07-25;33,8;57;;jah
1980-07-26;33,8;57;;jah
1980-07-27;32,8;56;;jah
1980-07-28;32,3;54;;jah
1980-07-29;31,8;52;;jah
1980-07-30;31,3;50;;jah
1980-07-31;30,7;48;;jah
1980-08-01;30,3;47;;jah
1980-08-02;29,8;46;;jah
1980-08-03;29,7;46;;jah
1980-08-04;29,6;45;;jah
1980-08-05;29,6;46;;jah
1980-08-06;29,5;44;;jah
1980-08-07;29,5;44;;jah
1980-08-08;29,5;46;;jah
1980-08-09;29,5;44;;jah
1980-08-10;29,4;44;;jah
1980-08-11;29,4;42;;jah
1980-08-12;29,3;44;;jah
1980-08-13;29,3;46;;jah
1980-08-14;29,1;44;;jah
1980-08-15;29;44;;jah
1980-08-16;28,9;44;;jah
1980-08-17;28,9;44;;jah
1980-08-18;28,8;40;;jah
1980-08-19;28,7;37;;jah
1980-08-20;28,6;36;;jah
1980-08-21;28,6;36;;jah
1980-08-22;28,5;38;;jah
1980-08-23;28,5;40;;jah
1980-08-24;28,5;37;;jah
1980-08-25;28,4;38;;jah
1980-08-26;28,5;38;;jah
1980-08-27;28,6;37;;jah
1980-08-28;28,7;36;;jah
1980-08-29;28,8;34;;jah
1980-08-30;28,9;36;;jah
1980-08-31;29;38;;jah
1980-09-01;29;40;;jah
1980-09-02;29,1;31;;jah
1980-09-03;29,1;32;;jah
1980-09-04;29,2;32;;jah
1980-09-05;29,2;32;;jah
1980-09-06;29,1;32;;jah
1980-09-07;29,1;30;;jah
1980-09-08;29;32;;jah
1980-09-09;29;32;;jah
1980-09-10;29;32;;jah
1980-09-11;28,9;32;;jah
1980-09-12;28,7;38;;jah
1980-09-13;28,6;33;;jah
1980-09-14;28,4;33;;jah
1980-09-15;28,3;35;;jah
1980-09-16;28,1;36;;jah
1980-09-17;28;35;;jah
1980-09-18;27,8;34;;jah
1980-09-19;28;34;;jah
1980-09-20;28;32;;jah
1980-09-21;28;32;;jah
1980-09-22;28;34;;jah
1980-09-23;28,2;34;;jah
1980-09-24;28,3;39;;jah
1980-09-25;28,3;34;;jah
1980-09-26;28,4;35;;jah
1980-09-27;28,5;35;;jah
1980-09-28;28,8;34;;jah
1980-09-29;29;32;;jah
1980-09-30;29,5;30;;jah
1980-10-01;30,5;31;;jah
1980-10-02;29,2;28;;jah
1980-10-03;30,5;31;;jah
1980-10-04;30;30;;jah
1980-10-05;29,5;29;;jah
1980-10-06;29,5;29;;jah
1980-10-07;29,2;28;;jah
1980-10-08;29,2;28;;jah
1980-10-09;30;30;;jah
1980-10-10;33,5;36;;jah
1980-10-11;35,4;39;;jah
1980-10-12;37,6;43;;jah
1980-10-13;40,2;47;;jah
1980-10-14;41,5;49;;jah
1980-10-15;42;50;;jah
1980-10-16;38,4;44;;jah
1980-10-17;37,2;42;;jah
1980-10-18;37,2;42;;jah
1980-10-19;38,3;44;;jah
1980-10-20;38,3;44;;jah
1980-10-21;37,2;42;;jah
1980-10-22;39,8;44;;jah
1980-10-23;40,5;46;;jah
1980-10-24;41;48;;jah
1980-10-25;41,5;49;;jah
1980-10-26;42,1;53;;jah
1980-10-27;42,8;54;;jah
1980-10-28;43,3;56;;jah
1980-10-29;44;62;;jah
1980-10-30;44,5;66;;jah
1980-10-31;44,8;64;;jah
1980-11-01;45;62;;jah
1980-11-02;45,1;60;;jah
1980-11-03;45,2;58;;jah
1980-11-04;45,2;56;;jah
1980-11-05;45,2;58;;jah
1980-11-06;45,2;55;;jah
1980-11-07;45,2;54;;jah
1980-11-08;45,2;50;;jah
1980-11-09;45,3;48;;jah
1980-11-10;45,7;49;;jah
1980-11-11;46;46;;jah
1980-11-12;46,8;52;;jah
1980-11-13;47,8;59;;jah
1980-11-14;48,7;60;;jah
1980-11-15;49;62;;jah
1980-11-16;49,4;61;;jah
1980-11-17;49,8;57;;jah
1980-11-18;49,9;59;;jah
1980-11-19;54,8;70;;jah
1980-11-20;60,5;78;;jah
1980-11-21;60,5;78;;jah
1980-11-22;64,1;82;;jah
1980-11-23;61,8;88;;jah
1980-11-24;59,5;96;;jah
1980-11-25;57,2;97;;jah
1980-11-26;54,9;98;;jah
1980-11-27;52,6;98;;jah
1980-11-28;50,3;106;;jah
1980-11-29;48;116;;jah
1980-11-30;45,7;116;;jah
1980-12-01;43,4;96;;jah
1980-12-02;41,1;93;;jah
1980-12-03;38,8;98;;jah
1980-12-04;38,7;96;;jah
1980-12-05;38,5;87;;jah
1980-12-06;38,8;76;;jah
1980-12-07;39,5;76;;jah
1980-12-08;40,6;74;;jah
1980-12-09;42;72;;jah
1980-12-10;44,5;72;;jah
1980-12-11;48;72;;jah
1980-12-12;50,5;72;;jah
1980-12-13;53,5;72;;jah
1980-12-14;54,7;77;;jah
1980-12-15;56;85;;jah
1980-12-16;56,6;92;;jah
1980-12-17;56,9;95;;jah
1980-12-18;57,5;107;;jah
1980-12-19;57,5;120;;jah
1980-12-20;57,7;115;;jah
1980-12-21;57,8;106;;jah
1980-12-22;57,9;100;;jah
1980-12-23;58;98;;jah
1980-12-24;58;96;;jah
1980-12-25;58,1;94;;jah
1980-12-26;58,2;92;;jah
1980-12-27;58,4;91;;jah
1980-12-28;58,5;88;;jah
1980-12-29;58,8;89;;jah
1980-12-30;59,6;94;;jah
1980-12-31;62;103;;jah
1981-01-01;66;122;;jah
1981-01-02;70;126;;jah
1981-01-03;74,5;124;;jah
1981-01-04;77,8;124;;jah
1981-01-05;72,5;132;;jah
1981-01-06;68;154;;jah
1981-01-07;65;157;;jah
1981-01-08;62,5;146;;jah
1981-01-09;60;134;;jah
1981-01-10;58,5;124;;jah
1981-01-11;57,2;116;;jah
1981-01-12;55,5;110;;jah
1981-01-13;54,4;107;;jah
1981-01-14;52,9;104;;jah
1981-01-15;52,6;104;;jah
1981-01-16;52,5;102;;jah
1981-01-17;52,5;100;;jah
1981-01-18;52,5;103;;jah
1981-01-19;52,5;104;;jah
1981-01-20;52,7;102;;jah
1981-01-21;53;103;;jah
1981-01-22;53,4;104;;jah
1981-01-23;53,7;108;;jah
1981-01-24;54,3;110;;jah
1981-01-25;55,2;110;;jah
1981-01-26;55,8;108;;jah
1981-01-27;56,5;107;;jah
1981-01-28;57,2;106;;jah
1981-01-29;57,9;109;;jah
1981-01-30;58,6;116;;jah
1981-01-31;59,2;117;;jah
1981-02-01;59,9;118;;jah
1981-02-02;60,6;117;;jah
1981-02-03;61,3;120;;jah
1981-02-04;62;123;;jah
1981-02-05;61,8;117;;jah
1981-02-06;61,5;111;;jah
1981-02-07;61,3;108;;jah
1981-02-08;61,1;106;;jah
1981-02-09;60,8;104;;jah
1981-02-10;60,6;100;;jah
1981-02-11;60,4;100;;jah
1981-02-12;60,2;102;;jah
1981-02-13;59,9;110;;jah
1981-02-14;59,7;116;;jah
1981-02-15;59,5;118;;jah
1981-02-16;59,2;119;;jah
1981-02-17;59;118;;jah
1981-02-18;58,6;111;;jah
1981-02-19;58,5;103;;jah
1981-02-20;58;86;;jah
1981-02-21;57,7;81;;jah
1981-02-22;57,4;99;;jah
1981-02-23;57;113;;jah
1981-02-24;56,4;114;;jah
1981-02-25;56;109;;jah
1981-02-26;55,4;107;;jah
1981-02-27;54,9;103;;jah
1981-02-28;54,4;100;;jah
1981-03-01;54,5;98;;jah
1981-03-02;54,6;96;;jah
1981-03-03;54,7;96;;jah
1981-03-04;54,8;98;;jah
1981-03-05;54,9;101;;jah
1981-03-06;55;99;;jah
1981-03-07;55,1;96;;jah
1981-03-08;55,4;95;;jah
1981-03-09;55,5;100;;jah
1981-03-10;55,7;108;;jah
1981-03-11;55,9;103;;jah
1981-03-12;56;102;;jah
1981-03-13;56,2;105;;jah
1981-03-14;56,2;105;;jah
1981-03-15;56,1;102;;jah
1981-03-16;56;99;;jah
1981-03-17;56;97;;jah
1981-03-18;56;97;;jah
1981-03-19;56;94;;jah
1981-03-20;56;87;;jah
1981-03-21;56,1;81;;jah
1981-03-22;57;90;;jah
1981-03-23;70;144;;jah
1981-03-24;89,2;163;;jah
1981-03-25;92;170;;jah
1981-03-26;93,5;166;;jah
1981-03-27;94,7;160;;jah
1981-03-28;96;146;;jah
1981-03-29;96,8;144;;jah
1981-03-30;98;145;;jah
1981-03-31;100;149;;jah
1981-04-01;102;150;;jah
1981-04-02;103;153;;jah
1981-04-03;104;156;;jah
1981-04-04;107;159;;jah
1981-04-05;111;163;;jah
1981-04-06;115;167;;jah
1981-04-07;118;172;;jah
1981-04-08;120;177;;jah
1981-04-09;122;183;;jah
1981-04-10;123;188;;jah
1981-04-11;126;194;;jah
1981-04-12;128;198;;jah
1981-04-13;129;202;;jah
1981-04-14;130;204;;jah
1981-04-15;131;207;;jah
1981-04-16;132;208;;jah
1981-04-17;131;209;;jah
1981-04-18;130;210;;jah
1981-04-19;128;209;;jah
1981-04-20;125;209;;jah
1981-04-21;118;206;;jah
1981-04-22;111;204;;jah
1981-04-23;108;203;;jah
1981-04-24;106;198;;jah
1981-04-25;104;194;;jah
1981-04-26;104;190;;jah
1981-04-27;103;186;;jah
1981-04-28;102;184;;jah
1981-04-29;102;183;;jah
1981-04-30;101;182;;jah
1981-05-01;100;180;;jah
1981-05-02;100;180;;jah
1981-05-03;99,5;180;;jah
1981-05-04;99;179;;jah
1981-05-05;98,5;180;;jah
1981-05-06;97,6;180;;jah
1981-05-07;97;181;;jah
1981-05-08;96,5;182;;jah
1981-05-09;96;182;;jah
1981-05-10;95,5;181;;jah
1981-05-11;94,5;180;;jah
1981-05-12;94;179;;jah
1981-05-13;93,5;179;;jah
1981-05-14;93;176;;jah
1981-05-15;92;173;;jah
1981-05-16;91,7;171;;jah
1981-05-17;90,5;168;;jah
1981-05-18;89,5;166;;jah
1981-05-19;88;162;;jah
1981-05-20;86,5;159;;jah
1981-05-21;85;156;;jah
1981-05-22;83,5;154;;jah
1981-05-23;82;151;;jah
1981-05-24;80;148;;jah
1981-05-25;77,7;146;;jah
1981-05-26;75;144;;jah
1981-05-27;74,6;142;;jah
1981-05-28;74,7;141;;jah
1981-05-29;75;141;;jah
1981-05-30;75,3;142;;jah
1981-05-31;75,5;145;;jah
1981-06-01;75,5;145;;jah
1981-06-02;75,6;145;;jah
1981-06-03;75,8;146;;jah
1981-06-04;76;144;;jah
1981-06-05;76;138;;jah
1981-06-06;76;134;;jah
1981-06-07;76;134;;jah
1981-06-08;76;132;;jah
1981-06-09;75;132;;jah
1981-06-10;74,8;132;;jah
1981-06-11;74;129;;jah
1981-06-12;73,4;123;;jah
1981-06-13;72,5;122;;jah
1981-06-14;72;126;;jah
1981-06-15;71,5;126;;jah
1981-06-16;71,4;130;;jah
1981-06-17;71,3;131;;jah
1981-06-18;71,3;132;;jah
1981-06-19;71,7;136;;jah
1981-06-20;72,5;136;;jah
1981-06-21;73;138;;jah
1981-06-22;74;139;;jah
1981-06-23;75;142;;jah
1981-06-24;76;141;;jah
1981-06-25;76,6;143;;jah
1981-06-26;77,2;144;;jah
1981-06-27;77,4;141;;jah
1981-06-28;77,4;141;;jah
1981-06-29;77,4;138;;jah
1981-06-30;77,4;135;;jah
1981-07-01;77;133;;jah
1981-07-02;75,5;129;;jah
1981-07-03;73,5;126;;jah
1981-07-04;71,5;125;;jah
1981-07-05;69;124;;jah
1981-07-06;67;120;;jah
1981-07-07;65,3;118;;jah
1981-07-08;63,5;118;;jah
1981-07-09;63;116;;jah
1981-07-10;62,1;116;;jah
1981-07-11;61,5;112;;jah
1981-07-12;61;111;;jah
1981-07-13;60,6;108;;jah
1981-07-14;60,1;106;;jah
1981-07-15;59,6;108;;jah
1981-07-16;59,3;107;;jah
1981-07-17;59;105;;jah
1981-07-18;58,7;105;;jah
1981-07-19;58,4;106;;jah
1981-07-20;58,3;106;;jah
1981-07-21;58,3;108;;jah
1981-07-22;58,3;108;;jah
1981-07-23;58,3;105;;jah
1981-07-24;58,5;107;;jah
1981-07-25;59,2;104;;jah
1981-07-26;60,4;114;;jah
1981-07-27;61,9;120;;jah
1981-07-28;64;122;;jah
1981-07-29;66,2;124;;jah
1981-07-30;67,3;126;;jah
1981-07-31;68,2;126;;jah
1981-08-01;68,7;126;;jah
1981-08-02;69,7;125;;jah
1981-08-03;70,4;125;;jah
1981-08-04;70,8;124;;jah
1981-08-05;71,4;122;;jah
1981-08-06;71,6;120;;jah
1981-08-07;71,9;116;;jah
1981-08-08;72;114;;jah
1981-08-09;72,2;113;;jah
1981-08-10;72,4;120;;jah
1981-08-11;72,3;122;;jah
1981-08-12;72,1;122;;jah
1981-08-13;72;121;;jah
1981-08-14;71,8;121;;jah
1981-08-15;71,3;119;;jah
1981-08-16;70,7;116;;jah
1981-08-17;69,9;110;;jah
1981-08-18;69,2;104;;jah
1981-08-19;68,3;102;;jah
1981-08-20;67,4;101;;jah
1981-08-21;66,2;102;;jah
1981-08-22;65,7;103;;jah
1981-08-23;65;104;;jah
1981-08-24;64,1;106;;jah
1981-08-25;64,1;104;;jah
1981-08-26;64,6;105;;jah
1981-08-27;65,1;105;;jah
1981-08-28;65,6;104;;jah
1981-08-29;66,5;108;;jah
1981-08-30;67,7;111;;jah
1981-08-31;68,4;109;;jah
1981-09-01;70;114;;jah
1981-09-02;71,5;116;;jah
1981-09-03;73,2;118;;jah
1981-09-04;74,2;121;;jah
1981-09-05;74,7;122;;jah
1981-09-06;74,6;120;;jah
1981-09-07;73,5;118;;jah
1981-09-08;71,5;117;;jah
1981-09-09;69;116;;jah
1981-09-10;66,5;114;;jah
1981-09-11;63,3;111;;jah
1981-09-12;60,5;108;;jah
1981-09-13;59;103;;jah
1981-09-14;58,6;102;;jah
1981-09-15;58;98;;jah
1981-09-16;58;98;;jah
1981-09-17;58,3;102;;jah
1981-09-18;58,8;100;;jah
1981-09-19;59,4;94;;jah
1981-09-20;60,4;94;;jah
1981-09-21;61,5;92;;jah
1981-09-22;63;95;;jah
1981-09-23;63,5;100;;jah
1981-09-24;64;104;;jah
1981-09-25;64,3;107;;jah
1981-09-26;64,7;109;;jah
1981-09-27;64,9;110;;jah
1981-09-28;65;108;;jah
1981-09-29;65;108;;jah
1981-09-30;64,9;107;;jah
1981-10-01;64,8;104;;jah
1981-10-02;64,5;103;;jah
1981-10-03;64,2;102;;jah
1981-10-04;63,6;100;;jah
1981-10-05;62,7;98;;jah
1981-10-06;62,1;97;;jah
1981-10-07;61,5;97;;jah
1981-10-08;61,5;97;;jah
1981-10-09;63,5;96;;jah
1981-10-10;70,5;104;;jah
1981-10-11;75,3;122;;jah
1981-10-12;75,3;132;;jah
1981-10-13;75,4;136;;jah
1981-10-14;75,4;137;;jah
1981-10-15;75,4;136;;jah
1981-10-16;75,4;136;;jah
1981-10-17;75,4;136;;jah
1981-10-18;75,4;139;;jah
1981-10-19;75,4;141;;jah
1981-10-20;75,4;142;;jah
1981-10-21;76,5;142;;jah
1981-10-22;80,5;144;;jah
1981-10-23;83;154;;jah
1981-10-24;86;161;;jah
1981-10-25;89,5;162;;jah
1981-10-26;92,5;165;;jah
1981-10-27;95,5;165;;jah
1981-10-28;100;165;;jah
1981-10-29;102;165;;jah
1981-10-30;105;167;;jah
1981-10-31;107;170;;jah
1981-11-01;107;172;;jah
1981-11-02;107;173;;jah
1981-11-03;107;174;;jah
1981-11-04;107;174;;jah
1981-11-05;106;172;;jah
1981-11-06;106;176;;jah
1981-11-07;106;177;;jah
1981-11-08;106;178;;jah
1981-11-09;106;178;;jah
1981-11-10;106;176;;jah
1981-11-11;106;174;;jah
1981-11-12;106;172;;jah
1981-11-13;106;172;;jah
1981-11-14;106;170;;jah
1981-11-15;105;170;;jah
1981-11-16;105;169;;jah
1981-11-17;105;168;;jah
1981-11-18;105;164;;jah
1981-11-19;105;161;;jah
1981-11-20;105;160;;jah
1981-11-21;105;162;;jah
1981-11-22;106;166;;jah
1981-11-23;107;172;;jah
1981-11-24;108;177;;jah
1981-11-25;108;180;;jah
1981-11-26;108;181;;jah
1981-11-27;107;182;;jah
1981-11-28;105;180;;jah
1981-11-29;101;184;;jah
1981-11-30;98,5;188;;jah
1981-12-01;93,5;190;;jah
1981-12-02;89;191;;jah
1981-12-03;86;191;;jah
1981-12-04;82;190;;jah
1981-12-05;77,8;192;;jah
1981-12-06;73,8;189;;jah
1981-12-07;72;182;;jah
1981-12-08;70,5;182;;jah
1981-12-09;69,6;177;;jah
1981-12-10;69,3;178;;jah
1981-12-11;69,3;179;;jah
1981-12-12;69,4;192;;jah
1981-12-13;69,5;190;;jah
1981-12-14;69,7;187;;jah
1981-12-15;70;186;;jah
1981-12-16;70,3;185;;jah
1981-12-17;70,6;184;;jah
1981-12-18;71;182;;jah
1981-12-19;71,3;180;;jah
1981-12-20;71,4;178;;jah
1981-12-21;72,2;180;;jah
1981-12-22;72,5;180;;jah
1981-12-23;72,5;178;;jah
1981-12-24;72,5;178;;jah
1981-12-25;72,5;179;;jah
1981-12-26;72,5;178;;jah
1981-12-27;72,5;180;;jah
1981-12-28;72,5;180;;jah
1981-12-29;72,5;180;;jah
1981-12-30;72,5;181;;jah
1981-12-31;72,5;181;;jah
1982-01-01;72,4;181;;jah
1982-01-02;72,4;180;;jah
1982-01-03;72,4;179;;jah
1982-01-04;72,3;179;;jah
1982-01-05;72,3;180;;jah
1982-01-06;72,3;179;;jah
1982-01-07;72,2;178;;jah
1982-01-08;72;176;;jah
1982-01-09;71,8;173;;jah
1982-01-10;71,4;171;;jah
1982-01-11;70,6;170;;jah
1982-01-12;70,2;171;;jah
1982-01-13;69,8;171;;jah
1982-01-14;69;170;;jah
1982-01-15;68,5;170;;jah
1982-01-16;68;170;;jah
1982-01-17;67,5;169;;jah
1982-01-18;67;170;;jah
1982-01-19;66,5;168;;jah
1982-01-20;66;166;;jah
1982-01-21;65,5;166;;jah
1982-01-22;65,2;166;;jah
1982-01-23;64,7;165;;jah
1982-01-24;64,3;165;;jah
1982-01-25;63,8;165;;jah
1982-01-26;63,4;166;;jah
1982-01-27;63;166;;jah
1982-01-28;62,6;166;;jah
1982-01-29;62,1;166;;jah
1982-01-30;61,5;166;;jah
1982-01-31;60,8;168;;jah
1982-02-01;60,2;167;;jah
1982-02-02;59,7;167;;jah
1982-02-03;59,4;167;;jah
1982-02-04;59;167;;jah
1982-02-05;58;167;;jah
1982-02-06;57,5;168;;jah
1982-02-07;57,2;167;;jah
1982-02-08;57;166;;jah
1982-02-09;57;164;;jah
1982-02-10;57;161;;jah
1982-02-11;57;161;;jah
1982-02-12;57;164;;jah
1982-02-13;57,3;167;;jah
1982-02-14;57,5;167;;jah
1982-02-15;58,1;168;;jah
1982-02-16;58,5;168;;jah
1982-02-17;59,1;169;;jah
1982-02-18;59,7;168;;jah
1982-02-19;60,3;168;;jah
1982-02-20;61;166;;jah
1982-02-21;61,6;166;;jah
1982-02-22;62,1;167;;jah
1982-02-23;62,6;167;;jah
1982-02-24;63,2;166;;jah
1982-02-25;63,7;165;;jah
1982-02-26;64,1;164;;jah
1982-02-27;64,7;163;;jah
1982-02-28;65,3;161;;jah
1982-03-01;65,8;159;;jah
1982-03-02;66,4;160;;jah
1982-03-03;67;166;;jah
1982-03-04;67,5;170;;jah
1982-03-05;68,1;174;;jah
1982-03-06;68,7;174;;jah
1982-03-07;69,1;173;;jah
1982-03-08;70;174;;jah
1982-03-09;70,6;170;;jah
1982-03-10;71,8;169;;jah
1982-03-11;73;170;;jah
1982-03-12;74,2;170;;jah
1982-03-13;75,4;169;;jah
1982-03-14;76,8;164;;jah
1982-03-15;78,3;158;;jah
1982-03-16;79,2;154;;jah
1982-03-17;81,5;154;;jah
1982-03-18;83,3;156;;jah
1982-03-19;86;157;;jah
1982-03-20;87,5;156;;jah
1982-03-21;91,5;155;;jah
1982-03-22;95;154;;jah
1982-03-23;100;152;;jah
1982-03-24;103;151;;jah
1982-03-25;108;154;;jah
1982-03-26;111;168;;jah
1982-03-27;116;184;;jah
1982-03-28;121;198;;jah
1982-03-29;126;210;;jah
1982-03-30;131;214;;jah
1982-03-31;137;216;;jah
1982-04-01;141;217;;jah
1982-04-02;147;221;;jah
1982-04-03;151;231;;jah
1982-04-04;155;240;;jah
1982-04-05;160;246;;jah
1982-04-06;164;250;;jah
1982-04-07;166;254;;jah
1982-04-08;171;258;;jah
1982-04-09;174;261;;jah
1982-04-10;180;266;;jah
1982-04-11;184;270;;jah
1982-04-12;187;272;;jah
1982-04-13;190;274;;jah
1982-04-14;193;276;;jah
1982-04-15;194;278;;jah
1982-04-16;194;278;;jah
1982-04-17;195;278;;jah
1982-04-18;195;279;;jah
1982-04-19;194;278;;jah
1982-04-20;193;277;;jah
1982-04-21;191;276;;jah
1982-04-22;188;274;;jah
1982-04-23;184;272;;jah
1982-04-24;180;269;;jah
1982-04-25;177;266;;jah
1982-04-26;174;264;;jah
1982-04-27;170;260;;jah
1982-04-28;164;257;;jah
1982-04-29;160;254;;jah
1982-04-30;156;251;;jah
1982-05-01;152;248;;jah
1982-05-02;147;244;;jah
1982-05-03;142;242;;jah
1982-05-04;140;238;;jah
1982-05-05;136;234;;jah
1982-05-06;132;232;;jah
1982-05-07;127;228;;jah
1982-05-08;124;224;;jah
1982-05-09;120;219;;jah
1982-05-10;115;216;;jah
1982-05-11;111;212;;jah
1982-05-12;107;208;;jah
1982-05-13;105;204;;jah
1982-05-14;103;199;;jah
1982-05-15;101;194;;jah
1982-05-16;99,5;191;;jah
1982-05-17;97,8;188;;jah
1982-05-18;96;187;;jah
1982-05-19;94;186;;jah
1982-05-20;92;184;;jah
1982-05-21;90;180;;jah
1982-05-22;89;178;;jah
1982-05-23;86,7;176;;jah
1982-05-24;85,7;174;;jah
1982-05-25;84;172;;jah
1982-05-26;82,8;169;;jah
1982-05-27;81,3;167;;jah
1982-05-28;80;166;;jah
1982-05-29;78,2;165;;jah
1982-05-30;76,8;162;;jah
1982-05-31;75,5;160;;jah
1982-06-01;74;158;;jah
1982-06-02;73;158;;jah
1982-06-03;71,7;157;;jah
1982-06-04;70,5;156;;jah
1982-06-05;69,3;154;;jah
1982-06-06;68;152;;jah
1982-06-07;66,8;151;;jah
1982-06-08;65,7;148;;jah
1982-06-09;64,5;147;;jah
1982-06-10;63,5;144;;jah
1982-06-11;62,5;141;;jah
1982-06-12;62,2;140;;jah
1982-06-13;62;141;;jah
1982-06-14;62;140;;jah
1982-06-15;62,3;146;;jah
1982-06-16;65;161;;jah
1982-06-17;77,5;166;;jah
1982-06-18;86;172;;jah
1982-06-19;88;174;;jah
1982-06-20;88,5;173;;jah
1982-06-21;88,5;172;;jah
1982-06-22;88,3;172;;jah
1982-06-23;87,8;172;;jah
1982-06-24;86,9;170;;jah
1982-06-25;85,8;169;;jah
1982-06-26;84,7;168;;jah
1982-06-27;83,7;166;;jah
1982-06-28;82,6;164;;jah
1982-06-29;81,6;166;;jah
1982-06-30;80,5;164;;jah
1982-07-01;79,8;162;;jah
1982-07-02;78,7;160;;jah
1982-07-03;77,8;157;;jah
1982-07-04;77;156;;jah
1982-07-05;76,2;156;;jah
1982-07-06;75,1;156;;jah
1982-07-07;74,3;154;;jah
1982-07-08;73,5;154;;jah
1982-07-09;72,5;154;;jah
1982-07-10;71,8;154;;jah
1982-07-11;70,9;152;;jah
1982-07-12;70,1;150;;jah
1982-07-13;69,2;148;;jah
1982-07-14;68,2;146;;jah
1982-07-15;67,6;146;;jah
1982-07-16;67,1;144;;jah
1982-07-17;66,5;136;;jah
1982-07-18;66;132;;jah
1982-07-19;65,4;135;;jah
1982-07-20;65;134;;jah
1982-07-21;64,4;132;;jah
1982-07-22;63,9;130;;jah
1982-07-23;63,4;126;;jah
1982-07-24;63;124;;jah
1982-07-25;62,2;123;;jah
1982-07-26;61,7;122;;jah
1982-07-27;60,7;120;;jah
1982-07-28;60;120;;jah
1982-07-29;58,8;119;;jah
1982-07-30;57,7;116;;jah
1982-07-31;56,5;115;;jah
1982-08-01;55,6;114;;jah
1982-08-02;54,7;112;;jah
1982-08-03;53,8;110;;jah
1982-08-04;52,8;109;;jah
1982-08-05;52,3;108;;jah
1982-08-06;51,8;108;;jah
1982-08-07;51,3;105;;jah
1982-08-08;50,9;104;;jah
1982-08-09;50,4;102;;jah
1982-08-10;50;100;;jah
1982-08-11;49,5;99;;jah
1982-08-12;49;96;;jah
1982-08-13;48,7;98;;jah
1982-08-14;48,3;98;;jah
1982-08-15;47,9;96;;jah
1982-08-16;47,5;95;;jah
1982-08-17;47;95;;jah
1982-08-18;46,7;95;;jah
1982-08-19;46,5;94;;jah
1982-08-20;46,3;93;;jah
1982-08-21;46,3;92;;jah
1982-08-22;46,3;90;;jah
1982-08-23;46,3;92;;jah
1982-08-24;46,4;90;;jah
1982-08-25;46,4;91;;jah
1982-08-26;46,4;90;;jah
1982-08-27;46,4;89;;jah
1982-08-28;46,5;88;;jah
1982-08-29;46,5;87;;jah
1982-08-30;46,5;86;;jah
1982-08-31;46,5;85;;jah
1982-09-01;46,6;84;;jah
1982-09-02;46,7;83;;jah
1982-09-03;46,9;81;;jah
1982-09-04;47,2;82;;jah
1982-09-05;47,4;85;;jah
1982-09-06;47,5;85;;jah
1982-09-07;47,6;88;;jah
1982-09-08;47,6;88;;jah
1982-09-09;47,6;85;;jah
1982-09-10;47,6;86;;jah
1982-09-11;47,6;86;;jah
1982-09-12;47,4;84;;jah
1982-09-13;47;83;;jah
1982-09-14;46,7;82;;jah
1982-09-15;46,3;78;;jah
1982-09-16;45,9;77;;jah
1982-09-17;45,7;75;;jah
1982-09-18;45,4;74;;jah
1982-09-19;45,2;76;;jah
1982-09-20;44,8;75;;jah
1982-09-21;44,5;74;;jah
1982-09-22;44,2;74;;jah
1982-09-23;44;72;;jah
1982-09-24;43,8;72;;jah
1982-09-25;43,3;70;;jah
1982-09-26;43;68;;jah
1982-09-27;42,5;70;;jah
1982-09-28;42;68;;jah
1982-09-29;41,3;68;;jah
1982-09-30;40,8;67;;jah
1982-10-01;40,3;67;;jah
1982-10-02;39,9;66;;jah
1982-10-03;39,4;65;;jah
1982-10-04;38,9;64;;jah
1982-10-05;38,5;64;;jah
1982-10-06;38,3;63;;jah
1982-10-07;38;63;;jah
1982-10-08;37,7;64;;jah
1982-10-09;37,6;67;;jah
1982-10-10;37,5;70;;jah
1982-10-11;37,5;64;;jah
1982-10-12;37,5;62;;jah
1982-10-13;37,5;62;;jah
1982-10-14;37,6;62;;jah
1982-10-15;37,7;61;;jah
1982-10-16;38,5;64;;jah
1982-10-17;40;64;;jah
1982-10-18;41,8;67;;jah
1982-10-19;43;70;;jah
1982-10-20;44,5;67;;jah
1982-10-21;45,3;66;;jah
1982-10-22;45,8;70;;jah
1982-10-23;46,5;72;;jah
1982-10-24;46,7;73;;jah
1982-10-25;46,8;72;;jah
1982-10-26;46,9;74;;jah
1982-10-27;47;75;;jah
1982-10-28;47,2;74;;jah
1982-10-29;47,3;73;;jah
1982-10-30;47,4;72;;jah
1982-10-31;47,5;70;;jah
1982-11-01;47,5;70;;jah
1982-11-02;47,5;69;;jah
1982-11-03;47,5;66;;jah
1982-11-04;47,5;69;;jah
1982-11-05;47,5;82;;jah
1982-11-06;47,5;65;;jah
1982-11-07;47,4;65;;jah
1982-11-08;47,4;64;;jah
1982-11-09;47,3;68;;jah
1982-11-10;47,2;67;;jah
1982-11-11;47,2;64;;jah
1982-11-12;47,1;61;;jah
1982-11-13;47,1;68;;jah
1982-11-14;47;69;;jah
1982-11-15;47;68;;jah
1982-11-16;47;66;;jah
1982-11-17;47;66;;jah
1982-11-18;46,9;68;;jah
1982-11-19;46,8;66;;jah
1982-11-20;46,8;67;;jah
1982-11-21;46,8;70;;jah
1982-11-22;46,8;71;;jah
1982-11-23;46,8;72;;jah
1982-11-24;46,8;74;;jah
1982-11-25;46,8;74;;jah
1982-11-26;46,8;78;;jah
1982-11-27;46,8;78;;jah
1982-11-28;46,7;76;;jah
1982-11-29;46,7;74;;jah
1982-11-30;46,6;72;;jah
1982-12-01;46,5;70;;jah
1982-12-02;46,5;70;;jah
1982-12-03;46,5;70;;jah
1982-12-04;46,4;67;;jah
1982-12-05;46,2;65;;jah
1982-12-06;46,1;64;;jah
1982-12-07;46;66;;jah
1982-12-08;45,8;64;;jah
1982-12-09;45,7;60;;jah
1982-12-10;45,5;62;;jah
1982-12-11;45,3;68;;jah
1982-12-12;45;70;;jah
1982-12-13;37,5;68;;jah
1982-12-14;32,5;66;;jah
1982-12-15;29,1;64;;jah
1982-12-16;29,1;64;;jah
1982-12-17;29,1;66;;jah
1982-12-18;29,4;62;;jah
1982-12-19;32,5;63;;jah
1982-12-20;36,5;64;;jah
1982-12-21;41;67;;jah
1982-12-22;43,5;76;;jah
1982-12-23;45,8;80;;jah
1982-12-24;46,6;84;;jah
1982-12-25;47,7;85;;jah
1982-12-26;47,7;86;;jah
1982-12-27;47,7;87;;jah
1982-12-28;47,6;91;;jah
1982-12-29;47,5;92;;jah
1982-12-30;47,3;93;;jah
1982-12-31;47;92;;jah
1983-01-01;46,5;92;;jah
1983-01-02;46,2;96;;jah
1983-01-03;45,8;110;;jah
1983-01-04;45,7;101;;jah
1983-01-05;45,7;98;;jah
1983-01-06;46,3;86;;jah
1983-01-07;48;98;;jah
1983-01-08;49,5;101;;jah
1983-01-09;51,5;104;;jah
1983-01-10;54,7;104;;jah
1983-01-11;57;106;;jah
1983-01-12;60,5;104;;jah
1983-01-13;62;103;;jah
1983-01-14;64;106;;jah
1983-01-15;64,7;107;;jah
1983-01-16;64,5;110;;jah
1983-01-17;63;104;;jah
1983-01-18;60,5;102;;jah
1983-01-19;57,5;101;;jah
1983-01-20;54,5;104;;jah
1983-01-21;51;104;;jah
1983-01-22;48,3;124;;jah
1983-01-23;45,5;123;;jah
1983-01-24;43,2;111;;jah
1983-01-25;41,8;106;;jah
1983-01-26;40,7;104;;jah
1983-01-27;42;108;;jah
1983-01-28;44,5;120;;jah
1983-01-29;47,6;128;;jah
1983-01-30;55;136;;jah
1983-01-31;60,8;138;;jah
1983-02-01;63,5;142;;jah
1983-02-02;65,5;154;;jah
1983-02-03;65,4;150;;jah
1983-02-04;65;150;;jah
1983-02-05;64;146;;jah
1983-02-06;62,5;142;;jah
1983-02-07;60;137;;jah
1983-02-08;57,5;134;;jah
1983-02-09;56;134;;jah
1983-02-10;54,5;130;;jah
1983-02-11;52,5;126;;jah
1983-02-12;51,8;124;;jah
1983-02-13;51,3;124;;jah
1983-02-14;49,5;124;;jah
1983-02-15;49,2;124;;jah
1983-02-16;49;124;;jah
1983-02-17;48,8;123;;jah
1983-02-18;48,6;123;;jah
1983-02-19;48,5;124;;jah
1983-02-20;48,5;125;;jah
1983-02-21;48,5;126;;jah
1983-02-22;48,5;125;;jah
1983-02-23;48,5;124;;jah
1983-02-24;48,5;124;;jah
1983-02-25;48,5;124;;jah
1983-02-26;48,2;126;;jah
1983-02-27;48,1;127;;jah
1983-02-28;47,9;126;;jah
1983-03-01;47,5;123;;jah
1983-03-02;47,2;121;;jah
1983-03-03;47;120;;jah
1983-03-04;46,7;118;;jah
1983-03-05;46,5;120;;jah
1983-03-06;46,1;121;;jah
1983-03-07;45,5;122;;jah
1983-03-08;45,3;122;;jah
1983-03-09;45;122;;jah
1983-03-10;44,8;122;;jah
1983-03-11;44,5;122;;jah
1983-03-12;44,4;122;;jah
1983-03-13;44,8;122;;jah
1983-03-14;45,4;122;;jah
1983-03-15;46,2;125;;jah
1983-03-16;47;130;;jah
1983-03-17;48;130;;jah
1983-03-18;49,5;130;;jah
1983-03-19;51;130;;jah
1983-03-20;53;130;;jah
1983-03-21;54,5;130;;jah
1983-03-22;57,5;128;;jah
1983-03-23;60;124;;jah
1983-03-24;61,8;120;;jah
1983-03-25;62,2;123;;jah
1983-03-26;62,5;144;;jah
1983-03-27;62,7;149;;jah
1983-03-28;63;148;;jah
1983-03-29;63,7;148;;jah
1983-03-30;64;149;;jah
1983-03-31;65,3;153;;jah
1983-04-01;89,9;161;;jah
1983-04-02;100;173;;jah
1983-04-03;108;190;;jah
1983-04-04;116;201;;jah
1983-04-05;122;210;;jah
1983-04-06;127;214;;jah
1983-04-07;132;220;;jah
1983-04-08;136;224;;jah
1983-04-09;140;231;;jah
1983-04-10;144;236;;jah
1983-04-11;149;240;;jah
1983-04-12;154;242;;jah
1983-04-13;159;244;;jah
1983-04-14;160;246;;jah
1983-04-15;162;246;;jah
1983-04-16;162;245;;jah
1983-04-17;161;244;;jah
1983-04-18;161;244;;jah
1983-04-19;158;244;;jah
1983-04-20;154;243;;jah
1983-04-21;150;242;;jah
1983-04-22;144;238;;jah
1983-04-23;139;234;;jah
1983-04-24;134;230;;jah
1983-04-25;130;226;;jah
1983-04-26;126;222;;jah
1983-04-27;120;218;;jah
1983-04-28;116;214;;jah
1983-04-29;111;210;;jah
1983-04-30;109;206;;jah
1983-05-01;107;204;;jah
1983-05-02;105;202;;jah
1983-05-03;103;200;;jah
1983-05-04;101;198;;jah
1983-05-05;99;196;;jah
1983-05-06;98;194;;jah
1983-05-07;97;192;;jah
1983-05-08;96;190;;jah
1983-05-09;95;186;;jah
1983-05-10;94;186;;jah
1983-05-11;93;184;;jah
1983-05-12;92;183;;jah
1983-05-13;91,4;185;;jah
1983-05-14;90,6;181;;jah
1983-05-15;90,1;181;;jah
1983-05-16;89,5;190;;jah
1983-05-17;89;194;;jah
1983-05-18;88,3;196;;jah
1983-05-19;87,6;197;;jah
1983-05-20;87;197;;jah
1983-05-21;86,2;194;;jah
1983-05-22;85,4;192;;jah
1983-05-23;84,5;189;;jah
1983-05-24;84;186;;jah
1983-05-25;83,2;184;;jah
1983-05-26;82;182;;jah
1983-05-27;81;180;;jah
1983-05-28;80,2;179;;jah
1983-05-29;79,5;176;;jah
1983-05-30;78,5;172;;jah
1983-05-31;77,6;169;;jah
1983-06-01;77;170;;jah
1983-06-02;75,5;167;;jah
1983-06-03;74,5;166;;jah
1983-06-04;73,5;163;;jah
1983-06-05;72,5;160;;jah
1983-06-06;71,8;161;;jah
1983-06-07;70,2;158;;jah
1983-06-08;69,1;154;;jah
1983-06-09;68,1;154;;jah
1983-06-10;67;151;;jah
1983-06-11;66,2;148;;jah
1983-06-12;66,2;148;;jah
1983-06-13;64,3;147;;jah
1983-06-14;63,2;146;;jah
1983-06-15;62,5;144;;jah
1983-06-16;61,6;143;;jah
1983-06-17;60,8;142;;jah
1983-06-18;59,9;140;;jah
1983-06-19;59,1;138;;jah
1983-06-20;58,4;136;;jah
1983-06-21;57,7;136;;jah
1983-06-22;57,7;134;;jah
1983-06-23;57,7;130;;jah
1983-06-24;57,8;129;;jah
1983-06-25;57,8;129;;jah
1983-06-26;57,8;131;;jah
1983-06-27;57,8;128;;jah
1983-06-28;57,8;128;;jah
1983-06-29;57,8;130;;jah
1983-06-30;57,8;128;;jah
1983-07-01;57,2;128;;jah
1983-07-02;57;126;;jah
1983-07-03;56,1;124;;jah
1983-07-04;55,6;122;;jah
1983-07-05;54,9;120;;jah
1983-07-06;54;118;;jah
1983-07-07;53,3;116;;jah
1983-07-08;52,5;116;;jah
1983-07-09;51,8;116;;jah
1983-07-10;51;114;;jah
1983-07-11;50,2;113;;jah
1983-07-12;49,5;112;;jah
1983-07-13;48,5;111;;jah
1983-07-14;47,9;110;;jah
1983-07-15;47,6;107;;jah
1983-07-16;47,5;106;;jah
1983-07-17;47,3;104;;jah
1983-07-18;47;101;;jah
1983-07-19;46,7;101;;jah
1983-07-20;46,4;101;;jah
1983-07-21;46;100;;jah
1983-07-22;45,7;98;;jah
1983-07-23;45,2;98;;jah
1983-07-24;45;97;;jah
1983-07-25;44,5;96;;jah
1983-07-26;44,1;97;;jah
1983-07-27;43,7;96;;jah
1983-07-28;43,4;94;;jah
1983-07-29;42,9;93;;jah
1983-07-30;42,6;92;;jah
1983-07-31;42,4;91;;jah
1983-08-01;41,8;88;;jah
1983-08-02;41,5;88;;jah
1983-08-03;41,2;89;;jah
1983-08-04;40,7;88;;jah
1983-08-05;40,3;87;;jah
1983-08-06;39,9;86;;jah
1983-08-07;39,4;84;;jah
1983-08-08;39;82;;jah
1983-08-09;38,7;82;;jah
1983-08-10;38,2;80;;jah
1983-08-11;38;78;;jah
1983-08-12;37,6;76;;jah
1983-08-13;37,2;74;;jah
1983-08-14;36,8;70;;jah
1983-08-15;36,4;68;;jah
1983-08-16;36,1;68;;jah
1983-08-17;35,6;68;;jah
1983-08-18;35,2;69;;jah
1983-08-19;34,9;68;;jah
1983-08-20;34,5;68;;jah
1983-08-21;33,9;66;;jah
1983-08-22;33,6;65;;jah
1983-08-23;33,5;64;;jah
1983-08-24;33,5;62;;jah
1983-08-25;33,4;60;;jah
1983-08-26;33,4;58;;jah
1983-08-27;33,3;62;;jah
1983-08-28;33,3;60;;jah
1983-08-29;33,2;53;;jah
1983-08-30;33;52;;jah
1983-08-31;32,9;52;;jah
1983-09-01;32,8;53;;jah
1983-09-02;32,7;53;;jah
1983-09-03;32,6;53;;jah
1983-09-04;32,6;52;;jah
1983-09-05;32,5;50;;jah
1983-09-06;32,5;50;;jah
1983-09-07;32,4;50;;jah
1983-09-08;32,4;50;;jah
1983-09-09;32,4;46;;jah
1983-09-10;32,4;44;;jah
1983-09-11;32,3;48;;jah
1983-09-12;32,2;50;;jah
1983-09-13;32,1;48;;jah
1983-09-14;32;45;;jah
1983-09-15;32;44;;jah
1983-09-16;31,9;44;;jah
1983-09-17;31,7;45;;jah
1983-09-18;31,5;46;;jah
1983-09-19;31,4;42;;jah
1983-09-20;31,4;43;;jah
1983-09-21;31,3;42;;jah
1983-09-22;31,1;42;;jah
1983-09-23;31;44;;jah
1983-09-24;30,8;38;;jah
1983-09-25;30,7;38;;jah
1983-09-26;30,6;36;;jah
1983-09-27;30,5;36;;jah
1983-09-28;30,4;36;;jah
1983-09-29;30,4;34;;jah
1983-09-30;30,3;32;;jah
1983-10-01;30,4;31;;jah
1983-10-02;30,5;30;;jah
1983-10-03;30,7;34;;jah
1983-10-04;30,9;34;;jah
1983-10-05;31,1;34;;jah
1983-10-06;31,3;34;;jah
1983-10-07;31,5;36;;jah
1983-10-08;31,9;33;;jah
1983-10-09;32,2;34;;jah
1983-10-10;32,5;36;;jah
1983-10-11;33;36;;jah
1983-10-12;33,4;38;;jah
1983-10-13;33,5;38;;jah
1983-10-14;33,8;39;;jah
1983-10-15;34,3;43;;jah
1983-10-16;34,5;42;;jah
1983-10-17;34,7;40;;jah
1983-10-18;35;36;;jah
1983-10-19;35,3;32;;jah
1983-10-20;35,5;28;;jah
1983-10-21;35,6;35;;jah
1983-10-22;35,7;36;;jah
1983-10-23;35,6;34;;jah
1983-10-24;35,6;32;;jah
1983-10-25;35,5;31;;jah
1983-10-26;35,4;29;;jah
1983-10-27;35,2;34;;jah
1983-10-28;35;29;;jah
1983-10-29;34,7;32;;jah
1983-10-30;34,4;28;;jah
1983-10-31;34,5;32;;jah
1983-11-01;34,6;38;;jah
1983-11-02;35;35;;jah
1983-11-03;35,5;34;;jah
1983-11-04;35,9;36;;jah
1983-11-05;36,2;34;;jah
1983-11-06;36,6;32;;jah
1983-11-07;36,9;34;;jah
1983-11-08;37;35;;jah
1983-11-09;37,4;34;;jah
1983-11-10;37,4;34;;jah
1983-11-11;37,4;39;;jah
1983-11-12;37,3;36;;jah
1983-11-13;36;39;;jah
1983-11-14;31;12;;jah
1983-11-15;27,5;19;;jah
1983-11-16;25;28;;jah
1983-11-17;24,6;30;;jah
1983-11-18;24,2;28;;jah
1983-11-19;24,3;30;;jah
1983-11-20;24,3;24;;jah
1983-11-21;24,9;34;;jah
1983-11-22;25,6;42;;jah
1983-11-23;27,5;52;;jah
1983-11-24;29;49;;jah
1983-11-25;30,5;34;;jah
1983-11-26;31,7;34;;jah
1983-11-27;33;46;;jah
1983-11-28;35;67;;jah
1983-11-29;36,1;82;;jah
1983-11-30;37,3;82;;jah
1983-12-01;38,4;74;;jah
1983-12-02;39,2;61;;jah
1983-12-03;40;54;;jah
1983-12-04;41,1;52;;jah
1983-12-05;42;54;;jah
1983-12-06;42,6;56;;jah
1983-12-07;43,5;63;;jah
1983-12-08;44,2;60;;jah
1983-12-09;44,8;60;;jah
1983-12-10;44;60;;jah
1983-12-11;40,8;84;;jah
1983-12-12;37,5;106;;jah
1983-12-13;36,7;105;;jah
1983-12-14;36,9;97;;jah
1983-12-15;37,5;90;;jah
1983-12-16;39;82;;jah
1983-12-17;40,2;76;;jah
1983-12-18;41,7;73;;jah
1983-12-19;42,8;71;;jah
1983-12-20;44;68;;jah
1983-12-21;45,5;68;;jah
1983-12-22;46,4;70;;jah
1983-12-23;47,9;73;;jah
1983-12-24;49,5;76;;jah
1983-12-25;50,5;82;;jah
1983-12-26;51,9;82;;jah
1983-12-27;53,1;82;;jah
1983-12-28;54,8;83;;jah
1983-12-29;56,1;82;;jah
1983-12-30;57,7;82;;jah
1983-12-31;58,8;81;;jah
1984-01-01;60;84;;jah
1984-01-02;61,5;98;;jah
1984-01-03;63,5;105;;jah
1984-01-04;64,6;108;;jah
1984-01-05;64,6;111;;jah
1984-01-06;64,6;111;;jah
1984-01-07;64,5;108;;jah
1984-01-08;64;108;;jah
1984-01-09;63,2;108;;jah
1984-01-10;62,2;108;;jah
1984-01-11;61;114;;jah
1984-01-12;59,6;119;;jah
1984-01-13;58,4;111;;jah
1984-01-14;57,1;108;;jah
1984-01-15;56,7;106;;jah
1984-01-16;56,3;102;;jah
1984-01-17;55,9;103;;jah
1984-01-18;55,3;104;;jah
1984-01-19;54,8;102;;jah
1984-01-20;54,3;102;;jah
1984-01-21;53,6;103;;jah
1984-01-22;52,6;108;;jah
1984-01-23;52,1;124;;jah
1984-01-24;51,9;125;;jah
1984-01-25;52;118;;jah
1984-01-26;52;116;;jah
1984-01-27;52,1;115;;jah
1984-01-28;52,2;114;;jah
1984-01-29;52,3;114;;jah
1984-01-30;52,4;112;;jah
1984-01-31;52,4;110;;jah
1984-02-01;52,5;108;;jah
1984-02-02;52,6;106;;jah
1984-02-03;52,7;103;;jah
1984-02-04;53;103;;jah
1984-02-05;53;104;;jah
1984-02-06;53;104;;jah
1984-02-07;53;106;;jah
1984-02-08;52,8;106;;jah
1984-02-09;52,6;105;;jah
1984-02-10;52,3;104;;jah
1984-02-11;52;94;;jah
1984-02-12;51,5;92;;jah
1984-02-13;51,3;91;;jah
1984-02-14;50,9;86;;jah
1984-02-15;50,6;85;;jah
1984-02-16;50,3;86;;jah
1984-02-17;50,2;90;;jah
1984-02-18;49,8;91;;jah
1984-02-19;49,6;88;;jah
1984-02-20;49,5;89;;jah
1984-02-21;49,4;90;;jah
1984-02-22;49,3;90;;jah
1984-02-23;49;88;;jah
1984-02-24;48,8;86;;jah
1984-02-25;48,7;86;;jah
1984-02-26;48,6;86;;jah
1984-02-27;48,5;85;;jah
1984-02-28;48,3;86;;jah
1984-02-29;48,2;86;;jah
1984-03-01;48;90;;jah
1984-03-02;47,9;91;;jah
1984-03-03;47,5;87;;jah
1984-03-04;47,3;78;;jah
1984-03-05;47,2;73;;jah
1984-03-06;46,8;68;;jah
1984-03-07;46,5;68;;jah
1984-03-08;46,3;66;;jah
1984-03-09;46,2;62;;jah
1984-03-10;45,8;62;;jah
1984-03-11;45,6;62;;jah
1984-03-12;45,2;60;;jah
1984-03-13;45,1;60;;jah
1984-03-14;45;58;;jah
1984-03-15;44,9;56;;jah
1984-03-16;44,7;56;;jah
1984-03-17;44,6;55;;jah
1984-03-18;44,5;55;;jah
1984-03-19;44,4;56;;jah
1984-03-20;44,3;54;;jah
1984-03-21;44,2;53;;jah
1984-03-22;44,1;52;;jah
1984-03-23;44;51;;jah
1984-03-24;44;51;;jah
1984-03-25;44;50;;jah
1984-03-26;44;50;;jah
1984-03-27;44;50;;jah
1984-03-28;44,1;50;;jah
1984-03-29;44,5;50;;jah
1984-03-30;46,5;52;;jah
1984-03-31;51;58;;jah
1984-04-01;62,5;86;;jah
1984-04-02;73;100;;jah
1984-04-03;80,5;106;;jah
1984-04-04;89,5;123;;jah
1984-04-05;94,8;139;;jah
1984-04-06;106;150;;jah
1984-04-07;110;158;;jah
1984-04-08;115;163;;jah
1984-04-09;120;170;;jah
1984-04-10;124;178;;jah
1984-04-11;127;182;;jah
1984-04-12;130;186;;jah
1984-04-13;130;186;;jah
1984-04-14;131;187;;jah
1984-04-15;131;187;;jah
1984-04-16;130;186;;jah
1984-04-17;123;184;;jah
1984-04-18;120;181;;jah
1984-04-19;115;178;;jah
1984-04-20;111;174;;jah
1984-04-21;107;170;;jah
1984-04-22;102;163;;jah
1984-04-23;97,5;158;;jah
1984-04-24;92,5;152;;jah
1984-04-25;88;144;;jah
1984-04-26;83;140;;jah
1984-04-27;81;144;;jah
1984-04-28;79,7;136;;jah
1984-04-29;78;132;;jah
1984-04-30;76,4;129;;jah
1984-05-01;75,7;128;;jah
1984-05-02;74;126;;jah
1984-05-03;72,9;124;;jah
1984-05-04;71,8;120;;jah
1984-05-05;70,7;120;;jah
1984-05-06;69,5;118;;jah
1984-05-07;68,4;117;;jah
1984-05-08;67,6;116;;jah
1984-05-09;66,8;114;;jah
1984-05-10;66,1;111;;jah
1984-05-11;65,3;110;;jah
1984-05-12;64,6;110;;jah
1984-05-13;63,8;108;;jah
1984-05-14;63;107;;jah
1984-05-15;62,4;106;;jah
1984-05-16;61,5;104;;jah
1984-05-17;60,8;102;;jah
1984-05-18;60,3;102;;jah
1984-05-19;59,6;100;;jah
1984-05-20;59;102;;jah
1984-05-21;58,7;100;;jah
1984-05-22;58,4;100;;jah
1984-05-23;58;100;;jah
1984-05-24;57,7;99;;jah
1984-05-25;57,3;100;;jah
1984-05-26;57,1;100;;jah
1984-05-27;56,8;99;;jah
1984-05-28;56,4;100;;jah
1984-05-29;56;101;;jah
1984-05-30;55,7;100;;jah
1984-05-31;55;98;;jah
1984-06-01;54,4;96;;jah
1984-06-02;53,9;95;;jah
1984-06-03;53,2;94;;jah
1984-06-04;52,7;92;;jah
1984-06-05;52,2;90;;jah
1984-06-06;51,4;89;;jah
1984-06-07;50,7;88;;jah
1984-06-08;50;85;;jah
1984-06-09;49,2;84;;jah
1984-06-10;48,7;82;;jah
1984-06-11;48;82;;jah
1984-06-12;47,7;80;;jah
1984-06-13;47,5;78;;jah
1984-06-14;47,3;79;;jah
1984-06-15;46,8;80;;jah
1984-06-16;46,4;78;;jah
1984-06-17;46,2;76;;jah
1984-06-18;45,9;74;;jah
1984-06-19;45,3;73;;jah
1984-06-20;45;72;;jah
1984-06-21;44,8;70;;jah
1984-06-22;44,6;70;;jah
1984-06-23;44,3;70;;jah
1984-06-24;44,1;70;;jah
1984-06-25;43,5;69;;jah
1984-06-26;43;68;;jah
1984-06-27;42,5;67;;jah
1984-06-28;42;64;;jah
1984-06-29;41,3;63;;jah
1984-06-30;40,6;62;;jah
1984-07-01;40,4;62;;jah
1984-07-02;39,8;60;;jah
1984-07-03;39,3;60;;jah
1984-07-04;38,8;60;;jah
1984-07-05;38,3;60;;jah
1984-07-06;38,2;60;;jah
1984-07-07;37,5;58;;jah
1984-07-08;37,2;56;;jah
1984-07-09;36,8;56;;jah
1984-07-10;36,4;56;;jah
1984-07-11;36,2;54;;jah
1984-07-12;35,7;53;;jah
1984-07-13;35,3;52;;jah
1984-07-14;35;51;;jah
1984-07-15;34,6;50;;jah
1984-07-16;34,5;50;;jah
1984-07-17;34,3;52;;jah
1984-07-18;34,1;52;;jah
1984-07-19;34,1;52;;jah
1984-07-20;34,1;54;;jah
1984-07-21;34,1;52;;jah
1984-07-22;35;52;;jah
1984-07-23;36,5;52;;jah
1984-07-24;37,8;51;;jah
1984-07-25;39,2;52;;jah
1984-07-26;40,1;52;;jah
1984-07-27;40,8;52;;jah
1984-07-28;41,4;52;;jah
1984-07-29;41,6;52;;jah
1984-07-30;41,8;54;;jah
1984-07-31;41,8;56;;jah
1984-08-01;41,5;53;;jah
1984-08-02;41,2;51;;jah
1984-08-03;40,8;50;;jah
1984-08-04;40,3;48;;jah
1984-08-05;40;46;;jah
1984-08-06;39,5;46;;jah
1984-08-07;39,1;45;;jah
1984-08-08;38,7;44;;jah
1984-08-09;38,2;44;;jah
1984-08-10;37,8;42;;jah
1984-08-11;37,5;42;;jah
1984-08-12;37;40;;jah
1984-08-13;36,6;38;;jah
1984-08-14;36,1;37;;jah
1984-08-15;35,7;38;;jah
1984-08-16;35,5;36;;jah
1984-08-17;35,2;35;;jah
1984-08-18;34,8;34;;jah
1984-08-19;34,5;32;;jah
1984-08-20;34,2;31;;jah
1984-08-21;34;31;;jah
1984-08-22;33,6;30;;jah
1984-08-23;33,5;30;;jah
1984-08-24;33,4;30;;jah
1984-08-25;33,4;31;;jah
1984-08-26;33,4;28;;jah
1984-08-27;33,4;28;;jah
1984-08-28;33,5;26;;jah
1984-08-29;33,5;30;;jah
1984-08-30;33,5;31;;jah
1984-08-31;33,5;30;;jah
1984-09-01;33,6;25;;jah
1984-09-02;33,8;26;;jah
1984-09-03;34,5;25;;jah
1984-09-04;35,2;28;;jah
1984-09-05;36,1;30;;jah
1984-09-06;36,8;32;;jah
1984-09-07;37,2;32;;jah
1984-09-08;36,8;32;;jah
1984-09-09;36,5;32;;jah
1984-09-10;36;32;;jah
1984-09-11;35,5;32;;jah
1984-09-12;35;32;;jah
1984-09-13;34,5;30;;jah
1984-09-14;34,2;30;;jah
1984-09-15;33,6;30;;jah
1984-09-16;33;30;;jah
1984-09-17;32,7;28;;jah
1984-09-18;32,7;29;;jah
1984-09-19;32,7;30;;jah
1984-09-20;32,7;26;;jah
1984-09-21;33;30;;jah
1984-09-22;35,5;36;;jah
1984-09-23;37,5;40;;jah
1984-09-24;40,5;43;;jah
1984-09-25;43,2;44;;jah
1984-09-26;46;45;;jah
1984-09-27;48,5;52;;jah
1984-09-28;50,5;57;;jah
1984-09-29;51;56;;jah
1984-09-30;51;56;;jah
1984-10-01;51;54;;jah
1984-10-02;50;50;;jah
1984-10-03;49;48;;jah
1984-10-04;48;46;;jah
1984-10-05;46,5;44;;jah
1984-10-06;45;41;;jah
1984-10-07;44;42;;jah
1984-10-08;42,8;38;;jah
1984-10-09;42,3;38;;jah
1984-10-10;41,9;38;;jah
1984-10-11;41,9;40;;jah
1984-10-12;42;42;;jah
1984-10-13;42,5;44;;jah
1984-10-14;43,2;44;;jah
1984-10-15;43,8;45;;jah
1984-10-16;45;45;;jah
1984-10-17;46,2;46;;jah
1984-10-18;47;51;;jah
1984-10-19;48,3;52;;jah
1984-10-20;49,5;53;;jah
1984-10-21;51;54;;jah
1984-10-22;52,5;54;;jah
1984-10-23;54,7;58;;jah
1984-10-24;56,5;62;;jah
1984-10-25;59;68;;jah
1984-10-26;61,5;72;;jah
1984-10-27;64;77;;jah
1984-10-28;67,5;81;;jah
1984-10-29;69;84;;jah
1984-10-30;69,6;84;;jah
1984-10-31;69,7;82;;jah
1984-11-01;69,9;82;;jah
1984-11-02;69,7;82;;jah
1984-11-03;69,5;82;;jah
1984-11-04;69;82;;jah
1984-11-05;68,5;80;;jah
1984-11-06;67;76;;jah
1984-11-07;65;74;;jah
1984-11-08;63,2;72;;jah
1984-11-09;61,3;70;;jah
1984-11-10;60;69;;jah
1984-11-11;58,7;66;;jah
1984-11-12;57,4;64;;jah
1984-11-13;56,5;62;;jah
1984-11-14;55,3;62;;jah
1984-11-15;54,5;62;;jah
1984-11-16;54;60;;jah
1984-11-17;53,8;60;;jah
1984-11-18;53,7;59;;jah
1984-11-19;53,6;55;;jah
1984-11-20;53,5;56;;jah
1984-11-21;53,4;58;;jah
1984-11-22;53,3;60;;jah
1984-11-23;53,2;63;;jah
1984-11-24;53;60;;jah
1984-11-25;52,8;60;;jah
1984-11-26;52,7;59;;jah
1984-11-27;52,6;56;;jah
1984-11-28;52,5;54;;jah
1984-11-29;52,4;58;;jah
1984-11-30;52,3;60;;jah
1984-12-01;52,2;67;;jah
1984-12-02;51,9;62;;jah
1984-12-03;51,9;58;;jah
1984-12-04;51,9;58;;jah
1984-12-05;52,3;57;;jah
1984-12-06;53;57;;jah
1984-12-07;55;58;;jah
1984-12-08;62,5;60;;jah
1984-12-09;69;66;;jah
1984-12-10;74,5;83;;jah
1984-12-11;77,5;93;;jah
1984-12-12;80;96;;jah
1984-12-13;76;96;;jah
1984-12-14;69;94;;jah
1984-12-15;61;90;;jah
1984-12-16;54,7;87;;jah
1984-12-17;49,5;109;;jah
1984-12-18;47,3;94;;jah
1984-12-19;47,1;90;;jah
1984-12-20;47,3;78;;jah
1984-12-21;47,8;75;;jah
1984-12-22;48,4;76;;jah
1984-12-23;48,7;78;;jah
1984-12-24;48,6;71;;jah
1984-12-25;47,5;72;;jah
1984-12-26;46,5;72;;jah
1984-12-27;45,6;70;;jah
1984-12-28;45;70;;jah
1984-12-29;44,3;70;;jah
1984-12-30;43,8;70;;jah
1984-12-31;43,2;72;;jah
1985-01-01;42,8;73;;jah
1985-01-02;42,5;74;;jah
1985-01-03;42,1;80;;jah
1985-01-04;41,8;78;;jah
1985-01-05;41,8;76;;jah
1985-01-06;41,8;75;;jah
1985-01-07;41,8;74;;jah
1985-01-08;41,8;73;;jah
1985-01-09;41,8;76;;jah
1985-01-10;41,8;76;;jah
1985-01-11;41,8;78;;jah
1985-01-12;41,8;78;;jah
1985-01-13;41,8;78;;jah
1985-01-14;41,8;78;;jah
1985-01-15;41,8;77;;jah
1985-01-16;41,8;77;;jah
1985-01-17;41,8;77;;jah
1985-01-18;41,7;78;;jah
1985-01-19;41,5;80;;jah
1985-01-20;41,4;76;;jah
1985-01-21;41,2;74;;jah
1985-01-22;41,1;69;;jah
1985-01-23;41;66;;jah
1985-01-24;40,9;72;;jah
1985-01-25;40,8;76;;jah
1985-01-26;40,7;77;;jah
1985-01-27;40,5;78;;jah
1985-01-28;40,5;76;;jah
1985-01-29;40,4;75;;jah
1985-01-30;40,2;77;;jah
1985-01-31;40;79;;jah
1985-02-01;39,9;80;;jah
1985-02-02;39,7;82;;jah
1985-02-03;39,5;82;;jah
1985-02-04;39,3;83;;jah
1985-02-05;39;82;;jah
1985-02-06;39;80;;jah
1985-02-07;38,7;78;;jah
1985-02-08;38,5;78;;jah
1985-02-09;38,3;77;;jah
1985-02-10;38;75;;jah
1985-02-11;37,8;74;;jah
1985-02-12;37,7;74;;jah
1985-02-13;37,5;74;;jah
1985-02-14;37,4;74;;jah
1985-02-15;37,3;74;;jah
1985-02-16;37,2;74;;jah
1985-02-17;37;74;;jah
1985-02-18;37;72;;jah
1985-02-19;36,9;70;;jah
1985-02-20;36,9;70;;jah
1985-02-21;36,9;68;;jah
1985-02-22;36,8;67;;jah
1985-02-23;36,8;67;;jah
1985-02-24;36,8;68;;jah
1985-02-25;36,8;68;;jah
1985-02-26;36,8;68;;jah
1985-02-27;36,8;71;;jah
1985-02-28;36,8;73;;jah
1985-03-01;37;74;;jah
1985-03-02;37,2;78;;jah
1985-03-03;37,4;79;;jah
1985-03-04;37,5;81;;jah
1985-03-05;37,7;82;;jah
1985-03-06;38,4;82;;jah
1985-03-07;38,7;82;;jah
1985-03-08;39;82;;jah
1985-03-09;39,5;82;;jah
1985-03-10;39,6;82;;jah
1985-03-11;40;80;;jah
1985-03-12;40,3;78;;jah
1985-03-13;40,8;74;;jah
1985-03-14;41;70;;jah
1985-03-15;41;61;;jah
1985-03-16;41,1;54;;jah
1985-03-17;41,2;48;;jah
1985-03-18;41,2;44;;jah
1985-03-19;41,3;42;;jah
1985-03-20;41,3;40;;jah
1985-03-21;41,4;40;;jah
1985-03-22;41,4;38;;jah
1985-03-23;41,4;36;;jah
1985-03-24;41,4;36;;jah
1985-03-25;41,4;36;;jah
1985-03-26;41,4;36;;jah
1985-03-27;41,6;36;;jah
1985-03-28;44;42;;jah
1985-03-29;48,5;54;;jah
1985-03-30;56,5;60;;jah
1985-03-31;57;62;;jah
1985-04-01;57,3;62;;jah
1985-04-02;57,3;61;;jah
1985-04-03;84,2;97;;jah
1985-04-04;86,1;121;;jah
1985-04-05;87;124;;jah
1985-04-06;87,3;132;;jah
1985-04-07;87,5;132;;jah
1985-04-08;87,5;126;;jah
1985-04-09;87,6;124;;jah
1985-04-10;87,6;124;;jah
1985-04-11;87,6;124;;jah
1985-04-12;87,6;126;;jah
1985-04-13;87,6;126;;jah
1985-04-14;87,6;126;;jah
1985-04-15;87,6;128;;jah
1985-04-16;87,8;132;;jah
1985-04-17;89;134;;jah
1985-04-18;92;138;;jah
1985-04-19;94,5;142;;jah
1985-04-20;97;148;;jah
1985-04-21;100;150;;jah
1985-04-22;103;152;;jah
1985-04-23;104;152;;jah
1985-04-24;104;154;;jah
1985-04-25;104;156;;jah
1985-04-26;104;156;;jah
1985-04-27;102;154;;jah
1985-04-28;100;153;;jah
1985-04-29;98,4;152;;jah
1985-04-30;97,2;150;;jah
1985-05-01;96,1;147;;jah
1985-05-02;94,7;144;;jah
1985-05-03;93,6;142;;jah
1985-05-04;92,5;142;;jah
1985-05-05;92,5;146;;jah
1985-05-06;92,5;146;;jah
1985-05-07;92,5;146;;jah
1985-05-08;92,3;144;;jah
1985-05-09;91,8;142;;jah
1985-05-10;91,2;141;;jah
1985-05-11;90,6;142;;jah
1985-05-12;90;142;;jah
1985-05-13;90;144;;jah
1985-05-14;90;144;;jah
1985-05-15;90;147;;jah
1985-05-16;90;150;;jah
1985-05-17;90;150;;jah
1985-05-18;89,6;148;;jah
1985-05-19;88,6;146;;jah
1985-05-20;87,5;142;;jah
1985-05-21;86;140;;jah
1985-05-22;84,2;137;;jah
1985-05-23;83,8;136;;jah
1985-05-24;82,2;134;;jah
1985-05-25;81,5;132;;jah
1985-05-26;80,6;128;;jah
1985-05-27;79,7;126;;jah
1985-05-28;79,1;124;;jah
1985-05-29;78,5;122;;jah
1985-05-30;78,2;121;;jah
1985-05-31;78,2;122;;jah
1985-06-01;80;138;;jah
1985-06-02;83,5;140;;jah
1985-06-03;83,3;139;;jah
1985-06-04;83;136;;jah
1985-06-05;82,2;134;;jah
1985-06-06;81;132;;jah
1985-06-07;79,8;134;;jah
1985-06-08;78;132;;jah
1985-06-09;77;128;;jah
1985-06-10;76,3;124;;jah
1985-06-11;75,6;124;;jah
1985-06-12;75,6;122;;jah
1985-06-13;75,6;122;;jah
1985-06-14;75,8;120;;jah
1985-06-15;76,2;125;;jah
1985-06-16;76,5;122;;jah
1985-06-17;78,5;128;;jah
1985-06-18;83;144;;jah
1985-06-19;82,7;142;;jah
1985-06-20;82,3;142;;jah
1985-06-21;81,6;138;;jah
1985-06-22;80,5;132;;jah
1985-06-23;79,7;128;;jah
1985-06-24;79,3;124;;jah
1985-06-25;78,5;122;;jah
1985-06-26;77,5;120;;jah
1985-06-27;77;116;;jah
1985-06-28;76,3;114;;jah
1985-06-29;75,8;115;;jah
1985-06-30;75,3;118;;jah
1985-07-01;74,7;119;;jah
1985-07-02;74;120;;jah
1985-07-03;73;123;;jah
1985-07-04;71;121;;jah
1985-07-05;69,5;118;;jah
1985-07-06;67,5;118;;jah
1985-07-07;66,5;117;;jah
1985-07-08;65,3;116;;jah
1985-07-09;64,5;117;;jah
1985-07-10;64;120;;jah
1985-07-11;63,2;122;;jah
1985-07-12;62,5;120;;jah
1985-07-13;61,7;118;;jah
1985-07-14;61,3;115;;jah
1985-07-15;60,8;112;;jah
1985-07-16;60,2;109;;jah
1985-07-17;59,8;104;;jah
1985-07-18;59,3;102;;jah
1985-07-19;59;99;;jah
1985-07-20;58,6;98;;jah
1985-07-21;58,4;96;;jah
1985-07-22;58,2;96;;jah
1985-07-23;58;95;;jah
1985-07-24;57,9;95;;jah
1985-07-25;57,7;94;;jah
1985-07-26;57,6;94;;jah
1985-07-27;57,5;92;;jah
1985-07-28;57,4;92;;jah
1985-07-29;57,4;92;;jah
1985-07-30;57,3;92;;jah
1985-07-31;57,3;94;;jah
1985-08-01;57,3;96;;jah
1985-08-02;57,7;98;;jah
1985-08-03;58,2;100;;jah
1985-08-04;59;102;;jah
1985-08-05;59,8;104;;jah
1985-08-06;60,1;106;;jah
1985-08-07;60,4;106;;jah
1985-08-08;60,2;106;;jah
1985-08-09;60;104;;jah
1985-08-10;59,5;102;;jah
1985-08-11;58;100;;jah
1985-08-12;57,3;96;;jah
1985-08-13;56,8;94;;jah
1985-08-14;56,5;94;;jah
1985-08-15;56,3;92;;jah
1985-08-16;57,3;98;;jah
1985-08-17;59;104;;jah
1985-08-18;60,5;107;;jah
1985-08-19;60,5;104;;jah
1985-08-20;60,2;106;;jah
1985-08-21;59,7;104;;jah
1985-08-22;59;102;;jah
1985-08-23;58;101;;jah
1985-08-24;57,2;96;;jah
1985-08-25;57,5;96;;jah
1985-08-26;60;102;;jah
1985-08-27;64,5;115;;jah
1985-08-28;65,6;122;;jah
1985-08-29;67;125;;jah
1985-08-30;66,8;122;;jah
1985-08-31;65;118;;jah
1985-09-01;63,5;114;;jah
1985-09-02;61,5;109;;jah
1985-09-03;59,5;105;;jah
1985-09-04;57,8;102;;jah
1985-09-05;57;101;;jah
1985-09-06;56,8;100;;jah
1985-09-07;56,6;99;;jah
1985-09-08;56,8;101;;jah
1985-09-09;58;110;;jah
1985-09-10;65;116;;jah
1985-09-11;66,8;123;;jah
1985-09-12;66,8;123;;jah
1985-09-13;66,8;122;;jah
1985-09-14;66,8;118;;jah
1985-09-15;67;115;;jah
1985-09-16;67,1;110;;jah
1985-09-17;67,5;107;;jah
1985-09-18;67,7;107;;jah
1985-09-19;68;105;;jah
1985-09-20;68,3;104;;jah
1985-09-21;69,4;106;;jah
1985-09-22;69,4;110;;jah
1985-09-23;69,4;114;;jah
1985-09-24;69,5;115;;jah
1985-09-25;69,5;114;;jah
1985-09-26;69,5;115;;jah
1985-09-27;69,5;114;;jah
1985-09-28;69,5;115;;jah
1985-09-29;69,6;116;;jah
1985-09-30;69,6;115;;jah
1985-10-01;70,5;116;;jah
1985-10-02;72,5;119;;jah
1985-10-03;74,2;129;;jah
1985-10-04;74,8;130;;jah
1985-10-05;74,9;130;;jah
1985-10-06;74,8;129;;jah
1985-10-07;74,7;128;;jah
1985-10-08;74,4;126;;jah
1985-10-09;74;125;;jah
1985-10-10;73,7;124;;jah
1985-10-11;73,2;122;;jah
1985-10-12;73;122;;jah
1985-10-13;73,3;126;;jah
1985-10-14;74,3;128;;jah
1985-10-15;74,8;130;;jah
1985-10-16;75,3;132;;jah
1985-10-17;75,5;132;;jah
1985-10-18;75,3;130;;jah
1985-10-19;75,1;130;;jah
1985-10-20;74,8;128;;jah
1985-10-21;74,3;126;;jah
1985-10-22;73,9;124;;jah
1985-10-23;72,5;124;;jah
1985-10-24;71;122;;jah
1985-10-25;69,5;119;;jah
1985-10-26;67,8;116;;jah
1985-10-27;66,3;114;;jah
1985-10-28;65;111;;jah
1985-10-29;63,8;110;;jah
1985-10-30;63;108;;jah
1985-10-31;62,5;110;;jah
1985-11-01;62,8;112;;jah
1985-11-02;63,3;112;;jah
1985-11-03;64;113;;jah
1985-11-04;65;111;;jah
1985-11-05;65,8;112;;jah
1985-11-06;67,5;114;;jah
1985-11-07;68,3;116;;jah
1985-11-08;69,5;114;;jah
1985-11-09;71,8;114;;jah
1985-11-10;73,2;114;;jah
1985-11-11;75;118;;jah
1985-11-12;75,8;121;;jah
1985-11-13;76,4;122;;jah
1985-11-14;76,4;124;;jah
1985-11-15;76,4;126;;jah
1985-11-16;76,4;126;;jah
1985-11-17;76,3;124;;jah
1985-11-18;76,2;124;;jah
1985-11-19;75,9;122;;jah
1985-11-20;75,2;120;;jah
1985-11-21;74;114;;jah
1985-11-22;71,5;120;;jah
1985-11-23;60,8;114;;jah
1985-11-24;53,2;97;;jah
1985-11-25;52,9;98;;jah
1985-11-26;52,9;103;;jah
1985-11-27;52,9;110;;jah
1985-11-28;52,9;114;;jah
1985-11-29;52,9;116;;jah
1985-11-30;52,9;116;;jah
1985-12-01;53;115;;jah
1985-12-02;53;114;;jah
1985-12-03;53;115;;jah
1985-12-04;53;115;;jah
1985-12-05;53;114;;jah
1985-12-06;53,1;116;;jah
1985-12-07;53,1;122;;jah
1985-12-08;53,2;122;;jah
1985-12-09;53,2;120;;jah
1985-12-10;53,2;120;;jah
1985-12-11;53,3;120;;jah
1985-12-12;53,3;120;;jah
1985-12-13;53,4;120;;jah
1985-12-14;55;122;;jah
1985-12-15;58;126;;jah
1985-12-16;58,8;128;;jah
1985-12-17;59;128;;jah
1985-12-18;59;120;;jah
1985-12-19;59;112;;jah
1985-12-20;59;107;;jah
1985-12-21;59;105;;jah
1985-12-22;60;110;;jah
1985-12-23;65,5;142;;jah
1985-12-24;72,7;156;;jah
1985-12-25;72,6;154;;jah
1985-12-26;72,3;151;;jah
1985-12-27;71,7;147;;jah
1985-12-28;70,5;143;;jah
1985-12-29;68,5;128;;jah
1985-12-30;66;120;;jah
1985-12-31;65,3;116;;jah
1986-01-01;65;115;;jah
1986-01-02;65;118;;jah
1986-01-03;65;122;;jah
1986-01-04;65,3;120;;jah
1986-01-05;65,3;126;;jah
1986-01-06;66,1;134;;jah
1986-01-07;66,1;134;;jah
1986-01-08;65,3;130;;jah
1986-01-09;64,5;128;;jah
1986-01-10;63;125;;jah
1986-01-11;61;124;;jah
1986-01-12;59;120;;jah
1986-01-13;57;116;;jah
1986-01-14;56,8;118;;jah
1986-01-15;56,8;128;;jah
1986-01-16;56,8;125;;jah
1986-01-17;56,8;120;;jah
1986-01-18;56,8;109;;jah
1986-01-19;56,8;108;;jah
1986-01-20;56,9;114;;jah
1986-01-21;57;117;;jah
1986-01-22;57,5;110;;jah
1986-01-23;58;120;;jah
1986-01-24;58,5;126;;jah
1986-01-25;58,7;124;;jah
1986-01-26;58,8;123;;jah
1986-01-27;58,8;124;;jah
1986-01-28;58,8;120;;jah
1986-01-29;58,8;117;;jah
1986-01-30;58,8;114;;jah
1986-01-31;58,8;114;;jah
1986-02-01;58,8;116;;jah
1986-02-02;58,6;124;;jah
1986-02-03;58;104;;jah
1986-02-04;57,5;104;;jah
1986-02-05;56,9;115;;jah
1986-02-06;56,3;114;;jah
1986-02-07;55,6;112;;jah
1986-02-08;54,8;106;;jah
1986-02-09;54,2;104;;jah
1986-02-10;53,4;106;;jah
1986-02-11;52,6;108;;jah
1986-02-12;51,5;110;;jah
1986-02-13;50,6;110;;jah
1986-02-14;49,3;108;;jah
1986-02-15;48,7;109;;jah
1986-02-16;47,8;108;;jah
1986-02-17;46,7;108;;jah
1986-02-18;45,3;105;;jah
1986-02-19;44;101;;jah
1986-02-20;43;96;;jah
1986-02-21;42,4;92;;jah
1986-02-22;42,4;92;;jah
1986-02-23;42,4;96;;jah
1986-02-24;42,4;96;;jah
1986-02-25;42,5;94;;jah
1986-02-26;42,6;96;;jah
1986-02-27;42,9;96;;jah
1986-02-28;43,1;96;;jah
1986-03-01;43,8;97;;jah
1986-03-02;44,1;98;;jah
1986-03-03;44,9;99;;jah
1986-03-04;45,8;100;;jah
1986-03-05;46,8;100;;jah
1986-03-06;47,8;100;;jah
1986-03-07;48,1;94;;jah
1986-03-08;48,8;89;;jah
1986-03-09;49;92;;jah
1986-03-10;48,2;90;;jah
1986-03-11;47,8;87;;jah
1986-03-12;46,8;83;;jah
1986-03-13;45,5;79;;jah
1986-03-14;44,5;96;;jah
1986-03-15;43,2;74;;jah
1986-03-16;43,1;72;;jah
1986-03-17;43,1;71;;jah
1986-03-18;44,8;73;;jah
1986-03-19;46,6;77;;jah
1986-03-20;49;80;;jah
1986-03-21;52;86;;jah
1986-03-22;56;96;;jah
1986-03-23;62;94;;jah
1986-03-24;65,9;108;;jah
1986-03-25;66,1;109;;jah
1986-03-26;71,6;117;;jah
1986-03-27;79,8;129;;jah
1986-03-28;90,3;144;;jah
1986-03-29;103;162;;jah
1986-03-30;108;170;;jah
1986-03-31;108;170;;jah
1986-04-01;108;170;;jah
1986-04-02;113;176;;jah
1986-04-03;116;182;;jah
1986-04-04;117;184;;jah
1986-04-05;119;186;;jah
1986-04-06;119;186;;jah
1986-04-07;118;185;;jah
1986-04-08;117;183;;jah
1986-04-09;117;182;;jah
1986-04-10;113;178;;jah
1986-04-11;110;174;;jah
1986-04-12;105;168;;jah
1986-04-13;101;164;;jah
1986-04-14;98,6;161;;jah
1986-04-15;96,2;158;;jah
1986-04-16;92,9;156;;jah
1986-04-17;89,2;153;;jah
1986-04-18;87,5;152;;jah
1986-04-19;85;152;;jah
1986-04-20;85,8;156;;jah
1986-04-21;90,4;166;;jah
1986-04-22;93,5;172;;jah
1986-04-23;96;176;;jah
1986-04-24;98,2;180;;jah
1986-04-25;100;184;;jah
1986-04-26;102;188;;jah
1986-04-27;104;190;;jah
1986-04-28;105;192;;jah
1986-04-29;106;193;;jah
1986-04-30;106;193;;jah
1986-05-01;106;193;;jah
1986-05-02;106;192;;jah
1986-05-03;106;190;;jah
1986-05-04;105;188;;jah
1986-05-05;104;186;;jah
1986-05-06;103;184;;jah
1986-05-07;101;180;;jah
1986-05-08;99;178;;jah
1986-05-09;96,8;176;;jah
1986-05-10;94,5;175;;jah
1986-05-11;91,3;173;;jah
1986-05-12;88,5;172;;jah
1986-05-13;85,7;172;;jah
1986-05-14;82,2;170;;jah
1986-05-15;81,8;168;;jah
1986-05-16;81,3;170;;jah
1986-05-17;81;170;;jah
1986-05-18;80,8;168;;jah
1986-05-19;80,2;166;;jah
1986-05-20;80;166;;jah
1986-05-21;79,6;163;;jah
1986-05-22;79;162;;jah
1986-05-23;78,3;159;;jah
1986-05-24;77,2;157;;jah
1986-05-25;75,5;156;;jah
1986-05-26;73,2;152;;jah
1986-05-27;70,3;150;;jah
1986-05-28;67,3;148;;jah
1986-05-29;64;150;;jah
1986-05-30;62,5;150;;jah
1986-05-31;62,5;148;;jah
1986-06-01;62,5;146;;jah
1986-06-02;62,5;144;;jah
1986-06-03;62,5;146;;jah
1986-06-04;62,5;145;;jah
1986-06-05;62,5;146;;jah
1986-06-06;62,4;146;;jah
1986-06-07;62,4;145;;jah
1986-06-08;62,4;145;;jah
1986-06-09;62,4;144;;jah
1986-06-10;62,4;142;;jah
1986-06-11;62,3;141;;jah
1986-06-12;62,5;138;;jah
1986-06-13;62,3;138;;jah
1986-06-14;62;136;;jah
1986-06-15;61,7;134;;jah
1986-06-16;61;131;;jah
1986-06-17;60;129;;jah
1986-06-18;58,7;128;;jah
1986-06-19;57,7;126;;jah
1986-06-20;55,8;124;;jah
1986-06-21;54;122;;jah
1986-06-22;53;122;;jah
1986-06-23;51,4;124;;jah
1986-06-24;51,4;121;;jah
1986-06-25;51,4;118;;jah
1986-06-26;51,3;116;;jah
1986-06-27;51,2;113;;jah
1986-06-28;51,2;110;;jah
1986-06-29;51,2;112;;jah
1986-06-30;51;108;;jah
1986-07-01;49,6;107;;jah
1986-07-02;49,2;104;;jah
1986-07-03;49;103;;jah
1986-07-04;48,9;100;;jah
1986-07-05;48,5;98;;jah
1986-07-06;48,2;98;;jah
1986-07-07;48;104;;jah
1986-07-08;48;106;;jah
1986-07-09;48;104;;jah
1986-07-10;47,3;102;;jah
1986-07-11;47,5;100;;jah
1986-07-12;48;106;;jah
1986-07-13;54;124;;jah
1986-07-14;64;143;;jah
1986-07-15;68;154;;jah
1986-07-16;68;154;;jah
1986-07-17;67,3;150;;jah
1986-07-18;66,3;146;;jah
1986-07-19;64,8;136;;jah
1986-07-20;62,5;130;;jah
1986-07-21;60;124;;jah
1986-07-22;56;120;;jah
1986-07-23;53,5;117;;jah
1986-07-24;51,5;115;;jah
1986-07-25;50;112;;jah
1986-07-26;49;114;;jah
1986-07-27;47,8;111;;jah
1986-07-28;46,9;108;;jah
1986-07-29;45,9;106;;jah
1986-07-30;45;104;;jah
1986-07-31;44,3;102;;jah
1986-08-01;43,5;102;;jah
1986-08-02;43;100;;jah
1986-08-03;42,2;98;;jah
1986-08-04;42;96;;jah
1986-08-05;41,5;96;;jah
1986-08-06;41;93;;jah
1986-08-07;40,5;90;;jah
1986-08-08;40,1;90;;jah
1986-08-09;40;92;;jah
1986-08-10;40;89;;jah
1986-08-11;39,5;88;;jah
1986-08-12;39,8;88;;jah
1986-08-13;40;88;;jah
1986-08-14;40,2;88;;jah
1986-08-15;41;90;;jah
1986-08-16;41,6;90;;jah
1986-08-17;42,2;90;;jah
1986-08-18;42,8;89;;jah
1986-08-19;43,8;88;;jah
1986-08-20;44;88;;jah
1986-08-21;44,4;89;;jah
1986-08-22;45,2;88;;jah
1986-08-23;45,9;86;;jah
1986-08-24;46,8;87;;jah
1986-08-25;47,2;90;;jah
1986-08-26;47,8;92;;jah
1986-08-27;48,4;90;;jah
1986-08-28;49;93;;jah
1986-08-29;49,8;92;;jah
1986-08-30;50,3;95;;jah
1986-08-31;51;96;;jah
1986-09-01;54;94;;jah
1986-09-02;56,9;92;;jah
1986-09-03;59,9;92;;jah
1986-09-04;62,9;92;;jah
1986-09-05;65,9;115;;jah
1986-09-06;68,8;122;;jah
1986-09-07;71,8;128;;jah
1986-09-08;74,8;130;;jah
1986-09-09;77,7;137;;jah
1986-09-10;80,7;144;;jah
1986-09-11;79;144;;jah
1986-09-12;77,4;140;;jah
1986-09-13;75,8;136;;jah
1986-09-14;74,2;132;;jah
1986-09-15;72,5;130;;jah
1986-09-16;70,9;125;;jah
1986-09-17;69,3;122;;jah
1986-09-18;67,6;119;;jah
1986-09-19;66;115;;jah
1986-09-20;65,2;113;;jah
1986-09-21;65;110;;jah
1986-09-22;65;114;;jah
1986-09-23;65;116;;jah
1986-09-24;65;114;;jah
1986-09-25;65;114;;jah
1986-09-26;65;114;;jah
1986-09-27;65;115;;jah
1986-09-28;64,9;115;;jah
1986-09-29;64,9;113;;jah
1986-09-30;64,9;116;;jah
1986-10-01;64,5;114;;jah
1986-10-02;64,3;112;;jah
1986-10-03;64,1;109;;jah
1986-10-04;63,9;107;;jah
1986-10-05;63,3;106;;jah
1986-10-06;62,4;104;;jah
1986-10-07;62,2;103;;jah
1986-10-08;61,9;102;;jah
1986-10-09;61,4;99;;jah
1986-10-10;61;99;;jah
1986-10-11;60,6;102;;jah
1986-10-12;60,5;102;;jah
1986-10-13;60,3;102;;jah
1986-10-14;60,2;101;;jah
1986-10-15;60,1;102;;jah
1986-10-16;60;102;;jah
1986-10-17;60;98;;jah
1986-10-18;60;98;;jah
1986-10-19;60,6;98;;jah
1986-10-20;60;98;;jah
1986-10-21;59,9;98;;jah
1986-10-22;59,9;100;;jah
1986-10-23;60;98;;jah
1986-10-24;60,8;100;;jah
1986-10-25;61;102;;jah
1986-10-26;62;102;;jah
1986-10-27;63;103;;jah
1986-10-28;63,8;103;;jah
1986-10-29;64;104;;jah
1986-10-30;64,3;104;;jah
1986-10-31;64,9;104;;jah
1986-11-01;65,3;104;;jah
1986-11-02;66;103;;jah
1986-11-03;67;107;;jah
1986-11-04;68,1;108;;jah
1986-11-05;69,2;109;;jah
1986-11-06;70,3;111;;jah
1986-11-07;71,2;115;;jah
1986-11-08;72,2;112;;jah
1986-11-09;73;113;;jah
1986-11-10;73,6;116;;jah
1986-11-11;73,5;115;;jah
1986-11-12;73,3;116;;jah
1986-11-13;73;117;;jah
1986-11-14;72,8;116;;jah
1986-11-15;72,1;116;;jah
1986-11-16;71,8;114;;jah
1986-11-17;71,3;114;;jah
1986-11-18;71,1;114;;jah
1986-11-19;70,6;112;;jah
1986-11-20;70,5;110;;jah
1986-11-21;70,4;110;;jah
1986-11-22;70,4;110;;jah
1986-11-23;70,4;112;;jah
1986-11-24;70,4;112;;jah
1986-11-25;70,5;112;;jah
1986-11-26;70,9;112;;jah
1986-11-27;71;114;;jah
1986-11-28;71;114;;jah
1986-11-29;71;112;;jah
1986-11-30;71,3;112;;jah
1986-12-01;71,5;113;;jah
1986-12-02;72,3;114;;jah
1986-12-03;73,2;115;;jah
1986-12-04;76;119;;jah
1986-12-05;81;126;;jah
1986-12-06;86;142;;jah
1986-12-07;90,8;150;;jah
1986-12-08;92,5;150;;jah
1986-12-09;94;148;;jah
1986-12-10;94,8;152;;jah
1986-12-11;95;161;;jah
1986-12-12;94,8;159;;jah
1986-12-13;93;156;;jah
1986-12-14;90,5;152;;jah
1986-12-15;85;144;;jah
1986-12-16;70;134;;jah
1986-12-17;63;125;;jah
1986-12-18;59,8;120;;jah
1986-12-19;57;118;;jah
1986-12-20;55,5;119;;jah
1986-12-21;55;119;;jah
1986-12-22;55;124;;jah
1986-12-23;55,1;124;;jah
1986-12-24;55,8;124;;jah
1986-12-25;56,5;125;;jah
1986-12-26;57,2;127;;jah
1986-12-27;58;128;;jah
1986-12-28;58,5;128;;jah
1986-12-29;58,9;129;;jah
1986-12-30;59,1;129;;jah
1986-12-31;59,5;129;;jah
1987-01-01;59;129;;jah
1987-01-02;59;128;;jah
1987-01-03;58,7;129;;jah
1987-01-04;58;128;;jah
1987-01-05;56,5;128;;jah
1987-01-06;54,2;127;;jah
1987-01-07;52,5;126;;jah
1987-01-08;50,5;125;;jah
1987-01-09;49;124;;jah
1987-01-10;48;124;;jah
1987-01-11;47,2;123;;jah
1987-01-12;46,2;123;;jah
1987-01-13;45,8;120;;jah
1987-01-14;45,3;117;;jah
1987-01-15;45,3;116;;jah
1987-01-16;45,3;116;;jah
1987-01-17;45,2;116;;jah
1987-01-18;45,2;117;;jah
1987-01-19;45,1;118;;jah
1987-01-20;45,1;119;;jah
1987-01-21;45;121;;jah
1987-01-22;45;121;;jah
1987-01-23;44,9;121;;jah
1987-01-24;44,9;121;;jah
1987-01-25;44,8;122;;jah
1987-01-26;44,7;123;;jah
1987-01-27;44,6;123;;jah
1987-01-28;43,8;119;;jah
1987-01-29;43,2;116;;jah
1987-01-30;42,8;114;;jah
1987-01-31;42,8;114;;jah
1987-02-01;42,8;115;;jah
1987-02-02;42,8;117;;jah
1987-02-03;42,8;117;;jah
1987-02-04;42,8;118;;jah
1987-02-05;42,8;119;;jah
1987-02-06;42,8;121;;jah
1987-02-07;42,9;123;;jah
1987-02-08;43;124;;jah
1987-02-09;43,2;125;;jah
1987-02-10;44,2;125;;jah
1987-02-11;46,5;124;;jah
1987-02-12;49;124;;jah
1987-02-13;50,4;124;;jah
1987-02-14;52;125;;jah
1987-02-15;52,3;129;;jah
1987-02-16;52,3;129;;jah
1987-02-17;52,2;127;;jah
1987-02-18;52,2;126;;jah
1987-02-19;51,8;124;;jah
1987-02-20;51,3;124;;jah
1987-02-21;50,7;119;;jah
1987-02-22;50;118;;jah
1987-02-23;49,2;117;;jah
1987-02-24;48,2;109;;jah
1987-02-25;47,6;108;;jah
1987-02-26;46,4;107;;jah
1987-02-27;45,8;102;;jah
1987-02-28;44,5;104;;jah
1987-03-01;43,6;105;;jah
1987-03-02;43,2;102;;jah
1987-03-03;43;96;;jah
1987-03-04;43,3;96;;jah
1987-03-05;43,7;97;;jah
1987-03-06;44;97;;jah
1987-03-07;44,3;98;;jah
1987-03-08;44,9;100;;jah
1987-03-09;45,4;104;;jah
1987-03-10;45,9;107;;jah
1987-03-11;46,3;112;;jah
1987-03-12;46,4;114;;jah
1987-03-13;46,5;115;;jah
1987-03-14;46,5;112;;jah
1987-03-15;46,5;111;;jah
1987-03-16;46,5;110;;jah
1987-03-17;46,5;109;;jah
1987-03-18;46,5;108;;jah
1987-03-19;46,5;108;;jah
1987-03-20;46,5;108;;jah
1987-03-21;46,5;108;;jah
1987-03-22;46,5;105;;jah
1987-03-23;46,5;100;;jah
1987-03-24;46,5;94;;jah
1987-03-25;46,5;92;;jah
1987-03-26;46,5;93;;jah
1987-03-27;46,5;90;;jah
1987-03-28;46,5;87;;jah
1987-03-29;46,5;84;;jah
1987-03-30;55;94;;jah
1987-03-31;73,5;114;;jah
1987-04-01;79,9;134;;jah
1987-04-02;91;143;;jah
1987-04-03;96;152;;jah
1987-04-04;99,5;157;;jah
1987-04-05;99,5;163;;jah
1987-04-06;99,5;165;;jah
1987-04-07;99,5;166;;jah
1987-04-08;99,6;162;;jah
1987-04-09;99,6;157;;jah
1987-04-10;99,6;156;;jah
1987-04-11;99,7;156;;jah
1987-04-12;99,7;154;;jah
1987-04-13;99,7;156;;jah
1987-04-14;99,7;158;;jah
1987-04-15;99,7;162;;jah
1987-04-16;99,7;163;;jah
1987-04-17;99,8;167;;jah
1987-04-18;99,8;170;;jah
1987-04-19;99,8;171;;jah
1987-04-20;99,8;171;;jah
1987-04-21;99,8;171;;jah
1987-04-22;99,7;171;;jah
1987-04-23;99,5;168;;jah
1987-04-24;99,2;168;;jah
1987-04-25;99;168;;jah
1987-04-26;98,8;169;;jah
1987-04-27;98,4;171;;jah
1987-04-28;98;170;;jah
1987-04-29;97,4;170;;jah
1987-04-30;97,2;170;;jah
1987-05-01;96,8;170;;jah
1987-05-02;95;170;;jah
1987-05-03;93,7;170;;jah
1987-05-04;92,5;170;;jah
1987-05-05;91,5;170;;jah
1987-05-06;90,7;171;;jah
1987-05-07;90,3;171;;jah
1987-05-08;89,6;171;;jah
1987-05-09;90;168;;jah
1987-05-10;90,2;166;;jah
1987-05-11;90,8;167;;jah
1987-05-12;91,2;175;;jah
1987-05-13;91,8;179;;jah
1987-05-14;92,8;180;;jah
1987-05-15;93,2;181;;jah
1987-05-16;94,2;182;;jah
1987-05-17;95,3;184;;jah
1987-05-18;96,4;186;;jah
1987-05-19;97,4;186;;jah
1987-05-20;100;187;;jah
1987-05-21;105;188;;jah
1987-05-22;109;204;;jah
1987-05-23;115;214;;jah
1987-05-24;119;218;;jah
1987-05-25;119;216;;jah
1987-05-26;118;210;;jah
1987-05-27;116;206;;jah
1987-05-28;114;204;;jah
1987-05-29;110;202;;jah
1987-05-30;105;197;;jah
1987-05-31;101;193;;jah
1987-06-01;97;188;;jah
1987-06-02;94;184;;jah
1987-06-03;89;180;;jah
1987-06-04;85;176;;jah
1987-06-05;84,3;173;;jah
1987-06-06;83,8;172;;jah
1987-06-07;83,2;170;;jah
1987-06-08;82,8;168;;jah
1987-06-09;82,2;166;;jah
1987-06-10;81,8;163;;jah
1987-06-11;81,3;163;;jah
1987-06-12;81;163;;jah
1987-06-13;80,4;163;;jah
1987-06-14;80,3;163;;jah
1987-06-15;80,2;163;;jah
1987-06-16;81;166;;jah
1987-06-17;82;170;;jah
1987-06-18;82,8;172;;jah
1987-06-19;83;173;;jah
1987-06-20;83;173;;jah
1987-06-21;83;176;;jah
1987-06-22;83;174;;jah
1987-06-23;83;171;;jah
1987-06-24;82,8;170;;jah
1987-06-25;82,3;169;;jah
1987-06-26;82;167;;jah
1987-06-27;81,3;165;;jah
1987-06-28;80,8;163;;jah
1987-06-29;79;164;;jah
1987-06-30;76,5;162;;jah
1987-07-01;74;161;;jah
1987-07-02;71;159;;jah
1987-07-03;67;155;;jah
1987-07-04;64,3;154;;jah
1987-07-05;62,7;154;;jah
1987-07-06;61,7;151;;jah
1987-07-07;60,9;146;;jah
1987-07-08;60;145;;jah
1987-07-09;59,3;145;;jah
1987-07-10;58,2;144;;jah
1987-07-11;57,9;141;;jah
1987-07-12;57,1;138;;jah
1987-07-13;56,8;139;;jah
1987-07-14;56;141;;jah
1987-07-15;55,5;140;;jah
1987-07-16;54,9;138;;jah
1987-07-17;54,7;137;;jah
1987-07-18;53,5;134;;jah
1987-07-19;52,8;133;;jah
1987-07-20;52;131;;jah
1987-07-21;51;127;;jah
1987-07-22;50,3;127;;jah
1987-07-23;49,9;127;;jah
1987-07-24;48,8;127;;jah
1987-07-25;48,2;127;;jah
1987-07-26;48;126;;jah
1987-07-27;47,9;127;;jah
1987-07-28;47,8;123;;jah
1987-07-29;47,7;124;;jah
1987-07-30;47,7;124;;jah
1987-07-31;47,6;123;;jah
1987-08-01;47;124;;jah
1987-08-02;46,9;124;;jah
1987-08-03;46,8;123;;jah
1987-08-04;46,5;122;;jah
1987-08-05;46,1;120;;jah
1987-08-06;46;118;;jah
1987-08-07;51;125;;jah
1987-08-08;58;138;;jah
1987-08-09;65;162;;jah
1987-08-10;70;174;;jah
1987-08-11;74;178;;jah
1987-08-12;78;181;;jah
1987-08-13;80;183;;jah
1987-08-14;82;184;;jah
1987-08-15;84,5;188;;jah
1987-08-16;87;196;;jah
1987-08-17;88,4;205;;jah
1987-08-18;90;209;;jah
1987-08-19;89,6;209;;jah
1987-08-20;89;208;;jah
1987-08-21;88,3;205;;jah
1987-08-22;87,8;203;;jah
1987-08-23;87,1;202;;jah
1987-08-24;87;201;;jah
1987-08-25;86,9;201;;jah
1987-08-26;86,8;200;;jah
1987-08-27;86;197;;jah
1987-08-28;85,9;194;;jah
1987-08-29;85,5;194;;jah
1987-08-30;85;195;;jah
1987-08-31;84,8;197;;jah
1987-09-01;83,7;195;;jah
1987-09-02;82,8;193;;jah
1987-09-03;81,6;191;;jah
1987-09-04;80,4;186;;jah
1987-09-05;79;185;;jah
1987-09-06;77,7;183;;jah
1987-09-07;76,1;182;;jah
1987-09-08;75,8;180;;jah
1987-09-09;75;178;;jah
1987-09-10;76,2;179;;jah
1987-09-11;77,2;180;;jah
1987-09-12;78,2;183;;jah
1987-09-13;80,4;184;;jah
1987-09-14;82,6;185;;jah
1987-09-15;84,6;186;;jah
1987-09-16;86;190;;jah
1987-09-17;86,5;191;;jah
1987-09-18;86,8;191;;jah
1987-09-19;87,3;190;;jah
1987-09-20;88;189;;jah
1987-09-21;89;188;;jah
1987-09-22;91;189;;jah
1987-09-23;93,5;190;;jah
1987-09-24;96,5;192;;jah
1987-09-25;101;194;;jah
1987-09-26;103;199;;jah
1987-09-27;106;204;;jah
1987-09-28;108;207;;jah
1987-09-29;108;207;;jah
1987-09-30;108;210;;jah
1987-10-01;108;211;;jah
1987-10-02;108;211;;jah
1987-10-03;107;213;;jah
1987-10-04;107;213;;jah
1987-10-05;107;213;;jah
1987-10-06;106;213;;jah
1987-10-07;105;213;;jah
1987-10-08;105;213;;jah
1987-10-09;104;213;;jah
1987-10-10;103;212;;jah
1987-10-11;102;209;;jah
1987-10-12;101;208;;jah
1987-10-13;100;206;;jah
1987-10-14;99;204;;jah
1987-10-15;98,2;202;;jah
1987-10-16;97,4;199;;jah
1987-10-17;96,6;198;;jah
1987-10-18;95,5;196;;jah
1987-10-19;94,8;194;;jah
1987-10-20;94;191;;jah
1987-10-21;93;189;;jah
1987-10-22;92,5;187;;jah
1987-10-23;91,5;184;;jah
1987-10-24;90,5;183;;jah
1987-10-25;90;183;;jah
1987-10-26;89,3;180;;jah
1987-10-27;88,6;177;;jah
1987-10-28;88;176;;jah
1987-10-29;87,4;172;;jah
1987-10-30;86,7;170;;jah
1987-10-31;85,8;169;;jah
1987-11-01;84;167;;jah
1987-11-02;83;165;;jah
1987-11-03;82;164;;jah
1987-11-04;81;161;;jah
1987-11-05;80;159;;jah
1987-11-06;78,8;158;;jah
1987-11-07;77,6;158;;jah
1987-11-08;76,9;156;;jah
1987-11-09;75,9;154;;jah
1987-11-10;74,7;152;;jah
1987-11-11;74;149;;jah
1987-11-12;73,5;151;;jah
1987-11-13;73;152;;jah
1987-11-14;72,8;152;;jah
1987-11-15;72,3;152;;jah
1987-11-16;72;149;;jah
1987-11-17;71,5;150;;jah
1987-11-18;71,2;152;;jah
1987-11-19;71;152;;jah
1987-11-20;70,8;153;;jah
1987-11-21;70,7;156;;jah
1987-11-22;70,5;156;;jah
1987-11-23;70,2;155;;jah
1987-11-24;70;153;;jah
1987-11-25;69,3;153;;jah
1987-11-26;68,6;149;;jah
1987-11-27;67,3;146;;jah
1987-11-28;70;151;;jah
1987-11-29;75;155;;jah
1987-11-30;77;156;;jah
1987-12-01;79,2;176;;jah
1987-12-02;80;179;;jah
1987-12-03;79;176;;jah
1987-12-04;77,3;174;;jah
1987-12-05;76;172;;jah
1987-12-06;75;171;;jah
1987-12-07;74,1;168;;jah
1987-12-08;73;167;;jah
1987-12-09;72;178;;jah
1987-12-10;71;172;;jah
1987-12-11;70;169;;jah
1987-12-12;68,8;162;;jah
1987-12-13;67,8;151;;jah
1987-12-14;67,3;150;;jah
1987-12-15;66,8;153;;jah
1987-12-16;65,8;151;;jah
1987-12-17;64;150;;jah
1987-12-18;64;151;;jah
1987-12-19;64;151;;jah
1987-12-20;64;151;;jah
1987-12-21;64;151;;jah
1987-12-22;64;153;;jah
1987-12-23;64;153;;jah
1987-12-24;64,1;154;;jah
1987-12-25;64,1;154;;jah
1987-12-26;65,1;156;;jah
1987-12-27;65,8;158;;jah
1987-12-28;66,4;162;;jah
1987-12-29;67,5;164;;jah
1987-12-30;68,3;166;;jah
1987-12-31;70;167;;jah
1988-01-01;73;168;;jah
1988-01-02;76;167;;jah
1988-01-03;77,5;171;;jah
1988-01-04;81,5;176;;jah
1988-01-05;85;179;;jah
1988-01-06;88;183;;jah
1988-01-07;91,5;184;;jah
1988-01-08;93;188;;jah
1988-01-09;95;190;;jah
1988-01-10;97,3;190;;jah
1988-01-11;97,3;190;;jah
1988-01-12;97,3;190;;jah
1988-01-13;97,3;190;;jah
1988-01-14;97,3;190;;jah
1988-01-15;97;191;;jah
1988-01-16;97;190;;jah
1988-01-17;96,5;191;;jah
1988-01-18;95,3;190;;jah
1988-01-19;93,5;187;;jah
1988-01-20;91,8;185;;jah
1988-01-21;86,6;184;;jah
1988-01-22;84,3;181;;jah
1988-01-23;79;189;;jah
1988-01-24;73;209;;jah
1988-01-25;65;215;;jah
1988-01-26;57;211;;jah
1988-01-27;55,1;205;;jah
1988-01-28;54,9;200;;jah
1988-01-29;54,9;188;;jah
1988-01-30;54,9;179;;jah
1988-01-31;54,9;174;;jah
1988-02-01;54,9;163;;jah
1988-02-02;54,9;158;;jah
1988-02-03;55,3;156;;jah
1988-02-04;57;157;;jah
1988-02-05;61;160;;jah
1988-02-06;64,8;162;;jah
1988-02-07;67;164;;jah
1988-02-08;68,1;167;;jah
1988-02-09;69;170;;jah
1988-02-10;69,5;170;;jah
1988-02-11;69,4;170;;jah
1988-02-12;69,2;170;;jah
1988-02-13;69,1;171;;jah
1988-02-14;69;173;;jah
1988-02-15;68,8;172;;jah
1988-02-16;68,8;171;;jah
1988-02-17;68,4;168;;jah
1988-02-18;68,2;167;;jah
1988-02-19;68;168;;jah
1988-02-20;67,9;163;;jah
1988-02-21;67,9;156;;jah
1988-02-22;67;154;;jah
1988-02-23;66,7;152;;jah
1988-02-24;65,8;151;;jah
1988-02-25;64,6;148;;jah
1988-02-26;63,7;145;;jah
1988-02-27;62,5;145;;jah
1988-02-28;61;145;;jah
1988-02-29;59,8;145;;jah
1988-03-01;58,8;146;;jah
1988-03-02;58,6;144;;jah
1988-03-03;58,5;141;;jah
1988-03-04;58,4;134;;jah
1988-03-05;58,3;130;;jah
1988-03-06;58,1;128;;jah
1988-03-07;58;126;;jah
1988-03-08;57,9;123;;jah
1988-03-09;57,8;121;;jah
1988-03-10;57,7;120;;jah
1988-03-11;57,6;117;;jah
1988-03-12;57,3;115;;jah
1988-03-13;57;113;;jah
1988-03-14;56,8;111;;jah
1988-03-15;56,5;110;;jah
1988-03-16;56,3;108;;jah
1988-03-17;56;108;;jah
1988-03-18;55,8;108;;jah
1988-03-19;55,5;108;;jah
1988-03-20;55,3;108;;jah
1988-03-21;55,2;108;;jah
1988-03-22;55,2;109;;jah
1988-03-23;55,2;108;;jah
1988-03-24;55,2;107;;jah
1988-03-25;55,2;107;;jah
1988-03-26;56;108;;jah
1988-03-27;60,5;115;;jah
1988-03-28;65,5;123;;jah
1988-03-29;70,9;135;;jah
1988-03-30;83;150;;jah
1988-03-31;94;157;;jah
1988-04-01;104;177;;jah
1988-04-02;112;195;;jah
1988-04-03;119;204;;jah
1988-04-04;126;207;;jah
1988-04-05;129;211;;jah
1988-04-06;132;213;;jah
1988-04-07;136;216;;jah
1988-04-08;139;221;;jah
1988-04-09;140;221;;jah
1988-04-10;140;221;;jah
1988-04-11;140;221;;jah
1988-04-12;140;220;;jah
1988-04-13;139;219;;jah
1988-04-14;138;217;;jah
1988-04-15;136;212;;jah
1988-04-16;133;209;;jah
1988-04-17;130;205;;jah
1988-04-18;127;203;;jah
1988-04-19;125;201;;jah
1988-04-20;122;201;;jah
1988-04-21;121;199;;jah
1988-04-22;121;197;;jah
1988-04-23;120;199;;jah
1988-04-24;120;201;;jah
1988-04-25;120;201;;jah
1988-04-26;120;198;;jah
1988-04-27;120;197;;jah
1988-04-28;120;194;;jah
1988-04-29;122;196;;jah
1988-04-30;123;203;;jah
1988-05-01;128;212;;jah
1988-05-02;138;218;;jah
1988-05-03;147;222;;jah
1988-05-04;150;224;;jah
1988-05-05;153;228;;jah
1988-05-06;154;232;;jah
1988-05-07;155;236;;jah
1988-05-08;155;237;;jah
1988-05-09;155;238;;jah
1988-05-10;154;237;;jah
1988-05-11;154;237;;jah
1988-05-12;153;236;;jah
1988-05-13;150;233;;jah
1988-05-14;147;229;;jah
1988-05-15;145;224;;jah
1988-05-16;138;219;;jah
1988-05-17;130;213;;jah
1988-05-18;124;211;;jah
1988-05-19;119;207;;jah
1988-05-20;114;202;;jah
1988-05-21;111;199;;jah
1988-05-22;109;195;;jah
1988-05-23;106;190;;jah
1988-05-24;104;186;;jah
1988-05-25;103;185;;jah
1988-05-26;100;183;;jah
1988-05-27;98,5;179;;jah
1988-05-28;96,9;177;;jah
1988-05-29;95;176;;jah
1988-05-30;92,1;174;;jah
1988-05-31;92;173;;jah
1988-06-01;89;170;;jah
1988-06-02;87;166;;jah
1988-06-03;85,1;162;;jah
1988-06-04;82,9;160;;jah
1988-06-05;81,3;158;;jah
1988-06-06;79,2;157;;jah
1988-06-07;77,4;154;;jah
1988-06-08;75,5;153;;jah
1988-06-09;74,1;153;;jah
1988-06-10;72,5;150;;jah
1988-06-11;70,7;147;;jah
1988-06-12;70;144;;jah
1988-06-13;69;139;;jah
1988-06-14;67,9;137;;jah
1988-06-15;67,2;137;;jah
1988-06-16;66,5;136;;jah
1988-06-17;65,8;136;;jah
1988-06-18;64,5;135;;jah
1988-06-19;64;130;;jah
1988-06-20;62,7;128;;jah
1988-06-21;62;128;;jah
1988-06-22;61;128;;jah
1988-06-23;60;127;;jah
1988-06-24;59;127;;jah
1988-06-25;58;125;;jah
1988-06-26;57,2;124;;jah
1988-06-27;56,8;123;;jah
1988-06-28;55,8;123;;jah
1988-06-29;55,2;122;;jah
1988-06-30;54,6;120;;jah
1988-07-01;54,4;118;;jah
1988-07-02;54,2;116;;jah
1988-07-03;54;115;;jah
1988-07-04;54;115;;jah
1988-07-05;54;115;;jah
1988-07-06;53,9;114;;jah
1988-07-07;53,8;113;;jah
1988-07-08;53,7;112;;jah
1988-07-09;53,6;110;;jah
1988-07-10;53,5;109;;jah
1988-07-11;53,2;107;;jah
1988-07-12;53;107;;jah
1988-07-13;52,8;104;;jah
1988-07-14;52,2;103;;jah
1988-07-15;52,1;103;;jah
1988-07-16;52;103;;jah
1988-07-17;51,7;103;;jah
1988-07-18;51,3;103;;jah
1988-07-19;51;103;;jah
1988-07-20;50,8;102;;jah
1988-07-21;50,8;99;;jah
1988-07-22;50,8;96;;jah
1988-07-23;50,8;94;;jah
1988-07-24;50,8;93;;jah
1988-07-25;50,8;93;;jah
1988-07-26;50,7;93;;jah
1988-07-27;50,7;91;;jah
1988-07-28;50,7;92;;jah
1988-07-29;50,7;93;;jah
1988-07-30;50,7;92;;jah
1988-07-31;50,7;90;;jah
1988-08-01;50,7;89;;jah
1988-08-02;50,7;98;;jah
1988-08-03;50,7;90;;jah
1988-08-04;50,7;87;;jah
1988-08-05;50,7;84;;jah
1988-08-06;50,7;89;;jah
1988-08-07;50,7;95;;jah
1988-08-08;50,7;87;;jah
1988-08-09;50,7;87;;jah
1988-08-10;50,7;87;;jah
1988-08-11;50,7;88;;jah
1988-08-12;50,7;88;;jah
1988-08-13;50,7;87;;jah
1988-08-14;50,7;89;;jah
1988-08-15;50,7;88;;jah
1988-08-16;50,7;90;;jah
1988-08-17;50,7;88;;jah
1988-08-18;50,7;89;;jah
1988-08-19;50,7;89;;jah
1988-08-20;50,7;89;;jah
1988-08-21;51,7;88;;jah
1988-08-22;52;88;;jah
1988-08-23;52,3;87;;jah
1988-08-24;52,9;89;;jah
1988-08-25;53,5;82;;jah
1988-08-26;54,2;96;;jah
1988-08-27;55,2;102;;jah
1988-08-28;56,5;102;;jah
1988-08-29;58,5;104;;jah
1988-08-30;60,5;106;;jah
1988-08-31;62;112;;jah
1988-09-01;70;127;;jah
1988-09-02;75,3;135;;jah
1988-09-03;78;137;;jah
1988-09-04;80;136;;jah
1988-09-05;81,5;137;;jah
1988-09-06;82,8;140;;jah
1988-09-07;83,8;143;;jah
1988-09-08;83,5;141;;jah
1988-09-09;82,8;140;;jah
1988-09-10;82,1;136;;jah
1988-09-11;81;132;;jah
1988-09-12;79;130;;jah
1988-09-13;77,5;127;;jah
1988-09-14;76,5;128;;jah
1988-09-15;75;127;;jah
1988-09-16;73,5;121;;jah
1988-09-17;72,2;122;;jah
1988-09-18;71;119;;jah
1988-09-19;69,5;117;;jah
1988-09-20;68,5;116;;jah
1988-09-21;67,3;116;;jah
1988-09-22;66,8;114;;jah
1988-09-23;65,7;114;;jah
1988-09-24;66;114;;jah
1988-09-25;66,2;113;;jah
1988-09-26;66,5;113;;jah
1988-09-27;66,8;112;;jah
1988-09-28;67,1;114;;jah
1988-09-29;67,8;114;;jah
1988-09-30;68,1;114;;jah
1988-10-01;69,3;116;;jah
1988-10-02;70,9;118;;jah
1988-10-03;73;119;;jah
1988-10-04;74,2;119;;jah
1988-10-05;74,2;120;;jah
1988-10-06;74,2;120;;jah
1988-10-07;73,7;119;;jah
1988-10-08;72,9;119;;jah
1988-10-09;71,8;118;;jah
1988-10-10;70,5;113;;jah
1988-10-11;69,3;115;;jah
1988-10-12;67,5;114;;jah
1988-10-13;66,1;113;;jah
1988-10-14;64,8;113;;jah
1988-10-15;63;111;;jah
1988-10-16;62,2;110;;jah
1988-10-17;62,2;109;;jah
1988-10-18;62,1;108;;jah
1988-10-19;62;107;;jah
1988-10-20;62;106;;jah
1988-10-21;61,8;102;;jah
1988-10-22;61,6;99;;jah
1988-10-23;61,3;99;;jah
1988-10-24;61,2;103;;jah
1988-10-25;61;95;;jah
1988-10-26;60,9;92;;jah
1988-10-27;60,4;90;;jah
1988-10-28;60,4;93;;jah
1988-10-29;60,5;93;;jah
1988-10-30;61;94;;jah
1988-10-31;61;96;;jah
1988-11-01;61,5;98;;jah
1988-11-02;61,5;102;;jah
1988-11-03;61,3;104;;jah
1988-11-04;61,2;94;;jah
1988-11-05;61;94;;jah
1988-11-06;60,8;95;;jah
1988-11-07;60,2;96;;jah
1988-11-08;59,5;96;;jah
1988-11-09;58;92;;jah
1988-11-10;55;86;;jah
1988-11-11;52;80;;jah
1988-11-12;51;77;;jah
1988-11-13;50;77;;jah
1988-11-14;53;79;;jah
1988-11-15;56;98;;jah
1988-11-16;65;105;;jah
1988-11-17;70,4;111;;jah
1988-11-18;70,1;117;;jah
1988-11-19;69,5;123;;jah
1988-11-20;68;126;;jah
1988-11-21;60;112;;jah
1988-11-22;52;96;;jah
1988-11-23;51;93;;jah
1988-11-24;50;92;;jah
1988-11-25;50;93;;jah
1988-11-26;50;94;;jah
1988-11-27;49,9;95;;jah
1988-11-28;49,8;102;;jah
1988-11-29;49,6;104;;jah
1988-11-30;49,5;106;;jah
1988-12-01;49,6;103;;jah
1988-12-02;49,7;103;;jah
1988-12-03;49,8;103;;jah
1988-12-04;49,9;102;;jah
1988-12-05;50;105;;jah
1988-12-06;50,1;108;;jah
1988-12-07;50,3;110;;jah
1988-12-08;50,5;112;;jah
1988-12-09;51;115;;jah
1988-12-10;52,2;117;;jah
1988-12-11;53,2;117;;jah
1988-12-12;54,8;117;;jah
1988-12-13;56,2;117;;jah
1988-12-14;57,5;117;;jah
1988-12-15;59,2;117;;jah
1988-12-16;60,8;117;;jah
1988-12-17;61,8;119;;jah
1988-12-18;62,8;123;;jah
1988-12-19;63;128;;jah
1988-12-20;63,2;129;;jah
1988-12-21;63,2;123;;jah
1988-12-22;63,2;123;;jah
1988-12-23;63;128;;jah
1988-12-24;63;129;;jah
1988-12-25;62,5;125;;jah
1988-12-26;61,5;120;;jah
1988-12-27;60,5;121;;jah
1988-12-28;60;112;;jah
1988-12-29;59,6;107;;jah
1988-12-30;59,6;118;;jah
1988-12-31;59,6;132;;jah
1989-01-01;59,8;146;;jah
1989-01-02;61;130;;jah
1989-01-03;63;116;;jah
1989-01-04;70;143;;jah
1989-01-05;75;152;;jah
1989-01-06;79;155;;jah
1989-01-07;81;158;;jah
1989-01-08;81,8;160;;jah
1989-01-09;81,8;155;;jah
1989-01-10;82;153;;jah
1989-01-11;82,4;154;;jah
1989-01-12;82,9;152;;jah
1989-01-13;85;148;;jah
1989-01-14;90;148;;jah
1989-01-15;105;150;;jah
1989-01-16;118;166;;jah
1989-01-17;120;174;;jah
1989-01-18;122;176;;jah
1989-01-19;122;175;;jah
1989-01-20;123;176;;jah
1989-01-21;123;177;;jah
1989-01-22;123;180;;jah
1989-01-23;124;183;;jah
1989-01-24;125;182;;jah
1989-01-25;126;184;;jah
1989-01-26;128;186;;jah
1989-01-27;129;189;;jah
1989-01-28;130;192;;jah
1989-01-29;131;196;;jah
1989-01-30;132;199;;jah
1989-01-31;132;200;;jah
1989-02-01;132;193;;jah
1989-02-02;132;201;;jah
1989-02-03;132;204;;jah
1989-02-04;132;208;;jah
1989-02-05;132;212;;jah
1989-02-06;132;214;;jah
1989-02-07;132;216;;jah
1989-02-08;132;219;;jah
1989-02-09;132;220;;jah
1989-02-10;132;221;;jah
1989-02-11;132;219;;jah
1989-02-12;132;217;;jah
1989-02-13;132;218;;jah
1989-02-14;132;219;;jah
1989-02-15;132;217;;jah
1989-02-16;131;219;;jah
1989-02-17;131;216;;jah
1989-02-18;131;211;;jah
1989-02-19;131;205;;jah
1989-02-20;130;206;;jah
1989-02-21;130;207;;jah
1989-02-22;130;202;;jah
1989-02-23;130;198;;jah
1989-02-24;130;197;;jah
1989-02-25;130;194;;jah
1989-02-26;132;195;;jah
1989-02-27;134;197;;jah
1989-02-28;136;203;;jah
1989-03-01;139;210;;jah
1989-03-02;142;214;;jah
1989-03-03;144;218;;jah
1989-03-04;146;220;;jah
1989-03-05;148;222;;jah
1989-03-06;150;226;;jah
1989-03-07;151;229;;jah
1989-03-08;152;230;;jah
1989-03-09;153;232;;jah
1989-03-10;153;232;;jah
1989-03-11;153;232;;jah
1989-03-12;153;233;;jah
1989-03-13;152;230;;jah
1989-03-14;151;229;;jah
1989-03-15;150;228;;jah
1989-03-16;149;226;;jah
1989-03-17;147;225;;jah
1989-03-18;146;224;;jah
1989-03-19;143;223;;jah
1989-03-20;141;222;;jah
1989-03-21;139;220;;jah
1989-03-22;137;220;;jah
1989-03-23;136;220;;jah
1989-03-24;134;219;;jah
1989-03-25;133;218;;jah
1989-03-26;132;218;;jah
1989-03-27;130;217;;jah
1989-03-28;129;217;;jah
1989-03-29;128;217;;jah
1989-03-30;127;215;;jah
1989-03-31;126;213;;jah
1989-04-01;126;212;;jah
1989-04-02;125;212;;jah
1989-04-03;124;211;;jah
1989-04-04;122;208;;jah
1989-04-05;121;205;;jah
1989-04-06;120;203;;jah
1989-04-07;119;200;;jah
1989-04-08;117;198;;jah
1989-04-09;115;196;;jah
1989-04-10;113;194;;jah
1989-04-11;111;192;;jah
1989-04-12;109;190;;jah
1989-04-13;107;189;;jah
1989-04-14;104;187;;jah
1989-04-15;102;185;;jah
1989-04-16;100;184;;jah
1989-04-17;98,2;181;;jah
1989-04-18;96,6;179;;jah
1989-04-19;94;179;;jah
1989-04-20;93,9;177;;jah
1989-04-21;92,5;175;;jah
1989-04-22;92;174;;jah
1989-04-23;91,7;174;;jah
1989-04-24;91,5;172;;jah
1989-04-25;91,3;170;;jah
1989-04-26;91,2;168;;jah
1989-04-27;90,9;168;;jah
1989-04-28;90,2;168;;jah
1989-04-29;90;168;;jah
1989-04-30;89,7;166;;jah
1989-05-01;87;163;;jah
1989-05-02;86;162;;jah
1989-05-03;85;160;;jah
1989-05-04;84;158;;jah
1989-05-05;82;157;;jah
1989-05-06;81,8;156;;jah
1989-05-07;80;155;;jah
1989-05-08;79;153;;jah
1989-05-09;77,8;150;;jah
1989-05-10;76,2;149;;jah
1989-05-11;75,5;148;;jah
1989-05-12;74,8;146;;jah
1989-05-13;73,9;146;;jah
1989-05-14;73;144;;jah
1989-05-15;72,2;140;;jah
1989-05-16;71,7;139;;jah
1989-05-17;70,8;139;;jah
1989-05-18;70;138;;jah
1989-05-19;69,2;136;;jah
1989-05-20;69;135;;jah
1989-05-21;67,7;134;;jah
1989-05-22;67,2;133;;jah
1989-05-23;66,7;132;;jah
1989-05-24;66,1;130;;jah
1989-05-25;65,8;128;;jah
1989-05-26;65,6;126;;jah
1989-05-27;65;125;;jah
1989-05-28;65;126;;jah
1989-05-29;64,8;123;;jah
1989-05-30;64,6;121;;jah
1989-05-31;64,2;120;;jah
1989-06-01;64,1;119;;jah
1989-06-02;64,1;118;;jah
1989-06-03;64,1;123;;jah
1989-06-04;64,8;120;;jah
1989-06-05;65;119;;jah
1989-06-06;65,4;120;;jah
1989-06-07;65,8;118;;jah
1989-06-08;66,1;121;;jah
1989-06-09;66,9;118;;jah
1989-06-10;67,4;119;;jah
1989-06-11;68,2;118;;jah
1989-06-12;69;118;;jah
1989-06-13;69,7;118;;jah
1989-06-14;70;124;;jah
1989-06-15;70,1;125;;jah
1989-06-16;70;126;;jah
1989-06-17;69;121;;jah
1989-06-18;68,2;118;;jah
1989-06-19;66;116;;jah
1989-06-20;62,5;115;;jah
1989-06-21;60;114;;jah
1989-06-22;56,9;114;;jah
1989-06-23;55;111;;jah
1989-06-24;52,1;109;;jah
1989-06-25;51,1;108;;jah
1989-06-26;48,9;107;;jah
1989-06-27;48,1;105;;jah
1989-06-28;47,8;104;;jah
1989-06-29;47,4;102;;jah
1989-06-30;47;102;;jah
1989-07-01;47,3;100;;jah
1989-07-02;48,5;100;;jah
1989-07-03;49,2;100;;jah
1989-07-04;50,4;98;;jah
1989-07-05;50,4;96;;jah
1989-07-06;50,5;94;;jah
1989-07-07;50,4;91;;jah
1989-07-08;50,4;92;;jah
1989-07-09;50,2;92;;jah
1989-07-10;49,8;90;;jah
1989-07-11;49,7;91;;jah
1989-07-12;49,5;91;;jah
1989-07-13;49,4;89;;jah
1989-07-14;49,3;87;;jah
1989-07-15;49,2;87;;jah
1989-07-16;48,3;85;;jah
1989-07-17;47,8;87;;jah
1989-07-18;46,9;83;;jah
1989-07-19;46;83;;jah
1989-07-20;45,2;83;;jah
1989-07-21;44;83;;jah
1989-07-22;42,5;79;;jah
1989-07-23;40,6;77;;jah
1989-07-24;39,5;76;;jah
1989-07-25;38,6;76;;jah
1989-07-26;37,3;75;;jah
1989-07-27;37,3;73;;jah
1989-07-28;37,3;73;;jah
1989-07-29;37,3;73;;jah
1989-07-30;37,3;72;;jah
1989-07-31;37,3;71;;jah
1989-08-01;39;73;;jah
1989-08-02;40,8;72;;jah
1989-08-03;43;77;;jah
1989-08-04;44;82;;jah
1989-08-05;45,2;83;;jah
1989-08-06;46,5;84;;jah
1989-08-07;46,8;81;;jah
1989-08-08;47,2;78;;jah
1989-08-09;47,4;78;;jah
1989-08-10;47,8;82;;jah
1989-08-11;48;82;;jah
1989-08-12;48;81;;jah
1989-08-13;48;82;;jah
1989-08-14;48,2;80;;jah
1989-08-15;48,2;82;;jah
1989-08-16;48,2;80;;jah
1989-08-17;48,2;80;;jah
1989-08-18;47,3;78;;jah
1989-08-19;46,3;74;;jah
1989-08-20;45,4;75;;jah
1989-08-21;44,8;75;;jah
1989-08-22;44,2;75;;jah
1989-08-23;44;73;;jah
1989-08-24;44;71;;jah
1989-08-25;43,8;70;;jah
1989-08-26;43,6;71;;jah
1989-08-27;43,6;70;;jah
1989-08-28;43,9;72;;jah
1989-08-29;44;73;;jah
1989-08-30;44,2;74;;jah
1989-08-31;44,4;75;;jah
1989-09-01;44,4;75;;jah
1989-09-02;44,4;72;;jah
1989-09-03;44,4;71;;jah
1989-09-04;44,3;72;;jah
1989-09-05;44,2;68;;jah
1989-09-06;44,1;70;;jah
1989-09-07;44,1;72;;jah
1989-09-08;44;66;;jah
1989-09-09;44;67;;jah
1989-09-10;44;69;;jah
1989-09-11;43,8;68;;jah
1989-09-12;43,3;67;;jah
1989-09-13;43;61;;jah
1989-09-14;42,7;60;;jah
1989-09-15;42,1;60;;jah
1989-09-16;41,9;60;;jah
1989-09-17;41,7;60;;jah
1989-09-18;41,3;57;;jah
1989-09-19;41,1;57;;jah
1989-09-20;41;57;;jah
1989-09-21;41;55;;jah
1989-09-22;40,8;55;;jah
1989-09-23;40,5;56;;jah
1989-09-24;40,5;56;;jah
1989-09-25;40,4;55;;jah
1989-09-26;40,4;56;;jah
1989-09-27;40,4;55;;jah
1989-09-28;40,3;54;;jah
1989-09-29;40,3;54;;jah
1989-09-30;40,3;55;;jah
1989-10-01;39,7;55;;jah
1989-10-02;39,8;50;;jah
1989-10-03;39;56;;jah
1989-10-04;38,8;58;;jah
1989-10-05;38,6;52;;jah
1989-10-06;38,5;50;;jah
1989-10-07;38,1;49;;jah
1989-10-08;38;50;;jah
1989-10-09;38;48;;jah
1989-10-10;37,8;48;;jah
1989-10-11;37,5;50;;jah
1989-10-12;37,2;47;;jah
1989-10-13;37,1;44;;jah
1989-10-14;37;47;;jah
1989-10-15;37;46;;jah
1989-10-16;36,8;47;;jah
1989-10-17;36,6;49;;jah
1989-10-18;36,5;49;;jah
1989-10-19;36,5;52;;jah
1989-10-20;36,6;53;;jah
1989-10-21;37,3;52;;jah
1989-10-22;38,3;52;;jah
1989-10-23;40;53;;jah
1989-10-24;42,5;53;;jah
1989-10-25;44;65;;jah
1989-10-26;47;72;;jah
1989-10-27;50,5;77;;jah
1989-10-28;52,7;79;;jah
1989-10-29;53,3;80;;jah
1989-10-30;54;84;;jah
1989-10-31;54,7;84;;jah
1989-11-01;54,7;81;;jah
1989-11-02;54,6;79;;jah
1989-11-03;54,2;78;;jah
1989-11-04;54,1;77;;jah
1989-11-05;53,9;77;;jah
1989-11-06;53,3;79;;jah
1989-11-07;53,1;81;;jah
1989-11-08;52,9;80;;jah
1989-11-09;52,7;80;;jah
1989-11-10;52,6;78;;jah
1989-11-11;52,5;77;;jah
1989-11-12;52,6;74;;jah
1989-11-13;53;73;;jah
1989-11-14;53,3;80;;jah
1989-11-15;53,8;89;;jah
1989-11-16;54,2;91;;jah
1989-11-17;54,9;86;;jah
1989-11-18;55,2;84;;jah
1989-11-19;55,4;85;;jah
1989-11-20;55,5;82;;jah
1989-11-21;55,5;82;;jah
1989-11-22;55,5;81;;jah
1989-11-23;55,3;83;;jah
1989-11-24;52;80;;jah
1989-11-25;47;70;;jah
1989-11-26;43;62;;jah
1989-11-27;39,9;64;;jah
1989-11-28;39,8;67;;jah
1989-11-29;39,7;65;;jah
1989-11-30;39,7;67;;jah
1989-12-01;39,7;72;;jah
1989-12-02;39,7;72;;jah
1989-12-03;39,9;73;;jah
1989-12-04;40,1;75;;jah
1989-12-05;40,8;83;;jah
1989-12-06;41,1;101;;jah
1989-12-07;41,7;97;;jah
1989-12-08;41,9;96;;jah
1989-12-09;42;94;;jah
1989-12-10;42,3;90;;jah
1989-12-11;42,3;91;;jah
1989-12-12;42,2;90;;jah
1989-12-13;42,1;92;;jah
1989-12-14;42,1;91;;jah
1989-12-15;42;92;;jah
1989-12-16;41,8;93;;jah
1989-12-17;41,6;90;;jah
1989-12-18;41,5;88;;jah
1989-12-19;41,2;89;;jah
1989-12-20;41,2;96;;jah
1989-12-21;42;103;;jah
1989-12-22;46,5;105;;jah
1989-12-23;52;113;;jah
1989-12-24;59;108;;jah
1989-12-25;64;120;;jah
1989-12-26;68,7;122;;jah
1989-12-27;68,7;119;;jah
1989-12-28;68,7;118;;jah
1989-12-29;68,3;116;;jah
1989-12-30;68,3;114;;jah
1989-12-31;68;112;;jah
1990-01-01;67,1;108;;jah
1990-01-02;66,2;106;;jah
1990-01-03;65,4;105;;jah
1990-01-04;64,5;100;;jah
1990-01-05;63,7;92;;jah
1990-01-06;62,5;89;;jah
1990-01-07;61,2;93;;jah
1990-01-08;60;117;;jah
1990-01-09;58,5;109;;jah
1990-01-10;58,5;105;;jah
1990-01-11;58,5;101;;jah
1990-01-12;58,5;101;;jah
1990-01-13;58,5;92;;jah
1990-01-14;58,5;87;;jah
1990-01-15;58,5;80;;jah
1990-01-16;58,5;88;;jah
1990-01-17;74,8;129;;jah
1990-01-18;76;147;;jah
1990-01-19;78,4;145;;jah
1990-01-20;79;141;;jah
1990-01-21;80;134;;jah
1990-01-22;81,3;129;;jah
1990-01-23;82,5;124;;jah
1990-01-24;83,6;127;;jah
1990-01-25;85;147;;jah
1990-01-26;86;149;;jah
1990-01-27;87;151;;jah
1990-01-28;87,6;151;;jah
1990-01-29;87,5;148;;jah
1990-01-30;87,4;147;;jah
1990-01-31;87,3;148;;jah
1990-02-01;89;149;;jah
1990-02-02;91;153;;jah
1990-02-03;93,7;157;;jah
1990-02-04;99;159;;jah
1990-02-05;103;165;;jah
1990-02-06;107;170;;jah
1990-02-07;111;178;;jah
1990-02-08;116;182;;jah
1990-02-09;121;190;;jah
1990-02-10;125;199;;jah
1990-02-11;130;205;;jah
1990-02-12;134;217;;jah
1990-02-13;137;227;;jah
1990-02-14;140;230;;jah
1990-02-15;141;231;;jah
1990-02-16;141;232;;jah
1990-02-17;141;229;;jah
1990-02-18;139;224;;jah
1990-02-19;137;218;;jah
1990-02-20;138;220;;jah
1990-02-21;139;221;;jah
1990-02-22;140;223;;jah
1990-02-23;141;226;;jah
1990-02-24;143;228;;jah
1990-02-25;146;229;;jah
1990-02-26;150;231;;jah
1990-02-27;156;238;;jah
1990-02-28;161;244;;jah
1990-03-01;163;249;;jah
1990-03-02;166;254;;jah
1990-03-03;168;257;;jah
1990-03-04;169;258;;jah
1990-03-05;171;260;;jah
1990-03-06;172;263;;jah
1990-03-07;173;267;;jah
1990-03-08;175;269;;jah
1990-03-09;176;270;;jah
1990-03-10;177;271;;jah
1990-03-11;178;271;;jah
1990-03-12;179;273;;jah
1990-03-13;179;274;;jah
1990-03-14;180;271;;jah
1990-03-15;180;270;;jah
1990-03-16;180;271;;jah
1990-03-17;181;272;;jah
1990-03-18;181;275;;jah
1990-03-19;181;275;;jah
1990-03-20;181;275;;jah
1990-03-21;181;273;;jah
1990-03-22;181;274;;jah
1990-03-23;181;273;;jah
1990-03-24;181;274;;jah
1990-03-25;181;275;;jah
1990-03-26;180;275;;jah
1990-03-27;180;275;;jah
1990-03-28;179;274;;jah
1990-03-29;178;272;;jah
1990-03-30;176;270;;jah
1990-03-31;173;266;;jah
1990-04-01;171;265;;jah
1990-04-02;167;262;;jah
1990-04-03;163;256;;jah
1990-04-04;159;251;;jah
1990-04-05;153;256;;jah
1990-04-06;149;252;;jah
1990-04-07;144;249;;jah
1990-04-08;140;246;;jah
1990-04-09;136;241;;jah
1990-04-10;131;237;;jah
1990-04-11;128;235;;jah
1990-04-12;125;227;;jah
1990-04-13;121;226;;jah
1990-04-14;118;224;;jah
1990-04-15;116;221;;jah
1990-04-16;114;218;;jah
1990-04-17;110;214;;jah
1990-04-18;106;211;;jah
1990-04-19;104;208;;jah
1990-04-20;102;206;;jah
1990-04-21;98;203;;jah
1990-04-22;96;199;;jah
1990-04-23;94;198;;jah
1990-04-24;93;196;;jah
1990-04-25;91,1;193;;jah
1990-04-26;89,9;191;;jah
1990-04-27;88;189;;jah
1990-04-28;87;186;;jah
1990-04-29;85;183;;jah
1990-04-30;83;180;;jah
1990-05-01;82;177;;jah
1990-05-02;80,9;176;;jah
1990-05-03;79,5;173;;jah
1990-05-04;78;171;;jah
1990-05-05;77;169;;jah
1990-05-06;75,8;167;;jah
1990-05-07;74,9;165;;jah
1990-05-08;73,8;164;;jah
1990-05-09;72,8;162;;jah
1990-05-10;71,1;159;;jah
1990-05-11;70,8;157;;jah
1990-05-12;70;158;;jah
1990-05-13;69,9;157;;jah
1990-05-14;69,1;156;;jah
1990-05-15;68,1;158;;jah
1990-05-16;67,9;154;;jah
1990-05-17;67,2;153;;jah
1990-05-18;66,9;152;;jah
1990-05-19;66,1;150;;jah
1990-05-20;65,9;148;;jah
1990-05-21;65,1;146;;jah
1990-05-22;64,8;145;;jah
1990-05-23;64,4;144;;jah
1990-05-24;64;142;;jah
1990-05-25;63,9;142;;jah
1990-05-26;63,9;140;;jah
1990-05-27;62,9;138;;jah
1990-05-28;62,3;139;;jah
1990-05-29;62;142;;jah
1990-05-30;61,9;141;;jah
1990-05-31;61,6;137;;jah
1990-06-01;61,2;134;;jah
1990-06-02;60,8;134;;jah
1990-06-03;60,2;131;;jah
1990-06-04;59,8;132;;jah
1990-06-05;59,2;132;;jah
1990-06-06;59;132;;jah
1990-06-07;58,6;129;;jah
1990-06-08;58,2;128;;jah
1990-06-09;57,8;127;;jah
1990-06-10;57,3;124;;jah
1990-06-11;57;123;;jah
1990-06-12;56,8;122;;jah
1990-06-13;56,2;121;;jah
1990-06-14;55,3;118;;jah
1990-06-15;55;122;;jah
1990-06-16;54,5;120;;jah
1990-06-17;54,3;119;;jah
1990-06-18;54;119;;jah
1990-06-19;53,6;118;;jah
1990-06-20;53,2;116;;jah
1990-06-21;52,9;115;;jah
1990-06-22;52,4;114;;jah
1990-06-23;52;114;;jah
1990-06-24;51,5;112;;jah
1990-06-25;51,2;111;;jah
1990-06-26;51;107;;jah
1990-06-27;50,5;105;;jah
1990-06-28;50,3;104;;jah
1990-06-29;50,1;104;;jah
1990-06-30;50;99;;jah
1990-07-01;49,5;99;;jah
1990-07-02;48;102;;jah
1990-07-03;46,9;100;;jah
1990-07-04;45;98;;jah
1990-07-05;43,3;98;;jah
1990-07-06;42,8;99;;jah
1990-07-07;42,7;98;;jah
1990-07-08;42,7;97;;jah
1990-07-09;42,7;95;;jah
1990-07-10;42,7;96;;jah
1990-07-11;42,7;94;;jah
1990-07-12;42,7;92;;jah
1990-07-13;42,7;90;;jah
1990-07-14;42,8;90;;jah
1990-07-15;42,8;91;;jah
1990-07-16;42,8;96;;jah
1990-07-17;42,9;96;;jah
1990-07-18;42,9;96;;jah
1990-07-19;42,9;96;;jah
1990-07-20;43;96;;jah
1990-07-21;43;96;;jah
1990-07-22;43;96;;jah
1990-07-23;45;97;;jah
1990-07-24;51;107;;jah
1990-07-25;59;121;;jah
1990-07-26;66,2;132;;jah
1990-07-27;65,5;131;;jah
1990-07-28;64,5;129;;jah
1990-07-29;63,2;128;;jah
1990-07-30;62,7;126;;jah
1990-07-31;61,8;126;;jah
1990-08-01;61,3;126;;jah
1990-08-02;61;125;;jah
1990-08-03;61;123;;jah
1990-08-04;60,9;119;;jah
1990-08-05;60;114;;jah
1990-08-06;59,2;111;;jah
1990-08-07;57,9;107;;jah
1990-08-08;57,6;104;;jah
1990-08-09;56,6;103;;jah
1990-08-10;55,5;100;;jah
1990-08-11;54,5;99;;jah
1990-08-12;53,4;97;;jah
1990-08-13;52;97;;jah
1990-08-14;51;96;;jah
1990-08-15;49,7;95;;jah
1990-08-16;48,8;94;;jah
1990-08-17;48;94;;jah
1990-08-18;47,7;95;;jah
1990-08-19;47,1;94;;jah
1990-08-20;46,8;95;;jah
1990-08-21;46,3;96;;jah
1990-08-22;46;95;;jah
1990-08-23;45,3;94;;jah
1990-08-24;46,2;93;;jah
1990-08-25;47,4;95;;jah
1990-08-26;48,8;100;;jah
1990-08-27;49,7;105;;jah
1990-08-28;51,4;109;;jah
1990-08-29;52,5;111;;jah
1990-08-30;54,2;115;;jah
1990-08-31;55,2;116;;jah
1990-09-01;55,5;116;;jah
1990-09-02;55,1;115;;jah
1990-09-03;54,9;115;;jah
1990-09-04;54,2;114;;jah
1990-09-05;54;112;;jah
1990-09-06;53,7;108;;jah
1990-09-07;53,6;108;;jah
1990-09-08;54,2;109;;jah
1990-09-09;54,9;111;;jah
1990-09-10;56,7;116;;jah
1990-09-11;57,2;120;;jah
1990-09-12;57;118;;jah
1990-09-13;56;116;;jah
1990-09-14;56,8;115;;jah
1990-09-15;56,7;114;;jah
1990-09-16;55,8;114;;jah
1990-09-17;55,5;114;;jah
1990-09-18;55,5;112;;jah
1990-09-19;55,5;111;;jah
1990-09-20;56;110;;jah
1990-09-21;59;111;;jah
1990-09-22;63;115;;jah
1990-09-23;70;126;;jah
1990-09-24;75;135;;jah
1990-09-25;80;139;;jah
1990-09-26;87;146;;jah
1990-09-27;90;155;;jah
1990-09-28;91;159;;jah
1990-09-29;91,7;161;;jah
1990-09-30;92,8;163;;jah
1990-10-01;92,8;165;;jah
1990-10-02;94,4;168;;jah
1990-10-03;94,8;168;;jah
1990-10-04;96;171;;jah
1990-10-05;97,3;172;;jah
1990-10-06;98,8;178;;jah
1990-10-07;100;182;;jah
1990-10-08;101;186;;jah
1990-10-09;102;187;;jah
1990-10-10;102;187;;jah
1990-10-11;103;187;;jah
1990-10-12;104;189;;jah
1990-10-13;105;191;;jah
1990-10-14;106;192;;jah
1990-10-15;106;192;;jah
1990-10-16;107;193;;jah
1990-10-17;108;193;;jah
1990-10-18;108;193;;jah
1990-10-19;108;193;;jah
1990-10-20;108;194;;jah
1990-10-21;108;195;;jah
1990-10-22;108;194;;jah
1990-10-23;107;190;;jah
1990-10-24;105;188;;jah
1990-10-25;101;186;;jah
1990-10-26;96;184;;jah
1990-10-27;91,2;183;;jah
1990-10-28;89;181;;jah
1990-10-29;87,5;179;;jah
1990-10-30;87;181;;jah
1990-10-31;86;183;;jah
1990-11-01;85,2;180;;jah
1990-11-02;86;180;;jah
1990-11-03;86,2;182;;jah
1990-11-04;86,9;183;;jah
1990-11-05;87;183;;jah
1990-11-06;87;183;;jah
1990-11-07;87;182;;jah
1990-11-08;87;181;;jah
1990-11-09;87;180;;jah
1990-11-10;87,1;180;;jah
1990-11-11;87,2;179;;jah
1990-11-12;87,3;179;;jah
1990-11-13;87,3;177;;jah
1990-11-14;87,8;177;;jah
1990-11-15;88,8;179;;jah
1990-11-16;92;180;;jah
1990-11-17;94;182;;jah
1990-11-18;97;188;;jah
1990-11-19;99,2;197;;jah
1990-11-20;100;202;;jah
1990-11-21;101;204;;jah
1990-11-22;102;205;;jah
1990-11-23;102;204;;jah
1990-11-24;102;204;;jah
1990-11-25;101;205;;jah
1990-11-26;101;204;;jah
1990-11-27;101;203;;jah
1990-11-28;101;203;;jah
1990-11-29;100;203;;jah
1990-11-30;100;203;;jah
1990-12-01;99,8;201;;jah
1990-12-02;99,4;200;;jah
1990-12-03;99;198;;jah
1990-12-04;98,9;198;;jah
1990-12-05;98,2;199;;jah
1990-12-06;98;199;;jah
1990-12-07;97,4;196;;jah
1990-12-08;97;197;;jah
1990-12-09;96,5;198;;jah
1990-12-10;96;197;;jah
1990-12-11;95,6;196;;jah
1990-12-12;95,4;195;;jah
1990-12-13;94,8;194;;jah
1990-12-14;94,2;193;;jah
1990-12-15;93,8;189;;jah
1990-12-16;93;187;;jah
1990-12-17;92,8;188;;jah
1990-12-18;91,8;191;;jah
1990-12-19;91;191;;jah
1990-12-20;89,8;194;;jah
1990-12-21;87;187;;jah
1990-12-22;83;182;;jah
1990-12-23;81;179;;jah
1990-12-24;80;177;;jah
1990-12-25;78,9;177;;jah
1990-12-26;77;176;;jah
1990-12-27;76;175;;jah
1990-12-28;74,7;173;;jah
1990-12-29;74;172;;jah
1990-12-30;73,2;174;;jah
1990-12-31;73;173;;jah
1991-01-01;74,2;173;;jah
1991-01-02;76;182;;jah
1991-01-03;77;184;;jah
1991-01-04;77,8;184;;jah
1991-01-05;78,2;184;;jah
1991-01-06;79,3;184;;jah
1991-01-07;79,9;185;;jah
1991-01-08;80,3;188;;jah
1991-01-09;81,3;191;;jah
1991-01-10;82;192;;jah
1991-01-11;82,3;199;;jah
1991-01-12;82,9;202;;jah
1991-01-13;83;207;;jah
1991-01-14;83,2;206;;jah
1991-01-15;83,4;209;;jah
1991-01-16;83,5;211;;jah
1991-01-17;84;213;;jah
1991-01-18;84;216;;jah
1991-01-19;84;219;;jah
1991-01-20;84;221;;jah
1991-01-21;83,8;220;;jah
1991-01-22;82,5;217;;jah
1991-01-23;81,9;215;;jah
1991-01-24;78;213;;jah
1991-01-25;76;210;;jah
1991-01-26;73;201;;jah
1991-01-27;72;200;;jah
1991-01-28;71;196;;jah
1991-01-29;69,8;192;;jah
1991-01-30;68,2;183;;jah
1991-01-31;67;177;;jah
1991-02-01;66,9;174;;jah
1991-02-02;66,8;176;;jah
1991-02-03;67;177;;jah
1991-02-04;67,8;178;;jah
1991-02-05;68,9;180;;jah
1991-02-06;70,2;182;;jah
1991-02-07;71,2;183;;jah
1991-02-08;72;182;;jah
1991-02-09;72,2;180;;jah
1991-02-10;72,3;179;;jah
1991-02-11;72,4;176;;jah
1991-02-12;72,6;174;;jah
1991-02-13;73;174;;jah
1991-02-14;73;173;;jah
1991-02-15;73,1;173;;jah
1991-02-16;73,2;173;;jah
1991-02-17;73,8;173;;jah
1991-02-18;74;172;;jah
1991-02-19;74,8;171;;jah
1991-02-20;75,8;173;;jah
1991-02-21;77,8;175;;jah
1991-02-22;80;177;;jah
1991-02-23;84;177;;jah
1991-02-24;90;180;;jah
1991-02-25;95;192;;jah
1991-02-26;96,8;198;;jah
1991-02-27;97,2;198;;jah
1991-02-28;97,8;190;;jah
1991-03-01;94;183;;jah
1991-03-02;91;180;;jah
1991-03-03;89;177;;jah
1991-03-04;87;176;;jah
1991-03-05;84;173;;jah
1991-03-06;82;168;;jah
1991-03-07;80;164;;jah
1991-03-08;78;163;;jah
1991-03-09;77;158;;jah
1991-03-10;73,8;153;;jah
1991-03-11;73,2;151;;jah
1991-03-12;73;150;;jah
1991-03-13;73,2;153;;jah
1991-03-14;77;154;;jah
1991-03-15;81;155;;jah
1991-03-16;83;165;;jah
1991-03-17;85,5;162;;jah
1991-03-18;88,9;157;;jah
1991-03-19;88,9;156;;jah
1991-03-20;91;158;;jah
1991-03-21;102;166;;jah
1991-03-22;109;176;;jah
1991-03-23;114;199;;jah
1991-03-24;120;206;;jah
1991-03-25;125;207;;jah
1991-03-26;125;207;;jah
1991-03-27;126;208;;jah
1991-03-28;126;209;;jah
1991-03-29;126;209;;jah
1991-03-30;126;208;;jah
1991-03-31;125;207;;jah
1991-04-01;124;204;;jah
1991-04-02;124;203;;jah
1991-04-03;124;204;;jah
1991-04-04;124;208;;jah
1991-04-05;125;211;;jah
1991-04-06;126;215;;jah
1991-04-07;127;219;;jah
1991-04-08;129;221;;jah
1991-04-09;132;224;;jah
1991-04-10;135;228;;jah
1991-04-11;137;231;;jah
1991-04-12;138;233;;jah
1991-04-13;138;233;;jah
1991-04-14;138;233;;jah
1991-04-15;137;233;;jah
1991-04-16;134;233;;jah
1991-04-17;131;231;;jah
1991-04-18;128;231;;jah
1991-04-19;125;229;;jah
1991-04-20;121;227;;jah
1991-04-21;118;226;;jah
1991-04-22;116;223;;jah
1991-04-23;115;221;;jah
1991-04-24;112;218;;jah
1991-04-25;110;215;;jah
1991-04-26;109;212;;jah
1991-04-27;107;209;;jah
1991-04-28;106;207;;jah
1991-04-29;103;205;;jah
1991-04-30;102;203;;jah
1991-05-01;101;201;;jah
1991-05-02;99,3;201;;jah
1991-05-03;98,2;201;;jah
1991-05-04;97,2;200;;jah
1991-05-05;96,8;199;;jah
1991-05-06;96;199;;jah
1991-05-07;95;196;;jah
1991-05-08;94,5;193;;jah
1991-05-09;94;192;;jah
1991-05-10;93;191;;jah
1991-05-11;92,2;187;;jah
1991-05-12;91,5;186;;jah
1991-05-13;90,5;185;;jah
1991-05-14;89,5;185;;jah
1991-05-15;89;183;;jah
1991-05-16;88,2;182;;jah
1991-05-17;87,8;181;;jah
1991-05-18;87;179;;jah
1991-05-19;86;177;;jah
1991-05-20;85,2;177;;jah
1991-05-21;84,3;174;;jah
1991-05-22;84;173;;jah
1991-05-23;84;176;;jah
1991-05-24;84,3;180;;jah
1991-05-25;84,4;181;;jah
1991-05-26;85;183;;jah
1991-05-27;85,5;183;;jah
1991-05-28;85,8;183;;jah
1991-05-29;85,9;181;;jah
1991-05-30;86;179;;jah
1991-05-31;85;177;;jah
1991-06-01;83;175;;jah
1991-06-02;81,8;173;;jah
1991-06-03;80;171;;jah
1991-06-04;79;171;;jah
1991-06-05;78;170;;jah
1991-06-06;76,8;167;;jah
1991-06-07;74;166;;jah
1991-06-08;73;165;;jah
1991-06-09;71,5;164;;jah
1991-06-10;70;162;;jah
1991-06-11;69,5;161;;jah
1991-06-12;68,3;159;;jah
1991-06-13;68;158;;jah
1991-06-14;68;158;;jah
1991-06-15;68,3;159;;jah
1991-06-16;69;161;;jah
1991-06-17;70;166;;jah
1991-06-18;71;166;;jah
1991-06-19;72;171;;jah
1991-06-20;72,8;172;;jah
1991-06-21;73,2;173;;jah
1991-06-22;73,8;172;;jah
1991-06-23;74,3;171;;jah
1991-06-24;75;170;;jah
1991-06-25;76;169;;jah
1991-06-26;76,8;170;;jah
1991-06-27;77,3;172;;jah
1991-06-28;78,3;172;;jah
1991-06-29;79,1;175;;jah
1991-06-30;80;176;;jah
1991-07-01;81;174;;jah
1991-07-02;80,8;172;;jah
1991-07-03;80;171;;jah
1991-07-04;79;169;;jah
1991-07-05;77,8;167;;jah
1991-07-06;75;166;;jah
1991-07-07;73,5;164;;jah
1991-07-08;71,2;162;;jah
1991-07-09;69,5;158;;jah
1991-07-10;68,2;155;;jah
1991-07-11;67,2;153;;jah
1991-07-12;66,6;152;;jah
1991-07-13;66,2;151;;jah
1991-07-14;66;151;;jah
1991-07-15;66;152;;jah
1991-07-16;66;154;;jah
1991-07-17;66;155;;jah
1991-07-18;66,2;154;;jah
1991-07-19;66,6;155;;jah
1991-07-20;66,9;155;;jah
1991-07-21;67;154;;jah
1991-07-22;67,1;153;;jah
1991-07-23;67,2;154;;jah
1991-07-24;67;152;;jah
1991-07-25;66,9;151;;jah
1991-07-26;66,2;149;;jah
1991-07-27;65,5;148;;jah
1991-07-28;64,2;146;;jah
1991-07-29;63,2;144;;jah
1991-07-30;62;142;;jah
1991-07-31;61;140;;jah
1991-08-01;60;139;;jah
1991-08-02;59;137;;jah
1991-08-03;57;135;;jah
1991-08-04;56;133;;jah
1991-08-05;55;132;;jah
1991-08-06;52,5;129;;jah
1991-08-07;51,6;127;;jah
1991-08-08;50,5;126;;jah
1991-08-09;49;125;;jah
1991-08-10;48;121;;jah
1991-08-11;54;124;;jah
1991-08-12;61,3;138;;jah
1991-08-13;61,3;137;;jah
1991-08-14;61,3;135;;jah
1991-08-15;61,1;134;;jah
1991-08-16;60,2;132;;jah
1991-08-17;59,5;130;;jah
1991-08-18;58,8;128;;jah
1991-08-19;58;127;;jah
1991-08-20;57,5;126;;jah
1991-08-21;57;126;;jah
1991-08-22;56,5;125;;jah
1991-08-23;56;124;;jah
1991-08-24;55,5;124;;jah
1991-08-25;54,5;123;;jah
1991-08-26;54;121;;jah
1991-08-27;53,4;118;;jah
1991-08-28;53,2;116;;jah
1991-08-29;53;115;;jah
1991-08-30;53;113;;jah
1991-08-31;52,8;112;;jah
1991-09-01;52,2;110;;jah
1991-09-02;52;108;;jah
1991-09-03;52;105;;jah
1991-09-04;52;100;;jah
1991-09-05;51,9;100;;jah
1991-09-06;51,5;103;;jah
1991-09-07;51,2;109;;jah
1991-09-08;51;112;;jah
1991-09-09;50,9;110;;jah
1991-09-10;50,9;103;;jah
1991-09-11;50,9;100;;jah
1991-09-12;50,9;97;;jah
1991-09-13;50,9;97;;jah
1991-09-14;50,9;97;;jah
1991-09-15;50,9;97;;jah
1991-09-16;50,9;96;;jah
1991-09-17;50,9;97;;jah
1991-09-18;50,9;98;;jah
1991-09-19;50,9;96;;jah
1991-09-20;51;94;;jah
1991-09-21;51;96;;jah
1991-09-22;51,1;97;;jah
1991-09-23;51,1;97;;jah
1991-09-24;51,3;98;;jah
1991-09-25;51,8;97;;jah
1991-09-26;52;99;;jah
1991-09-27;52,2;100;;jah
1991-09-28;52,8;100;;jah
1991-09-29;52,9;98;;jah
1991-09-30;53;97;;jah
1991-10-01;53,8;100;;jah
1991-10-02;54;105;;jah
1991-10-03;54,2;108;;jah
1991-10-04;54,2;106;;jah
1991-10-05;54;106;;jah
1991-10-06;54;105;;jah
1991-10-07;53,9;103;;jah
1991-10-08;53,8;101;;jah
1991-10-09;53,1;99;;jah
1991-10-10;53;96;;jah
1991-10-11;52,8;95;;jah
1991-10-12;51,9;94;;jah
1991-10-13;51;92;;jah
1991-10-14;50,3;91;;jah
1991-10-15;50;89;;jah
1991-10-16;49,2;88;;jah
1991-10-17;50;90;;jah
1991-10-18;50,3;93;;jah
1991-10-19;51;94;;jah
1991-10-20;51,4;92;;jah
1991-10-21;51,8;96;;jah
1991-10-22;52;96;;jah
1991-10-23;52,3;100;;jah
1991-10-24;53;99;;jah
1991-10-25;53;99;;jah
1991-10-26;53;98;;jah
1991-10-27;52,9;96;;jah
1991-10-28;52,8;96;;jah
1991-10-29;52,2;94;;jah
1991-10-30;52;93;;jah
1991-10-31;51,8;91;;jah
1991-11-01;51,5;89;;jah
1991-11-02;51,1;87;;jah
1991-11-03;51;85;;jah
1991-11-04;51;86;;jah
1991-11-05;51;87;;jah
1991-11-06;50,7;87;;jah
1991-11-07;50,8;87;;jah
1991-11-08;51;86;;jah
1991-11-09;51,2;85;;jah
1991-11-10;51,7;87;;jah
1991-11-11;55;101;;jah
1991-11-12;58;104;;jah
1991-11-13;61;107;;jah
1991-11-14;63;109;;jah
1991-11-15;68,1;112;;jah
1991-11-16;71;116;;jah
1991-11-17;74;120;;jah
1991-11-18;80;128;;jah
1991-11-19;84,1;136;;jah
1991-11-20;90;139;;jah
1991-11-21;91,8;142;;jah
1991-11-22;92,2;141;;jah
1991-11-23;93;142;;jah
1991-11-24;93,1;143;;jah
1991-11-25;93,5;144;;jah
1991-11-26;93,5;144;;jah
1991-11-27;93,3;144;;jah
1991-11-28;93,2;144;;jah
1991-11-29;93;142;;jah
1991-11-30;92,2;141;;jah
1991-12-01;91,2;136;;jah
1991-12-02;89;132;;jah
1991-12-03;86;131;;jah
1991-12-04;82;129;;jah
1991-12-05;78;129;;jah
1991-12-06;55;126;;jah
1991-12-07;40;121;;jah
1991-12-08;40;112;;jah
1991-12-09;40;106;;jah
1991-12-10;45,5;110;;jah
1991-12-11;47,8;119;;jah
1991-12-12;49,7;123;;jah
1991-12-13;51;123;;jah
1991-12-14;52,5;122;;jah
1991-12-15;53,6;119;;jah
1991-12-16;54;116;;jah
1991-12-17;54,8;113;;jah
1991-12-18;54,8;110;;jah
1991-12-19;54,8;120;;jah
1991-12-20;54,8;118;;jah
1991-12-21;54,8;116;;jah
1991-12-22;53;113;;jah
1991-12-23;51,5;110;;jah
1991-12-24;49;110;;jah
1991-12-25;46;106;;jah
1991-12-26;44;103;;jah
1991-12-27;43;110;;jah
1991-12-28;42,9;108;;jah
1991-12-29;50;110;;jah
1991-12-30;60;124;;jah
1991-12-31;60;122;;jah
1992-01-01;60;118;;jah
1992-01-02;76;113;;jah
1992-01-03;89;123;;jah
1992-01-04;92;141;;jah
1992-01-05;93,4;145;;jah
1992-01-06;93,4;148;;jah
1992-01-07;93,5;146;;jah
1992-01-08;93,5;146;;jah
1992-01-09;93,6;151;;jah
1992-01-10;93,6;161;;jah
1992-01-11;93,7;156;;jah
1992-01-12;92,8;172;;jah
1992-01-13;92;180;;jah
1992-01-14;90,5;182;;jah
1992-01-15;88;199;;jah
1992-01-16;85,5;212;;jah
1992-01-17;83;225;;jah
1992-01-18;81;234;;jah
1992-01-19;80,3;234;;jah
1992-01-20;80;222;;jah
1992-01-21;80;216;;jah
1992-01-22;82,2;214;;jah
1992-01-23;83,5;215;;jah
1992-01-24;85,5;215;;jah
1992-01-25;87,2;213;;jah
1992-01-26;87,7;212;;jah
1992-01-27;88,3;209;;jah
1992-01-28;89;207;;jah
1992-01-29;89,7;206;;jah
1992-01-30;90,2;205;;jah
1992-01-31;91;202;;jah
1992-02-01;91,6;199;;jah
1992-02-02;92,2;192;;jah
1992-02-03;92,7;188;;jah
1992-02-04;93,4;183;;jah
1992-02-05;94;178;;jah
1992-02-06;94,7;176;;jah
1992-02-07;95,3;172;;jah
1992-02-08;95,8;169;;jah
1992-02-09;96,2;167;;jah
1992-02-10;97;164;;jah
1992-02-11;97,6;160;;jah
1992-02-12;98,2;156;;jah
1992-02-13;98,8;154;;jah
1992-02-14;99,5;151;;jah
1992-02-15;98,8;150;;jah
1992-02-16;97,7;162;;jah
1992-02-17;97;162;;jah
1992-02-18;96,1;170;;jah
1992-02-19;94,5;176;;jah
1992-02-20;92,3;200;;jah
1992-02-21;90,3;209;;jah
1992-02-22;88;200;;jah
1992-02-23;91;195;;jah
1992-02-24;94;199;;jah
1992-02-25;96,5;190;;jah
1992-02-26;99,5;181;;jah
1992-02-27;103;180;;jah
1992-02-28;106;176;;jah
1992-02-29;107;176;;jah
1992-03-01;107;166;;jah
1992-03-02;107;166;;jah
1992-03-03;107;167;;jah
1992-03-04;106;171;;jah
1992-03-05;105;176;;jah
1992-03-06;105;177;;jah
1992-03-07;105;176;;jah
1992-03-08;106;173;;jah
1992-03-09;106;173;;jah
1992-03-10;106;173;;jah
1992-03-11;106;173;;jah
1992-03-12;106;172;;jah
1992-03-13;106;173;;jah
1992-03-14;105;170;;jah
1992-03-15;105;170;;jah
1992-03-16;105;174;;jah
1992-03-17;105;173;;jah
1992-03-18;105;173;;jah
1992-03-19;104;173;;jah
1992-03-20;104;172;;jah
1992-03-21;104;172;;jah
1992-03-22;104;173;;jah
1992-03-23;104;173;;jah
1992-03-24;103;173;;jah
1992-03-25;103;173;;jah
1992-03-26;103;174;;jah
1992-03-27;103;173;;jah
1992-03-28;103;178;;jah
1992-03-29;104;183;;jah
1992-03-30;106;184;;jah
1992-03-31;107;184;;jah
1992-04-01;107;186;;jah
1992-04-02;108;187;;jah
1992-04-03;108;188;;jah
1992-04-04;108;189;;jah
1992-04-05;108;189;;jah
1992-04-06;109;188;;jah
1992-04-07;109;188;;jah
1992-04-08;109;189;;jah
1992-04-09;109;190;;jah
1992-04-10;109;191;;jah
1992-04-11;109;191;;jah
1992-04-12;108;191;;jah
1992-04-13;108;189;;jah
1992-04-14;107;188;;jah
1992-04-15;107;187;;jah
1992-04-16;106;188;;jah
1992-04-17;106;187;;jah
1992-04-18;106;187;;jah
1992-04-19;106;187;;jah
1992-04-20;106;188;;jah
1992-04-21;106;190;;jah
1992-04-22;106;191;;jah
1992-04-23;106;192;;jah
1992-04-24;107;193;;jah
1992-04-25;108;193;;jah
1992-04-26;109;193;;jah
1992-04-27;109;193;;jah
1992-04-28;110;193;;jah
1992-04-29;110;195;;jah
1992-04-30;110;195;;jah
1992-05-01;110;194;;jah
1992-05-02;109;193;;jah
1992-05-03;108;193;;jah
1992-05-04;107;191;;jah
1992-05-05;106;191;;jah
1992-05-06;104;189;;jah
1992-05-07;103;186;;jah
1992-05-08;101;184;;jah
1992-05-09;100;183;;jah
1992-05-10;99,1;182;;jah
1992-05-11;97;181;;jah
1992-05-12;96,1;179;;jah
1992-05-13;95;179;;jah
1992-05-14;93,5;179;;jah
1992-05-15;93;179;;jah
1992-05-16;91,7;177;;jah
1992-05-17;90,6;175;;jah
1992-05-18;89,7;176;;jah
1992-05-19;89;176;;jah
1992-05-20;87,5;175;;jah
1992-05-21;86,6;173;;jah
1992-05-22;85,6;172;;jah
1992-05-23;83,9;171;;jah
1992-05-24;83,5;169;;jah
1992-05-25;82,9;167;;jah
1992-05-26;82;165;;jah
1992-05-27;81,1;163;;jah
1992-05-28;80;162;;jah
1992-05-29;79,3;159;;jah
1992-05-30;78,3;156;;jah
1992-05-31;76,7;155;;jah
1992-06-01;76,5;152;;jah
1992-06-02;75,3;151;;jah
1992-06-03;74,9;151;;jah
1992-06-04;74,2;148;;jah
1992-06-05;73,5;146;;jah
1992-06-06;72,7;145;;jah
1992-06-07;72;141;;jah
1992-06-08;71,5;138;;jah
1992-06-09;70,6;139;;jah
1992-06-10;69,7;137;;jah
1992-06-11;69;135;;jah
1992-06-12;67,8;133;;jah
1992-06-13;66,7;132;;jah
1992-06-14;65,5;130;;jah
1992-06-15;64;128;;jah
1992-06-16;62,5;125;;jah
1992-06-17;61;125;;jah
1992-06-18;59,5;122;;jah
1992-06-19;57,5;122;;jah
1992-06-20;54,9;120;;jah
1992-06-21;54,6;118;;jah
1992-06-22;54,2;117;;jah
1992-06-23;54;122;;jah
1992-06-24;53,8;122;;jah
1992-06-25;53,6;120;;jah
1992-06-26;53,4;109;;jah
1992-06-27;53,3;108;;jah
1992-06-28;53,1;107;;jah
1992-06-29;52,8;106;;jah
1992-06-30;52,5;104;;jah
1992-07-01;52,4;102;;jah
1992-07-02;52;101;;jah
1992-07-03;51,5;99;;jah
1992-07-04;51;98;;jah
1992-07-05;50,5;97;;jah
1992-07-06;50;95;;jah
1992-07-07;49,3;96;;jah
1992-07-08;48,6;96;;jah
1992-07-09;48,2;92;;jah
1992-07-10;47,5;91;;jah
1992-07-11;47;90;;jah
1992-07-12;46,2;90;;jah
1992-07-13;45,6;90;;jah
1992-07-14;45;88;;jah
1992-07-15;44,5;88;;jah
1992-07-16;44,2;87;;jah
1992-07-17;43,7;86;;jah
1992-07-18;43,2;85;;jah
1992-07-19;42,8;84;;jah
1992-07-20;42,4;82;;jah
1992-07-21;42,2;82;;jah
1992-07-22;41,9;81;;jah
1992-07-23;40,8;81;;jah
1992-07-24;40,3;79;;jah
1992-07-25;39,9;75;;jah
1992-07-26;39,5;74;;jah
1992-07-27;39;73;;jah
1992-07-28;38,7;75;;jah
1992-07-29;38,2;71;;jah
1992-07-30;37,9;73;;jah
1992-07-31;37,8;71;;jah
1992-08-01;37,2;70;;jah
1992-08-02;37;68;;jah
1992-08-03;36,8;67;;jah
1992-08-04;36,7;65;;jah
1992-08-05;36,6;62;;jah
1992-08-06;36,6;60;;jah
1992-08-07;36,6;60;;jah
1992-08-08;36,6;57;;jah
1992-08-09;36,6;57;;jah
1992-08-10;36,6;57;;jah
1992-08-11;36,6;55;;jah
1992-08-12;36,3;55;;jah
1992-08-13;36;54;;jah
1992-08-14;35,3;55;;jah
1992-08-15;35;54;;jah
1992-08-16;34,5;54;;jah
1992-08-17;34,2;51;;jah
1992-08-18;33,9;50;;jah
1992-08-19;33,2;48;;jah
1992-08-20;33;46;;jah
1992-08-21;32,5;44;;jah
1992-08-22;32;41;;jah
1992-08-23;31,6;38;;jah
1992-08-24;31,5;38;;jah
1992-08-25;31,6;39;;jah
1992-08-26;32,2;43;;jah
1992-08-27;32,5;43;;jah
1992-08-28;33;43;;jah
1992-08-29;33,1;42;;jah
1992-08-30;33,1;42;;jah
1992-08-31;33,1;43;;jah
1992-09-01;33,1;43;;jah
1992-09-02;33;44;;jah
1992-09-03;33;42;;jah
1992-09-04;33;41;;jah
1992-09-05;32,7;41;;jah
1992-09-06;32,5;42;;jah
1992-09-07;32,2;44;;jah
1992-09-08;31,8;42;;jah
1992-09-09;31,4;39;;jah
1992-09-10;31;37;;jah
1992-09-11;30,7;36;;jah
1992-09-12;30,5;36;;jah
1992-09-13;30;36;;jah
1992-09-14;29,7;35;;jah
1992-09-15;29,5;36;;jah
1992-09-16;29,3;34;;jah
1992-09-17;29,1;35;;jah
1992-09-18;28,8;36;;jah
1992-09-19;28,7;35;;jah
1992-09-20;28,5;34;;jah
1992-09-21;28,3;32;;jah
1992-09-22;28;32;;jah
1992-09-23;28;31;;jah
1992-09-24;28;30;;jah
1992-09-25;28;28;;jah
1992-09-26;28;28;;jah
1992-09-27;28;26;;jah
1992-09-28;29;26;;jah
1992-09-29;29,9;30;;jah
1992-09-30;29,9;31;;jah
1992-10-01;30;31;;jah
1992-10-02;30;29;;jah
1992-10-03;30;27;;jah
1992-10-04;30;25;;jah
1992-10-05;30;25;;jah
1992-10-06;30;24;;jah
1992-10-07;30,1;23;;jah
1992-10-08;30,2;20;;jah
1992-10-09;30,3;22;;jah
1992-10-10;30,4;23;;jah
1992-10-11;30,6;20;;jah
1992-10-12;31;21;;jah
1992-10-13;31,2;21;;jah
1992-10-14;31,3;23;;jah
1992-10-15;31,3;26;;jah
1992-10-16;31,3;28;;jah
1992-10-17;31,2;26;;jah
1992-10-18;31;26;;jah
1992-10-19;30,7;27;;jah
1992-10-20;30,5;25;;jah
1992-10-21;30,4;26;;jah
1992-10-22;30,2;29;;jah
1992-10-23;29,8;38;;jah
1992-10-24;29,5;30;;jah
1992-10-25;28,7;23;;jah
1992-10-26;28;24;;jah
1992-10-27;27,8;21;;jah
1992-10-28;27,7;20;;jah
1992-10-29;27,7;24;;jah
1992-10-30;27,7;17;;jah
1992-10-31;28;16;;jah
1992-11-01;31,3;15;;jah
1992-11-02;33;19;;jah
1992-11-03;33,8;22;;jah
1992-11-04;34,1;24;;jah
1992-11-05;33,8;27;;jah
1992-11-06;33,5;27;;jah
1992-11-07;33;26;;jah
1992-11-08;32;29;;jah
1992-11-09;29,1;22;;jah
1992-11-10;29;18;;jah
1992-11-11;29,5;19;;jah
1992-11-12;30,3;21;;jah
1992-11-13;31,2;29;;jah
1992-11-14;31,8;35;;jah
1992-11-15;31,8;37;;jah
1992-11-16;31,8;31;;jah
1992-11-17;31,8;31;;jah
1992-11-18;31,8;29;;jah
1992-11-19;31,8;30;;jah
1992-11-20;31,8;31;;jah
1992-11-21;31,8;33;;jah
1992-11-22;31,8;33;;jah
1992-11-23;31,8;32;;jah
1992-11-24;31,7;29;;jah
1992-11-25;31,5;28;;jah
1992-11-26;31,4;37;;jah
1992-11-27;30,5;40;;jah
1992-11-28;29;38;;jah
1992-11-29;26;32;;jah
1992-11-30;25,5;26;;jah
1992-12-01;25,8;26;;jah
1992-12-02;29;31;;jah
1992-12-03;32,5;37;;jah
1992-12-04;37;43;;jah
1992-12-05;41;51;;jah
1992-12-06;45,5;57;;jah
1992-12-07;47,8;59;;jah
1992-12-08;48,1;60;;jah
1992-12-09;48,3;58;;jah
1992-12-10;48,3;55;;jah
1992-12-11;47;52;;jah
1992-12-12;45;50;;jah
1992-12-13;43;48;;jah
1992-12-14;42,5;46;;jah
1992-12-15;44,5;46;;jah
1992-12-16;46,5;50;;jah
1992-12-17;48,8;56;;jah
1992-12-18;50,5;57;;jah
1992-12-19;50,9;58;;jah
1992-12-20;50,6;57;;jah
1992-12-21;50,3;55;;jah
1992-12-22;50;53;;jah
1992-12-23;49,7;55;;jah
1992-12-24;49,2;53;;jah
1992-12-25;48,5;57;;jah
1992-12-26;47,6;61;;jah
1992-12-27;46,5;61;;jah
1992-12-28;45,8;52;;jah
1992-12-29;44,8;49;;jah
1992-12-30;44,4;53;;jah
1992-12-31;43,7;52;;jah
1993-01-01;44,5;54;;jah
1993-01-02;44;54;;jah
1993-01-03;43;52;;jah
1993-01-04;42;49;;jah
1993-01-05;40;48;;jah
1993-01-06;38,5;50;;jah
1993-01-07;37,5;46;;jah
1993-01-08;37;44;;jah
1993-01-09;36,9;44;;jah
1993-01-10;37,2;49;;jah
1993-01-11;37,5;49;;jah
1993-01-12;38;51;;jah
1993-01-13;39;49;;jah
1993-01-14;41;50;;jah
1993-01-15;45;52;;jah
1993-01-16;48,5;59;;jah
1993-01-17;50,5;61;;jah
1993-01-18;53,5;63;;jah
1993-01-19;56,2;69;;jah
1993-01-20;58,3;73;;jah
1993-01-21;59,5;74;;jah
1993-01-22;60,3;78;;jah
1993-01-23;60,5;82;;jah
1993-01-24;59,5;88;;jah
1993-01-25;47,5;106;;jah
1993-01-26;40,8;116;;jah
1993-01-27;40,5;111;;jah
1993-01-28;40;104;;jah
1993-01-29;39,7;93;;jah
1993-01-30;39,8;83;;jah
1993-01-31;39,9;77;;jah
1993-02-01;40,2;75;;jah
1993-02-02;40,7;72;;jah
1993-02-03;41,3;71;;jah
1993-02-04;41,8;74;;jah
1993-02-05;42,5;75;;jah
1993-02-06;43,2;81;;jah
1993-02-07;43,9;84;;jah
1993-02-08;44,5;96;;jah
1993-02-09;45,5;97;;jah
1993-02-10;46,3;95;;jah
1993-02-11;47,2;90;;jah
1993-02-12;48,1;86;;jah
1993-02-13;48,8;84;;jah
1993-02-14;49,5;82;;jah
1993-02-15;50,2;80;;jah
1993-02-16;50,8;78;;jah
1993-02-17;50,6;76;;jah
1993-02-18;50,5;76;;jah
1993-02-19;50,3;77;;jah
1993-02-20;50;79;;jah
1993-02-21;49,5;75;;jah
1993-02-22;49;74;;jah
1993-02-23;48,5;77;;jah
1993-02-24;44;74;;jah
1993-02-25;42,5;71;;jah
1993-02-26;42,5;64;;jah
1993-02-27;42,5;64;;jah
1993-02-28;42,5;64;;jah
1993-03-01;50,6;75;;jah
1993-03-02;50,5;76;;jah
1993-03-03;50,3;75;;jah
1993-03-04;50;76;;jah
1993-03-05;49,5;75;;jah
1993-03-06;49;75;;jah
1993-03-07;48,5;73;;jah
1993-03-08;47,5;72;;jah
1993-03-09;47,5;71;;jah
1993-03-10;46;70;;jah
1993-03-11;45,5;70;;jah
1993-03-12;45;65;;jah
1993-03-13;45;69;;jah
1993-03-14;45;67;;jah
1993-03-15;45;63;;jah
1993-03-16;50;75;;jah
1993-03-17;57,5;99;;jah
1993-03-18;62,5;107;;jah
1993-03-19;70;111;;jah
1993-03-20;72,6;112;;jah
1993-03-21;75;109;;jah
1993-03-22;76,5;109;;jah
1993-03-23;78,3;113;;jah
1993-03-24;79,8;117;;jah
1993-03-25;81;121;;jah
1993-03-26;81,8;122;;jah
1993-03-27;82,7;121;;jah
1993-03-28;82,7;120;;jah
1993-03-29;82,7;119;;jah
1993-03-30;82,7;117;;jah
1993-03-31;82,7;115;;jah
1993-04-01;82,7;117;;jah
1993-04-02;82,8;118;;jah
1993-04-03;82,9;119;;jah
1993-04-04;83,1;120;;jah
1993-04-05;83,2;121;;jah
1993-04-06;83,3;121;;jah
1993-04-07;83,4;122;;jah
1993-04-08;83,4;123;;jah
1993-04-09;83,4;123;;jah
1993-04-10;83,2;123;;jah
1993-04-11;82,9;120;;jah
1993-04-12;82;119;;jah
1993-04-13;81,3;119;;jah
1993-04-14;80,4;118;;jah
1993-04-15;79,6;116;;jah
1993-04-16;78,8;116;;jah
1993-04-17;78,2;115;;jah
1993-04-18;77,5;113;;jah
1993-04-19;76,5;114;;jah
1993-04-20;76,7;116;;jah
1993-04-21;76,9;115;;jah
1993-04-22;77,2;117;;jah
1993-04-23;77,5;119;;jah
1993-04-24;77,9;120;;jah
1993-04-25;78;120;;jah
1993-04-26;78;119;;jah
1993-04-27;77,6;118;;jah
1993-04-28;77,2;118;;jah
1993-04-29;76,7;117;;jah
1993-04-30;76,2;117;;jah
1993-05-01;75,5;116;;jah
1993-05-02;74,8;113;;jah
1993-05-03;73,2;112;;jah
1993-05-04;72;110;;jah
1993-05-05;70,8;109;;jah
1993-05-06;69;107;;jah
1993-05-07;67,5;107;;jah
1993-05-08;66,5;106;;jah
1993-05-09;64,7;106;;jah
1993-05-10;63,2;104;;jah
1993-05-11;62,7;102;;jah
1993-05-12;62;101;;jah
1993-05-13;61,7;100;;jah
1993-05-14;61,3;99;;jah
1993-05-15;60,9;98;;jah
1993-05-16;60,6;97;;jah
1993-05-17;60,3;95;;jah
1993-05-18;60;93;;jah
1993-05-19;59,8;92;;jah
1993-05-20;59,7;90;;jah
1993-05-21;59,5;88;;jah
1993-05-22;58,9;86;;jah
1993-05-23;57,9;85;;jah
1993-05-24;56,8;84;;jah
1993-05-25;55,6;81;;jah
1993-05-26;53,5;82;;jah
1993-05-27;51,5;80;;jah
1993-05-28;49;78;;jah
1993-05-29;47,4;77;;jah
1993-05-30;46;77;;jah
1993-05-31;45,2;76;;jah
1993-06-01;44,4;76;;jah
1993-06-02;43,7;74;;jah
1993-06-03;43,2;73;;jah
1993-06-04;42,7;70;;jah
1993-06-05;42,3;69;;jah
1993-06-06;41,8;68;;jah
1993-06-07;41,5;68;;jah
1993-06-08;40,9;69;;jah
1993-06-09;40,3;67;;jah
1993-06-10;39,9;63;;jah
1993-06-11;39,7;63;;jah
1993-06-12;39,5;62;;jah
1993-06-13;39,3;62;;jah
1993-06-14;39,2;63;;jah
1993-06-15;39;60;;jah
1993-06-16;38,8;58;;jah
1993-06-17;38,7;59;;jah
1993-06-18;38,6;61;;jah
1993-06-19;38,5;60;;jah
1993-06-20;38,5;59;;jah
1993-06-21;38,4;60;;jah
1993-06-22;38,4;60;;jah
1993-06-23;38,4;59;;jah
1993-06-24;37,7;59;;jah
1993-06-25;37,1;62;;jah
1993-06-26;36,4;65;;jah
1993-06-27;35;63;;jah
1993-06-28;33,7;61;;jah
1993-06-29;33;58;;jah
1993-06-30;32,7;58;;jah
1993-07-01;32,6;57;;jah
1993-07-02;32,5;54;;jah
1993-07-03;32,5;52;;jah
1993-07-04;32,5;52;;jah
1993-07-05;32,5;48;;jah
1993-07-06;32,5;47;;jah
1993-07-07;32,5;49;;jah
1993-07-08;32,4;47;;jah
1993-07-09;32,3;44;;jah
1993-07-10;32,3;45;;jah
1993-07-11;32,2;46;;jah
1993-07-12;32;47;;jah
1993-07-13;31,7;47;;jah
1993-07-14;31,2;47;;jah
1993-07-15;30,6;45;;jah
1993-07-16;29,8;41;;jah
1993-07-17;28,9;39;;jah
1993-07-18;27,5;40;;jah
1993-07-19;26,7;39;;jah
1993-07-20;26,6;39;;jah
1993-07-21;26,8;40;;jah
1993-07-22;27,2;38;;jah
1993-07-23;28;38;;jah
1993-07-24;29;43;;jah
1993-07-25;30;54;;jah
1993-07-26;30,8;53;;jah
1993-07-27;31,5;58;;jah
1993-07-28;31,9;58;;jah
1993-07-29;32;58;;jah
1993-07-30;32,1;55;;jah
1993-07-31;32,3;54;;jah
1993-08-01;32,4;51;;jah
1993-08-02;32,5;50;;jah
1993-08-03;32,5;48;;jah
1993-08-04;32,5;47;;jah
1993-08-05;32,6;45;;jah
1993-08-06;32,7;46;;jah
1993-08-07;32,8;48;;jah
1993-08-08;32,9;50;;jah
1993-08-09;33;52;;jah
1993-08-10;33,2;52;;jah
1993-08-11;33,2;52;;jah
1993-08-12;33,2;52;;jah
1993-08-13;33,2;50;;jah
1993-08-14;33,2;49;;jah
1993-08-15;33,2;47;;jah
1993-08-16;33,3;47;;jah
1993-08-17;33,4;46;;jah
1993-08-18;34,5;45;;jah
1993-08-19;36,7;44;;jah
1993-08-20;37,8;49;;jah
1993-08-21;39,5;56;;jah
1993-08-22;41;58;;jah
1993-08-23;42,5;59;;jah
1993-08-24;44;61;;jah
1993-08-25;46;66;;jah
1993-08-26;48;74;;jah
1993-08-27;50;76;;jah
1993-08-28;52,1;74;;jah
1993-08-29;52,1;73;;jah
1993-08-30;52;74;;jah
1993-08-31;52;70;;jah
1993-09-01;50,4;65;;jah
1993-09-02;49;60;;jah
1993-09-03;47,5;55;;jah
1993-09-04;46,5;54;;jah
1993-09-05;45,2;52;;jah
1993-09-06;44;52;;jah
1993-09-07;42,7;50;;jah
1993-09-08;41,8;50;;jah
1993-09-09;40,6;49;;jah
1993-09-10;39,7;47;;jah
1993-09-11;38,9;47;;jah
1993-09-12;37,5;45;;jah
1993-09-13;36,8;44;;jah
1993-09-14;36;42;;jah
1993-09-15;35;42;;jah
1993-09-16;34;46;;jah
1993-09-17;33,2;46;;jah
1993-09-18;32,7;44;;jah
1993-09-19;32,4;42;;jah
1993-09-20;32,4;43;;jah
1993-09-21;32,5;42;;jah
1993-09-22;32,7;41;;jah
1993-09-23;33;42;;jah
1993-09-24;33,2;46;;jah
1993-09-25;33,5;45;;jah
1993-09-26;34;47;;jah
1993-09-27;34,8;53;;jah
1993-09-28;35,2;53;;jah
1993-09-29;36;50;;jah
1993-09-30;36,5;48;;jah
1993-10-01;37;45;;jah
1993-10-02;37,5;44;;jah
1993-10-03;37,6;42;;jah
1993-10-04;37,7;43;;jah
1993-10-05;37,8;43;;jah
1993-10-06;38;43;;jah
1993-10-07;38,2;43;;jah
1993-10-08;38,3;42;;jah
1993-10-09;38,5;43;;jah
1993-10-10;38,6;43;;jah
1993-10-11;38,6;43;;jah
1993-10-12;39,5;50;;jah
1993-10-13;40;52;;jah
1993-10-14;41,5;52;;jah
1993-10-15;43;56;;jah
1993-10-16;47,5;95;;jah
1993-10-17;55;103;;jah
1993-10-18;62,1;105;;jah
1993-10-19;62,1;103;;jah
1993-10-20;61,5;98;;jah
1993-10-21;61;98;;jah
1993-10-22;60,5;98;;jah
1993-10-23;60;95;;jah
1993-10-24;59;91;;jah
1993-10-25;58;81;;jah
1993-10-26;57;78;;jah
1993-10-27;55,5;76;;jah
1993-10-28;54,5;71;;jah
1993-10-29;53,3;68;;jah
1993-10-30;52,4;65;;jah
1993-10-31;51;62;;jah
1993-11-01;50;60;;jah
1993-11-02;48,7;63;;jah
1993-11-03;47,5;64;;jah
1993-11-04;46,7;64;;jah
1993-11-05;45,7;64;;jah
1993-11-06;45;62;;jah
1993-11-07;43,5;62;;jah
1993-11-08;42,5;63;;jah
1993-11-09;41,2;64;;jah
1993-11-10;40,3;58;;jah
1993-11-11;39,1;60;;jah
1993-11-12;38;45;;jah
1993-11-13;36,8;42;;jah
1993-11-14;35,7;39;;jah
1993-11-15;34,5;41;;jah
1993-11-16;33,5;54;;jah
1993-11-17;32,5;56;;jah
1993-11-18;31,3;58;;jah
1993-11-19;30,5;59;;jah
1993-11-20;30,6;58;;jah
1993-11-21;30,7;58;;jah
1993-11-22;30,8;58;;jah
1993-11-23;30,9;58;;jah
1993-11-24;31;58;;jah
1993-11-25;31,1;56;;jah
1993-11-26;31,2;57;;jah
1993-11-27;31,3;60;;jah
1993-11-28;31,4;61;;jah
1993-11-29;31,5;62;;jah
1993-11-30;31,5;61;;jah
1993-12-01;31,6;61;;jah
1993-12-02;31,7;61;;jah
1993-12-03;31,8;62;;jah
1993-12-04;31,9;61;;jah
1993-12-05;32;62;;jah
1993-12-06;32,2;64;;jah
1993-12-07;32,3;67;;jah
1993-12-08;32,4;68;;jah
1993-12-09;32,4;68;;jah
1993-12-10;32,5;67;;jah
1993-12-11;32,5;70;;jah
1993-12-12;32,7;70;;jah
1993-12-13;32,8;68;;jah
1993-12-14;32,9;68;;jah
1993-12-15;33;68;;jah
1993-12-16;33,6;66;;jah
1993-12-17;33,9;65;;jah
1993-12-18;34,4;70;;jah
1993-12-19;35;70;;jah
1993-12-20;36;79;;jah
1993-12-21;46,7;103;;jah
1993-12-22;46,7;100;;jah
1993-12-23;46,7;97;;jah
1993-12-24;46,5;97;;jah
1993-12-25;46,3;96;;jah
1993-12-26;46,1;95;;jah
1993-12-27;45,9;87;;jah
1993-12-28;45,7;74;;jah
1993-12-29;45,6;79;;jah
1993-12-30;45,5;79;;jah
1993-12-31;45,5;76;;jah
1994-01-01;45,5;75;;jah
1994-01-02;45,6;73;;jah
1994-01-03;45,7;68;;jah
1994-01-04;45,8;65;;jah
1994-01-05;45,9;63;;jah
1994-01-06;46;62;;jah
1994-01-07;46;61;;jah
1994-01-08;46,3;58;;jah
1994-01-09;46,5;56;;jah
1994-01-10;46,9;54;;jah
1994-01-11;47;58;;jah
1994-01-12;47,5;57;;jah
1994-01-13;52,5;65;;jah
1994-01-14;57,5;85;;jah
1994-01-15;70;113;;jah
1994-01-16;74;118;;jah
1994-01-17;66,5;111;;jah
1994-01-18;62,5;101;;jah
1994-01-19;59;117;;jah
1994-01-20;57,5;130;;jah
1994-01-21;59;119;;jah
1994-01-22;60,3;123;;jah
1994-01-23;62;142;;jah
1994-01-24;64;146;;jah
1994-01-25;65;140;;jah
1994-01-26;64;131;;jah
1994-01-27;60;125;;jah
1994-01-28;55;122;;jah
1994-01-29;51;124;;jah
1994-01-30;47,5;126;;jah
1994-01-31;44,5;111;;jah
1994-02-01;42;84;;jah
1994-02-02;39;82;;jah
1994-02-03;36,9;80;;jah
1994-02-04;36,9;78;;jah
1994-02-05;36,9;78;;jah
1994-02-06;36,9;80;;jah
1994-02-07;36,9;82;;jah
1994-02-08;36,9;81;;jah
1994-02-09;36,9;83;;jah
1994-02-10;37;84;;jah
1994-02-11;37,2;83;;jah
1994-02-12;37,8;82;;jah
1994-02-13;39,3;81;;jah
1994-02-14;41;77;;jah
1994-02-15;43;76;;jah
1994-02-16;45;75;;jah
1994-02-17;45;76;;jah
1994-02-18;44,9;74;;jah
1994-02-19;44,8;73;;jah
1994-02-20;43,5;80;;jah
1994-02-21;43,2;76;;jah
1994-02-22;42,6;77;;jah
1994-02-23;42,2;75;;jah
1994-02-24;42;73;;jah
1994-02-25;42;72;;jah
1994-02-26;41,8;72;;jah
1994-02-27;41,6;72;;jah
1994-02-28;41;71;;jah
1994-03-01;38;71;;jah
1994-03-02;35;68;;jah
1994-03-03;35,5;68;;jah
1994-03-04;36;69;;jah
1994-03-05;36,4;70;;jah
1994-03-06;37;71;;jah
1994-03-07;37;73;;jah
1994-03-08;38,3;73;;jah
1994-03-09;55;73;;jah
1994-03-10;63,5;133;;jah
1994-03-11;77,5;139;;jah
1994-03-12;90;142;;jah
1994-03-13;89,5;140;;jah
1994-03-14;88,5;132;;jah
1994-03-15;87;131;;jah
1994-03-16;85;122;;jah
1994-03-17;82;118;;jah
1994-03-18;78,1;115;;jah
1994-03-19;76,5;109;;jah
1994-03-20;74,5;101;;jah
1994-03-21;73;93;;jah
1994-03-22;72;88;;jah
1994-03-23;71,2;85;;jah
1994-03-24;70,6;84;;jah
1994-03-25;70,5;94;;jah
1994-03-26;70,5;97;;jah
1994-03-27;70,5;97;;jah
1994-03-28;70,5;94;;jah
1994-03-29;71;92;;jah
1994-03-30;73;92;;jah
1994-03-31;74,1;102;;jah
1994-04-01;80;110;;jah
1994-04-02;84;117;;jah
1994-04-03;89;141;;jah
1994-04-04;100;158;;jah
1994-04-05;110;167;;jah
1994-04-06;115;177;;jah
1994-04-07;122;188;;jah
1994-04-08;127;191;;jah
1994-04-09;132;198;;jah
1994-04-10;136;201;;jah
1994-04-11;139;211;;jah
1994-04-12;142;218;;jah
1994-04-13;144;213;;jah
1994-04-14;147;216;;jah
1994-04-15;150;222;;jah
1994-04-16;152;225;;jah
1994-04-17;153;226;;jah
1994-04-18;154;227;;jah
1994-04-19;154;228;;jah
1994-04-20;154;229;;jah
1994-04-21;153;229;;jah
1994-04-22;151;229;;jah
1994-04-23;146;229;;jah
1994-04-24;141;228;;jah
1994-04-25;138;225;;jah
1994-04-26;135;222;;jah
1994-04-27;133;216;;jah
1994-04-28;130;213;;jah
1994-04-29;127;211;;jah
1994-04-30;126;208;;jah
1994-05-01;123;205;;jah
1994-05-02;121;204;;jah
1994-05-03;117;205;;jah
1994-05-04;114;203;;jah
1994-05-05;112;201;;jah
1994-05-06;109;200;;jah
1994-05-07;106;197;;jah
1994-05-08;103;192;;jah
1994-05-09;100;188;;jah
1994-05-10;97,2;186;;jah
1994-05-11;92,3;182;;jah
1994-05-12;91,9;181;;jah
1994-05-13;91,7;176;;jah
1994-05-14;91,5;173;;jah
1994-05-15;91,3;170;;jah
1994-05-16;91,2;164;;jah
1994-05-17;91;162;;jah
1994-05-18;90,9;160;;jah
1994-05-19;90,7;163;;jah
1994-05-20;90,6;163;;jah
1994-05-21;90,5;163;;jah
1994-05-22;90,5;164;;jah
1994-05-23;90,4;159;;jah
1994-05-24;89,6;159;;jah
1994-05-25;89;158;;jah
1994-05-26;88,4;157;;jah
1994-05-27;88,6;157;;jah
1994-05-28;86,9;157;;jah
1994-05-29;86;157;;jah
1994-05-30;84,9;156;;jah
1994-05-31;84;156;;jah
1994-06-01;82,5;155;;jah
1994-06-02;81;152;;jah
1994-06-03;78,7;152;;jah
1994-06-04;77;154;;jah
1994-06-05;75,5;156;;jah
1994-06-06;73;157;;jah
1994-06-07;72;158;;jah
1994-06-08;70;156;;jah
1994-06-09;68,5;148;;jah
1994-06-10;67;148;;jah
1994-06-11;65,5;148;;jah
1994-06-12;64,5;147;;jah
1994-06-13;63,5;142;;jah
1994-06-14;62,6;141;;jah
1994-06-15;62,6;140;;jah
1994-06-16;62,6;137;;jah
1994-06-17;62,6;138;;jah
1994-06-18;62,7;137;;jah
1994-06-19;62,8;136;;jah
1994-06-20;62,9;137;;jah
1994-06-21;63;136;;jah
1994-06-22;63,1;136;;jah
1994-06-23;63,3;136;;jah
1994-06-24;63,5;136;;jah
1994-06-25;64;136;;jah
1994-06-26;64,8;137;;jah
1994-06-27;65,3;140;;jah
1994-06-28;65,7;138;;jah
1994-06-29;65,8;136;;jah
1994-06-30;65,8;135;;jah
1994-07-01;65,8;133;;jah
1994-07-02;65,8;132;;jah
1994-07-03;65,7;128;;jah
1994-07-04;65,5;128;;jah
1994-07-05;65,2;126;;jah
1994-07-06;64,8;124;;jah
1994-07-07;64,5;123;;jah
1994-07-08;64;123;;jah
1994-07-09;63,5;120;;jah
1994-07-10;63;117;;jah
1994-07-11;62,2;115;;jah
1994-07-12;61,7;114;;jah
1994-07-13;61;113;;jah
1994-07-14;60,1;112;;jah
1994-07-15;59;110;;jah
1994-07-16;57,5;108;;jah
1994-07-17;56,5;113;;jah
1994-07-18;55,5;108;;jah
1994-07-19;53,8;106;;jah
1994-07-20;53;103;;jah
1994-07-21;52;103;;jah
1994-07-22;51;101;;jah
1994-07-23;50;100;;jah
1994-07-24;49,2;99;;jah
1994-07-25;48,3;99;;jah
1994-07-26;47,7;96;;jah
1994-07-27;47;96;;jah
1994-07-28;46;95;;jah
1994-07-29;45;95;;jah
1994-07-30;44,5;94;;jah
1994-07-31;43,7;91;;jah
1994-08-01;43,3;90;;jah
1994-08-02;42,8;91;;jah
1994-08-03;42,2;92;;jah
1994-08-04;41,7;91;;jah
1994-08-05;41,3;90;;jah
1994-08-06;41;90;;jah
1994-08-07;40,5;88;;jah
1994-08-08;40;85;;jah
1994-08-09;39,8;84;;jah
1994-08-10;39,5;85;;jah
1994-08-11;39,3;88;;jah
1994-08-12;39;87;;jah
1994-08-13;38,8;85;;jah
1994-08-14;38,6;84;;jah
1994-08-15;38,5;80;;jah
1994-08-16;38,3;78;;jah
1994-08-17;38,2;78;;jah
1994-08-18;38;78;;jah
1994-08-19;37,8;79;;jah
1994-08-20;37,6;82;;jah
1994-08-21;37,4;78;;jah
1994-08-22;37;75;;jah
1994-08-23;36,8;73;;jah
1994-08-24;36,6;71;;jah
1994-08-25;36,3;72;;jah
1994-08-26;36,2;70;;jah
1994-08-27;36;70;;jah
1994-08-28;35,9;69;;jah
1994-08-29;35,8;68;;jah
1994-08-30;35,7;65;;jah
1994-08-31;35,3;62;;jah
1994-09-01;35,3;62;;jah
1994-09-02;35,2;64;;jah
1994-09-03;35,2;65;;jah
1994-09-04;35,2;64;;jah
1994-09-05;35,2;61;;jah
1994-09-06;35,2;61;;jah
1994-09-07;35,2;61;;jah
1994-09-08;35,2;62;;jah
1994-09-09;35,2;62;;jah
1994-09-10;35,2;62;;jah
1994-09-11;35,2;62;;jah
1994-09-12;35,3;60;;jah
1994-09-13;35,4;59;;jah
1994-09-14;35,7;60;;jah
1994-09-15;35,8;61;;jah
1994-09-16;36,2;62;;jah
1994-09-17;36,5;63;;jah
1994-09-18;36,7;63;;jah
1994-09-19;36,9;64;;jah
1994-09-20;37,2;66;;jah
1994-09-21;37,4;68;;jah
1994-09-22;37,5;68;;jah
1994-09-23;37,5;66;;jah
1994-09-24;37,6;63;;jah
1994-09-25;37,7;62;;jah
1994-09-26;37,8;62;;jah
1994-09-27;37,9;62;;jah
1994-09-28;38;60;;jah
1994-09-29;38,2;56;;jah
1994-09-30;38,3;55;;jah
1994-10-01;38,4;55;;jah
1994-10-02;38,5;56;;jah
1994-10-03;38,6;60;;jah
1994-10-04;38,7;64;;jah
1994-10-05;38,8;64;;jah
1994-10-06;38,9;66;;jah
1994-10-07;38,9;62;;jah
1994-10-08;38,9;63;;jah
1994-10-09;38,9;64;;jah
1994-10-10;38,9;64;;jah
1994-10-11;38,9;62;;jah
1994-10-12;38,9;57;;jah
1994-10-13;38,7;58;;jah
1994-10-14;38,5;55;;jah
1994-10-15;38,2;55;;jah
1994-10-16;37,9;53;;jah
1994-10-17;37,7;52;;jah
1994-10-18;37,5;53;;jah
1994-10-19;37,4;53;;jah
1994-10-20;37,4;52;;jah
1994-10-21;37,4;49;;jah
1994-10-22;37,4;49;;jah
1994-10-23;37,4;48;;jah
1994-10-24;37,4;50;;jah
1994-10-25;37,5;49;;jah
1994-10-26;37,6;50;;jah
1994-10-27;38;50;;jah
1994-10-28;38,3;50;;jah
1994-10-29;38,5;51;;jah
1994-10-30;38,8;53;;jah
1994-10-31;39,2;55;;jah
1994-11-01;39,6;57;;jah
1994-11-02;39,9;59;;jah
1994-11-03;40,1;62;;jah
1994-11-04;40,2;62;;jah
1994-11-05;40,3;60;;jah
1994-11-06;40,4;58;;jah
1994-11-07;40,5;58;;jah
1994-11-08;40,6;58;;jah
1994-11-09;40,7;58;;jah
1994-11-10;40,9;57;;jah
1994-11-11;41;53;;jah
1994-11-12;41,3;47;;jah
1994-11-13;42;45;;jah
1994-11-14;45;48;;jah
1994-11-15;48;52;;jah
1994-11-16;48,8;58;;jah
1994-11-17;49,2;61;;jah
1994-11-18;49,7;61;;jah
1994-11-19;50;60;;jah
1994-11-20;50,3;57;;jah
1994-11-21;50,7;77;;jah
1994-11-22;51;70;;jah
1994-11-23;51,6;64;;jah
1994-11-24;52,5;67;;jah
1994-11-25;54,2;80;;jah
1994-11-26;56;83;;jah
1994-11-27;57;78;;jah
1994-11-28;57,4;76;;jah
1994-11-29;57,5;76;;jah
1994-11-30;57,6;78;;jah
1994-12-01;57,7;76;;jah
1994-12-02;57,7;72;;jah
1994-12-03;57,7;72;;jah
1994-12-04;57,7;71;;jah
1994-12-05;57,6;72;;jah
1994-12-06;57,5;72;;jah
1994-12-07;57,5;72;;jah
1994-12-08;57,3;73;;jah
1994-12-09;56,2;74;;jah
1994-12-10;55,5;72;;jah
1994-12-11;54,5;72;;jah
1994-12-12;52,8;72;;jah
1994-12-13;52;72;;jah
1994-12-14;51;73;;jah
1994-12-15;49,2;73;;jah
1994-12-16;47,5;73;;jah
1994-12-17;45;71;;jah
1994-12-18;42,5;60;;jah
1994-12-19;37,5;53;;jah
1994-12-20;36,3;52;;jah
1994-12-21;35,6;54;;jah
1994-12-22;35,6;52;;jah
1994-12-23;35,6;52;;jah
1994-12-24;36,5;53;;jah
1994-12-25;38;60;;jah
1994-12-26;39,5;64;;jah
1994-12-27;40,7;66;;jah
1994-12-28;42,5;69;;jah
1994-12-29;44,5;73;;jah
1994-12-30;46,2;79;;jah
1994-12-31;48;82;;jah
1995-01-01;47;86;;jah
1995-01-02;51,5;107;;jah
1995-01-03;54;110;;jah
1995-01-04;56,8;126;;jah
1995-01-05;57,8;133;;jah
1995-01-06;56,4;131;;jah
1995-01-07;54;122;;jah
1995-01-08;53,5;117;;jah
1995-01-09;53;107;;jah
1995-01-10;52,7;103;;jah
1995-01-11;50,5;99;;jah
1995-01-12;49,2;96;;jah
1995-01-13;48,4;95;;jah
1995-01-14;47,6;95;;jah
1995-01-15;46,7;93;;jah
1995-01-16;45,8;91;;jah
1995-01-17;44,7;90;;jah
1995-01-18;43,8;90;;jah
1995-01-19;42,9;88;;jah
1995-01-20;42;87;;jah
1995-01-21;41,1;86;;jah
1995-01-22;40,2;84;;jah
1995-01-23;39,3;82;;jah
1995-01-24;39,5;82;;jah
1995-01-25;39,6;82;;jah
1995-01-26;39,7;87;;jah
1995-01-27;39,8;95;;jah
1995-01-28;40,1;86;;jah
1995-01-29;40,3;88;;jah
1995-01-30;40,4;88;;jah
1995-01-31;40,7;89;;jah
1995-02-01;40,8;90;;jah
1995-02-02;41,1;93;;jah
1995-02-03;41,6;97;;jah
1995-02-04;42,1;99;;jah
1995-02-05;42,7;102;;jah
1995-02-06;43,2;104;;jah
1995-02-07;43,7;105;;jah
1995-02-08;44,2;113;;jah
1995-02-09;44,8;118;;jah
1995-02-10;45,4;115;;jah
1995-02-11;46;111;;jah
1995-02-12;46,5;108;;jah
1995-02-13;47,1;107;;jah
1995-02-14;60,4;115;;jah
1995-02-15;73,5;125;;jah
1995-02-16;86,8;143;;jah
1995-02-17;100;154;;jah
1995-02-18;103;159;;jah
1995-02-19;107;162;;jah
1995-02-20;108;161;;jah
1995-02-21;109;157;;jah
1995-02-22;109;155;;jah
1995-02-23;110;159;;jah
1995-02-24;110;163;;jah
1995-02-25;110;164;;jah
1995-02-26;110;163;;jah
1995-02-27;109;160;;jah
1995-02-28;109;158;;jah
1995-03-01;108;157;;jah
1995-03-02;107;161;;jah
1995-03-03;107;168;;jah
1995-03-04;108;170;;jah
1995-03-05;109;171;;jah
1995-03-06;111;176;;jah
1995-03-07;115;188;;jah
1995-03-08;118;199;;jah
1995-03-09;122;197;;jah
1995-03-10;125;198;;jah
1995-03-11;125;200;;jah
1995-03-12;126;201;;jah
1995-03-13;126;201;;jah
1995-03-14;126;201;;jah
1995-03-15;125;200;;jah
1995-03-16;124;196;;jah
1995-03-17;123;193;;jah
1995-03-18;122;191;;jah
1995-03-19;120;188;;jah
1995-03-20;118;185;;jah
1995-03-21;116;183;;jah
1995-03-22;115;182;;jah
1995-03-23;114;182;;jah
1995-03-24;114;182;;jah
1995-03-25;115;184;;jah
1995-03-26;116;186;;jah
1995-03-27;116;188;;jah
1995-03-28;116;190;;jah
1995-03-29;117;189;;jah
1995-03-30;117;190;;jah
1995-03-31;117;190;;jah
1995-04-01;118;188;;jah
1995-04-02;118;188;;jah
1995-04-03;117;187;;jah
1995-04-04;117;187;;jah
1995-04-05;116;186;;jah
1995-04-06;116;185;;jah
1995-04-07;115;185;;jah
1995-04-08;115;183;;jah
1995-04-09;114;183;;jah
1995-04-10;113;181;;jah
1995-04-11;113;181;;jah
1995-04-12;113;180;;jah
1995-04-13;112;181;;jah
1995-04-14;112;180;;jah
1995-04-15;111;180;;jah
1995-04-16;111;181;;jah
1995-04-17;110;183;;jah
1995-04-18;110;183;;jah
1995-04-19;110;185;;jah
1995-04-20;109;186;;jah
1995-04-21;109;187;;jah
1995-04-22;109;187;;jah
1995-04-23;109;187;;jah
1995-04-24;108;187;;jah
1995-04-25;108;187;;jah
1995-04-26;108;187;;jah
1995-04-27;108;187;;jah
1995-04-28;108;184;;jah
1995-04-29;107;182;;jah
1995-04-30;107;181;;jah
1995-05-01;107;179;;jah
1995-05-02;106;177;;jah
1995-05-03;106;175;;jah
1995-05-04;106;173;;jah
1995-05-05;105;173;;jah
1995-05-06;105;173;;jah
1995-05-07;105;174;;jah
1995-05-08;105;176;;jah
1995-05-09;105;176;;jah
1995-05-10;105;176;;jah
1995-05-11;105;173;;jah
1995-05-12;105;171;;jah
1995-05-13;106;172;;jah
1995-05-14;109;181;;jah
1995-05-15;113;191;;jah
1995-05-16;117;197;;jah
1995-05-17;120;199;;jah
1995-05-18;123;201;;jah
1995-05-19;124;202;;jah
1995-05-20;125;204;;jah
1995-05-21;126;205;;jah
1995-05-22;127;207;;jah
1995-05-23;128;207;;jah
1995-05-24;128;209;;jah
1995-05-25;128;209;;jah
1995-05-26;128;207;;jah
1995-05-27;128;207;;jah
1995-05-28;127;206;;jah
1995-05-29;127;204;;jah
1995-05-30;126;201;;jah
1995-05-31;124;199;;jah
1995-06-01;120;196;;jah
1995-06-02;117;194;;jah
1995-06-03;115;192;;jah
1995-06-04;113;188;;jah
1995-06-05;112;191;;jah
1995-06-06;110;191;;jah
1995-06-07;109;191;;jah
1995-06-08;107;190;;jah
1995-06-09;106;188;;jah
1995-06-10;105;187;;jah
1995-06-11;104;185;;jah
1995-06-12;103;183;;jah
1995-06-13;103;181;;jah
1995-06-14;102;179;;jah
1995-06-15;102;178;;jah
1995-06-16;100;177;;jah
1995-06-17;99,2;175;;jah
1995-06-18;99;172;;jah
1995-06-19;98,4;170;;jah
1995-06-20;97,5;167;;jah
1995-06-21;96,6;165;;jah
1995-06-22;95,3;163;;jah
1995-06-23;94;162;;jah
1995-06-24;92;161;;jah
1995-06-25;90,5;159;;jah
1995-06-26;89,1;157;;jah
1995-06-27;86,5;155;;jah
1995-06-28;84,5;153;;jah
1995-06-29;83;150;;jah
1995-06-30;80,2;146;;jah
1995-07-01;78,7;146;;jah
1995-07-02;78;143;;jah
1995-07-03;77;142;;jah
1995-07-04;76,2;142;;jah
1995-07-05;75,7;139;;jah
1995-07-06;75;138;;jah
1995-07-07;74,5;138;;jah
1995-07-08;73,9;137;;jah
1995-07-09;73,2;136;;jah
1995-07-10;72,6;134;;jah
1995-07-11;72,2;133;;jah
1995-07-12;71,6;130;;jah
1995-07-13;71;127;;jah
1995-07-14;70,6;126;;jah
1995-07-15;70;126;;jah
1995-07-16;69,5;124;;jah
1995-07-17;69,1;122;;jah
1995-07-18;68,7;121;;jah
1995-07-19;68,2;118;;jah
1995-07-20;67,7;116;;jah
1995-07-21;67;116;;jah
1995-07-22;66,2;116;;jah
1995-07-23;65,1;114;;jah
1995-07-24;64,5;113;;jah
1995-07-25;63;112;;jah
1995-07-26;62;112;;jah
1995-07-27;60;110;;jah
1995-07-28;59;108;;jah
1995-07-29;57,5;106;;jah
1995-07-30;56,8;106;;jah
1995-07-31;56,8;106;;jah
1995-08-01;56,2;104;;jah
1995-08-02;55,5;102;;jah
1995-08-03;55;102;;jah
1995-08-04;54,4;101;;jah
1995-08-05;54;99;;jah
1995-08-06;53,5;96;;jah
1995-08-07;52,4;94;;jah
1995-08-08;52;95;;jah
1995-08-09;51,6;95;;jah
1995-08-10;51;96;;jah
1995-08-11;50,9;94;;jah
1995-08-12;50,6;90;;jah
1995-08-13;50,2;90;;jah
1995-08-14;50;90;;jah
1995-08-15;49,7;88;;jah
1995-08-16;49,4;87;;jah
1995-08-17;49,2;85;;jah
1995-08-18;48,9;83;;jah
1995-08-19;48,7;82;;jah
1995-08-20;48,5;82;;jah
1995-08-21;48;81;;jah
1995-08-22;47,5;78;;jah
1995-08-23;47;75;;jah
1995-08-24;46,5;74;;jah
1995-08-25;45;75;;jah
1995-08-26;43,5;74;;jah
1995-08-27;42,5;74;;jah
1995-08-28;41,5;74;;jah
1995-08-29;41,2;74;;jah
1995-08-30;41;75;;jah
1995-08-31;40,8;73;;jah
1995-09-01;40,6;73;;jah
1995-09-02;40,5;73;;jah
1995-09-03;40,4;74;;jah
1995-09-04;40,4;72;;jah
1995-09-05;40,4;71;;jah
1995-09-06;40,4;69;;jah
1995-09-07;40,4;67;;jah
1995-09-08;40,4;66;;jah
1995-09-09;40,3;66;;jah
1995-09-10;40,3;66;;jah
1995-09-11;40;65;;jah
1995-09-12;39;64;;jah
1995-09-13;38,5;64;;jah
1995-09-14;37,5;64;;jah
1995-09-15;36,5;64;;jah
1995-09-16;35,4;63;;jah
1995-09-17;34,5;59;;jah
1995-09-18;33,3;56;;jah
1995-09-19;33,4;56;;jah
1995-09-20;33,4;55;;jah
1995-09-21;33,5;55;;jah
1995-09-22;33,5;53;;jah
1995-09-23;33,5;52;;jah
1995-09-24;33,6;50;;jah
1995-09-25;33,6;50;;jah
1995-09-26;33,6;50;;jah
1995-09-27;33,7;49;;jah
1995-09-28;33,7;48;;jah
1995-09-29;33,7;49;;jah
1995-09-30;33,7;54;;jah
1995-10-01;33,7;58;;jah
1995-10-02;33,7;50;;jah
1995-10-03;33,5;50;;jah
1995-10-04;33,5;50;;jah
1995-10-05;33,5;50;;jah
1995-10-06;33;50;;jah
1995-10-07;32,2;49;;jah
1995-10-08;31,5;48;;jah
1995-10-09;30,5;46;;jah
1995-10-10;29,7;45;;jah
1995-10-11;29,2;44;;jah
1995-10-12;28,7;44;;jah
1995-10-13;28,4;43;;jah
1995-10-14;27,9;41;;jah
1995-10-15;27,5;40;;jah
1995-10-16;27;40;;jah
1995-10-17;26,7;39;;jah
1995-10-18;26,6;38;;jah
1995-10-19;26,5;37;;jah
1995-10-20;26,4;40;;jah
1995-10-21;26,3;41;;jah
1995-10-22;26,3;39;;jah
1995-10-23;26,8;36;;jah
1995-10-24;27,5;37;;jah
1995-10-25;28,3;38;;jah
1995-10-26;29,5;38;;jah
1995-10-27;30,5;36;;jah
1995-10-28;31,5;36;;jah
1995-10-29;32,2;36;;jah
1995-10-30;32,3;36;;jah
1995-10-31;32,5;36;;jah
1995-11-01;32;35;;jah
1995-11-02;31;36;;jah
1995-11-03;29,1;30;;jah
1995-11-04;28,5;29;;jah
1995-11-05;28;26;;jah
1995-11-06;27,7;24;;jah
1995-11-07;27,6;22;;jah
1995-11-08;27,7;19;;jah
1995-11-09;28;15;;jah
1995-11-10;28,1;18;;jah
1995-11-11;28,2;28;;jah
1995-11-12;28,4;34;;jah
1995-11-13;28,4;35;;jah
1995-11-14;28,3;37;;jah
1995-11-15;28,2;34;;jah
1995-11-16;28,1;32;;jah
1995-11-17;28;31;;jah
1995-11-18;28;29;;jah
1995-11-19;28;27;;jah
1995-11-20;28;30;;jah
1995-11-21;27,9;29;;jah
1995-11-22;27,9;33;;jah
1995-11-23;27,9;36;;jah
1995-11-24;27,9;34;;jah
1995-11-25;27,8;33;;jah
1995-11-26;27,8;31;;jah
1995-11-27;27,5;32;;jah
1995-11-28;27;36;;jah
1995-11-29;24,5;27;;jah
1995-11-30;23,6;26;;jah
1995-12-01;23,4;28;;jah
1995-12-02;23,2;34;;jah
1995-12-03;23,1;36;;jah
1995-12-04;23,1;31;;jah
1995-12-05;23,1;24;;jah
1995-12-06;23,1;24;;jah
1995-12-07;23,1;24;;jah
1995-12-08;23,2;24;;jah
1995-12-09;23,4;24;;jah
1995-12-10;23,7;24;;jah
1995-12-11;24,2;24;;jah
1995-12-12;25,3;25;;jah
1995-12-13;27,7;33;;jah
1995-12-14;28,5;40;;jah
1995-12-15;28,6;42;;jah
1995-12-16;28,9;42;;jah
1995-12-17;28,5;44;;jah
1995-12-18;27,7;44;;jah
1995-12-19;27,1;44;;jah
1995-12-20;26,5;37;;jah
1995-12-21;26,2;35;;jah
1995-12-22;26;34;;jah
1995-12-23;25,9;34;;jah
1995-12-24;25,8;33;;jah
1995-12-25;25,7;32;;jah
1995-12-26;25,6;32;;jah
1995-12-27;25,5;32;;jah
1995-12-28;25,5;30;;jah
1995-12-29;25,4;31;;jah
1995-12-30;25,3;32;;jah
1995-12-31;25,3;32;;jah
1996-01-01;25,4;32;;jah
1996-01-02;25,4;32;;jah
1996-01-03;25,4;30;;jah
1996-01-04;25,4;30;;jah
1996-01-05;25,4;30;;jah
1996-01-06;25,4;32;;jah
1996-01-07;25,4;34;;jah
1996-01-08;25,5;34;;jah
1996-01-09;25,5;34;;jah
1996-01-10;25,5;36;;jah
1996-01-11;25,5;36;;jah
1996-01-12;25,5;36;;jah
1996-01-13;25,4;36;;jah
1996-01-14;25,4;38;;jah
1996-01-15;25,4;38;;jah
1996-01-16;25,4;38;;jah
1996-01-17;25,2;38;;jah
1996-01-18;25,1;40;;jah
1996-01-19;25;38;;jah
1996-01-20;24,8;38;;jah
1996-01-21;24,6;38;;jah
1996-01-22;24,5;36;;jah
1996-01-23;24,3;36;;jah
1996-01-24;24,2;34;;jah
1996-01-25;24;24;;jah
1996-01-26;23,9;19;;jah
1996-01-27;23,8;18;;jah
1996-01-28;23,6;21;;jah
1996-01-29;23,5;25;;jah
1996-01-30;23,2;31;;jah
1996-01-31;23,1;34;;jah
1996-02-01;22,9;34;;jah
1996-02-02;22,7;33;;jah
1996-02-03;22,6;32;;jah
1996-02-04;22,5;30;;jah
1996-02-05;22,3;28;;jah
1996-02-06;22,2;26;;jah
1996-02-07;22,1;26;;jah
1996-02-08;22;25;;jah
1996-02-09;21,9;24;;jah
1996-02-10;21,8;22;;jah
1996-02-11;21,7;21;;jah
1996-02-12;21,6;21;;jah
1996-02-13;21,5;20;;jah
1996-02-14;21,5;19;;jah
1996-02-15;21,6;18;;jah
1996-02-16;21,7;26;;jah
1996-02-17;21,9;28;;jah
1996-02-18;22;28;;jah
1996-02-19;22,1;28;;jah
1996-02-20;22,2;26;;jah
1996-02-21;22,3;26;;jah
1996-02-22;21,9;25;;jah
1996-02-23;22,7;27;;jah
1996-02-24;24,1;30;;jah
1996-02-25;24,2;30;;jah
1996-02-26;24,7;31;;jah
1996-02-27;25,1;32;;jah
1996-02-28;25,2;32;;jah
1996-02-29;24,6;31;;jah
1996-03-01;24,3;30;;jah
1996-03-02;23,9;29;;jah
1996-03-03;23,5;28;;jah
1996-03-04;22,8;26;;jah
1996-03-05;22,4;25;;jah
1996-03-06;22,3;25;;jah
1996-03-07;22,7;26;;jah
1996-03-08;22,7;26;;jah
1996-03-09;22,4;25;;jah
1996-03-10;22,3;25;;jah
1996-03-11;22;24;;jah
1996-03-12;21,9;24;;jah
1996-03-13;21,9;23;;jah
1996-03-14;21,9;23;;jah
1996-03-15;21,9;22;;jah
1996-03-16;21,9;21;;jah
1996-03-17;21,9;20;;jah
1996-03-18;21,9;19;;jah
1996-03-19;21,9;17;;jah
1996-03-20;21,8;14;;jah
1996-03-21;21,9;11;;jah
1996-03-22;21,8;8;;jah
1996-03-23;21,6;6;;jah
1996-03-24;21,6;5;;jah
1996-03-25;21,6;5;;jah
1996-03-26;21,4;3;;jah
1996-03-27;20,9;-2;;jah
1996-03-28;20,8;-4;;jah
1996-03-29;20,6;-6;;jah
1996-03-30;20,6;-6;;jah
1996-03-31;20,6;-6;;jah
1996-04-01;20,2;-7;;jah
1996-04-02;19,5;-8;;jah
1996-04-03;19,4;-8;;jah
1996-04-04;19,7;-8;;jah
1996-04-05;19,7;-8;;jah
1996-04-06;19,9;-7;;jah
1996-04-07;20,8;-5;;jah
1996-04-08;22;-3;;jah
1996-04-09;25,5;5;;jah
1996-04-10;33,3;22;;jah
1996-04-11;43,1;41;;jah
1996-04-12;43,6;40;;jah
1996-04-13;44,4;43;;jah
1996-04-14;44,6;51;;jah
1996-04-15;53,5;64;;jah
1996-04-16;58,8;74;;jah
1996-04-17;62,3;83;;jah
1996-04-18;63,5;86;;jah
1996-04-19;64,6;87;;jah
1996-04-20;65,1;88;;jah
1996-04-21;65,6;88;;jah
1996-04-22;66;89;;jah
1996-04-23;64,8;87;;jah
1996-04-24;63,9;86;;jah
1996-04-25;62,6;85;;jah
1996-04-26;58,7;80;;jah
1996-04-27;58;80;;jah
1996-04-28;56,7;78;;jah
1996-04-29;55,9;77;;jah
1996-04-30;54,8;76;;jah
1996-05-01;54,8;76;;jah
1996-05-02;54;75;;jah
1996-05-03;54,7;76;;jah
1996-05-04;56,5;78;;jah
1996-05-05;55,4;77;;jah
1996-05-06;54,8;76;;jah
1996-05-07;54,8;76;;jah
1996-05-08;53,1;74;;jah
1996-05-09;52,1;73;;jah
1996-05-10;52,2;74;;jah
1996-05-11;52,9;74;;jah
1996-05-12;52;73;;jah
1996-05-13;51,5;73;;jah
1996-05-14;54,1;76;;jah
1996-05-15;52,6;74;;jah
1996-05-16;49,8;71;;jah
1996-05-17;46,4;67;;jah
1996-05-18;44,4;66;;jah
1996-05-19;44;64;;jah
1996-05-20;43,8;63;;jah
1996-05-21;43,4;61;;jah
1996-05-22;42,7;58;;jah
1996-05-23;42,2;56;;jah
1996-05-24;41,7;53;;jah
1996-05-25;41,3;51;;jah
1996-05-26;42,5;53;;jah
1996-05-27;46;56;;jah
1996-05-28;50;65;;jah
1996-05-29;52,5;76;;jah
1996-05-30;51,5;76;;jah
1996-05-31;50;72;;jah
1996-06-01;48,5;69;;jah
1996-06-02;47,5;66;;jah
1996-06-03;47;63;;jah
1996-06-04;46,5;59;;jah
1996-06-05;45,9;57;;jah
1996-06-06;45;53;;jah
1996-06-07;44,4;50;;jah
1996-06-08;43,7;47;;jah
1996-06-09;43,6;47;;jah
1996-06-10;43,4;46;;jah
1996-06-11;43,2;45;;jah
1996-06-12;42,5;42;;jah
1996-06-13;39,9;40;;jah
1996-06-14;36,7;37;;jah
1996-06-15;36;37;;jah
1996-06-16;34,8;36;;jah
1996-06-17;34,8;36;;jah
1996-06-18;34,6;36;;jah
1996-06-19;37,1;38;;jah
1996-06-20;34,4;35;;jah
1996-06-21;34,1;35;;jah
1996-06-22;32,3;33;;jah
1996-06-23;31,7;34;;jah
1996-06-24;31,8;33;;jah
1996-06-25;31,8;30;;jah
1996-06-26;31,8;32;;jah
1996-06-27;31,7;32;;jah
1996-06-28;31,7;32;;jah
1996-06-29;31,7;29;;jah
1996-06-30;31,7;29;;jah
1996-07-01;31,7;30;;jah
1996-07-02;31,6;31;;jah
1996-07-03;31,6;31;;jah
1996-07-04;31,2;29;;jah
1996-07-05;30,9;28;;jah
1996-07-06;30,9;28;;jah
1996-07-07;30,8;28;;jah
1996-07-08;30,9;28;;jah
1996-07-09;30,7;27;;jah
1996-07-10;30,5;27;;jah
1996-07-11;31,3;30;;jah
1996-07-12;31,2;29;;jah
1996-07-13;30,5;26;;jah
1996-07-14;30,4;26;;jah
1996-07-15;30,4;26;;jah
1996-07-16;30;24;;jah
1996-07-17;29,8;23;;jah
1996-07-18;29,6;22;;jah
1996-07-19;30,1;25;;jah
1996-07-20;29,9;23;;jah
1996-07-21;29,7;22;;jah
1996-07-22;29,5;21;;jah
1996-07-23;29;18;;jah
1996-07-24;28,9;18;;jah
1996-07-25;28,5;15;;jah
1996-07-26;28,3;14;;jah
1996-07-27;28,3;14;;jah
1996-07-28;28,2;13;;jah
1996-07-29;28,2;12;;jah
1996-07-30;28,1;11;;jah
1996-07-31;28;11;;jah
1996-08-01;28,2;13;;jah
1996-08-02;28,2;13;;jah
1996-08-03;28,3;14;;jah
1996-08-04;28,1;11;;jah
1996-08-05;27,9;8;;jah
1996-08-06;27,8;7;;jah
1996-08-07;27,8;7;;jah
1996-08-08;27,7;6;;jah
1996-08-09;27,7;6;;jah
1996-08-10;27,7;6;;jah
1996-08-11;26,4;4;;jah
1996-08-12;25,7;3;;jah
1996-08-13;24,9;2;;jah
1996-08-14;24,9;2;;jah
1996-08-15;24,3;1;;jah
1996-08-16;23,5;0;;jah
1996-08-17;22,9;-1;;jah
1996-08-18;22;-2;;jah
1996-08-19;20,8;-4;;jah
1996-08-20;20,6;-4;;jah
1996-08-21;20,6;-4;;jah
1996-08-22;20,4;-6;;jah
1996-08-23;20,5;-5;;jah
1996-08-24;20,6;-4;;jah
1996-08-25;20,5;-5;;jah
1996-08-26;20,3;-7;;jah
1996-08-27;20;-10;;jah
1996-08-28;19,9;-11;;jah
1996-08-29;19,7;-12;;jah
1996-08-30;19,4;-14;;jah
1996-08-31;19,2;-15;;jah
1996-09-01;18,9;-15;;jah
1996-09-02;18,7;-15;;jah
1996-09-03;18,5;-19;;jah
1996-09-04;19;-20;;jah
1996-09-05;19,7;-17;;jah
1996-09-06;21;-5;;jah
1996-09-07;20;-9;;jah
1996-09-08;19;-16;;jah
1996-09-09;18;-20;;jah
1996-09-10;17,2;-21;;jah
1996-09-11;16,7;-20;;jah
1996-09-12;16,3;-20;;jah
1996-09-13;16,2;-20;;jah
1996-09-14;16;-20;;jah
1996-09-15;25;3;;jah
1996-09-16;24;2;;jah
1996-09-17;15,3;-18;;jah
1996-09-18;15,3;-21;;jah
1996-09-19;15,3;-22;;jah
1996-09-20;15,4;-22;;jah
1996-09-21;15,4;-22;;jah
1996-09-22;15,4;-23;;jah
1996-09-23;15,4;-24;;jah
1996-09-24;15,5;-25;;jah
1996-09-25;15,5;-26;;jah
1996-09-26;15,5;-27;;jah
1996-09-27;15,5;-28;;jah
1996-09-28;15,5;-29;;jah
1996-09-29;15,5;-30;;jah
1996-09-30;15,5;-31;;jah
1996-10-01;15,5;-28;;jah
1996-10-02;15,6;-26;;jah
1996-10-03;15,6;-25;;jah
1996-10-04;15,6;-26;;jah
1996-10-05;15,6;-22;;jah
1996-10-06;15,6;-23;;jah
1996-10-07;15,6;-26;;jah
1996-10-08;15,6;-27;;jah
1996-10-09;15,6;-26;;jah
1996-10-10;15,6;-26;;jah
1996-10-11;15,6;-27;;jah
1996-10-12;15,6;-30;;jah
1996-10-13;15,7;-30;;jah
1996-10-14;15,8;-26;;jah
1996-10-15;16;-27;;jah
1996-10-16;16,3;-27;;jah
1996-10-17;16,5;-29;;jah
1996-10-18;17;-27;;jah
1996-10-19;17,3;-25;;jah
1996-10-20;17,7;-24;;jah
1996-10-21;17,9;-22;;jah
1996-10-22;18;-22;;jah
1996-10-23;18,3;-22;;jah
1996-10-24;18,3;-23;;jah
1996-10-25;18,3;-24;;jah
1996-10-26;18,3;-26;;jah
1996-10-27;18,3;-26;;jah
1996-10-28;18,3;-26;;jah
1996-10-29;18,3;-23;;jah
1996-10-30;18,3;-22;;jah
1996-10-31;18,4;-21;;jah
1996-11-01;18,5;-20;;jah
1996-11-02;19;-18;;jah
1996-11-03;19,5;-15;;jah
1996-11-04;20;-15;;jah
1996-11-05;21,5;-9;;jah
1996-11-06;23;-7;;jah
1996-11-07;25;-5;;jah
1996-11-08;27,2;1;;jah
1996-11-09;28;4;;jah
1996-11-10;28,7;5;;jah
1996-11-11;30;6;;jah
1996-11-12;30,6;5;;jah
1996-11-13;30,6;3;;jah
1996-11-14;30,6;5;;jah
1996-11-15;30,6;7;;jah
1996-11-16;30,6;6;;jah
1996-11-17;30,6;6;;jah
1996-11-18;30,6;4;;jah
1996-11-19;30,6;1;;jah
1996-11-20;30,6;2;;jah
1996-11-21;30,6;5;;jah
1996-11-22;30,6;6;;jah
1996-11-23;30,6;4;;jah
1996-11-24;30,6;6;;jah
1996-11-25;30,6;5;;jah
1996-11-26;30,6;4;;jah
1996-11-27;30,6;6;;jah
1996-11-28;30,6;1;;jah
1996-11-29;30,9;8;;jah
1996-11-30;31,2;19;;jah
1996-12-01;33;20;;jah
1996-12-02;35;30;;jah
1996-12-03;37,2;39;;jah
1996-12-04;39,2;52;;jah
1996-12-05;41,2;57;;jah
1996-12-06;43;56;;jah
1996-12-07;42,9;57;;jah
1996-12-08;42;50;;jah
1996-12-09;37,5;40;;jah
1996-12-10;35,3;39;;jah
1996-12-11;34;38;;jah
1996-12-12;33;36;;jah
1996-12-13;32;35;;jah
1996-12-14;30;33;;jah
1996-12-15;28,5;28;;jah
1996-12-16;26,5;30;;jah
1996-12-17;25;31;;jah
1996-12-18;22;34;;jah
1996-12-19;22,3;35;;jah
1996-12-20;22,7;31;;jah
1996-12-21;23,3;30;;jah
1996-12-22;23,5;28;;jah
1996-12-23;23,7;24;;jah
1996-12-24;23,8;24;;jah
1996-12-25;24;22;;jah
1996-12-26;24,2;20;;jah
1996-12-27;24,3;19;;jah
1996-12-28;24,4;20;;jah
1996-12-29;24,5;20;;jah
1996-12-30;24,6;20;;jah
1996-12-31;24,7;20;;jah
1997-01-01;24,4;19;;jah
1997-01-02;24,6;18;;jah
1997-01-03;24,7;19;;jah
1997-01-04;25;21;;jah
1997-01-05;25,1;22;;jah
1997-01-06;25,1;22;;jah
1997-01-07;25,3;23;;jah
1997-01-08;25,4;24;;jah
1997-01-09;25,4;24;;jah
1997-01-10;25,6;26;;jah
1997-01-11;25,7;26;;jah
1997-01-12;25,7;26;;jah
1997-01-13;25,7;26;;jah
1997-01-14;26;29;;jah
1997-01-15;26,2;30;;jah
1997-01-16;26,8;31;;jah
1997-01-17;27,9;33;;jah
1997-01-18;28,7;34;;jah
1997-01-19;30;36;;jah
1997-01-20;31,1;37;;jah
1997-01-21;30,4;37;;jah
1997-01-22;31,2;38;;jah
1997-01-23;31;39;;jah
1997-01-24;30,8;34;;jah
1997-01-25;30,4;29;;jah
1997-01-26;29,5;31;;jah
1997-01-27;28,8;37;;jah
1997-01-28;28;38;;jah
1997-01-29;27,2;35;;jah
1997-01-30;26,6;27;;jah
1997-01-31;26;28;;jah
1997-02-01;25,8;29;;jah
1997-02-02;25,5;27;;jah
1997-02-03;25,5;25;;jah
1997-02-04;25,6;26;;jah
1997-02-05;26,8;29;;jah
1997-02-06;27,8;32;;jah
1997-02-07;28,4;33;;jah
1997-02-08;30,1;38;;jah
1997-02-09;32,4;44;;jah
1997-02-10;34,3;49;;jah
1997-02-11;36,3;55;;jah
1997-02-12;39,7;63;;jah
1997-02-13;43,5;71;;jah
1997-02-14;44,7;73;;jah
1997-02-15;41,1;65;;jah
1997-02-16;35,2;45;;jah
1997-02-17;32,1;42;;jah
1997-02-18;31,2;40;;jah
1997-02-19;31,3;40;;jah
1997-02-20;31,5;41;;jah
1997-02-21;32;43;;jah
1997-02-22;34;48;;jah
1997-02-23;40;55;;jah
1997-02-24;48,7;76;;jah
1997-02-25;57,5;100;;jah
1997-02-26;71,7;126;;jah
1997-02-27;75,4;137;;jah
1997-02-28;79,1;135;;jah
1997-03-01;82,7;130;;jah
1997-03-02;86,4;125;;jah
1997-03-03;90;129;;jah
1997-03-04;93,2;137;;jah
1997-03-05;93,6;137;;jah
1997-03-06;93,9;138;;jah
1997-03-07;93,8;138;;jah
1997-03-08;93,9;138;;jah
1997-03-09;93,9;138;;jah
1997-03-10;93,9;138;;jah
1997-03-11;93,7;137;;jah
1997-03-12;92,9;135;;jah
1997-03-13;92;131;;jah
1997-03-14;91,2;129;;jah
1997-03-15;90,1;125;;jah
1997-03-16;85,6;119;;jah
1997-03-17;80,8;113;;jah
1997-03-18;75,2;106;;jah
1997-03-19;72,7;104;;jah
1997-03-20;76,7;109;;jah
1997-03-21;68,5;116;;jah
1997-03-22;66,7;111;;jah
1997-03-23;65;106;;jah
1997-03-24;62,8;99;;jah
1997-03-25;60,8;93;;jah
1997-03-26;59,2;87;;jah
1997-03-27;58;83;;jah
1997-03-28;56,5;79;;jah
1997-03-29;55,5;77;;jah
1997-03-30;54,9;78;;jah
1997-03-31;54,8;77;;jah
1997-04-01;54,2;76;;jah
1997-04-02;56;79;;jah
1997-04-03;58;82;;jah
1997-04-04;60;84;;jah
1997-04-05;62,5;88;;jah
1997-04-06;63,3;93;;jah
1997-04-07;63,5;94;;jah
1997-04-08;63,5;94;;jah
1997-04-09;62,8;93;;jah
1997-04-10;62;90;;jah
1997-04-11;61;90;;jah
1997-04-12;60,7;90;;jah
1997-04-13;60,2;88;;jah
1997-04-14;57,9;85;;jah
1997-04-15;59,3;87;;jah
1997-04-16;63,3;93;;jah
1997-04-17;66,3;97;;jah
1997-04-18;67,9;99;;jah
1997-04-19;68,7;100;;jah
1997-04-20;68,7;100;;jah
1997-04-21;67,4;98;;jah
1997-04-22;67,3;98;;jah
1997-04-23;67,3;98;;jah
1997-04-24;66,7;97;;jah
1997-04-25;66,5;97;;jah
1997-04-26;68,6;100;;jah
1997-04-27;68,1;99;;jah
1997-04-28;68;99;;jah
1997-04-29;72;105;;jah
1997-04-30;76,6;113;;jah
1997-05-01;78,6;121;;jah
1997-05-02;78,9;125;;jah
1997-05-03;79,2;129;;jah
1997-05-04;79;126;;jah
1997-05-05;79;126;;jah
1997-05-06;79,1;127;;jah
1997-05-07;79,2;129;;jah
1997-05-08;79,1;131;;jah
1997-05-09;79,3;134;;jah
1997-05-10;79,3;136;;jah
1997-05-11;79,3;137;;jah
1997-05-12;78,2;136;;jah
1997-05-13;77;135;;jah
1997-05-14;76;133;;jah
1997-05-15;74,3;131;;jah
1997-05-16;72,6;128;;jah
1997-05-17;71,7;126;;jah
1997-05-18;70,6;124;;jah
1997-05-19;69,1;121;;jah
1997-05-20;67,5;118;;jah
1997-05-21;67,4;118;;jah
1997-05-22;67,8;119;;jah
1997-05-23;68;119;;jah
1997-05-24;66,3;116;;jah
1997-05-25;65,2;114;;jah
1997-05-26;64,3;112;;jah
1997-05-27;64,3;112;;jah
1997-05-28;63,8;111;;jah
1997-05-29;62,1;108;;jah
1997-05-30;61,9;108;;jah
1997-05-31;61,2;106;;jah
1997-06-01;60,9;106;;jah
1997-06-02;59,9;104;;jah
1997-06-03;58,6;101;;jah
1997-06-04;57,2;99;;jah
1997-06-05;56,8;98;;jah
1997-06-06;56,6;98;;jah
1997-06-07;55,5;96;;jah
1997-06-08;54,7;94;;jah
1997-06-09;53,9;93;;jah
1997-06-10;53,6;92;;jah
1997-06-11;52,8;91;;jah
1997-06-12;51,5;88;;jah
1997-06-13;51,4;88;;jah
1997-06-14;51,2;88;;jah
1997-06-15;50,5;86;;jah
1997-06-16;51,8;89;;jah
1997-06-17;58,7;105;;jah
1997-06-18;64,5;116;;jah
1997-06-19;71,6;129;;jah
1997-06-20;73;130;;jah
1997-06-21;72,3;129;;jah
1997-06-22;69,7;124;;jah
1997-06-23;70;125;;jah
1997-06-24;68,7;123;;jah
1997-06-25;69,9;126;;jah
1997-06-26;69,4;128;;jah
1997-06-27;68,8;128;;jah
1997-06-28;68,1;128;;jah
1997-06-29;67,4;126;;jah
1997-06-30;66,7;124;;jah
1997-07-01;66,1;121;;jah
1997-07-02;65,4;118;;jah
1997-07-03;64,7;117;;jah
1997-07-04;64;116;;jah
1997-07-05;63,4;118;;jah
1997-07-06;62,7;120;;jah
1997-07-07;62;120;;jah
1997-07-08;61,4;120;;jah
1997-07-09;60,2;119;;jah
1997-07-10;58,8;117;;jah
1997-07-11;58,2;116;;jah
1997-07-12;56,5;113;;jah
1997-07-13;54,1;109;;jah
1997-07-14;52,2;106;;jah
1997-07-15;50,6;104;;jah
1997-07-16;49,6;102;;jah
1997-07-17;49,3;102;;jah
1997-07-18;47,9;99;;jah
1997-07-19;47,1;98;;jah
1997-07-20;47;98;;jah
1997-07-21;46,5;96;;jah
1997-07-22;46,3;95;;jah
1997-07-23;46,2;95;;jah
1997-07-24;45,8;93;;jah
1997-07-25;45,8;94;;jah
1997-07-26;45,7;93;;jah
1997-07-27;45,5;92;;jah
1997-07-28;45,3;92;;jah
1997-07-29;44,8;90;;jah
1997-07-30;44,4;88;;jah
1997-07-31;44,4;88;;jah
1997-08-01;44,2;88;;jah
1997-08-02;43,8;86;;jah
1997-08-03;43,6;84;;jah
1997-08-04;43,5;84;;jah
1997-08-05;43,3;82;;jah
1997-08-06;43,3;82;;jah
1997-08-07;43,1;80;;jah
1997-08-08;43;79;;jah
1997-08-09;43;79;;jah
1997-08-10;42,9;79;;jah
1997-08-11;42,9;78;;jah
1997-08-12;42,5;75;;jah
1997-08-13;42,2;75;;jah
1997-08-14;40,9;70;;jah
1997-08-15;40,3;69;;jah
1997-08-16;39,8;68;;jah
1997-08-17;39,2;66;;jah
1997-08-18;39,1;66;;jah
1997-08-19;39,1;66;;jah
1997-08-20;38,6;65;;jah
1997-08-21;38,3;64;;jah
1997-08-22;38,1;64;;jah
1997-08-23;36,9;60;;jah
1997-08-24;36,5;59;;jah
1997-08-25;36;58;;jah
1997-08-26;36;58;;jah
1997-08-27;36;58;;jah
1997-08-28;35,7;57;;jah
1997-08-29;35,6;57;;jah
1997-08-30;35,6;57;;jah
1997-08-31;35,3;56;;jah
1997-09-01;35,2;56;;jah
1997-09-02;34,4;54;;jah
1997-09-03;33,6;52;;jah
1997-09-04;32,4;48;;jah
1997-09-05;31,8;47;;jah
1997-09-06;31,9;47;;jah
1997-09-07;32,2;48;;jah
1997-09-08;32,4;48;;jah
1997-09-09;32,7;48;;jah
1997-09-10;33;46;;jah
1997-09-11;33,2;45;;jah
1997-09-12;33,5;42;;jah
1997-09-13;33,8;43;;jah
1997-09-14;34,1;42;;jah
1997-09-15;34,3;41;;jah
1997-09-16;34,6;44;;jah
1997-09-17;34,8;42;;jah
1997-09-18;34,5;42;;jah
1997-09-19;34;42;;jah
1997-09-20;33,6;40;;jah
1997-09-21;33,1;37;;jah
1997-09-22;32,6;35;;jah
1997-09-23;32,2;37;;jah
1997-09-24;31,7;38;;jah
1997-09-25;31,2;33;;jah
1997-09-26;30,8;35;;jah
1997-09-27;30,3;37;;jah
1997-09-28;29,8;40;;jah
1997-09-29;29,5;41;;jah
1997-09-30;29,7;41;;jah
1997-10-01;30;39;;jah
1997-10-02;30,2;34;;jah
1997-10-03;30,5;34;;jah
1997-10-04;30,8;34;;jah
1997-10-05;31,1;37;;jah
1997-10-06;31,3;36;;jah
1997-10-07;31,6;34;;jah
1997-10-08;31,9;36;;jah
1997-10-09;32,1;38;;jah
1997-10-10;32,4;40;;jah
1997-10-11;33,6;42;;jah
1997-10-12;39,1;49;;jah
1997-10-13;45;56;;jah
1997-10-14;50,8;63;;jah
1997-10-15;53,3;65;;jah
1997-10-16;54,6;66;;jah
1997-10-17;50,9;63;;jah
1997-10-18;45,3;58;;jah
1997-10-19;43,3;56;;jah
1997-10-20;42,7;56;;jah
1997-10-21;41,5;55;;jah
1997-10-22;41,4;55;;jah
1997-10-23;42,5;56;;jah
1997-10-24;41,8;54;;jah
1997-10-25;41,8;54;;jah
1997-10-26;41,8;54;;jah
1997-10-27;41,6;53;;jah
1997-10-28;41,3;51;;jah
1997-10-29;40,8;48;;jah
1997-10-30;40,6;48;;jah
1997-10-31;40,4;46;;jah
1997-11-01;40,7;49;;jah
1997-11-02;41,8;54;;jah
1997-11-03;41,3;51;;jah
1997-11-04;40,8;48;;jah
1997-11-05;41,7;51;;jah
1997-11-06;41,1;49;;jah
1997-11-07;40,2;47;;jah
1997-11-08;39,5;45;;jah
1997-11-09;45,7;61;;jah
1997-11-10;56,3;62;;jah
1997-11-11;61,7;93;;jah
1997-11-12;62,7;94;;jah
1997-11-13;62,9;95;;jah
1997-11-14;61,3;93;;jah
1997-11-15;62,5;95;;jah
1997-11-16;64,2;96;;jah
1997-11-17;65,8;98;;jah
1997-11-18;64,4;96;;jah
1997-11-19;61,8;94;;jah
1997-11-20;57,5;90;;jah
1997-11-21;53,6;86;;jah
1997-11-22;51,3;84;;jah
1997-11-23;48,9;82;;jah
1997-11-24;44,1;78;;jah
1997-11-25;43,1;78;;jah
1997-11-26;41,4;76;;jah
1997-11-27;41,2;76;;jah
1997-11-28;39,1;74;;jah
1997-11-29;37,5;73;;jah
1997-11-30;37;73;;jah
1997-12-01;36,7;76;;jah
1997-12-02;36,6;90;;jah
1997-12-03;36,5;81;;jah
1997-12-04;36,3;78;;jah
1997-12-05;36,1;76;;jah
1997-12-06;35,5;75;;jah
1997-12-07;35,4;75;;jah
1997-12-08;35,2;74;;jah
1997-12-09;35;73;;jah
1997-12-10;34,8;72;;jah
1997-12-11;34,6;73;;jah
1997-12-12;34,5;77;;jah
1997-12-13;34,1;74;;jah
1997-12-14;33,8;71;;jah
1997-12-15;34,5;68;;jah
1997-12-16;35,3;67;;jah
1997-12-17;36;62;;jah
1997-12-18;36,8;58;;jah
1997-12-19;37,5;59;;jah
1997-12-20;38,3;63;;jah
1997-12-21;39;67;;jah
1997-12-22;39,8;68;;jah
1997-12-23;40,5;68;;jah
1997-12-24;40,7;69;;jah
1997-12-25;40,9;70;;jah
1997-12-26;41,6;73;;jah
1997-12-27;42,7;78;;jah
1997-12-28;44,2;86;;jah
1997-12-29;44,7;87;;jah
1997-12-30;44,7;87;;jah
1997-12-31;44,9;88;;jah
1998-01-01;44,8;88;;jah
1998-01-02;44,6;87;;jah
1998-01-03;44,5;86;;jah
1998-01-04;44,6;87;;jah
1998-01-05;45,2;90;;jah
1998-01-06;46,1;92;;jah
1998-01-07;47,3;94;;jah
1998-01-08;49,6;98;;jah
1998-01-09;51,4;101;;jah
1998-01-10;52,7;103;;jah
1998-01-11;54,1;105;;jah
1998-01-12;55,9;108;;jah
1998-01-13;60,3;114;;jah
1998-01-14;64,2;117;;jah
1998-01-15;68,7;121;;jah
1998-01-16;72,2;123;;jah
1998-01-17;75,6;125;;jah
1998-01-18;79,2;128;;jah
1998-01-19;78,9;127;;jah
1998-01-20;74,2;124;;jah
1998-01-21;72,1;122;;jah
1998-01-22;72,2;122;;jah
1998-01-23;71,5;121;;jah
1998-01-24;69,5;119;;jah
1998-01-25;65,8;114;;jah
1998-01-26;65,5;114;;jah
1998-01-27;65,8;115;;jah
1998-01-28;64,3;113;;jah
1998-01-29;62,2;110;;jah
1998-01-30;56,6;103;;jah
1998-01-31;45,7;90;;jah
1998-02-01;41,8;86;;jah
1998-02-02;41,6;86;;jah
1998-02-03;41,9;87;;jah
1998-02-04;44,7;91;;jah
1998-02-05;45,9;92;;jah
1998-02-06;46,5;93;;jah
1998-02-07;47,9;95;;jah
1998-02-08;48,6;96;;jah
1998-02-09;49;97;;jah
1998-02-10;51,2;100;;jah
1998-02-11;58;111;;jah
1998-02-12;65,1;121;;jah
1998-02-13;68,7;128;;jah
1998-02-14;70,1;128;;jah
1998-02-15;69,7;126;;jah
1998-02-16;68,5;126;;jah
1998-02-17;66,5;121;;jah
1998-02-18;65;110;;jah
1998-02-19;65;109;;jah
1998-02-20;67,5;115;;jah
1998-02-21;70;122;;jah
1998-02-22;74;121;;jah
1998-02-23;76,5;122;;jah
1998-02-24;79;124;;jah
1998-02-25;81,5;126;;jah
1998-02-26;83;133;;jah
1998-02-27;83,9;138;;jah
1998-02-28;83,9;134;;jah
1998-03-01;83,9;136;;jah
1998-03-02;83,9;136;;jah
1998-03-03;83,8;136;;jah
1998-03-04;83,6;137;;jah
1998-03-05;83,3;138;;jah
1998-03-06;83,1;139;;jah
1998-03-07;82,7;141;;jah
1998-03-08;82;142;;jah
1998-03-09;81;140;;jah
1998-03-10;80,7;135;;jah
1998-03-11;80,3;134;;jah
1998-03-12;79,4;134;;jah
1998-03-13;78,4;133;;jah
1998-03-14;76,7;131;;jah
1998-03-15;70,7;124;;jah
1998-03-16;67,9;122;;jah
1998-03-17;66,6;119;;jah
1998-03-18;65,5;117;;jah
1998-03-19;64,4;114;;jah
1998-03-20;62,9;111;;jah
1998-03-21;62;109;;jah
1998-03-22;61,2;107;;jah
1998-03-23;60,7;106;;jah
1998-03-24;60,1;104;;jah
1998-03-25;59,7;103;;jah
1998-03-26;59,6;103;;jah
1998-03-27;59,6;103;;jah
1998-03-28;59,5;103;;jah
1998-03-29;59,5;102;;jah
1998-03-30;59,5;102;;jah
1998-03-31;59,4;102;;jah
1998-04-01;59,4;104;;jah
1998-04-02;59,4;105;;jah
1998-04-03;59,3;105;;jah
1998-04-04;59,3;104;;jah
1998-04-05;59,2;103;;jah
1998-04-06;59,2;103;;jah
1998-04-07;58,9;102;;jah
1998-04-08;58,7;102;;jah
1998-04-09;58,9;102;;jah
1998-04-10;58,4;101;;jah
1998-04-11;58,4;101;;jah
1998-04-12;60,2;104;;jah
1998-04-13;64,1;109;;jah
1998-04-14;68,1;114;;jah
1998-04-15;71;117;;jah
1998-04-16;72,3;119;;jah
1998-04-17;73,9;122;;jah
1998-04-18;77,8;130;;jah
1998-04-19;80,6;135;;jah
1998-04-20;82,7;139;;jah
1998-04-21;84;142;;jah
1998-04-22;84,9;143;;jah
1998-04-23;85,3;145;;jah
1998-04-24;85,7;147;;jah
1998-04-25;86;148;;jah
1998-04-26;86;148;;jah
1998-04-27;86;148;;jah
1998-04-28;85,7;148;;jah
1998-04-29;84,5;146;;jah
1998-04-30;80;145;;jah
1998-05-01;77,5;143;;jah
1998-05-02;76,3;141;;jah
1998-05-03;75,5;138;;jah
1998-05-04;75,3;136;;jah
1998-05-05;75;136;;jah
1998-05-06;77;138;;jah
1998-05-07;75,8;137;;jah
1998-05-08;74,5;136;;jah
1998-05-09;77,1;138;;jah
1998-05-10;80,1;141;;jah
1998-05-11;78,3;139;;jah
1998-05-12;79;140;;jah
1998-05-13;76,9;138;;jah
1998-05-14;71;132;;jah
1998-05-15;70,5;132;;jah
1998-05-16;69,4;131;;jah
1998-05-17;65,2;127;;jah
1998-05-18;63,1;126;;jah
1998-05-19;61,4;124;;jah
1998-05-20;56,7;120;;jah
1998-05-21;54,6;118;;jah
1998-05-22;54,5;118;;jah
1998-05-23;56,5;121;;jah
1998-05-24;59,3;124;;jah
1998-05-25;60,3;126;;jah
1998-05-26;64,4;131;;jah
1998-05-27;66,2;133;;jah
1998-05-28;65,8;132;;jah
1998-05-29;66,3;133;;jah
1998-05-30;67,4;133;;jah
1998-05-31;66,5;129;;jah
1998-06-01;66;126;;jah
1998-06-02;65,6;126;;jah
1998-06-03;65;124;;jah
1998-06-04;64,5;124;;jah
1998-06-05;64,1;123;;jah
1998-06-06;63,7;122;;jah
1998-06-07;63,2;123;;jah
1998-06-08;62,7;121;;jah
1998-06-09;62,5;119;;jah
1998-06-10;62,5;118;;jah
1998-06-11;62,7;117;;jah
1998-06-12;70;121;;jah
1998-06-13;80;130;;jah
1998-06-14;80,7;134;;jah
1998-06-15;82,6;146;;jah
1998-06-16;84,3;155;;jah
1998-06-17;84,8;157;;jah
1998-06-18;83,7;155;;jah
1998-06-19;80,6;150;;jah
1998-06-20;78;146;;jah
1998-06-21;77;144;;jah
1998-06-22;77;144;;jah
1998-06-23;77;144;;jah
1998-06-24;77;144;;jah
1998-06-25;76,7;144;;jah
1998-06-26;75,5;142;;jah
1998-06-27;74;139;;jah
1998-06-28;71,2;134;;jah
1998-06-29;71,3;135;;jah
1998-06-30;75,2;141;;jah
1998-07-01;85,2;158;;jah
1998-07-02;93;170;;jah
1998-07-03;98,9;179;;jah
1998-07-04;102;183;;jah
1998-07-05;101;183;;jah
1998-07-06;101;182;;jah
1998-07-07;100;180;;jah
1998-07-08;99,9;179;;jah
1998-07-09;100;180;;jah
1998-07-10;102;183;;jah
1998-07-11;102;184;;jah
1998-07-12;103;187;;jah
1998-07-13;104;189;;jah
1998-07-14;105;195;;jah
1998-07-15;106;198;;jah
1998-07-16;107;202;;jah
1998-07-17;108;202;;jah
1998-07-18;108;195;;jah
1998-07-19;103;193;;jah
1998-07-20;102;193;;jah
1998-07-21;101;192;;jah
1998-07-22;100;190;;jah
1998-07-23;98,2;190;;jah
1998-07-24;96,6;189;;jah
1998-07-25;95;188;;jah
1998-07-26;91,5;185;;jah
1998-07-27;84,4;180;;jah
1998-07-28;79,7;177;;jah
1998-07-29;83,9;181;;jah
1998-07-30;85,9;182;;jah
1998-07-31;85,2;181;;jah
1998-08-01;85,2;181;;jah
1998-08-02;83,9;180;;jah
1998-08-03;83,8;180;;jah
1998-08-04;87;183;;jah
1998-08-05;85,4;181;;jah
1998-08-06;85,2;181;;jah
1998-08-07;85,4;181;;jah
1998-08-08;86,1;179;;jah
1998-08-09;86,9;179;;jah
1998-08-10;87,7;182;;jah
1998-08-11;88,5;183;;jah
1998-08-12;89,3;182;;jah
1998-08-13;89,9;181;;jah
1998-08-14;90,2;182;;jah
1998-08-15;93;186;;jah
1998-08-16;95,7;190;;jah
1998-08-17;96,6;191;;jah
1998-08-18;96,6;191;;jah
1998-08-19;97,2;192;;jah
1998-08-20;97,3;192;;jah
1998-08-21;97,9;193;;jah
1998-08-22;98;193;;jah
1998-08-23;98;193;;jah
1998-08-24;98,6;194;;jah
1998-08-25;100;196;;jah
1998-08-26;101;197;;jah
1998-08-27;102;197;;jah
1998-08-28;101;196;;jah
1998-08-29;97,7;194;;jah
1998-08-30;94,8;191;;jah
1998-08-31;93;190;;jah
1998-09-01;91,2;188;;jah
1998-09-02;89,8;187;;jah
1998-09-03;88,6;185;;jah
1998-09-04;87,7;183;;jah
1998-09-05;86,9;182;;jah
1998-09-06;85,4;179;;jah
1998-09-07;84;176;;jah
1998-09-08;82,3;173;;jah
1998-09-09;81,9;173;;jah
1998-09-10;80,9;171;;jah
1998-09-11;80,5;170;;jah
1998-09-12;80,5;170;;jah
1998-09-13;80,2;169;;jah
1998-09-14;80,1;169;;jah
1998-09-15;79,9;169;;jah
1998-09-16;79,4;167;;jah
1998-09-17;79,3;167;;jah
1998-09-18;79,3;167;;jah
1998-09-19;79,2;167;;jah
1998-09-20;78,4;165;;jah
1998-09-21;77,5;162;;jah
1998-09-22;76,8;161;;jah
1998-09-23;75,7;158;;jah
1998-09-24;74,2;157;;jah
1998-09-25;69;155;;jah
1998-09-26;64,8;153;;jah
1998-09-27;64,5;153;;jah
1998-09-28;64,4;153;;jah
1998-09-29;63,2;153;;jah
1998-09-30;65,7;154;;jah
1998-10-01;62;152;;jah
1998-10-02;61,5;149;;jah
1998-10-03;61,2;144;;jah
1998-10-04;61,1;142;;jah
1998-10-05;61;141;;jah
1998-10-06;61,1;141;;jah
1998-10-07;61;139;;jah
1998-10-08;60,7;137;;jah
1998-10-09;60,5;136;;jah
1998-10-10;60,3;135;;jah
1998-10-11;60,5;134;;jah
1998-10-12;60,3;134;;jah
1998-10-13;60,3;134;;jah
1998-10-14;60,8;134;;jah
1998-10-15;62,5;135;;jah
1998-10-16;68;139;;jah
1998-10-17;73,5;144;;jah
1998-10-18;76,5;148;;jah
1998-10-19;77,4;147;;jah
1998-10-20;78;150;;jah
1998-10-21;78;151;;jah
1998-10-22;78;151;;jah
1998-10-23;77,8;150;;jah
1998-10-24;77,6;148;;jah
1998-10-25;77,4;148;;jah
1998-10-26;77,3;149;;jah
1998-10-27;77,1;149;;jah
1998-10-28;76,9;146;;jah
1998-10-29;76,7;149;;jah
1998-10-30;76,5;152;;jah
1998-10-31;76,3;154;;jah
1998-11-01;76,1;154;;jah
1998-11-02;75,9;156;;jah
1998-11-03;75,8;156;;jah
1998-11-04;76,1;154;;jah
1998-11-05;76,1;154;;jah
1998-11-06;76,1;154;;jah
1998-11-07;76,3;153;;jah
1998-11-08;76,6;151;;jah
1998-11-09;76,7;149;;jah
1998-11-10;76,5;150;;jah
1998-11-11;76,3;149;;jah
1998-11-12;75,5;147;;jah
1998-11-13;71,3;140;;jah
1998-11-14;64;130;;jah
1998-11-15;58;130;;jah
1998-11-16;56,5;130;;jah
1998-11-17;56;127;;jah
1998-11-18;55;126;;jah
1998-11-19;54,2;126;;jah
1998-11-20;53,5;126;;jah
1998-11-21;52,8;126;;jah
1998-11-22;52;131;;jah
1998-11-23;51,5;132;;jah
1998-11-24;51;134;;jah
1998-11-25;50,1;136;;jah
1998-11-26;50,1;137;;jah
1998-11-27;50,1;137;;jah
1998-11-28;50,1;136;;jah
1998-11-29;50,1;136;;jah
1998-11-30;50,1;136;;jah
1998-12-01;50,1;136;;jah
1998-12-02;50,1;136;;jah
1998-12-03;50,5;136;;jah
1998-12-04;50,9;135;;jah
1998-12-05;51,3;135;;jah
1998-12-06;53;134;;jah
1998-12-07;54;133;;jah
1998-12-08;55;129;;jah
1998-12-09;55;130;;jah
1998-12-10;54,6;129;;jah
1998-12-11;54;127;;jah
1998-12-12;53,5;125;;jah
1998-12-13;53,5;125;;jah
1998-12-14;53,5;126;;jah
1998-12-15;55,6;132;;jah
1998-12-16;57;137;;jah
1998-12-17;57,5;138;;jah
1998-12-18;59,7;140;;jah
1998-12-19;70;151;;jah
1998-12-20;72,5;156;;jah
1998-12-21;72,5;156;;jah
1998-12-22;72,5;156;;jah
1998-12-23;70;152;;jah
1998-12-24;60,3;140;;jah
1998-12-25;58,7;140;;jah
1998-12-26;61,8;143;;jah
1998-12-27;69,7;148;;jah
1998-12-28;70,2;148;;jah
1998-12-29;71,5;149;;jah
1998-12-30;75,9;152;;jah
1998-12-31;75,9;152;;jah
1999-01-01;75,7;152;;jah
1999-01-02;75,6;151;;jah
1999-01-03;75,5;152;;jah
1999-01-04;75,4;149;;jah
1999-01-05;75,3;141;;jah
1999-01-06;75,2;139;;jah
1999-01-07;75,1;139;;jah
1999-01-08;75;138;;jah
1999-01-09;75;137;;jah
1999-01-10;74,9;150;;jah
1999-01-11;74,8;159;;jah
1999-01-12;74,7;161;;jah
1999-01-13;74,6;156;;jah
1999-01-14;74,5;158;;jah
1999-01-15;74,4;162;;jah
1999-01-16;74,3;161;;jah
1999-01-17;74,2;158;;jah
1999-01-18;74,1;144;;jah
1999-01-19;74;144;;jah
1999-01-20;74,3;143;;jah
1999-01-21;77,2;147;;jah
1999-01-22;85;157;;jah
1999-01-23;99,2;176;;jah
1999-01-24;104;181;;jah
1999-01-25;105;182;;jah
1999-01-26;105;185;;jah
1999-01-27;104;185;;jah
1999-01-28;63,1;222;;jah
1999-01-29;58,1;222;;jah
1999-01-30;62,1;219;;jah
1999-01-31;64,9;216;;jah
1999-02-01;66,6;212;;jah
1999-02-02;66,9;211;;jah
1999-02-03;67,6;207;;jah
1999-02-04;69,4;199;;jah
1999-02-05;69,9;197;;jah
1999-02-06;70,5;194;;jah
1999-02-07;71,7;188;;jah
1999-02-08;72,4;185;;jah
1999-02-09;73,3;181;;jah
1999-02-10;74;176;;jah
1999-02-11;73,4;173;;jah
1999-02-12;73;172;;jah
1999-02-13;72,7;171;;jah
1999-02-14;72,3;170;;jah
1999-02-15;72,3;170;;jah
1999-02-16;72,3;170;;jah
1999-02-17;72,3;170;;jah
1999-02-18;72,3;170;;jah
1999-02-19;72;169;;jah
1999-02-20;72;169;;jah
1999-02-21;71,9;169;;jah
1999-02-22;71;166;;jah
1999-02-23;69,3;160;;jah
1999-02-24;68;151;;jah
1999-02-25;67,9;151;;jah
1999-02-26;67,8;151;;jah
1999-02-27;67,3;147;;jah
1999-02-28;66,9;144;;jah
1999-03-01;66,7;143;;jah
1999-03-02;65,9;137;;jah
1999-03-03;65,2;132;;jah
1999-03-04;65,2;126;;jah
1999-03-05;65,5;125;;jah
1999-03-06;65,8;125;;jah
1999-03-07;66,1;125;;jah
1999-03-08;66,4;126;;jah
1999-03-09;66,7;127;;jah
1999-03-10;67;130;;jah
1999-03-11;67,3;137;;jah
1999-03-12;67,2;136;;jah
1999-03-13;65,5;132;;jah
1999-03-14;63,3;126;;jah
1999-03-15;62,2;124;;jah
1999-03-16;61,9;123;;jah
1999-03-17;61,5;122;;jah
1999-03-18;59,8;118;;jah
1999-03-19;58,8;116;;jah
1999-03-20;57,5;113;;jah
1999-03-21;57,4;113;;jah
1999-03-22;57,4;113;;jah
1999-03-23;57,4;113;;jah
1999-03-24;57,4;113;;jah
1999-03-25;57,4;113;;jah
1999-03-26;57,9;114;;jah
1999-03-27;59,7;117;;jah
1999-03-28;79;159;;jah
1999-03-29;100;196;;jah
1999-03-30;104;195;;jah
1999-03-31;115;206;;jah
1999-04-01;125;215;;jah
1999-04-02;132;223;;jah
1999-04-03;138;229;;jah
1999-04-04;145;237;;jah
1999-04-05;150;242;;jah
1999-04-06;156;248;;jah
1999-04-07;164;254;;jah
1999-04-08;167;260;;jah
1999-04-09;173;266;;jah
1999-04-10;179;272;;jah
1999-04-11;184;277;;jah
1999-04-12;187;279;;jah
1999-04-13;189;283;;jah
1999-04-14;190;286;;jah
1999-04-15;191;290;;jah
1999-04-16;191;292;;jah
1999-04-17;192;294;;jah
1999-04-18;193;296;;jah
1999-04-19;193;297;;jah
1999-04-20;193;297;;jah
1999-04-21;193;297;;jah
1999-04-22;192;296;;jah
1999-04-23;192;296;;jah
1999-04-24;190;295;;jah
1999-04-25;187;293;;jah
1999-04-26;184;291;;jah
1999-04-27;181;289;;jah
1999-04-28;178;286;;jah
1999-04-29;173;283;;jah
1999-04-30;168;279;;jah
1999-05-01;164;275;;jah
1999-05-02;162;273;;jah
1999-05-03;158;269;;jah
1999-05-04;154;265;;jah
1999-05-05;151;262;;jah
1999-05-06;148;259;;jah
1999-05-07;143;253;;jah
1999-05-08;139;250;;jah
1999-05-09;135;246;;jah
1999-05-10;132;243;;jah
1999-05-11;132;243;;jah
1999-05-12;131;242;;jah
1999-05-13;128;239;;jah
1999-05-14;125;236;;jah
1999-05-15;121;232;;jah
1999-05-16;113;223;;jah
1999-05-17;113;223;;jah
1999-05-18;112;223;;jah
1999-05-19;109;219;;jah
1999-05-20;105;215;;jah
1999-05-21;103;213;;jah
1999-05-22;101;210;;jah
1999-05-23;98,2;206;;jah
1999-05-24;95,2;202;;jah
1999-05-25;93,5;200;;jah
1999-05-26;92,4;199;;jah
1999-05-27;90,5;196;;jah
1999-05-28;87,8;193;;jah
1999-05-29;85,9;190;;jah
1999-05-30;83,9;188;;jah
1999-05-31;81,8;185;;jah
1999-06-01;81,2;183;;jah
1999-06-02;81;183;;jah
1999-06-03;80,2;180;;jah
1999-06-04;79,6;179;;jah
1999-06-05;78,9;177;;jah
1999-06-06;77,8;173;;jah
1999-06-07;77;171;;jah
1999-06-08;77;171;;jah
1999-06-09;76,8;171;;jah
1999-06-10;76;169;;jah
1999-06-11;74,9;167;;jah
1999-06-12;74,2;166;;jah
1999-06-13;73,2;165;;jah
1999-06-14;71,8;163;;jah
1999-06-15;70,4;161;;jah
1999-06-16;69;159;;jah
1999-06-17;67,8;157;;jah
1999-06-18;67,5;157;;jah
1999-06-19;66,4;155;;jah
1999-06-20;65,4;154;;jah
1999-06-21;63,7;151;;jah
1999-06-22;64,1;152;;jah
1999-06-23;64,2;152;;jah
1999-06-24;64,5;152;;jah
1999-06-25;66;149;;jah
1999-06-26;66,9;147;;jah
1999-06-27;67;147;;jah
1999-06-28;67;147;;jah
1999-06-29;67,4;146;;jah
1999-06-30;67,5;146;;jah
1999-07-01;67,3;146;;jah
1999-07-02;66,9;145;;jah
1999-07-03;66,5;144;;jah
1999-07-04;65,2;142;;jah
1999-07-05;62,7;137;;jah
1999-07-06;62,3;137;;jah
1999-07-07;61,6;135;;jah
1999-07-08;60,9;134;;jah
1999-07-09;58,9;130;;jah
1999-07-10;57,6;128;;jah
1999-07-11;57,1;126;;jah
1999-07-12;56,7;124;;jah
1999-07-13;56,6;124;;jah
1999-07-14;56,4;123;;jah
1999-07-15;56,2;122;;jah
1999-07-16;55,9;121;;jah
1999-07-17;55,6;119;;jah
1999-07-18;54,9;116;;jah
1999-07-19;54,7;116;;jah
1999-07-20;54,4;115;;jah
1999-07-21;53,8;113;;jah
1999-07-22;53,2;112;;jah
1999-07-23;51,8;108;;jah
1999-07-24;50,7;106;;jah
1999-07-25;49,7;103;;jah
1999-07-26;49,1;102;;jah
1999-07-27;49,1;102;;jah
1999-07-28;48,9;102;;jah
1999-07-29;47,8;99;;jah
1999-07-30;47,1;97;;jah
1999-07-31;46,9;96;;jah
1999-08-01;46,8;95;;jah
1999-08-02;46,7;94;;jah
1999-08-03;46,6;93;;jah
1999-08-04;46,5;92;;jah
1999-08-05;46,4;91;;jah
1999-08-06;45,1;90;;jah
1999-08-07;42,4;87;;jah
1999-08-08;40,9;85;;jah
1999-08-09;40,8;85;;jah
1999-08-10;40,8;85;;jah
1999-08-11;40,7;85;;jah
1999-08-12;39,5;84;;jah
1999-08-13;38;82;;jah
1999-08-14;37,5;82;;jah
1999-08-15;36,6;81;;jah
1999-08-16;35,2;79;;jah
1999-08-17;34,9;77;;jah
1999-08-18;34,7;76;;jah
1999-08-19;34,6;75;;jah
1999-08-20;34,6;75;;jah
1999-08-21;34,5;74;;jah
1999-08-22;34,5;74;;jah
1999-08-23;34,5;74;;jah
1999-08-24;34,4;73;;jah
1999-08-25;34,2;72;;jah
1999-08-26;34;70;;jah
1999-08-27;33,4;69;;jah
1999-08-28;32,2;66;;jah
1999-08-29;31,9;66;;jah
1999-08-30;31,6;65;;jah
1999-08-31;31,6;65;;jah
1999-09-01;31,4;65;;jah
1999-09-02;30,9;64;;jah
1999-09-03;30;62;;jah
1999-09-04;29;60;;jah
1999-09-05;28,3;58;;jah
1999-09-06;28,2;58;;jah
1999-09-07;28,2;58;;jah
1999-09-08;28,4;57;;jah
1999-09-09;28,7;56;;jah
1999-09-10;29;55;;jah
1999-09-11;29,2;54;;jah
1999-09-12;29,5;53;;jah
1999-09-13;29,5;53;;jah
1999-09-14;30;51;;jah
1999-09-15;30,9;47;;jah
1999-09-16;31,5;45;;jah
1999-09-17;31,5;45;;jah
1999-09-18;31,2;44;;jah
1999-09-19;30,9;43;;jah
1999-09-20;30,5;42;;jah
1999-09-21;30,3;42;;jah
1999-09-22;30,1;41;;jah
1999-09-23;29,8;40;;jah
1999-09-24;29,8;40;;jah
1999-09-25;29,8;40;;jah
1999-09-26;29,8;40;;jah
1999-09-27;29,4;40;;jah
1999-09-28;29;40;;jah
1999-09-29;29,2;40;;jah
1999-09-30;29,5;41;;jah
1999-10-01;29,8;42;;jah
1999-10-02;30;43;;jah
1999-10-03;30,3;43;;jah
1999-10-04;30,6;46;;jah
1999-10-05;30,8;49;;jah
1999-10-06;31,1;47;;jah
1999-10-07;31,3;44;;jah
1999-10-08;31,6;41;;jah
1999-10-09;31,9;42;;jah
1999-10-10;32,1;50;;jah
1999-10-11;32,4;45;;jah
1999-10-12;32,6;42;;jah
1999-10-13;32,9;44;;jah
1999-10-14;33,1;44;;jah
1999-10-15;33,4;45;;jah
1999-10-16;33,6;46;;jah
1999-10-17;33,8;46;;jah
1999-10-18;34,1;45;;jah
1999-10-19;34,3;42;;jah
1999-10-20;34,6;42;;jah
1999-10-21;34,9;41;;jah
1999-10-22;35,1;38;;jah
1999-10-23;35,4;37;;jah
1999-10-24;35,7;35;;jah
1999-10-25;35,9;35;;jah
1999-10-26;36,2;39;;jah
1999-10-27;36,4;41;;jah
1999-10-28;36,7;42;;jah
1999-10-29;37;41;;jah
1999-10-30;37,2;43;;jah
1999-10-31;37,5;45;;jah
1999-11-01;37,8;43;;jah
1999-11-02;37,8;42;;jah
1999-11-03;37,4;41;;jah
1999-11-04;37,1;40;;jah
1999-11-05;37,1;40;;jah
1999-11-06;37,1;40;;jah
1999-11-07;37,1;40;;jah
1999-11-08;36,8;39;;jah
1999-11-09;35,9;37;;jah
1999-11-10;35,1;35;;jah
1999-11-11;34,2;33;;jah
1999-11-12;33,6;32;;jah
1999-11-13;33,2;30;;jah
1999-11-14;32,7;33;;jah
1999-11-15;32,2;34;;jah
1999-11-16;30,5;25;;jah
1999-11-17;28;18;;jah
1999-11-18;27,4;18;;jah
1999-11-19;26,6;18;;jah
1999-11-20;26,2;23;;jah
1999-11-21;26;18;;jah
1999-11-22;26;15;;jah
1999-11-23;26,8;15;;jah
1999-11-24;26,4;18;;jah
1999-11-25;26,7;24;;jah
1999-11-26;26,9;24;;jah
1999-11-27;29;31;;jah
1999-11-28;31,3;37;;jah
1999-11-29;32,1;39;;jah
1999-11-30;31,4;37;;jah
1999-12-01;31,1;36;;jah
1999-12-02;31,6;38;;jah
1999-12-03;33,7;44;;jah
1999-12-04;35,3;48;;jah
1999-12-05;35,1;47;;jah
1999-12-06;35,2;48;;jah
1999-12-07;37,4;53;;jah
1999-12-08;40,8;57;;jah
1999-12-09;42,6;58;;jah
1999-12-10;43,2;59;;jah
1999-12-11;45,8;61;;jah
1999-12-12;51,1;66;;jah
1999-12-13;54,6;69;;jah
1999-12-14;58;72;;jah
1999-12-15;58,8;73;;jah
1999-12-16;59;75;;jah
1999-12-17;59;75;;jah
1999-12-18;58,8;73;;jah
1999-12-19;55;67;;jah
1999-12-20;49,5;78;;jah
1999-12-21;44,5;90;;jah
1999-12-22;42,1;81;;jah
1999-12-23;39,7;72;;jah
1999-12-24;37,2;65;;jah
1999-12-25;34,8;55;;jah
1999-12-26;32,4;52;;jah
1999-12-27;29,9;51;;jah
1999-12-28;27,7;51;;jah
1999-12-29;27,5;49;;jah
1999-12-30;27,5;47;;jah
1999-12-31;27,5;46;;jah
2000-01-01;27,5;46;;jah
2000-01-02;28;45;;jah
2000-01-03;29;45;;jah
2000-01-04;30,5;46;;jah
2000-01-05;34,5;49;;jah
2000-01-06;38,1;53;;jah
2000-01-07;39,6;55;;jah
2000-01-08;41,3;57;;jah
2000-01-09;45,9;64;;jah
2000-01-10;51,4;72;;jah
2000-01-11;56,4;79;;jah
2000-01-12;58,7;82;;jah
2000-01-13;59,9;84;;jah
2000-01-14;65,8;92;;jah
2000-01-15;66;97;;jah
2000-01-16;66,3;98;;jah
2000-01-17;66,5;100;;jah
2000-01-18;66,5;102;;jah
2000-01-19;66,5;102;;jah
2000-01-20;66,5;102;;jah
2000-01-21;58;94;;jah
2000-01-22;53;82;;jah
2000-01-23;48;77;;jah
2000-01-24;38;69;;jah
2000-01-25;37,7;69;;jah
2000-01-26;38;71;;jah
2000-01-27;38,3;72;;jah
2000-01-28;38,5;74;;jah
2000-01-29;38,3;74;;jah
2000-01-30;39;76;;jah
2000-01-31;40,6;78;;jah
2000-02-01;40,8;78;;jah
2000-02-02;41,1;78;;jah
2000-02-03;41,7;79;;jah
2000-02-04;42,1;80;;jah
2000-02-05;43,1;81;;jah
2000-02-06;43,8;82;;jah
2000-02-07;44,9;84;;jah
2000-02-08;52,9;95;;jah
2000-02-09;65;111;;jah
2000-02-10;77,5;122;;jah
2000-02-11;79,8;125;;jah
2000-02-12;79,8;126;;jah
2000-02-13;79,8;126;;jah
2000-02-14;77,5;116;;jah
2000-02-15;75;104;;jah
2000-02-16;73,8;99;;jah
2000-02-17;72,8;96;;jah
2000-02-18;71,8;94;;jah
2000-02-19;70;92;;jah
2000-02-20;68;90;;jah
2000-02-21;66,5;88;;jah
2000-02-22;65,2;84;;jah
2000-02-23;62;80;;jah
2000-02-24;58,5;84;;jah
2000-02-25;56;99;;jah
2000-02-26;56;100;;jah
2000-02-27;56,5;93;;jah
2000-02-28;58,5;85;;jah
2000-02-29;60;84;;jah
2000-03-01;61,2;82;;jah
2000-03-02;61,5;75;;jah
2000-03-03;61,8;73;;jah
2000-03-04;62,2;80;;jah
2000-03-05;62,7;81;;jah
2000-03-06;63,1;82;;jah
2000-03-07;63,7;84;;jah
2000-03-08;64,3;87;;jah
2000-03-09;65;93;;jah
2000-03-10;65,7;93;;jah
2000-03-11;66,8;92;;jah
2000-03-12;67;90;;jah
2000-03-13;67,5;87;;jah
2000-03-14;67,8;84;;jah
2000-03-15;68,2;85;;jah
2000-03-16;68,5;87;;jah
2000-03-17;68,8;88;;jah
2000-03-18;69,1;89;;jah
2000-03-19;69,4;90;;jah
2000-03-20;69,7;91;;jah
2000-03-21;70;92;;jah
2000-03-22;70,2;93;;jah
2000-03-23;72,3;98;;jah
2000-03-24;74,8;103;;jah
2000-03-25;76,1;106;;jah
2000-03-26;76,8;107;;jah
2000-03-27;77,3;108;;jah
2000-03-28;77,1;108;;jah
2000-03-29;76,3;106;;jah
2000-03-30;75,6;104;;jah
2000-03-31;75,8;105;;jah
2000-04-01;77;107;;jah
2000-04-02;79;110;;jah
2000-04-03;82,5;116;;jah
2000-04-04;83,8;118;;jah
2000-04-05;85;120;;jah
2000-04-06;88,7;126;;jah
2000-04-07;90,3;128;;jah
2000-04-08;90,6;129;;jah
2000-04-09;92;131;;jah
2000-04-10;93,3;134;;jah
2000-04-11;93,5;137;;jah
2000-04-12;93,5;138;;jah
2000-04-13;93,5;138;;jah
2000-04-14;93,5;140;;jah
2000-04-15;93,5;142;;jah
2000-04-16;93,5;141;;jah
2000-04-17;93,5;142;;jah
2000-04-18;93,5;142;;jah
2000-04-19;93,5;142;;jah
2000-04-20;93,5;140;;jah
2000-04-21;91,9;138;;jah
2000-04-22;90;135;;jah
2000-04-23;87,7;132;;jah
2000-04-24;86,2;130;;jah
2000-04-25;84;127;;jah
2000-04-26;82,4;125;;jah
2000-04-27;79,9;122;;jah
2000-04-28;78,7;120;;jah
2000-04-29;77,7;119;;jah
2000-04-30;76,5;117;;jah
2000-05-01;75,5;116;;jah
2000-05-02;73,1;112;;jah
2000-05-03;69,6;107;;jah
2000-05-04;67;104;;jah
2000-05-05;66,1;103;;jah
2000-05-06;64,1;100;;jah
2000-05-07;62,9;98;;jah
2000-05-08;62,5;98;;jah
2000-05-09;61,3;96;;jah
2000-05-10;58,4;88;;jah
2000-05-11;58,9;92;;jah
2000-05-12;58,5;90;;jah
2000-05-13;57,4;87;;jah
2000-05-14;55,6;83;;jah
2000-05-15;55;82;;jah
2000-05-16;54,6;81;;jah
2000-05-17;54,5;81;;jah
2000-05-18;54,5;81;;jah
2000-05-19;54,5;81;;jah
2000-05-20;53,9;80;;jah
2000-05-21;53,6;80;;jah
2000-05-22;52,1;77;;jah
2000-05-23;52,5;78;;jah
2000-05-24;52,3;78;;jah
2000-05-25;51,4;76;;jah
2000-05-26;50,8;75;;jah
2000-05-27;50,2;74;;jah
2000-05-28;50,6;75;;jah
2000-05-29;50,8;76;;jah
2000-05-30;51,2;79;;jah
2000-05-31;52,5;79;;jah
2000-06-01;53;77;;jah
2000-06-02;53,8;78;;jah
2000-06-03;54;78;;jah
2000-06-04;54,2;75;;jah
2000-06-05;54,4;71;;jah
2000-06-06;54,4;69;;jah
2000-06-07;54,4;70;;jah
2000-06-08;54,1;70;;jah
2000-06-09;52,8;67;;jah
2000-06-10;52,1;66;;jah
2000-06-11;52,1;66;;jah
2000-06-12;51,3;65;;jah
2000-06-13;49,6;62;;jah
2000-06-14;48,7;60;;jah
2000-06-15;47,5;58;;jah
2000-06-16;47,4;58;;jah
2000-06-17;47,2;58;;jah
2000-06-18;46,1;56;;jah
2000-06-19;45,2;54;;jah
2000-06-20;44,6;53;;jah
2000-06-21;44,1;52;;jah
2000-06-22;43,8;52;;jah
2000-06-23;43;50;;jah
2000-06-24;42,8;50;;jah
2000-06-25;42,4;49;;jah
2000-06-26;42,4;49;;jah
2000-06-27;42,4;49;;jah
2000-06-28;42,4;49;;jah
2000-06-29;42;48;;jah
2000-06-30;41,9;48;;jah
2000-07-01;41,9;48;;jah
2000-07-02;42,1;49;;jah
2000-07-03;43,2;52;;jah
2000-07-04;45,8;59;;jah
2000-07-05;46,2;59;;jah
2000-07-06;46,6;60;;jah
2000-07-07;46,9;61;;jah
2000-07-08;46,7;62;;jah
2000-07-09;46;60;;jah
2000-07-10;43,5;58;;jah
2000-07-11;42,7;57;;jah
2000-07-12;42,3;55;;jah
2000-07-13;42,3;55;;jah
2000-07-14;42,3;54;;jah
2000-07-15;42,3;55;;jah
2000-07-16;42,3;57;;jah
2000-07-17;42,3;61;;jah
2000-07-18;43,1;62;;jah
2000-07-19;44,2;64;;jah
2000-07-20;47,4;70;;jah
2000-07-21;47,4;70;;jah
2000-07-22;47,8;70;;jah
2000-07-23;48,5;72;;jah
2000-07-24;49,6;74;;jah
2000-07-25;51,7;78;;jah
2000-07-26;51,8;78;;jah
2000-07-27;53,2;81;;jah
2000-07-28;53,3;82;;jah
2000-07-29;52,7;75;;jah
2000-07-30;51,8;71;;jah
2000-07-31;50,5;69;;jah
2000-08-01;49,8;65;;jah
2000-08-02;49,4;63;;jah
2000-08-03;49,4;65;;jah
2000-08-04;49,4;64;;jah
2000-08-05;49,4;66;;jah
2000-08-06;49,4;69;;jah
2000-08-07;49,4;67;;jah
2000-08-08;49,4;67;;jah
2000-08-09;49,3;65;;jah
2000-08-10;49,7;66;;jah
2000-08-11;51,7;73;;jah
2000-08-12;51,7;75;;jah
2000-08-13;51,2;74;;jah
2000-08-14;50;72;;jah
2000-08-15;48,5;70;;jah
2000-08-16;46,5;66;;jah
2000-08-17;45,4;64;;jah
2000-08-18;43,7;62;;jah
2000-08-19;42,9;61;;jah
2000-08-20;42,3;60;;jah
2000-08-21;42,7;61;;jah
2000-08-22;41,8;59;;jah
2000-08-23;41,1;58;;jah
2000-08-24;40;56;;jah
2000-08-25;41,2;58;;jah
2000-08-26;41,7;59;;jah
2000-08-27;40,8;57;;jah
2000-08-28;40,3;56;;jah
2000-08-29;39,3;55;;jah
2000-08-30;38,8;54;;jah
2000-08-31;38,8;54;;jah
2000-09-01;38,5;54;;jah
2000-09-02;37,6;52;;jah
2000-09-03;37,5;52;;jah
2000-09-04;38,1;53;;jah
2000-09-05;38,9;55;;jah
2000-09-06;37,5;52;;jah
2000-09-07;36,5;51;;jah
2000-09-08;35,7;49;;jah
2000-09-09;35,3;48;;jah
2000-09-10;34,2;45;;jah
2000-09-11;33,6;44;;jah
2000-09-12;34,1;45;;jah
2000-09-13;34,5;46;;jah
2000-09-14;34,7;47;;jah
2000-09-15;34,9;47;;jah
2000-09-16;34,4;46;;jah
2000-09-17;34,4;46;;jah
2000-09-18;34;43;;jah
2000-09-19;34,6;42;;jah
2000-09-20;34,4;41;;jah
2000-09-21;34,2;45;;jah
2000-09-22;34;44;;jah
2000-09-23;33,9;42;;jah
2000-09-24;33,7;40;;jah
2000-09-25;33,5;39;;jah
2000-09-26;33,3;38;;jah
2000-09-27;33,1;37;;jah
2000-09-28;32,9;36;;jah
2000-09-29;32,9;36;;jah
2000-09-30;32,6;36;;jah
2000-10-01;32,2;35;;jah
2000-10-02;32,2;35;;jah
2000-10-03;32,2;35;;jah
2000-10-04;32,2;35;;jah
2000-10-05;31,6;34;;jah
2000-10-06;31,6;34;;jah
2000-10-07;31,5;34;;jah
2000-10-08;30,4;32;;jah
2000-10-09;30,6;31;;jah
2000-10-10;30,9;31;;jah
2000-10-11;31,2;32;;jah
2000-10-12;31,5;35;;jah
2000-10-13;31,8;35;;jah
2000-10-14;32,1;34;;jah
2000-10-15;32,5;35;;jah
2000-10-16;32,8;35;;jah
2000-10-17;33,1;37;;jah
2000-10-18;33,4;36;;jah
2000-10-19;33,8;36;;jah
2000-10-20;34,4;35;;jah
2000-10-21;35,1;34;;jah
2000-10-22;35,7;31;;jah
2000-10-23;36,4;30;;jah
2000-10-24;37;29;;jah
2000-10-25;37,7;30;;jah
2000-10-26;38,3;33;;jah
2000-10-27;39;37;;jah
2000-10-28;39,7;37;;jah
2000-10-29;40,3;39;;jah
2000-10-30;41;47;;jah
2000-10-31;41,7;48;;jah
2000-11-01;42,3;50;;jah
2000-11-02;42,8;51;;jah
2000-11-03;44,2;55;;jah
2000-11-04;45,6;58;;jah
2000-11-05;46;59;;jah
2000-11-06;45,1;56;;jah
2000-11-07;45,1;57;;jah
2000-11-08;46;59;;jah
2000-11-09;45,9;59;;jah
2000-11-10;46,3;59;;jah
2000-11-11;47,8;62;;jah
2000-11-12;52,4;70;;jah
2000-11-13;56,3;76;;jah
2000-11-14;58,2;79;;jah
2000-11-15;59;80;;jah
2000-11-16;60,4;83;;jah
2000-11-17;62,5;86;;jah
2000-11-18;62,6;86;;jah
2000-11-19;61;83;;jah
2000-11-20;60,3;82;;jah
2000-11-21;60,5;83;;jah
2000-11-22;58,9;80;;jah
2000-11-23;57,3;77;;jah
2000-11-24;55,2;74;;jah
2000-11-25;54,2;72;;jah
2000-11-26;53,3;71;;jah
2000-11-27;51,3;67;;jah
2000-11-28;49,8;65;;jah
2000-11-29;47,5;61;;jah
2000-11-30;46,7;58;;jah
2000-12-01;46,2;56;;jah
2000-12-02;46,2;56;;jah
2000-12-03;46,2;56;;jah
2000-12-04;46,2;56;;jah
2000-12-05;46,2;56;;jah
2000-12-06;46,2;56;;jah
2000-12-07;46;55;;jah
2000-12-08;46;55;;jah
2000-12-09;46,2;56;;jah
2000-12-10;46,1;56;;jah
2000-12-11;46,2;56;;jah
2000-12-12;46,4;57;;jah
2000-12-13;48,1;60;;jah
2000-12-14;52,4;69;;jah
2000-12-15;56,2;77;;jah
2000-12-16;58;80;;jah
2000-12-17;58,9;82;;jah
2000-12-18;58,2;80;;jah
2000-12-19;56,7;78;;jah
2000-12-20;53,7;74;;jah
2000-12-21;50,5;70;;jah
2000-12-22;47,2;67;;jah
2000-12-23;44;64;;jah
2000-12-24;40,7;61;;jah
2000-12-25;37,4;60;;jah
2000-12-26;34,2;72;;jah
2000-12-27;27,5;83;;jah
2000-12-28;28,8;65;;jah
2000-12-29;30,9;59;;jah
2000-12-30;33,6;56;;jah
2000-12-31;36,1;52;;jah
2001-01-01;39;52;;jah
2001-01-02;41,5;52;;jah
2001-01-03;44,1;52;;jah
2001-01-04;46,7;52;;jah
2001-01-05;49,4;56;;jah
2001-01-06;52;58;;jah
2001-01-07;54,6;64;;jah
2001-01-08;57,3;79;;jah
2001-01-09;59,4;98;;jah
2001-01-10;62;104;;jah
2001-01-11;64;105;;jah
2001-01-12;63,5;104;;jah
2001-01-13;62,5;99;;jah
2001-01-14;61,7;98;;jah
2001-01-15;61,3;97;;jah
2001-01-16;60,7;95;;jah
2001-01-17;60;95;;jah
2001-01-18;59,5;92;;jah
2001-01-19;59,2;92;;jah
2001-01-20;58,5;89;;jah
2001-01-21;57,7;90;;jah
2001-01-22;56,9;90;;jah
2001-01-23;56,1;86;;jah
2001-01-24;55,3;78;;jah
2001-01-25;54,6;70;;jah
2001-01-26;53,8;66;;jah
2001-01-27;53;66;;jah
2001-01-28;52,2;66;;jah
2001-01-29;51,3;88;;jah
2001-01-30;50,2;85;;jah
2001-01-31;48,9;84;;jah
2001-02-01;46;79;;jah
2001-02-02;44;77;;jah
2001-02-03;41;56;;jah
2001-02-04;37,5;51;;jah
2001-02-05;37,5;51;;jah
2001-02-06;38;52;;jah
2001-02-07;38,5;59;;jah
2001-02-08;39,3;76;;jah
2001-02-09;44,2;85;;jah
2001-02-10;57,8;104;;jah
2001-02-11;60,9;108;;jah
2001-02-12;61,4;108;;jah
2001-02-13;61,4;108;;jah
2001-02-14;62,6;110;;jah
2001-02-15;65,7;115;;jah
2001-02-16;66,2;115;;jah
2001-02-17;63,3;108;;jah
2001-02-18;61,1;105;;jah
2001-02-19;55,8;94;;jah
2001-02-20;53;88;;jah
2001-02-21;51;84;;jah
2001-02-22;49,7;82;;jah
2001-02-23;49;87;;jah
2001-02-24;48;84;;jah
2001-02-25;47,5;86;;jah
2001-02-26;46,5;94;;jah
2001-02-27;46;96;;jah
2001-02-28;45,7;97;;jah
2001-03-01;45,4;94;;jah
2001-03-02;45;90;;jah
2001-03-03;44,9;88;;jah
2001-03-04;44,8;84;;jah
2001-03-05;44,7;81;;jah
2001-03-06;44,6;72;;jah
2001-03-07;44,6;68;;jah
2001-03-08;44,5;67;;jah
2001-03-09;44,5;66;;jah
2001-03-10;44,5;65;;jah
2001-03-11;50,2;65;;jah
2001-03-12;55,6;77;;jah
2001-03-13;71,7;107;;jah
2001-03-14;79,1;119;;jah
2001-03-15;79,9;119;;jah
2001-03-16;78,2;116;;jah
2001-03-17;77,8;116;;jah
2001-03-18;75,5;112;;jah
2001-03-19;72;108;;jah
2001-03-20;72,3;109;;jah
2001-03-21;72,3;108;;jah
2001-03-22;68,4;103;;jah
2001-03-23;63,3;95;;jah
2001-03-24;58,6;89;;jah
2001-03-25;56,2;86;;jah
2001-03-26;55,3;85;;jah
2001-03-27;53,5;82;;jah
2001-03-28;52,3;80;;jah
2001-03-29;51,6;79;;jah
2001-03-30;51,9;79;;jah
2001-03-31;52,5;80;;jah
2001-04-01;52,7;81;;jah
2001-04-02;54,1;83;;jah
2001-04-03;58,5;92;;jah
2001-04-04;63,2;100;;jah
2001-04-05;66,4;105;;jah
2001-04-06;70,9;113;;jah
2001-04-07;72,9;117;;jah
2001-04-08;73,8;118;;jah
2001-04-09;75,3;121;;jah
2001-04-10;77,8;126;;jah
2001-04-11;80,5;131;;jah
2001-04-12;81,4;133;;jah
2001-04-13;82,1;135;;jah
2001-04-14;82,6;136;;jah
2001-04-15;83,7;139;;jah
2001-04-16;86,1;;;jah
2001-04-17;88,1;151;;jah
2001-04-18;89,4;155;;jah
2001-04-19;89,9;156;;jah
2001-04-20;89,8;156;;jah
2001-04-21;89,7;155;;jah
2001-04-22;89,5;154;;jah
2001-04-23;89,3;154;;jah
2001-04-24;89,1;154;;jah
2001-04-25;89;153;;jah
2001-04-26;88,8;152;;jah
2001-04-27;88,6;152;;jah
2001-04-28;88,4;152;;jah
2001-04-29;88,3;154;;jah
2001-04-30;88,2;154;;jah
2001-05-01;89,5;156;;jah
2001-05-02;89,8;156;;jah
2001-05-03;90,1;156;;jah
2001-05-04;90,2;156;;jah
2001-05-05;89,8;156;;jah
2001-05-06;89,1;155;;jah
2001-05-07;87,3;153;;jah
2001-05-08;84,7;151;;jah
2001-05-09;82,5;149;;jah
2001-05-10;79,9;146;;jah
2001-05-11;78,9;144;;jah
2001-05-12;78,2;142;;jah
2001-05-13;77,1;139;;jah
2001-05-14;75,8;136;;jah
2001-05-15;75,4;135;;jah
2001-05-16;74,7;134;;jah
2001-05-17;74,1;132;;jah
2001-05-18;73,8;131;;jah
2001-05-19;74,2;133;;jah
2001-05-20;74,7;134;;jah
2001-05-21;74,9;134;;jah
2001-05-22;76,2;135;;jah
2001-05-23;74,8;133;;jah
2001-05-24;73,6;132;;jah
2001-05-25;72,9;131;;jah
2001-05-26;71,4;130;;jah
2001-05-27;68,6;126;;jah
2001-05-28;67,7;126;;jah
2001-05-29;67,4;125;;jah
2001-05-30;66,2;124;;jah
2001-05-31;64;121;;jah
2001-06-01;62,4;119;;jah
2001-06-02;60,9;117;;jah
2001-06-03;60,4;116;;jah
2001-06-04;59,8;115;;jah
2001-06-05;58,2;113;;jah
2001-06-06;57,5;112;;jah
2001-06-07;57,1;112;;jah
2001-06-08;56,1;111;;jah
2001-06-09;55,6;110;;jah
2001-06-10;55,5;107;;jah
2001-06-11;55,4;108;;jah
2001-06-12;55,2;109;;jah
2001-06-13;55;107;;jah
2001-06-14;55,1;107;;jah
2001-06-15;57;113;;jah
2001-06-16;58,5;115;;jah
2001-06-17;61,5;117;;jah
2001-06-18;63;120;;jah
2001-06-19;64;124;;jah
2001-06-20;65;123;;jah
2001-06-21;65,3;122;;jah
2001-06-22;65,5;123;;jah
2001-06-23;65,8;124;;jah
2001-06-24;66,5;126;;jah
2001-06-25;66,5;126;;jah
2001-06-26;63;121;;jah
2001-06-27;61;119;;jah
2001-06-28;59,1;118;;jah
2001-06-29;58;115;;jah
2001-06-30;56,6;111;;jah
2001-07-01;55,2;107;;jah
2001-07-02;54,7;106;;jah
2001-07-03;54,2;105;;jah
2001-07-04;53,3;102;;jah
2001-07-05;52,3;99;;jah
2001-07-06;52,1;99;;jah
2001-07-07;51,8;98;;jah
2001-07-08;51,6;98;;jah
2001-07-09;51,6;98;;jah
2001-07-10;51,6;98;;jah
2001-07-11;50,5;94;;jah
2001-07-12;50;92;;jah
2001-07-13;50;91;;jah
2001-07-14;50;89;;jah
2001-07-15;50;89;;jah
2001-07-16;50;93;;jah
2001-07-17;50,8;100;;jah
2001-07-18;51,7;101;;jah
2001-07-19;52;100;;jah
2001-07-20;52,1;100;;jah
2001-07-21;52;100;;jah
2001-07-22;52,4;104;;jah
2001-07-23;52,7;105;;jah
2001-07-24;52,3;102;;jah
2001-07-25;52;100;;jah
2001-07-26;51,4;95;;jah
2001-07-27;51;92;;jah
2001-07-28;50,8;91;;jah
2001-07-29;50,5;88;;jah
2001-07-30;50;84;;jah
2001-07-31;49,5;82;;jah
2001-08-01;48,8;80;;jah
2001-08-02;47,7;78;;jah
2001-08-03;46,7;76;;jah
2001-08-04;46,3;75;;jah
2001-08-05;46,2;75;;jah
2001-08-06;46,3;75;;jah
2001-08-07;45,6;74;;jah
2001-08-08;45,7;74;;jah
2001-08-09;45,2;73;;jah
2001-08-10;44,8;72;;jah
2001-08-11;44,5;69;;jah
2001-08-12;44,2;67;;jah
2001-08-13;43,8;69;;jah
2001-08-14;43,5;78;;jah
2001-08-15;43,1;78;;jah
2001-08-16;42,7;76;;jah
2001-08-17;42,4;74;;jah
2001-08-18;42;72;;jah
2001-08-19;41,7;70;;jah
2001-08-20;41,3;69;;jah
2001-08-21;41;68;;jah
2001-08-22;40,8;63;;jah
2001-08-23;40,6;63;;jah
2001-08-24;40,4;62;;jah
2001-08-25;40,2;61;;jah
2001-08-26;40;58;;jah
2001-08-27;39,8;58;;jah
2001-08-28;39,6;66;;jah
2001-08-29;39,4;67;;jah
2001-08-30;39,2;63;;jah
2001-08-31;38,9;61;;jah
2001-09-01;38,7;58;;jah
2001-09-02;38,7;58;;jah
2001-09-03;38,6;57;;jah
2001-09-04;38,5;56;;jah
2001-09-05;38,3;54;;jah
2001-09-06;38,2;53;;jah
2001-09-07;38,2;53;;jah
2001-09-08;38,3;54;;jah
2001-09-09;38,5;56;;jah
2001-09-10;38,4;55;;jah
2001-09-11;38,5;56;;jah
2001-09-12;38,8;56;;jah
2001-09-13;39;57;;jah
2001-09-14;39,2;56;;jah
2001-09-15;39,5;57;;jah
2001-09-16;39,7;58;;jah
2001-09-17;39,9;58;;jah
2001-09-18;40,2;58;;jah
2001-09-19;40,3;58;;jah
2001-09-20;40;56;;jah
2001-09-21;39,6;54;;jah
2001-09-22;39,4;52;;jah
2001-09-23;39,3;52;;jah
2001-09-24;39,2;51;;jah
2001-09-25;39;50;;jah
2001-09-26;37,8;43;;jah
2001-09-27;37,2;40;;jah
2001-09-28;37,2;40;;jah
2001-09-29;37,1;40;;jah
2001-09-30;37;39;;jah
2001-10-01;37;39;;jah
2001-10-02;38,1;41;;jah
2001-10-03;39,2;43;;jah
2001-10-04;40,2;44;;jah
2001-10-05;42,4;48;;jah
2001-10-06;46,1;54;;jah
2001-10-07;48,6;58;;jah
2001-10-08;49;58;;jah
2001-10-09;47,9;56;;jah
2001-10-10;45,5;52;;jah
2001-10-11;45,2;52;;jah
2001-10-12;46,8;55;;jah
2001-10-13;49;59;;jah
2001-10-14;51,7;64;;jah
2001-10-15;52,6;66;;jah
2001-10-16;51,7;64;;jah
2001-10-17;50,9;62;;jah
2001-10-18;53,4;68;;jah
2001-10-19;55,9;72;;jah
2001-10-20;55,9;72;;jah
2001-10-21;54,1;68;;jah
2001-10-22;52,4;65;;jah
2001-10-23;51,3;63;;jah
2001-10-24;48,3;57;;jah
2001-10-25;46;53;;jah
2001-10-26;44,7;51;;jah
2001-10-27;44,6;51;;jah
2001-10-28;43;48;;jah
2001-10-29;44,1;51;;jah
2001-10-30;47,4;56;;jah
2001-10-31;53,3;67;;jah
2001-11-01;59,7;77;;jah
2001-11-02;64,1;84;;jah
2001-11-03;63,6;83;;jah
2001-11-04;65,2;86;;jah
2001-11-05;65,6;87;;jah
2001-11-06;66,5;88;;jah
2001-11-07;67,2;90;;jah
2001-11-08;69,1;94;;jah
2001-11-09;70,9;97;;jah
2001-11-10;72;99;;jah
2001-11-11;73,9;103;;jah
2001-11-12;82,8;122;;jah
2001-11-13;88,2;129;;jah
2001-11-14;89;130;;jah
2001-11-15;88,4;129;;jah
2001-11-16;90;132;;jah
2001-11-17;89,3;130;;jah
2001-11-18;89,3;130;;jah
2001-11-19;90;132;;jah
2001-11-20;87,4;126;;jah
2001-11-21;84,5;144;;jah
2001-11-22;81,5;182;;jah
2001-11-23;78,5;170;;jah
2001-11-24;75,5;162;;jah
2001-11-25;72,5;156;;jah
2001-11-26;69,5;148;;jah
2001-11-27;66,5;146;;jah
2001-11-28;63,5;144;;jah
2001-11-29;60,5;141;;jah
2001-11-30;57,6;137;;jah
2001-12-01;54,6;115;;jah
2001-12-02;51,6;95;;jah
2001-12-03;49,1;92;;jah
2001-12-04;48,7;94;;jah
2001-12-05;48,7;93;;jah
2001-12-06;48,9;85;;jah
2001-12-07;49;82;;jah
2001-12-08;49;82;;jah
2001-12-09;49;82;;jah
2001-12-10;49;82;;jah
2001-12-11;49,1;84;;jah
2001-12-12;48,9;81;;jah
2001-12-13;49,3;89;;jah
2001-12-14;49,6;92;;jah
2001-12-15;49,6;91;;jah
2001-12-16;49,2;85;;jah
2001-12-17;49,6;93;;jah
2001-12-18;49,9;96;;jah
2001-12-19;49,9;96;;jah
2001-12-20;49,9;96;;jah
2001-12-21;49,3;95;;jah
2001-12-22;47,1;92;;jah
2001-12-23;44;87;;jah
2001-12-24;44;87;;jah
2001-12-25;44;87;;jah
2001-12-26;43,1;86;;jah
2001-12-27;42,4;85;;jah
2001-12-28;43,6;87;;jah
2001-12-29;44;88;;jah
2001-12-30;44,1;89;;jah
2001-12-31;44,1;93;;jah
2002-01-01;44,2;94;;jah
2002-01-02;44,2;94;;jah
2002-01-03;44,1;92;;jah
2002-01-04;44,1;90;;jah
2002-01-05;44,2;93;;jah
2002-01-06;44,2;95;;jah
2002-01-07;44,3;96;;jah
2002-01-08;44,3;97;;jah
2002-01-09;44,5;98;;jah
2002-01-10;44,9;99;;jah
2002-01-11;47;105;;jah
2002-01-12;49;109;;jah
2002-01-13;49,3;110;;jah
2002-01-14;50,7;114;;jah
2002-01-15;54,7;124;;jah
2002-01-16;58,8;123;;jah
2002-01-17;59,1;136;;jah
2002-01-18;59,1;136;;jah
2002-01-19;59,4;135;;jah
2002-01-20;59,7;135;;jah
2002-01-21;65,9;111;;jah
2002-01-22;67,9;107;;jah
2002-01-23;68,6;107;;jah
2002-01-24;68,9;120;;jah
2002-01-25;69,7;126;;jah
2002-01-26;70,1;128;;jah
2002-01-27;70,7;143;;jah
2002-01-28;71,2;112;;jah
2002-01-29;71,7;168;;jah
2002-01-30;72,2;168;;jah
2002-01-31;72,5;167;;jah
2002-02-01;73,4;164;;jah
2002-02-02;85;159;;jah
2002-02-03;87,2;169;;jah
2002-02-04;89,2;175;;jah
2002-02-05;93,8;187;;jah
2002-02-06;105;194;;jah
2002-02-07;120;203;;jah
2002-02-08;124;205;;jah
2002-02-09;128;207;;jah
2002-02-10;136;212;;jah
2002-02-11;140;215;;jah
2002-02-12;145;217;;jah
2002-02-13;154;224;;jah
2002-02-14;155;223;;jah
2002-02-15;156;221;;jah
2002-02-16;155;223;;jah
2002-02-17;155;224;;jah
2002-02-18;154;225;;jah
2002-02-19;153;226;;jah
2002-02-20;154;225;;jah
2002-02-21;156;222;;jah
2002-02-22;153;227;;jah
2002-02-23;146;237;;jah
2002-02-24;133;258;;jah
2002-02-25;128;263;;jah
2002-02-26;128;262;;jah
2002-02-27;128;263;;jah
2002-02-28;128;262;;jah
2002-03-01;128;260;;jah
2002-03-02;128;247;;jah
2002-03-03;129;239;;jah
2002-03-04;129;235;;jah
2002-03-05;129;232;;jah
2002-03-06;129;226;;jah
2002-03-07;129;223;;jah
2002-03-08;131;223;;jah
2002-03-09;133;223;;jah
2002-03-10;135;221;;jah
2002-03-11;137;219;;jah
2002-03-12;139;220;;jah
2002-03-13;141;222;;jah
2002-03-14;142;224;;jah
2002-03-15;144;224;;jah
2002-03-16;146;224;;jah
2002-03-17;148;223;;jah
2002-03-18;150;224;;jah
2002-03-19;150;227;;jah
2002-03-20;149;228;;jah
2002-03-21;149;228;;jah
2002-03-22;149;230;;jah
2002-03-23;148;230;;jah
2002-03-24;148;228;;jah
2002-03-25;148;227;;jah
2002-03-26;148;226;;jah
2002-03-27;147;224;;jah
2002-03-28;147;223;;jah
2002-03-29;146;222;;jah
2002-03-30;141;219;;jah
2002-03-31;138;217;;jah
2002-04-01;135;215;;jah
2002-04-02;132;213;;jah
2002-04-03;131;212;;jah
2002-04-04;126;209;;jah
2002-04-05;119;204;;jah
2002-04-06;120;205;;jah
2002-04-07;117;203;;jah
2002-04-08;117;203;;jah
2002-04-09;115;199;;jah
2002-04-10;112;195;;jah
2002-04-11;111;193;;jah
2002-04-12;109;190;;jah
2002-04-13;108;188;;jah
2002-04-14;106;184;;jah
2002-04-15;105;183;;jah
2002-04-16;104;182;;jah
2002-04-17;103;181;;jah
2002-04-18;101;177;;jah
2002-04-19;99,8;175;;jah
2002-04-20;97,7;170;;jah
2002-04-21;95,2;164;;jah
2002-04-22;92,7;159;;jah
2002-04-23;90,9;155;;jah
2002-04-24;91,3;156;;jah
2002-04-25;92,3;159;;jah
2002-04-26;93,1;160;;jah
2002-04-27;93,1;160;;jah
2002-04-28;92,5;159;;jah
2002-04-29;90,1;153;;jah
2002-04-30;89,9;153;;jah
2002-05-01;89,6;153;;jah
2002-05-02;88,4;151;;jah
2002-05-03;88;151;;jah
2002-05-04;87,6;150;;jah
2002-05-05;86,9;149;;jah
2002-05-06;84,7;148;;jah
2002-05-07;82,7;144;;jah
2002-05-08;81,1;142;;jah
2002-05-09;79,6;140;;jah
2002-05-10;78,4;138;;jah
2002-05-11;78;138;;jah
2002-05-12;76,2;135;;jah
2002-05-13;74,3;133;;jah
2002-05-14;73,8;132;;jah
2002-05-15;73,9;132;;jah
2002-05-16;72,9;131;;jah
2002-05-17;69,4;126;;jah
2002-05-18;68,3;125;;jah
2002-05-19;66,5;122;;jah
2002-05-20;66,3;122;;jah
2002-05-21;66;122;;jah
2002-05-22;64,6;119;;jah
2002-05-23;64,2;119;;jah
2002-05-24;63,8;118;;jah
2002-05-25;63,8;118;;jah
2002-05-26;62,6;116;;jah
2002-05-27;62;115;;jah
2002-05-28;61,6;115;;jah
2002-05-29;59,8;112;;jah
2002-05-30;58;109;;jah
2002-05-31;56,9;107;;jah
2002-06-01;56,4;106;;jah
2002-06-02;55,4;104;;jah
2002-06-03;54,6;102;;jah
2002-06-04;54,6;102;;jah
2002-06-05;54,3;102;;jah
2002-06-06;53,4;100;;jah
2002-06-07;52,6;98;;jah
2002-06-08;52,1;97;;jah
2002-06-09;51,6;96;;jah
2002-06-10;51,5;96;;jah
2002-06-11;51,1;95;;jah
2002-06-12;50,7;94;;jah
2002-06-13;50,4;93;;jah
2002-06-14;50,9;95;;jah
2002-06-15;51,5;97;;jah
2002-06-16;51,5;97;;jah
2002-06-17;50,6;94;;jah
2002-06-18;49,9;92;;jah
2002-06-19;49,3;90;;jah
2002-06-20;49;87;;jah
2002-06-21;48,7;84;;jah
2002-06-22;48,4;82;;jah
2002-06-23;48,4;82;;jah
2002-06-24;48,4;82;;jah
2002-06-25;48,5;83;;jah
2002-06-26;48,5;83;;jah
2002-06-27;48,4;82;;jah
2002-06-28;48,4;82;;jah
2002-06-29;48,3;82;;jah
2002-06-30;48,3;82;;jah
2002-07-01;48,3;81;;jah
2002-07-02;48,3;84;;jah
2002-07-03;48,2;85;;jah
2002-07-04;48,2;85;;jah
2002-07-05;48,2;86;;jah
2002-07-06;48,1;83;;jah
2002-07-07;48,1;82;;jah
2002-07-08;48,1;82;;jah
2002-07-09;48,1;81;;jah
2002-07-10;48;81;;jah
2002-07-11;48;80;;jah
2002-07-12;47,7;79;;jah
2002-07-13;46,7;76;;jah
2002-07-14;45,8;74;;jah
2002-07-15;45,1;72;;jah
2002-07-16;44,2;69;;jah
2002-07-17;43,2;66;;jah
2002-07-18;42,6;65;;jah
2002-07-19;42,4;64;;jah
2002-07-20;42,4;64;;jah
2002-07-21;42,3;64;;jah
2002-07-22;41,7;62;;jah
2002-07-23;41,4;61;;jah
2002-07-24;41,5;61;;jah
2002-07-25;41,4;61;;jah
2002-07-26;41,1;60;;jah
2002-07-27;40,8;58;;jah
2002-07-28;40,8;58;;jah
2002-07-29;40,8;58;;jah
2002-07-30;40,6;57;;jah
2002-07-31;40,1;56;;jah
2002-08-01;39,4;54;;jah
2002-08-02;39,1;54;;jah
2002-08-03;38,6;53;;jah
2002-08-04;37,9;51;;jah
2002-08-05;37,1;50;;jah
2002-08-06;36,1;48;;jah
2002-08-07;34,7;45;;jah
2002-08-08;33,4;42;;jah
2002-08-09;33,1;41;;jah
2002-08-10;33,1;41;;jah
2002-08-11;33;40;;jah
2002-08-12;32,9;40;;jah
2002-08-13;32,7;39;;jah
2002-08-14;32,5;37;;jah
2002-08-15;32,5;37;;jah
2002-08-16;32,3;36;;jah
2002-08-17;32,1;35;;jah
2002-08-18;31,8;33;;jah
2002-08-19;31,5;31;;jah
2002-08-20;31,3;30;;jah
2002-08-21;31;28;;jah
2002-08-22;31;28;;jah
2002-08-23;30,5;27;;jah
2002-08-24;29,8;25;;jah
2002-08-25;29,2;24;;jah
2002-08-26;28,6;22;;jah
2002-08-27;28,5;22;;jah
2002-08-28;28,5;22;;jah
2002-08-29;28,2;21;;jah
2002-08-30;28;21;;jah
2002-08-31;27,6;19;;jah
2002-09-01;27,2;17;;jah
2002-09-02;26,9;16;;jah
2002-09-03;26,6;15;;jah
2002-09-04;26,3;13;;jah
2002-09-05;26,2;13;;jah
2002-09-06;26,2;13;;jah
2002-09-07;26,2;13;;jah
2002-09-08;26,1;13;;jah
2002-09-09;26;12;;jah
2002-09-10;25,9;11;;jah
2002-09-11;25,6;10;;jah
2002-09-12;25,4;8;;jah
2002-09-13;25,2;7;;jah
2002-09-14;25,2;7;;jah
2002-09-15;25,1;6;;jah
2002-09-16;25,1;6;;jah
2002-09-17;24,9;5;;jah
2002-09-18;24,9;5;;jah
2002-09-19;24,7;4;;jah
2002-09-20;24,5;3;;jah
2002-09-21;24,9;5;;jah
2002-09-22;24,9;5;;jah
2002-09-23;24,7;4;;jah
2002-09-24;24,5;3;;jah
2002-09-25;24,5;3;;jah
2002-09-26;24,6;4;;jah
2002-09-27;25;6;;jah
2002-09-28;24,6;3;;jah
2002-09-29;23,8;-2;;jah
2002-09-30;23,6;-2;;jah
2002-10-01;23,3;-1;;jah
2002-10-02;23;-4;;jah
2002-10-03;22,6;-5;;jah
2002-10-04;22,3;-4;;jah
2002-10-05;22;-4;;jah
2002-10-06;21,6;-3;;jah
2002-10-07;21,4;-2;;jah
2002-10-08;21,4;4;;jah
2002-10-09;21,5;2;;jah
2002-10-10;21,6;-3;;jah
2002-10-11;21,6;-6;;jah
2002-10-12;21,7;-7;;jah
2002-10-13;21,8;-8;;jah
2002-10-14;21,9;-6;;jah
2002-10-15;22;-5;;jah
2002-10-16;22,1;-6;;jah
2002-10-17;22,1;-6;;jah
2002-10-18;22,2;-5;;jah
2002-10-19;22,2;-6;;jah
2002-10-20;22,3;-7;;jah
2002-10-21;22,4;-10;;jah
2002-10-22;22,4;-10;;jah
2002-10-23;22,3;-7;;jah
2002-10-24;22,2;-4;;jah
2002-10-25;22,3;-8;;jah
2002-10-26;22,4;-8;;jah
2002-10-27;22,3;-8;;jah
2002-10-28;22,4;-9;;jah
2002-10-29;22,2;-12;;jah
2002-10-30;21,6;-13;;jah
2002-10-31;21,3;-14;;jah
2002-11-01;21,3;-14;;jah
2002-11-02;21,8;-13;;jah
2002-11-03;22,4;-12;;jah
2002-11-04;21,1;-14;;jah
2002-11-05;19;-18;;jah
2002-11-06;17,2;-20;;jah
2002-11-07;17,1;-20;;jah
2002-11-08;17,6;-20;;jah
2002-11-09;17,5;-20;;jah
2002-11-10;16,6;-22;;jah
2002-11-11;17;-21;;jah
2002-11-12;16,9;-21;;jah
2002-11-13;17,1;-21;;jah
2002-11-14;18,8;-17;;jah
2002-11-15;22,3;-10;;jah
2002-11-16;24,5;-6;;jah
2002-11-17;26,1;-3;;jah
2002-11-18;27,5;0;;jah
2002-11-19;29;4;;jah
2002-11-20;30,7;10;;jah
2002-11-21;32,5;15;;jah
2002-11-22;35;17;;jah
2002-11-23;35;17;;jah
2002-11-24;34,9;14;;jah
2002-11-25;33,6;7;;jah
2002-11-26;32,7;7;;jah
2002-11-27;31,1;4;;jah
2002-11-28;29,5;2;;jah
2002-11-29;27,6;-1;;jah
2002-11-30;27;-6;;jah
2002-12-01;26,3;-14;;jah
2002-12-02;25,6;-15;;jah
2002-12-03;25;-16;;jah
2002-12-04;24,3;-13;;jah
2002-12-05;23,6;-12;;jah
2002-12-06;23;-11;;jah
2002-12-07;22,3;-2;;jah
2002-12-08;21,6;0;;jah
2002-12-09;21,1;-1;;jah
2002-12-10;21;0;;jah
2002-12-11;21;0;;jah
2002-12-12;21;0;;jah
2002-12-13;21;0;;jah
2002-12-14;21;1;;jah
2002-12-15;20,9;1;;jah
2002-12-16;20,9;1;;jah
2002-12-17;20,9;0;;jah
2002-12-18;20,9;-2;;jah
2002-12-19;20,9;-3;;jah
2002-12-20;20,7;-1;;jah
2002-12-21;20,5;1;;jah
2002-12-22;20,4;1;;jah
2002-12-23;20,2;1;;jah
2002-12-24;20;-1;;jah
2002-12-25;19,8;-1;;jah
2002-12-26;19,7;-1;;jah
2002-12-27;19,5;-2;;jah
2002-12-28;19,6;-2;;jah
2002-12-29;19,7;0;;jah
2002-12-30;19,8;1;;jah
2002-12-31;19,9;1;;jah
2003-01-01;20,7;2;;jah
2003-01-02;20,7;2;;jah
2003-01-03;21;3;;jah
2003-01-04;21;3;;jah
2003-01-05;21;3;;jah
2003-01-06;21;3;;jah
2003-01-07;20,7;2;;jah
2003-01-08;20,7;2;;jah
2003-01-09;20,7;2;;jah
2003-01-10;20,7;2;;jah
2003-01-11;20,2;1;;jah
2003-01-12;20,4;2;;jah
2003-01-13;21;3;;jah
2003-01-14;21,8;4;;jah
2003-01-15;22,1;5;;jah
2003-01-16;23,2;7;;jah
2003-01-17;24,2;9;;jah
2003-01-18;24,7;11;;jah
2003-01-19;25,3;14;;jah
2003-01-20;26,6;22;;jah
2003-01-21;28,2;30;;jah
2003-01-22;28,5;31;;jah
2003-01-23;28,3;30;;jah
2003-01-24;28,3;30;;jah
2003-01-25;28;29;;jah
2003-01-26;28,2;30;;jah
2003-01-27;28,6;32;;jah
2003-01-28;29,2;35;;jah
2003-01-29;28,8;34;;jah
2003-01-30;28,1;31;;jah
2003-01-31;25,4;20;;jah
2003-02-01;23,3;13;;jah
2003-02-02;23,1;13;;jah
2003-02-03;23;13;;jah
2003-02-04;22,6;11;;jah
2003-02-05;21,9;9;;jah
2003-02-06;21,8;9;;jah
2003-02-07;22;9;;jah
2003-02-08;22;10;;jah
2003-02-09;22,1;15;;jah
2003-02-10;23,5;19;;jah
2003-02-11;24;19;;jah
2003-02-12;24,5;18;;jah
2003-02-13;24,7;18;;jah
2003-02-14;25;20;;jah
2003-02-15;24,5;19;;jah
2003-02-16;21,4;6;;jah
2003-02-17;21,4;11;;jah
2003-02-18;24,3;18;;jah
2003-02-19;25,1;19;;jah
2003-02-20;25,2;19;;jah
2003-02-21;24,2;17;;jah
2003-02-22;23,9;16;;jah
2003-02-23;23,7;16;;jah
2003-02-24;23,3;15;;jah
2003-02-25;23;14;;jah
2003-02-26;22,8;14;;jah
2003-02-27;23;14;;jah
2003-02-28;22,8;13;;jah
2003-03-01;22,7;13;;jah
2003-03-02;22,3;11;;jah
2003-03-03;22;9;;jah
2003-03-04;21,5;7;;jah
2003-03-05;21,2;5;;jah
2003-03-06;21,2;5;;jah
2003-03-07;21,6;5;;jah
2003-03-08;22,5;4;;jah
2003-03-09;25;6;;jah
2003-03-10;27,5;9;;jah
2003-03-11;32,5;18;;jah
2003-03-12;50;57;;jah
2003-03-13;55;79;;jah
2003-03-14;52,5;73;;jah
2003-03-15;48,5;64;;jah
2003-03-16;47,5;54;;jah
2003-03-17;46,5;47;;jah
2003-03-18;45,3;37;;jah
2003-03-19;43,5;37;;jah
2003-03-20;41,5;41;;jah
2003-03-21;40;34;;jah
2003-03-22;37,5;27;;jah
2003-03-23;36;23;;jah
2003-03-24;35;20;;jah
2003-03-25;41,5;30;;jah
2003-03-26;46;37;;jah
2003-03-27;46,3;34;;jah
2003-03-28;46,6;34;;jah
2003-03-29;49;38;;jah
2003-03-30;50;38;;jah
2003-03-31;50;39;;jah
2003-04-01;46,7;39;;jah
2003-04-02;46,3;38;;jah
2003-04-03;45,4;36;;jah
2003-04-04;43,1;30;;jah
2003-04-05;41,6;27;;jah
2003-04-06;41;25;;jah
2003-04-07;40,2;23;;jah
2003-04-08;38,7;20;;jah
2003-04-09;38,2;19;;jah
2003-04-10;40,7;26;;jah
2003-04-11;44,3;36;;jah
2003-04-12;47,4;43;;jah
2003-04-13;51,4;51;;jah
2003-04-14;53,7;56;;jah
2003-04-15;56,1;61;;jah
2003-04-16;56,9;63;;jah
2003-04-17;58,4;66;;jah
2003-04-18;61,1;72;;jah
2003-04-19;62,8;76;;jah
2003-04-20;63,4;77;;jah
2003-04-21;63,9;78;;jah
2003-04-22;63,2;76;;jah
2003-04-23;63,2;76;;jah
2003-04-24;62,6;75;;jah
2003-04-25;61;71;;jah
2003-04-26;59;67;;jah
2003-04-27;58,1;65;;jah
2003-04-28;57,5;64;;jah
2003-04-29;56,6;62;;jah
2003-04-30;56,7;62;;jah
2003-05-01;57,9;65;;jah
2003-05-02;57,9;65;;jah
2003-05-03;60;70;;jah
2003-05-04;64,3;79;;jah
2003-05-05;67,7;87;;jah
2003-05-06;68,5;88;;jah
2003-05-07;67,5;85;;jah
2003-05-08;65,7;81;;jah
2003-05-09;63,6;77;;jah
2003-05-10;61,5;72;;jah
2003-05-11;59,5;68;;jah
2003-05-12;58,3;66;;jah
2003-05-13;57,7;64;;jah
2003-05-14;56,8;62;;jah
2003-05-15;54,8;58;;jah
2003-05-16;55,3;59;;jah
2003-05-17;62,5;76;;jah
2003-05-18;80,3;117;;jah
2003-05-19;90,4;135;;jah
2003-05-20;91,3;136;;jah
2003-05-21;88,2;129;;jah
2003-05-22;86,4;125;;jah
2003-05-23;84,6;122;;jah
2003-05-24;83;118;;jah
2003-05-25;81,7;116;;jah
2003-05-26;80,7;114;;jah
2003-05-27;80,4;113;;jah
2003-05-28;79;110;;jah
2003-05-29;76,4;105;;jah
2003-05-30;72,6;99;;jah
2003-05-31;70,7;96;;jah
2003-06-01;68,4;93;;jah
2003-06-02;66,2;89;;jah
2003-06-03;64,1;86;;jah
2003-06-04;61;81;;jah
2003-06-05;58,3;77;;jah
2003-06-06;55,4;73;;jah
2003-06-07;53,2;70;;jah
2003-06-08;51,9;68;;jah
2003-06-09;50,3;65;;jah
2003-06-10;48,1;62;;jah
2003-06-11;47;61;;jah
2003-06-12;46,7;62;;jah
2003-06-13;46,6;61;;jah
2003-06-14;46,4;62;;jah
2003-06-15;46,3;63;;jah
2003-06-16;46,1;62;;jah
2003-06-17;46;62;;jah
2003-06-18;45,8;60;;jah
2003-06-19;45,9;58;;jah
2003-06-20;46,8;58;;jah
2003-06-21;47,8;62;;jah
2003-06-22;48,9;83;;jah
2003-06-23;49,9;86;;jah
2003-06-24;50,9;86;;jah
2003-06-25;51,9;79;;jah
2003-06-26;52;75;;jah
2003-06-27;49,1;69;;jah
2003-06-28;47,3;65;;jah
2003-06-29;44,8;60;;jah
2003-06-30;43,2;58;;jah
2003-07-01;42,4;56;;jah
2003-07-02;42,1;56;;jah
2003-07-03;41,7;55;;jah
2003-07-04;40,6;53;;jah
2003-07-05;40,9;53;;jah
2003-07-06;40,3;52;;jah
2003-07-07;40,1;52;;jah
2003-07-08;40,1;52;;jah
2003-07-09;40,5;53;;jah
2003-07-10;40,3;52;;jah
2003-07-11;41,1;54;;jah
2003-07-12;51,2;81;;jah
2003-07-13;57,7;94;;jah
2003-07-14;59;96;;jah
2003-07-15;55,2;87;;jah
2003-07-16;51,4;80;;jah
2003-07-17;48,9;75;;jah
2003-07-18;46;69;;jah
2003-07-19;44;65;;jah
2003-07-20;42,8;63;;jah
2003-07-21;41;59;;jah
2003-07-22;39,8;57;;jah
2003-07-23;40,1;58;;jah
2003-07-24;39,9;57;;jah
2003-07-25;40,2;58;;jah
2003-07-26;39,4;56;;jah
2003-07-27;38,8;56;;jah
2003-07-28;39,5;56;;jah
2003-07-29;39,3;56;;jah
2003-07-30;38,6;55;;jah
2003-07-31;37,4;52;;jah
2003-08-01;36,8;51;;jah
2003-08-02;35,5;49;;jah
2003-08-03;34,9;48;;jah
2003-08-04;34,2;46;;jah
2003-08-05;33,2;44;;jah
2003-08-06;32,2;42;;jah
2003-08-07;34,1;47;;jah
2003-08-08;33,2;45;;jah
2003-08-09;34;48;;jah
2003-08-10;36;54;;jah
2003-08-11;36,5;55;;jah
2003-08-12;35;53;;jah
2003-08-13;34,5;52;;jah
2003-08-14;34;51;;jah
2003-08-15;33,5;50;;jah
2003-08-16;33;49;;jah
2003-08-17;32,7;48;;jah
2003-08-18;32,5;47;;jah
2003-08-19;32,1;47;;jah
2003-08-20;32,2;47;;jah
2003-08-21;31,5;46;;jah
2003-08-22;31,4;46;;jah
2003-08-23;31,7;47;;jah
2003-08-24;32,4;48;;jah
2003-08-25;32,8;48;;jah
2003-08-26;32,8;48;;jah
2003-08-27;33,8;50;;jah
2003-08-28;39,7;60;;jah
2003-08-29;42,2;67;;jah
2003-08-30;45;76;;jah
2003-08-31;47,2;84;;jah
2003-09-01;48,5;87;;jah
2003-09-02;49,9;92;;jah
2003-09-03;49,6;91;;jah
2003-09-04;48,9;88;;jah
2003-09-05;48,7;88;;jah
2003-09-06;48,5;87;;jah
2003-09-07;48,4;87;;jah
2003-09-08;48,2;86;;jah
2003-09-09;47,8;84;;jah
2003-09-10;46,5;78;;jah
2003-09-11;45,7;75;;jah
2003-09-12;44,8;71;;jah
2003-09-13;43,9;67;;jah
2003-09-14;43,3;65;;jah
2003-09-15;42,4;61;;jah
2003-09-16;41,7;58;;jah
2003-09-17;41,7;58;;jah
2003-09-18;41,4;58;;jah
2003-09-19;40,3;56;;jah
2003-09-20;40,2;56;;jah
2003-09-21;39,5;55;;jah
2003-09-22;39,1;55;;jah
2003-09-23;39;55;;jah
2003-09-24;40,1;56;;jah
2003-09-25;38,9;54;;jah
2003-09-26;37,3;52;;jah
2003-09-27;37,2;52;;jah
2003-09-28;37,2;52;;jah
2003-09-29;37,2;52;;jah
2003-09-30;37,2;52;;jah
2003-10-01;36,7;52;;jah
2003-10-02;35;50;;jah
2003-10-03;35,9;51;;jah
2003-10-04;36,5;52;;jah
2003-10-05;37,2;52;;jah
2003-10-06;37,7;53;;jah
2003-10-07;37,4;52;;jah
2003-10-08;37,3;52;;jah
2003-10-09;43,7;59;;jah
2003-10-10;45,1;60;;jah
2003-10-11;45,5;60;;jah
2003-10-12;44,9;59;;jah
2003-10-13;45,2;60;;jah
2003-10-14;46,7;62;;jah
2003-10-15;47,4;63;;jah
2003-10-16;47,7;64;;jah
2003-10-17;48,7;65;;jah
2003-10-18;49,6;67;;jah
2003-10-19;50,5;68;;jah
2003-10-20;49,8;67;;jah
2003-10-21;48,7;65;;jah
2003-10-22;48,5;64;;jah
2003-10-23;47,5;61;;jah
2003-10-24;46;59;;jah
2003-10-25;45,7;57;;jah
2003-10-26;45,7;57;;jah
2003-10-27;45,7;57;;jah
2003-10-28;44;53;;jah
2003-10-29;44,7;55;;jah
2003-10-30;45,8;58;;jah
2003-10-31;46,7;60;;jah
2003-11-01;48,8;61;;jah
2003-11-02;52;61;;jah
2003-11-03;55;68;;jah
2003-11-04;57,7;76;;jah
2003-11-05;62,5;84;;jah
2003-11-06;62;82;;jah
2003-11-07;61,5;81;;jah
2003-11-08;60,7;80;;jah
2003-11-09;60,2;79;;jah
2003-11-10;59,6;77;;jah
2003-11-11;58,9;75;;jah
2003-11-12;56,7;71;;jah
2003-11-13;54,5;68;;jah
2003-11-14;53;67;;jah
2003-11-15;52,5;65;;jah
2003-11-16;52,5;66;;jah
2003-11-17;52,5;65;;jah
2003-11-18;52,5;65;;jah
2003-11-19;52,5;65;;jah
2003-11-20;54;68;;jah
2003-11-21;54,9;71;;jah
2003-11-22;59,3;79;;jah
2003-11-23;61,5;83;;jah
2003-11-24;64;88;;jah
2003-11-25;70,3;101;;jah
2003-11-26;74,6;109;;jah
2003-11-27;76,1;112;;jah
2003-11-28;78,4;117;;jah
2003-11-29;80;123;;jah
2003-11-30;85;124;;jah
2003-12-01;85;123;;jah
2003-12-02;81,5;121;;jah
2003-12-03;80,6;118;;jah
2003-12-04;80;118;;jah
2003-12-05;79,9;118;;jah
2003-12-06;79,8;119;;jah
2003-12-07;79;118;;jah
2003-12-08;78,2;115;;jah
2003-12-09;75;112;;jah
2003-12-10;73;113;;jah
2003-12-11;72;121;;jah
2003-12-12;71;117;;jah
2003-12-13;70,5;117;;jah
2003-12-14;70,6;112;;jah
2003-12-15;70,5;124;;jah
2003-12-16;70,4;120;;jah
2003-12-17;70,4;111;;jah
2003-12-18;70,4;116;;jah
2003-12-19;70,4;120;;jah
2003-12-20;70,4;113;;jah
2003-12-21;70,5;112;;jah
2003-12-22;70,5;113;;jah
2003-12-23;70,9;116;;jah
2003-12-24;75;132;;jah
2003-12-25;81,5;149;;jah
2003-12-26;90;154;;jah
2003-12-27;98;158;;jah
2003-12-28;94;150;;jah
2003-12-29;90,9;143;;jah
2003-12-30;86,1;137;;jah
2003-12-31;81,8;135;;jah
2004-01-01;75;134;;jah
2004-01-02;65;146;;jah
2004-01-03;60;147;;jah
2004-01-04;55;140;;jah
2004-01-05;51;137;;jah
2004-01-06;49;135;;jah
2004-01-07;48;131;;jah
2004-01-08;46,9;127;;jah
2004-01-09;46,9;121;;jah
2004-01-10;46,9;115;;jah
2004-01-11;47;113;;jah
2004-01-12;47;112;;jah
2004-01-13;47,5;109;;jah
2004-01-14;49;107;;jah
2004-01-15;50,5;107;;jah
2004-01-16;51,5;108;;jah
2004-01-17;52,3;108;;jah
2004-01-18;52,7;108;;jah
2004-01-19;52,8;108;;jah
2004-01-20;52,8;108;;jah
2004-01-21;52,8;108;;jah
2004-01-22;52,8;108;;jah
2004-01-23;52,7;108;;jah
2004-01-24;52,6;108;;jah
2004-01-25;51,9;107;;jah
2004-01-26;51,2;105;;jah
2004-01-27;51,1;105;;jah
2004-01-28;50,1;102;;jah
2004-01-29;50,1;102;;jah
2004-01-30;50,1;102;;jah
2004-01-31;50,1;102;;jah
2004-02-01;50,1;102;;jah
2004-02-02;50,3;103;;jah
2004-02-03;51,3;106;;jah
2004-02-04;52;107;;jah
2004-02-05;55;116;;jah
2004-02-06;58,7;124;;jah
2004-02-07;60,9;128;;jah
2004-02-08;61,1;128;;jah
2004-02-09;61,6;129;;jah
2004-02-10;61,5;129;;jah
2004-02-11;56,3;117;;jah
2004-02-12;51,2;104;;jah
2004-02-13;48,3;97;;jah
2004-02-14;49,2;100;;jah
2004-02-15;52,9;110;;jah
2004-02-16;55,7;117;;jah
2004-02-17;56,9;120;;jah
2004-02-18;56,8;119;;jah
2004-02-19;51,8;105;;jah
2004-02-20;47;94;;jah
2004-02-21;52,9;111;;jah
2004-02-22;56;118;;jah
2004-02-23;55,3;115;;jah
2004-02-24;55,2;115;;jah
2004-02-25;54,8;114;;jah
2004-02-26;54,8;113;;jah
2004-02-27;55,3;113;;jah
2004-02-28;55,3;113;;jah
2004-02-29;55,3;113;;jah
2004-03-01;55,4;114;;jah
2004-03-02;55,5;115;;jah
2004-03-03;55,6;116;;jah
2004-03-04;55,1;111;;jah
2004-03-05;54,7;107;;jah
2004-03-06;54,6;107;;jah
2004-03-07;54,7;108;;jah
2004-03-08;54,6;107;;jah
2004-03-09;53,8;93;;jah
2004-03-10;53,6;87;;jah
2004-03-11;53,5;81;;jah
2004-03-12;53,4;79;;jah
2004-03-13;53,2;78;;jah
2004-03-14;53,1;76;;jah
2004-03-15;53;74;;jah
2004-03-16;57,5;81;;jah
2004-03-17;70;104;;jah
2004-03-18;81;125;;jah
2004-03-19;85,6;134;;jah
2004-03-20;89,4;142;;jah
2004-03-21;92,8;149;;jah
2004-03-22;95,7;155;;jah
2004-03-23;97,7;159;;jah
2004-03-24;99,2;162;;jah
2004-03-25;103;167;;jah
2004-03-26;109;175;;jah
2004-03-27;115;182;;jah
2004-03-28;116;183;;jah
2004-03-29;113;179;;jah
2004-03-30;116;183;;jah
2004-03-31;117;184;;jah
2004-04-01;117;186;;jah
2004-04-02;116;185;;jah
2004-04-03;113;185;;jah
2004-04-04;111;182;;jah
2004-04-05;109;179;;jah
2004-04-06;106;173;;jah
2004-04-07;104;178;;jah
2004-04-08;102;176;;jah
2004-04-09;98,7;174;;jah
2004-04-10;97,7;173;;jah
2004-04-11;97,7;173;;jah
2004-04-12;97;173;;jah
2004-04-13;95;171;;jah
2004-04-14;94,1;171;;jah
2004-04-15;90,8;168;;jah
2004-04-16;91,1;169;;jah
2004-04-17;91,9;169;;jah
2004-04-18;91,9;169;;jah
2004-04-19;91,9;169;;jah
2004-04-20;91,3;168;;jah
2004-04-21;90,5;166;;jah
2004-04-22;90,1;165;;jah
2004-04-23;90;165;;jah
2004-04-24;90;165;;jah
2004-04-25;89,4;164;;jah
2004-04-26;88,9;163;;jah
2004-04-27;88;161;;jah
2004-04-28;87,3;159;;jah
2004-04-29;85,6;156;;jah
2004-04-30;84,1;155;;jah
2004-05-01;82,3;153;;jah
2004-05-02;80;150;;jah
2004-05-03;75,3;145;;jah
2004-05-04;76,2;146;;jah
2004-05-05;75,9;146;;jah
2004-05-06;75,4;145;;jah
2004-05-07;75,7;146;;jah
2004-05-08;73,3;143;;jah
2004-05-09;70,2;139;;jah
2004-05-10;68,1;137;;jah
2004-05-11;67,6;137;;jah
2004-05-12;68,2;138;;jah
2004-05-13;65,4;134;;jah
2004-05-14;61,8;129;;jah
2004-05-15;61,6;126;;jah
2004-05-16;61,2;126;;jah
2004-05-17;60,5;125;;jah
2004-05-18;60;123;;jah
2004-05-19;59,6;123;;jah
2004-05-20;59,4;121;;jah
2004-05-21;59,1;118;;jah
2004-05-22;59;116;;jah
2004-05-23;58,8;118;;jah
2004-05-24;58,7;118;;jah
2004-05-25;58,6;119;;jah
2004-05-26;58,6;118;;jah
2004-05-27;58,5;116;;jah
2004-05-28;58,5;115;;jah
2004-05-29;58,3;115;;jah
2004-05-30;58,2;114;;jah
2004-05-31;57,9;111;;jah
2004-06-01;57,9;112;;jah
2004-06-02;57,8;111;;jah
2004-06-03;57,2;109;;jah
2004-06-04;56,5;108;;jah
2004-06-05;56;106;;jah
2004-06-06;55;103;;jah
2004-06-07;54;102;;jah
2004-06-08;53,6;102;;jah
2004-06-09;53,5;111;;jah
2004-06-10;57;108;;jah
2004-06-11;56,6;109;;jah
2004-06-12;56,5;109;;jah
2004-06-13;56,4;109;;jah
2004-06-14;55,7;106;;jah
2004-06-15;54,8;104;;jah
2004-06-16;54,5;104;;jah
2004-06-17;53,4;102;;jah
2004-06-18;53,5;102;;jah
2004-06-19;53;101;;jah
2004-06-20;52,5;100;;jah
2004-06-21;53,2;102;;jah
2004-06-22;57,8;111;;jah
2004-06-23;62,8;121;;jah
2004-06-24;65,8;126;;jah
2004-06-25;66,2;126;;jah
2004-06-26;66,9;128;;jah
2004-06-27;68,5;131;;jah
2004-06-28;73,7;141;;jah
2004-06-29;79,8;153;;jah
2004-06-30;82,3;157;;jah
2004-07-01;82,8;162;;jah
2004-07-02;82,9;162;;jah
2004-07-03;82,9;160;;jah
2004-07-04;83;158;;jah
2004-07-05;83,1;158;;jah
2004-07-06;83,1;158;;jah
2004-07-07;83,2;156;;jah
2004-07-08;82,4;155;;jah
2004-07-09;81,1;153;;jah
2004-07-10;79,8;151;;jah
2004-07-11;78,6;149;;jah
2004-07-12;77,8;148;;jah
2004-07-13;76,9;146;;jah
2004-07-14;75,2;143;;jah
2004-07-15;72,3;139;;jah
2004-07-16;70,5;136;;jah
2004-07-17;69,7;133;;jah
2004-07-18;68,3;129;;jah
2004-07-19;66,9;124;;jah
2004-07-20;66;121;;jah
2004-07-21;64,8;117;;jah
2004-07-22;64;115;;jah
2004-07-23;63,4;113;;jah
2004-07-24;63;112;;jah
2004-07-25;62,4;110;;jah
2004-07-26;61,9;108;;jah
2004-07-27;61,4;108;;jah
2004-07-28;60,9;104;;jah
2004-07-29;60,4;101;;jah
2004-07-30;59,9;103;;jah
2004-07-31;59,4;108;;jah
2004-08-01;58,9;109;;jah
2004-08-02;58,4;107;;jah
2004-08-03;57,9;107;;jah
2004-08-04;57,4;106;;jah
2004-08-05;56,9;108;;jah
2004-08-06;56,3;108;;jah
2004-08-07;54,3;104;;jah
2004-08-08;52,4;101;;jah
2004-08-09;50,1;97;;jah
2004-08-10;50,3;98;;jah
2004-08-11;48,4;95;;jah
2004-08-12;47,2;93;;jah
2004-08-13;46,2;91;;jah
2004-08-14;46,3;92;;jah
2004-08-15;44,6;88;;jah
2004-08-16;44,5;88;;jah
2004-08-17;45,5;87;;jah
2004-08-18;46,6;87;;jah
2004-08-19;47,7;86;;jah
2004-08-20;48,9;86;;jah
2004-08-21;50;87;;jah
2004-08-22;51,1;93;;jah
2004-08-23;52,2;100;;jah
2004-08-24;53,3;98;;jah
2004-08-25;54,2;96;;jah
2004-08-26;54,3;96;;jah
2004-08-27;54,3;96;;jah
2004-08-28;54,3;96;;jah
2004-08-29;53,6;95;;jah
2004-08-30;53,5;95;;jah
2004-08-31;53,6;95;;jah
2004-09-01;57,1;100;;jah
2004-09-02;64,7;110;;jah
2004-09-03;69,8;116;;jah
2004-09-04;71,3;118;;jah
2004-09-05;71,8;118;;jah
2004-09-06;71,5;117;;jah
2004-09-07;72,8;118;;jah
2004-09-08;73,4;119;;jah
2004-09-09;74,2;120;;jah
2004-09-10;73,2;118;;jah
2004-09-11;72,6;117;;jah
2004-09-12;70,9;115;;jah
2004-09-13;68,2;110;;jah
2004-09-14;66,3;108;;jah
2004-09-15;66,2;108;;jah
2004-09-16;64,6;105;;jah
2004-09-17;63,1;102;;jah
2004-09-18;61,5;100;;jah
2004-09-19;60,2;98;;jah
2004-09-20;59,9;97;;jah
2004-09-21;59,6;97;;jah
2004-09-22;60,7;99;;jah
2004-09-23;61,9;101;;jah
2004-09-24;64,5;105;;jah
2004-09-25;67,6;110;;jah
2004-09-26;73,1;119;;jah
2004-09-27;76,6;124;;jah
2004-09-28;77,8;125;;jah
2004-09-29;78,5;126;;jah
2004-09-30;78,9;127;;jah
2004-10-01;79;127;;jah
2004-10-02;77,7;125;;jah
2004-10-03;76,3;123;;jah
2004-10-04;75,5;122;;jah
2004-10-05;73,1;118;;jah
2004-10-06;71,9;116;;jah
2004-10-07;71;115;;jah
2004-10-08;69,6;113;;jah
2004-10-09;69,2;112;;jah
2004-10-10;69,5;113;;jah
2004-10-11;70,1;114;;jah
2004-10-12;69;112;;jah
2004-10-13;67,6;110;;jah
2004-10-14;66,6;108;;jah
2004-10-15;66,3;108;;jah
2004-10-16;65,9;107;;jah
2004-10-17;65,4;106;;jah
2004-10-18;64,8;105;;jah
2004-10-19;64,5;105;;jah
2004-10-20;66,4;108;;jah
2004-10-21;66,6;108;;jah
2004-10-22;66,6;108;;jah
2004-10-23;67,3;109;;jah
2004-10-24;74,7;122;;jah
2004-10-25;80,6;130;;jah
2004-10-26;84,7;135;;jah
2004-10-27;87,3;139;;jah
2004-10-28;88,5;140;;jah
2004-10-29;88,3;140;;jah
2004-10-30;90,2;143;;jah
2004-10-31;91;144;;jah
2004-11-01;90,1;142;;jah
2004-11-02;89,7;142;;jah
2004-11-03;89;141;;jah
2004-11-04;87,9;139;;jah
2004-11-05;87,2;138;;jah
2004-11-06;86,5;137;;jah
2004-11-07;85,8;136;;jah
2004-11-08;84,8;135;;jah
2004-11-09;83,6;133;;jah
2004-11-10;82,9;132;;jah
2004-11-11;81,9;131;;jah
2004-11-12;80,8;129;;jah
2004-11-13;79;127;;jah
2004-11-14;79,3;127;;jah
2004-11-15;78,4;126;;jah
2004-11-16;80,4;129;;jah
2004-11-17;83,3;133;;jah
2004-11-18;85,9;137;;jah
2004-11-19;87,7;139;;jah
2004-11-20;85,9;136;;jah
2004-11-21;82,8;136;;jah
2004-11-22;77,7;146;;jah
2004-11-23;76;166;;jah
2004-11-24;74,3;183;;jah
2004-11-25;72,6;180;;jah
2004-11-26;70,9;172;;jah
2004-11-27;69,1;167;;jah
2004-11-28;67,4;165;;jah
2004-11-29;65;164;;jah
2004-11-30;63,4;163;;jah
2004-12-01;62,5;162;;jah
2004-12-02;62;160;;jah
2004-12-03;68,9;166;;jah
2004-12-04;74,5;168;;jah
2004-12-05;75,1;168;;jah
2004-12-06;94,5;178;;jah
2004-12-07;116;187;;jah
2004-12-08;126;191;;jah
2004-12-09;123;185;;jah
2004-12-10;120;182;;jah
2004-12-11;117;178;;jah
2004-12-12;113;172;;jah
2004-12-13;112;171;;jah
2004-12-14;110;169;;jah
2004-12-15;109;168;;jah
2004-12-16;107;165;;jah
2004-12-17;106;163;;jah
2004-12-18;103;163;;jah
2004-12-19;99;162;;jah
2004-12-20;96;158;;jah
2004-12-21;93;155;;jah
2004-12-22;91;155;;jah
2004-12-23;88;166;;jah
2004-12-24;84;181;;jah
2004-12-25;80;185;;jah
2004-12-26;77;188;;jah
2004-12-27;75;191;;jah
2004-12-28;73;193;;jah
2004-12-29;71;196;;jah
2004-12-30;72;194;;jah
2004-12-31;73;189;;jah
2005-01-01;75;175;;jah
2005-01-02;77;168;;jah
2005-01-03;80;163;;jah
2005-01-04;83,5;159;;jah
2005-01-05;87;156;;jah
2005-01-06;89,5;154;;jah
2005-01-07;91,8;154;;jah
2005-01-08;97;167;;jah
2005-01-09;105;180;;jah
2005-01-10;115;197;;jah
2005-01-11;122;206;;jah
2005-01-12;129;217;;jah
2005-01-13;134;223;;jah
2005-01-14;138;229;;jah
2005-01-15;142;235;;jah
2005-01-16;146;241;;jah
2005-01-17;148;244;;jah
2005-01-18;150;246;;jah
2005-01-19;150;248;;jah
2005-01-20;149;250;;jah
2005-01-21;148;249;;jah
2005-01-22;142;244;;jah
2005-01-23;139;243;;jah
2005-01-24;135;242;;jah
2005-01-25;130;241;;jah
2005-01-26;125;240;;jah
2005-01-27;120;238;;jah
2005-01-28;110;259;;jah
2005-01-29;102;282;;jah
2005-01-30;101;279;;jah
2005-01-31;100;274;;jah
2005-02-01;99,8;273;;jah
2005-02-02;99,7;273;;jah
2005-02-03;99,5;270;;jah
2005-02-04;99,1;267;;jah
2005-02-05;99;264;;jah
2005-02-06;98,9;262;;jah
2005-02-07;98,6;258;;jah
2005-02-08;98;254;;jah
2005-02-09;97,4;250;;jah
2005-02-10;96,6;244;;jah
2005-02-11;96,2;242;;jah
2005-02-12;95,3;235;;jah
2005-02-13;94,5;229;;jah
2005-02-14;93,5;223;;jah
2005-02-15;92,8;218;;jah
2005-02-16;92;212;;jah
2005-02-17;91,4;208;;jah
2005-02-18;90,9;205;;jah
2005-02-19;90,6;204;;jah
2005-02-20;88,9;199;;jah
2005-02-21;87,3;194;;jah
2005-02-22;85,8;190;;jah
2005-02-23;84,3;185;;jah
2005-02-24;83,2;182;;jah
2005-02-25;81,6;177;;jah
2005-02-26;80,4;174;;jah
2005-02-27;79,9;173;;jah
2005-02-28;79,2;171;;jah
2005-03-01;77,7;168;;jah
2005-03-02;75,8;164;;jah
2005-03-03;73,7;160;;jah
2005-03-04;72,9;159;;jah
2005-03-05;72,8;159;;jah
2005-03-06;71,8;157;;jah
2005-03-07;71,2;156;;jah
2005-03-08;70,8;155;;jah
2005-03-09;70,4;154;;jah
2005-03-10;70,3;154;;jah
2005-03-11;70,3;154;;jah
2005-03-12;70,3;154;;jah
2005-03-13;70,3;154;;jah
2005-03-14;69,9;153;;jah
2005-03-15;69,8;153;;jah
2005-03-16;69,4;152;;jah
2005-03-17;69,4;152;;jah
2005-03-18;69,4;152;;jah
2005-03-19;69,4;152;;jah
2005-03-20;69;151;;jah
2005-03-21;68,9;151;;jah
2005-03-22;68,9;151;;jah
2005-03-23;69,5;152;;jah
2005-03-24;70,5;154;;jah
2005-03-25;73,5;162;;jah
2005-03-26;78;173;;jah
2005-03-27;80,5;178;;jah
2005-03-28;81,5;180;;jah
2005-03-29;80;176;;jah
2005-03-30;78;172;;jah
2005-03-31;75;166;;jah
2005-04-01;73;155;;jah
2005-04-02;72,5;150;;jah
2005-04-03;71,5;146;;jah
2005-04-04;79;152;;jah
2005-04-05;84;157;;jah
2005-04-06;89,5;162;;jah
2005-04-07;95;166;;jah
2005-04-08;99,8;170;;jah
2005-04-09;104;176;;jah
2005-04-10;111;186;;jah
2005-04-11;118;194;;jah
2005-04-12;122;199;;jah
2005-04-13;125;202;;jah
2005-04-14;127;205;;jah
2005-04-15;129;207;;jah
2005-04-16;130;208;;jah
2005-04-17;131;209;;jah
2005-04-18;131;209;;jah
2005-04-19;129;207;;jah
2005-04-20;126;204;;jah
2005-04-21;123;202;;jah
2005-04-22;120;198;;jah
2005-04-23;116;194;;jah
2005-04-24;112;190;;jah
2005-04-25;108;186;;jah
2005-04-26;105;182;;jah
2005-04-27;102;178;;jah
2005-04-28;99,3;174;;jah
2005-04-29;97,1;171;;jah
2005-04-30;94,7;168;;jah
2005-05-01;92,7;165;;jah
2005-05-02;91,2;163;;jah
2005-05-03;90,2;161;;jah
2005-05-04;90,1;161;;jah
2005-05-05;89,8;161;;jah
2005-05-06;89;159;;jah
2005-05-07;88,9;157;;jah
2005-05-08;88,3;156;;jah
2005-05-09;87,9;155;;jah
2005-05-10;87,6;154;;jah
2005-05-11;87,1;153;;jah
2005-05-12;86,8;152;;jah
2005-05-13;87,1;153;;jah
2005-05-14;89,8;160;;jah
2005-05-15;90,5;161;;jah
2005-05-16;91,2;163;;jah
2005-05-17;91,9;165;;jah
2005-05-18;93,4;169;;jah
2005-05-19;96,3;176;;jah
2005-05-20;97,4;178;;jah
2005-05-21;97,2;178;;jah
2005-05-22;96,5;176;;jah
2005-05-23;96;175;;jah
2005-05-24;95,5;173;;jah
2005-05-25;95,9;175;;jah
2005-05-26;96;175;;jah
2005-05-27;95,1;172;;jah
2005-05-28;94,2;170;;jah
2005-05-29;94,5;171;;jah
2005-05-30;96,2;176;;jah
2005-05-31;97;177;;jah
2005-06-01;97,4;178;;jah
2005-06-02;97,2;178;;jah
2005-06-03;95,1;177;;jah
2005-06-04;91,7;176;;jah
2005-06-05;90,7;175;;jah
2005-06-06;89,3;173;;jah
2005-06-07;88,5;172;;jah
2005-06-08;87,5;170;;jah
2005-06-09;85,4;167;;jah
2005-06-10;82,9;164;;jah
2005-06-11;81,4;162;;jah
2005-06-12;80,9;161;;jah
2005-06-13;80,9;161;;jah
2005-06-14;80,9;161;;jah
2005-06-15;80,3;160;;jah
2005-06-16;78,5;158;;jah
2005-06-17;76,8;155;;jah
2005-06-18;75,7;154;;jah
2005-06-19;74,9;153;;jah
2005-06-20;73,5;151;;jah
2005-06-21;71,2;147;;jah
2005-06-22;69,1;144;;jah
2005-06-23;67,5;141;;jah
2005-06-24;65,6;138;;jah
2005-06-25;64,4;136;;jah
2005-06-26;63,8;135;;jah
2005-06-27;63;133;;jah
2005-06-28;62,2;132;;jah
2005-06-29;61,4;130;;jah
2005-06-30;61,1;130;;jah
2005-07-01;60,3;128;;jah
2005-07-02;59,8;127;;jah
2005-07-03;59;126;;jah
2005-07-04;58,1;124;;jah
2005-07-05;57,3;123;;jah
2005-07-06;56,5;121;;jah
2005-07-07;56,2;121;;jah
2005-07-08;55,3;119;;jah
2005-07-09;54,8;117;;jah
2005-07-10;54,3;116;;jah
2005-07-11;53,8;114;;jah
2005-07-12;52,8;111;;jah
2005-07-13;52,6;111;;jah
2005-07-14;51,9;109;;jah
2005-07-15;51,4;107;;jah
2005-07-16;51;106;;jah
2005-07-17;50,7;105;;jah
2005-07-18;50,7;105;;jah
2005-07-19;50,2;104;;jah
2005-07-20;49,7;102;;jah
2005-07-21;49,3;101;;jah
2005-07-22;49,2;101;;jah
2005-07-23;48,8;100;;jah
2005-07-24;48,4;98;;jah
2005-07-25;48,5;99;;jah
2005-07-26;48;97;;jah
2005-07-27;47,7;96;;jah
2005-07-28;46,7;93;;jah
2005-07-29;46,3;91;;jah
2005-07-30;46,3;91;;jah
2005-07-31;46,2;91;;jah
2005-08-01;46,1;90;;jah
2005-08-02;46,2;91;;jah
2005-08-03;45,7;88;;jah
2005-08-04;45,6;88;;jah
2005-08-05;46,3;92;;jah
2005-08-06;46,7;93;;jah
2005-08-07;47;94;;jah
2005-08-08;47,3;95;;jah
2005-08-09;48,4;99;;jah
2005-08-10;50,4;105;;jah
2005-08-11;48,9;100;;jah
2005-08-12;48,1;97;;jah
2005-08-13;47,3;95;;jah
2005-08-14;47,3;95;;jah
2005-08-15;47,2;95;;jah
2005-08-16;47,1;95;;jah
2005-08-17;47;94;;jah
2005-08-18;46,7;93;;jah
2005-08-19;46,2;91;;jah
2005-08-20;45,8;89;;jah
2005-08-21;45,2;86;;jah
2005-08-22;44,6;84;;jah
2005-08-23;44,4;83;;jah
2005-08-24;44,1;82;;jah
2005-08-25;43,7;80;;jah
2005-08-26;43,5;79;;jah
2005-08-27;43,4;79;;jah
2005-08-28;43,1;78;;jah
2005-08-29;42,8;76;;jah
2005-08-30;42;73;;jah
2005-08-31;41,5;71;;jah
2005-09-01;41,3;70;;jah
2005-09-02;41,1;69;;jah
2005-09-03;40,9;68;;jah
2005-09-04;40,5;67;;jah
2005-09-05;40,2;65;;jah
2005-09-06;40,1;65;;jah
2005-09-07;39,8;64;;jah
2005-09-08;39,5;62;;jah
2005-09-09;39,2;61;;jah
2005-09-10;39,2;61;;jah
2005-09-11;39,1;61;;jah
2005-09-12;39;60;;jah
2005-09-13;38,9;60;;jah
2005-09-14;38,8;59;;jah
2005-09-15;38,6;58;;jah
2005-09-16;38,6;59;;jah
2005-09-17;38,4;58;;jah
2005-09-18;38;56;;jah
2005-09-19;37,6;54;;jah
2005-09-20;37,7;55;;jah
2005-09-21;37,8;55;;jah
2005-09-22;37,6;54;;jah
2005-09-23;37,2;52;;jah
2005-09-24;37,1;52;;jah
2005-09-25;37,1;52;;jah
2005-09-26;36,9;51;;jah
2005-09-27;36,7;50;;jah
2005-09-28;36,7;50;;jah
2005-09-29;36,5;49;;jah
2005-09-30;37,1;50;;jah
2005-10-01;37,9;51;;jah
2005-10-02;38;52;;jah
2005-10-03;38;51;;jah
2005-10-04;38,1;50;;jah
2005-10-05;38,1;48;;jah
2005-10-06;38,2;45;;jah
2005-10-07;38,2;44;;jah
2005-10-08;37,7;43;;jah
2005-10-09;37,4;43;;jah
2005-10-10;37,1;42;;jah
2005-10-11;36,6;41;;jah
2005-10-12;36;40;;jah
2005-10-13;35,9;40;;jah
2005-10-14;35,2;39;;jah
2005-10-15;34,1;37;;jah
2005-10-16;34,2;37;;jah
2005-10-17;34,3;37;;jah
2005-10-18;33,6;36;;jah
2005-10-19;33,1;35;;jah
2005-10-20;32,7;34;;jah
2005-10-21;32,1;32;;jah
2005-10-22;32,2;33;;jah
2005-10-23;32,6;34;;jah
2005-10-24;33;35;;jah
2005-10-25;32,6;33;;jah
2005-10-26;35,8;42;;jah
2005-10-27;40,7;56;;jah
2005-10-28;41,2;55;;jah
2005-10-29;41,2;54;;jah
2005-10-30;41,2;54;;jah
2005-10-31;41,2;52;;jah
2005-11-01;41,2;50;;jah
2005-11-02;41,2;46;;jah
2005-11-03;41,1;43;;jah
2005-11-04;41,1;41;;jah
2005-11-05;41,1;40;;jah
2005-11-06;41,1;39;;jah
2005-11-07;41,1;38;;jah
2005-11-08;41,1;39;;jah
2005-11-09;41,4;42;;jah
2005-11-10;41,4;42;;jah
2005-11-11;41,4;42;;jah
2005-11-12;41,4;42;;jah
2005-11-13;41,3;41;;jah
2005-11-14;41,2;40;;jah
2005-11-15;41,2;39;;jah
2005-11-16;41,8;47;;jah
2005-11-17;42,3;51;;jah
2005-11-18;43,2;54;;jah
2005-11-19;42,1;50;;jah
2005-11-20;42,5;52;;jah
2005-11-21;42,6;52;;jah
2005-11-22;42,4;51;;jah
2005-11-23;40,7;45;;jah
2005-11-24;39,7;42;;jah
2005-11-25;39,5;42;;jah
2005-11-26;39,3;41;;jah
2005-11-27;38,3;38;;jah
2005-11-28;37,4;35;;jah
2005-11-29;37,2;33;;jah
2005-11-30;36,9;36;;jah
2005-12-01;36,7;38;;jah
2005-12-02;36,5;42;;jah
2005-12-03;36,3;52;;jah
2005-12-04;36,1;50;;jah
2005-12-05;35,8;40;;jah
2005-12-06;35,6;40;;jah
2005-12-07;35,4;42;;jah
2005-12-08;35,2;42;;jah
2005-12-09;35;41;;jah
2005-12-10;35;34;;jah
2005-12-11;35;33;;jah
2005-12-12;36;38;;jah
2005-12-13;37;43;;jah
2005-12-14;39;49;;jah
2005-12-15;40,5;53;;jah
2005-12-16;42,5;60;;jah
2005-12-17;44;67;;jah
2005-12-18;45,5;66;;jah
2005-12-19;39;66;;jah
2005-12-20;35;68;;jah
2005-12-21;33,5;57;;jah
2005-12-22;33;52;;jah
2005-12-23;32,5;47;;jah
2005-12-24;32;42;;jah
2005-12-25;31,5;43;;jah
2005-12-26;31;43;;jah
2005-12-27;30,5;42;;jah
2005-12-28;30;37;;jah
2005-12-29;29,5;33;;jah
2005-12-30;29;32;;jah
2005-12-31;33,5;41;;jah
2006-01-01;34;48;;jah
2006-01-02;36,5;52;;jah
2006-01-03;38,5;55;;jah
2006-01-04;39;56;;jah
2006-01-05;40,3;58;;jah
2006-01-06;41,9;60;;jah
2006-01-07;42,8;61;;jah
2006-01-08;43,9;62;;jah
2006-01-09;44,7;63;;jah
2006-01-10;44,8;63;;jah
2006-01-11;45,5;64;;jah
2006-01-12;45,6;64;;jah
2006-01-13;46,3;65;;jah
2006-01-14;46,4;65;;jah
2006-01-15;46,7;66;;jah
2006-01-16;48,9;69;;jah
2006-01-17;50,5;71;;jah
2006-01-18;35;44;;jah
2006-01-19;27,5;28;;jah
2006-01-20;27,4;29;;jah
2006-01-21;27,6;30;;jah
2006-01-22;28;32;;jah
2006-01-23;28,6;34;;jah
2006-01-24;29,4;37;;jah
2006-01-25;30,3;40;;jah
2006-01-26;30,6;40;;jah
2006-01-27;30,9;41;;jah
2006-01-28;31,1;42;;jah
2006-01-29;31,8;44;;jah
2006-01-30;33,6;48;;jah
2006-01-31;34,1;48;;jah
2006-02-01;34,1;48;;jah
2006-02-02;33,5;47;;jah
2006-02-03;33,2;47;;jah
2006-02-04;31,8;43;;jah
2006-02-05;30,5;40;;jah
2006-02-06;29,7;37;;jah
2006-02-07;29,5;37;;jah
2006-02-08;29,2;36;;jah
2006-02-09;29,1;36;;jah
2006-02-10;29,6;37;;jah
2006-02-11;30,8;41;;jah
2006-02-12;31,8;44;;jah
2006-02-13;32;44;;jah
2006-02-14;31,9;44;;jah
2006-02-15;31,3;42;;jah
2006-02-16;31,6;43;;jah
2006-02-17;31,3;42;;jah
2006-02-18;30,1;38;;jah
2006-02-19;30,5;40;;jah
2006-02-20;32,1;45;;jah
2006-02-21;32,9;46;;jah
2006-02-22;32,1;44;;jah
2006-02-23;32,8;46;;jah
2006-02-24;32,8;46;;jah
2006-02-25;33;46;;jah
2006-02-26;32,2;46;;jah
2006-02-27;31,1;45;;jah
2006-02-28;31;44;;jah
2006-03-01;30,9;44;;jah
2006-03-02;30,7;41;;jah
2006-03-03;30,6;42;;jah
2006-03-04;30,5;44;;jah
2006-03-05;30,4;44;;jah
2006-03-06;30,3;44;;jah
2006-03-07;30,1;44;;jah
2006-03-08;30;44;;jah
2006-03-09;29,9;45;;jah
2006-03-10;29,8;45;;jah
2006-03-11;29,8;45;;jah
2006-03-12;30,3;41;;jah
2006-03-13;30,2;42;;jah
2006-03-14;29,6;47;;jah
2006-03-15;29,7;46;;jah
2006-03-16;29,7;46;;jah
2006-03-17;29,7;46;;jah
2006-03-18;30,3;40;;jah
2006-03-19;31,4;31;;jah
2006-03-20;32,1;26;;jah
2006-03-21;32,5;23;;jah
2006-03-22;32,5;21;;jah
2006-03-23;31,2;18;;jah
2006-03-24;30,4;16;;jah
2006-03-25;29;13;;jah
2006-03-26;27,4;10;;jah
2006-03-27;27;9;;jah
2006-03-28;27,4;10;;jah
2006-03-29;30,1;16;;jah
2006-03-30;43,2;46;;jah
2006-03-31;56,1;70;;jah
2006-04-01;67,7;82;;jah
2006-04-02;72,2;86;;jah
2006-04-03;70;83;;jah
2006-04-04;72,3;86;;jah
2006-04-05;76,1;93;;jah
2006-04-06;78,1;96;;jah
2006-04-07;78,7;97;;jah
2006-04-08;79,7;99;;jah
2006-04-09;82,8;106;;jah
2006-04-10;87,3;115;;jah
2006-04-11;91,5;123;;jah
2006-04-12;93,5;126;;jah
2006-04-13;93,6;126;;jah
2006-04-14;94;127;;jah
2006-04-15;93,9;127;;jah
2006-04-16;93;125;;jah
2006-04-17;92,2;123;;jah
2006-04-18;91,3;121;;jah
2006-04-19;89,8;118;;jah
2006-04-20;88,3;115;;jah
2006-04-21;86,7;112;;jah
2006-04-22;84,9;110;;jah
2006-04-23;81,7;106;;jah
2006-04-24;79;102;;jah
2006-04-25;76,9;100;;jah
2006-04-26;75;97;;jah
2006-04-27;72,6;94;;jah
2006-04-28;71,1;92;;jah
2006-04-29;68,4;89;;jah
2006-04-30;66,4;86;;jah
2006-05-01;65,5;85;;jah
2006-05-02;63,7;83;;jah
2006-05-03;61,5;80;;jah
2006-05-04;60,4;78;;jah
2006-05-05;59,1;75;;jah
2006-05-06;58;73;;jah
2006-05-07;57,2;72;;jah
2006-05-08;56,4;70;;jah
2006-05-09;55,4;68;;jah
2006-05-10;54,3;66;;jah
2006-05-11;53,5;65;;jah
2006-05-12;52,7;63;;jah
2006-05-13;52,4;63;;jah
2006-05-14;51,4;61;;jah
2006-05-15;49,7;57;;jah
2006-05-16;48,2;55;;jah
2006-05-17;48,9;56;;jah
2006-05-18;48,7;56;;jah
2006-05-19;49;56;;jah
2006-05-20;49,2;56;;jah
2006-05-21;49,9;58;;jah
2006-05-22;50,4;58;;jah
2006-05-23;50,7;59;;jah
2006-05-24;52,3;61;;jah
2006-05-25;52;61;;jah
2006-05-26;52,3;61;;jah
2006-05-27;51,6;62;;jah
2006-05-28;50,8;58;;jah
2006-05-29;50,1;57;;jah
2006-05-30;49,3;56;;jah
2006-05-31;48,5;56;;jah
2006-06-01;47,8;60;;jah
2006-06-02;47;57;;jah
2006-06-03;46,2;58;;jah
2006-06-04;45,5;58;;jah
2006-06-05;44,7;58;;jah
2006-06-06;43,8;58;;jah
2006-06-07;41;53;;jah
2006-06-08;40,4;52;;jah
2006-06-09;40,7;53;;jah
2006-06-10;39,8;51;;jah
2006-06-11;39,5;51;;jah
2006-06-12;38,1;48;;jah
2006-06-13;37,5;47;;jah
2006-06-14;36,9;46;;jah
2006-06-15;36,8;46;;jah
2006-06-16;36,2;43;;jah
2006-06-17;35,7;41;;jah
2006-06-18;35,6;41;;jah
2006-06-19;35,6;40;;jah
2006-06-20;35,2;38;;jah
2006-06-21;35;37;;jah
2006-06-22;34,8;36;;jah
2006-06-23;34,7;36;;jah
2006-06-24;34,7;36;;jah
2006-06-25;34,9;37;;jah
2006-06-26;34,7;36;;jah
2006-06-27;34,3;34;;jah
2006-06-28;34,1;33;;jah
2006-06-29;33,9;32;;jah
2006-06-30;33,1;31;;jah
2006-07-01;31,9;30;;jah
2006-07-02;31;29;;jah
2006-07-03;30,1;28;;jah
2006-07-04;29,3;27;;jah
2006-07-05;27,7;25;;jah
2006-07-06;27,1;24;;jah
2006-07-07;27;24;;jah
2006-07-08;26,3;23;;jah
2006-07-09;25,9;23;;jah
2006-07-10;25,7;23;;jah
2006-07-11;26,2;22;;jah
2006-07-12;26,1;20;;jah
2006-07-13;26,1;19;;jah
2006-07-14;26;18;;jah
2006-07-15;26;16;;jah
2006-07-16;25,9;13;;jah
2006-07-17;25,7;8;;jah
2006-07-18;25,6;7;;jah
2006-07-19;25,6;7;;jah
2006-07-20;25,6;6;;jah
2006-07-21;25,5;6;;jah
2006-07-22;25,3;5;;jah
2006-07-23;25;4;;jah
2006-07-24;24,8;4;;jah
2006-07-25;25;4;;jah
2006-07-26;24,7;3;;jah
2006-07-27;24,4;2;;jah
2006-07-28;23,5;-1;;jah
2006-07-29;23,3;-1;;jah
2006-07-30;23,2;0;;jah
2006-07-31;23,2;0;;jah
2006-08-01;23,1;-2;;jah
2006-08-02;23;-1;;jah
2006-08-03;22,9;4;;jah
2006-08-04;22,8;2;;jah
2006-08-05;22,7;0;;jah
2006-08-06;22,7;-1;;jah
2006-08-07;22,6;-1;;jah
2006-08-08;22,5;-2;;jah
2006-08-09;22,2;-3;;jah
2006-08-10;21,8;-4;;jah
2006-08-11;21,8;-4;;jah
2006-08-12;22;-3;;jah
2006-08-13;22,2;-3;;jah
2006-08-14;22;-3;;jah
2006-08-15;21,3;-5;;jah
2006-08-16;20,8;-7;;jah
2006-08-17;20,4;-8;;jah
2006-08-18;19,9;-9;;jah
2006-08-19;19,1;-12;;jah
2006-08-20;19,1;-11;;jah
2006-08-21;20,2;-12;;jah
2006-08-22;23,2;-9;;jah
2006-08-23;26;-5;;jah
2006-08-24;26,3;-5;;jah
2006-08-25;24,1;-8;;jah
2006-08-26;22,9;-10;;jah
2006-08-27;21,7;-12;;jah
2006-08-28;21,8;-12;;jah
2006-08-29;20,8;-14;;jah
2006-08-30;19,7;-4;;jah
2006-08-31;19,2;-10;;jah
2006-09-01;18,2;-18;;jah
2006-09-02;18,6;-17;;jah
2006-09-03;19,1;-16;;jah
2006-09-04;21;-13;;jah
2006-09-05;21,2;-13;;jah
2006-09-06;19,9;-15;;jah
2006-09-07;19,1;-16;;jah
2006-09-08;19,4;-16;;jah
2006-09-09;18,8;-17;;jah
2006-09-10;18,8;-17;;jah
2006-09-11;18,8;-17;;jah
2006-09-12;18,4;-18;;jah
2006-09-13;18,3;-18;;jah
2006-09-14;18,3;-18;;jah
2006-09-15;18,1;-12;;jah
2006-09-16;17,8;-19;;jah
2006-09-17;17,8;-19;;jah
2006-09-18;17,8;-19;;jah
2006-09-19;17,8;-19;;jah
2006-09-20;17,3;-20;;jah
2006-09-21;16,8;-21;;jah
2006-09-22;16,6;-21;;jah
2006-09-23;17,2;-20;;jah
2006-09-24;17,3;-20;;jah
2006-09-25;17,3;-20;;jah
2006-09-26;17,7;-19;;jah
2006-09-27;17,5;-19;;jah
2006-09-28;17,3;-20;;jah
2006-09-29;17,3;-20;;jah
2006-09-30;17,3;-20;;jah
2006-10-01;16,8;-21;;jah
2006-10-02;17,7;-19;;jah
2006-10-03;17,6;-19;;jah
2006-10-04;17,9;-18;;jah
2006-10-05;17,9;-19;;jah
2006-10-06;17,5;-19;;jah
2006-10-07;18,2;-18;;jah
2006-10-08;18,8;-17;;jah
2006-10-09;19,2;-16;;jah
2006-10-10;19,3;-18;;jah
2006-10-11;19,3;-16;;jah
2006-10-12;19,4;-17;;jah
2006-10-13;19,4;-17;;jah
2006-10-14;19,4;-21;;jah
2006-10-15;19,5;-15;;jah
2006-10-16;19,5;-20;;jah
2006-10-17;19,6;-21;;jah
2006-10-18;19,6;-15;;jah
2006-10-19;19,7;-13;;jah
2006-10-20;20,1;-8;;jah
2006-10-21;21,4;-7;;jah
2006-10-22;19,6;-9;;jah
2006-10-23;20;-8;;jah
2006-10-24;21,9;-6;;jah
2006-10-25;24,1;-4;;jah
2006-10-26;22,7;-6;;jah
2006-10-27;21;-8;;jah
2006-10-28;20,5;-8;;jah
2006-10-29;21,8;-6;;jah
2006-10-30;24,3;-3;;jah
2006-10-31;24,9;-2;;jah
2006-11-01;26,2;2;;jah
2006-11-02;27,7;5;;jah
2006-11-03;28,8;9;;jah
2006-11-04;30,2;12;;jah
2006-11-05;29,4;10;;jah
2006-11-06;26,7;1;;jah
2006-11-07;29,3;11;;jah
2006-11-08;29,8;11;;jah
2006-11-09;31;14;;jah
2006-11-10;30,1;11;;jah
2006-11-11;28,7;8;;jah
2006-11-12;28,8;8;;jah
2006-11-13;28,6;8;;jah
2006-11-14;27,6;4;;jah
2006-11-15;26,8;2;;jah
2006-11-16;28,8;9;;jah
2006-11-17;30,4;13;;jah
2006-11-18;31,3;16;;jah
2006-11-19;32;18;;jah
2006-11-20;32,8;20;;jah
2006-11-21;34;24;;jah
2006-11-22;35,2;28;;jah
2006-11-23;35,6;30;;jah
2006-11-24;35,8;33;;jah
2006-11-25;36,1;32;;jah
2006-11-26;36,3;33;;jah
2006-11-27;36,6;33;;jah
2006-11-28;36,8;31;;jah
2006-11-29;37,1;30;;jah
2006-11-30;37,3;27;;jah
2006-12-01;37,2;25;;jah
2006-12-02;36,1;23;;jah
2006-12-03;36,3;24;;jah
2006-12-04;37,4;25;;jah
2006-12-05;37,5;25;;jah
2006-12-06;37,2;25;;jah
2006-12-07;38,5;27;;jah
2006-12-08;43,2;33;;jah
2006-12-09;46;37;;jah
2006-12-10;45,9;36;;jah
2006-12-11;45;35;;jah
2006-12-12;44,9;35;;jah
2006-12-13;46;38;;jah
2006-12-14;46,2;38;;jah
2006-12-15;45,8;37;;jah
2006-12-16;48,1;44;;jah
2006-12-17;50,9;52;;jah
2006-12-18;52,3;55;;jah
2006-12-19;52,4;55;;jah
2006-12-20;52,1;54;;jah
2006-12-21;50,5;51;;jah
2006-12-22;49,4;51;;jah
2006-12-23;47,7;49;;jah
2006-12-24;45,5;51;;jah
2006-12-25;43,5;54;;jah
2006-12-26;41,2;43;;jah
2006-12-27;39;46;;jah
2006-12-28;38;43;;jah
2006-12-29;37,4;42;;jah
2006-12-30;41,9;49;;jah
2006-12-31;44,2;51;;jah
2007-01-01;51,6;54;;jah
2007-01-02;51,9;55;;jah
2007-01-03;54,4;60;;jah
2007-01-04;58,2;68;;jah
2007-01-05;61,1;73;;jah
2007-01-06;62,1;75;;jah
2007-01-07;62,1;74;;jah
2007-01-08;63,4;78;;jah
2007-01-09;64,4;79;;jah
2007-01-10;65,2;81;;jah
2007-01-11;67,6;85;;jah
2007-01-12;76;102;;jah
2007-01-13;77,3;103;;jah
2007-01-14;78,1;105;;jah
2007-01-15;80,1;109;;jah
2007-01-16;84,3;117;;jah
2007-01-17;87;121;;jah
2007-01-18;88,4;123;;jah
2007-01-19;90,8;127;;jah
2007-01-20;93,7;132;;jah
2007-01-21;92,5;133;;jah
2007-01-22;85;125;;jah
2007-01-23;80;119;;jah
2007-01-24;75;147;;jah
2007-01-25;71,5;135;;jah
2007-01-26;69,5;131;;jah
2007-01-27;68;130;;jah
2007-01-28;66,5;129;;jah
2007-01-29;65,5;126;;jah
2007-01-30;64,5;124;;jah
2007-01-31;63,1;122;;jah
2007-02-01;61,6;120;;jah
2007-02-02;60,2;117;;jah
2007-02-03;58,8;116;;jah
2007-02-04;57,3;114;;jah
2007-02-05;56,3;115;;jah
2007-02-06;56,2;115;;jah
2007-02-07;55,5;113;;jah
2007-02-08;54,8;111;;jah
2007-02-09;53,4;106;;jah
2007-02-10;52,5;104;;jah
2007-02-11;51,4;101;;jah
2007-02-12;49,8;96;;jah
2007-02-13;49;94;;jah
2007-02-14;48,8;93;;jah
2007-02-15;49,2;95;;jah
2007-02-16;49;94;;jah
2007-02-17;49,7;96;;jah
2007-02-18;49,7;96;;jah
2007-02-19;49,2;94;;jah
2007-02-20;49,4;95;;jah
2007-02-21;49,2;94;;jah
2007-02-22;49,1;94;;jah
2007-02-23;48,8;93;;jah
2007-02-24;48,5;92;;jah
2007-02-25;47,9;90;;jah
2007-02-26;47;87;;jah
2007-02-27;47,4;91;;jah
2007-02-28;47,7;92;;jah
2007-03-01;47,8;93;;jah
2007-03-02;48;94;;jah
2007-03-03;48,6;97;;jah
2007-03-04;49,3;102;;jah
2007-03-05;49,7;104;;jah
2007-03-06;50,5;106;;jah
2007-03-07;53,4;108;;jah
2007-03-08;59,2;113;;jah
2007-03-09;66,8;120;;jah
2007-03-10;71,3;123;;jah
2007-03-11;75,4;127;;jah
2007-03-12;82,9;133;;jah
2007-03-13;89,5;138;;jah
2007-03-14;94,2;142;;jah
2007-03-15;94,6;143;;jah
2007-03-16;96;144;;jah
2007-03-17;97,5;144;;jah
2007-03-18;99,5;145;;jah
2007-03-19;100;149;;jah
2007-03-20;103;151;;jah
2007-03-21;104;153;;jah
2007-03-22;105;154;;jah
2007-03-23;105;154;;jah
2007-03-24;105;154;;jah
2007-03-25;104;154;;jah
2007-03-26;102;153;;jah
2007-03-27;100;152;;jah
2007-03-28;98;151;;jah
2007-03-29;95,5;148;;jah
2007-03-30;92,5;144;;jah
2007-03-31;91;142;;jah
2007-04-01;88;137;;jah
2007-04-02;86;135;;jah
2007-04-03;83,5;131;;jah
2007-04-04;81,6;130;;jah
2007-04-05;80;125;;jah
2007-04-06;78;124;;jah
2007-04-07;76,5;121;;jah
2007-04-08;75;120;;jah
2007-04-09;74,4;120;;jah
2007-04-10;73;119;;jah
2007-04-11;72,3;116;;jah
2007-04-12;71,5;114;;jah
2007-04-13;70,8;113;;jah
2007-04-14;70,1;112;;jah
2007-04-15;69,5;111;;jah
2007-04-16;68,8;110;;jah
2007-04-17;68,3;109;;jah
2007-04-18;67,7;105;;jah
2007-04-19;67,3;105;;jah
2007-04-20;66,8;105;;jah
2007-04-21;66,4;107;;jah
2007-04-22;66;106;;jah
2007-04-23;65,7;105;;jah
2007-04-24;65,3;108;;jah
2007-04-25;65;109;;jah
2007-04-26;64,7;109;;jah
2007-04-27;64,4;107;;jah
2007-04-28;64,2;108;;jah
2007-04-29;64;108;;jah
2007-04-30;63,7;109;;jah
2007-05-01;63,5;106;;jah
2007-05-02;63,4;102;;jah
2007-05-03;63,2;103;;jah
2007-05-04;63,1;104;;jah
2007-05-05;63;106;;jah
2007-05-06;62,9;106;;jah
2007-05-07;62,5;106;;jah
2007-05-08;62,5;104;;jah
2007-05-09;62,7;104;;jah
2007-05-10;62,8;104;;jah
2007-05-11;62,9;106;;jah
2007-05-12;63;107;;jah
2007-05-13;63,1;107;;jah
2007-05-14;63,2;106;;jah
2007-05-15;63,4;107;;jah
2007-05-16;62,5;110;;jah
2007-05-17;62,9;113;;jah
2007-05-18;63,5;113;;jah
2007-05-19;63,1;113;;jah
2007-05-20;61;110;;jah
2007-05-21;58,7;107;;jah
2007-05-22;56,9;104;;jah
2007-05-23;54,5;100;;jah
2007-05-24;51,7;96;;jah
2007-05-25;51,4;96;;jah
2007-05-26;51,9;97;;jah
2007-05-27;53,5;99;;jah
2007-05-28;53,3;99;;jah
2007-05-29;53;98;;jah
2007-05-30;54,1;100;;jah
2007-05-31;57,7;106;;jah
2007-06-01;61,9;112;;jah
2007-06-02;62,1;111;;jah
2007-06-03;60,1;109;;jah
2007-06-04;57,6;105;;jah
2007-06-05;55,8;103;;jah
2007-06-06;55,3;102;;jah
2007-06-07;51,4;95;;jah
2007-06-08;49,4;92;;jah
2007-06-09;48,4;90;;jah
2007-06-10;47,9;89;;jah
2007-06-11;46,7;86;;jah
2007-06-12;45;83;;jah
2007-06-13;44,3;81;;jah
2007-06-14;43,3;79;;jah
2007-06-15;42,4;77;;jah
2007-06-16;41,8;75;;jah
2007-06-17;41,9;76;;jah
2007-06-18;40,9;73;;jah
2007-06-19;40,6;72;;jah
2007-06-20;40,5;72;;jah
2007-06-21;40,1;70;;jah
2007-06-22;39,9;70;;jah
2007-06-23;39,3;68;;jah
2007-06-24;38,7;66;;jah
2007-06-25;38;63;;jah
2007-06-26;37,1;60;;jah
2007-06-27;38,1;64;;jah
2007-06-28;38,1;64;;jah
2007-06-29;38,4;65;;jah
2007-06-30;38,1;64;;jah
2007-07-01;37,9;63;;jah
2007-07-02;37,8;63;;jah
2007-07-03;37,2;61;;jah
2007-07-04;36,8;59;;jah
2007-07-05;36,7;59;;jah
2007-07-06;37,3;61;;jah
2007-07-07;37,5;62;;jah
2007-07-08;38;64;;jah
2007-07-09;37,4;61;;jah
2007-07-10;35,9;56;;jah
2007-07-11;36;57;;jah
2007-07-12;35,4;54;;jah
2007-07-13;35,3;54;;jah
2007-07-14;35;53;;jah
2007-07-15;34,4;50;;jah
2007-07-16;34,3;50;;jah
2007-07-17;34,6;51;;jah
2007-07-18;34,2;49;;jah
2007-07-19;33,2;45;;jah
2007-07-20;32,7;43;;jah
2007-07-21;32,7;43;;jah
2007-07-22;32,7;43;;jah
2007-07-23;32,7;43;;jah
2007-07-24;32,7;43;;jah
2007-07-25;32,7;43;;jah
2007-07-26;32,6;43;;jah
2007-07-27;31,6;38;;jah
2007-07-28;31,5;38;;jah
2007-07-29;31,7;39;;jah
2007-07-30;31,9;40;;jah
2007-07-31;32,1;41;;jah
2007-08-01;32,4;42;;jah
2007-08-02;32,4;42;;jah
2007-08-03;32;40;;jah
2007-08-04;31,6;39;;jah
2007-08-05;31,3;37;;jah
2007-08-06;31;36;;jah
2007-08-07;30,8;35;;jah
2007-08-08;30,6;34;;jah
2007-08-09;30,7;35;;jah
2007-08-10;30,6;34;;jah
2007-08-11;30,5;34;;jah
2007-08-12;30,3;33;;jah
2007-08-13;29,9;31;;jah
2007-08-14;29,3;29;;jah
2007-08-15;29;28;;jah
2007-08-16;28,5;26;;jah
2007-08-17;28,1;24;;jah
2007-08-18;27,9;23;;jah
2007-08-19;27,9;23;;jah
2007-08-20;27,9;23;;jah
2007-08-21;28,1;24;;jah
2007-08-22;27,9;23;;jah
2007-08-23;27,9;23;;jah
2007-08-24;27,6;22;;jah
2007-08-25;27,2;20;;jah
2007-08-26;26,9;19;;jah
2007-08-27;26,6;18;;jah
2007-08-28;26,3;17;;jah
2007-08-29;26,1;16;;jah
2007-08-30;25,7;14;;jah
2007-08-31;25,7;14;;jah
2007-09-01;25,4;13;;jah
2007-09-02;24,6;9;;jah
2007-09-03;24,3;8;;jah
2007-09-04;25,6;14;;jah
2007-09-05;25,5;13;;jah
2007-09-06;25,5;13;;jah
2007-09-07;25,3;12;;jah
2007-09-08;25,2;12;;jah
2007-09-09;25,2;12;;jah
2007-09-10;25;11;;jah
2007-09-11;24,7;11;;jah
2007-09-12;24,5;11;;jah
2007-09-13;24,8;12;;jah
2007-09-14;25,1;10;;jah
2007-09-15;25,3;9;;jah
2007-09-16;25,6;8;;jah
2007-09-17;25,9;7;;jah
2007-09-18;26,1;6;;jah
2007-09-19;26,4;9;;jah
2007-09-20;26,7;7;;jah
2007-09-21;26,9;7;;jah
2007-09-22;26,9;9;;jah
2007-09-23;26,9;12;;jah
2007-09-24;26,8;11;;jah
2007-09-25;26,8;11;;jah
2007-09-26;26,8;11;;jah
2007-09-27;26,8;9;;jah
2007-09-28;26,8;8;;jah
2007-09-29;26,7;8;;jah
2007-09-30;26,7;7;;jah
2007-10-01;26,8;5;;jah
2007-10-02;28,7;5;;jah
2007-10-03;30,6;9;;jah
2007-10-04;31,6;11;;jah
2007-10-05;32,3;12;;jah
2007-10-06;32,4;12;;jah
2007-10-07;32,2;12;;jah
2007-10-08;31,7;11;;jah
2007-10-09;31;9;;jah
2007-10-10;28,8;4;;jah
2007-10-11;28,9;5;;jah
2007-10-12;35,1;20;;jah
2007-10-13;42,2;32;;jah
2007-10-14;36,3;20;;jah
2007-10-15;36,8;22;;jah
2007-10-16;40,5;30;;jah
2007-10-17;42,7;34;;jah
2007-10-18;46,7;42;;jah
2007-10-19;50,2;49;;jah
2007-10-20;51,1;50;;jah
2007-10-21;50,6;49;;jah
2007-10-22;46,7;41;;jah
2007-10-23;44,3;36;;jah
2007-10-24;42,5;33;;jah
2007-10-25;41,9;32;;jah
2007-10-26;40,5;29;;jah
2007-10-27;39,4;27;;jah
2007-10-28;38,2;24;;jah
2007-10-29;37,7;23;;jah
2007-10-30;37,2;22;;jah
2007-10-31;37,2;22;;jah
2007-11-01;36,5;21;;jah
2007-11-02;37,1;22;;jah
2007-11-03;37,9;24;;jah
2007-11-04;39,2;27;;jah
2007-11-05;38,5;25;;jah
2007-11-06;37,9;24;;jah
2007-11-07;37,7;23;;jah
2007-11-08;37,7;23;;jah
2007-11-09;37,9;24;;jah
2007-11-10;38,6;25;;jah
2007-11-11;40,2;29;;jah
2007-11-12;41,8;32;;jah
2007-11-13;45,3;39;;jah
2007-11-14;43,7;35;;jah
2007-11-15;41,1;30;;jah
2007-11-16;40,2;28;;jah
2007-11-17;40,1;28;;jah
2007-11-18;39,7;27;;jah
2007-11-19;39,6;27;;jah
2007-11-20;40,5;29;;jah
2007-11-21;42;32;;jah
2007-11-22;42,9;34;;jah
2007-11-23;41,4;30;;jah
2007-11-24;40,9;30;;jah
2007-11-25;42;32;;jah
2007-11-26;44,4;37;;jah
2007-11-27;44,6;37;;jah
2007-11-28;44,1;36;;jah
2007-11-29;43,7;35;;jah
2007-11-30;45,4;39;;jah
2007-12-01;47,7;44;;jah
2007-12-02;52,3;53;;jah
2007-12-03;54,1;56;;jah
2007-12-04;55,8;59;;jah
2007-12-05;56,4;60;;jah
2007-12-06;59,7;67;;jah
2007-12-07;62,7;73;;jah
2007-12-08;65,2;77;;jah
2007-12-09;67,1;81;;jah
2007-12-10;67,4;81;;jah
2007-12-11;67;80;;jah
2007-12-12;66,6;79;;jah
2007-12-13;66,5;79;;jah
2007-12-14;66,2;79;;jah
2007-12-15;64,5;75;;jah
2007-12-16;64,1;75;;jah
2007-12-17;61,9;70;;jah
2007-12-18;60,5;66;;jah
2007-12-19;59,5;62;;jah
2007-12-20;59,4;60;;jah
2007-12-21;59,4;60;;jah
2007-12-22;59;60;;jah
2007-12-23;58,7;59;;jah
2007-12-24;58,3;58;;jah
2007-12-25;57,7;58;;jah
2007-12-26;57;57;;jah
2007-12-27;56,3;56;;jah
2007-12-28;55,5;53;;jah
2007-12-29;55;53;;jah
2007-12-30;55,1;53;;jah
2007-12-31;55,2;54;;jah
2008-01-01;55;55;;jah
2008-01-02;55;55;;jah
2008-01-03;52,5;55;;jah
2008-01-04;49;72;;jah
2008-01-05;45;62;;jah
2008-01-06;40;55;;jah
2008-01-07;37;52;;jah
2008-01-08;33,5;48;;jah
2008-01-09;30;44;;jah
2008-01-10;28,9;42;;jah
2008-01-11;29,2;43;;jah
2008-01-12;35,8;54;;jah
2008-01-13;37,4;55;;jah
2008-01-14;40,2;60;;jah
2008-01-15;43;64;;jah
2008-01-16;44,4;66;;jah
2008-01-17;46,3;69;;jah
2008-01-18;47,8;71;;jah
2008-01-19;49,8;74;;jah
2008-01-20;56,4;85;;jah
2008-01-21;62,1;93;;jah
2008-01-22;65;97;;jah
2008-01-23;65,6;97;;jah
2008-01-24;66,4;99;;jah
2008-01-25;67;99;;jah
2008-01-26;69,8;101;;jah
2008-01-27;71,9;102;;jah
2008-01-28;81,6;109;;jah
2008-01-29;80,6;107;;jah
2008-01-30;84,3;110;;jah
2008-01-31;84,2;110;;jah
2008-02-01;80,6;105;;jah
2008-02-02;72;93;;jah
2008-02-03;70,3;91;;jah
2008-02-04;70,3;92;;jah
2008-02-05;71,4;93;;jah
2008-02-06;71,5;93;;jah
2008-02-07;71,8;94;;jah
2008-02-08;72,6;95;;jah
2008-02-09;74;97;;jah
2008-02-10;74,8;98;;jah
2008-02-11;75,9;99;;jah
2008-02-12;76,7;100;;jah
2008-02-13;77;110;;jah
2008-02-14;77,2;111;;jah
2008-02-15;77,5;112;;jah
2008-02-16;77,8;107;;jah
2008-02-17;78;101;;jah
2008-02-18;78,3;109;;jah
2008-02-19;78,5;116;;jah
2008-02-20;78,8;116;;jah
2008-02-21;78,1;112;;jah
2008-02-22;74,8;109;;jah
2008-02-23;74,4;109;;jah
2008-02-24;77,4;112;;jah
2008-02-25;81,6;116;;jah
2008-02-26;86,5;121;;jah
2008-02-27;91,1;126;;jah
2008-02-28;96,5;131;;jah
2008-02-29;99,4;134;;jah
2008-03-01;103;137;;jah
2008-03-02;108;141;;jah
2008-03-03;110;143;;jah
2008-03-04;111;143;;jah
2008-03-05;110;142;;jah
2008-03-06;109;142;;jah
2008-03-07;110;142;;jah
2008-03-08;112;141;;jah
2008-03-09;112;141;;jah
2008-03-10;111;142;;jah
2008-03-11;109;143;;jah
2008-03-12;107;144;;jah
2008-03-13;105;145;;jah
2008-03-14;104;145;;jah
2008-03-15;103;146;;jah
2008-03-16;101;147;;jah
2008-03-17;100;148;;jah
2008-03-18;101;149;;jah
2008-03-19;102;150;;jah
2008-03-20;102;150;;jah
2008-03-21;101;149;;jah
2008-03-22;101;149;;jah
2008-03-23;100;148;;jah
2008-03-24;98,2;145;;jah
2008-03-25;97;143;;jah
2008-03-26;96,1;142;;jah
2008-03-27;91,5;135;;jah
2008-03-28;91;135;;jah
2008-03-29;91;135;;jah
2008-03-30;91,8;137;;jah
2008-03-31;93,2;139;;jah
2008-04-01;96,4;145;;jah
2008-04-02;101;154;;jah
2008-04-03;103;156;;jah
2008-04-04;104;159;;jah
2008-04-05;105;160;;jah
2008-04-06;106;161;;jah
2008-04-07;107;162;;jah
2008-04-08;108;164;;jah
2008-04-09;110;167;;jah
2008-04-10;111;168;;jah
2008-04-11;117;177;;jah
2008-04-12;119;179;;jah
2008-04-13;121;181;;jah
2008-04-14;122;183;;jah
2008-04-15;123;185;;jah
2008-04-16;122;188;;jah
2008-04-17;122;189;;jah
2008-04-18;121;190;;jah
2008-04-19;121;190;;jah
2008-04-20;120;188;;jah
2008-04-21;120;187;;jah
2008-04-22;117;185;;jah
2008-04-23;115;183;;jah
2008-04-24;113;181;;jah
2008-04-25;110;178;;jah
2008-04-26;107;175;;jah
2008-04-27;104;173;;jah
2008-04-28;102;171;;jah
2008-04-29;97,7;166;;jah
2008-04-30;94;163;;jah
2008-05-01;91;160;;jah
2008-05-02;88,8;158;;jah
2008-05-03;86;155;;jah
2008-05-04;84,3;153;;jah
2008-05-05;83,8;153;;jah
2008-05-06;81,4;150;;jah
2008-05-07;78,4;147;;jah
2008-05-08;77,9;147;;jah
2008-05-09;76,7;145;;jah
2008-05-10;75,1;143;;jah
2008-05-11;74,7;143;;jah
2008-05-12;73,6;141;;jah
2008-05-13;73,1;141;;jah
2008-05-14;71,6;139;;jah
2008-05-15;70,1;137;;jah
2008-05-16;68,5;135;;jah
2008-05-17;68;134;;jah
2008-05-18;68;134;;jah
2008-05-19;67,3;133;;jah
2008-05-20;66,9;133;;jah
2008-05-21;66,4;132;;jah
2008-05-22;65,7;131;;jah
2008-05-23;65,9;132;;jah
2008-05-24;65,5;131;;jah
2008-05-25;64,3;127;;jah
2008-05-26;63,1;124;;jah
2008-05-27;62,5;122;;jah
2008-05-28;61,8;120;;jah
2008-05-29;60,6;117;;jah
2008-05-30;60;115;;jah
2008-05-31;59,8;114;;jah
2008-06-01;59,7;114;;jah
2008-06-02;59,4;113;;jah
2008-06-03;58,9;111;;jah
2008-06-04;58,5;109;;jah
2008-06-05;57,7;106;;jah
2008-06-06;57,2;104;;jah
2008-06-07;56,9;103;;jah
2008-06-08;56,2;100;;jah
2008-06-09;55,5;97;;jah
2008-06-10;54,9;95;;jah
2008-06-11;54,5;93;;jah
2008-06-12;54,5;94;;jah
2008-06-13;54,4;95;;jah
2008-06-14;54,4;95;;jah
2008-06-15;54,4;92;;jah
2008-06-16;54,4;92;;jah
2008-06-17;54,3;94;;jah
2008-06-18;54,3;94;;jah
2008-06-19;54,3;95;;jah
2008-06-20;54,3;96;;jah
2008-06-21;54,2;96;;jah
2008-06-22;54,2;97;;jah
2008-06-23;54,2;97;;jah
2008-06-24;54,1;97;;jah
2008-06-25;54,1;97;;jah
2008-06-26;54,2;96;;jah
2008-06-27;54,2;98;;jah
2008-06-28;54,3;99;;jah
2008-06-29;54,3;98;;jah
2008-06-30;54,4;97;;jah
2008-07-01;54,4;96;;jah
2008-07-02;54,5;94;;jah
2008-07-03;54,5;93;;jah
2008-07-04;54;92;;jah
2008-07-05;54,6;94;;jah
2008-07-06;54,5;93;;jah
2008-07-07;54;92;;jah
2008-07-08;54,5;93;;jah
2008-07-09;54;92;;jah
2008-07-10;53,2;90;;jah
2008-07-11;52,2;87;;jah
2008-07-12;52;87;;jah
2008-07-13;51,8;86;;jah
2008-07-14;51,3;85;;jah
2008-07-15;51;84;;jah
2008-07-16;51;84;;jah
2008-07-17;51,2;85;;jah
2008-07-18;50,9;84;;jah
2008-07-19;51,2;85;;jah
2008-07-20;50,9;84;;jah
2008-07-21;50,7;83;;jah
2008-07-22;50,3;82;;jah
2008-07-23;48,7;78;;jah
2008-07-24;48;77;;jah
2008-07-25;46,6;74;;jah
2008-07-26;46,2;73;;jah
2008-07-27;46,6;74;;jah
2008-07-28;45,4;71;;jah
2008-07-29;44,4;70;;jah
2008-07-30;43,1;67;;jah
2008-07-31;42,6;66;;jah
2008-08-01;42;65;;jah
2008-08-02;41,5;64;;jah
2008-08-03;42,6;67;;jah
2008-08-04;43,3;67;;jah
2008-08-05;52,2;85;;jah
2008-08-06;57,4;93;;jah
2008-08-07;56,9;91;;jah
2008-08-08;57,9;93;;jah
2008-08-09;58;93;;jah
2008-08-10;58;93;;jah
2008-08-11;58;93;;jah
2008-08-12;57,5;92;;jah
2008-08-13;57,7;93;;jah
2008-08-14;58,1;93;;jah
2008-08-15;58,1;93;;jah
2008-08-16;58,1;93;;jah
2008-08-17;58,1;93;;jah
2008-08-18;58,1;93;;jah
2008-08-19;57,8;93;;jah
2008-08-20;56,1;90;;jah
2008-08-21;53,4;86;;jah
2008-08-22;51,6;83;;jah
2008-08-23;52,4;85;;jah
2008-08-24;52,6;85;;jah
2008-08-25;52,9;86;;jah
2008-08-26;58,4;97;;jah
2008-08-27;61,6;101;;jah
2008-08-28;68,4;114;;jah
2008-08-29;74,2;125;;jah
2008-08-30;75,5;129;;jah
2008-08-31;76;130;;jah
2008-09-01;76,6;127;;jah
2008-09-02;77,2;125;;jah
2008-09-03;77,8;125;;jah
2008-09-04;78,4;126;;jah
2008-09-05;78,9;126;;jah
2008-09-06;79,5;126;;jah
2008-09-07;80,1;126;;jah
2008-09-08;80,6;125;;jah
2008-09-09;79,1;128;;jah
2008-09-10;84,3;137;;jah
2008-09-11;89,2;144;;jah
2008-09-12;90,9;146;;jah
2008-09-13;91,7;147;;jah
2008-09-14;89,1;143;;jah
2008-09-15;87,1;140;;jah
2008-09-16;84,6;137;;jah
2008-09-17;83,1;135;;jah
2008-09-18;82,1;133;;jah
2008-09-19;81,8;133;;jah
2008-09-20;80,6;131;;jah
2008-09-21;79,3;129;;jah
2008-09-22;77,3;125;;jah
2008-09-23;74,5;121;;jah
2008-09-24;71,1;115;;jah
2008-09-25;68,6;111;;jah
2008-09-26;66,7;108;;jah
2008-09-27;64,6;105;;jah
2008-09-28;63,3;103;;jah
2008-09-29;62,3;101;;jah
2008-09-30;62,3;101;;jah
2008-10-01;62,5;101;;jah
2008-10-02;62,5;101;;jah
2008-10-03;62,6;101;;jah
2008-10-04;61,9;99;;jah
2008-10-05;61,3;97;;jah
2008-10-06;61,1;97;;jah
2008-10-07;61,3;97;;jah
2008-10-08;61,2;97;;jah
2008-10-09;60,7;95;;jah
2008-10-10;61,1;95;;jah
2008-10-11;61,6;96;;jah
2008-10-12;62;95;;jah
2008-10-13;62,4;94;;jah
2008-10-14;62,9;91;;jah
2008-10-15;63,3;89;;jah
2008-10-16;63,8;91;;jah
2008-10-17;64,2;91;;jah
2008-10-18;64,7;93;;jah
2008-10-19;65,1;96;;jah
2008-10-20;65,6;98;;jah
2008-10-21;66;100;;jah
2008-10-22;66,4;99;;jah
2008-10-23;65,9;98;;jah
2008-10-24;66,3;99;;jah
2008-10-25;66,1;99;;jah
2008-10-26;65,3;97;;jah
2008-10-27;65,8;98;;jah
2008-10-28;69,1;104;;jah
2008-10-29;72,4;110;;jah
2008-10-30;79,3;122;;jah
2008-10-31;87,6;136;;jah
2008-11-01;91,5;142;;jah
2008-11-02;95,4;149;;jah
2008-11-03;96,9;151;;jah
2008-11-04;96,8;152;;jah
2008-11-05;96,6;153;;jah
2008-11-06;96,4;154;;jah
2008-11-07;96,1;154;;jah
2008-11-08;95,9;153;;jah
2008-11-09;95,6;153;;jah
2008-11-10;95,4;153;;jah
2008-11-11;95,1;151;;jah
2008-11-12;94,7;146;;jah
2008-11-13;94,1;143;;jah
2008-11-14;93,1;139;;jah
2008-11-15;92,1;135;;jah
2008-11-16;92,6;137;;jah
2008-11-17;92,9;138;;jah
2008-11-18;92,8;138;;jah
2008-11-19;92,4;136;;jah
2008-11-20;92,4;136;;jah
2008-11-21;92,4;136;;jah
2008-11-22;92,4;136;;jah
2008-11-23;92,6;137;;jah
2008-11-24;91,9;135;;jah
2008-11-25;91,3;133;;jah
2008-11-26;91,1;133;;jah
2008-11-27;90,9;132;;jah
2008-11-28;93,3;139;;jah
2008-11-29;100;158;;jah
2008-11-30;105;171;;jah
2008-12-01;108;178;;jah
2008-12-02;113;183;;jah
2008-12-03;118;188;;jah
2008-12-04;123;194;;jah
2008-12-05;130;200;;jah
2008-12-06;138;210;;jah
2008-12-07;143;214;;jah
2008-12-08;148;220;;jah
2008-12-09;152;224;;jah
2008-12-10;153;224;;jah
2008-12-11;151;222;;jah
2008-12-12;149;221;;jah
2008-12-13;147;221;;jah
2008-12-14;145;220;;jah
2008-12-15;143;223;;jah
2008-12-16;142;225;;jah
2008-12-17;140;234;;jah
2008-12-18;138;238;;jah
2008-12-19;136;244;;jah
2008-12-20;134;241;;jah
2008-12-21;132;236;;jah
2008-12-22;130;229;;jah
2008-12-23;129;225;;jah
2008-12-24;128;218;;jah
2008-12-25;127;211;;jah
2008-12-26;125;205;;jah
2008-12-27;124;200;;jah
2008-12-28;123;195;;jah
2008-12-29;123;192;;jah
2008-12-30;122;193;;jah
2008-12-31;118;191;;jah
2009-01-01;112;185;;jah
2009-01-02;105;181;;jah
2009-01-03;92,5;187;;jah
2009-01-04;85;184;;jah
2009-01-05;77,5;181;;jah
2009-01-06;73;176;;jah
2009-01-07;71,5;174;;jah
2009-01-08;70;174;;jah
2009-01-09;72,6;177;;jah
2009-01-10;72,3;177;;jah
2009-01-11;72;176;;jah
2009-01-12;78,6;180;;jah
2009-01-13;86,2;184;;jah
2009-01-14;90,7;186;;jah
2009-01-15;99,5;190;;jah
2009-01-16;102;194;;jah
2009-01-17;104;194;;jah
2009-01-18;104;193;;jah
2009-01-19;105;192;;jah
2009-01-20;104;191;;jah
2009-01-21;102;189;;jah
2009-01-22;100;187;;jah
2009-01-23;99,9;184;;jah
2009-01-24;99,9;183;;jah
2009-01-25;99,8;180;;jah
2009-01-26;99,7;178;;jah
2009-01-27;99,6;178;;jah
2009-01-28;99,6;182;;jah
2009-01-29;99,2;183;;jah
2009-01-30;97,8;181;;jah
2009-01-31;94,8;176;;jah
2009-02-01;82,4;158;;jah
2009-02-02;70,7;142;;jah
2009-02-03;67,2;138;;jah
2009-02-04;69,1;141;;jah
2009-02-05;70;142;;jah
2009-02-06;73,2;146;;jah
2009-02-07;76;149;;jah
2009-02-08;80,1;154;;jah
2009-02-09;84,6;159;;jah
2009-02-10;88,8;164;;jah
2009-02-11;88,4;163;;jah
2009-02-12;87,9;163;;jah
2009-02-13;87,1;162;;jah
2009-02-14;87,1;162;;jah
2009-02-15;85,9;160;;jah
2009-02-16;84,1;158;;jah
2009-02-17;81,1;154;;jah
2009-02-18;80,6;154;;jah
2009-02-19;80,1;153;;jah
2009-02-20;80,1;153;;jah
2009-02-21;80,1;153;;jah
2009-02-22;79,8;152;;jah
2009-02-23;79,5;151;;jah
2009-02-24;79,5;151;;jah
2009-02-25;79,6;152;;jah
2009-02-26;80;153;;jah
2009-02-27;77,3;143;;jah
2009-02-28;74,6;134;;jah
2009-03-01;72,9;129;;jah
2009-03-02;72,2;127;;jah
2009-03-03;71,7;125;;jah
2009-03-04;71,6;123;;jah
2009-03-05;71,5;123;;jah
2009-03-06;71,3;119;;jah
2009-03-07;71;114;;jah
2009-03-08;70,8;112;;jah
2009-03-09;70,8;111;;jah
2009-03-10;70,7;111;;jah
2009-03-11;70,6;109;;jah
2009-03-12;70,5;107;;jah
2009-03-13;70,3;106;;jah
2009-03-14;70,1;105;;jah
2009-03-15;69,8;104;;jah
2009-03-16;69,6;104;;jah
2009-03-17;69,4;104;;jah
2009-03-18;69,2;105;;jah
2009-03-19;69;105;;jah
2009-03-20;68,8;105;;jah
2009-03-21;68,5;104;;jah
2009-03-22;68,3;105;;jah
2009-03-23;68,1;105;;jah
2009-03-24;68,1;105;;jah
2009-03-25;68,1;105;;jah
2009-03-26;67,5;104;;jah
2009-03-27;67,4;104;;jah
2009-03-28;67,4;104;;jah
2009-03-29;67,1;104;;jah
2009-03-30;69;107;;jah
2009-03-31;72,7;117;;jah
2009-04-01;93,1;150;;jah
2009-04-02;108;172;;jah
2009-04-03;117;185;;jah
2009-04-04;128;199;;jah
2009-04-05;138;211;;jah
2009-04-06;148;223;;jah
2009-04-07;159;237;;jah
2009-04-08;168;246;;jah
2009-04-09;176;253;;jah
2009-04-10;182;257;;jah
2009-04-11;186;261;;jah
2009-04-12;189;262;;jah
2009-04-13;189;262;;jah
2009-04-14;190;263;;jah
2009-04-15;190;263;;jah
2009-04-16;188;262;;jah
2009-04-17;187;261;;jah
2009-04-18;185;259;;jah
2009-04-19;182;256;;jah
2009-04-20;177;252;;jah
2009-04-21;171;247;;jah
2009-04-22;166;242;;jah
2009-04-23;160;237;;jah
2009-04-24;155;232;;jah
2009-04-25;150;227;;jah
2009-04-26;144;221;;jah
2009-04-27;138;215;;jah
2009-04-28;132;210;;jah
2009-04-29;128;204;;jah
2009-04-30;124;200;;jah
2009-05-01;118;193;;jah
2009-05-02;115;189;;jah
2009-05-03;111;184;;jah
2009-05-04;106;178;;jah
2009-05-05;104;175;;jah
2009-05-06;102;172;;jah
2009-05-07;98,7;167;;jah
2009-05-08;95,5;163;;jah
2009-05-09;93,9;161;;jah
2009-05-10;92,3;159;;jah
2009-05-11;91,1;157;;jah
2009-05-12;88,9;154;;jah
2009-05-13;87,3;152;;jah
2009-05-14;86,1;150;;jah
2009-05-15;84,6;148;;jah
2009-05-16;83,3;145;;jah
2009-05-17;82;143;;jah
2009-05-18;81,5;142;;jah
2009-05-19;81;141;;jah
2009-05-20;80,5;140;;jah
2009-05-21;79,6;138;;jah
2009-05-22;79,3;137;;jah
2009-05-23;78,6;136;;jah
2009-05-24;77,7;134;;jah
2009-05-25;76,7;132;;jah
2009-05-26;76,2;131;;jah
2009-05-27;76,1;131;;jah
2009-05-28;74,9;128;;jah
2009-05-29;74,8;128;;jah
2009-05-30;74,3;126;;jah
2009-05-31;74;125;;jah
2009-06-01;73,4;122;;jah
2009-06-02;73,1;123;;jah
2009-06-03;73,1;121;;jah
2009-06-04;73,2;122;;jah
2009-06-05;74,6;128;;jah
2009-06-06;77,1;137;;jah
2009-06-07;79,1;145;;jah
2009-06-08;79,1;145;;jah
2009-06-09;78;143;;jah
2009-06-10;78,5;144;;jah
2009-06-11;78,4;144;;jah
2009-06-12;78;143;;jah
2009-06-13;81,1;148;;jah
2009-06-14;96,9;171;;jah
2009-06-15;103;178;;jah
2009-06-16;105;181;;jah
2009-06-17;103;177;;jah
2009-06-18;99,7;172;;jah
2009-06-19;97,6;170;;jah
2009-06-20;95,2;166;;jah
2009-06-21;93,3;164;;jah
2009-06-22;91,9;162;;jah
2009-06-23;89,3;158;;jah
2009-06-24;85;152;;jah
2009-06-25;83,1;150;;jah
2009-06-26;80,2;145;;jah
2009-06-27;78,5;142;;jah
2009-06-28;77,8;141;;jah
2009-06-29;77,4;140;;jah
2009-06-30;76,5;137;;jah
2009-07-01;75,3;134;;jah
2009-07-02;74,6;133;;jah
2009-07-03;74,7;134;;jah
2009-07-04;73,2;130;;jah
2009-07-05;71,1;127;;jah
2009-07-06;68,9;123;;jah
2009-07-07;67,9;121;;jah
2009-07-08;65,9;117;;jah
2009-07-09;64,9;116;;jah
2009-07-10;64,2;115;;jah
2009-07-11;66,1;119;;jah
2009-07-12;66,2;118;;jah
2009-07-13;64,6;115;;jah
2009-07-14;64;114;;jah
2009-07-15;65,2;117;;jah
2009-07-16;64,3;115;;jah
2009-07-17;63,3;113;;jah
2009-07-18;63,2;113;;jah
2009-07-19;62,9;112;;jah
2009-07-20;62,2;111;;jah
2009-07-21;61,3;109;;jah
2009-07-22;60,2;107;;jah
2009-07-23;59,8;106;;jah
2009-07-24;62;111;;jah
2009-07-25;61,6;109;;jah
2009-07-26;62,4;112;;jah
2009-07-27;62,6;112;;jah
2009-07-28;61,2;109;;jah
2009-07-29;60,8;108;;jah
2009-07-30;59,9;106;;jah
2009-07-31;59;105;;jah
2009-08-01;59,3;105;;jah
2009-08-02;58,5;104;;jah
2009-08-03;58;103;;jah
2009-08-04;58,4;104;;jah
2009-08-05;58;103;;jah
2009-08-06;58;103;;jah
2009-08-07;57,7;102;;jah
2009-08-08;57,3;100;;jah
2009-08-09;56,9;98;;jah
2009-08-10;56,5;96;;jah
2009-08-11;56,1;93;;jah
2009-08-12;55,8;92;;jah
2009-08-13;55,6;91;;jah
2009-08-14;55,8;92;;jah
2009-08-15;56;93;;jah
2009-08-16;55,8;92;;jah
2009-08-17;55,8;92;;jah
2009-08-18;55,6;94;;jah
2009-08-19;55,3;98;;jah
2009-08-20;55;98;;jah
2009-08-21;54,7;97;;jah
2009-08-22;54,3;96;;jah
2009-08-23;54;93;;jah
2009-08-24;53,7;92;;jah
2009-08-25;53,3;89;;jah
2009-08-26;53;87;;jah
2009-08-27;52,7;84;;jah
2009-08-28;52,3;83;;jah
2009-08-29;52;82;;jah
2009-08-30;51,7;85;;jah
2009-08-31;51,4;85;;jah
2009-09-01;51;85;;jah
2009-09-02;50,7;86;;jah
2009-09-03;50,4;86;;jah
2009-09-04;50,3;85;;jah
2009-09-05;50,2;87;;jah
2009-09-06;50,1;89;;jah
2009-09-07;50;85;;jah
2009-09-08;49,9;85;;jah
2009-09-09;49,9;84;;jah
2009-09-10;49,8;84;;jah
2009-09-11;49,7;83;;jah
2009-09-12;49,6;83;;jah
2009-09-13;49,5;84;;jah
2009-09-14;49,3;84;;jah
2009-09-15;48,6;81;;jah
2009-09-16;48,3;81;;jah
2009-09-17;48;80;;jah
2009-09-18;47,4;78;;jah
2009-09-19;47,2;77;;jah
2009-09-20;47;77;;jah
2009-09-21;46,3;74;;jah
2009-09-22;45,8;73;;jah
2009-09-23;45,4;71;;jah
2009-09-24;45,5;72;;jah
2009-09-25;46;73;;jah
2009-09-26;46,1;74;;jah
2009-09-27;46,1;74;;jah
2009-09-28;45,9;73;;jah
2009-09-29;46,9;74;;jah
2009-09-30;47;74;;jah
2009-10-01;48,4;77;;jah
2009-10-02;49,2;77;;jah
2009-10-03;48,2;76;;jah
2009-10-04;48,2;76;;jah
2009-10-05;54,9;87;;jah
2009-10-06;60,7;95;;jah
2009-10-07;63,5;99;;jah
2009-10-08;65,3;102;;jah
2009-10-09;66,9;104;;jah
2009-10-10;67,1;104;;jah
2009-10-11;66,7;103;;jah
2009-10-12;69,1;107;;jah
2009-10-13;71,1;109;;jah
2009-10-14;76,5;118;;jah
2009-10-15;80,2;122;;jah
2009-10-16;80;122;;jah
2009-10-17;81;123;;jah
2009-10-18;81,1;123;;jah
2009-10-19;81,1;123;;jah
2009-10-20;82,1;125;;jah
2009-10-21;83,8;128;;jah
2009-10-22;85,9;132;;jah
2009-10-23;87;134;;jah
2009-10-24;88,3;136;;jah
2009-10-25;89,2;138;;jah
2009-10-26;90,5;140;;jah
2009-10-27;92,2;144;;jah
2009-10-28;93,5;148;;jah
2009-10-29;94,5;152;;jah
2009-10-30;94,9;154;;jah
2009-10-31;95;154;;jah
2009-11-01;94,5;154;;jah
2009-11-02;93,5;153;;jah
2009-11-03;92,5;151;;jah
2009-11-04;92;151;;jah
2009-11-05;91,9;148;;jah
2009-11-06;90;146;;jah
2009-11-07;88,5;143;;jah
2009-11-08;86;141;;jah
2009-11-09;85;139;;jah
2009-11-10;85;139;;jah
2009-11-11;85,8;144;;jah
2009-11-12;87,9;148;;jah
2009-11-13;88,8;149;;jah
2009-11-14;88,8;149;;jah
2009-11-15;88,9;149;;jah
2009-11-16;90,1;150;;jah
2009-11-17;91,5;151;;jah
2009-11-18;90,4;150;;jah
2009-11-19;90,2;150;;jah
2009-11-20;89;149;;jah
2009-11-21;89,6;150;;jah
2009-11-22;91,5;151;;jah
2009-11-23;94,8;154;;jah
2009-11-24;96,9;155;;jah
2009-11-25;98,1;157;;jah
2009-11-26;99;160;;jah
2009-11-27;99,8;162;;jah
2009-11-28;101;164;;jah
2009-11-29;102;167;;jah
2009-11-30;104;172;;jah
2009-12-01;105;176;;jah
2009-12-02;108;181;;jah
2009-12-03;119;195;;jah
2009-12-04;128;205;;jah
2009-12-05;134;211;;jah
2009-12-06;136;214;;jah
2009-12-07;138;215;;jah
2009-12-08;139;216;;jah
2009-12-09;141;217;;jah
2009-12-10;142;217;;jah
2009-12-11;142;218;;jah
2009-12-12;140;217;;jah
2009-12-13;130;215;;jah
2009-12-14;120;210;;jah
2009-12-15;109;221;;jah
2009-12-16;95;234;;jah
2009-12-17;88;217;;jah
2009-12-18;85,5;209;;jah
2009-12-19;83;205;;jah
2009-12-20;81;202;;jah
2009-12-21;81;200;;jah
2009-12-22;79,6;197;;jah
2009-12-23;77,9;193;;jah
2009-12-24;77,3;191;;jah
2009-12-25;76;187;;jah
2009-12-26;75,3;185;;jah
2009-12-27;74,3;182;;jah
2009-12-28;73,5;180;;jah
2009-12-29;72,7;177;;jah
2009-12-30;72,6;177;;jah
2009-12-31;72,1;175;;jah
2010-01-01;71,9;175;;jah
2010-01-02;70,3;174;;jah
2010-01-03;69,5;173;;jah
2010-01-04;67,8;172;;jah
2010-01-05;67,8;172;;jah
2010-01-06;66,2;171;;jah
2010-01-07;64,8;171;;jah
2010-01-08;64,2;170;;jah
2010-01-09;63,7;169;;jah
2010-01-10;63,1;168;;jah
2010-01-11;62,8;167;;jah
2010-01-12;62,3;166;;jah
2010-01-13;62;166;;jah
2010-01-14;61,3;165;;jah
2010-01-15;60,6;164;;jah
2010-01-16;60,2;163;;jah
2010-01-17;59,4;162;;jah
2010-01-18;59;162;;jah
2010-01-19;58,7;161;;jah
2010-01-20;57,9;160;;jah
2010-01-21;57,9;160;;jah
2010-01-22;56,7;159;;jah
2010-01-23;55,2;157;;jah
2010-01-24;53,7;155;;jah
2010-01-25;52,2;153;;jah
2010-01-26;54,4;152;;jah
2010-01-27;56,7;150;;jah
2010-01-28;56,4;148;;jah
2010-01-29;56,4;148;;jah
2010-01-30;56,2;147;;jah
2010-01-31;56,1;146;;jah
2010-02-01;56;146;;jah
2010-02-02;56,3;147;;jah
2010-02-03;56,4;148;;jah
2010-02-04;56,5;149;;jah
2010-02-05;56,6;149;;jah
2010-02-06;56,8;150;;jah
2010-02-07;56,9;151;;jah
2010-02-08;56,9;151;;jah
2010-02-09;57;151;;jah
2010-02-10;57;151;;jah
2010-02-11;57;151;;jah
2010-02-12;57,2;152;;jah
2010-02-13;57,4;153;;jah
2010-02-14;57,6;154;;jah
2010-02-15;59,3;156;;jah
2010-02-16;60,8;156;;jah
2010-02-17;60,8;156;;jah
2010-02-18;60;156;;jah
2010-02-19;60;156;;jah
2010-02-20;55,2;153;;jah
2010-02-21;44,7;146;;jah
2010-02-22;39;143;;jah
2010-02-23;41,4;144;;jah
2010-02-24;47,9;148;;jah
2010-02-25;53,3;152;;jah
2010-02-26;55,4;156;;jah
2010-02-27;56,9;158;;jah
2010-02-28;61,2;165;;jah
2010-03-01;62;167;;jah
2010-03-02;64,8;172;;jah
2010-03-03;64,8;172;;jah
2010-03-04;64;170;;jah
2010-03-05;64,1;168;;jah
2010-03-06;64,3;167;;jah
2010-03-07;64,4;165;;jah
2010-03-08;64,6;163;;jah
2010-03-09;64,7;162;;jah
2010-03-10;65;159;;jah
2010-03-11;65,5;153;;jah
2010-03-12;66,4;145;;jah
2010-03-13;68,2;138;;jah
2010-03-14;69,6;134;;jah
2010-03-15;70,7;130;;jah
2010-03-16;71,1;129;;jah
2010-03-17;72,1;126;;jah
2010-03-18;72,8;123;;jah
2010-03-19;73,8;120;;jah
2010-03-20;74,4;118;;jah
2010-03-21;74;120;;jah
2010-03-22;72,9;125;;jah
2010-03-23;74,3;129;;jah
2010-03-24;75;130;;jah
2010-03-25;74,5;129;;jah
2010-03-26;74;128;;jah
2010-03-27;76,1;133;;jah
2010-03-28;85,2;150;;jah
2010-03-29;100;176;;jah
2010-03-30;112;193;;jah
2010-03-31;128;214;;jah
2010-04-01;135;224;;jah
2010-04-02;154;246;;jah
2010-04-03;168;260;;jah
2010-04-04;179;272;;jah
2010-04-05;191;282;;jah
2010-04-06;204;292;;jah
2010-04-07;219;302;;jah
2010-04-08;232;310;;jah
2010-04-09;241;315;;jah
2010-04-10;249;319;;jah
2010-04-11;258;323;;jah
2010-04-12;264;325;;jah
2010-04-13;269;327;;jah
2010-04-14;271;330;;jah
2010-04-15;270;330;;jah
2010-04-16;269;330;;jah
2010-04-17;266;330;;jah
2010-04-18;262;329;;jah
2010-04-19;259;328;;jah
2010-04-20;256;326;;jah
2010-04-21;252;323;;jah
2010-04-22;249;321;;jah
2010-04-23;246;319;;jah
2010-04-24;240;315;;jah
2010-04-25;236;312;;jah
2010-04-26;231;309;;jah
2010-04-27;224;304;;jah
2010-04-28;218;300;;jah
2010-04-29;210;296;;jah
2010-04-30;203;292;;jah
2010-05-01;196;289;;jah
2010-05-02;188;284;;jah
2010-05-03;181;281;;jah
2010-05-04;177;279;;jah
2010-05-05;168;274;;jah
2010-05-06;164;272;;jah
2010-05-07;161;270;;jah
2010-05-08;159;267;;jah
2010-05-09;159;265;;jah
2010-05-10;159;264;;jah
2010-05-11;159;261;;jah
2010-05-12;158;259;;jah
2010-05-13;158;256;;jah
2010-05-14;156;254;;jah
2010-05-15;155;252;;jah
2010-05-16;153;251;;jah
2010-05-17;151;249;;jah
2010-05-18;144;242;;jah
2010-05-19;141;239;;jah
2010-05-20;137;236;;jah
2010-05-21;132;231;;jah
2010-05-22;126;226;;jah
2010-05-23;123;222;;jah
2010-05-24;119;219;;jah
2010-05-25;114;215;;jah
2010-05-26;111;212;;jah
2010-05-27;106;207;;jah
2010-05-28;103;204;;jah
2010-05-29;100;202;;jah
2010-05-30;97,2;199;;jah
2010-05-31;93,9;196;;jah
2010-06-01;92,3;194;;jah
2010-06-02;92,1;194;;jah
2010-06-03;90,9;191;;jah
2010-06-04;89,5;189;;jah
2010-06-05;87;184;;jah
2010-06-06;85,1;180;;jah
2010-06-07;84;178;;jah
2010-06-08;84,5;179;;jah
2010-06-09;83,8;178;;jah
2010-06-10;83,5;177;;jah
2010-06-11;83,1;177;;jah
2010-06-12;81,9;174;;jah
2010-06-13;80,3;171;;jah
2010-06-14;78,6;168;;jah
2010-06-15;78,1;167;;jah
2010-06-16;78,1;167;;jah
2010-06-17;76,9;166;;jah
2010-06-18;72,5;164;;jah
2010-06-19;71,4;163;;jah
2010-06-20;70,8;163;;jah
2010-06-21;72,5;164;;jah
2010-06-22;80,3;168;;jah
2010-06-23;86,4;172;;jah
2010-06-24;88,1;173;;jah
2010-06-25;87,6;173;;jah
2010-06-26;82,5;170;;jah
2010-06-27;78,6;167;;jah
2010-06-28;75,5;165;;jah
2010-06-29;73;163;;jah
2010-06-30;73;163;;jah
2010-07-01;70,8;161;;jah
2010-07-02;69,1;159;;jah
2010-07-03;67;156;;jah
2010-07-04;64,8;154;;jah
2010-07-05;63,5;152;;jah
2010-07-06;62,3;151;;jah
2010-07-07;61,3;149;;jah
2010-07-08;61,4;149;;jah
2010-07-09;61,1;148;;jah
2010-07-10;60,5;146;;jah
2010-07-11;60;144;;jah
2010-07-12;59,8;143;;jah
2010-07-13;59,5;142;;jah
2010-07-14;59,5;142;;jah
2010-07-15;59,5;142;;jah
2010-07-16;59,2;141;;jah
2010-07-17;58,8;140;;jah
2010-07-18;58,2;138;;jah
2010-07-19;57,2;134;;jah
2010-07-20;56,5;132;;jah
2010-07-21;56,1;130;;jah
2010-07-22;55,6;129;;jah
2010-07-23;54,9;126;;jah
2010-07-24;54,6;125;;jah
2010-07-25;54,6;125;;jah
2010-07-26;54,6;125;;jah
2010-07-27;54;123;;jah
2010-07-28;53,5;121;;jah
2010-07-29;53,6;122;;jah
2010-07-30;53,2;120;;jah
2010-07-31;52,5;118;;jah
2010-08-01;51,9;116;;jah
2010-08-02;51,4;114;;jah
2010-08-03;51,2;113;;jah
2010-08-04;51;113;;jah
2010-08-05;50,9;112;;jah
2010-08-06;50,6;111;;jah
2010-08-07;50,4;111;;jah
2010-08-08;50,1;110;;jah
2010-08-09;49,9;109;;jah
2010-08-10;49,4;107;;jah
2010-08-11;48,7;105;;jah
2010-08-12;49,1;102;;jah
2010-08-13;49,2;102;;jah
2010-08-14;49,3;101;;jah
2010-08-15;49,3;101;;jah
2010-08-16;49,6;100;;jah
2010-08-17;48,6;104;;jah
2010-08-18;48,7;104;;jah
2010-08-19;47,5;108;;jah
2010-08-20;47,9;107;;jah
2010-08-21;48;106;;jah
2010-08-22;48,9;103;;jah
2010-08-23;49,3;101;;jah
2010-08-24;49,6;100;;jah
2010-08-25;49,8;102;;jah
2010-08-26;51,3;103;;jah
2010-08-27;53,8;106;;jah
2010-08-28;55,8;108;;jah
2010-08-29;57,3;109;;jah
2010-08-30;57,8;110;;jah
2010-08-31;50,8;103;;jah
2010-09-01;50,8;103;;jah
2010-09-02;49,3;101;;jah
2010-09-03;49,3;101;;jah
2010-09-04;58,3;110;;jah
2010-09-05;58,3;110;;jah
2010-09-06;59,3;111;;jah
2010-09-07;58;109;;jah
2010-09-08;56,8;107;;jah
2010-09-09;54,5;104;;jah
2010-09-10;54,2;103;;jah
2010-09-11;53;101;;jah
2010-09-12;51,4;99;;jah
2010-09-13;50,5;97;;jah
2010-09-14;50,1;97;;jah
2010-09-15;49,2;95;;jah
2010-09-16;49,4;96;;jah
2010-09-17;49,6;96;;jah
2010-09-18;48,4;93;;jah
2010-09-19;48,4;93;;jah
2010-09-20;50,8;99;;jah
2010-09-21;51,6;101;;jah
2010-09-22;52;102;;jah
2010-09-23;51,6;101;;jah
2010-09-24;51,2;100;;jah
2010-09-25;51,2;100;;jah
2010-09-26;51,2;100;;jah
2010-09-27;51,4;101;;jah
2010-09-28;54,8;109;;jah
2010-09-29;54,7;109;;jah
2010-09-30;54,2;106;;jah
2010-10-01;53,3;103;;jah
2010-10-02;52,4;100;;jah
2010-10-03;52;98;;jah
2010-10-04;51,7;97;;jah
2010-10-05;50,4;92;;jah
2010-10-06;49,9;90;;jah
2010-10-07;49,4;88;;jah
2010-10-08;48,6;85;;jah
2010-10-09;48,4;84;;jah
2010-10-10;47,9;82;;jah
2010-10-11;47,9;82;;jah
2010-10-12;47,6;82;;jah
2010-10-13;44,2;78;;jah
2010-10-14;42,1;75;;jah
2010-10-15;41,6;75;;jah
2010-10-16;42,9;76;;jah
2010-10-17;43,8;77;;jah
2010-10-18;44,6;78;;jah
2010-10-19;45,9;80;;jah
2010-10-20;47,1;81;;jah
2010-10-21;47,6;82;;jah
2010-10-22;50,4;85;;jah
2010-10-23;54,9;90;;jah
2010-10-24;64,3;98;;jah
2010-10-25;68,1;102;;jah
2010-10-26;70,8;104;;jah
2010-10-27;70,8;104;;jah
2010-10-28;71,4;106;3,8;jah
2010-10-29;73;106;4,1;jah
2010-10-30;71,9;105;4,5;jah
2010-10-31;71,9;105;4,7;jah
2010-11-01;70,3;103;4,7;jah
2010-11-02;68,1;102;4,7;jah
2010-11-03;67,1;100;4,9;jah
2010-11-04;65;99;5,2;jah
2010-11-05;66,9;101;5,2;jah
2010-11-06;67,2;102;4,9;jah
2010-11-07;67,2;102;4,4;jah
2010-11-08;67,5;103;3,7;jah
2010-11-09;70,5;108;3,1;jah
2010-11-10;71;109;3;jah
2010-11-11;74,9;116;3,3;jah
2010-11-12;78,5;123;3,6;jah
2010-11-13;80,3;126;3,8;jah
2010-11-14;82,1;129;4,2;jah
2010-11-15;85,7;134;4,6;jah
2010-11-16;86,3;136;5,1;jah
2010-11-17;87,2;137;4,7;jah
2010-11-18;89,3;140;3,5;jah
2010-11-19;93,8;148;3,2;jah
2010-11-20;103;164;3,3;jah
2010-11-21;110;175;3,2;jah
2010-11-22;113;181;3;jah
2010-11-23;115;182;2,5;jah
2010-11-24;118;183;1,4;jah
2010-11-25;115;182;0,5;jah
2010-11-26;109;177;0,1;jah
2010-11-27;101;171;0,1;jah
2010-11-28;100;170;0,1;jah
2010-11-29;101;186;0;jah
2010-11-30;103;180;0;jah
2010-12-01;105;174;0;jah
2010-12-02;106;174;0;jah
2010-12-03;106;174;0;jah
2010-12-04;105;173;0;jah
2010-12-05;103;172;0;jah
2010-12-06;101;170;0;jah
2010-12-07;98;168;0;jah
2010-12-08;95,4;166;0;jah
2010-12-09;92,2;164;0;jah
2010-12-10;91,5;163;0;jah
2010-12-11;88,9;161;0;jah
2010-12-12;86,3;159;0;jah
2010-12-13;82,3;156;0;jah
2010-12-14;79,7;155;0;jah
2010-12-15;78,4;153;0;jah
2010-12-16;76,4;152;0;jah
2010-12-17;75,8;151;0;jah
2010-12-18;74,5;150;0;jah
2010-12-19;72,5;149;0;jah
2010-12-20;71,2;148;0;jah
2010-12-21;65,6;147;0,1;jah
2010-12-22;65,6;147;0,1;jah
2010-12-23;60;146;0,1;jah
2010-12-24;57,2;146;0,1;jah
2010-12-25;62,8;146;0,1;jah
2010-12-26;60;146;0,1;jah
2010-12-27;60;146;0,1;jah
2010-12-28;65,6;147;0,1;jah
2010-12-29;65,6;148;0,1;jah
2010-12-30;65,5;148;0,1;jah
2010-12-31;65,4;149;0,1;jah
2011-01-01;65,6;150;0,2;jah
2011-01-02;65,5;150;0,2;jah
2011-01-03;65,3;151;0,2;jah
2011-01-04;65,2;151;0,2;jah
2011-01-05;65,1;151;0,2;jah
2011-01-06;65,2;152;0,2;jah
2011-01-07;65,9;153;0,2;jah
2011-01-08;66,3;153;0,2;jah
2011-01-09;67,3;154;0,2;jah
2011-01-10;70,6;161;0,2;jah
2011-01-11;72,8;171;0,2;jah
2011-01-12;72,7;177;0,2;jah
2011-01-13;72,6;182;0,2;jah
2011-01-14;72,6;184;0,2;jah
2011-01-15;72,5;184;0,2;jah
2011-01-16;72,4;176;0,2;jah
2011-01-17;72,5;161;0,2;jah
2011-01-18;75,5;172;0,2;jah
2011-01-19;76,1;187;0,2;jah
2011-01-20;75,9;193;0,2;jah
2011-01-21;75,6;195;0,2;jah
2011-01-22;75,4;196;0,1;jah
2011-01-23;75,1;195;0,1;jah
2011-01-24;74,9;193;0,1;jah
2011-01-25;74,6;191;0,1;jah
2011-01-26;74,4;188;0,1;jah
2011-01-27;74,1;177;0,1;jah
2011-01-28;73,9;165;0,1;jah
2011-01-29;75,8;169;0,1;jah
2011-01-30;80,1;178;0,1;jah
2011-01-31;82,1;181;0,1;jah
2011-02-01;83,1;184;0,1;jah
2011-02-02;85,5;188;0,1;jah
2011-02-03;87,5;192;0,1;jah
2011-02-04;88,7;195;0,1;jah
2011-02-05;89,8;197;0,1;jah
2011-02-06;89,9;197;0,1;jah
2011-02-07;89;196;0,1;jah
2011-02-08;88,6;196;0,1;jah
2011-02-09;88,6;196;0,1;jah
2011-02-10;81,8;183;0,1;jah
2011-02-11;74,7;170;0,1;jah
2011-02-12;67,7;153;0,1;jah
2011-02-13;61,4;139;0,1;jah
2011-02-14;60,4;137;0,1;jah
2011-02-15;60,9;140;0,1;jah
2011-02-16;61,3;144;0,1;jah
2011-02-17;61,8;148;0,1;jah
2011-02-18;62,3;151;0,1;jah
2011-02-19;62,8;152;0,1;jah
2011-02-20;63,2;152;0,1;jah
2011-02-21;63,7;152;0;jah
2011-02-22;64,1;152;0;jah
2011-02-23;64,4;151;0;jah
2011-02-24;64,6;149;0;jah
2011-02-25;64,9;147;0;jah
2011-02-26;65,1;146;0;jah
2011-02-27;65,3;144;0;jah
2011-02-28;65,6;142;0;jah
2011-03-01;65,8;140;0;jah
2011-03-02;66,1;139;0;jah
2011-03-03;67,7;142;0;jah
2011-03-04;69,4;146;0;jah
2011-03-05;70,3;147;0;jah
2011-03-06;70,9;148;0;jah
2011-03-07;70,8;147;0;jah
2011-03-08;70,8;147;0,1;jah
2011-03-09;72,6;148;0,2;jah
2011-03-10;75,2;150;0,3;jah
2011-03-11;78,2;153;0,5;jah
2011-03-12;78,6;151;0,6;jah
2011-03-13;77,8;146;1;jah
2011-03-14;75,7;138;1,4;jah
2011-03-15;72,3;128;1,4;jah
2011-03-16;70,2;121;1,1;jah
2011-03-17;69,6;118;1,1;jah
2011-03-18;69,6;115;1,2;jah
2011-03-19;69,7;113;1,4;jah
2011-03-20;69,5;109;1,5;jah
2011-03-21;69,4;107;1,5;jah
2011-03-22;69,1;106;1,8;jah
2011-03-23;69,8;107;2;jah
2011-03-24;70,6;109;1,8;jah
2011-03-25;70,8;109;1,2;jah
2011-03-26;70,9;109;1;jah
2011-03-27;70,9;108;1,4;jah
2011-03-28;71;108;1,6;jah
2011-03-29;70,6;107;1,6;jah
2011-03-30;69,9;106;2;jah
2011-03-31;69,4;106;2;jah
2011-04-01;69,1;107;2;jah
2011-04-02;68,9;107;2,5;jah
2011-04-03;71,8;115;3;jah
2011-04-04;83;139;2,7;jah
2011-04-05;100;172;2,2;jah
2011-04-06;116;196;1,6;jah
2011-04-07;132;216;1,2;jah
2011-04-08;148;233;1;jah
2011-04-09;160;245;1,1;jah
2011-04-10;172;255;1,3;jah
2011-04-11;184;266;1,4;jah
2011-04-12;192;275;1,7;jah
2011-04-13;199;283;1,9;jah
2011-04-14;207;290;2,1;jah
2011-04-15;214;295;2,4;jah
2011-04-16;222;301;2,8;jah
2011-04-17;228;306;3,6;jah
2011-04-18;234;310;5,4;jah
2011-04-19;237;312;6,7;jah
2011-04-20;239;314;7,3;jah
2011-04-21;239;315;8,2;jah
2011-04-22;238;315;9;jah
2011-04-23;236;314;10;jah
2011-04-24;234;313;11;jah
2011-04-25;231;311;12,1;jah
2011-04-26;228;309;13,1;jah
2011-04-27;224;307;14;jah
2011-04-28;219;304;14,4;jah
2011-04-29;213;300;14,1;jah
2011-04-30;208;296;13,6;jah
2011-05-01;202;292;12,7;jah
2011-05-02;196;287;11,5;jah
2011-05-03;190;282;10,6;jah
2011-05-04;184;278;10,3;jah
2011-05-05;178;273;10,5;jah
2011-05-06;173;268;10,9;jah
2011-05-07;167;263;11,4;jah
2011-05-08;161;257;12,2;jah
2011-05-09;155;252;13,5;jah
2011-05-10;150;247;14,9;jah
2011-05-11;145;242;16,3;jah
2011-05-12;140;237;17,4;jah
2011-05-13;135;232;17,8;jah
2011-05-14;132;227;16,7;jah
2011-05-15;128;223;15,2;jah
2011-05-16;125;220;13,9;jah
2011-05-17;123;218;12,9;jah
2011-05-18;120;214;12,6;jah
2011-05-19;117;211;13,2;jah
2011-05-20;115;208;14,9;jah
2011-05-21;112;204;16;jah
2011-05-22;109;201;16,8;jah
2011-05-23;107;198;17,4;jah
2011-05-24;105;195;16,3;jah
2011-05-25;103;192;16;jah
2011-05-26;99,8;188;14,4;jah
2011-05-27;97,9;186;14,6;jah
2011-05-28;96,5;184;15,7;jah
2011-05-29;94,5;181;16,2;jah
2011-05-30;92,6;178;15,6;jah
2011-05-31;90,5;176;16;jah
2011-06-01;89;174;18,8;jah
2011-06-02;87;172;20,6;jah
2011-06-03;84,5;168;20,7;jah
2011-06-04;82,5;166;20,3;jah
2011-06-05;80,7;163;20,8;jah
2011-06-06;79,1;162;21,5;jah
2011-06-07;77,5;160;22,1;jah
2011-06-08;75,8;157;22,9;jah
2011-06-09;74,7;155;23,1;jah
2011-06-10;73,5;152;23,1;jah
2011-06-11;72,3;150;23,5;jah
2011-06-12;71,5;148;23,6;jah
2011-06-13;70,2;145;22,9;jah
2011-06-14;69,4;143;22,1;jah
2011-06-15;68,9;142;20,6;jah
2011-06-16;68,2;141;19,7;jah
2011-06-17;67,8;140;19,2;jah
2011-06-18;67,5;139;19,3;jah
2011-06-19;67;138;19,1;jah
2011-06-20;66,3;136;18,7;jah
2011-06-21;65,2;134;18,6;jah
2011-06-22;64,9;133;18,3;jah
2011-06-23;64,8;133;18;jah
2011-06-24;63,9;130;18;jah
2011-06-25;63,6;130;18,3;jah
2011-06-26;63,1;128;18,6;jah
2011-06-27;62,3;126;18,9;jah
2011-06-28;62;126;19,7;jah
2011-06-29;61,7;125;20,4;jah
2011-06-30;61,1;123;21,1;jah
2011-07-01;60,5;122;21,9;jah
2011-07-02;60,3;121;22,8;jah
2011-07-03;59,6;120;23,1;jah
2011-07-04;59;118;23;jah
2011-07-05;58,9;118;22,4;jah
2011-07-06;58,4;116;22,2;jah
2011-07-07;57,5;114;22,2;jah
2011-07-08;56,8;112;22,8;jah
2011-07-09;56,2;111;23,2;jah
2011-07-10;55,4;109;23,7;jah
2011-07-11;55,3;109;24,6;jah
2011-07-12;55,1;108;24,5;jah
2011-07-13;54;105;23,6;jah
2011-07-14;53,8;105;22,7;jah
2011-07-15;53,4;104;22,2;jah
2011-07-16;52,4;102;21,8;jah
2011-07-17;51,6;101;21,4;jah
2011-07-18;51,6;101;21,4;jah
2011-07-19;51,2;100;21,9;jah
2011-07-20;50,7;100;22,3;jah
2011-07-21;50,3;99;23,1;jah
2011-07-22;49,9;98;23,9;jah
2011-07-23;49,4;98;24,3;jah
2011-07-24;48,4;95;23,9;jah
2011-07-25;47,7;94;23,2;jah
2011-07-26;47;92;23;jah
2011-07-27;46,4;91;23,4;jah
2011-07-28;45,8;90;24;jah
2011-07-29;45,3;89;23,5;jah
2011-07-30;44,5;87;22,8;jah
2011-07-31;44,6;89;22,6;jah
2011-08-01;44,7;89;22,3;jah
2011-08-02;43,4;86;21,5;jah
2011-08-03;42,1;82;21;jah
2011-08-04;41,7;80;20,9;jah
2011-08-05;41,4;79;21,1;jah
2011-08-06;41;77;21,2;jah
2011-08-07;40,9;77;22;jah
2011-08-08;40,9;76;21,8;jah
2011-08-09;40,8;75;21,6;jah
2011-08-10;40,4;73;20,5;jah
2011-08-11;40,4;73;19,3;jah
2011-08-12;40,9;75;18;jah
2011-08-13;41,4;75;17,5;jah
2011-08-14;40,9;74;17,7;jah
2011-08-15;41;74;18,3;jah
2011-08-16;40,7;73;19,1;jah
2011-08-17;40,3;71;19,6;jah
2011-08-18;39,8;69;19,9;jah
2011-08-19;40;70;19,9;jah
2011-08-20;41,2;74;19,4;jah
2011-08-21;40,7;71;19;jah
2011-08-22;40,3;70;18,6;jah
2011-08-23;40,4;70;18,8;jah
2011-08-24;40,3;69;18,9;jah
2011-08-25;40,3;69;19,2;jah
2011-08-26;40,1;68;19,9;jah
2011-08-27;39,9;67;20,2;jah
2011-08-28;39,7;66;20,7;jah
2011-08-29;39,3;64;20,2;jah
2011-08-30;39,1;63;19,3;jah
2011-08-31;39;63;18,1;jah
2011-09-01;38,9;62;17,2;jah
2011-09-02;38,8;62;16,7;jah
2011-09-03;38,6;61;16,8;jah
2011-09-04;38,4;60;16,8;jah
2011-09-05;38,4;60;16,9;jah
2011-09-06;38,3;59;17,2;jah
2011-09-07;38;58;17,4;jah
2011-09-08;37,9;57;17,1;jah
2011-09-09;37,7;57;16,6;jah
2011-09-10;37,3;55;16,2;jah
2011-09-11;37;54;16,2;jah
2011-09-12;37,2;55;15,9;jah
2011-09-13;37;54;15,9;jah
2011-09-14;35,7;49;15,4;jah
2011-09-15;35,6;49;14,8;jah
2011-09-16;36,3;52;14,2;jah
2011-09-17;35,9;50;14;jah
2011-09-18;35,9;50;13,7;jah
2011-09-19;36,3;52;13,6;jah
2011-09-20;35,9;50;13,9;jah
2011-09-21;35,2;48;13,8;jah
2011-09-22;35,1;47;14;jah
2011-09-23;34,7;45;13,7;jah
2011-09-24;34,6;45;13,2;jah
2011-09-25;34,6;45;12,7;jah
2011-09-26;34,7;46;12,6;jah
2011-09-27;34,5;45;12,8;jah
2011-09-28;34,1;43;12,9;jah
2011-09-29;34,2;43;12,9;jah
2011-09-30;33,9;42;13,2;jah
2011-10-01;34,2;43;13,3;jah
2011-10-02;33,7;41;13,2;jah
2011-10-03;33,6;41;12,8;jah
2011-10-04;33,7;41;12,7;jah
2011-10-05;33,2;38;12,4;jah
2011-10-06;33,5;38;12,1;jah
2011-10-07;33,8;38;12,1;jah
2011-10-08;34,5;40;11,5;jah
2011-10-09;35,3;42;11,1;jah
2011-10-10;35,1;40;10,2;jah
2011-10-11;36,1;43;10;jah
2011-10-12;36,5;43;9,1;jah
2011-10-13;36,9;45;8,6;jah
2011-10-14;37,1;44;7,9;jah
2011-10-15;36,3;42;7,1;jah
2011-10-16;36,1;41;6,9;jah
2011-10-17;36,2;41;7,1;jah
2011-10-18;36,2;41;6,8;jah
2011-10-19;36,2;41;6,3;jah
2011-10-20;36;40;6;jah
2011-10-21;35,8;39;6;jah
2011-10-22;35;36;5,8;jah
2011-10-23;35,5;38;6,2;jah
2011-10-24;35,7;38;6,4;jah
2011-10-25;35,4;37;6,1;jah
2011-10-26;35,3;36;5,9;jah
2011-10-27;35,4;36;6;jah
2011-10-28;35,2;35;5,5;jah
2011-10-29;35,1;34;5,5;jah
2011-10-30;34,7;33;5,6;jah
2011-10-31;34,5;32;6,3;jah
2011-11-01;34,3;32;6,5;jah
2011-11-02;34,1;32;6,8;jah
2011-11-03;33,7;32;6,9;jah
2011-11-04;33,6;32;7;jah
2011-11-05;33,4;32;6,6;jah
2011-11-06;32,9;31;6,2;jah
2011-11-07;32,6;31;5,8;jah
2011-11-08;31,8;29;5,7;jah
2011-11-09;31,9;30;5,4;jah
2011-11-10;31,4;28;4,6;jah
2011-11-11;30,9;26;4;jah
2011-11-12;31;27;4,1;jah
2011-11-13;30,6;25;3,9;jah
2011-11-14;30,3;25;4,1;jah
2011-11-15;30,7;26;3,6;jah
2011-11-16;29,6;21;3;jah
2011-11-17;29,1;19;3;jah
2011-11-18;30;22;3,1;jah
2011-11-19;30,3;23;3,6;jah
2011-11-20;31;25;3,2;jah
2011-11-21;30,5;24;2,3;jah
2011-11-22;30,6;24;2;jah
2011-11-23;31,1;23;2,1;jah
2011-11-24;30,5;20;2,3;jah
2011-11-25;31,8;22;2,8;jah
2011-11-26;32,2;21;3,2;jah
2011-11-27;32,8;22;3,4;jah
2011-11-28;35,1;27;3,7;jah
2011-11-29;37,4;31;3,4;jah
2011-11-30;39,4;34;3,1;jah
2011-12-01;40,6;36;2,8;jah
2011-12-02;40,7;36;2,6;jah
2011-12-03;41,7;37;2,4;jah
2011-12-04;42,4;39;2,3;jah
2011-12-05;43,9;42;2,3;jah
2011-12-06;44,5;42;2,1;jah
2011-12-07;47,1;47;1,7;jah
2011-12-08;48,4;49;1,2;jah
2011-12-09;48,6;49;0,8;jah
2011-12-10;49,3;50;0,8;jah
2011-12-11;49,2;49;0,8;jah
2011-12-12;49,6;49;0,8;jah
2011-12-13;50,7;51;0,9;jah
2011-12-14;52,8;54;1,1;jah
2011-12-15;54,4;56;1,6;jah
2011-12-16;56,7;59;1,7;jah
2011-12-17;59,8;64;1,9;jah
2011-12-18;63,2;69;2,3;jah
2011-12-19;65,3;71;2,3;jah
2011-12-20;67,9;75;2,2;jah
2011-12-21;71,1;78;1,8;jah
2011-12-22;70,8;77;1,6;jah
2011-12-23;71,6;77;1,4;jah
2011-12-24;72,9;79;0,9;jah
2011-12-25;75,4;81;0,8;jah
2011-12-26;75;80;1,1;jah
2011-12-27;78;84;1,7;jah
2011-12-28;80,3;86;1,7;jah
2011-12-29;81,6;88;1,7;jah
2011-12-30;81,2;88;1,9;jah
2011-12-31;81,1;89;1,8;jah
2012-01-01;80,6;88;1,5;jah
2012-01-02;79,8;86;0,9;jah
2012-01-03;79,6;86;0,8;jah
2012-01-04;78,5;84;0,9;jah
2012-01-05;79;85;1,1;jah
2012-01-06;82,3;90;1,1;jah
2012-01-07;83,3;91;0,9;jah
2012-01-08;84,4;93;0,5;jah
2012-01-09;85;93;0,3;jah
2012-01-10;84,8;93;0,1;jah
2012-01-11;84,4;93;0,2;jah
2012-01-12;82,2;95;0,3;jah
2012-01-13;80,9;101;0,5;jah
2012-01-14;79,2;105;0,4;jah
2012-01-15;75,1;106;0,3;jah
2012-01-16;69,7;105;0,1;jah
2012-01-17;65,2;106;0;jah
2012-01-18;63;108;0;jah
2012-01-19;62,5;121;0;jah
2012-01-20;61,7;158;0;jah
2012-01-21;60,5;166;0;jah
2012-01-22;59;160;0;jah
2012-01-23;56;156;0;jah
2012-01-24;54,5;149;0;jah
2012-01-25;52,7;141;0;jah
2012-01-26;51,9;136;0;jah
2012-01-27;51,5;133;0;jah
2012-01-28;50,8;129;0;jah
2012-01-29;50;125;0;jah
2012-01-30;49,2;121;0;jah
2012-01-31;48,8;118;0;jah
2012-02-01;48,7;116;0;jah
2012-02-02;48,8;114;0;jah
2012-02-03;48,8;112;0;jah
2012-02-04;48,3;109;0;jah
2012-02-05;47,6;105;0;jah
2012-02-06;46,7;101;0;jah
2012-02-07;45,8;98;0;jah
2012-02-08;44,9;95;0;jah
2012-02-09;44,2;93;0;jah
2012-02-10;43,7;91;0;jah
2012-02-11;43,2;90;0;jah
2012-02-12;42,8;88;0;jah
2012-02-13;42,6;88;0;jah
2012-02-14;42,3;87;0;jah
2012-02-15;42,3;86;0;jah
2012-02-16;42;85;0;jah
2012-02-17;41,9;85;0;jah
2012-02-18;41,9;85;0;jah
2012-02-19;42;85;0;jah
2012-02-20;42,1;85;0;jah
2012-02-21;42,2;85;0;jah
2012-02-22;42,4;86;0;jah
2012-02-23;43,1;89;0;jah
2012-02-24;43,5;90;0;jah
2012-02-25;44;92;0;jah
2012-02-26;44,4;93;0;jah
2012-02-27;44,6;94;0;jah
2012-02-28;44,9;95;0;jah
2012-02-29;45,2;96;0;jah
2012-03-01;45,5;97;0;jah
2012-03-02;46;98;0;jah
2012-03-03;46,4;99;0;jah
2012-03-04;47;101;0;jah
2012-03-05;47,6;103;0;jah
2012-03-06;47,9;103;0;jah
2012-03-07;47,6;102;0;jah
2012-03-08;47,1;101;0;jah
2012-03-09;46,5;99;0;jah
2012-03-10;46,4;99;0;jah
2012-03-11;47,5;102;0;jah
2012-03-12;49,7;108;0;jah
2012-03-13;53;116;0;jah
2012-03-14;56;122;0;jah
2012-03-15;59,4;124;0;jah
2012-03-16;63,1;125;0;jah
2012-03-17;68,1;130;0,1;jah
2012-03-18;77,3;143;0,3;jah
2012-03-19;88,4;158;0,5;jah
2012-03-20;92,5;158;0,6;jah
2012-03-21;93,1;153;0,7;jah
2012-03-22;95,6;150;0,7;jah
2012-03-23;101;151;0,8;jah
2012-03-24;107;153;0,6;jah
2012-03-25;116;160;0,4;jah
2012-03-26;124;164;0,4;jah
2012-03-27;133;170;0,4;jah
2012-03-28;143;177;0,7;jah
2012-03-29;148;184;1;jah
2012-03-30;152;191;1,3;jah
2012-03-31;155;196;1,5;jah
2012-04-01;156;199;1,1;jah
2012-04-02;158;202;0,9;jah
2012-04-03;158;204;0,7;jah
2012-04-04;157;205;1;jah
2012-04-05;156;206;1,7;jah
2012-04-06;155;206;2;jah
2012-04-07;153;205;2,5;jah
2012-04-08;151;204;2,7;jah
2012-04-09;148;202;2,4;jah
2012-04-10;146;200;3,3;jah
2012-04-11;143;198;4,1;jah
2012-04-12;139;195;5,2;jah
2012-04-13;136;192;6,4;jah
2012-04-14;133;190;6,8;jah
2012-04-15;130;187;6,1;jah
2012-04-16;127;185;6,3;jah
2012-04-17;128;186;5,2;jah
2012-04-18;129;187;5;jah
2012-04-19;129;187;5,4;jah
2012-04-20;130;189;5,8;jah
2012-04-21;132;192;6,3;jah
2012-04-22;135;195;7,8;jah
2012-04-23;136;197;9,1;jah
2012-04-24;137;198;8,8;jah
2012-04-25;137;200;8,8;jah
2012-04-26;138;202;10,5;jah
2012-04-27;138;204;11,6;jah
2012-04-28;138;204;12,5;jah
2012-04-29;137;204;12,9;jah
2012-04-30;137;203;12,5;jah
2012-05-01;135;202;13,3;jah
2012-05-02;133;200;13,1;jah
2012-05-03;131;197;12,7;jah
2012-05-04;128;195;12;jah
2012-05-05;126;192;12,7;jah
2012-05-06;123;189;12,9;jah
2012-05-07;120;186;12,7;jah
2012-05-08;117;182;12,7;jah
2012-05-09;115;179;13,9;jah
2012-05-10;112;176;15;jah
2012-05-11;109;173;15,6;jah
2012-05-12;106;169;15,3;jah
2012-05-13;104;166;13,4;jah
2012-05-14;102;164;13,3;jah
2012-05-15;99,8;162;14,4;jah
2012-05-16;98;160;15,2;jah
2012-05-17;97,3;159;15,9;jah
2012-05-18;100;165;15,3;jah
2012-05-19;102;169;14,4;jah
2012-05-20;103;170;15,7;jah
2012-05-21;102;168;17;jah
2012-05-22;100;167;17,7;jah
2012-05-23;99,1;165;18,2;jah
2012-05-24;97,9;163;17,6;jah
2012-05-25;96;161;17,3;jah
2012-05-26;94,2;158;17,1;jah
2012-05-27;92,4;155;16,9;jah
2012-05-28;90,3;152;17,4;jah
2012-05-29;88,5;149;17,5;jah
2012-05-30;89,7;152;16,4;jah
2012-05-31;89,3;151;14,7;jah
2012-06-01;88;150;14,1;jah
2012-06-02;91;157;13,8;jah
2012-06-03;92,1;159;13,5;jah
2012-06-04;91,6;158;13,5;jah
2012-06-05;90,1;157;14,3;jah
2012-06-06;88,6;155;15;jah
2012-06-07;87,1;153;15,6;jah
2012-06-08;85,5;150;16,1;jah
2012-06-09;83,6;147;16,5;jah
2012-06-10;81,4;144;17,2;jah
2012-06-11;81,3;145;17,1;jah
2012-06-12;83,3;149;16,2;jah
2012-06-13;82,6;148;16,5;jah
2012-06-14;81,5;146;17,5;jah
2012-06-15;80,1;143;18,6;jah
2012-06-16;78,5;140;19,1;jah
2012-06-17;76,8;137;18,8;jah
2012-06-18;74,4;132;18,8;jah
2012-06-19;74,1;132;18,1;jah
2012-06-20;72,9;130;17,9;jah
2012-06-21;72,3;129;18,2;jah
2012-06-22;71,5;127;18,9;jah
2012-06-23;71,5;127;18,5;jah
2012-06-24;68,9;122;17,5;jah
2012-06-25;69,2;123;16,7;jah
2012-06-26;69,7;124;16,7;jah
2012-06-27;71,5;128;16,6;jah
2012-06-28;74,5;133;16,6;jah
2012-06-29;75;133;17,1;jah
2012-06-30;74,6;132;17,2;jah
2012-07-01;73,8;130;17,9;jah
2012-07-02;73;127;18,7;jah
2012-07-03;71,9;125;19,3;jah
2012-07-04;71,1;123;19,6;jah
2012-07-05;69,9;120;19,9;jah
2012-07-06;69,3;118;20,4;jah
2012-07-07;69;116;21,3;jah
2012-07-08;68,2;114;22,1;jah
2012-07-09;67,3;111;22,7;jah
2012-07-10;66,5;108;23;jah
2012-07-11;65,7;106;22,7;jah
2012-07-12;66,2;106;21,8;jah
2012-07-13;69,1;111;20,9;jah
2012-07-14;69,7;111;20,3;jah
2012-07-15;70,9;112;19,5;jah
2012-07-16;70,4;110;19;jah
2012-07-17;70,8;112;18,3;jah
2012-07-18;71,5;114;17,9;jah
2012-07-19;70,7;112;18;jah
2012-07-20;70,6;113;18,3;jah
2012-07-21;69,6;111;18,3;jah
2012-07-22;68,6;110;18,7;jah
2012-07-23;66,6;106;18,5;jah
2012-07-24;64,5;103;18,4;jah
2012-07-25;63,4;101;18,6;jah
2012-07-26;62,3;99;19,5;jah
2012-07-27;61,1;97;20,6;jah
2012-07-28;60,1;96;21,6;jah
2012-07-29;58,9;94;22,7;jah
2012-07-30;58,2;93;23,9;jah
2012-07-31;57,2;91;24;jah
2012-08-01;56,4;90;22,9;jah
2012-08-02;55,6;89;21,9;jah
2012-08-03;55;88;21,6;jah
2012-08-04;54,2;87;21,8;jah
2012-08-05;52,7;85;21,8;jah
2012-08-06;52,1;84;21,4;jah
2012-08-07;51,3;82;20,9;jah
2012-08-08;50,2;80;20,1;jah
2012-08-09;51,9;83;19,4;jah
2012-08-10;52,1;83;18,7;jah
2012-08-11;52,3;83;18,4;jah
2012-08-12;52;82;17,5;jah
2012-08-13;52,2;82;17,3;jah
2012-08-14;52,9;83;17,4;jah
2012-08-15;51,6;79;17,3;jah
2012-08-16;50,5;76;17,5;jah
2012-08-17;49,7;74;17,7;jah
2012-08-18;49,3;73;18,3;jah
2012-08-19;49,1;72;18,5;jah
2012-08-20;51,7;77;18,6;jah
2012-08-21;51,7;76;17,9;jah
2012-08-22;53;79;17,3;jah
2012-08-23;55;82;16,8;jah
2012-08-24;56,5;85;16,5;jah
2012-08-25;58,2;88;16,5;jah
2012-08-26;59;89;16,6;jah
2012-08-27;60;90;16,8;jah
2012-08-28;59,2;89;16,5;jah
2012-08-29;58,5;88;16,2;jah
2012-08-30;58,3;88;16,1;jah
2012-08-31;57,9;88;15,9;jah
2012-09-01;57,5;88;15,4;jah
2012-09-02;56,8;87;15,4;jah
2012-09-03;55,2;84;15,5;jah
2012-09-04;54,5;83;15,7;jah
2012-09-05;52,8;80;16,1;jah
2012-09-06;52;79;16;jah
2012-09-07;51,1;77;15,2;jah
2012-09-08;50,6;76;14;jah
2012-09-09;50,8;76;13,2;jah
2012-09-10;51;76;12,7;jah
2012-09-11;51,6;77;12,9;jah
2012-09-12;51,7;77;13,6;jah
2012-09-13;51,2;76;13,9;jah
2012-09-14;50,4;74;14;jah
2012-09-15;50;73;13,8;jah
2012-09-16;49,7;72;13,7;jah
2012-09-17;49;70;13,9;jah
2012-09-18;48,8;70;14,2;jah
2012-09-19;48,6;69;14,4;jah
2012-09-20;48,2;67;14,4;jah
2012-09-21;47,6;66;13,8;jah
2012-09-22;47,9;67;13,3;jah
2012-09-23;48,2;66;12,9;jah
2012-09-24;48,2;67;12,5;jah
2012-09-25;48,4;67;12,1;jah
2012-09-26;49,4;69;11,8;jah
2012-09-27;49,8;69;12;jah
2012-09-28;49,8;69;12,4;jah
2012-09-29;49,4;68;12,3;jah
2012-09-30;50,2;69;12,2;jah
2012-10-01;50,3;69;11,9;jah
2012-10-02;50,7;70;11,6;jah
2012-10-03;50,5;70;11,4;jah
2012-10-04;50,4;70;11,4;jah
2012-10-05;50,4;70;11,4;jah
2012-10-06;50,8;71;11,1;jah
2012-10-07;51;72;10,7;jah
2012-10-08;51,9;74;10,2;jah
2012-10-09;52,8;77;9,7;jah
2012-10-10;54;79;9,1;jah
2012-10-11;54,6;79;8,6;jah
2012-10-12;55,2;80;8,3;jah
2012-10-13;55,6;80;8,1;jah
2012-10-14;56,1;81;7,7;jah
2012-10-15;55,8;80;7,7;jah
2012-10-16;55,8;79;7,9;jah
2012-10-17;58,5;84;8,2;jah
2012-10-18;63,3;93;8,2;jah
2012-10-19;66,5;98;8,5;jah
2012-10-20;67,8;100;8,8;jah
2012-10-21;68,4;100;9;jah
2012-10-22;69,4;102;9,1;jah
2012-10-23;68,9;100;8,4;jah
2012-10-24;67,8;97;7,9;jah
2012-10-25;67,9;97;7,1;jah
2012-10-26;68,5;97;6;jah
2012-10-27;68,4;96;4,8;jah
2012-10-28;69,4;97;4;jah
2012-10-29;68,9;96;3,4;jah
2012-10-30;69;95;2,7;jah
2012-10-31;68,8;94;2,2;jah
2012-11-01;67,9;92;2,2;jah
2012-11-02;68,8;94;2,3;jah
2012-11-03;72,1;100;2,8;jah
2012-11-04;77,3;109;3,5;jah
2012-11-05;81,7;117;3,9;jah
2012-11-06;89,6;130;4,2;jah
2012-11-07;93,5;136;4,1;jah
2012-11-08;95,8;140;3,6;jah
2012-11-09;96,8;141;3,1;jah
2012-11-10;95,9;138;2,3;jah
2012-11-11;95,5;137;1,9;jah
2012-11-12;97;139;2,4;jah
2012-11-13;98,4;141;2,6;jah
2012-11-14;99,5;142;2,7;jah
2012-11-15;100;142;3,8;jah
2012-11-16;101;143;4,3;jah
2012-11-17;102;143;4,4;jah
2012-11-18;101;142;4,5;jah
2012-11-19;100;139;4,2;jah
2012-11-20;98,8;136;3,9;jah
2012-11-21;96,4;133;3,8;jah
2012-11-22;93,8;131;3,9;jah
2012-11-23;91,3;128;3,9;jah
2012-11-24;89;126;4,1;jah
2012-11-25;86,9;124;4,2;jah
2012-11-26;84,9;122;4;jah
2012-11-27;82,7;120;3,5;jah
2012-11-28;82,1;120;2,8;jah
2012-11-29;81,5;121;1,8;jah
2012-11-30;79,2;122;0,3;jah
2012-12-01;71,1;113;0;jah
2012-12-02;71,4;121;0;jah
2012-12-03;72,6;131;0;jah
2012-12-04;72,7;138;0;jah
2012-12-05;70,7;142;0;jah
2012-12-06;71,2;152;0;jah
2012-12-07;72,4;162;0;jah
2012-12-08;76,5;173;0;jah
2012-12-09;72,8;167;0;jah
2012-12-10;63,5;150;0;jah
2012-12-11;56,6;137;0;jah
2012-12-12;53,4;132;0;jah
2012-12-13;53,4;132;0;jah
2012-12-14;53;130;0;jah
2012-12-15;53,3;131;0;jah
2012-12-16;52,4;128;0;jah
2012-12-17;51,9;126;0;jah
2012-12-18;52;125;0;jah
2012-12-19;51,1;122;0;jah
2012-12-20;49,6;118;0;jah
2012-12-21;49;116;0;jah
2012-12-22;48,6;114;0;jah
2012-12-23;48,5;113;0;jah
2012-12-24;48,6;113;0;jah
2012-12-25;49,1;114;0;jah
2012-12-26;50,3;117;0;jah
2012-12-27;52;120;0;jah
2012-12-28;55,5;126;0;jah
2012-12-29;58,8;130;0;jah
2012-12-30;61,9;134;0;jah
2012-12-31;64,9;137;0;jah
2013-01-01;69,1;143;0;jah
2013-01-02;76,5;155;0;jah
2013-01-03;84,9;168;0;jah
2013-01-04;91,5;177;0;jah
2013-01-05;94,4;182;0;jah
2013-01-06;95,3;185;0;jah
2013-01-07;95,4;186;0;jah
2013-01-08;94,4;185;0;jah
2013-01-09;92,6;183;0;jah
2013-01-10;91,5;182;0;jah
2013-01-11;90,8;182;0;jah
2013-01-12;87,8;177;0;jah
2013-01-13;83,3;170;0;jah
2013-01-14;79,1;163;0;jah
2013-01-15;76,1;159;0;jah
2013-01-16;74,1;156;0;jah
2013-01-17;72,3;153;0;jah
2013-01-18;70,6;151;0;jah
2013-01-19;68,9;148;0;jah
2013-01-20;67,1;145;0;jah
2013-01-21;65,6;143;0;jah
2013-01-22;64,4;141;0;jah
2013-01-23;63,4;140;0;jah
2013-01-24;62,7;140;0;jah
2013-01-25;62,5;139;0;jah
2013-01-26;62,5;139;0;jah
2013-01-27;62,3;139;0;jah
2013-01-28;62,3;139;0;jah
2013-01-29;61,9;138;0;jah
2013-01-30;61,5;137;0;jah
2013-01-31;61,6;137;0;jah
2013-02-01;62,6;140;0;jah
2013-02-02;65,6;147;0;jah
2013-02-03;67,8;152;0;jah
2013-02-04;69,4;155;0;jah
2013-02-05;70,2;157;0;jah
2013-02-06;70,6;157;0;jah
2013-02-07;73,5;159;0,1;jah
2013-02-08;76,9;162;0,1;jah
2013-02-09;80,3;164;0,2;jah
2013-02-10;83,1;165;0,4;jah
2013-02-11;82,4;159;0,5;jah
2013-02-12;79,6;149;0,5;jah
2013-02-13;77,8;142;0,6;jah
2013-02-14;76,5;135;0,7;jah
2013-02-15;75,2;128;0,6;jah
2013-02-16;74,8;124;0,5;jah
2013-02-17;74,9;120;0,3;jah
2013-02-18;76;119;0,5;jah
2013-02-19;76,5;117;0,4;jah
2013-02-20;75,2;116;0,1;jah
2013-02-21;75;120;0,2;jah
2013-02-22;74,8;122;0,1;jah
2013-02-23;74,6;120;0,3;jah
2013-02-24;74,1;119;0,2;jah
2013-02-25;73,2;118;0,2;jah
2013-02-26;72;116;0,3;jah
2013-02-27;69,8;112;0,8;jah
2013-02-28;67,5;109;1,1;jah
2013-03-01;66,4;106;1;jah
2013-03-02;65,6;104;0,4;jah
2013-03-03;65,6;106;0,1;jah
2013-03-04;65,5;116;0;jah
2013-03-05;65,5;116;0,4;jah
2013-03-06;65,4;108;1,1;jah
2013-03-07;65,1;102;0,8;jah
2013-03-08;64,5;100;0,4;jah
2013-03-09;64;99;0,3;jah
2013-03-10;63,7;102;0,1;jah
2013-03-11;63,3;106;0;jah
2013-03-12;62,8;106;0,2;jah
2013-03-13;62,4;104;0,3;jah
2013-03-14;62;101;0,5;jah
2013-03-15;61,5;99;0,4;jah
2013-03-16;60,4;97;0,3;jah
2013-03-17;59,6;97;0,4;jah
2013-03-18;58,6;95;0,4;jah
2013-03-19;57,9;94;0,4;jah
2013-03-20;56,6;92;0,5;jah
2013-03-21;55,4;90;0,4;jah
2013-03-22;55,2;91;0,3;jah
2013-03-23;55,2;90;0,3;jah
2013-03-24;54,7;89;0,8;jah
2013-03-25;53,8;86;1,2;jah
2013-03-26;53;84;1,3;jah
2013-03-27;52,3;81;1,2;jah
2013-03-28;51,6;79;1,4;jah
2013-03-29;51,5;79;1,4;jah
2013-03-30;51,6;79;1,4;jah
2013-03-31;51,3;77;1,6;jah
2013-04-01;51,3;77;1,5;jah
2013-04-02;51,1;76;1,6;jah
2013-04-03;51,2;76;2;jah
2013-04-04;51,3;76;1,8;jah
2013-04-05;51,5;76;1,6;jah
2013-04-06;52,1;75;1,6;jah
2013-04-07;52,9;75;2;jah
2013-04-08;53,6;75;2,2;jah
2013-04-09;54,6;75;2,1;jah
2013-04-10;55,6;75;2,3;jah
2013-04-11;56,8;76;2,4;jah
2013-04-12;58,7;78;2,5;jah
2013-04-13;64,9;91;2,3;jah
2013-04-14;78,9;118;1,7;jah
2013-04-15;92,7;142;1,4;jah
2013-04-16;107;166;1,4;jah
2013-04-17;120;187;1,2;jah
2013-04-18;134;204;1,2;jah
2013-04-19;148;220;2;jah
2013-04-20;160;232;2,3;jah
2013-04-21;169;242;2,5;jah
2013-04-22;175;248;3,1;jah
2013-04-23;179;253;3,4;jah
2013-04-24;181;256;4,5;jah
2013-04-25;183;258;6,1;jah
2013-04-26;184;260;6,5;jah
2013-04-27;184;261;6,3;jah
2013-04-28;184;261;6,4;jah
2013-04-29;182;260;7,3;jah
2013-04-30;180;259;8,1;jah
2013-05-01;178;256;8,5;jah
2013-05-02;174;253;9,7;jah
2013-05-03;170;250;10,5;jah
2013-05-04;166;245;11,5;jah
2013-05-05;161;241;12,3;jah
2013-05-06;156;235;12,1;jah
2013-05-07;150;229;13,2;jah
2013-05-08;144;223;14,5;jah
2013-05-09;138;217;16,1;jah
2013-05-10;133;212;17,2;jah
2013-05-11;129;208;17,9;jah
2013-05-12;126;205;17,4;jah
2013-05-13;123;202;16,4;jah
2013-05-14;121;200;16,4;jah
2013-05-15;118;197;16,8;jah
2013-05-16;115;194;17,4;jah
2013-05-17;112;190;18,3;jah
2013-05-18;109;188;19,7;jah
2013-05-19;108;187;20,4;jah
2013-05-20;107;187;21,5;jah
2013-05-21;106;186;21,3;jah
2013-05-22;105;185;19,1;jah
2013-05-23;103;184;18,2;jah
2013-05-24;101;182;19;jah
2013-05-25;100;181;18,5;jah
2013-05-26;99,6;181;16,8;jah
2013-05-27;98;179;16,9;jah
2013-05-28;96,5;177;18,3;jah
2013-05-29;95,1;176;18,6;jah
2013-05-30;94;175;18,8;jah
2013-05-31;92,6;173;19,7;jah
2013-06-01;90,8;171;20,4;jah
2013-06-02;88,7;168;21,5;jah
2013-06-03;86,6;165;22,3;jah
2013-06-04;84,5;162;22,8;jah
2013-06-05;82,8;160;23;jah
2013-06-06;81,3;157;23,5;jah
2013-06-07;79,9;154;22,9;jah
2013-06-08;78,5;152;22,3;jah
2013-06-09;77,1;149;22,4;jah
2013-06-10;75,8;147;22,2;jah
2013-06-11;74,6;144;21,2;jah
2013-06-12;73,3;142;20,3;jah
2013-06-13;72,7;141;20;jah
2013-06-14;71,6;139;20,2;jah
2013-06-15;70,2;136;19,9;jah
2013-06-16;69,1;135;19,3;jah
2013-06-17;68;133;18,6;jah
2013-06-18;66,8;131;18,1;jah
2013-06-19;66,4;131;18,2;jah
2013-06-20;65,8;130;18,7;jah
2013-06-21;64,9;129;19;jah
2013-06-22;64,2;128;19,6;jah
2013-06-23;63,1;126;20,6;jah
2013-06-24;62,4;125;21,6;jah
2013-06-25;61,6;124;21,9;jah
2013-06-26;60,9;123;22,1;jah
2013-06-27;61,1;124;22,4;jah
2013-06-28;60,8;123;22,5;jah
2013-06-29;60,8;123;22,3;jah
2013-06-30;59,7;120;21,8;jah
2013-07-01;59,3;119;21,6;jah
2013-07-02;58,6;118;21,4;jah
2013-07-03;58,4;117;21,4;jah
2013-07-04;58;116;21,9;jah
2013-07-05;57,6;115;22,6;jah
2013-07-06;57,1;113;23,4;jah
2013-07-07;56,6;112;23,1;jah
2013-07-08;55,8;110;22,9;jah
2013-07-09;55,5;109;22,8;jah
2013-07-10;54,4;108;23;jah
2013-07-11;53,5;107;22,9;jah
2013-07-12;52,7;106;23,1;jah
2013-07-13;51,7;104;22,9;jah
2013-07-14;50,6;103;22,7;jah
2013-07-15;49,5;101;22,9;jah
2013-07-16;48;98;22,7;jah
2013-07-17;46,5;95;22;jah
2013-07-18;45,4;93;21,1;jah
2013-07-19;45,8;96;20,9;jah
2013-07-20;44,7;94;20,1;jah
2013-07-21;43,7;92;19,5;jah
2013-07-22;43,4;92;18,4;jah
2013-07-23;43,6;94;18,2;jah
2013-07-24;44,5;96;18,2;jah
2013-07-25;44,6;94;18,5;jah
2013-07-26;44,2;92;18,9;jah
2013-07-27;44,5;92;19,3;jah
2013-07-28;44,9;92;20,2;jah
2013-07-29;45,1;91;20,9;jah
2013-07-30;45,2;90;21,5;jah
2013-07-31;45,1;88;21,1;jah
2013-08-01;44,7;86;20,6;jah
2013-08-02;44,7;86;20,3;jah
2013-08-03;44,5;85;20,3;jah
2013-08-04;44,2;85;20,8;jah
2013-08-05;43,7;84;21,2;jah
2013-08-06;43,2;83;21,9;jah
2013-08-07;42,8;82;22,6;jah
2013-08-08;42,4;82;23,6;jah
2013-08-09;41,7;80;24,1;jah
2013-08-10;40,7;78;23,8;jah
2013-08-11;41,7;81;22,5;jah
2013-08-12;40,2;77;21,2;jah
2013-08-13;40,2;78;20,4;jah
2013-08-14;40,1;77;19,5;jah
2013-08-15;39,6;76;18,6;jah
2013-08-16;39,5;76;18,4;jah
2013-08-17;39,5;76;18,2;jah
2013-08-18;39,3;76;18,6;jah
2013-08-19;38,9;75;18,8;jah
2013-08-20;38,8;75;19,1;jah
2013-08-21;38,8;75;19,4;jah
2013-08-22;38,2;73;19,6;jah
2013-08-23;38,4;74;19,4;jah
2013-08-24;37,4;71;18,8;jah
2013-08-25;37;70;18,4;jah
2013-08-26;36,3;68;18,3;jah
2013-08-27;35,9;67;18,4;jah
2013-08-28;35,7;66;18,5;jah
2013-08-29;35,2;64;18,5;jah
2013-08-30;35;63;18,6;jah
2013-08-31;34,9;62;18,9;jah
2013-09-01;34,8;61;18,9;jah
2013-09-02;35,1;62;18,3;jah
2013-09-03;35,8;64;17,6;jah
2013-09-04;34,3;59;17;jah
2013-09-05;34;57;16,9;jah
2013-09-06;33,9;57;16,8;jah
2013-09-07;33,6;55;16,6;jah
2013-09-08;32,8;52;16,4;jah
2013-09-09;32,8;52;16,7;jah
2013-09-10;33;53;17;jah
2013-09-11;32,7;52;17,1;jah
2013-09-12;32,4;51;17;jah
2013-09-13;32,3;50;16,9;jah
2013-09-14;32,3;50;16,6;jah
2013-09-15;31,9;49;16,2;jah
2013-09-16;31,3;47;15,8;jah
2013-09-17;31,3;47;15,4;jah
2013-09-18;31,5;48;15,3;jah
2013-09-19;31,4;48;15,4;jah
2013-09-20;30,8;45;15,3;jah
2013-09-21;30,2;43;15,1;jah
2013-09-22;29,8;42;14,8;jah
2013-09-23;30,3;44;14,2;jah
2013-09-24;31,1;46;13,3;jah
2013-09-25;29,6;41;12;jah
2013-09-26;28,2;36;10,7;jah
2013-09-27;28,7;38;9,7;jah
2013-09-28;29,3;41;9;jah
2013-09-29;29,4;41;8,9;jah
2013-09-30;28,8;39;8,7;jah
2013-10-01;28,6;38;8,3;jah
2013-10-02;28,4;37;8;jah
2013-10-03;27,9;35;7,7;jah
2013-10-04;27,7;34;7,5;jah
2013-10-05;27,6;34;7,5;jah
2013-10-06;27,5;33;7,6;jah
2013-10-07;27,1;32;8;jah
2013-10-08;27,2;32;8,8;jah
2013-10-09;26,8;31;9,5;jah
2013-10-10;27,2;32;9,8;jah
2013-10-11;27,2;32;10,1;jah
2013-10-12;26,7;30;9,8;jah
2013-10-13;26,3;28;9,4;jah
2013-10-14;26,6;29;8,9;jah
2013-10-15;26,1;27;8,5;jah
2013-10-16;26,9;30;8,5;jah
2013-10-17;26,5;27;7,7;jah
2013-10-18;27;29;7,5;jah
2013-10-19;27;27;6,6;jah
2013-10-20;27;27;5,7;jah
2013-10-21;27,2;27;4,5;jah
2013-10-22;27,2;26;3,8;jah
2013-10-23;26,9;25;3,8;jah
2013-10-24;27,9;27;4,8;jah
2013-10-25;27,2;22;5,6;jah
2013-10-26;28,3;25;6,2;jah
2013-10-27;29;26;7;jah
2013-10-28;29,8;27;7,7;jah
2013-10-29;28,5;21;8,2;jah
2013-10-30;30,9;28;8,4;jah
2013-10-31;32,3;31;8,4;jah
2013-11-01;32,6;30;8,1;jah
2013-11-02;34;33;7,9;jah
2013-11-03;35,2;35;7,7;jah
2013-11-04;37,1;40;7,7;jah
2013-11-05;41,2;50;7,2;jah
2013-11-06;43,8;56;6,9;jah
2013-11-07;44,2;58;6,6;jah
2013-11-08;43,9;57;6,3;jah
2013-11-09;43,4;56;6;jah
2013-11-10;43,7;57;5,7;jah
2013-11-11;43,7;57;5,2;jah
2013-11-12;42,9;55;5,2;jah
2013-11-13;42,1;54;5,2;jah
2013-11-14;41,6;52;4,9;jah
2013-11-15;40,6;50;4,6;jah
2013-11-16;39,7;47;4,7;jah
2013-11-17;39,2;45;5;jah
2013-11-18;39,6;46;4,3;jah
2013-11-19;39,9;47;3,9;jah
2013-11-20;40,5;48;3,7;jah
2013-11-21;40,9;49;3,9;jah
2013-11-22;40,6;47;4,3;jah
2013-11-23;40,7;47;4,7;jah
2013-11-24;40,7;47;4,6;jah
2013-11-25;41,1;48;3,8;jah
2013-11-26;41,3;48;3;jah
2013-11-27;39,6;43;2,2;jah
2013-11-28;39,8;43;2,1;jah
2013-11-29;40,4;46;1,8;jah
2013-11-30;40,3;46;1,2;jah
2013-12-01;39,7;45;0,7;jah
2013-12-02;37,9;47;0,1;jah
2013-12-03;35;33;0,1;jah
2013-12-04;37,1;40;0,6;jah
2013-12-05;39,2;46;0,6;jah
2013-12-06;42,5;57;0,6;jah
2013-12-07;44,4;62;0,6;jah
2013-12-08;43,8;61;0,4;jah
2013-12-09;43,4;61;0,2;jah
2013-12-10;41,8;58;0;jah
2013-12-11;40,9;79;0;jah
2013-12-12;40,9;66;0,4;jah
2013-12-13;42;53;0,8;jah
2013-12-14;43,8;54;0,2;jah
2013-12-15;43,5;55;0;jah
2013-12-16;45,3;68;0,1;jah
2013-12-17;47,1;59;0,7;jah
2013-12-18;47,5;56;1,2;jah
2013-12-19;48,6;58;1,2;jah
2013-12-20;49,2;58;1,2;jah
2013-12-21;49,4;58;1,4;jah
2013-12-22;49,2;57;1,9;jah
2013-12-23;49,6;57;2,1;jah
2013-12-24;50,1;58;2,1;jah
2013-12-25;51,6;60;2,1;jah
2013-12-26;52,1;61;1,9;jah
2013-12-27;52,6;61;1,9;jah
2013-12-28;53,1;62;2,3;jah
2013-12-29;53,9;63;2,8;jah
2013-12-30;55;65;3,3;jah
2013-12-31;56,5;70;3,3;jah
2014-01-01;58,6;72;2,8;jah
2014-01-02;58,9;72;2,3;jah
2014-01-03;58,3;70;1,9;jah
2014-01-04;57,5;68;1,7;jah
2014-01-05;57,1;67;1,6;jah
2014-01-06;57;66;1,6;jah
2014-01-07;56,5;65;1,8;jah
2014-01-08;58,2;69;2,5;jah
2014-01-09;62,8;78;3,1;jah
2014-01-10;68,4;90;3,5;jah
2014-01-11;73,4;101;3,4;jah
2014-01-12;74,2;105;2,9;jah
2014-01-13;71,9;103;1,6;jah
2014-01-14;66,7;94;0,3;jah
2014-01-15;62,8;101;0;jah
2014-01-16;59,4;87;0;jah
2014-01-17;56,1;80;0;jah
2014-01-18;54,9;80;0;jah
2014-01-19;53,8;80;0;jah
2014-01-20;52,1;79;0;jah
2014-01-21;50,1;77;0;jah
2014-01-22;48;74;0;jah
2014-01-23;44,7;72;0;jah
2014-01-24;42,7;69;0;jah
2014-01-25;41,4;67;0;jah
2014-01-26;40,6;66;0;jah
2014-01-27;40,1;67;0;jah
2014-01-28;39,6;67;0;jah
2014-01-29;39;66;0;jah
2014-01-30;38,3;66;0;jah
2014-01-31;37,6;65;0;jah
2014-02-01;36,8;64;0;jah
2014-02-02;36,1;64;0;jah
2014-02-03;35,4;63;0;jah
2014-02-04;35;63;0;jah
2014-02-05;35,2;64;0;jah
2014-02-06;35,4;64;0;jah
2014-02-07;35,4;64;0;jah
2014-02-08;35,7;64;0;jah
2014-02-09;36;65;0;jah
2014-02-10;36,4;66;0;jah
2014-02-11;37,1;68;0;jah
2014-02-12;38;70;0;jah
2014-02-13;39,4;75;0;jah
2014-02-14;41,1;79;0;jah
2014-02-15;42,9;80;0;jah
2014-02-16;45,1;82;0;jah
2014-02-17;47,8;86;0;jah
2014-02-18;51,8;93;0;jah
2014-02-19;53,5;93;0;jah
2014-02-20;54,6;91;0;jah
2014-02-21;56,2;92;0,1;jah
2014-02-22;57,4;91;0,3;jah
2014-02-23;56,9;85;0,8;jah
2014-02-24;53,5;74;1;jah
2014-02-25;52,6;69;1;jah
2014-02-26;52,4;66;0,8;jah
2014-02-27;51,6;64;0,8;jah
2014-02-28;50,9;62;1,2;jah
2014-03-01;50,2;60;1,1;jah
2014-03-02;49,5;59;1,2;jah
2014-03-03;49,1;58;1,6;jah
2014-03-04;48,9;58;1,8;jah
2014-03-05;48,6;57;1,7;jah
2014-03-06;48,4;57;1,8;jah
2014-03-07;48;56;2,3;jah
2014-03-08;47,7;55;2,7;jah
2014-03-09;47,7;56;2,6;jah
2014-03-10;48;57;2,9;jah
2014-03-11;49;59;3,3;jah
2014-03-12;50;60;3,1;jah
2014-03-13;50,6;62;3;jah
2014-03-14;50,8;61;3,2;jah
2014-03-15;51,8;64;3;jah
2014-03-16;53;66;2,1;jah
2014-03-17;53,6;66;1,3;jah
2014-03-18;53,8;66;0,9;jah
2014-03-19;53,6;65;1,1;jah
2014-03-20;53;63;1,3;jah
2014-03-21;52,1;61;1,8;jah
2014-03-22;54,3;66;2,8;jah
2014-03-23;59,4;77;2,7;jah
2014-03-24;64,5;87;3,3;jah
2014-03-25;67,6;93;3,2;jah
2014-03-26;68,5;95;3,2;jah
2014-03-27;67,9;95;3,4;jah
2014-03-28;67,3;95;3,6;jah
2014-03-29;66;92;3,9;jah
2014-03-30;64;89;4,1;jah
2014-03-31;62,7;87;4,1;jah
2014-04-01;60,3;83;3,7;jah
2014-04-02;58,9;81;3,6;jah
2014-04-03;57,2;78;3,5;jah
2014-04-04;56,6;77;3,8;jah
2014-04-05;54,6;73;3,9;jah
2014-04-06;53,7;72;3,9;jah
2014-04-07;53,8;74;4,2;jah
2014-04-08;54,7;77;4,9;jah
2014-04-09;56,1;81;5,2;jah
2014-04-10;56,5;82;5,2;jah
2014-04-11;54,4;79;5,4;jah
2014-04-12;53,6;78;5,5;jah
2014-04-13;52,9;77;5,6;jah
2014-04-14;52,8;78;5,9;jah
2014-04-15;52,5;78;6,4;jah
2014-04-16;51,7;77;6,9;jah
2014-04-17;50,4;75;7,3;jah
2014-04-18;50,1;76;7,8;jah
2014-04-19;49,5;75;8,6;jah
2014-04-20;48,5;73;9,6;jah
2014-04-21;47,7;72;10,5;jah
2014-04-22;46,8;71;11,4;jah
2014-04-23;46,1;70;11,8;jah
2014-04-24;44,5;67;11,3;jah
2014-04-25;43,4;65;11,1;jah
2014-04-26;43,2;64;11,2;jah
2014-04-27;43;63;11,9;jah
2014-04-28;42,8;62;12,8;jah
2014-04-29;42,1;60;13,3;jah
2014-04-30;42;59;13,6;jah
2014-05-01;41,9;58;13,1;jah
2014-05-02;41,9;58;11,8;jah
2014-05-03;41,2;56;10,8;jah
2014-05-04;41,4;56;10,2;jah
2014-05-05;41,6;56;9,7;jah
2014-05-06;41,7;54;9,4;jah
2014-05-07;41,7;53;9,3;jah
2014-05-08;43,1;55;9,4;jah
2014-05-09;43,3;54;10,3;jah
2014-05-10;44,5;56;11,1;jah
2014-05-11;45,7;58;11,9;jah
2014-05-12;48,1;63;12,4;jah
2014-05-13;52,4;72;12,1;jah
2014-05-14;60,9;91;11,6;jah
2014-05-15;66,7;101;11,9;jah
2014-05-16;65,9;99;12,5;jah
2014-05-17;63,9;96;13,3;jah
2014-05-18;61,6;93;14,5;jah
2014-05-19;58,5;87;16,3;jah
2014-05-20;56;83;18,4;jah
2014-05-21;55,1;83;19,5;jah
2014-05-22;54,6;83;19,8;jah
2014-05-23;54,1;84;20,4;jah
2014-05-24;53,5;84;21,2;jah
2014-05-25;52,3;82;22;jah
2014-05-26;50,3;78;22,7;jah
2014-05-27;48;74;21,4;jah
2014-05-28;46,5;72;19;jah
2014-05-29;44,3;68;16,9;jah
2014-05-30;43,1;66;15,8;jah
2014-05-31;42,3;66;15,5;jah
2014-06-01;41,4;65;15,2;jah
2014-06-02;40,9;65;15,2;jah
2014-06-03;40,2;65;15,8;jah
2014-06-04;39,2;64;17,4;jah
2014-06-05;38,3;62;19;jah
2014-06-06;38,2;62;20,5;jah
2014-06-07;38,9;63;20,8;jah
2014-06-08;38,8;62;19,9;jah
2014-06-09;38,9;61;19,4;jah
2014-06-10;40,9;67;19,2;jah
2014-06-11;42,2;69;19,4;jah
2014-06-12;42,6;69;19;jah
2014-06-13;43,2;70;18,1;jah
2014-06-14;44,7;74;17,8;jah
2014-06-15;45,6;74;17,6;jah
2014-06-16;44,3;70;17,2;jah
2014-06-17;44,5;70;16;jah
2014-06-18;43,5;66;14,7;jah
2014-06-19;43,4;65;14,4;jah
2014-06-20;45;69;14,7;jah
2014-06-21;46,6;71;15;jah
2014-06-22;48,1;73;14,8;jah
2014-06-23;49,3;75;14,6;jah
2014-06-24;50,8;77;14,9;jah
2014-06-25;51,8;77;15;jah
2014-06-26;52,1;76;14,8;jah
2014-06-27;52,2;74;14,8;jah
2014-06-28;51,5;71;15,6;jah
2014-06-29;51,4;69;15,6;jah
2014-06-30;52,6;70;15,8;jah
2014-07-01;54,7;75;15,7;jah
2014-07-02;60,4;86;15,5;jah
2014-07-03;65,8;96;15,8;jah
2014-07-04;65,9;97;16,2;jah
2014-07-05;64,4;96;16,8;jah
2014-07-06;62,4;93;17,9;jah
2014-07-07;60,6;91;19,1;jah
2014-07-08;58,7;88;20,3;jah
2014-07-09;56;83;21,3;jah
2014-07-10;53,2;78;21,6;jah
2014-07-11;50,3;73;21,1;jah
2014-07-12;47;66;20,3;jah
2014-07-13;44,6;61;20,4;jah
2014-07-14;42,3;57;20,9;jah
2014-07-15;40,7;54;21,4;jah
2014-07-16;39,5;52;22,2;jah
2014-07-17;38,5;50;22,5;jah
2014-07-18;37,9;49;22,6;jah
2014-07-19;37,3;48;22,6;jah
2014-07-20;37,1;48;22,2;jah
2014-07-21;37;48;22,2;jah
2014-07-22;36,5;47;22,4;jah
2014-07-23;35,3;44;22,8;jah
2014-07-24;34,5;42;23,2;jah
2014-07-25;33,9;41;23,9;jah
2014-07-26;33;38;24,3;jah
2014-07-27;32,3;37;24,7;jah
2014-07-28;31,9;36;25;jah
2014-07-29;31,8;36;25,6;jah
2014-07-30;31,4;35;26;jah
2014-07-31;31;34;25,9;jah
2014-08-01;30,9;33;25,7;jah
2014-08-02;30,6;33;25,1;jah
2014-08-03;30,4;32;24,7;jah
2014-08-04;30;31;24,9;jah
2014-08-05;29,6;30;24,9;jah
2014-08-06;29,3;28;24,9;jah
2014-08-07;28,7;26;24,8;jah
2014-08-08;28,4;25;24,7;jah
2014-08-09;28,5;26;24;jah
2014-08-10;28;24;23,5;jah
2014-08-11;28;24;23,4;jah
2014-08-12;28,6;24;23,8;jah
2014-08-13;28,9;23;23,2;jah
2014-08-14;30;26;21,6;jah
2014-08-15;30,2;24;20,6;jah
2014-08-16;29,9;21;20,3;jah
2014-08-17;30,3;20;20;jah
2014-08-18;30,5;19;19,7;jah
2014-08-19;31,1;20;19,1;jah
2014-08-20;31,8;20;18,1;jah
2014-08-21;31,7;18;17,3;jah
2014-08-22;32;17;17;jah
2014-08-23;32;16;17;jah
2014-08-24;32,2;16;17,1;jah
2014-08-25;34,2;22;16,8;jah
2014-08-26;33,5;19;16,2;jah
2014-08-27;37,6;32;15,5;jah
2014-08-28;41,8;42;15,3;jah
2014-08-29;44;47;15,2;jah
2014-08-30;46,1;52;15,1;jah
2014-08-31;47,1;53;15;jah
2014-09-01;46,8;52;14,8;jah
2014-09-02;45,1;48;14,6;jah
2014-09-03;42,9;42;14,7;jah
2014-09-04;40,9;38;15;jah
2014-09-05;39,4;34;15,7;jah
2014-09-06;38,3;32;15,9;jah
2014-09-07;37,3;30;16,3;jah
2014-09-08;36,5;28;16,7;jah
2014-09-09;35,7;26;16,9;jah
2014-09-10;35,5;26;17;jah
2014-09-11;34,9;25;17,2;jah
2014-09-12;34,5;24;17,2;jah
2014-09-13;34,6;25;17,1;jah
2014-09-14;34,2;24;16,7;jah
2014-09-15;33,2;22;15,9;jah
2014-09-16;32,9;21;15,6;jah
2014-09-17;32,8;20;15,1;jah
2014-09-18;32,8;19;15;jah
2014-09-19;32,7;17;14,9;jah
2014-09-20;32,8;16;14,6;jah
2014-09-21;32,7;15;14,4;jah
2014-09-22;32,8;15;14,3;jah
2014-09-23;34,3;18;13,5;jah
2014-09-24;32,7;12;12,1;jah
2014-09-25;32,7;14;11;jah
2014-09-26;33,6;17;10,5;jah
2014-09-27;32,5;14;10,6;jah
2014-09-28;31,5;12;10,8;jah
2014-09-29;31,2;12;11,1;jah
2014-09-30;30,8;12;10,8;jah
2014-10-01;30,7;12;10,4;jah
2014-10-02;29,9;10;9,7;jah
2014-10-03;29,5;10;9,2;jah
2014-10-04;29,1;9;9,5;jah
2014-10-05;29,2;11;9,4;jah
2014-10-06;29,1;11;8,9;jah
2014-10-07;28,7;9;8,3;jah
2014-10-08;28;6;7,7;jah
2014-10-09;28,4;8;7,9;jah
2014-10-10;28,7;8;8,3;jah
2014-10-11;29,2;10;9,1;jah
2014-10-12;30,3;13;9,3;jah
2014-10-13;31,1;15;9,4;jah
2014-10-14;31,6;17;9,4;jah
2014-10-15;33,9;23;9,3;jah
2014-10-16;33,8;21;8,5;jah
2014-10-17;33,1;18;7,4;jah
2014-10-18;32,9;15;6,3;jah
2014-10-19;32,5;13;5,5;jah
2014-10-20;34,1;17;5,8;jah
2014-10-21;36,3;22;5,8;jah
2014-10-22;37,7;24;5;jah
2014-10-23;38,4;24;3,5;jah
2014-10-24;37,9;22;2;jah
2014-10-25;37,9;20;1,2;jah
2014-10-26;38,2;20;0,8;jah
2014-10-27;37,9;18;1,5;jah
2014-10-28;37,1;16;3,2;jah
2014-10-29;37,4;18;3,8;jah
2014-10-30;38,1;20;3,8;jah
2014-10-31;37,6;19;4,1;jah
2014-11-01;37,6;19;3,6;jah
2014-11-02;37,1;18;3,3;jah
2014-11-03;37,4;19;3,6;jah
2014-11-04;37,2;19;4,2;jah
2014-11-05;37,3;20;4,7;jah
2014-11-06;37,6;21;4,9;jah
2014-11-07;36,9;19;5,2;jah
2014-11-08;36,8;19;5,2;jah
2014-11-09;37,2;20;4,9;jah
2014-11-10;37,6;21;4,3;jah
2014-11-11;37,7;22;4,4;jah
2014-11-12;37,7;22;4,9;jah
2014-11-13;37,9;22;5,2;jah
2014-11-14;38;23;5,3;jah
2014-11-15;37,5;22;5,2;jah
2014-11-16;37,6;22;4,7;jah
2014-11-17;37,7;22;3,9;jah
2014-11-18;36,6;19;2,9;jah
2014-11-19;36;18;1,7;jah
2014-11-20;35,1;16;0,8;jah
2014-11-21;34,4;15;0,3;jah
2014-11-22;33,4;13;0,3;jah
2014-11-23;33,7;15;0,4;jah
2014-11-24;33,6;15;0,4;jah
2014-11-25;33;14;0;jah
2014-11-26;32;12;0;jah
2014-11-27;31,8;12;0,1;jah
2014-11-28;31,3;11;0;jah
2014-11-29;30,7;14;0;jah
2014-11-30;30,5;15;0;jah
2014-12-01;30;10;0;jah
2014-12-02;30;9;0;jah
2014-12-03;29,4;8;0;jah
2014-12-04;29,1;8;0;jah
2014-12-05;30,4;13;0;jah
2014-12-06;31;16;0;jah
2014-12-07;32;20;0;jah
2014-12-08;33,5;23;0;jah
2014-12-09;35,5;26;0;jah
2014-12-10;36,6;27;0;jah
2014-12-11;37,5;27;0;jah
2014-12-12;38,7;28;0;jah
2014-12-13;39;27;0;jah
2014-12-14;42,7;35;0;jah
2014-12-15;47,1;43;0,1;jah
2014-12-16;49,8;46;0,2;jah
2014-12-17;50,1;44;0,5;jah
2014-12-18;50;42;0,7;jah
2014-12-19;50,6;42;0,9;jah
2014-12-20;52,7;45;1,1;jah
2014-12-21;55;52;1;jah
2014-12-22;55,8;57;0,4;jah
2014-12-23;55;58;0,3;jah
2014-12-24;52,4;55;0,1;jah
2014-12-25;51;58;0;jah
2014-12-26;50,8;85;0;jah
2014-12-27;50,5;81;0;jah
2014-12-28;50,1;66;0;jah
2014-12-29;49,2;67;0;jah
2014-12-30;48,6;69;0;jah
2014-12-31;46,6;67;0;jah
2015-01-01;45,3;69;0;jah
2015-01-02;47,1;79;0;jah
2015-01-03;54,5;98;0;jah
2015-01-04;60,7;111;0;jah
2015-01-05;63,5;116;0;jah
2015-01-06;61,7;110;0;jah
2015-01-07;58,9;103;0;jah
2015-01-08;56,2;95;0;jah
2015-01-09;55,2;93;0;jah
2015-01-10;56,5;95;0;jah
2015-01-11;57,5;96;0;jah
2015-01-12;57,4;94;0;jah
2015-01-13;56,9;93;0;jah
2015-01-14;58,7;96;0;jah
2015-01-15;61;100;0;jah
2015-01-16;63;103;0;jah
2015-01-17;65,4;108;0;jah
2015-01-18;69,1;115;0;jah
2015-01-19;72,4;120;0;jah
2015-01-20;73,7;122;0;jah
2015-01-21;73,9;121;0;jah
2015-01-22;72,7;117;0;jah
2015-01-23;71,7;115;0;jah
2015-01-24;70,4;111;0;jah
2015-01-25;68,5;108;0;jah
2015-01-26;66,9;104;0;jah
2015-01-27;65,1;101;0;jah
2015-01-28;63,6;97;0;jah
2015-01-29;62,5;95;0;jah
2015-01-30;61,7;93;0;jah
2015-01-31;61,7;94;0;jah
2015-02-01;63,8;99;0;jah
2015-02-02;66,9;105;0;jah
2015-02-03;68,3;108;0;jah
2015-02-04;67,4;106;0;jah
2015-02-05;66,7;104;0;jah
2015-02-06;66,1;105;0;jah
2015-02-07;65,5;105;0;jah
2015-02-08;64,9;107;0;jah
2015-02-09;64,3;106;0;jah
2015-02-10;63,7;104;0;jah
2015-02-11;63,1;104;0;jah
2015-02-12;62,5;103;0,1;jah
2015-02-13;61,9;104;0,2;jah
2015-02-14;61,4;102;0,3;jah
2015-02-15;60,8;93;0,3;jah
2015-02-16;60,4;85;0;jah
2015-02-17;61,2;90;0;jah
2015-02-18;62,1;94;0;jah
2015-02-19;62,9;89;0,4;jah
2015-02-20;63,8;85;1,2;jah
2015-02-21;65,1;85;0,9;jah
2015-02-22;65,6;84;0,8;jah
2015-02-23;66,1;83;1;jah
2015-02-24;68,2;86;1,1;jah
2015-02-25;72,2;92;1,2;jah
2015-02-26;75,8;97;1;jah
2015-02-27;77,6;98;0,9;jah
2015-02-28;78;98;1,1;jah
2015-03-01;78,1;98;1,2;jah
2015-03-02;79,2;100;1,4;jah
2015-03-03;82,4;106;1,6;jah
2015-03-04;87;114;1,7;jah
2015-03-05;90,1;119;1,3;jah
2015-03-06;90,6;119;0,9;jah
2015-03-07;90,5;120;1,1;jah
2015-03-08;91,2;121;1,7;jah
2015-03-09;93,1;124;2,1;jah
2015-03-10;95,1;127;2,1;jah
2015-03-11;95,7;128;2,9;jah
2015-03-12;95,6;129;2,9;jah
2015-03-13;94,8;128;2,5;jah
2015-03-14;93,4;127;2,2;jah
2015-03-15;91,8;125;2,3;jah
2015-03-16;89,8;123;2,5;jah
2015-03-17;87,3;120;2,9;jah
2015-03-18;84,8;116;3,2;jah
2015-03-19;82,5;113;3,4;jah
2015-03-20;80,3;110;3,4;jah
2015-03-21;78,9;109;3,1;jah
2015-03-22;76,6;106;2,3;jah
2015-03-23;73,9;102;1,7;jah
2015-03-24;72,6;100;1,6;jah
2015-03-25;73;102;1,9;jah
2015-03-26;73,1;103;2,3;jah
2015-03-27;73,1;103;2,4;jah
2015-03-28;72,7;101;2,7;jah
2015-03-29;73,3;102;2,6;jah
2015-03-30;75;105;2,9;jah
2015-03-31;76,7;107;3,2;jah
2015-04-01;78;109;3,5;jah
2015-04-02;79,9;112;3,7;jah
2015-04-03;82,3;116;3,8;jah
2015-04-04;85;120;3,7;jah
2015-04-05;88,3;125;3,6;jah
2015-04-06;90,9;129;3,8;jah
2015-04-07;91,8;130;4,3;jah
2015-04-08;91,9;129;4,5;jah
2015-04-09;90,5;127;4,8;jah
2015-04-10;89;125;5,7;jah
2015-04-11;87,8;124;6,7;jah
2015-04-12;86,9;123;7,6;jah
2015-04-13;85,5;121;7;jah
2015-04-14;86,8;124;6,3;jah
2015-04-15;87,3;125;5,9;jah
2015-04-16;89;129;6;jah
2015-04-17;91,2;134;6;jah
2015-04-18;92,8;137;6,1;jah
2015-04-19;92;136;6,1;jah
2015-04-20;91,6;135;5,9;jah
2015-04-21;89,8;133;6,4;jah
2015-04-22;87,7;129;7,4;jah
2015-04-23;85;125;7,9;jah
2015-04-24;83,1;122;7,9;jah
2015-04-25;82,5;121;8,1;jah
2015-04-26;82;120;8,8;jah
2015-04-27;81,5;120;9,8;jah
2015-04-28;81,5;120;10,6;jah
2015-04-29;82,6;123;10,6;jah
2015-04-30;84,4;127;9,7;jah
2015-05-01;87,1;131;10;jah
2015-05-02;87,7;133;10,1;jah
2015-05-03;87,2;132;10,1;jah
2015-05-04;87,1;132;10,6;jah
2015-05-05;87,3;133;11;jah
2015-05-06;86,9;132;11,2;jah
2015-05-07;89,3;137;11,2;jah
2015-05-08;93,3;144;11,2;jah
2015-05-09;94,5;146;11,4;jah
2015-05-10;94,2;146;12,2;jah
2015-05-11;93,2;144;13,1;jah
2015-05-12;92;142;12,9;jah
2015-05-13;90,7;140;13,3;jah
2015-05-14;89,2;138;12,6;jah
2015-05-15;88,5;137;12,4;jah
2015-05-16;86,7;134;12,5;jah
2015-05-17;84,3;130;12,4;jah
2015-05-18;82,3;127;12,4;jah
2015-05-19;80,4;124;12,7;jah
2015-05-20;79,4;123;13,6;jah
2015-05-21;78,3;122;14,1;jah
2015-05-22;76,3;118;14;jah
2015-05-23;74,5;116;13,9;jah
2015-05-24;72,7;113;14;jah
2015-05-25;71,4;111;14,5;jah
2015-05-26;70,8;110;14,8;jah
2015-05-27;70,5;110;14,8;jah
2015-05-28;70;109;14,9;jah
2015-05-29;69,8;109;15,4;jah
2015-05-30;69,1;107;16,1;jah
2015-05-31;67,7;104;16,5;jah
2015-06-01;66,8;103;16,5;jah
2015-06-02;66,2;102;16,7;jah
2015-06-03;64,2;98;17;jah
2015-06-04;62,1;93;17;jah
2015-06-05;61;91;16,5;jah
2015-06-06;60,5;91;16,5;jah
2015-06-07;58,9;87;17,4;jah
2015-06-08;57,6;85;17,7;jah
2015-06-09;57,5;85;17,3;jah
2015-06-10;56,2;82;16,9;jah
2015-06-11;54,9;79;16,6;jah
2015-06-12;54;78;16,7;jah
2015-06-13;53,7;77;17,3;jah
2015-06-14;53,3;77;18,2;jah
2015-06-15;51,9;74;18,7;jah
2015-06-16;50,9;71;18,2;jah
2015-06-17;50,3;70;16,9;jah
2015-06-18;50,4;71;15,7;jah
2015-06-19;50,7;72;15,5;jah
2015-06-20;50,6;71;15,7;jah
2015-06-21;50,4;71;16,7;jah
2015-06-22;50,4;71;17,6;jah
2015-06-23;49,9;70;17,2;jah
2015-06-24;50,6;72;17,6;jah
2015-06-25;50,1;71;17,8;jah
2015-06-26;49,9;70;17,4;jah
2015-06-27;49;68;17,1;jah
2015-06-28;48,5;67;17,3;jah
2015-06-29;48,2;66;18,2;jah
2015-06-30;47,4;64;19;jah
2015-07-01;46,6;62;19,9;jah
2015-07-02;45,8;61;20,5;jah
2015-07-03;44,9;58;20,9;jah
2015-07-04;44;56;21,9;jah
2015-07-05;44;56;22,5;jah
2015-07-06;44;57;22,3;jah
2015-07-07;43,4;55;21,5;jah
2015-07-08;42,9;54;20,1;jah
2015-07-09;43,1;54;19,4;jah
2015-07-10;43,3;55;18,8;jah
2015-07-11;44;57;18,5;jah
2015-07-12;43,5;55;18,3;jah
2015-07-13;43,5;54;18,2;jah
2015-07-14;43,1;53;18,4;jah
2015-07-15;42,9;52;18,6;jah
2015-07-16;42,7;52;19,1;jah
2015-07-17;42,8;52;19,3;jah
2015-07-18;42,5;50;19,6;jah
2015-07-19;42,3;49;20;jah
2015-07-20;42,2;49;19,6;jah
2015-07-21;41,8;48;19,2;jah
2015-07-22;41,5;47;19;jah
2015-07-23;41,4;47;18,9;jah
2015-07-24;40,8;45;18,9;jah
2015-07-25;40,6;45;18,9;jah
2015-07-26;40,9;45;19,1;jah
2015-07-27;40;43;19,4;jah
2015-07-28;40;43;19,4;jah
2015-07-29;39,5;42;19,3;jah
2015-07-30;39,1;41;18,9;jah
2015-07-31;39;41;18,5;jah
2015-08-01;38,7;40;17,9;jah
2015-08-02;38,4;39;17,9;jah
2015-08-03;38,6;40;18,3;jah
2015-08-04;38,5;40;18,8;jah
2015-08-05;38,6;40;19,5;jah
2015-08-06;38,3;40;20,2;jah
2015-08-07;37,8;38;21;jah
2015-08-08;37,2;37;21,6;jah
2015-08-09;37,7;38;21,9;jah
2015-08-10;37,3;37;22,4;jah
2015-08-11;36,9;37;22,6;jah
2015-08-12;36,7;36;23,3;jah
2015-08-13;36,1;34;23;jah
2015-08-14;35,2;32;22,1;jah
2015-08-15;35;32;21,4;jah
2015-08-16;35;32;20,7;jah
2015-08-17;34,4;30;19,9;jah
2015-08-18;33,7;28;19,5;jah
2015-08-19;33,1;26;19;jah
2015-08-20;32,8;24;18,9;jah
2015-08-21;32,6;24;19,1;jah
2015-08-22;32,7;23;19,5;jah
2015-08-23;32,7;23;19,9;jah
2015-08-24;32,5;22;20,2;jah
2015-08-25;32,4;21;20,3;jah
2015-08-26;31,9;19;20,4;jah
2015-08-27;31,7;18;20,1;jah
2015-08-28;31,9;18;19,6;jah
2015-08-29;31,6;17;19;jah
2015-08-30;31,8;17;18,3;jah
2015-08-31;31,8;17;17,7;jah
2015-09-01;32;17;17,3;jah
2015-09-02;33,3;21;16,8;jah
2015-09-03;33,7;21;16,3;jah
2015-09-04;33,1;20;16,5;jah
2015-09-05;33,4;20;16,7;jah
2015-09-06;33,6;21;16,7;jah
2015-09-07;34,2;22;16,2;jah
2015-09-08;34,3;22;15,8;jah
2015-09-09;34,7;23;15,5;jah
2015-09-10;34,8;23;15,3;jah
2015-09-11;35,2;24;15,2;jah
2015-09-12;35,2;24;15,2;jah
2015-09-13;35;23;15,1;jah
2015-09-14;34,4;21;14,9;jah
2015-09-15;34,2;20;14,7;jah
2015-09-16;33,9;19;14,7;jah
2015-09-17;33,4;18;14,9;jah
2015-09-18;32,8;15;15,4;jah
2015-09-19;32;13;15,6;jah
2015-09-20;32,6;15;15,4;jah
2015-09-21;32,8;15;14,9;jah
2015-09-22;32,4;14;14,5;jah
2015-09-23;33,4;17;14,1;jah
2015-09-24;33,6;17;14,2;jah
2015-09-25;33,4;16;14,3;jah
2015-09-26;33,4;16;14,2;jah
2015-09-27;33,2;15;13,8;jah
2015-09-28;33;15;13,4;jah
2015-09-29;32,7;14;12,9;jah
2015-09-30;31,8;11;12,2;jah
2015-10-01;31,3;10;12;jah
2015-10-02;30,3;7;12,2;jah
2015-10-03;30,7;9;12,1;jah
2015-10-04;31;9;11,9;jah
2015-10-05;31,3;10;11,5;jah
2015-10-06;31,5;10;10,6;jah
2015-10-07;30,3;7;9,5;jah
2015-10-08;29,9;5;8,4;jah
2015-10-09;29,5;4;7,5;jah
2015-10-10;28,5;0;6,8;jah
2015-10-11;28,3;0;6,3;jah
2015-10-12;28,4;0;6;jah
2015-10-13;28,6;0;6;jah
2015-10-14;28,6;0;6,3;jah
2015-10-15;28,5;0;6,2;jah
2015-10-16;28,5;-1;6;jah
2015-10-17;28,4;-1;5,7;jah
2015-10-18;28,2;-2;5,4;jah
2015-10-19;28,5;-1;5,6;jah
2015-10-20;28,4;-2;5,3;jah
2015-10-21;28,1;-3;5,1;jah
2015-10-22;27,8;-4;5,2;jah
2015-10-23;28,1;-3;5,4;jah
2015-10-24;28,8;-2;5,7;jah
2015-10-25;28,1;-4;5,7;jah
2015-10-26;28,3;-4;6;jah
2015-10-27;27,8;-5;5,7;jah
2015-10-28;28,2;-5;5;jah
2015-10-29;27,4;-7;3,9;jah
2015-10-30;27,5;-7;3,1;jah
2015-10-31;27,3;-8;2,5;jah
2015-11-01;26,9;-10;2,7;jah
2015-11-02;26,7;-11;3,6;jah
2015-11-03;26,7;-11;4,4;jah
2015-11-04;27,2;-10;5,3;jah
2015-11-05;27,5;-9;5,6;jah
2015-11-06;27,8;-9;5,4;jah
2015-11-07;27,9;-9;5,5;jah
2015-11-08;28,6;-6;5,4;jah
2015-11-09;29,7;-4;5,4;jah
2015-11-10;30,2;-3;5,5;jah
2015-11-11;30,6;-2;5,5;jah
2015-11-12;30,9;-2;5,2;jah
2015-11-13;31,9;1;5,1;jah
2015-11-14;32,7;3;5;jah
2015-11-15;34;6;4,8;jah
2015-11-16;34,9;8;4,8;jah
2015-11-17;35,5;9;4,6;jah
2015-11-18;37,1;13;4,7;jah
2015-11-19;38,2;15;4,8;jah
2015-11-20;39,8;18;4,9;jah
2015-11-21;40,3;19;4,6;jah
2015-11-22;40,8;20;3,5;jah
2015-11-23;41,3;21;2,6;jah
2015-11-24;40,4;18;2;jah
2015-11-25;39,5;16;1,6;jah
2015-11-26;39;14;0,9;jah
2015-11-27;37,7;10;0,7;jah
2015-11-28;37,3;10;1;jah
2015-11-29;37,8;10;1;jah
2015-11-30;37,1;8;1;jah
2015-12-01;36,9;7;1,1;jah
2015-12-02;36;4;1,2;jah
2015-12-03;36,4;5;1,1;jah
2015-12-04;37,1;6;1,5;jah
2015-12-05;36,4;4;2,1;jah
2015-12-06;38,9;9;3,3;jah
2015-12-07;44,6;23;4,2;jah
2015-12-08;53,3;40;3,9;jah
2015-12-09;56,2;44;3,3;jah
2015-12-10;56,4;44;3,2;jah
2015-12-11;55,9;44;3,5;jah
2015-12-12;56,6;46;3,6;jah
2015-12-13;56,7;47;3,6;jah
2015-12-14;56,4;47;3,3;jah
2015-12-15;55,1;45;2,6;jah
2015-12-16;53,5;42;2,2;jah
2015-12-17;52,3;41;2;jah
2015-12-18;51,6;40;1,7;jah
2015-12-19;50,1;38;2,4;jah
2015-12-20;49,9;38;3,1;jah
2015-12-21;49,4;38;4,3;jah
2015-12-22;52,2;40;4,7;jah
2015-12-23;54,6;40;5,2;jah
2015-12-24;53,8;40;5,3;jah
2015-12-25;53,1;41;5;jah
2015-12-26;52,1;41;4,4;jah
2015-12-27;51,2;41;2,8;jah
2015-12-28;49,2;38;1,2;jah
2015-12-29;46,9;35;0,2;jah
2015-12-30;44,1;30;0;jah
2015-12-31;38,3;17;0;jah
2016-01-01;37,5;18;0;jah
2016-01-02;37,2;19;0;jah
2016-01-03;36,7;20;0;jah
2016-01-04;36,3;22;0;jah
2016-01-05;35,9;23;0;jah
2016-01-06;35,2;23;0;jah
2016-01-07;34,4;23;0;jah
2016-01-08;33,6;23;0;jah
2016-01-09;32,7;23;0;jah
2016-01-10;31,7;23;0;jah
2016-01-11;30,9;23;0;jah
2016-01-12;30,6;23;0;jah
2016-01-13;30,4;23;0;jah
2016-01-14;30,4;23;0;jah
2016-01-15;30,3;24;0;jah
2016-01-16;30,2;24;0;jah
2016-01-17;30,1;24;0;jah
2016-01-18;30,1;25;0;jah
2016-01-19;30,2;26;0;jah
2016-01-20;30,3;27;0;jah
2016-01-21;30,4;27;0;jah
2016-01-22;31,4;28;0;jah
2016-01-23;32,3;27;0;jah
2016-01-24;33,1;27;0;jah
2016-01-25;34,2;28;0;jah
2016-01-26;35,6;29;0;jah
2016-01-27;38;34;0;jah
2016-01-28;44,2;50;0;jah
2016-01-29;54,6;73;0;jah
2016-01-30;60,7;83;0;jah
2016-01-31;66,8;93;0;jah
2016-02-01;70,5;97;0;jah
2016-02-02;70,9;96;0;jah
2016-02-03;74,7;102;0,1;jah
2016-02-04;79,2;108;0;jah
2016-02-05;80;107;0;jah
2016-02-06;76,9;99;0;jah
2016-02-07;78,5;100;0;jah
2016-02-08;79,4;100;0;jah
2016-02-09;79,2;97;0,2;jah
2016-02-10;80,3;98;0,6;jah
2016-02-11;82,8;100;0,8;jah
2016-02-12;85,5;103;0,7;jah
2016-02-13;88,1;106;0,8;jah
2016-02-14;90,7;108;0,6;jah
2016-02-15;92,9;110;0,4;jah
2016-02-16;94,2;111;0,4;jah
2016-02-17;93,4;110;0,1;jah
2016-02-18;93,2;111;0;jah
2016-02-19;94,7;114;0,1;jah
2016-02-20;93,8;113;0,1;jah
2016-02-21;90,3;108;0,2;jah
2016-02-22;86,9;103;0,4;jah
2016-02-23;84,4;100;0,6;jah
2016-02-24;82,6;98;0,8;jah
2016-02-25;81;96;0,9;jah
2016-02-26;79,5;94;1;jah
2016-02-27;78;92;1;jah
2016-02-28;76,5;90;1,1;jah
2016-02-29;75,2;89;1;jah
2016-03-01;73,8;86;0,5;jah
2016-03-02;72,2;84;0,4;jah
2016-03-03;71,9;83;0,6;jah
2016-03-04;70,8;81;0,9;jah
2016-03-05;69,9;80;1;jah
2016-03-06;69,3;79;1,2;jah
2016-03-07;69;79;1,5;jah
2016-03-08;70,5;83;1,6;jah
2016-03-09;76,9;96;1,5;jah
2016-03-10;82,5;105;1,3;jah
2016-03-11;84,2;108;1,4;jah
2016-03-12;84,1;108;1,4;jah
2016-03-13;83,3;107;1,3;jah
2016-03-14;82,4;105;1,4;jah
2016-03-15;81,9;104;1,6;jah
2016-03-16;80,6;102;1,8;jah
2016-03-17;81,3;104;2,1;jah
2016-03-18;86;113;2,3;jah
2016-03-19;87,8;116;1,5;jah
2016-03-20;86,9;114;1,1;jah
2016-03-21;86,1;113;1;jah
2016-03-22;84,6;110;1;jah
2016-03-23;82,8;107;1;jah
2016-03-24;81;104;1;jah
2016-03-25;79,5;101;1,3;jah
2016-03-26;78,3;99;1,8;jah
2016-03-27;78,3;99;2,4;jah
2016-03-28;81,6;105;2,8;jah
2016-03-29;86,2;113;3,1;jah
2016-03-30;89,4;119;3,3;jah
2016-03-31;91,6;122;3,4;jah
2016-04-01;93,5;125;3,1;jah
2016-04-02;95,3;128;3,3;jah
2016-04-03;96,8;130;4;jah
2016-04-04;98,3;132;4,4;jah
2016-04-05;99,6;134;5,1;jah
2016-04-06;101;136;6,2;jah
2016-04-07;102;138;7,4;jah
2016-04-08;104;140;8;jah
2016-04-09;105;141;7,9;jah
2016-04-10;105;141;7,8;jah
2016-04-11;105;141;8;jah
2016-04-12;105;141;8,2;jah
2016-04-13;104;140;8,7;jah
2016-04-14;105;143;8,5;jah
2016-04-15;106;146;7,2;jah
2016-04-16;106;147;7,6;jah
2016-04-17;103;143;8,6;jah
2016-04-18;99;138;8,4;jah
2016-04-19;95,8;134;8;jah
2016-04-20;94;132;8,3;jah
2016-04-21;92,2;130;8,1;jah
2016-04-22;91,1;128;8,3;jah
2016-04-23;90,1;127;8,2;jah
2016-04-24;89,6;126;8,1;jah
2016-04-25;89;125;7,8;jah
2016-04-26;90,6;129;7,3;jah
2016-04-27;96;138;7,2;jah
2016-04-28;101;146;8,2;jah
2016-04-29;103;149;8,7;jah
2016-04-30;104;150;10;jah
2016-05-01;104;150;10,7;jah
2016-05-02;104;150;11,8;jah
2016-05-03;103;150;12,6;jah
2016-05-04;102;148;14;jah
2016-05-05;99,4;145;14,5;jah
2016-05-06;96,8;141;15,1;jah
2016-05-07;94;137;15,6;jah
2016-05-08;91,2;134;16,2;jah
2016-05-09;88,3;130;16,7;jah
2016-05-10;85,6;126;17,3;jah
2016-05-11;83,2;122;17,7;jah
2016-05-12;80,7;119;16,9;jah
2016-05-13;78,3;115;15,9;jah
2016-05-14;76,8;113;15,6;jah
2016-05-15;75,1;111;15,6;jah
2016-05-16;72,8;107;15,9;jah
2016-05-17;70,7;104;15,6;jah
2016-05-18;69,6;102;15,4;jah
2016-05-19;68,1;100;15,7;jah
2016-05-20;67,1;98;15,9;jah
2016-05-21;65,3;95;15,9;jah
2016-05-22;64,1;93;16;jah
2016-05-23;63,5;92;16,6;jah
2016-05-24;62,6;90;17,5;jah
2016-05-25;61,7;89;18;jah
2016-05-26;60,3;86;17,9;jah
2016-05-27;59,5;84;17,3;jah
2016-05-28;59,6;85;17,7;jah
2016-05-29;59,3;84;18,3;jah
2016-05-30;58,4;82;19,1;jah
2016-05-31;57,8;80;20,1;jah
2016-06-01;57,2;79;20,6;jah
2016-06-02;56,4;77;21;jah
2016-06-03;55,9;76;21,5;jah
2016-06-04;55,7;75;21,5;jah
2016-06-05;53,9;71;21,1;jah
2016-06-06;53;69;19,5;jah
2016-06-07;51,6;65;18,3;jah
2016-06-08;51,2;65;17,6;jah
2016-06-09;50,5;62;17;jah
2016-06-10;49,8;61;15,8;jah
2016-06-11;54,8;74;14,3;jah
2016-06-12;55;73;13,7;jah
2016-06-13;52,4;67;13,8;jah
2016-06-14;52,8;68;14,6;jah
2016-06-15;53,2;69;15,7;jah
2016-06-16;54,7;72;16;jah
2016-06-17;55,6;74;16,6;jah
2016-06-18;56,2;75;16,9;jah
2016-06-19;56,4;76;17,1;jah
2016-06-20;57,3;77;17,6;jah
2016-06-21;57,9;79;18,5;jah
2016-06-22;63,9;93;18,7;jah
2016-06-23;67,8;100;19,1;jah
2016-06-24;67,3;99;19,5;jah
2016-06-25;65,7;95;21;jah
2016-06-26;64,7;93;22,5;jah
2016-06-27;65,8;95;22,8;jah
2016-06-28;66,4;96;22,6;jah
2016-06-29;66,1;95;22,2;jah
2016-06-30;64,7;92;22,1;jah
2016-07-01;63,4;89;21,8;jah
2016-07-02;62,1;86;22,2;jah
2016-07-03;62;86;22,6;jah
2016-07-04;67,4;99;21,7;jah
2016-07-05;73;109;20;jah
2016-07-06;75,1;113;19,2;jah
2016-07-07;75,4;113;18,6;jah
2016-07-08;73,6;110;17,7;jah
2016-07-09;72,4;107;17,6;jah
2016-07-10;71,9;106;17,9;jah
2016-07-11;72,2;107;17,8;jah
2016-07-12;72;106;18,1;jah
2016-07-13;71;104;18,6;jah
2016-07-14;69,5;101;19,1;jah
2016-07-15;68,4;99;19,4;jah
2016-07-16;65,7;93;19,5;jah
2016-07-17;64;89;19,7;jah
2016-07-18;62,5;86;19,7;jah
2016-07-19;60,4;82;19,8;jah
2016-07-20;58,3;78;19,8;jah
2016-07-21;56,8;75;19,7;jah
2016-07-22;55,3;73;19,5;jah
2016-07-23;54,1;70;19,5;jah
2016-07-24;52,8;68;20,1;jah
2016-07-25;52,2;68;20,9;jah
2016-07-26;51,7;67;21,5;jah
2016-07-27;50,7;65;22,5;jah
2016-07-28;50,1;65;23,3;jah
2016-07-29;49,8;65;23,6;jah
2016-07-30;49,3;64;23,4;jah
2016-07-31;48,3;63;23,1;jah
2016-08-01;49,6;68;22,3;jah
2016-08-02;51,6;72;21,3;jah
2016-08-03;51,9;74;20,6;jah
2016-08-04;52,8;74;20,3;jah
2016-08-05;53,4;73;20,3;jah
2016-08-06;58,2;83;19,8;jah
2016-08-07;66,3;99;19;jah
2016-08-08;72,8;110;18,4;jah
2016-08-09;76,5;115;18,3;jah
2016-08-10;77,2;115;17,9;jah
2016-08-11;76,8;115;17,4;jah
2016-08-12;75,5;112;16,9;jah
2016-08-13;74,1;109;16,2;jah
2016-08-14;73,6;108;16,1;jah
2016-08-15;73,2;107;16,5;jah
2016-08-16;72,4;106;16,1;jah
2016-08-17;75,2;112;15,6;jah
2016-08-18;78,5;118;15,3;jah
2016-08-19;80,6;122;15,4;jah
2016-08-20;82;124;15,9;jah
2016-08-21;82,7;125;16,4;jah
2016-08-22;83,5;126;17;jah
2016-08-23;85,4;130;17,4;jah
2016-08-24;87,4;133;17,5;jah
2016-08-25;89,1;135;17,4;jah
2016-08-26;90;137;17,7;jah
2016-08-27;89,8;136;18,1;jah
2016-08-28;89,1;134;18;jah
2016-08-29;88,8;134;17,9;jah
2016-08-30;87,5;131;17,5;jah
2016-08-31;85,2;127;17,1;jah
2016-09-01;82,9;123;16,7;jah
2016-09-02;81;119;16,7;jah
2016-09-03;79,6;117;16,2;jah
2016-09-04;79,5;117;16,1;jah
2016-09-05;79,4;117;15,9;jah
2016-09-06;79,3;116;15,6;jah
2016-09-07;78,3;114;15,3;jah
2016-09-08;78;114;15,5;jah
2016-09-09;77,4;113;15,3;jah
2016-09-10;75,9;111;15,4;jah
2016-09-11;73,8;107;16;jah
2016-09-12;71,5;104;16,7;jah
2016-09-13;69,5;100;16,6;jah
2016-09-14;67,7;97;16,3;jah
2016-09-15;65,5;93;15,7;jah
2016-09-16;64;90;15,3;jah
2016-09-17;62,5;88;14,9;jah
2016-09-18;61;85;14,5;jah
2016-09-19;59,4;82;13,9;jah
2016-09-20;58,6;81;13,3;jah
2016-09-21;57,6;79;12,9;jah
2016-09-22;56,6;77;12,9;jah
2016-09-23;55,2;74;12,6;jah
2016-09-24;53,2;70;12,1;jah
2016-09-25;53,1;71;11,7;jah
2016-09-26;52,7;70;11,5;jah
2016-09-27;52;69;11,6;jah
2016-09-28;51,4;68;11,8;jah
2016-09-29;51,3;68;12,2;jah
2016-09-30;49,7;64;12,6;jah
2016-10-01;49,4;65;12,4;jah
2016-10-02;49,9;66;12,1;jah
2016-10-03;49,9;67;11,8;jah
2016-10-04;49,6;67;11,2;jah
2016-10-05;52,1;72;10,3;jah
2016-10-06;50,2;66;9,4;jah
2016-10-07;49,5;64;8,8;jah
2016-10-08;50,6;66;8,3;jah
2016-10-09;50;64;7,9;jah
2016-10-10;49,7;62;7,2;jah
2016-10-11;48,8;59;6,7;jah
2016-10-12;48,1;57;6,4;jah
2016-10-13;47,9;55;6;jah
2016-10-14;47,9;55;5,7;jah
2016-10-15;47,6;54;5,4;jah
2016-10-16;47,3;53;5,2;jah
2016-10-17;47;52;5,2;jah
2016-10-18;46,8;52;4,9;jah
2016-10-19;46,6;51;4,3;jah
2016-10-20;46,4;51;3,8;jah
2016-10-21;46,2;51;3,4;jah
2016-10-22;46,6;52;2,9;jah
2016-10-23;46,7;52;2,8;jah
2016-10-24;45,9;50;2,9;jah
2016-10-25;45,8;49;2,6;jah
2016-10-26;45,2;48;2,7;jah
2016-10-27;44,5;47;2,8;jah
2016-10-28;45;50;3,4;jah
2016-10-29;46,5;55;3,7;jah
2016-10-30;48,6;61;4,1;jah
2016-10-31;50,5;67;4;jah
2016-11-01;51,8;70;3,7;jah
2016-11-02;53,6;76;2,8;jah
2016-11-03;54;77;2,2;jah
2016-11-04;52,1;73;1,8;jah
2016-11-05;51,2;72;1,4;jah
2016-11-06;50,7;72;0,6;jah
2016-11-07;51,1;73;0,1;jah
2016-11-08;50,4;73;0;jah
2016-11-09;56,2;87;0;jah
2016-11-10;63,3;101;0;jah
2016-11-11;71,4;116;0;jah
2016-11-12;76,7;124;0;jah
2016-11-13;79,7;127;0,1;jah
2016-11-14;77;119;0,1;jah
2016-11-15;71,7;106;0,2;jah
2016-11-16;65,3;91;0,3;jah
2016-11-17;60,5;79;0,6;jah
2016-11-18;62;83;1;jah
2016-11-19;69,8;97;1,6;jah
2016-11-20;81,3;118;2,2;jah
2016-11-21;91,9;134;2,9;jah
2016-11-22;96,9;140;3,4;jah
2016-11-23;97,9;140;3,1;jah
2016-11-24;96,8;138;3;jah
2016-11-25;96,6;137;2,5;jah
2016-11-26;99,2;142;2,1;jah
2016-11-27;104;148;2,2;jah
2016-11-28;107;153;1,2;jah
2016-11-29;106;151;0,2;jah
2016-11-30;103;145;0;jah
2016-12-01;114;143;0;jah
2016-12-02;99,9;142;0,1;jah
2016-12-03;93,8;138;0;jah
2016-12-04;86,6;134;0;jah
2016-12-05;83,8;137;0;jah
2016-12-06;82,5;141;0;jah
2016-12-07;77,2;141;0;jah
2016-12-08;81,3;157;0,1;jah
2016-12-09;83,9;169;0,2;jah
2016-12-10;77,6;165;0,1;jah
2016-12-11;67,4;155;0;jah
2016-12-12;64,9;162;0;jah
2016-12-13;71,8;186;0;jah
2016-12-14;74,8;198;0;jah
2016-12-15;83;203;0;jah
2016-12-16;90,2;203;0;jah
2016-12-17;99;204;0,1;jah
2016-12-18;99,9;195;0,1;jah
2016-12-19;96,4;178;0,3;jah
2016-12-20;91;160;0,5;jah
2016-12-21;85,4;141;0,8;jah
2016-12-22;81,5;127;1;jah
2016-12-23;81,6;121;1,2;jah
2016-12-24;81,9;120;1,2;jah
2016-12-25;83,2;120;1,2;jah
2016-12-26;84,7;121;1,4;jah
2016-12-27;87,4;123;1,4;jah
2016-12-28;89,4;124;1,1;jah
2016-12-29;89,4;122;0,9;jah
2016-12-30;89,1;121;1;jah
2016-12-31;89,6;120;1,5;jah
2017-01-01;91,7;127;2;jah
2017-01-02;93,5;140;1,9;jah
2017-01-03;91,7;147;1,1;jah
2017-01-04;88,9;144;0,2;jah
2017-01-05;86,1;154;0;jah
2017-01-06;83,1;139;0;jah
2017-01-07;80,1;132;0,1;jah
2017-01-08;76,5;130;0;jah
2017-01-09;72,7;131;0;jah
2017-01-10;69,2;131;0;jah
2017-01-11;65,6;132;0;jah
2017-01-12;61,7;132;0;jah
2017-01-13;57,5;131;0;jah
2017-01-14;56,9;131;0;jah
2017-01-15;56,9;130;0;jah
2017-01-16;57;130;0;jah
2017-01-17;57,1;129;0;jah
2017-01-18;57,3;129;0;jah
2017-01-19;57,5;129;0;jah
2017-01-20;58;129;0;jah
2017-01-21;58,1;129;0;jah
2017-01-22;58;128;0;jah
2017-01-23;58,1;128;0;jah
2017-01-24;58,8;129;0;jah
2017-01-25;59,4;129;0;jah
2017-01-26;59,2;128;0;jah
2017-01-27;59,4;128;0;jah
2017-01-28;60,4;130;0;jah
2017-01-29;63,4;135;0,1;jah
2017-01-30;65,1;138;0,1;jah
2017-01-31;65,5;138;0,1;jah
2017-02-01;65,5;137;0,1;jah
2017-02-02;65,8;137;0,2;jah
2017-02-03;64,9;135;0,2;jah
2017-02-04;64,2;133;0,4;jah
2017-02-05;63,5;124;0,5;jah
2017-02-06;62,8;114;0,1;jah
2017-02-07;62,1;99;0,1;jah
2017-02-08;61,4;82;0,1;jah
2017-02-09;60,7;83;0,1;jah
2017-02-10;60;90;0,1;jah
2017-02-11;59,3;99;0,1;jah
2017-02-12;58,6;111;0,1;jah
2017-02-13;58,1;117;0,1;jah
2017-02-14;58,6;120;0,1;jah
2017-02-15;59;120;0,1;jah
2017-02-16;58,9;117;0,2;jah
2017-02-17;60;117;0,4;jah
2017-02-18;60,9;116;1;jah
2017-02-19;57,7;108;1,2;jah
2017-02-20;59,4;110;1,4;jah
2017-02-21;64,9;117;1,1;jah
2017-02-22;64,3;113;0,5;jah
2017-02-23;63,6;110;0,5;jah
2017-02-24;63,1;107;0,5;jah
2017-02-25;62,1;104;0,3;jah
2017-02-26;62,4;103;0,4;jah
2017-02-27;62,7;101;0,9;jah
2017-02-28;63,1;101;1,4;jah
2017-03-01;67,2;107;1,6;jah
2017-03-02;72,5;116;1,5;jah
2017-03-03;74;117;1,3;jah
2017-03-04;75,5;120;1,2;jah
2017-03-05;77,7;123;1;jah
2017-03-06;77;121;0,6;jah
2017-03-07;75,6;119;0,3;jah
2017-03-08;73,6;116;0,7;jah
2017-03-09;71,6;112;1,4;jah
2017-03-10;70,4;110;1,9;jah
2017-03-11;69,7;109;2,1;jah
2017-03-12;69,6;109;2,4;jah
2017-03-13;70,2;110;2,6;jah
2017-03-14;70,4;110;2,4;jah
2017-03-15;70,9;111;2,6;jah
2017-03-16;72,8;113;2,8;jah
2017-03-17;74,8;117;2,7;jah
2017-03-18;79;124;2,5;jah
2017-03-19;82,1;129;2,4;jah
2017-03-20;83,2;131;2,2;jah
2017-03-21;84,6;134;2,3;jah
2017-03-22;86,4;138;2,3;jah
2017-03-23;87,9;141;2,5;jah
2017-03-24;89,2;143;2,6;jah
2017-03-25;89,7;144;2,3;jah
2017-03-26;89,7;145;2,4;jah
2017-03-27;88,8;144;2,6;jah
2017-03-28;88,2;144;3,1;jah
2017-03-29;87,4;143;2,9;jah
2017-03-30;86,4;142;2,8;jah
2017-03-31;85,3;140;2,9;jah
2017-04-01;83,8;139;2,5;jah
2017-04-02;82,9;138;3,5;jah
2017-04-03;82,8;138;4,7;jah
2017-04-04;82,4;138;5,2;jah
2017-04-05;81,8;138;5,9;jah
2017-04-06;81,5;138;6,2;jah
2017-04-07;81,3;138;6,5;jah
2017-04-08;80,9;137;6,7;jah
2017-04-09;80;136;6,6;jah
2017-04-10;79,7;136;6,8;jah
2017-04-11;79,1;135;7,3;jah
2017-04-12;78,3;134;7;jah
2017-04-13;79,4;136;6,7;jah
2017-04-14;79,4;136;6;jah
2017-04-15;79;135;5,3;jah
2017-04-16;78,4;134;4,9;jah
2017-04-17;77,4;133;4,6;jah
2017-04-18;76,6;131;4,3;jah
2017-04-19;75,5;130;4,3;jah
2017-04-20;73,9;127;4,6;jah
2017-04-21;72,7;125;4,9;jah
2017-04-22;73,8;128;5,3;jah
2017-04-23;74,9;130;5,4;jah
2017-04-24;75,9;131;5,6;jah
2017-04-25;77,6;134;5,7;jah
2017-04-26;86,5;149;5,2;jah
2017-04-27;92,2;158;5,4;jah
2017-04-28;95;161;6,5;jah
2017-04-29;96,6;164;6,8;jah
2017-04-30;98,3;166;6,2;jah
2017-05-01;99,1;167;7,1;jah
2017-05-02;98,8;166;8,7;jah
2017-05-03;97,8;164;9,9;jah
2017-05-04;95,8;162;10,6;jah
2017-05-05;93,4;158;11,1;jah
2017-05-06;90,8;155;11,5;jah
2017-05-07;88,9;152;11,4;jah
2017-05-08;87;150;11;jah
2017-05-09;84,3;145;9,7;jah
2017-05-10;81,1;141;9;jah
2017-05-11;78,8;137;8,6;jah
2017-05-12;76,8;135;9;jah
2017-05-13;75,5;133;9,4;jah
2017-05-14;74,1;131;10,4;jah
2017-05-15;72,6;129;11,3;jah
2017-05-16;71,3;127;11,3;jah
2017-05-17;69,1;124;11,5;jah
2017-05-18;68,1;123;11,9;jah
2017-05-19;67,1;121;13;jah
2017-05-20;66,2;120;14,6;jah
2017-05-21;65,3;119;16;jah
2017-05-22;63,7;116;15,5;jah
2017-05-23;62,4;114;16,1;jah
2017-05-24;62,2;114;16,2;jah
2017-05-25;61,5;113;16,2;jah
2017-05-26;60,6;111;16,5;jah
2017-05-27;60,1;111;16,7;jah
2017-05-28;59;108;16,8;jah
2017-05-29;57,6;107;17,3;jah
2017-05-30;57,8;107;17,5;jah
2017-05-31;56,4;104;17,2;jah
2017-06-01;54,7;101;16,3;jah
2017-06-02;52,8;98;14,5;jah
2017-06-03;51,2;95;13,3;jah
2017-06-04;51,3;96;13,3;jah
2017-06-05;51,6;97;13,6;jah
2017-06-06;51;96;14,4;jah
2017-06-07;51;97;15,6;jah
2017-06-08;51;97;16,6;jah
2017-06-09;50,5;96;16,7;jah
2017-06-10;50,2;96;17,1;jah
2017-06-11;50,5;98;18;jah
2017-06-12;53,4;105;18;jah
2017-06-13;54,9;108;17,9;jah
2017-06-14;55,7;109;17,1;jah
2017-06-15;52,7;102;17,2;jah
2017-06-16;51,9;99;17,8;jah
2017-06-17;51,5;97;18,7;jah
2017-06-18;50,4;94;19,7;jah
2017-06-19;49,6;92;20;jah
2017-06-20;49,5;90;19,3;jah
2017-06-21;48,3;87;18,3;jah
2017-06-22;48;85;17,2;jah
2017-06-23;48,8;86;16,7;jah
2017-06-24;48,9;86;16,9;jah
2017-06-25;48,3;83;17,4;jah
2017-06-26;48,1;82;17,5;jah
2017-06-27;47,8;81;17,5;jah
2017-06-28;47,8;80;17,2;jah
2017-06-29;48,3;82;17,4;jah
2017-06-30;50,3;87;17,6;jah
2017-07-01;50;86;17,1;jah
2017-07-02;48,7;84;17,2;jah
2017-07-03;48,2;83;17,3;jah
2017-07-04;47,8;83;17,6;jah
2017-07-05;47,3;81;17,5;jah
2017-07-06;45,8;78;16,9;jah
2017-07-07;45,2;77;16,7;jah
2017-07-08;44,7;77;17;jah
2017-07-09;44,5;76;17,6;jah
2017-07-10;43,6;74;18,1;jah
2017-07-11;43,7;75;18,4;jah
2017-07-12;43,7;75;18,3;jah
2017-07-13;44,3;78;18,7;jah
2017-07-14;44,8;79;18,7;jah
2017-07-15;44,3;79;18,6;jah
2017-07-16;44,3;79;18,6;jah
2017-07-17;43,4;77;18,4;jah
2017-07-18;43,1;77;17,9;jah
2017-07-19;43;77;17,9;jah
2017-07-20;42,3;76;17,6;jah
2017-07-21;41,8;75;17,9;jah
2017-07-22;41,3;75;18,2;jah
2017-07-23;40,7;73;19,1;jah
2017-07-24;40,2;73;19,6;jah
2017-07-25;40;73;20,3;jah
2017-07-26;39,7;73;20,7;jah
2017-07-27;39,1;71;20,2;jah
2017-07-28;38,1;68;20,2;jah
2017-07-29;37,7;67;20,3;jah
2017-07-30;36,9;65;20,4;jah
2017-07-31;37;66;20,5;jah
2017-08-01;36,4;64;20,7;jah
2017-08-02;36,6;64;20,8;jah
2017-08-03;35,7;62;20,7;jah
2017-08-04;36,8;65;20,5;jah
2017-08-05;36,6;64;20,3;jah
2017-08-06;36,9;65;19,7;jah
2017-08-07;36,6;64;19,1;jah
2017-08-08;37;65;18,9;jah
2017-08-09;37,2;65;19,3;jah
2017-08-10;36,9;64;20,1;jah
2017-08-11;36,4;63;20,8;jah
2017-08-12;36,8;65;21,1;jah
2017-08-13;38,2;68;21,8;jah
2017-08-14;37,8;67;21,4;jah
2017-08-15;37,7;67;20,4;jah
2017-08-16;37,5;66;20;jah
2017-08-17;37,3;66;20,3;jah
2017-08-18;36,8;64;20,6;jah
2017-08-19;36,9;65;21,1;jah
2017-08-20;37,1;65;21,1;jah
2017-08-21;37,2;66;20,4;jah
2017-08-22;37,3;66;19,3;jah
2017-08-23;38,5;70;18,3;jah
2017-08-24;40,2;74;17,1;jah
2017-08-25;38,3;71;16;jah
2017-08-26;39;76;15,6;jah
2017-08-27;38,3;76;15,7;jah
2017-08-28;38,5;79;15,5;jah
2017-08-29;37,5;79;15,3;jah
2017-08-30;36,8;80;15,5;jah
2017-08-31;36,5;82;16,4;jah
2017-09-01;35,8;83;16,8;jah
2017-09-02;35,8;86;16,6;jah
2017-09-03;36;89;15,8;jah
2017-09-04;35,7;92;15;jah
2017-09-05;34,9;92;14,1;jah
2017-09-06;34,1;88;13,4;jah
2017-09-07;33,5;84;13,3;jah
2017-09-08;33,4;82;13,4;jah
2017-09-09;34,2;82;13,4;jah
2017-09-10;35,4;84;14;jah
2017-09-11;36,7;87;14,7;jah
2017-09-12;38,2;89;15,4;jah
2017-09-13;39,8;92;15,8;jah
2017-09-14;41,8;96;15,5;jah
2017-09-15;44,4;101;14,7;jah
2017-09-16;48,2;109;14;jah
2017-09-17;54,2;120;13,5;jah
2017-09-18;59,8;130;13,1;jah
2017-09-19;66,4;141;12,5;jah
2017-09-20;70,7;147;12,4;jah
2017-09-21;74,6;152;12,5;jah
2017-09-22;75,7;153;12,5;jah
2017-09-23;73,2;149;12,6;jah
2017-09-24;70,4;145;12,5;jah
2017-09-25;67,7;141;12,5;jah
2017-09-26;64,7;136;12,4;jah
2017-09-27;61,5;130;12,3;jah
2017-09-28;58,7;126;12,3;jah
2017-09-29;56;122;11,9;jah
2017-09-30;54,1;119;11,5;jah
2017-10-01;52,4;116;11,2;jah
2017-10-02;50,6;113;10,7;jah
2017-10-03;49,2;112;9,9;jah
2017-10-04;50,4;113;9,6;jah
2017-10-05;51,6;114;9,4;jah
2017-10-06;53,9;117;9,4;jah
2017-10-07;55,5;119;9,4;jah
2017-10-08;57,7;122;9,2;jah
2017-10-09;61,4;128;9,1;jah
2017-10-10;63,9;131;8,9;jah
2017-10-11;68,7;138;8,8;jah
2017-10-12;73,7;146;8,6;jah
2017-10-13;79,6;155;8,7;jah
2017-10-14;83,1;159;8,6;jah
2017-10-15;85,1;161;8,6;jah
2017-10-16;85,9;160;8,6;jah
2017-10-17;85,5;159;8,5;jah
2017-10-18;85,3;159;8,7;jah
2017-10-19;85,4;160;8,3;jah
2017-10-20;85,4;160;7,5;jah
2017-10-21;84,8;160;6,4;jah
2017-10-22;83,8;158;5,2;jah
2017-10-23;82,9;157;4,4;jah
2017-10-24;81,6;155;3,7;jah
2017-10-25;79,6;151;2,9;jah
2017-10-26;78,6;150;2,3;jah
2017-10-27;76,7;147;2,1;jah
2017-10-28;74,3;143;2,1;jah
2017-10-29;74,4;144;2,5;jah
2017-10-30;75,8;147;2,9;jah
2017-10-31;75,9;147;2,9;jah
2017-11-01;74,9;145;2,5;jah
2017-11-02;75,6;147;2,3;jah
2017-11-03;75,5;146;2,3;jah
2017-11-04;74,6;145;2,5;jah
2017-11-05;74,4;145;3,2;jah
2017-11-06;74;145;3,7;jah
2017-11-07;73,4;144;4;jah
2017-11-08;72,4;142;3,9;jah
2017-11-09;71,6;141;3,7;jah
2017-11-10;70,7;139;3,7;jah
2017-11-11;70,8;140;3,8;jah
2017-11-12;70,8;140;3,9;jah
2017-11-13;71,5;141;3,8;jah
2017-11-14;72;142;3,6;jah
2017-11-15;72,2;143;3,2;jah
2017-11-16;72,2;143;3,1;jah
2017-11-17;72,6;143;2,8;jah
2017-11-18;72,7;144;2,8;jah
2017-11-19;73,2;145;2,9;jah
2017-11-20;73,5;145;2,8;jah
2017-11-21;73,2;144;2,6;jah
2017-11-22;72,7;143;2,3;jah
2017-11-23;72,3;143;1,9;jah
2017-11-24;72,4;142;1,9;jah
2017-11-25;72,8;143;2,1;jah
2017-11-26;74,2;144;2,4;jah
2017-11-27;75,8;147;2,5;jah
2017-11-28;77,2;148;2,3;jah
2017-11-29;78,2;150;2,2;jah
2017-11-30;79,2;151;2;jah
2017-12-01;81,1;154;1,6;jah
2017-12-02;81,8;154;1,3;jah
2017-12-03;82;154;1,2;jah
2017-12-04;83;155;1;jah
2017-12-05;83,9;155;1;jah
2017-12-06;84,5;156;0,7;jah
2017-12-07;84,5;155;0,4;jah
2017-12-08;86,2;157;0,6;jah
2017-12-09;90,4;164;0,8;jah
2017-12-10;94,2;169;0,8;jah
2017-12-11;96,3;171;0,6;jah
2017-12-12;97,5;172;0,4;jah
2017-12-13;101;176;0,6;jah
2017-12-14;105;181;0,3;jah
2017-12-15;108;185;0,2;jah
2017-12-16;109;185;0,3;jah
2017-12-17;109;184;0,3;jah
2017-12-18;109;183;0,3;jah
2017-12-19;109;183;0,2;jah
2017-12-20;108;183;0,3;jah
2017-12-21;105;182;0,2;jah
2017-12-22;105;182;0,3;jah
2017-12-23;103;180;0,3;jah
2017-12-24;101;177;0,2;jah
2017-12-25;99,2;175;0;jah
2017-12-26;101;178;0,3;jah
2017-12-27;103;182;0,6;jah
2017-12-28;105;184;0,6;jah
2017-12-29;105;186;0,8;jah
2017-12-30;106;188;1;jah
2017-12-31;108;190;0,7;jah
2018-01-01;108;191;0,5;jah
2018-01-02;109;192;0,9;jah
2018-01-03;110;194;1,1;jah
2018-01-04;110;196;1,1;jah
2018-01-05;111;198;1,4;jah
2018-01-06;111;199;1,8;jah
2018-01-07;110;199;1,2;jah
2018-01-08;108;197;0,1;jah
2018-01-09;106;195;0,1;jah
2018-01-10;105;195;0,1;jah
2018-01-11;105;196;0,1;jah
2018-01-12;102;194;0;jah
2018-01-13;100;195;0;jah
2018-01-14;99,2;213;0;jah
2018-01-15;97,9;230;0,1;jah
2018-01-16;96,7;217;0,1;jah
2018-01-17;95,5;206;0,1;jah
2018-01-18;94,3;199;0,1;jah
2018-01-19;93,1;195;0,1;jah
2018-01-20;92;193;0,1;jah
2018-01-21;90,8;191;0,1;jah
2018-01-22;89,6;190;0,1;jah
2018-01-23;88,4;188;0,1;jah
2018-01-24;87,3;186;0,1;jah
2018-01-25;86,3;185;0,1;jah
2018-01-26;86;186;0,1;jah
2018-01-27;86,1;188;0,1;jah
2018-01-28;86,2;189;0,1;jah
2018-01-29;86,6;191;0,1;jah
2018-01-30;86,9;193;0,1;jah
2018-01-31;86,6;194;0,1;jah
2018-02-01;85,7;194;0,1;jah
2018-02-02;84,6;193;0,1;jah
2018-02-03;83,5;193;0,1;jah
2018-02-04;82,1;191;0,1;jah
2018-02-05;78,9;187;0;jah
2018-02-06;75,7;183;0;jah
2018-02-07;73,5;181;0,1;jah
2018-02-08;71,5;178;0,1;jah
2018-02-09;70;176;0,1;jah
2018-02-10;69;175;0,1;jah
2018-02-11;68,4;174;0,1;jah
2018-02-12;68;174;0,1;jah
2018-02-13;67,6;174;0,1;jah
2018-02-14;67,3;175;0,1;jah
2018-02-15;66,5;174;0,1;jah
2018-02-16;65,6;173;0,1;jah
2018-02-17;65;172;0,1;jah
2018-02-18;64,4;172;0,1;jah
2018-02-19;63,8;171;0,1;jah
2018-02-20;63,2;171;0,1;jah
2018-02-21;62,4;170;0,1;jah
2018-02-22;61;168;0,1;jah
2018-02-23;59,1;164;0,1;jah
2018-02-24;57,5;160;0,1;jah
2018-02-25;56,1;156;0,1;jah
2018-02-26;55,7;154;0,1;jah
2018-02-27;55,2;152;0,1;jah
2018-02-28;54,4;149;0,1;jah
2018-03-01;53,8;147;0,1;jah
2018-03-02;54,6;146;0,1;jah
2018-03-03;56,1;146;0,1;jah
2018-03-04;57,5;146;0,1;jah
2018-03-05;58,9;146;0,1;jah
2018-03-06;60,4;146;0,1;jah
2018-03-07;61,8;146;0,1;jah
2018-03-08;63,5;147;0,1;jah
2018-03-09;65,3;148;0,1;jah
2018-03-10;66,9;149;0,1;jah
2018-03-11;67,8;153;0,1;jah
2018-03-12;68,5;157;0,1;jah
2018-03-13;69,2;163;0,2;jah
2018-03-14;69,9;177;0,2;jah
2018-03-15;70,5;183;0,2;jah
2018-03-16;71,2;178;0,1;jah
2018-03-17;71,9;170;0,1;jah
2018-03-18;72,5;167;0,2;jah
2018-03-19;72,9;168;0,5;jah
2018-03-20;72,3;159;1;jah
2018-03-21;71,5;148;1;jah
2018-03-22;70,7;140;1;jah
2018-03-23;70;135;1,1;jah
2018-03-24;69,2;130;1,4;jah
2018-03-25;68,5;127;1,5;jah
2018-03-26;68,3;126;1,4;jah
2018-03-27;67,9;125;1,1;jah
2018-03-28;67,4;123;1,1;jah
2018-03-29;67;122;1,4;jah
2018-03-30;67;121;1,6;jah
2018-03-31;66,7;120;1,6;jah
2018-04-01;66,8;120;1,9;jah
2018-04-02;68,3;123;1,8;jah
2018-04-03;70,7;127;1,7;jah
2018-04-04;72,8;131;2;jah
2018-04-05;76,3;137;2,4;jah
2018-04-06;82,5;149;2,4;jah
2018-04-07;88,1;157;2,2;jah
2018-04-08;92,6;164;2,1;jah
2018-04-09;96,6;170;2,5;jah
2018-04-10;101;176;3,5;jah
2018-04-11;103;179;3,2;jah
2018-04-12;105;182;4,2;jah
2018-04-13;106;183;5,3;jah
2018-04-14;107;184;6,4;jah
2018-04-15;107;185;7,4;jah
2018-04-16;107;186;8,3;jah
2018-04-17;107;187;9,2;jah
2018-04-18;109;190;8,1;jah
2018-04-19;110;192;8,1;jah
2018-04-20;110;192;8,7;jah
2018-04-21;109;190;9,9;jah
2018-04-22;107;188;9,1;jah
2018-04-23;105;186;8,3;jah
2018-04-24;104;185;9,1;jah
2018-04-25;102;183;9,6;jah
2018-04-26;101;181;9,5;jah
2018-04-27;99,1;179;9,2;jah
2018-04-28;97,9;177;9,1;jah
2018-04-29;97;177;9,7;jah
2018-04-30;96,5;176;10,1;jah
2018-05-01;96,6;177;10,5;jah
2018-05-02;96,7;177;11,7;jah
2018-05-03;95,9;177;11,8;jah
2018-05-04;95,5;176;11,9;jah
2018-05-05;94,3;175;12;jah
2018-05-06;93,3;174;12,6;jah
2018-05-07;92,1;173;14,3;jah
2018-05-08;90,5;171;15,6;jah
2018-05-09;88,7;169;15,9;jah
2018-05-10;86,7;166;15,4;jah
2018-05-11;84,6;163;15,7;jah
2018-05-12;82,5;160;16,4;jah
2018-05-13;80,6;158;17,3;jah
2018-05-14;78,9;156;17,9;jah
2018-05-15;77;153;18,6;jah
2018-05-16;75,2;151;18,9;jah
2018-05-17;73,7;149;18,9;jah
2018-05-18;72,4;147;19,4;jah
2018-05-19;70,7;145;18,5;jah
2018-05-20;68,3;141;17,8;jah
2018-05-21;67,2;139;18;jah
2018-05-22;66,5;138;18,2;jah
2018-05-23;65,4;136;18,7;jah
2018-05-24;64,6;134;19,1;jah
2018-05-25;64;133;19,3;jah
2018-05-26;62,8;130;19,5;jah
2018-05-27;61,9;129;20;jah
2018-05-28;60,9;126;20;jah
2018-05-29;59,8;124;20;jah
2018-05-30;58,5;121;20,4;jah
2018-05-31;58,3;121;20,7;jah
2018-06-01;56,7;117;20,2;jah
2018-06-02;55,9;115;20,1;jah
2018-06-03;55;113;20,7;jah
2018-06-04;54,4;112;20,5;jah
2018-06-05;53,2;108;18,8;jah
2018-06-06;51,6;104;16,9;jah
2018-06-07;51,2;103;15,9;jah
2018-06-08;51,5;104;16;jah
2018-06-09;51;103;16,4;jah
2018-06-10;50,7;102;17;jah
2018-06-11;50,6;101;17,9;jah
2018-06-12;50,8;102;18,3;jah
2018-06-13;50,8;102;18,9;jah
2018-06-14;51;102;19,4;jah
2018-06-15;50,2;100;19,7;jah
2018-06-16;49,9;99;20,3;jah
2018-06-17;49,4;98;20,8;jah
2018-06-18;48,7;96;21,6;jah
2018-06-19;47,6;92;21;jah
2018-06-20;46,4;88;20,2;jah
2018-06-21;46,9;91;19,1;jah
2018-06-22;46,9;90;18,8;jah
2018-06-23;46,7;90;18,2;jah
2018-06-24;47,7;93;17,2;jah
2018-06-25;46,3;89;16,7;jah
2018-06-26;46,2;89;17,3;jah
2018-06-27;45,7;87;18,4;jah
2018-06-28;45,2;86;19,9;jah
2018-06-29;44,7;84;20,7;jah
2018-06-30;44,5;84;20,5;jah
2018-07-01;45,5;87;18,8;jah
2018-07-02;44,8;84;17;jah
2018-07-03;42,9;78;16,6;jah
2018-07-04;42,5;77;17,2;jah
2018-07-05;42;76;17,9;jah
2018-07-06;41;73;17,9;jah
2018-07-07;41;74;18,4;jah
2018-07-08;40,8;74;19;jah
2018-07-09;40,4;73;19,6;jah
2018-07-10;40,4;74;19,9;jah
2018-07-11;39,9;72;19,9;jah
2018-07-12;39,4;71;20,2;jah
2018-07-13;39,1;71;21,1;jah
2018-07-14;38,7;70;22,1;jah
2018-07-15;38,2;69;22,9;jah
2018-07-16;37,8;68;23,2;jah
2018-07-17;37,6;68;23,5;jah
2018-07-18;37,2;67;23,7;jah
2018-07-19;36,6;66;24;jah
2018-07-20;36,3;64;23,8;jah
2018-07-21;35,7;62;24;jah
2018-07-22;35,6;61;24,3;jah
2018-07-23;35,7;61;24,8;jah
2018-07-24;35,7;60;25,4;jah
2018-07-25;35,4;59;25,2;jah
2018-07-26;35,2;58;25,1;jah
2018-07-27;35,1;57;25,1;jah
2018-07-28;35,6;59;24,9;jah
2018-07-29;35,2;57;24,9;jah
2018-07-30;34,8;55;25,3;jah
2018-07-31;34,6;54;25,4;jah
2018-08-01;34,1;52;25,3;jah
2018-08-02;33,7;50;25,7;jah
2018-08-03;33,3;48;25,9;jah
2018-08-04;32,9;46;25,6;jah
2018-08-05;32,6;45;25,1;jah
2018-08-06;32,3;44;24;jah
2018-08-07;31,9;42;22,9;jah
2018-08-08;31,9;41;22,3;jah
2018-08-09;31,9;41;22,4;jah
2018-08-10;31,7;40;23,4;jah
2018-08-11;31,6;39;23,8;jah
2018-08-12;31;37;22,8;jah
2018-08-13;30,5;35;21,4;jah
2018-08-14;30,8;36;20,3;jah
2018-08-15;31,5;38;19,7;jah
2018-08-16;31,2;36;19,8;jah
2018-08-17;31;35;19,9;jah
2018-08-18;31,1;35;20,8;jah
2018-08-19;30,4;32;21,4;jah
2018-08-20;31;34;20,8;jah
2018-08-21;31,1;34;19,7;jah
2018-08-22;30,1;30;18,6;jah
2018-08-23;29,6;30;18;jah
2018-08-24;29,9;31;18,1;jah
2018-08-25;30,1;33;18,4;jah
2018-08-26;29,8;32;18,6;jah
2018-08-27;29,2;31;18,5;jah
2018-08-28;29,1;32;18,1;jah
2018-08-29;28,9;32;17,8;jah
2018-08-30;28,2;30;18;jah
2018-08-31;27,8;29;18,3;jah
2018-09-01;27,4;29;18,7;jah
2018-09-02;26,9;28;19,1;jah
2018-09-03;26,8;28;19,1;jah
2018-09-04;26,7;28;19,2;jah
2018-09-05;26,6;27;18,9;jah
2018-09-06;26,7;27;19;jah
2018-09-07;26,8;26;19,1;jah
2018-09-08;26,9;26;19,2;jah
2018-09-09;26,8;25;19,1;jah
2018-09-10;27,6;27;18,8;jah
2018-09-11;27,4;25;18,5;jah
2018-09-12;26,5;21;18,1;jah
2018-09-13;25,9;18;17,2;jah
2018-09-14;26,6;20;16,3;jah
2018-09-15;26,6;19;15,7;jah
2018-09-16;26,5;18;15,5;jah
2018-09-17;26;16;14,7;jah
2018-09-18;26,5;17;14,4;jah
2018-09-19;26,5;16;14,4;jah
2018-09-20;26,5;15;15,1;jah
2018-09-21;27;16;15,8;jah
2018-09-22;27,1;15;15,9;jah
2018-09-23;27,2;15;15,2;jah
2018-09-24;28,1;17;14,1;jah
2018-09-25;27,4;13;12,5;jah
2018-09-26;25,3;5;11,5;jah
2018-09-27;26,4;8;10,6;jah
2018-09-28;29,9;20;10,1;jah
2018-09-29;29,7;18;9,9;jah
2018-09-30;29,2;16;9,6;jah
2018-10-01;30,4;19;9,6;jah
2018-10-02;30,7;19;9,5;jah
2018-10-03;31;20;9,4;jah
2018-10-04;31,1;20;9,1;jah
2018-10-05;29,4;14;8,5;jah
2018-10-06;30,2;17;8,7;jah
2018-10-07;31,8;22;9;jah
2018-10-08;31,5;20;8,7;jah
2018-10-09;31,2;20;8,5;jah
2018-10-10;31,5;21;8,8;jah
2018-10-11;32,1;23;9,1;jah
2018-10-12;32,1;22;9,5;jah
2018-10-13;31,6;21;9,8;jah
2018-10-14;31,3;20;10,1;jah
2018-10-15;30,9;18;10,1;jah
2018-10-16;30,6;17;10;jah
2018-10-17;30,4;16;9,7;jah
2018-10-18;30,1;15;9,5;jah
2018-10-19;29,8;14;9,5;jah
2018-10-20;29,3;13;9;jah
2018-10-21;29,2;12;8,5;jah
2018-10-22;28,5;10;8,2;jah
2018-10-23;29;11;7,8;jah
2018-10-24;31,7;21;7,2;jah
2018-10-25;30;14;6,3;jah
2018-10-26;29,8;14;6;jah
2018-10-27;31,2;20;5,2;jah
2018-10-28;34,7;30;4,1;jah
2018-10-29;35,1;31;3,3;jah
2018-10-30;36,5;35;2,5;jah
2018-10-31;36,8;35;2,7;jah
2018-11-01;39,3;41;3,2;jah
2018-11-02;41,5;46;4,2;jah
2018-11-03;41,5;44;5,1;jah
2018-11-04;41;42;5,8;jah
2018-11-05;40,3;39;5,5;jah
2018-11-06;39,5;36;5,4;jah
2018-11-07;38,6;32;5,6;jah
2018-11-08;38,1;30;5,8;jah
2018-11-09;37,8;28;5,8;jah
2018-11-10;37,8;27;5,6;jah
2018-11-11;37,8;26;5,2;jah
2018-11-12;37,4;24;4,8;jah
2018-11-13;38,4;26;4,6;jah
2018-11-14;40,6;31;4,8;jah
2018-11-15;42,1;34;5;jah
2018-11-16;42,5;35;5,1;jah
2018-11-17;41,9;34;5,1;jah
2018-11-18;43,2;38;5;jah
2018-11-19;42,7;36;4,6;jah
2018-11-20;40,3;30;4;jah
2018-11-21;39,3;28;3,5;jah
2018-11-22;38;24;3;jah
2018-11-23;37,2;22;2,8;jah
2018-11-24;36,7;21;2,6;jah
2018-11-25;36,6;21;2;jah
2018-11-26;35,9;19;1,6;jah
2018-11-27;35,6;19;0,9;jah
2018-11-28;34,8;16;0,4;jah
2018-11-29;31,8;7;0,4;jah
2018-11-30;29,2;1;0,4;jah
2018-12-01;29;2;0,5;jah
2018-12-02;29,2;3;0,4;jah
2018-12-03;29;4;0,4;jah
2018-12-04;30,2;9;0,4;jah
2018-12-05;32;16;0,4;jah
2018-12-06;33;20;0,4;jah
2018-12-07;33,9;24;0,3;jah
2018-12-08;34,1;25;0,3;jah
2018-12-09;34,5;28;0,3;jah
2018-12-10;36,2;31;0,3;jah
2018-12-11;38,1;33;0,3;jah
2018-12-12;38,6;35;0,3;jah
2018-12-13;38,7;36;0,3;jah
2018-12-14;37,8;35;0,3;jah
2018-12-15;36,8;33;0,3;jah
2018-12-16;35,6;30;0,3;jah
2018-12-17;34,4;28;0,3;jah
2018-12-18;35,9;33;0,3;jah
2018-12-19;35,6;33;0,3;jah
2018-12-20;35,6;32;0,3;jah
2018-12-21;34,6;28;0,3;jah
2018-12-22;32,3;20;0,3;jah
2018-12-23;33;22;0,3;jah
2018-12-24;34,5;26;0,3;jah
2018-12-25;35,5;28;0,3;jah
2018-12-26;37,7;34;0,3;jah
2018-12-27;40,5;41;0,3;jah
2018-12-28;42,6;45;0,3;jah
2018-12-29;41,9;42;0,3;jah
2018-12-30;40,8;39;0,3;jah
2018-12-31;40,4;37;0,4;jah
2019-01-01;39,8;34;0,5;jah
2019-01-02;38,4;30;0,8;jah
2019-01-03;36,1;28;0,4;jah
2019-01-04;34;28;0,3;jah
2019-01-05;36,6;41;0,2;jah
2019-01-06;36,8;47;0,2;jah
2019-01-07;36;50;0,3;jah
2019-01-08;37,1;53;0,3;jah
2019-01-09;38,4;55;0,2;jah
2019-01-10;38,5;53;0,3;jah
2019-01-11;38,2;51;0,3;jah
2019-01-12;37,4;47;0,3;jah
2019-01-13;37;44;0,3;jah
2019-01-14;37,5;44;0,3;jah
2019-01-15;37,6;43;0,3;jah
2019-01-16;37,5;41;0,3;jah
2019-01-17;37,9;41;0,3;jah
2019-01-18;37,8;41;0,3;jah
2019-01-19;36,7;40;0,3;jah
2019-01-20;34,6;41;0,3;jah
2019-01-21;32,7;34;0,2;jah
2019-01-22;31,1;26;0,2;jah
2019-01-23;31,6;30;0,2;jah
2019-01-24;32,4;34;0,2;jah
2019-01-25;32,7;36;0,2;jah
2019-01-26;32;35;0,2;jah
2019-01-27;31,7;35;0,2;jah
2019-01-28;31,3;36;0,2;jah
2019-01-29;30,5;35;0,3;jah
2019-01-30;30,3;36;0,3;jah
2019-01-31;30,8;39;0,3;jah
2019-02-01;31,4;39;0,3;jah
2019-02-02;32,1;39;0,3;jah
2019-02-03;33,4;41;0,3;jah
2019-02-04;34,6;43;0,3;jah
2019-02-05;35,6;43;0,3;jah
2019-02-06;37;45;0,3;jah
2019-02-07;37,8;45;0,3;jah
2019-02-08;38,8;46;0,4;jah
2019-02-09;40,6;50;0,6;jah
2019-02-10;41,8;50;1,2;jah
2019-02-11;42,4;50;1,3;jah
2019-02-12;46,4;58;0,8;jah
2019-02-13;49,3;62;0,5;jah
2019-02-14;51,4;64;0,6;jah
2019-02-15;52,8;65;1;jah
2019-02-16;57,5;73;1,1;jah
2019-02-17;64,3;84;0,8;jah
2019-02-18;67,8;87;0,4;jah
2019-02-19;68,5;86;0,5;jah
2019-02-20;71,2;91;0,6;jah
2019-02-21;74;95;0,2;jah
2019-02-22;74,8;97;0,2;jah
2019-02-23;87,6;118;0,2;jah
2019-02-24;101;136;0,3;jah
2019-02-25;98,5;131;0,3;jah
2019-02-26;89,5;118;0,5;jah
2019-02-27;76,7;99;0,4;jah
2019-02-28;70;89;0,5;jah
2019-03-01;68;86;0,4;jah
2019-03-02;66;83;0,2;jah
2019-03-03;66,8;84;0,5;jah
2019-03-04;64,3;79;0,7;jah
2019-03-05;63,7;79;1;jah
2019-03-06;65;82;0,7;jah
2019-03-07;64,7;82;0,6;jah
2019-03-08;65,6;86;1,3;jah
2019-03-09;71,9;98;1,7;jah
2019-03-10;78,1;108;1,5;jah
2019-03-11;81,4;114;0,9;jah
2019-03-12;81,3;114;0,4;jah
2019-03-13;79,5;112;0,5;jah
2019-03-14;77,9;110;0,8;jah
2019-03-15;78;111;1,3;jah
2019-03-16;81;117;1,6;jah
2019-03-17;85;123;1,7;jah
2019-03-18;89,6;131;1,9;jah
2019-03-19;94,8;139;1,9;jah
2019-03-20;98,4;145;2,1;jah
2019-03-21;101;149;2,5;jah
2019-03-22;104;153;3,2;jah
2019-03-23;106;157;3;jah
2019-03-24;109;161;3,2;jah
2019-03-25;110;163;3,3;jah
2019-03-26;111;164;2,9;jah
2019-03-27;112;164;2,8;jah
2019-03-28;112;164;3;jah
2019-03-29;111;163;4,2;jah
2019-03-30;110;161;5,2;jah
2019-03-31;109;160;6,1;jah
2019-04-01;107;157;5,5;jah
2019-04-02;105;154;5,3;jah
2019-04-03;103;151;5,5;jah
2019-04-04;100;148;5,9;jah
2019-04-05;97,7;144;6,4;jah
2019-04-06;95;140;6,7;jah
2019-04-07;92,1;136;7;jah
2019-04-08;89,3;132;7,1;jah
2019-04-09;86,2;128;6,3;jah
2019-04-10;84,5;125;5,6;jah
2019-04-11;82,4;122;4,9;jah
2019-04-12;80,8;120;4,4;jah
2019-04-13;79,3;118;4,2;jah
2019-04-14;77,9;116;4,5;jah
2019-04-15;76,6;114;5,1;jah
2019-04-16;75,3;112;5,9;jah
2019-04-17;74;110;6,8;jah
2019-04-18;72,7;108;7,7;jah
2019-04-19;71,3;106;8,5;jah
2019-04-20;70,2;104;9,4;jah
2019-04-21;69,2;102;10;jah
2019-04-22;67,8;100;10,4;jah
2019-04-23;66,6;98;10,9;jah
2019-04-24;65,7;96;11,7;jah
2019-04-25;64,9;95;12,2;jah
2019-04-26;63,9;93;12,3;jah
2019-04-27;63,1;92;13,1;jah
2019-04-28;62,7;91;13,1;jah
2019-04-29;61,4;89;12,5;jah
2019-04-30;59,9;86;12,2;jah
2019-05-01;58,8;84;12,2;jah
2019-05-02;58,6;84;12;jah
2019-05-03;57,3;81;11,1;jah
2019-05-04;57,2;81;9,8;jah
2019-05-05;57,5;82;9,2;jah
2019-05-06;57,4;82;9,2;jah
2019-05-07;57,2;81;9,6;jah
2019-05-08;56,2;80;10;jah
2019-05-09;56,6;81;10,8;jah
2019-05-10;56,3;80;10,9;jah
2019-05-11;56;80;10,8;jah
2019-05-12;58;84;10,8;jah
2019-05-13;60,4;89;11,1;jah
2019-05-14;60,4;88;11,1;jah
2019-05-15;59,4;87;11,2;jah
2019-05-16;59,4;87;12;jah
2019-05-17;58,9;86;13;jah
2019-05-18;58,1;84;14;jah
2019-05-19;57,2;82;15,2;jah
2019-05-20;56,1;80;16,5;jah
2019-05-21;55,1;77;17,7;jah
2019-05-22;54,2;75;18,9;jah
2019-05-23;53,6;74;19;jah
2019-05-24;53,5;74;18,2;jah
2019-05-25;52,1;70;17,4;jah
2019-05-26;50,9;68;16,4;jah
2019-05-27;51,2;69;15,2;jah
2019-05-28;52;71;14,9;jah
2019-05-29;52,4;71;14,8;jah
2019-05-30;52;70;15,1;jah
2019-05-31;51,3;69;15,2;jah
2019-06-01;51,2;69;15,4;jah
2019-06-02;50,4;66;15,5;jah
2019-06-03;49,8;65;16;jah
2019-06-04;49,1;63;17,2;jah
2019-06-05;48,6;62;19;jah
2019-06-06;48,1;60;20,7;jah
2019-06-07;47,4;58;22,7;jah
2019-06-08;46,8;57;23,7;jah
2019-06-09;45,9;54;23,5;jah
2019-06-10;45;51;22,9;jah
2019-06-11;45,3;52;22,1;jah
2019-06-12;46,7;55;21,8;jah
2019-06-13;47,9;58;21;jah
2019-06-14;47,8;57;21,1;jah
2019-06-15;46,7;54;20,8;jah
2019-06-16;47,8;57;21,2;jah
2019-06-17;48,4;58;21,6;jah
2019-06-18;47,8;56;22,1;jah
2019-06-19;47,2;55;22,3;jah
2019-06-20;46,5;53;22,7;jah
2019-06-21;45,5;51;23,8;jah
2019-06-22;44;48;24,4;jah
2019-06-23;42,8;45;23,7;jah
2019-06-24;42,1;44;22,9;jah
2019-06-25;41,2;42;22,5;jah
2019-06-26;40,8;41;21,7;jah
2019-06-27;41,1;42;20,7;jah
2019-06-28;39,9;39;19,9;jah
2019-06-29;37,4;33;19,5;jah
2019-06-30;37,3;33;19,4;jah
2019-07-01;36,6;31;20,2;jah
2019-07-02;36,2;31;20,7;jah
2019-07-03;36,5;32;19,9;jah
2019-07-04;35,6;30;18,6;jah
2019-07-05;35,5;30;17,6;jah
2019-07-06;36,3;32;17,1;jah
2019-07-07;35,6;31;16,7;jah
2019-07-08;36;33;17,2;jah
2019-07-09;36,3;34;17,7;jah
2019-07-10;35,4;31;17,4;jah
2019-07-11;34,7;30;17,1;jah
2019-07-12;34,2;28;17;jah
2019-07-13;33,4;27;17,2;jah
2019-07-14;33,6;27;17,6;jah
2019-07-15;33,3;27;18,2;jah
2019-07-16;33,1;27;18,8;jah
2019-07-17;33,4;28;19,4;jah
2019-07-18;33;27;19,6;jah
2019-07-19;31,9;23;19,6;jah
2019-07-20;31,5;22;19,8;jah
2019-07-21;31,8;23;20,3;jah
2019-07-22;32;24;21;jah
2019-07-23;31,9;23;21,6;jah
2019-07-24;31,6;22;22,1;jah
2019-07-25;31,8;23;23;jah
2019-07-26;31,7;22;23;jah
2019-07-27;31,2;21;23,1;jah
2019-07-28;30,8;19;23,8;jah
2019-07-29;31,3;20;23,4;jah
2019-07-30;30,5;18;22,3;jah
2019-07-31;29,7;15;20,4;jah
2019-08-01;28,9;12;19,6;jah
2019-08-02;29;12;18,9;jah
2019-08-03;29;12;18,7;jah
2019-08-04;28,4;10;17,9;jah
2019-08-05;27,6;7;17,5;jah
2019-08-06;27,2;5;17,7;jah
2019-08-07;28,2;9;17,8;jah
2019-08-08;28,4;9;18,1;jah
2019-08-09;28,5;9;18,6;jah
2019-08-10;28,9;10;18,8;jah
2019-08-11;29,6;13;18,9;jah
2019-08-12;29,9;13;19,5;jah
2019-08-13;30,7;15;19,7;jah
2019-08-14;29,8;12;19,5;jah
2019-08-15;29,5;12;19,3;jah
2019-08-16;29,5;12;18,8;jah
2019-08-17;29,4;12;18,8;jah
2019-08-18;29,1;11;19,4;jah
2019-08-19;28,5;9;19,8;jah
2019-08-20;28;8;19,8;jah
2019-08-21;27,9;8;19;jah
2019-08-22;27,3;6;18,7;jah
2019-08-23;26,9;5;18,6;jah
2019-08-24;26,8;5;18,8;jah
2019-08-25;26,8;5;18,7;jah
2019-08-26;26,3;3;19;jah
2019-08-27;26,2;3;19,9;jah
2019-08-28;26,2;4;20,6;jah
2019-08-29;26,2;3;20,8;jah
2019-08-30;26,1;2;20,9;jah
2019-08-31;25,9;0;20,7;jah
2019-09-01;26,1;1;20,2;jah
2019-09-02;26,3;0;20,4;jah
2019-09-03;26,3;-1;20,3;jah
2019-09-04;25,9;-2;19,7;jah
2019-09-05;26,1;-3;18,8;jah
2019-09-06;25,9;-4;18,3;jah
2019-09-07;26;-4;17,8;jah
2019-09-08;26,1;-3;17,2;jah
2019-09-09;26,1;-3;17,5;jah
2019-09-10;26;-3;18;jah
2019-09-11;25,5;-6;18,1;jah
2019-09-12;25,1;-6;17,3;jah
2019-09-13;25,1;-6;16,2;jah
2019-09-14;25;-7;14,9;jah
2019-09-15;24,9;-7;13,8;jah
2019-09-16;25,7;-4;13;jah
2019-09-17;26,2;-2;12,7;jah
2019-09-18;26,8;0;12;jah
2019-09-19;26,6;-1;11,4;jah
2019-09-20;26,1;-3;11,2;jah
2019-09-21;25,9;-3;10,8;jah
2019-09-22;26,3;-2;10,9;jah
2019-09-23;25,3;-6;10,1;jah
2019-09-24;25;-7;9,7;jah
2019-09-25;25;-7;9,6;jah
2019-09-26;25,1;-7;9,4;jah
2019-09-27;24,9;-7;9,4;jah
2019-09-28;25,1;-7;9,4;jah
2019-09-29;25,3;-6;9,9;jah
2019-09-30;25,4;-6;10,4;jah
2019-10-01;24,6;-10;10,8;jah
2019-10-02;24,7;-8;10,4;jah
2019-10-03;26;-5;10;jah
2019-10-04;25;-8;9,1;jah
2019-10-05;24,5;-10;8,3;jah
2019-10-06;24,5;-10;7,4;jah
2019-10-07;24,3;-11;6,7;jah
2019-10-08;24,2;-12;6,3;jah
2019-10-09;24,5;-11;6,4;jah
2019-10-10;24,8;-10;6,6;jah
2019-10-11;24,6;-11;7,1;jah
2019-10-12;25,5;-7;8;jah
2019-10-13;26,9;-3;8,6;jah
2019-10-14;30,3;8;8,6;jah
2019-10-15;32,7;14;8,5;jah
2019-10-16;33,7;17;8,3;jah
2019-10-17;33,7;17;8,4;jah
2019-10-18;33,7;16;8,9;jah
2019-10-19;34;17;9,3;jah
2019-10-20;33,9;16;9,3;jah
2019-10-21;33,4;14;9,5;jah
2019-10-22;32,6;12;9,3;jah
2019-10-23;31,9;10;9,3;jah
2019-10-24;32,3;11;9,3;jah
2019-10-25;32;11;9,2;jah
2019-10-26;31;8;9,2;jah
2019-10-27;32,7;14;9,2;jah
2019-10-28;35,6;23;8,5;jah
2019-10-29;37,7;29;7,3;jah
2019-10-30;38;29;5,6;jah
2019-10-31;37,5;28;4,6;jah
2019-11-01;37,4;28;3,9;jah
2019-11-02;36,9;27;3,5;jah
2019-11-03;37,4;29;3,8;jah
2019-11-04;43,6;47;4,2;jah
2019-11-05;54,5;73;4,2;jah
2019-11-06;65,7;95;3,9;jah
2019-11-07;72,3;105;3,5;jah
2019-11-08;71,3;103;3,3;jah
2019-11-09;68,8;99;3,5;jah
2019-11-10;67,6;98;4,1;jah
2019-11-11;66,3;96;4,6;jah
2019-11-12;64,5;93;4,8;jah
2019-11-13;62,6;90;5;jah
2019-11-14;61,3;87;5,5;jah
2019-11-15;59,4;84;5,7;jah
2019-11-16;57,8;81;5,5;jah
2019-11-17;56,1;78;5,4;jah
2019-11-18;55;76;5,3;jah
2019-11-19;54;74;5,4;jah
2019-11-20;52,9;72;5,4;jah
2019-11-21;52,1;71;5,1;jah
2019-11-22;51,2;69;4,3;jah
2019-11-23;50,2;67;3,2;jah
2019-11-24;48,9;64;1,9;jah
2019-11-25;47;60;0,8;jah
2019-11-26;46,5;58;0,3;jah
2019-11-27;46,2;57;0,1;jah
2019-11-28;46,1;56;0,4;jah
2019-11-29;46,9;57;0,8;jah
2019-11-30;46,7;56;0,7;jah
2019-12-01;43,2;46;0,1;jah
2019-12-02;42;44;0;jah
2019-12-03;47,3;56;0;jah
2019-12-04;49,2;58;0;jah
2019-12-05;49,7;60;0,1;jah
2019-12-06;49,4;59;1;jah
2019-12-07;50,5;61;1,5;jah
2019-12-08;54;69;1,5;jah
2019-12-09;59;79;1,9;jah
2019-12-10;64,1;88;2,3;jah
2019-12-11;66,8;91;1,8;jah
2019-12-12;67,2;91;1,2;jah
2019-12-13;66,8;91;1,1;jah
2019-12-14;65,7;89;1;jah
2019-12-15;65;88;1;jah
2019-12-16;64,4;87;1,2;jah
2019-12-17;65,6;90;1,6;jah
2019-12-18;67,6;93;2,2;jah
2019-12-19;67,1;93;2,5;jah
2019-12-20;69,3;97;2,3;jah
2019-12-21;70;98;2,3;jah
2019-12-22;69,6;98;2,4;jah
2019-12-23;68,8;97;2,7;jah
2019-12-24;68,1;96;3;jah
2019-12-25;67,7;96;3,2;jah
2019-12-26;67,1;95;3,1;jah
2019-12-27;67,1;95;2,8;jah
2019-12-28;67;95;2,1;jah
2019-12-29;64,3;90;1,4;jah
2019-12-30;62,5;89;1,3;jah
2019-12-31;62,2;91;1,3;jah
2020-01-01;61,9;90;1,2;jah
2020-01-02;61;89;1,4;jah
2020-01-03;60,6;89;1,9;jah
2020-01-04;61,1;91;2;jah
2020-01-05;61,1;91;1,7;jah
2020-01-06;60,6;90;1,2;jah
2020-01-07;60,8;92;1,2;jah
2020-01-08;60,8;92;1,4;jah
2020-01-09;61,8;95;1,6;jah
2020-01-10;63,2;99;1,9;jah
2020-01-11;64;100;1,9;jah
2020-01-12;63;97;1,8;jah
2020-01-13;63,9;99;1,8;jah
2020-01-14;64,8;100;1,9;jah
2020-01-15;65,1;100;2,2;jah
2020-01-16;65,5;101;3;jah
2020-01-17;66;101;3,3;jah
2020-01-18;66,9;103;3,1;jah
2020-01-19;67,2;103;3;jah
2020-01-20;66,8;101;2,6;jah
2020-01-21;65,9;99;2,7;jah
2020-01-22;67,1;101;2,3;jah
2020-01-23;67;100;1,7;jah
2020-01-24;66,4;99;1,6;jah
2020-01-25;65,8;98;1,4;jah
2020-01-26;65;96;1,2;jah
2020-01-27;65,4;98;1,6;jah
2020-01-28;65,6;99;1,9;jah
2020-01-29;65,9;100;2;jah
2020-01-30;65,8;100;2,1;jah
2020-01-31;65,5;100;2,1;jah
2020-02-01;65,4;100;2,1;jah
2020-02-02;65,2;103;2,4;jah
2020-02-03;65;106;2,4;jah
2020-02-04;64,8;107;1,6;jah
2020-02-05;64,6;105;0,8;jah
2020-02-06;64,5;105;0,3;jah
2020-02-07;64,3;102;0;jah
2020-02-08;64,4;113;0,1;jah
2020-02-09;64,6;113;0,3;jah
2020-02-10;64,7;104;0,5;jah
2020-02-11;65,5;104;0,9;jah
2020-02-12;66,9;108;1;jah
2020-02-13;68,5;111;1,2;jah
2020-02-14;70,3;115;1,4;jah
2020-02-15;71,4;116;1,3;jah
2020-02-16;72,1;118;1,4;jah
2020-02-17;73,4;120;2,2;jah
2020-02-18;75,3;124;2,7;jah
2020-02-19;78,6;129;3,1;jah
2020-02-20;81,6;134;3,4;jah
2020-02-21;83,2;136;3,2;jah
2020-02-22;84;138;3;jah
2020-02-23;86,4;142;2,9;jah
2020-02-24;90,9;148;2,7;jah
2020-02-25;93,4;152;2;jah
2020-02-26;95,6;155;1,4;jah
2020-02-27;97,2;157;0,9;jah
2020-02-28;97,8;158;0,4;jah
2020-02-29;96,5;156;0,1;jah
2020-03-01;97,1;157;0,3;jah
2020-03-02;98,5;159;0,6;jah
2020-03-03;100;161;1,1;jah
2020-03-04;103;165;1,5;jah
2020-03-05;108;173;2;jah
2020-03-06;113;179;2,2;jah
2020-03-07;116;183;2,4;jah
2020-03-08;117;184;2,7;jah
2020-03-09;117;184;3,1;jah
2020-03-10;116;184;3,3;jah
2020-03-11;116;185;3,5;jah
2020-03-12;116;186;3,7;jah
2020-03-13;117;188;3,8;jah
2020-03-14;117;189;3,3;jah
2020-03-15;116;188;2,2;jah
2020-03-16;114;187;2,1;jah
2020-03-17;113;187;2,2;jah
2020-03-18;113;187;3,1;jah
2020-03-19;112;187;4;jah
2020-03-20;112;186;4,3;jah
2020-03-21;111;186;3,7;jah
2020-03-22;109;183;2,8;jah
2020-03-23;107;181;2,5;jah
2020-03-24;105;178;2,7;jah
2020-03-25;103;175;3;jah
2020-03-26;101;173;3,7;jah
2020-03-27;99,4;171;4,3;jah
2020-03-28;98;169;5,1;jah
2020-03-29;96,4;167;5,4;jah
2020-03-30;93,4;163;4,2;jah
2020-03-31;91,1;160;3,8;jah
2020-04-01;88,2;155;3,8;jah
2020-04-02;86,7;153;4,4;jah
2020-04-03;84,7;150;4,4;jah
2020-04-04;83,9;149;4,1;jah
2020-04-05;83,6;148;4,4;jah
2020-04-06;83;147;5;jah
2020-04-07;82,5;146;5,8;jah
2020-04-08;81,3;144;7,1;jah
2020-04-09;80,4;142;7,5;jah
2020-04-10;79,1;140;7,1;jah
2020-04-11;77,8;138;6,8;jah
2020-04-12;77;136;6,4;jah
2020-04-13;76,6;136;6;jah
2020-04-14;75,6;134;5,6;jah
2020-04-15;75,8;134;5,2;jah
2020-04-16;77,5;138;5,1;jah
2020-04-17;78,7;140;5,3;jah
2020-04-18;79,1;141;5,4;jah
2020-04-19;79,6;142;5,7;jah
2020-04-20;79,5;142;6,2;jah
2020-04-21;79,5;142;7,1;jah
2020-04-22;79,1;141;8;jah
2020-04-23;78,5;140;8,9;jah
2020-04-24;77,4;139;9,3;jah
2020-04-25;76,6;137;9,2;jah
2020-04-26;75;135;8,9;jah
2020-04-27;74;133;8,9;jah
2020-04-28;73,5;133;8,5;jah
2020-04-29;74,2;134;7,9;jah
2020-04-30;73,7;133;7,5;jah
2020-05-01;73,6;133;7,8;jah
2020-05-02;73,8;133;8,7;jah
2020-05-03;73,6;133;9,7;jah
2020-05-04;73;132;10,4;jah
2020-05-05;72,8;132;10,8;jah
2020-05-06;72;130;11,6;jah
2020-05-07;70,7;127;11,8;jah
2020-05-08;69,4;125;11,9;jah
2020-05-09;68,9;124;12,1;jah
2020-05-10;68,4;123;12,4;jah
2020-05-11;68;122;12,7;jah
2020-05-12;67,3;120;12,5;jah
2020-05-13;65,9;118;11,5;jah
2020-05-14;65,4;117;10,9;jah
2020-05-15;64,6;115;10,3;jah
2020-05-16;64;114;10,4;jah
2020-05-17;63,5;113;10,3;jah
2020-05-18;63,4;113;10,3;jah
2020-05-19;63,3;113;10,2;jah
2020-05-20;63,5;113;10,4;jah
2020-05-21;64,1;114;10,2;jah
2020-05-22;63,9;114;10,4;jah
2020-05-23;63,4;113;11,1;jah
2020-05-24;63,3;113;12,2;jah
2020-05-25;62,6;111;12,9;jah
2020-05-26;61,9;109;13,8;jah
2020-05-27;60,9;107;14,6;jah
2020-05-28;60,1;105;15,3;jah
2020-05-29;59,5;104;15,6;jah
2020-05-30;58,7;103;15,7;jah
2020-05-31;58,5;103;15,9;jah
2020-06-01;57;100;16,1;jah
2020-06-02;56,4;98;16;jah
2020-06-03;55,5;96;16;jah
2020-06-04;54,6;95;15,9;jah
2020-06-05;54,2;94;15,9;jah
2020-06-06;54,6;96;16,2;jah
2020-06-07;54,2;95;17,3;jah
2020-06-08;54,3;96;18,2;jah
2020-06-09;55,1;99;18,8;jah
2020-06-10;56,7;102;19,1;jah
2020-06-11;58,8;106;18,7;jah
2020-06-12;60,8;110;18,2;jah
2020-06-13;61,6;110;18,6;jah
2020-06-14;61,6;109;18,9;jah
2020-06-15;60,8;107;19;jah
2020-06-16;59,6;103;19,4;jah
2020-06-17;58,3;100;20,3;jah
2020-06-18;57,5;98;21,7;jah
2020-06-19;56,8;96;22,5;jah
2020-06-20;57,8;99;21,7;jah
2020-06-21;57,7;98;20,9;jah
2020-06-22;57,1;96;20,9;jah
2020-06-23;56,5;94;21,6;jah
2020-06-24;56,1;93;22,1;jah
2020-06-25;55,2;90;22,5;jah
2020-06-26;54,3;88;23,2;jah
2020-06-27;53,6;86;24,5;jah
2020-06-28;53,3;85;25,8;jah
2020-06-29;53,2;84;25,5;jah
2020-06-30;54,9;89;23,2;jah
2020-07-01;56,3;93;21,4;jah
2020-07-02;58,1;96;20,2;jah
2020-07-03;57,5;95;20;jah
2020-07-04;56,9;93;20,4;jah
2020-07-05;56;92;19,8;jah
2020-07-06;55,5;91;19,3;jah
2020-07-07;54,8;90;19,1;jah
2020-07-08;53,8;87;18,8;jah
2020-07-09;53;86;18,7;jah
2020-07-10;52,7;86;18,2;jah
2020-07-11;51,6;82;17,8;jah
2020-07-12;50,8;81;17,6;jah
2020-07-13;50,4;80;17,9;jah
2020-07-14;49,6;78;18,6;jah
2020-07-15;49;77;18,9;jah
2020-07-16;48,2;75;18,8;jah
2020-07-17;47,3;73;19,3;jah
2020-07-18;47;71;20,3;jah
2020-07-19;46,7;70;21,2;jah
2020-07-20;46,4;69;22;jah
2020-07-21;46,1;67;22,3;jah
2020-07-22;45,5;65;22,2;jah
2020-07-23;44,7;62;20,6;jah
2020-07-24;45,1;63;18,9;jah
2020-07-25;45,7;64;18,5;jah
2020-07-26;46,1;64;18,4;jah
2020-07-27;46,3;64;19,1;jah
2020-07-28;46,2;64;19,6;jah
2020-07-29;46,9;66;19,4;jah
2020-07-30;48;68;18,9;jah
2020-07-31;49,5;72;18,5;jah
2020-08-01;51,3;74;18,2;jah
2020-08-02;52,1;72;18,3;jah
2020-08-03;53,3;72;18,3;jah
2020-08-04;54,4;72;18,6;jah
2020-08-05;55,2;70;19,1;jah
2020-08-06;55,7;69;19,3;jah
2020-08-07;57;69;19,8;jah
2020-08-08;58,1;68;20,4;jah
2020-08-09;58,9;67;21,4;jah
2020-08-10;59,5;66;22;jah
2020-08-11;59,2;62;21,6;jah
2020-08-12;58,7;58;20,6;jah
2020-08-13;58,6;56;19,5;jah
2020-08-14;57,3;55;19,1;jah
2020-08-15;55,2;53;19,3;jah
2020-08-16;53,1;51;20,1;jah
2020-08-17;51,5;51;20,5;jah
2020-08-18;49,7;49;20,6;jah
2020-08-19;48,2;49;20,4;jah
2020-08-20;46,5;48;20,6;jah
2020-08-21;44,7;46;20,7;jah
2020-08-22;42,6;44;20,2;jah
2020-08-23;41,7;45;20;jah
2020-08-24;40;43;19,6;jah
2020-08-25;39;44;19;jah
2020-08-26;37,8;43;18,5;jah
2020-08-27;37,8;47;17,7;jah
2020-08-28;37,6;44;17,1;jah
2020-08-29;37,7;44;16,6;jah
2020-08-30;39,6;47;16,5;jah
2020-08-31;40,4;48;16,3;jah
2020-09-01;41,1;48;16,2;jah
2020-09-02;42,2;50;16;jah
2020-09-03;43;50;15,8;jah
2020-09-04;44,2;52;15,7;jah
2020-09-05;45,7;54;16;jah
2020-09-06;47,1;56;16,2;jah
2020-09-07;48,2;57;16;jah
2020-09-08;49,3;58;15,5;jah
2020-09-09;51,1;61;15;jah
2020-09-10;52,8;64;14,5;jah
2020-09-11;54,7;67;13,9;jah
2020-09-12;56,9;71;13,5;jah
2020-09-13;57,6;70;13,4;jah
2020-09-14;58,3;71;13,6;jah
2020-09-15;57,9;71;14;jah
2020-09-16;57,1;70;14,4;jah
2020-09-17;55;65;14,4;jah
2020-09-18;52,7;60;13,5;jah
2020-09-19;49,7;55;12,8;jah
2020-09-20;48,8;53;12,4;jah
2020-09-21;47,6;51;12,4;jah
2020-09-22;46,2;49;12,7;jah
2020-09-23;45,8;48;12,9;jah
2020-09-24;45,1;47;13,5;jah
2020-09-25;44,1;46;13,9;jah
2020-09-26;43,6;45;14,5;jah
2020-09-27;42,7;44;14,7;jah
2020-09-28;41,7;42;14,4;jah
2020-09-29;40,7;41;14,2;jah
2020-09-30;39,8;39;14,1;jah
2020-10-01;38,8;37;13,8;jah
2020-10-02;38,1;36;13,4;jah
2020-10-03;37,9;36;13;jah
2020-10-04;38,3;37;12,7;jah
2020-10-05;37,8;35;12,9;jah
2020-10-06;37,5;34;13,2;jah
2020-10-07;37,1;33;13,2;jah
2020-10-08;36,8;32;13;jah
2020-10-09;36,2;31;12,7;jah
2020-10-10;36,1;30;12,5;jah
2020-10-11;36,1;30;12,2;jah
2020-10-12;35,8;29;12;jah
2020-10-13;35,7;29;11,6;jah
2020-10-14;36,5;32;10,9;jah
2020-10-15;37,4;33;10,2;jah
2020-10-16;35;27;9,3;jah
2020-10-17;34,6;25;8,7;jah
2020-10-18;34,8;24;8;jah
2020-10-19;34,7;23;7;jah
2020-10-20;34,9;23;5,9;jah
2020-10-21;35,7;24;5,2;jah
2020-10-22;37,4;28;5,7;jah
2020-10-23;38,8;31;6,7;jah
2020-10-24;41,8;38;7,2;jah
2020-10-25;44,8;44;7,5;jah
2020-10-26;46,8;48;7,5;jah
2020-10-27;48,1;50;8;jah
2020-10-28;48,4;50;8,3;jah
2020-10-29;48,4;51;8,4;jah
2020-10-30;48,6;51;8,7;jah
2020-10-31;48,6;51;8,6;jah
2020-11-01;48,5;51;8,3;jah
2020-11-02;47,9;49;7,7;jah
2020-11-03;47,1;48;7,6;jah
2020-11-04;46,5;46;7,4;jah
2020-11-05;45,1;42;7,4;jah
2020-11-06;44,4;41;7,2;jah
2020-11-07;44;40;7,1;jah
2020-11-08;43,8;40;7,1;jah
2020-11-09;43,4;39;6,4;jah
2020-11-10;43,3;38;5,8;jah
2020-11-11;43,1;37;5,4;jah
2020-11-12;43,3;37;5,3;jah
2020-11-13;43,4;37;5;jah
2020-11-14;43,6;37;4,6;jah
2020-11-15;43,3;35;4,1;jah
2020-11-16;42,9;34;3,8;jah
2020-11-17;43;34;3,7;jah
2020-11-18;43,5;35;3,9;jah
2020-11-19;44,2;35;5;jah
2020-11-20;45,7;39;4,9;jah
2020-11-21;47,8;43;4,4;jah
2020-11-22;49,5;47;3,7;jah
2020-11-23;52;52;3,5;jah
2020-11-24;52,6;53;3,3;jah
2020-11-25;53,6;55;3,4;jah
2020-11-26;54,1;56;3,8;jah
2020-11-27;55,6;60;3,9;jah
2020-11-28;57,5;64;3,8;jah
2020-11-29;58;65;3,5;jah
2020-11-30;57,8;64;3,1;jah
2020-12-01;57,2;63;2,7;jah
2020-12-02;55,8;62;2,2;jah
2020-12-03;54,2;60;1,7;jah
2020-12-04;52,4;58;1,4;jah
2020-12-05;50,8;57;1,4;jah
2020-12-06;49,2;55;1,5;jah
2020-12-07;47,1;52;0,9;jah
2020-12-08;45;47;0,1;jah
2020-12-09;42,7;53;0;jah
2020-12-10;40,5;46;0;jah
2020-12-11;38,4;40;0;jah
2020-12-12;36,3;35;0;jah
2020-12-13;35;34;0;jah
2020-12-14;34,2;33;0;jah
2020-12-15;34,1;34;0;jah
2020-12-16;35,6;38;0;jah
2020-12-17;38,3;44;0;jah
2020-12-18;41,6;51;0;jah
2020-12-19;45,4;59;0;jah
2020-12-20;49,2;67;0;jah
2020-12-21;52,3;72;0;jah
2020-12-22;53,2;72;0,2;jah
2020-12-23;52,9;69;0,6;jah
2020-12-24;53,4;68;0,8;jah
2020-12-25;54,9;70;0,9;jah
2020-12-26;56,4;71;0,7;jah
2020-12-27;56,8;70;0,4;jah
2020-12-28;56,9;68;0,1;jah
2020-12-29;58;69;0,1;jah
2020-12-30;57,7;68;0,3;jah
2020-12-31;57,9;69;0,5;jah
2021-01-01;58,5;70;0,6;jah
2021-01-02;59,4;72;0,5;jah
2021-01-03;59,6;73;0,6;jah
2021-01-04;59,7;73;0,6;jah
2021-01-05;59,2;72;0,6;jah
2021-01-06;58,4;71;0,4;jah
2021-01-07;57,4;68;0,3;jah
2021-01-08;56,3;66;0,2;jah
2021-01-09;53,4;64;0;jah
2021-01-10;51,7;86;0;jah
2021-01-11;50,2;91;0;jah
2021-01-12;48,7;94;0;jah
2021-01-13;47,2;95;0;jah
2021-01-14;45,7;88;0;jah
2021-01-15;44,1;75;0;jah
2021-01-16;42,5;69;0;jah
2021-01-17;40,9;69;0;jah
2021-01-18;39,2;69;0;jah
2021-01-19;37,7;69;0;jah
2021-01-20;38,2;69;0;jah
2021-01-21;39,2;70;0;jah
2021-01-22;40,2;70;0;jah
2021-01-23;41,6;72;0;jah
2021-01-24;43,7;76;0;jah
2021-01-25;46,1;80;0;jah
2021-01-26;49,1;86;0;jah
2021-01-27;52,2;91;0;jah
2021-01-28;55,2;96;0;jah
2021-01-29;57,7;100;0;jah
2021-01-30;57,8;101;0;jah
2021-01-31;56,3;99;0;jah
2021-02-01;54,2;96;0;jah
2021-02-02;53,5;96;0;jah
2021-02-03;52,1;94;0;jah
2021-02-04;49,7;90;0;jah
2021-02-05;45,5;78;0;jah
2021-02-06;41,4;66;0;jah
2021-02-07;40,7;64;0;jah
2021-02-08;40,9;65;0;jah
2021-02-09;40,9;65;0;jah
2021-02-10;40,4;64;0;jah
2021-02-11;40,1;63;0;jah
2021-02-12;40;63;0;jah
2021-02-13;40,4;64;0;jah
2021-02-14;41,1;67;0;jah
2021-02-15;41,8;69;0;jah
2021-02-16;42,1;70;0;jah
2021-02-17;42,3;71;0;jah
2021-02-18;42,2;71;0;jah
2021-02-19;41,7;69;0;jah
2021-02-20;41,4;68;0;jah
2021-02-21;41,5;69;0;jah
2021-02-22;42,4;72;0;jah
2021-02-23;43,3;75;0;jah
2021-02-24;44,6;80;0;jah
2021-02-25;48,6;92;0;jah
2021-02-26;60,4;120;0,1;jah
2021-02-27;73,4;142;0,2;jah
2021-02-28;78,2;147;0,3;jah
2021-03-01;78,3;139;0,4;jah
2021-03-02;77,5;130;0,5;jah
2021-03-03;77,3;123;0,3;jah
2021-03-04;79,2;119;0,3;jah
2021-03-05;81,3;117;0,1;jah
2021-03-06;81,7;113;0;jah
2021-03-07;82;124;0;jah
2021-03-08;82,3;133;0;jah
2021-03-09;82,5;147;0;jah
2021-03-10;82,8;146;0;jah
2021-03-11;83,1;132;0;jah
2021-03-12;82,5;130;0;jah
2021-03-13;82,1;132;0;jah
2021-03-14;87,4;143;0;jah
2021-03-15;93,5;154;0,2;jah
2021-03-16;91,2;151;0,6;jah
2021-03-17;86,3;141;0,4;jah
2021-03-18;82,2;133;0,5;jah
2021-03-19;80,2;128;0,4;jah
2021-03-20;78,6;124;0,2;jah
2021-03-21;78,3;122;0,4;jah
2021-03-22;77,5;119;0,7;jah
2021-03-23;76,8;116;0,9;jah
2021-03-24;76,5;114;1,6;jah
2021-03-25;78;116;2,4;jah
2021-03-26;81,2;120;2,6;jah
2021-03-27;83,9;125;2,5;jah
2021-03-28;85,8;128;2,5;jah
2021-03-29;87,1;130;2,7;jah
2021-03-30;88,9;133;3,6;jah
2021-03-31;91,5;138;4,2;jah
2021-04-01;93,4;141;4,6;jah
2021-04-02;94,1;142;4,8;jah
2021-04-03;93,9;142;4,3;jah
2021-04-04;94,3;143;3,9;jah
2021-04-05;95,5;145;3,8;jah
2021-04-06;96,1;146;3,4;jah
2021-04-07;96,4;147;3,4;jah
2021-04-08;95,8;147;3,9;jah
2021-04-09;94,4;145;3,8;jah
2021-04-10;93;143;3,9;jah
2021-04-11;91,8;142;4,6;jah
2021-04-12;90,6;140;6;jah
2021-04-13;87,9;136;6,9;jah
2021-04-14;84,3;131;7,3;jah
2021-04-15;82,5;128;7,7;jah
2021-04-16;80,6;126;7,7;jah
2021-04-17;78,6;123;7,7;jah
2021-04-18;76,9;120;8,2;jah
2021-04-19;75,2;118;8,8;jah
2021-04-20;73,9;116;9,3;jah
2021-04-21;72,6;114;9,5;jah
2021-04-22;71,1;111;9,6;jah
2021-04-23;69,9;109;9,5;jah
2021-04-24;68,5;107;8,9;jah
2021-04-25;68;107;8,2;jah
2021-04-26;67,4;106;7,7;jah
2021-04-27;67,8;107;7,5;jah
2021-04-28;67,4;107;7,4;jah
2021-04-29;67,4;107;7,8;jah
2021-04-30;67,4;108;8,2;jah
2021-05-01;66,1;105;8,3;jah
2021-05-02;65,4;104;8,6;jah
2021-05-03;67,9;111;8,2;jah
2021-05-04;68;110;7,6;jah
2021-05-05;69,1;114;7,3;jah
2021-05-06;70,7;117;7,8;jah
2021-05-07;72,1;120;8,1;jah
2021-05-08;73,9;124;8,4;jah
2021-05-09;74,8;126;8,7;jah
2021-05-10;75,8;128;10;jah
2021-05-11;75,6;128;11,9;jah
2021-05-12;74,5;127;13,8;jah
2021-05-13;73,1;125;15,2;jah
2021-05-14;71,6;122;15,6;jah
2021-05-15;69,9;120;15,5;jah
2021-05-16;68;117;16,1;jah
2021-05-17;67,3;116;16,4;jah
2021-05-18;67,7;118;16,2;jah
2021-05-19;67,5;118;15,6;jah
2021-05-20;66,8;117;14,6;jah
2021-05-21;66,5;117;13,6;jah
2021-05-22;68,2;121;13,1;jah
2021-05-23;70,4;127;12,9;jah
2021-05-24;72,6;131;12,7;jah
2021-05-25;75,6;137;12,9;jah
2021-05-26;77,7;141;13;jah
2021-05-27;78,7;143;12,6;jah
2021-05-28;80,6;146;12,9;jah
2021-05-29;81,5;148;13,3;jah
2021-05-30;81;147;13,6;jah
2021-05-31;79,8;145;14,1;jah
2021-06-01;78,6;144;14,8;jah
2021-06-02;76,8;142;15,8;jah
2021-06-03;74,7;139;16,6;jah
2021-06-04;72,5;136;17,3;jah
2021-06-05;70,2;133;17,9;jah
2021-06-06;68,1;130;18,6;jah
2021-06-07;65,7;127;18,9;jah
2021-06-08;63,4;123;19,1;jah
2021-06-09;60,6;118;19,1;jah
2021-06-10;58,8;115;20;jah
2021-06-11;57,8;114;20,4;jah
2021-06-12;56,2;110;21;jah
2021-06-13;55,3;109;21,3;jah
2021-06-14;53,9;105;21,1;jah
2021-06-15;52,5;102;20,5;jah
2021-06-16;51,9;101;20,2;jah
2021-06-17;51,4;100;20,3;jah
2021-06-18;50,9;99;21,3;jah
2021-06-19;50;97;22,5;jah
2021-06-20;49,3;96;23,8;jah
2021-06-21;49;95;25,2;jah
2021-06-22;48,6;94;26,2;jah
2021-06-23;48,1;93;26,9;jah
2021-06-24;47,5;92;26,5;jah
2021-06-25;47,6;93;26,4;jah
2021-06-26;47,7;93;25,9;jah
2021-06-27;47,2;92;25,3;jah
2021-06-28;46,4;90;24,7;jah
2021-06-29;45,4;87;23,8;jah
2021-06-30;44,8;85;23,4;jah
2021-07-01;44,9;86;23,8;jah
2021-07-02;44,9;86;24,3;jah
2021-07-03;44,3;84;24,3;jah
2021-07-04;43,5;82;24,2;jah
2021-07-05;43;81;24,1;jah
2021-07-06;42,4;79;24,2;jah
2021-07-07;41,9;77;24,7;jah
2021-07-08;41,4;76;25,4;jah
2021-07-09;41,4;76;26;jah
2021-07-10;41,1;75;26,6;jah
2021-07-11;40,3;73;26,8;jah
2021-07-12;40;72;27,1;jah
2021-07-13;40,1;73;27,4;jah
2021-07-14;39,6;71;27,2;jah
2021-07-15;39,1;69;27,2;jah
2021-07-16;38,8;69;27,5;jah
2021-07-17;38,8;69;27,6;jah
2021-07-18;38,2;66;27,3;jah
2021-07-19;37,4;64;26,3;jah
2021-07-20;36,4;61;24,5;jah
2021-07-21;36;60;22,7;jah
2021-07-22;34,7;55;21,5;jah
2021-07-23;34,5;55;21,1;jah
2021-07-24;34,3;54;20,8;jah
2021-07-25;34,3;54;20,9;jah
2021-07-26;34,2;54;22,1;jah
2021-07-27;34,2;54;22,8;jah
2021-07-28;34,1;53;23;jah
2021-07-29;33,5;51;23;jah
2021-07-30;32,8;48;22,7;jah
2021-07-31;33;48;22,2;jah
2021-08-01;32,9;48;21,3;jah
2021-08-02;33,2;49;20,5;jah
2021-08-03;32,2;45;19,9;jah
2021-08-04;32,4;45;19,4;jah
2021-08-05;32,7;46;18,8;jah
2021-08-06;33,3;48;19;jah
2021-08-07;34,5;51;18,7;jah
2021-08-08;32,5;44;19;jah
2021-08-09;32,2;43;19,5;jah
2021-08-10;32,2;43;19,8;jah
2021-08-11;33,4;47;19,5;jah
2021-08-12;33,7;47;19,4;jah
2021-08-13;32,4;43;19,5;jah
2021-08-14;33;45;19,6;jah
2021-08-15;32,6;43;19,5;jah
2021-08-16;32,8;43;19,2;jah
2021-08-17;34;47;19,1;jah
2021-08-18;33,9;45;18,5;jah
2021-08-19;34,4;46;17,8;jah
2021-08-20;34,7;45;17;jah
2021-08-21;34,7;45;17,1;jah
2021-08-22;35;44;17;jah
2021-08-23;35,2;44;17,1;jah
2021-08-24;34,8;42;16,5;jah
2021-08-25;34,3;39;15,8;jah
2021-08-26;35,4;43;15,1;jah
2021-08-27;35,7;44;14,7;jah
2021-08-28;35,1;43;15,3;jah
2021-08-29;34,9;42;16;jah
2021-08-30;34,6;41;16,6;jah
2021-08-31;34,6;41;16,6;jah
2021-09-01;33,5;38;16,2;jah
2021-09-02;32,2;34;15,6;jah
2021-09-03;31,6;33;14,9;jah
2021-09-04;30,9;31;13,9;jah
2021-09-05;30,6;30;13,1;jah
2021-09-06;29,9;28;12,8;jah
2021-09-07;29,9;28;13;jah
2021-09-08;29,5;27;13,3;jah
2021-09-09;29,6;28;14,1;jah
2021-09-10;30,2;30;14,7;jah
2021-09-11;30,3;30;15,2;jah
2021-09-12;30,6;31;15,5;jah
2021-09-13;31,7;34;15,7;jah
2021-09-14;31,4;32;14,9;jah
2021-09-15;32,2;35;13,7;jah
2021-09-16;32,8;37;12,7;jah
2021-09-17;33,7;39;12,2;jah
2021-09-18;33,9;39;11,7;jah
2021-09-19;34;39;11;jah
2021-09-20;33,2;36;10,3;jah
2021-09-21;31,5;30;9,7;jah
2021-09-22;30,7;28;9,3;jah
2021-09-23;30;25;9;jah
2021-09-24;31,9;32;8,9;jah
2021-09-25;31,3;29;9,3;jah
2021-09-26;31,1;28;9,4;jah
2021-09-27;31,5;29;9,5;jah
2021-09-28;31,9;30;9,7;jah
2021-09-29;31,7;29;9,7;jah
2021-09-30;31,7;29;9,5;jah
2021-10-01;31,3;27;9,3;jah
2021-10-02;31,1;26;9,3;jah
2021-10-03;31;26;9,3;jah
2021-10-04;30,9;25;9,4;jah
2021-10-05;30,5;24;9,5;jah
2021-10-06;30,7;24;9,5;jah
2021-10-07;30,5;23;9,2;jah
2021-10-08;29,9;21;8,9;jah
2021-10-09;29,2;18;8,5;jah
2021-10-10;28,9;17;8,6;jah
2021-10-11;28,7;16;8,4;jah
2021-10-12;29;17;7,9;jah
2021-10-13;28,9;16;7,7;jah
2021-10-14;28,7;15;7,6;jah
2021-10-15;28,4;13;7,4;jah
2021-10-16;28,9;14;7,4;jah
2021-10-17;28,7;13;6,9;jah
2021-10-18;28,5;12;6,3;jah
2021-10-19;28,1;11;5,7;jah
2021-10-20;28,3;11;5,2;jah
2021-10-21;29,7;15;6,5;jah
2021-10-22;29,5;14;6,9;jah
2021-10-23;31,9;22;6,5;jah
2021-10-24;32,9;24;5,8;jah
2021-10-25;33;24;5,4;jah
2021-10-26;33,6;26;5,2;jah
2021-10-27;33,3;24;5,5;jah
2021-10-28;33,5;24;6,1;jah
2021-10-29;33,4;24;6,9;jah
2021-10-30;34,1;26;7;jah
2021-10-31;34,2;26;6,7;jah
2021-11-01;34,2;25;6,8;jah
2021-11-02;34,1;25;6,4;jah
2021-11-03;34,3;25;6,4;jah
2021-11-04;33,5;22;6,4;jah
2021-11-05;34,3;24;6,6;jah
2021-11-06;36;27;6,5;jah
2021-11-07;40;36;5,9;jah
2021-11-08;48,5;55;5,5;jah
2021-11-09;52,4;60;4,4;jah
2021-11-10;54,6;63;3,9;jah
2021-11-11;57,1;66;4,1;jah
2021-11-12;58;65;4,2;jah
2021-11-13;57,9;65;4,4;jah
2021-11-14;57,4;65;4,3;jah
2021-11-15;55,7;61;3,6;jah
2021-11-16;53,5;57;3,1;jah
2021-11-17;52,1;55;2,9;jah
2021-11-18;50,5;52;2,8;jah
2021-11-19;49,6;51;3;jah
2021-11-20;49,6;52;3,4;jah
2021-11-21;50,3;54;3,2;jah
2021-11-22;50,4;55;2,3;jah
2021-11-23;49,5;54;1,5;jah
2021-11-24;48,8;53;1,3;jah
2021-11-25;48,1;52;1,6;jah
2021-11-26;48;53;1,9;jah
2021-11-27;50,2;59;1,7;jah
2021-11-28;50,7;60;1,1;jah
2021-11-29;49,6;59;0,6;jah
2021-11-30;49,3;54;0;jah
2021-12-01;48,5;50;0;jah
2021-12-02;47,8;62;0;jah
2021-12-03;47,1;55;0;jah
2021-12-04;46,1;52;0;jah
2021-12-05;45,5;51;0;jah
2021-12-06;44,6;50;0;jah
2021-12-07;43,7;48;0,1;jah
2021-12-08;43,2;47;0;jah
2021-12-09;42,8;47;0;jah
2021-12-10;42,3;46;0;jah
2021-12-11;42,1;46;0,1;jah
2021-12-12;42,5;48;0,1;jah
2021-12-13;43,2;50;0;jah
2021-12-14;44;53;0;jah
2021-12-15;45,1;56;0,1;jah
2021-12-16;48,3;67;0,1;jah
2021-12-17;55,2;85;0;jah
2021-12-18;59,4;95;0;jah
2021-12-19;61,2;100;0;jah
2021-12-20;61,8;102;0;jah
2021-12-21;59,9;108;0;jah
2021-12-22;57,5;107;0;jah
2021-12-23;55,2;98;0;jah
2021-12-24;53;91;0;jah
2021-12-25;50,8;87;0;jah
2021-12-26;48,7;83;0;jah
2021-12-27;46,5;79;0;jah
2021-12-28;44,6;76;0;jah
2021-12-29;43,3;75;0;jah
2021-12-30;42,8;74;0;jah
2021-12-31;42,6;73;0;jah
2022-01-01;42,9;74;0;jah
2022-01-02;43;74;0;jah
2022-01-03;43,1;75;0;jah
2022-01-04;43,2;76;0;jah
2022-01-05;43,3;80;0;jah
2022-01-06;43,4;83;0;jah
2022-01-07;43,5;85;0;jah
2022-01-08;43,5;85;0;jah
2022-01-09;43,6;85;0;jah
2022-01-10;43,7;85;0;jah
2022-01-11;43,8;83;0;jah
2022-01-12;43,9;80;0;jah
2022-01-13;43,8;78;0;jah
2022-01-14;44,8;83;0;jah
2022-01-15;46,4;87;0;jah
2022-01-16;47,7;91;0;jah
2022-01-17;49,4;96;0;jah
2022-01-18;50;97;0;jah
2022-01-19;49,8;97;0;jah
2022-01-20;51,5;101;0;jah
2022-01-21;53,1;105;0;jah
2022-01-22;53,5;106;0;jah
2022-01-23;53,6;106;0;jah
2022-01-24;53,7;107;0;jah
2022-01-25;54,3;108;0,1;jah
2022-01-26;53,6;106;0,1;jah
2022-01-27;53,4;105;0,1;jah
2022-01-28;55;107;0,2;jah
2022-01-29;55;104;0,3;jah
2022-01-30;55,6;103;0,2;jah
2022-01-31;55,6;100;0,3;jah
2022-02-01;54,5;95;0,3;jah
2022-02-02;54;91;0,1;jah
2022-02-03;54,4;90;0;jah
2022-02-04;55,1;92;0;jah
2022-02-05;55,7;97;0;jah
2022-02-06;56,4;99;0,2;jah
2022-02-07;57,1;94;0,6;jah
2022-02-08;57,7;89;0,7;jah
2022-02-09;58,4;86;0,8;jah
2022-02-10;58,9;84;0,8;jah
2022-02-11;59,5;84;0,8;jah
2022-02-12;59,4;82;0,6;jah
2022-02-13;59,7;83;0,6;jah
2022-02-14;60;83;0,7;jah
2022-02-15;60,2;83;0,7;jah
2022-02-16;60,6;84;0,9;jah
2022-02-17;66,3;98;1;jah
2022-02-18;78,2;121;0,8;jah
2022-02-19;84,8;133;0,5;jah
2022-02-20;87,2;136;0,3;jah
2022-02-21;88;137;0,2;jah
2022-02-22;87,9;137;0,3;jah
2022-02-23;87,4;136;0,2;jah
2022-02-24;87,1;135;0,1;jah
2022-02-25;87;135;0,3;jah
2022-02-26;87,4;136;0,4;jah
2022-02-27;88;137;0,2;jah
2022-02-28;87,6;136;0,1;jah
2022-03-01;87,5;136;0,2;jah
2022-03-02;86,9;135;0,3;jah
2022-03-03;86,3;133;0,5;jah
2022-03-04;85,3;132;0,5;jah
2022-03-05;83,8;129;0,3;jah
2022-03-06;82,1;125;0,5;jah
2022-03-07;80,8;123;0,8;jah
2022-03-08;78,8;119;0,6;jah
2022-03-09;77;115;0,7;jah
2022-03-10;74,7;111;0,7;jah
2022-03-11;72,9;107;0,9;jah
2022-03-12;71,9;105;1,5;jah
2022-03-13;70,8;103;1,8;jah
2022-03-14;69,8;102;1,9;jah
2022-03-15;69,4;101;2,1;jah
2022-03-16;69;100;2,3;jah
2022-03-17;68,8;100;2,5;jah
2022-03-18;68,6;100;2,5;jah
2022-03-19;68,7;100;2,9;jah
2022-03-20;69,2;101;3;jah
2022-03-21;70,8;105;3,1;jah
2022-03-22;72,8;109;3,2;jah
2022-03-23;74,4;112;3,1;jah
2022-03-24;75,9;115;3,2;jah
2022-03-25;78,2;120;3,5;jah
2022-03-26;81,3;127;3,2;jah
2022-03-27;83,7;131;2;jah
2022-03-28;85,6;135;1,9;jah
2022-03-29;87,2;138;2;jah
2022-03-30;88,2;140;1,3;jah
2022-03-31;88,3;140;1,3;jah
2022-04-01;88,2;140;1,4;jah
2022-04-02;87,9;139;1,7;jah
2022-04-03;87,3;138;1,8;jah
2022-04-04;87;138;2,4;jah
2022-04-05;87;138;2,7;jah
2022-04-06;86,6;137;2,3;jah
2022-04-07;87,8;140;2,5;jah
2022-04-08;90,6;145;3,4;jah
2022-04-09;94,8;153;3,9;jah
2022-04-10;98,5;159;4;jah
2022-04-11;101;163;4,6;jah
2022-04-12;103;167;5,6;jah
2022-04-13;105;170;6,3;jah
2022-04-14;108;174;6,6;jah
2022-04-15;111;178;6;jah
2022-04-16;113;181;5,7;jah
2022-04-17;115;184;6,3;jah
2022-04-18;118;186;7,2;jah
2022-04-19;119;188;7,8;jah
2022-04-20;120;189;8,8;jah
2022-04-21;120;189;9,7;jah
2022-04-22;119;189;10,8;jah
2022-04-23;118;188;11,7;jah
2022-04-24;116;187;10,8;jah
2022-04-25;116;186;9,2;jah
2022-04-26;114;185;8,9;jah
2022-04-27;112;183;9,2;jah
2022-04-28;110;180;9,1;jah
2022-04-29;107;176;8,9;jah
2022-04-30;104;173;8,8;jah
2022-05-01;102;170;9,6;jah
2022-05-02;99,1;167;9,7;jah
2022-05-03;96,2;163;10,1;jah
2022-05-04;92,5;157;9,3;jah
2022-05-05;90,1;154;9,2;jah
2022-05-06;88,5;152;10,7;jah
2022-05-07;86,7;149;12,5;jah
2022-05-08;83,4;143;13,1;jah
2022-05-09;80,9;139;12,3;jah
2022-05-10;79,2;136;12;jah
2022-05-11;77,9;134;12,2;jah
2022-05-12;76,8;133;12,1;jah
2022-05-13;75,2;130;11,7;jah
2022-05-14;74,4;129;12,1;jah
2022-05-15;73,6;127;12,5;jah
2022-05-16;72,1;125;12,2;jah
2022-05-17;71,7;125;11,8;jah
2022-05-18;70,4;122;12;jah
2022-05-19;69,3;121;12,4;jah
2022-05-20;69,7;122;12,2;jah
2022-05-21;69,6;122;12,3;jah
2022-05-22;68,8;121;12,5;jah
2022-05-23;66,9;118;13,1;jah
2022-05-24;66;116;14;jah
2022-05-25;65,8;116;15;jah
2022-05-26;65,3;115;15,6;jah
2022-05-27;64,5;113;15,2;jah
2022-05-28;63,4;110;14,3;jah
2022-05-29;63;110;14,1;jah
2022-05-30;63,5;111;14,6;jah
2022-05-31;65,4;115;14,8;jah
2022-06-01;65,6;116;14,7;jah
2022-06-02;65,9;116;14,9;jah
2022-06-03;65,4;115;15,2;jah
2022-06-04;65,2;114;15,4;jah
2022-06-05;64,3;113;15,9;jah
2022-06-06;64,3;113;16,6;jah
2022-06-07;64,2;113;17,6;jah
2022-06-08;62,7;110;18;jah
2022-06-09;61,8;109;18,7;jah
2022-06-10;60,6;107;19;jah
2022-06-11;59,9;106;19,8;jah
2022-06-12;58,2;103;20,1;jah
2022-06-13;57,1;101;20,8;jah
2022-06-14;56,5;101;19,6;jah
2022-06-15;57;102;18,6;jah
2022-06-16;55,7;100;18,5;jah
2022-06-17;56,1;102;18,4;jah
2022-06-18;55,6;101;18,3;jah
2022-06-19;54,7;100;18,2;jah
2022-06-20;54;99;17,8;jah
2022-06-21;54,1;100;18,1;jah
2022-06-22;53,2;98;18,6;jah
2022-06-23;52,2;96;19,3;jah
2022-06-24;51,5;95;20,5;jah
2022-06-25;51;94;22,1;jah
2022-06-26;50,4;93;23,6;jah
2022-06-27;49,6;91;24,4;jah
2022-06-28;49;90;24,9;jah
2022-06-29;48,9;91;25,7;jah
2022-06-30;48,2;89;25,6;jah
2022-07-01;47,5;88;25,1;jah
2022-07-02;46,8;87;25,4;jah
2022-07-03;46;85;25,4;jah
2022-07-04;45,5;84;25,4;jah
2022-07-05;44,6;82;25,3;jah
2022-07-06;43,7;80;24,7;jah
2022-07-07;43,3;79;23,5;jah
2022-07-08;42,7;78;22,5;jah
2022-07-09;42;76;22;jah
2022-07-10;41,9;77;22,4;jah
2022-07-11;41,6;76;22,2;jah
2022-07-12;42,4;80;22,1;jah
2022-07-13;41,9;78;21,9;jah
2022-07-14;41,7;77;21,7;jah
2022-07-15;41,7;76;21,5;jah
2022-07-16;41,4;75;20,7;jah
2022-07-17;41,4;75;19,6;jah
2022-07-18;41;73;18,9;jah
2022-07-19;41;73;18,7;jah
2022-07-20;40,8;72;19,2;jah
2022-07-21;40,1;70;20,1;jah
2022-07-22;40,6;71;21;jah
2022-07-23;40,5;70;22;jah
2022-07-24;40,1;68;23,1;jah
2022-07-25;39,8;67;23,1;jah
2022-07-26;39,5;66;22,6;jah
2022-07-27;39,6;66;22,5;jah
2022-07-28;39,1;64;21,7;jah
2022-07-29;38,5;61;21;jah
2022-07-30;37,9;59;20,3;jah
2022-07-31;38;59;20,1;jah
2022-08-01;39,2;64;19,9;jah
2022-08-02;38,9;62;19,9;jah
2022-08-03;38,8;61;20;jah
2022-08-04;38,7;61;20,9;jah
2022-08-05;38,6;61;21,9;jah
2022-08-06;38,3;60;22,4;jah
2022-08-07;37,7;58;22,1;jah
2022-08-08;37,3;57;21,3;jah
2022-08-09;37;57;20,8;jah
2022-08-10;36,5;55;20,7;jah
2022-08-11;35,8;53;20,9;jah
2022-08-12;35,4;52;21,6;jah
2022-08-13;35,2;52;22;jah
2022-08-14;35;52;22,6;jah
2022-08-15;34,8;51;23;jah
2022-08-16;34,5;51;23,2;jah
2022-08-17;34;50;23,8;jah
2022-08-18;33,7;49;24,1;jah
2022-08-19;33,4;48;24,2;jah
2022-08-20;33,5;48;23,9;jah
2022-08-21;33,2;47;23,5;jah
2022-08-22;32,6;45;22,9;jah
2022-08-23;32,7;45;22,8;jah
2022-08-24;32,3;43;22,9;jah
2022-08-25;32,5;44;23;jah
2022-08-26;32,2;42;22,4;jah
2022-08-27;31,9;41;22,2;jah
2022-08-28;31,7;40;22,4;jah
2022-08-29;31,9;41;22,4;jah
2022-08-30;33,7;48;21,5;jah
2022-08-31;32,8;42;19,8;jah
2022-09-01;31,5;39;17,8;jah
2022-09-02;31,4;38;16,2;jah
2022-09-03;31,4;38;15,1;jah
2022-09-04;31,1;37;14,4;jah
2022-09-05;31,3;38;14,3;jah
2022-09-06;30,8;35;13,8;jah
2022-09-07;30,8;36;13,6;jah
2022-09-08;30,8;36;13,2;jah
2022-09-09;30,4;35;12,8;jah
2022-09-10;30,2;34;12,7;jah
2022-09-11;30,2;34;12,7;jah
2022-09-12;29,9;33;12,8;jah
2022-09-13;29,3;31;12,7;jah
2022-09-14;29,2;31;12,5;jah
2022-09-15;28,9;30;12,7;jah
2022-09-16;28,9;30;12,6;jah
2022-09-17;28,9;30;12,8;jah
2022-09-18;29;31;12,7;jah
2022-09-19;29,1;31;12,7;jah
2022-09-20;28,2;29;12,6;jah
2022-09-21;28,8;31;12,4;jah
2022-09-22;28,7;31;12,1;jah
2022-09-23;28,3;29;11,8;jah
2022-09-24;28,2;29;11,5;jah
2022-09-25;27,5;26;11,3;jah
2022-09-26;27,1;26;10,9;jah
2022-09-27;27,7;28;10,7;jah
2022-09-28;27,8;28;10,7;jah
2022-09-29;27,4;26;10,8;jah
2022-09-30;27;24;10,8;jah
2022-10-01;27,1;24;10,2;jah
2022-10-02;27,4;25;10,1;jah
2022-10-03;30,5;37;9,7;jah
2022-10-04;28,6;26;9,3;jah
2022-10-05;26,6;21;8,9;jah
2022-10-06;27,3;23;9,3;jah
2022-10-07;27,2;22;9,9;jah
2022-10-08;27,7;23;10,3;jah
2022-10-09;28,4;25;10,4;jah
2022-10-10;28;23;9,9;jah
2022-10-11;28,1;23;9,3;jah
2022-10-12;28,4;24;8,8;jah
2022-10-13;28,1;22;8,1;jah
2022-10-14;28,1;22;8,5;jah
2022-10-15;28,2;22;8,5;jah
2022-10-16;28,1;21;8,8;jah
2022-10-17;27,2;18;9,3;jah
2022-10-18;28,3;22;9,5;jah
2022-10-19;28,6;22;8,9;jah
2022-10-20;27,4;18;8,2;jah
2022-10-21;27,9;20;7,7;jah
2022-10-22;28,2;21;7,4;jah
2022-10-23;28,2;20;7;jah
2022-10-24;28;19;6,5;jah
2022-10-25;28,2;20;6,3;jah
2022-10-26;28,4;20;6,7;jah
2022-10-27;28,1;19;7,3;jah
2022-10-28;28,3;20;7,9;jah
2022-10-29;28,6;20;8,4;jah
2022-10-30;28,7;20;8;jah
2022-10-31;28,2;18;6,9;jah
2022-11-01;28,6;19;6,5;jah
2022-11-02;29,2;21;6,7;jah
2022-11-03;29,5;21;6,9;jah
2022-11-04;29,6;21;6,9;jah
2022-11-05;29,4;20;6,2;jah
2022-11-06;29,5;21;5,7;jah
2022-11-07;29,3;19;5,6;jah
2022-11-08;29,4;20;5,7;jah
2022-11-09;29,9;21;6,3;jah
2022-11-10;30,3;22;6,7;jah
2022-11-11;30,5;22;7,2;jah
2022-11-12;30,7;23;7,9;jah
2022-11-13;31,3;24;7,4;jah
2022-11-14;31,8;25;6,9;jah
2022-11-15;32,3;27;6;jah
2022-11-16;32,7;27;5,3;jah
2022-11-17;31,5;26;4,6;jah
2022-11-18;32,1;30;3,6;jah
2022-11-19;30,6;26;2,2;jah
2022-11-20;28,9;23;1,2;jah
2022-11-21;28,1;22;0,2;jah
2022-11-22;26;16;0;jah
2022-11-23;25;16;0;jah
2022-11-24;24,6;24;0;jah
2022-11-25;24,1;25;0;jah
2022-11-26;23,7;31;0;jah
2022-11-27;23,2;39;0;jah
2022-11-28;22,8;36;0;jah
2022-11-29;22,3;31;0;jah
2022-11-30;21,9;30;0;jah
2022-12-01;21,7;29;0;jah
2022-12-02;21,4;22;0;jah
2022-12-03;22,1;17;0;jah
2022-12-04;23,1;19;0;jah
2022-12-05;24,2;24;0;jah
2022-12-06;25,1;28;0;jah
2022-12-07;26;30;0;jah
2022-12-08;26,9;31;0;jah
2022-12-09;27,8;32;0;jah
2022-12-10;28,2;34;0;jah
2022-12-11;28,5;32;0;jah
2022-12-12;28,9;31;0;jah
2022-12-13;29,3;28;0;jah
2022-12-14;29,6;31;0;jah
2022-12-15;30;33;0;jah
2022-12-16;30,4;32;0;jah
2022-12-17;30,8;34;0;jah
2022-12-18;31,4;35;0;jah
2022-12-19;31,8;36;0;jah
2022-12-20;32,2;37;0;jah
2022-12-21;32,6;39;0;jah
2022-12-22;33;43;0;jah
2022-12-23;33,5;52;0;jah
2022-12-24;33,9;60;0;jah
2022-12-25;34,4;62;0;jah
2022-12-26;34,8;59;0;jah
2022-12-27;35,3;50;0;jah
2022-12-28;36,5;50;0;jah
2022-12-29;39,4;60;0;jah
2022-12-30;41;64;0;jah
2022-12-31;41,1;64;0;jah
2023-01-01;44;74;0,1;jah
2023-01-02;47,9;85;0,2;jah
2023-01-03;50,4;92;0;jah
2023-01-04;51;93;0,1;jah
2023-01-05;48,5;84;0;jah
2023-01-06;41,7;62;0;jah
2023-01-07;39,2;54;0;jah
2023-01-08;40;56;0;jah
2023-01-09;40,5;56;0;jah
2023-01-10;41;57;0;jah
2023-01-11;41,5;58;0;jah
2023-01-12;43,1;62;0;jah
2023-01-13;45,5;69;0;jah
2023-01-14;49,6;81;0;jah
2023-01-15;56;97;0;jah
2023-01-16;61,9;109;0,1;jah
2023-01-17;66;117;0,1;jah
2023-01-18;68,1;121;0,1;jah
2023-01-19;67,8;126;0,1;jah
2023-01-20;65,4;131;0;jah
2023-01-21;63;125;0;jah
2023-01-22;60,6;106;0;jah
2023-01-23;58,1;96;0;jah
2023-01-24;56,4;92;0;jah
2023-01-25;55,9;91;0;jah
2023-01-26;59,9;101;0;jah
2023-01-27;62,1;109;0;jah
2023-01-28;63,2;115;0;jah
2023-01-29;64,5;112;0;jah
2023-01-30;68,1;119;0;jah
2023-01-31;72,3;128;0;jah
2023-02-01;74,9;133;0;jah
2023-02-02;75,9;134;0;jah
2023-02-03;75;131;0;jah
2023-02-04;73,4;126;0;jah
2023-02-05;72,2;123;0;jah
2023-02-06;72,1;122;0;jah
2023-02-07;70,7;118;0,1;jah
2023-02-08;68,9;113;0,4;jah
2023-02-09;65,6;105;0,6;jah
2023-02-10;63,4;99;0,5;jah
2023-02-11;62,1;96;0,4;jah
2023-02-12;60,1;92;0,3;jah
2023-02-13;59,6;92;0,9;jah
2023-02-14;59,1;91;1;jah
2023-02-15;59,1;91;1,1;jah
2023-02-16;59;91;1,3;jah
2023-02-17;58,8;90;1,3;jah
2023-02-18;59,2;91;1,2;jah
2023-02-19;58,9;91;1;jah
2023-02-20;58,7;90;0,9;jah
2023-02-21;58,9;90;0,6;jah
2023-02-22;58,1;89;0,2;jah
2023-02-23;57,9;99;0;jah
2023-02-24;57,6;101;0,3;jah
2023-02-25;57,3;93;1;jah
2023-02-26;57,1;88;0,7;jah
2023-02-27;56,8;86;0,6;jah
2023-02-28;56,2;84;1,1;jah
2023-03-01;55,8;84;1,3;jah
2023-03-02;55,6;83;1,5;jah
2023-03-03;55,5;83;1,5;jah
2023-03-04;56;84;1,3;jah
2023-03-05;56,2;84;1,3;jah
2023-03-06;56,2;84;1;jah
2023-03-07;56,1;83;0,9;jah
2023-03-08;56,8;84;0,8;jah
2023-03-09;56,3;83;0,8;jah
2023-03-10;56,3;82;0,5;jah
2023-03-11;56,7;83;0,3;jah
2023-03-12;57,4;84;0,6;jah
2023-03-13;56,8;83;1,2;jah
2023-03-14;58,8;88;1,9;jah
2023-03-15;70,2;115;1,9;jah
2023-03-16;81,1;136;1,1;jah
2023-03-17;84,6;142;0,7;jah
2023-03-18;85,6;143;0,9;jah
2023-03-19;85,7;144;1,1;jah
2023-03-20;87,2;147;1,4;jah
2023-03-21;91,1;155;1,9;jah
2023-03-22;95,5;164;1,7;jah
2023-03-23;99,8;172;2,5;jah
2023-03-24;106;183;3,5;jah
2023-03-25;114;195;4,3;jah
2023-03-26;120;204;5;jah
2023-03-27;126;211;5,2;jah
2023-03-28;128;214;4,1;jah
2023-03-29;130;216;3,2;jah
2023-03-30;132;217;2,1;jah
2023-03-31;132;218;1,7;jah
2023-04-01;132;220;1,5;jah
2023-04-02;132;221;1,5;jah
2023-04-03;131;221;1,5;jah
2023-04-04;130;220;1,4;jah
2023-04-05;128;219;1,6;jah
2023-04-06;127;218;2,1;jah
2023-04-07;125;217;3,2;jah
2023-04-08;123;215;4,7;jah
2023-04-09;121;213;6;jah
2023-04-10;118;211;7;jah
2023-04-11;116;208;8;jah
2023-04-12;114;206;8,8;jah
2023-04-13;111;204;9,6;jah
2023-04-14;109;201;9,1;jah
2023-04-15;107;199;8,8;jah
2023-04-16;104;196;8,3;jah
2023-04-17;102;194;8,5;jah
2023-04-18;99,8;191;8,8;jah
2023-04-19;97,3;189;8,6;jah
2023-04-20;94,8;185;9,2;jah
2023-04-21;92,3;182;10,4;jah
2023-04-22;90;180;11;jah
2023-04-23;87,8;177;11,7;jah
2023-04-24;85,9;174;12,4;jah
2023-04-25;84,4;172;12,8;jah
2023-04-26;83,1;171;13,2;jah
2023-04-27;82,2;170;12,6;jah
2023-04-28;81;168;11,4;jah
2023-04-29;79,7;166;10,9;jah
2023-04-30;78,8;165;11,1;jah
2023-05-01;77,3;163;10,8;jah
2023-05-02;76,3;162;10,7;jah
2023-05-03;75;160;10,3;jah
2023-05-04;73,8;158;9,8;jah
2023-05-05;72,9;157;9;jah
2023-05-06;71,7;155;8,3;jah
2023-05-07;70,8;153;8,4;jah
2023-05-08;69,8;152;9,3;jah
2023-05-09;69;151;10,3;jah
2023-05-10;68,3;150;11,6;jah
2023-05-11;67,7;149;13;jah
2023-05-12;66,9;148;14,3;jah
2023-05-13;65,9;146;15,4;jah
2023-05-14;64,9;144;16,4;jah
2023-05-15;64,2;143;17,2;jah
2023-05-16;63,6;142;16,6;jah
2023-05-17;62,8;141;16;jah
2023-05-18;61,2;138;15,4;jah
2023-05-19;60,3;136;15,1;jah
2023-05-20;59,6;135;15,6;jah
2023-05-21;58,9;134;16,3;jah
2023-05-22;57,9;132;16,4;jah
2023-05-23;57,2;130;16,9;jah
2023-05-24;56,4;128;17,5;jah
2023-05-25;55,7;127;18,5;jah
2023-05-26;54,8;124;18,5;jah
2023-05-27;54;122;17,9;jah
2023-05-28;53,4;120;17;jah
2023-05-29;52,9;119;16,6;jah
2023-05-30;52,4;118;16,7;jah
2023-05-31;51,3;115;16,8;jah
2023-06-01;50,1;112;16,6;jah
2023-06-02;49,7;111;15,7;jah
2023-06-03;48,8;109;14,8;jah
2023-06-04;48,4;108;14,2;jah
2023-06-05;48;107;14,2;jah
2023-06-06;47,5;106;14,6;jah
2023-06-07;47,6;106;15,7;jah
2023-06-08;47,2;105;16,5;jah
2023-06-09;47,2;105;17,2;jah
2023-06-10;46,2;103;17,6;jah
2023-06-11;45,7;101;17,7;jah
2023-06-12;45;99;17,9;jah
2023-06-13;44,6;98;18,5;jah
2023-06-14;44,2;97;19,4;jah
2023-06-15;43,8;96;20;jah
2023-06-16;43,3;95;20,5;jah
2023-06-17;42,9;94;21;jah
2023-06-18;42,8;94;21;jah
2023-06-19;42,2;92;20,8;jah
2023-06-20;41,3;89;21;jah
2023-06-21;41;88;21,6;jah
2023-06-22;40,8;88;21,7;jah
2023-06-23;40,2;86;22,9;jah
2023-06-24;40;85;23,6;jah
2023-06-25;39,6;84;22,8;jah
2023-06-26;39,6;84;22;jah
2023-06-27;39,5;84;21,9;jah
2023-06-28;39,3;83;22,2;jah
2023-06-29;38,8;81;22,6;jah
2023-06-30;38,4;80;22,7;jah
2023-07-01;37,7;77;22,6;jah
2023-07-02;37,3;76;22,2;jah
2023-07-03;38,4;79;20,5;jah
2023-07-04;38,3;79;19,1;jah
2023-07-05;38,3;78;18,2;jah
2023-07-06;38,3;78;18,2;jah
2023-07-07;37,5;75;18,9;jah
2023-07-08;37,4;74;19,3;jah
2023-07-09;37,8;76;19,3;jah
2023-07-10;38,1;76;19;jah
2023-07-11;37,5;74;19,1;jah
2023-07-12;37;72;19,4;jah
2023-07-13;36,6;70;20,2;jah
2023-07-14;36;68;20,7;jah
2023-07-15;35,9;67;21,3;jah
2023-07-16;36;67;21,7;jah
2023-07-17;35,7;66;22,5;jah
2023-07-18;35,5;65;22,6;jah
2023-07-19;34,9;62;22;jah
2023-07-20;34,5;61;21,1;jah
2023-07-21;34,4;60;20,1;jah
2023-07-22;34,1;58;19,9;jah
2023-07-23;34,1;58;20;jah
2023-07-24;34;57;19,8;jah
2023-07-25;34,3;58;19,4;jah
2023-07-26;33,9;56;19,4;jah
2023-07-27;33,7;56;19,6;jah
2023-07-28;33,5;54;19,8;jah
2023-07-29;33;52;19,9;jah
2023-07-30;33,2;53;20,1;jah
2023-07-31;33,2;53;20,3;jah
2023-08-01;33,2;53;20,5;jah
2023-08-02;33,4;53;20,7;jah
2023-08-03;33,6;53;20,4;jah
2023-08-04;33,1;51;20,2;jah
2023-08-05;32,9;50;20,2;jah
2023-08-06;33,4;52;20,7;jah
2023-08-07;33,9;54;22,2;jah
2023-08-08;33,5;52;22,1;jah
2023-08-09;32,8;49;21,5;jah
2023-08-10;32,1;46;20;jah
2023-08-11;31,9;45;19,6;jah
2023-08-12;31,5;44;19,7;jah
2023-08-13;31,3;43;19,9;jah
2023-08-14;30,8;41;20,8;jah
2023-08-15;30,8;41;21,3;jah
2023-08-16;31;41;22,5;jah
2023-08-17;30,7;40;22,9;jah
2023-08-18;30,9;41;22,6;jah
2023-08-19;31,8;43;22,2;jah
2023-08-20;31,4;42;21,6;jah
2023-08-21;31,1;41;21,1;jah
2023-08-22;30,7;39;20,8;jah
2023-08-23;30,4;38;20,8;jah
2023-08-24;30,6;38;20,4;jah
2023-08-25;30,9;39;20,1;jah
2023-08-26;31;39;20,1;jah
2023-08-27;30,9;38;20,1;jah
2023-08-28;30,8;37;19,8;jah
2023-08-29;30,5;36;19,3;jah
2023-08-30;31,1;39;19,1;jah
2023-08-31;31,9;40;19,2;jah
2023-09-01;31,9;40;19,5;jah
2023-09-02;31,8;40;18,8;jah
2023-09-03;31,9;39;18,5;jah
2023-09-04;31,3;37;18;jah
2023-09-05;30,8;35;18,1;jah
2023-09-06;30,8;34;18;jah
2023-09-07;30,1;32;17,6;jah
2023-09-08;29,9;31;17,2;jah
2023-09-09;30;31;17,2;jah
2023-09-10;29,6;30;17,1;jah
2023-09-11;29,5;29;17,4;jah
2023-09-12;29,3;29;17,8;jah
2023-09-13;29,1;28;18,5;jah
2023-09-14;30,2;32;18,7;jah
2023-09-15;29,3;28;18;jah
2023-09-16;29,1;28;17,1;jah
2023-09-17;28,8;27;16,6;jah
2023-09-18;29;27;15,9;jah
2023-09-19;28,6;26;15,5;jah
2023-09-20;27,8;23;15,7;jah
2023-09-21;28,3;25;16;jah
2023-09-22;28,5;26;16,1;jah
2023-09-23;28,3;25;16,6;jah
2023-09-24;28;23;16,6;jah
2023-09-25;27,8;22;15,8;jah
2023-09-26;28;21;15,5;jah
2023-09-27;28,2;21;15,2;jah
2023-09-28;28,3;21;15,2;jah
2023-09-29;28,2;20;15,6;jah
2023-09-30;28;18;15,9;jah
2023-10-01;27,6;16;15,4;jah
2023-10-02;27,8;15;14,7;jah
2023-10-03;28,5;18;14,3;jah
2023-10-04;28,5;16;14,2;jah
2023-10-05;29,7;22;13,4;jah
2023-10-06;33;29;12,2;jah
2023-10-07;32,6;29;11,2;jah
2023-10-08;33,5;30;9,4;jah
2023-10-09;33,9;30;8;jah
2023-10-10;35,1;33;6,8;jah
2023-10-11;35,6;34;6,9;jah
2023-10-12;36,7;36;7,7;jah
2023-10-13;37,9;39;7,8;jah
2023-10-14;38,9;40;8,5;jah
2023-10-15;39,2;40;8,7;jah
2023-10-16;41,1;45;8,1;jah
2023-10-17;41,6;45;7,3;jah
2023-10-18;44,4;52;6,9;jah
2023-10-19;45,3;54;6,5;jah
2023-10-20;47,5;59;6;jah
2023-10-21;47,6;57;5;jah
2023-10-22;46,2;52;4,5;jah
2023-10-23;45,2;48;4,5;jah
2023-10-24;44,5;47;4,7;jah
2023-10-25;44,3;46;4,3;jah
2023-10-26;44;44;3,5;jah
2023-10-27;43;42;2,8;jah
2023-10-28;41,8;38;2,5;jah
2023-10-29;40,5;34;2,4;jah
2023-10-30;41;35;2,2;jah
2023-10-31;41,3;36;2,5;jah
2023-11-01;43,3;41;3,7;jah
2023-11-02;45,1;46;4,3;jah
2023-11-03;47,5;52;4,3;jah
2023-11-04;49,4;57;4,5;jah
2023-11-05;49,8;57;4,9;jah
2023-11-06;50,1;58;5,3;jah
2023-11-07;50,8;59;5,7;jah
2023-11-08;52,8;64;6;jah
2023-11-09;54,9;69;6,2;jah
2023-11-10;56,2;72;6,4;jah
2023-11-11;56,6;72;6,3;jah
2023-11-12;56,6;72;6,3;jah
2023-11-13;57,4;74;5,8;jah
2023-11-14;58,7;77;5,2;jah
2023-11-15;60,8;81;4,7;jah
2023-11-16;61,3;82;4,1;jah
2023-11-17;59,9;81;3,3;jah
2023-11-18;57,9;79;2,5;jah
2023-11-19;55,7;76;1,9;jah
2023-11-20;53,4;73;1,3;jah
2023-11-21;51,1;70;0,8;jah
2023-11-22;49,4;65;0,2;jah
2023-11-23;48;60;0,1;jah
2023-11-24;46,5;67;0,1;jah
2023-11-25;45,1;68;0,1;jah
2023-11-26;43,6;64;0;jah
2023-11-27;42,5;67;0;jah
2023-11-28;41,5;70;0;jah
2023-11-29;40,5;64;0,1;jah
2023-11-30;39,5;66;0,1;jah
2023-12-01;38,1;65;0,1;jah
2023-12-02;36,4;64;0,1;jah
2023-12-03;36,4;64;0,1;jah
2023-12-04;36,7;65;0,1;jah
2023-12-05;37;67;0;jah
2023-12-06;37,3;68;0;jah
2023-12-07;37,6;67;0;jah
2023-12-08;37,9;67;0;jah
2023-12-09;38,2;66;0;jah
2023-12-10;38,5;66;0,1;jah
2023-12-11;38,8;65;0;jah
2023-12-12;39,3;66;0;jah
2023-12-13;39,8;67;0;jah
2023-12-14;40,3;68;0;jah
2023-12-15;41,1;69;0;jah
2023-12-16;42,1;71;0;jah
2023-12-17;43,8;75;0,1;jah
2023-12-18;46,4;81;0;jah
2023-12-19;52;95;0;jah
2023-12-20;61,4;117;0;jah
2023-12-21;67,7;130;0;jah
2023-12-22;70,7;135;0;jah
2023-12-23;71,1;135;0;jah
2023-12-24;70,6;134;0;jah
2023-12-25;69;132;0;jah
2023-12-26;66,8;128;0;jah
2023-12-27;65,8;127;0;jah
2023-12-28;64,3;124;0;jah
2023-12-29;63,9;125;0,1;jah
2023-12-30;66,3;131;0,3;jah
2023-12-31;65,7;130;0,3;jah
2024-01-01;63,4;137;0;jah
2024-01-02;60,7;126;0,1;jah
2024-01-03;58;115;0,1;jah
2024-01-04;56,5;113;0;jah
2024-01-05;55,6;111;0;jah
2024-01-06;54,5;109;0;jah
2024-01-07;53,1;107;0;jah
2024-01-08;51,7;104;0;jah
2024-01-09;50,7;103;0;jah
2024-01-10;50,2;103;0;jah
2024-01-11;50,4;104;0;jah
2024-01-12;50,8;106;0;jah
2024-01-13;50,7;107;0;jah
2024-01-14;50,3;106;0;jah
2024-01-15;49,9;106;0;jah
2024-01-16;49,9;107;0;jah
2024-01-17;50,4;106;0;jah
2024-01-18;51,2;105;0;jah
2024-01-19;51,9;105;0;jah
2024-01-20;52,9;104;0;jah
2024-01-21;53,9;104;0;jah
2024-01-22;55,3;105;0;jah
2024-01-23;58,1;111;0;jah
2024-01-24;64,5;123;0;jah
2024-01-25;69,5;131;0,1;jah
2024-01-26;73,7;137;0,1;jah
2024-01-27;75,6;138;0,1;jah
2024-01-28;76,1;137;0,3;jah
2024-01-29;73;127;0,6;jah
2024-01-30;69,1;117;0,7;jah
2024-01-31;67,9;113;0,8;jah
2024-02-01;70,7;117;0,8;jah
2024-02-02;73;119;0,3;jah
2024-02-03;74,7;121;0,3;jah
2024-02-04;76,5;122;0,4;jah
2024-02-05;77,2;121;0,1;jah
2024-02-06;76,7;119;0,1;jah
2024-02-07;75,8;118;0,1;jah
2024-02-08;75,8;125;0;jah
2024-02-09;75,8;146;0;jah
2024-02-10;75,9;155;0;jah
2024-02-11;76;143;0;jah
2024-02-12;76,1;145;0;jah
2024-02-13;76,2;147;0;jah
2024-02-14;76,3;142;0;jah
2024-02-15;76,3;138;0,5;jah
2024-02-16;76,4;128;1;jah
2024-02-17;77,2;123;1,2;jah
2024-02-18;77,9;124;0,8;jah
2024-02-19;75,8;120;0,3;jah
2024-02-20;74,1;117;0,4;jah
2024-02-21;72,6;114;0,6;jah
2024-02-22;71,4;112;0,9;jah
2024-02-23;72,6;115;1,1;jah
2024-02-24;82,1;134;1,1;jah
2024-02-25;90,8;149;1;jah
2024-02-26;95,2;156;0,7;jah
2024-02-27;98,1;160;0,5;jah
2024-02-28;101;164;0,4;jah
2024-02-29;104;168;0,4;jah
2024-03-01;108;172;0,3;jah
2024-03-02;111;175;0,2;jah
2024-03-03;113;176;0,3;jah
2024-03-04;115;178;0,3;jah
2024-03-05;116;179;0,2;jah
2024-03-06;115;179;0,2;jah
2024-03-07;114;178;0,1;jah
2024-03-08;112;177;0,1;jah
2024-03-09;110;174;0,1;jah
2024-03-10;107;171;0,2;jah
2024-03-11;104;167;0,4;jah
2024-03-12;101;163;0,5;jah
2024-03-13;97,6;158;0,6;jah
2024-03-14;94,8;155;1,1;jah
2024-03-15;93,2;153;1,9;jah
2024-03-16;93,3;154;2,3;jah
2024-03-17;94,9;157;3;jah
2024-03-18;96,4;161;2,5;jah
2024-03-19;97,1;162;1,8;jah
2024-03-20;97,8;164;2,2;jah
2024-03-21;98,8;166;2,5;jah
2024-03-22;100;169;3;jah
2024-03-23;102;173;3,4;jah
2024-03-24;103;175;3,8;jah
2024-03-25;104;177;4,2;jah
2024-03-26;104;177;4,1;jah
2024-03-27;105;178;4,7;jah
2024-03-28;105;179;6;jah
2024-03-29;105;179;6,9;jah
2024-03-30;104;178;6,5;jah
2024-03-31;104;178;6,7;jah
2024-04-01;104;178;7,9;jah
2024-04-02;103;177;8,8;jah
2024-04-03;102;176;7,8;jah
2024-04-04;101;174;5,3;jah
2024-04-05;99,9;173;4,3;jah
2024-04-06;100;174;3,8;jah
2024-04-07;101;175;5;jah
2024-04-08;101;176;6,6;jah
2024-04-09;101;176;7,9;jah
2024-04-10;101;176;9,3;jah
2024-04-11;99,5;174;10,1;jah
2024-04-12;97,6;171;9,9;jah
2024-04-13;96,9;171;10,5;jah
2024-04-14;96,1;170;10,4;jah
2024-04-15;95,5;170;9,2;jah
2024-04-16;94,8;170;8,5;jah
2024-04-17;94,4;170;8,5;jah
2024-04-18;93,3;169;8;jah
2024-04-19;92;167;6,6;jah
2024-04-20;89,5;164;5;jah
2024-04-21;87,9;162;4,9;jah
2024-04-22;87,8;163;5,6;jah
2024-04-23;86,8;162;4,8;jah
2024-04-24;86,1;162;4,5;jah
2024-04-25;87,2;165;5,4;jah
2024-04-26;87,7;166;6,2;jah
2024-04-27;88,6;168;7,7;jah
2024-04-28;88,9;170;9,3;jah
2024-04-29;88,8;170;11,3;jah
2024-04-30;88,5;170;13;jah
2024-05-01;87,7;170;13,8;jah
2024-05-02;86,7;169;13,9;jah
2024-05-03;85,6;168;13,9;jah
2024-05-04;84,2;166;14,4;jah
2024-05-05;82,2;164;14,5;jah
2024-05-06;80,6;162;14,3;jah
2024-05-07;79,1;160;13;jah
2024-05-08;76,8;156;12;jah
2024-05-09;74,4;152;11,4;jah
2024-05-10;72,9;150;10,8;jah
2024-05-11;71,6;148;10,4;jah
2024-05-12;70,2;146;11;jah
2024-05-13;69,4;145;12;jah
2024-05-14;68,5;143;12,7;jah
2024-05-15;67,5;142;13,9;jah
2024-05-16;66,6;141;15,7;jah
2024-05-17;65,5;139;17,2;jah
2024-05-18;64,7;138;17,4;jah
2024-05-19;63,4;136;16,8;jah
2024-05-20;62,4;134;17,9;jah
2024-05-21;61,3;132;18,3;jah
2024-05-22;60,2;130;17,6;jah
2024-05-23;59,2;129;17,4;jah
2024-05-24;58,3;126;18,1;jah
2024-05-25;57,6;124;19,1;jah
2024-05-26;57;123;20,4;jah
2024-05-27;56,5;121;20,7;jah
2024-05-28;56;120;21;jah
2024-05-29;55,7;119;22,1;jah
2024-05-30;55,4;117;22,4;jah
2024-05-31;55;116;22,9;jah
2024-06-01;55,4;117;22,8;jah
2024-06-02;55,9;118;22,3;jah
2024-06-03;55,4;116;22,6;jah
2024-06-04;54,7;114;23,2;jah
2024-06-05;54,3;113;23,1;jah
2024-06-06;54,2;112;22,4;jah
2024-06-07;53,1;109;21,8;jah
2024-06-08;52,7;108;20,8;jah
2024-06-09;52,2;106;19,6;jah
2024-06-10;52;106;18,4;jah
2024-06-11;51,4;104;18;jah
2024-06-12;50,6;102;18;jah
2024-06-13;50,1;101;18,4;jah
2024-06-14;49,6;100;18,2;jah
2024-06-15;49,2;99;18,7;jah
2024-06-16;49;99;19,1;jah
2024-06-17;48,7;98;19,9;jah
2024-06-18;47,9;96;20,5;jah
2024-06-19;47,9;97;20,1;jah
2024-06-20;47,5;95;19,9;jah
2024-06-21;46;92;19,5;jah
2024-06-22;46,6;93;19,6;jah
2024-06-23;46,8;94;19,7;jah
2024-06-24;46,1;92;19,8;jah
2024-06-25;45,3;90;20,3;jah
2024-06-26;44,8;89;21,1;jah
2024-06-27;44,4;88;21,8;jah
2024-06-28;44,4;88;23,2;jah
2024-06-29;43,7;85;24,6;jah
2024-06-30;43,2;84;25,1;jah
2024-07-01;43,8;85;24,5;jah
2024-07-02;43,7;84;23,7;jah
2024-07-03;43,5;83;22,9;jah
2024-07-04;43,6;83;21,9;jah
2024-07-05;43,3;82;21,1;jah
2024-07-06;42,4;79;20,4;jah
2024-07-07;43,3;82;20,2;jah
2024-07-08;43,7;82;20;jah
2024-07-09;43;80;20,4;jah
2024-07-10;42,8;79;21,1;jah
2024-07-11;42,9;79;21,8;jah
2024-07-12;42,6;77;21,9;jah
2024-07-13;42,2;76;22;jah
2024-07-14;42,2;76;22,3;jah
2024-07-15;41,7;74;22,4;jah
2024-07-16;41,8;74;22,7;jah
2024-07-17;41,9;74;23,2;jah
2024-07-18;41;71;23;jah
2024-07-19;40,4;69;22,6;jah
2024-07-20;40,2;68;21,9;jah
2024-07-21;40,9;69;21,5;jah
2024-07-22;41,2;69;22,1;jah
2024-07-23;41,3;69;22,7;jah
2024-07-24;41,6;69;22,9;jah
2024-07-25;41,5;68;23,8;jah
2024-07-26;41,1;66;24,1;jah
2024-07-27;40,7;65;24,4;jah
2024-07-28;40,7;64;24,5;jah
2024-07-29;45,5;76;23,6;jah
2024-07-30;45,2;74;22,9;jah
2024-07-31;45,1;73;22,1;jah
2024-08-01;45,8;74;21,3;jah
2024-08-02;46,4;74;20,6;jah
2024-08-03;47,4;76;20,4;jah
2024-08-04;48;77;20,7;jah
2024-08-05;48,9;78;20,7;jah
2024-08-06;56,2;97;20;jah
2024-08-07;56,7;95;20;jah
2024-08-08;54;89;20,5;jah
2024-08-09;52,7;86;20,8;jah
2024-08-10;50,8;82;20,8;jah
2024-08-11;49,6;80;20,4;jah
2024-08-12;48,7;78;19,6;jah
2024-08-13;48,8;78;19,1;jah
2024-08-14;48,5;78;19,4;jah
2024-08-15;48,4;78;20;jah
2024-08-16;48;77;20,4;jah
2024-08-17;47,5;76;21,2;jah
2024-08-18;46,4;73;21;jah
2024-08-19;46;73;20,5;jah
2024-08-20;45,2;71;20,2;jah
2024-08-21;44,7;70;20,1;jah
2024-08-22;44,2;69;20,4;jah
2024-08-23;42,9;66;20;jah
2024-08-24;42,1;65;19,7;jah
2024-08-25;41,9;64;19,4;jah
2024-08-26;41,2;63;19,8;jah
2024-08-27;40,3;61;19,7;jah
2024-08-28;39,9;60;19,7;jah
2024-08-29;39,7;59;19,6;jah
2024-08-30;39,4;58;20,1;jah
2024-08-31;38,8;57;20,2;jah
2024-09-01;38,1;55;20;jah
2024-09-02;38,4;56;19,6;jah
2024-09-03;38,1;55;19,5;jah
2024-09-04;37,9;54;20,1;jah
2024-09-05;37,6;53;20,2;jah
2024-09-06;37,2;52;20;jah
2024-09-07;36,5;51;19,7;jah
2024-09-08;36,1;49;19,4;jah
2024-09-09;35,8;48;19,3;jah
2024-09-10;35,6;48;19,2;jah
2024-09-11;35,2;47;18,6;jah
2024-09-12;34,6;45;18;jah
2024-09-13;34,9;46;18,3;jah
2024-09-14;35;46;18,8;jah
2024-09-15;34,8;45;19,2;jah
2024-09-16;34,9;45;19,4;jah
2024-09-17;34,4;44;19,3;jah
2024-09-18;34,1;43;19;jah
2024-09-19;33,6;42;18,6;jah
2024-09-20;33;40;18,1;jah
2024-09-21;32,6;39;17,7;jah
2024-09-22;32,6;38;16,9;jah
2024-09-23;32,1;37;15,9;jah
2024-09-24;31,9;36;15,7;jah
2024-09-25;31,4;34;15,5;jah
2024-09-26;31,6;35;15,5;jah
2024-09-27;32;35;15,5;jah
2024-09-28;31,6;34;15;jah
2024-09-29;31,9;35;14,4;jah
2024-09-30;31,9;34;13,2;jah
2024-10-01;33,1;37;11,7;jah
2024-10-02;32,4;34;11,4;jah
2024-10-03;31,6;32;11;jah
2024-10-04;32,3;33;10,6;jah
2024-10-05;31,2;30;10,3;jah
2024-10-06;31,4;30;10;jah
2024-10-07;31,5;30;9,9;jah
2024-10-08;31,8;31;9,9;jah
2024-10-09;32,2;32;9,7;jah
2024-10-10;33;33;9,7;jah
2024-10-11;33;33;10,3;jah
2024-10-12;32,8;32;10,3;jah
2024-10-13;33,3;33;9,6;jah
2024-10-14;33,3;33;9,3;jah
2024-10-15;32,6;30;8,9;jah
2024-10-16;32,3;29;8,5;jah
2024-10-17;32,2;29;7,9;jah
2024-10-18;32,3;28;7,4;jah
2024-10-19;32,4;28;7;jah
2024-10-20;32,1;27;6,6;jah
2024-10-21;31,8;26;6,5;jah
2024-10-22;31,7;26;7,1;jah
2024-10-23;31,4;24;7,5;jah
2024-10-24;31;23;7,7;jah
2024-10-25;31,7;24;8,2;jah
2024-10-26;32,3;26;8,2;jah
2024-10-27;32,9;27;8,4;jah
2024-10-28;32,5;25;8,5;jah
2024-10-29;32,6;25;8,1;jah
2024-10-30;31,9;23;7,7;jah
2024-10-31;31,9;23;7;jah
2024-11-01;33,8;28;7;jah
2024-11-02;34,8;30;6,4;jah
2024-11-03;36;33;5,6;jah
2024-11-04;40;43;4,6;jah
2024-11-05;41;45;4,3;jah
2024-11-06;42,8;49;4,7;jah
2024-11-07;43,9;51;5,2;jah
2024-11-08;44;51;5,6;jah
2024-11-09;43,1;49;6;jah
2024-11-10;43,2;49;6,2;jah
2024-11-11;42,5;47;6,1;jah
2024-11-12;41,5;44;5,8;jah
2024-11-13;41,2;43;5,6;jah
2024-11-14;40,7;41;5,3;jah
2024-11-15;40,6;41;4,8;jah
2024-11-16;39,7;38;5,1;jah
2024-11-17;41,1;41;5,3;jah
2024-11-18;42,5;44;5,2;jah
2024-11-19;43,5;47;4,6;jah
2024-11-20;46,6;53;3,9;jah
2024-11-21;47,4;55;3,1;jah
2024-11-22;48,8;57;2,3;jah
2024-11-23;50;60;1,5;jah
2024-11-24;49,7;59;0,7;jah
2024-11-25;50,4;60;0,6;jah
2024-11-26;51,8;62;1,2;jah
2024-11-27;54,8;68;1,9;jah
2024-11-28;57,7;74;2,5;jah
2024-11-29;58,7;76;3,1;jah
2024-11-30;58,6;76;3,5;jah
2024-12-01;58,1;74;3,9;jah
2024-12-02;58,5;75;3,9;jah
2024-12-03;58,6;75;3,8;jah
2024-12-04;57,8;74;3;jah
2024-12-05;56,4;71;1,9;jah
2024-12-06;55;68;1,2;jah
2024-12-07;54;66;0,7;jah
2024-12-08;52,6;63;0,5;jah
2024-12-09;51,2;60;0,4;jah
2024-12-10;49,4;56;0,5;jah
2024-12-11;48,6;54;0,5;jah
2024-12-12;48,3;54;0,1;jah
2024-12-13;49,2;68;0;jah
2024-12-14;50,6;87;0;jah
2024-12-15;52;91;0;jah
2024-12-16;53,4;87;0;jah
2024-12-17;54,9;81;0;jah
2024-12-18;56,3;76;0;jah
2024-12-19;58,8;74;0,1;jah
2024-12-20;65,4;88;0,2;jah
2024-12-21;67,3;92;0,5;jah
2024-12-22;67,6;93;0,8;jah
2024-12-23;68,5;94;1,2;jah
2024-12-24;69,7;96;1,3;jah
2024-12-25;70,4;96;1,6;jah
2024-12-26;71,1;96;2,3;jah
2024-12-27;72,5;98;2,9;jah
2024-12-28;73,7;99;3,3;jah
2024-12-29;74,5;100;3,5;jah
2024-12-30;75,7;101;3,5;jah
2024-12-31;78;104;2,8;jah
2025-01-01;79,8;107;1,9;jah
2025-01-02;83,2;120;1,2;jah
2025-01-03;82,8;127;0,5;jah
2025-01-04;79,8;129;0;jah
2025-01-05;73,6;127;0;jah
2025-01-06;70,2;131;0;jah
2025-01-07;68,2;143;0;jah
2025-01-08;65,9;159;0,1;jah
2025-01-09;63,3;165;0,1;jah
2025-01-10;60,4;166;0,1;jah
2025-01-11;57,3;167;0,1;jah
2025-01-12;55,6;175;0;jah
2025-01-13;63;196;0;jah
2025-01-14;78,4;204;0;jah
2025-01-15;90,2;205;0,1;jah
2025-01-16;98;204;0,3;jah
2025-01-17;102;200;0,4;jah
2025-01-18;102;195;0,4;jah
2025-01-19;102;192;0,2;jah
2025-01-20;104;191;0,3;jah
2025-01-21;106;190;0;jah
2025-01-22;108;189;0;jah
2025-01-23;112;192;0,1;jah
2025-01-24;114;192;0,2;jah
2025-01-25;117;193;0,2;jah
2025-01-26;121;194;0,3;jah
2025-01-27;126;199;0,4;jah
2025-01-28;129;204;0,5;jah
2025-01-29;132;210;0,9;jah
2025-01-30;135;216;1,5;jah
2025-01-31;137;220;2,3;jah
2025-02-01;136;223;2,5;jah
2025-02-02;135;225;2;jah
2025-02-03;134;227;1,2;jah
2025-02-04;132;228;0,4;jah
2025-02-05;128;227;0,1;jah
2025-02-06;125;227;0,1;jah
2025-02-07;122;227;0,1;jah
2025-02-08;119;226;0;jah
2025-02-09;114;224;0;jah
2025-02-10;113;226;0;jah
2025-02-11;109;225;0;jah
2025-02-12;105;223;0;jah
2025-02-13;103;225;0;jah
2025-02-14;99,4;225;0;jah
2025-02-15;95,7;228;0;jah
2025-02-16;92,1;231;0;jah
2025-02-17;88,5;242;0;jah
2025-02-18;85,3;254;0;jah
2025-02-19;85,4;258;0;jah
2025-02-20;86,3;250;0;jah
2025-02-21;87,1;243;0;jah
2025-02-22;87,9;236;0;jah
2025-02-23;88,7;230;0;jah
2025-02-24;89,4;224;0,1;jah
2025-02-25;90,2;218;0;jah
2025-02-26;91;213;0;jah
2025-02-27;91,9;209;0,1;jah
2025-02-28;94,4;204;0,1;jah
2025-03-01;94,5;197;0,1;jah
2025-03-02;93,7;188;0,2;jah
2025-03-03;94;181;0,3;jah
2025-03-04;92,4;172;0,4;jah
2025-03-05;92,1;165;0,5;jah
2025-03-06;94,9;164;1,1;jah
2025-03-07;97,9;164;1,9;jah
2025-03-08;97,8;164;2,3;jah
2025-03-09;97;163;2,5;jah
2025-03-10;96,3;162;2,7;jah
2025-03-11;95,7;161;3,1;jah
2025-03-12;94,7;160;2,8;jah
2025-03-13;94,1;159;2,2;jah
2025-03-14;93,7;159;1,8;jah
2025-03-15;92,2;157;1,3;jah
2025-03-16;91,3;155;1,4;jah
2025-03-17;90,3;154;1,1;jah
2025-03-18;88,9;152;1,3;jah
2025-03-19;88;151;1,9;jah
2025-03-20;87,2;150;2,8;jah
2025-03-21;86,5;149;2,6;jah
2025-03-22;85,5;147;2,2;jah
2025-03-23;84,5;146;2,5;jah
2025-03-24;83,5;144;2,5;jah
2025-03-25;82,5;143;2,4;jah
2025-03-26;82,1;142;3,2;jah
2025-03-27;81,5;141;3,4;jah
2025-03-28;80,8;141;4,1;jah
2025-03-29;80,2;140;4,8;jah
2025-03-30;79,6;139;6,1;jah
2025-03-31;78,9;138;6,5;jah
2025-04-01;78,1;137;7;jah
2025-04-02;77,1;135;7,6;jah
2025-04-03;76,3;134;8,3;jah
2025-04-04;74,9;131;8,7;jah
2025-04-05;75,1;132;7,8;jah
2025-04-06;74;130;6,1;jah
2025-04-07;71,8;126;5,2;jah
2025-04-08;71,6;126;4,8;jah
2025-04-09;69,6;122;4,3;jah
2025-04-10;69,1;121;3,7;jah
2025-04-11;68;119;3,4;jah
2025-04-12;67,7;119;3,1;jah
2025-04-13;67,6;119;3,4;jah
2025-04-14;67,7;119;4,7;jah
2025-04-15;67,4;119;6,4;jah
2025-04-16;67,5;119;7,8;jah
2025-04-17;67,4;119;8,7;jah
2025-04-18;67,1;118;9,5;jah
2025-04-19;67;118;10,8;jah
2025-04-20;67,6;119;11,9;jah
2025-04-21;67,9;119;12,6;jah
2025-04-22;67,9;119;12,6;jah
2025-04-23;68,4;120;12,7;jah
2025-04-24;69;121;12,2;jah
2025-04-25;68,7;121;11,2;jah
2025-04-26;68,2;120;10;jah
2025-04-27;67,8;119;9,4;jah
2025-04-28;66,8;117;9,1;jah
2025-04-29;66,7;117;9,1;jah
2025-04-30;68,5;120;9,1;jah
2025-05-01;71,8;126;9,1;jah
2025-05-02;72,3;127;9,3;jah
2025-05-03;73,7;129;10,4;jah
2025-05-04;74,6;131;11;jah
2025-05-05;74,5;131;10,5;jah
2025-05-06;73,6;129;9,7;jah
2025-05-07;73,7;129;9,4;jah
2025-05-08;71,9;127;8,7;jah
2025-05-09;70,5;125;8,5;jah
2025-05-10;69,9;125;8,8;jah
2025-05-11;68,6;123;9,5;jah
2025-05-12;66,9;121;10,2;jah
2025-05-13;65,5;119;11;jah
2025-05-14;64,5;118;11,4;jah
2025-05-15;64,1;118;11,1;jah
2025-05-16;63,6;118;10,6;jah
2025-05-17;63,2;118;10,8;jah
2025-05-18;62,7;117;11,3;jah
2025-05-19;62;117;12,4;jah
2025-05-20;60,4;115;13,3;jah
2025-05-21;59,9;114;14,2;jah
2025-05-22;59,5;114;15;jah
2025-05-23;58,6;113;15,1;jah
2025-05-24;57,9;113;14,5;jah
2025-05-25;58;114;13,9;jah
2025-05-26;58,7;116;14;jah
2025-05-27;59,5;119;15;jah
2025-05-28;60;120;15,8;jah
2025-05-29;63;127;16,4;jah
2025-05-30;65,6;133;16,6;jah
2025-05-31;67,1;137;17,1;jah
2025-06-01;66,4;137;17,2;jah
2025-06-02;65,8;136;16,7;jah
2025-06-03;65,6;135;16,4;jah
2025-06-04;65,2;133;16,8;jah
2025-06-05;64,9;131;17;jah
2025-06-06;64,5;129;17,1;jah
2025-06-07;63,9;126;17,5;jah
2025-06-08;64,4;126;17,9;jah
2025-06-09;65,2;127;18;jah
2025-06-10;67,2;131;17,5;jah
2025-06-11;69,4;136;16,7;jah
2025-06-12;76,3;149;16;jah
2025-06-13;80,3;157;15,9;jah
2025-06-14;81;158;16,6;jah
2025-06-15;80,3;158;17,3;jah
2025-06-16;78,9;155;18;jah
2025-06-17;78,3;154;18,2;jah
2025-06-18;77,6;153;17,6;jah
2025-06-19;76,9;152;17,4;jah
2025-06-20;78;154;16,8;jah
2025-06-21;77,4;153;16,3;jah
2025-06-22;77,2;153;15,9;jah
2025-06-23;76,7;152;15,9;jah
2025-06-24;78,7;155;16;jah
2025-06-25;84,2;165;15,5;jah
2025-06-26;87,9;171;15,4;jah
2025-06-27;90,2;175;16,1;jah
2025-06-28;92,3;178;16,1;jah
2025-06-29;92,3;179;16,1;jah
2025-06-30;91,1;177;16,2;jah
2025-07-01;90,1;175;16,6;jah
2025-07-02;89;173;17,7;jah
2025-07-03;88,2;172;19,2;jah
2025-07-04;86,2;169;19,5;jah
2025-07-05;84,2;166;18,8;jah
2025-07-06;82,9;164;18;jah
2025-07-07;81,7;162;17,8;jah
2025-07-08;80,2;160;18,1;jah
2025-07-09;78,6;157;18,1;jah
2025-07-10;78,8;157;17,6;jah
2025-07-11;78,1;157;17,3;jah
2025-07-12;78,7;158;18,2;jah
2025-07-13;79,6;160;18,8;jah
2025-07-14;80,2;161;19,1;jah
2025-07-15;81,9;164;19,2;jah
2025-07-16;85,3;170;19,7;jah
2025-07-17;87,2;174;20,5;jah
2025-07-18;87,5;174;21,3;jah
2025-07-19;87;174;21,8;jah
2025-07-20;86,1;173;22;jah
2025-07-21;85,3;171;21,9;jah
2025-07-22;84,8;171;21,9;jah
2025-07-23;83,7;169;22,1;jah
2025-07-24;82,1;167;22,3;jah
2025-07-25;80,2;164;22,7;jah
2025-07-26;78,5;161;23,2;jah
2025-07-27;76,9;158;23,8;jah
2025-07-28;75,3;155;23,9;jah
2025-07-29;74;153;23,8;jah
2025-07-30;72,7;150;23,8;jah
2025-07-31;71,9;149;23,8;jah
2025-08-01;71,9;149;23,3;jah
2025-08-02;71,6;148;23;jah
2025-08-03;71,7;148;22,7;jah
2025-08-04;73,2;151;22,6;jah
2025-08-05;74,9;154;22,4;jah
2025-08-06;74,4;153;22;jah
2025-08-07;73,3;151;21,1;jah
2025-08-08;72,6;150;20,2;jah
2025-08-09;72,3;149;19,6;jah
2025-08-10;71,7;148;19,5;jah
2025-08-11;70,7;146;19,6;jah
2025-08-12;70,3;145;19,4;jah
2025-08-13;70,2;145;19,1;jah
2025-08-14;69,4;143;19,1;jah
2025-08-15;68,7;142;19,3;jah
2025-08-16;67,9;140;19,9;jah
2025-08-17;66,6;137;19,5;jah
2025-08-18;65,5;135;18,3;jah
2025-08-19;64,3;133;17,8;jah
2025-08-20;64,3;133;17,8;jah
2025-08-21;63,3;131;17,4;jah
2025-08-22;62,7;129;17;jah
2025-08-23;62,3;128;16,9;jah
2025-08-24;61,9;128;16,4;jah
2025-08-25;62;128;16;jah
2025-08-26;61,4;127;15,5;jah
2025-08-27;60,9;125;15,1;jah
2025-08-28;60,9;125;15,1;jah
2025-08-29;62,4;127;15,2;jah
2025-08-30;63,4;129;15,3;jah
2025-08-31;63,3;128;15,5;jah
2025-09-01;63,3;128;15,6;jah
2025-09-02;63,1;127;15,8;jah
2025-09-03;62,9;126;15,9;jah
2025-09-04;62,7;125;16,3;jah
2025-09-05;62,2;124;16,9;jah
2025-09-06;62,1;124;17,5;jah
2025-09-07;61,8;123;18,1;jah
2025-09-08;61,3;121;18,7;jah
2025-09-09;60,9;120;18,7;jah
2025-09-10;60,6;119;18,9;jah
2025-09-11;60,7;119;18,8;jah
2025-09-12;60,4;118;18,2;jah
2025-09-13;59,1;115;17,8;jah
2025-09-14;58,7;114;17,3;jah
2025-09-15;58,4;113;16,9;jah
2025-09-16;58,1;112;16,4;jah
2025-09-17;57,7;111;15,8;jah
2025-09-18;57,8;111;15,5;jah
2025-09-19;58;111;15,3;jah
2025-09-20;57,9;110;15;jah
2025-09-21;59;112;15,1;jah
2025-09-22;58,8;111;15,3;jah
2025-09-23;58,7;111;14,7;jah
2025-09-24;58,2;110;13,7;jah
2025-09-25;57,8;109;12,4;jah
2025-09-26;57,3;107;12,2;jah
2025-09-27;56,9;106;12,1;jah
2025-09-28;56,9;106;11,9;jah
2025-09-29;56,1;104;11,3;jah
2025-09-30;54,8;102;10,5;jah
2025-10-01;53,8;99;10;jah
2025-10-02;53,7;99;9,5;jah
2025-10-03;52,6;97;9,1;jah
2025-10-04;51,9;95;8,7;jah
2025-10-05;51,8;95;8,6;jah
2025-10-06;51,2;93;8,7;jah
2025-10-07;51,1;93;9,1;jah
2025-10-08;50,7;92;9,2;jah
2025-10-09;50,4;91;9,3;jah
2025-10-10;50,6;92;9,6;jah
2025-10-11;49,6;89;9,4;jah
2025-10-12;49,4;89;9,1;jah
2025-10-13;49,2;88;8,6;jah
2025-10-14;49,7;89;8;jah
2025-10-15;49,7;89;7,9;jah
2025-10-16;50,2;90;8;jah
2025-10-17;50,9;91;7,7;jah
2025-10-18;51,1;91;7,3;jah
2025-10-19;50,7;90;6,5;jah
2025-10-20;50,2;89;6,4;jah
2025-10-21;49,9;88;6;jah
2025-10-22;49,6;88;5,6;jah
2025-10-23;49,7;88;5,7;jah
2025-10-24;49,7;87;5,8;jah
2025-10-25;49,8;87;6,5;jah
2025-10-26;49,8;87;7;jah
2025-10-27;51,1;90;7,1;jah
2025-10-28;52,7;93;7;jah
2025-10-29;54,2;95;7;jah
2025-10-30;55,5;98;6,9;jah
2025-10-31;58,3;103;7,1;jah
2025-11-01;59;104;7,1;jah
2025-11-02;59,8;105;7,1;jah
2025-11-03;60,6;107;7,2;jah
2025-11-04;60,7;107;7,3;jah
2025-11-05;60,9;107;7,7;jah
2025-11-06;61,1;107;8,1;jah
2025-11-07;61,5;107;8,4;jah
2025-11-08;61,6;107;8,3;jah
2025-11-09;61,6;107;8,2;jah
2025-11-10;61,7;107;8;jah
2025-11-11;61,9;107;7,8;jah
2025-11-12;61,6;107;7,4;jah
2025-11-13;61,1;106;7,1;jah
2025-11-14;62,3;108;6,7;jah
2025-11-15;62;107;5,7;jah
2025-11-16;61,1;105;4,5;jah
2025-11-17;63;108;3,6;jah
2025-11-18;63,4;109;2,8;jah
2025-11-19;63,2;109;2,4;jah
2025-11-20;63,3;109;2,1;jah
2025-11-21;63,2;109;2;jah
2025-11-22;62,5;107;1,8;jah
2025-11-23;61,7;106;1,5;jah
2025-11-24;61,8;106;1,3;jah
2025-11-25;60,7;104;1;jah
2025-11-26;60,4;103;0,8;jah
2025-11-27;59,6;102;0,4;jah
2025-11-28;58,4;99;0,4;jah
2025-11-29;58,5;100;0,5;jah
2025-11-30;58,2;99;0,6;jah
2025-12-01;58,3;99;0,9;jah
2025-12-02;58,7;100;1,2;jah
2025-12-03;59,1;100;1,5;jah
2025-12-04;59,5;101;1,6;jah
2025-12-05;59,6;101;1,9;jah
2025-12-06;59,9;102;2,2;jah
2025-12-07;60,6;103;2,3;jah
2025-12-08;61,5;105;2,4;jah
2025-12-09;62,8;107;2,6;jah
2025-12-10;64,1;109;3,1;jah
2025-12-11;65;111;3,6;jah
2025-12-12;67,2;115;3,7;jah
2025-12-13;66,8;114;2,8;jah
2025-12-14;66,5;114;1,9;jah
2025-12-15;67;114;1,5;jah
2025-12-16;67,5;115;1,6;jah
2025-12-17;68,8;118;1,8;jah
2025-12-18;69;119;2,2;jah
2025-12-19;68,8;120;2,6;jah
2025-12-20;68,8;121;2,9;jah
2025-12-21;68,9;123;3,3;jah
2025-12-22;69,1;125;3,2;jah
2025-12-23;68,9;126;2,2;jah
2025-12-24;66,3;123;1,5;jah
2025-12-25;64,1;120;1,2;jah
2025-12-26;63,2;120;0,9;jah
2025-12-27;62,4;119;1,1;jah
2025-12-28;61,8;120;0,9;jah
2025-12-29;59,1;116;0,6;jah
2025-12-30;57,9;116;0,1;jah
2025-12-31;56,7;119;0;jah
2026-01-01;55,9;135;0;ei
2026-01-02;54,8;122;0;ei
2026-01-03;53,6;115;0;ei
2026-01-04;52,4;113;0;ei
2026-01-05;51,2;112;0;ei
2026-01-06;50,1;108;0;ei
2026-01-07;48,8;107;0;ei
2026-01-08;47,6;105;0;ei
2026-01-09;46,2;104;0;ei
2026-01-10;44,7;102;0;ei
2026-01-11;43,8;101;0;ei
2026-01-12;43,1;101;0;ei
2026-01-13;42,5;102;0;ei
2026-01-14;41,9;103;0;ei
2026-01-15;42;104;0;ei
2026-01-16;42,1;104;0;ei
2026-01-17;42,3;105;0;ei
2026-01-18;42,5;106;0;ei
2026-01-19;42,6;107;0;ei
2026-01-20;42,8;108;0;ei
2026-01-21;43;109;0;ei
2026-01-22;43,1;111;0;ei
2026-01-23;43,3;111;0;ei
2026-01-24;43,5;112;0;ei
2026-01-25;43,6;111;0;ei
2026-01-26;43,8;111;0;ei
2026-01-27;44;110;0;ei
2026-01-28;44,2;109;0;ei
2026-01-29;44,3;108;0;ei
2026-01-30;44,5;107;0;ei
2026-01-31;44,7;106;0;ei
2026-02-01;44,8;105;0;ei
2026-02-02;44,9;103;0;ei
2026-02-03;44,9;102;0;ei
2026-02-04;44,8;101;0;ei
2026-02-05;44,7;101;0;ei
2026-02-06;44,4;101;0;ei
2026-02-07;44,2;101;0;ei
2026-02-08;44;101;0;ei
2026-02-09;43,8;102;0;ei
2026-02-10;43,6;102;0;ei
2026-02-11;43,3;103;0;ei
2026-02-12;43,1;103;0;ei
2026-02-13;42,9;102;0;ei
2026-02-14;42,7;101;0;ei
2026-02-15;42,5;100;0;ei
2026-02-16;42,2;99;0;ei
2026-02-17;42;98;0;ei
2026-02-18;41,8;97;0;ei
2026-02-19;41,6;96;0;ei
2026-02-20;41,4;96;0;ei
2026-02-21;41,4;96;0;ei
2026-02-22;41,7;97;0;ei
2026-02-23;41,9;98;0;ei
2026-02-24;42,1;98;0;ei
2026-02-25;42;98;0;ei
2026-02-26;42,3;99;0;ei
2026-02-27;43,2;101;0;ei
2026-02-28;45,9;108;0;ei
2026-03-01;49,9;117;0;ei
2026-03-02;55,2;128;0,1;ei
2026-03-03;59,8;134;0,1;ei
2026-03-04;62,4;136;0,2;ei
2026-03-05;62,5;132;0,7;ei
2026-03-06;60,3;122;0,9;ei
2026-03-07;59,9;117;0,9;ei
2026-03-08;59,4;111;0,8;ei
2026-03-09;59,3;107;1,1;ei
2026-03-10;60,4;105;1,4;ei
2026-03-11;62,6;105;1,6;ei
2026-03-12;65,3;106;2;ei
2026-03-13;67,3;110;2,2;ei
2026-03-14;68,9;113;2,5;ei
2026-03-15;70;115;2,6;ei
2026-03-16;70,6;117;2,3;ei
2026-03-17;71,3;119;1,8;ei
2026-03-18;71,6;120;2;ei
2026-03-19;71,6;120;2,4;ei
2026-03-20;71,8;121;3,3;ei
2026-03-21;71,6;121;3,7;ei
2026-03-22;70,9;120;3,9;ei
2026-03-23;70;119;4,3;ei
2026-03-24;69,1;118;4,7;ei
2026-03-25;68,5;117;5,2;ei
2026-03-26;68,1;117;5,7;ei
2026-03-27;67;115;5,5;ei
2026-03-28;66;114;4,8;ei
2026-03-29;65,1;112;4,7;ei
2026-03-30;64,5;112;5,3;ei
2026-03-31;63,8;111;5,7;ei
2026-04-01;62,8;109;5,6;ei
2026-04-02;62,3;108;5,7;ei
2026-04-03;61,5;107;6;ei
2026-04-04;61;107;6,4;ei
2026-04-05;60,8;107;6,4;ei
2026-04-06;60,6;107;6,2;ei
2026-04-07;61,4;108;5,9;ei
2026-04-08;61,8;109;5,9;ei
2026-04-09;61,7;110;5,7;ei
2026-04-10;60,3;107;5,7;ei
2026-04-11;59,5;106;5,9;ei
2026-04-12;58,8;105;6,4;ei
2026-04-13;58;104;7;ei
2026-04-14;57,4;103;7,5;ei
2026-04-15;56,7;102;8,1;ei
2026-04-16;56,7;102;8,6;ei
2026-04-17;56,4;102;9,2;ei
2026-04-18;55,7;101;9,4;ei
2026-04-19;55,7;101;9,3;ei
2026-04-20;54,8;99;9;ei
2026-04-21;53;96;9;ei
2026-04-22;51,6;93;9,3;ei
2026-04-23;52;94;9,3;ei
2026-04-24;49,6;90;9,4;ei
2026-04-25;49,3;90;9,1;ei
2026-04-26;48,7;89;8,2;ei
2026-04-27;46,7;85;7,3;ei
2026-04-28;46,2;84;6,8;ei
2026-04-29;45,8;83;6,7;ei
2026-04-30;45,7;83;6,6;ei
2026-05-01;45,9;84;7,5;ei
2026-05-02;45,2;83;9;ei
2026-05-03;45;82;10,6;ei
2026-05-04;44,9;82;12;ei
2026-05-05;44,1;81;12,9;ei
2026-05-06;44,1;81;13,4;ei
2026-05-07;44,4;82;13;ei
2026-05-08;43,4;79;12,5;ei
2026-05-09;43,3;79;12,3;ei
2026-05-10;42,7;77;12,3;ei
2026-05-11;42,3;76;12,8;ei
2026-05-12;42,7;76;13,5;ei
2026-05-13;42,7;76;14,3;ei
2026-05-14;42,2;74;14,5;ei
2026-05-15;42,6;75;14,1;ei
2026-05-16;42,6;75;14,8;ei
2026-05-17;42,9;75;15,4;ei
2026-05-18;43,2;75;15,6;ei
2026-05-19;43,3;75;16,4;ei
2026-05-20;42,5;73;16,5;ei
2026-05-21;42,7;73;16,4;ei
2026-05-22;42,8;73;16,1;ei
2026-05-23;42,1;71;16,2;ei
2026-05-24;42,7;72;16,9;ei
2026-05-25;42,3;71;17,2;ei
2026-05-26;40,4;66;16,9;ei
2026-05-27;40,5;66;16;ei
2026-05-28;40,5;66;15;ei
2026-05-29;40,1;65;14,2;ei
2026-05-30;39,4;63;14;ei
2026-05-31;40;64;14,2;ei
2026-06-01;39,5;63;14,8;ei
2026-06-02;38,8;62;15,7;ei
2026-06-03;39,5;63;17;ei
2026-06-04;39,6;63;18,6;ei
2026-06-05;39,4;62;19,7;ei
2026-06-06;39,4;62;19,9;ei
2026-06-07;39,1;61;19,8;ei
2026-06-08;39,1;61;19,9;ei
2026-06-09;40,1;63;20,1;ei
2026-06-10;40;63;19,2;ei
2026-06-11;41,1;65;18,5;ei
2026-06-12;40,9;64;18,4;ei
2026-06-13;41,5;65;17,6;ei
2026-06-14;42,2;66;16,6;ei
2026-06-15;45,1;71;16,2;ei
2026-06-16;46,6;74;16,4;ei
2026-06-17;46,7;73;16,5;ei
2026-06-18;49,9;79;16,7;ei
2026-06-19;53,4;84;17,4;ei
2026-06-20;54,5;86;18,6;ei
2026-06-21;54,3;85;19,5;ei
2026-06-22;54,1;84;20,8;ei
2026-06-23;53,3;82;21,3;ei
2026-06-24;52,1;79;20,3;ei
2026-06-25;51,2;77;19,6;ei
2026-06-26;49,5;74;19,8;ei
2026-06-27;48,1;71;20,5;ei
2026-06-28;47,3;69;21,2;ei
2026-06-29;47,9;69;22,1;ei
2026-06-30;46,4;66;23,2;ei
2026-07-01;45,7;64;23,6;ei
2026-07-02;45,1;63;23;ei
2026-07-03;44,7;62;22,3;ei
2026-07-04;45,6;63;21,5;ei
2026-07-05;45,7;63;20,9;ei
2026-07-06;48,1;66;20,3;ei
2026-07-07;49,3;69;19,2;ei
2026-07-08;54,4;80;18,3;ei
2026-07-09;69,7;107;17,2;ei
2026-07-10;73,2;115;17,1;ei
2026-07-11;75,2;121;18;ei
2026-07-12;74,5;121;19;ei
2026-07-13;70,2;115;20,1;ei
2026-07-14;67,2;109;20,7;ei
2026-07-15;63,9;103;20,7;ei
2026-07-16;60,9;97;21,1;ei
2026-07-17;57,2;90;21,5;ei
2026-07-18;54,1;84;21,9;ei
2026-07-19;51,4;78;22,5;ei
2026-07-20;50,3;76;22,2;ei
2026-07-21;52,3;79;20,8;ei
2026-07-22;50;74;19,7;ei
2026-07-23;49;72;19;ei
2026-07-24;49,4;72;19;ei
2026-07-25;48,8;71;19,6;ei
2026-07-26;47,7;68;20;ei
2026-07-27;47,4;67;20,3;ei
2026-07-28;46;65;20,5;ei
2026-07-29;45;62;20,4;ei
2026-07-30;44,1;60;20,4;ei
2026-07-31;43,6;59;21,2;ei
2026-08-01;43,2;58;22,3;ei
2026-08-02;42,9;57;22,7;ei
2026-08-03;41,7;54;22,2;ei
2026-08-04;41,9;54;21,7;ei
2026-08-05;41,8;54;21,5;ei
2026-08-06;40,8;52;22,1;ei
2026-08-07;39,7;49;22,4;ei
2026-08-08;39,2;48;22,2;ei
2026-08-09;37,9;45;21,1;ei
2026-08-10;37,6;44;20,7;ei
2026-08-11;38,5;46;20,4;ei
2026-08-12;36,9;42;19,6;ei
2026-08-13;35,6;40;18,7;ei
2026-08-14;36;40;18,6;ei
2026-08-15;35,9;40;18,9;ei
2026-08-16;35,5;39;19,4;ei
2026-08-17;34,3;36;19,3;ei
2026-08-18;34,9;37;19;ei
2026-08-19;33,5;34;18,4;ei
2026-08-20;33,8;35;18;ei
2026-08-21;34,4;35;18,1;ei
2026-08-22;37;39;17,9;ei
2026-08-23;37,4;39;17,6;ei
2026-08-24;36,4;37;17,3;ei
2026-08-25;37,5;39;16,9;ei
2026-08-26;38,1;40;17;ei
2026-08-27;38,2;41;17,3;ei
2026-08-28;37,7;40;17,8;ei
2026-08-29;37,2;40;18,1;ei
2026-08-30;36,5;39;18,2;ei
2026-08-31;35,6;38;18,2;ei
2026-09-01;35,8;38;18,3;ei
2026-09-02;35,2;38;18,4;ei
2026-09-03;34,9;37;18,3;ei
2026-09-04;39,9;46;17,7;ei
2026-09-05;47,7;59;17;ei
2026-09-06;53,1;68;16,3;ei
2026-09-07;55,7;72;15,5;ei
2026-09-08;57;75;15,1;ei
2026-09-09;58,3;77;15,3;ei
2026-09-10;58,2;77;15,7;ei
2026-09-11;56,9;75;15,6;ei
2026-09-12;54,8;71;15,4;ei
2026-09-13;53,6;69;15;ei
2026-09-14;54,2;70;15;ei
2026-09-15;54,3;70;14,6;ei
2026-09-16;53,9;70;14,6;ei
2026-09-17;53,5;69;14,7;ei
