kuupäev;vooluhulk_m3s;veetase_cm;veetemp_c;valideeritud
1985-06-01;2,52;90;;jah
1985-06-02;3,39;113;;jah
1985-06-03;3,28;110;;jah
1985-06-04;2,11;78;;jah
1985-06-05;1,58;62;;jah
1985-06-06;1,52;61;;jah
1985-06-07;1,8;69;;jah
1985-06-08;1,62;64;;jah
1985-06-09;1,5;60;;jah
1985-06-10;1,5;60;;jah
1985-06-11;1,37;56;;jah
1985-06-12;1,27;53;;jah
1985-06-13;1,24;52;;jah
1985-06-14;1,26;53;;jah
1985-06-15;2,16;81;;jah
1985-06-16;2,44;90;;jah
1985-06-17;2,31;86;;jah
1985-06-18;1,86;73;;jah
1985-06-19;1,57;64;;jah
1985-06-20;1,38;58;;jah
1985-06-21;1,17;52;;jah
1985-06-22;1,11;50;;jah
1985-06-23;1,05;48;;jah
1985-06-24;0,97;45;;jah
1985-06-25;1,04;48;;jah
1985-06-26;1,14;52;;jah
1985-06-27;1,06;49;;jah
1985-06-28;1,01;48;;jah
1985-06-29;1,76;74;;jah
1985-06-30;1,73;73;;jah
1985-07-01;1,68;72;;jah
1985-07-02;1,77;76;;jah
1985-07-03;2,07;87;;jah
1985-07-04;2,04;86;;jah
1985-07-05;1,54;69;;jah
1985-07-06;1,33;62;;jah
1985-07-07;1,18;57;;jah
1985-07-08;1,24;60;;jah
1985-07-09;1,18;58;;jah
1985-07-10;1,18;59;;jah
1985-07-11;1,46;70;;jah
1985-07-12;1,37;68;;jah
1985-07-13;1,19;62;;jah
1985-07-14;1,03;56;;jah
1985-07-15;1;56;;jah
1985-07-16;0,93;54;;jah
1985-07-17;0,86;51;;jah
1985-07-18;0,83;51;;jah
1985-07-19;0,8;51;;jah
1985-07-20;0,77;50;;jah
1985-07-21;0,75;50;;jah
1985-07-22;0,88;57;;jah
1985-07-23;0,86;56;;jah
1985-07-24;0,85;55;;jah
1985-07-25;0,86;56;;jah
1985-07-26;0,99;65;;jah
1985-07-27;1,03;67;;jah
1985-07-28;1,01;66;;jah
1985-07-29;0,99;65;;jah
1985-07-30;0,94;62;;jah
1985-07-31;1,24;78;;jah
1985-08-01;2,17;100;;jah
1985-08-02;2,79;111;;jah
1985-08-03;2,73;110;;jah
1985-08-04;2,28;102;;jah
1985-08-05;1,95;96;;jah
1985-08-06;3,34;120;;jah
1985-08-07;2,73;110;;jah
1985-08-08;2,22;101;;jah
1985-08-09;1,79;93;;jah
1985-08-10;1,42;85;;jah
1985-08-11;1,19;76;;jah
1985-08-12;1,08;70;;jah
1985-08-13;1,08;70;;jah
1985-08-14;1,15;74;;jah
1985-08-15;1,15;74;;jah
1985-08-16;3,17;117;;jah
1985-08-17;4,94;146;;jah
1985-08-18;4,81;144;;jah
1985-08-19;3,34;120;;jah
1985-08-20;2,17;100;;jah
1985-08-21;1,79;93;;jah
1985-08-22;1,08;70;;jah
1985-08-23;1,32;81;;jah
1985-08-24;1,73;92;;jah
1985-08-25;1,55;88;;jah
1985-08-26;3,46;122;;jah
1985-08-27;5,46;154;;jah
1985-08-28;6,8;174;;jah
1985-08-29;6,4;168;;jah
1985-08-30;4,21;134;;jah
1985-08-31;2,17;100;;jah
1985-09-01;1,73;92;;jah
1985-09-02;1,39;84;;jah
1985-09-03;1,34;82;;jah
1985-09-04;1,24;78;;jah
1985-09-05;1,34;82;;jah
1985-09-06;1,34;82;;jah
1985-09-07;1,32;81;;jah
1985-09-08;2,11;99;;jah
1985-09-09;3,46;122;;jah
1985-09-10;5,33;152;;jah
1985-09-11;6,4;168;;jah
1985-09-12;4,81;144;;jah
1985-09-13;3,28;119;;jah
1985-09-14;2,44;105;;jah
1985-09-15;1,95;96;;jah
1985-09-16;1,55;88;;jah
1985-09-17;1,39;84;;jah
1985-09-18;2;97;;jah
1985-09-19;2,57;104;;jah
1985-09-20;2,25;94;;jah
1985-09-21;2,09;88;;jah
1985-09-22;2,34;95;;jah
1985-09-23;2,6;102;;jah
1985-09-24;2,73;106;;jah
1985-09-25;2,43;96;;jah
1985-09-26;2,18;88;;jah
1985-09-27;2,02;82;;jah
1985-09-28;2,46;94;;jah
1985-09-29;3,06;110;;jah
1985-09-30;2,87;104;;jah
1985-10-01;2,65;94;;jah
1985-10-02;3,44;118;;jah
1985-10-03;3,88;128;;jah
1985-10-04;3,32;114;;jah
1985-10-05;2,71;97;;jah
1985-10-06;2,39;88;;jah
1985-10-07;2,29;84;;jah
1985-10-08;2,18;80;;jah
1985-10-09;2,04;76;;jah
1985-10-10;2,28;82;;jah
1985-10-11;2,41;86;;jah
1985-10-12;2,36;84;;jah
1985-10-13;2,8;96;;jah
1985-10-14;2,91;98;;jah
1985-10-15;2,78;94;;jah
1985-10-16;2,78;94;;jah
1985-10-17;2,71;92;;jah
1985-10-18;2,56;88;;jah
1985-10-19;2,38;82;;jah
1985-10-20;2,26;79;;jah
1985-10-21;2,18;76;;jah
1985-10-22;2,04;72;;jah
1985-10-23;1,92;68;;jah
1985-10-24;1,85;66;;jah
1985-10-25;1,85;66;;jah
1985-10-26;1,78;64;;jah
1985-10-27;1,76;63;;jah
1985-10-28;1,73;62;;jah
1985-10-29;1,71;61;;jah
1985-10-30;1,68;60;;jah
1985-10-31;1,75;62;;jah
1985-11-01;1,89;66;;jah
1985-11-02;1,89;66;;jah
1985-11-03;1,89;66;;jah
1985-11-04;2,02;69;;jah
1985-11-05;1,98;68;;jah
1985-11-06;1,93;67;;jah
1985-11-07;2,06;70;;jah
1985-11-08;2,09;71;;jah
1985-11-09;2,06;70;;jah
1985-11-10;2,02;69;;jah
1985-11-11;2,2;74;;jah
1985-11-12;2,27;76;;jah
1985-11-13;2,2;74;;jah
1985-11-14;2,06;70;;jah
1985-11-15;1,89;66;;jah
1985-11-16;1,82;64;;jah
1985-11-17;1,75;62;;jah
1985-11-18;1,68;60;;jah
1985-11-19;1,61;58;;jah
1985-11-20;1,68;60;;jah
1985-11-21;1,8;66;;jah
1985-11-22;1,87;70;;jah
1985-11-23;1,77;72;;jah
1985-11-24;1,4;64;;jah
1985-11-25;1,06;56;;jah
1985-11-26;0,97;53;;jah
1985-11-27;0,88;50;;jah
1985-11-28;1,02;57;;jah
1985-11-29;1,12;62;;jah
1985-11-30;0,94;55;;jah
1985-12-01;0,82;50;;jah
1985-12-02;0,86;52;;jah
1985-12-03;0,81;50;;jah
1985-12-04;0,83;51;;jah
1985-12-05;0,97;58;;jah
1985-12-06;1,09;64;;jah
1985-12-07;1,16;67;;jah
1985-12-08;1,09;64;;jah
1985-12-09;1,13;65;;jah
1985-12-10;1,08;61;;jah
1985-12-11;1,09;60;;jah
1985-12-12;1,09;58;;jah
1985-12-13;1,13;58;;jah
1985-12-14;1,18;58;;jah
1985-12-15;1,19;56;;jah
1985-12-16;1,14;54;;jah
1985-12-17;1,1;52;;jah
1985-12-18;1,27;58;;jah
1985-12-19;1,38;62;;jah
1985-12-20;1,37;61;;jah
1985-12-21;1,31;56;;jah
1985-12-22;1,96;72;;jah
1985-12-23;4,65;122;;jah
1985-12-24;4,8;121;;jah
1985-12-25;4,01;106;;jah
1985-12-26;2,69;85;;jah
1985-12-27;1,81;72;;jah
1985-12-28;1,65;74;;jah
1985-12-29;1,54;88;;jah
1985-12-30;1,43;95;;jah
1985-12-31;1,33;96;;jah
1986-01-01;1,25;94;;jah
1986-01-02;1,16;90;;jah
1986-01-03;1,12;85;;jah
1986-01-04;1,11;81;;jah
1986-01-05;1,03;78;;jah
1986-01-06;0,98;69;;jah
1986-01-07;0,9;60;;jah
1986-01-08;0,8;58;;jah
1986-01-09;0,85;60;;jah
1986-01-10;0,95;64;;jah
1986-01-11;0,85;60;;jah
1986-01-12;0,9;62;;jah
1986-01-13;0,89;61;;jah
1986-01-14;0,89;61;;jah
1986-01-15;0,89;61;;jah
1986-01-16;0,87;60;;jah
1986-01-17;0,82;58;;jah
1986-01-18;0,89;61;;jah
1986-01-19;0,87;61;;jah
1986-01-20;0,87;61;;jah
1986-01-21;0,8;58;;jah
1986-01-22;1;66;;jah
1986-01-23;1,18;74;;jah
1986-01-24;1,26;77;;jah
1986-01-25;1,28;78;;jah
1986-01-26;1,27;70;;jah
1986-01-27;1,22;64;;jah
1986-01-28;1,21;58;;jah
1986-01-29;1,2;58;;jah
1986-01-30;1,18;62;;jah
1986-01-31;1,16;67;;jah
1986-02-01;1,12;76;;jah
1986-02-02;1,1;84;;jah
1986-02-03;1,05;88;;jah
1986-02-04;1,03;83;;jah
1986-02-05;1,01;78;;jah
1986-02-06;1;76;;jah
1986-02-07;0,99;72;;jah
1986-02-08;0,98;66;;jah
1986-02-09;0,97;61;;jah
1986-02-10;0,96;58;;jah
1986-02-11;0,94;58;;jah
1986-02-12;0,92;58;;jah
1986-02-13;0,9;58;;jah
1986-02-14;0,89;57;;jah
1986-02-15;0,84;56;;jah
1986-02-16;0,92;60;;jah
1986-02-17;0,91;60;;jah
1986-02-18;0,87;60;;jah
1986-02-19;0,86;61;;jah
1986-02-20;0,8;61;;jah
1986-02-21;0,79;64;;jah
1986-02-22;0,68;64;;jah
1986-02-23;0,65;66;;jah
1986-02-24;0,57;65;;jah
1986-02-25;0,57;66;;jah
1986-02-26;0,6;68;;jah
1986-02-27;0,62;70;;jah
1986-02-28;0,64;71;;jah
1986-03-01;0,64;71;;jah
1986-03-02;0,62;70;;jah
1986-03-03;0,62;70;;jah
1986-03-04;0,62;70;;jah
1986-03-05;0,65;70;;jah
1986-03-06;0,76;72;;jah
1986-03-07;1,44;90;;jah
1986-03-08;2,66;106;;jah
1986-03-09;3,51;113;;jah
1986-03-10;2,93;98;;jah
1986-03-11;2,09;77;;jah
1986-03-12;1,61;64;;jah
1986-03-13;1,25;54;;jah
1986-03-14;1,2;52;;jah
1986-03-15;1,23;52;;jah
1986-03-16;1,26;52;;jah
1986-03-17;1,34;53;;jah
1986-03-18;1,61;58;;jah
1986-03-19;2,22;69;;jah
1986-03-20;3,01;81;;jah
1986-03-21;4;96;;jah
1986-03-22;4,67;106;;jah
1986-03-23;4,94;110;;jah
1986-03-24;4,94;110;;jah
1986-03-25;4,94;110;;jah
1986-03-26;5,45;117;;jah
1986-03-27;7,11;138;;jah
1986-03-28;13,1;196;;jah
1986-03-29;19,1;230;;jah
1986-03-30;15;210;;jah
1986-03-31;10,2;171;;jah
1986-04-01;7,8;146;;jah
1986-04-02;9,54;164;;jah
1986-04-03;7,99;148;;jah
1986-04-04;6,62;132;;jah
1986-04-05;5,6;119;;jah
1986-04-06;4,67;106;;jah
1986-04-07;4,13;98;;jah
1986-04-08;3,86;94;;jah
1986-04-09;3,73;92;;jah
1986-04-10;3,67;91;;jah
1986-04-11;3,08;82;;jah
1986-04-12;2,52;72;;jah
1986-04-13;2,34;69;;jah
1986-04-14;2,18;66;;jah
1986-04-15;2,23;67;;jah
1986-04-16;2,34;69;;jah
1986-04-17;2,23;67;;jah
1986-04-18;2,18;66;;jah
1986-04-19;2,63;74;;jah
1986-04-20;3,86;94;;jah
1986-04-21;6,22;127;;jah
1986-04-22;7,71;145;;jah
1986-04-23;5,83;122;;jah
1986-04-24;5,38;116;;jah
1986-04-25;5,45;117;;jah
1986-04-26;5,53;118;;jah
1986-04-27;4,94;110;;jah
1986-04-28;4,27;100;;jah
1986-04-29;3,73;92;;jah
1986-04-30;3,27;85;;jah
1986-05-01;2,85;78;;jah
1986-05-02;2,63;74;;jah
1986-05-03;2,46;71;;jah
1986-05-04;2,29;68;;jah
1986-05-05;2,18;66;;jah
1986-05-06;1,96;62;;jah
1986-05-07;1,85;60;;jah
1986-05-08;1,7;57;;jah
1986-05-09;1,65;56;;jah
1986-05-10;1,54;54;;jah
1986-05-11;2,18;66;;jah
1986-05-12;2,07;64;;jah
1986-05-13;2,69;75;;jah
1986-05-14;2,18;66;;jah
1986-05-15;2,29;68;;jah
1986-05-16;3,21;84;;jah
1986-05-17;3,34;86;;jah
1986-05-18;2,63;74;;jah
1986-05-19;2,07;64;;jah
1986-05-20;1,85;60;;jah
1986-05-21;1,65;56;;jah
1986-05-22;1,54;54;;jah
1986-05-23;1,23;48;;jah
1986-05-24;1,19;47;;jah
1986-05-25;1,23;48;;jah
1986-05-26;1,32;50;;jah
1986-05-27;1,23;48;;jah
1986-05-28;1,19;48;;jah
1986-05-29;1,27;50;;jah
1986-05-30;1,17;48;;jah
1986-05-31;1,06;46;;jah
1986-06-01;0,97;44;;jah
1986-06-02;0,96;44;;jah
1986-06-03;0,94;44;;jah
1986-06-04;0,92;44;;jah
1986-06-05;0,87;43;;jah
1986-06-06;0,81;42;;jah
1986-06-07;0,76;41;;jah
1986-06-08;1,01;48;;jah
1986-06-09;0,85;44;;jah
1986-06-10;0,76;42;;jah
1986-06-11;0,66;40;;jah
1986-06-12;0,62;39;;jah
1986-06-13;0,59;38;;jah
1986-06-14;0,58;38;;jah
1986-06-15;0,54;37;;jah
1986-06-16;0,53;37;;jah
1986-06-17;0,52;37;;jah
1986-06-18;0,51;37;;jah
1986-06-19;0,5;37;;jah
1986-06-20;0,49;37;;jah
1986-06-21;0,56;40;;jah
1986-06-22;0,54;40;;jah
1986-06-23;0,5;39;;jah
1986-06-24;0,47;38;;jah
1986-06-25;0,43;37;;jah
1986-06-26;0,4;36;;jah
1986-06-27;0,36;35;;jah
1986-06-28;0,38;36;;jah
1986-06-29;0,57;44;;jah
1986-06-30;0,48;41;;jah
1986-07-01;0,4;38;;jah
1986-07-02;0,35;36;;jah
1986-07-03;0,35;36;;jah
1986-07-04;0,33;35;;jah
1986-07-05;0,36;36;;jah
1986-07-06;0,37;36;;jah
1986-07-07;1,09;63;;jah
1986-07-08;1,28;68;;jah
1986-07-09;0,97;56;;jah
1986-07-10;0,76;48;;jah
1986-07-11;0,85;58;;jah
1986-07-12;3,68;115;;jah
1986-07-13;6,75;158;;jah
1986-07-14;17,7;234;;jah
1986-07-15;15,8;232;;jah
1986-07-16;11,5;209;;jah
1986-07-17;6,59;154;;jah
1986-07-18;3,86;112;;jah
1986-07-19;2,47;86;;jah
1986-07-20;1,75;70;;jah
1986-07-21;1,39;62;;jah
1986-07-22;1,22;58;;jah
1986-07-23;1,06;54;;jah
1986-07-24;0,97;52;;jah
1986-07-25;0,81;48;;jah
1986-07-26;0,79;47;;jah
1986-07-27;0,77;47;;jah
1986-07-28;0,74;46;;jah
1986-07-29;0,67;44;;jah
1986-07-30;0,67;44;;jah
1986-07-31;0,6;42;;jah
1986-08-01;0,66;44;;jah
1986-08-02;0,65;44;;jah
1986-08-03;0,65;44;;jah
1986-08-04;0,61;43;;jah
1986-08-05;0,58;42;;jah
1986-08-06;0,71;47;;jah
1986-08-07;0,63;44;;jah
1986-08-08;0,56;42;;jah
1986-08-09;0,56;42;;jah
1986-08-10;0,59;43;;jah
1986-08-11;0,62;44;;jah
1986-08-12;0,68;46;;jah
1986-08-13;0,68;46;;jah
1986-08-14;0,7;46;;jah
1986-08-15;1,29;65;;jah
1986-08-16;1,36;67;;jah
1986-08-17;1,1;59;;jah
1986-08-18;1,07;58;;jah
1986-08-19;1,01;56;;jah
1986-08-20;1,01;56;;jah
1986-08-21;0,94;54;;jah
1986-08-22;0,87;52;;jah
1986-08-23;0,87;52;;jah
1986-08-24;1,46;70;;jah
1986-08-25;2,16;90;;jah
1986-08-26;1,93;84;;jah
1986-08-27;1,71;78;;jah
1986-08-28;1,29;66;;jah
1986-08-29;1,29;66;;jah
1986-08-30;1,79;82;;jah
1986-08-31;1,75;81;;jah
1986-09-01;1,44;72;;jah
1986-09-02;1,28;68;;jah
1986-09-03;1,14;64;;jah
1986-09-04;2,39;78;;jah
1986-09-05;6,19;147;;jah
1986-09-06;10,4;197;;jah
1986-09-07;9,08;184;;jah
1986-09-08;6,62;154;;jah
1986-09-09;7,77;169;;jah
1986-09-10;7,93;171;;jah
1986-09-11;6,5;152;;jah
1986-09-12;4,86;124;;jah
1986-09-13;3,97;108;;jah
1986-09-14;3,74;104;;jah
1986-09-15;3,31;96;;jah
1986-09-16;3,02;90;;jah
1986-09-17;2,67;84;;jah
1986-09-18;2,3;76;;jah
1986-09-19;2,1;72;;jah
1986-09-20;2,1;72;;jah
1986-09-21;2,1;72;;jah
1986-09-22;2,63;83;;jah
1986-09-23;4,86;124;;jah
1986-09-24;5,52;136;;jah
1986-09-25;4,19;112;;jah
1986-09-26;3,52;100;;jah
1986-09-27;3,02;90;;jah
1986-09-28;2,63;83;;jah
1986-09-29;2,49;80;;jah
1986-09-30;2,72;85;;jah
1986-10-01;2,58;82;;jah
1986-10-02;2,35;77;;jah
1986-10-03;2,15;73;;jah
1986-10-04;1,96;69;;jah
1986-10-05;1,84;66;;jah
1986-10-06;1,69;63;;jah
1986-10-07;1,76;64;;jah
1986-10-08;1,76;64;;jah
1986-10-09;1,76;64;;jah
1986-10-10;1,76;64;;jah
1986-10-11;1,82;65;;jah
1986-10-12;2,06;70;;jah
1986-10-13;1,97;68;;jah
1986-10-14;1,87;66;;jah
1986-10-15;1,8;64;;jah
1986-10-16;1,71;62;;jah
1986-10-17;1,71;62;;jah
1986-10-18;1,61;60;;jah
1986-10-19;1,52;58;;jah
1986-10-20;1,5;57;;jah
1986-10-21;1,54;58;;jah
1986-10-22;1,96;67;;jah
1986-10-23;2,37;75;;jah
1986-10-24;2,29;73;;jah
1986-10-25;2,24;72;;jah
1986-10-26;2,08;69;;jah
1986-10-27;1,84;64;;jah
1986-10-28;1,74;62;;jah
1986-10-29;1,69;61;;jah
1986-10-30;1,69;61;;jah
1986-10-31;1,71;61;;jah
1986-11-01;1,71;61;;jah
1986-11-02;1,76;62;;jah
1986-11-03;2,56;78;;jah
1986-11-04;2,47;76;;jah
1986-11-05;2,24;71;;jah
1986-11-06;2,13;69;;jah
1986-11-07;2,08;68;;jah
1986-11-08;2,01;66;;jah
1986-11-09;2,11;68;;jah
1986-11-10;2,32;72;;jah
1986-11-11;2,23;70;;jah
1986-11-12;2,03;66;;jah
1986-11-13;2,05;66;;jah
1986-11-14;1,84;62;;jah
1986-11-15;1,74;60;;jah
1986-11-16;1,66;58;;jah
1986-11-17;1,66;58;;jah
1986-11-18;1,66;58;;jah
1986-11-19;1,78;60;;jah
1986-11-20;1,82;61;;jah
1986-11-21;1,78;60;;jah
1986-11-22;1,78;60;;jah
1986-11-23;1,75;59;;jah
1986-11-24;1,7;58;;jah
1986-11-25;1,9;62;;jah
1986-11-26;2,22;68;;jah
1986-11-27;2,22;68;;jah
1986-11-28;2,01;64;;jah
1986-11-29;1,9;62;;jah
1986-11-30;1,8;60;;jah
1986-12-01;1,75;59;;jah
1986-12-02;1,9;62;;jah
1986-12-03;2,22;68;;jah
1986-12-04;3,88;96;;jah
1986-12-05;5,07;114;;jah
1986-12-06;5,22;116;;jah
1986-12-07;6,27;130;;jah
1986-12-08;5,8;134;;jah
1986-12-09;5,4;118;;jah
1986-12-10;4,95;91;;jah
1986-12-11;4,6;76;;jah
1986-12-12;4,3;70;;jah
1986-12-13;3,9;68;;jah
1986-12-14;3,6;66;;jah
1986-12-15;3,3;67;;jah
1986-12-16;2,9;86;;jah
1986-12-17;2,69;87;;jah
1986-12-18;2,24;80;;jah
1986-12-19;1,8;71;;jah
1986-12-20;1,53;66;;jah
1986-12-21;1,33;62;;jah
1986-12-22;1,25;61;;jah
1986-12-23;1,17;60;;jah
1986-12-24;1,05;58;;jah
1986-12-25;0,97;57;;jah
1986-12-26;0,99;59;;jah
1986-12-27;0,96;60;;jah
1986-12-28;0,94;60;;jah
1986-12-29;0,91;60;;jah
1986-12-30;0,89;60;;jah
1986-12-31;0,87;60;;jah
1987-01-01;0,85;60;;jah
1987-01-02;0,83;60;;jah
1987-01-03;0,81;60;;jah
1987-01-04;0,8;60;;jah
1987-01-05;0,74;59;;jah
1987-01-06;0,76;59;;jah
1987-01-07;0,72;60;;jah
1987-01-08;0,68;60;;jah
1987-01-09;0,54;54;;jah
1987-01-10;0,59;59;;jah
1987-01-11;0,68;66;;jah
1987-01-12;0,68;69;;jah
1987-01-13;0,68;72;;jah
1987-01-14;0,68;75;;jah
1987-01-15;0,7;75;;jah
1987-01-16;0,71;76;;jah
1987-01-17;0,83;78;;jah
1987-01-18;0,93;81;;jah
1987-01-19;1,36;98;;jah
1987-01-20;1,4;98;;jah
1987-01-21;1,31;94;;jah
1987-01-22;1,28;92;;jah
1987-01-23;1,2;89;;jah
1987-01-24;1,11;85;;jah
1987-01-25;1,07;83;;jah
1987-01-26;1,07;83;;jah
1987-01-27;1,02;81;;jah
1987-01-28;0,93;77;;jah
1987-01-29;0,93;76;;jah
1987-01-30;0,93;76;;jah
1987-01-31;0,93;76;;jah
1987-02-01;0,93;76;;jah
1987-02-02;0,93;76;;jah
1987-02-03;0,91;75;;jah
1987-02-04;0,92;75;;jah
1987-02-05;0,92;75;;jah
1987-02-06;1,05;81;;jah
1987-02-07;1,58;103;;jah
1987-02-08;1,66;105;;jah
1987-02-09;1,58;102;;jah
1987-02-10;1,49;99;;jah
1987-02-11;1,3;90;;jah
1987-02-12;1,22;87;;jah
1987-02-13;1,16;83;;jah
1987-02-14;1,14;82;;jah
1987-02-15;1,14;76;;jah
1987-02-16;1,14;70;;jah
1987-02-17;1,14;64;;jah
1987-02-18;1,14;57;;jah
1987-02-19;1,14;52;;jah
1987-02-20;1,02;49;;jah
1987-02-21;0,99;47;;jah
1987-02-22;0,96;47;;jah
1987-02-23;1,26;59;;jah
1987-02-24;1,18;74;;jah
1987-02-25;1,05;68;;jah
1987-02-26;1,01;64;;jah
1987-02-27;0,97;61;;jah
1987-02-28;0,93;58;;jah
1987-03-01;0,88;55;;jah
1987-03-02;0,91;55;;jah
1987-03-03;0,86;53;;jah
1987-03-04;0,81;51;;jah
1987-03-05;0,84;51;;jah
1987-03-06;0,86;51;;jah
1987-03-07;0,83;51;;jah
1987-03-08;0,88;53;;jah
1987-03-09;0,89;54;;jah
1987-03-10;0,88;54;;jah
1987-03-11;0,91;56;;jah
1987-03-12;0,89;56;;jah
1987-03-13;0,89;58;;jah
1987-03-14;0,91;60;;jah
1987-03-15;0,89;60;;jah
1987-03-16;0,89;61;;jah
1987-03-17;0,89;61;;jah
1987-03-18;0,92;52;;jah
1987-03-19;0,92;62;;jah
1987-03-20;0,94;63;;jah
1987-03-21;0,83;57;;jah
1987-03-22;0,84;56;;jah
1987-03-23;0,75;51;;jah
1987-03-24;0,75;50;;jah
1987-03-25;0,64;44;;jah
1987-03-26;0,75;45;;jah
1987-03-27;0,67;42;;jah
1987-03-28;0,85;44;;jah
1987-03-29;2,39;75;;jah
1987-03-30;5,74;124;;jah
1987-03-31;7,66;147;;jah
1987-04-01;8,76;156;;jah
1987-04-02;8,26;150;;jah
1987-04-03;7,57;139;;jah
1987-04-04;8,31;147;;jah
1987-04-05;8,31;147;;jah
1987-04-06;8,7;151;;jah
1987-04-07;8,5;149;;jah
1987-04-08;6,63;128;;jah
1987-04-09;4,82;105;;jah
1987-04-10;3,87;91;;jah
1987-04-11;3,63;88;;jah
1987-04-12;3,87;91;;jah
1987-04-13;4,35;98;;jah
1987-04-14;5,06;108;;jah
1987-04-15;5,3;111;;jah
1987-04-16;5,68;116;;jah
1987-04-17;6,8;130;;jah
1987-04-18;7,14;134;;jah
1987-04-19;5,99;120;;jah
1987-04-20;4,63;102;;jah
1987-04-21;3,71;89;;jah
1987-04-22;3,32;84;;jah
1987-04-23;3,1;81;;jah
1987-04-24;3,56;87;;jah
1987-04-25;4,76;104;;jah
1987-04-26;5,3;111;;jah
1987-04-27;4,42;99;;jah
1987-04-28;3,95;92;;jah
1987-04-29;3,87;91;;jah
1987-04-30;4,2;96;;jah
1987-05-01;4,5;100;;jah
1987-05-02;4,27;97;;jah
1987-05-03;3,87;91;;jah
1987-05-04;3,17;82;;jah
1987-05-05;2,89;78;;jah
1987-05-06;3,56;87;;jah
1987-05-07;4,42;99;;jah
1987-05-08;3,56;87;;jah
1987-05-09;2,89;78;;jah
1987-05-10;2,52;72;;jah
1987-05-11;3,4;85;;jah
1987-05-12;4,98;107;;jah
1987-05-13;4,76;104;;jah
1987-05-14;3,71;89;;jah
1987-05-15;4,1;94;;jah
1987-05-16;3,71;89;;jah
1987-05-17;2,76;76;;jah
1987-05-18;2,82;77;;jah
1987-05-19;2,76;76;;jah
1987-05-20;2,4;70;;jah
1987-05-21;2,29;68;;jah
1987-05-22;3,95;92;;jah
1987-05-23;5,01;111;;jah
1987-05-24;4,13;98;;jah
1987-05-25;2,57;73;;jah
1987-05-26;2,18;66;;jah
1987-05-27;1,9;61;;jah
1987-05-28;1,75;58;;jah
1987-05-29;1,6;55;;jah
1987-05-30;1,43;52;;jah
1987-05-31;1,32;50;;jah
1987-06-01;1,23;48;;jah
1987-06-02;1,43;52;;jah
1987-06-03;1,54;54;;jah
1987-06-04;1,6;55;;jah
1987-06-05;1,7;57;;jah
1987-06-06;1,43;52;;jah
1987-06-07;1,38;51;;jah
1987-06-08;1,96;62;;jah
1987-06-09;1,9;61;;jah
1987-06-10;1,6;55;;jah
1987-06-11;1,43;52;;jah
1987-06-12;1,32;50;;jah
1987-06-13;1,75;58;;jah
1987-06-14;1,65;56;;jah
1987-06-15;1,38;51;;jah
1987-06-16;1,8;59;;jah
1987-06-17;2,23;67;;jah
1987-06-18;2,57;73;;jah
1987-06-19;2,85;78;;jah
1987-06-20;4,4;102;;jah
1987-06-21;3,4;87;;jah
1987-06-22;2,07;64;;jah
1987-06-23;1,7;57;;jah
1987-06-24;1,49;53;;jah
1987-06-25;1,32;50;;jah
1987-06-26;1,28;49;;jah
1987-06-27;1,13;47;;jah
1987-06-28;1,49;55;;jah
1987-06-29;1,58;58;;jah
1987-06-30;1,34;54;;jah
1987-07-01;1,05;48;;jah
1987-07-02;0,93;46;;jah
1987-07-03;0,84;44;;jah
1987-07-04;0,7;41;;jah
1987-07-05;0,65;40;;jah
1987-07-06;0,58;38;;jah
1987-07-07;0,54;37;;jah
1987-07-08;0,53;37;;jah
1987-07-09;0,5;36;;jah
1987-07-10;0,5;36;;jah
1987-07-11;0,53;37;;jah
1987-07-12;0,6;40;;jah
1987-07-13;0,63;41;;jah
1987-07-14;0,6;40;;jah
1987-07-15;0,74;44;;jah
1987-07-16;0,72;44;;jah
1987-07-17;0,65;42;;jah
1987-07-18;0,61;41;;jah
1987-07-19;0,54;39;;jah
1987-07-20;0,52;38;;jah
1987-07-21;0,48;37;;jah
1987-07-22;0,46;36;;jah
1987-07-23;0,45;36;;jah
1987-07-24;0,42;35;;jah
1987-07-25;0,47;37;;jah
1987-07-26;0,61;42;;jah
1987-07-27;0,54;40;;jah
1987-07-28;0,56;41;;jah
1987-07-29;0,58;42;;jah
1987-07-30;0,62;44;;jah
1987-07-31;0,61;44;;jah
1987-08-01;0,73;49;;jah
1987-08-02;0,79;52;;jah
1987-08-03;0,71;50;;jah
1987-08-04;0,64;47;;jah
1987-08-05;0,58;45;;jah
1987-08-06;0,74;44;;jah
1987-08-07;1,9;69;;jah
1987-08-08;7,04;168;;jah
1987-08-09;21,1;250;;jah
1987-08-10;15,4;233;;jah
1987-08-11;9,9;190;;jah
1987-08-12;6,69;152;;jah
1987-08-13;5,44;134;;jah
1987-08-14;4,17;113;;jah
1987-08-15;3,27;97;;jah
1987-08-16;4,9;125;;jah
1987-08-17;8,32;174;;jah
1987-08-18;8,08;171;;jah
1987-08-19;5,14;129;;jah
1987-08-20;3,23;96;;jah
1987-08-21;2,26;79;;jah
1987-08-22;1,88;72;;jah
1987-08-23;1,62;67;;jah
1987-08-24;1,38;62;;jah
1987-08-25;1,3;60;;jah
1987-08-26;1,3;60;;jah
1987-08-27;1,18;58;;jah
1987-08-28;1,06;56;;jah
1987-08-29;2,13;77;;jah
1987-08-30;6,2;145;;jah
1987-08-31;8,4;175;;jah
1987-09-01;5,56;136;;jah
1987-09-02;3,34;101;;jah
1987-09-03;2,62;87;;jah
1987-09-04;2,93;93;;jah
1987-09-05;2,72;89;;jah
1987-09-06;2,23;79;;jah
1987-09-07;1,95;73;;jah
1987-09-08;2,17;78;;jah
1987-09-09;2,39;83;;jah
1987-09-10;2,39;83;;jah
1987-09-11;2,24;80;;jah
1987-09-12;2,29;81;;jah
1987-09-13;2,52;85;;jah
1987-09-14;2,97;94;;jah
1987-09-15;3,22;98;;jah
1987-09-16;4,95;127;;jah
1987-09-17;5,55;137;;jah
1987-09-18;4,13;114;;jah
1987-09-19;3,05;94;;jah
1987-09-20;2,69;87;;jah
1987-09-21;2,43;82;;jah
1987-09-22;2,25;78;;jah
1987-09-23;2,79;89;;jah
1987-09-24;3,43;101;;jah
1987-09-25;3,63;105;;jah
1987-09-26;4,02;113;;jah
1987-09-27;4,37;119;;jah
1987-09-28;3,86;111;;jah
1987-09-29;3,23;99;;jah
1987-09-30;2,89;93;;jah
1987-10-01;2,55;87;;jah
1987-10-02;2,26;81;;jah
1987-10-03;2,11;78;;jah
1987-10-04;1,96;75;;jah
1987-10-05;1,81;72;;jah
1987-10-06;1,73;70;;jah
1987-10-07;1,65;68;;jah
1987-10-08;1,65;68;;jah
1987-10-09;1,65;68;;jah
1987-10-10;1,65;68;;jah
1987-10-11;1,65;68;;jah
1987-10-12;1,53;65;;jah
1987-10-13;1,45;63;;jah
1987-10-14;1,33;60;;jah
1987-10-15;1,3;59;;jah
1987-10-16;1,37;61;;jah
1987-10-17;1,37;61;;jah
1987-10-18;1,33;60;;jah
1987-10-19;1,22;57;;jah
1987-10-20;1,19;56;;jah
1987-10-21;1,15;55;;jah
1987-10-22;1,15;55;;jah
1987-10-23;1,15;55;;jah
1987-10-24;1,07;53;;jah
1987-10-25;1,07;53;;jah
1987-10-26;1,11;54;;jah
1987-10-27;1,11;54;;jah
1987-10-28;1,11;54;;jah
1987-10-29;1,07;53;;jah
1987-10-30;1,03;52;;jah
1987-10-31;0,92;49;;jah
1987-11-01;0,82;46;;jah
1987-11-02;0,93;49;;jah
1987-11-03;1,04;51;;jah
1987-11-04;1,08;51;;jah
1987-11-05;1,16;53;;jah
1987-11-06;1,15;53;;jah
1987-11-07;1,19;54;;jah
1987-11-08;1,04;51;;jah
1987-11-09;1,12;54;;jah
1987-11-10;1,01;51;;jah
1987-11-11;0,84;47;;jah
1987-11-12;0,86;48;;jah
1987-11-13;0,86;48;;jah
1987-11-14;0,88;49;;jah
1987-11-15;0,97;51;;jah
1987-11-16;1,04;53;;jah
1987-11-17;1,17;56;;jah
1987-11-18;1,55;65;;jah
1987-11-19;1,76;69;;jah
1987-11-20;1,72;67;;jah
1987-11-21;1,7;65;;jah
1987-11-22;1,61;62;;jah
1987-11-23;1,47;58;;jah
1987-11-24;1,67;62;;jah
1987-11-25;2,19;72;;jah
1987-11-26;2,51;78;;jah
1987-11-27;2,39;75;;jah
1987-11-28;3,04;86;;jah
1987-11-29;3,53;93;;jah
1987-11-30;3,53;93;;jah
1987-12-01;3,53;93;;jah
1987-12-02;3,2;87;;jah
1987-12-03;2,62;77;;jah
1987-12-04;2,31;71;;jah
1987-12-05;2,2;69;;jah
1987-12-06;2,1;67;;jah
1987-12-07;1,95;64;;jah
1987-12-08;1,76;62;;jah
1987-12-09;1,69;75;;jah
1987-12-10;1,74;80;;jah
1987-12-11;1,48;80;;jah
1987-12-12;1,36;80;;jah
1987-12-13;1,17;75;;jah
1987-12-14;0,78;60;;jah
1987-12-15;0,98;69;;jah
1987-12-16;1,24;80;;jah
1987-12-17;1,18;75;;jah
1987-12-18;1,08;70;;jah
1987-12-19;1;66;;jah
1987-12-20;0,86;58;;jah
1987-12-21;0,8;54;;jah
1987-12-22;0,83;54;;jah
1987-12-23;0,86;66;;jah
1987-12-24;0,93;69;;jah
1987-12-25;0,98;63;;jah
1987-12-26;1,04;56;;jah
1987-12-27;1,11;57;;jah
1987-12-28;1,24;60;;jah
1987-12-29;1,31;61;;jah
1987-12-30;1,47;64;;jah
1987-12-31;2,38;84;;jah
1988-01-01;2,86;91;;jah
1988-01-02;3,02;90;;jah
1988-01-03;2,63;80;;jah
1988-01-04;4,34;106;;jah
1988-01-05;5,86;124;;jah
1988-01-06;5,16;113;;jah
1988-01-07;3,71;91;;jah
1988-01-08;2,82;77;;jah
1988-01-09;2,55;72;;jah
1988-01-10;2,4;70;;jah
1988-01-11;2,23;67;;jah
1988-01-12;2,18;66;;jah
1988-01-13;2,16;66;;jah
1988-01-14;2,05;64;;jah
1988-01-15;1,99;63;;jah
1988-01-16;2,24;68;;jah
1988-01-17;1,92;62;;jah
1988-01-18;1,84;61;;jah
1988-01-19;1,65;57;;jah
1988-01-20;1,68;58;;jah
1988-01-21;1,61;64;;jah
1988-01-22;1,68;79;;jah
1988-01-23;1,04;88;;jah
1988-01-24;1,12;90;;jah
1988-01-25;1,08;90;;jah
1988-01-26;0,94;83;;jah
1988-01-27;0,86;77;;jah
1988-01-28;0,75;69;;jah
1988-01-29;0,65;62;;jah
1988-01-30;0,56;55;;jah
1988-01-31;0,5;51;;jah
1988-02-01;0,54;52;;jah
1988-02-02;0,64;55;;jah
1988-02-03;0,68;56;;jah
1988-02-04;0,75;58;;jah
1988-02-05;0,91;64;;jah
1988-02-06;1,05;69;;jah
1988-02-07;1,24;74;;jah
1988-02-08;1,26;73;;jah
1988-02-09;1,26;72;;jah
1988-02-10;1,14;67;;jah
1988-02-11;1,1;64;;jah
1988-02-12;0,89;56;;jah
1988-02-13;0,73;50;;jah
1988-02-14;0,59;44;;jah
1988-02-15;0,6;44;;jah
1988-02-16;0,62;44;;jah
1988-02-17;0,63;44;;jah
1988-02-18;0,64;46;;jah
1988-02-19;0,66;55;;jah
1988-02-20;0,67;65;;jah
1988-02-21;0,69;63;;jah
1988-02-22;0,67;53;;jah
1988-02-23;0,68;47;;jah
1988-02-24;0,7;43;;jah
1988-02-25;0,64;41;;jah
1988-02-26;0,66;41;;jah
1988-02-27;0,67;41;;jah
1988-02-28;0,68;41;;jah
1988-02-29;0,69;41;;jah
1988-03-01;0,8;43;;jah
1988-03-02;0,75;41;;jah
1988-03-03;0,73;40;;jah
1988-03-04;0,72;39;;jah
1988-03-05;0,75;39;;jah
1988-03-06;0,73;38;;jah
1988-03-07;0,78;38;;jah
1988-03-08;0,77;38;;jah
1988-03-09;0,77;38;;jah
1988-03-10;0,77;38;;jah
1988-03-11;0,77;38;;jah
1988-03-12;0,77;38;;jah
1988-03-13;0,77;38;;jah
1988-03-14;0,81;39;;jah
1988-03-15;0,85;40;;jah
1988-03-16;1;43;;jah
1988-03-17;0,81;39;;jah
1988-03-18;0,81;39;;jah
1988-03-19;0,81;39;;jah
1988-03-20;0,81;39;;jah
1988-03-21;0,81;39;;jah
1988-03-22;0,81;39;;jah
1988-03-23;0,81;39;;jah
1988-03-24;0,85;40;;jah
1988-03-25;1,05;44;;jah
1988-03-26;1,75;58;;jah
1988-03-27;2,74;76;;jah
1988-03-28;3,4;87;;jah
1988-03-29;4,87;109;;jah
1988-03-30;6,69;133;;jah
1988-03-31;6,3;128;;jah
1988-04-01;7,71;145;;jah
1988-04-02;12,3;189;;jah
1988-04-03;13,6;200;;jah
1988-04-04;11,1;179;;jah
1988-04-05;9,5;162;;jah
1988-04-06;8,55;150;;jah
1988-04-07;7,12;133;;jah
1988-04-08;6,47;125;;jah
1988-04-09;6,55;126;;jah
1988-04-10;5,7;115;;jah
1988-04-11;4,07;93;;jah
1988-04-12;3,61;86;;jah
1988-04-13;3,61;86;;jah
1988-04-14;3,49;84;;jah
1988-04-15;3,09;78;;jah
1988-04-16;3,03;77;;jah
1988-04-17;3,16;79;;jah
1988-04-18;3,29;81;;jah
1988-04-19;3,42;83;;jah
1988-04-20;3,09;78;;jah
1988-04-21;2,96;76;;jah
1988-04-22;2,9;75;;jah
1988-04-23;2,9;75;;jah
1988-04-24;2,72;72;;jah
1988-04-25;2,52;69;;jah
1988-04-26;2,52;69;;jah
1988-04-27;2,45;68;;jah
1988-04-28;2,6;70;;jah
1988-04-29;3,71;88;;jah
1988-04-30;6,39;124;;jah
1988-05-01;10,6;171;;jah
1988-05-02;11;174;;jah
1988-05-03;8,12;145;;jah
1988-05-04;6,24;122;;jah
1988-05-05;5,23;114;;jah
1988-05-06;4,6;105;;jah
1988-05-07;4;96;;jah
1988-05-08;3,67;91;;jah
1988-05-09;3,14;83;;jah
1988-05-10;2,69;75;;jah
1988-05-11;2,29;68;;jah
1988-05-12;2,07;64;;jah
1988-05-13;1,85;60;;jah
1988-05-14;1,7;57;;jah
1988-05-15;1,6;55;;jah
1988-05-16;1,49;53;;jah
1988-05-17;1,32;50;;jah
1988-05-18;1,23;48;;jah
1988-05-19;1,28;49;;jah
1988-05-20;1,28;49;;jah
1988-05-21;1,14;46;;jah
1988-05-22;1,1;45;;jah
1988-05-23;1;43;;jah
1988-05-24;1,85;60;;jah
1988-05-25;1,75;58;;jah
1988-05-26;1,22;48;;jah
1988-05-27;1,08;45;;jah
1988-05-28;0,92;42;;jah
1988-05-29;0,82;40;;jah
1988-05-30;0,74;38;;jah
1988-05-31;0,86;41;;jah
1988-06-01;1,24;50;;jah
1988-06-02;1,49;55;;jah
1988-06-03;1,05;46;;jah
1988-06-04;0,92;43;;jah
1988-06-05;0,82;41;;jah
1988-06-06;0,69;38;;jah
1988-06-07;1,17;50;;jah
1988-06-08;1,26;52;;jah
1988-06-09;0,97;45;;jah
1988-06-10;0,78;41;;jah
1988-06-11;0,7;39;;jah
1988-06-12;0,66;38;;jah
1988-06-13;0,62;37;;jah
1988-06-14;0,61;37;;jah
1988-06-15;0,57;36;;jah
1988-06-16;0,57;36;;jah
1988-06-17;0,54;35;;jah
1988-06-18;0,65;38;;jah
1988-06-19;0,81;42;;jah
1988-06-20;0,77;41;;jah
1988-06-21;1,51;58;;jah
1988-06-22;1,63;61;;jah
1988-06-23;1,09;49;;jah
1988-06-24;0,95;46;;jah
1988-06-25;0,85;44;;jah
1988-06-26;0,75;42;;jah
1988-06-27;0,65;40;;jah
1988-06-28;0,55;37;;jah
1988-06-29;0,54;37;;jah
1988-06-30;0,53;37;;jah
1988-07-01;0,49;36;;jah
1988-07-02;0,48;36;;jah
1988-07-03;0,46;36;;jah
1988-07-04;0,48;37;;jah
1988-07-05;0,5;38;;jah
1988-07-06;0,43;36;;jah
1988-07-07;0,4;35;;jah
1988-07-08;0,44;37;;jah
1988-07-09;0,43;37;;jah
1988-07-10;0,4;36;;jah
1988-07-11;0,39;36;;jah
1988-07-12;0,38;36;;jah
1988-07-13;0,35;35;;jah
1988-07-14;0,34;35;;jah
1988-07-15;0,35;36;;jah
1988-07-16;0,39;38;;jah
1988-07-17;0,38;38;;jah
1988-07-18;0,41;40;;jah
1988-07-19;0,62;50;;jah
1988-07-20;0,55;48;;jah
1988-07-21;0,42;42;;jah
1988-07-22;0,47;45;;jah
1988-07-23;0,5;47;;jah
1988-07-24;0,59;52;;jah
1988-07-25;0,53;50;;jah
1988-07-26;0,43;45;;jah
1988-07-27;0,38;43;;jah
1988-07-28;0,34;41;;jah
1988-07-29;0,73;62;;jah
1988-07-30;0,83;67;;jah
1988-07-31;0,71;62;;jah
1988-08-01;0,59;56;;jah
1988-08-02;0,55;54;;jah
1988-08-03;0,55;54;;jah
1988-08-04;0,52;53;;jah
1988-08-05;0,52;53;;jah
1988-08-06;0,58;56;;jah
1988-08-07;0,86;71;;jah
1988-08-08;0,84;70;;jah
1988-08-09;0,7;63;;jah
1988-08-10;0,72;64;;jah
1988-08-11;0,74;65;;jah
1988-08-12;0,72;64;;jah
1988-08-13;0,69;62;;jah
1988-08-14;0,84;70;;jah
1988-08-15;0,82;68;;jah
1988-08-16;0,76;65;;jah
1988-08-17;0,65;59;;jah
1988-08-18;0,65;59;;jah
1988-08-19;0,63;57;;jah
1988-08-20;0,61;55;;jah
1988-08-21;0,6;54;;jah
1988-08-22;0,55;51;;jah
1988-08-23;0,7;57;;jah
1988-08-24;1,2;77;;jah
1988-08-25;1,8;90;;jah
1988-08-26;3,01;110;;jah
1988-08-27;4,12;131;;jah
1988-08-28;2,94;105;;jah
1988-08-29;2,64;96;;jah
1988-08-30;2,17;83;;jah
1988-08-31;3,08;101;;jah
1988-09-01;5,97;150;;jah
1988-09-02;7,14;168;;jah
1988-09-03;5,47;145;;jah
1988-09-04;3,13;103;;jah
1988-09-05;2,74;94;;jah
1988-09-06;3,17;101;;jah
1988-09-07;2,55;87;;jah
1988-09-08;2,09;77;;jah
1988-09-09;1,8;70;;jah
1988-09-10;1,61;65;;jah
1988-09-11;1,44;61;;jah
1988-09-12;1,49;62;;jah
1988-09-13;1,87;71;;jah
1988-09-14;1,78;69;;jah
1988-09-15;1,66;66;;jah
1988-09-16;1,57;64;;jah
1988-09-17;1,63;65;;jah
1988-09-18;1,63;65;;jah
1988-09-19;1,51;62;;jah
1988-09-20;1,65;65;;jah
1988-09-21;1,65;65;;jah
1988-09-22;1,4;59;;jah
1988-09-23;1,29;56;;jah
1988-09-24;1,29;56;;jah
1988-09-25;1,55;62;;jah
1988-09-26;1,64;64;;jah
1988-09-27;1,64;64;;jah
1988-09-28;1,61;63;;jah
1988-09-29;1,48;60;;jah
1988-09-30;1,48;60;;jah
1988-10-01;1,4;58;;jah
1988-10-02;1,4;58;;jah
1988-10-03;1,32;56;;jah
1988-10-04;1,23;54;;jah
1988-10-05;1,19;53;;jah
1988-10-06;1,19;53;;jah
1988-10-07;1,06;50;;jah
1988-10-08;1,12;51;;jah
1988-10-09;1,3;55;;jah
1988-10-10;1,39;57;;jah
1988-10-11;1,39;57;;jah
1988-10-12;1,31;55;;jah
1988-10-13;1,19;52;;jah
1988-10-14;1,16;51;;jah
1988-10-15;1,11;50;;jah
1988-10-16;1,08;49;;jah
1988-10-17;1,09;49;;jah
1988-10-18;1,1;49;;jah
1988-10-19;1,06;48;;jah
1988-10-20;1,02;47;;jah
1988-10-21;0,98;46;;jah
1988-10-22;0,98;46;;jah
1988-10-23;1,02;47;;jah
1988-10-24;1,06;48;;jah
1988-10-25;1,02;47;;jah
1988-10-26;0,95;45;;jah
1988-10-27;0,98;46;;jah
1988-10-28;1,23;52;;jah
1988-10-29;1,23;52;;jah
1988-10-30;1,28;53;;jah
1988-10-31;1,14;50;;jah
1988-11-01;1,07;48;;jah
1988-11-02;1,08;48;;jah
1988-11-03;1;46;;jah
1988-11-04;1,09;48;;jah
1988-11-05;1,19;50;;jah
1988-11-06;1,4;54;;jah
1988-11-07;1,42;54;;jah
1988-11-08;1,43;54;;jah
1988-11-09;1,4;61;;jah
1988-11-10;1,36;69;;jah
1988-11-11;1,32;70;;jah
1988-11-12;1,28;57;;jah
1988-11-13;1,27;49;;jah
1988-11-14;1,49;53;;jah
1988-11-15;1,75;58;;jah
1988-11-16;1,8;59;;jah
1988-11-17;1,85;60;;jah
1988-11-18;1,85;60;;jah
1988-11-19;1,96;62;;jah
1988-11-20;1,81;74;;jah
1988-11-21;1,72;92;;jah
1988-11-22;1,66;89;;jah
1988-11-23;1,56;82;;jah
1988-11-24;1,49;74;;jah
1988-11-25;1,46;70;;jah
1988-11-26;1,4;68;;jah
1988-11-27;1,34;67;;jah
1988-11-28;1,27;65;;jah
1988-11-29;1,35;68;;jah
1988-11-30;1,33;68;;jah
1988-12-01;1,17;63;;jah
1988-12-02;1,17;63;;jah
1988-12-03;1,12;62;;jah
1988-12-04;1,06;61;;jah
1988-12-05;1,13;63;;jah
1988-12-06;1,16;64;;jah
1988-12-07;1,14;64;;jah
1988-12-08;1,14;64;;jah
1988-12-09;1,14;64;;jah
1988-12-10;1,1;62;;jah
1988-12-11;1,05;60;;jah
1988-12-12;0,99;57;;jah
1988-12-13;1,31;66;;jah
1988-12-14;1,35;66;;jah
1988-12-15;1,36;65;;jah
1988-12-16;1,31;63;;jah
1988-12-17;1,29;62;;jah
1988-12-18;1,19;59;;jah
1988-12-19;1,14;58;;jah
1988-12-20;1,06;56;;jah
1988-12-21;1,02;56;;jah
1988-12-22;1,2;62;;jah
1988-12-23;1,16;62;;jah
1988-12-24;1,17;63;;jah
1988-12-25;1,21;65;;jah
1988-12-26;1,17;65;;jah
1988-12-27;1,24;68;;jah
1988-12-28;1,24;69;;jah
1988-12-29;1,27;70;;jah
1988-12-30;1,51;77;;jah
1988-12-31;1,68;78;;jah
1989-01-01;1,6;78;;jah
1989-01-02;1,71;78;;jah
1989-01-03;2,31;87;;jah
1989-01-04;2,72;89;;jah
1989-01-05;2,97;89;;jah
1989-01-06;3,25;89;;jah
1989-01-07;3,37;88;;jah
1989-01-08;3,34;86;;jah
1989-01-09;3,22;80;;jah
1989-01-10;3,42;83;;jah
1989-01-11;3,94;91;;jah
1989-01-12;3,87;90;;jah
1989-01-13;3,42;83;;jah
1989-01-14;3,68;87;;jah
1989-01-15;4,67;102;;jah
1989-01-16;7,88;145;;jah
1989-01-17;10;168;;jah
1989-01-18;8,66;154;;jah
1989-01-19;6,89;132;;jah
1989-01-20;5,82;118;;jah
1989-01-21;5,67;116;;jah
1989-01-22;6,5;127;;jah
1989-01-23;6,5;127;;jah
1989-01-24;5,75;117;;jah
1989-01-25;4,79;104;;jah
1989-01-26;4,61;101;;jah
1989-01-27;4,88;105;;jah
1989-01-28;4,73;103;;jah
1989-01-29;4,73;103;;jah
1989-01-30;5,18;109;;jah
1989-01-31;5,6;115;;jah
1989-02-01;4,95;106;;jah
1989-02-02;4,2;95;;jah
1989-02-03;4,13;94;;jah
1989-02-04;4,61;101;;jah
1989-02-05;4,88;105;;jah
1989-02-06;5,25;110;;jah
1989-02-07;5,18;109;;jah
1989-02-08;5,46;113;;jah
1989-02-09;5,67;116;;jah
1989-02-10;4,41;98;;jah
1989-02-11;3,42;83;;jah
1989-02-12;2,92;75;;jah
1989-02-13;2,68;71;;jah
1989-02-14;2,56;69;;jah
1989-02-15;2,5;68;;jah
1989-02-16;2,21;63;;jah
1989-02-17;2,16;62;;jah
1989-02-18;2;59;;jah
1989-02-19;1,83;56;;jah
1989-02-20;2,1;61;;jah
1989-02-21;2,16;62;;jah
1989-02-22;2,05;60;;jah
1989-02-23;2,05;60;;jah
1989-02-24;2,16;62;;jah
1989-02-25;2,38;66;;jah
1989-02-26;2,74;72;;jah
1989-02-27;3,75;88;;jah
1989-02-28;4,88;105;;jah
1989-03-01;7,96;146;;jah
1989-03-02;6,97;133;;jah
1989-03-03;5,03;107;;jah
1989-03-04;4,13;94;;jah
1989-03-05;3,62;86;;jah
1989-03-06;3,56;85;;jah
1989-03-07;3,56;85;;jah
1989-03-08;3,22;80;;jah
1989-03-09;2,92;75;;jah
1989-03-10;2,74;72;;jah
1989-03-11;2,68;71;;jah
1989-03-12;2,44;67;;jah
1989-03-13;2,5;68;;jah
1989-03-14;2,5;68;;jah
1989-03-15;2,56;69;;jah
1989-03-16;2,8;73;;jah
1989-03-17;3,22;80;;jah
1989-03-18;3,04;77;;jah
1989-03-19;2,68;71;;jah
1989-03-20;2,98;76;;jah
1989-03-21;3,04;77;;jah
1989-03-22;2,74;72;;jah
1989-03-23;2,5;68;;jah
1989-03-24;2,5;68;;jah
1989-03-25;2,86;74;;jah
1989-03-26;3,1;78;;jah
1989-03-27;3,29;81;;jah
1989-03-28;2,92;75;;jah
1989-03-29;2,62;70;;jah
1989-03-30;2,5;68;;jah
1989-03-31;2,32;65;;jah
1989-04-01;2,1;61;;jah
1989-04-02;2;59;;jah
1989-04-03;1,83;56;;jah
1989-04-04;1,72;54;;jah
1989-04-05;1,56;51;;jah
1989-04-06;1,56;51;;jah
1989-04-07;1,67;53;;jah
1989-04-08;1,67;53;;jah
1989-04-09;1,83;56;;jah
1989-04-10;1,83;56;;jah
1989-04-11;1,78;55;;jah
1989-04-12;1,72;54;;jah
1989-04-13;1,67;53;;jah
1989-04-14;1,56;51;;jah
1989-04-15;1,41;48;;jah
1989-04-16;1,41;48;;jah
1989-04-17;1,37;47;;jah
1989-04-18;1,37;47;;jah
1989-04-19;1,37;47;;jah
1989-04-20;1,41;48;;jah
1989-04-21;1,61;52;;jah
1989-04-22;1,61;52;;jah
1989-04-23;1,67;53;;jah
1989-04-24;1,72;54;;jah
1989-04-25;1,46;49;;jah
1989-04-26;1,41;48;;jah
1989-04-27;1,32;46;;jah
1989-04-28;1,32;46;;jah
1989-04-29;1,19;43;;jah
1989-04-30;1,19;43;;jah
1989-05-01;1,19;43;;jah
1989-05-02;1,14;42;;jah
1989-05-03;1,1;41;;jah
1989-05-04;1,1;41;;jah
1989-05-05;1,05;40;;jah
1989-05-06;1,01;39;;jah
1989-05-07;0,91;39;;jah
1989-05-08;0,89;39;;jah
1989-05-09;0,83;38;;jah
1989-05-10;0,87;39;;jah
1989-05-11;0,85;39;;jah
1989-05-12;0,79;38;;jah
1989-05-13;0,97;42;;jah
1989-05-14;1,49;53;;jah
1989-05-15;1,18;47;;jah
1989-05-16;0,92;42;;jah
1989-05-17;0,82;40;;jah
1989-05-18;0,76;39;;jah
1989-05-19;0,68;37;;jah
1989-05-20;0,63;36;;jah
1989-05-21;0,63;36;;jah
1989-05-22;0,58;35;;jah
1989-05-23;0,57;35;;jah
1989-05-24;0,57;35;;jah
1989-05-25;0,56;35;;jah
1989-05-26;0,52;34;;jah
1989-05-27;0,51;34;;jah
1989-05-28;0,57;36;;jah
1989-05-29;0,53;35;;jah
1989-05-30;0,5;34;;jah
1989-05-31;0,53;35;;jah
1989-06-01;0,53;35;;jah
1989-06-02;0,53;35;;jah
1989-06-03;0,92;46;;jah
1989-06-04;0,77;42;;jah
1989-06-05;0,68;40;;jah
1989-06-06;0,68;40;;jah
1989-06-07;0,8;43;;jah
1989-06-08;0,84;44;;jah
1989-06-09;0,8;43;;jah
1989-06-10;0,92;46;;jah
1989-06-11;1,44;58;;jah
1989-06-12;1,15;51;;jah
1989-06-13;0,84;42;;jah
1989-06-14;1,09;47;;jah
1989-06-15;2,5;74;;jah
1989-06-16;2,86;81;;jah
1989-06-17;1,87;65;;jah
1989-06-18;1,19;54;;jah
1989-06-19;0,92;48;;jah
1989-06-20;0,8;45;;jah
1989-06-21;0,78;45;;jah
1989-06-22;0,7;43;;jah
1989-06-23;0,63;41;;jah
1989-06-24;0,6;40;;jah
1989-06-25;0,56;39;;jah
1989-06-26;0,55;39;;jah
1989-06-27;0,55;39;;jah
1989-06-28;0,52;38;;jah
1989-06-29;0,52;38;;jah
1989-06-30;0,76;46;;jah
1989-07-01;1,19;59;;jah
1989-07-02;1,22;60;;jah
1989-07-03;0,98;53;;jah
1989-07-04;0,77;47;;jah
1989-07-05;0,68;44;;jah
1989-07-06;0,58;41;;jah
1989-07-07;0,58;41;;jah
1989-07-08;0,54;40;;jah
1989-07-09;0,54;40;;jah
1989-07-10;0,54;40;;jah
1989-07-11;0,68;45;;jah
1989-07-12;0,79;50;;jah
1989-07-13;0,66;46;;jah
1989-07-14;0,59;44;;jah
1989-07-15;0,56;44;;jah
1989-07-16;0,61;47;;jah
1989-07-17;0,6;48;;jah
1989-07-18;0,58;48;;jah
1989-07-19;0,57;48;;jah
1989-07-20;0,52;47;;jah
1989-07-21;0,46;45;;jah
1989-07-22;0,43;44;;jah
1989-07-23;0,42;44;;jah
1989-07-24;0,41;44;;jah
1989-07-25;0,38;43;;jah
1989-07-26;0,37;43;;jah
1989-07-27;0,34;42;;jah
1989-07-28;0,33;42;;jah
1989-07-29;0,37;45;;jah
1989-07-30;0,37;44;;jah
1989-07-31;0,37;44;;jah
1989-08-01;0,48;47;;jah
1989-08-02;0,74;55;;jah
1989-08-03;1,01;63;;jah
1989-08-04;1,61;80;;jah
1989-08-05;1,27;71;;jah
1989-08-06;1,01;63;;jah
1989-08-07;0,94;61;;jah
1989-08-08;0,87;59;;jah
1989-08-09;0,74;55;;jah
1989-08-10;1,38;74;;jah
1989-08-11;2,41;97;;jah
1989-08-12;1,57;79;;jah
1989-08-13;1,21;69;;jah
1989-08-14;1,08;65;;jah
1989-08-15;0,94;61;;jah
1989-08-16;0,8;57;;jah
1989-08-17;0,71;54;;jah
1989-08-18;0,6;51;;jah
1989-08-19;0,57;50;;jah
1989-08-20;0,52;49;;jah
1989-08-21;0,54;49;;jah
1989-08-22;0,54;49;;jah
1989-08-23;0,54;49;;jah
1989-08-24;0,58;51;;jah
1989-08-25;0,78;60;;jah
1989-08-26;0,8;61;;jah
1989-08-27;0,63;53;;jah
1989-08-28;0,55;50;;jah
1989-08-29;0,58;51;;jah
1989-08-30;0,69;56;;jah
1989-08-31;0,63;54;;jah
1989-09-01;0,59;52;;jah
1989-09-02;0,55;51;;jah
1989-09-03;0,55;51;;jah
1989-09-04;0,58;53;;jah
1989-09-05;0,56;52;;jah
1989-09-06;0,5;50;;jah
1989-09-07;0,49;49;;jah
1989-09-08;0,49;49;;jah
1989-09-09;0,48;48;;jah
1989-09-10;0,48;47;;jah
1989-09-11;0,46;46;;jah
1989-09-12;0,43;44;;jah
1989-09-13;0,47;45;;jah
1989-09-14;0,48;45;;jah
1989-09-15;0,47;44;;jah
1989-09-16;0,51;45;;jah
1989-09-17;0,52;45;;jah
1989-09-18;0,54;45;;jah
1989-09-19;0,53;44;;jah
1989-09-20;0,53;44;;jah
1989-09-21;0,54;44;;jah
1989-09-22;0,52;43;;jah
1989-09-23;0,52;43;;jah
1989-09-24;0,52;43;;jah
1989-09-25;0,52;43;;jah
1989-09-26;0,5;42;;jah
1989-09-27;0,5;42;;jah
1989-09-28;0,49;41;;jah
1989-09-29;0,52;42;;jah
1989-09-30;0,62;45;;jah
1989-10-01;0,7;48;;jah
1989-10-02;0,73;48;;jah
1989-10-03;0,74;48;;jah
1989-10-04;0,75;48;;jah
1989-10-05;0,69;45;;jah
1989-10-06;0,64;43;;jah
1989-10-07;0,62;42;;jah
1989-10-08;0,61;41;;jah
1989-10-09;0,62;41;;jah
1989-10-10;0,63;41;;jah
1989-10-11;0,79;45;;jah
1989-10-12;0,87;47;;jah
1989-10-13;0,89;47;;jah
1989-10-14;0,9;47;;jah
1989-10-15;0,93;47;;jah
1989-10-16;1,02;49;;jah
1989-10-17;1,25;54;;jah
1989-10-18;1,24;53;;jah
1989-10-19;1,12;50;;jah
1989-10-20;1,04;47;;jah
1989-10-21;0,99;45;;jah
1989-10-22;1,18;49;;jah
1989-10-23;1,3;51;;jah
1989-10-24;1,6;56;;jah
1989-10-25;2,87;79;;jah
1989-10-26;3,18;84;;jah
1989-10-27;2,95;81;;jah
1989-10-28;2,52;73;;jah
1989-10-29;2,01;64;;jah
1989-10-30;1,65;58;;jah
1989-10-31;1,52;56;;jah
1989-11-01;1,8;62;;jah
1989-11-02;1,85;63;;jah
1989-11-03;1,69;59;;jah
1989-11-04;1,58;56;;jah
1989-11-05;1,62;56;;jah
1989-11-06;1,67;56;;jah
1989-11-07;1,65;55;;jah
1989-11-08;1,56;53;;jah
1989-11-09;1,46;51;;jah
1989-11-10;1,33;48;;jah
1989-11-11;1,31;47;;jah
1989-11-12;1,3;47;;jah
1989-11-13;1,3;47;;jah
1989-11-14;2;60;;jah
1989-11-15;2,31;66;;jah
1989-11-16;2,27;66;;jah
1989-11-17;1,82;59;;jah
1989-11-18;1,58;55;;jah
1989-11-19;1,34;51;;jah
1989-11-20;1,23;49;;jah
1989-11-21;1,17;48;;jah
1989-11-22;0,98;44;;jah
1989-11-23;0,98;46;;jah
1989-11-24;1,02;53;;jah
1989-11-25;1,02;68;;jah
1989-11-26;1,06;70;;jah
1989-11-27;1,06;68;;jah
1989-11-28;1,06;63;;jah
1989-11-29;1,11;58;;jah
1989-11-30;1,11;52;;jah
1989-12-01;1,14;49;;jah
1989-12-02;1,14;48;;jah
1989-12-03;1,27;51;;jah
1989-12-04;1,5;57;;jah
1989-12-05;1,7;65;;jah
1989-12-06;2,21;80;;jah
1989-12-07;1,79;74;;jah
1989-12-08;2,06;85;;jah
1989-12-09;1,76;82;;jah
1989-12-10;1,4;76;;jah
1989-12-11;1,08;69;;jah
1989-12-12;0,9;63;;jah
1989-12-13;0,79;59;;jah
1989-12-14;0,73;56;;jah
1989-12-15;0,67;53;;jah
1989-12-16;0,62;50;;jah
1989-12-17;0,67;50;;jah
1989-12-18;0,86;53;;jah
1989-12-19;1,4;65;;jah
1989-12-20;2,68;89;;jah
1989-12-21;4,03;107;;jah
1989-12-22;6,02;132;;jah
1989-12-23;5,96;126;;jah
1989-12-24;4,08;96;;jah
1989-12-25;3,37;84;;jah
1989-12-26;2,7;72;;jah
1989-12-27;2,4;66;;jah
1989-12-28;2,11;61;;jah
1989-12-29;1,9;57;;jah
1989-12-30;1,85;56;;jah
1989-12-31;1,6;52;;jah
1990-01-01;1,39;48;;jah
1990-01-02;1,36;47;;jah
1990-01-03;1,36;55;;jah
1990-01-04;1,36;74;;jah
1990-01-05;1,3;80;;jah
1990-01-06;1,3;75;;jah
1990-01-07;1,31;69;;jah
1990-01-08;1,41;48;;jah
1990-01-09;1,27;45;;jah
1990-01-10;1,27;45;;jah
1990-01-11;1,52;50;;jah
1990-01-12;1,99;67;;jah
1990-01-13;2,18;83;;jah
1990-01-14;2,35;95;;jah
1990-01-15;2,45;96;;jah
1990-01-16;2,57;92;;jah
1990-01-17;2,75;88;;jah
1990-01-18;4,61;125;;jah
1990-01-19;5,3;130;;jah
1990-01-20;5,51;111;;jah
1990-01-21;3,67;90;;jah
1990-01-22;3,56;85;;jah
1990-01-23;2,99;76;;jah
1990-01-24;4,28;94;;jah
1990-01-25;7,44;141;;jah
1990-01-26;6,14;124;;jah
1990-01-27;5,76;116;;jah
1990-01-28;2,87;109;;jah
1990-01-29;3,73;92;;jah
1990-01-30;4,4;102;;jah
1990-01-31;4,13;98;;jah
1990-02-01;3,86;94;;jah
1990-02-02;4,67;106;;jah
1990-02-03;5,23;114;;jah
1990-02-04;5,3;115;;jah
1990-02-05;5,01;111;;jah
1990-02-06;5,45;117;;jah
1990-02-07;6,54;131;;jah
1990-02-08;6,06;125;;jah
1990-02-09;8,37;152;;jah
1990-02-10;9,64;165;;jah
1990-02-11;7,37;141;;jah
1990-02-12;6,62;132;;jah
1990-02-13;5,53;118;;jah
1990-02-14;4,2;99;;jah
1990-02-15;3,47;88;;jah
1990-02-16;3,01;81;;jah
1990-02-17;2,57;73;;jah
1990-02-18;2,46;71;;jah
1990-02-19;2,63;74;;jah
1990-02-20;2,57;73;;jah
1990-02-21;4,4;102;;jah
1990-02-22;6,22;127;;jah
1990-02-23;7,28;140;;jah
1990-02-24;6,38;129;;jah
1990-02-25;5,23;114;;jah
1990-02-26;5,53;118;;jah
1990-02-27;6,22;127;;jah
1990-02-28;6,85;135;;jah
1990-03-01;6,46;130;;jah
1990-03-02;5,98;124;;jah
1990-03-03;5,38;116;;jah
1990-03-04;4,67;106;;jah
1990-03-05;4,34;101;;jah
1990-03-06;5,45;117;;jah
1990-03-07;6,85;135;;jah
1990-03-08;5,98;124;;jah
1990-03-09;5,38;116;;jah
1990-03-10;5,68;120;;jah
1990-03-11;5,83;122;;jah
1990-03-12;5,45;117;;jah
1990-03-13;4,6;105;;jah
1990-03-14;3,67;91;;jah
1990-03-15;3,27;85;;jah
1990-03-16;4,13;98;;jah
1990-03-17;5,68;120;;jah
1990-03-18;6,54;131;;jah
1990-03-19;5,76;121;;jah
1990-03-20;4,6;105;;jah
1990-03-21;4,47;103;;jah
1990-03-22;4,4;102;;jah
1990-03-23;4,2;99;;jah
1990-03-24;4,07;97;;jah
1990-03-25;5,01;111;;jah
1990-03-26;4,8;108;;jah
1990-03-27;4,27;100;;jah
1990-03-28;3,6;90;;jah
1990-03-29;3,3;85;;jah
1990-03-30;3,13;82;;jah
1990-03-31;3,07;81;;jah
1990-04-01;2,96;79;;jah
1990-04-02;2,62;73;;jah
1990-04-03;2,62;73;;jah
1990-04-04;2,62;73;;jah
1990-04-05;2,45;70;;jah
1990-04-06;2,3;67;;jah
1990-04-07;2,2;65;;jah
1990-04-08;2,05;62;;jah
1990-04-09;1,81;57;;jah
1990-04-10;1,76;56;;jah
1990-04-11;1,76;56;;jah
1990-04-12;1,71;55;;jah
1990-04-13;1,62;53;;jah
1990-04-14;1,58;52;;jah
1990-04-15;1,53;51;;jah
1990-04-16;1,49;50;;jah
1990-04-17;1,53;51;;jah
1990-04-18;1,53;51;;jah
1990-04-19;1,53;51;;jah
1990-04-20;1,44;49;;jah
1990-04-21;1,39;48;;jah
1990-04-22;1,35;47;;jah
1990-04-23;1,25;45;;jah
1990-04-24;1,25;45;;jah
1990-04-25;1,15;43;;jah
1990-04-26;1,1;42;;jah
1990-04-27;1,1;42;;jah
1990-04-28;1,1;42;;jah
1990-04-29;1,05;41;;jah
1990-04-30;1;40;;jah
1990-05-01;0,95;39;;jah
1990-05-02;0,95;39;;jah
1990-05-03;0,95;39;;jah
1990-05-04;0,9;38;;jah
1990-05-05;0,85;37;;jah
1990-05-06;0,8;36;;jah
1990-05-07;0,77;36;;jah
1990-05-08;0,72;35;;jah
1990-05-09;0,7;35;;jah
1990-05-10;0,64;34;;jah
1990-05-11;0,71;36;;jah
1990-05-12;0,75;37;;jah
1990-05-13;0,73;37;;jah
1990-05-14;0,68;36;;jah
1990-05-15;0,82;40;;jah
1990-05-16;0,86;41;;jah
1990-05-17;0,86;41;;jah
1990-05-18;0,85;41;;jah
1990-05-19;0,85;41;;jah
1990-05-20;0,84;41;;jah
1990-05-21;0,79;40;;jah
1990-05-22;0,78;40;;jah
1990-05-23;0,67;37;;jah
1990-05-24;0,66;37;;jah
1990-05-25;0,69;38;;jah
1990-05-26;0,77;40;;jah
1990-05-27;0,76;40;;jah
1990-05-28;0,75;40;;jah
1990-05-29;1,15;50;;jah
1990-05-30;1,11;49;;jah
1990-05-31;0,9;44;;jah
1990-06-01;0,77;41;;jah
1990-06-02;0,71;40;;jah
1990-06-03;0,67;39;;jah
1990-06-04;0,67;39;;jah
1990-06-05;0,7;40;;jah
1990-06-06;0,73;41;;jah
1990-06-07;0,73;41;;jah
1990-06-08;0,68;40;;jah
1990-06-09;0,64;39;;jah
1990-06-10;0,6;38;;jah
1990-06-11;0,56;37;;jah
1990-06-12;0,52;36;;jah
1990-06-13;0,52;36;;jah
1990-06-14;0,54;37;;jah
1990-06-15;1,18;55;;jah
1990-06-16;1,41;61;;jah
1990-06-17;1,17;55;;jah
1990-06-18;0,87;48;;jah
1990-06-19;0,88;49;;jah
1990-06-20;0,79;47;;jah
1990-06-21;0,68;44;;jah
1990-06-22;0,6;42;;jah
1990-06-23;0,54;41;;jah
1990-06-24;0,47;39;;jah
1990-06-25;0,46;39;;jah
1990-06-26;0,42;38;;jah
1990-06-27;0,39;37;;jah
1990-06-28;0,39;37;;jah
1990-06-29;0,39;38;;jah
1990-06-30;0,39;38;;jah
1990-07-01;0,39;38;;jah
1990-07-02;0,4;40;;jah
1990-07-03;0,44;43;;jah
1990-07-04;0,43;42;;jah
1990-07-05;0,44;43;;jah
1990-07-06;0,48;46;;jah
1990-07-07;0,48;46;;jah
1990-07-08;0,49;47;;jah
1990-07-09;0,5;49;;jah
1990-07-10;0,53;51;;jah
1990-07-11;0,53;51;;jah
1990-07-12;0,51;50;;jah
1990-07-13;0,49;48;;jah
1990-07-14;0,59;54;;jah
1990-07-15;0,9;67;;jah
1990-07-16;1,52;85;;jah
1990-07-17;2,24;101;;jah
1990-07-18;2,32;103;;jah
1990-07-19;1,88;93;;jah
1990-07-20;1,6;87;;jah
1990-07-21;1,42;82;;jah
1990-07-22;1,22;76;;jah
1990-07-23;2,81;113;;jah
1990-07-24;4,37;140;;jah
1990-07-25;4,83;146;;jah
1990-07-26;3,88;132;;jah
1990-07-27;2,24;101;;jah
1990-07-28;1,98;95;;jah
1990-07-29;1,56;86;;jah
1990-07-30;1,29;78;;jah
1990-07-31;1,25;77;;jah
1990-08-01;1,32;79;;jah
1990-08-02;1,35;80;;jah
1990-08-03;1,32;79;;jah
1990-08-04;1,22;76;;jah
1990-08-05;1,04;71;;jah
1990-08-06;0,9;67;;jah
1990-08-07;0,86;66;;jah
1990-08-08;0,83;65;;jah
1990-08-09;0,81;64;;jah
1990-08-10;0,81;64;;jah
1990-08-11;0,83;65;;jah
1990-08-12;0,86;66;;jah
1990-08-13;0,86;66;;jah
1990-08-14;0,83;65;;jah
1990-08-15;0,81;64;;jah
1990-08-16;0,76;62;;jah
1990-08-17;0,74;61;;jah
1990-08-18;1,08;72;;jah
1990-08-19;0,99;75;;jah
1990-08-20;0,94;72;;jah
1990-08-21;0,86;69;;jah
1990-08-22;0,94;72;;jah
1990-08-23;0,94;72;;jah
1990-08-24;0,95;73;;jah
1990-08-25;0,95;73;;jah
1990-08-26;1,58;99;;jah
1990-08-27;2,64;120;;jah
1990-08-28;1,77;104;;jah
1990-08-29;1,36;92;;jah
1990-08-30;1,97;108;;jah
1990-08-31;2,84;123;;jah
1990-09-01;1,91;107;;jah
1990-09-02;1,43;94;;jah
1990-09-03;1,21;87;;jah
1990-09-04;1,11;82;;jah
1990-09-05;1,03;77;;jah
1990-09-06;1,46;95;;jah
1990-09-07;1,81;105;;jah
1990-09-08;1,55;98;;jah
1990-09-09;1,69;102;;jah
1990-09-10;2,02;109;;jah
1990-09-11;1,73;103;;jah
1990-09-12;1,36;92;;jah
1990-09-13;1,27;89;;jah
1990-09-14;1,18;86;;jah
1990-09-15;1,12;83;;jah
1990-09-16;1,18;86;;jah
1990-09-17;1,14;84;;jah
1990-09-18;1,12;83;;jah
1990-09-19;1,18;86;;jah
1990-09-20;1,24;88;;jah
1990-09-21;1,45;83;;jah
1990-09-22;1,56;86;;jah
1990-09-23;2,9;115;;jah
1990-09-24;3,81;131;;jah
1990-09-25;3,34;123;;jah
1990-09-26;2,96;116;;jah
1990-09-27;4,6;143;;jah
1990-09-28;4,67;144;;jah
1990-09-29;4,24;133;;jah
1990-09-30;4,17;131;;jah
1990-10-01;4,05;128;;jah
1990-10-02;4,21;132;;jah
1990-10-03;4,21;132;;jah
1990-10-04;4,21;132;;jah
1990-10-05;4,09;129;;jah
1990-10-06;3,87;124;;jah
1990-10-07;4,14;130;;jah
1990-10-08;4,24;133;;jah
1990-10-09;4,14;130;;jah
1990-10-10;3,96;126;;jah
1990-10-11;3,83;123;;jah
1990-10-12;3,54;115;;jah
1990-10-13;3,14;104;;jah
1990-10-14;2,75;94;;jah
1990-10-15;2,5;87;;jah
1990-10-16;2,33;82;;jah
1990-10-17;2,2;78;;jah
1990-10-18;2,09;75;;jah
1990-10-19;2,06;74;;jah
1990-10-20;2,13;76;;jah
1990-10-21;2,79;95;;jah
1990-10-22;2,79;95;;jah
1990-10-23;2,57;89;;jah
1990-10-24;2,43;85;;jah
1990-10-25;2,23;79;;jah
1990-10-26;2,09;75;;jah
1990-10-27;1,9;69;;jah
1990-10-28;1,72;64;;jah
1990-10-29;1,72;64;;jah
1990-10-30;1,72;64;;jah
1990-10-31;1,86;67;;jah
1990-11-01;2,47;79;;jah
1990-11-02;3,04;89;;jah
1990-11-03;3,34;93;;jah
1990-11-04;2,86;84;;jah
1990-11-05;2,54;77;;jah
1990-11-06;2,57;77;;jah
1990-11-07;2,53;75;;jah
1990-11-08;2,39;72;;jah
1990-11-09;2,36;71;;jah
1990-11-10;2,34;69;;jah
1990-11-11;2,34;69;;jah
1990-11-12;2,18;66;;jah
1990-11-13;2,07;64;;jah
1990-11-14;2,23;67;;jah
1990-11-15;2,69;75;;jah
1990-11-16;2,9;79;;jah
1990-11-17;4,47;103;;jah
1990-11-18;7,28;140;;jah
1990-11-19;9,06;159;;jah
1990-11-20;6,22;127;;jah
1990-11-21;4,74;107;;jah
1990-11-22;3,8;93;;jah
1990-11-23;3,08;82;;jah
1990-11-24;2,74;76;;jah
1990-11-25;2,4;70;;jah
1990-11-26;2,34;69;;jah
1990-11-27;2,74;76;;jah
1990-11-28;3,8;93;;jah
1990-11-29;3,53;89;;jah
1990-11-30;2,9;79;;jah
1990-12-01;2,18;66;;jah
1990-12-02;2,29;68;;jah
1990-12-03;2,52;72;;jah
1990-12-04;3,86;94;;jah
1990-12-05;4;96;;jah
1990-12-06;2,85;78;;jah
1990-12-07;2,34;69;;jah
1990-12-08;2,29;68;;jah
1990-12-09;2,29;68;;jah
1990-12-10;2,07;64;;jah
1990-12-11;1,96;62;;jah
1990-12-12;1,96;62;;jah
1990-12-13;2,12;65;;jah
1990-12-14;2,01;63;;jah
1990-12-15;1,7;57;;jah
1990-12-16;1,65;56;;jah
1990-12-17;1,54;55;;jah
1990-12-18;1,38;51;;jah
1990-12-19;1,43;52;;jah
1990-12-20;1,38;67;;jah
1990-12-21;1,38;85;;jah
1990-12-22;1,32;85;;jah
1990-12-23;1,32;85;;jah
1990-12-24;1,28;83;;jah
1990-12-25;1,23;84;;jah
1990-12-26;1,23;81;;jah
1990-12-27;1,19;86;;jah
1990-12-28;1,14;86;;jah
1990-12-29;1,14;46;;jah
1990-12-30;1,1;45;;jah
1990-12-31;1,05;44;;jah
1991-01-01;1,05;42;;jah
1991-01-02;1,05;42;;jah
1991-01-03;1,35;48;;jah
1991-01-04;1,3;47;;jah
1991-01-05;1,3;47;;jah
1991-01-06;1,43;50;;jah
1991-01-07;1,94;59;;jah
1991-01-08;2,93;76;;jah
1991-01-09;3,5;85;;jah
1991-01-10;3,47;85;;jah
1991-01-11;6,34;124;;jah
1991-01-12;7,94;145;;jah
1991-01-13;4,96;123;;jah
1991-01-14;2,39;88;;jah
1991-01-15;2,17;83;;jah
1991-01-16;1,97;68;;jah
1991-01-17;2,07;64;;jah
1991-01-18;1,85;60;;jah
1991-01-19;1,7;57;;jah
1991-01-20;1,65;56;;jah
1991-01-21;1,54;54;;jah
1991-01-22;1,49;53;;jah
1991-01-23;1,49;53;;jah
1991-01-24;1,49;53;;jah
1991-01-25;1,49;53;;jah
1991-01-26;1,45;56;;jah
1991-01-27;1,37;70;;jah
1991-01-28;1,25;74;;jah
1991-01-29;1,13;67;;jah
1991-01-30;0,92;58;;jah
1991-01-31;0,88;53;;jah
1991-02-01;0,73;48;;jah
1991-02-02;0,67;46;;jah
1991-02-03;0,65;45;;jah
1991-02-04;0,66;45;;jah
1991-02-05;0,66;45;;jah
1991-02-06;0,7;46;;jah
1991-02-07;0,71;46;;jah
1991-02-08;0,68;46;;jah
1991-02-09;0,66;45;;jah
1991-02-10;0,72;44;;jah
1991-02-11;0,76;46;;jah
1991-02-12;0,82;47;;jah
1991-02-13;0,9;49;;jah
1991-02-14;0,94;51;;jah
1991-02-15;0,96;52;;jah
1991-02-16;0,96;52;;jah
1991-02-17;0,97;52;;jah
1991-02-18;0,95;51;;jah
1991-02-19;0,85;48;;jah
1991-02-20;0,9;49;;jah
1991-02-21;0,83;47;;jah
1991-02-22;0,71;43;;jah
1991-02-23;0,65;40;;jah
1991-02-24;1,26;52;;jah
1991-02-25;7,02;137;;jah
1991-02-26;6,69;133;;jah
1991-02-27;4,13;98;;jah
1991-02-28;2,29;68;;jah
1991-03-01;1,9;61;;jah
1991-03-02;1,7;66;;jah
1991-03-03;1,54;70;;jah
1991-03-04;1,38;60;;jah
1991-03-05;1,19;47;;jah
1991-03-06;1,19;47;;jah
1991-03-07;1,19;47;;jah
1991-03-08;1,38;51;;jah
1991-03-09;1,32;50;;jah
1991-03-10;1,28;49;;jah
1991-03-11;0,95;42;;jah
1991-03-12;1,28;49;;jah
1991-03-13;3,3;81;;jah
1991-03-14;3,3;81;;jah
1991-03-15;6,34;124;;jah
1991-03-16;6,11;121;;jah
1991-03-17;3,18;79;;jah
1991-03-18;2,46;67;;jah
1991-03-19;2,57;69;;jah
1991-03-20;3,5;84;;jah
1991-03-21;4,52;99;;jah
1991-03-22;5,87;118;;jah
1991-03-23;14,6;204;;jah
1991-03-24;10,2;167;;jah
1991-03-25;5,95;119;;jah
1991-03-26;4,09;93;;jah
1991-03-27;2,82;73;;jah
1991-03-28;2,69;71;;jah
1991-03-29;2,46;67;;jah
1991-03-30;2,46;67;;jah
1991-03-31;2,96;75;;jah
1991-04-01;3,07;77;;jah
1991-04-02;3,02;76;;jah
1991-04-03;3,7;87;;jah
1991-04-04;4,86;104;;jah
1991-04-05;5,43;112;;jah
1991-04-06;5,49;113;;jah
1991-04-07;4,73;102;;jah
1991-04-08;4,09;93;;jah
1991-04-09;4,45;98;;jah
1991-04-10;4,45;98;;jah
1991-04-11;3,96;91;;jah
1991-04-12;3,5;78;;jah
1991-04-13;3,13;75;;jah
1991-04-14;2,96;72;;jah
1991-04-15;2,76;73;;jah
1991-04-16;2,82;72;;jah
1991-04-17;2,76;72;;jah
1991-04-18;2,76;72;;jah
1991-04-19;2,76;72;;jah
1991-04-20;2,62;70;;jah
1991-04-21;2,62;70;;jah
1991-04-22;2,57;69;;jah
1991-04-23;2,4;66;;jah
1991-04-24;2,3;64;;jah
1991-04-25;2,04;59;;jah
1991-04-26;1,99;58;;jah
1991-04-27;1,88;56;;jah
1991-04-28;1,93;57;;jah
1991-04-29;1,99;58;;jah
1991-04-30;2,2;62;;jah
1991-05-01;2,51;68;;jah
1991-05-02;3,02;76;;jah
1991-05-03;3,07;77;;jah
1991-05-04;2,51;68;;jah
1991-05-05;2,2;62;;jah
1991-05-06;2,1;60;;jah
1991-05-07;1,88;56;;jah
1991-05-08;1,69;53;;jah
1991-05-09;1,56;51;;jah
1991-05-10;1,43;48;;jah
1991-05-11;1,36;46;;jah
1991-05-12;1,32;45;;jah
1991-05-13;1,5;50;;jah
1991-05-14;1,46;49;;jah
1991-05-15;1,46;49;;jah
1991-05-16;1,43;48;;jah
1991-05-17;1,23;43;;jah
1991-05-18;1,18;42;;jah
1991-05-19;1,14;41;;jah
1991-05-20;1,09;40;;jah
1991-05-21;1,32;45;;jah
1991-05-22;1,46;49;;jah
1991-05-23;2,46;67;;jah
1991-05-24;4,52;99;;jah
1991-05-25;5,56;114;;jah
1991-05-26;4,66;101;;jah
1991-05-27;2,82;73;;jah
1991-05-28;2,2;62;;jah
1991-05-29;1,88;56;;jah
1991-05-30;1,69;53;;jah
1991-05-31;1,5;50;;jah
1991-06-01;1,23;48;;jah
1991-06-02;1,8;59;;jah
1991-06-03;1,85;60;;jah
1991-06-04;1,6;55;;jah
1991-06-05;1,54;54;;jah
1991-06-06;1,32;50;;jah
1991-06-07;1,23;48;;jah
1991-06-08;1,1;45;;jah
1991-06-09;1,14;46;;jah
1991-06-10;1,28;49;;jah
1991-06-11;1,1;45;;jah
1991-06-12;1,05;44;;jah
1991-06-13;1,7;57;;jah
1991-06-14;1,65;56;;jah
1991-06-15;3,47;88;;jah
1991-06-16;4,39;104;;jah
1991-06-17;3,05;83;;jah
1991-06-18;2,25;69;;jah
1991-06-19;3,3;88;;jah
1991-06-20;2,95;83;;jah
1991-06-21;2,62;77;;jah
1991-06-22;2,18;69;;jah
1991-06-23;1,7;60;;jah
1991-06-24;1,47;55;;jah
1991-06-25;2,34;73;;jah
1991-06-26;5,73;128;;jah
1991-06-27;7,11;148;;jah
1991-06-28;3,86;101;;jah
1991-06-29;3,7;99;;jah
1991-06-30;3,78;101;;jah
1991-07-01;2,34;77;;jah
1991-07-02;1,72;65;;jah
1991-07-03;1,38;58;;jah
1991-07-04;1,12;52;;jah
1991-07-05;0,95;48;;jah
1991-07-06;0,86;46;;jah
1991-07-07;0,81;45;;jah
1991-07-08;0,77;44;;jah
1991-07-09;0,67;42;;jah
1991-07-10;0,63;41;;jah
1991-07-11;0,69;43;;jah
1991-07-12;0,8;47;;jah
1991-07-13;0,84;49;;jah
1991-07-14;0,79;48;;jah
1991-07-15;1,94;82;;jah
1991-07-16;1,26;64;;jah
1991-07-17;1,24;64;;jah
1991-07-18;1,49;72;;jah
1991-07-19;1,68;80;;jah
1991-07-20;1,35;71;;jah
1991-07-21;1,3;71;;jah
1991-07-22;1,22;69;;jah
1991-07-23;1,09;66;;jah
1991-07-24;0,94;62;;jah
1991-07-25;0,87;60;;jah
1991-07-26;0,79;58;;jah
1991-07-27;0,71;56;;jah
1991-07-28;0,67;55;;jah
1991-07-29;0,6;53;;jah
1991-07-30;0,56;52;;jah
1991-07-31;0,52;51;;jah
1991-08-01;0,47;49;;jah
1991-08-02;0,44;48;;jah
1991-08-03;0,42;47;;jah
1991-08-04;0,4;47;;jah
1991-08-05;0,39;46;;jah
1991-08-06;0,39;47;;jah
1991-08-07;0,39;48;;jah
1991-08-08;0,41;49;;jah
1991-08-09;0,49;54;;jah
1991-08-10;0,56;57;;jah
1991-08-11;0,67;61;;jah
1991-08-12;0,96;72;;jah
1991-08-13;1,57;92;;jah
1991-08-14;1,37;86;;jah
1991-08-15;1,09;77;;jah
1991-08-16;0,93;71;;jah
1991-08-17;0,87;69;;jah
1991-08-18;0,95;74;;jah
1991-08-19;1,17;86;;jah
1991-08-20;1,34;95;;jah
1991-08-21;1,34;97;;jah
1991-08-22;1,03;84;;jah
1991-08-23;0,86;77;;jah
1991-08-24;0,8;73;;jah
1991-08-25;0,7;69;;jah
1991-08-26;0,67;67;;jah
1991-08-27;0,65;66;;jah
1991-08-28;0,6;64;;jah
1991-08-29;0,57;62;;jah
1991-08-30;0,53;61;;jah
1991-08-31;0,52;60;;jah
1991-09-01;0,52;60;;jah
1991-09-02;0,49;58;;jah
1991-09-03;0,48;57;;jah
1991-09-04;0,46;56;;jah
1991-09-05;0,42;53;;jah
1991-09-06;0,51;58;;jah
1991-09-07;0,6;64;;jah
1991-09-08;0,64;65;;jah
1991-09-09;0,64;64;;jah
1991-09-10;0,59;61;;jah
1991-09-11;0,59;60;;jah
1991-09-12;0,66;64;;jah
1991-09-13;0,7;65;;jah
1991-09-14;0,68;64;;jah
1991-09-15;0,67;62;;jah
1991-09-16;0,65;60;;jah
1991-09-17;0,63;58;;jah
1991-09-18;0,63;57;;jah
1991-09-19;0,65;57;;jah
1991-09-20;0,87;67;;jah
1991-09-21;1,08;74;;jah
1991-09-22;1,1;74;;jah
1991-09-23;1,08;72;;jah
1991-09-24;1,06;71;;jah
1991-09-25;1,01;69;;jah
1991-09-26;0,91;65;;jah
1991-09-27;0,84;62;;jah
1991-09-28;0,82;61;;jah
1991-09-29;0,77;58;;jah
1991-09-30;0,75;57;;jah
1991-10-01;0,98;67;;jah
1991-10-02;1,28;79;;jah
1991-10-03;1,13;73;;jah
1991-10-04;0,96;66;;jah
1991-10-05;0,88;62;;jah
1991-10-06;0,83;60;;jah
1991-10-07;0,78;57;;jah
1991-10-08;0,74;55;;jah
1991-10-09;0,69;53;;jah
1991-10-10;0,65;52;;jah
1991-10-11;0,62;50;;jah
1991-10-12;0,6;49;;jah
1991-10-13;0,6;48;;jah
1991-10-14;0,61;47;;jah
1991-10-15;0,64;47;;jah
1991-10-16;0,79;51;;jah
1991-10-17;0,89;53;;jah
1991-10-18;1,07;57;;jah
1991-10-19;1,11;57;;jah
1991-10-20;1,21;59;;jah
1991-10-21;1,3;60;;jah
1991-10-22;1,24;57;;jah
1991-10-23;1,18;55;;jah
1991-10-24;1,2;55;;jah
1991-10-25;1,12;53;;jah
1991-10-26;1,17;54;;jah
1991-10-27;1,15;53;;jah
1991-10-28;1,1;52;;jah
1991-10-29;1,08;51;;jah
1991-10-30;0,97;48;;jah
1991-10-31;0,94;47;;jah
1991-11-01;0,91;46;;jah
1991-11-02;0,89;45;;jah
1991-11-03;0,91;45;;jah
1991-11-04;0,96;46;;jah
1991-11-05;1,01;47;;jah
1991-11-06;1,11;49;;jah
1991-11-07;1,08;48;;jah
1991-11-08;1,09;48;;jah
1991-11-09;1,44;55;;jah
1991-11-10;1,88;64;;jah
1991-11-11;1,95;65;;jah
1991-11-12;1,89;63;;jah
1991-11-13;1,69;59;;jah
1991-11-14;1,65;58;;jah
1991-11-15;1,74;60;;jah
1991-11-16;2,15;68;;jah
1991-11-17;2,34;71;;jah
1991-11-18;2,34;71;;jah
1991-11-19;3,67;94;;jah
1991-11-20;4,06;100;;jah
1991-11-21;3,14;85;;jah
1991-11-22;2,39;71;;jah
1991-11-23;2,22;68;;jah
1991-11-24;2,14;66;;jah
1991-11-25;2,03;64;;jah
1991-11-26;1,88;61;;jah
1991-11-27;1,78;59;;jah
1991-11-28;1,85;60;;jah
1991-11-29;1,9;61;;jah
1991-11-30;1,8;59;;jah
1991-12-01;1,75;58;;jah
1991-12-02;1,65;56;;jah
1991-12-03;1,54;54;;jah
1991-12-04;1,49;53;;jah
1991-12-05;1,38;51;;jah
1991-12-06;1,43;52;;jah
1991-12-07;1,32;72;;jah
1991-12-08;1,28;73;;jah
1991-12-09;1,23;58;;jah
1991-12-10;1,23;48;;jah
1991-12-11;1,19;47;;jah
1991-12-12;1,28;49;;jah
1991-12-13;1,7;57;;jah
1991-12-14;1,85;60;;jah
1991-12-15;1,85;60;;jah
1991-12-16;1,65;56;;jah
1991-12-17;1,6;55;;jah
1991-12-18;1,43;52;;jah
1991-12-19;1,32;50;;jah
1991-12-20;1,19;47;;jah
1991-12-21;1,23;48;;jah
1991-12-22;1,28;49;;jah
1991-12-23;1,32;50;;jah
1991-12-24;1,54;54;;jah
1991-12-25;1,54;60;;jah
1991-12-26;1,54;65;;jah
1991-12-27;1,54;69;;jah
1991-12-28;1,54;67;;jah
1991-12-29;1,75;65;;jah
1991-12-30;1,9;61;;jah
1991-12-31;2,23;67;;jah
1992-01-01;1,9;66;;jah
1992-01-02;1,85;60;;jah
1992-01-03;2,57;73;;jah
1992-01-04;5,53;118;;jah
1992-01-05;6,85;135;;jah
1992-01-06;6,06;125;;jah
1992-01-07;3,6;90;;jah
1992-01-08;3,01;81;;jah
1992-01-09;3,8;93;;jah
1992-01-10;3,73;106;;jah
1992-01-11;3,73;110;;jah
1992-01-12;3,67;116;;jah
1992-01-13;3,6;127;;jah
1992-01-14;3,53;122;;jah
1992-01-15;3,53;96;;jah
1992-01-16;3,47;90;;jah
1992-01-17;3,4;87;;jah
1992-01-18;3,4;87;;jah
1992-01-19;3,27;90;;jah
1992-01-20;3,08;92;;jah
1992-01-21;2,9;91;;jah
1992-01-22;2,69;76;;jah
1992-01-23;2,4;70;;jah
1992-01-24;2,23;67;;jah
1992-01-25;2,07;64;;jah
1992-01-26;1,75;58;;jah
1992-01-27;1,75;58;;jah
1992-01-28;1,96;62;;jah
1992-01-29;2,46;71;;jah
1992-01-30;2,52;72;;jah
1992-01-31;2,18;66;;jah
1992-02-01;1,9;61;;jah
1992-02-02;1,8;59;;jah
1992-02-03;1,75;58;;jah
1992-02-04;1,7;57;;jah
1992-02-05;1,7;57;;jah
1992-02-06;1,6;55;;jah
1992-02-07;1,6;55;;jah
1992-02-08;1,6;55;;jah
1992-02-09;1,6;55;;jah
1992-02-10;1,6;55;;jah
1992-02-11;1,65;56;;jah
1992-02-12;1,8;59;;jah
1992-02-13;1,9;61;;jah
1992-02-14;2,23;67;;jah
1992-02-15;3,14;83;;jah
1992-02-16;3,47;88;;jah
1992-02-17;2,95;80;;jah
1992-02-18;2,57;73;;jah
1992-02-19;2,34;69;;jah
1992-02-20;2,34;73;;jah
1992-02-21;2,34;83;;jah
1992-02-22;2,34;84;;jah
1992-02-23;2,34;77;;jah
1992-02-24;2,34;69;;jah
1992-02-25;2,63;74;;jah
1992-02-26;2,79;77;;jah
1992-02-27;2,69;75;;jah
1992-02-28;2,69;71;;jah
1992-02-29;2,89;74;;jah
1992-03-01;3,37;82;;jah
1992-03-02;3,76;88;;jah
1992-03-03;4,3;96;;jah
1992-03-04;4,92;105;;jah
1992-03-05;5,07;107;;jah
1992-03-06;4,16;94;;jah
1992-03-07;3,07;77;;jah
1992-03-08;2,76;72;;jah
1992-03-09;2,76;72;;jah
1992-03-10;2,62;70;;jah
1992-03-11;2,57;69;;jah
1992-03-12;2,57;69;;jah
1992-03-13;2,69;71;;jah
1992-03-14;3,7;87;;jah
1992-03-15;3,56;85;;jah
1992-03-16;2,76;72;;jah
1992-03-17;2,4;66;;jah
1992-03-18;2,35;65;;jah
1992-03-19;2,25;63;;jah
1992-03-20;2,35;65;;jah
1992-03-21;2,46;67;;jah
1992-03-22;2,62;70;;jah
1992-03-23;2,62;70;;jah
1992-03-24;2,57;69;;jah
1992-03-25;2,46;67;;jah
1992-03-26;2,4;66;;jah
1992-03-27;2,89;74;;jah
1992-03-28;3,4;80;;jah
1992-03-29;3,37;82;;jah
1992-03-30;3,13;78;;jah
1992-03-31;2,62;70;;jah
1992-04-01;2,25;63;;jah
1992-04-02;2,1;60;;jah
1992-04-03;2,1;60;;jah
1992-04-04;2,1;60;;jah
1992-04-05;2,15;61;;jah
1992-04-06;2,15;61;;jah
1992-04-07;2,4;66;;jah
1992-04-08;3,07;77;;jah
1992-04-09;3,3;81;;jah
1992-04-10;3,02;76;;jah
1992-04-11;2,76;72;;jah
1992-04-12;2,51;68;;jah
1992-04-13;2,4;66;;jah
1992-04-14;2,46;67;;jah
1992-04-15;2,51;68;;jah
1992-04-16;2,35;65;;jah
1992-04-17;2,25;63;;jah
1992-04-18;2,15;61;;jah
1992-04-19;2,2;62;;jah
1992-04-20;2,89;74;;jah
1992-04-21;3,13;78;;jah
1992-04-22;3,13;78;;jah
1992-04-23;3,07;77;;jah
1992-04-24;2,96;75;;jah
1992-04-25;2,69;71;;jah
1992-04-26;2,4;66;;jah
1992-04-27;2,25;63;;jah
1992-04-28;2,62;70;;jah
1992-04-29;3,18;79;;jah
1992-04-30;3,07;77;;jah
1992-05-01;2,62;70;;jah
1992-05-02;2,4;66;;jah
1992-05-03;2,46;67;;jah
1992-05-04;3,5;84;;jah
1992-05-05;3,43;83;;jah
1992-05-06;2,76;72;;jah
1992-05-07;2,2;62;;jah
1992-05-08;2,1;60;;jah
1992-05-09;2,15;61;;jah
1992-05-10;2,2;62;;jah
1992-05-11;2,04;59;;jah
1992-05-12;1,88;56;;jah
1992-05-13;2,46;67;;jah
1992-05-14;3,02;76;;jah
1992-05-15;2,46;67;;jah
1992-05-16;2,04;59;;jah
1992-05-17;1,93;57;;jah
1992-05-18;1,88;56;;jah
1992-05-19;1,69;53;;jah
1992-05-20;1,46;49;;jah
1992-05-21;1,39;47;;jah
1992-05-22;1,36;46;;jah
1992-05-23;1,32;45;;jah
1992-05-24;1,23;43;;jah
1992-05-25;1,07;41;;jah
1992-05-26;1;40;;jah
1992-05-27;0,94;39;;jah
1992-05-28;0,88;38;;jah
1992-05-29;0,82;37;;jah
1992-05-30;0,81;37;;jah
1992-05-31;0,76;36;;jah
1992-06-01;0,75;36;;jah
1992-06-02;0,7;35;;jah
1992-06-03;0,68;35;;jah
1992-06-04;0,63;34;;jah
1992-06-05;0,62;34;;jah
1992-06-06;0,59;33;;jah
1992-06-07;0,57;33;;jah
1992-06-08;0,57;33;;jah
1992-06-09;0,52;32;;jah
1992-06-10;0,51;32;;jah
1992-06-11;0,56;34;;jah
1992-06-12;0,54;34;;jah
1992-06-13;0,51;33;;jah
1992-06-14;0,51;33;;jah
1992-06-15;0,46;32;;jah
1992-06-16;0,45;32;;jah
1992-06-17;0,45;32;;jah
1992-06-18;0,43;32;;jah
1992-06-19;0,43;32;;jah
1992-06-20;0,38;31;;jah
1992-06-21;0,38;31;;jah
1992-06-22;0,43;33;;jah
1992-06-23;0,4;32;;jah
1992-06-24;0,39;32;;jah
1992-06-25;0,38;32;;jah
1992-06-26;0,34;31;;jah
1992-06-27;0,33;31;;jah
1992-06-28;0,33;31;;jah
1992-06-29;0,32;31;;jah
1992-06-30;0,31;31;;jah
1992-07-01;0,31;31;;jah
1992-07-02;0,3;31;;jah
1992-07-03;0,32;32;;jah
1992-07-04;0,33;33;;jah
1992-07-05;0,33;33;;jah
1992-07-06;0,3;32;;jah
1992-07-07;0,3;32;;jah
1992-07-08;0,3;32;;jah
1992-07-09;0,3;32;;jah
1992-07-10;0,29;32;;jah
1992-07-11;0,26;31;;jah
1992-07-12;0,26;31;;jah
1992-07-13;0,23;30;;jah
1992-07-14;0,27;32;;jah
1992-07-15;0,3;34;;jah
1992-07-16;0,31;35;;jah
1992-07-17;0,29;34;;jah
1992-07-18;0,3;35;;jah
1992-07-19;0,29;35;;jah
1992-07-20;0,29;35;;jah
1992-07-21;0,3;36;;jah
1992-07-22;0,29;36;;jah
1992-07-23;0,26;35;;jah
1992-07-24;0,28;37;;jah
1992-07-25;0,26;36;;jah
1992-07-26;0,24;35;;jah
1992-07-27;0,23;35;;jah
1992-07-28;0,28;38;;jah
1992-07-29;0,28;39;;jah
1992-07-30;0,34;43;;jah
1992-07-31;0,34;43;;jah
1992-08-01;0,31;41;;jah
1992-08-02;0,28;40;;jah
1992-08-03;0,27;39;;jah
1992-08-04;0,27;39;;jah
1992-08-05;0,27;39;;jah
1992-08-06;0,26;39;;jah
1992-08-07;0,26;39;;jah
1992-08-08;0,25;38;;jah
1992-08-09;0,27;40;;jah
1992-08-10;0,26;39;;jah
1992-08-11;0,27;40;;jah
1992-08-12;0,32;43;;jah
1992-08-13;0,3;42;;jah
1992-08-14;0,27;40;;jah
1992-08-15;0,27;40;;jah
1992-08-16;0,29;41;;jah
1992-08-17;0,3;42;;jah
1992-08-18;0,35;45;;jah
1992-08-19;0,38;47;;jah
1992-08-20;0,38;47;;jah
1992-08-21;0,35;45;;jah
1992-08-22;0,34;44;;jah
1992-08-23;0,35;44;;jah
1992-08-24;0,33;43;;jah
1992-08-25;0,35;44;;jah
1992-08-26;0,36;45;;jah
1992-08-27;0,39;46;;jah
1992-08-28;0,4;47;;jah
1992-08-29;0,39;46;;jah
1992-08-30;0,37;45;;jah
1992-08-31;0,37;44;;jah
1992-09-01;0,35;43;;jah
1992-09-02;0,33;41;;jah
1992-09-03;0,36;42;;jah
1992-09-04;0,37;42;;jah
1992-09-05;0,41;43;;jah
1992-09-06;0,47;45;;jah
1992-09-07;0,54;47;;jah
1992-09-08;0,52;46;;jah
1992-09-09;0,47;43;;jah
1992-09-10;0,47;43;;jah
1992-09-11;0,43;41;;jah
1992-09-12;0,44;41;;jah
1992-09-13;0,45;41;;jah
1992-09-14;0,43;40;;jah
1992-09-15;0,44;40;;jah
1992-09-16;0,48;41;;jah
1992-09-17;0,53;43;;jah
1992-09-18;0,66;48;;jah
1992-09-19;0,58;44;;jah
1992-09-20;0,53;42;;jah
1992-09-21;0,48;40;;jah
1992-09-22;0,47;39;;jah
1992-09-23;0,45;38;;jah
1992-09-24;0,45;37;;jah
1992-09-25;0,45;37;;jah
1992-09-26;0,46;37;;jah
1992-09-27;0,49;38;;jah
1992-09-28;0,59;41;;jah
1992-09-29;0,7;44;;jah
1992-09-30;0,71;44;;jah
1992-10-01;0,67;42;;jah
1992-10-02;0,6;40;;jah
1992-10-03;0,59;39;;jah
1992-10-04;0,58;38;;jah
1992-10-05;0,56;37;;jah
1992-10-06;0,54;36;;jah
1992-10-07;0,55;36;;jah
1992-10-08;0,61;37;;jah
1992-10-09;0,71;40;;jah
1992-10-10;0,96;46;;jah
1992-10-11;0,89;44;;jah
1992-10-12;0,97;46;;jah
1992-10-13;0,86;43;;jah
1992-10-14;0,77;41;;jah
1992-10-15;0,87;43;;jah
1992-10-16;0,97;45;;jah
1992-10-17;0,92;44;;jah
1992-10-18;0,88;43;;jah
1992-10-19;0,8;41;;jah
1992-10-20;0,73;39;;jah
1992-10-21;0,71;38;;jah
1992-10-22;0,72;38;;jah
1992-10-23;0,69;37;;jah
1992-10-24;0,66;36;;jah
1992-10-25;0,75;38;;jah
1992-10-26;0,74;37;;jah
1992-10-27;0,66;35;;jah
1992-10-28;0,67;35;;jah
1992-10-29;0,69;35;;jah
1992-10-30;0,7;35;;jah
1992-10-31;0,71;35;;jah
1992-11-01;0,77;36;;jah
1992-11-02;0,78;36;;jah
1992-11-03;1,04;41;;jah
1992-11-04;1,33;46;;jah
1992-11-05;1,36;46;;jah
1992-11-06;1,34;45;;jah
1992-11-07;1,3;44;;jah
1992-11-08;1,4;45;;jah
1992-11-09;1,22;42;;jah
1992-11-10;1,29;43;;jah
1992-11-11;1,37;44;;jah
1992-11-12;1,11;40;;jah
1992-11-13;1,01;38;;jah
1992-11-14;1,02;38;;jah
1992-11-15;1,02;38;;jah
1992-11-16;0,97;37;;jah
1992-11-17;0,97;37;;jah
1992-11-18;0,98;37;;jah
1992-11-19;1,09;39;;jah
1992-11-20;1,52;46;;jah
1992-11-21;1,76;50;;jah
1992-11-22;1,64;48;;jah
1992-11-23;1,52;46;;jah
1992-11-24;1,57;47;;jah
1992-11-25;1,39;44;;jah
1992-11-26;1,39;44;;jah
1992-11-27;1,57;47;;jah
1992-11-28;1,39;55;;jah
1992-11-29;1,32;57;;jah
1992-11-30;1,32;57;;jah
1992-12-01;1,25;55;;jah
1992-12-02;1,19;45;;jah
1992-12-03;1,19;41;;jah
1992-12-04;1,61;48;;jah
1992-12-05;2,23;57;;jah
1992-12-06;2,78;65;;jah
1992-12-07;2,36;59;;jah
1992-12-08;1,87;52;;jah
1992-12-09;1,73;50;;jah
1992-12-10;1,59;48;;jah
1992-12-11;1,47;46;;jah
1992-12-12;1,46;46;;jah
1992-12-13;1,4;45;;jah
1992-12-14;1,39;45;;jah
1992-12-15;1,38;45;;jah
1992-12-16;1,89;54;;jah
1992-12-17;2,39;62;;jah
1992-12-18;2,06;57;;jah
1992-12-19;1,43;47;;jah
1992-12-20;1,42;47;;jah
1992-12-21;1,35;46;;jah
1992-12-22;1,3;62;;jah
1992-12-23;1,23;71;;jah
1992-12-24;1,16;71;;jah
1992-12-25;1,09;65;;jah
1992-12-26;0,98;40;;jah
1992-12-27;1,36;42;;jah
1992-12-28;1,07;55;;jah
1992-12-29;1,05;46;;jah
1992-12-30;1,02;42;;jah
1992-12-31;0,95;53;;jah
1993-01-01;0,88;61;;jah
1993-01-02;0,82;61;;jah
1993-01-03;0,78;55;;jah
1993-01-04;0,72;49;;jah
1993-01-05;0,67;43;;jah
1993-01-06;0,62;41;;jah
1993-01-07;0,61;38;;jah
1993-01-08;0,58;36;;jah
1993-01-09;0,55;35;;jah
1993-01-10;0,59;35;;jah
1993-01-11;0,73;37;;jah
1993-01-12;1,26;47;;jah
1993-01-13;1,25;45;;jah
1993-01-14;1,49;48;;jah
1993-01-15;2,11;56;;jah
1993-01-16;2,24;58;;jah
1993-01-17;3,05;71;;jah
1993-01-18;2,93;70;;jah
1993-01-19;3,16;74;;jah
1993-01-20;2,63;67;;jah
1993-01-21;2,2;61;;jah
1993-01-22;3,33;80;;jah
1993-01-23;5,26;107;;jah
1993-01-24;6,3;120;;jah
1993-01-25;5,41;109;;jah
1993-01-26;3,92;89;;jah
1993-01-27;3,34;81;;jah
1993-01-28;3,25;82;;jah
1993-01-29;3,12;90;;jah
1993-01-30;3,02;91;;jah
1993-01-31;2,95;86;;jah
1993-02-01;2,76;77;;jah
1993-02-02;2,62;66;;jah
1993-02-03;1,82;53;;jah
1993-02-04;1,39;46;;jah
1993-02-05;2,06;57;;jah
1993-02-06;1,6;50;;jah
1993-02-07;2,24;60;;jah
1993-02-08;2,57;65;;jah
1993-02-09;1,32;45;;jah
1993-02-10;1,33;46;;jah
1993-02-11;1,25;55;;jah
1993-02-12;1,16;44;;jah
1993-02-13;0,93;40;;jah
1993-02-14;0,93;40;;jah
1993-02-15;0,93;45;;jah
1993-02-16;0,89;39;;jah
1993-02-17;0,94;40;;jah
1993-02-18;0,94;56;;jah
1993-02-19;0,9;62;;jah
1993-02-20;0,9;57;;jah
1993-02-21;0,9;45;;jah
1993-02-22;0,86;45;;jah
1993-02-23;0,86;42;;jah
1993-02-24;0,87;38;;jah
1993-02-25;0,85;45;;jah
1993-02-26;0,85;45;;jah
1993-02-27;0,83;38;;jah
1993-02-28;0,77;37;;jah
1993-03-01;0,77;37;;jah
1993-03-02;0,76;37;;jah
1993-03-03;0,76;37;;jah
1993-03-04;0,83;39;;jah
1993-03-05;0,92;41;;jah
1993-03-06;0,91;41;;jah
1993-03-07;0,86;40;;jah
1993-03-08;0,86;40;;jah
1993-03-09;0,79;38;;jah
1993-03-10;0,75;37;;jah
1993-03-11;0,82;38;;jah
1993-03-12;0,8;37;;jah
1993-03-13;0,77;36;;jah
1993-03-14;0,79;36;;jah
1993-03-15;1,92;55;;jah
1993-03-16;4,4;95;;jah
1993-03-17;7,28;134;;jah
1993-03-18;7,28;134;;jah
1993-03-19;5,85;115;;jah
1993-03-20;4,88;102;;jah
1993-03-21;3,44;79;;jah
1993-03-22;3,38;78;;jah
1993-03-23;3,67;83;;jah
1993-03-24;4,16;91;;jah
1993-03-25;4,16;91;;jah
1993-03-26;3,67;83;;jah
1993-03-27;3,32;77;;jah
1993-03-28;2,96;71;;jah
1993-03-29;2,54;64;;jah
1993-03-30;2,42;62;;jah
1993-03-31;2,84;69;;jah
1993-04-01;3,14;74;;jah
1993-04-02;3,08;73;;jah
1993-04-03;3,08;73;;jah
1993-04-04;2,96;71;;jah
1993-04-05;2,9;70;;jah
1993-04-06;2,84;69;;jah
1993-04-07;2,9;70;;jah
1993-04-08;2,9;70;;jah
1993-04-09;2,78;68;;jah
1993-04-10;2,42;62;;jah
1993-04-11;2,25;59;;jah
1993-04-12;2,3;60;;jah
1993-04-13;2,19;58;;jah
1993-04-14;2,14;57;;jah
1993-04-15;2,14;57;;jah
1993-04-16;1,91;53;;jah
1993-04-17;1,78;51;;jah
1993-04-18;1,97;54;;jah
1993-04-19;2,54;64;;jah
1993-04-20;2,6;65;;jah
1993-04-21;2,25;59;;jah
1993-04-22;2,14;57;;jah
1993-04-23;2,03;55;;jah
1993-04-24;2,03;55;;jah
1993-04-25;1,91;53;;jah
1993-04-26;1,78;51;;jah
1993-04-27;1,66;49;;jah
1993-04-28;1,46;46;;jah
1993-04-29;1,4;45;;jah
1993-04-30;1,29;43;;jah
1993-05-01;1,29;43;;jah
1993-05-02;1,23;42;;jah
1993-05-03;1,18;41;;jah
1993-05-04;1,29;43;;jah
1993-05-05;1,29;43;;jah
1993-05-06;1,23;42;;jah
1993-05-07;1,18;41;;jah
1993-05-08;1,06;39;;jah
1993-05-09;0,93;37;;jah
1993-05-10;1;38;;jah
1993-05-11;1;38;;jah
1993-05-12;0,87;36;;jah
1993-05-13;0,81;35;;jah
1993-05-14;0,81;35;;jah
1993-05-15;0,76;34;;jah
1993-05-16;0,76;34;;jah
1993-05-17;0,76;34;;jah
1993-05-18;0,7;33;;jah
1993-05-19;0,7;33;;jah
1993-05-20;0,58;33;;jah
1993-05-21;0,53;32;;jah
1993-05-22;0,52;32;;jah
1993-05-23;0,46;31;;jah
1993-05-24;0,46;31;;jah
1993-05-25;0,49;32;;jah
1993-05-26;0,64;37;;jah
1993-05-27;0,59;36;;jah
1993-05-28;0,58;36;;jah
1993-05-29;0,54;35;;jah
1993-05-30;0,53;35;;jah
1993-05-31;0,48;34;;jah
1993-06-01;0,5;35;;jah
1993-06-02;0,49;35;;jah
1993-06-03;0,48;35;;jah
1993-06-04;0,45;34;;jah
1993-06-05;0,43;34;;jah
1993-06-06;0,43;34;;jah
1993-06-07;0,46;35;;jah
1993-06-08;0,45;35;;jah
1993-06-09;0,45;35;;jah
1993-06-10;0,42;34;;jah
1993-06-11;0,41;34;;jah
1993-06-12;0,41;34;;jah
1993-06-13;0,41;34;;jah
1993-06-14;0,52;38;;jah
1993-06-15;0,55;39;;jah
1993-06-16;0,52;38;;jah
1993-06-17;0,52;38;;jah
1993-06-18;0,53;39;;jah
1993-06-19;0,53;39;;jah
1993-06-20;0,61;42;;jah
1993-06-21;0,81;49;;jah
1993-06-22;0,86;51;;jah
1993-06-23;0,86;52;;jah
1993-06-24;0,78;50;;jah
1993-06-25;0,69;47;;jah
1993-06-26;0,97;57;;jah
1993-06-27;0,86;54;;jah
1993-06-28;0,69;48;;jah
1993-06-29;0,63;45;;jah
1993-06-30;0,57;43;;jah
1993-07-01;0,57;43;;jah
1993-07-02;0,57;43;;jah
1993-07-03;0,58;43;;jah
1993-07-04;0,65;45;;jah
1993-07-05;0,62;44;;jah
1993-07-06;0,6;43;;jah
1993-07-07;0,53;42;;jah
1993-07-08;0,53;43;;jah
1993-07-09;0,51;43;;jah
1993-07-10;0,47;42;;jah
1993-07-11;0,44;42;;jah
1993-07-12;0,4;41;;jah
1993-07-13;0,38;41;;jah
1993-07-14;0,36;41;;jah
1993-07-15;0,4;44;;jah
1993-07-16;0,41;46;;jah
1993-07-17;0,41;46;;jah
1993-07-18;0,42;46;;jah
1993-07-19;0,42;46;;jah
1993-07-20;0,43;46;;jah
1993-07-21;0,55;51;;jah
1993-07-22;0,72;58;;jah
1993-07-23;0,64;53;;jah
1993-07-24;1,04;65;;jah
1993-07-25;1,91;89;;jah
1993-07-26;2,12;90;;jah
1993-07-27;1,55;74;;jah
1993-07-28;1,82;83;;jah
1993-07-29;1,48;78;;jah
1993-07-30;1,32;76;;jah
1993-07-31;1,03;70;;jah
1993-08-01;0,79;64;;jah
1993-08-02;0,65;59;;jah
1993-08-03;0,59;56;;jah
1993-08-04;0,55;54;;jah
1993-08-05;0,57;54;;jah
1993-08-06;0,72;53;;jah
1993-08-07;3,07;109;;jah
1993-08-08;4,76;138;;jah
1993-08-09;4,38;135;;jah
1993-08-10;2,28;96;;jah
1993-08-11;1,6;78;;jah
1993-08-12;1,57;79;;jah
1993-08-13;1,45;76;;jah
1993-08-14;1,4;76;;jah
1993-08-15;1,26;72;;jah
1993-08-16;1,07;67;;jah
1993-08-17;0,94;63;;jah
1993-08-18;0,93;64;;jah
1993-08-19;1,23;73;;jah
1993-08-20;2,08;97;;jah
1993-08-21;2,54;108;;jah
1993-08-22;2,27;98;;jah
1993-08-23;2,01;89;;jah
1993-08-24;2,28;95;;jah
1993-08-25;2,56;101;;jah
1993-08-26;3,05;112;;jah
1993-08-27;2,82;109;;jah
1993-08-28;2,24;96;;jah
1993-08-29;1,77;85;;jah
1993-08-30;1,8;87;;jah
1993-08-31;1,6;83;;jah
1993-09-01;1,4;76;;jah
1993-09-02;1,22;70;;jah
1993-09-03;1,17;68;;jah
1993-09-04;1,25;71;;jah
1993-09-05;1,28;71;;jah
1993-09-06;1,22;69;;jah
1993-09-07;1,13;66;;jah
1993-09-08;1,1;65;;jah
1993-09-09;1,04;62;;jah
1993-09-10;0,98;60;;jah
1993-09-11;0,97;59;;jah
1993-09-12;0,95;58;;jah
1993-09-13;0,87;56;;jah
1993-09-14;0,88;55;;jah
1993-09-15;0,92;56;;jah
1993-09-16;1,24;66;;jah
1993-09-17;1,71;80;;jah
1993-09-18;2,17;91;;jah
1993-09-19;1,88;83;;jah
1993-09-20;1,71;78;;jah
1993-09-21;1,63;74;;jah
1993-09-22;1,51;70;;jah
1993-09-23;1,52;69;;jah
1993-09-24;2,63;95;;jah
1993-09-25;3,45;112;;jah
1993-09-26;2,5;92;;jah
1993-09-27;1,99;81;;jah
1993-09-28;1,75;75;;jah
1993-09-29;1,56;70;;jah
1993-09-30;1,47;67;;jah
1993-10-01;1,42;65;;jah
1993-10-02;1,37;63;;jah
1993-10-03;1,31;61;;jah
1993-10-04;1,26;59;;jah
1993-10-05;1,26;59;;jah
1993-10-06;1,39;62;;jah
1993-10-07;1,26;58;;jah
1993-10-08;1,2;56;;jah
1993-10-09;1,18;55;;jah
1993-10-10;1,2;55;;jah
1993-10-11;1,72;68;;jah
1993-10-12;1,92;71;;jah
1993-10-13;1,72;66;;jah
1993-10-14;1,72;65;;jah
1993-10-15;4,34;114;;jah
1993-10-16;6,87;148;;jah
1993-10-17;6,71;146;;jah
1993-10-18;5,34;126;;jah
1993-10-19;4,35;110;;jah
1993-10-20;3,63;98;;jah
1993-10-21;3,21;89;;jah
1993-10-22;2,59;77;;jah
1993-10-23;2,36;71;;jah
1993-10-24;2,08;65;;jah
1993-10-25;2,09;64;;jah
1993-10-26;2;62;;jah
1993-10-27;1,92;60;;jah
1993-10-28;1,84;58;;jah
1993-10-29;1,87;58;;jah
1993-10-30;1,8;56;;jah
1993-10-31;1,76;55;;jah
1993-11-01;1,67;53;;jah
1993-11-02;1,45;49;;jah
1993-11-03;1,52;50;;jah
1993-11-04;1,5;49;;jah
1993-11-05;1,45;48;;jah
1993-11-06;1,45;48;;jah
1993-11-07;1,45;48;;jah
1993-11-08;1,39;47;;jah
1993-11-09;1,39;47;;jah
1993-11-10;1,28;55;;jah
1993-11-11;1,15;64;;jah
1993-11-12;1,08;60;;jah
1993-11-13;1,02;47;;jah
1993-11-14;0,9;39;;jah
1993-11-15;0,85;38;;jah
1993-11-16;0,79;38;;jah
1993-11-17;0,73;39;;jah
1993-11-18;0,65;40;;jah
1993-11-19;0,59;42;;jah
1993-11-20;0,46;42;;jah
1993-11-21;0,46;44;;jah
1993-11-22;0,51;47;;jah
1993-11-23;0,52;48;;jah
1993-11-24;0,54;49;;jah
1993-11-25;0,55;50;;jah
1993-11-26;0,55;50;;jah
1993-11-27;0,55;50;;jah
1993-11-28;0,55;50;;jah
1993-11-29;0,55;50;;jah
1993-11-30;0,54;49;;jah
1993-12-01;0,52;48;;jah
1993-12-02;0,52;48;;jah
1993-12-03;0,52;48;;jah
1993-12-04;0,56;49;;jah
1993-12-05;0,92;57;;jah
1993-12-06;1,45;64;;jah
1993-12-07;1,82;62;;jah
1993-12-08;1,65;55;;jah
1993-12-09;1,23;46;;jah
1993-12-10;1;41;;jah
1993-12-11;0,9;39;;jah
1993-12-12;0,85;38;;jah
1993-12-13;0,83;38;;jah
1993-12-14;0,84;42;;jah
1993-12-15;0,77;70;;jah
1993-12-16;0,84;74;;jah
1993-12-17;0,85;66;;jah
1993-12-18;0,86;52;;jah
1993-12-19;0,88;44;;jah
1993-12-20;3,49;90;;jah
1993-12-21;4,67;98;;jah
1993-12-22;3,57;80;;jah
1993-12-23;2,25;59;;jah
1993-12-24;1,61;49;;jah
1993-12-25;1,51;47;;jah
1993-12-26;1,41;45;;jah
1993-12-27;1,47;46;;jah
1993-12-28;1,37;44;;jah
1993-12-29;1,31;43;;jah
1993-12-30;1,32;43;;jah
1993-12-31;1,33;43;;jah
1994-01-01;1,43;44;;jah
1994-01-02;1,45;44;;jah
1994-01-03;1,38;43;;jah
1994-01-04;1,38;43;;jah
1994-01-05;1,38;43;;jah
1994-01-06;1,31;42;;jah
1994-01-07;1,31;42;;jah
1994-01-08;1,24;41;;jah
1994-01-09;1,08;41;;jah
1994-01-10;1,8;59;;jah
1994-01-11;2,61;75;;jah
1994-01-12;2,95;83;;jah
1994-01-13;2,74;80;;jah
1994-01-14;3,84;98;;jah
1994-01-15;6,8;131;;jah
1994-01-16;6,58;124;;jah
1994-01-17;4,33;91;;jah
1994-01-18;3,67;83;;jah
1994-01-19;3,49;81;;jah
1994-01-20;3,71;86;;jah
1994-01-21;3,71;87;;jah
1994-01-22;4,97;109;;jah
1994-01-23;4,41;93;;jah
1994-01-24;3;69;;jah
1994-01-25;2,3;59;;jah
1994-01-26;1,97;54;;jah
1994-01-27;1,91;53;;jah
1994-01-28;1,68;50;;jah
1994-01-29;1,48;54;;jah
1994-01-30;1,37;69;;jah
1994-01-31;1,25;78;;jah
1994-02-01;1,23;83;;jah
1994-02-02;1,18;81;;jah
1994-02-03;1,14;74;;jah
1994-02-04;1,06;66;;jah
1994-02-05;1,01;58;;jah
1994-02-06;0,97;54;;jah
1994-02-07;0,93;53;;jah
1994-02-08;0,86;50;;jah
1994-02-09;0,83;48;;jah
1994-02-10;0,79;47;;jah
1994-02-11;0,71;46;;jah
1994-02-12;0,64;45;;jah
1994-02-13;0,57;44;;jah
1994-02-14;0,57;45;;jah
1994-02-15;0,6;48;;jah
1994-02-16;0,65;51;;jah
1994-02-17;0,67;53;;jah
1994-02-18;0,68;54;;jah
1994-02-19;0,66;53;;jah
1994-02-20;0,63;52;;jah
1994-02-21;0,61;52;;jah
1994-02-22;0,61;52;;jah
1994-02-23;0,64;53;;jah
1994-02-24;0,69;55;;jah
1994-02-25;0,71;56;;jah
1994-02-26;0,67;55;;jah
1994-02-27;0,69;56;;jah
1994-02-28;0,67;55;;jah
1994-03-01;0,65;54;;jah
1994-03-02;0,65;54;;jah
1994-03-03;0,65;54;;jah
1994-03-04;0,65;54;;jah
1994-03-05;0,67;55;;jah
1994-03-06;0,69;56;;jah
1994-03-07;0,75;58;;jah
1994-03-08;0,95;64;;jah
1994-03-09;3,95;133;;jah
1994-03-10;9,17;202;;jah
1994-03-11;7,8;173;;jah
1994-03-12;8;165;;jah
1994-03-13;8,22;147;;jah
1994-03-14;7,31;134;;jah
1994-03-15;7,52;131;;jah
1994-03-16;4,84;96;;jah
1994-03-17;3,47;77;;jah
1994-03-18;2,59;64;;jah
1994-03-19;2,11;56;;jah
1994-03-20;1,85;52;;jah
1994-03-21;1,71;50;;jah
1994-03-22;1,53;47;;jah
1994-03-23;1,41;45;;jah
1994-03-24;3;70;;jah
1994-03-25;4,78;95;;jah
1994-03-26;3,13;72;;jah
1994-03-27;1,98;54;;jah
1994-03-28;1,53;47;;jah
1994-03-29;1,47;46;;jah
1994-03-30;2,79;67;;jah
1994-03-31;4,24;88;;jah
1994-04-01;4,7;94;;jah
1994-04-02;5,68;107;;jah
1994-04-03;10,8;165;;jah
1994-04-04;14,4;198;;jah
1994-04-05;10,4;161;;jah
1994-04-06;8,18;137;;jah
1994-04-07;7,57;130;;jah
1994-04-08;9,07;147;;jah
1994-04-09;8,28;138;;jah
1994-04-10;6,72;120;;jah
1994-04-11;5,38;103;;jah
1994-04-12;4,78;95;;jah
1994-04-13;4,63;93;;jah
1994-04-14;5,3;102;;jah
1994-04-15;7,83;133;;jah
1994-04-16;7,48;129;;jah
1994-04-17;6,48;117;;jah
1994-04-18;4,7;94;;jah
1994-04-19;4,08;86;;jah
1994-04-20;3,81;82;;jah
1994-04-21;3,54;78;;jah
1994-04-22;3,4;76;;jah
1994-04-23;3,26;74;;jah
1994-04-24;3,07;71;;jah
1994-04-25;2,86;68;;jah
1994-04-26;2,72;66;;jah
1994-04-27;2,79;67;;jah
1994-04-28;2,65;65;;jah
1994-04-29;2,32;63;;jah
1994-04-30;2,39;61;;jah
1994-05-01;3,4;76;;jah
1994-05-02;3,81;82;;jah
1994-05-03;3,68;80;;jah
1994-05-04;3,07;71;;jah
1994-05-05;2,52;63;;jah
1994-05-06;2,27;59;;jah
1994-05-07;1,98;54;;jah
1994-05-08;1,71;50;;jah
1994-05-09;1,65;49;;jah
1994-05-10;1,47;46;;jah
1994-05-11;1,41;45;;jah
1994-05-12;1,35;44;;jah
1994-05-13;1,3;43;;jah
1994-05-14;1,19;41;;jah
1994-05-15;1,19;41;;jah
1994-05-16;1,19;41;;jah
1994-05-17;1,13;40;;jah
1994-05-18;1,3;43;;jah
1994-05-19;2,05;55;;jah
1994-05-20;2,11;56;;jah
1994-05-21;2,59;64;;jah
1994-05-22;2,93;69;;jah
1994-05-23;2,27;59;;jah
1994-05-24;1,85;52;;jah
1994-05-25;1,65;49;;jah
1994-05-26;1,47;46;;jah
1994-05-27;1,85;52;;jah
1994-05-28;2,05;55;;jah
1994-05-29;1,65;49;;jah
1994-05-30;1,53;47;;jah
1994-05-31;1,47;46;;jah
1994-06-01;1,23;45;;jah
1994-06-02;1,22;45;;jah
1994-06-03;1,2;45;;jah
1994-06-04;1,65;54;;jah
1994-06-05;1,96;60;;jah
1994-06-06;1,6;54;;jah
1994-06-07;1,35;50;;jah
1994-06-08;1,23;48;;jah
1994-06-09;1,08;45;;jah
1994-06-10;0,96;43;;jah
1994-06-11;0,86;41;;jah
1994-06-12;0,79;40;;jah
1994-06-13;0,76;40;;jah
1994-06-14;0,7;39;;jah
1994-06-15;0,61;37;;jah
1994-06-16;0,55;36;;jah
1994-06-17;0,65;40;;jah
1994-06-18;0,66;41;;jah
1994-06-19;0,6;40;;jah
1994-06-20;0,79;47;;jah
1994-06-21;0,81;49;;jah
1994-06-22;0,78;49;;jah
1994-06-23;0,97;56;;jah
1994-06-24;1,24;66;;jah
1994-06-25;1,1;62;;jah
1994-06-26;0,94;57;;jah
1994-06-27;0,75;51;;jah
1994-06-28;0,67;49;;jah
1994-06-29;0,61;47;;jah
1994-06-30;0,57;46;;jah
1994-07-01;0,56;46;;jah
1994-07-02;0,61;49;;jah
1994-07-03;0,56;47;;jah
1994-07-04;0,52;47;;jah
1994-07-05;0,47;46;;jah
1994-07-06;0,44;46;;jah
1994-07-07;0,41;45;;jah
1994-07-08;0,39;45;;jah
1994-07-09;0,38;45;;jah
1994-07-10;0,33;45;;jah
1994-07-11;0,31;45;;jah
1994-07-12;0,29;45;;jah
1994-07-13;0,27;46;;jah
1994-07-14;0,25;46;;jah
1994-07-15;0,26;47;;jah
1994-07-16;0,26;47;;jah
1994-07-17;0,35;56;;jah
1994-07-18;0,41;62;;jah
1994-07-19;0,42;65;;jah
1994-07-20;0,38;61;;jah
1994-07-21;0,34;59;;jah
1994-07-22;0,32;57;;jah
1994-07-23;0,31;56;;jah
1994-07-24;0,32;57;;jah
1994-07-25;0,44;66;;jah
1994-07-26;0,39;62;;jah
1994-07-27;0,37;58;;jah
1994-07-28;0,39;58;;jah
1994-07-29;0,4;59;;jah
1994-07-30;0,35;56;;jah
1994-07-31;0,35;56;;jah
1994-08-01;0,32;54;;jah
1994-08-02;0,35;56;;jah
1994-08-03;0,45;65;;jah
1994-08-04;0,5;70;;jah
1994-08-05;0,48;70;;jah
1994-08-06;0,41;64;;jah
1994-08-07;0,38;61;;jah
1994-08-08;0,46;68;;jah
1994-08-09;0,41;64;;jah
1994-08-10;0,43;64;;jah
1994-08-11;0,77;80;;jah
1994-08-12;1,13;99;;jah
1994-08-13;1,06;97;;jah
1994-08-14;0,97;92;;jah
1994-08-15;0,85;87;;jah
1994-08-16;0,77;82;;jah
1994-08-17;0,63;74;;jah
1994-08-18;0,58;70;;jah
1994-08-19;0,5;66;;jah
1994-08-20;0,49;65;;jah
1994-08-21;0,51;67;;jah
1994-08-22;0,53;68;;jah
1994-08-23;0,51;67;;jah
1994-08-24;0,51;65;;jah
1994-08-25;0,48;63;;jah
1994-08-26;0,47;62;;jah
1994-08-27;0,44;60;;jah
1994-08-28;0,42;58;;jah
1994-08-29;0,4;56;;jah
1994-08-30;0,4;56;;jah
1994-08-31;0,43;59;;jah
1994-09-01;0,42;58;;jah
1994-09-02;0,41;57;;jah
1994-09-03;0,41;56;;jah
1994-09-04;0,41;56;;jah
1994-09-05;0,41;56;;jah
1994-09-06;0,41;56;;jah
1994-09-07;0,51;62;;jah
1994-09-08;0,51;62;;jah
1994-09-09;0,47;59;;jah
1994-09-10;0,44;57;;jah
1994-09-11;0,43;55;;jah
1994-09-12;0,45;55;;jah
1994-09-13;0,53;58;;jah
1994-09-14;0,63;61;;jah
1994-09-15;0,67;60;;jah
1994-09-16;0,81;64;;jah
1994-09-17;1,15;76;;jah
1994-09-18;1,08;71;;jah
1994-09-19;1,34;78;;jah
1994-09-20;1,32;75;;jah
1994-09-21;1,22;70;;jah
1994-09-22;1,27;70;;jah
1994-09-23;1,22;66;;jah
1994-09-24;1,12;61;;jah
1994-09-25;1,02;57;;jah
1994-09-26;0,95;54;;jah
1994-09-27;0,9;51;;jah
1994-09-28;0,88;50;;jah
1994-09-29;0,88;49;;jah
1994-09-30;0,97;51;;jah
1994-10-01;1,06;53;;jah
1994-10-02;1,31;59;;jah
1994-10-03;1,3;58;;jah
1994-10-04;1,22;55;;jah
1994-10-05;1,31;57;;jah
1994-10-06;1,22;54;;jah
1994-10-07;1,06;50;;jah
1994-10-08;0,96;47;;jah
1994-10-09;0,91;45;;jah
1994-10-10;0,89;44;;jah
1994-10-11;0,91;44;;jah
1994-10-12;0,93;44;;jah
1994-10-13;0,96;44;;jah
1994-10-14;0,99;44;;jah
1994-10-15;0,96;43;;jah
1994-10-16;0,93;42;;jah
1994-10-17;0,85;40;;jah
1994-10-18;0,83;39;;jah
1994-10-19;0,81;38;;jah
1994-10-20;0,77;37;;jah
1994-10-21;0,72;36;;jah
1994-10-22;0,72;36;;jah
1994-10-23;0,72;36;;jah
1994-10-24;0,72;36;;jah
1994-10-25;0,77;37;;jah
1994-10-26;0,89;40;;jah
1994-10-27;1,01;42;;jah
1994-10-28;1,01;42;;jah
1994-10-29;1,01;42;;jah
1994-10-30;0,96;41;;jah
1994-10-31;0,96;41;;jah
1994-11-01;1,41;45;;jah
1994-11-02;2,16;57;;jah
1994-11-03;2,22;58;;jah
1994-11-04;1,85;52;;jah
1994-11-05;1,47;46;;jah
1994-11-06;1,3;43;;jah
1994-11-07;1,24;42;;jah
1994-11-08;1,24;42;;jah
1994-11-09;1,24;42;;jah
1994-11-10;1,19;41;;jah
1994-11-11;1,19;41;;jah
1994-11-12;1,3;43;;jah
1994-11-13;1,41;45;;jah
1994-11-14;0,92;37;;jah
1994-11-15;1,06;39;;jah
1994-11-16;1,41;45;;jah
1994-11-17;1,65;49;;jah
1994-11-18;1,59;48;;jah
1994-11-19;1,47;46;;jah
1994-11-20;1,35;44;;jah
1994-11-21;1,65;49;;jah
1994-11-22;2,16;57;;jah
1994-11-23;2,27;59;;jah
1994-11-24;2,65;65;;jah
1994-11-25;2,86;68;;jah
1994-11-26;2,33;60;;jah
1994-11-27;1,59;48;;jah
1994-11-28;1,65;49;;jah
1994-11-29;1,78;51;;jah
1994-11-30;1,78;51;;jah
1994-12-01;1,59;48;;jah
1994-12-02;1,47;46;;jah
1994-12-03;1,41;45;;jah
1994-12-04;1,35;44;;jah
1994-12-05;1,3;43;;jah
1994-12-06;1,3;43;;jah
1994-12-07;1,3;43;;jah
1994-12-08;1,3;43;;jah
1994-12-09;1,3;43;;jah
1994-12-10;1,24;42;;jah
1994-12-11;1,3;43;;jah
1994-12-12;1,71;50;;jah
1994-12-13;1,78;51;;jah
1994-12-14;1,71;50;;jah
1994-12-15;1,48;46;;jah
1994-12-16;1,42;45;;jah
1994-12-17;1,41;62;;jah
1994-12-18;1,4;76;;jah
1994-12-19;1,4;69;;jah
1994-12-20;1,39;61;;jah
1994-12-21;1,39;52;;jah
1994-12-22;1,39;45;;jah
1994-12-23;1,32;44;;jah
1994-12-24;1,32;44;;jah
1994-12-25;1,31;44;;jah
1994-12-26;1,25;43;;jah
1994-12-27;1,19;42;;jah
1994-12-28;1,18;42;;jah
1994-12-29;1,18;42;;jah
1994-12-30;2,27;62;;jah
1994-12-31;3,84;87;;jah
1995-01-01;4,72;99;;jah
1995-01-02;3,26;86;;jah
1995-01-03;2,11;69;;jah
1995-01-04;1,51;71;;jah
1995-01-05;1,38;90;;jah
1995-01-06;1,29;99;;jah
1995-01-07;1,23;94;;jah
1995-01-08;1,17;90;;jah
1995-01-09;1,15;88;;jah
1995-01-10;1,11;83;;jah
1995-01-11;1,07;76;;jah
1995-01-12;1,01;68;;jah
1995-01-13;0,96;65;;jah
1995-01-14;0,92;59;;jah
1995-01-15;0,92;54;;jah
1995-01-16;0,91;49;;jah
1995-01-17;0,74;44;;jah
1995-01-18;0,7;47;;jah
1995-01-19;0,66;48;;jah
1995-01-20;0,65;47;;jah
1995-01-21;0,61;43;;jah
1995-01-22;0,58;42;;jah
1995-01-23;0,62;44;;jah
1995-01-24;0,65;46;;jah
1995-01-25;0,71;49;;jah
1995-01-26;0,75;51;;jah
1995-01-27;0,76;52;;jah
1995-01-28;0,78;53;;jah
1995-01-29;0,79;54;;jah
1995-01-30;0,79;54;;jah
1995-01-31;0,74;53;;jah
1995-02-01;0,63;49;;jah
1995-02-02;0,75;58;;jah
1995-02-03;1,14;80;;jah
1995-02-04;1,22;82;;jah
1995-02-05;1,21;80;;jah
1995-02-06;1,32;83;;jah
1995-02-07;1,77;95;;jah
1995-02-08;2,1;103;;jah
1995-02-09;2,3;106;;jah
1995-02-10;2,14;101;;jah
1995-02-11;1,79;91;;jah
1995-02-12;1,5;81;;jah
1995-02-13;1,47;80;;jah
1995-02-14;2,76;105;;jah
1995-02-15;3,78;112;;jah
1995-02-16;6,42;148;;jah
1995-02-17;8,81;170;;jah
1995-02-18;8,86;165;;jah
1995-02-19;9,63;169;;jah
1995-02-20;7,44;136;;jah
1995-02-21;5,85;112;;jah
1995-02-22;5,65;108;;jah
1995-02-23;6,89;122;;jah
1995-02-24;7,23;126;;jah
1995-02-25;6,01;111;;jah
1995-02-26;4,55;92;;jah
1995-02-27;3,54;78;;jah
1995-02-28;3;70;;jah
1995-03-01;3,13;72;;jah
1995-03-02;4;95;;jah
1995-03-03;6,32;115;;jah
1995-03-04;5,23;106;;jah
1995-03-05;4,7;94;;jah
1995-03-06;4,7;94;;jah
1995-03-07;5,16;100;;jah
1995-03-08;6,01;111;;jah
1995-03-09;6,64;119;;jah
1995-03-10;6,8;121;;jah
1995-03-11;6,72;120;;jah
1995-03-12;6,09;112;;jah
1995-03-13;4,86;96;;jah
1995-03-14;3,4;76;;jah
1995-03-15;3;70;;jah
1995-03-16;2,39;61;;jah
1995-03-17;2,16;57;;jah
1995-03-18;2,11;56;;jah
1995-03-19;2,22;58;;jah
1995-03-20;2,52;63;;jah
1995-03-21;3,2;73;;jah
1995-03-22;3,61;79;;jah
1995-03-23;3,61;79;;jah
1995-03-24;3,81;82;;jah
1995-03-25;4,32;89;;jah
1995-03-26;5,16;100;;jah
1995-03-27;5,08;99;;jah
1995-03-28;4,4;89;;jah
1995-03-29;3,74;81;;jah
1995-03-30;3,13;72;;jah
1995-03-31;2,59;64;;jah
1995-04-01;2,46;62;;jah
1995-04-02;2,52;63;;jah
1995-04-03;2,72;66;;jah
1995-04-04;2,79;67;;jah
1995-04-05;2,52;63;;jah
1995-04-06;2,39;61;;jah
1995-04-07;2,33;60;;jah
1995-04-08;2,39;61;;jah
1995-04-09;2,46;62;;jah
1995-04-10;2,59;64;;jah
1995-04-11;2,65;65;;jah
1995-04-12;2,59;64;;jah
1995-04-13;2,86;68;;jah
1995-04-14;3,26;74;;jah
1995-04-15;3,26;74;;jah
1995-04-16;3,33;75;;jah
1995-04-17;3,54;78;;jah
1995-04-18;3,81;82;;jah
1995-04-19;4,08;86;;jah
1995-04-20;3,94;84;;jah
1995-04-21;3,47;77;;jah
1995-04-22;2,93;69;;jah
1995-04-23;2,52;63;;jah
1995-04-24;2,27;59;;jah
1995-04-25;2,16;57;;jah
1995-04-26;1,98;54;;jah
1995-04-27;1,85;52;;jah
1995-04-28;1,71;50;;jah
1995-04-29;1,71;50;;jah
1995-04-30;1,78;51;;jah
1995-05-01;1,78;51;;jah
1995-05-02;1,65;49;;jah
1995-05-03;1,53;47;;jah
1995-05-04;1,47;46;;jah
1995-05-05;1,53;47;;jah
1995-05-06;1,65;49;;jah
1995-05-07;2,11;56;;jah
1995-05-08;3,26;74;;jah
1995-05-09;3,33;75;;jah
1995-05-10;2,52;63;;jah
1995-05-11;2,11;56;;jah
1995-05-12;1,78;51;;jah
1995-05-13;1,98;54;;jah
1995-05-14;4,4;90;;jah
1995-05-15;9,73;154;;jah
1995-05-16;8,28;142;;jah
1995-05-17;5,52;105;;jah
1995-05-18;3,68;80;;jah
1995-05-19;3,07;71;;jah
1995-05-20;2,59;64;;jah
1995-05-21;2,22;58;;jah
1995-05-22;2,11;56;;jah
1995-05-23;2,22;58;;jah
1995-05-24;2,05;55;;jah
1995-05-25;1,78;51;;jah
1995-05-26;1,71;50;;jah
1995-05-27;1,65;49;;jah
1995-05-28;1,59;48;;jah
1995-05-29;1,53;47;;jah
1995-05-30;1,35;44;;jah
1995-05-31;1,41;45;;jah
1995-06-01;1,46;46;;jah
1995-06-02;1,31;44;;jah
1995-06-03;1,04;40;;jah
1995-06-04;0,87;38;;jah
1995-06-05;3,94;93;;jah
1995-06-06;6;125;;jah
1995-06-07;6,87;137;;jah
1995-06-08;4,58;105;;jah
1995-06-09;2,6;72;;jah
1995-06-10;1,96;61;;jah
1995-06-11;1,75;57;;jah
1995-06-12;1,58;54;;jah
1995-06-13;1,32;49;;jah
1995-06-14;1,11;45;;jah
1995-06-15;1,07;44;;jah
1995-06-16;1,75;58;;jah
1995-06-17;1,6;55;;jah
1995-06-18;1,29;49;;jah
1995-06-19;1,24;48;;jah
1995-06-20;1,54;54;;jah
1995-06-21;1,79;60;;jah
1995-06-22;1,63;56;;jah
1995-06-23;1,54;55;;jah
1995-06-24;1,66;59;;jah
1995-06-25;1,32;53;;jah
1995-06-26;1,09;49;;jah
1995-06-27;0,9;46;;jah
1995-06-28;0,78;44;;jah
1995-06-29;0,72;43;;jah
1995-06-30;0,73;44;;jah
1995-07-01;0,75;45;;jah
1995-07-02;0,72;45;;jah
1995-07-03;0,66;44;;jah
1995-07-04;0,68;45;;jah
1995-07-05;0,66;45;;jah
1995-07-06;0,64;45;;jah
1995-07-07;0,57;43;;jah
1995-07-08;0,53;42;;jah
1995-07-09;0,49;41;;jah
1995-07-10;0,46;40;;jah
1995-07-11;0,45;40;;jah
1995-07-12;0,41;39;;jah
1995-07-13;0,4;39;;jah
1995-07-14;0,38;38;;jah
1995-07-15;0,37;38;;jah
1995-07-16;0,36;38;;jah
1995-07-17;0,36;38;;jah
1995-07-18;0,38;39;;jah
1995-07-19;0,43;42;;jah
1995-07-20;0,47;44;;jah
1995-07-21;0,47;44;;jah
1995-07-22;0,46;44;;jah
1995-07-23;0,54;48;;jah
1995-07-24;0,49;46;;jah
1995-07-25;0,45;44;;jah
1995-07-26;0,47;45;;jah
1995-07-27;0,45;45;;jah
1995-07-28;0,42;43;;jah
1995-07-29;0,37;41;;jah
1995-07-30;0,37;41;;jah
1995-07-31;0,32;39;;jah
1995-08-01;0,3;38;;jah
1995-08-02;0,29;38;;jah
1995-08-03;0,31;39;;jah
1995-08-04;0,36;42;;jah
1995-08-05;0,36;43;;jah
1995-08-06;0,35;42;;jah
1995-08-07;0,32;41;;jah
1995-08-08;0,35;43;;jah
1995-08-09;0,37;44;;jah
1995-08-10;0,46;50;;jah
1995-08-11;0,57;56;;jah
1995-08-12;0,5;53;;jah
1995-08-13;0,45;50;;jah
1995-08-14;0,43;49;;jah
1995-08-15;0,4;47;;jah
1995-08-16;0,37;45;;jah
1995-08-17;0,34;43;;jah
1995-08-18;0,34;43;;jah
1995-08-19;0,31;41;;jah
1995-08-20;0,31;40;;jah
1995-08-21;0,31;40;;jah
1995-08-22;0,3;39;;jah
1995-08-23;0,29;38;;jah
1995-08-24;0,3;38;;jah
1995-08-25;0,29;37;;jah
1995-08-26;0,3;37;;jah
1995-08-27;0,36;39;;jah
1995-08-28;0,35;38;;jah
1995-08-29;0,35;38;;jah
1995-08-30;0,42;41;;jah
1995-08-31;0,4;40;;jah
1995-09-01;0,35;38;;jah
1995-09-02;0,35;38;;jah
1995-09-03;0,37;39;;jah
1995-09-04;0,37;39;;jah
1995-09-05;0,35;38;;jah
1995-09-06;0,36;38;;jah
1995-09-07;0,36;38;;jah
1995-09-08;0,37;38;;jah
1995-09-09;0,39;39;;jah
1995-09-10;0,5;44;;jah
1995-09-11;0,47;42;;jah
1995-09-12;0,43;40;;jah
1995-09-13;0,4;39;;jah
1995-09-14;0,38;38;;jah
1995-09-15;0,38;38;;jah
1995-09-16;0,35;37;;jah
1995-09-17;0,32;36;;jah
1995-09-18;0,32;35;;jah
1995-09-19;0,33;35;;jah
1995-09-20;0,34;35;;jah
1995-09-21;0,34;35;;jah
1995-09-22;0,36;35;;jah
1995-09-23;0,36;35;;jah
1995-09-24;0,37;35;;jah
1995-09-25;0,38;35;;jah
1995-09-26;0,4;35;;jah
1995-09-27;0,42;36;;jah
1995-09-28;0,5;38;;jah
1995-09-29;0,58;40;;jah
1995-09-30;0,56;39;;jah
1995-10-01;0,67;42;;jah
1995-10-02;0,86;47;;jah
1995-10-03;0,77;44;;jah
1995-10-04;0,72;42;;jah
1995-10-05;0,68;40;;jah
1995-10-06;0,6;38;;jah
1995-10-07;0,58;37;;jah
1995-10-08;0,54;36;;jah
1995-10-09;0,55;36;;jah
1995-10-10;0,62;37;;jah
1995-10-11;0,59;36;;jah
1995-10-12;0,58;35;;jah
1995-10-13;0,58;34;;jah
1995-10-14;0,57;33;;jah
1995-10-15;0,58;33;;jah
1995-10-16;0,59;33;;jah
1995-10-17;0,59;33;;jah
1995-10-18;0,62;34;;jah
1995-10-19;0,67;36;;jah
1995-10-20;0,95;41;;jah
1995-10-21;0,96;41;;jah
1995-10-22;0,87;39;;jah
1995-10-23;0,76;37;;jah
1995-10-24;0,71;35;;jah
1995-10-25;0,71;35;;jah
1995-10-26;0,71;34;;jah
1995-10-27;0,73;34;;jah
1995-10-28;0,76;35;;jah
1995-10-29;0,76;34;;jah
1995-10-30;0,78;34;;jah
1995-10-31;0,76;33;;jah
1995-11-01;0,74;32;;jah
1995-11-02;0,74;32;;jah
1995-11-03;0,81;35;;jah
1995-11-04;0,75;32;;jah
1995-11-05;0,73;31;;jah
1995-11-06;0,76;32;;jah
1995-11-07;0,85;36;;jah
1995-11-08;0,83;35;;jah
1995-11-09;0,81;49;;jah
1995-11-10;0,83;48;;jah
1995-11-11;0,8;33;;jah
1995-11-12;0,81;33;;jah
1995-11-13;0,83;33;;jah
1995-11-14;0,83;33;;jah
1995-11-15;0,88;34;;jah
1995-11-16;0,94;36;;jah
1995-11-17;1,03;37;;jah
1995-11-18;1,12;38;;jah
1995-11-19;1,12;38;;jah
1995-11-20;1,13;40;;jah
1995-11-21;1,13;54;;jah
1995-11-22;1,14;38;;jah
1995-11-23;0,95;35;;jah
1995-11-24;0,94;34;;jah
1995-11-25;0,99;36;;jah
1995-11-26;1,07;37;;jah
1995-11-27;1,08;37;;jah
1995-11-28;1,09;37;;jah
1995-11-29;1,17;48;;jah
1995-11-30;1,17;38;;jah
1995-12-01;0,87;34;;jah
1995-12-02;0,81;34;;jah
1995-12-03;0,67;34;;jah
1995-12-04;0,56;49;;jah
1995-12-05;0,52;57;;jah
1995-12-06;0,5;43;;jah
1995-12-07;0,5;34;;jah
1995-12-08;0,48;33;;jah
1995-12-09;0,47;32;;jah
1995-12-10;0,47;31;;jah
1995-12-11;0,48;32;;jah
1995-12-12;0,49;32;;jah
1995-12-13;0,49;32;;jah
1995-12-14;0,49;32;;jah
1995-12-15;0,51;33;;jah
1995-12-16;0,51;33;;jah
1995-12-17;0,51;33;;jah
1995-12-18;0,52;33;;jah
1995-12-19;0,5;31;;jah
1995-12-20;0,5;34;;jah
1995-12-21;0,51;34;;jah
1995-12-22;0,54;34;;jah
1995-12-23;0,52;33;;jah
1995-12-24;0,54;34;;jah
1995-12-25;0,56;35;;jah
1995-12-26;0,56;35;;jah
1995-12-27;0,56;35;;jah
1995-12-28;0,62;37;;jah
1995-12-29;0,75;40;;jah
1995-12-30;0,81;42;;jah
1995-12-31;0,83;43;;jah
1996-01-01;0,83;44;;jah
1996-01-02;0,84;46;;jah
1996-01-03;0,84;47;;jah
1996-01-04;0,77;45;;jah
1996-01-05;0,77;47;;jah
1996-01-06;0,8;49;;jah
1996-01-07;0,8;50;;jah
1996-01-08;0,78;49;;jah
1996-01-09;0,75;48;;jah
1996-01-10;0,76;49;;jah
1996-01-11;0,79;50;;jah
1996-01-12;0,82;51;;jah
1996-01-13;0,81;51;;jah
1996-01-14;0,81;51;;jah
1996-01-15;0,78;50;;jah
1996-01-16;0,75;49;;jah
1996-01-17;0,68;47;;jah
1996-01-18;0,67;47;;jah
1996-01-19;0,67;47;;jah
1996-01-20;0,64;47;;jah
1996-01-21;0,61;46;;jah
1996-01-22;0,57;45;;jah
1996-01-23;0,49;42;;jah
1996-01-24;0,38;38;;jah
1996-01-25;0,38;39;;jah
1996-01-26;0,52;46;;jah
1996-01-27;0,57;49;;jah
1996-01-28;0,56;49;;jah
1996-01-29;0,57;51;;jah
1996-01-30;0,56;51;;jah
1996-01-31;0,54;51;;jah
1996-02-01;0,5;50;;jah
1996-02-02;0,46;49;;jah
1996-02-03;0,4;47;;jah
1996-02-04;0,42;50;;jah
1996-02-05;0,42;51;;jah
1996-02-06;0,41;52;;jah
1996-02-07;0,43;55;;jah
1996-02-08;0,42;54;;jah
1996-02-09;0,44;60;;jah
1996-02-10;0,45;66;;jah
1996-02-11;0,45;68;;jah
1996-02-12;0,46;72;;jah
1996-02-13;0,46;77;;jah
1996-02-14;0,47;78;;jah
1996-02-15;0,48;77;;jah
1996-02-16;0,48;75;;jah
1996-02-17;0,49;73;;jah
1996-02-18;0,49;70;;jah
1996-02-19;0,52;66;;jah
1996-02-20;0,54;64;;jah
1996-02-21;0,58;65;;jah
1996-02-22;0,58;62;;jah
1996-02-23;0,6;62;;jah
1996-02-24;0,58;58;;jah
1996-02-25;0,62;59;;jah
1996-02-26;0,64;58;;jah
1996-02-27;0,63;56;;jah
1996-02-28;0,57;52;;jah
1996-02-29;0,58;52;;jah
1996-03-01;0,62;53;;jah
1996-03-02;0,61;52;;jah
1996-03-03;0,52;47;;jah
1996-03-04;0,6;50;;jah
1996-03-05;0,58;49;;jah
1996-03-06;0,59;49;;jah
1996-03-07;0,54;46;;jah
1996-03-08;0,59;48;;jah
1996-03-09;0,62;49;;jah
1996-03-10;0,65;49;;jah
1996-03-11;0,62;47;;jah
1996-03-12;0,7;49;;jah
1996-03-13;0,68;47;;jah
1996-03-14;0,68;46;;jah
1996-03-15;0,76;48;;jah
1996-03-16;0,79;49;;jah
1996-03-17;0,82;49;;jah
1996-03-18;0,74;45;;jah
1996-03-19;0,77;46;;jah
1996-03-20;0,78;46;;jah
1996-03-21;0,77;46;;jah
1996-03-22;0,84;49;;jah
1996-03-23;0,74;45;;jah
1996-03-24;0,74;45;;jah
1996-03-25;0,75;46;;jah
1996-03-26;0,75;45;;jah
1996-03-27;0,86;49;;jah
1996-03-28;0,8;47;;jah
1996-03-29;0,71;43;;jah
1996-03-30;0,68;40;;jah
1996-03-31;0,57;35;;jah
1996-04-01;0,56;33;;jah
1996-04-02;0,59;33;;jah
1996-04-03;0,66;34;;jah
1996-04-04;0,77;35;;jah
1996-04-05;0,74;34;;jah
1996-04-06;0,84;35;;jah
1996-04-07;1,11;39;;jah
1996-04-08;1,63;46;;jah
1996-04-09;2,66;63;;jah
1996-04-10;3,47;77;;jah
1996-04-11;3,96;83;;jah
1996-04-12;2,66;61;;jah
1996-04-13;2,34;59;;jah
1996-04-14;3,08;71;;jah
1996-04-15;4,07;86;;jah
1996-04-16;5;99;;jah
1996-04-17;5,45;106;;jah
1996-04-18;5,6;108;;jah
1996-04-19;5,76;110;;jah
1996-04-20;6,15;116;;jah
1996-04-21;6,39;119;;jah
1996-04-22;6,2;116;;jah
1996-04-23;5,58;106;;jah
1996-04-24;4,78;94;;jah
1996-04-25;3,75;78;;jah
1996-04-26;3,01;68;;jah
1996-04-27;3,18;72;;jah
1996-04-28;2,8;65;;jah
1996-04-29;2,45;60;;jah
1996-04-30;2,21;56;;jah
1996-05-01;1,94;52;;jah
1996-05-02;1,73;49;;jah
1996-05-03;1,82;51;;jah
1996-05-04;1,8;50;;jah
1996-05-05;1,78;50;;jah
1996-05-06;1,67;48;;jah
1996-05-07;1,56;46;;jah
1996-05-08;1,42;44;;jah
1996-05-09;1,29;42;;jah
1996-05-10;1,68;49;;jah
1996-05-11;2,39;60;;jah
1996-05-12;1,96;52;;jah
1996-05-13;1,67;48;;jah
1996-05-14;1,54;46;;jah
1996-05-15;1,42;44;;jah
1996-05-16;1,34;43;;jah
1996-05-17;1,2;40;;jah
1996-05-18;1,12;39;;jah
1996-05-19;1,09;39;;jah
1996-05-20;1,03;38;;jah
1996-05-21;0,97;37;;jah
1996-05-22;0,9;36;;jah
1996-05-23;0,81;34;;jah
1996-05-24;0,78;34;;jah
1996-05-25;0,75;33;;jah
1996-05-26;1;37;;jah
1996-05-27;2,62;66;;jah
1996-05-28;2,46;59;;jah
1996-05-29;1,96;52;;jah
1996-05-30;2,09;55;;jah
1996-05-31;1,71;49;;jah
1996-06-01;1,29;44;;jah
1996-06-02;1,05;40;;jah
1996-06-03;0,9;38;;jah
1996-06-04;0,82;37;;jah
1996-06-05;0,74;36;;jah
1996-06-06;0,66;35;;jah
1996-06-07;0,62;34;;jah
1996-06-08;0,57;33;;jah
1996-06-09;0,55;33;;jah
1996-06-10;0,5;32;;jah
1996-06-11;0,51;33;;jah
1996-06-12;0,48;32;;jah
1996-06-13;0,46;32;;jah
1996-06-14;0,45;32;;jah
1996-06-15;0,42;31;;jah
1996-06-16;0,45;33;;jah
1996-06-17;0,49;35;;jah
1996-06-18;0,43;33;;jah
1996-06-19;0,47;36;;jah
1996-06-20;0,48;36;;jah
1996-06-21;0,47;36;;jah
1996-06-22;0,62;42;;jah
1996-06-23;0,63;41;;jah
1996-06-24;0,6;41;;jah
1996-06-25;0,64;42;;jah
1996-06-26;0,64;42;;jah
1996-06-27;0,75;46;;jah
1996-06-28;1;55;;jah
1996-06-29;1,05;56;;jah
1996-06-30;0,88;51;;jah
1996-07-01;0,86;52;;jah
1996-07-02;1,01;57;;jah
1996-07-03;1,09;61;;jah
1996-07-04;1,05;59;;jah
1996-07-05;0,9;55;;jah
1996-07-06;0,79;52;;jah
1996-07-07;0,93;59;;jah
1996-07-08;0,91;55;;jah
1996-07-09;1,08;59;;jah
1996-07-10;1,84;85;;jah
1996-07-11;1,62;79;;jah
1996-07-12;1,12;66;;jah
1996-07-13;0,87;61;;jah
1996-07-14;0,75;59;;jah
1996-07-15;0,67;56;;jah
1996-07-16;0,62;54;;jah
1996-07-17;0,64;56;;jah
1996-07-18;0,67;59;;jah
1996-07-19;0,67;60;;jah
1996-07-20;0,65;60;;jah
1996-07-21;0,63;60;;jah
1996-07-22;0,59;59;;jah
1996-07-23;0,54;57;;jah
1996-07-24;0,48;54;;jah
1996-07-25;0,46;54;;jah
1996-07-26;0,45;53;;jah
1996-07-27;0,43;52;;jah
1996-07-28;0,43;52;;jah
1996-07-29;0,46;54;;jah
1996-07-30;0,45;53;;jah
1996-07-31;0,43;51;;jah
1996-08-01;0,46;54;;jah
1996-08-02;0,49;56;;jah
1996-08-03;0,56;60;;jah
1996-08-04;0,54;58;;jah
1996-08-05;0,49;54;;jah
1996-08-06;0,46;52;;jah
1996-08-07;0,45;51;;jah
1996-08-08;0,45;50;;jah
1996-08-09;0,45;50;;jah
1996-08-10;0,44;49;;jah
1996-08-11;0,44;48;;jah
1996-08-12;0,43;48;;jah
1996-08-13;0,42;47;;jah
1996-08-14;0,41;46;;jah
1996-08-15;0,4;46;;jah
1996-08-16;0,41;47;;jah
1996-08-17;0,41;47;;jah
1996-08-18;0,4;46;;jah
1996-08-19;0,38;46;;jah
1996-08-20;0,37;45;;jah
1996-08-21;0,36;44;;jah
1996-08-22;0,34;43;;jah
1996-08-23;0,34;43;;jah
1996-08-24;0,32;42;;jah
1996-08-25;0,33;42;;jah
1996-08-26;0,31;41;;jah
1996-08-27;0,31;41;;jah
1996-08-28;0,3;40;;jah
1996-08-29;0,3;40;;jah
1996-08-30;0,29;39;;jah
1996-08-31;0,28;38;;jah
1996-09-01;0,26;37;;jah
1996-09-02;0,25;36;;jah
1996-09-03;0,26;37;;jah
1996-09-04;0,27;37;;jah
1996-09-05;0,27;37;;jah
1996-09-06;0,36;42;;jah
1996-09-07;0,6;56;;jah
1996-09-08;0,54;50;;jah
1996-09-09;0,47;46;;jah
1996-09-10;0,44;44;;jah
1996-09-11;0,44;43;;jah
1996-09-12;0,44;42;;jah
1996-09-13;0,43;41;;jah
1996-09-14;0,45;42;;jah
1996-09-15;0,83;60;;jah
1996-09-16;1,02;64;;jah
1996-09-17;0,72;51;;jah
1996-09-18;0,61;47;;jah
1996-09-19;0,58;45;;jah
1996-09-20;0,53;43;;jah
1996-09-21;0,5;41;;jah
1996-09-22;0,5;41;;jah
1996-09-23;0,5;41;;jah
1996-09-24;0,49;40;;jah
1996-09-25;0,47;39;;jah
1996-09-26;0,46;38;;jah
1996-09-27;0,47;38;;jah
1996-09-28;0,48;38;;jah
1996-09-29;0,47;37;;jah
1996-09-30;0,48;37;;jah
1996-10-01;0,61;41;;jah
1996-10-02;1,54;69;;jah
1996-10-03;1,38;60;;jah
1996-10-04;1,05;50;;jah
1996-10-05;0,94;47;;jah
1996-10-06;0,94;46;;jah
1996-10-07;0,86;43;;jah
1996-10-08;0,81;41;;jah
1996-10-09;0,75;39;;jah
1996-10-10;0,69;37;;jah
1996-10-11;0,66;36;;jah
1996-10-12;0,64;35;;jah
1996-10-13;0,63;34;;jah
1996-10-14;0,62;34;;jah
1996-10-15;0,61;33;;jah
1996-10-16;0,61;33;;jah
1996-10-17;0,62;33;;jah
1996-10-18;0,68;35;;jah
1996-10-19;1,09;44;;jah
1996-10-20;1,3;48;;jah
1996-10-21;1,35;48;;jah
1996-10-22;1,3;47;;jah
1996-10-23;1,19;44;;jah
1996-10-24;1,07;42;;jah
1996-10-25;0,93;39;;jah
1996-10-26;0,85;37;;jah
1996-10-27;0,81;36;;jah
1996-10-28;0,83;37;;jah
1996-10-29;0,92;38;;jah
1996-10-30;1,08;41;;jah
1996-10-31;2,1;60;;jah
1996-11-01;2,36;62;;jah
1996-11-02;2,06;57;;jah
1996-11-03;1,87;54;;jah
1996-11-04;1,81;53;;jah
1996-11-05;1,77;52;;jah
1996-11-06;1,61;49;;jah
1996-11-07;1,64;50;;jah
1996-11-08;1,97;56;;jah
1996-11-09;2,45;63;;jah
1996-11-10;2,18;57;;jah
1996-11-11;1,79;51;;jah
1996-11-12;1,68;50;;jah
1996-11-13;1,89;54;;jah
1996-11-14;2,2;59;;jah
1996-11-15;2,13;57;;jah
1996-11-16;1,85;52;;jah
1996-11-17;1,65;49;;jah
1996-11-18;1,48;46;;jah
1996-11-19;1,44;46;;jah
1996-11-20;1,46;46;;jah
1996-11-21;1,46;46;;jah
1996-11-22;1,44;46;;jah
1996-11-23;1,38;45;;jah
1996-11-24;1,29;43;;jah
1996-11-25;1,26;43;;jah
1996-11-26;1,2;42;;jah
1996-11-27;1,19;42;;jah
1996-11-28;1,37;45;;jah
1996-11-29;2,11;58;;jah
1996-11-30;2,53;64;;jah
1996-12-01;2,38;61;;jah
1996-12-02;2,77;68;;jah
1996-12-03;3,82;84;;jah
1996-12-04;4,92;99;;jah
1996-12-05;5,05;99;;jah
1996-12-06;3,78;80;;jah
1996-12-07;2,75;66;;jah
1996-12-08;2,21;58;;jah
1996-12-09;1,96;54;;jah
1996-12-10;1,89;53;;jah
1996-12-11;1,8;52;;jah
1996-12-12;1,68;50;;jah
1996-12-13;1,6;49;;jah
1996-12-14;1,53;49;;jah
1996-12-15;1,52;52;;jah
1996-12-16;1,46;66;;jah
1996-12-17;1,43;71;;jah
1996-12-18;1,47;73;;jah
1996-12-19;1,47;73;;jah
1996-12-20;1,46;72;;jah
1996-12-21;1,24;63;;jah
1996-12-22;0,97;54;;jah
1996-12-23;0,84;50;;jah
1996-12-24;0,75;46;;jah
1996-12-25;0,64;42;;jah
1996-12-26;0,63;43;;jah
1996-12-27;0,64;43;;jah
1996-12-28;0,71;46;;jah
1996-12-29;0,76;47;;jah
1996-12-30;0,78;48;;jah
1996-12-31;0,76;48;;jah
1997-01-01;0,72;47;;jah
1997-01-02;0,71;48;;jah
1997-01-03;0,69;49;;jah
1997-01-04;0,65;49;;jah
1997-01-05;0,63;50;;jah
1997-01-06;0,59;50;;jah
1997-01-07;0,53;49;;jah
1997-01-08;0,5;50;;jah
1997-01-09;0,48;50;;jah
1997-01-10;0,48;49;;jah
1997-01-11;0,49;48;;jah
1997-01-12;0,56;49;;jah
1997-01-13;0,66;51;;jah
1997-01-14;0,85;57;;jah
1997-01-15;0,99;59;;jah
1997-01-16;1,12;61;;jah
1997-01-17;1,19;61;;jah
1997-01-18;1,11;56;;jah
1997-01-19;0,99;51;;jah
1997-01-20;0,91;48;;jah
1997-01-21;0,87;46;;jah
1997-01-22;0,9;46;;jah
1997-01-23;0,83;43;;jah
1997-01-24;0,82;44;;jah
1997-01-25;0,9;54;;jah
1997-01-26;0,89;56;;jah
1997-01-27;0,88;53;;jah
1997-01-28;0,83;51;;jah
1997-01-29;0,87;55;;jah
1997-01-30;0,96;56;;jah
1997-01-31;0,91;50;;jah
1997-02-01;0,8;45;;jah
1997-02-02;0,84;44;;jah
1997-02-03;0,85;43;;jah
1997-02-04;0,83;41;;jah
1997-02-05;0,85;40;;jah
1997-02-06;0,91;40;;jah
1997-02-07;0,88;39;;jah
1997-02-08;1,08;43;;jah
1997-02-09;1,42;48;;jah
1997-02-10;1,47;48;;jah
1997-02-11;1,5;48;;jah
1997-02-12;2,04;58;;jah
1997-02-13;2,14;59;;jah
1997-02-14;1,95;56;;jah
1997-02-15;1,58;54;;jah
1997-02-16;1,63;74;;jah
1997-02-17;1,39;78;;jah
1997-02-18;1,42;75;;jah
1997-02-19;1,52;72;;jah
1997-02-20;1,36;61;;jah
1997-02-21;1,23;54;;jah
1997-02-22;1,46;57;;jah
1997-02-23;1,7;58;;jah
1997-02-24;2,95;81;;jah
1997-02-25;5;109;;jah
1997-02-26;10,1;173;;jah
1997-02-27;12,7;194;;jah
1997-02-28;8,92;148;;jah
1997-03-01;6,08;115;;jah
1997-03-02;4,66;93;;jah
1997-03-03;5,22;103;;jah
1997-03-04;6,63;121;;jah
1997-03-05;6,26;113;;jah
1997-03-06;4,33;87;;jah
1997-03-07;3,47;77;;jah
1997-03-08;3,12;72;;jah
1997-03-09;3,09;72;;jah
1997-03-10;3,02;71;;jah
1997-03-11;2,89;69;;jah
1997-03-12;2,7;66;;jah
1997-03-13;2,62;65;;jah
1997-03-14;2,59;64;;jah
1997-03-15;2,26;58;;jah
1997-03-16;2,01;55;;jah
1997-03-17;1,88;53;;jah
1997-03-18;1,91;53;;jah
1997-03-19;1,82;55;;jah
1997-03-20;1,73;47;;jah
1997-03-21;1,64;48;;jah
1997-03-22;1,55;47;;jah
1997-03-23;1,46;47;;jah
1997-03-24;1,37;46;;jah
1997-03-25;1,28;47;;jah
1997-03-26;1,19;46;;jah
1997-03-27;1,1;43;;jah
1997-03-28;1,01;38;;jah
1997-03-29;0,99;38;;jah
1997-03-30;1,09;40;;jah
1997-03-31;1,34;43;;jah
1997-04-01;1,59;45;;jah
1997-04-02;1,92;52;;jah
1997-04-03;2,08;54;;jah
1997-04-04;2,25;57;;jah
1997-04-05;2,44;60;;jah
1997-04-06;2,18;55;;jah
1997-04-07;1,9;50;;jah
1997-04-08;1,75;48;;jah
1997-04-09;1,67;46;;jah
1997-04-10;1,67;46;;jah
1997-04-11;1,73;48;;jah
1997-04-12;1,86;50;;jah
1997-04-13;1,78;48;;jah
1997-04-14;1,79;49;;jah
1997-04-15;1,99;53;;jah
1997-04-16;2,25;57;;jah
1997-04-17;2,46;61;;jah
1997-04-18;2,48;61;;jah
1997-04-19;2,42;60;;jah
1997-04-20;2,23;56;;jah
1997-04-21;1,96;51;;jah
1997-04-22;1,8;49;;jah
1997-04-23;1,74;48;;jah
1997-04-24;1,74;48;;jah
1997-04-25;2,06;55;;jah
1997-04-26;2,46;61;;jah
1997-04-27;2,19;55;;jah
1997-04-28;1,99;52;;jah
1997-04-29;2,28;58;;jah
1997-04-30;3,59;81;;jah
1997-05-01;4,24;89;;jah
1997-05-02;4,17;87;;jah
1997-05-03;3,72;80;;jah
1997-05-04;3,21;72;;jah
1997-05-05;2,75;65;;jah
1997-05-06;2,69;64;;jah
1997-05-07;3,28;74;;jah
1997-05-08;3,98;86;;jah
1997-05-09;4,02;85;;jah
1997-05-10;3,8;82;;jah
1997-05-11;3,75;81;;jah
1997-05-12;3,08;69;;jah
1997-05-13;2,54;61;;jah
1997-05-14;2,21;56;;jah
1997-05-15;1,95;51;;jah
1997-05-16;1,78;48;;jah
1997-05-17;1,65;46;;jah
1997-05-18;1,56;44;;jah
1997-05-19;1,56;44;;jah
1997-05-20;1,55;44;;jah
1997-05-21;1,48;42;;jah
1997-05-22;2,52;64;;jah
1997-05-23;3,96;85;;jah
1997-05-24;3,13;69;;jah
1997-05-25;2,34;58;;jah
1997-05-26;1,99;52;;jah
1997-05-27;1,86;50;;jah
1997-05-28;1,93;51;;jah
1997-05-29;1,86;50;;jah
1997-05-30;1,94;52;;jah
1997-05-31;1,8;50;;jah
1997-06-01;1,45;46;;jah
1997-06-02;1,25;43;;jah
1997-06-03;1,11;41;;jah
1997-06-04;1,07;41;;jah
1997-06-05;1,03;40;;jah
1997-06-06;0,98;39;;jah
1997-06-07;0,89;38;;jah
1997-06-08;0,82;37;;jah
1997-06-09;0,76;36;;jah
1997-06-10;0,72;35;;jah
1997-06-11;0,7;35;;jah
1997-06-12;0,68;35;;jah
1997-06-13;0,66;35;;jah
1997-06-14;0,75;38;;jah
1997-06-15;1,08;47;;jah
1997-06-16;1,61;59;;jah
1997-06-17;5,18;129;;jah
1997-06-18;8,8;175;;jah
1997-06-19;10,5;197;;jah
1997-06-20;9,6;187;;jah
1997-06-21;6,38;143;;jah
1997-06-22;3,05;87;;jah
1997-06-23;2,21;75;;jah
1997-06-24;2,89;93;;jah
1997-06-25;3,91;113;;jah
1997-06-26;3,88;112;;jah
1997-06-27;2,72;86;;jah
1997-06-28;2,12;75;;jah
1997-06-29;2,07;75;;jah
1997-06-30;1,79;68;;jah
1997-07-01;1,46;60;;jah
1997-07-02;1,48;62;;jah
1997-07-03;1,7;67;;jah
1997-07-04;3,01;104;;jah
1997-07-05;4,53;134;;jah
1997-07-06;3,15;102;;jah
1997-07-07;2,05;79;;jah
1997-07-08;1,62;71;;jah
1997-07-09;1,32;65;;jah
1997-07-10;1,11;61;;jah
1997-07-11;0,97;59;;jah
1997-07-12;0,88;59;;jah
1997-07-13;0,78;58;;jah
1997-07-14;0,68;55;;jah
1997-07-15;0,63;53;;jah
1997-07-16;0,6;53;;jah
1997-07-17;0,55;51;;jah
1997-07-18;0,54;52;;jah
1997-07-19;0,52;51;;jah
1997-07-20;0,5;51;;jah
1997-07-21;0,49;51;;jah
1997-07-22;0,47;51;;jah
1997-07-23;0,45;51;;jah
1997-07-24;0,45;52;;jah
1997-07-25;0,46;52;;jah
1997-07-26;0,47;54;;jah
1997-07-27;0,52;57;;jah
1997-07-28;0,54;58;;jah
1997-07-29;0,51;56;;jah
1997-07-30;0,48;55;;jah
1997-07-31;0,45;53;;jah
1997-08-01;0,44;52;;jah
1997-08-02;0,43;52;;jah
1997-08-03;0,41;51;;jah
1997-08-04;0,38;49;;jah
1997-08-05;0,35;47;;jah
1997-08-06;0,34;47;;jah
1997-08-07;0,35;47;;jah
1997-08-08;0,33;46;;jah
1997-08-09;0,33;46;;jah
1997-08-10;0,31;45;;jah
1997-08-11;0,31;45;;jah
1997-08-12;0,35;49;;jah
1997-08-13;0,4;53;;jah
1997-08-14;0,5;62;;jah
1997-08-15;0,48;59;;jah
1997-08-16;0,43;55;;jah
1997-08-17;0,36;49;;jah
1997-08-18;0,35;48;;jah
1997-08-19;0,35;48;;jah
1997-08-20;0,35;47;;jah
1997-08-21;0,36;47;;jah
1997-08-22;0,37;47;;jah
1997-08-23;0,39;48;;jah
1997-08-24;0,4;47;;jah
1997-08-25;0,33;42;;jah
1997-08-26;0,31;41;;jah
1997-08-27;0,3;41;;jah
1997-08-28;0,29;40;;jah
1997-08-29;0,29;40;;jah
1997-08-30;0,28;39;;jah
1997-08-31;0,28;39;;jah
1997-09-01;0,28;39;;jah
1997-09-02;0,29;39;;jah
1997-09-03;0,3;40;;jah
1997-09-04;0,28;38;;jah
1997-09-05;0,29;39;;jah
1997-09-06;0,26;37;;jah
1997-09-07;0,28;38;;jah
1997-09-08;0,32;41;;jah
1997-09-09;0,53;54;;jah
1997-09-10;0,64;58;;jah
1997-09-11;0,73;63;;jah
1997-09-12;0,63;55;;jah
1997-09-13;0,54;50;;jah
1997-09-14;0,55;50;;jah
1997-09-15;0,54;49;;jah
1997-09-16;0,56;49;;jah
1997-09-17;0,6;50;;jah
1997-09-18;0,59;49;;jah
1997-09-19;0,55;46;;jah
1997-09-20;0,54;45;;jah
1997-09-21;0,55;45;;jah
1997-09-22;0,54;44;;jah
1997-09-23;0,59;46;;jah
1997-09-24;0,78;53;;jah
1997-09-25;0,64;46;;jah
1997-09-26;0,51;41;;jah
1997-09-27;0,56;42;;jah
1997-09-28;0,59;43;;jah
1997-09-29;0,71;47;;jah
1997-09-30;0,71;45;;jah
1997-10-01;0,69;44;;jah
1997-10-02;0,71;44;;jah
1997-10-03;0,78;46;;jah
1997-10-04;0,82;46;;jah
1997-10-05;0,91;48;;jah
1997-10-06;1,04;51;;jah
1997-10-07;0,95;47;;jah
1997-10-08;0,83;43;;jah
1997-10-09;0,88;44;;jah
1997-10-10;1,07;48;;jah
1997-10-11;1,44;55;;jah
1997-10-12;2,58;80;;jah
1997-10-13;2,84;81;;jah
1997-10-14;2,24;68;;jah
1997-10-15;1,83;59;;jah
1997-10-16;1,48;52;;jah
1997-10-17;1,29;48;;jah
1997-10-18;1,25;47;;jah
1997-10-19;1,34;48;;jah
1997-10-20;1,41;49;;jah
1997-10-21;1,35;47;;jah
1997-10-22;1,22;45;;jah
1997-10-23;1,19;44;;jah
1997-10-24;1,18;44;;jah
1997-10-25;1,15;43;;jah
1997-10-26;1,11;42;;jah
1997-10-27;1,04;41;;jah
1997-10-28;0,98;40;;jah
1997-10-29;0,95;39;;jah
1997-10-30;1;40;;jah
1997-10-31;0,95;39;;jah
1997-11-01;0,97;40;;jah
1997-11-02;1,13;43;;jah
1997-11-03;1,22;44;;jah
1997-11-04;1,25;45;;jah
1997-11-05;1,16;43;;jah
1997-11-06;1,24;45;;jah
1997-11-07;1,08;42;;jah
1997-11-08;1,66;53;;jah
1997-11-09;2,91;76;;jah
1997-11-10;4,05;93;;jah
1997-11-11;3,72;86;;jah
1997-11-12;2,98;73;;jah
1997-11-13;2,41;64;;jah
1997-11-14;2,2;61;;jah
1997-11-15;2,19;60;;jah
1997-11-16;3,17;78;;jah
1997-11-17;4,16;92;;jah
1997-11-18;3,24;75;;jah
1997-11-19;2,46;63;;jah
1997-11-20;1,91;54;;jah
1997-11-21;1,67;49;;jah
1997-11-22;1,63;48;;jah
1997-11-23;1,64;48;;jah
1997-11-24;1,53;45;;jah
1997-11-25;1,62;46;;jah
1997-11-26;1,63;46;;jah
1997-11-27;1,62;45;;jah
1997-11-28;1,61;45;;jah
1997-11-29;1,59;44;;jah
1997-11-30;1,54;43;;jah
1997-12-01;1,55;43;;jah
1997-12-02;1,57;43;;jah
1997-12-03;1,57;43;;jah
1997-12-04;1,51;42;;jah
1997-12-05;1,5;43;;jah
1997-12-06;1,51;49;;jah
1997-12-07;1,51;42;;jah
1997-12-08;1,51;42;;jah
1997-12-09;1,44;41;;jah
1997-12-10;1,45;42;;jah
1997-12-11;1,45;42;;jah
1997-12-12;1,41;45;;jah
1997-12-13;1,35;64;;jah
1997-12-14;1,27;76;;jah
1997-12-15;1,18;81;;jah
1997-12-16;1,13;81;;jah
1997-12-17;1,13;73;;jah
1997-12-18;1,13;63;;jah
1997-12-19;1,13;52;;jah
1997-12-20;1,12;49;;jah
1997-12-21;1,12;50;;jah
1997-12-22;1,11;48;;jah
1997-12-23;1,1;46;;jah
1997-12-24;1,08;45;;jah
1997-12-25;1,12;47;;jah
1997-12-26;1,15;49;;jah
1997-12-27;1,65;63;;jah
1997-12-28;2,64;85;;jah
1997-12-29;2,81;84;;jah
1997-12-30;2,72;80;;jah
1997-12-31;2,71;78;;jah
1998-01-01;2,21;72;;jah
1998-01-02;1,86;64;;jah
1998-01-03;1,51;55;;jah
1998-01-04;1,3;50;;jah
1998-01-05;1,25;48;;jah
1998-01-06;1,23;46;;jah
1998-01-07;1,4;49;;jah
1998-01-08;1,51;50;;jah
1998-01-09;1,5;49;;jah
1998-01-10;1,46;47;;jah
1998-01-11;1,51;47;;jah
1998-01-12;2,19;57;;jah
1998-01-13;2,89;65;;jah
1998-01-14;3;66;;jah
1998-01-15;2,83;63;;jah
1998-01-16;2,87;64;;jah
1998-01-17;3,05;67;;jah
1998-01-18;3,34;72;;jah
1998-01-19;3,34;71;;jah
1998-01-20;3;66;;jah
1998-01-21;2,94;65;;jah
1998-01-22;2,93;65;;jah
1998-01-23;2,67;61;;jah
1998-01-24;2,33;56;;jah
1998-01-25;2,05;52;;jah
1998-01-26;1,91;50;;jah
1998-01-27;1,78;48;;jah
1998-01-28;1,63;48;;jah
1998-01-29;1,36;56;;jah
1998-01-30;1,56;80;;jah
1998-01-31;1,55;85;;jah
1998-02-01;1,46;87;;jah
1998-02-02;1,36;84;;jah
1998-02-03;1,27;81;;jah
1998-02-04;1,2;75;;jah
1998-02-05;1,08;68;;jah
1998-02-06;0,94;63;;jah
1998-02-07;0,91;60;;jah
1998-02-08;0,87;53;;jah
1998-02-09;0,9;51;;jah
1998-02-10;1,24;59;;jah
1998-02-11;1,82;70;;jah
1998-02-12;1,97;68;;jah
1998-02-13;1,81;62;;jah
1998-02-14;1,63;56;;jah
1998-02-15;1,53;52;;jah
1998-02-16;1,43;49;;jah
1998-02-17;1,16;53;;jah
1998-02-18;1,27;71;;jah
1998-02-19;1,4;65;;jah
1998-02-20;1,34;52;;jah
1998-02-21;1,88;56;;jah
1998-02-22;3,57;80;;jah
1998-02-23;4,65;96;;jah
1998-02-24;4,66;98;;jah
1998-02-25;3,96;90;;jah
1998-02-26;3,24;83;;jah
1998-02-27;2,56;69;;jah
1998-02-28;3,55;82;;jah
1998-03-01;5,13;101;;jah
1998-03-02;4,09;83;;jah
1998-03-03;3;69;;jah
1998-03-04;2,49;63;;jah
1998-03-05;2,34;73;;jah
1998-03-06;2,3;74;;jah
1998-03-07;2,26;67;;jah
1998-03-08;2,18;58;;jah
1998-03-09;1,94;54;;jah
1998-03-10;1,67;50;;jah
1998-03-11;1,61;52;;jah
1998-03-12;1,56;57;;jah
1998-03-13;1,5;52;;jah
1998-03-14;1,45;51;;jah
1998-03-15;1,35;44;;jah
1998-03-16;1,16;41;;jah
1998-03-17;1,15;41;;jah
1998-03-18;1,11;40;;jah
1998-03-19;1,08;39;;jah
1998-03-20;1,08;44;;jah
1998-03-21;1,08;46;;jah
1998-03-22;1,08;47;;jah
1998-03-23;1,08;48;;jah
1998-03-24;1,08;47;;jah
1998-03-25;1,08;43;;jah
1998-03-26;1,1;40;;jah
1998-03-27;0,98;37;;jah
1998-03-28;1,09;37;;jah
1998-03-29;1,1;37;;jah
1998-03-30;1,15;38;;jah
1998-03-31;1,34;42;;jah
1998-04-01;1,43;47;;jah
1998-04-02;1,39;45;;jah
1998-04-03;1,35;45;;jah
1998-04-04;1,31;43;;jah
1998-04-05;1,25;40;;jah
1998-04-06;1,29;41;;jah
1998-04-07;1,31;41;;jah
1998-04-08;1,28;40;;jah
1998-04-09;1,33;41;;jah
1998-04-10;1,33;41;;jah
1998-04-11;1,34;41;;jah
1998-04-12;1,51;44;;jah
1998-04-13;2,23;56;;jah
1998-04-14;2,54;60;;jah
1998-04-15;2,47;58;;jah
1998-04-16;2,19;54;;jah
1998-04-17;2,14;53;;jah
1998-04-18;3,02;68;;jah
1998-04-19;3,59;75;;jah
1998-04-20;3,46;73;;jah
1998-04-21;3,12;68;;jah
1998-04-22;3,04;67;;jah
1998-04-23;2,94;65;;jah
1998-04-24;2,82;63;;jah
1998-04-25;2,61;60;;jah
1998-04-26;2,35;56;;jah
1998-04-27;2,21;54;;jah
1998-04-28;1,95;50;;jah
1998-04-29;1,8;48;;jah
1998-04-30;1,71;47;;jah
1998-05-01;1,63;46;;jah
1998-05-02;1,51;44;;jah
1998-05-03;1,44;43;;jah
1998-05-04;1,51;44;;jah
1998-05-05;1,79;48;;jah
1998-05-06;2,51;60;;jah
1998-05-07;2,77;63;;jah
1998-05-08;2,6;61;;jah
1998-05-09;2,04;56;;jah
1998-05-10;1,68;50;;jah
1998-05-11;1,38;45;;jah
1998-05-12;1,26;44;;jah
1998-05-13;1,19;43;;jah
1998-05-14;1,07;41;;jah
1998-05-15;0,96;38;;jah
1998-05-16;0,9;37;;jah
1998-05-17;0,87;37;;jah
1998-05-18;0,8;35;;jah
1998-05-19;0,76;34;;jah
1998-05-20;0,72;33;;jah
1998-05-21;0,72;33;;jah
1998-05-22;0,74;33;;jah
1998-05-23;1,09;41;;jah
1998-05-24;3,79;91;;jah
1998-05-25;5,6;115;;jah
1998-05-26;5,61;113;;jah
1998-05-27;4,59;98;;jah
1998-05-28;3,51;81;;jah
1998-05-29;3,32;81;;jah
1998-05-30;2,87;72;;jah
1998-05-31;2,04;59;;jah
1998-06-01;1,65;53;;jah
1998-06-02;1,87;58;;jah
1998-06-03;2,12;62;;jah
1998-06-04;1,7;54;;jah
1998-06-05;1,41;49;;jah
1998-06-06;1,2;45;;jah
1998-06-07;1,15;44;;jah
1998-06-08;1,13;44;;jah
1998-06-09;1,35;49;;jah
1998-06-10;1,23;46;;jah
1998-06-11;1,02;43;;jah
1998-06-12;1,44;55;;jah
1998-06-13;3,22;95;;jah
1998-06-14;3,24;90;;jah
1998-06-15;4,3;115;;jah
1998-06-16;6,41;150;;jah
1998-06-17;6,61;150;;jah
1998-06-18;3,66;95;;jah
1998-06-19;2,12;70;;jah
1998-06-20;1,84;66;;jah
1998-06-21;2,13;74;;jah
1998-06-22;2,15;74;;jah
1998-06-23;2,37;80;;jah
1998-06-24;2,53;85;;jah
1998-06-25;2,56;85;;jah
1998-06-26;2,13;75;;jah
1998-06-27;1,65;64;;jah
1998-06-28;1,35;58;;jah
1998-06-29;1,47;61;;jah
1998-06-30;3,24;106;;jah
1998-07-01;3,87;113;;jah
1998-07-02;4,13;119;;jah
1998-07-03;6,14;159;;jah
1998-07-04;7,29;183;;jah
1998-07-05;4,9;141;;jah
1998-07-06;2,62;95;;jah
1998-07-07;1,98;81;;jah
1998-07-08;1,88;80;;jah
1998-07-09;1,93;82;;jah
1998-07-10;1,86;80;;jah
1998-07-11;1,77;78;;jah
1998-07-12;2,49;101;;jah
1998-07-13;3,26;117;;jah
1998-07-14;4,42;139;;jah
1998-07-15;5,06;154;;jah
1998-07-16;3,83;134;;jah
1998-07-17;2,57;108;;jah
1998-07-18;2,15;98;;jah
1998-07-19;2,5;113;;jah
1998-07-20;2,68;119;;jah
1998-07-21;2,27;106;;jah
1998-07-22;1,86;95;;jah
1998-07-23;1,67;91;;jah
1998-07-24;1,5;85;;jah
1998-07-25;1,33;80;;jah
1998-07-26;1,22;78;;jah
1998-07-27;1,09;73;;jah
1998-07-28;1,12;71;;jah
1998-07-29;2,35;111;;jah
1998-07-30;3,65;143;;jah
1998-07-31;3,41;141;;jah
1998-08-01;3,06;138;;jah
1998-08-02;2,39;121;;jah
1998-08-03;1,87;105;;jah
1998-08-04;1,81;104;;jah
1998-08-05;1,8;103;;jah
1998-08-06;1,64;95;;jah
1998-08-07;1,55;92;;jah
1998-08-08;1,59;93;;jah
1998-08-09;2,02;111;;jah
1998-08-10;2,45;126;;jah
1998-08-11;2,44;123;;jah
1998-08-12;2,24;115;;jah
1998-08-13;2,13;109;;jah
1998-08-14;2,24;112;;jah
1998-08-15;2,86;133;;jah
1998-08-16;3,32;145;;jah
1998-08-17;3,22;143;;jah
1998-08-18;2,91;135;;jah
1998-08-19;2,68;130;;jah
1998-08-20;2,74;134;;jah
1998-08-21;2,64;132;;jah
1998-08-22;2,3;121;;jah
1998-08-23;2,31;116;;jah
1998-08-24;3,82;157;;jah
1998-08-25;4,42;168;;jah
1998-08-26;3,94;164;;jah
1998-08-27;3,7;164;;jah
1998-08-28;3,2;150;;jah
1998-08-29;2,56;130;;jah
1998-08-30;2,2;120;;jah
1998-08-31;2;114;;jah
1998-09-01;1,96;113;;jah
1998-09-02;1,87;110;;jah
1998-09-03;1,68;102;;jah
1998-09-04;1,55;97;;jah
1998-09-05;1,4;91;;jah
1998-09-06;1,32;88;;jah
1998-09-07;1,23;84;;jah
1998-09-08;1,16;82;;jah
1998-09-09;1,11;80;;jah
1998-09-10;1,05;76;;jah
1998-09-11;1,12;79;;jah
1998-09-12;1,3;86;;jah
1998-09-13;1,5;93;;jah
1998-09-14;1,48;90;;jah
1998-09-15;1,42;84;;jah
1998-09-16;1,76;95;;jah
1998-09-17;2,43;114;;jah
1998-09-18;2,86;126;;jah
1998-09-19;2,38;111;;jah
1998-09-20;2,08;104;;jah
1998-09-21;1,89;98;;jah
1998-09-22;1,71;92;;jah
1998-09-23;1,57;87;;jah
1998-09-24;1,44;82;;jah
1998-09-25;1,36;79;;jah
1998-09-26;1,29;76;;jah
1998-09-27;1,25;74;;jah
1998-09-28;1,25;74;;jah
1998-09-29;1,19;71;;jah
1998-09-30;1,15;70;;jah
1998-10-01;1,09;67;;jah
1998-10-02;1,06;65;;jah
1998-10-03;1,03;64;;jah
1998-10-04;1,01;63;;jah
1998-10-05;1,19;68;;jah
1998-10-06;1,11;64;;jah
1998-10-07;1,04;61;;jah
1998-10-08;1,04;60;;jah
1998-10-09;1,05;59;;jah
1998-10-10;1,13;61;;jah
1998-10-11;1,24;63;;jah
1998-10-12;1,33;65;;jah
1998-10-13;1,54;69;;jah
1998-10-14;2,01;82;;jah
1998-10-15;2,17;83;;jah
1998-10-16;3,07;105;;jah
1998-10-17;4,06;125;;jah
1998-10-18;4,14;123;;jah
1998-10-19;4,11;121;;jah
1998-10-20;3,38;102;;jah
1998-10-21;2,77;89;;jah
1998-10-22;2,45;81;;jah
1998-10-23;2,23;75;;jah
1998-10-24;2,22;75;;jah
1998-10-25;2,28;75;;jah
1998-10-26;2,14;71;;jah
1998-10-27;1,96;67;;jah
1998-10-28;2,05;68;;jah
1998-10-29;3,91;105;;jah
1998-10-30;4,64;112;;jah
1998-10-31;4,37;103;;jah
1998-11-01;4,11;96;;jah
1998-11-02;3,53;86;;jah
1998-11-03;2,88;75;;jah
1998-11-04;2,52;69;;jah
1998-11-05;2,24;65;;jah
1998-11-06;2,11;63;;jah
1998-11-07;2,02;61;;jah
1998-11-08;1,82;58;;jah
1998-11-09;1,62;54;;jah
1998-11-10;1,29;52;;jah
1998-11-11;1,38;67;;jah
1998-11-12;1,47;70;;jah
1998-11-13;1,38;61;;jah
1998-11-14;1,21;54;;jah
1998-11-15;1,06;49;;jah
1998-11-16;1,01;47;;jah
1998-11-17;0,93;44;;jah
1998-11-18;0,85;42;;jah
1998-11-19;0,78;40;;jah
1998-11-20;0,76;40;;jah
1998-11-21;0,73;40;;jah
1998-11-22;0,74;41;;jah
1998-11-23;0,74;42;;jah
1998-11-24;0,74;43;;jah
1998-11-25;0,71;43;;jah
1998-11-26;0,75;45;;jah
1998-11-27;0,76;46;;jah
1998-11-28;0,73;45;;jah
1998-11-29;0,72;45;;jah
1998-11-30;0,7;44;;jah
1998-12-01;0,66;43;;jah
1998-12-02;0,66;43;;jah
1998-12-03;0,68;44;;jah
1998-12-04;0,7;45;;jah
1998-12-05;0,67;44;;jah
1998-12-06;0,67;45;;jah
1998-12-07;0,72;46;;jah
1998-12-08;0,75;48;;jah
1998-12-09;0,77;48;;jah
1998-12-10;0,76;48;;jah
1998-12-11;0,76;48;;jah
1998-12-12;0,79;49;;jah
1998-12-13;0,7;45;;jah
1998-12-14;0,66;44;;jah
1998-12-15;0,63;43;;jah
1998-12-16;0,82;50;;jah
1998-12-17;1,22;62;;jah
1998-12-18;1,7;75;;jah
1998-12-19;3,02;107;;jah
1998-12-20;3,34;102;;jah
1998-12-21;2,44;76;;jah
1998-12-22;1,53;58;;jah
1998-12-23;1,53;62;;jah
1998-12-24;1,54;64;;jah
1998-12-25;1,56;60;;jah
1998-12-26;1,57;59;;jah
1998-12-27;2,4;77;;jah
1998-12-28;3,71;97;;jah
1998-12-29;5,31;118;;jah
1998-12-30;6,51;129;;jah
1998-12-31;4,75;95;;jah
1999-01-01;2,72;68;;jah
1999-01-02;2,76;67;;jah
1999-01-03;1,72;50;;jah
1999-01-04;1,41;46;;jah
1999-01-05;1,74;52;;jah
1999-01-06;3,43;84;;jah
1999-01-07;2,35;69;;jah
1999-01-08;1,68;64;;jah
1999-01-09;1,54;70;;jah
1999-01-10;1,38;72;;jah
1999-01-11;1,42;79;;jah
1999-01-12;1,46;80;;jah
1999-01-13;1,52;79;;jah
1999-01-14;1,54;76;;jah
1999-01-15;1,5;72;;jah
1999-01-16;1,6;68;;jah
1999-01-17;1,58;58;;jah
1999-01-18;2,3;67;;jah
1999-01-19;3,88;87;;jah
1999-01-20;3,13;73;;jah
1999-01-21;5,09;107;;jah
1999-01-22;9,16;157;;jah
1999-01-23;10,3;165;;jah
1999-01-24;8,12;140;;jah
1999-01-25;6,59;126;;jah
1999-01-26;5,78;124;;jah
1999-01-27;4,9;117;;jah
1999-01-28;3,94;108;;jah
1999-01-29;3,14;104;;jah
1999-01-30;2,73;111;;jah
1999-01-31;2,47;101;;jah
1999-02-01;2,22;92;;jah
1999-02-02;1,93;85;;jah
1999-02-03;1,63;78;;jah
1999-02-04;1,58;79;;jah
1999-02-05;1,48;78;;jah
1999-02-06;1,4;76;;jah
1999-02-07;1,26;71;;jah
1999-02-08;1,28;73;;jah
1999-02-09;1,17;69;;jah
1999-02-10;1,08;66;;jah
1999-02-11;0,99;63;;jah
1999-02-12;0,93;61;;jah
1999-02-13;0,92;61;;jah
1999-02-14;0,91;60;;jah
1999-02-15;0,9;59;;jah
1999-02-16;0,93;60;;jah
1999-02-17;1,01;62;;jah
1999-02-18;1;61;;jah
1999-02-19;1,03;61;;jah
1999-02-20;1,02;60;;jah
1999-02-21;0,97;58;;jah
1999-02-22;1,15;64;;jah
1999-02-23;1,11;61;;jah
1999-02-24;1,18;63;;jah
1999-02-25;1,38;68;;jah
1999-02-26;1,29;64;;jah
1999-02-27;1,22;62;;jah
1999-02-28;1,21;60;;jah
1999-03-01;1,37;62;;jah
1999-03-02;1,3;55;;jah
1999-03-03;1,29;49;;jah
1999-03-04;1,27;44;;jah
1999-03-05;1,18;41;;jah
1999-03-06;1,31;44;;jah
1999-03-07;2,59;67;;jah
1999-03-08;3,59;80;;jah
1999-03-09;3,37;77;;jah
1999-03-10;3,31;77;;jah
1999-03-11;2,98;73;;jah
1999-03-12;2,37;63;;jah
1999-03-13;1,64;51;;jah
1999-03-14;1,6;55;;jah
1999-03-15;1,52;56;;jah
1999-03-16;1,49;56;;jah
1999-03-17;1,48;50;;jah
1999-03-18;1,44;44;;jah
1999-03-19;1,37;61;;jah
1999-03-20;1,21;44;;jah
1999-03-21;1,19;44;;jah
1999-03-22;1,25;45;;jah
1999-03-23;1,28;45;;jah
1999-03-24;1,23;44;;jah
1999-03-25;1,23;44;;jah
1999-03-26;2,68;67;;jah
1999-03-27;5,98;117;;jah
1999-03-28;8,32;145;;jah
1999-03-29;16,4;212;;jah
1999-03-30;14;198;;jah
1999-03-31;14,3;201;;jah
1999-04-01;15,8;211;;jah
1999-04-02;13,6;194;;jah
1999-04-03;13,2;194;;jah
1999-04-04;11,4;176;;jah
1999-04-05;8,25;141;;jah
1999-04-06;6,3;120;;jah
1999-04-07;5,83;114;;jah
1999-04-08;7,29;136;;jah
1999-04-09;8,7;151;;jah
1999-04-10;8,52;147;;jah
1999-04-11;10,2;169;;jah
1999-04-12;9,61;161;;jah
1999-04-13;7,72;141;;jah
1999-04-14;6,35;127;;jah
1999-04-15;5,64;121;;jah
1999-04-16;5,58;123;;jah
1999-04-17;5,29;121;;jah
1999-04-18;4,9;118;;jah
1999-04-19;4,54;114;;jah
1999-04-20;4,11;108;;jah
1999-04-21;3,73;102;;jah
1999-04-22;3,42;97;;jah
1999-04-23;3,22;95;;jah
1999-04-24;3,1;93;;jah
1999-04-25;2,94;91;;jah
1999-04-26;2,77;88;;jah
1999-04-27;2,61;86;;jah
1999-04-28;2,42;82;;jah
1999-04-29;2,34;82;;jah
1999-04-30;2,35;81;;jah
1999-05-01;2,38;79;;jah
1999-05-02;2,44;78;;jah
1999-05-03;2,4;74;;jah
1999-05-04;2,2;68;;jah
1999-05-05;2,11;65;;jah
1999-05-06;2;62;;jah
1999-05-07;1,91;59;;jah
1999-05-08;1,87;57;;jah
1999-05-09;1,8;54;;jah
1999-05-10;1,8;53;;jah
1999-05-11;2,6;66;;jah
1999-05-12;2,96;70;;jah
1999-05-13;2,72;66;;jah
1999-05-14;2,34;60;;jah
1999-05-15;2,02;55;;jah
1999-05-16;1,75;51;;jah
1999-05-17;1,59;48;;jah
1999-05-18;1,41;45;;jah
1999-05-19;1,34;44;;jah
1999-05-20;1,26;43;;jah
1999-05-21;1,14;41;;jah
1999-05-22;1,09;40;;jah
1999-05-23;1,04;39;;jah
1999-05-24;0,99;38;;jah
1999-05-25;0,97;38;;jah
1999-05-26;0,95;38;;jah
1999-05-27;0,94;38;;jah
1999-05-28;0,89;37;;jah
1999-05-29;0,84;36;;jah
1999-05-30;0,81;36;;jah
1999-05-31;0,78;35;;jah
1999-06-01;0,74;34;;jah
1999-06-02;0,72;34;;jah
1999-06-03;0,69;33;;jah
1999-06-04;0,68;33;;jah
1999-06-05;0,67;33;;jah
1999-06-06;0,63;32;;jah
1999-06-07;0,61;32;;jah
1999-06-08;0,61;32;;jah
1999-06-09;0,63;34;;jah
1999-06-10;0,55;31;;jah
1999-06-11;0,54;31;;jah
1999-06-12;0,51;31;;jah
1999-06-13;0,48;30;;jah
1999-06-14;0,46;30;;jah
1999-06-15;0,43;29;;jah
1999-06-16;0,41;29;;jah
1999-06-17;0,4;29;;jah
1999-06-18;0,37;29;;jah
1999-06-19;0,37;29;;jah
1999-06-20;0,37;30;;jah
1999-06-21;0,47;36;;jah
1999-06-22;0,66;45;;jah
1999-06-23;0,64;44;;jah
1999-06-24;0,5;39;;jah
1999-06-25;0,46;38;;jah
1999-06-26;0,59;45;;jah
1999-06-27;0,76;52;;jah
1999-06-28;0,71;51;;jah
1999-06-29;0,68;51;;jah
1999-06-30;0,83;59;;jah
1999-07-01;0,78;56;;jah
1999-07-02;0,58;49;;jah
1999-07-03;0,5;46;;jah
1999-07-04;0,46;45;;jah
1999-07-05;0,42;44;;jah
1999-07-06;0,38;43;;jah
1999-07-07;0,42;47;;jah
1999-07-08;0,42;47;;jah
1999-07-09;0,37;45;;jah
1999-07-10;0,33;43;;jah
1999-07-11;0,31;41;;jah
1999-07-12;0,3;41;;jah
1999-07-13;0,29;40;;jah
1999-07-14;0,28;40;;jah
1999-07-15;0,27;39;;jah
1999-07-16;0,29;42;;jah
1999-07-17;0,3;43;;jah
1999-07-18;0,3;43;;jah
1999-07-19;0,29;42;;jah
1999-07-20;0,27;40;;jah
1999-07-21;0,27;40;;jah
1999-07-22;0,27;40;;jah
1999-07-23;0,28;41;;jah
1999-07-24;0,3;42;;jah
1999-07-25;0,3;42;;jah
1999-07-26;0,29;41;;jah
1999-07-27;0,28;40;;jah
1999-07-28;0,27;39;;jah
1999-07-29;0,27;39;;jah
1999-07-30;0,26;38;;jah
1999-07-31;0,25;37;;jah
1999-08-01;0,25;37;;jah
1999-08-02;0,25;36;;jah
1999-08-03;0,25;36;;jah
1999-08-04;0,25;36;;jah
1999-08-05;0,25;35;;jah
1999-08-06;0,26;37;;jah
1999-08-07;0,28;38;;jah
1999-08-08;0,29;38;;jah
1999-08-09;0,27;37;;jah
1999-08-10;0,29;38;;jah
1999-08-11;0,41;47;;jah
1999-08-12;0,41;46;;jah
1999-08-13;0,34;42;;jah
1999-08-14;0,33;41;;jah
1999-08-15;0,31;40;;jah
1999-08-16;0,3;39;;jah
1999-08-17;0,29;38;;jah
1999-08-18;0,28;37;;jah
1999-08-19;0,28;37;;jah
1999-08-20;0,38;46;;jah
1999-08-21;0,52;53;;jah
1999-08-22;0,54;54;;jah
1999-08-23;0,46;48;;jah
1999-08-24;0,38;44;;jah
1999-08-25;0,35;42;;jah
1999-08-26;0,35;42;;jah
1999-08-27;0,33;41;;jah
1999-08-28;0,33;40;;jah
1999-08-29;0,32;39;;jah
1999-08-30;0,32;39;;jah
1999-08-31;0,32;38;;jah
1999-09-01;0,32;37;;jah
1999-09-02;0,33;35;;jah
1999-09-03;0,32;34;;jah
1999-09-04;0,32;32;;jah
1999-09-05;0,33;32;;jah
1999-09-06;0,33;31;;jah
1999-09-07;0,32;30;;jah
1999-09-08;0,33;30;;jah
1999-09-09;0,33;30;;jah
1999-09-10;0,32;29;;jah
1999-09-11;0,33;29;;jah
1999-09-12;0,32;28;;jah
1999-09-13;0,32;28;;jah
1999-09-14;0,33;28;;jah
1999-09-15;0,34;28;;jah
1999-09-16;0,35;28;;jah
1999-09-17;0,37;28;;jah
1999-09-18;0,38;28;;jah
1999-09-19;0,38;27;;jah
1999-09-20;0,4;27;;jah
1999-09-21;0,42;27;;jah
1999-09-22;0,44;27;;jah
1999-09-23;0,6;33;;jah
1999-09-24;0,72;35;;jah
1999-09-25;0,65;32;;jah
1999-09-26;0,61;31;;jah
1999-09-27;0,6;30;;jah
1999-09-28;0,66;32;;jah
1999-09-29;0,69;33;;jah
1999-09-30;0,69;33;;jah
1999-10-01;0,66;31;;jah
1999-10-02;0,82;36;;jah
1999-10-03;0,93;38;;jah
1999-10-04;0,85;35;;jah
1999-10-05;0,9;36;;jah
1999-10-06;0,93;36;;jah
1999-10-07;0,91;35;;jah
1999-10-08;0,88;33;;jah
1999-10-09;0,9;33;;jah
1999-10-10;1,31;41;;jah
1999-10-11;2,73;65;;jah
1999-10-12;2,27;55;;jah
1999-10-13;2,22;55;;jah
1999-10-14;1,92;50;;jah
1999-10-15;1,64;46;;jah
1999-10-16;1,63;46;;jah
1999-10-17;1,61;46;;jah
1999-10-18;1,46;43;;jah
1999-10-19;1,3;41;;jah
1999-10-20;1,17;39;;jah
1999-10-21;1,1;38;;jah
1999-10-22;1,03;37;;jah
1999-10-23;0,99;36;;jah
1999-10-24;0,99;36;;jah
1999-10-25;1;36;;jah
1999-10-26;1,17;39;;jah
1999-10-27;1,72;48;;jah
1999-10-28;1,89;50;;jah
1999-10-29;1,81;49;;jah
1999-10-30;1,63;46;;jah
1999-10-31;1,49;44;;jah
1999-11-01;1,39;42;;jah
1999-11-02;1,32;41;;jah
1999-11-03;1,26;40;;jah
1999-11-04;1,19;39;;jah
1999-11-05;1,13;38;;jah
1999-11-06;1,1;38;;jah
1999-11-07;1,03;37;;jah
1999-11-08;0,97;36;;jah
1999-11-09;0,93;35;;jah
1999-11-10;0,93;35;;jah
1999-11-11;1,03;35;;jah
1999-11-12;1,17;35;;jah
1999-11-13;1,16;35;;jah
1999-11-14;1,15;35;;jah
1999-11-15;1,16;36;;jah
1999-11-16;1,18;38;;jah
1999-11-17;0,93;35;;jah
1999-11-18;0,62;38;;jah
1999-11-19;0,63;56;;jah
1999-11-20;0,95;53;;jah
1999-11-21;0,82;39;;jah
1999-11-22;0,72;35;;jah
1999-11-23;0,71;33;;jah
1999-11-24;0,78;33;;jah
1999-11-25;0,84;33;;jah
1999-11-26;0,9;33;;jah
1999-11-27;1,03;35;;jah
1999-11-28;1,26;39;;jah
1999-11-29;1,69;46;;jah
1999-11-30;2,02;50;;jah
1999-12-01;2,17;52;;jah
1999-12-02;2,63;59;;jah
1999-12-03;2,31;54;;jah
1999-12-04;1,94;49;;jah
1999-12-05;1,84;48;;jah
1999-12-06;1,76;47;;jah
1999-12-07;1,74;47;;jah
1999-12-08;2,53;60;;jah
1999-12-09;3,42;72;;jah
1999-12-10;3,58;75;;jah
1999-12-11;3,71;79;;jah
1999-12-12;3,42;76;;jah
1999-12-13;3,15;74;;jah
1999-12-14;3;73;;jah
1999-12-15;2,46;66;;jah
1999-12-16;1,84;57;;jah
1999-12-17;1,49;52;;jah
1999-12-18;1,34;50;;jah
1999-12-19;1,2;48;;jah
1999-12-20;1,05;47;;jah
1999-12-21;1,03;53;;jah
1999-12-22;1,05;63;;jah
1999-12-23;1,06;64;;jah
1999-12-24;1,08;51;;jah
1999-12-25;1,1;55;;jah
1999-12-26;1,11;59;;jah
1999-12-27;1,13;63;;jah
1999-12-28;1,15;57;;jah
1999-12-29;1,16;55;;jah
1999-12-30;1,18;52;;jah
1999-12-31;1,2;49;;jah
2000-01-01;1,16;45;;jah
2000-01-02;1,12;42;;jah
2000-01-03;1,23;43;;jah
2000-01-04;1,35;44;;jah
2000-01-05;1,5;45;;jah
2000-01-06;1,59;45;;jah
2000-01-07;1,53;42;;jah
2000-01-08;1,67;44;;jah
2000-01-09;2,06;50;;jah
2000-01-10;2,49;58;;jah
2000-01-11;2,58;59;;jah
2000-01-12;2,59;59;;jah
2000-01-13;2,94;65;;jah
2000-01-14;2,98;65;;jah
2000-01-15;2,57;58;;jah
2000-01-16;2,03;49;;jah
2000-01-17;2,21;54;;jah
2000-01-18;1,93;51;;jah
2000-01-19;1,51;50;;jah
2000-01-20;1,51;62;;jah
2000-01-21;1,26;72;;jah
2000-01-22;1,15;79;;jah
2000-01-23;1,21;77;;jah
2000-01-24;1,29;74;;jah
2000-01-25;1,33;69;;jah
2000-01-26;1,22;60;;jah
2000-01-27;1,14;54;;jah
2000-01-28;1,11;50;;jah
2000-01-29;1,15;49;;jah
2000-01-30;1,28;50;;jah
2000-01-31;1,21;46;;jah
2000-02-01;1,18;44;;jah
2000-02-02;1,33;46;;jah
2000-02-03;1,32;44;;jah
2000-02-04;1,27;42;;jah
2000-02-05;1,49;46;;jah
2000-02-06;1,51;45;;jah
2000-02-07;1,72;47;;jah
2000-02-08;2,35;59;;jah
2000-02-09;3,29;74;;jah
2000-02-10;3,95;81;;jah
2000-02-11;3,67;76;;jah
2000-02-12;3,25;69;;jah
2000-02-13;3,2;69;;jah
2000-02-14;3,1;67;;jah
2000-02-15;2,73;61;;jah
2000-02-16;2,41;56;;jah
2000-02-17;2,29;54;;jah
2000-02-18;2,21;53;;jah
2000-02-19;2,04;50;;jah
2000-02-20;1,77;46;;jah
2000-02-21;1,64;45;;jah
2000-02-22;1,44;43;;jah
2000-02-23;1,41;47;;jah
2000-02-24;1,38;53;;jah
2000-02-25;1,38;63;;jah
2000-02-26;1,41;55;;jah
2000-02-27;1,45;48;;jah
2000-02-28;1,28;39;;jah
2000-02-29;1,63;44;;jah
2000-03-01;1,96;49;;jah
2000-03-02;2,09;51;;jah
2000-03-03;2,12;51;;jah
2000-03-04;2,04;50;;jah
2000-03-05;1,73;44;;jah
2000-03-06;1,8;46;;jah
2000-03-07;1,97;49;;jah
2000-03-08;2,29;55;;jah
2000-03-09;2,04;50;;jah
2000-03-10;1,93;48;;jah
2000-03-11;1,91;48;;jah
2000-03-12;2;50;;jah
2000-03-13;1,81;46;;jah
2000-03-14;1,6;42;;jah
2000-03-15;1,92;49;;jah
2000-03-16;2,24;54;;jah
2000-03-17;2,21;53;;jah
2000-03-18;2,18;52;;jah
2000-03-19;2,04;50;;jah
2000-03-20;1,77;45;;jah
2000-03-21;1,95;49;;jah
2000-03-22;2,04;50;;jah
2000-03-23;2,57;60;;jah
2000-03-24;2,81;63;;jah
2000-03-25;2,76;62;;jah
2000-03-26;2,7;61;;jah
2000-03-27;2,46;57;;jah
2000-03-28;2,16;52;;jah
2000-03-29;1,92;48;;jah
2000-03-30;2,03;51;;jah
2000-03-31;2,42;57;;jah
2000-04-01;2,75;62;;jah
2000-04-02;3,49;75;;jah
2000-04-03;4,02;82;;jah
2000-04-04;4,26;86;;jah
2000-04-05;4,48;89;;jah
2000-04-06;5,2;101;;jah
2000-04-07;5,5;104;;jah
2000-04-08;4,59;89;;jah
2000-04-09;4,21;84;;jah
2000-04-10;4,58;91;;jah
2000-04-11;4,74;92;;jah
2000-04-12;4,3;85;;jah
2000-04-13;4;81;;jah
2000-04-14;4,07;83;;jah
2000-04-15;3,88;79;;jah
2000-04-16;3,42;71;;jah
2000-04-17;3,73;78;;jah
2000-04-18;3,92;80;;jah
2000-04-19;3,37;71;;jah
2000-04-20;2,86;63;;jah
2000-04-21;2,48;57;;jah
2000-04-22;2,24;53;;jah
2000-04-23;2,08;51;;jah
2000-04-24;1,91;48;;jah
2000-04-25;1,77;45;;jah
2000-04-26;1,68;44;;jah
2000-04-27;1,57;42;;jah
2000-04-28;1,49;40;;jah
2000-04-29;1,53;41;;jah
2000-04-30;1,48;40;;jah
2000-05-01;1,4;39;;jah
2000-05-02;1,3;38;;jah
2000-05-03;1,24;38;;jah
2000-05-04;1,18;37;;jah
2000-05-05;1,15;37;;jah
2000-05-06;1,1;37;;jah
2000-05-07;1,05;36;;jah
2000-05-08;0,98;35;;jah
2000-05-09;0,93;35;;jah
2000-05-10;0,88;34;;jah
2000-05-11;0,86;34;;jah
2000-05-12;0,83;34;;jah
2000-05-13;0,82;34;;jah
2000-05-14;0,81;34;;jah
2000-05-15;0,8;34;;jah
2000-05-16;0,78;34;;jah
2000-05-17;0,76;33;;jah
2000-05-18;0,74;33;;jah
2000-05-19;0,71;32;;jah
2000-05-20;0,71;32;;jah
2000-05-21;0,73;32;;jah
2000-05-22;0,8;33;;jah
2000-05-23;1,04;38;;jah
2000-05-24;1,16;40;;jah
2000-05-25;1,1;38;;jah
2000-05-26;1,04;37;;jah
2000-05-27;0,96;35;;jah
2000-05-28;0,94;34;;jah
2000-05-29;0,99;36;;jah
2000-05-30;1,26;43;;jah
2000-05-31;1,29;43;;jah
2000-06-01;1,11;40;;jah
2000-06-02;0,93;36;;jah
2000-06-03;0,88;36;;jah
2000-06-04;0,81;35;;jah
2000-06-05;0,75;34;;jah
2000-06-06;0,69;33;;jah
2000-06-07;0,68;33;;jah
2000-06-08;0,75;35;;jah
2000-06-09;0,75;35;;jah
2000-06-10;0,72;34;;jah
2000-06-11;0,69;33;;jah
2000-06-12;0,64;32;;jah
2000-06-13;0,6;31;;jah
2000-06-14;0,59;31;;jah
2000-06-15;0,57;31;;jah
2000-06-16;0,54;30;;jah
2000-06-17;0,53;30;;jah
2000-06-18;0,5;29;;jah
2000-06-19;0,49;30;;jah
2000-06-20;0,5;30;;jah
2000-06-21;0,48;29;;jah
2000-06-22;0,47;29;;jah
2000-06-23;0,46;29;;jah
2000-06-24;0,5;31;;jah
2000-06-25;0,55;33;;jah
2000-06-26;0,6;35;;jah
2000-06-27;0,61;35;;jah
2000-06-28;0,6;34;;jah
2000-06-29;0,65;36;;jah
2000-06-30;0,83;43;;jah
2000-07-01;1,02;49;;jah
2000-07-02;1,08;50;;jah
2000-07-03;1,32;58;;jah
2000-07-04;1,96;81;;jah
2000-07-05;1,73;73;;jah
2000-07-06;1,35;63;;jah
2000-07-07;1,37;68;;jah
2000-07-08;1,23;64;;jah
2000-07-09;0,96;55;;jah
2000-07-10;0,78;50;;jah
2000-07-11;0,71;49;;jah
2000-07-12;0,67;47;;jah
2000-07-13;0,76;53;;jah
2000-07-14;0,87;58;;jah
2000-07-15;1,04;68;;jah
2000-07-16;1,32;81;;jah
2000-07-17;1,31;78;;jah
2000-07-18;1,72;97;;jah
2000-07-19;1,93;104;;jah
2000-07-20;1,76;99;;jah
2000-07-21;1,67;98;;jah
2000-07-22;1,4;88;;jah
2000-07-23;1,32;87;;jah
2000-07-24;1,25;86;;jah
2000-07-25;1,32;93;;jah
2000-07-26;1,7;115;;jah
2000-07-27;1,68;115;;jah
2000-07-28;1,44;106;;jah
2000-07-29;1,2;97;;jah
2000-07-30;1,06;92;;jah
2000-07-31;0,97;88;;jah
2000-08-01;0,88;81;;jah
2000-08-02;0,82;77;;jah
2000-08-03;0,87;81;;jah
2000-08-04;1,07;96;;jah
2000-08-05;1,17;101;;jah
2000-08-06;1,09;96;;jah
2000-08-07;0,97;87;;jah
2000-08-08;0,99;90;;jah
2000-08-09;1,06;95;;jah
2000-08-10;1,12;98;;jah
2000-08-11;1,05;94;;jah
2000-08-12;0,94;86;;jah
2000-08-13;0,89;84;;jah
2000-08-14;0,88;84;;jah
2000-08-15;0,83;80;;jah
2000-08-16;0,78;77;;jah
2000-08-17;0,74;74;;jah
2000-08-18;0,71;72;;jah
2000-08-19;0,66;69;;jah
2000-08-20;0,67;70;;jah
2000-08-21;0,72;76;;jah
2000-08-22;0,82;84;;jah
2000-08-23;0,8;81;;jah
2000-08-24;0,78;80;;jah
2000-08-25;0,74;76;;jah
2000-08-26;0,7;73;;jah
2000-08-27;0,66;70;;jah
2000-08-28;0,63;67;;jah
2000-08-29;0,6;65;;jah
2000-08-30;0,57;63;;jah
2000-08-31;0,57;63;;jah
2000-09-01;0,6;65;;jah
2000-09-02;0,62;67;;jah
2000-09-03;0,6;65;;jah
2000-09-04;0,63;67;;jah
2000-09-05;0,64;69;;jah
2000-09-06;0,62;66;;jah
2000-09-07;0,59;64;;jah
2000-09-08;0,64;68;;jah
2000-09-09;0,58;63;;jah
2000-09-10;0,55;61;;jah
2000-09-11;0,53;59;;jah
2000-09-12;0,56;61;;jah
2000-09-13;0,61;65;;jah
2000-09-14;0,6;64;;jah
2000-09-15;0,59;63;;jah
2000-09-16;0,61;64;;jah
2000-09-17;0,59;63;;jah
2000-09-18;0,57;61;;jah
2000-09-19;0,57;60;;jah
2000-09-20;0,57;60;;jah
2000-09-21;0,56;58;;jah
2000-09-22;0,55;56;;jah
2000-09-23;0,53;53;;jah
2000-09-24;0,55;54;;jah
2000-09-25;0,57;55;;jah
2000-09-26;0,58;55;;jah
2000-09-27;0,56;52;;jah
2000-09-28;0,56;52;;jah
2000-09-29;0,57;51;;jah
2000-09-30;0,58;50;;jah
2000-10-01;0,59;49;;jah
2000-10-02;0,6;49;;jah
2000-10-03;0,62;48;;jah
2000-10-04;0,62;47;;jah
2000-10-05;0,62;46;;jah
2000-10-06;0,62;45;;jah
2000-10-07;0,6;43;;jah
2000-10-08;0,58;41;;jah
2000-10-09;0,58;40;;jah
2000-10-10;0,59;39;;jah
2000-10-11;0,6;38;;jah
2000-10-12;0,61;38;;jah
2000-10-13;0,63;37;;jah
2000-10-14;0,68;38;;jah
2000-10-15;0,88;45;;jah
2000-10-16;0,85;42;;jah
2000-10-17;0,72;37;;jah
2000-10-18;0,71;36;;jah
2000-10-19;0,71;35;;jah
2000-10-20;0,7;34;;jah
2000-10-21;0,71;33;;jah
2000-10-22;0,74;33;;jah
2000-10-23;0,76;33;;jah
2000-10-24;0,77;33;;jah
2000-10-25;0,75;32;;jah
2000-10-26;0,94;36;;jah
2000-10-27;1,27;44;;jah
2000-10-28;1,4;46;;jah
2000-10-29;1,28;42;;jah
2000-10-30;1,31;43;;jah
2000-10-31;1,29;42;;jah
2000-11-01;1,22;40;;jah
2000-11-02;1,36;44;;jah
2000-11-03;1,51;47;;jah
2000-11-04;1,37;43;;jah
2000-11-05;1,23;40;;jah
2000-11-06;1,28;42;;jah
2000-11-07;1,29;42;;jah
2000-11-08;1,27;41;;jah
2000-11-09;1,33;43;;jah
2000-11-10;1,5;45;;jah
2000-11-11;1,97;53;;jah
2000-11-12;2,69;64;;jah
2000-11-13;2,71;62;;jah
2000-11-14;2,41;57;;jah
2000-11-15;2,34;56;;jah
2000-11-16;2,7;63;;jah
2000-11-17;2,55;59;;jah
2000-11-18;2,22;53;;jah
2000-11-19;2,01;50;;jah
2000-11-20;1,87;47;;jah
2000-11-21;1,75;45;;jah
2000-11-22;1,7;44;;jah
2000-11-23;1,64;43;;jah
2000-11-24;1,61;43;;jah
2000-11-25;1,58;42;;jah
2000-11-26;1,53;41;;jah
2000-11-27;1,48;40;;jah
2000-11-28;1,6;43;;jah
2000-11-29;1,4;39;;jah
2000-11-30;1,36;38;;jah
2000-12-01;1,43;40;;jah
2000-12-02;1,44;40;;jah
2000-12-03;1,41;39;;jah
2000-12-04;1,41;39;;jah
2000-12-05;1,41;39;;jah
2000-12-06;1,39;39;;jah
2000-12-07;1,36;38;;jah
2000-12-08;1,34;38;;jah
2000-12-09;1,31;37;;jah
2000-12-10;1,36;38;;jah
2000-12-11;1,41;39;;jah
2000-12-12;1,44;40;;jah
2000-12-13;1,54;42;;jah
2000-12-14;1,73;45;;jah
2000-12-15;1,85;47;;jah
2000-12-16;1,78;46;;jah
2000-12-17;1,7;44;;jah
2000-12-18;1,69;44;;jah
2000-12-19;1,62;43;;jah
2000-12-20;1,51;41;;jah
2000-12-21;1,44;40;;jah
2000-12-22;1,41;39;;jah
2000-12-23;1,39;39;;jah
2000-12-24;1,34;38;;jah
2000-12-25;1,27;38;;jah
2000-12-26;1,19;38;;jah
2000-12-27;1,19;57;;jah
2000-12-28;1,15;65;;jah
2000-12-29;1,15;55;;jah
2000-12-30;1,14;40;;jah
2000-12-31;1,08;39;;jah
2001-01-01;1,03;39;;jah
2001-01-02;0,97;37;;jah
2001-01-03;0,98;36;;jah
2001-01-04;1,05;36;;jah
2001-01-05;1,09;35;;jah
2001-01-06;1,16;35;;jah
2001-01-07;1,5;42;;jah
2001-01-08;2,84;67;;jah
2001-01-09;3,47;76;;jah
2001-01-10;2,9;65;;jah
2001-01-11;2,4;57;;jah
2001-01-12;2,07;51;;jah
2001-01-13;1,93;49;;jah
2001-01-14;1,9;49;;jah
2001-01-15;1,75;46;;jah
2001-01-16;1,66;44;;jah
2001-01-17;1,61;43;;jah
2001-01-18;1,58;43;;jah
2001-01-19;1,53;42;;jah
2001-01-20;1,47;41;;jah
2001-01-21;1,44;40;;jah
2001-01-22;1,42;53;;jah
2001-01-23;1,41;73;;jah
2001-01-24;1,4;77;;jah
2001-01-25;1,39;66;;jah
2001-01-26;1,38;55;;jah
2001-01-27;1,37;47;;jah
2001-01-28;1,36;41;;jah
2001-01-29;1,35;37;;jah
2001-01-30;1,29;36;;jah
2001-01-31;1,2;35;;jah
2001-02-01;1,1;36;;jah
2001-02-02;1,04;48;;jah
2001-02-03;1,01;65;;jah
2001-02-04;0,98;54;;jah
2001-02-05;0,95;45;;jah
2001-02-06;0,98;40;;jah
2001-02-07;1,11;42;;jah
2001-02-08;1,63;54;;jah
2001-02-09;2,28;68;;jah
2001-02-10;2,46;70;;jah
2001-02-11;2,17;62;;jah
2001-02-12;1,8;54;;jah
2001-02-13;1,71;52;;jah
2001-02-14;1,64;49;;jah
2001-02-15;1,55;47;;jah
2001-02-16;1,5;45;;jah
2001-02-17;1,49;49;;jah
2001-02-18;1,48;42;;jah
2001-02-19;1,47;39;;jah
2001-02-20;1,45;40;;jah
2001-02-21;1,43;40;;jah
2001-02-22;1,39;41;;jah
2001-02-23;1,35;49;;jah
2001-02-24;1,31;56;;jah
2001-02-25;1,28;53;;jah
2001-02-26;1,24;48;;jah
2001-02-27;1,2;41;;jah
2001-02-28;1,15;39;;jah
2001-03-01;1,11;39;;jah
2001-03-02;1,07;38;;jah
2001-03-03;1,06;38;;jah
2001-03-04;1,03;38;;jah
2001-03-05;0,99;37;;jah
2001-03-06;0,99;38;;jah
2001-03-07;1,03;39;;jah
2001-03-08;0,96;37;;jah
2001-03-09;0,94;37;;jah
2001-03-10;1,01;36;;jah
2001-03-11;1,31;39;;jah
2001-03-12;3,35;78;;jah
2001-03-13;6,06;117;;jah
2001-03-14;6,99;127;;jah
2001-03-15;5,53;104;;jah
2001-03-16;3,82;80;;jah
2001-03-17;3,07;68;;jah
2001-03-18;2,32;56;;jah
2001-03-19;2,19;57;;jah
2001-03-20;2,01;58;;jah
2001-03-21;1,83;54;;jah
2001-03-22;1,66;49;;jah
2001-03-23;1,58;43;;jah
2001-03-24;1,54;52;;jah
2001-03-25;1,49;54;;jah
2001-03-26;1,45;51;;jah
2001-03-27;1,4;50;;jah
2001-03-28;1,36;49;;jah
2001-03-29;1,36;46;;jah
2001-03-30;1,4;42;;jah
2001-03-31;1,37;39;;jah
2001-04-01;1,65;45;;jah
2001-04-02;2,47;57;;jah
2001-04-03;3,16;65;;jah
2001-04-04;3,31;67;;jah
2001-04-05;3,55;72;;jah
2001-04-06;3,57;72;;jah
2001-04-07;3,45;69;;jah
2001-04-08;3,24;66;;jah
2001-04-09;3,11;63;;jah
2001-04-10;3,6;73;;jah
2001-04-11;3,97;79;;jah
2001-04-12;3,82;76;;jah
2001-04-13;3,79;76;;jah
2001-04-14;3,98;79;;jah
2001-04-15;4,17;83;;jah
2001-04-16;4,64;91;;jah
2001-04-17;4,92;96;;jah
2001-04-18;5;97;;jah
2001-04-19;4,87;94;;jah
2001-04-20;4,61;90;;jah
2001-04-21;4,15;81;;jah
2001-04-22;3,58;71;;jah
2001-04-23;3,55;72;;jah
2001-04-24;3,47;70;;jah
2001-04-25;3,13;63;;jah
2001-04-26;2,93;60;;jah
2001-04-27;3,1;64;;jah
2001-04-28;3,36;68;;jah
2001-04-29;3,22;65;;jah
2001-04-30;2,9;59;;jah
2001-05-01;2,68;56;;jah
2001-05-02;2,55;53;;jah
2001-05-03;2,34;49;;jah
2001-05-04;2,14;46;;jah
2001-05-05;1,97;43;;jah
2001-05-06;1,74;42;;jah
2001-05-07;1,43;41;;jah
2001-05-08;1,29;39;;jah
2001-05-09;1,17;37;;jah
2001-05-10;1,08;36;;jah
2001-05-11;1,02;36;;jah
2001-05-12;0,95;35;;jah
2001-05-13;0,93;35;;jah
2001-05-14;0,91;35;;jah
2001-05-15;0,89;35;;jah
2001-05-16;0,85;34;;jah
2001-05-17;0,85;35;;jah
2001-05-18;0,92;36;;jah
2001-05-19;1,38;50;;jah
2001-05-20;1,47;50;;jah
2001-05-21;1,32;47;;jah
2001-05-22;1,2;44;;jah
2001-05-23;1,12;42;;jah
2001-05-24;1,06;40;;jah
2001-05-25;1,02;39;;jah
2001-05-26;1;39;;jah
2001-05-27;0,95;38;;jah
2001-05-28;0,89;37;;jah
2001-05-29;0,87;37;;jah
2001-05-30;0,83;37;;jah
2001-05-31;0,79;36;;jah
2001-06-01;0,79;37;;jah
2001-06-02;0,77;37;;jah
2001-06-03;0,73;36;;jah
2001-06-04;0,71;36;;jah
2001-06-05;0,68;35;;jah
2001-06-06;0,67;35;;jah
2001-06-07;0,69;36;;jah
2001-06-08;0,77;39;;jah
2001-06-09;0,78;39;;jah
2001-06-10;0,98;45;;jah
2001-06-11;0,94;43;;jah
2001-06-12;1,2;52;;jah
2001-06-13;1,58;62;;jah
2001-06-14;1,56;60;;jah
2001-06-15;1,46;58;;jah
2001-06-16;1,2;51;;jah
2001-06-17;1,12;50;;jah
2001-06-18;1,56;68;;jah
2001-06-19;1,66;72;;jah
2001-06-20;1,41;65;;jah
2001-06-21;1,15;57;;jah
2001-06-22;1,08;57;;jah
2001-06-23;1,19;64;;jah
2001-06-24;1,38;75;;jah
2001-06-25;1,3;72;;jah
2001-06-26;1,08;65;;jah
2001-06-27;0,92;59;;jah
2001-06-28;0,82;56;;jah
2001-06-29;0,76;55;;jah
2001-06-30;0,68;53;;jah
2001-07-01;0,64;53;;jah
2001-07-02;0,65;55;;jah
2001-07-03;0,61;55;;jah
2001-07-04;0,59;55;;jah
2001-07-05;0,51;52;;jah
2001-07-06;0,51;56;;jah
2001-07-07;0,58;62;;jah
2001-07-08;0,55;60;;jah
2001-07-09;0,51;57;;jah
2001-07-10;0,52;59;;jah
2001-07-11;0,57;64;;jah
2001-07-12;0,54;61;;jah
2001-07-13;0,5;59;;jah
2001-07-14;0,51;61;;jah
2001-07-15;0,56;66;;jah
2001-07-16;0,71;81;;jah
2001-07-17;0,84;91;;jah
2001-07-18;0,83;88;;jah
2001-07-19;0,78;82;;jah
2001-07-20;0,72;76;;jah
2001-07-21;0,67;70;;jah
2001-07-22;1,07;106;;jah
2001-07-23;1,01;100;;jah
2001-07-24;0,82;88;;jah
2001-07-25;0,7;81;;jah
2001-07-26;0,62;76;;jah
2001-07-27;0,57;75;;jah
2001-07-28;0,52;71;;jah
2001-07-29;0,46;67;;jah
2001-07-30;0,41;64;;jah
2001-07-31;0,39;52;;jah
2001-08-01;0,43;66;;jah
2001-08-02;0,46;67;;jah
2001-08-03;0,49;69;;jah
2001-08-04;0,5;68;;jah
2001-08-05;0,5;65;;jah
2001-08-06;0,66;82;;jah
2001-08-07;0,89;100;;jah
2001-08-08;0,78;90;;jah
2001-08-09;0,67;81;;jah
2001-08-10;0,59;74;;jah
2001-08-11;0,6;76;;jah
2001-08-12;0,65;83;;jah
2001-08-13;0,64;82;;jah
2001-08-14;0,69;89;;jah
2001-08-15;0,74;94;;jah
2001-08-16;0,71;91;;jah
2001-08-17;0,65;84;;jah
2001-08-18;0,61;78;;jah
2001-08-19;0,58;72;;jah
2001-08-20;0,56;69;;jah
2001-08-21;0,58;69;;jah
2001-08-22;0,65;74;;jah
2001-08-23;0,66;73;;jah
2001-08-24;0,61;67;;jah
2001-08-25;0,6;65;;jah
2001-08-26;0,58;62;;jah
2001-08-27;0,58;61;;jah
2001-08-28;0,7;69;;jah
2001-08-29;1,13;101;;jah
2001-08-30;1;91;;jah
2001-08-31;0,85;81;;jah
2001-09-01;0,74;74;;jah
2001-09-02;0,66;69;;jah
2001-09-03;0,62;67;;jah
2001-09-04;0,59;66;;jah
2001-09-05;0,56;65;;jah
2001-09-06;0,55;65;;jah
2001-09-07;0,55;64;;jah
2001-09-08;0,58;65;;jah
2001-09-09;0,7;74;;jah
2001-09-10;0,79;77;;jah
2001-09-11;0,79;74;;jah
2001-09-12;0,75;69;;jah
2001-09-13;0,8;72;;jah
2001-09-14;0,87;74;;jah
2001-09-15;0,86;71;;jah
2001-09-16;0,94;75;;jah
2001-09-17;1,02;78;;jah
2001-09-18;0,91;69;;jah
2001-09-19;0,82;63;;jah
2001-09-20;0,75;58;;jah
2001-09-21;0,7;54;;jah
2001-09-22;0,66;51;;jah
2001-09-23;0,65;50;;jah
2001-09-24;0,64;49;;jah
2001-09-25;0,64;48;;jah
2001-09-26;0,63;47;;jah
2001-09-27;0,61;45;;jah
2001-09-28;0,64;45;;jah
2001-09-29;0,7;46;;jah
2001-09-30;0,69;43;;jah
2001-10-01;0,67;41;;jah
2001-10-02;0,72;42;;jah
2001-10-03;0,8;44;;jah
2001-10-04;0,79;42;;jah
2001-10-05;0,85;43;;jah
2001-10-06;0,94;45;;jah
2001-10-07;0,88;41;;jah
2001-10-08;0,8;38;;jah
2001-10-09;0,77;36;;jah
2001-10-10;0,76;35;;jah
2001-10-11;0,81;36;;jah
2001-10-12;0,91;39;;jah
2001-10-13;1,06;42;;jah
2001-10-14;1,22;46;;jah
2001-10-15;1,12;42;;jah
2001-10-16;1,02;39;;jah
2001-10-17;1;38;;jah
2001-10-18;1,11;40;;jah
2001-10-19;1,14;41;;jah
2001-10-20;1,07;39;;jah
2001-10-21;1;37;;jah
2001-10-22;0,95;35;;jah
2001-10-23;0,95;35;;jah
2001-10-24;0,92;34;;jah
2001-10-25;0,92;34;;jah
2001-10-26;0,93;34;;jah
2001-10-27;0,95;34;;jah
2001-10-28;1;35;;jah
2001-10-29;1,1;36;;jah
2001-10-30;1,32;40;;jah
2001-10-31;1,73;48;;jah
2001-11-01;2,01;51;;jah
2001-11-02;2,51;60;;jah
2001-11-03;2,5;59;;jah
2001-11-04;2,11;52;;jah
2001-11-05;1,82;47;;jah
2001-11-06;1,77;46;;jah
2001-11-07;1,81;47;;jah
2001-11-08;1,95;50;;jah
2001-11-09;1,98;50;;jah
2001-11-10;1,98;50;;jah
2001-11-11;2,43;59;;jah
2001-11-12;4,31;92;;jah
2001-11-13;4,62;94;;jah
2001-11-14;3,37;72;;jah
2001-11-15;2,5;58;;jah
2001-11-16;2,3;55;;jah
2001-11-17;1,98;50;;jah
2001-11-18;1,92;49;;jah
2001-11-19;1,98;50;;jah
2001-11-20;1,9;50;;jah
2001-11-21;1,79;60;;jah
2001-11-22;1,69;72;;jah
2001-11-23;1,58;67;;jah
2001-11-24;1,48;56;;jah
2001-11-25;1,36;41;;jah
2001-11-26;1,28;40;;jah
2001-11-27;1,25;40;;jah
2001-11-28;1,21;40;;jah
2001-11-29;1,17;40;;jah
2001-11-30;1,12;40;;jah
2001-12-01;1,06;53;;jah
2001-12-02;0,99;65;;jah
2001-12-03;0,92;54;;jah
2001-12-04;0,86;44;;jah
2001-12-05;0,82;43;;jah
2001-12-06;0,77;39;;jah
2001-12-07;0,72;34;;jah
2001-12-08;0,66;32;;jah
2001-12-09;0,67;33;;jah
2001-12-10;0,72;34;;jah
2001-12-11;0,76;36;;jah
2001-12-12;0,76;36;;jah
2001-12-13;0,73;35;;jah
2001-12-14;0,8;37;;jah
2001-12-15;0,81;37;;jah
2001-12-16;0,8;37;;jah
2001-12-17;0,8;37;;jah
2001-12-18;0,77;37;;jah
2001-12-19;0,72;37;;jah
2001-12-20;0,78;41;;jah
2001-12-21;0,77;40;;jah
2001-12-22;0,77;40;;jah
2001-12-23;0,74;39;;jah
2001-12-24;0,74;39;;jah
2001-12-25;0,73;39;;jah
2001-12-26;0,8;42;;jah
2001-12-27;0,87;45;;jah
2001-12-28;0,89;45;;jah
2001-12-29;0,91;46;;jah
2001-12-30;0,93;47;;jah
2001-12-31;0,97;48;;jah
2002-01-01;0,97;47;;jah
2002-01-02;0,93;46;;jah
2002-01-03;0,89;44;;jah
2002-01-04;0,91;45;;jah
2002-01-05;0,99;48;;jah
2002-01-06;1,01;48;;jah
2002-01-07;0,94;45;;jah
2002-01-08;0,95;46;;jah
2002-01-09;1,06;47;;jah
2002-01-10;1,15;46;;jah
2002-01-11;1,24;46;;jah
2002-01-12;1,27;44;;jah
2002-01-13;1,24;41;;jah
2002-01-14;1,32;41;;jah
2002-01-15;1,77;48;;jah
2002-01-16;1,99;50;;jah
2002-01-17;1,86;48;;jah
2002-01-18;1,82;47;;jah
2002-01-19;1,77;46;;jah
2002-01-20;1,77;46;;jah
2002-01-21;1,77;46;;jah
2002-01-22;1,79;47;;jah
2002-01-23;2,28;56;;jah
2002-01-24;3,52;79;;jah
2002-01-25;3,25;80;;jah
2002-01-26;3,1;86;;jah
2002-01-27;3,02;93;;jah
2002-01-28;2,98;94;;jah
2002-01-29;2,94;97;;jah
2002-01-30;2,9;96;;jah
2002-01-31;2,91;79;;jah
2002-02-01;3,31;88;;jah
2002-02-02;3,37;87;;jah
2002-02-03;4,69;115;;jah
2002-02-04;5,57;124;;jah
2002-02-05;6,15;127;;jah
2002-02-06;6,38;125;;jah
2002-02-07;7,8;141;;jah
2002-02-08;9,03;153;;jah
2002-02-09;9,14;153;;jah
2002-02-10;8,5;145;;jah
2002-02-11;8,73;149;;jah
2002-02-12;8,51;145;;jah
2002-02-13;8,01;145;;jah
2002-02-14;6,38;129;;jah
2002-02-15;4,64;107;;jah
2002-02-16;3,61;90;;jah
2002-02-17;3,39;88;;jah
2002-02-18;3,5;91;;jah
2002-02-19;3,44;90;;jah
2002-02-20;3,13;84;;jah
2002-02-21;2,66;76;;jah
2002-02-22;2,82;87;;jah
2002-02-23;2,81;91;;jah
2002-02-24;2,82;92;;jah
2002-02-25;2,86;88;;jah
2002-02-26;2,74;81;;jah
2002-02-27;2,83;81;;jah
2002-02-28;3,2;87;;jah
2002-03-01;3,3;86;;jah
2002-03-02;3,13;80;;jah
2002-03-03;2,86;73;;jah
2002-03-04;2,75;69;;jah
2002-03-05;2,82;69;;jah
2002-03-06;3,5;80;;jah
2002-03-07;5,27;109;;jah
2002-03-08;6,16;129;;jah
2002-03-09;6,49;126;;jah
2002-03-10;5,72;108;;jah
2002-03-11;5,08;100;;jah
2002-03-12;5,07;101;;jah
2002-03-13;5,92;114;;jah
2002-03-14;6,12;115;;jah
2002-03-15;5,18;100;;jah
2002-03-16;4,12;85;;jah
2002-03-17;3,34;72;;jah
2002-03-18;3,18;71;;jah
2002-03-19;3,41;75;;jah
2002-03-20;3,94;84;;jah
2002-03-21;4;84;;jah
2002-03-22;3,69;79;;jah
2002-03-23;3,37;74;;jah
2002-03-24;3,18;71;;jah
2002-03-25;2,86;65;;jah
2002-03-26;2,61;61;;jah
2002-03-27;2,48;59;;jah
2002-03-28;2,45;58;;jah
2002-03-29;2,53;60;;jah
2002-03-30;2,61;61;;jah
2002-03-31;2,6;61;;jah
2002-04-01;2,54;60;;jah
2002-04-02;2,45;58;;jah
2002-04-03;2,21;54;;jah
2002-04-04;2;50;;jah
2002-04-05;1,94;49;;jah
2002-04-06;1,93;49;;jah
2002-04-07;1,93;49;;jah
2002-04-08;1,9;49;;jah
2002-04-09;1,85;48;;jah
2002-04-10;1,82;47;;jah
2002-04-11;1,87;48;;jah
2002-04-12;1,85;48;;jah
2002-04-13;1,77;46;;jah
2002-04-14;1,77;46;;jah
2002-04-15;1,94;50;;jah
2002-04-16;2,22;55;;jah
2002-04-17;2,09;52;;jah
2002-04-18;1,92;49;;jah
2002-04-19;1,77;46;;jah
2002-04-20;1,69;45;;jah
2002-04-21;1,6;43;;jah
2002-04-22;1,55;42;;jah
2002-04-23;1,52;42;;jah
2002-04-24;1,47;41;;jah
2002-04-25;1,43;40;;jah
2002-04-26;1,41;40;;jah
2002-04-27;1,38;39;;jah
2002-04-28;1,32;38;;jah
2002-04-29;1,27;38;;jah
2002-04-30;1,25;38;;jah
2002-05-01;1,24;38;;jah
2002-05-02;1,22;38;;jah
2002-05-03;1,19;38;;jah
2002-05-04;1,14;37;;jah
2002-05-05;1,09;36;;jah
2002-05-06;1,03;35;;jah
2002-05-07;0,99;35;;jah
2002-05-08;0,93;34;;jah
2002-05-09;0,89;33;;jah
2002-05-10;0,86;33;;jah
2002-05-11;0,81;32;;jah
2002-05-12;0,78;32;;jah
2002-05-13;0,75;32;;jah
2002-05-14;0,8;34;;jah
2002-05-15;0,78;33;;jah
2002-05-16;0,83;36;;jah
2002-05-17;0,77;34;;jah
2002-05-18;0,72;33;;jah
2002-05-19;0,69;33;;jah
2002-05-20;0,66;33;;jah
2002-05-21;0,62;32;;jah
2002-05-22;0,59;31;;jah
2002-05-23;0,58;31;;jah
2002-05-24;0,57;31;;jah
2002-05-25;0,53;30;;jah
2002-05-26;0,51;30;;jah
2002-05-27;0,49;30;;jah
2002-05-28;0,47;29;;jah
2002-05-29;0,44;28;;jah
2002-05-30;0,43;28;;jah
2002-05-31;0,43;29;;jah
2002-06-01;0,42;28;;jah
2002-06-02;0,41;28;;jah
2002-06-03;0,38;27;;jah
2002-06-04;0,37;27;;jah
2002-06-05;0,37;28;;jah
2002-06-06;0,37;28;;jah
2002-06-07;0,35;27;;jah
2002-06-08;0,34;27;;jah
2002-06-09;0,35;28;;jah
2002-06-10;0,35;29;;jah
2002-06-11;0,33;28;;jah
2002-06-12;0,36;31;;jah
2002-06-13;0,4;34;;jah
2002-06-14;0,52;43;;jah
2002-06-15;0,52;43;;jah
2002-06-16;0,47;41;;jah
2002-06-17;0,48;44;;jah
2002-06-18;0,44;42;;jah
2002-06-19;0,41;41;;jah
2002-06-20;0,39;40;;jah
2002-06-21;0,39;40;;jah
2002-06-22;0,38;40;;jah
2002-06-23;0,39;42;;jah
2002-06-24;0,5;52;;jah
2002-06-25;0,62;59;;jah
2002-06-26;0,52;53;;jah
2002-06-27;0,47;51;;jah
2002-06-28;0,49;53;;jah
2002-06-29;0,48;53;;jah
2002-06-30;0,49;56;;jah
2002-07-01;0,62;68;;jah
2002-07-02;0,62;68;;jah
2002-07-03;0,59;67;;jah
2002-07-04;0,55;65;;jah
2002-07-05;0,51;63;;jah
2002-07-06;0,5;64;;jah
2002-07-07;0,49;63;;jah
2002-07-08;0,47;61;;jah
2002-07-09;0,46;61;;jah
2002-07-10;0,46;60;;jah
2002-07-11;0,42;57;;jah
2002-07-12;0,4;55;;jah
2002-07-13;0,39;54;;jah
2002-07-14;0,38;54;;jah
2002-07-15;0,36;52;;jah
2002-07-16;0,34;50;;jah
2002-07-17;0,34;50;;jah
2002-07-18;0,32;48;;jah
2002-07-19;0,31;47;;jah
2002-07-20;0,29;45;;jah
2002-07-21;0,29;45;;jah
2002-07-22;0,32;48;;jah
2002-07-23;0,31;47;;jah
2002-07-24;0,32;48;;jah
2002-07-25;0,3;46;;jah
2002-07-26;0,31;48;;jah
2002-07-27;0,36;53;;jah
2002-07-28;0,38;55;;jah
2002-07-29;0,34;50;;jah
2002-07-30;0,33;48;;jah
2002-07-31;0,3;45;;jah
2002-08-01;0,27;41;;jah
2002-08-02;0,26;40;;jah
2002-08-03;0,27;40;;jah
2002-08-04;0,27;39;;jah
2002-08-05;0,26;38;;jah
2002-08-06;0,27;38;;jah
2002-08-07;0,27;38;;jah
2002-08-08;0,28;39;;jah
2002-08-09;0,29;39;;jah
2002-08-10;0,3;39;;jah
2002-08-11;0,29;38;;jah
2002-08-12;0,29;37;;jah
2002-08-13;0,29;36;;jah
2002-08-14;0,28;35;;jah
2002-08-15;0,28;34;;jah
2002-08-16;0,28;34;;jah
2002-08-17;0,28;34;;jah
2002-08-18;0,28;33;;jah
2002-08-19;0,28;33;;jah
2002-08-20;0,28;32;;jah
2002-08-21;0,29;32;;jah
2002-08-22;0,29;32;;jah
2002-08-23;0,29;31;;jah
2002-08-24;0,29;31;;jah
2002-08-25;0,28;30;;jah
2002-08-26;0,28;30;;jah
2002-08-27;0,28;29;;jah
2002-08-28;0,28;29;;jah
2002-08-29;0,27;28;;jah
2002-08-30;0,25;26;;jah
2002-08-31;0,26;26;;jah
2002-09-01;0,25;25;;jah
2002-09-02;0,26;25;;jah
2002-09-03;0,27;24;;jah
2002-09-04;0,26;24;;jah
2002-09-05;0,27;24;;jah
2002-09-06;0,27;24;;jah
2002-09-07;0,28;24;;jah
2002-09-08;0,28;24;;jah
2002-09-09;0,29;24;;jah
2002-09-10;0,29;24;;jah
2002-09-11;0,29;24;;jah
2002-09-12;0,3;24;;jah
2002-09-13;0,3;25;;jah
2002-09-14;0,32;25;;jah
2002-09-15;0,33;27;;jah
2002-09-16;0,36;27;;jah
2002-09-17;0,38;27;;jah
2002-09-18;0,38;27;;jah
2002-09-19;0,38;27;;jah
2002-09-20;0,38;27;;jah
2002-09-21;0,39;27;;jah
2002-09-22;0,39;27;;jah
2002-09-23;0,39;27;;jah
2002-09-24;0,4;27;;jah
2002-09-25;0,41;28;;jah
2002-09-26;0,45;29;;jah
2002-09-27;0,43;28;;jah
2002-09-28;0,43;28;;jah
2002-09-29;0,41;27;;jah
2002-09-30;0,43;28;;jah
2002-10-01;0,45;28;;jah
2002-10-02;0,44;27;;jah
2002-10-03;0,44;27;;jah
2002-10-04;0,45;27;;jah
2002-10-05;0,46;27;;jah
2002-10-06;0,47;27;;jah
2002-10-07;0,48;27;;jah
2002-10-08;0,49;27;;jah
2002-10-09;0,51;28;;jah
2002-10-10;0,59;30;;jah
2002-10-11;0,63;31;;jah
2002-10-12;0,61;30;;jah
2002-10-13;0,61;30;;jah
2002-10-14;0,6;30;;jah
2002-10-15;0,59;30;;jah
2002-10-16;0,61;30;;jah
2002-10-17;0,61;30;;jah
2002-10-18;0,64;31;;jah
2002-10-19;0,67;32;;jah
2002-10-20;0,65;31;;jah
2002-10-21;0,67;32;;jah
2002-10-22;0,66;41;;jah
2002-10-23;0,65;35;;jah
2002-10-24;0,66;33;;jah
2002-10-25;0,66;31;;jah
2002-10-26;0,75;33;;jah
2002-10-27;0,85;35;;jah
2002-10-28;0,91;35;;jah
2002-10-29;0,91;35;;jah
2002-10-30;0,85;33;;jah
2002-10-31;0,81;32;;jah
2002-11-01;0,81;32;;jah
2002-11-02;0,79;32;;jah
2002-11-03;0,77;31;;jah
2002-11-04;0,77;31;;jah
2002-11-05;0,74;30;;jah
2002-11-06;0,73;30;;jah
2002-11-07;0,73;30;;jah
2002-11-08;0,73;30;;jah
2002-11-09;0,73;30;;jah
2002-11-10;0,73;30;;jah
2002-11-11;0,74;30;;jah
2002-11-12;0,77;44;;jah
2002-11-13;0,82;38;;jah
2002-11-14;0,84;31;;jah
2002-11-15;0,91;32;;jah
2002-11-16;1,15;36;;jah
2002-11-17;1,6;44;;jah
2002-11-18;2,57;61;;jah
2002-11-19;2,15;52;;jah
2002-11-20;1,99;50;;jah
2002-11-21;2,16;54;;jah
2002-11-22;1,79;46;;jah
2002-11-23;1,48;41;;jah
2002-11-24;1,35;39;;jah
2002-11-25;1,25;37;;jah
2002-11-26;1,21;36;;jah
2002-11-27;1,26;38;;jah
2002-11-28;1,27;38;;jah
2002-11-29;1,19;40;;jah
2002-11-30;1,08;59;;jah
2002-12-01;0,97;52;;jah
2002-12-02;0,86;38;;jah
2002-12-03;0,77;32;;jah
2002-12-04;0,71;32;;jah
2002-12-05;0,63;31;;jah
2002-12-06;0,57;31;;jah
2002-12-07;0,52;31;;jah
2002-12-08;0,47;31;;jah
2002-12-09;0,43;31;;jah
2002-12-10;0,4;32;;jah
2002-12-11;0,37;32;;jah
2002-12-12;0,34;33;;jah
2002-12-13;0,33;34;;jah
2002-12-14;0,29;32;;jah
2002-12-15;0,29;33;;jah
2002-12-16;0,33;37;;jah
2002-12-17;0,37;40;;jah
2002-12-18;0,37;41;;jah
2002-12-19;0,38;42;;jah
2002-12-20;0,37;43;;jah
2002-12-21;0,36;46;;jah
2002-12-22;0,35;45;;jah
2002-12-23;0,33;41;;jah
2002-12-24;0,31;40;;jah
2002-12-25;0,3;40;;jah
2002-12-26;0,28;39;;jah
2002-12-27;0,28;39;;jah
2002-12-28;0,28;39;;jah
2002-12-29;0,27;39;;jah
2002-12-30;0,3;42;;jah
2002-12-31;0,28;40;;jah
2003-01-01;0,3;40;;jah
2003-01-02;0,34;43;;jah
2003-01-03;0,39;47;;jah
2003-01-04;0,41;48;;jah
2003-01-05;0,41;48;;jah
2003-01-06;0,4;47;;jah
2003-01-07;0,39;48;;jah
2003-01-08;0,41;52;;jah
2003-01-09;0,4;52;;jah
2003-01-10;0,35;48;;jah
2003-01-11;0,33;48;;jah
2003-01-12;0,36;53;;jah
2003-01-13;0,39;58;;jah
2003-01-14;0,37;58;;jah
2003-01-15;0,36;58;;jah
2003-01-16;0,5;60;;jah
2003-01-17;0,8;63;;jah
2003-01-18;1,13;65;;jah
2003-01-19;1,61;72;;jah
2003-01-20;2,02;80;;jah
2003-01-21;2,02;78;;jah
2003-01-22;1,83;71;;jah
2003-01-23;1,62;64;;jah
2003-01-24;1,41;57;;jah
2003-01-25;1,19;50;;jah
2003-01-26;1,3;54;;jah
2003-01-27;1,32;54;;jah
2003-01-28;1,16;49;;jah
2003-01-29;0,96;42;;jah
2003-01-30;0,83;38;;jah
2003-01-31;0,91;41;;jah
2003-02-01;0,96;43;;jah
2003-02-02;0,86;39;;jah
2003-02-03;0,79;37;;jah
2003-02-04;0,73;35;;jah
2003-02-05;0,71;34;;jah
2003-02-06;0,72;35;;jah
2003-02-07;0,77;37;;jah
2003-02-08;0,77;37;;jah
2003-02-09;0,74;36;;jah
2003-02-10;0,71;35;;jah
2003-02-11;0,69;35;;jah
2003-02-12;0,69;35;;jah
2003-02-13;0,66;35;;jah
2003-02-14;0,64;35;;jah
2003-02-15;0,58;33;;jah
2003-02-16;0,64;35;;jah
2003-02-17;0,7;37;;jah
2003-02-18;0,73;37;;jah
2003-02-19;0,71;36;;jah
2003-02-20;0,67;34;;jah
2003-02-21;0,64;33;;jah
2003-02-22;0,67;33;;jah
2003-02-23;0,7;34;;jah
2003-02-24;0,7;34;;jah
2003-02-25;0,69;33;;jah
2003-02-26;0,65;32;;jah
2003-02-27;0,61;31;;jah
2003-02-28;0,59;30;;jah
2003-03-01;0,68;33;;jah
2003-03-02;0,64;32;;jah
2003-03-03;0,61;31;;jah
2003-03-04;0,68;34;;jah
2003-03-05;0,67;33;;jah
2003-03-06;0,66;33;;jah
2003-03-07;0,7;35;;jah
2003-03-08;0,69;34;;jah
2003-03-09;0,69;34;;jah
2003-03-10;0,7;34;;jah
2003-03-11;1,2;51;;jah
2003-03-12;4,66;137;;jah
2003-03-13;4,83;123;;jah
2003-03-14;3,06;79;;jah
2003-03-15;2,07;55;;jah
2003-03-16;1,88;50;;jah
2003-03-17;1,72;45;;jah
2003-03-18;1,65;43;;jah
2003-03-19;1,67;51;;jah
2003-03-20;1,62;57;;jah
2003-03-21;1,58;55;;jah
2003-03-22;1,54;53;;jah
2003-03-23;1,58;42;;jah
2003-03-24;2,38;58;;jah
2003-03-25;3,31;72;;jah
2003-03-26;3,28;68;;jah
2003-03-27;2,67;58;;jah
2003-03-28;3,12;66;;jah
2003-03-29;3,47;72;;jah
2003-03-30;3,33;68;;jah
2003-03-31;3,63;75;;jah
2003-04-01;3,1;64;;jah
2003-04-02;2,53;56;;jah
2003-04-03;2,22;51;;jah
2003-04-04;2,02;48;;jah
2003-04-05;1,98;48;;jah
2003-04-06;1,86;46;;jah
2003-04-07;1,73;44;;jah
2003-04-08;1,63;42;;jah
2003-04-09;1,61;42;;jah
2003-04-10;2,37;56;;jah
2003-04-11;3,01;64;;jah
2003-04-12;3,27;68;;jah
2003-04-13;3,82;78;;jah
2003-04-14;4,57;89;;jah
2003-04-15;4,09;80;;jah
2003-04-16;4,07;81;;jah
2003-04-17;4,42;86;;jah
2003-04-18;5;95;;jah
2003-04-19;5,12;96;;jah
2003-04-20;4,84;91;;jah
2003-04-21;4,49;86;;jah
2003-04-22;4,21;82;;jah
2003-04-23;3,78;75;;jah
2003-04-24;3,35;69;;jah
2003-04-25;2,94;62;;jah
2003-04-26;2,44;54;;jah
2003-04-27;2,17;51;;jah
2003-04-28;2,08;49;;jah
2003-04-29;2,22;52;;jah
2003-04-30;2,75;61;;jah
2003-05-01;3,04;65;;jah
2003-05-02;3,14;66;;jah
2003-05-03;2,9;61;;jah
2003-05-04;3,85;79;;jah
2003-05-05;4,17;82;;jah
2003-05-06;3,4;69;;jah
2003-05-07;2,78;60;;jah
2003-05-08;2,35;53;;jah
2003-05-09;2,09;49;;jah
2003-05-10;1,89;46;;jah
2003-05-11;1,67;43;;jah
2003-05-12;1,59;42;;jah
2003-05-13;1,53;41;;jah
2003-05-14;1,47;40;;jah
2003-05-15;1,44;39;;jah
2003-05-16;2,1;51;;jah
2003-05-17;4,74;94;;jah
2003-05-18;8,26;142;;jah
2003-05-19;9,38;150;;jah
2003-05-20;6,8;116;;jah
2003-05-21;4,38;83;;jah
2003-05-22;3,17;68;;jah
2003-05-23;2,5;58;;jah
2003-05-24;2,06;52;;jah
2003-05-25;1,8;48;;jah
2003-05-26;1,63;46;;jah
2003-05-27;1,77;51;;jah
2003-05-28;1,51;45;;jah
2003-05-29;1,28;41;;jah
2003-05-30;1,1;38;;jah
2003-05-31;1,19;41;;jah
2003-06-01;1,13;40;;jah
2003-06-02;1,04;38;;jah
2003-06-03;0,98;37;;jah
2003-06-04;0,92;36;;jah
2003-06-05;0,88;35;;jah
2003-06-06;0,87;35;;jah
2003-06-07;0,82;34;;jah
2003-06-08;0,77;33;;jah
2003-06-09;0,75;33;;jah
2003-06-10;0,75;33;;jah
2003-06-11;0,75;33;;jah
2003-06-12;0,8;35;;jah
2003-06-13;0,92;38;;jah
2003-06-14;1,16;45;;jah
2003-06-15;1,18;46;;jah
2003-06-16;1,13;44;;jah
2003-06-17;1;40;;jah
2003-06-18;0,94;39;;jah
2003-06-19;0,88;36;;jah
2003-06-20;0,98;38;;jah
2003-06-21;2,16;69;;jah
2003-06-22;3,83;102;;jah
2003-06-23;3,68;98;;jah
2003-06-24;2,51;75;;jah
2003-06-25;1,79;60;;jah
2003-06-26;1,35;51;;jah
2003-06-27;1,09;45;;jah
2003-06-28;0,91;41;;jah
2003-06-29;0,79;39;;jah
2003-06-30;0,76;40;;jah
2003-07-01;0,79;42;;jah
2003-07-02;0,82;44;;jah
2003-07-03;0,78;43;;jah
2003-07-04;0,74;42;;jah
2003-07-05;0,78;45;;jah
2003-07-06;0,72;43;;jah
2003-07-07;0,71;42;;jah
2003-07-08;0,83;45;;jah
2003-07-09;1,11;55;;jah
2003-07-10;1,39;61;;jah
2003-07-11;1,91;75;;jah
2003-07-12;4,18;134;;jah
2003-07-13;4,82;149;;jah
2003-07-14;4,29;142;;jah
2003-07-15;2,84;110;;jah
2003-07-16;1,83;84;;jah
2003-07-17;1,44;72;;jah
2003-07-18;1,18;63;;jah
2003-07-19;1,02;58;;jah
2003-07-20;0,9;54;;jah
2003-07-21;0,82;52;;jah
2003-07-22;0,79;52;;jah
2003-07-23;0,76;51;;jah
2003-07-24;1,07;70;;jah
2003-07-25;1,23;77;;jah
2003-07-26;0,98;65;;jah
2003-07-27;0,89;63;;jah
2003-07-28;1,09;77;;jah
2003-07-29;1,73;112;;jah
2003-07-30;1,36;89;;jah
2003-07-31;0,93;70;;jah
2003-08-01;0,79;62;;jah
2003-08-02;0,58;49;;jah
2003-08-03;0,46;43;;jah
2003-08-04;0,55;50;;jah
2003-08-05;0,6;54;;jah
2003-08-06;0,74;64;;jah
2003-08-07;1,06;88;;jah
2003-08-08;1,08;87;;jah
2003-08-09;0,93;78;;jah
2003-08-10;0,86;74;;jah
2003-08-11;0,86;74;;jah
2003-08-12;0,79;70;;jah
2003-08-13;0,74;67;;jah
2003-08-14;0,69;63;;jah
2003-08-15;0,64;61;;jah
2003-08-16;0,64;61;;jah
2003-08-17;0,69;65;;jah
2003-08-18;0,87;78;;jah
2003-08-19;0,91;79;;jah
2003-08-20;0,89;76;;jah
2003-08-21;1;83;;jah
2003-08-22;1;80;;jah
2003-08-23;1,02;81;;jah
2003-08-24;1,14;87;;jah
2003-08-25;1,15;85;;jah
2003-08-26;1,3;92;;jah
2003-08-27;1,43;96;;jah
2003-08-28;1,68;106;;jah
2003-08-29;1,92;115;;jah
2003-08-30;1,98;114;;jah
2003-08-31;2,51;132;;jah
2003-09-01;3,13;150;;jah
2003-09-02;3,52;158;;jah
2003-09-03;3,09;140;;jah
2003-09-04;2,29;114;;jah
2003-09-05;1,88;103;;jah
2003-09-06;1,71;99;;jah
2003-09-07;1,53;93;;jah
2003-09-08;1,38;88;;jah
2003-09-09;1,27;84;;jah
2003-09-10;1,23;83;;jah
2003-09-11;1,09;76;;jah
2003-09-12;1,02;74;;jah
2003-09-13;0,96;71;;jah
2003-09-14;0,91;69;;jah
2003-09-15;0,87;67;;jah
2003-09-16;0,86;67;;jah
2003-09-17;0,86;65;;jah
2003-09-18;0,85;64;;jah
2003-09-19;0,84;63;;jah
2003-09-20;0,83;61;;jah
2003-09-21;0,82;60;;jah
2003-09-22;0,82;59;;jah
2003-09-23;0,8;57;;jah
2003-09-24;0,85;60;;jah
2003-09-25;0,85;59;;jah
2003-09-26;0,81;56;;jah
2003-09-27;0,81;54;;jah
2003-09-28;0,81;52;;jah
2003-09-29;0,84;52;;jah
2003-09-30;0,87;52;;jah
2003-10-01;0,87;50;;jah
2003-10-02;0,89;50;;jah
2003-10-03;0,92;50;;jah
2003-10-04;0,94;49;;jah
2003-10-05;0,95;48;;jah
2003-10-06;0,96;47;;jah
2003-10-07;1,42;63;;jah
2003-10-08;1,75;71;;jah
2003-10-09;1,52;61;;jah
2003-10-10;1,32;54;;jah
2003-10-11;1,27;52;;jah
2003-10-12;1,29;51;;jah
2003-10-13;1,42;54;;jah
2003-10-14;1,72;62;;jah
2003-10-15;2,33;78;;jah
2003-10-16;2,41;78;;jah
2003-10-17;2,01;67;;jah
2003-10-18;1,7;59;;jah
2003-10-19;1,51;54;;jah
2003-10-20;1,4;51;;jah
2003-10-21;1,36;50;;jah
2003-10-22;1,28;47;;jah
2003-10-23;1,17;44;;jah
2003-10-24;1,14;43;;jah
2003-10-25;1,16;43;;jah
2003-10-26;1,21;44;;jah
2003-10-27;1,21;44;;jah
2003-10-28;1,22;43;;jah
2003-10-29;1,41;48;;jah
2003-10-30;1,6;51;;jah
2003-10-31;1,55;49;;jah
2003-11-01;1,44;46;;jah
2003-11-02;1,46;46;;jah
2003-11-03;2,11;60;;jah
2003-11-04;3,28;82;;jah
2003-11-05;3,16;77;;jah
2003-11-06;2,9;71;;jah
2003-11-07;2,6;64;;jah
2003-11-08;2,23;56;;jah
2003-11-09;1,94;50;;jah
2003-11-10;1,8;47;;jah
2003-11-11;1,77;46;;jah
2003-11-12;1,74;45;;jah
2003-11-13;1,69;44;;jah
2003-11-14;1,66;44;;jah
2003-11-15;1,63;43;;jah
2003-11-16;1,63;43;;jah
2003-11-17;1,59;42;;jah
2003-11-18;1,63;43;;jah
2003-11-19;1,77;46;;jah
2003-11-20;1,99;50;;jah
2003-11-21;2,37;57;;jah
2003-11-22;2,47;58;;jah
2003-11-23;2,42;57;;jah
2003-11-24;3,18;73;;jah
2003-11-25;4,8;98;;jah
2003-11-26;5,19;103;;jah
2003-11-27;4,66;94;;jah
2003-11-28;4,47;92;;jah
2003-11-29;4,62;94;;jah
2003-11-30;4,22;87;;jah
2003-12-01;3,47;74;;jah
2003-12-02;2,92;65;;jah
2003-12-03;2,87;65;;jah
2003-12-04;2,97;67;;jah
2003-12-05;3,05;68;;jah
2003-12-06;3,2;71;;jah
2003-12-07;2,86;64;;jah
2003-12-08;2,49;58;;jah
2003-12-09;2,22;53;;jah
2003-12-10;2,07;58;;jah
2003-12-11;1,91;48;;jah
2003-12-12;1,8;46;;jah
2003-12-13;1,77;46;;jah
2003-12-14;1,76;46;;jah
2003-12-15;1,86;48;;jah
2003-12-16;1,95;49;;jah
2003-12-17;1,95;49;;jah
2003-12-18;1,97;50;;jah
2003-12-19;2,01;50;;jah
2003-12-20;2,34;57;;jah
2003-12-21;2,76;64;;jah
2003-12-22;2,97;68;;jah
2003-12-23;3,19;84;;jah
2003-12-24;3,41;87;;jah
2003-12-25;3,64;91;;jah
2003-12-26;3,83;85;;jah
2003-12-27;3,15;68;;jah
2003-12-28;3,45;76;;jah
2003-12-29;3,25;71;;jah
2003-12-30;2,85;64;;jah
2003-12-31;2,66;61;;jah
2004-01-01;2,28;56;;jah
2004-01-02;2,1;68;;jah
2004-01-03;1,91;95;;jah
2004-01-04;1,72;93;;jah
2004-01-05;1,54;84;;jah
2004-01-06;1,37;68;;jah
2004-01-07;1,2;61;;jah
2004-01-08;1,1;56;;jah
2004-01-09;1,06;53;;jah
2004-01-10;1,03;54;;jah
2004-01-11;0,94;48;;jah
2004-01-12;0,85;44;;jah
2004-01-13;0,81;42;;jah
2004-01-14;0,81;41;;jah
2004-01-15;0,92;44;;jah
2004-01-16;0,98;44;;jah
2004-01-17;1;44;;jah
2004-01-18;1;43;;jah
2004-01-19;0,99;41;;jah
2004-01-20;0,94;39;;jah
2004-01-21;0,88;37;;jah
2004-01-22;0,86;38;;jah
2004-01-23;0,85;38;;jah
2004-01-24;0,84;39;;jah
2004-01-25;0,85;39;;jah
2004-01-26;0,85;39;;jah
2004-01-27;0,84;39;;jah
2004-01-28;0,84;39;;jah
2004-01-29;0,86;40;;jah
2004-01-30;0,82;39;;jah
2004-01-31;0,83;39;;jah
2004-02-01;0,91;40;;jah
2004-02-02;0,98;41;;jah
2004-02-03;0,96;39;;jah
2004-02-04;1,02;39;;jah
2004-02-05;1,73;59;;jah
2004-02-06;2,08;66;;jah
2004-02-07;1,75;58;;jah
2004-02-08;1,36;50;;jah
2004-02-09;1,14;45;;jah
2004-02-10;1,07;56;;jah
2004-02-11;1,09;78;;jah
2004-02-12;1,13;81;;jah
2004-02-13;1,18;72;;jah
2004-02-14;1,22;61;;jah
2004-02-15;1,26;53;;jah
2004-02-16;1,24;51;;jah
2004-02-17;1,21;50;;jah
2004-02-18;1,21;50;;jah
2004-02-19;1,29;53;;jah
2004-02-20;1,39;56;;jah
2004-02-21;1,21;50;;jah
2004-02-22;1,1;46;;jah
2004-02-23;0,98;43;;jah
2004-02-24;0,95;42;;jah
2004-02-25;0,93;41;;jah
2004-02-26;1;44;;jah
2004-02-27;0,9;40;;jah
2004-02-28;0,84;38;;jah
2004-02-29;0,81;37;;jah
2004-03-01;0,8;37;;jah
2004-03-02;0,81;38;;jah
2004-03-03;0,81;39;;jah
2004-03-04;0,81;43;;jah
2004-03-05;0,81;42;;jah
2004-03-06;0,85;38;;jah
2004-03-07;0,92;36;;jah
2004-03-08;0,95;36;;jah
2004-03-09;0,92;41;;jah
2004-03-10;0,9;36;;jah
2004-03-11;0,88;43;;jah
2004-03-12;0,88;50;;jah
2004-03-13;0,92;42;;jah
2004-03-14;1,05;42;;jah
2004-03-15;1,24;36;;jah
2004-03-16;2,51;65;;jah
2004-03-17;5,43;108;;jah
2004-03-18;7,34;134;;jah
2004-03-19;7,98;139;;jah
2004-03-20;7,55;133;;jah
2004-03-21;7,35;131;;jah
2004-03-22;7,78;137;;jah
2004-03-23;7,51;133;;jah
2004-03-24;6,33;116;;jah
2004-03-25;6,15;116;;jah
2004-03-26;7,34;133;;jah
2004-03-27;7,44;131;;jah
2004-03-28;5,47;104;;jah
2004-03-29;4,16;85;;jah
2004-03-30;3,88;81;;jah
2004-03-31;4,03;84;;jah
2004-04-01;3,99;82;;jah
2004-04-02;3,26;67;;jah
2004-04-03;2,91;62;;jah
2004-04-04;2,78;60;;jah
2004-04-05;2,76;59;;jah
2004-04-06;2,78;60;;jah
2004-04-07;2,83;61;;jah
2004-04-08;2,88;62;;jah
2004-04-09;2,94;63;;jah
2004-04-10;2,97;64;;jah
2004-04-11;2,97;64;;jah
2004-04-12;2,93;63;;jah
2004-04-13;2,78;59;;jah
2004-04-14;2,61;56;;jah
2004-04-15;2,49;53;;jah
2004-04-16;2,56;55;;jah
2004-04-17;2,57;55;;jah
2004-04-18;2,53;54;;jah
2004-04-19;2,41;52;;jah
2004-04-20;2,34;50;;jah
2004-04-21;2,34;50;;jah
2004-04-22;2,38;51;;jah
2004-04-23;2,49;54;;jah
2004-04-24;2,37;51;;jah
2004-04-25;2,27;49;;jah
2004-04-26;2,18;47;;jah
2004-04-27;1,92;44;;jah
2004-04-28;1,62;42;;jah
2004-04-29;1,54;41;;jah
2004-04-30;1,49;40;;jah
2004-05-01;1,47;40;;jah
2004-05-02;1,41;39;;jah
2004-05-03;1,38;39;;jah
2004-05-04;1,36;39;;jah
2004-05-05;1,3;38;;jah
2004-05-06;1,23;37;;jah
2004-05-07;1,16;36;;jah
2004-05-08;1,08;35;;jah
2004-05-09;1,04;35;;jah
2004-05-10;1,02;36;;jah
2004-05-11;1;36;;jah
2004-05-12;0,92;35;;jah
2004-05-13;0,88;34;;jah
2004-05-14;0,87;34;;jah
2004-05-15;0,87;34;;jah
2004-05-16;0,86;34;;jah
2004-05-17;0,86;34;;jah
2004-05-18;0,82;33;;jah
2004-05-19;0,82;33;;jah
2004-05-20;0,84;34;;jah
2004-05-21;0,86;34;;jah
2004-05-22;0,87;34;;jah
2004-05-23;0,98;37;;jah
2004-05-24;1,11;40;;jah
2004-05-25;1,14;40;;jah
2004-05-26;1,12;39;;jah
2004-05-27;1,07;38;;jah
2004-05-28;1,05;38;;jah
2004-05-29;1;37;;jah
2004-05-30;0,98;37;;jah
2004-05-31;0,91;36;;jah
2004-06-01;0,86;35;;jah
2004-06-02;0,83;34;;jah
2004-06-03;0,78;33;;jah
2004-06-04;0,73;32;;jah
2004-06-05;0,72;32;;jah
2004-06-06;0,72;31;;jah
2004-06-07;0,74;31;;jah
2004-06-08;1,02;38;;jah
2004-06-09;2,87;87;;jah
2004-06-10;2,87;87;;jah
2004-06-11;1,57;55;;jah
2004-06-12;1,16;50;;jah
2004-06-13;1,21;52;;jah
2004-06-14;1,22;52;;jah
2004-06-15;1,12;50;;jah
2004-06-16;1,1;50;;jah
2004-06-17;1,03;48;;jah
2004-06-18;1;48;;jah
2004-06-19;0,99;46;;jah
2004-06-20;1,13;50;;jah
2004-06-21;1,53;58;;jah
2004-06-22;4,15;124;;jah
2004-06-23;5,39;142;;jah
2004-06-24;5,21;137;;jah
2004-06-25;4,1;114;;jah
2004-06-26;3,99;115;;jah
2004-06-27;4,17;118;;jah
2004-06-28;5,82;152;;jah
2004-06-29;7,82;185;;jah
2004-06-30;7,98;187;;jah
2004-07-01;6,62;171;;jah
2004-07-02;5,26;150;;jah
2004-07-03;3,8;121;;jah
2004-07-04;3,98;132;;jah
2004-07-05;4,17;139;;jah
2004-07-06;3,57;125;;jah
2004-07-07;2,6;102;;jah
2004-07-08;2,26;97;;jah
2004-07-09;2,08;94;;jah
2004-07-10;1,81;88;;jah
2004-07-11;1,67;86;;jah
2004-07-12;1,87;100;;jah
2004-07-13;1,78;98;;jah
2004-07-14;1,5;90;;jah
2004-07-15;1,31;84;;jah
2004-07-16;1,15;77;;jah
2004-07-17;1,03;72;;jah
2004-07-18;0,98;71;;jah
2004-07-19;0,94;69;;jah
2004-07-20;0,85;65;;jah
2004-07-21;0,82;63;;jah
2004-07-22;0,79;61;;jah
2004-07-23;0,78;60;;jah
2004-07-24;0,79;60;;jah
2004-07-25;1,16;84;;jah
2004-07-26;1,18;81;;jah
2004-07-27;1,05;74;;jah
2004-07-28;0,98;70;;jah
2004-07-29;1,08;74;;jah
2004-07-30;1,8;107;;jah
2004-07-31;2,4;128;;jah
2004-08-01;2,09;117;;jah
2004-08-02;1,74;106;;jah
2004-08-03;1,53;101;;jah
2004-08-04;1,33;93;;jah
2004-08-05;1,14;86;;jah
2004-08-06;1,03;81;;jah
2004-08-07;0,94;78;;jah
2004-08-08;0,97;82;;jah
2004-08-09;0,95;83;;jah
2004-08-10;0,86;79;;jah
2004-08-11;0,79;75;;jah
2004-08-12;0,78;74;;jah
2004-08-13;0,8;75;;jah
2004-08-14;0,77;73;;jah
2004-08-15;0,75;71;;jah
2004-08-16;0,74;70;;jah
2004-08-17;0,75;71;;jah
2004-08-18;0,78;72;;jah
2004-08-19;0,81;70;;jah
2004-08-20;0,93;72;;jah
2004-08-21;1,57;106;;jah
2004-08-22;2,08;127;;jah
2004-08-23;1,81;114;;jah
2004-08-24;1,53;103;;jah
2004-08-25;1,29;92;;jah
2004-08-26;1,25;93;;jah
2004-08-27;1,47;108;;jah
2004-08-28;1,58;113;;jah
2004-08-29;1,47;107;;jah
2004-08-30;1,27;97;;jah
2004-08-31;1,27;90;;jah
2004-09-01;2,04;118;;jah
2004-09-02;3,22;148;;jah
2004-09-03;3,42;148;;jah
2004-09-04;2,72;128;;jah
2004-09-05;2,13;112;;jah
2004-09-06;1,81;104;;jah
2004-09-07;1,65;99;;jah
2004-09-08;1,67;101;;jah
2004-09-09;1,8;107;;jah
2004-09-10;1,77;104;;jah
2004-09-11;1,6;97;;jah
2004-09-12;1,47;91;;jah
2004-09-13;1,43;89;;jah
2004-09-14;1,43;89;;jah
2004-09-15;1,43;89;;jah
2004-09-16;1,43;89;;jah
2004-09-17;1,39;87;;jah
2004-09-18;1,33;83;;jah
2004-09-19;1,27;80;;jah
2004-09-20;1,2;76;;jah
2004-09-21;1,23;75;;jah
2004-09-22;1,56;86;;jah
2004-09-23;1,83;91;;jah
2004-09-24;2,05;94;;jah
2004-09-25;2,22;97;;jah
2004-09-26;2,78;116;;jah
2004-09-27;2,58;107;;jah
2004-09-28;2,22;96;;jah
2004-09-29;2,17;94;;jah
2004-09-30;1,95;86;;jah
2004-10-01;1,75;79;;jah
2004-10-02;1,6;73;;jah
2004-10-03;1,51;70;;jah
2004-10-04;1,46;68;;jah
2004-10-05;1,4;66;;jah
2004-10-06;1,34;63;;jah
2004-10-07;1,45;67;;jah
2004-10-08;1,53;67;;jah
2004-10-09;1,56;67;;jah
2004-10-10;1,61;67;;jah
2004-10-11;1,64;66;;jah
2004-10-12;1,6;63;;jah
2004-10-13;1,58;62;;jah
2004-10-14;1,49;57;;jah
2004-10-15;1,43;55;;jah
2004-10-16;1,41;53;;jah
2004-10-17;1,4;52;;jah
2004-10-18;1,56;56;;jah
2004-10-19;2,09;70;;jah
2004-10-20;2,4;76;;jah
2004-10-21;2,21;69;;jah
2004-10-22;2,05;64;;jah
2004-10-23;2,18;66;;jah
2004-10-24;4,02;107;;jah
2004-10-25;4,66;112;;jah
2004-10-26;3,91;96;;jah
2004-10-27;3,43;85;;jah
2004-10-28;2,93;75;;jah
2004-10-29;2,6;68;;jah
2004-10-30;2,74;71;;jah
2004-10-31;2,87;72;;jah
2004-11-01;3,7;88;;jah
2004-11-02;3,44;79;;jah
2004-11-03;2,8;67;;jah
2004-11-04;2,54;61;;jah
2004-11-05;2,53;60;;jah
2004-11-06;2,42;58;;jah
2004-11-07;2,53;60;;jah
2004-11-08;2,56;60;;jah
2004-11-09;2,31;56;;jah
2004-11-10;2,08;52;;jah
2004-11-11;1,97;50;;jah
2004-11-12;1,93;49;;jah
2004-11-13;1,91;49;;jah
2004-11-14;1,88;48;;jah
2004-11-15;1,91;49;;jah
2004-11-16;2,31;57;;jah
2004-11-17;2,7;63;;jah
2004-11-18;2,57;60;;jah
2004-11-19;2,34;56;;jah
2004-11-20;2,31;56;;jah
2004-11-21;2,35;72;;jah
2004-11-22;2,22;81;;jah
2004-11-23;2,1;83;;jah
2004-11-24;1,98;82;;jah
2004-11-25;1,86;79;;jah
2004-11-26;1,75;72;;jah
2004-11-27;1,65;60;;jah
2004-11-28;1,55;49;;jah
2004-11-29;1,45;45;;jah
2004-11-30;1,41;44;;jah
2004-12-01;1,6;47;;jah
2004-12-02;2,29;61;;jah
2004-12-03;2,54;63;;jah
2004-12-04;2,57;62;;jah
2004-12-05;3,15;73;;jah
2004-12-06;4,33;93;;jah
2004-12-07;6,06;119;;jah
2004-12-08;6,75;126;;jah
2004-12-09;6,17;116;;jah
2004-12-10;5,26;101;;jah
2004-12-11;4,13;83;;jah
2004-12-12;3,61;75;;jah
2004-12-13;3,12;67;;jah
2004-12-14;2,57;58;;jah
2004-12-15;2,49;57;;jah
2004-12-16;2,44;56;;jah
2004-12-17;2,44;56;;jah
2004-12-18;2,44;56;;jah
2004-12-19;2,41;56;;jah
2004-12-20;2,35;55;;jah
2004-12-21;2,15;51;;jah
2004-12-22;2,05;63;;jah
2004-12-23;2,05;74;;jah
2004-12-24;2,05;61;;jah
2004-12-25;2,05;50;;jah
2004-12-26;2,06;49;;jah
2004-12-27;2,09;67;;jah
2004-12-28;2,12;71;;jah
2004-12-29;2,14;53;;jah
2004-12-30;1,85;45;;jah
2004-12-31;2;49;;jah
2005-01-01;2,25;55;;jah
2005-01-02;2,23;55;;jah
2005-01-03;2,3;56;;jah
2005-01-04;2,51;60;;jah
2005-01-05;2,43;58;;jah
2005-01-06;2,61;62;;jah
2005-01-07;3,28;73;;jah
2005-01-08;5,9;117;;jah
2005-01-09;10,6;171;;jah
2005-01-10;18,1;224;;jah
2005-01-11;15,3;202;;jah
2005-01-12;11,6;175;;jah
2005-01-13;8,64;144;;jah
2005-01-14;6,54;118;;jah
2005-01-15;5,11;100;;jah
2005-01-16;4,32;89;;jah
2005-01-17;3,79;80;;jah
2005-01-18;3,5;76;;jah
2005-01-19;3,18;70;;jah
2005-01-20;3;68;;jah
2005-01-21;2,73;66;;jah
2005-01-22;2,65;66;;jah
2005-01-23;2,55;65;;jah
2005-01-24;2,44;64;;jah
2005-01-25;2,36;64;;jah
2005-01-26;2,24;62;;jah
2005-01-27;2,18;64;;jah
2005-01-28;2,12;72;;jah
2005-01-29;2,06;80;;jah
2005-01-30;2;86;;jah
2005-01-31;1,93;82;;jah
2005-02-01;1,86;78;;jah
2005-02-02;1,81;76;;jah
2005-02-03;1,77;73;;jah
2005-02-04;1,73;69;;jah
2005-02-05;1,69;65;;jah
2005-02-06;1,66;62;;jah
2005-02-07;1,61;60;;jah
2005-02-08;1,56;59;;jah
2005-02-09;1,52;58;;jah
2005-02-10;1,47;56;;jah
2005-02-11;1,43;55;;jah
2005-02-12;1,37;54;;jah
2005-02-13;1,31;54;;jah
2005-02-14;1,25;54;;jah
2005-02-15;1,24;56;;jah
2005-02-16;1,31;58;;jah
2005-02-17;1,36;56;;jah
2005-02-18;1,31;54;;jah
2005-02-19;1,21;51;;jah
2005-02-20;1,11;48;;jah
2005-02-21;1,03;46;;jah
2005-02-22;0,99;45;;jah
2005-02-23;0,99;45;;jah
2005-02-24;1,01;46;;jah
2005-02-25;1,01;46;;jah
2005-02-26;1,01;46;;jah
2005-02-27;1;46;;jah
2005-02-28;1,01;47;;jah
2005-03-01;0,96;45;;jah
2005-03-02;0,93;44;;jah
2005-03-03;0,93;45;;jah
2005-03-04;0,92;45;;jah
2005-03-05;0,9;44;;jah
2005-03-06;0,84;45;;jah
2005-03-07;0,73;48;;jah
2005-03-08;0,66;55;;jah
2005-03-09;0,6;59;;jah
2005-03-10;0,54;57;;jah
2005-03-11;0,49;57;;jah
2005-03-12;0,47;57;;jah
2005-03-13;0,45;57;;jah
2005-03-14;0,43;57;;jah
2005-03-15;0,43;57;;jah
2005-03-16;0,43;56;;jah
2005-03-17;0,46;58;;jah
2005-03-18;0,49;60;;jah
2005-03-19;0,51;60;;jah
2005-03-20;0,62;61;;jah
2005-03-21;0,81;61;;jah
2005-03-22;1;61;;jah
2005-03-23;1,21;61;;jah
2005-03-24;1,43;62;;jah
2005-03-25;1,77;66;;jah
2005-03-26;2,53;80;;jah
2005-03-27;3,04;84;;jah
2005-03-28;2,89;74;;jah
2005-03-29;2,35;58;;jah
2005-03-30;2,05;51;;jah
2005-03-31;1,84;47;;jah
2005-04-01;1,93;48;;jah
2005-04-02;2,1;51;;jah
2005-04-03;2,91;65;;jah
2005-04-04;4,19;87;;jah
2005-04-05;4,8;94;;jah
2005-04-06;5,27;101;;jah
2005-04-07;5,43;103;;jah
2005-04-08;5,18;99;;jah
2005-04-09;5,82;109;;jah
2005-04-10;6,74;121;;jah
2005-04-11;7,44;129;;jah
2005-04-12;7,14;124;;jah
2005-04-13;5,72;105;;jah
2005-04-14;4,56;89;;jah
2005-04-15;3,83;78;;jah
2005-04-16;3,41;72;;jah
2005-04-17;3,18;68;;jah
2005-04-18;2,86;63;;jah
2005-04-19;2,45;56;;jah
2005-04-20;2,1;50;;jah
2005-04-21;1,99;49;;jah
2005-04-22;2,02;49;;jah
2005-04-23;2,05;50;;jah
2005-04-24;1,92;47;;jah
2005-04-25;1,76;45;;jah
2005-04-26;1,72;44;;jah
2005-04-27;1,7;44;;jah
2005-04-28;1,64;43;;jah
2005-04-29;1,61;42;;jah
2005-04-30;1,55;41;;jah
2005-05-01;1,5;40;;jah
2005-05-02;1,54;41;;jah
2005-05-03;1,63;43;;jah
2005-05-04;1,85;47;;jah
2005-05-05;1,93;48;;jah
2005-05-06;1,82;46;;jah
2005-05-07;1,73;44;;jah
2005-05-08;1,7;44;;jah
2005-05-09;1,56;41;;jah
2005-05-10;1,38;38;;jah
2005-05-11;1,48;40;;jah
2005-05-12;1,58;42;;jah
2005-05-13;1,76;45;;jah
2005-05-14;3,02;68;;jah
2005-05-15;3,52;74;;jah
2005-05-16;2,75;60;;jah
2005-05-17;2,88;64;;jah
2005-05-18;4,5;92;;jah
2005-05-19;5,89;111;;jah
2005-05-20;4,29;87;;jah
2005-05-21;2,87;66;;jah
2005-05-22;2,2;56;;jah
2005-05-23;1,77;49;;jah
2005-05-24;1,57;46;;jah
2005-05-25;1,6;47;;jah
2005-05-26;2,82;75;;jah
2005-05-27;2,14;58;;jah
2005-05-28;1,66;50;;jah
2005-05-29;1,45;46;;jah
2005-05-30;1,65;52;;jah
2005-05-31;1,6;51;;jah
2005-06-01;1,79;56;;jah
2005-06-02;1,94;60;;jah
2005-06-03;2,02;63;;jah
2005-06-04;1,79;57;;jah
2005-06-05;1,83;60;;jah
2005-06-06;1,76;58;;jah
2005-06-07;1,62;56;;jah
2005-06-08;1,46;52;;jah
2005-06-09;1,27;48;;jah
2005-06-10;1,12;45;;jah
2005-06-11;1,08;44;;jah
2005-06-12;1,65;62;;jah
2005-06-13;2,24;76;;jah
2005-06-14;2,18;74;;jah
2005-06-15;1,71;63;;jah
2005-06-16;1,35;54;;jah
2005-06-17;1,14;50;;jah
2005-06-18;1,01;47;;jah
2005-06-19;0,91;45;;jah
2005-06-20;0,82;43;;jah
2005-06-21;0,73;41;;jah
2005-06-22;0,67;40;;jah
2005-06-23;0,6;38;;jah
2005-06-24;0,56;37;;jah
2005-06-25;0,57;37;;jah
2005-06-26;0,64;41;;jah
2005-06-27;0,69;42;;jah
2005-06-28;0,73;44;;jah
2005-06-29;0,76;45;;jah
2005-06-30;0,79;47;;jah
2005-07-01;0,77;47;;jah
2005-07-02;0,7;46;;jah
2005-07-03;0,61;44;;jah
2005-07-04;0,53;42;;jah
2005-07-05;0,46;41;;jah
2005-07-06;0,46;42;;jah
2005-07-07;0,43;41;;jah
2005-07-08;0,41;40;;jah
2005-07-09;0,4;39;;jah
2005-07-10;0,39;39;;jah
2005-07-11;0,37;38;;jah
2005-07-12;0,36;38;;jah
2005-07-13;0,33;36;;jah
2005-07-14;0,33;36;;jah
2005-07-15;0,33;37;;jah
2005-07-16;0,33;37;;jah
2005-07-17;0,35;39;;jah
2005-07-18;0,4;43;;jah
2005-07-19;0,4;43;;jah
2005-07-20;0,42;45;;jah
2005-07-21;0,39;43;;jah
2005-07-22;0,36;41;;jah
2005-07-23;0,36;41;;jah
2005-07-24;0,36;42;;jah
2005-07-25;0,37;43;;jah
2005-07-26;0,38;44;;jah
2005-07-27;0,45;49;;jah
2005-07-28;0,45;48;;jah
2005-07-29;0,42;45;;jah
2005-07-30;0,42;45;;jah
2005-07-31;0,48;50;;jah
2005-08-01;0,54;53;;jah
2005-08-02;0,51;50;;jah
2005-08-03;0,49;49;;jah
2005-08-04;0,48;48;;jah
2005-08-05;0,61;57;;jah
2005-08-06;0,81;69;;jah
2005-08-07;1,1;88;;jah
2005-08-08;1,13;88;;jah
2005-08-09;1,13;89;;jah
2005-08-10;1,2;95;;jah
2005-08-11;1,16;93;;jah
2005-08-12;1;84;;jah
2005-08-13;0,94;82;;jah
2005-08-14;0,91;80;;jah
2005-08-15;0,81;75;;jah
2005-08-16;0,77;73;;jah
2005-08-17;0,71;69;;jah
2005-08-18;0,64;65;;jah
2005-08-19;0,6;63;;jah
2005-08-20;0,58;61;;jah
2005-08-21;0,54;57;;jah
2005-08-22;0,52;56;;jah
2005-08-23;0,53;56;;jah
2005-08-24;0,52;55;;jah
2005-08-25;0,52;55;;jah
2005-08-26;0,5;53;;jah
2005-08-27;0,52;54;;jah
2005-08-28;0,53;54;;jah
2005-08-29;0,53;54;;jah
2005-08-30;0,53;54;;jah
2005-08-31;0,49;50;;jah
2005-09-01;0,46;48;;jah
2005-09-02;0,45;46;;jah
2005-09-03;0,45;46;;jah
2005-09-04;0,44;45;;jah
2005-09-05;0,46;46;;jah
2005-09-06;0,45;45;;jah
2005-09-07;0,44;44;;jah
2005-09-08;0,41;42;;jah
2005-09-09;0,4;40;;jah
2005-09-10;0,4;39;;jah
2005-09-11;0,41;39;;jah
2005-09-12;0,43;39;;jah
2005-09-13;0,5;42;;jah
2005-09-14;0,53;42;;jah
2005-09-15;0,56;42;;jah
2005-09-16;0,69;47;;jah
2005-09-17;0,75;49;;jah
2005-09-18;0,7;45;;jah
2005-09-19;0,63;42;;jah
2005-09-20;0,58;39;;jah
2005-09-21;0,56;37;;jah
2005-09-22;0,55;36;;jah
2005-09-23;0,55;36;;jah
2005-09-24;0,54;35;;jah
2005-09-25;0,53;34;;jah
2005-09-26;0,51;33;;jah
2005-09-27;0,49;32;;jah
2005-09-28;0,49;31;;jah
2005-09-29;0,51;32;;jah
2005-09-30;0,62;36;;jah
2005-10-01;0,68;37;;jah
2005-10-02;0,64;35;;jah
2005-10-03;0,6;33;;jah
2005-10-04;0,58;32;;jah
2005-10-05;0,58;31;;jah
2005-10-06;0,59;31;;jah
2005-10-07;0,59;31;;jah
2005-10-08;0,59;30;;jah
2005-10-09;0,6;30;;jah
2005-10-10;0,61;30;;jah
2005-10-11;0,61;30;;jah
2005-10-12;0,6;30;;jah
2005-10-13;0,58;29;;jah
2005-10-14;0,58;29;;jah
2005-10-15;0,59;29;;jah
2005-10-16;0,59;29;;jah
2005-10-17;0,59;29;;jah
2005-10-18;0,61;30;;jah
2005-10-19;0,61;30;;jah
2005-10-20;0,6;29;;jah
2005-10-21;0,6;29;;jah
2005-10-22;0,61;29;;jah
2005-10-23;0,67;31;;jah
2005-10-24;0,74;33;;jah
2005-10-25;0,77;31;;jah
2005-10-26;1,24;39;;jah
2005-10-27;2,5;64;;jah
2005-10-28;1,7;48;;jah
2005-10-29;1,13;39;;jah
2005-10-30;0,98;37;;jah
2005-10-31;0,95;36;;jah
2005-11-01;0,94;35;;jah
2005-11-02;0,92;34;;jah
2005-11-03;0,93;34;;jah
2005-11-04;0,94;34;;jah
2005-11-05;0,91;33;;jah
2005-11-06;0,92;33;;jah
2005-11-07;0,93;33;;jah
2005-11-08;0,94;33;;jah
2005-11-09;0,95;33;;jah
2005-11-10;0,96;33;;jah
2005-11-11;0,99;34;;jah
2005-11-12;0,98;33;;jah
2005-11-13;0,99;33;;jah
2005-11-14;1,04;34;;jah
2005-11-15;1,07;35;;jah
2005-11-16;1,17;37;;jah
2005-11-17;1,25;38;;jah
2005-11-18;1,27;38;;jah
2005-11-19;1,21;37;;jah
2005-11-20;1,14;35;;jah
2005-11-21;1,1;34;;jah
2005-11-22;1,05;33;;jah
2005-11-23;1,03;33;;jah
2005-11-24;1,03;33;;jah
2005-11-25;1,06;33;;jah
2005-11-26;1,06;33;;jah
2005-11-27;1,06;33;;jah
2005-11-28;1,11;34;;jah
2005-11-29;1,22;37;;jah
2005-11-30;1,23;37;;jah
2005-12-01;1,18;36;;jah
2005-12-02;1,03;35;;jah
2005-12-03;0,78;35;;jah
2005-12-04;0,65;63;;jah
2005-12-05;0,65;43;;jah
2005-12-06;0,65;33;;jah
2005-12-07;0,63;32;;jah
2005-12-08;0,7;33;;jah
2005-12-09;0,86;34;;jah
2005-12-10;0,97;35;;jah
2005-12-11;0,98;34;;jah
2005-12-12;1,04;35;;jah
2005-12-13;1,15;36;;jah
2005-12-14;1,17;36;;jah
2005-12-15;1,24;38;;jah
2005-12-16;1,31;40;;jah
2005-12-17;1,24;40;;jah
2005-12-18;1,11;38;;jah
2005-12-19;1,04;46;;jah
2005-12-20;0,97;68;;jah
2005-12-21;0,91;64;;jah
2005-12-22;0,87;57;;jah
2005-12-23;0,84;53;;jah
2005-12-24;0,82;46;;jah
2005-12-25;0,8;38;;jah
2005-12-26;0,73;35;;jah
2005-12-27;0,71;35;;jah
2005-12-28;0,71;35;;jah
2005-12-29;0,68;34;;jah
2005-12-30;0,68;34;;jah
2005-12-31;0,74;36;;jah
2006-01-01;0,8;38;;jah
2006-01-02;0,77;37;;jah
2006-01-03;0,74;36;;jah
2006-01-04;0,7;35;;jah
2006-01-05;0,66;34;;jah
2006-01-06;0,64;33;;jah
2006-01-07;0,64;33;;jah
2006-01-08;0,64;33;;jah
2006-01-09;0,64;33;;jah
2006-01-10;0,63;33;;jah
2006-01-11;0,63;33;;jah
2006-01-12;0,64;34;;jah
2006-01-13;0,66;34;;jah
2006-01-14;0,67;35;;jah
2006-01-15;0,68;35;;jah
2006-01-16;0,62;35;;jah
2006-01-17;0,5;39;;jah
2006-01-18;0,38;56;;jah
2006-01-19;0,26;55;;jah
2006-01-20;0,21;43;;jah
2006-01-21;0,21;34;;jah
2006-01-22;0,22;32;;jah
2006-01-23;0,25;33;;jah
2006-01-24;0,27;34;;jah
2006-01-25;0,3;35;;jah
2006-01-26;0,34;38;;jah
2006-01-27;0,41;42;;jah
2006-01-28;0,45;45;;jah
2006-01-29;0,49;48;;jah
2006-01-30;0,46;45;;jah
2006-01-31;0,42;42;;jah
2006-02-01;0,38;39;;jah
2006-02-02;0,39;40;;jah
2006-02-03;0,39;39;;jah
2006-02-04;0,35;37;;jah
2006-02-05;0,34;36;;jah
2006-02-06;0,33;35;;jah
2006-02-07;0,34;35;;jah
2006-02-08;0,35;37;;jah
2006-02-09;0,37;38;;jah
2006-02-10;0,38;39;;jah
2006-02-11;0,4;40;;jah
2006-02-12;0,41;40;;jah
2006-02-13;0,42;41;;jah
2006-02-14;0,42;41;;jah
2006-02-15;0,43;42;;jah
2006-02-16;0,42;41;;jah
2006-02-17;0,44;41;;jah
2006-02-18;0,47;40;;jah
2006-02-19;0,51;40;;jah
2006-02-20;0,55;40;;jah
2006-02-21;0,57;39;;jah
2006-02-22;0,6;38;;jah
2006-02-23;0,62;38;;jah
2006-02-24;0,61;36;;jah
2006-02-25;0,61;34;;jah
2006-02-26;0,62;34;;jah
2006-02-27;0,61;33;;jah
2006-02-28;0,61;33;;jah
2006-03-01;0,6;32;;jah
2006-03-02;0,6;32;;jah
2006-03-03;0,6;32;;jah
2006-03-04;0,59;32;;jah
2006-03-05;0,57;31;;jah
2006-03-06;0,56;31;;jah
2006-03-07;0,55;30;;jah
2006-03-08;0,57;31;;jah
2006-03-09;0,6;32;;jah
2006-03-10;0,59;32;;jah
2006-03-11;0,58;31;;jah
2006-03-12;0,61;32;;jah
2006-03-13;0,62;31;;jah
2006-03-14;0,6;29;;jah
2006-03-15;0,62;29;;jah
2006-03-16;0,63;31;;jah
2006-03-17;0,64;33;;jah
2006-03-18;0,65;36;;jah
2006-03-19;0,66;30;;jah
2006-03-20;0,67;30;;jah
2006-03-21;0,68;40;;jah
2006-03-22;0,69;38;;jah
2006-03-23;0,71;39;;jah
2006-03-24;0,72;32;;jah
2006-03-25;0,73;38;;jah
2006-03-26;0,7;31;;jah
2006-03-27;0,73;31;;jah
2006-03-28;0,8;32;;jah
2006-03-29;2,38;71;;jah
2006-03-30;5,4;117;;jah
2006-03-31;6,36;122;;jah
2006-04-01;5,75;106;;jah
2006-04-02;4,47;84;;jah
2006-04-03;3,22;65;;jah
2006-04-04;4,09;82;;jah
2006-04-05;4,48;86;;jah
2006-04-06;4,5;86;;jah
2006-04-07;4,06;79;;jah
2006-04-08;3,87;77;;jah
2006-04-09;4,26;83;;jah
2006-04-10;4,86;93;;jah
2006-04-11;5,06;94;;jah
2006-04-12;4,67;88;;jah
2006-04-13;3,93;77;;jah
2006-04-14;3,58;72;;jah
2006-04-15;3,29;67;;jah
2006-04-16;3,06;64;;jah
2006-04-17;2,87;61;;jah
2006-04-18;2,71;58;;jah
2006-04-19;2,54;56;;jah
2006-04-20;2,36;53;;jah
2006-04-21;2,36;53;;jah
2006-04-22;2,31;52;;jah
2006-04-23;2,15;50;;jah
2006-04-24;2,02;48;;jah
2006-04-25;1,82;44;;jah
2006-04-26;1,78;44;;jah
2006-04-27;1,71;43;;jah
2006-04-28;1,61;41;;jah
2006-04-29;1,6;41;;jah
2006-04-30;1,5;40;;jah
2006-05-01;1,37;38;;jah
2006-05-02;1,3;37;;jah
2006-05-03;1,27;37;;jah
2006-05-04;1,25;37;;jah
2006-05-05;1,18;36;;jah
2006-05-06;1,16;36;;jah
2006-05-07;1,13;36;;jah
2006-05-08;1,08;35;;jah
2006-05-09;1,01;34;;jah
2006-05-10;0,99;34;;jah
2006-05-11;0,97;34;;jah
2006-05-12;0,94;33;;jah
2006-05-13;0,93;33;;jah
2006-05-14;0,92;33;;jah
2006-05-15;0,89;33;;jah
2006-05-16;0,86;32;;jah
2006-05-17;0,82;31;;jah
2006-05-18;0,81;31;;jah
2006-05-19;0,85;32;;jah
2006-05-20;1,12;39;;jah
2006-05-21;1,3;42;;jah
2006-05-22;1,35;43;;jah
2006-05-23;1,24;40;;jah
2006-05-24;1,52;47;;jah
2006-05-25;1,47;45;;jah
2006-05-26;1,24;41;;jah
2006-05-27;1,13;39;;jah
2006-05-28;1,07;38;;jah
2006-05-29;1,03;37;;jah
2006-05-30;1,02;37;;jah
2006-05-31;1,08;37;;jah
2006-06-01;1,58;45;;jah
2006-06-02;2,78;66;;jah
2006-06-03;2,52;60;;jah
2006-06-04;1,69;46;;jah
2006-06-05;1,45;44;;jah
2006-06-06;1,25;41;;jah
2006-06-07;1,1;39;;jah
2006-06-08;0,98;37;;jah
2006-06-09;0,91;37;;jah
2006-06-10;0,8;35;;jah
2006-06-11;0,71;34;;jah
2006-06-12;0,6;32;;jah
2006-06-13;0,54;31;;jah
2006-06-14;0,5;30;;jah
2006-06-15;0,48;29;;jah
2006-06-16;0,45;28;;jah
2006-06-17;0,44;28;;jah
2006-06-18;0,42;28;;jah
2006-06-19;0,4;27;;jah
2006-06-20;0,39;27;;jah
2006-06-21;0,36;26;;jah
2006-06-22;0,35;26;;jah
2006-06-23;0,36;27;;jah
2006-06-24;0,4;29;;jah
2006-06-25;0,39;29;;jah
2006-06-26;0,36;28;;jah
2006-06-27;0,36;28;;jah
2006-06-28;0,35;28;;jah
2006-06-29;0,33;28;;jah
2006-06-30;0,31;27;;jah
2006-07-01;0,3;27;;jah
2006-07-02;0,29;27;;jah
2006-07-03;0,28;27;;jah
2006-07-04;0,28;27;;jah
2006-07-05;0,27;27;;jah
2006-07-06;0,26;27;;jah
2006-07-07;0,25;27;;jah
2006-07-08;0,23;27;;jah
2006-07-09;0,22;27;;jah
2006-07-10;0,23;29;;jah
2006-07-11;0,33;38;;jah
2006-07-12;0,35;39;;jah
2006-07-13;0,31;35;;jah
2006-07-14;0,29;34;;jah
2006-07-15;0,27;33;;jah
2006-07-16;0,26;32;;jah
2006-07-17;0,26;32;;jah
2006-07-18;0,25;32;;jah
2006-07-19;0,25;32;;jah
2006-07-20;0,25;32;;jah
2006-07-21;0,25;32;;jah
2006-07-22;0,25;32;;jah
2006-07-23;0,25;32;;jah
2006-07-24;0,25;32;;jah
2006-07-25;0,25;32;;jah
2006-07-26;0,24;32;;jah
2006-07-27;0,23;31;;jah
2006-07-28;0,22;30;;jah
2006-07-29;0,23;32;;jah
2006-07-30;0,27;35;;jah
2006-07-31;0,31;36;;jah
2006-08-01;0,33;34;;jah
2006-08-02;0,32;33;;jah
2006-08-03;0,33;36;;jah
2006-08-04;0,41;42;;jah
2006-08-05;0,43;42;;jah
2006-08-06;0,41;40;;jah
2006-08-07;0,39;37;;jah
2006-08-08;0,35;34;;jah
2006-08-09;0,33;32;;jah
2006-08-10;0,32;31;;jah
2006-08-11;0,32;31;;jah
2006-08-12;0,32;31;;jah
2006-08-13;0,32;31;;jah
2006-08-14;0,34;33;;jah
2006-08-15;0,35;33;;jah
2006-08-16;0,34;33;;jah
2006-08-17;0,33;33;;jah
2006-08-18;0,35;34;;jah
2006-08-19;0,34;34;;jah
2006-08-20;0,32;33;;jah
2006-08-21;0,31;32;;jah
2006-08-22;0,39;38;;jah
2006-08-23;0,6;51;;jah
2006-08-24;0,65;53;;jah
2006-08-25;0,58;48;;jah
2006-08-26;0,52;44;;jah
2006-08-27;0,49;41;;jah
2006-08-28;0,47;40;;jah
2006-08-29;0,5;41;;jah
2006-08-30;0,48;39;;jah
2006-08-31;0,5;40;;jah
2006-09-01;0,58;44;;jah
2006-09-02;0,63;46;;jah
2006-09-03;0,58;43;;jah
2006-09-04;0,58;43;;jah
2006-09-05;0,65;46;;jah
2006-09-06;0,65;45;;jah
2006-09-07;0,63;43;;jah
2006-09-08;0,6;41;;jah
2006-09-09;0,59;40;;jah
2006-09-10;0,57;38;;jah
2006-09-11;0,55;37;;jah
2006-09-12;0,53;35;;jah
2006-09-13;0,5;34;;jah
2006-09-14;0,48;32;;jah
2006-09-15;0,47;32;;jah
2006-09-16;0,45;30;;jah
2006-09-17;0,46;30;;jah
2006-09-18;0,45;29;;jah
2006-09-19;0,46;29;;jah
2006-09-20;0,48;30;;jah
2006-09-21;0,51;30;;jah
2006-09-22;0,51;30;;jah
2006-09-23;0,49;29;;jah
2006-09-24;0,49;28;;jah
2006-09-25;0,49;28;;jah
2006-09-26;0,48;27;;jah
2006-09-27;0,49;27;;jah
2006-09-28;0,51;27;;jah
2006-09-29;0,49;26;;jah
2006-09-30;0,5;26;;jah
2006-10-01;0,52;26;;jah
2006-10-02;0,57;28;;jah
2006-10-03;0,6;28;;jah
2006-10-04;0,61;28;;jah
2006-10-05;0,66;29;;jah
2006-10-06;0,73;30;;jah
2006-10-07;0,74;30;;jah
2006-10-08;0,78;31;;jah
2006-10-09;0,79;31;;jah
2006-10-10;0,77;30;;jah
2006-10-11;0,75;29;;jah
2006-10-12;0,75;29;;jah
2006-10-13;0,76;29;;jah
2006-10-14;0,75;29;;jah
2006-10-15;0,86;31;;jah
2006-10-16;0,88;31;;jah
2006-10-17;0,89;31;;jah
2006-10-18;0,96;33;;jah
2006-10-19;1,33;41;;jah
2006-10-20;1,35;39;;jah
2006-10-21;1,22;36;;jah
2006-10-22;1,37;37;;jah
2006-10-23;1,93;46;;jah
2006-10-24;1,86;44;;jah
2006-10-25;1,56;39;;jah
2006-10-26;1,4;37;;jah
2006-10-27;1,38;37;;jah
2006-10-28;1,52;39;;jah
2006-10-29;1,63;41;;jah
2006-10-30;1,47;38;;jah
2006-10-31;1,42;37;;jah
2006-11-01;1,55;40;;jah
2006-11-02;1,63;41;;jah
2006-11-03;1,6;40;;jah
2006-11-04;1,49;38;;jah
2006-11-05;1,41;39;;jah
2006-11-06;1,39;50;;jah
2006-11-07;1,37;37;;jah
2006-11-08;1,36;36;;jah
2006-11-09;1,36;36;;jah
2006-11-10;1,36;36;;jah
2006-11-11;1,33;36;;jah
2006-11-12;1,3;35;;jah
2006-11-13;1,3;35;;jah
2006-11-14;1,3;35;;jah
2006-11-15;1,41;37;;jah
2006-11-16;1,69;42;;jah
2006-11-17;1,81;44;;jah
2006-11-18;1,82;44;;jah
2006-11-19;1,76;43;;jah
2006-11-20;1,72;42;;jah
2006-11-21;1,9;45;;jah
2006-11-22;1,96;46;;jah
2006-11-23;1,77;43;;jah
2006-11-24;1,72;42;;jah
2006-11-25;1,77;43;;jah
2006-11-26;1,73;42;;jah
2006-11-27;1,64;41;;jah
2006-11-28;1,57;40;;jah
2006-11-29;1,51;39;;jah
2006-11-30;1,48;38;;jah
2006-12-01;1,48;38;;jah
2006-12-02;1,48;38;;jah
2006-12-03;1,45;38;;jah
2006-12-04;1,42;37;;jah
2006-12-05;1,39;37;;jah
2006-12-06;1,38;37;;jah
2006-12-07;1,5;39;;jah
2006-12-08;1,54;39;;jah
2006-12-09;1,54;39;;jah
2006-12-10;1,54;39;;jah
2006-12-11;1,54;39;;jah
2006-12-12;1,51;39;;jah
2006-12-13;1,7;42;;jah
2006-12-14;1,87;45;;jah
2006-12-15;2,07;48;;jah
2006-12-16;2,28;50;;jah
2006-12-17;2,67;57;;jah
2006-12-18;2,79;58;;jah
2006-12-19;2,42;52;;jah
2006-12-20;1,99;46;;jah
2006-12-21;1,86;44;;jah
2006-12-22;1,91;45;;jah
2006-12-23;2,08;48;;jah
2006-12-24;2,04;47;;jah
2006-12-25;1,87;44;;jah
2006-12-26;1,79;47;;jah
2006-12-27;1,7;42;;jah
2006-12-28;1,63;41;;jah
2006-12-29;1,59;40;;jah
2006-12-30;1,57;43;;jah
2006-12-31;1,55;39;;jah
2007-01-01;2,08;43;;jah
2007-01-02;2,53;53;;jah
2007-01-03;3,16;66;;jah
2007-01-04;3,22;66;;jah
2007-01-05;2,93;60;;jah
2007-01-06;2,76;57;;jah
2007-01-07;2,78;58;;jah
2007-01-08;2,81;58;;jah
2007-01-09;2,79;58;;jah
2007-01-10;2,72;56;;jah
2007-01-11;3,11;65;;jah
2007-01-12;4,27;86;;jah
2007-01-13;4,46;87;;jah
2007-01-14;4,05;80;;jah
2007-01-15;4,37;86;;jah
2007-01-16;5,08;98;;jah
2007-01-17;5,3;100;;jah
2007-01-18;5,2;99;;jah
2007-01-19;4,94;94;;jah
2007-01-20;4,6;89;;jah
2007-01-21;3,84;76;;jah
2007-01-22;3,04;64;;jah
2007-01-23;2,61;69;;jah
2007-01-24;2,42;80;;jah
2007-01-25;2,31;86;;jah
2007-01-26;2,19;80;;jah
2007-01-27;2,09;77;;jah
2007-01-28;1,97;75;;jah
2007-01-29;1,84;71;;jah
2007-01-30;1,75;65;;jah
2007-01-31;1,67;58;;jah
2007-02-01;1,6;53;;jah
2007-02-02;1,53;50;;jah
2007-02-03;1,52;51;;jah
2007-02-04;1,76;57;;jah
2007-02-05;1,74;57;;jah
2007-02-06;1,55;52;;jah
2007-02-07;1,43;51;;jah
2007-02-08;1,28;48;;jah
2007-02-09;1,16;46;;jah
2007-02-10;1,06;44;;jah
2007-02-11;1,02;44;;jah
2007-02-12;0,98;44;;jah
2007-02-13;0,97;45;;jah
2007-02-14;1;48;;jah
2007-02-15;1,01;50;;jah
2007-02-16;0,97;50;;jah
2007-02-17;0,94;50;;jah
2007-02-18;0,95;50;;jah
2007-02-19;0,96;51;;jah
2007-02-20;0,96;51;;jah
2007-02-21;0,92;49;;jah
2007-02-22;0,82;45;;jah
2007-02-23;0,75;43;;jah
2007-02-24;0,72;42;;jah
2007-02-25;0,73;43;;jah
2007-02-26;0,75;44;;jah
2007-02-27;0,79;45;;jah
2007-02-28;0,9;49;;jah
2007-03-01;1,05;53;;jah
2007-03-02;1,18;57;;jah
2007-03-03;1,28;59;;jah
2007-03-04;1,38;61;;jah
2007-03-05;1,52;65;;jah
2007-03-06;1,56;65;;jah
2007-03-07;1,52;62;;jah
2007-03-08;1,58;61;;jah
2007-03-09;2,11;72;;jah
2007-03-10;3,06;90;;jah
2007-03-11;3,96;103;;jah
2007-03-12;4,58;107;;jah
2007-03-13;5,53;116;;jah
2007-03-14;5,92;115;;jah
2007-03-15;5,78;108;;jah
2007-03-16;5,42;95;;jah
2007-03-17;4,96;88;;jah
2007-03-18;4,77;86;;jah
2007-03-19;5,22;93;;jah
2007-03-20;5,35;94;;jah
2007-03-21;4,74;85;;jah
2007-03-22;4,54;83;;jah
2007-03-23;4,29;79;;jah
2007-03-24;3,76;71;;jah
2007-03-25;3,32;65;;jah
2007-03-26;2,88;58;;jah
2007-03-27;2,67;56;;jah
2007-03-28;2,47;53;;jah
2007-03-29;2,33;51;;jah
2007-03-30;2,22;49;;jah
2007-03-31;2,12;48;;jah
2007-04-01;1,98;46;;jah
2007-04-02;1,84;44;;jah
2007-04-03;1,83;44;;jah
2007-04-04;1,92;45;;jah
2007-04-05;1,87;44;;jah
2007-04-06;1,93;45;;jah
2007-04-07;1,93;45;;jah
2007-04-08;1,87;44;;jah
2007-04-09;1,77;43;;jah
2007-04-10;1,66;41;;jah
2007-04-11;1,66;41;;jah
2007-04-12;1,63;41;;jah
2007-04-13;1,59;40;;jah
2007-04-14;1,58;40;;jah
2007-04-15;1,52;39;;jah
2007-04-16;1,46;38;;jah
2007-04-17;1,42;38;;jah
2007-04-18;1,38;37;;jah
2007-04-19;1,38;37;;jah
2007-04-20;1,48;39;;jah
2007-04-21;1,88;45;;jah
2007-04-22;2,04;47;;jah
2007-04-23;2;46;;jah
2007-04-24;1,94;45;;jah
2007-04-25;1,97;46;;jah
2007-04-26;1,9;45;;jah
2007-04-27;1,77;43;;jah
2007-04-28;1,76;43;;jah
2007-04-29;1,69;42;;jah
2007-04-30;1,69;42;;jah
2007-05-01;1,56;40;;jah
2007-05-02;1,53;39;;jah
2007-05-03;1,58;40;;jah
2007-05-04;1,89;45;;jah
2007-05-05;2,23;50;;jah
2007-05-06;2,12;48;;jah
2007-05-07;1,89;44;;jah
2007-05-08;1,77;43;;jah
2007-05-09;2,08;48;;jah
2007-05-10;2,1;48;;jah
2007-05-11;2,04;47;;jah
2007-05-12;2,04;47;;jah
2007-05-13;1,91;45;;jah
2007-05-14;1,8;43;;jah
2007-05-15;2;46;;jah
2007-05-16;3,19;65;;jah
2007-05-17;2,53;54;;jah
2007-05-18;1,96;47;;jah
2007-05-19;1,71;44;;jah
2007-05-20;1,48;40;;jah
2007-05-21;1,33;38;;jah
2007-05-22;1,22;37;;jah
2007-05-23;1,13;36;;jah
2007-05-24;1,05;35;;jah
2007-05-25;0,97;34;;jah
2007-05-26;0,93;34;;jah
2007-05-27;1,08;39;;jah
2007-05-28;1,12;40;;jah
2007-05-29;1,02;38;;jah
2007-05-30;1,54;56;;jah
2007-05-31;2,23;71;;jah
2007-06-01;1,84;63;;jah
2007-06-02;1,32;51;;jah
2007-06-03;1,02;44;;jah
2007-06-04;0,86;41;;jah
2007-06-05;0,78;40;;jah
2007-06-06;0,69;38;;jah
2007-06-07;0,61;36;;jah
2007-06-08;0,55;35;;jah
2007-06-09;0,51;34;;jah
2007-06-10;0,5;35;;jah
2007-06-11;0,46;34;;jah
2007-06-12;0,43;34;;jah
2007-06-13;0,41;34;;jah
2007-06-14;0,43;37;;jah
2007-06-15;0,45;39;;jah
2007-06-16;0,41;37;;jah
2007-06-17;0,39;37;;jah
2007-06-18;0,45;43;;jah
2007-06-19;0,52;48;;jah
2007-06-20;0,49;47;;jah
2007-06-21;0,47;47;;jah
2007-06-22;0,46;47;;jah
2007-06-23;0,42;44;;jah
2007-06-24;0,39;43;;jah
2007-06-25;0,43;48;;jah
2007-06-26;0,43;48;;jah
2007-06-27;0,54;59;;jah
2007-06-28;0,68;70;;jah
2007-06-29;0,68;71;;jah
2007-06-30;0,71;75;;jah
2007-07-01;0,64;70;;jah
2007-07-02;0,56;64;;jah
2007-07-03;0,5;60;;jah
2007-07-04;0,45;57;;jah
2007-07-05;0,42;55;;jah
2007-07-06;0,41;54;;jah
2007-07-07;0,45;60;;jah
2007-07-08;0,59;77;;jah
2007-07-09;0,72;88;;jah
2007-07-10;0,68;83;;jah
2007-07-11;0,64;80;;jah
2007-07-12;0,62;77;;jah
2007-07-13;0,6;75;;jah
2007-07-14;0,66;82;;jah
2007-07-15;0,65;80;;jah
2007-07-16;0,61;76;;jah
2007-07-17;0,55;70;;jah
2007-07-18;0,5;65;;jah
2007-07-19;0,45;60;;jah
2007-07-20;0,41;56;;jah
2007-07-21;0,38;53;;jah
2007-07-22;0,36;51;;jah
2007-07-23;0,35;50;;jah
2007-07-24;0,35;50;;jah
2007-07-25;0,38;53;;jah
2007-07-26;0,51;66;;jah
2007-07-27;0,57;71;;jah
2007-07-28;0,56;70;;jah
2007-07-29;0,58;72;;jah
2007-07-30;0,59;72;;jah
2007-07-31;0,79;93;;jah
2007-08-01;0,91;101;;jah
2007-08-02;0,87;95;;jah
2007-08-03;0,77;86;;jah
2007-08-04;0,66;75;;jah
2007-08-05;0,57;67;;jah
2007-08-06;0,51;61;;jah
2007-08-07;0,48;58;;jah
2007-08-08;0,45;54;;jah
2007-08-09;0,4;50;;jah
2007-08-10;0,39;48;;jah
2007-08-11;0,38;47;;jah
2007-08-12;0,37;46;;jah
2007-08-13;0,35;44;;jah
2007-08-14;0,33;42;;jah
2007-08-15;0,33;41;;jah
2007-08-16;0,34;41;;jah
2007-08-17;0,33;41;;jah
2007-08-18;0,33;40;;jah
2007-08-19;0,32;39;;jah
2007-08-20;0,32;38;;jah
2007-08-21;0,35;40;;jah
2007-08-22;0,48;50;;jah
2007-08-23;0,53;52;;jah
2007-08-24;0,51;49;;jah
2007-08-25;0,5;48;;jah
2007-08-26;0,46;45;;jah
2007-08-27;0,43;42;;jah
2007-08-28;0,42;40;;jah
2007-08-29;0,49;43;;jah
2007-08-30;0,55;45;;jah
2007-08-31;0,52;42;;jah
2007-09-01;0,52;41;;jah
2007-09-02;0,52;39;;jah
2007-09-03;0,55;40;;jah
2007-09-04;0,58;40;;jah
2007-09-05;0,59;39;;jah
2007-09-06;0,6;39;;jah
2007-09-07;0,58;37;;jah
2007-09-08;0,57;36;;jah
2007-09-09;0,56;35;;jah
2007-09-10;0,56;34;;jah
2007-09-11;0,56;34;;jah
2007-09-12;0,56;34;;jah
2007-09-13;0,63;36;;jah
2007-09-14;0,64;36;;jah
2007-09-15;0,62;34;;jah
2007-09-16;0,61;34;;jah
2007-09-17;0,61;33;;jah
2007-09-18;0,61;33;;jah
2007-09-19;0,62;33;;jah
2007-09-20;0,67;35;;jah
2007-09-21;0,66;34;;jah
2007-09-22;0,65;34;;jah
2007-09-23;0,63;33;;jah
2007-09-24;0,6;32;;jah
2007-09-25;0,56;30;;jah
2007-09-26;0,55;30;;jah
2007-09-27;0,53;29;;jah
2007-09-28;0,53;29;;jah
2007-09-29;0,54;29;;jah
2007-09-30;0,55;29;;jah
2007-10-01;0,56;29;;jah
2007-10-02;0,57;29;;jah
2007-10-03;0,6;30;;jah
2007-10-04;0,76;35;;jah
2007-10-05;0,81;35;;jah
2007-10-06;0,78;34;;jah
2007-10-07;0,74;32;;jah
2007-10-08;0,73;32;;jah
2007-10-09;0,72;31;;jah
2007-10-10;0,72;31;;jah
2007-10-11;0,8;31;;jah
2007-10-12;1,14;36;;jah
2007-10-13;2,14;53;;jah
2007-10-14;1,95;48;;jah
2007-10-15;1,59;42;;jah
2007-10-16;1,72;45;;jah
2007-10-17;1,62;43;;jah
2007-10-18;1,53;42;;jah
2007-10-19;1,54;42;;jah
2007-10-20;1,42;40;;jah
2007-10-21;1,32;38;;jah
2007-10-22;1,24;37;;jah
2007-10-23;1,18;36;;jah
2007-10-24;1,15;35;;jah
2007-10-25;1,13;35;;jah
2007-10-26;1,1;34;;jah
2007-10-27;1,12;35;;jah
2007-10-28;1,11;34;;jah
2007-10-29;1,06;33;;jah
2007-10-30;1,05;33;;jah
2007-10-31;1,07;34;;jah
2007-11-01;1,12;35;;jah
2007-11-02;1,2;36;;jah
2007-11-03;1,2;36;;jah
2007-11-04;1,25;37;;jah
2007-11-05;1,21;36;;jah
2007-11-06;1,14;34;1,1;jah
2007-11-07;1,1;34;1,2;jah
2007-11-08;1,1;34;1,7;jah
2007-11-09;1,12;35;2,3;jah
2007-11-10;1,22;36;2,6;jah
2007-11-11;1,26;37;2,3;jah
2007-11-12;1,26;37;2;jah
2007-11-13;1,21;36;1,3;jah
2007-11-14;1,16;35;1,1;jah
2007-11-15;1,15;35;1;jah
2007-11-16;1,17;35;1,4;jah
2007-11-17;1,21;36;1,2;jah
2007-11-18;1,15;35;1;jah
2007-11-19;1,25;37;2,3;jah
2007-11-20;1,42;40;2,7;jah
2007-11-21;1,5;40;2,2;jah
2007-11-22;1,37;39;2,2;jah
2007-11-23;1,32;38;2,2;jah
2007-11-24;1,37;39;2,3;jah
2007-11-25;1,33;38;1,9;jah
2007-11-26;1,32;38;2,2;jah
2007-11-27;1,34;39;2,1;jah
2007-11-28;1,35;39;1,3;jah
2007-11-29;1,27;37;0,4;jah
2007-11-30;1,26;38;0,4;jah
2007-12-01;1,13;39;0,1;jah
2007-12-02;1,48;43;0;jah
2007-12-03;1,37;38;0,3;jah
2007-12-04;1,51;41;1,2;jah
2007-12-05;1,87;47;1,5;jah
2007-12-06;2,28;54;1,9;jah
2007-12-07;2,79;63;2,3;jah
2007-12-08;3,18;68;2,8;jah
2007-12-09;3,14;67;2,8;jah
2007-12-10;2,63;59;2,7;jah
2007-12-11;2,22;53;3,3;jah
2007-12-12;2,04;50;3,3;jah
2007-12-13;1,88;47;1,9;jah
2007-12-14;1,72;44;1,1;jah
2007-12-15;1,55;41;0,4;jah
2007-12-16;1,54;41;1,1;jah
2007-12-17;1,5;40;1,4;jah
2007-12-18;1,45;40;1,6;jah
2007-12-19;1,42;40;2;jah
2007-12-20;1,38;39;1,8;jah
2007-12-21;1,38;39;1,7;jah
2007-12-22;1,38;39;2,1;jah
2007-12-23;1,33;38;2,3;jah
2007-12-24;1,32;38;2,1;jah
2007-12-25;1,32;38;1,8;jah
2007-12-26;1,26;37;1,1;jah
2007-12-27;1,18;36;0,4;jah
2007-12-28;1,2;36;0,6;jah
2007-12-29;1,22;36;1,4;jah
2007-12-30;1,28;37;1,6;jah
2007-12-31;1,27;37;1,4;jah
2008-01-01;1,34;37;0,9;jah
2008-01-02;1,06;36;0,3;jah
2008-01-03;0,77;60;0;jah
2008-01-04;0,64;68;0;jah
2008-01-05;0,64;57;0;jah
2008-01-06;0,66;46;0;jah
2008-01-07;0,68;39;0;jah
2008-01-08;0,7;36;0;jah
2008-01-09;0,74;35;0;jah
2008-01-10;0,81;35;0;jah
2008-01-11;0,94;38;0;jah
2008-01-12;1,02;37;0;jah
2008-01-13;1,07;37;0;jah
2008-01-14;1,09;37;0;jah
2008-01-15;1,08;35;0;jah
2008-01-16;1,14;35;0,2;jah
2008-01-17;1,2;35;0,5;jah
2008-01-18;1,27;36;1,1;jah
2008-01-19;1,49;40;1,4;jah
2008-01-20;2,33;53;1,2;jah
2008-01-21;2,57;56;1,1;jah
2008-01-22;2,27;50;0,9;jah
2008-01-23;1,93;45;0,7;jah
2008-01-24;1,74;42;0,4;jah
2008-01-25;1,72;42;0,9;jah
2008-01-26;2,02;47;1,1;jah
2008-01-27;1,98;46;0,3;jah
2008-01-28;1,9;44;0,1;jah
2008-01-29;1,68;41;0,6;jah
2008-01-30;1,69;42;1,7;jah
2008-01-31;1,91;46;1,7;jah
2008-02-01;1,94;46;0,8;jah
2008-02-02;1,85;44;1,1;jah
2008-02-03;1,82;44;0,6;jah
2008-02-04;1,89;45;0,8;jah
2008-02-05;1,78;43;0,4;jah
2008-02-06;1,81;43;1,2;jah
2008-02-07;1,84;43;1,6;jah
2008-02-08;2,01;47;2,1;jah
2008-02-09;2,14;49;2,1;jah
2008-02-10;2,11;48;2,5;jah
2008-02-11;2,33;52;2,3;jah
2008-02-12;2,85;61;1,9;jah
2008-02-13;2,94;62;1,6;jah
2008-02-14;2,45;54;0,5;jah
2008-02-15;2,09;48;0;jah
2008-02-16;2,54;55;0;jah
2008-02-17;2,42;54;0;jah
2008-02-18;1,95;45;0;jah
2008-02-19;1,62;40;0;jah
2008-02-20;1,69;41;0,1;jah
2008-02-21;1,54;39;0,7;jah
2008-02-22;1,75;42;1,4;jah
2008-02-23;3,08;64;1,5;jah
2008-02-24;4,1;81;1,1;jah
2008-02-25;4;78;2,3;jah
2008-02-26;3,96;78;1,8;jah
2008-02-27;3,61;72;2,6;jah
2008-02-28;3,59;72;2,8;jah
2008-02-29;3,48;70;1,8;jah
2008-03-01;3,24;66;1,7;jah
2008-03-02;3,24;66;1,7;jah
2008-03-03;3,24;66;1,4;jah
2008-03-04;2,82;59;1;jah
2008-03-05;2,35;51;0,5;jah
2008-03-06;2,17;48;0,1;jah
2008-03-07;2,16;49;0,8;jah
2008-03-08;2,02;46;1;jah
2008-03-09;2,1;48;2,1;jah
2008-03-10;2,63;57;2,8;jah
2008-03-11;3,21;66;3,1;jah
2008-03-12;3,17;65;3,3;jah
2008-03-13;2,95;62;3,6;jah
2008-03-14;2,88;61;3,7;jah
2008-03-15;2,87;60;3,7;jah
2008-03-16;2,87;60;3;jah
2008-03-17;2,7;57;2,4;jah
2008-03-18;2,48;54;2,4;jah
2008-03-19;2,26;50;2,1;jah
2008-03-20;2,1;48;1,8;jah
2008-03-21;1,95;46;1,3;jah
2008-03-22;1,9;45;1,1;jah
2008-03-23;1,88;45;1,6;jah
2008-03-24;1,91;44;1,3;jah
2008-03-25;1,99;42;0,2;jah
2008-03-26;2,42;52;0;jah
2008-03-27;2,32;49;0,1;jah
2008-03-28;1,93;44;0,9;jah
2008-03-29;1,93;43;1,1;jah
2008-03-30;2,16;49;1,7;jah
2008-03-31;2,86;60;2,4;jah
2008-04-01;4,04;80;2,5;jah
2008-04-02;4,77;91;2,9;jah
2008-04-03;4,77;91;4;jah
2008-04-04;4,61;87;4,9;jah
2008-04-05;4,2;81;5,3;jah
2008-04-06;3,59;71;5,3;jah
2008-04-07;3,32;68;6,2;jah
2008-04-08;3,57;72;6,8;jah
2008-04-09;4,02;79;6,4;jah
2008-04-10;4,06;78;6,2;jah
2008-04-11;4,18;81;5,9;jah
2008-04-12;4,54;87;5,3;jah
2008-04-13;4,34;83;5,5;jah
2008-04-14;4,38;84;6,2;jah
2008-04-15;4,05;78;6,4;jah
2008-04-16;3,46;68;7,3;jah
2008-04-17;3,25;66;6,8;jah
2008-04-18;3,16;65;5,9;jah
2008-04-19;3,01;62;6,6;jah
2008-04-20;2,68;57;7,8;jah
2008-04-21;2,39;52;7,8;jah
2008-04-22;2,14;49;7,7;jah
2008-04-23;1,98;46;7,6;jah
2008-04-24;1,86;44;7,9;jah
2008-04-25;1,82;43;9;jah
2008-04-26;1,7;42;9,7;jah
2008-04-27;1,58;40;10,1;jah
2008-04-28;1,59;40;10,8;jah
2008-04-29;1,54;40;11,6;jah
2008-04-30;1,49;38;11,9;jah
2008-05-01;1,48;38;12,4;jah
2008-05-02;1,36;37;12,7;jah
2008-05-03;1,26;37;13,4;jah
2008-05-04;1,26;37;14;jah
2008-05-05;1,28;38;12,4;jah
2008-05-06;1,2;36;11,2;jah
2008-05-07;1,15;35;10;jah
2008-05-08;1,21;37;10,7;jah
2008-05-09;1,24;37;10,3;jah
2008-05-10;1,22;36;12,1;jah
2008-05-11;1,18;36;13,4;jah
2008-05-12;1,18;35;12,8;jah
2008-05-13;1,13;36;10,6;jah
2008-05-14;1,04;35;10,2;jah
2008-05-15;0,96;34;9,4;jah
2008-05-16;0,92;34;9,2;jah
2008-05-17;0,91;34;10,6;jah
2008-05-18;1,01;38;10,7;jah
2008-05-19;1,07;40;10,6;jah
2008-05-20;0,99;38;10,8;jah
2008-05-21;0,9;37;11,1;jah
2008-05-22;0,82;36;11,9;jah
2008-05-23;0,76;35;12,8;jah
2008-05-24;0,71;34;13;jah
2008-05-25;0,67;33;13;jah
2008-05-26;0,64;33;13;jah
2008-05-27;0,59;32;13,4;jah
2008-05-28;0,57;32;13,2;jah
2008-05-29;0,56;32;13,5;jah
2008-05-30;0,55;32;14,5;jah
2008-05-31;0,54;31;15,4;jah
2008-06-01;0,52;31;15,4;jah
2008-06-02;0,49;30;16,1;jah
2008-06-03;0,48;30;15,4;jah
2008-06-04;0,45;30;14,9;jah
2008-06-05;0,45;29;15,3;jah
2008-06-06;0,44;29;16,8;jah
2008-06-07;0,41;29;17,4;jah
2008-06-08;0,4;28;16;jah
2008-06-09;0,38;27;16,6;jah
2008-06-10;0,35;27;16;jah
2008-06-11;0,35;27;15,8;jah
2008-06-12;0,43;30;15,2;jah
2008-06-13;0,44;31;15,1;jah
2008-06-14;0,45;31;14,1;jah
2008-06-15;0,57;36;14,9;jah
2008-06-16;0,57;36;15,6;jah
2008-06-17;0,6;37;15,1;jah
2008-06-18;1,05;55;13,8;jah
2008-06-19;1,14;60;15;jah
2008-06-20;0,84;49;15,7;jah
2008-06-21;0,68;44;15,8;jah
2008-06-22;0,65;45;15,9;jah
2008-06-23;0,68;46;14,7;jah
2008-06-24;0,78;53;13,9;jah
2008-06-25;0,82;57;14,2;jah
2008-06-26;0,72;53;14,3;jah
2008-06-27;0,63;50;14;jah
2008-06-28;0,6;50;14,8;jah
2008-06-29;0,56;49;16,1;jah
2008-06-30;0,53;47;16,5;jah
2008-07-01;0,62;56;16,7;jah
2008-07-02;0,64;57;17;jah
2008-07-03;0,59;56;16,7;jah
2008-07-04;0,65;61;15,6;jah
2008-07-05;0,69;65;16,5;jah
2008-07-06;0,66;65;15,5;jah
2008-07-07;0,62;62;14,9;jah
2008-07-08;0,65;66;15,1;jah
2008-07-09;0,74;74;15,3;jah
2008-07-10;0,78;77;15,5;jah
2008-07-11;0,72;73;16,1;jah
2008-07-12;0,65;69;16,4;jah
2008-07-13;0,6;67;16,5;jah
2008-07-14;0,6;69;15,8;jah
2008-07-15;0,7;79;16,1;jah
2008-07-16;0,73;83;16,3;jah
2008-07-17;0,69;80;16,2;jah
2008-07-18;0,68;81;15,5;jah
2008-07-19;0,65;79;15,8;jah
2008-07-20;0,61;75;16;jah
2008-07-21;0,58;73;15,9;jah
2008-07-22;0,56;72;16,2;jah
2008-07-23;0,52;69;16,6;jah
2008-07-24;0,49;66;16,9;jah
2008-07-25;0,45;63;17,1;jah
2008-07-26;0,44;62;17,1;jah
2008-07-27;0,45;64;17,2;jah
2008-07-28;0,42;61;16,5;jah
2008-07-29;0,41;59;16;jah
2008-07-30;0,41;59;15,3;jah
2008-07-31;0,45;63;15,2;jah
2008-08-01;0,46;63;15,7;jah
2008-08-02;0,48;60;16,5;jah
2008-08-03;0,62;67;16,7;jah
2008-08-04;0,89;82;15,7;jah
2008-08-05;1,4;110;14,4;jah
2008-08-06;2,02;141;13,8;jah
2008-08-07;2,07;145;14,2;jah
2008-08-08;1,81;132;15,1;jah
2008-08-09;1,46;114;16,1;jah
2008-08-10;1,26;105;15,8;jah
2008-08-11;1,13;99;15,1;jah
2008-08-12;1,03;96;15,3;jah
2008-08-13;0,99;95;15,7;jah
2008-08-14;1,06;104;15,9;jah
2008-08-15;1,07;105;16,1;jah
2008-08-16;1,01;100;16,4;jah
2008-08-17;0,96;98;16,9;jah
2008-08-18;0,92;95;17,2;jah
2008-08-19;0,86;91;16,2;jah
2008-08-20;0,83;88;15,6;jah
2008-08-21;0,81;89;15,9;jah
2008-08-22;0,86;94;15,9;jah
2008-08-23;0,87;95;15,6;jah
2008-08-24;0,97;94;15,6;jah
2008-08-25;1,21;94;15,4;jah
2008-08-26;2;125;14,5;jah
2008-08-27;3,08;154;14,1;jah
2008-08-28;4,06;176;14,6;jah
2008-08-29;4,39;179;14,3;jah
2008-08-30;4,53;183;13,4;jah
2008-08-31;4,2;178;12,5;jah
2008-09-01;3,48;161;11,2;jah
2008-09-02;2,8;143;11,3;jah
2008-09-03;2,47;133;12,2;jah
2008-09-04;2,23;126;13,1;jah
2008-09-05;2,03;120;12,9;jah
2008-09-06;1,88;116;12,6;jah
2008-09-07;1,7;108;13,7;jah
2008-09-08;1,8;106;14;jah
2008-09-09;2,68;132;13,7;jah
2008-09-10;3,93;156;13,2;jah
2008-09-11;4,71;171;11,9;jah
2008-09-12;4,44;168;10,8;jah
2008-09-13;3,64;151;9,9;jah
2008-09-14;2,7;125;9,1;jah
2008-09-15;2,17;109;9;jah
2008-09-16;1,92;102;8,1;jah
2008-09-17;1,79;96;8;jah
2008-09-18;1,68;92;8,2;jah
2008-09-19;1,59;88;8,5;jah
2008-09-20;1,52;85;8,8;jah
2008-09-21;1,43;82;9;jah
2008-09-22;1,37;79;9,3;jah
2008-09-23;1,29;75;8,7;jah
2008-09-24;1,2;73;8,1;jah
2008-09-25;1,16;70;7,9;jah
2008-09-26;1,11;68;7,7;jah
2008-09-27;1,09;66;8,7;jah
2008-09-28;1,09;66;9,1;jah
2008-09-29;1,17;69;8,5;jah
2008-09-30;1,27;71;7,8;jah
2008-10-01;1,28;69;7,9;jah
2008-10-02;1,41;72;8,7;jah
2008-10-03;1,65;79;8,9;jah
2008-10-04;1,58;74;8,4;jah
2008-10-05;1,46;67;8,2;jah
2008-10-06;1,41;63;8,1;jah
2008-10-07;1,32;59;7,6;jah
2008-10-08;1,25;56;7,3;jah
2008-10-09;1,24;54;6,8;jah
2008-10-10;1,27;54;7,4;jah
2008-10-11;1,34;55;8;jah
2008-10-12;1,43;57;8,9;jah
2008-10-13;1,47;56;8,8;jah
2008-10-14;1,43;54;9,3;jah
2008-10-15;1,39;52;8,7;jah
2008-10-16;1,36;50;8,4;jah
2008-10-17;1,51;53;8,4;jah
2008-10-18;2;65;7,8;jah
2008-10-19;2,27;70;7,6;jah
2008-10-20;2,17;65;7,8;jah
2008-10-21;2,03;61;8,1;jah
2008-10-22;1,88;57;8,6;jah
2008-10-23;1,79;55;8;jah
2008-10-24;1,72;52;6,9;jah
2008-10-25;1,6;49;6,9;jah
2008-10-26;1,49;46;6,5;jah
2008-10-27;1,58;48;6,6;jah
2008-10-28;2,2;62;7;jah
2008-10-29;2,74;71;6,8;jah
2008-10-30;3,52;88;7,2;jah
2008-10-31;4,63;107;7,8;jah
2008-11-01;5,22;118;6,7;jah
2008-11-02;4,94;108;5,6;jah
2008-11-03;3,87;84;5,1;jah
2008-11-04;3,03;67;5,2;jah
2008-11-05;2,68;60;5,2;jah
2008-11-06;2,42;54;3,8;jah
2008-11-07;2,15;49;2,3;jah
2008-11-08;2,02;46;1,8;jah
2008-11-09;2,02;46;2,3;jah
2008-11-10;2,03;47;4;jah
2008-11-11;2,02;47;5,5;jah
2008-11-12;1,97;46;6;jah
2008-11-13;1,89;44;5,9;jah
2008-11-14;1,84;44;5,5;jah
2008-11-15;1,88;44;5,5;jah
2008-11-16;2,43;54;5,9;jah
2008-11-17;3,04;64;4,5;jah
2008-11-18;2,96;62;2,5;jah
2008-11-19;2,55;54;1,8;jah
2008-11-20;2,32;51;1,8;jah
2008-11-21;2,19;50;1,4;jah
2008-11-22;2,01;46;0,9;jah
2008-11-23;1,76;49;0,3;jah
2008-11-24;1,7;66;0;jah
2008-11-25;1,83;69;0;jah
2008-11-26;2,09;59;0,1;jah
2008-11-27;2,22;54;0,3;jah
2008-11-28;3,8;81;1,2;jah
2008-11-29;6,99;131;0,7;jah
2008-11-30;10,1;168;1,1;jah
2008-12-01;9,07;151;2,5;jah
2008-12-02;8,92;150;3,3;jah
2008-12-03;9,2;154;2,9;jah
2008-12-04;8,62;146;2,2;jah
2008-12-05;8,1;140;0,8;jah
2008-12-06;7,28;128;0,6;jah
2008-12-07;6,22;112;0,4;jah
2008-12-08;5,48;101;0,3;jah
2008-12-09;4,67;87;0,1;jah
2008-12-10;4,31;82;0,4;jah
2008-12-11;3,93;76;1,1;jah
2008-12-12;3,7;73;1,3;jah
2008-12-13;3,68;73;1,7;jah
2008-12-14;3,84;76;0,6;jah
2008-12-15;3,5;74;0;jah
2008-12-16;3,19;81;0;jah
2008-12-17;2,97;72;0;jah
2008-12-18;2,82;63;0,1;jah
2008-12-19;2,73;62;0,3;jah
2008-12-20;2,73;62;0,6;jah
2008-12-21;2,77;62;0,9;jah
2008-12-22;2,78;63;1,2;jah
2008-12-23;2,75;69;1;jah
2008-12-24;2,71;69;0,8;jah
2008-12-25;2,66;63;0,5;jah
2008-12-26;2,62;57;0,4;jah
2008-12-27;2,55;54;0,8;jah
2008-12-28;2,4;52;0,2;jah
2008-12-29;2,28;59;0;jah
2008-12-30;2,19;52;0,4;jah
2008-12-31;2,12;47;0,7;jah
2009-01-01;1,93;48;0,3;jah
2009-01-02;1,78;71;0;jah
2009-01-03;1,64;84;0;jah
2009-01-04;1,48;84;0;jah
2009-01-05;1,46;81;0;jah
2009-01-06;1,5;77;0;jah
2009-01-07;1,53;62;0;jah
2009-01-08;1,57;56;0;jah
2009-01-09;1,4;50;0;jah
2009-01-10;1,4;48;0;jah
2009-01-11;1,52;49;0;jah
2009-01-12;1,77;53;0;jah
2009-01-13;2,33;62;0,1;jah
2009-01-14;2,69;66;0,2;jah
2009-01-15;2,88;67;0,2;jah
2009-01-16;2,87;65;0;jah
2009-01-17;2,58;67;0;jah
2009-01-18;2,36;65;0;jah
2009-01-19;2,06;50;0;jah
2009-01-20;1,84;45;0,1;jah
2009-01-21;1,78;43;0,1;jah
2009-01-22;1,82;43;0,2;jah
2009-01-23;1,93;44;0,4;jah
2009-01-24;1,9;43;0,2;jah
2009-01-25;2;43;0,9;jah
2009-01-26;2,09;44;1;jah
2009-01-27;2,13;46;1,2;jah
2009-01-28;2,07;47;1,3;jah
2009-01-29;1,96;47;1,1;jah
2009-01-30;1,77;45;0,7;jah
2009-01-31;1,57;58;0;jah
2009-02-01;1,47;78;0;jah
2009-02-02;1,44;76;0;jah
2009-02-03;1,42;66;0;jah
2009-02-04;1,39;56;0;jah
2009-02-05;1,37;45;0;jah
2009-02-06;1,22;39;0;jah
2009-02-07;1,13;37;0;jah
2009-02-08;1,21;38;0;jah
2009-02-09;1,44;43;0;jah
2009-02-10;1,49;43;0;jah
2009-02-11;1,4;41;0;jah
2009-02-12;1,33;39;0;jah
2009-02-13;1,29;38;0,1;jah
2009-02-14;1,29;37;0,1;jah
2009-02-15;1,32;38;0,1;jah
2009-02-16;1,28;36;0,1;jah
2009-02-17;1,26;36;0,1;jah
2009-02-18;1,3;37;0,1;jah
2009-02-19;1,29;37;0,1;jah
2009-02-20;1,26;37;0,1;jah
2009-02-21;1,26;47;0;jah
2009-02-22;1,28;40;0;jah
2009-02-23;1,28;36;0;jah
2009-02-24;1,37;35;0,1;jah
2009-02-25;1,38;35;0,2;jah
2009-02-26;1,4;36;0,3;jah
2009-02-27;1,43;36;0,5;jah
2009-02-28;1,45;37;0,1;jah
2009-03-01;1,47;37;0;jah
2009-03-02;1,47;37;0,1;jah
2009-03-03;1,47;41;0;jah
2009-03-04;1,5;37;0,4;jah
2009-03-05;1,48;37;0,9;jah
2009-03-06;1,48;36;0,7;jah
2009-03-07;1,49;36;0,8;jah
2009-03-08;1,48;36;0,5;jah
2009-03-09;1,52;37;0,7;jah
2009-03-10;1,55;37;1,1;jah
2009-03-11;1,56;37;1,3;jah
2009-03-12;1,55;36;1,6;jah
2009-03-13;1,56;36;1,7;jah
2009-03-14;1,58;36;1,9;jah
2009-03-15;1,6;37;1,9;jah
2009-03-16;1,61;37;1,7;jah
2009-03-17;1,65;37;1,6;jah
2009-03-18;1,72;39;1,5;jah
2009-03-19;1,72;39;1,7;jah
2009-03-20;1,68;38;1,5;jah
2009-03-21;1,73;40;1,8;jah
2009-03-22;1,79;41;1,7;jah
2009-03-23;1,73;40;0,9;jah
2009-03-24;1,72;40;1;jah
2009-03-25;1,65;38;0,6;jah
2009-03-26;1,67;41;0,2;jah
2009-03-27;1,66;44;0,4;jah
2009-03-28;1,62;38;1,3;jah
2009-03-29;1,7;40;1,6;jah
2009-03-30;2,03;47;2;jah
2009-03-31;2,45;55;1,4;jah
2009-04-01;5,37;104;0,8;jah
2009-04-02;8,44;139;0,3;jah
2009-04-03;8,38;144;1;jah
2009-04-04;12;180;1;jah
2009-04-05;13;185;2,6;jah
2009-04-06;16,2;207;3,3;jah
2009-04-07;17,3;217;2,8;jah
2009-04-08;13,8;191;3,6;jah
2009-04-09;11;167;3,4;jah
2009-04-10;9,4;152;3,5;jah
2009-04-11;8,38;142;4,8;jah
2009-04-12;7,7;137;4,2;jah
2009-04-13;6,98;128;3,6;jah
2009-04-14;5,99;115;3,9;jah
2009-04-15;5,31;105;4,4;jah
2009-04-16;4,8;97;4,4;jah
2009-04-17;4,29;90;4,6;jah
2009-04-18;3,8;82;4,9;jah
2009-04-19;3,42;76;4,3;jah
2009-04-20;3,08;71;4,9;jah
2009-04-21;2,77;64;5;jah
2009-04-22;2,55;59;5,5;jah
2009-04-23;2,43;57;6,4;jah
2009-04-24;2,31;54;7,4;jah
2009-04-25;2,16;50;8,4;jah
2009-04-26;2,07;48;9,5;jah
2009-04-27;1,99;47;10,3;jah
2009-04-28;1,97;46;11,8;jah
2009-04-29;1,91;44;12,6;jah
2009-04-30;1,78;42;11,8;jah
2009-05-01;1,68;40;10,4;jah
2009-05-02;1,61;39;10,6;jah
2009-05-03;1,57;39;11,2;jah
2009-05-04;1,55;38;11,6;jah
2009-05-05;1,57;39;11,8;jah
2009-05-06;1,49;37;10,7;jah
2009-05-07;1,46;37;11,3;jah
2009-05-08;1,43;37;12,2;jah
2009-05-09;1,4;36;11,5;jah
2009-05-10;1,41;37;11,6;jah
2009-05-11;1,38;36;12;jah
2009-05-12;1,33;36;11,8;jah
2009-05-13;1,23;35;11;jah
2009-05-14;1,18;35;9,2;jah
2009-05-15;1,23;36;8,3;jah
2009-05-16;1,18;35;8,5;jah
2009-05-17;1,15;35;10,1;jah
2009-05-18;1,12;35;11;jah
2009-05-19;1,09;35;11,3;jah
2009-05-20;1,11;36;11,9;jah
2009-05-21;1,07;35;12,8;jah
2009-05-22;1,01;35;12,9;jah
2009-05-23;0,98;34;11,8;jah
2009-05-24;1,01;35;12,8;jah
2009-05-25;0,95;34;13,8;jah
2009-05-26;0,89;34;14,4;jah
2009-05-27;0,84;33;16;jah
2009-05-28;0,81;33;15,4;jah
2009-05-29;0,8;33;15,7;jah
2009-05-30;0,73;32;15,8;jah
2009-05-31;0,69;31;16,6;jah
2009-06-01;0,71;32;18;jah
2009-06-02;0,69;32;17,4;jah
2009-06-03;0,69;32;14,8;jah
2009-06-04;1,2;49;12,2;jah
2009-06-05;3,88;109;10,5;jah
2009-06-06;5,33;133;10,3;jah
2009-06-07;4,84;121;10,3;jah
2009-06-08;2,94;87;11,3;jah
2009-06-09;2,23;74;12,6;jah
2009-06-10;2,2;73;12,2;jah
2009-06-11;2,9;86;13,1;jah
2009-06-12;2,79;79;14,5;jah
2009-06-13;3,55;97;14,4;jah
2009-06-14;11,1;193;14,3;jah
2009-06-15;15,5;222;14,4;jah
2009-06-16;9,62;180;13,5;jah
2009-06-17;5,17;131;12,6;jah
2009-06-18;3,2;97;12,7;jah
2009-06-19;2,35;81;13,4;jah
2009-06-20;1,96;73;13,3;jah
2009-06-21;1,7;67;14;jah
2009-06-22;1,51;62;14,6;jah
2009-06-23;1,37;60;14,8;jah
2009-06-24;1,31;59;16;jah
2009-06-25;1,17;55;17,1;jah
2009-06-26;1,07;53;16,2;jah
2009-06-27;1,31;64;15,1;jah
2009-06-28;2,42;100;15,1;jah
2009-06-29;3,03;111;16,2;jah
2009-06-30;2,23;90;17,7;jah
2009-07-01;1,65;76;18,1;jah
2009-07-02;1,65;78;17,9;jah
2009-07-03;1,56;77;17,6;jah
2009-07-04;1,33;71;16,5;jah
2009-07-05;1,16;66;15,2;jah
2009-07-06;1,05;63;13,8;jah
2009-07-07;0,97;61;13,2;jah
2009-07-08;0,95;62;14,3;jah
2009-07-09;1,05;70;16;jah
2009-07-10;1,12;74;16,4;jah
2009-07-11;1,05;73;16,2;jah
2009-07-12;1,18;80;15,8;jah
2009-07-13;1,33;89;15,8;jah
2009-07-14;1,77;104;15,8;jah
2009-07-15;1,44;93;16,6;jah
2009-07-16;1,13;83;17,2;jah
2009-07-17;1,15;86;17,8;jah
2009-07-18;1,24;88;18,3;jah
2009-07-19;1,03;80;18,7;jah
2009-07-20;0,94;77;18,6;jah
2009-07-21;0,93;77;16,6;jah
2009-07-22;1,1;85;15,9;jah
2009-07-23;1,48;100;16;jah
2009-07-24;1,42;97;17;jah
2009-07-25;1,92;116;17,4;jah
2009-07-26;1,95;114;17,1;jah
2009-07-27;1,57;102;17,1;jah
2009-07-28;1,26;91;17,4;jah
2009-07-29;1,03;83;17,6;jah
2009-07-30;0,97;80;17,3;jah
2009-07-31;0,96;81;16,6;jah
2009-08-01;1,17;89;16,1;jah
2009-08-02;1,09;85;16,1;jah
2009-08-03;1,01;83;15,8;jah
2009-08-04;0,98;81;16,5;jah
2009-08-05;0,87;76;16,2;jah
2009-08-06;0,79;72;16,1;jah
2009-08-07;0,72;68;16,2;jah
2009-08-08;0,66;64;16,1;jah
2009-08-09;0,62;62;16;jah
2009-08-10;0,6;61;16,1;jah
2009-08-11;0,6;61;16,5;jah
2009-08-12;0,58;61;16,5;jah
2009-08-13;0,62;64;16,1;jah
2009-08-14;0,67;69;15,6;jah
2009-08-15;1,02;88;14,9;jah
2009-08-16;1,12;90;14,6;jah
2009-08-17;0,84;78;15,6;jah
2009-08-18;0,78;76;14,8;jah
2009-08-19;1,35;99;14,2;jah
2009-08-20;1,36;96;13,8;jah
2009-08-21;1,03;83;13,3;jah
2009-08-22;0,86;75;13,1;jah
2009-08-23;0,77;70;12,7;jah
2009-08-24;0,75;67;13,3;jah
2009-08-25;0,72;65;13,4;jah
2009-08-26;0,69;62;13,5;jah
2009-08-27;0,64;59;14,5;jah
2009-08-28;0,61;57;14,5;jah
2009-08-29;0,62;59;14,5;jah
2009-08-30;1,09;87;14;jah
2009-08-31;1,34;95;13,4;jah
2009-09-01;1,1;85;13,6;jah
2009-09-02;0,88;75;13,9;jah
2009-09-03;0,73;66;13,7;jah
2009-09-04;0,78;71;14;jah
2009-09-05;1,16;88;13,6;jah
2009-09-06;1,17;87;13,5;jah
2009-09-07;1,23;90;13,7;jah
2009-09-08;1,29;90;13,3;jah
2009-09-09;1,15;81;13,8;jah
2009-09-10;1;74;13,8;jah
2009-09-11;0,98;72;14,1;jah
2009-09-12;0,89;67;12,2;jah
2009-09-13;0,83;63;11;jah
2009-09-14;0,88;66;11,4;jah
2009-09-15;0,95;68;12;jah
2009-09-16;0,94;67;11,5;jah
2009-09-17;0,95;67;11,5;jah
2009-09-18;0,91;64;10,8;jah
2009-09-19;0,9;62;11,3;jah
2009-09-20;0,89;59;11,8;jah
2009-09-21;0,87;56;11,3;jah
2009-09-22;0,88;54;11,4;jah
2009-09-23;0,92;54;12,1;jah
2009-09-24;0,99;55;11,6;jah
2009-09-25;1,1;58;10,7;jah
2009-09-26;1,21;60;10,6;jah
2009-09-27;1,2;58;11,5;jah
2009-09-28;1,19;56;11,7;jah
2009-09-29;1,91;80;10,6;jah
2009-09-30;2,52;92;9,1;jah
2009-10-01;2,15;80;8,2;jah
2009-10-02;2,22;80;7,7;jah
2009-10-03;1,98;71;6,7;jah
2009-10-04;1,9;68;7,5;jah
2009-10-05;2,81;90;8,1;jah
2009-10-06;3,31;97;7,2;jah
2009-10-07;2,74;81;6,6;jah
2009-10-08;2,37;72;7,3;jah
2009-10-09;2,17;67;7;jah
2009-10-10;2,28;68;6,2;jah
2009-10-11;2,15;64;5,1;jah
2009-10-12;2,2;66;4,7;jah
2009-10-13;2,79;77;4,7;jah
2009-10-14;2,84;77;4,5;jah
2009-10-15;3,84;98;4,4;jah
2009-10-16;4,9;116;4,3;jah
2009-10-17;4,95;114;4,4;jah
2009-10-18;3,78;90;4,6;jah
2009-10-19;3,4;80;4,5;jah
2009-10-20;3,2;73;5,3;jah
2009-10-21;2,77;65;4,7;jah
2009-10-22;2,71;65;5,3;jah
2009-10-23;3,41;78;5,7;jah
2009-10-24;3,34;76;6;jah
2009-10-25;2,87;67;6;jah
2009-10-26;2,85;68;6,2;jah
2009-10-27;2,94;69;6,7;jah
2009-10-28;2,9;69;6,8;jah
2009-10-29;3,41;78;5,7;jah
2009-10-30;3,77;83;4;jah
2009-10-31;3,27;72;3,3;jah
2009-11-01;2,72;62;2,1;jah
2009-11-02;2,31;54;1,2;jah
2009-11-03;2,06;49;0,8;jah
2009-11-04;1,9;46;0,7;jah
2009-11-05;1,78;44;0,6;jah
2009-11-06;1,76;43;1,1;jah
2009-11-07;1,83;44;1,7;jah
2009-11-08;1,98;46;2,2;jah
2009-11-09;2,22;49;2,4;jah
2009-11-10;3,1;65;2,2;jah
2009-11-11;4,34;84;2,2;jah
2009-11-12;4,31;82;1,9;jah
2009-11-13;3,55;71;2;jah
2009-11-14;3,04;63;2,3;jah
2009-11-15;2,78;59;2,7;jah
2009-11-16;2,82;61;3,2;jah
2009-11-17;2,82;61;3,5;jah
2009-11-18;2,69;59;4;jah
2009-11-19;2,64;58;4,6;jah
2009-11-20;2,61;57;4,8;jah
2009-11-21;2,93;63;5,3;jah
2009-11-22;3,03;63;5,3;jah
2009-11-23;2,91;61;5,2;jah
2009-11-24;2,89;60;5,3;jah
2009-11-25;2,8;58;5,4;jah
2009-11-26;2,76;58;5,6;jah
2009-11-27;3,26;66;5,5;jah
2009-11-28;3,64;71;5,3;jah
2009-11-29;3,89;75;5;jah
2009-11-30;3,87;74;4,8;jah
2009-12-01;3,49;69;4,6;jah
2009-12-02;4,64;93;4,6;jah
2009-12-03;7,82;143;4,3;jah
2009-12-04;10,1;167;4,2;jah
2009-12-05;8;141;3,9;jah
2009-12-06;5,78;111;3,6;jah
2009-12-07;4,53;92;3,2;jah
2009-12-08;3,61;77;2,9;jah
2009-12-09;3,13;70;2,6;jah
2009-12-10;2,91;67;2,3;jah
2009-12-11;2,69;63;2;jah
2009-12-12;2,45;59;1,2;jah
2009-12-13;2,25;56;1,2;jah
2009-12-14;1,97;53;0,2;jah
2009-12-15;1,72;65;0;jah
2009-12-16;1,5;66;0;jah
2009-12-17;1,27;60;0;jah
2009-12-18;1,08;54;0;jah
2009-12-19;1,03;51;0;jah
2009-12-20;0,91;45;0;jah
2009-12-21;0,88;43;0;jah
2009-12-22;0,88;42;0;jah
2009-12-23;0,95;43;0;jah
2009-12-24;1,01;44;0;jah
2009-12-25;1,04;44;0;jah
2009-12-26;1,17;48;0;jah
2009-12-27;1,3;51;0;jah
2009-12-28;1,32;52;0;jah
2009-12-29;1,25;50;0;jah
2009-12-30;1,13;48;0;jah
2009-12-31;1;45;0;jah
2010-01-01;1,09;48;0;jah
2010-01-02;1,12;47;0;jah
2010-01-03;1,15;47;0;jah
2010-01-04;1,17;47;0;jah
2010-01-05;1,19;46;0;jah
2010-01-06;1,2;46;0;jah
2010-01-07;1,23;47;0;jah
2010-01-08;1,28;48;0;jah
2010-01-09;1,24;47;0;jah
2010-01-10;1,22;46;0;jah
2010-01-11;1,11;43;0;jah
2010-01-12;1,22;46;0;jah
2010-01-13;1,26;47;0;jah
2010-01-14;1,24;47;0;jah
2010-01-15;1,2;46;0;jah
2010-01-16;1,14;45;0;jah
2010-01-17;1,08;45;0;jah
2010-01-18;1,02;45;0;jah
2010-01-19;0,94;45;0;jah
2010-01-20;0,8;45;0;jah
2010-01-21;0,65;46;0;jah
2010-01-22;0,63;49;0;jah
2010-01-23;0,66;51;0;jah
2010-01-24;0,68;52;0;jah
2010-01-25;0,74;56;0;jah
2010-01-26;0,73;55;0;jah
2010-01-27;0,71;53;0;jah
2010-01-28;0,71;52;0;jah
2010-01-29;0,78;55;0;jah
2010-01-30;0,8;55;0;jah
2010-01-31;0,84;56;0;jah
2010-02-01;0,89;58;0;jah
2010-02-02;0,96;61;0;jah
2010-02-03;0,97;60;0;jah
2010-02-04;0,97;59;0;jah
2010-02-05;0,96;58;0;jah
2010-02-06;0,92;56;0;jah
2010-02-07;0,88;55;0;jah
2010-02-08;0,86;54;0;jah
2010-02-09;0,84;54;0;jah
2010-02-10;0,8;52;0;jah
2010-02-11;0,76;51;0;jah
2010-02-12;0,76;51;0;jah
2010-02-13;0,75;52;0;jah
2010-02-14;0,75;52;0;jah
2010-02-15;0,73;51;0;jah
2010-02-16;0,7;49;0;jah
2010-02-17;0,68;50;0;jah
2010-02-18;0,7;50;0;jah
2010-02-19;0,69;51;0;jah
2010-02-20;0,71;52;0;jah
2010-02-21;0,74;54;0;jah
2010-02-22;0,76;55;0;jah
2010-02-23;0,76;56;0;jah
2010-02-24;0,8;58;0;jah
2010-02-25;0,75;56;0;jah
2010-02-26;0,79;57;0;jah
2010-02-27;0,84;58;0;jah
2010-02-28;0,97;60;0;jah
2010-03-01;1,02;57;0;jah
2010-03-02;1;52;0;jah
2010-03-03;1,01;49;0;jah
2010-03-04;1,05;48;0;jah
2010-03-05;1,04;45;0;jah
2010-03-06;1,02;43;0;jah
2010-03-07;1,21;45;0;jah
2010-03-08;1,08;42;0;jah
2010-03-09;1,2;44;0;jah
2010-03-10;1,14;42;0;jah
2010-03-11;1,11;40;0;jah
2010-03-12;1,08;39;0;jah
2010-03-13;1,1;43;0;jah
2010-03-14;1,11;39;0;jah
2010-03-15;1,1;45;0;jah
2010-03-16;1,13;47;0;jah
2010-03-17;1,17;41;0;jah
2010-03-18;1,18;38;0;jah
2010-03-19;1,19;38;0,2;jah
2010-03-20;1,43;43;0,5;jah
2010-03-21;2,06;54;0,4;jah
2010-03-22;3,22;75;0,2;jah
2010-03-23;3,61;79;0,2;jah
2010-03-24;3,58;76;0,4;jah
2010-03-25;2,91;63;0,6;jah
2010-03-26;2,94;63;1;jah
2010-03-27;4,17;85;1,2;jah
2010-03-28;7,73;138;0,1;jah
2010-03-29;15,3;208;0,1;jah
2010-03-30;19,4;228;0,4;jah
2010-03-31;16,9;218;1,1;jah
2010-04-01;17,9;224;2,4;jah
2010-04-02;20,7;232;1,4;jah
2010-04-03;17,8;221;1,8;jah
2010-04-04;16,1;213;2,3;jah
2010-04-05;14,5;202;3,5;jah
2010-04-06;13;192;3,4;jah
2010-04-07;12,2;187;2,6;jah
2010-04-08;10,5;171;2;jah
2010-04-09;8,42;153;3,4;jah
2010-04-10;7,36;146;4,4;jah
2010-04-11;6,71;142;5,2;jah
2010-04-12;6,18;140;5,4;jah
2010-04-13;5,63;137;5,3;jah
2010-04-14;5,04;133;5,4;jah
2010-04-15;4,52;130;5,4;jah
2010-04-16;4,05;127;6,1;jah
2010-04-17;3,73;124;6,9;jah
2010-04-18;3,43;120;6,9;jah
2010-04-19;3,19;118;7;jah
2010-04-20;2,93;115;6,3;jah
2010-04-21;2,71;112;5,9;jah
2010-04-22;2,77;111;6,3;jah
2010-04-23;2,82;109;5,7;jah
2010-04-24;2,84;106;5,6;jah
2010-04-25;2,96;106;5,8;jah
2010-04-26;2,96;103;6,9;jah
2010-04-27;2,9;99;8;jah
2010-04-28;2,89;95;9,3;jah
2010-04-29;2,78;90;7,5;jah
2010-04-30;2,88;90;9,3;jah
2010-05-01;2,9;88;10,5;jah
2010-05-02;2,82;84;9,6;jah
2010-05-03;2,74;80;9,3;jah
2010-05-04;3,18;89;7,9;jah
2010-05-05;3,5;94;7,3;jah
2010-05-06;3,29;89;7,6;jah
2010-05-07;3,35;91;8;jah
2010-05-08;3,53;94;9,8;jah
2010-05-09;3,36;90;11,7;jah
2010-05-10;3,13;85;10,2;jah
2010-05-11;2,86;79;10;jah
2010-05-12;2,56;72;12,2;jah
2010-05-13;2,39;69;14,6;jah
2010-05-14;2,41;69;15,4;jah
2010-05-15;2,18;63;15,8;jah
2010-05-16;2,11;62;15,7;jah
2010-05-17;2,26;66;15,4;jah
2010-05-18;2,34;66;16,3;jah
2010-05-19;2,02;59;17,6;jah
2010-05-20;1,77;54;17,1;jah
2010-05-21;1,56;49;17;jah
2010-05-22;1,35;44;17,3;jah
2010-05-23;1,24;42;16,2;jah
2010-05-24;1,24;43;13,8;jah
2010-05-25;1,19;41;12,4;jah
2010-05-26;1,14;40;12,7;jah
2010-05-27;1,2;42;11,9;jah
2010-05-28;1,21;42;12;jah
2010-05-29;1,16;41;12,5;jah
2010-05-30;1,12;40;12,8;jah
2010-05-31;1,05;39;13,9;jah
2010-06-01;1,01;38;13,7;jah
2010-06-02;1,6;53;14,1;jah
2010-06-03;1,53;50;14,4;jah
2010-06-04;1,3;46;14,8;jah
2010-06-05;1,12;41;14,5;jah
2010-06-06;0,948;37;13;jah
2010-06-07;0,9;36;14,4;jah
2010-06-08;1,14;44;13,8;jah
2010-06-09;1,29;47;13,7;jah
2010-06-10;1,24;46;14,2;jah
2010-06-11;1,37;49;14,3;jah
2010-06-12;1,22;45;15,4;jah
2010-06-13;1,1;42;13,9;jah
2010-06-14;1,01;41;12,8;jah
2010-06-15;0,993;40;13,7;jah
2010-06-16;0,911;38;13,3;jah
2010-06-17;0,869;37;13,7;jah
2010-06-18;0,81;36;14,5;jah
2010-06-19;0,76;34;14,9;jah
2010-06-20;0,82;36;15,6;jah
2010-06-21;1,08;46;14,5;jah
2010-06-22;2,94;97;12,6;jah
2010-06-23;4,14;122;13,4;jah
2010-06-24;4,31;122;14,3;jah
2010-06-25;2,55;83;15,1;jah
2010-06-26;1,85;67;15,8;jah
2010-06-27;1,55;60;16,2;jah
2010-06-28;1,25;52;16,1;jah
2010-06-29;1,07;47;16,9;jah
2010-06-30;0,88;42;17,9;jah
2010-07-01;0,82;40;18;jah
2010-07-02;0,78;39;17;jah
2010-07-03;0,73;38;17,2;jah
2010-07-04;0,66;36;17,7;jah
2010-07-05;0,61;35;18,4;jah
2010-07-06;0,594;34;19,6;jah
2010-07-07;0,63;37;19,9;jah
2010-07-08;0,87;48;19,8;jah
2010-07-09;1,36;67;19,5;jah
2010-07-10;1,08;55;19,8;jah
2010-07-11;0,81;46;20,4;jah
2010-07-12;0,69;41;21,1;jah
2010-07-13;0,615;39;21,6;jah
2010-07-14;0,57;37;22,1;jah
2010-07-15;0,606;42;22;jah
2010-07-16;1,71;88;21,1;jah
2010-07-17;1,6;81;20,9;jah
2010-07-18;1,07;63;20,8;jah
2010-07-19;0,87;55;20,7;jah
2010-07-20;0,77;51;19,5;jah
2010-07-21;0,706;48;19,8;jah
2010-07-22;0,64;45;20,4;jah
2010-07-23;0,59;43;20,7;jah
2010-07-24;0,99;66;20,4;jah
2010-07-25;1,11;69;20,5;jah
2010-07-26;0,895;59;20,8;jah
2010-07-27;0,722;51;21;jah
2010-07-28;0,65;47;21,3;jah
2010-07-29;0,62;48;20,8;jah
2010-07-30;0,851;61;19,8;jah
2010-07-31;0,773;56;19;jah
2010-08-01;0,748;55;18;jah
2010-08-02;0,801;57;18,1;jah
2010-08-03;0,8;58;18,6;jah
2010-08-04;0,727;53;19,7;jah
2010-08-05;0,673;51;18,5;jah
2010-08-06;0,82;60;18,3;jah
2010-08-07;0,8;57;19,4;jah
2010-08-08;0,724;53;20,5;jah
2010-08-09;0,74;55;20,3;jah
2010-08-10;0,72;53;19,8;jah
2010-08-11;0,69;52;18,9;jah
2010-08-12;0,619;47;18,5;jah
2010-08-13;0,82;60;18,8;jah
2010-08-14;0,77;55;19,4;jah
2010-08-15;0,77;56;19,3;jah
2010-08-16;0,89;63;19,1;jah
2010-08-17;1,42;86;18,3;jah
2010-08-18;1,42;83;18,2;jah
2010-08-19;1,7;96;16,4;jah
2010-08-20;2,01;103;15,2;jah
2010-08-21;1,51;86;15;jah
2010-08-22;1,28;79;16,1;jah
2010-08-23;1,23;77;16,8;jah
2010-08-24;1,43;86;15,4;jah
2010-08-25;2,14;107;15,2;jah
2010-08-26;1,93;99;15,1;jah
2010-08-27;1,92;99;14,9;jah
2010-08-28;1,77;93;14,3;jah
2010-08-29;1,76;93;13,5;jah
2010-08-30;1,61;87;12,9;jah
2010-08-31;1,39;79;12,5;jah
2010-09-01;1,22;72;11,8;jah
2010-09-02;1,17;71;11,4;jah
2010-09-03;2,42;113;10,6;jah
2010-09-04;3,61;140;10,9;jah
2010-09-05;3,77;141;11,1;jah
2010-09-06;2,71;113;11,1;jah
2010-09-07;1,97;94;11;jah
2010-09-08;1,68;85;11;jah
2010-09-09;1,5;79;11,5;jah
2010-09-10;1,33;72;11;jah
2010-09-11;1,26;70;11,4;jah
2010-09-12;1,24;68;12,2;jah
2010-09-13;1,2;66;12,9;jah
2010-09-14;1,16;64;13,3;jah
2010-09-15;1,11;62;12,9;jah
2010-09-16;1,14;63;12,3;jah
2010-09-17;1,17;64;12,1;jah
2010-09-18;1,2;64;11,3;jah
2010-09-19;1,67;81;11;jah
2010-09-20;2,2;94;11,1;jah
2010-09-21;2,33;95;11,4;jah
2010-09-22;2,11;87;11,7;jah
2010-09-23;1,85;78;11,7;jah
2010-09-24;1,62;69;10,8;jah
2010-09-25;1,5;64;11;jah
2010-09-26;1,41;60;10,9;jah
2010-09-27;1,41;59;11,1;jah
2010-09-28;2,01;78;9,7;jah
2010-09-29;3,09;103;8,7;jah
2010-09-30;2,9;95;8,4;jah
2010-10-01;2,11;76;7,7;jah
2010-10-02;1,79;66;7,7;jah
2010-10-03;1,62;61;7,4;jah
2010-10-04;1,46;56;8;jah
2010-10-05;1,33;51;7;jah
2010-10-06;1,25;49;5,9;jah
2010-10-07;1,16;46;5,2;jah
2010-10-08;1,11;45;4,7;jah
2010-10-09;1,1;44;4,6;jah
2010-10-10;1,09;43;4,9;jah
2010-10-11;1,11;43;5,2;jah
2010-10-12;1,12;43;5,3;jah
2010-10-13;1,1;42;4,5;jah
2010-10-14;1,14;42;4,1;jah
2010-10-15;1,47;49;4,1;jah
2010-10-16;1,56;49;3,8;jah
2010-10-17;1,46;46;3,8;jah
2010-10-18;1,39;44;3,8;jah
2010-10-19;1,35;42;3,6;jah
2010-10-20;1,62;48;4,7;jah
2010-10-21;2,86;72;5,3;jah
2010-10-22;3,07;73;4,5;jah
2010-10-23;3,14;74;3,8;jah
2010-10-24;3,55;80;4,6;jah
2010-10-25;3,76;82;5,5;jah
2010-10-26;3,64;79;5,5;jah
2010-10-27;3,28;71;4,8;jah
2010-10-28;2,77;61;4,1;jah
2010-10-29;2,69;60;5,1;jah
2010-10-30;2,79;60;5,9;jah
2010-10-31;2,58;56;5,6;jah
2010-11-01;2,41;53;5;jah
2010-11-02;2,33;51;5,3;jah
2010-11-03;2,32;51;6,1;jah
2010-11-04;2,56;55;6,4;jah
2010-11-05;2,7;57;5,7;jah
2010-11-06;2,48;53;4,9;jah
2010-11-07;2,33;51;4;jah
2010-11-08;2,23;49;2,9;jah
2010-11-09;2,21;50;2,6;jah
2010-11-10;3,31;68;3,4;jah
2010-11-11;5,01;95;4,6;jah
2010-11-12;5,99;109;4,6;jah
2010-11-13;5,61;102;5,1;jah
2010-11-14;5,47;102;5,6;jah
2010-11-15;6,17;113;6,3;jah
2010-11-16;5,9;107;6,1;jah
2010-11-17;4,73;88;4,9;jah
2010-11-18;4,27;81;3,2;jah
2010-11-19;5,99;107;3,6;jah
2010-11-20;11,1;169;4;jah
2010-11-21;13,9;187;3,8;jah
2010-11-22;10,1;151;3,3;jah
2010-11-23;7,38;121;2,8;jah
2010-11-24;6,09;106;2;jah
2010-11-25;5,39;98;0,9;jah
2010-11-26;4,4;84;0,1;jah
2010-11-27;3,59;76;0,1;jah
2010-11-28;3,46;76;0,1;jah
2010-11-29;3,33;75;0,1;jah
2010-11-30;3,21;80;0;jah
2010-12-01;3,1;76;0;jah
2010-12-02;2,9;67;0;jah
2010-12-03;2,39;57;0,1;jah
2010-12-04;2,03;51;0,1;jah
2010-12-05;1,91;50;0,1;jah
2010-12-06;1,9;50;0,1;jah
2010-12-07;1,88;49;0,1;jah
2010-12-08;1,87;50;0,2;jah
2010-12-09;1,89;51;0,1;jah
2010-12-10;1,99;58;0,1;jah
2010-12-11;2,09;63;0;jah
2010-12-12;2,19;64;0;jah
2010-12-13;2,26;59;0;jah
2010-12-14;2,34;60;0;jah
2010-12-15;2,15;57;0,1;jah
2010-12-16;2,02;55;0,1;jah
2010-12-17;1,87;52;0;jah
2010-12-18;1,78;51;0;jah
2010-12-19;1,8;52;0;jah
2010-12-20;1,75;52;0;jah
2010-12-21;1,67;51;0;jah
2010-12-22;1,61;50;0;jah
2010-12-23;1,56;49;0;jah
2010-12-24;1,53;49;0;jah
2010-12-25;1,78;56;0;jah
2010-12-26;2,06;63;0;jah
2010-12-27;2,09;64;0;jah
2010-12-28;2,01;63;0;jah
2010-12-29;1,93;61;0;jah
2010-12-30;1,89;60;0;jah
2010-12-31;1,83;59;0;jah
2011-01-01;1,88;60;0;jah
2011-01-02;1,9;60;0;jah
2011-01-03;1,86;59;0;jah
2011-01-04;1,84;58;0,1;jah
2011-01-05;1,9;59;0,1;jah
2011-01-06;1,94;60;0,1;jah
2011-01-07;1,95;60;0,1;jah
2011-01-08;2,03;62;0,1;jah
2011-01-09;2,06;62;0,1;jah
2011-01-10;2,66;78;0,2;jah
2011-01-11;3,01;84;0,2;jah
2011-01-12;3,01;83;0,2;jah
2011-01-13;2,98;81;0,2;jah
2011-01-14;2,86;77;0,2;jah
2011-01-15;2,69;72;0,1;jah
2011-01-16;2,11;59;0,1;jah
2011-01-17;2,69;73;0,1;jah
2011-01-18;3,31;84;0,2;jah
2011-01-19;3,54;88;0,2;jah
2011-01-20;3,65;89;0,3;jah
2011-01-21;3,4;82;0,2;jah
2011-01-22;2,99;74;0,2;jah
2011-01-23;2,8;71;0,1;jah
2011-01-24;2,73;71;0,1;jah
2011-01-25;2,83;74;0,1;jah
2011-01-26;2,86;74;0,1;jah
2011-01-27;2,69;72;0,1;jah
2011-01-28;2,89;77;0,1;jah
2011-01-29;2,78;74;0,2;jah
2011-01-30;2,51;69;0,2;jah
2011-01-31;2,22;63;0,2;jah
2011-02-01;2,4;66;0,2;jah
2011-02-02;2,24;62;0,3;jah
2011-02-03;2,32;64;0,3;jah
2011-02-04;2,39;65;0,4;jah
2011-02-05;2,34;63;0,5;jah
2011-02-06;2,21;60;0,4;jah
2011-02-07;2,09;57;0,5;jah
2011-02-08;2,05;57;0,8;jah
2011-02-09;2,06;63;0,4;jah
2011-02-10;2,04;68;0,2;jah
2011-02-11;1,97;79;0,2;jah
2011-02-12;1,89;80;0,1;jah
2011-02-13;1,81;79;0,1;jah
2011-02-14;1,73;73;0,1;jah
2011-02-15;1,66;66;0,1;jah
2011-02-16;1,58;63;0,1;jah
2011-02-17;1,51;63;0,1;jah
2011-02-18;1,44;64;0,1;jah
2011-02-19;1,37;60;0,1;jah
2011-02-20;1,3;56;0,1;jah
2011-02-21;1,23;53;0,1;jah
2011-02-22;1,21;51;0,1;jah
2011-02-23;1,22;51;0,1;jah
2011-02-24;1,19;51;0,1;jah
2011-02-25;1,15;51;0,1;jah
2011-02-26;1,14;52;0,1;jah
2011-02-27;1,19;54;0,1;jah
2011-02-28;1,21;56;0,1;jah
2011-03-01;1,2;57;0,1;jah
2011-03-02;1,18;57;0,1;jah
2011-03-03;1,25;58;0,1;jah
2011-03-04;1,33;58;0,1;jah
2011-03-05;1,43;60;0,1;jah
2011-03-06;1,54;61;0,1;jah
2011-03-07;1,57;60;0,1;jah
2011-03-08;1,65;60;0,1;jah
2011-03-09;1,66;59;0,1;jah
2011-03-10;1,7;58;0,1;jah
2011-03-11;1,78;58;0,1;jah
2011-03-12;1,89;59;0,2;jah
2011-03-13;1,89;58;0,2;jah
2011-03-14;1,84;55;0,3;jah
2011-03-15;1,67;49;0,2;jah
2011-03-16;1,58;46;0,2;jah
2011-03-17;1,52;44;0,2;jah
2011-03-18;1,5;42;0,2;jah
2011-03-19;1,46;41;0,3;jah
2011-03-20;1,43;39;0,5;jah
2011-03-21;1,42;39;0,5;jah
2011-03-22;1,52;40;0,9;jah
2011-03-23;1,88;47;0,7;jah
2011-03-24;2,07;49;0,6;jah
2011-03-25;1,96;49;0,1;jah
2011-03-26;1,99;52;0,1;jah
2011-03-27;2,03;48;0,4;jah
2011-03-28;1,9;43;0,5;jah
2011-03-29;1,93;44;0,8;jah
2011-03-30;1,94;44;1,5;jah
2011-03-31;1,95;45;0,8;jah
2011-04-01;1,99;44;1;jah
2011-04-02;2,22;48;2,4;jah
2011-04-03;3,32;69;1,8;jah
2011-04-04;6,93;125;0,7;jah
2011-04-05;17,5;205;0,5;jah
2011-04-06;22,5;225;0,4;jah
2011-04-07;22,4;223;0,8;jah
2011-04-08;22,3;222;1;jah
2011-04-09;19,6;208;1,7;jah
2011-04-10;17,1;196;2,6;jah
2011-04-11;15,8;189;3,1;jah
2011-04-12;13,5;175;3,9;jah
2011-04-13;11,5;161;3,8;jah
2011-04-14;9,79;149;3,9;jah
2011-04-15;8,55;138;4,3;jah
2011-04-16;7,99;135;4,6;jah
2011-04-17;8,36;141;6,4;jah
2011-04-18;8,69;145;7,3;jah
2011-04-19;8,3;142;6,6;jah
2011-04-20;7,01;131;5,8;jah
2011-04-21;5,92;121;6,6;jah
2011-04-22;5,29;115;7,6;jah
2011-04-23;4,85;113;9,2;jah
2011-04-24;4,37;109;9,7;jah
2011-04-25;3,9;105;10,2;jah
2011-04-26;3,44;100;10,8;jah
2011-04-27;3,05;97;11,4;jah
2011-04-28;2,67;93;11,7;jah
2011-04-29;2,34;88;10,6;jah
2011-04-30;2,29;86;9,8;jah
2011-05-01;2,23;81;8,9;jah
2011-05-02;2,12;77;7,3;jah
2011-05-03;2,1;74;7,4;jah
2011-05-04;2,01;70;8,1;jah
2011-05-05;1,93;66;9,2;jah
2011-05-06;1,85;62;9,4;jah
2011-05-07;1,79;59;10,2;jah
2011-05-08;1,65;54;11;jah
2011-05-09;1,55;51;12;jah
2011-05-10;1,51;48;12,8;jah
2011-05-11;1,46;45;13,8;jah
2011-05-12;1,43;43;14,5;jah
2011-05-13;1,48;43;14,6;jah
2011-05-14;1,98;53;13;jah
2011-05-15;2,08;52;11,5;jah
2011-05-16;2,27;57;10,5;jah
2011-05-17;3,56;79;10;jah
2011-05-18;3,47;74;10,9;jah
2011-05-19;3,05;65;11,9;jah
2011-05-20;2,51;56;13,8;jah
2011-05-21;2,11;50;13,9;jah
2011-05-22;1,8;45;14,3;jah
2011-05-23;1,71;45;13,9;jah
2011-05-24;1,9;49;13,6;jah
2011-05-25;1,71;46;13,3;jah
2011-05-26;1,52;43;12,9;jah
2011-05-27;1,35;40;13;jah
2011-05-28;1,28;40;14,3;jah
2011-05-29;1,19;38;13,6;jah
2011-05-30;1,15;38;13,2;jah
2011-05-31;1,1;38;14,9;jah
2011-06-01;1,03;37;17,5;jah
2011-06-02;0,95;35;18,3;jah
2011-06-03;0,89;34;17,5;jah
2011-06-04;0,84;33;17,2;jah
2011-06-05;0,83;33;17,8;jah
2011-06-06;0,75;32;18,3;jah
2011-06-07;0,72;32;19,4;jah
2011-06-08;0,68;31;20;jah
2011-06-09;0,64;30;19,3;jah
2011-06-10;0,63;31;19,6;jah
2011-06-11;0,64;31;20,4;jah
2011-06-12;0,62;31;20,4;jah
2011-06-13;0,58;30;18,7;jah
2011-06-14;0,61;32;16,5;jah
2011-06-15;0,65;35;15,9;jah
2011-06-16;0,67;37;15,1;jah
2011-06-17;0,7;39;15,3;jah
2011-06-18;0,9;49;16,3;jah
2011-06-19;0,77;44;15,5;jah
2011-06-20;0,71;42;15,2;jah
2011-06-21;0,72;44;15,2;jah
2011-06-22;0,85;51;15;jah
2011-06-23;0,83;50;14,8;jah
2011-06-24;0,73;46;15,1;jah
2011-06-25;0,77;49;15,6;jah
2011-06-26;0,78;50;15,3;jah
2011-06-27;0,7;46;16,2;jah
2011-06-28;0,65;44;17,3;jah
2011-06-29;0,6;42;17,6;jah
2011-06-30;0,58;42;18,3;jah
2011-07-01;0,68;49;19,5;jah
2011-07-02;0,62;46;20,2;jah
2011-07-03;0,55;42;20;jah
2011-07-04;0,55;43;19,2;jah
2011-07-05;0,55;44;18,5;jah
2011-07-06;0,54;44;18,5;jah
2011-07-07;0,52;44;18,6;jah
2011-07-08;0,5;43;19,4;jah
2011-07-09;0,47;41;19,5;jah
2011-07-10;0,53;46;19,7;jah
2011-07-11;0,54;45;20,4;jah
2011-07-12;0,52;45;20,1;jah
2011-07-13;0,53;46;18,7;jah
2011-07-14;0,5;43;18,3;jah
2011-07-15;0,49;43;18,3;jah
2011-07-16;0,5;44;18,3;jah
2011-07-17;0,49;43;18,2;jah
2011-07-18;0,47;41;18,2;jah
2011-07-19;0,45;40;19,3;jah
2011-07-20;0,44;40;19,7;jah
2011-07-21;0,46;41;20,7;jah
2011-07-22;0,45;39;22;jah
2011-07-23;0,43;38;22,2;jah
2011-07-24;0,51;42;19,9;jah
2011-07-25;0,48;40;18,6;jah
2011-07-26;0,46;38;19,4;jah
2011-07-27;0,47;39;20,3;jah
2011-07-28;0,48;39;20,7;jah
2011-07-29;0,49;39;20,2;jah
2011-07-30;0,5;38;19,3;jah
2011-07-31;0,49;38;18,9;jah
2011-08-01;0,48;37;17,9;jah
2011-08-02;0,46;35;16,6;jah
2011-08-03;0,44;33;15,9;jah
2011-08-04;0,42;32;15,7;jah
2011-08-05;0,41;32;15,9;jah
2011-08-06;0,41;32;16,3;jah
2011-08-07;0,39;31;17,2;jah
2011-08-08;0,4;32;17,6;jah
2011-08-09;0,48;37;16,9;jah
2011-08-10;0,5;38;16,1;jah
2011-08-11;0,49;37;15,3;jah
2011-08-12;0,53;40;14,2;jah
2011-08-13;0,9;62;14,2;jah
2011-08-14;0,92;60;15,1;jah
2011-08-15;0,68;48;16,2;jah
2011-08-16;0,59;43;17;jah
2011-08-17;0,57;41;17,6;jah
2011-08-18;0,56;40;17,2;jah
2011-08-19;0,53;38;16,4;jah
2011-08-20;0,54;39;15,7;jah
2011-08-21;0,67;45;15,2;jah
2011-08-22;0,71;45;15,1;jah
2011-08-23;0,76;49;15,2;jah
2011-08-24;0,95;56;15,6;jah
2011-08-25;0,77;46;15,5;jah
2011-08-26;0,66;41;15,7;jah
2011-08-27;0,58;37;16,2;jah
2011-08-28;0,54;34;16,4;jah
2011-08-29;0,53;34;15,2;jah
2011-08-30;0,62;39;14,6;jah
2011-08-31;0,66;40;14,5;jah
2011-09-01;0,65;39;14,2;jah
2011-09-02;0,66;39;13,6;jah
2011-09-03;0,64;38;13,7;jah
2011-09-04;0,65;38;13,5;jah
2011-09-05;0,62;36;13;jah
2011-09-06;0,58;34;12,8;jah
2011-09-07;0,59;35;13,5;jah
2011-09-08;0,63;36;13,6;jah
2011-09-09;0,69;38;12,7;jah
2011-09-10;0,69;38;12,3;jah
2011-09-11;0,68;37;12,6;jah
2011-09-12;0,65;36;12,1;jah
2011-09-13;0,72;38;12,7;jah
2011-09-14;0,7;36;12,9;jah
2011-09-15;0,62;33;12,7;jah
2011-09-16;0,63;34;12;jah
2011-09-17;0,66;34;12,2;jah
2011-09-18;0,64;33;11,2;jah
2011-09-19;0,62;32;10,9;jah
2011-09-20;0,63;33;11,7;jah
2011-09-21;0,63;32;11,2;jah
2011-09-22;0,66;33;11,9;jah
2011-09-23;0,66;33;11,9;jah
2011-09-24;0,64;32;11;jah
2011-09-25;0,66;32;10,6;jah
2011-09-26;0,66;32;10,8;jah
2011-09-27;0,65;31;10,8;jah
2011-09-28;0,64;31;10,7;jah
2011-09-29;0,65;31;10,9;jah
2011-09-30;0,67;31;12,1;jah
2011-10-01;0,66;31;11,9;jah
2011-10-02;0,65;30;10,4;jah
2011-10-03;0,67;31;10,2;jah
2011-10-04;0,73;33;10,9;jah
2011-10-05;0,72;32;10,8;jah
2011-10-06;0,71;32;10,5;jah
2011-10-07;0,72;31;11,1;jah
2011-10-08;0,71;31;9,7;jah
2011-10-09;0,7;31;9,2;jah
2011-10-10;0,71;31;7,9;jah
2011-10-11;0,84;35;8;jah
2011-10-12;0,92;37;7,2;jah
2011-10-13;0,89;36;6,5;jah
2011-10-14;0,91;37;6,4;jah
2011-10-15;0,87;36;5,2;jah
2011-10-16;0,83;35;5,9;jah
2011-10-17;0,8;34;6,6;jah
2011-10-18;0,78;33;5,6;jah
2011-10-19;0,77;33;5,2;jah
2011-10-20;0,77;33;5,7;jah
2011-10-21;0,76;32;5,6;jah
2011-10-22;0,76;33;5,2;jah
2011-10-23;0,77;33;6,8;jah
2011-10-24;0,78;33;7,4;jah
2011-10-25;0,76;32;5,5;jah
2011-10-26;0,78;33;5;jah
2011-10-27;0,77;32;5,3;jah
2011-10-28;0,79;32;3,9;jah
2011-10-29;0,79;32;5;jah
2011-10-30;0,79;32;5,6;jah
2011-10-31;0,81;33;7;jah
2011-11-01;0,83;33;6,9;jah
2011-11-02;0,83;32;7,3;jah
2011-11-03;0,83;32;7,5;jah
2011-11-04;0,83;32;7,2;jah
2011-11-05;0,81;32;5,8;jah
2011-11-06;0,8;32;5,2;jah
2011-11-07;0,79;32;5,2;jah
2011-11-08;0,78;32;5,6;jah
2011-11-09;0,75;31;4,7;jah
2011-11-10;0,74;31;2,9;jah
2011-11-11;0,77;32;2,5;jah
2011-11-12;0,73;31;3,9;jah
2011-11-13;0,72;31;3,6;jah
2011-11-14;0,72;32;4,2;jah
2011-11-15;0,74;31;3,8;jah
2011-11-16;0,74;30;2,3;jah
2011-11-17;0,78;31;3,6;jah
2011-11-18;0,81;31;4,3;jah
2011-11-19;0,88;33;4,8;jah
2011-11-20;0,92;33;3,2;jah
2011-11-21;0,89;31;0,9;jah
2011-11-22;0,91;32;2;jah
2011-11-23;0,99;33;2,8;jah
2011-11-24;1,01;33;3,4;jah
2011-11-25;1,03;33;4,3;jah
2011-11-26;1,03;33;4,5;jah
2011-11-27;1,09;34;4,6;jah
2011-11-28;1,33;39;4,8;jah
2011-11-29;1,34;39;3,5;jah
2011-11-30;1,24;36;3,5;jah
2011-12-01;1,19;34;3,1;jah
2011-12-02;1,19;34;3,2;jah
2011-12-03;1,34;37;3,1;jah
2011-12-04;1,38;38;2,8;jah
2011-12-05;1,39;37;3;jah
2011-12-06;1,4;37;2,4;jah
2011-12-07;1,39;36;2,2;jah
2011-12-08;1,38;35;1,7;jah
2011-12-09;1,35;34;1,1;jah
2011-12-10;1,41;35;1,4;jah
2011-12-11;1,52;36;1,8;jah
2011-12-12;1,58;37;1,9;jah
2011-12-13;1,59;36;2;jah
2011-12-14;1,62;36;2,4;jah
2011-12-15;1,77;39;3,1;jah
2011-12-16;1,97;41;2,7;jah
2011-12-17;1,93;40;2,5;jah
2011-12-18;2,12;43;3;jah
2011-12-19;2,49;48;2,7;jah
2011-12-20;2,65;51;2,2;jah
2011-12-21;2,41;47;1,5;jah
2011-12-22;2,05;42;1,4;jah
2011-12-23;1,84;39;1,2;jah
2011-12-24;1,69;37;0,7;jah
2011-12-25;1,63;37;1,1;jah
2011-12-26;1,68;39;2,3;jah
2011-12-27;1,78;41;3;jah
2011-12-28;1,69;40;1,7;jah
2011-12-29;1,58;39;1,9;jah
2011-12-30;1,58;39;2,2;jah
2011-12-31;1,56;38;1,8;jah
2012-01-01;1,5;36;0,7;jah
2012-01-02;1,41;34;0,1;jah
2012-01-03;1,46;35;0,8;jah
2012-01-04;1,54;36;1,2;jah
2012-01-05;1,86;42;1,4;jah
2012-01-06;2,38;50;1,3;jah
2012-01-07;2,4;49;0,8;jah
2012-01-08;2,1;44;0,5;jah
2012-01-09;1,93;41;0,8;jah
2012-01-10;1,83;39;0,6;jah
2012-01-11;1,82;39;0,8;jah
2012-01-12;1,99;42;1;jah
2012-01-13;2,74;53;1,1;jah
2012-01-14;3,01;54;0,6;jah
2012-01-15;2,52;48;0,6;jah
2012-01-16;2,24;44;0,3;jah
2012-01-17;2,08;41;0,2;jah
2012-01-18;1,93;39;0;jah
2012-01-19;1,9;48;0;jah
2012-01-20;1,88;50;0;jah
2012-01-21;1,76;52;0;jah
2012-01-22;1,63;48;0;jah
2012-01-23;1,51;38;0;jah
2012-01-24;1,37;41;0;jah
2012-01-25;1,24;42;0;jah
2012-01-26;1,12;43;0;jah
2012-01-27;0,991;42;0;jah
2012-01-28;0,874;37;0;jah
2012-01-29;0,755;34;0;jah
2012-01-30;0,627;33;0;jah
2012-01-31;0,564;35;0;jah
2012-02-01;0,545;40;0;jah
2012-02-02;0,544;41;0;jah
2012-02-03;0,526;44;0;jah
2012-02-04;0,522;47;0;jah
2012-02-05;0,518;50;0;jah
2012-02-06;0,513;54;0;jah
2012-02-07;0,509;58;0;jah
2012-02-08;0,504;58;0;jah
2012-02-09;0,5;57;0;jah
2012-02-10;0,495;56;0;jah
2012-02-11;0,49;54;0;jah
2012-02-12;0,485;53;0;jah
2012-02-13;0,48;52;0;jah
2012-02-14;0,474;52;0;jah
2012-02-15;0,47;55;0;jah
2012-02-16;0,484;52;0;jah
2012-02-17;0,503;47;0;jah
2012-02-18;0,523;44;0;jah
2012-02-19;0,527;43;0;jah
2012-02-20;0,546;44;0;jah
2012-02-21;0,572;44;0;jah
2012-02-22;0,617;46;0;jah
2012-02-23;0,78;54;0;jah
2012-02-24;0,908;58;0;jah
2012-02-25;0,911;57;0;jah
2012-02-26;0,96;59;0;jah
2012-02-27;0,989;59;0;jah
2012-02-28;1,01;59;0;jah
2012-02-29;1,02;58;0;jah
2012-03-01;0,993;56;0;jah
2012-03-02;1,01;55;0;jah
2012-03-03;1,01;53;0;jah
2012-03-04;0,911;47;0;jah
2012-03-05;0,787;42;0;jah
2012-03-06;0,734;39;0;jah
2012-03-07;0,698;36;0;jah
2012-03-08;0,717;36;0;jah
2012-03-09;0,736;36;0;jah
2012-03-10;0,755;36;0;jah
2012-03-11;0,837;38;0;jah
2012-03-12;0,931;40;0,1;jah
2012-03-13;1,28;48;0,1;jah
2012-03-14;1,63;53;0,1;jah
2012-03-15;1,3;43;0,2;jah
2012-03-16;1,16;38;0,4;jah
2012-03-17;1,59;48;0,5;jah
2012-03-18;2,95;72;0,3;jah
2012-03-19;3,77;83;0,1;jah
2012-03-20;4,13;85;0,1;jah
2012-03-21;4,07;81;0,3;jah
2012-03-22;3,82;74;0,8;jah
2012-03-23;4,72;87;1;jah
2012-03-24;6,1;106;0,8;jah
2012-03-25;7,38;121;0,5;jah
2012-03-26;7,78;124;0,8;jah
2012-03-27;6,96;112;0,8;jah
2012-03-28;6,12;101;1,7;jah
2012-03-29;6,22;103;1,6;jah
2012-03-30;6,6;107;1,8;jah
2012-03-31;6,44;104;1,6;jah
2012-04-01;5,51;90;0,8;jah
2012-04-02;4,52;77;0,7;jah
2012-04-03;3,77;66;0,9;jah
2012-04-04;3,14;58;1,1;jah
2012-04-05;3,21;58;1,4;jah
2012-04-06;3,27;59;1,8;jah
2012-04-07;3,34;60;2,5;jah
2012-04-08;3,44;61;2;jah
2012-04-09;3,14;57;1,8;jah
2012-04-10;2,97;54;2,4;jah
2012-04-11;2,85;53;3,2;jah
2012-04-12;2,89;54;4,2;jah
2012-04-13;3,07;56;4,8;jah
2012-04-14;3,24;59;4,9;jah
2012-04-15;3,27;59;4,9;jah
2012-04-16;3,07;57;4;jah
2012-04-17;4,34;76;3,5;jah
2012-04-18;5,01;84;3,6;jah
2012-04-19;4,25;72;3,9;jah
2012-04-20;4,09;73;4,6;jah
2012-04-21;5,72;95;6,4;jah
2012-04-22;6,22;100;7,7;jah
2012-04-23;4,79;79;7,2;jah
2012-04-24;3,9;68;6,9;jah
2012-04-25;3,67;65;7,1;jah
2012-04-26;3,45;62;9;jah
2012-04-27;3,33;61;9,7;jah
2012-04-28;2,97;56;11,2;jah
2012-04-29;2,77;53;11,2;jah
2012-04-30;2,63;51;10,4;jah
2012-05-01;2,41;49;10,6;jah
2012-05-02;2,16;45;10,1;jah
2012-05-03;2,02;43;9,9;jah
2012-05-04;1,92;42;9,7;jah
2012-05-05;1,83;42;11,3;jah
2012-05-06;1,72;40;11,2;jah
2012-05-07;1,65;40;10,7;jah
2012-05-08;1,57;39;11,3;jah
2012-05-09;1,47;38;11,8;jah
2012-05-10;1,4;37;12,9;jah
2012-05-11;1,43;39;13,7;jah
2012-05-12;1,48;40;13,6;jah
2012-05-13;1,35;38;11,8;jah
2012-05-14;1,27;37;11,4;jah
2012-05-15;1,18;36;12,1;jah
2012-05-16;1,12;35;13;jah
2012-05-17;1,2;39;14;jah
2012-05-18;2,97;78;12,7;jah
2012-05-19;3,79;92;12,6;jah
2012-05-20;2,77;69;13,2;jah
2012-05-21;1,81;51;14,1;jah
2012-05-22;1,52;46;14,8;jah
2012-05-23;1,35;42;15,4;jah
2012-05-24;1,17;39;14,3;jah
2012-05-25;1,08;37;14,1;jah
2012-05-26;1,01;35;13,2;jah
2012-05-27;0,988;35;13,9;jah
2012-05-28;0,966;34;14,9;jah
2012-05-29;0,937;34;14,7;jah
2012-05-30;1,16;41;12,3;jah
2012-05-31;1,63;50;11,1;jah
2012-06-01;1,43;45;11,1;jah
2012-06-02;2,44;71;11,3;jah
2012-06-03;3,41;88;11,4;jah
2012-06-04;2,81;72;11,8;jah
2012-06-05;1,91;53;12,5;jah
2012-06-06;1,55;46;13;jah
2012-06-07;1,36;41;13;jah
2012-06-08;1,24;38;13,8;jah
2012-06-09;1,19;37;14,1;jah
2012-06-10;1,13;35;14,7;jah
2012-06-11;1,41;44;13,3;jah
2012-06-12;3,35;82;12,8;jah
2012-06-13;3,49;83;13,8;jah
2012-06-14;2,29;59;14,7;jah
2012-06-15;1,66;48;15,3;jah
2012-06-16;1,36;43;16,4;jah
2012-06-17;1,26;42;16,5;jah
2012-06-18;1,18;41;16;jah
2012-06-19;1,07;39;15,3;jah
2012-06-20;1,04;39;15,7;jah
2012-06-21;0,931;37;16;jah
2012-06-22;0,827;35;16,3;jah
2012-06-23;0,803;35;15,4;jah
2012-06-24;0,907;40;14,3;jah
2012-06-25;0,876;40;13,8;jah
2012-06-26;0,994;46;14,3;jah
2012-06-27;1,5;64;14;jah
2012-06-28;1,67;68;14,3;jah
2012-06-29;1,32;57;14,5;jah
2012-06-30;1,11;52;14,8;jah
2012-07-01;0,973;48;16,6;jah
2012-07-02;0,891;46;16,8;jah
2012-07-03;0,889;47;16;jah
2012-07-04;0,786;44;16,5;jah
2012-07-05;0,732;42;16,9;jah
2012-07-06;0,744;43;17,8;jah
2012-07-07;0,673;41;19,1;jah
2012-07-08;0,766;47;19,8;jah
2012-07-09;1,01;56;19,8;jah
2012-07-10;0,869;50;19,3;jah
2012-07-11;0,762;47;18,3;jah
2012-07-12;0,732;47;17,5;jah
2012-07-13;1,42;80;16,8;jah
2012-07-14;1,53;83;16,3;jah
2012-07-15;1,41;80;15,9;jah
2012-07-16;1,4;80;15,8;jah
2012-07-17;1,22;72;15,4;jah
2012-07-18;1,11;68;14,9;jah
2012-07-19;1,02;65;15,4;jah
2012-07-20;0,946;63;15;jah
2012-07-21;0,98;66;14,5;jah
2012-07-22;0,975;67;15,6;jah
2012-07-23;0,896;64;14,8;jah
2012-07-24;0,804;60;15,4;jah
2012-07-25;0,713;55;16,8;jah
2012-07-26;0,644;51;17,6;jah
2012-07-27;0,578;48;18;jah
2012-07-28;0,539;46;18,5;jah
2012-07-29;0,535;46;19,9;jah
2012-07-30;0,552;47;20,3;jah
2012-07-31;0,724;58;19,6;jah
2012-08-01;0,731;58;17,5;jah
2012-08-02;0,738;58;16;jah
2012-08-03;0,668;54;16,5;jah
2012-08-04;0,763;61;17,4;jah
2012-08-05;0,753;59;17;jah
2012-08-06;0,662;54;16,3;jah
2012-08-07;0,66;53;16,2;jah
2012-08-08;0,704;56;15,6;jah
2012-08-09;0,811;62;15,3;jah
2012-08-10;0,895;66;14,8;jah
2012-08-11;0,897;65;14,1;jah
2012-08-12;0,861;62;13,4;jah
2012-08-13;0,807;59;14;jah
2012-08-14;0,739;54;14,5;jah
2012-08-15;0,669;50;14,6;jah
2012-08-16;0,667;50;15;jah
2012-08-17;0,648;49;15,3;jah
2012-08-18;0,681;51;15,7;jah
2012-08-19;0,822;60;15,5;jah
2012-08-20;1,01;70;15,2;jah
2012-08-21;0,98;67;13,5;jah
2012-08-22;0,861;61;12,6;jah
2012-08-23;0,881;63;13,4;jah
2012-08-24;1,17;80;13,9;jah
2012-08-25;1,17;79;14,4;jah
2012-08-26;1,01;70;14,3;jah
2012-08-27;1,1;77;14,4;jah
2012-08-28;1,23;83;14;jah
2012-08-29;1,13;77;13,4;jah
2012-08-30;1,03;71;13,3;jah
2012-08-31;0,944;65;12,8;jah
2012-09-01;0,879;61;12,1;jah
2012-09-02;0,958;65;12,8;jah
2012-09-03;0,991;66;13,5;jah
2012-09-04;0,98;64;13,8;jah
2012-09-05;0,932;61;14,1;jah
2012-09-06;0,871;57;13,7;jah
2012-09-07;0,857;56;12,2;jah
2012-09-08;0,972;63;11,1;jah
2012-09-09;1,61;91;10,5;jah
2012-09-10;1,4;79;10,3;jah
2012-09-11;1,18;69;11,4;jah
2012-09-12;1,08;64;12,5;jah
2012-09-13;1,03;61;12,9;jah
2012-09-14;1,02;61;12,3;jah
2012-09-15;0,993;59;12,2;jah
2012-09-16;0,937;56;11,7;jah
2012-09-17;0,929;56;12,4;jah
2012-09-18;0,862;52;13;jah
2012-09-19;0,798;49;12,9;jah
2012-09-20;0,771;48;12,6;jah
2012-09-21;0,77;48;11;jah
2012-09-22;0,747;46;10,4;jah
2012-09-23;0,834;48;10,4;jah
2012-09-24;0,933;51;10,3;jah
2012-09-25;0,996;52;10,2;jah
2012-09-26;0,947;49;10,2;jah
2012-09-27;0,919;47;10,8;jah
2012-09-28;0,973;48;11,7;jah
2012-09-29;1,07;50;11,1;jah
2012-09-30;1,09;50;10,7;jah
2012-10-01;1,15;51;10,2;jah
2012-10-02;1,15;49;10,1;jah
2012-10-03;1,15;48;10,2;jah
2012-10-04;1,15;46;10,4;jah
2012-10-05;1,14;45;10,5;jah
2012-10-06;1,25;47;9,7;jah
2012-10-07;1,51;52;9;jah
2012-10-08;1,56;52;8,8;jah
2012-10-09;1,72;54;8,5;jah
2012-10-10;1,96;58;8;jah
2012-10-11;1,87;55;7,3;jah
2012-10-12;1,64;49;7,3;jah
2012-10-13;1,51;46;6,8;jah
2012-10-14;1,43;44;6,5;jah
2012-10-15;1,48;45;6,8;jah
2012-10-16;1,69;48;8;jah
2012-10-17;2,15;58;8,4;jah
2012-10-18;2,99;73;8,1;jah
2012-10-19;2,72;65;8,6;jah
2012-10-20;2,12;53;9,2;jah
2012-10-21;1,85;48;9,2;jah
2012-10-22;1,74;45;8,7;jah
2012-10-23;1,56;42;6,2;jah
2012-10-24;1,49;41;6,1;jah
2012-10-25;1,53;41;5,8;jah
2012-10-26;1,79;47;3,9;jah
2012-10-27;1,97;49;2,5;jah
2012-10-28;1,9;48;2,4;jah
2012-10-29;1,82;47;2,4;jah
2012-10-30;1,73;45;1,8;jah
2012-10-31;1,66;44;2;jah
2012-11-01;1,65;44;2,6;jah
2012-11-02;1,93;49;3,3;jah
2012-11-03;3,25;73;4,3;jah
2012-11-04;4,53;93;4,3;jah
2012-11-05;4,99;98;4,3;jah
2012-11-06;5,38;105;4,2;jah
2012-11-07;6,42;120;3,7;jah
2012-11-08;5,39;104;2,9;jah
2012-11-09;4;81;2,8;jah
2012-11-10;2,98;63;1,7;jah
2012-11-11;2,51;55;2,2;jah
2012-11-12;2,66;58;3,6;jah
2012-11-13;3,06;64;3,6;jah
2012-11-14;2,92;60;3,6;jah
2012-11-15;2,72;57;5,1;jah
2012-11-16;2,84;58;5;jah
2012-11-17;2,86;58;5,2;jah
2012-11-18;2,65;54;4,9;jah
2012-11-19;2,47;51;4,4;jah
2012-11-20;2,36;49;4;jah
2012-11-21;2,23;47;4,2;jah
2012-11-22;2,11;45;4,5;jah
2012-11-23;2,03;44;4,6;jah
2012-11-24;1,99;44;5;jah
2012-11-25;2,01;44;4,8;jah
2012-11-26;2;44;4,2;jah
2012-11-27;1,92;43;3,2;jah
2012-11-28;1,87;42;2,4;jah
2012-11-29;1,89;43;1;jah
2012-11-30;1,88;46;0;jah
2012-12-01;1,87;56;0;jah
2012-12-02;1,85;50;0;jah
2012-12-03;1,83;45;0,1;jah
2012-12-04;1,78;45;0,4;jah
2012-12-05;1,69;44;0;jah
2012-12-06;1,67;45;0,2;jah
2012-12-07;1,6;44;0,4;jah
2012-12-08;1,51;45;0;jah
2012-12-09;1,47;65;0;jah
2012-12-10;1,41;81;0,1;jah
2012-12-11;1,39;80;0,1;jah
2012-12-12;1,38;60;0,1;jah
2012-12-13;1,37;49;0,1;jah
2012-12-14;1,36;46;0,1;jah
2012-12-15;1,36;44;0,1;jah
2012-12-16;1,4;43;0,1;jah
2012-12-17;1,49;45;0,1;jah
2012-12-18;1,4;43;0,1;jah
2012-12-19;1,35;41;0,1;jah
2012-12-20;1,36;42;0,1;jah
2012-12-21;1,39;43;0,1;jah
2012-12-22;1,4;43;0,1;jah
2012-12-23;1,36;42;0,1;jah
2012-12-24;1,33;42;0,1;jah
2012-12-25;1,35;43;0,1;jah
2012-12-26;1,5;47;0,1;jah
2012-12-27;1,72;52;0,1;jah
2012-12-28;2,18;61;0,1;jah
2012-12-29;2,34;63;0,1;jah
2012-12-30;2,42;65;0,1;jah
2012-12-31;2,64;69;0,1;jah
2013-01-01;2,92;75;0,1;jah
2013-01-02;3,9;94;0,2;jah
2013-01-03;5,45;119;0,2;jah
2013-01-04;6,09;125;0,3;jah
2013-01-05;4,88;107;0,3;jah
2013-01-06;3,79;90;0,2;jah
2013-01-07;3,05;78;0,1;jah
2013-01-08;2,6;70;0,1;jah
2013-01-09;2,64;74;0,1;jah
2013-01-10;2,6;74;0,1;jah
2013-01-11;2,4;72;0,1;jah
2013-01-12;2,24;78;0,1;jah
2013-01-13;2,08;84;0,1;jah
2013-01-14;1,93;84;0,1;jah
2013-01-15;1,79;81;0,1;jah
2013-01-16;1,68;76;0,1;jah
2013-01-17;1,58;69;0,1;jah
2013-01-18;1,49;69;0,1;jah
2013-01-19;1,4;66;0,1;jah
2013-01-20;1,3;60;0,1;jah
2013-01-21;1,21;51;0,1;jah
2013-01-22;1,22;51;0,1;jah
2013-01-23;1,18;49;0,1;jah
2013-01-24;1,08;47;0,1;jah
2013-01-25;1,02;45;0,1;jah
2013-01-26;0,976;44;0,1;jah
2013-01-27;0,942;44;0,1;jah
2013-01-28;0,887;42;0,1;jah
2013-01-29;1,04;48;0,1;jah
2013-01-30;1,1;47;0,1;jah
2013-01-31;1,17;46;0,1;jah
2013-02-01;1,2;44;0,2;jah
2013-02-02;1,2;42;0,1;jah
2013-02-03;1,23;41;0,2;jah
2013-02-04;1,25;40;0,2;jah
2013-02-05;1,3;39;0,2;jah
2013-02-06;1,36;39;0,3;jah
2013-02-07;1,4;38;0,4;jah
2013-02-08;1,4;38;0,4;jah
2013-02-09;1,41;38;0,5;jah
2013-02-10;1,42;38;0,5;jah
2013-02-11;1,47;39;0,5;jah
2013-02-12;1,47;39;0,6;jah
2013-02-13;1,5;40;1,1;jah
2013-02-14;1,5;39;1,3;jah
2013-02-15;1,48;38;1;jah
2013-02-16;1,5;38;0,7;jah
2013-02-17;1,62;41;0,1;jah
2013-02-18;1,58;40;0,3;jah
2013-02-19;1,48;40;0,2;jah
2013-02-20;1,39;56;0,1;jah
2013-02-21;1,32;58;0,1;jah
2013-02-22;1,24;54;0,1;jah
2013-02-23;1,17;45;0,1;jah
2013-02-24;1,1;40;0,1;jah
2013-02-25;1,03;38;0,1;jah
2013-02-26;0,967;37;0,1;jah
2013-02-27;0,924;36;0,1;jah
2013-02-28;0,9;37;0,1;jah
2013-03-01;0,943;38;0,1;jah
2013-03-02;0,971;38;0,1;jah
2013-03-03;1,02;39;0,1;jah
2013-03-04;1,03;39;0,1;jah
2013-03-05;1,1;40;0,1;jah
2013-03-06;1,05;38;0,1;jah
2013-03-07;1,05;37;0,1;jah
2013-03-08;1,04;37;0,1;jah
2013-03-09;1,09;37;0,1;jah
2013-03-10;1,06;36;0,1;jah
2013-03-11;1,07;35;0,1;jah
2013-03-12;1,06;35;0,1;jah
2013-03-13;1,02;35;0,1;jah
2013-03-14;0,932;34;0,1;jah
2013-03-15;0,88;34;0,1;jah
2013-03-16;0,844;34;0,1;jah
2013-03-17;0,82;35;0,1;jah
2013-03-18;0,777;35;0,1;jah
2013-03-19;0,74;35;0,1;jah
2013-03-20;0,722;36;0,1;jah
2013-03-21;0,7;37;0,1;jah
2013-03-22;0,71;40;0,1;jah
2013-03-23;0,7;38;0,1;jah
2013-03-24;0,7;38;0,1;jah
2013-03-25;0,733;38;0,1;jah
2013-03-26;0,763;39;0,1;jah
2013-03-27;0,779;38;0,1;jah
2013-03-28;0,785;38;0,1;jah
2013-03-29;0,797;37;0,1;jah
2013-03-30;0,839;38;0,1;jah
2013-03-31;0,887;39;0,1;jah
2013-04-01;0,917;39;0,1;jah
2013-04-02;0,976;40;0,1;jah
2013-04-03;1;39;0,2;jah
2013-04-04;1,03;37;0,2;jah
2013-04-05;1,06;36;0,2;jah
2013-04-06;1,15;37;0,3;jah
2013-04-07;1,19;36;0,3;jah
2013-04-08;1,21;35;0,6;jah
2013-04-09;1,25;34;0,8;jah
2013-04-10;1,32;35;1,1;jah
2013-04-11;1,43;36;1,9;jah
2013-04-12;1,77;41;2;jah
2013-04-13;3,11;62;1;jah
2013-04-14;5,59;94;0,5;jah
2013-04-15;7,92;121;0,7;jah
2013-04-16;11,7;162;1,5;jah
2013-04-17;17,1;208;2,1;jah
2013-04-18;19,1;219;3,2;jah
2013-04-19;18,7;217;5,4;jah
2013-04-20;17,2;206;4,9;jah
2013-04-21;12,7;170;5;jah
2013-04-22;8,64;131;5,7;jah
2013-04-23;6,62;110;5,3;jah
2013-04-24;6,06;104;6,7;jah
2013-04-25;6,04;104;7,3;jah
2013-04-26;5,82;102;6;jah
2013-04-27;5,42;97;5,3;jah
2013-04-28;4,77;88;5,4;jah
2013-04-29;4,02;78;6;jah
2013-04-30;3,56;72;7,3;jah
2013-05-01;3,19;67;8,2;jah
2013-05-02;2,83;62;9;jah
2013-05-03;2,54;57;9,5;jah
2013-05-04;2,35;53;10;jah
2013-05-05;2,19;50;10,3;jah
2013-05-06;2,05;47;10,6;jah
2013-05-07;1,97;45;11,6;jah
2013-05-08;1,92;43;12,7;jah
2013-05-09;1,88;42;14,6;jah
2013-05-10;1,86;41;16;jah
2013-05-11;2,08;45;15,7;jah
2013-05-12;2,34;47;14,1;jah
2013-05-13;2,39;48;14,2;jah
2013-05-14;2,52;50;14,8;jah
2013-05-15;2,14;45;14,5;jah
2013-05-16;1,86;41;14,7;jah
2013-05-17;1,7;39;16,3;jah
2013-05-18;1,66;40;17,5;jah
2013-05-19;3,3;69;17,7;jah
2013-05-20;2,74;58;18,6;jah
2013-05-21;2,35;54;17,3;jah
2013-05-22;2,84;64;15,6;jah
2013-05-23;2,92;66;15,3;jah
2013-05-24;2,25;55;15,4;jah
2013-05-25;1,84;50;14,3;jah
2013-05-26;1,96;54;14;jah
2013-05-27;1,81;53;14,9;jah
2013-05-28;1,51;48;16;jah
2013-05-29;1,32;46;16,2;jah
2013-05-30;1,25;46;16,6;jah
2013-05-31;1,1;44;17,1;jah
2013-06-01;0,967;42;18,1;jah
2013-06-02;0,843;40;19;jah
2013-06-03;0,736;39;19;jah
2013-06-04;0,685;38;18,9;jah
2013-06-05;0,609;35;19,1;jah
2013-06-06;0,614;36;19,3;jah
2013-06-07;0,632;38;18,7;jah
2013-06-08;0,63;38;18,8;jah
2013-06-09;0,602;38;18,8;jah
2013-06-10;0,595;38;17,8;jah
2013-06-11;0,597;39;16,4;jah
2013-06-12;0,597;40;16,3;jah
2013-06-13;0,582;40;16,5;jah
2013-06-14;0,538;39;17,2;jah
2013-06-15;0,573;42;17,1;jah
2013-06-16;0,563;42;16,1;jah
2013-06-17;0,572;44;15,2;jah
2013-06-18;0,594;45;15,6;jah
2013-06-19;0,559;44;16,6;jah
2013-06-20;0,501;41;16;jah
2013-06-21;0,472;41;16,2;jah
2013-06-22;0,46;41;17,8;jah
2013-06-23;0,454;41;19,2;jah
2013-06-24;0,445;41;18,7;jah
2013-06-25;0,512;47;19,4;jah
2013-06-26;0,492;46;19,9;jah
2013-06-27;0,552;52;19;jah
2013-06-28;0,698;61;18,6;jah
2013-06-29;0,631;56;18,7;jah
2013-06-30;0,533;50;18,3;jah
2013-07-01;0,503;49;17,8;jah
2013-07-02;0,472;47;17,3;jah
2013-07-03;0,444;45;17,4;jah
2013-07-04;0,42;44;18,3;jah
2013-07-05;0,528;54;19,3;jah
2013-07-06;0,616;59;19,4;jah
2013-07-07;0,534;53;18,7;jah
2013-07-08;0,467;49;18,7;jah
2013-07-09;0,425;46;19,1;jah
2013-07-10;0,4;44;18,5;jah
2013-07-11;0,37;41;18,1;jah
2013-07-12;0,375;42;18,4;jah
2013-07-13;0,364;41;18,5;jah
2013-07-14;0,353;40;18,4;jah
2013-07-15;0,436;48;18,6;jah
2013-07-16;0,558;56;18,6;jah
2013-07-17;0,476;50;17,4;jah
2013-07-18;0,402;44;17,1;jah
2013-07-19;0,461;51;17,1;jah
2013-07-20;0,663;66;15,8;jah
2013-07-21;0,614;61;15,5;jah
2013-07-22;0,555;57;14,7;jah
2013-07-23;0,692;69;14,9;jah
2013-07-24;0,742;71;16;jah
2013-07-25;0,664;65;16,1;jah
2013-07-26;0,624;63;16,6;jah
2013-07-27;0,592;60;16,9;jah
2013-07-28;0,562;58;17,1;jah
2013-07-29;0,507;53;17,5;jah
2013-07-30;0,448;49;17,9;jah
2013-07-31;0,416;46;17,4;jah
2013-08-01;0,463;51;16,6;jah
2013-08-02;0,476;52;15,9;jah
2013-08-03;0,493;53;16,1;jah
2013-08-04;0,459;50;16,8;jah
2013-08-05;0,405;46;17,3;jah
2013-08-06;0,367;43;17,5;jah
2013-08-07;0,343;41;17,9;jah
2013-08-08;0,309;39;19;jah
2013-08-09;0,301;38;19,9;jah
2013-08-10;0,267;35;19;jah
2013-08-11;0,34;44;17,4;jah
2013-08-12;0,453;53;16,3;jah
2013-08-13;0,449;52;15,8;jah
2013-08-14;0,488;56;15,7;jah
2013-08-15;0,539;58;15,3;jah
2013-08-16;0,517;55;15,4;jah
2013-08-17;0,468;50;15,1;jah
2013-08-18;0,434;47;15,5;jah
2013-08-19;0,4;43;15,8;jah
2013-08-20;0,394;43;15,7;jah
2013-08-21;0,658;63;16;jah
2013-08-22;0,704;63;15,8;jah
2013-08-23;0,558;52;15;jah
2013-08-24;0,479;45;13,7;jah
2013-08-25;0,445;43;13,3;jah
2013-08-26;0,428;41;13,3;jah
2013-08-27;0,412;39;13,9;jah
2013-08-28;0,404;38;13,7;jah
2013-08-29;0,399;36;13,3;jah
2013-08-30;0,396;35;13,5;jah
2013-08-31;0,399;35;13,8;jah
2013-09-01;0,407;34;14,2;jah
2013-09-02;0,449;36;13,5;jah
2013-09-03;0,457;36;13,3;jah
2013-09-04;0,435;34;12,8;jah
2013-09-05;0,425;33;12,1;jah
2013-09-06;0,403;31;11,7;jah
2013-09-07;0,389;30;11,1;jah
2013-09-08;0,383;29;11;jah
2013-09-09;0,389;29;11,7;jah
2013-09-10;0,39;29;12,5;jah
2013-09-11;0,389;29;12,7;jah
2013-09-12;0,38;28;12,5;jah
2013-09-13;0,375;28;12,3;jah
2013-09-14;0,369;27;11,5;jah
2013-09-15;0,367;27;11,3;jah
2013-09-16;0,368;27;11,7;jah
2013-09-17;0,373;27;11,7;jah
2013-09-18;0,381;27;12;jah
2013-09-19;0,405;28;13;jah
2013-09-20;0,415;28;12,8;jah
2013-09-21;0,426;28;12;jah
2013-09-22;0,489;30;11,7;jah
2013-09-23;0,507;30;10,9;jah
2013-09-24;0,53;31;10,5;jah
2013-09-25;0,512;29;9,1;jah
2013-09-26;0,503;28;7,3;jah
2013-09-27;0,505;28;7,1;jah
2013-09-28;0,524;28;7,1;jah
2013-09-29;0,539;28;7,3;jah
2013-09-30;0,526;28;7;jah
2013-10-01;0,528;29;6,7;jah
2013-10-02;0,517;29;6,5;jah
2013-10-03;0,499;28;6,4;jah
2013-10-04;0,484;28;6,3;jah
2013-10-05;0,475;28;6,5;jah
2013-10-06;0,456;28;7;jah
2013-10-07;0,459;29;8,1;jah
2013-10-08;0,457;30;9,4;jah
2013-10-09;0,444;30;10,2;jah
2013-10-10;0,43;29;10,4;jah
2013-10-11;0,435;30;10,4;jah
2013-10-12;0,429;29;8,3;jah
2013-10-13;0,431;29;7,2;jah
2013-10-14;0,432;29;6,4;jah
2013-10-15;0,439;29;6,3;jah
2013-10-16;0,459;30;7,1;jah
2013-10-17;0,448;29;5,3;jah
2013-10-18;0,48;31;5,9;jah
2013-10-19;0,547;34;5;jah
2013-10-20;0,52;32;4,1;jah
2013-10-21;0,494;31;2,7;jah
2013-10-22;0,49;30;1,5;jah
2013-10-23;0,543;30;2,8;jah
2013-10-24;0,622;32;5,8;jah
2013-10-25;0,684;32;7;jah
2013-10-26;0,755;33;7,2;jah
2013-10-27;0,885;35;8,3;jah
2013-10-28;0,966;35;9,1;jah
2013-10-29;1,05;36;9,2;jah
2013-10-30;1,13;36;8,5;jah
2013-10-31;1,14;35;8;jah
2013-11-01;1,18;34;7,5;jah
2013-11-02;1,22;34;7,5;jah
2013-11-03;1,32;35;7,6;jah
2013-11-04;1,85;45;7,6;jah
2013-11-05;2,72;57;6,9;jah
2013-11-06;2,2;48;6,6;jah
2013-11-07;1,74;42;6;jah
2013-11-08;1,55;39;6,1;jah
2013-11-09;1,5;39;5,7;jah
2013-11-10;1,58;42;5,5;jah
2013-11-11;1,49;40;4,4;jah
2013-11-12;1,35;38;4,9;jah
2013-11-13;1,26;37;5,2;jah
2013-11-14;1,17;36;4,7;jah
2013-11-15;1,09;35;3,7;jah
2013-11-16;1,11;37;4,9;jah
2013-11-17;1,1;37;5,9;jah
2013-11-18;0,986;35;3,7;jah
2013-11-19;0,927;34;3,2;jah
2013-11-20;0,946;35;4,3;jah
2013-11-21;0,98;36;5,3;jah
2013-11-22;1,04;37;5,8;jah
2013-11-23;1,02;36;6;jah
2013-11-24;1,05;37;5,4;jah
2013-11-25;1,04;36;3,2;jah
2013-11-26;0,995;35;2,4;jah
2013-11-27;0,976;34;1,9;jah
2013-11-28;1,07;36;3;jah
2013-11-29;1,12;37;2,5;jah
2013-11-30;1,07;35;1,2;jah
2013-12-01;1,06;35;0,9;jah
2013-12-02;1,07;34;0,5;jah
2013-12-03;1,06;34;1,1;jah
2013-12-04;1,17;37;2,5;jah
2013-12-05;1,5;43;2;jah
2013-12-06;1,63;45;1,9;jah
2013-12-07;1,52;42;1,5;jah
2013-12-08;1,37;39;1,3;jah
2013-12-09;1,29;37;0,9;jah
2013-12-10;1,7;46;0,1;jah
2013-12-11;1,38;37;0,5;jah
2013-12-12;1,36;38;2,2;jah
2013-12-13;1,48;40;2,2;jah
2013-12-14;1,39;37;0,5;jah
2013-12-15;1,29;35;0,3;jah
2013-12-16;1,25;34;1,3;jah
2013-12-17;1,3;35;2,7;jah
2013-12-18;1,36;36;3;jah
2013-12-19;1,35;36;2,7;jah
2013-12-20;1,31;35;2,5;jah
2013-12-21;1,28;34;2,7;jah
2013-12-22;1,31;35;3,6;jah
2013-12-23;1,31;35;3,7;jah
2013-12-24;1,31;35;3,2;jah
2013-12-25;1,32;35;3,1;jah
2013-12-26;1,27;34;2,7;jah
2013-12-27;1,33;35;3,1;jah
2013-12-28;1,34;35;3,9;jah
2013-12-29;1,34;35;4,3;jah
2013-12-30;1,49;38;4,3;jah
2013-12-31;1,6;39;3,3;jah
2014-01-01;1,53;37;2,2;jah
2014-01-02;1,46;36;1,8;jah
2014-01-03;1,43;35;1,8;jah
2014-01-04;1,44;35;2,1;jah
2014-01-05;1,49;35;2,7;jah
2014-01-06;1,51;35;2,7;jah
2014-01-07;1,52;35;2,9;jah
2014-01-08;1,77;39;4,2;jah
2014-01-09;2,03;42;4,7;jah
2014-01-10;2,48;50;4,4;jah
2014-01-11;3,26;63;3,4;jah
2014-01-12;2,98;61;2,4;jah
2014-01-13;2,09;50;0,7;jah
2014-01-14;1,7;60;0,1;jah
2014-01-15;1,53;72;0,1;jah
2014-01-16;1,37;71;0,1;jah
2014-01-17;1,21;66;0,1;jah
2014-01-18;1,05;59;0,1;jah
2014-01-19;0,9;49;0,1;jah
2014-01-20;0,762;43;0,1;jah
2014-01-21;0,615;37;0,1;jah
2014-01-22;0,502;33;0,1;jah
2014-01-23;0,433;30;0,1;jah
2014-01-24;0,396;29;0,1;jah
2014-01-25;0,4;31;0,1;jah
2014-01-26;0,341;33;0,1;jah
2014-01-27;0,354;35;0,1;jah
2014-01-28;0,342;35;0,1;jah
2014-01-29;0,33;37;0,1;jah
2014-01-30;0,346;36;0,1;jah
2014-01-31;0,372;36;0,1;jah
2014-02-01;0,429;38;0,1;jah
2014-02-02;0,468;38;0,1;jah
2014-02-03;0,488;38;0,1;jah
2014-02-04;0,508;38;0,1;jah
2014-02-05;0,561;39;0,1;jah
2014-02-06;0,564;38;0,1;jah
2014-02-07;0,553;36;0,1;jah
2014-02-08;0,629;39;0,1;jah
2014-02-09;0,735;42;0,1;jah
2014-02-10;0,794;42;0,1;jah
2014-02-11;0,843;43;0,1;jah
2014-02-12;0,938;45;0,1;jah
2014-02-13;1,08;47;0,1;jah
2014-02-14;0,973;42;0,1;jah
2014-02-15;0,66;32;0,2;jah
2014-02-16;0,586;31;0,4;jah
2014-02-17;0,625;34;0,5;jah
2014-02-18;0,668;40;0,5;jah
2014-02-19;0,713;33;0,3;jah
2014-02-20;0,777;33;0,2;jah
2014-02-21;0,808;32;0,4;jah
2014-02-22;0,829;33;0,8;jah
2014-02-23;1,02;36;1,4;jah
2014-02-24;1,1;37;1,5;jah
2014-02-25;1,06;36;1,3;jah
2014-02-26;0,956;33;0,5;jah
2014-02-27;0,933;32;0,8;jah
2014-02-28;0,946;32;1,6;jah
2014-03-01;0,923;32;1;jah
2014-03-02;0,939;32;1,5;jah
2014-03-03;0,975;32;2;jah
2014-03-04;1,02;33;2,1;jah
2014-03-05;0,971;32;1,2;jah
2014-03-06;0,981;32;1,4;jah
2014-03-07;1,01;32;2,5;jah
2014-03-08;1,08;33;2,8;jah
2014-03-09;1,14;34;2,4;jah
2014-03-10;1,2;35;3;jah
2014-03-11;1,29;36;3,4;jah
2014-03-12;1,27;36;2,7;jah
2014-03-13;1,22;35;2,8;jah
2014-03-14;1,2;35;3,1;jah
2014-03-15;1,24;36;2,6;jah
2014-03-16;1,36;39;2;jah
2014-03-17;1,3;37;1,2;jah
2014-03-18;1,13;35;1;jah
2014-03-19;1,12;35;1,6;jah
2014-03-20;1,03;33;1,7;jah
2014-03-21;1,12;35;3,2;jah
2014-03-22;1,44;41;4,3;jah
2014-03-23;1,7;46;3,2;jah
2014-03-24;1,94;49;3,2;jah
2014-03-25;1,85;48;3;jah
2014-03-26;1,81;47;3,8;jah
2014-03-27;1,72;45;3,8;jah
2014-03-28;1,54;42;3,5;jah
2014-03-29;1,42;40;3,3;jah
2014-03-30;1,36;39;3,7;jah
2014-03-31;1,33;38;3,6;jah
2014-04-01;1,26;37;2,6;jah
2014-04-02;1,21;36;2,9;jah
2014-04-03;1,19;35;3,1;jah
2014-04-04;1,2;36;3,8;jah
2014-04-05;1,18;35;3,3;jah
2014-04-06;1,15;35;3,6;jah
2014-04-07;1,22;36;4,6;jah
2014-04-08;1,47;41;5,4;jah
2014-04-09;1,62;43;5,2;jah
2014-04-10;1,43;40;4,7;jah
2014-04-11;1,27;37;4,7;jah
2014-04-12;1,21;36;5,2;jah
2014-04-13;1,26;38;5,8;jah
2014-04-14;1,46;42;6,3;jah
2014-04-15;1,4;41;6,2;jah
2014-04-16;1,3;39;7,1;jah
2014-04-17;1,17;37;6,5;jah
2014-04-18;1,11;36;7,5;jah
2014-04-19;1,05;36;8,3;jah
2014-04-20;1,02;35;9,1;jah
2014-04-21;0,979;35;9,8;jah
2014-04-22;0,94;34;10,5;jah
2014-04-23;0,917;33;10,1;jah
2014-04-24;0,898;32;8,6;jah
2014-04-25;0,892;32;8,4;jah
2014-04-26;0,903;32;8,9;jah
2014-04-27;0,912;32;9,5;jah
2014-04-28;0,928;32;10,6;jah
2014-04-29;0,963;32;11,3;jah
2014-04-30;0,94;31;11,4;jah
2014-05-01;0,922;31;8,8;jah
2014-05-02;1,08;33;7,8;jah
2014-05-03;1,1;33;7,9;jah
2014-05-04;1,03;32;7,9;jah
2014-05-05;1;31;7,9;jah
2014-05-06;1,02;32;8,1;jah
2014-05-07;1,01;32;7,8;jah
2014-05-08;1,03;32;9;jah
2014-05-09;1,08;33;10,8;jah
2014-05-10;1,17;35;12,1;jah
2014-05-11;1,43;40;12,1;jah
2014-05-12;1,52;41;12;jah
2014-05-13;2,31;56;10,6;jah
2014-05-14;4,41;83;10,4;jah
2014-05-15;3,99;75;11,2;jah
2014-05-16;2,19;51;11,7;jah
2014-05-17;1,62;43;12,8;jah
2014-05-18;1,37;39;14,4;jah
2014-05-19;1,22;37;17,3;jah
2014-05-20;1,16;36;19,1;jah
2014-05-21;1,38;41;18,4;jah
2014-05-22;1,49;43;17,4;jah
2014-05-23;1,27;39;18;jah
2014-05-24;1,03;34;19;jah
2014-05-25;0,86;31;19,7;jah
2014-05-26;0,775;30;19,9;jah
2014-05-27;0,682;28;16,3;jah
2014-05-28;0,627;27;12,7;jah
2014-05-29;0,622;28;12;jah
2014-05-30;0,602;28;12,6;jah
2014-05-31;0,592;28;13,4;jah
2014-06-01;0,53;27;12,8;jah
2014-06-02;0,525;28;12,7;jah
2014-06-03;0,554;30;14,5;jah
2014-06-04;0,551;30;17,2;jah
2014-06-05;0,506;29;18,1;jah
2014-06-06;0,491;29;19;jah
2014-06-07;0,557;32;18,2;jah
2014-06-08;0,494;31;16,1;jah
2014-06-09;0,541;33;15,6;jah
2014-06-10;0,594;36;15,9;jah
2014-06-11;0,55;35;17;jah
2014-06-12;0,533;36;15,4;jah
2014-06-13;0,805;48;14,7;jah
2014-06-14;0,934;53;15,3;jah
2014-06-15;0,754;47;15,5;jah
2014-06-16;0,617;43;13,9;jah
2014-06-17;0,738;50;12,2;jah
2014-06-18;0,916;57;10,8;jah
2014-06-19;1;62;12,1;jah
2014-06-20;1,35;77;12,6;jah
2014-06-21;2,11;97;12,5;jah
2014-06-22;2,19;98;12,3;jah
2014-06-23;1,97;94;12;jah
2014-06-24;1,97;94;12,1;jah
2014-06-25;1,64;85;12,6;jah
2014-06-26;1,27;75;12,1;jah
2014-06-27;1,04;67;11,9;jah
2014-06-28;0,897;62;12,8;jah
2014-06-29;0,804;59;12,5;jah
2014-06-30;0,903;66;13;jah
2014-07-01;1,05;76;13,1;jah
2014-07-02;2,4;113;12,9;jah
2014-07-03;3,32;127;14,1;jah
2014-07-04;2,61;114;14,9;jah
2014-07-05;1,51;92;15,3;jah
2014-07-06;1,18;83;16,1;jah
2014-07-07;2,09;108;17;jah
2014-07-08;2;103;18;jah
2014-07-09;1,33;86;18,5;jah
2014-07-10;0,998;73;18,4;jah
2014-07-11;0,842;65;17,2;jah
2014-07-12;0,736;59;16,4;jah
2014-07-13;0,692;57;17,5;jah
2014-07-14;0,694;57;18,1;jah
2014-07-15;0,668;55;17,8;jah
2014-07-16;0,646;54;18;jah
2014-07-17;0,645;54;18,2;jah
2014-07-18;0,582;51;18;jah
2014-07-19;0,552;50;17,8;jah
2014-07-20;0,702;62;16,9;jah
2014-07-21;1,05;80;17;jah
2014-07-22;0,926;73;17,8;jah
2014-07-23;0,708;61;18,1;jah
2014-07-24;0,583;54;18,5;jah
2014-07-25;0,51;50;19;jah
2014-07-26;0,45;46;19,3;jah
2014-07-27;0,409;44;19,5;jah
2014-07-28;0,368;41;19,7;jah
2014-07-29;0,419;46;19,7;jah
2014-07-30;0,537;55;19,6;jah
2014-07-31;0,63;61;20;jah
2014-08-01;0,588;58;20,4;jah
2014-08-02;0,52;53;19,7;jah
2014-08-03;0,47;50;19,7;jah
2014-08-04;0,412;45;20;jah
2014-08-05;0,361;42;19,8;jah
2014-08-06;0,331;39;19,5;jah
2014-08-07;0,309;38;19,5;jah
2014-08-08;0,307;38;19,4;jah
2014-08-09;0,339;42;18;jah
2014-08-10;0,605;62;17,6;jah
2014-08-11;0,593;60;18,3;jah
2014-08-12;0,512;54;18,7;jah
2014-08-13;0,491;53;17,9;jah
2014-08-14;0,496;54;16,2;jah
2014-08-15;0,498;54;15,9;jah
2014-08-16;0,488;53;16;jah
2014-08-17;0,476;53;15,8;jah
2014-08-18;0,471;53;15,5;jah
2014-08-19;0,458;52;15,8;jah
2014-08-20;0,43;50;15,1;jah
2014-08-21;0,479;54;14,5;jah
2014-08-22;0,505;57;14,6;jah
2014-08-23;0,515;57;14;jah
2014-08-24;0,455;53;14,2;jah
2014-08-25;0,552;63;14;jah
2014-08-26;1,47;103;13,6;jah
2014-08-27;2,46;121;13,7;jah
2014-08-28;2,61;121;13,6;jah
2014-08-29;2,1;111;13,3;jah
2014-08-30;1,91;106;12,7;jah
2014-08-31;1,53;94;12,3;jah
2014-09-01;1,15;81;12,2;jah
2014-09-02;0,992;73;11,9;jah
2014-09-03;0,91;67;11,6;jah
2014-09-04;0,838;62;11,9;jah
2014-09-05;0,769;58;12,2;jah
2014-09-06;0,712;55;12;jah
2014-09-07;0,684;53;11,9;jah
2014-09-08;0,64;50;12,2;jah
2014-09-09;0,604;48;12,5;jah
2014-09-10;0,626;49;13;jah
2014-09-11;0,639;49;13,6;jah
2014-09-12;0,648;49;13,5;jah
2014-09-13;0,745;53;13,4;jah
2014-09-14;0,868;57;12,1;jah
2014-09-15;0,774;51;10,7;jah
2014-09-16;0,754;49;10,8;jah
2014-09-17;0,725;47;10,2;jah
2014-09-18;0,649;43;9,8;jah
2014-09-19;0,618;40;10;jah
2014-09-20;0,609;39;9,7;jah
2014-09-21;0,585;37;9,4;jah
2014-09-22;0,581;37;9,9;jah
2014-09-23;0,729;43;9,8;jah
2014-09-24;0,893;48;8,2;jah
2014-09-25;0,8;44;8,5;jah
2014-09-26;0,694;40;8,8;jah
2014-09-27;0,654;38;9,8;jah
2014-09-28;0,62;37;10;jah
2014-09-29;0,582;35;10,6;jah
2014-09-30;0,557;33;10;jah
2014-10-01;0,52;32;8,2;jah
2014-10-02;0,489;31;6,7;jah
2014-10-03;0,51;31;6,1;jah
2014-10-04;0,535;31;7,2;jah
2014-10-05;0,54;31;7,2;jah
2014-10-06;0,541;30;6,8;jah
2014-10-07;0,541;30;6,7;jah
2014-10-08;0,551;30;6,4;jah
2014-10-09;0,591;31;7,5;jah
2014-10-10;0,739;35;8,8;jah
2014-10-11;1,05;43;9,7;jah
2014-10-12;1,03;41;9,2;jah
2014-10-13;1,03;41;9,3;jah
2014-10-14;1,06;41;9;jah
2014-10-15;1,2;44;8,8;jah
2014-10-16;1,23;43;7,6;jah
2014-10-17;1,09;39;5,7;jah
2014-10-18;0,971;36;4,1;jah
2014-10-19;0,949;35;4,1;jah
2014-10-20;1,19;40;6,1;jah
2014-10-21;1,44;44;6,3;jah
2014-10-22;1,38;42;4,2;jah
2014-10-23;1,15;37;1,9;jah
2014-10-24;0,975;33;0,5;jah
2014-10-25;0,92;32;0,7;jah
2014-10-26;0,906;32;1,4;jah
2014-10-27;0,952;33;3,4;jah
2014-10-28;1,02;35;5,9;jah
2014-10-29;1,01;34;5,5;jah
2014-10-30;0,97;34;5,1;jah
2014-10-31;0,942;33;4,8;jah
2014-11-01;0,896;32;3,4;jah
2014-11-02;0,904;32;3;jah
2014-11-03;0,947;33;4,3;jah
2014-11-04;0,987;34;5,7;jah
2014-11-05;0,953;33;6;jah
2014-11-06;0,928;33;6,1;jah
2014-11-07;0,921;33;6,4;jah
2014-11-08;1,05;36;6,2;jah
2014-11-09;1,12;37;5,3;jah
2014-11-10;1,03;36;3,9;jah
2014-11-11;1;35;5;jah
2014-11-12;0,985;35;6,1;jah
2014-11-13;0,947;34;6,2;jah
2014-11-14;0,911;34;6;jah
2014-11-15;0,888;33;5,7;jah
2014-11-16;0,851;32;4,6;jah
2014-11-17;0,853;32;3,7;jah
2014-11-18;0,845;32;2,7;jah
2014-11-19;0,839;31;0,9;jah
2014-11-20;0,809;29;0,2;jah
2014-11-21;0,825;29;0,5;jah
2014-11-22;0,901;30;1,5;jah
2014-11-23;0,992;31;2;jah
2014-11-24;1,04;32;1,7;jah
2014-11-25;1,05;31;0,9;jah
2014-11-26;1,07;31;1,3;jah
2014-11-27;1,07;31;1,4;jah
2014-11-28;1,01;30;0,7;jah
2014-11-29;0,938;35;0,1;jah
2014-11-30;0,917;60;0,1;jah
2014-12-01;0,902;50;0,1;jah
2014-12-02;0,888;39;0,1;jah
2014-12-03;0,873;30;0,1;jah
2014-12-04;0,863;29;0,1;jah
2014-12-05;0,836;29;0,1;jah
2014-12-06;0,837;29;0,1;jah
2014-12-07;0,85;29;0,4;jah
2014-12-08;0,87;30;0,9;jah
2014-12-09;0,907;30;1,6;jah
2014-12-10;0,95;31;1,5;jah
2014-12-11;0,957;30;0,9;jah
2014-12-12;0,981;31;1,1;jah
2014-12-13;1,22;35;1,2;jah
2014-12-14;2,29;52;1,1;jah
2014-12-15;2,52;53;0,9;jah
2014-12-16;2,01;45;1,3;jah
2014-12-17;1,83;42;1,7;jah
2014-12-18;1,76;41;1,7;jah
2014-12-19;1,85;42;2;jah
2014-12-20;2,19;49;2;jah
2014-12-21;2,9;61;1,4;jah
2014-12-22;2,44;55;0,6;jah
2014-12-23;1,81;48;0,7;jah
2014-12-24;1,46;44;0,3;jah
2014-12-25;1,29;44;0,2;jah
2014-12-26;1,44;50;0,1;jah
2014-12-27;1,57;57;0,1;jah
2014-12-28;1,65;64;0,1;jah
2014-12-29;1,72;69;0,1;jah
2014-12-30;1,92;70;0,1;jah
2014-12-31;2,05;68;0,1;jah
2015-01-01;1,89;58;0,1;jah
2015-01-02;2,42;60;0,5;jah
2015-01-03;4,04;82;0,8;jah
2015-01-04;4,9;91;0,3;jah
2015-01-05;4,06;79;0,1;jah
2015-01-06;2,95;71;0,1;jah
2015-01-07;2,77;80;0,1;jah
2015-01-08;2,6;77;0,1;jah
2015-01-09;2,44;66;0,1;jah
2015-01-10;2,28;58;0,1;jah
2015-01-11;2,12;55;0,1;jah
2015-01-12;2,11;55;0,1;jah
2015-01-13;2,23;58;0,1;jah
2015-01-14;2,67;66;0,1;jah
2015-01-15;3,28;72;0,2;jah
2015-01-16;3,61;73;0,2;jah
2015-01-17;3,6;73;0,3;jah
2015-01-18;3,91;77;0,4;jah
2015-01-19;3,7;72;0,5;jah
2015-01-20;3,04;61;0,6;jah
2015-01-21;2,5;53;0,2;jah
2015-01-22;2,27;52;0,1;jah
2015-01-23;2,2;51;0,1;jah
2015-01-24;1,98;44;0,3;jah
2015-01-25;1,85;41;0,3;jah
2015-01-26;1,81;41;0,5;jah
2015-01-27;1,69;40;0,5;jah
2015-01-28;1,57;39;0,4;jah
2015-01-29;1,5;39;0,7;jah
2015-01-30;1,41;39;0,9;jah
2015-01-31;1,33;39;1,2;jah
2015-02-01;1,65;47;1,2;jah
2015-02-02;2,04;55;0,8;jah
2015-02-03;1,64;49;0,3;jah
2015-02-04;1,45;55;0,1;jah
2015-02-05;1,43;75;0,1;jah
2015-02-06;1,41;85;0,1;jah
2015-02-07;1,37;78;0,1;jah
2015-02-08;1,32;64;0,1;jah
2015-02-09;1,24;56;0,1;jah
2015-02-10;1,13;53;0,1;jah
2015-02-11;0,963;40;0,1;jah
2015-02-12;0,903;36;0,3;jah
2015-02-13;0,956;36;0,6;jah
2015-02-14;1,03;36;0,9;jah
2015-02-15;1,1;38;0,5;jah
2015-02-16;1,13;63;0,1;jah
2015-02-17;1,17;54;0,1;jah
2015-02-18;1,22;41;0,1;jah
2015-02-19;1,29;34;0,1;jah
2015-02-20;1,7;40;0,3;jah
2015-02-21;2,04;44;0,7;jah
2015-02-22;2,14;44;0,9;jah
2015-02-23;2,26;44;1,2;jah
2015-02-24;2,41;45;1,5;jah
2015-02-25;3,04;52;1,5;jah
2015-02-26;3,14;53;0,8;jah
2015-02-27;2,81;49;0,7;jah
2015-02-28;2,56;46;1,3;jah
2015-03-01;2,42;45;1,9;jah
2015-03-02;2,62;49;2,2;jah
2015-03-03;3,53;62;2,2;jah
2015-03-04;4,93;79;1,7;jah
2015-03-05;5,24;82;1,3;jah
2015-03-06;3,92;65;1,1;jah
2015-03-07;3,2;58;1,9;jah
2015-03-08;3,16;58;3,2;jah
2015-03-09;3,79;67;3,4;jah
2015-03-10;3,85;67;3,1;jah
2015-03-11;3,38;61;3,6;jah
2015-03-12;2,97;56;3,2;jah
2015-03-13;2,5;50;2,2;jah
2015-03-14;2,12;45;1,9;jah
2015-03-15;1,95;43;1,9;jah
2015-03-16;1,8;41;1,8;jah
2015-03-17;1,72;40;2,2;jah
2015-03-18;1,68;39;2,3;jah
2015-03-19;1,67;39;2,4;jah
2015-03-20;1,65;38;2,4;jah
2015-03-21;1,71;39;2,4;jah
2015-03-22;1,62;37;1,2;jah
2015-03-23;1,59;36;1,2;jah
2015-03-24;1,64;37;2,1;jah
2015-03-25;1,75;38;2,6;jah
2015-03-26;1,75;38;2,8;jah
2015-03-27;1,73;38;3;jah
2015-03-28;1,81;39;4,1;jah
2015-03-29;2,13;43;4;jah
2015-03-30;2,41;47;3,7;jah
2015-03-31;2,46;48;4,2;jah
2015-04-01;2,7;51;4,2;jah
2015-04-02;2,78;53;4,2;jah
2015-04-03;3,08;57;4,4;jah
2015-04-04;3,49;63;3,8;jah
2015-04-05;4,15;71;3,5;jah
2015-04-06;3,85;67;3,9;jah
2015-04-07;3,09;57;4;jah
2015-04-08;2,74;53;4,7;jah
2015-04-09;2,41;48;4,9;jah
2015-04-10;2,2;46;6,1;jah
2015-04-11;2,05;44;7,3;jah
2015-04-12;1,96;43;7,3;jah
2015-04-13;2,04;45;6,1;jah
2015-04-14;2,96;58;5,4;jah
2015-04-15;3,14;59;5,3;jah
2015-04-16;3,49;66;5,8;jah
2015-04-17;4,52;79;5,9;jah
2015-04-18;4,02;71;5,9;jah
2015-04-19;2,99;57;5,6;jah
2015-04-20;2,59;52;5,9;jah
2015-04-21;2,37;49;6,8;jah
2015-04-22;2,17;46;7,8;jah
2015-04-23;2,03;44;8,1;jah
2015-04-24;1,87;42;7,8;jah
2015-04-25;1,77;40;8,1;jah
2015-04-26;1,8;41;9,3;jah
2015-04-27;1,87;42;11,1;jah
2015-04-28;1,9;43;11,2;jah
2015-04-29;3,02;61;9,8;jah
2015-04-30;4,1;74;9,1;jah
2015-05-01;3,26;60;9,4;jah
2015-05-02;2,5;51;9,6;jah
2015-05-03;2,31;48;9,8;jah
2015-05-04;2,18;46;10,1;jah
2015-05-05;2;43;10,4;jah
2015-05-06;1,98;43;10,5;jah
2015-05-07;3;59;10,4;jah
2015-05-08;4,59;78;10,7;jah
2015-05-09;3,85;66;10,9;jah
2015-05-10;2,74;52;11,3;jah
2015-05-11;2,29;46;12;jah
2015-05-12;2,04;43;11,8;jah
2015-05-13;1,95;42;12,3;jah
2015-05-14;2,01;44;11,9;jah
2015-05-15;1,87;42;11,5;jah
2015-05-16;1,71;40;11,3;jah
2015-05-17;1,59;39;11,1;jah
2015-05-18;1,53;39;11;jah
2015-05-19;1,47;39;12;jah
2015-05-20;1,39;38;13,7;jah
2015-05-21;1,36;38;12,9;jah
2015-05-22;1,48;41;11,9;jah
2015-05-23;1,41;41;11,9;jah
2015-05-24;1,28;39;12,3;jah
2015-05-25;1,17;37;13,4;jah
2015-05-26;1,08;37;12,9;jah
2015-05-27;1,21;40;12,4;jah
2015-05-28;1,57;49;13,1;jah
2015-05-29;1,56;48;13,7;jah
2015-05-30;1,22;41;14,1;jah
2015-05-31;1,05;38;14,4;jah
2015-06-01;0,957;36;14,2;jah
2015-06-02;0,891;35;15,6;jah
2015-06-03;0,85;34;15,8;jah
2015-06-04;0,784;33;14,9;jah
2015-06-05;0,732;32;14,9;jah
2015-06-06;0,709;31;15,5;jah
2015-06-07;0,694;31;16,8;jah
2015-06-08;0,653;30;16,1;jah
2015-06-09;0,682;31;14,9;jah
2015-06-10;0,633;30;14,6;jah
2015-06-11;0,611;29;14,9;jah
2015-06-12;0,58;28;15,5;jah
2015-06-13;0,572;28;15,6;jah
2015-06-14;0,591;29;16,3;jah
2015-06-15;0,593;29;16,9;jah
2015-06-16;0,541;28;14,7;jah
2015-06-17;0,525;29;13,3;jah
2015-06-18;0,538;30;12,8;jah
2015-06-19;0,564;32;13,6;jah
2015-06-20;0,621;36;14,5;jah
2015-06-21;0,652;39;15;jah
2015-06-22;0,702;43;15,3;jah
2015-06-23;0,671;44;15,4;jah
2015-06-24;0,79;53;15,8;jah
2015-06-25;0,83;57;15,4;jah
2015-06-26;0,687;52;15,5;jah
2015-06-27;0,584;48;14,8;jah
2015-06-28;0,531;46;15,1;jah
2015-06-29;0,487;44;16,1;jah
2015-06-30;0,476;44;16,5;jah
2015-07-01;0,448;42;16,6;jah
2015-07-02;0,419;41;16,9;jah
2015-07-03;0,396;40;18,3;jah
2015-07-04;0,364;38;19,5;jah
2015-07-05;0,338;37;19,9;jah
2015-07-06;0,318;36;18,7;jah
2015-07-07;0,434;47;17,7;jah
2015-07-08;0,474;50;16,4;jah
2015-07-09;0,512;53;16,6;jah
2015-07-10;0,478;51;16;jah
2015-07-11;0,577;59;15,6;jah
2015-07-12;0,662;66;15,2;jah
2015-07-13;0,707;69;14,6;jah
2015-07-14;0,656;65;15;jah
2015-07-15;0,599;61;15,6;jah
2015-07-16;0,545;57;15,8;jah
2015-07-17;0,531;56;15,5;jah
2015-07-18;0,529;56;15,5;jah
2015-07-19;0,54;57;16,7;jah
2015-07-20;0,527;56;15,4;jah
2015-07-21;0,556;59;15,5;jah
2015-07-22;0,574;61;16;jah
2015-07-23;0,561;60;16,2;jah
2015-07-24;0,521;57;16,6;jah
2015-07-25;0,48;54;15,9;jah
2015-07-26;0,462;53;16;jah
2015-07-27;0,459;53;16,5;jah
2015-07-28;0,425;50;15,8;jah
2015-07-29;0,434;51;15,5;jah
2015-07-30;0,504;58;15,1;jah
2015-07-31;0,556;62;14,7;jah
2015-08-01;0,587;65;14,7;jah
2015-08-02;0,561;63;15,2;jah
2015-08-03;0,52;59;15,7;jah
2015-08-04;0,486;56;15,7;jah
2015-08-05;0,458;52;15,9;jah
2015-08-06;0,437;50;16,9;jah
2015-08-07;0,44;50;18;jah
2015-08-08;0,432;49;18,2;jah
2015-08-09;1,09;90;17,6;jah
2015-08-10;1,25;93;17,5;jah
2015-08-11;0,952;81;17,8;jah
2015-08-12;0,737;69;18;jah
2015-08-13;0,718;67;17,9;jah
2015-08-14;0,694;65;16,4;jah
2015-08-15;0,632;60;15,8;jah
2015-08-16;0,583;56;14,8;jah
2015-08-17;0,545;53;14,9;jah
2015-08-18;0,514;51;14,2;jah
2015-08-19;0,488;49;13,3;jah
2015-08-20;0,471;47;13,2;jah
2015-08-21;0,46;46;13,4;jah
2015-08-22;0,436;44;14;jah
2015-08-23;0,428;43;14,3;jah
2015-08-24;0,413;42;14,6;jah
2015-08-25;0,403;41;15;jah
2015-08-26;0,402;41;15,4;jah
2015-08-27;0,423;43;14,8;jah
2015-08-28;0,426;43;14,8;jah
2015-08-29;0,495;48;14,4;jah
2015-08-30;0,67;59;14;jah
2015-08-31;0,689;59;13,3;jah
2015-09-01;0,648;57;13;jah
2015-09-02;0,688;60;12,8;jah
2015-09-03;0,996;79;13;jah
2015-09-04;1,04;79;13,6;jah
2015-09-05;0,871;69;13,6;jah
2015-09-06;0,798;64;13;jah
2015-09-07;0,784;64;12,4;jah
2015-09-08;0,835;66;12,4;jah
2015-09-09;0,829;65;12,5;jah
2015-09-10;0,801;63;11,9;jah
2015-09-11;0,749;59;11,8;jah
2015-09-12;0,708;56;11,5;jah
2015-09-13;0,671;52;11,1;jah
2015-09-14;0,633;49;11,2;jah
2015-09-15;0,611;47;11,4;jah
2015-09-16;0,626;47;11,9;jah
2015-09-17;0,657;47;12,7;jah
2015-09-18;0,67;47;13,2;jah
2015-09-19;0,65;45;12,9;jah
2015-09-20;0,615;43;12,6;jah
2015-09-21;0,611;42;12,1;jah
2015-09-22;0,748;47;12;jah
2015-09-23;0,738;46;11,4;jah
2015-09-24;0,678;42;11,9;jah
2015-09-25;0,64;40;12,2;jah
2015-09-26;0,746;43;12,1;jah
2015-09-27;0,702;40;10,6;jah
2015-09-28;0,644;37;10;jah
2015-09-29;0,624;36;10;jah
2015-09-30;0,599;34;8,7;jah
2015-10-01;0,646;36;9,5;jah
2015-10-02;0,615;34;10,9;jah
2015-10-03;0,563;31;10,6;jah
2015-10-04;0,549;30;9,1;jah
2015-10-05;0,548;30;8,9;jah
2015-10-06;0,531;28;6,8;jah
2015-10-07;0,527;28;5,4;jah
2015-10-08;0,531;28;4,7;jah
2015-10-09;0,531;27;4,7;jah
2015-10-10;0,526;27;4,9;jah
2015-10-11;0,526;27;4,9;jah
2015-10-12;0,519;26;5;jah
2015-10-13;0,535;27;5,6;jah
2015-10-14;0,545;27;6;jah
2015-10-15;0,548;27;5,3;jah
2015-10-16;0,546;26;4,1;jah
2015-10-17;0,559;27;4;jah
2015-10-18;0,577;27;3,6;jah
2015-10-19;0,603;27;4,9;jah
2015-10-20;0,61;28;3,9;jah
2015-10-21;0,618;28;3,6;jah
2015-10-22;0,652;29;4,3;jah
2015-10-23;0,659;29;5,2;jah
2015-10-24;0,664;29;6,2;jah
2015-10-25;0,643;28;5;jah
2015-10-26;0,678;29;5,8;jah
2015-10-27;0,713;30;5,2;jah
2015-10-28;0,621;28;3,2;jah
2015-10-29;0,608;27;1,4;jah
2015-10-30;0,597;27;0,9;jah
2015-10-31;0,598;27;0,8;jah
2015-11-01;0,626;28;2,5;jah
2015-11-02;0,667;29;4,8;jah
2015-11-03;0,673;29;5,7;jah
2015-11-04;0,674;29;6,4;jah
2015-11-05;0,672;29;6,2;jah
2015-11-06;0,665;28;4,5;jah
2015-11-07;0,672;28;4,6;jah
2015-11-08;0,744;30;5,1;jah
2015-11-09;0,953;35;5,6;jah
2015-11-10;0,935;34;5,6;jah
2015-11-11;0,904;33;5,6;jah
2015-11-12;0,878;32;5,1;jah
2015-11-13;0,958;33;5,3;jah
2015-11-14;1,03;35;5,3;jah
2015-11-15;1,15;37;4,8;jah
2015-11-16;1,1;35;5;jah
2015-11-17;1,05;34;5;jah
2015-11-18;1,09;35;5,1;jah
2015-11-19;1,16;37;5,4;jah
2015-11-20;1,15;36;5,6;jah
2015-11-21;1,17;37;4,7;jah
2015-11-22;0,975;32;2,6;jah
2015-11-23;0,933;32;1,6;jah
2015-11-24;0,902;31;1,9;jah
2015-11-25;0,886;31;1,7;jah
2015-11-26;0,861;30;1;jah
2015-11-27;0,861;30;1,6;jah
2015-11-28;0,887;31;2,2;jah
2015-11-29;0,874;31;2;jah
2015-11-30;0,882;31;2,5;jah
2015-12-01;0,887;31;2,5;jah
2015-12-02;0,913;31;2,5;jah
2015-12-03;0,917;31;2,1;jah
2015-12-04;0,977;32;3;jah
2015-12-05;1,08;34;3,9;jah
2015-12-06;1,26;38;5,1;jah
2015-12-07;1,73;47;5,3;jah
2015-12-08;1,78;46;3,6;jah
2015-12-09;1,48;40;2,8;jah
2015-12-10;1,35;38;3,6;jah
2015-12-11;1,29;37;4,3;jah
2015-12-12;1,27;36;3,8;jah
2015-12-13;1,23;35;3,3;jah
2015-12-14;1,19;35;2,9;jah
2015-12-15;1,14;34;2;jah
2015-12-16;1,11;33;2,1;jah
2015-12-17;1,11;33;2,3;jah
2015-12-18;1,1;33;2,3;jah
2015-12-19;1,15;34;4,1;jah
2015-12-20;1,18;35;5;jah
2015-12-21;1,21;35;6,3;jah
2015-12-22;1,18;35;5,8;jah
2015-12-23;1,15;35;5,8;jah
2015-12-24;1,2;36;5,5;jah
2015-12-25;1,2;37;4,7;jah
2015-12-26;1,17;37;3,9;jah
2015-12-27;1,06;35;1,3;jah
2015-12-28;0,911;44;0;jah
2015-12-29;0,84;47;0;jah
2015-12-30;0,778;44;0;jah
2015-12-31;0,718;37;0;jah
2016-01-01;0,671;30;0;jah
2016-01-02;0,618;27;0;jah
2016-01-03;0,57;26;0;jah
2016-01-04;0,559;27;0;jah
2016-01-05;0,55;32;0;jah
2016-01-06;0,575;32;0;jah
2016-01-07;0,608;29;0;jah
2016-01-08;0,587;27;0;jah
2016-01-09;0,563;27;0;jah
2016-01-10;0,552;27;0;jah
2016-01-11;0,552;28;0;jah
2016-01-12;0,561;29;0;jah
2016-01-13;0,554;30;0;jah
2016-01-14;0,54;30;0;jah
2016-01-15;0,521;31;0;jah
2016-01-16;0,504;31;0;jah
2016-01-17;0,486;32;0;jah
2016-01-18;0,471;32;0;jah
2016-01-19;0,471;34;0;jah
2016-01-20;0,504;34;0;jah
2016-01-21;0,54;33;0;jah
2016-01-22;0,561;31;0;jah
2016-01-23;0,568;30;0;jah
2016-01-24;0,652;32;0;jah
2016-01-25;0,746;33;0;jah
2016-01-26;0,841;35;0;jah
2016-01-27;1,12;42;0;jah
2016-01-28;2,29;72;0,1;jah
2016-01-29;3,4;89;0,1;jah
2016-01-30;2,6;69;0,3;jah
2016-01-31;2,73;71;0,6;jah
2016-02-01;2,59;64;0,5;jah
2016-02-02;2,08;53;0,8;jah
2016-02-03;3,16;73;0,9;jah
2016-02-04;4,4;89;0,3;jah
2016-02-05;4,06;79;0,3;jah
2016-02-06;2,59;54;0,3;jah
2016-02-07;2,35;49;0,8;jah
2016-02-08;2,38;48;0,7;jah
2016-02-09;2,46;50;1,5;jah
2016-02-10;2,91;57;1,7;jah
2016-02-11;3,34;63;1,8;jah
2016-02-12;3,72;68;1,3;jah
2016-02-13;3,83;69;1,2;jah
2016-02-14;3,67;66;0,7;jah
2016-02-15;3,38;61;0,8;jah
2016-02-16;2,97;55;0,7;jah
2016-02-17;2,64;49;0,1;jah
2016-02-18;2,53;51;0;jah
2016-02-19;2,43;49;0,3;jah
2016-02-20;2,32;47;0,7;jah
2016-02-21;2,24;46;0,8;jah
2016-02-22;2,21;46;1;jah
2016-02-23;2,23;46;0,9;jah
2016-02-24;2,18;46;1,2;jah
2016-02-25;2,09;45;1,4;jah
2016-02-26;1,99;43;1,4;jah
2016-02-27;1,94;42;1,3;jah
2016-02-28;1,89;41;1,3;jah
2016-02-29;1,85;40;1;jah
2016-03-01;1,84;42;0,1;jah
2016-03-02;1,82;53;0;jah
2016-03-03;1,79;39;0,2;jah
2016-03-04;1,73;37;0,8;jah
2016-03-05;1,73;37;1,1;jah
2016-03-06;1,74;37;1,6;jah
2016-03-07;1,77;37;1,9;jah
2016-03-08;2,28;47;1,7;jah
2016-03-09;3,92;71;0,9;jah
2016-03-10;4,29;73;0,7;jah
2016-03-11;3,65;64;1;jah
2016-03-12;2,99;55;1;jah
2016-03-13;2,79;49;0,8;jah
2016-03-14;2,66;49;1,2;jah
2016-03-15;2,52;47;1,7;jah
2016-03-16;2,46;46;1,8;jah
2016-03-17;2,81;52;2,3;jah
2016-03-18;3,88;67;1,7;jah
2016-03-19;3,65;61;0,5;jah
2016-03-20;3,06;55;0,3;jah
2016-03-21;2,66;50;0,6;jah
2016-03-22;2,28;44;0,9;jah
2016-03-23;2,14;42;0,4;jah
2016-03-24;2,08;44;0,5;jah
2016-03-25;2,01;40;0,8;jah
2016-03-26;1,98;39;1,9;jah
2016-03-27;2,16;42;2,7;jah
2016-03-28;2,84;52;2,7;jah
2016-03-29;3,77;66;2,2;jah
2016-03-30;4,1;70;2,4;jah
2016-03-31;4,17;71;2,5;jah
2016-04-01;4,4;74;2,5;jah
2016-04-02;4,57;76;3,3;jah
2016-04-03;4,41;74;3,5;jah
2016-04-04;4,22;72;3,9;jah
2016-04-05;3,81;66;4,1;jah
2016-04-06;3,49;62;5,7;jah
2016-04-07;3,61;65;6,9;jah
2016-04-08;3,58;64;7,2;jah
2016-04-09;3,25;59;6,3;jah
2016-04-10;2,87;53;5,9;jah
2016-04-11;2,6;49;5,8;jah
2016-04-12;2,45;46;6,3;jah
2016-04-13;2,33;45;6,6;jah
2016-04-14;4,11;77;5,3;jah
2016-04-15;7,59;134;5;jah
2016-04-16;6,99;122;6,1;jah
2016-04-17;4,7;89;7;jah
2016-04-18;3,47;70;7,4;jah
2016-04-19;3,02;62;7,4;jah
2016-04-20;3,07;63;7,3;jah
2016-04-21;3,24;64;6,8;jah
2016-04-22;3,01;59;6,9;jah
2016-04-23;2,8;55;6,8;jah
2016-04-24;2,62;51;6,4;jah
2016-04-25;2,69;52;6,7;jah
2016-04-26;3,48;67;5,5;jah
2016-04-27;6,17;104;7,3;jah
2016-04-28;7,3;114;7,9;jah
2016-04-29;5,54;92;8,5;jah
2016-04-30;4,29;75;8,7;jah
2016-05-01;3,27;62;9,1;jah
2016-05-02;2,8;55;10,4;jah
2016-05-03;2,53;51;11,1;jah
2016-05-04;2,35;48;11,8;jah
2016-05-05;2,12;44;12,3;jah
2016-05-06;1,97;42;12,9;jah
2016-05-07;1,79;40;13,3;jah
2016-05-08;1,65;39;13,7;jah
2016-05-09;1,54;38;14,1;jah
2016-05-10;1,43;37;14,6;jah
2016-05-11;1,31;36;14,3;jah
2016-05-12;1,19;34;13,3;jah
2016-05-13;1,11;34;13,1;jah
2016-05-14;1,04;33;13,5;jah
2016-05-15;0,965;32;14,7;jah
2016-05-16;0,915;32;14,7;jah
2016-05-17;0,855;32;13,1;jah
2016-05-18;0,817;31;12,7;jah
2016-05-19;0,791;31;12,8;jah
2016-05-20;0,761;31;12,4;jah
2016-05-21;0,731;31;12,6;jah
2016-05-22;0,711;31;13,5;jah
2016-05-23;0,686;30;14,7;jah
2016-05-24;0,663;30;15,6;jah
2016-05-25;0,638;30;16,6;jah
2016-05-26;0,616;30;15,9;jah
2016-05-27;0,596;30;15,1;jah
2016-05-28;0,578;30;15,4;jah
2016-05-29;0,567;30;16,2;jah
2016-05-30;0,555;31;17,6;jah
2016-05-31;0,531;31;18,6;jah
2016-06-01;0,516;31;18,9;jah
2016-06-02;0,491;30;18,7;jah
2016-06-03;0,487;31;18,7;jah
2016-06-04;0,489;31;18,2;jah
2016-06-05;0,477;30;16,1;jah
2016-06-06;0,48;30;13,7;jah
2016-06-07;0,503;31;13;jah
2016-06-08;0,531;33;13,5;jah
2016-06-09;0,588;35;12,7;jah
2016-06-10;0,589;35;12,2;jah
2016-06-11;0,99;54;10,8;jah
2016-06-12;2;89;10,9;jah
2016-06-13;1,96;85;12,1;jah
2016-06-14;1,43;69;13,5;jah
2016-06-15;1,15;61;14,1;jah
2016-06-16;1,55;84;14,3;jah
2016-06-17;2,43;115;14,9;jah
2016-06-18;2,32;113;15,4;jah
2016-06-19;1,68;95;15,5;jah
2016-06-20;1,3;84;16,3;jah
2016-06-21;1,22;84;17;jah
2016-06-22;1,91;117;16,4;jah
2016-06-23;2,76;137;16,6;jah
2016-06-24;2,12;122;17,1;jah
2016-06-25;1,36;100;18,4;jah
2016-06-26;1,11;91;20;jah
2016-06-27;1,24;102;19,2;jah
2016-06-28;1,65;120;18,5;jah
2016-06-29;1,38;111;18,5;jah
2016-06-30;1,05;99;18,2;jah
2016-07-01;0,906;94;17,5;jah
2016-07-02;0,847;93;18;jah
2016-07-03;0,873;100;18,5;jah
2016-07-04;2,61;152;16,8;jah
2016-07-05;5,88;194;16,8;jah
2016-07-06;6,68;199;17;jah
2016-07-07;4,92;178;16,1;jah
2016-07-08;3,15;156;15,1;jah
2016-07-09;2,23;142;15,7;jah
2016-07-10;1,68;130;16,2;jah
2016-07-11;1,56;128;15,6;jah
2016-07-12;1,72;131;16,2;jah
2016-07-13;1,49;123;16,8;jah
2016-07-14;1,2;113;16,9;jah
2016-07-15;1,02;104;17,2;jah
2016-07-16;0,988;102;17,4;jah
2016-07-17;0,919;96;17,7;jah
2016-07-18;0,852;91;17,8;jah
2016-07-19;0,82;87;17,8;jah
2016-07-20;0,764;82;17,3;jah
2016-07-21;0,719;78;16,9;jah
2016-07-22;0,813;86;16,7;jah
2016-07-23;1,03;100;16,5;jah
2016-07-24;1,04;99;17,3;jah
2016-07-25;0,96;94;18,2;jah
2016-07-26;0,922;91;19;jah
2016-07-27;0,865;87;19,6;jah
2016-07-28;0,802;83;19,7;jah
2016-07-29;0,768;81;19,6;jah
2016-07-30;0,738;79;19,4;jah
2016-07-31;0,732;79;18,9;jah
2016-08-01;0,972;97;16,9;jah
2016-08-02;3,67;165;16,6;jah
2016-08-03;5,17;185;17,4;jah
2016-08-04;4,52;175;16,4;jah
2016-08-05;2,99;154;16,5;jah
2016-08-06;2,17;141;16,7;jah
2016-08-07;2,34;144;16,2;jah
2016-08-08;3,87;166;16,2;jah
2016-08-09;5,71;185;17,1;jah
2016-08-10;4,86;172;16,6;jah
2016-08-11;3,18;149;15,7;jah
2016-08-12;2,26;133;14,5;jah
2016-08-13;1,87;122;13,6;jah
2016-08-14;1,65;114;14,5;jah
2016-08-15;1,62;111;15,1;jah
2016-08-16;1,52;107;13,9;jah
2016-08-17;1,81;118;13,5;jah
2016-08-18;2,56;136;14,1;jah
2016-08-19;2,89;141;14,8;jah
2016-08-20;2,53;133;15,1;jah
2016-08-21;1,93;118;15,4;jah
2016-08-22;1,56;106;15,9;jah
2016-08-23;1,56;107;16,2;jah
2016-08-24;1,84;116;15,8;jah
2016-08-25;1,75;112;15,3;jah
2016-08-26;1,5;102;16,1;jah
2016-08-27;1,34;94;16,5;jah
2016-08-28;1,19;86;15,9;jah
2016-08-29;1,11;82;15,7;jah
2016-08-30;1,11;82;15,4;jah
2016-08-31;1,42;98;14,8;jah
2016-09-01;1,31;90;14,8;jah
2016-09-02;1,15;82;14,7;jah
2016-09-03;1,08;78;14;jah
2016-09-04;1,08;79;14,2;jah
2016-09-05;1,16;82;13,9;jah
2016-09-06;1,13;79;13,3;jah
2016-09-07;1,03;74;13,4;jah
2016-09-08;1;72;14;jah
2016-09-09;0,96;69;12,9;jah
2016-09-10;0,898;65;13,1;jah
2016-09-11;0,852;62;13,8;jah
2016-09-12;0,831;60;14,5;jah
2016-09-13;0,788;57;13,6;jah
2016-09-14;0,751;54;12,1;jah
2016-09-15;0,732;53;11,2;jah
2016-09-16;0,714;51;11,7;jah
2016-09-17;0,706;51;11,7;jah
2016-09-18;0,696;50;11,4;jah
2016-09-19;0,68;48;10,5;jah
2016-09-20;0,655;46;9,7;jah
2016-09-21;0,644;45;9,4;jah
2016-09-22;0,657;45;10,1;jah
2016-09-23;0,709;46;9,9;jah
2016-09-24;0,727;45;9,7;jah
2016-09-25;0,71;43;9,6;jah
2016-09-26;0,706;41;9;jah
2016-09-27;0,742;42;9,3;jah
2016-09-28;0,737;40;9,9;jah
2016-09-29;0,76;40;10,7;jah
2016-09-30;0,808;41;11,7;jah
2016-10-01;0,816;40;11,1;jah
2016-10-02;0,763;37;9,9;jah
2016-10-03;0,79;38;10,1;jah
2016-10-04;0,821;38;8,4;jah
2016-10-05;0,764;35;8,2;jah
2016-10-06;0,746;34;7,9;jah
2016-10-07;0,761;34;7,7;jah
2016-10-08;0,781;34;7,3;jah
2016-10-09;0,894;37;7,3;jah
2016-10-10;0,9;37;6,5;jah
2016-10-11;0,853;35;5,5;jah
2016-10-12;0,843;34;5,6;jah
2016-10-13;0,837;33;4,7;jah
2016-10-14;0,835;33;4,9;jah
2016-10-15;0,812;33;4,9;jah
2016-10-16;0,802;33;4,9;jah
2016-10-17;0,795;32;5,3;jah
2016-10-18;0,772;32;4,2;jah
2016-10-19;0,738;31;2,8;jah
2016-10-20;0,72;30;2;jah
2016-10-21;0,725;31;2,1;jah
2016-10-22;0,728;31;2,5;jah
2016-10-23;0,744;32;3,3;jah
2016-10-24;0,724;31;3,8;jah
2016-10-25;0,739;31;3,2;jah
2016-10-26;0,812;33;3,2;jah
2016-10-27;0,872;35;3,5;jah
2016-10-28;0,932;36;4,7;jah
2016-10-29;1,11;41;4,9;jah
2016-10-30;1,41;49;4,9;jah
2016-10-31;1,54;51;4,3;jah
2016-11-01;1,41;47;3,4;jah
2016-11-02;1,27;43;2,1;jah
2016-11-03;1,21;41;1,8;jah
2016-11-04;1,18;40;1,7;jah
2016-11-05;1,15;39;1,3;jah
2016-11-06;1,09;40;0;jah
2016-11-07;1,22;42;0;jah
2016-11-08;1,23;42;0;jah
2016-11-09;1,17;37;0,1;jah
2016-11-10;1,15;36;0,2;jah
2016-11-11;1,18;36;0,3;jah
2016-11-12;1,2;36;0,3;jah
2016-11-13;1,22;36;1;jah
2016-11-14;1,26;36;1,2;jah
2016-11-15;1,31;36;1,3;jah
2016-11-16;1,38;37;1,5;jah
2016-11-17;1,51;39;2;jah
2016-11-18;2,33;56;2,3;jah
2016-11-19;3,91;81;2,8;jah
2016-11-20;5,41;104;3,4;jah
2016-11-21;8,39;140;3,9;jah
2016-11-22;7,34;124;3,4;jah
2016-11-23;4,78;91;2,8;jah
2016-11-24;3,3;71;3,1;jah
2016-11-25;3,21;71;2,7;jah
2016-11-26;3,13;71;2,5;jah
2016-11-27;3,97;88;2,5;jah
2016-11-28;4,64;99;0,9;jah
2016-11-29;3,83;85;0;jah
2016-11-30;2,85;69;0;jah
2016-12-01;1,96;53;0,5;jah
2016-12-02;1,77;50;0,7;jah
2016-12-03;1,64;48;0,6;jah
2016-12-04;1,51;49;0,1;jah
2016-12-05;1,54;50;0,4;jah
2016-12-06;1,78;56;0,3;jah
2016-12-07;1,75;63;0;jah
2016-12-08;1,78;59;0,3;jah
2016-12-09;2,51;78;0,9;jah
2016-12-10;2,94;88;0,4;jah
2016-12-11;2,83;87;0;jah
2016-12-12;2,6;83;0;jah
2016-12-13;2,45;74;0;jah
2016-12-14;1,88;56;0,1;jah
2016-12-15;1,41;46;0,1;jah
2016-12-16;1,45;42;0,5;jah
2016-12-17;1,48;41;1,1;jah
2016-12-18;1,56;41;1,2;jah
2016-12-19;1,69;42;1,6;jah
2016-12-20;1,89;44;1,8;jah
2016-12-21;2,13;47;2;jah
2016-12-22;2,26;49;2,1;jah
2016-12-23;2,34;51;2,1;jah
2016-12-24;2,42;52;2;jah
2016-12-25;2,49;53;2;jah
2016-12-26;2,51;53;2,2;jah
2016-12-27;2,53;53;1,8;jah
2016-12-28;2,37;50;1,3;jah
2016-12-29;2,13;46;1;jah
2016-12-30;2,08;45;1,9;jah
2016-12-31;2,22;47;3;jah
2017-01-01;3,11;64;3,7;jah
2017-01-02;5,46;101;1,8;jah
2017-01-03;6,76;115;0,2;jah
2017-01-04;5,51;100;0;jah
2017-01-05;4,78;102;0;jah
2017-01-06;4,17;97;0;jah
2017-01-07;3,6;76;0;jah
2017-01-08;3,06;65;0;jah
2017-01-09;2,63;58;0;jah
2017-01-10;2,41;55;0;jah
2017-01-11;2,19;52;0;jah
2017-01-12;1,96;49;0;jah
2017-01-13;1,84;48;0;jah
2017-01-14;1,79;48;0;jah
2017-01-15;1,72;47;0;jah
2017-01-16;1,65;46;0;jah
2017-01-17;1,44;45;0,1;jah
2017-01-18;1,41;42;0,1;jah
2017-01-19;1,39;41;0,2;jah
2017-01-20;1,48;42;0,2;jah
2017-01-21;1,44;40;0,2;jah
2017-01-22;1,36;38;0,3;jah
2017-01-23;1,41;39;0,7;jah
2017-01-24;1,53;41;0,8;jah
2017-01-25;1,46;42;0,1;jah
2017-01-26;1,42;56;0;jah
2017-01-27;1,38;37;0,8;jah
2017-01-28;1,35;36;1,3;jah
2017-01-29;1,33;36;1,4;jah
2017-01-30;1,32;36;1,2;jah
2017-01-31;1,31;36;1,3;jah
2017-02-01;1,3;36;1,3;jah
2017-02-02;1,28;36;1,1;jah
2017-02-03;1,27;36;1,1;jah
2017-02-04;1,26;35;1,3;jah
2017-02-05;1,24;35;1;jah
2017-02-06;1,21;55;0;jah
2017-02-07;1,2;65;0;jah
2017-02-08;1,19;54;0;jah
2017-02-09;1,18;43;0;jah
2017-02-10;1,17;35;0;jah
2017-02-11;1,15;32;0;jah
2017-02-12;1,14;31;0;jah
2017-02-13;1,16;31;0;jah
2017-02-14;1,19;31;0;jah
2017-02-15;1,2;31;0;jah
2017-02-16;1,2;31;0;jah
2017-02-17;1,23;31;0;jah
2017-02-18;1,76;40;0;jah
2017-02-19;1,75;39;0,2;jah
2017-02-20;2,46;52;0,3;jah
2017-02-21;3,49;67;0,3;jah
2017-02-22;3,01;58;0;jah
2017-02-23;2,36;48;0,1;jah
2017-02-24;1,91;42;0,1;jah
2017-02-25;1,82;41;0;jah
2017-02-26;2,33;47;0;jah
2017-02-27;1,59;36;0,7;jah
2017-02-28;1,7;39;1,7;jah
2017-03-01;2,66;54;1,3;jah
2017-03-02;3,24;63;1,3;jah
2017-03-03;3,08;59;1,2;jah
2017-03-04;2,65;53;1,6;jah
2017-03-05;2,76;54;0,9;jah
2017-03-06;2,17;45;0,3;jah
2017-03-07;1,89;41;0;jah
2017-03-08;1,76;40;1;jah
2017-03-09;1,67;39;1,8;jah
2017-03-10;1,66;40;1,9;jah
2017-03-11;1,67;41;2,1;jah
2017-03-12;1,7;42;2,6;jah
2017-03-13;1,77;44;2,3;jah
2017-03-14;1,66;43;1,6;jah
2017-03-15;1,67;44;2,5;jah
2017-03-16;1,95;49;2,6;jah
2017-03-17;1,97;49;2,1;jah
2017-03-18;2,78;65;2,1;jah
2017-03-19;3,07;68;2,1;jah
2017-03-20;2,67;60;2,1;jah
2017-03-21;2,47;56;2,5;jah
2017-03-22;2,63;59;2,9;jah
2017-03-23;2,72;60;3,1;jah
2017-03-24;2,62;57;2,8;jah
2017-03-25;2,36;52;2,3;jah
2017-03-26;2,34;51;2,8;jah
2017-03-27;2,42;52;3,3;jah
2017-03-28;2,45;52;3,6;jah
2017-03-29;2,31;49;2,9;jah
2017-03-30;2,13;46;2,6;jah
2017-03-31;2,04;44;2,4;jah
2017-04-01;2,02;44;2,4;jah
2017-04-02;2,22;47;5,1;jah
2017-04-03;2,48;50;5,7;jah
2017-04-04;2,52;50;5,7;jah
2017-04-05;2,43;48;5,7;jah
2017-04-06;2,38;48;6;jah
2017-04-07;2,28;46;5,7;jah
2017-04-08;2,2;45;6,1;jah
2017-04-09;2,1;44;5,7;jah
2017-04-10;2,06;43;7;jah
2017-04-11;2,05;43;7,4;jah
2017-04-12;1,99;43;6,6;jah
2017-04-13;2,12;45;5,8;jah
2017-04-14;2,26;47;4,5;jah
2017-04-15;2,08;44;3,8;jah
2017-04-16;1,88;41;3,3;jah
2017-04-17;1,75;39;3,4;jah
2017-04-18;1,67;38;3,4;jah
2017-04-19;1,64;38;3,7;jah
2017-04-20;1,63;37;4,3;jah
2017-04-21;1,72;39;4,6;jah
2017-04-22;1,98;43;5,2;jah
2017-04-23;2,53;51;5,2;jah
2017-04-24;2,76;54;5,4;jah
2017-04-25;2,58;52;4,9;jah
2017-04-26;4,72;86;4,8;jah
2017-04-27;6,13;103;5,3;jah
2017-04-28;4,87;83;6;jah
2017-04-29;3,61;68;5,9;jah
2017-04-30;4,33;80;6;jah
2017-05-01;4,07;75;6,6;jah
2017-05-02;3,13;61;8,1;jah
2017-05-03;2,59;53;9;jah
2017-05-04;2,25;48;9,3;jah
2017-05-05;2,03;45;9,6;jah
2017-05-06;1,88;43;10,3;jah
2017-05-07;1,78;42;10;jah
2017-05-08;1,64;40;8,8;jah
2017-05-09;1,51;38;7,4;jah
2017-05-10;1,44;37;6,9;jah
2017-05-11;1,38;36;7,2;jah
2017-05-12;1,34;36;7,6;jah
2017-05-13;1,31;35;8,5;jah
2017-05-14;1,29;35;10,1;jah
2017-05-15;1,28;35;11,6;jah
2017-05-16;1,24;34;10,3;jah
2017-05-17;1,21;34;10,2;jah
2017-05-18;1,22;34;11,4;jah
2017-05-19;1,24;35;13,4;jah
2017-05-20;1,23;35;14,9;jah
2017-05-21;1,19;34;14,9;jah
2017-05-22;1,15;33;13,9;jah
2017-05-23;1,15;34;14;jah
2017-05-24;1,2;35;13,4;jah
2017-05-25;1,19;35;14,1;jah
2017-05-26;1,16;34;14,1;jah
2017-05-27;1,1;33;14;jah
2017-05-28;1,07;33;15;jah
2017-05-29;1,08;33;16;jah
2017-05-30;1,31;39;15;jah
2017-05-31;1,22;37;14,3;jah
2017-06-01;1,14;35;12,9;jah
2017-06-02;1,05;33;10,7;jah
2017-06-03;0,989;32;10,8;jah
2017-06-04;0,955;32;12,3;jah
2017-06-05;0,99;33;11,9;jah
2017-06-06;1,06;35;13,6;jah
2017-06-07;1,02;34;15,2;jah
2017-06-08;1,12;38;14,4;jah
2017-06-09;1,46;46;14;jah
2017-06-10;1,3;42;15,2;jah
2017-06-11;2,01;67;14,9;jah
2017-06-12;10,1;181;13,2;jah
2017-06-13;7,11;146;13,8;jah
2017-06-14;3,93;104;14;jah
2017-06-15;2,51;75;14,3;jah
2017-06-16;1,8;58;15;jah
2017-06-17;1,44;50;16,1;jah
2017-06-18;1,21;45;16,7;jah
2017-06-19;1,08;43;17,2;jah
2017-06-20;1,07;44;15,7;jah
2017-06-21;1,08;45;14,4;jah
2017-06-22;0,994;43;13,9;jah
2017-06-23;0,889;40;13,8;jah
2017-06-24;0,802;39;13,9;jah
2017-06-25;0,764;38;15;jah
2017-06-26;0,747;39;14,9;jah
2017-06-27;0,756;40;15,1;jah
2017-06-28;0,697;39;15,3;jah
2017-06-29;0,645;38;15,3;jah
2017-06-30;0,806;46;14,8;jah
2017-07-01;1,07;57;14,1;jah
2017-07-02;1,18;62;15,2;jah
2017-07-03;1,21;65;14,5;jah
2017-07-04;1,31;70;14,6;jah
2017-07-05;1,24;67;14,6;jah
2017-07-06;1,07;61;13,8;jah
2017-07-07;0,974;58;14,2;jah
2017-07-08;0,895;55;14,3;jah
2017-07-09;0,832;53;14,4;jah
2017-07-10;0,787;52;14,6;jah
2017-07-11;0,77;52;14,4;jah
2017-07-12;0,861;58;15;jah
2017-07-13;0,957;64;15,6;jah
2017-07-14;1,08;71;15,5;jah
2017-07-15;1,04;69;14,6;jah
2017-07-16;0,924;64;15,2;jah
2017-07-17;0,841;60;14,7;jah
2017-07-18;0,935;68;14,2;jah
2017-07-19;1,15;79;14,5;jah
2017-07-20;0,985;71;14,2;jah
2017-07-21;0,889;66;14,4;jah
2017-07-22;0,825;63;14,7;jah
2017-07-23;0,793;62;14,8;jah
2017-07-24;0,743;60;15,3;jah
2017-07-25;0,69;57;15,8;jah
2017-07-26;0,656;56;16,6;jah
2017-07-27;0,629;55;16,8;jah
2017-07-28;0,64;57;16,9;jah
2017-07-29;0,624;56;16,6;jah
2017-07-30;0,62;56;16,2;jah
2017-07-31;0,618;56;16,4;jah
2017-08-01;0,608;56;17,2;jah
2017-08-02;0,593;55;17,1;jah
2017-08-03;0,591;55;17,4;jah
2017-08-04;0,649;61;17,2;jah
2017-08-05;0,744;67;16,9;jah
2017-08-06;0,795;71;16,7;jah
2017-08-07;0,745;67;16,5;jah
2017-08-08;0,668;62;16,2;jah
2017-08-09;0,613;58;16;jah
2017-08-10;0,575;56;16,7;jah
2017-08-11;0,559;54;16,7;jah
2017-08-12;0,555;54;17,4;jah
2017-08-13;0,946;82;17,8;jah
2017-08-14;1,03;84;16,8;jah
2017-08-15;0,881;73;15,5;jah
2017-08-16;0,79;67;15,4;jah
2017-08-17;0,745;63;16;jah
2017-08-18;0,803;67;16,7;jah
2017-08-19;0,905;74;17;jah
2017-08-20;1,5;106;16,8;jah
2017-08-21;1,59;108;15,8;jah
2017-08-22;1,51;103;14,7;jah
2017-08-23;1,4;99;13,8;jah
2017-08-24;2,33;129;13,4;jah
2017-08-25;2,9;139;13,1;jah
2017-08-26;2,34;126;13,3;jah
2017-08-27;1,71;109;13;jah
2017-08-28;1,41;97;12,6;jah
2017-08-29;1,24;88;11,9;jah
2017-08-30;1,13;83;12,5;jah
2017-08-31;1,04;77;13,8;jah
2017-09-01;0,952;72;14,2;jah
2017-09-02;0,922;71;13;jah
2017-09-03;1,14;85;12,6;jah
2017-09-04;1,17;86;12,3;jah
2017-09-05;1,08;80;11,6;jah
2017-09-06;0,999;75;10,7;jah
2017-09-07;1,01;73;11;jah
2017-09-08;1,06;72;11,5;jah
2017-09-09;1,09;71;11,9;jah
2017-09-10;1,13;70;12,7;jah
2017-09-11;1,55;89;13,5;jah
2017-09-12;1,82;95;14;jah
2017-09-13;2,14;105;14;jah
2017-09-14;2,71;118;13,5;jah
2017-09-15;2,86;119;12,6;jah
2017-09-16;3,7;135;12,3;jah
2017-09-17;5,1;152;11,9;jah
2017-09-18;4,77;146;11,4;jah
2017-09-19;7;174;11,4;jah
2017-09-20;9,09;196;12;jah
2017-09-21;7,03;175;12;jah
2017-09-22;4,44;143;12,2;jah
2017-09-23;2,92;114;11,8;jah
2017-09-24;2,24;94;11;jah
2017-09-25;1,96;82;10,4;jah
2017-09-26;1,8;75;10;jah
2017-09-27;1,69;69;9,6;jah
2017-09-28;1,63;65;9,8;jah
2017-09-29;1,57;61;8,7;jah
2017-09-30;1,54;59;9;jah
2017-10-01;1,57;59;8,9;jah
2017-10-02;1,55;56;8,5;jah
2017-10-03;1,49;54;7,6;jah
2017-10-04;1,66;57;8,6;jah
2017-10-05;1,97;66;9;jah
2017-10-06;2,57;80;8,7;jah
2017-10-07;2,58;78;8,8;jah
2017-10-08;3,14;91;8,7;jah
2017-10-09;3,61;99;8,7;jah
2017-10-10;4;106;8,5;jah
2017-10-11;4,4;112;8,5;jah
2017-10-12;4,81;117;8,4;jah
2017-10-13;5,2;121;8,7;jah
2017-10-14;5,42;123;8,4;jah
2017-10-15;4,85;111;8,6;jah
2017-10-16;3,95;93;8,5;jah
2017-10-17;3,38;82;8,4;jah
2017-10-18;3,31;80;8,9;jah
2017-10-19;3,37;80;7,9;jah
2017-10-20;3,05;73;6,2;jah
2017-10-21;2,71;65;4,5;jah
2017-10-22;2,47;60;3,4;jah
2017-10-23;2,32;57;3,1;jah
2017-10-24;2,14;53;2,2;jah
2017-10-25;1,98;49;1,3;jah
2017-10-26;1,99;50;1,4;jah
2017-10-27;2,16;52;2,1;jah
2017-10-28;2,24;54;2,6;jah
2017-10-29;2,78;64;3,4;jah
2017-10-30;3,49;76;3,5;jah
2017-10-31;3,5;75;3;jah
2017-11-01;3,17;69;2,3;jah
2017-11-02;2,81;62;2,6;jah
2017-11-03;2,58;57;3;jah
2017-11-04;2,41;54;3,4;jah
2017-11-05;2,35;53;4,6;jah
2017-11-06;2,27;51;4,8;jah
2017-11-07;2,2;50;4,8;jah
2017-11-08;2,1;48;3,2;jah
2017-11-09;2,04;46;3,3;jah
2017-11-10;2,06;47;3,9;jah
2017-11-11;2,18;49;4,3;jah
2017-11-12;2,64;57;4,1;jah
2017-11-13;2,97;62;4;jah
2017-11-14;2,84;59;3,6;jah
2017-11-15;2,59;55;3,3;jah
2017-11-16;2,58;55;3,2;jah
2017-11-17;2,69;56;2,9;jah
2017-11-18;2,62;55;3,4;jah
2017-11-19;2,47;52;3,4;jah
2017-11-20;2,39;51;3,1;jah
2017-11-21;2,26;49;2,3;jah
2017-11-22;2,14;47;2;jah
2017-11-23;2,04;45;1,9;jah
2017-11-24;2,03;45;2,4;jah
2017-11-25;2,15;47;3,2;jah
2017-11-26;2,63;56;3,6;jah
2017-11-27;3,44;69;2,8;jah
2017-11-28;3,2;64;2,3;jah
2017-11-29;2,75;57;2,3;jah
2017-11-30;2,57;54;2,2;jah
2017-12-01;2,57;54;1,7;jah
2017-12-02;2,75;56;1,8;jah
2017-12-03;2,8;57;1,7;jah
2017-12-04;2,76;56;1,6;jah
2017-12-05;2,63;53;1,5;jah
2017-12-06;2,56;52;1;jah
2017-12-07;2,51;51;0,7;jah
2017-12-08;2,71;55;1,4;jah
2017-12-09;3,73;72;1,7;jah
2017-12-10;4,37;81;1,4;jah
2017-12-11;3,95;74;0,7;jah
2017-12-12;3,27;63;0,9;jah
2017-12-13;4,09;80;1,3;jah
2017-12-14;5,51;102;0,2;jah
2017-12-15;5,51;99;0,5;jah
2017-12-16;4,2;78;1,1;jah
2017-12-17;3,5;67;1,4;jah
2017-12-18;3,15;61;1,4;jah
2017-12-19;2,92;57;1,2;jah
2017-12-20;2,76;54;1,4;jah
2017-12-21;2,64;52;1;jah
2017-12-22;2,61;52;1,3;jah
2017-12-23;2,56;51;1,2;jah
2017-12-24;2,65;53;0,9;jah
2017-12-25;2,48;51;0,1;jah
2017-12-26;2,95;61;1,5;jah
2017-12-27;4,36;85;1,7;jah
2017-12-28;4,86;93;1,4;jah
2017-12-29;4,32;83;1,9;jah
2017-12-30;4,09;81;2,1;jah
2017-12-31;4,3;84;1,3;jah
2018-01-01;3,82;75;1,3;jah
2018-01-02;3,63;73;1,9;jah
2018-01-03;3,75;75;2,1;jah
2018-01-04;3,46;69;2,2;jah
2018-01-05;3,26;66;2,7;jah
2018-01-06;3,41;70;2,9;jah
2018-01-07;3,48;71;1,6;jah
2018-01-08;3,07;63;0,5;jah
2018-01-09;2,69;56;0,7;jah
2018-01-10;2,6;55;1,1;jah
2018-01-11;2,5;53;0,9;jah
2018-01-12;2,28;51;0,3;jah
2018-01-13;2,15;71;0;jah
2018-01-14;2,08;80;0;jah
2018-01-15;2,02;80;0;jah
2018-01-16;1,96;78;0;jah
2018-01-17;1,89;66;0;jah
2018-01-18;1,83;58;0;jah
2018-01-19;1,77;52;0;jah
2018-01-20;1,71;48;0;jah
2018-01-21;1,64;44;0;jah
2018-01-22;1,56;43;0;jah
2018-01-23;1,49;42;0;jah
2018-01-24;1,42;42;0;jah
2018-01-25;1,48;44;0,1;jah
2018-01-26;1,72;50;0,3;jah
2018-01-27;1,91;54;0,6;jah
2018-01-28;1,87;52;0,8;jah
2018-01-29;1,86;51;1;jah
2018-01-30;1,86;51;0,8;jah
2018-01-31;1,75;47;0,2;jah
2018-02-01;1,73;47;0,1;jah
2018-02-02;1,76;47;0,8;jah
2018-02-03;1,71;46;1,1;jah
2018-02-04;1,68;47;0,4;jah
2018-02-05;1,67;64;0;jah
2018-02-06;1,67;71;0;jah
2018-02-07;1,67;71;0;jah
2018-02-08;1,67;69;0;jah
2018-02-09;1,63;66;0;jah
2018-02-10;1,59;59;0;jah
2018-02-11;1,55;48;0;jah
2018-02-12;1,51;44;0;jah
2018-02-13;1,45;41;0,1;jah
2018-02-14;1,39;40;0;jah
2018-02-15;1,38;48;0;jah
2018-02-16;1,36;48;0;jah
2018-02-17;1,35;42;0;jah
2018-02-18;1,3;40;0;jah
2018-02-19;1,24;40;0;jah
2018-02-20;1,19;39;0;jah
2018-02-21;1,13;39;0;jah
2018-02-22;1,13;40;0;jah
2018-02-23;1,07;38;0;jah
2018-02-24;1,01;37;0;jah
2018-02-25;0,965;36;0;jah
2018-02-26;0,974;38;0;jah
2018-02-27;0,974;39;0;jah
2018-02-28;0,962;39;0;jah
2018-03-01;1,01;42;0;jah
2018-03-02;1,05;45;0;jah
2018-03-03;1,04;46;0;jah
2018-03-04;1,03;47;0;jah
2018-03-05;1,02;47;0;jah
2018-03-06;0,987;48;0;jah
2018-03-07;0,981;48;0;jah
2018-03-08;1,06;48;0;jah
2018-03-09;1,13;48;0;jah
2018-03-10;1,19;47;0;jah
2018-03-11;1,21;45;0;jah
2018-03-12;1,17;42;0,1;jah
2018-03-13;1,52;54;0,1;jah
2018-03-14;4,34;117;0,1;jah
2018-03-15;4,14;114;0;jah
2018-03-16;2,91;76;0;jah
2018-03-17;2,28;63;0;jah
2018-03-18;2,13;55;0;jah
2018-03-19;1,97;48;0,1;jah
2018-03-20;1,83;44;0,4;jah
2018-03-21;1,8;44;0,2;jah
2018-03-22;1,77;40;0,3;jah
2018-03-23;1,74;40;0,9;jah
2018-03-24;1,75;39;1,5;jah
2018-03-25;1,81;40;1,6;jah
2018-03-26;1,97;42;1,3;jah
2018-03-27;1,98;46;0,3;jah
2018-03-28;1,98;48;0,2;jah
2018-03-29;1,98;46;0,6;jah
2018-03-30;1,97;40;0,5;jah
2018-03-31;1,84;37;1,2;jah
2018-04-01;1,84;37;2;jah
2018-04-02;2,25;45;1,5;jah
2018-04-03;3,12;57;1,3;jah
2018-04-04;2,95;54;1,8;jah
2018-04-05;3,87;70;2,2;jah
2018-04-06;5,51;97;1,8;jah
2018-04-07;6,94;115;2,5;jah
2018-04-08;6,38;108;2,9;jah
2018-04-09;5,55;99;4,5;jah
2018-04-10;5,63;101;4;jah
2018-04-11;5,4;96;3,2;jah
2018-04-12;4,19;76;3,5;jah
2018-04-13;3,5;66;4,3;jah
2018-04-14;3,19;61;5,1;jah
2018-04-15;3,11;59;5,6;jah
2018-04-16;3,16;60;6,7;jah
2018-04-17;3,51;68;6,8;jah
2018-04-18;4,74;89;6;jah
2018-04-19;4,88;89;6,3;jah
2018-04-20;4,13;77;7;jah
2018-04-21;3,61;68;8,2;jah
2018-04-22;3,27;62;7,3;jah
2018-04-23;2,86;55;7;jah
2018-04-24;2,61;51;7,7;jah
2018-04-25;2,57;51;8,6;jah
2018-04-26;2,59;52;8,9;jah
2018-04-27;2,58;52;8,1;jah
2018-04-28;2,44;50;8,1;jah
2018-04-29;2,31;48;8,3;jah
2018-04-30;2,41;50;9,1;jah
2018-05-01;2,58;55;10,4;jah
2018-05-02;2,83;59;11,2;jah
2018-05-03;2,51;53;10,7;jah
2018-05-04;2,25;48;11,2;jah
2018-05-05;2,1;46;10,5;jah
2018-05-06;1,98;44;11;jah
2018-05-07;1,91;43;12,6;jah
2018-05-08;1,78;41;13,8;jah
2018-05-09;1,64;39;13,2;jah
2018-05-10;1,54;38;13,2;jah
2018-05-11;1,46;37;13,6;jah
2018-05-12;1,37;36;14,2;jah
2018-05-13;1,33;36;15;jah
2018-05-14;1,26;35;15,8;jah
2018-05-15;1,2;34;16,7;jah
2018-05-16;1,14;34;17,2;jah
2018-05-17;1,13;34;17;jah
2018-05-18;1,09;34;16,1;jah
2018-05-19;1,26;39;15,1;jah
2018-05-20;1,17;37;14,6;jah
2018-05-21;1,04;35;15,2;jah
2018-05-22;0,986;34;15,5;jah
2018-05-23;0,938;34;16,7;jah
2018-05-24;0,924;35;16,7;jah
2018-05-25;0,884;34;16,5;jah
2018-05-26;0,837;34;16,9;jah
2018-05-27;0,81;34;17,6;jah
2018-05-28;0,762;34;16,7;jah
2018-05-29;0,726;33;17,2;jah
2018-05-30;0,697;34;18,2;jah
2018-05-31;0,659;33;17,3;jah
2018-06-01;0,628;34;16,3;jah
2018-06-02;0,615;35;16,4;jah
2018-06-03;0,598;35;17,4;jah
2018-06-04;0,603;38;16,7;jah
2018-06-05;0,643;40;13,4;jah
2018-06-06;0,624;40;12,6;jah
2018-06-07;0,606;40;12,9;jah
2018-06-08;0,615;42;14,4;jah
2018-06-09;0,604;42;14,6;jah
2018-06-10;0,578;41;15,3;jah
2018-06-11;0,568;42;16,2;jah
2018-06-12;0,841;61;16,5;jah
2018-06-13;0,807;59;15,7;jah
2018-06-14;0,707;54;16,9;jah
2018-06-15;0,635;51;17,4;jah
2018-06-16;0,583;49;17,9;jah
2018-06-17;0,546;48;17,9;jah
2018-06-18;0,551;50;18,5;jah
2018-06-19;0,531;51;17;jah
2018-06-20;0,574;56;16,4;jah
2018-06-21;0,575;59;16,5;jah
2018-06-22;0,726;72;16,7;jah
2018-06-23;0,744;72;15,9;jah
2018-06-24;0,705;70;14,9;jah
2018-06-25;0,822;79;14,6;jah
2018-06-26;0,874;82;15,4;jah
2018-06-27;0,792;75;16,6;jah
2018-06-28;0,718;69;17,9;jah
2018-06-29;0,677;66;17,8;jah
2018-06-30;0,66;65;16;jah
2018-07-01;0,654;64;13,7;jah
2018-07-02;0,72;70;12,9;jah
2018-07-03;0,8;76;13,7;jah
2018-07-04;0,874;81;14,7;jah
2018-07-05;0,817;78;15,4;jah
2018-07-06;0,758;75;15,2;jah
2018-07-07;0,759;76;16,2;jah
2018-07-08;0,738;75;17,6;jah
2018-07-09;0,684;72;17,4;jah
2018-07-10;0,663;72;17,1;jah
2018-07-11;0,641;71;16,9;jah
2018-07-12;0,616;70;17,5;jah
2018-07-13;0,586;68;18,6;jah
2018-07-14;0,544;65;19,6;jah
2018-07-15;0,51;63;20,1;jah
2018-07-16;0,482;61;20,7;jah
2018-07-17;0,464;59;21,1;jah
2018-07-18;0,446;57;21,4;jah
2018-07-19;0,443;56;21,5;jah
2018-07-20;0,448;56;20,6;jah
2018-07-21;0,484;60;20,3;jah
2018-07-22;0,492;59;20,6;jah
2018-07-23;0,473;57;20,8;jah
2018-07-24;0,45;54;21,5;jah
2018-07-25;0,439;53;21,1;jah
2018-07-26;0,429;51;20,7;jah
2018-07-27;0,418;50;20,5;jah
2018-07-28;0,405;48;21,2;jah
2018-07-29;0,396;47;22,1;jah
2018-07-30;0,387;46;22,7;jah
2018-07-31;0,378;45;22,6;jah
2018-08-01;0,36;43;22,4;jah
2018-08-02;0,34;41;21,8;jah
2018-08-03;0,34;41;21;jah
2018-08-04;0,344;41;20,2;jah
2018-08-05;0,359;42;19,9;jah
2018-08-06;0,347;41;19,4;jah
2018-08-07;0,355;41;18,5;jah
2018-08-08;0,343;40;17,8;jah
2018-08-09;0,331;39;18,6;jah
2018-08-10;0,319;37;19,7;jah
2018-08-11;0,303;36;20,2;jah
2018-08-12;0,345;40;18,7;jah
2018-08-13;0,415;46;17,3;jah
2018-08-14;0,437;47;16,5;jah
2018-08-15;0,472;50;16,3;jah
2018-08-16;0,568;56;16,4;jah
2018-08-17;0,572;55;16,6;jah
2018-08-18;0,528;50;17,5;jah
2018-08-19;0,514;49;17,2;jah
2018-08-20;0,525;49;16,5;jah
2018-08-21;0,688;60;16,1;jah
2018-08-22;0,681;58;15,1;jah
2018-08-23;0,589;50;15;jah
2018-08-24;0,526;45;15,7;jah
2018-08-25;0,548;47;16;jah
2018-08-26;0,721;57;15,5;jah
2018-08-27;0,713;56;15,4;jah
2018-08-28;0,689;53;14,7;jah
2018-08-29;0,638;49;14,7;jah
2018-08-30;0,609;47;15;jah
2018-08-31;0,641;48;14,9;jah
2018-09-01;0,651;48;15,7;jah
2018-09-02;0,616;45;15,6;jah
2018-09-03;0,576;42;15,2;jah
2018-09-04;0,561;40;14,8;jah
2018-09-05;0,565;40;14,6;jah
2018-09-06;0,578;40;15,5;jah
2018-09-07;0,562;38;15,4;jah
2018-09-08;0,534;36;15,2;jah
2018-09-09;0,509;34;15;jah
2018-09-10;0,515;35;14,6;jah
2018-09-11;0,683;44;14,6;jah
2018-09-12;0,808;48;14,8;jah
2018-09-13;0,687;41;14,1;jah
2018-09-14;0,587;35;13;jah
2018-09-15;0,582;34;12,6;jah
2018-09-16;0,59;34;13;jah
2018-09-17;0,596;33;11,8;jah
2018-09-18;0,654;35;12,3;jah
2018-09-19;0,657;34;13,2;jah
2018-09-20;0,635;32;14,2;jah
2018-09-21;0,644;31;14,7;jah
2018-09-22;0,656;31;14,3;jah
2018-09-23;0,683;31;12,3;jah
2018-09-24;0,756;33;11,1;jah
2018-09-25;0,769;33;9,6;jah
2018-09-26;0,776;33;8,7;jah
2018-09-27;0,936;38;9,5;jah
2018-09-28;1,41;55;9,3;jah
2018-09-29;1,66;59;8,6;jah
2018-09-30;1,18;44;8,6;jah
2018-10-01;0,964;38;9,3;jah
2018-10-02;0,896;36;8,9;jah
2018-10-03;0,891;36;8,5;jah
2018-10-04;0,889;36;8,1;jah
2018-10-05;0,877;35;7;jah
2018-10-06;0,964;38;9,2;jah
2018-10-07;1,01;40;9,5;jah
2018-10-08;1,07;41;8,2;jah
2018-10-09;0,997;39;8,5;jah
2018-10-10;0,935;38;9,4;jah
2018-10-11;0,872;36;9,6;jah
2018-10-12;0,827;35;9,5;jah
2018-10-13;0,804;34;9,4;jah
2018-10-14;0,779;34;9,1;jah
2018-10-15;0,758;34;8,3;jah
2018-10-16;0,738;33;8,1;jah
2018-10-17;0,722;33;7,5;jah
2018-10-18;0,709;33;7,3;jah
2018-10-19;0,698;33;7,7;jah
2018-10-20;0,682;33;6,3;jah
2018-10-21;0,67;33;5,5;jah
2018-10-22;0,664;33;6,5;jah
2018-10-23;0,671;33;6,2;jah
2018-10-24;0,806;38;5,8;jah
2018-10-25;0,85;38;5,2;jah
2018-10-26;0,842;36;5,2;jah
2018-10-27;0,875;37;3,9;jah
2018-10-28;1,34;51;3,8;jah
2018-10-29;1,45;52;3,1;jah
2018-10-30;1,26;44;2,8;jah
2018-10-31;1,23;43;4,1;jah
2018-11-01;1,49;49;4,9;jah
2018-11-02;1,48;47;6,2;jah
2018-11-03;1,39;43;7,2;jah
2018-11-04;1,28;40;7,2;jah
2018-11-05;1,25;38;5,8;jah
2018-11-06;1,23;37;6;jah
2018-11-07;1,23;36;6,6;jah
2018-11-08;1,24;36;6,6;jah
2018-11-09;1,19;35;6,3;jah
2018-11-10;1,17;35;5,8;jah
2018-11-11;1,16;35;5,3;jah
2018-11-12;1,14;34;4,9;jah
2018-11-13;1,19;36;5;jah
2018-11-14;1,37;41;5,8;jah
2018-11-15;1,41;41;6;jah
2018-11-16;1,33;39;6,1;jah
2018-11-17;1,26;38;5,6;jah
2018-11-18;1,23;37;5,4;jah
2018-11-19;1,2;37;4,5;jah
2018-11-20;1,16;36;3,6;jah
2018-11-21;1,13;35;3,3;jah
2018-11-22;1,12;35;3,1;jah
2018-11-23;1,11;35;3,2;jah
2018-11-24;1,1;35;3,2;jah
2018-11-25;1,09;35;2;jah
2018-11-26;1,06;34;1,5;jah
2018-11-27;1,05;34;0,9;jah
2018-11-28;1,02;40;0,4;jah
2018-11-29;1,01;58;0,3;jah
2018-11-30;0,998;40;0,3;jah
2018-12-01;0,988;32;0,2;jah
2018-12-02;1;31;0,2;jah
2018-12-03;1,02;32;0,3;jah
2018-12-04;1,06;32;0,3;jah
2018-12-05;1,12;34;0,3;jah
2018-12-06;1,16;34;0,3;jah
2018-12-07;1,16;34;0,6;jah
2018-12-08;1,17;34;0,9;jah
2018-12-09;1,19;34;1,6;jah
2018-12-10;1,23;35;2;jah
2018-12-11;1,27;35;2;jah
2018-12-12;1,27;35;1,9;jah
2018-12-13;1,24;35;1,6;jah
2018-12-14;1,22;34;1,3;jah
2018-12-15;1,18;34;0,9;jah
2018-12-16;1,15;38;0,2;jah
2018-12-17;1,13;35;0,3;jah
2018-12-18;1,11;33;0,2;jah
2018-12-19;1,1;33;0,2;jah
2018-12-20;1,09;44;0,2;jah
2018-12-21;1,09;52;0,2;jah
2018-12-22;1,08;51;0,2;jah
2018-12-23;1,08;45;0,2;jah
2018-12-24;1,07;41;0,2;jah
2018-12-25;1,07;37;0,2;jah
2018-12-26;1,06;36;0,2;jah
2018-12-27;1,05;34;0,4;jah
2018-12-28;1,01;34;0,7;jah
2018-12-29;0,969;35;1,1;jah
2018-12-30;0,922;34;1,6;jah
2018-12-31;0,872;34;1,7;jah
2019-01-01;0,832;35;1,5;jah
2019-01-02;0,837;37;1,6;jah
2019-01-03;0,8;38;0,4;jah
2019-01-04;0,88;50;0,2;jah
2019-01-05;1;59;0,2;jah
2019-01-06;1,1;68;0,2;jah
2019-01-07;1,15;65;0,2;jah
2019-01-08;0,988;51;0,2;jah
2019-01-09;0,836;41;0,2;jah
2019-01-10;0,81;38;0,2;jah
2019-01-11;0,825;36;0,2;jah
2019-01-12;0,851;35;0,2;jah
2019-01-13;0,9;34;0,3;jah
2019-01-14;0,976;35;0,4;jah
2019-01-15;1,04;35;0,2;jah
2019-01-16;1,09;35;0,2;jah
2019-01-17;1,17;36;0,3;jah
2019-01-18;1,2;42;0,2;jah
2019-01-19;1,2;48;0,2;jah
2019-01-20;1,19;47;0,2;jah
2019-01-21;1,19;46;0,2;jah
2019-01-22;1,19;50;0,2;jah
2019-01-23;1,18;43;0,2;jah
2019-01-24;1,18;37;0,2;jah
2019-01-25;1,17;35;0,2;jah
2019-01-26;1,17;36;0,2;jah
2019-01-27;1,16;36;0,2;jah
2019-01-28;1,16;36;0,2;jah
2019-01-29;1,16;36;0,2;jah
2019-01-30;1,16;37;0,2;jah
2019-01-31;1,16;37;0,2;jah
2019-02-01;1,14;37;0,2;jah
2019-02-02;1,19;39;0,2;jah
2019-02-03;1,3;42;0,2;jah
2019-02-04;1,31;43;0,2;jah
2019-02-05;1,33;43;0,2;jah
2019-02-06;1,33;41;0,2;jah
2019-02-07;1,27;38;0,2;jah
2019-02-08;1,41;40;0,3;jah
2019-02-09;1,38;38;0,4;jah
2019-02-10;1,46;39;0,6;jah
2019-02-11;1,81;45;0,5;jah
2019-02-12;2,31;54;0,3;jah
2019-02-13;2,32;55;0,3;jah
2019-02-14;2,16;50;0,6;jah
2019-02-15;2,1;49;1,4;jah
2019-02-16;2,77;64;1,2;jah
2019-02-17;3,47;77;0,6;jah
2019-02-18;3,3;74;0,3;jah
2019-02-19;2,76;62;1;jah
2019-02-20;3,13;71;1,3;jah
2019-02-21;3,61;85;0,2;jah
2019-02-22;3,52;81;0,2;jah
2019-02-23;3,42;75;0,2;jah
2019-02-24;2,57;57;0,3;jah
2019-02-25;2,14;49;0,9;jah
2019-02-26;2,21;51;1,2;jah
2019-02-27;2,25;51;1,2;jah
2019-02-28;2,22;51;1,4;jah
2019-03-01;2,26;51;0,7;jah
2019-03-02;2,09;51;0,2;jah
2019-03-03;2,04;47;0,8;jah
2019-03-04;1,91;44;0,9;jah
2019-03-05;2,26;52;1,4;jah
2019-03-06;2,87;64;0,3;jah
2019-03-07;2,8;59;0,4;jah
2019-03-08;2,74;58;1,7;jah
2019-03-09;3,88;79;1,3;jah
2019-03-10;4,65;90;1,3;jah
2019-03-11;4,91;93;0,8;jah
2019-03-12;4,46;84;0,5;jah
2019-03-13;3,46;68;0,9;jah
2019-03-14;2,82;57;1,7;jah
2019-03-15;2,82;58;2,6;jah
2019-03-16;3,52;71;2,7;jah
2019-03-17;4,32;84;2,4;jah
2019-03-18;4,89;94;2,7;jah
2019-03-19;5,84;108;2,7;jah
2019-03-20;6,24;112;2,9;jah
2019-03-21;5,63;103;3,6;jah
2019-03-22;5,42;100;4;jah
2019-03-23;5,73;103;3;jah
2019-03-24;5,21;94;3,7;jah
2019-03-25;4,53;83;3,2;jah
2019-03-26;4,09;76;3;jah
2019-03-27;3,63;68;2,5;jah
2019-03-28;3,11;59;3,1;jah
2019-03-29;2,87;55;4,7;jah
2019-03-30;2,89;55;5,6;jah
2019-03-31;2,91;55;5,8;jah
2019-04-01;2,84;54;5,1;jah
2019-04-02;2,59;50;4,4;jah
2019-04-03;2,34;47;4,5;jah
2019-04-04;2,17;45;4,8;jah
2019-04-05;2,06;43;5,2;jah
2019-04-06;1,98;43;5,5;jah
2019-04-07;1,87;41;5,9;jah
2019-04-08;1,83;41;6,1;jah
2019-04-09;1,78;41;5,4;jah
2019-04-10;1,8;42;4,9;jah
2019-04-11;1,75;41;4,1;jah
2019-04-12;1,65;40;3,7;jah
2019-04-13;1,58;39;3,5;jah
2019-04-14;1,51;39;4,7;jah
2019-04-15;1,46;38;5,3;jah
2019-04-16;1,42;38;6,3;jah
2019-04-17;1,36;37;7,3;jah
2019-04-18;1,32;37;8;jah
2019-04-19;1,28;37;8,3;jah
2019-04-20;1,24;37;9,6;jah
2019-04-21;1,19;36;9,2;jah
2019-04-22;1,15;36;9,6;jah
2019-04-23;1,12;35;10,6;jah
2019-04-24;1,12;35;11,1;jah
2019-04-25;1,1;35;11,2;jah
2019-04-26;1,1;35;11,9;jah
2019-04-27;1,1;34;13;jah
2019-04-28;1,1;34;12,4;jah
2019-04-29;1,11;34;10,9;jah
2019-04-30;1,09;34;10,4;jah
2019-05-01;1,08;33;10,3;jah
2019-05-02;1,14;35;9,3;jah
2019-05-03;1,38;40;7,7;jah
2019-05-04;1,35;39;7,6;jah
2019-05-05;1,34;39;7,1;jah
2019-05-06;1,44;40;7,6;jah
2019-05-07;1,38;39;8,2;jah
2019-05-08;1,33;38;8,6;jah
2019-05-09;1,25;36;9,8;jah
2019-05-10;1,2;36;10;jah
2019-05-11;1,25;37;9,3;jah
2019-05-12;1,99;53;10,2;jah
2019-05-13;2;52;10,8;jah
2019-05-14;1,7;46;10,6;jah
2019-05-15;1,5;43;10,8;jah
2019-05-16;1,36;40;11,8;jah
2019-05-17;1,25;38;12,7;jah
2019-05-18;1,19;37;13,8;jah
2019-05-19;1,13;35;15;jah
2019-05-20;1,07;34;16,3;jah
2019-05-21;1,03;34;17,2;jah
2019-05-22;0,987;33;18;jah
2019-05-23;1,01;33;17,6;jah
2019-05-24;0,973;33;15,5;jah
2019-05-25;0,959;33;14,2;jah
2019-05-26;0,967;33;13,5;jah
2019-05-27;1,15;38;12,7;jah
2019-05-28;1,14;38;13,2;jah
2019-05-29;1,13;39;13,9;jah
2019-05-30;1,09;39;14,1;jah
2019-05-31;0,945;36;12,7;jah
2019-06-01;0,854;34;13,1;jah
2019-06-02;0,776;33;14,4;jah
2019-06-03;0,716;32;14,6;jah
2019-06-04;0,668;31;16,5;jah
2019-06-05;0,648;31;18,3;jah
2019-06-06;0,601;31;19,4;jah
2019-06-07;0,585;31;20,1;jah
2019-06-08;0,534;30;20,8;jah
2019-06-09;0,508;30;19,9;jah
2019-06-10;0,495;31;18,3;jah
2019-06-11;0,479;32;17,4;jah
2019-06-12;0,73;45;17,8;jah
2019-06-13;0,754;46;17,9;jah
2019-06-14;1,22;67;17,7;jah
2019-06-15;1,35;69;18;jah
2019-06-16;1,16;60;18,5;jah
2019-06-17;1,03;54;18,3;jah
2019-06-18;0,97;51;18,5;jah
2019-06-19;0,932;49;18,7;jah
2019-06-20;0,913;47;19,5;jah
2019-06-21;0,9;46;20,4;jah
2019-06-22;0,894;45;19,9;jah
2019-06-23;0,864;44;18,7;jah
2019-06-24;0,886;44;18,2;jah
2019-06-25;0,881;44;17,8;jah
2019-06-26;0,939;47;16,9;jah
2019-06-27;1,03;52;15,5;jah
2019-06-28;1,09;56;15,6;jah
2019-06-29;0,983;53;16;jah
2019-06-30;0,87;50;17,1;jah
2019-07-01;0,787;48;18,4;jah
2019-07-02;0,707;46;18;jah
2019-07-03;0,76;52;16,4;jah
2019-07-04;0,831;57;15,6;jah
2019-07-05;0,752;55;15;jah
2019-07-06;0,808;62;13,9;jah
2019-07-07;0,982;76;13,8;jah
2019-07-08;1,15;91;14,6;jah
2019-07-09;1,02;83;15;jah
2019-07-10;0,992;84;14,6;jah
2019-07-11;1,01;86;14;jah
2019-07-12;0,908;80;14;jah
2019-07-13;0,815;74;14;jah
2019-07-14;0,783;74;14,2;jah
2019-07-15;0,806;76;14,8;jah
2019-07-16;0,755;74;15;jah
2019-07-17;0,778;77;15,3;jah
2019-07-18;0,726;74;16;jah
2019-07-19;0,686;72;16;jah
2019-07-20;0,675;72;16,5;jah
2019-07-21;0,619;68;17;jah
2019-07-22;0,59;68;16,8;jah
2019-07-23;0,725;81;17,3;jah
2019-07-24;0,714;79;17,9;jah
2019-07-25;0,638;72;18,6;jah
2019-07-26;0,595;69;18,4;jah
2019-07-27;0,564;66;18,9;jah
2019-07-28;0,533;63;19,4;jah
2019-07-29;0,506;60;18,7;jah
2019-07-30;0,502;60;16;jah
2019-07-31;0,575;67;14,1;jah
2019-08-01;0,593;68;14,5;jah
2019-08-02;0,567;66;14,6;jah
2019-08-03;0,547;64;14,2;jah
2019-08-04;0,53;62;13,1;jah
2019-08-05;0,521;61;13;jah
2019-08-06;0,506;60;13,5;jah
2019-08-07;0,529;63;14,4;jah
2019-08-08;0,615;70;14,8;jah
2019-08-09;0,608;69;15,3;jah
2019-08-10;0,781;85;15;jah
2019-08-11;0,781;84;15,4;jah
2019-08-12;0,787;85;15,5;jah
2019-08-13;0,818;88;15,8;jah
2019-08-14;0,832;89;15,5;jah
2019-08-15;0,756;82;15;jah
2019-08-16;0,69;77;14,4;jah
2019-08-17;0,651;74;14,7;jah
2019-08-18;0,6;69;15;jah
2019-08-19;0,546;65;15,3;jah
2019-08-20;0,51;62;15,5;jah
2019-08-21;0,501;62;14,4;jah
2019-08-22;0,609;72;13,8;jah
2019-08-23;0,638;74;14,2;jah
2019-08-24;0,588;68;15,5;jah
2019-08-25;0,532;63;15;jah
2019-08-26;0,502;60;14,8;jah
2019-08-27;0,478;58;15,4;jah
2019-08-28;0,456;55;15,7;jah
2019-08-29;0,45;54;15,6;jah
2019-08-30;0,436;53;16,1;jah
2019-08-31;0,497;59;15,9;jah
2019-09-01;0,496;58;15,2;jah
2019-09-02;0,467;55;15,2;jah
2019-09-03;0,48;56;15,3;jah
2019-09-04;0,473;55;14,3;jah
2019-09-05;0,455;53;13,9;jah
2019-09-06;0,443;52;14,3;jah
2019-09-07;0,447;51;13,4;jah
2019-09-08;0,46;50;12,6;jah
2019-09-09;0,479;50;14,1;jah
2019-09-10;0,477;48;14,6;jah
2019-09-11;0,474;46;14,6;jah
2019-09-12;0,457;44;14,2;jah
2019-09-13;0,482;45;13,5;jah
2019-09-14;0,662;56;12,5;jah
2019-09-15;0,76;61;11;jah
2019-09-16;1,02;75;11;jah
2019-09-17;1;71;11,2;jah
2019-09-18;0,912;64;9,7;jah
2019-09-19;0,858;61;8,8;jah
2019-09-20;0,799;56;8,6;jah
2019-09-21;0,787;56;8,8;jah
2019-09-22;0,846;58;9,4;jah
2019-09-23;0,79;54;7,6;jah
2019-09-24;0,72;50;7,3;jah
2019-09-25;0,694;48;7,8;jah
2019-09-26;0,693;46;7,1;jah
2019-09-27;0,707;45;6,5;jah
2019-09-28;0,717;44;6,6;jah
2019-09-29;0,819;48;8,2;jah
2019-09-30;0,9;49;9,4;jah
2019-10-01;0,905;47;9,6;jah
2019-10-02;0,846;44;8,8;jah
2019-10-03;0,881;44;8,4;jah
2019-10-04;0,849;41;7,8;jah
2019-10-05;0,855;40;6,4;jah
2019-10-06;0,844;39;5,2;jah
2019-10-07;0,849;38;5,3;jah
2019-10-08;0,857;38;4,9;jah
2019-10-09;0,865;37;5,6;jah
2019-10-10;0,907;38;6,6;jah
2019-10-11;1,03;41;7,3;jah
2019-10-12;1,69;60;8,6;jah
2019-10-13;2,55;80;9;jah
2019-10-14;2,6;79;8,4;jah
2019-10-15;2,68;80;8,4;jah
2019-10-16;2,44;71;8;jah
2019-10-17;1,97;59;8,1;jah
2019-10-18;1,82;54;9,2;jah
2019-10-19;1,67;50;9,7;jah
2019-10-20;1,56;46;9,1;jah
2019-10-21;1,46;44;9,6;jah
2019-10-22;1,46;43;8,9;jah
2019-10-23;1,44;42;9,4;jah
2019-10-24;1,41;41;9,3;jah
2019-10-25;1,38;40;8,7;jah
2019-10-26;1,4;40;9,3;jah
2019-10-27;1,82;49;9,4;jah
2019-10-28;2,7;65;7,8;jah
2019-10-29;2,69;63;5,9;jah
2019-10-30;2,22;53;3,9;jah
2019-10-31;1,92;47;3,4;jah
2019-11-01;1,84;46;3,8;jah
2019-11-02;1,83;45;4,1;jah
2019-11-03;1,92;47;4,9;jah
2019-11-04;2,91;68;5,6;jah
2019-11-05;5,84;119;4,8;jah
2019-11-06;14,3;205;3,6;jah
2019-11-07;13;187;2,8;jah
2019-11-08;8,11;138;3,4;jah
2019-11-09;5,45;106;4,3;jah
2019-11-10;4,46;91;5,6;jah
2019-11-11;3,93;83;5,8;jah
2019-11-12;3,49;74;5,5;jah
2019-11-13;3,01;66;5,7;jah
2019-11-14;2,81;63;6,7;jah
2019-11-15;2,71;61;6,4;jah
2019-11-16;2,49;56;6;jah
2019-11-17;2,29;53;6,1;jah
2019-11-18;2,13;50;6,1;jah
2019-11-19;2,03;48;6,4;jah
2019-11-20;1,94;47;6;jah
2019-11-21;1,86;45;5,5;jah
2019-11-22;1,81;44;4;jah
2019-11-23;1,75;43;2,2;jah
2019-11-24;1,68;41;0,8;jah
2019-11-25;1,62;55;0,3;jah
2019-11-26;1,59;40;0,5;jah
2019-11-27;1,55;39;1,3;jah
2019-11-28;1,58;40;2;jah
2019-11-29;1,63;41;2,6;jah
2019-11-30;1,7;42;2;jah
2019-12-01;1,7;40;1;jah
2019-12-02;1,67;40;0,8;jah
2019-12-03;1,67;56;0,3;jah
2019-12-04;1,66;43;0,9;jah
2019-12-05;1,75;41;2,7;jah
2019-12-06;1,86;42;3,3;jah
2019-12-07;1,91;43;3,7;jah
2019-12-08;2,28;49;3,2;jah
2019-12-09;2,73;58;3,7;jah
2019-12-10;2,84;61;3,6;jah
2019-12-11;2,52;55;2,1;jah
2019-12-12;2,08;49;1,2;jah
2019-12-13;1,88;46;1,5;jah
2019-12-14;1,83;46;2,1;jah
2019-12-15;1,87;46;2,4;jah
2019-12-16;1,98;48;2,8;jah
2019-12-17;2,17;51;3,1;jah
2019-12-18;2,21;52;3,8;jah
2019-12-19;2,17;51;3,4;jah
2019-12-20;2;48;2,8;jah
2019-12-21;1,87;47;3;jah
2019-12-22;1,8;46;3,6;jah
2019-12-23;1,74;45;4,2;jah
2019-12-24;1,7;44;4,6;jah
2019-12-25;1,78;46;4,6;jah
2019-12-26;1,84;47;4,1;jah
2019-12-27;1,77;46;3,3;jah
2019-12-28;1,7;44;2,3;jah
2019-12-29;1,58;42;1,5;jah
2019-12-30;1,57;43;2,2;jah
2019-12-31;1,85;47;2,9;jah
2020-01-01;1,94;48;2,1;jah
2020-01-02;1,86;46;2,9;jah
2020-01-03;1,79;45;3,4;jah
2020-01-04;1,77;45;3;jah
2020-01-05;1,85;45;2,1;jah
2020-01-06;1,78;44;1,5;jah
2020-01-07;1,8;45;2,4;jah
2020-01-08;2,15;50;2,9;jah
2020-01-09;2,9;61;3,1;jah
2020-01-10;3,12;63;3,2;jah
2020-01-11;2,73;56;2,7;jah
2020-01-12;2,36;51;2,6;jah
2020-01-13;2,32;50;2,8;jah
2020-01-14;2,25;49;2,7;jah
2020-01-15;2,15;48;3,4;jah
2020-01-16;2,16;47;4,5;jah
2020-01-17;2,1;46;4,5;jah
2020-01-18;1,94;45;3,1;jah
2020-01-19;1,84;44;3,2;jah
2020-01-20;1,75;43;2,9;jah
2020-01-21;1,69;43;3,6;jah
2020-01-22;1,7;43;2,6;jah
2020-01-23;1,62;42;1,6;jah
2020-01-24;1,57;41;2,4;jah
2020-01-25;1,61;42;2,3;jah
2020-01-26;1,58;41;2,1;jah
2020-01-27;1,59;41;3,2;jah
2020-01-28;1,71;43;3,6;jah
2020-01-29;1,74;43;3,1;jah
2020-01-30;1,79;44;3;jah
2020-01-31;1,82;44;3;jah
2020-02-01;1,78;44;3;jah
2020-02-02;2,01;47;3,8;jah
2020-02-03;2,39;53;3,3;jah
2020-02-04;2,3;50;1,4;jah
2020-02-05;1,86;47;0,3;jah
2020-02-06;1,83;45;0,5;jah
2020-02-07;1,73;60;0,3;jah
2020-02-08;1,65;48;0,4;jah
2020-02-09;1,63;40;1,5;jah
2020-02-10;1,81;43;1,8;jah
2020-02-11;2,3;50;2,2;jah
2020-02-12;2,71;55;2,1;jah
2020-02-13;2,69;55;2,2;jah
2020-02-14;2,65;54;1,9;jah
2020-02-15;2,3;49;1,4;jah
2020-02-16;2,11;47;2,2;jah
2020-02-17;2,27;51;3,7;jah
2020-02-18;3,03;63;4;jah
2020-02-19;3,57;71;3,9;jah
2020-02-20;3,66;73;3,8;jah
2020-02-21;3,41;69;3,1;jah
2020-02-22;2,99;64;3,3;jah
2020-02-23;3,78;79;3,5;jah
2020-02-24;5,69;109;2,8;jah
2020-02-25;5,58;105;1,6;jah
2020-02-26;4,28;86;1,9;jah
2020-02-27;3,72;77;2;jah
2020-02-28;3,46;72;1,4;jah
2020-02-29;2,87;62;0,7;jah
2020-03-01;2,77;61;1,2;jah
2020-03-02;2,95;63;2,1;jah
2020-03-03;3,4;70;2,5;jah
2020-03-04;3,72;75;3;jah
2020-03-05;4,71;92;3,5;jah
2020-03-06;6,18;111;2,9;jah
2020-03-07;5,61;101;2,6;jah
2020-03-08;4,45;83;2,8;jah
2020-03-09;3,74;72;2,6;jah
2020-03-10;3,35;66;2,8;jah
2020-03-11;3,2;65;3,2;jah
2020-03-12;3,35;67;3,7;jah
2020-03-13;3,94;77;3,8;jah
2020-03-14;4,42;83;3,4;jah
2020-03-15;4,02;75;2,7;jah
2020-03-16;3,29;65;2,7;jah
2020-03-17;3,1;62;2,9;jah
2020-03-18;2,98;61;3,6;jah
2020-03-19;3,33;66;4,2;jah
2020-03-20;3,26;64;4,3;jah
2020-03-21;2,86;58;3,8;jah
2020-03-22;2,45;52;3,1;jah
2020-03-23;2,04;46;2,7;jah
2020-03-24;1,83;43;2,8;jah
2020-03-25;1,82;44;3,3;jah
2020-03-26;1,8;43;3,8;jah
2020-03-27;1,73;42;4,1;jah
2020-03-28;1,62;41;4,5;jah
2020-03-29;1,6;40;4,9;jah
2020-03-30;1,47;38;3,9;jah
2020-03-31;1,41;37;3,8;jah
2020-04-01;1,42;38;4,4;jah
2020-04-02;1,46;39;4,9;jah
2020-04-03;1,58;41;5,1;jah
2020-04-04;1,63;41;4,9;jah
2020-04-05;1,57;40;5,2;jah
2020-04-06;1,5;39;5,6;jah
2020-04-07;1,5;39;6,4;jah
2020-04-08;1,43;38;7,8;jah
2020-04-09;1,4;38;7,6;jah
2020-04-10;1,38;38;6,5;jah
2020-04-11;1,36;37;6,3;jah
2020-04-12;1,36;38;5,4;jah
2020-04-13;1,44;39;6,1;jah
2020-04-14;1,55;41;4,9;jah
2020-04-15;1,86;46;4,8;jah
2020-04-16;2,7;59;4,9;jah
2020-04-17;3,42;69;5,2;jah
2020-04-18;3,19;64;5,4;jah
2020-04-19;2,65;56;5,8;jah
2020-04-20;2,25;50;6,5;jah
2020-04-21;2,03;47;7,3;jah
2020-04-22;1,88;44;8;jah
2020-04-23;1,78;43;8,6;jah
2020-04-24;1,7;41;8,4;jah
2020-04-25;1,64;40;8,2;jah
2020-04-26;1,59;39;7,6;jah
2020-04-27;1,54;39;8,2;jah
2020-04-28;1,57;39;6,6;jah
2020-04-29;2,11;48;6,8;jah
2020-04-30;2,23;49;6,7;jah
2020-05-01;1,95;45;7,7;jah
2020-05-02;1,73;43;9,4;jah
2020-05-03;1,8;45;10,9;jah
2020-05-04;2,03;49;11,7;jah
2020-05-05;1,88;47;10,9;jah
2020-05-06;1,7;44;11,4;jah
2020-05-07;1,57;43;11,1;jah
2020-05-08;1,43;41;10,9;jah
2020-05-09;1,35;40;11,6;jah
2020-05-10;1,28;40;11,9;jah
2020-05-11;1,21;39;11,4;jah
2020-05-12;1,13;37;9,7;jah
2020-05-13;1,11;37;8,8;jah
2020-05-14;1,11;37;9,3;jah
2020-05-15;1,09;36;9;jah
2020-05-16;1,09;36;9,8;jah
2020-05-17;1,18;38;9,5;jah
2020-05-18;1,36;41;9,7;jah
2020-05-19;1,31;40;9,5;jah
2020-05-20;1,27;39;9,6;jah
2020-05-21;1,4;42;8,9;jah
2020-05-22;1,71;47;10,3;jah
2020-05-23;1,52;43;11,2;jah
2020-05-24;1,3;39;12;jah
2020-05-25;1,23;38;13,2;jah
2020-05-26;1,16;36;12,8;jah
2020-05-27;1,09;35;14,2;jah
2020-05-28;1,03;35;14,4;jah
2020-05-29;0,974;34;13,9;jah
2020-05-30;0,899;33;14,1;jah
2020-05-31;0,855;32;14,6;jah
2020-06-01;0,798;31;13,8;jah
2020-06-02;0,779;31;13,5;jah
2020-06-03;0,75;31;13,4;jah
2020-06-04;0,756;32;13,4;jah
2020-06-05;0,952;38;14;jah
2020-06-06;0,993;40;14,9;jah
2020-06-07;1,02;42;15,8;jah
2020-06-08;0,92;40;17,8;jah
2020-06-09;0,982;43;18,3;jah
2020-06-10;0,946;44;17,5;jah
2020-06-11;0,949;46;17,1;jah
2020-06-12;1,29;60;16,4;jah
2020-06-13;1,26;60;16,8;jah
2020-06-14;0,994;53;16,9;jah
2020-06-15;0,837;50;17,3;jah
2020-06-16;0,916;58;17,5;jah
2020-06-17;0,963;63;19;jah
2020-06-18;0,859;59;20,5;jah
2020-06-19;0,762;55;21,3;jah
2020-06-20;0,759;57;20,1;jah
2020-06-21;0,946;69;18,9;jah
2020-06-22;0,884;65;18,8;jah
2020-06-23;0,768;61;19,3;jah
2020-06-24;0,698;58;19,6;jah
2020-06-25;0,617;54;20,2;jah
2020-06-26;0,61;55;20,4;jah
2020-06-27;0,591;55;20,9;jah
2020-06-28;0,551;54;21,2;jah
2020-06-29;0,556;58;20,8;jah
2020-06-30;1,3;107;18,9;jah
2020-07-01;2,04;131;17,4;jah
2020-07-02;1,54;118;17,3;jah
2020-07-03;1,15;103;17,7;jah
2020-07-04;0,941;92;17,7;jah
2020-07-05;0,844;87;17,6;jah
2020-07-06;0,838;88;17,7;jah
2020-07-07;0,815;87;17;jah
2020-07-08;0,763;84;16,3;jah
2020-07-09;0,726;82;16;jah
2020-07-10;0,709;82;14,9;jah
2020-07-11;0,741;86;15;jah
2020-07-12;0,768;89;15,4;jah
2020-07-13;0,723;86;15,5;jah
2020-07-14;0,663;82;15,6;jah
2020-07-15;0,608;77;15,5;jah
2020-07-16;0,576;74;15,8;jah
2020-07-17;0,55;71;16,4;jah
2020-07-18;0,523;68;17,2;jah
2020-07-19;0,5;66;17,8;jah
2020-07-20;0,499;66;17,7;jah
2020-07-21;0,604;76;17,1;jah
2020-07-22;0,612;76;16,6;jah
2020-07-23;0,611;76;15,5;jah
2020-07-24;0,628;77;14,7;jah
2020-07-25;0,651;80;15,1;jah
2020-07-26;0,704;84;15,4;jah
2020-07-27;0,676;81;16;jah
2020-07-28;0,614;75;16,7;jah
2020-07-29;0,662;81;16,7;jah
2020-07-30;0,821;93;16,2;jah
2020-07-31;0,767;88;16;jah
2020-08-01;0,746;86;15,4;jah
2020-08-02;0,724;84;14,8;jah
2020-08-03;0,682;79;15,1;jah
2020-08-04;0,65;77;15,6;jah
2020-08-05;0,762;87;16,3;jah
2020-08-06;0,853;93;16,5;jah
2020-08-07;0,785;87;17,1;jah
2020-08-08;0,71;81;18;jah
2020-08-09;0,652;75;18,1;jah
2020-08-10;0,604;71;17,9;jah
2020-08-11;0,566;67;16,3;jah
2020-08-12;0,538;65;15,3;jah
2020-08-13;0,527;64;14,6;jah
2020-08-14;0,576;68;14,9;jah
2020-08-15;0,594;69;15,6;jah
2020-08-16;0,58;68;16,3;jah
2020-08-17;0,537;63;16,6;jah
2020-08-18;0,492;59;15,7;jah
2020-08-19;0,487;59;15,1;jah
2020-08-20;0,465;56;15;jah
2020-08-21;0,43;53;15,5;jah
2020-08-22;0,43;54;15,2;jah
2020-08-23;0,487;59;15,9;jah
2020-08-24;0,515;60;16,4;jah
2020-08-25;0,508;59;15,7;jah
2020-08-26;0,615;68;15;jah
2020-08-27;0,675;71;14,4;jah
2020-08-28;0,681;70;13,6;jah
2020-08-29;0,632;65;12,7;jah
2020-08-30;0,748;75;13,3;jah
2020-08-31;0,83;78;13,5;jah
2020-09-01;0,775;73;13,4;jah
2020-09-02;0,746;70;13,7;jah
2020-09-03;0,725;68;13,8;jah
2020-09-04;0,819;74;13,7;jah
2020-09-05;0,807;71;14,2;jah
2020-09-06;0,744;66;14,5;jah
2020-09-07;0,701;63;13,9;jah
2020-09-08;0,704;63;13,1;jah
2020-09-09;0,785;67;13,1;jah
2020-09-10;0,862;71;13,2;jah
2020-09-11;0,9;72;12,4;jah
2020-09-12;0,829;66;12,1;jah
2020-09-13;0,762;61;12,7;jah
2020-09-14;0,704;57;13,2;jah
2020-09-15;0,693;55;13,4;jah
2020-09-16;0,709;55;13,7;jah
2020-09-17;0,722;54;13,2;jah
2020-09-18;0,74;54;11,6;jah
2020-09-19;0,748;53;11,4;jah
2020-09-20;0,689;49;10,5;jah
2020-09-21;0,654;47;10,9;jah
2020-09-22;0,655;46;11,9;jah
2020-09-23;0,602;42;11,4;jah
2020-09-24;0,582;41;11,8;jah
2020-09-25;0,55;39;12,3;jah
2020-09-26;0,549;38;12,4;jah
2020-09-27;0,506;36;12,3;jah
2020-09-28;0,497;35;11,8;jah
2020-09-29;0,493;34;11,8;jah
2020-09-30;0,512;34;12,1;jah
2020-10-01;0,537;35;10,8;jah
2020-10-02;0,536;34;9,9;jah
2020-10-03;0,544;34;10,1;jah
2020-10-04;0,543;33;10,9;jah
2020-10-05;0,558;33;11,8;jah
2020-10-06;0,572;33;12,3;jah
2020-10-07;0,618;34;11,4;jah
2020-10-08;0,595;33;11,3;jah
2020-10-09;0,586;32;10,9;jah
2020-10-10;0,599;32;10,4;jah
2020-10-11;0,636;33;10,4;jah
2020-10-12;0,68;34;10,4;jah
2020-10-13;0,699;34;9,6;jah
2020-10-14;0,709;34;8,2;jah
2020-10-15;0,767;36;8,1;jah
2020-10-16;0,812;37;7,3;jah
2020-10-17;0,788;36;6,5;jah
2020-10-18;0,778;35;6,1;jah
2020-10-19;0,823;37;5,3;jah
2020-10-20;0,945;40;5;jah
2020-10-21;0,934;39;5;jah
2020-10-22;0,966;40;6,6;jah
2020-10-23;1,11;43;8,2;jah
2020-10-24;1,08;42;7,8;jah
2020-10-25;1,04;41;7,8;jah
2020-10-26;0,978;39;7,7;jah
2020-10-27;0,971;39;8,6;jah
2020-10-28;1,01;40;8,6;jah
2020-10-29;1,06;41;8,2;jah
2020-10-30;1,11;42;8,7;jah
2020-10-31;1,05;41;8,4;jah
2020-11-01;0,996;39;7,6;jah
2020-11-02;0,963;38;6,5;jah
2020-11-03;0,941;38;7,1;jah
2020-11-04;0,926;37;7,2;jah
2020-11-05;0,921;37;7,2;jah
2020-11-06;0,922;37;7;jah
2020-11-07;0,912;37;7;jah
2020-11-08;0,917;37;7,4;jah
2020-11-09;0,918;37;5;jah
2020-11-10;0,932;37;5;jah
2020-11-11;0,939;37;4,7;jah
2020-11-12;0,956;38;5,2;jah
2020-11-13;0,959;37;4,6;jah
2020-11-14;0,938;37;4,2;jah
2020-11-15;0,924;36;4;jah
2020-11-16;0,92;36;3,9;jah
2020-11-17;0,927;36;4,2;jah
2020-11-18;0,959;37;5,1;jah
2020-11-19;1,02;38;7;jah
2020-11-20;1,08;39;5,4;jah
2020-11-21;1,1;39;3,7;jah
2020-11-22;1,15;41;3,9;jah
2020-11-23;1,23;42;4,3;jah
2020-11-24;1,18;41;4,1;jah
2020-11-25;1,14;40;4,4;jah
2020-11-26;1,19;41;5,4;jah
2020-11-27;1,25;42;4,9;jah
2020-11-28;1,25;42;4,2;jah
2020-11-29;1,21;40;3,9;jah
2020-11-30;1,15;39;3,4;jah
2020-12-01;1,13;39;3,1;jah
2020-12-02;1,13;38;2,7;jah
2020-12-03;1,09;37;2,2;jah
2020-12-04;1,07;36;2,2;jah
2020-12-05;1,06;36;2,8;jah
2020-12-06;1,07;36;3,1;jah
2020-12-07;1,05;35;1,3;jah
2020-12-08;1,01;65;0,4;jah
2020-12-09;0,992;50;0,3;jah
2020-12-10;0,972;35;0,3;jah
2020-12-11;0,928;31;0,3;jah
2020-12-12;0,925;31;0,3;jah
2020-12-13;0,942;31;0,3;jah
2020-12-14;0,942;31;0,4;jah
2020-12-15;0,966;32;0,6;jah
2020-12-16;0,99;32;0,9;jah
2020-12-17;1,05;33;1,9;jah
2020-12-18;1,16;36;2,1;jah
2020-12-19;1,74;46;2,3;jah
2020-12-20;2,03;49;2,5;jah
2020-12-21;1,76;45;2,2;jah
2020-12-22;1,59;42;2,3;jah
2020-12-23;1,51;41;2;jah
2020-12-24;1,49;40;2,4;jah
2020-12-25;1,57;41;2,1;jah
2020-12-26;1,57;41;1,3;jah
2020-12-27;1,49;40;0,9;jah
2020-12-28;1,42;39;0,5;jah
2020-12-29;1,4;38;1,2;jah
2020-12-30;1,47;39;1,6;jah
2020-12-31;1,68;43;1,9;jah
2021-01-01;1,76;43;2,1;jah
2021-01-02;1,78;44;1,7;jah
2021-01-03;1,77;43;1,7;jah
2021-01-04;1,67;41;1,6;jah
2021-01-05;1,58;40;1,5;jah
2021-01-06;1,56;39;1,4;jah
2021-01-07;1,57;39;1,3;jah
2021-01-08;1,49;38;0,9;jah
2021-01-09;1,42;53;0,4;jah
2021-01-10;1,36;74;0,4;jah
2021-01-11;1,3;62;0,4;jah
2021-01-12;1,25;45;0,3;jah
2021-01-13;1,2;38;0,4;jah
2021-01-14;1,15;36;0,3;jah
2021-01-15;1,1;38;0,3;jah
2021-01-16;1,05;38;0,3;jah
2021-01-17;0,999;35;0,4;jah
2021-01-18;0,974;35;0,4;jah
2021-01-19;0,952;38;0,4;jah
2021-01-20;0,951;37;0,4;jah
2021-01-21;0,947;36;0,4;jah
2021-01-22;0,943;36;0,4;jah
2021-01-23;0,983;37;0,4;jah
2021-01-24;1,01;38;0,4;jah
2021-01-25;1,01;38;0,6;jah
2021-01-26;1,05;39;0,6;jah
2021-01-27;1,15;42;0,8;jah
2021-01-28;1,2;43;1,1;jah
2021-01-29;1,18;42;0,8;jah
2021-01-30;1,15;41;0,6;jah
2021-01-31;1,14;42;0,3;jah
2021-02-01;1,13;45;0,3;jah
2021-02-02;1,12;47;0,3;jah
2021-02-03;1,12;45;0,3;jah
2021-02-04;1,11;55;0,4;jah
2021-02-05;1,1;61;0,4;jah
2021-02-06;1,1;60;0,4;jah
2021-02-07;1,09;53;0,4;jah
2021-02-08;1,08;45;0,4;jah
2021-02-09;1,08;45;0,4;jah
2021-02-10;1,08;41;0,4;jah
2021-02-11;1,08;39;0,4;jah
2021-02-12;1,11;40;0,4;jah
2021-02-13;1,07;38;0,4;jah
2021-02-14;1,08;38;0,4;jah
2021-02-15;1,1;38;0,4;jah
2021-02-16;1,1;38;0,4;jah
2021-02-17;1,13;38;0,4;jah
2021-02-18;1,08;36;0,4;jah
2021-02-19;1,08;36;0,4;jah
2021-02-20;1,11;36;0,4;jah
2021-02-21;1,23;39;0,4;jah
2021-02-22;1,46;43;0,4;jah
2021-02-23;1,46;43;0,4;jah
2021-02-24;1,65;46;0,4;jah
2021-02-25;2,45;64;0,5;jah
2021-02-26;4,82;108;0,6;jah
2021-02-27;8,02;147;0,7;jah
2021-02-28;6,51;125;1;jah
2021-03-01;5,12;105;1,3;jah
2021-03-02;4,51;94;1,9;jah
2021-03-03;4,16;87;1,4;jah
2021-03-04;3,79;79;1,6;jah
2021-03-05;3,27;69;0,9;jah
2021-03-06;2,75;58;0,4;jah
2021-03-07;2,48;56;0,4;jah
2021-03-08;2,24;55;0,4;jah
2021-03-09;2,14;62;0,4;jah
2021-03-10;2,08;65;0,4;jah
2021-03-11;2,02;58;0,4;jah
2021-03-12;1,97;49;0,4;jah
2021-03-13;2,19;53;0,6;jah
2021-03-14;2,99;67;1;jah
2021-03-15;3,84;82;1,5;jah
2021-03-16;4,23;87;1,6;jah
2021-03-17;3,86;79;1,5;jah
2021-03-18;3,09;66;1,7;jah
2021-03-19;2,56;55;1,1;jah
2021-03-20;2,38;51;0,5;jah
2021-03-21;2,28;50;1,1;jah
2021-03-22;2,18;48;1,4;jah
2021-03-23;2,08;45;1,3;jah
2021-03-24;1,98;46;2,8;jah
2021-03-25;2,31;52;3,7;jah
2021-03-26;3,01;64;3,9;jah
2021-03-27;3,36;69;3,5;jah
2021-03-28;3,38;70;3,6;jah
2021-03-29;3,26;68;3,7;jah
2021-03-30;3,17;67;5,2;jah
2021-03-31;3,48;73;5,8;jah
2021-04-01;3,46;72;5,8;jah
2021-04-02;2,99;64;5;jah
2021-04-03;2,55;57;4,6;jah
2021-04-04;2,26;52;4,5;jah
2021-04-05;2,06;49;4,6;jah
2021-04-06;1,98;48;4,4;jah
2021-04-07;1,91;47;4,3;jah
2021-04-08;1,8;45;4,1;jah
2021-04-09;1,7;43;4,2;jah
2021-04-10;1,66;43;5,1;jah
2021-04-11;1,59;41;5,2;jah
2021-04-12;1,53;41;7,1;jah
2021-04-13;1,48;40;7,8;jah
2021-04-14;1,45;40;8,2;jah
2021-04-15;1,4;39;7,9;jah
2021-04-16;1,36;38;7,8;jah
2021-04-17;1,27;36;8,5;jah
2021-04-18;1,25;36;9,2;jah
2021-04-19;1,22;36;9,3;jah
2021-04-20;1,2;35;9,5;jah
2021-04-21;1,22;35;9,1;jah
2021-04-22;1,24;35;8,8;jah
2021-04-23;1,28;36;8,4;jah
2021-04-24;1,36;37;7,9;jah
2021-04-25;1,48;39;7,3;jah
2021-04-26;1,68;42;6,8;jah
2021-04-27;1,95;46;6,8;jah
2021-04-28;1,98;46;7;jah
2021-04-29;1,78;43;7,4;jah
2021-04-30;1,69;41;7,8;jah
2021-05-01;1,59;39;7,4;jah
2021-05-02;1,54;39;8,3;jah
2021-05-03;1,74;44;6,7;jah
2021-05-04;3,41;72;6,2;jah
2021-05-05;3,83;78;6,4;jah
2021-05-06;3,58;74;7,4;jah
2021-05-07;3,82;79;8,3;jah
2021-05-08;3,83;79;8,7;jah
2021-05-09;3,63;76;9;jah
2021-05-10;2,95;64;11,4;jah
2021-05-11;2,29;53;13,8;jah
2021-05-12;1,92;47;14,9;jah
2021-05-13;1,69;43;15,6;jah
2021-05-14;1,53;40;14,8;jah
2021-05-15;1,48;39;14,2;jah
2021-05-16;1,47;39;15,4;jah
2021-05-17;1,44;40;15,1;jah
2021-05-18;2,04;52;14,3;jah
2021-05-19;2,37;57;13,8;jah
2021-05-20;2,02;51;12,3;jah
2021-05-21;2,44;60;11,5;jah
2021-05-22;3,18;73;11,5;jah
2021-05-23;3,13;74;11,4;jah
2021-05-24;4,46;100;11,6;jah
2021-05-25;4,95;107;12,2;jah
2021-05-26;3,87;89;12,2;jah
2021-05-27;4,06;96;11,3;jah
2021-05-28;4,64;107;12,1;jah
2021-05-29;4,14;98;12,3;jah
2021-05-30;3;76;12,2;jah
2021-05-31;2,31;63;12,6;jah
2021-06-01;1,97;57;14;jah
2021-06-02;1,72;52;14,5;jah
2021-06-03;1,49;48;15,6;jah
2021-06-04;1,33;45;16,1;jah
2021-06-05;1,22;43;17;jah
2021-06-06;1,12;41;17,3;jah
2021-06-07;1,03;39;17,7;jah
2021-06-08;0,995;39;18,1;jah
2021-06-09;0,965;39;17,9;jah
2021-06-10;0,966;40;17,8;jah
2021-06-11;0,933;40;18,2;jah
2021-06-12;0,843;38;18,3;jah
2021-06-13;0,865;40;17,7;jah
2021-06-14;0,919;42;17,1;jah
2021-06-15;0,831;40;16,9;jah
2021-06-16;0,776;40;16,8;jah
2021-06-17;0,733;39;17,7;jah
2021-06-18;0,697;39;19;jah
2021-06-19;0,655;38;20,2;jah
2021-06-20;0,625;38;21,2;jah
2021-06-21;0,608;39;22,3;jah
2021-06-22;0,585;39;22,7;jah
2021-06-23;0,56;39;23,1;jah
2021-06-24;0,616;45;22,1;jah
2021-06-25;1,8;106;20,7;jah
2021-06-26;2,52;126;20,6;jah
2021-06-27;1,42;93;19,8;jah
2021-06-28;1,04;79;19,2;jah
2021-06-29;0,919;73;18,6;jah
2021-06-30;0,835;68;18,8;jah
2021-07-01;0,757;64;19,6;jah
2021-07-02;0,704;62;19,7;jah
2021-07-03;0,664;60;19,3;jah
2021-07-04;0,622;58;19,5;jah
2021-07-05;0,58;55;19,8;jah
2021-07-06;0,557;55;20,3;jah
2021-07-07;0,526;53;21,1;jah
2021-07-08;0,493;51;22;jah
2021-07-09;0,48;51;22,8;jah
2021-07-10;0,488;52;22,9;jah
2021-07-11;0,461;51;22,4;jah
2021-07-12;0,435;49;22,1;jah
2021-07-13;0,421;49;22,5;jah
2021-07-14;0,419;49;22,7;jah
2021-07-15;0,572;64;22,9;jah
2021-07-16;0,656;68;22,7;jah
2021-07-17;0,56;60;22,4;jah
2021-07-18;0,508;56;21,6;jah
2021-07-19;0,462;52;20,6;jah
2021-07-20;0,428;49;18,7;jah
2021-07-21;0,415;48;17,8;jah
2021-07-22;0,405;47;17;jah
2021-07-23;0,399;47;17,4;jah
2021-07-24;0,39;46;16,8;jah
2021-07-25;0,388;46;16,9;jah
2021-07-26;0,384;45;17,8;jah
2021-07-27;0,373;44;18,7;jah
2021-07-28;0,387;46;19,5;jah
2021-07-29;0,421;48;19,8;jah
2021-07-30;0,428;49;19,2;jah
2021-07-31;0,474;53;18,5;jah
2021-08-01;0,54;58;18,2;jah
2021-08-02;0,64;66;17,2;jah
2021-08-03;0,703;71;16,5;jah
2021-08-04;0,669;67;15,7;jah
2021-08-05;0,612;63;15,1;jah
2021-08-06;0,547;57;15,1;jah
2021-08-07;0,569;60;15,5;jah
2021-08-08;0,692;69;16,2;jah
2021-08-09;0,703;69;17;jah
2021-08-10;0,664;66;16,6;jah
2021-08-11;0,643;65;16,1;jah
2021-08-12;1,06;96;15,9;jah
2021-08-13;1,1;97;16,3;jah
2021-08-14;0,909;86;16,6;jah
2021-08-15;0,768;77;16,5;jah
2021-08-16;0,694;73;16,3;jah
2021-08-17;0,662;72;16,4;jah
2021-08-18;0,932;92;16;jah
2021-08-19;0,998;93;15,5;jah
2021-08-20;0,914;86;15,2;jah
2021-08-21;0,912;84;15,1;jah
2021-08-22;0,868;80;14,6;jah
2021-08-23;0,911;81;14,4;jah
2021-08-24;0,899;78;13,7;jah
2021-08-25;0,849;74;13,1;jah
2021-08-26;0,9;77;12,9;jah
2021-08-27;0,949;78;13,4;jah
2021-08-28;0,984;79;14,5;jah
2021-08-29;1;79;15;jah
2021-08-30;1,07;82;15,1;jah
2021-08-31;1,09;81;15;jah
2021-09-01;1,01;75;14,1;jah
2021-09-02;0,934;69;13,1;jah
2021-09-03;0,907;67;12,4;jah
2021-09-04;0,96;69;11,5;jah
2021-09-05;0,926;66;10,3;jah
2021-09-06;0,88;62;10,3;jah
2021-09-07;0,856;60;11,8;jah
2021-09-08;0,836;58;12,8;jah
2021-09-09;0,834;58;14;jah
2021-09-10;0,814;56;13,9;jah
2021-09-11;0,786;54;13,8;jah
2021-09-12;0,783;53;13,5;jah
2021-09-13;1,16;73;13,9;jah
2021-09-14;1,44;83;12,7;jah
2021-09-15;1,29;74;11,2;jah
2021-09-16;1,05;62;10,5;jah
2021-09-17;0,921;56;10,3;jah
2021-09-18;0,827;51;9,6;jah
2021-09-19;0,785;49;8,9;jah
2021-09-20;0,756;47;8,3;jah
2021-09-21;0,769;47;8,1;jah
2021-09-22;0,772;47;8,5;jah
2021-09-23;0,776;46;8,1;jah
2021-09-24;0,96;55;8,4;jah
2021-09-25;1,23;65;9,2;jah
2021-09-26;1,23;63;9,5;jah
2021-09-27;1,06;55;8,7;jah
2021-09-28;0,972;51;8,7;jah
2021-09-29;0,914;48;9,1;jah
2021-09-30;0,864;45;8,8;jah
2021-10-01;0,816;42;8,4;jah
2021-10-02;0,797;40;8,2;jah
2021-10-03;0,772;39;7,9;jah
2021-10-04;0,769;38;8,4;jah
2021-10-05;0,764;37;8,5;jah
2021-10-06;0,751;36;8,6;jah
2021-10-07;0,713;35;8,4;jah
2021-10-08;0,695;35;7,2;jah
2021-10-09;0,683;34;6,7;jah
2021-10-10;0,68;34;7,6;jah
2021-10-11;0,676;34;7,2;jah
2021-10-12;0,687;34;6,6;jah
2021-10-13;0,702;34;7;jah
2021-10-14;0,727;35;7,1;jah
2021-10-15;0,739;35;6,9;jah
2021-10-16;0,803;36;7,2;jah
2021-10-17;0,872;38;6,7;jah
2021-10-18;0,88;37;5,8;jah
2021-10-19;0,879;37;5,1;jah
2021-10-20;0,893;37;5,1;jah
2021-10-21;1,03;40;8,4;jah
2021-10-22;1,18;44;7,8;jah
2021-10-23;1,35;48;6,3;jah
2021-10-24;1,41;48;5,5;jah
2021-10-25;1,29;45;5,6;jah
2021-10-26;1,23;42;5,7;jah
2021-10-27;1,24;42;6,8;jah
2021-10-28;1,31;44;7,7;jah
2021-10-29;1,32;43;8,5;jah
2021-10-30;1,29;42;7,7;jah
2021-10-31;1,25;41;6,5;jah
2021-11-01;1,22;40;7,1;jah
2021-11-02;1,2;39;5,8;jah
2021-11-03;1,21;39;6,3;jah
2021-11-04;1,28;40;7;jah
2021-11-05;1,38;42;7,2;jah
2021-11-06;1,49;44;6,9;jah
2021-11-07;1,68;48;5,9;jah
2021-11-08;2,05;56;5,7;jah
2021-11-09;2,71;68;3,8;jah
2021-11-10;2,44;61;3,7;jah
2021-11-11;2,04;54;5,1;jah
2021-11-12;1,94;52;5,5;jah
2021-11-13;1,87;50;5,5;jah
2021-11-14;1,68;47;4,8;jah
2021-11-15;1,57;44;3;jah
2021-11-16;1,47;42;2,9;jah
2021-11-17;1,45;42;3,5;jah
2021-11-18;1,45;42;4,2;jah
2021-11-19;1,48;43;4,4;jah
2021-11-20;1,57;45;4,8;jah
2021-11-21;1,6;46;4;jah
2021-11-22;1,52;44;2,4;jah
2021-11-23;1,4;42;1,7;jah
2021-11-24;1,35;41;2,4;jah
2021-11-25;1,36;42;3,4;jah
2021-11-26;1,38;42;3,7;jah
2021-11-27;1,42;43;2,7;jah
2021-11-28;1,42;43;1,5;jah
2021-11-29;1,37;43;1,1;jah
2021-11-30;1,36;49;0,3;jah
2021-12-01;1,34;62;0,3;jah
2021-12-02;1,32;67;0,4;jah
2021-12-03;1,3;60;0,4;jah
2021-12-04;1,28;54;0,4;jah
2021-12-05;1,26;51;0,4;jah
2021-12-06;1,24;47;0,4;jah
2021-12-07;1,21;43;0,4;jah
2021-12-08;1,2;41;0,4;jah
2021-12-09;1,2;41;0,4;jah
2021-12-10;1,21;42;0,4;jah
2021-12-11;1,24;43;0,4;jah
2021-12-12;1,33;45;0,4;jah
2021-12-13;1,46;49;0,4;jah
2021-12-14;1,51;50;0,4;jah
2021-12-15;1,67;52;0,5;jah
2021-12-16;2,25;64;0,7;jah
2021-12-17;3,34;83;0,7;jah
2021-12-18;4,28;97;0,8;jah
2021-12-19;4,38;95;1,4;jah
2021-12-20;4,18;97;0,5;jah
2021-12-21;3,9;94;0,4;jah
2021-12-22;3,64;98;0,4;jah
2021-12-23;3,38;100;0,4;jah
2021-12-24;3,14;89;0,4;jah
2021-12-25;2,89;78;0,4;jah
2021-12-26;2,66;71;0,4;jah
2021-12-27;2,43;64;0,4;jah
2021-12-28;2,21;60;0,4;jah
2021-12-29;2,05;57;0,4;jah
2021-12-30;1,89;54;0,4;jah
2021-12-31;1,72;51;0,4;jah
2022-01-01;1,64;51;0,4;jah
2022-01-02;1,6;48;0,4;jah
2022-01-03;1,6;51;0,4;jah
2022-01-04;1,59;51;0,5;jah
2022-01-05;1,72;55;0,6;jah
2022-01-06;2,04;62;0,5;jah
2022-01-07;2,02;63;0,4;jah
2022-01-08;1,99;72;0,4;jah
2022-01-09;2;72;0,4;jah
2022-01-10;2,02;58;0,4;jah
2022-01-11;2,03;56;0,4;jah
2022-01-12;2,04;64;0,4;jah
2022-01-13;2,05;60;0,3;jah
2022-01-14;2,04;57;0,4;jah
2022-01-15;2,01;57;0,4;jah
2022-01-16;1,97;54;0,4;jah
2022-01-17;1,97;55;0,5;jah
2022-01-18;1,96;52;0,4;jah
2022-01-19;1,96;54;0,5;jah
2022-01-20;1,92;51;0,7;jah
2022-01-21;1,86;50;0,6;jah
2022-01-22;1,79;48;0,5;jah
2022-01-23;1,69;45;0,5;jah
2022-01-24;1,62;44;0,7;jah
2022-01-25;1,61;43;0,7;jah
2022-01-26;1,64;47;0,4;jah
2022-01-27;1,65;44;0,6;jah
2022-01-28;1,65;44;0,8;jah
2022-01-29;1,65;43;0,7;jah
2022-01-30;1,7;46;0,5;jah
2022-01-31;1,91;48;0,6;jah
2022-02-01;1,88;47;0,6;jah
2022-02-02;1,86;57;0,4;jah
2022-02-03;1,87;64;0,4;jah
2022-02-04;1,88;73;0,4;jah
2022-02-05;1,88;76;0,4;jah
2022-02-06;1,89;64;0,4;jah
2022-02-07;1,91;47;0,5;jah
2022-02-08;1,94;47;0,6;jah
2022-02-09;1,88;46;1;jah
2022-02-10;1,92;47;1,4;jah
2022-02-11;2,06;49;1,4;jah
2022-02-12;2,03;48;0,9;jah
2022-02-13;1,97;47;1,4;jah
2022-02-14;1,93;46;1,6;jah
2022-02-15;1,89;46;1,6;jah
2022-02-16;1,93;47;1,9;jah
2022-02-17;3,33;77;1,2;jah
2022-02-18;7,1;135;0,4;jah
2022-02-19;8,5;148;0,5;jah
2022-02-20;7,07;130;0,5;jah
2022-02-21;6,03;116;0,5;jah
2022-02-22;5,2;103;0,8;jah
2022-02-23;4,62;93;0,8;jah
2022-02-24;3,98;81;0,8;jah
2022-02-25;3,69;77;1,3;jah
2022-02-26;3,55;74;1,6;jah
2022-02-27;3,37;65;0,8;jah
2022-02-28;3,18;64;0,8;jah
2022-03-01;2,98;60;0,9;jah
2022-03-02;2,78;56;0,9;jah
2022-03-03;2,58;55;1,5;jah
2022-03-04;2,41;52;1,6;jah
2022-03-05;2,28;49;0,6;jah
2022-03-06;2,2;52;0,7;jah
2022-03-07;2,11;48;1,2;jah
2022-03-08;2;45;0,7;jah
2022-03-09;1,88;45;0,7;jah
2022-03-10;1,82;54;0,4;jah
2022-03-11;1,78;50;0,5;jah
2022-03-12;1,74;41;1,2;jah
2022-03-13;1,74;41;1,3;jah
2022-03-14;1,73;41;1,4;jah
2022-03-15;1,74;41;1,5;jah
2022-03-16;1,76;42;1,7;jah
2022-03-17;1,78;43;1,8;jah
2022-03-18;1,88;44;1,7;jah
2022-03-19;2;46;2,2;jah
2022-03-20;2,18;49;2,5;jah
2022-03-21;2,68;58;2,4;jah
2022-03-22;3,18;67;2,3;jah
2022-03-23;3,4;70;2,2;jah
2022-03-24;3,55;73;2,8;jah
2022-03-25;3,93;80;3,4;jah
2022-03-26;4,67;93;2,7;jah
2022-03-27;5,48;105;1,3;jah
2022-03-28;4,87;95;2;jah
2022-03-29;4,4;89;1,9;jah
2022-03-30;3,93;82;1,2;jah
2022-03-31;3,42;71;1,2;jah
2022-04-01;2,98;63;1,6;jah
2022-04-02;2,63;56;1,9;jah
2022-04-03;2,48;52;2,1;jah
2022-04-04;2,4;52;2,7;jah
2022-04-05;2,75;60;3;jah
2022-04-06;3,64;75;2,1;jah
2022-04-07;3,71;76;2,7;jah
2022-04-08;4,42;90;4,3;jah
2022-04-09;6,48;121;4,2;jah
2022-04-10;7,28;129;4,2;jah
2022-04-11;6,44;117;5,1;jah
2022-04-12;5,53;105;5,6;jah
2022-04-13;4,85;94;5,7;jah
2022-04-14;4,3;85;5,5;jah
2022-04-15;3,92;79;5,3;jah
2022-04-16;3,57;73;5,6;jah
2022-04-17;3,23;67;5,7;jah
2022-04-18;2,95;62;6,1;jah
2022-04-19;2,73;58;7,1;jah
2022-04-20;2,57;55;8,1;jah
2022-04-21;2,44;53;9,3;jah
2022-04-22;2,28;50;9,7;jah
2022-04-23;2,17;48;10;jah
2022-04-24;2,19;49;8,7;jah
2022-04-25;2,98;64;7,9;jah
2022-04-26;3,37;69;8,3;jah
2022-04-27;2,86;60;8,4;jah
2022-04-28;2,38;52;7,7;jah
2022-04-29;2,22;50;8;jah
2022-04-30;2,16;49;8,1;jah
2022-05-01;1,97;46;8,4;jah
2022-05-02;1,85;44;9;jah
2022-05-03;1,77;43;9,8;jah
2022-05-04;1,66;41;8,6;jah
2022-05-05;1,58;40;8,6;jah
2022-05-06;1,54;40;10,9;jah
2022-05-07;1,49;39;12,4;jah
2022-05-08;1,46;39;12,7;jah
2022-05-09;1,4;38;10,6;jah
2022-05-10;1,37;38;10,8;jah
2022-05-11;1,34;38;11,2;jah
2022-05-12;1,34;38;11,1;jah
2022-05-13;1,36;39;11,4;jah
2022-05-14;1,31;38;11,5;jah
2022-05-15;1,29;38;12,1;jah
2022-05-16;1,23;37;11,4;jah
2022-05-17;1,21;37;10,7;jah
2022-05-18;1,19;37;11,6;jah
2022-05-19;1,16;37;11,9;jah
2022-05-20;1,12;36;11,2;jah
2022-05-21;1,2;39;11,9;jah
2022-05-22;1,23;40;12,5;jah
2022-05-23;1,12;37;12,4;jah
2022-05-24;1,04;36;13,6;jah
2022-05-25;0,981;35;14,3;jah
2022-05-26;0,962;35;14,3;jah
2022-05-27;0,987;36;13,2;jah
2022-05-28;0,965;36;12,4;jah
2022-05-29;0,947;36;13;jah
2022-05-30;0,926;36;13,3;jah
2022-05-31;1,18;44;13;jah
2022-06-01;1,45;51;13,1;jah
2022-06-02;1,32;48;13,9;jah
2022-06-03;1,26;47;14,1;jah
2022-06-04;1,12;43;14,6;jah
2022-06-05;1,02;41;15,3;jah
2022-06-06;0,94;39;16,1;jah
2022-06-07;0,852;37;16,4;jah
2022-06-08;0,801;36;17;jah
2022-06-09;0,847;38;17,6;jah
2022-06-10;0,837;38;17,6;jah
2022-06-11;0,821;38;18,2;jah
2022-06-12;0,787;38;18,6;jah
2022-06-13;0,737;36;17,8;jah
2022-06-14;0,773;38;15,6;jah
2022-06-15;1,66;71;14,8;jah
2022-06-16;2,44;92;15,5;jah
2022-06-17;2,11;79;15,9;jah
2022-06-18;1,54;64;15,8;jah
2022-06-19;1,38;61;15,9;jah
2022-06-20;1,23;57;16,1;jah
2022-06-21;1,09;54;16,5;jah
2022-06-22;0,974;51;16,5;jah
2022-06-23;0,859;48;17;jah
2022-06-24;0,768;46;18,1;jah
2022-06-25;0,7;45;19,2;jah
2022-06-26;0,638;44;20,4;jah
2022-06-27;0,588;44;21,4;jah
2022-06-28;0,553;43;21,7;jah
2022-06-29;0,543;41;21,4;jah
2022-06-30;0,532;48;21,2;jah
2022-07-01;0,521;47;20,7;jah
2022-07-02;0,509;45;21;jah
2022-07-03;0,499;45;20,7;jah
2022-07-04;0,5;46;19,6;jah
2022-07-05;0,489;46;19,7;jah
2022-07-06;0,49;47;18,2;jah
2022-07-07;0,487;48;17,6;jah
2022-07-08;0,461;47;17,2;jah
2022-07-09;0,456;48;17,5;jah
2022-07-10;0,49;53;17,6;jah
2022-07-11;0,585;61;16,8;jah
2022-07-12;0,569;62;17,1;jah
2022-07-13;0,724;76;17,5;jah
2022-07-14;0,778;79;17,4;jah
2022-07-15;0,703;73;16,7;jah
2022-07-16;0,674;71;16,2;jah
2022-07-17;0,662;70;15,1;jah
2022-07-18;0,671;71;15,1;jah
2022-07-19;0,678;72;15,5;jah
2022-07-20;0,698;74;16,5;jah
2022-07-21;0,646;69;17;jah
2022-07-22;0,583;64;17,8;jah
2022-07-23;0,546;61;18,6;jah
2022-07-24;0,521;59;18,3;jah
2022-07-25;0,509;58;18,4;jah
2022-07-26;0,497;57;18,5;jah
2022-07-27;0,509;59;18,4;jah
2022-07-28;0,526;60;17,6;jah
2022-07-29;0,519;59;16,9;jah
2022-07-30;0,506;58;16,4;jah
2022-07-31;0,488;56;16,2;jah
2022-08-01;0,528;62;15,8;jah
2022-08-02;0,859;90;16;jah
2022-08-03;0,902;91;16,8;jah
2022-08-04;0,757;80;17,1;jah
2022-08-05;0,641;70;17,8;jah
2022-08-06;0,587;66;18,2;jah
2022-08-07;0,601;67;17;jah
2022-08-08;0,56;64;16,4;jah
2022-08-09;0,536;62;16,1;jah
2022-08-10;0,52;60;15,5;jah
2022-08-11;0,498;58;15,6;jah
2022-08-12;0,477;56;16,2;jah
2022-08-13;0,456;53;16,6;jah
2022-08-14;0,446;52;17,1;jah
2022-08-15;0,449;52;17,6;jah
2022-08-16;0,435;50;18,2;jah
2022-08-17;0,428;49;18,7;jah
2022-08-18;0,421;47;18,8;jah
2022-08-19;0,409;46;18,9;jah
2022-08-20;0,395;44;18,5;jah
2022-08-21;0,385;43;18,1;jah
2022-08-22;0,392;43;17,9;jah
2022-08-23;0,422;45;18,2;jah
2022-08-24;0,422;45;18,4;jah
2022-08-25;0,474;50;18,3;jah
2022-08-26;0,575;55;17,8;jah
2022-08-27;0,535;52;17,5;jah
2022-08-28;0,508;49;17,4;jah
2022-08-29;0,484;47;17;jah
2022-08-30;0,748;69;16,3;jah
2022-08-31;1,2;95;15;jah
2022-09-01;1;81;13,5;jah
2022-09-02;0,855;71;11,9;jah
2022-09-03;0,769;65;10,9;jah
2022-09-04;0,706;60;10,2;jah
2022-09-05;0,684;58;10,4;jah
2022-09-06;0,681;57;10,6;jah
2022-09-07;0,678;56;11;jah
2022-09-08;0,674;55;10;jah
2022-09-09;0,667;53;9;jah
2022-09-10;0,658;52;8,8;jah
2022-09-11;0,65;51;8,8;jah
2022-09-12;0,646;50;9,6;jah
2022-09-13;0,648;49;9,9;jah
2022-09-14;0,672;50;10,5;jah
2022-09-15;0,674;49;11,4;jah
2022-09-16;0,686;49;11,7;jah
2022-09-17;0,74;52;11,4;jah
2022-09-18;0,923;61;11,4;jah
2022-09-19;0,892;58;11,2;jah
2022-09-20;0,805;53;10,9;jah
2022-09-21;0,769;50;10,5;jah
2022-09-22;0,75;49;9,9;jah
2022-09-23;0,748;48;9,8;jah
2022-09-24;0,724;45;9,2;jah
2022-09-25;0,704;43;8,9;jah
2022-09-26;0,693;42;8;jah
2022-09-27;0,695;40;7,9;jah
2022-09-28;0,677;39;7,8;jah
2022-09-29;0,69;38;8,6;jah
2022-09-30;0,731;39;9;jah
2022-10-01;0,722;38;7,9;jah
2022-10-02;0,728;37;8,3;jah
2022-10-03;0,737;37;7,8;jah
2022-10-04;1;46;7,9;jah
2022-10-05;1,22;52;8,2;jah
2022-10-06;1,11;48;9,5;jah
2022-10-07;0,999;44;10,3;jah
2022-10-08;0,921;41;10,1;jah
2022-10-09;0,922;41;9,9;jah
2022-10-10;0,953;42;8,4;jah
2022-10-11;0,924;41;7,6;jah
2022-10-12;0,898;40;7,3;jah
2022-10-13;0,878;39;6,5;jah
2022-10-14;0,86;38;7,8;jah
2022-10-15;0,856;38;8,1;jah
2022-10-16;0,853;38;8,8;jah
2022-10-17;0,876;38;9,5;jah
2022-10-18;0,932;40;9,1;jah
2022-10-19;0,963;40;8,2;jah
2022-10-20;0,947;40;6,6;jah
2022-10-21;0,943;39;7,2;jah
2022-10-22;0,926;39;6,8;jah
2022-10-23;0,929;39;5,6;jah
2022-10-24;0,91;38;5,4;jah
2022-10-25;0,923;38;5,4;jah
2022-10-26;0,962;39;6,9;jah
2022-10-27;0,973;39;8,1;jah
2022-10-28;0,978;39;9;jah
2022-10-29;0,997;39;9,7;jah
2022-10-30;1,05;41;8,2;jah
2022-10-31;1,02;39;5,9;jah
2022-11-01;0,997;38;6,5;jah
2022-11-02;0,988;38;7,6;jah
2022-11-03;0,99;38;7,5;jah
2022-11-04;0,997;38;7,5;jah
2022-11-05;0,99;37;5,9;jah
2022-11-06;1,03;38;5,4;jah
2022-11-07;1,08;39;6,3;jah
2022-11-08;1,08;39;6,7;jah
2022-11-09;1,12;40;7,7;jah
2022-11-10;1,17;41;8,2;jah
2022-11-11;1,24;42;8,5;jah
2022-11-12;1,29;43;9,3;jah
2022-11-13;1,29;43;7,6;jah
2022-11-14;1,23;41;5,8;jah
2022-11-15;1,19;40;5,5;jah
2022-11-16;1,19;40;4,9;jah
2022-11-17;1,18;40;4,2;jah
2022-11-18;1,14;39;3;jah
2022-11-19;1,11;38;1,7;jah
2022-11-20;1,09;39;0,9;jah
2022-11-21;1,09;47;0,5;jah
2022-11-22;1,1;38;0,7;jah
2022-11-23;1,08;38;1,1;jah
2022-11-24;1,06;38;1,3;jah
2022-11-25;1,05;37;1,2;jah
2022-11-26;1,03;37;1;jah
2022-11-27;1,03;37;0,8;jah
2022-11-28;1,02;37;1,3;jah
2022-11-29;1,02;37;1,8;jah
2022-11-30;1,03;37;1,7;jah
2022-12-01;1,03;38;1,3;jah
2022-12-02;1,01;57;0,5;jah
2022-12-03;0,991;43;0,5;jah
2022-12-04;0,976;37;0,5;jah
2022-12-05;0,982;37;0,5;jah
2022-12-06;0,962;36;0,5;jah
2022-12-07;0,96;37;0,5;jah
2022-12-08;0,98;37;0,5;jah
2022-12-09;0,989;38;0,6;jah
2022-12-10;0,998;39;0,4;jah
2022-12-11;1,03;43;0,4;jah
2022-12-12;1,04;41;0,4;jah
2022-12-13;1,02;42;0,4;jah
2022-12-14;1,01;41;0,4;jah
2022-12-15;0,97;40;0,4;jah
2022-12-16;0,944;40;0,5;jah
2022-12-17;0,953;40;0,5;jah
2022-12-18;0,933;39;0,4;jah
2022-12-19;0,947;40;0,4;jah
2022-12-20;0,957;40;0,4;jah
2022-12-21;0,976;41;0,5;jah
2022-12-22;1,12;46;0,7;jah
2022-12-23;1,43;56;0,8;jah
2022-12-24;1,67;64;0,5;jah
2022-12-25;1,68;77;0,4;jah
2022-12-26;1,67;87;0,5;jah
2022-12-27;1,66;66;0,4;jah
2022-12-28;1,57;56;0,4;jah
2022-12-29;1,39;48;0,5;jah
2022-12-30;1,3;45;0,8;jah
2022-12-31;1,68;53;0,9;jah
2023-01-01;2,58;72;1;jah
2023-01-02;3,46;86;0,6;jah
2023-01-03;3,74;87;0,7;jah
2023-01-04;3,53;80;0,9;jah
2023-01-05;3,09;77;0,5;jah
2023-01-06;2,85;84;0,5;jah
2023-01-07;2,63;83;0,5;jah
2023-01-08;2,41;66;0,4;jah
2023-01-09;2,18;55;0,4;jah
2023-01-10;1,97;49;0,4;jah
2023-01-11;1,89;48;0,4;jah
2023-01-12;1,84;47;0,4;jah
2023-01-13;1,95;50;0,5;jah
2023-01-14;2,73;66;0,6;jah
2023-01-15;3,57;81;0,7;jah
2023-01-16;4,14;91;0,7;jah
2023-01-17;4,56;97;0,6;jah
2023-01-18;4,06;87;0,8;jah
2023-01-19;3,85;85;1;jah
2023-01-20;4,98;104;0,7;jah
2023-01-21;5,07;103;0,5;jah
2023-01-22;3,98;85;0,5;jah
2023-01-23;3,18;80;0,5;jah
2023-01-24;2,59;59;0,5;jah
2023-01-25;2,08;50;0,8;jah
2023-01-26;1,97;48;1,5;jah
2023-01-27;2,12;51;1,4;jah
2023-01-28;2,02;48;0,9;jah
2023-01-29;1,88;46;1;jah
2023-01-30;2,06;50;1,5;jah
2023-01-31;2,66;60;1,3;jah
2023-02-01;2,4;54;1,3;jah
2023-02-02;2,18;51;1,4;jah
2023-02-03;2;47;0,9;jah
2023-02-04;1,91;46;0,7;jah
2023-02-05;1,83;58;0,5;jah
2023-02-06;1,78;52;0,6;jah
2023-02-07;1,73;44;0,8;jah
2023-02-08;1,69;42;1,1;jah
2023-02-09;1,68;42;1,4;jah
2023-02-10;1,66;42;0,9;jah
2023-02-11;1,64;42;0,8;jah
2023-02-12;1,66;51;0,5;jah
2023-02-13;1,7;43;1,4;jah
2023-02-14;1,8;46;1,3;jah
2023-02-15;1,76;45;1,7;jah
2023-02-16;1,75;45;1,8;jah
2023-02-17;1,71;44;1,9;jah
2023-02-18;1,72;44;1,7;jah
2023-02-19;1,73;45;1,1;jah
2023-02-20;1,71;44;1;jah
2023-02-21;1,66;46;0,5;jah
2023-02-22;1,61;67;0,5;jah
2023-02-23;1,62;56;0,4;jah
2023-02-24;1,63;47;0,4;jah
2023-02-25;1,64;44;0,4;jah
2023-02-26;1,64;44;0,4;jah
2023-02-27;1,57;42;0,5;jah
2023-02-28;1,52;41;0,6;jah
2023-03-01;1,54;42;0,7;jah
2023-03-02;1,52;42;0,9;jah
2023-03-03;1,53;42;1,1;jah
2023-03-04;1,56;42;1,3;jah
2023-03-05;1,58;42;1,4;jah
2023-03-06;1,56;42;0,9;jah
2023-03-07;1,61;48;0,5;jah
2023-03-08;1,64;43;0,6;jah
2023-03-09;1,6;45;0,6;jah
2023-03-10;1,59;57;0,5;jah
2023-03-11;1,6;49;0,4;jah
2023-03-12;1,61;45;0,4;jah
2023-03-13;1,62;43;0,5;jah
2023-03-14;1,98;52;0,7;jah
2023-03-15;5,27;110;0,7;jah
2023-03-16;9,05;154;0,6;jah
2023-03-17;7,63;135;0,8;jah
2023-03-18;5,58;110;1,5;jah
2023-03-19;4,71;99;2,2;jah
2023-03-20;4,81;101;3;jah
2023-03-21;6,56;128;2,9;jah
2023-03-22;9,34;158;2,1;jah
2023-03-23;8,42;148;4,2;jah
2023-03-24;10,8;175;4,8;jah
2023-03-25;13,2;194;5,5;jah
2023-03-26;11,8;179;5,5;jah
2023-03-27;8,91;149;5,3;jah
2023-03-28;6,59;123;3,4;jah
2023-03-29;5,15;104;2,3;jah
2023-03-30;4,13;88;1,6;jah
2023-03-31;3,46;77;2,1;jah
2023-04-01;3,53;79;2,3;jah
2023-04-02;3,7;81;2,7;jah
2023-04-03;3,41;75;2,2;jah
2023-04-04;3,04;68;2,3;jah
2023-04-05;2,97;67;2,5;jah
2023-04-06;3,34;75;3,2;jah
2023-04-07;3,81;83;4,3;jah
2023-04-08;3,84;82;5,1;jah
2023-04-09;3,46;75;5,5;jah
2023-04-10;3,11;68;6,1;jah
2023-04-11;2,85;64;7,1;jah
2023-04-12;2,88;64;8,1;jah
2023-04-13;2,87;64;8,4;jah
2023-04-14;2,62;59;8,9;jah
2023-04-15;2,35;54;8,1;jah
2023-04-16;2,15;50;7,4;jah
2023-04-17;2,07;49;7,9;jah
2023-04-18;2,03;48;8;jah
2023-04-19;1,9;46;8,3;jah
2023-04-20;1,78;44;8,7;jah
2023-04-21;1,69;43;9,7;jah
2023-04-22;1,63;42;10,3;jah
2023-04-23;1,57;41;11;jah
2023-04-24;1,54;41;11,6;jah
2023-04-25;1,49;40;12,1;jah
2023-04-26;1,43;39;12;jah
2023-04-27;1,54;42;11,2;jah
2023-04-28;1,72;46;9,3;jah
2023-04-29;1,61;43;8,9;jah
2023-04-30;1,51;42;9,9;jah
2023-05-01;1,44;41;9,6;jah
2023-05-02;1,36;40;10,2;jah
2023-05-03;1,32;39;9,7;jah
2023-05-04;1,31;39;8,7;jah
2023-05-05;1,27;39;7,2;jah
2023-05-06;1,22;38;6,5;jah
2023-05-07;1,18;38;7,3;jah
2023-05-08;1,15;38;8,5;jah
2023-05-09;1,12;37;9,7;jah
2023-05-10;1,08;37;11,1;jah
2023-05-11;1,04;36;12,1;jah
2023-05-12;0,997;36;13,2;jah
2023-05-13;0,955;35;13,7;jah
2023-05-14;0,91;34;14,1;jah
2023-05-15;0,881;34;14,7;jah
2023-05-16;0,871;35;13,3;jah
2023-05-17;0,896;36;13,7;jah
2023-05-18;0,855;35;13,7;jah
2023-05-19;0,805;34;13,2;jah
2023-05-20;0,77;34;13,6;jah
2023-05-21;0,748;33;14;jah
2023-05-22;0,716;33;13,7;jah
2023-05-23;0,705;33;14;jah
2023-05-24;0,689;33;15;jah
2023-05-25;0,669;33;15,6;jah
2023-05-26;0,649;32;14,8;jah
2023-05-27;0,624;32;13,4;jah
2023-05-28;0,607;32;13,2;jah
2023-05-29;0,599;32;13,7;jah
2023-05-30;0,596;32;13,2;jah
2023-05-31;0,585;32;13,4;jah
2023-06-01;0,567;32;13,6;jah
2023-06-02;0,564;32;11,9;jah
2023-06-03;0,563;33;11,6;jah
2023-06-04;0,602;35;11,4;jah
2023-06-05;0,686;39;13;jah
2023-06-06;0,618;37;13,5;jah
2023-06-07;0,569;35;14,7;jah
2023-06-08;0,534;34;15,3;jah
2023-06-09;0,51;34;15,9;jah
2023-06-10;0,486;33;14,7;jah
2023-06-11;0,472;33;14,6;jah
2023-06-12;0,45;32;15,1;jah
2023-06-13;0,435;32;15,9;jah
2023-06-14;0,417;32;16,8;jah
2023-06-15;0,402;32;17,7;jah
2023-06-16;0,399;32;17,8;jah
2023-06-17;0,386;32;18,4;jah
2023-06-18;0,374;32;18,8;jah
2023-06-19;0,361;32;19,1;jah
2023-06-20;0,35;32;19,2;jah
2023-06-21;0,34;32;19,6;jah
2023-06-22;0,364;35;18,8;jah
2023-06-23;0,479;43;19,1;jah
2023-06-24;0,443;41;19,6;jah
2023-06-25;0,419;40;18,3;jah
2023-06-26;0,481;45;17;jah
2023-06-27;0,519;48;17,3;jah
2023-06-28;0,471;45;18,3;jah
2023-06-29;0,442;44;19;jah
2023-06-30;0,438;44;19;jah
2023-07-01;0,422;44;18,9;jah
2023-07-02;0,428;45;17,7;jah
2023-07-03;0,677;67;16,4;jah
2023-07-04;0,746;71;16;jah
2023-07-05;0,669;66;15,9;jah
2023-07-06;0,604;61;16,1;jah
2023-07-07;0,563;58;17,1;jah
2023-07-08;0,545;57;17;jah
2023-07-09;0,637;66;16,4;jah
2023-07-10;0,698;71;16;jah
2023-07-11;0,646;66;15,5;jah
2023-07-12;0,588;62;15,6;jah
2023-07-13;0,538;58;16;jah
2023-07-14;0,507;56;16,5;jah
2023-07-15;0,502;56;17;jah
2023-07-16;0,492;56;17,6;jah
2023-07-17;0,473;54;18,8;jah
2023-07-18;0,462;54;18,3;jah
2023-07-19;0,484;56;17,3;jah
2023-07-20;0,478;56;16,7;jah
2023-07-21;0,472;56;16;jah
2023-07-22;0,446;54;16;jah
2023-07-23;0,447;55;16,3;jah
2023-07-24;0,452;56;16;jah
2023-07-25;0,445;56;15,3;jah
2023-07-26;0,493;61;15,9;jah
2023-07-27;0,508;62;16,1;jah
2023-07-28;0,504;60;16,4;jah
2023-07-29;0,488;58;16,3;jah
2023-07-30;0,467;56;16,2;jah
2023-07-31;0,453;54;16,7;jah
2023-08-01;0,442;52;16,8;jah
2023-08-02;0,438;52;17;jah
2023-08-03;0,465;54;16,9;jah
2023-08-04;0,505;57;17;jah
2023-08-05;0,519;57;17,3;jah
2023-08-06;0,516;57;18,4;jah
2023-08-07;0,502;55;20;jah
2023-08-08;0,465;51;19,6;jah
2023-08-09;0,446;49;17,8;jah
2023-08-10;0,442;49;16;jah
2023-08-11;0,458;50;15,4;jah
2023-08-12;0,469;50;15,8;jah
2023-08-13;0,464;49;15,7;jah
2023-08-14;0,457;48;16,6;jah
2023-08-15;0,454;48;16,8;jah
2023-08-16;0,442;46;17,8;jah
2023-08-17;0,443;46;18,4;jah
2023-08-18;0,435;45;17,8;jah
2023-08-19;0,514;52;17,8;jah
2023-08-20;0,623;59;17,5;jah
2023-08-21;0,648;60;17;jah
2023-08-22;0,617;57;16,8;jah
2023-08-23;0,595;55;16,7;jah
2023-08-24;0,617;56;16;jah
2023-08-25;0,639;58;15,8;jah
2023-08-26;0,653;58;15,9;jah
2023-08-27;0,645;57;15,9;jah
2023-08-28;0,644;57;15,8;jah
2023-08-29;0,675;58;15,1;jah
2023-08-30;0,683;59;15,5;jah
2023-08-31;0,925;76;16,7;jah
2023-09-01;1,12;85;16,9;jah
2023-09-02;0,983;75;15,6;jah
2023-09-03;0,825;64;15,3;jah
2023-09-04;0,743;59;14,6;jah
2023-09-05;0,692;55;14,6;jah
2023-09-06;0,665;53;14,8;jah
2023-09-07;0,635;50;13,4;jah
2023-09-08;0,609;48;13;jah
2023-09-09;0,609;48;13,8;jah
2023-09-10;0,603;47;13,9;jah
2023-09-11;0,596;46;14,2;jah
2023-09-12;0,579;45;14,4;jah
2023-09-13;0,558;43;14,8;jah
2023-09-14;0,656;49;14,7;jah
2023-09-15;0,74;52;12,8;jah
2023-09-16;0,661;47;11,5;jah
2023-09-17;0,61;44;11,6;jah
2023-09-18;0,58;42;11,1;jah
2023-09-19;0,569;41;11,6;jah
2023-09-20;0,598;42;13,1;jah
2023-09-21;0,57;40;14;jah
2023-09-22;0,544;38;13,8;jah
2023-09-23;0,527;37;14;jah
2023-09-24;0,565;38;14,1;jah
2023-09-25;0,567;36;12,2;jah
2023-09-26;0,568;35;11,5;jah
2023-09-27;0,581;35;11,5;jah
2023-09-28;0,603;35;12,3;jah
2023-09-29;0,628;35;12,5;jah
2023-09-30;0,65;35;13;jah
2023-10-01;0,673;35;12,5;jah
2023-10-02;0,686;34;11,3;jah
2023-10-03;0,725;35;11,6;jah
2023-10-04;0,954;42;12,4;jah
2023-10-05;1,25;51;11,4;jah
2023-10-06;1,96;71;10,1;jah
2023-10-07;2,11;73;10;jah
2023-10-08;1,84;65;8,2;jah
2023-10-09;1,46;54;7;jah
2023-10-10;1,24;47;5,9;jah
2023-10-11;1,14;45;7;jah
2023-10-12;1,22;47;8,7;jah
2023-10-13;1,36;51;8,2;jah
2023-10-14;1,36;51;9,4;jah
2023-10-15;1,54;56;9;jah
2023-10-16;1,52;55;7,6;jah
2023-10-17;1,34;50;6,6;jah
2023-10-18;1,29;48;6,6;jah
2023-10-19;1,44;53;6,1;jah
2023-10-20;1,53;55;5,5;jah
2023-10-21;1,38;50;4,6;jah
2023-10-22;1,25;47;4,8;jah
2023-10-23;1,2;45;5,7;jah
2023-10-24;1,18;44;5,9;jah
2023-10-25;1,15;43;4,4;jah
2023-10-26;1,13;42;3,7;jah
2023-10-27;1,11;41;3,2;jah
2023-10-28;1,1;41;3,2;jah
2023-10-29;1,09;40;3,4;jah
2023-10-30;1,11;41;3,5;jah
2023-10-31;1,2;43;4,3;jah
2023-11-01;1,8;59;6,6;jah
2023-11-02;2,17;66;6,2;jah
2023-11-03;1,94;59;5,7;jah
2023-11-04;1,65;52;5,8;jah
2023-11-05;1,55;49;6,2;jah
2023-11-06;1,56;50;6,6;jah
2023-11-07;1,88;57;7,2;jah
2023-11-08;2,13;63;7,4;jah
2023-11-09;2,27;65;7,3;jah
2023-11-10;2,11;61;6,9;jah
2023-11-11;1,83;54;6,7;jah
2023-11-12;1,68;51;6,6;jah
2023-11-13;1,95;59;5,9;jah
2023-11-14;2,57;73;4,9;jah
2023-11-15;2,71;76;4,4;jah
2023-11-16;2,35;67;4;jah
2023-11-17;1,94;57;3;jah
2023-11-18;1,66;51;2,2;jah
2023-11-19;1,48;47;1,9;jah
2023-11-20;1,38;45;1,6;jah
2023-11-21;1,3;43;1;jah
2023-11-22;1,24;50;0,4;jah
2023-11-23;1,23;51;0,4;jah
2023-11-24;1,23;41;0,8;jah
2023-11-25;1,22;41;1;jah
2023-11-26;1,19;41;0,4;jah
2023-11-27;1,17;46;0,4;jah
2023-11-28;1,17;52;0,4;jah
2023-11-29;1,17;53;0,4;jah
2023-11-30;1,16;48;0,4;jah
2023-12-01;1,16;45;0,4;jah
2023-12-02;1,16;43;0,4;jah
2023-12-03;1,16;42;0,4;jah
2023-12-04;1,15;41;0,4;jah
2023-12-05;1,12;42;0,4;jah
2023-12-06;1,1;40;0,4;jah
2023-12-07;1,1;40;0,4;jah
2023-12-08;1,1;40;0,4;jah
2023-12-09;1,1;41;0,4;jah
2023-12-10;1,11;41;0,4;jah
2023-12-11;1,13;42;0,4;jah
2023-12-12;1,15;44;0,4;jah
2023-12-13;1,17;46;0,4;jah
2023-12-14;1,17;46;0,4;jah
2023-12-15;1,16;47;0,4;jah
2023-12-16;1,23;45;0,4;jah
2023-12-17;1,43;49;0,5;jah
2023-12-18;1,92;59;0,6;jah
2023-12-19;2,82;77;0,7;jah
2023-12-20;4,6;111;0,5;jah
2023-12-21;6,36;135;0,5;jah
2023-12-22;5,27;117;0,6;jah
2023-12-23;4,28;100;0,7;jah
2023-12-24;3,51;85;0,8;jah
2023-12-25;2,86;73;0,8;jah
2023-12-26;2,4;64;0,9;jah
2023-12-27;2,11;58;1,1;jah
2023-12-28;1,88;54;0,9;jah
2023-12-29;1,86;54;1,2;jah
2023-12-30;2,6;71;1,8;jah
2023-12-31;3,71;93;0,8;jah
2024-01-01;3,94;114;0,4;jah
2024-01-02;3,64;114;0,4;jah
2024-01-03;3,35;110;0,4;jah
2024-01-04;3,06;93;0,4;jah
2024-01-05;2,78;74;0,4;jah
2024-01-06;2,5;67;0,4;jah
2024-01-07;2,23;61;0,4;jah
2024-01-08;2,07;59;0,4;jah
2024-01-09;2,01;57;0,4;jah
2024-01-10;1,99;58;0,4;jah
2024-01-11;1,97;63;0,4;jah
2024-01-12;1,94;60;0,4;jah
2024-01-13;1,91;58;0,4;jah
2024-01-14;1,88;56;0,4;jah
2024-01-15;1,85;54;0,4;jah
2024-01-16;1,83;61;0,4;jah
2024-01-17;1,83;64;0,4;jah
2024-01-18;1,83;61;0,4;jah
2024-01-19;1,84;58;0,4;jah
2024-01-20;1,84;55;0,4;jah
2024-01-21;1,84;53;0,4;jah
2024-01-22;1,86;53;0,4;jah
2024-01-23;2,05;57;0,4;jah
2024-01-24;2,57;68;0,4;jah
2024-01-25;3,16;78;0,5;jah
2024-01-26;3,2;78;0,5;jah
2024-01-27;2,95;72;0,5;jah
2024-01-28;2,59;65;0,6;jah
2024-01-29;2,21;57;0,7;jah
2024-01-30;2,09;55;0,8;jah
2024-01-31;2,31;60;0,8;jah
2024-02-01;3,09;75;0,7;jah
2024-02-02;3,64;83;0,4;jah
2024-02-03;3,41;78;0,6;jah
2024-02-04;3,41;78;0,7;jah
2024-02-05;3,35;79;0,4;jah
2024-02-06;2,84;66;0,5;jah
2024-02-07;2,53;60;0,4;jah
2024-02-08;2,43;63;0,4;jah
2024-02-09;2,34;72;0,4;jah
2024-02-10;2,24;77;0,4;jah
2024-02-11;2,15;71;0,4;jah
2024-02-12;2,05;61;0,4;jah
2024-02-13;1,96;56;0,4;jah
2024-02-14;1,87;53;0,4;jah
2024-02-15;1,78;50;0,4;jah
2024-02-16;1,69;45;0,6;jah
2024-02-17;2,52;64;0,5;jah
2024-02-18;3,83;85;0,4;jah
2024-02-19;3,27;74;0,4;jah
2024-02-20;2,72;67;0,5;jah
2024-02-21;2,16;53;0,6;jah
2024-02-22;1,86;48;0,9;jah
2024-02-23;2,27;59;1,5;jah
2024-02-24;4,92;107;0,7;jah
2024-02-25;7,66;146;0,6;jah
2024-02-26;8,17;150;0,7;jah
2024-02-27;7,05;136;0,8;jah
2024-02-28;7,09;136;0,9;jah
2024-02-29;6,61;128;1;jah
2024-03-01;5,82;115;1,1;jah
2024-03-02;4,89;100;1,4;jah
2024-03-03;4,26;90;1,5;jah
2024-03-04;3,9;82;1,2;jah
2024-03-05;3,54;74;1,1;jah
2024-03-06;3,19;67;0,9;jah
2024-03-07;2,83;61;0,5;jah
2024-03-08;2,48;55;0,5;jah
2024-03-09;2,22;53;1,1;jah
2024-03-10;2,05;48;1,1;jah
2024-03-11;1,98;47;0,9;jah
2024-03-12;1,92;46;0,9;jah
2024-03-13;1,87;44;1,3;jah
2024-03-14;1,85;45;2,5;jah
2024-03-15;2,22;53;3,3;jah
2024-03-16;3,18;70;3,4;jah
2024-03-17;4,01;83;3,7;jah
2024-03-18;4,48;90;1,9;jah
2024-03-19;4,03;82;2,1;jah
2024-03-20;3,44;73;2,7;jah
2024-03-21;3,36;72;3,2;jah
2024-03-22;3,45;74;3,7;jah
2024-03-23;3,66;78;4,4;jah
2024-03-24;3,83;81;4,1;jah
2024-03-25;3,57;76;4,1;jah
2024-03-26;3,22;70;3,8;jah
2024-03-27;3;66;4,8;jah
2024-03-28;2,81;63;6,1;jah
2024-03-29;2,71;61;6,4;jah
2024-03-30;2,62;59;6,2;jah
2024-03-31;2,51;57;6,5;jah
2024-04-01;2,42;56;8,3;jah
2024-04-02;2,32;54;8,7;jah
2024-04-03;2,24;52;6,9;jah
2024-04-04;2,58;59;4,8;jah
2024-04-05;2,79;62;3,1;jah
2024-04-06;2,99;66;4,3;jah
2024-04-07;3,44;73;6,1;jah
2024-04-08;3,31;71;7,8;jah
2024-04-09;2,89;64;9,3;jah
2024-04-10;2,54;58;10,4;jah
2024-04-11;2,25;53;10,3;jah
2024-04-12;2,02;49;10,6;jah
2024-04-13;1,92;47;10,3;jah
2024-04-14;1,88;47;9,9;jah
2024-04-15;2,42;58;8,5;jah
2024-04-16;3,01;68;7,7;jah
2024-04-17;2,79;63;7;jah
2024-04-18;2,43;57;6,5;jah
2024-04-19;2,15;52;4,9;jah
2024-04-20;1,93;48;4,1;jah
2024-04-21;1,79;46;5,3;jah
2024-04-22;1,81;47;5,2;jah
2024-04-23;2,17;54;4,9;jah
2024-04-24;2,31;56;5,6;jah
2024-04-25;2,33;57;6,2;jah
2024-04-26;2,83;67;7,6;jah
2024-04-27;2,97;68;8,3;jah
2024-04-28;2,52;60;9,5;jah
2024-04-29;2,14;53;11,1;jah
2024-04-30;1,97;51;12,7;jah
2024-05-01;1,95;50;12,9;jah
2024-05-02;1,75;46;12,1;jah
2024-05-03;1,62;44;12;jah
2024-05-04;1,51;42;12,4;jah
2024-05-05;1,44;40;12,7;jah
2024-05-06;1,36;39;11,8;jah
2024-05-07;1,31;38;10;jah
2024-05-08;1,24;37;9,4;jah
2024-05-09;1,17;36;8,5;jah
2024-05-10;1,14;36;8,9;jah
2024-05-11;1,13;37;8,8;jah
2024-05-12;1,06;36;10,1;jah
2024-05-13;1,01;35;11,1;jah
2024-05-14;0,964;35;12,3;jah
2024-05-15;0,925;34;13,3;jah
2024-05-16;0,884;34;15;jah
2024-05-17;0,828;33;15,9;jah
2024-05-18;0,779;33;16;jah
2024-05-19;0,737;32;16,4;jah
2024-05-20;0,705;32;17,4;jah
2024-05-21;0,668;32;16,4;jah
2024-05-22;0,63;31;15,6;jah
2024-05-23;0,596;31;16,1;jah
2024-05-24;0,584;31;17,1;jah
2024-05-25;0,567;32;18,1;jah
2024-05-26;0,552;32;18,6;jah
2024-05-27;0,562;33;19;jah
2024-05-28;0,587;35;19;jah
2024-05-29;0,576;36;18,8;jah
2024-05-30;0,578;37;19,1;jah
2024-05-31;0,578;38;19,9;jah
2024-06-01;0,644;44;19,4;jah
2024-06-02;1,23;73;17,6;jah
2024-06-03;1,03;64;18,2;jah
2024-06-04;0,882;60;18,7;jah
2024-06-05;0,791;57;18,5;jah
2024-06-06;0,786;60;17,7;jah
2024-06-07;0,753;60;16,6;jah
2024-06-08;0,714;61;16;jah
2024-06-09;0,725;65;14,6;jah
2024-06-10;0,784;72;13,4;jah
2024-06-11;0,757;71;14,8;jah
2024-06-12;0,714;69;15,8;jah
2024-06-13;0,675;67;15,6;jah
2024-06-14;0,651;66;14,8;jah
2024-06-15;0,675;69;15,1;jah
2024-06-16;0,674;70;16;jah
2024-06-17;0,636;68;16,7;jah
2024-06-18;0,611;67;17,5;jah
2024-06-19;0,615;70;16,7;jah
2024-06-20;0,88;90;16;jah
2024-06-21;0,816;86;17;jah
2024-06-22;0,71;79;16,8;jah
2024-06-23;0,636;74;16,3;jah
2024-06-24;0,613;73;16,1;jah
2024-06-25;0,58;71;16,9;jah
2024-06-26;0,532;68;17,9;jah
2024-06-27;0,494;66;18,7;jah
2024-06-28;0,463;63;19,8;jah
2024-06-29;0,434;61;20,1;jah
2024-06-30;0,415;59;19;jah
2024-07-01;0,422;61;19,1;jah
2024-07-02;0,574;76;18,4;jah
2024-07-03;0,598;78;17,9;jah
2024-07-04;0,596;79;17;jah
2024-07-05;0,63;83;16,5;jah
2024-07-06;0,653;85;15,9;jah
2024-07-07;0,683;89;16,4;jah
2024-07-08;0,762;96;16,7;jah
2024-07-09;0,71;91;16,7;jah
2024-07-10;0,648;86;17,1;jah
2024-07-11;0,592;80;17,8;jah
2024-07-12;0,57;78;18,5;jah
2024-07-13;0,586;79;18,5;jah
2024-07-14;0,574;77;18,6;jah
2024-07-15;0,572;76;18,6;jah
2024-07-16;0,549;73;18,6;jah
2024-07-17;0,517;70;18,7;jah
2024-07-18;0,511;69;18,3;jah
2024-07-19;0,51;69;18,2;jah
2024-07-20;0,541;71;18,1;jah
2024-07-21;0,582;75;18;jah
2024-07-22;0,58;73;18,2;jah
2024-07-23;0,556;71;18,6;jah
2024-07-24;0,573;72;19;jah
2024-07-25;0,579;72;19,2;jah
2024-07-26;0,552;69;19,2;jah
2024-07-27;0,525;66;19,2;jah
2024-07-28;0,502;64;18,9;jah
2024-07-29;0,905;101;18,2;jah
2024-07-30;1,89;146;18,3;jah
2024-07-31;3,41;176;18,1;jah
2024-08-01;4,66;191;17,9;jah
2024-08-02;4,09;182;17,9;jah
2024-08-03;3,18;169;17,9;jah
2024-08-04;2,43;155;17,9;jah
2024-08-05;1,88;142;17,5;jah
2024-08-06;2,74;164;17;jah
2024-08-07;4,28;187;17,3;jah
2024-08-08;5,09;195;17,8;jah
2024-08-09;3,89;177;17,9;jah
2024-08-10;2,43;152;17,6;jah
2024-08-11;1,82;138;16,5;jah
2024-08-12;2,17;149;16,1;jah
2024-08-13;2,97;166;16,8;jah
2024-08-14;3,18;168;17,1;jah
2024-08-15;2,63;156;17,4;jah
2024-08-16;1,95;139;17;jah
2024-08-17;1,51;124;17,3;jah
2024-08-18;1,29;113;17;jah
2024-08-19;1,19;107;16,2;jah
2024-08-20;1,13;103;15,4;jah
2024-08-21;1,07;98;15,6;jah
2024-08-22;0,997;93;16,4;jah
2024-08-23;0,953;90;16,1;jah
2024-08-24;0,925;87;16,4;jah
2024-08-25;0,879;83;16,2;jah
2024-08-26;0,825;79;16,8;jah
2024-08-27;0,773;75;15,5;jah
2024-08-28;0,751;73;14,8;jah
2024-08-29;0,741;71;14,8;jah
2024-08-30;0,735;69;15,3;jah
2024-08-31;0,731;68;15,6;jah
2024-09-01;0,755;69;14,6;jah
2024-09-02;0,761;68;14,4;jah
2024-09-03;0,759;67;15,2;jah
2024-09-04;0,75;65;15,7;jah
2024-09-05;0,736;64;15,5;jah
2024-09-06;0,715;62;14,6;jah
2024-09-07;0,695;59;13,9;jah
2024-09-08;0,686;58;13,6;jah
2024-09-09;0,672;56;13,4;jah
2024-09-10;0,656;55;13,5;jah
2024-09-11;0,635;53;13,3;jah
2024-09-12;0,66;54;13,2;jah
2024-09-13;0,712;56;14,2;jah
2024-09-14;0,694;54;15;jah
2024-09-15;0,689;54;15,4;jah
2024-09-16;0,694;53;15,8;jah
2024-09-17;0,658;50;14,6;jah
2024-09-18;0,634;49;13,8;jah
2024-09-19;0,619;47;13,8;jah
2024-09-20;0,616;47;13,2;jah
2024-09-21;0,64;47;13,1;jah
2024-09-22;0,609;45;11,7;jah
2024-09-23;0,582;43;10,2;jah
2024-09-24;0,573;42;10,9;jah
2024-09-25;0,596;42;11,7;jah
2024-09-26;0,559;40;12,2;jah
2024-09-27;0,622;43;12,8;jah
2024-09-28;0,789;50;12,7;jah
2024-09-29;0,726;46;11,5;jah
2024-09-30;0,662;42;9,1;jah
2024-10-01;0,63;40;7,6;jah
2024-10-02;0,628;39;8,2;jah
2024-10-03;0,654;40;8,8;jah
2024-10-04;0,75;44;9;jah
2024-10-05;0,81;45;7,9;jah
2024-10-06;0,765;43;7,4;jah
2024-10-07;0,713;40;6,8;jah
2024-10-08;0,692;38;7,5;jah
2024-10-09;0,674;37;7,6;jah
2024-10-10;0,827;44;8,6;jah
2024-10-11;0,888;45;9,9;jah
2024-10-12;0,844;42;8,8;jah
2024-10-13;0,791;40;7,1;jah
2024-10-14;0,771;39;7,2;jah
2024-10-15;0,766;38;7,6;jah
2024-10-16;0,803;39;6,8;jah
2024-10-17;0,768;37;5,5;jah
2024-10-18;0,752;37;4,8;jah
2024-10-19;0,742;36;4,8;jah
2024-10-20;0,735;35;4,4;jah
2024-10-21;0,733;35;5;jah
2024-10-22;0,763;36;7,3;jah
2024-10-23;0,886;40;8;jah
2024-10-24;0,883;39;7,9;jah
2024-10-25;0,848;37;8,5;jah
2024-10-26;0,822;36;8;jah
2024-10-27;0,851;37;8,2;jah
2024-10-28;0,858;37;8,4;jah
2024-10-29;0,849;36;7,2;jah
2024-10-30;0,839;35;6,7;jah
2024-10-31;0,838;35;6,1;jah
2024-11-01;1,04;41;7;jah
2024-11-02;1,31;49;6,1;jah
2024-11-03;1,34;49;4,8;jah
2024-11-04;1,44;52;4,4;jah
2024-11-05;1,41;51;4,4;jah
2024-11-06;1,38;49;6;jah
2024-11-07;1,27;46;6,6;jah
2024-11-08;1,18;43;6,8;jah
2024-11-09;1,11;41;7;jah
2024-11-10;1,08;40;6,8;jah
2024-11-11;1,06;39;6,2;jah
2024-11-12;1,05;39;5,7;jah
2024-11-13;1,05;39;5,8;jah
2024-11-14;1,08;39;5,4;jah
2024-11-15;1,14;41;4,7;jah
2024-11-16;1,15;41;6,1;jah
2024-11-17;1,24;43;6;jah
2024-11-18;1,33;45;5,2;jah
2024-11-19;1,33;45;4,5;jah
2024-11-20;1,46;48;3,7;jah
2024-11-21;1,89;58;2,9;jah
2024-11-22;1,9;58;2;jah
2024-11-23;1,61;51;1,4;jah
2024-11-24;1,37;45;0,9;jah
2024-11-25;1,5;48;1,7;jah
2024-11-26;2,01;59;3,1;jah
2024-11-27;2,38;67;4;jah
2024-11-28;2,4;67;4,3;jah
2024-11-29;2,1;61;3,8;jah
2024-11-30;1,82;54;4;jah
2024-12-01;1,66;51;4,4;jah
2024-12-02;1,54;48;3,9;jah
2024-12-03;1,46;46;4;jah
2024-12-04;1,41;45;2,1;jah
2024-12-05;1,29;41;1;jah
2024-12-06;1,26;41;1,2;jah
2024-12-07;1,24;40;1,4;jah
2024-12-08;1,23;40;1,6;jah
2024-12-09;1,2;39;1,4;jah
2024-12-10;1,17;38;1,5;jah
2024-12-11;1,17;38;1,8;jah
2024-12-12;1,17;41;0,6;jah
2024-12-13;1,16;73;0,3;jah
2024-12-14;1,19;44;0,4;jah
2024-12-15;1,21;39;1,1;jah
2024-12-16;1,24;40;0,9;jah
2024-12-17;1,3;41;1,1;jah
2024-12-18;1,32;43;0,4;jah
2024-12-19;1,38;43;1;jah
2024-12-20;2,33;63;2,2;jah
2024-12-21;3,34;84;1,1;jah
2024-12-22;3,29;83;1,7;jah
2024-12-23;2,81;73;2,2;jah
2024-12-24;2,63;69;2,4;jah
2024-12-25;2,42;65;2,7;jah
2024-12-26;2,23;61;3,7;jah
2024-12-27;2,11;58;4,3;jah
2024-12-28;2,03;56;4,2;jah
2024-12-29;1,97;55;4,1;jah
2024-12-30;2,07;57;3,9;jah
2024-12-31;2,56;66;2,3;jah
2025-01-01;2,66;67;1,4;jah
2025-01-02;4,2;93;1,3;jah
2025-01-03;6,07;121;0,3;jah
2025-01-04;6,51;129;0,3;jah
2025-01-05;5,09;108;0,3;jah
2025-01-06;3,57;84;0,3;jah
2025-01-07;2,86;72;0,4;jah
2025-01-08;2,72;70;0,7;jah
2025-01-09;2,98;76;0,7;jah
2025-01-10;2,96;76;0,8;jah
2025-01-11;3,02;78;1;jah
2025-01-12;3,35;85;0,3;jah
2025-01-13;3,33;96;0,2;jah
2025-01-14;3,43;88;0,5;jah
2025-01-15;4,14;101;0,7;jah
2025-01-16;5,5;121;0,6;jah
2025-01-17;7,53;146;0,7;jah
2025-01-18;9,7;173;0,6;jah
2025-01-19;8,32;157;0,7;jah
2025-01-20;6,3;131;1,5;jah
2025-01-21;5,21;114;0,6;jah
2025-01-22;4,34;100;0,5;jah
2025-01-23;3,68;88;1,2;jah
2025-01-24;3,3;82;1,7;jah
2025-01-25;3,16;79;1,9;jah
2025-01-26;3,27;82;2,6;jah
2025-01-27;3,89;94;2,9;jah
2025-01-28;5,03;116;2,9;jah
2025-01-29;5,44;123;3,7;jah
2025-01-30;5,42;124;4,1;jah
2025-01-31;5,09;119;4,3;jah
2025-02-01;4,75;114;3,7;jah
2025-02-02;4,66;113;2,2;jah
2025-02-03;4,23;105;1,2;jah
2025-02-04;3,59;93;0,7;jah
2025-02-05;2,99;81;0,5;jah
2025-02-06;2,7;75;0,9;jah
2025-02-07;2,48;71;1;jah
2025-02-08;2,28;65;0,6;jah
2025-02-09;2,11;62;0,2;jah
2025-02-10;1,94;65;0,2;jah
2025-02-11;1,78;63;0,2;jah
2025-02-12;1,63;55;0,2;jah
2025-02-13;1,57;52;0,3;jah
2025-02-14;1,54;52;0,4;jah
2025-02-15;1,5;53;0,3;jah
2025-02-16;1,47;57;0,2;jah
2025-02-17;1,43;64;0,2;jah
2025-02-18;1,39;67;0,2;jah
2025-02-19;1,36;62;0,2;jah
2025-02-20;1,33;56;0,2;jah
2025-02-21;1,34;58;0,2;jah
2025-02-22;1,34;55;0,3;jah
2025-02-23;1,34;54;0,4;jah
2025-02-24;1,34;51;0,5;jah
2025-02-25;1,35;48;0,4;jah
2025-02-26;1,35;46;0,5;jah
2025-02-27;1,35;44;0,9;jah
2025-02-28;1,34;43;1,5;jah
2025-03-01;1,39;44;1,7;jah
2025-03-02;1,51;46;;jah
2025-03-03;1,7;50;2,2;jah
2025-03-04;2,15;59;1,8;jah
2025-03-05;2,62;67;1,8;jah
2025-03-06;3,25;79;3;jah
2025-03-07;3,68;86;3,4;jah
2025-03-08;3,43;80;3,1;jah
2025-03-09;2,91;70;3;jah
2025-03-10;2,53;62;2,8;jah
2025-03-11;2,32;58;2,9;jah
2025-03-12;2,16;55;2,9;jah
2025-03-13;2,12;53;2,8;jah
2025-03-14;2,35;57;2,3;jah
2025-03-15;2,23;55;1,8;jah
2025-03-16;2,14;53;1,7;jah
2025-03-17;2,02;48;1,3;jah
2025-03-18;1,91;48;2;jah
2025-03-19;1,98;49;3,1;jah
2025-03-20;2,09;51;3,7;jah
2025-03-21;2,07;51;3,2;jah
2025-03-22;1,95;48;3,1;jah
2025-03-23;1,78;45;2,6;jah
2025-03-24;1,71;43;2,3;jah
2025-03-25;1,79;45;3,4;jah
2025-03-26;1,95;47;4,3;jah
2025-03-27;2,03;49;4,5;jah
2025-03-28;1,94;47;4,8;jah
2025-03-29;1,87;45;6,3;jah
2025-03-30;1,81;44;6,6;jah
2025-03-31;1,72;43;7;jah
2025-04-01;1,65;42;7,1;jah
2025-04-02;1,59;41;7,3;jah
2025-04-03;1,51;40;8,1;jah
2025-04-04;1,44;39;8;jah
2025-04-05;1,38;39;6,4;jah
2025-04-06;1,31;38;4,4;jah
2025-04-07;1,27;37;3,2;jah
2025-04-08;1,29;38;4;jah
2025-04-09;1,31;38;3;jah
2025-04-10;1,37;39;2,8;jah
2025-04-11;1,38;40;2,9;jah
2025-04-12;1,39;40;2,3;jah
2025-04-13;1,39;40;4,3;jah
2025-04-14;1,36;39;6,4;jah
2025-04-15;1,34;39;9,1;jah
2025-04-16;1,3;38;10;jah
2025-04-17;1,3;38;10,1;jah
2025-04-18;1,32;38;11,7;jah
2025-04-19;1,31;38;13,5;jah
2025-04-20;1,61;44;13,9;jah
2025-04-21;1,7;46;13,8;jah
2025-04-22;1,57;43;12,6;jah
2025-04-23;1,66;45;12,4;jah
2025-04-24;1,71;46;11,4;jah
2025-04-25;1,55;43;9,5;jah
2025-04-26;1,43;40;7,8;jah
2025-04-27;1,35;38;7,6;jah
2025-04-28;1,3;37;7,8;jah
2025-04-29;1,46;41;8,7;jah
2025-04-30;1,74;46;8,1;jah
2025-05-01;2,83;67;8,2;jah
2025-05-02;3,05;70;9;jah
2025-05-03;2,64;62;10,7;jah
2025-05-04;2,34;57;10;jah
2025-05-05;1,97;50;8,6;jah
2025-05-06;1,7;45;8,4;jah
2025-05-07;1,75;47;8,2;jah
2025-05-08;1,64;47;7,4;jah
2025-05-09;1,49;44;8;jah
2025-05-10;1,47;44;8,7;jah
2025-05-11;1,37;42;9,2;jah
2025-05-12;1,28;40;10;jah
2025-05-13;1,24;39;10,6;jah
2025-05-14;1,26;40;10,1;jah
2025-05-15;1,47;45;8,9;jah
2025-05-16;1,93;56;8,9;jah
2025-05-17;2,64;71;9,4;jah
2025-05-18;2,57;70;10,8;jah
2025-05-19;2,41;67;12,7;jah
2025-05-20;2,22;63;13,2;jah
2025-05-21;1,81;54;13,8;jah
2025-05-22;1,6;50;14,1;jah
2025-05-23;1,56;49;13,5;jah
2025-05-24;1,7;53;11,7;jah
2025-05-25;2,44;70;11,7;jah
2025-05-26;2,77;78;11,7;jah
2025-05-27;2,77;78;13,1;jah
2025-05-28;2,59;75;14,5;jah
2025-05-29;3,14;87;14,6;jah
2025-05-30;5,24;129;15,2;jah
2025-05-31;6,53;152;16,3;jah
2025-06-01;4,92;127;15,7;jah
2025-06-02;3,39;98;13,9;jah
2025-06-03;2,88;87;14;jah
2025-06-04;2,51;80;14,4;jah
2025-06-05;2,23;74;14,3;jah
2025-06-06;2,1;72;14,4;jah
2025-06-07;2,29;78;15,4;jah
2025-06-08;2,3;80;15,9;jah
2025-06-09;2,34;82;15,4;jah
2025-06-10;3,04;103;14,7;jah
2025-06-11;3,75;122;14,2;jah
2025-06-12;4,58;141;13,9;jah
2025-06-13;5,52;159;14,8;jah
2025-06-14;4,93;151;15,6;jah
2025-06-15;3,46;123;15,8;jah
2025-06-16;2,53;100;16,1;jah
2025-06-17;2,28;95;15,6;jah
2025-06-18;2,48;103;14,7;jah
2025-06-19;2,35;101;15;jah
2025-06-20;2,33;103;14,3;jah
2025-06-21;2,73;117;13,5;jah
2025-06-22;2,68;117;13,5;jah
2025-06-23;2,39;109;13,5;jah
2025-06-24;2,44;112;14;jah
2025-06-25;3,86;148;13,8;jah
2025-06-26;5,32;174;14,4;jah
2025-06-27;4,71;166;14,8;jah
2025-06-28;3,77;151;14,6;jah
2025-06-29;3,61;149;14,7;jah
2025-06-30;3,22;142;14,6;jah
2025-07-01;2,59;126;15,3;jah
2025-07-02;2,07;110;16,5;jah
2025-07-03;1,72;98;18,2;jah
2025-07-04;1,6;93;17,7;jah
2025-07-05;1,43;87;15,9;jah
2025-07-06;1,36;84;15,6;jah
2025-07-07;1,37;86;15,9;jah
2025-07-08;1,35;86;16,1;jah
2025-07-09;1,33;85;16;jah
2025-07-10;1,5;95;14,9;jah
2025-07-11;1,91;114;15,4;jah
2025-07-12;2,33;129;16,9;jah
2025-07-13;2,73;142;17,3;jah
2025-07-14;2,51;138;17,4;jah
2025-07-15;2,33;133;17,7;jah
2025-07-16;2,46;138;18,5;jah
2025-07-17;2,27;133;19,1;jah
2025-07-18;1,81;118;19,4;jah
2025-07-19;1,48;104;19,4;jah
2025-07-20;1,38;100;19,3;jah
2025-07-21;1,4;102;19,1;jah
2025-07-22;1,31;98;19,2;jah
2025-07-23;1,23;95;19,1;jah
2025-07-24;1,17;92;19,4;jah
2025-07-25;1,44;107;19,4;jah
2025-07-26;1,23;96;19,5;jah
2025-07-27;1,08;87;19,4;jah
2025-07-28;1,02;83;19,2;jah
2025-07-29;0,985;81;19,5;jah
2025-07-30;0,938;78;19,8;jah
2025-07-31;0,938;78;19,8;jah
2025-08-01;1,38;104;18,7;jah
2025-08-02;2,14;136;18,8;jah
2025-08-03;2,41;144;18,8;jah
2025-08-04;1,97;131;18,9;jah
2025-08-05;2,46;145;18,6;jah
2025-08-06;2,21;138;18,3;jah
2025-08-07;1,76;123;17,3;jah
2025-08-08;1,49;111;16,3;jah
2025-08-09;1,41;107;15,9;jah
2025-08-10;1,38;106;16,2;jah
2025-08-11;1,26;99;16,3;jah
2025-08-12;1,17;94;15,6;jah
2025-08-13;1,34;104;15,2;jah
2025-08-14;1,34;104;15,2;jah
2025-08-15;1,21;96;15,7;jah
2025-08-16;1,1;90;16,5;jah
2025-08-17;1,08;88;15,5;jah
2025-08-18;1,11;90;14,2;jah
2025-08-19;1,1;88;14,6;jah
2025-08-20;1,05;85;15,3;jah
2025-08-21;0,992;82;13,6;jah
2025-08-22;0,96;79;13;jah
2025-08-23;1,02;83;13,3;jah
2025-08-24;1,17;91;12,9;jah
2025-08-25;1,3;99;12,6;jah
2025-08-26;1,4;103;12,2;jah
2025-08-27;1,31;98;12,2;jah
2025-08-28;1,19;91;12,6;jah
2025-08-29;1,13;86;12,8;jah
2025-08-30;1,2;90;13,2;jah
2025-08-31;1,24;92;13,6;jah
2025-09-01;1,26;92;13,7;jah
2025-09-02;1,25;91;13,9;jah
2025-09-03;1,2;88;13,6;jah
2025-09-04;1,14;84;14,3;jah
2025-09-05;1,11;82;14,8;jah
2025-09-06;1,08;80;15,1;jah
2025-09-07;1,03;77;16,1;jah
2025-09-08;0,99;74;15,9;jah
2025-09-09;0,95;71;15;jah
2025-09-10;0,927;69;14,6;jah
2025-09-11;0,896;67;14,9;jah
2025-09-12;0,854;65;14,5;jah
2025-09-13;0,853;64;14,4;jah
2025-09-14;0,863;64;14,1;jah
2025-09-15;0,846;63;13,8;jah
2025-09-16;0,866;64;13,4;jah
2025-09-17;0,891;65;13,5;jah
2025-09-18;0,87;63;13;jah
2025-09-19;0,893;64;13,1;jah
2025-09-20;0,965;68;12,7;jah
2025-09-21;0,98;68;13,4;jah
2025-09-22;0,943;66;14;jah
2025-09-23;0,87;62;12,5;jah
2025-09-24;0,815;58;10,6;jah
2025-09-25;0,774;56;8,8;jah
2025-09-26;0,766;55;9,8;jah
2025-09-27;0,784;55;10,1;jah
2025-09-28;0,791;54;9,3;jah
2025-09-29;0,785;52;7,7;jah
2025-09-30;0,808;52;6,6;jah
2025-10-01;0,828;52;6,5;jah
2025-10-02;0,842;52;6,1;jah
2025-10-03;0,851;51;5,7;jah
2025-10-04;0,872;51;5,8;jah
2025-10-05;0,885;50;7,1;jah
2025-10-06;0,914;51;8;jah
2025-10-07;0,918;50;8,6;jah
2025-10-08;0,901;48;7,8;jah
2025-10-09;0,886;47;7,5;jah
2025-10-10;0,91;47;8,5;jah
2025-10-11;0,958;48;8;jah
2025-10-12;1,03;50;7,6;jah
2025-10-13;1,14;53;7;jah
2025-10-14;1,19;54;7;jah
2025-10-15;1,24;55;7,2;jah
2025-10-16;1,2;52;8;jah
2025-10-17;1,39;57;7;jah
2025-10-18;1,36;56;5,6;jah
2025-10-19;1,2;50;4,2;jah
2025-10-20;1,15;48;4,4;jah
2025-10-21;1,12;46;4,1;jah
2025-10-22;1,09;44;4;jah
2025-10-23;1,07;43;5;jah
2025-10-24;1,07;43;6,2;jah
2025-10-25;1,07;42;7,6;jah
2025-10-26;1,25;47;8,1;jah
2025-10-27;1,62;56;7,6;jah
2025-10-28;1,71;58;7;jah
2025-10-29;1,58;54;7;jah
2025-10-30;1,42;49;6,4;jah
2025-10-31;1,53;51;7,2;jah
2025-11-01;1,83;58;7,6;jah
2025-11-02;1,79;57;7,3;jah
2025-11-03;1,63;52;7,6;jah
2025-11-04;1,63;52;7,7;jah
2025-11-05;1,63;51;8,4;jah
2025-11-06;1,58;49;8,8;jah
2025-11-07;1,57;49;9;jah
2025-11-08;1,54;48;8,2;jah
2025-11-09;1,45;45;7,7;jah
2025-11-10;1,45;44;7,5;jah
2025-11-11;1,49;45;7,4;jah
2025-11-12;1,51;45;6,8;jah
2025-11-13;1,48;44;7;jah
2025-11-14;1,63;47;6,5;jah
2025-11-15;1,8;50;4,4;jah
2025-11-16;1,69;47;3,2;jah
2025-11-17;1,6;45;2,9;jah
2025-11-18;1,54;44;2,6;jah
2025-11-19;1,5;43;2,3;jah
2025-11-20;1,56;44;2,7;jah
2025-11-21;1,65;46;2,9;jah
2025-11-22;1,67;46;2,8;jah
2025-11-23;1,6;44;2,1;jah
2025-11-24;1,53;43;1,8;jah
2025-11-25;1,5;42;1,3;jah
2025-11-26;1,43;40;1,1;jah
2025-11-27;1,36;39;0,8;jah
2025-11-28;1,39;39;1,4;jah
2025-11-29;1,44;40;2,1;jah
2025-11-30;1,58;43;2,4;jah
2025-12-01;1,62;44;3;jah
2025-12-02;1,72;46;3,4;jah
2025-12-03;1,76;47;3,2;jah
2025-12-04;1,7;45;3,1;jah
2025-12-05;1,69;45;3,6;jah
2025-12-06;1,68;45;4,2;jah
2025-12-07;1,81;47;4,1;jah
2025-12-08;1,91;49;3,5;jah
2025-12-09;1,94;50;4;jah
2025-12-10;2,01;51;4,5;jah
2025-12-11;1,98;50;5,4;jah
2025-12-12;1,92;49;4,7;jah
2025-12-13;1,78;46;2;jah
2025-12-14;1,59;42;1,1;jah
2025-12-15;1,59;42;1,9;jah
2025-12-16;1,97;50;3;jah
2025-12-17;2,26;55;3,4;jah
2025-12-18;2,2;54;3,6;jah
2025-12-19;2;50;3,7;jah
2025-12-20;1,92;49;4;jah
2025-12-21;2,08;52;4,5;jah
2025-12-22;2,23;55;3,8;jah
2025-12-23;2,08;53;1,6;jah
2025-12-24;1,74;46;1;jah
2025-12-25;1,66;44;1,8;jah
2025-12-26;1,64;45;1,8;jah
2025-12-27;1,62;46;2,3;jah
2025-12-28;1,61;46;1,7;jah
2025-12-29;1,59;44;1,1;jah
2025-12-30;1,57;42;0,3;jah
2025-12-31;1,55;58;0,2;jah
2026-01-01;1,53;76;0,3;ei
2026-01-02;1,51;63;0,2;ei
2026-01-03;1,5;51;0,2;ei
2026-01-04;1,48;46;0,2;ei
2026-01-05;1,46;41;0,3;ei
2026-01-06;1,44;44;0,2;ei
2026-01-07;1,43;45;0,2;ei
2026-01-08;1,41;42;0,2;ei
2026-01-09;1,39;41;0,2;ei
2026-01-10;1,37;42;0,2;ei
2026-01-11;1,36;43;0,2;ei
2026-01-12;1,34;43;0,2;ei
2026-01-13;1,32;43;0,2;ei
2026-01-14;1,31;43;0,2;ei
2026-01-15;1,29;43;0,2;ei
2026-01-16;1,26;43;0,2;ei
2026-01-17;1,22;42;0,2;ei
2026-01-18;1,19;43;0,2;ei
2026-01-19;1,16;44;0,2;ei
2026-01-20;1,12;44;0,2;ei
2026-01-21;1,09;45;0,2;ei
2026-01-22;1,06;46;0,2;ei
2026-01-23;1,03;46;0,2;ei
2026-01-24;0,993;45;0,2;ei
2026-01-25;0,961;41;0,2;ei
2026-01-26;0,929;45;0,2;ei
2026-01-27;0,897;45;0,2;ei
2026-01-28;0,866;45;0,2;ei
2026-01-29;0,835;44;0,2;ei
2026-01-30;0,803;42;0,2;ei
2026-01-31;0,773;42;0,2;ei
2026-02-01;0,742;41;0,2;ei
2026-02-02;0,712;40;0,2;ei
2026-02-03;0,688;42;0,2;ei
2026-02-04;0,666;44;0,2;ei
2026-02-05;0,645;46;0,2;ei
2026-02-06;0,64;47;0,2;ei
2026-02-07;0,639;48;0,2;ei
2026-02-08;0,637;48;0,2;ei
2026-02-09;0,636;49;0,2;ei
2026-02-10;0,634;50;0,2;ei
2026-02-11;0,633;50;0,2;ei
2026-02-12;0,631;50;0,2;ei
2026-02-13;0,629;49;0,2;ei
2026-02-14;0,627;48;0,2;ei
2026-02-15;0,625;46;0,2;ei
2026-02-16;0,623;49;0,2;ei
2026-02-17;0,621;49;0,2;ei
2026-02-18;0,618;48;0,2;ei
2026-02-19;0,616;50;0,2;ei
2026-02-20;0,613;52;0,2;ei
2026-02-21;0,61;54;0,2;ei
2026-02-22;0,607;57;0,2;ei
2026-02-23;0,604;58;0,2;ei
2026-02-24;0,601;56;0,2;ei
2026-02-25;0,598;52;0,3;ei
2026-02-26;0,595;49;0,3;ei
2026-02-27;0,615;48;0,3;ei
2026-02-28;0,955;55;0,3;ei
2026-03-01;1,73;73;0,4;ei
2026-03-02;3;98;0,5;ei
2026-03-03;3,41;96;0,5;ei
2026-03-04;3,04;80;0,6;ei
2026-03-05;2,96;77;0,8;ei
2026-03-06;2,85;74;0,8;ei
2026-03-07;2,56;67;0,9;ei
2026-03-08;2,09;57;0,7;ei
2026-03-09;2,01;55;1,2;ei
2026-03-10;2,06;55;1,8;ei
2026-03-11;2,17;57;1,9;ei
2026-03-12;2,43;61;2,7;ei
2026-03-13;2,96;70;2,6;ei
2026-03-14;3,11;73;3,1;ei
2026-03-15;3,02;70;3,3;ei
2026-03-16;2,87;67;3,3;ei
2026-03-17;2,74;64;3,1;ei
2026-03-18;2,51;59;3,4;ei
2026-03-19;2,31;55;3,3;ei
2026-03-20;2,38;56;3,9;ei
2026-03-21;2,32;54;3,5;ei
2026-03-22;2,11;50;3,5;ei
2026-03-23;1,97;47;3,7;ei
2026-03-24;1,93;46;4,1;ei
2026-03-25;1,9;46;5,1;ei
2026-03-26;1,95;47;6,1;ei
2026-03-27;1,9;46;5,5;ei
2026-03-28;1,79;44;5,1;ei
2026-03-29;1,72;43;4,6;ei
2026-03-30;1,68;42;5,5;ei
2026-03-31;1,68;42;5,8;ei
2026-04-01;1,66;42;5,6;ei
2026-04-02;1,61;41;5,4;ei
2026-04-03;1,55;40;5,4;ei
2026-04-04;1,51;40;5,1;ei
2026-04-05;1,65;43;5,2;ei
2026-04-06;1,85;47;5,2;ei
2026-04-07;1,83;46;5,2;ei
2026-04-08;1,93;48;5,3;ei
2026-04-09;1,78;46;4,8;ei
2026-04-10;1,58;42;4,7;ei
2026-04-11;1,51;41;5,2;ei
2026-04-12;1,47;40;6,2;ei
2026-04-13;1,41;39;7,1;ei
2026-04-14;1,39;39;7;ei
2026-04-15;1,36;38;7,5;ei
2026-04-16;1,39;39;8;ei
2026-04-17;1,41;40;8,9;ei
2026-04-18;1,36;39;8,4;ei
2026-04-19;1,3;38;7,3;ei
2026-04-20;1,26;37;6,9;ei
2026-04-21;1,22;36;7,4;ei
2026-04-22;1,19;36;7,8;ei
2026-04-23;1,16;35;7,8;ei
2026-04-24;1,13;35;8;ei
2026-04-25;1,13;35;7,6;ei
2026-04-26;1,25;38;6;ei
2026-04-27;1,22;37;5,9;ei
2026-04-28;1,15;36;6,1;ei
2026-04-29;1,1;35;6,1;ei
2026-04-30;1,08;35;5,4;ei
2026-05-01;1,07;35;8,2;ei
2026-05-02;1,05;34;10,7;ei
2026-05-03;1,02;34;12;ei
2026-05-04;0,997;34;12,6;ei
2026-05-05;0,976;33;13,3;ei
2026-05-06;0,939;33;12;ei
2026-05-07;0,912;32;10,5;ei
2026-05-08;0,902;32;9,8;ei
2026-05-09;0,884;32;10,2;ei
2026-05-10;0,866;31;10,7;ei
2026-05-11;0,854;31;12,3;ei
2026-05-12;0,837;31;13,2;ei
2026-05-13;0,849;32;13,4;ei
2026-05-14;0,949;34;12,9;ei
2026-05-15;0,889;33;12,1;ei
2026-05-16;0,847;32;13,5;ei
2026-05-17;0,832;32;14,1;ei
2026-05-18;0,813;32;13,5;ei
2026-05-19;0,791;31;15,5;ei
2026-05-20;0,764;31;15,3;ei
2026-05-21;0,828;33;13,8;ei
2026-05-22;0,903;35;13,9;ei
2026-05-23;0,901;35;15,1;ei
2026-05-24;0,867;34;16,3;ei
2026-05-25;0,832;34;15,6;ei
2026-05-26;0,764;32;14,7;ei
2026-05-27;0,745;31;13,5;ei
2026-05-28;0,816;34;12,3;ei
2026-05-29;0,778;33;11,9;ei
2026-05-30;0,759;33;12;ei
2026-05-31;0,746;33;12,6;ei
2026-06-01;0,742;33;13,1;ei
2026-06-02;0,71;33;14,9;ei
2026-06-03;0,68;32;16;ei
2026-06-04;0,735;35;17,3;ei
2026-06-05;0,76;36;17,1;ei
2026-06-06;0,784;38;16,7;ei
2026-06-07;0,839;41;16,5;ei
2026-06-08;0,76;38;17,1;ei
2026-06-09;1,09;51;16,1;ei
2026-06-10;1,36;62;15,4;ei
2026-06-11;1,2;58;15,1;ei
2026-06-12;1,34;64;14,9;ei
2026-06-13;1,43;69;13,9;ei
2026-06-14;1,74;82;12,7;ei
2026-06-15;1,77;85;13,4;ei
2026-06-16;1,74;85;13,3;ei
2026-06-17;1,69;86;13,4;ei
2026-06-18;2,26;109;14,3;ei
2026-06-19;2,43;118;16,1;ei
2026-06-20;1,9;101;17,1;ei
2026-06-21;1,38;82;17,7;ei
2026-06-22;1,26;79;18,1;ei
2026-06-23;1,13;74;17,8;ei
2026-06-24;1;70;16;ei
2026-06-25;0,985;72;16;ei
2026-06-26;0,916;69;17,1;ei
2026-06-27;0,883;67;17,7;ei
2026-06-28;0,908;67;17,2;ei
2026-06-29;1,05;74;20,4;ei
2026-06-30;1,06;74;20,4;ei
2026-07-01;0,961;68;20,1;ei
2026-07-02;0,991;68;18,9;ei
2026-07-03;1,08;72;17,4;ei
2026-07-04;1,13;74;16,9;ei
2026-07-05;1,2;76;16,6;ei
2026-07-06;1,37;83;16,8;ei
2026-07-07;1,44;86;16,1;ei
2026-07-08;1,69;95;15,4;ei
2026-07-09;4,15;160;15,1;ei
2026-07-10;7,93;204;16,1;ei
2026-07-11;7,08;194;17,5;ei
2026-07-12;4,92;169;18,4;ei
2026-07-13;3,79;151;19,3;ei
2026-07-14;2,97;134;19,2;ei
2026-07-15;2,33;117;18,3;ei
2026-07-16;1,96;105;18,5;ei
2026-07-17;1,68;95;18,1;ei
2026-07-18;1,47;87;18,6;ei
2026-07-19;1,29;80;19,1;ei
2026-07-20;1,23;79;18,4;ei
2026-07-21;1,73;104;16,7;ei
2026-07-22;2,13;122;16,3;ei
2026-07-23;2,08;122;15,6;ei
2026-07-24;1,76;111;16,1;ei
2026-07-25;1,49;100;16,1;ei
2026-07-26;1,29;91;16,9;ei
2026-07-27;1,16;87;17,3;ei
2026-07-28;1,22;92;17,4;ei
2026-07-29;1,18;91;16,9;ei
2026-07-30;1,04;85;17,1;ei
2026-07-31;0,92;79;18;ei
2026-08-01;0,824;75;18,9;ei
2026-08-02;0,821;77;18,5;ei
2026-08-03;0,805;77;17,3;ei
2026-08-04;0,753;74;17;ei
2026-08-05;0,707;70;17,4;ei
2026-08-06;0,668;67;18,5;ei
2026-08-07;0,639;65;18,6;ei
2026-08-08;0,622;63;17,9;ei
2026-08-09;0,619;63;16,9;ei
2026-08-10;0,605;62;16,9;ei
2026-08-11;0,652;65;17,1;ei
2026-08-12;0,735;71;15,9;ei
2026-08-13;0,691;67;15,2;ei
2026-08-14;0,65;64;15,7;ei
2026-08-15;0,623;62;16,2;ei
2026-08-16;0,616;61;16,4;ei
2026-08-17;0,608;61;16,6;ei
2026-08-18;0,578;58;15,6;ei
2026-08-19;0,575;58;15,2;ei
2026-08-20;0,561;57;14,4;ei
2026-08-21;0,572;57;15,2;ei
2026-08-22;0,625;61;14,7;ei
2026-08-23;0,882;78;14,4;ei
2026-08-24;1,09;91;14,6;ei
2026-08-25;1,01;86;14,4;ei
2026-08-26;0,87;77;14,1;ei
2026-08-27;0,778;71;14,1;ei
2026-08-28;0,716;67;14,1;ei
2026-08-29;0,681;64;14,5;ei
2026-08-30;0,659;63;14,9;ei
2026-08-31;0,674;64;15,3;ei
2026-09-01;0,645;62;15,4;ei
2026-09-02;0,708;66;15,4;ei
2026-09-03;0,824;74;15,1;ei
2026-09-04;0,905;79;14,5;ei
2026-09-05;1,17;96;14,2;ei
2026-09-06;1,2;98;13,6;ei
2026-09-07;1,11;92;13;ei
2026-09-08;0,926;81;13,4;ei
2026-09-09;0,821;74;14,6;ei
2026-09-10;0,762;70;15;ei
2026-09-11;0,759;70;13,8;ei
2026-09-12;0,739;68;12,7;ei
2026-09-13;0,692;65;13,4;ei
2026-09-14;0,662;63;13,7;ei
2026-09-15;0,651;62;12,4;ei
2026-09-16;0,626;60;12,6;ei
