kuupäev;vooluhulk_m3s;veetase_cm;veetemp_c;valideeritud
2016-10-08;0,152;32;6,8;jah
2016-10-09;0,138;31;7,1;jah
2016-10-10;0,129;31;5,6;jah
2016-10-11;0,112;30;5,3;jah
2016-10-12;0,107;30;4,9;jah
2016-10-13;0,314;31;3,9;jah
2016-10-14;1,24;36;4,4;jah
2016-10-15;0,113;30;4,5;jah
2016-10-16;0,086;29;4,2;jah
2016-10-17;0,103;28;3,8;jah
2016-10-18;0,173;31;2,6;jah
2016-10-19;0,092;29;2;jah
2016-10-20;0,068;27;1,5;jah
2016-10-21;0,068;27;1,1;jah
2016-10-22;0,069;27;1,4;jah
2016-10-23;0,072;27;2,5;jah
2016-10-24;0,078;28;3,1;jah
2016-10-25;0,081;28;2,7;jah
2016-10-26;0,096;29;2,6;jah
2016-10-27;0,212;32;3,2;jah
2016-10-28;5,94;43;5,4;jah
2016-10-29;20,8;60;4,9;jah
2016-10-30;19,1;60;4,6;jah
2016-10-31;17,1;60;3,7;jah
2016-11-01;13,7;58;2,5;jah
2016-11-02;10,4;57;0,7;jah
2016-11-03;7,52;55;0,7;jah
2016-11-04;5,38;53;0,7;jah
2016-11-05;4,27;54;0,2;jah
2016-11-06;4,59;58;0;jah
2016-11-07;1,88;53;0;jah
2016-11-08;0,64;51;0;jah
2016-11-09;0,447;50;0;jah
2016-11-10;0,394;49;0;jah
2016-11-11;0,356;48;0;jah
2016-11-12;0,323;48;0;jah
2016-11-13;0,303;47;0,1;jah
2016-11-14;0,289;47;0,1;jah
2016-11-15;0,281;47;0,1;jah
2016-11-16;0,314;48;0,1;jah
2016-11-17;0,813;57;0,4;jah
2016-11-18;2,03;73;1;jah
2016-11-19;3,56;86;2,3;jah
2016-11-20;4,93;96;2,7;jah
2016-11-21;5,67;100;3,7;jah
2016-11-22;5,34;99;4,1;jah
2016-11-23;4,39;92;3,2;jah
2016-11-24;3,56;86;3,5;jah
2016-11-25;3,01;80;2,5;jah
2016-11-26;2,94;79;2,8;jah
2016-11-27;3,1;80;2,2;jah
2016-11-28;2,95;78;0,3;jah
2016-11-29;3,98;84;0;jah
2016-11-30;3,37;79;0;jah
2016-12-01;1,67;69;0;jah
2016-12-02;1,54;67;0,1;jah
2016-12-03;1,54;66;0;jah
2016-12-04;2,31;76;0;jah
2016-12-05;2,23;74;0;jah
2016-12-06;1,95;70;0;jah
2016-12-07;2,1;71;0;jah
2016-12-08;2,14;70;0,1;jah
2016-12-09;3,03;80;0,2;jah
2016-12-10;3,79;86;0;jah
2016-12-11;5,75;98;0;jah
2016-12-12;6,68;103;0;jah
2016-12-13;6,06;100;0;jah
2016-12-14;4,67;92;0;jah
2016-12-15;3,51;84;0;jah
2016-12-16;2,7;76;0;jah
2016-12-17;1,48;61;0,1;jah
2016-12-18;1,17;56;0,2;jah
2016-12-19;1,22;57;0,2;jah
2016-12-20;1,34;59;0,3;jah
2016-12-21;1,57;62;0,5;jah
2016-12-22;1,8;65;0,8;jah
2016-12-23;2,01;68;0,9;jah
2016-12-24;2,13;69;1;jah
2016-12-25;2,33;72;1;jah
2016-12-26;2,41;72;1,6;jah
2016-12-27;2,41;72;0,9;jah
2016-12-28;2,24;70;0,1;jah
2016-12-29;2,08;72;0,1;jah
2016-12-30;1,93;66;1,1;jah
2016-12-31;1,91;66;2,7;jah
2017-01-01;2,64;74;3,5;jah
2017-01-02;3,11;79;1,7;jah
2017-01-03;3,01;79;0,1;jah
2017-01-04;2,74;86;0;jah
2017-01-05;2,48;95;0;jah
2017-01-06;2,24;104;0;jah
2017-01-07;2,01;99;0;jah
2017-01-08;1,8;93;0;jah
2017-01-09;1,61;87;0;jah
2017-01-10;1,43;82;0;jah
2017-01-11;1,26;78;0;jah
2017-01-12;1,1;72;0;jah
2017-01-13;0,955;65;0;jah
2017-01-14;0,823;60;0;jah
2017-01-15;0,702;56;0;jah
2017-01-16;0,594;53;0;jah
2017-01-17;0,506;51;0;jah
2017-01-18;0,459;49;0;jah
2017-01-19;0,563;52;0;jah
2017-01-20;0,654;55;0;jah
2017-01-21;0,623;54;0;jah
2017-01-22;0,588;53;0;jah
2017-01-23;0,732;57;0;jah
2017-01-24;0,85;60;0;jah
2017-01-25;0,716;56;0;jah
2017-01-26;0,668;55;0;jah
2017-01-27;0,722;56;0;jah
2017-01-28;0,712;56;0;jah
2017-01-29;0,691;55;0;jah
2017-01-30;0,676;55;0;jah
2017-01-31;0,666;55;0;jah
2017-02-01;0,67;55;0;jah
2017-02-02;0,653;55;0;jah
2017-02-03;0,636;55;0;jah
2017-02-04;0,602;54;0;jah
2017-02-05;0,561;53;0;jah
2017-02-06;0,467;51;0;jah
2017-02-07;0,376;52;0;jah
2017-02-08;0,297;45;0;jah
2017-02-09;0,246;42;0;jah
2017-02-10;0,213;41;0;jah
2017-02-11;0,209;41;0;jah
2017-02-12;0,215;41;0;jah
2017-02-13;0,235;42;0;jah
2017-02-14;0,261;44;0;jah
2017-02-15;0,281;45;0;jah
2017-02-16;0,286;45;0;jah
2017-02-17;0,352;48;0;jah
2017-02-18;0,442;52;0;jah
2017-02-19;0,684;59;0;jah
2017-02-20;1,16;72;0;jah
2017-02-21;1,52;79;0;jah
2017-02-22;2,2;88;0;jah
2017-02-23;2,31;89;0;jah
2017-02-24;1,95;85;0;jah
2017-02-25;1,77;83;0;jah
2017-02-26;1,48;79;0;jah
2017-02-27;1,26;75;0;jah
2017-02-28;1,19;73;0;jah
2017-03-01;2,15;87;0;jah
2017-03-02;3,53;100;0;jah
2017-03-03;4,35;105;0;jah
2017-03-04;6,56;117;0;jah
2017-03-05;6,63;118;0;jah
2017-03-06;5,65;113;0;jah
2017-03-07;3,98;104;0;jah
2017-03-08;2,83;95;0;jah
2017-03-09;1,82;85;0;jah
2017-03-10;1,37;78;0;jah
2017-03-11;1,34;75;0;jah
2017-03-12;1,42;74;0;jah
2017-03-13;1,45;72;0;jah
2017-03-14;1,45;70;0;jah
2017-03-15;1,82;74;0;jah
2017-03-16;2,2;78;0;jah
2017-03-17;2,76;82;0;jah
2017-03-18;3,57;88;0;jah
2017-03-19;3,42;85;0,1;jah
2017-03-20;3,76;86;0;jah
2017-03-21;3,13;80;0,1;jah
2017-03-22;3,51;82;0,2;jah
2017-03-23;3,73;82;0,5;jah
2017-03-24;3,68;82;0,4;jah
2017-03-25;3,16;77;0,4;jah
2017-03-26;3;76;0,4;jah
2017-03-27;2,64;72;1,5;jah
2017-03-28;2,53;71;1,8;jah
2017-03-29;2,3;69;1,1;jah
2017-03-30;2,11;67;1,2;jah
2017-03-31;1,94;65;1,1;jah
2017-04-01;1,88;64;1,4;jah
2017-04-02;2,02;66;4,2;jah
2017-04-03;2,19;68;4,6;jah
2017-04-04;2,21;68;4;jah
2017-04-05;2,2;68;3,9;jah
2017-04-06;2,12;67;4,5;jah
2017-04-07;1,99;66;4,4;jah
2017-04-08;1,91;65;4,8;jah
2017-04-09;1,81;64;4,9;jah
2017-04-10;1,75;63;6;jah
2017-04-11;1,73;63;6,5;jah
2017-04-12;1,68;63;5,5;jah
2017-04-13;1,84;65;4,5;jah
2017-04-14;1,85;66;3,8;jah
2017-04-15;1,71;64;3;jah
2017-04-16;1,53;62;2;jah
2017-04-17;1,37;60;2,1;jah
2017-04-18;1,22;58;2,2;jah
2017-04-19;1,08;56;2,3;jah
2017-04-20;0,983;54;3,3;jah
2017-04-21;1,3;59;4,4;jah
2017-04-22;1,68;65;5,2;jah
2017-04-23;1,86;67;5;jah
2017-04-24;1,85;67;4,6;jah
2017-04-25;1,88;67;4,9;jah
2017-04-26;1,96;68;4,9;jah
2017-04-27;1,92;67;5,1;jah
2017-04-28;1,85;66;5,8;jah
2017-04-29;2,02;67;4,8;jah
2017-04-30;2,81;76;4,3;jah
2017-05-01;2,77;76;5,8;jah
2017-05-02;2,68;74;7,9;jah
2017-05-03;2,3;70;9;jah
2017-05-04;1,93;66;9,2;jah
2017-05-05;1,63;62;9,4;jah
2017-05-06;1,38;58;10,3;jah
2017-05-07;1,17;55;10,1;jah
2017-05-08;0,978;52;8,6;jah
2017-05-09;0,864;50;6,7;jah
2017-05-10;0,772;49;6,1;jah
2017-05-11;0,699;47;5,6;jah
2017-05-12;0,642;46;6,7;jah
2017-05-13;0,571;44;8,6;jah
2017-05-14;0,536;44;10,6;jah
2017-05-15;0,495;42;11,7;jah
2017-05-16;0,434;41;11,7;jah
2017-05-17;0,389;40;11,1;jah
2017-05-18;0,372;39;11,7;jah
2017-05-19;0,339;38;14,8;jah
2017-05-20;0,297;37;16,4;jah
2017-05-21;0,276;36;17;jah
2017-05-22;0,257;36;17,2;jah
2017-05-23;0,247;35;15,4;jah
2017-05-24;0,285;37;14,6;jah
2017-05-25;0,283;37;14,9;jah
2017-05-26;0,262;36;14,8;jah
2017-05-27;0,23;35;14,9;jah
2017-05-28;0,209;34;16,6;jah
2017-05-29;0,178;32;17,9;jah
2017-05-30;0,16;31;16,6;jah
2017-05-31;0,155;31;14,9;jah
2017-06-01;0,147;30;13,3;jah
2017-06-02;0,133;30;11,2;jah
2017-06-03;0,126;29;12,3;jah
2017-06-04;0,115;28;14,2;jah
2017-06-05;0,113;28;13;jah
2017-06-06;0,135;29;15,4;jah
2017-06-07;0,13;29;17,1;jah
2017-06-08;0,209;32;16,1;jah
2017-06-09;0,311;37;15,7;jah
2017-06-10;0,282;35;16,8;jah
2017-06-11;0,258;34;16,9;jah
2017-06-12;0,394;37;15,3;jah
2017-06-13;0,759;46;14,5;jah
2017-06-14;0,837;46;15;jah
2017-06-15;0,841;46;15,7;jah
2017-06-16;0,672;43;16,8;jah
2017-06-17;0,506;39;18,5;jah
2017-06-18;0,355;35;18,3;jah
2017-06-19;0,277;32;18,9;jah
2017-06-20;0,295;32;16,4;jah
2017-06-21;0,391;35;14,9;jah
2017-06-22;0,301;32;15,2;jah
2017-06-23;0,236;30;15,2;jah
2017-06-24;0,192;28;14,4;jah
2017-06-25;0,172;28;15,5;jah
2017-06-26;0,187;28;15;jah
2017-06-27;0,26;32;15,2;jah
2017-06-28;0,208;30;16,1;jah
2017-06-29;0,155;27;16,8;jah
2017-06-30;0,165;28;15,4;jah
2017-07-01;0,26;33;14,6;jah
2017-07-02;0,264;34;15,8;jah
2017-07-03;0,275;34;16,3;jah
2017-07-04;0,305;36;16,2;jah
2017-07-05;0,339;37;15,9;jah
2017-07-06;0,247;34;15,1;jah
2017-07-07;0,179;31;15,6;jah
2017-07-08;0,126;28;16,6;jah
2017-07-09;0,092;26;17;jah
2017-07-10;0,069;24;17,6;jah
2017-07-11;0,058;23;17;jah
2017-07-12;0,055;23;17,8;jah
2017-07-13;0,085;26;16,6;jah
2017-07-14;0,179;33;16,1;jah
2017-07-15;0,152;32;15,8;jah
2017-07-16;0,113;29;16,5;jah
2017-07-17;0,095;27;15,9;jah
2017-07-18;0,1;28;15,8;jah
2017-07-19;0,149;32;15,6;jah
2017-07-20;0,123;30;15,9;jah
2017-07-21;0,103;29;15,6;jah
2017-07-22;0,079;26;15,9;jah
2017-07-23;0,067;25;16,3;jah
2017-07-24;0,047;23;16,8;jah
2017-07-25;0,036;21;16,9;jah
2017-07-26;0,032;20;17,9;jah
2017-07-27;0,027;19;18;jah
2017-07-28;0,033;20;18,5;jah
2017-07-29;0,105;29;18;jah
2017-07-30;0,04;21;17,6;jah
2017-07-31;0,029;19;18,6;jah
2017-08-01;0,024;18;18,8;jah
2017-08-02;0,021;18;18,8;jah
2017-08-03;0,021;18;19,1;jah
2017-08-04;0,041;21;18,6;jah
2017-08-05;0,068;24;18,3;jah
2017-08-06;0,059;23;18;jah
2017-08-07;0,059;23;16,9;jah
2017-08-08;0,086;26;16,6;jah
2017-08-09;0,075;25;17,3;jah
2017-08-10;0,058;23;18,5;jah
2017-08-11;0,047;22;18,3;jah
2017-08-12;0,047;22;19;jah
2017-08-13;0,183;33;18,6;jah
2017-08-14;0,188;34;17,7;jah
2017-08-15;0,166;33;16,3;jah
2017-08-16;0,138;31;16,5;jah
2017-08-17;0,108;29;17,7;jah
2017-08-18;0,084;27;17,9;jah
2017-08-19;0,114;28;18,1;jah
2017-08-20;0,125;30;17,7;jah
2017-08-21;0,064;25;16,9;jah
2017-08-22;0,064;25;15,6;jah
2017-08-23;0,066;25;14,8;jah
2017-08-24;0,063;25;14,5;jah
2017-08-25;0,055;24;13,5;jah
2017-08-26;0,067;25;13,5;jah
2017-08-27;0,064;25;13,7;jah
2017-08-28;0,054;24;13,7;jah
2017-08-29;0,05;23;13,1;jah
2017-08-30;0,044;22;15,1;jah
2017-08-31;0,038;21;16,9;jah
2017-09-01;0,052;23;16,5;jah
2017-09-02;0,039;21;14,3;jah
2017-09-03;0,061;24;14;jah
2017-09-04;0,077;26;13,2;jah
2017-09-05;0,059;24;12,3;jah
2017-09-06;0,049;23;11,6;jah
2017-09-07;0,048;23;11,7;jah
2017-09-08;0,051;23;12,3;jah
2017-09-09;0,062;24;12,8;jah
2017-09-10;0,076;26;13,6;jah
2017-09-11;0,113;29;14,2;jah
2017-09-12;0,284;38;14,9;jah
2017-09-13;0,411;43;14,6;jah
2017-09-14;0,667;50;13,9;jah
2017-09-15;1,13;61;13,2;jah
2017-09-16;1,16;63;12,5;jah
2017-09-17;1,26;66;11,8;jah
2017-09-18;1,14;65;11,1;jah
2017-09-19;1,46;73;10,8;jah
2017-09-20;1,35;71;10,6;jah
2017-09-21;1,35;70;10,5;jah
2017-09-22;1,31;69;11,5;jah
2017-09-23;1,16;66;11,8;jah
2017-09-24;0,987;61;11,4;jah
2017-09-25;0,826;58;11,1;jah
2017-09-26;0,689;54;10,7;jah
2017-09-27;0,572;51;10,6;jah
2017-09-28;0,485;48;10,1;jah
2017-09-29;0,413;46;8,6;jah
2017-09-30;0,364;44;8,8;jah
2017-10-01;0,327;43;9;jah
2017-10-02;0,295;42;8,8;jah
2017-10-03;0,315;42;8;jah
2017-10-04;0,961;58;9,1;jah
2017-10-05;1,68;72;8,8;jah
2017-10-06;1,9;75;7,9;jah
2017-10-07;2,04;77;7,9;jah
2017-10-08;2,74;85;8,5;jah
2017-10-09;2,97;88;8,2;jah
2017-10-10;5,01;104;8,3;jah
2017-10-11;8,32;124;8,5;jah
2017-10-12;8,48;124;8,3;jah
2017-10-13;9,25;127;8,8;jah
2017-10-14;7,62;119;8;jah
2017-10-15;5,98;111;8,2;jah
2017-10-16;4,39;101;8,5;jah
2017-10-17;3,49;94;7,8;jah
2017-10-18;3,35;93;8,6;jah
2017-10-19;3,17;90;7,3;jah
2017-10-20;2,94;88;5;jah
2017-10-21;2,72;85;3,3;jah
2017-10-22;2,4;81;2,1;jah
2017-10-23;2,1;76;1,4;jah
2017-10-24;1,84;72;0,4;jah
2017-10-25;1,75;70;0,1;jah
2017-10-26;1,55;66;0,3;jah
2017-10-27;1,5;65;1;jah
2017-10-28;1,67;68;1,7;jah
2017-10-29;2,54;79;2,6;jah
2017-10-30;3,1;84;2,8;jah
2017-10-31;3,48;88;1,8;jah
2017-11-01;3,36;86;1;jah
2017-11-02;3,01;83;1,6;jah
2017-11-03;2,62;79;2,3;jah
2017-11-04;2,34;76;3,1;jah
2017-11-05;2,15;73;4,9;jah
2017-11-06;2,02;71;5,4;jah
2017-11-07;1,87;69;3,9;jah
2017-11-08;1,73;67;2,8;jah
2017-11-09;1,64;66;3,5;jah
2017-11-10;1,87;69;4,5;jah
2017-11-11;2,28;74;4,7;jah
2017-11-12;3,35;85;4;jah
2017-11-13;3,82;88;2,8;jah
2017-11-14;4,03;90;1,9;jah
2017-11-15;3,63;87;1,9;jah
2017-11-16;3,48;86;2,1;jah
2017-11-17;3,3;84;2,3;jah
2017-11-18;3,24;83;3,5;jah
2017-11-19;3,14;82;3,4;jah
2017-11-20;3,28;84;2,8;jah
2017-11-21;3,07;82;2,3;jah
2017-11-22;2,9;80;1,5;jah
2017-11-23;2,72;78;0,8;jah
2017-11-24;2,56;76;2,1;jah
2017-11-25;2,91;80;3,1;jah
2017-11-26;3,89;88;2,3;jah
2017-11-27;4,93;95;2;jah
2017-11-28;5,11;96;2,3;jah
2017-11-29;4,56;92;1,6;jah
2017-11-30;4,13;90;1,6;jah
2017-12-01;3,91;88;1;jah
2017-12-02;3,58;85;1,1;jah
2017-12-03;3,73;86;1,6;jah
2017-12-04;5,21;96;2,1;jah
2017-12-05;5,35;97;1;jah
2017-12-06;5,11;95;0,2;jah
2017-12-07;4,2;90;0,1;jah
2017-12-08;4,76;93;1;jah
2017-12-09;5,73;99;1,7;jah
2017-12-10;5,63;98;0,9;jah
2017-12-11;4,94;94;0,1;jah
2017-12-12;4,43;90;0,3;jah
2017-12-13;7,13;105;0,6;jah
2017-12-14;7,18;105;0,2;jah
2017-12-15;6,35;101;0,1;jah
2017-12-16;5,12;94;0,3;jah
2017-12-17;4,15;88;0,6;jah
2017-12-18;3,51;83;0,4;jah
2017-12-19;3,09;79;0,6;jah
2017-12-20;2,81;76;0,9;jah
2017-12-21;2,96;78;1,3;jah
2017-12-22;3,08;79;0,9;jah
2017-12-23;2,98;78;0,4;jah
2017-12-24;3,37;81;0,2;jah
2017-12-25;3,97;86;0;jah
2017-12-26;3,93;86;0,8;jah
2017-12-27;4,33;88;1,8;jah
2017-12-28;4,28;88;1,7;jah
2017-12-29;4,05;86;1,8;jah
2017-12-30;4,05;86;1,3;jah
2017-12-31;3,87;85;0,4;jah
2018-01-01;3,58;83;0,5;jah
2018-01-02;4,17;87;1,9;jah
2018-01-03;4,17;87;2,3;jah
2018-01-04;3,97;85;2,1;jah
2018-01-05;3,88;85;2,5;jah
2018-01-06;3,98;87;2,4;jah
2018-01-07;3,6;85;0,4;jah
2018-01-08;3,28;84;0;jah
2018-01-09;2,57;79;0,1;jah
2018-01-10;2,09;75;0,3;jah
2018-01-11;1,72;71;0,2;jah
2018-01-12;1,52;74;0;jah
2018-01-13;1,39;87;0;jah
2018-01-14;1,27;91;0;jah
2018-01-15;1,15;86;0;jah
2018-01-16;1,03;82;0;jah
2018-01-17;0,915;77;0;jah
2018-01-18;0,798;72;0;jah
2018-01-19;0,688;69;0;jah
2018-01-20;0,592;64;0;jah
2018-01-21;0,513;61;0;jah
2018-01-22;0,427;56;0;jah
2018-01-23;0,381;54;0;jah
2018-01-24;0,373;53;0;jah
2018-01-25;0,621;61;0;jah
2018-01-26;0,925;69;0;jah
2018-01-27;1,02;70;0;jah
2018-01-28;1,18;73;0;jah
2018-01-29;1,24;73;0;jah
2018-01-30;1,22;72;0;jah
2018-01-31;1,13;70;0;jah
2018-02-01;1,09;68;0;jah
2018-02-02;1,12;68;0;jah
2018-02-03;1,11;67;0;jah
2018-02-04;1,13;67;0;jah
2018-02-05;1,08;65;0;jah
2018-02-06;1,03;63;0;jah
2018-02-07;0,994;62;0;jah
2018-02-08;0,955;61;0;jah
2018-02-09;0,877;59;0;jah
2018-02-10;0,81;57;0;jah
2018-02-11;0,763;56;0;jah
2018-02-12;0,738;55;0;jah
2018-02-13;0,729;54;0;jah
2018-02-14;0,724;54;0;jah
2018-02-15;0,687;53;0;jah
2018-02-16;0,701;53;0;jah
2018-02-17;0,667;52;0;jah
2018-02-18;0,653;51;0;jah
2018-02-19;0,624;50;0;jah
2018-02-20;0,603;49;0;jah
2018-02-21;0,562;48;0;jah
2018-02-22;0,489;47;0;jah
2018-02-23;0,431;46;0;jah
2018-02-24;0,376;44;0;jah
2018-02-25;0,308;42;0;jah
2018-02-26;0,278;42;0;jah
2018-02-27;0,256;41;0;jah
2018-02-28;0,242;41;0;jah
2018-03-01;0,258;43;0;jah
2018-03-02;0,273;44;0;jah
2018-03-03;0,275;45;0;jah
2018-03-04;0,287;46;0;jah
2018-03-05;0,257;46;0;jah
2018-03-06;0,248;46;0;jah
2018-03-07;0,245;47;0;jah
2018-03-08;0,221;47;0;jah
2018-03-09;0,198;46;0;jah
2018-03-10;0,209;46;0;jah
2018-03-11;0,217;46;0;jah
2018-03-12;0,233;46;0;jah
2018-03-13;0,406;53;0;jah
2018-03-14;0,703;63;0;jah
2018-03-15;0,613;61;0;jah
2018-03-16;0,555;60;0;jah
2018-03-17;0,506;57;0;jah
2018-03-18;0,498;54;0;jah
2018-03-19;0,505;53;0;jah
2018-03-20;0,502;53;0;jah
2018-03-21;0,443;50;0;jah
2018-03-22;0,433;49;0;jah
2018-03-23;0,453;49;0;jah
2018-03-24;0,425;47;0;jah
2018-03-25;0,517;49;0;jah
2018-03-26;0,58;50;0;jah
2018-03-27;0,52;48;0;jah
2018-03-28;0,46;46;0;jah
2018-03-29;0,42;44;0;jah
2018-03-30;0,405;43;0;jah
2018-03-31;0,416;43;0;jah
2018-04-01;0,442;44;0;jah
2018-04-02;0,55;46;0;jah
2018-04-03;0,618;47;0;jah
2018-04-04;0,951;53;0;jah
2018-04-05;2;68;0;jah
2018-04-06;3,43;84;0;jah
2018-04-07;3,55;83;0,1;jah
2018-04-08;3,5;82;0,2;jah
2018-04-09;3,33;80;1,4;jah
2018-04-10;3,33;80;1,5;jah
2018-04-11;2,91;76;1,7;jah
2018-04-12;2,7;74;2,4;jah
2018-04-13;2,33;70;3,4;jah
2018-04-14;2,06;66;4,6;jah
2018-04-15;1,92;65;5,3;jah
2018-04-16;1,97;65;7,1;jah
2018-04-17;2,04;66;7,1;jah
2018-04-18;2,07;66;6,9;jah
2018-04-19;2,07;66;7,8;jah
2018-04-20;1,98;65;8,3;jah
2018-04-21;1,89;63;8,8;jah
2018-04-22;1,73;61;7,4;jah
2018-04-23;1,59;59;7,2;jah
2018-04-24;1,47;58;8,2;jah
2018-04-25;1,53;59;7,8;jah
2018-04-26;1,66;60;7,5;jah
2018-04-27;2,06;65;7,3;jah
2018-04-28;2,26;68;8,2;jah
2018-04-29;2,1;66;8,7;jah
2018-04-30;1,9;64;9,8;jah
2018-05-01;1,93;64;10,1;jah
2018-05-02;1,97;65;9,7;jah
2018-05-03;1,91;64;9,4;jah
2018-05-04;1,97;65;10,8;jah
2018-05-05;1,76;63;11,5;jah
2018-05-06;1,56;60;11,8;jah
2018-05-07;1,35;57;13,4;jah
2018-05-08;1,13;54;14,4;jah
2018-05-09;0,933;51;13,8;jah
2018-05-10;0,771;48;14,1;jah
2018-05-11;0,639;46;15;jah
2018-05-12;0,535;43;15,8;jah
2018-05-13;0,46;41;16,6;jah
2018-05-14;0,394;39;17,2;jah
2018-05-15;0,34;38;17,9;jah
2018-05-16;0,294;36;18,5;jah
2018-05-17;0,347;38;18,3;jah
2018-05-18;0,301;36;16,7;jah
2018-05-19;0,279;35;15,3;jah
2018-05-20;0,242;34;15,4;jah
2018-05-21;0,209;32;16,6;jah
2018-05-22;0,183;31;16,9;jah
2018-05-23;0,165;30;17;jah
2018-05-24;0,148;29;16,9;jah
2018-05-25;0,124;27;16,8;jah
2018-05-26;0,109;26;18;jah
2018-05-27;0,088;25;18,2;jah
2018-05-28;0,078;24;17,5;jah
2018-05-29;0,07;23;18,3;jah
2018-05-30;0,053;22;18,7;jah
2018-05-31;0,044;20;18;jah
2018-06-01;0,042;20;17,3;jah
2018-06-02;0,039;20;18;jah
2018-06-03;0,032;19;18,5;jah
2018-06-04;0,032;19;17,6;jah
2018-06-05;0,035;20;13,4;jah
2018-06-06;0,031;19;12,6;jah
2018-06-07;0,028;19;13,8;jah
2018-06-08;0,03;19;15,4;jah
2018-06-09;0,028;19;15;jah
2018-06-10;0,021;18;15,4;jah
2018-06-11;0,016;17;18;jah
2018-06-12;0,016;17;17,7;jah
2018-06-13;0,019;18;16,6;jah
2018-06-14;0,017;18;17,8;jah
2018-06-15;0,012;17;18,7;jah
2018-06-16;0,013;17;19,3;jah
2018-06-17;0,007;15;20,8;jah
2018-06-18;0,006;14;19,7;jah
2018-06-19;0,005;14;17;jah
2018-06-20;0,004;13;17,4;jah
2018-06-21;0,006;14;17,1;jah
2018-06-22;0,031;22;15,7;jah
2018-06-23;0,043;24;16;jah
2018-06-24;0,032;22;15,8;jah
2018-06-25;0,03;21;16,3;jah
2018-06-26;0,039;22;16,5;jah
2018-06-27;0,031;21;17,8;jah
2018-06-28;0,022;19;19,4;jah
2018-06-29;0,022;18;17,3;jah
2018-06-30;0,025;19;15,9;jah
2018-07-01;0,024;19;14,3;jah
2018-07-02;0,019;17;13,8;jah
2018-07-03;0,02;17;15,3;jah
2018-07-04;0,022;18;17,4;jah
2018-07-05;0,023;18;17,3;jah
2018-07-06;0,02;17;16,9;jah
2018-07-07;0,019;17;18,7;jah
2018-07-08;0,018;17;19,7;jah
2018-07-09;0,011;15;19,9;jah
2018-07-10;0,007;14;19,4;jah
2018-07-11;0,006;13;19;jah
2018-07-12;0,005;13;20,2;jah
2018-07-13;0,004;13;21,3;jah
2018-07-14;0,004;12;22,2;jah
2018-07-15;0,003;12;22,1;jah
2018-07-16;0,002;11;22,2;jah
2018-07-17;0,002;11;23,2;jah
2018-07-18;0,001;10;23,2;jah
2018-07-19;0,001;10;22,6;jah
2018-07-20;0,001;10;22,8;jah
2018-07-21;0,001;9;22,6;jah
2018-07-22;0,001;9;23;jah
2018-07-23;0,001;8;22,2;jah
2018-07-24;0,001;9;21,5;jah
2018-07-25;0,001;9;22,8;jah
2018-07-26;0,001;9;23;jah
2018-07-27;0,001;8;23;jah
2018-07-28;0,001;7;23,2;jah
2018-07-29;0,001;7;24,8;jah
2018-07-30;0,001;7;24,8;jah
2018-07-31;0,001;6;24,6;jah
2018-08-01;0,001;6;24,4;jah
2018-08-02;0,001;6;24,1;jah
2018-08-03;0,001;5;22,7;jah
2018-08-04;0,001;7;21;jah
2018-08-05;0,002;10;20,9;jah
2018-08-06;0,002;10;19,8;jah
2018-08-07;0,002;9;19,7;jah
2018-08-08;0,002;9;19,1;jah
2018-08-09;0,002;8;21,1;jah
2018-08-10;0,002;8;21,1;jah
2018-08-11;0,002;9;20,7;jah
2018-08-12;0,002;10;18,5;jah
2018-08-13;0,003;10;18;jah
2018-08-14;0,002;10;17;jah
2018-08-15;0,003;11;17,6;jah
2018-08-16;0,003;10;18,7;jah
2018-08-17;0,003;10;18,8;jah
2018-08-18;0,003;10;20,1;jah
2018-08-19;0,003;10;18,3;jah
2018-08-20;0,003;11;16,6;jah
2018-08-21;0,003;11;16,6;jah
2018-08-22;0,003;10;15,1;jah
2018-08-23;0,006;13;17,2;jah
2018-08-24;0,006;13;18,4;jah
2018-08-25;0,006;14;18,7;jah
2018-08-26;0,004;12;16,6;jah
2018-08-27;0,003;12;15,8;jah
2018-08-28;0,002;11;16,5;jah
2018-08-29;0,002;11;15,8;jah
2018-08-30;0,002;11;16,6;jah
2018-08-31;0,002;11;17,3;jah
2018-09-01;0,001;11;18,1;jah
2018-09-02;0,001;11;17,6;jah
2018-09-03;0,001;11;17,4;jah
2018-09-04;0,001;11;17,3;jah
2018-09-05;0;11;17;jah
2018-09-06;0;11;18,1;jah
2018-09-07;0;11;18,5;jah
2018-09-08;0;10;18,1;jah
2018-09-09;0,001;10;17;jah
2018-09-10;0,001;10;17,2;jah
2018-09-11;0,001;10;16,1;jah
2018-09-12;0,001;11;15,2;jah
2018-09-13;0,001;11;14,7;jah
2018-09-14;0,001;10;13,9;jah
2018-09-15;0,002;10;13,7;jah
2018-09-16;0,002;11;13,4;jah
2018-09-17;0,003;13;12,4;jah
2018-09-18;0,005;14;13,4;jah
2018-09-19;0,005;14;14,1;jah
2018-09-20;0,005;14;15,6;jah
2018-09-21;0,005;14;16,7;jah
2018-09-22;0,004;13;14,5;jah
2018-09-23;0,004;13;11,4;jah
2018-09-24;0,005;14;9,8;jah
2018-09-25;0,005;14;8,1;jah
2018-09-26;0,009;16;8,5;jah
2018-09-27;0,021;20;9,1;jah
2018-09-28;0,081;30;8,5;jah
2018-09-29;0,12;34;7,8;jah
2018-09-30;0,096;31;8,7;jah
2018-10-01;0,078;29;9,9;jah
2018-10-02;0,072;28;9,9;jah
2018-10-03;0,086;30;8,7;jah
2018-10-04;0,153;36;7,5;jah
2018-10-05;0,159;36;7,1;jah
2018-10-06;0,189;38;9;jah
2018-10-07;0,235;41;8,5;jah
2018-10-08;0,23;40;6,7;jah
2018-10-09;0,27;42;8,5;jah
2018-10-10;0,289;43;9,9;jah
2018-10-11;0,265;42;9,4;jah
2018-10-12;0,25;42;10;jah
2018-10-13;0,222;40;10,1;jah
2018-10-14;0,193;39;10,1;jah
2018-10-15;0,174;38;9,4;jah
2018-10-16;0,156;37;9,2;jah
2018-10-17;0,14;35;9;jah
2018-10-18;0,128;35;9;jah
2018-10-19;0,126;35;7,6;jah
2018-10-20;0,126;35;6,3;jah
2018-10-21;0,118;34;6,1;jah
2018-10-22;0,131;35;7,8;jah
2018-10-23;0,168;38;6,2;jah
2018-10-24;0,377;48;5,7;jah
2018-10-25;0,464;51;4,7;jah
2018-10-26;0,543;53;4;jah
2018-10-27;0,591;54;2,2;jah
2018-10-28;0,996;64;2,3;jah
2018-10-29;1,08;66;1,2;jah
2018-10-30;1,07;66;1,2;jah
2018-10-31;1,16;68;2,9;jah
2018-11-01;1,16;67;3,9;jah
2018-11-02;1,1;66;5,8;jah
2018-11-03;1,03;64;6,9;jah
2018-11-04;0,928;62;6,3;jah
2018-11-05;0,83;59;4,7;jah
2018-11-06;0,778;58;5;jah
2018-11-07;0,727;57;6,1;jah
2018-11-08;0,672;55;6,1;jah
2018-11-09;0,628;54;5,6;jah
2018-11-10;0,6;53;5,2;jah
2018-11-11;0,57;52;4,9;jah
2018-11-12;0,544;51;4,7;jah
2018-11-13;1,13;64;5,3;jah
2018-11-14;1,56;73;5,8;jah
2018-11-15;1,53;72;6;jah
2018-11-16;1,54;73;6;jah
2018-11-17;1,45;71;6,2;jah
2018-11-18;1,29;68;5,3;jah
2018-11-19;1,12;65;3,8;jah
2018-11-20;0,988;62;2,8;jah
2018-11-21;0,89;60;2,6;jah
2018-11-22;0,806;58;2,6;jah
2018-11-23;0,737;57;2,7;jah
2018-11-24;0,671;55;2,6;jah
2018-11-25;0,596;53;0,5;jah
2018-11-26;0,6;53;0,1;jah
2018-11-27;0,461;53;0;jah
2018-11-28;0,448;50;0;jah
2018-11-29;0,388;47;0,1;jah
2018-11-30;0,336;45;0;jah
2018-12-01;0,294;44;0,1;jah
2018-12-02;0,263;42;0,1;jah
2018-12-03;0,258;42;0,1;jah
2018-12-04;0,345;46;0,1;jah
2018-12-05;0,554;53;0,1;jah
2018-12-06;0,585;55;0,1;jah
2018-12-07;0,562;54;0,1;jah
2018-12-08;0,575;55;0,1;jah
2018-12-09;0,753;60;0,1;jah
2018-12-10;0,856;63;0,2;jah
2018-12-11;0,892;64;0,3;jah
2018-12-12;0,878;64;0,3;jah
2018-12-13;0,817;63;0,2;jah
2018-12-14;0,733;61;0;jah
2018-12-15;0,642;58;0;jah
2018-12-16;0,69;60;0;jah
2018-12-17;0,718;61;0;jah
2018-12-18;0,572;56;0;jah
2018-12-19;0,55;55;0;jah
2018-12-20;0,572;56;0;jah
2018-12-21;0,586;56;0;jah
2018-12-22;0,526;54;0;jah
2018-12-23;0,415;50;0;jah
2018-12-24;0,394;49;0;jah
2018-12-25;0,393;48;0,1;jah
2018-12-26;0,447;50;0;jah
2018-12-27;0,473;51;0,1;jah
2018-12-28;0,514;52;0,1;jah
2018-12-29;0,565;53;0,1;jah
2018-12-30;0,611;54;0,1;jah
2018-12-31;0,618;54;0,1;jah
2019-01-01;0,64;59;0,1;jah
2019-01-02;0,692;66;0,1;jah
2019-01-03;0,747;73;0,1;jah
2019-01-04;0,804;74;0,1;jah
2019-01-05;0,865;70;0;jah
2019-01-06;0,928;68;0;jah
2019-01-07;0,994;65;0;jah
2019-01-08;1,05;62;0;jah
2019-01-09;1,03;62;0;jah
2019-01-10;0,938;60;0;jah
2019-01-11;0,883;59;0;jah
2019-01-12;0,857;59;0;jah
2019-01-13;0,796;58;0;jah
2019-01-14;0,765;58;0;jah
2019-01-15;0,757;58;0;jah
2019-01-16;0,687;57;0;jah
2019-01-17;0,676;63;0;jah
2019-01-18;0,682;72;0;jah
2019-01-19;0,687;74;0;jah
2019-01-20;0,691;73;0;jah
2019-01-21;0,695;76;0;jah
2019-01-22;0,698;78;0;jah
2019-01-23;0,701;73;0;jah
2019-01-24;0,703;71;0;jah
2019-01-25;0,703;70;0;jah
2019-01-26;0,703;68;0;jah
2019-01-27;0,703;66;0;jah
2019-01-28;0,701;64;0;jah
2019-01-29;0,699;63;0;jah
2019-01-30;0,688;64;0;jah
2019-01-31;0,659;63;0;jah
2019-02-01;0,65;62;0;jah
2019-02-02;0,663;62;0;jah
2019-02-03;0,791;66;0;jah
2019-02-04;0,983;70;0;jah
2019-02-05;1,03;71;0;jah
2019-02-06;1,08;72;0;jah
2019-02-07;1,1;72;0;jah
2019-02-08;1,15;72;0;jah
2019-02-09;1,41;77;0;jah
2019-02-10;1,99;85;0;jah
2019-02-11;2,76;94;0;jah
2019-02-12;2,98;96;0;jah
2019-02-13;2,89;94;0;jah
2019-02-14;2,78;92;0;jah
2019-02-15;2,94;93;0;jah
2019-02-16;3,44;96;0;jah
2019-02-17;3,82;101;0;jah
2019-02-18;4,14;104;0;jah
2019-02-19;4,02;99;0;jah
2019-02-20;4,15;99;0;jah
2019-02-21;3,94;97;0;jah
2019-02-22;3,57;93;0;jah
2019-02-23;3,14;88;0;jah
2019-02-24;2,83;84;0;jah
2019-02-25;2,62;81;0;jah
2019-02-26;2,56;79;0;jah
2019-02-27;2,57;79;0;jah
2019-02-28;2,55;78;0;jah
2019-03-01;2,53;79;0;jah
2019-03-02;2,49;78;0;jah
2019-03-03;2,31;73;0;jah
2019-03-04;2,33;72;0;jah
2019-03-05;2,23;74;0;jah
2019-03-06;2,34;82;0;jah
2019-03-07;2,47;77;0;jah
2019-03-08;3,62;82;0;jah
2019-03-09;4,83;92;0,1;jah
2019-03-10;5,13;93;0,1;jah
2019-03-11;5,37;94;0;jah
2019-03-12;4,75;90;0;jah
2019-03-13;3,94;84;0,1;jah
2019-03-14;3,46;80;0,1;jah
2019-03-15;3,61;82;0,2;jah
2019-03-16;4,49;89;0,2;jah
2019-03-17;5,45;97;0,4;jah
2019-03-18;8,1;113;0,6;jah
2019-03-19;10;122;0,6;jah
2019-03-20;10,3;123;0,8;jah
2019-03-21;9,27;119;1,2;jah
2019-03-22;8,16;113;1,7;jah
2019-03-23;6,75;106;1;jah
2019-03-24;5,75;99;1,7;jah
2019-03-25;4,85;93;2;jah
2019-03-26;4,2;88;1,7;jah
2019-03-27;3,58;82;1,3;jah
2019-03-28;3,19;78;2,7;jah
2019-03-29;2,89;75;4,3;jah
2019-03-30;2,7;73;5;jah
2019-03-31;2,61;72;5,2;jah
2019-04-01;2,5;71;3,9;jah
2019-04-02;2,3;69;3,4;jah
2019-04-03;2,11;67;3,7;jah
2019-04-04;1,92;64;4,6;jah
2019-04-05;1,7;62;4,9;jah
2019-04-06;1,53;59;5,2;jah
2019-04-07;1,37;57;5,6;jah
2019-04-08;1,25;56;5;jah
2019-04-09;1,24;55;3,8;jah
2019-04-10;1,3;56;3,2;jah
2019-04-11;1,28;56;2,7;jah
2019-04-12;1,28;56;2,6;jah
2019-04-13;1,16;54;2,8;jah
2019-04-14;1,07;52;3,9;jah
2019-04-15;0,975;51;4,5;jah
2019-04-16;0,901;49;5,7;jah
2019-04-17;0,835;48;7,1;jah
2019-04-18;0,778;47;8;jah
2019-04-19;0,704;46;8,4;jah
2019-04-20;0,654;45;9,3;jah
2019-04-21;0,6;44;9,6;jah
2019-04-22;0,558;43;9,7;jah
2019-04-23;0,521;42;10,5;jah
2019-04-24;0,478;41;11,3;jah
2019-04-25;0,443;40;11,6;jah
2019-04-26;0,414;39;12,8;jah
2019-04-27;0,38;38;13,7;jah
2019-04-28;0,342;37;12,6;jah
2019-04-29;0,315;36;11,1;jah
2019-04-30;0,299;35;10,6;jah
2019-05-01;0,278;34;11;jah
2019-05-02;0,486;40;10,1;jah
2019-05-03;0,689;45;7,5;jah
2019-05-04;0,683;45;6;jah
2019-05-05;0,693;45;6,6;jah
2019-05-06;0,621;44;8,1;jah
2019-05-07;0,537;42;8,9;jah
2019-05-08;0,461;41;9,1;jah
2019-05-09;0,401;39;10;jah
2019-05-10;0,355;38;10,4;jah
2019-05-11;0,367;38;10,5;jah
2019-05-12;0,461;41;11,5;jah
2019-05-13;0,447;41;10,4;jah
2019-05-14;0,515;43;10,2;jah
2019-05-15;0,498;42;11;jah
2019-05-16;0,438;41;12,3;jah
2019-05-17;0,35;39;13,6;jah
2019-05-18;0,287;36;15,4;jah
2019-05-19;0,23;34;16,9;jah
2019-05-20;0,181;32;17,9;jah
2019-05-21;0,159;31;17,2;jah
2019-05-22;0,143;30;18,6;jah
2019-05-23;0,123;29;18,9;jah
2019-05-24;0,136;30;16,4;jah
2019-05-25;0,213;35;15,3;jah
2019-05-26;0,198;34;13,5;jah
2019-05-27;0,299;39;12,3;jah
2019-05-28;0,321;40;13,1;jah
2019-05-29;0,565;47;13,9;jah
2019-05-30;0,597;48;13,7;jah
2019-05-31;0,506;46;13;jah
2019-06-01;0,385;43;13,2;jah
2019-06-02;0,289;40;14;jah
2019-06-03;0,221;37;14,9;jah
2019-06-04;0,167;34;17,9;jah
2019-06-05;0,131;32;19,7;jah
2019-06-06;0,099;29;21,1;jah
2019-06-07;0,075;27;21,7;jah
2019-06-08;0,067;26;22,3;jah
2019-06-09;0,109;30;21,7;jah
2019-06-10;0,151;34;19,9;jah
2019-06-11;0,144;34;18,3;jah
2019-06-12;0,226;39;18,5;jah
2019-06-13;0,485;48;17,8;jah
2019-06-14;0,965;61;17,6;jah
2019-06-15;0,929;60;17,8;jah
2019-06-16;0,758;57;18,4;jah
2019-06-17;0,539;51;18,8;jah
2019-06-18;0,333;44;19;jah
2019-06-19;0,197;38;19,4;jah
2019-06-20;0,133;34;20,2;jah
2019-06-21;0,118;33;21,4;jah
2019-06-22;0,088;30;20,1;jah
2019-06-23;0,067;27;18,9;jah
2019-06-24;0,055;26;18,9;jah
2019-06-25;0,042;23;18,1;jah
2019-06-26;0,034;22;17,1;jah
2019-06-27;0,042;23;16,5;jah
2019-06-28;0,08;28;16,9;jah
2019-06-29;0,06;26;16,9;jah
2019-06-30;0,042;23;18,4;jah
2019-07-01;0,035;22;19,6;jah
2019-07-02;0,028;20;19,1;jah
2019-07-03;0,021;19;17,2;jah
2019-07-04;0,016;17;16,2;jah
2019-07-05;0,028;20;15,4;jah
2019-07-06;0,155;33;15,4;jah
2019-07-07;0,187;36;15,5;jah
2019-07-08;0,147;34;15,3;jah
2019-07-09;0,176;35;15,3;jah
2019-07-10;0,158;34;15,2;jah
2019-07-11;0,129;32;14,6;jah
2019-07-12;0,103;30;13,9;jah
2019-07-13;0,079;28;14,5;jah
2019-07-14;0,06;25;15;jah
2019-07-15;0,047;24;15,3;jah
2019-07-16;0,039;22;16;jah
2019-07-17;0,034;22;16,6;jah
2019-07-18;0,032;21;17,6;jah
2019-07-19;0,033;22;18,1;jah
2019-07-20;0,023;20;18,4;jah
2019-07-21;0,017;18;19,2;jah
2019-07-22;0,015;17;18,4;jah
2019-07-23;0,013;17;19,7;jah
2019-07-24;0,009;16;19,5;jah
2019-07-25;0,008;15;20,2;jah
2019-07-26;0,007;15;21,1;jah
2019-07-27;0,006;14;22,5;jah
2019-07-28;0,005;14;21,5;jah
2019-07-29;0,004;13;20,8;jah
2019-07-30;0,005;14;17,5;jah
2019-07-31;0,004;13;15,5;jah
2019-08-01;0,004;13;16,1;jah
2019-08-02;0,003;12;15,6;jah
2019-08-03;0,003;12;15;jah
2019-08-04;0,003;12;15,1;jah
2019-08-05;0,003;11;14,8;jah
2019-08-06;0,02;18;14,6;jah
2019-08-07;0,157;36;15,6;jah
2019-08-08;0,098;32;15,4;jah
2019-08-09;0,069;28;15,8;jah
2019-08-10;0,061;27;16;jah
2019-08-11;0,054;26;17,1;jah
2019-08-12;0,056;26;17,1;jah
2019-08-13;0,094;31;16,8;jah
2019-08-14;0,114;33;16,3;jah
2019-08-15;0,112;32;15,6;jah
2019-08-16;0,091;30;15,2;jah
2019-08-17;0,075;29;16,4;jah
2019-08-18;0,06;27;17,4;jah
2019-08-19;0,05;25;17,7;jah
2019-08-20;0,044;24;17,3;jah
2019-08-21;0,037;23;16,3;jah
2019-08-22;0,033;22;15,9;jah
2019-08-23;0,03;22;16,1;jah
2019-08-24;0,041;24;17;jah
2019-08-25;0,048;25;15,7;jah
2019-08-26;0,04;24;16,2;jah
2019-08-27;0,032;22;17,2;jah
2019-08-28;0,026;21;17,5;jah
2019-08-29;0,02;19;18,1;jah
2019-08-30;0,018;19;18,3;jah
2019-08-31;0,017;19;17;jah
2019-09-01;0,014;18;16,6;jah
2019-09-02;0,012;17;17;jah
2019-09-03;0,017;18;15,5;jah
2019-09-04;0,015;18;15,2;jah
2019-09-05;0,014;18;15,3;jah
2019-09-06;0,013;17;14,9;jah
2019-09-07;0,014;18;13,7;jah
2019-09-08;0,014;18;14,3;jah
2019-09-09;0,02;20;16;jah
2019-09-10;0,028;22;15,9;jah
2019-09-11;0,027;22;14,8;jah
2019-09-12;0,027;21;14,6;jah
2019-09-13;0,035;23;14,1;jah
2019-09-14;0,049;26;12,6;jah
2019-09-15;0,098;32;11,6;jah
2019-09-16;0,505;53;11,4;jah
2019-09-17;0,685;59;10,9;jah
2019-09-18;0,552;55;9,9;jah
2019-09-19;0,454;52;8,6;jah
2019-09-20;0,36;48;8,1;jah
2019-09-21;0,38;49;9,3;jah
2019-09-22;0,444;52;9,3;jah
2019-09-23;0,365;49;7,3;jah
2019-09-24;0,319;47;8;jah
2019-09-25;0,259;44;8,3;jah
2019-09-26;0,216;42;7;jah
2019-09-27;0,177;40;6,4;jah
2019-09-28;0,149;38;6,9;jah
2019-09-29;0,141;38;9,3;jah
2019-09-30;0,163;39;10,2;jah
2019-10-01;0,201;42;9,8;jah
2019-10-02;0,214;43;9;jah
2019-10-03;0,215;43;8;jah
2019-10-04;0,203;42;7,2;jah
2019-10-05;0,186;41;5,1;jah
2019-10-06;0,166;40;5;jah
2019-10-07;0,166;40;4,9;jah
2019-10-08;0,18;41;4,5;jah
2019-10-09;0,228;44;5,4;jah
2019-10-10;0,299;47;6,6;jah
2019-10-11;0,314;48;7,7;jah
2019-10-12;0,768;62;9,1;jah
2019-10-13;1,42;76;9,2;jah
2019-10-14;1,72;80;8;jah
2019-10-15;1,78;81;7,5;jah
2019-10-16;1,57;77;7,4;jah
2019-10-17;1,81;80;7,9;jah
2019-10-18;2,32;86;9,1;jah
2019-10-19;2,31;86;9,9;jah
2019-10-20;2,17;83;9,7;jah
2019-10-21;2,01;81;9,6;jah
2019-10-22;1,76;76;8,7;jah
2019-10-23;1,58;73;9,3;jah
2019-10-24;1,42;70;9,4;jah
2019-10-25;1,28;67;8,8;jah
2019-10-26;1,36;68;8,9;jah
2019-10-27;2,66;85;8,5;jah
2019-10-28;4,04;98;6,2;jah
2019-10-29;3,72;95;4,3;jah
2019-10-30;3,36;92;2;jah
2019-10-31;2,8;86;2;jah
2019-11-01;2,41;81;2,4;jah
2019-11-02;2,13;78;2,8;jah
2019-11-03;2,28;80;4,1;jah
2019-11-04;3,17;89;4,7;jah
2019-11-05;3,34;91;4,2;jah
2019-11-06;3,13;89;3,2;jah
2019-11-07;2,81;85;2,5;jah
2019-11-08;2,46;81;2,9;jah
2019-11-09;2,19;78;4,2;jah
2019-11-10;2,01;75;5,6;jah
2019-11-11;1,9;74;5,6;jah
2019-11-12;1,77;72;4,7;jah
2019-11-13;1,8;72;5,3;jah
2019-11-14;2,35;79;6,9;jah
2019-11-15;2,27;78;5,3;jah
2019-11-16;2,23;78;4,2;jah
2019-11-17;2,21;77;5,2;jah
2019-11-18;2,05;75;5,5;jah
2019-11-19;1,92;73;5,9;jah
2019-11-20;1,77;71;5,6;jah
2019-11-21;1,63;69;5;jah
2019-11-22;1,49;67;3,5;jah
2019-11-23;1,34;64;1,5;jah
2019-11-24;1,21;63;0,3;jah
2019-11-25;1,1;65;0,1;jah
2019-11-26;0,998;58;0,2;jah
2019-11-27;0,946;57;0,4;jah
2019-11-28;0,989;58;0,9;jah
2019-11-29;1,14;61;1,6;jah
2019-11-30;1,43;66;0,5;jah
2019-12-01;1,47;74;0,1;jah
2019-12-02;1,46;68;0,1;jah
2019-12-03;1,45;75;0,1;jah
2019-12-04;1,5;69;0,2;jah
2019-12-05;1,85;72;1,2;jah
2019-12-06;2,29;77;3,1;jah
2019-12-07;3,14;87;4,4;jah
2019-12-08;3,91;94;3,5;jah
2019-12-09;5,7;107;4,1;jah
2019-12-10;6,36;110;3,4;jah
2019-12-11;5,97;108;0,8;jah
2019-12-12;4,77;100;0,2;jah
2019-12-13;3,79;92;0,7;jah
2019-12-14;3,3;87;1;jah
2019-12-15;3;84;1,3;jah
2019-12-16;3,01;84;1,9;jah
2019-12-17;3,05;84;2,8;jah
2019-12-18;3,22;86;3,7;jah
2019-12-19;3,56;89;2,8;jah
2019-12-20;3,3;87;2;jah
2019-12-21;3,05;84;2,4;jah
2019-12-22;2,72;80;3,1;jah
2019-12-23;2,42;77;3,6;jah
2019-12-24;2,21;75;3,9;jah
2019-12-25;2,22;75;3,9;jah
2019-12-26;2,08;73;3;jah
2019-12-27;1,97;71;1,9;jah
2019-12-28;1,84;70;0,5;jah
2019-12-29;1,73;73;0,1;jah
2019-12-30;1,73;68;1,5;jah
2019-12-31;1,88;70;2,2;jah
2020-01-01;1,76;68;0,9;jah
2020-01-02;1,71;68;1,3;jah
2020-01-03;1,65;67;2,6;jah
2020-01-04;1,64;67;1,9;jah
2020-01-05;1,56;66;0,4;jah
2020-01-06;1,51;66;0,3;jah
2020-01-07;1,73;68;1,4;jah
2020-01-08;1,93;70;2,7;jah
2020-01-09;2,15;73;2,3;jah
2020-01-10;2,12;73;2,2;jah
2020-01-11;2;71;0,9;jah
2020-01-12;2,49;77;2,1;jah
2020-01-13;3,35;86;2,3;jah
2020-01-14;3,39;86;2,2;jah
2020-01-15;4,23;93;3,4;jah
2020-01-16;7,05;111;4,5;jah
2020-01-17;8,01;116;3,7;jah
2020-01-18;7,2;112;2,5;jah
2020-01-19;5,55;102;3;jah
2020-01-20;4,28;93;2;jah
2020-01-21;3,62;87;3;jah
2020-01-22;3,17;82;1,7;jah
2020-01-23;2,69;77;0,4;jah
2020-01-24;2,48;75;1,5;jah
2020-01-25;2,24;72;1,2;jah
2020-01-26;2,02;69;1,3;jah
2020-01-27;1,87;68;2,9;jah
2020-01-28;1,73;67;3,1;jah
2020-01-29;1,65;66;2,2;jah
2020-01-30;1,67;67;2,1;jah
2020-01-31;1,69;67;2,2;jah
2020-02-01;1,8;68;2,2;jah
2020-02-02;2,74;79;3,2;jah
2020-02-03;3,23;84;2,4;jah
2020-02-04;3,09;86;0,2;jah
2020-02-05;2,64;95;0,1;jah
2020-02-06;2,22;80;0,1;jah
2020-02-07;1,83;97;0,1;jah
2020-02-08;1,47;74;0,1;jah
2020-02-09;1,32;63;0,3;jah
2020-02-10;1,88;70;0,9;jah
2020-02-11;3,08;84;1,3;jah
2020-02-12;3,61;89;1,4;jah
2020-02-13;3,9;92;1,7;jah
2020-02-14;3,42;87;0,9;jah
2020-02-15;2,93;81;0,5;jah
2020-02-16;3,17;82;1,6;jah
2020-02-17;4,71;95;3,7;jah
2020-02-18;5,13;98;4,1;jah
2020-02-19;5,2;97;3,9;jah
2020-02-20;4,54;91;3,1;jah
2020-02-21;3,91;85;2,1;jah
2020-02-22;4,39;88;2,6;jah
2020-02-23;7,77;111;2,9;jah
2020-02-24;7,31;111;2;jah
2020-02-25;5,94;98;0,7;jah
2020-02-26;4,64;86;0,1;jah
2020-02-27;4,12;80;0,1;jah
2020-02-28;3,72;82;0,1;jah
2020-02-29;3,33;86;0,1;jah
2020-03-01;3,02;76;0,1;jah
2020-03-02;3,25;77;0,3;jah
2020-03-03;3,67;81;0,6;jah
2020-03-04;5,3;93;0,8;jah
2020-03-05;7,57;108;1,5;jah
2020-03-06;8,67;114;2,1;jah
2020-03-07;7,6;108;2,1;jah
2020-03-08;6,04;99;2,4;jah
2020-03-09;4,82;90;2,8;jah
2020-03-10;4,12;85;3,6;jah
2020-03-11;4,01;84;3,8;jah
2020-03-12;4,51;88;3,8;jah
2020-03-13;5,57;96;3,6;jah
2020-03-14;5,5;95;1,8;jah
2020-03-15;4,66;89;0,9;jah
2020-03-16;4,31;86;1,3;jah
2020-03-17;4,67;89;1,3;jah
2020-03-18;4,73;90;3,4;jah
2020-03-19;5,22;94;4;jah
2020-03-20;4,7;90;3,5;jah
2020-03-21;3,96;84;1,8;jah
2020-03-22;3,17;77;0,9;jah
2020-03-23;2,6;72;0,9;jah
2020-03-24;2,2;68;1,6;jah
2020-03-25;1,94;66;2,8;jah
2020-03-26;1,75;64;3,6;jah
2020-03-27;1,59;62;3,4;jah
2020-03-28;1,47;60;3,9;jah
2020-03-29;1,34;59;3,7;jah
2020-03-30;1,17;56;1,5;jah
2020-03-31;1,08;55;1,1;jah
2020-04-01;1,01;54;2,6;jah
2020-04-02;0,999;54;4,1;jah
2020-04-03;1,11;55;3,7;jah
2020-04-04;1,19;57;3,3;jah
2020-04-05;1,15;56;3,8;jah
2020-04-06;1,11;56;5,1;jah
2020-04-07;1,04;54;6,5;jah
2020-04-08;0,968;53;7,5;jah
2020-04-09;0,874;52;7,1;jah
2020-04-10;0,782;50;6,2;jah
2020-04-11;0,707;49;5,4;jah
2020-04-12;0,73;49;4,7;jah
2020-04-13;0,957;54;5,6;jah
2020-04-14;1,11;56;4,2;jah
2020-04-15;1,42;61;4;jah
2020-04-16;1,91;67;5,1;jah
2020-04-17;2,01;68;4,8;jah
2020-04-18;1,9;67;4,9;jah
2020-04-19;1,63;64;5,9;jah
2020-04-20;1,34;60;7,4;jah
2020-04-21;1,12;57;9;jah
2020-04-22;0,924;54;8,9;jah
2020-04-23;0,806;52;9,4;jah
2020-04-24;0,689;49;9,3;jah
2020-04-25;0,604;48;8,4;jah
2020-04-26;0,54;46;8;jah
2020-04-27;0,485;45;8,4;jah
2020-04-28;0,525;46;6,6;jah
2020-04-29;0,784;52;5,7;jah
2020-04-30;0,758;52;5,8;jah
2020-05-01;0,713;51;7;jah
2020-05-02;0,673;50;8,6;jah
2020-05-03;0,844;53;9,8;jah
2020-05-04;0,809;53;9,9;jah
2020-05-05;0,772;52;10,9;jah
2020-05-06;0,674;50;11,7;jah
2020-05-07;0,561;47;11,4;jah
2020-05-08;0,481;45;10,6;jah
2020-05-09;0,427;43;11,5;jah
2020-05-10;0,384;42;12,2;jah
2020-05-11;0,386;42;10,8;jah
2020-05-12;0,432;43;9,4;jah
2020-05-13;0,441;44;8,5;jah
2020-05-14;0,477;45;8,7;jah
2020-05-15;0,447;44;9,2;jah
2020-05-16;0,422;43;9,8;jah
2020-05-17;0,524;46;8,4;jah
2020-05-18;0,969;56;8;jah
2020-05-19;0,914;55;8,8;jah
2020-05-20;0,793;53;9,1;jah
2020-05-21;0,67;50;10;jah
2020-05-22;0,551;47;12,4;jah
2020-05-23;0,449;44;13,3;jah
2020-05-24;0,384;42;13;jah
2020-05-25;0,342;41;14;jah
2020-05-26;0,286;38;14;jah
2020-05-27;0,257;37;14,9;jah
2020-05-28;0,226;35;15,2;jah
2020-05-29;0,206;34;14,3;jah
2020-05-30;0,184;33;14,6;jah
2020-05-31;0,16;31;15,3;jah
2020-06-01;0,143;30;13,7;jah
2020-06-02;0,129;29;13,9;jah
2020-06-03;0,119;28;15;jah
2020-06-04;0,117;28;14,9;jah
2020-06-05;0,154;31;15,6;jah
2020-06-06;0,213;35;15,6;jah
2020-06-07;0,216;36;15,4;jah
2020-06-08;0,273;39;16,8;jah
2020-06-09;0,323;41;16,7;jah
2020-06-10;0,296;40;17,5;jah
2020-06-11;0,249;38;18,6;jah
2020-06-12;0,2;35;18,6;jah
2020-06-13;0,154;31;18;jah
2020-06-14;0,118;28;17,9;jah
2020-06-15;0,097;27;18,8;jah
2020-06-16;0,079;25;18,5;jah
2020-06-17;0,08;25;19,1;jah
2020-06-18;0,093;26;21;jah
2020-06-19;0,086;25;21,3;jah
2020-06-20;0,159;31;19,3;jah
2020-06-21;0,232;37;18,8;jah
2020-06-22;0,162;32;19;jah
2020-06-23;0,104;27;19,4;jah
2020-06-24;0,071;24;19,7;jah
2020-06-25;0,05;21;20,7;jah
2020-06-26;0,036;19;21,4;jah
2020-06-27;0,028;18;21,9;jah
2020-06-28;0,023;17;22,8;jah
2020-06-29;0,034;18;21,2;jah
2020-06-30;1,35;57;18;jah
2020-07-01;3,52;89;16,1;jah
2020-07-02;4,99;102;16,2;jah
2020-07-03;3,85;94;16,7;jah
2020-07-04;2,75;83;16,1;jah
2020-07-05;2,77;84;16;jah
2020-07-06;2,73;84;16,5;jah
2020-07-07;2,19;79;15,7;jah
2020-07-08;1,76;74;14,9;jah
2020-07-09;1,35;67;14,7;jah
2020-07-10;1,02;62;14,1;jah
2020-07-11;0,841;58;14,3;jah
2020-07-12;0,692;55;14,6;jah
2020-07-13;0,545;51;14,8;jah
2020-07-14;0,446;48;15,2;jah
2020-07-15;0,336;44;15,5;jah
2020-07-16;0,247;39;16,4;jah
2020-07-17;0,183;35;17,2;jah
2020-07-18;0,146;32;18;jah
2020-07-19;0,117;30;18,7;jah
2020-07-20;0,108;29;19,1;jah
2020-07-21;0,133;31;18,1;jah
2020-07-22;0,14;32;16,6;jah
2020-07-23;0,116;30;15,6;jah
2020-07-24;0,111;29;15,3;jah
2020-07-25;0,29;41;16,1;jah
2020-07-26;0,354;44;15,9;jah
2020-07-27;0,269;40;17,2;jah
2020-07-28;0,23;38;18;jah
2020-07-29;0,215;37;17,5;jah
2020-07-30;0,289;40;16,2;jah
2020-07-31;0,571;51;16,2;jah
2020-08-01;0,435;47;15,6;jah
2020-08-02;0,297;41;15,6;jah
2020-08-03;0,219;37;16,2;jah
2020-08-04;0,21;36;16;jah
2020-08-05;0,292;41;16,7;jah
2020-08-06;0,265;39;16,7;jah
2020-08-07;0,215;36;18;jah
2020-08-08;0,173;34;18,7;jah
2020-08-09;0,139;31;19,2;jah
2020-08-10;0,107;28;18,9;jah
2020-08-11;0,083;26;16,7;jah
2020-08-12;0,069;24;15,8;jah
2020-08-13;0,066;24;16,1;jah
2020-08-14;0,064;24;17,1;jah
2020-08-15;0,057;23;17,6;jah
2020-08-16;0,051;23;18,3;jah
2020-08-17;0,046;22;17,4;jah
2020-08-18;0,04;21;16,6;jah
2020-08-19;0,034;20;17,1;jah
2020-08-20;0,029;19;17;jah
2020-08-21;0,027;19;17,9;jah
2020-08-22;0,024;18;17,2;jah
2020-08-23;0,034;20;18,3;jah
2020-08-24;0,043;22;17,4;jah
2020-08-25;0,036;21;16,3;jah
2020-08-26;0,043;22;15,3;jah
2020-08-27;0,054;23;14,8;jah
2020-08-28;0,053;23;13,4;jah
2020-08-29;0,051;23;12,9;jah
2020-08-30;0,064;24;13,9;jah
2020-08-31;0,072;25;14;jah
2020-09-01;0,067;25;14;jah
2020-09-02;0,06;24;13,8;jah
2020-09-03;0,057;23;14,4;jah
2020-09-04;0,058;23;14,9;jah
2020-09-05;0,064;24;15,1;jah
2020-09-06;0,093;27;14,4;jah
2020-09-07;0,157;33;13,2;jah
2020-09-08;0,298;41;12,2;jah
2020-09-09;0,682;54;12,4;jah
2020-09-10;1,02;61;12,5;jah
2020-09-11;1,07;62;12;jah
2020-09-12;0,908;58;12;jah
2020-09-13;0,877;58;12,4;jah
2020-09-14;0,722;54;13,2;jah
2020-09-15;0,57;50;13,6;jah
2020-09-16;0,487;48;14,3;jah
2020-09-17;0,416;45;12,7;jah
2020-09-18;0,369;44;11,6;jah
2020-09-19;0,315;41;11,2;jah
2020-09-20;0,272;39;10,3;jah
2020-09-21;0,234;38;11,7;jah
2020-09-22;0,207;37;12,3;jah
2020-09-23;0,179;35;12,1;jah
2020-09-24;0,168;34;13,1;jah
2020-09-25;0,189;36;13,8;jah
2020-09-26;0,202;37;13,9;jah
2020-09-27;0,193;36;13,8;jah
2020-09-28;0,176;35;13,3;jah
2020-09-29;0,159;34;13,3;jah
2020-09-30;0,15;33;13,2;jah
2020-10-01;0,141;32;12,1;jah
2020-10-02;0,153;33;11,5;jah
2020-10-03;0,15;33;11,6;jah
2020-10-04;0,133;31;11,8;jah
2020-10-05;0,131;31;12,2;jah
2020-10-06;0,13;31;12,9;jah
2020-10-07;0,127;31;12,1;jah
2020-10-08;0,122;30;12,3;jah
2020-10-09;0,121;30;11,7;jah
2020-10-10;0,133;31;10,7;jah
2020-10-11;0,146;32;11;jah
2020-10-12;0,161;33;10,1;jah
2020-10-13;0,164;33;9,8;jah
2020-10-14;0,164;33;7,9;jah
2020-10-15;0,154;33;7,3;jah
2020-10-16;0,152;32;6,8;jah
2020-10-17;0,142;31;6;jah
2020-10-18;0,143;31;6,2;jah
2020-10-19;0,257;38;4,9;jah
2020-10-20;0,604;51;4,6;jah
2020-10-21;0,699;53;4,9;jah
2020-10-22;1,15;61;7;jah
2020-10-23;1,9;72;8,7;jah
2020-10-24;1,89;72;7,9;jah
2020-10-25;1,95;72;7,8;jah
2020-10-26;1,81;71;8,4;jah
2020-10-27;1,66;68;9,2;jah
2020-10-28;2,36;77;9,3;jah
2020-10-29;2,5;78;9,2;jah
2020-10-30;2,39;77;9,2;jah
2020-10-31;2,19;74;8;jah
2020-11-01;1,86;70;7,1;jah
2020-11-02;1,57;66;7;jah
2020-11-03;1,39;64;8,2;jah
2020-11-04;1,28;62;7,9;jah
2020-11-05;1,19;60;7;jah
2020-11-06;1,12;59;6,6;jah
2020-11-07;1,01;57;6,4;jah
2020-11-08;0,976;57;6,6;jah
2020-11-09;0,91;55;4,8;jah
2020-11-10;0,846;54;3,7;jah
2020-11-11;0,808;53;3,9;jah
2020-11-12;0,777;52;4,3;jah
2020-11-13;0,742;52;4,3;jah
2020-11-14;0,7;50;4;jah
2020-11-15;0,66;49;3,6;jah
2020-11-16;0,636;48;3,7;jah
2020-11-17;0,643;48;4,3;jah
2020-11-18;1,32;60;6,5;jah
2020-11-19;2,1;69;7,8;jah
2020-11-20;2,98;77;4,8;jah
2020-11-21;3,52;82;3,1;jah
2020-11-22;5,41;97;4,2;jah
2020-11-23;5,63;98;4,5;jah
2020-11-24;5,4;96;3,9;jah
2020-11-25;4,65;90;4,3;jah
2020-11-26;4,07;86;5,5;jah
2020-11-27;3,81;83;4,3;jah
2020-11-28;3,45;80;3,2;jah
2020-11-29;3,12;78;2,7;jah
2020-11-30;2,78;75;2,1;jah
2020-12-01;2,43;71;1,9;jah
2020-12-02;2,13;68;1,1;jah
2020-12-03;1,84;65;0,5;jah
2020-12-04;1,66;63;0,9;jah
2020-12-05;1,5;62;1,7;jah
2020-12-06;1,38;60;2,4;jah
2020-12-07;1,23;58;0,8;jah
2020-12-08;1,12;65;0,1;jah
2020-12-09;1,04;67;0,1;jah
2020-12-10;0,972;61;0,1;jah
2020-12-11;0,906;56;0,2;jah
2020-12-12;0,798;51;0,1;jah
2020-12-13;0,742;50;0,1;jah
2020-12-14;0,698;49;0,1;jah
2020-12-15;0,678;49;0,1;jah
2020-12-16;0,756;51;0,2;jah
2020-12-17;0,903;54;0,2;jah
2020-12-18;1,08;57;0,3;jah
2020-12-19;1,52;63;0,6;jah
2020-12-20;1,8;66;1,2;jah
2020-12-21;1,94;68;1,2;jah
2020-12-22;2,21;71;1,6;jah
2020-12-23;2,22;71;1,2;jah
2020-12-24;2,37;73;1,9;jah
2020-12-25;2,55;75;1,9;jah
2020-12-26;2,47;74;1,2;jah
2020-12-27;2,23;72;0,3;jah
2020-12-28;2,03;73;0,1;jah
2020-12-29;1,85;66;0,3;jah
2020-12-30;1,87;66;0,8;jah
2020-12-31;2,06;69;0,9;jah
2021-01-01;2,11;70;1,1;jah
2021-01-02;2,07;70;1;jah
2021-01-03;1,92;69;0,8;jah
2021-01-04;1,7;66;0,6;jah
2021-01-05;1,47;64;0,3;jah
2021-01-06;1,3;61;0,1;jah
2021-01-07;1,11;59;0,1;jah
2021-01-08;1,03;59;0,1;jah
2021-01-09;0,97;65;0,1;jah
2021-01-10;0,917;69;0,1;jah
2021-01-11;0,867;67;0,1;jah
2021-01-12;0,827;65;0,1;jah
2021-01-13;0,791;65;0,1;jah
2021-01-14;0,755;65;0,1;jah
2021-01-15;0,721;67;0,1;jah
2021-01-16;0,688;64;0,1;jah
2021-01-17;0,656;59;0,1;jah
2021-01-18;0,625;55;0,1;jah
2021-01-19;0,594;52;0,1;jah
2021-01-20;0,548;50;0,1;jah
2021-01-21;0,528;50;0,1;jah
2021-01-22;0,552;51;0,1;jah
2021-01-23;0,655;54;0,1;jah
2021-01-24;0,966;61;0,1;jah
2021-01-25;1,23;66;0,1;jah
2021-01-26;1,35;68;0,1;jah
2021-01-27;1,48;70;0,1;jah
2021-01-28;1,55;72;0,1;jah
2021-01-29;1,54;72;0,1;jah
2021-01-30;1,64;74;0,1;jah
2021-01-31;1,6;73;0,1;jah
2021-02-01;1,54;72;0,1;jah
2021-02-02;1,42;70;0,1;jah
2021-02-03;1,4;70;0,1;jah
2021-02-04;1,32;69;0,1;jah
2021-02-05;1,19;66;0,1;jah
2021-02-06;1,03;63;0,1;jah
2021-02-07;0,873;60;0,1;jah
2021-02-08;0,79;58;0,1;jah
2021-02-09;0,699;56;0,1;jah
2021-02-10;0,595;53;0,1;jah
2021-02-11;0,544;52;0,1;jah
2021-02-12;0,487;50;0,1;jah
2021-02-13;0,473;49;0,1;jah
2021-02-14;0,498;50;0,1;jah
2021-02-15;0,536;51;0,1;jah
2021-02-16;0,546;51;0,1;jah
2021-02-17;0,543;51;0,1;jah
2021-02-18;0,488;49;0,1;jah
2021-02-19;0,422;46;0,1;jah
2021-02-20;0,412;46;0,1;jah
2021-02-21;0,479;48;0,1;jah
2021-02-22;0,613;51;0,1;jah
2021-02-23;0,704;53;0,1;jah
2021-02-24;0,861;56;0,1;jah
2021-02-25;1,45;66;0,1;jah
2021-02-26;2,26;78;0,1;jah
2021-02-27;2,51;80;0,1;jah
2021-02-28;3,06;85;0,1;jah
2021-03-01;3,5;90;0,1;jah
2021-03-02;3,43;92;0,1;jah
2021-03-03;3,22;94;0,1;jah
2021-03-04;3,02;82;0,1;jah
2021-03-05;2,82;84;0,1;jah
2021-03-06;2,62;85;0,1;jah
2021-03-07;2,43;77;0,1;jah
2021-03-08;2,23;75;0,1;jah
2021-03-09;2,04;77;0,1;jah
2021-03-10;1,85;71;0,1;jah
2021-03-11;1,66;69;0,1;jah
2021-03-12;1,48;62;0,1;jah
2021-03-13;1,38;60;0,1;jah
2021-03-14;1,7;64;0,1;jah
2021-03-15;2,35;71;0,1;jah
2021-03-16;2,62;73;0,1;jah
2021-03-17;2,67;73;0,1;jah
2021-03-18;2,66;74;0,1;jah
2021-03-19;2,43;76;0,1;jah
2021-03-20;2,22;72;0,1;jah
2021-03-21;2,01;63;0,1;jah
2021-03-22;1,81;66;0,1;jah
2021-03-23;1,61;65;0,1;jah
2021-03-24;1,5;61;0,2;jah
2021-03-25;1,81;62;0,3;jah
2021-03-26;2,47;69;0,4;jah
2021-03-27;3,01;74;0,5;jah
2021-03-28;3,42;77;1;jah
2021-03-29;3,67;80;1,3;jah
2021-03-30;4,7;88;2,4;jah
2021-03-31;5,31;93;3,3;jah
2021-04-01;5,17;92;3,6;jah
2021-04-02;4,35;86;3,5;jah
2021-04-03;3,59;79;2,8;jah
2021-04-04;2,98;74;3,3;jah
2021-04-05;2,64;71;3,3;jah
2021-04-06;2,54;70;2,4;jah
2021-04-07;2,29;67;3,1;jah
2021-04-08;2,08;65;3,6;jah
2021-04-09;1,97;64;2,9;jah
2021-04-10;2,31;68;3,9;jah
2021-04-11;2,2;67;4,5;jah
2021-04-12;2,18;67;6,8;jah
2021-04-13;1,99;65;7,2;jah
2021-04-14;1,75;62;6,4;jah
2021-04-15;1,51;59;6;jah
2021-04-16;1,3;56;6,1;jah
2021-04-17;1,13;54;7,3;jah
2021-04-18;0,978;52;8,4;jah
2021-04-19;0,854;49;9;jah
2021-04-20;0,768;48;9,8;jah
2021-04-21;0,696;46;9,8;jah
2021-04-22;0,637;45;8,9;jah
2021-04-23;0,63;45;7,9;jah
2021-04-24;0,656;45;6,5;jah
2021-04-25;0,901;50;5,2;jah
2021-04-26;1,23;55;5;jah
2021-04-27;1,52;59;5,7;jah
2021-04-28;1,57;60;6;jah
2021-04-29;1,48;58;6,8;jah
2021-04-30;1,29;56;7,5;jah
2021-05-01;1,08;53;7;jah
2021-05-02;0,911;50;6,8;jah
2021-05-03;0,777;48;6,1;jah
2021-05-04;0,687;46;7,4;jah
2021-05-05;0,708;46;7,3;jah
2021-05-06;0,964;51;7,4;jah
2021-05-07;1,42;58;8;jah
2021-05-08;1,66;61;7,5;jah
2021-05-09;1,74;62;8,5;jah
2021-05-10;1,57;61;11,9;jah
2021-05-11;1,25;57;14,8;jah
2021-05-12;0,974;53;16,5;jah
2021-05-13;0,76;49;16,7;jah
2021-05-14;0,613;46;15,2;jah
2021-05-15;1,09;54;14,2;jah
2021-05-16;1,86;66;13,4;jah
2021-05-17;1,33;59;14,1;jah
2021-05-18;1,18;57;13;jah
2021-05-19;1,55;63;12;jah
2021-05-20;1,55;63;11,5;jah
2021-05-21;1,59;64;11,1;jah
2021-05-22;1,79;66;11,4;jah
2021-05-23;1,55;64;11,9;jah
2021-05-24;1,28;60;12,4;jah
2021-05-25;1,02;56;12,7;jah
2021-05-26;1,03;57;12,1;jah
2021-05-27;1,49;64;10,9;jah
2021-05-28;1,83;69;11,3;jah
2021-05-29;1,69;67;12,3;jah
2021-05-30;1,5;65;12,4;jah
2021-05-31;1,19;61;12,2;jah
2021-06-01;0,903;56;13;jah
2021-06-02;0,677;51;14,3;jah
2021-06-03;0,51;47;15,7;jah
2021-06-04;0,392;44;16,1;jah
2021-06-05;0,321;41;16,4;jah
2021-06-06;0,261;38;17;jah
2021-06-07;0,219;36;18,3;jah
2021-06-08;0,204;36;18,1;jah
2021-06-09;0,376;44;18;jah
2021-06-10;0,31;42;18;jah
2021-06-11;0,215;38;18,7;jah
2021-06-12;0,159;35;18,3;jah
2021-06-13;0,163;36;17,5;jah
2021-06-14;0,143;35;17;jah
2021-06-15;0,114;33;17,8;jah
2021-06-16;0,091;32;17,4;jah
2021-06-17;0,07;30;18;jah
2021-06-18;0,052;27;19,6;jah
2021-06-19;0,038;26;21,1;jah
2021-06-20;0,031;25;22,5;jah
2021-06-21;0,023;23;24;jah
2021-06-22;0,021;23;24,7;jah
2021-06-23;0,017;23;24,2;jah
2021-06-24;0,012;21;23,7;jah
2021-06-25;0,01;22;22,8;jah
2021-06-26;0,007;20;22,4;jah
2021-06-27;0,004;19;21,4;jah
2021-06-28;0,002;19;20,9;jah
2021-06-29;0,001;18;21,1;jah
2021-06-30;0;17;21,5;jah
2021-07-01;0;16;22,1;jah
2021-07-02;0;15;22,9;jah
2021-07-03;0,001;15;22,3;jah
2021-07-04;0,001;14;22,2;jah
2021-07-05;0,001;13;22,2;jah
2021-07-06;0,001;12;23,1;jah
2021-07-07;0,001;12;24;jah
2021-07-08;0,001;11;23,1;jah
2021-07-09;0,001;11;23;jah
2021-07-10;0,002;14;24,9;jah
2021-07-11;0,001;13;23,8;jah
2021-07-12;0,001;12;23,4;jah
2021-07-13;0,001;12;24,3;jah
2021-07-14;0,001;11;25,1;jah
2021-07-15;0,001;11;25;jah
2021-07-16;0,001;11;25,5;jah
2021-07-17;0,001;10;23,9;jah
2021-07-18;0,001;10;21,8;jah
2021-07-19;0,001;10;19,9;jah
2021-07-20;0,001;10;18,5;jah
2021-07-21;0,001;8;17,5;jah
2021-07-22;0,001;7;18,8;jah
2021-07-23;0,001;7;18,7;jah
2021-07-24;0,001;7;17,7;jah
2021-07-25;0,001;7;19,6;jah
2021-07-26;0,001;7;21,4;jah
2021-07-27;0,001;6;21,8;jah
2021-07-28;0,001;8;21,8;jah
2021-07-29;0,001;7;21,1;jah
2021-07-30;0,002;9;18,5;jah
2021-07-31;0,002;9;18,2;jah
2021-08-01;0,001;9;18,6;jah
2021-08-02;0,001;8;19,5;jah
2021-08-03;0,001;8;17,8;jah
2021-08-04;0,001;8;16;jah
2021-08-05;0,001;8;16,2;jah
2021-08-06;0,001;7;16,8;jah
2021-08-07;0,001;8;16,9;jah
2021-08-08;0,002;9;19;jah
2021-08-09;0,002;10;18,8;jah
2021-08-10;0,002;9;19;jah
2021-08-11;0,002;9;17,8;jah
2021-08-12;0,002;9;19,2;jah
2021-08-13;0,002;9;20;jah
2021-08-14;0,002;9;19,1;jah
2021-08-15;0,003;10;17;jah
2021-08-16;0,003;10;17,5;jah
2021-08-17;0,005;12;17,9;jah
2021-08-18;0,007;13;16;jah
2021-08-19;0,046;22;16,1;jah
2021-08-20;0,155;34;16,3;jah
2021-08-21;0,11;31;16,1;jah
2021-08-22;0,107;30;15,8;jah
2021-08-23;0,079;28;15,3;jah
2021-08-24;0,06;26;13,8;jah
2021-08-25;0,179;34;12,8;jah
2021-08-26;0,869;62;12,8;jah
2021-08-27;0,799;61;13,2;jah
2021-08-28;0,818;62;14,7;jah
2021-08-29;0,755;61;15,5;jah
2021-08-30;0,575;56;15,1;jah
2021-08-31;0,401;51;14,5;jah
2021-09-01;0,277;46;13,7;jah
2021-09-02;0,214;43;12,6;jah
2021-09-03;0,163;39;12,5;jah
2021-09-04;0,123;36;11,1;jah
2021-09-05;0,098;34;10,5;jah
2021-09-06;0,084;32;11,2;jah
2021-09-07;0,074;32;12,6;jah
2021-09-08;0,065;30;13,3;jah
2021-09-09;0,061;30;14,2;jah
2021-09-10;0,056;30;14,5;jah
2021-09-11;0,055;29;14,8;jah
2021-09-12;0,071;31;14,9;jah
2021-09-13;0,101;35;14,7;jah
2021-09-14;0,121;37;12,6;jah
2021-09-15;0,105;35;11;jah
2021-09-16;0,092;33;11;jah
2021-09-17;0,088;32;10,3;jah
2021-09-18;0,083;31;9,5;jah
2021-09-19;0,075;30;8,5;jah
2021-09-20;0,063;28;8;jah
2021-09-21;0,062;28;8,1;jah
2021-09-22;0,079;30;8;jah
2021-09-23;0,072;29;7,6;jah
2021-09-24;0,124;34;8,3;jah
2021-09-25;0,183;39;9,2;jah
2021-09-26;0,184;38;9;jah
2021-09-27;0,175;38;7,9;jah
2021-09-28;0,158;36;8,5;jah
2021-09-29;0,144;35;8,6;jah
2021-09-30;0,133;33;8,8;jah
2021-10-01;0,127;33;8,8;jah
2021-10-02;0,12;32;9,2;jah
2021-10-03;0,116;31;9,1;jah
2021-10-04;0,109;30;9,3;jah
2021-10-05;0,106;30;9,7;jah
2021-10-06;0,113;31;9,7;jah
2021-10-07;0,099;29;9,6;jah
2021-10-08;0,082;27;9,4;jah
2021-10-09;0,08;27;9,7;jah
2021-10-10;0,083;28;10,2;jah
2021-10-11;0,083;28;9,4;jah
2021-10-12;0,082;27;8,8;jah
2021-10-13;0,085;28;8,3;jah
2021-10-14;0,091;28;7,2;jah
2021-10-15;0,124;32;7,2;jah
2021-10-16;0,175;36;6,7;jah
2021-10-17;0,182;36;5,6;jah
2021-10-18;0,177;36;4,8;jah
2021-10-19;0,169;35;3,8;jah
2021-10-20;0,318;42;5,3;jah
2021-10-21;1,35;69;8,5;jah
2021-10-22;1,84;77;7,7;jah
2021-10-23;1,88;76;6,2;jah
2021-10-24;1,85;75;4,6;jah
2021-10-25;1,68;72;5,5;jah
2021-10-26;1,46;68;6,5;jah
2021-10-27;1,38;66;7,4;jah
2021-10-28;1,62;69;7,7;jah
2021-10-29;1,64;69;8,5;jah
2021-10-30;1,52;67;7,6;jah
2021-10-31;1,38;64;6,5;jah
2021-11-01;1,23;61;7;jah
2021-11-02;1,07;58;5,8;jah
2021-11-03;0,978;56;6;jah
2021-11-04;1,06;57;6,8;jah
2021-11-05;1,33;61;7;jah
2021-11-06;1,64;65;6,4;jah
2021-11-07;2,08;71;5,3;jah
2021-11-08;3,32;84;4,9;jah
2021-11-09;3,38;85;2,8;jah
2021-11-10;3,59;87;4;jah
2021-11-11;3,61;87;5,4;jah
2021-11-12;3,24;84;5,1;jah
2021-11-13;2,86;80;4,9;jah
2021-11-14;2,5;77;3,7;jah
2021-11-15;2,13;72;1,6;jah
2021-11-16;1,84;69;2,1;jah
2021-11-17;1,67;67;3,3;jah
2021-11-18;1,71;68;4;jah
2021-11-19;1,86;70;3,3;jah
2021-11-20;2,02;72;3,7;jah
2021-11-21;2,02;72;2,9;jah
2021-11-22;1,86;70;0,8;jah
2021-11-23;1,66;68;0,6;jah
2021-11-24;1,58;67;1;jah
2021-11-25;1,54;66;2,2;jah
2021-11-26;2,43;77;2,4;jah
2021-11-27;2,76;81;0,9;jah
2021-11-28;2,81;81;0,1;jah
2021-11-29;2,62;79;0,1;jah
2021-11-30;2,26;78;0,1;jah
2021-12-01;1,93;82;0,1;jah
2021-12-02;1,64;93;0,1;jah
2021-12-03;1,37;92;0,1;jah
2021-12-04;1,18;87;0,1;jah
2021-12-05;1,02;82;0,1;jah
2021-12-06;0,866;73;0,1;jah
2021-12-07;0,731;61;0,1;jah
2021-12-08;0,611;52;0,1;jah
2021-12-09;0,507;50;0,1;jah
2021-12-10;0,417;47;0,1;jah
2021-12-11;0,396;47;0,1;jah
2021-12-12;0,47;50;0,1;jah
2021-12-13;0,552;52;0,1;jah
2021-12-14;0,645;55;0,1;jah
2021-12-15;0,918;61;0,1;jah
2021-12-16;1,52;73;0,1;jah
2021-12-17;1,84;78;0,1;jah
2021-12-18;1,78;81;0,1;jah
2021-12-19;1,67;95;0,1;jah
2021-12-20;1,56;94;0,1;jah
2021-12-21;1,46;94;0,1;jah
2021-12-22;1,36;89;0,1;jah
2021-12-23;1,26;78;0,1;jah
2021-12-24;1,17;72;0,1;jah
2021-12-25;1,09;68;0,1;jah
2021-12-26;1;65;0,1;jah
2021-12-27;0,925;64;0,1;jah
2021-12-28;0,865;63;0,1;jah
2021-12-29;0,811;62;0,1;jah
2021-12-30;0,783;61;0,1;jah
2021-12-31;0,793;62;0,1;jah
2022-01-01;0,813;63;0,1;jah
2022-01-02;0,793;62;0,1;jah
2022-01-03;0,78;62;0,1;jah
2022-01-04;0,782;64;0,1;jah
2022-01-05;0,785;68;0,1;jah
2022-01-06;0,787;70;0,1;jah
2022-01-07;0,789;70;0,1;jah
2022-01-08;0,791;69;0,1;jah
2022-01-09;0,793;69;0,1;jah
2022-01-10;0,795;69;0,1;jah
2022-01-11;0,796;67;0,1;jah
2022-01-12;0,798;66;0,1;jah
2022-01-13;0,843;66;0,1;jah
2022-01-14;0,894;72;0,1;jah
2022-01-15;0,934;76;0,1;jah
2022-01-16;0,976;77;0,1;jah
2022-01-17;1,02;81;0,1;jah
2022-01-18;1,06;83;0,1;jah
2022-01-19;1,11;81;0,1;jah
2022-01-20;1,16;83;0,1;jah
2022-01-21;1,2;85;0,1;jah
2022-01-22;1,25;85;0,1;jah
2022-01-23;1,3;83;0,1;jah
2022-01-24;1,35;83;0,1;jah
2022-01-25;1,41;84;0,1;jah
2022-01-26;1,46;83;0,1;jah
2022-01-27;1,52;82;0,1;jah
2022-01-28;1,57;83;0,1;jah
2022-01-29;1,63;84;0,1;jah
2022-01-30;1,69;84;0,1;jah
2022-01-31;1,75;86;0,1;jah
2022-02-01;1,81;85;0,1;jah
2022-02-02;1,88;85;0,1;jah
2022-02-03;1,94;83;0,1;jah
2022-02-04;2,01;82;0,1;jah
2022-02-05;2,07;81;0,1;jah
2022-02-06;2,14;81;0,1;jah
2022-02-07;2,23;82;0,1;jah
2022-02-08;2,28;82;0,1;jah
2022-02-09;2,3;82;0,1;jah
2022-02-10;2,37;83;0,1;jah
2022-02-11;2,46;83;0,1;jah
2022-02-12;2,43;83;0,1;jah
2022-02-13;2,4;82;0,1;jah
2022-02-14;2,42;82;0,1;jah
2022-02-15;2,42;82;0,1;jah
2022-02-16;2,63;84;0,1;jah
2022-02-17;3,71;94;0,1;jah
2022-02-18;5;104;0,1;jah
2022-02-19;5,19;105;0,1;jah
2022-02-20;5,06;103;0,1;jah
2022-02-21;5,46;105;0,1;jah
2022-02-22;6,49;111;0,1;jah
2022-02-23;6,38;110;0,1;jah
2022-02-24;5,99;107;0,1;jah
2022-02-25;5,88;106;0,1;jah
2022-02-26;5,88;106;0,1;jah
2022-02-27;5,43;106;0,1;jah
2022-02-28;4,96;102;0,1;jah
2022-03-01;4,5;97;0,1;jah
2022-03-02;4,05;91;0,1;jah
2022-03-03;3,59;85;0,1;jah
2022-03-04;3,27;85;0,1;jah
2022-03-05;2,97;85;0,1;jah
2022-03-06;2,68;81;0,1;jah
2022-03-07;2,41;73;0,1;jah
2022-03-08;2,16;71;0,1;jah
2022-03-09;1,94;71;0,1;jah
2022-03-10;1,87;75;0,1;jah
2022-03-11;1,79;73;0,1;jah
2022-03-12;1,59;66;0,1;jah
2022-03-13;1,44;67;0,1;jah
2022-03-14;1,33;67;0,1;jah
2022-03-15;1,27;66;0,1;jah
2022-03-16;1,21;65;0,2;jah
2022-03-17;1,2;65;0,2;jah
2022-03-18;1,2;65;0,2;jah
2022-03-19;1,27;63;0,2;jah
2022-03-20;1,36;67;0,2;jah
2022-03-21;1,47;71;0,2;jah
2022-03-22;1,65;73;0,2;jah
2022-03-23;1,87;75;0,2;jah
2022-03-24;2,19;78;0,3;jah
2022-03-25;2,74;83;0,4;jah
2022-03-26;3,37;90;0,3;jah
2022-03-27;3,5;93;0,2;jah
2022-03-28;3,32;91;0,6;jah
2022-03-29;3,18;92;0,4;jah
2022-03-30;3,07;92;0,2;jah
2022-03-31;2,88;88;0,2;jah
2022-04-01;2,33;83;0,3;jah
2022-04-02;1,92;78;0,3;jah
2022-04-03;1,72;74;0,4;jah
2022-04-04;1,89;71;0,4;jah
2022-04-05;2,65;81;0,3;jah
2022-04-06;3,51;87;0,4;jah
2022-04-07;4,27;88;0,5;jah
2022-04-08;6,85;102;1;jah
2022-04-09;8,95;111;0,7;jah
2022-04-10;9,78;114;1,3;jah
2022-04-11;9,68;113;2,2;jah
2022-04-12;9,25;110;2,7;jah
2022-04-13;8,25;105;3,6;jah
2022-04-14;7,04;100;4;jah
2022-04-15;6,16;95;4,3;jah
2022-04-16;5,53;92;4,5;jah
2022-04-17;4,87;88;5;jah
2022-04-18;4,27;84;5,9;jah
2022-04-19;3,79;81;7,5;jah
2022-04-20;3,42;78;8,2;jah
2022-04-21;3,09;76;9,2;jah
2022-04-22;2,76;73;9,3;jah
2022-04-23;2,43;70;9,6;jah
2022-04-24;2,09;66;8,2;jah
2022-04-25;1,83;64;7,7;jah
2022-04-26;1,63;61;7,7;jah
2022-04-27;1,42;58;7,7;jah
2022-04-28;1,25;56;6,1;jah
2022-04-29;1,19;55;6,1;jah
2022-04-30;1,07;53;6,4;jah
2022-05-01;0,989;52;7,4;jah
2022-05-02;0,913;51;7,8;jah
2022-05-03;0,832;49;8,9;jah
2022-05-04;0,747;48;7,5;jah
2022-05-05;0,674;46;8,5;jah
2022-05-06;0,61;45;10,9;jah
2022-05-07;0,563;44;11,9;jah
2022-05-08;0,54;44;11,3;jah
2022-05-09;0,476;42;10,4;jah
2022-05-10;0,432;41;10,8;jah
2022-05-11;0,43;41;11,2;jah
2022-05-12;0,503;43;10,9;jah
2022-05-13;0,549;45;11,3;jah
2022-05-14;0,531;44;11,1;jah
2022-05-15;0,529;44;11,6;jah
2022-05-16;0,465;43;12;jah
2022-05-17;0,446;42;10,7;jah
2022-05-18;0,374;40;11,2;jah
2022-05-19;0,323;38;12,8;jah
2022-05-20;0,346;39;11,8;jah
2022-05-21;0,466;44;12;jah
2022-05-22;0,371;41;12,4;jah
2022-05-23;0,324;39;13,2;jah
2022-05-24;0,279;37;14,5;jah
2022-05-25;0,246;35;15,2;jah
2022-05-26;0,356;40;15,2;jah
2022-05-27;0,554;46;13,4;jah
2022-05-28;1,4;64;11,4;jah
2022-05-29;1,86;70;11,5;jah
2022-05-30;1,68;68;11,9;jah
2022-05-31;2,14;73;12,2;jah
2022-06-01;2,98;82;12,3;jah
2022-06-02;3,54;87;12,4;jah
2022-06-03;4,44;93;12,9;jah
2022-06-04;3,71;88;13,6;jah
2022-06-05;3,03;82;14,5;jah
2022-06-06;2,31;75;15,2;jah
2022-06-07;1,75;68;15,6;jah
2022-06-08;1,37;62;16,8;jah
2022-06-09;1,11;57;17;jah
2022-06-10;0,861;52;17,2;jah
2022-06-11;0,681;48;17,7;jah
2022-06-12;0,536;44;18,1;jah
2022-06-13;0,438;41;17,1;jah
2022-06-14;0,397;39;15,8;jah
2022-06-15;0,369;38;16,4;jah
2022-06-16;0,308;36;16,8;jah
2022-06-17;0,255;33;16,9;jah
2022-06-18;0,249;33;15,6;jah
2022-06-19;0,291;35;16,3;jah
2022-06-20;0,248;32;16,2;jah
2022-06-21;0,22;31;16,5;jah
2022-06-22;0,192;29;16,9;jah
2022-06-23;0,169;27;17,8;jah
2022-06-24;0,149;26;18,8;jah
2022-06-25;0,127;24;19,8;jah
2022-06-26;0,104;22;21,6;jah
2022-06-27;0,086;21;23;jah
2022-06-28;0,072;19;23,7;jah
2022-06-29;0,065;19;23,2;jah
2022-06-30;0,056;18;23,5;jah
2022-07-01;0,047;17;23,5;jah
2022-07-02;0,037;15;24,3;jah
2022-07-03;0,031;14;23,6;jah
2022-07-04;0,024;13;21,3;jah
2022-07-05;0,02;12;20,2;jah
2022-07-06;0,017;12;18,7;jah
2022-07-07;0,017;12;19,2;jah
2022-07-08;0,019;12;19,6;jah
2022-07-09;0,034;15;19;jah
2022-07-10;0,057;18;18,5;jah
2022-07-11;0,082;21;18,4;jah
2022-07-12;0,08;21;18,3;jah
2022-07-13;0,065;19;20,4;jah
2022-07-14;0,067;20;19,2;jah
2022-07-15;0,07;20;17,3;jah
2022-07-16;0,067;20;16,8;jah
2022-07-17;0,072;20;16;jah
2022-07-18;0,082;21;16,3;jah
2022-07-19;0,116;24;16,9;jah
2022-07-20;0,103;23;17,5;jah
2022-07-21;0,079;21;19;jah
2022-07-22;0,055;19;20,9;jah
2022-07-23;0,067;20;20,6;jah
2022-07-24;0,054;18;19,5;jah
2022-07-25;0,058;19;20,4;jah
2022-07-26;0,056;19;20;jah
2022-07-27;0,043;17;19,2;jah
2022-07-28;0,033;16;17,7;jah
2022-07-29;0,03;15;17,4;jah
2022-07-30;0,025;14;17,5;jah
2022-07-31;0,022;14;17,6;jah
2022-08-01;0,018;13;17,2;jah
2022-08-02;0,016;12;19,5;jah
2022-08-03;0,015;12;20,1;jah
2022-08-04;0,013;11;20,8;jah
2022-08-05;0,012;11;21,6;jah
2022-08-06;0,013;11;20,2;jah
2022-08-07;0,011;11;17,8;jah
2022-08-08;0,01;11;17,8;jah
2022-08-09;0,009;10;18;jah
2022-08-10;0,008;10;18;jah
2022-08-11;0,008;9;19,1;jah
2022-08-12;0,007;9;20,8;jah
2022-08-13;0,01;10;20,4;jah
2022-08-14;0,011;11;20,9;jah
2022-08-15;0,008;10;21,7;jah
2022-08-16;0,007;9;22,7;jah
2022-08-17;0,006;9;22,3;jah
2022-08-18;0,006;9;23;jah
2022-08-19;0,005;8;23,1;jah
2022-08-20;0,004;8;21,4;jah
2022-08-21;0,004;7;20,5;jah
2022-08-22;0,004;8;20,7;jah
2022-08-23;0,004;8;21,7;jah
2022-08-24;0,004;7;21,5;jah
2022-08-25;0,004;7;19,4;jah
2022-08-26;0,003;7;19,1;jah
2022-08-27;0,003;7;19,6;jah
2022-08-28;0,003;6;20,9;jah
2022-08-29;0,002;6;19,1;jah
2022-08-30;0,004;8;15,8;jah
2022-08-31;0,004;8;12,7;jah
2022-09-01;0,004;8;12,4;jah
2022-09-02;0,004;8;11,5;jah
2022-09-03;0,003;7;10,9;jah
2022-09-04;0,003;7;10,9;jah
2022-09-05;0,003;7;10,3;jah
2022-09-06;0,003;7;10,4;jah
2022-09-07;0,003;7;11,8;jah
2022-09-08;0,003;7;9,9;jah
2022-09-09;0,003;7;9,9;jah
2022-09-10;0,003;7;9,8;jah
2022-09-11;0,002;7;10,4;jah
2022-09-12;0,002;7;10,1;jah
2022-09-13;0,003;7;10,5;jah
2022-09-14;0,003;7;11,4;jah
2022-09-15;0,005;10;12,3;jah
2022-09-16;0,006;10;11,9;jah
2022-09-17;0,005;10;12,1;jah
2022-09-18;0,004;9;12,4;jah
2022-09-19;0,004;9;11,1;jah
2022-09-20;0,003;8;11;jah
2022-09-21;0,003;8;11,3;jah
2022-09-22;0,003;8;9,2;jah
2022-09-23;0,003;8;8,9;jah
2022-09-24;0,003;8;9,6;jah
2022-09-25;0,003;8;10,5;jah
2022-09-26;0,003;8;10,8;jah
2022-09-27;0,003;8;11,2;jah
2022-09-28;0,003;8;9,6;jah
2022-09-29;0,003;8;9;jah
2022-09-30;0,003;9;9,3;jah
2022-10-01;0,003;8;8,2;jah
2022-10-02;0,003;8;9,3;jah
2022-10-03;0,002;8;8,3;jah
2022-10-04;0,002;8;8,1;jah
2022-10-05;0,003;8;8,6;jah
2022-10-06;0,003;8;11,2;jah
2022-10-07;0,003;8;11,3;jah
2022-10-08;0,003;9;10,8;jah
2022-10-09;0,003;9;9,2;jah
2022-10-10;0,002;8;8,2;jah
2022-10-11;0,003;9;7,7;jah
2022-10-12;0,003;9;6,7;jah
2022-10-13;0,002;9;5,9;jah
2022-10-14;0,002;9;8,9;jah
2022-10-15;0,002;9;8,7;jah
2022-10-16;0,003;9;10,3;jah
2022-10-17;0,003;9;10,2;jah
2022-10-18;0,003;10;9,3;jah
2022-10-19;0,003;10;6,6;jah
2022-10-20;0,002;9;6,2;jah
2022-10-21;0,002;9;7;jah
2022-10-22;0,004;11;5,4;jah
2022-10-23;0,01;16;5,4;jah
2022-10-24;0,008;15;4;jah
2022-10-25;0,009;16;5,6;jah
2022-10-26;0,01;17;7,9;jah
2022-10-27;0,012;18;8,4;jah
2022-10-28;0,014;20;9,4;jah
2022-10-29;0,02;21;9,7;jah
2022-10-30;0,024;22;6,8;jah
2022-10-31;0,028;22;5;jah
2022-11-01;0,029;21;6,8;jah
2022-11-02;0,03;21;7;jah
2022-11-03;0,052;25;7,4;jah
2022-11-04;0,058;26;7,3;jah
2022-11-05;0,052;25;5,8;jah
2022-11-06;0,055;25;5,8;jah
2022-11-07;0,063;27;6,6;jah
2022-11-08;0,086;30;7,4;jah
2022-11-09;0,121;34;8,1;jah
2022-11-10;0,139;36;8,8;jah
2022-11-11;0,147;37;9;jah
2022-11-12;0,184;40;9,7;jah
2022-11-13;0,184;40;7,1;jah
2022-11-14;0,156;37;5;jah
2022-11-15;0,151;37;5,3;jah
2022-11-16;0,152;37;4,4;jah
2022-11-17;0,139;36;3,2;jah
2022-11-18;0,123;35;1,8;jah
2022-11-19;0,11;33;0,7;jah
2022-11-20;0,099;32;0,2;jah
2022-11-21;0,092;32;0,2;jah
2022-11-22;0,086;31;0,2;jah
2022-11-23;0,084;31;0,3;jah
2022-11-24;0,083;31;0,2;jah
2022-11-25;0,084;32;0,2;jah
2022-11-26;0,079;31;0,2;jah
2022-11-27;0,073;31;0,2;jah
2022-11-28;0,068;30;0,3;jah
2022-11-29;0,066;30;0,3;jah
2022-11-30;0,066;30;0,3;jah
2022-12-01;0,064;30;0,2;jah
2022-12-02;0,062;30;0,1;jah
2022-12-03;0,05;28;0,1;jah
2022-12-04;0,045;27;0,1;jah
2022-12-05;0,047;28;0,1;jah
2022-12-06;0,057;31;0,1;jah
2022-12-07;0,082;35;0,1;jah
2022-12-08;0,12;39;0,1;jah
2022-12-09;0,13;40;0,1;jah
2022-12-10;0,125;39;0,1;jah
2022-12-11;0,117;38;0,1;jah
2022-12-12;0,121;38;0,1;jah
2022-12-13;0,158;41;0,1;jah
2022-12-14;0,168;41;0,1;jah
2022-12-15;0,194;43;0,1;jah
2022-12-16;0,202;43;0,1;jah
2022-12-17;0,226;44;0,1;jah
2022-12-18;0,239;45;0,1;jah
2022-12-19;0,277;46;0,1;jah
2022-12-20;0,289;47;0,1;jah
2022-12-21;0,374;50;0,1;jah
2022-12-22;0,591;58;0,1;jah
2022-12-23;0,975;69;0,1;jah
2022-12-24;1,07;71;0,1;jah
2022-12-25;0,938;67;0,1;jah
2022-12-26;0,895;66;0,1;jah
2022-12-27;0,917;66;0,1;jah
2022-12-28;1;66;0,1;jah
2022-12-29;1,04;65;0,1;jah
2022-12-30;1,47;71;0,1;jah
2022-12-31;1,9;76;0,2;jah
2023-01-01;2,16;78;0,2;jah
2023-01-02;2,3;78;0,1;jah
2023-01-03;2,47;78;0,1;jah
2023-01-04;2,48;78;0,2;jah
2023-01-05;2,48;85;0,1;jah
2023-01-06;2,67;90;0,1;jah
2023-01-07;2,87;96;0,2;jah
2023-01-08;3,08;96;0,1;jah
2023-01-09;3,31;92;0,1;jah
2023-01-10;3,55;90;0,1;jah
2023-01-11;3,8;89;0,1;jah
2023-01-12;4,2;92;0,1;jah
2023-01-13;7,36;111;0,1;jah
2023-01-14;9;118;0,2;jah
2023-01-15;11,7;130;0,2;jah
2023-01-16;13,9;139;0,3;jah
2023-01-17;13,5;137;0,2;jah
2023-01-18;11,5;129;0,4;jah
2023-01-19;7,55;109;0,1;jah
2023-01-20;6,34;106;0,1;jah
2023-01-21;5,67;110;0;jah
2023-01-22;5,03;107;0,1;jah
2023-01-23;4,44;102;0;jah
2023-01-24;3,9;99;0;jah
2023-01-25;3,45;85;0,1;jah
2023-01-26;3,41;86;0,2;jah
2023-01-27;3,45;88;0,1;jah
2023-01-28;3,49;89;0,1;jah
2023-01-29;3,54;83;0,2;jah
2023-01-30;4,47;88;0,4;jah
2023-01-31;5,02;91;0,2;jah
2023-02-01;4,82;89;0,3;jah
2023-02-02;4,22;85;0,2;jah
2023-02-03;3,5;82;0,1;jah
2023-02-04;3,16;76;0,1;jah
2023-02-05;2,91;80;0,1;jah
2023-02-06;2,55;83;0,1;jah
2023-02-07;2,23;79;0,1;jah
2023-02-08;1,93;66;0,1;jah
2023-02-09;1,76;60;0,1;jah
2023-02-10;1,68;60;0,1;jah
2023-02-11;1,62;61;0,1;jah
2023-02-12;1,57;68;0,1;jah
2023-02-13;1,53;59;0,2;jah
2023-02-14;1,56;59;0,1;jah
2023-02-15;1,45;56;0,2;jah
2023-02-16;1,39;55;0,3;jah
2023-02-17;1,39;57;0,3;jah
2023-02-18;1,35;61;0,2;jah
2023-02-19;1,3;65;0,1;jah
2023-02-20;1,26;66;0,1;jah
2023-02-21;1,22;67;0,1;jah
2023-02-22;1,17;70;0,1;jah
2023-02-23;1,13;77;0,1;jah
2023-02-24;1,09;77;0,1;jah
2023-02-25;1,05;71;0,1;jah
2023-02-26;1,01;69;0,1;jah
2023-02-27;0,968;75;0,1;jah
2023-02-28;0,928;63;0,1;jah
2023-03-01;0,894;57;0,1;jah
2023-03-02;0,895;55;0,1;jah
2023-03-03;0,886;54;0,2;jah
2023-03-04;0,881;54;0,1;jah
2023-03-05;0,886;55;0,1;jah
2023-03-06;0,891;59;0,1;jah
2023-03-07;0,896;62;0,1;jah
2023-03-08;0,901;57;0,1;jah
2023-03-09;0,917;56;0,1;jah
2023-03-10;0,934;61;0,1;jah
2023-03-11;0,952;59;0,1;jah
2023-03-12;0,969;55;0,1;jah
2023-03-13;0,993;54;0,1;jah
2023-03-14;1,51;62;0,1;jah
2023-03-15;3,43;83;0,1;jah
2023-03-16;3,85;86;0,1;jah
2023-03-17;3,72;85;0,1;jah
2023-03-18;3,44;82;0,2;jah
2023-03-19;3,52;83;0,4;jah
2023-03-20;3,83;85;1,1;jah
2023-03-21;5,42;95;1,2;jah
2023-03-22;5,79;97;1;jah
2023-03-23;6,93;103;2,5;jah
2023-03-24;8,03;108;3,4;jah
2023-03-25;8,76;111;4,2;jah
2023-03-26;8,26;108;4,6;jah
2023-03-27;7,2;103;3,8;jah
2023-03-28;5,68;95;2,3;jah
2023-03-29;4,49;88;2;jah
2023-03-30;3,58;81;1,1;jah
2023-03-31;3,03;77;1,5;jah
2023-04-01;2,7;74;1,9;jah
2023-04-02;2,4;71;1,8;jah
2023-04-03;2,14;68;1,7;jah
2023-04-04;1,93;65;2,1;jah
2023-04-05;1,86;64;2,3;jah
2023-04-06;2,11;67;2,9;jah
2023-04-07;2,1;67;4,1;jah
2023-04-08;2,03;67;5;jah
2023-04-09;1,9;65;5,6;jah
2023-04-10;1,73;63;6,1;jah
2023-04-11;1,58;61;7,3;jah
2023-04-12;1,46;59;8,7;jah
2023-04-13;1,33;57;8,8;jah
2023-04-14;1,22;55;8,7;jah
2023-04-15;1,09;53;8;jah
2023-04-16;0,991;51;7,1;jah
2023-04-17;0,916;50;8,2;jah
2023-04-18;0,819;48;7,6;jah
2023-04-19;0,729;47;7,5;jah
2023-04-20;0,659;45;8,4;jah
2023-04-21;0,606;44;9,3;jah
2023-04-22;0,569;44;10;jah
2023-04-23;0,527;43;10,7;jah
2023-04-24;0,492;42;11,4;jah
2023-04-25;0,462;41;12;jah
2023-04-26;0,433;41;11,8;jah
2023-04-27;0,464;42;10,6;jah
2023-04-28;0,448;41;8,9;jah
2023-04-29;0,493;43;8,7;jah
2023-04-30;0,764;50;8,3;jah
2023-05-01;0,817;51;7,8;jah
2023-05-02;0,865;52;8,2;jah
2023-05-03;0,905;53;7,7;jah
2023-05-04;0,861;53;7,4;jah
2023-05-05;0,77;51;6,1;jah
2023-05-06;0,7;50;5,5;jah
2023-05-07;0,626;48;6,9;jah
2023-05-08;0,556;46;8,9;jah
2023-05-09;0,476;44;10,2;jah
2023-05-10;0,407;42;11,5;jah
2023-05-11;0,346;40;12,7;jah
2023-05-12;0,31;39;13,7;jah
2023-05-13;0,261;37;14,2;jah
2023-05-14;0,218;35;14,6;jah
2023-05-15;0,193;34;15,6;jah
2023-05-16;0,174;33;14,5;jah
2023-05-17;0,222;36;13,5;jah
2023-05-18;0,213;36;12,9;jah
2023-05-19;0,184;35;13,1;jah
2023-05-20;0,159;33;14,1;jah
2023-05-21;0,134;32;15,2;jah
2023-05-22;0,104;29;15,1;jah
2023-05-23;0,094;28;15,9;jah
2023-05-24;0,088;28;16,2;jah
2023-05-25;0,07;26;15,4;jah
2023-05-26;0,062;25;13,6;jah
2023-05-27;0,054;24;13,2;jah
2023-05-28;0,046;23;13,6;jah
2023-05-29;0,039;22;14,2;jah
2023-05-30;0,033;21;14,2;jah
2023-05-31;0,029;21;14,1;jah
2023-06-01;0,025;20;13,3;jah
2023-06-02;0,022;19;11,6;jah
2023-06-03;0,023;20;11,7;jah
2023-06-04;0,023;21;12;jah
2023-06-05;0,021;21;13,3;jah
2023-06-06;0,018;20;14,9;jah
2023-06-07;0,013;19;15,9;jah
2023-06-08;0,01;17;16;jah
2023-06-09;0,007;16;16,1;jah
2023-06-10;0,005;15;15,6;jah
2023-06-11;0,003;13;16,4;jah
2023-06-12;0,002;13;17,4;jah
2023-06-13;0,002;12;18,4;jah
2023-06-14;0,002;11;19,2;jah
2023-06-15;0,001;11;20,1;jah
2023-06-16;0,001;10;19,9;jah
2023-06-17;0,001;10;20,5;jah
2023-06-18;0,001;10;21,5;jah
2023-06-19;0,001;9;21,8;jah
2023-06-20;0,001;9;21;jah
2023-06-21;0,001;9;21,6;jah
2023-06-22;0,001;10;20,1;jah
2023-06-23;0,001;9;21,7;jah
2023-06-24;0,001;9;20,6;jah
2023-06-25;0,001;9;19,3;jah
2023-06-26;0,001;9;19,1;jah
2023-06-27;0,001;8;19,2;jah
2023-06-28;0,001;8;20,7;jah
2023-06-29;0,001;8;20,5;jah
2023-06-30;0,001;9;21;jah
2023-07-01;0,001;8;20,4;jah
2023-07-02;0,001;9;17,9;jah
2023-07-03;0,001;9;17,3;jah
2023-07-04;0,001;9;16;jah
2023-07-05;0,001;9;16,7;jah
2023-07-06;0,001;8;16,2;jah
2023-07-07;0,001;8;18,2;jah
2023-07-08;0,001;8;19,3;jah
2023-07-09;0,001;8;19,7;jah
2023-07-10;0;8;18,8;jah
2023-07-11;0;7;17,8;jah
2023-07-12;0;7;18,4;jah
2023-07-13;0;7;17,2;jah
2023-07-14;0;7;18,3;jah
2023-07-15;0;8;19,6;jah
2023-07-16;0;7;19,4;jah
2023-07-17;0,001;8;20,3;jah
2023-07-18;0;7;18,4;jah
2023-07-19;0;7;17,7;jah
2023-07-20;0;8;17,6;jah
2023-07-21;0;7;17,4;jah
2023-07-22;0;7;17,1;jah
2023-07-23;0;7;16,9;jah
2023-07-24;0;7;16,3;jah
2023-07-25;0;8;16,3;jah
2023-07-26;0;8;18;jah
2023-07-27;0;8;17,3;jah
2023-07-28;0;8;16,8;jah
2023-07-29;0;8;17,6;jah
2023-07-30;0;7;17,9;jah
2023-07-31;0;8;18,8;jah
2023-08-01;0;8;17,8;jah
2023-08-02;0;8;19;jah
2023-08-03;0,001;9;18,3;jah
2023-08-04;0,001;9;18,5;jah
2023-08-05;0;8;20,1;jah
2023-08-06;0;8;22;jah
2023-08-07;0;8;23,8;jah
2023-08-08;0,001;12;19,5;jah
2023-08-09;0,001;11;17,8;jah
2023-08-10;0,001;10;16,7;jah
2023-08-11;0,001;9;17,3;jah
2023-08-12;0,001;9;17,2;jah
2023-08-13;0,001;8;17,6;jah
2023-08-14;0,001;8;19,8;jah
2023-08-15;0,001;8;20,2;jah
2023-08-16;0,001;8;22,4;jah
2023-08-17;0,001;8;21,6;jah
2023-08-18;0,001;8;19,2;jah
2023-08-19;0,002;9;19,4;jah
2023-08-20;0,002;9;19,9;jah
2023-08-21;0,002;8;19,3;jah
2023-08-22;0,002;8;19,1;jah
2023-08-23;0,002;8;18,7;jah
2023-08-24;0,002;8;18,4;jah
2023-08-25;0,002;8;18,4;jah
2023-08-26;0,002;8;19;jah
2023-08-27;0,002;8;19,2;jah
2023-08-28;0,003;9;17;jah
2023-08-29;0,003;9;16,5;jah
2023-08-30;0,003;9;16,8;jah
2023-08-31;0,012;14;17,7;jah
2023-09-01;0,019;18;17,1;jah
2023-09-02;0,034;21;15,5;jah
2023-09-03;0,036;22;15,2;jah
2023-09-04;0,034;21;15,1;jah
2023-09-05;0,046;23;15,7;jah
2023-09-06;0,024;18;15;jah
2023-09-07;0,017;16;13,6;jah
2023-09-08;0,016;16;14,2;jah
2023-09-09;0,016;16;14,8;jah
2023-09-10;0,014;15;15,7;jah
2023-09-11;0,013;14;16,1;jah
2023-09-12;0,012;14;16,1;jah
2023-09-13;0,014;14;16,5;jah
2023-09-14;0,062;25;15,3;jah
2023-09-15;0,103;31;12,8;jah
2023-09-16;0,099;31;12,3;jah
2023-09-17;0,096;30;12,5;jah
2023-09-18;0,106;31;11;jah
2023-09-19;0,103;31;12;jah
2023-09-20;0,097;30;13,4;jah
2023-09-21;0,097;30;14,5;jah
2023-09-22;0,098;30;14,7;jah
2023-09-23;0,104;30;15;jah
2023-09-24;0,118;32;14,4;jah
2023-09-25;0,123;32;12,8;jah
2023-09-26;0,116;31;12,8;jah
2023-09-27;0,109;31;13;jah
2023-09-28;0,108;30;14,2;jah
2023-09-29;0,103;30;14,9;jah
2023-09-30;0,098;29;14,8;jah
2023-10-01;0,09;28;13,2;jah
2023-10-02;0,086;27;12,1;jah
2023-10-03;0,099;29;12,7;jah
2023-10-04;0,266;41;12,8;jah
2023-10-05;0,495;51;11,3;jah
2023-10-06;0,711;57;9,5;jah
2023-10-07;1,03;65;9,6;jah
2023-10-08;1,18;68;7,3;jah
2023-10-09;1,11;67;6,2;jah
2023-10-10;1,14;67;5,3;jah
2023-10-11;1,25;69;7,4;jah
2023-10-12;1,54;74;8,8;jah
2023-10-13;1,49;73;8,1;jah
2023-10-14;1,85;78;9,4;jah
2023-10-15;2,35;84;8,9;jah
2023-10-16;2,42;85;7;jah
2023-10-17;2,29;84;6;jah
2023-10-18;2,18;82;6,1;jah
2023-10-19;2,06;81;5,1;jah
2023-10-20;1,86;79;3,9;jah
2023-10-21;1,67;76;2,7;jah
2023-10-22;1,5;73;3,2;jah
2023-10-23;1,35;71;4,3;jah
2023-10-24;1,21;69;4,9;jah
2023-10-25;1,08;66;3,2;jah
2023-10-26;0,987;64;2,1;jah
2023-10-27;0,912;62;2;jah
2023-10-28;0,831;60;2,1;jah
2023-10-29;0,77;59;2,3;jah
2023-10-30;0,733;58;2,4;jah
2023-10-31;0,788;59;3,3;jah
2023-11-01;1,55;73;5,8;jah
2023-11-02;1,95;77;5;jah
2023-11-03;2,24;80;4,8;jah
2023-11-04;2,33;80;5,5;jah
2023-11-05;2,16;79;6;jah
2023-11-06;1,94;76;6;jah
2023-11-07;1,88;75;6,6;jah
2023-11-08;1,87;75;6,6;jah
2023-11-09;1,81;75;6,5;jah
2023-11-10;1,81;75;6,6;jah
2023-11-11;1,79;75;6,5;jah
2023-11-12;1,88;76;6,3;jah
2023-11-13;2,32;81;5,4;jah
2023-11-14;2,83;87;4,2;jah
2023-11-15;2,94;88;3,6;jah
2023-11-16;2,79;87;2,5;jah
2023-11-17;2,32;82;1;jah
2023-11-18;1,86;77;0,4;jah
2023-11-19;1,54;72;0,4;jah
2023-11-20;1,34;69;0,2;jah
2023-11-21;1,18;67;0,1;jah
2023-11-22;1,13;75;0,1;jah
2023-11-23;1,11;68;0,1;jah
2023-11-24;1,08;67;0,1;jah
2023-11-25;1,06;70;0,1;jah
2023-11-26;1,04;78;0,2;jah
2023-11-27;1,01;82;0,2;jah
2023-11-28;0,99;81;0,1;jah
2023-11-29;0,967;78;0,1;jah
2023-11-30;0,945;73;0,1;jah
2023-12-01;0,923;70;0,1;jah
2023-12-02;0,901;68;0,1;jah
2023-12-03;0,88;67;0,1;jah
2023-12-04;0,86;66;0,1;jah
2023-12-05;0,839;65;0,1;jah
2023-12-06;0,819;65;0,1;jah
2023-12-07;0,8;63;0,1;jah
2023-12-08;0,78;61;0,1;jah
2023-12-09;0,761;59;0,1;jah
2023-12-10;0,743;58;0,1;jah
2023-12-11;0,731;58;0,1;jah
2023-12-12;0,762;59;0,1;jah
2023-12-13;0,826;60;0,1;jah
2023-12-14;0,856;61;0,1;jah
2023-12-15;0,898;62;0,1;jah
2023-12-16;0,923;62;0,1;jah
2023-12-17;1,33;70;0,1;jah
2023-12-18;1,83;78;0,1;jah
2023-12-19;3,4;93;0,1;jah
2023-12-20;4,43;101;0,1;jah
2023-12-21;4,15;100;0,1;jah
2023-12-22;4,02;100;0,2;jah
2023-12-23;3,61;97;0,2;jah
2023-12-24;3,06;93;0,1;jah
2023-12-25;2,54;89;0,1;jah
2023-12-26;2,14;85;0,1;jah
2023-12-27;1,77;81;0,1;jah
2023-12-28;1,58;79;0,1;jah
2023-12-29;1,34;75;0,2;jah
2023-12-30;1,9;84;0,4;jah
2023-12-31;2,25;91;0,1;jah
2024-01-01;2,05;108;0,2;jah
2024-01-02;1,86;146;0,2;jah
2024-01-03;1,69;143;0,2;jah
2024-01-04;1,52;120;0,2;jah
2024-01-05;1,38;115;0,2;jah
2024-01-06;1,24;118;0,2;jah
2024-01-07;1,11;117;0,2;jah
2024-01-08;1;111;0,2;jah
2024-01-09;0,896;102;0,2;jah
2024-01-10;0,801;93;0,1;jah
2024-01-11;0,718;85;0,1;jah
2024-01-12;0,654;79;0,1;jah
2024-01-13;0,596;72;0,1;jah
2024-01-14;0,543;68;0,1;jah
2024-01-15;0,493;66;0,1;jah
2024-01-16;0,446;64;0,1;jah
2024-01-17;0,403;61;0,1;jah
2024-01-18;0,363;59;0,1;jah
2024-01-19;0,321;57;0,1;jah
2024-01-20;0,297;56;0,1;jah
2024-01-21;0,286;56;0,1;jah
2024-01-22;0,284;56;0,1;jah
2024-01-23;0,4;63;0,1;jah
2024-01-24;0,795;77;0,1;jah
2024-01-25;1,06;84;0,1;jah
2024-01-26;1,07;84;0,1;jah
2024-01-27;1,04;84;0,1;jah
2024-01-28;0,969;83;0,1;jah
2024-01-29;0,995;84;0,1;jah
2024-01-30;0,989;84;0,1;jah
2024-01-31;1,11;86;0,1;jah
2024-02-01;1,61;94;0,1;jah
2024-02-02;1,49;93;0,1;jah
2024-02-03;1,4;92;0,1;jah
2024-02-04;1,66;95;0,1;jah
2024-02-05;1,65;95;0,1;jah
2024-02-06;1,36;92;0,1;jah
2024-02-07;1,09;88;0,1;jah
2024-02-08;0,831;84;0,1;jah
2024-02-09;0,653;80;0,1;jah
2024-02-10;0,5;76;0,1;jah
2024-02-11;0,468;76;0,1;jah
2024-02-12;0,372;72;0,1;jah
2024-02-13;0,327;70;0,1;jah
2024-02-14;0,295;69;0,1;jah
2024-02-15;0,273;68;0,1;jah
2024-02-16;0,379;73;0,1;jah
2024-02-17;1,67;99;0,1;jah
2024-02-18;1,57;98;0,1;jah
2024-02-19;1,68;99;0,1;jah
2024-02-20;1,85;101;0,1;jah
2024-02-21;1,48;98;0,1;jah
2024-02-22;1,26;95;0,1;jah
2024-02-23;1,51;99;0,1;jah
2024-02-24;3,32;113;0,1;jah
2024-02-25;8,08;140;0,1;jah
2024-02-26;9,07;145;0,1;jah
2024-02-27;9,24;146;0,1;jah
2024-02-28;6,7;134;0,1;jah
2024-02-29;5,08;124;0,1;jah
2024-03-01;4,03;116;0,1;jah
2024-03-02;2,93;107;0,1;jah
2024-03-03;2,31;100;0,1;jah
2024-03-04;2,03;103;0,1;jah
2024-03-05;1,78;94;0,1;jah
2024-03-06;1,57;91;0,1;jah
2024-03-07;1,39;82;0,1;jah
2024-03-08;1,26;76;0,1;jah
2024-03-09;1,21;71;0,1;jah
2024-03-10;1,15;71;0,1;jah
2024-03-11;1,09;69;0,1;jah
2024-03-12;1,03;66;0,1;jah
2024-03-13;0,965;63;0,2;jah
2024-03-14;1;62;0,3;jah
2024-03-15;1,81;74;0,4;jah
2024-03-16;2,96;86;0,6;jah
2024-03-17;4,59;97;0,5;jah
2024-03-18;4,25;93;0,3;jah
2024-03-19;3,72;88;0,6;jah
2024-03-20;3,2;83;0,7;jah
2024-03-21;2,84;79;0,8;jah
2024-03-22;2,99;79;1,1;jah
2024-03-23;3,7;84;1,7;jah
2024-03-24;3,84;84;1;jah
2024-03-25;4,06;85;1,3;jah
2024-03-26;3,86;82;1,4;jah
2024-03-27;3,6;80;2,5;jah
2024-03-28;3,32;78;4,2;jah
2024-03-29;3,15;77;4,8;jah
2024-03-30;2,97;75;4,3;jah
2024-03-31;2,82;74;6;jah
2024-04-01;2,66;73;8,1;jah
2024-04-02;2,48;71;7,1;jah
2024-04-03;2,52;71;3,9;jah
2024-04-04;2,37;70;2,8;jah
2024-04-05;2,26;69;1,8;jah
2024-04-06;2,37;70;2,9;jah
2024-04-07;2,35;70;4;jah
2024-04-08;2,34;70;6,4;jah
2024-04-09;2,29;69;8,4;jah
2024-04-10;2,14;68;9,8;jah
2024-04-11;1,94;65;8,6;jah
2024-04-12;1,83;64;9,3;jah
2024-04-13;1,69;62;9,2;jah
2024-04-14;1,83;64;8,2;jah
2024-04-15;2,61;73;7,9;jah
2024-04-16;2,79;75;7,7;jah
2024-04-17;3,15;78;7,7;jah
2024-04-18;2,73;74;6,4;jah
2024-04-19;2,29;70;4;jah
2024-04-20;1,95;66;2,9;jah
2024-04-21;1,71;63;4,4;jah
2024-04-22;1,61;62;3,6;jah
2024-04-23;1,86;66;2,3;jah
2024-04-24;2,02;68;4,4;jah
2024-04-25;2,16;70;5,5;jah
2024-04-26;2,08;70;6,8;jah
2024-04-27;1,85;67;7,6;jah
2024-04-28;1,6;64;9,6;jah
2024-04-29;1,37;61;11,5;jah
2024-04-30;1,17;58;13;jah
2024-05-01;1,01;56;12,5;jah
2024-05-02;0,867;53;12,2;jah
2024-05-03;0,752;51;12,5;jah
2024-05-04;0,655;49;13;jah
2024-05-05;0,562;47;12,3;jah
2024-05-06;0,496;46;11,2;jah
2024-05-07;0,431;44;10;jah
2024-05-08;0,38;43;9,4;jah
2024-05-09;0,34;42;7,9;jah
2024-05-10;0,338;42;8,2;jah
2024-05-11;0,311;41;9,5;jah
2024-05-12;0,275;40;10,8;jah
2024-05-13;0,246;39;12,4;jah
2024-05-14;0,225;38;13,8;jah
2024-05-15;0,197;37;15,3;jah
2024-05-16;0,179;36;16,5;jah
2024-05-17;0,154;35;17;jah
2024-05-18;0,132;33;17,5;jah
2024-05-19;0,123;32;18,3;jah
2024-05-20;0,108;31;18,2;jah
2024-05-21;0,101;30;16,6;jah
2024-05-22;0,078;27;16,4;jah
2024-05-23;0,07;26;17,7;jah
2024-05-24;0,059;25;19,3;jah
2024-05-25;0,051;24;19,3;jah
2024-05-26;0,046;23;19,6;jah
2024-05-27;0,043;22;20,6;jah
2024-05-28;0,037;21;21,2;jah
2024-05-29;0,035;21;20,9;jah
2024-05-30;0,035;21;21,5;jah
2024-05-31;0,048;24;20,6;jah
2024-06-01;0,087;31;19,7;jah
2024-06-02;0,133;37;20,1;jah
2024-06-03;0,102;34;20;jah
2024-06-04;0,081;31;20,3;jah
2024-06-05;0,066;29;19,5;jah
2024-06-06;0,052;27;17,8;jah
2024-06-07;0,044;25;16,4;jah
2024-06-08;0,039;24;16,6;jah
2024-06-09;0,036;24;15,5;jah
2024-06-10;0,035;24;15,4;jah
2024-06-11;0,031;23;15,5;jah
2024-06-12;0,03;23;16,3;jah
2024-06-13;0,044;27;16,1;jah
2024-06-14;0,041;27;15,4;jah
2024-06-15;0,035;25;15,5;jah
2024-06-16;0,03;24;17,4;jah
2024-06-17;0,03;24;18,8;jah
2024-06-18;0,038;27;19,4;jah
2024-06-19;0,035;27;17,1;jah
2024-06-20;0,035;27;17,2;jah
2024-06-21;0,028;26;18,2;jah
2024-06-22;0,018;22;17,9;jah
2024-06-23;0,013;20;17,7;jah
2024-06-24;0,01;18;19,2;jah
2024-06-25;0,007;17;19,7;jah
2024-06-26;0,005;15;20,3;jah
2024-06-27;0,004;14;21,3;jah
2024-06-28;0,003;13;23,1;jah
2024-06-29;0,003;12;22,2;jah
2024-06-30;0,002;11;20,6;jah
2024-07-01;0,002;11;20,1;jah
2024-07-02;0,002;10;19,3;jah
2024-07-03;0,003;11;18,4;jah
2024-07-04;0,003;12;18,5;jah
2024-07-05;0,003;12;17,8;jah
2024-07-06;0,004;12;17,8;jah
2024-07-07;0,004;13;17,9;jah
2024-07-08;0,004;12;18,7;jah
2024-07-09;0,005;12;18,9;jah
2024-07-10;0,005;12;20,1;jah
2024-07-11;0,004;12;20;jah
2024-07-12;0,005;12;21,1;jah
2024-07-13;0,005;12;20,9;jah
2024-07-14;0,007;14;20,5;jah
2024-07-15;0,006;13;20,6;jah
2024-07-16;0,005;12;21,4;jah
2024-07-17;0,005;11;21,8;jah
2024-07-18;0,004;11;20,4;jah
2024-07-19;0,004;11;20,3;jah
2024-07-20;0,004;10;21,2;jah
2024-07-21;0,004;10;22,4;jah
2024-07-22;0,004;10;21,9;jah
2024-07-23;0,003;9;22,6;jah
2024-07-24;0,004;9;22,4;jah
2024-07-25;0,004;9;21,7;jah
2024-07-26;0,004;9;22;jah
2024-07-27;0,004;9;20,9;jah
2024-07-28;0,004;9;20,5;jah
2024-07-29;0,337;35;18,8;jah
2024-07-30;1,19;74;18,4;jah
2024-07-31;1,23;74;17,8;jah
2024-08-01;1,32;76;17,1;jah
2024-08-02;1;70;17,4;jah
2024-08-03;0,76;64;17,3;jah
2024-08-04;0,923;69;17,4;jah
2024-08-05;0,955;70;17,1;jah
2024-08-06;1,16;74;16,9;jah
2024-08-07;1,31;78;16,6;jah
2024-08-08;1,18;76;17;jah
2024-08-09;1,03;73;17,1;jah
2024-08-10;0,857;69;17,4;jah
2024-08-11;0,904;70;16,7;jah
2024-08-12;0,829;69;16,1;jah
2024-08-13;0,788;68;16;jah
2024-08-14;0,663;65;16,2;jah
2024-08-15;0,552;61;16,5;jah
2024-08-16;0,459;58;17,1;jah
2024-08-17;0,399;55;17,8;jah
2024-08-18;0,347;53;17;jah
2024-08-19;0,288;50;16,9;jah
2024-08-20;0,234;47;16;jah
2024-08-21;0,185;44;16,5;jah
2024-08-22;0,159;43;17,2;jah
2024-08-23;0,149;42;16;jah
2024-08-24;0,131;41;16,9;jah
2024-08-25;0,106;38;17,1;jah
2024-08-26;0,086;36;17,3;jah
2024-08-27;0,07;34;16,3;jah
2024-08-28;0,059;32;16,3;jah
2024-08-29;0,053;31;16,1;jah
2024-08-30;0,046;29;17,2;jah
2024-08-31;0,052;30;17,2;jah
2024-09-01;0,074;34;16;jah
2024-09-02;0,075;33;16,2;jah
2024-09-03;0,08;34;16,9;jah
2024-09-04;0,07;32;17,6;jah
2024-09-05;0,064;30;17,4;jah
2024-09-06;0,059;29;16,5;jah
2024-09-07;0,053;27;16;jah
2024-09-08;0,051;27;15,8;jah
2024-09-09;0,047;25;15,6;jah
2024-09-10;0,043;24;15,8;jah
2024-09-11;0,049;25;16,2;jah
2024-09-12;0,051;25;16,1;jah
2024-09-13;0,078;30;16,5;jah
2024-09-14;0,135;36;17,1;jah
2024-09-15;0,175;39;16,8;jah
2024-09-16;0,184;40;16,5;jah
2024-09-17;0,189;40;15,8;jah
2024-09-18;0,179;39;15,7;jah
2024-09-19;0,152;37;14,3;jah
2024-09-20;0,136;36;13,8;jah
2024-09-21;0,119;34;14,2;jah
2024-09-22;0,109;33;11,7;jah
2024-09-23;0,111;34;11,4;jah
2024-09-24;0,11;34;12,6;jah
2024-09-25;0,099;32;13,4;jah
2024-09-26;0,097;32;13,7;jah
2024-09-27;0,225;42;14,1;jah
2024-09-28;0,43;52;13,3;jah
2024-09-29;0,388;50;11,7;jah
2024-09-30;0,453;53;9,2;jah
2024-10-01;0,427;52;7,4;jah
2024-10-02;0,479;53;7,7;jah
2024-10-03;0,595;57;8,3;jah
2024-10-04;0,595;57;8,4;jah
2024-10-05;0,616;58;7,7;jah
2024-10-06;0,595;57;7,4;jah
2024-10-07;0,551;55;7,1;jah
2024-10-08;0,502;53;7,6;jah
2024-10-09;0,48;52;8;jah
2024-10-10;0,66;58;9,3;jah
2024-10-11;0,702;59;10,6;jah
2024-10-12;0,703;59;9,2;jah
2024-10-13;0,683;58;7,2;jah
2024-10-14;0,64;57;6,4;jah
2024-10-15;0,582;54;6;jah
2024-10-16;0,532;53;5;jah
2024-10-17;0,495;51;4,8;jah
2024-10-18;0,462;50;4,7;jah
2024-10-19;0,428;48;4,7;jah
2024-10-20;0,396;47;4,7;jah
2024-10-21;0,375;46;5,9;jah
2024-10-22;0,371;46;7,4;jah
2024-10-23;0,379;46;7,8;jah
2024-10-24;0,36;45;8,1;jah
2024-10-25;0,341;45;8,7;jah
2024-10-26;0,324;44;8,6;jah
2024-10-27;0,326;44;8,8;jah
2024-10-28;0,378;46;8,5;jah
2024-10-29;0,412;47;6,7;jah
2024-10-30;0,435;48;6,9;jah
2024-10-31;0,459;49;5,6;jah
2024-11-01;0,724;57;6,9;jah
2024-11-02;0,977;64;5,5;jah
2024-11-03;1,07;66;4,3;jah
2024-11-04;1,31;70;3,8;jah
2024-11-05;1,26;69;4,6;jah
2024-11-06;1,23;69;6;jah
2024-11-07;1,13;67;6,6;jah
2024-11-08;1,02;65;6,5;jah
2024-11-09;0,917;62;7;jah
2024-11-10;0,853;61;6,9;jah
2024-11-11;0,807;59;6;jah
2024-11-12;0,778;59;5,8;jah
2024-11-13;0,756;58;5,7;jah
2024-11-14;0,797;59;5,7;jah
2024-11-15;0,849;60;5;jah
2024-11-16;0,84;60;5,9;jah
2024-11-17;0,812;59;5,5;jah
2024-11-18;0,795;59;4,5;jah
2024-11-19;0,761;58;2,9;jah
2024-11-20;0,87;60;2;jah
2024-11-21;1,32;70;1,4;jah
2024-11-22;1,42;71;0,4;jah
2024-11-23;1,47;72;0,3;jah
2024-11-24;1,39;72;0,2;jah
2024-11-25;1,7;74;1;jah
2024-11-26;2,86;87;3,2;jah
2024-11-27;3,65;94;4,4;jah
2024-11-28;4,1;97;4,5;jah
2024-11-29;3,83;95;4,2;jah
2024-11-30;3,16;89;4,3;jah
2024-12-01;2,69;84;4,9;jah
2024-12-02;2,27;79;4,6;jah
2024-12-03;2,09;77;4;jah
2024-12-04;2,02;76;0,9;jah
2024-12-05;1,77;74;0,2;jah
2024-12-06;1,63;70;0,4;jah
2024-12-07;1,55;68;0,6;jah
2024-12-08;1,46;66;0,7;jah
2024-12-09;1,34;64;0,5;jah
2024-12-10;1,27;63;0,8;jah
2024-12-11;1,24;63;0,7;jah
2024-12-12;1,25;67;0,1;jah
2024-12-13;1,32;73;0,1;jah
2024-12-14;1,38;65;0,1;jah
2024-12-15;1,53;67;0,2;jah
2024-12-16;1,82;71;0,2;jah
2024-12-17;2,21;75;0,2;jah
2024-12-18;2,33;80;0;jah
2024-12-19;2,62;79;0,5;jah
2024-12-20;3,96;91;1,3;jah
2024-12-21;4,41;94;0,8;jah
2024-12-22;5,82;102;1,6;jah
2024-12-23;6,59;107;2;jah
2024-12-24;6,53;107;1,8;jah
2024-12-25;5,75;102;2,3;jah
2024-12-26;4,82;97;3,9;jah
2024-12-27;4,06;92;4,4;jah
2024-12-28;3,52;88;4,1;jah
2024-12-29;3,19;85;4,1;jah
2024-12-30;3,09;87;3,7;jah
2024-12-31;3,09;88;0,9;jah
2025-01-01;3,66;90;0,2;jah
2025-01-02;5,18;101;0,1;jah
2025-01-03;5,19;102;0,1;jah
2025-01-04;5,37;103;0,1;jah
2025-01-05;4,92;101;0;jah
2025-01-06;4,6;99;0;jah
2025-01-07;4,14;96;0,1;jah
2025-01-08;2,81;85;0,1;jah
2025-01-09;2,18;78;0,1;jah
2025-01-10;2,45;80;0,1;jah
2025-01-11;2,76;83;0,1;jah
2025-01-12;3,09;84;0,1;jah
2025-01-13;3,46;90;0,1;jah
2025-01-14;3,85;87;0,2;jah
2025-01-15;4,25;92;0,2;jah
2025-01-16;4,77;95;0,3;jah
2025-01-17;6,46;105;0,3;jah
2025-01-18;7,11;108;0,2;jah
2025-01-19;6,7;105;0,4;jah
2025-01-20;6,1;101;0,5;jah
2025-01-21;4,88;94;0,1;jah
2025-01-22;4;88;0,2;jah
2025-01-23;3,4;84;0,6;jah
2025-01-24;3,08;81;0,7;jah
2025-01-25;3,04;81;0,9;jah
2025-01-26;3,48;85;1,4;jah
2025-01-27;4,11;90;1,1;jah
2025-01-28;4,85;96;1,5;jah
2025-01-29;5,42;100;2,5;jah
2025-01-30;5,69;101;3,4;jah
2025-01-31;5,37;100;3,7;jah
2025-02-01;5,09;98;2,8;jah
2025-02-02;4,65;96;1,5;jah
2025-02-03;3,82;90;0,5;jah
2025-02-04;3,07;84;0,2;jah
2025-02-05;2,47;78;0,2;jah
2025-02-06;2,21;76;0,7;jah
2025-02-07;2,11;74;0,5;jah
2025-02-08;1,94;76;0,1;jah
2025-02-09;1,79;80;0,2;jah
2025-02-10;1,66;84;0,2;jah
2025-02-11;1,53;80;0,2;jah
2025-02-12;1,4;78;0,2;jah
2025-02-13;1,29;76;0,2;jah
2025-02-14;1,18;74;0,2;jah
2025-02-15;1,07;73;0,2;jah
2025-02-16;0,978;71;0,2;jah
2025-02-17;0,888;68;0,2;jah
2025-02-18;0,804;64;0,2;jah
2025-02-19;0,726;59;0,2;jah
2025-02-20;0,653;54;0,2;jah
2025-02-21;0,589;52;0,2;jah
2025-02-22;0,567;52;0,2;jah
2025-02-23;0,556;52;0,2;jah
2025-02-24;0,55;52;0,2;jah
2025-02-25;0,533;52;0,2;jah
2025-02-26;0,517;51;0,2;jah
2025-02-27;0,575;53;0,2;jah
2025-02-28;0,698;57;0,2;jah
2025-03-01;0,749;59;0,2;jah
2025-03-02;0,772;60;0,2;jah
2025-03-03;0,784;60;0,2;jah
2025-03-04;0,765;60;0,3;jah
2025-03-05;0,808;61;0,5;jah
2025-03-06;0,973;65;2,1;jah
2025-03-07;1,04;67;2;jah
2025-03-08;1,06;68;2,4;jah
2025-03-09;1,01;67;2;jah
2025-03-10;0,927;65;2,4;jah
2025-03-11;0,851;63;2,2;jah
2025-03-12;0,801;61;1,2;jah
2025-03-13;0,819;61;1,2;jah
2025-03-14;0,887;61;1,1;jah
2025-03-15;0,845;60;0,7;jah
2025-03-16;0,849;59;0,9;jah
2025-03-17;0,827;57;0,6;jah
2025-03-18;0,776;56;1,7;jah
2025-03-19;0,804;56;2,7;jah
2025-03-20;0,785;55;2,4;jah
2025-03-21;0,778;54;1,7;jah
2025-03-22;0,749;52;1,6;jah
2025-03-23;0,723;51;1,8;jah
2025-03-24;0,703;50;1,6;jah
2025-03-25;0,732;50;2,3;jah
2025-03-26;0,928;54;3,8;jah
2025-03-27;0,958;54;3,6;jah
2025-03-28;0,99;54;4,3;jah
2025-03-29;1;54;5,1;jah
2025-03-30;0,975;53;6,1;jah
2025-03-31;0,953;52;7,6;jah
2025-04-01;0,908;51;7,5;jah
2025-04-02;0,857;50;7,4;jah
2025-04-03;0,802;49;8,1;jah
2025-04-04;0,755;48;7,6;jah
2025-04-05;0,847;50;4,8;jah
2025-04-06;0,829;49;3,4;jah
2025-04-07;0,802;49;3,2;jah
2025-04-08;0,782;48;3,4;jah
2025-04-09;0,751;48;3,5;jah
2025-04-10;0,706;47;2,9;jah
2025-04-11;0,694;47;3;jah
2025-04-12;0,673;46;2,3;jah
2025-04-13;0,65;46;4,1;jah
2025-04-14;0,631;45;7,4;jah
2025-04-15;0,624;45;9,6;jah
2025-04-16;0,592;44;11,2;jah
2025-04-17;0,583;44;11,4;jah
2025-04-18;0,578;44;13;jah
2025-04-19;0,554;44;14,6;jah
2025-04-20;1,3;58;13,5;jah
2025-04-21;1,4;60;12,4;jah
2025-04-22;1,23;57;10,8;jah
2025-04-23;1,17;56;9,8;jah
2025-04-24;1,07;55;8,9;jah
2025-04-25;0,933;52;7;jah
2025-04-26;0,819;50;6,4;jah
2025-04-27;0,72;48;6,8;jah
2025-04-28;0,673;47;8,2;jah
2025-04-29;0,985;54;10,2;jah
2025-04-30;1,14;56;8,1;jah
2025-05-01;1,52;63;6,9;jah
2025-05-02;1,45;62;9,4;jah
2025-05-03;1,63;65;10,8;jah
2025-05-04;1,43;62;9,9;jah
2025-05-05;1,24;59;8,3;jah
2025-05-06;1,16;57;7,9;jah
2025-05-07;1,21;58;7,6;jah
2025-05-08;1,09;56;6,4;jah
2025-05-09;1,04;56;7;jah
2025-05-10;0,919;53;7,6;jah
2025-05-11;0,785;51;9,3;jah
2025-05-12;0,671;48;10,7;jah
2025-05-13;0,564;45;11,6;jah
2025-05-14;0,55;45;11,6;jah
2025-05-15;0,503;44;10,2;jah
2025-05-16;0,481;43;10,7;jah
2025-05-17;0,762;51;10,5;jah
2025-05-18;0,711;49;11,6;jah
2025-05-19;0,659;48;14,1;jah
2025-05-20;0,549;46;14,4;jah
2025-05-21;0,449;43;13,5;jah
2025-05-22;0,368;40;14,1;jah
2025-05-23;0,38;40;13,4;jah
2025-05-24;0,405;41;11,8;jah
2025-05-25;0,478;44;13;jah
2025-05-26;0,359;40;14,2;jah
2025-05-27;0,242;35;15,9;jah
2025-05-28;0,191;32;16,2;jah
2025-05-29;0,157;30;16,1;jah
2025-05-30;0,154;30;16,6;jah
2025-05-31;0,131;28;16,4;jah
2025-06-01;0,108;27;15,3;jah
2025-06-02;0,102;26;14;jah
2025-06-03;0,116;28;15,1;jah
2025-06-04;0,103;27;15,3;jah
2025-06-05;0,104;27;15,8;jah
2025-06-06;0,132;30;14,8;jah
2025-06-07;0,136;30;15,7;jah
2025-06-08;0,113;28;16,4;jah
2025-06-09;0,412;40;14,6;jah
2025-06-10;2,01;77;13,8;jah
2025-06-11;2,16;79;13,4;jah
2025-06-12;3,93;95;12,9;jah
2025-06-13;4,28;98;14,1;jah
2025-06-14;3,68;93;14,8;jah
2025-06-15;2,68;84;15,4;jah
2025-06-16;1,75;73;15,6;jah
2025-06-17;1,44;69;15,6;jah
2025-06-18;1,22;65;15,2;jah
2025-06-19;1,02;61;14,9;jah
2025-06-20;1,64;72;14,5;jah
2025-06-21;1,69;72;13,7;jah
2025-06-22;1,61;71;14;jah
2025-06-23;1,4;68;13,8;jah
2025-06-24;1,17;64;14;jah
2025-06-25;1,23;65;14;jah
2025-06-26;1,14;63;14,8;jah
2025-06-27;1,04;61;14,8;jah
2025-06-28;1,57;71;14,4;jah
2025-06-29;1,46;69;15,1;jah
2025-06-30;1,28;66;15,4;jah
2025-07-01;1,05;62;16,2;jah
2025-07-02;0,802;56;17,4;jah
2025-07-03;0,596;51;18,3;jah
2025-07-04;0,429;45;17,2;jah
2025-07-05;0,33;42;15,9;jah
2025-07-06;0,46;46;15,5;jah
2025-07-07;0,497;48;15,9;jah
2025-07-08;0,902;58;16,2;jah
2025-07-09;0,918;59;16,7;jah
2025-07-10;0,783;56;15,8;jah
2025-07-11;0,863;58;15,9;jah
2025-07-12;1,27;66;16,5;jah
2025-07-13;1,56;71;16,7;jah
2025-07-14;1,74;74;17,7;jah
2025-07-15;2,14;79;17,9;jah
2025-07-16;3,27;90;17,9;jah
2025-07-17;3,27;90;18,6;jah
2025-07-18;2,62;84;19,4;jah
2025-07-19;1,85;74;19,7;jah
2025-07-20;1,47;69;19,2;jah
2025-07-21;1,23;64;19,5;jah
2025-07-22;0,946;58;19,7;jah
2025-07-23;0,797;55;19,7;jah
2025-07-24;0,685;52;20,2;jah
2025-07-25;0,599;49;20,5;jah
2025-07-26;0,486;46;20,7;jah
2025-07-27;0,399;43;20,7;jah
2025-07-28;0,355;41;20,8;jah
2025-07-29;0,328;40;21;jah
2025-07-30;0,286;38;21,8;jah
2025-07-31;0,263;37;21,8;jah
2025-08-01;0,267;37;20,4;jah
2025-08-02;0,349;40;19,7;jah
2025-08-03;0,358;40;19,5;jah
2025-08-04;0,388;41;20;jah
2025-08-05;0,499;45;19,4;jah
2025-08-06;0,447;43;18,4;jah
2025-08-07;0,342;39;17,6;jah
2025-08-08;0,299;37;17,5;jah
2025-08-09;0,288;37;17,3;jah
2025-08-10;0,253;35;17,7;jah
2025-08-11;0,216;33;17,3;jah
2025-08-12;0,193;32;16,5;jah
2025-08-13;0,173;30;16,6;jah
2025-08-14;0,162;30;17;jah
2025-08-15;0,152;29;17,5;jah
2025-08-16;0,209;33;17,6;jah
2025-08-17;0,273;36;15,9;jah
2025-08-18;0,255;35;15,4;jah
2025-08-19;0,223;34;16;jah
2025-08-20;0,206;33;15,1;jah
2025-08-21;0,186;32;13,4;jah
2025-08-22;0,213;34;14;jah
2025-08-23;0,27;37;13,8;jah
2025-08-24;0,529;46;12,4;jah
2025-08-25;1,03;57;11,6;jah
2025-08-26;1,58;68;11,3;jah
2025-08-27;1,51;67;11,3;jah
2025-08-28;1,43;66;11,7;jah
2025-08-29;1,33;64;12,4;jah
2025-08-30;1,45;67;13,2;jah
2025-08-31;1,42;66;13,9;jah
2025-09-01;1,32;65;14,4;jah
2025-09-02;1,17;63;14,5;jah
2025-09-03;0,991;59;14,6;jah
2025-09-04;0,824;56;15,5;jah
2025-09-05;0,674;52;15,2;jah
2025-09-06;0,553;49;15,8;jah
2025-09-07;0,473;47;16,7;jah
2025-09-08;0,432;46;16,8;jah
2025-09-09;0,366;43;16,1;jah
2025-09-10;0,306;41;16,3;jah
2025-09-11;0,259;39;16,5;jah
2025-09-12;0,245;38;15,3;jah
2025-09-13;0,308;42;15,4;jah
2025-09-14;0,317;42;15;jah
2025-09-15;0,392;45;14,5;jah
2025-09-16;0,696;55;14,3;jah
2025-09-17;0,938;62;14,1;jah
2025-09-18;0,991;63;13,4;jah
2025-09-19;1,15;67;13,4;jah
2025-09-20;1,08;66;13,4;jah
2025-09-21;0,979;64;14,5;jah
2025-09-22;0,895;62;14,5;jah
2025-09-23;0,771;59;11,9;jah
2025-09-24;0,708;57;10;jah
2025-09-25;0,678;56;8,8;jah
2025-09-26;0,577;53;9,3;jah
2025-09-27;0,51;51;9,4;jah
2025-09-28;0,435;48;8,8;jah
2025-09-29;0,38;46;7,4;jah
2025-09-30;0,35;44;6,4;jah
2025-10-01;0,395;46;6,5;jah
2025-10-02;0,374;45;5,9;jah
2025-10-03;0,329;43;5,2;jah
2025-10-04;0,297;42;5,1;jah
2025-10-05;0,294;41;6,6;jah
2025-10-06;0,33;43;8,3;jah
2025-10-07;0,327;43;9,3;jah
2025-10-08;0,315;42;9,3;jah
2025-10-09;0,347;43;10,2;jah
2025-10-10;0,441;47;9,8;jah
2025-10-11;0,483;48;8,8;jah
2025-10-12;0,574;51;7,9;jah
2025-10-13;0,648;53;7,2;jah
2025-10-14;0,612;52;6,9;jah
2025-10-15;0,59;51;6,8;jah
2025-10-16;0,588;51;7,6;jah
2025-10-17;0,581;50;5,6;jah
2025-10-18;0,574;50;4;jah
2025-10-19;0,519;48;2,9;jah
2025-10-20;0,506;48;3,8;jah
2025-10-21;0,49;47;3,2;jah
2025-10-22;0,477;47;3,7;jah
2025-10-23;0,508;47;4,8;jah
2025-10-24;0,541;48;6,1;jah
2025-10-25;0,596;50;7,7;jah
2025-10-26;1,23;63;8,3;jah
2025-10-27;1,68;71;7,7;jah
2025-10-28;1,98;75;7;jah
2025-10-29;2,38;79;6,8;jah
2025-10-30;2,22;77;5,7;jah
2025-10-31;2,1;76;6,6;jah
2025-11-01;1,93;74;7,1;jah
2025-11-02;1,81;72;6,8;jah
2025-11-03;1,83;72;7,5;jah
2025-11-04;1,78;71;7,6;jah
2025-11-05;2,06;75;8,7;jah
2025-11-06;2,21;76;9,2;jah
2025-11-07;2,44;79;9,5;jah
2025-11-08;2,33;77;8,9;jah
2025-11-09;2,11;75;8,3;jah
2025-11-10;1,88;72;7,8;jah
2025-11-11;1,66;69;7,4;jah
2025-11-12;1,5;66;7;jah
2025-11-13;2,15;74;7,6;jah
2025-11-14;5,2;100;6,2;jah
2025-11-15;6,1;105;3,3;jah
2025-11-16;6,27;106;2,9;jah
2025-11-17;4,67;97;2,9;jah
2025-11-18;3,5;88;1,9;jah
2025-11-19;2,72;81;0,7;jah
2025-11-20;2,32;77;1,3;jah
2025-11-21;2,07;74;1,5;jah
2025-11-22;1,97;73;1,2;jah
2025-11-23;1,84;72;1,4;jah
2025-11-24;1,81;72;1,3;jah
2025-11-25;1,71;71;1,3;jah
2025-11-26;1,65;69;0,2;jah
2025-11-27;1,62;74;0;jah
2025-11-28;1,58;65;0,4;jah
2025-11-29;1,55;66;1,4;jah
2025-11-30;1,52;69;2,4;jah
2025-12-01;1,54;69;2,5;jah
2025-12-02;1,52;69;3,1;jah
2025-12-03;1,38;67;3;jah
2025-12-04;1,26;65;2,5;jah
2025-12-05;1,16;63;2,8;jah
2025-12-06;1,11;62;3,7;jah
2025-12-07;1,31;66;3,7;jah
2025-12-08;1,35;67;3,1;jah
2025-12-09;1,89;75;4,3;jah
2025-12-10;2,62;84;4,7;jah
2025-12-11;2,91;87;5,4;jah
2025-12-12;2,77;86;4,1;jah
2025-12-13;2,12;79;0,8;jah
2025-12-14;1,65;73;0,2;jah
2025-12-15;1,63;73;1,2;jah
2025-12-16;1,79;75;2,9;jah
2025-12-17;1,85;76;3,9;jah
2025-12-18;1,87;77;3,8;jah
2025-12-19;1,71;75;4,1;jah
2025-12-20;1,8;76;4,6;jah
2025-12-21;1,81;77;4,6;jah
2025-12-22;1,63;74;3,3;jah
2025-12-23;1,39;71;0,5;jah
2025-12-24;1,13;66;0,3;jah
2025-12-25;0,991;63;1,1;jah
2025-12-26;0,892;61;1,1;jah
2025-12-27;0,81;59;2;jah
2025-12-28;0,785;59;0,9;jah
2025-12-29;0,736;58;0,1;jah
2025-12-30;0,706;64;0;jah
2025-12-31;0,677;72;0;jah
2026-01-01;0,649;80;0;ei
2026-01-02;0,637;77;0;ei
2026-01-03;0,611;71;;ei
2026-01-04;0,585;65;;ei
2026-01-05;0,56;65;;ei
2026-01-06;0,535;65;0;ei
2026-01-07;0,511;59;0;ei
2026-01-08;0,488;54;0;ei
2026-01-09;0,467;50;0;ei
2026-01-10;0,447;50;0;ei
2026-01-11;0,427;50;0;ei
2026-01-12;0,408;50;0;ei
2026-01-13;0,39;49;0;ei
2026-01-14;0,373;48;0;ei
2026-01-15;0,358;47;0;ei
2026-01-16;0,349;47;0;ei
2026-01-17;0,34;46;0;ei
2026-01-18;0,332;46;0;ei
2026-01-19;0,323;46;0;ei
2026-01-20;0,315;46;0;ei
2026-01-21;0,307;46;0;ei
2026-01-22;0,299;46;0;ei
2026-01-23;0,291;46;0;ei
2026-01-24;0,283;45;0;ei
2026-01-25;0,275;43;0;ei
2026-01-26;0,268;43;0;ei
2026-01-27;0,253;43;0;ei
2026-01-28;0,231;42;0;ei
2026-01-29;0,211;41;0;ei
2026-01-30;0,192;39;0;ei
2026-01-31;0,175;37;0;ei
2026-02-01;0,159;36;0;ei
2026-02-02;0,144;35;0;ei
2026-02-03;0,142;35;0;ei
2026-02-04;0,153;36;0;ei
2026-02-05;0,164;38;0;ei
2026-02-06;0,176;39;;ei
2026-02-07;0,188;40;0;ei
2026-02-08;0,201;41;0;ei
2026-02-09;0,215;41;;ei
2026-02-10;0,228;41;0;ei
2026-02-11;0,227;42;0;ei
2026-02-12;0,22;42;;ei
2026-02-13;0,214;41;;ei
2026-02-14;0,207;40;;ei
2026-02-15;0,201;39;;ei
2026-02-16;0,194;39;0;ei
2026-02-17;0,188;43;0;ei
2026-02-18;0,182;56;0;ei
2026-02-19;0,176;48;0;ei
2026-02-20;0,17;41;0;ei
2026-02-21;0,164;38;0;ei
2026-02-22;0,159;36;0;ei
2026-02-23;0,153;35;0;ei
2026-02-24;0,148;35;0;ei
2026-02-25;0,143;35;0;ei
2026-02-26;0,141;34;0;ei
2026-02-27;0,152;35;0;ei
2026-02-28;0,256;40;0;ei
2026-03-01;0,696;54;0;ei
2026-03-02;1,01;61;0;ei
2026-03-03;1,11;61;0;ei
2026-03-04;1,33;63;0;ei
2026-03-05;1,7;68;0;ei
2026-03-06;2,21;73;0;ei
2026-03-07;2,34;73;0;ei
2026-03-08;2,42;72;0;ei
2026-03-09;2,11;68;0;ei
2026-03-10;2,13;67;0;ei
2026-03-11;2,15;66;0;ei
2026-03-12;2,55;69;0;ei
2026-03-13;2,94;71;0;ei
2026-03-14;3,28;73;0,1;ei
2026-03-15;3,06;70;0,3;ei
2026-03-16;2,89;68;0,6;ei
2026-03-17;2,95;69;0,9;ei
2026-03-18;2,8;68;1;ei
2026-03-19;2,56;66;0,8;ei
2026-03-20;2,26;63;1,2;ei
2026-03-21;1,95;60;1,3;ei
2026-03-22;1,74;57;1,6;ei
2026-03-23;1,55;55;2,2;ei
2026-03-24;1,41;53;2,8;ei
2026-03-25;1,35;53;4,1;ei
2026-03-26;1,32;52;4,9;ei
2026-03-27;1,26;52;4,2;ei
2026-03-28;1,19;51;3,5;ei
2026-03-29;1,08;49;2,8;ei
2026-03-30;1,02;48;3,6;ei
2026-03-31;0,966;48;4,9;ei
2026-04-01;0,903;47;5,1;ei
2026-04-02;0,844;46;4,7;ei
2026-04-03;0,845;46;5,6;ei
2026-04-04;0,864;46;5,4;ei
2026-04-05;0,955;48;5,1;ei
2026-04-06;1,17;51;4,5;ei
2026-04-07;1,49;56;4,4;ei
2026-04-08;1,49;56;4,4;ei
2026-04-09;1,4;55;3,8;ei
2026-04-10;1,17;52;4;ei
2026-04-11;1,03;50;4,5;ei
2026-04-12;0,914;48;5,4;ei
2026-04-13;0,832;46;5,9;ei
2026-04-14;0,757;45;6,9;ei
2026-04-15;0,691;44;7,7;ei
2026-04-16;0,666;43;7,6;ei
2026-04-17;0,662;43;8,7;ei
2026-04-18;0,612;42;8,7;ei
2026-04-19;0,561;41;7,4;ei
2026-04-20;0,508;40;6,9;ei
2026-04-21;0,451;38;7,6;ei
2026-04-22;0,402;37;7,6;ei
2026-04-23;0,379;37;7,5;ei
2026-04-24;0,344;36;8,3;ei
2026-04-25;0,363;36;7,1;ei
2026-04-26;0,494;41;5,7;ei
2026-04-27;0,435;39;5,8;ei
2026-04-28;0,411;38;5,8;ei
2026-04-29;0,394;38;6,7;ei
2026-04-30;0,336;36;6,7;ei
2026-05-01;0,302;35;9,3;ei
2026-05-02;0,295;35;11,5;ei
2026-05-03;0,252;33;12,2;ei
2026-05-04;0,227;32;11,9;ei
2026-05-05;0,23;33;12,3;ei
2026-05-06;0,224;32;10,7;ei
2026-05-07;0,188;31;11,1;ei
2026-05-08;0,175;30;10,7;ei
2026-05-09;0,154;29;10,6;ei
2026-05-10;0,147;28;10,5;ei
2026-05-11;0,162;30;12,1;ei
2026-05-12;0,15;29;12,5;ei
2026-05-13;0,172;30;12,3;ei
2026-05-14;0,279;36;12,3;ei
2026-05-15;0,238;34;12,9;ei
2026-05-16;0,195;32;13,9;ei
2026-05-17;0,166;30;14,7;ei
2026-05-18;0,153;29;14,1;ei
2026-05-19;0,17;31;15,6;ei
2026-05-20;0,168;31;14,9;ei
2026-05-21;0,154;30;14,2;ei
2026-05-22;0,271;36;13,6;ei
2026-05-23;0,336;39;15,3;ei
2026-05-24;0,28;37;16,4;ei
2026-05-25;0,234;35;15,9;ei
2026-05-26;0,182;32;15;ei
2026-05-27;0,153;30;13,8;ei
2026-05-28;0,134;29;13,3;ei
2026-05-29;0,114;27;13,9;ei
2026-05-30;0,099;26;15;ei
2026-05-31;0,087;24;15,5;ei
2026-06-01;0,08;24;15,7;ei
2026-06-02;0,07;22;16,1;ei
2026-06-03;0,063;21;17,3;ei
2026-06-04;0,057;21;18,7;ei
2026-06-05;0,051;20;17,7;ei
2026-06-06;0,051;20;17,5;ei
2026-06-07;0,074;23;18;ei
2026-06-08;0,077;23;18;ei
2026-06-09;0,08;24;16,1;ei
2026-06-10;0,156;31;16,1;ei
2026-06-11;0,184;32;15;ei
2026-06-12;0,545;47;14,9;ei
2026-06-13;0,452;45;13,9;ei
2026-06-14;0,445;45;13,4;ei
2026-06-15;0,482;46;13,5;ei
2026-06-16;0,539;48;13,3;ei
2026-06-17;0,475;46;13,6;ei
2026-06-18;0,413;44;15;ei
2026-06-19;0,323;40;17,1;ei
2026-06-20;0,253;37;17,9;ei
2026-06-21;0,397;42;19;ei
2026-06-22;0,68;52;18,4;ei
2026-06-23;0,396;43;17,3;ei
2026-06-24;0,26;38;16,1;ei
2026-06-25;0,231;36;16,4;ei
2026-06-26;0,172;33;18,4;ei
2026-06-27;0,13;30;19,3;ei
2026-06-28;0,105;27;19,4;ei
2026-06-29;0,104;27;21,1;ei
2026-06-30;0,092;26;21,5;ei
2026-07-01;0,076;24;20,5;ei
2026-07-02;0,064;23;20,1;ei
2026-07-03;0,059;22;18,6;ei
2026-07-04;0,073;24;18,5;ei
2026-07-05;0,083;25;17,3;ei
2026-07-06;0,127;29;16,9;ei
2026-07-07;0,146;31;16;ei
2026-07-08;0,168;33;15,5;ei
2026-07-09;0,677;51;15,8;ei
2026-07-10;0,926;58;15,7;ei
2026-07-11;0,716;53;17;ei
2026-07-12;0,626;51;19;ei
2026-07-13;0,446;45;20,1;ei
2026-07-14;0,3;40;19,5;ei
2026-07-15;0,219;36;19;ei
2026-07-16;0,158;32;19,3;ei
2026-07-17;0,115;28;19,8;ei
2026-07-18;0,092;26;21;ei
2026-07-19;0,084;25;20,5;ei
2026-07-20;0,084;25;18,8;ei
2026-07-21;0,109;27;16;ei
2026-07-22;0,209;34;15,7;ei
2026-07-23;0,185;33;15,8;ei
2026-07-24;0,142;30;16,6;ei
2026-07-25;0,121;28;16,5;ei
2026-07-26;0,117;27;17,1;ei
2026-07-27;0,113;27;17,7;ei
2026-07-28;0,126;28;17,9;ei
2026-07-29;0,147;30;17,8;ei
2026-07-30;0,114;27;18,1;ei
2026-07-31;0,101;26;19,8;ei
2026-08-01;0,09;24;20;ei
2026-08-02;0,082;23;19,1;ei
2026-08-03;0,07;22;18,1;ei
2026-08-04;0,063;21;18,5;ei
2026-08-05;0,055;20;18,7;ei
2026-08-06;0,048;19;20,2;ei
2026-08-07;0,043;18;19,2;ei
2026-08-08;0,042;17;18,1;ei
2026-08-09;0,039;17;17,6;ei
2026-08-10;0,04;17;17,5;ei
2026-08-11;0,072;21;16,8;ei
2026-08-12;0,127;27;15,1;ei
2026-08-13;0,136;28;14,8;ei
2026-08-14;0,107;25;16,4;ei
2026-08-15;0,083;23;17,8;ei
2026-08-16;0,07;21;18,3;ei
2026-08-17;0,063;20;17,7;ei
2026-08-18;0,052;19;16,9;ei
2026-08-19;0,044;17;15,6;ei
2026-08-20;0,043;17;15,4;ei
2026-08-21;0,051;18;16,5;ei
2026-08-22;0,109;24;15,6;ei
2026-08-23;0,802;50;15;ei
2026-08-24;1,09;57;14,5;ei
2026-08-25;1,02;55;14,1;ei
2026-08-26;0,689;48;13,4;ei
2026-08-27;0,47;43;13,8;ei
2026-08-28;0,351;39;14,5;ei
2026-08-29;0,288;36;15;ei
2026-08-30;0,237;34;16;ei
2026-08-31;0,319;37;16,2;ei
2026-09-01;0,454;42;15,5;ei
2026-09-02;0,428;41;15,9;ei
2026-09-03;0,38;40;15,4;ei
2026-09-04;0,617;46;14,7;ei
2026-09-05;1;55;14;ei
2026-09-06;0,939;54;13,3;ei
2026-09-07;0,781;50;12,6;ei
2026-09-08;0,619;47;13,8;ei
2026-09-09;0,492;43;14,7;ei
2026-09-10;0,515;44;14,8;ei
2026-09-11;0,885;53;13,6;ei
2026-09-12;0,788;51;12,5;ei
2026-09-13;0,855;52;13,2;ei
2026-09-14;0,881;53;13,4;ei
2026-09-15;0,758;50;11,6;ei
2026-09-16;0,677;48;12,6;ei
2026-09-17;0,831;52;13,1;ei
2026-09-18;1,22;58;13;ei
