kuupäev;vooluhulk_m3s;veetase_cm;veetemp_c;valideeritud
1985-11-19;4,6;;;jah
1985-11-20;3,4;;;jah
1985-11-21;3,15;;;jah
1985-11-22;3,15;;;jah
1985-11-23;3,15;;;jah
1985-11-24;2,7;;;jah
1985-11-25;2,3;;;jah
1985-11-26;2,1;;;jah
1985-11-27;2,15;;;jah
1985-11-28;2,25;;;jah
1985-11-29;2,25;;;jah
1985-11-30;2,2;;;jah
1985-12-01;2,15;;;jah
1985-12-02;2,25;;;jah
1985-12-03;2,3;;;jah
1985-12-04;2,35;;;jah
1985-12-05;2,25;;;jah
1985-12-06;2,35;;;jah
1985-12-07;2,5;;;jah
1985-12-08;3;;;jah
1985-12-09;3,4;;;jah
1985-12-10;3,1;;;jah
1985-12-11;2,7;;;jah
1985-12-12;2,55;;;jah
1985-12-13;2,45;;;jah
1985-12-14;6,8;;;jah
1985-12-15;7,75;;;jah
1985-12-16;5,2;;;jah
1985-12-17;4,5;;;jah
1985-12-18;4,1;;;jah
1985-12-19;3,3;;;jah
1985-12-20;3;;;jah
1985-12-21;2,9;;;jah
1985-12-22;6,3;;;jah
1985-12-23;15;;;jah
1985-12-24;18,2;;;jah
1985-12-25;18;;;jah
1985-12-26;13,5;;;jah
1985-12-27;18,8;;;jah
1985-12-28;17,7;;;jah
1985-12-29;10,3;;;jah
1985-12-30;7,81;;;jah
1985-12-31;6,37;;;jah
1986-01-01;6,2;;;jah
1986-01-02;5,94;;;jah
1986-01-03;5,2;;;jah
1986-01-04;4,13;;;jah
1986-01-05;3,11;;;jah
1986-01-06;2,48;;;jah
1986-01-07;1,89;;;jah
1986-01-08;1,81;;;jah
1986-01-09;1,72;;;jah
1986-01-10;1,77;;;jah
1986-01-11;1,66;;;jah
1986-01-12;1,65;;;jah
1986-01-13;1,67;;;jah
1986-01-14;1,68;;;jah
1986-01-15;1,64;;;jah
1986-01-16;1,46;;;jah
1986-01-17;1,43;;;jah
1986-01-18;1,33;;;jah
1986-01-19;1,33;;;jah
1986-01-20;1,27;;;jah
1986-01-21;1,17;;;jah
1986-01-22;1,55;;;jah
1986-01-23;2,44;;;jah
1986-01-24;2,94;;;jah
1986-01-25;3,48;;;jah
1986-01-26;3,54;;;jah
1986-01-27;3,18;;;jah
1986-01-28;2,95;;;jah
1986-01-29;2,66;;;jah
1986-01-30;2,49;;;jah
1986-01-31;2,2;;;jah
1986-02-01;2;;;jah
1986-02-02;1,75;;;jah
1986-02-03;1,5;;;jah
1986-02-04;1,2;;;jah
1986-02-05;1;;;jah
1986-02-06;0,8;;;jah
1986-02-07;0,75;;;jah
1986-02-08;0,55;;;jah
1986-02-09;0,45;;;jah
1986-02-10;0,4;;;jah
1986-02-11;0,4;;;jah
1986-02-12;0,4;;;jah
1986-02-13;0,4;;;jah
1986-02-14;0,4;;;jah
1986-02-15;0,4;;;jah
1986-02-16;0,35;;;jah
1986-02-17;0,31;;;jah
1986-02-18;0,33;;;jah
1986-02-19;0,3;;;jah
1986-02-20;0,29;;;jah
1986-02-21;0,27;;;jah
1986-02-22;0,26;;;jah
1986-02-23;0,25;;;jah
1986-02-24;0,25;;;jah
1986-02-25;0,26;;;jah
1986-02-26;0,27;;;jah
1986-02-27;0,27;;;jah
1986-02-28;0,28;;;jah
1986-03-01;0,28;;;jah
1986-03-02;0,28;;;jah
1986-03-03;0,28;;;jah
1986-03-04;0,29;;;jah
1986-03-05;0,31;;;jah
1986-03-06;0,4;;;jah
1986-03-07;0,65;;;jah
1986-03-08;0,85;;;jah
1986-03-09;1;;;jah
1986-03-10;0,85;;;jah
1986-03-11;0,8;;;jah
1986-03-12;0,65;;;jah
1986-03-13;0,48;;;jah
1986-03-14;0,4;;;jah
1986-03-15;0,31;;;jah
1986-03-16;0,3;;;jah
1986-03-17;0,35;;;jah
1986-03-18;0,75;;;jah
1986-03-19;1,5;;;jah
1986-03-20;2,45;;;jah
1986-03-21;5,45;;;jah
1986-03-22;6,1;;;jah
1986-03-23;6,1;;;jah
1986-03-24;6,4;;;jah
1986-03-25;8,5;;;jah
1986-03-26;9,4;;;jah
1986-03-27;9,9;;;jah
1986-03-28;12,4;;;jah
1986-03-29;18,1;;;jah
1986-03-30;29,3;;;jah
1986-03-31;28;;;jah
1986-04-01;26,8;;;jah
1986-04-02;19,6;;;jah
1986-04-03;15,2;;;jah
1986-04-04;14,2;;;jah
1986-04-05;11,3;;;jah
1986-04-06;9,7;;;jah
1986-04-07;9,45;;;jah
1986-04-08;9,1;;;jah
1986-04-09;8,85;;;jah
1986-04-10;8,2;;;jah
1986-04-11;6,6;;;jah
1986-04-12;5,1;;;jah
1986-04-13;4,5;;;jah
1986-04-14;4,15;;;jah
1986-04-15;4,15;;;jah
1986-04-16;4;;;jah
1986-04-17;3,7;;;jah
1986-04-18;3,7;;;jah
1986-04-19;4,7;;;jah
1986-04-20;8,6;;;jah
1986-04-21;12,7;;;jah
1986-04-22;12,2;;;jah
1986-04-23;9,9;;;jah
1986-04-24;8,6;;;jah
1986-04-25;7,75;;;jah
1986-04-26;6,95;;;jah
1986-04-27;6;;;jah
1986-04-28;5,3;;;jah
1986-04-29;4,6;;;jah
1986-04-30;4,15;;;jah
1986-05-01;3,7;;;jah
1986-05-02;3,35;;;jah
1986-05-03;3,1;;;jah
1986-05-04;2,65;;;jah
1986-05-05;2,35;;;jah
1986-05-06;2,15;;;jah
1986-05-07;1,95;;;jah
1986-05-08;1,8;;;jah
1986-05-09;1,5;;;jah
1986-05-10;1,5;;;jah
1986-05-11;1,4;;;jah
1986-05-12;1,35;;;jah
1986-05-13;1,35;;;jah
1986-05-14;1,25;;;jah
1986-05-15;1,25;;;jah
1986-05-16;1,2;;;jah
1986-05-17;1,15;;;jah
1986-05-18;1,1;;;jah
1986-05-19;1,1;;;jah
1986-05-20;1;;;jah
1986-05-21;1,25;;;jah
1986-05-22;1,35;;;jah
1986-05-23;1,15;;;jah
1986-05-24;0,89;;;jah
1986-05-25;0,61;;;jah
1986-05-26;0,8;;;jah
1986-05-27;0,89;;;jah
1986-05-28;1;;;jah
1986-05-29;1,15;;;jah
1986-05-30;1;;;jah
1986-05-31;1,1;;;jah
1986-06-01;0,95;;;jah
1986-06-02;0,85;;;jah
1986-06-03;1,15;;;jah
1986-06-04;1,25;;;jah
1986-06-05;1,25;;;jah
1986-06-06;0,95;;;jah
1986-06-07;0,85;;;jah
1986-06-08;0,85;;;jah
1986-06-09;0,85;;;jah
1986-06-10;1;;;jah
1986-06-11;0,95;;;jah
1986-06-12;0,85;;;jah
1986-06-13;0,8;;;jah
1986-06-14;0,7;;;jah
1986-06-15;0,7;;;jah
1986-06-16;0,6;;;jah
1986-06-17;0,3;;;jah
1986-06-18;0,17;;;jah
1986-06-19;0,19;;;jah
1986-06-20;0,27;;;jah
1986-06-21;0,45;;;jah
1986-06-22;0,45;;;jah
1986-06-23;0,45;;;jah
1986-06-24;0,45;;;jah
1986-06-25;0,45;;;jah
1986-06-26;0,2;;;jah
1986-06-27;0,27;;;jah
1986-06-28;0,33;;;jah
1986-06-29;0,31;;;jah
1986-06-30;0,35;;;jah
1986-07-01;0,39;;;jah
1986-07-02;0,35;;;jah
1986-07-03;0,41;;;jah
1986-07-04;0,34;;;jah
1986-07-05;0,34;;;jah
1986-07-06;0,33;;;jah
1986-07-07;0,35;;;jah
1986-07-08;0,35;;;jah
1986-07-09;0,34;;;jah
1986-07-10;0,34;;;jah
1986-07-11;0,31;;;jah
1986-07-12;0,41;;;jah
1986-07-13;0,5;;;jah
1986-07-14;0,5;;;jah
1986-07-15;0,46;;;jah
1986-07-16;0,39;;;jah
1986-07-17;0,34;;;jah
1986-07-18;0,33;;;jah
1986-07-19;0,32;;;jah
1986-07-20;0,27;;;jah
1986-07-21;0,18;;;jah
1986-07-22;0,2;;;jah
1986-07-23;0,31;;;jah
1986-07-24;0,23;;;jah
1986-07-25;0,19;;;jah
1986-07-26;0,53;;;jah
1986-07-27;0,19;;;jah
1986-07-28;0,11;;;jah
1986-07-29;0,17;;;jah
1986-07-30;0,17;;;jah
1986-07-31;0,17;;;jah
1986-08-01;0,17;;;jah
1986-08-02;0,17;;;jah
1986-08-03;0,17;;;jah
1986-08-04;0,16;;;jah
1986-08-05;0,18;;;jah
1986-08-06;0,16;;;jah
1986-08-07;0,16;;;jah
1986-08-08;0,17;;;jah
1986-08-09;0,17;;;jah
1986-08-10;0,17;;;jah
1986-08-11;0,16;;;jah
1986-08-12;0,17;;;jah
1986-08-13;0,19;;;jah
1986-08-14;0,16;;;jah
1986-08-15;0,18;;;jah
1986-08-16;0,18;;;jah
1986-08-17;0,23;;;jah
1986-08-18;0,19;;;jah
1986-08-19;0,29;;;jah
1986-08-20;0,29;;;jah
1986-08-21;0,27;;;jah
1986-08-22;0,27;;;jah
1986-08-23;0,34;;;jah
1986-08-24;0,15;;;jah
1986-08-25;0,27;;;jah
1986-08-26;0,23;;;jah
1986-08-27;0,27;;;jah
1986-08-28;0,27;;;jah
1986-08-29;0,27;;;jah
1986-08-30;0,3;;;jah
1986-08-31;0,3;;;jah
1986-09-01;0,31;;;jah
1986-09-02;0,31;;;jah
1986-09-03;0,32;;;jah
1986-09-04;0,34;;;jah
1986-09-05;0,33;;;jah
1986-09-06;0,34;;;jah
1986-09-07;0,35;;;jah
1986-09-08;0,41;;;jah
1986-09-09;0,39;;;jah
1986-09-10;0,39;;;jah
1986-09-11;0,39;;;jah
1986-09-12;0,39;;;jah
1986-09-13;0,39;;;jah
1986-09-14;0,46;;;jah
1986-09-15;0,41;;;jah
1986-09-16;0,5;;;jah
1986-09-17;0,53;;;jah
1986-09-18;0,53;;;jah
1986-09-19;0,53;;;jah
1986-09-20;0,53;;;jah
1986-09-21;0,8;;;jah
1986-09-22;0,8;;;jah
1986-09-23;0,75;;;jah
1986-09-24;0,75;;;jah
1986-09-25;0,75;;;jah
1986-09-26;0,75;;;jah
1986-09-27;0,75;;;jah
1986-09-28;0,75;;;jah
1986-09-29;0,93;;;jah
1986-09-30;1,35;;;jah
1986-10-01;1,25;;;jah
1986-10-02;1,1;;;jah
1986-10-03;1,1;;;jah
1986-10-04;1,05;;;jah
1986-10-05;0,93;;;jah
1986-10-06;0,65;;;jah
1986-10-07;0,93;;;jah
1986-10-08;0,53;;;jah
1986-10-09;0,8;;;jah
1986-10-10;1;;;jah
1986-10-11;1,1;;;jah
1986-10-12;1,1;;;jah
1986-10-13;1,05;;;jah
1986-10-14;1,05;;;jah
1986-10-15;1;;;jah
1986-10-16;0,93;;;jah
1986-10-17;0,93;;;jah
1986-10-18;1,2;;;jah
1986-10-19;0,41;;;jah
1986-10-20;0,8;;;jah
1986-10-21;1,1;;;jah
1986-10-22;1,1;;;jah
1986-10-23;3,8;;;jah
1986-10-24;9,35;;;jah
1986-10-25;7,95;;;jah
1986-10-26;6,2;;;jah
1986-10-27;5;;;jah
1986-10-28;4,25;;;jah
1986-10-29;3,65;;;jah
1986-10-30;3,45;;;jah
1986-10-31;3,25;;;jah
1986-11-01;4,3;;;jah
1986-11-02;10;;;jah
1986-11-03;13,1;;;jah
1986-11-04;9,45;;;jah
1986-11-05;10,7;;;jah
1986-11-06;10,3;;;jah
1986-11-07;12,2;;;jah
1986-11-08;11,1;;;jah
1986-11-09;10,9;;;jah
1986-11-10;11,7;;;jah
1986-11-11;9,85;;;jah
1986-11-12;8,25;;;jah
1986-11-13;7,4;;;jah
1986-11-14;6,6;;;jah
1986-11-15;5,5;;;jah
1986-11-16;4,9;;;jah
1986-11-17;4,6;;;jah
1986-11-18;4,3;;;jah
1986-11-19;4,8;;;jah
1986-11-20;5,25;;;jah
1986-11-21;9,7;;;jah
1986-11-22;10,1;;;jah
1986-11-23;8,4;;;jah
1986-11-24;10,6;;;jah
1986-11-25;16;;;jah
1986-11-26;18,7;;;jah
1986-11-27;18;;;jah
1986-11-28;13,4;;;jah
1986-11-29;10,7;;;jah
1986-11-30;9,1;;;jah
1986-12-01;4,7;;;jah
1986-12-02;8;;;jah
1986-12-03;9,5;;;jah
1986-12-04;12,3;;;jah
1986-12-05;14,5;;;jah
1986-12-06;17,8;;;jah
1986-12-07;16,6;;;jah
1986-12-08;10,1;;;jah
1986-12-09;8,3;;;jah
1986-12-10;6,7;;;jah
1986-12-11;5,95;;;jah
1986-12-12;5,5;;;jah
1986-12-13;4,55;;;jah
1986-12-14;4,25;;;jah
1986-12-15;3,7;;;jah
1986-12-16;3,3;;;jah
1986-12-17;3,2;;;jah
1986-12-18;3,05;;;jah
1986-12-19;2,85;;;jah
1986-12-20;2,65;;;jah
1986-12-21;2,5;;;jah
1986-12-22;2,3;;;jah
1986-12-23;2,25;;;jah
1986-12-24;2,1;;;jah
1986-12-25;2;;;jah
1986-12-26;1,8;;;jah
1986-12-27;1,7;;;jah
1986-12-28;1,55;;;jah
1986-12-29;1,45;;;jah
1986-12-30;1,45;;;jah
1986-12-31;1,4;;;jah
1987-01-01;1,3;;;jah
1987-01-02;1,3;;;jah
1987-01-03;1,25;;;jah
1987-01-04;1,2;;;jah
1987-01-05;1,15;;;jah
1987-01-06;1,15;;;jah
1987-01-07;1,05;;;jah
1987-01-08;1;;;jah
1987-01-09;0,9;;;jah
1987-01-10;0,8;;;jah
1987-01-11;0,7;;;jah
1987-01-12;0,65;;;jah
1987-01-13;0,6;;;jah
1987-01-14;0,6;;;jah
1987-01-15;0,65;;;jah
1987-01-16;0,75;;;jah
1987-01-17;0,75;;;jah
1987-01-18;0,8;;;jah
1987-01-19;0,8;;;jah
1987-01-20;0,8;;;jah
1987-01-21;0,8;;;jah
1987-01-22;0,8;;;jah
1987-01-23;0,8;;;jah
1987-01-24;0,8;;;jah
1987-01-25;0,8;;;jah
1987-01-26;0,8;;;jah
1987-01-27;0,8;;;jah
1987-01-28;0,8;;;jah
1987-01-29;0,8;;;jah
1987-01-30;0,8;;;jah
1987-01-31;0,75;;;jah
1987-02-01;0,75;;;jah
1987-02-02;0,8;;;jah
1987-02-03;0,8;;;jah
1987-02-04;0,85;;;jah
1987-02-05;0,9;;;jah
1987-02-06;1;;;jah
1987-02-07;1,05;;;jah
1987-02-08;1,1;;;jah
1987-02-09;1,1;;;jah
1987-02-10;1,05;;;jah
1987-02-11;1,05;;;jah
1987-02-12;1;;;jah
1987-02-13;1,05;;;jah
1987-02-14;1,1;;;jah
1987-02-15;1,15;;;jah
1987-02-16;1,15;;;jah
1987-02-17;1,15;;;jah
1987-02-18;1,2;;;jah
1987-02-19;1,25;;;jah
1987-02-20;1,15;;;jah
1987-02-21;1,1;;;jah
1987-02-22;1,1;;;jah
1987-02-23;1,05;;;jah
1987-02-24;1,05;;;jah
1987-02-25;1,05;;;jah
1987-02-26;1;;;jah
1987-02-27;0,95;;;jah
1987-02-28;0,95;;;jah
1987-03-01;0,85;;;jah
1987-03-02;0,9;;;jah
1987-03-03;0,9;;;jah
1987-03-04;0,95;;;jah
1987-03-05;0,9;;;jah
1987-03-06;0,8;;;jah
1987-03-07;0,75;;;jah
1987-03-08;0,6;;;jah
1987-03-09;0,6;;;jah
1987-03-10;0,6;;;jah
1987-03-11;0,6;;;jah
1987-03-12;0,6;;;jah
1987-03-13;0,6;;;jah
1987-03-14;0,6;;;jah
1987-03-15;0,6;;;jah
1987-03-16;0,6;;;jah
1987-03-17;0,6;;;jah
1987-03-18;0,65;;;jah
1987-03-19;0,65;;;jah
1987-03-20;0,65;;;jah
1987-03-21;0,6;;;jah
1987-03-22;0,6;;;jah
1987-03-23;0,7;;;jah
1987-03-24;0,75;;;jah
1987-03-25;0,85;;;jah
1987-03-26;0,95;;;jah
1987-03-27;1,05;;;jah
1987-03-28;1,6;;;jah
1987-03-29;5;;;jah
1987-03-30;4,8;;;jah
1987-03-31;8,15;;;jah
1987-04-01;13,5;;;jah
1987-04-02;17,7;;;jah
1987-04-03;17,3;;;jah
1987-04-04;18,2;;;jah
1987-04-05;19,6;;;jah
1987-04-06;18,4;;;jah
1987-04-07;14,6;;;jah
1987-04-08;10,4;;;jah
1987-04-09;8,2;;;jah
1987-04-10;6,8;;;jah
1987-04-11;6;;;jah
1987-04-12;5,8;;;jah
1987-04-13;5,4;;;jah
1987-04-14;5,6;;;jah
1987-04-15;5,2;;;jah
1987-04-16;5,4;;;jah
1987-04-17;5,4;;;jah
1987-04-18;4,8;;;jah
1987-04-19;3,7;;;jah
1987-04-20;3,3;;;jah
1987-04-21;3;;;jah
1987-04-22;2,6;;;jah
1987-04-23;2,3;;;jah
1987-04-24;2,3;;;jah
1987-04-25;2,35;;;jah
1987-04-26;2,5;;;jah
1987-04-27;2,3;;;jah
1987-04-28;2,2;;;jah
1987-04-29;2,1;;;jah
1987-04-30;2;;;jah
1987-05-01;2;;;jah
1987-05-02;1,9;;;jah
1987-05-03;1,9;;;jah
1987-05-04;1,85;;;jah
1987-05-05;1,85;;;jah
1987-05-06;2,35;;;jah
1987-05-07;2,3;;;jah
1987-05-08;2,35;;;jah
1987-05-09;2;;;jah
1987-05-10;1,85;;;jah
1987-05-11;1,9;;;jah
1987-05-12;1,75;;;jah
1987-05-13;1,85;;;jah
1987-05-14;3,3;;;jah
1987-05-15;9,1;;;jah
1987-05-16;10,7;;;jah
1987-05-17;6,2;;;jah
1987-05-18;5,05;;;jah
1987-05-19;4,35;;;jah
1987-05-20;3,6;;;jah
1987-05-21;3,3;;;jah
1987-05-22;7,45;;;jah
1987-05-23;8,6;;;jah
1987-05-24;5,9;;;jah
1987-05-25;4,55;;;jah
1987-05-26;3,4;;;jah
1987-05-27;2,75;;;jah
1987-05-28;2,25;;;jah
1987-05-29;1,9;;;jah
1987-05-30;1,65;;;jah
1987-05-31;1,35;;;jah
1987-06-01;1,35;;;jah
1987-06-02;1,45;;;jah
1987-06-03;1,5;;;jah
1987-06-04;1,35;;;jah
1987-06-05;1,25;;;jah
1987-06-06;1,05;;;jah
1987-06-07;1,3;;;jah
1987-06-08;1,3;;;jah
1987-06-09;1,15;;;jah
1987-06-10;1,1;;;jah
1987-06-11;1;;;jah
1987-06-12;0,85;;;jah
1987-06-13;0,9;;;jah
1987-06-14;0,85;;;jah
1987-06-15;0,75;;;jah
1987-06-16;0,9;;;jah
1987-06-17;1,65;;;jah
1987-06-18;1,75;;;jah
1987-06-19;1,45;;;jah
1987-06-20;1,1;;;jah
1987-06-21;0,9;;;jah
1987-06-22;0,85;;;jah
1987-06-23;0,75;;;jah
1987-06-24;0,75;;;jah
1987-06-25;0,85;;;jah
1987-06-26;0,9;;;jah
1987-06-27;0,85;;;jah
1987-06-28;0,75;;;jah
1987-06-29;0,7;;;jah
1987-06-30;0,55;;;jah
1987-07-01;0,55;;;jah
1987-07-02;0,55;;;jah
1987-07-03;0,55;;;jah
1987-07-04;0,5;;;jah
1987-07-05;0,45;;;jah
1987-07-06;0,35;;;jah
1987-07-07;0,35;;;jah
1987-07-08;0,2;;;jah
1987-07-09;0,1;;;jah
1987-07-10;0,2;;;jah
1987-07-11;0,3;;;jah
1987-07-12;0,35;;;jah
1987-07-13;0,4;;;jah
1987-07-14;0,55;;;jah
1987-07-15;0,45;;;jah
1987-07-16;0,4;;;jah
1987-07-17;0,35;;;jah
1987-07-18;0,35;;;jah
1987-07-19;0,35;;;jah
1987-07-20;0,35;;;jah
1987-07-21;0,3;;;jah
1987-07-22;0,3;;;jah
1987-07-23;0,35;;;jah
1987-07-24;0,35;;;jah
1987-07-25;0,4;;;jah
1987-07-26;0,4;;;jah
1987-07-27;0,4;;;jah
1987-07-28;0,75;;;jah
1987-07-29;0,9;;;jah
1987-07-30;1;;;jah
1987-07-31;1;;;jah
1987-08-01;0,8;;;jah
1987-08-02;1,35;;;jah
1987-08-03;1,05;;;jah
1987-08-04;1;;;jah
1987-08-05;0,75;;;jah
1987-08-06;1,95;;;jah
1987-08-07;2,55;;;jah
1987-08-08;3,1;;;jah
1987-08-09;5,8;;;jah
1987-08-10;5,6;;;jah
1987-08-11;5,05;;;jah
1987-08-12;5,9;;;jah
1987-08-13;7,2;;;jah
1987-08-14;6,1;;;jah
1987-08-15;5,35;;;jah
1987-08-16;7,2;;;jah
1987-08-17;7;;;jah
1987-08-18;5,05;;;jah
1987-08-19;4,05;;;jah
1987-08-20;3,4;;;jah
1987-08-21;2,35;;;jah
1987-08-22;2;;;jah
1987-08-23;1,85;;;jah
1987-08-24;1,8;;;jah
1987-08-25;2,15;;;jah
1987-08-26;2,15;;;jah
1987-08-27;1,85;;;jah
1987-08-28;2,75;;;jah
1987-08-29;9,2;;;jah
1987-08-30;12,5;;;jah
1987-08-31;7,3;;;jah
1987-09-01;5,4;;;jah
1987-09-02;4,75;;;jah
1987-09-03;4,1;;;jah
1987-09-04;3,6;;;jah
1987-09-05;3,2;;;jah
1987-09-06;2,6;;;jah
1987-09-07;2,25;;;jah
1987-09-08;4,25;;;jah
1987-09-09;8,3;;;jah
1987-09-10;6,8;;;jah
1987-09-11;6,7;;;jah
1987-09-12;7,85;;;jah
1987-09-13;7,55;;;jah
1987-09-14;8,3;;;jah
1987-09-15;7;;;jah
1987-09-16;6,35;;;jah
1987-09-17;5,5;;;jah
1987-09-18;4,85;;;jah
1987-09-19;4,75;;;jah
1987-09-20;4,95;;;jah
1987-09-21;5,35;;;jah
1987-09-22;5;;;jah
1987-09-23;5,3;;;jah
1987-09-24;11,3;;;jah
1987-09-25;24;;;jah
1987-09-26;31,4;;;jah
1987-09-27;26;;;jah
1987-09-28;23,3;;;jah
1987-09-29;14,5;;;jah
1987-09-30;11,1;;;jah
1987-10-01;8,85;;;jah
1987-10-02;6,65;;;jah
1987-10-03;6,2;;;jah
1987-10-04;5,5;;;jah
1987-10-05;4,95;;;jah
1987-10-06;4,6;;;jah
1987-10-07;4,25;;;jah
1987-10-08;4;;;jah
1987-10-09;3,95;;;jah
1987-10-10;4,95;;;jah
1987-10-11;4,75;;;jah
1987-10-12;4,25;;;jah
1987-10-13;3,85;;;jah
1987-10-14;3,45;;;jah
1987-10-15;3,2;;;jah
1987-10-16;3;;;jah
1987-10-17;2,95;;;jah
1987-10-18;2,75;;;jah
1987-10-19;2,5;;;jah
1987-10-20;2,41;;;jah
1987-10-21;2,12;;;jah
1987-10-22;1,95;;;jah
1987-10-23;1,8;;;jah
1987-10-24;1,9;;;jah
1987-10-25;2,25;;;jah
1987-10-26;3,2;;;jah
1987-10-27;3,2;;;jah
1987-10-28;3,2;;;jah
1987-10-29;3;;;jah
1987-10-30;2,5;;;jah
1987-10-31;2,05;;;jah
1987-11-01;1,95;;;jah
1987-11-02;1,95;;;jah
1987-11-03;1,95;;;jah
1987-11-04;1,95;;;jah
1987-11-05;1,9;;;jah
1987-11-06;1,85;;;jah
1987-11-07;1,75;;;jah
1987-11-08;1,64;;;jah
1987-11-09;1,5;;;jah
1987-11-10;1,55;;;jah
1987-11-11;1,5;;;jah
1987-11-12;1,64;;;jah
1987-11-13;1,75;;;jah
1987-11-14;2,35;;;jah
1987-11-15;2,94;;;jah
1987-11-16;3,13;;;jah
1987-11-17;3,8;;;jah
1987-11-18;4,55;;;jah
1987-11-19;4,9;;;jah
1987-11-20;4,65;;;jah
1987-11-21;3,9;;;jah
1987-11-22;4,05;;;jah
1987-11-23;4,9;;;jah
1987-11-24;4,25;;;jah
1987-11-25;3,23;;;jah
1987-11-26;3,13;;;jah
1987-11-27;2,94;;;jah
1987-11-28;3,6;;;jah
1987-11-29;6,23;;;jah
1987-11-30;8,4;;;jah
1987-12-01;8,12;;;jah
1987-12-02;6,77;;;jah
1987-12-03;5,9;;;jah
1987-12-04;5,4;;;jah
1987-12-05;4,58;;;jah
1987-12-06;4,2;;;jah
1987-12-07;4,35;;;jah
1987-12-08;3,85;;;jah
1987-12-09;3,75;;;jah
1987-12-10;3,75;;;jah
1987-12-11;3,45;;;jah
1987-12-12;3,27;;;jah
1987-12-13;2,85;;;jah
1987-12-14;2,5;;;jah
1987-12-15;2,15;;;jah
1987-12-16;2,03;;;jah
1987-12-17;1,77;;;jah
1987-12-18;1,67;;;jah
1987-12-19;1,7;;;jah
1987-12-20;1,8;;;jah
1987-12-21;1,87;;;jah
1987-12-22;1,8;;;jah
1987-12-23;1,75;;;jah
1987-12-24;1,7;;;jah
1987-12-25;1,75;;;jah
1987-12-26;3,1;;;jah
1987-12-27;5,34;;;jah
1987-12-28;6,4;;;jah
1987-12-29;6,1;;;jah
1987-12-30;5,75;;;jah
1987-12-31;5,45;;;jah
1988-01-01;4,8;;;jah
1988-01-02;5,2;;;jah
1988-01-03;11,1;;;jah
1988-01-04;17,9;;;jah
1988-01-05;19,4;;;jah
1988-01-06;15,4;;;jah
1988-01-07;10,6;;;jah
1988-01-08;7,7;;;jah
1988-01-09;5,67;;;jah
1988-01-10;4,8;;;jah
1988-01-11;5,5;;;jah
1988-01-12;7,4;;;jah
1988-01-13;8,55;;;jah
1988-01-14;8,7;;;jah
1988-01-15;7,4;;;jah
1988-01-16;6,2;;;jah
1988-01-17;5,2;;;jah
1988-01-18;4,5;;;jah
1988-01-19;3,45;;;jah
1988-01-20;2,65;;;jah
1988-01-21;2,45;;;jah
1988-01-22;2,65;;;jah
1988-01-23;2,9;;;jah
1988-01-24;3,1;;;jah
1988-01-25;3,2;;;jah
1988-01-26;3,6;;;jah
1988-01-27;3,8;;;jah
1988-01-28;2,45;;;jah
1988-01-29;1,45;;;jah
1988-01-30;1;;;jah
1988-01-31;0,7;;;jah
1988-02-01;0,64;;;jah
1988-02-02;0,57;;;jah
1988-02-03;0,5;;;jah
1988-02-04;0,5;;;jah
1988-02-05;0,63;;;jah
1988-02-06;1;;;jah
1988-02-07;1,6;;;jah
1988-02-08;2;;;jah
1988-02-09;1,45;;;jah
1988-02-10;1,2;;;jah
1988-02-11;1,25;;;jah
1988-02-12;2;;;jah
1988-02-13;2,2;;;jah
1988-02-14;2,2;;;jah
1988-02-15;2,1;;;jah
1988-02-16;2,05;;;jah
1988-02-17;2;;;jah
1988-02-18;1,95;;;jah
1988-02-19;1,65;;;jah
1988-02-20;1,46;;;jah
1988-02-21;1,4;;;jah
1988-02-22;1,3;;;jah
1988-02-23;1,25;;;jah
1988-02-24;1,17;;;jah
1988-02-25;1,07;;;jah
1988-02-26;1,07;;;jah
1988-02-27;0,97;;;jah
1988-02-28;0,97;;;jah
1988-02-29;0,9;;;jah
1988-03-01;0,8;;;jah
1988-03-02;0,9;;;jah
1988-03-03;0,8;;;jah
1988-03-04;0,73;;;jah
1988-03-05;0,65;;;jah
1988-03-06;0,55;;;jah
1988-03-07;0,6;;;jah
1988-03-08;0,69;;;jah
1988-03-09;0,73;;;jah
1988-03-10;0,73;;;jah
1988-03-11;0,76;;;jah
1988-03-12;0,76;;;jah
1988-03-13;0,8;;;jah
1988-03-14;0,8;;;jah
1988-03-15;0,69;;;jah
1988-03-16;0,69;;;jah
1988-03-17;0,69;;;jah
1988-03-18;0,69;;;jah
1988-03-19;0,73;;;jah
1988-03-20;0,76;;;jah
1988-03-21;0,9;;;jah
1988-03-22;0,9;;;jah
1988-03-23;0,9;;;jah
1988-03-24;0,9;;;jah
1988-03-25;0,9;;;jah
1988-03-26;1;;;jah
1988-03-27;1,2;;;jah
1988-03-28;1,65;;;jah
1988-03-29;2,55;;;jah
1988-03-30;3,9;;;jah
1988-03-31;5,6;;;jah
1988-04-01;12,4;;;jah
1988-04-02;25,6;;;jah
1988-04-03;23,4;;;jah
1988-04-04;19;;;jah
1988-04-05;16;;;jah
1988-04-06;13,3;;;jah
1988-04-07;11,4;;;jah
1988-04-08;10,5;;;jah
1988-04-09;9,35;;;jah
1988-04-10;7,4;;;jah
1988-04-11;6,25;;;jah
1988-04-12;5,35;;;jah
1988-04-13;4,8;;;jah
1988-04-14;4,95;;;jah
1988-04-15;4,95;;;jah
1988-04-16;5,1;;;jah
1988-04-17;5,35;;;jah
1988-04-18;5,7;;;jah
1988-04-19;5,1;;;jah
1988-04-20;5,35;;;jah
1988-04-21;6,15;;;jah
1988-04-22;6,6;;;jah
1988-04-23;5,55;;;jah
1988-04-24;4,5;;;jah
1988-04-25;4,25;;;jah
1988-04-26;4;;;jah
1988-04-27;4,05;;;jah
1988-04-28;5,15;;;jah
1988-04-29;8,6;;;jah
1988-04-30;12,7;;;jah
1988-05-01;12,5;;;jah
1988-05-02;11,2;;;jah
1988-05-03;9,5;;;jah
1988-05-04;7,95;;;jah
1988-05-05;7;;;jah
1988-05-06;6,4;;;jah
1988-05-07;5,9;;;jah
1988-05-08;5,25;;;jah
1988-05-09;3,7;;;jah
1988-05-10;3;;;jah
1988-05-11;2,8;;;jah
1988-05-12;2,45;;;jah
1988-05-13;2,2;;;jah
1988-05-14;2;;;jah
1988-05-15;1,7;;;jah
1988-05-16;1,6;;;jah
1988-05-17;1,45;;;jah
1988-05-18;1,3;;;jah
1988-05-19;1,25;;;jah
1988-05-20;1,25;;;jah
1988-05-21;1,25;;;jah
1988-05-22;1,15;;;jah
1988-05-23;1,1;;;jah
1988-05-24;1;;;jah
1988-05-25;0,95;;;jah
1988-05-26;0,85;;;jah
1988-05-27;0,85;;;jah
1988-05-28;0,6;;;jah
1988-05-29;0,55;;;jah
1988-05-30;0,4;;;jah
1988-05-31;0,6;;;jah
1988-06-01;0,56;;;jah
1988-06-02;0,52;;;jah
1988-06-03;0,52;;;jah
1988-06-04;0,47;;;jah
1988-06-05;0,47;;;jah
1988-06-06;0,47;;;jah
1988-06-07;0,43;;;jah
1988-06-08;0,24;;;jah
1988-06-09;0,26;;;jah
1988-06-10;0,29;;;jah
1988-06-11;0,32;;;jah
1988-06-12;0,32;;;jah
1988-06-13;0,29;;;jah
1988-06-14;0,32;;;jah
1988-06-15;0,35;;;jah
1988-06-16;0,32;;;jah
1988-06-17;0,32;;;jah
1988-06-18;0,29;;;jah
1988-06-19;0,26;;;jah
1988-06-20;0,32;;;jah
1988-06-21;0,43;;;jah
1988-06-22;0,26;;;jah
1988-06-23;0,32;;;jah
1988-06-24;0,43;;;jah
1988-06-25;0,52;;;jah
1988-06-26;0,39;;;jah
1988-06-27;0,24;;;jah
1988-06-28;0,29;;;jah
1988-06-29;0,29;;;jah
1988-06-30;0,24;;;jah
1988-07-01;0,24;;;jah
1988-07-02;0,22;;;jah
1988-07-03;0,21;;;jah
1988-07-04;0,21;;;jah
1988-07-05;0,21;;;jah
1988-07-06;0,21;;;jah
1988-07-07;0,22;;;jah
1988-07-08;0,26;;;jah
1988-07-09;0,29;;;jah
1988-07-10;0,26;;;jah
1988-07-11;0,24;;;jah
1988-07-12;0,22;;;jah
1988-07-13;0,22;;;jah
1988-07-14;0,22;;;jah
1988-07-15;0,21;;;jah
1988-07-16;0,22;;;jah
1988-07-17;0,22;;;jah
1988-07-18;0,21;;;jah
1988-07-19;0,21;;;jah
1988-07-20;0,19;;;jah
1988-07-21;0,19;;;jah
1988-07-22;0,18;;;jah
1988-07-23;0,18;;;jah
1988-07-24;0,2;;;jah
1988-07-25;0,31;;;jah
1988-07-26;0,35;;;jah
1988-07-27;0,21;;;jah
1988-07-28;0,21;;;jah
1988-07-29;0,21;;;jah
1988-07-30;0,22;;;jah
1988-07-31;0,22;;;jah
1988-08-01;0,24;;;jah
1988-08-02;0,24;;;jah
1988-08-03;0,31;;;jah
1988-08-04;0,27;;;jah
1988-08-05;0,22;;;jah
1988-08-06;0,31;;;jah
1988-08-07;0,5;;;jah
1988-08-08;0,42;;;jah
1988-08-09;0,42;;;jah
1988-08-10;0,42;;;jah
1988-08-11;0,42;;;jah
1988-08-12;0,42;;;jah
1988-08-13;0,42;;;jah
1988-08-14;0,58;;;jah
1988-08-15;0,5;;;jah
1988-08-16;0,42;;;jah
1988-08-17;0,42;;;jah
1988-08-18;0,34;;;jah
1988-08-19;0,21;;;jah
1988-08-20;0,39;;;jah
1988-08-21;0,46;;;jah
1988-08-22;0,39;;;jah
1988-08-23;0,9;;;jah
1988-08-24;0,7;;;jah
1988-08-25;0,74;;;jah
1988-08-26;0,82;;;jah
1988-08-27;0,58;;;jah
1988-08-28;0,39;;;jah
1988-08-29;0,24;;;jah
1988-08-30;0,22;;;jah
1988-08-31;0,58;;;jah
1988-09-01;0,7;;;jah
1988-09-02;0,78;;;jah
1988-09-03;0,65;;;jah
1988-09-04;0,42;;;jah
1988-09-05;0,58;;;jah
1988-09-06;0,65;;;jah
1988-09-07;0,5;;;jah
1988-09-08;0,65;;;jah
1988-09-09;0,62;;;jah
1988-09-10;0,54;;;jah
1988-09-11;0,5;;;jah
1988-09-12;0,5;;;jah
1988-09-13;0,54;;;jah
1988-09-14;0,54;;;jah
1988-09-15;0,54;;;jah
1988-09-16;0,5;;;jah
1988-09-17;0,5;;;jah
1988-09-18;0,46;;;jah
1988-09-19;0,46;;;jah
1988-09-20;0,5;;;jah
1988-09-21;0,5;;;jah
1988-09-22;0,54;;;jah
1988-09-23;0,58;;;jah
1988-09-24;0,62;;;jah
1988-09-25;0,7;;;jah
1988-09-26;1,18;;;jah
1988-09-27;1,76;;;jah
1988-09-28;1,83;;;jah
1988-09-29;3,2;;;jah
1988-09-30;3,54;;;jah
1988-10-01;3,6;;;jah
1988-10-02;3,5;;;jah
1988-10-03;3;;;jah
1988-10-04;2,47;;;jah
1988-10-05;2,2;;;jah
1988-10-06;1,98;;;jah
1988-10-07;1,86;;;jah
1988-10-08;2,55;;;jah
1988-10-09;4,1;;;jah
1988-10-10;7;;;jah
1988-10-11;7,67;;;jah
1988-10-12;6,65;;;jah
1988-10-13;5,25;;;jah
1988-10-14;4;;;jah
1988-10-15;3,15;;;jah
1988-10-16;2,7;;;jah
1988-10-17;2,4;;;jah
1988-10-18;2,2;;;jah
1988-10-19;2,15;;;jah
1988-10-20;2,05;;;jah
1988-10-21;1,92;;;jah
1988-10-22;1,8;;;jah
1988-10-23;1,63;;;jah
1988-10-24;1,55;;;jah
1988-10-25;1,55;;;jah
1988-10-26;1,55;;;jah
1988-10-27;2,35;;;jah
1988-10-28;3;;;jah
1988-10-29;2,93;;;jah
1988-10-30;3,1;;;jah
1988-10-31;2,7;;;jah
1988-11-01;2,3;;;jah
1988-11-02;2,15;;;jah
1988-11-03;2,43;;;jah
1988-11-04;3,68;;;jah
1988-11-05;4,4;;;jah
1988-11-06;5,2;;;jah
1988-11-07;6,2;;;jah
1988-11-08;6,55;;;jah
1988-11-09;4,85;;;jah
1988-11-10;3,1;;;jah
1988-11-11;2,65;;;jah
1988-11-12;2,85;;;jah
1988-11-13;3,1;;;jah
1988-11-14;3,6;;;jah
1988-11-15;4,4;;;jah
1988-11-16;3,8;;;jah
1988-11-17;3,68;;;jah
1988-11-18;3,5;;;jah
1988-11-19;3,4;;;jah
1988-11-20;4,5;;;jah
1988-11-21;5,65;;;jah
1988-11-22;4,5;;;jah
1988-11-23;3,2;;;jah
1988-11-24;3;;;jah
1988-11-25;3,2;;;jah
1988-11-26;3,2;;;jah
1988-11-27;3,1;;;jah
1988-11-28;3,1;;;jah
1988-11-29;2,4;;;jah
1988-11-30;1,73;;;jah
1988-12-01;1,73;;;jah
1988-12-02;1,73;;;jah
1988-12-03;1,67;;;jah
1988-12-04;1,67;;;jah
1988-12-05;1,63;;;jah
1988-12-06;1,58;;;jah
1988-12-07;1,54;;;jah
1988-12-08;1,58;;;jah
1988-12-09;1,77;;;jah
1988-12-10;1,95;;;jah
1988-12-11;2,13;;;jah
1988-12-12;2,25;;;jah
1988-12-13;2,13;;;jah
1988-12-14;1,95;;;jah
1988-12-15;2,05;;;jah
1988-12-16;2,2;;;jah
1988-12-17;2,45;;;jah
1988-12-18;2,57;;;jah
1988-12-19;2,9;;;jah
1988-12-20;3,08;;;jah
1988-12-21;2,83;;;jah
1988-12-22;2,9;;;jah
1988-12-23;3;;;jah
1988-12-24;2,95;;;jah
1988-12-25;2,83;;;jah
1988-12-26;2,57;;;jah
1988-12-27;2,62;;;jah
1988-12-28;3,2;;;jah
1988-12-29;4,52;;;jah
1988-12-30;6,35;;;jah
1988-12-31;6,9;;;jah
1989-01-01;6,83;;;jah
1989-01-02;6,55;;;jah
1989-01-03;6,4;;;jah
1989-01-04;6,83;;;jah
1989-01-05;7,85;;;jah
1989-01-06;9,05;;;jah
1989-01-07;10,4;;;jah
1989-01-08;9,73;;;jah
1989-01-09;9,02;;;jah
1989-01-10;9,07;;;jah
1989-01-11;9,4;;;jah
1989-01-12;9,9;;;jah
1989-01-13;11,2;;;jah
1989-01-14;13,3;;;jah
1989-01-15;15,9;;;jah
1989-01-16;20,2;;;jah
1989-01-17;21,5;;;jah
1989-01-18;20,2;;;jah
1989-01-19;18;;;jah
1989-01-20;16,4;;;jah
1989-01-21;14,6;;;jah
1989-01-22;12,9;;;jah
1989-01-23;12;;;jah
1989-01-24;11,7;;;jah
1989-01-25;11,2;;;jah
1989-01-26;10,7;;;jah
1989-01-27;10,1;;;jah
1989-01-28;9,5;;;jah
1989-01-29;9,06;;;jah
1989-01-30;8,89;;;jah
1989-01-31;8,8;;;jah
1989-02-01;8,25;;;jah
1989-02-02;7,52;;;jah
1989-02-03;6,73;;;jah
1989-02-04;6,85;;;jah
1989-02-05;7,05;;;jah
1989-02-06;6,95;;;jah
1989-02-07;6,97;;;jah
1989-02-08;6,98;;;jah
1989-02-09;6,59;;;jah
1989-02-10;5;;;jah
1989-02-11;4,18;;;jah
1989-02-12;4,58;;;jah
1989-02-13;4,52;;;jah
1989-02-14;4,03;;;jah
1989-02-15;3,74;;;jah
1989-02-16;3,85;;;jah
1989-02-17;4,3;;;jah
1989-02-18;3,23;;;jah
1989-02-19;3,1;;;jah
1989-02-20;3,64;;;jah
1989-02-21;4,02;;;jah
1989-02-22;3,9;;;jah
1989-02-23;3,86;;;jah
1989-02-24;4,88;;;jah
1989-02-25;6,32;;;jah
1989-02-26;8,28;;;jah
1989-02-27;11,6;;;jah
1989-02-28;16,1;;;jah
1989-03-01;12,8;;;jah
1989-03-02;10,2;;;jah
1989-03-03;8,67;;;jah
1989-03-04;7,5;;;jah
1989-03-05;8,24;;;jah
1989-03-06;8,35;;;jah
1989-03-07;7,19;;;jah
1989-03-08;6,27;;;jah
1989-03-09;5,86;;;jah
1989-03-10;5,76;;;jah
1989-03-11;5,55;;;jah
1989-03-12;5,65;;;jah
1989-03-13;5,62;;;jah
1989-03-14;5,52;;;jah
1989-03-15;6,03;;;jah
1989-03-16;6,03;;;jah
1989-03-17;6,44;;;jah
1989-03-18;5,92;;;jah
1989-03-19;6,13;;;jah
1989-03-20;8,33;;;jah
1989-03-21;7,77;;;jah
1989-03-22;7,88;;;jah
1989-03-23;8,43;;;jah
1989-03-24;8,43;;;jah
1989-03-25;12;;;jah
1989-03-26;11,1;;;jah
1989-03-27;9,17;;;jah
1989-03-28;7,25;;;jah
1989-03-29;6,11;;;jah
1989-03-30;4,85;;;jah
1989-03-31;3,86;;;jah
1989-04-01;3,45;;;jah
1989-04-02;3,29;;;jah
1989-04-03;3,22;;;jah
1989-04-04;2,93;;;jah
1989-04-05;2,78;;;jah
1989-04-06;2,71;;;jah
1989-04-07;2,64;;;jah
1989-04-08;2,93;;;jah
1989-04-09;3,07;;;jah
1989-04-10;3,91;;;jah
1989-04-11;3,66;;;jah
1989-04-12;3,33;;;jah
1989-04-13;3;;;jah
1989-04-14;3;;;jah
1989-04-15;2,34;;;jah
1989-04-16;2,04;;;jah
1989-04-17;2,01;;;jah
1989-04-18;1,97;;;jah
1989-04-19;3,15;;;jah
1989-04-20;4,85;;;jah
1989-04-21;5,61;;;jah
1989-04-22;5,33;;;jah
1989-04-23;6,83;;;jah
1989-04-24;5,99;;;jah
1989-04-25;5,05;;;jah
1989-04-26;3,95;;;jah
1989-04-27;3,22;;;jah
1989-04-28;2,78;;;jah
1989-04-29;2,71;;;jah
1989-04-30;2,35;;;jah
1989-05-01;2,54;;;jah
1989-05-02;2,22;;;jah
1989-05-03;1,79;;;jah
1989-05-04;1,6;;;jah
1989-05-05;1,46;;;jah
1989-05-06;1,33;;;jah
1989-05-07;1,2;;;jah
1989-05-08;1,09;;;jah
1989-05-09;1,02;;;jah
1989-05-10;1,06;;;jah
1989-05-11;0,96;;;jah
1989-05-12;0,9;;;jah
1989-05-13;0,9;;;jah
1989-05-14;0,88;;;jah
1989-05-15;0,79;;;jah
1989-05-16;0,73;;;jah
1989-05-17;0,67;;;jah
1989-05-18;0,63;;;jah
1989-05-19;0,59;;;jah
1989-05-20;0,58;;;jah
1989-05-21;0,34;;;jah
1989-05-22;0,55;;;jah
1989-05-23;0,57;;;jah
1989-05-24;0,46;;;jah
1989-05-25;0,45;;;jah
1989-05-26;0,43;;;jah
1989-05-27;0,4;;;jah
1989-05-28;0,42;;;jah
1989-05-29;0,4;;;jah
1989-05-30;0,38;;;jah
1989-05-31;0,37;;;jah
1989-06-01;0,37;;;jah
1989-06-02;0,36;;;jah
1989-06-03;0,36;;;jah
1989-06-04;0,35;;;jah
1989-06-05;0,34;;;jah
1989-06-06;0,41;;;jah
1989-06-07;0,52;;;jah
1989-06-08;0,45;;;jah
1989-06-09;0,45;;;jah
1989-06-10;0,46;;;jah
1989-06-11;0,48;;;jah
1989-06-12;0,41;;;jah
1989-06-13;0,34;;;jah
1989-06-14;0,51;;;jah
1989-06-15;0,39;;;jah
1989-06-16;0,53;;;jah
1989-06-17;0,46;;;jah
1989-06-18;0,31;;;jah
1989-06-19;0,25;;;jah
1989-06-20;0,22;;;jah
1989-06-21;0,24;;;jah
1989-06-22;0,22;;;jah
1989-06-23;0,22;;;jah
1989-06-24;0,21;;;jah
1989-06-25;0,17;;;jah
1989-06-26;0,13;;;jah
1989-06-27;0,12;;;jah
1989-06-28;0,1;;;jah
1989-06-29;0,11;;;jah
1989-06-30;0,12;;;jah
1989-07-01;0,12;;;jah
1989-07-02;0,11;;;jah
1989-07-03;0,11;;;jah
1989-07-04;0,12;;;jah
1989-07-05;0,15;;;jah
1989-07-06;0,12;;;jah
1989-07-07;0,095;;;jah
1989-07-08;0,095;;;jah
1989-07-09;0,095;;;jah
1989-07-10;0,091;;;jah
1989-07-11;0,1;;;jah
1989-07-12;0,13;;;jah
1989-07-13;0,17;;;jah
1989-07-14;0,1;;;jah
1989-07-15;0,077;;;jah
1989-07-16;0,09;;;jah
1989-07-17;0,14;;;jah
1989-07-18;0,14;;;jah
1989-07-19;0,12;;;jah
1989-07-20;0,12;;;jah
1989-07-21;0,14;;;jah
1989-07-22;0,13;;;jah
1989-07-23;0,07;;;jah
1989-07-24;0,066;;;jah
1989-07-25;0,08;;;jah
1989-07-26;0,084;;;jah
1989-07-27;0,08;;;jah
1989-07-28;0,088;;;jah
1989-07-29;0,088;;;jah
1989-07-30;0,081;;;jah
1989-07-31;0,084;;;jah
1989-08-01;0,088;;;jah
1989-08-02;0,1;;;jah
1989-08-03;0,15;;;jah
1989-08-04;0,2;;;jah
1989-08-05;0,22;;;jah
1989-08-06;0,25;;;jah
1989-08-07;0,25;;;jah
1989-08-08;0,2;;;jah
1989-08-09;0,16;;;jah
1989-08-10;0,16;;;jah
1989-08-11;0,17;;;jah
1989-08-12;0,16;;;jah
1989-08-13;0,16;;;jah
1989-08-14;0,17;;;jah
1989-08-15;0,17;;;jah
1989-08-16;0,16;;;jah
1989-08-17;0,16;;;jah
1989-08-18;0,13;;;jah
1989-08-19;0,12;;;jah
1989-08-20;0,12;;;jah
1989-08-21;0,12;;;jah
1989-08-22;0,12;;;jah
1989-08-23;0,13;;;jah
1989-08-24;0,14;;;jah
1989-08-25;0,17;;;jah
1989-08-26;0,18;;;jah
1989-08-27;0,19;;;jah
1989-08-28;0,19;;;jah
1989-08-29;0,25;;;jah
1989-08-30;0,25;;;jah
1989-08-31;0,25;;;jah
1989-09-01;0,24;;;jah
1989-09-02;0,22;;;jah
1989-09-03;0,23;;;jah
1989-09-04;0,24;;;jah
1989-09-05;0,23;;;jah
1989-09-06;0,22;;;jah
1989-09-07;0,21;;;jah
1989-09-08;0,19;;;jah
1989-09-09;0,17;;;jah
1989-09-10;0,16;;;jah
1989-09-11;0,15;;;jah
1989-09-12;0,14;;;jah
1989-09-13;0,14;;;jah
1989-09-14;0,15;;;jah
1989-09-15;0,088;;;jah
1989-09-16;0,16;;;jah
1989-09-17;0,21;;;jah
1989-09-18;0,18;;;jah
1989-09-19;0,16;;;jah
1989-09-20;0,15;;;jah
1989-09-21;0,14;;;jah
1989-09-22;0,13;;;jah
1989-09-23;0,13;;;jah
1989-09-24;0,11;;;jah
1989-09-25;0,11;;;jah
1989-09-26;0,1;;;jah
1989-09-27;0,1;;;jah
1989-09-28;0,09;;;jah
1989-09-29;0,066;;;jah
1989-09-30;0,047;;;jah
1989-10-01;0,05;;;jah
1989-10-02;0,061;;;jah
1989-10-03;0,11;;;jah
1989-10-04;0,11;;;jah
1989-10-05;0,12;;;jah
1989-10-06;0,13;;;jah
1989-10-07;0,13;;;jah
1989-10-08;0,14;;;jah
1989-10-09;0,16;;;jah
1989-10-10;0,17;;;jah
1989-10-11;0,2;;;jah
1989-10-12;0,23;;;jah
1989-10-13;0,26;;;jah
1989-10-14;0,29;;;jah
1989-10-15;0,31;;;jah
1989-10-16;0,34;;;jah
1989-10-17;0,37;;;jah
1989-10-18;0,39;;;jah
1989-10-19;0,42;;;jah
1989-10-20;0,46;;;jah
1989-10-21;0,47;;;jah
1989-10-22;0,48;;;jah
1989-10-23;0,57;;;jah
1989-10-24;0,78;;;jah
1989-10-25;1,02;;;jah
1989-10-26;1,11;;;jah
1989-10-27;1,06;;;jah
1989-10-28;0,99;;;jah
1989-10-29;0,99;;;jah
1989-10-30;0,95;;;jah
1989-10-31;1,04;;;jah
1989-11-01;1,08;;;jah
1989-11-02;1,13;;;jah
1989-11-03;1,13;;;jah
1989-11-04;1,31;;;jah
1989-11-05;1,4;;;jah
1989-11-06;1,55;;;jah
1989-11-07;1,52;;;jah
1989-11-08;1,42;;;jah
1989-11-09;1,33;;;jah
1989-11-10;1,37;;;jah
1989-11-11;1,33;;;jah
1989-11-12;1,24;;;jah
1989-11-13;1,37;;;jah
1989-11-14;1,84;;;jah
1989-11-15;2,01;;;jah
1989-11-16;1,88;;;jah
1989-11-17;1,77;;;jah
1989-11-18;1,71;;;jah
1989-11-19;1,66;;;jah
1989-11-20;1,6;;;jah
1989-11-21;1,49;;;jah
1989-11-22;1,4;;;jah
1989-11-23;1,3;;;jah
1989-11-24;1,4;;;jah
1989-11-25;1,54;;;jah
1989-11-26;1,66;;;jah
1989-11-27;1,44;;;jah
1989-11-28;1,26;;;jah
1989-11-29;1,07;;;jah
1989-11-30;0,94;;;jah
1989-12-01;1,02;;;jah
1989-12-02;1,17;;;jah
1989-12-03;1,35;;;jah
1989-12-04;1,54;;;jah
1989-12-05;1,66;;;jah
1989-12-06;1,77;;;jah
1989-12-07;1,88;;;jah
1989-12-08;1,99;;;jah
1989-12-09;2,05;;;jah
1989-12-10;1,88;;;jah
1989-12-11;1,71;;;jah
1989-12-12;1,54;;;jah
1989-12-13;1,44;;;jah
1989-12-14;1,4;;;jah
1989-12-15;1,3;;;jah
1989-12-16;1,26;;;jah
1989-12-17;1,17;;;jah
1989-12-18;1,3;;;jah
1989-12-19;1,99;;;jah
1989-12-20;2,99;;;jah
1989-12-21;6,26;;;jah
1989-12-22;10,8;;;jah
1989-12-23;9,66;;;jah
1989-12-24;8,64;;;jah
1989-12-25;7,69;;;jah
1989-12-26;6,62;;;jah
1989-12-27;5,87;;;jah
1989-12-28;5,4;;;jah
1989-12-29;4,88;;;jah
1989-12-30;4,52;;;jah
1989-12-31;4,17;;;jah
1990-01-01;3,69;;;jah
1990-01-02;3,23;;;jah
1990-01-03;3,25;;;jah
1990-01-04;3,22;;;jah
1990-01-05;2,52;;;jah
1990-01-06;2,14;;;jah
1990-01-07;1,86;;;jah
1990-01-08;1,61;;;jah
1990-01-09;1,36;;;jah
1990-01-10;1,36;;;jah
1990-01-11;1,49;;;jah
1990-01-12;1,74;;;jah
1990-01-13;2,05;;;jah
1990-01-14;2,17;;;jah
1990-01-15;2,13;;;jah
1990-01-16;2,13;;;jah
1990-01-17;2,17;;;jah
1990-01-18;2,21;;;jah
1990-01-19;2,37;;;jah
1990-01-20;2,63;;;jah
1990-01-21;3,56;;;jah
1990-01-22;5,84;;;jah
1990-01-23;9,03;;;jah
1990-01-24;13;;;jah
1990-01-25;18,4;;;jah
1990-01-26;21,4;;;jah
1990-01-27;23,3;;;jah
1990-01-28;21,6;;;jah
1990-01-29;19,6;;;jah
1990-01-30;17,6;;;jah
1990-01-31;15,6;;;jah
1990-02-01;15,3;;;jah
1990-02-02;15,4;;;jah
1990-02-03;15,1;;;jah
1990-02-04;14,8;;;jah
1990-02-05;14,6;;;jah
1990-02-06;14;;;jah
1990-02-07;13,2;;;jah
1990-02-08;14,8;;;jah
1990-02-09;17,6;;;jah
1990-02-10;19,6;;;jah
1990-02-11;19;;;jah
1990-02-12;16,6;;;jah
1990-02-13;14,1;;;jah
1990-02-14;11,9;;;jah
1990-02-15;10,5;;;jah
1990-02-16;9,06;;;jah
1990-02-17;7,54;;;jah
1990-02-18;6,31;;;jah
1990-02-19;5,82;;;jah
1990-02-20;7,59;;;jah
1990-02-21;10,6;;;jah
1990-02-22;13,6;;;jah
1990-02-23;16,2;;;jah
1990-02-24;15,4;;;jah
1990-02-25;17,2;;;jah
1990-02-26;19,7;;;jah
1990-02-27;23,3;;;jah
1990-02-28;26,1;;;jah
1990-03-01;23,5;;;jah
1990-03-02;20,7;;;jah
1990-03-03;16,8;;;jah
1990-03-04;12,6;;;jah
1990-03-05;13,8;;;jah
1990-03-06;17,7;;;jah
1990-03-07;16,1;;;jah
1990-03-08;13,9;;;jah
1990-03-09;15,3;;;jah
1990-03-10;14,5;;;jah
1990-03-11;12,9;;;jah
1990-03-12;12;;;jah
1990-03-13;11,1;;;jah
1990-03-14;9,29;;;jah
1990-03-15;7,81;;;jah
1990-03-16;8,98;;;jah
1990-03-17;10,7;;;jah
1990-03-18;10,1;;;jah
1990-03-19;8,2;;;jah
1990-03-20;7,35;;;jah
1990-03-21;6,95;;;jah
1990-03-22;8,72;;;jah
1990-03-23;8,41;;;jah
1990-03-24;7,67;;;jah
1990-03-25;6,97;;;jah
1990-03-26;6,27;;;jah
1990-03-27;5,59;;;jah
1990-03-28;4,95;;;jah
1990-03-29;4,33;;;jah
1990-03-30;3,66;;;jah
1990-03-31;3,11;;;jah
1990-04-01;3,04;;;jah
1990-04-02;2,96;;;jah
1990-04-03;2,89;;;jah
1990-04-04;2,75;;;jah
1990-04-05;2,63;;;jah
1990-04-06;2,48;;;jah
1990-04-07;2,41;;;jah
1990-04-08;2,37;;;jah
1990-04-09;2,29;;;jah
1990-04-10;2,14;;;jah
1990-04-11;1,96;;;jah
1990-04-12;1,83;;;jah
1990-04-13;1,79;;;jah
1990-04-14;1,79;;;jah
1990-04-15;1,75;;;jah
1990-04-16;1,68;;;jah
1990-04-17;1,64;;;jah
1990-04-18;1,64;;;jah
1990-04-19;1,58;;;jah
1990-04-20;1,58;;;jah
1990-04-21;1,54;;;jah
1990-04-22;1,47;;;jah
1990-04-23;1,49;;;jah
1990-04-24;1,42;;;jah
1990-04-25;1,37;;;jah
1990-04-26;1,31;;;jah
1990-04-27;1,26;;;jah
1990-04-28;1,21;;;jah
1990-04-29;1,08;;;jah
1990-04-30;0,96;;;jah
1990-05-01;0,89;;;jah
1990-05-02;0,88;;;jah
1990-05-03;0,87;;;jah
1990-05-04;0,85;;;jah
1990-05-05;0,81;;;jah
1990-05-06;0,72;;;jah
1990-05-07;0,65;;;jah
1990-05-08;0,55;;;jah
1990-05-09;0,53;;;jah
1990-05-10;0,49;;;jah
1990-05-11;0,48;;;jah
1990-05-12;0,45;;;jah
1990-05-13;0,44;;;jah
1990-05-14;0,44;;;jah
1990-05-15;0,41;;;jah
1990-05-16;0,41;;;jah
1990-05-17;0,43;;;jah
1990-05-18;0,43;;;jah
1990-05-19;0,45;;;jah
1990-05-20;0,45;;;jah
1990-05-21;0,45;;;jah
1990-05-22;0,44;;;jah
1990-05-23;0,44;;;jah
1990-05-24;0,47;;;jah
1990-05-25;0,46;;;jah
1990-05-26;0,46;;;jah
1990-05-27;0,45;;;jah
1990-05-28;0,42;;;jah
1990-05-29;0,42;;;jah
1990-05-30;0,42;;;jah
1990-05-31;0,41;;;jah
1990-06-01;0,41;;;jah
1990-06-02;0,41;;;jah
1990-06-03;0,41;;;jah
1990-06-04;0,41;;;jah
1990-06-05;0,41;;;jah
1990-06-06;0,38;;;jah
1990-06-07;0,38;;;jah
1990-06-08;0,38;;;jah
1990-06-09;0,35;;;jah
1990-06-10;0,35;;;jah
1990-06-11;0,32;;;jah
1990-06-12;0,29;;;jah
1990-06-13;0,29;;;jah
1990-06-14;0,29;;;jah
1990-06-15;0,32;;;jah
1990-06-16;0,29;;;jah
1990-06-17;0,25;;;jah
1990-06-18;0,23;;;jah
1990-06-19;0,23;;;jah
1990-06-20;0,2;;;jah
1990-06-21;0,2;;;jah
1990-06-22;0,2;;;jah
1990-06-23;0,15;;;jah
1990-06-24;0,15;;;jah
1990-06-25;0,15;;;jah
1990-06-26;0,13;;;jah
1990-06-27;0,13;;;jah
1990-06-28;0,13;;;jah
1990-06-29;0,13;;;jah
1990-06-30;0,13;;;jah
1990-07-01;0,13;;;jah
1990-07-02;0,15;;;jah
1990-07-03;0,32;;;jah
1990-07-04;0,41;;;jah
1990-07-05;0,35;;;jah
1990-07-06;0,32;;;jah
1990-07-07;0,32;;;jah
1990-07-08;0,29;;;jah
1990-07-09;0,29;;;jah
1990-07-10;0,25;;;jah
1990-07-11;0,23;;;jah
1990-07-12;0,29;;;jah
1990-07-13;0,35;;;jah
1990-07-14;0,41;;;jah
1990-07-15;0,5;;;jah
1990-07-16;0,55;;;jah
1990-07-17;0,55;;;jah
1990-07-18;0,55;;;jah
1990-07-19;0,55;;;jah
1990-07-20;0,55;;;jah
1990-07-21;0,5;;;jah
1990-07-22;0,47;;;jah
1990-07-23;0,5;;;jah
1990-07-24;0,6;;;jah
1990-07-25;1,15;;;jah
1990-07-26;2,6;;;jah
1990-07-27;2,42;;;jah
1990-07-28;1,42;;;jah
1990-07-29;1,2;;;jah
1990-07-30;1,05;;;jah
1990-07-31;1;;;jah
1990-08-01;0,85;;;jah
1990-08-02;0,75;;;jah
1990-08-03;0,65;;;jah
1990-08-04;0,63;;;jah
1990-08-05;0,6;;;jah
1990-08-06;0,55;;;jah
1990-08-07;0,5;;;jah
1990-08-08;0,47;;;jah
1990-08-09;0,45;;;jah
1990-08-10;0,47;;;jah
1990-08-11;0,55;;;jah
1990-08-12;0,63;;;jah
1990-08-13;0,6;;;jah
1990-08-14;0,55;;;jah
1990-08-15;0,5;;;jah
1990-08-16;0,47;;;jah
1990-08-17;0,47;;;jah
1990-08-18;0,47;;;jah
1990-08-19;0,47;;;jah
1990-08-20;0,47;;;jah
1990-08-21;0,45;;;jah
1990-08-22;0,45;;;jah
1990-08-23;0,47;;;jah
1990-08-24;0,47;;;jah
1990-08-25;0,5;;;jah
1990-08-26;0,55;;;jah
1990-08-27;0,6;;;jah
1990-08-28;0,6;;;jah
1990-08-29;0,6;;;jah
1990-08-30;0,65;;;jah
1990-08-31;0,75;;;jah
1990-09-01;0,75;;;jah
1990-09-02;0,65;;;jah
1990-09-03;0,65;;;jah
1990-09-04;0,63;;;jah
1990-09-05;0,6;;;jah
1990-09-06;0,63;;;jah
1990-09-07;0,75;;;jah
1990-09-08;0,77;;;jah
1990-09-09;0,8;;;jah
1990-09-10;0,85;;;jah
1990-09-11;0,85;;;jah
1990-09-12;0,83;;;jah
1990-09-13;0,83;;;jah
1990-09-14;0,8;;;jah
1990-09-15;0,8;;;jah
1990-09-16;0,8;;;jah
1990-09-17;0,83;;;jah
1990-09-18;0,8;;;jah
1990-09-19;0,77;;;jah
1990-09-20;0,83;;;jah
1990-09-21;0,95;;;jah
1990-09-22;1,15;;;jah
1990-09-23;1,4;;;jah
1990-09-24;1,47;;;jah
1990-09-25;1,9;;;jah
1990-09-26;2,93;;;jah
1990-09-27;3,3;;;jah
1990-09-28;3;;;jah
1990-09-29;2,83;;;jah
1990-09-30;2,65;;;jah
1990-10-01;2,65;;;jah
1990-10-02;2,57;;;jah
1990-10-03;2,8;;;jah
1990-10-04;3,4;;;jah
1990-10-05;4,42;;;jah
1990-10-06;5,33;;;jah
1990-10-07;6,35;;;jah
1990-10-08;7,35;;;jah
1990-10-09;9,65;;;jah
1990-10-10;12,8;;;jah
1990-10-11;11,8;;;jah
1990-10-12;10,8;;;jah
1990-10-13;9,05;;;jah
1990-10-14;7,25;;;jah
1990-10-15;6,15;;;jah
1990-10-16;5,35;;;jah
1990-10-17;4,63;;;jah
1990-10-18;4;;;jah
1990-10-19;3,5;;;jah
1990-10-20;3,2;;;jah
1990-10-21;3;;;jah
1990-10-22;2,83;;;jah
1990-10-23;2,65;;;jah
1990-10-24;2,5;;;jah
1990-10-25;2,4;;;jah
1990-10-26;2,3;;;jah
1990-10-27;2,2;;;jah
1990-10-28;2,05;;;jah
1990-10-29;2,2;;;jah
1990-10-30;4,1;;;jah
1990-10-31;7,82;;;jah
1990-11-01;10,4;;;jah
1990-11-02;11,3;;;jah
1990-11-03;11,3;;;jah
1990-11-04;11,7;;;jah
1990-11-05;10,2;;;jah
1990-11-06;8,05;;;jah
1990-11-07;6,45;;;jah
1990-11-08;5,35;;;jah
1990-11-09;4,52;;;jah
1990-11-10;3,8;;;jah
1990-11-11;3,9;;;jah
1990-11-12;3,8;;;jah
1990-11-13;3,4;;;jah
1990-11-14;3,6;;;jah
1990-11-15;4,8;;;jah
1990-11-16;6,45;;;jah
1990-11-17;8,5;;;jah
1990-11-18;12;;;jah
1990-11-19;12,6;;;jah
1990-11-20;10,4;;;jah
1990-11-21;8,7;;;jah
1990-11-22;7,48;;;jah
1990-11-23;6,85;;;jah
1990-11-24;6,45;;;jah
1990-11-25;7,05;;;jah
1990-11-26;7,95;;;jah
1990-11-27;8,95;;;jah
1990-11-28;8,5;;;jah
1990-11-29;7,48;;;jah
1990-11-30;6,85;;;jah
1990-12-01;6,32;;;jah
1990-12-02;5,72;;;jah
1990-12-03;6,09;;;jah
1990-12-04;6,87;;;jah
1990-12-05;6,05;;;jah
1990-12-06;4,8;;;jah
1990-12-07;4,95;;;jah
1990-12-08;5,1;;;jah
1990-12-09;5,26;;;jah
1990-12-10;5,36;;;jah
1990-12-11;5,55;;;jah
1990-12-12;5,65;;;jah
1990-12-13;5,76;;;jah
1990-12-14;5,76;;;jah
1990-12-15;5,96;;;jah
1990-12-16;6,27;;;jah
1990-12-17;6,2;;;jah
1990-12-18;5,39;;;jah
1990-12-19;4,62;;;jah
1990-12-20;3,88;;;jah
1990-12-21;3,46;;;jah
1990-12-22;3,38;;;jah
1990-12-23;3,11;;;jah
1990-12-24;2,95;;;jah
1990-12-25;2,79;;;jah
1990-12-26;2,17;;;jah
1990-12-27;2,61;;;jah
1990-12-28;3,46;;;jah
1990-12-29;4,43;;;jah
1990-12-30;5,18;;;jah
1990-12-31;5,92;;;jah
1991-01-01;6,18;;;jah
1991-01-02;4,56;;;jah
1991-01-03;4,47;;;jah
1991-01-04;4,29;;;jah
1991-01-05;4,16;;;jah
1991-01-06;4,99;;;jah
1991-01-07;6,8;;;jah
1991-01-08;10,9;;;jah
1991-01-09;19,3;;;jah
1991-01-10;24,6;;;jah
1991-01-11;21,7;;;jah
1991-01-12;18,5;;;jah
1991-01-13;15,3;;;jah
1991-01-14;12,2;;;jah
1991-01-15;9,39;;;jah
1991-01-16;6,91;;;jah
1991-01-17;6,21;;;jah
1991-01-18;4,99;;;jah
1991-01-19;4,24;;;jah
1991-01-20;4,34;;;jah
1991-01-21;4,7;;;jah
1991-01-22;5,09;;;jah
1991-01-23;4,52;;;jah
1991-01-24;4,11;;;jah
1991-01-25;3,89;;;jah
1991-01-26;3,5;;;jah
1991-01-27;3,22;;;jah
1991-01-28;2,89;;;jah
1991-01-29;2,58;;;jah
1991-01-30;2,21;;;jah
1991-01-31;1,98;;;jah
1991-02-01;1,7;;;jah
1991-02-02;1,38;;;jah
1991-02-03;1,13;;;jah
1991-02-04;1,03;;;jah
1991-02-05;0,95;;;jah
1991-02-06;0,91;;;jah
1991-02-07;0,88;;;jah
1991-02-08;0,84;;;jah
1991-02-09;0,81;;;jah
1991-02-10;0,74;;;jah
1991-02-11;0,72;;;jah
1991-02-12;0,69;;;jah
1991-02-13;0,66;;;jah
1991-02-14;0,66;;;jah
1991-02-15;0,62;;;jah
1991-02-16;0,59;;;jah
1991-02-17;0,55;;;jah
1991-02-18;0,59;;;jah
1991-02-19;0,62;;;jah
1991-02-20;0,62;;;jah
1991-02-21;1,05;;;jah
1991-02-22;2,73;;;jah
1991-02-23;5,22;;;jah
1991-02-24;8,56;;;jah
1991-02-25;9,87;;;jah
1991-02-26;7,04;;;jah
1991-02-27;4,84;;;jah
1991-02-28;3,45;;;jah
1991-03-01;2,51;;;jah
1991-03-02;1,73;;;jah
1991-03-03;1,31;;;jah
1991-03-04;1,11;;;jah
1991-03-05;1,02;;;jah
1991-03-06;0,98;;;jah
1991-03-07;0,95;;;jah
1991-03-08;0,91;;;jah
1991-03-09;0,88;;;jah
1991-03-10;0,84;;;jah
1991-03-11;0,77;;;jah
1991-03-12;0,82;;;jah
1991-03-13;0,9;;;jah
1991-03-14;0,99;;;jah
1991-03-15;1,09;;;jah
1991-03-16;1,35;;;jah
1991-03-17;1,74;;;jah
1991-03-18;2,24;;;jah
1991-03-19;2,83;;;jah
1991-03-20;4,2;;;jah
1991-03-21;6,21;;;jah
1991-03-22;8,42;;;jah
1991-03-23;9,68;;;jah
1991-03-24;8,4;;;jah
1991-03-25;7,36;;;jah
1991-03-26;6,41;;;jah
1991-03-27;5,73;;;jah
1991-03-28;5,24;;;jah
1991-03-29;4,85;;;jah
1991-03-30;4,43;;;jah
1991-03-31;4,52;;;jah
1991-04-01;5,29;;;jah
1991-04-02;6,98;;;jah
1991-04-03;8,08;;;jah
1991-04-04;8,99;;;jah
1991-04-05;9,7;;;jah
1991-04-06;8,12;;;jah
1991-04-07;6,46;;;jah
1991-04-08;6,02;;;jah
1991-04-09;6,13;;;jah
1991-04-10;6,02;;;jah
1991-04-11;5,6;;;jah
1991-04-12;5;;;jah
1991-04-13;4,52;;;jah
1991-04-14;4,14;;;jah
1991-04-15;3,76;;;jah
1991-04-16;3,49;;;jah
1991-04-17;3,31;;;jah
1991-04-18;3,13;;;jah
1991-04-19;2,87;;;jah
1991-04-20;2,63;;;jah
1991-04-21;2,39;;;jah
1991-04-22;2,31;;;jah
1991-04-23;2,23;;;jah
1991-04-24;2,17;;;jah
1991-04-25;2,1;;;jah
1991-04-26;2,03;;;jah
1991-04-27;1,96;;;jah
1991-04-28;1,91;;;jah
1991-04-29;1,91;;;jah
1991-04-30;2,05;;;jah
1991-05-01;2,19;;;jah
1991-05-02;2,05;;;jah
1991-05-03;1,91;;;jah
1991-05-04;1,76;;;jah
1991-05-05;1,62;;;jah
1991-05-06;1,43;;;jah
1991-05-07;1,28;;;jah
1991-05-08;1,12;;;jah
1991-05-09;0,97;;;jah
1991-05-10;0,82;;;jah
1991-05-11;0,97;;;jah
1991-05-12;1,28;;;jah
1991-05-13;1,69;;;jah
1991-05-14;1,91;;;jah
1991-05-15;1,91;;;jah
1991-05-16;1,84;;;jah
1991-05-17;1,76;;;jah
1991-05-18;1,69;;;jah
1991-05-19;1,62;;;jah
1991-05-20;1,69;;;jah
1991-05-21;2,12;;;jah
1991-05-22;2,12;;;jah
1991-05-23;2,19;;;jah
1991-05-24;2,05;;;jah
1991-05-25;1,91;;;jah
1991-05-26;1,76;;;jah
1991-05-27;1,55;;;jah
1991-05-28;1,38;;;jah
1991-05-29;1,17;;;jah
1991-05-30;1,12;;;jah
1991-05-31;1,07;;;jah
1991-06-01;1,02;;;jah
1991-06-02;0,97;;;jah
1991-06-03;0,97;;;jah
1991-06-04;1,02;;;jah
1991-06-05;1,02;;;jah
1991-06-06;1,02;;;jah
1991-06-07;0,97;;;jah
1991-06-08;0,92;;;jah
1991-06-09;0,87;;;jah
1991-06-10;0,81;;;jah
1991-06-11;0,77;;;jah
1991-06-12;0,77;;;jah
1991-06-13;1,02;;;jah
1991-06-14;1,22;;;jah
1991-06-15;1,43;;;jah
1991-06-16;1,69;;;jah
1991-06-17;1,98;;;jah
1991-06-18;1,84;;;jah
1991-06-19;1,76;;;jah
1991-06-20;1,71;;;jah
1991-06-21;1,64;;;jah
1991-06-22;1,58;;;jah
1991-06-23;1,4;;;jah
1991-06-24;1,35;;;jah
1991-06-25;1,29;;;jah
1991-06-26;1,44;;;jah
1991-06-27;1,55;;;jah
1991-06-28;1,84;;;jah
1991-06-29;2,27;;;jah
1991-06-30;2,36;;;jah
1991-07-01;1,9;;;jah
1991-07-02;1,52;;;jah
1991-07-03;1,35;;;jah
1991-07-04;1,13;;;jah
1991-07-05;0,88;;;jah
1991-07-06;0,64;;;jah
1991-07-07;0,48;;;jah
1991-07-08;0,43;;;jah
1991-07-09;0,38;;;jah
1991-07-10;0,34;;;jah
1991-07-11;0,38;;;jah
1991-07-12;0,38;;;jah
1991-07-13;0,34;;;jah
1991-07-14;0,34;;;jah
1991-07-15;0,34;;;jah
1991-07-16;0,3;;;jah
1991-07-17;0,3;;;jah
1991-07-18;0,34;;;jah
1991-07-19;0,34;;;jah
1991-07-20;0,3;;;jah
1991-07-21;0,3;;;jah
1991-07-22;0,3;;;jah
1991-07-23;0,34;;;jah
1991-07-24;0,34;;;jah
1991-07-25;0,3;;;jah
1991-07-26;0,26;;;jah
1991-07-27;0,26;;;jah
1991-07-28;0,23;;;jah
1991-07-29;0,2;;;jah
1991-07-30;0,2;;;jah
1991-07-31;0,17;;;jah
1991-08-01;0,15;;;jah
1991-08-02;0,13;;;jah
1991-08-03;0,1;;;jah
1991-08-04;0,07;;;jah
1991-08-05;0,06;;;jah
1991-08-06;0,049;;;jah
1991-08-07;0,12;;;jah
1991-08-08;0,15;;;jah
1991-08-09;0,36;;;jah
1991-08-10;0,6;;;jah
1991-08-11;0,83;;;jah
1991-08-12;1,02;;;jah
1991-08-13;0,92;;;jah
1991-08-14;0,76;;;jah
1991-08-15;0,64;;;jah
1991-08-16;0,5;;;jah
1991-08-17;0,57;;;jah
1991-08-18;0,61;;;jah
1991-08-19;0,57;;;jah
1991-08-20;0,54;;;jah
1991-08-21;0,47;;;jah
1991-08-22;0,5;;;jah
1991-08-23;0,54;;;jah
1991-08-24;0,57;;;jah
1991-08-25;0,61;;;jah
1991-08-26;0,61;;;jah
1991-08-27;0,64;;;jah
1991-08-28;0,61;;;jah
1991-08-29;0,64;;;jah
1991-08-30;0,68;;;jah
1991-08-31;0,68;;;jah
1991-09-01;0,64;;;jah
1991-09-02;0,57;;;jah
1991-09-03;0,54;;;jah
1991-09-04;0,5;;;jah
1991-09-05;0,47;;;jah
1991-09-06;0,47;;;jah
1991-09-07;0,44;;;jah
1991-09-08;0,47;;;jah
1991-09-09;0,54;;;jah
1991-09-10;0,57;;;jah
1991-09-11;0,61;;;jah
1991-09-12;0,64;;;jah
1991-09-13;0,64;;;jah
1991-09-14;0,61;;;jah
1991-09-15;0,64;;;jah
1991-09-16;0,64;;;jah
1991-09-17;0,61;;;jah
1991-09-18;0,54;;;jah
1991-09-19;0,5;;;jah
1991-09-20;0,5;;;jah
1991-09-21;0,54;;;jah
1991-09-22;0,57;;;jah
1991-09-23;0,61;;;jah
1991-09-24;0,76;;;jah
1991-09-25;0,8;;;jah
1991-09-26;0,92;;;jah
1991-09-27;1,02;;;jah
1991-09-28;1,06;;;jah
1991-09-29;0,92;;;jah
1991-09-30;0,83;;;jah
1991-10-01;0,92;;;jah
1991-10-02;1,06;;;jah
1991-10-03;1,26;;;jah
1991-10-04;1,68;;;jah
1991-10-05;2,05;;;jah
1991-10-06;2,05;;;jah
1991-10-07;1,84;;;jah
1991-10-08;1,67;;;jah
1991-10-09;1,53;;;jah
1991-10-10;1,4;;;jah
1991-10-11;1,23;;;jah
1991-10-12;1,26;;;jah
1991-10-13;1,26;;;jah
1991-10-14;1,2;;;jah
1991-10-15;1,25;;;jah
1991-10-16;1,28;;;jah
1991-10-17;1,17;;;jah
1991-10-18;1,17;;;jah
1991-10-19;1,49;;;jah
1991-10-20;1,99;;;jah
1991-10-21;2,69;;;jah
1991-10-22;3,4;;;jah
1991-10-23;4,13;;;jah
1991-10-24;4,52;;;jah
1991-10-25;4,58;;;jah
1991-10-26;4,07;;;jah
1991-10-27;3,63;;;jah
1991-10-28;3,25;;;jah
1991-10-29;2,97;;;jah
1991-10-30;2,68;;;jah
1991-10-31;2,55;;;jah
1991-11-01;2,42;;;jah
1991-11-02;2,37;;;jah
1991-11-03;2,45;;;jah
1991-11-04;3,46;;;jah
1991-11-05;5,39;;;jah
1991-11-06;6,22;;;jah
1991-11-07;5,39;;;jah
1991-11-08;7,12;;;jah
1991-11-09;12;;;jah
1991-11-10;12;;;jah
1991-11-11;11,2;;;jah
1991-11-12;11,7;;;jah
1991-11-13;12,3;;;jah
1991-11-14;12,8;;;jah
1991-11-15;13,4;;;jah
1991-11-16;14,5;;;jah
1991-11-17;16,5;;;jah
1991-11-18;18,3;;;jah
1991-11-19;17,1;;;jah
1991-11-20;15,7;;;jah
1991-11-21;14,4;;;jah
1991-11-22;12,9;;;jah
1991-11-23;11,7;;;jah
1991-11-24;10,6;;;jah
1991-11-25;9,68;;;jah
1991-11-26;8,72;;;jah
1991-11-27;8,08;;;jah
1991-11-28;7,41;;;jah
1991-11-29;6,75;;;jah
1991-11-30;6,41;;;jah
1991-12-01;6,19;;;jah
1991-12-02;5,91;;;jah
1991-12-03;5,45;;;jah
1991-12-04;4,95;;;jah
1991-12-05;4,52;;;jah
1991-12-06;4,2;;;jah
1991-12-07;4,02;;;jah
1991-12-08;3,98;;;jah
1991-12-09;4,7;;;jah
1991-12-10;5,66;;;jah
1991-12-11;7,11;;;jah
1991-12-12;6,59;;;jah
1991-12-13;5,97;;;jah
1991-12-14;5,36;;;jah
1991-12-15;4,89;;;jah
1991-12-16;4,75;;;jah
1991-12-17;4,94;;;jah
1991-12-18;5,13;;;jah
1991-12-19;5,51;;;jah
1991-12-20;5,93;;;jah
1991-12-21;6,56;;;jah
1991-12-22;7,26;;;jah
1991-12-23;6,84;;;jah
1991-12-24;7,47;;;jah
1991-12-25;8,26;;;jah
1991-12-26;9,18;;;jah
1991-12-27;9,51;;;jah
1991-12-28;8,57;;;jah
1991-12-29;7,65;;;jah
1991-12-30;7,76;;;jah
1991-12-31;7,55;;;jah
1992-01-01;6,69;;;jah
1992-01-02;6,14;;;jah
1992-01-03;7,6;;;jah
1992-01-04;10,3;;;jah
1992-01-05;9,29;;;jah
1992-01-06;8,14;;;jah
1992-01-07;7,65;;;jah
1992-01-08;7,55;;;jah
1992-01-09;6,91;;;jah
1992-01-10;6,05;;;jah
1992-01-11;6,84;;;jah
1992-01-12;6,52;;;jah
1992-01-13;6,76;;;jah
1992-01-14;7,29;;;jah
1992-01-15;7;;;jah
1992-01-16;6,59;;;jah
1992-01-17;6,18;;;jah
1992-01-18;5,7;;;jah
1992-01-19;5,3;;;jah
1992-01-20;4,88;;;jah
1992-01-21;4,51;;;jah
1992-01-22;4,16;;;jah
1992-01-23;3,94;;;jah
1992-01-24;3,98;;;jah
1992-01-25;4,02;;;jah
1992-01-26;4,1;;;jah
1992-01-27;4,19;;;jah
1992-01-28;3,98;;;jah
1992-01-29;3,81;;;jah
1992-01-30;3,64;;;jah
1992-01-31;3,48;;;jah
1992-02-01;3,48;;;jah
1992-02-02;3,43;;;jah
1992-02-03;3,52;;;jah
1992-02-04;3,64;;;jah
1992-02-05;3,81;;;jah
1992-02-06;3,98;;;jah
1992-02-07;4,2;;;jah
1992-02-08;4,37;;;jah
1992-02-09;4,55;;;jah
1992-02-10;4,78;;;jah
1992-02-11;5,06;;;jah
1992-02-12;5,7;;;jah
1992-02-13;6,62;;;jah
1992-02-14;6,21;;;jah
1992-02-15;5,15;;;jah
1992-02-16;4,1;;;jah
1992-02-17;2,94;;;jah
1992-02-18;2,57;;;jah
1992-02-19;2,61;;;jah
1992-02-20;2,8;;;jah
1992-02-21;3,1;;;jah
1992-02-22;3,35;;;jah
1992-02-23;3,87;;;jah
1992-02-24;4,34;;;jah
1992-02-25;4,84;;;jah
1992-02-26;5,75;;;jah
1992-02-27;6,88;;;jah
1992-02-28;7,8;;;jah
1992-02-29;8,33;;;jah
1992-03-01;7,97;;;jah
1992-03-02;7,29;;;jah
1992-03-03;7,47;;;jah
1992-03-04;9,52;;;jah
1992-03-05;10,2;;;jah
1992-03-06;8,57;;;jah
1992-03-07;7,41;;;jah
1992-03-08;6,44;;;jah
1992-03-09;5,59;;;jah
1992-03-10;4,95;;;jah
1992-03-11;4,66;;;jah
1992-03-12;5,64;;;jah
1992-03-13;7,3;;;jah
1992-03-14;7,65;;;jah
1992-03-15;8,49;;;jah
1992-03-16;7,18;;;jah
1992-03-17;5,66;;;jah
1992-03-18;5,21;;;jah
1992-03-19;5,28;;;jah
1992-03-20;5,32;;;jah
1992-03-21;5,65;;;jah
1992-03-22;6,24;;;jah
1992-03-23;6,46;;;jah
1992-03-24;6,24;;;jah
1992-03-25;5,52;;;jah
1992-03-26;5,68;;;jah
1992-03-27;6,83;;;jah
1992-03-28;8,2;;;jah
1992-03-29;8,95;;;jah
1992-03-30;9,16;;;jah
1992-03-31;7,65;;;jah
1992-04-01;6,27;;;jah
1992-04-02;5,63;;;jah
1992-04-03;5,84;;;jah
1992-04-04;6,27;;;jah
1992-04-05;6,91;;;jah
1992-04-06;6,31;;;jah
1992-04-07;6,41;;;jah
1992-04-08;6,41;;;jah
1992-04-09;5,88;;;jah
1992-04-10;5,09;;;jah
1992-04-11;4,38;;;jah
1992-04-12;3,93;;;jah
1992-04-13;3,84;;;jah
1992-04-14;4,07;;;jah
1992-04-15;4,15;;;jah
1992-04-16;4,07;;;jah
1992-04-17;3,89;;;jah
1992-04-18;3,71;;;jah
1992-04-19;4,93;;;jah
1992-04-20;6,42;;;jah
1992-04-21;6,11;;;jah
1992-04-22;5,39;;;jah
1992-04-23;4,74;;;jah
1992-04-24;4,29;;;jah
1992-04-25;3,58;;;jah
1992-04-26;3,16;;;jah
1992-04-27;2,83;;;jah
1992-04-28;3,33;;;jah
1992-04-29;4,11;;;jah
1992-04-30;5,39;;;jah
1992-05-01;4,89;;;jah
1992-05-02;4,61;;;jah
1992-05-03;4,4;;;jah
1992-05-04;3,9;;;jah
1992-05-05;3,51;;;jah
1992-05-06;3,13;;;jah
1992-05-07;2,95;;;jah
1992-05-08;2,87;;;jah
1992-05-09;2,63;;;jah
1992-05-10;2,45;;;jah
1992-05-11;2,45;;;jah
1992-05-12;2,37;;;jah
1992-05-13;3,44;;;jah
1992-05-14;4,04;;;jah
1992-05-15;3,48;;;jah
1992-05-16;3,07;;;jah
1992-05-17;2,68;;;jah
1992-05-18;2,21;;;jah
1992-05-19;1,98;;;jah
1992-05-20;1,73;;;jah
1992-05-21;1,56;;;jah
1992-05-22;1,41;;;jah
1992-05-23;1,3;;;jah
1992-05-24;1,24;;;jah
1992-05-25;1,18;;;jah
1992-05-26;1,12;;;jah
1992-05-27;0,97;;;jah
1992-05-28;0,86;;;jah
1992-05-29;0,84;;;jah
1992-05-30;0,82;;;jah
1992-05-31;0,97;;;jah
1992-06-01;0,88;;;jah
1992-06-02;0,78;;;jah
1992-06-03;0,68;;;jah
1992-06-04;0,56;;;jah
1992-06-05;0,58;;;jah
1992-06-06;0,6;;;jah
1992-06-07;0,51;;;jah
1992-06-08;0,46;;;jah
1992-06-09;0,42;;;jah
1992-06-10;0,37;;;jah
1992-06-11;0,36;;;jah
1992-06-12;0,37;;;jah
1992-06-13;0,36;;;jah
1992-06-14;0,36;;;jah
1992-06-15;0,36;;;jah
1992-06-16;0,36;;;jah
1992-06-17;0,32;;;jah
1992-06-18;0,3;;;jah
1992-06-19;0,32;;;jah
1992-06-20;0,32;;;jah
1992-06-21;0,31;;;jah
1992-06-22;0,31;;;jah
1992-06-23;0,31;;;jah
1992-06-24;0,29;;;jah
1992-06-25;0,31;;;jah
1992-06-26;0,26;;;jah
1992-06-27;0,22;;;jah
1992-06-28;0,22;;;jah
1992-06-29;0,25;;;jah
1992-06-30;0,3;;;jah
1992-07-01;0,33;;;jah
1992-07-02;0,3;;;jah
1992-07-03;0,28;;;jah
1992-07-04;0,28;;;jah
1992-07-05;0,28;;;jah
1992-07-06;0,23;;;jah
1992-07-07;0,23;;;jah
1992-07-08;0,23;;;jah
1992-07-09;0,2;;;jah
1992-07-10;0,22;;;jah
1992-07-11;0,22;;;jah
1992-07-12;0,26;;;jah
1992-07-13;0,26;;;jah
1992-07-14;0,23;;;jah
1992-07-15;0,22;;;jah
1992-07-16;0,2;;;jah
1992-07-17;0,18;;;jah
1992-07-18;0,23;;;jah
1992-07-19;0,34;;;jah
1992-07-20;0,37;;;jah
1992-07-21;0,37;;;jah
1992-07-22;0,37;;;jah
1992-07-23;0,34;;;jah
1992-07-24;0,32;;;jah
1992-07-25;0,32;;;jah
1992-07-26;0,29;;;jah
1992-07-27;0,32;;;jah
1992-07-28;0,32;;;jah
1992-07-29;0,23;;;jah
1992-07-30;0,24;;;jah
1992-07-31;0,22;;;jah
1992-08-01;0,23;;;jah
1992-08-02;0,23;;;jah
1992-08-03;0,22;;;jah
1992-08-04;0,21;;;jah
1992-08-05;0,19;;;jah
1992-08-06;0,18;;;jah
1992-08-07;0,18;;;jah
1992-08-08;0,17;;;jah
1992-08-09;0,18;;;jah
1992-08-10;0,18;;;jah
1992-08-11;0,2;;;jah
1992-08-12;0,19;;;jah
1992-08-13;0,2;;;jah
1992-08-14;0,2;;;jah
1992-08-15;0,25;;;jah
1992-08-16;0,34;;;jah
1992-08-17;0,31;;;jah
1992-08-18;0,28;;;jah
1992-08-19;0,28;;;jah
1992-08-20;0,31;;;jah
1992-08-21;0,28;;;jah
1992-08-22;0,31;;;jah
1992-08-23;0,28;;;jah
1992-08-24;0,31;;;jah
1992-08-25;0,31;;;jah
1992-08-26;0,28;;;jah
1992-08-27;0,28;;;jah
1992-08-28;0,28;;;jah
1992-08-29;0,25;;;jah
1992-08-30;0,28;;;jah
1992-08-31;0,31;;;jah
1992-09-01;0,28;;;jah
1992-09-02;0,25;;;jah
1992-09-03;0,23;;;jah
1992-09-04;0,23;;;jah
1992-09-05;0,23;;;jah
1992-09-06;0,26;;;jah
1992-09-07;0,25;;;jah
1992-09-08;0,27;;;jah
1992-09-09;0,29;;;jah
1992-09-10;0,28;;;jah
1992-09-11;0,25;;;jah
1992-09-12;0,23;;;jah
1992-09-13;0,25;;;jah
1992-09-14;0,23;;;jah
1992-09-15;0,24;;;jah
1992-09-16;0,22;;;jah
1992-09-17;0,24;;;jah
1992-09-18;0,24;;;jah
1992-09-19;0,24;;;jah
1992-09-20;0,23;;;jah
1992-09-21;0,21;;;jah
1992-09-22;0,21;;;jah
1992-09-23;0,19;;;jah
1992-09-24;0,19;;;jah
1992-09-25;0,19;;;jah
1992-09-26;0,21;;;jah
1992-09-27;0,19;;;jah
1992-09-28;0,21;;;jah
1992-09-29;0,21;;;jah
1992-09-30;0,21;;;jah
1992-10-01;0,21;;;jah
1992-10-02;0,23;;;jah
1992-10-03;0,21;;;jah
1992-10-04;0,21;;;jah
1992-10-05;0,21;;;jah
1992-10-06;0,25;;;jah
1992-10-07;0,25;;;jah
1992-10-08;0,27;;;jah
1992-10-09;0,29;;;jah
1992-10-10;0,32;;;jah
1992-10-11;0,34;;;jah
1992-10-12;0,36;;;jah
1992-10-13;0,4;;;jah
1992-10-14;0,42;;;jah
1992-10-15;0,46;;;jah
1992-10-16;0,5;;;jah
1992-10-17;0,53;;;jah
1992-10-18;0,58;;;jah
1992-10-19;0,56;;;jah
1992-10-20;0,54;;;jah
1992-10-21;0,54;;;jah
1992-10-22;0,54;;;jah
1992-10-23;0,57;;;jah
1992-10-24;0,55;;;jah
1992-10-25;0,54;;;jah
1992-10-26;0,54;;;jah
1992-10-27;0,55;;;jah
1992-10-28;0,54;;;jah
1992-10-29;0,55;;;jah
1992-10-30;0,55;;;jah
1992-10-31;0,55;;;jah
1992-11-01;0,58;;;jah
1992-11-02;0,62;;;jah
1992-11-03;0,76;;;jah
1992-11-04;0,93;;;jah
1992-11-05;1,07;;;jah
1992-11-06;1,19;;;jah
1992-11-07;1,19;;;jah
1992-11-08;1,15;;;jah
1992-11-09;1,11;;;jah
1992-11-10;1,03;;;jah
1992-11-11;1;;;jah
1992-11-12;0,96;;;jah
1992-11-13;0,93;;;jah
1992-11-14;0,93;;;jah
1992-11-15;0,9;;;jah
1992-11-16;0,88;;;jah
1992-11-17;0,87;;;jah
1992-11-18;0,93;;;jah
1992-11-19;1,43;;;jah
1992-11-20;2,5;;;jah
1992-11-21;2,82;;;jah
1992-11-22;2,69;;;jah
1992-11-23;2,21;;;jah
1992-11-24;1,79;;;jah
1992-11-25;1,82;;;jah
1992-11-26;2,01;;;jah
1992-11-27;2,12;;;jah
1992-11-28;2,06;;;jah
1992-11-29;1,95;;;jah
1992-11-30;2,01;;;jah
1992-12-01;2,09;;;jah
1992-12-02;2,06;;;jah
1992-12-03;2,05;;;jah
1992-12-04;2,14;;;jah
1992-12-05;3,08;;;jah
1992-12-06;4,51;;;jah
1992-12-07;4,57;;;jah
1992-12-08;4,03;;;jah
1992-12-09;3,52;;;jah
1992-12-10;2,89;;;jah
1992-12-11;2,77;;;jah
1992-12-12;2,88;;;jah
1992-12-13;2,91;;;jah
1992-12-14;2,87;;;jah
1992-12-15;3,43;;;jah
1992-12-16;3,35;;;jah
1992-12-17;3,19;;;jah
1992-12-18;3,27;;;jah
1992-12-19;3,35;;;jah
1992-12-20;3,52;;;jah
1992-12-21;3,27;;;jah
1992-12-22;2,94;;;jah
1992-12-23;2,48;;;jah
1992-12-24;2,01;;;jah
1992-12-25;1,71;;;jah
1992-12-26;1,43;;;jah
1992-12-27;1,25;;;jah
1992-12-28;1,17;;;jah
1992-12-29;1,06;;;jah
1992-12-30;0,95;;;jah
1992-12-31;0,9;;;jah
1993-01-01;0,98;;;jah
1993-01-02;0,8;;;jah
1993-01-03;0,68;;;jah
1993-01-04;0,65;;;jah
1993-01-05;0,65;;;jah
1993-01-06;0,7;;;jah
1993-01-07;0,8;;;jah
1993-01-08;0,8;;;jah
1993-01-09;0,9;;;jah
1993-01-10;1;;;jah
1993-01-11;1;;;jah
1993-01-12;1,3;;;jah
1993-01-13;2,15;;;jah
1993-01-14;3,3;;;jah
1993-01-15;6,5;;;jah
1993-01-16;6,5;;;jah
1993-01-17;6,15;;;jah
1993-01-18;7,85;;;jah
1993-01-19;8,8;;;jah
1993-01-20;8,9;;;jah
1993-01-21;10,2;;;jah
1993-01-22;13,6;;;jah
1993-01-23;15,8;;;jah
1993-01-24;12,1;;;jah
1993-01-25;10,2;;;jah
1993-01-26;9,05;;;jah
1993-01-27;8,3;;;jah
1993-01-28;7,95;;;jah
1993-01-29;7,6;;;jah
1993-01-30;7;;;jah
1993-01-31;6,6;;;jah
1993-02-01;6,2;;;jah
1993-02-02;5;;;jah
1993-02-03;3,5;;;jah
1993-02-04;3,3;;;jah
1993-02-05;4,1;;;jah
1993-02-06;4,2;;;jah
1993-02-07;2,7;;;jah
1993-02-08;2,15;;;jah
1993-02-09;1,95;;;jah
1993-02-10;1,85;;;jah
1993-02-11;1,7;;;jah
1993-02-12;1,7;;;jah
1993-02-13;1,65;;;jah
1993-02-14;1,6;;;jah
1993-02-15;1,5;;;jah
1993-02-16;1,55;;;jah
1993-02-17;1,75;;;jah
1993-02-18;1,9;;;jah
1993-02-19;2,1;;;jah
1993-02-20;2,5;;;jah
1993-02-21;2,7;;;jah
1993-02-22;2,55;;;jah
1993-02-23;2,3;;;jah
1993-02-24;2,15;;;jah
1993-02-25;2;;;jah
1993-02-26;1,85;;;jah
1993-02-27;1,7;;;jah
1993-02-28;1,6;;;jah
1993-03-01;1,5;;;jah
1993-03-02;1,45;;;jah
1993-03-03;1,4;;;jah
1993-03-04;1,45;;;jah
1993-03-05;1,35;;;jah
1993-03-06;1,38;;;jah
1993-03-07;1,35;;;jah
1993-03-08;1,35;;;jah
1993-03-09;1,3;;;jah
1993-03-10;1,35;;;jah
1993-03-11;1,35;;;jah
1993-03-12;1,48;;;jah
1993-03-13;1,48;;;jah
1993-03-14;1,55;;;jah
1993-03-15;2,8;;;jah
1993-03-16;6;;;jah
1993-03-17;10;;;jah
1993-03-18;13;;;jah
1993-03-19;16,9;;;jah
1993-03-20;15,4;;;jah
1993-03-21;13,2;;;jah
1993-03-22;11,6;;;jah
1993-03-23;10,9;;;jah
1993-03-24;11;;;jah
1993-03-25;10,6;;;jah
1993-03-26;10,2;;;jah
1993-03-27;9,25;;;jah
1993-03-28;8,35;;;jah
1993-03-29;7,7;;;jah
1993-03-30;7,03;;;jah
1993-03-31;7,7;;;jah
1993-04-01;7,49;;;jah
1993-04-02;6,84;;;jah
1993-04-03;6,32;;;jah
1993-04-04;6,15;;;jah
1993-04-05;6,56;;;jah
1993-04-06;6,92;;;jah
1993-04-07;6,61;;;jah
1993-04-08;6,8;;;jah
1993-04-09;6,62;;;jah
1993-04-10;5,77;;;jah
1993-04-11;4,86;;;jah
1993-04-12;4,44;;;jah
1993-04-13;4,06;;;jah
1993-04-14;3,64;;;jah
1993-04-15;3,32;;;jah
1993-04-16;3,01;;;jah
1993-04-17;3,26;;;jah
1993-04-18;3,22;;;jah
1993-04-19;3,71;;;jah
1993-04-20;3,28;;;jah
1993-04-21;2,89;;;jah
1993-04-22;3,21;;;jah
1993-04-23;3,14;;;jah
1993-04-24;3,16;;;jah
1993-04-25;3,05;;;jah
1993-04-26;2,61;;;jah
1993-04-27;2,34;;;jah
1993-04-28;2,1;;;jah
1993-04-29;1,92;;;jah
1993-04-30;1,83;;;jah
1993-05-01;1,71;;;jah
1993-05-02;1,4;;;jah
1993-05-03;1,06;;;jah
1993-05-04;0,84;;;jah
1993-05-05;0,79;;;jah
1993-05-06;0,76;;;jah
1993-05-07;0,76;;;jah
1993-05-08;0,72;;;jah
1993-05-09;0,7;;;jah
1993-05-10;0,67;;;jah
1993-05-11;0,65;;;jah
1993-05-12;0,6;;;jah
1993-05-13;0,59;;;jah
1993-05-14;0,56;;;jah
1993-05-15;0,55;;;jah
1993-05-16;0,53;;;jah
1993-05-17;0,49;;;jah
1993-05-18;0,47;;;jah
1993-05-19;0,44;;;jah
1993-05-20;0,39;;;jah
1993-05-21;0,36;;;jah
1993-05-22;0,34;;;jah
1993-05-23;0,33;;;jah
1993-05-24;0,31;;;jah
1993-05-25;0,33;;;jah
1993-05-26;0,33;;;jah
1993-05-27;0,31;;;jah
1993-05-28;0,33;;;jah
1993-05-29;0,33;;;jah
1993-05-30;0,35;;;jah
1993-05-31;0,35;;;jah
1993-06-01;0,35;;;jah
1993-06-02;0,33;;;jah
1993-06-03;0,33;;;jah
1993-06-04;0,31;;;jah
1993-06-05;0,33;;;jah
1993-06-06;0,3;;;jah
1993-06-07;0,32;;;jah
1993-06-08;0,34;;;jah
1993-06-09;0,34;;;jah
1993-06-10;0,34;;;jah
1993-06-11;0,35;;;jah
1993-06-12;0,33;;;jah
1993-06-13;0,36;;;jah
1993-06-14;0,37;;;jah
1993-06-15;0,37;;;jah
1993-06-16;0,38;;;jah
1993-06-17;0,41;;;jah
1993-06-18;0,46;;;jah
1993-06-19;0,54;;;jah
1993-06-20;0,6;;;jah
1993-06-21;0,69;;;jah
1993-06-22;0,75;;;jah
1993-06-23;0,77;;;jah
1993-06-24;0,84;;;jah
1993-06-25;0,93;;;jah
1993-06-26;0,93;;;jah
1993-06-27;0,93;;;jah
1993-06-28;0,99;;;jah
1993-06-29;0,87;;;jah
1993-06-30;0,83;;;jah
1993-07-01;0,74;;;jah
1993-07-02;0,69;;;jah
1993-07-03;0,64;;;jah
1993-07-04;0,56;;;jah
1993-07-05;0,49;;;jah
1993-07-06;0,46;;;jah
1993-07-07;0,43;;;jah
1993-07-08;0,4;;;jah
1993-07-09;0,37;;;jah
1993-07-10;0,36;;;jah
1993-07-11;0,35;;;jah
1993-07-12;0,32;;;jah
1993-07-13;0,3;;;jah
1993-07-14;0,29;;;jah
1993-07-15;0,26;;;jah
1993-07-16;0,26;;;jah
1993-07-17;0,25;;;jah
1993-07-18;0,25;;;jah
1993-07-19;0,25;;;jah
1993-07-20;0,25;;;jah
1993-07-21;0,29;;;jah
1993-07-22;0,36;;;jah
1993-07-23;0,44;;;jah
1993-07-24;0,56;;;jah
1993-07-25;0,7;;;jah
1993-07-26;0,81;;;jah
1993-07-27;0,84;;;jah
1993-07-28;0,84;;;jah
1993-07-29;0,81;;;jah
1993-07-30;0,71;;;jah
1993-07-31;0,64;;;jah
1993-08-01;0,59;;;jah
1993-08-02;0,51;;;jah
1993-08-03;0,44;;;jah
1993-08-04;0,38;;;jah
1993-08-05;0,34;;;jah
1993-08-06;0,31;;;jah
1993-08-07;0,29;;;jah
1993-08-08;0,29;;;jah
1993-08-09;0,28;;;jah
1993-08-10;0,28;;;jah
1993-08-11;0,3;;;jah
1993-08-12;0,32;;;jah
1993-08-13;0,33;;;jah
1993-08-14;0,35;;;jah
1993-08-15;0,35;;;jah
1993-08-16;0,38;;;jah
1993-08-17;0,4;;;jah
1993-08-18;0,44;;;jah
1993-08-19;0,47;;;jah
1993-08-20;0,5;;;jah
1993-08-21;0,5;;;jah
1993-08-22;0,56;;;jah
1993-08-23;0,58;;;jah
1993-08-24;0,62;;;jah
1993-08-25;0,67;;;jah
1993-08-26;0,72;;;jah
1993-08-27;0,75;;;jah
1993-08-28;0,7;;;jah
1993-08-29;0,73;;;jah
1993-08-30;0,68;;;jah
1993-08-31;0,68;;;jah
1993-09-01;0,62;;;jah
1993-09-02;0,58;;;jah
1993-09-03;0,54;;;jah
1993-09-04;0,5;;;jah
1993-09-05;0,48;;;jah
1993-09-06;0,44;;;jah
1993-09-07;0,42;;;jah
1993-09-08;0,42;;;jah
1993-09-09;0,4;;;jah
1993-09-10;0,42;;;jah
1993-09-11;0,45;;;jah
1993-09-12;0,43;;;jah
1993-09-13;0,43;;;jah
1993-09-14;0,45;;;jah
1993-09-15;0,47;;;jah
1993-09-16;0,49;;;jah
1993-09-17;0,52;;;jah
1993-09-18;0,58;;;jah
1993-09-19;0,65;;;jah
1993-09-20;0,76;;;jah
1993-09-21;0,85;;;jah
1993-09-22;0,88;;;jah
1993-09-23;0,95;;;jah
1993-09-24;1,02;;;jah
1993-09-25;0,98;;;jah
1993-09-26;0,94;;;jah
1993-09-27;0,9;;;jah
1993-09-28;0,84;;;jah
1993-09-29;0,8;;;jah
1993-09-30;0,76;;;jah
1993-10-01;0,73;;;jah
1993-10-02;0,71;;;jah
1993-10-03;0,67;;;jah
1993-10-04;0,69;;;jah
1993-10-05;0,7;;;jah
1993-10-06;0,79;;;jah
1993-10-07;0,82;;;jah
1993-10-08;0,85;;;jah
1993-10-09;0,91;;;jah
1993-10-10;0,98;;;jah
1993-10-11;1,06;;;jah
1993-10-12;1,07;;;jah
1993-10-13;1,11;;;jah
1993-10-14;1,08;;;jah
1993-10-15;1,21;;;jah
1993-10-16;1,32;;;jah
1993-10-17;1,34;;;jah
1993-10-18;1,44;;;jah
1993-10-19;1,51;;;jah
1993-10-20;1,51;;;jah
1993-10-21;1,58;;;jah
1993-10-22;1,55;;;jah
1993-10-23;1,62;;;jah
1993-10-24;1,63;;;jah
1993-10-25;1,59;;;jah
1993-10-26;1,54;;;jah
1993-10-27;1,46;;;jah
1993-10-28;1,4;;;jah
1993-10-29;1,35;;;jah
1993-10-30;1,37;;;jah
1993-10-31;1,37;;;jah
1993-11-01;1,26;;;jah
1993-11-02;1,25;;;jah
1993-11-03;1,16;;;jah
1993-11-04;1,06;;;jah
1993-11-05;0,96;;;jah
1993-11-06;0,87;;;jah
1993-11-07;0,83;;;jah
1993-11-08;0,78;;;jah
1993-11-09;0,73;;;jah
1993-11-10;0,64;;;jah
1993-11-11;0,59;;;jah
1993-11-12;0,53;;;jah
1993-11-13;0,49;;;jah
1993-11-14;0,45;;;jah
1993-11-15;0,41;;;jah
1993-11-16;0,38;;;jah
1993-11-17;0,35;;;jah
1993-11-18;0,33;;;jah
1993-11-19;0,32;;;jah
1993-11-20;0,33;;;jah
1993-11-21;0,32;;;jah
1993-11-22;0,29;;;jah
1993-11-23;0,28;;;jah
1993-11-24;0,29;;;jah
1993-11-25;0,29;;;jah
1993-11-26;0,27;;;jah
1993-11-27;0,26;;;jah
1993-11-28;0,28;;;jah
1993-11-29;0,28;;;jah
1993-11-30;0,26;;;jah
1993-12-01;0,25;;;jah
1993-12-02;0,26;;;jah
1993-12-03;0,26;;;jah
1993-12-04;0,29;;;jah
1993-12-05;0,29;;;jah
1993-12-06;0,31;;;jah
1993-12-07;0,33;;;jah
1993-12-08;0,33;;;jah
1993-12-09;0,38;;;jah
1993-12-10;0,4;;;jah
1993-12-11;0,44;;;jah
1993-12-12;0,48;;;jah
1993-12-13;0,52;;;jah
1993-12-14;0,48;;;jah
1993-12-15;0,56;;;jah
1993-12-16;0,61;;;jah
1993-12-17;0,71;;;jah
1993-12-18;1,23;;;jah
1993-12-19;2,32;;;jah
1993-12-20;3,75;;;jah
1993-12-21;4,78;;;jah
1993-12-22;4,39;;;jah
1993-12-23;3,83;;;jah
1993-12-24;3,09;;;jah
1993-12-25;2,64;;;jah
1993-12-26;1,73;;;jah
1993-12-27;1,54;;;jah
1993-12-28;1,46;;;jah
1993-12-29;1,6;;;jah
1993-12-30;1,79;;;jah
1993-12-31;2,03;;;jah
1994-01-01;1,4;;;jah
1994-01-02;1,35;;;jah
1994-01-03;1,3;;;jah
1994-01-04;1,25;;;jah
1994-01-05;1,25;;;jah
1994-01-06;1,2;;;jah
1994-01-07;1,2;;;jah
1994-01-08;1,15;;;jah
1994-01-09;1,17;;;jah
1994-01-10;1,1;;;jah
1994-01-11;1,1;;;jah
1994-01-12;1,17;;;jah
1994-01-13;2,65;;;jah
1994-01-14;6,5;;;jah
1994-01-15;15,7;;;jah
1994-01-16;22,8;;;jah
1994-01-17;22,1;;;jah
1994-01-18;10,9;;;jah
1994-01-19;6,4;;;jah
1994-01-20;3,85;;;jah
1994-01-21;2,5;;;jah
1994-01-22;9,68;;;jah
1994-01-23;7,67;;;jah
1994-01-24;6,13;;;jah
1994-01-25;5,2;;;jah
1994-01-26;4,33;;;jah
1994-01-27;3,67;;;jah
1994-01-28;3,04;;;jah
1994-01-29;2,63;;;jah
1994-01-30;2,23;;;jah
1994-01-31;1,94;;;jah
1994-02-01;1,8;;;jah
1994-02-02;1,52;;;jah
1994-02-03;1,4;;;jah
1994-02-04;1,25;;;jah
1994-02-05;1,15;;;jah
1994-02-06;1,05;;;jah
1994-02-07;0,95;;;jah
1994-02-08;0,85;;;jah
1994-02-09;0,75;;;jah
1994-02-10;0,7;;;jah
1994-02-11;0,65;;;jah
1994-02-12;0,6;;;jah
1994-02-13;0,5;;;jah
1994-02-14;0,45;;;jah
1994-02-15;0,43;;;jah
1994-02-16;0,4;;;jah
1994-02-17;0,38;;;jah
1994-02-18;0,35;;;jah
1994-02-19;0,33;;;jah
1994-02-20;0,3;;;jah
1994-02-21;0,28;;;jah
1994-02-22;0,28;;;jah
1994-02-23;0,25;;;jah
1994-02-24;0,25;;;jah
1994-02-25;0,25;;;jah
1994-02-26;0,23;;;jah
1994-02-27;0,23;;;jah
1994-02-28;0,2;;;jah
1994-03-01;0,2;;;jah
1994-03-02;0,2;;;jah
1994-03-03;0,19;;;jah
1994-03-04;0,19;;;jah
1994-03-05;0,19;;;jah
1994-03-06;0,19;;;jah
1994-03-07;0,19;;;jah
1994-03-08;0,35;;;jah
1994-03-09;2,01;;;jah
1994-03-10;4,71;;;jah
1994-03-11;7,22;;;jah
1994-03-12;11;;;jah
1994-03-13;12,8;;;jah
1994-03-14;13,5;;;jah
1994-03-15;12,4;;;jah
1994-03-16;11,2;;;jah
1994-03-17;8,1;;;jah
1994-03-18;5,75;;;jah
1994-03-19;4,37;;;jah
1994-03-20;3,95;;;jah
1994-03-21;3,7;;;jah
1994-03-22;3,18;;;jah
1994-03-23;2,72;;;jah
1994-03-24;7,37;;;jah
1994-03-25;15,4;;;jah
1994-03-26;9,25;;;jah
1994-03-27;5,65;;;jah
1994-03-28;4,7;;;jah
1994-03-29;4,1;;;jah
1994-03-30;4,45;;;jah
1994-03-31;9,08;;;jah
1994-04-01;17,3;;;jah
1994-04-02;33,5;;;jah
1994-04-03;44,2;;;jah
1994-04-04;43;;;jah
1994-04-05;28,6;;;jah
1994-04-06;19,9;;;jah
1994-04-07;19;;;jah
1994-04-08;24,1;;;jah
1994-04-09;21,2;;;jah
1994-04-10;17;;;jah
1994-04-11;14;;;jah
1994-04-12;11,5;;;jah
1994-04-13;10,5;;;jah
1994-04-14;10,2;;;jah
1994-04-15;9,56;;;jah
1994-04-16;8,72;;;jah
1994-04-17;7,78;;;jah
1994-04-18;6,79;;;jah
1994-04-19;6,13;;;jah
1994-04-20;5,6;;;jah
1994-04-21;6,13;;;jah
1994-04-22;5,6;;;jah
1994-04-23;5,2;;;jah
1994-04-24;4,8;;;jah
1994-04-25;4,33;;;jah
1994-04-26;3,85;;;jah
1994-04-27;3,67;;;jah
1994-04-28;3,67;;;jah
1994-04-29;3,58;;;jah
1994-04-30;3,58;;;jah
1994-05-01;4,04;;;jah
1994-05-02;3,91;;;jah
1994-05-03;3,56;;;jah
1994-05-04;3,18;;;jah
1994-05-05;2,7;;;jah
1994-05-06;2,39;;;jah
1994-05-07;2,2;;;jah
1994-05-08;2,01;;;jah
1994-05-09;1,83;;;jah
1994-05-10;1,67;;;jah
1994-05-11;1,53;;;jah
1994-05-12;1,34;;;jah
1994-05-13;1,29;;;jah
1994-05-14;1,17;;;jah
1994-05-15;1,13;;;jah
1994-05-16;1,08;;;jah
1994-05-17;1,08;;;jah
1994-05-18;1,08;;;jah
1994-05-19;1,12;;;jah
1994-05-20;1,16;;;jah
1994-05-21;1,55;;;jah
1994-05-22;1,55;;;jah
1994-05-23;1,44;;;jah
1994-05-24;1,37;;;jah
1994-05-25;1,31;;;jah
1994-05-26;1,16;;;jah
1994-05-27;1,08;;;jah
1994-05-28;1,16;;;jah
1994-05-29;1,12;;;jah
1994-05-30;1,05;;;jah
1994-05-31;1,05;;;jah
1994-06-01;1,05;;;jah
1994-06-02;1,11;;;jah
1994-06-03;1,16;;;jah
1994-06-04;1,13;;;jah
1994-06-05;1,07;;;jah
1994-06-06;1,12;;;jah
1994-06-07;1,13;;;jah
1994-06-08;1,11;;;jah
1994-06-09;1,03;;;jah
1994-06-10;1,04;;;jah
1994-06-11;0,97;;;jah
1994-06-12;0,97;;;jah
1994-06-13;0,88;;;jah
1994-06-14;0,87;;;jah
1994-06-15;0,83;;;jah
1994-06-16;0,83;;;jah
1994-06-17;0,86;;;jah
1994-06-18;0,89;;;jah
1994-06-19;0,92;;;jah
1994-06-20;1,03;;;jah
1994-06-21;0,97;;;jah
1994-06-22;0,88;;;jah
1994-06-23;1,19;;;jah
1994-06-24;1,88;;;jah
1994-06-25;2,12;;;jah
1994-06-26;1,84;;;jah
1994-06-27;1,48;;;jah
1994-06-28;1,3;;;jah
1994-06-29;0,99;;;jah
1994-06-30;0,82;;;jah
1994-07-01;0,75;;;jah
1994-07-02;0,7;;;jah
1994-07-03;0,66;;;jah
1994-07-04;0,59;;;jah
1994-07-05;0,55;;;jah
1994-07-06;0,52;;;jah
1994-07-07;0,49;;;jah
1994-07-08;0,48;;;jah
1994-07-09;0,47;;;jah
1994-07-10;0,47;;;jah
1994-07-11;0,46;;;jah
1994-07-12;0,41;;;jah
1994-07-13;0,38;;;jah
1994-07-14;0,29;;;jah
1994-07-15;0,25;;;jah
1994-07-16;0,24;;;jah
1994-07-17;0,22;;;jah
1994-07-18;0,22;;;jah
1994-07-19;0,19;;;jah
1994-07-20;0,2;;;jah
1994-07-21;0,21;;;jah
1994-07-22;0,23;;;jah
1994-07-23;0,3;;;jah
1994-07-24;0,39;;;jah
1994-07-25;0,37;;;jah
1994-07-26;0,35;;;jah
1994-07-27;0,38;;;jah
1994-07-28;0,31;;;jah
1994-07-29;0,26;;;jah
1994-07-30;0,24;;;jah
1994-07-31;0,2;;;jah
1994-08-01;0,19;;;jah
1994-08-02;0,2;;;jah
1994-08-03;0,23;;;jah
1994-08-04;0,24;;;jah
1994-08-05;0,25;;;jah
1994-08-06;0,25;;;jah
1994-08-07;0,25;;;jah
1994-08-08;0,26;;;jah
1994-08-09;0,27;;;jah
1994-08-10;0,27;;;jah
1994-08-11;0,3;;;jah
1994-08-12;0,36;;;jah
1994-08-13;0,39;;;jah
1994-08-14;0,44;;;jah
1994-08-15;0,5;;;jah
1994-08-16;0,55;;;jah
1994-08-17;0,57;;;jah
1994-08-18;0,62;;;jah
1994-08-19;0,59;;;jah
1994-08-20;0,53;;;jah
1994-08-21;0,51;;;jah
1994-08-22;0,47;;;jah
1994-08-23;0,43;;;jah
1994-08-24;0,4;;;jah
1994-08-25;0,41;;;jah
1994-08-26;0,39;;;jah
1994-08-27;0,37;;;jah
1994-08-28;0,37;;;jah
1994-08-29;0,4;;;jah
1994-08-30;0,38;;;jah
1994-08-31;0,44;;;jah
1994-09-01;0,51;;;jah
1994-09-02;0,55;;;jah
1994-09-03;0,58;;;jah
1994-09-04;0,64;;;jah
1994-09-05;0,7;;;jah
1994-09-06;0,76;;;jah
1994-09-07;0,82;;;jah
1994-09-08;0,84;;;jah
1994-09-09;0,91;;;jah
1994-09-10;0,97;;;jah
1994-09-11;1,01;;;jah
1994-09-12;0,99;;;jah
1994-09-13;1,07;;;jah
1994-09-14;1,17;;;jah
1994-09-15;1,17;;;jah
1994-09-16;1,27;;;jah
1994-09-17;1,41;;;jah
1994-09-18;1,5;;;jah
1994-09-19;1,53;;;jah
1994-09-20;1,63;;;jah
1994-09-21;1,65;;;jah
1994-09-22;1,75;;;jah
1994-09-23;1,83;;;jah
1994-09-24;1,92;;;jah
1994-09-25;1,89;;;jah
1994-09-26;1,92;;;jah
1994-09-27;1,95;;;jah
1994-09-28;2,1;;;jah
1994-09-29;2,19;;;jah
1994-09-30;2,41;;;jah
1994-10-01;2,9;;;jah
1994-10-02;4,98;;;jah
1994-10-03;7,34;;;jah
1994-10-04;9,64;;;jah
1994-10-05;11;;;jah
1994-10-06;11,3;;;jah
1994-10-07;10,8;;;jah
1994-10-08;10,1;;;jah
1994-10-09;9,32;;;jah
1994-10-10;8,74;;;jah
1994-10-11;8,03;;;jah
1994-10-12;7,08;;;jah
1994-10-13;6,43;;;jah
1994-10-14;6,07;;;jah
1994-10-15;5,55;;;jah
1994-10-16;4,45;;;jah
1994-10-17;3,53;;;jah
1994-10-18;3,15;;;jah
1994-10-19;3,15;;;jah
1994-10-20;2,93;;;jah
1994-10-21;2,79;;;jah
1994-10-22;2,79;;;jah
1994-10-23;3;;;jah
1994-10-24;3,3;;;jah
1994-10-25;3,98;;;jah
1994-10-26;4,45;;;jah
1994-10-27;4,61;;;jah
1994-10-28;5,04;;;jah
1994-10-29;5,38;;;jah
1994-10-30;5,64;;;jah
1994-10-31;6,52;;;jah
1994-11-01;7,74;;;jah
1994-11-02;9,36;;;jah
1994-11-03;10,1;;;jah
1994-11-04;8,88;;;jah
1994-11-05;8,1;;;jah
1994-11-06;8,04;;;jah
1994-11-07;7,45;;;jah
1994-11-08;5,84;;;jah
1994-11-09;5,39;;;jah
1994-11-10;4,94;;;jah
1994-11-11;3,94;;;jah
1994-11-12;3,39;;;jah
1994-11-13;3,39;;;jah
1994-11-14;4,51;;;jah
1994-11-15;5,75;;;jah
1994-11-16;6,11;;;jah
1994-11-17;5,39;;;jah
1994-11-18;4,76;;;jah
1994-11-19;4,76;;;jah
1994-11-20;4,67;;;jah
1994-11-21;6,95;;;jah
1994-11-22;9,92;;;jah
1994-11-23;9,71;;;jah
1994-11-24;8,33;;;jah
1994-11-25;7,41;;;jah
1994-11-26;5,74;;;jah
1994-11-27;4,99;;;jah
1994-11-28;4,79;;;jah
1994-11-29;4,87;;;jah
1994-11-30;5,05;;;jah
1994-12-01;4,87;;;jah
1994-12-02;3,89;;;jah
1994-12-03;3,56;;;jah
1994-12-04;3,27;;;jah
1994-12-05;3,44;;;jah
1994-12-06;3,39;;;jah
1994-12-07;3,78;;;jah
1994-12-08;5,39;;;jah
1994-12-09;6,76;;;jah
1994-12-10;8,13;;;jah
1994-12-11;10,3;;;jah
1994-12-12;11,2;;;jah
1994-12-13;11,2;;;jah
1994-12-14;10,5;;;jah
1994-12-15;8,23;;;jah
1994-12-16;6,26;;;jah
1994-12-17;5,43;;;jah
1994-12-18;4,93;;;jah
1994-12-19;4,47;;;jah
1994-12-20;4,21;;;jah
1994-12-21;4,01;;;jah
1994-12-22;4,01;;;jah
1994-12-23;4,06;;;jah
1994-12-24;4,22;;;jah
1994-12-25;4,31;;;jah
1994-12-26;4,06;;;jah
1994-12-27;3,81;;;jah
1994-12-28;3,98;;;jah
1994-12-29;5,78;;;jah
1994-12-30;10,6;;;jah
1994-12-31;16,7;;;jah
1995-01-01;11,7;;;jah
1995-01-02;10,6;;;jah
1995-01-03;9,38;;;jah
1995-01-04;7,78;;;jah
1995-01-05;6,64;;;jah
1995-01-06;5,79;;;jah
1995-01-07;5;;;jah
1995-01-08;4,48;;;jah
1995-01-09;4,07;;;jah
1995-01-10;3,84;;;jah
1995-01-11;3,64;;;jah
1995-01-12;3,4;;;jah
1995-01-13;3,19;;;jah
1995-01-14;2,86;;;jah
1995-01-15;2,77;;;jah
1995-01-16;2,39;;;jah
1995-01-17;1,88;;;jah
1995-01-18;1,48;;;jah
1995-01-19;1,17;;;jah
1995-01-20;0,99;;;jah
1995-01-21;0,9;;;jah
1995-01-22;0,86;;;jah
1995-01-23;0,84;;;jah
1995-01-24;0,96;;;jah
1995-01-25;0,96;;;jah
1995-01-26;1,01;;;jah
1995-01-27;1,07;;;jah
1995-01-28;0,99;;;jah
1995-01-29;0,96;;;jah
1995-01-30;0,89;;;jah
1995-01-31;0,95;;;jah
1995-02-01;1,16;;;jah
1995-02-02;1,72;;;jah
1995-02-03;1,98;;;jah
1995-02-04;2,23;;;jah
1995-02-05;2,66;;;jah
1995-02-06;3,16;;;jah
1995-02-07;4,35;;;jah
1995-02-08;4,69;;;jah
1995-02-09;4,42;;;jah
1995-02-10;4,1;;;jah
1995-02-11;3,76;;;jah
1995-02-12;3,39;;;jah
1995-02-13;3,36;;;jah
1995-02-14;4,18;;;jah
1995-02-15;6,31;;;jah
1995-02-16;13,2;;;jah
1995-02-17;25,1;;;jah
1995-02-18;34,8;;;jah
1995-02-19;33,2;;;jah
1995-02-20;27,1;;;jah
1995-02-21;22,5;;;jah
1995-02-22;17,9;;;jah
1995-02-23;15,9;;;jah
1995-02-24;14,7;;;jah
1995-02-25;13,4;;;jah
1995-02-26;12;;;jah
1995-02-27;10,4;;;jah
1995-02-28;9,81;;;jah
1995-03-01;12,7;;;jah
1995-03-02;17,2;;;jah
1995-03-03;17,2;;;jah
1995-03-04;15,3;;;jah
1995-03-05;13,6;;;jah
1995-03-06;12,3;;;jah
1995-03-07;11,2;;;jah
1995-03-08;10,3;;;jah
1995-03-09;9,65;;;jah
1995-03-10;9,17;;;jah
1995-03-11;8,97;;;jah
1995-03-12;8,82;;;jah
1995-03-13;7,69;;;jah
1995-03-14;6,36;;;jah
1995-03-15;5,41;;;jah
1995-03-16;4,82;;;jah
1995-03-17;4,56;;;jah
1995-03-18;4,46;;;jah
1995-03-19;4,9;;;jah
1995-03-20;6,28;;;jah
1995-03-21;6,76;;;jah
1995-03-22;6,8;;;jah
1995-03-23;6,3;;;jah
1995-03-24;6,12;;;jah
1995-03-25;6,16;;;jah
1995-03-26;6,63;;;jah
1995-03-27;7,96;;;jah
1995-03-28;8,24;;;jah
1995-03-29;7,68;;;jah
1995-03-30;6,76;;;jah
1995-03-31;5,69;;;jah
1995-04-01;5,33;;;jah
1995-04-02;5,54;;;jah
1995-04-03;5,74;;;jah
1995-04-04;5,88;;;jah
1995-04-05;5,53;;;jah
1995-04-06;5,59;;;jah
1995-04-07;5,91;;;jah
1995-04-08;6,55;;;jah
1995-04-09;6,86;;;jah
1995-04-10;6,16;;;jah
1995-04-11;5,79;;;jah
1995-04-12;5,41;;;jah
1995-04-13;5,03;;;jah
1995-04-14;4,63;;;jah
1995-04-15;4,12;;;jah
1995-04-16;3,86;;;jah
1995-04-17;3,67;;;jah
1995-04-18;3,37;;;jah
1995-04-19;3,29;;;jah
1995-04-20;3,02;;;jah
1995-04-21;2,77;;;jah
1995-04-22;2,52;;;jah
1995-04-23;2,26;;;jah
1995-04-24;2,05;;;jah
1995-04-25;1,91;;;jah
1995-04-26;1,84;;;jah
1995-04-27;1,71;;;jah
1995-04-28;1,62;;;jah
1995-04-29;1,61;;;jah
1995-04-30;1,78;;;jah
1995-05-01;2,16;;;jah
1995-05-02;2,09;;;jah
1995-05-03;2,07;;;jah
1995-05-04;2,08;;;jah
1995-05-05;2,14;;;jah
1995-05-06;2,02;;;jah
1995-05-07;2,23;;;jah
1995-05-08;1,89;;;jah
1995-05-09;1,59;;;jah
1995-05-10;1,51;;;jah
1995-05-11;1,54;;;jah
1995-05-12;1,4;;;jah
1995-05-13;1,29;;;jah
1995-05-14;1,28;;;jah
1995-05-15;1,29;;;jah
1995-05-16;1,3;;;jah
1995-05-17;1,43;;;jah
1995-05-18;1,46;;;jah
1995-05-19;1,46;;;jah
1995-05-20;1,37;;;jah
1995-05-21;1,34;;;jah
1995-05-22;1,8;;;jah
1995-05-23;1,74;;;jah
1995-05-24;1,83;;;jah
1995-05-25;1,55;;;jah
1995-05-26;1,43;;;jah
1995-05-27;1,37;;;jah
1995-05-28;1,34;;;jah
1995-05-29;1,12;;;jah
1995-05-30;1,04;;;jah
1995-05-31;1,01;;;jah
1995-06-01;1,09;;;jah
1995-06-02;1,13;;;jah
1995-06-03;1,16;;;jah
1995-06-04;4,26;;;jah
1995-06-05;6,64;;;jah
1995-06-06;8,65;;;jah
1995-06-07;13,6;;;jah
1995-06-08;15;;;jah
1995-06-09;12,4;;;jah
1995-06-10;9,68;;;jah
1995-06-11;6,68;;;jah
1995-06-12;6,09;;;jah
1995-06-13;9,8;;;jah
1995-06-14;10,5;;;jah
1995-06-15;8,73;;;jah
1995-06-16;6,39;;;jah
1995-06-17;5,11;;;jah
1995-06-18;2,1;;;jah
1995-06-19;1,8;;;jah
1995-06-20;1,88;;;jah
1995-06-21;2,04;;;jah
1995-06-22;2,01;;;jah
1995-06-23;1,83;;;jah
1995-06-24;1,86;;;jah
1995-06-25;1,66;;;jah
1995-06-26;1,55;;;jah
1995-06-27;1,41;;;jah
1995-06-28;1,29;;;jah
1995-06-29;1,16;;;jah
1995-06-30;1,11;;;jah
1995-07-01;1,05;;;jah
1995-07-02;1,01;;;jah
1995-07-03;0,95;;;jah
1995-07-04;0,93;;;jah
1995-07-05;0,86;;;jah
1995-07-06;0,92;;;jah
1995-07-07;0,93;;;jah
1995-07-08;0,82;;;jah
1995-07-09;0,81;;;jah
1995-07-10;0,78;;;jah
1995-07-11;0,71;;;jah
1995-07-12;0,62;;;jah
1995-07-13;0,57;;;jah
1995-07-14;0,63;;;jah
1995-07-15;0,59;;;jah
1995-07-16;0,56;;;jah
1995-07-17;0,54;;;jah
1995-07-18;0,53;;;jah
1995-07-19;0,59;;;jah
1995-07-20;0,68;;;jah
1995-07-21;0,7;;;jah
1995-07-22;0,7;;;jah
1995-07-23;0,64;;;jah
1995-07-24;0,58;;;jah
1995-07-25;0,53;;;jah
1995-07-26;0,51;;;jah
1995-07-27;0,45;;;jah
1995-07-28;0,4;;;jah
1995-07-29;0,37;;;jah
1995-07-30;0,35;;;jah
1995-07-31;0,33;;;jah
1995-08-01;0,33;;;jah
1995-08-02;0,33;;;jah
1995-08-03;0,3;;;jah
1995-08-04;0,28;;;jah
1995-08-05;0,26;;;jah
1995-08-06;0,26;;;jah
1995-08-07;0,27;;;jah
1995-08-08;0,29;;;jah
1995-08-09;0,28;;;jah
1995-08-10;0,29;;;jah
1995-08-11;0,29;;;jah
1995-08-12;0,31;;;jah
1995-08-13;0,32;;;jah
1995-08-14;0,3;;;jah
1995-08-15;0,3;;;jah
1995-08-16;0,28;;;jah
1995-08-17;0,26;;;jah
1995-08-18;0,26;;;jah
1995-08-19;0,27;;;jah
1995-08-20;0,26;;;jah
1995-08-21;0,24;;;jah
1995-08-22;0,22;;;jah
1995-08-23;0,22;;;jah
1995-08-24;0,23;;;jah
1995-08-25;0,23;;;jah
1995-08-26;0,23;;;jah
1995-08-27;0,23;;;jah
1995-08-28;0,27;;;jah
1995-08-29;0,28;;;jah
1995-08-30;0,31;;;jah
1995-08-31;0,32;;;jah
1995-09-01;0,26;;;jah
1995-09-02;0,23;;;jah
1995-09-03;0,23;;;jah
1995-09-04;0,21;;;jah
1995-09-05;0,22;;;jah
1995-09-06;0,23;;;jah
1995-09-07;0,26;;;jah
1995-09-08;0,26;;;jah
1995-09-09;0,26;;;jah
1995-09-10;0,26;;;jah
1995-09-11;0,27;;;jah
1995-09-12;0,27;;;jah
1995-09-13;0,27;;;jah
1995-09-14;0,26;;;jah
1995-09-15;0,26;;;jah
1995-09-16;0,27;;;jah
1995-09-17;0,25;;;jah
1995-09-18;0,24;;;jah
1995-09-19;0,25;;;jah
1995-09-20;0,25;;;jah
1995-09-21;0,27;;;jah
1995-09-22;0,3;;;jah
1995-09-23;0,31;;;jah
1995-09-24;0,36;;;jah
1995-09-25;0,4;;;jah
1995-09-26;0,45;;;jah
1995-09-27;0,74;;;jah
1995-09-28;1,48;;;jah
1995-09-29;2,1;;;jah
1995-09-30;2,63;;;jah
1995-10-01;3,19;;;jah
1995-10-02;3,82;;;jah
1995-10-03;3,81;;;jah
1995-10-04;3,53;;;jah
1995-10-05;3,49;;;jah
1995-10-06;3,16;;;jah
1995-10-07;2,94;;;jah
1995-10-08;2,72;;;jah
1995-10-09;2,57;;;jah
1995-10-10;2,4;;;jah
1995-10-11;2,17;;;jah
1995-10-12;2,11;;;jah
1995-10-13;2,13;;;jah
1995-10-14;2,18;;;jah
1995-10-15;2,25;;;jah
1995-10-16;2,35;;;jah
1995-10-17;2,48;;;jah
1995-10-18;2,73;;;jah
1995-10-19;3,01;;;jah
1995-10-20;3,37;;;jah
1995-10-21;3,36;;;jah
1995-10-22;3,04;;;jah
1995-10-23;2,72;;;jah
1995-10-24;2,47;;;jah
1995-10-25;2,55;;;jah
1995-10-26;2,36;;;jah
1995-10-27;2,25;;;jah
1995-10-28;2,45;;;jah
1995-10-29;2,93;;;jah
1995-10-30;3;;;jah
1995-10-31;3,28;;;jah
1995-11-01;2,42;;;jah
1995-11-02;2,12;;;jah
1995-11-03;1,78;;;jah
1995-11-04;1,59;;;jah
1995-11-05;1,51;;;jah
1995-11-06;1,45;;;jah
1995-11-07;1,36;;;jah
1995-11-08;1,26;;;jah
1995-11-09;1,18;;;jah
1995-11-10;1,07;;;jah
1995-11-11;1,23;;;jah
1995-11-12;1,21;;;jah
1995-11-13;1,39;;;jah
1995-11-14;1,54;;;jah
1995-11-15;1,76;;;jah
1995-11-16;1,99;;;jah
1995-11-17;2,1;;;jah
1995-11-18;2,38;;;jah
1995-11-19;3;;;jah
1995-11-20;3,33;;;jah
1995-11-21;3,66;;;jah
1995-11-22;3,97;;;jah
1995-11-23;4,58;;;jah
1995-11-24;5,25;;;jah
1995-11-25;6,84;;;jah
1995-11-26;7,9;;;jah
1995-11-27;8,01;;;jah
1995-11-28;7,56;;;jah
1995-11-29;5,54;;;jah
1995-11-30;4,23;;;jah
1995-12-01;3,72;;;jah
1995-12-02;3,12;;;jah
1995-12-03;2,76;;;jah
1995-12-04;2,66;;;jah
1995-12-05;2,58;;;jah
1995-12-06;2,29;;;jah
1995-12-07;1,86;;;jah
1995-12-08;1,62;;;jah
1995-12-09;1,5;;;jah
1995-12-10;1,45;;;jah
1995-12-11;1,59;;;jah
1995-12-12;1,4;;;jah
1995-12-13;1,28;;;jah
1995-12-14;1,19;;;jah
1995-12-15;1,11;;;jah
1995-12-16;1,03;;;jah
1995-12-17;0,97;;;jah
1995-12-18;0,87;;;jah
1995-12-19;0,78;;;jah
1995-12-20;0,72;;;jah
1995-12-21;0,69;;;jah
1995-12-22;0,65;;;jah
1995-12-23;0,6;;;jah
1995-12-24;0,56;;;jah
1995-12-25;0,58;;;jah
1995-12-26;0,52;;;jah
1995-12-27;0,49;;;jah
1995-12-28;0,43;;;jah
1995-12-29;0,39;;;jah
1995-12-30;0,39;;;jah
1995-12-31;0,41;;;jah
1996-01-01;0,73;;;jah
1996-01-02;0,67;;;jah
1996-01-03;0,63;;;jah
1996-01-04;0,62;;;jah
1996-01-05;0,65;;;jah
1996-01-06;0,64;;;jah
1996-01-07;0,66;;;jah
1996-01-08;0,65;;;jah
1996-01-09;0,64;;;jah
1996-01-10;0,65;;;jah
1996-01-11;0,61;;;jah
1996-01-12;0,66;;;jah
1996-01-13;0,67;;;jah
1996-01-14;0,67;;;jah
1996-01-15;0,67;;;jah
1996-01-16;0,71;;;jah
1996-01-17;0,72;;;jah
1996-01-18;0,65;;;jah
1996-01-19;0,61;;;jah
1996-01-20;0,58;;;jah
1996-01-21;0,56;;;jah
1996-01-22;0,54;;;jah
1996-01-23;0,49;;;jah
1996-01-24;0,43;;;jah
1996-01-25;0,4;;;jah
1996-01-26;0,37;;;jah
1996-01-27;0,38;;;jah
1996-01-28;0,4;;;jah
1996-01-29;0,44;;;jah
1996-01-30;0,41;;;jah
1996-01-31;0,4;;;jah
1996-02-01;0,43;;;jah
1996-02-02;0,43;;;jah
1996-02-03;0,42;;;jah
1996-02-04;0,39;;;jah
1996-02-05;0,39;;;jah
1996-02-06;0,39;;;jah
1996-02-07;0,37;;;jah
1996-02-08;0,35;;;jah
1996-02-09;0,32;;;jah
1996-02-10;0,3;;;jah
1996-02-11;0,29;;;jah
1996-02-12;0,27;;;jah
1996-02-13;0,28;;;jah
1996-02-14;0,25;;;jah
1996-02-15;0,27;;;jah
1996-02-16;0,28;;;jah
1996-02-17;0,3;;;jah
1996-02-18;0,31;;;jah
1996-02-19;0,33;;;jah
1996-02-20;0,33;;;jah
1996-02-21;0,34;;;jah
1996-02-22;0,29;;;jah
1996-02-23;0,28;;;jah
1996-02-24;0,3;;;jah
1996-02-25;0,32;;;jah
1996-02-26;0,3;;;jah
1996-02-27;0,36;;;jah
1996-02-28;0,4;;;jah
1996-02-29;0,41;;;jah
1996-03-01;0,41;;;jah
1996-03-02;0,38;;;jah
1996-03-03;0,37;;;jah
1996-03-04;0,34;;;jah
1996-03-05;0,34;;;jah
1996-03-06;0,35;;;jah
1996-03-07;0,34;;;jah
1996-03-08;0,35;;;jah
1996-03-09;0,37;;;jah
1996-03-10;0,35;;;jah
1996-03-11;0,35;;;jah
1996-03-12;0,37;;;jah
1996-03-13;0,36;;;jah
1996-03-14;0,39;;;jah
1996-03-15;0,37;;;jah
1996-03-16;0,38;;;jah
1996-03-17;0,41;;;jah
1996-03-18;0,38;;;jah
1996-03-19;0,37;;;jah
1996-03-20;0,34;;;jah
1996-03-21;0,34;;;jah
1996-03-22;0,36;;;jah
1996-03-23;0,36;;;jah
1996-03-24;0,38;;;jah
1996-03-25;0,39;;;jah
1996-03-26;0,41;;;jah
1996-03-27;0,41;;;jah
1996-03-28;0,41;;;jah
1996-03-29;0,42;;;jah
1996-03-30;0,44;;;jah
1996-03-31;0,4;;;jah
1996-04-01;0,42;;;jah
1996-04-02;0,45;;;jah
1996-04-03;0,48;;;jah
1996-04-04;0,51;;;jah
1996-04-05;0,58;;;jah
1996-04-06;0,67;;;jah
1996-04-07;0,78;;;jah
1996-04-08;1,5;;;jah
1996-04-09;2,61;;;jah
1996-04-10;3,5;;;jah
1996-04-11;3,84;;;jah
1996-04-12;4,21;;;jah
1996-04-13;4,95;;;jah
1996-04-14;6,39;;;jah
1996-04-15;10;;;jah
1996-04-16;16;;;jah
1996-04-17;23,6;;;jah
1996-04-18;29,8;;;jah
1996-04-19;27,8;;;jah
1996-04-20;26;;;jah
1996-04-21;21,4;;;jah
1996-04-22;17,9;;;jah
1996-04-23;15;;;jah
1996-04-24;12,2;;;jah
1996-04-25;9,17;;;jah
1996-04-26;7,7;;;jah
1996-04-27;6,86;;;jah
1996-04-28;6,43;;;jah
1996-04-29;5,81;;;jah
1996-04-30;5,37;;;jah
1996-05-01;4,46;;;jah
1996-05-02;3,97;;;jah
1996-05-03;3,79;;;jah
1996-05-04;5,08;;;jah
1996-05-05;7,4;;;jah
1996-05-06;8,56;;;jah
1996-05-07;7,75;;;jah
1996-05-08;6,87;;;jah
1996-05-09;5,68;;;jah
1996-05-10;4,7;;;jah
1996-05-11;3,93;;;jah
1996-05-12;3,42;;;jah
1996-05-13;2,96;;;jah
1996-05-14;2,6;;;jah
1996-05-15;2,04;;;jah
1996-05-16;1,77;;;jah
1996-05-17;1,5;;;jah
1996-05-18;1,37;;;jah
1996-05-19;1,26;;;jah
1996-05-20;1,26;;;jah
1996-05-21;1,23;;;jah
1996-05-22;1,18;;;jah
1996-05-23;1,22;;;jah
1996-05-24;1,24;;;jah
1996-05-25;1,59;;;jah
1996-05-26;2,39;;;jah
1996-05-27;2,29;;;jah
1996-05-28;2,03;;;jah
1996-05-29;1,74;;;jah
1996-05-30;1,59;;;jah
1996-05-31;1,55;;;jah
1996-06-01;1,5;;;jah
1996-06-02;1,48;;;jah
1996-06-03;1,39;;;jah
1996-06-04;1,34;;;jah
1996-06-05;1,22;;;jah
1996-06-06;1,17;;;jah
1996-06-07;1,16;;;jah
1996-06-08;1,08;;;jah
1996-06-09;0,98;;;jah
1996-06-10;0,9;;;jah
1996-06-11;0,8;;;jah
1996-06-12;0,74;;;jah
1996-06-13;0,6;;;jah
1996-06-14;0,6;;;jah
1996-06-15;0,5;;;jah
1996-06-16;0,41;;;jah
1996-06-17;0,38;;;jah
1996-06-18;0,34;;;jah
1996-06-19;0,34;;;jah
1996-06-20;0,35;;;jah
1996-06-21;0,35;;;jah
1996-06-22;0,36;;;jah
1996-06-23;0,33;;;jah
1996-06-24;0,32;;;jah
1996-06-25;0,32;;;jah
1996-06-26;0,34;;;jah
1996-06-27;0,33;;;jah
1996-06-28;0,33;;;jah
1996-06-29;0,37;;;jah
1996-06-30;0,37;;;jah
1996-07-01;0,4;;;jah
1996-07-02;0,46;;;jah
1996-07-03;0,43;;;jah
1996-07-04;0,42;;;jah
1996-07-05;0,42;;;jah
1996-07-06;0,57;;;jah
1996-07-07;0,8;;;jah
1996-07-08;0,68;;;jah
1996-07-09;0,97;;;jah
1996-07-10;2,06;;;jah
1996-07-11;3,04;;;jah
1996-07-12;3,42;;;jah
1996-07-13;5,08;;;jah
1996-07-14;6,96;;;jah
1996-07-15;6,3;;;jah
1996-07-16;5,01;;;jah
1996-07-17;3,99;;;jah
1996-07-18;2,76;;;jah
1996-07-19;1,96;;;jah
1996-07-20;1,54;;;jah
1996-07-21;1,24;;;jah
1996-07-22;0,96;;;jah
1996-07-23;0,8;;;jah
1996-07-24;0,61;;;jah
1996-07-25;0,54;;;jah
1996-07-26;0,52;;;jah
1996-07-27;0,49;;;jah
1996-07-28;0,48;;;jah
1996-07-29;0,46;;;jah
1996-07-30;0,42;;;jah
1996-07-31;0,37;;;jah
1996-08-01;0,36;;;jah
1996-08-02;0,36;;;jah
1996-08-03;0,33;;;jah
1996-08-04;0,3;;;jah
1996-08-05;0,31;;;jah
1996-08-06;0,27;;;jah
1996-08-07;0,26;;;jah
1996-08-08;0,25;;;jah
1996-08-09;0,25;;;jah
1996-08-10;0,24;;;jah
1996-08-11;0,25;;;jah
1996-08-12;0,27;;;jah
1996-08-13;0,26;;;jah
1996-08-14;0,28;;;jah
1996-08-15;0,25;;;jah
1996-08-16;0,22;;;jah
1996-08-17;0,22;;;jah
1996-08-18;0,22;;;jah
1996-08-19;0,19;;;jah
1996-08-20;0,15;;;jah
1996-08-21;0,14;;;jah
1996-08-22;0,14;;;jah
1996-08-23;0,11;;;jah
1996-08-24;0,12;;;jah
1996-08-25;0,13;;;jah
1996-08-26;0,12;;;jah
1996-08-27;0,15;;;jah
1996-08-28;0,13;;;jah
1996-08-29;0,12;;;jah
1996-08-30;0,12;;;jah
1996-08-31;0,12;;;jah
1996-09-01;0,19;;;jah
1996-09-02;0,2;;;jah
1996-09-03;0,2;;;jah
1996-09-04;0,23;;;jah
1996-09-05;0,22;;;jah
1996-09-06;0,22;;;jah
1996-09-07;0,27;;;jah
1996-09-08;0,26;;;jah
1996-09-09;0,26;;;jah
1996-09-10;0,25;;;jah
1996-09-11;0,25;;;jah
1996-09-12;0,25;;;jah
1996-09-13;0,28;;;jah
1996-09-14;0,28;;;jah
1996-09-15;0,26;;;jah
1996-09-16;0,25;;;jah
1996-09-17;0,26;;;jah
1996-09-18;0,26;;;jah
1996-09-19;0,23;;;jah
1996-09-20;0,24;;;jah
1996-09-21;0,24;;;jah
1996-09-22;0,23;;;jah
1996-09-23;0,2;;;jah
1996-09-24;0,21;;;jah
1996-09-25;0,23;;;jah
1996-09-26;0,21;;;jah
1996-09-27;0,21;;;jah
1996-09-28;0,19;;;jah
1996-09-29;0,16;;;jah
1996-09-30;0,16;;;jah
1996-10-01;0,17;;;jah
1996-10-02;0,16;;;jah
1996-10-03;0,2;;;jah
1996-10-04;0,27;;;jah
1996-10-05;0,32;;;jah
1996-10-06;0,36;;;jah
1996-10-07;0,38;;;jah
1996-10-08;0,37;;;jah
1996-10-09;0,37;;;jah
1996-10-10;0,41;;;jah
1996-10-11;0,41;;;jah
1996-10-12;0,39;;;jah
1996-10-13;0,42;;;jah
1996-10-14;0,43;;;jah
1996-10-15;0,45;;;jah
1996-10-16;0,42;;;jah
1996-10-17;0,4;;;jah
1996-10-18;0,43;;;jah
1996-10-19;0,47;;;jah
1996-10-20;0,57;;;jah
1996-10-21;0,61;;;jah
1996-10-22;0,63;;;jah
1996-10-23;0,64;;;jah
1996-10-24;0,63;;;jah
1996-10-25;0,6;;;jah
1996-10-26;0,6;;;jah
1996-10-27;0,63;;;jah
1996-10-28;0,6;;;jah
1996-10-29;0,6;;;jah
1996-10-30;0,62;;;jah
1996-10-31;0,68;;;jah
1996-11-01;0,85;;;jah
1996-11-02;1,21;;;jah
1996-11-03;1,52;;;jah
1996-11-04;1,74;;;jah
1996-11-05;1,87;;;jah
1996-11-06;2,33;;;jah
1996-11-07;4,21;;;jah
1996-11-08;5,11;;;jah
1996-11-09;5;;;jah
1996-11-10;5,49;;;jah
1996-11-11;5,97;;;jah
1996-11-12;5,82;;;jah
1996-11-13;6,14;;;jah
1996-11-14;6,43;;;jah
1996-11-15;6,28;;;jah
1996-11-16;6,23;;;jah
1996-11-17;6,22;;;jah
1996-11-18;6,44;;;jah
1996-11-19;6,56;;;jah
1996-11-20;6,62;;;jah
1996-11-21;6,65;;;jah
1996-11-22;6,83;;;jah
1996-11-23;6,88;;;jah
1996-11-24;6,87;;;jah
1996-11-25;6,92;;;jah
1996-11-26;6,3;;;jah
1996-11-27;5,92;;;jah
1996-11-28;5,47;;;jah
1996-11-29;4,86;;;jah
1996-11-30;5,05;;;jah
1996-12-01;5,23;;;jah
1996-12-02;5,34;;;jah
1996-12-03;5,39;;;jah
1996-12-04;4,94;;;jah
1996-12-05;4,35;;;jah
1996-12-06;4,03;;;jah
1996-12-07;3,49;;;jah
1996-12-08;2,88;;;jah
1996-12-09;2,39;;;jah
1996-12-10;2,24;;;jah
1996-12-11;2,38;;;jah
1996-12-12;2,56;;;jah
1996-12-13;2,72;;;jah
1996-12-14;2,73;;;jah
1996-12-15;2,69;;;jah
1996-12-16;2,63;;;jah
1996-12-17;2,64;;;jah
1996-12-18;2,6;;;jah
1996-12-19;1,96;;;jah
1996-12-20;1,87;;;jah
1996-12-21;1,81;;;jah
1996-12-22;1,84;;;jah
1996-12-23;1,88;;;jah
1996-12-24;1,82;;;jah
1996-12-25;1,88;;;jah
1996-12-26;1,84;;;jah
1996-12-27;1,78;;;jah
1996-12-28;1,74;;;jah
1996-12-29;1,75;;;jah
1996-12-30;1,66;;;jah
1996-12-31;1,68;;;jah
2006-10-06;;;12,7;jah
2006-10-07;;;12,5;jah
2006-10-08;;;12,7;jah
2006-10-09;;;12,2;jah
2006-10-10;;;11,7;jah
2006-10-11;;;11;jah
2006-10-12;;;10,4;jah
2006-10-13;;;9,6;jah
2006-10-14;;;9,1;jah
2006-10-15;;;9;jah
2006-10-16;;;8,8;jah
2006-10-17;;;8,8;jah
2006-10-18;;;8,9;jah
2006-10-19;;;8,8;jah
2006-10-20;;;8,3;jah
2006-10-21;;;7,9;jah
2006-10-22;;;8,3;jah
2006-10-23;;;9,2;jah
2006-10-24;;;10;jah
2006-10-25;;;10,4;jah
2006-10-26;;;9,3;jah
2006-10-27;;;9,6;jah
2006-10-28;;;8,6;jah
2006-10-29;;;6,5;jah
2006-10-30;;;4,4;jah
2006-10-31;;;4,5;jah
2006-11-01;;;6,2;jah
2006-11-02;;;5,2;jah
2006-11-03;;;3,1;jah
2006-11-04;;;1,8;jah
2006-11-05;;;1;jah
2006-11-06;;;0,6;jah
2006-11-07;;;1,1;jah
2006-11-08;;;2,3;jah
2006-11-09;;;2,2;jah
2006-11-10;;;2,1;jah
2006-11-11;;;1,6;jah
2006-11-12;;;1,5;jah
2006-11-13;;;1,8;jah
2006-11-14;;;2;jah
2006-11-15;;136;2,8;jah
2006-11-16;;148;3,5;jah
2006-11-17;;142;3,7;jah
2006-11-18;;141;4,5;jah
2006-11-19;;140;5,2;jah
2006-11-20;;141;5,1;jah
2006-11-21;;155;5,1;jah
2006-11-22;;148;5,3;jah
2006-11-23;;140;5,4;jah
2006-11-24;;144;5,5;jah
2006-11-25;;156;6,1;jah
2006-11-26;;149;6,4;jah
2006-11-27;;141;6,3;jah
2006-11-28;;136;6,1;jah
2006-11-29;;133;6,3;jah
2006-11-30;;131;6,5;jah
2006-12-01;;130;6,5;jah
2006-12-02;;128;6,4;jah
2006-12-03;;131;6,5;jah
2006-12-04;;139;6,3;jah
2006-12-05;;154;6,1;jah
2006-12-06;;173;7;jah
2006-12-07;;190;7,4;jah
2006-12-08;;169;6,6;jah
2006-12-09;;154;6,2;jah
2006-12-10;;143;6,3;jah
2006-12-11;;136;5,8;jah
2006-12-12;;150;5,1;jah
2006-12-13;;164;5,3;jah
2006-12-14;;164;5,5;jah
2006-12-15;;158;6,3;jah
2006-12-16;;150;5,9;jah
2006-12-17;;154;4,9;jah
2006-12-18;;148;3,4;jah
2006-12-19;;138;2,1;jah
2006-12-20;;135;1,7;jah
2006-12-21;;139;2,1;jah
2006-12-22;;141;2,5;jah
2006-12-23;;140;2,4;jah
2006-12-24;;137;2,6;jah
2006-12-25;;133;1,9;jah
2006-12-26;;129;1,2;jah
2006-12-27;;128;1,3;jah
2006-12-28;;127;1,5;jah
2006-12-29;;125;0,9;jah
2006-12-30;;123;0,7;jah
2006-12-31;;124;1,3;jah
2007-01-01;6,58;139;2;jah
2007-01-02;15,8;186;3,1;jah
2007-01-03;16,3;189;2,9;jah
2007-01-04;12,1;167;2,2;jah
2007-01-05;13,1;173;3,1;jah
2007-01-06;13,4;174;3,3;jah
2007-01-07;12,8;171;3,2;jah
2007-01-08;11,6;165;3,4;jah
2007-01-09;12,8;171;4,1;jah
2007-01-10;14,9;181;4,8;jah
2007-01-11;20;207;4,7;jah
2007-01-12;22,6;220;3,1;jah
2007-01-13;19,5;205;2,2;jah
2007-01-14;22,2;218;2,2;jah
2007-01-15;27,6;244;2,5;jah
2007-01-16;26,2;237;3;jah
2007-01-17;21;212;2,8;jah
2007-01-18;18,4;199;2,8;jah
2007-01-19;18,1;198;2,7;jah
2007-01-20;14,5;180;1,7;jah
2007-01-21;11,5;164;0,6;jah
2007-01-22;9,37;153;0,1;jah
2007-01-23;12,7;170;0;jah
2007-01-24;14,5;179;0;jah
2007-01-25;15,2;183;0;jah
2007-01-26;18,3;199;0;jah
2007-01-27;14,9;182;0;jah
2007-01-28;14,1;177;0;jah
2007-01-29;10,5;159;0;jah
2007-01-30;7,12;141;0;jah
2007-01-31;5,29;132;0;jah
2007-02-01;4,36;127;0;jah
2007-02-02;3,93;125;0;jah
2007-02-03;7,13;141;0;jah
2007-02-04;9,42;153;0;jah
2007-02-05;8,13;147;0;jah
2007-02-06;6,73;139;0;jah
2007-02-07;5,47;133;0;jah
2007-02-08;4,43;127;0;jah
2007-02-09;3,67;123;0;jah
2007-02-10;3,16;120;0;jah
2007-02-11;2,83;118;0;jah
2007-02-12;2,65;117;0;jah
2007-02-13;2,52;116;0;jah
2007-02-14;2,44;116;0;jah
2007-02-15;2,35;115;0;jah
2007-02-16;2,25;115;0;jah
2007-02-17;2,17;114;0;jah
2007-02-18;2,18;114;0;jah
2007-02-19;2,19;114;0;jah
2007-02-20;2,13;114;0;jah
2007-02-21;2,03;113;0;jah
2007-02-22;1,92;112;0;jah
2007-02-23;1,85;112;0;jah
2007-02-24;1,82;111;0;jah
2007-02-25;1,82;111;0;jah
2007-02-26;1,83;111;0;jah
2007-02-27;1,82;111;0;jah
2007-02-28;1,8;111;0;jah
2007-03-01;1,42;111;0;jah
2007-03-02;1,28;113;0;jah
2007-03-03;2,29;123;0;jah
2007-03-04;2,43;125;0;jah
2007-03-05;2,39;125;0;jah
2007-03-06;2,15;123;0;jah
2007-03-07;2,62;127;0;jah
2007-03-08;5,75;154;0;jah
2007-03-09;10,1;189;0;jah
2007-03-10;12,5;207;0;jah
2007-03-11;14,3;221;0;jah
2007-03-12;18,3;247;0,1;jah
2007-03-13;16,2;229;0,4;jah
2007-03-14;13,1;204;0,6;jah
2007-03-15;10,7;183;0,8;jah
2007-03-16;9,81;173;1,3;jah
2007-03-17;9,47;167;1,1;jah
2007-03-18;11,8;179;0,9;jah
2007-03-19;18,6;214;1;jah
2007-03-20;17,4;204;1,2;jah
2007-03-21;13,4;181;2,1;jah
2007-03-22;11,6;171;2,9;jah
2007-03-23;9,84;161;3,5;jah
2007-03-24;8,15;151;3,9;jah
2007-03-25;6,82;143;4,1;jah
2007-03-26;5,83;137;4,2;jah
2007-03-27;5,25;134;4,6;jah
2007-03-28;4,93;132;4,9;jah
2007-03-29;4,47;129;5,2;jah
2007-03-30;4,13;127;5,3;jah
2007-03-31;3,88;126;5,4;jah
2007-04-01;3,56;124;5,1;jah
2007-04-02;3,34;122;5,2;jah
2007-04-03;3,26;122;5,7;jah
2007-04-04;3,11;121;4,8;jah
2007-04-05;2,96;120;4,7;jah
2007-04-06;2,82;119;4,3;jah
2007-04-07;2,6;118;4;jah
2007-04-08;2,47;117;3,6;jah
2007-04-09;2,39;116;3,5;jah
2007-04-10;2,28;115;3,5;jah
2007-04-11;2,26;115;4,1;jah
2007-04-12;2,15;114;5;jah
2007-04-13;2,06;114;5,8;jah
2007-04-14;2,01;113;7,1;jah
2007-04-15;1,93;113;7,9;jah
2007-04-16;1,86;112;8,7;jah
2007-04-17;1,82;112;9,6;jah
2007-04-18;1,79;111;9,9;jah
2007-04-19;1,74;111;9,1;jah
2007-04-20;2,6;117;8,2;jah
2007-04-21;3,64;123;6,5;jah
2007-04-22;3,94;125;6;jah
2007-04-23;3,63;123;6;jah
2007-04-24;3,94;125;6,4;jah
2007-04-25;3,7;123;7,7;jah
2007-04-26;3,36;122;9,7;jah
2007-04-27;3,23;121;10,6;jah
2007-04-28;3,51;122;10,3;jah
2007-04-29;3,06;120;9,1;jah
2007-04-30;2,75;118;8,1;jah
2007-05-01;2,46;116;7,3;jah
2007-05-02;2,32;115;6,6;jah
2007-05-03;2,35;115;6,6;jah
2007-05-04;2,27;115;7,2;jah
2007-05-05;2,15;114;7,8;jah
2007-05-06;2;113;8,8;jah
2007-05-07;1,86;112;9,7;jah
2007-05-08;1,87;112;9,7;jah
2007-05-09;1,82;111;9,9;jah
2007-05-10;1,72;111;10,4;jah
2007-05-11;1,79;111;10,3;jah
2007-05-12;1,81;111;10,3;jah
2007-05-13;1,63;110;10,7;jah
2007-05-14;1,55;109;11,1;jah
2007-05-15;1,73;111;11,7;jah
2007-05-16;2,01;113;11,6;jah
2007-05-17;1,79;112;12,3;jah
2007-05-18;1,52;110;13,1;jah
2007-05-19;1,2;107;13,6;jah
2007-05-20;0,931;104;14,6;jah
2007-05-21;0,798;102;14,8;jah
2007-05-22;0,729;101;15,8;jah
2007-05-23;0,704;101;16,6;jah
2007-05-24;0,772;102;16,1;jah
2007-05-25;0,603;100;15,9;jah
2007-05-26;0,544;99;16,7;jah
2007-05-27;0,473;97;17,5;jah
2007-05-28;0,245;92;18,7;jah
2007-05-29;0,233;92;19,6;jah
2007-05-30;0,443;97;19,2;jah
2007-05-31;0,631;101;19,6;jah
2007-06-01;0,551;100;19,3;jah
2007-06-02;0,501;99;17,6;jah
2007-06-03;0,444;98;17,6;jah
2007-06-04;0,388;97;18;jah
2007-06-05;0,356;96;18,7;jah
2007-06-06;0,332;96;19,1;jah
2007-06-07;0,299;95;19,5;jah
2007-06-08;0,277;95;19,2;jah
2007-06-09;0,25;94;19,1;jah
2007-06-10;0,426;98;19,2;jah
2007-06-11;0,329;96;19,7;jah
2007-06-12;0,183;92;19,1;jah
2007-06-13;0,137;90;19,3;jah
2007-06-14;0,139;90;18,8;jah
2007-06-15;0,151;91;18;jah
2007-06-16;0,145;91;17,1;jah
2007-06-17;0,173;92;16,4;jah
2007-06-18;0,181;93;16,2;jah
2007-06-19;0,223;95;16,5;jah
2007-06-20;0,207;94;16,5;jah
2007-06-21;0,204;94;16,5;jah
2007-06-22;0,199;94;16,9;jah
2007-06-23;0,192;94;16,9;jah
2007-06-24;0,2;95;17,3;jah
2007-06-25;0,213;95;17,2;jah
2007-06-26;0,197;95;17,5;jah
2007-06-27;0,253;97;17,3;jah
2007-06-28;0,276;98;16,3;jah
2007-06-29;0,283;98;15,8;jah
2007-06-30;0,276;98;16,4;jah
2007-07-01;0,262;97;16,9;jah
2007-07-02;0,243;97;17,4;jah
2007-07-03;0,221;96;18,2;jah
2007-07-04;0,34;98;18,6;jah
2007-07-05;0,587;105;18,5;jah
2007-07-06;0,288;98;19,3;jah
2007-07-07;0,216;96;18,7;jah
2007-07-08;0,226;96;18,6;jah
2007-07-09;0,233;96;18,3;jah
2007-07-10;0,199;95;18,1;jah
2007-07-11;0,239;97;17,5;jah
2007-07-12;0,359;100;17,4;jah
2007-07-13;0,348;100;18;jah
2007-07-14;0,382;101;18;jah
2007-07-15;0,283;98;18,6;jah
2007-07-16;0,251;97;18,4;jah
2007-07-17;0,266;98;18,8;jah
2007-07-18;0,225;96;19,3;jah
2007-07-19;0,202;95;19;jah
2007-07-20;0,189;95;18,3;jah
2007-07-21;0,172;94;17,7;jah
2007-07-22;0,136;92;17,2;jah
2007-07-23;0,139;92;17,1;jah
2007-07-24;0,148;93;17,6;jah
2007-07-25;0,162;93;17,7;jah
2007-07-26;0,197;95;18,1;jah
2007-07-27;0,257;97;17,8;jah
2007-07-28;0,286;98;18;jah
2007-07-29;0,293;98;17,6;jah
2007-07-30;0,303;98;16,8;jah
2007-07-31;0,322;99;16,1;jah
2007-08-01;0,395;101;16,9;jah
2007-08-02;0,248;97;17;jah
2007-08-03;0,245;96;17,3;jah
2007-08-04;0,215;95;17,4;jah
2007-08-05;0,233;96;17,6;jah
2007-08-06;0,281;98;17,7;jah
2007-08-07;0,171;93;18,1;jah
2007-08-08;0,173;94;18,9;jah
2007-08-09;0,203;95;19,4;jah
2007-08-10;0,247;96;19,3;jah
2007-08-11;0,266;97;19;jah
2007-08-12;0,284;98;19,5;jah
2007-08-13;0,284;98;20;jah
2007-08-14;0,29;98;20,5;jah
2007-08-15;0,423;102;20;jah
2007-08-16;0,517;104;20,8;jah
2007-08-17;0,551;104;20,5;jah
2007-08-18;0,542;104;19,3;jah
2007-08-19;0,477;103;18,5;jah
2007-08-20;0,397;101;18,2;jah
2007-08-21;0,358;100;18,3;jah
2007-08-22;0,354;100;19;jah
2007-08-23;0,316;99;19,4;jah
2007-08-24;0,329;99;20;jah
2007-08-25;0,298;98;19,7;jah
2007-08-26;0,27;97;18,5;jah
2007-08-27;0,263;97;17;jah
2007-08-28;0,315;98;15,3;jah
2007-08-29;0,421;101;14,7;jah
2007-08-30;0,469;102;13,9;jah
2007-08-31;0,493;103;13,4;jah
2007-09-01;0,488;102;13;jah
2007-09-02;0,55;103;12,7;jah
2007-09-03;0,63;105;13,5;jah
2007-09-04;0,705;106;13,2;jah
2007-09-05;0,677;105;12,7;jah
2007-09-06;0,619;104;12,6;jah
2007-09-07;0,613;104;12,6;jah
2007-09-08;0,56;103;12,5;jah
2007-09-09;0,529;102;12,3;jah
2007-09-10;0,513;101;11,9;jah
2007-09-11;0,492;101;12;jah
2007-09-12;0,481;100;12,1;jah
2007-09-13;0,496;100;12;jah
2007-09-14;0,389;98;11,4;jah
2007-09-15;0,436;99;11,6;jah
2007-09-16;0,455;99;10,8;jah
2007-09-17;0,498;100;11,2;jah
2007-09-18;0,603;101;11,5;jah
2007-09-19;1,04;107;11,7;jah
2007-09-20;1,51;112;11,1;jah
2007-09-21;1,94;115;11,5;jah
2007-09-22;2;116;11,9;jah
2007-09-23;1,65;113;11,7;jah
2007-09-24;1,36;110;11,6;jah
2007-09-25;1,2;109;11,9;jah
2007-09-26;1,12;108;12,1;jah
2007-09-27;1,02;107;12;jah
2007-09-28;0,966;106;12,2;jah
2007-09-29;0,935;105;12,6;jah
2007-09-30;1,04;107;13;jah
2007-10-01;1,34;110;13,1;jah
2007-10-02;1,49;111;12,9;jah
2007-10-03;1,6;112;12,6;jah
2007-10-04;2,2;117;12,5;jah
2007-10-05;2,19;117;12,2;jah
2007-10-06;1,92;115;11,8;jah
2007-10-07;1,77;113;11,2;jah
2007-10-08;1,77;113;10,6;jah
2007-10-09;1,97;115;10;jah
2007-10-10;2,03;115;9,3;jah
2007-10-11;2,05;115;8,2;jah
2007-10-12;3,27;123;7,9;jah
2007-10-13;5,56;137;6,9;jah
2007-10-14;4,03;128;6,1;jah
2007-10-15;4,82;132;6,7;jah
2007-10-16;6,06;139;8;jah
2007-10-17;5,05;134;9;jah
2007-10-18;6,58;142;9,3;jah
2007-10-19;6,43;141;8,1;jah
2007-10-20;5,25;134;6,6;jah
2007-10-21;4,28;129;5,4;jah
2007-10-22;3,65;125;4,3;jah
2007-10-23;3,26;122;3,5;jah
2007-10-24;3;121;3,2;jah
2007-10-25;2,84;120;3,5;jah
2007-10-26;2,73;119;4,2;jah
2007-10-27;2,61;118;4,9;jah
2007-10-28;2,48;117;5,7;jah
2007-10-29;2,51;117;6,6;jah
2007-10-30;2,41;117;7,3;jah
2007-10-31;2,37;116;7,4;jah
2007-11-01;2,48;117;7,2;jah
2007-11-02;3;121;6,7;jah
2007-11-03;3,2;122;5,3;jah
2007-11-04;4,75;131;4,2;jah
2007-11-05;4,23;128;3,3;jah
2007-11-06;3,91;126;3,2;jah
2007-11-07;4,09;127;2,9;jah
2007-11-08;4,58;130;3,2;jah
2007-11-09;4,78;132;3,8;jah
2007-11-10;8,8;155;4,3;jah
2007-11-11;9,27;157;4,2;jah
2007-11-12;6,93;144;3,8;jah
2007-11-13;5,5;136;2,7;jah
2007-11-14;4,48;130;1,9;jah
2007-11-15;3,81;127;1,4;jah
2007-11-16;3,44;124;1,5;jah
2007-11-17;3,54;125;1,4;jah
2007-11-18;3,33;124;1,6;jah
2007-11-19;3,36;124;2,4;jah
2007-11-20;3,5;125;3,2;jah
2007-11-21;3,35;124;3,5;jah
2007-11-22;3,14;123;3,2;jah
2007-11-23;3,15;123;3,2;jah
2007-11-24;4,1;129;3;jah
2007-11-25;3,87;128;2,3;jah
2007-11-26;6,31;143;2,5;jah
2007-11-27;8,7;158;2,6;jah
2007-11-28;6,67;146;1,9;jah
2007-11-29;5,36;138;1,4;jah
2007-11-30;7,59;152;1,7;jah
2007-12-01;6,86;147;1;jah
2007-12-02;5,19;137;0,7;jah
2007-12-03;9,39;163;1,7;jah
2007-12-04;14,9;197;2,4;jah
2007-12-05;16,1;204;2,5;jah
2007-12-06;14,1;193;3;jah
2007-12-07;13,7;191;3,8;jah
2007-12-08;16,2;205;4,2;jah
2007-12-09;19,2;222;4,3;jah
2007-12-10;17;210;3,8;jah
2007-12-11;13,5;189;3,9;jah
2007-12-12;11;173;3,7;jah
2007-12-13;8,63;159;2;jah
2007-12-14;6,56;146;1,1;jah
2007-12-15;5,14;137;0,6;jah
2007-12-16;4,48;133;1,2;jah
2007-12-17;4,21;131;1,7;jah
2007-12-18;4,08;130;2;jah
2007-12-19;4,05;130;2,4;jah
2007-12-20;3,99;129;2,3;jah
2007-12-21;3,75;128;1,8;jah
2007-12-22;3,5;126;1,7;jah
2007-12-23;3,36;125;2;jah
2007-12-24;3,18;124;2,3;jah
2007-12-25;3,06;123;2,5;jah
2007-12-26;3,15;124;2,3;jah
2007-12-27;3,14;123;2,1;jah
2007-12-28;3,42;125;2,4;jah
2007-12-29;5,11;136;3,2;jah
2007-12-30;5,43;137;3,7;jah
2007-12-31;5,31;137;3,4;jah
2008-01-01;5,04;135;2,4;jah
2008-01-02;4,34;131;1,4;jah
2008-01-03;3,79;126;0,2;jah
2008-01-04;3,24;150;0;jah
2008-01-05;2,73;146;0;jah
2008-01-06;2,24;128;0;jah
2008-01-07;1,8;114;0;jah
2008-01-08;1,6;112;0;jah
2008-01-09;1,61;112;0;jah
2008-01-10;1,69;112;0;jah
2008-01-11;2,35;117;0;jah
2008-01-12;6,96;143;0;jah
2008-01-13;8,7;152;0,1;jah
2008-01-14;7,85;146;0,2;jah
2008-01-15;6,64;139;0,4;jah
2008-01-16;5,93;135;0,6;jah
2008-01-17;6,08;136;0,9;jah
2008-01-18;7,41;143;1,1;jah
2008-01-19;12,2;168;1,4;jah
2008-01-20;21,7;217;1,2;jah
2008-01-21;18,3;201;1,2;jah
2008-01-22;15,1;185;1,1;jah
2008-01-23;11,5;166;0,8;jah
2008-01-24;8,45;151;0,4;jah
2008-01-25;7,85;148;0,7;jah
2008-01-26;10,8;163;1;jah
2008-01-27;9,36;156;0,5;jah
2008-01-28;6,77;142;0,2;jah
2008-01-29;5,61;136;0,7;jah
2008-01-30;6,2;140;1,6;jah
2008-01-31;9,16;156;1,7;jah
2008-02-01;8,09;151;0,8;jah
2008-02-02;7,66;149;0,8;jah
2008-02-03;10,4;164;0,7;jah
2008-02-04;10,4;164;1,1;jah
2008-02-05;9,41;159;0,8;jah
2008-02-06;7,56;149;1,3;jah
2008-02-07;8,76;156;1,8;jah
2008-02-08;9,24;158;2;jah
2008-02-09;7,9;151;2,1;jah
2008-02-10;7,35;147;2,4;jah
2008-02-11;9,08;157;2,6;jah
2008-02-12;8,48;154;2,4;jah
2008-02-13;7,07;146;2;jah
2008-02-14;6,13;140;0,9;jah
2008-02-15;4,31;140;0;jah
2008-02-16;3,96;157;0;jah
2008-02-17;3,67;137;0;jah
2008-02-18;3,35;122;0,2;jah
2008-02-19;3,19;121;0,2;jah
2008-02-20;2,99;120;0,3;jah
2008-02-21;2,91;119;0,6;jah
2008-02-22;3,32;122;1,1;jah
2008-02-23;9,3;156;1,4;jah
2008-02-24;11,7;169;1,2;jah
2008-02-25;11,1;166;2,1;jah
2008-02-26;9,18;156;1,8;jah
2008-02-27;12,1;171;2,4;jah
2008-02-28;18,9;206;2,5;jah
2008-02-29;16,9;195;1,6;jah
2008-03-01;14,6;183;1,5;jah
2008-03-02;15,2;186;1,8;jah
2008-03-03;15,9;189;1,7;jah
2008-03-04;13,5;177;1,3;jah
2008-03-05;10,1;160;0,7;jah
2008-03-06;7,73;147;0,3;jah
2008-03-07;7,05;143;0,6;jah
2008-03-08;6,89;142;0,8;jah
2008-03-09;8,02;149;1,4;jah
2008-03-10;10,4;161;2,2;jah
2008-03-11;9,35;156;2,8;jah
2008-03-12;7,76;148;3,1;jah
2008-03-13;10,4;162;3,2;jah
2008-03-14;11,2;166;3,6;jah
2008-03-15;10,2;161;3,6;jah
2008-03-16;10,4;162;3;jah
2008-03-17;8,28;151;2,7;jah
2008-03-18;6,8;143;2,5;jah
2008-03-19;5,83;137;2,4;jah
2008-03-20;5,1;133;1,9;jah
2008-03-21;4,49;129;1,2;jah
2008-03-22;4,12;127;1;jah
2008-03-23;3,96;126;1,1;jah
2008-03-24;3,7;125;0,9;jah
2008-03-25;3,5;123;0,7;jah
2008-03-26;3,26;122;0,3;jah
2008-03-27;3,2;122;0,6;jah
2008-03-28;3,14;121;1,1;jah
2008-03-29;3,33;123;1,8;jah
2008-03-30;5,3;135;3;jah
2008-03-31;7,36;148;3,7;jah
2008-04-01;5,93;139;4,5;jah
2008-04-02;4,98;133;4,7;jah
2008-04-03;4,48;129;5,7;jah
2008-04-04;4,14;127;6,8;jah
2008-04-05;3,87;125;6,5;jah
2008-04-06;3,7;123;6,1;jah
2008-04-07;3,79;123;6,7;jah
2008-04-08;4,64;128;7,3;jah
2008-04-09;5,46;133;6,7;jah
2008-04-10;5,22;132;6,1;jah
2008-04-11;4,68;129;6,3;jah
2008-04-12;4,15;126;6,2;jah
2008-04-13;6,32;139;6,1;jah
2008-04-14;6,85;142;6,4;jah
2008-04-15;5,43;134;7,8;jah
2008-04-16;5,5;135;8,4;jah
2008-04-17;5,08;133;7,9;jah
2008-04-18;4,55;130;6,9;jah
2008-04-19;4,19;128;6,6;jah
2008-04-20;3,72;125;7,5;jah
2008-04-21;3,4;123;8,1;jah
2008-04-22;3,15;121;8;jah
2008-04-23;2,96;120;8,1;jah
2008-04-24;2,68;118;8,4;jah
2008-04-25;2,44;117;9,1;jah
2008-04-26;2,28;116;9,7;jah
2008-04-27;2,16;115;10,4;jah
2008-04-28;2,14;115;11,3;jah
2008-04-29;1,9;113;12,2;jah
2008-04-30;1,86;113;12,4;jah
2008-05-01;1,72;112;12,8;jah
2008-05-02;1,59;111;13,2;jah
2008-05-03;1,51;110;13,7;jah
2008-05-04;1,39;109;14,2;jah
2008-05-05;1,36;109;13,9;jah
2008-05-06;1,19;107;12,8;jah
2008-05-07;1,1;107;12,8;jah
2008-05-08;1,04;106;12,6;jah
2008-05-09;0,948;105;12,8;jah
2008-05-10;0,841;104;12,8;jah
2008-05-11;0,763;103;14;jah
2008-05-12;0,724;103;13,5;jah
2008-05-13;0,747;103;12,3;jah
2008-05-14;0,688;103;11,7;jah
2008-05-15;0,685;103;11,7;jah
2008-05-16;0,67;102;11,1;jah
2008-05-17;0,717;103;11,6;jah
2008-05-18;0,755;103;11,6;jah
2008-05-19;0,853;104;10,9;jah
2008-05-20;0,8;104;11,1;jah
2008-05-21;0,856;104;11,3;jah
2008-05-22;0,674;102;12,1;jah
2008-05-23;0,359;98;12,9;jah
2008-05-24;0,408;99;12,8;jah
2008-05-25;0,407;99;13;jah
2008-05-26;0,446;100;13,2;jah
2008-05-27;0,416;99;13,6;jah
2008-05-28;0,402;99;13,4;jah
2008-05-29;0,34;98;13,9;jah
2008-05-30;0,302;97;14,9;jah
2008-05-31;0,288;97;15,7;jah
2008-06-01;0,262;97;15,9;jah
2008-06-02;0,243;96;16,3;jah
2008-06-03;0,229;96;16,1;jah
2008-06-04;0,397;99;15,8;jah
2008-06-05;0,152;94;16,6;jah
2008-06-06;0,153;94;17,3;jah
2008-06-07;0,203;96;16,7;jah
2008-06-08;0,148;94;15,9;jah
2008-06-09;0,146;94;16,4;jah
2008-06-10;0,151;94;16;jah
2008-06-11;0,149;95;15,8;jah
2008-06-12;0,15;95;15,4;jah
2008-06-13;0,151;95;14,7;jah
2008-06-14;0,172;95;14,8;jah
2008-06-15;0,234;97;15;jah
2008-06-16;0,284;99;15,7;jah
2008-06-17;0,271;98;15,7;jah
2008-06-18;0,276;98;15,9;jah
2008-06-19;0,256;98;16,3;jah
2008-06-20;0,241;98;16,6;jah
2008-06-21;0,228;97;16,4;jah
2008-06-22;0,211;97;16,3;jah
2008-06-23;0,267;98;15,9;jah
2008-06-24;0,518;103;15,3;jah
2008-06-25;0,6;104;15,2;jah
2008-06-26;0,539;103;15,8;jah
2008-06-27;0,456;102;16,1;jah
2008-06-28;0,418;101;16,1;jah
2008-06-29;0,366;100;16,4;jah
2008-06-30;0,322;99;16,5;jah
2008-07-01;0,325;99;16,6;jah
2008-07-02;0,338;100;17;jah
2008-07-03;0,28;98;16,8;jah
2008-07-04;0,244;98;17;jah
2008-07-05;0,224;97;17,6;jah
2008-07-06;0,211;97;17,6;jah
2008-07-07;0,21;97;16,8;jah
2008-07-08;0,3;99;16,4;jah
2008-07-09;0,556;103;16,5;jah
2008-07-10;0,627;104;16,5;jah
2008-07-11;0,524;103;16,8;jah
2008-07-12;0,495;102;17,1;jah
2008-07-13;0,498;102;17,5;jah
2008-07-14;0,509;102;17;jah
2008-07-15;1,04;109;16,5;jah
2008-07-16;0,938;108;16,6;jah
2008-07-17;0,938;108;16,5;jah
2008-07-18;0,865;107;16,3;jah
2008-07-19;0,702;105;16,5;jah
2008-07-20;0,575;103;17,2;jah
2008-07-21;0,514;102;17,2;jah
2008-07-22;0,521;102;17,3;jah
2008-07-23;0,493;101;17,6;jah
2008-07-24;0,435;100;17,7;jah
2008-07-25;0,361;99;18,3;jah
2008-07-26;0,31;98;18,6;jah
2008-07-27;0,276;97;19,1;jah
2008-07-28;0,267;97;18,5;jah
2008-07-29;0,506;101;18;jah
2008-07-30;0,637;103;17,9;jah
2008-07-31;0,324;98;17,7;jah
2008-08-01;0,244;96;17,6;jah
2008-08-02;0,237;96;18,3;jah
2008-08-03;0,438;99;18,6;jah
2008-08-04;0,808;104;18,4;jah
2008-08-05;2,87;120;16,8;jah
2008-08-06;4,8;132;14,6;jah
2008-08-07;3,23;122;13,9;jah
2008-08-08;2,47;117;14,9;jah
2008-08-09;2,09;114;15,9;jah
2008-08-10;1,79;112;16;jah
2008-08-11;1,63;110;16,3;jah
2008-08-12;1,78;112;16,5;jah
2008-08-13;3,88;126;16,7;jah
2008-08-14;8,51;154;16,4;jah
2008-08-15;6,17;140;16,5;jah
2008-08-16;4,05;127;16,3;jah
2008-08-17;3,35;123;16,6;jah
2008-08-18;3,02;120;16,8;jah
2008-08-19;3,1;121;16,6;jah
2008-08-20;3,16;121;16,3;jah
2008-08-21;3,43;123;16,2;jah
2008-08-22;3,03;120;16,4;jah
2008-08-23;2,69;118;16;jah
2008-08-24;3,52;124;15,4;jah
2008-08-25;5,04;133;14,9;jah
2008-08-26;5;133;14,8;jah
2008-08-27;4,69;133;14,7;jah
2008-08-28;6,59;148;14,9;jah
2008-08-29;8,58;163;14,6;jah
2008-08-30;6,48;149;13,5;jah
2008-08-31;4,45;135;12,8;jah
2008-09-01;3,45;127;11,9;jah
2008-09-02;3,08;124;11,9;jah
2008-09-03;3,28;125;12,8;jah
2008-09-04;4,85;135;13,8;jah
2008-09-05;5,8;141;13,7;jah
2008-09-06;4,6;133;13,3;jah
2008-09-07;3,99;128;13,8;jah
2008-09-08;3,66;126;14,1;jah
2008-09-09;6,33;142;14;jah
2008-09-10;7,95;152;13,5;jah
2008-09-11;5,81;138;12,4;jah
2008-09-12;4,48;130;11;jah
2008-09-13;3,82;125;10,3;jah
2008-09-14;3,41;122;9,9;jah
2008-09-15;3,12;120;9,7;jah
2008-09-16;2,87;119;9,3;jah
2008-09-17;2,71;118;9;jah
2008-09-18;2,58;117;8,9;jah
2008-09-19;2,42;116;8,6;jah
2008-09-20;2,27;115;8,7;jah
2008-09-21;2,1;114;8,7;jah
2008-09-22;1,99;113;9,3;jah
2008-09-23;1,89;113;9,6;jah
2008-09-24;1,74;112;9,5;jah
2008-09-25;1,64;111;9,4;jah
2008-09-26;1,56;110;9,1;jah
2008-09-27;1,5;110;9,4;jah
2008-09-28;1,44;110;10;jah
2008-09-29;1,49;110;9,6;jah
2008-09-30;1,45;110;9;jah
2008-10-01;1,44;110;9,2;jah
2008-10-02;1,77;112;9,2;jah
2008-10-03;2,99;121;9,6;jah
2008-10-04;3,07;121;9,6;jah
2008-10-05;2,84;120;9,5;jah
2008-10-06;3,09;121;9,4;jah
2008-10-07;3,42;123;8,9;jah
2008-10-08;3,08;121;8,5;jah
2008-10-09;2,8;119;8;jah
2008-10-10;2,64;117;8,4;jah
2008-10-11;2,57;117;8,9;jah
2008-10-12;2,87;118;9,5;jah
2008-10-13;3,05;119;9,5;jah
2008-10-14;3;119;9,8;jah
2008-10-15;2,98;118;9,3;jah
2008-10-16;3,08;119;9,2;jah
2008-10-17;5,21;132;8,9;jah
2008-10-18;6,15;139;8,5;jah
2008-10-19;7,97;150;8,4;jah
2008-10-20;14;184;8,6;jah
2008-10-21;10;164;8,8;jah
2008-10-22;6,8;147;9,3;jah
2008-10-23;5,03;137;8,9;jah
2008-10-24;4,03;131;8,2;jah
2008-10-25;3,51;128;8,2;jah
2008-10-26;3,49;129;8,3;jah
2008-10-27;11,1;181;8,5;jah
2008-10-28;20,8;244;8,5;jah
2008-10-29;19,8;240;8;jah
2008-10-30;18,4;229;7,7;jah
2008-10-31;20,4;238;8,1;jah
2008-11-01;19,5;230;7,4;jah
2008-11-02;16,6;211;6,3;jah
2008-11-03;13;187;5,8;jah
2008-11-04;10,2;169;5,9;jah
2008-11-05;8,4;157;6,2;jah
2008-11-06;6,89;147;5,1;jah
2008-11-07;5,67;138;3,6;jah
2008-11-08;4,95;133;2,9;jah
2008-11-09;4,73;131;3,7;jah
2008-11-10;4,93;131;5,2;jah
2008-11-11;6,36;139;6,5;jah
2008-11-12;7,48;146;7,2;jah
2008-11-13;6,13;139;6,7;jah
2008-11-14;5,54;136;6,3;jah
2008-11-15;12,3;175;6,5;jah
2008-11-16;18,4;210;6,7;jah
2008-11-17;14,9;193;5,2;jah
2008-11-18;10,1;167;3,4;jah
2008-11-19;12,6;183;3,2;jah
2008-11-20;16,5;208;2,9;jah
2008-11-21;13,6;193;2,3;jah
2008-11-22;9,36;168;1,7;jah
2008-11-23;6,7;153;1,2;jah
2008-11-24;5,37;145;0,4;jah
2008-11-25;4,99;143;0,2;jah
2008-11-26;5,62;149;0,4;jah
2008-11-27;6,93;160;1;jah
2008-11-28;20,7;251;1,8;jah
2008-11-29;33,3;316;1,9;jah
2008-11-30;34,9;318;1,8;jah
2008-12-01;33,5;306;2,5;jah
2008-12-02;32,6;298;3,4;jah
2008-12-03;29,2;278;3,8;jah
2008-12-04;24,9;252;3,4;jah
2008-12-05;22,1;235;2,5;jah
2008-12-06;19;216;2;jah
2008-12-07;16,6;201;2;jah
2008-12-08;14;185;1,6;jah
2008-12-09;11,1;168;1;jah
2008-12-10;8,8;155;1,2;jah
2008-12-11;8,11;150;1,7;jah
2008-12-12;7,83;148;1,7;jah
2008-12-13;7,19;143;2,1;jah
2008-12-14;6,52;139;1,6;jah
2008-12-15;5,34;132;0,5;jah
2008-12-16;4,52;127;0,2;jah
2008-12-17;4,12;125;0,3;jah
2008-12-18;3,97;124;0,6;jah
2008-12-19;4,2;125;0,9;jah
2008-12-20;4,4;126;0,9;jah
2008-12-21;5,46;132;1,2;jah
2008-12-22;10,7;160;1,7;jah
2008-12-23;14,4;178;1,5;jah
2008-12-24;9,91;156;1,1;jah
2008-12-25;6,91;141;0,7;jah
2008-12-26;5,51;133;0,8;jah
2008-12-27;4,96;130;1,2;jah
2008-12-28;4,64;128;0,6;jah
2008-12-29;3,93;124;0,2;jah
2008-12-30;3,55;122;0,3;jah
2008-12-31;3,38;121;0,6;jah
2009-01-01;3,27;119;0,3;jah
2009-01-02;2,96;125;0;jah
2009-01-03;2,65;133;0;jah
2009-01-04;2,36;127;0;jah
2009-01-05;2,07;117;0;jah
2009-01-06;1,86;112;0;jah
2009-01-07;1,85;112;0;jah
2009-01-08;1,75;111;0;jah
2009-01-09;1,76;111;0;jah
2009-01-10;1,83;112;0;jah
2009-01-11;1,88;112;0;jah
2009-01-12;2,3;115;0;jah
2009-01-13;3,51;122;0;jah
2009-01-14;6,77;140;0,1;jah
2009-01-15;5,89;136;0,3;jah
2009-01-16;3,98;126;0,1;jah
2009-01-17;3,18;145;0;jah
2009-01-18;2,77;139;0;jah
2009-01-19;2,39;117;0;jah
2009-01-20;2,13;114;0;jah
2009-01-21;1,99;114;0;jah
2009-01-22;1,94;113;0;jah
2009-01-23;1,92;113;0;jah
2009-01-24;1,89;113;0,1;jah
2009-01-25;1,87;113;0,1;jah
2009-01-26;1,87;113;0,2;jah
2009-01-27;1,88;113;0,4;jah
2009-01-28;1,9;113;0,6;jah
2009-01-29;1,88;113;0,6;jah
2009-01-30;1,86;113;0,6;jah
2009-01-31;1,81;113;0;jah
2009-02-01;1,7;112;0;jah
2009-02-02;1,5;111;0;jah
2009-02-03;1,35;110;0;jah
2009-02-04;1,22;108;0;jah
2009-02-05;1,14;108;0;jah
2009-02-06;1,12;108;0;jah
2009-02-07;1,13;108;0;jah
2009-02-08;1,24;109;0;jah
2009-02-09;1,86;114;0;jah
2009-02-10;1,79;114;0;jah
2009-02-11;1,47;111;0;jah
2009-02-12;1,29;110;0;jah
2009-02-13;1,18;109;0;jah
2009-02-14;1,11;108;0;jah
2009-02-15;1,06;108;0;jah
2009-02-16;1,13;109;0;jah
2009-02-17;1,03;108;0;jah
2009-02-18;0,966;107;0;jah
2009-02-19;0,924;107;0;jah
2009-02-20;0,903;107;0;jah
2009-02-21;0,848;106;0;jah
2009-02-22;0,807;106;0;jah
2009-02-23;0,819;106;0;jah
2009-02-24;0,784;106;0;jah
2009-02-25;0,79;106;0;jah
2009-02-26;0,814;106;0;jah
2009-02-27;0,893;107;0;jah
2009-02-28;1,01;108;0;jah
2009-03-01;1;108;0;jah
2009-03-02;0,94;107;0;jah
2009-03-03;0,904;107;0;jah
2009-03-04;0,926;107;0;jah
2009-03-05;0,929;107;0;jah
2009-03-06;1,06;108;0;jah
2009-03-07;1,09;108;0;jah
2009-03-08;1,1;108;0;jah
2009-03-09;1,14;108;0;jah
2009-03-10;1,15;108;0;jah
2009-03-11;1,13;108;0;jah
2009-03-12;1,1;107;0;jah
2009-03-13;1,1;107;0;jah
2009-03-14;1,11;107;0;jah
2009-03-15;1,13;107;0;jah
2009-03-16;1,14;107;0;jah
2009-03-17;1,26;109;0;jah
2009-03-18;1,47;111;0;jah
2009-03-19;1,46;111;0;jah
2009-03-20;1,37;110;0,1;jah
2009-03-21;1,44;111;0,1;jah
2009-03-22;1,95;115;0,1;jah
2009-03-23;1,94;115;0,2;jah
2009-03-24;1,76;114;0,2;jah
2009-03-25;2,06;117;0,1;jah
2009-03-26;1,82;115;0,1;jah
2009-03-27;1,43;112;0,1;jah
2009-03-28;1,3;112;0,1;jah
2009-03-29;1,83;117;0,2;jah
2009-03-30;3,28;129;0,2;jah
2009-03-31;10,6;178;0,2;jah
2009-04-01;27,3;274;0,3;jah
2009-04-02;28,3;277;0,5;jah
2009-04-03;23;246;1,2;jah
2009-04-04;21,9;238;1,8;jah
2009-04-05;19;220;2,2;jah
2009-04-06;19,2;219;3;jah
2009-04-07;16,2;200;3;jah
2009-04-08;12,1;177;3,2;jah
2009-04-09;9,94;163;3,8;jah
2009-04-10;8,84;155;4,5;jah
2009-04-11;8,19;150;5,3;jah
2009-04-12;7,52;145;5,9;jah
2009-04-13;6,48;139;5,6;jah
2009-04-14;5,86;135;5,2;jah
2009-04-15;5,31;132;5,8;jah
2009-04-16;4,72;129;5,8;jah
2009-04-17;4,32;127;5,5;jah
2009-04-18;3,93;125;5,5;jah
2009-04-19;3,46;123;5,1;jah
2009-04-20;3,25;122;5,3;jah
2009-04-21;2,86;120;5,4;jah
2009-04-22;2,62;119;5,7;jah
2009-04-23;2,5;118;6,6;jah
2009-04-24;2,32;117;7,2;jah
2009-04-25;2,21;117;8,3;jah
2009-04-26;2,18;117;9,1;jah
2009-04-27;2,12;117;10;jah
2009-04-28;2,03;116;11;jah
2009-04-29;1,9;116;11,8;jah
2009-04-30;1,78;115;11,9;jah
2009-05-01;1,69;114;11,6;jah
2009-05-02;1,63;113;11,6;jah
2009-05-03;1,74;114;11,3;jah
2009-05-04;1,63;113;11,5;jah
2009-05-05;1,47;112;12,1;jah
2009-05-06;1,45;112;11,9;jah
2009-05-07;1,47;112;11,7;jah
2009-05-08;1,41;111;12;jah
2009-05-09;1,39;111;11,8;jah
2009-05-10;1,52;112;11,7;jah
2009-05-11;1,49;112;12,4;jah
2009-05-12;1,42;111;12,2;jah
2009-05-13;1,27;110;11,8;jah
2009-05-14;1,09;108;11,8;jah
2009-05-15;1,02;107;11,6;jah
2009-05-16;1,01;107;11,9;jah
2009-05-17;1;107;11,9;jah
2009-05-18;0,98;107;11,7;jah
2009-05-19;0,987;107;12,9;jah
2009-05-20;0,855;105;13,8;jah
2009-05-21;0,797;105;14;jah
2009-05-22;0,808;105;14;jah
2009-05-23;1,38;111;13,5;jah
2009-05-24;1,56;112;13,9;jah
2009-05-25;1,39;111;14,4;jah
2009-05-26;1,23;110;14,6;jah
2009-05-27;1,16;109;14,7;jah
2009-05-28;1,08;109;14,6;jah
2009-05-29;1,01;108;15,2;jah
2009-05-30;0,868;106;15,9;jah
2009-05-31;0,747;105;16,7;jah
2009-06-01;0,522;102;17,8;jah
2009-06-02;0,428;100;17,9;jah
2009-06-03;0,387;99;16,6;jah
2009-06-04;0,813;105;14,4;jah
2009-06-05;2,75;121;12,3;jah
2009-06-06;3,66;128;10,7;jah
2009-06-07;2,9;122;10,7;jah
2009-06-08;2,35;118;11,2;jah
2009-06-09;2,49;119;11,9;jah
2009-06-10;2,74;121;12,3;jah
2009-06-11;2,31;118;13,1;jah
2009-06-12;1,92;115;14,7;jah
2009-06-13;1,69;113;14,6;jah
2009-06-14;2,75;121;14;jah
2009-06-15;5,9;141;12,4;jah
2009-06-16;6,39;144;11,9;jah
2009-06-17;3,87;129;12,4;jah
2009-06-18;2,75;121;12,2;jah
2009-06-19;2,23;118;13,1;jah
2009-06-20;1,88;116;13,8;jah
2009-06-21;1,57;113;14,3;jah
2009-06-22;1,31;111;14,7;jah
2009-06-23;1,08;109;15,6;jah
2009-06-24;0,914;108;16,5;jah
2009-06-25;0,761;106;17,6;jah
2009-06-26;0,682;105;17,9;jah
2009-06-27;0,691;105;17,7;jah
2009-06-28;0,614;104;17,4;jah
2009-06-29;0,434;101;18,4;jah
2009-06-30;0,311;99;19,1;jah
2009-07-01;0,322;100;19,6;jah
2009-07-02;0,32;99;20;jah
2009-07-03;0,318;99;19,6;jah
2009-07-04;0,335;100;18,3;jah
2009-07-05;0,263;98;17,3;jah
2009-07-06;0,287;98;16,2;jah
2009-07-07;0,291;99;15,8;jah
2009-07-08;0,267;98;15,7;jah
2009-07-09;0,349;100;16,5;jah
2009-07-10;0,536;103;16,6;jah
2009-07-11;0,469;102;16,6;jah
2009-07-12;0,399;101;16,6;jah
2009-07-13;0,403;101;16,8;jah
2009-07-14;0,514;103;17,1;jah
2009-07-15;0,422;101;17,8;jah
2009-07-16;0,34;100;18,2;jah
2009-07-17;0,29;98;18,8;jah
2009-07-18;0,249;97;19;jah
2009-07-19;0,273;98;19,2;jah
2009-07-20;0,719;106;19,4;jah
2009-07-21;0,708;106;18,4;jah
2009-07-22;0,595;104;18,1;jah
2009-07-23;0,571;104;18,1;jah
2009-07-24;0,525;103;18,5;jah
2009-07-25;0,606;104;18,4;jah
2009-07-26;0,527;103;18,3;jah
2009-07-27;0,4;101;18,3;jah
2009-07-28;0,517;102;18,2;jah
2009-07-29;0,822;107;18,5;jah
2009-07-30;0,419;101;18,5;jah
2009-07-31;0,279;98;18,2;jah
2009-08-01;0,274;98;17,6;jah
2009-08-02;0,31;99;17,6;jah
2009-08-03;0,319;99;17,5;jah
2009-08-04;0,275;98;17,8;jah
2009-08-05;0,242;97;18,1;jah
2009-08-06;0,228;97;18,4;jah
2009-08-07;0,206;96;17,9;jah
2009-08-08;0,151;94;17,6;jah
2009-08-09;0,132;93;17,2;jah
2009-08-10;0,153;94;17,7;jah
2009-08-11;0,133;93;17,8;jah
2009-08-12;0,144;93;17,8;jah
2009-08-13;0,257;97;17,1;jah
2009-08-14;0,544;102;16,2;jah
2009-08-15;1,49;112;16,1;jah
2009-08-16;1,26;110;15,8;jah
2009-08-17;0,954;107;16,1;jah
2009-08-18;0,988;107;16;jah
2009-08-19;2,39;119;15,7;jah
2009-08-20;1,94;116;15,3;jah
2009-08-21;1,42;112;14,6;jah
2009-08-22;1,08;109;14,5;jah
2009-08-23;0,891;107;15,1;jah
2009-08-24;0,837;106;14,9;jah
2009-08-25;0,79;106;14,8;jah
2009-08-26;0,696;105;14,5;jah
2009-08-27;0,641;104;15,1;jah
2009-08-28;0,582;103;15,4;jah
2009-08-29;0,505;102;15,8;jah
2009-08-30;0,523;103;15,6;jah
2009-08-31;0,554;103;15,2;jah
2009-09-01;0,539;103;15,6;jah
2009-09-02;0,488;102;15,9;jah
2009-09-03;0,429;101;16,1;jah
2009-09-04;0,508;103;16,4;jah
2009-09-05;0,631;105;15,9;jah
2009-09-06;0,706;106;15,7;jah
2009-09-07;1,06;110;15,1;jah
2009-09-08;0,938;109;15,1;jah
2009-09-09;0,759;107;15,1;jah
2009-09-10;0,67;105;15,2;jah
2009-09-11;0,594;104;14,5;jah
2009-09-12;0,537;103;13,6;jah
2009-09-13;0,547;104;12,9;jah
2009-09-14;0,561;104;13,2;jah
2009-09-15;0,612;105;13,3;jah
2009-09-16;0,601;105;13,2;jah
2009-09-17;0,54;104;12,9;jah
2009-09-18;0,496;103;12,7;jah
2009-09-19;0,451;102;12,9;jah
2009-09-20;0,38;101;12,8;jah
2009-09-21;0,405;101;12,7;jah
2009-09-22;0,466;102;12,8;jah
2009-09-23;0,524;103;13,2;jah
2009-09-24;0,544;103;12,8;jah
2009-09-25;0,562;104;12,3;jah
2009-09-26;0,613;104;12,3;jah
2009-09-27;0,506;103;12,7;jah
2009-09-28;0,486;102;12,7;jah
2009-09-29;0,673;105;11,8;jah
2009-09-30;0,789;106;10,6;jah
2009-10-01;1,15;110;9,8;jah
2009-10-02;1,27;111;8,8;jah
2009-10-03;1,16;110;7,9;jah
2009-10-04;6,23;147;8,6;jah
2009-10-05;11,5;182;9,1;jah
2009-10-06;9,17;167;8,2;jah
2009-10-07;6,26;148;7,8;jah
2009-10-08;6,52;150;8,1;jah
2009-10-09;6,22;148;7,9;jah
2009-10-10;6,54;151;7,1;jah
2009-10-11;4,95;140;6,1;jah
2009-10-12;4,4;136;5,6;jah
2009-10-13;6,15;148;5,4;jah
2009-10-14;5,07;141;5;jah
2009-10-15;4,32;136;4,9;jah
2009-10-16;4,88;140;5;jah
2009-10-17;4,39;136;5;jah
2009-10-18;4,9;140;5,2;jah
2009-10-19;11,7;185;5,5;jah
2009-10-20;15,3;207;6,3;jah
2009-10-21;13,4;194;6,7;jah
2009-10-22;10,6;177;6,7;jah
2009-10-23;10;172;6,8;jah
2009-10-24;8,66;162;6,8;jah
2009-10-25;7,08;151;6,7;jah
2009-10-26;6,77;148;6,8;jah
2009-10-27;8,41;158;7,5;jah
2009-10-28;9,95;166;7,6;jah
2009-10-29;8,73;158;6,5;jah
2009-10-30;6,72;145;4,8;jah
2009-10-31;5,48;137;3,9;jah
2009-11-01;4,89;133;3,7;jah
2009-11-02;4,42;130;3,3;jah
2009-11-03;4,03;127;2,5;jah
2009-11-04;3,7;125;1,8;jah
2009-11-05;3,39;123;1,3;jah
2009-11-06;3,22;122;1,2;jah
2009-11-07;3,24;122;1,6;jah
2009-11-08;3,45;124;2,1;jah
2009-11-09;3,74;125;2,5;jah
2009-11-10;4,62;131;2,7;jah
2009-11-11;6,46;141;2,9;jah
2009-11-12;5,69;137;2,7;jah
2009-11-13;5,04;133;2,5;jah
2009-11-14;4,71;131;2,6;jah
2009-11-15;4,43;129;3;jah
2009-11-16;4,3;129;3,4;jah
2009-11-17;4,08;127;3,9;jah
2009-11-18;4,27;128;4,3;jah
2009-11-19;4,96;133;5;jah
2009-11-20;5,29;135;5,3;jah
2009-11-21;5,86;139;5,6;jah
2009-11-22;5,34;136;5,6;jah
2009-11-23;5,42;136;5,6;jah
2009-11-24;6,94;146;6;jah
2009-11-25;8,38;155;5,9;jah
2009-11-26;7,92;152;6;jah
2009-11-27;8,56;156;6,2;jah
2009-11-28;14,1;188;6;jah
2009-11-29;14,3;189;5,7;jah
2009-11-30;11,2;172;5,2;jah
2009-12-01;8,79;159;5;jah
2009-12-02;9,84;165;5,1;jah
2009-12-03;16;197;4,7;jah
2009-12-04;16,6;198;4,4;jah
2009-12-05;12,6;176;4,1;jah
2009-12-06;9,82;160;3,6;jah
2009-12-07;7,92;149;3;jah
2009-12-08;6,75;141;2,9;jah
2009-12-09;5,94;137;2,9;jah
2009-12-10;5,27;133;2,6;jah
2009-12-11;4,84;131;2,5;jah
2009-12-12;4,49;129;2;jah
2009-12-13;3,93;127;1,4;jah
2009-12-14;3,68;124;0,4;jah
2009-12-15;3,35;143;0;jah
2009-12-16;3,04;135;0;jah
2009-12-17;2,75;124;0;jah
2009-12-18;2,45;119;0;jah
2009-12-19;2,14;114;0;jah
2009-12-20;2,03;113;0;jah
2009-12-21;1,99;113;0;jah
2009-12-22;1,96;112;0;jah
2009-12-23;1,95;112;0;jah
2009-12-24;1,94;112;0;jah
2009-12-25;1,95;112;0;jah
2009-12-26;2;113;0;jah
2009-12-27;2,13;114;0;jah
2009-12-28;2,1;114;0;jah
2009-12-29;2,03;113;0;jah
2009-12-30;2,03;113;0;jah
2009-12-31;1,95;113;0;jah
2010-01-01;1,94;113;0;jah
2010-01-02;1,83;112;0;jah
2010-01-03;1,79;112;0;jah
2010-01-04;1,78;112;0;jah
2010-01-05;1,73;112;0;jah
2010-01-06;1,7;112;0;jah
2010-01-07;1,69;114;0;jah
2010-01-08;1,69;115;0;jah
2010-01-09;1,69;113;0;jah
2010-01-10;1,65;112;0;jah
2010-01-11;1,66;112;0;jah
2010-01-12;1,64;112;0;jah
2010-01-13;1,63;113;0;jah
2010-01-14;1,58;112;0;jah
2010-01-15;1,54;112;0;jah
2010-01-16;1,48;112;0;jah
2010-01-17;1,45;112;0;jah
2010-01-18;1,45;112;0;jah
2010-01-19;1,44;112;0;jah
2010-01-20;1,43;112;0;jah
2010-01-21;1,44;113;0;jah
2010-01-22;1,51;114;0;jah
2010-01-23;1,63;116;0;jah
2010-01-24;1,7;117;0;jah
2010-01-25;1,63;117;0;jah
2010-01-26;1,53;116;0;jah
2010-01-27;1,43;115;0;jah
2010-01-28;1,33;115;0;jah
2010-01-29;1,23;114;0;jah
2010-01-30;1,14;113;0;jah
2010-01-31;1,05;113;0;jah
2010-02-01;0,986;112;0;jah
2010-02-02;0,979;112;0;jah
2010-02-03;0,977;112;0;jah
2010-02-04;0,975;111;0;jah
2010-02-05;0,972;111;0;jah
2010-02-06;0,97;111;0;jah
2010-02-07;0,967;111;0;jah
2010-02-08;0,964;111;0;jah
2010-02-09;0,961;110;0;jah
2010-02-10;0,958;110;0;jah
2010-02-11;0,954;110;0;jah
2010-02-12;0,951;110;0;jah
2010-02-13;0,947;110;0;jah
2010-02-14;0,943;110;0;jah
2010-02-15;0,939;109;0;jah
2010-02-16;0,935;109;0;jah
2010-02-17;0,945;109;0;jah
2010-02-18;1,01;110;0;jah
2010-02-19;1,1;111;0;jah
2010-02-20;1,14;112;0;jah
2010-02-21;1,14;111;0;jah
2010-02-22;1,11;111;0;jah
2010-02-23;1,2;112;0;jah
2010-02-24;1,19;112;0;jah
2010-02-25;1,14;111;0;jah
2010-02-26;1,15;111;0;jah
2010-02-27;1,33;113;0;jah
2010-02-28;1,39;114;0;jah
2010-03-01;1,62;116;0;jah
2010-03-02;1,96;120;0;jah
2010-03-03;1,93;120;0;jah
2010-03-04;1,89;119;0;jah
2010-03-05;1,81;118;0;jah
2010-03-06;1,74;118;0;jah
2010-03-07;1,67;117;0;jah
2010-03-08;1,62;116;0;jah
2010-03-09;1,59;116;0;jah
2010-03-10;1,55;116;0;jah
2010-03-11;1,52;115;0;jah
2010-03-12;1,5;115;0;jah
2010-03-13;1,47;115;0;jah
2010-03-14;1,46;115;0;jah
2010-03-15;1,43;114;0;jah
2010-03-16;1,43;115;0;jah
2010-03-17;1,37;114;0;jah
2010-03-18;1,32;114;0;jah
2010-03-19;1,36;114;0;jah
2010-03-20;1,91;121;0;jah
2010-03-21;3,77;140;0;jah
2010-03-22;5,05;151;0;jah
2010-03-23;5,02;151;0;jah
2010-03-24;4,5;148;0;jah
2010-03-25;4,38;147;0;jah
2010-03-26;4,35;147;0;jah
2010-03-27;5,88;161;0;jah
2010-03-28;12,6;217;0;jah
2010-03-29;18,6;257;0;jah
2010-03-30;23,3;281;0;jah
2010-03-31;29,4;308;0,1;jah
2010-04-01;35;325;0,5;jah
2010-04-02;38,3;329;1,1;jah
2010-04-03;43,9;345;1,4;jah
2010-04-04;46,1;344;1,5;jah
2010-04-05;44,1;326;1,7;jah
2010-04-06;41,9;315;2,7;jah
2010-04-07;37;292;2,1;jah
2010-04-08;29,1;257;2,3;jah
2010-04-09;23,7;232;2,9;jah
2010-04-10;19,9;213;3,9;jah
2010-04-11;17,3;200;4,8;jah
2010-04-12;14,5;185;5,5;jah
2010-04-13;12;172;6,4;jah
2010-04-14;9,87;160;7;jah
2010-04-15;8,17;150;6,9;jah
2010-04-16;6,86;143;7,2;jah
2010-04-17;5,91;137;6,9;jah
2010-04-18;5,21;133;7;jah
2010-04-19;4,8;130;7,2;jah
2010-04-20;4,22;127;6,7;jah
2010-04-21;3,84;125;6,3;jah
2010-04-22;3,79;124;6;jah
2010-04-23;3,62;123;5,9;jah
2010-04-24;3,41;122;6,1;jah
2010-04-25;3,23;121;6,4;jah
2010-04-26;2,99;119;7,2;jah
2010-04-27;2,81;118;8,4;jah
2010-04-28;2,74;118;9,5;jah
2010-04-29;2,72;118;9;jah
2010-04-30;2,95;120;8,9;jah
2010-05-01;3;120;9,5;jah
2010-05-02;2,96;120;10;jah
2010-05-03;2,73;119;10;jah
2010-05-04;3,78;126;8,8;jah
2010-05-05;4,53;132;7,2;jah
2010-05-06;4,06;129;7;jah
2010-05-07;4,48;132;7,4;jah
2010-05-08;5,66;139;7,9;jah
2010-05-09;5,07;135;9,3;jah
2010-05-10;4,27;130;8,8;jah
2010-05-11;3,82;127;8,4;jah
2010-05-12;3,49;124;10,1;jah
2010-05-13;3,24;122;12,9;jah
2010-05-14;4,18;129;15,3;jah
2010-05-15;4;127;16,2;jah
2010-05-16;3,5;124;16,2;jah
2010-05-17;3,64;125;15,9;jah
2010-05-18;4,07;127;16,3;jah
2010-05-19;3,55;124;17,4;jah
2010-05-20;2,99;120;17,9;jah
2010-05-21;2,64;117;17,9;jah
2010-05-22;2,27;114;17,8;jah
2010-05-23;1,99;112;17,2;jah
2010-05-24;1,88;111;15,6;jah
2010-05-25;1,83;111;14,4;jah
2010-05-26;1,82;111;13,8;jah
2010-05-27;1,69;110;13,6;jah
2010-05-28;1,53;108;13,4;jah
2010-05-29;1,42;108;13;jah
2010-05-30;1,31;107;13,4;jah
2010-05-31;1,21;106;13,3;jah
2010-06-01;1,19;106;13,7;jah
2010-06-02;1,42;108;14,5;jah
2010-06-03;1,29;107;15,6;jah
2010-06-04;1,12;105;15,7;jah
2010-06-05;0,963;104;15,4;jah
2010-06-06;0,899;103;15;jah
2010-06-07;0,841;103;15,1;jah
2010-06-08;1,2;106;15,1;jah
2010-06-09;1,32;107;14,5;jah
2010-06-10;1,16;106;14,9;jah
2010-06-11;1,09;105;15,2;jah
2010-06-12;1,46;109;15,2;jah
2010-06-13;1,49;109;14,4;jah
2010-06-14;1,39;108;13,9;jah
2010-06-15;1,21;107;14,3;jah
2010-06-16;1,04;105;14,7;jah
2010-06-17;0,895;104;14,8;jah
2010-06-18;0,758;102;15,4;jah
2010-06-19;0,692;102;15,1;jah
2010-06-20;0,766;103;15,1;jah
2010-06-21;0,843;103;15,2;jah
2010-06-22;0,919;104;14,9;jah
2010-06-23;0,811;103;15,4;jah
2010-06-24;0,688;102;16,5;jah
2010-06-25;0,565;100;17,2;jah
2010-06-26;0,508;100;16,9;jah
2010-06-27;0,468;99;17,1;jah
2010-06-28;0,409;98;17,6;jah
2010-06-29;0,358;97;18;jah
2010-06-30;0,413;98;18,4;jah
2010-07-01;0,49;100;18,8;jah
2010-07-02;0,316;97;19;jah
2010-07-03;0,278;96;18,8;jah
2010-07-04;0,246;96;19,1;jah
2010-07-05;0,236;95;19,6;jah
2010-07-06;0,247;96;20,7;jah
2010-07-07;0,408;99;21;jah
2010-07-08;0,363;98;21,5;jah
2010-07-09;0,329;98;21,2;jah
2010-07-10;0,336;98;21,5;jah
2010-07-11;0,298;97;22;jah
2010-07-12;0,249;96;22,4;jah
2010-07-13;0,234;96;22,8;jah
2010-07-14;0,217;95;23,4;jah
2010-07-15;0,2;95;23,7;jah
2010-07-16;0,19;94;24;jah
2010-07-17;0,182;94;22,8;jah
2010-07-18;0,202;94;22,1;jah
2010-07-19;0,327;97;22;jah
2010-07-20;0,338;97;21,5;jah
2010-07-21;0,24;95;21;jah
2010-07-22;0,219;94;21,7;jah
2010-07-23;0,203;94;22,4;jah
2010-07-24;0,196;94;21,7;jah
2010-07-25;0,221;94;21,8;jah
2010-07-26;0,216;94;21,9;jah
2010-07-27;0,22;94;21,8;jah
2010-07-28;0,386;98;22,2;jah
2010-07-29;0,406;99;22,3;jah
2010-07-30;0,343;98;21,6;jah
2010-07-31;0,315;97;21,4;jah
2010-08-01;0,262;96;20,7;jah
2010-08-02;0,438;100;20,2;jah
2010-08-03;0,324;98;21,5;jah
2010-08-04;0,111;92;20,9;jah
2010-08-05;0,12;93;20,3;jah
2010-08-06;0,11;92;20,6;jah
2010-08-07;0,11;93;20,9;jah
2010-08-08;0,11;93;21,6;jah
2010-08-09;0,106;93;21,4;jah
2010-08-10;0,104;93;20,6;jah
2010-08-11;0,101;93;20,1;jah
2010-08-12;0,117;94;20,1;jah
2010-08-13;0,121;94;20,3;jah
2010-08-14;0,123;94;21;jah
2010-08-15;0,137;95;21,2;jah
2010-08-16;0,154;96;21,1;jah
2010-08-17;0,182;96;20,3;jah
2010-08-18;0,254;98;20,3;jah
2010-08-19;1,07;110;19,7;jah
2010-08-20;1,06;110;18;jah
2010-08-21;0,813;106;17,5;jah
2010-08-22;0,875;106;17,8;jah
2010-08-23;0,818;105;17,7;jah
2010-08-24;0,889;105;17,3;jah
2010-08-25;1,44;110;17,1;jah
2010-08-26;2,04;115;16,6;jah
2010-08-27;1,86;113;16,1;jah
2010-08-28;1,5;110;15,7;jah
2010-08-29;1,25;107;15,4;jah
2010-08-30;1,14;107;15;jah
2010-08-31;0,934;105;14,7;jah
2010-09-01;0,772;103;14,6;jah
2010-09-02;0,785;103;14,2;jah
2010-09-03;0,947;105;13,1;jah
2010-09-04;1,18;108;12,5;jah
2010-09-05;1,03;107;12,1;jah
2010-09-06;0,892;105;12,1;jah
2010-09-07;0,801;104;12,1;jah
2010-09-08;0,706;103;11,8;jah
2010-09-09;0,64;102;12,1;jah
2010-09-10;0,626;102;11,8;jah
2010-09-11;0,633;102;12,2;jah
2010-09-12;0,677;102;12,6;jah
2010-09-13;0,73;103;13,1;jah
2010-09-14;0,773;103;13,6;jah
2010-09-15;0,871;104;13,3;jah
2010-09-16;1,44;109;13,1;jah
2010-09-17;1,86;112;13,1;jah
2010-09-18;2,56;118;12,7;jah
2010-09-19;6,25;142;11,9;jah
2010-09-20;6,67;145;11,4;jah
2010-09-21;4,67;132;11,5;jah
2010-09-22;6,35;143;11,8;jah
2010-09-23;6,12;142;11,7;jah
2010-09-24;4,42;131;11,5;jah
2010-09-25;3,87;127;11,9;jah
2010-09-26;3,5;125;12;jah
2010-09-27;3,14;122;11,8;jah
2010-09-28;3,77;127;10,8;jah
2010-09-29;4,31;131;9,6;jah
2010-09-30;3,42;125;9,1;jah
2010-10-01;2,96;121;8,6;jah
2010-10-02;2,69;119;8,1;jah
2010-10-03;2,48;118;7,6;jah
2010-10-04;2,26;116;7,4;jah
2010-10-05;2,08;115;7,2;jah
2010-10-06;1,94;113;6,9;jah
2010-10-07;1,82;113;6,7;jah
2010-10-08;1,68;111;6,5;jah
2010-10-09;1,62;111;6,3;jah
2010-10-10;1,57;110;6,1;jah
2010-10-11;1,54;110;5,8;jah
2010-10-12;1,57;110;5,7;jah
2010-10-13;1,63;110;5,2;jah
2010-10-14;1,72;111;5;jah
2010-10-15;2,14;114;4,5;jah
2010-10-16;2,19;115;4,1;jah
2010-10-17;2,08;114;4;jah
2010-10-18;2,03;113;4,1;jah
2010-10-19;2,04;113;4,1;jah
2010-10-20;2,09;113;4,6;jah
2010-10-21;2,55;117;5,1;jah
2010-10-22;3,6;124;5;jah
2010-10-23;4,56;131;4,5;jah
2010-10-24;5,93;139;5,2;jah
2010-10-25;7,71;149;6;jah
2010-10-26;6,54;143;5,9;jah
2010-10-27;5,01;133;5,2;jah
2010-10-28;4,35;129;4,8;jah
2010-10-29;4,41;130;5,5;jah
2010-10-30;4,21;129;6;jah
2010-10-31;3,87;126;6,1;jah
2010-11-01;3,57;124;6,2;jah
2010-11-02;3,35;123;6,5;jah
2010-11-03;3,41;124;6,7;jah
2010-11-04;5,42;137;7;jah
2010-11-05;5,18;136;6,5;jah
2010-11-06;4,3;130;5,5;jah
2010-11-07;3,87;127;4,6;jah
2010-11-08;3,55;125;3,6;jah
2010-11-09;3,65;126;2,8;jah
2010-11-10;10;166;3,5;jah
2010-11-11;9,8;165;4,4;jah
2010-11-12;8,02;154;4,5;jah
2010-11-13;10,8;170;4,9;jah
2010-11-14;13,5;186;5,4;jah
2010-11-15;11,4;173;5,7;jah
2010-11-16;9,14;159;5,9;jah
2010-11-17;6,91;146;5,1;jah
2010-11-18;5,96;140;3,7;jah
2010-11-19;8,56;155;3,2;jah
2010-11-20;14;185;3,7;jah
2010-11-21;13,6;182;3,8;jah
2010-11-22;12;173;3,7;jah
2010-11-23;11,3;169;3,4;jah
2010-11-24;9,65;160;2,2;jah
2010-11-25;8,08;151;1,2;jah
2010-11-26;6,58;142;0,7;jah
2010-11-27;5,6;154;0,4;jah
2010-11-28;5,21;164;0,3;jah
2010-11-29;4,82;167;0,3;jah
2010-11-30;4,44;166;0,3;jah
2010-12-01;4,06;154;0,3;jah
2010-12-02;3,7;133;0,3;jah
2010-12-03;3,34;122;0,3;jah
2010-12-04;3,01;119;0,3;jah
2010-12-05;2,93;118;0,3;jah
2010-12-06;2,91;118;0,2;jah
2010-12-07;2,92;118;0,2;jah
2010-12-08;2,95;118;0,2;jah
2010-12-09;2,96;118;0,2;jah
2010-12-10;2,88;118;0,2;jah
2010-12-11;2,82;117;0,2;jah
2010-12-12;2,8;117;0,2;jah
2010-12-13;2,78;117;0,2;jah
2010-12-14;2,81;118;0,2;jah
2010-12-15;2,77;117;0,2;jah
2010-12-16;2,77;118;0,2;jah
2010-12-17;2,73;117;0,2;jah
2010-12-18;2,67;117;0,2;jah
2010-12-19;2,65;117;0,2;jah
2010-12-20;2,63;117;0,2;jah
2010-12-21;2,58;117;0,2;jah
2010-12-22;2,53;117;0,2;jah
2010-12-23;2,43;116;0,2;jah
2010-12-24;2,4;116;0,2;jah
2010-12-25;2,33;116;0,1;jah
2010-12-26;2,3;116;0,1;jah
2010-12-27;2,34;116;0,1;jah
2010-12-28;2,35;116;0,1;jah
2010-12-29;2,3;116;0,1;jah
2010-12-30;2,28;117;0,1;jah
2010-12-31;2,3;117;0,1;jah
2011-01-01;2,29;117;0,1;jah
2011-01-02;2,3;118;0;jah
2011-01-03;2,25;118;0;jah
2011-01-04;2,21;118;0;jah
2011-01-05;2,17;118;0;jah
2011-01-06;2,16;118;0;jah
2011-01-07;2,15;119;0;jah
2011-01-08;2,26;120;0;jah
2011-01-09;2,46;122;0;jah
2011-01-10;6,04;150;0;jah
2011-01-11;8,57;169;0;jah
2011-01-12;7,83;165;0;jah
2011-01-13;6,96;159;0;jah
2011-01-14;6,11;154;0;jah
2011-01-15;5,27;149;0;jah
2011-01-16;4,45;143;0;jah
2011-01-17;4,76;147;0;jah
2011-01-18;5,67;155;0;jah
2011-01-19;6,12;157;0;jah
2011-01-20;5,88;154;0;jah
2011-01-21;5,41;150;0;jah
2011-01-22;5,24;148;0;jah
2011-01-23;5,06;146;0;jah
2011-01-24;4,84;143;0;jah
2011-01-25;4,8;142;0;jah
2011-01-26;4,27;138;0;jah
2011-01-27;4,82;141;0;jah
2011-01-28;4,8;140;0;jah
2011-01-29;4,41;137;0;jah
2011-01-30;4,08;134;0;jah
2011-01-31;3,61;130;0;jah
2011-02-01;4,32;134;0,1;jah
2011-02-02;4,59;136;0,1;jah
2011-02-03;5,73;143;0,1;jah
2011-02-04;6,01;146;0,1;jah
2011-02-05;5,58;143;0,1;jah
2011-02-06;4,62;137;0,2;jah
2011-02-07;3,86;132;0,2;jah
2011-02-08;4,23;135;0,2;jah
2011-02-09;5,56;145;0,2;jah
2011-02-10;6,05;148;0;jah
2011-02-11;7,27;157;0;jah
2011-02-12;6,65;159;0;jah
2011-02-13;6,17;164;0;jah
2011-02-14;5,69;168;0;jah
2011-02-15;5,23;169;0;jah
2011-02-16;4,78;169;0;jah
2011-02-17;4,34;167;0;jah
2011-02-18;3,92;162;0;jah
2011-02-19;3,52;152;0;jah
2011-02-20;3,14;140;0;jah
2011-02-21;2,78;131;0;jah
2011-02-22;2,44;126;0;jah
2011-02-23;2,12;121;0;jah
2011-02-24;1,83;119;0;jah
2011-02-25;1,57;117;0;jah
2011-02-26;1,54;117;0;jah
2011-02-27;1,52;116;0;jah
2011-02-28;1,5;116;0;jah
2011-03-01;1,49;116;0;jah
2011-03-02;1,52;116;0;jah
2011-03-03;1,51;116;0;jah
2011-03-04;1,5;115;0;jah
2011-03-05;1,52;115;0;jah
2011-03-06;1,45;114;0;jah
2011-03-07;1,34;113;0;jah
2011-03-08;1,36;113;0;jah
2011-03-09;1,38;113;0;jah
2011-03-10;1,34;112;0;jah
2011-03-11;1,48;114;0;jah
2011-03-12;1,61;115;0,1;jah
2011-03-13;1,76;116;0,1;jah
2011-03-14;2,11;120;0,1;jah
2011-03-15;2,39;122;0,1;jah
2011-03-16;2,42;122;0,1;jah
2011-03-17;2,24;120;0,1;jah
2011-03-18;2,06;118;0,1;jah
2011-03-19;2;118;0,1;jah
2011-03-20;1,91;117;0,1;jah
2011-03-21;1,84;116;0,1;jah
2011-03-22;1,99;117;0,1;jah
2011-03-23;3,84;132;0,1;jah
2011-03-24;5,14;141;0,1;jah
2011-03-25;5,05;140;0,1;jah
2011-03-26;4,49;136;0,1;jah
2011-03-27;3,8;131;0,1;jah
2011-03-28;3,3;127;0,1;jah
2011-03-29;2,77;124;0,1;jah
2011-03-30;2,51;123;0,1;jah
2011-03-31;2,26;121;0,1;jah
2011-04-01;2,12;121;0,1;jah
2011-04-02;2,73;128;0,1;jah
2011-04-03;7,2;166;0,1;jah
2011-04-04;17,8;245;0,1;jah
2011-04-05;29,2;312;0,1;jah
2011-04-06;39,7;347;0,1;jah
2011-04-07;45,6;355;0,3;jah
2011-04-08;44,6;332;0,5;jah
2011-04-09;42,7;320;1,2;jah
2011-04-10;41,7;315;2;jah
2011-04-11;39,5;304;2,2;jah
2011-04-12;33,4;275;2,5;jah
2011-04-13;28,5;251;3,2;jah
2011-04-14;24,2;229;4;jah
2011-04-15;21,3;214;4,8;jah
2011-04-16;18,1;198;5,2;jah
2011-04-17;15,5;185;5,6;jah
2011-04-18;13,1;173;6,8;jah
2011-04-19;10,3;158;6,9;jah
2011-04-20;7,74;146;6,4;jah
2011-04-21;6,12;137;6,7;jah
2011-04-22;5,13;132;7,7;jah
2011-04-23;4,59;129;8,5;jah
2011-04-24;4,19;126;9,5;jah
2011-04-25;3,87;124;10,3;jah
2011-04-26;3,6;123;10,8;jah
2011-04-27;3,34;121;11,4;jah
2011-04-28;3,12;119;11,8;jah
2011-04-29;2,89;118;11,6;jah
2011-04-30;2,77;117;10,8;jah
2011-05-01;2,93;118;9,4;jah
2011-05-02;2,76;117;8,4;jah
2011-05-03;2,66;116;7,7;jah
2011-05-04;2,68;116;7,4;jah
2011-05-05;2,62;116;7,2;jah
2011-05-06;2,49;115;7,8;jah
2011-05-07;2,39;114;8,7;jah
2011-05-08;2,24;113;9,9;jah
2011-05-09;2,08;112;11,3;jah
2011-05-10;1,92;111;12,4;jah
2011-05-11;1,81;110;13,5;jah
2011-05-12;1,74;109;14,2;jah
2011-05-13;1,68;109;14,3;jah
2011-05-14;2,24;113;13,8;jah
2011-05-15;2,66;116;12,7;jah
2011-05-16;2,69;117;11,8;jah
2011-05-17;2,69;117;11,3;jah
2011-05-18;2,58;116;11,5;jah
2011-05-19;2,41;115;11,7;jah
2011-05-20;2,21;113;12,7;jah
2011-05-21;1,97;112;13,3;jah
2011-05-22;1,75;110;13,9;jah
2011-05-23;1,64;110;14,1;jah
2011-05-24;1,66;110;13,9;jah
2011-05-25;1,59;110;14,1;jah
2011-05-26;1,49;109;14,1;jah
2011-05-27;1,33;108;13,9;jah
2011-05-28;1,2;107;14;jah
2011-05-29;1,09;106;13,6;jah
2011-05-30;1,04;106;13,9;jah
2011-05-31;0,97;105;14,8;jah
2011-06-01;0,86;104;16,4;jah
2011-06-02;0,75;103;17,5;jah
2011-06-03;0,68;103;17,8;jah
2011-06-04;0,45;99;18,4;jah
2011-06-05;0,38;98;18,3;jah
2011-06-06;0,4;99;19;jah
2011-06-07;0,34;97;20;jah
2011-06-08;0,34;98;20,6;jah
2011-06-09;0,33;97;21;jah
2011-06-10;0,33;97;21,2;jah
2011-06-11;0,342;97;21,4;jah
2011-06-12;0,33;97;21,4;jah
2011-06-13;0,32;97;20,9;jah
2011-06-14;0,31;97;19,5;jah
2011-06-15;0,32;97;18,6;jah
2011-06-16;0,34;97;18,1;jah
2011-06-17;0,39;98;17,5;jah
2011-06-18;0,5;100;17,9;jah
2011-06-19;0,53;101;17,4;jah
2011-06-20;0,48;100;16,8;jah
2011-06-21;0,47;100;16,9;jah
2011-06-22;0,41;99;17,2;jah
2011-06-23;0,38;98;16,9;jah
2011-06-24;0,36;98;16,8;jah
2011-06-25;0,35;98;17,4;jah
2011-06-26;0,33;98;17,1;jah
2011-06-27;0,31;98;17,2;jah
2011-06-28;0,28;97;18,1;jah
2011-06-29;0,25;96;18,9;jah
2011-06-30;0,22;96;20;jah
2011-07-01;0,21;96;21,1;jah
2011-07-02;0,19;95;21,8;jah
2011-07-03;0,24;97;21,6;jah
2011-07-04;0,25;98;21,2;jah
2011-07-05;0,19;96;21;jah
2011-07-06;0,16;95;20,8;jah
2011-07-07;0,16;95;20,9;jah
2011-07-08;0,15;94;21,1;jah
2011-07-09;0,15;94;21,5;jah
2011-07-10;0,17;95;21,2;jah
2011-07-11;0,17;95;21,2;jah
2011-07-12;0,25;98;21;jah
2011-07-13;0,26;98;20,6;jah
2011-07-14;0,21;96;20,2;jah
2011-07-15;0,18;95;20,1;jah
2011-07-16;0,17;95;19,9;jah
2011-07-17;0,17;94;19,7;jah
2011-07-18;0,15;94;19,6;jah
2011-07-19;0,14;93;19,8;jah
2011-07-20;0,14;93;19,7;jah
2011-07-21;0,14;93;20,7;jah
2011-07-22;0,16;93;21,5;jah
2011-07-23;0,2;93;21,7;jah
2011-07-24;0,21;93;20,6;jah
2011-07-25;0,22;93;19,7;jah
2011-07-26;0,25;93;19,6;jah
2011-07-27;0,33;94;19,7;jah
2011-07-28;1,12;104;20,3;jah
2011-07-29;2,61;118;19,9;jah
2011-07-30;2,22;115;19,5;jah
2011-07-31;1,65;110;19,4;jah
2011-08-01;1,14;105;19,3;jah
2011-08-02;0,87;103;18,7;jah
2011-08-03;0,72;101;18,2;jah
2011-08-04;0,62;100;18,2;jah
2011-08-05;0,51;98;18,1;jah
2011-08-06;0,46;98;17,7;jah
2011-08-07;0,463;98;17,8;jah
2011-08-08;0,438;98;18,5;jah
2011-08-09;0,52;99;18,3;jah
2011-08-10;0,94;106;17,7;jah
2011-08-11;1,08;108;17,1;jah
2011-08-12;0,958;107;16,5;jah
2011-08-13;0,91;106;16,2;jah
2011-08-14;0,79;105;16,9;jah
2011-08-15;0,7;104;17,6;jah
2011-08-16;0,59;103;17,8;jah
2011-08-17;0,51;101;17,7;jah
2011-08-18;0,53;101;17,6;jah
2011-08-19;0,63;103;17,5;jah
2011-08-20;0,55;101;17,8;jah
2011-08-21;0,53;101;17,7;jah
2011-08-22;0,51;100;17,7;jah
2011-08-23;0,57;101;17,2;jah
2011-08-24;0,58;101;17,2;jah
2011-08-25;0,55;100;17;jah
2011-08-26;0,53;100;17,5;jah
2011-08-27;0,523;99;18;jah
2011-08-28;0,52;99;18;jah
2011-08-29;0,52;99;17,3;jah
2011-08-30;0,89;104;16,6;jah
2011-08-31;1,53;111;16;jah
2011-09-01;2,01;115;15,3;jah
2011-09-02;2,35;118;14,5;jah
2011-09-03;1,95;115;14,6;jah
2011-09-04;1,64;112;14,5;jah
2011-09-05;1,5;110;14,4;jah
2011-09-06;1,35;109;14,4;jah
2011-09-07;1,29;108;14,1;jah
2011-09-08;1,26;108;14,4;jah
2011-09-09;1,35;109;13,7;jah
2011-09-10;1,3;108;13,6;jah
2011-09-11;1,11;107;13,7;jah
2011-09-12;1,02;106;13,7;jah
2011-09-13;1,11;107;13,9;jah
2011-09-14;1,39;110;13,8;jah
2011-09-15;1,32;109;13,6;jah
2011-09-16;1,27;108;13,5;jah
2011-09-17;1,34;109;13,2;jah
2011-09-18;1,32;109;12,6;jah
2011-09-19;1,21;108;12,5;jah
2011-09-20;1,16;108;12,8;jah
2011-09-21;1,17;108;12,6;jah
2011-09-22;1,17;108;12,8;jah
2011-09-23;1,25;109;12,6;jah
2011-09-24;1,26;109;12,2;jah
2011-09-25;1,19;108;12,2;jah
2011-09-26;1,13;108;12,3;jah
2011-09-27;1,06;107;12,4;jah
2011-09-28;1,02;106;12,1;jah
2011-09-29;1,02;106;12,1;jah
2011-09-30;1,02;107;12,5;jah
2011-10-01;0,97;106;12,3;jah
2011-10-02;0,86;105;11,4;jah
2011-10-03;0,81;104;11,7;jah
2011-10-04;0,9;105;11,8;jah
2011-10-05;0,94;106;11,5;jah
2011-10-06;1;107;11,4;jah
2011-10-07;1;106;11,5;jah
2011-10-08;1,07;107;11,3;jah
2011-10-09;1,13;107;10,7;jah
2011-10-10;1,24;108;10,2;jah
2011-10-11;3,25;125;9,8;jah
2011-10-12;3,75;128;9;jah
2011-10-13;3,45;126;8,3;jah
2011-10-14;3,25;124;7,7;jah
2011-10-15;2,93;121;7;jah
2011-10-16;2,77;120;7;jah
2011-10-17;2,52;117;7,1;jah
2011-10-18;2,49;117;7,1;jah
2011-10-19;2,56;117;7,1;jah
2011-10-20;3,63;124;7,4;jah
2011-10-21;4,49;129;7,4;jah
2011-10-22;4,15;126;7,1;jah
2011-10-23;3,88;124;7,5;jah
2011-10-24;3,77;123;7,5;jah
2011-10-25;3,35;120;6,8;jah
2011-10-26;3,16;119;6,2;jah
2011-10-27;2,87;117;5,6;jah
2011-10-28;2,64;116;5,6;jah
2011-10-29;2,59;116;6;jah
2011-10-30;2,34;114;6,6;jah
2011-10-31;2,23;114;7,4;jah
2011-11-01;2,23;114;7,7;jah
2011-11-02;2,1;114;8,1;jah
2011-11-03;2,02;113;8,2;jah
2011-11-04;1,95;113;7,8;jah
2011-11-05;1,84;112;7,3;jah
2011-11-06;1,69;111;6,5;jah
2011-11-07;1,7;112;6,1;jah
2011-11-08;1,6;111;6,1;jah
2011-11-09;1,51;111;5,9;jah
2011-11-10;1,41;110;4,8;jah
2011-11-11;1,34;109;4,2;jah
2011-11-12;1,37;109;4,2;jah
2011-11-13;1,45;110;4;jah
2011-11-14;1,39;109;4,3;jah
2011-11-15;1,41;109;4,2;jah
2011-11-16;1,34;108;3,6;jah
2011-11-17;1,31;108;3,8;jah
2011-11-18;1,31;108;3,8;jah
2011-11-19;1,37;108;4,2;jah
2011-11-20;1,55;110;4;jah
2011-11-21;1,51;109;3,3;jah
2011-11-22;1,49;109;3,4;jah
2011-11-23;1,49;109;3,2;jah
2011-11-24;1,54;109;3,6;jah
2011-11-25;1,79;111;4,2;jah
2011-11-26;2,48;117;4,8;jah
2011-11-27;3,13;121;5,3;jah
2011-11-28;5,04;133;5,5;jah
2011-11-29;4,51;130;4,6;jah
2011-11-30;3,61;125;4,3;jah
2011-12-01;3,01;121;4,2;jah
2011-12-02;3,02;122;4,3;jah
2011-12-03;6,59;145;4,2;jah
2011-12-04;8,48;157;4,1;jah
2011-12-05;11,9;178;3,9;jah
2011-12-06;11,6;177;3,4;jah
2011-12-07;10,1;169;3;jah
2011-12-08;9,14;163;2,9;jah
2011-12-09;7,88;155;2,7;jah
2011-12-10;8,81;161;2,7;jah
2011-12-11;12,1;181;3,3;jah
2011-12-12;10,9;173;3,1;jah
2011-12-13;10,1;168;3;jah
2011-12-14;13;185;3,3;jah
2011-12-15;18,8;218;3,9;jah
2011-12-16;24,6;250;3,9;jah
2011-12-17;21,9;235;3,3;jah
2011-12-18;21,4;232;3,2;jah
2011-12-19;26,1;258;3,2;jah
2011-12-20;28,1;268;3;jah
2011-12-21;26;257;2,3;jah
2011-12-22;20,6;227;1,8;jah
2011-12-23;15,3;197;1,3;jah
2011-12-24;13,6;187;1,5;jah
2011-12-25;17,2;208;1,9;jah
2011-12-26;17,9;212;2,8;jah
2011-12-27;16,8;206;3,5;jah
2011-12-28;14,7;193;2,7;jah
2011-12-29;13,1;184;2,7;jah
2011-12-30;18;212;3,2;jah
2011-12-31;22,4;236;2,5;jah
2012-01-01;18,3;211;1,4;jah
2012-01-02;13,4;183;0,8;jah
2012-01-03;11,8;176;1,2;jah
2012-01-04;13,4;188;1,6;jah
2012-01-05;23,6;245;1,8;jah
2012-01-06;25;248;1,5;jah
2012-01-07;20,9;223;0,9;jah
2012-01-08;15,9;194;0,4;jah
2012-01-09;12,5;174;0,7;jah
2012-01-10;10,6;163;0,6;jah
2012-01-11;9,97;161;0,9;jah
2012-01-12;17,4;202;1,3;jah
2012-01-13;27,2;248;1,2;jah
2012-01-14;25,1;231;0,3;jah
2012-01-15;18,6;197;0,1;jah
2012-01-16;13,8;173;0,1;jah
2012-01-17;10,8;158;0,3;jah
2012-01-18;8,93;149;0,4;jah
2012-01-19;7,52;143;0,4;jah
2012-01-20;6,54;139;0,5;jah
2012-01-21;5,92;136;0,3;jah
2012-01-22;5,4;134;0,2;jah
2012-01-23;4,95;132;0,1;jah
2012-01-24;4,49;132;0;jah
2012-01-25;4,08;148;0;jah
2012-01-26;3,68;163;0;jah
2012-01-27;3,31;176;0,1;jah
2012-01-28;2,96;178;0,1;jah
2012-01-29;2,63;164;0;jah
2012-01-30;2,32;143;0;jah
2012-01-31;2,03;127;0;jah
2012-02-01;1,76;119;0;jah
2012-02-02;1,52;114;0;jah
2012-02-03;1,33;112;0;jah
2012-02-04;1,18;111;0;jah
2012-02-05;1,03;110;0;jah
2012-02-06;0,951;109;0;jah
2012-02-07;0,92;109;0;jah
2012-02-08;0,89;110;0;jah
2012-02-09;0,944;110;0;jah
2012-02-10;1,02;111;0;jah
2012-02-11;1,12;112;0;jah
2012-02-12;1,16;112;0;jah
2012-02-13;1,11;112;0;jah
2012-02-14;1,06;111;0;jah
2012-02-15;1,14;112;0;jah
2012-02-16;1,11;111;0;jah
2012-02-17;1;109;0;jah
2012-02-18;0,982;109;0;jah
2012-02-19;0,986;109;0;jah
2012-02-20;0,962;108;0;jah
2012-02-21;0,981;108;0;jah
2012-02-22;1,04;109;0;jah
2012-02-23;1,55;115;0;jah
2012-02-24;2,68;126;0;jah
2012-02-25;3,22;130;0;jah
2012-02-26;2,62;124;0;jah
2012-02-27;2,5;124;0;jah
2012-02-28;2,48;123;0;jah
2012-02-29;2,09;120;0;jah
2012-03-01;2,16;120;0;jah
2012-03-02;2,05;119;0;jah
2012-03-03;2,41;122;0;jah
2012-03-04;2,7;124;0;jah
2012-03-05;2,47;122;0;jah
2012-03-06;2,17;119;0;jah
2012-03-07;1,95;117;0;jah
2012-03-08;1,81;116;0;jah
2012-03-09;1,6;114;0;jah
2012-03-10;1,55;115;0;jah
2012-03-11;1,93;120;0;jah
2012-03-12;2,46;127;0;jah
2012-03-13;3,84;141;0;jah
2012-03-14;4,96;152;0;jah
2012-03-15;5,36;157;0;jah
2012-03-16;4,7;153;0;jah
2012-03-17;4,94;160;0;jah
2012-03-18;6,44;180;0;jah
2012-03-19;10,9;230;0;jah
2012-03-20;16,4;268;0,1;jah
2012-03-21;21;283;0,1;jah
2012-03-22;26,1;312;0,1;jah
2012-03-23;31,7;346;0,1;jah
2012-03-24;36,5;355;0,1;jah
2012-03-25;36,6;352;0,1;jah
2012-03-26;34,9;317;0,4;jah
2012-03-27;27,3;265;1,1;jah
2012-03-28;27,5;255;1,3;jah
2012-03-29;29,4;256;1,4;jah
2012-03-30;28,2;247;1,4;jah
2012-03-31;25;231;1,4;jah
2012-04-01;20,5;208;1,2;jah
2012-04-02;16,3;187;1,2;jah
2012-04-03;13,5;174;1,3;jah
2012-04-04;11,7;165;1,5;jah
2012-04-05;11,2;163;2,1;jah
2012-04-06;11,4;164;2,1;jah
2012-04-07;11,6;165;1,5;jah
2012-04-08;11,1;162;0,9;jah
2012-04-09;10,4;157;1,1;jah
2012-04-10;10,3;159;2,2;jah
2012-04-11;11,7;166;3;jah
2012-04-12;12,9;172;3,9;jah
2012-04-13;13,2;173;4,8;jah
2012-04-14;14,2;179;4,7;jah
2012-04-15;12,5;169;4,2;jah
2012-04-16;10,1;158;4,7;jah
2012-04-17;11,4;166;3,8;jah
2012-04-18;11,5;165;4,4;jah
2012-04-19;9,26;153;4,9;jah
2012-04-20;8,89;154;5,1;jah
2012-04-21;14;180;5,5;jah
2012-04-22;12,3;169;6,6;jah
2012-04-23;10,5;162;7,5;jah
2012-04-24;13,4;178;7;jah
2012-04-25;12,5;171;7;jah
2012-04-26;9,43;155;8,8;jah
2012-04-27;7,75;147;10,1;jah
2012-04-28;6,86;142;10,6;jah
2012-04-29;6,35;140;10,8;jah
2012-04-30;6,15;138;9,9;jah
2012-05-01;5,39;134;10,5;jah
2012-05-02;4,75;130;10,7;jah
2012-05-03;4,29;127;10,6;jah
2012-05-04;3,96;125;10,4;jah
2012-05-05;3,88;125;10,9;jah
2012-05-06;3,67;123;10,5;jah
2012-05-07;4,39;128;9,7;jah
2012-05-08;4,4;128;9,7;jah
2012-05-09;3,89;124;10,8;jah
2012-05-10;3,5;122;12,2;jah
2012-05-11;4;126;13,3;jah
2012-05-12;5,3;132;12,7;jah
2012-05-13;4,41;127;11,2;jah
2012-05-14;3,83;124;10,7;jah
2012-05-15;3,48;122;11,2;jah
2012-05-16;3,34;121;12;jah
2012-05-17;6,22;139;12,5;jah
2012-05-18;9,41;154;11,5;jah
2012-05-19;7,78;144;11,1;jah
2012-05-20;5,63;133;12,4;jah
2012-05-21;4,57;128;14,2;jah
2012-05-22;3,95;124;16,5;jah
2012-05-23;3,34;120;17;jah
2012-05-24;2,91;117;16,3;jah
2012-05-25;2,62;115;15,7;jah
2012-05-26;2,44;114;15,5;jah
2012-05-27;2,28;113;15,8;jah
2012-05-28;2,13;112;16;jah
2012-05-29;2,02;111;15,7;jah
2012-05-30;2,41;115;14;jah
2012-05-31;3,68;123;11,9;jah
2012-06-01;3,37;121;10,7;jah
2012-06-02;7,12;144;10,6;jah
2012-06-03;9,98;154;10,6;jah
2012-06-04;6,43;137;11,4;jah
2012-06-05;4,62;128;11,9;jah
2012-06-06;3,78;124;12,8;jah
2012-06-07;3,23;121;13,2;jah
2012-06-08;2,8;118;13,7;jah
2012-06-09;2,45;116;13,9;jah
2012-06-10;2,17;114;14,5;jah
2012-06-11;2,04;114;14,2;jah
2012-06-12;2,32;116;14,6;jah
2012-06-13;2,08;115;15,1;jah
2012-06-14;1,85;113;15,6;jah
2012-06-15;1,65;112;16,7;jah
2012-06-16;1,44;110;17,1;jah
2012-06-17;1,25;108;16,9;jah
2012-06-18;1,19;108;17,2;jah
2012-06-19;1,11;108;16,7;jah
2012-06-20;1,05;107;16,9;jah
2012-06-21;0,952;106;16,9;jah
2012-06-22;0,872;105;17,5;jah
2012-06-23;1,07;108;16,8;jah
2012-06-24;2,11;119;15,2;jah
2012-06-25;2,36;120;14,5;jah
2012-06-26;2,85;124;14,5;jah
2012-06-27;2,7;122;14,6;jah
2012-06-28;2,54;121;14,7;jah
2012-06-29;2,49;120;14,5;jah
2012-06-30;2,28;118;14,4;jah
2012-07-01;2,01;115;15,3;jah
2012-07-02;1,85;114;16,3;jah
2012-07-03;1,78;113;16,4;jah
2012-07-04;1,66;112;17;jah
2012-07-05;1,88;114;16,9;jah
2012-07-06;2,55;119;17,4;jah
2012-07-07;2,97;122;18,2;jah
2012-07-08;3,09;122;18,7;jah
2012-07-09;2,51;118;19;jah
2012-07-10;2,12;115;19;jah
2012-07-11;1,79;112;18,8;jah
2012-07-12;1,56;110;19,1;jah
2012-07-13;1,88;114;18,7;jah
2012-07-14;2,63;119;17,8;jah
2012-07-15;2,29;117;16,9;jah
2012-07-16;3,69;129;16,2;jah
2012-07-17;3,72;127;15,8;jah
2012-07-18;2,87;122;15,6;jah
2012-07-19;2,86;122;15,5;jah
2012-07-20;2,5;119;15,7;jah
2012-07-21;2,2;117;15,7;jah
2012-07-22;2,08;116;16;jah
2012-07-23;1,84;114;15,8;jah
2012-07-24;1,64;112;16,4;jah
2012-07-25;1,45;111;16,9;jah
2012-07-26;1,32;109;17,6;jah
2012-07-27;1,16;108;18,3;jah
2012-07-28;0,988;106;18,6;jah
2012-07-29;0,854;104;19,8;jah
2012-07-30;0,756;103;20,2;jah
2012-07-31;0,726;103;19,4;jah
2012-08-01;0,685;103;18,9;jah
2012-08-02;0,659;102;18,6;jah
2012-08-03;0,578;101;18,7;jah
2012-08-04;0,564;101;19,2;jah
2012-08-05;0,59;102;19,1;jah
2012-08-06;0,624;103;18,7;jah
2012-08-07;0,767;105;18,5;jah
2012-08-08;0,947;108;17,9;jah
2012-08-09;1,97;120;17,1;jah
2012-08-10;2,12;120;15,7;jah
2012-08-11;1,8;117;15,2;jah
2012-08-12;1,53;114;14,7;jah
2012-08-13;1,39;113;14,5;jah
2012-08-14;1,28;111;14,7;jah
2012-08-15;1,08;109;15,1;jah
2012-08-16;0,979;107;15,4;jah
2012-08-17;0,914;106;15,8;jah
2012-08-18;0,838;105;16,4;jah
2012-08-19;0,798;105;16,8;jah
2012-08-20;0,881;106;17;jah
2012-08-21;0,846;105;16,1;jah
2012-08-22;0,797;104;15,8;jah
2012-08-23;0,961;107;15,7;jah
2012-08-24;1,12;108;15,5;jah
2012-08-25;1,25;110;15,5;jah
2012-08-26;1,37;111;15,4;jah
2012-08-27;1,29;110;15,6;jah
2012-08-28;1,3;110;15,3;jah
2012-08-29;1,2;109;15,2;jah
2012-08-30;1,1;108;14,9;jah
2012-08-31;0,999;106;14,7;jah
2012-09-01;0,926;106;14,6;jah
2012-09-02;1,03;107;14,7;jah
2012-09-03;1,24;109;15,1;jah
2012-09-04;1,37;111;15,2;jah
2012-09-05;1,25;109;15,4;jah
2012-09-06;1,14;108;15;jah
2012-09-07;1,05;107;14,4;jah
2012-09-08;0,965;106;13,7;jah
2012-09-09;0,902;105;13,2;jah
2012-09-10;0,943;106;12,9;jah
2012-09-11;0,911;105;13,1;jah
2012-09-12;0,99;106;13,5;jah
2012-09-13;1,05;106;13,3;jah
2012-09-14;1,11;107;13,1;jah
2012-09-15;1,11;107;13,5;jah
2012-09-16;1,15;107;13,2;jah
2012-09-17;1,11;106;13,6;jah
2012-09-18;1,06;106;13,9;jah
2012-09-19;1,05;105;13,9;jah
2012-09-20;1,16;107;13,1;jah
2012-09-21;1,35;109;12,6;jah
2012-09-22;1,92;114;12,2;jah
2012-09-23;1,99;114;11,6;jah
2012-09-24;2,14;115;11,1;jah
2012-09-25;2,42;117;10,9;jah
2012-09-26;2,39;117;10,9;jah
2012-09-27;2,18;115;11,3;jah
2012-09-28;2,17;115;11,8;jah
2012-09-29;2,39;117;11,7;jah
2012-09-30;3,01;123;11,7;jah
2012-10-01;4,08;130;11,3;jah
2012-10-02;4,05;130;11,1;jah
2012-10-03;3,64;127;11,1;jah
2012-10-04;3,25;124;11,4;jah
2012-10-05;3,09;124;11,5;jah
2012-10-06;3,84;129;10,9;jah
2012-10-07;3,74;128;9,9;jah
2012-10-08;3,63;128;9,3;jah
2012-10-09;4,65;137;9,1;jah
2012-10-10;13,1;189;8,8;jah
2012-10-11;14,3;192;8,6;jah
2012-10-12;11,6;175;8,1;jah
2012-10-13;8,51;156;7,5;jah
2012-10-14;6,99;148;7;jah
2012-10-15;6,47;145;7,2;jah
2012-10-16;6,63;146;8,2;jah
2012-10-17;8,86;161;8,4;jah
2012-10-18;12,9;182;8,4;jah
2012-10-19;10,5;166;8,9;jah
2012-10-20;8,08;152;9,6;jah
2012-10-21;7,11;147;10;jah
2012-10-22;6,36;142;9,7;jah
2012-10-23;5,5;137;8,1;jah
2012-10-24;4,95;134;7,2;jah
2012-10-25;4,69;132;6,9;jah
2012-10-26;4,82;133;5,4;jah
2012-10-27;5,05;134;3,6;jah
2012-10-28;5,2;135;2,6;jah
2012-10-29;4,67;132;2;jah
2012-10-30;4,34;130;2,1;jah
2012-10-31;4,18;130;2,4;jah
2012-11-01;4,14;130;2,8;jah
2012-11-02;5,18;139;3,6;jah
2012-11-03;7,98;156;4,9;jah
2012-11-04;8,16;157;5;jah
2012-11-05;7,81;157;4,6;jah
2012-11-06;12,4;188;4,4;jah
2012-11-07;12,3;186;4,2;jah
2012-11-08;9,95;170;3,7;jah
2012-11-09;7,93;157;3,5;jah
2012-11-10;6,51;147;3;jah
2012-11-11;5,52;141;3,4;jah
2012-11-12;5,15;138;4,5;jah
2012-11-13;4,86;136;4,4;jah
2012-11-14;4,39;133;4,1;jah
2012-11-15;4,27;132;5,2;jah
2012-11-16;4,3;131;5,1;jah
2012-11-17;4,11;130;5,1;jah
2012-11-18;3,99;129;5,1;jah
2012-11-19;3,86;127;4,8;jah
2012-11-20;3,81;127;4,4;jah
2012-11-21;3,62;126;4,6;jah
2012-11-22;3,46;124;4,9;jah
2012-11-23;3,33;124;4,9;jah
2012-11-24;3,29;123;5,2;jah
2012-11-25;3,22;123;5,1;jah
2012-11-26;3,24;123;4,7;jah
2012-11-27;3,14;122;3,7;jah
2012-11-28;3,06;122;2,5;jah
2012-11-29;3,11;122;1,4;jah
2012-11-30;2,95;121;0,5;jah
2012-12-01;3,13;123;0,2;jah
2012-12-02;3,7;126;0,2;jah
2012-12-03;2,93;121;0,2;jah
2012-12-04;2,9;121;0,2;jah
2012-12-05;2,92;121;0,2;jah
2012-12-06;2,99;121;0,2;jah
2012-12-07;2,96;121;0,2;jah
2012-12-08;3,01;121;0,2;jah
2012-12-09;3;121;0,2;jah
2012-12-10;3,19;123;0,1;jah
2012-12-11;3,35;124;0,1;jah
2012-12-12;3,01;121;0,1;jah
2012-12-13;2,91;121;0,1;jah
2012-12-14;2,9;121;0,1;jah
2012-12-15;2,84;120;0,1;jah
2012-12-16;2,68;119;0,1;jah
2012-12-17;2,65;119;0,1;jah
2012-12-18;2,64;119;0,1;jah
2012-12-19;2,57;118;0,1;jah
2012-12-20;2,5;118;0,1;jah
2012-12-21;2,46;117;0,1;jah
2012-12-22;2,4;117;0,1;jah
2012-12-23;2,36;117;0,1;jah
2012-12-24;2,34;116;0,1;jah
2012-12-25;2,35;117;0,1;jah
2012-12-26;2,88;121;0,1;jah
2012-12-27;5,47;140;0,1;jah
2012-12-28;12,4;178;0,1;jah
2012-12-29;12,3;174;0,1;jah
2012-12-30;9,75;159;0,1;jah
2012-12-31;8,91;157;0,2;jah
2013-01-01;16,4;204;0,3;jah
2013-01-02;28,3;260;0,4;jah
2013-01-03;31,4;272;0,5;jah
2013-01-04;29;256;0,8;jah
2013-01-05;24,2;232;0,8;jah
2013-01-06;18,8;204;0,4;jah
2013-01-07;13,3;177;0,3;jah
2013-01-08;9,8;159;0,3;jah
2013-01-09;7,43;147;0,4;jah
2013-01-10;6,3;143;0,5;jah
2013-01-11;5,17;140;0,2;jah
2013-01-12;4,71;156;0,1;jah
2013-01-13;4,45;175;0,2;jah
2013-01-14;4,2;172;0,1;jah
2013-01-15;3,95;173;0,1;jah
2013-01-16;3,71;171;0,1;jah
2013-01-17;3,47;168;0,1;jah
2013-01-18;3,24;169;0,1;jah
2013-01-19;3,02;168;0,1;jah
2013-01-20;2,8;160;0,1;jah
2013-01-21;2,58;149;0,1;jah
2013-01-22;2,38;149;0,1;jah
2013-01-23;2,17;137;0,1;jah
2013-01-24;1,86;128;0,1;jah
2013-01-25;1,27;121;0,1;jah
2013-01-26;0,982;116;0,1;jah
2013-01-27;0,939;115;0,1;jah
2013-01-28;0,909;114;0,1;jah
2013-01-29;0,886;113;0,1;jah
2013-01-30;0,962;114;0,1;jah
2013-01-31;1,22;117;0,1;jah
2013-02-01;1,7;122;0,1;jah
2013-02-02;1,72;121;0,1;jah
2013-02-03;1,57;119;0,1;jah
2013-02-04;1,39;116;0,1;jah
2013-02-05;1,28;114;0,1;jah
2013-02-06;1,23;114;0,1;jah
2013-02-07;1,17;112;0,1;jah
2013-02-08;1,07;111;0,1;jah
2013-02-09;1,08;111;0,1;jah
2013-02-10;1,12;111;0,1;jah
2013-02-11;1,14;111;0,1;jah
2013-02-12;1,16;111;0,1;jah
2013-02-13;1,16;111;0,1;jah
2013-02-14;1,2;111;0,1;jah
2013-02-15;1,24;111;0,1;jah
2013-02-16;1,24;111;0,1;jah
2013-02-17;1,25;110;0,1;jah
2013-02-18;1,27;111;0,1;jah
2013-02-19;1,31;111;0,1;jah
2013-02-20;1,24;110;0,1;jah
2013-02-21;1,29;110;0,1;jah
2013-02-22;1,26;110;0,1;jah
2013-02-23;1,25;110;0,1;jah
2013-02-24;1,2;109;0,1;jah
2013-02-25;1,2;109;0,1;jah
2013-02-26;1,18;109;0,1;jah
2013-02-27;1,18;109;0,1;jah
2013-02-28;1,18;109;0,1;jah
2013-03-01;1,2;109;0,1;jah
2013-03-02;1,22;109;0,1;jah
2013-03-03;1,18;109;0,1;jah
2013-03-04;1,2;109;0,1;jah
2013-03-05;1,15;109;0,1;jah
2013-03-06;1,16;109;0,1;jah
2013-03-07;1,15;109;0,1;jah
2013-03-08;1,09;108;0,1;jah
2013-03-09;1,06;108;0,1;jah
2013-03-10;0,985;107;0,1;jah
2013-03-11;0,897;107;0,1;jah
2013-03-12;0,855;107;0,1;jah
2013-03-13;0,827;107;0,1;jah
2013-03-14;0,791;107;0,1;jah
2013-03-15;0,745;106;0,1;jah
2013-03-16;0,71;106;0,1;jah
2013-03-17;0,685;107;0;jah
2013-03-18;0,68;107;0;jah
2013-03-19;0,637;107;0;jah
2013-03-20;0,605;107;0;jah
2013-03-21;0,588;107;0;jah
2013-03-22;0,569;108;0;jah
2013-03-23;0,564;109;0;jah
2013-03-24;0,569;110;0;jah
2013-03-25;0,589;111;0;jah
2013-03-26;0,642;111;0;jah
2013-03-27;0,766;112;0;jah
2013-03-28;0,978;115;0;jah
2013-03-29;1,03;114;0;jah
2013-03-30;0,906;112;0;jah
2013-03-31;0,881;111;0;jah
2013-04-01;0,921;110;0;jah
2013-04-02;0,95;110;0;jah
2013-04-03;1,08;111;0;jah
2013-04-04;1,16;112;0;jah
2013-04-05;1,32;113;0;jah
2013-04-06;1,27;112;0;jah
2013-04-07;1,25;111;0;jah
2013-04-08;1,18;110;0;jah
2013-04-09;1,07;110;0;jah
2013-04-10;1,04;111;0;jah
2013-04-11;1,13;113;0;jah
2013-04-12;0,926;113;0;jah
2013-04-13;10,9;221;0;jah
2013-04-14;20,2;313;0;jah
2013-04-15;22,8;302;0;jah
2013-04-16;26;304;0;jah
2013-04-17;29,4;281;0,3;jah
2013-04-18;30,4;261;1,5;jah
2013-04-19;28,4;249;3;jah
2013-04-20;24,3;228;3,6;jah
2013-04-21;17;194;3,5;jah
2013-04-22;12;170;4,1;jah
2013-04-23;9,69;158;5,1;jah
2013-04-24;8,63;153;5,9;jah
2013-04-25;8,89;155;6,8;jah
2013-04-26;8,61;153;6,1;jah
2013-04-27;8,72;153;4,8;jah
2013-04-28;7,02;144;5,4;jah
2013-04-29;5,72;138;6;jah
2013-04-30;5,24;135;6,6;jah
2013-05-01;4,8;132;7,6;jah
2013-05-02;4,33;129;8,2;jah
2013-05-03;3,87;127;8,5;jah
2013-05-04;3,48;124;8,8;jah
2013-05-05;3,12;122;9,3;jah
2013-05-06;2,84;120;9,6;jah
2013-05-07;2,67;120;10,5;jah
2013-05-08;2,52;119;11,6;jah
2013-05-09;2,35;118;13,2;jah
2013-05-10;2,42;119;14,3;jah
2013-05-11;2,38;118;14,9;jah
2013-05-12;2,2;117;14;jah
2013-05-13;2,16;118;13,2;jah
2013-05-14;2,5;120;12,5;jah
2013-05-15;2,24;118;13;jah
2013-05-16;2;117;13,4;jah
2013-05-17;1,83;115;14,8;jah
2013-05-18;1,67;114;16,4;jah
2013-05-19;1,72;114;18,1;jah
2013-05-20;1,68;114;19;jah
2013-05-21;1,59;113;18,9;jah
2013-05-22;1,61;113;18,2;jah
2013-05-23;1,78;114;17,5;jah
2013-05-24;1,66;113;17;jah
2013-05-25;1,52;112;16,3;jah
2013-05-26;1,43;111;15,5;jah
2013-05-27;1,53;112;15,3;jah
2013-05-28;1,47;111;16,4;jah
2013-05-29;1,32;109;16,9;jah
2013-05-30;1,3;109;17,1;jah
2013-05-31;1,5;112;17,4;jah
2013-06-01;1,98;116;18;jah
2013-06-02;2,23;118;18,3;jah
2013-06-03;1,69;114;18,8;jah
2013-06-04;1,37;111;19,2;jah
2013-06-05;1,15;109;19,6;jah
2013-06-06;1,01;107;20,1;jah
2013-06-07;0,929;106;20,1;jah
2013-06-08;0,979;107;19,2;jah
2013-06-09;0,892;106;19,2;jah
2013-06-10;0,798;104;18,9;jah
2013-06-11;0,731;104;18,3;jah
2013-06-12;0,672;103;17,9;jah
2013-06-13;0,638;102;18;jah
2013-06-14;0,607;102;17,8;jah
2013-06-15;0,589;102;17,3;jah
2013-06-16;0,576;102;17,1;jah
2013-06-17;0,607;102;16,8;jah
2013-06-18;0,651;103;17,1;jah
2013-06-19;0,614;103;17,5;jah
2013-06-20;0,552;102;17,6;jah
2013-06-21;0,504;100;18;jah
2013-06-22;0,271;95;19;jah
2013-06-23;0,253;94;19;jah
2013-06-24;0,248;94;19,4;jah
2013-06-25;0,284;96;19,8;jah
2013-06-26;0,342;98;20,8;jah
2013-06-27;0,36;98;21,2;jah
2013-06-28;0,359;98;20,3;jah
2013-06-29;0,407;100;19,3;jah
2013-06-30;0,441;101;18,8;jah
2013-07-01;0,396;100;18,6;jah
2013-07-02;0,363;100;17,8;jah
2013-07-03;0,327;99;18,2;jah
2013-07-04;0,296;99;18,7;jah
2013-07-05;0,266;98;19,2;jah
2013-07-06;0,247;98;19,4;jah
2013-07-07;0,23;98;19,2;jah
2013-07-08;0,203;97;19,2;jah
2013-07-09;0,185;97;19,3;jah
2013-07-10;0,171;96;18,8;jah
2013-07-11;0,167;96;18,9;jah
2013-07-12;0,183;97;18,6;jah
2013-07-13;0,183;97;18,6;jah
2013-07-14;0,165;96;19;jah
2013-07-15;0,152;96;19,2;jah
2013-07-16;0,143;95;18,9;jah
2013-07-17;0,135;95;18,2;jah
2013-07-18;0,13;94;18,1;jah
2013-07-19;0,142;95;18,1;jah
2013-07-20;0,153;96;17,4;jah
2013-07-21;0,152;96;17,3;jah
2013-07-22;0,144;96;16,6;jah
2013-07-23;0,15;96;17,1;jah
2013-07-24;0,153;96;17,6;jah
2013-07-25;0,15;96;18;jah
2013-07-26;0,142;96;17,8;jah
2013-07-27;0,136;96;17,8;jah
2013-07-28;0,129;95;17,7;jah
2013-07-29;0,122;95;18,4;jah
2013-07-30;0,131;96;18,8;jah
2013-07-31;0,223;100;18,8;jah
2013-08-01;0,287;102;18,8;jah
2013-08-02;0,265;102;18,4;jah
2013-08-03;0,26;101;18,7;jah
2013-08-04;0,214;100;19;jah
2013-08-05;0,181;98;19,2;jah
2013-08-06;0,173;98;18,6;jah
2013-08-07;0,168;98;18,8;jah
2013-08-08;0,163;98;19,8;jah
2013-08-09;0,162;98;20,4;jah
2013-08-10;0,165;98;19,8;jah
2013-08-11;0,17;98;19,1;jah
2013-08-12;0,233;100;18,4;jah
2013-08-13;0,367;105;18,1;jah
2013-08-14;0,52;109;17,8;jah
2013-08-15;0,456;106;17,3;jah
2013-08-16;0,359;103;17,3;jah
2013-08-17;0,325;102;17,1;jah
2013-08-18;0,279;100;17,2;jah
2013-08-19;0,248;99;17,7;jah
2013-08-20;0,25;99;17,6;jah
2013-08-21;0,245;99;17,2;jah
2013-08-22;0,247;99;17,1;jah
2013-08-23;0,239;98;16,6;jah
2013-08-24;0,227;98;15,7;jah
2013-08-25;0,221;97;15,1;jah
2013-08-26;0,199;96;15;jah
2013-08-27;0,213;97;15,3;jah
2013-08-28;0,214;97;15,9;jah
2013-08-29;0,211;96;15,7;jah
2013-08-30;0,215;96;15,9;jah
2013-08-31;0,22;96;15,4;jah
2013-09-01;0,24;97;15,6;jah
2013-09-02;0,266;98;14,4;jah
2013-09-03;0,413;102;14,4;jah
2013-09-04;0,422;102;14,6;jah
2013-09-05;0,39;101;14,6;jah
2013-09-06;0,339;100;14,3;jah
2013-09-07;0,301;99;13,7;jah
2013-09-08;0,272;99;13,6;jah
2013-09-09;0,245;98;13,6;jah
2013-09-10;0,236;98;14;jah
2013-09-11;0,261;100;14,3;jah
2013-09-12;0,295;101;14,4;jah
2013-09-13;0,264;100;14;jah
2013-09-14;0,251;100;13,7;jah
2013-09-15;0,29;102;13,5;jah
2013-09-16;0,189;98;13,3;jah
2013-09-17;0,147;97;13,5;jah
2013-09-18;0,142;97;13,7;jah
2013-09-19;0,146;97;14;jah
2013-09-20;0,158;97;14,1;jah
2013-09-21;0,167;98;14;jah
2013-09-22;0,167;98;13,3;jah
2013-09-23;0,188;99;12,6;jah
2013-09-24;0,259;101;12,1;jah
2013-09-25;0,198;99;11,1;jah
2013-09-26;0,169;98;9,6;jah
2013-09-27;0,166;97;9,2;jah
2013-09-28;0,174;98;8,8;jah
2013-09-29;0,191;99;8,8;jah
2013-09-30;0,169;97;8,5;jah
2013-10-01;0,163;98;8,4;jah
2013-10-02;0,131;96;7,7;jah
2013-10-03;0,129;97;7,4;jah
2013-10-04;0,125;97;7,4;jah
2013-10-05;0,116;96;7,5;jah
2013-10-06;0,119;97;7,9;jah
2013-10-07;0,126;98;8,4;jah
2013-10-08;0,13;98;9,2;jah
2013-10-09;0,134;99;9,8;jah
2013-10-10;0,133;99;9,9;jah
2013-10-11;0,141;100;9,6;jah
2013-10-12;0,139;100;8,5;jah
2013-10-13;0,149;101;8,1;jah
2013-10-14;0,107;98;7,6;jah
2013-10-15;0,089;97;7,6;jah
2013-10-16;0,164;100;7,7;jah
2013-10-17;0,174;99;6,8;jah
2013-10-18;0,208;99;6,9;jah
2013-10-19;0,342;103;6;jah
2013-10-20;0,335;102;5,2;jah
2013-10-21;0,364;102;4;jah
2013-10-22;0,318;100;3,1;jah
2013-10-23;0,341;100;3,9;jah
2013-10-24;0,38;100;5,8;jah
2013-10-25;0,399;100;6,6;jah
2013-10-26;0,461;101;6,7;jah
2013-10-27;0,498;101;7,5;jah
2013-10-28;0,648;104;8,1;jah
2013-10-29;0,829;107;8,5;jah
2013-10-30;1,45;114;8,6;jah
2013-10-31;1,68;116;8,4;jah
2013-11-01;1,78;116;8,4;jah
2013-11-02;2,15;119;8,2;jah
2013-11-03;2,1;118;8,2;jah
2013-11-04;2,53;121;8,1;jah
2013-11-05;3,01;124;7,7;jah
2013-11-06;3,27;126;7,5;jah
2013-11-07;2,95;123;6,8;jah
2013-11-08;4,04;133;6,4;jah
2013-11-09;4,69;136;6,2;jah
2013-11-10;4,95;139;6,3;jah
2013-11-11;5,19;140;6,3;jah
2013-11-12;4,8;137;6;jah
2013-11-13;4,86;139;5,9;jah
2013-11-14;5,15;140;5,6;jah
2013-11-15;4,09;133;4,9;jah
2013-11-16;4,35;136;5,3;jah
2013-11-17;4,48;136;5,7;jah
2013-11-18;3,61;130;4,8;jah
2013-11-19;3,14;127;4,2;jah
2013-11-20;3,08;126;4,6;jah
2013-11-21;4,62;140;5,4;jah
2013-11-22;7,61;159;6,2;jah
2013-11-23;7,11;153;6,4;jah
2013-11-24;5,41;142;5,8;jah
2013-11-25;4,38;135;4,4;jah
2013-11-26;3,65;129;3;jah
2013-11-27;3,33;127;2,3;jah
2013-11-28;3,68;129;3;jah
2013-11-29;3,87;130;3,1;jah
2013-11-30;3,46;126;2;jah
2013-12-01;3,15;124;1,4;jah
2013-12-02;3,33;125;1,1;jah
2013-12-03;3,17;124;1,4;jah
2013-12-04;3,41;126;2,2;jah
2013-12-05;5,59;140;2,6;jah
2013-12-06;7,35;151;2,5;jah
2013-12-07;8,5;155;2,1;jah
2013-12-08;6,16;142;1,7;jah
2013-12-09;4,9;134;1,3;jah
2013-12-10;3,97;128;0,9;jah
2013-12-11;3,96;129;1,3;jah
2013-12-12;5,99;142;2,5;jah
2013-12-13;6,23;143;2,9;jah
2013-12-14;5,01;135;1,7;jah
2013-12-15;3,95;128;1,1;jah
2013-12-16;3,79;128;1,7;jah
2013-12-17;4,15;130;2,8;jah
2013-12-18;4,45;132;3,3;jah
2013-12-19;4,24;130;3,2;jah
2013-12-20;3,97;129;3;jah
2013-12-21;4,05;129;3;jah
2013-12-22;5;136;3,6;jah
2013-12-23;6,4;144;4,1;jah
2013-12-24;6,55;145;3,9;jah
2013-12-25;7,44;150;3,7;jah
2013-12-26;6,74;146;3,6;jah
2013-12-27;6,81;148;3,7;jah
2013-12-28;7,23;149;4,1;jah
2013-12-29;6,94;149;4,5;jah
2013-12-30;8,35;156;4,5;jah
2013-12-31;6,75;147;3,9;jah
2014-01-01;5,62;139;3,4;jah
2014-01-02;4,7;133;2,9;jah
2014-01-03;4,11;130;2,6;jah
2014-01-04;3,8;128;2,5;jah
2014-01-05;4,02;130;2,9;jah
2014-01-06;3,97;130;3,2;jah
2014-01-07;3,72;129;3,3;jah
2014-01-08;6,65;151;4;jah
2014-01-09;8,68;163;4,6;jah
2014-01-10;12,4;189;4,5;jah
2014-01-11;17,3;211;3,8;jah
2014-01-12;14,9;195;2,9;jah
2014-01-13;11,4;174;1,4;jah
2014-01-14;8,16;154;0,5;jah
2014-01-15;6,59;159;0,2;jah
2014-01-16;6,38;164;0,2;jah
2014-01-17;6,17;168;0,2;jah
2014-01-18;5,96;165;0,2;jah
2014-01-19;5,71;144;0,2;jah
2014-01-20;4,84;138;0,2;jah
2014-01-21;3,91;132;0,2;jah
2014-01-22;2,78;124;0,2;jah
2014-01-23;1,63;116;0,2;jah
2014-01-24;1,01;110;0,2;jah
2014-01-25;0,828;108;0,2;jah
2014-01-26;0,729;107;0,2;jah
2014-01-27;0,697;107;0,2;jah
2014-01-28;0,799;109;0,2;jah
2014-01-29;0,677;107;0,2;jah
2014-01-30;0,604;105;0,2;jah
2014-01-31;0,654;106;0,2;jah
2014-02-01;0,704;107;0,2;jah
2014-02-02;0,654;106;0,2;jah
2014-02-03;0,621;105;0,2;jah
2014-02-04;0,601;104;0,1;jah
2014-02-05;0,591;104;0,1;jah
2014-02-06;0,595;104;0,1;jah
2014-02-07;0,617;104;0,1;jah
2014-02-08;0,626;104;0,1;jah
2014-02-09;0,711;106;0,1;jah
2014-02-10;1,04;111;0,1;jah
2014-02-11;1,27;113;0,1;jah
2014-02-12;1,78;118;0,1;jah
2014-02-13;2,75;124;0,1;jah
2014-02-14;1,9;117;0,1;jah
2014-02-15;1,44;114;0,1;jah
2014-02-16;1,38;114;0,1;jah
2014-02-17;2,1;137;0,1;jah
2014-02-18;2,33;143;0,1;jah
2014-02-19;2,58;127;0,1;jah
2014-02-20;2,39;121;0,1;jah
2014-02-21;2,02;118;0,1;jah
2014-02-22;1,9;117;0,1;jah
2014-02-23;2,51;122;0,1;jah
2014-02-24;3;124;0,1;jah
2014-02-25;2,96;124;0,1;jah
2014-02-26;2,56;121;0,1;jah
2014-02-27;2,34;119;0,1;jah
2014-02-28;2,18;118;0,1;jah
2014-03-01;2,11;117;0,1;jah
2014-03-02;2,03;117;0,1;jah
2014-03-03;2,13;117;0,1;jah
2014-03-04;2,38;119;0,1;jah
2014-03-05;2,42;119;0,1;jah
2014-03-06;2,36;118;0,2;jah
2014-03-07;2,4;118;0,2;jah
2014-03-08;2,65;120;0,3;jah
2014-03-09;3,02;121;0,5;jah
2014-03-10;3,31;123;0,6;jah
2014-03-11;3,61;124;0,8;jah
2014-03-12;3,64;124;1;jah
2014-03-13;3,55;123;1,1;jah
2014-03-14;3,54;123;1,4;jah
2014-03-15;4,3;128;1,4;jah
2014-03-16;7,01;142;0,9;jah
2014-03-17;5,66;133;0,6;jah
2014-03-18;4,73;127;0,5;jah
2014-03-19;3,91;125;0,7;jah
2014-03-20;3,74;123;0,7;jah
2014-03-21;3,82;125;1,2;jah
2014-03-22;6,04;138;2,1;jah
2014-03-23;6,14;138;2,2;jah
2014-03-24;5,79;136;2,1;jah
2014-03-25;5,2;134;2,1;jah
2014-03-26;5,45;135;2,5;jah
2014-03-27;5;133;3,2;jah
2014-03-28;4,47;130;3,2;jah
2014-03-29;3,96;127;3,1;jah
2014-03-30;3,56;125;3,1;jah
2014-03-31;3,3;123;3,3;jah
2014-04-01;3,02;122;3;jah
2014-04-02;2,79;120;2,8;jah
2014-04-03;2,61;119;2,7;jah
2014-04-04;2,45;118;2,7;jah
2014-04-05;2,29;117;3;jah
2014-04-06;2,18;116;3,2;jah
2014-04-07;2,42;118;3,6;jah
2014-04-08;4,14;129;4,5;jah
2014-04-09;4,66;130;5,1;jah
2014-04-10;4,08;127;4,8;jah
2014-04-11;3,65;124;4,6;jah
2014-04-12;3,54;124;4,8;jah
2014-04-13;3,64;124;4,8;jah
2014-04-14;4,03;126;5;jah
2014-04-15;4,01;126;5,2;jah
2014-04-16;3,66;124;5,6;jah
2014-04-17;3,21;122;6;jah
2014-04-18;2,93;121;6,6;jah
2014-04-19;2,7;119;7,5;jah
2014-04-20;2,41;118;8,7;jah
2014-04-21;2,23;117;9,7;jah
2014-04-22;2,06;116;10,7;jah
2014-04-23;1,88;115;10,8;jah
2014-04-24;1,65;113;10;jah
2014-04-25;1,52;112;9,8;jah
2014-04-26;1,44;111;9,3;jah
2014-04-27;1,37;111;9,4;jah
2014-04-28;1,3;110;10,2;jah
2014-04-29;1,24;109;10,4;jah
2014-04-30;1,19;108;10,7;jah
2014-05-01;1,16;108;10;jah
2014-05-02;1,23;109;9,2;jah
2014-05-03;1,25;109;8,7;jah
2014-05-04;1,23;108;8,4;jah
2014-05-05;1,3;109;7,9;jah
2014-05-06;1,29;109;7,6;jah
2014-05-07;1,22;108;7,5;jah
2014-05-08;1,26;108;7,9;jah
2014-05-09;1,44;110;8,7;jah
2014-05-10;2,01;114;9,6;jah
2014-05-11;2,13;115;10,2;jah
2014-05-12;2,2;115;10,7;jah
2014-05-13;2,02;114;10,9;jah
2014-05-14;1,7;112;11,1;jah
2014-05-15;1,43;110;11,3;jah
2014-05-16;1,22;109;11,4;jah
2014-05-17;1,08;108;11,9;jah
2014-05-18;1,02;108;12,7;jah
2014-05-19;0,883;106;14,2;jah
2014-05-20;0,785;105;15,7;jah
2014-05-21;0,893;107;16,6;jah
2014-05-22;1,1;110;16,4;jah
2014-05-23;0,996;109;16,8;jah
2014-05-24;0,801;107;17,7;jah
2014-05-25;0,654;105;18,4;jah
2014-05-26;0,536;103;18,9;jah
2014-05-27;0,463;102;18,4;jah
2014-05-28;0,521;103;16;jah
2014-05-29;0,507;103;14,4;jah
2014-05-30;0,496;103;13,9;jah
2014-05-31;0,453;102;13,9;jah
2014-06-01;0,349;98;14;jah
2014-06-02;0,176;93;13,8;jah
2014-06-03;0,231;96;14,4;jah
2014-06-04;0,296;98;15,7;jah
2014-06-05;0,28;98;17,1;jah
2014-06-06;0,255;97;17,9;jah
2014-06-07;0,247;97;18,1;jah
2014-06-08;0,259;97;17,9;jah
2014-06-09;0,278;98;17,4;jah
2014-06-10;0,265;97;17,9;jah
2014-06-11;0,255;97;18,2;jah
2014-06-12;0,254;97;17,8;jah
2014-06-13;0,284;98;17,1;jah
2014-06-14;0,294;98;17,2;jah
2014-06-15;0,264;97;17,1;jah
2014-06-16;0,243;97;16,5;jah
2014-06-17;0,26;97;15,3;jah
2014-06-18;0,254;97;14,3;jah
2014-06-19;0,232;96;14,3;jah
2014-06-20;0,247;97;14,6;jah
2014-06-21;0,247;97;14,1;jah
2014-06-22;0,232;96;13,9;jah
2014-06-23;0,232;96;13,5;jah
2014-06-24;0,274;98;13,7;jah
2014-06-25;0,285;98;13,9;jah
2014-06-26;0,264;97;14;jah
2014-06-27;0,249;97;14;jah
2014-06-28;0,237;97;14,3;jah
2014-06-29;0,287;99;14,5;jah
2014-06-30;0,716;109;14,7;jah
2014-07-01;0,718;109;14,6;jah
2014-07-02;0,87;111;14,7;jah
2014-07-03;0,752;109;15,1;jah
2014-07-04;0,643;108;15,9;jah
2014-07-05;0,536;105;16,3;jah
2014-07-06;0,431;103;17,2;jah
2014-07-07;0,348;101;18,1;jah
2014-07-08;0,35;101;19,3;jah
2014-07-09;0,281;99;19,7;jah
2014-07-10;0,235;98;19,6;jah
2014-07-11;0,201;97;18,8;jah
2014-07-12;0,185;96;18,4;jah
2014-07-13;0,176;96;18,9;jah
2014-07-14;0,182;96;19,4;jah
2014-07-15;0,199;97;19,6;jah
2014-07-16;0,174;96;19,2;jah
2014-07-17;0,157;95;18,9;jah
2014-07-18;0,17;96;19,1;jah
2014-07-19;0,171;95;19,1;jah
2014-07-20;0,215;97;19;jah
2014-07-21;0,279;98;18,9;jah
2014-07-22;0,229;97;19,3;jah
2014-07-23;0,197;96;19,5;jah
2014-07-24;0,173;95;19,9;jah
2014-07-25;0,206;97;20,2;jah
2014-07-26;0,182;96;20,4;jah
2014-07-27;0,163;96;20,4;jah
2014-07-28;0,161;96;20,5;jah
2014-07-29;0,155;96;20,8;jah
2014-07-30;0,145;96;21;jah
2014-07-31;0,134;96;21;jah
2014-08-01;0,137;96;20,4;jah
2014-08-02;0,13;95;19,9;jah
2014-08-03;0,126;95;20,1;jah
2014-08-04;0,133;95;20,6;jah
2014-08-05;0,142;96;20,9;jah
2014-08-06;0,133;95;20,8;jah
2014-08-07;0,139;95;20,7;jah
2014-08-08;0,154;96;20,2;jah
2014-08-09;0,171;97;19,7;jah
2014-08-10;0,161;96;19,4;jah
2014-08-11;0,173;97;19,5;jah
2014-08-12;0,311;102;19,5;jah
2014-08-13;0,471;105;19,3;jah
2014-08-14;0,408;103;18,6;jah
2014-08-15;0,41;102;18;jah
2014-08-16;0,585;106;17;jah
2014-08-17;0,897;110;16,8;jah
2014-08-18;0,733;106;16,7;jah
2014-08-19;0,834;108;16,5;jah
2014-08-20;1,14;111;16;jah
2014-08-21;1,42;113;15,7;jah
2014-08-22;1,33;111;15,2;jah
2014-08-23;1,1;108;15;jah
2014-08-24;0,899;105;15;jah
2014-08-25;0,709;102;14,3;jah
2014-08-26;2,48;119;14,3;jah
2014-08-27;3,85;125;14,3;jah
2014-08-28;3,57;124;14,5;jah
2014-08-29;3,18;122;14,2;jah
2014-08-30;2,52;118;13,7;jah
2014-08-31;1,92;115;13,5;jah
2014-09-01;1,46;112;13,3;jah
2014-09-02;1,18;109;12,9;jah
2014-09-03;0,961;107;12,6;jah
2014-09-04;0,835;105;12,7;jah
2014-09-05;0,691;103;12,8;jah
2014-09-06;0,624;102;12,7;jah
2014-09-07;0,574;102;12,8;jah
2014-09-08;0,531;101;13,1;jah
2014-09-09;0,506;101;13,6;jah
2014-09-10;0,533;101;13,6;jah
2014-09-11;0,542;101;13,8;jah
2014-09-12;0,522;101;14,2;jah
2014-09-13;0,491;100;14,2;jah
2014-09-14;0,487;100;13,3;jah
2014-09-15;0,459;99;12,3;jah
2014-09-16;0,471;99;12,2;jah
2014-09-17;0,42;98;11,8;jah
2014-09-18;0,413;98;11,8;jah
2014-09-19;0,388;97;12;jah
2014-09-20;0,36;96;12;jah
2014-09-21;0,361;96;11,9;jah
2014-09-22;0,463;99;11,9;jah
2014-09-23;0,636;102;11,1;jah
2014-09-24;0,708;103;9,6;jah
2014-09-25;0,862;106;10,3;jah
2014-09-26;1,06;108;10,4;jah
2014-09-27;1,01;107;10,6;jah
2014-09-28;1;107;10,5;jah
2014-09-29;0,917;106;10,8;jah
2014-09-30;0,848;104;10,3;jah
2014-10-01;0,728;103;9,3;jah
2014-10-02;0,654;102;8,7;jah
2014-10-03;0,643;102;8,5;jah
2014-10-04;0,598;101;9,3;jah
2014-10-05;0,565;100;9,1;jah
2014-10-06;0,533;100;8,2;jah
2014-10-07;0,51;99;7,7;jah
2014-10-08;0,495;99;7,7;jah
2014-10-09;0,522;100;8,1;jah
2014-10-10;0,605;102;8,9;jah
2014-10-11;0,785;105;9,3;jah
2014-10-12;0,78;104;9,3;jah
2014-10-13;0,884;106;9,7;jah
2014-10-14;0,989;107;9,7;jah
2014-10-15;0,971;107;9,6;jah
2014-10-16;0,917;106;8,5;jah
2014-10-17;0,926;106;7;jah
2014-10-18;0,791;104;5,9;jah
2014-10-19;0,813;105;6,1;jah
2014-10-20;2,18;118;7,1;jah
2014-10-21;3,91;128;7,5;jah
2014-10-22;2,89;121;6,3;jah
2014-10-23;2,22;117;4,1;jah
2014-10-24;1,7;113;2,5;jah
2014-10-25;1,46;112;2,1;jah
2014-10-26;1,38;111;2,4;jah
2014-10-27;1,42;111;3,8;jah
2014-10-28;1,44;111;5,6;jah
2014-10-29;1,41;111;5,9;jah
2014-10-30;1,37;111;6,3;jah
2014-10-31;1,32;110;5,4;jah
2014-11-01;1,25;109;4,9;jah
2014-11-02;1,19;109;4,9;jah
2014-11-03;1,21;109;5,4;jah
2014-11-04;1,22;109;6;jah
2014-11-05;1,18;109;6,3;jah
2014-11-06;1,08;108;6,1;jah
2014-11-07;1,07;108;6,3;jah
2014-11-08;1,13;108;6,1;jah
2014-11-09;1,11;108;6;jah
2014-11-10;1,11;108;5,5;jah
2014-11-11;1,14;109;5,9;jah
2014-11-12;1,27;110;6;jah
2014-11-13;1,27;110;6;jah
2014-11-14;1,2;109;5,9;jah
2014-11-15;1,13;109;5,7;jah
2014-11-16;1,07;108;4,7;jah
2014-11-17;1,03;107;4;jah
2014-11-18;0,991;107;3,4;jah
2014-11-19;1,11;108;2,4;jah
2014-11-20;0,88;105;1,6;jah
2014-11-21;0,819;104;1,1;jah
2014-11-22;0,859;105;1,5;jah
2014-11-23;0,917;106;1,5;jah
2014-11-24;0,967;106;1,4;jah
2014-11-25;1,03;107;1,3;jah
2014-11-26;1,13;108;1,5;jah
2014-11-27;1,29;110;1,6;jah
2014-11-28;1,25;109;1,3;jah
2014-11-29;1,13;108;0,9;jah
2014-11-30;1,02;106;0,4;jah
2014-12-01;0,899;105;0,2;jah
2014-12-02;0,804;103;0,3;jah
2014-12-03;0,791;103;0,3;jah
2014-12-04;0,838;104;0,6;jah
2014-12-05;0,941;106;0,8;jah
2014-12-06;1,04;107;0,7;jah
2014-12-07;1,32;110;0,9;jah
2014-12-08;1,68;113;1,3;jah
2014-12-09;2,27;117;1,1;jah
2014-12-10;2,5;118;1,4;jah
2014-12-11;2,58;119;1,4;jah
2014-12-12;2,72;120;1,5;jah
2014-12-13;4,26;131;1,7;jah
2014-12-14;8,19;153;2;jah
2014-12-15;6,47;142;2;jah
2014-12-16;5,61;139;2;jah
2014-12-17;6,31;143;2,4;jah
2014-12-18;6,29;143;2,5;jah
2014-12-19;7,48;154;2,9;jah
2014-12-20;10,5;171;3;jah
2014-12-21;8,51;157;2,3;jah
2014-12-22;6,52;144;1,4;jah
2014-12-23;5,86;141;1,3;jah
2014-12-24;5,4;137;1,1;jah
2014-12-25;4,65;132;0,7;jah
2014-12-26;3,39;127;0,1;jah
2014-12-27;3,5;126;0,1;jah
2014-12-28;3,64;142;0,1;jah
2014-12-29;3,78;148;0,2;jah
2014-12-30;3,92;147;0,2;jah
2014-12-31;4,09;133;0,2;jah
2015-01-01;4,8;134;0,4;jah
2015-01-02;9,53;168;1,2;jah
2015-01-03;17;207;1,3;jah
2015-01-04;15,8;199;1,2;jah
2015-01-05;13;182;0,5;jah
2015-01-06;10,4;174;0,2;jah
2015-01-07;10,1;181;0,4;jah
2015-01-08;9,57;163;0,2;jah
2015-01-09;8,58;157;0,1;jah
2015-01-10;6,65;144;0,1;jah
2015-01-11;4,98;135;0,2;jah
2015-01-12;4,75;133;0,1;jah
2015-01-13;6,11;144;0,3;jah
2015-01-14;9,9;168;0,6;jah
2015-01-15;10,5;169;0,8;jah
2015-01-16;9,36;163;0,7;jah
2015-01-17;11,8;180;0,9;jah
2015-01-18;13;187;1,1;jah
2015-01-19;12,2;181;0,9;jah
2015-01-20;9,8;164;0,8;jah
2015-01-21;7,18;148;0,2;jah
2015-01-22;5,85;146;0;jah
2015-01-23;4,85;135;0,1;jah
2015-01-24;4,3;129;0,3;jah
2015-01-25;3,97;127;0,2;jah
2015-01-26;3,74;133;0,1;jah
2015-01-27;3,54;123;0,2;jah
2015-01-28;3,37;122;0,3;jah
2015-01-29;3,33;121;0,4;jah
2015-01-30;3,27;120;0,4;jah
2015-01-31;3,23;120;0,5;jah
2015-02-01;3,82;124;0,6;jah
2015-02-02;4,59;129;0,7;jah
2015-02-03;4,5;128;0,6;jah
2015-02-04;4,04;126;0,2;jah
2015-02-05;3,66;142;0,1;jah
2015-02-06;3,34;124;0;jah
2015-02-07;2,97;120;0,1;jah
2015-02-08;2,79;122;0;jah
2015-02-09;2,56;134;0;jah
2015-02-10;2,46;118;0,1;jah
2015-02-11;2,32;118;0,1;jah
2015-02-12;2,15;117;0,4;jah
2015-02-13;2,35;118;0,6;jah
2015-02-14;2,68;121;0,7;jah
2015-02-15;2,49;118;0,4;jah
2015-02-16;1,89;120;0;jah
2015-02-17;1,99;115;0;jah
2015-02-18;1,87;113;0,1;jah
2015-02-19;2,13;116;0,2;jah
2015-02-20;2,97;122;0,2;jah
2015-02-21;3,6;127;0,4;jah
2015-02-22;4,22;130;0,7;jah
2015-02-23;4,58;133;1;jah
2015-02-24;5,23;138;1,3;jah
2015-02-25;6,76;146;1,3;jah
2015-02-26;5,75;139;1,2;jah
2015-02-27;5;134;1,4;jah
2015-02-28;4,68;132;1,5;jah
2015-03-01;4,44;130;1,4;jah
2015-03-02;4,52;131;1,6;jah
2015-03-03;6,21;143;1,8;jah
2015-03-04;9,54;161;1,7;jah
2015-03-05;9,33;157;1,5;jah
2015-03-06;6,96;144;1,1;jah
2015-03-07;6,89;145;1,6;jah
2015-03-08;7,71;149;2,6;jah
2015-03-09;7,49;147;2,9;jah
2015-03-10;6,33;140;2,3;jah
2015-03-11;5,58;136;2,4;jah
2015-03-12;5,01;132;2,1;jah
2015-03-13;4,37;128;1,7;jah
2015-03-14;3,96;125;1,5;jah
2015-03-15;3,71;124;1,7;jah
2015-03-16;3,47;122;2;jah
2015-03-17;3,29;121;2,2;jah
2015-03-18;3,14;120;2,3;jah
2015-03-19;3,01;119;2,4;jah
2015-03-20;2,93;118;2,6;jah
2015-03-21;2,88;118;2,2;jah
2015-03-22;2,6;116;1,4;jah
2015-03-23;2,54;116;1,3;jah
2015-03-24;3,02;119;1,6;jah
2015-03-25;3,19;120;2,4;jah
2015-03-26;2,98;118;2,6;jah
2015-03-27;2,9;118;2,7;jah
2015-03-28;3,14;120;3,2;jah
2015-03-29;3,36;121;3,5;jah
2015-03-30;3,87;125;3,3;jah
2015-03-31;8,37;154;3,1;jah
2015-04-01;9,75;158;3,2;jah
2015-04-02;11,2;169;3,4;jah
2015-04-03;11,6;169;3,6;jah
2015-04-04;9,21;155;3,7;jah
2015-04-05;8,08;150;3,4;jah
2015-04-06;8,04;149;3,5;jah
2015-04-07;6,5;140;4,2;jah
2015-04-08;5,76;136;4,6;jah
2015-04-09;5,1;132;4,9;jah
2015-04-10;4,58;129;5,5;jah
2015-04-11;4,2;126;6,4;jah
2015-04-12;3,86;124;6,7;jah
2015-04-13;3,8;124;5,9;jah
2015-04-14;4,25;127;5,1;jah
2015-04-15;4,14;126;5,2;jah
2015-04-16;4,22;127;6;jah
2015-04-17;4,14;126;6,3;jah
2015-04-18;3,82;124;6,2;jah
2015-04-19;3,54;122;6,2;jah
2015-04-20;3,31;120;6,3;jah
2015-04-21;3,09;119;7;jah
2015-04-22;2,9;118;8;jah
2015-04-23;2,73;116;8,5;jah
2015-04-24;2,56;115;8,5;jah
2015-04-25;2,47;115;8;jah
2015-04-26;2,6;116;8,5;jah
2015-04-27;2,73;117;9,1;jah
2015-04-28;3,57;123;10,1;jah
2015-04-29;4,95;132;9,3;jah
2015-04-30;7,44;145;8;jah
2015-05-01;5,71;135;8,8;jah
2015-05-02;4,66;130;9,2;jah
2015-05-03;4,27;128;9;jah
2015-05-04;3,74;126;9,1;jah
2015-05-05;3,32;123;9,7;jah
2015-05-06;3,02;122;10;jah
2015-05-07;2,91;122;10,4;jah
2015-05-08;2,68;120;10,9;jah
2015-05-09;2,34;118;11,2;jah
2015-05-10;2,04;117;11,2;jah
2015-05-11;1,83;115;11,6;jah
2015-05-12;1,7;114;11,6;jah
2015-05-13;1,65;114;12,1;jah
2015-05-14;1,65;114;12,2;jah
2015-05-15;1,53;113;11,7;jah
2015-05-16;1,44;112;11,2;jah
2015-05-17;1,36;111;10,8;jah
2015-05-18;1,3;111;10,9;jah
2015-05-19;1,3;111;11,2;jah
2015-05-20;1,21;110;12;jah
2015-05-21;1,23;111;12;jah
2015-05-22;1,35;112;12,6;jah
2015-05-23;1,23;111;12,4;jah
2015-05-24;1,11;110;12,1;jah
2015-05-25;0,993;108;12,5;jah
2015-05-26;0,895;107;12,8;jah
2015-05-27;0,868;107;13,3;jah
2015-05-28;0,813;106;13,5;jah
2015-05-29;0,737;105;13,3;jah
2015-05-30;0,678;104;13;jah
2015-05-31;0,644;104;13,3;jah
2015-06-01;0,639;104;13,1;jah
2015-06-02;0,611;103;14;jah
2015-06-03;0,597;103;14,6;jah
2015-06-04;0,538;102;14,5;jah
2015-06-05;0,475;101;14,8;jah
2015-06-06;0,435;100;15;jah
2015-06-07;0,421;100;15,3;jah
2015-06-08;0,418;101;15,3;jah
2015-06-09;0,534;103;15;jah
2015-06-10;0,433;101;15,1;jah
2015-06-11;0,378;100;15,3;jah
2015-06-12;0,341;99;15,4;jah
2015-06-13;0,315;98;15,9;jah
2015-06-14;0,296;98;15,8;jah
2015-06-15;0,306;98;15,4;jah
2015-06-16;0,302;98;14,8;jah
2015-06-17;0,283;98;14,3;jah
2015-06-18;0,3;98;13,5;jah
2015-06-19;0,382;101;14,3;jah
2015-06-20;0,39;101;15,2;jah
2015-06-21;0,379;100;14,9;jah
2015-06-22;0,37;100;15,3;jah
2015-06-23;0,27;97;15;jah
2015-06-24;0,44;102;14,2;jah
2015-06-25;0,598;105;15,2;jah
2015-06-26;0,503;103;15,1;jah
2015-06-27;0,42;101;15;jah
2015-06-28;0,379;100;15,5;jah
2015-06-29;0,34;99;16;jah
2015-06-30;0,314;98;17,1;jah
2015-07-01;0,304;98;17,1;jah
2015-07-02;0,288;97;17,1;jah
2015-07-03;0,254;96;18,1;jah
2015-07-04;0,237;96;19;jah
2015-07-05;0,231;95;19,1;jah
2015-07-06;0,233;96;17,3;jah
2015-07-07;0,375;100;17,5;jah
2015-07-08;0,386;100;17,4;jah
2015-07-09;0,36;100;17,1;jah
2015-07-10;0,384;101;16,2;jah
2015-07-11;0,444;102;16,9;jah
2015-07-12;0,395;101;17,5;jah
2015-07-13;0,385;101;17,1;jah
2015-07-14;0,346;99;16,5;jah
2015-07-15;0,331;99;16,2;jah
2015-07-16;0,36;100;16,5;jah
2015-07-17;0,327;99;16,6;jah
2015-07-18;0,301;98;16,1;jah
2015-07-19;0,293;98;16,2;jah
2015-07-20;0,285;98;15;jah
2015-07-21;0,272;98;15,3;jah
2015-07-22;0,276;98;16,3;jah
2015-07-23;0,271;98;15,8;jah
2015-07-24;0,275;98;15,8;jah
2015-07-25;0,269;98;15,9;jah
2015-07-26;0,246;97;16,5;jah
2015-07-27;0,23;97;16,2;jah
2015-07-28;0,214;96;16,1;jah
2015-07-29;0,212;96;16,3;jah
2015-07-30;0,212;96;15,5;jah
2015-07-31;0,225;97;15,6;jah
2015-08-01;0,227;97;15,6;jah
2015-08-02;0,221;97;15,6;jah
2015-08-03;0,205;96;16;jah
2015-08-04;0,192;96;16;jah
2015-08-05;0,185;96;16,3;jah
2015-08-06;0,199;96;17,7;jah
2015-08-07;0,209;97;18,1;jah
2015-08-08;0,198;97;18,3;jah
2015-08-09;0,227;98;18,5;jah
2015-08-10;0,216;97;18,3;jah
2015-08-11;0,158;95;17,7;jah
2015-08-12;0,154;95;18,1;jah
2015-08-13;0,147;95;17,5;jah
2015-08-14;0,136;94;16,2;jah
2015-08-15;0,13;94;15,9;jah
2015-08-16;0,133;95;15,4;jah
2015-08-17;0,148;96;15,1;jah
2015-08-18;0,115;94;14,7;jah
2015-08-19;0,109;94;14,4;jah
2015-08-20;0,107;94;14,1;jah
2015-08-21;0,108;95;14,3;jah
2015-08-22;0,11;95;14,4;jah
2015-08-23;0,103;95;14,7;jah
2015-08-24;0,097;95;15;jah
2015-08-25;0,103;96;15,6;jah
2015-08-26;0,106;96;16,6;jah
2015-08-27;0,105;95;16,3;jah
2015-08-28;0,116;96;15,9;jah
2015-08-29;0,119;96;15,9;jah
2015-08-30;0,129;96;15,4;jah
2015-08-31;0,129;96;14,9;jah
2015-09-01;0,138;96;14,4;jah
2015-09-02;0,145;96;13,8;jah
2015-09-03;0,2;98;14,1;jah
2015-09-04;0,23;99;14,2;jah
2015-09-05;0,227;99;14,4;jah
2015-09-06;0,259;100;14,7;jah
2015-09-07;0,264;100;14;jah
2015-09-08;0,279;100;13,8;jah
2015-09-09;0,289;100;13,6;jah
2015-09-10;0,275;99;13,1;jah
2015-09-11;0,263;99;13;jah
2015-09-12;0,246;98;13;jah
2015-09-13;0,239;97;13,1;jah
2015-09-14;0,227;97;13,3;jah
2015-09-15;0,222;96;13;jah
2015-09-16;0,219;96;13,5;jah
2015-09-17;0,224;96;14,2;jah
2015-09-18;0,225;96;14,7;jah
2015-09-19;0,232;96;14,3;jah
2015-09-20;0,258;97;13,9;jah
2015-09-21;0,261;97;13,2;jah
2015-09-22;0,444;102;13,3;jah
2015-09-23;0,444;102;13,3;jah
2015-09-24;0,497;103;13,2;jah
2015-09-25;0,519;103;12,9;jah
2015-09-26;0,465;102;12,6;jah
2015-09-27;0,43;101;11,9;jah
2015-09-28;0,371;100;11,7;jah
2015-09-29;0,355;99;11,1;jah
2015-09-30;0,359;99;10,5;jah
2015-10-01;0,335;99;10,6;jah
2015-10-02;0,324;99;11,4;jah
2015-10-03;0,313;98;11;jah
2015-10-04;0,303;98;10,6;jah
2015-10-05;0,292;98;10,4;jah
2015-10-06;0,284;98;8,9;jah
2015-10-07;0,277;98;7,3;jah
2015-10-08;0,272;98;6,5;jah
2015-10-09;0,268;98;5,7;jah
2015-10-10;0,256;97;5,4;jah
2015-10-11;0,259;97;5,2;jah
2015-10-12;0,248;97;5,1;jah
2015-10-13;0,24;97;5,7;jah
2015-10-14;0,236;97;5,9;jah
2015-10-15;0,233;97;5,2;jah
2015-10-16;0,24;97;4,6;jah
2015-10-17;0,259;97;4,4;jah
2015-10-18;0,248;97;4,2;jah
2015-10-19;0,248;97;4,7;jah
2015-10-20;0,245;97;4,5;jah
2015-10-21;0,25;97;4,5;jah
2015-10-22;0,261;97;5;jah
2015-10-23;0,323;99;6,1;jah
2015-10-24;0,421;102;6,4;jah
2015-10-25;0,394;101;6,4;jah
2015-10-26;0,402;101;6,2;jah
2015-10-27;0,417;101;5,6;jah
2015-10-28;0,405;101;4,8;jah
2015-10-29;0,382;100;3,7;jah
2015-10-30;0,38;100;3,2;jah
2015-10-31;0,382;100;2,8;jah
2015-11-01;0,386;100;3,7;jah
2015-11-02;0,395;100;4,7;jah
2015-11-03;0,406;100;4,9;jah
2015-11-04;0,421;100;5,6;jah
2015-11-05;0,431;100;5,7;jah
2015-11-06;0,435;100;5,2;jah
2015-11-07;0,453;100;5,4;jah
2015-11-08;0,557;102;5,8;jah
2015-11-09;0,957;109;6;jah
2015-11-10;1,09;110;6,3;jah
2015-11-11;1,14;110;6;jah
2015-11-12;1,03;109;5,4;jah
2015-11-13;1,03;108;5,4;jah
2015-11-14;1,2;111;5,8;jah
2015-11-15;1,37;112;5,2;jah
2015-11-16;1,34;112;5,1;jah
2015-11-17;1,4;112;5,3;jah
2015-11-18;1,6;114;5,1;jah
2015-11-19;2;118;5;jah
2015-11-20;2,89;126;5,3;jah
2015-11-21;2,62;123;4,7;jah
2015-11-22;2,24;119;3,5;jah
2015-11-23;1,98;116;2,6;jah
2015-11-24;1,74;114;2,3;jah
2015-11-25;2,03;117;2,5;jah
2015-11-26;2,28;119;2;jah
2015-11-27;2,15;118;2,6;jah
2015-11-28;2,13;117;3,3;jah
2015-11-29;2,01;116;3,5;jah
2015-11-30;2,22;119;3,7;jah
2015-12-01;2,94;124;3,4;jah
2015-12-02;2,87;123;3,2;jah
2015-12-03;2,85;123;3,2;jah
2015-12-04;2,84;123;3,6;jah
2015-12-05;3,06;125;4,2;jah
2015-12-06;6,01;150;5,3;jah
2015-12-07;9,37;169;5,8;jah
2015-12-08;7,37;153;4,7;jah
2015-12-09;5;137;3,9;jah
2015-12-10;4,67;135;4,2;jah
2015-12-11;6,57;151;5;jah
2015-12-12;12,5;185;4,9;jah
2015-12-13;11,6;177;4,3;jah
2015-12-14;9,03;159;3,6;jah
2015-12-15;6,83;145;2,7;jah
2015-12-16;5,38;136;2,1;jah
2015-12-17;4,82;132;2,3;jah
2015-12-18;4,85;132;2,8;jah
2015-12-19;5,42;135;3,9;jah
2015-12-20;5,2;133;4,9;jah
2015-12-21;4,92;131;5,8;jah
2015-12-22;4,52;129;5,9;jah
2015-12-23;4,35;129;5,8;jah
2015-12-24;5,14;134;5,5;jah
2015-12-25;5,24;135;5,1;jah
2015-12-26;4,82;133;4,6;jah
2015-12-27;4,1;128;2,8;jah
2015-12-28;3,36;124;1,3;jah
2015-12-29;2,87;123;0,6;jah
2015-12-30;2,53;138;0,5;jah
2015-12-31;2,17;118;0,4;jah
2016-01-01;1,74;113;0,4;jah
2016-01-02;1,47;111;0,4;jah
2016-01-03;1,26;109;0,4;jah
2016-01-04;1,21;109;0,4;jah
2016-01-05;1,15;109;0,3;jah
2016-01-06;0,952;108;0,3;jah
2016-01-07;0,704;107;0,3;jah
2016-01-08;0,653;106;0,3;jah
2016-01-09;0,617;106;0,2;jah
2016-01-10;0,589;105;0,2;jah
2016-01-11;0,58;105;0,2;jah
2016-01-12;0,594;105;0,2;jah
2016-01-13;0,598;105;0,2;jah
2016-01-14;0,595;105;0,2;jah
2016-01-15;0,595;105;0,2;jah
2016-01-16;0,6;105;0,2;jah
2016-01-17;0,614;105;0,1;jah
2016-01-18;0,611;105;0,1;jah
2016-01-19;0,597;105;0,1;jah
2016-01-20;0,598;105;0,1;jah
2016-01-21;0,531;104;0,1;jah
2016-01-22;0,483;103;0,1;jah
2016-01-23;0,454;103;0,1;jah
2016-01-24;0,442;103;0,1;jah
2016-01-25;0,432;102;0,1;jah
2016-01-26;0,512;105;0,1;jah
2016-01-27;1,57;118;0,1;jah
2016-01-28;5,43;187;0,1;jah
2016-01-29;10,5;195;0,1;jah
2016-01-30;15,7;201;0,1;jah
2016-01-31;26;250;0,2;jah
2016-02-01;22,6;227;0,2;jah
2016-02-02;15,7;195;0,2;jah
2016-02-03;17,9;207;0,2;jah
2016-02-04;18;204;0,2;jah
2016-02-05;13,8;181;0,2;jah
2016-02-06;9,44;160;0,2;jah
2016-02-07;8,59;157;0,4;jah
2016-02-08;9,44;161;0,5;jah
2016-02-09;13;180;0,8;jah
2016-02-10;17,3;197;1,1;jah
2016-02-11;20,4;211;1,3;jah
2016-02-12;23,1;219;1;jah
2016-02-13;20,7;205;0,8;jah
2016-02-14;19;195;1;jah
2016-02-15;17,7;188;1;jah
2016-02-16;14,8;173;0,8;jah
2016-02-17;11,3;156;0,4;jah
2016-02-18;8,23;144;0,3;jah
2016-02-19;6,16;137;0,5;jah
2016-02-20;5,6;134;0,6;jah
2016-02-21;5,4;133;0,6;jah
2016-02-22;5,6;133;0,6;jah
2016-02-23;5,79;134;0,7;jah
2016-02-24;5,53;132;1;jah
2016-02-25;5,27;131;1,2;jah
2016-02-26;5,17;131;1,3;jah
2016-02-27;4,99;130;1,1;jah
2016-02-28;4,81;129;1,1;jah
2016-02-29;4,78;129;1,1;jah
2016-03-01;4,46;126;0,6;jah
2016-03-02;3,99;130;0,3;jah
2016-03-03;3,46;126;0,3;jah
2016-03-04;2,89;120;0,4;jah
2016-03-05;2,62;119;0,5;jah
2016-03-06;2,46;119;0,7;jah
2016-03-07;2,68;120;1,1;jah
2016-03-08;3,41;123;1,4;jah
2016-03-09;4,1;126;1,4;jah
2016-03-10;4,85;129;1,5;jah
2016-03-11;4,73;128;1,5;jah
2016-03-12;4,41;127;1,2;jah
2016-03-13;4,19;125;1,1;jah
2016-03-14;4,11;125;1,6;jah
2016-03-15;6,05;135;2,1;jah
2016-03-16;6,66;139;2;jah
2016-03-17;6,82;161;2;jah
2016-03-18;7,07;180;1,8;jah
2016-03-19;7,32;161;0,9;jah
2016-03-20;7,57;143;0,8;jah
2016-03-21;6,47;135;1,1;jah
2016-03-22;5,67;132;1,2;jah
2016-03-23;4,89;128;1,1;jah
2016-03-24;4,29;125;1,2;jah
2016-03-25;3,92;124;1,6;jah
2016-03-26;3,95;124;2;jah
2016-03-27;4,49;127;2,6;jah
2016-03-28;5,25;131;3,2;jah
2016-03-29;5,44;132;3,5;jah
2016-03-30;5,4;132;3,6;jah
2016-03-31;5,18;131;3,5;jah
2016-04-01;4,87;129;3,5;jah
2016-04-02;4,4;127;3,4;jah
2016-04-03;4,03;125;4;jah
2016-04-04;3,77;124;4,6;jah
2016-04-05;3,55;123;5;jah
2016-04-06;3,44;122;5,4;jah
2016-04-07;3,66;123;6;jah
2016-04-08;3,52;123;6,6;jah
2016-04-09;3,31;122;6,6;jah
2016-04-10;3,03;121;6,1;jah
2016-04-11;2,8;120;6;jah
2016-04-12;2,6;119;6,3;jah
2016-04-13;2,46;118;6,7;jah
2016-04-14;2,33;117;7;jah
2016-04-15;2,15;116;6,7;jah
2016-04-16;2,04;116;6,6;jah
2016-04-17;2,3;117;6,7;jah
2016-04-18;3,24;121;6,9;jah
2016-04-19;3,48;122;7,3;jah
2016-04-20;3,32;121;7,3;jah
2016-04-21;3,18;121;7,2;jah
2016-04-22;2,82;120;7,4;jah
2016-04-23;2,6;119;7,2;jah
2016-04-24;2,96;121;6,2;jah
2016-04-25;7,94;144;5,5;jah
2016-04-26;7,84;143;5,7;jah
2016-04-27;9,26;148;5,8;jah
2016-04-28;6,77;138;7,3;jah
2016-04-29;5,02;131;8,3;jah
2016-04-30;4,14;127;8,8;jah
2016-05-01;3,51;124;9,2;jah
2016-05-02;2,97;121;10,1;jah
2016-05-03;2,5;120;10,6;jah
2016-05-04;2,12;118;11,1;jah
2016-05-05;1,81;116;11,6;jah
2016-05-06;1,55;114;12,1;jah
2016-05-07;1,39;113;12,3;jah
2016-05-08;1,27;112;12,7;jah
2016-05-09;1,15;111;13,1;jah
2016-05-10;1,09;110;13,6;jah
2016-05-11;0,989;109;13,9;jah
2016-05-12;0,917;107;13,7;jah
2016-05-13;0,847;106;13,5;jah
2016-05-14;0,987;108;12,9;jah
2016-05-15;2,67;120;13,1;jah
2016-05-16;2,82;120;13,3;jah
2016-05-17;2,22;117;12,9;jah
2016-05-18;1,8;114;12,4;jah
2016-05-19;1,59;113;12,3;jah
2016-05-20;1,37;111;12,4;jah
2016-05-21;1,4;112;12,8;jah
2016-05-22;1,29;111;13,4;jah
2016-05-23;1,13;109;14,2;jah
2016-05-24;0,989;108;15,1;jah
2016-05-25;0,81;106;15,9;jah
2016-05-26;0,662;104;16,2;jah
2016-05-27;0,589;103;14,9;jah
2016-05-28;0,549;103;15,4;jah
2016-05-29;0,525;102;16,4;jah
2016-05-30;0,497;102;17,1;jah
2016-05-31;0,458;101;18,1;jah
2016-06-01;0,391;100;18,5;jah
2016-06-02;0,331;99;18,5;jah
2016-06-03;0,311;99;18,7;jah
2016-06-04;0,304;99;18,2;jah
2016-06-05;0,26;98;16,6;jah
2016-06-06;0,248;98;15,7;jah
2016-06-07;0,252;97;15,1;jah
2016-06-08;0,225;97;15,2;jah
2016-06-09;0,229;97;13,8;jah
2016-06-10;0,231;97;12,4;jah
2016-06-11;0,31;99;11,3;jah
2016-06-12;0,365;100;12,7;jah
2016-06-13;0,374;100;13,4;jah
2016-06-14;0,43;101;14,2;jah
2016-06-15;0,397;100;14,6;jah
2016-06-16;0,431;100;14,6;jah
2016-06-17;0,482;101;14,6;jah
2016-06-18;0,581;103;13,9;jah
2016-06-19;1,33;112;14,6;jah
2016-06-20;1,56;113;15,6;jah
2016-06-21;1,09;108;16,4;jah
2016-06-22;0,824;106;16,6;jah
2016-06-23;0,675;104;16,4;jah
2016-06-24;0,568;103;17,2;jah
2016-06-25;0,497;102;18,3;jah
2016-06-26;0,434;101;19,7;jah
2016-06-27;0,388;100;19,8;jah
2016-06-28;0,356;100;18,9;jah
2016-06-29;0,325;99;19,3;jah
2016-06-30;0,289;98;19,6;jah
2016-07-01;0,249;98;19,3;jah
2016-07-02;0,24;98;19,7;jah
2016-07-03;0,229;97;19,6;jah
2016-07-04;0,242;98;18,6;jah
2016-07-05;0,27;99;18,3;jah
2016-07-06;0,257;98;18;jah
2016-07-07;0,233;98;17,1;jah
2016-07-08;0,22;97;17;jah
2016-07-09;0,214;97;17,3;jah
2016-07-10;0,205;97;17,7;jah
2016-07-11;0,197;96;17,4;jah
2016-07-12;0,261;98;18;jah
2016-07-13;0,217;97;18,2;jah
2016-07-14;0,199;96;17,7;jah
2016-07-15;0,197;96;17,8;jah
2016-07-16;0,196;96;18;jah
2016-07-17;0,195;96;18,1;jah
2016-07-18;0,192;96;18,2;jah
2016-07-19;0,185;95;18,3;jah
2016-07-20;0,177;95;18,5;jah
2016-07-21;0,169;95;18,6;jah
2016-07-22;0,156;95;18,8;jah
2016-07-23;0,141;94;19;jah
2016-07-24;0,128;94;19,3;jah
2016-07-25;0,119;94;19,5;jah
2016-07-26;0,113;94;19,8;jah
2016-07-27;0,111;94;20,2;jah
2016-07-28;0,111;94;20,4;jah
2016-07-29;0,107;94;20,3;jah
2016-07-30;0,128;95;19,8;jah
2016-07-31;0,113;94;19,6;jah
2016-08-01;0,11;95;18,6;jah
2016-08-02;0,119;95;18,1;jah
2016-08-03;0,135;95;18;jah
2016-08-04;0,143;96;18;jah
2016-08-05;0,149;96;17,9;jah
2016-08-06;0,183;97;18,2;jah
2016-08-07;0,223;98;18,4;jah
2016-08-08;0,209;97;18,1;jah
2016-08-09;0,217;97;17,9;jah
2016-08-10;0,218;97;17,5;jah
2016-08-11;0,285;99;17;jah
2016-08-12;0,356;101;16,2;jah
2016-08-13;0,388;101;15,7;jah
2016-08-14;0,544;104;16,3;jah
2016-08-15;0,651;105;16,1;jah
2016-08-16;0,876;109;15,1;jah
2016-08-17;1,73;117;14,9;jah
2016-08-18;2,64;121;15;jah
2016-08-19;2,35;120;15,3;jah
2016-08-20;1,86;117;16;jah
2016-08-21;1,34;113;16,5;jah
2016-08-22;1,05;110;17;jah
2016-08-23;0,9;108;17,1;jah
2016-08-24;0,779;106;16,9;jah
2016-08-25;0,679;105;16,8;jah
2016-08-26;0,619;104;17,4;jah
2016-08-27;0,574;103;17,7;jah
2016-08-28;0,53;102;17,1;jah
2016-08-29;0,603;104;16,9;jah
2016-08-30;1,51;114;16,5;jah
2016-08-31;1,65;115;15,7;jah
2016-09-01;1,47;113;15,8;jah
2016-09-02;1,22;111;15,9;jah
2016-09-03;1,08;110;15,2;jah
2016-09-04;2,35;119;15,2;jah
2016-09-05;2,41;119;15;jah
2016-09-06;1,86;116;14,5;jah
2016-09-07;1,49;113;14,7;jah
2016-09-08;1,3;111;15;jah
2016-09-09;1,09;109;14,4;jah
2016-09-10;0,978;108;14,6;jah
2016-09-11;0,882;107;14,7;jah
2016-09-12;0,785;105;15,1;jah
2016-09-13;0,697;104;14,7;jah
2016-09-14;0,646;103;14;jah
2016-09-15;0,573;102;13,5;jah
2016-09-16;0,533;102;13,6;jah
2016-09-17;0,515;102;13,2;jah
2016-09-18;0,479;101;13;jah
2016-09-19;0,466;101;12,6;jah
2016-09-20;0,448;101;12;jah
2016-09-21;0,422;100;11,6;jah
2016-09-22;0,474;101;11,3;jah
2016-09-23;0,469;101;11,3;jah
2016-09-24;0,452;101;11,1;jah
2016-09-25;0,4;100;11,1;jah
2016-09-26;0,366;99;10,8;jah
2016-09-27;0,379;100;10,8;jah
2016-09-28;0,379;100;10,7;jah
2016-09-29;0,397;100;11;jah
2016-09-30;0,443;101;11,8;jah
2016-10-01;0,467;102;11,6;jah
2016-10-02;0,389;100;11,1;jah
2016-10-03;0,442;102;10,5;jah
2016-10-04;0,423;101;9,5;jah
2016-10-05;0,386;101;8,9;jah
2016-10-06;0,466;102;8,5;jah
2016-10-07;0,408;101;8;jah
2016-10-08;0,39;101;7,7;jah
2016-10-09;0,398;101;7,6;jah
2016-10-10;0,396;101;7,1;jah
2016-10-11;0,377;101;6;jah
2016-10-12;0,371;101;5,7;jah
2016-10-13;0,405;102;4,8;jah
2016-10-14;0,355;100;4,9;jah
2016-10-15;0,323;100;4,8;jah
2016-10-16;0,344;100;4,8;jah
2016-10-17;0,323;100;4,5;jah
2016-10-18;0,329;100;3,8;jah
2016-10-19;0,317;99;3,2;jah
2016-10-20;0,368;101;2,6;jah
2016-10-21;0,34;100;2,3;jah
2016-10-22;0,35;100;2,4;jah
2016-10-23;0,326;99;2,9;jah
2016-10-24;0,342;100;3,4;jah
2016-10-25;0,351;100;3,4;jah
2016-10-26;0,374;100;3,1;jah
2016-10-27;0,417;101;3,2;jah
2016-10-28;0,661;106;4,6;jah
2016-10-29;2,41;121;4,8;jah
2016-10-30;2,06;118;5;jah
2016-10-31;1,7;116;4,7;jah
2016-11-01;1,48;114;3,9;jah
2016-11-02;1,4;113;2,4;jah
2016-11-03;1,37;113;1,8;jah
2016-11-04;1,34;113;1,4;jah
2016-11-05;1,32;112;0,7;jah
2016-11-06;1,28;112;0,4;jah
2016-11-07;1,21;111;0,1;jah
2016-11-08;1,19;111;0,1;jah
2016-11-09;1,19;111;0,1;jah
2016-11-10;1,22;111;0,1;jah
2016-11-11;1,26;111;0,1;jah
2016-11-12;1,27;111;0,1;jah
2016-11-13;1,3;112;0,2;jah
2016-11-14;1,34;112;0,3;jah
2016-11-15;1,35;113;0,2;jah
2016-11-16;2;119;0,5;jah
2016-11-17;6,01;144;1,6;jah
2016-11-18;12,2;175;2,7;jah
2016-11-19;12,4;178;3,6;jah
2016-11-20;12,2;182;3,9;jah
2016-11-21;12,4;186;4,1;jah
2016-11-22;9,95;169;4,5;jah
2016-11-23;7,58;154;4;jah
2016-11-24;6,02;145;4,1;jah
2016-11-25;5,11;139;3,5;jah
2016-11-26;4,87;137;3,5;jah
2016-11-27;5,57;140;3,4;jah
2016-11-28;4,74;134;1,9;jah
2016-11-29;3,97;128;0,6;jah
2016-11-30;3,84;127;0,5;jah
2016-12-01;4,35;130;0,7;jah
2016-12-02;4,04;127;0,7;jah
2016-12-03;3,69;125;0,6;jah
2016-12-04;3,05;122;0,1;jah
2016-12-05;3,35;124;0,3;jah
2016-12-06;3,46;124;0,2;jah
2016-12-07;3,02;123;0,1;jah
2016-12-08;3,18;124;0,6;jah
2016-12-09;4,48;131;1,5;jah
2016-12-10;4,96;133;1,5;jah
2016-12-11;4,04;127;0,3;jah
2016-12-12;3,39;136;0;jah
2016-12-13;2,68;130;0;jah
2016-12-14;2,26;119;0,2;jah
2016-12-15;2,03;118;0,3;jah
2016-12-16;1,98;117;0,4;jah
2016-12-17;1,98;117;0,6;jah
2016-12-18;2;118;0,9;jah
2016-12-19;2,26;119;1,4;jah
2016-12-20;2,44;120;1,8;jah
2016-12-21;2,84;122;2,1;jah
2016-12-22;3,28;124;2,4;jah
2016-12-23;3,87;127;2,7;jah
2016-12-24;3,9;127;2,6;jah
2016-12-25;4,11;128;2,5;jah
2016-12-26;4,18;129;2,7;jah
2016-12-27;4,24;129;2,3;jah
2016-12-28;3,77;126;1,3;jah
2016-12-29;3,18;123;0,7;jah
2016-12-30;2,99;122;1,3;jah
2016-12-31;3,09;123;2,4;jah
2017-01-01;6,59;132;3,4;jah
2017-01-02;5,14;140;3,1;jah
2017-01-03;3,93;132;1,5;jah
2017-01-04;3,27;130;0,3;jah
2017-01-05;2,9;148;0;jah
2017-01-06;2,54;152;0;jah
2017-01-07;2,2;148;0;jah
2017-01-08;1,93;135;0;jah
2017-01-09;1,69;123;0;jah
2017-01-10;1,49;114;0;jah
2017-01-11;1,35;114;0;jah
2017-01-12;1,34;112;0;jah
2017-01-13;1,35;112;0;jah
2017-01-14;1,34;112;0;jah
2017-01-15;1,3;112;0;jah
2017-01-16;1,21;111;0;jah
2017-01-17;1,18;110;0;jah
2017-01-18;1,31;110;0;jah
2017-01-19;1,61;112;0;jah
2017-01-20;1,5;113;0;jah
2017-01-21;1,38;112;0;jah
2017-01-22;1,54;112;0;jah
2017-01-23;2,14;113;0;jah
2017-01-24;1,8;117;0;jah
2017-01-25;1,59;114;0;jah
2017-01-26;1,59;113;0;jah
2017-01-27;1,52;113;0;jah
2017-01-28;1,52;113;0;jah
2017-01-29;1,52;113;0;jah
2017-01-30;1,48;112;0;jah
2017-01-31;1,47;112;0,1;jah
2017-02-01;1,46;112;0,1;jah
2017-02-02;1,44;112;0,1;jah
2017-02-03;1,4;112;0,1;jah
2017-02-04;1,4;112;0,1;jah
2017-02-05;1,36;112;0,1;jah
2017-02-06;1,16;112;0;jah
2017-02-07;0,873;109;0;jah
2017-02-08;0,761;106;0;jah
2017-02-09;0,702;105;0;jah
2017-02-10;0,673;104;0,1;jah
2017-02-11;0,639;104;0,1;jah
2017-02-12;0,647;104;0,1;jah
2017-02-13;0,667;104;0;jah
2017-02-14;0,674;104;0;jah
2017-02-15;0,677;104;0;jah
2017-02-16;0,725;104;0;jah
2017-02-17;0,94;106;0;jah
2017-02-18;1,42;108;0;jah
2017-02-19;3,47;114;0;jah
2017-02-20;4,9;130;0;jah
2017-02-21;2,45;137;0;jah
2017-02-22;1,85;120;0;jah
2017-02-23;1,61;117;0;jah
2017-02-24;1,36;115;0;jah
2017-02-25;1,19;113;0;jah
2017-02-26;1,14;112;0;jah
2017-02-27;1,61;112;0;jah
2017-02-28;10,1;120;0;jah
2017-03-01;14,8;186;0;jah
2017-03-02;12,4;210;0;jah
2017-03-03;12,5;192;0;jah
2017-03-04;10,7;195;0,1;jah
2017-03-05;5,78;175;0,1;jah
2017-03-06;3,69;144;0;jah
2017-03-07;2,98;130;0;jah
2017-03-08;2,67;125;0;jah
2017-03-09;2,47;122;0,1;jah
2017-03-10;2,5;120;0,3;jah
2017-03-11;3,07;120;0,5;jah
2017-03-12;3,64;124;0,8;jah
2017-03-13;3,45;127;0,7;jah
2017-03-14;5,71;125;0,7;jah
2017-03-15;8,26;142;0,9;jah
2017-03-16;9,7;151;0,9;jah
2017-03-17;16;164;0,8;jah
2017-03-18;12,9;187;0,7;jah
2017-03-19;10,6;170;1,1;jah
2017-03-20;10,1;158;0,8;jah
2017-03-21;13,9;160;1,1;jah
2017-03-22;12,7;175;1,6;jah
2017-03-23;10,5;168;1,9;jah
2017-03-24;8,21;157;1,8;jah
2017-03-25;7,27;147;1,7;jah
2017-03-26;6,54;142;1,6;jah
2017-03-27;6,23;138;2;jah
2017-03-28;5,53;137;2,6;jah
2017-03-29;4,92;133;2,2;jah
2017-03-30;4,64;129;1,8;jah
2017-03-31;4,98;128;1,9;jah
2017-04-01;5,58;130;2,4;jah
2017-04-02;5,65;133;3,8;jah
2017-04-03;5,23;133;4,7;jah
2017-04-04;4,83;131;4,6;jah
2017-04-05;4,51;130;4,4;jah
2017-04-06;4,21;128;4,3;jah
2017-04-07;3,98;127;4,6;jah
2017-04-08;3,71;126;4,7;jah
2017-04-09;3,55;124;5,1;jah
2017-04-10;3,52;124;5,8;jah
2017-04-11;3,41;124;6,5;jah
2017-04-12;3,82;124;6,3;jah
2017-04-13;4,14;127;5,6;jah
2017-04-14;3,77;128;4,6;jah
2017-04-15;3,42;126;4;jah
2017-04-16;3,09;125;3,4;jah
2017-04-17;2,9;123;3,2;jah
2017-04-18;2,72;122;3,2;jah
2017-04-19;2,59;121;3,4;jah
2017-04-20;2,98;120;3,9;jah
2017-04-21;3,69;123;4,9;jah
2017-04-22;3,79;127;5,7;jah
2017-04-23;3,49;127;6;jah
2017-04-24;3,42;125;6,2;jah
2017-04-25;3,82;125;6,2;jah
2017-04-26;3,82;127;5,8;jah
2017-04-27;3,59;127;5,8;jah
2017-04-28;3,54;126;6,2;jah
2017-04-29;5,89;126;5,9;jah
2017-04-30;5,4;141;5,2;jah
2017-05-01;4,49;136;5,9;jah
2017-05-02;3,97;131;7,5;jah
2017-05-03;3,55;128;8,7;jah
2017-05-04;3,16;125;9,4;jah
2017-05-05;2,84;123;9,9;jah
2017-05-06;2,54;121;10,6;jah
2017-05-07;2,21;119;10,8;jah
2017-05-08;1,95;117;10,2;jah
2017-05-09;1,81;115;8,9;jah
2017-05-10;1,7;114;7,8;jah
2017-05-11;1,58;113;7,1;jah
2017-05-12;1,47;112;7,1;jah
2017-05-13;1,35;111;7,7;jah
2017-05-14;1,32;110;9;jah
2017-05-15;1,25;110;10,7;jah
2017-05-16;1,14;109;11,2;jah
2017-05-17;1,09;108;11,1;jah
2017-05-18;1,08;108;11,6;jah
2017-05-19;1;108;13;jah
2017-05-20;0,916;107;14,7;jah
2017-05-21;0,861;106;15,9;jah
2017-05-22;0,776;105;16,3;jah
2017-05-23;0,89;104;15,6;jah
2017-05-24;0,922;106;15;jah
2017-05-25;0,814;106;15,3;jah
2017-05-26;0,783;104;15,2;jah
2017-05-27;0,936;105;15;jah
2017-05-28;0,675;106;15,4;jah
2017-05-29;0,705;103;16,5;jah
2017-05-30;0,556;103;16,5;jah
2017-05-31;0,527;102;15,7;jah
2017-06-01;0,496;101;14,1;jah
2017-06-02;0,438;101;13;jah
2017-06-03;0,39;100;12,7;jah
2017-06-04;0,378;100;14,1;jah
2017-06-05;0,444;100;13,7;jah
2017-06-06;0,409;101;13,9;jah
2017-06-07;0,43;100;15,1;jah
2017-06-08;0,479;101;15,8;jah
2017-06-09;0,449;102;15,9;jah
2017-06-10;0,406;101;16;jah
2017-06-11;0,424;100;16,8;jah
2017-06-12;0,652;101;16,2;jah
2017-06-13;0,683;105;15,3;jah
2017-06-14;0,575;106;15,4;jah
2017-06-15;0,518;104;15,9;jah
2017-06-16;0,406;103;16,7;jah
2017-06-17;0,356;101;17,7;jah
2017-06-18;0,298;100;18,1;jah
2017-06-19;0,273;98;18,2;jah
2017-06-20;0,259;98;17,7;jah
2017-06-21;0,231;98;16,6;jah
2017-06-22;0,211;97;16,1;jah
2017-06-23;0,198;96;16;jah
2017-06-24;0,206;96;15,4;jah
2017-06-25;0,194;96;15,9;jah
2017-06-26;0,184;96;16,3;jah
2017-06-27;0,202;96;16,4;jah
2017-06-28;0,164;96;16,1;jah
2017-06-29;0,227;96;16,1;jah
2017-06-30;0,3;97;16,3;jah
2017-07-01;0,281;99;16,1;jah
2017-07-02;0,242;98;16,4;jah
2017-07-03;0,232;98;17,2;jah
2017-07-04;0,205;97;17,4;jah
2017-07-05;0,177;97;16,9;jah
2017-07-06;0,182;96;16;jah
2017-07-07;0,184;96;15,4;jah
2017-07-08;0,176;96;15,8;jah
2017-07-09;0,175;96;16,9;jah
2017-07-10;0,191;96;17,5;jah
2017-07-11;0,171;96;17,3;jah
2017-07-12;0,176;96;17,5;jah
2017-07-13;0,194;96;17,3;jah
2017-07-14;0,187;97;16,8;jah
2017-07-15;0,151;97;16,5;jah
2017-07-16;0,129;96;16,8;jah
2017-07-17;0,126;96;16,8;jah
2017-07-18;0,138;96;16,9;jah
2017-07-19;0,128;97;16,5;jah
2017-07-20;0,107;96;16,5;jah
2017-07-21;0,097;96;16,4;jah
2017-07-22;0,084;96;16,3;jah
2017-07-23;0,075;95;16,3;jah
2017-07-24;0,08;95;16,5;jah
2017-07-25;0,082;96;16,9;jah
2017-07-26;0,102;97;17,2;jah
2017-07-27;0,096;99;17,6;jah
2017-07-28;0,083;99;17,6;jah
2017-07-29;0,073;99;17,5;jah
2017-07-30;0,055;99;17,4;jah
2017-07-31;0,027;97;17,8;jah
2017-08-01;0,029;93;18;jah
2017-08-02;0,032;93;18,3;jah
2017-08-03;0,041;93;18,3;jah
2017-08-04;0,049;94;18,4;jah
2017-08-05;0,055;94;18,6;jah
2017-08-06;0,057;95;18,5;jah
2017-08-07;0,055;94;18,3;jah
2017-08-08;0,057;94;17,7;jah
2017-08-09;0,066;94;17,4;jah
2017-08-10;0,07;94;18;jah
2017-08-11;0,079;94;17,9;jah
2017-08-12;0,104;95;18,3;jah
2017-08-13;0,103;96;18,4;jah
2017-08-14;0,099;95;18,2;jah
2017-08-15;0,116;96;17,3;jah
2017-08-16;0,095;96;17,3;jah
2017-08-17;0,09;95;17,4;jah
2017-08-18;0,096;95;17,9;jah
2017-08-19;0,103;96;17,8;jah
2017-08-20;0,113;96;17,8;jah
2017-08-21;0,122;97;17,6;jah
2017-08-22;0,099;98;17;jah
2017-08-23;0,09;96;16,3;jah
2017-08-24;0,088;96;15,7;jah
2017-08-25;0,093;96;15,1;jah
2017-08-26;0,096;96;14,8;jah
2017-08-27;0,09;96;14,3;jah
2017-08-28;0,089;96;14,3;jah
2017-08-29;0,091;96;13,9;jah
2017-08-30;0,087;96;14,5;jah
2017-08-31;0,087;95;15,5;jah
2017-09-01;0,089;95;16,2;jah
2017-09-02;0,111;96;15,4;jah
2017-09-03;0,154;97;14,9;jah
2017-09-04;0,117;99;14,3;jah
2017-09-05;0,117;97;13,9;jah
2017-09-06;0,115;97;13;jah
2017-09-07;0,149;97;12,8;jah
2017-09-08;0,13;98;13;jah
2017-09-09;0,15;98;13,4;jah
2017-09-10;0,152;98;13,5;jah
2017-09-11;0,199;98;14;jah
2017-09-12;0,304;100;14,6;jah
2017-09-13;0,414;101;14,9;jah
2017-09-14;0,981;104;14,5;jah
2017-09-15;1,39;111;14;jah
2017-09-16;1,4;114;13,4;jah
2017-09-17;1,28;113;13;jah
2017-09-18;2;111;12,4;jah
2017-09-19;2,09;116;11,6;jah
2017-09-20;1,77;116;11,5;jah
2017-09-21;1,61;114;11,6;jah
2017-09-22;1,38;113;12;jah
2017-09-23;1,14;111;12,2;jah
2017-09-24;0,958;109;12,1;jah
2017-09-25;0,82;108;11,8;jah
2017-09-26;0,715;106;11,5;jah
2017-09-27;0,682;105;11,3;jah
2017-09-28;0,608;104;11;jah
2017-09-29;0,576;103;9,9;jah
2017-09-30;0,524;103;9,6;jah
2017-10-01;0,499;102;9,6;jah
2017-10-02;0,521;102;9,5;jah
2017-10-03;1,11;103;8,9;jah
2017-10-04;3,03;112;9,3;jah
2017-10-05;3,47;127;9,5;jah
2017-10-06;2,71;128;9,4;jah
2017-10-07;3,7;124;9,2;jah
2017-10-08;5,36;134;9,3;jah
2017-10-09;6,65;145;9,1;jah
2017-10-10;11,8;158;9;jah
2017-10-11;11,6;191;9,2;jah
2017-10-12;12,8;187;9,1;jah
2017-10-13;11,9;194;9,4;jah
2017-10-14;11;185;9,1;jah
2017-10-15;9,46;179;9,2;jah
2017-10-16;7,73;167;9,4;jah
2017-10-17;7,5;157;9,2;jah
2017-10-18;7,03;155;9,4;jah
2017-10-19;5,78;151;8,7;jah
2017-10-20;4,72;142;7,1;jah
2017-10-21;4,18;135;5,4;jah
2017-10-22;3,95;132;4,1;jah
2017-10-23;3,53;129;3,3;jah
2017-10-24;3,22;127;2,5;jah
2017-10-25;3,23;124;1,7;jah
2017-10-26;3,55;124;1,5;jah
2017-10-27;4,19;126;2,1;jah
2017-10-28;10,1;133;2,9;jah
2017-10-29;10,3;166;4;jah
2017-10-30;8,46;164;4;jah
2017-10-31;6,64;153;3,4;jah
2017-11-01;6,66;144;2,7;jah
2017-11-02;6,24;145;3;jah
2017-11-03;5,43;141;3,5;jah
2017-11-04;5,02;136;4,1;jah
2017-11-05;4,69;134;5,2;jah
2017-11-06;4,43;132;5,8;jah
2017-11-07;4,1;130;5,4;jah
2017-11-08;3,85;128;4,3;jah
2017-11-09;4,3;127;4,2;jah
2017-11-10;9,26;132;4,8;jah
2017-11-11;15;162;5,4;jah
2017-11-12;15,3;195;4,9;jah
2017-11-13;10,9;191;4;jah
2017-11-14;7,98;167;2,9;jah
2017-11-15;8,06;153;2,9;jah
2017-11-16;7,71;155;3,1;jah
2017-11-17;7,9;153;3,1;jah
2017-11-18;7,97;154;3,9;jah
2017-11-19;10,8;157;4,3;jah
2017-11-20;9,19;171;3,9;jah
2017-11-21;7,05;160;3,3;jah
2017-11-22;5,72;148;2,6;jah
2017-11-23;5,41;141;2;jah
2017-11-24;7,66;140;2,8;jah
2017-11-25;12,1;156;3,9;jah
2017-11-26;14,8;184;3,6;jah
2017-11-27;12,3;194;3,1;jah
2017-11-28;10,5;179;3,3;jah
2017-11-29;11,9;171;2,8;jah
2017-11-30;11,3;179;2,7;jah
2017-12-01;10,4;175;2,3;jah
2017-12-02;10,4;170;2;jah
2017-12-03;17;174;2,3;jah
2017-12-04;17;213;2,6;jah
2017-12-05;12,8;207;1,8;jah
2017-12-06;9,59;183;1,3;jah
2017-12-07;11;165;1,2;jah
2017-12-08;15,4;181;2,1;jah
2017-12-09;12,9;202;2,5;jah
2017-12-10;9,55;185;2;jah
2017-12-11;8,44;166;1,2;jah
2017-12-12;20;166;1,2;jah
2017-12-13;21,8;235;1,8;jah
2017-12-14;16,5;236;1,3;jah
2017-12-15;14,6;207;1,1;jah
2017-12-16;14,2;198;1,5;jah
2017-12-17;12,8;194;1,6;jah
2017-12-18;10,2;184;1,5;jah
2017-12-19;8,88;169;1,5;jah
2017-12-20;8,38;161;1,8;jah
2017-12-21;9,35;159;2,1;jah
2017-12-22;7,76;162;1,8;jah
2017-12-23;9,22;153;1,2;jah
2017-12-24;8,15;163;1,2;jah
2017-12-25;8,74;153;0,6;jah
2017-12-26;13,5;162;1,8;jah
2017-12-27;12,2;184;2,6;jah
2017-12-28;9,85;174;2,3;jah
2017-12-29;10,5;162;2,4;jah
2017-12-30;10,9;167;2,6;jah
2017-12-31;8,71;166;1,8;jah
2018-01-01;9,82;154;1,5;jah
2018-01-02;11,8;163;2,4;jah
2018-01-03;10,3;170;2,8;jah
2018-01-04;9,61;161;2,6;jah
2018-01-05;12,1;159;2,8;jah
2018-01-06;11,5;173;3;jah
2018-01-07;8,25;167;1,7;jah
2018-01-08;6,48;151;0,6;jah
2018-01-09;5,66;142;0,7;jah
2018-01-10;5,02;138;1,1;jah
2018-01-11;4,39;134;1;jah
2018-01-12;4,03;130;0,4;jah
2018-01-13;3,77;129;0;jah
2018-01-14;3,52;138;0;jah
2018-01-15;3,27;149;0;jah
2018-01-16;3,02;154;0;jah
2018-01-17;2,77;149;0;jah
2018-01-18;2,53;141;0;jah
2018-01-19;2,29;128;0;jah
2018-01-20;2,09;119;0;jah
2018-01-21;1,91;117;0;jah
2018-01-22;1,81;116;0;jah
2018-01-23;1,7;115;0;jah
2018-01-24;2,31;115;0;jah
2018-01-25;6,26;122;0;jah
2018-01-26;6,1;147;0;jah
2018-01-27;5,29;144;0;jah
2018-01-28;4,39;138;0,1;jah
2018-01-29;4,15;133;0,3;jah
2018-01-30;3,7;131;0,4;jah
2018-01-31;3,49;128;0,3;jah
2018-02-01;3,43;127;0,1;jah
2018-02-02;3,3;126;0,2;jah
2018-02-03;3,16;125;0,5;jah
2018-02-04;3,01;123;0,3;jah
2018-02-05;2,88;141;0;jah
2018-02-06;2,76;148;0;jah
2018-02-07;2,61;137;0;jah
2018-02-08;2,38;123;0;jah
2018-02-09;2,2;119;0;jah
2018-02-10;2,15;118;0;jah
2018-02-11;2,07;117;0;jah
2018-02-12;2;117;0;jah
2018-02-13;1,95;116;0;jah
2018-02-14;1,88;116;0;jah
2018-02-15;1,81;115;0;jah
2018-02-16;1,8;115;0;jah
2018-02-17;1,74;115;0;jah
2018-02-18;1,69;114;0;jah
2018-02-19;1,59;114;0;jah
2018-02-20;1,46;113;0;jah
2018-02-21;1,36;112;0;jah
2018-02-22;1,3;112;0;jah
2018-02-23;1,23;112;0;jah
2018-02-24;1,13;111;0;jah
2018-02-25;1,07;111;0;jah
2018-02-26;1,11;110;0;jah
2018-02-27;1,03;111;0;jah
2018-02-28;1,03;111;0;jah
2018-03-01;1,09;111;0;jah
2018-03-02;1,08;112;0;jah
2018-03-03;1,08;112;0;jah
2018-03-04;1,04;112;0;jah
2018-03-05;0,933;112;0;jah
2018-03-06;0,854;111;0;jah
2018-03-07;0,79;111;0;jah
2018-03-08;0,788;109;0;jah
2018-03-09;0,793;109;0;jah
2018-03-10;0,812;109;0;jah
2018-03-11;0,926;108;0;jah
2018-03-12;1,76;109;0;jah
2018-03-13;11,7;121;0;jah
2018-03-14;9,82;186;0;jah
2018-03-15;5,97;165;0;jah
2018-03-16;4,32;143;0;jah
2018-03-17;2,84;131;0;jah
2018-03-18;2,29;122;0;jah
2018-03-19;2,2;118;0;jah
2018-03-20;2,03;118;0;jah
2018-03-21;1,96;116;0;jah
2018-03-22;2,06;116;0;jah
2018-03-23;2,11;117;0;jah
2018-03-24;2,37;117;0;jah
2018-03-25;2,93;119;0,1;jah
2018-03-26;2,63;122;0,1;jah
2018-03-27;2,31;119;0,1;jah
2018-03-28;2,12;117;0,1;jah
2018-03-29;2,05;116;0,1;jah
2018-03-30;1,97;116;0,2;jah
2018-03-31;1,99;115;0,4;jah
2018-04-01;2,28;115;0,5;jah
2018-04-02;2,6;117;0,4;jah
2018-04-03;3,29;119;0,6;jah
2018-04-04;7,63;124;0,7;jah
2018-04-05;17,3;153;0,9;jah
2018-04-06;17;200;1,1;jah
2018-04-07;13,6;192;1,4;jah
2018-04-08;12,7;176;2;jah
2018-04-09;12,7;172;2,9;jah
2018-04-10;9,58;172;3,3;jah
2018-04-11;7,16;155;2,8;jah
2018-04-12;5,81;144;3,2;jah
2018-04-13;5,07;137;4;jah
2018-04-14;5,02;134;4,9;jah
2018-04-15;5,62;135;5,9;jah
2018-04-16;5,09;138;7,1;jah
2018-04-17;4,62;135;7,6;jah
2018-04-18;4,23;132;7,4;jah
2018-04-19;3,86;130;8;jah
2018-04-20;3,62;128;8,3;jah
2018-04-21;3,34;127;9;jah
2018-04-22;3,07;125;8,8;jah
2018-04-23;2,91;124;8,7;jah
2018-04-24;2,94;123;9,4;jah
2018-04-25;3,04;123;9,4;jah
2018-04-26;3,22;124;8,9;jah
2018-04-27;3,24;125;8,2;jah
2018-04-28;3,07;124;8,6;jah
2018-04-29;3,03;123;9,1;jah
2018-04-30;3,57;123;9,9;jah
2018-05-01;4,18;127;9,4;jah
2018-05-02;3,76;129;9,1;jah
2018-05-03;4,04;127;8,5;jah
2018-05-04;3,71;129;9,1;jah
2018-05-05;3,21;126;10;jah
2018-05-06;2,83;123;10,8;jah
2018-05-07;2,52;120;11,9;jah
2018-05-08;2,27;118;13,3;jah
2018-05-09;2;117;13,5;jah
2018-05-10;1,72;115;13,9;jah
2018-05-11;1,45;113;14,3;jah
2018-05-12;1,25;111;14,9;jah
2018-05-13;1,1;109;15,7;jah
2018-05-14;0,971;108;16,2;jah
2018-05-15;0,833;107;17;jah
2018-05-16;0,74;105;17,7;jah
2018-05-17;0,67;104;17,9;jah
2018-05-18;0,63;103;17,5;jah
2018-05-19;0,535;102;16;jah
2018-05-20;0,467;101;16,1;jah
2018-05-21;0,439;100;16,2;jah
2018-05-22;0,429;99;16,7;jah
2018-05-23;0,384;99;16,8;jah
2018-05-24;0,356;98;17,2;jah
2018-05-25;0,331;98;17,7;jah
2018-05-26;0,313;98;17,8;jah
2018-05-27;0,303;97;18,2;jah
2018-05-28;0,281;97;18,4;jah
2018-05-29;0,263;97;18,5;jah
2018-05-30;0,12;96;18,9;jah
2018-05-31;0,116;93;18,5;jah
2018-06-01;0,118;93;17,8;jah
2018-06-02;0,122;93;17,8;jah
2018-06-03;0,122;93;17,8;jah
2018-06-04;0,118;93;18,1;jah
2018-06-05;0,141;93;15,8;jah
2018-06-06;0,139;93;15;jah
2018-06-07;0,194;94;14,1;jah
2018-06-08;0,126;94;15,3;jah
2018-06-09;0,117;93;14,9;jah
2018-06-10;0,112;93;14,6;jah
2018-06-11;0,15;92;15,4;jah
2018-06-12;0,155;94;16,9;jah
2018-06-13;0,132;94;16,1;jah
2018-06-14;0,135;93;15,8;jah
2018-06-15;0,13;93;16,1;jah
2018-06-16;0,13;93;17;jah
2018-06-17;0,166;93;17,7;jah
2018-06-18;0,442;95;18,1;jah
2018-06-19;0,33;99;17,8;jah
2018-06-20;0,208;98;17,6;jah
2018-06-21;0,153;94;17,7;jah
2018-06-22;0,229;94;16,4;jah
2018-06-23;0,14;95;15,9;jah
2018-06-24;0,132;93;15,7;jah
2018-06-25;0,139;93;15,6;jah
2018-06-26;0,331;93;15,5;jah
2018-06-27;0,435;98;16,8;jah
2018-06-28;0,228;98;18,6;jah
2018-06-29;0,181;95;18,1;jah
2018-06-30;0,164;94;16,9;jah
2018-07-01;0,199;94;15,7;jah
2018-07-02;0,175;95;15,5;jah
2018-07-03;0,117;94;15,7;jah
2018-07-04;0,11;93;16,2;jah
2018-07-05;0,106;92;17;jah
2018-07-06;0,107;92;17,1;jah
2018-07-07;0,103;92;17,5;jah
2018-07-08;0,103;92;17,8;jah
2018-07-09;0,102;92;18,4;jah
2018-07-10;0,104;92;18,6;jah
2018-07-11;0,107;92;18,7;jah
2018-07-12;0,108;93;18,6;jah
2018-07-13;0,114;93;19,5;jah
2018-07-14;0,12;93;19,7;jah
2018-07-15;0,111;94;19,8;jah
2018-07-16;0,106;93;20,2;jah
2018-07-17;0,103;93;20,8;jah
2018-07-18;0,106;94;21,3;jah
2018-07-19;0,123;94;21,7;jah
2018-07-20;0,164;95;21,6;jah
2018-07-21;0,108;96;21,3;jah
2018-07-22;0,079;94;21,2;jah
2018-07-23;0,092;93;21,1;jah
2018-07-24;0,082;93;21,1;jah
2018-07-25;0,088;93;21;jah
2018-07-26;0,083;93;21,4;jah
2018-07-27;0,08;93;21,7;jah
2018-07-28;0,08;93;22,1;jah
2018-07-29;0,11;93;22,8;jah
2018-07-30;0,171;94;23,1;jah
2018-07-31;0,136;96;22,8;jah
2018-08-01;0,174;95;22,9;jah
2018-08-02;0,116;96;23,2;jah
2018-08-03;0,098;94;23,6;jah
2018-08-04;0,178;94;22,8;jah
2018-08-05;0,165;97;21,8;jah
2018-08-06;0,111;96;20,6;jah
2018-08-07;0,098;94;19,8;jah
2018-08-08;0,093;93;19,4;jah
2018-08-09;0,089;93;19,8;jah
2018-08-10;0,106;93;20,4;jah
2018-08-11;0,124;94;20,2;jah
2018-08-12;0,163;95;19,7;jah
2018-08-13;0,167;95;19;jah
2018-08-14;0,216;96;18,1;jah
2018-08-15;0,125;93;17,7;jah
2018-08-16;0,151;94;17,3;jah
2018-08-17;0,139;94;17,6;jah
2018-08-18;0,203;96;18,2;jah
2018-08-19;0,142;94;18,4;jah
2018-08-20;0,158;94;17,7;jah
2018-08-21;0,279;98;17,2;jah
2018-08-22;0,309;98;16,3;jah
2018-08-23;0,273;97;16,4;jah
2018-08-24;0,233;97;17;jah
2018-08-25;0,313;98;17,8;jah
2018-08-26;0,261;97;17,4;jah
2018-08-27;0,212;96;16,4;jah
2018-08-28;0,231;97;16,3;jah
2018-08-29;0,483;102;16,4;jah
2018-08-30;0,311;99;16,7;jah
2018-08-31;0,228;97;16,5;jah
2018-09-01;0,188;96;16,8;jah
2018-09-02;0,162;95;16,9;jah
2018-09-03;0,15;95;16,8;jah
2018-09-04;0,146;95;16,6;jah
2018-09-05;0,192;96;16,6;jah
2018-09-06;0,127;94;17;jah
2018-09-07;0,111;93;16,9;jah
2018-09-08;0,112;93;17,1;jah
2018-09-09;0,111;93;17,1;jah
2018-09-10;0,11;93;16,5;jah
2018-09-11;0,114;93;16,3;jah
2018-09-12;0,141;94;15,9;jah
2018-09-13;0,255;97;15,5;jah
2018-09-14;0,171;94;14,8;jah
2018-09-15;0,137;93;14,4;jah
2018-09-16;0,163;94;14;jah
2018-09-17;0,151;93;13,7;jah
2018-09-18;0,151;94;13,5;jah
2018-09-19;0,168;94;13,9;jah
2018-09-20;0,156;94;14,6;jah
2018-09-21;0,193;94;15,2;jah
2018-09-22;0,152;93;15,2;jah
2018-09-23;0,136;93;14,3;jah
2018-09-24;0,186;94;13,1;jah
2018-09-25;0,2;95;11,5;jah
2018-09-26;0,224;95;10,7;jah
2018-09-27;0,54;101;10,7;jah
2018-09-28;2,69;121;10,5;jah
2018-09-29;4,17;127;9,5;jah
2018-09-30;2,72;119;9,6;jah
2018-10-01;2,45;117;10,1;jah
2018-10-02;2,2;115;10,6;jah
2018-10-03;2,21;116;10,4;jah
2018-10-04;3,12;121;9,5;jah
2018-10-05;2,93;119;9;jah
2018-10-06;2,94;120;9,8;jah
2018-10-07;3,13;120;10,2;jah
2018-10-08;2,89;119;9,2;jah
2018-10-09;2,75;118;9,3;jah
2018-10-10;2,84;118;9,9;jah
2018-10-11;2,53;117;10,4;jah
2018-10-12;2,21;115;10,7;jah
2018-10-13;1,97;113;10,8;jah
2018-10-14;1,76;112;10,7;jah
2018-10-15;1,61;111;10,6;jah
2018-10-16;1,46;110;10,4;jah
2018-10-17;1,36;109;10,2;jah
2018-10-18;1,25;108;10;jah
2018-10-19;1,15;107;9,4;jah
2018-10-20;1,09;107;8,3;jah
2018-10-21;1,01;106;7,5;jah
2018-10-22;0,976;106;8,1;jah
2018-10-23;1,13;108;7,3;jah
2018-10-24;2,42;118;6,9;jah
2018-10-25;3,14;121;6,3;jah
2018-10-26;3,02;121;5,7;jah
2018-10-27;2,76;120;4,2;jah
2018-10-28;4,84;134;3,3;jah
2018-10-29;6,88;144;3,1;jah
2018-10-30;4,77;131;2,9;jah
2018-10-31;5,81;141;4,1;jah
2018-11-01;7,31;147;5,4;jah
2018-11-02;5,4;136;6,5;jah
2018-11-03;4,38;131;7,4;jah
2018-11-04;3,62;126;7,5;jah
2018-11-05;3,07;123;6,5;jah
2018-11-06;2,73;121;6,1;jah
2018-11-07;2,52;120;6,6;jah
2018-11-08;2,35;119;7;jah
2018-11-09;2,23;118;6,9;jah
2018-11-10;2,1;118;6,5;jah
2018-11-11;1,97;117;6,1;jah
2018-11-12;1,85;116;5,7;jah
2018-11-13;2,8;125;5,9;jah
2018-11-14;5,46;142;6,7;jah
2018-11-15;4,27;133;6,8;jah
2018-11-16;3,34;127;6,8;jah
2018-11-17;2,91;124;6,8;jah
2018-11-18;2,68;122;6,2;jah
2018-11-19;2,47;120;5,1;jah
2018-11-20;2,26;118;4,1;jah
2018-11-21;2,14;117;3,6;jah
2018-11-22;2,05;116;3,5;jah
2018-11-23;1,98;116;3,5;jah
2018-11-24;1,94;115;3,5;jah
2018-11-25;1,85;114;2,6;jah
2018-11-26;1,73;113;1,9;jah
2018-11-27;1,63;112;0,8;jah
2018-11-28;1,48;110;0,3;jah
2018-11-29;1,37;109;0,3;jah
2018-11-30;1,29;108;0,2;jah
2018-12-01;1,33;109;0,2;jah
2018-12-02;1,13;107;0,2;jah
2018-12-03;1,09;106;0,2;jah
2018-12-04;1,16;107;0,3;jah
2018-12-05;1,5;110;0,3;jah
2018-12-06;1,55;110;0,3;jah
2018-12-07;1,48;110;0,3;jah
2018-12-08;1,55;111;0,5;jah
2018-12-09;2,47;118;0,7;jah
2018-12-10;3,68;125;1,3;jah
2018-12-11;3,84;125;1,9;jah
2018-12-12;3,53;124;2;jah
2018-12-13;3,08;121;1,8;jah
2018-12-14;2,75;119;1,4;jah
2018-12-15;2,42;118;0,9;jah
2018-12-16;2,09;116;0,4;jah
2018-12-17;1,94;115;0,2;jah
2018-12-18;1,81;114;0,3;jah
2018-12-19;1,7;113;0,2;jah
2018-12-20;1,65;113;0,2;jah
2018-12-21;1,89;114;0,2;jah
2018-12-22;1,84;114;0,2;jah
2018-12-23;1,49;111;0,2;jah
2018-12-24;1,44;111;0,2;jah
2018-12-25;1,44;111;0,2;jah
2018-12-26;1,57;112;0,2;jah
2018-12-27;1,73;113;0,2;jah
2018-12-28;1,84;113;0,2;jah
2018-12-29;2,07;115;0,3;jah
2018-12-30;2,49;118;0,4;jah
2018-12-31;2,66;118;0,7;jah
2019-01-01;3,58;125;1,3;jah
2019-01-02;7,76;147;1,4;jah
2019-01-03;5,24;136;0,2;jah
2019-01-04;4,08;145;0,1;jah
2019-01-05;3,32;123;0,1;jah
2019-01-06;2,87;121;0,1;jah
2019-01-07;2,57;118;0,2;jah
2019-01-08;2,48;117;0,2;jah
2019-01-09;2,43;117;0,2;jah
2019-01-10;2,36;117;0,2;jah
2019-01-11;2,27;116;0,2;jah
2019-01-12;2,3;130;0,1;jah
2019-01-13;2,29;130;0,2;jah
2019-01-14;2,25;116;0,1;jah
2019-01-15;1,99;114;0,1;jah
2019-01-16;1,97;114;0,1;jah
2019-01-17;2,01;121;0,1;jah
2019-01-18;2,32;150;0,1;jah
2019-01-19;2,65;138;0,1;jah
2019-01-20;3;128;0,1;jah
2019-01-21;3,31;123;0,1;jah
2019-01-22;3,17;122;0,1;jah
2019-01-23;2,75;119;0,1;jah
2019-01-24;2,51;118;0,1;jah
2019-01-25;2,34;117;0,1;jah
2019-01-26;2,22;116;0,1;jah
2019-01-27;2,08;115;0,1;jah
2019-01-28;1,91;114;0,2;jah
2019-01-29;1,8;113;0,2;jah
2019-01-30;1,73;113;0,2;jah
2019-01-31;1,65;113;0,2;jah
2019-02-01;1,53;112;0,2;jah
2019-02-02;1,47;112;0,2;jah
2019-02-03;1,51;113;0,2;jah
2019-02-04;1,97;117;0,1;jah
2019-02-05;2,05;117;0,1;jah
2019-02-06;1,87;116;0,1;jah
2019-02-07;1,76;116;0,1;jah
2019-02-08;1,75;116;0,1;jah
2019-02-09;2,41;124;0,1;jah
2019-02-10;7,81;166;0,1;jah
2019-02-11;14,7;210;0,1;jah
2019-02-12;15,4;214;0,1;jah
2019-02-13;12;193;0,2;jah
2019-02-14;9,39;177;0,2;jah
2019-02-15;8,31;170;0,4;jah
2019-02-16;7,79;166;0,7;jah
2019-02-17;8;167;0,6;jah
2019-02-18;6,96;158;0,4;jah
2019-02-19;6,74;158;0,9;jah
2019-02-20;11,1;189;0,9;jah
2019-02-21;11;185;0,2;jah
2019-02-22;11,4;188;0,1;jah
2019-02-23;10,5;178;0,1;jah
2019-02-24;5,1;142;0,3;jah
2019-02-25;4,32;138;0,6;jah
2019-02-26;5,23;145;1,1;jah
2019-02-27;7,02;156;1,3;jah
2019-02-28;7,04;157;1,3;jah
2019-03-01;6,31;158;0,8;jah
2019-03-02;5,5;144;0,4;jah
2019-03-03;4,71;138;0,7;jah
2019-03-04;4,09;134;0,8;jah
2019-03-05;8,06;164;0,9;jah
2019-03-06;11,6;181;0,2;jah
2019-03-07;8,54;161;0,4;jah
2019-03-08;13,8;199;0,9;jah
2019-03-09;18,4;220;1;jah
2019-03-10;19,7;227;1,2;jah
2019-03-11;18;214;0,6;jah
2019-03-12;12,7;184;0,4;jah
2019-03-13;9,78;166;0,6;jah
2019-03-14;7,66;155;1,3;jah
2019-03-15;12;184;1,8;jah
2019-03-16;18;216;1,9;jah
2019-03-17;19,6;223;1,8;jah
2019-03-18;26,4;258;2;jah
2019-03-19;27,5;258;2,1;jah
2019-03-20;22;230;2;jah
2019-03-21;17,7;209;2,2;jah
2019-03-22;16,2;201;2,7;jah
2019-03-23;13,5;185;2,1;jah
2019-03-24;11,1;171;2,2;jah
2019-03-25;9,28;161;2,7;jah
2019-03-26;7,74;152;2,5;jah
2019-03-27;6,32;143;2;jah
2019-03-28;5,45;138;2,7;jah
2019-03-29;4,97;135;4,1;jah
2019-03-30;4,68;133;5,1;jah
2019-03-31;4,39;131;5,4;jah
2019-04-01;4,02;128;4,6;jah
2019-04-02;3,7;126;4,2;jah
2019-04-03;3,5;125;4,3;jah
2019-04-04;3,3;124;5;jah
2019-04-05;3,09;122;5,6;jah
2019-04-06;2,92;121;5,9;jah
2019-04-07;2,75;120;6,2;jah
2019-04-08;2,63;119;6;jah
2019-04-09;2,56;119;5,2;jah
2019-04-10;2,55;119;4,5;jah
2019-04-11;2,45;118;4,1;jah
2019-04-12;2,33;117;3,9;jah
2019-04-13;2,3;117;4;jah
2019-04-14;2,14;116;4,7;jah
2019-04-15;2,04;115;5,5;jah
2019-04-16;1,94;114;6,6;jah
2019-04-17;1,84;114;7,7;jah
2019-04-18;1,76;113;8,7;jah
2019-04-19;1,67;112;9,4;jah
2019-04-20;1,54;111;10,2;jah
2019-04-21;1,45;111;10,5;jah
2019-04-22;1,35;110;10,9;jah
2019-04-23;1,28;109;11,4;jah
2019-04-24;1,2;108;11,7;jah
2019-04-25;1,13;108;12,1;jah
2019-04-26;1,06;107;13,2;jah
2019-04-27;1,02;107;14,2;jah
2019-04-28;0,965;106;14;jah
2019-04-29;0,927;106;13;jah
2019-04-30;0,872;105;12,7;jah
2019-05-01;0,828;105;12,2;jah
2019-05-02;0,967;106;11,4;jah
2019-05-03;1,29;109;10;jah
2019-05-04;1,24;109;8,8;jah
2019-05-05;1;105;8,1;jah
2019-05-06;0,678;103;8,2;jah
2019-05-07;0,984;106;9,2;jah
2019-05-08;0,963;106;9,6;jah
2019-05-09;0,875;105;10,3;jah
2019-05-10;1,03;106;11,1;jah
2019-05-11;0,888;105;10,9;jah
2019-05-12;0,914;105;11,7;jah
2019-05-13;0,888;105;11,3;jah
2019-05-14;1,17;108;11;jah
2019-05-15;1,25;109;11,6;jah
2019-05-16;1,11;107;12,1;jah
2019-05-17;0,995;106;12,8;jah
2019-05-18;0,889;105;14,3;jah
2019-05-19;0,778;104;15,6;jah
2019-05-20;0,661;102;16,4;jah
2019-05-21;0,58;101;17,1;jah
2019-05-22;0,587;101;18,3;jah
2019-05-23;0,465;99;19;jah
2019-05-24;0,26;95;18,9;jah
2019-05-25;0,161;93;17,3;jah
2019-05-26;0,182;94;15,7;jah
2019-05-27;0,489;100;14,3;jah
2019-05-28;0,581;101;14,6;jah
2019-05-29;0,725;104;15;jah
2019-05-30;0,717;103;14,6;jah
2019-05-31;0,611;102;14,1;jah
2019-06-01;0,502;100;13,9;jah
2019-06-02;0,416;99;14,5;jah
2019-06-03;0,388;99;14,9;jah
2019-06-04;0,368;98;16,2;jah
2019-06-05;0,302;97;17,2;jah
2019-06-06;0,3;97;18,7;jah
2019-06-07;0,316;98;20;jah
2019-06-08;0,339;98;20,4;jah
2019-06-09;0,352;98;20,7;jah
2019-06-10;0,287;97;19,8;jah
2019-06-11;0,31;98;18,7;jah
2019-06-12;0,742;105;18,8;jah
2019-06-13;0,721;105;19,1;jah
2019-06-14;3,69;129;17,9;jah
2019-06-15;3,41;124;17,9;jah
2019-06-16;1,93;115;18,3;jah
2019-06-17;1,26;109;18,9;jah
2019-06-18;0,848;105;19;jah
2019-06-19;0,581;102;19,3;jah
2019-06-20;0,512;101;20;jah
2019-06-21;0,359;98;20,6;jah
2019-06-22;0,257;96;20,4;jah
2019-06-23;0,175;94;19,3;jah
2019-06-24;0,138;93;18,6;jah
2019-06-25;0,168;94;18,1;jah
2019-06-26;0,183;94;18,2;jah
2019-06-27;0,227;95;18,3;jah
2019-06-28;0,304;96;17,8;jah
2019-06-29;0,245;95;17,8;jah
2019-06-30;0,349;97;18,3;jah
2019-07-01;0,643;101;19,1;jah
2019-07-02;0,361;97;19,1;jah
2019-07-03;0,27;95;18,1;jah
2019-07-04;0,148;92;17,1;jah
2019-07-05;0,173;93;16,4;jah
2019-07-06;0,2;93;16,5;jah
2019-07-07;0,212;94;16,2;jah
2019-07-08;0,374;97;15,8;jah
2019-07-09;0,444;98;16,3;jah
2019-07-10;0,468;98;16,7;jah
2019-07-11;0,429;97;16,4;jah
2019-07-12;0,577;100;15,9;jah
2019-07-13;0,554;99;15,5;jah
2019-07-14;0,648;101;15;jah
2019-07-15;0,558;99;15,3;jah
2019-07-16;0,431;98;15,7;jah
2019-07-17;0,498;99;16;jah
2019-07-18;0,62;101;17,1;jah
2019-07-19;0,526;99;18,3;jah
2019-07-20;0,393;98;18,5;jah
2019-07-21;0,291;96;19;jah
2019-07-22;0,223;95;19;jah
2019-07-23;0,345;97;18,8;jah
2019-07-24;0,628;102;19;jah
2019-07-25;0,497;100;19,7;jah
2019-07-26;0,358;97;20,1;jah
2019-07-27;0,286;96;20,7;jah
2019-07-28;0,394;99;21,3;jah
2019-07-29;0,559;100;21,8;jah
2019-07-30;0,31;97;20,1;jah
2019-07-31;0,264;96;18,1;jah
2019-08-01;0,221;95;17,2;jah
2019-08-02;0,258;96;17;jah
2019-08-03;0,192;94;16,5;jah
2019-08-04;0,175;94;16,3;jah
2019-08-05;0,154;93;16,2;jah
2019-08-06;0,144;93;16,6;jah
2019-08-07;0,198;95;17,3;jah
2019-08-08;0,523;101;17,1;jah
2019-08-09;0,426;99;16,9;jah
2019-08-10;0,397;99;17,1;jah
2019-08-11;0,318;97;17,8;jah
2019-08-12;0,194;95;17,9;jah
2019-08-13;0,28;97;17,5;jah
2019-08-14;0,297;97;17,1;jah
2019-08-15;0,223;96;16,9;jah
2019-08-16;0,235;96;16,5;jah
2019-08-17;0,19;95;16,8;jah
2019-08-18;0,172;94;17,3;jah
2019-08-19;0,179;95;18;jah
2019-08-20;0,169;95;17,9;jah
2019-08-21;0,226;96;17,3;jah
2019-08-22;0,166;95;16,8;jah
2019-08-23;0,198;96;16,7;jah
2019-08-24;0,191;95;17,1;jah
2019-08-25;0,384;100;16,6;jah
2019-08-26;0,435;100;17,2;jah
2019-08-27;0,226;96;17,5;jah
2019-08-28;0,178;95;17,4;jah
2019-08-29;0,189;95;17,6;jah
2019-08-30;0,19;95;18,2;jah
2019-08-31;0,157;94;17,7;jah
2019-09-01;0,169;94;17,3;jah
2019-09-02;0,159;94;17,1;jah
2019-09-03;0,191;95;16,8;jah
2019-09-04;0,172;94;16,5;jah
2019-09-05;0,166;94;16,1;jah
2019-09-06;0,171;94;16;jah
2019-09-07;0,165;94;15,4;jah
2019-09-08;0,177;94;15,4;jah
2019-09-09;0,222;96;15,9;jah
2019-09-10;0,361;99;16,4;jah
2019-09-11;0,687;103;16;jah
2019-09-12;0,391;98;15,6;jah
2019-09-13;0,291;97;15,2;jah
2019-09-14;0,348;98;14,1;jah
2019-09-15;0,514;102;12,7;jah
2019-09-16;1,53;113;12,3;jah
2019-09-17;1,5;112;12;jah
2019-09-18;1,19;109;11,2;jah
2019-09-19;0,971;107;10,3;jah
2019-09-20;0,834;106;9,6;jah
2019-09-21;0,853;106;10,2;jah
2019-09-22;1,02;108;10,6;jah
2019-09-23;1,08;108;9;jah
2019-09-24;0,893;106;8,8;jah
2019-09-25;0,743;105;9,2;jah
2019-09-26;0,621;103;8,5;jah
2019-09-27;0,606;103;7,9;jah
2019-09-28;0,567;102;8;jah
2019-09-29;0,523;101;9,2;jah
2019-09-30;0,529;102;10,3;jah
2019-10-01;0,821;105;9,9;jah
2019-10-02;0,61;102;9,5;jah
2019-10-03;0,62;103;9;jah
2019-10-04;0,731;104;8,5;jah
2019-10-05;0,728;104;6,9;jah
2019-10-06;0,705;104;6,5;jah
2019-10-07;0,679;103;6,1;jah
2019-10-08;0,734;104;5,8;jah
2019-10-09;0,944;107;6,2;jah
2019-10-10;1,21;109;6,9;jah
2019-10-11;1,25;109;7,5;jah
2019-10-12;2,45;119;8,9;jah
2019-10-13;3,13;121;9,5;jah
2019-10-14;2,86;121;9,2;jah
2019-10-15;3,67;125;9;jah
2019-10-16;2,85;120;8,8;jah
2019-10-17;2,6;120;9,2;jah
2019-10-18;3,11;123;9,8;jah
2019-10-19;3,04;123;10,3;jah
2019-10-20;2,87;122;10,1;jah
2019-10-21;2,52;120;10,2;jah
2019-10-22;2,26;119;9,6;jah
2019-10-23;2,03;118;9,8;jah
2019-10-24;1,82;116;9,8;jah
2019-10-25;1,59;115;9,6;jah
2019-10-26;1,73;117;9,6;jah
2019-10-27;4,65;144;9,6;jah
2019-10-28;10,5;181;8,4;jah
2019-10-29;8,41;165;6,5;jah
2019-10-30;5,9;146;4,6;jah
2019-10-31;4,31;135;4,1;jah
2019-11-01;4,25;134;4,5;jah
2019-11-02;4,16;133;4,7;jah
2019-11-03;7,1;153;5,6;jah
2019-11-04;13,9;192;6,3;jah
2019-11-05;14,6;189;5,7;jah
2019-11-06;10,8;167;4,9;jah
2019-11-07;8,75;156;4,1;jah
2019-11-08;7,3;147;4,3;jah
2019-11-09;6,32;140;5,2;jah
2019-11-10;5,81;137;6,2;jah
2019-11-11;5,47;134;6,6;jah
2019-11-12;4,98;131;6;jah
2019-11-13;5,21;134;6,1;jah
2019-11-14;12;169;7,4;jah
2019-11-15;10,3;158;6,7;jah
2019-11-16;7,81;147;5,6;jah
2019-11-17;6,81;142;6;jah
2019-11-18;5,79;136;6,3;jah
2019-11-19;5,12;133;6,5;jah
2019-11-20;4,54;129;6,4;jah
2019-11-21;4,09;127;6;jah
2019-11-22;3,74;125;4,9;jah
2019-11-23;3,4;123;3,3;jah
2019-11-24;3,09;122;2;jah
2019-11-25;2,8;120;1,2;jah
2019-11-26;2,56;119;1,1;jah
2019-11-27;2,44;118;1,5;jah
2019-11-28;2,45;118;2,1;jah
2019-11-29;2,97;123;3;jah
2019-11-30;4,52;132;2,8;jah
2019-12-01;4,01;129;1,7;jah
2019-12-02;3,41;125;1,3;jah
2019-12-03;3,03;123;0,9;jah
2019-12-04;3,02;124;1,5;jah
2019-12-05;3,9;130;3;jah
2019-12-06;4,27;134;4,3;jah
2019-12-07;9,13;166;5,2;jah
2019-12-08;14,3;198;4,7;jah
2019-12-09;19,5;228;5;jah
2019-12-10;19;223;4,8;jah
2019-12-11;15,4;201;2,8;jah
2019-12-12;11,1;175;2,1;jah
2019-12-13;8,78;160;2,3;jah
2019-12-14;7,72;153;2,6;jah
2019-12-15;7,68;153;2,8;jah
2019-12-16;9,62;166;3,3;jah
2019-12-17;10,7;169;3,7;jah
2019-12-18;9,4;161;4,2;jah
2019-12-19;9,36;160;3,9;jah
2019-12-20;7,88;150;3;jah
2019-12-21;6,87;143;3,3;jah
2019-12-22;6,17;139;3,9;jah
2019-12-23;5,62;135;4,3;jah
2019-12-24;5,21;132;4,6;jah
2019-12-25;6,04;137;4,7;jah
2019-12-26;6,07;136;4,2;jah
2019-12-27;5,39;132;3,2;jah
2019-12-28;4,78;128;2;jah
2019-12-29;4,25;126;1,2;jah
2019-12-30;4,65;128;2,2;jah
2019-12-31;5,35;131;3,2;jah
2020-01-01;4,86;129;2,4;jah
2020-01-02;4,55;127;2,2;jah
2020-01-03;4,34;126;3;jah
2020-01-04;4,42;126;2,9;jah
2020-01-05;4,3;125;1,7;jah
2020-01-06;4,15;125;1,4;jah
2020-01-07;5,07;130;2,4;jah
2020-01-08;5,82;134;3,3;jah
2020-01-09;6,44;137;3,3;jah
2020-01-10;5,61;133;3,1;jah
2020-01-11;5,08;130;2,7;jah
2020-01-12;5,74;137;3;jah
2020-01-13;9,7;157;3,2;jah
2020-01-14;7,5;145;2,9;jah
2020-01-15;8,67;155;3,6;jah
2020-01-16;19,4;217;4,7;jah
2020-01-17;20,9;217;4,2;jah
2020-01-18;14,2;185;3,4;jah
2020-01-19;11,2;169;3,6;jah
2020-01-20;9,08;157;3;jah
2020-01-21;7,75;150;3,3;jah
2020-01-22;7,28;147;2,8;jah
2020-01-23;6,18;140;1,7;jah
2020-01-24;5,53;136;2,3;jah
2020-01-25;5,07;133;2,4;jah
2020-01-26;4,62;130;2,1;jah
2020-01-27;4,54;130;3,1;jah
2020-01-28;4,51;129;3,6;jah
2020-01-29;4,45;129;3;jah
2020-01-30;4,87;132;2,9;jah
2020-01-31;5,32;134;3;jah
2020-02-01;5,57;137;3,1;jah
2020-02-02;9,61;161;3,8;jah
2020-02-03;9,33;157;3,4;jah
2020-02-04;7,09;144;1,6;jah
2020-02-05;5,22;133;0,6;jah
2020-02-06;4,65;130;0,7;jah
2020-02-07;4,17;127;0,4;jah
2020-02-08;3,9;126;0,6;jah
2020-02-09;3,85;125;1,6;jah
2020-02-10;4,73;132;2,2;jah
2020-02-11;8,79;155;2,8;jah
2020-02-12;7,8;148;2,7;jah
2020-02-13;7,19;145;2,8;jah
2020-02-14;6,19;139;2,3;jah
2020-02-15;5,09;133;1,6;jah
2020-02-16;6,04;140;2,2;jah
2020-02-17;14,7;194;3,9;jah
2020-02-18;15,1;190;4,3;jah
2020-02-19;10,3;164;4,3;jah
2020-02-20;10,7;169;3,9;jah
2020-02-21;10,1;165;3,2;jah
2020-02-22;11,3;177;3,1;jah
2020-02-23;26,1;253;3,5;jah
2020-02-24;21,1;223;3,2;jah
2020-02-25;13,9;187;2,1;jah
2020-02-26;11,6;176;1,8;jah
2020-02-27;14,5;192;1,3;jah
2020-02-28;12,7;179;1,2;jah
2020-02-29;9,92;163;0,9;jah
2020-03-01;9,86;166;1,6;jah
2020-03-02;16,6;202;2,2;jah
2020-03-03;16,3;198;2,8;jah
2020-03-04;18,2;213;3,1;jah
2020-03-05;25,9;244;3,5;jah
2020-03-06;20,5;217;3,7;jah
2020-03-07;15,8;193;3,4;jah
2020-03-08;12,6;175;3,4;jah
2020-03-09;10,4;163;3,4;jah
2020-03-10;8,7;153;4;jah
2020-03-11;9,36;159;4,2;jah
2020-03-12;14,4;186;4,2;jah
2020-03-13;17,2;201;4,2;jah
2020-03-14;14,5;183;3,2;jah
2020-03-15;10,6;162;2;jah
2020-03-16;9,3;157;2,3;jah
2020-03-17;11,2;167;2,5;jah
2020-03-18;10,5;163;3,8;jah
2020-03-19;12,9;175;4,3;jah
2020-03-20;10,5;161;4,1;jah
2020-03-21;8,46;149;3,2;jah
2020-03-22;6,93;141;2,2;jah
2020-03-23;6,01;135;2;jah
2020-03-24;5,6;133;2,4;jah
2020-03-25;5,36;132;3,4;jah
2020-03-26;4,92;130;4,1;jah
2020-03-27;4,51;128;4,4;jah
2020-03-28;4,19;126;4,7;jah
2020-03-29;3,9;125;4,9;jah
2020-03-30;3,48;123;3,7;jah
2020-03-31;3,23;122;2,6;jah
2020-04-01;3,07;121;3,3;jah
2020-04-02;2,99;121;4,7;jah
2020-04-03;3,06;122;5,1;jah
2020-04-04;3,15;122;4,7;jah
2020-04-05;2,95;121;4,6;jah
2020-04-06;2,81;121;5,4;jah
2020-04-07;2,62;120;6,3;jah
2020-04-08;2,49;119;7,3;jah
2020-04-09;2,42;119;7,7;jah
2020-04-10;2,3;118;7,4;jah
2020-04-11;2,21;117;6,8;jah
2020-04-12;2,14;116;6,4;jah
2020-04-13;2,31;117;6,5;jah
2020-04-14;2,43;118;5,8;jah
2020-04-15;3,04;121;5,5;jah
2020-04-16;3,3;122;5,8;jah
2020-04-17;3,23;122;5,9;jah
2020-04-18;3,57;123;6;jah
2020-04-19;2,84;119;6,4;jah
2020-04-20;2,51;117;7,4;jah
2020-04-21;2,31;116;8,5;jah
2020-04-22;2,13;114;9,3;jah
2020-04-23;1,99;113;10,2;jah
2020-04-24;1,87;112;10,5;jah
2020-04-25;1,72;111;10,3;jah
2020-04-26;1,59;110;9,5;jah
2020-04-27;1,52;109;8,9;jah
2020-04-28;1,47;109;7,8;jah
2020-04-29;1,7;111;7,3;jah
2020-04-30;1,68;111;7;jah
2020-05-01;1,58;110;7,4;jah
2020-05-02;1,53;110;8,2;jah
2020-05-03;1,86;112;8,9;jah
2020-05-04;1,86;112;9,5;jah
2020-05-05;1,79;112;10,7;jah
2020-05-06;1,62;111;11,6;jah
2020-05-07;1,46;109;11,8;jah
2020-05-08;1,3;108;11,7;jah
2020-05-09;1,21;107;12;jah
2020-05-10;1,15;107;12;jah
2020-05-11;1,12;107;11,8;jah
2020-05-12;1,3;108;10,9;jah
2020-05-13;1,32;108;10,4;jah
2020-05-14;1,44;109;9,6;jah
2020-05-15;1,38;109;9,6;jah
2020-05-16;1,41;109;10,1;jah
2020-05-17;1,29;108;10,1;jah
2020-05-18;1,42;109;10,2;jah
2020-05-19;1,44;109;10,5;jah
2020-05-20;1,55;110;10,2;jah
2020-05-21;1,46;109;10,5;jah
2020-05-22;1,26;108;11,9;jah
2020-05-23;1,09;106;12,5;jah
2020-05-24;0,958;105;13,2;jah
2020-05-25;0,914;105;14;jah
2020-05-26;0,865;104;14,4;jah
2020-05-27;0,775;103;15,2;jah
2020-05-28;0,703;102;15,5;jah
2020-05-29;0,629;101;15,6;jah
2020-05-30;0,565;101;15,7;jah
2020-05-31;0,516;100;16,3;jah
2020-06-01;0,468;99;15,8;jah
2020-06-02;0,445;99;15,3;jah
2020-06-03;0,429;99;15,9;jah
2020-06-04;0,418;98;16,3;jah
2020-06-05;0,391;98;16,4;jah
2020-06-06;0,474;100;16,6;jah
2020-06-07;0,489;100;16,2;jah
2020-06-08;0,57;101;17,2;jah
2020-06-09;0,656;102;17,9;jah
2020-06-10;0,564;101;18;jah
2020-06-11;0,518;100;19,5;jah
2020-06-12;0,453;99;19,5;jah
2020-06-13;0,397;98;19;jah
2020-06-14;0,348;97;19;jah
2020-06-15;0,296;96;19,4;jah
2020-06-16;0,146;92;19,4;jah
2020-06-17;0,142;92;19,6;jah
2020-06-18;0,152;92;20,4;jah
2020-06-19;0,152;92;20,7;jah
2020-06-20;0,154;92;20,6;jah
2020-06-21;0,176;93;19,7;jah
2020-06-22;0,216;94;19,4;jah
2020-06-23;0,209;94;19,8;jah
2020-06-24;0,185;93;20;jah
2020-06-25;0,179;93;20,3;jah
2020-06-26;0,177;93;20,5;jah
2020-06-27;0,179;93;21,1;jah
2020-06-28;0,544;100;21,5;jah
2020-06-29;0,509;100;22,3;jah
2020-06-30;0,616;102;19,4;jah
2020-07-01;1,83;114;17,6;jah
2020-07-02;1,97;114;17,7;jah
2020-07-03;1,17;107;18,4;jah
2020-07-04;0,741;103;17,8;jah
2020-07-05;0,836;105;17,1;jah
2020-07-06;1,26;109;17,7;jah
2020-07-07;1,01;106;17,7;jah
2020-07-08;0,74;103;17,2;jah
2020-07-09;0,585;101;17,1;jah
2020-07-10;0,507;100;16,7;jah
2020-07-11;0,473;100;16,7;jah
2020-07-12;0,431;99;16,7;jah
2020-07-13;0,381;98;17,1;jah
2020-07-14;0,356;98;17,1;jah
2020-07-15;0,302;97;17;jah
2020-07-16;0,263;96;17,6;jah
2020-07-17;0,253;96;18,4;jah
2020-07-18;0,235;95;19;jah
2020-07-19;0,22;95;19,4;jah
2020-07-20;0,207;94;19,7;jah
2020-07-21;0,2;94;20;jah
2020-07-22;0,208;95;19,1;jah
2020-07-23;0,231;95;18;jah
2020-07-24;0,243;96;17,5;jah
2020-07-25;0,436;100;18,2;jah
2020-07-26;0,364;98;17,9;jah
2020-07-27;0,209;95;17,9;jah
2020-07-28;0,177;94;18,4;jah
2020-07-29;0,197;94;18,9;jah
2020-07-30;0,256;96;18,4;jah
2020-07-31;0,244;96;18,4;jah
2020-08-01;0,238;96;18;jah
2020-08-02;0,206;95;17,9;jah
2020-08-03;0,191;94;18,1;jah
2020-08-04;0,177;94;17,4;jah
2020-08-05;0,222;95;17,8;jah
2020-08-06;0,236;96;18;jah
2020-08-07;0,254;96;18,3;jah
2020-08-08;0,355;99;18,9;jah
2020-08-09;0,6;102;19,5;jah
2020-08-10;0,361;98;19,9;jah
2020-08-11;0,218;95;18,8;jah
2020-08-12;0,174;94;18;jah
2020-08-13;0,159;93;17,8;jah
2020-08-14;0,114;92;18,1;jah
2020-08-15;0,114;92;18,1;jah
2020-08-16;0,108;92;18,3;jah
2020-08-17;0,107;92;18,1;jah
2020-08-18;0,105;92;17,8;jah
2020-08-19;0,103;92;17,6;jah
2020-08-20;0,108;92;17,3;jah
2020-08-21;0,109;92;17,7;jah
2020-08-22;0,152;94;18;jah
2020-08-23;0,179;95;18,5;jah
2020-08-24;0,157;94;18,5;jah
2020-08-25;0,15;94;17,8;jah
2020-08-26;0,144;93;17;jah
2020-08-27;0,131;93;16,6;jah
2020-08-28;0,128;92;15,7;jah
2020-08-29;0,122;92;14,8;jah
2020-08-30;0,137;93;15,1;jah
2020-08-31;0,146;93;14,8;jah
2020-09-01;0,143;93;15;jah
2020-09-02;0,144;93;14,9;jah
2020-09-03;0,143;93;15,2;jah
2020-09-04;0,145;93;15,5;jah
2020-09-05;0,18;94;15,6;jah
2020-09-06;0,448;100;15,3;jah
2020-09-07;0,781;104;15;jah
2020-09-08;0,525;101;14,1;jah
2020-09-09;0,817;104;13,7;jah
2020-09-10;1,09;107;13,9;jah
2020-09-11;1,05;106;13,2;jah
2020-09-12;0,755;103;13,3;jah
2020-09-13;0,642;102;13,6;jah
2020-09-14;0,618;102;14,2;jah
2020-09-15;0,591;102;14,8;jah
2020-09-16;0,509;101;14,9;jah
2020-09-17;0,488;101;14,3;jah
2020-09-18;0,504;101;12,9;jah
2020-09-19;0,555;102;12,8;jah
2020-09-20;0,38;99;12,2;jah
2020-09-21;0,371;99;12,7;jah
2020-09-22;0,347;99;13,2;jah
2020-09-23;0,309;98;13,1;jah
2020-09-24;0,27;97;13,4;jah
2020-09-25;0,289;98;14,1;jah
2020-09-26;0,321;98;14,5;jah
2020-09-27;0,285;98;14,6;jah
2020-09-28;0,28;98;14,3;jah
2020-09-29;0,241;97;14;jah
2020-09-30;0,234;97;13,9;jah
2020-10-01;0,231;97;13,5;jah
2020-10-02;0,222;96;12,8;jah
2020-10-03;0,216;96;12,6;jah
2020-10-04;0,243;97;12,9;jah
2020-10-05;0,268;98;13,1;jah
2020-10-06;0,254;97;13,4;jah
2020-10-07;0,259;97;13,2;jah
2020-10-08;0,245;97;13,2;jah
2020-10-09;0,242;97;12,9;jah
2020-10-10;0,28;98;12;jah
2020-10-11;0,314;99;11,9;jah
2020-10-12;0,334;99;11,4;jah
2020-10-13;0,348;100;10,9;jah
2020-10-14;0,338;99;9,9;jah
2020-10-15;0,328;99;9,3;jah
2020-10-16;0,308;99;8,5;jah
2020-10-17;0,291;98;7,5;jah
2020-10-18;0,318;99;7,5;jah
2020-10-19;0,374;100;6,9;jah
2020-10-20;0,483;102;6,3;jah
2020-10-21;0,583;103;6,3;jah
2020-10-22;0,803;107;7,4;jah
2020-10-23;2,09;118;8,6;jah
2020-10-24;2,25;118;8,6;jah
2020-10-25;2,12;117;9;jah
2020-10-26;2,11;116;9,1;jah
2020-10-27;2,02;116;9,5;jah
2020-10-28;3,16;124;9,7;jah
2020-10-29;3,81;126;9,8;jah
2020-10-30;2,97;121;9,8;jah
2020-10-31;2,49;119;9,2;jah
2020-11-01;2,25;117;8,4;jah
2020-11-02;2,07;116;7,9;jah
2020-11-03;2,01;115;8,4;jah
2020-11-04;2,09;116;8,5;jah
2020-11-05;2,21;117;8,2;jah
2020-11-06;2,29;117;7,8;jah
2020-11-07;2,15;116;7,5;jah
2020-11-08;2,04;115;7,6;jah
2020-11-09;1,91;114;6,6;jah
2020-11-10;1,78;113;6,1;jah
2020-11-11;1,7;113;5,6;jah
2020-11-12;1,63;112;5,6;jah
2020-11-13;1,59;112;5,4;jah
2020-11-14;1,51;111;5,1;jah
2020-11-15;1,44;110;4,9;jah
2020-11-16;1,38;110;4,8;jah
2020-11-17;1,4;110;5,1;jah
2020-11-18;3,42;126;6,7;jah
2020-11-19;6,04;140;8,2;jah
2020-11-20;6,35;144;7;jah
2020-11-21;5,37;138;5,2;jah
2020-11-22;9,5;172;5,4;jah
2020-11-23;10,4;174;5,7;jah
2020-11-24;7,2;153;5,3;jah
2020-11-25;5,89;144;5,6;jah
2020-11-26;5,8;144;6,4;jah
2020-11-27;7,08;153;5,9;jah
2020-11-28;6,16;145;4,7;jah
2020-11-29;5,09;137;4,2;jah
2020-11-30;4,3;132;3,6;jah
2020-12-01;3,94;129;3,2;jah
2020-12-02;3,76;128;2,9;jah
2020-12-03;3,39;125;2,2;jah
2020-12-04;3,13;124;2,1;jah
2020-12-05;2,95;122;2,7;jah
2020-12-06;2,83;122;3,3;jah
2020-12-07;2,66;120;2,6;jah
2020-12-08;2,32;118;1;jah
2020-12-09;2,11;119;0,3;jah
2020-12-10;1,92;116;0,3;jah
2020-12-11;1,77;114;0,3;jah
2020-12-12;1,75;113;0,4;jah
2020-12-13;1,71;113;0,3;jah
2020-12-14;1,66;112;0,4;jah
2020-12-15;1,65;112;0,5;jah
2020-12-16;1,71;112;0,8;jah
2020-12-17;1,98;114;1,3;jah
2020-12-18;2,29;116;2;jah
2020-12-19;3,67;124;2,7;jah
2020-12-20;4,76;129;3,3;jah
2020-12-21;4,61;127;3,3;jah
2020-12-22;4,76;129;3,2;jah
2020-12-23;4,83;129;2,9;jah
2020-12-24;4,98;131;3,1;jah
2020-12-25;4,96;131;3,1;jah
2020-12-26;4,66;129;2,6;jah
2020-12-27;4,24;126;1,9;jah
2020-12-28;3,82;123;1;jah
2020-12-29;3,56;122;1,1;jah
2020-12-30;3,92;125;1,8;jah
2020-12-31;5,1;133;2,2;jah
2021-01-01;5,66;136;2,4;jah
2021-01-02;4,87;131;2,2;jah
2021-01-03;4,3;128;2,1;jah
2021-01-04;3,95;125;1,9;jah
2021-01-05;3,64;123;1,5;jah
2021-01-06;3,37;122;1,1;jah
2021-01-07;3,14;120;0,9;jah
2021-01-08;2,91;119;0,7;jah
2021-01-09;2,7;124;0,3;jah
2021-01-10;2,48;119;0,3;jah
2021-01-11;2,29;115;0,3;jah
2021-01-12;2,21;114;0,2;jah
2021-01-13;2,12;114;0,2;jah
2021-01-14;2,09;114;0,2;jah
2021-01-15;2,04;113;0,3;jah
2021-01-16;2,01;113;0,3;jah
2021-01-17;1,87;112;0,3;jah
2021-01-18;1,79;111;0,3;jah
2021-01-19;1,83;112;0,3;jah
2021-01-20;1,9;112;0,3;jah
2021-01-21;1,8;111;0,3;jah
2021-01-22;1,84;112;0,3;jah
2021-01-23;2,11;114;0,2;jah
2021-01-24;2,88;120;0,4;jah
2021-01-25;4,67;132;0,4;jah
2021-01-26;5,29;136;0,2;jah
2021-01-27;4,79;133;0,3;jah
2021-01-28;4,31;130;0,4;jah
2021-01-29;3,89;127;0,4;jah
2021-01-30;3,57;125;0,3;jah
2021-01-31;3,3;124;0,2;jah
2021-02-01;3,01;132;0,2;jah
2021-02-02;2,73;123;0,2;jah
2021-02-03;2,52;121;0,2;jah
2021-02-04;2,37;124;0,2;jah
2021-02-05;2,23;128;0,3;jah
2021-02-06;2,09;129;0,3;jah
2021-02-07;1,95;123;0,3;jah
2021-02-08;1,82;116;0,3;jah
2021-02-09;1,67;114;0,3;jah
2021-02-10;1,45;112;0,3;jah
2021-02-11;1,28;110;0,3;jah
2021-02-12;1,12;109;0,3;jah
2021-02-13;1,07;109;0,3;jah
2021-02-14;1,08;109;0,3;jah
2021-02-15;1,04;108;0,3;jah
2021-02-16;0,983;108;0,3;jah
2021-02-17;0,952;108;0,3;jah
2021-02-18;0,869;107;0,3;jah
2021-02-19;0,807;106;0,3;jah
2021-02-20;0,768;106;0,3;jah
2021-02-21;0,763;106;0,3;jah
2021-02-22;0,837;107;0,3;jah
2021-02-23;0,876;108;0,3;jah
2021-02-24;1,34;113;0,3;jah
2021-02-25;4,39;146;0,3;jah
2021-02-26;11,5;202;0,3;jah
2021-02-27;11;196;0,3;jah
2021-02-28;8,98;180;0,4;jah
2021-03-01;7,55;167;0,5;jah
2021-03-02;5,62;150;1;jah
2021-03-03;4,39;140;1;jah
2021-03-04;3,9;136;1,1;jah
2021-03-05;3,34;129;0,6;jah
2021-03-06;2,89;127;0,3;jah
2021-03-07;2,47;123;0,3;jah
2021-03-08;2,13;122;0,3;jah
2021-03-09;1,84;128;0,3;jah
2021-03-10;1,59;116;0,2;jah
2021-03-11;1,6;119;0,3;jah
2021-03-12;1,7;116;0,3;jah
2021-03-13;2,04;119;0,4;jah
2021-03-14;3,02;129;0,6;jah
2021-03-15;6,22;155;1,2;jah
2021-03-16;7,21;160;1,2;jah
2021-03-17;5,35;145;1,3;jah
2021-03-18;4,34;137;1,4;jah
2021-03-19;3,81;132;0,9;jah
2021-03-20;3,32;127;0,4;jah
2021-03-21;3,01;127;0,8;jah
2021-03-22;3,09;130;1,1;jah
2021-03-23;3,21;128;1,3;jah
2021-03-24;3,26;128;1,5;jah
2021-03-25;3,45;130;2,1;jah
2021-03-26;4,26;136;2,9;jah
2021-03-27;4,79;139;2,8;jah
2021-03-28;4,48;137;3,3;jah
2021-03-29;4,29;135;3,5;jah
2021-03-30;4,81;140;4;jah
2021-03-31;5,03;140;4,5;jah
2021-04-01;4,46;136;4,9;jah
2021-04-02;3,83;131;4,7;jah
2021-04-03;3,37;127;4,1;jah
2021-04-04;3,13;125;4,1;jah
2021-04-05;3,05;124;4,2;jah
2021-04-06;3,19;125;3,7;jah
2021-04-07;3,11;125;3,8;jah
2021-04-08;2,97;123;4,3;jah
2021-04-09;2,8;122;4;jah
2021-04-10;2,87;122;4,1;jah
2021-04-11;2,82;122;4,9;jah
2021-04-12;2,65;120;6;jah
2021-04-13;2,53;119;6,9;jah
2021-04-14;2,39;118;7,1;jah
2021-04-15;2,23;116;7;jah
2021-04-16;2,11;115;7,1;jah
2021-04-17;1,96;114;7,7;jah
2021-04-18;1,85;113;8,7;jah
2021-04-19;1,72;112;9,5;jah
2021-04-20;1,61;111;10,3;jah
2021-04-21;1,52;110;10,6;jah
2021-04-22;1,43;110;10,2;jah
2021-04-23;1,39;109;9,7;jah
2021-04-24;1,47;110;8;jah
2021-04-25;1,61;111;7,2;jah
2021-04-26;1,64;111;6,7;jah
2021-04-27;1,76;112;6,9;jah
2021-04-28;1,87;112;6,9;jah
2021-04-29;1,79;112;7,7;jah
2021-04-30;1,58;110;8,2;jah
2021-05-01;1,38;108;8,2;jah
2021-05-02;1,26;108;8,5;jah
2021-05-03;1,19;107;8,1;jah
2021-05-04;1,13;106;8;jah
2021-05-05;1,2;107;8,3;jah
2021-05-06;1,61;110;8,8;jah
2021-05-07;1,69;111;9,4;jah
2021-05-08;1,68;110;9;jah
2021-05-09;1,6;110;9,1;jah
2021-05-10;1,51;109;10,8;jah
2021-05-11;1,41;108;12,9;jah
2021-05-12;1,28;107;14,9;jah
2021-05-13;1,13;106;16,3;jah
2021-05-14;1,06;105;16;jah
2021-05-15;1,05;105;16,1;jah
2021-05-16;0,976;104;16;jah
2021-05-17;0,955;104;15,8;jah
2021-05-18;1,3;107;14,4;jah
2021-05-19;2,16;114;13,6;jah
2021-05-20;2,51;115;12,9;jah
2021-05-21;2,27;114;12,3;jah
2021-05-22;2,41;115;12;jah
2021-05-23;2,18;113;12,5;jah
2021-05-24;1,92;111;12,9;jah
2021-05-25;1,71;110;12,9;jah
2021-05-26;1,85;111;12,7;jah
2021-05-27;3,91;125;11,6;jah
2021-05-28;3,58;122;11,3;jah
2021-05-29;3,12;119;12,2;jah
2021-05-30;2,57;116;13;jah
2021-05-31;2,04;113;13,1;jah
2021-06-01;1,62;110;13,7;jah
2021-06-02;1,28;108;14,3;jah
2021-06-03;1,02;106;15,4;jah
2021-06-04;0,827;104;15,9;jah
2021-06-05;0,696;102;16,5;jah
2021-06-06;0,599;101;17,7;jah
2021-06-07;0,51;100;18,4;jah
2021-06-08;0,433;98;19,1;jah
2021-06-09;0,565;101;18,5;jah
2021-06-10;0,603;102;18,8;jah
2021-06-11;0,631;102;18,9;jah
2021-06-12;0,556;101;19,1;jah
2021-06-13;0,55;101;18,5;jah
2021-06-14;0,525;100;17,9;jah
2021-06-15;0,476;99;18,5;jah
2021-06-16;0,414;98;18,2;jah
2021-06-17;0,373;97;18,4;jah
2021-06-18;0,346;96;19;jah
2021-06-19;0,322;96;20;jah
2021-06-20;0,293;95;20,9;jah
2021-06-21;0,27;94;22;jah
2021-06-22;0,258;94;22,9;jah
2021-06-23;0,222;93;23,3;jah
2021-06-24;0,156;91;23,3;jah
2021-06-25;0,158;91;22,8;jah
2021-06-26;0,168;92;22;jah
2021-06-27;0,17;92;21,3;jah
2021-06-28;0,174;92;21,1;jah
2021-06-29;0,173;92;20,8;jah
2021-06-30;0,218;93;20,5;jah
2021-07-01;0,431;97;21,7;jah
2021-07-02;0,265;94;22,6;jah
2021-07-03;0,196;92;21,9;jah
2021-07-04;0,132;90;21,2;jah
2021-07-05;0,131;90;21,1;jah
2021-07-06;0,139;91;21,4;jah
2021-07-07;0,151;91;22;jah
2021-07-08;0,168;92;22,7;jah
2021-07-09;0,184;92;22,3;jah
2021-07-10;0,213;93;22,8;jah
2021-07-11;0,231;93;23,2;jah
2021-07-12;0,221;93;22,7;jah
2021-07-13;0,205;93;23;jah
2021-07-14;0,214;93;23,2;jah
2021-07-15;0,229;93;23,5;jah
2021-07-16;0,239;94;24,3;jah
2021-07-17;0,243;94;23,4;jah
2021-07-18;0,249;94;22,3;jah
2021-07-19;0,252;94;21,2;jah
2021-07-20;0,261;94;20,3;jah
2021-07-21;0,256;94;19,6;jah
2021-07-22;0,232;94;18,9;jah
2021-07-23;0,208;93;18,8;jah
2021-07-24;0,202;93;18;jah
2021-07-25;0,198;93;18,1;jah
2021-07-26;0,205;93;18,6;jah
2021-07-27;0,2;93;19,1;jah
2021-07-28;0,213;93;20,3;jah
2021-07-29;0,206;93;20,9;jah
2021-07-30;0,178;92;19,8;jah
2021-07-31;0,177;92;19,5;jah
2021-08-01;0,192;93;19,3;jah
2021-08-02;0,199;93;19,1;jah
2021-08-03;0,2;93;18,4;jah
2021-08-04;0,185;93;17,6;jah
2021-08-05;0,165;92;17;jah
2021-08-06;0,174;92;16,8;jah
2021-08-07;0,193;93;17,2;jah
2021-08-08;0,21;94;17,5;jah
2021-08-09;0,241;94;17,9;jah
2021-08-10;0,258;95;18;jah
2021-08-11;0,251;95;17,9;jah
2021-08-12;0,241;94;17,9;jah
2021-08-13;0,234;94;18,1;jah
2021-08-14;0,24;95;18,4;jah
2021-08-15;0,219;94;17,9;jah
2021-08-16;0,22;94;17,7;jah
2021-08-17;0,262;95;17,4;jah
2021-08-18;0,281;96;17;jah
2021-08-19;0,294;96;16,7;jah
2021-08-20;0,463;100;17,2;jah
2021-08-21;0,616;103;17,4;jah
2021-08-22;0,716;105;16,8;jah
2021-08-23;0,626;103;16,6;jah
2021-08-24;0,473;100;15,8;jah
2021-08-25;0,641;104;14,6;jah
2021-08-26;6,25;158;13,6;jah
2021-08-27;7;158;13,7;jah
2021-08-28;4,57;138;14,6;jah
2021-08-29;3,03;126;15,7;jah
2021-08-30;2,24;119;15,9;jah
2021-08-31;1,81;115;15,6;jah
2021-09-01;1,5;112;15,1;jah
2021-09-02;1,22;109;14,2;jah
2021-09-03;0,989;107;13,9;jah
2021-09-04;0,855;105;12,7;jah
2021-09-05;0,773;104;12,1;jah
2021-09-06;0,694;103;12,1;jah
2021-09-07;0,624;102;12,6;jah
2021-09-08;0,568;100;13,2;jah
2021-09-09;0,541;100;13,8;jah
2021-09-10;0,505;99;14,4;jah
2021-09-11;0,483;99;14,6;jah
2021-09-12;0,49;99;15;jah
2021-09-13;0,548;100;15,3;jah
2021-09-14;0,567;101;14,1;jah
2021-09-15;0,503;99;13;jah
2021-09-16;0,448;98;12,3;jah
2021-09-17;0,41;98;12;jah
2021-09-18;0,395;98;11,1;jah
2021-09-19;0,379;97;10,2;jah
2021-09-20;0,356;97;9,3;jah
2021-09-21;0,336;96;9,1;jah
2021-09-22;0,331;96;9;jah
2021-09-23;0,359;97;8,6;jah
2021-09-24;0,503;100;9;jah
2021-09-25;0,641;103;9,5;jah
2021-09-26;0,608;102;9,4;jah
2021-09-27;0,566;102;8,9;jah
2021-09-28;0,511;100;9,2;jah
2021-09-29;0,442;99;9,3;jah
2021-09-30;0,418;99;9,5;jah
2021-10-01;0,403;98;9,5;jah
2021-10-02;0,4;98;9,8;jah
2021-10-03;0,375;98;9,7;jah
2021-10-04;0,367;98;9,9;jah
2021-10-05;0,359;98;10,2;jah
2021-10-06;0,367;98;10,3;jah
2021-10-07;0,321;97;10,2;jah
2021-10-08;0,325;97;9,8;jah
2021-10-09;0,317;97;9,6;jah
2021-10-10;0,324;97;10,3;jah
2021-10-11;0,342;97;10;jah
2021-10-12;0,374;98;9,5;jah
2021-10-13;0,455;100;9,4;jah
2021-10-14;0,536;102;8,7;jah
2021-10-15;0,588;103;8,7;jah
2021-10-16;0,893;107;8,1;jah
2021-10-17;1,01;108;7,3;jah
2021-10-18;0,943;107;6,6;jah
2021-10-19;1,09;109;5,7;jah
2021-10-20;1,24;111;6,3;jah
2021-10-21;4,19;138;8,5;jah
2021-10-22;7,09;157;8,6;jah
2021-10-23;5,18;140;7,4;jah
2021-10-24;3,48;128;6,3;jah
2021-10-25;2,88;123;6,4;jah
2021-10-26;2,64;120;7;jah
2021-10-27;2,53;119;7,6;jah
2021-10-28;3,55;127;8,2;jah
2021-10-29;3,92;129;8,9;jah
2021-10-30;3,52;125;8,4;jah
2021-10-31;3,03;121;7,7;jah
2021-11-01;2,81;119;7,6;jah
2021-11-02;2,64;117;6,9;jah
2021-11-03;2,59;117;6,7;jah
2021-11-04;3,39;123;7,1;jah
2021-11-05;4,54;130;7,5;jah
2021-11-06;5,96;141;7,4;jah
2021-11-07;6,5;146;6,7;jah
2021-11-08;10,9;178;6,4;jah
2021-11-09;9,9;169;4,8;jah
2021-11-10;7,73;158;5,1;jah
2021-11-11;9,73;173;6,5;jah
2021-11-12;8,72;163;6,3;jah
2021-11-13;7,16;149;5,9;jah
2021-11-14;5,86;139;5,2;jah
2021-11-15;4,87;131;3,6;jah
2021-11-16;4,33;127;3,4;jah
2021-11-17;4,12;126;4,3;jah
2021-11-18;4,2;127;5;jah
2021-11-19;4,82;131;4,5;jah
2021-11-20;5,08;133;4,5;jah
2021-11-21;4,7;130;4;jah
2021-11-22;3,93;125;2,4;jah
2021-11-23;3,48;122;1,7;jah
2021-11-24;3,38;122;2;jah
2021-11-25;3,28;123;3;jah
2021-11-26;6,21;148;3,8;jah
2021-11-27;8,32;161;3;jah
2021-11-28;5,54;142;1,8;jah
2021-11-29;3,87;132;1,2;jah
2021-11-30;3,16;128;0,7;jah
2021-12-01;2,68;126;0,2;jah
2021-12-02;2,33;136;0,2;jah
2021-12-03;2,03;124;0,2;jah
2021-12-04;1,74;122;0,2;jah
2021-12-05;1,47;127;0,2;jah
2021-12-06;1,23;121;0,2;jah
2021-12-07;0,999;114;0,2;jah
2021-12-08;0,81;112;0,2;jah
2021-12-09;0,715;111;0,2;jah
2021-12-10;0,734;110;0,2;jah
2021-12-11;0,814;110;0,2;jah
2021-12-12;0,986;111;0,2;jah
2021-12-13;1,19;112;0,2;jah
2021-12-14;1,42;114;0,4;jah
2021-12-15;3,43;134;0,5;jah
2021-12-16;10,6;188;0,6;jah
2021-12-17;10,5;181;0,6;jah
2021-12-18;7,08;156;1,1;jah
2021-12-19;6,76;154;1,6;jah
2021-12-20;5,54;143;0,7;jah
2021-12-21;4,68;140;0,2;jah
2021-12-22;7,38;161;0,2;jah
2021-12-23;8,76;168;0,2;jah
2021-12-24;4,92;139;0,1;jah
2021-12-25;4,89;140;0,2;jah
2021-12-26;4,54;136;0,2;jah
2021-12-27;3,22;126;0,1;jah
2021-12-28;2,34;119;0,1;jah
2021-12-29;1,89;115;0,1;jah
2021-12-30;1,63;113;0,1;jah
2021-12-31;1,57;113;0,2;jah
2022-01-01;1,67;113;0,2;jah
2022-01-02;1,57;112;0,2;jah
2022-01-03;1,63;113;0,2;jah
2022-01-04;1,78;114;0,2;jah
2022-01-05;2,41;120;0,3;jah
2022-01-06;2,56;120;0,2;jah
2022-01-07;2,22;118;0,1;jah
2022-01-08;2,18;117;0,1;jah
2022-01-09;2,12;117;0,1;jah
2022-01-10;2,07;116;0,1;jah
2022-01-11;1,81;114;0,1;jah
2022-01-12;1,82;114;0,2;jah
2022-01-13;1,89;115;0,2;jah
2022-01-14;2,88;125;0,2;jah
2022-01-15;4,79;138;0,1;jah
2022-01-16;3,87;132;0,2;jah
2022-01-17;7,25;159;0,2;jah
2022-01-18;6,71;151;0,1;jah
2022-01-19;5,05;140;0,2;jah
2022-01-20;7,13;158;0,3;jah
2022-01-21;7,66;158;0,2;jah
2022-01-22;5,62;143;0,1;jah
2022-01-23;4,23;133;0,1;jah
2022-01-24;3,7;130;0,3;jah
2022-01-25;6,39;151;0,4;jah
2022-01-26;5,1;139;0,2;jah
2022-01-27;4,1;133;0,4;jah
2022-01-28;7,38;159;0,6;jah
2022-01-29;6,93;152;0,3;jah
2022-01-30;6,81;156;0,2;jah
2022-01-31;11,1;185;0,2;jah
2022-02-01;9,53;172;0,1;jah
2022-02-02;8,54;169;0,1;jah
2022-02-03;8,65;179;0,1;jah
2022-02-04;8,76;189;0,1;jah
2022-02-05;8,88;183;0,1;jah
2022-02-06;8,99;176;0,2;jah
2022-02-07;8,74;166;0,2;jah
2022-02-08;6,26;147;0,2;jah
2022-02-09;4,99;138;0,3;jah
2022-02-10;4,65;141;0,5;jah
2022-02-11;4,46;136;0,4;jah
2022-02-12;4,28;135;0,3;jah
2022-02-13;4,1;132;0,5;jah
2022-02-14;4,07;132;0,8;jah
2022-02-15;4,57;136;0,9;jah
2022-02-16;7,84;162;0,9;jah
2022-02-17;19,6;241;0,6;jah
2022-02-18;31;290;0,4;jah
2022-02-19;24,8;259;0,5;jah
2022-02-20;19,4;232;0,6;jah
2022-02-21;16,3;214;0,6;jah
2022-02-22;18,4;227;0,8;jah
2022-02-23;17,5;218;0,7;jah
2022-02-24;14,1;197;0,8;jah
2022-02-25;16,4;214;1,2;jah
2022-02-26;20,4;231;0,8;jah
2022-02-27;16,3;206;0,4;jah
2022-02-28;13;186;0,5;jah
2022-03-01;11,4;175;0,6;jah
2022-03-02;10,5;168;0,8;jah
2022-03-03;9,63;163;1,3;jah
2022-03-04;8,9;160;0,8;jah
2022-03-05;8,16;150;0,3;jah
2022-03-06;7,38;144;0,5;jah
2022-03-07;6,77;142;1;jah
2022-03-08;6,34;139;1,1;jah
2022-03-09;5,82;135;0,9;jah
2022-03-10;5,42;131;0,5;jah
2022-03-11;5,05;132;0,3;jah
2022-03-12;4,67;127;0,8;jah
2022-03-13;4,67;127;1,1;jah
2022-03-14;4,48;126;1;jah
2022-03-15;4,53;127;1,1;jah
2022-03-16;4,5;127;1,2;jah
2022-03-17;4,73;128;1,4;jah
2022-03-18;4,86;129;1,4;jah
2022-03-19;5,29;133;2,2;jah
2022-03-20;7,15;144;2,2;jah
2022-03-21;8,62;153;2,2;jah
2022-03-22;9,36;157;2,1;jah
2022-03-23;9,42;157;2;jah
2022-03-24;9,5;158;2,3;jah
2022-03-25;10,2;163;2,6;jah
2022-03-26;10,6;165;2,5;jah
2022-03-27;9,22;156;1,5;jah
2022-03-28;7,69;148;2,3;jah
2022-03-29;8,18;150;2,3;jah
2022-03-30;6,41;139;1,3;jah
2022-03-31;5,1;132;1,2;jah
2022-04-01;4,44;128;1,4;jah
2022-04-02;4,09;126;1,7;jah
2022-04-03;3,84;124;1,7;jah
2022-04-04;3,85;125;1,8;jah
2022-04-05;9,91;168;1,7;jah
2022-04-06;12,6;179;1,4;jah
2022-04-07;11,4;174;2,1;jah
2022-04-08;17,5;213;3,1;jah
2022-04-09;19,5;219;2,8;jah
2022-04-10;15,1;194;3,4;jah
2022-04-11;12;176;4,2;jah
2022-04-12;9,8;162;4,5;jah
2022-04-13;8,12;152;4,8;jah
2022-04-14;7,12;146;5,2;jah
2022-04-15;6,84;144;5,4;jah
2022-04-16;5,95;138;5,4;jah
2022-04-17;4,98;132;5,7;jah
2022-04-18;4,4;128;6,2;jah
2022-04-19;4,02;126;7,4;jah
2022-04-20;3,78;124;8,5;jah
2022-04-21;3,55;122;9,4;jah
2022-04-22;3,36;121;9,9;jah
2022-04-23;3,21;120;10,2;jah
2022-04-24;3,05;119;9,5;jah
2022-04-25;2,93;118;8,7;jah
2022-04-26;2,79;117;8,4;jah
2022-04-27;2,63;116;8,4;jah
2022-04-28;2,45;115;7,9;jah
2022-04-29;2,47;116;7,6;jah
2022-04-30;2,37;115;7,4;jah
2022-05-01;2,21;114;8;jah
2022-05-02;2,08;113;8,7;jah
2022-05-03;1,94;112;9,5;jah
2022-05-04;1,79;111;9,3;jah
2022-05-05;1,69;111;9,6;jah
2022-05-06;1,6;110;10,4;jah
2022-05-07;1,5;110;11,4;jah
2022-05-08;1,44;109;11,8;jah
2022-05-09;1,33;108;11,6;jah
2022-05-10;1,23;108;11,5;jah
2022-05-11;1,19;107;11,9;jah
2022-05-12;1,24;108;11,8;jah
2022-05-13;1,28;108;12,2;jah
2022-05-14;1,25;108;12,2;jah
2022-05-15;1,12;107;12,4;jah
2022-05-16;0,993;106;12,6;jah
2022-05-17;0,894;105;12;jah
2022-05-18;0,827;104;12;jah
2022-05-19;0,78;104;12,9;jah
2022-05-20;0,737;103;12,6;jah
2022-05-21;0,762;104;11,9;jah
2022-05-22;0,726;103;12,7;jah
2022-05-23;0,663;103;13,2;jah
2022-05-24;0,626;102;13,5;jah
2022-05-25;0,606;102;14;jah
2022-05-26;0,648;102;14,9;jah
2022-05-27;0,717;103;14,6;jah
2022-05-28;0,925;106;14,6;jah
2022-05-29;1,17;108;14,6;jah
2022-05-30;1,18;108;14,1;jah
2022-05-31;1,65;112;13,3;jah
2022-06-01;2,8;120;13,2;jah
2022-06-02;3,92;130;12,7;jah
2022-06-03;7,34;152;12,4;jah
2022-06-04;6,08;140;12,9;jah
2022-06-05;3,84;126;13,9;jah
2022-06-06;2,89;119;15;jah
2022-06-07;2,35;115;15,9;jah
2022-06-08;1,96;112;16,6;jah
2022-06-09;1,69;111;17,2;jah
2022-06-10;1,45;109;17,2;jah
2022-06-11;1,27;107;17,6;jah
2022-06-12;1,17;107;18,2;jah
2022-06-13;1;105;18,4;jah
2022-06-14;0,851;103;17,9;jah
2022-06-15;0,77;102;17,9;jah
2022-06-16;0,683;101;17,9;jah
2022-06-17;0,633;100;17,6;jah
2022-06-18;0,589;100;17,6;jah
2022-06-19;0,596;100;16,9;jah
2022-06-20;0,579;100;17,1;jah
2022-06-21;0,535;99;17,3;jah
2022-06-22;0,489;98;17,7;jah
2022-06-23;0,445;97;18,2;jah
2022-06-24;0,409;97;18,4;jah
2022-06-25;0,374;96;19;jah
2022-06-26;0,325;95;20,6;jah
2022-06-27;0,298;94;21,9;jah
2022-06-28;0,279;94;22,6;jah
2022-06-29;0,26;93;23,1;jah
2022-06-30;0,169;91;23;jah
2022-07-01;0,166;91;23,3;jah
2022-07-02;0,163;91;23,1;jah
2022-07-03;0,162;91;22,8;jah
2022-07-04;0,157;91;21,6;jah
2022-07-05;0,158;91;21;jah
2022-07-06;0,156;91;20,1;jah
2022-07-07;0,157;91;19,7;jah
2022-07-08;0,168;91;19,4;jah
2022-07-09;0,199;92;19,8;jah
2022-07-10;0,244;94;19,5;jah
2022-07-11;0,541;100;19,7;jah
2022-07-12;0,451;98;20,1;jah
2022-07-13;0,36;96;20,1;jah
2022-07-14;0,345;96;20,1;jah
2022-07-15;0,307;95;19,3;jah
2022-07-16;0,282;94;18,1;jah
2022-07-17;0,269;94;17,4;jah
2022-07-18;0,276;94;17,2;jah
2022-07-19;0,264;94;18,2;jah
2022-07-20;0,246;94;18,4;jah
2022-07-21;0,213;93;19;jah
2022-07-22;0,198;92;19,9;jah
2022-07-23;0,22;93;20,5;jah
2022-07-24;0,262;94;20,1;jah
2022-07-25;0,265;94;20;jah
2022-07-26;0,23;93;20,3;jah
2022-07-27;0,2;93;19,7;jah
2022-07-28;0,2;93;19,2;jah
2022-07-29;0,217;93;18,4;jah
2022-07-30;0,24;94;17,9;jah
2022-07-31;0,191;92;17,8;jah
2022-08-01;0,164;92;18;jah
2022-08-02;0,156;91;18,1;jah
2022-08-03;0,158;91;18,5;jah
2022-08-04;0,156;91;19,2;jah
2022-08-05;0,144;91;19,7;jah
2022-08-06;0,143;91;19,6;jah
2022-08-07;0,146;91;18,6;jah
2022-08-08;0,149;91;18,1;jah
2022-08-09;0,151;91;17,6;jah
2022-08-10;0,157;92;17,5;jah
2022-08-11;0,145;91;17,8;jah
2022-08-12;0,137;91;18,2;jah
2022-08-13;0,13;91;18,6;jah
2022-08-14;0,127;91;18,9;jah
2022-08-15;0,128;91;19,2;jah
2022-08-16;0,127;91;20;jah
2022-08-17;0,139;92;20,6;jah
2022-08-18;0,142;92;20,4;jah
2022-08-19;0,131;91;20,8;jah
2022-08-20;0,125;91;20,9;jah
2022-08-21;0,116;91;20,9;jah
2022-08-22;0,114;91;20,9;jah
2022-08-23;0,115;91;20,6;jah
2022-08-24;0,12;91;20,8;jah
2022-08-25;0,118;91;20,4;jah
2022-08-26;0,117;91;19,8;jah
2022-08-27;0,113;91;19,5;jah
2022-08-28;0,11;91;19,6;jah
2022-08-29;0,114;92;19,4;jah
2022-08-30;0,137;93;17,3;jah
2022-08-31;0,162;94;16,4;jah
2022-09-01;0,214;96;14,9;jah
2022-09-02;0,185;95;13,5;jah
2022-09-03;0,158;94;12,8;jah
2022-09-04;0,132;93;12,3;jah
2022-09-05;0,111;92;11,8;jah
2022-09-06;0,101;92;11,3;jah
2022-09-07;0,096;92;11,8;jah
2022-09-08;0,093;92;11;jah
2022-09-09;0,107;93;10,7;jah
2022-09-10;0,106;93;10,3;jah
2022-09-11;0,097;92;10;jah
2022-09-12;0,089;92;9,9;jah
2022-09-13;0,083;92;10,4;jah
2022-09-14;0,081;92;10,8;jah
2022-09-15;0,093;93;11,5;jah
2022-09-16;0,147;96;11,7;jah
2022-09-17;0,315;102;11,9;jah
2022-09-18;0,365;104;11,9;jah
2022-09-19;0,346;103;11,8;jah
2022-09-20;0,25;100;11,5;jah
2022-09-21;0,192;98;11,6;jah
2022-09-22;0,158;97;11;jah
2022-09-23;0,133;96;10,7;jah
2022-09-24;0,118;96;10,6;jah
2022-09-25;0,106;95;10,4;jah
2022-09-26;0,1;95;10,6;jah
2022-09-27;0,104;96;10,9;jah
2022-09-28;0,108;96;10,6;jah
2022-09-29;0,105;96;10,2;jah
2022-09-30;0,107;96;10,2;jah
2022-10-01;0,112;96;9,5;jah
2022-10-02;0,113;96;9,6;jah
2022-10-03;0,115;96;9,3;jah
2022-10-04;0,112;96;9,1;jah
2022-10-05;0,102;95;9;jah
2022-10-06;0,106;96;9,7;jah
2022-10-07;0,119;97;10,4;jah
2022-10-08;0,126;97;10,5;jah
2022-10-09;0,145;98;9,9;jah
2022-10-10;0,146;98;9,1;jah
2022-10-11;0,145;98;9,3;jah
2022-10-12;0,147;98;8,7;jah
2022-10-13;0,134;97;8,1;jah
2022-10-14;0,134;97;8,7;jah
2022-10-15;0,138;97;9,1;jah
2022-10-16;0,14;98;9,6;jah
2022-10-17;0,156;98;9,9;jah
2022-10-18;0,207;100;9,7;jah
2022-10-19;0,293;103;8,7;jah
2022-10-20;0,277;102;7,7;jah
2022-10-21;0,256;100;8;jah
2022-10-22;0,25;100;7,5;jah
2022-10-23;0,239;99;6,9;jah
2022-10-24;0,229;98;6,8;jah
2022-10-25;0,245;98;6,9;jah
2022-10-26;0,336;101;7,7;jah
2022-10-27;0,421;103;8,1;jah
2022-10-28;0,535;105;8,6;jah
2022-10-29;0,548;104;9,2;jah
2022-10-30;0,589;105;8,4;jah
2022-10-31;0,571;104;7,1;jah
2022-11-01;0,527;103;8;jah
2022-11-02;0,535;103;8,2;jah
2022-11-03;1,27;113;8;jah
2022-11-04;1,79;116;8,1;jah
2022-11-05;1,47;113;7,5;jah
2022-11-06;1,31;111;7,1;jah
2022-11-07;1,26;110;7,2;jah
2022-11-08;1,25;110;7,5;jah
2022-11-09;1,4;111;8,1;jah
2022-11-10;1,75;114;8,7;jah
2022-11-11;1,71;113;9,1;jah
2022-11-12;1,59;112;9,6;jah
2022-11-13;1,5;112;8,6;jah
2022-11-14;1,34;110;7,5;jah
2022-11-15;1,21;109;6,8;jah
2022-11-16;1,15;109;5,7;jah
2022-11-17;1,08;108;4,9;jah
2022-11-18;0,989;107;3,7;jah
2022-11-19;0,88;106;2,3;jah
2022-11-20;0,784;105;1,1;jah
2022-11-21;0,758;105;0,8;jah
2022-11-22;0,746;105;0,6;jah
2022-11-23;0,749;105;0,3;jah
2022-11-24;0,744;105;0,5;jah
2022-11-25;0,75;105;0,4;jah
2022-11-26;0,745;105;0,3;jah
2022-11-27;0,731;104;0,3;jah
2022-11-28;0,73;104;0,4;jah
2022-11-29;0,75;105;0,6;jah
2022-11-30;0,788;105;0,6;jah
2022-12-01;0,814;106;0,5;jah
2022-12-02;0,765;105;0,2;jah
2022-12-03;0,703;104;0,3;jah
2022-12-04;0,624;103;0,2;jah
2022-12-05;0,599;102;0,3;jah
2022-12-06;0,61;103;0,2;jah
2022-12-07;0,633;103;0,2;jah
2022-12-08;0,657;103;0,2;jah
2022-12-09;0,687;104;0,2;jah
2022-12-10;0,7;104;0,2;jah
2022-12-11;0,714;104;0,2;jah
2022-12-12;0,72;104;0,1;jah
2022-12-13;0,714;104;0,2;jah
2022-12-14;0,751;105;0,2;jah
2022-12-15;0,798;105;0,1;jah
2022-12-16;0,858;106;0,2;jah
2022-12-17;0,855;106;0,2;jah
2022-12-18;0,827;106;0,2;jah
2022-12-19;0,916;107;0,2;jah
2022-12-20;1,1;109;0,2;jah
2022-12-21;1,32;113;0,3;jah
2022-12-22;3,85;139;0,5;jah
2022-12-23;8,08;175;0,6;jah
2022-12-24;9,06;179;0,4;jah
2022-12-25;5,99;151;0,3;jah
2022-12-26;3,74;133;0,3;jah
2022-12-27;2,96;126;0,2;jah
2022-12-28;2,64;123;0,2;jah
2022-12-29;2,49;121;0,5;jah
2022-12-30;5,46;149;1,2;jah
2022-12-31;12;194;1,4;jah
2023-01-01;15,5;214;1,7;jah
2023-01-02;13,9;200;1,1;jah
2023-01-03;14,2;204;1,4;jah
2023-01-04;15,6;207;1,4;jah
2023-01-05;11,8;184;0,5;jah
2023-01-06;10,1;196;0,2;jah
2023-01-07;9,61;208;0,2;jah
2023-01-08;9,09;206;0,2;jah
2023-01-09;8,58;189;0,2;jah
2023-01-10;8,07;179;0,2;jah
2023-01-11;7,56;158;0,2;jah
2023-01-12;7,42;155;0,2;jah
2023-01-13;20,8;249;0,3;jah
2023-01-14;25,1;264;0,5;jah
2023-01-15;24,4;265;1;jah
2023-01-16;30,1;292;1,2;jah
2023-01-17;26,1;268;1;jah
2023-01-18;20;237;1,3;jah
2023-01-19;16,8;219;0,8;jah
2023-01-20;14;202;0,9;jah
2023-01-21;12,1;188;0,3;jah
2023-01-22;10,1;196;0,1;jah
2023-01-23;8,17;172;0,2;jah
2023-01-24;6,56;146;0,4;jah
2023-01-25;6,31;145;1;jah
2023-01-26;12,1;192;1,3;jah
2023-01-27;13,8;197;1;jah
2023-01-28;10,2;171;0,6;jah
2023-01-29;8,04;156;1;jah
2023-01-30;12,9;197;1,4;jah
2023-01-31;18,6;224;1,2;jah
2023-02-01;13;190;1,1;jah
2023-02-02;10,2;170;1,2;jah
2023-02-03;8,41;157;0,6;jah
2023-02-04;6,96;146;0,3;jah
2023-02-05;6,09;157;0,2;jah
2023-02-06;5,36;145;0,2;jah
2023-02-07;4,65;130;0,2;jah
2023-02-08;4,33;127;0,6;jah
2023-02-09;4,37;127;1,1;jah
2023-02-10;4,31;127;0,9;jah
2023-02-11;4,28;126;0,7;jah
2023-02-12;4,29;126;0,4;jah
2023-02-13;4,12;125;0,8;jah
2023-02-14;4,14;125;1,1;jah
2023-02-15;3,95;124;1,1;jah
2023-02-16;3,87;123;1,3;jah
2023-02-17;3,99;126;1,5;jah
2023-02-18;3,98;141;1,5;jah
2023-02-19;3,97;160;1,1;jah
2023-02-20;3,96;147;0,6;jah
2023-02-21;3,95;140;0,5;jah
2023-02-22;3,94;135;0,2;jah
2023-02-23;3,92;143;0,2;jah
2023-02-24;3,91;128;0,2;jah
2023-02-25;3,9;126;0,3;jah
2023-02-26;3,73;125;0,2;jah
2023-02-27;3,6;138;0,2;jah
2023-02-28;3,47;122;0,3;jah
2023-03-01;3,33;121;0,4;jah
2023-03-02;3,28;121;0,7;jah
2023-03-03;3,34;122;1,1;jah
2023-03-04;3,45;123;1;jah
2023-03-05;3,4;122;0,7;jah
2023-03-06;3,28;121;0,5;jah
2023-03-07;3,16;120;0,3;jah
2023-03-08;3,04;120;0,2;jah
2023-03-09;2,92;124;0,2;jah
2023-03-10;2,81;129;0,2;jah
2023-03-11;2,69;118;0,1;jah
2023-03-12;2,59;117;0,2;jah
2023-03-13;2,52;116;0,2;jah
2023-03-14;4,12;131;0,3;jah
2023-03-15;17,1;217;0,5;jah
2023-03-16;19,2;217;0,9;jah
2023-03-17;16,1;200;1,1;jah
2023-03-18;13,8;188;1,5;jah
2023-03-19;14,5;195;2,2;jah
2023-03-20;16,1;204;2,4;jah
2023-03-21;18,3;217;2,7;jah
2023-03-22;17,2;209;2,4;jah
2023-03-23;16,9;211;3,2;jah
2023-03-24;17,8;215;3,8;jah
2023-03-25;17,9;216;4,5;jah
2023-03-26;15,2;200;4,6;jah
2023-03-27;13;187;4,3;jah
2023-03-28;11;173;3,1;jah
2023-03-29;9,12;160;2,6;jah
2023-03-30;7,79;151;2,2;jah
2023-03-31;7,06;147;2,1;jah
2023-04-01;7,06;147;2,3;jah
2023-04-02;6,81;145;2,5;jah
2023-04-03;5,8;138;2,6;jah
2023-04-04;5,04;133;2,9;jah
2023-04-05;4,68;131;3,1;jah
2023-04-06;5,28;136;3,5;jah
2023-04-07;5,39;137;4,3;jah
2023-04-08;4,84;133;5,5;jah
2023-04-09;4,35;129;6,2;jah
2023-04-10;3,87;126;6,8;jah
2023-04-11;3,58;124;7,6;jah
2023-04-12;3,37;123;8,8;jah
2023-04-13;3,16;121;9,3;jah
2023-04-14;2,95;120;9,4;jah
2023-04-15;2,73;118;9,1;jah
2023-04-16;2,54;117;8,4;jah
2023-04-17;2,42;116;8,4;jah
2023-04-18;2,34;115;8,4;jah
2023-04-19;2,27;114;8,3;jah
2023-04-20;2,18;113;8,7;jah
2023-04-21;2,11;112;9,4;jah
2023-04-22;2,1;111;9,9;jah
2023-04-23;2,02;110;10,5;jah
2023-04-24;1,96;110;11,5;jah
2023-04-25;1,9;109;12,3;jah
2023-04-26;1,83;108;12,3;jah
2023-04-27;1,85;108;12;jah
2023-04-28;1,83;107;10,9;jah
2023-04-29;1,75;106;10,5;jah
2023-04-30;2,02;109;10,1;jah
2023-05-01;2,31;110;9,6;jah
2023-05-02;2,24;109;9,5;jah
2023-05-03;2,21;109;9,3;jah
2023-05-04;2,14;108;9;jah
2023-05-05;2,02;107;8,2;jah
2023-05-06;1,9;106;7,6;jah
2023-05-07;1,82;105;8;jah
2023-05-08;1,72;104;8,6;jah
2023-05-09;1,67;104;9,5;jah
2023-05-10;1,65;103;10,7;jah
2023-05-11;1,6;102;12,1;jah
2023-05-12;1,49;102;13,3;jah
2023-05-13;1,52;102;13,9;jah
2023-05-14;1,22;99;14,6;jah
2023-05-15;1,14;99;15,2;jah
2023-05-16;1,23;99;15,3;jah
2023-05-17;1,33;100;14,7;jah
2023-05-18;1,28;100;14,4;jah
2023-05-19;1,17;99;14,3;jah
2023-05-20;1,02;97;15,1;jah
2023-05-21;0,932;97;15,6;jah
2023-05-22;0,851;96;15,9;jah
2023-05-23;0,81;96;16;jah
2023-05-24;0,761;95;16,4;jah
2023-05-25;0,742;95;16,8;jah
2023-05-26;0,705;95;15,8;jah
2023-05-27;0,685;94;15,1;jah
2023-05-28;0,643;94;14,9;jah
2023-05-29;0,624;94;15,5;jah
2023-05-30;0,613;94;15,6;jah
2023-05-31;0,597;93;15,4;jah
2023-06-01;0,585;93;15,1;jah
2023-06-02;0,575;93;14;jah
2023-06-03;0,573;93;13,7;jah
2023-06-04;0,476;92;14,2;jah
2023-06-05;0,406;90;14,5;jah
2023-06-06;0,401;90;15,3;jah
2023-06-07;0,399;90;16;jah
2023-06-08;0,392;90;15,4;jah
2023-06-09;0,397;90;15,9;jah
2023-06-10;0,4;91;15,1;jah
2023-06-11;0,403;91;15;jah
2023-06-12;0,406;91;15,2;jah
2023-06-13;0,413;91;16;jah
2023-06-14;0,419;91;16,6;jah
2023-06-15;0,416;91;17,1;jah
2023-06-16;0,458;92;17,6;jah
2023-06-17;0,45;92;17,9;jah
2023-06-18;0,773;96;19,1;jah
2023-06-19;0,595;94;20,8;jah
2023-06-20;0,431;91;20,6;jah
2023-06-21;0,367;90;20,6;jah
2023-06-22;0,39;91;20,4;jah
2023-06-23;0,39;91;20,1;jah
2023-06-24;0,37;90;20;jah
2023-06-25;0,359;90;19,2;jah
2023-06-26;0,345;90;18,9;jah
2023-06-27;0,351;90;18,9;jah
2023-06-28;0,347;90;19,3;jah
2023-06-29;0,341;90;19,7;jah
2023-06-30;0,344;90;19,9;jah
2023-07-01;0,35;90;19,6;jah
2023-07-02;0,363;91;18,2;jah
2023-07-03;0,455;92;17,9;jah
2023-07-04;0,54;94;17,6;jah
2023-07-05;0,518;93;17,5;jah
2023-07-06;0,53;94;17,7;jah
2023-07-07;0,917;98;18,1;jah
2023-07-08;0,438;92;18,9;jah
2023-07-09;0,42;92;18,7;jah
2023-07-10;0,255;89;18,4;jah
2023-07-11;0,272;89;18;jah
2023-07-12;0,241;89;17,7;jah
2023-07-13;0,226;89;17,9;jah
2023-07-14;0,22;88;17,8;jah
2023-07-15;0,22;89;18;jah
2023-07-16;0,222;89;18,2;jah
2023-07-17;0,225;89;19;jah
2023-07-18;0,228;89;19;jah
2023-07-19;0,218;89;18,7;jah
2023-07-20;0,223;90;18,3;jah
2023-07-21;0,224;90;17,9;jah
2023-07-22;0,224;90;17,7;jah
2023-07-23;0,222;90;17,6;jah
2023-07-24;0,221;90;17;jah
2023-07-25;0,234;90;16,5;jah
2023-07-26;0,25;90;17,3;jah
2023-07-27;0,253;90;17,3;jah
2023-07-28;0,276;91;17,3;jah
2023-07-29;0,511;96;17,6;jah
2023-07-30;0,356;92;17,7;jah
2023-07-31;0,25;90;18,2;jah
2023-08-01;0,267;91;17,5;jah
2023-08-02;0,298;91;17,9;jah
2023-08-03;0,3;91;17,4;jah
2023-08-04;0,395;94;17,8;jah
2023-08-05;0,41;93;18,2;jah
2023-08-06;0,334;92;18,7;jah
2023-08-07;0,332;92;19,4;jah
2023-08-08;0,357;92;19,2;jah
2023-08-09;0,583;97;18,3;jah
2023-08-10;0,842;100;18,1;jah
2023-08-11;0,642;97;18,1;jah
2023-08-12;0,491;95;17,8;jah
2023-08-13;0,401;94;17,5;jah
2023-08-14;0,365;93;18;jah
2023-08-15;0,272;91;18,1;jah
2023-08-16;0,31;92;18,9;jah
2023-08-17;0,317;92;19,3;jah
2023-08-18;0,299;92;19,2;jah
2023-08-19;0,302;92;19,2;jah
2023-08-20;0,329;93;19,2;jah
2023-08-21;0,313;92;19,3;jah
2023-08-22;0,322;93;19;jah
2023-08-23;0,291;92;18,8;jah
2023-08-24;0,297;93;18,3;jah
2023-08-25;0,482;96;18,1;jah
2023-08-26;0,399;95;18,4;jah
2023-08-27;0,342;93;18,8;jah
2023-08-28;0,317;93;17,9;jah
2023-08-29;0,3;93;17,7;jah
2023-08-30;0,285;93;17;jah
2023-08-31;1,34;108;17,1;jah
2023-09-01;2,86;120;17,2;jah
2023-09-02;3,48;126;16,4;jah
2023-09-03;6,3;145;15,6;jah
2023-09-04;4,14;126;15,2;jah
2023-09-05;2,83;117;15,5;jah
2023-09-06;2,45;113;15,7;jah
2023-09-07;2,15;110;15,1;jah
2023-09-08;1,87;107;14,9;jah
2023-09-09;1,76;106;14,8;jah
2023-09-10;1,72;105;15;jah
2023-09-11;1,69;105;15,5;jah
2023-09-12;1,59;104;15,6;jah
2023-09-13;1,54;103;15,8;jah
2023-09-14;2,58;114;15,8;jah
2023-09-15;3,67;121;14,7;jah
2023-09-16;2,81;115;13,6;jah
2023-09-17;2,37;112;13,4;jah
2023-09-18;2,12;110;12,7;jah
2023-09-19;1,95;108;12,8;jah
2023-09-20;1,94;108;13,2;jah
2023-09-21;1,93;108;14;jah
2023-09-22;1,86;107;14,7;jah
2023-09-23;1,78;107;15,2;jah
2023-09-24;2,01;109;14,9;jah
2023-09-25;2,08;109;14,2;jah
2023-09-26;1,94;108;13,8;jah
2023-09-27;1,85;107;13,8;jah
2023-09-28;1,87;107;13,9;jah
2023-09-29;1,69;105;14,1;jah
2023-09-30;1,62;105;14,6;jah
2023-10-01;1,55;104;14,1;jah
2023-10-02;1,46;103;13,4;jah
2023-10-03;1,53;104;13,5;jah
2023-10-04;3,28;120;13,4;jah
2023-10-05;6,25;142;12,4;jah
2023-10-06;10,7;176;10,8;jah
2023-10-07;12,7;194;10,8;jah
2023-10-08;12,7;193;9,2;jah
2023-10-09;8,99;168;8;jah
2023-10-10;6,75;151;7,2;jah
2023-10-11;5,75;144;8,1;jah
2023-10-12;7,44;159;9,7;jah
2023-10-13;7,13;156;9,4;jah
2023-10-14;8,55;173;10,1;jah
2023-10-15;13,6;208;10,1;jah
2023-10-16;11,7;193;8,6;jah
2023-10-17;8,87;170;7,4;jah
2023-10-18;7,09;155;7,5;jah
2023-10-19;6,47;150;6,6;jah
2023-10-20;5,56;142;5,5;jah
2023-10-21;4,74;135;4,4;jah
2023-10-22;5;138;4,3;jah
2023-10-23;5,79;142;5,4;jah
2023-10-24;5,13;136;6,1;jah
2023-10-25;4,35;130;5,3;jah
2023-10-26;3,85;126;4,1;jah
2023-10-27;3,56;123;3,3;jah
2023-10-28;3,32;121;3;jah
2023-10-29;3,14;120;3,2;jah
2023-10-30;3,08;119;3,3;jah
2023-10-31;3,17;120;4;jah
2023-11-01;9,67;172;6,5;jah
2023-11-02;11,1;177;6,3;jah
2023-11-03;8,46;157;6;jah
2023-11-04;6,81;146;6,3;jah
2023-11-05;6,27;142;6,7;jah
2023-11-06;5,81;139;6,7;jah
2023-11-07;5,11;134;7,1;jah
2023-11-08;5,37;137;7,3;jah
2023-11-09;6,39;144;7,1;jah
2023-11-10;6,09;142;7;jah
2023-11-11;6,24;143;7;jah
2023-11-12;6,52;146;6,9;jah
2023-11-13;7,39;153;6,5;jah
2023-11-14;8,06;157;5,5;jah
2023-11-15;6,82;147;4,8;jah
2023-11-16;5,44;137;4;jah
2023-11-17;4,44;130;2,9;jah
2023-11-18;3,71;125;2,1;jah
2023-11-19;3,29;122;1,8;jah
2023-11-20;3,19;121;1,4;jah
2023-11-21;2,91;119;0,8;jah
2023-11-22;2,53;116;0,2;jah
2023-11-23;2,77;119;0,5;jah
2023-11-24;5,19;140;0,8;jah
2023-11-25;7,17;153;1,1;jah
2023-11-26;5,83;142;0,4;jah
2023-11-27;4,4;131;0,2;jah
2023-11-28;3,66;126;0,1;jah
2023-11-29;3,21;123;0,2;jah
2023-11-30;3,03;121;0,2;jah
2023-12-01;2,89;120;0,2;jah
2023-12-02;2,77;119;0,3;jah
2023-12-03;2,66;119;0,2;jah
2023-12-04;2,56;130;0,1;jah
2023-12-05;2,45;137;0,1;jah
2023-12-06;2,35;137;0,2;jah
2023-12-07;2,25;128;0,1;jah
2023-12-08;2,15;117;0,1;jah
2023-12-09;2,06;114;0,1;jah
2023-12-10;1,97;113;0,1;jah
2023-12-11;1,98;113;0,1;jah
2023-12-12;1,94;112;0,1;jah
2023-12-13;1,87;111;0,1;jah
2023-12-14;1,93;111;0,2;jah
2023-12-15;1,99;112;0,2;jah
2023-12-16;2,07;112;0,2;jah
2023-12-17;3,96;130;0,3;jah
2023-12-18;8,04;160;0,7;jah
2023-12-19;14;204;1,6;jah
2023-12-20;16,6;215;1,2;jah
2023-12-21;12,3;189;1,5;jah
2023-12-22;10,8;181;1,5;jah
2023-12-23;11,2;185;1,4;jah
2023-12-24;9,29;170;1,1;jah
2023-12-25;7,37;156;0,8;jah
2023-12-26;6;146;0,6;jah
2023-12-27;5,01;139;0,7;jah
2023-12-28;4,25;134;0,7;jah
2023-12-29;4,82;143;1,2;jah
2023-12-30;11,2;197;1,9;jah
2023-12-31;12,2;201;1,3;jah
2024-01-01;8,48;177;0,1;jah
2024-01-02;7,35;187;0,2;jah
2024-01-03;6,66;201;0,2;jah
2024-01-04;5,98;196;0,2;jah
2024-01-05;5,31;181;0,1;jah
2024-01-06;4,65;165;0,2;jah
2024-01-07;3,99;151;0,2;jah
2024-01-08;3,37;139;0,1;jah
2024-01-09;2,78;130;0,1;jah
2024-01-10;2,21;124;0,1;jah
2024-01-11;1,83;120;0,1;jah
2024-01-12;1,61;117;0,1;jah
2024-01-13;1,45;115;0,1;jah
2024-01-14;1,35;114;0,1;jah
2024-01-15;1,3;114;0,1;jah
2024-01-16;1,23;113;0,1;jah
2024-01-17;1,09;111;0,1;jah
2024-01-18;1,08;111;0,1;jah
2024-01-19;1,09;111;0,1;jah
2024-01-20;0,958;109;0,1;jah
2024-01-21;0,86;108;0,1;jah
2024-01-22;0,805;107;0,1;jah
2024-01-23;1,11;113;0,1;jah
2024-01-24;3,78;147;0,1;jah
2024-01-25;5,78;166;0,1;jah
2024-01-26;5,3;159;0,1;jah
2024-01-27;3,57;141;0,1;jah
2024-01-28;2,49;130;0,1;jah
2024-01-29;2,19;128;0,1;jah
2024-01-30;2,88;137;0,1;jah
2024-01-31;4,39;154;0,1;jah
2024-02-01;6,72;180;0,1;jah
2024-02-02;6,56;175;0,1;jah
2024-02-03;5,38;165;0,1;jah
2024-02-04;7,7;188;0,1;jah
2024-02-05;5,33;162;0,1;jah
2024-02-06;3,67;144;0,1;jah
2024-02-07;2,45;132;0,1;jah
2024-02-08;1,66;122;0,1;jah
2024-02-09;1,25;117;0,1;jah
2024-02-10;1,02;113;0,1;jah
2024-02-11;0,822;110;0,1;jah
2024-02-12;0,723;109;0,1;jah
2024-02-13;0,664;108;0,1;jah
2024-02-14;0,624;107;0,1;jah
2024-02-15;0,614;107;0,1;jah
2024-02-16;1,33;124;0,1;jah
2024-02-17;16,9;270;0,1;jah
2024-02-18;14,9;242;0,1;jah
2024-02-19;7,68;185;0,1;jah
2024-02-20;5,31;158;0,1;jah
2024-02-21;4,15;144;0,1;jah
2024-02-22;3,6;137;0,1;jah
2024-02-23;6,56;167;0,2;jah
2024-02-24;13,4;219;0,2;jah
2024-02-25;27,5;292;0,2;jah
2024-02-26;17,6;231;0,3;jah
2024-02-27;12,6;200;0,6;jah
2024-02-28;9,39;176;0,9;jah
2024-02-29;8,25;166;1;jah
2024-03-01;6,91;154;1;jah
2024-03-02;5,93;145;0,9;jah
2024-03-03;5,27;139;1;jah
2024-03-04;4,58;133;0,9;jah
2024-03-05;3,97;128;0,9;jah
2024-03-06;3,52;124;0,8;jah
2024-03-07;3,2;121;0,6;jah
2024-03-08;3;119;0,5;jah
2024-03-09;2,84;118;0,6;jah
2024-03-10;2,7;116;0,6;jah
2024-03-11;2,59;115;0,6;jah
2024-03-12;2,53;114;0,7;jah
2024-03-13;2,52;114;1,1;jah
2024-03-14;2,58;114;1,8;jah
2024-03-15;4,36;129;2,4;jah
2024-03-16;8,21;155;2,2;jah
2024-03-17;12,6;186;2;jah
2024-03-18;10,3;165;1,1;jah
2024-03-19;7,09;143;1,5;jah
2024-03-20;6,21;137;2;jah
2024-03-21;5,8;134;2,1;jah
2024-03-22;6,49;139;2,3;jah
2024-03-23;9,96;163;2,7;jah
2024-03-24;9,87;159;2,6;jah
2024-03-25;8,4;149;2,5;jah
2024-03-26;7,35;142;2,5;jah
2024-03-27;7,01;139;3,1;jah
2024-03-28;6,75;137;4,4;jah
2024-03-29;6,56;135;5,2;jah
2024-03-30;6,36;134;4,6;jah
2024-03-31;6,25;133;5,3;jah
2024-04-01;6,06;131;6,7;jah
2024-04-02;5,87;131;6,8;jah
2024-04-03;6,13;133;5,3;jah
2024-04-04;5,82;131;3,7;jah
2024-04-05;5,16;128;3,1;jah
2024-04-06;6,37;136;3,3;jah
2024-04-07;6,33;135;4,3;jah
2024-04-08;5,39;130;5,5;jah
2024-04-09;4,93;128;7,4;jah
2024-04-10;4,58;126;8,9;jah
2024-04-11;4,23;124;8,5;jah
2024-04-12;4,02;123;8,5;jah
2024-04-13;3,83;122;8,9;jah
2024-04-14;3,98;125;8,4;jah
2024-04-15;5,19;133;7,9;jah
2024-04-16;5;132;7,9;jah
2024-04-17;4,4;128;7,7;jah
2024-04-18;4,33;129;7,4;jah
2024-04-19;4,12;127;6,2;jah
2024-04-20;3,67;124;4,5;jah
2024-04-21;3,49;124;4,6;jah
2024-04-22;3,29;122;4,7;jah
2024-04-23;3,97;129;3,5;jah
2024-04-24;5;135;4,1;jah
2024-04-25;4,97;134;5,5;jah
2024-04-26;4,95;134;6,4;jah
2024-04-27;4,29;129;7,6;jah
2024-04-28;3,65;125;9;jah
2024-04-29;3,27;122;10,4;jah
2024-04-30;2,99;120;11,7;jah
2024-05-01;2,76;119;12,4;jah
2024-05-02;2,53;117;12,5;jah
2024-05-03;2,34;115;12,6;jah
2024-05-04;2,16;114;12,9;jah
2024-05-05;2,02;113;13;jah
2024-05-06;1,86;112;12,8;jah
2024-05-07;1,7;110;11,7;jah
2024-05-08;1,54;109;10,9;jah
2024-05-09;1,43;108;9,6;jah
2024-05-10;1,38;108;9,4;jah
2024-05-11;1,33;107;9,6;jah
2024-05-12;1,23;106;10,6;jah
2024-05-13;1,13;105;11,5;jah
2024-05-14;0,97;105;12,9;jah
2024-05-15;0,899;104;14;jah
2024-05-16;0,883;103;15,3;jah
2024-05-17;0,849;103;16,2;jah
2024-05-18;0,768;101;17;jah
2024-05-19;0,324;94;17,3;jah
2024-05-20;0,702;100;17,5;jah
2024-05-21;0,843;101;17,9;jah
2024-05-22;0,677;99;17,4;jah
2024-05-23;0,595;97;17,7;jah
2024-05-24;0,583;97;18,7;jah
2024-05-25;0,577;97;19,2;jah
2024-05-26;0,576;97;19,8;jah
2024-05-27;0,586;96;20,4;jah
2024-05-28;0,574;96;20,7;jah
2024-05-29;0,555;96;20,9;jah
2024-05-30;0,566;96;21,4;jah
2024-05-31;0,625;96;21,5;jah
2024-06-01;0,68;97;21,2;jah
2024-06-02;0,732;97;21,5;jah
2024-06-03;0,811;98;21,5;jah
2024-06-04;0,868;98;21,3;jah
2024-06-05;0,919;99;20,9;jah
2024-06-06;0,945;99;20,2;jah
2024-06-07;0,936;98;19,3;jah
2024-06-08;0,941;98;18,8;jah
2024-06-09;0,945;98;18;jah
2024-06-10;0,942;98;17,1;jah
2024-06-11;0,923;97;17;jah
2024-06-12;0,914;97;17,5;jah
2024-06-13;0,902;97;17,1;jah
2024-06-14;0,864;96;17;jah
2024-06-15;0,81;96;16,9;jah
2024-06-16;0,779;95;17,9;jah
2024-06-17;0,751;95;18,8;jah
2024-06-18;0,761;95;19,2;jah
2024-06-19;0,83;95;17,9;jah
2024-06-20;0,908;96;17,9;jah
2024-06-21;0,893;96;18,9;jah
2024-06-22;0,796;95;18,7;jah
2024-06-23;0,736;95;18,4;jah
2024-06-24;0,694;95;18,7;jah
2024-06-25;0,649;94;19,3;jah
2024-06-26;0,592;94;19,8;jah
2024-06-27;0,552;94;20,4;jah
2024-06-28;0,514;93;21,1;jah
2024-06-29;0,48;93;21,9;jah
2024-06-30;0,439;93;21,1;jah
2024-07-01;0,436;93;20,5;jah
2024-07-02;0,444;94;20;jah
2024-07-03;0,446;94;19,4;jah
2024-07-04;0,446;95;19,8;jah
2024-07-05;0,383;95;19,4;jah
2024-07-06;0,357;95;18,9;jah
2024-07-07;0,37;96;19;jah
2024-07-08;0,343;96;18,8;jah
2024-07-09;0,306;96;19,1;jah
2024-07-10;0,261;95;19,3;jah
2024-07-11;0,221;94;19,9;jah
2024-07-12;0,205;94;20,4;jah
2024-07-13;0,2;93;20,3;jah
2024-07-14;0,202;94;20,4;jah
2024-07-15;0,199;93;20,1;jah
2024-07-16;0,192;93;20,4;jah
2024-07-17;0,184;93;21;jah
2024-07-18;0,177;93;20,7;jah
2024-07-19;0,172;92;20,5;jah
2024-07-20;0,169;92;20,5;jah
2024-07-21;0,163;92;20,6;jah
2024-07-22;0,159;92;21,1;jah
2024-07-23;0,161;92;21,3;jah
2024-07-24;0,163;92;21,9;jah
2024-07-25;0,18;93;22;jah
2024-07-26;0,19;93;21,7;jah
2024-07-27;0,177;93;21,5;jah
2024-07-28;0,172;93;20,8;jah
2024-07-29;0,238;96;19,4;jah
2024-07-30;0,416;100;20,5;jah
2024-07-31;0,45;100;20;jah
2024-08-01;0,41;100;19,2;jah
2024-08-02;0,402;100;19,5;jah
2024-08-03;0,452;101;19;jah
2024-08-04;0,541;103;18,9;jah
2024-08-05;0,53;102;19;jah
2024-08-06;0,483;101;18,7;jah
2024-08-07;0,501;102;18,7;jah
2024-08-08;0,453;101;19;jah
2024-08-09;0,403;100;19;jah
2024-08-10;0,353;98;19,1;jah
2024-08-11;0,32;98;18,6;jah
2024-08-12;0,295;97;18,3;jah
2024-08-13;0,291;97;18,2;jah
2024-08-14;0,275;97;18,6;jah
2024-08-15;0,282;97;18,6;jah
2024-08-16;0,278;97;18,8;jah
2024-08-17;0,291;97;19,1;jah
2024-08-18;0,311;97;18,7;jah
2024-08-19;0,26;96;18,5;jah
2024-08-20;0,237;96;18,2;jah
2024-08-21;0,224;95;18,1;jah
2024-08-22;0,215;95;18,5;jah
2024-08-23;0,209;95;17,9;jah
2024-08-24;0,206;95;17,8;jah
2024-08-25;0,211;95;17,9;jah
2024-08-26;0,204;94;17,9;jah
2024-08-27;0,192;94;17,5;jah
2024-08-28;0,195;94;17,2;jah
2024-08-29;0,215;95;17;jah
2024-08-30;0,176;94;16,9;jah
2024-08-31;0,199;95;17,3;jah
2024-09-01;0,24;96;17,3;jah
2024-09-02;0,242;96;17;jah
2024-09-03;0,257;96;17,3;jah
2024-09-04;0,242;95;17,9;jah
2024-09-05;0,229;95;18,1;jah
2024-09-06;0,227;95;17,7;jah
2024-09-07;0,221;95;17,2;jah
2024-09-08;0,215;94;16,8;jah
2024-09-09;0,209;94;16,6;jah
2024-09-10;0,22;95;16,6;jah
2024-09-11;0,23;95;16,7;jah
2024-09-12;0,261;96;17;jah
2024-09-13;0,271;96;16,9;jah
2024-09-14;0,323;98;17,1;jah
2024-09-15;0,377;99;17,5;jah
2024-09-16;0,386;99;17,4;jah
2024-09-17;0,379;99;16,9;jah
2024-09-18;0,361;99;16,7;jah
2024-09-19;0,331;98;16,3;jah
2024-09-20;0,306;97;15,4;jah
2024-09-21;0,325;98;15,3;jah
2024-09-22;0,304;98;14,5;jah
2024-09-23;0,316;97;13,8;jah
2024-09-24;0,248;96;13,8;jah
2024-09-25;0,251;96;14,5;jah
2024-09-26;0,244;96;14,8;jah
2024-09-27;0,32;99;14,8;jah
2024-09-28;0,457;102;14,4;jah
2024-09-29;0,55;104;13,2;jah
2024-09-30;0,513;103;11,4;jah
2024-10-01;0,443;102;10,1;jah
2024-10-02;0,406;101;10;jah
2024-10-03;0,452;102;10;jah
2024-10-04;0,491;103;9,9;jah
2024-10-05;0,49;103;9,1;jah
2024-10-06;0,46;103;8,9;jah
2024-10-07;0,424;102;8,7;jah
2024-10-08;0,4;101;8,4;jah
2024-10-09;0,417;102;8,8;jah
2024-10-10;0,631;107;9,4;jah
2024-10-11;0,736;109;10,4;jah
2024-10-12;0,762;110;9,6;jah
2024-10-13;0,664;108;8,7;jah
2024-10-14;0,577;106;8,4;jah
2024-10-15;0,522;105;8;jah
2024-10-16;0,482;105;7,2;jah
2024-10-17;0,455;104;6,5;jah
2024-10-18;0,437;103;6,4;jah
2024-10-19;0,446;103;6,4;jah
2024-10-20;0,438;102;6,3;jah
2024-10-21;0,421;102;6,9;jah
2024-10-22;0,409;101;7,7;jah
2024-10-23;0,45;102;7,8;jah
2024-10-24;0,502;103;7,7;jah
2024-10-25;0,562;104;8,2;jah
2024-10-26;0,55;103;8,5;jah
2024-10-27;0,576;104;8,7;jah
2024-10-28;0,634;105;8,8;jah
2024-10-29;0,71;106;8;jah
2024-10-30;0,722;106;8;jah
2024-10-31;0,748;106;7,5;jah
2024-11-01;0,988;110;7,9;jah
2024-11-02;1,37;114;6,7;jah
2024-11-03;1,41;114;5,8;jah
2024-11-04;1,52;115;5;jah
2024-11-05;1,5;113;5,1;jah
2024-11-06;1,41;112;5,8;jah
2024-11-07;1,33;111;6,4;jah
2024-11-08;1,27;110;6,9;jah
2024-11-09;1,21;109;7,2;jah
2024-11-10;1,18;108;7;jah
2024-11-11;1,18;108;6,8;jah
2024-11-12;1,24;108;6,6;jah
2024-11-13;1,33;109;6,4;jah
2024-11-14;1,39;110;6,4;jah
2024-11-15;1,5;111;6;jah
2024-11-16;1,54;111;6,4;jah
2024-11-17;1,51;110;6,2;jah
2024-11-18;1,6;111;5,6;jah
2024-11-19;1,79;113;4,8;jah
2024-11-20;2,17;118;4,3;jah
2024-11-21;5,54;147;3,4;jah
2024-11-22;6;148;2,4;jah
2024-11-23;4,82;138;1,8;jah
2024-11-24;3,99;131;1,3;jah
2024-11-25;5,99;154;3,1;jah
2024-11-26;15,4;220;4,4;jah
2024-11-27;15,4;216;5,1;jah
2024-11-28;11,4;188;5,2;jah
2024-11-29;9,03;170;4,8;jah
2024-11-30;7,48;157;4,9;jah
2024-12-01;6,23;148;5,3;jah
2024-12-02;5,35;140;5,3;jah
2024-12-03;4,87;136;5,1;jah
2024-12-04;4,82;135;3,5;jah
2024-12-05;3,95;128;1,8;jah
2024-12-06;3,49;124;1,5;jah
2024-12-07;3,3;122;1,6;jah
2024-12-08;3,13;121;1,8;jah
2024-12-09;2,97;119;1,7;jah
2024-12-10;2,84;118;1,7;jah
2024-12-11;2,77;117;1,7;jah
2024-12-12;2,54;115;1,1;jah
2024-12-13;2,19;113;0,4;jah
2024-12-14;2,16;113;0,9;jah
2024-12-15;2,79;118;1,2;jah
2024-12-16;3,02;131;1,8;jah
2024-12-17;3,21;144;1,8;jah
2024-12-18;3,4;130;1,4;jah
2024-12-19;5,39;140;2,3;jah
2024-12-20;11,4;188;3,6;jah
2024-12-21;11,4;188;3,1;jah
2024-12-22;13,4;198;3,4;jah
2024-12-23;18,3;227;3,6;jah
2024-12-24;16,7;217;3,4;jah
2024-12-25;14,1;199;3,3;jah
2024-12-26;12;185;4,1;jah
2024-12-27;10,5;174;4,7;jah
2024-12-28;9,13;164;4,7;jah
2024-12-29;8,38;158;4,6;jah
2024-12-30;8,3;164;4,6;jah
2024-12-31;8,27;168;3,1;jah
2025-01-01;11,7;182;2,4;jah
2025-01-02;26,4;275;2,1;jah
2025-01-03;21,3;247;1,5;jah
2025-01-04;15,8;212;0,8;jah
2025-01-05;12,8;192;0,6;jah
2025-01-06;10,9;178;0,5;jah
2025-01-07;9,48;168;0,5;jah
2025-01-08;8,89;164;1,1;jah
2025-01-09;8,95;179;1,8;jah
2025-01-10;9,02;202;1,3;jah
2025-01-11;9,08;193;1,2;jah
2025-01-12;9,14;185;0,9;jah
2025-01-13;9,21;173;0,6;jah
2025-01-14;10,5;177;1,7;jah
2025-01-15;16,4;220;1,9;jah
2025-01-16;18;230;2,1;jah
2025-01-17;20,8;249;2,3;jah
2025-01-18;19,7;243;2,1;jah
2025-01-19;16,4;222;1,9;jah
2025-01-20;14,3;208;2,2;jah
2025-01-21;12,3;193;1,6;jah
2025-01-22;10,2;178;1,5;jah
2025-01-23;9,35;172;1,9;jah
2025-01-24;8,73;167;2,1;jah
2025-01-25;8,65;167;2,2;jah
2025-01-26;9,97;178;2,8;jah
2025-01-27;12;194;2,7;jah
2025-01-28;14,4;212;2,8;jah
2025-01-29;14,2;211;3,5;jah
2025-01-30;12,8;201;3,9;jah
2025-01-31;11,3;189;4,1;jah
2025-02-01;10,3;181;3,7;jah
2025-02-02;9,7;175;2,8;jah
2025-02-03;8,32;164;2;jah
2025-02-04;7,02;152;1,3;jah
2025-02-05;6,1;145;1,1;jah
2025-02-06;5,64;144;1,7;jah
2025-02-07;5,3;145;1,9;jah
2025-02-08;4,96;139;1;jah
2025-02-09;4,63;130;0,4;jah
2025-02-10;4,31;129;0,3;jah
2025-02-11;3,95;124;0,2;jah
2025-02-12;3,67;121;0,2;jah
2025-02-13;3,57;119;0,2;jah
2025-02-14;3,52;123;0,2;jah
2025-02-15;3,46;121;0,2;jah
2025-02-16;3,4;120;0,2;jah
2025-02-17;3,33;116;0,2;jah
2025-02-18;3,21;114;0,2;jah
2025-02-19;3,15;112;0,2;jah
2025-02-20;3,06;111;0,2;jah
2025-02-21;3,04;111;0,2;jah
2025-02-22;3,04;110;0,2;jah
2025-02-23;3,05;110;0,2;jah
2025-02-24;3,07;110;0,3;jah
2025-02-25;3,09;110;0,3;jah
2025-02-26;3,02;110;0,3;jah
2025-02-27;3,06;110;0,3;jah
2025-02-28;3,23;112;0,4;jah
2025-03-01;3,33;114;0,6;jah
2025-03-02;3,31;114;1,2;jah
2025-03-03;3,28;115;1,6;jah
2025-03-04;3,29;116;1,8;jah
2025-03-05;3,4;117;2,3;jah
2025-03-06;3,61;120;3,2;jah
2025-03-07;3,58;121;3,7;jah
2025-03-08;3,36;120;3,6;jah
2025-03-09;3,13;119;3,3;jah
2025-03-10;2,93;117;3,1;jah
2025-03-11;2,92;117;3,1;jah
2025-03-12;2,86;116;2,6;jah
2025-03-13;2,91;116;2,3;jah
2025-03-14;3,18;118;2,1;jah
2025-03-15;3,05;116;1,9;jah
2025-03-16;2,99;115;2;jah
2025-03-17;2,95;114;1,8;jah
2025-03-18;2,93;113;2,3;jah
2025-03-19;3,01;114;3,1;jah
2025-03-20;3,05;114;3,5;jah
2025-03-21;3;113;3,1;jah
2025-03-22;2,92;112;2,6;jah
2025-03-23;2,88;111;2,6;jah
2025-03-24;2,86;110;2,5;jah
2025-03-25;2,88;110;2,8;jah
2025-03-26;3,07;111;3,5;jah
2025-03-27;3,24;112;4;jah
2025-03-28;3,23;112;4,7;jah
2025-03-29;3,26;112;5,2;jah
2025-03-30;3,22;111;6;jah
2025-03-31;3,23;111;7;jah
2025-04-01;3,22;110;7,6;jah
2025-04-02;3,13;109;8,1;jah
2025-04-03;3;109;8,6;jah
2025-04-04;2,96;108;8,4;jah
2025-04-05;2,93;108;7,2;jah
2025-04-06;2,89;108;5,8;jah
2025-04-07;2,8;108;4,9;jah
2025-04-08;2,71;107;4,4;jah
2025-04-09;2,65;107;4,7;jah
2025-04-10;2,58;106;4;jah
2025-04-11;2,48;106;4,6;jah
2025-04-12;2,46;106;3,9;jah
2025-04-13;2,37;105;4,6;jah
2025-04-14;2,3;105;6,3;jah
2025-04-15;2,26;104;7,8;jah
2025-04-16;2,19;104;9,6;jah
2025-04-17;2,19;104;10,9;jah
2025-04-18;2,27;105;12,4;jah
2025-04-19;2,16;104;13,1;jah
2025-04-20;2,54;107;13,1;jah
2025-04-21;2,98;110;13,7;jah
2025-04-22;2,82;109;12,6;jah
2025-04-23;2,77;109;11,7;jah
2025-04-24;2,62;108;10,8;jah
2025-04-25;2,46;107;9,5;jah
2025-04-26;2,31;105;8,6;jah
2025-04-27;2,12;104;8,3;jah
2025-04-28;2,02;103;8,2;jah
2025-04-29;2,45;107;9,4;jah
2025-04-30;2,66;108;9,4;jah
2025-05-01;2,82;110;8,9;jah
2025-05-02;2,76;109;9,4;jah
2025-05-03;2,85;110;10,5;jah
2025-05-04;2,78;110;10,8;jah
2025-05-05;2,54;108;10;jah
2025-05-06;2,34;106;9,7;jah
2025-05-07;2,38;107;8,8;jah
2025-05-08;2,29;106;8,3;jah
2025-05-09;2,18;105;8,2;jah
2025-05-10;2,15;105;8,3;jah
2025-05-11;1,98;104;9,2;jah
2025-05-12;1,8;103;10,3;jah
2025-05-13;1,65;102;11,3;jah
2025-05-14;1,58;101;11,7;jah
2025-05-15;1,57;101;11;jah
2025-05-16;1,53;101;11,4;jah
2025-05-17;1,79;103;11,1;jah
2025-05-18;1,84;103;11,6;jah
2025-05-19;1,71;102;13,2;jah
2025-05-20;1,5;101;14,1;jah
2025-05-21;1,34;99;14,1;jah
2025-05-22;1,22;98;14,5;jah
2025-05-23;1,37;100;14;jah
2025-05-24;1,66;102;13,6;jah
2025-05-25;1,58;102;14;jah
2025-05-26;1,38;100;14,5;jah
2025-05-27;1,18;98;15,5;jah
2025-05-28;1,08;97;16,1;jah
2025-05-29;0,966;96;17;jah
2025-05-30;0,913;96;17,5;jah
2025-05-31;0,844;95;17,7;jah
2025-06-01;0,757;94;17,1;jah
2025-06-02;0,721;94;16,6;jah
2025-06-03;0,797;95;16,4;jah
2025-06-04;0,854;95;16,7;jah
2025-06-05;0,756;94;17;jah
2025-06-06;0,746;94;16,7;jah
2025-06-07;0,758;94;16,9;jah
2025-06-08;0,713;93;17,3;jah
2025-06-09;0,976;96;14,9;jah
2025-06-10;2,62;110;15,8;jah
2025-06-11;2,8;112;15,4;jah
2025-06-12;2,63;110;14,6;jah
2025-06-13;2,75;111;15;jah
2025-06-14;2,46;109;15,7;jah
2025-06-15;2,03;105;16,4;jah
2025-06-16;1,7;102;16,9;jah
2025-06-17;1,64;102;17,2;jah
2025-06-18;1,75;103;17,6;jah
2025-06-19;1,63;102;16,9;jah
2025-06-20;1,79;103;16,7;jah
2025-06-21;1,96;104;16,2;jah
2025-06-22;1,8;103;16,1;jah
2025-06-23;1,58;101;15,7;jah
2025-06-24;1,45;100;15,7;jah
2025-06-25;1,45;100;15,6;jah
2025-06-26;1,44;100;16;jah
2025-06-27;1,29;99;16,4;jah
2025-06-28;1,42;100;16,5;jah
2025-06-29;1,45;100;17,1;jah
2025-06-30;1,31;99;17,4;jah
2025-07-01;1,14;97;18,1;jah
2025-07-02;0,998;96;19;jah
2025-07-03;0,875;95;19,8;jah
2025-07-04;0,779;94;19;jah
2025-07-05;0,741;93;17,6;jah
2025-07-06;0,854;94;17,4;jah
2025-07-07;0,978;96;17,5;jah
2025-07-08;1,1;97;18,1;jah
2025-07-09;1,16;97;18,1;jah
2025-07-10;1,11;97;17,5;jah
2025-07-11;1,23;98;16,9;jah
2025-07-12;1,98;104;17,8;jah
2025-07-13;2,7;109;17,8;jah
2025-07-14;2,76;109;18,6;jah
2025-07-15;2,54;108;18,9;jah
2025-07-16;2,32;106;19,4;jah
2025-07-17;2,81;110;19,9;jah
2025-07-18;2,9;110;20,3;jah
2025-07-19;2,43;107;20,5;jah
2025-07-20;1,95;103;20,8;jah
2025-07-21;1,65;101;21,2;jah
2025-07-22;1,44;99;21,5;jah
2025-07-23;1,32;98;21,4;jah
2025-07-24;1,62;100;21,2;jah
2025-07-25;1,96;103;21,1;jah
2025-07-26;2,05;104;21,1;jah
2025-07-27;2,07;104;21;jah
2025-07-28;2,63;108;21;jah
2025-07-29;2,91;110;20,5;jah
2025-07-30;3,23;113;20,5;jah
2025-07-31;3,31;113;20,5;jah
2025-08-01;2,94;111;20,3;jah
2025-08-02;2,74;109;19,8;jah
2025-08-03;2,42;107;19,6;jah
2025-08-04;2,03;104;20;jah
2025-08-05;1,73;102;19,8;jah
2025-08-06;1,59;101;19,5;jah
2025-08-07;1,47;100;19,2;jah
2025-08-08;1,33;99;19;jah
2025-08-09;1,33;99;18,5;jah
2025-08-10;1,09;97;18,5;jah
2025-08-11;0,994;96;18,4;jah
2025-08-12;0,937;96;18,3;jah
2025-08-13;0,906;96;18,2;jah
2025-08-14;0,999;97;18,1;jah
2025-08-15;0,817;95;17,9;jah
2025-08-16;0,892;96;18,3;jah
2025-08-17;0,987;97;17,6;jah
2025-08-18;0,935;96;17,3;jah
2025-08-19;0,856;96;17,4;jah
2025-08-20;0,79;95;17,2;jah
2025-08-21;0,699;94;16;jah
2025-08-22;0,758;95;15,6;jah
2025-08-23;1,1;98;14,7;jah
2025-08-24;1,33;101;14,3;jah
2025-08-25;1,43;102;13,8;jah
2025-08-26;1,62;104;13,4;jah
2025-08-27;1,56;103;13;jah
2025-08-28;1,41;102;12,9;jah
2025-08-29;1,37;102;13,3;jah
2025-08-30;1,46;103;13,9;jah
2025-08-31;1,45;103;14,2;jah
2025-09-01;1,35;102;14,9;jah
2025-09-02;1,22;101;15,3;jah
2025-09-03;1,11;100;15,4;jah
2025-09-04;1,02;99;16;jah
2025-09-05;0,979;98;15,8;jah
2025-09-06;0,896;98;16,2;jah
2025-09-07;0,832;97;16,7;jah
2025-09-08;0,809;97;16,7;jah
2025-09-09;0,776;97;16,7;jah
2025-09-10;0,72;96;16,8;jah
2025-09-11;0,663;95;17;jah
2025-09-12;0,641;95;16,4;jah
2025-09-13;0,789;97;16,3;jah
2025-09-14;0,99;100;16,3;jah
2025-09-15;1,11;101;15,8;jah
2025-09-16;1,5;106;15,6;jah
2025-09-17;2,14;113;15,1;jah
2025-09-18;2,82;120;14,6;jah
2025-09-19;2,8;120;14,4;jah
2025-09-20;2,59;118;14,3;jah
2025-09-21;2,29;115;14,8;jah
2025-09-22;2,09;113;15,1;jah
2025-09-23;1,91;111;13,9;jah
2025-09-24;1,78;110;12,4;jah
2025-09-25;1,78;110;11;jah
2025-09-26;1,71;110;10,6;jah
2025-09-27;1,59;109;10,6;jah
2025-09-28;1,52;108;10,4;jah
2025-09-29;1,37;106;9,6;jah
2025-09-30;1,29;105;8,7;jah
2025-10-01;1,22;104;8,4;jah
2025-10-02;1,13;103;7,6;jah
2025-10-03;1,09;103;7;jah
2025-10-04;1,04;102;6,7;jah
2025-10-05;1,04;102;7,2;jah
2025-10-06;1,08;103;7,9;jah
2025-10-07;1,1;103;8,5;jah
2025-10-08;1,05;103;8,9;jah
2025-10-09;1,05;103;9,9;jah
2025-10-10;1,18;104;10;jah
2025-10-11;1,24;105;9,7;jah
2025-10-12;1,25;105;9,2;jah
2025-10-13;1,39;107;8,3;jah
2025-10-14;1,49;109;7,7;jah
2025-10-15;1,4;108;7,5;jah
2025-10-16;1,35;107;8;jah
2025-10-17;1,37;107;7,4;jah
2025-10-18;1,25;106;6,6;jah
2025-10-19;1,17;105;5,6;jah
2025-10-20;1,12;104;5,5;jah
2025-10-21;1,13;105;5;jah
2025-10-22;1,08;104;4,9;jah
2025-10-23;1,08;104;5,5;jah
2025-10-24;1,16;105;6,1;jah
2025-10-25;1,25;106;7,2;jah
2025-10-26;2,01;116;8,1;jah
2025-10-27;3,73;135;8,3;jah
2025-10-28;3,44;131;7,9;jah
2025-10-29;7,25;160;7,8;jah
2025-10-30;7,94;165;7,2;jah
2025-10-31;6,21;150;7,5;jah
2025-11-01;5,17;141;7,9;jah
2025-11-02;4,2;132;7,8;jah
2025-11-03;3,99;130;8,1;jah
2025-11-04;4,14;131;7,9;jah
2025-11-05;6,07;148;8,6;jah
2025-11-06;7,24;157;9,3;jah
2025-11-07;7,5;159;9,6;jah
2025-11-08;6,87;154;9,4;jah
2025-11-09;5,49;142;9;jah
2025-11-10;4,58;134;8,5;jah
2025-11-11;3,99;128;8,1;jah
2025-11-12;3,6;125;7,8;jah
2025-11-13;4,27;130;8;jah
2025-11-14;13,2;202;7,5;jah
2025-11-15;14;207;5,3;jah
2025-11-16;10,2;178;4,3;jah
2025-11-17;8,12;161;4,5;jah
2025-11-18;7,52;164;3,9;jah
2025-11-19;7,1;159;2,6;jah
2025-11-20;6,73;149;3;jah
2025-11-21;7,16;151;3,6;jah
2025-11-22;9,56;169;3,3;jah
2025-11-23;8,23;158;3,3;jah
2025-11-24;6,96;148;3,2;jah
2025-11-25;6;140;3,1;jah
2025-11-26;5,19;133;2,2;jah
2025-11-27;4,28;126;1;jah
2025-11-28;3,91;123;1,7;jah
2025-11-29;5,51;136;3,1;jah
2025-11-30;6,93;148;3,7;jah
2025-12-01;5,94;140;3,8;jah
2025-12-02;5,3;136;4;jah
2025-12-03;4,63;130;3,9;jah
2025-12-04;4,18;127;3,7;jah
2025-12-05;3,83;124;3,7;jah
2025-12-06;3,69;123;4,2;jah
2025-12-07;4,72;132;4,4;jah
2025-12-08;5,24;137;4,2;jah
2025-12-09;7,58;156;4,8;jah
2025-12-10;10,4;179;5,2;jah
2025-12-11;9,67;174;5,6;jah
2025-12-12;8,91;168;5,4;jah
2025-12-13;7,18;154;3,2;jah
2025-12-14;5,51;140;2,1;jah
2025-12-15;7,24;154;2,8;jah
2025-12-16;8,87;166;4,1;jah
2025-12-17;8,15;160;4,8;jah
2025-12-18;7,61;155;4,6;jah
2025-12-19;6,73;148;4,5;jah
2025-12-20;7,95;157;5;jah
2025-12-21;10,3;175;5,3;jah
2025-12-22;8,39;160;4,4;jah
2025-12-23;6,47;144;2,5;jah
2025-12-24;4,91;132;1,3;jah
2025-12-25;4,33;126;1,8;jah
2025-12-26;4,3;126;2,2;jah
2025-12-27;4,22;125;2,7;jah
2025-12-28;4,29;125;2,3;jah
2025-12-29;4;122;1,3;jah
2025-12-30;3,79;120;0,3;jah
2025-12-31;3,69;141;0,1;jah
2026-01-01;3,64;149;0,1;ei
2026-01-02;3,59;130;0,1;ei
2026-01-03;3,52;116;0,1;ei
2026-01-04;3,52;114;0,1;ei
2026-01-05;3,55;113;0,1;ei
2026-01-06;3,51;113;0,1;ei
2026-01-07;3,5;113;0,1;ei
2026-01-08;3,41;111;0,1;ei
2026-01-09;3,35;111;0,1;ei
2026-01-10;3,31;110;0,1;ei
2026-01-11;3,29;109;0,1;ei
2026-01-12;3,33;109;0,1;ei
2026-01-13;3,15;109;0,1;ei
2026-01-14;2,93;108;0,2;ei
2026-01-15;2,74;107;0,2;ei
2026-01-16;2,58;107;0,2;ei
2026-01-17;2,45;107;0,2;ei
2026-01-18;2,3;106;0,2;ei
2026-01-19;2,17;106;0,2;ei
2026-01-20;2,04;106;0,1;ei
2026-01-21;1,91;105;0,1;ei
2026-01-22;1,78;105;0,1;ei
2026-01-23;1,65;105;0,1;ei
2026-01-24;1,51;104;0,2;ei
2026-01-25;1,4;104;0,2;ei
2026-01-26;1,27;103;0,1;ei
2026-01-27;1,15;103;0,2;ei
2026-01-28;1,05;103;0,2;ei
2026-01-29;0,944;102;0,2;ei
2026-01-30;0,819;102;0,2;ei
2026-01-31;0,691;101;0,2;ei
2026-02-01;0,597;100;0,2;ei
2026-02-02;0,518;100;0,2;ei
2026-02-03;0,46;100;0,2;ei
2026-02-04;0,468;100;0,2;ei
2026-02-05;0,483;99;0,2;ei
2026-02-06;0,5;99;0,2;ei
2026-02-07;0,503;99;0,2;ei
2026-02-08;0,502;99;0,2;ei
2026-02-09;0,502;98;0,2;ei
2026-02-10;0,494;98;0,2;ei
2026-02-11;0,498;98;0,2;ei
2026-02-12;0,493;97;0,2;ei
2026-02-13;0,498;97;0,2;ei
2026-02-14;0,498;98;0,2;ei
2026-02-15;0,497;99;0,2;ei
2026-02-16;0,496;97;0,2;ei
2026-02-17;0,501;96;0,2;ei
2026-02-18;0,51;97;0,2;ei
2026-02-19;0,516;96;0,2;ei
2026-02-20;0,521;96;0,2;ei
2026-02-21;0,526;95;0,2;ei
2026-02-22;0,548;96;0,2;ei
2026-02-23;0,549;95;0,2;ei
2026-02-24;0,547;95;0,2;ei
2026-02-25;0,534;95;0,2;ei
2026-02-26;0,539;95;0,2;ei
2026-02-27;0,556;95;0,2;ei
2026-02-28;0,697;96;0,2;ei
2026-03-01;1,56;106;0,2;ei
2026-03-02;3,32;124;0,2;ei
2026-03-03;3,39;124;0,2;ei
2026-03-04;2,86;118;0,3;ei
2026-03-05;3,16;121;0,3;ei
2026-03-06;3,36;122;0,3;ei
2026-03-07;3,04;119;0,3;ei
2026-03-08;2,85;117;0,4;ei
2026-03-09;3,04;118;0,4;ei
2026-03-10;2,95;117;0,4;ei
2026-03-11;3,03;117;0,4;ei
2026-03-12;3,33;119;0,4;ei
2026-03-13;4,08;125;0,4;ei
2026-03-14;5,09;134;0,4;ei
2026-03-15;5,61;137;0,3;ei
2026-03-16;5,36;135;0,2;ei
2026-03-17;5,3;135;0,3;ei
2026-03-18;4,38;127;0,4;ei
2026-03-19;3,83;123;0,7;ei
2026-03-20;3,57;121;1,1;ei
2026-03-21;3,34;119;1,5;ei
2026-03-22;3,13;117;1,9;ei
2026-03-23;2,96;116;2,4;ei
2026-03-24;2,8;115;2,9;ei
2026-03-25;2,74;115;3,7;ei
2026-03-26;2,77;115;4,5;ei
2026-03-27;2,69;115;4,7;ei
2026-03-28;2,54;113;4,4;ei
2026-03-29;2,36;112;3,7;ei
2026-03-30;2,27;111;3,7;ei
2026-03-31;2,2;111;4,4;ei
2026-04-01;2,13;110;5,1;ei
2026-04-02;2,04;110;5,4;ei
2026-04-03;1,99;109;5,9;ei
2026-04-04;1,97;109;5,4;ei
2026-04-05;2,12;111;5,2;ei
2026-04-06;2,35;114;4,3;ei
2026-04-07;2,9;120;4,5;ei
2026-04-08;2,93;120;4,8;ei
2026-04-09;2,62;117;4,6;ei
2026-04-10;2,37;115;4,6;ei
2026-04-11;2,18;113;5;ei
2026-04-12;2,05;112;5,5;ei
2026-04-13;1,93;111;6,2;ei
2026-04-14;1,82;110;6,4;ei
2026-04-15;1,71;109;7,1;ei
2026-04-16;1,62;108;7,3;ei
2026-04-17;1,57;108;8,2;ei
2026-04-18;1,55;108;8,5;ei
2026-04-19;1,47;107;8,1;ei
2026-04-20;1,32;106;7,7;ei
2026-04-21;1,24;105;7,9;ei
2026-04-22;1,18;104;7,8;ei
2026-04-23;1,13;104;7,9;ei
2026-04-24;1,07;103;8,5;ei
2026-04-25;1,03;103;8,1;ei
2026-04-26;1,12;104;6,8;ei
2026-04-27;1,08;104;6,6;ei
2026-04-28;0,983;103;6,3;ei
2026-04-29;0,902;102;6,8;ei
2026-04-30;0,835;101;7;ei
2026-05-01;0,815;101;8,2;ei
2026-05-02;0,778;100;9,9;ei
2026-05-03;0,727;100;11;ei
2026-05-04;0,697;99;11,8;ei
2026-05-05;0,682;99;12,5;ei
2026-05-06;0,633;98;12;ei
2026-05-07;0,588;98;12,5;ei
2026-05-08;0,556;97;12;ei
2026-05-09;0,5;96;12,1;ei
2026-05-10;0,438;95;11,6;ei
2026-05-11;0,421;95;12,1;ei
2026-05-12;0,419;95;12,5;ei
2026-05-13;0,476;96;12,2;ei
2026-05-14;0,681;100;12,4;ei
2026-05-15;0,71;100;13,2;ei
2026-05-16;0,646;99;13,6;ei
2026-05-17;0,596;98;14,1;ei
2026-05-18;0,562;97;14,2;ei
2026-05-19;0,594;98;15,5;ei
2026-05-20;0,587;97;15,7;ei
2026-05-21;0,545;97;15,8;ei
2026-05-22;0,572;97;15,5;ei
2026-05-23;0,564;97;15,5;ei
2026-05-24;0,466;95;16,9;ei
2026-05-25;0,379;93;16,9;ei
2026-05-26;0,384;93;16,2;ei
2026-05-27;0,402;93;15,8;ei
2026-05-28;0,399;93;15,1;ei
2026-05-29;0,379;93;15,1;ei
2026-05-30;0,367;92;15,6;ei
2026-05-31;0,37;92;16,4;ei
2026-06-01;0,338;91;16,8;ei
2026-06-02;0,335;91;16,9;ei
2026-06-03;0,324;91;17,3;ei
2026-06-04;0,321;91;18;ei
2026-06-05;0,317;91;18,5;ei
2026-06-06;0,327;91;18,4;ei
2026-06-07;0,354;91;17,7;ei
2026-06-08;0,392;92;18;ei
2026-06-09;0,493;94;16,8;ei
2026-06-10;0,651;96;17,6;ei
2026-06-11;0,629;96;16,2;ei
2026-06-12;1,4;105;15,8;ei
2026-06-13;1,44;106;15,4;ei
2026-06-14;1,22;103;14,9;ei
2026-06-15;1,14;102;15;ei
2026-06-16;1,69;108;15,2;ei
2026-06-17;1,97;111;14,2;ei
2026-06-18;1,6;107;14,1;ei
2026-06-19;1,29;103;15,2;ei
2026-06-20;1,08;101;16,2;ei
2026-06-21;0,981;100;17,6;ei
2026-06-22;0,879;98;18,5;ei
2026-06-23;0,764;97;18,7;ei
2026-06-24;0,684;96;18,2;ei
2026-06-25;0,673;95;17,9;ei
2026-06-26;0,685;95;18,9;ei
2026-06-27;0,569;94;20,1;ei
2026-06-28;0,539;93;19,7;ei
2026-06-29;0,591;94;20,2;ei
2026-06-30;0,655;95;21,4;ei
2026-07-01;0,602;94;21;ei
2026-07-02;0,55;93;20,6;ei
2026-07-03;0,502;92;20;ei
2026-07-04;1,12;99;18,5;ei
2026-07-05;1,25;101;16,8;ei
2026-07-06;1,8;106;16,9;ei
2026-07-07;2,06;109;16,5;ei
2026-07-08;1,98;108;15,2;ei
2026-07-09;3,55;122;15;ei
2026-07-10;5,06;135;15,3;ei
2026-07-11;3,55;122;16;ei
2026-07-12;3,33;121;17,1;ei
2026-07-13;3,04;118;18,5;ei
2026-07-14;2,46;113;19,2;ei
2026-07-15;2,13;110;19,3;ei
2026-07-16;1,8;107;19,4;ei
2026-07-17;1,44;104;19,6;ei
2026-07-18;1,22;101;20;ei
2026-07-19;1,02;99;20,3;ei
2026-07-20;0,902;98;19,6;ei
2026-07-21;1,28;103;17,2;ei
2026-07-22;2,16;112;16,9;ei
2026-07-23;2,03;111;15,9;ei
2026-07-24;1,76;108;15,9;ei
2026-07-25;1,54;106;15,8;ei
2026-07-26;1,39;105;16,4;ei
2026-07-27;1,31;104;17;ei
2026-07-28;1,26;104;17,3;ei
2026-07-29;1,19;103;17,7;ei
2026-07-30;0,998;101;17,9;ei
2026-07-31;0,838;99;18,7;ei
2026-08-01;0,674;97;19,3;ei
2026-08-02;0,567;96;19,1;ei
2026-08-03;0,643;97;18,7;ei
2026-08-04;0,61;97;18,6;ei
2026-08-05;0,517;95;18,7;ei
2026-08-06;0,498;95;19,4;ei
2026-08-07;0,419;94;19,2;ei
2026-08-08;0,393;93;18,8;ei
2026-08-09;0,454;95;18,4;ei
2026-08-10;0,442;95;17,8;ei
2026-08-11;0,346;93;17,9;ei
2026-08-12;0,292;92;17,2;ei
2026-08-13;0,489;96;16;ei
2026-08-14;0,438;95;17,4;ei
2026-08-15;0,39;94;17,8;ei
2026-08-16;0,35;93;18;ei
2026-08-17;0,322;92;17,8;ei
2026-08-18;0,249;90;17,1;ei
2026-08-19;0,254;90;16,4;ei
2026-08-20;0,318;91;15,8;ei
2026-08-21;0,667;97;16,3;ei
2026-08-22;0,91;101;15,8;ei
2026-08-23;1,9;112;15,2;ei
2026-08-24;3,04;125;15,2;ei
2026-08-25;3,08;125;15;ei
2026-08-26;2,4;117;14,7;ei
2026-08-27;2,05;113;14,6;ei
2026-08-28;1,85;110;14,7;ei
2026-08-29;1,64;107;15,2;ei
2026-08-30;1,51;106;15,8;ei
2026-08-31;1,51;105;16,1;ei
2026-09-01;1,57;106;16,1;ei
2026-09-02;1,58;106;16,3;ei
2026-09-03;1,85;108;16;ei
2026-09-04;3,76;126;15,1;ei
2026-09-05;6,87;153;15;ei
2026-09-06;5,02;137;14,5;ei
2026-09-07;3,49;124;13,9;ei
2026-09-08;2,93;118;14,2;ei
2026-09-09;2,67;116;14,9;ei
2026-09-10;2,49;114;15,2;ei
2026-09-11;2,42;113;14,8;ei
2026-09-12;2,34;112;13,9;ei
2026-09-13;2,26;112;14;ei
2026-09-14;2,2;111;14,3;ei
2026-09-15;2,12;110;13,5;ei
2026-09-16;2,02;109;13,5;ei
2026-09-17;2,15;110;13,9;ei
