kuupäev;vooluhulk_m3s;veetase_cm;veetemp_c;valideeritud
1976-10-01;0,034;;;jah
1976-10-02;0,034;;;jah
1976-10-03;0,034;;;jah
1976-10-04;0,022;;;jah
1976-10-05;0,022;;;jah
1976-10-06;0,022;;;jah
1976-10-07;0,022;;;jah
1976-10-08;0,034;;;jah
1976-10-09;0,034;;;jah
1976-10-10;0,034;;;jah
1976-10-11;0,034;;;jah
1976-10-12;0,034;;;jah
1976-10-13;0,034;;;jah
1976-10-14;0,034;;;jah
1976-10-15;0,034;;;jah
1976-10-16;0,034;;;jah
1976-10-17;0,034;;;jah
1976-10-18;0,034;;;jah
1976-10-19;0,034;;;jah
1976-10-20;0,034;;;jah
1976-10-21;0,034;;;jah
1976-10-22;0,034;;;jah
1976-10-23;0,034;;;jah
1976-10-24;0,034;;;jah
1976-10-25;0,034;;;jah
1976-10-26;0,034;;;jah
1976-10-27;0,034;;;jah
1976-10-28;0,034;;;jah
1976-10-29;0,034;;;jah
1976-10-30;0,034;;;jah
1976-10-31;0,034;;;jah
1976-11-01;0,034;;;jah
1976-11-02;0,034;;;jah
1976-11-03;0,034;;;jah
1976-11-04;0,034;;;jah
1976-11-05;0,034;;;jah
1976-11-06;0,046;;;jah
1976-11-07;0,046;;;jah
1976-11-08;0,046;;;jah
1976-11-09;0,046;;;jah
1976-11-10;0,046;;;jah
1976-11-11;0,046;;;jah
1976-11-12;0,046;;;jah
1976-11-13;0,046;;;jah
1976-11-14;0,046;;;jah
1976-11-15;0,046;;;jah
1976-11-16;0,046;;;jah
1976-11-17;0,046;;;jah
1976-11-18;0,046;;;jah
1976-11-19;0,046;;;jah
1976-11-20;0,046;;;jah
1976-11-21;0,034;;;jah
1976-11-22;0,034;;;jah
1976-11-23;0,034;;;jah
1976-11-24;0,034;;;jah
1976-11-25;0,034;;;jah
1976-11-26;0,034;;;jah
1976-11-27;0,034;;;jah
1976-11-28;0,046;;;jah
1976-11-29;0,058;;;jah
1976-11-30;0,07;;;jah
1976-12-01;0,082;;;jah
1976-12-02;0,18;;;jah
1976-12-03;0,23;;;jah
1976-12-04;0,2;;;jah
1976-12-05;0,19;;;jah
1976-12-06;0,17;;;jah
1976-12-07;0,14;;;jah
1976-12-08;0,15;;;jah
1976-12-09;0,23;;;jah
1976-12-10;0,33;;;jah
1976-12-11;0,3;;;jah
1976-12-12;0,27;;;jah
1976-12-13;0,24;;;jah
1976-12-14;0,19;;;jah
1976-12-15;0,18;;;jah
1976-12-16;0,17;;;jah
1976-12-17;0,15;;;jah
1976-12-18;0,14;;;jah
1976-12-19;0,13;;;jah
1976-12-20;0,12;;;jah
1976-12-21;0,11;;;jah
1976-12-22;0,11;;;jah
1976-12-23;0,1;;;jah
1976-12-24;0,1;;;jah
1976-12-25;0,1;;;jah
1976-12-26;0,1;;;jah
1976-12-27;0,098;;;jah
1976-12-28;0,098;;;jah
1976-12-29;0,098;;;jah
1976-12-30;0,098;;;jah
1976-12-31;0,098;;;jah
1977-01-01;0,1;;;jah
1977-01-02;0,1;;;jah
1977-01-03;0,11;;;jah
1977-01-04;0,11;;;jah
1977-01-05;0,11;;;jah
1977-01-06;0,11;;;jah
1977-01-07;0,1;;;jah
1977-01-08;0,1;;;jah
1977-01-09;0,1;;;jah
1977-01-10;0,098;;;jah
1977-01-11;0,096;;;jah
1977-01-12;0,094;;;jah
1977-01-13;0,092;;;jah
1977-01-14;0,09;;;jah
1977-01-15;0,088;;;jah
1977-01-16;0,086;;;jah
1977-01-17;0,084;;;jah
1977-01-18;0,082;;;jah
1977-01-19;0,08;;;jah
1977-01-20;0,078;;;jah
1977-01-21;0,076;;;jah
1977-01-22;0,074;;;jah
1977-01-23;0,072;;;jah
1977-01-24;0,07;;;jah
1977-01-25;0,076;;;jah
1977-01-26;0,082;;;jah
1977-01-27;0,088;;;jah
1977-01-28;0,094;;;jah
1977-01-29;0,1;;;jah
1977-01-30;0,11;;;jah
1977-01-31;0,11;;;jah
1977-02-01;0,12;;;jah
1977-02-02;0,12;;;jah
1977-02-03;0,13;;;jah
1977-02-04;0,13;;;jah
1977-02-05;0,13;;;jah
1977-02-06;0,13;;;jah
1977-02-07;0,13;;;jah
1977-02-08;0,13;;;jah
1977-02-09;0,13;;;jah
1977-02-10;0,13;;;jah
1977-02-11;0,13;;;jah
1977-02-12;0,13;;;jah
1977-02-13;0,13;;;jah
1977-02-14;0,13;;;jah
1977-02-15;0,12;;;jah
1977-02-16;0,12;;;jah
1977-02-17;0,12;;;jah
1977-02-18;0,12;;;jah
1977-02-19;0,12;;;jah
1977-02-20;0,11;;;jah
1977-02-21;0,11;;;jah
1977-02-22;0,11;;;jah
1977-02-23;0,11;;;jah
1977-02-24;0,11;;;jah
1977-02-25;0,11;;;jah
1977-02-26;0,11;;;jah
1977-02-27;0,11;;;jah
1977-02-28;0,1;;;jah
1977-03-01;0,1;;;jah
1977-03-02;0,1;;;jah
1977-03-03;0,1;;;jah
1977-03-04;0,1;;;jah
1977-03-05;0,1;;;jah
1977-03-06;0,1;;;jah
1977-03-07;0,1;;;jah
1977-03-08;0,1;;;jah
1977-03-09;0,11;;;jah
1977-03-10;0,12;;;jah
1977-03-11;0,15;;;jah
1977-03-12;0,19;;;jah
1977-03-13;0,2;;;jah
1977-03-14;0,2;;;jah
1977-03-15;0,6;;;jah
1977-03-16;1,1;;;jah
1977-03-17;1,6;;;jah
1977-03-18;1,8;;;jah
1977-03-19;2;;;jah
1977-03-20;2;;;jah
1977-03-21;1,75;;;jah
1977-03-22;1,5;;;jah
1977-03-23;1,5;;;jah
1977-03-24;2,08;;;jah
1977-03-25;2,29;;;jah
1977-03-26;2,52;;;jah
1977-03-27;2;;;jah
1977-03-28;1,36;;;jah
1977-03-29;1,06;;;jah
1977-03-30;1,06;;;jah
1977-03-31;0,76;;;jah
1977-04-01;0,73;;;jah
1977-04-02;0,65;;;jah
1977-04-03;1,12;;;jah
1977-04-04;1,43;;;jah
1977-04-05;1,21;;;jah
1977-04-06;1,43;;;jah
1977-04-07;2,24;;;jah
1977-04-08;2;;;jah
1977-04-09;1,43;;;jah
1977-04-10;1,15;;;jah
1977-04-11;1,27;;;jah
1977-04-12;2;;;jah
1977-04-13;2,24;;;jah
1977-04-14;2,12;;;jah
1977-04-15;2,66;;;jah
1977-04-16;2;;;jah
1977-04-17;1,63;;;jah
1977-04-18;2,52;;;jah
1977-04-19;2;;;jah
1977-04-20;1,49;;;jah
1977-04-21;1,33;;;jah
1977-04-22;1,3;;;jah
1977-04-23;1,3;;;jah
1977-04-24;2,08;;;jah
1977-04-25;2,52;;;jah
1977-04-26;2,12;;;jah
1977-04-27;1,53;;;jah
1977-04-28;1,36;;;jah
1977-04-29;1,06;;;jah
1977-04-30;1,06;;;jah
1977-05-01;2;;;jah
1977-05-02;1,7;;;jah
1977-05-03;1,24;;;jah
1977-05-04;0,88;;;jah
1977-05-05;0,7;;;jah
1977-05-06;0,6;;;jah
1977-05-07;0,47;;;jah
1977-05-08;0,4;;;jah
1977-05-09;0,4;;;jah
1977-05-10;0,35;;;jah
1977-05-11;0,31;;;jah
1977-05-12;0,28;;;jah
1977-05-13;0,28;;;jah
1977-05-14;0,33;;;jah
1977-05-15;0,44;;;jah
1977-05-16;0,49;;;jah
1977-05-17;4,97;;;jah
1977-05-18;2,24;;;jah
1977-05-19;1,63;;;jah
1977-05-20;1,15;;;jah
1977-05-21;0,82;;;jah
1977-05-22;0,65;;;jah
1977-05-23;0,49;;;jah
1977-05-24;0,4;;;jah
1977-05-25;0,28;;;jah
1977-05-26;0,25;;;jah
1977-05-27;0,24;;;jah
1977-05-28;0,22;;;jah
1977-05-29;0,19;;;jah
1977-05-30;0,19;;;jah
1977-05-31;0,18;;;jah
1977-06-01;0,18;;;jah
1977-06-02;0,16;;;jah
1977-06-03;0,13;;;jah
1977-06-04;0,13;;;jah
1977-06-05;0,13;;;jah
1977-06-06;0,13;;;jah
1977-06-07;0,13;;;jah
1977-06-08;0,13;;;jah
1977-06-09;0,12;;;jah
1977-06-10;0,12;;;jah
1977-06-11;0,12;;;jah
1977-06-12;0,12;;;jah
1977-06-13;0,12;;;jah
1977-06-14;0,12;;;jah
1977-06-15;0,12;;;jah
1977-06-16;0,11;;;jah
1977-06-17;0,11;;;jah
1977-06-18;0,11;;;jah
1977-06-19;0,13;;;jah
1977-06-20;0,28;;;jah
1977-06-21;0,18;;;jah
1977-06-22;0,16;;;jah
1977-06-23;0,15;;;jah
1977-06-24;0,13;;;jah
1977-06-25;0,11;;;jah
1977-06-26;0,11;;;jah
1977-06-27;0,11;;;jah
1977-06-28;0,1;;;jah
1977-06-29;0,08;;;jah
1977-06-30;0,08;;;jah
1977-07-01;0,08;;;jah
1977-07-02;0,08;;;jah
1977-07-03;0,11;;;jah
1977-07-04;0,11;;;jah
1977-07-05;0,11;;;jah
1977-07-06;0,11;;;jah
1977-07-07;0,08;;;jah
1977-07-08;0,08;;;jah
1977-07-09;0,08;;;jah
1977-07-10;0,07;;;jah
1977-07-11;0,07;;;jah
1977-07-12;0,07;;;jah
1977-07-13;0,063;;;jah
1977-07-14;0,063;;;jah
1977-07-15;0,063;;;jah
1977-07-16;0,062;;;jah
1977-07-17;0,062;;;jah
1977-07-18;0,062;;;jah
1977-07-19;0,061;;;jah
1977-07-20;0,061;;;jah
1977-07-21;0,06;;;jah
1977-07-22;0,06;;;jah
1977-07-23;0,06;;;jah
1977-07-24;0,058;;;jah
1977-07-25;0,057;;;jah
1977-07-26;0,056;;;jah
1977-07-27;0,054;;;jah
1977-07-28;0,052;;;jah
1977-07-29;0,051;;;jah
1977-07-30;0,05;;;jah
1977-07-31;0,048;;;jah
1977-08-01;0,046;;;jah
1977-08-02;0,045;;;jah
1977-08-03;0,045;;;jah
1977-08-04;0,046;;;jah
1977-08-05;0,046;;;jah
1977-08-06;0,046;;;jah
1977-08-07;0,11;;;jah
1977-08-08;0,078;;;jah
1977-08-09;0,047;;;jah
1977-08-10;0,047;;;jah
1977-08-11;0,047;;;jah
1977-08-12;0,047;;;jah
1977-08-13;0,047;;;jah
1977-08-14;0,047;;;jah
1977-08-15;0,049;;;jah
1977-08-16;0,049;;;jah
1977-08-17;0,049;;;jah
1977-08-18;0,048;;;jah
1977-08-19;0,047;;;jah
1977-08-20;0,046;;;jah
1977-08-21;0,046;;;jah
1977-08-22;0,045;;;jah
1977-08-23;0,044;;;jah
1977-08-24;0,043;;;jah
1977-08-25;0,042;;;jah
1977-08-26;0,041;;;jah
1977-08-27;0,04;;;jah
1977-08-28;0,041;;;jah
1977-08-29;0,042;;;jah
1977-08-30;0,042;;;jah
1977-08-31;0,043;;;jah
1977-09-01;0,044;;;jah
1977-09-02;0,045;;;jah
1977-09-03;0,046;;;jah
1977-09-04;0,046;;;jah
1977-09-05;0,047;;;jah
1977-09-06;0,048;;;jah
1977-09-07;0,05;;;jah
1977-09-08;0,053;;;jah
1977-09-09;0,056;;;jah
1977-09-10;0,06;;;jah
1977-09-11;0,06;;;jah
1977-09-12;0,06;;;jah
1977-09-13;0,06;;;jah
1977-09-14;0,09;;;jah
1977-09-15;0,12;;;jah
1977-09-16;0,16;;;jah
1977-09-17;0,17;;;jah
1977-09-18;0,14;;;jah
1977-09-19;0,12;;;jah
1977-09-20;0,11;;;jah
1977-09-21;0,092;;;jah
1977-09-22;0,076;;;jah
1977-09-23;0,06;;;jah
1977-09-24;0,06;;;jah
1977-09-25;0,06;;;jah
1977-09-26;0,06;;;jah
1977-09-27;0,06;;;jah
1977-09-28;0,06;;;jah
1977-09-29;0,06;;;jah
1977-09-30;0,09;;;jah
1977-10-01;0,12;;;jah
1977-10-02;0,15;;;jah
1977-10-03;0,35;;;jah
1977-10-04;0,28;;;jah
1977-10-05;0,21;;;jah
1977-10-06;0,22;;;jah
1977-10-07;0,35;;;jah
1977-10-08;0,25;;;jah
1977-10-09;0,19;;;jah
1977-10-10;0,18;;;jah
1977-10-11;0,17;;;jah
1977-10-12;0,16;;;jah
1977-10-13;0,16;;;jah
1977-10-14;0,16;;;jah
1977-10-15;0,16;;;jah
1977-10-16;0,16;;;jah
1977-10-17;0,16;;;jah
1977-10-18;0,16;;;jah
1977-10-19;0,15;;;jah
1977-10-20;0,15;;;jah
1977-10-21;0,14;;;jah
1977-10-22;0,14;;;jah
1977-10-23;0,14;;;jah
1977-10-24;0,14;;;jah
1977-10-25;0,17;;;jah
1977-10-26;0,19;;;jah
1977-10-27;0,18;;;jah
1977-10-28;0,17;;;jah
1977-10-29;0,16;;;jah
1977-10-30;0,16;;;jah
1977-10-31;0,15;;;jah
1977-11-01;0,15;;;jah
1977-11-02;0,14;;;jah
1977-11-03;0,14;;;jah
1977-11-04;0,15;;;jah
1977-11-05;0,19;;;jah
1977-11-06;0,31;;;jah
1977-11-07;0,31;;;jah
1977-11-08;0,31;;;jah
1977-11-09;0,3;;;jah
1977-11-10;0,28;;;jah
1977-11-11;0,22;;;jah
1977-11-12;0,21;;;jah
1977-11-13;0,22;;;jah
1977-11-14;0,49;;;jah
1977-11-15;0,94;;;jah
1977-11-16;1,3;;;jah
1977-11-17;1,06;;;jah
1977-11-18;0,76;;;jah
1977-11-19;0,54;;;jah
1977-11-20;0,47;;;jah
1977-11-21;1,46;;;jah
1977-11-22;2,08;;;jah
1977-11-23;2,61;;;jah
1977-11-24;2,42;;;jah
1977-11-25;3,69;;;jah
1977-11-26;2,52;;;jah
1977-11-27;1,7;;;jah
1977-11-28;1,24;;;jah
1977-11-29;0,94;;;jah
1977-11-30;0,85;;;jah
1977-12-01;0,76;;;jah
1977-12-02;0,7;;;jah
1977-12-03;0,7;;;jah
1977-12-04;0,54;;;jah
1977-12-05;0,47;;;jah
1977-12-06;0,4;;;jah
1977-12-07;0,49;;;jah
1977-12-08;0,42;;;jah
1977-12-09;0,31;;;jah
1977-12-10;0,22;;;jah
1977-12-11;0,19;;;jah
1977-12-12;0,18;;;jah
1977-12-13;0,17;;;jah
1977-12-14;0,17;;;jah
1977-12-15;0,22;;;jah
1977-12-16;0,85;;;jah
1977-12-17;0,76;;;jah
1977-12-18;0,82;;;jah
1977-12-19;0,57;;;jah
1977-12-20;0,49;;;jah
1977-12-21;0,4;;;jah
1977-12-22;0,35;;;jah
1977-12-23;0,25;;;jah
1977-12-24;0,42;;;jah
1977-12-25;1,8;;;jah
1977-12-26;1,03;;;jah
1977-12-27;1;;;jah
1977-12-28;0,7;;;jah
1977-12-29;1,06;;;jah
1977-12-30;0,82;;;jah
1977-12-31;0,65;;;jah
1978-01-01;0,67;;;jah
1978-01-02;0,74;;;jah
1978-01-03;0,8;;;jah
1978-01-04;0,8;;;jah
1978-01-05;0,8;;;jah
1978-01-06;0,8;;;jah
1978-01-07;0,77;;;jah
1978-01-08;0,77;;;jah
1978-01-09;0,74;;;jah
1978-01-10;0,72;;;jah
1978-01-11;0,69;;;jah
1978-01-12;0,67;;;jah
1978-01-13;0,64;;;jah
1978-01-14;0,58;;;jah
1978-01-15;0,54;;;jah
1978-01-16;0,5;;;jah
1978-01-17;0,46;;;jah
1978-01-18;0,42;;;jah
1978-01-19;0,38;;;jah
1978-01-20;0,34;;;jah
1978-01-21;0,3;;;jah
1978-01-22;0,27;;;jah
1978-01-23;0,23;;;jah
1978-01-24;0,22;;;jah
1978-01-25;0,22;;;jah
1978-01-26;0,2;;;jah
1978-01-27;0,2;;;jah
1978-01-28;0,19;;;jah
1978-01-29;0,19;;;jah
1978-01-30;0,17;;;jah
1978-01-31;0,17;;;jah
1978-02-01;0,16;;;jah
1978-02-02;0,16;;;jah
1978-02-03;0,16;;;jah
1978-02-04;0,16;;;jah
1978-02-05;0,16;;;jah
1978-02-06;0,17;;;jah
1978-02-07;0,17;;;jah
1978-02-08;0,17;;;jah
1978-02-09;0,17;;;jah
1978-02-10;0,17;;;jah
1978-02-11;0,17;;;jah
1978-02-12;0,17;;;jah
1978-02-13;0,17;;;jah
1978-02-14;0,17;;;jah
1978-02-15;0,17;;;jah
1978-02-16;0,16;;;jah
1978-02-17;0,16;;;jah
1978-02-18;0,16;;;jah
1978-02-19;0,16;;;jah
1978-02-20;0,15;;;jah
1978-02-21;0,15;;;jah
1978-02-22;0,15;;;jah
1978-02-23;0,15;;;jah
1978-02-24;0,15;;;jah
1978-02-25;0,15;;;jah
1978-02-26;0,16;;;jah
1978-02-27;0,17;;;jah
1978-02-28;0,19;;;jah
1978-03-01;0,22;;;jah
1978-03-02;0,25;;;jah
1978-03-03;0,32;;;jah
1978-03-04;0,38;;;jah
1978-03-05;0,4;;;jah
1978-03-06;0,42;;;jah
1978-03-07;0,44;;;jah
1978-03-08;0,46;;;jah
1978-03-09;0,46;;;jah
1978-03-10;0,48;;;jah
1978-03-11;0,48;;;jah
1978-03-12;0,48;;;jah
1978-03-13;0,48;;;jah
1978-03-14;0,48;;;jah
1978-03-15;0,56;;;jah
1978-03-16;0,56;;;jah
1978-03-17;0,64;;;jah
1978-03-18;0,52;;;jah
1978-03-19;0,48;;;jah
1978-03-20;0,72;;;jah
1978-03-21;0,58;;;jah
1978-03-22;0,54;;;jah
1978-03-23;0,5;;;jah
1978-03-24;0,5;;;jah
1978-03-25;0,48;;;jah
1978-03-26;0,42;;;jah
1978-03-27;0,56;;;jah
1978-03-28;0,87;;;jah
1978-03-29;1,54;;;jah
1978-03-30;3,05;;;jah
1978-03-31;5,07;;;jah
1978-04-01;5,92;;;jah
1978-04-02;5,92;;;jah
1978-04-03;4,53;;;jah
1978-04-04;3,79;;;jah
1978-04-05;2,99;;;jah
1978-04-06;2,05;;;jah
1978-04-07;2,62;;;jah
1978-04-08;2,72;;;jah
1978-04-09;2,41;;;jah
1978-04-10;2,2;;;jah
1978-04-11;2,25;;;jah
1978-04-12;2,25;;;jah
1978-04-13;2,1;;;jah
1978-04-14;1,74;;;jah
1978-04-15;1,74;;;jah
1978-04-16;2,15;;;jah
1978-04-17;1,64;;;jah
1978-04-18;1,22;;;jah
1978-04-19;1,15;;;jah
1978-04-20;1,05;;;jah
1978-04-21;0,96;;;jah
1978-04-22;0,85;;;jah
1978-04-23;0,74;;;jah
1978-04-24;0,72;;;jah
1978-04-25;0,64;;;jah
1978-04-26;0,64;;;jah
1978-04-27;0,64;;;jah
1978-04-28;0,56;;;jah
1978-04-29;0,52;;;jah
1978-04-30;0,48;;;jah
1978-05-01;0,44;;;jah
1978-05-02;0,4;;;jah
1978-05-03;0,36;;;jah
1978-05-04;0,32;;;jah
1978-05-05;0,29;;;jah
1978-05-06;0,29;;;jah
1978-05-07;0,27;;;jah
1978-05-08;0,25;;;jah
1978-05-09;0,25;;;jah
1978-05-10;0,22;;;jah
1978-05-11;0,23;;;jah
1978-05-12;0,23;;;jah
1978-05-13;0,23;;;jah
1978-05-14;0,23;;;jah
1978-05-15;0,32;;;jah
1978-05-16;0,42;;;jah
1978-05-17;0,74;;;jah
1978-05-18;0,6;;;jah
1978-05-19;0,48;;;jah
1978-05-20;0,4;;;jah
1978-05-21;0,32;;;jah
1978-05-22;0,29;;;jah
1978-05-23;0,25;;;jah
1978-05-24;0,22;;;jah
1978-05-25;0,22;;;jah
1978-05-26;0,2;;;jah
1978-05-27;0,2;;;jah
1978-05-28;0,19;;;jah
1978-05-29;0,19;;;jah
1978-05-30;0,19;;;jah
1978-05-31;0,19;;;jah
1978-06-01;0,082;;;jah
1978-06-02;0,082;;;jah
1978-06-03;0,082;;;jah
1978-06-04;0,081;;;jah
1978-06-05;0,077;;;jah
1978-06-06;0,077;;;jah
1978-06-07;0,074;;;jah
1978-06-08;0,071;;;jah
1978-06-09;0,071;;;jah
1978-06-10;0,071;;;jah
1978-06-11;0,071;;;jah
1978-06-12;0,077;;;jah
1978-06-13;0,077;;;jah
1978-06-14;0,077;;;jah
1978-06-15;0,074;;;jah
1978-06-16;0,071;;;jah
1978-06-17;0,071;;;jah
1978-06-18;0,071;;;jah
1978-06-19;0,071;;;jah
1978-06-20;0,071;;;jah
1978-06-21;0,071;;;jah
1978-06-22;0,07;;;jah
1978-06-23;0,07;;;jah
1978-06-24;0,07;;;jah
1978-06-25;0,071;;;jah
1978-06-26;0,071;;;jah
1978-06-27;0,071;;;jah
1978-06-28;0,071;;;jah
1978-06-29;0,071;;;jah
1978-06-30;0,071;;;jah
1978-07-01;0,071;;;jah
1978-07-02;0,071;;;jah
1978-07-03;0,071;;;jah
1978-07-04;0,071;;;jah
1978-07-05;0,071;;;jah
1978-07-06;0,074;;;jah
1978-07-07;0,074;;;jah
1978-07-08;0,071;;;jah
1978-07-09;0,092;;;jah
1978-07-10;0,082;;;jah
1978-07-11;0,077;;;jah
1978-07-12;0,088;;;jah
1978-07-13;0,095;;;jah
1978-07-14;0,092;;;jah
1978-07-15;0,082;;;jah
1978-07-16;0,082;;;jah
1978-07-17;0,11;;;jah
1978-07-18;0,12;;;jah
1978-07-19;0,1;;;jah
1978-07-20;0,077;;;jah
1978-07-21;0,092;;;jah
1978-07-22;0,087;;;jah
1978-07-23;0,073;;;jah
1978-07-24;0,064;;;jah
1978-07-25;0,058;;;jah
1978-07-26;0,058;;;jah
1978-07-27;0,058;;;jah
1978-07-28;0,056;;;jah
1978-07-29;0,056;;;jah
1978-07-30;0,056;;;jah
1978-07-31;0,056;;;jah
1978-08-01;0,056;;;jah
1978-08-02;0,056;;;jah
1978-08-03;0,056;;;jah
1978-08-04;0,056;;;jah
1978-08-05;0,056;;;jah
1978-08-06;0,058;;;jah
1978-08-07;0,064;;;jah
1978-08-08;0,1;;;jah
1978-08-09;0,11;;;jah
1978-08-10;0,092;;;jah
1978-08-11;0,092;;;jah
1978-08-12;0,082;;;jah
1978-08-13;0,064;;;jah
1978-08-14;0,058;;;jah
1978-08-15;0,058;;;jah
1978-08-16;0,058;;;jah
1978-08-17;0,056;;;jah
1978-08-18;0,056;;;jah
1978-08-19;0,056;;;jah
1978-08-20;0,056;;;jah
1978-08-21;0,056;;;jah
1978-08-22;0,056;;;jah
1978-08-23;0,056;;;jah
1978-08-24;0,056;;;jah
1978-08-25;0,054;;;jah
1978-08-26;0,055;;;jah
1978-08-27;0,058;;;jah
1978-08-28;0,12;;;jah
1978-08-29;0,23;;;jah
1978-08-30;0,21;;;jah
1978-08-31;0,17;;;jah
1978-09-01;0,19;;;jah
1978-09-02;0,23;;;jah
1978-09-03;0,37;;;jah
1978-09-04;0,59;;;jah
1978-09-05;0,46;;;jah
1978-09-06;0,35;;;jah
1978-09-07;0,95;;;jah
1978-09-08;0,73;;;jah
1978-09-09;0,49;;;jah
1978-09-10;0,46;;;jah
1978-09-11;0,66;;;jah
1978-09-12;0,98;;;jah
1978-09-13;1,18;;;jah
1978-09-14;0,73;;;jah
1978-09-15;1,94;;;jah
1978-09-16;2,49;;;jah
1978-09-17;1,79;;;jah
1978-09-18;1,63;;;jah
1978-09-19;1,16;;;jah
1978-09-20;1,23;;;jah
1978-09-21;1,2;;;jah
1978-09-22;1,35;;;jah
1978-09-23;1,05;;;jah
1978-09-24;0,89;;;jah
1978-09-25;0,95;;;jah
1978-09-26;1,01;;;jah
1978-09-27;0,92;;;jah
1978-09-28;1,29;;;jah
1978-09-29;1,39;;;jah
1978-09-30;1;;;jah
1978-10-01;0,78;;;jah
1978-10-02;0,64;;;jah
1978-10-03;0,56;;;jah
1978-10-04;0,51;;;jah
1978-10-05;0,47;;;jah
1978-10-06;0,48;;;jah
1978-10-07;0,71;;;jah
1978-10-08;0,6;;;jah
1978-10-09;0,54;;;jah
1978-10-10;0,48;;;jah
1978-10-11;0,44;;;jah
1978-10-12;0,41;;;jah
1978-10-13;0,39;;;jah
1978-10-14;0,39;;;jah
1978-10-15;0,37;;;jah
1978-10-16;0,36;;;jah
1978-10-17;0,5;;;jah
1978-10-18;1,06;;;jah
1978-10-19;0,99;;;jah
1978-10-20;0,77;;;jah
1978-10-21;0,9;;;jah
1978-10-22;1,27;;;jah
1978-10-23;1,48;;;jah
1978-10-24;1,38;;;jah
1978-10-25;1,38;;;jah
1978-10-26;1,22;;;jah
1978-10-27;0,99;;;jah
1978-10-28;0,87;;;jah
1978-10-29;0,83;;;jah
1978-10-30;0,9;;;jah
1978-10-31;0,77;;;jah
1978-11-01;0,68;;;jah
1978-11-02;0,62;;;jah
1978-11-03;0,6;;;jah
1978-11-04;0,73;;;jah
1978-11-05;0,67;;;jah
1978-11-06;0,73;;;jah
1978-11-07;0,73;;;jah
1978-11-08;0,6;;;jah
1978-11-09;0,53;;;jah
1978-11-10;0,5;;;jah
1978-11-11;0,56;;;jah
1978-11-12;0,73;;;jah
1978-11-13;0,62;;;jah
1978-11-14;0,58;;;jah
1978-11-15;0,68;;;jah
1978-11-16;0,67;;;jah
1978-11-17;0,81;;;jah
1978-11-18;1,22;;;jah
1978-11-19;1,22;;;jah
1978-11-20;1,36;;;jah
1978-11-21;1,3;;;jah
1978-11-22;1,11;;;jah
1978-11-23;0,99;;;jah
1978-11-24;0,94;;;jah
1978-11-25;1,09;;;jah
1978-11-26;0,77;;;jah
1978-11-27;0,64;;;jah
1978-11-28;0,68;;;jah
1978-11-29;0,85;;;jah
1978-11-30;0,9;;;jah
1978-12-01;0,73;;;jah
1978-12-02;0,6;;;jah
1978-12-03;0,46;;;jah
1978-12-04;0,44;;;jah
1978-12-05;0,4;;;jah
1978-12-06;0,39;;;jah
1978-12-07;0,39;;;jah
1978-12-08;0,32;;;jah
1978-12-09;0,29;;;jah
1978-12-10;0,25;;;jah
1978-12-11;0,23;;;jah
1978-12-12;0,22;;;jah
1978-12-13;0,22;;;jah
1978-12-14;0,2;;;jah
1978-12-15;0,2;;;jah
1978-12-16;0,19;;;jah
1978-12-17;0,17;;;jah
1978-12-18;0,16;;;jah
1978-12-19;0,16;;;jah
1978-12-20;0,15;;;jah
1978-12-21;0,14;;;jah
1978-12-22;0,14;;;jah
1978-12-23;0,13;;;jah
1978-12-24;0,13;;;jah
1978-12-25;0,12;;;jah
1978-12-26;0,12;;;jah
1978-12-27;0,11;;;jah
1978-12-28;0,11;;;jah
1978-12-29;0,1;;;jah
1978-12-30;0,1;;;jah
1978-12-31;0,096;;;jah
1979-01-01;0,092;;;jah
1979-01-02;0,088;;;jah
1979-01-03;0,085;;;jah
1979-01-04;0,081;;;jah
1979-01-05;0,086;;;jah
1979-01-06;0,092;;;jah
1979-01-07;0,097;;;jah
1979-01-08;0,1;;;jah
1979-01-09;0,11;;;jah
1979-01-10;0,11;;;jah
1979-01-11;0,12;;;jah
1979-01-12;0,12;;;jah
1979-01-13;0,13;;;jah
1979-01-14;0,13;;;jah
1979-01-15;0,13;;;jah
1979-01-16;0,14;;;jah
1979-01-17;0,14;;;jah
1979-01-18;0,14;;;jah
1979-01-19;0,14;;;jah
1979-01-20;0,14;;;jah
1979-01-21;0,15;;;jah
1979-01-22;0,15;;;jah
1979-01-23;0,15;;;jah
1979-01-24;0,15;;;jah
1979-01-25;0,15;;;jah
1979-01-26;0,15;;;jah
1979-01-27;0,15;;;jah
1979-01-28;0,14;;;jah
1979-01-29;0,14;;;jah
1979-01-30;0,14;;;jah
1979-01-31;0,14;;;jah
1979-02-01;0,14;;;jah
1979-02-02;0,14;;;jah
1979-02-03;0,14;;;jah
1979-02-04;0,13;;;jah
1979-02-05;0,13;;;jah
1979-02-06;0,12;;;jah
1979-02-07;0,12;;;jah
1979-02-08;0,11;;;jah
1979-02-09;0,11;;;jah
1979-02-10;0,11;;;jah
1979-02-11;0,1;;;jah
1979-02-12;0,098;;;jah
1979-02-13;0,11;;;jah
1979-02-14;0,11;;;jah
1979-02-15;0,12;;;jah
1979-02-16;0,13;;;jah
1979-02-17;0,14;;;jah
1979-02-18;0,15;;;jah
1979-02-19;0,16;;;jah
1979-02-20;0,16;;;jah
1979-02-21;0,17;;;jah
1979-02-22;0,18;;;jah
1979-02-23;0,18;;;jah
1979-02-24;0,18;;;jah
1979-02-25;0,18;;;jah
1979-02-26;0,18;;;jah
1979-02-27;0,18;;;jah
1979-02-28;0,18;;;jah
1979-03-01;0,18;;;jah
1979-03-02;0,18;;;jah
1979-03-03;0,18;;;jah
1979-03-04;0,22;;;jah
1979-03-05;0,28;;;jah
1979-03-06;0,29;;;jah
1979-03-07;0,31;;;jah
1979-03-08;0,31;;;jah
1979-03-09;0,31;;;jah
1979-03-10;0,29;;;jah
1979-03-11;0,24;;;jah
1979-03-12;0,22;;;jah
1979-03-13;0,22;;;jah
1979-03-14;0,23;;;jah
1979-03-15;0,23;;;jah
1979-03-16;0,23;;;jah
1979-03-17;0,23;;;jah
1979-03-18;0,25;;;jah
1979-03-19;0,25;;;jah
1979-03-20;0,25;;;jah
1979-03-21;0,25;;;jah
1979-03-22;0,27;;;jah
1979-03-23;0,29;;;jah
1979-03-24;0,35;;;jah
1979-03-25;0,39;;;jah
1979-03-26;0,45;;;jah
1979-03-27;0,54;;;jah
1979-03-28;0,77;;;jah
1979-03-29;0,91;;;jah
1979-03-30;1,19;;;jah
1979-03-31;1,71;;;jah
1979-04-01;2,66;;;jah
1979-04-02;3,23;;;jah
1979-04-03;3,64;;;jah
1979-04-04;4,04;;;jah
1979-04-05;5,46;;;jah
1979-04-06;4,33;;;jah
1979-04-07;4,1;;;jah
1979-04-08;4,04;;;jah
1979-04-09;2,88;;;jah
1979-04-10;2,28;;;jah
1979-04-11;1,99;;;jah
1979-04-12;1,95;;;jah
1979-04-13;1,83;;;jah
1979-04-14;1,79;;;jah
1979-04-15;1,36;;;jah
1979-04-16;0,85;;;jah
1979-04-17;0,88;;;jah
1979-04-18;0,77;;;jah
1979-04-19;0,72;;;jah
1979-04-20;0,67;;;jah
1979-04-21;0,67;;;jah
1979-04-22;0,64;;;jah
1979-04-23;0,64;;;jah
1979-04-24;0,69;;;jah
1979-04-25;0,72;;;jah
1979-04-26;0,94;;;jah
1979-04-27;1,03;;;jah
1979-04-28;0,85;;;jah
1979-04-29;0,72;;;jah
1979-04-30;0,69;;;jah
1979-05-01;0,77;;;jah
1979-05-02;0,67;;;jah
1979-05-03;0,67;;;jah
1979-05-04;0,62;;;jah
1979-05-05;0,54;;;jah
1979-05-06;0,48;;;jah
1979-05-07;0,45;;;jah
1979-05-08;0,43;;;jah
1979-05-09;0,39;;;jah
1979-05-10;0,37;;;jah
1979-05-11;0,37;;;jah
1979-05-12;0,39;;;jah
1979-05-13;0,35;;;jah
1979-05-14;0,31;;;jah
1979-05-15;0,27;;;jah
1979-05-16;0,27;;;jah
1979-05-17;0,25;;;jah
1979-05-18;0,21;;;jah
1979-05-19;0,21;;;jah
1979-05-20;0,21;;;jah
1979-05-21;0,17;;;jah
1979-05-22;0,16;;;jah
1979-05-23;0,16;;;jah
1979-05-24;0,16;;;jah
1979-05-25;0,15;;;jah
1979-05-26;0,14;;;jah
1979-05-27;0,14;;;jah
1979-05-28;0,14;;;jah
1979-05-29;0,13;;;jah
1979-05-30;0,12;;;jah
1979-05-31;0,12;;;jah
1979-06-01;0,12;;;jah
1979-06-02;0,11;;;jah
1979-06-03;0,1;;;jah
1979-06-04;0,1;;;jah
1979-06-05;0,095;;;jah
1979-06-06;0,09;;;jah
1979-06-07;0,085;;;jah
1979-06-08;0,08;;;jah
1979-06-09;0,075;;;jah
1979-06-10;0,069;;;jah
1979-06-11;0,068;;;jah
1979-06-12;0,067;;;jah
1979-06-13;0,066;;;jah
1979-06-14;0,065;;;jah
1979-06-15;0,064;;;jah
1979-06-16;0,062;;;jah
1979-06-17;0,061;;;jah
1979-06-18;0,06;;;jah
1979-06-19;0,059;;;jah
1979-06-20;0,058;;;jah
1979-06-21;0,057;;;jah
1979-06-22;0,056;;;jah
1979-06-23;0,054;;;jah
1979-06-24;0,053;;;jah
1979-06-25;0,052;;;jah
1979-06-26;0,051;;;jah
1979-06-27;0,05;;;jah
1979-06-28;0,048;;;jah
1979-06-29;0,047;;;jah
1979-06-30;0,046;;;jah
1979-07-01;0,045;;;jah
1979-07-02;0,044;;;jah
1979-07-03;0,044;;;jah
1979-07-04;0,043;;;jah
1979-07-05;0,043;;;jah
1979-07-06;0,042;;;jah
1979-07-07;0,042;;;jah
1979-07-08;0,041;;;jah
1979-07-09;0,042;;;jah
1979-07-10;0,043;;;jah
1979-07-11;0,043;;;jah
1979-07-12;0,1;;;jah
1979-07-13;0,14;;;jah
1979-07-14;0,14;;;jah
1979-07-15;0,091;;;jah
1979-07-16;0,075;;;jah
1979-07-17;0,048;;;jah
1979-07-18;0,14;;;jah
1979-07-19;0,16;;;jah
1979-07-20;0,18;;;jah
1979-07-21;0,25;;;jah
1979-07-22;0,25;;;jah
1979-07-23;0,2;;;jah
1979-07-24;0,2;;;jah
1979-07-25;0,45;;;jah
1979-07-26;0,33;;;jah
1979-07-27;0,2;;;jah
1979-07-28;0,12;;;jah
1979-07-29;0,08;;;jah
1979-07-30;0,079;;;jah
1979-07-31;0,077;;;jah
1979-08-01;0,076;;;jah
1979-08-02;0,075;;;jah
1979-08-03;0,074;;;jah
1979-08-04;0,072;;;jah
1979-08-05;0,071;;;jah
1979-08-06;0,07;;;jah
1979-08-07;0,068;;;jah
1979-08-08;0,067;;;jah
1979-08-09;0,066;;;jah
1979-08-10;0,064;;;jah
1979-08-11;0,063;;;jah
1979-08-12;0,062;;;jah
1979-08-13;0,06;;;jah
1979-08-14;0,059;;;jah
1979-08-15;0,058;;;jah
1979-08-16;0,057;;;jah
1979-08-17;0,055;;;jah
1979-08-18;0,054;;;jah
1979-08-19;0,056;;;jah
1979-08-20;0,057;;;jah
1979-08-21;0,059;;;jah
1979-08-22;0,06;;;jah
1979-08-23;0,062;;;jah
1979-08-24;0,064;;;jah
1979-08-25;0,065;;;jah
1979-08-26;0,067;;;jah
1979-08-27;0,068;;;jah
1979-08-28;0,07;;;jah
1979-08-29;0,069;;;jah
1979-08-30;0,069;;;jah
1979-08-31;0,068;;;jah
1979-09-01;0,067;;;jah
1979-09-02;0,066;;;jah
1979-09-03;0,066;;;jah
1979-09-04;0,065;;;jah
1979-09-05;0,064;;;jah
1979-09-06;0,064;;;jah
1979-09-07;0,063;;;jah
1979-09-08;0,062;;;jah
1979-09-09;0,062;;;jah
1979-09-10;0,061;;;jah
1979-09-11;0,06;;;jah
1979-09-12;0,06;;;jah
1979-09-13;0,059;;;jah
1979-09-14;0,058;;;jah
1979-09-15;0,057;;;jah
1979-09-16;0,057;;;jah
1979-09-17;0,056;;;jah
1979-09-18;0,058;;;jah
1979-09-19;0,061;;;jah
1979-09-20;0,063;;;jah
1979-09-21;0,066;;;jah
1979-09-22;0,068;;;jah
1979-09-23;0,071;;;jah
1979-09-24;0,073;;;jah
1979-09-25;0,076;;;jah
1979-09-26;0,078;;;jah
1979-09-27;0,076;;;jah
1979-09-28;0,075;;;jah
1979-09-29;0,074;;;jah
1979-09-30;0,072;;;jah
1979-10-01;0,07;;;jah
1979-10-02;0,069;;;jah
1979-10-03;0,068;;;jah
1979-10-04;0,066;;;jah
1979-10-05;0,064;;;jah
1979-10-06;0,063;;;jah
1979-10-07;0,063;;;jah
1979-10-08;0,062;;;jah
1979-10-09;0,062;;;jah
1979-10-10;0,062;;;jah
1979-10-11;0,062;;;jah
1979-10-12;0,061;;;jah
1979-10-13;0,061;;;jah
1979-10-14;0,061;;;jah
1979-10-15;0,06;;;jah
1979-10-16;0,06;;;jah
1979-10-17;0,06;;;jah
1979-10-18;0,06;;;jah
1979-10-19;0,06;;;jah
1979-10-20;0,06;;;jah
1979-10-21;0,06;;;jah
1979-10-22;0,061;;;jah
1979-10-23;0,061;;;jah
1979-10-24;0,061;;;jah
1979-10-25;0,061;;;jah
1979-10-26;0,061;;;jah
1979-10-27;0,061;;;jah
1979-10-28;0,062;;;jah
1979-10-29;0,062;;;jah
1979-10-30;0,062;;;jah
1979-10-31;0,062;;;jah
1979-11-01;0,063;;;jah
1979-11-02;0,063;;;jah
1979-11-03;0,063;;;jah
1979-11-04;0,063;;;jah
1979-11-05;0,064;;;jah
1979-11-06;0,064;;;jah
1979-11-07;0,064;;;jah
1979-11-08;0,09;;;jah
1979-11-09;0,16;;;jah
1979-11-10;0,2;;;jah
1979-11-11;0,2;;;jah
1979-11-12;0,25;;;jah
1979-11-13;0,31;;;jah
1979-11-14;0,35;;;jah
1979-11-15;0,43;;;jah
1979-11-16;0,47;;;jah
1979-11-17;1,03;;;jah
1979-11-18;0,92;;;jah
1979-11-19;0,8;;;jah
1979-11-20;0,52;;;jah
1979-11-21;0,47;;;jah
1979-11-22;0,42;;;jah
1979-11-23;0,39;;;jah
1979-11-24;0,37;;;jah
1979-11-25;0,43;;;jah
1979-11-26;0,82;;;jah
1979-11-27;4,5;;;jah
1979-11-28;5,05;;;jah
1979-11-29;2,83;;;jah
1979-11-30;2,93;;;jah
1979-12-01;2,2;;;jah
1979-12-02;1,7;;;jah
1979-12-03;1,5;;;jah
1979-12-04;1,65;;;jah
1979-12-05;1,5;;;jah
1979-12-06;1,3;;;jah
1979-12-07;1,03;;;jah
1979-12-08;0,85;;;jah
1979-12-09;0,63;;;jah
1979-12-10;0,39;;;jah
1979-12-11;0,5;;;jah
1979-12-12;0,5;;;jah
1979-12-13;0,43;;;jah
1979-12-14;0,39;;;jah
1979-12-15;0,3;;;jah
1979-12-16;0,24;;;jah
1979-12-17;0,25;;;jah
1979-12-18;0,85;;;jah
1979-12-19;2,05;;;jah
1979-12-20;1,4;;;jah
1979-12-21;0,92;;;jah
1979-12-22;0,68;;;jah
1979-12-23;0,63;;;jah
1979-12-24;1,1;;;jah
1979-12-25;0,98;;;jah
1979-12-26;0,75;;;jah
1979-12-27;0,71;;;jah
1979-12-28;0,63;;;jah
1979-12-29;0,71;;;jah
1979-12-30;0,39;;;jah
1979-12-31;0,3;;;jah
1980-01-01;0,45;;;jah
1980-01-02;0,42;;;jah
1980-01-03;0,4;;;jah
1980-01-04;0,37;;;jah
1980-01-05;0,32;;;jah
1980-01-06;0,37;;;jah
1980-01-07;0,29;;;jah
1980-01-08;0,26;;;jah
1980-01-09;0,26;;;jah
1980-01-10;0,24;;;jah
1980-01-11;0,23;;;jah
1980-01-12;0,24;;;jah
1980-01-13;0,21;;;jah
1980-01-14;0,24;;;jah
1980-01-15;0,3;;;jah
1980-01-16;0,36;;;jah
1980-01-17;0,41;;;jah
1980-01-18;0,31;;;jah
1980-01-19;0,29;;;jah
1980-01-20;0,27;;;jah
1980-01-21;0,24;;;jah
1980-01-22;0,3;;;jah
1980-01-23;0,29;;;jah
1980-01-24;0,24;;;jah
1980-01-25;0,24;;;jah
1980-01-26;0,25;;;jah
1980-01-27;0,22;;;jah
1980-01-28;0,2;;;jah
1980-01-29;0,2;;;jah
1980-01-30;0,19;;;jah
1980-01-31;0,18;;;jah
1980-02-01;0,16;;;jah
1980-02-02;0,15;;;jah
1980-02-03;0,14;;;jah
1980-02-04;0,14;;;jah
1980-02-05;0,14;;;jah
1980-02-06;0,13;;;jah
1980-02-07;0,13;;;jah
1980-02-08;0,13;;;jah
1980-02-09;0,13;;;jah
1980-02-10;0,13;;;jah
1980-02-11;0,13;;;jah
1980-02-12;0,12;;;jah
1980-02-13;0,12;;;jah
1980-02-14;0,12;;;jah
1980-02-15;0,12;;;jah
1980-02-16;0,12;;;jah
1980-02-17;0,11;;;jah
1980-02-18;0,11;;;jah
1980-02-19;0,12;;;jah
1980-02-20;0,11;;;jah
1980-02-21;0,11;;;jah
1980-02-22;0,11;;;jah
1980-02-23;0,1;;;jah
1980-02-24;0,1;;;jah
1980-02-25;0,1;;;jah
1980-02-26;0,1;;;jah
1980-02-27;0,1;;;jah
1980-02-28;0,1;;;jah
1980-02-29;0,1;;;jah
1980-03-01;0,088;;;jah
1980-03-02;0,088;;;jah
1980-03-03;0,088;;;jah
1980-03-04;0,1;;;jah
1980-03-05;0,1;;;jah
1980-03-06;0,088;;;jah
1980-03-07;0,088;;;jah
1980-03-08;0,088;;;jah
1980-03-09;0,088;;;jah
1980-03-10;0,088;;;jah
1980-03-11;0,088;;;jah
1980-03-12;0,086;;;jah
1980-03-13;0,08;;;jah
1980-03-14;0,078;;;jah
1980-03-15;0,078;;;jah
1980-03-16;0,076;;;jah
1980-03-17;0,075;;;jah
1980-03-18;0,075;;;jah
1980-03-19;0,073;;;jah
1980-03-20;0,073;;;jah
1980-03-21;0,073;;;jah
1980-03-22;0,076;;;jah
1980-03-23;0,076;;;jah
1980-03-24;0,084;;;jah
1980-03-25;0,084;;;jah
1980-03-26;0,084;;;jah
1980-03-27;0,084;;;jah
1980-03-28;0,076;;;jah
1980-03-29;0,082;;;jah
1980-03-30;0,2;;;jah
1980-03-31;0,52;;;jah
1980-04-01;0,52;;;jah
1980-04-02;0,52;;;jah
1980-04-03;0,62;;;jah
1980-04-04;0,59;;;jah
1980-04-05;0,62;;;jah
1980-04-06;0,8;;;jah
1980-04-07;1,19;;;jah
1980-04-08;1,55;;;jah
1980-04-09;1,19;;;jah
1980-04-10;1;;;jah
1980-04-11;0,88;;;jah
1980-04-12;0,8;;;jah
1980-04-13;0,72;;;jah
1980-04-14;0,67;;;jah
1980-04-15;0,64;;;jah
1980-04-16;0,57;;;jah
1980-04-17;0,54;;;jah
1980-04-18;0,54;;;jah
1980-04-19;0,67;;;jah
1980-04-20;1,26;;;jah
1980-04-21;1,09;;;jah
1980-04-22;0,83;;;jah
1980-04-23;0,67;;;jah
1980-04-24;0,62;;;jah
1980-04-25;0,62;;;jah
1980-04-26;0,57;;;jah
1980-04-27;0,83;;;jah
1980-04-28;0,88;;;jah
1980-04-29;0,83;;;jah
1980-04-30;0,72;;;jah
1980-05-01;0,59;;;jah
1980-05-02;0,52;;;jah
1980-05-03;0,44;;;jah
1980-05-04;0,4;;;jah
1980-05-05;0,37;;;jah
1980-05-06;0,34;;;jah
1980-05-07;0,3;;;jah
1980-05-08;0,3;;;jah
1980-05-09;0,29;;;jah
1980-05-10;0,28;;;jah
1980-05-11;0,25;;;jah
1980-05-12;0,23;;;jah
1980-05-13;0,22;;;jah
1980-05-14;0,2;;;jah
1980-05-15;0,18;;;jah
1980-05-16;0,18;;;jah
1980-05-17;0,16;;;jah
1980-05-18;0,16;;;jah
1980-05-19;0,15;;;jah
1980-05-20;0,14;;;jah
1980-05-21;0,14;;;jah
1980-05-22;0,13;;;jah
1980-05-23;0,12;;;jah
1980-05-24;0,12;;;jah
1980-05-25;0,12;;;jah
1980-05-26;0,14;;;jah
1980-05-27;0,16;;;jah
1980-05-28;0,15;;;jah
1980-05-29;0,13;;;jah
1980-05-30;0,12;;;jah
1980-05-31;0,12;;;jah
1980-06-01;0,12;;;jah
1980-06-02;0,1;;;jah
1980-06-03;0,095;;;jah
1980-06-04;0,095;;;jah
1980-06-05;0,09;;;jah
1980-06-06;0,086;;;jah
1980-06-07;0,086;;;jah
1980-06-08;0,086;;;jah
1980-06-09;0,086;;;jah
1980-06-10;0,086;;;jah
1980-06-11;0,086;;;jah
1980-06-12;0,077;;;jah
1980-06-13;0,076;;;jah
1980-06-14;0,076;;;jah
1980-06-15;0,076;;;jah
1980-06-16;0,074;;;jah
1980-06-17;0,074;;;jah
1980-06-18;0,072;;;jah
1980-06-19;0,072;;;jah
1980-06-20;0,08;;;jah
1980-06-21;0,082;;;jah
1980-06-22;0,076;;;jah
1980-06-23;0,08;;;jah
1980-06-24;0,081;;;jah
1980-06-25;0,17;;;jah
1980-06-26;0,22;;;jah
1980-06-27;0,16;;;jah
1980-06-28;0,12;;;jah
1980-06-29;0,11;;;jah
1980-06-30;0,092;;;jah
1980-07-01;0,088;;;jah
1980-07-02;0,082;;;jah
1980-07-03;0,079;;;jah
1980-07-04;0,076;;;jah
1980-07-05;0,076;;;jah
1980-07-06;0,074;;;jah
1980-07-07;0,074;;;jah
1980-07-08;0,083;;;jah
1980-07-09;0,12;;;jah
1980-07-10;0,1;;;jah
1980-07-11;0,1;;;jah
1980-07-12;0,093;;;jah
1980-07-13;0,074;;;jah
1980-07-14;0,072;;;jah
1980-07-15;0,069;;;jah
1980-07-16;0,07;;;jah
1980-07-17;0,1;;;jah
1980-07-18;0,18;;;jah
1980-07-19;0,16;;;jah
1980-07-20;0,11;;;jah
1980-07-21;0,086;;;jah
1980-07-22;0,077;;;jah
1980-07-23;0,064;;;jah
1980-07-24;0,059;;;jah
1980-07-25;0,053;;;jah
1980-07-26;0,048;;;jah
1980-07-27;0,048;;;jah
1980-07-28;0,044;;;jah
1980-07-29;0,04;;;jah
1980-07-30;0,04;;;jah
1980-07-31;0,037;;;jah
1980-08-01;0,034;;;jah
1980-08-02;0,034;;;jah
1980-08-03;0,034;;;jah
1980-08-04;0,036;;;jah
1980-08-05;0,036;;;jah
1980-08-06;0,037;;;jah
1980-08-07;0,044;;;jah
1980-08-08;0,053;;;jah
1980-08-09;0,064;;;jah
1980-08-10;0,07;;;jah
1980-08-11;0,064;;;jah
1980-08-12;0,053;;;jah
1980-08-13;0,051;;;jah
1980-08-14;0,051;;;jah
1980-08-15;0,048;;;jah
1980-08-16;0,043;;;jah
1980-08-17;0,041;;;jah
1980-08-18;0,041;;;jah
1980-08-19;0,038;;;jah
1980-08-20;0,038;;;jah
1980-08-21;0,048;;;jah
1980-08-22;0,053;;;jah
1980-08-23;0,053;;;jah
1980-08-24;0,053;;;jah
1980-08-25;0,05;;;jah
1980-08-26;0,058;;;jah
1980-08-27;0,058;;;jah
1980-08-28;0,053;;;jah
1980-08-29;0,058;;;jah
1980-08-30;0,075;;;jah
1980-08-31;0,062;;;jah
1980-09-01;0,062;;;jah
1980-09-02;0,057;;;jah
1980-09-03;0,055;;;jah
1980-09-04;0,057;;;jah
1980-09-05;0,057;;;jah
1980-09-06;0,059;;;jah
1980-09-07;0,055;;;jah
1980-09-08;0,056;;;jah
1980-09-09;0,05;;;jah
1980-09-10;0,048;;;jah
1980-09-11;0,048;;;jah
1980-09-12;0,045;;;jah
1980-09-13;0,048;;;jah
1980-09-14;0,049;;;jah
1980-09-15;0,058;;;jah
1980-09-16;0,078;;;jah
1980-09-17;0,078;;;jah
1980-09-18;0,072;;;jah
1980-09-19;0,066;;;jah
1980-09-20;0,063;;;jah
1980-09-21;0,06;;;jah
1980-09-22;0,06;;;jah
1980-09-23;0,06;;;jah
1980-09-24;0,06;;;jah
1980-09-25;0,054;;;jah
1980-09-26;0,051;;;jah
1980-09-27;0,051;;;jah
1980-09-28;0,051;;;jah
1980-09-29;0,053;;;jah
1980-09-30;0,054;;;jah
1980-10-01;0,062;;;jah
1980-10-02;0,067;;;jah
1980-10-03;0,086;;;jah
1980-10-04;0,1;;;jah
1980-10-05;0,1;;;jah
1980-10-06;0,14;;;jah
1980-10-07;0,31;;;jah
1980-10-08;0,5;;;jah
1980-10-09;0,72;;;jah
1980-10-10;0,64;;;jah
1980-10-11;0,58;;;jah
1980-10-12;1,47;;;jah
1980-10-13;1,46;;;jah
1980-10-14;1,03;;;jah
1980-10-15;1;;;jah
1980-10-16;1,26;;;jah
1980-10-17;1,22;;;jah
1980-10-18;0,96;;;jah
1980-10-19;0,79;;;jah
1980-10-20;0,62;;;jah
1980-10-21;0,79;;;jah
1980-10-22;0,93;;;jah
1980-10-23;0,75;;;jah
1980-10-24;0,7;;;jah
1980-10-25;1,23;;;jah
1980-10-26;1,78;;;jah
1980-10-27;1,58;;;jah
1980-10-28;1,53;;;jah
1980-10-29;1,99;;;jah
1980-10-30;4,27;;;jah
1980-10-31;2,75;;;jah
1980-11-01;1,64;;;jah
1980-11-02;1,15;;;jah
1980-11-03;0,9;;;jah
1980-11-04;0,77;;;jah
1980-11-05;0,71;;;jah
1980-11-06;0,65;;;jah
1980-11-07;0,61;;;jah
1980-11-08;0,58;;;jah
1980-11-09;0,65;;;jah
1980-11-10;0,73;;;jah
1980-11-11;0,6;;;jah
1980-11-12;0,54;;;jah
1980-11-13;0,59;;;jah
1980-11-14;1,03;;;jah
1980-11-15;1,96;;;jah
1980-11-16;1,96;;;jah
1980-11-17;2,86;;;jah
1980-11-18;3,28;;;jah
1980-11-19;3,96;;;jah
1980-11-20;2,39;;;jah
1980-11-21;1,86;;;jah
1980-11-22;2,22;;;jah
1980-11-23;2,26;;;jah
1980-11-24;1,79;;;jah
1980-11-25;1,41;;;jah
1980-11-26;1,13;;;jah
1980-11-27;0,84;;;jah
1980-11-28;0,75;;;jah
1980-11-29;0,77;;;jah
1980-11-30;0,75;;;jah
1980-12-01;0,59;;;jah
1980-12-02;0,92;;;jah
1980-12-03;2,29;;;jah
1980-12-04;1,72;;;jah
1980-12-05;1,45;;;jah
1980-12-06;1,38;;;jah
1980-12-07;1,27;;;jah
1980-12-08;1,2;;;jah
1980-12-09;0,76;;;jah
1980-12-10;1,49;;;jah
1980-12-11;1,29;;;jah
1980-12-12;1,06;;;jah
1980-12-13;1,17;;;jah
1980-12-14;5,48;;;jah
1980-12-15;4,4;;;jah
1980-12-16;3,38;;;jah
1980-12-17;2,25;;;jah
1980-12-18;1,48;;;jah
1980-12-19;1,06;;;jah
1980-12-20;0,92;;;jah
1980-12-21;0,87;;;jah
1980-12-22;0,87;;;jah
1980-12-23;1,05;;;jah
1980-12-24;1,8;;;jah
1980-12-25;2,13;;;jah
1980-12-26;1,78;;;jah
1980-12-27;1,75;;;jah
1980-12-28;1,4;;;jah
1980-12-29;2,07;;;jah
1980-12-30;1,77;;;jah
1980-12-31;2,1;;;jah
1981-01-01;2,9;;;jah
1981-01-02;2,29;;;jah
1981-01-03;1,62;;;jah
1981-01-04;1,29;;;jah
1981-01-05;0,9;;;jah
1981-01-06;0,82;;;jah
1981-01-07;0,76;;;jah
1981-01-08;0,64;;;jah
1981-01-09;0,57;;;jah
1981-01-10;1,89;;;jah
1981-01-11;1,23;;;jah
1981-01-12;0,84;;;jah
1981-01-13;0,7;;;jah
1981-01-14;0,62;;;jah
1981-01-15;0,6;;;jah
1981-01-16;0,57;;;jah
1981-01-17;0,55;;;jah
1981-01-18;0,55;;;jah
1981-01-19;0,52;;;jah
1981-01-20;0,47;;;jah
1981-01-21;0,43;;;jah
1981-01-22;0,4;;;jah
1981-01-23;0,35;;;jah
1981-01-24;0,35;;;jah
1981-01-25;0,63;;;jah
1981-01-26;0,86;;;jah
1981-01-27;1,04;;;jah
1981-01-28;0,68;;;jah
1981-01-29;0,65;;;jah
1981-01-30;0,94;;;jah
1981-01-31;1,24;;;jah
1981-02-01;1,37;;;jah
1981-02-02;1,32;;;jah
1981-02-03;1,92;;;jah
1981-02-04;1,73;;;jah
1981-02-05;1,47;;;jah
1981-02-06;1,23;;;jah
1981-02-07;1,12;;;jah
1981-02-08;1,12;;;jah
1981-02-09;1,24;;;jah
1981-02-10;1,12;;;jah
1981-02-11;0,91;;;jah
1981-02-12;0,76;;;jah
1981-02-13;0,72;;;jah
1981-02-14;0,67;;;jah
1981-02-15;0,52;;;jah
1981-02-16;0,51;;;jah
1981-02-17;0,44;;;jah
1981-02-18;0,39;;;jah
1981-02-19;0,37;;;jah
1981-02-20;0,37;;;jah
1981-02-21;0,35;;;jah
1981-02-22;0,34;;;jah
1981-02-23;0,34;;;jah
1981-02-24;0,32;;;jah
1981-02-25;0,31;;;jah
1981-02-26;0,29;;;jah
1981-02-27;0,3;;;jah
1981-02-28;0,27;;;jah
1981-03-01;0,25;;;jah
1981-03-02;0,23;;;jah
1981-03-03;0,18;;;jah
1981-03-04;0,17;;;jah
1981-03-05;0,16;;;jah
1981-03-06;0,14;;;jah
1981-03-07;0,15;;;jah
1981-03-08;0,18;;;jah
1981-03-09;0,18;;;jah
1981-03-10;0,38;;;jah
1981-03-11;0,37;;;jah
1981-03-12;0,3;;;jah
1981-03-13;0,25;;;jah
1981-03-14;0,22;;;jah
1981-03-15;0,22;;;jah
1981-03-16;0,27;;;jah
1981-03-17;0,24;;;jah
1981-03-18;0,23;;;jah
1981-03-19;0,23;;;jah
1981-03-20;0,25;;;jah
1981-03-21;0,26;;;jah
1981-03-22;0,96;;;jah
1981-03-23;1,79;;;jah
1981-03-24;1,79;;;jah
1981-03-25;3;;;jah
1981-03-26;2,22;;;jah
1981-03-27;1,54;;;jah
1981-03-28;1,16;;;jah
1981-03-29;0,85;;;jah
1981-03-30;0,75;;;jah
1981-03-31;0,76;;;jah
1981-04-01;0,95;;;jah
1981-04-02;1,16;;;jah
1981-04-03;1,2;;;jah
1981-04-04;1,3;;;jah
1981-04-05;1,16;;;jah
1981-04-06;1,16;;;jah
1981-04-07;1,12;;;jah
1981-04-08;1,05;;;jah
1981-04-09;0,96;;;jah
1981-04-10;0,9;;;jah
1981-04-11;0,86;;;jah
1981-04-12;0,78;;;jah
1981-04-13;0,76;;;jah
1981-04-14;0,75;;;jah
1981-04-15;0,74;;;jah
1981-04-16;0,62;;;jah
1981-04-17;0,56;;;jah
1981-04-18;0,51;;;jah
1981-04-19;0,47;;;jah
1981-04-20;0,43;;;jah
1981-04-21;0,43;;;jah
1981-04-22;0,39;;;jah
1981-04-23;0,36;;;jah
1981-04-24;0,33;;;jah
1981-04-25;0,33;;;jah
1981-04-26;0,32;;;jah
1981-04-27;0,3;;;jah
1981-04-28;0,38;;;jah
1981-04-29;0,48;;;jah
1981-04-30;0,41;;;jah
1981-05-01;0,45;;;jah
1981-05-02;0,45;;;jah
1981-05-03;0,42;;;jah
1981-05-04;0,39;;;jah
1981-05-05;0,37;;;jah
1981-05-06;0,41;;;jah
1981-05-07;0,5;;;jah
1981-05-08;0,44;;;jah
1981-05-09;0,4;;;jah
1981-05-10;0,37;;;jah
1981-05-11;0,34;;;jah
1981-05-12;0,31;;;jah
1981-05-13;0,28;;;jah
1981-05-14;0,26;;;jah
1981-05-15;0,26;;;jah
1981-05-16;0,24;;;jah
1981-05-17;0,23;;;jah
1981-05-18;0,22;;;jah
1981-05-19;0,21;;;jah
1981-05-20;0,19;;;jah
1981-05-21;0,19;;;jah
1981-05-22;0,19;;;jah
1981-05-23;0,17;;;jah
1981-05-24;0,16;;;jah
1981-05-25;0,15;;;jah
1981-05-26;0,16;;;jah
1981-05-27;0,18;;;jah
1981-05-28;0,18;;;jah
1981-05-29;0,15;;;jah
1981-05-30;0,12;;;jah
1981-05-31;0,11;;;jah
1981-06-01;0,092;;;jah
1981-06-02;0,081;;;jah
1981-06-03;0,073;;;jah
1981-06-04;0,063;;;jah
1981-06-05;0,061;;;jah
1981-06-06;0,055;;;jah
1981-06-07;0,055;;;jah
1981-06-08;0,055;;;jah
1981-06-09;0,055;;;jah
1981-06-10;0,058;;;jah
1981-06-11;0,055;;;jah
1981-06-12;0,055;;;jah
1981-06-13;0,058;;;jah
1981-06-14;0,065;;;jah
1981-06-15;0,065;;;jah
1981-06-16;0,065;;;jah
1981-06-17;0,07;;;jah
1981-06-18;0,089;;;jah
1981-06-19;0,082;;;jah
1981-06-20;0,12;;;jah
1981-06-21;0,46;;;jah
1981-06-22;0,39;;;jah
1981-06-23;0,29;;;jah
1981-06-24;0,24;;;jah
1981-06-25;0,24;;;jah
1981-06-26;0,26;;;jah
1981-06-27;0,41;;;jah
1981-06-28;0,37;;;jah
1981-06-29;0,26;;;jah
1981-06-30;0,36;;;jah
1981-07-01;1,89;;;jah
1981-07-02;1,15;;;jah
1981-07-03;0,81;;;jah
1981-07-04;0,63;;;jah
1981-07-05;0,73;;;jah
1981-07-06;0,7;;;jah
1981-07-07;0,54;;;jah
1981-07-08;0,42;;;jah
1981-07-09;0,34;;;jah
1981-07-10;0,27;;;jah
1981-07-11;0,22;;;jah
1981-07-12;0,18;;;jah
1981-07-13;0,16;;;jah
1981-07-14;0,14;;;jah
1981-07-15;0,14;;;jah
1981-07-16;0,15;;;jah
1981-07-17;0,15;;;jah
1981-07-18;0,14;;;jah
1981-07-19;0,13;;;jah
1981-07-20;0,12;;;jah
1981-07-21;0,17;;;jah
1981-07-22;1,44;;;jah
1981-07-23;1,6;;;jah
1981-07-24;0,99;;;jah
1981-07-25;0,87;;;jah
1981-07-26;0,62;;;jah
1981-07-27;0,5;;;jah
1981-07-28;0,4;;;jah
1981-07-29;0,33;;;jah
1981-07-30;0,26;;;jah
1981-07-31;0,57;;;jah
1981-08-01;2,28;;;jah
1981-08-02;1,42;;;jah
1981-08-03;1;;;jah
1981-08-04;0,7;;;jah
1981-08-05;0,51;;;jah
1981-08-06;0,38;;;jah
1981-08-07;0,32;;;jah
1981-08-08;0,25;;;jah
1981-08-09;0,2;;;jah
1981-08-10;0,19;;;jah
1981-08-11;0,16;;;jah
1981-08-12;0,14;;;jah
1981-08-13;0,13;;;jah
1981-08-14;0,13;;;jah
1981-08-15;0,13;;;jah
1981-08-16;0,12;;;jah
1981-08-17;0,12;;;jah
1981-08-18;0,17;;;jah
1981-08-19;0,22;;;jah
1981-08-20;0,19;;;jah
1981-08-21;0,19;;;jah
1981-08-22;0,23;;;jah
1981-08-23;0,21;;;jah
1981-08-24;0,68;;;jah
1981-08-25;0,71;;;jah
1981-08-26;0,63;;;jah
1981-08-27;1,41;;;jah
1981-08-28;1,55;;;jah
1981-08-29;1,6;;;jah
1981-08-30;1,24;;;jah
1981-08-31;0,89;;;jah
1981-09-01;0,88;;;jah
1981-09-02;0,74;;;jah
1981-09-03;0,62;;;jah
1981-09-04;0,52;;;jah
1981-09-05;0,43;;;jah
1981-09-06;0,36;;;jah
1981-09-07;0,32;;;jah
1981-09-08;0,28;;;jah
1981-09-09;0,25;;;jah
1981-09-10;0,23;;;jah
1981-09-11;0,21;;;jah
1981-09-12;0,19;;;jah
1981-09-13;0,18;;;jah
1981-09-14;0,17;;;jah
1981-09-15;0,16;;;jah
1981-09-16;0,16;;;jah
1981-09-17;0,16;;;jah
1981-09-18;0,17;;;jah
1981-09-19;0,16;;;jah
1981-09-20;0,16;;;jah
1981-09-21;0,17;;;jah
1981-09-22;0,27;;;jah
1981-09-23;0,36;;;jah
1981-09-24;0,32;;;jah
1981-09-25;0,28;;;jah
1981-09-26;0,26;;;jah
1981-09-27;0,31;;;jah
1981-09-28;0,28;;;jah
1981-09-29;0,23;;;jah
1981-09-30;0,21;;;jah
1981-10-01;0,18;;;jah
1981-10-02;0,18;;;jah
1981-10-03;0,17;;;jah
1981-10-04;0,16;;;jah
1981-10-05;0,16;;;jah
1981-10-06;0,16;;;jah
1981-10-07;0,18;;;jah
1981-10-08;0,28;;;jah
1981-10-09;0,55;;;jah
1981-10-10;0,7;;;jah
1981-10-11;0,67;;;jah
1981-10-12;1,87;;;jah
1981-10-13;2,03;;;jah
1981-10-14;1,56;;;jah
1981-10-15;2,12;;;jah
1981-10-16;1,94;;;jah
1981-10-17;2,04;;;jah
1981-10-18;1,87;;;jah
1981-10-19;1,45;;;jah
1981-10-20;1,23;;;jah
1981-10-21;2,24;;;jah
1981-10-22;2,05;;;jah
1981-10-23;2,76;;;jah
1981-10-24;3,76;;;jah
1981-10-25;2,28;;;jah
1981-10-26;1,76;;;jah
1981-10-27;1,72;;;jah
1981-10-28;1,41;;;jah
1981-10-29;1,41;;;jah
1981-10-30;1,65;;;jah
1981-10-31;1,72;;;jah
1981-11-01;1,41;;;jah
1981-11-02;1,17;;;jah
1981-11-03;1,15;;;jah
1981-11-04;1,09;;;jah
1981-11-05;1,68;;;jah
1981-11-06;1,68;;;jah
1981-11-07;1,55;;;jah
1981-11-08;1,27;;;jah
1981-11-09;1,35;;;jah
1981-11-10;1,14;;;jah
1981-11-11;0,93;;;jah
1981-11-12;1,11;;;jah
1981-11-13;1,16;;;jah
1981-11-14;1,05;;;jah
1981-11-15;1,04;;;jah
1981-11-16;0,86;;;jah
1981-11-17;0,73;;;jah
1981-11-18;0,69;;;jah
1981-11-19;0,69;;;jah
1981-11-20;1,02;;;jah
1981-11-21;3,92;;;jah
1981-11-22;3,92;;;jah
1981-11-23;2,28;;;jah
1981-11-24;2,1;;;jah
1981-11-25;4,14;;;jah
1981-11-26;5,6;;;jah
1981-11-27;3,4;;;jah
1981-11-28;2,46;;;jah
1981-11-29;3,18;;;jah
1981-11-30;2,66;;;jah
1981-12-01;2,8;;;jah
1981-12-02;3,14;;;jah
1981-12-03;2,18;;;jah
1981-12-04;2,72;;;jah
1981-12-05;2,06;;;jah
1981-12-06;1,44;;;jah
1981-12-07;1,14;;;jah
1981-12-08;0,96;;;jah
1981-12-09;0,86;;;jah
1981-12-10;0,75;;;jah
1981-12-11;0,71;;;jah
1981-12-12;0,68;;;jah
1981-12-13;0,64;;;jah
1981-12-14;0,57;;;jah
1981-12-15;0,54;;;jah
1981-12-16;0,52;;;jah
1981-12-17;0,5;;;jah
1981-12-18;0,5;;;jah
1981-12-19;0,48;;;jah
1981-12-20;0,46;;;jah
1981-12-21;0,44;;;jah
1981-12-22;0,44;;;jah
1981-12-23;0,42;;;jah
1981-12-24;0,42;;;jah
1981-12-25;0,4;;;jah
1981-12-26;0,4;;;jah
1981-12-27;0,39;;;jah
1981-12-28;0,39;;;jah
1981-12-29;0,39;;;jah
1981-12-30;0,39;;;jah
1981-12-31;0,39;;;jah
1982-01-01;0,37;;;jah
1982-01-02;0,45;;;jah
1982-01-03;0,62;;;jah
1982-01-04;0,53;;;jah
1982-01-05;0,48;;;jah
1982-01-06;0,43;;;jah
1982-01-07;0,43;;;jah
1982-01-08;0,42;;;jah
1982-01-09;0,43;;;jah
1982-01-10;0,42;;;jah
1982-01-11;0,4;;;jah
1982-01-12;0,37;;;jah
1982-01-13;0,34;;;jah
1982-01-14;0,34;;;jah
1982-01-15;0,33;;;jah
1982-01-16;0,29;;;jah
1982-01-17;0,28;;;jah
1982-01-18;0,26;;;jah
1982-01-19;0,31;;;jah
1982-01-20;0,27;;;jah
1982-01-21;0,24;;;jah
1982-01-22;0,23;;;jah
1982-01-23;0,22;;;jah
1982-01-24;0,21;;;jah
1982-01-25;0,19;;;jah
1982-01-26;0,19;;;jah
1982-01-27;0,19;;;jah
1982-01-28;0,2;;;jah
1982-01-29;0,2;;;jah
1982-01-30;0,22;;;jah
1982-01-31;0,22;;;jah
1982-02-01;0,2;;;jah
1982-02-02;0,22;;;jah
1982-02-03;0,21;;;jah
1982-02-04;0,18;;;jah
1982-02-05;0,18;;;jah
1982-02-06;0,18;;;jah
1982-02-07;0,19;;;jah
1982-02-08;0,25;;;jah
1982-02-09;0,23;;;jah
1982-02-10;0,28;;;jah
1982-02-11;0,39;;;jah
1982-02-12;0,4;;;jah
1982-02-13;0,42;;;jah
1982-02-14;0,34;;;jah
1982-02-15;0,36;;;jah
1982-02-16;0,37;;;jah
1982-02-17;0,37;;;jah
1982-02-18;0,37;;;jah
1982-02-19;0,37;;;jah
1982-02-20;0,37;;;jah
1982-02-21;0,41;;;jah
1982-02-22;0,4;;;jah
1982-02-23;0,35;;;jah
1982-02-24;0,32;;;jah
1982-02-25;0,32;;;jah
1982-02-26;0,3;;;jah
1982-02-27;0,3;;;jah
1982-02-28;0,4;;;jah
1982-03-01;0,27;;;jah
1982-03-02;0,29;;;jah
1982-03-03;0,36;;;jah
1982-03-04;0,51;;;jah
1982-03-05;0,83;;;jah
1982-03-06;0,79;;;jah
1982-03-07;1,06;;;jah
1982-03-08;0,75;;;jah
1982-03-09;0,76;;;jah
1982-03-10;0,72;;;jah
1982-03-11;0,63;;;jah
1982-03-12;0,6;;;jah
1982-03-13;0,65;;;jah
1982-03-14;0,67;;;jah
1982-03-15;0,86;;;jah
1982-03-16;1,17;;;jah
1982-03-17;1,63;;;jah
1982-03-18;1,65;;;jah
1982-03-19;1,86;;;jah
1982-03-20;1,57;;;jah
1982-03-21;1,38;;;jah
1982-03-22;1,27;;;jah
1982-03-23;1,38;;;jah
1982-03-24;1,31;;;jah
1982-03-25;1,82;;;jah
1982-03-26;3,67;;;jah
1982-03-27;4,96;;;jah
1982-03-28;5,02;;;jah
1982-03-29;4;;;jah
1982-03-30;3,08;;;jah
1982-03-31;2,62;;;jah
1982-04-01;2,88;;;jah
1982-04-02;3,54;;;jah
1982-04-03;3,32;;;jah
1982-04-04;3,1;;;jah
1982-04-05;2,28;;;jah
1982-04-06;1,76;;;jah
1982-04-07;1,56;;;jah
1982-04-08;2,28;;;jah
1982-04-09;2,82;;;jah
1982-04-10;1,91;;;jah
1982-04-11;1,49;;;jah
1982-04-12;1,21;;;jah
1982-04-13;1,08;;;jah
1982-04-14;1,17;;;jah
1982-04-15;1,21;;;jah
1982-04-16;1,14;;;jah
1982-04-17;1,14;;;jah
1982-04-18;1,02;;;jah
1982-04-19;0,84;;;jah
1982-04-20;0,74;;;jah
1982-04-21;0,64;;;jah
1982-04-22;0,55;;;jah
1982-04-23;0,5;;;jah
1982-04-24;0,46;;;jah
1982-04-25;0,44;;;jah
1982-04-26;0,42;;;jah
1982-04-27;0,38;;;jah
1982-04-28;0,37;;;jah
1982-04-29;0,44;;;jah
1982-04-30;0,38;;;jah
1982-05-01;0,38;;;jah
1982-05-02;0,38;;;jah
1982-05-03;0,45;;;jah
1982-05-04;0,49;;;jah
1982-05-05;0,46;;;jah
1982-05-06;0,41;;;jah
1982-05-07;0,44;;;jah
1982-05-08;0,71;;;jah
1982-05-09;0,8;;;jah
1982-05-10;0,6;;;jah
1982-05-11;0,46;;;jah
1982-05-12;0,39;;;jah
1982-05-13;0,35;;;jah
1982-05-14;0,32;;;jah
1982-05-15;0,29;;;jah
1982-05-16;0,27;;;jah
1982-05-17;0,26;;;jah
1982-05-18;0,28;;;jah
1982-05-19;0,28;;;jah
1982-05-20;0,24;;;jah
1982-05-21;0,24;;;jah
1982-05-22;0,22;;;jah
1982-05-23;0,22;;;jah
1982-05-24;0,22;;;jah
1982-05-25;0,51;;;jah
1982-05-26;0,44;;;jah
1982-05-27;0,32;;;jah
1982-05-28;0,27;;;jah
1982-05-29;0,24;;;jah
1982-05-30;0,21;;;jah
1982-05-31;0,2;;;jah
1982-06-01;0,18;;;jah
1982-06-02;0,17;;;jah
1982-06-03;0,16;;;jah
1982-06-04;0,15;;;jah
1982-06-05;0,14;;;jah
1982-06-06;0,14;;;jah
1982-06-07;0,12;;;jah
1982-06-08;0,12;;;jah
1982-06-09;0,12;;;jah
1982-06-10;0,11;;;jah
1982-06-11;0,11;;;jah
1982-06-12;0,1;;;jah
1982-06-13;0,1;;;jah
1982-06-14;0,1;;;jah
1982-06-15;0,098;;;jah
1982-06-16;0,1;;;jah
1982-06-17;0,1;;;jah
1982-06-18;0,092;;;jah
1982-06-19;0,09;;;jah
1982-06-20;0,088;;;jah
1982-06-21;0,086;;;jah
1982-06-22;0,084;;;jah
1982-06-23;0,084;;;jah
1982-06-24;0,082;;;jah
1982-06-25;0,08;;;jah
1982-06-26;0,08;;;jah
1982-06-27;0,078;;;jah
1982-06-28;0,07;;;jah
1982-06-29;0,092;;;jah
1982-06-30;0,12;;;jah
1982-07-01;0,12;;;jah
1982-07-02;0,12;;;jah
1982-07-03;0,12;;;jah
1982-07-04;0,12;;;jah
1982-07-05;0,16;;;jah
1982-07-06;0,16;;;jah
1982-07-07;0,14;;;jah
1982-07-08;0,12;;;jah
1982-07-09;0,11;;;jah
1982-07-10;0,1;;;jah
1982-07-11;0,1;;;jah
1982-07-12;0,098;;;jah
1982-07-13;0,096;;;jah
1982-07-14;0,086;;;jah
1982-07-15;0,085;;;jah
1982-07-16;0,085;;;jah
1982-07-17;0,083;;;jah
1982-07-18;0,076;;;jah
1982-07-19;0,075;;;jah
1982-07-20;0,073;;;jah
1982-07-21;0,071;;;jah
1982-07-22;0,07;;;jah
1982-07-23;0,068;;;jah
1982-07-24;0,068;;;jah
1982-07-25;0,068;;;jah
1982-07-26;0,066;;;jah
1982-07-27;0,066;;;jah
1982-07-28;0,055;;;jah
1982-07-29;0,065;;;jah
1982-07-30;0,059;;;jah
1982-07-31;0,058;;;jah
1982-08-01;0,058;;;jah
1982-08-02;0,058;;;jah
1982-08-03;0,056;;;jah
1982-08-04;0,056;;;jah
1982-08-05;0,052;;;jah
1982-08-06;0,052;;;jah
1982-08-07;0,051;;;jah
1982-08-08;0,051;;;jah
1982-08-09;0,051;;;jah
1982-08-10;0,051;;;jah
1982-08-11;0,051;;;jah
1982-08-12;0,051;;;jah
1982-08-13;0,051;;;jah
1982-08-14;0,051;;;jah
1982-08-15;0,054;;;jah
1982-08-16;0,054;;;jah
1982-08-17;0,051;;;jah
1982-08-18;0,051;;;jah
1982-08-19;0,051;;;jah
1982-08-20;0,051;;;jah
1982-08-21;0,052;;;jah
1982-08-22;0,056;;;jah
1982-08-23;0,058;;;jah
1982-08-24;0,058;;;jah
1982-08-25;0,058;;;jah
1982-08-26;0,058;;;jah
1982-08-27;0,054;;;jah
1982-08-28;0,054;;;jah
1982-08-29;0,056;;;jah
1982-08-30;0,056;;;jah
1982-08-31;0,056;;;jah
1982-09-01;0,056;;;jah
1982-09-02;0,056;;;jah
1982-09-03;0,056;;;jah
1982-09-04;0,063;;;jah
1982-09-05;0,081;;;jah
1982-09-06;0,084;;;jah
1982-09-07;0,076;;;jah
1982-09-08;0,065;;;jah
1982-09-09;0,065;;;jah
1982-09-10;0,061;;;jah
1982-09-11;0,061;;;jah
1982-09-12;0,061;;;jah
1982-09-13;0,061;;;jah
1982-09-14;0,061;;;jah
1982-09-15;0,061;;;jah
1982-09-16;0,061;;;jah
1982-09-17;0,056;;;jah
1982-09-18;0,056;;;jah
1982-09-19;0,056;;;jah
1982-09-20;0,056;;;jah
1982-09-21;0,054;;;jah
1982-09-22;0,054;;;jah
1982-09-23;0,054;;;jah
1982-09-24;0,052;;;jah
1982-09-25;0,052;;;jah
1982-09-26;0,048;;;jah
1982-09-27;0,048;;;jah
1982-09-28;0,046;;;jah
1982-09-29;0,046;;;jah
1982-09-30;0,045;;;jah
1982-10-01;0,045;;;jah
1982-10-02;0,043;;;jah
1982-10-03;0,043;;;jah
1982-10-04;0,042;;;jah
1982-10-05;0,042;;;jah
1982-10-06;0,041;;;jah
1982-10-07;0,041;;;jah
1982-10-08;0,039;;;jah
1982-10-09;0,038;;;jah
1982-10-10;0,036;;;jah
1982-10-11;0,03;;;jah
1982-10-12;0,03;;;jah
1982-10-13;0,029;;;jah
1982-10-14;0,036;;;jah
1982-10-15;0,034;;;jah
1982-10-16;0,033;;;jah
1982-10-17;0,033;;;jah
1982-10-18;0,033;;;jah
1982-10-19;0,031;;;jah
1982-10-20;0,031;;;jah
1982-10-21;0,051;;;jah
1982-10-22;0,07;;;jah
1982-10-23;0,078;;;jah
1982-10-24;0,068;;;jah
1982-10-25;0,088;;;jah
1982-10-26;0,21;;;jah
1982-10-27;0,13;;;jah
1982-10-28;0,14;;;jah
1982-10-29;0,13;;;jah
1982-10-30;0,14;;;jah
1982-10-31;0,13;;;jah
1982-11-01;0,12;;;jah
1982-11-02;0,18;;;jah
1982-11-03;0,37;;;jah
1982-11-04;0,25;;;jah
1982-11-05;0,21;;;jah
1982-11-06;0,19;;;jah
1982-11-07;0,17;;;jah
1982-11-08;0,17;;;jah
1982-11-09;0,17;;;jah
1982-11-10;0,17;;;jah
1982-11-11;0,16;;;jah
1982-11-12;0,14;;;jah
1982-11-13;0,13;;;jah
1982-11-14;0,13;;;jah
1982-11-15;0,12;;;jah
1982-11-16;0,12;;;jah
1982-11-17;0,13;;;jah
1982-11-18;0,27;;;jah
1982-11-19;0,48;;;jah
1982-11-20;0,45;;;jah
1982-11-21;0,43;;;jah
1982-11-22;0,4;;;jah
1982-11-23;0,59;;;jah
1982-11-24;0,53;;;jah
1982-11-25;0,55;;;jah
1982-11-26;0,49;;;jah
1982-11-27;0,42;;;jah
1982-11-28;0,4;;;jah
1982-11-29;0,4;;;jah
1982-11-30;0,37;;;jah
1982-12-01;0,32;;;jah
1982-12-02;0,3;;;jah
1982-12-03;0,29;;;jah
1982-12-04;0,27;;;jah
1982-12-05;0,26;;;jah
1982-12-06;0,26;;;jah
1982-12-07;0,31;;;jah
1982-12-08;0,27;;;jah
1982-12-09;0,25;;;jah
1982-12-10;0,24;;;jah
1982-12-11;0,52;;;jah
1982-12-12;0,73;;;jah
1982-12-13;0,49;;;jah
1982-12-14;0,33;;;jah
1982-12-15;0,27;;;jah
1982-12-16;0,38;;;jah
1982-12-17;0,88;;;jah
1982-12-18;0,71;;;jah
1982-12-19;0,49;;;jah
1982-12-20;0,44;;;jah
1982-12-21;0,68;;;jah
1982-12-22;1,58;;;jah
1982-12-23;2,42;;;jah
1982-12-24;1,88;;;jah
1982-12-25;1,37;;;jah
1982-12-26;1,31;;;jah
1982-12-27;2,01;;;jah
1982-12-28;1,56;;;jah
1982-12-29;1,36;;;jah
1982-12-30;0,99;;;jah
1982-12-31;0,77;;;jah
1983-01-01;0,82;;;jah
1983-01-02;0,92;;;jah
1983-01-03;1,02;;;jah
1983-01-04;0,83;;;jah
1983-01-05;0,92;;;jah
1983-01-06;1,08;;;jah
1983-01-07;1,01;;;jah
1983-01-08;0,84;;;jah
1983-01-09;0,75;;;jah
1983-01-10;0,84;;;jah
1983-01-11;0,73;;;jah
1983-01-12;0,66;;;jah
1983-01-13;0,66;;;jah
1983-01-14;1,01;;;jah
1983-01-15;1,22;;;jah
1983-01-16;0,82;;;jah
1983-01-17;0,65;;;jah
1983-01-18;0,57;;;jah
1983-01-19;0,65;;;jah
1983-01-20;0,6;;;jah
1983-01-21;0,74;;;jah
1983-01-22;1,11;;;jah
1983-01-23;0,83;;;jah
1983-01-24;0,69;;;jah
1983-01-25;0,71;;;jah
1983-01-26;1,75;;;jah
1983-01-27;1,74;;;jah
1983-01-28;2,28;;;jah
1983-01-29;1,92;;;jah
1983-01-30;1,77;;;jah
1983-01-31;1,4;;;jah
1983-02-01;0,89;;;jah
1983-02-02;0,74;;;jah
1983-02-03;0,83;;;jah
1983-02-04;0,64;;;jah
1983-02-05;0,66;;;jah
1983-02-06;0,53;;;jah
1983-02-07;0,44;;;jah
1983-02-08;0,38;;;jah
1983-02-09;0,35;;;jah
1983-02-10;0,32;;;jah
1983-02-11;0,29;;;jah
1983-02-12;0,28;;;jah
1983-02-13;0,25;;;jah
1983-02-14;0,24;;;jah
1983-02-15;0,24;;;jah
1983-02-16;0,23;;;jah
1983-02-17;0,21;;;jah
1983-02-18;0,21;;;jah
1983-02-19;0,21;;;jah
1983-02-20;0,21;;;jah
1983-02-21;0,24;;;jah
1983-02-22;0,23;;;jah
1983-02-23;0,2;;;jah
1983-02-24;0,19;;;jah
1983-02-25;0,2;;;jah
1983-02-26;0,19;;;jah
1983-02-27;0,18;;;jah
1983-02-28;0,2;;;jah
1983-03-01;0,17;;;jah
1983-03-02;0,16;;;jah
1983-03-03;0,15;;;jah
1983-03-04;0,15;;;jah
1983-03-05;0,15;;;jah
1983-03-06;0,15;;;jah
1983-03-07;0,15;;;jah
1983-03-08;0,16;;;jah
1983-03-09;0,15;;;jah
1983-03-10;0,14;;;jah
1983-03-11;0,19;;;jah
1983-03-12;0,14;;;jah
1983-03-13;0,14;;;jah
1983-03-14;0,15;;;jah
1983-03-15;0,15;;;jah
1983-03-16;0,27;;;jah
1983-03-17;0,38;;;jah
1983-03-18;0,49;;;jah
1983-03-19;0,78;;;jah
1983-03-20;0,98;;;jah
1983-03-21;1,09;;;jah
1983-03-22;0,74;;;jah
1983-03-23;0,69;;;jah
1983-03-24;0,63;;;jah
1983-03-25;0,71;;;jah
1983-03-26;1,09;;;jah
1983-03-27;1,36;;;jah
1983-03-28;1,23;;;jah
1983-03-29;1,09;;;jah
1983-03-30;1,14;;;jah
1983-03-31;1,42;;;jah
1983-04-01;1,64;;;jah
1983-04-02;2,64;;;jah
1983-04-03;3,86;;;jah
1983-04-04;4,76;;;jah
1983-04-05;3,68;;;jah
1983-04-06;2,76;;;jah
1983-04-07;1,94;;;jah
1983-04-08;1,57;;;jah
1983-04-09;1,25;;;jah
1983-04-10;1,19;;;jah
1983-04-11;1,03;;;jah
1983-04-12;0,86;;;jah
1983-04-13;0,76;;;jah
1983-04-14;0,71;;;jah
1983-04-15;0,68;;;jah
1983-04-16;0,76;;;jah
1983-04-17;0,66;;;jah
1983-04-18;0,62;;;jah
1983-04-19;0,52;;;jah
1983-04-20;0,48;;;jah
1983-04-21;0,46;;;jah
1983-04-22;0,44;;;jah
1983-04-23;0,4;;;jah
1983-04-24;0,37;;;jah
1983-04-25;0,36;;;jah
1983-04-26;0,34;;;jah
1983-04-27;0,31;;;jah
1983-04-28;0,31;;;jah
1983-04-29;0,29;;;jah
1983-04-30;0,29;;;jah
1983-05-01;0,31;;;jah
1983-05-02;0,3;;;jah
1983-05-03;0,29;;;jah
1983-05-04;0,28;;;jah
1983-05-05;0,27;;;jah
1983-05-06;0,25;;;jah
1983-05-07;0,25;;;jah
1983-05-08;0,24;;;jah
1983-05-09;0,22;;;jah
1983-05-10;0,21;;;jah
1983-05-11;0,3;;;jah
1983-05-12;0,29;;;jah
1983-05-13;0,26;;;jah
1983-05-14;0,24;;;jah
1983-05-15;0,24;;;jah
1983-05-16;0,21;;;jah
1983-05-17;0,18;;;jah
1983-05-18;0,16;;;jah
1983-05-19;0,15;;;jah
1983-05-20;0,18;;;jah
1983-05-21;0,21;;;jah
1983-05-22;0,16;;;jah
1983-05-23;0,14;;;jah
1983-05-24;0,11;;;jah
1983-05-25;0,099;;;jah
1983-05-26;0,09;;;jah
1983-05-27;0,081;;;jah
1983-05-28;0,1;;;jah
1983-05-29;0,092;;;jah
1983-05-30;0,088;;;jah
1983-05-31;0,088;;;jah
1983-06-01;0,079;;;jah
1983-06-02;0,079;;;jah
1983-06-03;0,079;;;jah
1983-06-04;0,088;;;jah
1983-06-05;0,088;;;jah
1983-06-06;0,088;;;jah
1983-06-07;0,079;;;jah
1983-06-08;0,079;;;jah
1983-06-09;0,073;;;jah
1983-06-10;0,084;;;jah
1983-06-11;0,11;;;jah
1983-06-12;0,11;;;jah
1983-06-13;0,08;;;jah
1983-06-14;0,076;;;jah
1983-06-15;0,068;;;jah
1983-06-16;0,076;;;jah
1983-06-17;0,084;;;jah
1983-06-18;0,1;;;jah
1983-06-19;0,084;;;jah
1983-06-20;0,065;;;jah
1983-06-21;0,065;;;jah
1983-06-22;0,065;;;jah
1983-06-23;0,065;;;jah
1983-06-24;0,061;;;jah
1983-06-25;0,068;;;jah
1983-06-26;0,068;;;jah
1983-06-27;0,063;;;jah
1983-06-28;0,06;;;jah
1983-06-29;0,056;;;jah
1983-06-30;0,053;;;jah
1983-07-01;0,051;;;jah
1983-07-02;0,054;;;jah
1983-07-03;0,062;;;jah
1983-07-04;0,057;;;jah
1983-07-05;0,05;;;jah
1983-07-06;0,048;;;jah
1983-07-07;0,041;;;jah
1983-07-08;0,041;;;jah
1983-07-09;0,041;;;jah
1983-07-10;0,041;;;jah
1983-07-11;0,041;;;jah
1983-07-12;0,041;;;jah
1983-07-13;0,041;;;jah
1983-07-14;0,041;;;jah
1983-07-15;0,038;;;jah
1983-07-16;0,038;;;jah
1983-07-17;0,036;;;jah
1983-07-18;0,036;;;jah
1983-07-19;0,036;;;jah
1983-07-20;0,036;;;jah
1983-07-21;0,038;;;jah
1983-07-22;0,041;;;jah
1983-07-23;0,041;;;jah
1983-07-24;0,038;;;jah
1983-07-25;0,036;;;jah
1983-07-26;0,036;;;jah
1983-07-27;0,036;;;jah
1983-07-28;0,034;;;jah
1983-07-29;0,034;;;jah
1983-07-30;0,041;;;jah
1983-07-31;0,038;;;jah
1983-08-01;0,034;;;jah
1983-08-02;0,031;;;jah
1983-08-03;0,031;;;jah
1983-08-04;0,029;;;jah
1983-08-05;0,029;;;jah
1983-08-06;0,029;;;jah
1983-08-07;0,029;;;jah
1983-08-08;0,029;;;jah
1983-08-09;0,029;;;jah
1983-08-10;0,029;;;jah
1983-08-11;0,029;;;jah
1983-08-12;0,029;;;jah
1983-08-13;0,029;;;jah
1983-08-14;0,029;;;jah
1983-08-15;0,029;;;jah
1983-08-16;0,029;;;jah
1983-08-17;0,029;;;jah
1983-08-18;0,029;;;jah
1983-08-19;0,029;;;jah
1983-08-20;0,029;;;jah
1983-08-21;0,029;;;jah
1983-08-22;0,03;;;jah
1983-08-23;0,031;;;jah
1983-08-24;0,031;;;jah
1983-08-25;0,032;;;jah
1983-08-26;0,032;;;jah
1983-08-27;0,032;;;jah
1983-08-28;0,032;;;jah
1983-08-29;0,032;;;jah
1983-08-30;0,032;;;jah
1983-08-31;0,03;;;jah
1983-09-01;0,03;;;jah
1983-09-02;0,03;;;jah
1983-09-03;0,03;;;jah
1983-09-04;0,03;;;jah
1983-09-05;0,03;;;jah
1983-09-06;0,03;;;jah
1983-09-07;0,032;;;jah
1983-09-08;0,032;;;jah
1983-09-09;0,032;;;jah
1983-09-10;0,032;;;jah
1983-09-11;0,032;;;jah
1983-09-12;0,032;;;jah
1983-09-13;0,035;;;jah
1983-09-14;0,035;;;jah
1983-09-15;0,035;;;jah
1983-09-16;0,036;;;jah
1983-09-17;0,036;;;jah
1983-09-18;0,036;;;jah
1983-09-19;0,036;;;jah
1983-09-20;0,036;;;jah
1983-09-21;0,036;;;jah
1983-09-22;0,036;;;jah
1983-09-23;0,044;;;jah
1983-09-24;0,075;;;jah
1983-09-25;0,12;;;jah
1983-09-26;0,19;;;jah
1983-09-27;0,094;;;jah
1983-09-28;0,068;;;jah
1983-09-29;0,06;;;jah
1983-09-30;0,057;;;jah
1983-10-01;0,057;;;jah
1983-10-02;0,054;;;jah
1983-10-03;0,046;;;jah
1983-10-04;0,046;;;jah
1983-10-05;0,046;;;jah
1983-10-06;0,059;;;jah
1983-10-07;0,062;;;jah
1983-10-08;0,059;;;jah
1983-10-09;0,076;;;jah
1983-10-10;0,11;;;jah
1983-10-11;0,17;;;jah
1983-10-12;0,23;;;jah
1983-10-13;0,35;;;jah
1983-10-14;0,3;;;jah
1983-10-15;0,22;;;jah
1983-10-16;0,18;;;jah
1983-10-17;0,17;;;jah
1983-10-18;0,16;;;jah
1983-10-19;0,32;;;jah
1983-10-20;0,58;;;jah
1983-10-21;0,54;;;jah
1983-10-22;0,46;;;jah
1983-10-23;0,36;;;jah
1983-10-24;0,3;;;jah
1983-10-25;0,25;;;jah
1983-10-26;0,27;;;jah
1983-10-27;0,44;;;jah
1983-10-28;0,5;;;jah
1983-10-29;0,64;;;jah
1983-10-30;0,53;;;jah
1983-10-31;0,53;;;jah
1983-11-01;0,63;;;jah
1983-11-02;0,89;;;jah
1983-11-03;0,85;;;jah
1983-11-04;0,66;;;jah
1983-11-05;0,55;;;jah
1983-11-06;0,48;;;jah
1983-11-07;0,42;;;jah
1983-11-08;0,38;;;jah
1983-11-09;0,34;;;jah
1983-11-10;0,31;;;jah
1983-11-11;0,3;;;jah
1983-11-12;0,26;;;jah
1983-11-13;0,22;;;jah
1983-11-14;0,18;;;jah
1983-11-15;0,24;;;jah
1983-11-16;0,38;;;jah
1983-11-17;0,36;;;jah
1983-11-18;0,26;;;jah
1983-11-19;0,37;;;jah
1983-11-20;0,71;;;jah
1983-11-21;1,32;;;jah
1983-11-22;1,1;;;jah
1983-11-23;0,85;;;jah
1983-11-24;0,7;;;jah
1983-11-25;0,98;;;jah
1983-11-26;1,78;;;jah
1983-11-27;2,6;;;jah
1983-11-28;1,6;;;jah
1983-11-29;1,18;;;jah
1983-11-30;0,98;;;jah
1983-12-01;0,64;;;jah
1983-12-02;0,49;;;jah
1983-12-03;0,46;;;jah
1983-12-04;0,55;;;jah
1983-12-05;0,85;;;jah
1983-12-06;1,33;;;jah
1983-12-07;1,08;;;jah
1983-12-08;0,85;;;jah
1983-12-09;0,99;;;jah
1983-12-10;1,21;;;jah
1983-12-11;1,12;;;jah
1983-12-12;0,85;;;jah
1983-12-13;0,56;;;jah
1983-12-14;0,48;;;jah
1983-12-15;0,45;;;jah
1983-12-16;0,42;;;jah
1983-12-17;0,39;;;jah
1983-12-18;0,36;;;jah
1983-12-19;0,33;;;jah
1983-12-20;0,33;;;jah
1983-12-21;0,42;;;jah
1983-12-22;0,54;;;jah
1983-12-23;0,76;;;jah
1983-12-24;1,01;;;jah
1983-12-25;0,94;;;jah
1983-12-26;0,73;;;jah
1983-12-27;0,73;;;jah
1983-12-28;1,11;;;jah
1983-12-29;1,04;;;jah
1983-12-30;1,13;;;jah
1983-12-31;1,8;;;jah
1984-01-01;1,89;;;jah
1984-01-02;1,86;;;jah
1984-01-03;1,4;;;jah
1984-01-04;1,93;;;jah
1984-01-05;1,62;;;jah
1984-01-06;1,17;;;jah
1984-01-07;1,4;;;jah
1984-01-08;1,65;;;jah
1984-01-09;1,33;;;jah
1984-01-10;0,91;;;jah
1984-01-11;0,68;;;jah
1984-01-12;0,8;;;jah
1984-01-13;1,25;;;jah
1984-01-14;1,16;;;jah
1984-01-15;0,88;;;jah
1984-01-16;0,86;;;jah
1984-01-17;0,78;;;jah
1984-01-18;0,84;;;jah
1984-01-19;1,12;;;jah
1984-01-20;1,21;;;jah
1984-01-21;1,01;;;jah
1984-01-22;0,69;;;jah
1984-01-23;0,8;;;jah
1984-01-24;0,66;;;jah
1984-01-25;0,66;;;jah
1984-01-26;0,57;;;jah
1984-01-27;0,53;;;jah
1984-01-28;0,51;;;jah
1984-01-29;0,51;;;jah
1984-01-30;0,49;;;jah
1984-01-31;0,48;;;jah
1984-02-01;0,46;;;jah
1984-02-02;0,46;;;jah
1984-02-03;0,43;;;jah
1984-02-04;0,43;;;jah
1984-02-05;0,44;;;jah
1984-02-06;0,53;;;jah
1984-02-07;0,62;;;jah
1984-02-08;0,61;;;jah
1984-02-09;0,56;;;jah
1984-02-10;0,53;;;jah
1984-02-11;0,52;;;jah
1984-02-12;0,48;;;jah
1984-02-13;0,45;;;jah
1984-02-14;0,42;;;jah
1984-02-15;0,4;;;jah
1984-02-16;0,38;;;jah
1984-02-17;0,35;;;jah
1984-02-18;0,28;;;jah
1984-02-19;0,25;;;jah
1984-02-20;0,25;;;jah
1984-02-21;0,24;;;jah
1984-02-22;0,24;;;jah
1984-02-23;0,23;;;jah
1984-02-24;0,22;;;jah
1984-02-25;0,2;;;jah
1984-02-26;0,19;;;jah
1984-02-27;0,18;;;jah
1984-02-28;0,18;;;jah
1984-02-29;0,18;;;jah
1984-03-01;0,19;;;jah
1984-03-02;0,21;;;jah
1984-03-03;0,23;;;jah
1984-03-04;0,2;;;jah
1984-03-05;0,18;;;jah
1984-03-06;0,18;;;jah
1984-03-07;0,18;;;jah
1984-03-08;0,19;;;jah
1984-03-09;0,19;;;jah
1984-03-10;0,18;;;jah
1984-03-11;0,18;;;jah
1984-03-12;0,18;;;jah
1984-03-13;0,18;;;jah
1984-03-14;0,18;;;jah
1984-03-15;0,18;;;jah
1984-03-16;0,15;;;jah
1984-03-17;0,16;;;jah
1984-03-18;0,16;;;jah
1984-03-19;0,14;;;jah
1984-03-20;0,14;;;jah
1984-03-21;0,13;;;jah
1984-03-22;0,14;;;jah
1984-03-23;0,16;;;jah
1984-03-24;0,13;;;jah
1984-03-25;0,13;;;jah
1984-03-26;0,12;;;jah
1984-03-27;0,12;;;jah
1984-03-28;0,13;;;jah
1984-03-29;0,12;;;jah
1984-03-30;0,15;;;jah
1984-03-31;0,28;;;jah
1984-04-01;0,71;;;jah
1984-04-02;1,08;;;jah
1984-04-03;1,2;;;jah
1984-04-04;2,12;;;jah
1984-04-05;3,97;;;jah
1984-04-06;5,91;;;jah
1984-04-07;6,6;;;jah
1984-04-08;7,06;;;jah
1984-04-09;5,71;;;jah
1984-04-10;3,69;;;jah
1984-04-11;2,7;;;jah
1984-04-12;2,08;;;jah
1984-04-13;1,68;;;jah
1984-04-14;1,29;;;jah
1984-04-15;1,06;;;jah
1984-04-16;0,91;;;jah
1984-04-17;0,84;;;jah
1984-04-18;0,76;;;jah
1984-04-19;0,65;;;jah
1984-04-20;0,56;;;jah
1984-04-21;0,54;;;jah
1984-04-22;0,48;;;jah
1984-04-23;0,45;;;jah
1984-04-24;0,4;;;jah
1984-04-25;0,37;;;jah
1984-04-26;0,39;;;jah
1984-04-27;0,35;;;jah
1984-04-28;0,3;;;jah
1984-04-29;0,3;;;jah
1984-04-30;0,27;;;jah
1984-05-01;0,26;;;jah
1984-05-02;0,24;;;jah
1984-05-03;0,22;;;jah
1984-05-04;0,22;;;jah
1984-05-05;0,22;;;jah
1984-05-06;0,21;;;jah
1984-05-07;0,19;;;jah
1984-05-08;0,19;;;jah
1984-05-09;0,17;;;jah
1984-05-10;0,16;;;jah
1984-05-11;0,14;;;jah
1984-05-12;0,13;;;jah
1984-05-13;0,13;;;jah
1984-05-14;0,12;;;jah
1984-05-15;0,12;;;jah
1984-05-16;0,11;;;jah
1984-05-17;0,1;;;jah
1984-05-18;0,098;;;jah
1984-05-19;0,094;;;jah
1984-05-20;0,092;;;jah
1984-05-21;0,083;;;jah
1984-05-22;0,081;;;jah
1984-05-23;0,079;;;jah
1984-05-24;0,086;;;jah
1984-05-25;0,092;;;jah
1984-05-26;0,094;;;jah
1984-05-27;0,092;;;jah
1984-05-28;0,096;;;jah
1984-05-29;0,09;;;jah
1984-05-30;0,084;;;jah
1984-05-31;0,076;;;jah
1984-06-01;0,068;;;jah
1984-06-02;0,063;;;jah
1984-06-03;0,072;;;jah
1984-06-04;0,072;;;jah
1984-06-05;0,063;;;jah
1984-06-06;0,06;;;jah
1984-06-07;0,058;;;jah
1984-06-08;0,058;;;jah
1984-06-09;0,056;;;jah
1984-06-10;0,048;;;jah
1984-06-11;0,048;;;jah
1984-06-12;0,048;;;jah
1984-06-13;0,046;;;jah
1984-06-14;0,053;;;jah
1984-06-15;0,051;;;jah
1984-06-16;0,051;;;jah
1984-06-17;0,045;;;jah
1984-06-18;0,045;;;jah
1984-06-19;0,044;;;jah
1984-06-20;0,042;;;jah
1984-06-21;0,042;;;jah
1984-06-22;0,042;;;jah
1984-06-23;0,042;;;jah
1984-06-24;0,05;;;jah
1984-06-25;0,049;;;jah
1984-06-26;0,046;;;jah
1984-06-27;0,044;;;jah
1984-06-28;0,044;;;jah
1984-06-29;0,044;;;jah
1984-06-30;0,052;;;jah
1984-07-01;0,057;;;jah
1984-07-02;0,052;;;jah
1984-07-03;0,045;;;jah
1984-07-04;0,045;;;jah
1984-07-05;0,042;;;jah
1984-07-06;0,041;;;jah
1984-07-07;0,041;;;jah
1984-07-08;0,038;;;jah
1984-07-09;0,038;;;jah
1984-07-10;0,034;;;jah
1984-07-11;0,034;;;jah
1984-07-12;0,034;;;jah
1984-07-13;0,034;;;jah
1984-07-14;0,033;;;jah
1984-07-15;0,033;;;jah
1984-07-16;0,033;;;jah
1984-07-17;0,037;;;jah
1984-07-18;0,037;;;jah
1984-07-19;0,037;;;jah
1984-07-20;0,035;;;jah
1984-07-21;0,035;;;jah
1984-07-22;0,037;;;jah
1984-07-23;0,04;;;jah
1984-07-24;0,037;;;jah
1984-07-25;0,037;;;jah
1984-07-26;0,035;;;jah
1984-07-27;0,037;;;jah
1984-07-28;0,04;;;jah
1984-07-29;0,044;;;jah
1984-07-30;0,046;;;jah
1984-07-31;0,059;;;jah
1984-08-01;0,053;;;jah
1984-08-02;0,044;;;jah
1984-08-03;0,037;;;jah
1984-08-04;0,037;;;jah
1984-08-05;0,034;;;jah
1984-08-06;0,032;;;jah
1984-08-07;0,032;;;jah
1984-08-08;0,032;;;jah
1984-08-09;0,036;;;jah
1984-08-10;0,042;;;jah
1984-08-11;0,042;;;jah
1984-08-12;0,036;;;jah
1984-08-13;0,036;;;jah
1984-08-14;0,034;;;jah
1984-08-15;0,034;;;jah
1984-08-16;0,036;;;jah
1984-08-17;0,034;;;jah
1984-08-18;0,034;;;jah
1984-08-19;0,032;;;jah
1984-08-20;0,032;;;jah
1984-08-21;0,032;;;jah
1984-08-22;0,03;;;jah
1984-08-23;0,028;;;jah
1984-08-24;0,027;;;jah
1984-08-25;0,027;;;jah
1984-08-26;0,027;;;jah
1984-08-27;0,027;;;jah
1984-08-28;0,026;;;jah
1984-08-29;0,026;;;jah
1984-08-30;0,022;;;jah
1984-08-31;0,02;;;jah
1984-09-01;0,018;;;jah
1984-09-02;0,017;;;jah
1984-09-03;0,015;;;jah
1984-09-04;0,015;;;jah
1984-09-05;0,015;;;jah
1984-09-06;0,014;;;jah
1984-09-07;0,011;;;jah
1984-09-08;0,011;;;jah
1984-09-09;0,011;;;jah
1984-09-10;0,014;;;jah
1984-09-11;0,018;;;jah
1984-09-12;0,018;;;jah
1984-09-13;0,018;;;jah
1984-09-14;0,018;;;jah
1984-09-15;0,018;;;jah
1984-09-16;0,019;;;jah
1984-09-17;0,019;;;jah
1984-09-18;0,02;;;jah
1984-09-19;0,034;;;jah
1984-09-20;0,044;;;jah
1984-09-21;0,11;;;jah
1984-09-22;0,17;;;jah
1984-09-23;0,2;;;jah
1984-09-24;0,19;;;jah
1984-09-25;0,25;;;jah
1984-09-26;0,32;;;jah
1984-09-27;0,32;;;jah
1984-09-28;0,35;;;jah
1984-09-29;0,33;;;jah
1984-09-30;0,27;;;jah
1984-10-01;0,24;;;jah
1984-10-02;0,21;;;jah
1984-10-03;0,19;;;jah
1984-10-04;0,16;;;jah
1984-10-05;0,15;;;jah
1984-10-06;0,15;;;jah
1984-10-07;0,17;;;jah
1984-10-08;0,3;;;jah
1984-10-09;0,47;;;jah
1984-10-10;0,53;;;jah
1984-10-11;0,41;;;jah
1984-10-12;0,37;;;jah
1984-10-13;0,35;;;jah
1984-10-14;0,38;;;jah
1984-10-15;0,53;;;jah
1984-10-16;0,55;;;jah
1984-10-17;0,48;;;jah
1984-10-18;0,46;;;jah
1984-10-19;0,49;;;jah
1984-10-20;0,68;;;jah
1984-10-21;0,75;;;jah
1984-10-22;1,13;;;jah
1984-10-23;1,28;;;jah
1984-10-24;1,92;;;jah
1984-10-25;1,56;;;jah
1984-10-26;1,51;;;jah
1984-10-27;1,91;;;jah
1984-10-28;1,55;;;jah
1984-10-29;1,14;;;jah
1984-10-30;0,91;;;jah
1984-10-31;0,82;;;jah
1984-11-01;0,71;;;jah
1984-11-02;0,6;;;jah
1984-11-03;0,53;;;jah
1984-11-04;0,48;;;jah
1984-11-05;0,43;;;jah
1984-11-06;0,39;;;jah
1984-11-07;0,36;;;jah
1984-11-08;0,34;;;jah
1984-11-09;0,33;;;jah
1984-11-10;0,3;;;jah
1984-11-11;0,28;;;jah
1984-11-12;0,27;;;jah
1984-11-13;0,26;;;jah
1984-11-14;0,27;;;jah
1984-11-15;0,25;;;jah
1984-11-16;0,23;;;jah
1984-11-17;0,21;;;jah
1984-11-18;0,2;;;jah
1984-11-19;0,18;;;jah
1984-11-20;0,2;;;jah
1984-11-21;0,21;;;jah
1984-11-22;0,22;;;jah
1984-11-23;0,29;;;jah
1984-11-24;0,67;;;jah
1984-11-25;1,01;;;jah
1984-11-26;0,97;;;jah
1984-11-27;1,11;;;jah
1984-11-28;0,99;;;jah
1984-11-29;0,9;;;jah
1984-11-30;0,84;;;jah
1984-12-01;0,73;;;jah
1984-12-02;0,66;;;jah
1984-12-03;0,61;;;jah
1984-12-04;0,56;;;jah
1984-12-05;0,66;;;jah
1984-12-06;0,76;;;jah
1984-12-07;1,18;;;jah
1984-12-08;2,25;;;jah
1984-12-09;1,73;;;jah
1984-12-10;1,7;;;jah
1984-12-11;1,32;;;jah
1984-12-12;1,05;;;jah
1984-12-13;0,85;;;jah
1984-12-14;0,68;;;jah
1984-12-15;0,58;;;jah
1984-12-16;0,5;;;jah
1984-12-17;0,53;;;jah
1984-12-18;0,56;;;jah
1984-12-19;0,52;;;jah
1984-12-20;0,48;;;jah
1984-12-21;0,7;;;jah
1984-12-22;2,07;;;jah
1984-12-23;2,25;;;jah
1984-12-24;1,85;;;jah
1984-12-25;1,62;;;jah
1984-12-26;1,1;;;jah
1984-12-27;0,89;;;jah
1984-12-28;0,71;;;jah
1984-12-29;0,57;;;jah
1984-12-30;0,53;;;jah
1984-12-31;0,46;;;jah
1985-01-01;0,46;;;jah
1985-01-02;0,41;;;jah
1985-01-03;0,47;;;jah
1985-01-04;0,42;;;jah
1985-01-05;0,33;;;jah
1985-01-06;0,27;;;jah
1985-01-07;0,26;;;jah
1985-01-08;0,25;;;jah
1985-01-09;0,24;;;jah
1985-01-10;0,23;;;jah
1985-01-11;0,23;;;jah
1985-01-12;0,22;;;jah
1985-01-13;0,21;;;jah
1985-01-14;0,2;;;jah
1985-01-15;0,2;;;jah
1985-01-16;0,18;;;jah
1985-01-17;0,18;;;jah
1985-01-18;0,18;;;jah
1985-01-19;0,17;;;jah
1985-01-20;0,17;;;jah
1985-01-21;0,17;;;jah
1985-01-22;0,16;;;jah
1985-01-23;0,16;;;jah
1985-01-24;0,15;;;jah
1985-01-25;0,15;;;jah
1985-01-26;0,15;;;jah
1985-01-27;0,15;;;jah
1985-01-28;0,15;;;jah
1985-01-29;0,16;;;jah
1985-01-30;0,16;;;jah
1985-01-31;0,16;;;jah
1985-02-01;0,16;;;jah
1985-02-02;0,16;;;jah
1985-02-03;0,14;;;jah
1985-02-04;0,14;;;jah
1985-02-05;0,12;;;jah
1985-02-06;0,13;;;jah
1985-02-07;0,12;;;jah
1985-02-08;0,11;;;jah
1985-02-09;0,11;;;jah
1985-02-10;0,11;;;jah
1985-02-11;0,099;;;jah
1985-02-12;0,11;;;jah
1985-02-13;0,12;;;jah
1985-02-14;0,12;;;jah
1985-02-15;0,12;;;jah
1985-02-16;0,12;;;jah
1985-02-17;0,13;;;jah
1985-02-18;0,15;;;jah
1985-02-19;0,19;;;jah
1985-02-20;0,17;;;jah
1985-02-21;0,18;;;jah
1985-02-22;0,17;;;jah
1985-02-23;0,16;;;jah
1985-02-24;0,16;;;jah
1985-02-25;0,15;;;jah
1985-02-26;0,15;;;jah
1985-02-27;0,15;;;jah
1985-02-28;0,14;;;jah
1985-03-01;0,12;;;jah
1985-03-02;0,12;;;jah
1985-03-03;0,12;;;jah
1985-03-04;0,11;;;jah
1985-03-05;0,11;;;jah
1985-03-06;0,11;;;jah
1985-03-07;0,11;;;jah
1985-03-08;0,1;;;jah
1985-03-09;0,1;;;jah
1985-03-10;0,1;;;jah
1985-03-11;0,1;;;jah
1985-03-12;0,099;;;jah
1985-03-13;0,099;;;jah
1985-03-14;0,099;;;jah
1985-03-15;0,1;;;jah
1985-03-16;0,1;;;jah
1985-03-17;0,1;;;jah
1985-03-18;0,099;;;jah
1985-03-19;0,099;;;jah
1985-03-20;0,1;;;jah
1985-03-21;0,11;;;jah
1985-03-22;0,11;;;jah
1985-03-23;0,11;;;jah
1985-03-24;0,11;;;jah
1985-03-25;0,11;;;jah
1985-03-26;0,13;;;jah
1985-03-27;0,16;;;jah
1985-03-28;0,21;;;jah
1985-03-29;0,24;;;jah
1985-03-30;0,27;;;jah
1985-03-31;0,28;;;jah
1985-04-01;0,29;;;jah
1985-04-02;0,49;;;jah
1985-04-03;1,72;;;jah
1985-04-04;1,89;;;jah
1985-04-05;1,69;;;jah
1985-04-06;1,69;;;jah
1985-04-07;1,59;;;jah
1985-04-08;1,51;;;jah
1985-04-09;1,55;;;jah
1985-04-10;1,51;;;jah
1985-04-11;1,38;;;jah
1985-04-12;1,47;;;jah
1985-04-13;1,45;;;jah
1985-04-14;1,72;;;jah
1985-04-15;1,97;;;jah
1985-04-16;2,24;;;jah
1985-04-17;1,97;;;jah
1985-04-18;2,34;;;jah
1985-04-19;2,15;;;jah
1985-04-20;1,8;;;jah
1985-04-21;1,55;;;jah
1985-04-22;1,41;;;jah
1985-04-23;1,15;;;jah
1985-04-24;0,93;;;jah
1985-04-25;0,83;;;jah
1985-04-26;0,72;;;jah
1985-04-27;0,62;;;jah
1985-04-28;0,57;;;jah
1985-04-29;0,52;;;jah
1985-04-30;2,34;;;jah
1985-05-01;2,91;;;jah
1985-05-02;1,84;;;jah
1985-05-03;2,24;;;jah
1985-05-04;1,72;;;jah
1985-05-05;1,45;;;jah
1985-05-06;1,27;;;jah
1985-05-07;0,99;;;jah
1985-05-08;0,88;;;jah
1985-05-09;0,7;;;jah
1985-05-10;0,67;;;jah
1985-05-11;0,65;;;jah
1985-05-12;0,55;;;jah
1985-05-13;0,47;;;jah
1985-05-14;0,67;;;jah
1985-05-15;1,51;;;jah
1985-05-16;1,35;;;jah
1985-05-17;0,77;;;jah
1985-05-18;0,62;;;jah
1985-05-19;0,52;;;jah
1985-05-20;0,4;;;jah
1985-05-21;0,37;;;jah
1985-05-22;0,32;;;jah
1985-05-23;0,31;;;jah
1985-05-24;0,28;;;jah
1985-05-25;0,25;;;jah
1985-05-26;0,23;;;jah
1985-05-27;0,23;;;jah
1985-05-28;0,2;;;jah
1985-05-29;0,19;;;jah
1985-05-30;0,17;;;jah
1985-05-31;0,16;;;jah
1985-06-01;0,16;;;jah
1985-06-02;0,16;;;jah
1985-06-03;0,15;;;jah
1985-06-04;0,13;;;jah
1985-06-05;0,12;;;jah
1985-06-06;0,11;;;jah
1985-06-07;0,12;;;jah
1985-06-08;0,12;;;jah
1985-06-09;0,12;;;jah
1985-06-10;0,11;;;jah
1985-06-11;0,11;;;jah
1985-06-12;0,11;;;jah
1985-06-13;0,11;;;jah
1985-06-14;0,11;;;jah
1985-06-15;0,094;;;jah
1985-06-16;0,091;;;jah
1985-06-17;0,087;;;jah
1985-06-18;0,084;;;jah
1985-06-19;0,081;;;jah
1985-06-20;0,079;;;jah
1985-06-21;0,074;;;jah
1985-06-22;0,069;;;jah
1985-06-23;0,064;;;jah
1985-06-24;0,062;;;jah
1985-06-25;0,06;;;jah
1985-06-26;0,058;;;jah
1985-06-27;0,056;;;jah
1985-06-28;0,056;;;jah
1985-06-29;0,059;;;jah
1985-06-30;0,057;;;jah
1985-07-01;0,057;;;jah
1985-07-02;0,17;;;jah
1985-07-03;0,39;;;jah
1985-07-04;0,24;;;jah
1985-07-05;0,17;;;jah
1985-07-06;0,13;;;jah
1985-07-07;0,12;;;jah
1985-07-08;0,11;;;jah
1985-07-09;0,12;;;jah
1985-07-10;0,12;;;jah
1985-07-11;0,12;;;jah
1985-07-12;0,099;;;jah
1985-07-13;0,096;;;jah
1985-07-14;0,086;;;jah
1985-07-15;0,074;;;jah
1985-07-16;0,072;;;jah
1985-07-17;0,067;;;jah
1985-07-18;0,067;;;jah
1985-07-19;0,059;;;jah
1985-07-20;0,057;;;jah
1985-07-21;0,058;;;jah
1985-07-22;0,058;;;jah
1985-07-23;0,053;;;jah
1985-07-24;0,053;;;jah
1985-07-25;0,048;;;jah
1985-07-26;0,046;;;jah
1985-07-27;0,042;;;jah
1985-07-28;0,042;;;jah
1985-07-29;0,04;;;jah
1985-07-30;0,042;;;jah
1985-07-31;0,044;;;jah
1985-08-01;0,044;;;jah
1985-08-02;0,04;;;jah
1985-08-03;0,04;;;jah
1985-08-04;0,042;;;jah
1985-08-05;0,04;;;jah
1985-08-06;0,04;;;jah
1985-08-07;0,041;;;jah
1985-08-08;0,042;;;jah
1985-08-09;0,04;;;jah
1985-08-10;0,048;;;jah
1985-08-11;0,066;;;jah
1985-08-12;0,061;;;jah
1985-08-13;0,05;;;jah
1985-08-14;0,043;;;jah
1985-08-15;0,04;;;jah
1985-08-16;0,041;;;jah
1985-08-17;0,041;;;jah
1985-08-18;0,039;;;jah
1985-08-19;0,037;;;jah
1985-08-20;0,037;;;jah
1985-08-21;0,044;;;jah
1985-08-22;0,047;;;jah
1985-08-23;0,049;;;jah
1985-08-24;0,043;;;jah
1985-08-25;0,04;;;jah
1985-08-26;0,04;;;jah
1985-08-27;0,04;;;jah
1985-08-28;0,038;;;jah
1985-08-29;0,038;;;jah
1985-08-30;0,034;;;jah
1985-08-31;0,032;;;jah
1985-09-01;0,032;;;jah
1985-09-02;0,03;;;jah
1985-09-03;0,032;;;jah
1985-09-04;0,032;;;jah
1985-09-05;0,034;;;jah
1985-09-06;0,034;;;jah
1985-09-07;0,036;;;jah
1985-09-08;0,036;;;jah
1985-09-09;0,038;;;jah
1985-09-10;0,044;;;jah
1985-09-11;0,046;;;jah
1985-09-12;0,044;;;jah
1985-09-13;0,037;;;jah
1985-09-14;0,037;;;jah
1985-09-15;0,037;;;jah
1985-09-16;0,041;;;jah
1985-09-17;0,055;;;jah
1985-09-18;0,077;;;jah
1985-09-19;0,082;;;jah
1985-09-20;0,083;;;jah
1985-09-21;0,075;;;jah
1985-09-22;0,081;;;jah
1985-09-23;0,11;;;jah
1985-09-24;0,19;;;jah
1985-09-25;0,17;;;jah
1985-09-26;0,16;;;jah
1985-09-27;0,16;;;jah
1985-09-28;0,2;;;jah
1985-09-29;0,23;;;jah
1985-09-30;0,22;;;jah
1985-10-01;0,22;;;jah
1985-10-02;0,32;;;jah
1985-10-03;0,34;;;jah
1985-10-04;0,29;;;jah
1985-10-05;0,25;;;jah
1985-10-06;0,21;;;jah
1985-10-07;0,17;;;jah
1985-10-08;0,15;;;jah
1985-10-09;0,14;;;jah
1985-10-10;0,14;;;jah
1985-10-11;0,14;;;jah
1985-10-12;0,16;;;jah
1985-10-13;0,24;;;jah
1985-10-14;0,37;;;jah
1985-10-15;0,36;;;jah
1985-10-16;0,32;;;jah
1985-10-17;0,26;;;jah
1985-10-18;0,21;;;jah
1985-10-19;0,28;;;jah
1985-10-20;0,41;;;jah
1985-10-21;0,32;;;jah
1985-10-22;0,27;;;jah
1985-10-23;0,24;;;jah
1985-10-24;0,22;;;jah
1985-10-25;0,22;;;jah
1985-10-26;0,21;;;jah
1985-10-27;0,24;;;jah
1985-10-28;0,22;;;jah
1985-10-29;0,2;;;jah
1985-10-30;0,19;;;jah
1985-10-31;0,18;;;jah
1985-11-01;0,18;;;jah
1985-11-02;0,19;;;jah
1985-11-03;0,32;;;jah
1985-11-04;0,63;;;jah
1985-11-05;0,56;;;jah
1985-11-06;0,56;;;jah
1985-11-07;0,95;;;jah
1985-11-08;1,37;;;jah
1985-11-09;1,43;;;jah
1985-11-10;1,97;;;jah
1985-11-11;3,47;;;jah
1985-11-12;2,57;;;jah
1985-11-13;1,83;;;jah
1985-11-14;1,5;;;jah
1985-11-15;1,16;;;jah
1985-11-16;1,01;;;jah
1985-11-17;0,85;;;jah
1985-11-18;0,72;;;jah
1985-11-19;0,65;;;jah
1985-11-20;0,56;;;jah
1985-11-21;0,53;;;jah
1985-11-22;0,47;;;jah
1985-11-23;0,42;;;jah
1985-11-24;0,4;;;jah
1985-11-25;0,4;;;jah
1985-11-26;0,42;;;jah
1985-11-27;0,41;;;jah
1985-11-28;0,39;;;jah
1985-11-29;0,38;;;jah
1985-11-30;0,38;;;jah
1985-12-01;0,37;;;jah
1985-12-02;0,34;;;jah
1985-12-03;0,31;;;jah
1985-12-04;0,32;;;jah
1985-12-05;0,55;;;jah
1985-12-06;0,57;;;jah
1985-12-07;0,48;;;jah
1985-12-08;0,45;;;jah
1985-12-09;0,38;;;jah
1985-12-10;0,36;;;jah
1985-12-11;0,36;;;jah
1985-12-12;0,36;;;jah
1985-12-13;0,39;;;jah
1985-12-14;1,46;;;jah
1985-12-15;1,6;;;jah
1985-12-16;1,26;;;jah
1985-12-17;1,23;;;jah
1985-12-18;1,15;;;jah
1985-12-19;0,86;;;jah
1985-12-20;0,62;;;jah
1985-12-21;0,48;;;jah
1985-12-22;0,81;;;jah
1985-12-23;1,96;;;jah
1985-12-24;1,74;;;jah
1985-12-25;1,64;;;jah
1985-12-26;1,42;;;jah
1985-12-27;2,02;;;jah
1985-12-28;1,96;;;jah
1985-12-29;1,5;;;jah
1985-12-30;1,24;;;jah
1985-12-31;0,94;;;jah
1986-01-01;0,6;;;jah
1986-01-02;0,45;;;jah
1986-01-03;0,46;;;jah
1986-01-04;0,37;;;jah
1986-01-05;0,28;;;jah
1986-01-06;0,27;;;jah
1986-01-07;0,34;;;jah
1986-01-08;0,29;;;jah
1986-01-09;0,27;;;jah
1986-01-10;0,27;;;jah
1986-01-11;0,24;;;jah
1986-01-12;0,23;;;jah
1986-01-13;0,28;;;jah
1986-01-14;0,28;;;jah
1986-01-15;0,27;;;jah
1986-01-16;0,24;;;jah
1986-01-17;0,21;;;jah
1986-01-18;0,24;;;jah
1986-01-19;0,24;;;jah
1986-01-20;0,22;;;jah
1986-01-21;0,23;;;jah
1986-01-22;0,51;;;jah
1986-01-23;0,82;;;jah
1986-01-24;0,86;;;jah
1986-01-25;0,79;;;jah
1986-01-26;0,73;;;jah
1986-01-27;0,67;;;jah
1986-01-28;0,66;;;jah
1986-01-29;0,79;;;jah
1986-01-30;0,75;;;jah
1986-01-31;0,59;;;jah
1986-02-01;0,55;;;jah
1986-02-02;0,68;;;jah
1986-02-03;0,49;;;jah
1986-02-04;0,4;;;jah
1986-02-05;0,35;;;jah
1986-02-06;0,31;;;jah
1986-02-07;0,27;;;jah
1986-02-08;0,22;;;jah
1986-02-09;0,19;;;jah
1986-02-10;0,19;;;jah
1986-02-11;0,17;;;jah
1986-02-12;0,17;;;jah
1986-02-13;0,17;;;jah
1986-02-14;0,16;;;jah
1986-02-15;0,14;;;jah
1986-02-16;0,13;;;jah
1986-02-17;0,13;;;jah
1986-02-18;0,13;;;jah
1986-02-19;0,12;;;jah
1986-02-20;0,12;;;jah
1986-02-21;0,12;;;jah
1986-02-22;0,14;;;jah
1986-02-23;0,12;;;jah
1986-02-24;0,1;;;jah
1986-02-25;0,097;;;jah
1986-02-26;0,097;;;jah
1986-02-27;0,1;;;jah
1986-02-28;0,1;;;jah
1986-03-01;0,096;;;jah
1986-03-02;0,089;;;jah
1986-03-03;0,094;;;jah
1986-03-04;0,092;;;jah
1986-03-05;0,09;;;jah
1986-03-06;0,1;;;jah
1986-03-07;0,12;;;jah
1986-03-08;0,13;;;jah
1986-03-09;0,13;;;jah
1986-03-10;0,14;;;jah
1986-03-11;0,14;;;jah
1986-03-12;0,13;;;jah
1986-03-13;0,12;;;jah
1986-03-14;0,12;;;jah
1986-03-15;0,12;;;jah
1986-03-16;0,11;;;jah
1986-03-17;0,11;;;jah
1986-03-18;0,11;;;jah
1986-03-19;0,12;;;jah
1986-03-20;0,14;;;jah
1986-03-21;0,18;;;jah
1986-03-22;0,22;;;jah
1986-03-23;0,33;;;jah
1986-03-24;0,61;;;jah
1986-03-25;0,76;;;jah
1986-03-26;1,12;;;jah
1986-03-27;1,5;;;jah
1986-03-28;2,3;;;jah
1986-03-29;3,93;;;jah
1986-03-30;4,01;;;jah
1986-03-31;3,48;;;jah
1986-04-01;3,96;;;jah
1986-04-02;2,94;;;jah
1986-04-03;2,46;;;jah
1986-04-04;2,36;;;jah
1986-04-05;1,94;;;jah
1986-04-06;1,66;;;jah
1986-04-07;1,34;;;jah
1986-04-08;1,18;;;jah
1986-04-09;1,12;;;jah
1986-04-10;1,03;;;jah
1986-04-11;0,87;;;jah
1986-04-12;0,72;;;jah
1986-04-13;0,68;;;jah
1986-04-14;0,63;;;jah
1986-04-15;0,61;;;jah
1986-04-16;0,55;;;jah
1986-04-17;0,55;;;jah
1986-04-18;0,55;;;jah
1986-04-19;0,63;;;jah
1986-04-20;3,31;;;jah
1986-04-21;3,43;;;jah
1986-04-22;2,36;;;jah
1986-04-23;1,73;;;jah
1986-04-24;1,37;;;jah
1986-04-25;1,15;;;jah
1986-04-26;1,03;;;jah
1986-04-27;0,88;;;jah
1986-04-28;0,8;;;jah
1986-04-29;0,7;;;jah
1986-04-30;0,62;;;jah
1986-05-01;0,56;;;jah
1986-05-02;0,51;;;jah
1986-05-03;0,46;;;jah
1986-05-04;0,42;;;jah
1986-05-05;0,37;;;jah
1986-05-06;0,34;;;jah
1986-05-07;0,31;;;jah
1986-05-08;0,29;;;jah
1986-05-09;0,26;;;jah
1986-05-10;0,24;;;jah
1986-05-11;0,22;;;jah
1986-05-12;0,23;;;jah
1986-05-13;0,24;;;jah
1986-05-14;0,22;;;jah
1986-05-15;0,21;;;jah
1986-05-16;0,32;;;jah
1986-05-17;0,68;;;jah
1986-05-18;0,41;;;jah
1986-05-19;0,35;;;jah
1986-05-20;0,29;;;jah
1986-05-21;0,26;;;jah
1986-05-22;0,22;;;jah
1986-05-23;0,21;;;jah
1986-05-24;0,21;;;jah
1986-05-25;0,21;;;jah
1986-05-26;0,21;;;jah
1986-05-27;0,18;;;jah
1986-05-28;0,16;;;jah
1986-05-29;0,15;;;jah
1986-05-30;0,14;;;jah
1986-05-31;0,13;;;jah
1986-06-01;0,11;;;jah
1986-06-02;0,11;;;jah
1986-06-03;0,1;;;jah
1986-06-04;0,1;;;jah
1986-06-05;0,094;;;jah
1986-06-06;0,088;;;jah
1986-06-07;0,092;;;jah
1986-06-08;0,17;;;jah
1986-06-09;0,2;;;jah
1986-06-10;0,15;;;jah
1986-06-11;0,13;;;jah
1986-06-12;0,11;;;jah
1986-06-13;0,1;;;jah
1986-06-14;0,089;;;jah
1986-06-15;0,081;;;jah
1986-06-16;0,079;;;jah
1986-06-17;0,072;;;jah
1986-06-18;0,07;;;jah
1986-06-19;0,07;;;jah
1986-06-20;0,061;;;jah
1986-06-21;0,061;;;jah
1986-06-22;0,061;;;jah
1986-06-23;0,061;;;jah
1986-06-24;0,058;;;jah
1986-06-25;0,058;;;jah
1986-06-26;0,058;;;jah
1986-06-27;0,058;;;jah
1986-06-28;0,058;;;jah
1986-06-29;0,058;;;jah
1986-06-30;0,058;;;jah
1986-07-01;0,058;;;jah
1986-07-02;0,058;;;jah
1986-07-03;0,058;;;jah
1986-07-04;0,054;;;jah
1986-07-05;0,054;;;jah
1986-07-06;0,058;;;jah
1986-07-07;0,068;;;jah
1986-07-08;0,061;;;jah
1986-07-09;0,058;;;jah
1986-07-10;0,058;;;jah
1986-07-11;0,58;;;jah
1986-07-12;0,082;;;jah
1986-07-13;0,15;;;jah
1986-07-14;0,12;;;jah
1986-07-15;0,082;;;jah
1986-07-16;0,073;;;jah
1986-07-17;0,064;;;jah
1986-07-18;0,062;;;jah
1986-07-19;0,06;;;jah
1986-07-20;0,06;;;jah
1986-07-21;0,05;;;jah
1986-07-22;0,049;;;jah
1986-07-23;0,047;;;jah
1986-07-24;0,052;;;jah
1986-07-25;0,062;;;jah
1986-07-26;0,06;;;jah
1986-07-27;0,052;;;jah
1986-07-28;0,048;;;jah
1986-07-29;0,048;;;jah
1986-07-30;0,043;;;jah
1986-07-31;0,043;;;jah
1986-08-01;0,043;;;jah
1986-08-02;0,041;;;jah
1986-08-03;0,037;;;jah
1986-08-04;0,037;;;jah
1986-08-05;0,035;;;jah
1986-08-06;0,037;;;jah
1986-08-07;0,035;;;jah
1986-08-08;0,035;;;jah
1986-08-09;0,032;;;jah
1986-08-10;0,036;;;jah
1986-08-11;0,036;;;jah
1986-08-12;0,032;;;jah
1986-08-13;0,032;;;jah
1986-08-14;0,03;;;jah
1986-08-15;0,03;;;jah
1986-08-16;0,03;;;jah
1986-08-17;0,034;;;jah
1986-08-18;0,034;;;jah
1986-08-19;0,036;;;jah
1986-08-20;0,035;;;jah
1986-08-21;0,035;;;jah
1986-08-22;0,033;;;jah
1986-08-23;0,035;;;jah
1986-08-24;0,039;;;jah
1986-08-25;0,034;;;jah
1986-08-26;0,034;;;jah
1986-08-27;0,032;;;jah
1986-08-28;0,034;;;jah
1986-08-29;0,039;;;jah
1986-08-30;0,041;;;jah
1986-08-31;0,039;;;jah
1986-09-01;0,039;;;jah
1986-09-02;0,037;;;jah
1986-09-03;0,041;;;jah
1986-09-04;0,052;;;jah
1986-09-05;0,054;;;jah
1986-09-06;0,056;;;jah
1986-09-07;0,063;;;jah
1986-09-08;0,064;;;jah
1986-09-09;0,059;;;jah
1986-09-10;0,063;;;jah
1986-09-11;0,086;;;jah
1986-09-12;0,1;;;jah
1986-09-13;0,11;;;jah
1986-09-14;0,1;;;jah
1986-09-15;0,11;;;jah
1986-09-16;0,13;;;jah
1986-09-17;0,11;;;jah
1986-09-18;0,09;;;jah
1986-09-19;0,09;;;jah
1986-09-20;0,086;;;jah
1986-09-21;0,092;;;jah
1986-09-22;0,1;;;jah
1986-09-23;0,13;;;jah
1986-09-24;0,16;;;jah
1986-09-25;0,17;;;jah
1986-09-26;0,23;;;jah
1986-09-27;0,26;;;jah
1986-09-28;0,22;;;jah
1986-09-29;0,41;;;jah
1986-09-30;0,5;;;jah
1986-10-01;0,38;;;jah
1986-10-02;0,29;;;jah
1986-10-03;0,26;;;jah
1986-10-04;0,21;;;jah
1986-10-05;0,18;;;jah
1986-10-06;0,18;;;jah
1986-10-07;0,2;;;jah
1986-10-08;0,28;;;jah
1986-10-09;0,28;;;jah
1986-10-10;0,25;;;jah
1986-10-11;0,26;;;jah
1986-10-12;0,31;;;jah
1986-10-13;0,3;;;jah
1986-10-14;0,26;;;jah
1986-10-15;0,26;;;jah
1986-10-16;0,24;;;jah
1986-10-17;0,23;;;jah
1986-10-18;0,22;;;jah
1986-10-19;0,21;;;jah
1986-10-20;0,21;;;jah
1986-10-21;0,19;;;jah
1986-10-22;0,28;;;jah
1986-10-23;0,84;;;jah
1986-10-24;1,07;;;jah
1986-10-25;0,94;;;jah
1986-10-26;0,8;;;jah
1986-10-27;0,68;;;jah
1986-10-28;0,62;;;jah
1986-10-29;0,56;;;jah
1986-10-30;0,54;;;jah
1986-10-31;0,51;;;jah
1986-11-01;0,57;;;jah
1986-11-02;0,72;;;jah
1986-11-03;0,72;;;jah
1986-11-04;0,76;;;jah
1986-11-05;1,17;;;jah
1986-11-06;1,38;;;jah
1986-11-07;2,34;;;jah
1986-11-08;1,76;;;jah
1986-11-09;1,7;;;jah
1986-11-10;1,54;;;jah
1986-11-11;1,29;;;jah
1986-11-12;1,13;;;jah
1986-11-13;1,04;;;jah
1986-11-14;0,9;;;jah
1986-11-15;0,77;;;jah
1986-11-16;0,71;;;jah
1986-11-17;0,68;;;jah
1986-11-18;0,66;;;jah
1986-11-19;0,71;;;jah
1986-11-20;0,88;;;jah
1986-11-21;1,62;;;jah
1986-11-22;1,79;;;jah
1986-11-23;1,47;;;jah
1986-11-24;2,04;;;jah
1986-11-25;3,46;;;jah
1986-11-26;2,9;;;jah
1986-11-27;2,1;;;jah
1986-11-28;1,56;;;jah
1986-11-29;1,28;;;jah
1986-11-30;1,1;;;jah
1986-12-01;0,95;;;jah
1986-12-02;0,99;;;jah
1986-12-03;0,97;;;jah
1986-12-04;1,16;;;jah
1986-12-05;1,16;;;jah
1986-12-06;1,74;;;jah
1986-12-07;1,65;;;jah
1986-12-08;1,08;;;jah
1986-12-09;0,84;;;jah
1986-12-10;0,74;;;jah
1986-12-11;0,71;;;jah
1986-12-12;0,63;;;jah
1986-12-13;0,55;;;jah
1986-12-14;0,54;;;jah
1986-12-15;0,45;;;jah
1986-12-16;0,41;;;jah
1986-12-17;0,39;;;jah
1986-12-18;0,36;;;jah
1986-12-19;0,32;;;jah
1986-12-20;0,33;;;jah
1986-12-21;0,31;;;jah
1986-12-22;0,3;;;jah
1986-12-23;0,3;;;jah
1986-12-24;0,29;;;jah
1986-12-25;0,29;;;jah
1986-12-26;0,27;;;jah
1986-12-27;0,27;;;jah
1986-12-28;0,24;;;jah
1986-12-29;0,24;;;jah
1986-12-30;0,25;;;jah
1986-12-31;0,26;;;jah
1987-01-01;0,28;;;jah
1987-01-02;0,25;;;jah
1987-01-03;0,25;;;jah
1987-01-04;0,24;;;jah
1987-01-05;0,22;;;jah
1987-01-06;0,2;;;jah
1987-01-07;0,19;;;jah
1987-01-08;0,19;;;jah
1987-01-09;0,17;;;jah
1987-01-10;0,16;;;jah
1987-01-11;0,15;;;jah
1987-01-12;0,15;;;jah
1987-01-13;0,15;;;jah
1987-01-14;0,15;;;jah
1987-01-15;0,16;;;jah
1987-01-16;0,16;;;jah
1987-01-17;0,16;;;jah
1987-01-18;0,16;;;jah
1987-01-19;0,16;;;jah
1987-01-20;0,15;;;jah
1987-01-21;0,15;;;jah
1987-01-22;0,16;;;jah
1987-01-23;0,15;;;jah
1987-01-24;0,15;;;jah
1987-01-25;0,16;;;jah
1987-01-26;0,21;;;jah
1987-01-27;0,18;;;jah
1987-01-28;0,16;;;jah
1987-01-29;0,17;;;jah
1987-01-30;0,18;;;jah
1987-01-31;0,17;;;jah
1987-02-01;0,16;;;jah
1987-02-02;0,16;;;jah
1987-02-03;0,14;;;jah
1987-02-04;0,13;;;jah
1987-02-05;0,12;;;jah
1987-02-06;0,18;;;jah
1987-02-07;0,37;;;jah
1987-02-08;0,46;;;jah
1987-02-09;0,51;;;jah
1987-02-10;0,57;;;jah
1987-02-11;0,55;;;jah
1987-02-12;0,55;;;jah
1987-02-13;0,51;;;jah
1987-02-14;0,53;;;jah
1987-02-15;0,5;;;jah
1987-02-16;0,51;;;jah
1987-02-17;0,49;;;jah
1987-02-18;0,48;;;jah
1987-02-19;0,42;;;jah
1987-02-20;0,39;;;jah
1987-02-21;0,41;;;jah
1987-02-22;0,37;;;jah
1987-02-23;0,36;;;jah
1987-02-24;0,4;;;jah
1987-02-25;0,34;;;jah
1987-02-26;0,33;;;jah
1987-02-27;0,33;;;jah
1987-02-28;0,29;;;jah
1987-03-01;0,25;;;jah
1987-03-02;0,23;;;jah
1987-03-03;0,23;;;jah
1987-03-04;0,2;;;jah
1987-03-05;0,16;;;jah
1987-03-06;0,15;;;jah
1987-03-07;0,15;;;jah
1987-03-08;0,15;;;jah
1987-03-09;0,14;;;jah
1987-03-10;0,12;;;jah
1987-03-11;0,12;;;jah
1987-03-12;0,12;;;jah
1987-03-13;0,11;;;jah
1987-03-14;0,096;;;jah
1987-03-15;0,096;;;jah
1987-03-16;0,096;;;jah
1987-03-17;0,089;;;jah
1987-03-18;0,086;;;jah
1987-03-19;0,082;;;jah
1987-03-20;0,09;;;jah
1987-03-21;0,094;;;jah
1987-03-22;0,094;;;jah
1987-03-23;0,089;;;jah
1987-03-24;0,12;;;jah
1987-03-25;0,13;;;jah
1987-03-26;0,13;;;jah
1987-03-27;0,14;;;jah
1987-03-28;0,22;;;jah
1987-03-29;0,52;;;jah
1987-03-30;0,76;;;jah
1987-03-31;1,09;;;jah
1987-04-01;1,5;;;jah
1987-04-02;1,87;;;jah
1987-04-03;2,28;;;jah
1987-04-04;3,18;;;jah
1987-04-05;3,67;;;jah
1987-04-06;3,74;;;jah
1987-04-07;3,47;;;jah
1987-04-08;3,12;;;jah
1987-04-09;2,9;;;jah
1987-04-10;2,28;;;jah
1987-04-11;1,83;;;jah
1987-04-12;1,8;;;jah
1987-04-13;1,8;;;jah
1987-04-14;1,76;;;jah
1987-04-15;1,69;;;jah
1987-04-16;1,91;;;jah
1987-04-17;1,87;;;jah
1987-04-18;1,54;;;jah
1987-04-19;1,19;;;jah
1987-04-20;1,01;;;jah
1987-04-21;0,88;;;jah
1987-04-22;0,76;;;jah
1987-04-23;0,73;;;jah
1987-04-24;0,72;;;jah
1987-04-25;0,72;;;jah
1987-04-26;0,67;;;jah
1987-04-27;0,58;;;jah
1987-04-28;0,53;;;jah
1987-04-29;0,5;;;jah
1987-04-30;0,48;;;jah
1987-05-01;0,44;;;jah
1987-05-02;0,41;;;jah
1987-05-03;0,37;;;jah
1987-05-04;0,37;;;jah
1987-05-05;0,37;;;jah
1987-05-06;0,4;;;jah
1987-05-07;0,36;;;jah
1987-05-08;0,33;;;jah
1987-05-09;0,31;;;jah
1987-05-10;0,33;;;jah
1987-05-11;0,36;;;jah
1987-05-12;0,35;;;jah
1987-05-13;0,56;;;jah
1987-05-14;0,92;;;jah
1987-05-15;1,58;;;jah
1987-05-16;1,8;;;jah
1987-05-17;1,17;;;jah
1987-05-18;0,89;;;jah
1987-05-19;0,71;;;jah
1987-05-20;0,58;;;jah
1987-05-21;0,56;;;jah
1987-05-22;1,13;;;jah
1987-05-23;0,87;;;jah
1987-05-24;0,66;;;jah
1987-05-25;0,51;;;jah
1987-05-26;0,44;;;jah
1987-05-27;0,38;;;jah
1987-05-28;0,34;;;jah
1987-05-29;0,31;;;jah
1987-05-30;0,28;;;jah
1987-05-31;0,26;;;jah
1987-06-01;0,26;;;jah
1987-06-02;0,54;;;jah
1987-06-03;0,68;;;jah
1987-06-04;0,53;;;jah
1987-06-05;0,43;;;jah
1987-06-06;0,38;;;jah
1987-06-07;0,4;;;jah
1987-06-08;0,38;;;jah
1987-06-09;0,43;;;jah
1987-06-10;0,41;;;jah
1987-06-11;0,33;;;jah
1987-06-12;0,3;;;jah
1987-06-13;0,31;;;jah
1987-06-14;0,26;;;jah
1987-06-15;0,25;;;jah
1987-06-16;0,3;;;jah
1987-06-17;0,65;;;jah
1987-06-18;0,57;;;jah
1987-06-19;0,42;;;jah
1987-06-20;0,35;;;jah
1987-06-21;0,28;;;jah
1987-06-22;0,25;;;jah
1987-06-23;0,21;;;jah
1987-06-24;0,19;;;jah
1987-06-25;0,18;;;jah
1987-06-26;0,18;;;jah
1987-06-27;0,22;;;jah
1987-06-28;0,31;;;jah
1987-06-29;0,25;;;jah
1987-06-30;0,22;;;jah
1987-07-01;0,2;;;jah
1987-07-02;0,18;;;jah
1987-07-03;0,15;;;jah
1987-07-04;0,13;;;jah
1987-07-05;0,12;;;jah
1987-07-06;0,11;;;jah
1987-07-07;0,11;;;jah
1987-07-08;0,097;;;jah
1987-07-09;0,088;;;jah
1987-07-10;0,089;;;jah
1987-07-11;0,09;;;jah
1987-07-12;0,084;;;jah
1987-07-13;0,078;;;jah
1987-07-14;0,078;;;jah
1987-07-15;0,073;;;jah
1987-07-16;0,065;;;jah
1987-07-17;0,06;;;jah
1987-07-18;0,06;;;jah
1987-07-19;0,055;;;jah
1987-07-20;0,053;;;jah
1987-07-21;0,051;;;jah
1987-07-22;0,048;;;jah
1987-07-23;0,048;;;jah
1987-07-24;0,046;;;jah
1987-07-25;0,048;;;jah
1987-07-26;0,046;;;jah
1987-07-27;0,046;;;jah
1987-07-28;0,044;;;jah
1987-07-29;0,044;;;jah
1987-07-30;0,044;;;jah
1987-07-31;0,044;;;jah
1987-08-01;0,052;;;jah
1987-08-02;0,048;;;jah
1987-08-03;0,048;;;jah
1987-08-04;0,046;;;jah
1987-08-05;0,046;;;jah
1987-08-06;0,074;;;jah
1987-08-07;0,1;;;jah
1987-08-08;0,1;;;jah
1987-08-09;0,21;;;jah
1987-08-10;0,34;;;jah
1987-08-11;0,52;;;jah
1987-08-12;0,91;;;jah
1987-08-13;1,16;;;jah
1987-08-14;0,76;;;jah
1987-08-15;0,61;;;jah
1987-08-16;0,84;;;jah
1987-08-17;1,01;;;jah
1987-08-18;0,79;;;jah
1987-08-19;0,59;;;jah
1987-08-20;0,49;;;jah
1987-08-21;0,4;;;jah
1987-08-22;0,34;;;jah
1987-08-23;0,3;;;jah
1987-08-24;0,3;;;jah
1987-08-25;0,49;;;jah
1987-08-26;0,52;;;jah
1987-08-27;0,43;;;jah
1987-08-28;0,33;;;jah
1987-08-29;0,32;;;jah
1987-08-30;0,36;;;jah
1987-08-31;0,34;;;jah
1987-09-01;0,25;;;jah
1987-09-02;0,2;;;jah
1987-09-03;0,17;;;jah
1987-09-04;0,15;;;jah
1987-09-05;0,14;;;jah
1987-09-06;0,13;;;jah
1987-09-07;0,12;;;jah
1987-09-08;0,2;;;jah
1987-09-09;0,51;;;jah
1987-09-10;0,61;;;jah
1987-09-11;0,46;;;jah
1987-09-12;0,4;;;jah
1987-09-13;0,35;;;jah
1987-09-14;0,54;;;jah
1987-09-15;0,55;;;jah
1987-09-16;0,74;;;jah
1987-09-17;0,69;;;jah
1987-09-18;0,54;;;jah
1987-09-19;0,47;;;jah
1987-09-20;0,46;;;jah
1987-09-21;0,36;;;jah
1987-09-22;0,3;;;jah
1987-09-23;0,32;;;jah
1987-09-24;0,4;;;jah
1987-09-25;1,46;;;jah
1987-09-26;2,48;;;jah
1987-09-27;1,96;;;jah
1987-09-28;2,82;;;jah
1987-09-29;3,82;;;jah
1987-09-30;2,85;;;jah
1987-10-01;2,01;;;jah
1987-10-02;1,5;;;jah
1987-10-03;1,1;;;jah
1987-10-04;0,79;;;jah
1987-10-05;0,63;;;jah
1987-10-06;0,53;;;jah
1987-10-07;0,47;;;jah
1987-10-08;0,45;;;jah
1987-10-09;0,51;;;jah
1987-10-10;0,82;;;jah
1987-10-11;0,67;;;jah
1987-10-12;0,51;;;jah
1987-10-13;0,4;;;jah
1987-10-14;0,36;;;jah
1987-10-15;0,37;;;jah
1987-10-16;0,37;;;jah
1987-10-17;0,35;;;jah
1987-10-18;0,34;;;jah
1987-10-19;0,33;;;jah
1987-10-20;0,32;;;jah
1987-10-21;0,32;;;jah
1987-10-22;0,32;;;jah
1987-10-23;0,31;;;jah
1987-10-24;0,31;;;jah
1987-10-25;0,42;;;jah
1987-10-26;0,85;;;jah
1987-10-27;0,78;;;jah
1987-10-28;0,62;;;jah
1987-10-29;0,51;;;jah
1987-10-30;0,46;;;jah
1987-10-31;0,39;;;jah
1987-11-01;0,36;;;jah
1987-11-02;0,37;;;jah
1987-11-03;0,36;;;jah
1987-11-04;0,34;;;jah
1987-11-05;0,31;;;jah
1987-11-06;0,3;;;jah
1987-11-07;0,3;;;jah
1987-11-08;0,3;;;jah
1987-11-09;0,29;;;jah
1987-11-10;0,28;;;jah
1987-11-11;0,29;;;jah
1987-11-12;0,38;;;jah
1987-11-13;1,13;;;jah
1987-11-14;3,08;;;jah
1987-11-15;1,76;;;jah
1987-11-16;1,31;;;jah
1987-11-17;1,28;;;jah
1987-11-18;1;;;jah
1987-11-19;0,85;;;jah
1987-11-20;0,85;;;jah
1987-11-21;1,31;;;jah
1987-11-22;2,23;;;jah
1987-11-23;3,23;;;jah
1987-11-24;1,95;;;jah
1987-11-25;1,16;;;jah
1987-11-26;0,78;;;jah
1987-11-27;0,72;;;jah
1987-11-28;1,38;;;jah
1987-11-29;3,04;;;jah
1987-11-30;4,44;;;jah
1987-12-01;2,94;;;jah
1987-12-02;1,83;;;jah
1987-12-03;1,41;;;jah
1987-12-04;1,02;;;jah
1987-12-05;0,85;;;jah
1987-12-06;0,71;;;jah
1987-12-07;0,62;;;jah
1987-12-08;0,5;;;jah
1987-12-09;0,42;;;jah
1987-12-10;0,43;;;jah
1987-12-11;0,74;;;jah
1987-12-12;0,68;;;jah
1987-12-13;0,61;;;jah
1987-12-14;0,61;;;jah
1987-12-15;0,74;;;jah
1987-12-16;0,64;;;jah
1987-12-17;0,5;;;jah
1987-12-18;0,47;;;jah
1987-12-19;0,41;;;jah
1987-12-20;0,37;;;jah
1987-12-21;0,37;;;jah
1987-12-22;0,39;;;jah
1987-12-23;0,4;;;jah
1987-12-24;0,32;;;jah
1987-12-25;0,32;;;jah
1987-12-26;0,69;;;jah
1987-12-27;2,18;;;jah
1987-12-28;2,08;;;jah
1987-12-29;1,4;;;jah
1987-12-30;2;;;jah
1987-12-31;1,92;;;jah
1988-01-01;1,16;;;jah
1988-01-02;1,33;;;jah
1988-01-03;2,89;;;jah
1988-01-04;3,37;;;jah
1988-01-05;2,59;;;jah
1988-01-06;1,86;;;jah
1988-01-07;1,68;;;jah
1988-01-08;2,28;;;jah
1988-01-09;1,78;;;jah
1988-01-10;1,39;;;jah
1988-01-11;1,5;;;jah
1988-01-12;1,37;;;jah
1988-01-13;1,23;;;jah
1988-01-14;1,07;;;jah
1988-01-15;0,92;;;jah
1988-01-16;0,84;;;jah
1988-01-17;0,74;;;jah
1988-01-18;0,66;;;jah
1988-01-19;0,59;;;jah
1988-01-20;0,56;;;jah
1988-01-21;0,51;;;jah
1988-01-22;0,46;;;jah
1988-01-23;0,4;;;jah
1988-01-24;0,32;;;jah
1988-01-25;0,39;;;jah
1988-01-26;0,3;;;jah
1988-01-27;0,24;;;jah
1988-01-28;0,2;;;jah
1988-01-29;0,18;;;jah
1988-01-30;0,18;;;jah
1988-01-31;0,15;;;jah
1988-02-01;0,17;;;jah
1988-02-02;0,15;;;jah
1988-02-03;0,16;;;jah
1988-02-04;0,23;;;jah
1988-02-05;0,36;;;jah
1988-02-06;0,32;;;jah
1988-02-07;0,38;;;jah
1988-02-08;0,62;;;jah
1988-02-09;0,51;;;jah
1988-02-10;0,49;;;jah
1988-02-11;0,53;;;jah
1988-02-12;0,58;;;jah
1988-02-13;0,56;;;jah
1988-02-14;0,57;;;jah
1988-02-15;0,55;;;jah
1988-02-16;0,67;;;jah
1988-02-17;0,64;;;jah
1988-02-18;0,55;;;jah
1988-02-19;0,5;;;jah
1988-02-20;0,35;;;jah
1988-02-21;0,3;;;jah
1988-02-22;0,29;;;jah
1988-02-23;0,3;;;jah
1988-02-24;0,26;;;jah
1988-02-25;0,29;;;jah
1988-02-26;0,24;;;jah
1988-02-27;0,23;;;jah
1988-02-28;0,2;;;jah
1988-02-29;0,2;;;jah
1988-03-01;0,22;;;jah
1988-03-02;0,22;;;jah
1988-03-03;0,23;;;jah
1988-03-04;0,22;;;jah
1988-03-05;0,2;;;jah
1988-03-06;0,2;;;jah
1988-03-07;0,19;;;jah
1988-03-08;0,18;;;jah
1988-03-09;0,17;;;jah
1988-03-10;0,16;;;jah
1988-03-11;0,17;;;jah
1988-03-12;0,17;;;jah
1988-03-13;0,19;;;jah
1988-03-14;0,17;;;jah
1988-03-15;0,18;;;jah
1988-03-16;0,18;;;jah
1988-03-17;0,18;;;jah
1988-03-18;0,15;;;jah
1988-03-19;0,16;;;jah
1988-03-20;0,17;;;jah
1988-03-21;0,14;;;jah
1988-03-22;0,15;;;jah
1988-03-23;0,15;;;jah
1988-03-24;0,16;;;jah
1988-03-25;0,17;;;jah
1988-03-26;0,19;;;jah
1988-03-27;0,22;;;jah
1988-03-28;0,32;;;jah
1988-03-29;0,48;;;jah
1988-03-30;0,68;;;jah
1988-03-31;0,97;;;jah
1988-04-01;1,61;;;jah
1988-04-02;2,99;;;jah
1988-04-03;3,77;;;jah
1988-04-04;2,81;;;jah
1988-04-05;2,25;;;jah
1988-04-06;1,74;;;jah
1988-04-07;1,46;;;jah
1988-04-08;1,28;;;jah
1988-04-09;1,11;;;jah
1988-04-10;0,96;;;jah
1988-04-11;0,88;;;jah
1988-04-12;0,88;;;jah
1988-04-13;0,88;;;jah
1988-04-14;0,85;;;jah
1988-04-15;0,81;;;jah
1988-04-16;0,77;;;jah
1988-04-17;0,71;;;jah
1988-04-18;0,64;;;jah
1988-04-19;0,6;;;jah
1988-04-20;0,6;;;jah
1988-04-21;0,92;;;jah
1988-04-22;0,81;;;jah
1988-04-23;0,69;;;jah
1988-04-24;0,75;;;jah
1988-04-25;0,77;;;jah
1988-04-26;0,71;;;jah
1988-04-27;0,73;;;jah
1988-04-28;0,96;;;jah
1988-04-29;1,54;;;jah
1988-04-30;2,05;;;jah
1988-05-01;2,18;;;jah
1988-05-02;1,54;;;jah
1988-05-03;1,15;;;jah
1988-05-04;0,99;;;jah
1988-05-05;0,98;;;jah
1988-05-06;0,87;;;jah
1988-05-07;0,74;;;jah
1988-05-08;0,61;;;jah
1988-05-09;0,52;;;jah
1988-05-10;0,44;;;jah
1988-05-11;0,4;;;jah
1988-05-12;0,35;;;jah
1988-05-13;0,32;;;jah
1988-05-14;0,29;;;jah
1988-05-15;0,26;;;jah
1988-05-16;0,23;;;jah
1988-05-17;0,22;;;jah
1988-05-18;0,2;;;jah
1988-05-19;0,18;;;jah
1988-05-20;0,19;;;jah
1988-05-21;0,16;;;jah
1988-05-22;0,16;;;jah
1988-05-23;0,18;;;jah
1988-05-24;0,16;;;jah
1988-05-25;0,15;;;jah
1988-05-26;0,14;;;jah
1988-05-27;0,13;;;jah
1988-05-28;0,12;;;jah
1988-05-29;0,12;;;jah
1988-05-30;0,1;;;jah
1988-05-31;0,1;;;jah
1988-06-01;0,09;;;jah
1988-06-02;0,09;;;jah
1988-06-03;0,09;;;jah
1988-06-04;0,08;;;jah
1988-06-05;0,08;;;jah
1988-06-06;0,07;;;jah
1988-06-07;0,07;;;jah
1988-06-08;0,06;;;jah
1988-06-09;0,06;;;jah
1988-06-10;0,06;;;jah
1988-06-11;0,06;;;jah
1988-06-12;0,06;;;jah
1988-06-13;0,06;;;jah
1988-06-14;0,05;;;jah
1988-06-15;0,05;;;jah
1988-06-16;0,05;;;jah
1988-06-17;0,05;;;jah
1988-06-18;0,05;;;jah
1988-06-19;0,05;;;jah
1988-06-20;0,05;;;jah
1988-06-21;0,05;;;jah
1988-06-22;0,05;;;jah
1988-06-23;0,05;;;jah
1988-06-24;0,09;;;jah
1988-06-25;0,07;;;jah
1988-06-26;0,06;;;jah
1988-06-27;0,06;;;jah
1988-06-28;0,06;;;jah
1988-06-29;0,05;;;jah
1988-06-30;0,05;;;jah
1988-07-01;0,05;;;jah
1988-07-02;0,05;;;jah
1988-07-03;0,05;;;jah
1988-07-04;0,04;;;jah
1988-07-05;0,04;;;jah
1988-07-06;0,04;;;jah
1988-07-07;0,04;;;jah
1988-07-08;0,04;;;jah
1988-07-09;0,04;;;jah
1988-07-10;0,04;;;jah
1988-07-11;0,04;;;jah
1988-07-12;0,04;;;jah
1988-07-13;0,04;;;jah
1988-07-14;0,04;;;jah
1988-07-15;0,04;;;jah
1988-07-16;0,04;;;jah
1988-07-17;0,04;;;jah
1988-07-18;0,04;;;jah
1988-07-19;0,04;;;jah
1988-07-20;0,03;;;jah
1988-07-21;0,03;;;jah
1988-07-22;0,03;;;jah
1988-07-23;0,05;;;jah
1988-07-24;0,04;;;jah
1988-07-25;0,04;;;jah
1988-07-26;0,04;;;jah
1988-07-27;0,03;;;jah
1988-07-28;0,07;;;jah
1988-07-29;0,59;;;jah
1988-07-30;0,79;;;jah
1988-07-31;0,51;;;jah
1988-08-01;0,34;;;jah
1988-08-02;0,34;;;jah
1988-08-03;0,28;;;jah
1988-08-04;0,33;;;jah
1988-08-05;0,38;;;jah
1988-08-06;0,72;;;jah
1988-08-07;2,05;;;jah
1988-08-08;1,42;;;jah
1988-08-09;0,93;;;jah
1988-08-10;0,73;;;jah
1988-08-11;0,63;;;jah
1988-08-12;0,52;;;jah
1988-08-13;0,46;;;jah
1988-08-14;0,53;;;jah
1988-08-15;0,51;;;jah
1988-08-16;0,41;;;jah
1988-08-17;0,35;;;jah
1988-08-18;0,33;;;jah
1988-08-19;0,26;;;jah
1988-08-20;0,23;;;jah
1988-08-21;0,26;;;jah
1988-08-22;0,46;;;jah
1988-08-23;0,5;;;jah
1988-08-24;0,44;;;jah
1988-08-25;0,37;;;jah
1988-08-26;0,29;;;jah
1988-08-27;0,21;;;jah
1988-08-28;0,18;;;jah
1988-08-29;0,14;;;jah
1988-08-30;0,14;;;jah
1988-08-31;0,12;;;jah
1988-09-01;0,11;;;jah
1988-09-02;0,11;;;jah
1988-09-03;0,11;;;jah
1988-09-04;0,1;;;jah
1988-09-05;0,095;;;jah
1988-09-06;0,092;;;jah
1988-09-07;0,088;;;jah
1988-09-08;0,082;;;jah
1988-09-09;0,081;;;jah
1988-09-10;0,079;;;jah
1988-09-11;0,079;;;jah
1988-09-12;0,085;;;jah
1988-09-13;0,096;;;jah
1988-09-14;0,099;;;jah
1988-09-15;0,099;;;jah
1988-09-16;0,094;;;jah
1988-09-17;0,096;;;jah
1988-09-18;0,08;;;jah
1988-09-19;0,082;;;jah
1988-09-20;0,08;;;jah
1988-09-21;0,08;;;jah
1988-09-22;0,078;;;jah
1988-09-23;0,078;;;jah
1988-09-24;0,078;;;jah
1988-09-25;0,11;;;jah
1988-09-26;0,2;;;jah
1988-09-27;0,33;;;jah
1988-09-28;0,31;;;jah
1988-09-29;0,48;;;jah
1988-09-30;0,51;;;jah
1988-10-01;0,45;;;jah
1988-10-02;0,38;;;jah
1988-10-03;0,32;;;jah
1988-10-04;0,26;;;jah
1988-10-05;0,22;;;jah
1988-10-06;0,2;;;jah
1988-10-07;0,19;;;jah
1988-10-08;0,37;;;jah
1988-10-09;0,96;;;jah
1988-10-10;1,46;;;jah
1988-10-11;2,4;;;jah
1988-10-12;1,66;;;jah
1988-10-13;1,22;;;jah
1988-10-14;0,99;;;jah
1988-10-15;0,8;;;jah
1988-10-16;0,71;;;jah
1988-10-17;0,62;;;jah
1988-10-18;0,56;;;jah
1988-10-19;0,51;;;jah
1988-10-20;0,48;;;jah
1988-10-21;0,42;;;jah
1988-10-22;0,4;;;jah
1988-10-23;0,37;;;jah
1988-10-24;0,35;;;jah
1988-10-25;0,3;;;jah
1988-10-26;0,27;;;jah
1988-10-27;0,29;;;jah
1988-10-28;0,43;;;jah
1988-10-29;0,51;;;jah
1988-10-30;0,44;;;jah
1988-10-31;0,34;;;jah
1988-11-01;0,33;;;jah
1988-11-02;1,33;;;jah
1988-11-03;1,64;;;jah
1988-11-04;1,24;;;jah
1988-11-05;1,7;;;jah
1988-11-06;2,06;;;jah
1988-11-07;2,02;;;jah
1988-11-08;1,76;;;jah
1988-11-09;1,14;;;jah
1988-11-10;0,79;;;jah
1988-11-11;0,7;;;jah
1988-11-12;0,76;;;jah
1988-11-13;0,82;;;jah
1988-11-14;0,81;;;jah
1988-11-15;0,72;;;jah
1988-11-16;0,65;;;jah
1988-11-17;0,58;;;jah
1988-11-18;0,55;;;jah
1988-11-19;0,55;;;jah
1988-11-20;0,51;;;jah
1988-11-21;0,39;;;jah
1988-11-22;0,4;;;jah
1988-11-23;0,33;;;jah
1988-11-24;0,36;;;jah
1988-11-25;0,43;;;jah
1988-11-26;0,47;;;jah
1988-11-27;0,43;;;jah
1988-11-28;0,4;;;jah
1988-11-29;0,33;;;jah
1988-11-30;0,26;;;jah
1988-12-01;0,32;;;jah
1988-12-02;0,42;;;jah
1988-12-03;0,43;;;jah
1988-12-04;0,44;;;jah
1988-12-05;0,45;;;jah
1988-12-06;0,49;;;jah
1988-12-07;0,5;;;jah
1988-12-08;0,45;;;jah
1988-12-09;0,64;;;jah
1988-12-10;1;;;jah
1988-12-11;1,01;;;jah
1988-12-12;0,96;;;jah
1988-12-13;0,94;;;jah
1988-12-14;0,9;;;jah
1988-12-15;0,88;;;jah
1988-12-16;0,82;;;jah
1988-12-17;0,93;;;jah
1988-12-18;1,08;;;jah
1988-12-19;1,04;;;jah
1988-12-20;1;;;jah
1988-12-21;1,12;;;jah
1988-12-22;0,95;;;jah
1988-12-23;0,94;;;jah
1988-12-24;1,01;;;jah
1988-12-25;0,91;;;jah
1988-12-26;1,22;;;jah
1988-12-27;1,04;;;jah
1988-12-28;1,53;;;jah
1988-12-29;1,65;;;jah
1988-12-30;2,32;;;jah
1988-12-31;3,07;;;jah
1989-01-01;3,07;;;jah
1989-01-02;2,31;;;jah
1989-01-03;2,17;;;jah
1989-01-04;2,56;;;jah
1989-01-05;2,98;;;jah
1989-01-06;3,28;;;jah
1989-01-07;2,63;;;jah
1989-01-08;2,07;;;jah
1989-01-09;1,94;;;jah
1989-01-10;2,45;;;jah
1989-01-11;2,38;;;jah
1989-01-12;1,78;;;jah
1989-01-13;2,04;;;jah
1989-01-14;2,93;;;jah
1989-01-15;3,82;;;jah
1989-01-16;4,36;;;jah
1989-01-17;2,76;;;jah
1989-01-18;2,14;;;jah
1989-01-19;1,51;;;jah
1989-01-20;1,32;;;jah
1989-01-21;1,29;;;jah
1989-01-22;1,4;;;jah
1989-01-23;1,57;;;jah
1989-01-24;1,32;;;jah
1989-01-25;1,32;;;jah
1989-01-26;1,19;;;jah
1989-01-27;1,03;;;jah
1989-01-28;0,98;;;jah
1989-01-29;0,93;;;jah
1989-01-30;0,86;;;jah
1989-01-31;0,79;;;jah
1989-02-01;0,69;;;jah
1989-02-02;0,64;;;jah
1989-02-03;0,62;;;jah
1989-02-04;0,55;;;jah
1989-02-05;0,58;;;jah
1989-02-06;0,79;;;jah
1989-02-07;0,74;;;jah
1989-02-08;0,67;;;jah
1989-02-09;0,58;;;jah
1989-02-10;0,46;;;jah
1989-02-11;0,42;;;jah
1989-02-12;0,42;;;jah
1989-02-13;0,47;;;jah
1989-02-14;0,44;;;jah
1989-02-15;0,42;;;jah
1989-02-16;0,79;;;jah
1989-02-17;1,06;;;jah
1989-02-18;0,72;;;jah
1989-02-19;0,58;;;jah
1989-02-20;0,88;;;jah
1989-02-21;0,88;;;jah
1989-02-22;0,74;;;jah
1989-02-23;0,72;;;jah
1989-02-24;0,84;;;jah
1989-02-25;0,91;;;jah
1989-02-26;0,96;;;jah
1989-02-27;0,98;;;jah
1989-02-28;1,29;;;jah
1989-03-01;1,21;;;jah
1989-03-02;1,14;;;jah
1989-03-03;0,96;;;jah
1989-03-04;0,84;;;jah
1989-03-05;0,76;;;jah
1989-03-06;1,43;;;jah
1989-03-07;1,06;;;jah
1989-03-08;0,86;;;jah
1989-03-09;0,74;;;jah
1989-03-10;0,69;;;jah
1989-03-11;0,62;;;jah
1989-03-12;1,03;;;jah
1989-03-13;1,48;;;jah
1989-03-14;1,21;;;jah
1989-03-15;1,11;;;jah
1989-03-16;0,96;;;jah
1989-03-17;0,98;;;jah
1989-03-18;0,86;;;jah
1989-03-19;0,76;;;jah
1989-03-20;0,76;;;jah
1989-03-21;0,69;;;jah
1989-03-22;0,69;;;jah
1989-03-23;0,72;;;jah
1989-03-24;0,72;;;jah
1989-03-25;1,27;;;jah
1989-03-26;1,4;;;jah
1989-03-27;1,11;;;jah
1989-03-28;0,93;;;jah
1989-03-29;0,81;;;jah
1989-03-30;0,64;;;jah
1989-03-31;0,6;;;jah
1989-04-01;0,62;;;jah
1989-04-02;0,53;;;jah
1989-04-03;0,47;;;jah
1989-04-04;0,44;;;jah
1989-04-05;0,46;;;jah
1989-04-06;0,44;;;jah
1989-04-07;0,46;;;jah
1989-04-08;0,6;;;jah
1989-04-09;0,62;;;jah
1989-04-10;0,69;;;jah
1989-04-11;0,58;;;jah
1989-04-12;0,53;;;jah
1989-04-13;0,47;;;jah
1989-04-14;0,42;;;jah
1989-04-15;0,39;;;jah
1989-04-16;0,35;;;jah
1989-04-17;0,34;;;jah
1989-04-18;0,35;;;jah
1989-04-19;0,91;;;jah
1989-04-20;2,76;;;jah
1989-04-21;1,69;;;jah
1989-04-22;1,14;;;jah
1989-04-23;1,06;;;jah
1989-04-24;0,81;;;jah
1989-04-25;0,74;;;jah
1989-04-26;0,62;;;jah
1989-04-27;0,53;;;jah
1989-04-28;0,49;;;jah
1989-04-29;1,48;;;jah
1989-04-30;1,29;;;jah
1989-05-01;0,91;;;jah
1989-05-02;0,72;;;jah
1989-05-03;0,58;;;jah
1989-05-04;0,47;;;jah
1989-05-05;0,44;;;jah
1989-05-06;0,39;;;jah
1989-05-07;0,35;;;jah
1989-05-08;0,32;;;jah
1989-05-09;0,31;;;jah
1989-05-10;0,29;;;jah
1989-05-11;0,28;;;jah
1989-05-12;0,25;;;jah
1989-05-13;0,24;;;jah
1989-05-14;0,24;;;jah
1989-05-15;0,21;;;jah
1989-05-16;0,19;;;jah
1989-05-17;0,18;;;jah
1989-05-18;0,17;;;jah
1989-05-19;0,16;;;jah
1989-05-20;0,15;;;jah
1989-05-21;0,13;;;jah
1989-05-22;0,12;;;jah
1989-05-23;0,11;;;jah
1989-05-24;0,1;;;jah
1989-05-25;0,089;;;jah
1989-05-26;0,089;;;jah
1989-05-27;0,089;;;jah
1989-05-28;0,089;;;jah
1989-05-29;0,079;;;jah
1989-05-30;0,069;;;jah
1989-05-31;0,079;;;jah
1989-06-01;0,089;;;jah
1989-06-02;0,079;;;jah
1989-06-03;0,069;;;jah
1989-06-04;0,069;;;jah
1989-06-05;0,069;;;jah
1989-06-06;0,079;;;jah
1989-06-07;0,079;;;jah
1989-06-08;0,079;;;jah
1989-06-09;0,069;;;jah
1989-06-10;0,069;;;jah
1989-06-11;0,059;;;jah
1989-06-12;0,059;;;jah
1989-06-13;0,049;;;jah
1989-06-14;0,049;;;jah
1989-06-15;0,049;;;jah
1989-06-16;0,049;;;jah
1989-06-17;0,049;;;jah
1989-06-18;0,049;;;jah
1989-06-19;0,049;;;jah
1989-06-20;0,049;;;jah
1989-06-21;0,045;;;jah
1989-06-22;0,045;;;jah
1989-06-23;0,045;;;jah
1989-06-24;0,045;;;jah
1989-06-25;0,045;;;jah
1989-06-26;0,045;;;jah
1989-06-27;0,045;;;jah
1989-06-28;0,045;;;jah
1989-06-29;0,04;;;jah
1989-06-30;0,04;;;jah
1989-07-01;0,04;;;jah
1989-07-02;0,04;;;jah
1989-07-03;0,04;;;jah
1989-07-04;0,04;;;jah
1989-07-05;0,04;;;jah
1989-07-06;0,04;;;jah
1989-07-07;0,04;;;jah
1989-07-08;0,04;;;jah
1989-07-09;0,04;;;jah
1989-07-10;0,04;;;jah
1989-07-11;0,041;;;jah
1989-07-12;0,042;;;jah
1989-07-13;0,042;;;jah
1989-07-14;0,043;;;jah
1989-07-15;0,044;;;jah
1989-07-16;0,045;;;jah
1989-07-17;0,045;;;jah
1989-07-18;0,046;;;jah
1989-07-19;0,047;;;jah
1989-07-20;0,046;;;jah
1989-07-21;0,044;;;jah
1989-07-22;0,043;;;jah
1989-07-23;0,041;;;jah
1989-07-24;0,04;;;jah
1989-07-25;0,038;;;jah
1989-07-26;0,037;;;jah
1989-07-27;0,035;;;jah
1989-07-28;0,034;;;jah
1989-07-29;0,032;;;jah
1989-07-30;0,031;;;jah
1989-07-31;0,029;;;jah
1989-08-01;0,029;;;jah
1989-08-02;0,03;;;jah
1989-08-03;0,03;;;jah
1989-08-04;0,031;;;jah
1989-08-05;0,031;;;jah
1989-08-06;0,032;;;jah
1989-08-07;0,032;;;jah
1989-08-08;0,033;;;jah
1989-08-09;0,033;;;jah
1989-08-10;0,034;;;jah
1989-08-11;0,034;;;jah
1989-08-12;0,033;;;jah
1989-08-13;0,033;;;jah
1989-08-14;0,032;;;jah
1989-08-15;0,031;;;jah
1989-08-16;0,031;;;jah
1989-08-17;0,03;;;jah
1989-08-18;0,029;;;jah
1989-08-19;0,028;;;jah
1989-08-20;0,028;;;jah
1989-08-21;0,027;;;jah
1989-08-22;0,027;;;jah
1989-08-23;0,028;;;jah
1989-08-24;0,028;;;jah
1989-08-25;0,029;;;jah
1989-08-26;0,029;;;jah
1989-08-27;0,029;;;jah
1989-08-28;0,03;;;jah
1989-08-29;0,03;;;jah
1989-08-30;0,031;;;jah
1989-08-31;0,031;;;jah
1989-09-01;0,029;;;jah
1989-09-02;0,028;;;jah
1989-09-03;0,026;;;jah
1989-09-04;0,025;;;jah
1989-09-05;0,023;;;jah
1989-09-06;0,022;;;jah
1989-09-07;0,02;;;jah
1989-09-08;0,019;;;jah
1989-09-09;0,017;;;jah
1989-09-10;0,016;;;jah
1989-09-11;0,014;;;jah
1989-09-12;0,014;;;jah
1989-09-13;0,015;;;jah
1989-09-14;0,015;;;jah
1989-09-15;0,015;;;jah
1989-09-16;0,016;;;jah
1989-09-17;0,016;;;jah
1989-09-18;0,017;;;jah
1989-09-19;0,017;;;jah
1989-09-20;0,017;;;jah
1989-09-21;0,018;;;jah
1989-09-22;0,018;;;jah
1989-09-23;0,019;;;jah
1989-09-24;0,021;;;jah
1989-09-25;0,022;;;jah
1989-09-26;0,023;;;jah
1989-09-27;0,025;;;jah
1989-09-28;0,026;;;jah
1989-09-29;0,028;;;jah
1989-09-30;0,029;;;jah
1989-10-01;0,03;;;jah
1989-10-02;0,032;;;jah
1989-10-03;0,033;;;jah
1989-10-04;0,033;;;jah
1989-10-05;0,033;;;jah
1989-10-06;0,033;;;jah
1989-10-07;0,033;;;jah
1989-10-08;0,033;;;jah
1989-10-09;0,033;;;jah
1989-10-10;0,033;;;jah
1989-10-11;0,033;;;jah
1989-10-12;0,033;;;jah
1989-10-13;0,033;;;jah
1989-10-14;0,033;;;jah
1989-10-15;0,033;;;jah
1989-10-16;0,033;;;jah
1989-10-17;0,033;;;jah
1989-10-18;0,033;;;jah
1989-10-19;0,033;;;jah
1989-10-20;0,033;;;jah
1989-10-21;0,033;;;jah
1989-10-22;0,035;;;jah
1989-10-23;0,035;;;jah
1989-10-24;0,035;;;jah
1989-10-25;0,038;;;jah
1989-10-26;0,038;;;jah
1989-10-27;0,042;;;jah
1989-10-28;0,042;;;jah
1989-10-29;0,038;;;jah
1989-10-30;0,038;;;jah
1989-10-31;0,038;;;jah
1989-11-01;0,038;;;jah
1989-11-02;0,038;;;jah
1989-11-03;0,038;;;jah
1989-11-04;0,038;;;jah
1989-11-05;0,048;;;jah
1989-11-06;0,27;;;jah
1989-11-07;0,2;;;jah
1989-11-08;0,12;;;jah
1989-11-09;0,078;;;jah
1989-11-10;0,069;;;jah
1989-11-11;0,069;;;jah
1989-11-12;0,06;;;jah
1989-11-13;0,069;;;jah
1989-11-14;0,16;;;jah
1989-11-15;0,2;;;jah
1989-11-16;0,19;;;jah
1989-11-17;0,14;;;jah
1989-11-18;0,12;;;jah
1989-11-19;0,1;;;jah
1989-11-20;0,078;;;jah
1989-11-21;0,078;;;jah
1989-11-22;0,078;;;jah
1989-11-23;0,089;;;jah
1989-11-24;0,078;;;jah
1989-11-25;0,069;;;jah
1989-11-26;0,06;;;jah
1989-11-27;0,06;;;jah
1989-11-28;0,06;;;jah
1989-11-29;0,06;;;jah
1989-11-30;0,069;;;jah
1989-12-01;0,069;;;jah
1989-12-02;0,078;;;jah
1989-12-03;0,24;;;jah
1989-12-04;0,5;;;jah
1989-12-05;0,42;;;jah
1989-12-06;0,32;;;jah
1989-12-07;0,35;;;jah
1989-12-08;0,33;;;jah
1989-12-09;0,24;;;jah
1989-12-10;0,21;;;jah
1989-12-11;0,19;;;jah
1989-12-12;0,17;;;jah
1989-12-13;0,19;;;jah
1989-12-14;0,17;;;jah
1989-12-15;0,17;;;jah
1989-12-16;0,17;;;jah
1989-12-17;0,17;;;jah
1989-12-18;0,19;;;jah
1989-12-19;0,34;;;jah
1989-12-20;0,79;;;jah
1989-12-21;0,64;;;jah
1989-12-22;1,49;;;jah
1989-12-23;1,65;;;jah
1989-12-24;1,31;;;jah
1989-12-25;1,18;;;jah
1989-12-26;1,16;;;jah
1989-12-27;1,25;;;jah
1989-12-28;1,12;;;jah
1989-12-29;0,98;;;jah
1989-12-30;0,84;;;jah
1989-12-31;0,75;;;jah
1990-01-01;0,64;;;jah
1990-01-02;0,55;;;jah
1990-01-03;0,46;;;jah
1990-01-04;0,4;;;jah
1990-01-05;0,35;;;jah
1990-01-06;0,32;;;jah
1990-01-07;0,29;;;jah
1990-01-08;0,35;;;jah
1990-01-09;0,43;;;jah
1990-01-10;0,5;;;jah
1990-01-11;0,71;;;jah
1990-01-12;0,93;;;jah
1990-01-13;0,8;;;jah
1990-01-14;0,82;;;jah
1990-01-15;0,76;;;jah
1990-01-16;0,8;;;jah
1990-01-17;1,34;;;jah
1990-01-18;1,77;;;jah
1990-01-19;1,66;;;jah
1990-01-20;1,41;;;jah
1990-01-21;1,26;;;jah
1990-01-22;1,03;;;jah
1990-01-23;1,12;;;jah
1990-01-24;2,01;;;jah
1990-01-25;3,77;;;jah
1990-01-26;2,87;;;jah
1990-01-27;4,65;;;jah
1990-01-28;3,71;;;jah
1990-01-29;2,39;;;jah
1990-01-30;2,02;;;jah
1990-01-31;1,65;;;jah
1990-02-01;1,33;;;jah
1990-02-02;1,18;;;jah
1990-02-03;1,11;;;jah
1990-02-04;1,11;;;jah
1990-02-05;1,15;;;jah
1990-02-06;1,06;;;jah
1990-02-07;0,94;;;jah
1990-02-08;1,33;;;jah
1990-02-09;2,61;;;jah
1990-02-10;1,95;;;jah
1990-02-11;1,85;;;jah
1990-02-12;1,57;;;jah
1990-02-13;1,34;;;jah
1990-02-14;1,2;;;jah
1990-02-15;1,17;;;jah
1990-02-16;1,06;;;jah
1990-02-17;0,94;;;jah
1990-02-18;0,8;;;jah
1990-02-19;0,74;;;jah
1990-02-20;1,27;;;jah
1990-02-21;1,63;;;jah
1990-02-22;2,18;;;jah
1990-02-23;1,92;;;jah
1990-02-24;1,47;;;jah
1990-02-25;1,89;;;jah
1990-02-26;1,8;;;jah
1990-02-27;3,24;;;jah
1990-02-28;5,08;;;jah
1990-03-01;3,6;;;jah
1990-03-02;2,55;;;jah
1990-03-03;2,09;;;jah
1990-03-04;1,6;;;jah
1990-03-05;1,92;;;jah
1990-03-06;2;;;jah
1990-03-07;1,55;;;jah
1990-03-08;1,39;;;jah
1990-03-09;1,29;;;jah
1990-03-10;1,49;;;jah
1990-03-11;1,22;;;jah
1990-03-12;1,29;;;jah
1990-03-13;1,6;;;jah
1990-03-14;1,25;;;jah
1990-03-15;1,02;;;jah
1990-03-16;1,52;;;jah
1990-03-17;2;;;jah
1990-03-18;1,52;;;jah
1990-03-19;1,25;;;jah
1990-03-20;1,1;;;jah
1990-03-21;1,02;;;jah
1990-03-22;1,14;;;jah
1990-03-23;1;;;jah
1990-03-24;1,14;;;jah
1990-03-25;1,29;;;jah
1990-03-26;1,05;;;jah
1990-03-27;0,89;;;jah
1990-03-28;0,77;;;jah
1990-03-29;0,68;;;jah
1990-03-30;0,65;;;jah
1990-03-31;0,6;;;jah
1990-04-01;0,56;;;jah
1990-04-02;0,51;;;jah
1990-04-03;0,51;;;jah
1990-04-04;0,49;;;jah
1990-04-05;0,45;;;jah
1990-04-06;0,41;;;jah
1990-04-07;0,41;;;jah
1990-04-08;0,43;;;jah
1990-04-09;0,38;;;jah
1990-04-10;0,36;;;jah
1990-04-11;0,36;;;jah
1990-04-12;0,33;;;jah
1990-04-13;0,3;;;jah
1990-04-14;0,3;;;jah
1990-04-15;0,28;;;jah
1990-04-16;0,28;;;jah
1990-04-17;0,27;;;jah
1990-04-18;0,25;;;jah
1990-04-19;0,24;;;jah
1990-04-20;0,23;;;jah
1990-04-21;0,23;;;jah
1990-04-22;0,21;;;jah
1990-04-23;0,19;;;jah
1990-04-24;0,19;;;jah
1990-04-25;0,18;;;jah
1990-04-26;0,17;;;jah
1990-04-27;0,16;;;jah
1990-04-28;0,16;;;jah
1990-04-29;0,14;;;jah
1990-04-30;0,13;;;jah
1990-05-01;0,11;;;jah
1990-05-02;0,1;;;jah
1990-05-03;0,088;;;jah
1990-05-04;0,088;;;jah
1990-05-05;0,088;;;jah
1990-05-06;0,088;;;jah
1990-05-07;0,071;;;jah
1990-05-08;0,07;;;jah
1990-05-09;0,069;;;jah
1990-05-10;0,068;;;jah
1990-05-11;0,066;;;jah
1990-05-12;0,065;;;jah
1990-05-13;0,064;;;jah
1990-05-14;0,063;;;jah
1990-05-15;0,062;;;jah
1990-05-16;0,061;;;jah
1990-05-17;0,066;;;jah
1990-05-18;0,066;;;jah
1990-05-19;0,064;;;jah
1990-05-20;0,062;;;jah
1990-05-21;0,06;;;jah
1990-05-22;0,058;;;jah
1990-05-23;0,056;;;jah
1990-05-24;0,054;;;jah
1990-05-25;0,052;;;jah
1990-05-26;0,051;;;jah
1990-05-27;0,051;;;jah
1990-05-28;0,05;;;jah
1990-05-29;0,05;;;jah
1990-05-30;0,049;;;jah
1990-05-31;0,049;;;jah
1990-06-01;0,048;;;jah
1990-06-02;0,048;;;jah
1990-06-03;0,047;;;jah
1990-06-04;0,047;;;jah
1990-06-05;0,046;;;jah
1990-06-06;0,046;;;jah
1990-06-07;0,045;;;jah
1990-06-08;0,045;;;jah
1990-06-09;0,045;;;jah
1990-06-10;0,045;;;jah
1990-06-11;0,045;;;jah
1990-06-12;0,045;;;jah
1990-06-13;0,045;;;jah
1990-06-14;0,045;;;jah
1990-06-15;0,045;;;jah
1990-06-16;0,045;;;jah
1990-06-17;0,044;;;jah
1990-06-18;0,042;;;jah
1990-06-19;0,041;;;jah
1990-06-20;0,04;;;jah
1990-06-21;0,039;;;jah
1990-06-22;0,037;;;jah
1990-06-23;0,036;;;jah
1990-06-24;0,035;;;jah
1990-06-25;0,033;;;jah
1990-06-26;0,032;;;jah
1990-06-27;0,031;;;jah
1990-06-28;0,031;;;jah
1990-06-29;0,03;;;jah
1990-06-30;0,03;;;jah
1990-07-01;0,029;;;jah
1990-07-02;0,029;;;jah
1990-07-03;0,028;;;jah
1990-07-04;0,028;;;jah
1990-07-05;0,027;;;jah
1990-07-06;0,027;;;jah
1990-07-07;0,027;;;jah
1990-07-08;0,027;;;jah
1990-07-09;0,028;;;jah
1990-07-10;0,028;;;jah
1990-07-11;0,028;;;jah
1990-07-12;0,028;;;jah
1990-07-13;0,028;;;jah
1990-07-14;0,029;;;jah
1990-07-15;0,029;;;jah
1990-07-16;0,029;;;jah
1990-07-17;0,029;;;jah
1990-07-18;0,029;;;jah
1990-07-19;0,029;;;jah
1990-07-20;0,029;;;jah
1990-07-21;0,029;;;jah
1990-07-22;0,029;;;jah
1990-07-23;0,029;;;jah
1990-07-24;0,038;;;jah
1990-07-25;0,13;;;jah
1990-07-26;0,15;;;jah
1990-07-27;0,067;;;jah
1990-07-28;0,052;;;jah
1990-07-29;0,042;;;jah
1990-07-30;0,035;;;jah
1990-07-31;0,029;;;jah
1990-08-01;0,047;;;jah
1990-08-02;0,038;;;jah
1990-08-03;0,038;;;jah
1990-08-04;0,035;;;jah
1990-08-05;0,032;;;jah
1990-08-06;0,032;;;jah
1990-08-07;0,032;;;jah
1990-08-08;0,031;;;jah
1990-08-09;0,031;;;jah
1990-08-10;0,03;;;jah
1990-08-11;0,03;;;jah
1990-08-12;0,03;;;jah
1990-08-13;0,029;;;jah
1990-08-14;0,029;;;jah
1990-08-15;0,028;;;jah
1990-08-16;0,028;;;jah
1990-08-17;0,028;;;jah
1990-08-18;0,028;;;jah
1990-08-19;0,028;;;jah
1990-08-20;0,028;;;jah
1990-08-21;0,028;;;jah
1990-08-22;0,029;;;jah
1990-08-23;0,029;;;jah
1990-08-24;0,029;;;jah
1990-08-25;0,029;;;jah
1990-08-26;0,029;;;jah
1990-08-27;0,029;;;jah
1990-08-28;0,028;;;jah
1990-08-29;0,028;;;jah
1990-08-30;0,027;;;jah
1990-08-31;0,027;;;jah
1990-09-01;0,026;;;jah
1990-09-02;0,025;;;jah
1990-09-03;0,025;;;jah
1990-09-04;0,024;;;jah
1990-09-05;0,024;;;jah
1990-09-06;0,023;;;jah
1990-09-07;0,022;;;jah
1990-09-08;0,023;;;jah
1990-09-09;0,023;;;jah
1990-09-10;0,024;;;jah
1990-09-11;0,024;;;jah
1990-09-12;0,025;;;jah
1990-09-13;0,025;;;jah
1990-09-14;0,026;;;jah
1990-09-15;0,026;;;jah
1990-09-16;0,027;;;jah
1990-09-17;0,027;;;jah
1990-09-18;0,028;;;jah
1990-09-19;0,028;;;jah
1990-09-20;0,043;;;jah
1990-09-21;0,1;;;jah
1990-09-22;0,29;;;jah
1990-09-23;0,65;;;jah
1990-09-24;0,52;;;jah
1990-09-25;0,41;;;jah
1990-09-26;0,42;;;jah
1990-09-27;0,47;;;jah
1990-09-28;0,42;;;jah
1990-09-29;0,41;;;jah
1990-09-30;0,44;;;jah
1990-10-01;0,39;;;jah
1990-10-02;0,46;;;jah
1990-10-03;0,46;;;jah
1990-10-04;0,44;;;jah
1990-10-05;0,41;;;jah
1990-10-06;0,44;;;jah
1990-10-07;0,68;;;jah
1990-10-08;1,58;;;jah
1990-10-09;1,36;;;jah
1990-10-10;1,16;;;jah
1990-10-11;1,18;;;jah
1990-10-12;0,85;;;jah
1990-10-13;0,67;;;jah
1990-10-14;0,58;;;jah
1990-10-15;0,52;;;jah
1990-10-16;0,47;;;jah
1990-10-17;0,45;;;jah
1990-10-18;0,42;;;jah
1990-10-19;0,4;;;jah
1990-10-20;0,5;;;jah
1990-10-21;0,52;;;jah
1990-10-22;0,45;;;jah
1990-10-23;0,41;;;jah
1990-10-24;0,38;;;jah
1990-10-25;0,36;;;jah
1990-10-26;0,34;;;jah
1990-10-27;0,32;;;jah
1990-10-28;0,3;;;jah
1990-10-29;0,29;;;jah
1990-10-30;0,36;;;jah
1990-10-31;2,25;;;jah
1990-11-01;3,45;;;jah
1990-11-02;3,01;;;jah
1990-11-03;3,18;;;jah
1990-11-04;2,42;;;jah
1990-11-05;1,82;;;jah
1990-11-06;1,5;;;jah
1990-11-07;1,22;;;jah
1990-11-08;1,04;;;jah
1990-11-09;0,83;;;jah
1990-11-10;0,74;;;jah
1990-11-11;0,66;;;jah
1990-11-12;0,59;;;jah
1990-11-13;0,52;;;jah
1990-11-14;0,9;;;jah
1990-11-15;2,81;;;jah
1990-11-16;3,63;;;jah
1990-11-17;3,51;;;jah
1990-11-18;3,68;;;jah
1990-11-19;2,54;;;jah
1990-11-20;2,13;;;jah
1990-11-21;1,69;;;jah
1990-11-22;1,31;;;jah
1990-11-23;0,97;;;jah
1990-11-24;0,81;;;jah
1990-11-25;0,79;;;jah
1990-11-26;1,13;;;jah
1990-11-27;2,46;;;jah
1990-11-28;3,1;;;jah
1990-11-29;1,91;;;jah
1990-11-30;1,54;;;jah
1990-12-01;1,19;;;jah
1990-12-02;0,99;;;jah
1990-12-03;1,19;;;jah
1990-12-04;1,37;;;jah
1990-12-05;1,07;;;jah
1990-12-06;0,81;;;jah
1990-12-07;0,81;;;jah
1990-12-08;0,88;;;jah
1990-12-09;0,93;;;jah
1990-12-10;0,99;;;jah
1990-12-11;0,83;;;jah
1990-12-12;0,76;;;jah
1990-12-13;0,72;;;jah
1990-12-14;0,63;;;jah
1990-12-15;0,5;;;jah
1990-12-16;0,42;;;jah
1990-12-17;0,39;;;jah
1990-12-18;0,34;;;jah
1990-12-19;0,34;;;jah
1990-12-20;0,36;;;jah
1990-12-21;0,36;;;jah
1990-12-22;0,33;;;jah
1990-12-23;0,38;;;jah
1990-12-24;0,45;;;jah
1990-12-25;0,45;;;jah
1990-12-26;0,46;;;jah
1990-12-27;0,55;;;jah
1990-12-28;0,66;;;jah
1990-12-29;1,03;;;jah
1990-12-30;1,32;;;jah
1990-12-31;1,55;;;jah
1991-01-01;1,63;;;jah
1991-01-02;1,44;;;jah
1991-01-03;1,4;;;jah
1991-01-04;2,04;;;jah
1991-01-05;2,42;;;jah
1991-01-06;2,77;;;jah
1991-01-07;3,98;;;jah
1991-01-08;4,71;;;jah
1991-01-09;4,52;;;jah
1991-01-10;5,36;;;jah
1991-01-11;6,48;;;jah
1991-01-12;4,27;;;jah
1991-01-13;2,53;;;jah
1991-01-14;1,6;;;jah
1991-01-15;1,24;;;jah
1991-01-16;0,84;;;jah
1991-01-17;0,67;;;jah
1991-01-18;0,56;;;jah
1991-01-19;0,53;;;jah
1991-01-20;0,51;;;jah
1991-01-21;0,61;;;jah
1991-01-22;0,69;;;jah
1991-01-23;0,6;;;jah
1991-01-24;0,56;;;jah
1991-01-25;0,52;;;jah
1991-01-26;0,52;;;jah
1991-01-27;0,49;;;jah
1991-01-28;0,48;;;jah
1991-01-29;0,47;;;jah
1991-01-30;0,43;;;jah
1991-01-31;0,39;;;jah
1991-02-01;0,35;;;jah
1991-02-02;0,31;;;jah
1991-02-03;0,27;;;jah
1991-02-04;0,24;;;jah
1991-02-05;0,21;;;jah
1991-02-06;0,18;;;jah
1991-02-07;0,15;;;jah
1991-02-08;0,14;;;jah
1991-02-09;0,14;;;jah
1991-02-10;0,14;;;jah
1991-02-11;0,14;;;jah
1991-02-12;0,13;;;jah
1991-02-13;0,13;;;jah
1991-02-14;0,13;;;jah
1991-02-15;0,12;;;jah
1991-02-16;0,12;;;jah
1991-02-17;0,12;;;jah
1991-02-18;0,12;;;jah
1991-02-19;0,12;;;jah
1991-02-20;0,11;;;jah
1991-02-21;0,12;;;jah
1991-02-22;0,15;;;jah
1991-02-23;0,31;;;jah
1991-02-24;1,42;;;jah
1991-02-25;1,69;;;jah
1991-02-26;1,08;;;jah
1991-02-27;0,71;;;jah
1991-02-28;0,59;;;jah
1991-03-01;0,45;;;jah
1991-03-02;0,37;;;jah
1991-03-03;0,33;;;jah
1991-03-04;0,29;;;jah
1991-03-05;0,29;;;jah
1991-03-06;0,29;;;jah
1991-03-07;0,3;;;jah
1991-03-08;0,3;;;jah
1991-03-09;0,27;;;jah
1991-03-10;0,26;;;jah
1991-03-11;0,26;;;jah
1991-03-12;0,31;;;jah
1991-03-13;0,54;;;jah
1991-03-14;0,58;;;jah
1991-03-15;1,54;;;jah
1991-03-16;0,96;;;jah
1991-03-17;0,66;;;jah
1991-03-18;0,58;;;jah
1991-03-19;0,6;;;jah
1991-03-20;0,75;;;jah
1991-03-21;0,89;;;jah
1991-03-22;1,29;;;jah
1991-03-23;1,61;;;jah
1991-03-24;1,35;;;jah
1991-03-25;1,07;;;jah
1991-03-26;0,87;;;jah
1991-03-27;0,75;;;jah
1991-03-28;0,66;;;jah
1991-03-29;0,62;;;jah
1991-03-30;0,56;;;jah
1991-03-31;0,64;;;jah
1991-04-01;0,66;;;jah
1991-04-02;0,82;;;jah
1991-04-03;0,84;;;jah
1991-04-04;0,78;;;jah
1991-04-05;0,7;;;jah
1991-04-06;0,64;;;jah
1991-04-07;0,6;;;jah
1991-04-08;0,54;;;jah
1991-04-09;0,5;;;jah
1991-04-10;0,46;;;jah
1991-04-11;0,43;;;jah
1991-04-12;0,39;;;jah
1991-04-13;0,36;;;jah
1991-04-14;0,34;;;jah
1991-04-15;0,31;;;jah
1991-04-16;0,31;;;jah
1991-04-17;0,31;;;jah
1991-04-18;0,31;;;jah
1991-04-19;0,3;;;jah
1991-04-20;0,29;;;jah
1991-04-21;0,27;;;jah
1991-04-22;0,24;;;jah
1991-04-23;0,23;;;jah
1991-04-24;0,23;;;jah
1991-04-25;0,23;;;jah
1991-04-26;0,23;;;jah
1991-04-27;0,23;;;jah
1991-04-28;0,21;;;jah
1991-04-29;0,2;;;jah
1991-04-30;0,2;;;jah
1991-05-01;0,23;;;jah
1991-05-02;0,39;;;jah
1991-05-03;0,34;;;jah
1991-05-04;0,31;;;jah
1991-05-05;0,31;;;jah
1991-05-06;0,27;;;jah
1991-05-07;0,23;;;jah
1991-05-08;0,22;;;jah
1991-05-09;0,19;;;jah
1991-05-10;0,18;;;jah
1991-05-11;0,16;;;jah
1991-05-12;0,16;;;jah
1991-05-13;0,16;;;jah
1991-05-14;0,15;;;jah
1991-05-15;0,15;;;jah
1991-05-16;0,15;;;jah
1991-05-17;0,13;;;jah
1991-05-18;0,13;;;jah
1991-05-19;0,12;;;jah
1991-05-20;0,13;;;jah
1991-05-21;0,22;;;jah
1991-05-22;0,27;;;jah
1991-05-23;0,23;;;jah
1991-05-24;0,21;;;jah
1991-05-25;0,19;;;jah
1991-05-26;0,16;;;jah
1991-05-27;0,16;;;jah
1991-05-28;0,18;;;jah
1991-05-29;0,18;;;jah
1991-05-30;0,16;;;jah
1991-05-31;0,15;;;jah
1991-06-01;0,13;;;jah
1991-06-02;0,12;;;jah
1991-06-03;0,11;;;jah
1991-06-04;0,14;;;jah
1991-06-05;0,31;;;jah
1991-06-06;0,31;;;jah
1991-06-07;0,24;;;jah
1991-06-08;0,19;;;jah
1991-06-09;0,15;;;jah
1991-06-10;0,14;;;jah
1991-06-11;0,13;;;jah
1991-06-12;0,11;;;jah
1991-06-13;0,12;;;jah
1991-06-14;0,2;;;jah
1991-06-15;0,22;;;jah
1991-06-16;0,19;;;jah
1991-06-17;0,25;;;jah
1991-06-18;0,33;;;jah
1991-06-19;1,87;;;jah
1991-06-20;1,27;;;jah
1991-06-21;0,83;;;jah
1991-06-22;0,57;;;jah
1991-06-23;0,46;;;jah
1991-06-24;0,49;;;jah
1991-06-25;0,44;;;jah
1991-06-26;0,41;;;jah
1991-06-27;0,42;;;jah
1991-06-28;0,39;;;jah
1991-06-29;0,76;;;jah
1991-06-30;0,74;;;jah
1991-07-01;0,58;;;jah
1991-07-02;0,4;;;jah
1991-07-03;0,33;;;jah
1991-07-04;0,24;;;jah
1991-07-05;0,19;;;jah
1991-07-06;0,16;;;jah
1991-07-07;0,14;;;jah
1991-07-08;0,12;;;jah
1991-07-09;0,11;;;jah
1991-07-10;0,091;;;jah
1991-07-11;0,084;;;jah
1991-07-12;0,084;;;jah
1991-07-13;0,084;;;jah
1991-07-14;0,077;;;jah
1991-07-15;0,07;;;jah
1991-07-16;0,064;;;jah
1991-07-17;0,064;;;jah
1991-07-18;0,064;;;jah
1991-07-19;0,058;;;jah
1991-07-20;0,077;;;jah
1991-07-21;0,07;;;jah
1991-07-22;0,07;;;jah
1991-07-23;0,064;;;jah
1991-07-24;0,058;;;jah
1991-07-25;0,052;;;jah
1991-07-26;0,052;;;jah
1991-07-27;0,048;;;jah
1991-07-28;0,048;;;jah
1991-07-29;0,048;;;jah
1991-07-30;0,048;;;jah
1991-07-31;0,048;;;jah
1991-08-01;0,044;;;jah
1991-08-02;0,044;;;jah
1991-08-03;0,044;;;jah
1991-08-04;0,041;;;jah
1991-08-05;0,041;;;jah
1991-08-06;0,041;;;jah
1991-08-07;0,041;;;jah
1991-08-08;0,041;;;jah
1991-08-09;0,041;;;jah
1991-08-10;0,041;;;jah
1991-08-11;0,041;;;jah
1991-08-12;0,044;;;jah
1991-08-13;0,048;;;jah
1991-08-14;0,044;;;jah
1991-08-15;0,041;;;jah
1991-08-16;0,039;;;jah
1991-08-17;0,039;;;jah
1991-08-18;0,039;;;jah
1991-08-19;0,041;;;jah
1991-08-20;0,041;;;jah
1991-08-21;0,039;;;jah
1991-08-22;0,037;;;jah
1991-08-23;0,037;;;jah
1991-08-24;0,037;;;jah
1991-08-25;0,037;;;jah
1991-08-26;0,037;;;jah
1991-08-27;0,037;;;jah
1991-08-28;0,037;;;jah
1991-08-29;0,035;;;jah
1991-08-30;0,035;;;jah
1991-08-31;0,035;;;jah
1991-09-01;0,035;;;jah
1991-09-02;0,035;;;jah
1991-09-03;0,035;;;jah
1991-09-04;0,035;;;jah
1991-09-05;0,035;;;jah
1991-09-06;0,035;;;jah
1991-09-07;0,035;;;jah
1991-09-08;0,035;;;jah
1991-09-09;0,035;;;jah
1991-09-10;0,035;;;jah
1991-09-11;0,035;;;jah
1991-09-12;0,035;;;jah
1991-09-13;0,035;;;jah
1991-09-14;0,035;;;jah
1991-09-15;0,035;;;jah
1991-09-16;0,035;;;jah
1991-09-17;0,035;;;jah
1991-09-18;0,035;;;jah
1991-09-19;0,035;;;jah
1991-09-20;0,034;;;jah
1991-09-21;0,034;;;jah
1991-09-22;0,034;;;jah
1991-09-23;0,034;;;jah
1991-09-24;0,035;;;jah
1991-09-25;0,035;;;jah
1991-09-26;0,035;;;jah
1991-09-27;0,035;;;jah
1991-09-28;0,035;;;jah
1991-09-29;0,035;;;jah
1991-09-30;0,035;;;jah
1991-10-01;0,035;;;jah
1991-10-02;0,035;;;jah
1991-10-03;0,035;;;jah
1991-10-04;0,035;;;jah
1991-10-05;0,038;;;jah
1991-10-06;0,038;;;jah
1991-10-07;0,038;;;jah
1991-10-08;0,038;;;jah
1991-10-09;0,038;;;jah
1991-10-10;0,038;;;jah
1991-10-11;0,038;;;jah
1991-10-12;0,038;;;jah
1991-10-13;0,038;;;jah
1991-10-14;0,036;;;jah
1991-10-15;0,036;;;jah
1991-10-16;0,036;;;jah
1991-10-17;0,036;;;jah
1991-10-18;0,038;;;jah
1991-10-19;0,038;;;jah
1991-10-20;0,041;;;jah
1991-10-21;0,044;;;jah
1991-10-22;0,044;;;jah
1991-10-23;0,041;;;jah
1991-10-24;0,041;;;jah
1991-10-25;0,041;;;jah
1991-10-26;0,041;;;jah
1991-10-27;0,041;;;jah
1991-10-28;0,038;;;jah
1991-10-29;0,038;;;jah
1991-10-30;0,038;;;jah
1991-10-31;0,038;;;jah
1991-11-01;0,038;;;jah
1991-11-02;0,038;;;jah
1991-11-03;0,038;;;jah
1991-11-04;0,044;;;jah
1991-11-05;0,074;;;jah
1991-11-06;0,13;;;jah
1991-11-07;0,14;;;jah
1991-11-08;0,27;;;jah
1991-11-09;0,65;;;jah
1991-11-10;0,67;;;jah
1991-11-11;0,5;;;jah
1991-11-12;0,54;;;jah
1991-11-13;0,62;;;jah
1991-11-14;0,55;;;jah
1991-11-15;0,57;;;jah
1991-11-16;1,18;;;jah
1991-11-17;0,88;;;jah
1991-11-18;1,06;;;jah
1991-11-19;1,89;;;jah
1991-11-20;1,57;;;jah
1991-11-21;1,19;;;jah
1991-11-22;1,01;;;jah
1991-11-23;1,18;;;jah
1991-11-24;1,06;;;jah
1991-11-25;0,92;;;jah
1991-11-26;0,82;;;jah
1991-11-27;0,74;;;jah
1991-11-28;0,74;;;jah
1991-11-29;0,68;;;jah
1991-11-30;0,59;;;jah
1991-12-01;0,55;;;jah
1991-12-02;0,5;;;jah
1991-12-03;0,45;;;jah
1991-12-04;0,42;;;jah
1991-12-05;0,4;;;jah
1991-12-06;0,38;;;jah
1991-12-07;0,37;;;jah
1991-12-08;0,27;;;jah
1991-12-09;0,28;;;jah
1991-12-10;0,31;;;jah
1991-12-11;0,31;;;jah
1991-12-12;0,34;;;jah
1991-12-13;0,35;;;jah
1991-12-14;0,38;;;jah
1991-12-15;0,36;;;jah
1991-12-16;0,38;;;jah
1991-12-17;0,39;;;jah
1991-12-18;0,37;;;jah
1991-12-19;0,37;;;jah
1991-12-20;0,55;;;jah
1991-12-21;1,15;;;jah
1991-12-22;1,66;;;jah
1991-12-23;2,09;;;jah
1991-12-24;2,62;;;jah
1991-12-25;1,97;;;jah
1991-12-26;1,46;;;jah
1991-12-27;1,18;;;jah
1991-12-28;0,96;;;jah
1991-12-29;1,03;;;jah
1991-12-30;1,21;;;jah
1991-12-31;0,96;;;jah
1992-01-01;0,7;;;jah
1992-01-02;0,91;;;jah
1992-01-03;1,03;;;jah
1992-01-04;1,13;;;jah
1992-01-05;1;;;jah
1992-01-06;0,86;;;jah
1992-01-07;0,77;;;jah
1992-01-08;0,94;;;jah
1992-01-09;1,9;;;jah
1992-01-10;1,98;;;jah
1992-01-11;1,64;;;jah
1992-01-12;1,8;;;jah
1992-01-13;1,3;;;jah
1992-01-14;1,03;;;jah
1992-01-15;1,11;;;jah
1992-01-16;1,04;;;jah
1992-01-17;0,93;;;jah
1992-01-18;0,55;;;jah
1992-01-19;0,52;;;jah
1992-01-20;0,69;;;jah
1992-01-21;0,55;;;jah
1992-01-22;0,45;;;jah
1992-01-23;0,59;;;jah
1992-01-24;0,61;;;jah
1992-01-25;0,56;;;jah
1992-01-26;0,56;;;jah
1992-01-27;0,52;;;jah
1992-01-28;0,49;;;jah
1992-01-29;0,52;;;jah
1992-01-30;0,5;;;jah
1992-01-31;0,47;;;jah
1992-02-01;0,45;;;jah
1992-02-02;0,45;;;jah
1992-02-03;0,5;;;jah
1992-02-04;0,95;;;jah
1992-02-05;0,86;;;jah
1992-02-06;0,68;;;jah
1992-02-07;0,56;;;jah
1992-02-08;0,7;;;jah
1992-02-09;0,98;;;jah
1992-02-10;0,86;;;jah
1992-02-11;0,86;;;jah
1992-02-12;0,83;;;jah
1992-02-13;0,73;;;jah
1992-02-14;0,82;;;jah
1992-02-15;0,73;;;jah
1992-02-16;0,64;;;jah
1992-02-17;0,6;;;jah
1992-02-18;0,4;;;jah
1992-02-19;0,34;;;jah
1992-02-20;0,33;;;jah
1992-02-21;0,3;;;jah
1992-02-22;0,28;;;jah
1992-02-23;0,75;;;jah
1992-02-24;1,74;;;jah
1992-02-25;1,38;;;jah
1992-02-26;1,23;;;jah
1992-02-27;1,04;;;jah
1992-02-28;0,9;;;jah
1992-02-29;0,85;;;jah
1992-03-01;0,79;;;jah
1992-03-02;0,72;;;jah
1992-03-03;0,68;;;jah
1992-03-04;1,02;;;jah
1992-03-05;0,97;;;jah
1992-03-06;0,78;;;jah
1992-03-07;0,65;;;jah
1992-03-08;0,59;;;jah
1992-03-09;0,55;;;jah
1992-03-10;0,49;;;jah
1992-03-11;0,47;;;jah
1992-03-12;0,46;;;jah
1992-03-13;0,75;;;jah
1992-03-14;1,22;;;jah
1992-03-15;1,1;;;jah
1992-03-16;0,79;;;jah
1992-03-17;0,64;;;jah
1992-03-18;0,71;;;jah
1992-03-19;0,8;;;jah
1992-03-20;0,74;;;jah
1992-03-21;1,04;;;jah
1992-03-22;1,5;;;jah
1992-03-23;1,3;;;jah
1992-03-24;1,08;;;jah
1992-03-25;0,96;;;jah
1992-03-26;0,88;;;jah
1992-03-27;0,93;;;jah
1992-03-28;0,96;;;jah
1992-03-29;1,04;;;jah
1992-03-30;1,19;;;jah
1992-03-31;1,08;;;jah
1992-04-01;0,9;;;jah
1992-04-02;1,08;;;jah
1992-04-03;3,39;;;jah
1992-04-04;3,82;;;jah
1992-04-05;3,2;;;jah
1992-04-06;2,34;;;jah
1992-04-07;1,8;;;jah
1992-04-08;1,4;;;jah
1992-04-09;1,1;;;jah
1992-04-10;0,9;;;jah
1992-04-11;0,83;;;jah
1992-04-12;0,77;;;jah
1992-04-13;0,74;;;jah
1992-04-14;0,74;;;jah
1992-04-15;0,69;;;jah
1992-04-16;0,83;;;jah
1992-04-17;1,14;;;jah
1992-04-18;0,88;;;jah
1992-04-19;1,14;;;jah
1992-04-20;1,5;;;jah
1992-04-21;1,24;;;jah
1992-04-22;1,04;;;jah
1992-04-23;0,85;;;jah
1992-04-24;0,77;;;jah
1992-04-25;0,69;;;jah
1992-04-26;0,62;;;jah
1992-04-27;0,59;;;jah
1992-04-28;0,96;;;jah
1992-04-29;0,88;;;jah
1992-04-30;0,88;;;jah
1992-05-01;0,77;;;jah
1992-05-02;0,69;;;jah
1992-05-03;0,59;;;jah
1992-05-04;0,54;;;jah
1992-05-05;0,51;;;jah
1992-05-06;0,45;;;jah
1992-05-07;0,43;;;jah
1992-05-08;0,41;;;jah
1992-05-09;0,38;;;jah
1992-05-10;0,34;;;jah
1992-05-11;0,32;;;jah
1992-05-12;0,3;;;jah
1992-05-13;0,54;;;jah
1992-05-14;0,59;;;jah
1992-05-15;0,43;;;jah
1992-05-16;0,39;;;jah
1992-05-17;0,34;;;jah
1992-05-18;0,29;;;jah
1992-05-19;0,25;;;jah
1992-05-20;0,21;;;jah
1992-05-21;0,2;;;jah
1992-05-22;0,18;;;jah
1992-05-23;0,17;;;jah
1992-05-24;0,16;;;jah
1992-05-25;0,15;;;jah
1992-05-26;0,14;;;jah
1992-05-27;0,13;;;jah
1992-05-28;0,1;;;jah
1992-05-29;0,11;;;jah
1992-05-30;0,1;;;jah
1992-05-31;0,094;;;jah
1992-06-01;0,084;;;jah
1992-06-02;0,08;;;jah
1992-06-03;0,077;;;jah
1992-06-04;0,074;;;jah
1992-06-05;0,071;;;jah
1992-06-06;0,067;;;jah
1992-06-07;0,064;;;jah
1992-06-08;0,061;;;jah
1992-06-09;0,058;;;jah
1992-06-10;0,056;;;jah
1992-06-11;0,055;;;jah
1992-06-12;0,053;;;jah
1992-06-13;0,052;;;jah
1992-06-14;0,05;;;jah
1992-06-15;0,049;;;jah
1992-06-16;0,047;;;jah
1992-06-17;0,046;;;jah
1992-06-18;0,044;;;jah
1992-06-19;0,043;;;jah
1992-06-20;0,04;;;jah
1992-06-21;0,038;;;jah
1992-06-22;0,036;;;jah
1992-06-23;0,033;;;jah
1992-06-24;0,031;;;jah
1992-06-25;0,028;;;jah
1992-06-26;0,026;;;jah
1992-06-27;0,024;;;jah
1992-06-28;0,021;;;jah
1992-06-29;0,019;;;jah
1992-06-30;0,016;;;jah
1992-07-01;0,014;;;jah
1992-07-02;0,012;;;jah
1992-07-03;0,012;;;jah
1992-07-04;0,012;;;jah
1992-07-05;0,012;;;jah
1992-07-06;0,012;;;jah
1992-07-07;0,012;;;jah
1992-07-08;0,012;;;jah
1992-07-09;0,012;;;jah
1992-07-10;0,012;;;jah
1992-07-11;0,012;;;jah
1992-07-12;0,013;;;jah
1992-07-13;0,012;;;jah
1992-07-14;0,012;;;jah
1992-07-15;0,012;;;jah
1992-07-16;0,012;;;jah
1992-07-17;0,011;;;jah
1992-07-18;0,011;;;jah
1992-07-19;0,011;;;jah
1992-07-20;0,011;;;jah
1992-07-21;0,01;;;jah
1992-07-22;0,01;;;jah
1992-07-23;0,01;;;jah
1992-07-24;0,01;;;jah
1992-07-25;0,011;;;jah
1992-07-26;0,011;;;jah
1992-07-27;0,012;;;jah
1992-07-28;0,012;;;jah
1992-07-29;0,013;;;jah
1992-07-30;0,013;;;jah
1992-07-31;0,014;;;jah
1992-08-01;0,014;;;jah
1992-08-02;0,015;;;jah
1992-08-03;0,015;;;jah
1992-08-04;0,015;;;jah
1992-08-05;0,015;;;jah
1992-08-06;0,015;;;jah
1992-08-07;0,015;;;jah
1992-08-08;0,016;;;jah
1992-08-09;0,016;;;jah
1992-08-10;0,016;;;jah
1992-08-11;0,016;;;jah
1992-08-12;0,016;;;jah
1992-08-13;0,017;;;jah
1992-08-14;0,018;;;jah
1992-08-15;0,018;;;jah
1992-08-16;0,019;;;jah
1992-08-17;0,02;;;jah
1992-08-18;0,021;;;jah
1992-08-19;0,022;;;jah
1992-08-20;0,022;;;jah
1992-08-21;0,023;;;jah
1992-08-22;0,024;;;jah
1992-08-23;0,026;;;jah
1992-08-24;0,026;;;jah
1992-08-25;0,027;;;jah
1992-08-26;0,027;;;jah
1992-08-27;0,027;;;jah
1992-08-28;0,028;;;jah
1992-08-29;0,028;;;jah
1992-08-30;0,028;;;jah
1992-08-31;0,028;;;jah
1992-09-01;0,029;;;jah
1992-09-02;0,029;;;jah
1992-09-03;0,03;;;jah
1992-09-04;0,029;;;jah
1992-09-05;0,027;;;jah
1992-09-06;0,026;;;jah
1992-09-07;0,024;;;jah
1992-09-08;0,023;;;jah
1992-09-09;0,021;;;jah
1992-09-10;0,02;;;jah
1992-09-11;0,018;;;jah
1992-09-12;0,017;;;jah
1992-09-13;0,015;;;jah
1992-09-14;0,015;;;jah
1992-09-15;0,015;;;jah
1992-09-16;0,015;;;jah
1992-09-17;0,015;;;jah
1992-09-18;0,015;;;jah
1992-09-19;0,015;;;jah
1992-09-20;0,015;;;jah
1992-09-21;0,015;;;jah
1992-09-22;0,015;;;jah
1992-09-23;0,015;;;jah
1992-09-24;0,015;;;jah
1992-09-25;0,015;;;jah
1992-09-26;0,015;;;jah
1992-09-27;0,015;;;jah
1992-09-28;0,015;;;jah
1992-09-29;0,015;;;jah
1992-09-30;0,016;;;jah
1992-10-01;0,016;;;jah
1992-10-02;0,016;;;jah
1992-10-03;0,016;;;jah
1992-10-04;0,016;;;jah
1992-10-05;0,017;;;jah
1992-10-06;0,017;;;jah
1992-10-07;0,017;;;jah
1992-10-08;0,018;;;jah
1992-10-09;0,018;;;jah
1992-10-10;0,018;;;jah
1992-10-11;0,019;;;jah
1992-10-12;0,019;;;jah
1992-10-13;0,025;;;jah
1992-10-14;0,03;;;jah
1992-10-15;0,036;;;jah
1992-10-16;0,041;;;jah
1992-10-17;0,047;;;jah
1992-10-18;0,053;;;jah
1992-10-19;0,059;;;jah
1992-10-20;0,064;;;jah
1992-10-21;0,07;;;jah
1992-10-22;0,081;;;jah
1992-10-23;0,13;;;jah
1992-10-24;0,11;;;jah
1992-10-25;0,11;;;jah
1992-10-26;0,11;;;jah
1992-10-27;0,11;;;jah
1992-10-28;0,11;;;jah
1992-10-29;0,11;;;jah
1992-10-30;0,11;;;jah
1992-10-31;0,11;;;jah
1992-11-01;0,11;;;jah
1992-11-02;0,11;;;jah
1992-11-03;0,2;;;jah
1992-11-04;0,29;;;jah
1992-11-05;0,25;;;jah
1992-11-06;0,19;;;jah
1992-11-07;0,19;;;jah
1992-11-08;0,22;;;jah
1992-11-09;0,2;;;jah
1992-11-10;0,16;;;jah
1992-11-11;0,14;;;jah
1992-11-12;0,15;;;jah
1992-11-13;0,21;;;jah
1992-11-14;0,24;;;jah
1992-11-15;0,23;;;jah
1992-11-16;0,2;;;jah
1992-11-17;0,17;;;jah
1992-11-18;0,15;;;jah
1992-11-19;0,25;;;jah
1992-11-20;0,51;;;jah
1992-11-21;0,58;;;jah
1992-11-22;0,53;;;jah
1992-11-23;0,44;;;jah
1992-11-24;0,34;;;jah
1992-11-25;0,35;;;jah
1992-11-26;0,47;;;jah
1992-11-27;0,56;;;jah
1992-11-28;0,46;;;jah
1992-11-29;0,37;;;jah
1992-11-30;0,3;;;jah
1992-12-01;0,3;;;jah
1992-12-02;0,34;;;jah
1992-12-03;0,35;;;jah
1992-12-04;0,47;;;jah
1992-12-05;0,74;;;jah
1992-12-06;0,79;;;jah
1992-12-07;0,63;;;jah
1992-12-08;0,49;;;jah
1992-12-09;0,44;;;jah
1992-12-10;0,38;;;jah
1992-12-11;0,38;;;jah
1992-12-12;0,61;;;jah
1992-12-13;0,6;;;jah
1992-12-14;0,5;;;jah
1992-12-15;0,42;;;jah
1992-12-16;0,42;;;jah
1992-12-17;0,41;;;jah
1992-12-18;0,35;;;jah
1992-12-19;0,32;;;jah
1992-12-20;0,35;;;jah
1992-12-21;0,34;;;jah
1992-12-22;0,35;;;jah
1992-12-23;0,23;;;jah
1992-12-24;0,16;;;jah
1992-12-25;0,16;;;jah
1992-12-26;0,15;;;jah
1992-12-27;0,15;;;jah
1992-12-28;0,14;;;jah
1992-12-29;0,14;;;jah
1992-12-30;0,13;;;jah
1992-12-31;0,12;;;jah
1993-01-01;0,1;;;jah
1993-01-02;0,083;;;jah
1993-01-03;0,083;;;jah
1993-01-04;0,076;;;jah
1993-01-05;0,069;;;jah
1993-01-06;0,077;;;jah
1993-01-07;0,077;;;jah
1993-01-08;0,078;;;jah
1993-01-09;0,079;;;jah
1993-01-10;0,08;;;jah
1993-01-11;0,18;;;jah
1993-01-12;0,26;;;jah
1993-01-13;0,34;;;jah
1993-01-14;0,4;;;jah
1993-01-15;0,8;;;jah
1993-01-16;1,12;;;jah
1993-01-17;1,08;;;jah
1993-01-18;0,9;;;jah
1993-01-19;0,85;;;jah
1993-01-20;0,97;;;jah
1993-01-21;1,07;;;jah
1993-01-22;1,27;;;jah
1993-01-23;1,88;;;jah
1993-01-24;1,48;;;jah
1993-01-25;1,06;;;jah
1993-01-26;0,97;;;jah
1993-01-27;0,91;;;jah
1993-01-28;0,81;;;jah
1993-01-29;0,61;;;jah
1993-01-30;0,54;;;jah
1993-01-31;0,5;;;jah
1993-02-01;0,49;;;jah
1993-02-02;0,43;;;jah
1993-02-03;0,48;;;jah
1993-02-04;1,19;;;jah
1993-02-05;1,85;;;jah
1993-02-06;1,65;;;jah
1993-02-07;1,27;;;jah
1993-02-08;0,9;;;jah
1993-02-09;0,79;;;jah
1993-02-10;0,69;;;jah
1993-02-11;0,58;;;jah
1993-02-12;0,55;;;jah
1993-02-13;0,53;;;jah
1993-02-14;0,5;;;jah
1993-02-15;0,47;;;jah
1993-02-16;0,49;;;jah
1993-02-17;0,71;;;jah
1993-02-18;0,59;;;jah
1993-02-19;0,45;;;jah
1993-02-20;0,54;;;jah
1993-02-21;0,54;;;jah
1993-02-22;0,45;;;jah
1993-02-23;0,36;;;jah
1993-02-24;0,38;;;jah
1993-02-25;0,41;;;jah
1993-02-26;0,35;;;jah
1993-02-27;0,35;;;jah
1993-02-28;0,33;;;jah
1993-03-01;0,39;;;jah
1993-03-02;0,39;;;jah
1993-03-03;0,28;;;jah
1993-03-04;0,27;;;jah
1993-03-05;0,27;;;jah
1993-03-06;0,28;;;jah
1993-03-07;0,25;;;jah
1993-03-08;0,25;;;jah
1993-03-09;0,27;;;jah
1993-03-10;0,22;;;jah
1993-03-11;0,28;;;jah
1993-03-12;0,22;;;jah
1993-03-13;0,21;;;jah
1993-03-14;0,34;;;jah
1993-03-15;0,67;;;jah
1993-03-16;1,24;;;jah
1993-03-17;2;;;jah
1993-03-18;1,78;;;jah
1993-03-19;2,04;;;jah
1993-03-20;1,69;;;jah
1993-03-21;1,32;;;jah
1993-03-22;1,19;;;jah
1993-03-23;1,14;;;jah
1993-03-24;1,29;;;jah
1993-03-25;1,16;;;jah
1993-03-26;0,96;;;jah
1993-03-27;0,86;;;jah
1993-03-28;0,72;;;jah
1993-03-29;0,64;;;jah
1993-03-30;0,51;;;jah
1993-03-31;0,61;;;jah
1993-04-01;0,59;;;jah
1993-04-02;0,56;;;jah
1993-04-03;0,51;;;jah
1993-04-04;0,48;;;jah
1993-04-05;0,53;;;jah
1993-04-06;0,54;;;jah
1993-04-07;0,52;;;jah
1993-04-08;0,49;;;jah
1993-04-09;0,48;;;jah
1993-04-10;0,46;;;jah
1993-04-11;0,42;;;jah
1993-04-12;0,38;;;jah
1993-04-13;0,37;;;jah
1993-04-14;0,34;;;jah
1993-04-15;0,29;;;jah
1993-04-16;0,27;;;jah
1993-04-17;0,26;;;jah
1993-04-18;0,29;;;jah
1993-04-19;0,3;;;jah
1993-04-20;0,28;;;jah
1993-04-21;0,25;;;jah
1993-04-22;0,28;;;jah
1993-04-23;0,3;;;jah
1993-04-24;0,27;;;jah
1993-04-25;0,25;;;jah
1993-04-26;0,22;;;jah
1993-04-27;0,22;;;jah
1993-04-28;0,2;;;jah
1993-04-29;0,19;;;jah
1993-04-30;0,19;;;jah
1993-05-01;0,17;;;jah
1993-05-02;0,15;;;jah
1993-05-03;0,14;;;jah
1993-05-04;0,12;;;jah
1993-05-05;0,11;;;jah
1993-05-06;0,11;;;jah
1993-05-07;0,094;;;jah
1993-05-08;0,089;;;jah
1993-05-09;0,083;;;jah
1993-05-10;0,078;;;jah
1993-05-11;0,078;;;jah
1993-05-12;0,072;;;jah
1993-05-13;0,073;;;jah
1993-05-14;0,074;;;jah
1993-05-15;0,069;;;jah
1993-05-16;0,065;;;jah
1993-05-17;0,067;;;jah
1993-05-18;0,063;;;jah
1993-05-19;0,064;;;jah
1993-05-20;0,066;;;jah
1993-05-21;0,067;;;jah
1993-05-22;0,06;;;jah
1993-05-23;0,061;;;jah
1993-05-24;0,053;;;jah
1993-05-25;0,061;;;jah
1993-05-26;0,061;;;jah
1993-05-27;0,053;;;jah
1993-05-28;0,053;;;jah
1993-05-29;0,053;;;jah
1993-05-30;0,053;;;jah
1993-05-31;0,053;;;jah
1993-06-01;0,052;;;jah
1993-06-02;0,05;;;jah
1993-06-03;0,049;;;jah
1993-06-04;0,048;;;jah
1993-06-05;0,047;;;jah
1993-06-06;0,047;;;jah
1993-06-07;0,047;;;jah
1993-06-08;0,047;;;jah
1993-06-09;0,047;;;jah
1993-06-10;0,047;;;jah
1993-06-11;0,047;;;jah
1993-06-12;0,04;;;jah
1993-06-13;0,04;;;jah
1993-06-14;0,04;;;jah
1993-06-15;0,04;;;jah
1993-06-16;0,04;;;jah
1993-06-17;0,046;;;jah
1993-06-18;0,046;;;jah
1993-06-19;0,046;;;jah
1993-06-20;0,065;;;jah
1993-06-21;0,091;;;jah
1993-06-22;0,091;;;jah
1993-06-23;0,072;;;jah
1993-06-24;0,072;;;jah
1993-06-25;0,07;;;jah
1993-06-26;0,088;;;jah
1993-06-27;0,096;;;jah
1993-06-28;0,08;;;jah
1993-06-29;0,061;;;jah
1993-06-30;0,055;;;jah
1993-07-01;0,043;;;jah
1993-07-02;0,044;;;jah
1993-07-03;0,04;;;jah
1993-07-04;0,042;;;jah
1993-07-05;0,043;;;jah
1993-07-06;0,045;;;jah
1993-07-07;0,046;;;jah
1993-07-08;0,047;;;jah
1993-07-09;0,047;;;jah
1993-07-10;0,047;;;jah
1993-07-11;0,047;;;jah
1993-07-12;0,047;;;jah
1993-07-13;0,047;;;jah
1993-07-14;0,047;;;jah
1993-07-15;0,047;;;jah
1993-07-16;0,047;;;jah
1993-07-17;0,047;;;jah
1993-07-18;0,047;;;jah
1993-07-19;0,12;;;jah
1993-07-20;0,31;;;jah
1993-07-21;0,15;;;jah
1993-07-22;0,11;;;jah
1993-07-23;0,12;;;jah
1993-07-24;0,2;;;jah
1993-07-25;1,19;;;jah
1993-07-26;2,4;;;jah
1993-07-27;1,78;;;jah
1993-07-28;1,2;;;jah
1993-07-29;0,87;;;jah
1993-07-30;0,64;;;jah
1993-07-31;0,46;;;jah
1993-08-01;0,41;;;jah
1993-08-02;0,44;;;jah
1993-08-03;0,36;;;jah
1993-08-04;0,27;;;jah
1993-08-05;0,22;;;jah
1993-08-06;0,19;;;jah
1993-08-07;0,22;;;jah
1993-08-08;0,26;;;jah
1993-08-09;0,24;;;jah
1993-08-10;0,23;;;jah
1993-08-11;0,79;;;jah
1993-08-12;1,02;;;jah
1993-08-13;0,82;;;jah
1993-08-14;0,85;;;jah
1993-08-15;0,66;;;jah
1993-08-16;0,49;;;jah
1993-08-17;0,44;;;jah
1993-08-18;0,66;;;jah
1993-08-19;1;;;jah
1993-08-20;1,29;;;jah
1993-08-21;1,02;;;jah
1993-08-22;0,82;;;jah
1993-08-23;0,65;;;jah
1993-08-24;0,79;;;jah
1993-08-25;1,33;;;jah
1993-08-26;1,63;;;jah
1993-08-27;1,27;;;jah
1993-08-28;1,04;;;jah
1993-08-29;0,84;;;jah
1993-08-30;0,69;;;jah
1993-08-31;0,57;;;jah
1993-09-01;0,46;;;jah
1993-09-02;0,39;;;jah
1993-09-03;0,43;;;jah
1993-09-04;0,42;;;jah
1993-09-05;0,36;;;jah
1993-09-06;0,32;;;jah
1993-09-07;0,41;;;jah
1993-09-08;0,62;;;jah
1993-09-09;0,61;;;jah
1993-09-10;0,53;;;jah
1993-09-11;0,41;;;jah
1993-09-12;0,3;;;jah
1993-09-13;0,27;;;jah
1993-09-14;0,24;;;jah
1993-09-15;0,27;;;jah
1993-09-16;1,03;;;jah
1993-09-17;2,65;;;jah
1993-09-18;2,21;;;jah
1993-09-19;1,56;;;jah
1993-09-20;0,94;;;jah
1993-09-21;0,73;;;jah
1993-09-22;0,62;;;jah
1993-09-23;0,57;;;jah
1993-09-24;0,97;;;jah
1993-09-25;0,88;;;jah
1993-09-26;0,71;;;jah
1993-09-27;0,63;;;jah
1993-09-28;0,54;;;jah
1993-09-29;0,48;;;jah
1993-09-30;0,43;;;jah
1993-10-01;0,41;;;jah
1993-10-02;0,38;;;jah
1993-10-03;0,36;;;jah
1993-10-04;0,34;;;jah
1993-10-05;0,34;;;jah
1993-10-06;0,34;;;jah
1993-10-07;0,32;;;jah
1993-10-08;0,37;;;jah
1993-10-09;0,42;;;jah
1993-10-10;0,47;;;jah
1993-10-11;0,57;;;jah
1993-10-12;0,54;;;jah
1993-10-13;0,71;;;jah
1993-10-14;0,94;;;jah
1993-10-15;1,01;;;jah
1993-10-16;0,79;;;jah
1993-10-17;0,77;;;jah
1993-10-18;1,23;;;jah
1993-10-19;1,18;;;jah
1993-10-20;0,9;;;jah
1993-10-21;0,75;;;jah
1993-10-22;0,75;;;jah
1993-10-23;0,55;;;jah
1993-10-24;0,5;;;jah
1993-10-25;0,45;;;jah
1993-10-26;0,53;;;jah
1993-10-27;0,63;;;jah
1993-10-28;0,6;;;jah
1993-10-29;0,52;;;jah
1993-10-30;0,44;;;jah
1993-10-31;0,42;;;jah
1993-11-01;0,39;;;jah
1993-11-02;0,36;;;jah
1993-11-03;0,34;;;jah
1993-11-04;0,34;;;jah
1993-11-05;0,32;;;jah
1993-11-06;0,31;;;jah
1993-11-07;0,3;;;jah
1993-11-08;0,29;;;jah
1993-11-09;0,28;;;jah
1993-11-10;0,28;;;jah
1993-11-11;0,31;;;jah
1993-11-12;0,25;;;jah
1993-11-13;0,21;;;jah
1993-11-14;0,19;;;jah
1993-11-15;0,17;;;jah
1993-11-16;0,15;;;jah
1993-11-17;0,14;;;jah
1993-11-18;0,14;;;jah
1993-11-19;0,14;;;jah
1993-11-20;0,13;;;jah
1993-11-21;0,12;;;jah
1993-11-22;0,12;;;jah
1993-11-23;0,12;;;jah
1993-11-24;0,12;;;jah
1993-11-25;0,12;;;jah
1993-11-26;0,12;;;jah
1993-11-27;0,13;;;jah
1993-11-28;0,12;;;jah
1993-11-29;0,12;;;jah
1993-11-30;0,12;;;jah
1993-12-01;0,12;;;jah
1993-12-02;0,11;;;jah
1993-12-03;0,1;;;jah
1993-12-04;0,18;;;jah
1993-12-05;0,46;;;jah
1993-12-06;0,5;;;jah
1993-12-07;0,39;;;jah
1993-12-08;0,49;;;jah
1993-12-09;0,43;;;jah
1993-12-10;0,41;;;jah
1993-12-11;0,39;;;jah
1993-12-12;0,35;;;jah
1993-12-13;0,34;;;jah
1993-12-14;0,31;;;jah
1993-12-15;0,27;;;jah
1993-12-16;0,22;;;jah
1993-12-17;0,24;;;jah
1993-12-18;0,24;;;jah
1993-12-19;0,48;;;jah
1993-12-20;3,3;;;jah
1993-12-21;3,7;;;jah
1993-12-22;1,88;;;jah
1993-12-23;1,03;;;jah
1993-12-24;0,98;;;jah
1993-12-25;0,74;;;jah
1993-12-26;0,64;;;jah
1993-12-27;0,68;;;jah
1993-12-28;0,49;;;jah
1993-12-29;0,43;;;jah
1993-12-30;0,4;;;jah
1993-12-31;0,4;;;jah
1994-01-01;0,58;;;jah
1994-01-02;0,6;;;jah
1994-01-03;0,57;;;jah
1994-01-04;0,53;;;jah
1994-01-05;0,52;;;jah
1994-01-06;0,48;;;jah
1994-01-07;0,46;;;jah
1994-01-08;0,54;;;jah
1994-01-09;0,64;;;jah
1994-01-10;0,83;;;jah
1994-01-11;0,82;;;jah
1994-01-12;0,63;;;jah
1994-01-13;0,5;;;jah
1994-01-14;2,61;;;jah
1994-01-15;4,12;;;jah
1994-01-16;4,15;;;jah
1994-01-17;2,38;;;jah
1994-01-18;2,29;;;jah
1994-01-19;2,14;;;jah
1994-01-20;1,58;;;jah
1994-01-21;1,18;;;jah
1994-01-22;1,35;;;jah
1994-01-23;1,4;;;jah
1994-01-24;1,08;;;jah
1994-01-25;0,84;;;jah
1994-01-26;0,73;;;jah
1994-01-27;0,61;;;jah
1994-01-28;0,59;;;jah
1994-01-29;0,73;;;jah
1994-01-30;0,69;;;jah
1994-01-31;0,72;;;jah
1994-02-01;0,59;;;jah
1994-02-02;0,46;;;jah
1994-02-03;0,39;;;jah
1994-02-04;0,35;;;jah
1994-02-05;0,29;;;jah
1994-02-06;0,25;;;jah
1994-02-07;0,23;;;jah
1994-02-08;0,21;;;jah
1994-02-09;0,2;;;jah
1994-02-10;0,22;;;jah
1994-02-11;0,19;;;jah
1994-02-12;0,17;;;jah
1994-02-13;0,15;;;jah
1994-02-14;0,15;;;jah
1994-02-15;0,17;;;jah
1994-02-16;0,17;;;jah
1994-02-17;0,16;;;jah
1994-02-18;0,16;;;jah
1994-02-19;0,16;;;jah
1994-02-20;0,15;;;jah
1994-02-21;0,14;;;jah
1994-02-22;0,15;;;jah
1994-02-23;0,16;;;jah
1994-02-24;0,16;;;jah
1994-02-25;0,14;;;jah
1994-02-26;0,14;;;jah
1994-02-27;0,14;;;jah
1994-02-28;0,14;;;jah
1994-03-01;0,14;;;jah
1994-03-02;0,13;;;jah
1994-03-03;0,14;;;jah
1994-03-04;0,14;;;jah
1994-03-05;0,14;;;jah
1994-03-06;0,14;;;jah
1994-03-07;0,15;;;jah
1994-03-08;0,16;;;jah
1994-03-09;0,8;;;jah
1994-03-10;1,22;;;jah
1994-03-11;1,49;;;jah
1994-03-12;1,48;;;jah
1994-03-13;1,41;;;jah
1994-03-14;1,7;;;jah
1994-03-15;1,49;;;jah
1994-03-16;1,41;;;jah
1994-03-17;1,13;;;jah
1994-03-18;0,98;;;jah
1994-03-19;0,79;;;jah
1994-03-20;0,72;;;jah
1994-03-21;0,59;;;jah
1994-03-22;0,43;;;jah
1994-03-23;0,51;;;jah
1994-03-24;1,62;;;jah
1994-03-25;2,04;;;jah
1994-03-26;1,53;;;jah
1994-03-27;1,01;;;jah
1994-03-28;0,65;;;jah
1994-03-29;0,66;;;jah
1994-03-30;0,71;;;jah
1994-03-31;1,19;;;jah
1994-04-01;2,66;;;jah
1994-04-02;5,68;;;jah
1994-04-03;4,9;;;jah
1994-04-04;4,15;;;jah
1994-04-05;3,15;;;jah
1994-04-06;2,49;;;jah
1994-04-07;3,16;;;jah
1994-04-08;4,13;;;jah
1994-04-09;2,9;;;jah
1994-04-10;2,2;;;jah
1994-04-11;1,65;;;jah
1994-04-12;1,32;;;jah
1994-04-13;1,13;;;jah
1994-04-14;1,06;;;jah
1994-04-15;1,19;;;jah
1994-04-16;1,08;;;jah
1994-04-17;0,95;;;jah
1994-04-18;0,74;;;jah
1994-04-19;0,72;;;jah
1994-04-20;0,6;;;jah
1994-04-21;0,55;;;jah
1994-04-22;0,5;;;jah
1994-04-23;0,44;;;jah
1994-04-24;0,39;;;jah
1994-04-25;0,37;;;jah
1994-04-26;0,33;;;jah
1994-04-27;0,31;;;jah
1994-04-28;0,27;;;jah
1994-04-29;0,27;;;jah
1994-04-30;0,24;;;jah
1994-05-01;0,27;;;jah
1994-05-02;0,24;;;jah
1994-05-03;0,22;;;jah
1994-05-04;0,21;;;jah
1994-05-05;0,19;;;jah
1994-05-06;0,18;;;jah
1994-05-07;0,16;;;jah
1994-05-08;0,16;;;jah
1994-05-09;0,15;;;jah
1994-05-10;0,14;;;jah
1994-05-11;0,13;;;jah
1994-05-12;0,14;;;jah
1994-05-13;0,14;;;jah
1994-05-14;0,13;;;jah
1994-05-15;0,13;;;jah
1994-05-16;0,14;;;jah
1994-05-17;0,14;;;jah
1994-05-18;0,17;;;jah
1994-05-19;0,27;;;jah
1994-05-20;0,23;;;jah
1994-05-21;0,28;;;jah
1994-05-22;0,26;;;jah
1994-05-23;0,21;;;jah
1994-05-24;0,18;;;jah
1994-05-25;0,15;;;jah
1994-05-26;0,12;;;jah
1994-05-27;0,12;;;jah
1994-05-28;0,11;;;jah
1994-05-29;0,1;;;jah
1994-05-30;0,11;;;jah
1994-05-31;0,14;;;jah
1994-06-01;0,18;;;jah
1994-06-02;0,15;;;jah
1994-06-03;0,14;;;jah
1994-06-04;0,16;;;jah
1994-06-05;0,18;;;jah
1994-06-06;0,15;;;jah
1994-06-07;0,13;;;jah
1994-06-08;0,12;;;jah
1994-06-09;0,11;;;jah
1994-06-10;0,11;;;jah
1994-06-11;0,11;;;jah
1994-06-12;0,093;;;jah
1994-06-13;0,094;;;jah
1994-06-14;0,095;;;jah
1994-06-15;0,097;;;jah
1994-06-16;0,098;;;jah
1994-06-17;0,16;;;jah
1994-06-18;0,16;;;jah
1994-06-19;0,13;;;jah
1994-06-20;0,15;;;jah
1994-06-21;0,14;;;jah
1994-06-22;0,17;;;jah
1994-06-23;0,42;;;jah
1994-06-24;1,21;;;jah
1994-06-25;1,29;;;jah
1994-06-26;0,73;;;jah
1994-06-27;0,49;;;jah
1994-06-28;0,34;;;jah
1994-06-29;0,24;;;jah
1994-06-30;0,19;;;jah
1994-07-01;0,16;;;jah
1994-07-02;0,14;;;jah
1994-07-03;0,12;;;jah
1994-07-04;0,11;;;jah
1994-07-05;0,1;;;jah
1994-07-06;0,1;;;jah
1994-07-07;0,09;;;jah
1994-07-08;0,089;;;jah
1994-07-09;0,087;;;jah
1994-07-10;0,077;;;jah
1994-07-11;0,075;;;jah
1994-07-12;0,073;;;jah
1994-07-13;0,064;;;jah
1994-07-14;0,063;;;jah
1994-07-15;0,061;;;jah
1994-07-16;0,062;;;jah
1994-07-17;0,062;;;jah
1994-07-18;0,063;;;jah
1994-07-19;0,064;;;jah
1994-07-20;0,058;;;jah
1994-07-21;0,058;;;jah
1994-07-22;0,059;;;jah
1994-07-23;0,06;;;jah
1994-07-24;0,061;;;jah
1994-07-25;0,054;;;jah
1994-07-26;0,054;;;jah
1994-07-27;0,054;;;jah
1994-07-28;0,054;;;jah
1994-07-29;0,053;;;jah
1994-07-30;0,053;;;jah
1994-07-31;0,052;;;jah
1994-08-01;0,051;;;jah
1994-08-02;0,05;;;jah
1994-08-03;0,049;;;jah
1994-08-04;0,048;;;jah
1994-08-05;0,046;;;jah
1994-08-06;0,046;;;jah
1994-08-07;0,046;;;jah
1994-08-08;0,046;;;jah
1994-08-09;0,046;;;jah
1994-08-10;0,046;;;jah
1994-08-11;0,046;;;jah
1994-08-12;0,046;;;jah
1994-08-13;0,046;;;jah
1994-08-14;0,045;;;jah
1994-08-15;0,045;;;jah
1994-08-16;0,045;;;jah
1994-08-17;0,044;;;jah
1994-08-18;0,043;;;jah
1994-08-19;0,037;;;jah
1994-08-20;0,037;;;jah
1994-08-21;0,037;;;jah
1994-08-22;0,043;;;jah
1994-08-23;0,043;;;jah
1994-08-24;0,043;;;jah
1994-08-25;0,042;;;jah
1994-08-26;0,036;;;jah
1994-08-27;0,036;;;jah
1994-08-28;0,042;;;jah
1994-08-29;0,084;;;jah
1994-08-30;0,072;;;jah
1994-08-31;0,06;;;jah
1994-09-01;0,055;;;jah
1994-09-02;0,043;;;jah
1994-09-03;0,043;;;jah
1994-09-04;0,044;;;jah
1994-09-05;0,045;;;jah
1994-09-06;0,046;;;jah
1994-09-07;0,053;;;jah
1994-09-08;0,06;;;jah
1994-09-09;0,054;;;jah
1994-09-10;0,055;;;jah
1994-09-11;0,056;;;jah
1994-09-12;0,063;;;jah
1994-09-13;0,064;;;jah
1994-09-14;0,065;;;jah
1994-09-15;0,066;;;jah
1994-09-16;0,089;;;jah
1994-09-17;0,11;;;jah
1994-09-18;0,14;;;jah
1994-09-19;0,16;;;jah
1994-09-20;0,15;;;jah
1994-09-21;0,13;;;jah
1994-09-22;0,11;;;jah
1994-09-23;0,096;;;jah
1994-09-24;0,088;;;jah
1994-09-25;0,079;;;jah
1994-09-26;0,07;;;jah
1994-09-27;0,069;;;jah
1994-09-28;0,13;;;jah
1994-09-29;0,16;;;jah
1994-09-30;0,14;;;jah
1994-10-01;0,31;;;jah
1994-10-02;0,65;;;jah
1994-10-03;0,52;;;jah
1994-10-04;0,83;;;jah
1994-10-05;0,81;;;jah
1994-10-06;0,68;;;jah
1994-10-07;0,54;;;jah
1994-10-08;0,44;;;jah
1994-10-09;0,43;;;jah
1994-10-10;0,39;;;jah
1994-10-11;0,37;;;jah
1994-10-12;0,36;;;jah
1994-10-13;0,31;;;jah
1994-10-14;0,28;;;jah
1994-10-15;0,25;;;jah
1994-10-16;0,24;;;jah
1994-10-17;0,23;;;jah
1994-10-18;0,31;;;jah
1994-10-19;0,45;;;jah
1994-10-20;0,47;;;jah
1994-10-21;0,39;;;jah
1994-10-22;0,35;;;jah
1994-10-23;0,31;;;jah
1994-10-24;0,35;;;jah
1994-10-25;0,45;;;jah
1994-10-26;0,76;;;jah
1994-10-27;1,05;;;jah
1994-10-28;0,89;;;jah
1994-10-29;0,81;;;jah
1994-10-30;0,75;;;jah
1994-10-31;0,72;;;jah
1994-11-01;1,01;;;jah
1994-11-02;2,23;;;jah
1994-11-03;3,85;;;jah
1994-11-04;2,65;;;jah
1994-11-05;1,83;;;jah
1994-11-06;1,44;;;jah
1994-11-07;1,13;;;jah
1994-11-08;0,99;;;jah
1994-11-09;0,83;;;jah
1994-11-10;0,72;;;jah
1994-11-11;0,61;;;jah
1994-11-12;0,48;;;jah
1994-11-13;0,43;;;jah
1994-11-14;0,42;;;jah
1994-11-15;0,78;;;jah
1994-11-16;1,49;;;jah
1994-11-17;1,53;;;jah
1994-11-18;1,31;;;jah
1994-11-19;1,07;;;jah
1994-11-20;0,92;;;jah
1994-11-21;1,84;;;jah
1994-11-22;1,67;;;jah
1994-11-23;1,23;;;jah
1994-11-24;1,05;;;jah
1994-11-25;0,87;;;jah
1994-11-26;0,71;;;jah
1994-11-27;0,6;;;jah
1994-11-28;0,56;;;jah
1994-11-29;0,71;;;jah
1994-11-30;0,63;;;jah
1994-12-01;0,49;;;jah
1994-12-02;0,45;;;jah
1994-12-03;0,44;;;jah
1994-12-04;0,42;;;jah
1994-12-05;0,43;;;jah
1994-12-06;0,46;;;jah
1994-12-07;0,47;;;jah
1994-12-08;0,39;;;jah
1994-12-09;0,4;;;jah
1994-12-10;0,66;;;jah
1994-12-11;1,22;;;jah
1994-12-12;1,76;;;jah
1994-12-13;1,25;;;jah
1994-12-14;1,01;;;jah
1994-12-15;0,8;;;jah
1994-12-16;0,63;;;jah
1994-12-17;0,53;;;jah
1994-12-18;0,43;;;jah
1994-12-19;0,41;;;jah
1994-12-20;0,39;;;jah
1994-12-21;0,33;;;jah
1994-12-22;0,33;;;jah
1994-12-23;0,31;;;jah
1994-12-24;0,34;;;jah
1994-12-25;0,61;;;jah
1994-12-26;0,79;;;jah
1994-12-27;0,72;;;jah
1994-12-28;0,32;;;jah
1994-12-29;1,82;;;jah
1994-12-30;2,81;;;jah
1994-12-31;4,17;;;jah
1995-01-01;4,37;;;jah
1995-01-02;3,74;;;jah
1995-01-03;3,08;;;jah
1995-01-04;2,23;;;jah
1995-01-05;1,3;;;jah
1995-01-06;1,1;;;jah
1995-01-07;0,76;;;jah
1995-01-08;0,51;;;jah
1995-01-09;0,47;;;jah
1995-01-10;0,45;;;jah
1995-01-11;0,43;;;jah
1995-01-12;0,4;;;jah
1995-01-13;0,35;;;jah
1995-01-14;0,37;;;jah
1995-01-15;0,46;;;jah
1995-01-16;0,43;;;jah
1995-01-17;0,38;;;jah
1995-01-18;0,35;;;jah
1995-01-19;0,4;;;jah
1995-01-20;0,33;;;jah
1995-01-21;0,19;;;jah
1995-01-22;0,15;;;jah
1995-01-23;0,24;;;jah
1995-01-24;0,38;;;jah
1995-01-25;0,39;;;jah
1995-01-26;0,34;;;jah
1995-01-27;0,28;;;jah
1995-01-28;0,25;;;jah
1995-01-29;0,25;;;jah
1995-01-30;0,24;;;jah
1995-01-31;0,21;;;jah
1995-02-01;0,29;;;jah
1995-02-02;0,34;;;jah
1995-02-03;0,42;;;jah
1995-02-04;0,42;;;jah
1995-02-05;0,48;;;jah
1995-02-06;0,62;;;jah
1995-02-07;1,12;;;jah
1995-02-08;1,15;;;jah
1995-02-09;0,91;;;jah
1995-02-10;0,76;;;jah
1995-02-11;0,7;;;jah
1995-02-12;0,64;;;jah
1995-02-13;0,69;;;jah
1995-02-14;0,98;;;jah
1995-02-15;1,25;;;jah
1995-02-16;2,06;;;jah
1995-02-17;3,05;;;jah
1995-02-18;3,89;;;jah
1995-02-19;3,52;;;jah
1995-02-20;3,09;;;jah
1995-02-21;2,57;;;jah
1995-02-22;2,43;;;jah
1995-02-23;2,38;;;jah
1995-02-24;2,19;;;jah
1995-02-25;2,15;;;jah
1995-02-26;1,87;;;jah
1995-02-27;1,52;;;jah
1995-02-28;1,39;;;jah
1995-03-01;2,02;;;jah
1995-03-02;2,87;;;jah
1995-03-03;2,52;;;jah
1995-03-04;1,99;;;jah
1995-03-05;1,67;;;jah
1995-03-06;1,36;;;jah
1995-03-07;1,15;;;jah
1995-03-08;1,02;;;jah
1995-03-09;1,25;;;jah
1995-03-10;1,44;;;jah
1995-03-11;1,47;;;jah
1995-03-12;1,28;;;jah
1995-03-13;1,07;;;jah
1995-03-14;0,89;;;jah
1995-03-15;0,74;;;jah
1995-03-16;0,69;;;jah
1995-03-17;0,62;;;jah
1995-03-18;0,62;;;jah
1995-03-19;0,74;;;jah
1995-03-20;1,13;;;jah
1995-03-21;1,37;;;jah
1995-03-22;1,25;;;jah
1995-03-23;1,03;;;jah
1995-03-24;0,93;;;jah
1995-03-25;0,93;;;jah
1995-03-26;1,07;;;jah
1995-03-27;1,04;;;jah
1995-03-28;1,42;;;jah
1995-03-29;1,17;;;jah
1995-03-30;1;;;jah
1995-03-31;0,87;;;jah
1995-04-01;0,95;;;jah
1995-04-02;0,82;;;jah
1995-04-03;0,98;;;jah
1995-04-04;0,97;;;jah
1995-04-05;0,98;;;jah
1995-04-06;1,05;;;jah
1995-04-07;1,08;;;jah
1995-04-08;1,29;;;jah
1995-04-09;1,98;;;jah
1995-04-10;1,93;;;jah
1995-04-11;1,6;;;jah
1995-04-12;1,35;;;jah
1995-04-13;1,17;;;jah
1995-04-14;1,03;;;jah
1995-04-15;0,94;;;jah
1995-04-16;0,86;;;jah
1995-04-17;0,91;;;jah
1995-04-18;0,9;;;jah
1995-04-19;0,84;;;jah
1995-04-20;0,75;;;jah
1995-04-21;0,78;;;jah
1995-04-22;0,7;;;jah
1995-04-23;0,6;;;jah
1995-04-24;0,52;;;jah
1995-04-25;0,47;;;jah
1995-04-26;0,45;;;jah
1995-04-27;0,39;;;jah
1995-04-28;0,36;;;jah
1995-04-29;0,4;;;jah
1995-04-30;0,41;;;jah
1995-05-01;0,37;;;jah
1995-05-02;0,32;;;jah
1995-05-03;0,27;;;jah
1995-05-04;0,26;;;jah
1995-05-05;0,25;;;jah
1995-05-06;0,25;;;jah
1995-05-07;1,11;;;jah
1995-05-08;1,07;;;jah
1995-05-09;0,74;;;jah
1995-05-10;0,56;;;jah
1995-05-11;0,42;;;jah
1995-05-12;0,36;;;jah
1995-05-13;0,35;;;jah
1995-05-14;1,03;;;jah
1995-05-15;1,39;;;jah
1995-05-16;1,08;;;jah
1995-05-17;0,74;;;jah
1995-05-18;0,68;;;jah
1995-05-19;0,92;;;jah
1995-05-20;0,9;;;jah
1995-05-21;0,75;;;jah
1995-05-22;0,6;;;jah
1995-05-23;0,5;;;jah
1995-05-24;0,56;;;jah
1995-05-25;0,5;;;jah
1995-05-26;0,41;;;jah
1995-05-27;0,37;;;jah
1995-05-28;0,31;;;jah
1995-05-29;0,26;;;jah
1995-05-30;0,22;;;jah
1995-05-31;0,19;;;jah
1995-06-01;0,16;;;jah
1995-06-02;0,13;;;jah
1995-06-03;0,15;;;jah
1995-06-04;0,18;;;jah
1995-06-05;0,18;;;jah
1995-06-06;0,21;;;jah
1995-06-07;0,24;;;jah
1995-06-08;0,23;;;jah
1995-06-09;0,36;;;jah
1995-06-10;0,33;;;jah
1995-06-11;0,24;;;jah
1995-06-12;0,23;;;jah
1995-06-13;0,22;;;jah
1995-06-14;0,19;;;jah
1995-06-15;0,19;;;jah
1995-06-16;0,32;;;jah
1995-06-17;0,3;;;jah
1995-06-18;0,2;;;jah
1995-06-19;0,17;;;jah
1995-06-20;0,21;;;jah
1995-06-21;0,19;;;jah
1995-06-22;0,15;;;jah
1995-06-23;0,14;;;jah
1995-06-24;0,14;;;jah
1995-06-25;0,16;;;jah
1995-06-26;0,13;;;jah
1995-06-27;0,091;;;jah
1995-06-28;0,074;;;jah
1995-06-29;0,07;;;jah
1995-06-30;0,062;;;jah
1995-07-01;0,063;;;jah
1995-07-02;0,064;;;jah
1995-07-03;0,061;;;jah
1995-07-04;0,077;;;jah
1995-07-05;0,088;;;jah
1995-07-06;0,069;;;jah
1995-07-07;0,061;;;jah
1995-07-08;0,056;;;jah
1995-07-09;0,051;;;jah
1995-07-10;0,047;;;jah
1995-07-11;0,046;;;jah
1995-07-12;0,042;;;jah
1995-07-13;0,041;;;jah
1995-07-14;0,041;;;jah
1995-07-15;0,037;;;jah
1995-07-16;0,036;;;jah
1995-07-17;0,036;;;jah
1995-07-18;0,036;;;jah
1995-07-19;0,04;;;jah
1995-07-20;0,044;;;jah
1995-07-21;0,037;;;jah
1995-07-22;0,036;;;jah
1995-07-23;0,036;;;jah
1995-07-24;0,04;;;jah
1995-07-25;0,041;;;jah
1995-07-26;0,039;;;jah
1995-07-27;0,036;;;jah
1995-07-28;0,036;;;jah
1995-07-29;0,036;;;jah
1995-07-30;0,036;;;jah
1995-07-31;0,036;;;jah
1995-08-01;0,032;;;jah
1995-08-02;0,031;;;jah
1995-08-03;0,031;;;jah
1995-08-04;0,031;;;jah
1995-08-05;0,031;;;jah
1995-08-06;0,031;;;jah
1995-08-07;0,031;;;jah
1995-08-08;0,031;;;jah
1995-08-09;0,031;;;jah
1995-08-10;0,031;;;jah
1995-08-11;0,031;;;jah
1995-08-12;0,031;;;jah
1995-08-13;0,031;;;jah
1995-08-14;0,031;;;jah
1995-08-15;0,031;;;jah
1995-08-16;0,031;;;jah
1995-08-17;0,031;;;jah
1995-08-18;0,031;;;jah
1995-08-19;0,031;;;jah
1995-08-20;0,027;;;jah
1995-08-21;0,027;;;jah
1995-08-22;0,027;;;jah
1995-08-23;0,027;;;jah
1995-08-24;0,027;;;jah
1995-08-25;0,027;;;jah
1995-08-26;0,027;;;jah
1995-08-27;0,027;;;jah
1995-08-28;0,027;;;jah
1995-08-29;0,029;;;jah
1995-08-30;0,047;;;jah
1995-08-31;0,039;;;jah
1995-09-01;0,034;;;jah
1995-09-02;0,036;;;jah
1995-09-03;0,036;;;jah
1995-09-04;0,032;;;jah
1995-09-05;0,031;;;jah
1995-09-06;0,031;;;jah
1995-09-07;0,031;;;jah
1995-09-08;0,031;;;jah
1995-09-09;0,031;;;jah
1995-09-10;0,031;;;jah
1995-09-11;0,031;;;jah
1995-09-12;0,031;;;jah
1995-09-13;0,031;;;jah
1995-09-14;0,031;;;jah
1995-09-15;0,027;;;jah
1995-09-16;0,027;;;jah
1995-09-17;0,027;;;jah
1995-09-18;0,027;;;jah
1995-09-19;0,027;;;jah
1995-09-20;0,027;;;jah
1995-09-21;0,027;;;jah
1995-09-22;0,027;;;jah
1995-09-23;0,027;;;jah
1995-09-24;0,027;;;jah
1995-09-25;0,027;;;jah
1995-09-26;0,027;;;jah
1995-09-27;0,027;;;jah
1995-09-28;0,026;;;jah
1995-09-29;0,025;;;jah
1995-09-30;0,031;;;jah
1995-10-01;0,034;;;jah
1995-10-02;0,069;;;jah
1995-10-03;0,058;;;jah
1995-10-04;0,04;;;jah
1995-10-05;0,036;;;jah
1995-10-06;0,036;;;jah
1995-10-07;0,036;;;jah
1995-10-08;0,036;;;jah
1995-10-09;0,036;;;jah
1995-10-10;0,036;;;jah
1995-10-11;0,036;;;jah
1995-10-12;0,036;;;jah
1995-10-13;0,036;;;jah
1995-10-14;0,036;;;jah
1995-10-15;0,036;;;jah
1995-10-16;0,036;;;jah
1995-10-17;0,036;;;jah
1995-10-18;0,036;;;jah
1995-10-19;0,038;;;jah
1995-10-20;0,046;;;jah
1995-10-21;0,053;;;jah
1995-10-22;0,056;;;jah
1995-10-23;0,049;;;jah
1995-10-24;0,044;;;jah
1995-10-25;0,041;;;jah
1995-10-26;0,037;;;jah
1995-10-27;0,036;;;jah
1995-10-28;0,038;;;jah
1995-10-29;0,041;;;jah
1995-10-30;0,037;;;jah
1995-10-31;0,036;;;jah
1995-11-01;0,04;;;jah
1995-11-02;0,041;;;jah
1995-11-03;0,041;;;jah
1995-11-04;0,037;;;jah
1995-11-05;0,036;;;jah
1995-11-06;0,039;;;jah
1995-11-07;0,063;;;jah
1995-11-08;0,061;;;jah
1995-11-09;0,043;;;jah
1995-11-10;0,043;;;jah
1995-11-11;0,05;;;jah
1995-11-12;0,051;;;jah
1995-11-13;0,051;;;jah
1995-11-14;0,051;;;jah
1995-11-15;0,051;;;jah
1995-11-16;0,13;;;jah
1995-11-17;0,47;;;jah
1995-11-18;0,94;;;jah
1995-11-19;0,7;;;jah
1995-11-20;0,43;;;jah
1995-11-21;0,27;;;jah
1995-11-22;0,23;;;jah
1995-11-23;0,28;;;jah
1995-11-24;0,57;;;jah
1995-11-25;1,07;;;jah
1995-11-26;0,94;;;jah
1995-11-27;0,72;;;jah
1995-11-28;0,56;;;jah
1995-11-29;0,42;;;jah
1995-11-30;0,31;;;jah
1995-12-01;0,26;;;jah
1995-12-02;0,25;;;jah
1995-12-03;0,24;;;jah
1995-12-04;0,18;;;jah
1995-12-05;0,13;;;jah
1995-12-06;0,12;;;jah
1995-12-07;0,09;;;jah
1995-12-08;0,088;;;jah
1995-12-09;0,078;;;jah
1995-12-10;0,077;;;jah
1995-12-11;0,12;;;jah
1995-12-12;0,12;;;jah
1995-12-13;0,11;;;jah
1995-12-14;0,087;;;jah
1995-12-15;0,087;;;jah
1995-12-16;0,088;;;jah
1995-12-17;0,088;;;jah
1995-12-18;0,097;;;jah
1995-12-19;0,1;;;jah
1995-12-20;0,11;;;jah
1995-12-21;0,11;;;jah
1995-12-22;0,1;;;jah
1995-12-23;0,1;;;jah
1995-12-24;0,11;;;jah
1995-12-25;0,085;;;jah
1995-12-26;0,074;;;jah
1995-12-27;0,073;;;jah
1995-12-28;0,073;;;jah
1995-12-29;0,066;;;jah
1995-12-30;0,065;;;jah
1995-12-31;0,065;;;jah
1996-01-01;0,086;;;jah
1996-01-02;0,067;;;jah
1996-01-03;0,064;;;jah
1996-01-04;0,063;;;jah
1996-01-05;0,062;;;jah
1996-01-06;0,061;;;jah
1996-01-07;0,061;;;jah
1996-01-08;0,06;;;jah
1996-01-09;0,059;;;jah
1996-01-10;0,058;;;jah
1996-01-11;0,057;;;jah
1996-01-12;0,058;;;jah
1996-01-13;0,064;;;jah
1996-01-14;0,066;;;jah
1996-01-15;0,068;;;jah
1996-01-16;0,068;;;jah
1996-01-17;0,074;;;jah
1996-01-18;0,077;;;jah
1996-01-19;0,083;;;jah
1996-01-20;0,083;;;jah
1996-01-21;0,085;;;jah
1996-01-22;0,087;;;jah
1996-01-23;0,087;;;jah
1996-01-24;0,087;;;jah
1996-01-25;0,087;;;jah
1996-01-26;0,075;;;jah
1996-01-27;0,074;;;jah
1996-01-28;0,074;;;jah
1996-01-29;0,074;;;jah
1996-01-30;0,074;;;jah
1996-01-31;0,079;;;jah
1996-02-01;0,072;;;jah
1996-02-02;0,041;;;jah
1996-02-03;0,034;;;jah
1996-02-04;0,029;;;jah
1996-02-05;0,016;;;jah
1996-02-15;0,022;;;jah
1996-02-16;0,022;;;jah
1996-02-17;0,027;;;jah
1996-02-18;0,033;;;jah
1996-02-19;0,028;;;jah
1996-02-20;0,022;;;jah
1996-02-21;0,02;;;jah
1996-02-22;0,016;;;jah
1996-02-23;0,016;;;jah
1996-02-24;0,016;;;jah
1996-02-25;0,016;;;jah
1996-02-26;0,016;;;jah
1996-02-27;0,016;;;jah
1996-02-28;0,016;;;jah
1996-02-29;0,017;;;jah
1996-03-01;0,019;;;jah
1996-03-02;0,02;;;jah
1996-03-03;0,022;;;jah
1996-03-04;0,023;;;jah
1996-03-05;0,025;;;jah
1996-03-06;0,026;;;jah
1996-03-07;0,028;;;jah
1996-03-08;0,029;;;jah
1996-03-09;0,031;;;jah
1996-03-10;0,031;;;jah
1996-03-11;0,031;;;jah
1996-03-12;0,031;;;jah
1996-03-13;0,031;;;jah
1996-03-14;0,031;;;jah
1996-03-15;0,033;;;jah
1996-03-16;0,033;;;jah
1996-03-17;0,033;;;jah
1996-03-18;0,033;;;jah
1996-03-19;0,033;;;jah
1996-03-20;0,034;;;jah
1996-03-21;0,035;;;jah
1996-03-22;0,036;;;jah
1996-03-23;0,037;;;jah
1996-03-24;0,038;;;jah
1996-03-25;0,039;;;jah
1996-03-26;0,04;;;jah
1996-03-27;0,041;;;jah
1996-03-28;0,042;;;jah
1996-03-29;0,043;;;jah
1996-03-30;0,043;;;jah
1996-03-31;0,043;;;jah
1996-04-01;0,043;;;jah
1996-04-02;0,043;;;jah
1996-04-03;0,043;;;jah
1996-04-04;0,043;;;jah
1996-04-05;0,049;;;jah
1996-04-06;0,05;;;jah
1996-04-07;0,05;;;jah
1996-04-08;0,052;;;jah
1996-04-09;0,12;;;jah
1996-04-10;0,23;;;jah
1996-04-11;0,37;;;jah
1996-04-12;0,39;;;jah
1996-04-13;0,66;;;jah
1996-04-14;0,97;;;jah
1996-04-15;1,09;;;jah
1996-04-16;1,68;;;jah
1996-04-17;2,24;;;jah
1996-04-18;2,92;;;jah
1996-04-19;3,05;;;jah
1996-04-20;2,96;;;jah
1996-04-21;2,36;;;jah
1996-04-22;1,89;;;jah
1996-04-23;1,53;;;jah
1996-04-24;1,26;;;jah
1996-04-25;1,04;;;jah
1996-04-26;0,91;;;jah
1996-04-27;0,84;;;jah
1996-04-28;0,73;;;jah
1996-04-29;0,66;;;jah
1996-04-30;0,61;;;jah
1996-05-01;0,53;;;jah
1996-05-02;0,49;;;jah
1996-05-03;0,53;;;jah
1996-05-04;0,7;;;jah
1996-05-05;0,78;;;jah
1996-05-06;1,01;;;jah
1996-05-07;0,93;;;jah
1996-05-08;0,77;;;jah
1996-05-09;0,63;;;jah
1996-05-10;0,71;;;jah
1996-05-11;0,98;;;jah
1996-05-12;0,84;;;jah
1996-05-13;0,69;;;jah
1996-05-14;0,57;;;jah
1996-05-15;0,49;;;jah
1996-05-16;0,44;;;jah
1996-05-17;0,4;;;jah
1996-05-18;0,35;;;jah
1996-05-19;0,34;;;jah
1996-05-20;0,31;;;jah
1996-05-21;0,35;;;jah
1996-05-22;0,36;;;jah
1996-05-23;0,3;;;jah
1996-05-24;0,26;;;jah
1996-05-25;0,27;;;jah
1996-05-26;0,41;;;jah
1996-05-27;0,43;;;jah
1996-05-28;0,42;;;jah
1996-05-29;0,46;;;jah
1996-05-30;0,41;;;jah
1996-05-31;0,36;;;jah
1996-06-01;0,3;;;jah
1996-06-02;0,26;;;jah
1996-06-03;0,25;;;jah
1996-06-04;0,25;;;jah
1996-06-05;0,23;;;jah
1996-06-06;0,19;;;jah
1996-06-07;0,17;;;jah
1996-06-08;0,14;;;jah
1996-06-09;0,12;;;jah
1996-06-10;0,11;;;jah
1996-06-11;0,094;;;jah
1996-06-12;0,068;;;jah
1996-06-13;0,067;;;jah
1996-06-14;0,062;;;jah
1996-06-15;0,055;;;jah
1996-06-16;0,055;;;jah
1996-06-17;0,05;;;jah
1996-06-18;0,052;;;jah
1996-06-19;0,055;;;jah
1996-06-20;0,055;;;jah
1996-06-21;0,055;;;jah
1996-06-22;0,05;;;jah
1996-06-23;0,049;;;jah
1996-06-24;0,046;;;jah
1996-06-25;0,046;;;jah
1996-06-26;0,046;;;jah
1996-06-27;0,044;;;jah
1996-06-28;0,044;;;jah
1996-06-29;0,044;;;jah
1996-06-30;0,044;;;jah
1996-07-01;0,044;;;jah
1996-07-02;0,044;;;jah
1996-07-03;0,044;;;jah
1996-07-04;0,044;;;jah
1996-07-05;0,044;;;jah
1996-07-06;0,2;;;jah
1996-07-07;0,26;;;jah
1996-07-08;0,16;;;jah
1996-07-09;0,5;;;jah
1996-07-10;0,87;;;jah
1996-07-11;0,78;;;jah
1996-07-12;0,71;;;jah
1996-07-13;2,42;;;jah
1996-07-14;3,08;;;jah
1996-07-15;1,85;;;jah
1996-07-16;1;;;jah
1996-07-17;0,68;;;jah
1996-07-18;0,54;;;jah
1996-07-19;0,45;;;jah
1996-07-20;0,38;;;jah
1996-07-21;0,31;;;jah
1996-07-22;0,26;;;jah
1996-07-23;0,22;;;jah
1996-07-24;0,19;;;jah
1996-07-25;0,17;;;jah
1996-07-26;0,15;;;jah
1996-07-27;0,13;;;jah
1996-07-28;0,12;;;jah
1996-07-29;0,11;;;jah
1996-07-30;0,097;;;jah
1996-07-31;0,092;;;jah
1996-08-01;0,089;;;jah
1996-08-02;0,085;;;jah
1996-08-03;0,082;;;jah
1996-08-04;0,078;;;jah
1996-08-05;0,072;;;jah
1996-08-06;0,065;;;jah
1996-08-07;0,064;;;jah
1996-08-08;0,058;;;jah
1996-08-09;0,054;;;jah
1996-08-10;0,05;;;jah
1996-08-11;0,05;;;jah
1996-08-12;0,05;;;jah
1996-08-13;0,05;;;jah
1996-08-14;0,05;;;jah
1996-08-15;0,047;;;jah
1996-08-16;0,044;;;jah
1996-08-17;0,044;;;jah
1996-08-18;0,044;;;jah
1996-08-19;0,044;;;jah
1996-08-20;0,044;;;jah
1996-08-21;0,044;;;jah
1996-08-22;0,044;;;jah
1996-08-23;0,044;;;jah
1996-08-24;0,044;;;jah
1996-08-25;0,044;;;jah
1996-08-26;0,044;;;jah
1996-08-27;0,044;;;jah
1996-08-28;0,044;;;jah
1996-08-29;0,044;;;jah
1996-08-30;0,044;;;jah
1996-08-31;0,044;;;jah
1996-09-01;0,044;;;jah
1996-09-02;0,044;;;jah
1996-09-03;0,044;;;jah
1996-09-04;0,044;;;jah
1996-09-05;0,041;;;jah
1996-09-06;0,038;;;jah
1996-09-07;0,038;;;jah
1996-09-08;0,038;;;jah
1996-09-09;0,038;;;jah
1996-09-10;0,038;;;jah
1996-09-11;0,038;;;jah
1996-09-12;0,043;;;jah
1996-09-13;0,044;;;jah
1996-09-14;0,044;;;jah
1996-09-15;0,039;;;jah
1996-09-16;0,038;;;jah
1996-09-17;0,038;;;jah
1996-09-18;0,038;;;jah
1996-09-19;0,038;;;jah
1996-09-20;0,038;;;jah
1996-09-21;0,038;;;jah
1996-09-22;0,038;;;jah
1996-09-23;0,036;;;jah
1996-09-24;0,032;;;jah
1996-09-25;0,032;;;jah
1996-09-26;0,032;;;jah
1996-09-27;0,032;;;jah
1996-09-28;0,032;;;jah
1996-09-29;0,032;;;jah
1996-09-30;0,032;;;jah
1996-10-01;0,037;;;jah
1996-10-02;0,038;;;jah
1996-10-03;0,038;;;jah
1996-10-04;0,038;;;jah
1996-10-05;0,033;;;jah
1996-10-06;0,032;;;jah
1996-10-07;0,032;;;jah
1996-10-08;0,032;;;jah
1996-10-09;0,032;;;jah
1996-10-10;0,037;;;jah
1996-10-11;0,038;;;jah
1996-10-12;0,038;;;jah
1996-10-13;0,038;;;jah
1996-10-14;0,033;;;jah
1996-10-15;0,032;;;jah
1996-10-16;0,032;;;jah
1996-10-17;0,032;;;jah
1996-10-18;0,032;;;jah
1996-10-19;0,032;;;jah
1996-10-20;0,032;;;jah
1996-10-21;0,037;;;jah
1996-10-22;0,038;;;jah
1996-10-23;0,038;;;jah
1996-10-24;0,038;;;jah
1996-10-25;0,038;;;jah
1996-10-26;0,038;;;jah
1996-10-27;0,038;;;jah
1996-10-28;0,038;;;jah
1996-10-29;0,039;;;jah
1996-10-30;0,079;;;jah
1996-10-31;0,07;;;jah
1996-11-01;0,046;;;jah
1996-11-02;0,12;;;jah
1996-11-03;0,14;;;jah
1996-11-04;0,15;;;jah
1996-11-05;0,16;;;jah
1996-11-06;0,23;;;jah
1996-11-07;0,45;;;jah
1996-11-08;0,45;;;jah
1996-11-09;0,37;;;jah
1996-11-10;0,5;;;jah
1996-11-11;0,71;;;jah
1996-11-12;0,67;;;jah
1996-11-13;0,7;;;jah
1996-11-14;0,79;;;jah
1996-11-15;0,72;;;jah
1996-11-16;0,64;;;jah
1996-11-17;0,62;;;jah
1996-11-18;0,6;;;jah
1996-11-19;0,66;;;jah
1996-11-20;0,76;;;jah
1996-11-21;0,82;;;jah
1996-11-22;0,85;;;jah
1996-11-23;0,87;;;jah
1996-11-24;0,9;;;jah
1996-11-25;0,93;;;jah
1996-11-26;0,96;;;jah
1996-11-27;0,98;;;jah
1996-11-28;1,01;;;jah
1996-11-29;1,04;;;jah
1996-11-30;1,05;;;jah
1996-12-01;1,02;;;jah
1996-12-02;0,94;;;jah
1996-12-03;0,78;;;jah
1996-12-04;0,71;;;jah
1996-12-05;0,71;;;jah
1996-12-06;0,71;;;jah
1996-12-07;0,61;;;jah
1996-12-08;0,5;;;jah
1996-12-09;0,46;;;jah
1996-12-10;0,42;;;jah
1996-12-11;0,4;;;jah
1996-12-12;0,39;;;jah
1996-12-13;0,39;;;jah
1996-12-14;0,38;;;jah
1996-12-15;0,38;;;jah
1996-12-16;0,38;;;jah
1996-12-17;0,37;;;jah
1996-12-18;0,37;;;jah
1996-12-19;0,36;;;jah
1996-12-20;0,35;;;jah
1996-12-21;0,31;;;jah
1996-12-22;0,28;;;jah
1996-12-23;0,28;;;jah
1996-12-24;0,25;;;jah
1996-12-25;0,32;;;jah
1996-12-26;0,31;;;jah
1996-12-27;0,28;;;jah
1996-12-28;0,26;;;jah
1996-12-29;0,25;;;jah
1996-12-30;0,22;;;jah
1996-12-31;0,22;;;jah
2022-11-01;;20;;jah
2022-11-02;;19;;jah
2022-11-03;;19;;jah
2022-11-04;;18;;jah
2022-11-05;;19;;jah
2022-11-06;;19;;jah
2022-11-07;;20;;jah
2022-11-08;;22;;jah
2022-11-09;;23;;jah
2022-12-30;;64;;jah
2022-12-31;;85;;jah
2023-01-01;1,893;110;;jah
2023-01-02;2,347;136;;jah
2023-01-03;3,314;162;1,4;jah
2023-01-04;4,406;170;0,9;jah
2023-01-05;4,762;155;0,5;jah
2023-01-06;4,065;146;0,4;jah
2023-01-07;3,642;127;0,3;jah
2023-01-08;2,882;90;0,5;jah
2023-01-09;1,658;65;0,5;jah
2023-01-10;0,955;59;1,2;jah
2023-01-11;0,809;62;1,9;jah
2023-01-12;0,865;101;1,3;jah
2023-01-13;1,962;180;0,9;jah
2023-01-14;5,082;197;1,2;jah
2023-01-15;5,86;208;1,6;jah
2023-01-16;6,392;212;2;jah
2023-01-17;6,605;201;1,4;jah
2023-01-18;5,981;185;1,6;jah
2023-01-19;5,184;162;1,8;jah
2023-01-20;4,159;135;1,2;jah
2023-01-21;3,089;114;0,8;jah
2023-01-22;2,323;99;1;jah
2023-01-23;1,858;85;0,9;jah
2023-01-24;1,435;74;1,4;jah
2023-01-25;1,15;71;2,4;jah
2023-01-26;1,066;78;2,8;jah
2023-01-27;1,255;74;1,4;jah
2023-01-28;1,165;61;0,9;jah
2023-01-29;0,872;56;1,8;jah
2023-01-30;0,721;72;2,4;jah
2023-01-31;1,12;85;1,9;jah
2023-02-01;1,474;72;1,4;jah
2023-02-02;1,123;63;1,5;jah
2023-02-03;0,896;55;0,9;jah
2023-02-04;0,731;51;0,7;jah
2023-02-05;0,636;50;0,4;jah
2023-02-06;0,556;43;0,6;jah
2023-02-07;0,48;41;1,1;jah
2023-02-08;0,427;42;2,2;jah
2023-02-09;0,456;53;1,8;jah
2023-02-10;0,667;57;1,4;jah
2023-02-11;0,775;62;1,3;jah
2023-02-12;0,767;65;1,1;jah
2023-02-13;0,79;59;1,8;jah
2023-02-14;0,806;57;1,9;jah
2023-02-15;0,782;52;1,8;jah
2023-02-16;0,661;53;2,3;jah
2023-02-17;0,681;69;2,6;jah
2023-02-18;1,082;113;2,1;jah
2023-02-19;2,444;131;1,4;jah
2023-02-20;3,093;110;1;jah
2023-02-21;2,307;90;1,1;jah
2023-02-22;1,665;76;0,9;jah
2023-02-23;1,242;64;0,6;jah
2023-02-24;0,967;58;1,6;jah
2023-02-25;0,798;55;1,5;jah
2023-02-26;0,721;50;0,8;jah
2023-02-27;0,602;47;0,6;jah
2023-02-28;0,524;44;1,6;jah
2023-03-01;0,481;46;1,8;jah
2023-03-02;0,527;51;2,1;jah
2023-03-03;0,618;58;2,4;jah
2023-03-04;0,784;61;1,6;jah
2023-03-05;0,849;55;1,1;jah
2023-03-06;0,704;50;0,8;jah
2023-03-07;0,618;45;0,8;jah
2023-03-08;0,524;43;1,2;jah
2023-03-09;0,446;42;0,7;jah
2023-03-10;0,419;44;0,4;jah
2023-03-11;0,397;39;0,5;jah
2023-03-12;0,378;37;0,6;jah
2023-03-13;0,358;35;0,6;jah
2023-03-14;0,34;75;1,8;jah
2023-03-15;1,309;142;1,4;jah
2023-03-16;3,456;127;1,1;jah
2023-03-17;2,884;97;1,2;jah
2023-03-18;1,851;84;2,3;jah
2023-03-19;1,447;87;3,3;jah
2023-03-20;1,543;90;4,1;jah
2023-03-21;1,642;90;4,4;jah
2023-03-22;1,648;79;4,1;jah
2023-03-23;1,342;75;5,5;jah
2023-03-24;1,218;75;6,3;jah
2023-03-25;1,238;83;6,2;jah
2023-03-26;1,462;85;6;jah
2023-03-27;1,52;97;5;jah
2023-03-28;1,889;85;3,2;jah
2023-03-29;1,526;75;2,9;jah
2023-03-30;1,237;69;2,8;jah
2023-03-31;1,082;69;3,5;jah
2023-04-01;1,083;70;3,6;jah
2023-04-02;1,121;62;3,5;jah
2023-04-03;0,914;54;3,3;jah
2023-04-04;0,737;49;3;jah
2023-04-05;0,611;47;3,3;jah
2023-04-06;0,582;51;3,6;jah
2023-04-07;0,672;53;4,7;jah
2023-04-08;0,707;49;5,9;jah
2023-04-09;0,613;44;6,1;jah
2023-04-10;0,523;41;6,3;jah
2023-04-11;0,458;39;7,5;jah
2023-04-12;0,419;37;8,7;jah
2023-04-13;0,382;35;9,3;jah
2023-04-14;0,344;33;9,3;jah
2023-04-15;0,311;31;8,6;jah
2023-04-16;0,281;30;8;jah
2023-04-17;0,257;28;8,7;jah
2023-04-18;0,241;27;8;jah
2023-04-19;0,223;26;8;jah
2023-04-20;0,207;25;8,5;jah
2023-04-21;0,19;24;9,4;jah
2023-04-22;0,176;24;9,9;jah
2023-04-23;0,166;23;10,2;jah
2023-04-24;0,155;23;10,9;jah
2023-04-25;0,144;25;11,6;jah
2023-04-26;0,157;26;10,3;jah
2023-04-27;0,162;25;9,3;jah
2023-04-28;0,154;24;8,4;jah
2023-04-29;0,136;23;8,5;jah
2023-04-30;0,123;26;8,1;jah
2023-05-01;0,142;26;7,6;jah
2023-05-02;0,143;26;7,8;jah
2023-05-03;0,129;25;7,6;jah
2023-05-04;0,121;24;8,1;jah
2023-05-05;0,106;22;7,3;jah
2023-05-06;0,091;22;7,1;jah
2023-05-07;0,08;21;8,2;jah
2023-05-08;0,073;20;9;jah
2023-05-09;0,066;20;9,9;jah
2023-05-10;0,061;19;10,9;jah
2023-05-11;0,059;19;12,1;jah
2023-05-12;0,056;18;12,8;jah
2023-05-13;0,055;18;13;jah
2023-05-14;0,052;17;13,2;jah
2023-05-15;0,049;16;13,7;jah
2023-05-16;0,047;18;13,5;jah
2023-05-17;0,054;19;12,4;jah
2023-05-18;0,061;18;11,8;jah
2023-05-19;0,056;17;11,5;jah
2023-05-20;0,051;16;12,2;jah
2023-05-21;0,048;16;13,3;jah
2023-05-22;0,046;15;14,2;jah
2023-05-23;0,045;15;14,7;jah
2023-05-24;0,043;14;15,4;jah
2023-05-25;0,041;14;14,9;jah
2023-05-26;0,041;14;13,6;jah
2023-05-27;0,04;14;12,8;jah
2023-05-28;0,039;13;12,8;jah
2023-05-29;0,038;13;13,3;jah
2023-05-30;0,038;13;13,2;jah
2023-05-31;0,037;13;13,1;jah
2023-06-01;0,037;13;12,6;jah
2023-06-02;0,036;12;11,3;jah
2023-06-03;0,036;12;11,6;jah
2023-06-04;0,036;13;12,5;jah
2023-06-05;0,037;12;12,8;jah
2023-06-06;0,035;12;14,1;jah
2023-06-07;0,034;11;14,4;jah
2023-06-08;0,033;11;14,6;jah
2023-06-09;0,033;11;14,6;jah
2023-06-10;0,033;11;14,2;jah
2023-06-11;0,032;11;14,4;jah
2023-06-12;0,032;11;14,7;jah
2023-06-13;0,032;11;15,1;jah
2023-06-14;0,033;11;15,6;jah
2023-06-15;0,032;11;16,3;jah
2023-06-16;0,031;10;16,5;jah
2023-06-17;0,029;10;17,1;jah
2023-06-18;0,028;10;17,5;jah
2023-06-19;0,028;11;17,7;jah
2023-06-20;0,028;11;18,2;jah
2023-06-21;0,028;10;19,1;jah
2023-06-22;0,025;12;19;jah
2023-06-23;0,03;11;18,7;jah
2023-06-24;0,027;10;18,3;jah
2023-06-25;0,024;10;17,4;jah
2023-06-26;0,023;10;17,2;jah
2023-06-27;0,023;9;17,7;jah
2023-06-28;0,021;9;18,6;jah
2023-06-29;0,021;9;18,8;jah
2023-06-30;0,019;9;18,7;jah
2023-07-01;0,019;9;18,7;jah
2023-07-02;0,019;10;17,8;jah
2023-07-03;0,021;12;16,7;jah
2023-07-04;0,024;11;15,9;jah
2023-07-05;0,021;10;15,8;jah
2023-07-06;0,019;10;16,1;jah
2023-07-07;0,017;9;16,6;jah
2023-07-08;0,017;9;16,9;jah
2023-07-09;0,015;9;17;jah
2023-07-10;0,014;8;16,6;jah
2023-07-11;0,013;8;16,7;jah
2023-07-12;0,013;8;16,7;jah
2023-07-13;0,012;8;17;jah
2023-07-14;0,011;8;17;jah
2023-07-15;0,011;8;17;jah
2023-07-16;0,01;7;17,2;jah
2023-07-17;0,01;7;17,7;jah
2023-07-18;0,01;7;17,3;jah
2023-07-19;0,01;7;16,7;jah
2023-07-20;0,009;7;16,3;jah
2023-07-21;0,009;7;16,1;jah
2023-07-22;0,01;7;16;jah
2023-07-23;0,01;6;15,8;jah
2023-07-24;0,01;6;15,4;jah
2023-07-25;0,01;8;15,6;jah
2023-07-26;0,013;9;15,6;jah
2023-07-27;0,015;7;15,2;jah
2023-07-28;0,013;8;14,8;jah
2023-07-29;0,013;8;15,5;jah
2023-07-30;0,014;7;15,8;jah
2023-07-31;0,013;7;15,9;jah
2023-08-01;0,014;8;16;jah
2023-08-02;0,015;10;16,6;jah
2023-08-03;0,019;10;16,5;jah
2023-08-04;0,019;11;16,3;jah
2023-08-05;0,023;10;16,8;jah
2023-08-06;0,02;9;17,2;jah
2023-08-07;0,018;9;19,1;jah
2023-08-08;0,019;12;17,8;jah
2023-08-09;0,026;13;16,3;jah
2023-08-10;0,033;13;15,3;jah
2023-08-11;0,032;12;15;jah
2023-08-12;0,029;10;15;jah
2023-08-13;0,024;9;15;jah
2023-08-14;0,022;8;15,5;jah
2023-08-15;0,02;8;16,3;jah
2023-08-16;0,02;8;17,2;jah
2023-08-17;0,021;8;17,2;jah
2023-08-18;0,02;8;17,1;jah
2023-08-19;0,019;8;17,1;jah
2023-08-20;0,021;8;17,8;jah
2023-08-21;0,021;8;17,8;jah
2023-08-22;0,021;9;17,1;jah
2023-08-23;0,023;7;16,9;jah
2023-08-24;0,02;8;16,6;jah
2023-08-25;0,021;8;15,9;jah
2023-08-26;0,022;8;16,2;jah
2023-08-27;0,023;7;16,8;jah
2023-08-28;0,02;13;15,8;jah
2023-08-29;0,046;23;14,6;jah
2023-08-30;0,103;22;14,8;jah
2023-08-31;0,094;25;15,1;jah
2023-09-01;0,118;24;15,3;jah
2023-09-02;0,11;38;14,7;jah
2023-09-03;0,265;50;14,5;jah
2023-09-04;0,431;35;14,1;jah
2023-09-05;0,226;28;14,9;jah
2023-09-06;0,15;24;14,9;jah
2023-09-07;0,117;21;13,5;jah
2023-09-08;0,094;18;13,1;jah
2023-09-09;0,079;17;13,5;jah
2023-09-10;0,073;17;14,2;jah
2023-09-11;0,07;16;15;jah
2023-09-12;0,067;15;15,4;jah
2023-09-13;0,061;15;15,6;jah
2023-09-14;0,063;20;14,7;jah
2023-09-15;0,099;22;13,1;jah
2023-09-16;0,113;19;12,4;jah
2023-09-17;0,091;17;12,3;jah
2023-09-18;0,078;16;11,6;jah
2023-09-19;0,071;15;12,4;jah
2023-09-20;0,069;15;13,1;jah
2023-09-21;0,07;16;14,1;jah
2023-09-22;0,074;16;14,7;jah
2023-09-23;0,071;15;15;jah
2023-09-24;0,064;15;14,2;jah
2023-09-25;0,062;14;13;jah
2023-09-26;0,058;14;13;jah
2023-09-27;0,055;14;13,2;jah
2023-09-28;0,054;14;13,6;jah
2023-09-29;0,054;14;13,9;jah
2023-09-30;0,055;14;14,3;jah
2023-10-01;0,056;14;13,4;jah
2023-10-02;0,056;14;12,3;jah
2023-10-03;0,054;15;12,6;jah
2023-10-04;0,059;24;12,4;jah
2023-10-05;0,124;37;11,6;jah
2023-10-06;0,259;57;10,4;jah
2023-10-07;0,53;73;10,6;jah
2023-10-08;0,82;102;8,3;jah
2023-10-09;1,405;112;7,5;jah
2023-10-10;1,621;106;7,2;jah
2023-10-11;1,458;100;9,1;jah
2023-10-12;1,307;113;10,5;jah
2023-10-13;1,6;100;9,6;jah
2023-10-14;1,291;96;10,4;jah
2023-10-15;1,178;101;10;jah
2023-10-16;1,261;97;8,3;jah
2023-10-17;1,166;86;7,6;jah
2023-10-18;0,945;80;8;jah
2023-10-19;0,825;73;6,5;jah
2023-10-20;0,723;66;5,2;jah
2023-10-21;0,606;60;4,4;jah
2023-10-22;0,523;75;5,4;jah
2023-10-23;0,786;86;6,8;jah
2023-10-24;0,986;77;7,3;jah
2023-10-25;0,827;68;6;jah
2023-10-26;0,674;60;4,8;jah
2023-10-27;0,553;54;4,2;jah
2023-10-28;0,467;49;4,1;jah
2023-10-29;0,405;47;4,4;jah
2023-10-30;0,368;45;4,7;jah
2023-10-31;0,357;50;5,8;jah
2023-11-01;0,436;93;7,4;jah
2023-11-02;1,241;94;6,4;jah
2023-11-03;1,275;81;6,5;jah
2023-11-04;0,999;76;7,6;jah
2023-11-05;0,917;89;7,6;jah
2023-11-06;1,196;85;7,6;jah
2023-11-07;1,115;79;7,8;jah
2023-11-08;0,989;107;7,5;jah
2023-11-09;1,675;115;7,4;jah
2023-11-10;1,905;122;7,5;jah
2023-11-11;2,123;132;7,7;jah
2023-11-12;2,443;121;7,6;jah
2023-11-13;2,121;103;7,1;jah
2023-11-14;1,64;90;6,3;jah
2023-11-15;1,322;79;5,5;jah
2023-11-16;1,074;70;4,8;jah
2023-11-17;0,874;61;3,7;jah
2023-11-18;0,713;55;2,9;jah
2023-11-19;0,592;50;3,1;jah
2023-11-20;0,509;46;2,8;jah
2023-11-21;0,438;43;2,7;jah
2023-11-22;0,387;39;1,5;jah
2023-11-23;0,332;62;1,7;jah
2023-11-24;0,777;127;1,6;jah
2023-11-25;2,454;126;1;jah
2023-11-26;2,44;104;0,4;jah
2023-11-27;1,766;84;0,5;jah
2023-11-28;1,22;65;0,5;jah
2023-11-29;0,822;59;0,5;jah
2023-11-30;0,676;52;0,6;jah
2023-12-01;0,563;49;1,1;jah
2023-12-02;0,517;47;1,2;jah
2023-12-03;0,478;45;0,8;jah
2023-12-04;0,438;43;0,6;jah
2023-12-05;0,406;41;0,4;jah
2023-12-06;0,37;39;0,9;jah
2023-12-07;0,348;39;0,4;jah
2023-12-08;0,326;36;0,7;jah
2023-12-09;0,308;35;0,5;jah
2023-12-10;0,296;35;0,7;jah
2023-12-11;0,285;35;1;jah
2023-12-12;0,285;34;1;jah
2023-12-13;0,282;34;1,4;jah
2023-12-14;0,281;34;1,6;jah
2023-12-15;0,28;34;1,6;jah
2023-12-16;0,28;35;2;jah
2023-12-17;0,295;66;2;jah
2023-12-18;0,919;108;2;jah
2023-12-19;2,076;142;2,5;jah
2023-12-20;3,272;133;1,6;jah
2023-12-21;2,93;117;1,6;jah
2023-12-22;2,329;132;1,3;jah
2023-12-23;2,83;154;1,1;jah
2023-12-24;3,58;136;1,1;jah
2023-12-25;2,89;110;1,1;jah
2023-12-26;1,984;93;1,1;jah
2023-12-27;1,481;80;1,2;jah
2023-12-28;1,141;72;1,4;jah
2023-12-29;0,926;85;2,2;jah
2023-12-30;1,232;129;2,1;jah
2023-12-31;2,378;129;1,3;jah
2024-01-01;2,359;101;0,4;jah
2024-01-02;1,645;92;0,4;jah
2024-01-03;1,146;68;0,4;jah
2024-01-04;0,731;47;0,4;jah
2024-01-05;0,399;36;0,4;jah
2024-01-06;0,245;34;0,4;jah
2024-01-07;0,211;33;0,5;jah
2024-01-08;0,2;32;0,5;jah
2024-01-09;0,186;32;0,5;jah
2024-01-10;0,176;32;0,5;jah
2024-01-11;0,171;31;0,4;jah
2024-01-12;0,165;32;0,2;jah
2024-01-13;0,166;31;0,3;jah
2024-01-14;0,157;30;0,4;jah
2024-01-15;0,157;29;0,5;jah
2024-01-16;0,148;28;0,4;jah
2024-01-17;0,149;27;0,4;jah
2024-01-18;0,153;29;0,4;jah
2024-01-19;0,157;28;0,3;jah
2024-01-20;0,149;27;0,4;jah
2024-01-21;0,139;26;0,4;jah
2024-01-22;0,136;28;0,5;jah
2024-01-23;0,15;48;0,5;jah
2024-01-24;0,42;74;0,4;jah
2024-01-25;0,857;75;0,4;jah
2024-01-26;0,885;69;0,4;jah
2024-01-27;0,751;57;0,7;jah
2024-01-28;0,576;52;1,4;jah
2024-01-29;0,491;59;1,5;jah
2024-01-30;0,617;67;1,3;jah
2024-01-31;0,783;79;1,2;jah
2024-02-01;1,03;105;0,7;jah
2024-02-02;1,701;101;0,5;jah
2024-02-03;1,59;96;1,1;jah
2024-02-04;1,474;100;0,7;jah
2024-02-05;1,596;81;0,6;jah
2024-02-06;1,14;65;0,8;jah
2024-02-07;0,799;56;0,4;jah
2024-02-08;0,639;51;0,4;jah
2024-02-09;0,534;51;0,4;jah
2024-02-10;0,436;41;0,4;jah
2024-02-11;0,344;35;0,4;jah
2024-02-12;0,282;33;0,5;jah
2024-02-13;0,256;32;0,6;jah
2024-02-14;0,239;31;1;jah
2024-02-15;0,232;32;1,9;jah
2024-02-16;0,25;50;1,8;jah
2024-02-17;0,579;118;1;jah
2024-02-18;2,412;97;0,6;jah
2024-02-19;1,751;66;0,9;jah
2024-02-20;0,922;53;1,3;jah
2024-02-21;0,654;48;1,7;jah
2024-02-22;0,541;56;2;jah
2024-02-23;0,724;91;1,6;jah
2024-02-24;1,664;116;1;jah
2024-02-25;2,493;158;1,1;jah
2024-02-26;4,18;128;1,3;jah
2024-02-27;2,941;110;1,7;jah
2024-02-28;2,309;92;1,7;jah
2024-02-29;1,742;80;2;jah
2024-03-01;1,385;75;2;jah
2024-03-02;1,238;70;2;jah
2024-03-03;1,117;67;2,1;jah
2024-03-04;1,046;62;1,8;jah
2024-03-05;0,921;56;1,7;jah
2024-03-06;0,768;50;1,5;jah
2024-03-07;0,642;46;1,5;jah
2024-03-08;0,547;43;1,6;jah
2024-03-09;0,496;41;1,6;jah
2024-03-10;0,446;38;1,3;jah
2024-03-11;0,405;36;1,3;jah
2024-03-12;0,372;35;1,6;jah
2024-03-13;0,337;34;2,5;jah
2024-03-14;0,33;37;3,5;jah
2024-03-15;0,393;57;4,1;jah
2024-03-16;0,832;69;4,1;jah
2024-03-17;1,143;82;3,2;jah
2024-03-18;1,539;73;1,8;jah
2024-03-19;1,264;62;2,3;jah
2024-03-20;0,969;57;2,7;jah
2024-03-21;0,837;55;3,1;jah
2024-03-22;0,789;59;3,5;jah
2024-03-23;0,886;72;3,8;jah
2024-03-24;1,238;67;3,9;jah
2024-03-25;1,108;64;4,1;jah
2024-03-26;1,009;58;3,8;jah
2024-03-27;0,848;54;4,3;jah
2024-03-28;0,748;50;5,5;jah
2024-03-29;0,652;49;6,3;jah
2024-03-30;0,644;57;6,1;jah
2024-03-31;0,825;60;6,7;jah
2024-04-01;0,889;54;7,9;jah
2024-04-02;0,742;53;6,8;jah
2024-04-03;0,716;79;4,2;jah
2024-04-04;1,411;71;3,4;jah
2024-04-05;1,164;61;3,8;jah
2024-04-06;0,904;60;4,6;jah
2024-04-07;0,885;58;5,1;jah
2024-04-08;0,813;53;6,6;jah
2024-04-09;0,696;49;8,6;jah
2024-04-10;0,607;45;9,5;jah
2024-04-11;0,532;42;8,3;jah
2024-04-12;0,452;40;8,9;jah
2024-04-13;0,41;38;9;jah
2024-04-14;0,38;41;8,1;jah
2024-04-15;0,436;74;7,6;jah
2024-04-16;1,208;69;7,4;jah
2024-04-17;1,073;57;6,9;jah
2024-04-18;0,774;52;7;jah
2024-04-19;0,657;46;5,2;jah
2024-04-20;0,533;44;4,4;jah
2024-04-21;0,48;39;4,7;jah
2024-04-22;0,393;38;3,8;jah
2024-04-23;0,357;43;2,7;jah
2024-04-24;0,442;55;4,5;jah
2024-04-25;0,663;87;6;jah
2024-04-26;1,351;87;6,8;jah
2024-04-27;1,295;68;7,3;jah
2024-04-28;0,824;56;8,6;jah
2024-04-29;0,566;48;10,4;jah
2024-04-30;0,413;43;11,4;jah
2024-05-01;0,317;39;11,3;jah
2024-05-02;0,25;35;11,7;jah
2024-05-03;0,201;33;11,6;jah
2024-05-04;0,163;30;11,8;jah
2024-05-05;0,136;29;11;jah
2024-05-06;0,114;28;10,9;jah
2024-05-07;0,105;27;10,2;jah
2024-05-08;0,097;25;8,7;jah
2024-05-09;0,088;24;8,5;jah
2024-05-10;0,083;24;9,4;jah
2024-05-11;0,085;23;9,6;jah
2024-05-12;0,081;22;9,9;jah
2024-05-13;0,076;21;11,7;jah
2024-05-14;0,073;21;12,6;jah
2024-05-15;0,071;20;13,2;jah
2024-05-16;0,069;19;13,5;jah
2024-05-17;0,066;19;13,8;jah
2024-05-18;0,064;18;14,4;jah
2024-05-19;0,06;17;14,7;jah
2024-05-20;0,059;16;14,8;jah
2024-05-21;0,056;16;14,1;jah
2024-05-22;0,053;15;14,1;jah
2024-05-23;0,05;15;15,1;jah
2024-05-24;0,049;14;16,6;jah
2024-05-25;0,048;14;17,3;jah
2024-05-26;0,048;14;17,4;jah
2024-05-27;0,047;14;17,5;jah
2024-05-28;0,046;13;17,3;jah
2024-05-29;0,045;13;17,3;jah
2024-05-30;0,045;13;17,7;jah
2024-05-31;0,045;13;17,8;jah
2024-06-01;0,048;13;17,8;jah
2024-06-02;0,046;14;17,2;jah
2024-06-03;0,052;14;17,2;jah
2024-06-04;0,053;13;17,5;jah
2024-06-05;0,049;13;16,6;jah
2024-06-06;0,046;13;16;jah
2024-06-07;0,047;12;14,6;jah
2024-06-08;0,046;13;13,7;jah
2024-06-09;0,048;13;13,4;jah
2024-06-10;0,048;12;13,5;jah
2024-06-11;0,046;12;13,8;jah
2024-06-12;0,044;12;14,1;jah
2024-06-13;0,043;12;14,2;jah
2024-06-14;0,041;11;13,8;jah
2024-06-15;0,04;11;13,5;jah
2024-06-16;0,038;11;14,3;jah
2024-06-17;0,037;11;14,8;jah
2024-06-18;0,037;11;15,6;jah
2024-06-19;0,037;12;15;jah
2024-06-20;0,041;12;14,9;jah
2024-06-21;0,04;11;15,4;jah
2024-06-22;0,037;11;14,9;jah
2024-06-23;0,036;11;14,9;jah
2024-06-24;0,037;11;15,6;jah
2024-06-25;0,036;11;16,1;jah
2024-06-26;0,035;11;16,6;jah
2024-06-27;0,034;10;17,2;jah
2024-06-28;0,034;10;18,4;jah
2024-06-29;0,033;11;18,7;jah
2024-06-30;0,035;11;17,6;jah
2024-07-01;0,033;11;17,4;jah
2024-07-02;0,034;11;16,6;jah
2024-07-03;0,034;11;16,1;jah
2024-07-04;0,034;11;15,9;jah
2024-07-05;0,033;10;15,5;jah
2024-07-06;0,031;10;15,5;jah
2024-07-07;0,031;10;15,8;jah
2024-07-08;0,032;10;16;jah
2024-07-09;0,03;10;16;jah
2024-07-10;0,029;10;16;jah
2024-07-11;0,028;10;16,9;jah
2024-07-12;0,028;10;17,3;jah
2024-07-13;0,028;10;17,3;jah
2024-07-14;0,027;10;17,3;jah
2024-07-15;0,027;10;17,2;jah
2024-07-16;0,025;9;17,6;jah
2024-07-17;0,024;10;18,2;jah
2024-07-18;0,024;9;18;jah
2024-07-19;0,022;9;17,6;jah
2024-07-20;0,022;9;17,2;jah
2024-07-21;0,02;9;17,9;jah
2024-07-22;0,019;9;18;jah
2024-07-23;0,019;9;18,3;jah
2024-07-24;0,018;9;18,9;jah
2024-07-25;0,017;9;18,6;jah
2024-07-26;0,018;10;18,1;jah
2024-07-27;0,018;9;18;jah
2024-07-28;0,016;9;17,8;jah
2024-07-29;0,015;11;17,4;jah
2024-07-30;0,018;10;17,6;jah
2024-07-31;0,016;9;17,4;jah
2024-08-01;0,014;9;16,8;jah
2024-08-02;0,013;9;16,6;jah
2024-08-03;0,014;9;16,7;jah
2024-08-04;0,016;9;17;jah
2024-08-05;0,017;8;16,7;jah
2024-08-06;0,018;8;16,9;jah
2024-08-07;0,019;8;16,9;jah
2024-08-08;0,02;8;16,6;jah
2024-08-09;0,021;8;17;jah
2024-08-10;0,022;8;17,3;jah
2024-08-11;0,025;8;16,9;jah
2024-08-12;0,027;9;16,2;jah
2024-08-13;0,029;9;16,1;jah
2024-08-14;0,031;8;16,1;jah
2024-08-15;0,03;8;16,2;jah
2024-08-16;0,03;8;16,8;jah
2024-08-17;0,031;8;17,2;jah
2024-08-18;0,034;8;16,4;jah
2024-08-19;0,035;8;16,4;jah
2024-08-20;0,034;7;15,5;jah
2024-08-21;0,034;8;15,7;jah
2024-08-22;0,037;8;16,2;jah
2024-08-23;0,042;8;15,4;jah
2024-08-24;0,043;8;15,9;jah
2024-08-25;0,043;8;16,5;jah
2024-08-26;0,046;9;16,3;jah
2024-08-27;0,05;9;15,9;jah
2024-08-28;0,052;9;15,8;jah
2024-08-29;0,052;8;15,4;jah
2024-08-30;0,052;9;16,2;jah
2024-08-31;0,056;10;16,4;jah
2024-09-01;0,069;10;15,5;jah
2024-09-02;0,07;10;14,9;jah
2024-09-03;0,072;10;14,9;jah
2024-09-04;0,071;9;15,5;jah
2024-09-05;0,066;9;15,9;jah
2024-09-06;0,066;9;15,7;jah
2024-09-07;0,067;8;15,6;jah
2024-09-08;0,066;8;15,6;jah
2024-09-09;0,066;9;15,8;jah
2024-09-10;0,072;9;15,9;jah
2024-09-11;0,079;9;15,9;jah
2024-09-12;0,082;10;15,8;jah
2024-09-13;0,085;10;15,6;jah
2024-09-14;0,084;11;15,7;jah
2024-09-15;0,098;11;15,2;jah
2024-09-16;0,096;10;15,1;jah
2024-09-17;0,081;9;15;jah
2024-09-18;0,074;9;14,8;jah
2024-09-19;0,071;9;14,2;jah
2024-09-20;0,069;9;13,4;jah
2024-09-21;0,067;9;13,4;jah
2024-09-22;0,065;9;12,5;jah
2024-09-23;0,064;9;12,3;jah
2024-09-24;0,061;9;12,9;jah
2024-09-25;0,06;10;13,7;jah
2024-09-26;0,063;11;13,8;jah
2024-09-27;0,073;15;14,1;jah
2024-09-28;0,108;18;13,2;jah
2024-09-29;0,143;16;11,7;jah
2024-09-30;0,108;14;9,8;jah
2024-10-01;0,092;12;8,6;jah
2024-10-02;0,073;13;8,6;jah
2024-10-03;0,073;15;9,3;jah
2024-10-04;0,086;14;9,2;jah
2024-10-05;0,075;13;9;jah
2024-10-06;0,065;12;8,8;jah
2024-10-07;0,059;11;8,3;jah
2024-10-08;0,05;11;8,3;jah
2024-10-09;0,046;14;9,5;jah
2024-10-10;0,065;28;10,9;jah
2024-10-11;0,169;25;11,7;jah
2024-10-12;0,134;21;10;jah
2024-10-13;0,097;19;8,5;jah
2024-10-14;0,078;18;8,1;jah
2024-10-15;0,066;17;7,8;jah
2024-10-16;0,059;19;7,1;jah
2024-10-17;0,063;19;6,7;jah
2024-10-18;0,06;18;6,9;jah
2024-10-19;0,055;17;6,9;jah
2024-10-20;0,053;17;7,1;jah
2024-10-21;0,05;16;7,9;jah
2024-10-22;0,049;16;8,9;jah
2024-10-23;0,049;17;8,8;jah
2024-10-24;0,054;17;9;jah
2024-10-25;0,055;17;9,1;jah
2024-10-26;0,054;16;9;jah
2024-10-27;0,053;16;9,4;jah
2024-10-28;0,054;17;9,2;jah
2024-10-29;0,061;20;8;jah
2024-10-30;0,076;21;8,1;jah
2024-10-31;0,082;20;7,5;jah
2024-11-01;0,099;23;8,4;jah
2024-11-02;0,118;26;6,9;jah
2024-11-03;0,127;27;6,2;jah
2024-11-04;0,127;26;5,8;jah
2024-11-05;0,128;26;6,2;jah
2024-11-06;0,104;23;7,2;jah
2024-11-07;0,099;22;7,5;jah
2024-11-08;0,091;21;6,2;jah
2024-11-09;0,088;20;6,6;jah
2024-11-10;0,085;20;6,8;jah
2024-11-11;0,086;20;6,5;jah
2024-11-12;0,091;20;6,5;jah
2024-11-13;0,101;21;6,5;jah
2024-11-14;0,106;22;6,5;jah
2024-11-15;0,107;22;6;jah
2024-11-16;0,106;22;6,5;jah
2024-11-17;0,105;21;6,2;jah
2024-11-18;0,127;24;5,5;jah
2024-11-19;0,153;27;4,8;jah
2024-11-20;0,192;30;3,9;jah
2024-11-21;0,479;50;3,4;jah
2024-11-22;0,468;49;2,5;jah
2024-11-23;0,348;41;2,1;jah
2024-11-24;0,272;36;1,4;jah
2024-11-25;0,494;49;3,4;jah
2024-11-26;0,741;62;5,4;jah
2024-11-27;0,609;55;5,7;jah
2024-11-28;0,473;48;5,6;jah
2024-11-29;0,38;42;5,2;jah
2024-11-30;0,333;39;5,4;jah
2024-12-01;0,312;38;5,8;jah
2024-12-02;0,279;36;5,8;jah
2024-12-03;0,271;35;5,8;jah
2024-12-04;0,277;36;3;jah
2024-12-05;0,238;33;2;jah
2024-12-06;0,352;41;3;jah
2024-12-07;0,389;43;3;jah
2024-12-08;0,327;39;3,1;jah
2024-12-09;0,27;35;2,4;jah
2024-12-10;0,229;32;2,2;jah
2024-12-11;0,209;30;2,1;jah
2024-12-12;0,185;28;1,4;jah
2024-12-13;0,16;26;0,8;jah
2024-12-14;0,176;28;2,3;jah
2024-12-15;0,305;38;2,3;jah
2024-12-16;0,599;55;2,4;jah
2024-12-17;0,726;62;2,5;jah
2024-12-18;0,531;52;2,5;jah
2024-12-19;0,726;62;3,9;jah
2024-12-20;1,492;95;4,6;jah
2024-12-21;1,5;95;3,2;jah
2024-12-22;1,77;104;3,9;jah
2024-12-23;1,975;110;4,1;jah
2024-12-24;1,831;105;4,1;jah
2024-12-25;1,481;91;4,1;jah
2024-12-26;1,216;81;5,3;jah
2024-12-27;1,037;73;5,8;jah
2024-12-28;0,954;69;5,6;jah
2024-12-29;0,909;66;5,4;jah
2024-12-30;0,904;71;5;jah
2024-12-31;1,008;80;2,8;jah
2025-01-01;1,954;100;2,2;jah
2025-01-02;3,919;155;1,5;jah
2025-01-03;3,159;135;0,8;jah
2025-01-04;2,049;104;0,6;jah
2025-01-05;1,48;84;0,4;jah
2025-01-06;1,099;71;0,5;jah
2025-01-07;0,932;63;1,1;jah
2025-01-08;0,976;64;1,5;jah
2025-01-09;1,03;76;1,5;jah
2025-01-10;1,1;91;0,7;jah
2025-01-11;1,172;89;0,8;jah
2025-01-12;1,247;84;0,4;jah
2025-01-13;1,324;78;0,5;jah
2025-01-14;1,822;90;1,4;jah
2025-01-15;3,054;123;1,1;jah
2025-01-16;3,192;126;1,7;jah
2025-01-17;4,061;144;1,8;jah
2025-01-18;4,347;150;1,7;jah
2025-01-19;3,697;135;1,9;jah
2025-01-20;2,871;121;2;jah
2025-01-21;2,002;103;1,8;jah
2025-01-22;1,598;90;2,3;jah
2025-01-23;1,386;83;2,7;jah
2025-01-24;1,254;78;2,7;jah
2025-01-25;1,237;77;3;jah
2025-01-26;1,248;77;3,3;jah
2025-01-27;1,163;74;3,3;jah
2025-01-28;1,167;74;3,8;jah
2025-01-29;1,279;78;4,5;jah
2025-01-30;1,486;85;4,7;jah
2025-01-31;1,368;81;4,7;jah
2025-02-01;1,204;75;4,1;jah
2025-02-02;1,006;67;2,9;jah
2025-02-03;0,867;62;2,3;jah
2025-02-04;0,732;56;1,8;jah
2025-02-05;0,656;53;2,5;jah
2025-02-06;0,663;53;3,2;jah
2025-02-07;0,602;50;3;jah
2025-02-08;0,531;47;2;jah
2025-02-09;0,47;43;1,7;jah
2025-02-10;0,416;40;1,3;jah
2025-02-11;0,368;37;0,7;jah
2025-02-12;0,325;35;0,8;jah
2025-02-13;0,289;33;0,8;jah
2025-02-14;0,271;31;0,6;jah
2025-02-15;0,248;31;0,2;jah
2025-02-16;0,24;29;0,3;jah
2025-02-17;0,232;28;0,3;jah
2025-02-18;0,224;28;0,3;jah
2025-02-19;0,216;27;0,3;jah
2025-02-20;0,209;27;0,3;jah
2025-02-21;0,204;26;0,4;jah
2025-02-22;0,202;26;0,6;jah
2025-02-23;0,198;26;1,1;jah
2025-02-24;0,206;26;2,3;jah
2025-02-25;0,239;29;2,7;jah
2025-02-26;0,379;37;2,8;jah
2025-02-27;0,59;48;2,3;jah
2025-02-28;0,622;49;2,5;jah
2025-03-01;0,62;49;2,7;jah
2025-03-02;0,589;48;2,9;jah
2025-03-03;0,555;46;3,2;jah
2025-03-04;0,513;44;3,6;jah
2025-03-05;0,467;42;4,5;jah
2025-03-06;0,429;40;5,8;jah
2025-03-07;0,379;37;5,5;jah
2025-03-08;0,341;35;4,8;jah
2025-03-09;0,31;33;3,9;jah
2025-03-10;0,291;31;3,9;jah
2025-03-11;0,278;31;4;jah
2025-03-12;0,258;29;3,1;jah
2025-03-13;0,262;29;3;jah
2025-03-14;0,267;30;2,7;jah
2025-03-15;0,235;28;2,2;jah
2025-03-16;0,23;27;2,6;jah
2025-03-17;0,216;26;2;jah
2025-03-18;0,221;26;3,4;jah
2025-03-19;0,215;26;4,4;jah
2025-03-20;0,2;25;4,3;jah
2025-03-21;0,186;24;3,7;jah
2025-03-22;0,172;23;3,4;jah
2025-03-23;0,162;23;3,4;jah
2025-03-24;0,157;22;3,4;jah
2025-03-25;0,155;22;4,3;jah
2025-03-26;0,158;23;5,5;jah
2025-03-27;0,149;22;4,7;jah
2025-03-28;0,143;22;5,9;jah
2025-03-29;0,137;21;6,4;jah
2025-03-30;0,133;21;6,8;jah
2025-03-31;0,135;21;7,5;jah
2025-04-01;0,127;21;7,5;jah
2025-04-02;0,117;20;7,4;jah
2025-04-03;0,111;20;8,1;jah
2025-04-04;0,107;19;7,5;jah
2025-04-05;0,1;19;5,4;jah
2025-04-06;0,093;18;4,2;jah
2025-04-07;0,091;18;4,7;jah
2025-04-08;0,091;18;4,8;jah
2025-04-09;0,086;18;5,2;jah
2025-04-10;0,08;17;4,5;jah
2025-04-11;0,079;17;5,2;jah
2025-04-12;0,075;17;4,8;jah
2025-04-13;0,072;16;5,6;jah
2025-04-14;0,074;17;8,1;jah
2025-04-15;0,068;16;9,6;jah
2025-04-16;0,065;16;10,3;jah
2025-04-17;0,068;16;10,7;jah
2025-04-18;0,068;16;12;jah
2025-04-19;0,071;17;12,8;jah
2025-04-20;0,13;24;12,3;jah
2025-04-21;0,143;26;11,2;jah
2025-04-22;0,12;23;9,9;jah
2025-04-23;0,11;22;9,1;jah
2025-04-24;0,104;21;8,3;jah
2025-04-25;0,096;20;7,3;jah
2025-04-26;0,089;19;6,9;jah
2025-04-27;0,085;18;7,2;jah
2025-04-28;0,082;18;8,5;jah
2025-04-29;0,091;19;9,9;jah
2025-04-30;0,092;19;9,8;jah
2025-05-01;0,091;19;9,1;jah
2025-05-02;0,09;19;9,6;jah
2025-05-03;0,098;20;10,3;jah
2025-05-04;0,093;19;9,5;jah
2025-05-05;0,086;18;8,4;jah
2025-05-06;0,081;17;8,3;jah
2025-05-07;0,078;17;7,6;jah
2025-05-08;0,074;16;7,5;jah
2025-05-09;0,071;16;7,6;jah
2025-05-10;0,069;15;8;jah
2025-05-11;0,067;15;9;jah
2025-05-12;0,065;14;9,8;jah
2025-05-13;0,065;14;10,7;jah
2025-05-14;0,065;14;11,2;jah
2025-05-15;0,064;14;10,3;jah
2025-05-16;0,066;14;10,7;jah
2025-05-17;0,075;16;10,7;jah
2025-05-18;0,079;16;11,4;jah
2025-05-19;0,077;16;13;jah
2025-05-20;0,07;15;12,9;jah
2025-05-21;0,064;14;11,5;jah
2025-05-22;0,062;13;11,5;jah
2025-05-23;0,06;13;11,6;jah
2025-05-24;0,057;13;10,9;jah
2025-05-25;0,056;12;11,8;jah
2025-05-26;0,055;12;12,9;jah
2025-05-27;0,054;12;13,8;jah
2025-05-28;0,053;12;14,2;jah
2025-05-29;0,053;12;14,4;jah
2025-05-30;0,051;12;14,1;jah
2025-05-31;0,052;12;14;jah
2025-06-01;0,05;11;13,6;jah
2025-06-02;0,051;12;13,2;jah
2025-06-03;0,051;12;13,8;jah
2025-06-04;0,051;11;14,1;jah
2025-06-05;0,051;11;14,8;jah
2025-06-06;0,051;11;14,7;jah
2025-06-07;0,049;11;14,6;jah
2025-06-08;0,051;11;14,4;jah
2025-06-09;0,069;14;13,7;jah
2025-06-10;0,105;19;13;jah
2025-06-11;0,115;20;12,8;jah
2025-06-12;0,155;24;12,3;jah
2025-06-13;0,159;25;13,1;jah
2025-06-14;0,119;20;13,6;jah
2025-06-15;0,095;18;13,7;jah
2025-06-16;0,082;16;14,1;jah
2025-06-17;0,093;17;14,8;jah
2025-06-18;0,099;18;14,7;jah
2025-06-19;0,086;16;14;jah
2025-06-20;0,075;15;13,9;jah
2025-06-21;0,065;14;13,6;jah
2025-06-22;0,06;13;13,7;jah
2025-06-23;0,056;12;13,3;jah
2025-06-24;0,055;12;13,2;jah
2025-06-25;0,056;12;13,2;jah
2025-06-26;0,053;12;13,7;jah
2025-06-27;0,055;12;13,7;jah
2025-06-28;0,063;14;13,6;jah
2025-06-29;0,062;14;14,5;jah
2025-06-30;0,057;13;14,8;jah
2025-07-01;0,05;12;15;jah
2025-07-02;0,046;11;15,9;jah
2025-07-03;0,045;11;16,4;jah
2025-07-04;0,043;11;15,5;jah
2025-07-05;0,043;11;15;jah
2025-07-06;0,048;12;14,6;jah
2025-07-07;0,046;11;14,6;jah
2025-07-08;0,05;12;14,8;jah
2025-07-09;0,048;12;15,1;jah
2025-07-10;0,041;11;15,2;jah
2025-07-11;0,048;12;15,1;jah
2025-07-12;0,055;13;15,4;jah
2025-07-13;0,053;13;15,2;jah
2025-07-14;0,07;16;15,7;jah
2025-07-15;0,069;16;15,9;jah
2025-07-16;0,058;14;16,5;jah
2025-07-17;0,049;13;17,4;jah
2025-07-18;0,043;11;17,8;jah
2025-07-19;0,038;11;18,1;jah
2025-07-20;0,036;10;18,1;jah
2025-07-21;0,035;10;18,3;jah
2025-07-22;0,079;18;17,8;jah
2025-07-23;0,077;18;17,6;jah
2025-07-24;0,063;15;18;jah
2025-07-25;0,054;14;18,4;jah
2025-07-26;0,055;14;18,3;jah
2025-07-27;0,065;16;18,1;jah
2025-07-28;0,055;14;18,5;jah
2025-07-29;0,047;13;18,8;jah
2025-07-30;0,045;12;18,5;jah
2025-07-31;0,046;13;18,1;jah
2025-08-01;0,053;14;17,1;jah
2025-08-02;0,091;20;15,9;jah
2025-08-03;0,078;18;16;jah
2025-08-04;0,061;16;16,9;jah
2025-08-05;0,051;14;16,9;jah
2025-08-06;0,047;13;16,3;jah
2025-08-07;0,042;12;16;jah
2025-08-08;0,038;11;16;jah
2025-08-09;0,035;11;15,8;jah
2025-08-10;0,031;10;15,6;jah
2025-08-11;0,031;10;15,4;jah
2025-08-12;0,032;10;15,3;jah
2025-08-13;0,03;9;14,9;jah
2025-08-14;0,03;9;15;jah
2025-08-15;0,03;9;15,5;jah
2025-08-16;0,032;10;15,6;jah
2025-08-17;0,032;10;15;jah
2025-08-18;0,033;10;15;jah
2025-08-19;0,029;9;15;jah
2025-08-20;0,028;9;14,3;jah
2025-08-21;0,027;9;12,9;jah
2025-08-22;0,027;9;12,4;jah
2025-08-23;0,03;10;12,2;jah
2025-08-24;0,037;12;12,2;jah
2025-08-25;0,044;13;12,2;jah
2025-08-26;0,051;15;12;jah
2025-08-27;0,063;17;11,6;jah
2025-08-28;0,054;15;11,8;jah
2025-08-29;0,061;17;12,7;jah
2025-08-30;0,13;27;13,7;jah
2025-08-31;0,109;24;13,9;jah
2025-09-01;0,087;21;14,4;jah
2025-09-02;0,074;18;14;jah
2025-09-03;0,065;16;14,4;jah
2025-09-04;0,059;15;14,7;jah
2025-09-05;0,054;14;15;jah
2025-09-06;0,049;13;15,4;jah
2025-09-07;0,046;12;15,8;jah
2025-09-08;0,044;12;16;jah
2025-09-09;0,043;12;15,4;jah
2025-09-10;0,041;11;15,4;jah
2025-09-11;0,043;11;16;jah
2025-09-12;0,061;14;16,1;jah
2025-09-13;0,091;19;15,5;jah
2025-09-14;0,107;21;15,1;jah
2025-09-15;0,193;29;15;jah
2025-09-16;0,261;35;14,8;jah
2025-09-17;0,441;46;14,4;jah
2025-09-18;0,49;49;13,9;jah
2025-09-19;0,312;38;13,8;jah
2025-09-20;0,272;35;14;jah
2025-09-21;0,221;31;14,9;jah
2025-09-22;0,186;28;14,6;jah
2025-09-23;0,162;25;12,3;jah
2025-09-24;0,17;26;10,8;jah
2025-09-25;0,201;29;10,6;jah
2025-09-26;0,176;26;10,3;jah
2025-09-27;0,149;24;9,9;jah
2025-09-28;0,131;22;9,5;jah
2025-09-29;0,119;21;8,9;jah
2025-09-30;0,11;20;8,4;jah
2025-10-01;0,105;19;8,7;jah
2025-10-02;0,099;19;7,8;jah
2025-10-03;0,095;18;7;jah
2025-10-04;0,092;18;6,8;jah
2025-10-05;0,095;18;8,1;jah
2025-10-06;0,11;20;9,4;jah
2025-10-07;0,143;24;10,2;jah
2025-10-08;0,151;25;10,2;jah
2025-10-09;0,209;30;10,7;jah
2025-10-10;0,296;37;10,3;jah
2025-10-11;0,313;38;9,8;jah
2025-10-12;0,315;39;9,4;jah
2025-10-13;0,52;51;8,4;jah
2025-10-14;0,376;43;8,2;jah
2025-10-15;0,291;37;8,4;jah
2025-10-16;0,251;34;8,8;jah
2025-10-17;0,232;33;7,6;jah
2025-10-18;0,218;32;6,3;jah
2025-10-19;0,198;30;5,5;jah
2025-10-20;0,189;29;6;jah
2025-10-21;0,18;28;5,8;jah
2025-10-22;0,17;27;6,4;jah
2025-10-23;0,212;31;7,6;jah
2025-10-24;0,301;38;8,6;jah
2025-10-25;0,473;48;9,2;jah
2025-10-26;1,507;95;9,3;jah
2025-10-27;1,262;86;8,6;jah
2025-10-28;1,092;79;7,6;jah
2025-10-29;1,22;84;7,2;jah
2025-10-30;1,091;79;6,7;jah
2025-10-31;1,228;85;7,7;jah
2025-11-01;1,154;82;8,4;jah
2025-11-02;0,993;75;8,4;jah
2025-11-03;1,283;87;8,7;jah
2025-11-04;1,301;88;8;jah
2025-11-05;1,251;86;9,1;jah
2025-11-06;1,069;78;9,8;jah
2025-11-07;0,928;72;9,9;jah
2025-11-08;0,801;67;9,5;jah
2025-11-09;0,672;60;9,1;jah
2025-11-10;0,566;55;8,6;jah
2025-11-11;0,486;51;8,1;jah
2025-11-12;0,431;47;8,1;jah
2025-11-13;0,575;55;8,8;jah
2025-11-14;2,267;121;7,5;jah
2025-11-15;2,158;119;4,7;jah
2025-11-16;1,453;95;4,3;jah
2025-11-17;1,145;83;4,6;jah
2025-11-18;0,98;76;3,8;jah
2025-11-19;0,811;68;2,7;jah
2025-11-20;0,701;63;3,2;jah
2025-11-21;0,755;66;3,9;jah
2025-11-22;0,893;72;3,3;jah
2025-11-23;0,812;69;3,1;jah
2025-11-24;0,72;64;3,3;jah
2025-11-25;0,628;60;3,2;jah
2025-11-26;0,533;54;2;jah
2025-11-27;0,414;47;1,1;jah
2025-11-28;0,484;51;3,2;jah
2025-11-29;0,936;75;4,8;jah
2025-11-30;0,946;76;5,2;jah
2025-12-01;0,785;68;4,9;jah
2025-12-02;0,708;64;4,7;jah
2025-12-03;0,613;60;4,4;jah
2025-12-04;0,552;56;4,4;jah
2025-12-05;0,494;53;4,6;jah
2025-12-06;0,488;53;5,5;jah
2025-12-07;0,825;71;5,7;jah
2025-12-08;0,893;74;5,4;jah
2025-12-09;1,256;90;6,1;jah
2025-12-10;1,295;92;6,2;jah
2025-12-11;1,216;89;6,6;jah
2025-12-12;1,067;83;6,1;jah
2025-12-13;0,846;72;3,7;jah
2025-12-14;0,76;68;3,2;jah
2025-12-15;1,427;98;4,9;jah
2025-12-16;1,316;94;5,9;jah
2025-12-17;1,01;80;6,1;jah
2025-12-18;0,841;72;5,9;jah
2025-12-19;0,708;66;6;jah
2025-12-20;0,671;64;6,5;jah
2025-12-21;0,652;63;6,1;jah
2025-12-22;0,55;57;5,2;jah
2025-12-23;0,459;52;2,9;jah
2025-12-24;0,367;46;2,1;jah
2025-12-25;0,351;45;3,1;jah
2025-12-26;0,37;47;3,8;jah
2025-12-27;0,353;47;4,1;jah
2025-12-28;0,325;43;3;jah
2025-12-29;0,309;42;2,3;jah
2025-12-30;0,284;40;0,7;jah
2025-12-31;0,258;39;0,3;jah
2026-01-01;0,243;37;0,3;ei
2026-01-02;0,24;37;0,4;ei
2026-01-03;0,239;38;0,6;ei
2026-01-04;0,238;39;0,9;ei
2026-01-05;0,237;40;0,6;ei
2026-01-06;0,236;41;0,4;ei
2026-01-07;0,235;38;0,4;ei
2026-01-08;0,234;38;0,4;ei
2026-01-09;0,232;37;0,3;ei
2026-01-10;0,231;37;0,3;ei
2026-01-11;0,23;36;0,3;ei
2026-01-12;0,229;36;0,3;ei
2026-01-13;0,228;37;0,4;ei
2026-01-14;0,227;36;0,4;ei
2026-01-15;0,225;36;0,4;ei
2026-01-16;0,221;35;0,5;ei
2026-01-17;0,215;35;0,4;ei
2026-01-18;0,212;34;0,6;ei
2026-01-19;0,208;34;0,3;ei
2026-01-20;0,204;34;0,4;ei
2026-01-21;0,2;33;0,4;ei
2026-01-22;0,196;32;0,4;ei
2026-01-23;0,192;32;0,3;ei
2026-01-24;0,189;31;0,3;ei
2026-01-25;0,185;31;0,3;ei
2026-01-26;0,181;30;0,4;ei
2026-01-27;0,177;31;0,2;ei
2026-01-28;0,169;30;0,3;ei
2026-01-29;0,161;28;0,3;ei
2026-01-30;0,154;28;0,3;ei
2026-01-31;0,146;27;0,3;ei
2026-02-01;0,139;26;0,3;ei
2026-02-02;0,132;27;0,3;ei
2026-02-03;0,126;27;0,3;ei
2026-02-04;0,119;27;0,3;ei
2026-02-05;0,113;26;0,3;ei
2026-02-06;0,107;25;0,3;ei
2026-02-07;0,101;25;0,3;ei
2026-02-08;0,096;24;0,3;ei
2026-02-09;0,091;23;0,3;ei
2026-02-10;0,085;23;0,3;ei
2026-02-11;0,081;22;0,3;ei
2026-02-12;0,08;21;0,4;ei
2026-02-13;0,079;20;0,3;ei
2026-02-14;0,078;19;0,3;ei
2026-02-15;0,077;18;0,3;ei
2026-02-16;0,076;18;0,3;ei
2026-02-17;0,075;19;0,3;ei
2026-02-18;0,073;19;0,3;ei
2026-02-19;0,072;19;0,3;ei
2026-02-20;0,07;18;0,3;ei
2026-02-21;0,069;17;0,3;ei
2026-02-22;0,067;17;0,4;ei
2026-02-23;0,066;16;0,4;ei
2026-02-24;0,064;16;0,5;ei
2026-02-25;0,062;15;0,5;ei
2026-02-26;0,061;14;0,5;ei
2026-02-27;0,068;15;0,5;ei
2026-02-28;0,13;23;0,3;ei
2026-03-01;0,386;43;0,3;ei
2026-03-02;0,801;65;0,3;ei
2026-03-03;0,704;60;0,4;ei
2026-03-04;0,765;63;0,4;ei
2026-03-05;0,896;69;0,5;ei
2026-03-06;0,891;69;0,6;ei
2026-03-07;0,793;64;0,6;ei
2026-03-08;0,694;60;0,9;ei
2026-03-09;0,686;59;1,3;ei
2026-03-10;0,717;61;1,4;ei
2026-03-11;0,717;61;1,6;ei
2026-03-12;0,853;68;1,8;ei
2026-03-13;0,886;69;1,8;ei
2026-03-14;0,804;65;2,2;ei
2026-03-15;0,711;61;2,6;ei
2026-03-16;0,666;59;2,9;ei
2026-03-17;0,597;56;3,3;ei
2026-03-18;0,506;51;3,4;ei
2026-03-19;0,436;47;3,2;ei
2026-03-20;0,372;43;3;ei
2026-03-21;0,32;39;2,9;ei
2026-03-22;0,29;37;3,4;ei
2026-03-23;0,266;36;3,9;ei
2026-03-24;0,245;34;4,2;ei
2026-03-25;0,246;34;5,4;ei
2026-03-26;0,248;34;5,5;ei
2026-03-27;0,221;32;5,6;ei
2026-03-28;0,201;30;5;ei
2026-03-29;0,185;29;4,2;ei
2026-03-30;0,176;28;4,7;ei
2026-03-31;0,167;27;4,6;ei
2026-04-01;0,158;27;5,3;ei
2026-04-02;0,152;26;5,3;ei
2026-04-03;0,148;26;6;ei
2026-04-04;0,156;27;5,6;ei
2026-04-05;0,237;34;5,4;ei
2026-04-06;0,306;39;5,1;ei
2026-04-07;0,478;51;5;ei
2026-04-08;0,405;46;5,4;ei
2026-04-09;0,296;39;4,9;ei
2026-04-10;0,242;35;4,9;ei
2026-04-11;0,211;32;5,3;ei
2026-04-12;0,187;30;6,2;ei
2026-04-13;0,17;28;7,1;ei
2026-04-14;0,156;27;7,1;ei
2026-04-15;0,145;26;7,9;ei
2026-04-16;0,136;25;8;ei
2026-04-17;0,131;24;8,8;ei
2026-04-18;0,123;23;9,1;ei
2026-04-19;0,114;22;8,4;ei
2026-04-20;0,108;22;7,6;ei
2026-04-21;0,104;21;7,7;ei
2026-04-22;0,1;21;7,7;ei
2026-04-23;0,097;20;7,7;ei
2026-04-24;0,094;20;8,2;ei
2026-04-25;0,093;20;7,5;ei
2026-04-26;0,094;20;6,2;ei
2026-04-27;0,091;20;6,6;ei
2026-04-28;0,085;19;6,7;ei
2026-04-29;0,081;18;7,2;ei
2026-04-30;0,078;18;7,9;ei
2026-05-01;0,077;18;9,7;ei
2026-05-02;0,075;18;11,5;ei
2026-05-03;0,072;17;11,8;ei
2026-05-04;0,071;17;11,5;ei
2026-05-05;0,07;17;11,3;ei
2026-05-06;0,067;16;9,9;ei
2026-05-07;0,064;16;9,8;ei
2026-05-08;0,062;15;10;ei
2026-05-09;0,059;15;10,5;ei
2026-05-10;0,059;15;10,2;ei
2026-05-11;0,058;15;10,4;ei
2026-05-12;0,063;16;10,5;ei
2026-05-13;0,072;17;10;ei
2026-05-14;0,09;20;10,2;ei
2026-05-15;0,098;21;12;ei
2026-05-16;0,09;20;12,5;ei
2026-05-17;0,078;18;12,3;ei
2026-05-18;0,07;17;11,7;ei
2026-05-19;0,074;18;12,7;ei
2026-05-20;0,074;18;13,4;ei
2026-05-21;0,07;17;13,4;ei
2026-05-22;0,074;18;13,7;ei
2026-05-23;0,073;18;14,2;ei
2026-05-24;0,064;17;15,1;ei
2026-05-25;0,056;16;14,4;ei
2026-05-26;0,056;16;13,6;ei
2026-05-27;0,052;15;12,9;ei
2026-05-28;0,047;15;12,5;ei
2026-05-29;0,045;14;12,4;ei
2026-05-30;0,042;14;12,6;ei
2026-05-31;0,04;14;12,8;ei
2026-06-01;0,038;14;13,7;ei
2026-06-02;0,036;13;14;ei
2026-06-03;0,034;13;15,2;ei
2026-06-04;0,032;13;15,9;ei
2026-06-05;0,031;13;16,2;ei
2026-06-06;0,035;14;15,3;ei
2026-06-07;0,033;14;15,4;ei
2026-06-08;0,028;13;15,8;ei
2026-06-09;0,026;13;15,7;ei
2026-06-10;0,025;13;15,9;ei
2026-06-11;0,024;13;14,7;ei
2026-06-12;0,025;14;13,7;ei
2026-06-13;0,022;13;13,6;ei
2026-06-14;0,019;12;12,9;ei
2026-06-15;0,029;16;12,7;ei
2026-06-16;0,041;21;11,9;ei
2026-06-17;0,036;20;13;ei
2026-06-18;0,028;17;13,5;ei
2026-06-19;0,025;15;14,5;ei
2026-06-20;0,022;14;15,8;ei
2026-06-21;0,02;13;16,9;ei
2026-06-22;0,018;13;16,9;ei
2026-06-23;0,017;12;16,3;ei
2026-06-24;0,018;13;15,5;ei
2026-06-25;0,018;13;15;ei
2026-06-26;0,017;12;15,5;ei
2026-06-27;0,016;12;16,4;ei
2026-06-28;0,017;12;16,6;ei
2026-06-29;0,02;14;16,8;ei
2026-06-30;0,017;12;17,7;ei
2026-07-01;0,016;12;17;ei
2026-07-02;0,015;12;16,9;ei
2026-07-03;0,016;12;16,9;ei
2026-07-04;0,017;13;16;ei
2026-07-05;0,017;13;16;ei
2026-07-06;0,016;12;15,4;ei
2026-07-07;0,015;12;14,4;ei
2026-07-08;0,021;15;13,6;ei
2026-07-09;0,031;20;14;ei
2026-07-10;0,026;18;14,5;ei
2026-07-11;0,023;16;15;ei
2026-07-12;0,021;15;16,3;ei
2026-07-13;0,018;14;17,4;ei
2026-07-14;0,017;13;17,4;ei
2026-07-15;0,016;12;17;ei
2026-07-16;0,015;12;17;ei
2026-07-17;0,015;12;17,3;ei
2026-07-18;0,015;11;17,5;ei
2026-07-19;0,016;11;17,3;ei
2026-07-20;0,016;11;16,4;ei
2026-07-21;0,019;13;14,8;ei
2026-07-22;0,021;13;14,1;ei
2026-07-23;0,019;12;14,5;ei
2026-07-24;0,018;12;14,5;ei
2026-07-25;0,017;11;14,8;ei
2026-07-26;0,017;11;15,1;ei
2026-07-27;0,019;12;15,3;ei
2026-07-28;0,021;13;15,2;ei
2026-07-29;0,019;12;15,5;ei
2026-07-30;0,018;11;16,1;ei
2026-07-31;0,018;11;16,9;ei
2026-08-01;0,018;11;16,4;ei
2026-08-02;0,018;11;16;ei
2026-08-03;0,018;10;15,7;ei
2026-08-04;0,018;10;15,7;ei
2026-08-05;0,018;10;15,7;ei
2026-08-06;0,018;10;16,6;ei
2026-08-07;0,019;10;16,6;ei
2026-08-08;0,019;10;16,2;ei
2026-08-09;0,019;10;15,9;ei
2026-08-10;0,019;10;15,8;ei
2026-08-11;0,019;10;15,3;ei
2026-08-12;0,02;10;14,7;ei
2026-08-13;0,02;10;14,2;ei
2026-08-14;0,02;10;15,1;ei
2026-08-15;0,02;10;15,9;ei
2026-08-16;0,02;10;16,3;ei
2026-08-17;0,02;10;15,7;ei
2026-08-18;0,02;10;14,6;ei
2026-08-19;0,02;10;13,9;ei
2026-08-20;0,02;10;14,1;ei
2026-08-21;0,021;10;14,4;ei
2026-08-22;0,033;13;14,4;ei
2026-08-23;0,38;58;14,5;ei
2026-08-24;0,318;53;14,9;ei
2026-08-25;0,148;34;14,5;ei
2026-08-26;0,097;27;13,7;ei
2026-08-27;0,073;22;13,3;ei
2026-08-28;0,061;20;13,7;ei
2026-08-29;0,053;18;14,4;ei
2026-08-30;0,05;17;14,9;ei
2026-08-31;0,049;17;15,3;ei
2026-09-01;0,054;18;14,9;ei
2026-09-02;0,066;20;14,6;ei
2026-09-03;0,061;19;14,4;ei
2026-09-04;0,064;20;13,9;ei
2026-09-05;0,075;22;13,6;ei
2026-09-06;0,071;21;13,1;ei
2026-09-07;0,066;20;12,6;ei
2026-09-08;0,058;19;13,3;ei
2026-09-09;0,06;19;14;ei
2026-09-10;0,118;29;13,8;ei
2026-09-11;0,19;38;13,2;ei
2026-09-12;0,15;34;12,5;ei
2026-09-13;0,113;28;13,1;ei
2026-09-14;0,096;26;13,2;ei
2026-09-15;0,08;23;11,6;ei
2026-09-16;0,072;21;12,3;ei
2026-09-17;0,08;23;12,8;ei
2026-09-18;0,085;24;12,7;ei
2026-09-19;0,116;29;12,9;ei
2026-09-20;0,125;30;13,4;ei
2026-09-21;0,132;31;12,6;ei
2026-09-22;0,162;35;12,1;ei
